current timestep 0
num of flexible agents: 16000
num of flexible tasks: 24000
Solving time: 0.174676 seconds
plan limit 796
compute initial stop until 0
current timestep 1
num of flexible agents: 15604
num of flexible tasks: 23604
Solving time: 0.156028 seconds
plan limit 817
compute initial stop until 884
current timestep 2
num of flexible agents: 15279
num of flexible tasks: 23279
Solving time: 0.147875 seconds
plan limit 825
compute initial stop until 2245
current timestep 3
num of flexible agents: 15001
num of flexible tasks: 23001
Solving time: 0.154721 seconds
plan limit 818
compute initial stop until 3172
current timestep 4
num of flexible agents: 14719
num of flexible tasks: 22719
Solving time: 0.15384 seconds
plan limit 819
compute initial stop until 3630
current timestep 5
num of flexible agents: 14465
num of flexible tasks: 22465
Solving time: 0.149776 seconds
plan limit 822
compute initial stop until 4063
current timestep 6
num of flexible agents: 14199
num of flexible tasks: 22199
Solving time: 0.143761 seconds
plan limit 829
compute initial stop until 4397
current timestep 7
num of flexible agents: 13990
num of flexible tasks: 21990
Solving time: 0.137171 seconds
plan limit 835
compute initial stop until 4725
current timestep 8
num of flexible agents: 13765
num of flexible tasks: 21765
Solving time: 0.149257 seconds
plan limit 823
compute initial stop until 5015
current timestep 9
num of flexible agents: 13554
num of flexible tasks: 21554
Solving time: 0.135927 seconds
plan limit 836
compute initial stop until 5283
current timestep 10
num of flexible agents: 13335
num of flexible tasks: 21335
Solving time: 0.143047 seconds
plan limit 829
compute initial stop until 5528
current timestep 11
num of flexible agents: 13121
num of flexible tasks: 21121
Solving time: 0.136428 seconds
plan limit 835
compute initial stop until 5793
current timestep 12
num of flexible agents: 12914
num of flexible tasks: 20914
Solving time: 0.130042 seconds
plan limit 841
compute initial stop until 5977
current timestep 13
num of flexible agents: 12700
num of flexible tasks: 20700
Solving time: 0.135364 seconds
plan limit 836
compute initial stop until 6096
current timestep 14
num of flexible agents: 12474
num of flexible tasks: 20474
Solving time: 0.130256 seconds
plan limit 841
compute initial stop until 6242
current timestep 15
num of flexible agents: 12270
num of flexible tasks: 20270
Solving time: 0.13193 seconds
plan limit 839
compute initial stop until 6506
current timestep 16
num of flexible agents: 12073
num of flexible tasks: 20073
Solving time: 0.138598 seconds
plan limit 832
compute initial stop until 6633
current timestep 17
num of flexible agents: 11876
num of flexible tasks: 19876
Solving time: 0.134403 seconds
plan limit 837
compute initial stop until 6786
current timestep 18
num of flexible agents: 11704
num of flexible tasks: 19704
Solving time: 0.136083 seconds
plan limit 834
compute initial stop until 7050
current timestep 19
num of flexible agents: 11503
num of flexible tasks: 19503
Solving time: 0.128466 seconds
plan limit 842
compute initial stop until 7170
current timestep 20
num of flexible agents: 11303
num of flexible tasks: 19303
Solving time: 0.138248 seconds
plan limit 832
compute initial stop until 7289
current timestep 21
num of flexible agents: 11106
num of flexible tasks: 19106
Solving time: 0.123613 seconds
plan limit 847
compute initial stop until 7401
current timestep 22
num of flexible agents: 10932
num of flexible tasks: 18932
Solving time: 0.125687 seconds
plan limit 844
compute initial stop until 7549
current timestep 23
num of flexible agents: 10774
num of flexible tasks: 18774
Solving time: 0.114546 seconds
plan limit 856
compute initial stop until 7774
current timestep 24
num of flexible agents: 10597
num of flexible tasks: 18597
Solving time: 0.113763 seconds
plan limit 856
compute initial stop until 7942
current timestep 25
num of flexible agents: 10412
num of flexible tasks: 18412
Solving time: 0.114789 seconds
plan limit 855
compute initial stop until 8098
current timestep 26
num of flexible agents: 10252
num of flexible tasks: 18252
Solving time: 0.111098 seconds
plan limit 858
compute initial stop until 8298
current timestep 27
num of flexible agents: 10095
num of flexible tasks: 18095
Solving time: 0.117572 seconds
plan limit 851
compute initial stop until 8464
current timestep 28
num of flexible agents: 9934
num of flexible tasks: 17934
Solving time: 0.111524 seconds
plan limit 858
compute initial stop until 8633
current timestep 29
num of flexible agents: 9790
num of flexible tasks: 17790
Solving time: 0.11792 seconds
plan limit 851
compute initial stop until 8825
current timestep 30
num of flexible agents: 9651
num of flexible tasks: 17651
Solving time: 0.114551 seconds
plan limit 855
compute initial stop until 8992
current timestep 31
num of flexible agents: 9504
num of flexible tasks: 17504
Solving time: 0.117144 seconds
plan limit 851
compute initial stop until 9134
current timestep 32
num of flexible agents: 9362
num of flexible tasks: 17362
Solving time: 0.112456 seconds
plan limit 856
compute initial stop until 9272
current timestep 33
num of flexible agents: 9217
num of flexible tasks: 17217
Solving time: 0.112202 seconds
plan limit 855
compute initial stop until 9422
current timestep 34
num of flexible agents: 9092
num of flexible tasks: 17092
Solving time: 0.109068 seconds
plan limit 859
compute initial stop until 9571
current timestep 35
num of flexible agents: 8961
num of flexible tasks: 16961
Solving time: 0.103229 seconds
plan limit 865
compute initial stop until 9714
current timestep 36
num of flexible agents: 8840
num of flexible tasks: 16840
Solving time: 0.105209 seconds
plan limit 863
compute initial stop until 9883
current timestep 37
num of flexible agents: 8700
num of flexible tasks: 16700
Solving time: 0.0942491 seconds
plan limit 874
compute initial stop until 10058
current timestep 38
num of flexible agents: 8580
num of flexible tasks: 16580
Solving time: 0.0888353 seconds
plan limit 879
compute initial stop until 10217
current timestep 39
num of flexible agents: 8452
num of flexible tasks: 16452
Solving time: 0.078315 seconds
plan limit 890
compute initial stop until 10428
current timestep 40
num of flexible agents: 8320
num of flexible tasks: 16320
Solving time: 0.0894053 seconds
plan limit 878
compute initial stop until 10570
current timestep 41
num of flexible agents: 8218
num of flexible tasks: 16218
Solving time: 0.0764071 seconds
plan limit 891
compute initial stop until 10814
current timestep 42
num of flexible agents: 8112
num of flexible tasks: 16112
Solving time: 0.0800227 seconds
plan limit 887
compute initial stop until 10977
current timestep 43
num of flexible agents: 8009
num of flexible tasks: 16009
Solving time: 0.0776944 seconds
plan limit 889
compute initial stop until 11163
current timestep 44
num of flexible agents: 7915
num of flexible tasks: 15915
Solving time: 0.0832834 seconds
plan limit 884
compute initial stop until 11356
current timestep 45
num of flexible agents: 7824
num of flexible tasks: 15824
Solving time: 0.0774592 seconds
plan limit 890
compute initial stop until 11556
current timestep 46
num of flexible agents: 7722
num of flexible tasks: 15722
Solving time: 0.0830806 seconds
plan limit 883
compute initial stop until 11764
current timestep 47
num of flexible agents: 7636
num of flexible tasks: 15636
Solving time: 0.0753283 seconds
plan limit 892
compute initial stop until 11975
current timestep 48
num of flexible agents: 7543
num of flexible tasks: 15543
Solving time: 0.0761498 seconds
plan limit 890
compute initial stop until 12134
current timestep 49
num of flexible agents: 7470
num of flexible tasks: 15470
Solving time: 0.07253 seconds
plan limit 894
compute initial stop until 12326
current timestep 50
num of flexible agents: 7368
num of flexible tasks: 15368
Solving time: 0.0753447 seconds
plan limit 891
compute initial stop until 12473
current timestep 51
num of flexible agents: 7275
num of flexible tasks: 15275
Solving time: 0.0773886 seconds
plan limit 888
compute initial stop until 12685
current timestep 52
num of flexible agents: 7179
num of flexible tasks: 15179
Solving time: 0.0716958 seconds
plan limit 894
compute initial stop until 12855
current timestep 53
num of flexible agents: 7101
num of flexible tasks: 15101
Solving time: 0.0718837 seconds
plan limit 894
compute initial stop until 13038
current timestep 54
num of flexible agents: 7020
num of flexible tasks: 15020
Solving time: 0.0714974 seconds
plan limit 894
compute initial stop until 13233
current timestep 55
num of flexible agents: 6934
num of flexible tasks: 14934
Solving time: 0.0708921 seconds
plan limit 895
compute initial stop until 13413
current timestep 56
num of flexible agents: 6858
num of flexible tasks: 14858
Solving time: 0.0893776 seconds
plan limit 875
compute initial stop until 13575
current timestep 57
num of flexible agents: 6788
num of flexible tasks: 14788
Solving time: 0.0867533 seconds
plan limit 878
compute initial stop until 13762
current timestep 58
num of flexible agents: 6701
num of flexible tasks: 14701
Solving time: 0.0841103 seconds
plan limit 881
compute initial stop until 13921
current timestep 59
num of flexible agents: 6635
num of flexible tasks: 14635
Solving time: 0.0814705 seconds
plan limit 883
compute initial stop until 14083
current timestep 60
num of flexible agents: 6580
num of flexible tasks: 14580
Solving time: 0.0963854 seconds
plan limit 868
compute initial stop until 14261
current timestep 61
num of flexible agents: 6502
num of flexible tasks: 14502
Solving time: 0.103632 seconds
plan limit 860
compute initial stop until 14404
current timestep 62
num of flexible agents: 6429
num of flexible tasks: 14429
Solving time: 0.0838568 seconds
plan limit 880
compute initial stop until 14561
current timestep 63
num of flexible agents: 6356
num of flexible tasks: 14356
Solving time: 0.0967587 seconds
plan limit 867
compute initial stop until 14722
current timestep 64
num of flexible agents: 6283
num of flexible tasks: 14283
Solving time: 0.0667732 seconds
plan limit 897
compute initial stop until 14904
current timestep 65
num of flexible agents: 6219
num of flexible tasks: 14219
Solving time: 0.085425 seconds
plan limit 878
compute initial stop until 15032
current timestep 66
num of flexible agents: 6144
num of flexible tasks: 14144
Solving time: 0.0799716 seconds
plan limit 883
compute initial stop until 15177
current timestep 67
num of flexible agents: 6061
num of flexible tasks: 14061
Solving time: 0.0846922 seconds
plan limit 878
compute initial stop until 15307
current timestep 68
num of flexible agents: 5988
num of flexible tasks: 13988
Solving time: 0.0827811 seconds
plan limit 881
compute initial stop until 15436
current timestep 69
num of flexible agents: 5923
num of flexible tasks: 13923
Solving time: 0.0987845 seconds
plan limit 865
compute initial stop until 15592
current timestep 70
num of flexible agents: 5862
num of flexible tasks: 13862
Solving time: 0.100075 seconds
plan limit 863
compute initial stop until 15712
current timestep 71
num of flexible agents: 5790
num of flexible tasks: 13790
Solving time: 0.099108 seconds
plan limit 864
compute initial stop until 15854
current timestep 72
num of flexible agents: 5735
num of flexible tasks: 13735
Solving time: 0.102171 seconds
plan limit 860
compute initial stop until 15994
current timestep 73
num of flexible agents: 5681
num of flexible tasks: 13681
Solving time: 0.10071 seconds
plan limit 862
current timestep 74
num of flexible agents: 5633
num of flexible tasks: 13633
Solving time: 0.0908235 seconds
plan limit 871
current timestep 75
num of flexible agents: 5577
num of flexible tasks: 13577
Solving time: 0.0862672 seconds
plan limit 877
current timestep 76
num of flexible agents: 5524
num of flexible tasks: 13524
Solving time: 0.0837325 seconds
plan limit 879
current timestep 77
num of flexible agents: 5467
num of flexible tasks: 13467
Solving time: 0.098022 seconds
plan limit 864
current timestep 78
num of flexible agents: 5410
num of flexible tasks: 13410
Solving time: 0.0966594 seconds
plan limit 866
current timestep 79
num of flexible agents: 5357
num of flexible tasks: 13357
Solving time: 0.096027 seconds
plan limit 867
current timestep 80
num of flexible agents: 5302
num of flexible tasks: 13302
Solving time: 0.0920042 seconds
plan limit 870
current timestep 81
num of flexible agents: 5241
num of flexible tasks: 13241
Solving time: 0.0964235 seconds
plan limit 866
current timestep 82
num of flexible agents: 5194
num of flexible tasks: 13194
Solving time: 0.0971729 seconds
plan limit 864
current timestep 83
num of flexible agents: 5142
num of flexible tasks: 13142
Solving time: 0.0962179 seconds
plan limit 865
current timestep 84
num of flexible agents: 5104
num of flexible tasks: 13104
Solving time: 0.101608 seconds
plan limit 860
current timestep 85
num of flexible agents: 5047
num of flexible tasks: 13047
Solving time: 0.0962711 seconds
plan limit 866
current timestep 86
num of flexible agents: 5003
num of flexible tasks: 13003
Solving time: 0.100821 seconds
plan limit 860
current timestep 87
num of flexible agents: 4973
num of flexible tasks: 12973
Solving time: 0.0920572 seconds
plan limit 870
current timestep 88
num of flexible agents: 4916
num of flexible tasks: 12916
Solving time: 0.101068 seconds
plan limit 860
current timestep 89
num of flexible agents: 4876
num of flexible tasks: 12876
Solving time: 0.097108 seconds
plan limit 865
current timestep 90
num of flexible agents: 4827
num of flexible tasks: 12827
Solving time: 0.101363 seconds
plan limit 860
current timestep 91
num of flexible agents: 4793
num of flexible tasks: 12793
Solving time: 0.0934766 seconds
plan limit 868
current timestep 92
num of flexible agents: 4756
num of flexible tasks: 12756
Solving time: 0.0992168 seconds
plan limit 863
current timestep 93
num of flexible agents: 4725
num of flexible tasks: 12725
Solving time: 0.093256 seconds
plan limit 869
current timestep 94
num of flexible agents: 4692
num of flexible tasks: 12692
Solving time: 0.0975926 seconds
plan limit 863
current timestep 95
num of flexible agents: 4650
num of flexible tasks: 12650
Solving time: 0.0920769 seconds
plan limit 869
current timestep 96
num of flexible agents: 4621
num of flexible tasks: 12621
Solving time: 0.0991238 seconds
plan limit 861
current timestep 97
num of flexible agents: 4584
num of flexible tasks: 12584
Solving time: 0.0916261 seconds
plan limit 870
current timestep 98
num of flexible agents: 4547
num of flexible tasks: 12547
Solving time: 0.0951028 seconds
plan limit 866
current timestep 99
num of flexible agents: 4508
num of flexible tasks: 12508
Solving time: 0.090931 seconds
plan limit 871
current timestep 100
num of flexible agents: 4481
num of flexible tasks: 12481
Solving time: 0.0947024 seconds
plan limit 866
current timestep 101
num of flexible agents: 4440
num of flexible tasks: 12440
Solving time: 0.0922908 seconds
plan limit 869
current timestep 102
num of flexible agents: 4396
num of flexible tasks: 12396
Solving time: 0.0987855 seconds
plan limit 862
current timestep 103
num of flexible agents: 4367
num of flexible tasks: 12367
Solving time: 0.0925044 seconds
plan limit 869
current timestep 104
num of flexible agents: 4336
num of flexible tasks: 12336
Solving time: 0.09134 seconds
plan limit 868
current timestep 105
num of flexible agents: 4298
num of flexible tasks: 12298
Solving time: 0.0887598 seconds
plan limit 872
current timestep 106
num of flexible agents: 4259
num of flexible tasks: 12259
Solving time: 0.0911272 seconds
plan limit 870
current timestep 107
num of flexible agents: 4236
num of flexible tasks: 12236
Solving time: 0.0903435 seconds
plan limit 871
current timestep 108
num of flexible agents: 4200
num of flexible tasks: 12200
Solving time: 0.0884391 seconds
plan limit 872
current timestep 109
num of flexible agents: 4160
num of flexible tasks: 12160
Solving time: 0.0868143 seconds
plan limit 874
current timestep 110
num of flexible agents: 4133
num of flexible tasks: 12133
Solving time: 0.0843626 seconds
plan limit 876
current timestep 111
num of flexible agents: 4083
num of flexible tasks: 12083
Solving time: 0.0890662 seconds
plan limit 872
current timestep 112
num of flexible agents: 4068
num of flexible tasks: 12068
Solving time: 0.0878527 seconds
plan limit 873
current timestep 113
num of flexible agents: 4030
num of flexible tasks: 12030
Solving time: 0.0882349 seconds
plan limit 873
current timestep 114
num of flexible agents: 3991
num of flexible tasks: 11991
Solving time: 0.082768 seconds
plan limit 878
current timestep 115
num of flexible agents: 3961
num of flexible tasks: 11961
Solving time: 0.0848838 seconds
plan limit 876
current timestep 116
num of flexible agents: 3930
num of flexible tasks: 11930
Solving time: 0.0837746 seconds
plan limit 877
current timestep 117
num of flexible agents: 3905
num of flexible tasks: 11905
Solving time: 0.0851243 seconds
plan limit 875
current timestep 118
num of flexible agents: 3884
num of flexible tasks: 11884
Solving time: 0.0904257 seconds
plan limit 870
current timestep 119
num of flexible agents: 3864
num of flexible tasks: 11864
Solving time: 0.088247 seconds
plan limit 871
current timestep 120
num of flexible agents: 3843
num of flexible tasks: 11843
Solving time: 0.0906611 seconds
plan limit 869
current timestep 121
num of flexible agents: 3829
num of flexible tasks: 11829
Solving time: 0.0888739 seconds
plan limit 870
current timestep 122
num of flexible agents: 3803
num of flexible tasks: 11803
Solving time: 0.0881751 seconds
plan limit 871
current timestep 123
num of flexible agents: 3786
num of flexible tasks: 11786
Solving time: 0.0922292 seconds
plan limit 867
current timestep 124
num of flexible agents: 3755
num of flexible tasks: 11755
Solving time: 0.0894841 seconds
plan limit 870
current timestep 125
num of flexible agents: 3730
num of flexible tasks: 11730
Solving time: 0.095842 seconds
plan limit 864
current timestep 126
num of flexible agents: 3704
num of flexible tasks: 11704
Solving time: 0.0919407 seconds
plan limit 868
current timestep 127
num of flexible agents: 3689
num of flexible tasks: 11689
Solving time: 0.0967167 seconds
plan limit 863
current timestep 128
num of flexible agents: 3671
num of flexible tasks: 11671
Solving time: 0.090139 seconds
plan limit 869
current timestep 129
num of flexible agents: 3645
num of flexible tasks: 11645
Solving time: 0.0989771 seconds
plan limit 860
current timestep 130
num of flexible agents: 3625
num of flexible tasks: 11625
Solving time: 0.091191 seconds
plan limit 868
current timestep 131
num of flexible agents: 3604
num of flexible tasks: 11604
Solving time: 0.0989465 seconds
plan limit 861
current timestep 132
num of flexible agents: 3591
num of flexible tasks: 11591
Solving time: 0.09079 seconds
plan limit 869
current timestep 133
num of flexible agents: 3574
num of flexible tasks: 11574
Solving time: 0.0969792 seconds
plan limit 862
current timestep 134
num of flexible agents: 3561
num of flexible tasks: 11561
Solving time: 0.0942898 seconds
plan limit 865
current timestep 135
num of flexible agents: 3549
num of flexible tasks: 11549
Solving time: 0.093695 seconds
plan limit 865
current timestep 136
num of flexible agents: 3539
num of flexible tasks: 11539
Solving time: 0.0890085 seconds
plan limit 870
current timestep 137
num of flexible agents: 3516
num of flexible tasks: 11516
Solving time: 0.0958649 seconds
plan limit 863
current timestep 138
num of flexible agents: 3523
num of flexible tasks: 11523
Solving time: 0.0899498 seconds
plan limit 870
current timestep 139
num of flexible agents: 3512
num of flexible tasks: 11512
Solving time: 0.0912956 seconds
plan limit 867
current timestep 140
num of flexible agents: 3489
num of flexible tasks: 11489
Solving time: 0.0892685 seconds
plan limit 868
current timestep 141
num of flexible agents: 3467
num of flexible tasks: 11467
Solving time: 0.0909382 seconds
plan limit 868
current timestep 142
num of flexible agents: 3444
num of flexible tasks: 11444
Solving time: 0.0931157 seconds
plan limit 867
current timestep 143
num of flexible agents: 3425
num of flexible tasks: 11425
Solving time: 0.0924134 seconds
plan limit 866
current timestep 144
num of flexible agents: 3410
num of flexible tasks: 11410
Solving time: 0.0903492 seconds
plan limit 869
current timestep 145
num of flexible agents: 3409
num of flexible tasks: 11409
Solving time: 0.089645 seconds
plan limit 868
current timestep 146
num of flexible agents: 3400
num of flexible tasks: 11400
Solving time: 0.0892577 seconds
plan limit 870
current timestep 147
num of flexible agents: 3389
num of flexible tasks: 11389
Solving time: 0.0859689 seconds
plan limit 874
current timestep 148
num of flexible agents: 3371
num of flexible tasks: 11371
Solving time: 0.0906692 seconds
plan limit 869
current timestep 149
num of flexible agents: 3363
num of flexible tasks: 11363
Solving time: 0.0871834 seconds
plan limit 872
current timestep 150
num of flexible agents: 3350
num of flexible tasks: 11350
Solving time: 0.0877384 seconds
plan limit 871
current timestep 151
num of flexible agents: 3347
num of flexible tasks: 11347
Solving time: 0.0870851 seconds
plan limit 872
current timestep 152
num of flexible agents: 3334
num of flexible tasks: 11334
Solving time: 0.0926779 seconds
plan limit 865
current timestep 153
num of flexible agents: 3343
num of flexible tasks: 11343
Solving time: 0.0888708 seconds
plan limit 870
current timestep 154
num of flexible agents: 3330
num of flexible tasks: 11330
Solving time: 0.0915904 seconds
plan limit 867
current timestep 155
num of flexible agents: 3327
num of flexible tasks: 11327
Solving time: 0.0916894 seconds
plan limit 868
current timestep 156
num of flexible agents: 3325
num of flexible tasks: 11325
Solving time: 0.0922322 seconds
plan limit 867
current timestep 157
num of flexible agents: 3309
num of flexible tasks: 11309
Solving time: 0.0915785 seconds
plan limit 868
current timestep 158
num of flexible agents: 3295
num of flexible tasks: 11295
Solving time: 0.092359 seconds
plan limit 867
current timestep 159
num of flexible agents: 3295
num of flexible tasks: 11295
Solving time: 0.0940351 seconds
plan limit 866
current timestep 160
num of flexible agents: 3294
num of flexible tasks: 11294
Solving time: 0.0915969 seconds
plan limit 868
current timestep 161
num of flexible agents: 3285
num of flexible tasks: 11285
Solving time: 0.096226 seconds
plan limit 863
current timestep 162
num of flexible agents: 3273
num of flexible tasks: 11273
Solving time: 0.0941157 seconds
plan limit 863
current timestep 163
num of flexible agents: 3263
num of flexible tasks: 11263
Solving time: 0.0954529 seconds
plan limit 863
current timestep 164
num of flexible agents: 3266
num of flexible tasks: 11266
Solving time: 0.0963661 seconds
plan limit 862
current timestep 165
num of flexible agents: 3256
num of flexible tasks: 11256
Solving time: 0.0950908 seconds
plan limit 864
current timestep 166
num of flexible agents: 3249
num of flexible tasks: 11249
Solving time: 0.0974453 seconds
plan limit 860
current timestep 167
num of flexible agents: 3243
num of flexible tasks: 11243
Solving time: 0.0976528 seconds
plan limit 862
current timestep 168
num of flexible agents: 3228
num of flexible tasks: 11228
Solving time: 0.102468 seconds
plan limit 855
current timestep 169
num of flexible agents: 3209
num of flexible tasks: 11209
Solving time: 0.0955001 seconds
plan limit 863
current timestep 170
num of flexible agents: 3186
num of flexible tasks: 11186
Solving time: 0.0953502 seconds
plan limit 864
current timestep 171
num of flexible agents: 3182
num of flexible tasks: 11182
Solving time: 0.0936586 seconds
plan limit 865
current timestep 172
num of flexible agents: 3185
num of flexible tasks: 11185
Solving time: 0.0948195 seconds
plan limit 864
current timestep 173
num of flexible agents: 3176
num of flexible tasks: 11176
Solving time: 0.0890432 seconds
plan limit 870
current timestep 174
num of flexible agents: 3169
num of flexible tasks: 11169
Solving time: 0.0970316 seconds
plan limit 861
current timestep 175
num of flexible agents: 3155
num of flexible tasks: 11155
Solving time: 0.091268 seconds
plan limit 867
current timestep 176
num of flexible agents: 3144
num of flexible tasks: 11144
Solving time: 0.0936221 seconds
plan limit 865
current timestep 177
num of flexible agents: 3138
num of flexible tasks: 11138
Solving time: 0.0914924 seconds
plan limit 867
current timestep 178
num of flexible agents: 3124
num of flexible tasks: 11124
Solving time: 0.0956863 seconds
plan limit 862
current timestep 179
num of flexible agents: 3130
num of flexible tasks: 11130
Solving time: 0.0898044 seconds
plan limit 869
current timestep 180
num of flexible agents: 3133
num of flexible tasks: 11133
Solving time: 0.0989982 seconds
plan limit 858
current timestep 181
num of flexible agents: 3140
num of flexible tasks: 11140
Solving time: 0.0906634 seconds
plan limit 868
current timestep 182
num of flexible agents: 3130
num of flexible tasks: 11130
Solving time: 0.0984201 seconds
plan limit 859
current timestep 183
num of flexible agents: 3127
num of flexible tasks: 11127
Solving time: 0.094089 seconds
plan limit 864
current timestep 184
num of flexible agents: 3116
num of flexible tasks: 11116
Solving time: 0.100142 seconds
plan limit 858
current timestep 185
num of flexible agents: 3123
num of flexible tasks: 11123
Solving time: 0.0952336 seconds
plan limit 863
current timestep 186
num of flexible agents: 3113
num of flexible tasks: 11113
Solving time: 0.096117 seconds
plan limit 862
current timestep 187
num of flexible agents: 3109
num of flexible tasks: 11109
Solving time: 0.0915286 seconds
plan limit 867
current timestep 188
num of flexible agents: 3105
num of flexible tasks: 11105
Solving time: 0.0926776 seconds
plan limit 865
current timestep 189
num of flexible agents: 3106
num of flexible tasks: 11106
Solving time: 0.0928126 seconds
plan limit 865
current timestep 190
num of flexible agents: 3096
num of flexible tasks: 11096
Solving time: 0.0894066 seconds
plan limit 868
current timestep 191
num of flexible agents: 3101
num of flexible tasks: 11101
Solving time: 0.0922345 seconds
plan limit 866
current timestep 192
num of flexible agents: 3086
num of flexible tasks: 11086
Solving time: 0.0906722 seconds
plan limit 867
current timestep 193
num of flexible agents: 3089
num of flexible tasks: 11089
Solving time: 0.0924486 seconds
plan limit 865
current timestep 194
num of flexible agents: 3074
num of flexible tasks: 11074
Solving time: 0.096242 seconds
plan limit 861
current timestep 195
num of flexible agents: 3073
num of flexible tasks: 11073
Solving time: 0.0944777 seconds
plan limit 864
current timestep 196
num of flexible agents: 3068
num of flexible tasks: 11068
Solving time: 0.0905794 seconds
plan limit 867
current timestep 197
num of flexible agents: 3054
num of flexible tasks: 11054
Solving time: 0.0887242 seconds
plan limit 869
current timestep 198
num of flexible agents: 3034
num of flexible tasks: 11034
Solving time: 0.0925643 seconds
plan limit 865
current timestep 199
num of flexible agents: 3036
num of flexible tasks: 11036
Solving time: 0.087531 seconds
plan limit 870
current timestep 200
num of flexible agents: 3032
num of flexible tasks: 11032
Solving time: 0.0881495 seconds
plan limit 869
current timestep 201
num of flexible agents: 3021
num of flexible tasks: 11021
Solving time: 0.0884066 seconds
plan limit 870
current timestep 202
num of flexible agents: 3025
num of flexible tasks: 11025
Solving time: 0.0885639 seconds
plan limit 870
current timestep 203
num of flexible agents: 3030
num of flexible tasks: 11030
Solving time: 0.090007 seconds
plan limit 868
current timestep 204
num of flexible agents: 3027
num of flexible tasks: 11027
Solving time: 0.088827 seconds
plan limit 870
current timestep 205
num of flexible agents: 3026
num of flexible tasks: 11026
Solving time: 0.0916137 seconds
plan limit 867
current timestep 206
num of flexible agents: 3032
num of flexible tasks: 11032
Solving time: 0.0904299 seconds
plan limit 867
current timestep 207
num of flexible agents: 3020
num of flexible tasks: 11020
Solving time: 0.0923333 seconds
plan limit 864
current timestep 208
num of flexible agents: 3005
num of flexible tasks: 11005
Solving time: 0.0949852 seconds
plan limit 863
current timestep 209
num of flexible agents: 3006
num of flexible tasks: 11006
Solving time: 0.0901403 seconds
plan limit 866
current timestep 210
num of flexible agents: 2991
num of flexible tasks: 10991
Solving time: 0.0869793 seconds
plan limit 872
current timestep 211
num of flexible agents: 2991
num of flexible tasks: 10991
Solving time: 0.090131 seconds
plan limit 866
current timestep 212
num of flexible agents: 2984
num of flexible tasks: 10984
Solving time: 0.0878358 seconds
plan limit 869
current timestep 213
num of flexible agents: 2974
num of flexible tasks: 10974
Solving time: 0.088845 seconds
plan limit 868
current timestep 214
num of flexible agents: 2983
num of flexible tasks: 10983
Solving time: 0.0897154 seconds
plan limit 868
current timestep 215
num of flexible agents: 2976
num of flexible tasks: 10976
Solving time: 0.0927193 seconds
plan limit 864
current timestep 216
num of flexible agents: 2980
num of flexible tasks: 10980
Solving time: 0.0932071 seconds
plan limit 864
current timestep 217
num of flexible agents: 2992
num of flexible tasks: 10992
Solving time: 0.100697 seconds
plan limit 855
current timestep 218
num of flexible agents: 2994
num of flexible tasks: 10994
Solving time: 0.0908288 seconds
plan limit 866
current timestep 219
num of flexible agents: 2984
num of flexible tasks: 10984
Solving time: 0.100204 seconds
plan limit 856
current timestep 220
num of flexible agents: 2978
num of flexible tasks: 10978
Solving time: 0.0917829 seconds
plan limit 865
current timestep 221
num of flexible agents: 2988
num of flexible tasks: 10988
Solving time: 0.099716 seconds
plan limit 858
current timestep 222
num of flexible agents: 3000
num of flexible tasks: 11000
Solving time: 0.0919333 seconds
plan limit 865
current timestep 223
num of flexible agents: 2992
num of flexible tasks: 10992
Solving time: 0.0984621 seconds
plan limit 859
current timestep 224
num of flexible agents: 2987
num of flexible tasks: 10987
Solving time: 0.0914988 seconds
plan limit 866
current timestep 225
num of flexible agents: 2988
num of flexible tasks: 10988
Solving time: 0.100762 seconds
plan limit 857
current timestep 226
num of flexible agents: 3001
num of flexible tasks: 11001
Solving time: 0.0958473 seconds
plan limit 861
current timestep 227
num of flexible agents: 3004
num of flexible tasks: 11004
Solving time: 0.0974404 seconds
plan limit 859
current timestep 228
num of flexible agents: 2996
num of flexible tasks: 10996
Solving time: 0.0933258 seconds
plan limit 864
current timestep 229
num of flexible agents: 3009
num of flexible tasks: 11009
Solving time: 0.0965285 seconds
plan limit 860
current timestep 230
num of flexible agents: 3017
num of flexible tasks: 11017
Solving time: 0.0920271 seconds
plan limit 865
current timestep 231
num of flexible agents: 3021
num of flexible tasks: 11021
Solving time: 0.0987431 seconds
plan limit 858
current timestep 232
num of flexible agents: 3020
num of flexible tasks: 11020
Solving time: 0.0986868 seconds
plan limit 859
current timestep 233
num of flexible agents: 3015
num of flexible tasks: 11015
Solving time: 0.105845 seconds
plan limit 850
current timestep 234
num of flexible agents: 3000
num of flexible tasks: 11000
Solving time: 0.0919191 seconds
plan limit 866
current timestep 235
num of flexible agents: 3006
num of flexible tasks: 11006
Solving time: 0.093309 seconds
plan limit 863
current timestep 236
num of flexible agents: 3005
num of flexible tasks: 11005
Solving time: 0.0914267 seconds
plan limit 864
current timestep 237
num of flexible agents: 3003
num of flexible tasks: 11003
Solving time: 0.0972207 seconds
plan limit 859
current timestep 238
num of flexible agents: 2999
num of flexible tasks: 10999
Solving time: 0.0931584 seconds
plan limit 862
current timestep 239
num of flexible agents: 2991
num of flexible tasks: 10991
Solving time: 0.0921062 seconds
plan limit 864
current timestep 240
num of flexible agents: 2985
num of flexible tasks: 10985
Solving time: 0.093518 seconds
plan limit 863
current timestep 241
num of flexible agents: 2988
num of flexible tasks: 10988
Solving time: 0.0913224 seconds
plan limit 867
current timestep 242
num of flexible agents: 2994
num of flexible tasks: 10994
Solving time: 0.094414 seconds
plan limit 862
current timestep 243
num of flexible agents: 3009
num of flexible tasks: 11009
Solving time: 0.0920783 seconds
plan limit 865
current timestep 244
num of flexible agents: 3022
num of flexible tasks: 11022
Solving time: 0.0920892 seconds
plan limit 865
current timestep 245
num of flexible agents: 3018
num of flexible tasks: 11018
Solving time: 0.0920216 seconds
plan limit 865
current timestep 246
num of flexible agents: 3025
num of flexible tasks: 11025
Solving time: 0.0923296 seconds
plan limit 865
current timestep 247
num of flexible agents: 3035
num of flexible tasks: 11035
Solving time: 0.0939638 seconds
plan limit 863
current timestep 248
num of flexible agents: 3038
num of flexible tasks: 11038
Solving time: 0.0955134 seconds
plan limit 861
current timestep 249
num of flexible agents: 3043
num of flexible tasks: 11043
Solving time: 0.0935064 seconds
plan limit 863
current timestep 250
num of flexible agents: 3048
num of flexible tasks: 11048
Solving time: 0.0919649 seconds
plan limit 865
current timestep 251
num of flexible agents: 3051
num of flexible tasks: 11051
Solving time: 0.0948687 seconds
plan limit 862
current timestep 252
num of flexible agents: 3059
num of flexible tasks: 11059
Solving time: 0.102082 seconds
plan limit 855
current timestep 253
num of flexible agents: 3040
num of flexible tasks: 11040
Solving time: 0.0924957 seconds
plan limit 865
current timestep 254
num of flexible agents: 3056
num of flexible tasks: 11056
Solving time: 0.0959746 seconds
plan limit 861
current timestep 255
num of flexible agents: 3051
num of flexible tasks: 11051
Solving time: 0.0967971 seconds
plan limit 860
current timestep 256
num of flexible agents: 3065
num of flexible tasks: 11065
Solving time: 0.0955161 seconds
plan limit 859
current timestep 257
num of flexible agents: 3077
num of flexible tasks: 11077
Solving time: 0.0978826 seconds
plan limit 858
current timestep 258
num of flexible agents: 3072
num of flexible tasks: 11072
Solving time: 0.097121 seconds
plan limit 859
current timestep 259
num of flexible agents: 3072
num of flexible tasks: 11072
Solving time: 0.0946986 seconds
plan limit 862
current timestep 260
num of flexible agents: 3075
num of flexible tasks: 11075
Solving time: 0.0982541 seconds
plan limit 859
current timestep 261
num of flexible agents: 3080
num of flexible tasks: 11080
Solving time: 0.0950898 seconds
plan limit 862
current timestep 262
num of flexible agents: 3084
num of flexible tasks: 11084
Solving time: 0.0998516 seconds
plan limit 857
current timestep 263
num of flexible agents: 3095
num of flexible tasks: 11095
Solving time: 0.0932069 seconds
plan limit 864
current timestep 264
num of flexible agents: 3109
num of flexible tasks: 11109
Solving time: 0.0972467 seconds
plan limit 860
current timestep 265
num of flexible agents: 3114
num of flexible tasks: 11114
Solving time: 0.0915188 seconds
plan limit 866
current timestep 266
num of flexible agents: 3122
num of flexible tasks: 11122
Solving time: 0.0967908 seconds
plan limit 861
current timestep 267
num of flexible agents: 3121
num of flexible tasks: 11121
Solving time: 0.088886 seconds
plan limit 869
current timestep 268
num of flexible agents: 3134
num of flexible tasks: 11134
Solving time: 0.101607 seconds
plan limit 856
current timestep 269
num of flexible agents: 3148
num of flexible tasks: 11148
Solving time: 0.0938326 seconds
plan limit 863
current timestep 270
num of flexible agents: 3154
num of flexible tasks: 11154
Solving time: 0.10106 seconds
plan limit 855
current timestep 271
num of flexible agents: 3170
num of flexible tasks: 11170
Solving time: 0.0969725 seconds
plan limit 859
current timestep 272
num of flexible agents: 3177
num of flexible tasks: 11177
Solving time: 0.1027 seconds
plan limit 854
current timestep 273
num of flexible agents: 3182
num of flexible tasks: 11182
Solving time: 0.0973227 seconds
plan limit 859
current timestep 274
num of flexible agents: 3184
num of flexible tasks: 11184
Solving time: 0.106547 seconds
plan limit 850
current timestep 275
num of flexible agents: 3175
num of flexible tasks: 11175
Solving time: 0.106893 seconds
plan limit 850
current timestep 276
num of flexible agents: 3183
num of flexible tasks: 11183
Solving time: 0.0994569 seconds
plan limit 857
current timestep 277
num of flexible agents: 3188
num of flexible tasks: 11188
Solving time: 0.096739 seconds
plan limit 861
current timestep 278
num of flexible agents: 3180
num of flexible tasks: 11180
Solving time: 0.108963 seconds
plan limit 847
current timestep 279
num of flexible agents: 3181
num of flexible tasks: 11181
Solving time: 0.0967416 seconds
plan limit 860
current timestep 280
num of flexible agents: 3174
num of flexible tasks: 11174
Solving time: 0.0971826 seconds
plan limit 857
current timestep 281
num of flexible agents: 3172
num of flexible tasks: 11172
Solving time: 0.0960903 seconds
plan limit 861
current timestep 282
num of flexible agents: 3189
num of flexible tasks: 11189
Solving time: 0.100884 seconds
plan limit 854
current timestep 283
num of flexible agents: 3197
num of flexible tasks: 11197
Solving time: 0.0979474 seconds
plan limit 859
current timestep 284
num of flexible agents: 3194
num of flexible tasks: 11194
Solving time: 0.0988481 seconds
plan limit 858
current timestep 285
num of flexible agents: 3186
num of flexible tasks: 11186
Solving time: 0.0997299 seconds
plan limit 858
current timestep 286
num of flexible agents: 3194
num of flexible tasks: 11194
Solving time: 0.0973924 seconds
plan limit 859
current timestep 287
num of flexible agents: 3206
num of flexible tasks: 11206
Solving time: 0.0949014 seconds
plan limit 862
current timestep 288
num of flexible agents: 3211
num of flexible tasks: 11211
Solving time: 0.0986053 seconds
plan limit 858
current timestep 289
num of flexible agents: 3222
num of flexible tasks: 11222
Solving time: 0.10315 seconds
plan limit 854
current timestep 290
num of flexible agents: 3222
num of flexible tasks: 11222
Solving time: 0.0994484 seconds
plan limit 857
current timestep 291
num of flexible agents: 3234
num of flexible tasks: 11234
Solving time: 0.0989797 seconds
plan limit 858
current timestep 292
num of flexible agents: 3234
num of flexible tasks: 11234
Solving time: 0.100445 seconds
plan limit 857
current timestep 293
num of flexible agents: 3241
num of flexible tasks: 11241
Solving time: 0.0980273 seconds
plan limit 858
current timestep 294
num of flexible agents: 3241
num of flexible tasks: 11241
Solving time: 0.0973652 seconds
plan limit 859
current timestep 295
num of flexible agents: 3245
num of flexible tasks: 11245
Solving time: 0.102372 seconds
plan limit 855
current timestep 296
num of flexible agents: 3265
num of flexible tasks: 11265
Solving time: 0.0991243 seconds
plan limit 858
current timestep 297
num of flexible agents: 3268
num of flexible tasks: 11268
Solving time: 0.0929114 seconds
plan limit 864
current timestep 298
num of flexible agents: 3283
num of flexible tasks: 11283
Solving time: 0.103796 seconds
plan limit 852
current timestep 299
num of flexible agents: 3286
num of flexible tasks: 11286
Solving time: 0.0989415 seconds
plan limit 858
current timestep 300
num of flexible agents: 3304
num of flexible tasks: 11304
Solving time: 0.0954323 seconds
plan limit 862
current timestep 301
num of flexible agents: 3312
num of flexible tasks: 11312
Solving time: 0.102167 seconds
plan limit 855
current timestep 302
num of flexible agents: 3313
num of flexible tasks: 11313
Solving time: 0.0985545 seconds
plan limit 859
current timestep 303
num of flexible agents: 3297
num of flexible tasks: 11297
Solving time: 0.102753 seconds
plan limit 852
current timestep 304
num of flexible agents: 3308
num of flexible tasks: 11308
Solving time: 0.0995256 seconds
plan limit 856
current timestep 305
num of flexible agents: 3318
num of flexible tasks: 11318
Solving time: 0.101115 seconds
plan limit 854
current timestep 306
num of flexible agents: 3333
num of flexible tasks: 11333
Solving time: 0.0992268 seconds
plan limit 857
current timestep 307
num of flexible agents: 3346
num of flexible tasks: 11346
Solving time: 0.102622 seconds
plan limit 853
current timestep 308
num of flexible agents: 3356
num of flexible tasks: 11356
Solving time: 0.0949076 seconds
plan limit 863
current timestep 309
num of flexible agents: 3366
num of flexible tasks: 11366
Solving time: 0.0953319 seconds
plan limit 861
current timestep 310
num of flexible agents: 3366
num of flexible tasks: 11366
Solving time: 0.0973609 seconds
plan limit 859
current timestep 311
num of flexible agents: 3366
num of flexible tasks: 11366
Solving time: 0.102663 seconds
plan limit 853
current timestep 312
num of flexible agents: 3372
num of flexible tasks: 11372
Solving time: 0.106205 seconds
plan limit 851
current timestep 313
num of flexible agents: 3370
num of flexible tasks: 11370
Solving time: 0.104577 seconds
plan limit 852
current timestep 314
num of flexible agents: 3354
num of flexible tasks: 11354
Solving time: 0.0981984 seconds
plan limit 858
current timestep 315
num of flexible agents: 3353
num of flexible tasks: 11353
Solving time: 0.102464 seconds
plan limit 855
current timestep 316
num of flexible agents: 3358
num of flexible tasks: 11358
Solving time: 0.0990696 seconds
plan limit 857
current timestep 317
num of flexible agents: 3360
num of flexible tasks: 11360
Solving time: 0.105127 seconds
plan limit 850
current timestep 318
num of flexible agents: 3355
num of flexible tasks: 11355
Solving time: 0.0944004 seconds
plan limit 862
current timestep 319
num of flexible agents: 3351
num of flexible tasks: 11351
Solving time: 0.106992 seconds
plan limit 849
current timestep 320
num of flexible agents: 3369
num of flexible tasks: 11369
Solving time: 0.0999224 seconds
plan limit 857
current timestep 321
num of flexible agents: 3378
num of flexible tasks: 11378
Solving time: 0.108296 seconds
plan limit 849
current timestep 322
num of flexible agents: 3389
num of flexible tasks: 11389
Solving time: 0.0983295 seconds
plan limit 859
current timestep 323
num of flexible agents: 3386
num of flexible tasks: 11386
Solving time: 0.105409 seconds
plan limit 851
current timestep 324
num of flexible agents: 3383
num of flexible tasks: 11383
Solving time: 0.094464 seconds
plan limit 863
current timestep 325
num of flexible agents: 3393
num of flexible tasks: 11393
Solving time: 0.103384 seconds
plan limit 852
current timestep 326
num of flexible agents: 3413
num of flexible tasks: 11413
Solving time: 0.0965764 seconds
plan limit 860
current timestep 327
num of flexible agents: 3436
num of flexible tasks: 11436
Solving time: 0.0990973 seconds
plan limit 856
current timestep 328
num of flexible agents: 3442
num of flexible tasks: 11442
Solving time: 0.0977792 seconds
plan limit 859
current timestep 329
num of flexible agents: 3457
num of flexible tasks: 11457
Solving time: 0.101621 seconds
plan limit 854
current timestep 330
num of flexible agents: 3465
num of flexible tasks: 11465
Solving time: 0.102412 seconds
plan limit 853
current timestep 331
num of flexible agents: 3480
num of flexible tasks: 11480
Solving time: 0.103345 seconds
plan limit 852
current timestep 332
num of flexible agents: 3478
num of flexible tasks: 11478
Solving time: 0.100943 seconds
plan limit 856
current timestep 333
num of flexible agents: 3486
num of flexible tasks: 11486
Solving time: 0.101869 seconds
plan limit 853
current timestep 334
num of flexible agents: 3494
num of flexible tasks: 11494
Solving time: 0.0992284 seconds
plan limit 857
current timestep 335
num of flexible agents: 3499
num of flexible tasks: 11499
Solving time: 0.103232 seconds
plan limit 853
current timestep 336
num of flexible agents: 3501
num of flexible tasks: 11501
Solving time: 0.0976981 seconds
plan limit 858
current timestep 337
num of flexible agents: 3488
num of flexible tasks: 11488
Solving time: 0.0991304 seconds
plan limit 857
current timestep 338
num of flexible agents: 3504
num of flexible tasks: 11504
Solving time: 0.0990271 seconds
plan limit 858
current timestep 339
num of flexible agents: 3502
num of flexible tasks: 11502
Solving time: 0.100418 seconds
plan limit 857
current timestep 340
num of flexible agents: 3523
num of flexible tasks: 11523
Solving time: 0.101282 seconds
plan limit 855
current timestep 341
num of flexible agents: 3536
num of flexible tasks: 11536
Solving time: 0.096529 seconds
plan limit 861
current timestep 342
num of flexible agents: 3526
num of flexible tasks: 11526
Solving time: 0.0962771 seconds
plan limit 861
current timestep 343
num of flexible agents: 3526
num of flexible tasks: 11526
Solving time: 0.0965916 seconds
plan limit 860
current timestep 344
num of flexible agents: 3530
num of flexible tasks: 11530
Solving time: 0.0998356 seconds
plan limit 856
current timestep 345
num of flexible agents: 3544
num of flexible tasks: 11544
Solving time: 0.099845 seconds
plan limit 856
current timestep 346
num of flexible agents: 3542
num of flexible tasks: 11542
Solving time: 0.101477 seconds
plan limit 855
current timestep 347
num of flexible agents: 3547
num of flexible tasks: 11547
Solving time: 0.098579 seconds
plan limit 858
current timestep 348
num of flexible agents: 3537
num of flexible tasks: 11537
Solving time: 0.0983378 seconds
plan limit 856
current timestep 349
num of flexible agents: 3542
num of flexible tasks: 11542
Solving time: 0.0991912 seconds
plan limit 857
current timestep 350
num of flexible agents: 3547
num of flexible tasks: 11547
Solving time: 0.100067 seconds
plan limit 854
current timestep 351
num of flexible agents: 3555
num of flexible tasks: 11555
Solving time: 0.104684 seconds
plan limit 851
current timestep 352
num of flexible agents: 3546
num of flexible tasks: 11546
Solving time: 0.103042 seconds
plan limit 853
current timestep 353
num of flexible agents: 3557
num of flexible tasks: 11557
Solving time: 0.0996368 seconds
plan limit 856
current timestep 354
num of flexible agents: 3566
num of flexible tasks: 11566
Solving time: 0.103431 seconds
plan limit 852
current timestep 355
num of flexible agents: 3593
num of flexible tasks: 11593
Solving time: 0.1031 seconds
plan limit 853
current timestep 356
num of flexible agents: 3605
num of flexible tasks: 11605
Solving time: 0.1116 seconds
plan limit 845
current timestep 357
num of flexible agents: 3605
num of flexible tasks: 11605
Solving time: 0.102522 seconds
plan limit 854
current timestep 358
num of flexible agents: 3609
num of flexible tasks: 11609
Solving time: 0.105605 seconds
plan limit 851
current timestep 359
num of flexible agents: 3612
num of flexible tasks: 11612
Solving time: 0.101759 seconds
plan limit 855
current timestep 360
num of flexible agents: 3619
num of flexible tasks: 11619
Solving time: 0.11074 seconds
plan limit 847
current timestep 361
num of flexible agents: 3619
num of flexible tasks: 11619
Solving time: 0.0999516 seconds
plan limit 856
current timestep 362
num of flexible agents: 3625
num of flexible tasks: 11625
Solving time: 0.109407 seconds
plan limit 848
current timestep 363
num of flexible agents: 3627
num of flexible tasks: 11627
Solving time: 0.101135 seconds
plan limit 855
current timestep 364
num of flexible agents: 3630
num of flexible tasks: 11630
Solving time: 0.114397 seconds
plan limit 842
current timestep 365
num of flexible agents: 3632
num of flexible tasks: 11632
Solving time: 0.105008 seconds
plan limit 851
current timestep 366
num of flexible agents: 3641
num of flexible tasks: 11641
Solving time: 0.109631 seconds
plan limit 846
current timestep 367
num of flexible agents: 3643
num of flexible tasks: 11643
Solving time: 0.106356 seconds
plan limit 849
current timestep 368
num of flexible agents: 3634
num of flexible tasks: 11634
Solving time: 0.109733 seconds
plan limit 846
current timestep 369
num of flexible agents: 3645
num of flexible tasks: 11645
Solving time: 0.105103 seconds
plan limit 851
current timestep 370
num of flexible agents: 3643
num of flexible tasks: 11643
Solving time: 0.108319 seconds
plan limit 848
current timestep 371
num of flexible agents: 3663
num of flexible tasks: 11663
Solving time: 0.108445 seconds
plan limit 848
current timestep 372
num of flexible agents: 3661
num of flexible tasks: 11661
Solving time: 0.112584 seconds
plan limit 844
current timestep 373
num of flexible agents: 3659
num of flexible tasks: 11659
Solving time: 0.106292 seconds
plan limit 850
current timestep 374
num of flexible agents: 3662
num of flexible tasks: 11662
Solving time: 0.113959 seconds
plan limit 842
current timestep 375
num of flexible agents: 3677
num of flexible tasks: 11677
Solving time: 0.105885 seconds
plan limit 850
current timestep 376
num of flexible agents: 3682
num of flexible tasks: 11682
Solving time: 0.10973 seconds
plan limit 846
current timestep 377
num of flexible agents: 3680
num of flexible tasks: 11680
Solving time: 0.0995176 seconds
plan limit 857
current timestep 378
num of flexible agents: 3688
num of flexible tasks: 11688
Solving time: 0.101071 seconds
plan limit 855
current timestep 379
num of flexible agents: 3703
num of flexible tasks: 11703
Solving time: 0.105701 seconds
plan limit 850
current timestep 380
num of flexible agents: 3703
num of flexible tasks: 11703
Solving time: 0.107699 seconds
plan limit 848
current timestep 381
num of flexible agents: 3716
num of flexible tasks: 11716
Solving time: 0.114798 seconds
plan limit 842
current timestep 382
num of flexible agents: 3716
num of flexible tasks: 11716
Solving time: 0.114779 seconds
plan limit 841
current timestep 383
num of flexible agents: 3719
num of flexible tasks: 11719
Solving time: 0.112692 seconds
plan limit 844
current timestep 384
num of flexible agents: 3725
num of flexible tasks: 11725
Solving time: 0.111528 seconds
plan limit 844
current timestep 385
num of flexible agents: 3719
num of flexible tasks: 11719
Solving time: 0.114187 seconds
plan limit 842
current timestep 386
num of flexible agents: 3721
num of flexible tasks: 11721
Solving time: 0.111045 seconds
plan limit 845
current timestep 387
num of flexible agents: 3718
num of flexible tasks: 11718
Solving time: 0.113637 seconds
plan limit 841
current timestep 388
num of flexible agents: 3737
num of flexible tasks: 11737
Solving time: 0.115474 seconds
plan limit 840
current timestep 389
num of flexible agents: 3737
num of flexible tasks: 11737
Solving time: 0.117194 seconds
plan limit 838
current timestep 390
num of flexible agents: 3742
num of flexible tasks: 11742
Solving time: 0.115872 seconds
plan limit 840
current timestep 391
num of flexible agents: 3757
num of flexible tasks: 11757
Solving time: 0.117041 seconds
plan limit 838
current timestep 392
num of flexible agents: 3767
num of flexible tasks: 11767
Solving time: 0.129187 seconds
plan limit 827
current timestep 393
num of flexible agents: 3772
num of flexible tasks: 11772
Solving time: 0.123863 seconds
plan limit 833
current timestep 394
num of flexible agents: 3790
num of flexible tasks: 11790
Solving time: 0.116604 seconds
plan limit 840
current timestep 395
num of flexible agents: 3796
num of flexible tasks: 11796
Solving time: 0.138274 seconds
plan limit 819
current timestep 396
num of flexible agents: 3808
num of flexible tasks: 11808
Solving time: 0.119756 seconds
plan limit 837
current timestep 397
num of flexible agents: 3810
num of flexible tasks: 11810
Solving time: 0.136211 seconds
plan limit 820
current timestep 398
num of flexible agents: 3827
num of flexible tasks: 11827
Solving time: 0.133343 seconds
plan limit 823
current timestep 399
num of flexible agents: 3835
num of flexible tasks: 11835
Solving time: 0.148835 seconds
plan limit 807
current timestep 400
num of flexible agents: 3829
num of flexible tasks: 11829
Solving time: 0.129372 seconds
plan limit 827
current timestep 401
num of flexible agents: 3835
num of flexible tasks: 11835
Solving time: 0.136667 seconds
plan limit 820
current timestep 402
num of flexible agents: 3845
num of flexible tasks: 11845
Solving time: 0.139398 seconds
plan limit 817
current timestep 403
num of flexible agents: 3856
num of flexible tasks: 11856
Solving time: 0.156124 seconds
plan limit 800
current timestep 404
num of flexible agents: 3856
num of flexible tasks: 11856
Solving time: 0.150244 seconds
plan limit 806
current timestep 405
num of flexible agents: 3882
num of flexible tasks: 11882
Solving time: 0.142899 seconds
plan limit 813
current timestep 406
num of flexible agents: 3877
num of flexible tasks: 11877
Solving time: 0.149554 seconds
plan limit 807
current timestep 407
num of flexible agents: 3886
num of flexible tasks: 11886
Solving time: 0.167534 seconds
plan limit 788
current timestep 408
num of flexible agents: 3895
num of flexible tasks: 11895
Solving time: 0.156759 seconds
plan limit 800
current timestep 409
num of flexible agents: 3904
num of flexible tasks: 11904
Solving time: 0.173309 seconds
plan limit 780
current timestep 410
num of flexible agents: 3923
num of flexible tasks: 11923
Solving time: 0.171226 seconds
plan limit 785
current timestep 411
num of flexible agents: 3940
num of flexible tasks: 11940
Solving time: 0.182218 seconds
plan limit 774
current timestep 412
num of flexible agents: 3938
num of flexible tasks: 11938
Solving time: 0.181358 seconds
plan limit 775
current timestep 413
num of flexible agents: 3949
num of flexible tasks: 11949
Solving time: 0.186302 seconds
plan limit 769
current timestep 414
num of flexible agents: 3953
num of flexible tasks: 11953
Solving time: 0.167947 seconds
plan limit 788
current timestep 415
num of flexible agents: 3951
num of flexible tasks: 11951
Solving time: 0.170268 seconds
plan limit 786
current timestep 416
num of flexible agents: 3962
num of flexible tasks: 11962
Solving time: 0.174429 seconds
plan limit 780
current timestep 417
num of flexible agents: 3981
num of flexible tasks: 11981
Solving time: 0.170813 seconds
plan limit 785
current timestep 418
num of flexible agents: 3976
num of flexible tasks: 11976
Solving time: 0.168447 seconds
plan limit 787
current timestep 419
num of flexible agents: 3987
num of flexible tasks: 11987
Solving time: 0.168488 seconds
plan limit 788
current timestep 420
num of flexible agents: 4002
num of flexible tasks: 12002
Solving time: 0.163535 seconds
plan limit 792
current timestep 421
num of flexible agents: 4007
num of flexible tasks: 12007
Solving time: 0.171263 seconds
plan limit 785
current timestep 422
num of flexible agents: 3998
num of flexible tasks: 11998
Solving time: 0.173367 seconds
plan limit 783
current timestep 423
num of flexible agents: 4000
num of flexible tasks: 12000
Solving time: 0.184355 seconds
plan limit 772
current timestep 424
num of flexible agents: 4010
num of flexible tasks: 12010
Solving time: 0.179271 seconds
plan limit 777
current timestep 425
num of flexible agents: 4034
num of flexible tasks: 12034
Solving time: 0.201792 seconds
plan limit 754
current timestep 426
num of flexible agents: 4035
num of flexible tasks: 12035
Solving time: 0.182511 seconds
plan limit 773
current timestep 427
num of flexible agents: 4031
num of flexible tasks: 12031
Solving time: 0.183272 seconds
plan limit 773
current timestep 428
num of flexible agents: 4026
num of flexible tasks: 12026
Solving time: 0.1788 seconds
plan limit 777
current timestep 429
num of flexible agents: 4035
num of flexible tasks: 12035
Solving time: 0.175493 seconds
plan limit 781
current timestep 430
num of flexible agents: 4043
num of flexible tasks: 12043
Solving time: 0.182121 seconds
plan limit 774
current timestep 431
num of flexible agents: 4059
num of flexible tasks: 12059
Solving time: 0.157068 seconds
plan limit 799
current timestep 432
num of flexible agents: 4071
num of flexible tasks: 12071
Solving time: 0.178884 seconds
plan limit 777
current timestep 433
num of flexible agents: 4080
num of flexible tasks: 12080
Solving time: 0.179624 seconds
plan limit 777
current timestep 434
num of flexible agents: 4092
num of flexible tasks: 12092
Solving time: 0.179602 seconds
plan limit 777
current timestep 435
num of flexible agents: 4102
num of flexible tasks: 12102
Solving time: 0.175507 seconds
plan limit 781
current timestep 436
num of flexible agents: 4097
num of flexible tasks: 12097
Solving time: 0.178274 seconds
plan limit 778
current timestep 437
num of flexible agents: 4095
num of flexible tasks: 12095
Solving time: 0.180647 seconds
plan limit 775
current timestep 438
num of flexible agents: 4094
num of flexible tasks: 12094
Solving time: 0.17696 seconds
plan limit 778
current timestep 439
num of flexible agents: 4082
num of flexible tasks: 12082
Solving time: 0.174631 seconds
plan limit 782
current timestep 440
num of flexible agents: 4089
num of flexible tasks: 12089
Solving time: 0.170733 seconds
plan limit 785
current timestep 441
num of flexible agents: 4096
num of flexible tasks: 12096
Solving time: 0.175414 seconds
plan limit 781
current timestep 442
num of flexible agents: 4106
num of flexible tasks: 12106
Solving time: 0.177996 seconds
plan limit 777
current timestep 443
num of flexible agents: 4116
num of flexible tasks: 12116
Solving time: 0.164563 seconds
plan limit 791
current timestep 444
num of flexible agents: 4124
num of flexible tasks: 12124
Solving time: 0.172252 seconds
plan limit 783
current timestep 445
num of flexible agents: 4132
num of flexible tasks: 12132
Solving time: 0.173375 seconds
plan limit 781
compute initial stop until 15646
current timestep 446
num of flexible agents: 4141
num of flexible tasks: 12141
Solving time: 0.171353 seconds
plan limit 785
current timestep 447
num of flexible agents: 4159
num of flexible tasks: 12159
Solving time: 0.171644 seconds
plan limit 782
compute initial stop until 15091
current timestep 448
num of flexible agents: 4180
num of flexible tasks: 12180
Solving time: 0.171769 seconds
plan limit 784
current timestep 449
num of flexible agents: 4197
num of flexible tasks: 12197
Solving time: 0.182368 seconds
plan limit 773
current timestep 450
num of flexible agents: 4193
num of flexible tasks: 12193
Solving time: 0.171424 seconds
plan limit 785
compute initial stop until 15989
current timestep 451
num of flexible agents: 4206
num of flexible tasks: 12206
Solving time: 0.178874 seconds
plan limit 776
current timestep 452
num of flexible agents: 4216
num of flexible tasks: 12216
Solving time: 0.174778 seconds
plan limit 782
current timestep 453
num of flexible agents: 4221
num of flexible tasks: 12221
Solving time: 0.187755 seconds
plan limit 768
compute initial stop until 15404
current timestep 454
num of flexible agents: 4238
num of flexible tasks: 12238
Solving time: 0.188551 seconds
plan limit 767
compute initial stop until 15739
current timestep 455
num of flexible agents: 4233
num of flexible tasks: 12233
Solving time: 0.18742 seconds
plan limit 769
compute initial stop until 14051
current timestep 456
num of flexible agents: 4228
num of flexible tasks: 12228
Solving time: 0.18853 seconds
plan limit 767
compute initial stop until 13011
current timestep 457
num of flexible agents: 4246
num of flexible tasks: 12246
Solving time: 0.194762 seconds
plan limit 762
compute initial stop until 13738
current timestep 458
num of flexible agents: 4255
num of flexible tasks: 12255
Solving time: 0.176573 seconds
plan limit 779
compute initial stop until 14841
current timestep 459
num of flexible agents: 4249
num of flexible tasks: 12249
Solving time: 0.200553 seconds
plan limit 755
compute initial stop until 13327
current timestep 460
num of flexible agents: 4247
num of flexible tasks: 12247
Solving time: 0.195982 seconds
plan limit 760
compute initial stop until 13485
current timestep 461
num of flexible agents: 4265
num of flexible tasks: 12265
Solving time: 0.197172 seconds
plan limit 759
compute initial stop until 13518
current timestep 462
num of flexible agents: 4283
num of flexible tasks: 12283
Solving time: 0.206543 seconds
plan limit 749
compute initial stop until 14043
current timestep 463
num of flexible agents: 4291
num of flexible tasks: 12291
Solving time: 0.200447 seconds
plan limit 756
compute initial stop until 14190
current timestep 464
num of flexible agents: 4286
num of flexible tasks: 12286
Solving time: 0.196867 seconds
plan limit 759
compute initial stop until 14421
current timestep 465
num of flexible agents: 4303
num of flexible tasks: 12303
Solving time: 0.206778 seconds
plan limit 749
compute initial stop until 14636
current timestep 466
num of flexible agents: 4309
num of flexible tasks: 12309
Solving time: 0.203199 seconds
plan limit 754
compute initial stop until 13717
current timestep 467
num of flexible agents: 4297
num of flexible tasks: 12297
Solving time: 0.205926 seconds
plan limit 750
compute initial stop until 13771
current timestep 468
num of flexible agents: 4316
num of flexible tasks: 12316
Solving time: 0.194918 seconds
plan limit 761
compute initial stop until 14981
current timestep 469
num of flexible agents: 4335
num of flexible tasks: 12335
Solving time: 0.210225 seconds
plan limit 745
compute initial stop until 14547
current timestep 470
num of flexible agents: 4346
num of flexible tasks: 12346
Solving time: 0.194871 seconds
plan limit 761
compute initial stop until 15301
current timestep 471
num of flexible agents: 4356
num of flexible tasks: 12356
Solving time: 0.181124 seconds
plan limit 773
compute initial stop until 15484
current timestep 472
num of flexible agents: 4357
num of flexible tasks: 12357
Solving time: 0.190673 seconds
plan limit 764
compute initial stop until 15134
current timestep 473
num of flexible agents: 4367
num of flexible tasks: 12367
Solving time: 0.185512 seconds
plan limit 769
compute initial stop until 15671
current timestep 474
num of flexible agents: 4385
num of flexible tasks: 12385
Solving time: 0.202015 seconds
plan limit 752
compute initial stop until 15930
current timestep 475
num of flexible agents: 4382
num of flexible tasks: 12382
Solving time: 0.196019 seconds
plan limit 760
compute initial stop until 15948
current timestep 476
num of flexible agents: 4375
num of flexible tasks: 12375
Solving time: 0.20059 seconds
plan limit 754
compute initial stop until 15558
current timestep 477
num of flexible agents: 4390
num of flexible tasks: 12390
Solving time: 0.198282 seconds
plan limit 758
compute initial stop until 15145
current timestep 478
num of flexible agents: 4392
num of flexible tasks: 12392
Solving time: 0.184309 seconds
plan limit 771
current timestep 479
num of flexible agents: 4402
num of flexible tasks: 12402
Solving time: 0.191595 seconds
plan limit 763
current timestep 480
num of flexible agents: 4389
num of flexible tasks: 12389
Solving time: 0.196067 seconds
plan limit 760
compute initial stop until 14498
current timestep 481
num of flexible agents: 4381
num of flexible tasks: 12381
Solving time: 0.19695 seconds
plan limit 759
current timestep 482
num of flexible agents: 4389
num of flexible tasks: 12389
Solving time: 0.200139 seconds
plan limit 756
current timestep 483
num of flexible agents: 4397
num of flexible tasks: 12397
Solving time: 0.178001 seconds
plan limit 778
current timestep 484
num of flexible agents: 4401
num of flexible tasks: 12401
Solving time: 0.198259 seconds
plan limit 757
compute initial stop until 15978
current timestep 485
num of flexible agents: 4406
num of flexible tasks: 12406
Solving time: 0.185611 seconds
plan limit 771
compute initial stop until 15185
current timestep 486
num of flexible agents: 4410
num of flexible tasks: 12410
Solving time: 0.181746 seconds
plan limit 774
compute initial stop until 15407
current timestep 487
num of flexible agents: 4410
num of flexible tasks: 12410
Solving time: 0.192263 seconds
plan limit 765
compute initial stop until 15417
current timestep 488
num of flexible agents: 4423
num of flexible tasks: 12423
Solving time: 0.201085 seconds
plan limit 755
compute initial stop until 15063
current timestep 489
num of flexible agents: 4424
num of flexible tasks: 12424
Solving time: 0.191718 seconds
plan limit 765
compute initial stop until 13739
current timestep 490
num of flexible agents: 4428
num of flexible tasks: 12428
Solving time: 0.194206 seconds
plan limit 761
compute initial stop until 15143
current timestep 491
num of flexible agents: 4425
num of flexible tasks: 12425
Solving time: 0.188248 seconds
plan limit 768
compute initial stop until 15978
current timestep 492
num of flexible agents: 4424
num of flexible tasks: 12424
Solving time: 0.194429 seconds
plan limit 761
compute initial stop until 15408
current timestep 493
num of flexible agents: 4413
num of flexible tasks: 12413
Solving time: 0.18459 seconds
plan limit 771
current timestep 494
num of flexible agents: 4418
num of flexible tasks: 12418
Solving time: 0.208616 seconds
plan limit 747
compute initial stop until 14691
current timestep 495
num of flexible agents: 4419
num of flexible tasks: 12419
Solving time: 0.190715 seconds
plan limit 764
compute initial stop until 15857
current timestep 496
num of flexible agents: 4411
num of flexible tasks: 12411
Solving time: 0.212615 seconds
plan limit 743
compute initial stop until 14345
current timestep 497
num of flexible agents: 4413
num of flexible tasks: 12413
Solving time: 0.191164 seconds
plan limit 763
current timestep 498
num of flexible agents: 4414
num of flexible tasks: 12414
Solving time: 0.192652 seconds
plan limit 762
current timestep 499
num of flexible agents: 4415
num of flexible tasks: 12415
Solving time: 0.2031 seconds
plan limit 753
compute initial stop until 15525
current timestep 500
num of flexible agents: 4418
num of flexible tasks: 12418
Solving time: 0.208934 seconds
plan limit 746
compute initial stop until 15816
current timestep 501
num of flexible agents: 4410
num of flexible tasks: 12410
Solving time: 0.205175 seconds
plan limit 750
compute initial stop until 15090
current timestep 502
num of flexible agents: 4406
num of flexible tasks: 12406
Solving time: 0.20527 seconds
plan limit 750
compute initial stop until 15014
current timestep 503
num of flexible agents: 4405
num of flexible tasks: 12405
Solving time: 0.196411 seconds
plan limit 758
compute initial stop until 15723
current timestep 504
num of flexible agents: 4392
num of flexible tasks: 12392
Solving time: 0.187613 seconds
plan limit 768
compute initial stop until 15502
current timestep 505
num of flexible agents: 4387
num of flexible tasks: 12387
Solving time: 0.199382 seconds
plan limit 754
compute initial stop until 15416
current timestep 506
num of flexible agents: 4380
num of flexible tasks: 12380
Solving time: 0.196879 seconds
plan limit 757
current timestep 507
num of flexible agents: 4374
num of flexible tasks: 12374
Solving time: 0.189782 seconds
plan limit 764
current timestep 508
num of flexible agents: 4379
num of flexible tasks: 12379
Solving time: 0.193186 seconds
plan limit 762
current timestep 509
num of flexible agents: 4371
num of flexible tasks: 12371
Solving time: 0.200538 seconds
plan limit 755
current timestep 510
num of flexible agents: 4362
num of flexible tasks: 12362
Solving time: 0.202202 seconds
plan limit 753
compute initial stop until 15806
current timestep 511
num of flexible agents: 4364
num of flexible tasks: 12364
Solving time: 0.195264 seconds
plan limit 759
compute initial stop until 15817
current timestep 512
num of flexible agents: 4359
num of flexible tasks: 12359
Solving time: 0.201412 seconds
plan limit 754
current timestep 513
num of flexible agents: 4354
num of flexible tasks: 12354
Solving time: 0.20746 seconds
plan limit 748
current timestep 514
num of flexible agents: 4351
num of flexible tasks: 12351
Solving time: 0.204751 seconds
plan limit 750
current timestep 515
num of flexible agents: 4339
num of flexible tasks: 12339
Solving time: 0.207125 seconds
plan limit 749
compute initial stop until 15266
current timestep 516
num of flexible agents: 4347
num of flexible tasks: 12347
Solving time: 0.197969 seconds
plan limit 757
current timestep 517
num of flexible agents: 4341
num of flexible tasks: 12341
Solving time: 0.192225 seconds
plan limit 762
current timestep 518
num of flexible agents: 4323
num of flexible tasks: 12323
Solving time: 0.193759 seconds
plan limit 762
compute initial stop until 14663
current timestep 519
num of flexible agents: 4320
num of flexible tasks: 12320
Solving time: 0.208249 seconds
plan limit 748
current timestep 520
num of flexible agents: 4326
num of flexible tasks: 12326
Solving time: 0.207643 seconds
plan limit 748
current timestep 521
num of flexible agents: 4327
num of flexible tasks: 12327
Solving time: 0.208789 seconds
plan limit 747
current timestep 522
num of flexible agents: 4329
num of flexible tasks: 12329
Solving time: 0.206548 seconds
plan limit 750
compute initial stop until 15346
current timestep 523
num of flexible agents: 4330
num of flexible tasks: 12330
Solving time: 0.210258 seconds
plan limit 746
current timestep 524
num of flexible agents: 4330
num of flexible tasks: 12330
Solving time: 0.205277 seconds
plan limit 751
current timestep 525
num of flexible agents: 4334
num of flexible tasks: 12334
Solving time: 0.189484 seconds
plan limit 766
current timestep 526
num of flexible agents: 4348
num of flexible tasks: 12348
Solving time: 0.186811 seconds
plan limit 769
current timestep 527
num of flexible agents: 4336
num of flexible tasks: 12336
Solving time: 0.187938 seconds
plan limit 768
compute initial stop until 15454
current timestep 528
num of flexible agents: 4346
num of flexible tasks: 12346
Solving time: 0.175763 seconds
plan limit 780
current timestep 529
num of flexible agents: 4346
num of flexible tasks: 12346
Solving time: 0.19771 seconds
plan limit 758
current timestep 530
num of flexible agents: 4327
num of flexible tasks: 12327
Solving time: 0.189655 seconds
plan limit 766
current timestep 531
num of flexible agents: 4330
num of flexible tasks: 12330
Solving time: 0.201296 seconds
plan limit 753
compute initial stop until 15854
current timestep 532
num of flexible agents: 4330
num of flexible tasks: 12330
Solving time: 0.189335 seconds
plan limit 766
current timestep 533
num of flexible agents: 4338
num of flexible tasks: 12338
Solving time: 0.202373 seconds
plan limit 752
compute initial stop until 15391
current timestep 534
num of flexible agents: 4349
num of flexible tasks: 12349
Solving time: 0.204094 seconds
plan limit 751
current timestep 535
num of flexible agents: 4348
num of flexible tasks: 12348
Solving time: 0.201286 seconds
plan limit 753
current timestep 536
num of flexible agents: 4359
num of flexible tasks: 12359
Solving time: 0.183879 seconds
plan limit 772
current timestep 537
num of flexible agents: 4360
num of flexible tasks: 12360
Solving time: 0.182932 seconds
plan limit 772
current timestep 538
num of flexible agents: 4331
num of flexible tasks: 12331
Solving time: 0.190963 seconds
plan limit 761
compute initial stop until 15686
current timestep 539
num of flexible agents: 4311
num of flexible tasks: 12311
Solving time: 0.191197 seconds
plan limit 764
compute initial stop until 14831
current timestep 540
num of flexible agents: 4306
num of flexible tasks: 12306
Solving time: 0.18677 seconds
plan limit 768
compute initial stop until 15325
current timestep 541
num of flexible agents: 4307
num of flexible tasks: 12307
Solving time: 0.186175 seconds
plan limit 770
current timestep 542
num of flexible agents: 4312
num of flexible tasks: 12312
Solving time: 0.176285 seconds
plan limit 778
current timestep 543
num of flexible agents: 4314
num of flexible tasks: 12314
Solving time: 0.164272 seconds
plan limit 790
current timestep 544
num of flexible agents: 4305
num of flexible tasks: 12305
Solving time: 0.173212 seconds
plan limit 781
current timestep 545
num of flexible agents: 4303
num of flexible tasks: 12303
Solving time: 0.17145 seconds
plan limit 784
current timestep 546
num of flexible agents: 4289
num of flexible tasks: 12289
Solving time: 0.178322 seconds
plan limit 776
compute initial stop until 15843
current timestep 547
num of flexible agents: 4282
num of flexible tasks: 12282
Solving time: 0.171501 seconds
plan limit 780
compute initial stop until 15508
current timestep 548
num of flexible agents: 4285
num of flexible tasks: 12285
Solving time: 0.185654 seconds
plan limit 769
compute initial stop until 14053
current timestep 549
num of flexible agents: 4277
num of flexible tasks: 12277
Solving time: 0.162197 seconds
plan limit 794
compute initial stop until 15188
current timestep 550
num of flexible agents: 4275
num of flexible tasks: 12275
Solving time: 0.176871 seconds
plan limit 779
compute initial stop until 14678
current timestep 551
num of flexible agents: 4272
num of flexible tasks: 12272
Solving time: 0.160576 seconds
plan limit 794
compute initial stop until 14902
current timestep 552
num of flexible agents: 4287
num of flexible tasks: 12287
Solving time: 0.177427 seconds
plan limit 778
compute initial stop until 15643
current timestep 553
num of flexible agents: 4294
num of flexible tasks: 12294
Solving time: 0.150948 seconds
plan limit 804
current timestep 554
num of flexible agents: 4291
num of flexible tasks: 12291
Solving time: 0.176281 seconds
plan limit 779
compute initial stop until 14425
current timestep 555
num of flexible agents: 4297
num of flexible tasks: 12297
Solving time: 0.164713 seconds
plan limit 791
compute initial stop until 15067
current timestep 556
num of flexible agents: 4311
num of flexible tasks: 12311
Solving time: 0.16925 seconds
plan limit 786
compute initial stop until 15019
current timestep 557
num of flexible agents: 4308
num of flexible tasks: 12308
Solving time: 0.15139 seconds
plan limit 802
compute initial stop until 15063
current timestep 558
num of flexible agents: 4309
num of flexible tasks: 12309
Solving time: 0.154933 seconds
plan limit 800
compute initial stop until 14742
current timestep 559
num of flexible agents: 4298
num of flexible tasks: 12298
Solving time: 0.144649 seconds
plan limit 810
compute initial stop until 15253
current timestep 560
num of flexible agents: 4311
num of flexible tasks: 12311
Solving time: 0.15568 seconds
plan limit 798
compute initial stop until 13926
current timestep 561
num of flexible agents: 4301
num of flexible tasks: 12301
Solving time: 0.164461 seconds
plan limit 790
compute initial stop until 14176
current timestep 562
num of flexible agents: 4294
num of flexible tasks: 12294
Solving time: 0.159003 seconds
plan limit 793
compute initial stop until 13990
current timestep 563
num of flexible agents: 4287
num of flexible tasks: 12287
Solving time: 0.158581 seconds
plan limit 796
compute initial stop until 14363
current timestep 564
num of flexible agents: 4279
num of flexible tasks: 12279
Solving time: 0.137562 seconds
plan limit 818
compute initial stop until 14525
current timestep 565
num of flexible agents: 4285
num of flexible tasks: 12285
Solving time: 0.140286 seconds
plan limit 815
compute initial stop until 14928
current timestep 566
num of flexible agents: 4280
num of flexible tasks: 12280
Solving time: 0.148532 seconds
plan limit 807
compute initial stop until 14438
current timestep 567
num of flexible agents: 4270
num of flexible tasks: 12270
Solving time: 0.141528 seconds
plan limit 815
compute initial stop until 13708
current timestep 568
num of flexible agents: 4271
num of flexible tasks: 12271
Solving time: 0.137691 seconds
plan limit 818
compute initial stop until 13708
current timestep 569
num of flexible agents: 4273
num of flexible tasks: 12273
Solving time: 0.138661 seconds
plan limit 817
compute initial stop until 13708
current timestep 570
num of flexible agents: 4275
num of flexible tasks: 12275
Solving time: 0.137597 seconds
plan limit 818
compute initial stop until 12931
current timestep 571
num of flexible agents: 4294
num of flexible tasks: 12294
Solving time: 0.149677 seconds
plan limit 804
compute initial stop until 13985
current timestep 572
num of flexible agents: 4293
num of flexible tasks: 12293
Solving time: 0.13579 seconds
plan limit 819
compute initial stop until 14363
current timestep 573
num of flexible agents: 4284
num of flexible tasks: 12284
Solving time: 0.143258 seconds
plan limit 811
compute initial stop until 14166
current timestep 574
num of flexible agents: 4275
num of flexible tasks: 12275
Solving time: 0.137995 seconds
plan limit 817
compute initial stop until 14100
current timestep 575
num of flexible agents: 4288
num of flexible tasks: 12288
Solving time: 0.148214 seconds
plan limit 806
compute initial stop until 13620
current timestep 576
num of flexible agents: 4282
num of flexible tasks: 12282
Solving time: 0.14702 seconds
plan limit 808
compute initial stop until 14405
current timestep 577
num of flexible agents: 4278
num of flexible tasks: 12278
Solving time: 0.143887 seconds
plan limit 811
compute initial stop until 13589
current timestep 578
num of flexible agents: 4290
num of flexible tasks: 12290
Solving time: 0.143612 seconds
plan limit 812
compute initial stop until 14526
current timestep 579
num of flexible agents: 4291
num of flexible tasks: 12291
Solving time: 0.154427 seconds
plan limit 801
compute initial stop until 13882
current timestep 580
num of flexible agents: 4282
num of flexible tasks: 12282
Solving time: 0.162682 seconds
plan limit 789
compute initial stop until 13131
current timestep 581
num of flexible agents: 4265
num of flexible tasks: 12265
Solving time: 0.155686 seconds
plan limit 799
compute initial stop until 12727
current timestep 582
num of flexible agents: 4274
num of flexible tasks: 12274
Solving time: 0.153515 seconds
plan limit 802
compute initial stop until 13355
current timestep 583
num of flexible agents: 4278
num of flexible tasks: 12278
Solving time: 0.156186 seconds
plan limit 800
compute initial stop until 14164
current timestep 584
num of flexible agents: 4278
num of flexible tasks: 12278
Solving time: 0.14723 seconds
plan limit 808
compute initial stop until 14232
current timestep 585
num of flexible agents: 4286
num of flexible tasks: 12286
Solving time: 0.147241 seconds
plan limit 808
compute initial stop until 13806
current timestep 586
num of flexible agents: 4283
num of flexible tasks: 12283
Solving time: 0.13915 seconds
plan limit 817
compute initial stop until 13990
current timestep 587
num of flexible agents: 4287
num of flexible tasks: 12287
Solving time: 0.137653 seconds
plan limit 817
compute initial stop until 14650
current timestep 588
num of flexible agents: 4283
num of flexible tasks: 12283
Solving time: 0.140148 seconds
plan limit 816
compute initial stop until 12856
current timestep 589
num of flexible agents: 4280
num of flexible tasks: 12280
Solving time: 0.141234 seconds
plan limit 813
compute initial stop until 14857
current timestep 590
num of flexible agents: 4265
num of flexible tasks: 12265
Solving time: 0.138144 seconds
plan limit 818
compute initial stop until 13990
current timestep 591
num of flexible agents: 4278
num of flexible tasks: 12278
Solving time: 0.133247 seconds
plan limit 822
compute initial stop until 14505
current timestep 592
num of flexible agents: 4267
num of flexible tasks: 12267
Solving time: 0.135114 seconds
plan limit 819
compute initial stop until 13589
current timestep 593
num of flexible agents: 4264
num of flexible tasks: 12264
Solving time: 0.129039 seconds
plan limit 826
compute initial stop until 13102
current timestep 594
num of flexible agents: 4274
num of flexible tasks: 12274
Solving time: 0.137682 seconds
plan limit 818
compute initial stop until 12546
current timestep 595
num of flexible agents: 4272
num of flexible tasks: 12272
Solving time: 0.128146 seconds
plan limit 827
compute initial stop until 13974
current timestep 596
num of flexible agents: 4278
num of flexible tasks: 12278
Solving time: 0.130595 seconds
plan limit 823
compute initial stop until 14021
current timestep 597
num of flexible agents: 4286
num of flexible tasks: 12286
Solving time: 0.134553 seconds
plan limit 821
compute initial stop until 14271
current timestep 598
num of flexible agents: 4279
num of flexible tasks: 12279
Solving time: 0.135139 seconds
plan limit 819
compute initial stop until 13083
current timestep 599
num of flexible agents: 4296
num of flexible tasks: 12296
Solving time: 0.131984 seconds
plan limit 822
compute initial stop until 14417
current timestep 600
num of flexible agents: 4283
num of flexible tasks: 12283
Solving time: 0.13972 seconds
plan limit 814
compute initial stop until 12727
current timestep 601
num of flexible agents: 4284
num of flexible tasks: 12284
Solving time: 0.13268 seconds
plan limit 823
compute initial stop until 13472
current timestep 602
num of flexible agents: 4274
num of flexible tasks: 12274
Solving time: 0.137364 seconds
plan limit 818
compute initial stop until 13527
current timestep 603
num of flexible agents: 4290
num of flexible tasks: 12290
Solving time: 0.135405 seconds
plan limit 820
compute initial stop until 13370
current timestep 604
num of flexible agents: 4297
num of flexible tasks: 12297
Solving time: 0.145485 seconds
plan limit 810
compute initial stop until 13895
current timestep 605
num of flexible agents: 4302
num of flexible tasks: 12302
Solving time: 0.134972 seconds
plan limit 821
compute initial stop until 14104
current timestep 606
num of flexible agents: 4291
num of flexible tasks: 12291
Solving time: 0.149969 seconds
plan limit 804
compute initial stop until 12285
current timestep 607
num of flexible agents: 4287
num of flexible tasks: 12287
Solving time: 0.143061 seconds
plan limit 812
compute initial stop until 13712
current timestep 608
num of flexible agents: 4292
num of flexible tasks: 12292
Solving time: 0.141269 seconds
plan limit 814
compute initial stop until 14453
current timestep 609
num of flexible agents: 4287
num of flexible tasks: 12287
Solving time: 0.135943 seconds
plan limit 819
compute initial stop until 12455
current timestep 610
num of flexible agents: 4286
num of flexible tasks: 12286
Solving time: 0.135883 seconds
plan limit 820
compute initial stop until 12753
current timestep 611
num of flexible agents: 4286
num of flexible tasks: 12286
Solving time: 0.134307 seconds
plan limit 821
compute initial stop until 13172
current timestep 612
num of flexible agents: 4276
num of flexible tasks: 12276
Solving time: 0.1384 seconds
plan limit 815
compute initial stop until 13589
current timestep 613
num of flexible agents: 4276
num of flexible tasks: 12276
Solving time: 0.131707 seconds
plan limit 823
compute initial stop until 13464
current timestep 614
num of flexible agents: 4271
num of flexible tasks: 12271
Solving time: 0.131993 seconds
plan limit 822
compute initial stop until 13735
current timestep 615
num of flexible agents: 4262
num of flexible tasks: 12262
Solving time: 0.144452 seconds
plan limit 811
compute initial stop until 12749
current timestep 616
num of flexible agents: 4255
num of flexible tasks: 12255
Solving time: 0.127521 seconds
plan limit 828
compute initial stop until 13690
current timestep 617
num of flexible agents: 4239
num of flexible tasks: 12239
Solving time: 0.138206 seconds
plan limit 817
compute initial stop until 12770
current timestep 618
num of flexible agents: 4231
num of flexible tasks: 12231
Solving time: 0.131728 seconds
plan limit 823
compute initial stop until 13595
current timestep 619
num of flexible agents: 4231
num of flexible tasks: 12231
Solving time: 0.131757 seconds
plan limit 823
compute initial stop until 13875
current timestep 620
num of flexible agents: 4233
num of flexible tasks: 12233
Solving time: 0.140051 seconds
plan limit 811
compute initial stop until 12826
current timestep 621
num of flexible agents: 4234
num of flexible tasks: 12234
Solving time: 0.136501 seconds
plan limit 818
compute initial stop until 13418
current timestep 622
num of flexible agents: 4232
num of flexible tasks: 12232
Solving time: 0.135632 seconds
plan limit 819
compute initial stop until 11586
current timestep 623
num of flexible agents: 4237
num of flexible tasks: 12237
Solving time: 0.136248 seconds
plan limit 819
compute initial stop until 12741
current timestep 624
num of flexible agents: 4228
num of flexible tasks: 12228
Solving time: 0.133114 seconds
plan limit 822
compute initial stop until 12570
current timestep 625
num of flexible agents: 4219
num of flexible tasks: 12219
Solving time: 0.136165 seconds
plan limit 819
compute initial stop until 11701
current timestep 626
num of flexible agents: 4221
num of flexible tasks: 12221
Solving time: 0.133314 seconds
plan limit 820
compute initial stop until 12334
current timestep 627
num of flexible agents: 4227
num of flexible tasks: 12227
Solving time: 0.13853 seconds
plan limit 815
compute initial stop until 12645
current timestep 628
num of flexible agents: 4231
num of flexible tasks: 12231
Solving time: 0.131739 seconds
plan limit 823
compute initial stop until 12777
current timestep 629
num of flexible agents: 4224
num of flexible tasks: 12224
Solving time: 0.138042 seconds
plan limit 816
compute initial stop until 13437
current timestep 630
num of flexible agents: 4232
num of flexible tasks: 12232
Solving time: 0.131044 seconds
plan limit 821
compute initial stop until 13383
current timestep 631
num of flexible agents: 4220
num of flexible tasks: 12220
Solving time: 0.14292 seconds
plan limit 812
compute initial stop until 12285
current timestep 632
num of flexible agents: 4223
num of flexible tasks: 12223
Solving time: 0.134403 seconds
plan limit 819
compute initial stop until 13148
current timestep 633
num of flexible agents: 4240
num of flexible tasks: 12240
Solving time: 0.150779 seconds
plan limit 804
compute initial stop until 13510
current timestep 634
num of flexible agents: 4240
num of flexible tasks: 12240
Solving time: 0.143201 seconds
plan limit 811
compute initial stop until 13513
current timestep 635
num of flexible agents: 4240
num of flexible tasks: 12240
Solving time: 0.149365 seconds
plan limit 805
compute initial stop until 12645
current timestep 636
num of flexible agents: 4249
num of flexible tasks: 12249
Solving time: 0.142445 seconds
plan limit 812
compute initial stop until 13402
current timestep 637
num of flexible agents: 4242
num of flexible tasks: 12242
Solving time: 0.16453 seconds
plan limit 791
compute initial stop until 11976
current timestep 638
num of flexible agents: 4239
num of flexible tasks: 12239
Solving time: 0.153996 seconds
plan limit 800
compute initial stop until 13545
current timestep 639
num of flexible agents: 4238
num of flexible tasks: 12238
Solving time: 0.14733 seconds
plan limit 808
compute initial stop until 12772
current timestep 640
num of flexible agents: 4216
num of flexible tasks: 12216
Solving time: 0.141524 seconds
plan limit 814
compute initial stop until 12156
current timestep 641
num of flexible agents: 4227
num of flexible tasks: 12227
Solving time: 0.147627 seconds
plan limit 807
compute initial stop until 13002
current timestep 642
num of flexible agents: 4228
num of flexible tasks: 12228
Solving time: 0.144983 seconds
plan limit 810
compute initial stop until 12965
current timestep 643
num of flexible agents: 4218
num of flexible tasks: 12218
Solving time: 0.149825 seconds
plan limit 803
compute initial stop until 12772
current timestep 644
num of flexible agents: 4230
num of flexible tasks: 12230
Solving time: 0.135373 seconds
plan limit 820
compute initial stop until 13089
current timestep 645
num of flexible agents: 4223
num of flexible tasks: 12223
Solving time: 0.138996 seconds
plan limit 815
compute initial stop until 13423
current timestep 646
num of flexible agents: 4216
num of flexible tasks: 12216
Solving time: 0.143606 seconds
plan limit 811
compute initial stop until 12997
current timestep 647
num of flexible agents: 4209
num of flexible tasks: 12209
Solving time: 0.133625 seconds
plan limit 821
compute initial stop until 13063
current timestep 648
num of flexible agents: 4206
num of flexible tasks: 12206
Solving time: 0.139659 seconds
plan limit 815
compute initial stop until 13448
current timestep 649
num of flexible agents: 4207
num of flexible tasks: 12207
Solving time: 0.140075 seconds
plan limit 815
compute initial stop until 13586
current timestep 650
num of flexible agents: 4206
num of flexible tasks: 12206
Solving time: 0.130309 seconds
plan limit 825
compute initial stop until 12975
current timestep 651
num of flexible agents: 4191
num of flexible tasks: 12191
Solving time: 0.141174 seconds
plan limit 813
compute initial stop until 13512
current timestep 652
num of flexible agents: 4198
num of flexible tasks: 12198
Solving time: 0.135362 seconds
plan limit 819
compute initial stop until 13717
current timestep 653
num of flexible agents: 4198
num of flexible tasks: 12198
Solving time: 0.134737 seconds
plan limit 820
compute initial stop until 13856
current timestep 654
num of flexible agents: 4196
num of flexible tasks: 12196
Solving time: 0.14404 seconds
plan limit 808
compute initial stop until 13971
current timestep 655
num of flexible agents: 4184
num of flexible tasks: 12184
Solving time: 0.140484 seconds
plan limit 814
compute initial stop until 14082
current timestep 656
num of flexible agents: 4177
num of flexible tasks: 12177
Solving time: 0.151237 seconds
plan limit 801
compute initial stop until 14013
current timestep 657
num of flexible agents: 4177
num of flexible tasks: 12177
Solving time: 0.158602 seconds
plan limit 796
compute initial stop until 13530
current timestep 658
num of flexible agents: 4166
num of flexible tasks: 12166
Solving time: 0.152307 seconds
plan limit 802
compute initial stop until 12673
current timestep 659
num of flexible agents: 4153
num of flexible tasks: 12153
Solving time: 0.153252 seconds
plan limit 801
compute initial stop until 12988
current timestep 660
num of flexible agents: 4163
num of flexible tasks: 12163
Solving time: 0.161071 seconds
plan limit 794
compute initial stop until 14134
current timestep 661
num of flexible agents: 4160
num of flexible tasks: 12160
Solving time: 0.164814 seconds
plan limit 789
compute initial stop until 13735
current timestep 662
num of flexible agents: 4167
num of flexible tasks: 12167
Solving time: 0.161842 seconds
plan limit 793
compute initial stop until 13157
current timestep 663
num of flexible agents: 4158
num of flexible tasks: 12158
Solving time: 0.156163 seconds
plan limit 799
compute initial stop until 13519
current timestep 664
num of flexible agents: 4162
num of flexible tasks: 12162
Solving time: 0.171401 seconds
plan limit 783
compute initial stop until 13267
current timestep 665
num of flexible agents: 4150
num of flexible tasks: 12150
Solving time: 0.152872 seconds
plan limit 802
compute initial stop until 13526
current timestep 666
num of flexible agents: 4144
num of flexible tasks: 12144
Solving time: 0.165694 seconds
plan limit 789
compute initial stop until 12547
current timestep 667
num of flexible agents: 4141
num of flexible tasks: 12141
Solving time: 0.16346 seconds
plan limit 791
compute initial stop until 13161
current timestep 668
num of flexible agents: 4140
num of flexible tasks: 12140
Solving time: 0.188484 seconds
plan limit 766
compute initial stop until 12071
current timestep 669
num of flexible agents: 4131
num of flexible tasks: 12131
Solving time: 0.173028 seconds
plan limit 781
compute initial stop until 13137
current timestep 670
num of flexible agents: 4126
num of flexible tasks: 12126
Solving time: 0.177941 seconds
plan limit 776
compute initial stop until 13054
current timestep 671
num of flexible agents: 4121
num of flexible tasks: 12121
Solving time: 0.181105 seconds
plan limit 774
compute initial stop until 13033
current timestep 672
num of flexible agents: 4115
num of flexible tasks: 12115
Solving time: 0.194044 seconds
plan limit 759
compute initial stop until 12110
current timestep 673
num of flexible agents: 4116
num of flexible tasks: 12116
Solving time: 0.179835 seconds
plan limit 772
compute initial stop until 12221
current timestep 674
num of flexible agents: 4101
num of flexible tasks: 12101
Solving time: 0.178388 seconds
plan limit 775
compute initial stop until 12024
current timestep 675
num of flexible agents: 4102
num of flexible tasks: 12102
Solving time: 0.185866 seconds
plan limit 768
compute initial stop until 12155
current timestep 676
num of flexible agents: 4106
num of flexible tasks: 12106
Solving time: 0.188497 seconds
plan limit 765
compute initial stop until 12775
current timestep 677
num of flexible agents: 4099
num of flexible tasks: 12099
Solving time: 0.188862 seconds
plan limit 763
compute initial stop until 12644
current timestep 678
num of flexible agents: 4089
num of flexible tasks: 12089
Solving time: 0.187982 seconds
plan limit 766
compute initial stop until 13059
current timestep 679
num of flexible agents: 4086
num of flexible tasks: 12086
Solving time: 0.191278 seconds
plan limit 762
compute initial stop until 13061
current timestep 680
num of flexible agents: 4095
num of flexible tasks: 12095
Solving time: 0.185266 seconds
plan limit 769
compute initial stop until 13311
current timestep 681
num of flexible agents: 4096
num of flexible tasks: 12096
Solving time: 0.184824 seconds
plan limit 769
compute initial stop until 13479
current timestep 682
num of flexible agents: 4086
num of flexible tasks: 12086
Solving time: 0.187762 seconds
plan limit 766
compute initial stop until 11528
current timestep 683
num of flexible agents: 4086
num of flexible tasks: 12086
Solving time: 0.188212 seconds
plan limit 766
compute initial stop until 13540
current timestep 684
num of flexible agents: 4066
num of flexible tasks: 12066
Solving time: 0.181977 seconds
plan limit 772
compute initial stop until 13181
current timestep 685
num of flexible agents: 4055
num of flexible tasks: 12055
Solving time: 0.189384 seconds
plan limit 765
compute initial stop until 13573
current timestep 686
num of flexible agents: 4052
num of flexible tasks: 12052
Solving time: 0.186202 seconds
plan limit 768
compute initial stop until 13763
current timestep 687
num of flexible agents: 4059
num of flexible tasks: 12059
Solving time: 0.195715 seconds
plan limit 759
compute initial stop until 13589
current timestep 688
num of flexible agents: 4051
num of flexible tasks: 12051
Solving time: 0.190192 seconds
plan limit 764
compute initial stop until 13103
current timestep 689
num of flexible agents: 4045
num of flexible tasks: 12045
Solving time: 0.191782 seconds
plan limit 763
compute initial stop until 13363
current timestep 690
num of flexible agents: 4044
num of flexible tasks: 12044
Solving time: 0.183731 seconds
plan limit 770
compute initial stop until 13665
current timestep 691
num of flexible agents: 4034
num of flexible tasks: 12034
Solving time: 0.193182 seconds
plan limit 760
compute initial stop until 13698
current timestep 692
num of flexible agents: 4021
num of flexible tasks: 12021
Solving time: 0.189726 seconds
plan limit 764
compute initial stop until 13149
current timestep 693
num of flexible agents: 4022
num of flexible tasks: 12022
Solving time: 0.194844 seconds
plan limit 759
compute initial stop until 12519
current timestep 694
num of flexible agents: 4025
num of flexible tasks: 12025
Solving time: 0.173097 seconds
plan limit 782
compute initial stop until 12901
current timestep 695
num of flexible agents: 4018
num of flexible tasks: 12018
Solving time: 0.201924 seconds
plan limit 752
compute initial stop until 13528
current timestep 696
num of flexible agents: 4033
num of flexible tasks: 12033
Solving time: 0.199226 seconds
plan limit 755
compute initial stop until 12252
current timestep 697
num of flexible agents: 4035
num of flexible tasks: 12035
Solving time: 0.20132 seconds
plan limit 749
compute initial stop until 12686
current timestep 698
num of flexible agents: 4027
num of flexible tasks: 12027
Solving time: 0.193452 seconds
plan limit 761
compute initial stop until 11868
current timestep 699
num of flexible agents: 4022
num of flexible tasks: 12022
Solving time: 0.195183 seconds
plan limit 760
compute initial stop until 12382
current timestep 700
num of flexible agents: 4025
num of flexible tasks: 12025
Solving time: 0.182551 seconds
plan limit 772
compute initial stop until 12173
current timestep 701
num of flexible agents: 4017
num of flexible tasks: 12017
Solving time: 0.203033 seconds
plan limit 749
compute initial stop until 12438
current timestep 702
num of flexible agents: 4013
num of flexible tasks: 12013
Solving time: 0.192007 seconds
plan limit 763
compute initial stop until 12110
current timestep 703
num of flexible agents: 4000
num of flexible tasks: 12000
Solving time: 0.193 seconds
plan limit 761
compute initial stop until 11782
current timestep 704
num of flexible agents: 4000
num of flexible tasks: 12000
Solving time: 0.191731 seconds
plan limit 762
compute initial stop until 11824
current timestep 705
num of flexible agents: 3999
num of flexible tasks: 11999
Solving time: 0.192078 seconds
plan limit 762
compute initial stop until 12071
current timestep 706
num of flexible agents: 3999
num of flexible tasks: 11999
Solving time: 0.203742 seconds
plan limit 749
compute initial stop until 12155
current timestep 707
num of flexible agents: 3989
num of flexible tasks: 11989
Solving time: 0.203318 seconds
plan limit 752
compute initial stop until 12058
current timestep 708
num of flexible agents: 3992
num of flexible tasks: 11992
Solving time: 0.197621 seconds
plan limit 756
compute initial stop until 11528
current timestep 709
num of flexible agents: 4000
num of flexible tasks: 12000
Solving time: 0.192001 seconds
plan limit 762
compute initial stop until 12693
current timestep 710
num of flexible agents: 4005
num of flexible tasks: 12005
Solving time: 0.199777 seconds
plan limit 755
compute initial stop until 12317
current timestep 711
num of flexible agents: 3999
num of flexible tasks: 11999
Solving time: 0.20069 seconds
plan limit 754
compute initial stop until 11816
current timestep 712
num of flexible agents: 4006
num of flexible tasks: 12006
Solving time: 0.203145 seconds
plan limit 751
compute initial stop until 11393
current timestep 713
num of flexible agents: 4002
num of flexible tasks: 12002
Solving time: 0.192804 seconds
plan limit 762
compute initial stop until 11535
current timestep 714
num of flexible agents: 3999
num of flexible tasks: 11999
Solving time: 0.202108 seconds
plan limit 752
compute initial stop until 12067
current timestep 715
num of flexible agents: 3989
num of flexible tasks: 11989
Solving time: 0.199086 seconds
plan limit 756
compute initial stop until 12106
current timestep 716
num of flexible agents: 3985
num of flexible tasks: 11985
Solving time: 0.20651 seconds
plan limit 747
compute initial stop until 11846
current timestep 717
num of flexible agents: 3978
num of flexible tasks: 11978
Solving time: 0.199649 seconds
plan limit 755
compute initial stop until 11615
current timestep 718
num of flexible agents: 3978
num of flexible tasks: 11978
Solving time: 0.207632 seconds
plan limit 748
compute initial stop until 12145
current timestep 719
num of flexible agents: 3983
num of flexible tasks: 11983
Solving time: 0.188477 seconds
plan limit 767
compute initial stop until 12438
current timestep 720
num of flexible agents: 3976
num of flexible tasks: 11976
Solving time: 0.202931 seconds
plan limit 752
compute initial stop until 12438
current timestep 721
num of flexible agents: 3967
num of flexible tasks: 11967
Solving time: 0.190061 seconds
plan limit 765
compute initial stop until 11763
current timestep 722
num of flexible agents: 3978
num of flexible tasks: 11978
Solving time: 0.205129 seconds
plan limit 750
compute initial stop until 12276
current timestep 723
num of flexible agents: 3978
num of flexible tasks: 11978
Solving time: 0.195448 seconds
plan limit 759
compute initial stop until 12666
current timestep 724
num of flexible agents: 3993
num of flexible tasks: 11993
Solving time: 0.212191 seconds
plan limit 742
compute initial stop until 12727
current timestep 725
num of flexible agents: 3995
num of flexible tasks: 11995
Solving time: 0.200117 seconds
plan limit 754
compute initial stop until 12346
current timestep 726
num of flexible agents: 4012
num of flexible tasks: 12012
Solving time: 0.217848 seconds
plan limit 736
compute initial stop until 12806
current timestep 727
num of flexible agents: 4012
num of flexible tasks: 12012
Solving time: 0.212795 seconds
plan limit 740
compute initial stop until 12973
current timestep 728
num of flexible agents: 4017
num of flexible tasks: 12017
Solving time: 0.216274 seconds
plan limit 737
compute initial stop until 12906
current timestep 729
num of flexible agents: 4030
num of flexible tasks: 12030
Solving time: 0.220518 seconds
plan limit 734
compute initial stop until 12974
current timestep 730
num of flexible agents: 4031
num of flexible tasks: 12031
Solving time: 0.209008 seconds
plan limit 743
compute initial stop until 11284
current timestep 731
num of flexible agents: 4033
num of flexible tasks: 12033
Solving time: 0.200047 seconds
plan limit 754
compute initial stop until 12156
current timestep 732
num of flexible agents: 4039
num of flexible tasks: 12039
Solving time: 0.211456 seconds
plan limit 742
compute initial stop until 12588
current timestep 733
num of flexible agents: 4037
num of flexible tasks: 12037
Solving time: 0.206671 seconds
plan limit 746
compute initial stop until 12754
current timestep 734
num of flexible agents: 4037
num of flexible tasks: 12037
Solving time: 0.198786 seconds
plan limit 756
compute initial stop until 11988
current timestep 735
num of flexible agents: 4042
num of flexible tasks: 12042
Solving time: 0.210303 seconds
plan limit 744
compute initial stop until 13007
current timestep 736
num of flexible agents: 4054
num of flexible tasks: 12054
Solving time: 0.208319 seconds
plan limit 746
compute initial stop until 12645
current timestep 737
num of flexible agents: 4058
num of flexible tasks: 12058
Solving time: 0.222336 seconds
plan limit 732
compute initial stop until 12155
current timestep 738
num of flexible agents: 4063
num of flexible tasks: 12063
Solving time: 0.189718 seconds
plan limit 765
compute initial stop until 13137
current timestep 739
num of flexible agents: 4074
num of flexible tasks: 12074
Solving time: 0.216207 seconds
plan limit 739
compute initial stop until 13211
current timestep 740
num of flexible agents: 4093
num of flexible tasks: 12093
Solving time: 0.207664 seconds
plan limit 747
compute initial stop until 13292
current timestep 741
num of flexible agents: 4100
num of flexible tasks: 12100
Solving time: 0.209843 seconds
plan limit 745
compute initial stop until 13305
current timestep 742
num of flexible agents: 4100
num of flexible tasks: 12100
Solving time: 0.209399 seconds
plan limit 746
compute initial stop until 13320
current timestep 743
num of flexible agents: 4105
num of flexible tasks: 12105
Solving time: 0.214313 seconds
plan limit 740
compute initial stop until 11394
current timestep 744
num of flexible agents: 4113
num of flexible tasks: 12113
Solving time: 0.211055 seconds
plan limit 744
compute initial stop until 11701
current timestep 745
num of flexible agents: 4116
num of flexible tasks: 12116
Solving time: 0.200124 seconds
plan limit 755
compute initial stop until 11957
current timestep 746
num of flexible agents: 4116
num of flexible tasks: 12116
Solving time: 0.211456 seconds
plan limit 743
compute initial stop until 11571
current timestep 747
num of flexible agents: 4129
num of flexible tasks: 12129
Solving time: 0.221818 seconds
plan limit 732
compute initial stop until 12226
current timestep 748
num of flexible agents: 4140
num of flexible tasks: 12140
Solving time: 0.207368 seconds
plan limit 747
compute initial stop until 12658
current timestep 749
num of flexible agents: 4135
num of flexible tasks: 12135
Solving time: 0.217026 seconds
plan limit 738
compute initial stop until 13007
current timestep 750
num of flexible agents: 4148
num of flexible tasks: 12148
Solving time: 0.218003 seconds
plan limit 737
compute initial stop until 12845
current timestep 751
num of flexible agents: 4156
num of flexible tasks: 12156
Solving time: 0.224616 seconds
plan limit 730
compute initial stop until 13291
current timestep 752
num of flexible agents: 4148
num of flexible tasks: 12148
Solving time: 0.217565 seconds
plan limit 737
compute initial stop until 10295
current timestep 753
num of flexible agents: 4149
num of flexible tasks: 12149
Solving time: 0.218634 seconds
plan limit 736
compute initial stop until 12687
current timestep 754
num of flexible agents: 4149
num of flexible tasks: 12149
Solving time: 0.210857 seconds
plan limit 744
compute initial stop until 13332
current timestep 755
num of flexible agents: 4145
num of flexible tasks: 12145
Solving time: 0.212594 seconds
plan limit 742
compute initial stop until 11560
current timestep 756
num of flexible agents: 4143
num of flexible tasks: 12143
Solving time: 0.203529 seconds
plan limit 751
compute initial stop until 12156
current timestep 757
num of flexible agents: 4163
num of flexible tasks: 12163
Solving time: 0.211239 seconds
plan limit 740
compute initial stop until 12752
current timestep 758
num of flexible agents: 4175
num of flexible tasks: 12175
Solving time: 0.210796 seconds
plan limit 743
compute initial stop until 13081
current timestep 759
num of flexible agents: 4167
num of flexible tasks: 12167
Solving time: 0.212576 seconds
plan limit 741
compute initial stop until 11972
current timestep 760
num of flexible agents: 4172
num of flexible tasks: 12172
Solving time: 0.199699 seconds
plan limit 755
compute initial stop until 12111
current timestep 761
num of flexible agents: 4183
num of flexible tasks: 12183
Solving time: 0.219268 seconds
plan limit 734
compute initial stop until 12519
current timestep 762
num of flexible agents: 4190
num of flexible tasks: 12190
Solving time: 0.211284 seconds
plan limit 742
compute initial stop until 11838
current timestep 763
num of flexible agents: 4184
num of flexible tasks: 12184
Solving time: 0.197984 seconds
plan limit 757
compute initial stop until 12417
current timestep 764
num of flexible agents: 4192
num of flexible tasks: 12192
Solving time: 0.218499 seconds
plan limit 735
compute initial stop until 10843
current timestep 765
num of flexible agents: 4204
num of flexible tasks: 12204
Solving time: 0.19971 seconds
plan limit 754
compute initial stop until 13157
current timestep 766
num of flexible agents: 4201
num of flexible tasks: 12201
Solving time: 0.21738 seconds
plan limit 737
compute initial stop until 11972
current timestep 767
num of flexible agents: 4203
num of flexible tasks: 12203
Solving time: 0.19909 seconds
plan limit 756
compute initial stop until 13316
current timestep 768
num of flexible agents: 4205
num of flexible tasks: 12205
Solving time: 0.223516 seconds
plan limit 730
compute initial stop until 11505
current timestep 769
num of flexible agents: 4207
num of flexible tasks: 12207
Solving time: 0.215473 seconds
plan limit 739
compute initial stop until 12767
current timestep 770
num of flexible agents: 4197
num of flexible tasks: 12197
Solving time: 0.20817 seconds
plan limit 746
compute initial stop until 11284
current timestep 771
num of flexible agents: 4198
num of flexible tasks: 12198
Solving time: 0.215996 seconds
plan limit 738
compute initial stop until 11394
current timestep 772
num of flexible agents: 4205
num of flexible tasks: 12205
Solving time: 0.203074 seconds
plan limit 752
compute initial stop until 12666
current timestep 773
num of flexible agents: 4206
num of flexible tasks: 12206
Solving time: 0.212907 seconds
plan limit 741
compute initial stop until 11518
current timestep 774
num of flexible agents: 4206
num of flexible tasks: 12206
Solving time: 0.215436 seconds
plan limit 739
compute initial stop until 12353
current timestep 775
num of flexible agents: 4192
num of flexible tasks: 12192
Solving time: 0.205764 seconds
plan limit 748
compute initial stop until 10869
current timestep 776
num of flexible agents: 4194
num of flexible tasks: 12194
Solving time: 0.21134 seconds
plan limit 743
compute initial stop until 11868
current timestep 777
num of flexible agents: 4203
num of flexible tasks: 12203
Solving time: 0.205664 seconds
plan limit 750
compute initial stop until 11439
current timestep 778
num of flexible agents: 4202
num of flexible tasks: 12202
Solving time: 0.220039 seconds
plan limit 735
compute initial stop until 11102
current timestep 779
num of flexible agents: 4204
num of flexible tasks: 12204
Solving time: 0.207283 seconds
plan limit 747
compute initial stop until 10723
current timestep 780
num of flexible agents: 4211
num of flexible tasks: 12211
Solving time: 0.20447 seconds
plan limit 750
compute initial stop until 12571
current timestep 781
num of flexible agents: 4202
num of flexible tasks: 12202
Solving time: 0.205562 seconds
plan limit 749
compute initial stop until 11300
current timestep 782
num of flexible agents: 4198
num of flexible tasks: 12198
Solving time: 0.218955 seconds
plan limit 735
compute initial stop until 9644
current timestep 783
num of flexible agents: 4202
num of flexible tasks: 12202
Solving time: 0.211491 seconds
plan limit 743
compute initial stop until 11462
current timestep 784
num of flexible agents: 4201
num of flexible tasks: 12201
Solving time: 0.211015 seconds
plan limit 744
compute initial stop until 11414
current timestep 785
num of flexible agents: 4204
num of flexible tasks: 12204
Solving time: 0.210616 seconds
plan limit 744
compute initial stop until 12087
current timestep 786
num of flexible agents: 4201
num of flexible tasks: 12201
Solving time: 0.218341 seconds
plan limit 735
compute initial stop until 10879
current timestep 787
num of flexible agents: 4198
num of flexible tasks: 12198
Solving time: 0.201629 seconds
plan limit 753
compute initial stop until 12213
current timestep 788
num of flexible agents: 4198
num of flexible tasks: 12198
Solving time: 0.203006 seconds
plan limit 751
compute initial stop until 11822
current timestep 789
num of flexible agents: 4205
num of flexible tasks: 12205
Solving time: 0.21619 seconds
plan limit 737
compute initial stop until 11836
current timestep 790
num of flexible agents: 4204
num of flexible tasks: 12204
Solving time: 0.202009 seconds
plan limit 752
compute initial stop until 10875
current timestep 791
num of flexible agents: 4203
num of flexible tasks: 12203
Solving time: 0.219424 seconds
plan limit 735
compute initial stop until 10486
current timestep 792
num of flexible agents: 4221
num of flexible tasks: 12221
Solving time: 0.205958 seconds
plan limit 749
compute initial stop until 11394
current timestep 793
num of flexible agents: 4224
num of flexible tasks: 12224
Solving time: 0.216637 seconds
plan limit 737
compute initial stop until 11462
current timestep 794
num of flexible agents: 4233
num of flexible tasks: 12233
Solving time: 0.206876 seconds
plan limit 748
compute initial stop until 10902
current timestep 795
num of flexible agents: 4241
num of flexible tasks: 12241
Solving time: 0.211177 seconds
plan limit 743
compute initial stop until 11791
current timestep 796
num of flexible agents: 4255
num of flexible tasks: 12255
Solving time: 0.211389 seconds
plan limit 743
compute initial stop until 10686
current timestep 797
num of flexible agents: 4272
num of flexible tasks: 12272
Solving time: 0.219861 seconds
plan limit 735
compute initial stop until 11234
current timestep 798
num of flexible agents: 4266
num of flexible tasks: 12266
Solving time: 0.203924 seconds
plan limit 751
compute initial stop until 10686
current timestep 799
num of flexible agents: 4269
num of flexible tasks: 12269
Solving time: 0.223067 seconds
plan limit 732
compute initial stop until 11232
current timestep 800
num of flexible agents: 4270
num of flexible tasks: 12270
Solving time: 0.208551 seconds
plan limit 746
compute initial stop until 9465
current timestep 801
num of flexible agents: 4275
num of flexible tasks: 12275
Solving time: 0.219451 seconds
plan limit 736
compute initial stop until 10069
current timestep 802
num of flexible agents: 4283
num of flexible tasks: 12283
Solving time: 0.210326 seconds
plan limit 745
compute initial stop until 10672
current timestep 803
num of flexible agents: 4289
num of flexible tasks: 12289
Solving time: 0.214982 seconds
plan limit 740
compute initial stop until 10346
current timestep 804
num of flexible agents: 4292
num of flexible tasks: 12292
Solving time: 0.213834 seconds
plan limit 741
compute initial stop until 10282
current timestep 805
num of flexible agents: 4301
num of flexible tasks: 12301
Solving time: 0.204135 seconds
plan limit 751
compute initial stop until 10723
current timestep 806
num of flexible agents: 4307
num of flexible tasks: 12307
Solving time: 0.212554 seconds
plan limit 742
compute initial stop until 9667
current timestep 807
num of flexible agents: 4305
num of flexible tasks: 12305
Solving time: 0.225487 seconds
plan limit 728
compute initial stop until 9238
current timestep 808
num of flexible agents: 4304
num of flexible tasks: 12304
Solving time: 0.214118 seconds
plan limit 741
compute initial stop until 8525
current timestep 809
num of flexible agents: 4308
num of flexible tasks: 12308
Solving time: 0.221217 seconds
plan limit 734
compute initial stop until 9479
current timestep 810
num of flexible agents: 4320
num of flexible tasks: 12320
Solving time: 0.209888 seconds
plan limit 745
compute initial stop until 9644
current timestep 811
num of flexible agents: 4324
num of flexible tasks: 12324
Solving time: 0.210798 seconds
plan limit 743
compute initial stop until 9968
current timestep 812
num of flexible agents: 4338
num of flexible tasks: 12338
Solving time: 0.206789 seconds
plan limit 747
compute initial stop until 10059
current timestep 813
num of flexible agents: 4347
num of flexible tasks: 12347
Solving time: 0.211658 seconds
plan limit 741
compute initial stop until 10351
current timestep 814
num of flexible agents: 4343
num of flexible tasks: 12343
Solving time: 0.200442 seconds
plan limit 754
compute initial stop until 8274
current timestep 815
num of flexible agents: 4344
num of flexible tasks: 12344
Solving time: 0.209218 seconds
plan limit 744
compute initial stop until 9416
current timestep 816
num of flexible agents: 4361
num of flexible tasks: 12361
Solving time: 0.210851 seconds
plan limit 742
compute initial stop until 9497
current timestep 817
num of flexible agents: 4372
num of flexible tasks: 12372
Solving time: 0.211112 seconds
plan limit 743
compute initial stop until 9068
current timestep 818
num of flexible agents: 4383
num of flexible tasks: 12383
Solving time: 0.225967 seconds
plan limit 728
compute initial stop until 8610
current timestep 819
num of flexible agents: 4396
num of flexible tasks: 12396
Solving time: 0.210494 seconds
plan limit 745
compute initial stop until 9402
current timestep 820
num of flexible agents: 4410
num of flexible tasks: 12410
Solving time: 0.214403 seconds
plan limit 740
compute initial stop until 9667
current timestep 821
num of flexible agents: 4402
num of flexible tasks: 12402
Solving time: 0.217205 seconds
plan limit 737
compute initial stop until 9692
current timestep 822
num of flexible agents: 4412
num of flexible tasks: 12412
Solving time: 0.216458 seconds
plan limit 738
compute initial stop until 9178
current timestep 823
num of flexible agents: 4417
num of flexible tasks: 12417
Solving time: 0.216492 seconds
plan limit 739
compute initial stop until 9747
current timestep 824
num of flexible agents: 4435
num of flexible tasks: 12435
Solving time: 0.208922 seconds
plan limit 746
compute initial stop until 8640
current timestep 825
num of flexible agents: 4435
num of flexible tasks: 12435
Solving time: 0.218657 seconds
plan limit 737
compute initial stop until 9112
current timestep 826
num of flexible agents: 4451
num of flexible tasks: 12451
Solving time: 0.213903 seconds
plan limit 742
compute initial stop until 8688
current timestep 827
num of flexible agents: 4447
num of flexible tasks: 12447
Solving time: 0.222763 seconds
plan limit 732
compute initial stop until 7937
current timestep 828
num of flexible agents: 4472
num of flexible tasks: 12472
Solving time: 0.215886 seconds
plan limit 739
compute initial stop until 8426
current timestep 829
num of flexible agents: 4484
num of flexible tasks: 12484
Solving time: 0.201544 seconds
plan limit 754
compute initial stop until 8855
current timestep 830
num of flexible agents: 4473
num of flexible tasks: 12473
Solving time: 0.224167 seconds
plan limit 731
compute initial stop until 7650
current timestep 831
num of flexible agents: 4462
num of flexible tasks: 12462
Solving time: 0.222698 seconds
plan limit 733
compute initial stop until 8362
current timestep 832
num of flexible agents: 4478
num of flexible tasks: 12478
Solving time: 0.214396 seconds
plan limit 741
compute initial stop until 8457
current timestep 833
num of flexible agents: 4499
num of flexible tasks: 12499
Solving time: 0.205308 seconds
plan limit 750
compute initial stop until 8825
current timestep 834
num of flexible agents: 4511
num of flexible tasks: 12511
Solving time: 0.214764 seconds
plan limit 741
compute initial stop until 9140
current timestep 835
num of flexible agents: 4525
num of flexible tasks: 12525
Solving time: 0.215963 seconds
plan limit 739
compute initial stop until 8688
current timestep 836
num of flexible agents: 4528
num of flexible tasks: 12528
Solving time: 0.217886 seconds
plan limit 737
compute initial stop until 8999
current timestep 837
num of flexible agents: 4536
num of flexible tasks: 12536
Solving time: 0.221388 seconds
plan limit 733
compute initial stop until 8142
current timestep 838
num of flexible agents: 4542
num of flexible tasks: 12542
Solving time: 0.215951 seconds
plan limit 739
compute initial stop until 8504
current timestep 839
num of flexible agents: 4537
num of flexible tasks: 12537
Solving time: 0.215533 seconds
plan limit 740
compute initial stop until 7690
current timestep 840
num of flexible agents: 4555
num of flexible tasks: 12555
Solving time: 0.223844 seconds
plan limit 729
compute initial stop until 8311
current timestep 841
num of flexible agents: 4549
num of flexible tasks: 12549
Solving time: 0.212707 seconds
plan limit 743
compute initial stop until 7977
current timestep 842
num of flexible agents: 4564
num of flexible tasks: 12564
Solving time: 0.216701 seconds
plan limit 737
compute initial stop until 8305
current timestep 843
num of flexible agents: 4577
num of flexible tasks: 12577
Solving time: 0.221373 seconds
plan limit 733
compute initial stop until 7326
current timestep 844
num of flexible agents: 4589
num of flexible tasks: 12589
Solving time: 0.226083 seconds
plan limit 728
compute initial stop until 8610
current timestep 845
num of flexible agents: 4588
num of flexible tasks: 12588
Solving time: 0.211447 seconds
plan limit 741
compute initial stop until 7101
current timestep 846
num of flexible agents: 4600
num of flexible tasks: 12600
Solving time: 0.216499 seconds
plan limit 738
compute initial stop until 8290
current timestep 847
num of flexible agents: 4606
num of flexible tasks: 12606
Solving time: 0.21129 seconds
plan limit 742
compute initial stop until 8694
current timestep 848
num of flexible agents: 4612
num of flexible tasks: 12612
Solving time: 0.219746 seconds
plan limit 733
compute initial stop until 8640
current timestep 849
num of flexible agents: 4634
num of flexible tasks: 12634
Solving time: 0.221642 seconds
plan limit 733
compute initial stop until 8887
current timestep 850
num of flexible agents: 4651
num of flexible tasks: 12651
Solving time: 0.219684 seconds
plan limit 735
compute initial stop until 8527
current timestep 851
num of flexible agents: 4657
num of flexible tasks: 12657
Solving time: 0.226048 seconds
plan limit 729
compute initial stop until 8919
current timestep 852
num of flexible agents: 4664
num of flexible tasks: 12664
Solving time: 0.220442 seconds
plan limit 735
compute initial stop until 6887
current timestep 853
num of flexible agents: 4676
num of flexible tasks: 12676
Solving time: 0.224611 seconds
plan limit 730
compute initial stop until 9017
current timestep 854
num of flexible agents: 4682
num of flexible tasks: 12682
Solving time: 0.214067 seconds
plan limit 741
compute initial stop until 8891
current timestep 855
num of flexible agents: 4696
num of flexible tasks: 12696
Solving time: 0.222002 seconds
plan limit 733
compute initial stop until 8395
current timestep 856
num of flexible agents: 4713
num of flexible tasks: 12713
Solving time: 0.228599 seconds
plan limit 727
compute initial stop until 8267
current timestep 857
num of flexible agents: 4725
num of flexible tasks: 12725
Solving time: 0.220147 seconds
plan limit 735
compute initial stop until 8817
current timestep 858
num of flexible agents: 4740
num of flexible tasks: 12740
Solving time: 0.217245 seconds
plan limit 738
compute initial stop until 8332
current timestep 859
num of flexible agents: 4757
num of flexible tasks: 12757
Solving time: 0.220479 seconds
plan limit 735
compute initial stop until 8160
current timestep 860
num of flexible agents: 4763
num of flexible tasks: 12763
Solving time: 0.210506 seconds
plan limit 745
compute initial stop until 8142
current timestep 861
num of flexible agents: 4761
num of flexible tasks: 12761
Solving time: 0.22917 seconds
plan limit 726
compute initial stop until 8472
current timestep 862
num of flexible agents: 4766
num of flexible tasks: 12766
Solving time: 0.219091 seconds
plan limit 736
compute initial stop until 8186
current timestep 863
num of flexible agents: 4773
num of flexible tasks: 12773
Solving time: 0.22929 seconds
plan limit 726
compute initial stop until 8030
current timestep 864
num of flexible agents: 4786
num of flexible tasks: 12786
Solving time: 0.225164 seconds
plan limit 730
compute initial stop until 8609
current timestep 865
num of flexible agents: 4794
num of flexible tasks: 12794
Solving time: 0.237415 seconds
plan limit 718
compute initial stop until 6887
current timestep 866
num of flexible agents: 4801
num of flexible tasks: 12801
Solving time: 0.224538 seconds
plan limit 731
compute initial stop until 8107
current timestep 867
num of flexible agents: 4805
num of flexible tasks: 12805
Solving time: 0.219904 seconds
plan limit 736
compute initial stop until 8609
current timestep 868
num of flexible agents: 4814
num of flexible tasks: 12814
Solving time: 0.208813 seconds
plan limit 747
compute initial stop until 7681
current timestep 869
num of flexible agents: 4829
num of flexible tasks: 12829
Solving time: 0.243018 seconds
plan limit 712
compute initial stop until 7635
current timestep 870
num of flexible agents: 4839
num of flexible tasks: 12839
Solving time: 0.232043 seconds
plan limit 723
compute initial stop until 8199
current timestep 871
num of flexible agents: 4841
num of flexible tasks: 12841
Solving time: 0.220085 seconds
plan limit 735
compute initial stop until 8385
current timestep 872
num of flexible agents: 4844
num of flexible tasks: 12844
Solving time: 0.227667 seconds
plan limit 728
compute initial stop until 8527
current timestep 873
num of flexible agents: 4842
num of flexible tasks: 12842
Solving time: 0.226343 seconds
plan limit 728
compute initial stop until 7926
current timestep 874
num of flexible agents: 4861
num of flexible tasks: 12861
Solving time: 0.243769 seconds
plan limit 707
compute initial stop until 7359
current timestep 875
num of flexible agents: 4889
num of flexible tasks: 12889
Solving time: 0.236623 seconds
plan limit 718
compute initial stop until 8139
current timestep 876
num of flexible agents: 4910
num of flexible tasks: 12910
Solving time: 0.217764 seconds
plan limit 737
compute initial stop until 8252
current timestep 877
num of flexible agents: 4901
num of flexible tasks: 12901
Solving time: 0.221852 seconds
plan limit 733
compute initial stop until 7926
current timestep 878
num of flexible agents: 4889
num of flexible tasks: 12889
Solving time: 0.22449 seconds
plan limit 729
compute initial stop until 7037
current timestep 879
num of flexible agents: 4911
num of flexible tasks: 12911
Solving time: 0.239822 seconds
plan limit 715
compute initial stop until 7088
current timestep 880
num of flexible agents: 4914
num of flexible tasks: 12914
Solving time: 0.230742 seconds
plan limit 724
compute initial stop until 7196
current timestep 881
num of flexible agents: 4926
num of flexible tasks: 12926
Solving time: 0.232351 seconds
plan limit 723
compute initial stop until 8006
current timestep 882
num of flexible agents: 4923
num of flexible tasks: 12923
Solving time: 0.234593 seconds
plan limit 721
compute initial stop until 7103
current timestep 883
num of flexible agents: 4938
num of flexible tasks: 12938
Solving time: 0.22782 seconds
plan limit 728
compute initial stop until 8347
current timestep 884
num of flexible agents: 4963
num of flexible tasks: 12963
Solving time: 0.24006 seconds
plan limit 715
compute initial stop until 6994
current timestep 885
num of flexible agents: 4968
num of flexible tasks: 12968
Solving time: 0.230293 seconds
plan limit 725
compute initial stop until 8432
current timestep 886
num of flexible agents: 4977
num of flexible tasks: 12977
Solving time: 0.241236 seconds
plan limit 714
compute initial stop until 8142
current timestep 887
num of flexible agents: 4981
num of flexible tasks: 12981
Solving time: 0.231283 seconds
plan limit 725
compute initial stop until 7770
current timestep 888
num of flexible agents: 4985
num of flexible tasks: 12985
Solving time: 0.232451 seconds
plan limit 723
compute initial stop until 7366
current timestep 889
num of flexible agents: 4997
num of flexible tasks: 12997
Solving time: 0.231083 seconds
plan limit 724
compute initial stop until 8067
current timestep 890
num of flexible agents: 5007
num of flexible tasks: 13007
Solving time: 0.240783 seconds
plan limit 715
compute initial stop until 7530
current timestep 891
num of flexible agents: 5014
num of flexible tasks: 13014
Solving time: 0.248785 seconds
plan limit 707
compute initial stop until 7853
current timestep 892
num of flexible agents: 5028
num of flexible tasks: 13028
Solving time: 0.236356 seconds
plan limit 463
compute initial stop until 3920
current timestep 893
num of flexible agents: 5060
num of flexible tasks: 13060
Solving time: 0.223939 seconds
plan limit 732
compute initial stop until 7196
current timestep 894
num of flexible agents: 5083
num of flexible tasks: 13083
Solving time: 0.23783 seconds
plan limit 718
compute initial stop until 8232
current timestep 895
num of flexible agents: 5093
num of flexible tasks: 13093
Solving time: 0.230401 seconds
plan limit 725
compute initial stop until 7508
current timestep 896
num of flexible agents: 5112
num of flexible tasks: 13112
Solving time: 0.241706 seconds
plan limit 714
compute initial stop until 8273
current timestep 897
num of flexible agents: 5121
num of flexible tasks: 13121
Solving time: 0.234341 seconds
plan limit 721
compute initial stop until 8154
current timestep 898
num of flexible agents: 5137
num of flexible tasks: 13137
Solving time: 0.246535 seconds
plan limit 708
compute initial stop until 8036
current timestep 899
num of flexible agents: 5159
num of flexible tasks: 13159
Solving time: 0.251627 seconds
plan limit 702
compute initial stop until 7396
current timestep 900
num of flexible agents: 5173
num of flexible tasks: 13173
Solving time: 0.245165 seconds
plan limit 710
compute initial stop until 8395
current timestep 901
num of flexible agents: 5183
num of flexible tasks: 13183
Solving time: 0.223944 seconds
plan limit 732
compute initial stop until 8460
current timestep 902
num of flexible agents: 5202
num of flexible tasks: 13202
Solving time: 0.241816 seconds
plan limit 714
compute initial stop until 8535
current timestep 903
num of flexible agents: 5209
num of flexible tasks: 13209
Solving time: 0.236294 seconds
plan limit 719
compute initial stop until 7878
current timestep 904
num of flexible agents: 5223
num of flexible tasks: 13223
Solving time: 0.247349 seconds
plan limit 707
compute initial stop until 8079
current timestep 905
num of flexible agents: 5234
num of flexible tasks: 13234
Solving time: 0.257445 seconds
plan limit 696
compute initial stop until 8275
current timestep 906
num of flexible agents: 5249
num of flexible tasks: 13249
Solving time: 0.227839 seconds
plan limit 727
compute initial stop until 8588
current timestep 907
num of flexible agents: 5268
num of flexible tasks: 13268
Solving time: 0.249999 seconds
plan limit 705
compute initial stop until 7948
current timestep 908
num of flexible agents: 5289
num of flexible tasks: 13289
Solving time: 0.242739 seconds
plan limit 713
compute initial stop until 7884
current timestep 909
num of flexible agents: 5299
num of flexible tasks: 13299
Solving time: 0.241202 seconds
plan limit 713
compute initial stop until 8783
current timestep 910
num of flexible agents: 5312
num of flexible tasks: 13312
Solving time: 0.239994 seconds
plan limit 716
compute initial stop until 8794
current timestep 911
num of flexible agents: 5314
num of flexible tasks: 13314
Solving time: 0.250299 seconds
plan limit 705
compute initial stop until 7994
current timestep 912
num of flexible agents: 5325
num of flexible tasks: 13325
Solving time: 0.234459 seconds
plan limit 721
compute initial stop until 8395
current timestep 913
num of flexible agents: 5348
num of flexible tasks: 13348
Solving time: 0.249216 seconds
plan limit 706
compute initial stop until 8620
current timestep 914
num of flexible agents: 5365
num of flexible tasks: 13365
Solving time: 0.245236 seconds
plan limit 710
compute initial stop until 7933
current timestep 915
num of flexible agents: 5377
num of flexible tasks: 13377
Solving time: 0.257186 seconds
plan limit 698
compute initial stop until 8644
current timestep 916
num of flexible agents: 5383
num of flexible tasks: 13383
Solving time: 0.246711 seconds
plan limit 709
compute initial stop until 8707
current timestep 917
num of flexible agents: 5389
num of flexible tasks: 13389
Solving time: 0.252836 seconds
plan limit 703
compute initial stop until 8144
current timestep 918
num of flexible agents: 5401
num of flexible tasks: 13401
Solving time: 0.271386 seconds
plan limit 684
compute initial stop until 7558
current timestep 919
num of flexible agents: 5406
num of flexible tasks: 13406
Solving time: 0.251047 seconds
plan limit 704
compute initial stop until 6834
current timestep 920
num of flexible agents: 5408
num of flexible tasks: 13408
Solving time: 0.248618 seconds
plan limit 707
compute initial stop until 8252
current timestep 921
num of flexible agents: 5426
num of flexible tasks: 13426
Solving time: 0.255645 seconds
plan limit 700
compute initial stop until 8881
current timestep 922
num of flexible agents: 5448
num of flexible tasks: 13448
Solving time: 0.246917 seconds
plan limit 709
compute initial stop until 8079
current timestep 923
num of flexible agents: 5447
num of flexible tasks: 13447
Solving time: 0.255606 seconds
plan limit 700
compute initial stop until 8109
current timestep 924
num of flexible agents: 5464
num of flexible tasks: 13464
Solving time: 0.253722 seconds
plan limit 702
compute initial stop until 8729
current timestep 925
num of flexible agents: 5461
num of flexible tasks: 13461
Solving time: 0.253619 seconds
plan limit 701
compute initial stop until 8339
current timestep 926
num of flexible agents: 5469
num of flexible tasks: 13469
Solving time: 0.242262 seconds
plan limit 713
compute initial stop until 8762
current timestep 927
num of flexible agents: 5489
num of flexible tasks: 13489
Solving time: 0.267797 seconds
plan limit 688
compute initial stop until 8067
current timestep 928
num of flexible agents: 5505
num of flexible tasks: 13505
Solving time: 0.248868 seconds
plan limit 707
compute initial stop until 8219
current timestep 929
num of flexible agents: 5508
num of flexible tasks: 13508
Solving time: 0.260722 seconds
plan limit 695
compute initial stop until 7351
current timestep 930
num of flexible agents: 5508
num of flexible tasks: 13508
Solving time: 0.257119 seconds
plan limit 699
compute initial stop until 7396
current timestep 931
num of flexible agents: 5511
num of flexible tasks: 13511
Solving time: 0.252131 seconds
plan limit 704
compute initial stop until 7926
current timestep 932
num of flexible agents: 5517
num of flexible tasks: 13517
Solving time: 0.250836 seconds
plan limit 705
compute initial stop until 7410
current timestep 933
num of flexible agents: 5530
num of flexible tasks: 13530
Solving time: 0.265146 seconds
plan limit 690
compute initial stop until 7508
current timestep 934
num of flexible agents: 5537
num of flexible tasks: 13537
Solving time: 0.239101 seconds
plan limit 715
compute initial stop until 7948
current timestep 935
num of flexible agents: 5543
num of flexible tasks: 13543
Solving time: 0.248277 seconds
plan limit 706
compute initial stop until 6917
current timestep 936
num of flexible agents: 5558
num of flexible tasks: 13558
Solving time: 0.253135 seconds
plan limit 702
compute initial stop until 7639
current timestep 937
num of flexible agents: 5570
num of flexible tasks: 13570
Solving time: 0.245723 seconds
plan limit 710
compute initial stop until 7223
current timestep 938
num of flexible agents: 5579
num of flexible tasks: 13579
Solving time: 0.248286 seconds
plan limit 706
compute initial stop until 7412
current timestep 939
num of flexible agents: 5601
num of flexible tasks: 13601
Solving time: 0.261113 seconds
plan limit 694
compute initial stop until 7723
current timestep 940
num of flexible agents: 5609
num of flexible tasks: 13609
Solving time: 0.25912 seconds
plan limit 697
compute initial stop until 6547
current timestep 941
num of flexible agents: 5628
num of flexible tasks: 13628
Solving time: 0.24981 seconds
plan limit 706
compute initial stop until 7881
current timestep 942
num of flexible agents: 5642
num of flexible tasks: 13642
Solving time: 0.255587 seconds
plan limit 700
compute initial stop until 8049
current timestep 943
num of flexible agents: 5656
num of flexible tasks: 13656
Solving time: 0.245736 seconds
plan limit 710
compute initial stop until 7480
current timestep 944
num of flexible agents: 5675
num of flexible tasks: 13675
Solving time: 0.251869 seconds
plan limit 704
compute initial stop until 6761
current timestep 945
num of flexible agents: 5680
num of flexible tasks: 13680
Solving time: 0.236585 seconds
plan limit 720
compute initial stop until 7444
current timestep 946
num of flexible agents: 5685
num of flexible tasks: 13685
Solving time: 0.241766 seconds
plan limit 714
compute initial stop until 7271
current timestep 947
num of flexible agents: 5698
num of flexible tasks: 13698
Solving time: 0.239595 seconds
plan limit 717
compute initial stop until 7656
current timestep 948
num of flexible agents: 5721
num of flexible tasks: 13721
Solving time: 0.255219 seconds
plan limit 701
compute initial stop until 6534
current timestep 949
num of flexible agents: 5725
num of flexible tasks: 13725
Solving time: 0.246292 seconds
plan limit 710
compute initial stop until 6971
current timestep 950
num of flexible agents: 5740
num of flexible tasks: 13740
Solving time: 0.265101 seconds
plan limit 691
compute initial stop until 7036
current timestep 951
num of flexible agents: 5754
num of flexible tasks: 13754
Solving time: 0.254983 seconds
plan limit 701
compute initial stop until 7668
current timestep 952
num of flexible agents: 5769
num of flexible tasks: 13769
Solving time: 0.266332 seconds
plan limit 690
compute initial stop until 5984
current timestep 953
num of flexible agents: 5776
num of flexible tasks: 13776
Solving time: 0.243413 seconds
plan limit 712
compute initial stop until 6716
current timestep 954
num of flexible agents: 5777
num of flexible tasks: 13777
Solving time: 0.261551 seconds
plan limit 694
compute initial stop until 7779
current timestep 955
num of flexible agents: 5798
num of flexible tasks: 13798
Solving time: 0.245935 seconds
plan limit 710
compute initial stop until 6958
current timestep 956
num of flexible agents: 5812
num of flexible tasks: 13812
Solving time: 0.25851 seconds
plan limit 697
compute initial stop until 7409
current timestep 957
num of flexible agents: 5832
num of flexible tasks: 13832
Solving time: 0.246125 seconds
plan limit 710
compute initial stop until 7547
current timestep 958
num of flexible agents: 5850
num of flexible tasks: 13850
Solving time: 0.25262 seconds
plan limit 703
compute initial stop until 7547
current timestep 959
num of flexible agents: 5870
num of flexible tasks: 13870
Solving time: 0.255131 seconds
plan limit 700
compute initial stop until 6617
current timestep 960
num of flexible agents: 5893
num of flexible tasks: 13893
Solving time: 0.25437 seconds
plan limit 702
compute initial stop until 6901
current timestep 961
num of flexible agents: 5902
num of flexible tasks: 13902
Solving time: 0.251097 seconds
plan limit 704
compute initial stop until 6965
current timestep 962
num of flexible agents: 5906
num of flexible tasks: 13906
Solving time: 0.254247 seconds
plan limit 699
compute initial stop until 6059
current timestep 963
num of flexible agents: 5925
num of flexible tasks: 13925
Solving time: 0.25602 seconds
plan limit 698
compute initial stop until 5973
current timestep 964
num of flexible agents: 5933
num of flexible tasks: 13933
Solving time: 0.257326 seconds
plan limit 697
compute initial stop until 6356
current timestep 965
num of flexible agents: 5938
num of flexible tasks: 13938
Solving time: 0.244791 seconds
plan limit 709
compute initial stop until 6602
current timestep 966
num of flexible agents: 5944
num of flexible tasks: 13944
Solving time: 0.257962 seconds
plan limit 697
compute initial stop until 7020
current timestep 967
num of flexible agents: 5948
num of flexible tasks: 13948
Solving time: 0.248482 seconds
plan limit 707
compute initial stop until 7271
current timestep 968
num of flexible agents: 5965
num of flexible tasks: 13965
Solving time: 0.267163 seconds
plan limit 689
compute initial stop until 7028
current timestep 969
num of flexible agents: 5972
num of flexible tasks: 13972
Solving time: 0.245021 seconds
plan limit 711
compute initial stop until 6313
current timestep 970
num of flexible agents: 5975
num of flexible tasks: 13975
Solving time: 0.245986 seconds
plan limit 709
compute initial stop until 6785
current timestep 971
num of flexible agents: 5976
num of flexible tasks: 13976
Solving time: 0.252053 seconds
plan limit 704
compute initial stop until 5584
current timestep 972
num of flexible agents: 5987
num of flexible tasks: 13987
Solving time: 0.251797 seconds
plan limit 705
compute initial stop until 6637
current timestep 973
num of flexible agents: 5995
num of flexible tasks: 13995
Solving time: 0.256147 seconds
plan limit 699
compute initial stop until 7298
current timestep 974
num of flexible agents: 6015
num of flexible tasks: 14015
Solving time: 0.245841 seconds
plan limit 711
compute initial stop until 6617
current timestep 975
num of flexible agents: 6028
num of flexible tasks: 14028
Solving time: 0.262071 seconds
plan limit 695
compute initial stop until 6908
current timestep 976
num of flexible agents: 6044
num of flexible tasks: 14044
Solving time: 0.257952 seconds
plan limit 697
compute initial stop until 6921
current timestep 977
num of flexible agents: 6054
num of flexible tasks: 14054
Solving time: 0.256687 seconds
plan limit 699
compute initial stop until 6604
current timestep 978
num of flexible agents: 6063
num of flexible tasks: 14063
Solving time: 0.251717 seconds
plan limit 704
compute initial stop until 7359
current timestep 979
num of flexible agents: 6079
num of flexible tasks: 14079
Solving time: 0.261028 seconds
plan limit 695
compute initial stop until 6637
current timestep 980
num of flexible agents: 6087
num of flexible tasks: 14087
Solving time: 0.256575 seconds
plan limit 699
compute initial stop until 7388
current timestep 981
num of flexible agents: 6100
num of flexible tasks: 14100
Solving time: 0.263357 seconds
plan limit 692
compute initial stop until 6417
current timestep 982
num of flexible agents: 6105
num of flexible tasks: 14105
Solving time: 0.272559 seconds
plan limit 683
compute initial stop until 6197
current timestep 983
num of flexible agents: 6120
num of flexible tasks: 14120
Solving time: 0.265532 seconds
plan limit 691
compute initial stop until 6485
current timestep 984
num of flexible agents: 6125
num of flexible tasks: 14125
Solving time: 0.249166 seconds
plan limit 707
compute initial stop until 7160
current timestep 985
num of flexible agents: 6136
num of flexible tasks: 14136
Solving time: 0.246876 seconds
plan limit 709
compute initial stop until 6761
current timestep 986
num of flexible agents: 6153
num of flexible tasks: 14153
Solving time: 0.268064 seconds
plan limit 688
compute initial stop until 7143
current timestep 987
num of flexible agents: 6164
num of flexible tasks: 14164
Solving time: 0.287455 seconds
plan limit 666
compute initial stop until 5930
current timestep 988
num of flexible agents: 6176
num of flexible tasks: 14176
Solving time: 0.285151 seconds
plan limit 668
compute initial stop until 5961
current timestep 989
num of flexible agents: 6192
num of flexible tasks: 14192
Solving time: 0.263442 seconds
plan limit 692
compute initial stop until 6605
current timestep 990
num of flexible agents: 6207
num of flexible tasks: 14207
Solving time: 0.271435 seconds
plan limit 682
compute initial stop until 6508
current timestep 991
num of flexible agents: 6213
num of flexible tasks: 14213
Solving time: 0.279202 seconds
plan limit 677
compute initial stop until 6587
current timestep 992
num of flexible agents: 6227
num of flexible tasks: 14227
Solving time: 0.269237 seconds
plan limit 685
compute initial stop until 6637
current timestep 993
num of flexible agents: 6234
num of flexible tasks: 14234
Solving time: 0.283364 seconds
plan limit 672
compute initial stop until 6150
current timestep 994
num of flexible agents: 6254
num of flexible tasks: 14254
Solving time: 0.269121 seconds
plan limit 686
compute initial stop until 6658
current timestep 995
num of flexible agents: 6264
num of flexible tasks: 14264
Solving time: 0.272617 seconds
plan limit 683
compute initial stop until 6169
current timestep 996
num of flexible agents: 6283
num of flexible tasks: 14283
Solving time: 0.279626 seconds
plan limit 676
compute initial stop until 6286
current timestep 997
num of flexible agents: 6283
num of flexible tasks: 14283
Solving time: 0.272214 seconds
plan limit 683
compute initial stop until 6150
current timestep 998
num of flexible agents: 6295
num of flexible tasks: 14295
Solving time: 0.280492 seconds
plan limit 673
compute initial stop until 6637
current timestep 999
num of flexible agents: 6312
num of flexible tasks: 14312
Solving time: 0.266495 seconds
plan limit 689
compute initial stop until 6592
