current timestep 0
num of flexible agents: 12000
num of flexible tasks: 18000
Solving time: 0.15026 seconds
plan limit 822
compute initial stop until 0
current timestep 1
num of flexible agents: 11666
num of flexible tasks: 17666
Solving time: 0.170454 seconds
plan limit 803
compute initial stop until 1570
current timestep 2
num of flexible agents: 11423
num of flexible tasks: 17423
Solving time: 0.157061 seconds
plan limit 816
compute initial stop until 2755
current timestep 3
num of flexible agents: 11211
num of flexible tasks: 17211
Solving time: 0.141532 seconds
plan limit 832
compute initial stop until 3436
current timestep 4
num of flexible agents: 10943
num of flexible tasks: 16943
Solving time: 0.133776 seconds
plan limit 840
compute initial stop until 3828
current timestep 5
num of flexible agents: 10734
num of flexible tasks: 16734
Solving time: 0.141612 seconds
plan limit 831
compute initial stop until 3904
current timestep 6
num of flexible agents: 10529
num of flexible tasks: 16529
Solving time: 0.132567 seconds
plan limit 840
compute initial stop until 4084
current timestep 7
num of flexible agents: 10370
num of flexible tasks: 16370
Solving time: 0.130514 seconds
plan limit 842
compute initial stop until 4344
current timestep 8
num of flexible agents: 10213
num of flexible tasks: 16213
Solving time: 0.13234 seconds
plan limit 840
compute initial stop until 4590
current timestep 9
num of flexible agents: 10047
num of flexible tasks: 16047
Solving time: 0.133822 seconds
plan limit 839
compute initial stop until 4774
current timestep 10
num of flexible agents: 9900
num of flexible tasks: 15900
Solving time: 0.136835 seconds
plan limit 835
compute initial stop until 5005
current timestep 11
num of flexible agents: 9731
num of flexible tasks: 15731
Solving time: 0.128503 seconds
plan limit 844
compute initial stop until 5161
current timestep 12
num of flexible agents: 9586
num of flexible tasks: 15586
Solving time: 0.132336 seconds
plan limit 840
compute initial stop until 5371
current timestep 13
num of flexible agents: 9418
num of flexible tasks: 15418
Solving time: 0.136647 seconds
plan limit 835
compute initial stop until 5465
current timestep 14
num of flexible agents: 9240
num of flexible tasks: 15240
Solving time: 0.132291 seconds
plan limit 840
compute initial stop until 5613
current timestep 15
num of flexible agents: 9078
num of flexible tasks: 15078
Solving time: 0.12925 seconds
plan limit 843
compute initial stop until 5708
current timestep 16
num of flexible agents: 8931
num of flexible tasks: 14931
Solving time: 0.135085 seconds
plan limit 836
compute initial stop until 5810
current timestep 17
num of flexible agents: 8773
num of flexible tasks: 14773
Solving time: 0.11989 seconds
plan limit 852
compute initial stop until 5975
current timestep 18
num of flexible agents: 8626
num of flexible tasks: 14626
Solving time: 0.117577 seconds
plan limit 854
compute initial stop until 6221
current timestep 19
num of flexible agents: 8475
num of flexible tasks: 14475
Solving time: 0.11348 seconds
plan limit 858
compute initial stop until 6330
current timestep 20
num of flexible agents: 8323
num of flexible tasks: 14323
Solving time: 0.111862 seconds
plan limit 860
compute initial stop until 6434
current timestep 21
num of flexible agents: 8187
num of flexible tasks: 14187
Solving time: 0.120894 seconds
plan limit 850
compute initial stop until 6510
current timestep 22
num of flexible agents: 8053
num of flexible tasks: 14053
Solving time: 0.11006 seconds
plan limit 861
compute initial stop until 6710
current timestep 23
num of flexible agents: 7905
num of flexible tasks: 13905
Solving time: 0.110549 seconds
plan limit 861
compute initial stop until 6831
current timestep 24
num of flexible agents: 7762
num of flexible tasks: 13762
Solving time: 0.117301 seconds
plan limit 853
compute initial stop until 6923
current timestep 25
num of flexible agents: 7619
num of flexible tasks: 13619
Solving time: 0.112501 seconds
plan limit 859
compute initial stop until 7008
current timestep 26
num of flexible agents: 7480
num of flexible tasks: 13480
Solving time: 0.106066 seconds
plan limit 864
compute initial stop until 7109
current timestep 27
num of flexible agents: 7360
num of flexible tasks: 13360
Solving time: 0.105389 seconds
plan limit 865
compute initial stop until 7283
current timestep 28
num of flexible agents: 7226
num of flexible tasks: 13226
Solving time: 0.114404 seconds
plan limit 856
compute initial stop until 7408
current timestep 29
num of flexible agents: 7104
num of flexible tasks: 13104
Solving time: 0.109387 seconds
plan limit 861
compute initial stop until 7530
current timestep 30
num of flexible agents: 6971
num of flexible tasks: 12971
Solving time: 0.103523 seconds
plan limit 867
compute initial stop until 7677
current timestep 31
num of flexible agents: 6848
num of flexible tasks: 12848
Solving time: 0.103746 seconds
plan limit 866
compute initial stop until 7821
current timestep 32
num of flexible agents: 6721
num of flexible tasks: 12721
Solving time: 0.101707 seconds
plan limit 868
compute initial stop until 7956
current timestep 33
num of flexible agents: 6611
num of flexible tasks: 12611
Solving time: 0.0974808 seconds
plan limit 873
compute initial stop until 8128
current timestep 34
num of flexible agents: 6505
num of flexible tasks: 12505
Solving time: 0.103911 seconds
plan limit 865
compute initial stop until 8337
current timestep 35
num of flexible agents: 6401
num of flexible tasks: 12401
Solving time: 0.0971654 seconds
plan limit 872
compute initial stop until 8550
current timestep 36
num of flexible agents: 6274
num of flexible tasks: 12274
Solving time: 0.109718 seconds
plan limit 860
compute initial stop until 8640
current timestep 37
num of flexible agents: 6152
num of flexible tasks: 12152
Solving time: 0.101191 seconds
plan limit 868
compute initial stop until 8736
current timestep 38
num of flexible agents: 6029
num of flexible tasks: 12029
Solving time: 0.105187 seconds
plan limit 864
compute initial stop until 8862
current timestep 39
num of flexible agents: 5921
num of flexible tasks: 11921
Solving time: 0.102351 seconds
plan limit 867
compute initial stop until 8969
current timestep 40
num of flexible agents: 5796
num of flexible tasks: 11796
Solving time: 0.105591 seconds
plan limit 863
compute initial stop until 9074
current timestep 41
num of flexible agents: 5683
num of flexible tasks: 11683
Solving time: 0.106444 seconds
plan limit 862
compute initial stop until 9167
current timestep 42
num of flexible agents: 5584
num of flexible tasks: 11584
Solving time: 0.107659 seconds
plan limit 861
compute initial stop until 9274
current timestep 43
num of flexible agents: 5485
num of flexible tasks: 11485
Solving time: 0.102333 seconds
plan limit 866
compute initial stop until 9374
current timestep 44
num of flexible agents: 5376
num of flexible tasks: 11376
Solving time: 0.0979272 seconds
plan limit 870
compute initial stop until 9527
current timestep 45
num of flexible agents: 5264
num of flexible tasks: 11264
Solving time: 0.0906695 seconds
plan limit 878
compute initial stop until 9627
current timestep 46
num of flexible agents: 5166
num of flexible tasks: 11166
Solving time: 0.0923123 seconds
plan limit 876
compute initial stop until 9779
current timestep 47
num of flexible agents: 5071
num of flexible tasks: 11071
Solving time: 0.0868502 seconds
plan limit 881
compute initial stop until 9906
current timestep 48
num of flexible agents: 4982
num of flexible tasks: 10982
Solving time: 0.0946316 seconds
plan limit 873
compute initial stop until 10056
current timestep 49
num of flexible agents: 4899
num of flexible tasks: 10899
Solving time: 0.0834849 seconds
plan limit 884
compute initial stop until 10219
current timestep 50
num of flexible agents: 4805
num of flexible tasks: 10805
Solving time: 0.081494 seconds
plan limit 886
compute initial stop until 10378
current timestep 51
num of flexible agents: 4716
num of flexible tasks: 10716
Solving time: 0.0942105 seconds
plan limit 873
compute initial stop until 10496
current timestep 52
num of flexible agents: 4626
num of flexible tasks: 10626
Solving time: 0.0878227 seconds
plan limit 879
compute initial stop until 10607
current timestep 53
num of flexible agents: 4527
num of flexible tasks: 10527
Solving time: 0.0769176 seconds
plan limit 890
compute initial stop until 10726
current timestep 54
num of flexible agents: 4450
num of flexible tasks: 10450
Solving time: 0.0743761 seconds
plan limit 893
compute initial stop until 10864
current timestep 55
num of flexible agents: 4370
num of flexible tasks: 10370
Solving time: 0.0849612 seconds
plan limit 882
compute initial stop until 11014
current timestep 56
num of flexible agents: 4286
num of flexible tasks: 10286
Solving time: 0.0851243 seconds
plan limit 881
compute initial stop until 11172
current timestep 57
num of flexible agents: 4206
num of flexible tasks: 10206
Solving time: 0.0856349 seconds
plan limit 881
compute initial stop until 11303
current timestep 58
num of flexible agents: 4122
num of flexible tasks: 10122
Solving time: 0.08856 seconds
plan limit 877
compute initial stop until 11416
current timestep 59
num of flexible agents: 4047
num of flexible tasks: 10047
Solving time: 0.0873765 seconds
plan limit 879
compute initial stop until 11577
current timestep 60
num of flexible agents: 3966
num of flexible tasks: 9966
Solving time: 0.0743532 seconds
plan limit 891
compute initial stop until 11706
current timestep 61
num of flexible agents: 3899
num of flexible tasks: 9899
Solving time: 0.0806004 seconds
plan limit 885
compute initial stop until 11865
current timestep 62
num of flexible agents: 3826
num of flexible tasks: 9826
Solving time: 0.0842703 seconds
plan limit 881
compute initial stop until 11985
current timestep 63
num of flexible agents: 3761
num of flexible tasks: 9761
Solving time: 0.077648 seconds
plan limit 888
current timestep 64
num of flexible agents: 3689
num of flexible tasks: 9689
Solving time: 0.0715491 seconds
plan limit 894
current timestep 65
num of flexible agents: 3611
num of flexible tasks: 9611
Solving time: 0.0670063 seconds
plan limit 898
current timestep 66
num of flexible agents: 3558
num of flexible tasks: 9558
Solving time: 0.0741933 seconds
plan limit 891
current timestep 67
num of flexible agents: 3489
num of flexible tasks: 9489
Solving time: 0.0674773 seconds
plan limit 898
current timestep 68
num of flexible agents: 3417
num of flexible tasks: 9417
Solving time: 0.0704209 seconds
plan limit 895
current timestep 69
num of flexible agents: 3341
num of flexible tasks: 9341
Solving time: 0.070627 seconds
plan limit 895
current timestep 70
num of flexible agents: 3287
num of flexible tasks: 9287
Solving time: 0.092755 seconds
plan limit 872
current timestep 71
num of flexible agents: 3225
num of flexible tasks: 9225
Solving time: 0.0852988 seconds
plan limit 880
current timestep 72
num of flexible agents: 3172
num of flexible tasks: 9172
Solving time: 0.0857042 seconds
plan limit 879
current timestep 73
num of flexible agents: 3113
num of flexible tasks: 9113
Solving time: 0.0856952 seconds
plan limit 879
current timestep 74
num of flexible agents: 3058
num of flexible tasks: 9058
Solving time: 0.0963888 seconds
plan limit 866
current timestep 75
num of flexible agents: 2999
num of flexible tasks: 8999
Solving time: 0.0850934 seconds
plan limit 879
current timestep 76
num of flexible agents: 2937
num of flexible tasks: 8937
Solving time: 0.0811711 seconds
plan limit 883
current timestep 77
num of flexible agents: 2884
num of flexible tasks: 8884
Solving time: 0.0898067 seconds
plan limit 874
current timestep 78
num of flexible agents: 2846
num of flexible tasks: 8846
Solving time: 0.0851294 seconds
plan limit 879
current timestep 79
num of flexible agents: 2801
num of flexible tasks: 8801
Solving time: 0.0866137 seconds
plan limit 878
current timestep 80
num of flexible agents: 2746
num of flexible tasks: 8746
Solving time: 0.08819 seconds
plan limit 876
current timestep 81
num of flexible agents: 2699
num of flexible tasks: 8699
Solving time: 0.0838398 seconds
plan limit 880
current timestep 82
num of flexible agents: 2651
num of flexible tasks: 8651
Solving time: 0.0883873 seconds
plan limit 875
current timestep 83
num of flexible agents: 2602
num of flexible tasks: 8602
Solving time: 0.0834049 seconds
plan limit 881
current timestep 84
num of flexible agents: 2558
num of flexible tasks: 8558
Solving time: 0.0891008 seconds
plan limit 874
current timestep 85
num of flexible agents: 2522
num of flexible tasks: 8522
Solving time: 0.0827431 seconds
plan limit 881
current timestep 86
num of flexible agents: 2485
num of flexible tasks: 8485
Solving time: 0.085075 seconds
plan limit 879
current timestep 87
num of flexible agents: 2435
num of flexible tasks: 8435
Solving time: 0.0870395 seconds
plan limit 877
current timestep 88
num of flexible agents: 2389
num of flexible tasks: 8389
Solving time: 0.0824927 seconds
plan limit 881
current timestep 89
num of flexible agents: 2341
num of flexible tasks: 8341
Solving time: 0.0872407 seconds
plan limit 876
current timestep 90
num of flexible agents: 2307
num of flexible tasks: 8307
Solving time: 0.0826775 seconds
plan limit 881
current timestep 91
num of flexible agents: 2279
num of flexible tasks: 8279
Solving time: 0.0855194 seconds
plan limit 878
current timestep 92
num of flexible agents: 2242
num of flexible tasks: 8242
Solving time: 0.0812549 seconds
plan limit 882
current timestep 93
num of flexible agents: 2199
num of flexible tasks: 8199
Solving time: 0.0859781 seconds
plan limit 877
current timestep 94
num of flexible agents: 2180
num of flexible tasks: 8180
Solving time: 0.0833314 seconds
plan limit 880
current timestep 95
num of flexible agents: 2145
num of flexible tasks: 8145
Solving time: 0.0832508 seconds
plan limit 880
current timestep 96
num of flexible agents: 2112
num of flexible tasks: 8112
Solving time: 0.0911151 seconds
plan limit 872
current timestep 97
num of flexible agents: 2083
num of flexible tasks: 8083
Solving time: 0.0857704 seconds
plan limit 877
current timestep 98
num of flexible agents: 2055
num of flexible tasks: 8055
Solving time: 0.0813035 seconds
plan limit 882
current timestep 99
num of flexible agents: 2016
num of flexible tasks: 8016
Solving time: 0.0827574 seconds
plan limit 880
current timestep 100
num of flexible agents: 2005
num of flexible tasks: 8005
Solving time: 0.0900734 seconds
plan limit 873
current timestep 101
num of flexible agents: 1978
num of flexible tasks: 7978
Solving time: 0.0797426 seconds
plan limit 882
current timestep 102
num of flexible agents: 1956
num of flexible tasks: 7956
Solving time: 0.0845491 seconds
plan limit 876
current timestep 103
num of flexible agents: 1924
num of flexible tasks: 7924
Solving time: 0.0799884 seconds
plan limit 881
current timestep 104
num of flexible agents: 1913
num of flexible tasks: 7913
Solving time: 0.0795232 seconds
plan limit 882
current timestep 105
num of flexible agents: 1892
num of flexible tasks: 7892
Solving time: 0.0765197 seconds
plan limit 885
current timestep 106
num of flexible agents: 1879
num of flexible tasks: 7879
Solving time: 0.0789728 seconds
plan limit 883
current timestep 107
num of flexible agents: 1847
num of flexible tasks: 7847
Solving time: 0.0778123 seconds
plan limit 883
current timestep 108
num of flexible agents: 1823
num of flexible tasks: 7823
Solving time: 0.0885808 seconds
plan limit 872
current timestep 109
num of flexible agents: 1791
num of flexible tasks: 7791
Solving time: 0.0775588 seconds
plan limit 884
current timestep 110
num of flexible agents: 1772
num of flexible tasks: 7772
Solving time: 0.0801113 seconds
plan limit 880
current timestep 111
num of flexible agents: 1753
num of flexible tasks: 7753
Solving time: 0.0815428 seconds
plan limit 879
current timestep 112
num of flexible agents: 1733
num of flexible tasks: 7733
Solving time: 0.080216 seconds
plan limit 880
current timestep 113
num of flexible agents: 1720
num of flexible tasks: 7720
Solving time: 0.0851872 seconds
plan limit 874
current timestep 114
num of flexible agents: 1713
num of flexible tasks: 7713
Solving time: 0.0817736 seconds
plan limit 878
current timestep 115
num of flexible agents: 1703
num of flexible tasks: 7703
Solving time: 0.0882346 seconds
plan limit 872
current timestep 116
num of flexible agents: 1689
num of flexible tasks: 7689
Solving time: 0.0841861 seconds
plan limit 877
current timestep 117
num of flexible agents: 1680
num of flexible tasks: 7680
Solving time: 0.0865197 seconds
plan limit 873
current timestep 118
num of flexible agents: 1670
num of flexible tasks: 7670
Solving time: 0.0818646 seconds
plan limit 878
current timestep 119
num of flexible agents: 1665
num of flexible tasks: 7665
Solving time: 0.0962406 seconds
plan limit 865
current timestep 120
num of flexible agents: 1657
num of flexible tasks: 7657
Solving time: 0.0887347 seconds
plan limit 871
current timestep 121
num of flexible agents: 1659
num of flexible tasks: 7659
Solving time: 0.0844611 seconds
plan limit 875
current timestep 122
num of flexible agents: 1658
num of flexible tasks: 7658
Solving time: 0.0811369 seconds
plan limit 879
current timestep 123
num of flexible agents: 1654
num of flexible tasks: 7654
Solving time: 0.0823548 seconds
plan limit 878
current timestep 124
num of flexible agents: 1643
num of flexible tasks: 7643
Solving time: 0.0808073 seconds
plan limit 880
current timestep 125
num of flexible agents: 1645
num of flexible tasks: 7645
Solving time: 0.0904493 seconds
plan limit 868
current timestep 126
num of flexible agents: 1638
num of flexible tasks: 7638
Solving time: 0.0831656 seconds
plan limit 877
current timestep 127
num of flexible agents: 1637
num of flexible tasks: 7637
Solving time: 0.0843401 seconds
plan limit 876
current timestep 128
num of flexible agents: 1626
num of flexible tasks: 7626
Solving time: 0.0831736 seconds
plan limit 875
current timestep 129
num of flexible agents: 1631
num of flexible tasks: 7631
Solving time: 0.0823291 seconds
plan limit 876
current timestep 130
num of flexible agents: 1628
num of flexible tasks: 7628
Solving time: 0.0872757 seconds
plan limit 871
current timestep 131
num of flexible agents: 1630
num of flexible tasks: 7630
Solving time: 0.0853019 seconds
plan limit 873
current timestep 132
num of flexible agents: 1646
num of flexible tasks: 7646
Solving time: 0.0863286 seconds
plan limit 870
current timestep 133
num of flexible agents: 1638
num of flexible tasks: 7638
Solving time: 0.0824784 seconds
plan limit 876
current timestep 134
num of flexible agents: 1632
num of flexible tasks: 7632
Solving time: 0.0827146 seconds
plan limit 877
current timestep 135
num of flexible agents: 1629
num of flexible tasks: 7629
Solving time: 0.0833779 seconds
plan limit 875
current timestep 136
num of flexible agents: 1627
num of flexible tasks: 7627
Solving time: 0.0902287 seconds
plan limit 868
current timestep 137
num of flexible agents: 1634
num of flexible tasks: 7634
Solving time: 0.0912868 seconds
plan limit 867
current timestep 138
num of flexible agents: 1625
num of flexible tasks: 7625
Solving time: 0.0844479 seconds
plan limit 874
current timestep 139
num of flexible agents: 1618
num of flexible tasks: 7618
Solving time: 0.0842869 seconds
plan limit 874
current timestep 140
num of flexible agents: 1618
num of flexible tasks: 7618
Solving time: 0.0820121 seconds
plan limit 876
current timestep 141
num of flexible agents: 1631
num of flexible tasks: 7631
Solving time: 0.0819644 seconds
plan limit 875
current timestep 142
num of flexible agents: 1632
num of flexible tasks: 7632
Solving time: 0.0855399 seconds
plan limit 872
current timestep 143
num of flexible agents: 1641
num of flexible tasks: 7641
Solving time: 0.0820455 seconds
plan limit 876
current timestep 144
num of flexible agents: 1646
num of flexible tasks: 7646
Solving time: 0.0876298 seconds
plan limit 869
current timestep 145
num of flexible agents: 1649
num of flexible tasks: 7649
Solving time: 0.0834141 seconds
plan limit 875
current timestep 146
num of flexible agents: 1646
num of flexible tasks: 7646
Solving time: 0.0871086 seconds
plan limit 871
current timestep 147
num of flexible agents: 1644
num of flexible tasks: 7644
Solving time: 0.0870394 seconds
plan limit 870
current timestep 148
num of flexible agents: 1641
num of flexible tasks: 7641
Solving time: 0.0835307 seconds
plan limit 874
current timestep 149
num of flexible agents: 1633
num of flexible tasks: 7633
Solving time: 0.0878626 seconds
plan limit 867
current timestep 150
num of flexible agents: 1636
num of flexible tasks: 7636
Solving time: 0.0824839 seconds
plan limit 877
current timestep 151
num of flexible agents: 1634
num of flexible tasks: 7634
Solving time: 0.0824336 seconds
plan limit 875
current timestep 152
num of flexible agents: 1639
num of flexible tasks: 7639
Solving time: 0.0815924 seconds
plan limit 875
current timestep 153
num of flexible agents: 1653
num of flexible tasks: 7653
Solving time: 0.0874488 seconds
plan limit 869
current timestep 154
num of flexible agents: 1659
num of flexible tasks: 7659
Solving time: 0.0930203 seconds
plan limit 864
current timestep 155
num of flexible agents: 1668
num of flexible tasks: 7668
Solving time: 0.088457 seconds
plan limit 870
current timestep 156
num of flexible agents: 1665
num of flexible tasks: 7665
Solving time: 0.0857775 seconds
plan limit 873
current timestep 157
num of flexible agents: 1682
num of flexible tasks: 7682
Solving time: 0.0844642 seconds
plan limit 874
current timestep 158
num of flexible agents: 1676
num of flexible tasks: 7676
Solving time: 0.0871133 seconds
plan limit 872
current timestep 159
num of flexible agents: 1687
num of flexible tasks: 7687
Solving time: 0.0940218 seconds
plan limit 865
current timestep 160
num of flexible agents: 1692
num of flexible tasks: 7692
Solving time: 0.0879419 seconds
plan limit 871
current timestep 161
num of flexible agents: 1688
num of flexible tasks: 7688
Solving time: 0.0875159 seconds
plan limit 871
current timestep 162
num of flexible agents: 1702
num of flexible tasks: 7702
Solving time: 0.0845056 seconds
plan limit 874
current timestep 163
num of flexible agents: 1698
num of flexible tasks: 7698
Solving time: 0.0839965 seconds
plan limit 875
current timestep 164
num of flexible agents: 1716
num of flexible tasks: 7716
Solving time: 0.0894437 seconds
plan limit 869
current timestep 165
num of flexible agents: 1722
num of flexible tasks: 7722
Solving time: 0.0826434 seconds
plan limit 875
current timestep 166
num of flexible agents: 1731
num of flexible tasks: 7731
Solving time: 0.0848062 seconds
plan limit 873
current timestep 167
num of flexible agents: 1745
num of flexible tasks: 7745
Solving time: 0.0836509 seconds
plan limit 872
current timestep 168
num of flexible agents: 1747
num of flexible tasks: 7747
Solving time: 0.0818481 seconds
plan limit 874
current timestep 169
num of flexible agents: 1748
num of flexible tasks: 7748
Solving time: 0.0852225 seconds
plan limit 871
current timestep 170
num of flexible agents: 1757
num of flexible tasks: 7757
Solving time: 0.0836731 seconds
plan limit 871
current timestep 171
num of flexible agents: 1752
num of flexible tasks: 7752
Solving time: 0.0868147 seconds
plan limit 868
current timestep 172
num of flexible agents: 1763
num of flexible tasks: 7763
Solving time: 0.0844491 seconds
plan limit 871
current timestep 173
num of flexible agents: 1766
num of flexible tasks: 7766
Solving time: 0.0828877 seconds
plan limit 872
current timestep 174
num of flexible agents: 1780
num of flexible tasks: 7780
Solving time: 0.0832952 seconds
plan limit 873
current timestep 175
num of flexible agents: 1797
num of flexible tasks: 7797
Solving time: 0.0829658 seconds
plan limit 873
current timestep 176
num of flexible agents: 1803
num of flexible tasks: 7803
Solving time: 0.0950252 seconds
plan limit 860
current timestep 177
num of flexible agents: 1818
num of flexible tasks: 7818
Solving time: 0.0837906 seconds
plan limit 872
current timestep 178
num of flexible agents: 1811
num of flexible tasks: 7811
Solving time: 0.0827403 seconds
plan limit 873
current timestep 179
num of flexible agents: 1821
num of flexible tasks: 7821
Solving time: 0.0812461 seconds
plan limit 877
current timestep 180
num of flexible agents: 1838
num of flexible tasks: 7838
Solving time: 0.08101 seconds
plan limit 875
current timestep 181
num of flexible agents: 1835
num of flexible tasks: 7835
Solving time: 0.0906398 seconds
plan limit 865
current timestep 182
num of flexible agents: 1826
num of flexible tasks: 7826
Solving time: 0.085181 seconds
plan limit 870
current timestep 183
num of flexible agents: 1829
num of flexible tasks: 7829
Solving time: 0.0837496 seconds
plan limit 872
current timestep 184
num of flexible agents: 1839
num of flexible tasks: 7839
Solving time: 0.0892043 seconds
plan limit 870
current timestep 185
num of flexible agents: 1844
num of flexible tasks: 7844
Solving time: 0.0874726 seconds
plan limit 871
current timestep 186
num of flexible agents: 1857
num of flexible tasks: 7857
Solving time: 0.0942586 seconds
plan limit 865
current timestep 187
num of flexible agents: 1867
num of flexible tasks: 7867
Solving time: 0.0863925 seconds
plan limit 873
current timestep 188
num of flexible agents: 1888
num of flexible tasks: 7888
Solving time: 0.0884036 seconds
plan limit 870
current timestep 189
num of flexible agents: 1888
num of flexible tasks: 7888
Solving time: 0.084325 seconds
plan limit 875
current timestep 190
num of flexible agents: 1890
num of flexible tasks: 7890
Solving time: 0.0886204 seconds
plan limit 874
current timestep 191
num of flexible agents: 1900
num of flexible tasks: 7900
Solving time: 0.0917383 seconds
plan limit 870
current timestep 192
num of flexible agents: 1913
num of flexible tasks: 7913
Solving time: 0.0837166 seconds
plan limit 875
current timestep 193
num of flexible agents: 1929
num of flexible tasks: 7929
Solving time: 0.0882878 seconds
plan limit 870
current timestep 194
num of flexible agents: 1926
num of flexible tasks: 7926
Solving time: 0.0868801 seconds
plan limit 875
current timestep 195
num of flexible agents: 1919
num of flexible tasks: 7919
Solving time: 0.0855917 seconds
plan limit 876
current timestep 196
num of flexible agents: 1922
num of flexible tasks: 7922
Solving time: 0.0908095 seconds
plan limit 867
current timestep 197
num of flexible agents: 1929
num of flexible tasks: 7929
Solving time: 0.0885202 seconds
plan limit 871
current timestep 198
num of flexible agents: 1957
num of flexible tasks: 7957
Solving time: 0.0909306 seconds
plan limit 870
current timestep 199
num of flexible agents: 1963
num of flexible tasks: 7963
Solving time: 0.0879578 seconds
plan limit 871
current timestep 200
num of flexible agents: 1978
num of flexible tasks: 7978
Solving time: 0.0861995 seconds
plan limit 872
current timestep 201
num of flexible agents: 1968
num of flexible tasks: 7968
Solving time: 0.091848 seconds
plan limit 867
current timestep 202
num of flexible agents: 1980
num of flexible tasks: 7980
Solving time: 0.0879419 seconds
plan limit 873
current timestep 203
num of flexible agents: 1979
num of flexible tasks: 7979
Solving time: 0.0882729 seconds
plan limit 870
current timestep 204
num of flexible agents: 1968
num of flexible tasks: 7968
Solving time: 0.088052 seconds
plan limit 871
current timestep 205
num of flexible agents: 1970
num of flexible tasks: 7970
Solving time: 0.0864899 seconds
plan limit 871
current timestep 206
num of flexible agents: 1974
num of flexible tasks: 7974
Solving time: 0.0934418 seconds
plan limit 865
current timestep 207
num of flexible agents: 1982
num of flexible tasks: 7982
Solving time: 0.0864612 seconds
plan limit 875
current timestep 208
num of flexible agents: 1972
num of flexible tasks: 7972
Solving time: 0.0863079 seconds
plan limit 875
current timestep 209
num of flexible agents: 1977
num of flexible tasks: 7977
Solving time: 0.0866869 seconds
plan limit 875
current timestep 210
num of flexible agents: 1984
num of flexible tasks: 7984
Solving time: 0.0862579 seconds
plan limit 875
current timestep 211
num of flexible agents: 1989
num of flexible tasks: 7989
Solving time: 0.097225 seconds
plan limit 861
current timestep 212
num of flexible agents: 1991
num of flexible tasks: 7991
Solving time: 0.0877663 seconds
plan limit 871
current timestep 213
num of flexible agents: 1998
num of flexible tasks: 7998
Solving time: 0.0881221 seconds
plan limit 870
current timestep 214
num of flexible agents: 1992
num of flexible tasks: 7992
Solving time: 0.0906271 seconds
plan limit 867
current timestep 215
num of flexible agents: 2000
num of flexible tasks: 8000
Solving time: 0.0862254 seconds
plan limit 873
current timestep 216
num of flexible agents: 2008
num of flexible tasks: 8008
Solving time: 0.0945119 seconds
plan limit 864
current timestep 217
num of flexible agents: 2009
num of flexible tasks: 8009
Solving time: 0.0884861 seconds
plan limit 870
current timestep 218
num of flexible agents: 2015
num of flexible tasks: 8015
Solving time: 0.0882548 seconds
plan limit 870
current timestep 219
num of flexible agents: 2001
num of flexible tasks: 8001
Solving time: 0.0910244 seconds
plan limit 870
current timestep 220
num of flexible agents: 2020
num of flexible tasks: 8020
Solving time: 0.0909507 seconds
plan limit 867
current timestep 221
num of flexible agents: 2027
num of flexible tasks: 8027
Solving time: 0.0975243 seconds
plan limit 863
current timestep 222
num of flexible agents: 2043
num of flexible tasks: 8043
Solving time: 0.0902778 seconds
plan limit 870
current timestep 223
num of flexible agents: 2043
num of flexible tasks: 8043
Solving time: 0.0907494 seconds
plan limit 867
current timestep 224
num of flexible agents: 2058
num of flexible tasks: 8058
Solving time: 0.0888305 seconds
plan limit 872
current timestep 225
num of flexible agents: 2058
num of flexible tasks: 8058
Solving time: 0.092145 seconds
plan limit 869
current timestep 226
num of flexible agents: 2072
num of flexible tasks: 8072
Solving time: 0.100709 seconds
plan limit 861
current timestep 227
num of flexible agents: 2065
num of flexible tasks: 8065
Solving time: 0.0863352 seconds
plan limit 872
current timestep 228
num of flexible agents: 2057
num of flexible tasks: 8057
Solving time: 0.0884615 seconds
plan limit 872
current timestep 229
num of flexible agents: 2070
num of flexible tasks: 8070
Solving time: 0.0982148 seconds
plan limit 860
current timestep 230
num of flexible agents: 2061
num of flexible tasks: 8061
Solving time: 0.0891697 seconds
plan limit 869
current timestep 231
num of flexible agents: 2050
num of flexible tasks: 8050
Solving time: 0.0981834 seconds
plan limit 862
current timestep 232
num of flexible agents: 2054
num of flexible tasks: 8054
Solving time: 0.0879481 seconds
plan limit 871
current timestep 233
num of flexible agents: 2060
num of flexible tasks: 8060
Solving time: 0.0903323 seconds
plan limit 870
current timestep 234
num of flexible agents: 2062
num of flexible tasks: 8062
Solving time: 0.0890022 seconds
plan limit 868
current timestep 235
num of flexible agents: 2067
num of flexible tasks: 8067
Solving time: 0.0899462 seconds
plan limit 868
current timestep 236
num of flexible agents: 2066
num of flexible tasks: 8066
Solving time: 0.0973377 seconds
plan limit 859
current timestep 237
num of flexible agents: 2071
num of flexible tasks: 8071
Solving time: 0.0913305 seconds
plan limit 867
current timestep 238
num of flexible agents: 2069
num of flexible tasks: 8069
Solving time: 0.0909125 seconds
plan limit 866
current timestep 239
num of flexible agents: 2081
num of flexible tasks: 8081
Solving time: 0.0930862 seconds
plan limit 865
current timestep 240
num of flexible agents: 2082
num of flexible tasks: 8082
Solving time: 0.0934962 seconds
plan limit 865
current timestep 241
num of flexible agents: 2092
num of flexible tasks: 8092
Solving time: 0.0992195 seconds
plan limit 860
current timestep 242
num of flexible agents: 2088
num of flexible tasks: 8088
Solving time: 0.0947829 seconds
plan limit 864
current timestep 243
num of flexible agents: 2091
num of flexible tasks: 8091
Solving time: 0.0913104 seconds
plan limit 870
current timestep 244
num of flexible agents: 2089
num of flexible tasks: 8089
Solving time: 0.0960361 seconds
plan limit 859
current timestep 245
num of flexible agents: 2091
num of flexible tasks: 8091
Solving time: 0.0941304 seconds
plan limit 864
current timestep 246
num of flexible agents: 2089
num of flexible tasks: 8089
Solving time: 0.0956755 seconds
plan limit 859
current timestep 247
num of flexible agents: 2086
num of flexible tasks: 8086
Solving time: 0.0964835 seconds
plan limit 861
current timestep 248
num of flexible agents: 2087
num of flexible tasks: 8087
Solving time: 0.0971213 seconds
plan limit 861
current timestep 249
num of flexible agents: 2101
num of flexible tasks: 8101
Solving time: 0.0984276 seconds
plan limit 860
current timestep 250
num of flexible agents: 2106
num of flexible tasks: 8106
Solving time: 0.0964743 seconds
plan limit 861
current timestep 251
num of flexible agents: 2106
num of flexible tasks: 8106
Solving time: 0.101061 seconds
plan limit 854
current timestep 252
num of flexible agents: 2111
num of flexible tasks: 8111
Solving time: 0.0925806 seconds
plan limit 865
current timestep 253
num of flexible agents: 2103
num of flexible tasks: 8103
Solving time: 0.0925594 seconds
plan limit 865
current timestep 254
num of flexible agents: 2118
num of flexible tasks: 8118
Solving time: 0.0940614 seconds
plan limit 860
current timestep 255
num of flexible agents: 2127
num of flexible tasks: 8127
Solving time: 0.0923786 seconds
plan limit 865
current timestep 256
num of flexible agents: 2122
num of flexible tasks: 8122
Solving time: 0.0959152 seconds
plan limit 855
current timestep 257
num of flexible agents: 2129
num of flexible tasks: 8129
Solving time: 0.0920962 seconds
plan limit 863
current timestep 258
num of flexible agents: 2139
num of flexible tasks: 8139
Solving time: 0.0962087 seconds
plan limit 857
current timestep 259
num of flexible agents: 2142
num of flexible tasks: 8142
Solving time: 0.0984468 seconds
plan limit 857
current timestep 260
num of flexible agents: 2138
num of flexible tasks: 8138
Solving time: 0.0947978 seconds
plan limit 858
current timestep 261
num of flexible agents: 2149
num of flexible tasks: 8149
Solving time: 0.0990235 seconds
plan limit 853
current timestep 262
num of flexible agents: 2150
num of flexible tasks: 8150
Solving time: 0.0945183 seconds
plan limit 860
current timestep 263
num of flexible agents: 2158
num of flexible tasks: 8158
Solving time: 0.0957456 seconds
plan limit 859
current timestep 264
num of flexible agents: 2175
num of flexible tasks: 8175
Solving time: 0.0972275 seconds
plan limit 853
current timestep 265
num of flexible agents: 2176
num of flexible tasks: 8176
Solving time: 0.0956632 seconds
plan limit 862
current timestep 266
num of flexible agents: 2189
num of flexible tasks: 8189
Solving time: 0.0964095 seconds
plan limit 855
current timestep 267
num of flexible agents: 2191
num of flexible tasks: 8191
Solving time: 0.0941738 seconds
plan limit 861
current timestep 268
num of flexible agents: 2195
num of flexible tasks: 8195
Solving time: 0.0942286 seconds
plan limit 858
current timestep 269
num of flexible agents: 2199
num of flexible tasks: 8199
Solving time: 0.0944581 seconds
plan limit 861
current timestep 270
num of flexible agents: 2192
num of flexible tasks: 8192
Solving time: 0.0916825 seconds
plan limit 864
current timestep 271
num of flexible agents: 2183
num of flexible tasks: 8183
Solving time: 0.101338 seconds
plan limit 848
current timestep 272
num of flexible agents: 2176
num of flexible tasks: 8176
Solving time: 0.0922367 seconds
plan limit 860
current timestep 273
num of flexible agents: 2196
num of flexible tasks: 8196
Solving time: 0.0928106 seconds
plan limit 860
current timestep 274
num of flexible agents: 2192
num of flexible tasks: 8192
Solving time: 0.0936522 seconds
plan limit 859
current timestep 275
num of flexible agents: 2192
num of flexible tasks: 8192
Solving time: 0.093709 seconds
plan limit 859
current timestep 276
num of flexible agents: 2188
num of flexible tasks: 8188
Solving time: 0.105867 seconds
plan limit 847
current timestep 277
num of flexible agents: 2195
num of flexible tasks: 8195
Solving time: 0.0950903 seconds
plan limit 857
current timestep 278
num of flexible agents: 2192
num of flexible tasks: 8192
Solving time: 0.0961344 seconds
plan limit 856
current timestep 279
num of flexible agents: 2206
num of flexible tasks: 8206
Solving time: 0.0976387 seconds
plan limit 854
current timestep 280
num of flexible agents: 2213
num of flexible tasks: 8213
Solving time: 0.0924213 seconds
plan limit 860
current timestep 281
num of flexible agents: 2219
num of flexible tasks: 8219
Solving time: 0.10725 seconds
plan limit 845
current timestep 282
num of flexible agents: 2240
num of flexible tasks: 8240
Solving time: 0.100513 seconds
plan limit 854
current timestep 283
num of flexible agents: 2231
num of flexible tasks: 8231
Solving time: 0.097962 seconds
plan limit 857
current timestep 284
num of flexible agents: 2241
num of flexible tasks: 8241
Solving time: 0.104607 seconds
plan limit 848
current timestep 285
num of flexible agents: 2237
num of flexible tasks: 8237
Solving time: 0.0978601 seconds
plan limit 858
current timestep 286
num of flexible agents: 2239
num of flexible tasks: 8239
Solving time: 0.10187 seconds
plan limit 851
current timestep 287
num of flexible agents: 2230
num of flexible tasks: 8230
Solving time: 0.0975781 seconds
plan limit 859
current timestep 288
num of flexible agents: 2229
num of flexible tasks: 8229
Solving time: 0.0963927 seconds
plan limit 858
current timestep 289
num of flexible agents: 2232
num of flexible tasks: 8232
Solving time: 0.100608 seconds
plan limit 851
current timestep 290
num of flexible agents: 2225
num of flexible tasks: 8225
Solving time: 0.0985722 seconds
plan limit 857
current timestep 291
num of flexible agents: 2239
num of flexible tasks: 8239
Solving time: 0.105485 seconds
plan limit 851
current timestep 292
num of flexible agents: 2246
num of flexible tasks: 8246
Solving time: 0.102584 seconds
plan limit 853
current timestep 293
num of flexible agents: 2249
num of flexible tasks: 8249
Solving time: 0.110016 seconds
plan limit 846
current timestep 294
num of flexible agents: 2245
num of flexible tasks: 8245
Solving time: 0.108128 seconds
plan limit 846
current timestep 295
num of flexible agents: 2244
num of flexible tasks: 8244
Solving time: 0.110748 seconds
plan limit 842
current timestep 296
num of flexible agents: 2253
num of flexible tasks: 8253
Solving time: 0.112986 seconds
plan limit 843
current timestep 297
num of flexible agents: 2259
num of flexible tasks: 8259
Solving time: 0.100209 seconds
plan limit 851
current timestep 298
num of flexible agents: 2253
num of flexible tasks: 8253
Solving time: 0.108307 seconds
plan limit 846
current timestep 299
num of flexible agents: 2264
num of flexible tasks: 8264
Solving time: 0.1117 seconds
plan limit 839
current timestep 300
num of flexible agents: 2275
num of flexible tasks: 8275
Solving time: 0.116297 seconds
plan limit 835
current timestep 301
num of flexible agents: 2287
num of flexible tasks: 8287
Solving time: 0.121263 seconds
plan limit 834
current timestep 302
num of flexible agents: 2287
num of flexible tasks: 8287
Solving time: 0.114303 seconds
plan limit 840
current timestep 303
num of flexible agents: 2301
num of flexible tasks: 8301
Solving time: 0.114824 seconds
plan limit 840
current timestep 304
num of flexible agents: 2289
num of flexible tasks: 8289
Solving time: 0.12135 seconds
plan limit 832
current timestep 305
num of flexible agents: 2296
num of flexible tasks: 8296
Solving time: 0.120225 seconds
plan limit 831
current timestep 306
num of flexible agents: 2310
num of flexible tasks: 8310
Solving time: 0.12471 seconds
plan limit 827
current timestep 307
num of flexible agents: 2323
num of flexible tasks: 8323
Solving time: 0.11887 seconds
plan limit 831
current timestep 308
num of flexible agents: 2328
num of flexible tasks: 8328
Solving time: 0.119094 seconds
plan limit 830
current timestep 309
num of flexible agents: 2342
num of flexible tasks: 8342
Solving time: 0.121139 seconds
plan limit 831
current timestep 310
num of flexible agents: 2357
num of flexible tasks: 8357
Solving time: 0.117887 seconds
plan limit 837
current timestep 311
num of flexible agents: 2367
num of flexible tasks: 8367
Solving time: 0.130147 seconds
plan limit 820
current timestep 312
num of flexible agents: 2359
num of flexible tasks: 8359
Solving time: 0.121368 seconds
plan limit 833
current timestep 313
num of flexible agents: 2367
num of flexible tasks: 8367
Solving time: 0.121236 seconds
plan limit 830
current timestep 314
num of flexible agents: 2358
num of flexible tasks: 8358
Solving time: 0.116956 seconds
plan limit 832
current timestep 315
num of flexible agents: 2363
num of flexible tasks: 8363
Solving time: 0.119229 seconds
plan limit 836
current timestep 316
num of flexible agents: 2371
num of flexible tasks: 8371
Solving time: 0.12496 seconds
plan limit 826
current timestep 317
num of flexible agents: 2378
num of flexible tasks: 8378
Solving time: 0.125972 seconds
plan limit 828
current timestep 318
num of flexible agents: 2390
num of flexible tasks: 8390
Solving time: 0.125553 seconds
plan limit 828
current timestep 319
num of flexible agents: 2387
num of flexible tasks: 8387
Solving time: 0.124948 seconds
plan limit 822
current timestep 320
num of flexible agents: 2383
num of flexible tasks: 8383
Solving time: 0.12186 seconds
plan limit 829
current timestep 321
num of flexible agents: 2389
num of flexible tasks: 8389
Solving time: 0.126007 seconds
plan limit 828
current timestep 322
num of flexible agents: 2404
num of flexible tasks: 8404
Solving time: 0.135587 seconds
plan limit 819
current timestep 323
num of flexible agents: 2410
num of flexible tasks: 8410
Solving time: 0.131895 seconds
plan limit 822
current timestep 324
num of flexible agents: 2418
num of flexible tasks: 8418
Solving time: 0.130155 seconds
plan limit 824
current timestep 325
num of flexible agents: 2422
num of flexible tasks: 8422
Solving time: 0.127554 seconds
plan limit 826
current timestep 326
num of flexible agents: 2417
num of flexible tasks: 8417
Solving time: 0.131507 seconds
plan limit 821
current timestep 327
num of flexible agents: 2411
num of flexible tasks: 8411
Solving time: 0.122586 seconds
plan limit 831
current timestep 328
num of flexible agents: 2421
num of flexible tasks: 8421
Solving time: 0.128715 seconds
plan limit 825
current timestep 329
num of flexible agents: 2428
num of flexible tasks: 8428
Solving time: 0.140277 seconds
plan limit 810
current timestep 330
num of flexible agents: 2426
num of flexible tasks: 8426
Solving time: 0.125307 seconds
plan limit 824
current timestep 331
num of flexible agents: 2425
num of flexible tasks: 8425
Solving time: 0.134188 seconds
plan limit 811
current timestep 332
num of flexible agents: 2437
num of flexible tasks: 8437
Solving time: 0.135694 seconds
plan limit 814
current timestep 333
num of flexible agents: 2433
num of flexible tasks: 8433
Solving time: 0.140577 seconds
plan limit 813
current timestep 334
num of flexible agents: 2439
num of flexible tasks: 8439
Solving time: 0.143695 seconds
plan limit 810
current timestep 335
num of flexible agents: 2440
num of flexible tasks: 8440
Solving time: 0.139891 seconds
plan limit 809
current timestep 336
num of flexible agents: 2432
num of flexible tasks: 8432
Solving time: 0.146769 seconds
plan limit 799
current timestep 337
num of flexible agents: 2431
num of flexible tasks: 8431
Solving time: 0.143934 seconds
plan limit 809
current timestep 338
num of flexible agents: 2435
num of flexible tasks: 8435
Solving time: 0.138038 seconds
plan limit 816
current timestep 339
num of flexible agents: 2445
num of flexible tasks: 8445
Solving time: 0.144309 seconds
plan limit 805
current timestep 340
num of flexible agents: 2445
num of flexible tasks: 8445
Solving time: 0.138189 seconds
plan limit 810
current timestep 341
num of flexible agents: 2460
num of flexible tasks: 8460
Solving time: 0.140984 seconds
plan limit 811
current timestep 342
num of flexible agents: 2470
num of flexible tasks: 8470
Solving time: 0.150603 seconds
plan limit 799
current timestep 343
num of flexible agents: 2490
num of flexible tasks: 8490
Solving time: 0.145713 seconds
plan limit 803
current timestep 344
num of flexible agents: 2483
num of flexible tasks: 8483
Solving time: 0.146895 seconds
plan limit 801
current timestep 345
num of flexible agents: 2490
num of flexible tasks: 8490
Solving time: 0.155847 seconds
plan limit 792
current timestep 346
num of flexible agents: 2501
num of flexible tasks: 8501
Solving time: 0.138366 seconds
plan limit 809
current timestep 347
num of flexible agents: 2523
num of flexible tasks: 8523
Solving time: 0.150769 seconds
plan limit 797
current timestep 348
num of flexible agents: 2519
num of flexible tasks: 8519
Solving time: 0.137869 seconds
plan limit 809
current timestep 349
num of flexible agents: 2532
num of flexible tasks: 8532
Solving time: 0.142214 seconds
plan limit 806
current timestep 350
num of flexible agents: 2538
num of flexible tasks: 8538
Solving time: 0.146377 seconds
plan limit 802
current timestep 351
num of flexible agents: 2536
num of flexible tasks: 8536
Solving time: 0.135664 seconds
plan limit 817
current timestep 352
num of flexible agents: 2547
num of flexible tasks: 8547
Solving time: 0.140961 seconds
plan limit 807
current timestep 353
num of flexible agents: 2553
num of flexible tasks: 8553
Solving time: 0.141084 seconds
plan limit 811
current timestep 354
num of flexible agents: 2571
num of flexible tasks: 8571
Solving time: 0.145395 seconds
plan limit 799
current timestep 355
num of flexible agents: 2595
num of flexible tasks: 8595
Solving time: 0.14069 seconds
plan limit 805
current timestep 356
num of flexible agents: 2618
num of flexible tasks: 8618
Solving time: 0.137093 seconds
plan limit 811
current timestep 357
num of flexible agents: 2637
num of flexible tasks: 8637
Solving time: 0.142384 seconds
plan limit 806
current timestep 358
num of flexible agents: 2643
num of flexible tasks: 8643
Solving time: 0.137293 seconds
plan limit 810
current timestep 359
num of flexible agents: 2639
num of flexible tasks: 8639
Solving time: 0.141647 seconds
plan limit 803
current timestep 360
num of flexible agents: 2647
num of flexible tasks: 8647
Solving time: 0.14281 seconds
plan limit 803
current timestep 361
num of flexible agents: 2659
num of flexible tasks: 8659
Solving time: 0.14349 seconds
plan limit 800
current timestep 362
num of flexible agents: 2675
num of flexible tasks: 8675
Solving time: 0.153501 seconds
plan limit 792
current timestep 363
num of flexible agents: 2685
num of flexible tasks: 8685
Solving time: 0.14644 seconds
plan limit 801
current timestep 364
num of flexible agents: 2715
num of flexible tasks: 8715
Solving time: 0.147762 seconds
plan limit 799
current timestep 365
num of flexible agents: 2719
num of flexible tasks: 8719
Solving time: 0.179089 seconds
plan limit 767
current timestep 366
num of flexible agents: 2733
num of flexible tasks: 8733
Solving time: 0.147079 seconds
plan limit 798
current timestep 367
num of flexible agents: 2732
num of flexible tasks: 8732
Solving time: 0.160188 seconds
plan limit 785
current timestep 368
num of flexible agents: 2745
num of flexible tasks: 8745
Solving time: 0.154518 seconds
plan limit 792
current timestep 369
num of flexible agents: 2758
num of flexible tasks: 8758
Solving time: 0.14288 seconds
plan limit 804
current timestep 370
num of flexible agents: 2776
num of flexible tasks: 8776
Solving time: 0.160558 seconds
plan limit 785
current timestep 371
num of flexible agents: 2779
num of flexible tasks: 8779
Solving time: 0.155514 seconds
plan limit 791
current timestep 372
num of flexible agents: 2776
num of flexible tasks: 8776
Solving time: 0.156554 seconds
plan limit 788
current timestep 373
num of flexible agents: 2786
num of flexible tasks: 8786
Solving time: 0.146316 seconds
plan limit 798
current timestep 374
num of flexible agents: 2798
num of flexible tasks: 8798
Solving time: 0.147734 seconds
plan limit 799
current timestep 375
num of flexible agents: 2802
num of flexible tasks: 8802
Solving time: 0.168904 seconds
plan limit 776
current timestep 376
num of flexible agents: 2817
num of flexible tasks: 8817
Solving time: 0.155906 seconds
plan limit 790
current timestep 377
num of flexible agents: 2833
num of flexible tasks: 8833
Solving time: 0.171077 seconds
plan limit 773
current timestep 378
num of flexible agents: 2817
num of flexible tasks: 8817
Solving time: 0.163309 seconds
plan limit 788
current timestep 379
num of flexible agents: 2829
num of flexible tasks: 8829
Solving time: 0.152909 seconds
plan limit 793
current timestep 380
num of flexible agents: 2833
num of flexible tasks: 8833
Solving time: 0.16127 seconds
plan limit 790
current timestep 381
num of flexible agents: 2834
num of flexible tasks: 8834
Solving time: 0.162516 seconds
plan limit 784
current timestep 382
num of flexible agents: 2832
num of flexible tasks: 8832
Solving time: 0.155831 seconds
plan limit 787
current timestep 383
num of flexible agents: 2836
num of flexible tasks: 8836
Solving time: 0.16148 seconds
plan limit 780
current timestep 384
num of flexible agents: 2840
num of flexible tasks: 8840
Solving time: 0.15964 seconds
plan limit 785
current timestep 385
num of flexible agents: 2841
num of flexible tasks: 8841
Solving time: 0.172972 seconds
plan limit 778
current timestep 386
num of flexible agents: 2845
num of flexible tasks: 8845
Solving time: 0.147154 seconds
plan limit 798
current timestep 387
num of flexible agents: 2842
num of flexible tasks: 8842
Solving time: 0.170812 seconds
plan limit 780
current timestep 388
num of flexible agents: 2848
num of flexible tasks: 8848
Solving time: 0.168619 seconds
plan limit 776
current timestep 389
num of flexible agents: 2842
num of flexible tasks: 8842
Solving time: 0.178967 seconds
plan limit 767
current timestep 390
num of flexible agents: 2858
num of flexible tasks: 8858
Solving time: 0.167647 seconds
plan limit 776
current timestep 391
num of flexible agents: 2867
num of flexible tasks: 8867
Solving time: 0.167181 seconds
plan limit 778
current timestep 392
num of flexible agents: 2873
num of flexible tasks: 8873
Solving time: 0.169005 seconds
plan limit 782
current timestep 393
num of flexible agents: 2881
num of flexible tasks: 8881
Solving time: 0.171232 seconds
plan limit 780
current timestep 394
num of flexible agents: 2878
num of flexible tasks: 8878
Solving time: 0.171355 seconds
plan limit 774
current timestep 395
num of flexible agents: 2898
num of flexible tasks: 8898
Solving time: 0.160833 seconds
plan limit 781
current timestep 396
num of flexible agents: 2893
num of flexible tasks: 8893
Solving time: 0.163541 seconds
plan limit 785
current timestep 397
num of flexible agents: 2892
num of flexible tasks: 8892
Solving time: 0.172744 seconds
plan limit 773
current timestep 398
num of flexible agents: 2894
num of flexible tasks: 8894
Solving time: 0.177166 seconds
plan limit 767
current timestep 399
num of flexible agents: 2898
num of flexible tasks: 8898
Solving time: 0.154544 seconds
plan limit 790
current timestep 400
num of flexible agents: 2886
num of flexible tasks: 8886
Solving time: 0.159766 seconds
plan limit 784
current timestep 401
num of flexible agents: 2886
num of flexible tasks: 8886
Solving time: 0.159179 seconds
plan limit 784
current timestep 402
num of flexible agents: 2881
num of flexible tasks: 8881
Solving time: 0.159884 seconds
plan limit 785
current timestep 403
num of flexible agents: 2894
num of flexible tasks: 8894
Solving time: 0.163635 seconds
plan limit 779
current timestep 404
num of flexible agents: 2902
num of flexible tasks: 8902
Solving time: 0.15701 seconds
plan limit 787
current timestep 405
num of flexible agents: 2916
num of flexible tasks: 8916
Solving time: 0.157753 seconds
plan limit 787
current timestep 406
num of flexible agents: 2910
num of flexible tasks: 8910
Solving time: 0.158279 seconds
plan limit 792
current timestep 407
num of flexible agents: 2915
num of flexible tasks: 8915
Solving time: 0.154998 seconds
plan limit 789
current timestep 408
num of flexible agents: 2917
num of flexible tasks: 8917
Solving time: 0.162613 seconds
plan limit 779
current timestep 409
num of flexible agents: 2909
num of flexible tasks: 8909
Solving time: 0.160537 seconds
plan limit 781
current timestep 410
num of flexible agents: 2891
num of flexible tasks: 8891
Solving time: 0.16041 seconds
plan limit 783
current timestep 411
num of flexible agents: 2891
num of flexible tasks: 8891
Solving time: 0.16095 seconds
plan limit 782
current timestep 412
num of flexible agents: 2886
num of flexible tasks: 8886
Solving time: 0.161216 seconds
plan limit 782
current timestep 413
num of flexible agents: 2893
num of flexible tasks: 8893
Solving time: 0.160816 seconds
plan limit 783
current timestep 414
num of flexible agents: 2895
num of flexible tasks: 8895
Solving time: 0.170638 seconds
plan limit 773
current timestep 415
num of flexible agents: 2900
num of flexible tasks: 8900
Solving time: 0.163171 seconds
plan limit 778
current timestep 416
num of flexible agents: 2916
num of flexible tasks: 8916
Solving time: 0.157115 seconds
plan limit 785
current timestep 417
num of flexible agents: 2908
num of flexible tasks: 8908
Solving time: 0.163159 seconds
plan limit 780
current timestep 418
num of flexible agents: 2916
num of flexible tasks: 8916
Solving time: 0.156554 seconds
plan limit 787
current timestep 419
num of flexible agents: 2919
num of flexible tasks: 8919
Solving time: 0.157699 seconds
plan limit 785
current timestep 420
num of flexible agents: 2928
num of flexible tasks: 8928
Solving time: 0.149748 seconds
plan limit 792
current timestep 421
num of flexible agents: 2931
num of flexible tasks: 8931
Solving time: 0.15619 seconds
plan limit 782
current timestep 422
num of flexible agents: 2925
num of flexible tasks: 8925
Solving time: 0.151046 seconds
plan limit 792
current timestep 423
num of flexible agents: 2924
num of flexible tasks: 8924
Solving time: 0.153508 seconds
plan limit 789
current timestep 424
num of flexible agents: 2904
num of flexible tasks: 8904
Solving time: 0.153929 seconds
plan limit 790
current timestep 425
num of flexible agents: 2905
num of flexible tasks: 8905
Solving time: 0.155572 seconds
plan limit 794
current timestep 426
num of flexible agents: 2900
num of flexible tasks: 8900
Solving time: 0.171489 seconds
plan limit 769
current timestep 427
num of flexible agents: 2895
num of flexible tasks: 8895
Solving time: 0.164791 seconds
plan limit 785
current timestep 428
num of flexible agents: 2907
num of flexible tasks: 8907
Solving time: 0.156683 seconds
plan limit 793
current timestep 429
num of flexible agents: 2911
num of flexible tasks: 8911
Solving time: 0.166848 seconds
plan limit 782
current timestep 430
num of flexible agents: 2927
num of flexible tasks: 8927
Solving time: 0.161683 seconds
plan limit 781
current timestep 431
num of flexible agents: 2915
num of flexible tasks: 8915
Solving time: 0.143819 seconds
plan limit 798
current timestep 432
num of flexible agents: 2906
num of flexible tasks: 8906
Solving time: 0.174126 seconds
plan limit 768
current timestep 433
num of flexible agents: 2918
num of flexible tasks: 8918
Solving time: 0.155066 seconds
plan limit 786
current timestep 434
num of flexible agents: 2920
num of flexible tasks: 8920
Solving time: 0.151973 seconds
plan limit 790
current timestep 435
num of flexible agents: 2925
num of flexible tasks: 8925
Solving time: 0.144747 seconds
plan limit 795
current timestep 436
num of flexible agents: 2935
num of flexible tasks: 8935
Solving time: 0.157797 seconds
plan limit 785
current timestep 437
num of flexible agents: 2943
num of flexible tasks: 8943
Solving time: 0.159965 seconds
plan limit 782
current timestep 438
num of flexible agents: 2946
num of flexible tasks: 8946
Solving time: 0.156134 seconds
plan limit 786
current timestep 439
num of flexible agents: 2947
num of flexible tasks: 8947
Solving time: 0.156467 seconds
plan limit 786
current timestep 440
num of flexible agents: 2953
num of flexible tasks: 8953
Solving time: 0.166004 seconds
plan limit 777
current timestep 441
num of flexible agents: 2969
num of flexible tasks: 8969
Solving time: 0.152204 seconds
plan limit 798
current timestep 442
num of flexible agents: 2969
num of flexible tasks: 8969
Solving time: 0.153459 seconds
plan limit 785
current timestep 443
num of flexible agents: 2979
num of flexible tasks: 8979
Solving time: 0.154342 seconds
plan limit 788
current timestep 444
num of flexible agents: 2980
num of flexible tasks: 8980
Solving time: 0.162941 seconds
plan limit 785
current timestep 445
num of flexible agents: 2991
num of flexible tasks: 8991
Solving time: 0.159507 seconds
plan limit 781
current timestep 446
num of flexible agents: 3003
num of flexible tasks: 9003
Solving time: 0.150684 seconds
plan limit 789
current timestep 447
num of flexible agents: 3013
num of flexible tasks: 9013
Solving time: 0.147729 seconds
plan limit 793
current timestep 448
num of flexible agents: 3011
num of flexible tasks: 9011
Solving time: 0.157293 seconds
plan limit 784
current timestep 449
num of flexible agents: 3024
num of flexible tasks: 9024
Solving time: 0.146733 seconds
plan limit 795
current timestep 450
num of flexible agents: 3050
num of flexible tasks: 9050
Solving time: 0.160939 seconds
plan limit 781
current timestep 451
num of flexible agents: 3054
num of flexible tasks: 9054
Solving time: 0.165256 seconds
plan limit 775
current timestep 452
num of flexible agents: 3045
num of flexible tasks: 9045
Solving time: 0.160308 seconds
plan limit 781
current timestep 453
num of flexible agents: 3047
num of flexible tasks: 9047
Solving time: 0.164389 seconds
plan limit 777
current timestep 454
num of flexible agents: 3038
num of flexible tasks: 9038
Solving time: 0.158084 seconds
plan limit 784
current timestep 455
num of flexible agents: 3045
num of flexible tasks: 9045
Solving time: 0.165143 seconds
plan limit 776
current timestep 456
num of flexible agents: 3047
num of flexible tasks: 9047
Solving time: 0.160918 seconds
plan limit 784
current timestep 457
num of flexible agents: 3056
num of flexible tasks: 9056
Solving time: 0.150863 seconds
plan limit 798
current timestep 458
num of flexible agents: 3066
num of flexible tasks: 9066
Solving time: 0.163334 seconds
plan limit 778
current timestep 459
num of flexible agents: 3070
num of flexible tasks: 9070
Solving time: 0.153505 seconds
plan limit 789
current timestep 460
num of flexible agents: 3055
num of flexible tasks: 9055
Solving time: 0.155357 seconds
plan limit 786
current timestep 461
num of flexible agents: 3060
num of flexible tasks: 9060
Solving time: 0.159832 seconds
plan limit 781
current timestep 462
num of flexible agents: 3076
num of flexible tasks: 9076
Solving time: 0.150489 seconds
plan limit 791
current timestep 463
num of flexible agents: 3092
num of flexible tasks: 9092
Solving time: 0.161701 seconds
plan limit 786
current timestep 464
num of flexible agents: 3087
num of flexible tasks: 9087
Solving time: 0.161642 seconds
plan limit 785
current timestep 465
num of flexible agents: 3096
num of flexible tasks: 9096
Solving time: 0.147892 seconds
plan limit 800
current timestep 466
num of flexible agents: 3095
num of flexible tasks: 9095
Solving time: 0.159025 seconds
plan limit 790
current timestep 467
num of flexible agents: 3098
num of flexible tasks: 9098
Solving time: 0.157627 seconds
plan limit 784
current timestep 468
num of flexible agents: 3089
num of flexible tasks: 9089
Solving time: 0.152736 seconds
plan limit 788
current timestep 469
num of flexible agents: 3082
num of flexible tasks: 9082
Solving time: 0.168149 seconds
plan limit 773
current timestep 470
num of flexible agents: 3079
num of flexible tasks: 9079
Solving time: 0.165338 seconds
plan limit 773
current timestep 471
num of flexible agents: 3086
num of flexible tasks: 9086
Solving time: 0.157826 seconds
plan limit 781
current timestep 472
num of flexible agents: 3096
num of flexible tasks: 9096
Solving time: 0.152319 seconds
plan limit 793
current timestep 473
num of flexible agents: 3091
num of flexible tasks: 9091
Solving time: 0.164128 seconds
plan limit 784
current timestep 474
num of flexible agents: 3109
num of flexible tasks: 9109
Solving time: 0.158025 seconds
plan limit 791
current timestep 475
num of flexible agents: 3110
num of flexible tasks: 9110
Solving time: 0.162052 seconds
plan limit 785
current timestep 476
num of flexible agents: 3114
num of flexible tasks: 9114
Solving time: 0.150781 seconds
plan limit 798
current timestep 477
num of flexible agents: 3108
num of flexible tasks: 9108
Solving time: 0.164879 seconds
plan limit 783
current timestep 478
num of flexible agents: 3130
num of flexible tasks: 9130
Solving time: 0.151696 seconds
plan limit 797
current timestep 479
num of flexible agents: 3126
num of flexible tasks: 9126
Solving time: 0.15163 seconds
plan limit 787
current timestep 480
num of flexible agents: 3129
num of flexible tasks: 9129
Solving time: 0.149695 seconds
plan limit 797
current timestep 481
num of flexible agents: 3132
num of flexible tasks: 9132
Solving time: 0.157272 seconds
plan limit 783
current timestep 482
num of flexible agents: 3132
num of flexible tasks: 9132
Solving time: 0.171557 seconds
plan limit 769
current timestep 483
num of flexible agents: 3143
num of flexible tasks: 9143
Solving time: 0.155638 seconds
plan limit 791
current timestep 484
num of flexible agents: 3162
num of flexible tasks: 9162
Solving time: 0.156323 seconds
plan limit 783
current timestep 485
num of flexible agents: 3167
num of flexible tasks: 9167
Solving time: 0.166338 seconds
plan limit 780
current timestep 486
num of flexible agents: 3168
num of flexible tasks: 9168
Solving time: 0.150237 seconds
plan limit 798
current timestep 487
num of flexible agents: 3184
num of flexible tasks: 9184
Solving time: 0.158503 seconds
plan limit 789
current timestep 488
num of flexible agents: 3194
num of flexible tasks: 9194
Solving time: 0.152085 seconds
plan limit 788
current timestep 489
num of flexible agents: 3189
num of flexible tasks: 9189
Solving time: 0.155873 seconds
plan limit 783
current timestep 490
num of flexible agents: 3182
num of flexible tasks: 9182
Solving time: 0.164569 seconds
plan limit 775
current timestep 491
num of flexible agents: 3182
num of flexible tasks: 9182
Solving time: 0.156687 seconds
plan limit 784
current timestep 492
num of flexible agents: 3190
num of flexible tasks: 9190
Solving time: 0.156056 seconds
plan limit 784
current timestep 493
num of flexible agents: 3190
num of flexible tasks: 9190
Solving time: 0.160284 seconds
plan limit 781
current timestep 494
num of flexible agents: 3186
num of flexible tasks: 9186
Solving time: 0.156439 seconds
plan limit 790
current timestep 495
num of flexible agents: 3176
num of flexible tasks: 9176
Solving time: 0.163035 seconds
plan limit 775
current timestep 496
num of flexible agents: 3185
num of flexible tasks: 9185
Solving time: 0.168854 seconds
plan limit 772
current timestep 497
num of flexible agents: 3189
num of flexible tasks: 9189
Solving time: 0.15172 seconds
plan limit 789
current timestep 498
num of flexible agents: 3187
num of flexible tasks: 9187
Solving time: 0.165018 seconds
plan limit 775
current timestep 499
num of flexible agents: 3197
num of flexible tasks: 9197
Solving time: 0.161266 seconds
plan limit 779
current timestep 500
num of flexible agents: 3211
num of flexible tasks: 9211
Solving time: 0.157369 seconds
plan limit 782
current timestep 501
num of flexible agents: 3214
num of flexible tasks: 9214
Solving time: 0.178663 seconds
plan limit 761
current timestep 502
num of flexible agents: 3218
num of flexible tasks: 9218
Solving time: 0.158423 seconds
plan limit 777
current timestep 503
num of flexible agents: 3216
num of flexible tasks: 9216
Solving time: 0.161397 seconds
plan limit 776
current timestep 504
num of flexible agents: 3214
num of flexible tasks: 9214
Solving time: 0.166964 seconds
plan limit 780
current timestep 505
num of flexible agents: 3212
num of flexible tasks: 9212
Solving time: 0.154971 seconds
plan limit 794
current timestep 506
num of flexible agents: 3220
num of flexible tasks: 9220
Solving time: 0.170675 seconds
plan limit 776
current timestep 507
num of flexible agents: 3210
num of flexible tasks: 9210
Solving time: 0.163711 seconds
plan limit 776
current timestep 508
num of flexible agents: 3209
num of flexible tasks: 9209
Solving time: 0.159787 seconds
plan limit 777
current timestep 509
num of flexible agents: 3212
num of flexible tasks: 9212
Solving time: 0.167647 seconds
plan limit 772
current timestep 510
num of flexible agents: 3201
num of flexible tasks: 9201
Solving time: 0.159591 seconds
plan limit 780
current timestep 511
num of flexible agents: 3197
num of flexible tasks: 9197
Solving time: 0.1605 seconds
plan limit 776
current timestep 512
num of flexible agents: 3212
num of flexible tasks: 9212
Solving time: 0.149237 seconds
plan limit 798
current timestep 513
num of flexible agents: 3197
num of flexible tasks: 9197
Solving time: 0.152283 seconds
plan limit 786
current timestep 514
num of flexible agents: 3206
num of flexible tasks: 9206
Solving time: 0.174448 seconds
plan limit 765
current timestep 515
num of flexible agents: 3190
num of flexible tasks: 9190
Solving time: 0.171197 seconds
plan limit 774
current timestep 516
num of flexible agents: 3179
num of flexible tasks: 9179
Solving time: 0.167894 seconds
plan limit 769
current timestep 517
num of flexible agents: 3174
num of flexible tasks: 9174
Solving time: 0.1605 seconds
plan limit 778
current timestep 518
num of flexible agents: 3170
num of flexible tasks: 9170
Solving time: 0.165138 seconds
plan limit 782
current timestep 519
num of flexible agents: 3175
num of flexible tasks: 9175
Solving time: 0.16389 seconds
plan limit 780
current timestep 520
num of flexible agents: 3191
num of flexible tasks: 9191
Solving time: 0.154531 seconds
plan limit 791
current timestep 521
num of flexible agents: 3177
num of flexible tasks: 9177
Solving time: 0.161357 seconds
plan limit 779
current timestep 522
num of flexible agents: 3184
num of flexible tasks: 9184
Solving time: 0.173296 seconds
plan limit 766
current timestep 523
num of flexible agents: 3179
num of flexible tasks: 9179
Solving time: 0.156972 seconds
plan limit 790
current timestep 524
num of flexible agents: 3181
num of flexible tasks: 9181
Solving time: 0.158679 seconds
plan limit 789
current timestep 525
num of flexible agents: 3170
num of flexible tasks: 9170
Solving time: 0.15945 seconds
plan limit 779
current timestep 526
num of flexible agents: 3156
num of flexible tasks: 9156
Solving time: 0.161833 seconds
plan limit 785
current timestep 527
num of flexible agents: 3162
num of flexible tasks: 9162
Solving time: 0.157779 seconds
plan limit 788
current timestep 528
num of flexible agents: 3151
num of flexible tasks: 9151
Solving time: 0.169563 seconds
plan limit 778
current timestep 529
num of flexible agents: 3140
num of flexible tasks: 9140
Solving time: 0.158928 seconds
plan limit 788
current timestep 530
num of flexible agents: 3140
num of flexible tasks: 9140
Solving time: 0.16689 seconds
plan limit 779
current timestep 531
num of flexible agents: 3143
num of flexible tasks: 9143
Solving time: 0.156483 seconds
plan limit 791
current timestep 532
num of flexible agents: 3146
num of flexible tasks: 9146
Solving time: 0.166428 seconds
plan limit 780
current timestep 533
num of flexible agents: 3139
num of flexible tasks: 9139
Solving time: 0.172715 seconds
plan limit 775
current timestep 534
num of flexible agents: 3135
num of flexible tasks: 9135
Solving time: 0.159395 seconds
plan limit 787
current timestep 535
num of flexible agents: 3123
num of flexible tasks: 9123
Solving time: 0.166652 seconds
plan limit 780
current timestep 536
num of flexible agents: 3121
num of flexible tasks: 9121
Solving time: 0.170106 seconds
plan limit 776
current timestep 537
num of flexible agents: 3115
num of flexible tasks: 9115
Solving time: 0.161994 seconds
plan limit 785
current timestep 538
num of flexible agents: 3132
num of flexible tasks: 9132
Solving time: 0.166356 seconds
plan limit 779
current timestep 539
num of flexible agents: 3135
num of flexible tasks: 9135
Solving time: 0.166288 seconds
plan limit 779
current timestep 540
num of flexible agents: 3133
num of flexible tasks: 9133
Solving time: 0.161698 seconds
plan limit 785
current timestep 541
num of flexible agents: 3145
num of flexible tasks: 9145
Solving time: 0.179868 seconds
plan limit 767
current timestep 542
num of flexible agents: 3153
num of flexible tasks: 9153
Solving time: 0.166417 seconds
plan limit 780
current timestep 543
num of flexible agents: 3172
num of flexible tasks: 9172
Solving time: 0.161811 seconds
plan limit 785
current timestep 544
num of flexible agents: 3167
num of flexible tasks: 9167
Solving time: 0.174191 seconds
plan limit 772
current timestep 545
num of flexible agents: 3165
num of flexible tasks: 9165
Solving time: 0.169079 seconds
plan limit 778
current timestep 546
num of flexible agents: 3168
num of flexible tasks: 9168
Solving time: 0.171685 seconds
plan limit 774
current timestep 547
num of flexible agents: 3173
num of flexible tasks: 9173
Solving time: 0.177032 seconds
plan limit 770
current timestep 548
num of flexible agents: 3180
num of flexible tasks: 9180
Solving time: 0.170145 seconds
plan limit 777
current timestep 549
num of flexible agents: 3191
num of flexible tasks: 9191
Solving time: 0.168922 seconds
plan limit 776
current timestep 550
num of flexible agents: 3186
num of flexible tasks: 9186
Solving time: 0.170309 seconds
plan limit 776
current timestep 551
num of flexible agents: 3173
num of flexible tasks: 9173
Solving time: 0.169712 seconds
plan limit 776
current timestep 552
num of flexible agents: 3171
num of flexible tasks: 9171
Solving time: 0.177536 seconds
plan limit 769
current timestep 553
num of flexible agents: 3175
num of flexible tasks: 9175
Solving time: 0.166767 seconds
plan limit 780
current timestep 554
num of flexible agents: 3186
num of flexible tasks: 9186
Solving time: 0.170396 seconds
plan limit 776
current timestep 555
num of flexible agents: 3173
num of flexible tasks: 9173
Solving time: 0.171559 seconds
plan limit 775
current timestep 556
num of flexible agents: 3177
num of flexible tasks: 9177
Solving time: 0.158027 seconds
plan limit 788
current timestep 557
num of flexible agents: 3175
num of flexible tasks: 9175
Solving time: 0.173107 seconds
plan limit 773
current timestep 558
num of flexible agents: 3180
num of flexible tasks: 9180
Solving time: 0.176186 seconds
plan limit 771
current timestep 559
num of flexible agents: 3190
num of flexible tasks: 9190
Solving time: 0.159326 seconds
plan limit 787
current timestep 560
num of flexible agents: 3196
num of flexible tasks: 9196
Solving time: 0.168964 seconds
plan limit 775
current timestep 561
num of flexible agents: 3195
num of flexible tasks: 9195
Solving time: 0.161623 seconds
plan limit 783
current timestep 562
num of flexible agents: 3196
num of flexible tasks: 9196
Solving time: 0.16468 seconds
plan limit 782
current timestep 563
num of flexible agents: 3186
num of flexible tasks: 9186
Solving time: 0.169826 seconds
plan limit 776
current timestep 564
num of flexible agents: 3194
num of flexible tasks: 9194
Solving time: 0.155932 seconds
plan limit 790
current timestep 565
num of flexible agents: 3194
num of flexible tasks: 9194
Solving time: 0.159229 seconds
plan limit 787
current timestep 566
num of flexible agents: 3196
num of flexible tasks: 9196
Solving time: 0.173522 seconds
plan limit 773
current timestep 567
num of flexible agents: 3201
num of flexible tasks: 9201
Solving time: 0.167792 seconds
plan limit 779
current timestep 568
num of flexible agents: 3193
num of flexible tasks: 9193
Solving time: 0.179695 seconds
plan limit 766
current timestep 569
num of flexible agents: 3197
num of flexible tasks: 9197
Solving time: 0.166542 seconds
plan limit 779
current timestep 570
num of flexible agents: 3187
num of flexible tasks: 9187
Solving time: 0.159693 seconds
plan limit 787
current timestep 571
num of flexible agents: 3189
num of flexible tasks: 9189
Solving time: 0.163376 seconds
plan limit 780
current timestep 572
num of flexible agents: 3197
num of flexible tasks: 9197
Solving time: 0.160532 seconds
plan limit 785
current timestep 573
num of flexible agents: 3206
num of flexible tasks: 9206
Solving time: 0.158434 seconds
plan limit 788
current timestep 574
num of flexible agents: 3219
num of flexible tasks: 9219
Solving time: 0.177904 seconds
plan limit 769
current timestep 575
num of flexible agents: 3219
num of flexible tasks: 9219
Solving time: 0.166787 seconds
plan limit 777
current timestep 576
num of flexible agents: 3208
num of flexible tasks: 9208
Solving time: 0.166918 seconds
plan limit 779
current timestep 577
num of flexible agents: 3204
num of flexible tasks: 9204
Solving time: 0.173892 seconds
plan limit 772
current timestep 578
num of flexible agents: 3186
num of flexible tasks: 9186
Solving time: 0.157468 seconds
plan limit 788
current timestep 579
num of flexible agents: 3196
num of flexible tasks: 9196
Solving time: 0.159379 seconds
plan limit 786
current timestep 580
num of flexible agents: 3185
num of flexible tasks: 9185
Solving time: 0.176514 seconds
plan limit 770
current timestep 581
num of flexible agents: 3188
num of flexible tasks: 9188
Solving time: 0.158766 seconds
plan limit 787
current timestep 582
num of flexible agents: 3184
num of flexible tasks: 9184
Solving time: 0.17036 seconds
plan limit 775
current timestep 583
num of flexible agents: 3181
num of flexible tasks: 9181
Solving time: 0.170463 seconds
plan limit 768
current timestep 584
num of flexible agents: 3167
num of flexible tasks: 9167
Solving time: 0.163588 seconds
plan limit 774
current timestep 585
num of flexible agents: 3157
num of flexible tasks: 9157
Solving time: 0.168283 seconds
plan limit 771
current timestep 586
num of flexible agents: 3162
num of flexible tasks: 9162
Solving time: 0.168976 seconds
plan limit 769
current timestep 587
num of flexible agents: 3171
num of flexible tasks: 9171
Solving time: 0.166619 seconds
plan limit 779
current timestep 588
num of flexible agents: 3162
num of flexible tasks: 9162
Solving time: 0.169547 seconds
plan limit 774
current timestep 589
num of flexible agents: 3163
num of flexible tasks: 9163
Solving time: 0.162378 seconds
plan limit 783
current timestep 590
num of flexible agents: 3157
num of flexible tasks: 9157
Solving time: 0.177994 seconds
plan limit 766
current timestep 591
num of flexible agents: 3150
num of flexible tasks: 9150
Solving time: 0.161698 seconds
plan limit 782
current timestep 592
num of flexible agents: 3136
num of flexible tasks: 9136
Solving time: 0.157065 seconds
plan limit 789
current timestep 593
num of flexible agents: 3135
num of flexible tasks: 9135
Solving time: 0.172035 seconds
plan limit 774
current timestep 594
num of flexible agents: 3134
num of flexible tasks: 9134
Solving time: 0.160015 seconds
plan limit 786
current timestep 595
num of flexible agents: 3128
num of flexible tasks: 9128
Solving time: 0.156833 seconds
plan limit 790
current timestep 596
num of flexible agents: 3131
num of flexible tasks: 9131
Solving time: 0.167585 seconds
plan limit 779
current timestep 597
num of flexible agents: 3126
num of flexible tasks: 9126
Solving time: 0.168689 seconds
plan limit 776
current timestep 598
num of flexible agents: 3117
num of flexible tasks: 9117
Solving time: 0.16176 seconds
plan limit 785
current timestep 599
num of flexible agents: 3115
num of flexible tasks: 9115
Solving time: 0.166564 seconds
plan limit 771
current timestep 600
num of flexible agents: 3126
num of flexible tasks: 9126
Solving time: 0.159767 seconds
plan limit 787
current timestep 601
num of flexible agents: 3120
num of flexible tasks: 9120
Solving time: 0.166658 seconds
plan limit 778
current timestep 602
num of flexible agents: 3105
num of flexible tasks: 9105
Solving time: 0.172485 seconds
plan limit 770
current timestep 603
num of flexible agents: 3104
num of flexible tasks: 9104
Solving time: 0.166674 seconds
plan limit 779
current timestep 604
num of flexible agents: 3101
num of flexible tasks: 9101
Solving time: 0.17708 seconds
plan limit 770
current timestep 605
num of flexible agents: 3098
num of flexible tasks: 9098
Solving time: 0.163337 seconds
plan limit 782
current timestep 606
num of flexible agents: 3094
num of flexible tasks: 9094
Solving time: 0.161407 seconds
plan limit 784
current timestep 607
num of flexible agents: 3089
num of flexible tasks: 9089
Solving time: 0.173366 seconds
plan limit 773
current timestep 608
num of flexible agents: 3088
num of flexible tasks: 9088
Solving time: 0.160039 seconds
plan limit 786
current timestep 609
num of flexible agents: 3089
num of flexible tasks: 9089
Solving time: 0.178613 seconds
plan limit 766
current timestep 610
num of flexible agents: 3085
num of flexible tasks: 9085
Solving time: 0.171731 seconds
plan limit 774
current timestep 611
num of flexible agents: 3092
num of flexible tasks: 9092
Solving time: 0.169307 seconds
plan limit 777
current timestep 612
num of flexible agents: 3094
num of flexible tasks: 9094
Solving time: 0.168957 seconds
plan limit 774
current timestep 613
num of flexible agents: 3100
num of flexible tasks: 9100
Solving time: 0.159923 seconds
plan limit 786
current timestep 614
num of flexible agents: 3105
num of flexible tasks: 9105
Solving time: 0.167561 seconds
plan limit 778
current timestep 615
num of flexible agents: 3096
num of flexible tasks: 9096
Solving time: 0.178932 seconds
plan limit 767
current timestep 616
num of flexible agents: 3082
num of flexible tasks: 9082
Solving time: 0.166026 seconds
plan limit 780
current timestep 617
num of flexible agents: 3089
num of flexible tasks: 9089
Solving time: 0.17099 seconds
plan limit 774
current timestep 618
num of flexible agents: 3077
num of flexible tasks: 9077
Solving time: 0.180268 seconds
plan limit 757
current timestep 619
num of flexible agents: 3067
num of flexible tasks: 9067
Solving time: 0.163856 seconds
plan limit 773
current timestep 620
num of flexible agents: 3069
num of flexible tasks: 9069
Solving time: 0.163593 seconds
plan limit 770
current timestep 621
num of flexible agents: 3069
num of flexible tasks: 9069
Solving time: 0.157855 seconds
plan limit 777
current timestep 622
num of flexible agents: 3082
num of flexible tasks: 9082
Solving time: 0.164918 seconds
plan limit 779
current timestep 623
num of flexible agents: 3093
num of flexible tasks: 9093
Solving time: 0.173037 seconds
plan limit 773
current timestep 624
num of flexible agents: 3087
num of flexible tasks: 9087
Solving time: 0.165219 seconds
plan limit 781
current timestep 625
num of flexible agents: 3076
num of flexible tasks: 9076
Solving time: 0.158141 seconds
plan limit 780
current timestep 626
num of flexible agents: 3073
num of flexible tasks: 9073
Solving time: 0.177112 seconds
plan limit 769
current timestep 627
num of flexible agents: 3052
num of flexible tasks: 9052
Solving time: 0.167979 seconds
plan limit 777
current timestep 628
num of flexible agents: 3052
num of flexible tasks: 9052
Solving time: 0.166151 seconds
plan limit 778
current timestep 629
num of flexible agents: 3045
num of flexible tasks: 9045
Solving time: 0.174123 seconds
plan limit 771
current timestep 630
num of flexible agents: 3048
num of flexible tasks: 9048
Solving time: 0.163324 seconds
plan limit 781
current timestep 631
num of flexible agents: 3048
num of flexible tasks: 9048
Solving time: 0.169033 seconds
plan limit 774
current timestep 632
num of flexible agents: 3045
num of flexible tasks: 9045
Solving time: 0.161963 seconds
plan limit 774
current timestep 633
num of flexible agents: 3049
num of flexible tasks: 9049
Solving time: 0.156671 seconds
plan limit 781
current timestep 634
num of flexible agents: 3038
num of flexible tasks: 9038
Solving time: 0.168293 seconds
plan limit 769
current timestep 635
num of flexible agents: 3026
num of flexible tasks: 9026
Solving time: 0.163738 seconds
plan limit 781
current timestep 636
num of flexible agents: 3036
num of flexible tasks: 9036
Solving time: 0.157772 seconds
plan limit 779
current timestep 637
num of flexible agents: 3035
num of flexible tasks: 9035
Solving time: 0.168465 seconds
plan limit 767
current timestep 638
num of flexible agents: 3043
num of flexible tasks: 9043
Solving time: 0.161587 seconds
plan limit 775
current timestep 639
num of flexible agents: 3045
num of flexible tasks: 9045
Solving time: 0.172336 seconds
plan limit 761
current timestep 640
num of flexible agents: 3052
num of flexible tasks: 9052
Solving time: 0.163177 seconds
plan limit 770
current timestep 641
num of flexible agents: 3064
num of flexible tasks: 9064
Solving time: 0.165484 seconds
plan limit 770
current timestep 642
num of flexible agents: 3061
num of flexible tasks: 9061
Solving time: 0.172043 seconds
plan limit 764
current timestep 643
num of flexible agents: 3062
num of flexible tasks: 9062
Solving time: 0.164521 seconds
plan limit 772
current timestep 644
num of flexible agents: 3056
num of flexible tasks: 9056
Solving time: 0.158251 seconds
plan limit 777
current timestep 645
num of flexible agents: 3062
num of flexible tasks: 9062
Solving time: 0.181687 seconds
plan limit 755
current timestep 646
num of flexible agents: 3061
num of flexible tasks: 9061
Solving time: 0.165012 seconds
plan limit 771
current timestep 647
num of flexible agents: 3053
num of flexible tasks: 9053
Solving time: 0.169036 seconds
plan limit 766
current timestep 648
num of flexible agents: 3046
num of flexible tasks: 9046
Solving time: 0.157992 seconds
plan limit 778
current timestep 649
num of flexible agents: 3042
num of flexible tasks: 9042
Solving time: 0.16811 seconds
plan limit 769
current timestep 650
num of flexible agents: 3035
num of flexible tasks: 9035
Solving time: 0.165535 seconds
plan limit 772
current timestep 651
num of flexible agents: 3039
num of flexible tasks: 9039
Solving time: 0.16585 seconds
plan limit 779
current timestep 652
num of flexible agents: 3040
num of flexible tasks: 9040
Solving time: 0.167835 seconds
plan limit 768
current timestep 653
num of flexible agents: 3040
num of flexible tasks: 9040
Solving time: 0.173871 seconds
plan limit 760
current timestep 654
num of flexible agents: 3040
num of flexible tasks: 9040
Solving time: 0.168189 seconds
plan limit 767
current timestep 655
num of flexible agents: 3038
num of flexible tasks: 9038
Solving time: 0.16806 seconds
plan limit 767
current timestep 656
num of flexible agents: 3028
num of flexible tasks: 9028
Solving time: 0.161962 seconds
plan limit 774
current timestep 657
num of flexible agents: 3021
num of flexible tasks: 9021
Solving time: 0.164217 seconds
plan limit 771
current timestep 658
num of flexible agents: 3018
num of flexible tasks: 9018
Solving time: 0.163223 seconds
plan limit 771
current timestep 659
num of flexible agents: 3014
num of flexible tasks: 9014
Solving time: 0.160081 seconds
plan limit 776
current timestep 660
num of flexible agents: 3003
num of flexible tasks: 9003
Solving time: 0.156278 seconds
plan limit 778
current timestep 661
num of flexible agents: 3003
num of flexible tasks: 9003
Solving time: 0.166792 seconds
plan limit 767
current timestep 662
num of flexible agents: 3001
num of flexible tasks: 9001
Solving time: 0.162773 seconds
plan limit 774
current timestep 663
num of flexible agents: 3007
num of flexible tasks: 9007
Solving time: 0.158762 seconds
plan limit 776
current timestep 664
num of flexible agents: 3003
num of flexible tasks: 9003
Solving time: 0.155113 seconds
plan limit 780
current timestep 665
num of flexible agents: 3029
num of flexible tasks: 9029
Solving time: 0.155484 seconds
plan limit 781
current timestep 666
num of flexible agents: 3027
num of flexible tasks: 9027
Solving time: 0.169658 seconds
plan limit 766
current timestep 667
num of flexible agents: 3044
num of flexible tasks: 9044
Solving time: 0.164781 seconds
plan limit 772
current timestep 668
num of flexible agents: 3046
num of flexible tasks: 9046
Solving time: 0.156563 seconds
plan limit 778
current timestep 669
num of flexible agents: 3046
num of flexible tasks: 9046
Solving time: 0.167794 seconds
plan limit 768
current timestep 670
num of flexible agents: 3041
num of flexible tasks: 9041
Solving time: 0.161109 seconds
plan limit 775
current timestep 671
num of flexible agents: 3040
num of flexible tasks: 9040
Solving time: 0.170169 seconds
plan limit 766
current timestep 672
num of flexible agents: 3042
num of flexible tasks: 9042
Solving time: 0.162093 seconds
plan limit 773
current timestep 673
num of flexible agents: 3030
num of flexible tasks: 9030
Solving time: 0.162109 seconds
plan limit 771
current timestep 674
num of flexible agents: 3027
num of flexible tasks: 9027
Solving time: 0.16393 seconds
plan limit 780
current timestep 675
num of flexible agents: 3027
num of flexible tasks: 9027
Solving time: 0.16074 seconds
plan limit 783
current timestep 676
num of flexible agents: 3029
num of flexible tasks: 9029
Solving time: 0.166101 seconds
plan limit 768
current timestep 677
num of flexible agents: 3024
num of flexible tasks: 9024
Solving time: 0.152094 seconds
plan limit 784
current timestep 678
num of flexible agents: 3021
num of flexible tasks: 9021
Solving time: 0.155862 seconds
plan limit 789
current timestep 679
num of flexible agents: 3025
num of flexible tasks: 9025
Solving time: 0.162578 seconds
plan limit 771
current timestep 680
num of flexible agents: 3025
num of flexible tasks: 9025
Solving time: 0.160272 seconds
plan limit 784
current timestep 681
num of flexible agents: 3033
num of flexible tasks: 9033
Solving time: 0.160094 seconds
plan limit 775
current timestep 682
num of flexible agents: 3037
num of flexible tasks: 9037
Solving time: 0.164768 seconds
plan limit 771
current timestep 683
num of flexible agents: 3038
num of flexible tasks: 9038
Solving time: 0.159053 seconds
plan limit 777
current timestep 684
num of flexible agents: 3032
num of flexible tasks: 9032
Solving time: 0.163739 seconds
plan limit 772
current timestep 685
num of flexible agents: 3013
num of flexible tasks: 9013
Solving time: 0.163117 seconds
plan limit 772
current timestep 686
num of flexible agents: 3019
num of flexible tasks: 9019
Solving time: 0.159171 seconds
plan limit 775
current timestep 687
num of flexible agents: 3023
num of flexible tasks: 9023
Solving time: 0.166223 seconds
plan limit 766
current timestep 688
num of flexible agents: 3028
num of flexible tasks: 9028
Solving time: 0.163348 seconds
plan limit 769
current timestep 689
num of flexible agents: 3027
num of flexible tasks: 9027
Solving time: 0.156744 seconds
plan limit 778
current timestep 690
num of flexible agents: 3031
num of flexible tasks: 9031
Solving time: 0.168602 seconds
plan limit 766
current timestep 691
num of flexible agents: 3029
num of flexible tasks: 9029
Solving time: 0.160368 seconds
plan limit 773
current timestep 692
num of flexible agents: 3027
num of flexible tasks: 9027
Solving time: 0.165222 seconds
plan limit 769
current timestep 693
num of flexible agents: 3040
num of flexible tasks: 9040
Solving time: 0.166153 seconds
plan limit 769
current timestep 694
num of flexible agents: 3052
num of flexible tasks: 9052
Solving time: 0.158279 seconds
plan limit 786
current timestep 695
num of flexible agents: 3045
num of flexible tasks: 9045
Solving time: 0.173116 seconds
plan limit 769
current timestep 696
num of flexible agents: 3058
num of flexible tasks: 9058
Solving time: 0.16237 seconds
plan limit 771
current timestep 697
num of flexible agents: 3056
num of flexible tasks: 9056
Solving time: 0.164881 seconds
plan limit 771
current timestep 698
num of flexible agents: 3070
num of flexible tasks: 9070
Solving time: 0.163832 seconds
plan limit 780
current timestep 699
num of flexible agents: 3077
num of flexible tasks: 9077
Solving time: 0.167667 seconds
plan limit 774
current timestep 700
num of flexible agents: 3079
num of flexible tasks: 9079
Solving time: 0.168184 seconds
plan limit 767
current timestep 701
num of flexible agents: 3079
num of flexible tasks: 9079
Solving time: 0.181213 seconds
plan limit 755
current timestep 702
num of flexible agents: 3094
num of flexible tasks: 9094
Solving time: 0.17165 seconds
plan limit 772
current timestep 703
num of flexible agents: 3096
num of flexible tasks: 9096
Solving time: 0.173609 seconds
plan limit 761
current timestep 704
num of flexible agents: 3096
num of flexible tasks: 9096
Solving time: 0.167575 seconds
plan limit 767
current timestep 705
num of flexible agents: 3099
num of flexible tasks: 9099
Solving time: 0.165129 seconds
plan limit 769
current timestep 706
num of flexible agents: 3102
num of flexible tasks: 9102
Solving time: 0.166495 seconds
plan limit 767
current timestep 707
num of flexible agents: 3102
num of flexible tasks: 9102
Solving time: 0.16822 seconds
plan limit 766
current timestep 708
num of flexible agents: 3093
num of flexible tasks: 9093
Solving time: 0.170255 seconds
plan limit 766
current timestep 709
num of flexible agents: 3087
num of flexible tasks: 9087
Solving time: 0.176786 seconds
plan limit 752
current timestep 710
num of flexible agents: 3088
num of flexible tasks: 9088
Solving time: 0.164015 seconds
plan limit 771
current timestep 711
num of flexible agents: 3091
num of flexible tasks: 9091
Solving time: 0.180175 seconds
plan limit 755
current timestep 712
num of flexible agents: 3108
num of flexible tasks: 9108
Solving time: 0.155807 seconds
plan limit 779
current timestep 713
num of flexible agents: 3116
num of flexible tasks: 9116
Solving time: 0.166845 seconds
plan limit 769
current timestep 714
num of flexible agents: 3131
num of flexible tasks: 9131
Solving time: 0.174789 seconds
plan limit 758
current timestep 715
num of flexible agents: 3124
num of flexible tasks: 9124
Solving time: 0.16192 seconds
plan limit 774
current timestep 716
num of flexible agents: 3129
num of flexible tasks: 9129
Solving time: 0.168382 seconds
plan limit 765
current timestep 717
num of flexible agents: 3119
num of flexible tasks: 9119
Solving time: 0.178502 seconds
plan limit 754
current timestep 718
num of flexible agents: 3135
num of flexible tasks: 9135
Solving time: 0.163634 seconds
plan limit 771
current timestep 719
num of flexible agents: 3141
num of flexible tasks: 9141
Solving time: 0.162907 seconds
plan limit 771
current timestep 720
num of flexible agents: 3145
num of flexible tasks: 9145
Solving time: 0.166367 seconds
plan limit 778
current timestep 721
num of flexible agents: 3144
num of flexible tasks: 9144
Solving time: 0.167717 seconds
plan limit 768
current timestep 722
num of flexible agents: 3147
num of flexible tasks: 9147
Solving time: 0.16493 seconds
plan limit 766
current timestep 723
num of flexible agents: 3143
num of flexible tasks: 9143
Solving time: 0.166337 seconds
plan limit 765
current timestep 724
num of flexible agents: 3146
num of flexible tasks: 9146
Solving time: 0.170254 seconds
plan limit 765
current timestep 725
num of flexible agents: 3140
num of flexible tasks: 9140
Solving time: 0.183407 seconds
plan limit 751
current timestep 726
num of flexible agents: 3155
num of flexible tasks: 9155
Solving time: 0.164651 seconds
plan limit 766
current timestep 727
num of flexible agents: 3155
num of flexible tasks: 9155
Solving time: 0.165633 seconds
plan limit 778
current timestep 728
num of flexible agents: 3167
num of flexible tasks: 9167
Solving time: 0.168498 seconds
plan limit 773
current timestep 729
num of flexible agents: 3180
num of flexible tasks: 9180
Solving time: 0.176347 seconds
plan limit 758
current timestep 730
num of flexible agents: 3200
num of flexible tasks: 9200
Solving time: 0.172146 seconds
plan limit 771
current timestep 731
num of flexible agents: 3199
num of flexible tasks: 9199
Solving time: 0.171694 seconds
plan limit 759
current timestep 732
num of flexible agents: 3205
num of flexible tasks: 9205
Solving time: 0.176523 seconds
plan limit 758
current timestep 733
num of flexible agents: 3203
num of flexible tasks: 9203
Solving time: 0.163973 seconds
plan limit 770
current timestep 734
num of flexible agents: 3203
num of flexible tasks: 9203
Solving time: 0.169446 seconds
plan limit 765
current timestep 735
num of flexible agents: 3212
num of flexible tasks: 9212
Solving time: 0.162957 seconds
plan limit 772
current timestep 736
num of flexible agents: 3215
num of flexible tasks: 9215
Solving time: 0.16464 seconds
plan limit 770
current timestep 737
num of flexible agents: 3226
num of flexible tasks: 9226
Solving time: 0.174701 seconds
plan limit 760
current timestep 738
num of flexible agents: 3230
num of flexible tasks: 9230
Solving time: 0.165606 seconds
plan limit 769
current timestep 739
num of flexible agents: 3234
num of flexible tasks: 9234
Solving time: 0.176381 seconds
plan limit 755
current timestep 740
num of flexible agents: 3230
num of flexible tasks: 9230
Solving time: 0.189056 seconds
plan limit 745
current timestep 741
num of flexible agents: 3228
num of flexible tasks: 9228
Solving time: 0.167753 seconds
plan limit 767
current timestep 742
num of flexible agents: 3228
num of flexible tasks: 9228
Solving time: 0.175645 seconds
plan limit 759
current timestep 743
num of flexible agents: 3235
num of flexible tasks: 9235
Solving time: 0.170344 seconds
plan limit 761
current timestep 744
num of flexible agents: 3240
num of flexible tasks: 9240
Solving time: 0.166003 seconds
plan limit 776
current timestep 745
num of flexible agents: 3258
num of flexible tasks: 9258
Solving time: 0.178891 seconds
plan limit 756
current timestep 746
num of flexible agents: 3261
num of flexible tasks: 9261
Solving time: 0.169527 seconds
plan limit 765
current timestep 747
num of flexible agents: 3270
num of flexible tasks: 9270
Solving time: 0.158625 seconds
plan limit 783
current timestep 748
num of flexible agents: 3276
num of flexible tasks: 9276
Solving time: 0.183409 seconds
plan limit 749
current timestep 749
num of flexible agents: 3271
num of flexible tasks: 9271
Solving time: 0.17315 seconds
plan limit 760
current timestep 750
num of flexible agents: 3257
num of flexible tasks: 9257
Solving time: 0.163596 seconds
plan limit 768
current timestep 751
num of flexible agents: 3239
num of flexible tasks: 9239
Solving time: 0.175906 seconds
plan limit 756
current timestep 752
num of flexible agents: 3237
num of flexible tasks: 9237
Solving time: 0.17006 seconds
plan limit 763
current timestep 753
num of flexible agents: 3230
num of flexible tasks: 9230
Solving time: 0.173964 seconds
plan limit 760
current timestep 754
num of flexible agents: 3235
num of flexible tasks: 9235
Solving time: 0.16616 seconds
plan limit 776
current timestep 755
num of flexible agents: 3246
num of flexible tasks: 9246
Solving time: 0.168964 seconds
plan limit 763
current timestep 756
num of flexible agents: 3258
num of flexible tasks: 9258
Solving time: 0.178689 seconds
plan limit 764
current timestep 757
num of flexible agents: 3259
num of flexible tasks: 9259
Solving time: 0.179415 seconds
plan limit 754
current timestep 758
num of flexible agents: 3265
num of flexible tasks: 9265
Solving time: 0.161276 seconds
plan limit 770
current timestep 759
num of flexible agents: 3261
num of flexible tasks: 9261
Solving time: 0.166759 seconds
plan limit 766
current timestep 760
num of flexible agents: 3270
num of flexible tasks: 9270
Solving time: 0.15664 seconds
plan limit 777
current timestep 761
num of flexible agents: 3266
num of flexible tasks: 9266
Solving time: 0.165598 seconds
plan limit 768
current timestep 762
num of flexible agents: 3268
num of flexible tasks: 9268
Solving time: 0.174377 seconds
plan limit 759
current timestep 763
num of flexible agents: 3278
num of flexible tasks: 9278
Solving time: 0.170816 seconds
plan limit 763
current timestep 764
num of flexible agents: 3287
num of flexible tasks: 9287
Solving time: 0.184397 seconds
plan limit 749
current timestep 765
num of flexible agents: 3290
num of flexible tasks: 9290
Solving time: 0.181249 seconds
plan limit 753
current timestep 766
num of flexible agents: 3276
num of flexible tasks: 9276
Solving time: 0.173607 seconds
plan limit 760
current timestep 767
num of flexible agents: 3284
num of flexible tasks: 9284
Solving time: 0.167402 seconds
plan limit 765
current timestep 768
num of flexible agents: 3273
num of flexible tasks: 9273
Solving time: 0.166414 seconds
plan limit 764
current timestep 769
num of flexible agents: 3276
num of flexible tasks: 9276
Solving time: 0.176263 seconds
plan limit 755
current timestep 770
num of flexible agents: 3288
num of flexible tasks: 9288
Solving time: 0.167509 seconds
plan limit 772
current timestep 771
num of flexible agents: 3300
num of flexible tasks: 9300
Solving time: 0.162965 seconds
plan limit 770
current timestep 772
num of flexible agents: 3298
num of flexible tasks: 9298
Solving time: 0.170266 seconds
plan limit 763
current timestep 773
num of flexible agents: 3302
num of flexible tasks: 9302
Solving time: 0.172582 seconds
plan limit 761
current timestep 774
num of flexible agents: 3312
num of flexible tasks: 9312
Solving time: 0.171997 seconds
plan limit 760
current timestep 775
num of flexible agents: 3317
num of flexible tasks: 9317
Solving time: 0.191327 seconds
plan limit 740
current timestep 776
num of flexible agents: 3319
num of flexible tasks: 9319
Solving time: 0.180882 seconds
plan limit 752
current timestep 777
num of flexible agents: 3318
num of flexible tasks: 9318
Solving time: 0.187506 seconds
plan limit 742
current timestep 778
num of flexible agents: 3318
num of flexible tasks: 9318
Solving time: 0.177312 seconds
plan limit 754
current timestep 779
num of flexible agents: 3319
num of flexible tasks: 9319
Solving time: 0.180863 seconds
plan limit 762
current timestep 780
num of flexible agents: 3313
num of flexible tasks: 9313
Solving time: 0.185381 seconds
plan limit 746
current timestep 781
num of flexible agents: 3301
num of flexible tasks: 9301
Solving time: 0.163748 seconds
plan limit 768
current timestep 782
num of flexible agents: 3303
num of flexible tasks: 9303
Solving time: 0.181221 seconds
plan limit 746
current timestep 783
num of flexible agents: 3318
num of flexible tasks: 9318
Solving time: 0.186142 seconds
plan limit 745
current timestep 784
num of flexible agents: 3319
num of flexible tasks: 9319
Solving time: 0.181497 seconds
plan limit 752
current timestep 785
num of flexible agents: 3321
num of flexible tasks: 9321
Solving time: 0.175846 seconds
plan limit 756
current timestep 786
num of flexible agents: 3315
num of flexible tasks: 9315
Solving time: 0.178956 seconds
plan limit 748
current timestep 787
num of flexible agents: 3315
num of flexible tasks: 9315
Solving time: 0.165081 seconds
plan limit 768
current timestep 788
num of flexible agents: 3332
num of flexible tasks: 9332
Solving time: 0.186874 seconds
plan limit 743
current timestep 789
num of flexible agents: 3338
num of flexible tasks: 9338
Solving time: 0.168032 seconds
plan limit 763
current timestep 790
num of flexible agents: 3344
num of flexible tasks: 9344
Solving time: 0.169845 seconds
plan limit 763
current timestep 791
num of flexible agents: 3356
num of flexible tasks: 9356
Solving time: 0.178411 seconds
plan limit 751
current timestep 792
num of flexible agents: 3354
num of flexible tasks: 9354
Solving time: 0.176581 seconds
plan limit 756
current timestep 793
num of flexible agents: 3345
num of flexible tasks: 9345
Solving time: 0.177968 seconds
plan limit 754
current timestep 794
num of flexible agents: 3348
num of flexible tasks: 9348
Solving time: 0.183821 seconds
plan limit 748
current timestep 795
num of flexible agents: 3361
num of flexible tasks: 9361
Solving time: 0.173842 seconds
plan limit 759
current timestep 796
num of flexible agents: 3371
num of flexible tasks: 9371
Solving time: 0.172757 seconds
plan limit 757
current timestep 797
num of flexible agents: 3355
num of flexible tasks: 9355
Solving time: 0.178239 seconds
plan limit 753
current timestep 798
num of flexible agents: 3361
num of flexible tasks: 9361
Solving time: 0.172135 seconds
plan limit 770
current timestep 799
num of flexible agents: 3365
num of flexible tasks: 9365
Solving time: 0.17816 seconds
plan limit 753
current timestep 800
num of flexible agents: 3361
num of flexible tasks: 9361
Solving time: 0.168285 seconds
plan limit 774
current timestep 801
num of flexible agents: 3365
num of flexible tasks: 9365
Solving time: 0.17163 seconds
plan limit 761
current timestep 802
num of flexible agents: 3380
num of flexible tasks: 9380
Solving time: 0.175761 seconds
plan limit 757
current timestep 803
num of flexible agents: 3364
num of flexible tasks: 9364
Solving time: 0.166481 seconds
plan limit 765
current timestep 804
num of flexible agents: 3363
num of flexible tasks: 9363
Solving time: 0.178044 seconds
plan limit 750
current timestep 805
num of flexible agents: 3376
num of flexible tasks: 9376
Solving time: 0.16933 seconds
plan limit 760
current timestep 806
num of flexible agents: 3374
num of flexible tasks: 9374
Solving time: 0.175252 seconds
plan limit 757
current timestep 807
num of flexible agents: 3378
num of flexible tasks: 9378
Solving time: 0.169941 seconds
plan limit 759
current timestep 808
num of flexible agents: 3380
num of flexible tasks: 9380
Solving time: 0.178461 seconds
plan limit 754
current timestep 809
num of flexible agents: 3380
num of flexible tasks: 9380
Solving time: 0.169955 seconds
plan limit 762
current timestep 810
num of flexible agents: 3378
num of flexible tasks: 9378
Solving time: 0.172908 seconds
plan limit 759
current timestep 811
num of flexible agents: 3383
num of flexible tasks: 9383
Solving time: 0.18356 seconds
plan limit 746
current timestep 812
num of flexible agents: 3400
num of flexible tasks: 9400
Solving time: 0.165856 seconds
plan limit 767
current timestep 813
num of flexible agents: 3397
num of flexible tasks: 9397
Solving time: 0.179609 seconds
plan limit 753
current timestep 814
num of flexible agents: 3401
num of flexible tasks: 9401
Solving time: 0.17379 seconds
plan limit 759
current timestep 815
num of flexible agents: 3408
num of flexible tasks: 9408
Solving time: 0.174547 seconds
plan limit 758
current timestep 816
num of flexible agents: 3429
num of flexible tasks: 9429
Solving time: 0.178618 seconds
plan limit 753
current timestep 817
num of flexible agents: 3417
num of flexible tasks: 9417
Solving time: 0.171214 seconds
plan limit 761
current timestep 818
num of flexible agents: 3414
num of flexible tasks: 9414
Solving time: 0.178188 seconds
plan limit 749
current timestep 819
num of flexible agents: 3423
num of flexible tasks: 9423
Solving time: 0.181137 seconds
plan limit 749
current timestep 820
num of flexible agents: 3423
num of flexible tasks: 9423
Solving time: 0.181616 seconds
plan limit 750
current timestep 821
num of flexible agents: 3441
num of flexible tasks: 9441
Solving time: 0.185294 seconds
plan limit 746
current timestep 822
num of flexible agents: 3449
num of flexible tasks: 9449
Solving time: 0.176099 seconds
plan limit 755
current timestep 823
num of flexible agents: 3439
num of flexible tasks: 9439
Solving time: 0.178042 seconds
plan limit 752
current timestep 824
num of flexible agents: 3434
num of flexible tasks: 9434
Solving time: 0.176626 seconds
plan limit 755
current timestep 825
num of flexible agents: 3456
num of flexible tasks: 9456
Solving time: 0.17832 seconds
plan limit 753
current timestep 826
num of flexible agents: 3467
num of flexible tasks: 9467
Solving time: 0.175754 seconds
plan limit 753
current timestep 827
num of flexible agents: 3466
num of flexible tasks: 9466
Solving time: 0.183781 seconds
plan limit 742
current timestep 828
num of flexible agents: 3472
num of flexible tasks: 9472
Solving time: 0.165336 seconds
plan limit 766
current timestep 829
num of flexible agents: 3490
num of flexible tasks: 9490
Solving time: 0.181353 seconds
plan limit 747
current timestep 830
num of flexible agents: 3481
num of flexible tasks: 9481
Solving time: 0.170562 seconds
plan limit 758
current timestep 831
num of flexible agents: 3488
num of flexible tasks: 9488
Solving time: 0.172518 seconds
plan limit 758
current timestep 832
num of flexible agents: 3486
num of flexible tasks: 9486
Solving time: 0.177052 seconds
plan limit 763
current timestep 833
num of flexible agents: 3487
num of flexible tasks: 9487
Solving time: 0.168124 seconds
plan limit 773
current timestep 834
num of flexible agents: 3491
num of flexible tasks: 9491
Solving time: 0.184513 seconds
plan limit 756
current timestep 835
num of flexible agents: 3486
num of flexible tasks: 9486
Solving time: 0.180634 seconds
plan limit 751
current timestep 836
num of flexible agents: 3488
num of flexible tasks: 9488
Solving time: 0.162857 seconds
plan limit 769
current timestep 837
num of flexible agents: 3494
num of flexible tasks: 9494
Solving time: 0.175709 seconds
plan limit 755
current timestep 838
num of flexible agents: 3491
num of flexible tasks: 9491
Solving time: 0.168247 seconds
plan limit 762
current timestep 839
num of flexible agents: 3504
num of flexible tasks: 9504
Solving time: 0.1791 seconds
plan limit 751
current timestep 840
num of flexible agents: 3510
num of flexible tasks: 9510
Solving time: 0.179766 seconds
plan limit 749
current timestep 841
num of flexible agents: 3523
num of flexible tasks: 9523
Solving time: 0.168033 seconds
plan limit 762
current timestep 842
num of flexible agents: 3528
num of flexible tasks: 9528
Solving time: 0.177384 seconds
plan limit 754
current timestep 843
num of flexible agents: 3534
num of flexible tasks: 9534
Solving time: 0.176283 seconds
plan limit 755
current timestep 844
num of flexible agents: 3531
num of flexible tasks: 9531
Solving time: 0.184645 seconds
plan limit 744
current timestep 845
num of flexible agents: 3535
num of flexible tasks: 9535
Solving time: 0.16545 seconds
plan limit 764
current timestep 846
num of flexible agents: 3532
num of flexible tasks: 9532
Solving time: 0.177635 seconds
plan limit 752
current timestep 847
num of flexible agents: 3540
num of flexible tasks: 9540
Solving time: 0.177543 seconds
plan limit 751
current timestep 848
num of flexible agents: 3538
num of flexible tasks: 9538
Solving time: 0.170112 seconds
plan limit 760
current timestep 849
num of flexible agents: 3539
num of flexible tasks: 9539
Solving time: 0.17861 seconds
plan limit 752
current timestep 850
num of flexible agents: 3546
num of flexible tasks: 9546
Solving time: 0.172149 seconds
plan limit 758
current timestep 851
num of flexible agents: 3556
num of flexible tasks: 9556
Solving time: 0.170467 seconds
plan limit 766
current timestep 852
num of flexible agents: 3563
num of flexible tasks: 9563
Solving time: 0.174334 seconds
plan limit 756
current timestep 853
num of flexible agents: 3554
num of flexible tasks: 9554
Solving time: 0.178365 seconds
plan limit 752
current timestep 854
num of flexible agents: 3565
num of flexible tasks: 9565
Solving time: 0.180194 seconds
plan limit 747
current timestep 855
num of flexible agents: 3566
num of flexible tasks: 9566
Solving time: 0.171665 seconds
plan limit 756
current timestep 856
num of flexible agents: 3571
num of flexible tasks: 9571
Solving time: 0.177153 seconds
plan limit 749
current timestep 857
num of flexible agents: 3573
num of flexible tasks: 9573
Solving time: 0.18087 seconds
plan limit 749
current timestep 858
num of flexible agents: 3574
num of flexible tasks: 9574
Solving time: 0.174412 seconds
plan limit 756
current timestep 859
num of flexible agents: 3559
num of flexible tasks: 9559
Solving time: 0.166503 seconds
plan limit 764
current timestep 860
num of flexible agents: 3567
num of flexible tasks: 9567
Solving time: 0.179126 seconds
plan limit 751
current timestep 861
num of flexible agents: 3573
num of flexible tasks: 9573
Solving time: 0.173848 seconds
plan limit 757
current timestep 862
num of flexible agents: 3574
num of flexible tasks: 9574
Solving time: 0.174577 seconds
plan limit 755
current timestep 863
num of flexible agents: 3585
num of flexible tasks: 9585
Solving time: 0.193588 seconds
plan limit 735
current timestep 864
num of flexible agents: 3583
num of flexible tasks: 9583
Solving time: 0.17609 seconds
plan limit 754
current timestep 865
num of flexible agents: 3601
num of flexible tasks: 9601
Solving time: 0.183271 seconds
plan limit 744
current timestep 866
num of flexible agents: 3597
num of flexible tasks: 9597
Solving time: 0.179898 seconds
plan limit 747
current timestep 867
num of flexible agents: 3595
num of flexible tasks: 9595
Solving time: 0.172552 seconds
plan limit 757
current timestep 868
num of flexible agents: 3594
num of flexible tasks: 9594
Solving time: 0.182917 seconds
plan limit 748
current timestep 869
num of flexible agents: 3583
num of flexible tasks: 9583
Solving time: 0.185037 seconds
plan limit 745
current timestep 870
num of flexible agents: 3594
num of flexible tasks: 9594
Solving time: 0.186017 seconds
plan limit 744
current timestep 871
num of flexible agents: 3596
num of flexible tasks: 9596
Solving time: 0.182416 seconds
plan limit 758
current timestep 872
num of flexible agents: 3585
num of flexible tasks: 9585
Solving time: 0.185128 seconds
plan limit 745
current timestep 873
num of flexible agents: 3595
num of flexible tasks: 9595
Solving time: 0.181416 seconds
plan limit 747
current timestep 874
num of flexible agents: 3595
num of flexible tasks: 9595
Solving time: 0.184028 seconds
plan limit 745
current timestep 875
num of flexible agents: 3593
num of flexible tasks: 9593
Solving time: 0.17084 seconds
plan limit 758
current timestep 876
num of flexible agents: 3595
num of flexible tasks: 9595
Solving time: 0.173129 seconds
plan limit 754
current timestep 877
num of flexible agents: 3588
num of flexible tasks: 9588
Solving time: 0.189459 seconds
plan limit 750
current timestep 878
num of flexible agents: 3584
num of flexible tasks: 9584
Solving time: 0.178131 seconds
plan limit 752
current timestep 879
num of flexible agents: 3600
num of flexible tasks: 9600
Solving time: 0.175511 seconds
plan limit 753
current timestep 880
num of flexible agents: 3607
num of flexible tasks: 9607
Solving time: 0.16385 seconds
plan limit 775
current timestep 881
num of flexible agents: 3610
num of flexible tasks: 9610
Solving time: 0.174248 seconds
plan limit 756
current timestep 882
num of flexible agents: 3605
num of flexible tasks: 9605
Solving time: 0.190323 seconds
plan limit 734
current timestep 883
num of flexible agents: 3604
num of flexible tasks: 9604
Solving time: 0.170288 seconds
plan limit 758
current timestep 884
num of flexible agents: 3615
num of flexible tasks: 9615
Solving time: 0.178067 seconds
plan limit 752
current timestep 885
num of flexible agents: 3612
num of flexible tasks: 9612
Solving time: 0.184065 seconds
plan limit 743
current timestep 886
num of flexible agents: 3613
num of flexible tasks: 9613
Solving time: 0.177607 seconds
plan limit 752
current timestep 887
num of flexible agents: 3619
num of flexible tasks: 9619
Solving time: 0.174399 seconds
plan limit 755
current timestep 888
num of flexible agents: 3614
num of flexible tasks: 9614
Solving time: 0.187604 seconds
plan limit 742
current timestep 889
num of flexible agents: 3607
num of flexible tasks: 9607
Solving time: 0.175973 seconds
plan limit 753
current timestep 890
num of flexible agents: 3606
num of flexible tasks: 9606
Solving time: 0.16971 seconds
plan limit 757
current timestep 891
num of flexible agents: 3600
num of flexible tasks: 9600
Solving time: 0.17512 seconds
plan limit 754
current timestep 892
num of flexible agents: 3603
num of flexible tasks: 9603
Solving time: 0.164087 seconds
plan limit 766
current timestep 893
num of flexible agents: 3610
num of flexible tasks: 9610
Solving time: 0.200079 seconds
plan limit 729
current timestep 894
num of flexible agents: 3599
num of flexible tasks: 9599
Solving time: 0.168645 seconds
plan limit 760
current timestep 895
num of flexible agents: 3606
num of flexible tasks: 9606
Solving time: 0.165733 seconds
plan limit 764
current timestep 896
num of flexible agents: 3599
num of flexible tasks: 9599
Solving time: 0.178827 seconds
plan limit 751
current timestep 897
num of flexible agents: 3595
num of flexible tasks: 9595
Solving time: 0.172668 seconds
plan limit 757
current timestep 898
num of flexible agents: 3588
num of flexible tasks: 9588
Solving time: 0.167794 seconds
plan limit 761
current timestep 899
num of flexible agents: 3604
num of flexible tasks: 9604
Solving time: 0.18067 seconds
plan limit 749
current timestep 900
num of flexible agents: 3611
num of flexible tasks: 9611
Solving time: 0.167454 seconds
plan limit 762
current timestep 901
num of flexible agents: 3605
num of flexible tasks: 9605
Solving time: 0.179742 seconds
plan limit 745
current timestep 902
num of flexible agents: 3592
num of flexible tasks: 9592
Solving time: 0.169656 seconds
plan limit 758
current timestep 903
num of flexible agents: 3591
num of flexible tasks: 9591
Solving time: 0.168824 seconds
plan limit 770
current timestep 904
num of flexible agents: 3600
num of flexible tasks: 9600
Solving time: 0.182966 seconds
plan limit 745
current timestep 905
num of flexible agents: 3616
num of flexible tasks: 9616
Solving time: 0.169751 seconds
plan limit 760
current timestep 906
num of flexible agents: 3631
num of flexible tasks: 9631
Solving time: 0.174317 seconds
plan limit 756
current timestep 907
num of flexible agents: 3629
num of flexible tasks: 9629
Solving time: 0.18456 seconds
plan limit 744
current timestep 908
num of flexible agents: 3634
num of flexible tasks: 9634
Solving time: 0.17945 seconds
plan limit 749
current timestep 909
num of flexible agents: 3633
num of flexible tasks: 9633
Solving time: 0.170105 seconds
plan limit 769
current timestep 910
num of flexible agents: 3628
num of flexible tasks: 9628
Solving time: 0.174786 seconds
plan limit 762
current timestep 911
num of flexible agents: 3626
num of flexible tasks: 9626
Solving time: 0.189364 seconds
plan limit 749
current timestep 912
num of flexible agents: 3627
num of flexible tasks: 9627
Solving time: 0.164993 seconds
plan limit 763
current timestep 913
num of flexible agents: 3640
num of flexible tasks: 9640
Solving time: 0.180331 seconds
plan limit 758
current timestep 914
num of flexible agents: 3638
num of flexible tasks: 9638
Solving time: 0.163346 seconds
plan limit 765
current timestep 915
num of flexible agents: 3634
num of flexible tasks: 9634
Solving time: 0.167779 seconds
plan limit 759
current timestep 916
num of flexible agents: 3632
num of flexible tasks: 9632
Solving time: 0.174763 seconds
plan limit 754
current timestep 917
num of flexible agents: 3629
num of flexible tasks: 9629
Solving time: 0.169886 seconds
plan limit 759
current timestep 918
num of flexible agents: 3635
num of flexible tasks: 9635
Solving time: 0.180224 seconds
plan limit 745
current timestep 919
num of flexible agents: 3627
num of flexible tasks: 9627
Solving time: 0.173475 seconds
plan limit 761
current timestep 920
num of flexible agents: 3624
num of flexible tasks: 9624
Solving time: 0.176741 seconds
plan limit 748
current timestep 921
num of flexible agents: 3647
num of flexible tasks: 9647
Solving time: 0.181161 seconds
plan limit 746
current timestep 922
num of flexible agents: 3635
num of flexible tasks: 9635
Solving time: 0.177137 seconds
plan limit 750
current timestep 923
num of flexible agents: 3615
num of flexible tasks: 9615
Solving time: 0.171869 seconds
plan limit 757
current timestep 924
num of flexible agents: 3617
num of flexible tasks: 9617
Solving time: 0.181708 seconds
plan limit 747
current timestep 925
num of flexible agents: 3637
num of flexible tasks: 9637
Solving time: 0.180178 seconds
plan limit 748
current timestep 926
num of flexible agents: 3646
num of flexible tasks: 9646
Solving time: 0.174909 seconds
plan limit 753
current timestep 927
num of flexible agents: 3648
num of flexible tasks: 9648
Solving time: 0.182531 seconds
plan limit 756
current timestep 928
num of flexible agents: 3646
num of flexible tasks: 9646
Solving time: 0.177987 seconds
plan limit 750
current timestep 929
num of flexible agents: 3659
num of flexible tasks: 9659
Solving time: 0.176663 seconds
plan limit 750
current timestep 930
num of flexible agents: 3660
num of flexible tasks: 9660
Solving time: 0.172325 seconds
plan limit 755
current timestep 931
num of flexible agents: 3667
num of flexible tasks: 9667
Solving time: 0.170851 seconds
plan limit 757
current timestep 932
num of flexible agents: 3676
num of flexible tasks: 9676
Solving time: 0.175469 seconds
plan limit 750
current timestep 933
num of flexible agents: 3681
num of flexible tasks: 9681
Solving time: 0.179432 seconds
plan limit 746
current timestep 934
num of flexible agents: 3680
num of flexible tasks: 9680
Solving time: 0.173097 seconds
plan limit 756
current timestep 935
num of flexible agents: 3692
num of flexible tasks: 9692
Solving time: 0.187426 seconds
plan limit 741
current timestep 936
num of flexible agents: 3684
num of flexible tasks: 9684
Solving time: 0.173809 seconds
plan limit 755
current timestep 937
num of flexible agents: 3698
num of flexible tasks: 9698
Solving time: 0.170806 seconds
plan limit 756
current timestep 938
num of flexible agents: 3708
num of flexible tasks: 9708
Solving time: 0.179676 seconds
plan limit 747
current timestep 939
num of flexible agents: 3709
num of flexible tasks: 9709
Solving time: 0.177301 seconds
plan limit 750
current timestep 940
num of flexible agents: 3725
num of flexible tasks: 9725
Solving time: 0.171918 seconds
plan limit 753
current timestep 941
num of flexible agents: 3726
num of flexible tasks: 9726
Solving time: 0.179377 seconds
plan limit 758
current timestep 942
num of flexible agents: 3728
num of flexible tasks: 9728
Solving time: 0.176698 seconds
plan limit 751
current timestep 943
num of flexible agents: 3726
num of flexible tasks: 9726
Solving time: 0.172821 seconds
plan limit 764
current timestep 944
num of flexible agents: 3742
num of flexible tasks: 9742
Solving time: 0.186444 seconds
plan limit 740
current timestep 945
num of flexible agents: 3745
num of flexible tasks: 9745
Solving time: 0.181765 seconds
plan limit 745
current timestep 946
num of flexible agents: 3732
num of flexible tasks: 9732
Solving time: 0.185033 seconds
plan limit 739
current timestep 947
num of flexible agents: 3737
num of flexible tasks: 9737
Solving time: 0.187638 seconds
plan limit 739
current timestep 948
num of flexible agents: 3729
num of flexible tasks: 9729
Solving time: 0.178754 seconds
plan limit 759
current timestep 949
num of flexible agents: 3734
num of flexible tasks: 9734
Solving time: 0.191723 seconds
plan limit 746
current timestep 950
num of flexible agents: 3740
num of flexible tasks: 9740
Solving time: 0.184344 seconds
plan limit 751
current timestep 951
num of flexible agents: 3742
num of flexible tasks: 9742
Solving time: 0.184506 seconds
plan limit 742
current timestep 952
num of flexible agents: 3750
num of flexible tasks: 9750
Solving time: 0.19368 seconds
plan limit 734
current timestep 953
num of flexible agents: 3759
num of flexible tasks: 9759
Solving time: 0.179365 seconds
plan limit 748
current timestep 954
num of flexible agents: 3763
num of flexible tasks: 9763
Solving time: 0.188165 seconds
plan limit 738
current timestep 955
num of flexible agents: 3762
num of flexible tasks: 9762
Solving time: 0.191969 seconds
plan limit 745
current timestep 956
num of flexible agents: 3758
num of flexible tasks: 9758
Solving time: 0.184957 seconds
plan limit 743
current timestep 957
num of flexible agents: 3759
num of flexible tasks: 9759
Solving time: 0.184704 seconds
plan limit 741
current timestep 958
num of flexible agents: 3761
num of flexible tasks: 9761
Solving time: 0.199688 seconds
plan limit 728
current timestep 959
num of flexible agents: 3757
num of flexible tasks: 9757
Solving time: 0.19254 seconds
plan limit 735
current timestep 960
num of flexible agents: 3749
num of flexible tasks: 9749
Solving time: 0.198731 seconds
plan limit 726
current timestep 961
num of flexible agents: 3749
num of flexible tasks: 9749
Solving time: 0.205147 seconds
plan limit 722
current timestep 962
num of flexible agents: 3748
num of flexible tasks: 9748
Solving time: 0.200732 seconds
plan limit 726
current timestep 963
num of flexible agents: 3752
num of flexible tasks: 9752
Solving time: 0.212309 seconds
plan limit 712
current timestep 964
num of flexible agents: 3757
num of flexible tasks: 9757
Solving time: 0.201556 seconds
plan limit 726
current timestep 965
num of flexible agents: 3774
num of flexible tasks: 9774
Solving time: 0.188108 seconds
plan limit 739
current timestep 966
num of flexible agents: 3767
num of flexible tasks: 9767
Solving time: 0.196672 seconds
plan limit 730
current timestep 967
num of flexible agents: 3775
num of flexible tasks: 9775
Solving time: 0.187819 seconds
plan limit 737
current timestep 968
num of flexible agents: 3772
num of flexible tasks: 9772
Solving time: 0.196744 seconds
plan limit 730
current timestep 969
num of flexible agents: 3777
num of flexible tasks: 9777
Solving time: 0.196028 seconds
plan limit 730
current timestep 970
num of flexible agents: 3795
num of flexible tasks: 9795
Solving time: 0.187856 seconds
plan limit 739
current timestep 971
num of flexible agents: 3804
num of flexible tasks: 9804
Solving time: 0.185129 seconds
plan limit 741
current timestep 972
num of flexible agents: 3809
num of flexible tasks: 9809
Solving time: 0.201066 seconds
plan limit 724
current timestep 973
num of flexible agents: 3819
num of flexible tasks: 9819
Solving time: 0.188471 seconds
plan limit 739
current timestep 974
num of flexible agents: 3828
num of flexible tasks: 9828
Solving time: 0.17971 seconds
plan limit 747
current timestep 975
num of flexible agents: 3837
num of flexible tasks: 9837
Solving time: 0.195216 seconds
plan limit 731
current timestep 976
num of flexible agents: 3835
num of flexible tasks: 9835
Solving time: 0.179178 seconds
plan limit 748
current timestep 977
num of flexible agents: 3831
num of flexible tasks: 9831
Solving time: 0.194014 seconds
plan limit 730
current timestep 978
num of flexible agents: 3832
num of flexible tasks: 9832
Solving time: 0.182237 seconds
plan limit 742
current timestep 979
num of flexible agents: 3835
num of flexible tasks: 9835
Solving time: 0.182413 seconds
plan limit 755
current timestep 980
num of flexible agents: 3839
num of flexible tasks: 9839
Solving time: 0.183958 seconds
plan limit 740
current timestep 981
num of flexible agents: 3828
num of flexible tasks: 9828
Solving time: 0.18171 seconds
plan limit 744
current timestep 982
num of flexible agents: 3837
num of flexible tasks: 9837
Solving time: 0.179764 seconds
plan limit 758
current timestep 983
num of flexible agents: 3844
num of flexible tasks: 9844
Solving time: 0.180268 seconds
plan limit 745
current timestep 984
num of flexible agents: 3838
num of flexible tasks: 9838
Solving time: 0.174198 seconds
plan limit 752
current timestep 985
num of flexible agents: 3842
num of flexible tasks: 9842
Solving time: 0.181564 seconds
plan limit 743
current timestep 986
num of flexible agents: 3847
num of flexible tasks: 9847
Solving time: 0.194886 seconds
plan limit 730
current timestep 987
num of flexible agents: 3839
num of flexible tasks: 9839
Solving time: 0.17323 seconds
plan limit 753
current timestep 988
num of flexible agents: 3844
num of flexible tasks: 9844
Solving time: 0.192163 seconds
plan limit 735
current timestep 989
num of flexible agents: 3838
num of flexible tasks: 9838
Solving time: 0.183289 seconds
plan limit 742
current timestep 990
num of flexible agents: 3845
num of flexible tasks: 9845
Solving time: 0.173416 seconds
plan limit 752
current timestep 991
num of flexible agents: 3840
num of flexible tasks: 9840
Solving time: 0.174989 seconds
plan limit 751
current timestep 992
num of flexible agents: 3833
num of flexible tasks: 9833
Solving time: 0.181293 seconds
plan limit 755
current timestep 993
num of flexible agents: 3833
num of flexible tasks: 9833
Solving time: 0.175555 seconds
plan limit 751
current timestep 994
num of flexible agents: 3834
num of flexible tasks: 9834
Solving time: 0.166641 seconds
plan limit 757
current timestep 995
num of flexible agents: 3828
num of flexible tasks: 9828
Solving time: 0.190541 seconds
plan limit 746
current timestep 996
num of flexible agents: 3845
num of flexible tasks: 9845
Solving time: 0.170307 seconds
plan limit 756
current timestep 997
num of flexible agents: 3843
num of flexible tasks: 9843
Solving time: 0.17647 seconds
plan limit 759
current timestep 998
num of flexible agents: 3851
num of flexible tasks: 9851
Solving time: 0.179482 seconds
plan limit 746
current timestep 999
num of flexible agents: 3853
num of flexible tasks: 9853
Solving time: 0.170208 seconds
plan limit 754
