current timestep 0
num of flexible agents: 12000
num of flexible tasks: 18000
Optimal assignment with minimum cost:
Solving time: 0.150094 seconds
plan limit 823
compute initial stop until 0
current timestep 1
num of flexible agents: 11666
num of flexible tasks: 17666
Optimal assignment with minimum cost:
Solving time: 0.161483 seconds
plan limit 813
compute initial stop until 1620
current timestep 2
num of flexible agents: 11425
num of flexible tasks: 17425
Optimal assignment with minimum cost:
Solving time: 0.148965 seconds
plan limit 825
compute initial stop until 2833
current timestep 3
num of flexible agents: 11204
num of flexible tasks: 17204
Optimal assignment with minimum cost:
Solving time: 0.140418 seconds
plan limit 833
compute initial stop until 3556
current timestep 4
num of flexible agents: 10921
num of flexible tasks: 16921
Optimal assignment with minimum cost:
Solving time: 0.148553 seconds
plan limit 825
compute initial stop until 4025
current timestep 5
num of flexible agents: 10697
num of flexible tasks: 16697
Optimal assignment with minimum cost:
Solving time: 0.128538 seconds
plan limit 845
compute initial stop until 4354
current timestep 6
num of flexible agents: 10491
num of flexible tasks: 16491
Optimal assignment with minimum cost:
Solving time: 0.127837 seconds
plan limit 846
compute initial stop until 4717
current timestep 7
num of flexible agents: 10340
num of flexible tasks: 16340
Optimal assignment with minimum cost:
Solving time: 0.125354 seconds
plan limit 848
compute initial stop until 5112
current timestep 8
num of flexible agents: 10170
num of flexible tasks: 16170
Optimal assignment with minimum cost:
Solving time: 0.134121 seconds
plan limit 839
compute initial stop until 5434
current timestep 9
num of flexible agents: 9998
num of flexible tasks: 15998
Optimal assignment with minimum cost:
Solving time: 0.141579 seconds
plan limit 831
compute initial stop until 5696
current timestep 10
num of flexible agents: 9838
num of flexible tasks: 15838
Optimal assignment with minimum cost:
Solving time: 0.130736 seconds
plan limit 842
compute initial stop until 5947
current timestep 11
num of flexible agents: 9674
num of flexible tasks: 15674
Optimal assignment with minimum cost:
Solving time: 0.13545 seconds
plan limit 837
compute initial stop until 6135
current timestep 12
num of flexible agents: 9527
num of flexible tasks: 15527
Optimal assignment with minimum cost:
Solving time: 0.129997 seconds
plan limit 843
compute initial stop until 6405
current timestep 13
num of flexible agents: 9350
num of flexible tasks: 15350
Optimal assignment with minimum cost:
Solving time: 0.121745 seconds
plan limit 850
compute initial stop until 6540
current timestep 14
num of flexible agents: 9191
num of flexible tasks: 15191
Optimal assignment with minimum cost:
Solving time: 0.122966 seconds
plan limit 849
compute initial stop until 6744
current timestep 15
num of flexible agents: 9013
num of flexible tasks: 15013
Optimal assignment with minimum cost:
Solving time: 0.116211 seconds
plan limit 856
compute initial stop until 6900
current timestep 16
num of flexible agents: 8863
num of flexible tasks: 14863
Optimal assignment with minimum cost:
Solving time: 0.128225 seconds
plan limit 843
compute initial stop until 7073
current timestep 17
num of flexible agents: 8698
num of flexible tasks: 14698
Optimal assignment with minimum cost:
Solving time: 0.131913 seconds
plan limit 840
compute initial stop until 7288
current timestep 18
num of flexible agents: 8541
num of flexible tasks: 14541
Optimal assignment with minimum cost:
Solving time: 0.124691 seconds
plan limit 847
compute initial stop until 7427
current timestep 19
num of flexible agents: 8392
num of flexible tasks: 14392
Optimal assignment with minimum cost:
Solving time: 0.123466 seconds
plan limit 848
compute initial stop until 7551
current timestep 20
num of flexible agents: 8242
num of flexible tasks: 14242
Optimal assignment with minimum cost:
Solving time: 0.120785 seconds
plan limit 850
compute initial stop until 7737
current timestep 21
num of flexible agents: 8092
num of flexible tasks: 14092
Optimal assignment with minimum cost:
Solving time: 0.121003 seconds
plan limit 850
compute initial stop until 7853
current timestep 22
num of flexible agents: 7969
num of flexible tasks: 13969
Optimal assignment with minimum cost:
Solving time: 0.128293 seconds
plan limit 842
compute initial stop until 7964
current timestep 23
num of flexible agents: 7829
num of flexible tasks: 13829
Optimal assignment with minimum cost:
Solving time: 0.117748 seconds
plan limit 852
compute initial stop until 8126
current timestep 24
num of flexible agents: 7688
num of flexible tasks: 13688
Optimal assignment with minimum cost:
Solving time: 0.12086 seconds
plan limit 850
compute initial stop until 8246
current timestep 25
num of flexible agents: 7540
num of flexible tasks: 13540
Optimal assignment with minimum cost:
Solving time: 0.110088 seconds
plan limit 860
compute initial stop until 8354
current timestep 26
num of flexible agents: 7412
num of flexible tasks: 13412
Optimal assignment with minimum cost:
Solving time: 0.110188 seconds
plan limit 860
compute initial stop until 8480
current timestep 27
num of flexible agents: 7306
num of flexible tasks: 13306
Optimal assignment with minimum cost:
Solving time: 0.111229 seconds
plan limit 859
compute initial stop until 8691
current timestep 28
num of flexible agents: 7165
num of flexible tasks: 13165
Optimal assignment with minimum cost:
Solving time: 0.110248 seconds
plan limit 860
compute initial stop until 8801
current timestep 29
num of flexible agents: 7031
num of flexible tasks: 13031
Optimal assignment with minimum cost:
Solving time: 0.101232 seconds
plan limit 869
compute initial stop until 8924
current timestep 30
num of flexible agents: 6895
num of flexible tasks: 12895
Optimal assignment with minimum cost:
Solving time: 0.102919 seconds
plan limit 867
compute initial stop until 9013
current timestep 31
num of flexible agents: 6770
num of flexible tasks: 12770
Optimal assignment with minimum cost:
Solving time: 0.0995546 seconds
plan limit 871
compute initial stop until 9085
current timestep 32
num of flexible agents: 6644
num of flexible tasks: 12644
Optimal assignment with minimum cost:
Solving time: 0.105656 seconds
plan limit 863
compute initial stop until 9191
current timestep 33
num of flexible agents: 6495
num of flexible tasks: 12495
Optimal assignment with minimum cost:
Solving time: 0.100712 seconds
plan limit 869
compute initial stop until 9236
current timestep 34
num of flexible agents: 6371
num of flexible tasks: 12371
Optimal assignment with minimum cost:
Solving time: 0.0993754 seconds
plan limit 870
compute initial stop until 9311
current timestep 35
num of flexible agents: 6259
num of flexible tasks: 12259
Optimal assignment with minimum cost:
Solving time: 0.0998097 seconds
plan limit 869
compute initial stop until 9422
current timestep 36
num of flexible agents: 6157
num of flexible tasks: 12157
Optimal assignment with minimum cost:
Solving time: 0.0973564 seconds
plan limit 872
compute initial stop until 9544
current timestep 37
num of flexible agents: 6033
num of flexible tasks: 12033
Optimal assignment with minimum cost:
Solving time: 0.108514 seconds
plan limit 860
compute initial stop until 9647
current timestep 38
num of flexible agents: 5910
num of flexible tasks: 11910
Optimal assignment with minimum cost:
Solving time: 0.102038 seconds
plan limit 867
compute initial stop until 9822
current timestep 39
num of flexible agents: 5784
num of flexible tasks: 11784
Optimal assignment with minimum cost:
Solving time: 0.0980838 seconds
plan limit 871
compute initial stop until 9900
current timestep 40
num of flexible agents: 5661
num of flexible tasks: 11661
Optimal assignment with minimum cost:
Solving time: 0.101642 seconds
plan limit 867
compute initial stop until 10006
current timestep 41
num of flexible agents: 5543
num of flexible tasks: 11543
Optimal assignment with minimum cost:
Solving time: 0.0965802 seconds
plan limit 872
compute initial stop until 10131
current timestep 42
num of flexible agents: 5445
num of flexible tasks: 11445
Optimal assignment with minimum cost:
Solving time: 0.101463 seconds
plan limit 867
compute initial stop until 10293
current timestep 43
num of flexible agents: 5336
num of flexible tasks: 11336
Optimal assignment with minimum cost:
Solving time: 0.0979717 seconds
plan limit 870
compute initial stop until 10388
current timestep 44
num of flexible agents: 5244
num of flexible tasks: 11244
Optimal assignment with minimum cost:
Solving time: 0.0978764 seconds
plan limit 870
compute initial stop until 10539
current timestep 45
num of flexible agents: 5133
num of flexible tasks: 11133
Optimal assignment with minimum cost:
Solving time: 0.0946482 seconds
plan limit 873
compute initial stop until 10642
current timestep 46
num of flexible agents: 5036
num of flexible tasks: 11036
Optimal assignment with minimum cost:
Solving time: 0.0920673 seconds
plan limit 875
compute initial stop until 10780
current timestep 47
num of flexible agents: 4939
num of flexible tasks: 10939
Optimal assignment with minimum cost:
Solving time: 0.0990161 seconds
plan limit 868
compute initial stop until 10820
current timestep 48
num of flexible agents: 4843
num of flexible tasks: 10843
Optimal assignment with minimum cost:
Solving time: 0.0949535 seconds
plan limit 873
compute initial stop until 10979
current timestep 49
num of flexible agents: 4760
num of flexible tasks: 10760
Optimal assignment with minimum cost:
Solving time: 0.0901235 seconds
plan limit 876
compute initial stop until 11079
current timestep 50
num of flexible agents: 4670
num of flexible tasks: 10670
Optimal assignment with minimum cost:
Solving time: 0.0907323 seconds
plan limit 876
compute initial stop until 11179
current timestep 51
num of flexible agents: 4593
num of flexible tasks: 10593
Optimal assignment with minimum cost:
Solving time: 0.0901697 seconds
plan limit 877
compute initial stop until 11296
current timestep 52
num of flexible agents: 4505
num of flexible tasks: 10505
Optimal assignment with minimum cost:
Solving time: 0.0904489 seconds
plan limit 875
compute initial stop until 11441
current timestep 53
num of flexible agents: 4426
num of flexible tasks: 10426
Optimal assignment with minimum cost:
Solving time: 0.0856379 seconds
plan limit 881
compute initial stop until 11539
current timestep 54
num of flexible agents: 4350
num of flexible tasks: 10350
Optimal assignment with minimum cost:
Solving time: 0.0895093 seconds
plan limit 877
compute initial stop until 11644
current timestep 55
num of flexible agents: 4274
num of flexible tasks: 10274
Optimal assignment with minimum cost:
Solving time: 0.0871674 seconds
plan limit 879
compute initial stop until 11748
current timestep 56
num of flexible agents: 4197
num of flexible tasks: 10197
Optimal assignment with minimum cost:
Solving time: 0.0836991 seconds
plan limit 882
compute initial stop until 11894
current timestep 57
num of flexible agents: 4127
num of flexible tasks: 10127
Optimal assignment with minimum cost:
Solving time: 0.0864444 seconds
plan limit 879
current timestep 58
num of flexible agents: 4057
num of flexible tasks: 10057
Optimal assignment with minimum cost:
Solving time: 0.0870039 seconds
plan limit 879
current timestep 59
num of flexible agents: 3971
num of flexible tasks: 9971
Optimal assignment with minimum cost:
Solving time: 0.0862356 seconds
plan limit 880
current timestep 60
num of flexible agents: 3886
num of flexible tasks: 9886
Optimal assignment with minimum cost:
Solving time: 0.0838855 seconds
plan limit 882
current timestep 61
num of flexible agents: 3829
num of flexible tasks: 9829
Optimal assignment with minimum cost:
Solving time: 0.087514 seconds
plan limit 878
current timestep 62
num of flexible agents: 3767
num of flexible tasks: 9767
Optimal assignment with minimum cost:
Solving time: 0.0792024 seconds
plan limit 887
current timestep 63
num of flexible agents: 3705
num of flexible tasks: 9705
Optimal assignment with minimum cost:
Solving time: 0.0874745 seconds
plan limit 879
current timestep 64
num of flexible agents: 3630
num of flexible tasks: 9630
Optimal assignment with minimum cost:
Solving time: 0.0764782 seconds
plan limit 889
current timestep 65
num of flexible agents: 3565
num of flexible tasks: 9565
Optimal assignment with minimum cost:
Solving time: 0.0847249 seconds
plan limit 881
current timestep 66
num of flexible agents: 3498
num of flexible tasks: 9498
Optimal assignment with minimum cost:
Solving time: 0.0834911 seconds
plan limit 882
current timestep 67
num of flexible agents: 3430
num of flexible tasks: 9430
Optimal assignment with minimum cost:
Solving time: 0.0844969 seconds
plan limit 881
current timestep 68
num of flexible agents: 3373
num of flexible tasks: 9373
Optimal assignment with minimum cost:
Solving time: 0.0843496 seconds
plan limit 880
current timestep 69
num of flexible agents: 3323
num of flexible tasks: 9323
Optimal assignment with minimum cost:
Solving time: 0.0820909 seconds
plan limit 884
current timestep 70
num of flexible agents: 3263
num of flexible tasks: 9263
Optimal assignment with minimum cost:
Solving time: 0.0892695 seconds
plan limit 876
current timestep 71
num of flexible agents: 3202
num of flexible tasks: 9202
Optimal assignment with minimum cost:
Solving time: 0.089266 seconds
plan limit 875
current timestep 72
num of flexible agents: 3141
num of flexible tasks: 9141
Optimal assignment with minimum cost:
Solving time: 0.0814404 seconds
plan limit 883
current timestep 73
num of flexible agents: 3096
num of flexible tasks: 9096
Optimal assignment with minimum cost:
Solving time: 0.0890161 seconds
plan limit 876
current timestep 74
num of flexible agents: 3046
num of flexible tasks: 9046
Optimal assignment with minimum cost:
Solving time: 0.0905492 seconds
plan limit 874
current timestep 75
num of flexible agents: 2993
num of flexible tasks: 8993
Optimal assignment with minimum cost:
Solving time: 0.0825364 seconds
plan limit 882
current timestep 76
num of flexible agents: 2927
num of flexible tasks: 8927
Optimal assignment with minimum cost:
Solving time: 0.0806222 seconds
plan limit 884
current timestep 77
num of flexible agents: 2872
num of flexible tasks: 8872
Optimal assignment with minimum cost:
Solving time: 0.0838205 seconds
plan limit 882
current timestep 78
num of flexible agents: 2832
num of flexible tasks: 8832
Optimal assignment with minimum cost:
Solving time: 0.0874136 seconds
plan limit 877
current timestep 79
num of flexible agents: 2783
num of flexible tasks: 8783
Optimal assignment with minimum cost:
Solving time: 0.0792463 seconds
plan limit 886
current timestep 80
num of flexible agents: 2739
num of flexible tasks: 8739
Optimal assignment with minimum cost:
Solving time: 0.0781813 seconds
plan limit 886
current timestep 81
num of flexible agents: 2684
num of flexible tasks: 8684
Optimal assignment with minimum cost:
Solving time: 0.0775482 seconds
plan limit 887
current timestep 82
num of flexible agents: 2643
num of flexible tasks: 8643
Optimal assignment with minimum cost:
Solving time: 0.0754905 seconds
plan limit 890
current timestep 83
num of flexible agents: 2611
num of flexible tasks: 8611
Optimal assignment with minimum cost:
Solving time: 0.0763592 seconds
plan limit 888
current timestep 84
num of flexible agents: 2565
num of flexible tasks: 8565
Optimal assignment with minimum cost:
Solving time: 0.0779498 seconds
plan limit 887
current timestep 85
num of flexible agents: 2531
num of flexible tasks: 8531
Optimal assignment with minimum cost:
Solving time: 0.0834301 seconds
plan limit 881
current timestep 86
num of flexible agents: 2492
num of flexible tasks: 8492
Optimal assignment with minimum cost:
Solving time: 0.08024 seconds
plan limit 884
current timestep 87
num of flexible agents: 2460
num of flexible tasks: 8460
Optimal assignment with minimum cost:
Solving time: 0.0818789 seconds
plan limit 883
current timestep 88
num of flexible agents: 2425
num of flexible tasks: 8425
Optimal assignment with minimum cost:
Solving time: 0.0822697 seconds
plan limit 882
current timestep 89
num of flexible agents: 2389
num of flexible tasks: 8389
Optimal assignment with minimum cost:
Solving time: 0.080967 seconds
plan limit 883
current timestep 90
num of flexible agents: 2363
num of flexible tasks: 8363
Optimal assignment with minimum cost:
Solving time: 0.0821493 seconds
plan limit 881
current timestep 91
num of flexible agents: 2326
num of flexible tasks: 8326
Optimal assignment with minimum cost:
Solving time: 0.0782958 seconds
plan limit 886
current timestep 92
num of flexible agents: 2303
num of flexible tasks: 8303
Optimal assignment with minimum cost:
Solving time: 0.0850928 seconds
plan limit 878
current timestep 93
num of flexible agents: 2270
num of flexible tasks: 8270
Optimal assignment with minimum cost:
Solving time: 0.08005 seconds
plan limit 884
current timestep 94
num of flexible agents: 2239
num of flexible tasks: 8239
Optimal assignment with minimum cost:
Solving time: 0.0851413 seconds
plan limit 878
current timestep 95
num of flexible agents: 2224
num of flexible tasks: 8224
Optimal assignment with minimum cost:
Solving time: 0.0812956 seconds
plan limit 882
current timestep 96
num of flexible agents: 2194
num of flexible tasks: 8194
Optimal assignment with minimum cost:
Solving time: 0.0785706 seconds
plan limit 885
current timestep 97
num of flexible agents: 2164
num of flexible tasks: 8164
Optimal assignment with minimum cost:
Solving time: 0.0817971 seconds
plan limit 882
current timestep 98
num of flexible agents: 2131
num of flexible tasks: 8131
Optimal assignment with minimum cost:
Solving time: 0.0806445 seconds
plan limit 883
current timestep 99
num of flexible agents: 2101
num of flexible tasks: 8101
Optimal assignment with minimum cost:
Solving time: 0.0844887 seconds
plan limit 879
current timestep 100
num of flexible agents: 2078
num of flexible tasks: 8078
Optimal assignment with minimum cost:
Solving time: 0.081967 seconds
plan limit 882
current timestep 101
num of flexible agents: 2061
num of flexible tasks: 8061
Optimal assignment with minimum cost:
Solving time: 0.0816916 seconds
plan limit 880
current timestep 102
num of flexible agents: 2039
num of flexible tasks: 8039
Optimal assignment with minimum cost:
Solving time: 0.0778807 seconds
plan limit 885
current timestep 103
num of flexible agents: 2026
num of flexible tasks: 8026
Optimal assignment with minimum cost:
Solving time: 0.0768016 seconds
plan limit 886
current timestep 104
num of flexible agents: 2002
num of flexible tasks: 8002
Optimal assignment with minimum cost:
Solving time: 0.0825251 seconds
plan limit 880
current timestep 105
num of flexible agents: 1983
num of flexible tasks: 7983
Optimal assignment with minimum cost:
Solving time: 0.0787125 seconds
plan limit 884
current timestep 106
num of flexible agents: 1954
num of flexible tasks: 7954
Optimal assignment with minimum cost:
Solving time: 0.0756904 seconds
plan limit 887
current timestep 107
num of flexible agents: 1935
num of flexible tasks: 7935
Optimal assignment with minimum cost:
Solving time: 0.0755257 seconds
plan limit 885
current timestep 108
num of flexible agents: 1915
num of flexible tasks: 7915
Optimal assignment with minimum cost:
Solving time: 0.0748621 seconds
plan limit 886
current timestep 109
num of flexible agents: 1898
num of flexible tasks: 7898
Optimal assignment with minimum cost:
Solving time: 0.0810502 seconds
plan limit 879
current timestep 110
num of flexible agents: 1874
num of flexible tasks: 7874
Optimal assignment with minimum cost:
Solving time: 0.0753324 seconds
plan limit 885
current timestep 111
num of flexible agents: 1852
num of flexible tasks: 7852
Optimal assignment with minimum cost:
Solving time: 0.0821621 seconds
plan limit 878
current timestep 112
num of flexible agents: 1834
num of flexible tasks: 7834
Optimal assignment with minimum cost:
Solving time: 0.0798225 seconds
plan limit 880
current timestep 113
num of flexible agents: 1830
num of flexible tasks: 7830
Optimal assignment with minimum cost:
Solving time: 0.0780727 seconds
plan limit 884
current timestep 114
num of flexible agents: 1826
num of flexible tasks: 7826
Optimal assignment with minimum cost:
Solving time: 0.0799557 seconds
plan limit 879
current timestep 115
num of flexible agents: 1801
num of flexible tasks: 7801
Optimal assignment with minimum cost:
Solving time: 0.0773265 seconds
plan limit 883
current timestep 116
num of flexible agents: 1798
num of flexible tasks: 7798
Optimal assignment with minimum cost:
Solving time: 0.0861567 seconds
plan limit 872
current timestep 117
num of flexible agents: 1783
num of flexible tasks: 7783
Optimal assignment with minimum cost:
Solving time: 0.0777533 seconds
plan limit 882
current timestep 118
num of flexible agents: 1774
num of flexible tasks: 7774
Optimal assignment with minimum cost:
Solving time: 0.0783583 seconds
plan limit 884
current timestep 119
num of flexible agents: 1757
num of flexible tasks: 7757
Optimal assignment with minimum cost:
Solving time: 0.0763517 seconds
plan limit 884
current timestep 120
num of flexible agents: 1756
num of flexible tasks: 7756
Optimal assignment with minimum cost:
Solving time: 0.0751834 seconds
plan limit 886
current timestep 121
num of flexible agents: 1746
num of flexible tasks: 7746
Optimal assignment with minimum cost:
Solving time: 0.083708 seconds
plan limit 876
current timestep 122
num of flexible agents: 1733
num of flexible tasks: 7733
Optimal assignment with minimum cost:
Solving time: 0.0778782 seconds
plan limit 880
current timestep 123
num of flexible agents: 1736
num of flexible tasks: 7736
Optimal assignment with minimum cost:
Solving time: 0.0778886 seconds
plan limit 882
current timestep 124
num of flexible agents: 1737
num of flexible tasks: 7737
Optimal assignment with minimum cost:
Solving time: 0.0807822 seconds
plan limit 878
current timestep 125
num of flexible agents: 1739
num of flexible tasks: 7739
Optimal assignment with minimum cost:
Solving time: 0.0775522 seconds
plan limit 882
current timestep 126
num of flexible agents: 1736
num of flexible tasks: 7736
Optimal assignment with minimum cost:
Solving time: 0.08056 seconds
plan limit 880
current timestep 127
num of flexible agents: 1731
num of flexible tasks: 7731
Optimal assignment with minimum cost:
Solving time: 0.0779309 seconds
plan limit 883
current timestep 128
num of flexible agents: 1708
num of flexible tasks: 7708
Optimal assignment with minimum cost:
Solving time: 0.0837062 seconds
plan limit 876
current timestep 129
num of flexible agents: 1713
num of flexible tasks: 7713
Optimal assignment with minimum cost:
Solving time: 0.0811165 seconds
plan limit 880
current timestep 130
num of flexible agents: 1714
num of flexible tasks: 7714
Optimal assignment with minimum cost:
Solving time: 0.0797632 seconds
plan limit 879
current timestep 131
num of flexible agents: 1714
num of flexible tasks: 7714
Optimal assignment with minimum cost:
Solving time: 0.0801804 seconds
plan limit 878
current timestep 132
num of flexible agents: 1716
num of flexible tasks: 7716
Optimal assignment with minimum cost:
Solving time: 0.0793743 seconds
plan limit 881
current timestep 133
num of flexible agents: 1712
num of flexible tasks: 7712
Optimal assignment with minimum cost:
Solving time: 0.0872766 seconds
plan limit 871
current timestep 134
num of flexible agents: 1718
num of flexible tasks: 7718
Optimal assignment with minimum cost:
Solving time: 0.0773559 seconds
plan limit 883
current timestep 135
num of flexible agents: 1719
num of flexible tasks: 7719
Optimal assignment with minimum cost:
Solving time: 0.0817739 seconds
plan limit 877
current timestep 136
num of flexible agents: 1717
num of flexible tasks: 7717
Optimal assignment with minimum cost:
Solving time: 0.0803066 seconds
plan limit 879
current timestep 137
num of flexible agents: 1725
num of flexible tasks: 7725
Optimal assignment with minimum cost:
Solving time: 0.0799597 seconds
plan limit 878
current timestep 138
num of flexible agents: 1715
num of flexible tasks: 7715
Optimal assignment with minimum cost:
Solving time: 0.0910058 seconds
plan limit 867
current timestep 139
num of flexible agents: 1719
num of flexible tasks: 7719
Optimal assignment with minimum cost:
Solving time: 0.0866477 seconds
plan limit 873
current timestep 140
num of flexible agents: 1727
num of flexible tasks: 7727
Optimal assignment with minimum cost:
Solving time: 0.0826958 seconds
plan limit 875
current timestep 141
num of flexible agents: 1733
num of flexible tasks: 7733
Optimal assignment with minimum cost:
Solving time: 0.081652 seconds
plan limit 877
current timestep 142
num of flexible agents: 1735
num of flexible tasks: 7735
Optimal assignment with minimum cost:
Solving time: 0.0805267 seconds
plan limit 878
current timestep 143
num of flexible agents: 1731
num of flexible tasks: 7731
Optimal assignment with minimum cost:
Solving time: 0.0884956 seconds
plan limit 870
current timestep 144
num of flexible agents: 1732
num of flexible tasks: 7732
Optimal assignment with minimum cost:
Solving time: 0.0829305 seconds
plan limit 875
current timestep 145
num of flexible agents: 1728
num of flexible tasks: 7728
Optimal assignment with minimum cost:
Solving time: 0.0843364 seconds
plan limit 873
current timestep 146
num of flexible agents: 1729
num of flexible tasks: 7729
Optimal assignment with minimum cost:
Solving time: 0.0844383 seconds
plan limit 876
current timestep 147
num of flexible agents: 1731
num of flexible tasks: 7731
Optimal assignment with minimum cost:
Solving time: 0.0825498 seconds
plan limit 876
current timestep 148
num of flexible agents: 1730
num of flexible tasks: 7730
Optimal assignment with minimum cost:
Solving time: 0.0831834 seconds
plan limit 872
current timestep 149
num of flexible agents: 1722
num of flexible tasks: 7722
Optimal assignment with minimum cost:
Solving time: 0.0810105 seconds
plan limit 877
current timestep 150
num of flexible agents: 1730
num of flexible tasks: 7730
Optimal assignment with minimum cost:
Solving time: 0.0917287 seconds
plan limit 864
current timestep 151
num of flexible agents: 1734
num of flexible tasks: 7734
Optimal assignment with minimum cost:
Solving time: 0.0822014 seconds
plan limit 876
current timestep 152
num of flexible agents: 1736
num of flexible tasks: 7736
Optimal assignment with minimum cost:
Solving time: 0.0840894 seconds
plan limit 874
current timestep 153
num of flexible agents: 1732
num of flexible tasks: 7732
Optimal assignment with minimum cost:
Solving time: 0.0810942 seconds
plan limit 877
current timestep 154
num of flexible agents: 1750
num of flexible tasks: 7750
Optimal assignment with minimum cost:
Solving time: 0.0846297 seconds
plan limit 874
current timestep 155
num of flexible agents: 1750
num of flexible tasks: 7750
Optimal assignment with minimum cost:
Solving time: 0.0917023 seconds
plan limit 866
current timestep 156
num of flexible agents: 1747
num of flexible tasks: 7747
Optimal assignment with minimum cost:
Solving time: 0.0850018 seconds
plan limit 874
current timestep 157
num of flexible agents: 1749
num of flexible tasks: 7749
Optimal assignment with minimum cost:
Solving time: 0.0847758 seconds
plan limit 873
current timestep 158
num of flexible agents: 1757
num of flexible tasks: 7757
Optimal assignment with minimum cost:
Solving time: 0.0927228 seconds
plan limit 866
current timestep 159
num of flexible agents: 1749
num of flexible tasks: 7749
Optimal assignment with minimum cost:
Solving time: 0.0816096 seconds
plan limit 877
current timestep 160
num of flexible agents: 1746
num of flexible tasks: 7746
Optimal assignment with minimum cost:
Solving time: 0.0855961 seconds
plan limit 872
current timestep 161
num of flexible agents: 1742
num of flexible tasks: 7742
Optimal assignment with minimum cost:
Solving time: 0.0815627 seconds
plan limit 876
current timestep 162
num of flexible agents: 1739
num of flexible tasks: 7739
Optimal assignment with minimum cost:
Solving time: 0.0866435 seconds
plan limit 872
current timestep 163
num of flexible agents: 1744
num of flexible tasks: 7744
Optimal assignment with minimum cost:
Solving time: 0.0814032 seconds
plan limit 878
current timestep 164
num of flexible agents: 1737
num of flexible tasks: 7737
Optimal assignment with minimum cost:
Solving time: 0.0821217 seconds
plan limit 877
current timestep 165
num of flexible agents: 1747
num of flexible tasks: 7747
Optimal assignment with minimum cost:
Solving time: 0.0857506 seconds
plan limit 871
current timestep 166
num of flexible agents: 1757
num of flexible tasks: 7757
Optimal assignment with minimum cost:
Solving time: 0.0824688 seconds
plan limit 876
current timestep 167
num of flexible agents: 1764
num of flexible tasks: 7764
Optimal assignment with minimum cost:
Solving time: 0.0901123 seconds
plan limit 867
current timestep 168
num of flexible agents: 1773
num of flexible tasks: 7773
Optimal assignment with minimum cost:
Solving time: 0.0825987 seconds
plan limit 877
current timestep 169
num of flexible agents: 1770
num of flexible tasks: 7770
Optimal assignment with minimum cost:
Solving time: 0.085241 seconds
plan limit 874
current timestep 170
num of flexible agents: 1765
num of flexible tasks: 7765
Optimal assignment with minimum cost:
Solving time: 0.0862396 seconds
plan limit 871
current timestep 171
num of flexible agents: 1777
num of flexible tasks: 7777
Optimal assignment with minimum cost:
Solving time: 0.0845587 seconds
plan limit 873
current timestep 172
num of flexible agents: 1777
num of flexible tasks: 7777
Optimal assignment with minimum cost:
Solving time: 0.0947662 seconds
plan limit 861
current timestep 173
num of flexible agents: 1785
num of flexible tasks: 7785
Optimal assignment with minimum cost:
Solving time: 0.0859276 seconds
plan limit 871
current timestep 174
num of flexible agents: 1797
num of flexible tasks: 7797
Optimal assignment with minimum cost:
Solving time: 0.086896 seconds
plan limit 869
current timestep 175
num of flexible agents: 1819
num of flexible tasks: 7819
Optimal assignment with minimum cost:
Solving time: 0.0944811 seconds
plan limit 860
current timestep 176
num of flexible agents: 1814
num of flexible tasks: 7814
Optimal assignment with minimum cost:
Solving time: 0.0854392 seconds
plan limit 873
current timestep 177
num of flexible agents: 1821
num of flexible tasks: 7821
Optimal assignment with minimum cost:
Solving time: 0.0932073 seconds
plan limit 865
current timestep 178
num of flexible agents: 1824
num of flexible tasks: 7824
Optimal assignment with minimum cost:
Solving time: 0.0862077 seconds
plan limit 870
current timestep 179
num of flexible agents: 1839
num of flexible tasks: 7839
Optimal assignment with minimum cost:
Solving time: 0.0875649 seconds
plan limit 870
current timestep 180
num of flexible agents: 1851
num of flexible tasks: 7851
Optimal assignment with minimum cost:
Solving time: 0.085653 seconds
plan limit 873
current timestep 181
num of flexible agents: 1840
num of flexible tasks: 7840
Optimal assignment with minimum cost:
Solving time: 0.086092 seconds
plan limit 870
current timestep 182
num of flexible agents: 1836
num of flexible tasks: 7836
Optimal assignment with minimum cost:
Solving time: 0.0913714 seconds
plan limit 864
current timestep 183
num of flexible agents: 1847
num of flexible tasks: 7847
Optimal assignment with minimum cost:
Solving time: 0.0861543 seconds
plan limit 870
current timestep 184
num of flexible agents: 1846
num of flexible tasks: 7846
Optimal assignment with minimum cost:
Solving time: 0.0889086 seconds
plan limit 866
current timestep 185
num of flexible agents: 1840
num of flexible tasks: 7840
Optimal assignment with minimum cost:
Solving time: 0.0819326 seconds
plan limit 874
current timestep 186
num of flexible agents: 1838
num of flexible tasks: 7838
Optimal assignment with minimum cost:
Solving time: 0.0844061 seconds
plan limit 872
current timestep 187
num of flexible agents: 1840
num of flexible tasks: 7840
Optimal assignment with minimum cost:
Solving time: 0.0842336 seconds
plan limit 873
current timestep 188
num of flexible agents: 1842
num of flexible tasks: 7842
Optimal assignment with minimum cost:
Solving time: 0.0854249 seconds
plan limit 873
current timestep 189
num of flexible agents: 1852
num of flexible tasks: 7852
Optimal assignment with minimum cost:
Solving time: 0.0926158 seconds
plan limit 864
current timestep 190
num of flexible agents: 1862
num of flexible tasks: 7862
Optimal assignment with minimum cost:
Solving time: 0.0888637 seconds
plan limit 867
current timestep 191
num of flexible agents: 1867
num of flexible tasks: 7867
Optimal assignment with minimum cost:
Solving time: 0.0893295 seconds
plan limit 866
current timestep 192
num of flexible agents: 1855
num of flexible tasks: 7855
Optimal assignment with minimum cost:
Solving time: 0.0879753 seconds
plan limit 867
current timestep 193
num of flexible agents: 1873
num of flexible tasks: 7873
Optimal assignment with minimum cost:
Solving time: 0.0906446 seconds
plan limit 862
current timestep 194
num of flexible agents: 1876
num of flexible tasks: 7876
Optimal assignment with minimum cost:
Solving time: 0.0966377 seconds
plan limit 861
current timestep 195
num of flexible agents: 1874
num of flexible tasks: 7874
Optimal assignment with minimum cost:
Solving time: 0.0885477 seconds
plan limit 869
current timestep 196
num of flexible agents: 1883
num of flexible tasks: 7883
Optimal assignment with minimum cost:
Solving time: 0.087171 seconds
plan limit 871
current timestep 197
num of flexible agents: 1892
num of flexible tasks: 7892
Optimal assignment with minimum cost:
Solving time: 0.0870553 seconds
plan limit 871
current timestep 198
num of flexible agents: 1896
num of flexible tasks: 7896
Optimal assignment with minimum cost:
Solving time: 0.0913886 seconds
plan limit 866
current timestep 199
num of flexible agents: 1890
num of flexible tasks: 7890
Optimal assignment with minimum cost:
Solving time: 0.0952383 seconds
plan limit 863
current timestep 200
num of flexible agents: 1896
num of flexible tasks: 7896
Optimal assignment with minimum cost:
Solving time: 0.0854278 seconds
plan limit 869
current timestep 201
num of flexible agents: 1891
num of flexible tasks: 7891
Optimal assignment with minimum cost:
Solving time: 0.0835067 seconds
plan limit 870
current timestep 202
num of flexible agents: 1913
num of flexible tasks: 7913
Optimal assignment with minimum cost:
Solving time: 0.0875233 seconds
plan limit 866
current timestep 203
num of flexible agents: 1908
num of flexible tasks: 7908
Optimal assignment with minimum cost:
Solving time: 0.0881491 seconds
plan limit 870
current timestep 204
num of flexible agents: 1911
num of flexible tasks: 7911
Optimal assignment with minimum cost:
Solving time: 0.0955116 seconds
plan limit 862
current timestep 205
num of flexible agents: 1907
num of flexible tasks: 7907
Optimal assignment with minimum cost:
Solving time: 0.088101 seconds
plan limit 868
current timestep 206
num of flexible agents: 1907
num of flexible tasks: 7907
Optimal assignment with minimum cost:
Solving time: 0.0926192 seconds
plan limit 864
current timestep 207
num of flexible agents: 1907
num of flexible tasks: 7907
Optimal assignment with minimum cost:
Solving time: 0.0882292 seconds
plan limit 870
current timestep 208
num of flexible agents: 1913
num of flexible tasks: 7913
Optimal assignment with minimum cost:
Solving time: 0.0869969 seconds
plan limit 871
current timestep 209
num of flexible agents: 1915
num of flexible tasks: 7915
Optimal assignment with minimum cost:
Solving time: 0.092748 seconds
plan limit 863
current timestep 210
num of flexible agents: 1938
num of flexible tasks: 7938
Optimal assignment with minimum cost:
Solving time: 0.0876548 seconds
plan limit 870
current timestep 211
num of flexible agents: 1939
num of flexible tasks: 7939
Optimal assignment with minimum cost:
Solving time: 0.0859828 seconds
plan limit 868
current timestep 212
num of flexible agents: 1932
num of flexible tasks: 7932
Optimal assignment with minimum cost:
Solving time: 0.0871022 seconds
plan limit 868
current timestep 213
num of flexible agents: 1938
num of flexible tasks: 7938
Optimal assignment with minimum cost:
Solving time: 0.088019 seconds
plan limit 866
current timestep 214
num of flexible agents: 1943
num of flexible tasks: 7943
Optimal assignment with minimum cost:
Solving time: 0.0888615 seconds
plan limit 865
current timestep 215
num of flexible agents: 1935
num of flexible tasks: 7935
Optimal assignment with minimum cost:
Solving time: 0.0877123 seconds
plan limit 870
current timestep 216
num of flexible agents: 1940
num of flexible tasks: 7940
Optimal assignment with minimum cost:
Solving time: 0.089065 seconds
plan limit 868
current timestep 217
num of flexible agents: 1964
num of flexible tasks: 7964
Optimal assignment with minimum cost:
Solving time: 0.0905151 seconds
plan limit 866
current timestep 218
num of flexible agents: 1980
num of flexible tasks: 7980
Optimal assignment with minimum cost:
Solving time: 0.0848407 seconds
plan limit 870
current timestep 219
num of flexible agents: 1993
num of flexible tasks: 7993
Optimal assignment with minimum cost:
Solving time: 0.0875709 seconds
plan limit 868
current timestep 220
num of flexible agents: 1984
num of flexible tasks: 7984
Optimal assignment with minimum cost:
Solving time: 0.0890499 seconds
plan limit 866
current timestep 221
num of flexible agents: 2000
num of flexible tasks: 8000
Optimal assignment with minimum cost:
Solving time: 0.0988774 seconds
plan limit 853
current timestep 222
num of flexible agents: 2011
num of flexible tasks: 8011
Optimal assignment with minimum cost:
Solving time: 0.0870623 seconds
plan limit 868
current timestep 223
num of flexible agents: 2013
num of flexible tasks: 8013
Optimal assignment with minimum cost:
Solving time: 0.0903773 seconds
plan limit 863
current timestep 224
num of flexible agents: 2024
num of flexible tasks: 8024
Optimal assignment with minimum cost:
Solving time: 0.0901725 seconds
plan limit 867
current timestep 225
num of flexible agents: 2020
num of flexible tasks: 8020
Optimal assignment with minimum cost:
Solving time: 0.0938042 seconds
plan limit 860
current timestep 226
num of flexible agents: 2032
num of flexible tasks: 8032
Optimal assignment with minimum cost:
Solving time: 0.0997179 seconds
plan limit 855
current timestep 227
num of flexible agents: 2038
num of flexible tasks: 8038
Optimal assignment with minimum cost:
Solving time: 0.0938929 seconds
plan limit 861
current timestep 228
num of flexible agents: 2030
num of flexible tasks: 8030
Optimal assignment with minimum cost:
Solving time: 0.0923336 seconds
plan limit 862
current timestep 229
num of flexible agents: 2023
num of flexible tasks: 8023
Optimal assignment with minimum cost:
Solving time: 0.0947162 seconds
plan limit 859
current timestep 230
num of flexible agents: 2041
num of flexible tasks: 8041
Optimal assignment with minimum cost:
Solving time: 0.0890144 seconds
plan limit 866
current timestep 231
num of flexible agents: 2034
num of flexible tasks: 8034
Optimal assignment with minimum cost:
Solving time: 0.0981322 seconds
plan limit 857
current timestep 232
num of flexible agents: 2033
num of flexible tasks: 8033
Optimal assignment with minimum cost:
Solving time: 0.0906591 seconds
plan limit 865
current timestep 233
num of flexible agents: 2037
num of flexible tasks: 8037
Optimal assignment with minimum cost:
Solving time: 0.0873772 seconds
plan limit 868
current timestep 234
num of flexible agents: 2035
num of flexible tasks: 8035
Optimal assignment with minimum cost:
Solving time: 0.0878101 seconds
plan limit 867
current timestep 235
num of flexible agents: 2048
num of flexible tasks: 8048
Optimal assignment with minimum cost:
Solving time: 0.0931084 seconds
plan limit 862
current timestep 236
num of flexible agents: 2058
num of flexible tasks: 8058
Optimal assignment with minimum cost:
Solving time: 0.0967035 seconds
plan limit 857
current timestep 237
num of flexible agents: 2050
num of flexible tasks: 8050
Optimal assignment with minimum cost:
Solving time: 0.0931536 seconds
plan limit 864
current timestep 238
num of flexible agents: 2051
num of flexible tasks: 8051
Optimal assignment with minimum cost:
Solving time: 0.0964722 seconds
plan limit 859
current timestep 239
num of flexible agents: 2046
num of flexible tasks: 8046
Optimal assignment with minimum cost:
Solving time: 0.0958283 seconds
plan limit 861
current timestep 240
num of flexible agents: 2044
num of flexible tasks: 8044
Optimal assignment with minimum cost:
Solving time: 0.0926638 seconds
plan limit 863
current timestep 241
num of flexible agents: 2047
num of flexible tasks: 8047
Optimal assignment with minimum cost:
Solving time: 0.0939842 seconds
plan limit 863
current timestep 242
num of flexible agents: 2055
num of flexible tasks: 8055
Optimal assignment with minimum cost:
Solving time: 0.0934064 seconds
plan limit 863
current timestep 243
num of flexible agents: 2054
num of flexible tasks: 8054
Optimal assignment with minimum cost:
Solving time: 0.0982918 seconds
plan limit 858
current timestep 244
num of flexible agents: 2048
num of flexible tasks: 8048
Optimal assignment with minimum cost:
Solving time: 0.0987214 seconds
plan limit 858
current timestep 245
num of flexible agents: 2044
num of flexible tasks: 8044
Optimal assignment with minimum cost:
Solving time: 0.093423 seconds
plan limit 860
current timestep 246
num of flexible agents: 2051
num of flexible tasks: 8051
Optimal assignment with minimum cost:
Solving time: 0.0967686 seconds
plan limit 859
current timestep 247
num of flexible agents: 2060
num of flexible tasks: 8060
Optimal assignment with minimum cost:
Solving time: 0.0993609 seconds
plan limit 855
current timestep 248
num of flexible agents: 2059
num of flexible tasks: 8059
Optimal assignment with minimum cost:
Solving time: 0.0998615 seconds
plan limit 853
current timestep 249
num of flexible agents: 2075
num of flexible tasks: 8075
Optimal assignment with minimum cost:
Solving time: 0.0935668 seconds
plan limit 863
current timestep 250
num of flexible agents: 2083
num of flexible tasks: 8083
Optimal assignment with minimum cost:
Solving time: 0.093816 seconds
plan limit 864
current timestep 251
num of flexible agents: 2076
num of flexible tasks: 8076
Optimal assignment with minimum cost:
Solving time: 0.094966 seconds
plan limit 861
current timestep 252
num of flexible agents: 2077
num of flexible tasks: 8077
Optimal assignment with minimum cost:
Solving time: 0.0984918 seconds
plan limit 855
current timestep 253
num of flexible agents: 2067
num of flexible tasks: 8067
Optimal assignment with minimum cost:
Solving time: 0.102547 seconds
plan limit 851
current timestep 254
num of flexible agents: 2064
num of flexible tasks: 8064
Optimal assignment with minimum cost:
Solving time: 0.0961641 seconds
plan limit 857
current timestep 255
num of flexible agents: 2066
num of flexible tasks: 8066
Optimal assignment with minimum cost:
Solving time: 0.09662 seconds
plan limit 861
current timestep 256
num of flexible agents: 2075
num of flexible tasks: 8075
Optimal assignment with minimum cost:
Solving time: 0.0966144 seconds
plan limit 861
current timestep 257
num of flexible agents: 2085
num of flexible tasks: 8085
Optimal assignment with minimum cost:
Solving time: 0.0947372 seconds
plan limit 864
current timestep 258
num of flexible agents: 2093
num of flexible tasks: 8093
Optimal assignment with minimum cost:
Solving time: 0.105225 seconds
plan limit 853
current timestep 259
num of flexible agents: 2095
num of flexible tasks: 8095
Optimal assignment with minimum cost:
Solving time: 0.0965012 seconds
plan limit 862
current timestep 260
num of flexible agents: 2110
num of flexible tasks: 8110
Optimal assignment with minimum cost:
Solving time: 0.0975174 seconds
plan limit 860
current timestep 261
num of flexible agents: 2086
num of flexible tasks: 8086
Optimal assignment with minimum cost:
Solving time: 0.101094 seconds
plan limit 857
current timestep 262
num of flexible agents: 2083
num of flexible tasks: 8083
Optimal assignment with minimum cost:
Solving time: 0.0976395 seconds
plan limit 860
current timestep 263
num of flexible agents: 2092
num of flexible tasks: 8092
Optimal assignment with minimum cost:
Solving time: 0.107582 seconds
plan limit 848
current timestep 264
num of flexible agents: 2094
num of flexible tasks: 8094
Optimal assignment with minimum cost:
Solving time: 0.0973461 seconds
plan limit 860
current timestep 265
num of flexible agents: 2104
num of flexible tasks: 8104
Optimal assignment with minimum cost:
Solving time: 0.0986107 seconds
plan limit 853
current timestep 266
num of flexible agents: 2105
num of flexible tasks: 8105
Optimal assignment with minimum cost:
Solving time: 0.111131 seconds
plan limit 843
current timestep 267
num of flexible agents: 2101
num of flexible tasks: 8101
Optimal assignment with minimum cost:
Solving time: 0.100787 seconds
plan limit 856
current timestep 268
num of flexible agents: 2123
num of flexible tasks: 8123
Optimal assignment with minimum cost:
Solving time: 0.108693 seconds
plan limit 846
current timestep 269
num of flexible agents: 2116
num of flexible tasks: 8116
Optimal assignment with minimum cost:
Solving time: 0.100295 seconds
plan limit 855
current timestep 270
num of flexible agents: 2116
num of flexible tasks: 8116
Optimal assignment with minimum cost:
Solving time: 0.0999113 seconds
plan limit 853
current timestep 271
num of flexible agents: 2129
num of flexible tasks: 8129
Optimal assignment with minimum cost:
Solving time: 0.106802 seconds
plan limit 849
current timestep 272
num of flexible agents: 2124
num of flexible tasks: 8124
Optimal assignment with minimum cost:
Solving time: 0.10135 seconds
plan limit 854
current timestep 273
num of flexible agents: 2122
num of flexible tasks: 8122
Optimal assignment with minimum cost:
Solving time: 0.111876 seconds
plan limit 842
current timestep 274
num of flexible agents: 2116
num of flexible tasks: 8116
Optimal assignment with minimum cost:
Solving time: 0.104362 seconds
plan limit 853
current timestep 275
num of flexible agents: 2120
num of flexible tasks: 8120
Optimal assignment with minimum cost:
Solving time: 0.0990257 seconds
plan limit 856
current timestep 276
num of flexible agents: 2118
num of flexible tasks: 8118
Optimal assignment with minimum cost:
Solving time: 0.10132 seconds
plan limit 853
current timestep 277
num of flexible agents: 2117
num of flexible tasks: 8117
Optimal assignment with minimum cost:
Solving time: 0.101719 seconds
plan limit 854
current timestep 278
num of flexible agents: 2114
num of flexible tasks: 8114
Optimal assignment with minimum cost:
Solving time: 0.107924 seconds
plan limit 846
current timestep 279
num of flexible agents: 2116
num of flexible tasks: 8116
Optimal assignment with minimum cost:
Solving time: 0.104589 seconds
plan limit 850
current timestep 280
num of flexible agents: 2109
num of flexible tasks: 8109
Optimal assignment with minimum cost:
Solving time: 0.103925 seconds
plan limit 851
current timestep 281
num of flexible agents: 2114
num of flexible tasks: 8114
Optimal assignment with minimum cost:
Solving time: 0.101244 seconds
plan limit 854
current timestep 282
num of flexible agents: 2116
num of flexible tasks: 8116
Optimal assignment with minimum cost:
Solving time: 0.104978 seconds
plan limit 847
current timestep 283
num of flexible agents: 2116
num of flexible tasks: 8116
Optimal assignment with minimum cost:
Solving time: 0.106833 seconds
plan limit 848
current timestep 284
num of flexible agents: 2116
num of flexible tasks: 8116
Optimal assignment with minimum cost:
Solving time: 0.101503 seconds
plan limit 856
current timestep 285
num of flexible agents: 2137
num of flexible tasks: 8137
Optimal assignment with minimum cost:
Solving time: 0.105193 seconds
plan limit 846
current timestep 286
num of flexible agents: 2132
num of flexible tasks: 8132
Optimal assignment with minimum cost:
Solving time: 0.107608 seconds
plan limit 849
current timestep 287
num of flexible agents: 2136
num of flexible tasks: 8136
Optimal assignment with minimum cost:
Solving time: 0.108093 seconds
plan limit 849
current timestep 288
num of flexible agents: 2135
num of flexible tasks: 8135
Optimal assignment with minimum cost:
Solving time: 0.112479 seconds
plan limit 842
current timestep 289
num of flexible agents: 2140
num of flexible tasks: 8140
Optimal assignment with minimum cost:
Solving time: 0.111282 seconds
plan limit 844
current timestep 290
num of flexible agents: 2140
num of flexible tasks: 8140
Optimal assignment with minimum cost:
Solving time: 0.120948 seconds
plan limit 834
current timestep 291
num of flexible agents: 2139
num of flexible tasks: 8139
Optimal assignment with minimum cost:
Solving time: 0.113768 seconds
plan limit 842
current timestep 292
num of flexible agents: 2143
num of flexible tasks: 8143
Optimal assignment with minimum cost:
Solving time: 0.115669 seconds
plan limit 841
current timestep 293
num of flexible agents: 2137
num of flexible tasks: 8137
Optimal assignment with minimum cost:
Solving time: 0.119243 seconds
plan limit 836
current timestep 294
num of flexible agents: 2139
num of flexible tasks: 8139
Optimal assignment with minimum cost:
Solving time: 0.118228 seconds
plan limit 834
current timestep 295
num of flexible agents: 2142
num of flexible tasks: 8142
Optimal assignment with minimum cost:
Solving time: 0.125643 seconds
plan limit 822
current timestep 296
num of flexible agents: 2131
num of flexible tasks: 8131
Optimal assignment with minimum cost:
Solving time: 0.133428 seconds
plan limit 818
current timestep 297
num of flexible agents: 2129
num of flexible tasks: 8129
Optimal assignment with minimum cost:
Solving time: 0.136273 seconds
plan limit 820
current timestep 298
num of flexible agents: 2122
num of flexible tasks: 8122
Optimal assignment with minimum cost:
Solving time: 0.139944 seconds
plan limit 815
current timestep 299
num of flexible agents: 2116
num of flexible tasks: 8116
Optimal assignment with minimum cost:
Solving time: 0.132667 seconds
plan limit 822
current timestep 300
num of flexible agents: 2124
num of flexible tasks: 8124
Optimal assignment with minimum cost:
Solving time: 0.136919 seconds
plan limit 819
current timestep 301
num of flexible agents: 2126
num of flexible tasks: 8126
Optimal assignment with minimum cost:
Solving time: 0.134964 seconds
plan limit 816
current timestep 302
num of flexible agents: 2125
num of flexible tasks: 8125
Optimal assignment with minimum cost:
Solving time: 0.145133 seconds
plan limit 811
current timestep 303
num of flexible agents: 2130
num of flexible tasks: 8130
Optimal assignment with minimum cost:
Solving time: 0.155029 seconds
plan limit 800
current timestep 304
num of flexible agents: 2145
num of flexible tasks: 8145
Optimal assignment with minimum cost:
Solving time: 0.13907 seconds
plan limit 817
current timestep 305
num of flexible agents: 2159
num of flexible tasks: 8159
Optimal assignment with minimum cost:
Solving time: 0.145109 seconds
plan limit 810
current timestep 306
num of flexible agents: 2158
num of flexible tasks: 8158
Optimal assignment with minimum cost:
Solving time: 0.151115 seconds
plan limit 800
current timestep 307
num of flexible agents: 2157
num of flexible tasks: 8157
Optimal assignment with minimum cost:
Solving time: 0.134478 seconds
plan limit 820
current timestep 308
num of flexible agents: 2167
num of flexible tasks: 8167
Optimal assignment with minimum cost:
Solving time: 0.146125 seconds
plan limit 809
current timestep 309
num of flexible agents: 2183
num of flexible tasks: 8183
Optimal assignment with minimum cost:
Solving time: 0.144701 seconds
plan limit 811
current timestep 310
num of flexible agents: 2198
num of flexible tasks: 8198
Optimal assignment with minimum cost:
Solving time: 0.155738 seconds
plan limit 800
current timestep 311
num of flexible agents: 2204
num of flexible tasks: 8204
Optimal assignment with minimum cost:
Solving time: 0.150882 seconds
plan limit 801
current timestep 312
num of flexible agents: 2204
num of flexible tasks: 8204
Optimal assignment with minimum cost:
Solving time: 0.148902 seconds
plan limit 803
current timestep 313
num of flexible agents: 2216
num of flexible tasks: 8216
Optimal assignment with minimum cost:
Solving time: 0.162479 seconds
plan limit 789
current timestep 314
num of flexible agents: 2224
num of flexible tasks: 8224
Optimal assignment with minimum cost:
Solving time: 0.158504 seconds
plan limit 797
current timestep 315
num of flexible agents: 2240
num of flexible tasks: 8240
Optimal assignment with minimum cost:
Solving time: 0.16339 seconds
plan limit 792
current timestep 316
num of flexible agents: 2236
num of flexible tasks: 8236
Optimal assignment with minimum cost:
Solving time: 0.170208 seconds
plan limit 784
current timestep 317
num of flexible agents: 2254
num of flexible tasks: 8254
Optimal assignment with minimum cost:
Solving time: 0.156147 seconds
plan limit 799
current timestep 318
num of flexible agents: 2263
num of flexible tasks: 8263
Optimal assignment with minimum cost:
Solving time: 0.179181 seconds
plan limit 771
current timestep 319
num of flexible agents: 2266
num of flexible tasks: 8266
Optimal assignment with minimum cost:
Solving time: 0.162197 seconds
plan limit 789
current timestep 320
num of flexible agents: 2281
num of flexible tasks: 8281
Optimal assignment with minimum cost:
Solving time: 0.153531 seconds
plan limit 801
current timestep 321
num of flexible agents: 2289
num of flexible tasks: 8289
Optimal assignment with minimum cost:
Solving time: 0.171202 seconds
plan limit 783
current timestep 322
num of flexible agents: 2292
num of flexible tasks: 8292
Optimal assignment with minimum cost:
Solving time: 0.160717 seconds
plan limit 794
current timestep 323
num of flexible agents: 2299
num of flexible tasks: 8299
Optimal assignment with minimum cost:
Solving time: 0.171566 seconds
plan limit 782
current timestep 324
num of flexible agents: 2307
num of flexible tasks: 8307
Optimal assignment with minimum cost:
Solving time: 0.166748 seconds
plan limit 788
current timestep 325
num of flexible agents: 2317
num of flexible tasks: 8317
Optimal assignment with minimum cost:
Solving time: 0.179667 seconds
plan limit 775
current timestep 326
num of flexible agents: 2325
num of flexible tasks: 8325
Optimal assignment with minimum cost:
Solving time: 0.168671 seconds
plan limit 786
current timestep 327
num of flexible agents: 2350
num of flexible tasks: 8350
Optimal assignment with minimum cost:
Solving time: 0.17618 seconds
plan limit 778
current timestep 328
num of flexible agents: 2351
num of flexible tasks: 8351
Optimal assignment with minimum cost:
Solving time: 0.174401 seconds
plan limit 779
current timestep 329
num of flexible agents: 2363
num of flexible tasks: 8363
Optimal assignment with minimum cost:
Solving time: 0.162312 seconds
plan limit 789
current timestep 330
num of flexible agents: 2365
num of flexible tasks: 8365
Optimal assignment with minimum cost:
Solving time: 0.176216 seconds
plan limit 778
current timestep 331
num of flexible agents: 2366
num of flexible tasks: 8366
Optimal assignment with minimum cost:
Solving time: 0.173789 seconds
plan limit 776
current timestep 332
num of flexible agents: 2372
num of flexible tasks: 8372
Optimal assignment with minimum cost:
Solving time: 0.171696 seconds
plan limit 778
current timestep 333
num of flexible agents: 2372
num of flexible tasks: 8372
Optimal assignment with minimum cost:
Solving time: 0.179814 seconds
plan limit 766
current timestep 334
num of flexible agents: 2373
num of flexible tasks: 8373
Optimal assignment with minimum cost:
Solving time: 0.175147 seconds
plan limit 779
current timestep 335
num of flexible agents: 2391
num of flexible tasks: 8391
Optimal assignment with minimum cost:
Solving time: 0.1727 seconds
plan limit 777
current timestep 336
num of flexible agents: 2410
num of flexible tasks: 8410
Optimal assignment with minimum cost:
Solving time: 0.186825 seconds
plan limit 767
current timestep 337
num of flexible agents: 2425
num of flexible tasks: 8425
Optimal assignment with minimum cost:
Solving time: 0.173891 seconds
plan limit 776
current timestep 338
num of flexible agents: 2433
num of flexible tasks: 8433
Optimal assignment with minimum cost:
Solving time: 0.176601 seconds
plan limit 770
current timestep 339
num of flexible agents: 2436
num of flexible tasks: 8436
Optimal assignment with minimum cost:
Solving time: 0.17644 seconds
plan limit 774
current timestep 340
num of flexible agents: 2446
num of flexible tasks: 8446
Optimal assignment with minimum cost:
Solving time: 0.173496 seconds
plan limit 776
current timestep 341
num of flexible agents: 2454
num of flexible tasks: 8454
Optimal assignment with minimum cost:
Solving time: 0.179223 seconds
plan limit 770
current timestep 342
num of flexible agents: 2465
num of flexible tasks: 8465
Optimal assignment with minimum cost:
Solving time: 0.180055 seconds
plan limit 770
current timestep 343
num of flexible agents: 2466
num of flexible tasks: 8466
Optimal assignment with minimum cost:
Solving time: 0.174535 seconds
plan limit 773
current timestep 344
num of flexible agents: 2480
num of flexible tasks: 8480
Optimal assignment with minimum cost:
Solving time: 0.172604 seconds
plan limit 779
current timestep 345
num of flexible agents: 2485
num of flexible tasks: 8485
Optimal assignment with minimum cost:
Solving time: 0.173292 seconds
plan limit 781
current timestep 346
num of flexible agents: 2493
num of flexible tasks: 8493
Optimal assignment with minimum cost:
Solving time: 0.185178 seconds
plan limit 768
current timestep 347
num of flexible agents: 2510
num of flexible tasks: 8510
Optimal assignment with minimum cost:
Solving time: 0.180421 seconds
plan limit 769
current timestep 348
num of flexible agents: 2508
num of flexible tasks: 8508
Optimal assignment with minimum cost:
Solving time: 0.18238 seconds
plan limit 765
current timestep 349
num of flexible agents: 2513
num of flexible tasks: 8513
Optimal assignment with minimum cost:
Solving time: 0.185241 seconds
plan limit 767
current timestep 350
num of flexible agents: 2527
num of flexible tasks: 8527
Optimal assignment with minimum cost:
Solving time: 0.180923 seconds
plan limit 768
current timestep 351
num of flexible agents: 2527
num of flexible tasks: 8527
Optimal assignment with minimum cost:
Solving time: 0.18896 seconds
plan limit 759
current timestep 352
num of flexible agents: 2541
num of flexible tasks: 8541
Optimal assignment with minimum cost:
Solving time: 0.173203 seconds
plan limit 781
current timestep 353
num of flexible agents: 2547
num of flexible tasks: 8547
Optimal assignment with minimum cost:
Solving time: 0.181712 seconds
plan limit 765
current timestep 354
num of flexible agents: 2556
num of flexible tasks: 8556
Optimal assignment with minimum cost:
Solving time: 0.187777 seconds
plan limit 760
current timestep 355
num of flexible agents: 2567
num of flexible tasks: 8567
Optimal assignment with minimum cost:
Solving time: 0.179314 seconds
plan limit 770
current timestep 356
num of flexible agents: 2560
num of flexible tasks: 8560
Optimal assignment with minimum cost:
Solving time: 0.189295 seconds
plan limit 759
current timestep 357
num of flexible agents: 2557
num of flexible tasks: 8557
Optimal assignment with minimum cost:
Solving time: 0.183709 seconds
plan limit 764
current timestep 358
num of flexible agents: 2560
num of flexible tasks: 8560
Optimal assignment with minimum cost:
Solving time: 0.178126 seconds
plan limit 769
current timestep 359
num of flexible agents: 2568
num of flexible tasks: 8568
Optimal assignment with minimum cost:
Solving time: 0.189096 seconds
plan limit 757
current timestep 360
num of flexible agents: 2574
num of flexible tasks: 8574
Optimal assignment with minimum cost:
Solving time: 0.185112 seconds
plan limit 767
current timestep 361
num of flexible agents: 2576
num of flexible tasks: 8576
Optimal assignment with minimum cost:
Solving time: 0.19351 seconds
plan limit 754
current timestep 362
num of flexible agents: 2559
num of flexible tasks: 8559
Optimal assignment with minimum cost:
Solving time: 0.179414 seconds
plan limit 768
current timestep 363
num of flexible agents: 2553
num of flexible tasks: 8553
Optimal assignment with minimum cost:
Solving time: 0.187387 seconds
plan limit 760
current timestep 364
num of flexible agents: 2567
num of flexible tasks: 8567
Optimal assignment with minimum cost:
Solving time: 0.184354 seconds
plan limit 765
current timestep 365
num of flexible agents: 2583
num of flexible tasks: 8583
Optimal assignment with minimum cost:
Solving time: 0.187871 seconds
plan limit 763
current timestep 366
num of flexible agents: 2595
num of flexible tasks: 8595
Optimal assignment with minimum cost:
Solving time: 0.202037 seconds
plan limit 750
current timestep 367
num of flexible agents: 2595
num of flexible tasks: 8595
Optimal assignment with minimum cost:
Solving time: 0.185346 seconds
plan limit 767
current timestep 368
num of flexible agents: 2608
num of flexible tasks: 8608
Optimal assignment with minimum cost:
Solving time: 0.182727 seconds
plan limit 765
current timestep 369
num of flexible agents: 2617
num of flexible tasks: 8617
Optimal assignment with minimum cost:
Solving time: 0.198788 seconds
plan limit 749
current timestep 370
num of flexible agents: 2623
num of flexible tasks: 8623
Optimal assignment with minimum cost:
Solving time: 0.192582 seconds
plan limit 761
current timestep 371
num of flexible agents: 2642
num of flexible tasks: 8642
Optimal assignment with minimum cost:
Solving time: 0.187226 seconds
plan limit 764
current timestep 372
num of flexible agents: 2621
num of flexible tasks: 8621
Optimal assignment with minimum cost:
Solving time: 0.181739 seconds
plan limit 764
current timestep 373
num of flexible agents: 2640
num of flexible tasks: 8640
Optimal assignment with minimum cost:
Solving time: 0.185838 seconds
plan limit 762
current timestep 374
num of flexible agents: 2638
num of flexible tasks: 8638
Optimal assignment with minimum cost:
Solving time: 0.19474 seconds
plan limit 757
current timestep 375
num of flexible agents: 2665
num of flexible tasks: 8665
Optimal assignment with minimum cost:
Solving time: 0.20133 seconds
plan limit 750
current timestep 376
num of flexible agents: 2672
num of flexible tasks: 8672
Optimal assignment with minimum cost:
Solving time: 0.190392 seconds
plan limit 753
current timestep 377
num of flexible agents: 2679
num of flexible tasks: 8679
Optimal assignment with minimum cost:
Solving time: 0.186236 seconds
plan limit 767
current timestep 378
num of flexible agents: 2695
num of flexible tasks: 8695
Optimal assignment with minimum cost:
Solving time: 0.188644 seconds
plan limit 764
current timestep 379
num of flexible agents: 2718
num of flexible tasks: 8718
Optimal assignment with minimum cost:
Solving time: 0.193197 seconds
plan limit 753
current timestep 380
num of flexible agents: 2711
num of flexible tasks: 8711
Optimal assignment with minimum cost:
Solving time: 0.188861 seconds
plan limit 764
current timestep 381
num of flexible agents: 2715
num of flexible tasks: 8715
Optimal assignment with minimum cost:
Solving time: 0.186964 seconds
plan limit 758
current timestep 382
num of flexible agents: 2727
num of flexible tasks: 8727
Optimal assignment with minimum cost:
Solving time: 0.20189 seconds
plan limit 749
current timestep 383
num of flexible agents: 2719
num of flexible tasks: 8719
Optimal assignment with minimum cost:
Solving time: 0.188041 seconds
plan limit 764
current timestep 384
num of flexible agents: 2720
num of flexible tasks: 8720
Optimal assignment with minimum cost:
Solving time: 0.195371 seconds
plan limit 751
current timestep 385
num of flexible agents: 2719
num of flexible tasks: 8719
Optimal assignment with minimum cost:
Solving time: 0.185658 seconds
plan limit 766
current timestep 386
num of flexible agents: 2718
num of flexible tasks: 8718
Optimal assignment with minimum cost:
Solving time: 0.185748 seconds
plan limit 767
current timestep 387
num of flexible agents: 2722
num of flexible tasks: 8722
Optimal assignment with minimum cost:
Solving time: 0.19619 seconds
plan limit 751
current timestep 388
num of flexible agents: 2730
num of flexible tasks: 8730
Optimal assignment with minimum cost:
Solving time: 0.188776 seconds
plan limit 758
current timestep 389
num of flexible agents: 2743
num of flexible tasks: 8743
Optimal assignment with minimum cost:
Solving time: 0.190376 seconds
plan limit 760
current timestep 390
num of flexible agents: 2747
num of flexible tasks: 8747
Optimal assignment with minimum cost:
Solving time: 0.188578 seconds
plan limit 756
current timestep 391
num of flexible agents: 2757
num of flexible tasks: 8757
Optimal assignment with minimum cost:
Solving time: 0.191228 seconds
plan limit 759
current timestep 392
num of flexible agents: 2760
num of flexible tasks: 8760
Optimal assignment with minimum cost:
Solving time: 0.195195 seconds
plan limit 750
current timestep 393
num of flexible agents: 2763
num of flexible tasks: 8763
Optimal assignment with minimum cost:
Solving time: 0.19643 seconds
plan limit 749
current timestep 394
num of flexible agents: 2785
num of flexible tasks: 8785
Optimal assignment with minimum cost:
Solving time: 0.187365 seconds
plan limit 757
current timestep 395
num of flexible agents: 2780
num of flexible tasks: 8780
Optimal assignment with minimum cost:
Solving time: 0.202832 seconds
plan limit 742
current timestep 396
num of flexible agents: 2776
num of flexible tasks: 8776
Optimal assignment with minimum cost:
Solving time: 0.18563 seconds
plan limit 766
current timestep 397
num of flexible agents: 2779
num of flexible tasks: 8779
Optimal assignment with minimum cost:
Solving time: 0.20063 seconds
plan limit 746
current timestep 398
num of flexible agents: 2797
num of flexible tasks: 8797
Optimal assignment with minimum cost:
Solving time: 0.187676 seconds
plan limit 758
current timestep 399
num of flexible agents: 2808
num of flexible tasks: 8808
Optimal assignment with minimum cost:
Solving time: 0.192233 seconds
plan limit 753
current timestep 400
num of flexible agents: 2814
num of flexible tasks: 8814
Optimal assignment with minimum cost:
Solving time: 0.202235 seconds
plan limit 743
current timestep 401
num of flexible agents: 2823
num of flexible tasks: 8823
Optimal assignment with minimum cost:
Solving time: 0.207055 seconds
plan limit 738
current timestep 402
num of flexible agents: 2829
num of flexible tasks: 8829
Optimal assignment with minimum cost:
Solving time: 0.207277 seconds
plan limit 742
current timestep 403
num of flexible agents: 2841
num of flexible tasks: 8841
Optimal assignment with minimum cost:
Solving time: 0.195413 seconds
plan limit 746
current timestep 404
num of flexible agents: 2852
num of flexible tasks: 8852
Optimal assignment with minimum cost:
Solving time: 0.198156 seconds
plan limit 752
current timestep 405
num of flexible agents: 2854
num of flexible tasks: 8854
Optimal assignment with minimum cost:
Solving time: 0.198101 seconds
plan limit 753
current timestep 406
num of flexible agents: 2869
num of flexible tasks: 8869
Optimal assignment with minimum cost:
Solving time: 0.192875 seconds
plan limit 756
current timestep 407
num of flexible agents: 2861
num of flexible tasks: 8861
Optimal assignment with minimum cost:
Solving time: 0.193474 seconds
plan limit 756
current timestep 408
num of flexible agents: 2875
num of flexible tasks: 8875
Optimal assignment with minimum cost:
Solving time: 0.208706 seconds
plan limit 742
current timestep 409
num of flexible agents: 2885
num of flexible tasks: 8885
Optimal assignment with minimum cost:
Solving time: 0.191633 seconds
plan limit 755
current timestep 410
num of flexible agents: 2891
num of flexible tasks: 8891
Optimal assignment with minimum cost:
Solving time: 0.204345 seconds
plan limit 747
current timestep 411
num of flexible agents: 2901
num of flexible tasks: 8901
Optimal assignment with minimum cost:
Solving time: 0.195184 seconds
plan limit 755
current timestep 412
num of flexible agents: 2898
num of flexible tasks: 8898
Optimal assignment with minimum cost:
Solving time: 0.194882 seconds
plan limit 756
current timestep 413
num of flexible agents: 2892
num of flexible tasks: 8892
Optimal assignment with minimum cost:
Solving time: 0.206652 seconds
plan limit 744
current timestep 414
num of flexible agents: 2895
num of flexible tasks: 8895
Optimal assignment with minimum cost:
Solving time: 0.200407 seconds
plan limit 750
current timestep 415
num of flexible agents: 2894
num of flexible tasks: 8894
Optimal assignment with minimum cost:
Solving time: 0.197718 seconds
plan limit 752
current timestep 416
num of flexible agents: 2900
num of flexible tasks: 8900
Optimal assignment with minimum cost:
Solving time: 0.193017 seconds
plan limit 757
current timestep 417
num of flexible agents: 2929
num of flexible tasks: 8929
Optimal assignment with minimum cost:
Solving time: 0.198338 seconds
plan limit 753
current timestep 418
num of flexible agents: 2931
num of flexible tasks: 8931
Optimal assignment with minimum cost:
Solving time: 0.203856 seconds
plan limit 747
current timestep 419
num of flexible agents: 2932
num of flexible tasks: 8932
Optimal assignment with minimum cost:
Solving time: 0.20652 seconds
plan limit 744
current timestep 420
num of flexible agents: 2931
num of flexible tasks: 8931
Optimal assignment with minimum cost:
Solving time: 0.201537 seconds
plan limit 748
current timestep 421
num of flexible agents: 2939
num of flexible tasks: 8939
Optimal assignment with minimum cost:
Solving time: 0.212894 seconds
plan limit 738
current timestep 422
num of flexible agents: 2942
num of flexible tasks: 8942
Optimal assignment with minimum cost:
Solving time: 0.195328 seconds
plan limit 755
current timestep 423
num of flexible agents: 2945
num of flexible tasks: 8945
Optimal assignment with minimum cost:
Solving time: 0.204634 seconds
plan limit 745
current timestep 424
num of flexible agents: 2966
num of flexible tasks: 8966
Optimal assignment with minimum cost:
Solving time: 0.210814 seconds
plan limit 740
current timestep 425
num of flexible agents: 2977
num of flexible tasks: 8977
Optimal assignment with minimum cost:
Solving time: 0.203332 seconds
plan limit 748
current timestep 426
num of flexible agents: 2982
num of flexible tasks: 8982
Optimal assignment with minimum cost:
Solving time: 0.201535 seconds
plan limit 749
current timestep 427
num of flexible agents: 2970
num of flexible tasks: 8970
Optimal assignment with minimum cost:
Solving time: 0.208169 seconds
plan limit 743
current timestep 428
num of flexible agents: 2973
num of flexible tasks: 8973
Optimal assignment with minimum cost:
Solving time: 0.198954 seconds
plan limit 749
current timestep 429
num of flexible agents: 2967
num of flexible tasks: 8967
Optimal assignment with minimum cost:
Solving time: 0.204284 seconds
plan limit 746
current timestep 430
num of flexible agents: 2970
num of flexible tasks: 8970
Optimal assignment with minimum cost:
Solving time: 0.198795 seconds
plan limit 752
current timestep 431
num of flexible agents: 2970
num of flexible tasks: 8970
Optimal assignment with minimum cost:
Solving time: 0.196854 seconds
plan limit 748
current timestep 432
num of flexible agents: 2968
num of flexible tasks: 8968
Optimal assignment with minimum cost:
Solving time: 0.195279 seconds
plan limit 755
current timestep 433
num of flexible agents: 2974
num of flexible tasks: 8974
Optimal assignment with minimum cost:
Solving time: 0.203987 seconds
plan limit 746
current timestep 434
num of flexible agents: 2989
num of flexible tasks: 8989
Optimal assignment with minimum cost:
Solving time: 0.207162 seconds
plan limit 737
current timestep 435
num of flexible agents: 3002
num of flexible tasks: 9002
Optimal assignment with minimum cost:
Solving time: 0.199962 seconds
plan limit 751
current timestep 436
num of flexible agents: 3002
num of flexible tasks: 9002
Optimal assignment with minimum cost:
Solving time: 0.196499 seconds
plan limit 752
current timestep 437
num of flexible agents: 3015
num of flexible tasks: 9015
Optimal assignment with minimum cost:
Solving time: 0.201385 seconds
plan limit 749
current timestep 438
num of flexible agents: 3009
num of flexible tasks: 9009
Optimal assignment with minimum cost:
Solving time: 0.195799 seconds
plan limit 754
current timestep 439
num of flexible agents: 3029
num of flexible tasks: 9029
Optimal assignment with minimum cost:
Solving time: 0.199916 seconds
plan limit 751
current timestep 440
num of flexible agents: 3044
num of flexible tasks: 9044
Optimal assignment with minimum cost:
Solving time: 0.19846 seconds
plan limit 752
current timestep 441
num of flexible agents: 3046
num of flexible tasks: 9046
Optimal assignment with minimum cost:
Solving time: 0.19427 seconds
plan limit 756
current timestep 442
num of flexible agents: 3045
num of flexible tasks: 9045
Optimal assignment with minimum cost:
Solving time: 0.205843 seconds
plan limit 744
current timestep 443
num of flexible agents: 3044
num of flexible tasks: 9044
Optimal assignment with minimum cost:
Solving time: 0.198429 seconds
plan limit 751
current timestep 444
num of flexible agents: 3052
num of flexible tasks: 9052
Optimal assignment with minimum cost:
Solving time: 0.209437 seconds
plan limit 739
current timestep 445
num of flexible agents: 3063
num of flexible tasks: 9063
Optimal assignment with minimum cost:
Solving time: 0.188082 seconds
plan limit 760
current timestep 446
num of flexible agents: 3063
num of flexible tasks: 9063
Optimal assignment with minimum cost:
Solving time: 0.199778 seconds
plan limit 744
current timestep 447
num of flexible agents: 3065
num of flexible tasks: 9065
Optimal assignment with minimum cost:
Solving time: 0.201533 seconds
plan limit 743
current timestep 448
num of flexible agents: 3064
num of flexible tasks: 9064
Optimal assignment with minimum cost:
Solving time: 0.192865 seconds
plan limit 757
current timestep 449
num of flexible agents: 3071
num of flexible tasks: 9071
Optimal assignment with minimum cost:
Solving time: 0.19429 seconds
plan limit 748
current timestep 450
num of flexible agents: 3053
num of flexible tasks: 9053
Optimal assignment with minimum cost:
Solving time: 0.203566 seconds
plan limit 740
current timestep 451
num of flexible agents: 3049
num of flexible tasks: 9049
Optimal assignment with minimum cost:
Solving time: 0.197662 seconds
plan limit 752
current timestep 452
num of flexible agents: 3050
num of flexible tasks: 9050
Optimal assignment with minimum cost:
Solving time: 0.197372 seconds
plan limit 746
current timestep 453
num of flexible agents: 3052
num of flexible tasks: 9052
Optimal assignment with minimum cost:
Solving time: 0.192387 seconds
plan limit 757
current timestep 454
num of flexible agents: 3053
num of flexible tasks: 9053
Optimal assignment with minimum cost:
Solving time: 0.193195 seconds
plan limit 756
current timestep 455
num of flexible agents: 3047
num of flexible tasks: 9047
Optimal assignment with minimum cost:
Solving time: 0.200124 seconds
plan limit 749
current timestep 456
num of flexible agents: 3076
num of flexible tasks: 9076
Optimal assignment with minimum cost:
Solving time: 0.195911 seconds
plan limit 746
current timestep 457
num of flexible agents: 3061
num of flexible tasks: 9061
Optimal assignment with minimum cost:
Solving time: 0.198034 seconds
plan limit 750
current timestep 458
num of flexible agents: 3064
num of flexible tasks: 9064
Optimal assignment with minimum cost:
Solving time: 0.201214 seconds
plan limit 748
current timestep 459
num of flexible agents: 3060
num of flexible tasks: 9060
Optimal assignment with minimum cost:
Solving time: 0.189564 seconds
plan limit 760
current timestep 460
num of flexible agents: 3071
num of flexible tasks: 9071
Optimal assignment with minimum cost:
Solving time: 0.199171 seconds
plan limit 751
current timestep 461
num of flexible agents: 3074
num of flexible tasks: 9074
Optimal assignment with minimum cost:
Solving time: 0.200528 seconds
plan limit 750
current timestep 462
num of flexible agents: 3063
num of flexible tasks: 9063
Optimal assignment with minimum cost:
Solving time: 0.201015 seconds
plan limit 748
current timestep 463
num of flexible agents: 3067
num of flexible tasks: 9067
Optimal assignment with minimum cost:
Solving time: 0.20591 seconds
plan limit 744
current timestep 464
num of flexible agents: 3063
num of flexible tasks: 9063
Optimal assignment with minimum cost:
Solving time: 0.198761 seconds
plan limit 751
current timestep 465
num of flexible agents: 3062
num of flexible tasks: 9062
Optimal assignment with minimum cost:
Solving time: 0.210463 seconds
plan limit 738
current timestep 466
num of flexible agents: 3056
num of flexible tasks: 9056
Optimal assignment with minimum cost:
Solving time: 0.200577 seconds
plan limit 751
current timestep 467
num of flexible agents: 3053
num of flexible tasks: 9053
Optimal assignment with minimum cost:
Solving time: 0.193984 seconds
plan limit 756
current timestep 468
num of flexible agents: 3060
num of flexible tasks: 9060
Optimal assignment with minimum cost:
Solving time: 0.209052 seconds
plan limit 742
current timestep 469
num of flexible agents: 3062
num of flexible tasks: 9062
Optimal assignment with minimum cost:
Solving time: 0.202626 seconds
plan limit 748
current timestep 470
num of flexible agents: 3060
num of flexible tasks: 9060
Optimal assignment with minimum cost:
Solving time: 0.189558 seconds
plan limit 760
current timestep 471
num of flexible agents: 3051
num of flexible tasks: 9051
Optimal assignment with minimum cost:
Solving time: 0.214179 seconds
plan limit 730
current timestep 472
num of flexible agents: 3058
num of flexible tasks: 9058
Optimal assignment with minimum cost:
Solving time: 0.198134 seconds
plan limit 746
current timestep 473
num of flexible agents: 3067
num of flexible tasks: 9067
Optimal assignment with minimum cost:
Solving time: 0.211661 seconds
plan limit 737
current timestep 474
num of flexible agents: 3065
num of flexible tasks: 9065
Optimal assignment with minimum cost:
Solving time: 0.206227 seconds
plan limit 742
current timestep 475
num of flexible agents: 3062
num of flexible tasks: 9062
Optimal assignment with minimum cost:
Solving time: 0.203701 seconds
plan limit 747
current timestep 476
num of flexible agents: 3065
num of flexible tasks: 9065
Optimal assignment with minimum cost:
Solving time: 0.20733 seconds
plan limit 743
current timestep 477
num of flexible agents: 3072
num of flexible tasks: 9072
Optimal assignment with minimum cost:
Solving time: 0.212235 seconds
plan limit 738
current timestep 478
num of flexible agents: 3077
num of flexible tasks: 9077
Optimal assignment with minimum cost:
Solving time: 0.200532 seconds
plan limit 749
current timestep 479
num of flexible agents: 3078
num of flexible tasks: 9078
Optimal assignment with minimum cost:
Solving time: 0.210913 seconds
plan limit 739
current timestep 480
num of flexible agents: 3087
num of flexible tasks: 9087
Optimal assignment with minimum cost:
Solving time: 0.207699 seconds
plan limit 743
current timestep 481
num of flexible agents: 3092
num of flexible tasks: 9092
Optimal assignment with minimum cost:
Solving time: 0.209244 seconds
plan limit 742
current timestep 482
num of flexible agents: 3097
num of flexible tasks: 9097
Optimal assignment with minimum cost:
Solving time: 0.207468 seconds
plan limit 740
current timestep 483
num of flexible agents: 3100
num of flexible tasks: 9100
Optimal assignment with minimum cost:
Solving time: 0.211193 seconds
plan limit 739
current timestep 484
num of flexible agents: 3094
num of flexible tasks: 9094
Optimal assignment with minimum cost:
Solving time: 0.225569 seconds
plan limit 725
current timestep 485
num of flexible agents: 3097
num of flexible tasks: 9097
Optimal assignment with minimum cost:
Solving time: 0.206585 seconds
plan limit 737
current timestep 486
num of flexible agents: 3088
num of flexible tasks: 9088
Optimal assignment with minimum cost:
Solving time: 0.217029 seconds
plan limit 731
current timestep 487
num of flexible agents: 3096
num of flexible tasks: 9096
Optimal assignment with minimum cost:
Solving time: 0.22217 seconds
plan limit 727
current timestep 488
num of flexible agents: 3082
num of flexible tasks: 9082
Optimal assignment with minimum cost:
Solving time: 0.211121 seconds
plan limit 739
current timestep 489
num of flexible agents: 3093
num of flexible tasks: 9093
Optimal assignment with minimum cost:
Solving time: 0.209033 seconds
plan limit 742
current timestep 490
num of flexible agents: 3106
num of flexible tasks: 9106
Optimal assignment with minimum cost:
Solving time: 0.211412 seconds
plan limit 739
current timestep 491
num of flexible agents: 3098
num of flexible tasks: 9098
Optimal assignment with minimum cost:
Solving time: 0.204699 seconds
plan limit 745
current timestep 492
num of flexible agents: 3082
num of flexible tasks: 9082
Optimal assignment with minimum cost:
Solving time: 0.211506 seconds
plan limit 738
current timestep 493
num of flexible agents: 3079
num of flexible tasks: 9079
Optimal assignment with minimum cost:
Solving time: 0.20217 seconds
plan limit 747
current timestep 494
num of flexible agents: 3074
num of flexible tasks: 9074
Optimal assignment with minimum cost:
Solving time: 0.203608 seconds
plan limit 745
current timestep 495
num of flexible agents: 3054
num of flexible tasks: 9054
Optimal assignment with minimum cost:
Solving time: 0.214501 seconds
plan limit 735
current timestep 496
num of flexible agents: 3062
num of flexible tasks: 9062
Optimal assignment with minimum cost:
Solving time: 0.207596 seconds
plan limit 743
current timestep 497
num of flexible agents: 3039
num of flexible tasks: 9039
Optimal assignment with minimum cost:
Solving time: 0.210397 seconds
plan limit 734
current timestep 498
num of flexible agents: 3046
num of flexible tasks: 9046
Optimal assignment with minimum cost:
Solving time: 0.217991 seconds
plan limit 726
current timestep 499
num of flexible agents: 3053
num of flexible tasks: 9053
Optimal assignment with minimum cost:
Solving time: 0.213444 seconds
plan limit 735
current timestep 500
num of flexible agents: 3068
num of flexible tasks: 9068
Optimal assignment with minimum cost:
Solving time: 0.216659 seconds
plan limit 726
current timestep 501
num of flexible agents: 3075
num of flexible tasks: 9075
Optimal assignment with minimum cost:
Solving time: 0.213869 seconds
plan limit 736
current timestep 502
num of flexible agents: 3089
num of flexible tasks: 9089
Optimal assignment with minimum cost:
Solving time: 0.215981 seconds
plan limit 734
current timestep 503
num of flexible agents: 3097
num of flexible tasks: 9097
Optimal assignment with minimum cost:
Solving time: 0.205206 seconds
plan limit 743
current timestep 504
num of flexible agents: 3100
num of flexible tasks: 9100
Optimal assignment with minimum cost:
Solving time: 0.212676 seconds
plan limit 737
current timestep 505
num of flexible agents: 3120
num of flexible tasks: 9120
Optimal assignment with minimum cost:
Solving time: 0.22861 seconds
plan limit 718
current timestep 506
num of flexible agents: 3113
num of flexible tasks: 9113
Optimal assignment with minimum cost:
Solving time: 0.206499 seconds
plan limit 744
current timestep 507
num of flexible agents: 3119
num of flexible tasks: 9119
Optimal assignment with minimum cost:
Solving time: 0.237272 seconds
plan limit 708
current timestep 508
num of flexible agents: 3116
num of flexible tasks: 9116
Optimal assignment with minimum cost:
Solving time: 0.218554 seconds
plan limit 731
current timestep 509
num of flexible agents: 3095
num of flexible tasks: 9095
Optimal assignment with minimum cost:
Solving time: 0.215115 seconds
plan limit 735
current timestep 510
num of flexible agents: 3088
num of flexible tasks: 9088
Optimal assignment with minimum cost:
Solving time: 0.206385 seconds
plan limit 744
current timestep 511
num of flexible agents: 3082
num of flexible tasks: 9082
Optimal assignment with minimum cost:
Solving time: 0.193881 seconds
plan limit 756
current timestep 512
num of flexible agents: 3089
num of flexible tasks: 9089
Optimal assignment with minimum cost:
Solving time: 0.204953 seconds
plan limit 746
current timestep 513
num of flexible agents: 3083
num of flexible tasks: 9083
Optimal assignment with minimum cost:
Solving time: 0.222552 seconds
plan limit 727
current timestep 514
num of flexible agents: 3084
num of flexible tasks: 9084
Optimal assignment with minimum cost:
Solving time: 0.206621 seconds
plan limit 742
current timestep 515
num of flexible agents: 3081
num of flexible tasks: 9081
Optimal assignment with minimum cost:
Solving time: 0.209207 seconds
plan limit 741
current timestep 516
num of flexible agents: 3072
num of flexible tasks: 9072
Optimal assignment with minimum cost:
Solving time: 0.209857 seconds
plan limit 732
current timestep 517
num of flexible agents: 3068
num of flexible tasks: 9068
Optimal assignment with minimum cost:
Solving time: 0.191651 seconds
plan limit 758
current timestep 518
num of flexible agents: 3070
num of flexible tasks: 9070
Optimal assignment with minimum cost:
Solving time: 0.208474 seconds
plan limit 741
current timestep 519
num of flexible agents: 3070
num of flexible tasks: 9070
Optimal assignment with minimum cost:
Solving time: 0.219452 seconds
plan limit 724
current timestep 520
num of flexible agents: 3069
num of flexible tasks: 9069
Optimal assignment with minimum cost:
Solving time: 0.215581 seconds
plan limit 724
current timestep 521
num of flexible agents: 3069
num of flexible tasks: 9069
Optimal assignment with minimum cost:
Solving time: 0.200847 seconds
plan limit 748
current timestep 522
num of flexible agents: 3068
num of flexible tasks: 9068
Optimal assignment with minimum cost:
Solving time: 0.200747 seconds
plan limit 748
current timestep 523
num of flexible agents: 3069
num of flexible tasks: 9069
Optimal assignment with minimum cost:
Solving time: 0.210031 seconds
plan limit 739
current timestep 524
num of flexible agents: 3051
num of flexible tasks: 9051
Optimal assignment with minimum cost:
Solving time: 0.201462 seconds
plan limit 748
current timestep 525
num of flexible agents: 3037
num of flexible tasks: 9037
Optimal assignment with minimum cost:
Solving time: 0.203491 seconds
plan limit 745
current timestep 526
num of flexible agents: 3046
num of flexible tasks: 9046
Optimal assignment with minimum cost:
Solving time: 0.220615 seconds
plan limit 729
current timestep 527
num of flexible agents: 3060
num of flexible tasks: 9060
Optimal assignment with minimum cost:
Solving time: 0.210342 seconds
plan limit 739
current timestep 528
num of flexible agents: 3069
num of flexible tasks: 9069
Optimal assignment with minimum cost:
Solving time: 0.208389 seconds
plan limit 742
current timestep 529
num of flexible agents: 3064
num of flexible tasks: 9064
Optimal assignment with minimum cost:
Solving time: 0.205986 seconds
plan limit 742
current timestep 530
num of flexible agents: 3062
num of flexible tasks: 9062
Optimal assignment with minimum cost:
Solving time: 0.201079 seconds
plan limit 742
current timestep 531
num of flexible agents: 3056
num of flexible tasks: 9056
Optimal assignment with minimum cost:
Solving time: 0.21276 seconds
plan limit 737
current timestep 532
num of flexible agents: 3029
num of flexible tasks: 9029
Optimal assignment with minimum cost:
Solving time: 0.208475 seconds
plan limit 740
current timestep 533
num of flexible agents: 3036
num of flexible tasks: 9036
Optimal assignment with minimum cost:
Solving time: 0.199514 seconds
plan limit 743
current timestep 534
num of flexible agents: 3024
num of flexible tasks: 9024
Optimal assignment with minimum cost:
Solving time: 0.21315 seconds
plan limit 736
current timestep 535
num of flexible agents: 3025
num of flexible tasks: 9025
Optimal assignment with minimum cost:
Solving time: 0.196928 seconds
plan limit 747
current timestep 536
num of flexible agents: 3016
num of flexible tasks: 9016
Optimal assignment with minimum cost:
Solving time: 0.214895 seconds
plan limit 735
current timestep 537
num of flexible agents: 3023
num of flexible tasks: 9023
Optimal assignment with minimum cost:
Solving time: 0.194725 seconds
plan limit 755
current timestep 538
num of flexible agents: 3020
num of flexible tasks: 9020
Optimal assignment with minimum cost:
Solving time: 0.198455 seconds
plan limit 750
current timestep 539
num of flexible agents: 3031
num of flexible tasks: 9031
Optimal assignment with minimum cost:
Solving time: 0.208737 seconds
plan limit 736
current timestep 540
num of flexible agents: 3032
num of flexible tasks: 9032
Optimal assignment with minimum cost:
Solving time: 0.201912 seconds
plan limit 748
current timestep 541
num of flexible agents: 3028
num of flexible tasks: 9028
Optimal assignment with minimum cost:
Solving time: 0.202825 seconds
plan limit 746
current timestep 542
num of flexible agents: 3040
num of flexible tasks: 9040
Optimal assignment with minimum cost:
Solving time: 0.207878 seconds
plan limit 741
current timestep 543
num of flexible agents: 3035
num of flexible tasks: 9035
Optimal assignment with minimum cost:
Solving time: 0.210723 seconds
plan limit 739
current timestep 544
num of flexible agents: 3033
num of flexible tasks: 9033
Optimal assignment with minimum cost:
Solving time: 0.212793 seconds
plan limit 737
current timestep 545
num of flexible agents: 3038
num of flexible tasks: 9038
Optimal assignment with minimum cost:
Solving time: 0.200979 seconds
plan limit 749
current timestep 546
num of flexible agents: 3041
num of flexible tasks: 9041
Optimal assignment with minimum cost:
Solving time: 0.201547 seconds
plan limit 748
current timestep 547
num of flexible agents: 3033
num of flexible tasks: 9033
Optimal assignment with minimum cost:
Solving time: 0.200207 seconds
plan limit 750
current timestep 548
num of flexible agents: 3013
num of flexible tasks: 9013
Optimal assignment with minimum cost:
Solving time: 0.20182 seconds
plan limit 748
current timestep 549
num of flexible agents: 3023
num of flexible tasks: 9023
Optimal assignment with minimum cost:
Solving time: 0.206866 seconds
plan limit 743
current timestep 550
num of flexible agents: 3024
num of flexible tasks: 9024
Optimal assignment with minimum cost:
Solving time: 0.197648 seconds
plan limit 752
current timestep 551
num of flexible agents: 3009
num of flexible tasks: 9009
Optimal assignment with minimum cost:
Solving time: 0.208742 seconds
plan limit 741
current timestep 552
num of flexible agents: 3000
num of flexible tasks: 9000
Optimal assignment with minimum cost:
Solving time: 0.209446 seconds
plan limit 741
current timestep 553
num of flexible agents: 2993
num of flexible tasks: 8993
Optimal assignment with minimum cost:
Solving time: 0.196263 seconds
plan limit 754
current timestep 554
num of flexible agents: 3003
num of flexible tasks: 9003
Optimal assignment with minimum cost:
Solving time: 0.199376 seconds
plan limit 748
current timestep 555
num of flexible agents: 2993
num of flexible tasks: 8993
Optimal assignment with minimum cost:
Solving time: 0.199616 seconds
plan limit 750
current timestep 556
num of flexible agents: 2981
num of flexible tasks: 8981
Optimal assignment with minimum cost:
Solving time: 0.205183 seconds
plan limit 745
current timestep 557
num of flexible agents: 2983
num of flexible tasks: 8983
Optimal assignment with minimum cost:
Solving time: 0.198265 seconds
plan limit 752
current timestep 558
num of flexible agents: 2976
num of flexible tasks: 8976
Optimal assignment with minimum cost:
Solving time: 0.2013 seconds
plan limit 748
current timestep 559
num of flexible agents: 2961
num of flexible tasks: 8961
Optimal assignment with minimum cost:
Solving time: 0.201082 seconds
plan limit 749
current timestep 560
num of flexible agents: 2937
num of flexible tasks: 8937
Optimal assignment with minimum cost:
Solving time: 0.208026 seconds
plan limit 742
current timestep 561
num of flexible agents: 2944
num of flexible tasks: 8944
Optimal assignment with minimum cost:
Solving time: 0.193158 seconds
plan limit 755
current timestep 562
num of flexible agents: 2952
num of flexible tasks: 8952
Optimal assignment with minimum cost:
Solving time: 0.214755 seconds
plan limit 736
current timestep 563
num of flexible agents: 2950
num of flexible tasks: 8950
Optimal assignment with minimum cost:
Solving time: 0.202644 seconds
plan limit 747
current timestep 564
num of flexible agents: 2941
num of flexible tasks: 8941
Optimal assignment with minimum cost:
Solving time: 0.19892 seconds
plan limit 752
current timestep 565
num of flexible agents: 2936
num of flexible tasks: 8936
Optimal assignment with minimum cost:
Solving time: 0.220914 seconds
plan limit 730
current timestep 566
num of flexible agents: 2940
num of flexible tasks: 8940
Optimal assignment with minimum cost:
Solving time: 0.204466 seconds
plan limit 746
current timestep 567
num of flexible agents: 2938
num of flexible tasks: 8938
Optimal assignment with minimum cost:
Solving time: 0.201378 seconds
plan limit 748
current timestep 568
num of flexible agents: 2917
num of flexible tasks: 8917
Optimal assignment with minimum cost:
Solving time: 0.186874 seconds
plan limit 760
current timestep 569
num of flexible agents: 2917
num of flexible tasks: 8917
Optimal assignment with minimum cost:
Solving time: 0.191896 seconds
plan limit 758
current timestep 570
num of flexible agents: 2899
num of flexible tasks: 8899
Optimal assignment with minimum cost:
Solving time: 0.210487 seconds
plan limit 739
current timestep 571
num of flexible agents: 2883
num of flexible tasks: 8883
Optimal assignment with minimum cost:
Solving time: 0.203875 seconds
plan limit 747
current timestep 572
num of flexible agents: 2879
num of flexible tasks: 8879
Optimal assignment with minimum cost:
Solving time: 0.19151 seconds
plan limit 757
current timestep 573
num of flexible agents: 2885
num of flexible tasks: 8885
Optimal assignment with minimum cost:
Solving time: 0.203261 seconds
plan limit 747
current timestep 574
num of flexible agents: 2880
num of flexible tasks: 8880
Optimal assignment with minimum cost:
Solving time: 0.202852 seconds
plan limit 747
current timestep 575
num of flexible agents: 2879
num of flexible tasks: 8879
Optimal assignment with minimum cost:
Solving time: 0.228551 seconds
plan limit 721
current timestep 576
num of flexible agents: 2870
num of flexible tasks: 8870
Optimal assignment with minimum cost:
Solving time: 0.213543 seconds
plan limit 736
current timestep 577
num of flexible agents: 2874
num of flexible tasks: 8874
Optimal assignment with minimum cost:
Solving time: 0.212091 seconds
plan limit 733
current timestep 578
num of flexible agents: 2869
num of flexible tasks: 8869
Optimal assignment with minimum cost:
Solving time: 0.223314 seconds
plan limit 727
current timestep 579
num of flexible agents: 2860
num of flexible tasks: 8860
Optimal assignment with minimum cost:
Solving time: 0.197282 seconds
plan limit 753
current timestep 580
num of flexible agents: 2846
num of flexible tasks: 8846
Optimal assignment with minimum cost:
Solving time: 0.229119 seconds
plan limit 721
current timestep 581
num of flexible agents: 2843
num of flexible tasks: 8843
Optimal assignment with minimum cost:
Solving time: 0.198122 seconds
plan limit 750
current timestep 582
num of flexible agents: 2836
num of flexible tasks: 8836
Optimal assignment with minimum cost:
Solving time: 0.203894 seconds
plan limit 745
current timestep 583
num of flexible agents: 2837
num of flexible tasks: 8837
Optimal assignment with minimum cost:
Solving time: 0.217957 seconds
plan limit 733
current timestep 584
num of flexible agents: 2820
num of flexible tasks: 8820
Optimal assignment with minimum cost:
Solving time: 0.196835 seconds
plan limit 754
current timestep 585
num of flexible agents: 2824
num of flexible tasks: 8824
Optimal assignment with minimum cost:
Solving time: 0.212889 seconds
plan limit 735
current timestep 586
num of flexible agents: 2831
num of flexible tasks: 8831
Optimal assignment with minimum cost:
Solving time: 0.207217 seconds
plan limit 743
current timestep 587
num of flexible agents: 2815
num of flexible tasks: 8815
Optimal assignment with minimum cost:
Solving time: 0.205534 seconds
plan limit 744
current timestep 588
num of flexible agents: 2799
num of flexible tasks: 8799
Optimal assignment with minimum cost:
Solving time: 0.205358 seconds
plan limit 740
current timestep 589
num of flexible agents: 2790
num of flexible tasks: 8790
Optimal assignment with minimum cost:
Solving time: 0.208874 seconds
plan limit 742
current timestep 590
num of flexible agents: 2788
num of flexible tasks: 8788
Optimal assignment with minimum cost:
Solving time: 0.215321 seconds
plan limit 734
current timestep 591
num of flexible agents: 2768
num of flexible tasks: 8768
Optimal assignment with minimum cost:
Solving time: 0.216204 seconds
plan limit 735
current timestep 592
num of flexible agents: 2765
num of flexible tasks: 8765
Optimal assignment with minimum cost:
Solving time: 0.2111 seconds
plan limit 740
current timestep 593
num of flexible agents: 2744
num of flexible tasks: 8744
Optimal assignment with minimum cost:
Solving time: 0.224285 seconds
plan limit 725
current timestep 594
num of flexible agents: 2744
num of flexible tasks: 8744
Optimal assignment with minimum cost:
Solving time: 0.210862 seconds
plan limit 738
current timestep 595
num of flexible agents: 2744
num of flexible tasks: 8744
Optimal assignment with minimum cost:
Solving time: 0.20843 seconds
plan limit 742
current timestep 596
num of flexible agents: 2738
num of flexible tasks: 8738
Optimal assignment with minimum cost:
Solving time: 0.203226 seconds
plan limit 747
current timestep 597
num of flexible agents: 2729
num of flexible tasks: 8729
Optimal assignment with minimum cost:
Solving time: 0.207334 seconds
plan limit 743
current timestep 598
num of flexible agents: 2713
num of flexible tasks: 8713
Optimal assignment with minimum cost:
Solving time: 0.204987 seconds
plan limit 743
current timestep 599
num of flexible agents: 2718
num of flexible tasks: 8718
Optimal assignment with minimum cost:
Solving time: 0.209787 seconds
plan limit 741
current timestep 600
num of flexible agents: 2708
num of flexible tasks: 8708
Optimal assignment with minimum cost:
Solving time: 0.215054 seconds
plan limit 737
current timestep 601
num of flexible agents: 2700
num of flexible tasks: 8700
Optimal assignment with minimum cost:
Solving time: 0.225467 seconds
plan limit 726
current timestep 602
num of flexible agents: 2682
num of flexible tasks: 8682
Optimal assignment with minimum cost:
Solving time: 0.203355 seconds
plan limit 748
current timestep 603
num of flexible agents: 2688
num of flexible tasks: 8688
Optimal assignment with minimum cost:
Solving time: 0.204992 seconds
plan limit 745
current timestep 604
num of flexible agents: 2682
num of flexible tasks: 8682
Optimal assignment with minimum cost:
Solving time: 0.22666 seconds
plan limit 723
current timestep 605
num of flexible agents: 2682
num of flexible tasks: 8682
Optimal assignment with minimum cost:
Solving time: 0.218853 seconds
plan limit 732
current timestep 606
num of flexible agents: 2672
num of flexible tasks: 8672
Optimal assignment with minimum cost:
Solving time: 0.203554 seconds
plan limit 747
current timestep 607
num of flexible agents: 2654
num of flexible tasks: 8654
Optimal assignment with minimum cost:
Solving time: 0.211016 seconds
plan limit 739
current timestep 608
num of flexible agents: 2655
num of flexible tasks: 8655
Optimal assignment with minimum cost:
Solving time: 0.207414 seconds
plan limit 736
current timestep 609
num of flexible agents: 2659
num of flexible tasks: 8659
Optimal assignment with minimum cost:
Solving time: 0.206098 seconds
plan limit 745
current timestep 610
num of flexible agents: 2646
num of flexible tasks: 8646
Optimal assignment with minimum cost:
Solving time: 0.21186 seconds
plan limit 738
current timestep 611
num of flexible agents: 2643
num of flexible tasks: 8643
Optimal assignment with minimum cost:
Solving time: 0.215014 seconds
plan limit 731
current timestep 612
num of flexible agents: 2658
num of flexible tasks: 8658
Optimal assignment with minimum cost:
Solving time: 0.207555 seconds
plan limit 740
current timestep 613
num of flexible agents: 2648
num of flexible tasks: 8648
Optimal assignment with minimum cost:
Solving time: 0.204128 seconds
plan limit 747
current timestep 614
num of flexible agents: 2660
num of flexible tasks: 8660
Optimal assignment with minimum cost:
Solving time: 0.21302 seconds
plan limit 737
current timestep 615
num of flexible agents: 2665
num of flexible tasks: 8665
Optimal assignment with minimum cost:
Solving time: 0.207684 seconds
plan limit 743
current timestep 616
num of flexible agents: 2669
num of flexible tasks: 8669
Optimal assignment with minimum cost:
Solving time: 0.218988 seconds
plan limit 729
current timestep 617
num of flexible agents: 2666
num of flexible tasks: 8666
Optimal assignment with minimum cost:
Solving time: 0.226881 seconds
plan limit 723
current timestep 618
num of flexible agents: 2659
num of flexible tasks: 8659
Optimal assignment with minimum cost:
Solving time: 0.205335 seconds
plan limit 744
current timestep 619
num of flexible agents: 2648
num of flexible tasks: 8648
Optimal assignment with minimum cost:
Solving time: 0.221064 seconds
plan limit 730
current timestep 620
num of flexible agents: 2630
num of flexible tasks: 8630
Optimal assignment with minimum cost:
Solving time: 0.216744 seconds
plan limit 735
current timestep 621
num of flexible agents: 2628
num of flexible tasks: 8628
Optimal assignment with minimum cost:
Solving time: 0.217764 seconds
plan limit 733
current timestep 622
num of flexible agents: 2622
num of flexible tasks: 8622
Optimal assignment with minimum cost:
Solving time: 0.23104 seconds
plan limit 719
current timestep 623
num of flexible agents: 2611
num of flexible tasks: 8611
Optimal assignment with minimum cost:
Solving time: 0.204729 seconds
plan limit 741
current timestep 624
num of flexible agents: 2598
num of flexible tasks: 8598
Optimal assignment with minimum cost:
Solving time: 0.212377 seconds
plan limit 739
current timestep 625
num of flexible agents: 2588
num of flexible tasks: 8588
Optimal assignment with minimum cost:
Solving time: 0.204237 seconds
plan limit 746
current timestep 626
num of flexible agents: 2584
num of flexible tasks: 8584
Optimal assignment with minimum cost:
Solving time: 0.19884 seconds
plan limit 750
current timestep 627
num of flexible agents: 2579
num of flexible tasks: 8579
Optimal assignment with minimum cost:
Solving time: 0.224678 seconds
plan limit 727
current timestep 628
num of flexible agents: 2572
num of flexible tasks: 8572
Optimal assignment with minimum cost:
Solving time: 0.20159 seconds
plan limit 749
current timestep 629
num of flexible agents: 2586
num of flexible tasks: 8586
Optimal assignment with minimum cost:
Solving time: 0.203829 seconds
plan limit 747
current timestep 630
num of flexible agents: 2582
num of flexible tasks: 8582
Optimal assignment with minimum cost:
Solving time: 0.197296 seconds
plan limit 750
current timestep 631
num of flexible agents: 2589
num of flexible tasks: 8589
Optimal assignment with minimum cost:
Solving time: 0.207993 seconds
plan limit 742
current timestep 632
num of flexible agents: 2576
num of flexible tasks: 8576
Optimal assignment with minimum cost:
Solving time: 0.19882 seconds
plan limit 750
current timestep 633
num of flexible agents: 2577
num of flexible tasks: 8577
Optimal assignment with minimum cost:
Solving time: 0.209654 seconds
plan limit 741
current timestep 634
num of flexible agents: 2562
num of flexible tasks: 8562
Optimal assignment with minimum cost:
Solving time: 0.209086 seconds
plan limit 734
current timestep 635
num of flexible agents: 2555
num of flexible tasks: 8555
Optimal assignment with minimum cost:
Solving time: 0.229873 seconds
plan limit 720
current timestep 636
num of flexible agents: 2550
num of flexible tasks: 8550
Optimal assignment with minimum cost:
Solving time: 0.211157 seconds
plan limit 739
current timestep 637
num of flexible agents: 2543
num of flexible tasks: 8543
Optimal assignment with minimum cost:
Solving time: 0.205051 seconds
plan limit 745
current timestep 638
num of flexible agents: 2535
num of flexible tasks: 8535
Optimal assignment with minimum cost:
Solving time: 0.214782 seconds
plan limit 736
current timestep 639
num of flexible agents: 2525
num of flexible tasks: 8525
Optimal assignment with minimum cost:
Solving time: 0.210554 seconds
plan limit 740
current timestep 640
num of flexible agents: 2525
num of flexible tasks: 8525
Optimal assignment with minimum cost:
Solving time: 0.208137 seconds
plan limit 738
current timestep 641
num of flexible agents: 2514
num of flexible tasks: 8514
Optimal assignment with minimum cost:
Solving time: 0.189985 seconds
plan limit 759
current timestep 642
num of flexible agents: 2513
num of flexible tasks: 8513
Optimal assignment with minimum cost:
Solving time: 0.210621 seconds
plan limit 740
current timestep 643
num of flexible agents: 2502
num of flexible tasks: 8502
Optimal assignment with minimum cost:
Solving time: 0.218604 seconds
plan limit 731
current timestep 644
num of flexible agents: 2499
num of flexible tasks: 8499
Optimal assignment with minimum cost:
Solving time: 0.199903 seconds
plan limit 751
current timestep 645
num of flexible agents: 2490
num of flexible tasks: 8490
Optimal assignment with minimum cost:
Solving time: 0.210088 seconds
plan limit 739
current timestep 646
num of flexible agents: 2492
num of flexible tasks: 8492
Optimal assignment with minimum cost:
Solving time: 0.20911 seconds
plan limit 742
current timestep 647
num of flexible agents: 2483
num of flexible tasks: 8483
Optimal assignment with minimum cost:
Solving time: 0.212906 seconds
plan limit 737
current timestep 648
num of flexible agents: 2470
num of flexible tasks: 8470
Optimal assignment with minimum cost:
Solving time: 0.216736 seconds
plan limit 732
current timestep 649
num of flexible agents: 2476
num of flexible tasks: 8476
Optimal assignment with minimum cost:
Solving time: 0.19901 seconds
plan limit 752
current timestep 650
num of flexible agents: 2477
num of flexible tasks: 8477
Optimal assignment with minimum cost:
Solving time: 0.203414 seconds
plan limit 747
current timestep 651
num of flexible agents: 2481
num of flexible tasks: 8481
Optimal assignment with minimum cost:
Solving time: 0.197986 seconds
plan limit 752
current timestep 652
num of flexible agents: 2470
num of flexible tasks: 8470
Optimal assignment with minimum cost:
Solving time: 0.201388 seconds
plan limit 741
current timestep 653
num of flexible agents: 2467
num of flexible tasks: 8467
Optimal assignment with minimum cost:
Solving time: 0.188449 seconds
plan limit 755
current timestep 654
num of flexible agents: 2464
num of flexible tasks: 8464
Optimal assignment with minimum cost:
Solving time: 0.194794 seconds
plan limit 751
current timestep 655
num of flexible agents: 2454
num of flexible tasks: 8454
Optimal assignment with minimum cost:
Solving time: 0.206693 seconds
plan limit 743
current timestep 656
num of flexible agents: 2446
num of flexible tasks: 8446
Optimal assignment with minimum cost:
Solving time: 0.206749 seconds
plan limit 739
current timestep 657
num of flexible agents: 2474
num of flexible tasks: 8474
Optimal assignment with minimum cost:
Solving time: 0.192627 seconds
plan limit 757
current timestep 658
num of flexible agents: 2467
num of flexible tasks: 8467
Optimal assignment with minimum cost:
Solving time: 0.194913 seconds
plan limit 754
current timestep 659
num of flexible agents: 2476
num of flexible tasks: 8476
Optimal assignment with minimum cost:
Solving time: 0.198265 seconds
plan limit 751
current timestep 660
num of flexible agents: 2459
num of flexible tasks: 8459
Optimal assignment with minimum cost:
Solving time: 0.212759 seconds
plan limit 733
current timestep 661
num of flexible agents: 2467
num of flexible tasks: 8467
Optimal assignment with minimum cost:
Solving time: 0.206518 seconds
plan limit 744
current timestep 662
num of flexible agents: 2464
num of flexible tasks: 8464
Optimal assignment with minimum cost:
Solving time: 0.204131 seconds
plan limit 745
current timestep 663
num of flexible agents: 2464
num of flexible tasks: 8464
Optimal assignment with minimum cost:
Solving time: 0.195631 seconds
plan limit 755
current timestep 664
num of flexible agents: 2447
num of flexible tasks: 8447
Optimal assignment with minimum cost:
Solving time: 0.212755 seconds
plan limit 737
current timestep 665
num of flexible agents: 2448
num of flexible tasks: 8448
Optimal assignment with minimum cost:
Solving time: 0.226052 seconds
plan limit 723
current timestep 666
num of flexible agents: 2459
num of flexible tasks: 8459
Optimal assignment with minimum cost:
Solving time: 0.194462 seconds
plan limit 756
current timestep 667
num of flexible agents: 2436
num of flexible tasks: 8436
Optimal assignment with minimum cost:
Solving time: 0.203657 seconds
plan limit 746
current timestep 668
num of flexible agents: 2440
num of flexible tasks: 8440
Optimal assignment with minimum cost:
Solving time: 0.210488 seconds
plan limit 740
current timestep 669
num of flexible agents: 2434
num of flexible tasks: 8434
Optimal assignment with minimum cost:
Solving time: 0.199915 seconds
plan limit 751
current timestep 670
num of flexible agents: 2432
num of flexible tasks: 8432
Optimal assignment with minimum cost:
Solving time: 0.213427 seconds
plan limit 738
current timestep 671
num of flexible agents: 2436
num of flexible tasks: 8436
Optimal assignment with minimum cost:
Solving time: 0.198355 seconds
plan limit 751
current timestep 672
num of flexible agents: 2443
num of flexible tasks: 8443
Optimal assignment with minimum cost:
Solving time: 0.220852 seconds
plan limit 730
current timestep 673
num of flexible agents: 2436
num of flexible tasks: 8436
Optimal assignment with minimum cost:
Solving time: 0.211288 seconds
plan limit 739
current timestep 674
num of flexible agents: 2433
num of flexible tasks: 8433
Optimal assignment with minimum cost:
Solving time: 0.206186 seconds
plan limit 745
current timestep 675
num of flexible agents: 2433
num of flexible tasks: 8433
Optimal assignment with minimum cost:
Solving time: 0.214835 seconds
plan limit 734
current timestep 676
num of flexible agents: 2435
num of flexible tasks: 8435
Optimal assignment with minimum cost:
Solving time: 0.209101 seconds
plan limit 741
current timestep 677
num of flexible agents: 2438
num of flexible tasks: 8438
Optimal assignment with minimum cost:
Solving time: 0.209677 seconds
plan limit 739
current timestep 678
num of flexible agents: 2437
num of flexible tasks: 8437
Optimal assignment with minimum cost:
Solving time: 0.211259 seconds
plan limit 739
current timestep 679
num of flexible agents: 2448
num of flexible tasks: 8448
Optimal assignment with minimum cost:
Solving time: 0.204807 seconds
plan limit 745
current timestep 680
num of flexible agents: 2452
num of flexible tasks: 8452
Optimal assignment with minimum cost:
Solving time: 0.214014 seconds
plan limit 737
current timestep 681
num of flexible agents: 2450
num of flexible tasks: 8450
Optimal assignment with minimum cost:
Solving time: 0.213037 seconds
plan limit 735
current timestep 682
num of flexible agents: 2448
num of flexible tasks: 8448
Optimal assignment with minimum cost:
Solving time: 0.226316 seconds
plan limit 724
current timestep 683
num of flexible agents: 2436
num of flexible tasks: 8436
Optimal assignment with minimum cost:
Solving time: 0.215586 seconds
plan limit 734
current timestep 684
num of flexible agents: 2428
num of flexible tasks: 8428
Optimal assignment with minimum cost:
Solving time: 0.219185 seconds
plan limit 731
current timestep 685
num of flexible agents: 2434
num of flexible tasks: 8434
Optimal assignment with minimum cost:
Solving time: 0.227225 seconds
plan limit 717
current timestep 686
num of flexible agents: 2432
num of flexible tasks: 8432
Optimal assignment with minimum cost:
Solving time: 0.227207 seconds
plan limit 723
current timestep 687
num of flexible agents: 2424
num of flexible tasks: 8424
Optimal assignment with minimum cost:
Solving time: 0.212312 seconds
plan limit 737
current timestep 688
num of flexible agents: 2435
num of flexible tasks: 8435
Optimal assignment with minimum cost:
Solving time: 0.220141 seconds
plan limit 731
current timestep 689
num of flexible agents: 2438
num of flexible tasks: 8438
Optimal assignment with minimum cost:
Solving time: 0.207715 seconds
plan limit 739
current timestep 690
num of flexible agents: 2438
num of flexible tasks: 8438
Optimal assignment with minimum cost:
Solving time: 0.206554 seconds
plan limit 739
current timestep 691
num of flexible agents: 2427
num of flexible tasks: 8427
Optimal assignment with minimum cost:
Solving time: 0.207198 seconds
plan limit 742
current timestep 692
num of flexible agents: 2433
num of flexible tasks: 8433
Optimal assignment with minimum cost:
Solving time: 0.20245 seconds
plan limit 748
current timestep 693
num of flexible agents: 2426
num of flexible tasks: 8426
Optimal assignment with minimum cost:
Solving time: 0.207475 seconds
plan limit 740
current timestep 694
num of flexible agents: 2425
num of flexible tasks: 8425
Optimal assignment with minimum cost:
Solving time: 0.202814 seconds
plan limit 747
current timestep 695
num of flexible agents: 2433
num of flexible tasks: 8433
Optimal assignment with minimum cost:
Solving time: 0.197114 seconds
plan limit 753
current timestep 696
num of flexible agents: 2441
num of flexible tasks: 8441
Optimal assignment with minimum cost:
Solving time: 0.207072 seconds
plan limit 743
current timestep 697
num of flexible agents: 2460
num of flexible tasks: 8460
Optimal assignment with minimum cost:
Solving time: 0.200885 seconds
plan limit 747
current timestep 698
num of flexible agents: 2461
num of flexible tasks: 8461
Optimal assignment with minimum cost:
Solving time: 0.212103 seconds
plan limit 737
current timestep 699
num of flexible agents: 2464
num of flexible tasks: 8464
Optimal assignment with minimum cost:
Solving time: 0.207723 seconds
plan limit 741
current timestep 700
num of flexible agents: 2467
num of flexible tasks: 8467
Optimal assignment with minimum cost:
Solving time: 0.191008 seconds
plan limit 759
current timestep 701
num of flexible agents: 2472
num of flexible tasks: 8472
Optimal assignment with minimum cost:
Solving time: 0.21591 seconds
plan limit 733
current timestep 702
num of flexible agents: 2467
num of flexible tasks: 8467
Optimal assignment with minimum cost:
Solving time: 0.189985 seconds
plan limit 760
current timestep 703
num of flexible agents: 2462
num of flexible tasks: 8462
Optimal assignment with minimum cost:
Solving time: 0.194038 seconds
plan limit 756
current timestep 704
num of flexible agents: 2480
num of flexible tasks: 8480
Optimal assignment with minimum cost:
Solving time: 0.216654 seconds
plan limit 732
current timestep 705
num of flexible agents: 2472
num of flexible tasks: 8472
Optimal assignment with minimum cost:
Solving time: 0.195454 seconds
plan limit 752
current timestep 706
num of flexible agents: 2455
num of flexible tasks: 8455
Optimal assignment with minimum cost:
Solving time: 0.207084 seconds
plan limit 736
current timestep 707
num of flexible agents: 2460
num of flexible tasks: 8460
Optimal assignment with minimum cost:
Solving time: 0.189494 seconds
plan limit 758
current timestep 708
num of flexible agents: 2457
num of flexible tasks: 8457
Optimal assignment with minimum cost:
Solving time: 0.201307 seconds
plan limit 749
current timestep 709
num of flexible agents: 2461
num of flexible tasks: 8461
Optimal assignment with minimum cost:
Solving time: 0.203519 seconds
plan limit 746
current timestep 710
num of flexible agents: 2452
num of flexible tasks: 8452
Optimal assignment with minimum cost:
Solving time: 0.206888 seconds
plan limit 742
current timestep 711
num of flexible agents: 2460
num of flexible tasks: 8460
Optimal assignment with minimum cost:
Solving time: 0.193101 seconds
plan limit 755
current timestep 712
num of flexible agents: 2464
num of flexible tasks: 8464
Optimal assignment with minimum cost:
Solving time: 0.197964 seconds
plan limit 746
current timestep 713
num of flexible agents: 2470
num of flexible tasks: 8470
Optimal assignment with minimum cost:
Solving time: 0.198881 seconds
plan limit 750
current timestep 714
num of flexible agents: 2462
num of flexible tasks: 8462
Optimal assignment with minimum cost:
Solving time: 0.208129 seconds
plan limit 740
current timestep 715
num of flexible agents: 2460
num of flexible tasks: 8460
Optimal assignment with minimum cost:
Solving time: 0.200574 seconds
plan limit 749
current timestep 716
num of flexible agents: 2460
num of flexible tasks: 8460
Optimal assignment with minimum cost:
Solving time: 0.184259 seconds
plan limit 764
current timestep 717
num of flexible agents: 2453
num of flexible tasks: 8453
Optimal assignment with minimum cost:
Solving time: 0.211125 seconds
plan limit 734
current timestep 718
num of flexible agents: 2466
num of flexible tasks: 8466
Optimal assignment with minimum cost:
Solving time: 0.19769 seconds
plan limit 753
current timestep 719
num of flexible agents: 2464
num of flexible tasks: 8464
Optimal assignment with minimum cost:
Solving time: 0.210806 seconds
plan limit 739
current timestep 720
num of flexible agents: 2456
num of flexible tasks: 8456
Optimal assignment with minimum cost:
Solving time: 0.206496 seconds
plan limit 740
current timestep 721
num of flexible agents: 2464
num of flexible tasks: 8464
Optimal assignment with minimum cost:
Solving time: 0.196234 seconds
plan limit 753
current timestep 722
num of flexible agents: 2458
num of flexible tasks: 8458
Optimal assignment with minimum cost:
Solving time: 0.205806 seconds
plan limit 742
current timestep 723
num of flexible agents: 2458
num of flexible tasks: 8458
Optimal assignment with minimum cost:
Solving time: 0.197588 seconds
plan limit 752
current timestep 724
num of flexible agents: 2463
num of flexible tasks: 8463
Optimal assignment with minimum cost:
Solving time: 0.201001 seconds
plan limit 746
current timestep 725
num of flexible agents: 2476
num of flexible tasks: 8476
Optimal assignment with minimum cost:
Solving time: 0.185618 seconds
plan limit 757
current timestep 726
num of flexible agents: 2476
num of flexible tasks: 8476
Optimal assignment with minimum cost:
Solving time: 0.190164 seconds
plan limit 759
current timestep 727
num of flexible agents: 2475
num of flexible tasks: 8475
Optimal assignment with minimum cost:
Solving time: 0.200582 seconds
plan limit 748
current timestep 728
num of flexible agents: 2487
num of flexible tasks: 8487
Optimal assignment with minimum cost:
Solving time: 0.198078 seconds
plan limit 751
current timestep 729
num of flexible agents: 2513
num of flexible tasks: 8513
Optimal assignment with minimum cost:
Solving time: 0.197822 seconds
plan limit 746
current timestep 730
num of flexible agents: 2509
num of flexible tasks: 8509
Optimal assignment with minimum cost:
Solving time: 0.216347 seconds
plan limit 732
current timestep 731
num of flexible agents: 2515
num of flexible tasks: 8515
Optimal assignment with minimum cost:
Solving time: 0.187673 seconds
plan limit 762
current timestep 732
num of flexible agents: 2511
num of flexible tasks: 8511
Optimal assignment with minimum cost:
Solving time: 0.214588 seconds
plan limit 735
current timestep 733
num of flexible agents: 2516
num of flexible tasks: 8516
Optimal assignment with minimum cost:
Solving time: 0.202377 seconds
plan limit 744
current timestep 734
num of flexible agents: 2505
num of flexible tasks: 8505
Optimal assignment with minimum cost:
Solving time: 0.198363 seconds
plan limit 751
current timestep 735
num of flexible agents: 2486
num of flexible tasks: 8486
Optimal assignment with minimum cost:
Solving time: 0.203026 seconds
plan limit 747
current timestep 736
num of flexible agents: 2491
num of flexible tasks: 8491
Optimal assignment with minimum cost:
Solving time: 0.19491 seconds
plan limit 754
current timestep 737
num of flexible agents: 2484
num of flexible tasks: 8484
Optimal assignment with minimum cost:
Solving time: 0.195837 seconds
plan limit 752
current timestep 738
num of flexible agents: 2478
num of flexible tasks: 8478
Optimal assignment with minimum cost:
Solving time: 0.192507 seconds
plan limit 750
current timestep 739
num of flexible agents: 2478
num of flexible tasks: 8478
Optimal assignment with minimum cost:
Solving time: 0.187875 seconds
plan limit 756
current timestep 740
num of flexible agents: 2500
num of flexible tasks: 8500
Optimal assignment with minimum cost:
Solving time: 0.205937 seconds
plan limit 736
current timestep 741
num of flexible agents: 2492
num of flexible tasks: 8492
Optimal assignment with minimum cost:
Solving time: 0.202303 seconds
plan limit 744
current timestep 742
num of flexible agents: 2498
num of flexible tasks: 8498
Optimal assignment with minimum cost:
Solving time: 0.198764 seconds
plan limit 743
current timestep 743
num of flexible agents: 2492
num of flexible tasks: 8492
Optimal assignment with minimum cost:
Solving time: 0.210416 seconds
plan limit 738
current timestep 744
num of flexible agents: 2499
num of flexible tasks: 8499
Optimal assignment with minimum cost:
Solving time: 0.208061 seconds
plan limit 735
current timestep 745
num of flexible agents: 2501
num of flexible tasks: 8501
Optimal assignment with minimum cost:
Solving time: 0.210461 seconds
plan limit 738
current timestep 746
num of flexible agents: 2504
num of flexible tasks: 8504
Optimal assignment with minimum cost:
Solving time: 0.213973 seconds
plan limit 732
current timestep 747
num of flexible agents: 2514
num of flexible tasks: 8514
Optimal assignment with minimum cost:
Solving time: 0.211754 seconds
plan limit 729
current timestep 748
num of flexible agents: 2519
num of flexible tasks: 8519
Optimal assignment with minimum cost:
Solving time: 0.226331 seconds
plan limit 716
current timestep 749
num of flexible agents: 2515
num of flexible tasks: 8515
Optimal assignment with minimum cost:
Solving time: 0.20934 seconds
plan limit 733
current timestep 750
num of flexible agents: 2531
num of flexible tasks: 8531
Optimal assignment with minimum cost:
Solving time: 0.203996 seconds
plan limit 743
current timestep 751
num of flexible agents: 2536
num of flexible tasks: 8536
Optimal assignment with minimum cost:
Solving time: 0.199062 seconds
plan limit 741
current timestep 752
num of flexible agents: 2543
num of flexible tasks: 8543
Optimal assignment with minimum cost:
Solving time: 0.206265 seconds
plan limit 735
current timestep 753
num of flexible agents: 2541
num of flexible tasks: 8541
Optimal assignment with minimum cost:
Solving time: 0.204515 seconds
plan limit 736
current timestep 754
num of flexible agents: 2545
num of flexible tasks: 8545
Optimal assignment with minimum cost:
Solving time: 0.215682 seconds
plan limit 726
current timestep 755
num of flexible agents: 2563
num of flexible tasks: 8563
Optimal assignment with minimum cost:
Solving time: 0.213319 seconds
plan limit 733
current timestep 756
num of flexible agents: 2575
num of flexible tasks: 8575
Optimal assignment with minimum cost:
Solving time: 0.20226 seconds
plan limit 739
current timestep 757
num of flexible agents: 2569
num of flexible tasks: 8569
Optimal assignment with minimum cost:
Solving time: 0.198632 seconds
plan limit 744
current timestep 758
num of flexible agents: 2567
num of flexible tasks: 8567
Optimal assignment with minimum cost:
Solving time: 0.201222 seconds
plan limit 745
current timestep 759
num of flexible agents: 2571
num of flexible tasks: 8571
Optimal assignment with minimum cost:
Solving time: 0.206943 seconds
plan limit 734
current timestep 760
num of flexible agents: 2576
num of flexible tasks: 8576
Optimal assignment with minimum cost:
Solving time: 0.205295 seconds
plan limit 743
current timestep 761
num of flexible agents: 2583
num of flexible tasks: 8583
Optimal assignment with minimum cost:
Solving time: 0.2091 seconds
plan limit 738
current timestep 762
num of flexible agents: 2582
num of flexible tasks: 8582
Optimal assignment with minimum cost:
Solving time: 0.19657 seconds
plan limit 745
current timestep 763
num of flexible agents: 2592
num of flexible tasks: 8592
Optimal assignment with minimum cost:
Solving time: 0.202387 seconds
plan limit 739
current timestep 764
num of flexible agents: 2593
num of flexible tasks: 8593
Optimal assignment with minimum cost:
Solving time: 0.197968 seconds
plan limit 750
current timestep 765
num of flexible agents: 2606
num of flexible tasks: 8606
Optimal assignment with minimum cost:
Solving time: 0.21004 seconds
plan limit 737
current timestep 766
num of flexible agents: 2621
num of flexible tasks: 8621
Optimal assignment with minimum cost:
Solving time: 0.203622 seconds
plan limit 738
current timestep 767
num of flexible agents: 2616
num of flexible tasks: 8616
Optimal assignment with minimum cost:
Solving time: 0.20026 seconds
plan limit 741
current timestep 768
num of flexible agents: 2630
num of flexible tasks: 8630
Optimal assignment with minimum cost:
Solving time: 0.202238 seconds
plan limit 738
current timestep 769
num of flexible agents: 2629
num of flexible tasks: 8629
Optimal assignment with minimum cost:
Solving time: 0.200539 seconds
plan limit 739
current timestep 770
num of flexible agents: 2621
num of flexible tasks: 8621
Optimal assignment with minimum cost:
Solving time: 0.202204 seconds
plan limit 738
current timestep 771
num of flexible agents: 2640
num of flexible tasks: 8640
Optimal assignment with minimum cost:
Solving time: 0.216737 seconds
plan limit 725
current timestep 772
num of flexible agents: 2637
num of flexible tasks: 8637
Optimal assignment with minimum cost:
Solving time: 0.201911 seconds
plan limit 746
current timestep 773
num of flexible agents: 2622
num of flexible tasks: 8622
Optimal assignment with minimum cost:
Solving time: 0.19748 seconds
plan limit 742
current timestep 774
num of flexible agents: 2626
num of flexible tasks: 8626
Optimal assignment with minimum cost:
Solving time: 0.211863 seconds
plan limit 730
current timestep 775
num of flexible agents: 2620
num of flexible tasks: 8620
Optimal assignment with minimum cost:
Solving time: 0.202654 seconds
plan limit 745
current timestep 776
num of flexible agents: 2617
num of flexible tasks: 8617
Optimal assignment with minimum cost:
Solving time: 0.211118 seconds
plan limit 737
current timestep 777
num of flexible agents: 2618
num of flexible tasks: 8618
Optimal assignment with minimum cost:
Solving time: 0.19831 seconds
plan limit 749
current timestep 778
num of flexible agents: 2619
num of flexible tasks: 8619
Optimal assignment with minimum cost:
Solving time: 0.210217 seconds
plan limit 737
current timestep 779
num of flexible agents: 2616
num of flexible tasks: 8616
Optimal assignment with minimum cost:
Solving time: 0.213196 seconds
plan limit 734
current timestep 780
num of flexible agents: 2621
num of flexible tasks: 8621
Optimal assignment with minimum cost:
Solving time: 0.201885 seconds
plan limit 746
current timestep 781
num of flexible agents: 2621
num of flexible tasks: 8621
Optimal assignment with minimum cost:
Solving time: 0.202124 seconds
plan limit 743
current timestep 782
num of flexible agents: 2622
num of flexible tasks: 8622
Optimal assignment with minimum cost:
Solving time: 0.199649 seconds
plan limit 748
current timestep 783
num of flexible agents: 2626
num of flexible tasks: 8626
Optimal assignment with minimum cost:
Solving time: 0.202898 seconds
plan limit 739
current timestep 784
num of flexible agents: 2635
num of flexible tasks: 8635
Optimal assignment with minimum cost:
Solving time: 0.219576 seconds
plan limit 727
current timestep 785
num of flexible agents: 2622
num of flexible tasks: 8622
Optimal assignment with minimum cost:
Solving time: 0.205059 seconds
plan limit 743
current timestep 786
num of flexible agents: 2612
num of flexible tasks: 8612
Optimal assignment with minimum cost:
Solving time: 0.205413 seconds
plan limit 742
current timestep 787
num of flexible agents: 2632
num of flexible tasks: 8632
Optimal assignment with minimum cost:
Solving time: 0.215089 seconds
plan limit 731
current timestep 788
num of flexible agents: 2640
num of flexible tasks: 8640
Optimal assignment with minimum cost:
Solving time: 0.206678 seconds
plan limit 741
current timestep 789
num of flexible agents: 2640
num of flexible tasks: 8640
Optimal assignment with minimum cost:
Solving time: 0.204579 seconds
plan limit 743
current timestep 790
num of flexible agents: 2638
num of flexible tasks: 8638
Optimal assignment with minimum cost:
Solving time: 0.196447 seconds
plan limit 749
current timestep 791
num of flexible agents: 2631
num of flexible tasks: 8631
Optimal assignment with minimum cost:
Solving time: 0.205519 seconds
plan limit 742
current timestep 792
num of flexible agents: 2646
num of flexible tasks: 8646
Optimal assignment with minimum cost:
Solving time: 0.203552 seconds
plan limit 738
current timestep 793
num of flexible agents: 2640
num of flexible tasks: 8640
Optimal assignment with minimum cost:
Solving time: 0.191443 seconds
plan limit 750
current timestep 794
num of flexible agents: 2635
num of flexible tasks: 8635
Optimal assignment with minimum cost:
Solving time: 0.199683 seconds
plan limit 747
current timestep 795
num of flexible agents: 2629
num of flexible tasks: 8629
Optimal assignment with minimum cost:
Solving time: 0.189022 seconds
plan limit 759
current timestep 796
num of flexible agents: 2636
num of flexible tasks: 8636
Optimal assignment with minimum cost:
Solving time: 0.193208 seconds
plan limit 755
current timestep 797
num of flexible agents: 2638
num of flexible tasks: 8638
Optimal assignment with minimum cost:
Solving time: 0.193999 seconds
plan limit 754
current timestep 798
num of flexible agents: 2649
num of flexible tasks: 8649
Optimal assignment with minimum cost:
Solving time: 0.188616 seconds
plan limit 759
current timestep 799
num of flexible agents: 2657
num of flexible tasks: 8657
Optimal assignment with minimum cost:
Solving time: 0.185213 seconds
plan limit 762
current timestep 800
num of flexible agents: 2660
num of flexible tasks: 8660
Optimal assignment with minimum cost:
Solving time: 0.186647 seconds
plan limit 761
current timestep 801
num of flexible agents: 2649
num of flexible tasks: 8649
Optimal assignment with minimum cost:
Solving time: 0.188105 seconds
plan limit 760
current timestep 802
num of flexible agents: 2649
num of flexible tasks: 8649
Optimal assignment with minimum cost:
Solving time: 0.178182 seconds
plan limit 760
current timestep 803
num of flexible agents: 2643
num of flexible tasks: 8643
Optimal assignment with minimum cost:
Solving time: 0.190645 seconds
plan limit 757
current timestep 804
num of flexible agents: 2623
num of flexible tasks: 8623
Optimal assignment with minimum cost:
Solving time: 0.182972 seconds
plan limit 764
current timestep 805
num of flexible agents: 2613
num of flexible tasks: 8613
Optimal assignment with minimum cost:
Solving time: 0.190743 seconds
plan limit 757
current timestep 806
num of flexible agents: 2611
num of flexible tasks: 8611
Optimal assignment with minimum cost:
Solving time: 0.19108 seconds
plan limit 756
current timestep 807
num of flexible agents: 2620
num of flexible tasks: 8620
Optimal assignment with minimum cost:
Solving time: 0.189109 seconds
plan limit 757
current timestep 808
num of flexible agents: 2624
num of flexible tasks: 8624
Optimal assignment with minimum cost:
Solving time: 0.19932 seconds
plan limit 741
current timestep 809
num of flexible agents: 2631
num of flexible tasks: 8631
Optimal assignment with minimum cost:
Solving time: 0.191281 seconds
plan limit 749
current timestep 810
num of flexible agents: 2636
num of flexible tasks: 8636
Optimal assignment with minimum cost:
Solving time: 0.193633 seconds
plan limit 753
current timestep 811
num of flexible agents: 2624
num of flexible tasks: 8624
Optimal assignment with minimum cost:
Solving time: 0.183874 seconds
plan limit 764
current timestep 812
num of flexible agents: 2627
num of flexible tasks: 8627
Optimal assignment with minimum cost:
Solving time: 0.189183 seconds
plan limit 758
current timestep 813
num of flexible agents: 2623
num of flexible tasks: 8623
Optimal assignment with minimum cost:
Solving time: 0.195087 seconds
plan limit 752
current timestep 814
num of flexible agents: 2624
num of flexible tasks: 8624
Optimal assignment with minimum cost:
Solving time: 0.187912 seconds
plan limit 759
current timestep 815
num of flexible agents: 2635
num of flexible tasks: 8635
Optimal assignment with minimum cost:
Solving time: 0.187495 seconds
plan limit 759
current timestep 816
num of flexible agents: 2630
num of flexible tasks: 8630
Optimal assignment with minimum cost:
Solving time: 0.195207 seconds
plan limit 752
current timestep 817
num of flexible agents: 2634
num of flexible tasks: 8634
Optimal assignment with minimum cost:
Solving time: 0.192678 seconds
plan limit 754
current timestep 818
num of flexible agents: 2628
num of flexible tasks: 8628
Optimal assignment with minimum cost:
Solving time: 0.189428 seconds
plan limit 756
current timestep 819
num of flexible agents: 2626
num of flexible tasks: 8626
Optimal assignment with minimum cost:
Solving time: 0.188122 seconds
plan limit 759
current timestep 820
num of flexible agents: 2628
num of flexible tasks: 8628
Optimal assignment with minimum cost:
Solving time: 0.19488 seconds
plan limit 752
current timestep 821
num of flexible agents: 2622
num of flexible tasks: 8622
Optimal assignment with minimum cost:
Solving time: 0.192231 seconds
plan limit 755
current timestep 822
num of flexible agents: 2620
num of flexible tasks: 8620
Optimal assignment with minimum cost:
Solving time: 0.191723 seconds
plan limit 756
current timestep 823
num of flexible agents: 2624
num of flexible tasks: 8624
Optimal assignment with minimum cost:
Solving time: 0.183733 seconds
plan limit 762
current timestep 824
num of flexible agents: 2632
num of flexible tasks: 8632
Optimal assignment with minimum cost:
Solving time: 0.200167 seconds
plan limit 747
current timestep 825
num of flexible agents: 2622
num of flexible tasks: 8622
Optimal assignment with minimum cost:
Solving time: 0.190435 seconds
plan limit 756
current timestep 826
num of flexible agents: 2628
num of flexible tasks: 8628
Optimal assignment with minimum cost:
Solving time: 0.203128 seconds
plan limit 741
current timestep 827
num of flexible agents: 2639
num of flexible tasks: 8639
Optimal assignment with minimum cost:
Solving time: 0.194022 seconds
plan limit 752
current timestep 828
num of flexible agents: 2643
num of flexible tasks: 8643
Optimal assignment with minimum cost:
Solving time: 0.196348 seconds
plan limit 751
current timestep 829
num of flexible agents: 2642
num of flexible tasks: 8642
Optimal assignment with minimum cost:
Solving time: 0.198033 seconds
plan limit 749
current timestep 830
num of flexible agents: 2649
num of flexible tasks: 8649
Optimal assignment with minimum cost:
Solving time: 0.188665 seconds
plan limit 758
current timestep 831
num of flexible agents: 2639
num of flexible tasks: 8639
Optimal assignment with minimum cost:
Solving time: 0.190968 seconds
plan limit 755
current timestep 832
num of flexible agents: 2652
num of flexible tasks: 8652
Optimal assignment with minimum cost:
Solving time: 0.196539 seconds
plan limit 751
current timestep 833
num of flexible agents: 2647
num of flexible tasks: 8647
Optimal assignment with minimum cost:
Solving time: 0.195448 seconds
plan limit 752
current timestep 834
num of flexible agents: 2659
num of flexible tasks: 8659
Optimal assignment with minimum cost:
Solving time: 0.2014 seconds
plan limit 745
current timestep 835
num of flexible agents: 2659
num of flexible tasks: 8659
Optimal assignment with minimum cost:
Solving time: 0.192518 seconds
plan limit 755
current timestep 836
num of flexible agents: 2663
num of flexible tasks: 8663
Optimal assignment with minimum cost:
Solving time: 0.190642 seconds
plan limit 755
current timestep 837
num of flexible agents: 2666
num of flexible tasks: 8666
Optimal assignment with minimum cost:
Solving time: 0.194306 seconds
plan limit 752
current timestep 838
num of flexible agents: 2667
num of flexible tasks: 8667
Optimal assignment with minimum cost:
Solving time: 0.194012 seconds
plan limit 753
current timestep 839
num of flexible agents: 2679
num of flexible tasks: 8679
Optimal assignment with minimum cost:
Solving time: 0.190022 seconds
plan limit 756
current timestep 840
num of flexible agents: 2689
num of flexible tasks: 8689
Optimal assignment with minimum cost:
Solving time: 0.197066 seconds
plan limit 749
current timestep 841
num of flexible agents: 2689
num of flexible tasks: 8689
Optimal assignment with minimum cost:
Solving time: 0.187566 seconds
plan limit 759
current timestep 842
num of flexible agents: 2695
num of flexible tasks: 8695
Optimal assignment with minimum cost:
Solving time: 0.19981 seconds
plan limit 747
current timestep 843
num of flexible agents: 2679
num of flexible tasks: 8679
Optimal assignment with minimum cost:
Solving time: 0.188046 seconds
plan limit 752
current timestep 844
num of flexible agents: 2682
num of flexible tasks: 8682
Optimal assignment with minimum cost:
Solving time: 0.188228 seconds
plan limit 759
current timestep 845
num of flexible agents: 2692
num of flexible tasks: 8692
Optimal assignment with minimum cost:
Solving time: 0.19891 seconds
plan limit 747
current timestep 846
num of flexible agents: 2686
num of flexible tasks: 8686
Optimal assignment with minimum cost:
Solving time: 0.18691 seconds
plan limit 760
current timestep 847
num of flexible agents: 2696
num of flexible tasks: 8696
Optimal assignment with minimum cost:
Solving time: 0.188821 seconds
plan limit 757
current timestep 848
num of flexible agents: 2685
num of flexible tasks: 8685
Optimal assignment with minimum cost:
Solving time: 0.195282 seconds
plan limit 751
current timestep 849
num of flexible agents: 2691
num of flexible tasks: 8691
Optimal assignment with minimum cost:
Solving time: 0.193056 seconds
plan limit 754
current timestep 850
num of flexible agents: 2685
num of flexible tasks: 8685
Optimal assignment with minimum cost:
Solving time: 0.198985 seconds
plan limit 747
current timestep 851
num of flexible agents: 2691
num of flexible tasks: 8691
Optimal assignment with minimum cost:
Solving time: 0.194995 seconds
plan limit 751
current timestep 852
num of flexible agents: 2711
num of flexible tasks: 8711
Optimal assignment with minimum cost:
Solving time: 0.195516 seconds
plan limit 750
current timestep 853
num of flexible agents: 2729
num of flexible tasks: 8729
Optimal assignment with minimum cost:
Solving time: 0.195078 seconds
plan limit 751
current timestep 854
num of flexible agents: 2728
num of flexible tasks: 8728
Optimal assignment with minimum cost:
Solving time: 0.194474 seconds
plan limit 752
current timestep 855
num of flexible agents: 2738
num of flexible tasks: 8738
Optimal assignment with minimum cost:
Solving time: 0.18972 seconds
plan limit 757
current timestep 856
num of flexible agents: 2750
num of flexible tasks: 8750
Optimal assignment with minimum cost:
Solving time: 0.203427 seconds
plan limit 735
current timestep 857
num of flexible agents: 2751
num of flexible tasks: 8751
Optimal assignment with minimum cost:
Solving time: 0.211655 seconds
plan limit 728
current timestep 858
num of flexible agents: 2754
num of flexible tasks: 8754
Optimal assignment with minimum cost:
Solving time: 0.203476 seconds
plan limit 743
current timestep 859
num of flexible agents: 2755
num of flexible tasks: 8755
Optimal assignment with minimum cost:
Solving time: 0.194726 seconds
plan limit 743
current timestep 860
num of flexible agents: 2766
num of flexible tasks: 8766
Optimal assignment with minimum cost:
Solving time: 0.198428 seconds
plan limit 748
current timestep 861
num of flexible agents: 2758
num of flexible tasks: 8758
Optimal assignment with minimum cost:
Solving time: 0.205392 seconds
plan limit 739
current timestep 862
num of flexible agents: 2765
num of flexible tasks: 8765
Optimal assignment with minimum cost:
Solving time: 0.196984 seconds
plan limit 749
current timestep 863
num of flexible agents: 2757
num of flexible tasks: 8757
Optimal assignment with minimum cost:
Solving time: 0.19916 seconds
plan limit 745
current timestep 864
num of flexible agents: 2755
num of flexible tasks: 8755
Optimal assignment with minimum cost:
Solving time: 0.200955 seconds
plan limit 745
current timestep 865
num of flexible agents: 2771
num of flexible tasks: 8771
Optimal assignment with minimum cost:
Solving time: 0.193816 seconds
plan limit 745
current timestep 866
num of flexible agents: 2779
num of flexible tasks: 8779
Optimal assignment with minimum cost:
Solving time: 0.211085 seconds
plan limit 734
current timestep 867
num of flexible agents: 2783
num of flexible tasks: 8783
Optimal assignment with minimum cost:
Solving time: 0.19184 seconds
plan limit 754
current timestep 868
num of flexible agents: 2788
num of flexible tasks: 8788
Optimal assignment with minimum cost:
Solving time: 0.19915 seconds
plan limit 739
current timestep 869
num of flexible agents: 2792
num of flexible tasks: 8792
Optimal assignment with minimum cost:
Solving time: 0.211077 seconds
plan limit 734
current timestep 870
num of flexible agents: 2803
num of flexible tasks: 8803
Optimal assignment with minimum cost:
Solving time: 0.202921 seconds
plan limit 734
current timestep 871
num of flexible agents: 2796
num of flexible tasks: 8796
Optimal assignment with minimum cost:
Solving time: 0.199734 seconds
plan limit 744
current timestep 872
num of flexible agents: 2784
num of flexible tasks: 8784
Optimal assignment with minimum cost:
Solving time: 0.19878 seconds
plan limit 747
current timestep 873
num of flexible agents: 2780
num of flexible tasks: 8780
Optimal assignment with minimum cost:
Solving time: 0.19949 seconds
plan limit 747
current timestep 874
num of flexible agents: 2788
num of flexible tasks: 8788
Optimal assignment with minimum cost:
Solving time: 0.204811 seconds
plan limit 741
current timestep 875
num of flexible agents: 2784
num of flexible tasks: 8784
Optimal assignment with minimum cost:
Solving time: 0.200086 seconds
plan limit 744
current timestep 876
num of flexible agents: 2782
num of flexible tasks: 8782
Optimal assignment with minimum cost:
Solving time: 0.204413 seconds
plan limit 742
current timestep 877
num of flexible agents: 2786
num of flexible tasks: 8786
Optimal assignment with minimum cost:
Solving time: 0.202555 seconds
plan limit 744
current timestep 878
num of flexible agents: 2781
num of flexible tasks: 8781
Optimal assignment with minimum cost:
Solving time: 0.207816 seconds
plan limit 738
current timestep 879
num of flexible agents: 2791
num of flexible tasks: 8791
Optimal assignment with minimum cost:
Solving time: 0.201198 seconds
plan limit 743
current timestep 880
num of flexible agents: 2788
num of flexible tasks: 8788
Optimal assignment with minimum cost:
Solving time: 0.194512 seconds
plan limit 750
current timestep 881
num of flexible agents: 2786
num of flexible tasks: 8786
Optimal assignment with minimum cost:
Solving time: 0.186314 seconds
plan limit 760
current timestep 882
num of flexible agents: 2785
num of flexible tasks: 8785
Optimal assignment with minimum cost:
Solving time: 0.199589 seconds
plan limit 746
current timestep 883
num of flexible agents: 2801
num of flexible tasks: 8801
Optimal assignment with minimum cost:
Solving time: 0.195425 seconds
plan limit 750
current timestep 884
num of flexible agents: 2810
num of flexible tasks: 8810
Optimal assignment with minimum cost:
Solving time: 0.191632 seconds
plan limit 754
current timestep 885
num of flexible agents: 2820
num of flexible tasks: 8820
Optimal assignment with minimum cost:
Solving time: 0.208543 seconds
plan limit 737
current timestep 886
num of flexible agents: 2817
num of flexible tasks: 8817
Optimal assignment with minimum cost:
Solving time: 0.190092 seconds
plan limit 755
current timestep 887
num of flexible agents: 2834
num of flexible tasks: 8834
Optimal assignment with minimum cost:
Solving time: 0.2074 seconds
plan limit 736
current timestep 888
num of flexible agents: 2820
num of flexible tasks: 8820
Optimal assignment with minimum cost:
Solving time: 0.193025 seconds
plan limit 751
current timestep 889
num of flexible agents: 2830
num of flexible tasks: 8830
Optimal assignment with minimum cost:
Solving time: 0.198407 seconds
plan limit 747
current timestep 890
num of flexible agents: 2846
num of flexible tasks: 8846
Optimal assignment with minimum cost:
Solving time: 0.200292 seconds
plan limit 744
current timestep 891
num of flexible agents: 2857
num of flexible tasks: 8857
Optimal assignment with minimum cost:
Solving time: 0.195621 seconds
plan limit 751
current timestep 892
num of flexible agents: 2853
num of flexible tasks: 8853
Optimal assignment with minimum cost:
Solving time: 0.199939 seconds
plan limit 746
current timestep 893
num of flexible agents: 2846
num of flexible tasks: 8846
Optimal assignment with minimum cost:
Solving time: 0.200761 seconds
plan limit 746
current timestep 894
num of flexible agents: 2850
num of flexible tasks: 8850
Optimal assignment with minimum cost:
Solving time: 0.194765 seconds
plan limit 741
current timestep 895
num of flexible agents: 2847
num of flexible tasks: 8847
Optimal assignment with minimum cost:
Solving time: 0.207933 seconds
plan limit 736
current timestep 896
num of flexible agents: 2848
num of flexible tasks: 8848
Optimal assignment with minimum cost:
Solving time: 0.209227 seconds
plan limit 737
current timestep 897
num of flexible agents: 2842
num of flexible tasks: 8842
Optimal assignment with minimum cost:
Solving time: 0.220217 seconds
plan limit 726
current timestep 898
num of flexible agents: 2834
num of flexible tasks: 8834
Optimal assignment with minimum cost:
Solving time: 0.210462 seconds
plan limit 736
current timestep 899
num of flexible agents: 2845
num of flexible tasks: 8845
Optimal assignment with minimum cost:
Solving time: 0.199982 seconds
plan limit 745
current timestep 900
num of flexible agents: 2843
num of flexible tasks: 8843
Optimal assignment with minimum cost:
Solving time: 0.197564 seconds
plan limit 741
current timestep 901
num of flexible agents: 2835
num of flexible tasks: 8835
Optimal assignment with minimum cost:
Solving time: 0.205885 seconds
plan limit 733
current timestep 902
num of flexible agents: 2837
num of flexible tasks: 8837
Optimal assignment with minimum cost:
Solving time: 0.199566 seconds
plan limit 738
current timestep 903
num of flexible agents: 2833
num of flexible tasks: 8833
Optimal assignment with minimum cost:
Solving time: 0.199873 seconds
plan limit 736
current timestep 904
num of flexible agents: 2825
num of flexible tasks: 8825
Optimal assignment with minimum cost:
Solving time: 0.204997 seconds
plan limit 740
current timestep 905
num of flexible agents: 2832
num of flexible tasks: 8832
Optimal assignment with minimum cost:
Solving time: 0.206185 seconds
plan limit 740
current timestep 906
num of flexible agents: 2807
num of flexible tasks: 8807
Optimal assignment with minimum cost:
Solving time: 0.197817 seconds
plan limit 748
current timestep 907
num of flexible agents: 2811
num of flexible tasks: 8811
Optimal assignment with minimum cost:
Solving time: 0.20286 seconds
plan limit 742
current timestep 908
num of flexible agents: 2810
num of flexible tasks: 8810
Optimal assignment with minimum cost:
Solving time: 0.194006 seconds
plan limit 752
current timestep 909
num of flexible agents: 2815
num of flexible tasks: 8815
Optimal assignment with minimum cost:
Solving time: 0.196665 seconds
plan limit 748
current timestep 910
num of flexible agents: 2798
num of flexible tasks: 8798
Optimal assignment with minimum cost:
Solving time: 0.202328 seconds
plan limit 744
current timestep 911
num of flexible agents: 2794
num of flexible tasks: 8794
Optimal assignment with minimum cost:
Solving time: 0.202223 seconds
plan limit 742
current timestep 912
num of flexible agents: 2791
num of flexible tasks: 8791
Optimal assignment with minimum cost:
Solving time: 0.19441 seconds
plan limit 750
current timestep 913
num of flexible agents: 2795
num of flexible tasks: 8795
Optimal assignment with minimum cost:
Solving time: 0.212603 seconds
plan limit 734
current timestep 914
num of flexible agents: 2792
num of flexible tasks: 8792
Optimal assignment with minimum cost:
Solving time: 0.201495 seconds
plan limit 745
current timestep 915
num of flexible agents: 2798
num of flexible tasks: 8798
Optimal assignment with minimum cost:
Solving time: 0.198123 seconds
plan limit 748
current timestep 916
num of flexible agents: 2808
num of flexible tasks: 8808
Optimal assignment with minimum cost:
Solving time: 0.200929 seconds
plan limit 744
current timestep 917
num of flexible agents: 2803
num of flexible tasks: 8803
Optimal assignment with minimum cost:
Solving time: 0.203325 seconds
plan limit 741
current timestep 918
num of flexible agents: 2797
num of flexible tasks: 8797
Optimal assignment with minimum cost:
Solving time: 0.20185 seconds
plan limit 744
current timestep 919
num of flexible agents: 2794
num of flexible tasks: 8794
Optimal assignment with minimum cost:
Solving time: 0.207114 seconds
plan limit 736
current timestep 920
num of flexible agents: 2792
num of flexible tasks: 8792
Optimal assignment with minimum cost:
Solving time: 0.204652 seconds
plan limit 741
current timestep 921
num of flexible agents: 2784
num of flexible tasks: 8784
Optimal assignment with minimum cost:
Solving time: 0.186079 seconds
plan limit 758
current timestep 922
num of flexible agents: 2788
num of flexible tasks: 8788
Optimal assignment with minimum cost:
Solving time: 0.209383 seconds
plan limit 737
current timestep 923
num of flexible agents: 2774
num of flexible tasks: 8774
Optimal assignment with minimum cost:
Solving time: 0.210875 seconds
plan limit 735
current timestep 924
num of flexible agents: 2762
num of flexible tasks: 8762
Optimal assignment with minimum cost:
Solving time: 0.194208 seconds
plan limit 751
current timestep 925
num of flexible agents: 2776
num of flexible tasks: 8776
Optimal assignment with minimum cost:
Solving time: 0.20853 seconds
plan limit 738
current timestep 926
num of flexible agents: 2760
num of flexible tasks: 8760
Optimal assignment with minimum cost:
Solving time: 0.1918 seconds
plan limit 755
current timestep 927
num of flexible agents: 2752
num of flexible tasks: 8752
Optimal assignment with minimum cost:
Solving time: 0.197943 seconds
plan limit 746
current timestep 928
num of flexible agents: 2763
num of flexible tasks: 8763
Optimal assignment with minimum cost:
Solving time: 0.205185 seconds
plan limit 741
current timestep 929
num of flexible agents: 2757
num of flexible tasks: 8757
Optimal assignment with minimum cost:
Solving time: 0.190843 seconds
plan limit 756
current timestep 930
num of flexible agents: 2757
num of flexible tasks: 8757
Optimal assignment with minimum cost:
Solving time: 0.206384 seconds
plan limit 740
current timestep 931
num of flexible agents: 2749
num of flexible tasks: 8749
Optimal assignment with minimum cost:
Solving time: 0.196076 seconds
plan limit 750
current timestep 932
num of flexible agents: 2761
num of flexible tasks: 8761
Optimal assignment with minimum cost:
Solving time: 0.204615 seconds
plan limit 741
current timestep 933
num of flexible agents: 2752
num of flexible tasks: 8752
Optimal assignment with minimum cost:
Solving time: 0.203245 seconds
plan limit 741
current timestep 934
num of flexible agents: 2751
num of flexible tasks: 8751
Optimal assignment with minimum cost:
Solving time: 0.202272 seconds
plan limit 744
current timestep 935
num of flexible agents: 2745
num of flexible tasks: 8745
Optimal assignment with minimum cost:
Solving time: 0.198158 seconds
plan limit 746
current timestep 936
num of flexible agents: 2749
num of flexible tasks: 8749
Optimal assignment with minimum cost:
Solving time: 0.203568 seconds
plan limit 743
current timestep 937
num of flexible agents: 2753
num of flexible tasks: 8753
Optimal assignment with minimum cost:
Solving time: 0.188898 seconds
plan limit 757
current timestep 938
num of flexible agents: 2762
num of flexible tasks: 8762
Optimal assignment with minimum cost:
Solving time: 0.200672 seconds
plan limit 744
current timestep 939
num of flexible agents: 2761
num of flexible tasks: 8761
Optimal assignment with minimum cost:
Solving time: 0.191816 seconds
plan limit 755
current timestep 940
num of flexible agents: 2762
num of flexible tasks: 8762
Optimal assignment with minimum cost:
Solving time: 0.193074 seconds
plan limit 752
current timestep 941
num of flexible agents: 2766
num of flexible tasks: 8766
Optimal assignment with minimum cost:
Solving time: 0.200621 seconds
plan limit 746
current timestep 942
num of flexible agents: 2757
num of flexible tasks: 8757
Optimal assignment with minimum cost:
Solving time: 0.191927 seconds
plan limit 754
current timestep 943
num of flexible agents: 2754
num of flexible tasks: 8754
Optimal assignment with minimum cost:
Solving time: 0.195215 seconds
plan limit 751
current timestep 944
num of flexible agents: 2761
num of flexible tasks: 8761
Optimal assignment with minimum cost:
Solving time: 0.199049 seconds
plan limit 746
current timestep 945
num of flexible agents: 2764
num of flexible tasks: 8764
Optimal assignment with minimum cost:
Solving time: 0.197633 seconds
plan limit 748
current timestep 946
num of flexible agents: 2765
num of flexible tasks: 8765
Optimal assignment with minimum cost:
Solving time: 0.194248 seconds
plan limit 749
current timestep 947
num of flexible agents: 2787
num of flexible tasks: 8787
Optimal assignment with minimum cost:
Solving time: 0.195334 seconds
plan limit 748
current timestep 948
num of flexible agents: 2794
num of flexible tasks: 8794
Optimal assignment with minimum cost:
Solving time: 0.196993 seconds
plan limit 749
current timestep 949
num of flexible agents: 2795
num of flexible tasks: 8795
Optimal assignment with minimum cost:
Solving time: 0.194013 seconds
plan limit 751
current timestep 950
num of flexible agents: 2803
num of flexible tasks: 8803
Optimal assignment with minimum cost:
Solving time: 0.196377 seconds
plan limit 749
current timestep 951
num of flexible agents: 2798
num of flexible tasks: 8798
Optimal assignment with minimum cost:
Solving time: 0.202991 seconds
plan limit 741
current timestep 952
num of flexible agents: 2791
num of flexible tasks: 8791
Optimal assignment with minimum cost:
Solving time: 0.210892 seconds
plan limit 724
current timestep 953
num of flexible agents: 2800
num of flexible tasks: 8800
Optimal assignment with minimum cost:
Solving time: 0.201642 seconds
plan limit 744
current timestep 954
num of flexible agents: 2797
num of flexible tasks: 8797
Optimal assignment with minimum cost:
Solving time: 0.202202 seconds
plan limit 744
current timestep 955
num of flexible agents: 2808
num of flexible tasks: 8808
Optimal assignment with minimum cost:
Solving time: 0.189465 seconds
plan limit 754
current timestep 956
num of flexible agents: 2800
num of flexible tasks: 8800
Optimal assignment with minimum cost:
Solving time: 0.200143 seconds
plan limit 746
current timestep 957
num of flexible agents: 2803
num of flexible tasks: 8803
Optimal assignment with minimum cost:
Solving time: 0.202558 seconds
plan limit 743
current timestep 958
num of flexible agents: 2802
num of flexible tasks: 8802
Optimal assignment with minimum cost:
Solving time: 0.199769 seconds
plan limit 746
current timestep 959
num of flexible agents: 2812
num of flexible tasks: 8812
Optimal assignment with minimum cost:
Solving time: 0.192352 seconds
plan limit 754
current timestep 960
num of flexible agents: 2816
num of flexible tasks: 8816
Optimal assignment with minimum cost:
Solving time: 0.207111 seconds
plan limit 739
current timestep 961
num of flexible agents: 2832
num of flexible tasks: 8832
Optimal assignment with minimum cost:
Solving time: 0.19217 seconds
plan limit 752
current timestep 962
num of flexible agents: 2828
num of flexible tasks: 8828
Optimal assignment with minimum cost:
Solving time: 0.203829 seconds
plan limit 739
current timestep 963
num of flexible agents: 2838
num of flexible tasks: 8838
Optimal assignment with minimum cost:
Solving time: 0.208026 seconds
plan limit 737
current timestep 964
num of flexible agents: 2860
num of flexible tasks: 8860
Optimal assignment with minimum cost:
Solving time: 0.19299 seconds
plan limit 753
current timestep 965
num of flexible agents: 2853
num of flexible tasks: 8853
Optimal assignment with minimum cost:
Solving time: 0.205785 seconds
plan limit 739
current timestep 966
num of flexible agents: 2850
num of flexible tasks: 8850
Optimal assignment with minimum cost:
Solving time: 0.19198 seconds
plan limit 753
current timestep 967
num of flexible agents: 2855
num of flexible tasks: 8855
Optimal assignment with minimum cost:
Solving time: 0.188248 seconds
plan limit 757
current timestep 968
num of flexible agents: 2859
num of flexible tasks: 8859
Optimal assignment with minimum cost:
Solving time: 0.202169 seconds
plan limit 743
current timestep 969
num of flexible agents: 2860
num of flexible tasks: 8860
Optimal assignment with minimum cost:
Solving time: 0.186793 seconds
plan limit 758
current timestep 970
num of flexible agents: 2859
num of flexible tasks: 8859
Optimal assignment with minimum cost:
Solving time: 0.190942 seconds
plan limit 753
current timestep 971
num of flexible agents: 2846
num of flexible tasks: 8846
Optimal assignment with minimum cost:
Solving time: 0.205168 seconds
plan limit 739
current timestep 972
num of flexible agents: 2842
num of flexible tasks: 8842
Optimal assignment with minimum cost:
Solving time: 0.196535 seconds
plan limit 749
current timestep 973
num of flexible agents: 2824
num of flexible tasks: 8824
Optimal assignment with minimum cost:
Solving time: 0.200722 seconds
plan limit 745
current timestep 974
num of flexible agents: 2832
num of flexible tasks: 8832
Optimal assignment with minimum cost:
Solving time: 0.189423 seconds
plan limit 749
current timestep 975
num of flexible agents: 2827
num of flexible tasks: 8827
Optimal assignment with minimum cost:
Solving time: 0.193961 seconds
plan limit 752
current timestep 976
num of flexible agents: 2828
num of flexible tasks: 8828
Optimal assignment with minimum cost:
Solving time: 0.204352 seconds
plan limit 741
current timestep 977
num of flexible agents: 2833
num of flexible tasks: 8833
Optimal assignment with minimum cost:
Solving time: 0.193104 seconds
plan limit 753
current timestep 978
num of flexible agents: 2842
num of flexible tasks: 8842
Optimal assignment with minimum cost:
Solving time: 0.192379 seconds
plan limit 742
current timestep 979
num of flexible agents: 2851
num of flexible tasks: 8851
Optimal assignment with minimum cost:
Solving time: 0.201167 seconds
plan limit 743
current timestep 980
num of flexible agents: 2859
num of flexible tasks: 8859
Optimal assignment with minimum cost:
Solving time: 0.194173 seconds
plan limit 752
current timestep 981
num of flexible agents: 2853
num of flexible tasks: 8853
Optimal assignment with minimum cost:
Solving time: 0.206538 seconds
plan limit 739
current timestep 982
num of flexible agents: 2849
num of flexible tasks: 8849
Optimal assignment with minimum cost:
Solving time: 0.192498 seconds
plan limit 753
current timestep 983
num of flexible agents: 2837
num of flexible tasks: 8837
Optimal assignment with minimum cost:
Solving time: 0.190253 seconds
plan limit 753
current timestep 984
num of flexible agents: 2833
num of flexible tasks: 8833
Optimal assignment with minimum cost:
Solving time: 0.208621 seconds
plan limit 737
current timestep 985
num of flexible agents: 2830
num of flexible tasks: 8830
Optimal assignment with minimum cost:
Solving time: 0.193474 seconds
plan limit 753
current timestep 986
num of flexible agents: 2833
num of flexible tasks: 8833
Optimal assignment with minimum cost:
Solving time: 0.194009 seconds
plan limit 750
current timestep 987
num of flexible agents: 2839
num of flexible tasks: 8839
Optimal assignment with minimum cost:
Solving time: 0.198305 seconds
plan limit 747
current timestep 988
num of flexible agents: 2850
num of flexible tasks: 8850
Optimal assignment with minimum cost:
Solving time: 0.195818 seconds
plan limit 749
current timestep 989
num of flexible agents: 2827
num of flexible tasks: 8827
Optimal assignment with minimum cost:
Solving time: 0.206381 seconds
plan limit 739
current timestep 990
num of flexible agents: 2827
num of flexible tasks: 8827
Optimal assignment with minimum cost:
Solving time: 0.197202 seconds
plan limit 745
current timestep 991
num of flexible agents: 2837
num of flexible tasks: 8837
Optimal assignment with minimum cost:
Solving time: 0.205284 seconds
plan limit 741
current timestep 992
num of flexible agents: 2836
num of flexible tasks: 8836
Optimal assignment with minimum cost:
Solving time: 0.2133 seconds
plan limit 732
current timestep 993
num of flexible agents: 2835
num of flexible tasks: 8835
Optimal assignment with minimum cost:
Solving time: 0.199042 seconds
plan limit 747
current timestep 994
num of flexible agents: 2829
num of flexible tasks: 8829
Optimal assignment with minimum cost:
Solving time: 0.201999 seconds
plan limit 743
current timestep 995
num of flexible agents: 2842
num of flexible tasks: 8842
Optimal assignment with minimum cost:
Solving time: 0.2169 seconds
plan limit 729
current timestep 996
num of flexible agents: 2851
num of flexible tasks: 8851
Optimal assignment with minimum cost:
Solving time: 0.202194 seconds
plan limit 743
current timestep 997
num of flexible agents: 2864
num of flexible tasks: 8864
Optimal assignment with minimum cost:
Solving time: 0.205197 seconds
plan limit 739
current timestep 998
num of flexible agents: 2859
num of flexible tasks: 8859
Optimal assignment with minimum cost:
Solving time: 0.203928 seconds
plan limit 740
current timestep 999
num of flexible agents: 2862
num of flexible tasks: 8862
Optimal assignment with minimum cost:
Solving time: 0.206641 seconds
plan limit 731
