task_id,revealed_at,first_assigned_at,picked_up_at,completed_at,first_agent,reassignments,pickup_distance_at_assignment,service_shortest_distance,empty_distance,loaded_distance,active_wait_steps,assignment_wait,pickup_wait,completion_time,loaded_detour_ratio
0,0,2,107,154,540,55,1,27,52,35,39,2,107,154,1.296296
1,0,16,624,705,316,78,4,43,64,61,58,16,624,705,1.418605
2,0,615,631,735,528,0,18,54,2,72,32,615,631,735,1.333333
3,0,1,1,39,465,0,0,33,0,35,3,1,1,39,1.060606
4,0,2,83,137,581,36,9,30,42,50,28,2,83,137,1.666667
5,0,1,1,36,149,0,0,19,0,25,10,1,1,36,1.315789
6,0,1,47,130,590,0,8,29,16,73,12,1,47,130,2.517241
7,0,1,6,39,125,0,5,15,5,21,12,1,6,39,1.400000
8,0,1,48,109,579,17,2,24,29,56,19,1,48,109,2.333333
9,0,46,143,229,577,46,21,35,43,75,33,46,143,229,2.142857
10,0,78,89,178,531,5,12,40,6,78,14,78,89,178,1.950000
11,0,40,87,174,243,34,20,47,35,79,16,40,87,174,1.680851
12,0,1,17,95,416,7,4,28,14,62,16,1,17,95,2.214286
13,0,1,21,121,225,10,3,29,12,81,27,1,21,121,2.793103
14,0,29,216,261,347,44,6,45,56,45,30,29,216,261,1.000000
15,0,1,6,19,16,1,16,10,5,12,1,1,6,19,1.200000
16,0,501,-1,-1,525,13,16,43,33,0,2,501,-1,-1,0.000000
17,0,1,2,56,423,0,1,27,1,53,1,1,2,56,1.962963
18,0,1,3,29,196,0,2,22,2,22,4,1,3,29,1.000000
19,0,1,9,57,396,7,6,24,6,44,6,1,9,57,1.833333
20,0,22,77,169,581,34,13,46,39,80,25,22,77,169,1.739130
21,0,1,1,28,363,0,0,25,0,27,0,1,1,28,1.080000
22,0,1,15,27,0,0,8,10,12,10,4,1,15,27,1.000000
23,0,1,8,33,342,3,4,17,7,23,2,1,8,33,1.352941
24,0,1,5,46,580,3,3,26,4,28,13,1,5,46,1.076923
25,0,1,23,54,111,12,14,14,19,18,16,1,23,54,1.285714
26,0,1,21,100,519,5,4,42,15,66,18,1,21,100,1.571429
27,0,1,15,91,497,4,9,35,5,59,19,1,15,91,1.685714
28,0,1,35,109,424,20,17,26,26,54,28,1,35,109,2.076923
29,0,1,3,38,406,0,2,29,2,31,4,1,3,38,1.068966
30,0,26,134,203,385,53,10,49,52,67,36,26,134,203,1.367347
31,0,1,1,15,27,0,0,10,0,10,4,1,1,15,1.000000
32,0,424,544,606,529,89,22,51,83,59,31,424,544,606,1.156863
33,0,215,285,365,20,37,15,48,36,72,20,215,285,365,1.500000
34,0,1,227,258,105,116,12,15,167,27,63,1,227,258,1.800000
35,0,1,9,66,393,1,2,30,4,46,11,1,9,66,1.533333
36,0,83,187,281,573,87,13,42,68,80,48,83,187,281,1.904762
37,0,1,17,50,356,8,3,15,13,23,13,1,17,50,1.533333
38,0,1,58,97,234,38,6,21,44,31,21,1,58,97,1.476190
39,0,1,7,35,421,5,11,24,5,26,3,1,7,35,1.083333
40,0,1,17,62,232,2,4,20,12,38,11,1,17,62,1.900000
41,0,1,5,52,403,3,13,25,3,35,13,1,5,52,1.400000
42,0,1,9,29,155,0,2,15,6,17,5,1,9,29,1.133333
43,0,37,58,114,369,9,17,38,16,48,13,37,58,114,1.263158
44,0,107,234,311,323,67,17,53,61,75,29,107,234,311,1.415094
45,0,4,19,79,515,0,3,32,0,42,19,4,19,79,1.312500
46,0,1,6,18,79,1,6,10,5,12,0,1,6,18,1.200000
47,0,41,56,138,468,8,10,36,9,66,21,41,56,138,1.833333
48,0,1,206,246,586,7,5,27,20,35,8,1,206,246,1.296296
49,0,1,5,56,565,1,4,36,2,46,5,1,5,56,1.277778
50,0,1,19,57,217,12,15,24,12,32,12,1,19,57,1.333333
51,0,5,63,164,386,30,7,44,25,86,32,5,63,164,1.954545
52,0,1,5,29,73,0,3,20,3,22,3,1,5,29,1.100000
53,0,-1,-1,-1,-1,0,-1,51,0,0,0,-1,-1,-1,0.000000
54,0,1,5,43,246,2,1,21,3,35,4,1,5,43,1.666667
55,0,1,49,138,107,12,13,29,19,79,17,1,49,138,2.724138
56,0,34,72,142,568,14,7,45,20,65,12,34,72,142,1.444444
57,0,1,4,43,520,0,1,24,3,32,7,1,4,43,1.333333
58,0,-1,-1,-1,-1,0,-1,52,0,0,0,-1,-1,-1,0.000000
59,0,1,18,121,213,13,1,20,14,72,34,1,18,121,3.600000
60,0,72,102,193,565,19,11,35,20,69,31,72,102,193,1.971429
61,0,1,14,90,469,8,5,28,10,64,15,1,14,90,2.285714
62,0,1,24,98,494,3,2,17,18,55,24,1,24,98,3.235294
63,0,1,85,162,320,29,5,47,46,73,27,1,85,162,1.553191
64,0,1,4,38,221,0,3,15,3,19,15,1,4,38,1.266667
65,0,22,22,87,300,0,0,38,0,54,11,22,22,87,1.421053
66,0,72,120,200,531,28,10,35,32,61,35,72,120,200,1.742857
67,0,15,614,687,316,79,5,43,70,57,50,15,614,687,1.325581
68,0,1,1,34,490,0,0,28,0,30,3,1,1,34,1.071429
69,0,1,11,66,68,8,15,30,9,50,6,1,11,66,1.666667
70,0,19,19,98,579,0,0,26,0,62,17,19,19,98,2.384615
71,0,1,11,74,147,3,5,46,4,54,15,1,11,74,1.173913
72,0,148,559,618,574,104,14,49,103,55,43,148,559,618,1.122449
73,0,1,6,47,471,3,16,22,4,34,8,1,6,47,1.545455
74,0,416,654,702,119,87,29,45,64,47,51,416,654,702,1.044444
75,0,361,-1,-1,85,41,25,48,35,0,19,361,-1,-1,0.000000
76,0,-1,-1,-1,-1,0,-1,55,0,0,0,-1,-1,-1,0.000000
77,0,1,5,49,529,3,1,30,2,40,6,1,5,49,1.333333
78,0,1,30,95,458,8,16,30,12,58,11,1,30,95,1.933333
79,0,36,123,191,172,32,24,39,63,59,19,36,123,191,1.512821
80,0,1,3,27,115,0,2,14,2,20,4,1,3,27,1.428571
81,0,1,7,39,508,3,6,19,6,27,5,1,7,39,1.421053
82,0,1,51,88,323,12,5,21,38,35,14,1,51,88,1.666667
83,0,1,4,19,50,0,3,8,3,12,3,1,4,19,1.500000
84,0,1,3,18,308,0,2,14,2,14,1,1,3,18,1.000000
85,0,5,58,139,550,3,13,36,3,76,11,5,58,139,2.111111
86,0,1,8,58,87,0,5,19,5,39,13,1,8,58,2.052632
87,0,1,8,69,443,5,2,24,7,52,9,1,8,69,2.166667
88,0,1,14,66,435,4,3,20,11,42,12,1,14,66,2.100000
89,0,1,81,137,551,21,3,36,34,50,26,1,81,137,1.388889
90,0,5,154,225,509,84,15,37,61,63,49,5,154,225,1.702703
91,0,1,34,113,325,5,4,24,26,58,28,1,34,113,2.416667
92,0,1,60,96,547,22,5,26,36,34,14,1,60,96,1.307692
93,0,1,20,80,473,15,1,28,14,50,15,1,20,80,1.785714
94,0,1,34,103,194,12,10,18,26,48,28,1,34,103,2.666667
95,0,1,8,35,543,1,1,25,5,25,4,1,8,35,1.000000
96,0,106,208,268,339,36,16,40,27,52,29,106,208,268,1.300000
97,0,1,21,92,202,11,3,18,12,52,27,1,21,92,2.888889
98,0,1,6,31,288,3,3,22,4,22,4,1,6,31,1.000000
99,0,1,7,41,268,1,4,26,5,28,7,1,7,41,1.076923
100,0,1,8,71,491,2,3,39,5,55,9,1,8,71,1.410256
101,0,1,51,119,184,26,1,17,40,47,31,1,51,119,2.764706
102,0,1,2,41,539,1,7,26,1,34,5,1,2,41,1.307692
103,0,1,11,56,314,3,3,30,7,38,8,1,11,56,1.266667
104,0,5,72,176,488,4,5,37,10,75,32,5,72,176,2.027027
105,0,1,15,42,197,0,13,13,13,23,5,1,15,42,1.769231
106,0,1,9,79,475,2,1,36,5,58,15,1,9,79,1.611111
107,0,1,21,102,379,12,10,23,16,59,26,1,21,102,2.565217
108,0,8,69,144,588,21,4,50,21,72,14,8,69,144,1.440000
109,0,1,14,51,336,3,4,17,11,25,14,1,14,51,1.470588
110,0,440,771,856,371,8,17,42,14,60,28,440,771,856,1.428571
111,0,1,4,52,509,3,16,30,3,40,8,1,4,52,1.333333
112,0,1,20,112,515,4,2,30,12,76,18,1,20,112,2.533333
113,0,153,-1,-1,28,81,19,36,73,0,47,153,-1,-1,0.000000
114,0,1,8,19,58,2,3,11,5,11,2,1,8,19,1.000000
115,0,1,12,35,538,2,6,19,10,19,5,1,12,35,1.000000
116,0,1,3,32,303,1,11,21,2,27,2,1,3,32,1.285714
117,0,125,752,817,277,253,14,47,230,57,108,125,752,817,1.212766
118,0,111,528,604,573,265,19,58,225,70,127,111,528,604,1.206897
119,0,44,59,122,529,11,14,52,10,58,10,44,59,122,1.115385
120,0,1,3,47,449,0,2,29,2,33,11,1,3,47,1.137931
121,0,1,34,71,134,3,4,16,24,28,18,1,34,71,1.750000
122,0,1,2,29,216,0,1,19,1,21,6,1,2,29,1.105263
123,0,216,478,550,502,45,18,53,45,65,30,216,478,550,1.226415
124,0,1,3,35,81,0,2,14,2,24,8,1,3,35,1.714286
125,0,1,14,37,138,4,11,11,11,17,8,1,14,37,1.545455
126,0,1,3,47,365,1,4,28,2,40,4,1,3,47,1.428571
127,0,85,172,246,398,59,10,44,59,68,33,85,172,246,1.545455
128,0,1,8,54,568,3,4,22,5,42,6,1,8,54,1.909091
129,0,1,17,48,413,5,3,18,12,28,7,1,17,48,1.555556
130,0,28,117,186,394,57,7,51,44,65,44,28,117,186,1.274510
131,0,35,203,266,385,107,15,48,89,56,67,35,203,266,1.166667
132,0,12,12,102,552,0,0,45,0,69,21,12,12,102,1.533333
133,0,1,12,101,386,9,11,34,7,64,29,1,12,101,1.882353
134,0,1,25,99,309,11,3,27,18,55,22,1,25,99,2.037037
135,0,1,8,44,512,5,1,25,7,35,1,1,8,44,1.400000
136,0,13,13,74,549,0,0,43,0,53,8,13,13,74,1.232558
137,0,1,20,116,333,4,9,23,17,65,33,1,20,116,2.826087
138,0,1,36,96,300,16,17,26,31,42,22,1,36,96,1.615385
139,0,107,141,211,154,18,21,54,17,64,12,107,141,211,1.185185
140,0,650,783,859,578,36,21,44,34,60,42,650,783,859,1.363636
141,0,1,5,19,135,2,2,10,3,12,3,1,5,19,1.200000
142,0,1,2,17,22,0,1,10,1,14,1,1,2,17,1.400000
143,0,52,63,108,346,0,3,32,3,42,5,52,63,108,1.312500
144,0,4,17,93,576,5,4,55,10,73,5,4,17,93,1.327273
145,0,5,14,103,586,0,4,31,4,79,11,5,14,103,2.548387
146,0,34,423,486,261,64,8,47,63,59,37,34,423,486,1.255319
147,0,1,4,21,13,0,3,17,3,17,0,1,4,21,1.000000
148,0,1,9,67,549,3,1,27,2,41,23,1,9,67,1.518519
149,0,57,84,171,410,4,14,31,6,73,18,57,84,171,2.354839
150,0,1,7,56,376,4,3,25,6,41,8,1,7,56,1.640000
151,0,326,517,582,369,104,10,45,89,59,44,326,517,582,1.311111
152,0,1,2,26,244,1,16,22,1,24,0,1,2,26,1.090909
153,0,1,8,59,430,6,6,24,5,40,13,1,8,59,1.666667
154,0,155,-1,-1,590,9,21,43,9,0,3,155,-1,-1,0.000000
155,0,1,10,24,1,0,4,8,6,12,5,1,10,24,1.500000
156,0,236,692,756,270,23,4,43,24,55,24,236,692,756,1.279070
157,0,1,9,63,587,2,5,35,7,53,2,1,9,63,1.514286
158,0,39,50,137,355,1,12,53,9,85,4,39,50,137,1.603774
159,0,56,80,163,494,17,2,38,16,56,32,56,80,163,1.473684
160,0,1,19,112,597,5,1,39,10,87,14,1,19,112,2.230769
161,0,1,3,31,181,1,3,17,2,27,1,1,3,31,1.588235
162,0,1,4,40,231,2,4,21,2,29,8,1,4,40,1.380952
163,0,1,7,52,593,3,2,25,6,37,8,1,7,52,1.480000
164,0,6,19,112,575,0,2,44,10,76,20,6,19,112,1.727273
165,0,298,454,533,597,42,11,48,46,74,33,298,454,533,1.541667
166,0,24,147,230,244,3,4,45,7,77,12,24,147,230,1.711111
167,0,3,26,101,471,8,16,34,23,60,15,3,26,101,1.764706
168,0,1,1,27,199,0,0,9,0,23,3,1,1,27,2.555556
169,0,1,12,98,477,2,6,37,10,71,16,1,12,98,1.918919
170,0,1,3,27,237,2,2,19,2,21,3,1,3,27,1.105263
171,0,6,107,184,499,31,9,46,52,70,31,6,107,184,1.521739
172,0,1,10,73,550,6,11,28,6,46,20,1,10,73,1.642857
173,0,1,2,46,521,1,10,27,1,35,9,1,2,46,1.296296
174,0,1,12,76,429,6,5,37,7,57,11,1,12,76,1.540541
175,0,1,6,23,40,4,13,14,5,16,1,1,6,23,1.142857
176,0,1,15,93,589,6,7,33,10,49,32,1,15,93,1.484848
177,0,3,329,423,420,15,2,39,23,77,23,3,329,423,1.974359
178,0,1,9,68,252,7,10,23,6,41,20,1,9,68,1.782609
179,0,440,681,790,533,3,19,41,8,89,22,440,681,790,2.170732
180,0,1,2,31,26,0,1,12,1,18,11,1,2,31,1.500000
181,0,1,6,30,161,4,10,12,5,22,2,1,6,30,1.833333
182,0,1,17,50,334,0,12,17,12,23,14,1,17,50,1.352941
183,0,1,23,71,562,2,1,31,2,45,5,1,23,71,1.451613
184,0,1,10,29,284,2,4,17,7,17,4,1,10,29,1.000000
185,0,1,1,38,464,0,0,23,0,31,6,1,1,38,1.347826
186,0,1,10,48,357,2,6,22,9,32,6,1,10,48,1.454545
187,0,380,473,551,515,34,13,39,42,69,19,380,473,551,1.769231
188,0,76,263,347,196,115,6,55,92,81,47,76,263,347,1.472727
189,0,440,719,770,53,33,16,43,52,47,22,440,719,770,1.093023
190,0,1,12,88,34,8,2,22,7,64,16,1,12,88,2.909091
191,0,-1,-1,-1,-1,0,-1,53,0,0,0,-1,-1,-1,0.000000
192,0,1,16,38,6,2,13,9,15,17,5,1,16,38,1.888889
193,0,1,13,72,574,2,7,23,8,39,21,1,13,72,1.695652
194,0,1,9,69,248,4,6,27,7,45,16,1,9,69,1.666667
195,0,1,5,26,10,0,4,7,4,13,8,1,5,26,1.857143
196,0,1,11,35,168,5,5,13,9,17,8,1,11,35,1.307692
197,0,1,2,39,351,0,1,17,1,27,10,1,2,39,1.588235
198,0,1,25,123,578,4,7,33,9,87,13,1,25,123,2.636364
199,0,1,1,18,102,0,0,14,0,14,3,1,1,18,1.000000
200,0,1,1,44,570,0,0,32,0,38,5,1,1,44,1.187500
201,0,18,18,88,542,0,0,30,0,66,4,18,18,88,2.200000
202,0,661,785,841,151,8,22,45,25,51,9,661,785,841,1.133333
203,0,1,11,84,250,4,4,21,8,59,16,1,11,84,2.809524
204,0,1,45,88,461,14,9,28,28,42,6,1,45,88,1.500000
205,0,1,16,86,514,6,8,29,11,65,9,1,16,86,2.241379
206,0,1,3,27,51,0,2,14,2,24,0,1,3,27,1.714286
207,0,1,16,103,139,2,12,18,12,62,28,1,16,103,3.444444
208,0,1,23,110,316,9,8,29,13,67,25,1,23,110,2.310345
209,0,44,66,133,468,14,8,44,16,58,15,44,66,133,1.318182
210,0,156,305,402,591,10,13,34,10,72,30,156,305,402,2.117647
211,0,23,36,137,28,1,9,33,10,79,25,23,36,137,2.393939
212,0,1,2,25,182,0,1,17,1,21,2,1,2,25,1.235294
213,0,1,2,25,162,0,1,16,1,22,1,1,2,25,1.375000
214,0,1,14,74,318,4,4,30,8,52,13,1,14,74,1.733333
215,0,1,11,46,53,4,4,17,8,27,10,1,11,46,1.588235
216,0,1,6,37,390,5,15,27,3,29,4,1,6,37,1.074074
217,0,1,14,99,359,7,14,23,12,63,23,1,14,99,2.739130
218,0,1,17,93,106,9,3,26,15,50,27,1,17,93,1.923077
219,0,35,136,222,182,62,13,50,54,74,36,35,136,222,1.480000
220,0,16,673,763,544,69,2,44,67,78,39,16,673,763,1.772727
221,0,1,13,26,11,0,12,13,12,13,0,1,13,26,1.000000
222,0,1,2,31,368,0,1,27,1,29,0,1,2,31,1.074074
223,0,1,20,45,44,3,5,17,17,19,8,1,20,45,1.117647
224,0,39,54,146,468,10,10,33,11,69,26,39,54,146,2.090909
225,0,1,14,27,49,0,6,7,10,11,5,1,14,27,1.571429
226,0,1,24,81,498,7,8,34,14,48,11,1,24,81,1.411765
227,0,1,1,23,343,0,0,21,0,21,1,1,1,23,1.000000
228,0,1,2,28,222,0,1,21,1,25,1,1,2,28,1.190476
229,0,1,6,32,119,2,5,23,5,25,1,1,6,32,1.086957
230,0,203,276,333,547,59,16,46,48,50,24,203,276,333,1.086957
231,0,35,61,163,283,17,22,36,17,70,40,35,61,163,1.944444
232,0,1,1,21,76,0,0,12,0,18,2,1,1,21,1.500000
233,0,117,299,403,82,69,19,42,80,74,49,117,299,403,1.761905
234,0,1,4,40,414,2,4,31,3,33,3,1,4,40,1.064516
235,0,1,8,52,571,5,5,31,5,37,9,1,8,52,1.193548
236,0,3,15,117,572,1,16,38,4,80,22,3,15,117,2.105263
237,0,1,6,33,46,0,4,11,4,19,9,1,6,33,1.727273
238,0,1,1,20,238,0,0,19,0,19,0,1,1,20,1.000000
239,0,1,87,163,428,54,2,25,61,59,41,1,87,163,2.360000
240,0,-1,-1,-1,-1,0,-1,47,0,0,0,-1,-1,-1,0.000000
241,0,1,3,29,89,0,2,15,2,21,5,1,3,29,1.400000
242,0,17,23,69,362,0,4,29,6,41,5,17,23,69,1.413793
243,0,1,19,107,488,7,6,32,13,62,27,1,19,107,1.937500
244,0,1,12,30,385,2,8,15,11,17,1,1,12,30,1.133333
245,0,63,96,172,565,16,18,58,24,74,9,63,96,172,1.275862
246,0,1,24,128,532,11,15,25,20,75,31,1,24,128,3.000000
247,0,3,12,62,586,3,4,28,7,44,8,3,12,62,1.571429
248,0,1,17,75,495,7,10,33,9,43,22,1,17,75,1.303030
249,0,1,10,45,56,5,8,21,5,31,8,1,10,45,1.476190
250,0,1,21,140,338,15,13,36,17,86,36,1,21,140,2.388889
251,0,5,15,98,588,3,5,47,7,81,5,5,15,98,1.723404
252,0,1,15,56,358,8,6,26,12,38,5,1,15,56,1.461538
253,0,1,10,93,272,4,2,22,8,62,22,1,10,93,2.818182
254,0,1,6,63,273,2,6,29,4,39,19,1,6,63,1.344828
255,0,1,12,33,20,1,13,11,11,17,4,1,12,33,1.545455
256,0,113,499,577,466,151,21,41,145,63,62,113,499,577,1.536585
257,0,1,12,25,21,0,3,11,11,11,2,1,12,25,1.000000
258,0,1,40,64,7,2,3,16,29,22,12,1,40,64,1.375000
259,0,-1,-1,-1,-1,0,-1,50,0,0,0,-1,-1,-1,0.000000
260,0,84,118,193,567,30,9,38,24,64,21,84,118,193,1.684211
261,0,1,16,36,229,5,11,16,14,18,3,1,16,36,1.125000
262,0,74,92,189,591,6,9,47,9,85,15,74,92,189,1.808511
263,0,1,7,36,152,3,4,23,4,25,6,1,7,36,1.086957
264,0,452,772,835,137,18,16,45,37,57,13,452,772,835,1.266667
265,0,1,4,30,137,1,7,19,3,23,3,1,4,30,1.210526
266,0,1,15,91,576,9,5,49,11,71,8,1,15,91,1.448980
267,0,1,7,27,329,6,6,18,3,20,3,1,7,27,1.111111
268,0,743,851,925,555,51,11,48,39,72,30,743,851,925,1.500000
269,0,1,44,144,535,7,3,27,20,75,28,1,44,144,2.777778
270,0,1,16,38,114,2,12,18,11,22,4,1,16,38,1.222222
271,0,604,803,885,578,44,27,53,31,79,31,604,803,885,1.490566
272,0,1,1,38,259,0,0,27,0,35,2,1,1,38,1.296296
273,0,1,11,104,344,6,16,25,10,63,30,1,11,104,2.520000
274,0,32,134,220,593,33,9,46,41,78,20,32,134,220,1.695652
275,0,1,5,20,35,1,9,10,4,12,3,1,5,20,1.200000
276,0,3,23,76,556,4,4,35,12,49,9,3,23,76,1.400000
277,0,1,2,14,24,0,1,10,1,12,0,1,2,14,1.200000
278,0,1,1,39,388,0,0,26,0,30,8,1,1,39,1.153846
279,0,55,151,220,553,56,7,55,58,67,21,55,151,220,1.218182
280,0,1,21,81,553,13,1,28,16,60,4,1,21,81,2.142857
281,0,1,17,56,389,2,5,31,11,35,9,1,17,56,1.129032
282,0,22,22,95,560,0,0,52,0,68,5,22,22,95,1.307692
283,0,94,143,202,599,29,11,45,24,53,18,94,143,202,1.177778
284,0,42,127,204,504,32,17,57,26,67,33,42,127,204,1.175439
285,0,26,71,169,176,22,14,40,19,82,35,26,71,169,2.050000
286,0,22,57,112,532,12,3,31,11,53,11,22,57,112,1.709677
287,0,2,30,78,599,5,3,37,8,41,8,2,30,78,1.108108
288,0,1,7,71,542,3,8,26,5,42,22,1,7,71,1.615385
289,0,1,16,104,384,6,1,29,9,67,26,1,16,104,2.310345
290,0,6,23,84,573,1,1,42,12,50,13,6,23,84,1.190476
291,0,1,22,138,486,6,4,27,14,97,26,1,22,138,3.592593
292,0,1,3,44,247,1,4,24,2,36,5,1,3,44,1.500000
293,0,1,27,83,179,16,4,17,26,43,13,1,27,83,2.529412
294,0,70,81,173,114,8,16,48,6,78,18,70,81,173,1.625000
295,0,1,13,103,564,5,2,29,10,75,16,1,13,103,2.586207
296,0,1,5,59,462,2,6,41,3,51,4,1,5,59,1.243902
297,0,1,2,26,158,0,1,21,1,23,1,1,2,26,1.095238
298,0,1,11,53,463,5,7,28,9,36,7,1,11,53,1.285714
299,0,1,19,70,228,10,8,18,17,38,14,1,19,70,2.111111
300,0,1,8,16,15,0,2,6,6,8,1,1,8,16,1.333333
301,0,1,10,77,524,6,6,44,4,60,12,1,10,77,1.363636
302,0,21,21,69,574,0,0,27,0,37,11,21,21,69,1.370370
303,0,1,25,68,459,8,9,23,18,33,16,1,25,68,1.434783
304,0,9,435,497,566,132,6,42,161,56,62,9,435,497,1.333333
305,0,1,17,48,254,10,10,18,15,26,6,1,17,48,1.444444
306,0,1,23,99,456,13,2,32,19,60,18,1,23,99,1.875000
307,0,6,10,70,549,0,2,41,1,51,10,6,10,70,1.243902
308,0,1,16,116,566,7,14,35,12,75,27,1,16,116,2.142857
309,0,3,9,62,523,0,1,38,2,48,5,3,9,62,1.263158
310,0,369,-1,-1,51,10,20,55,15,0,8,369,-1,-1,0.000000
311,0,40,124,203,219,16,15,49,10,69,22,40,124,203,1.408163
312,0,1,13,85,353,7,5,27,11,65,8,1,13,85,2.407407
313,0,2,71,120,596,30,14,37,39,45,20,2,71,120,1.216216
314,0,1,8,63,124,3,12,13,7,41,14,1,8,63,3.153846
315,0,54,62,145,553,3,8,48,4,72,12,54,62,145,1.500000
316,0,1,5,15,2,0,1,9,3,9,2,1,5,15,1.000000
317,0,52,78,152,497,3,7,33,9,71,3,52,78,152,2.151515
318,0,1,12,71,312,3,3,30,9,54,7,1,12,71,1.800000
319,0,186,331,412,180,55,20,44,64,58,38,186,331,412,1.318182
320,0,215,263,352,42,16,21,49,11,69,29,215,263,352,1.408163
321,0,1,7,47,96,1,4,19,5,31,10,1,7,47,1.631579
322,0,1,5,51,211,3,4,29,3,37,10,1,5,51,1.275862
323,0,1,4,27,340,0,3,19,3,21,2,1,4,27,1.105263
324,0,1,3,52,472,2,2,30,1,44,6,1,3,52,1.466667
325,0,1,2,19,145,0,1,13,1,17,0,1,2,19,1.307692
326,0,1,4,31,38,2,3,14,3,24,3,1,4,31,1.714286
327,0,1,16,104,354,7,5,20,10,64,29,1,16,104,3.200000
328,0,339,832,920,593,217,18,44,180,72,116,339,832,920,1.636364
329,0,1,8,23,43,1,6,11,6,13,3,1,8,23,1.181818
330,0,1,9,69,588,5,9,47,4,59,5,1,9,69,1.255319
331,0,1,52,159,302,13,8,27,33,79,34,1,52,159,2.925926
332,0,2,4,59,567,0,2,30,2,46,9,2,4,59,1.533333
333,0,1,81,129,442,32,14,31,52,45,14,1,81,129,1.451613
334,0,153,-1,-1,134,15,22,42,18,0,7,153,-1,-1,0.000000
335,0,1,17,81,552,13,2,27,13,43,24,1,17,81,1.592593
336,0,1,18,111,223,10,3,18,15,64,31,1,18,111,3.555556
337,0,1,9,64,276,2,1,23,6,51,6,1,9,64,2.217391
338,0,377,-1,-1,598,0,28,60,0,0,1,377,-1,-1,0.000000
339,0,363,470,552,559,36,26,52,38,66,29,363,470,552,1.269231
340,0,1,10,84,505,7,5,47,7,65,11,1,10,84,1.382979
341,0,1,20,104,324,9,9,27,17,59,27,1,20,104,2.185185
342,0,1,5,55,513,1,6,26,3,38,13,1,5,55,1.461538
343,0,1,5,19,291,3,5,12,3,12,3,1,5,19,1.000000
344,0,247,663,720,9,50,12,51,43,55,33,247,663,720,1.078431
345,0,381,476,533,458,38,23,41,39,51,17,381,476,533,1.243902
346,0,1,90,179,555,37,18,32,38,84,20,1,90,179,2.625000
347,0,35,143,220,593,85,8,44,75,66,33,35,143,220,1.500000
348,0,1,29,83,160,16,6,19,20,45,17,1,29,83,2.368421
349,0,1,6,60,556,4,6,32,5,42,12,1,6,60,1.312500
350,0,1,30,47,525,3,1,14,21,16,9,1,30,47,1.142857
351,0,1,35,143,277,10,6,33,17,77,39,1,35,143,2.333333
352,0,1,8,34,523,2,3,18,7,20,6,1,8,34,1.111111
353,0,298,390,474,594,14,18,48,19,82,13,298,390,474,1.708333
354,0,1,33,130,598,4,11,35,4,79,21,1,33,130,2.257143
355,0,52,75,135,283,19,22,45,12,55,16,52,75,135,1.222222
356,0,1,26,69,255,18,8,21,22,25,21,1,26,69,1.190476
357,0,12,65,169,358,22,3,38,30,76,45,12,65,169,2.000000
358,0,1,11,46,375,5,6,25,5,35,5,1,11,46,1.400000
359,0,1,4,28,219,2,3,17,3,23,1,1,4,28,1.352941
360,0,1,16,54,289,4,4,25,9,33,11,1,16,54,1.320000
361,0,1,86,136,444,33,16,33,29,43,24,1,86,136,1.303030
362,0,1,25,99,415,16,11,32,23,54,21,1,25,99,1.687500
363,0,3,367,457,309,25,1,40,25,66,35,3,367,457,1.650000
364,0,1,10,38,37,0,1,11,1,19,17,1,10,38,1.727273
365,0,1,14,85,144,2,7,19,8,43,33,1,14,85,2.263158
366,0,1,44,122,518,11,3,29,23,75,6,1,44,122,2.586207
367,0,43,127,198,468,46,9,39,45,67,36,43,127,198,1.717949
368,0,1,8,61,467,3,10,28,6,44,10,1,8,61,1.571429
369,0,461,970,-1,96,103,26,57,95,28,47,461,970,-1,0.491228
370,0,9,52,123,581,18,8,43,23,61,14,9,52,123,1.418605
371,0,1,10,21,118,2,4,7,7,9,4,1,10,21,1.285714
372,0,1,20,43,128,9,5,14,11,18,13,1,20,43,1.285714
373,0,1,4,21,154,2,5,15,2,15,3,1,4,21,1.000000
374,0,1,10,76,200,6,3,19,6,53,16,1,10,76,2.789474
375,0,35,56,166,343,3,15,44,14,106,4,35,56,166,2.409091
376,0,1,1,42,577,0,0,36,0,38,3,1,1,42,1.055556
377,0,1,23,78,180,2,2,19,18,41,18,1,23,78,2.157895
378,0,43,69,162,473,19,18,47,19,85,14,43,69,162,1.808511
379,0,1,31,92,245,21,1,23,23,51,17,1,31,92,2.217391
380,0,1,1,49,410,0,0,32,0,42,6,1,1,49,1.312500
381,0,1,2,24,510,0,1,17,1,21,1,1,2,24,1.235294
382,0,226,684,761,248,4,17,41,17,57,25,226,684,761,1.390244
383,0,1,14,36,157,2,6,16,8,20,7,1,14,36,1.250000
384,0,414,-1,-1,482,0,23,53,1,0,0,414,-1,-1,0.000000
385,0,1,58,80,67,25,14,12,47,16,16,1,58,80,1.333333
386,0,381,458,537,586,26,21,41,25,61,27,381,458,537,1.487805
387,0,1,41,157,313,14,6,18,30,68,58,1,41,157,3.777778
388,0,1,16,39,492,3,1,16,11,18,9,1,16,39,1.125000
389,0,173,571,643,596,10,23,41,9,57,25,173,571,643,1.390244
390,0,172,254,309,346,23,19,40,29,50,15,172,254,309,1.250000
391,0,1,14,40,431,2,5,19,10,19,10,1,14,40,1.000000
392,0,1,10,94,367,3,13,28,9,66,18,1,10,94,2.357143
393,0,1,9,48,440,3,16,21,5,35,7,1,9,48,1.666667
394,0,26,59,148,32,18,12,36,18,78,21,26,59,148,2.166667
395,0,1,13,51,287,7,8,18,11,32,7,1,13,51,1.777778
396,0,30,63,151,473,20,16,40,15,82,19,30,63,151,2.050000
397,0,1,9,25,92,5,2,14,6,14,4,1,9,25,1.000000
398,0,1,11,72,9,8,4,15,4,47,20,1,11,72,3.133333
399,0,1,12,36,126,2,5,18,10,22,3,1,12,36,1.222222
400,0,1,22,38,54,0,3,11,17,15,5,1,22,38,1.363636
401,0,1,8,88,230,6,4,31,6,69,12,1,8,88,2.225806
402,0,1,8,76,436,2,2,21,5,55,15,1,8,76,2.619048
403,0,1,2,34,330,1,6,30,1,30,2,1,2,34,1.000000
404,0,117,232,305,537,46,13,37,41,57,35,117,232,305,1.540541
405,0,1,2,18,42,0,1,12,1,14,2,1,2,18,1.166667
406,0,1,6,32,210,2,1,19,5,21,5,1,6,32,1.105263
407,0,1,26,57,25,5,4,27,18,31,2,1,26,57,1.148148
408,0,2,109,201,557,32,3,30,38,60,53,2,109,201,2.000000
409,0,1,1,22,176,0,0,17,0,19,2,1,1,22,1.117647
410,0,1,1,19,33,0,0,15,0,15,3,1,1,19,1.000000
411,0,83,87,190,551,3,2,42,4,82,21,83,87,190,1.952381
412,0,1,19,106,559,6,4,25,11,63,28,1,19,106,2.520000
413,0,1,5,28,151,1,11,20,4,22,1,1,5,28,1.100000
414,0,1,20,86,599,5,4,37,7,53,14,1,20,86,1.432432
415,0,1,2,19,109,0,1,14,1,16,1,1,2,19,1.142857
416,0,1,19,53,166,7,5,20,15,26,11,1,19,53,1.300000
417,0,1,13,48,185,4,5,18,8,30,9,1,13,48,1.666667
418,0,1,8,79,418,3,4,35,5,61,12,1,8,79,1.742857
419,0,1,39,145,537,17,12,29,25,83,28,1,39,145,2.862069
420,0,4,38,120,539,1,3,41,13,67,17,4,38,120,1.634146
421,0,1,8,31,301,1,1,19,7,21,2,1,8,31,1.105263
422,0,1,11,56,290,9,4,32,9,40,6,1,11,56,1.250000
423,0,5,66,136,537,10,8,36,17,64,10,5,66,136,1.777778
424,0,1,10,77,460,6,15,31,6,51,19,1,10,77,1.645161
425,0,1,6,60,391,3,1,21,4,43,12,1,6,60,2.047619
426,0,37,143,204,218,33,8,48,38,58,15,37,143,204,1.208333
427,0,6,14,67,589,5,3,39,4,49,7,6,14,67,1.256410
428,0,1,4,53,501,3,15,25,3,37,12,1,4,53,1.480000
429,0,6,6,55,547,0,0,27,0,41,8,6,6,55,1.518519
430,0,173,603,677,586,59,23,40,58,60,43,173,603,677,1.500000
431,0,1,16,62,434,2,6,33,13,37,11,1,16,62,1.121212
432,0,1,6,37,57,0,2,19,4,25,7,1,6,37,1.315789
433,0,1,14,102,387,3,4,29,11,59,31,1,14,102,2.034483
434,0,1,13,46,75,2,8,19,11,23,11,1,13,46,1.210526
435,0,1,4,45,425,1,15,30,3,34,7,1,4,45,1.133333
436,0,1,2,21,86,0,1,13,1,15,4,1,2,21,1.153846
437,0,1,13,54,71,2,11,16,10,36,7,1,13,54,2.250000
438,0,1,6,49,258,2,13,23,5,33,10,1,6,49,1.434783
439,0,1,11,78,310,0,10,17,10,55,12,1,11,78,3.235294
440,0,1,21,98,502,1,5,32,8,52,25,1,21,98,1.625000
441,0,1,4,16,17,0,3,9,3,11,1,1,4,16,1.222222
442,0,1,70,171,84,24,3,17,50,67,53,1,70,171,3.941176
443,0,38,191,263,512,117,16,40,96,66,63,38,191,263,1.650000
444,0,74,83,155,577,4,19,46,1,62,15,74,83,155,1.347826
445,0,38,89,176,482,33,11,39,32,75,31,38,89,176,1.923077
446,0,1,5,28,70,0,4,13,4,21,2,1,5,28,1.615385
447,0,247,786,866,575,127,10,50,126,74,78,247,786,866,1.480000
448,0,1,12,34,120,0,3,21,9,21,3,1,12,34,1.000000
449,0,1,2,26,153,0,1,20,1,22,2,1,2,26,1.100000
450,0,186,241,317,341,2,21,46,3,60,17,186,241,317,1.304348
451,0,1,13,54,315,8,4,27,10,35,8,1,13,54,1.296296
452,0,1,14,40,397,8,1,19,8,21,10,1,14,40,1.105263
453,0,1,3,37,227,0,2,17,2,25,9,1,3,37,1.470588
454,0,113,314,395,521,47,20,37,55,67,32,113,314,395,1.810811
455,0,36,79,142,368,26,26,39,26,53,22,36,79,142,1.358974
456,0,1,3,43,540,2,2,25,1,37,4,1,3,43,1.480000
457,0,1,5,18,60,0,4,9,4,11,2,1,5,18,1.222222
458,0,1,20,84,294,4,4,21,12,49,22,1,20,84,2.333333
459,0,1,3,41,594,1,6,23,2,31,7,1,3,41,1.347826
460,0,1,11,85,374,5,7,41,9,55,20,1,11,85,1.341463
461,0,215,401,481,344,16,17,37,26,59,34,215,401,481,1.594595
462,0,1,23,49,94,5,3,13,19,23,6,1,23,49,1.769231
463,0,1,15,73,419,4,8,31,12,49,11,1,15,73,1.580645
464,0,1,14,62,326,7,9,28,12,34,15,1,14,62,1.214286
465,0,1,8,34,256,2,6,25,7,25,1,1,8,34,1.000000
466,0,95,132,210,599,6,10,50,8,72,10,95,132,210,1.440000
467,0,1,19,95,585,12,3,26,15,70,9,1,19,95,2.692308
468,0,1,19,63,482,4,2,32,8,34,20,1,19,63,1.062500
469,0,1,10,58,167,1,5,24,6,32,19,1,10,58,1.333333
470,0,1,14,112,352,8,4,25,10,65,36,1,14,112,2.600000
471,0,1,11,78,59,1,5,18,5,52,20,1,11,78,2.888889
472,0,1,29,68,18,13,4,20,22,32,13,1,29,68,1.600000
473,0,225,505,580,531,28,21,33,38,43,49,225,505,580,1.303030
474,0,1,9,25,41,0,4,10,8,14,2,1,9,25,1.400000
475,0,1,1,32,226,0,0,24,0,28,3,1,1,32,1.166667
476,0,1,18,38,88,6,6,17,15,19,3,1,18,38,1.117647
477,0,22,76,175,509,31,5,40,33,84,30,22,76,175,2.100000
478,0,356,-1,-1,110,37,22,48,39,0,25,356,-1,-1,0.000000
479,0,117,236,315,253,35,23,42,37,66,30,117,236,315,1.571429
480,0,1,88,181,582,27,3,36,26,84,21,1,88,181,2.333333
481,0,1,3,36,398,0,2,18,2,24,9,1,3,36,1.333333
482,0,1,1,45,441,0,0,30,0,36,8,1,1,45,1.200000
483,0,1,180,246,485,99,7,44,100,58,53,1,180,246,1.318182
484,0,31,32,116,471,1,13,29,1,65,19,31,32,116,2.241379
485,0,1,19,37,95,6,7,14,12,16,8,1,19,37,1.142857
486,0,1,64,115,399,35,1,31,42,43,21,1,64,115,1.387097
487,0,32,53,157,471,2,12,32,4,72,34,32,53,157,2.250000
488,0,149,-1,-1,224,22,25,56,34,0,27,149,-1,-1,0.000000
489,0,1,9,30,235,4,8,16,8,20,1,1,9,30,1.250000
490,0,1,11,78,383,9,10,39,7,51,19,1,11,78,1.307692
491,0,1,6,35,370,3,1,20,4,24,6,1,6,35,1.200000
492,0,1,1,26,394,0,0,23,0,25,0,1,1,26,1.086957
493,0,1,10,77,159,2,1,18,9,36,31,1,10,77,2.000000
494,0,1,13,62,341,3,3,20,10,36,15,1,13,62,1.800000
495,0,1,5,45,191,2,8,26,4,32,8,1,5,45,1.230769
496,0,1,10,88,451,7,11,29,9,59,19,1,10,88,2.034483
497,0,1,2,25,80,1,5,17,1,21,2,1,2,25,1.235294
498,0,1,19,56,377,15,7,22,13,34,8,1,19,56,1.545455
499,0,39,90,180,482,41,11,43,34,77,30,39,90,180,1.790698
500,0,1,1,23,64,0,0,12,0,18,4,1,1,23,1.500000
501,0,6,29,108,515,1,1,49,4,71,9,6,29,108,1.448980
502,0,1,13,76,548,2,14,42,10,54,9,1,13,76,1.285714
503,0,5,28,100,515,4,2,48,5,66,7,5,28,100,1.375000
504,0,1,14,68,503,8,4,26,8,44,15,1,14,68,1.692308
505,0,1,4,38,545,0,3,28,3,32,2,1,4,38,1.142857
506,0,1,4,46,206,3,5,31,3,37,5,1,4,46,1.193548
507,0,1,29,77,61,5,14,13,25,33,18,1,29,77,2.538462
508,0,61,88,155,393,24,22,47,17,63,14,61,88,155,1.340426
509,0,1,7,47,189,2,9,24,6,36,4,1,7,47,1.500000
510,0,38,193,268,218,53,9,49,52,67,28,38,193,268,1.367347
511,0,3,259,342,526,150,1,49,132,69,87,3,259,342,1.408163
512,0,1,7,50,264,4,4,32,6,38,5,1,7,50,1.187500
513,0,125,226,289,393,17,20,45,16,55,19,125,226,289,1.222222
514,0,1,2,23,306,1,4,18,1,20,1,1,2,23,1.111111
515,0,72,85,180,475,7,8,35,10,61,37,72,85,180,1.742857
516,0,125,569,656,214,127,24,48,121,76,62,125,569,656,1.583333
517,0,1,3,33,411,1,4,24,2,26,4,1,3,33,1.083333
518,0,238,261,323,543,6,27,51,8,53,12,238,261,323,1.039216
519,0,1,22,109,400,15,6,20,16,66,26,1,22,109,3.300000
520,0,1,2,55,395,1,3,31,0,41,13,1,2,55,1.322581
521,0,34,92,186,329,38,21,38,36,72,43,34,92,186,1.894737
522,0,1,4,48,420,2,3,31,2,41,4,1,4,48,1.322581
523,0,1,18,119,447,2,5,34,15,82,21,1,18,119,2.411765
524,0,315,-1,-1,335,29,21,62,45,0,14,315,-1,-1,0.000000
525,0,1,11,80,253,1,9,25,10,45,24,1,11,80,1.800000
526,0,1,27,73,271,8,7,15,13,35,24,1,27,73,2.333333
527,0,1,14,61,5,0,6,10,12,26,22,1,14,61,2.600000
528,0,1,10,36,504,3,2,23,6,25,4,1,10,36,1.086957
529,0,1,3,22,28,0,2,11,2,15,4,1,3,22,1.363636
530,0,1,6,46,175,2,4,26,3,38,4,1,6,46,1.461538
531,0,113,335,424,217,73,24,37,79,75,41,113,335,424,2.027027
532,0,1,8,37,366,2,5,23,4,23,9,1,8,37,1.000000
533,0,1,1,14,3,0,0,11,0,13,0,1,1,14,1.181818
534,0,154,502,577,259,33,24,37,42,61,34,154,502,577,1.648649
535,0,1,6,70,533,5,11,29,4,59,6,1,6,70,2.034483
536,0,1,15,43,332,3,5,18,10,22,10,1,15,43,1.222222
537,0,1,33,114,546,4,5,39,12,73,12,1,33,114,1.871795
538,0,1,5,60,517,2,2,31,3,43,13,1,5,60,1.387097
539,0,1,4,29,113,3,9,24,3,24,1,1,4,29,1.000000
540,0,1,7,48,236,1,4,18,4,34,9,1,7,48,1.888889
541,0,1,20,91,349,5,3,32,12,54,24,1,20,91,1.687500
542,0,1,1,37,466,0,0,24,0,30,6,1,1,37,1.250000
543,0,1,9,72,270,5,12,18,8,50,13,1,9,72,2.777778
544,0,1,11,66,522,3,8,34,7,50,7,1,11,66,1.470588
545,0,1,1,44,595,0,0,37,0,43,0,1,1,44,1.162162
546,0,1,2,35,224,1,5,20,1,30,3,1,2,35,1.500000
547,0,37,91,183,206,14,16,45,18,77,16,37,91,183,1.711111
548,0,106,300,354,528,94,16,42,77,50,43,106,300,354,1.190476
549,0,1,12,92,554,1,13,42,7,66,14,1,12,92,1.571429
550,0,1,1,11,83,0,0,8,0,8,2,1,1,11,1.000000
551,0,204,258,336,190,23,10,41,28,61,24,204,258,336,1.487805
552,0,55,144,230,473,65,20,52,54,82,31,55,144,230,1.576923
553,0,-1,-1,-1,-1,0,-1,54,0,0,0,-1,-1,-1,0.000000
554,0,25,49,102,499,10,2,27,20,41,13,25,49,102,1.518519
555,0,1,36,89,331,20,6,22,26,40,22,1,36,89,1.818182
556,0,1,128,184,450,1,7,26,2,36,21,1,128,184,1.384615
557,0,1,20,74,261,12,2,19,15,39,19,1,20,74,2.052632
558,0,1,10,51,596,6,14,29,4,35,11,1,10,51,1.206897
559,0,1,14,33,116,0,1,14,9,18,5,1,14,33,1.285714
560,0,-1,-1,-1,-1,0,-1,51,0,0,0,-1,-1,-1,0.000000
561,0,220,382,460,323,2,14,38,3,62,17,220,382,460,1.631579
562,0,1,10,68,437,6,11,26,8,50,9,1,10,68,1.923077
563,0,20,35,142,304,7,10,38,9,80,33,20,35,142,2.105263
564,0,1,5,13,12,0,2,8,2,8,2,1,5,13,1.000000
565,0,1,7,23,140,2,5,16,5,16,1,1,7,23,1.000000
566,0,1,7,62,573,4,6,34,4,46,11,1,7,62,1.352941
567,0,1,18,35,65,4,13,12,14,16,4,1,18,35,1.333333
568,0,1,13,34,85,2,10,19,10,19,4,1,13,34,1.000000
569,0,1,30,119,110,23,13,36,28,74,16,1,30,119,2.055556
570,0,-1,-1,-1,-1,0,-1,52,0,0,0,-1,-1,-1,0.000000
571,0,1,23,95,339,5,4,18,11,52,27,1,23,95,2.888889
572,0,1,16,58,209,4,2,20,15,28,14,1,16,58,1.400000
573,0,1,19,93,499,5,13,29,13,69,10,1,19,93,2.379310
574,0,62,119,202,458,43,14,47,34,73,29,62,119,202,1.553191
575,0,1,14,74,241,0,7,15,11,41,21,1,14,74,2.733333
576,0,35,60,135,342,9,14,45,8,71,7,35,60,135,1.577778
577,0,1,23,57,404,16,3,20,17,28,11,1,23,57,1.400000
578,0,1,1,29,298,0,0,18,0,26,2,1,1,29,1.444444
579,0,1,10,43,31,3,5,23,8,29,5,1,10,43,1.260870
580,0,1,7,66,141,1,10,21,5,43,17,1,7,66,2.047619
581,0,30,311,392,364,69,8,46,98,78,47,30,311,392,1.695652
582,0,1,18,105,476,2,15,28,7,68,20,1,18,105,2.428571
583,0,1,5,58,483,0,4,41,4,49,4,1,5,58,1.195122
584,0,1,17,99,487,10,3,31,15,69,14,1,17,99,2.225806
585,0,1,30,92,91,6,13,12,26,40,25,1,30,92,3.333333
586,0,1,10,50,392,3,5,24,8,38,3,1,10,50,1.583333
587,0,1,6,33,479,5,5,24,5,26,1,1,6,33,1.083333
588,0,31,354,446,343,33,14,42,39,64,38,31,354,446,1.523810
589,0,1,4,45,188,2,10,23,3,31,10,1,4,45,1.347826
590,0,1,4,16,52,0,3,9,3,11,1,1,4,16,1.222222
591,0,1,2,13,66,0,1,11,1,11,0,1,2,13,1.000000
592,0,1,29,62,183,18,14,17,21,29,11,1,29,62,1.705882
593,0,1,27,52,266,11,1,19,20,23,8,1,27,52,1.210526
594,0,1,23,71,98,10,6,11,17,29,24,1,23,71,2.636364
595,0,36,87,201,283,15,22,40,19,74,48,36,87,201,1.850000
596,0,1,7,30,295,1,2,23,6,23,0,1,7,30,1.000000
597,0,1,7,38,249,2,4,25,5,29,3,1,7,38,1.160000
598,0,1,7,58,470,4,3,28,4,36,17,1,7,58,1.285714
599,0,354,-1,-1,55,65,26,47,58,0,33,354,-1,-1,0.000000
600,0,48,123,189,577,29,19,37,33,59,14,48,123,189,1.594595
601,0,219,437,480,178,15,16,37,33,41,7,219,437,480,1.108108
602,0,1,13,49,97,2,6,10,12,14,22,1,13,49,1.400000
603,0,1,9,84,305,6,5,29,7,55,21,1,9,84,1.896552
604,0,1,13,34,150,0,10,17,12,19,2,1,13,34,1.117647
605,0,125,349,455,160,71,16,43,78,93,33,125,349,455,2.162791
606,0,1,15,71,496,10,5,28,10,54,6,1,15,71,1.928571
607,0,1,3,20,121,0,2,14,2,16,1,1,3,20,1.142857
608,0,1,13,83,516,7,11,32,11,48,23,1,13,83,1.500000
609,0,35,102,179,377,34,19,46,37,62,29,35,102,179,1.347826
610,0,1,12,42,335,8,10,22,7,30,4,1,12,42,1.363636
611,0,1,4,20,103,2,10,14,3,16,0,1,4,20,1.142857
612,0,680,919,984,587,87,27,45,81,63,41,680,919,984,1.400000
613,0,1,13,60,218,6,5,15,10,33,16,1,13,60,2.200000
614,0,1,27,138,454,9,12,27,20,95,22,1,27,138,3.518519
615,0,131,309,366,358,12,13,36,12,54,16,131,309,366,1.500000
616,0,1,4,43,148,0,1,16,3,24,15,1,4,43,1.500000
617,0,1,4,37,208,1,5,29,3,31,2,1,4,37,1.068966
618,0,1,1,38,328,0,0,28,0,36,1,1,1,38,1.285714
619,0,33,379,457,343,25,15,46,35,64,24,33,379,457,1.391304
620,0,1,27,44,112,6,5,9,17,13,13,1,27,44,1.444444
621,0,20,22,80,544,0,2,35,2,53,5,20,22,80,1.514286
622,0,1,26,69,171,8,13,16,23,34,11,1,26,69,2.125000
623,0,1,10,65,531,6,5,40,6,44,14,1,10,65,1.100000
624,0,1,2,41,215,0,1,21,1,33,6,1,2,41,1.571429
625,0,1,11,28,104,3,15,15,10,17,0,1,11,28,1.133333
626,0,1,24,74,129,8,1,14,15,38,20,1,24,74,2.714286
627,0,245,528,637,408,25,16,40,23,88,39,245,528,637,2.200000
628,0,1,7,45,348,4,6,29,4,33,7,1,7,45,1.137931
629,0,1,8,38,78,1,10,17,5,23,9,1,8,38,1.352941
630,0,1,3,31,439,1,1,26,2,26,2,1,3,31,1.000000
631,0,1,16,129,405,5,3,31,12,65,51,1,16,129,2.096774
632,0,1,32,112,170,11,6,25,27,57,27,1,32,112,2.280000
633,0,1,4,61,319,2,3,34,3,44,13,1,4,61,1.294118
634,0,1,2,15,36,0,1,10,1,12,1,1,2,15,1.200000
635,0,1,21,121,558,9,7,31,13,81,25,1,21,121,2.612903
636,0,1,1,45,569,0,0,39,0,43,1,1,1,45,1.102564
637,0,3,3,55,393,0,0,37,0,43,9,3,3,55,1.162162
638,0,1,4,22,172,2,3,17,3,17,1,1,4,22,1.000000
639,0,40,74,157,512,23,17,46,15,72,28,40,74,157,1.565217
640,0,1,15,103,583,2,4,31,7,63,25,1,15,103,2.032258
641,0,1,10,21,82,0,9,10,9,10,1,1,10,21,1.000000
642,0,244,313,384,358,16,14,57,17,65,16,244,313,384,1.140351
643,0,1,3,13,8,0,2,7,2,9,1,1,3,13,1.285714
644,0,225,294,341,187,7,14,32,15,40,7,225,294,341,1.250000
645,0,1,10,48,275,4,1,21,9,31,7,1,10,48,1.476190
646,0,-1,-1,-1,-1,0,-1,58,0,0,0,-1,-1,-1,0.000000
647,0,369,-1,-1,512,21,30,51,28,0,5,369,-1,-1,0.000000
648,0,1,4,16,29,0,3,11,3,11,1,1,4,16,1.000000
649,0,158,-1,-1,590,3,21,51,5,0,1,158,-1,-1,0.000000
650,0,1,9,66,457,1,4,32,6,50,9,1,9,66,1.562500
651,0,1,17,68,581,3,10,27,8,35,19,1,17,68,1.296296
652,0,1,15,42,346,5,3,25,11,27,3,1,15,42,1.080000
653,0,1,18,102,186,9,2,21,14,57,30,1,18,102,2.714286
654,0,1,29,57,165,15,2,15,22,25,9,1,29,57,1.666667
655,0,1,8,42,402,5,2,20,7,32,2,1,8,42,1.600000
656,0,103,235,298,588,76,12,50,65,60,35,103,235,298,1.200000
657,0,247,656,735,580,52,9,50,56,72,31,247,656,735,1.440000
658,0,255,353,437,595,15,18,61,19,79,9,255,353,437,1.295082
659,0,1,48,117,506,21,7,29,37,55,21,1,48,117,1.896552
660,0,362,407,477,490,12,16,49,14,53,24,362,407,477,1.081633
661,0,1,79,129,220,17,4,36,20,46,18,1,79,129,1.277778
662,0,19,61,129,304,26,10,36,33,54,23,19,61,129,1.500000
663,0,1,4,20,122,0,3,14,3,16,0,1,4,20,1.142857
664,0,1,19,48,63,5,10,18,16,24,7,1,19,48,1.333333
665,0,1,2,36,380,0,1,29,1,33,1,1,2,36,1.137931
666,0,26,204,273,182,97,9,45,110,67,53,26,204,273,1.488889
667,0,1,4,64,544,3,6,35,3,55,5,1,4,64,1.571429
668,0,1,4,25,101,2,6,16,3,16,5,1,4,25,1.000000
669,0,1,3,39,381,2,5,25,2,35,1,1,3,39,1.400000
670,0,1,3,36,146,1,3,22,1,26,8,1,3,36,1.181818
671,0,149,218,274,574,3,13,50,4,54,3,149,218,274,1.080000
672,0,81,129,183,514,31,2,42,20,52,27,81,129,183,1.238095
673,0,1,11,88,468,5,5,24,8,40,39,1,11,88,1.666667
674,0,39,91,180,369,35,17,40,35,82,24,39,91,180,2.050000
675,0,1,7,36,190,0,4,16,6,20,9,1,7,36,1.250000
676,0,1,9,43,285,6,15,24,8,32,2,1,9,43,1.333333
677,0,773,-1,-1,492,121,21,55,113,0,40,773,-1,-1,0.000000
678,0,1,2,32,55,0,1,15,1,19,11,1,2,32,1.266667
679,0,1,6,70,526,2,1,47,2,53,13,1,6,70,1.127660
680,0,1,26,109,438,18,4,24,23,80,5,1,26,109,3.333333
681,0,2,85,179,598,18,11,35,36,77,35,2,85,179,2.200000
682,0,68,92,196,584,16,19,58,16,94,15,68,92,196,1.620690
683,0,1,15,32,187,9,5,17,14,17,0,1,15,32,1.000000
684,0,41,82,152,482,27,11,47,25,67,13,41,82,152,1.425532
685,0,1,28,102,297,4,7,28,11,56,26,1,28,102,2.000000
686,0,4,73,120,478,23,2,27,25,37,20,4,73,120,1.370370
687,0,1,7,75,561,0,1,28,3,64,7,1,7,75,2.285714
688,0,1,151,195,240,76,4,34,65,40,39,1,151,195,1.176471
689,0,1,12,40,156,3,13,25,9,25,5,1,12,40,1.000000
690,0,1,7,18,23,0,3,9,5,11,1,1,7,18,1.222222
691,0,86,105,165,320,12,16,41,10,55,13,86,105,165,1.341463
692,0,3,17,74,533,4,8,45,9,51,6,3,17,74,1.133333
693,0,1,16,39,417,8,4,21,12,21,5,1,16,39,1.000000
694,0,173,711,780,591,120,15,40,112,54,71,173,711,780,1.350000
695,0,1,30,87,478,9,3,24,15,44,20,1,30,87,1.833333
696,0,1,25,129,489,6,5,24,9,76,32,1,25,129,3.166667
697,0,203,268,369,240,47,21,46,36,76,43,203,268,369,1.652174
698,0,52,157,239,569,83,21,48,78,78,30,52,157,239,1.625000
699,0,1,2,55,563,0,1,40,1,52,1,1,2,55,1.300000
700,0,1,41,82,123,11,4,14,28,26,27,1,41,82,1.857143
701,0,1,11,48,274,3,7,20,8,32,7,1,11,48,1.600000
702,0,6,9,67,366,1,3,30,2,52,7,6,9,67,1.733333
703,0,49,60,142,409,2,1,30,9,64,19,49,60,142,2.133333
704,0,20,53,95,522,22,2,34,28,40,7,20,53,95,1.176471
705,0,1,5,38,452,0,4,25,4,31,2,1,5,38,1.240000
706,0,1,5,33,541,1,7,19,4,23,5,1,5,33,1.210526
707,0,1,12,57,445,5,10,22,9,42,5,1,12,57,1.909091
708,0,1,3,34,511,2,2,13,2,17,14,1,3,34,1.307692
709,0,23,65,166,304,22,10,39,26,89,20,23,65,166,2.282051
710,0,1,46,120,292,11,1,23,30,49,33,1,46,120,2.130435
711,0,1,18,48,480,8,4,21,12,29,6,1,18,48,1.380952
712,0,1,9,56,263,4,14,26,7,32,16,1,9,56,1.230769
713,0,1,3,23,132,0,2,16,2,18,2,1,3,23,1.125000
714,0,1,6,49,117,1,2,21,5,33,10,1,6,49,1.571429
715,0,3,12,95,476,4,12,52,5,74,10,3,12,95,1.423077
716,0,1,7,27,4,0,6,11,6,17,3,1,7,27,1.545455
717,0,1,3,31,355,0,1,18,1,24,5,1,3,31,1.333333
718,0,1,26,78,572,3,15,29,7,45,10,1,26,78,1.551724
719,0,1,12,98,493,5,7,29,6,59,32,1,12,98,2.034483
720,0,1,5,23,296,4,1,15,4,15,3,1,5,23,1.000000
721,0,22,56,152,304,18,9,38,23,64,41,22,56,152,1.684211
722,0,1,1,25,32,0,0,11,0,13,11,1,1,25,1.181818
723,0,9,58,151,589,11,1,46,17,80,19,9,58,151,1.739130
724,0,1,9,44,136,5,6,22,7,26,10,1,9,44,1.181818
725,0,1,6,71,530,4,8,47,4,57,9,1,6,71,1.212766
726,0,1,46,142,62,10,5,17,36,63,41,1,46,142,3.705882
727,0,1,16,43,39,5,12,13,12,19,11,1,16,43,1.461538
728,0,53,61,132,439,3,7,37,6,57,15,53,61,132,1.540541
729,0,1,127,179,527,36,9,34,53,44,23,1,127,179,1.294118
730,0,7,86,184,576,38,5,49,34,75,43,7,86,184,1.530612
731,0,1,7,41,242,3,7,22,3,26,10,1,7,41,1.181818
732,0,21,22,106,522,0,1,42,1,72,12,21,22,106,1.714286
733,0,12,16,78,453,1,5,39,4,51,11,12,16,78,1.307692
734,0,27,27,66,499,0,0,28,0,34,5,27,27,66,1.214286
735,0,1,3,21,164,2,2,16,1,16,3,1,3,21,1.000000
736,0,1,11,84,243,6,4,43,9,69,5,1,11,84,1.604651
737,0,172,239,296,540,23,18,32,33,44,19,172,239,296,1.375000
738,0,1,24,130,484,1,3,25,9,71,36,1,24,130,2.840000
739,0,1,18,84,557,9,3,28,9,50,21,1,18,84,1.785714
740,0,1,1,28,131,0,0,23,0,25,2,1,1,28,1.086957
741,0,39,207,287,512,141,16,44,105,74,68,39,207,287,1.681818
742,0,1,5,30,269,3,12,17,4,23,2,1,5,30,1.352941
743,0,1,3,36,214,1,11,20,2,30,3,1,3,36,1.500000
744,0,17,66,166,29,21,9,35,40,61,48,17,66,166,1.742857
745,0,1,15,47,345,6,4,23,12,27,7,1,15,47,1.173913
746,0,1,6,37,143,0,3,16,3,26,7,1,6,37,1.625000
747,0,1,5,60,407,3,16,37,4,51,4,1,5,60,1.378378
748,0,12,21,112,417,0,4,39,1,79,12,12,21,112,2.025641
749,0,24,91,181,304,31,11,41,41,73,27,24,91,181,1.780488
750,0,362,666,734,512,87,27,51,80,57,62,362,666,734,1.117647
751,0,37,57,153,482,10,11,38,17,82,17,37,57,153,2.157895
752,0,32,39,105,137,1,7,45,7,57,9,32,39,105,1.266667
753,0,1,7,46,481,1,3,28,6,34,5,1,7,46,1.214286
754,0,-1,-1,-1,-1,0,-1,63,0,0,0,-1,-1,-1,0.000000
755,0,1,16,81,426,1,8,36,12,58,10,1,16,81,1.611111
756,0,1,66,128,560,8,3,46,36,58,15,1,66,128,1.260870
757,0,1,3,29,142,0,2,21,2,23,3,1,3,29,1.095238
758,0,1,54,100,278,28,17,19,43,31,25,1,54,100,1.631579
759,0,1,10,61,251,2,8,24,6,40,14,1,10,61,1.666667
760,0,-1,-1,-1,-1,0,-1,48,0,0,0,-1,-1,-1,0.000000
761,0,1,18,110,192,7,13,33,7,67,29,1,18,110,2.030303
762,0,1,14,73,169,8,2,16,11,44,17,1,14,73,2.750000
763,0,74,158,237,503,38,10,48,44,76,16,74,158,237,1.583333
764,0,34,55,138,209,7,22,37,11,75,17,34,55,138,2.027027
765,0,1,6,57,536,2,5,41,4,47,5,1,6,57,1.146341
766,0,1,17,49,279,7,3,22,12,28,8,1,17,49,1.272727
767,0,440,792,880,560,15,13,42,31,80,10,440,792,880,1.904762
768,0,1,8,63,528,0,2,25,6,43,13,1,8,63,1.720000
769,0,1,30,83,267,21,2,24,23,52,7,1,30,83,2.166667
770,0,4,171,231,554,93,13,51,102,59,35,4,171,231,1.156863
771,0,1,14,63,371,8,5,21,10,35,17,1,14,63,1.666667
772,0,1,6,37,500,2,2,25,2,25,9,1,6,37,1.000000
773,0,35,212,296,150,6,7,44,16,76,10,35,212,296,1.727273
774,0,-1,-1,-1,-1,0,-1,54,0,0,0,-1,-1,-1,0.000000
775,0,32,58,119,473,12,17,44,13,52,15,32,58,119,1.181818
776,0,1,19,111,265,10,4,26,11,62,37,1,19,111,2.384615
777,0,76,81,175,565,4,10,37,4,81,14,76,81,175,2.189189
778,0,1,7,38,77,3,12,11,5,17,15,1,7,38,1.545455
779,0,1,4,37,69,3,5,28,3,30,3,1,4,37,1.071429
780,0,1,13,44,201,5,2,30,6,30,2,1,13,44,1.000000
781,0,1,142,220,446,85,4,36,73,62,62,1,142,220,1.722222
782,0,1,1,29,364,0,0,21,0,25,3,1,1,29,1.190476
783,0,1,17,32,108,1,4,11,9,11,11,1,17,32,1.000000
784,0,1,29,68,362,1,4,23,16,29,21,1,29,68,1.260870
785,0,1,4,27,133,3,4,21,2,21,3,1,4,27,1.000000
786,0,1,10,46,257,2,2,28,8,34,3,1,10,46,1.214286
787,0,5,16,90,384,5,1,43,5,65,15,5,16,90,1.511628
788,0,418,616,677,125,39,22,47,33,53,21,418,616,677,1.127660
789,0,4,62,134,489,6,5,32,10,60,15,4,62,134,1.875000
790,0,1,13,62,347,8,5,21,10,33,18,1,13,62,1.571429
791,0,1,20,122,361,12,4,22,18,72,31,1,20,122,3.272727
792,0,16,39,141,579,10,2,25,13,85,27,16,39,141,3.400000
793,0,1,334,412,584,78,4,36,98,66,36,1,334,412,1.833333
794,0,78,188,264,565,68,8,41,58,71,38,78,188,264,1.731707
795,0,326,528,581,500,109,28,45,104,49,36,326,528,581,1.088889
796,0,1,3,29,317,1,6,21,2,25,1,1,3,29,1.190476
797,0,1,72,138,321,43,15,30,52,46,35,1,72,138,1.533333
798,0,1,22,68,281,14,14,23,18,39,10,1,22,68,1.695652
799,0,30,31,104,509,0,1,40,1,58,15,30,31,104,1.450000
800,0,1,36,146,322,15,12,25,22,79,41,1,36,146,3.160000
801,0,1,32,65,72,6,10,14,27,22,15,1,32,65,1.571429
802,0,1,5,32,307,2,4,23,4,25,2,1,5,32,1.086957
803,0,393,-1,-1,385,0,24,59,0,0,2,393,-1,-1,0.000000
804,0,1,2,34,474,1,2,24,1,30,2,1,2,34,1.250000
805,0,34,51,129,385,9,15,41,5,73,10,34,51,129,1.780488
806,0,1,3,19,99,0,2,15,2,15,1,1,3,19,1.000000
807,0,362,383,456,13,4,25,49,4,61,17,362,383,456,1.244898
808,0,1,15,55,173,8,7,25,10,31,13,1,15,55,1.240000
809,0,1,57,118,427,12,11,29,23,51,16,1,57,118,1.758621
810,0,1,16,76,174,9,1,16,11,34,30,1,16,76,2.125000
811,0,545,811,887,597,130,13,47,116,65,57,545,811,887,1.382979
812,0,1,10,78,177,3,3,21,9,55,13,1,10,78,2.619048
813,0,1,1,16,100,0,0,13,0,15,0,1,1,16,1.153846
814,0,1,5,61,534,2,4,33,4,47,9,1,5,61,1.424242
815,0,32,52,162,364,1,6,30,8,94,16,32,52,162,3.133333
816,0,131,380,467,402,98,14,32,106,62,79,131,380,467,1.937500
817,0,1,7,36,239,0,1,26,1,28,6,1,7,36,1.076923
818,0,1,8,71,453,4,3,27,5,49,16,1,8,71,1.814815
819,0,1,21,52,195,7,4,18,14,28,9,1,21,52,1.555556
820,0,115,403,495,466,53,21,43,44,71,46,115,403,495,1.651163
821,0,1,83,173,205,51,5,36,58,74,34,1,83,173,2.055556
822,0,9,132,209,588,64,5,53,58,69,43,9,132,209,1.301887
823,0,1,16,44,193,9,3,18,11,22,10,1,16,44,1.222222
824,0,1,3,35,433,1,3,26,2,30,2,1,3,35,1.153846
825,0,1,1,18,304,0,0,15,0,17,0,1,1,18,1.133333
826,0,767,-1,-1,591,3,11,43,15,0,2,767,-1,-1,0.000000
827,0,3,21,124,599,0,4,37,1,75,29,3,21,124,2.027027
828,0,1,8,50,90,1,7,24,5,30,14,1,8,50,1.250000
829,0,1,13,48,127,3,13,16,12,26,9,1,13,48,1.625000
830,0,1,8,28,327,5,15,16,6,18,3,1,8,28,1.125000
831,0,10,79,153,552,29,2,44,39,68,17,10,79,153,1.545455
832,0,19,38,138,574,6,2,25,16,65,38,19,38,138,2.600000
833,0,1,7,71,19,1,11,34,4,62,3,1,7,71,1.823529
834,0,1,3,16,14,0,2,10,2,12,1,1,3,16,1.200000
835,0,1,12,35,178,6,1,17,7,19,8,1,12,35,1.117647
836,0,1,5,33,212,1,3,15,3,21,8,1,5,33,1.400000
837,0,1,6,37,337,2,5,18,5,28,3,1,6,37,1.555556
838,0,8,83,138,550,11,10,30,14,46,15,8,83,138,1.533333
839,0,1,27,101,567,2,3,29,14,63,16,1,27,101,2.172414
840,0,1,22,72,282,11,6,21,19,29,23,1,22,72,1.380952
841,0,1,9,24,45,2,9,8,8,12,3,1,9,24,1.500000
842,0,1,50,94,373,20,16,33,25,41,14,1,50,94,1.242424
843,0,1,9,45,262,5,11,21,6,27,11,1,9,45,1.285714
844,0,1,2,75,455,0,1,30,1,66,7,1,2,75,2.200000
845,0,1,12,34,203,3,3,13,8,17,8,1,12,34,1.307692
846,0,1,8,36,233,2,6,17,4,23,8,1,8,36,1.352941
847,0,1,8,34,369,6,5,21,4,21,8,1,8,34,1.000000
848,0,1,12,31,30,0,11,15,11,19,0,1,12,31,1.266667
849,0,1,9,77,575,4,2,38,6,44,26,1,9,77,1.157895
850,0,1,14,107,260,5,6,30,13,64,29,1,14,107,2.133333
851,0,389,506,583,592,69,14,50,70,66,25,389,506,583,1.320000
852,0,20,35,114,109,0,9,43,10,69,11,20,35,114,1.604651
853,0,1,34,98,93,10,5,11,29,45,23,1,34,98,4.090909
854,0,1,39,121,382,14,3,25,24,61,31,1,39,121,2.440000
855,0,1,1,32,283,0,0,25,0,29,2,1,1,32,1.160000
856,0,1,11,114,432,6,4,31,6,87,18,1,11,114,2.806452
857,0,1,4,51,448,0,3,24,3,28,19,1,4,51,1.166667
858,0,1,8,39,280,3,3,29,5,29,4,1,8,39,1.000000
859,0,1,1,14,130,0,0,13,0,13,0,1,1,14,1.000000
860,0,1,5,37,163,2,6,22,4,26,6,1,5,37,1.181818
861,0,105,206,281,552,45,10,39,36,65,35,105,206,281,1.666667
862,0,1,12,46,204,3,7,14,9,30,6,1,12,46,2.142857
863,0,1,14,31,198,6,1,16,10,16,4,1,14,31,1.000000
864,0,115,433,527,144,60,19,43,56,79,37,115,433,527,1.837209
865,0,28,95,181,385,19,11,50,30,74,24,28,95,181,1.480000
866,0,25,50,152,60,3,10,29,13,63,40,25,50,152,2.172414
867,0,1,25,85,350,11,3,24,15,36,33,1,25,85,1.500000
868,0,-1,-1,-1,-1,0,-1,61,0,0,0,-1,-1,-1,0.000000
869,0,1,11,36,311,2,6,21,8,21,6,1,11,36,1.000000
870,0,1,81,141,592,15,5,34,47,54,19,1,81,141,1.588235
871,0,1,129,179,591,19,3,34,25,42,22,1,129,179,1.235294
872,0,1,5,33,207,3,5,20,4,26,2,1,5,33,1.300000
873,0,1,22,48,412,6,5,20,17,22,7,1,22,48,1.100000
874,0,1,5,39,409,2,6,19,2,29,7,1,5,39,1.526316
875,0,1,15,55,48,1,4,11,13,29,12,1,15,55,2.636364
876,0,37,127,189,30,28,20,45,36,61,15,37,127,189,1.355556
877,0,1,10,85,401,3,13,19,9,49,26,1,10,85,2.578947
878,0,1,13,31,47,0,5,9,7,13,10,1,13,31,1.444444
879,0,1,4,53,408,2,13,25,2,37,13,1,4,53,1.480000
880,0,1,18,76,422,12,4,42,16,52,7,1,18,76,1.238095
881,0,44,134,204,473,32,18,47,36,61,27,44,134,204,1.297872
882,0,2,148,202,532,48,15,34,56,48,27,2,148,202,1.411765
883,0,84,89,164,368,5,17,37,1,61,18,84,89,164,1.648649
884,0,1,12,67,293,1,5,14,11,42,13,1,12,67,3.000000
885,0,1,10,28,299,1,6,14,8,16,3,1,10,28,1.142857
886,0,27,76,182,471,18,13,27,29,85,29,27,76,182,3.148148
887,0,4,25,102,547,4,2,26,6,60,21,4,25,102,2.307692
888,0,1,9,70,378,0,6,17,8,39,22,1,9,70,2.294118
889,0,1,5,37,507,3,1,23,4,27,5,1,5,37,1.173913
890,0,414,536,622,53,21,23,42,35,72,22,414,536,622,1.714286
891,0,163,-1,-1,447,3,26,54,1,0,3,163,-1,-1,0.000000
892,0,116,194,271,537,36,12,31,34,53,38,116,194,271,1.709677
893,0,208,292,366,12,37,8,43,45,57,22,208,292,366,1.325581
894,0,1,4,48,360,3,8,23,2,33,12,1,4,48,1.434783
895,0,52,161,220,96,80,24,49,60,59,44,52,161,220,1.204082
896,0,1,10,66,372,3,3,20,5,36,24,1,10,66,1.800000
897,0,195,235,301,60,27,17,44,24,52,23,195,235,301,1.181818
898,0,1,6,28,286,3,6,19,5,21,1,1,6,28,1.105263
899,0,1,7,22,74,0,3,12,5,14,2,1,7,22,1.166667
900,11,115,522,619,145,116,14,44,110,78,57,104,511,608,1.772727
901,13,14,21,123,373,3,4,25,7,67,35,1,8,110,2.680000
902,13,176,227,281,281,23,18,30,32,40,16,163,214,268,1.333333
903,13,18,18,104,513,0,0,42,0,74,12,5,5,91,1.761905
904,14,395,434,508,334,10,23,50,5,68,13,381,420,494,1.360000
905,14,15,31,110,390,6,4,22,9,62,24,1,17,96,2.818182
906,14,15,16,31,65,0,1,8,1,12,3,1,2,17,1.500000
907,15,-1,-1,-1,-1,0,-1,46,0,0,0,-1,-1,-1,0.000000
908,15,16,19,109,554,3,1,50,3,86,4,1,4,94,1.720000
909,15,16,17,91,397,1,2,16,0,62,13,1,2,76,3.875000
910,16,17,58,133,381,10,7,14,31,64,21,1,42,117,4.571429
911,16,17,32,46,233,1,3,11,10,13,6,1,16,30,1.181818
912,16,17,17,45,7,0,0,13,0,21,7,1,1,29,1.615385
913,16,17,18,79,17,1,10,28,1,56,5,1,2,63,2.000000
914,16,17,41,75,100,2,6,13,18,21,19,1,25,59,1.615385
915,16,17,18,43,59,0,1,13,1,23,2,1,2,27,1.769231
916,17,18,18,83,297,0,0,22,0,48,17,1,1,66,2.181818
917,18,75,128,209,283,13,16,49,23,67,19,57,110,191,1.367347
918,18,19,19,75,556,0,0,23,0,49,7,1,1,57,2.130435
919,18,215,402,463,244,26,15,35,40,53,18,197,384,445,1.514286
920,18,19,32,132,60,2,9,38,12,80,21,1,14,114,2.105263
921,18,547,690,771,597,51,12,47,49,77,22,529,672,753,1.638298
922,18,19,22,73,24,0,3,29,3,41,10,1,4,55,1.413793
923,18,19,19,70,400,0,0,28,0,44,7,1,1,52,1.571429
924,19,362,368,454,185,1,18,48,2,82,4,343,349,435,1.708333
925,19,20,30,142,145,1,7,19,9,77,36,1,11,123,4.052632
926,19,369,-1,-1,586,10,22,54,11,0,12,350,-1,-1,0.000000
927,19,131,524,569,217,90,15,34,76,40,76,112,505,550,1.176471
928,19,33,41,130,147,2,8,21,6,61,30,14,22,111,2.904762
929,19,616,885,955,99,51,20,54,71,64,33,597,866,936,1.185185
930,19,20,25,144,489,3,4,26,4,80,39,1,6,125,3.076923
931,19,20,30,94,581,4,15,30,9,54,11,1,11,75,1.800000
932,19,20,77,116,189,24,4,14,47,30,19,1,58,97,2.142857
933,20,23,131,178,489,66,2,24,68,32,48,3,111,158,1.333333
934,20,27,64,169,172,25,16,39,23,77,42,7,44,149,1.974359
935,20,234,330,385,593,41,7,45,49,51,13,214,310,365,1.133333
936,20,33,55,142,581,9,12,51,10,77,14,13,35,122,1.509804
937,20,153,-1,-1,316,47,18,38,36,0,32,133,-1,-1,0.000000
938,21,45,55,69,208,0,9,14,6,14,0,24,34,48,1.000000
939,21,22,43,60,250,2,4,12,19,14,5,1,22,39,1.166667
940,21,22,48,95,13,15,13,30,17,44,12,1,27,74,1.466667
941,21,22,28,75,316,0,6,27,6,37,10,1,7,54,1.370370
942,21,23,30,95,99,0,4,39,3,59,7,2,9,74,1.512821
943,21,22,30,123,58,1,12,29,7,71,23,1,9,102,2.448276
944,21,111,127,198,228,2,14,20,7,54,19,90,106,177,2.700000
945,22,88,111,153,300,0,8,18,7,30,13,66,89,131,1.666667
946,22,28,39,113,581,7,10,39,10,59,16,6,17,91,1.512821
947,22,77,199,237,492,17,16,19,28,27,12,55,177,215,1.421053
948,22,23,24,73,56,0,1,18,1,38,11,1,2,51,2.111111
949,23,95,306,374,125,155,14,47,123,67,62,72,283,351,1.425532
950,23,29,78,190,219,15,10,36,25,82,52,6,55,167,2.277778
951,23,24,24,54,138,0,0,18,0,22,8,1,1,31,1.222222
952,23,35,52,117,355,2,12,48,6,60,14,12,29,94,1.250000
953,23,99,427,500,487,43,12,48,39,66,32,76,404,477,1.375000
954,23,24,45,67,99,10,4,20,19,22,2,1,22,44,1.100000
955,23,24,139,201,189,58,4,21,81,33,57,1,116,178,1.571429
956,23,38,156,192,292,85,12,31,72,33,35,15,133,169,1.064516
957,24,25,159,228,193,13,6,24,37,46,30,1,135,204,1.916667
958,24,37,49,147,512,9,16,38,9,76,25,13,25,123,2.000000
959,24,38,78,136,381,17,12,32,12,56,12,14,54,112,1.750000
960,25,27,68,179,189,29,1,40,30,92,30,2,43,154,2.300000
961,25,26,26,133,511,0,0,32,0,82,25,1,1,108,2.562500
962,25,26,40,98,278,7,5,17,11,43,18,1,15,73,2.529412
963,25,26,26,87,12,0,0,23,0,45,16,1,1,62,1.956522
964,25,29,42,133,581,11,10,43,9,71,24,4,17,108,1.651163
965,25,26,26,53,66,0,0,16,0,22,5,1,1,28,1.375000
966,25,111,286,362,474,118,18,58,99,72,50,86,261,337,1.241379
967,25,26,26,54,133,0,0,16,0,26,2,1,1,29,1.625000
968,26,27,28,46,193,1,4,13,1,17,1,1,2,20,1.307692
969,26,29,46,138,336,5,12,24,16,66,27,3,20,112,2.750000
970,26,156,303,369,574,10,11,33,9,55,17,130,277,343,1.666667
971,26,27,59,98,272,5,4,22,28,34,9,1,33,72,1.545455
972,26,27,57,123,76,14,9,23,19,43,34,1,31,97,1.869565
973,26,84,202,273,573,90,13,42,74,60,49,58,176,247,1.428571
974,27,28,28,77,9,0,0,11,0,43,6,1,1,50,3.909091
975,27,385,502,570,526,30,14,41,40,57,20,358,475,543,1.390244
976,27,36,61,161,484,18,10,25,17,67,41,9,34,134,2.680000
977,27,217,585,673,597,51,9,60,44,86,34,190,558,646,1.433333
978,27,28,64,175,132,13,2,38,24,72,48,1,37,148,1.894737
979,27,28,37,56,4,0,7,11,7,15,6,1,10,29,1.363636
980,27,30,42,139,89,3,9,42,9,76,24,3,15,112,1.809524
981,27,37,64,101,340,7,12,7,20,23,17,10,37,74,3.285714
982,27,352,687,748,198,53,20,46,49,52,36,325,660,721,1.130435
983,27,28,41,121,383,2,2,51,3,71,11,1,14,94,1.392157
984,28,225,259,297,452,4,17,30,14,34,5,197,231,269,1.133333
985,28,235,737,837,573,45,18,42,48,74,55,207,709,809,1.761905
986,28,29,32,134,555,1,2,25,3,85,17,1,4,106,3.400000
987,28,43,71,149,484,13,11,27,15,73,15,15,43,121,2.703704
988,28,32,62,126,377,7,16,30,16,46,18,4,34,98,1.533333
989,28,32,41,121,355,3,10,42,6,66,16,4,13,93,1.571429
990,28,42,87,173,512,30,16,56,23,80,28,14,59,145,1.428571
991,28,245,302,371,293,7,21,34,6,62,11,217,274,343,1.823529
992,28,29,64,151,70,8,11,21,17,57,48,1,36,123,2.714286
993,28,40,57,92,357,1,7,26,15,30,7,12,29,64,1.153846
994,29,38,111,190,468,40,11,32,43,72,30,9,82,161,2.250000
995,29,30,42,50,32,5,9,8,12,8,0,1,13,21,1.000000
996,29,172,197,228,99,14,12,21,18,27,5,143,168,199,1.285714
997,29,30,66,165,0,12,9,19,24,75,36,1,37,136,3.947368
998,29,36,46,117,140,4,13,45,8,63,10,7,17,88,1.400000
999,29,30,33,71,269,3,3,17,3,33,5,1,4,42,1.941176
1000,29,30,39,151,69,5,5,29,7,89,25,1,10,122,3.068966
1001,29,32,39,129,235,1,9,26,2,66,26,3,10,100,2.538462
1002,29,54,158,229,559,6,8,47,7,59,19,25,129,200,1.255319
1003,29,30,50,76,29,5,12,15,16,23,7,1,21,47,1.533333
1004,29,54,138,225,38,0,11,46,0,78,10,25,109,196,1.695652
1005,30,31,39,134,49,0,6,24,6,66,31,1,9,104,2.750000
1006,30,31,32,77,94,0,1,11,1,33,12,1,2,47,3.000000
1007,30,31,40,116,182,5,12,40,5,64,15,1,10,86,1.600000
1008,30,32,139,193,177,69,9,38,69,50,37,2,109,163,1.315789
1009,30,31,179,235,403,108,1,30,89,54,60,1,149,205,1.800000
1010,30,31,32,53,107,0,1,17,1,19,2,1,2,23,1.117647
1011,31,215,399,498,537,22,7,35,37,71,31,184,368,467,2.028571
1012,31,32,34,142,193,0,2,41,2,69,39,1,3,111,1.682927
1013,31,239,519,598,593,51,2,47,77,75,16,208,488,567,1.595745
1014,31,38,88,186,117,24,12,32,21,94,14,7,57,155,2.937500
1015,31,32,82,128,76,19,9,20,33,34,29,1,51,97,1.700000
1016,31,32,60,155,13,15,18,30,15,60,48,1,29,124,2.000000
1017,31,53,109,195,473,44,22,46,43,74,24,22,78,164,1.608696
1018,31,32,119,186,381,53,8,32,48,56,33,1,88,155,1.750000
1019,31,32,109,208,26,25,9,29,60,73,43,1,78,177,2.517241
1020,31,123,164,240,177,8,13,24,19,60,18,92,133,209,2.500000
1021,31,386,447,542,515,6,10,41,7,59,39,355,416,511,1.439024
1022,31,50,72,161,458,12,19,36,11,82,16,19,41,130,2.277778
1023,32,33,42,124,293,3,6,25,7,59,23,1,10,92,2.360000
1024,32,36,63,82,104,8,9,11,18,17,10,4,31,50,1.545455
1025,32,33,35,130,177,2,9,22,2,78,17,1,3,98,3.545455
1026,32,33,61,143,158,19,14,19,22,53,35,1,29,111,2.789474
1027,32,92,169,230,599,55,12,41,38,53,38,60,137,198,1.292683
1028,32,34,105,177,219,37,11,42,48,64,31,2,73,145,1.523810
1029,32,208,273,353,482,29,14,42,34,70,15,176,241,321,1.666667
1030,32,33,39,73,261,4,9,23,3,33,3,1,7,41,1.434783
1031,32,317,657,727,271,32,8,51,37,67,15,285,625,695,1.313725
1032,33,45,51,93,595,0,6,30,6,38,4,12,18,60,1.266667
1033,33,34,44,60,48,4,6,13,8,15,3,1,11,27,1.153846
1034,33,34,61,108,186,9,3,25,20,37,17,1,28,75,1.480000
1035,33,45,130,221,577,41,20,22,62,78,36,12,97,188,3.545455
1036,33,39,143,223,357,45,8,54,59,74,26,6,110,190,1.370370
1037,33,34,43,66,103,5,5,9,8,17,7,1,10,33,1.888889
1038,33,56,77,168,458,16,15,37,13,79,18,23,44,135,2.135135
1039,33,34,48,133,171,3,8,19,12,63,24,1,15,100,3.315789
1040,33,34,39,116,181,3,3,13,5,53,24,1,6,83,4.076923
1041,34,35,148,222,46,44,16,11,64,57,66,1,114,188,5.181818
1042,34,35,83,177,196,25,11,33,36,57,49,1,49,143,1.727273
1043,34,49,117,169,381,43,11,37,32,49,25,15,83,135,1.324324
1044,34,35,68,166,240,0,5,38,12,76,23,1,34,132,2.000000
1045,34,122,201,225,487,16,9,19,22,23,5,88,167,191,1.210526
1046,34,-1,-1,-1,-1,0,-1,58,0,0,0,-1,-1,-1,0.000000
1047,34,35,36,87,347,0,1,41,1,47,4,1,2,53,1.146341
1048,34,35,56,139,58,7,12,20,18,64,22,1,22,105,3.200000
1049,34,125,309,360,555,74,8,42,74,48,27,91,275,326,1.142857
1050,34,35,57,112,13,8,15,18,15,38,24,1,23,78,2.111111
1051,34,36,52,117,291,7,6,33,10,55,13,2,18,83,1.666667
1052,35,36,45,94,103,4,4,13,7,39,12,1,10,59,3.000000
1053,35,36,36,66,222,0,0,20,0,28,2,1,1,31,1.400000
1054,35,36,69,152,179,26,22,44,25,76,15,1,34,117,1.727273
1055,35,-1,-1,-1,-1,0,-1,50,0,0,0,-1,-1,-1,0.000000
1056,35,211,238,317,457,5,10,29,11,65,16,176,203,282,2.241379
1057,35,148,160,224,27,11,17,26,8,48,20,113,125,189,1.846154
1058,35,-1,-1,-1,-1,0,-1,56,0,0,0,-1,-1,-1,0.000000
1059,35,36,43,135,219,3,13,43,5,81,12,1,8,100,1.883721
1060,35,36,40,77,247,3,12,25,4,33,4,1,5,42,1.320000
1061,35,36,134,154,29,45,16,14,67,16,35,1,99,119,1.142857
1062,36,37,109,202,363,26,14,23,53,71,40,1,73,166,3.086957
1063,36,37,84,105,51,19,18,15,30,19,19,1,48,69,1.266667
1064,36,37,47,80,100,5,3,15,10,25,8,1,11,44,1.666667
1065,36,37,154,216,238,77,10,40,81,56,42,1,118,180,1.400000
1066,36,37,71,90,149,17,9,16,26,16,11,1,35,54,1.000000
1067,36,37,48,155,336,4,15,28,10,86,22,1,12,119,3.071429
1068,36,37,99,203,236,34,9,34,42,98,26,1,63,167,2.882353
1069,36,37,55,126,34,3,10,20,14,42,33,1,19,90,2.100000
1070,36,45,59,148,540,2,15,49,7,79,10,9,23,112,1.612245
1071,36,37,133,211,355,34,12,32,52,68,44,1,97,175,2.125000
1072,36,37,78,176,73,21,8,32,26,76,37,1,42,140,2.375000
1073,36,44,64,121,543,1,11,37,5,47,14,8,28,85,1.270270
1074,36,37,88,152,179,34,21,40,39,62,14,1,52,116,1.550000
1075,36,37,40,96,47,0,3,28,3,40,16,1,4,60,1.428571
1076,37,38,68,106,158,15,8,14,24,28,16,1,31,69,2.000000
1077,37,38,91,147,182,26,10,31,43,45,21,1,54,110,1.451613
1078,37,42,127,203,351,56,15,49,54,71,36,5,90,166,1.448980
1079,37,38,46,105,121,2,4,21,8,39,20,1,9,68,1.857143
1080,37,38,46,135,116,0,5,17,7,59,31,1,9,98,3.470588
1081,37,173,221,254,411,24,16,22,40,26,8,136,184,217,1.181818
1082,37,41,67,132,377,6,14,48,7,56,12,4,30,95,1.166667
1083,37,38,66,110,33,3,16,22,22,36,14,1,29,73,1.636364
1084,37,38,96,162,57,22,14,24,38,50,36,1,59,125,2.083333
1085,37,163,-1,-1,590,3,19,53,0,0,4,126,-1,-1,0.000000
1086,37,128,252,279,264,14,7,27,18,27,7,91,215,242,1.000000
1087,37,-1,-1,-1,-1,0,-1,52,0,0,0,-1,-1,-1,0.000000
1088,37,38,51,131,346,8,6,24,9,56,28,1,14,94,2.333333
1089,37,-1,-1,-1,-1,0,-1,53,0,0,0,-1,-1,-1,0.000000
1090,38,39,43,81,327,0,4,26,4,30,8,1,5,43,1.153846
1091,38,39,93,176,368,31,23,53,33,77,26,1,55,138,1.452830
1092,38,39,72,96,51,16,17,15,27,23,7,1,34,58,1.533333
1093,38,39,55,151,439,8,5,29,10,89,12,1,17,113,3.068966
1094,38,59,134,206,464,48,13,38,38,64,32,21,96,168,1.684211
1095,38,39,44,74,119,2,5,24,4,30,1,1,6,36,1.250000
1096,38,39,49,136,219,6,13,38,8,64,25,1,11,98,1.684211
1097,38,225,451,505,552,8,5,35,15,45,11,187,413,467,1.285714
1098,38,39,85,149,81,18,8,17,37,49,24,1,47,111,2.882353
1099,38,39,41,142,26,0,2,22,2,80,21,1,3,104,3.636364
1100,38,39,42,127,131,1,1,16,3,60,25,1,4,89,3.750000
1101,38,39,152,190,529,63,16,29,79,33,36,1,114,152,1.137931
1102,38,84,153,225,577,52,15,39,53,65,23,46,115,187,1.666667
1103,38,39,43,55,185,0,4,12,4,12,0,1,5,17,1.000000
1104,38,39,48,146,54,2,12,38,8,70,29,1,10,108,1.842105
1105,39,194,195,265,224,1,16,36,1,64,6,155,156,226,1.777778
1106,39,245,476,575,503,44,19,35,42,75,41,206,437,536,2.142857
1107,39,60,171,255,393,101,22,39,74,67,54,21,132,216,1.717949
1108,39,53,97,175,128,20,7,37,21,59,27,14,58,136,1.594595
1109,39,555,861,928,479,40,20,57,50,65,23,516,822,889,1.140351
1110,39,111,210,278,466,55,22,32,58,60,23,72,171,239,1.875000
1111,39,245,344,426,156,7,14,38,9,68,17,206,305,387,1.789474
1112,39,40,62,135,295,11,13,29,19,69,7,1,23,96,2.379310
1113,39,365,455,539,590,29,14,49,31,71,29,326,416,500,1.448980
1114,39,41,68,125,398,7,9,25,8,45,18,2,29,86,1.800000
1115,40,41,77,115,117,22,10,25,28,33,13,1,37,75,1.320000
1116,40,41,76,165,115,15,13,18,28,64,32,1,36,125,3.555556
1117,40,84,121,212,370,20,12,56,24,90,6,44,81,172,1.607143
1118,40,41,61,135,409,4,8,23,16,57,21,1,21,95,2.478261
1119,40,41,77,177,206,22,19,36,27,72,36,1,37,137,2.000000
1120,41,76,153,239,563,58,11,37,48,85,29,35,112,198,2.297297
1121,41,104,175,218,552,32,11,35,37,41,17,63,134,177,1.171429
1122,41,101,136,199,70,13,8,24,24,42,25,60,95,158,1.750000
1123,41,159,188,212,549,5,18,17,10,21,4,118,147,171,1.235294
1124,41,42,47,85,314,0,5,17,5,27,11,1,6,44,1.588235
1125,42,48,75,148,398,11,13,21,18,45,32,6,33,106,2.142857
1126,42,46,62,127,134,3,9,24,11,48,22,4,20,85,2.000000
1127,42,131,306,360,393,22,17,34,24,48,24,89,264,318,1.411765
1128,42,43,44,111,545,0,1,28,1,56,11,1,2,69,2.000000
1129,42,43,71,112,197,13,11,21,21,31,17,1,29,70,1.476190
1130,43,45,69,104,104,4,11,9,16,31,12,2,26,61,3.444444
1131,43,370,-1,-1,594,58,14,56,58,0,28,327,-1,-1,0.000000
1132,43,44,51,151,38,4,15,28,7,72,28,1,8,108,2.571429
1133,43,47,135,166,75,1,8,15,12,21,13,4,92,123,1.400000
1134,43,172,226,263,478,22,17,28,26,30,24,129,183,220,1.071429
1135,43,44,61,101,157,12,5,26,10,38,9,1,18,58,1.461538
1136,43,44,50,121,430,4,1,17,5,47,25,1,7,78,2.764706
1137,43,45,61,131,520,11,18,13,10,45,31,2,18,88,3.461538
1138,43,117,233,327,323,54,18,55,51,91,23,74,190,284,1.654545
1139,43,47,131,226,398,48,12,13,52,77,50,4,88,183,5.923077
1140,44,45,83,145,529,28,14,44,26,58,16,1,39,101,1.318182
1141,44,176,191,270,6,2,6,26,10,50,32,132,147,226,1.923077
1142,44,45,76,127,65,3,10,9,27,35,20,1,32,83,3.888889
1143,44,45,216,289,366,58,8,30,66,56,40,1,172,245,1.866667
1144,44,45,75,174,381,21,12,21,20,73,36,1,31,130,3.476190
1145,44,163,-1,-1,284,2,19,54,2,0,2,119,-1,-1,0.000000
1146,44,50,61,100,101,6,4,27,8,37,5,6,17,56,1.370370
1147,44,57,176,250,479,15,3,31,19,59,24,13,132,206,1.903226
1148,45,46,59,121,125,4,1,40,10,54,10,1,14,76,1.350000
1149,45,46,96,141,38,14,17,15,38,35,22,1,51,96,2.333333
1150,45,46,48,141,73,0,2,28,2,62,31,1,3,96,2.214286
1151,45,46,129,201,215,54,11,31,49,59,47,1,84,156,1.903226
1152,45,46,95,148,306,34,9,23,38,43,21,1,50,103,1.869565
1153,45,154,292,347,317,14,23,29,14,39,23,109,247,302,1.344828
1154,45,46,86,162,381,22,12,22,26,52,38,1,41,117,2.363636
1155,45,52,84,181,559,7,8,33,8,87,15,7,39,136,2.636364
1156,45,46,64,139,289,8,6,23,15,63,15,1,19,94,2.739130
1157,45,46,56,121,198,6,7,32,6,50,18,1,11,76,1.562500
1158,46,155,-1,-1,146,5,22,46,8,0,1,109,-1,-1,0.000000
1159,46,47,51,136,188,2,4,14,4,68,17,1,5,90,4.857143
1160,46,47,57,75,162,2,16,13,9,17,2,1,11,29,1.307692
1161,46,47,58,160,198,8,7,31,10,77,26,1,12,114,2.483871
1162,46,47,70,99,106,12,8,25,17,29,6,1,24,53,1.160000
1163,46,76,96,142,580,0,16,16,6,40,8,30,50,96,2.500000
1164,46,47,56,142,482,5,9,43,8,77,10,1,10,96,1.790698
1165,46,47,72,176,439,15,7,25,18,79,32,1,26,130,3.160000
1166,46,47,63,143,102,3,7,35,14,79,3,1,17,97,2.257143
1167,46,74,101,169,367,20,15,44,16,60,19,28,55,123,1.363636
1168,46,47,135,215,377,53,17,35,63,57,48,1,89,169,1.628571
1169,46,47,84,99,46,5,21,13,21,15,16,1,38,53,1.153846
1170,47,48,58,118,388,7,4,12,9,44,17,1,11,71,3.666667
1171,47,48,51,72,357,0,3,18,3,18,3,1,4,25,1.000000
1172,47,48,55,113,162,6,16,27,4,47,14,1,8,66,1.740741
1173,47,51,59,136,392,5,11,39,4,65,16,4,12,89,1.666667
1174,47,55,148,209,368,55,19,41,46,57,24,8,101,162,1.390244
1175,47,48,72,113,209,20,13,20,18,36,11,1,25,66,1.800000
1176,47,163,-1,-1,346,3,21,53,4,0,1,116,-1,-1,0.000000
1177,48,49,94,191,209,25,13,17,30,77,35,1,46,143,4.529412
1178,48,55,423,501,205,247,14,41,231,65,111,7,375,453,1.585366
1179,48,-1,-1,-1,-1,0,-1,47,0,0,0,-1,-1,-1,0.000000
1180,48,49,54,111,109,0,5,22,5,42,15,1,6,63,1.909091
1181,48,49,98,187,284,32,19,44,24,82,32,1,50,139,1.863636
1182,48,125,354,413,327,62,13,46,65,52,23,77,306,365,1.130435
1183,48,49,153,217,473,53,18,47,60,55,30,1,105,169,1.170213
1184,48,49,50,110,301,0,1,33,1,47,13,1,2,62,1.424242
1185,48,320,566,660,147,86,16,41,62,79,60,272,518,612,1.926829
1186,48,72,254,326,567,127,15,32,119,64,64,24,206,278,2.000000
1187,48,59,67,144,547,0,8,39,7,57,20,11,19,96,1.461538
1188,48,49,62,140,198,7,5,22,10,56,25,1,14,92,2.545455
1189,48,148,168,222,152,13,15,29,12,45,14,100,120,174,1.551724
1190,48,148,164,215,134,14,20,26,10,40,16,100,116,167,1.538462
1191,49,57,159,225,393,71,18,28,70,46,47,8,110,176,1.642857
1192,49,131,290,395,120,49,16,33,47,83,47,82,241,346,2.515152
1193,49,57,73,164,270,1,8,31,12,59,35,8,24,115,1.903226
1194,49,50,71,162,158,11,3,18,15,62,35,1,22,113,3.444444
1195,49,50,76,172,236,8,12,16,12,82,28,1,27,123,5.125000
1196,49,147,452,525,578,149,17,46,145,66,69,98,403,476,1.434783
1197,49,53,106,176,392,29,12,37,27,59,30,4,57,127,1.594595
1198,50,51,54,98,102,0,3,23,3,39,5,1,4,48,1.695652
1199,50,65,203,247,95,60,13,35,50,39,50,15,153,197,1.114286
1200,50,203,257,314,516,42,11,46,33,50,23,153,207,264,1.086957
1201,50,51,133,175,149,62,9,30,54,42,28,1,83,125,1.400000
1202,50,275,307,385,551,3,8,34,13,62,26,225,257,335,1.823529
1203,50,51,84,148,348,25,21,25,21,53,23,1,34,98,2.120000
1204,51,57,143,193,309,57,10,26,57,46,32,6,92,142,1.769231
1205,51,52,102,135,334,39,11,18,31,28,24,1,51,84,1.555556
1206,51,52,106,131,117,29,4,20,36,22,21,1,55,80,1.100000
1207,51,52,54,125,227,0,2,39,2,63,8,1,3,74,1.615385
1208,51,52,62,81,27,4,11,11,6,17,6,1,11,30,1.545455
1209,52,53,56,131,354,2,2,33,3,59,16,1,4,79,1.787879
1210,52,53,181,249,448,91,21,36,67,60,69,1,129,197,1.666667
1211,52,57,65,109,423,1,10,28,5,44,3,5,13,57,1.571429
1212,52,109,154,195,361,32,19,27,32,37,17,57,102,143,1.370370
1213,52,617,-1,-1,500,35,21,58,52,0,20,565,-1,-1,0.000000
1214,52,53,63,83,6,2,6,7,8,17,5,1,11,31,2.428571
1215,52,53,84,143,292,11,7,33,20,57,5,1,32,91,1.727273
1216,53,54,115,193,571,28,5,43,31,67,25,1,62,140,1.558140
1217,53,54,60,116,275,5,6,20,6,40,16,1,7,63,2.000000
1218,53,54,57,122,152,3,12,15,0,47,21,1,4,69,3.133333
1219,53,54,61,151,231,6,13,49,5,77,15,1,8,98,1.571429
1220,53,55,97,160,478,24,5,45,30,57,17,2,44,107,1.266667
1221,53,213,363,442,361,22,15,31,29,49,43,160,310,389,1.580645
1222,54,55,86,149,283,22,16,32,24,58,12,1,32,95,1.812500
1223,54,55,63,93,71,5,10,17,6,23,9,1,9,39,1.352941
1224,54,76,94,178,232,12,11,37,14,75,12,22,40,124,2.027027
1225,54,55,57,151,342,1,2,35,2,71,23,1,3,97,2.028571
1226,54,55,57,165,305,0,2,27,2,71,37,1,3,111,2.629630
1227,54,55,68,159,33,3,11,22,11,74,19,1,14,105,3.363636
1228,54,714,-1,-1,518,8,21,46,11,0,3,660,-1,-1,0.000000
1229,55,67,72,186,498,4,13,44,5,90,24,12,17,131,2.045455
1230,55,56,140,180,393,70,22,34,48,36,39,1,85,125,1.058824
1231,55,116,166,223,228,28,10,29,29,43,21,61,111,168,1.482759
1232,55,320,623,682,205,92,25,43,65,55,62,265,568,627,1.279070
1233,55,858,-1,-1,105,2,14,63,2,0,3,803,-1,-1,0.000000
1234,55,56,90,183,231,23,13,45,27,77,23,1,35,128,1.711111
1235,55,101,107,168,338,2,9,23,5,43,19,46,52,113,1.869565
1236,55,57,64,142,4,3,9,35,5,59,21,2,9,87,1.685714
1237,56,147,285,363,577,75,11,45,71,65,36,91,229,307,1.444444
1238,56,57,103,136,173,29,3,20,32,28,19,1,47,80,1.400000
1239,56,57,112,156,245,46,10,9,37,27,35,1,56,100,3.000000
1240,56,57,57,67,240,0,0,7,0,7,3,1,1,11,1.000000
1241,56,416,683,765,312,33,25,48,38,66,26,360,627,709,1.375000
1242,56,58,63,152,303,2,5,38,5,66,23,2,7,96,1.736842
1243,56,57,66,132,497,2,3,27,7,51,17,1,10,76,1.888889
1244,56,57,63,139,317,5,6,33,5,53,24,1,7,83,1.606061
1245,56,57,75,134,196,9,12,23,15,35,27,1,19,78,1.521739
1246,56,57,65,107,75,0,5,24,7,34,9,1,9,51,1.416667
1247,57,70,330,433,587,28,2,38,28,82,39,13,273,376,2.157895
1248,57,58,67,91,4,0,7,20,9,24,0,1,10,34,1.200000
1249,57,58,65,93,93,3,4,24,7,28,0,1,8,36,1.166667
1250,57,60,82,114,502,0,9,20,9,26,6,3,25,57,1.300000
1251,57,58,138,166,402,45,8,23,65,25,18,1,81,109,1.086957
1252,57,59,92,187,583,8,8,35,9,85,11,2,35,130,2.428571
1253,57,58,77,149,77,11,9,20,13,44,34,1,20,92,2.200000
1254,58,59,114,206,497,20,4,28,36,58,48,1,56,148,2.071429
1255,58,59,169,238,553,84,3,49,60,65,48,1,111,180,1.326531
1256,58,87,181,234,71,37,6,42,39,50,16,29,123,176,1.190476
1257,58,78,156,227,563,51,10,41,46,55,34,20,98,169,1.341463
1258,58,226,267,371,474,18,22,50,18,88,20,168,209,313,1.760000
1259,59,60,123,208,371,37,8,39,32,75,36,1,64,149,1.923077
1260,59,154,291,375,397,14,21,28,18,62,28,95,232,316,2.214286
1261,59,60,168,210,302,77,1,31,79,39,32,1,109,151,1.258065
1262,60,61,102,163,83,16,17,20,34,42,26,1,42,103,2.100000
1263,60,61,73,110,101,7,2,13,10,27,12,1,13,50,2.076923
1264,60,61,72,146,95,2,13,25,10,53,22,1,12,86,2.120000
1265,60,61,62,147,570,0,1,17,1,61,24,1,2,87,3.588235
1266,60,61,77,174,583,7,9,26,8,74,28,1,17,114,2.846154
1267,60,61,73,183,376,7,22,37,8,87,27,1,13,123,2.351351
1268,60,61,66,125,35,3,6,10,4,48,12,1,6,65,4.800000
1269,61,62,116,173,583,24,9,31,34,39,29,1,55,112,1.258065
1270,61,62,69,161,8,2,7,20,7,64,28,1,8,100,3.200000
1271,61,62,84,158,584,10,16,44,16,66,14,1,23,97,1.500000
1272,61,62,72,107,500,5,13,20,3,28,14,1,11,46,1.400000
1273,61,69,136,154,240,5,9,16,19,16,5,8,75,93,1.000000
1274,62,63,93,166,57,10,13,24,21,58,24,1,31,104,2.416667
1275,62,63,94,193,251,18,11,39,17,71,40,1,32,131,1.820513
1276,62,117,359,431,522,39,12,24,61,60,27,55,297,369,2.500000
1277,62,63,217,303,536,128,16,48,97,74,69,1,155,241,1.541667
1278,62,554,784,850,479,60,20,52,60,60,39,492,722,788,1.153846
1279,62,712,-1,-1,566,15,10,45,27,0,3,650,-1,-1,0.000000
1280,62,69,83,104,377,3,9,14,11,16,8,7,21,42,1.142857
1281,62,63,129,201,577,28,16,27,42,57,31,1,67,139,2.111111
1282,62,63,71,120,84,5,13,27,5,41,11,1,9,58,1.518519
1283,63,-1,-1,-1,-1,0,-1,63,0,0,0,-1,-1,-1,0.000000
1284,63,240,642,704,593,75,1,48,109,54,25,177,579,641,1.125000
1285,63,64,66,142,48,0,2,25,2,53,23,1,3,79,2.120000
1286,63,73,97,180,387,9,23,48,10,76,10,10,34,117,1.583333
1287,63,64,112,182,457,29,10,29,35,51,31,1,49,119,1.758621
1288,63,70,84,183,70,0,9,26,5,60,40,7,21,120,2.307692
1289,64,65,72,175,452,4,3,28,5,70,35,1,8,111,2.500000
1290,64,65,68,114,117,1,1,13,3,33,13,1,4,50,2.538462
1291,64,65,66,114,448,1,8,22,1,38,10,1,2,50,1.727273
1292,65,66,68,112,152,2,10,21,1,31,14,1,3,47,1.476190
1293,65,66,149,241,332,50,8,23,56,69,50,1,84,176,3.000000
1294,66,67,96,120,439,13,5,9,21,19,13,1,30,54,2.111111
1295,66,67,70,82,77,3,4,10,2,12,1,1,4,16,1.200000
1296,66,67,134,155,500,32,14,11,46,17,25,1,68,89,1.545455
1297,66,67,105,190,437,17,16,47,17,79,14,1,39,124,1.680851
1298,66,192,223,288,77,10,13,48,11,62,10,126,157,222,1.291667
1299,66,67,97,154,104,22,18,22,17,44,26,1,31,88,2.000000
1300,66,67,150,225,341,44,16,51,42,65,33,1,84,159,1.274510
1301,66,107,135,189,230,15,18,22,26,40,16,41,69,123,1.818182
1302,66,183,213,250,105,6,14,28,9,34,4,117,147,184,1.214286
1303,66,68,173,247,299,31,11,32,37,62,35,2,107,181,1.937500
1304,67,209,211,251,564,0,2,29,2,35,5,142,144,184,1.206897
1305,67,68,107,157,423,9,5,17,22,47,17,1,40,90,2.764706
1306,67,101,133,170,95,13,12,25,17,29,13,34,66,103,1.160000
1307,67,68,80,182,449,8,4,14,9,72,33,1,13,115,5.142857
1308,67,68,70,110,256,2,2,17,1,33,8,1,3,43,1.941176
1309,67,69,166,235,456,24,11,38,25,54,31,2,99,168,1.421053
1310,68,69,98,180,266,24,12,32,18,76,17,1,30,112,2.375000
1311,68,69,119,158,191,18,15,11,29,29,31,1,51,90,2.636364
1312,68,69,76,146,457,4,6,29,6,65,6,1,8,78,2.241379
1313,68,69,160,250,321,81,15,34,60,66,55,1,92,182,1.941176
1314,68,245,347,419,321,7,25,40,5,60,18,177,279,351,1.500000
1315,68,69,109,193,472,28,2,31,25,67,31,1,41,125,2.161290
1316,68,69,90,177,404,7,12,43,17,71,20,1,22,109,1.651163
1317,68,153,-1,-1,478,22,25,39,21,0,14,85,-1,-1,0.000000
1318,69,100,110,143,366,2,7,21,10,31,2,31,41,74,1.476190
1319,69,72,75,168,471,2,3,36,2,72,22,3,6,99,2.000000
1320,69,70,101,145,35,5,7,10,23,34,18,1,32,76,3.400000
1321,69,74,160,201,400,16,14,26,17,36,15,5,91,132,1.384615
1322,69,70,111,178,230,11,13,22,20,52,26,1,42,109,2.363636
1323,69,70,132,172,439,45,1,20,44,28,30,1,63,103,1.400000
1324,69,74,97,132,507,5,15,16,15,24,12,5,28,63,1.500000
1325,69,70,86,111,21,8,3,22,12,24,5,1,17,42,1.090909
1326,70,182,197,243,105,3,15,27,8,39,8,112,127,173,1.444444
1327,70,71,113,142,448,31,2,20,32,24,15,1,43,72,1.200000
1328,70,71,112,192,230,21,12,26,22,64,29,1,42,122,2.461538
1329,70,81,90,145,356,3,12,35,4,53,7,11,20,75,1.514286
1330,70,71,128,226,464,49,7,30,41,80,34,1,58,156,2.666667
1331,70,71,129,141,250,1,13,12,14,12,5,1,59,71,1.000000
1332,71,75,84,111,549,0,7,15,9,15,12,4,13,40,1.000000
1333,71,107,118,139,144,8,20,16,6,20,6,36,47,68,1.250000
1334,71,72,98,129,236,6,10,17,15,27,15,1,27,58,1.588235
1335,71,72,77,145,91,5,11,29,2,51,20,1,6,74,1.758621
1336,71,72,110,184,411,23,8,25,20,51,37,1,39,113,2.040000
1337,71,72,183,234,126,71,10,27,69,41,52,1,112,163,1.518519
1338,71,72,104,177,251,23,10,24,20,54,31,1,33,106,2.250000
1339,71,72,105,159,431,23,6,25,25,45,17,1,34,88,1.800000
1340,71,72,79,190,430,4,5,31,6,69,43,1,8,119,2.225806
1341,71,576,684,751,82,16,14,49,21,61,12,505,613,680,1.244898
1342,71,72,166,237,284,61,23,44,62,66,36,1,95,166,1.500000
1343,72,73,81,138,574,2,10,23,7,49,9,1,9,66,2.130435
1344,72,73,108,160,191,13,14,12,25,38,24,1,36,88,3.166667
1345,72,73,77,113,145,0,2,15,4,27,9,1,5,41,1.800000
1346,72,73,93,138,389,14,18,29,12,41,12,1,21,66,1.413793
1347,72,73,155,193,470,71,5,30,56,36,28,1,83,121,1.200000
1348,73,74,109,155,57,13,17,18,16,28,27,1,36,82,1.555556
1349,73,104,194,256,374,41,13,37,28,49,42,31,121,183,1.324324
1350,73,74,121,205,518,33,3,40,31,68,26,1,48,132,1.700000
1351,73,74,83,126,430,1,3,19,9,37,6,1,10,53,1.947368
1352,73,233,250,309,593,12,8,45,12,49,13,160,177,236,1.088889
1353,73,174,214,273,284,16,14,28,22,40,22,101,141,200,1.428571
1354,73,74,82,197,464,7,6,31,5,91,27,1,9,124,2.935484
1355,74,75,78,156,222,0,3,13,3,51,27,1,4,82,3.923077
1356,74,75,137,175,205,47,11,24,38,32,30,1,63,101,1.333333
1357,74,75,87,150,574,9,5,22,9,56,10,1,13,76,2.545455
1358,74,75,95,159,491,16,20,44,14,56,14,1,21,85,1.272727
1359,74,75,117,199,14,22,14,16,27,52,45,1,43,125,3.250000
1360,74,75,80,144,239,2,3,12,5,40,24,1,6,70,3.333333
1361,74,88,129,171,540,24,11,31,28,37,11,14,55,97,1.193548
1362,74,75,82,118,162,0,7,26,7,32,4,1,8,44,1.230769
1363,75,76,84,103,72,0,8,15,8,17,2,1,9,28,1.133333
1364,75,76,87,144,104,9,17,32,7,50,11,1,12,69,1.562500
1365,75,96,240,318,338,40,12,29,50,69,39,21,165,243,2.379310
1366,75,76,79,177,377,0,3,23,3,65,33,1,4,102,2.826087
1367,75,216,277,337,597,8,10,52,13,58,7,141,202,262,1.115385
1368,75,76,115,162,25,10,10,19,27,31,28,1,40,87,1.631579
1369,75,76,87,193,39,6,21,30,5,78,34,1,12,118,2.600000
1370,76,77,122,140,62,15,14,16,21,16,26,1,46,64,1.000000
1371,76,77,81,116,333,1,6,19,4,27,8,1,5,40,1.421053
1372,76,187,351,385,567,19,10,27,23,31,13,111,275,309,1.148148
1373,76,77,108,171,76,4,8,11,24,41,29,1,32,95,3.727273
1374,76,289,489,562,594,96,18,39,89,65,42,213,413,486,1.666667
1375,76,83,111,192,456,5,6,25,8,57,29,7,35,116,2.280000
1376,76,77,200,290,464,105,3,30,78,60,75,1,124,214,2.000000
1377,76,77,83,147,400,1,10,12,5,40,25,1,7,71,3.333333
1378,77,79,164,221,400,51,13,31,58,47,30,2,87,144,1.516129
1379,77,78,147,210,248,44,22,43,46,57,29,1,70,133,1.325581
1380,77,759,-1,-1,367,2,15,46,7,0,2,682,-1,-1,0.000000
1381,77,124,210,270,532,39,15,25,46,41,31,47,133,193,1.640000
1382,77,78,82,136,23,3,11,30,4,50,4,1,5,59,1.666667
1383,77,78,141,225,39,51,21,20,44,52,51,1,64,148,2.600000
1384,77,78,83,95,2,0,5,10,5,10,2,1,6,18,1.000000
1385,77,78,99,174,520,4,22,47,3,65,15,1,22,97,1.382979
1386,78,79,206,276,105,89,13,23,68,57,72,1,128,198,2.478261
1387,78,79,112,182,232,6,8,25,16,61,26,1,34,104,2.440000
1388,78,79,80,104,228,0,1,17,1,23,1,1,2,26,1.352941
1389,78,100,135,215,404,10,6,31,14,63,21,22,57,137,2.032258
1390,78,79,120,191,281,30,21,25,23,65,24,1,42,113,2.600000
1391,78,79,89,135,91,6,9,22,9,34,13,1,11,57,1.545455
1392,78,619,-1,-1,327,61,31,65,48,0,28,541,-1,-1,0.000000
1393,78,82,86,180,496,4,11,43,3,69,26,4,8,102,1.604651
1394,79,99,141,183,599,17,8,27,25,35,14,20,62,104,1.296296
1395,79,80,82,178,105,1,12,21,0,75,23,1,3,99,3.571429
1396,79,82,91,143,581,7,6,29,8,47,6,3,12,64,1.620690
1397,79,80,134,189,465,29,9,43,32,53,20,1,55,110,1.232558
1398,80,81,252,334,141,121,20,27,118,63,72,1,172,254,2.333333
1399,80,678,823,870,587,36,29,45,37,45,14,598,743,790,1.000000
1400,80,107,157,206,233,34,23,26,36,38,25,27,77,126,1.461538
1401,80,123,191,246,509,6,5,25,21,41,15,43,111,166,1.640000
1402,80,81,106,124,540,15,13,15,21,17,5,1,26,44,1.133333
1403,81,82,152,211,404,42,10,32,41,52,36,1,71,130,1.625000
1404,81,82,182,259,286,70,15,36,63,70,44,1,101,178,1.944444
1405,81,82,84,205,201,2,4,41,2,101,20,1,3,124,2.463415
1406,81,82,87,124,232,0,5,20,5,28,9,1,6,43,1.400000
1407,81,246,517,571,340,29,12,48,43,52,11,165,436,490,1.083333
1408,81,117,126,137,588,0,9,11,9,11,0,36,45,56,1.000000
1409,82,83,116,189,391,13,10,28,21,60,25,1,34,107,2.142857
1410,82,83,84,145,365,0,1,44,1,58,3,1,2,63,1.318182
1411,82,83,86,127,56,2,3,18,3,24,17,1,4,45,1.333333
1412,83,84,124,202,90,17,8,18,28,50,40,1,41,119,2.777778
1413,83,84,101,160,126,11,13,12,13,32,31,1,18,77,2.666667
1414,83,84,86,105,533,0,2,14,2,18,1,1,3,22,1.285714
1415,83,84,92,128,71,5,5,30,8,36,0,1,9,45,1.200000
1416,83,245,542,593,529,55,2,37,61,49,19,162,459,510,1.324324
1417,83,215,230,268,552,6,12,30,6,34,5,132,147,185,1.133333
1418,84,85,161,219,400,26,12,23,35,45,28,1,77,135,1.956522
1419,84,207,289,330,584,10,22,36,8,38,13,123,205,246,1.055556
1420,84,85,128,156,461,6,11,17,17,25,11,1,44,72,1.470588
1421,84,85,95,178,295,8,10,21,10,51,32,1,11,94,2.428571
1422,84,90,151,197,347,7,11,24,19,44,7,6,67,113,1.833333
1423,84,85,97,194,61,7,6,33,9,79,21,1,13,110,2.393939
1424,84,155,306,410,317,13,22,32,20,80,30,71,222,326,2.500000
1425,85,86,93,185,486,5,3,45,4,83,12,1,8,100,1.844444
1426,85,86,118,176,424,26,4,19,22,41,27,1,33,91,2.157895
1427,85,86,130,167,329,34,14,24,27,30,24,1,45,82,1.250000
1428,85,86,91,156,105,5,15,31,3,53,14,1,6,71,1.709677
1429,85,144,239,293,390,37,14,48,42,52,19,59,154,208,1.083333
1430,85,86,98,171,466,4,13,34,6,54,25,1,13,86,1.588235
1431,86,225,330,368,269,5,16,33,13,35,4,139,244,282,1.060606
1432,86,87,122,206,512,23,7,39,18,77,24,1,36,120,1.974359
1433,87,88,88,155,76,0,0,27,0,55,12,1,1,68,2.037037
1434,87,88,89,159,318,1,6,42,1,66,4,1,2,72,1.571429
1435,87,88,136,178,361,36,12,26,31,38,21,1,49,91,1.461538
1436,87,744,810,896,508,11,16,61,15,79,10,657,723,809,1.295082
1437,88,89,91,164,474,2,15,48,2,66,7,1,3,76,1.375000
1438,88,90,237,342,512,109,9,49,79,91,80,2,149,254,1.857143
1439,88,581,780,865,556,31,17,51,42,67,24,493,692,777,1.313725
1440,88,364,536,607,559,71,25,58,66,68,31,276,448,519,1.172414
1441,88,204,257,332,224,24,8,41,29,71,6,116,169,244,1.731707
1442,88,89,132,209,154,24,11,45,21,63,25,1,44,121,1.400000
1443,88,110,183,266,144,44,21,29,41,61,47,22,95,178,2.103448
1444,89,90,108,159,296,14,11,17,15,45,9,1,19,70,2.647059
1445,90,416,615,693,10,15,23,49,17,71,23,326,525,603,1.448980
1446,90,91,173,221,183,63,5,30,50,46,34,1,83,131,1.533333
1447,90,91,97,148,528,3,14,35,5,49,3,1,7,58,1.400000
1448,91,92,286,364,61,143,5,41,131,69,72,1,195,273,1.682927
1449,91,92,96,117,65,0,4,16,4,20,1,1,5,26,1.250000
1450,91,92,114,191,314,20,9,40,16,62,21,1,23,100,1.550000
1451,91,93,127,158,70,8,11,18,28,22,14,2,36,67,1.222222
1452,91,144,209,264,577,5,13,38,17,52,6,53,118,173,1.368421
1453,92,93,97,164,61,0,4,27,4,49,18,1,5,72,1.814815
1454,92,93,97,201,87,3,7,30,1,76,31,1,5,109,2.533333
1455,92,93,153,176,309,32,1,15,38,19,26,1,61,84,1.266667
1456,92,93,144,209,9,27,6,7,37,53,26,1,52,117,7.571429
1457,92,122,201,271,537,43,11,32,35,60,51,30,109,179,1.875000
1458,93,338,664,739,149,106,11,42,94,58,55,245,571,646,1.380952
1459,93,178,358,428,4,22,12,25,42,53,27,85,265,335,2.120000
1460,93,611,761,858,248,40,31,44,36,78,53,518,668,765,1.772727
1461,93,95,100,160,87,3,9,44,5,50,10,2,7,67,1.136364
1462,93,154,247,298,586,4,24,36,2,46,8,61,154,205,1.277778
1463,93,94,119,140,461,5,13,17,14,21,6,1,26,47,1.235294
1464,93,725,-1,-1,501,0,14,50,2,0,0,632,-1,-1,0.000000
1465,93,134,150,211,106,9,9,25,14,47,16,41,57,118,1.880000
1466,94,741,-1,-1,114,0,22,50,3,0,1,647,-1,-1,0.000000
1467,94,108,215,304,255,68,20,52,68,84,23,14,121,210,1.615385
1468,94,95,182,257,128,40,8,17,58,57,47,1,88,163,3.352941
1469,94,104,184,271,14,27,12,28,49,72,18,10,90,177,2.571429
1470,95,96,185,267,474,64,16,52,67,80,20,1,90,172,1.538462
1471,95,98,106,182,599,5,9,25,5,63,16,3,11,87,2.520000
1472,95,96,128,186,398,20,12,41,14,55,21,1,33,91,1.341463
1473,95,96,104,189,443,8,13,34,6,72,15,1,9,94,2.117647
1474,95,96,122,166,55,21,18,28,19,38,13,1,27,71,1.357143
1475,95,214,324,404,599,79,20,48,61,74,38,119,229,309,1.541667
1476,95,96,107,140,296,9,11,23,10,27,7,1,12,45,1.173913
1477,95,96,126,197,542,21,14,39,15,49,36,1,31,102,1.256410
1478,95,96,106,175,224,7,19,51,5,65,9,1,11,80,1.274510
1479,95,96,112,146,25,8,11,15,11,27,12,1,17,51,1.800000
1480,96,250,556,601,275,27,20,41,31,43,14,154,460,505,1.048780
1481,96,276,295,381,107,1,11,35,8,59,28,180,199,285,1.685714
1482,96,97,182,263,248,67,15,24,47,52,67,1,86,167,2.166667
1483,96,427,447,522,518,13,27,54,13,56,22,331,351,426,1.037037
1484,97,108,390,456,23,200,22,51,169,63,81,11,293,359,1.235294
1485,98,99,112,144,255,4,15,7,7,19,19,1,14,46,2.714286
1486,98,99,142,183,410,26,6,30,30,32,22,1,44,85,1.066667
1487,98,99,120,133,443,3,24,8,17,8,9,1,22,35,1.000000
1488,98,99,189,252,287,44,10,24,69,46,38,1,91,154,1.916667
1489,98,100,135,161,580,11,13,21,15,25,12,2,37,63,1.190476
1490,98,211,230,289,132,1,14,29,1,39,22,113,132,191,1.344828
1491,98,99,100,156,272,0,1,19,1,41,15,1,2,58,2.157895
1492,98,99,150,223,469,34,14,38,34,66,24,1,52,125,1.736842
1493,98,805,-1,-1,465,1,17,64,3,0,1,707,-1,-1,0.000000
1494,98,99,116,198,579,13,16,46,11,78,8,1,18,100,1.695652
1495,99,100,106,164,7,5,11,42,4,52,8,1,7,65,1.238095
1496,99,100,114,154,535,13,1,23,10,35,9,1,15,55,1.521739
1497,99,121,132,158,257,7,15,21,10,23,4,22,33,59,1.095238
1498,99,100,100,129,540,0,0,20,0,22,7,1,1,30,1.100000
1499,99,100,112,160,209,8,5,29,8,33,19,1,13,61,1.137931
1500,99,100,109,126,70,4,5,13,6,15,5,1,10,27,1.153846
1501,99,100,167,257,211,42,13,36,44,74,37,1,68,158,2.055556
1502,100,107,124,156,361,5,19,15,13,19,17,7,24,56,1.266667
1503,100,153,260,316,518,20,30,35,21,47,16,53,160,216,1.342857
1504,100,101,158,236,400,39,8,35,42,67,26,1,58,136,1.914286
1505,100,101,114,175,47,8,10,11,10,43,21,1,14,75,3.909091
1506,101,102,114,130,102,1,3,14,11,14,3,1,13,29,1.000000
1507,101,102,115,146,123,4,8,19,11,25,8,1,14,45,1.315789
1508,101,-1,-1,-1,-1,0,-1,50,0,0,0,-1,-1,-1,0.000000
1509,101,102,326,385,556,188,16,38,155,54,74,1,225,284,1.421053
1510,101,143,184,263,497,23,12,29,21,51,44,42,83,162,1.758621
1511,102,103,116,187,292,5,10,22,9,44,31,1,14,85,2.000000
1512,102,103,229,277,592,105,20,28,89,38,47,1,127,175,1.357143
1513,102,103,128,198,63,15,12,20,12,50,33,1,26,96,2.500000
1514,102,138,183,264,571,29,10,26,27,66,31,36,81,162,2.538462
1515,102,103,116,197,526,10,8,45,7,71,16,1,14,95,1.577778
1516,102,103,391,488,286,238,15,32,200,74,110,1,289,386,2.312500
1517,102,103,105,193,87,0,2,32,2,74,14,1,3,91,2.312500
1518,103,362,-1,-1,594,66,21,52,54,0,57,259,-1,-1,0.000000
1519,103,104,111,129,25,0,7,12,7,16,2,1,8,26,1.333333
1520,103,106,110,208,599,1,4,29,3,65,33,3,7,105,2.241379
1521,103,104,118,183,122,6,12,29,13,61,5,1,15,80,2.103448
1522,103,126,146,197,537,15,12,35,11,43,17,23,43,94,1.228571
1523,103,104,109,189,296,5,5,19,5,71,9,1,6,86,3.736842
1524,104,138,148,218,470,7,9,33,6,59,14,34,44,114,1.787879
1525,104,105,122,154,580,13,14,16,9,20,20,1,18,50,1.250000
1526,104,116,143,207,597,5,20,23,16,55,13,12,39,103,2.391304
1527,104,105,140,207,323,27,17,47,26,65,11,1,36,103,1.382979
1528,104,105,207,254,351,49,14,36,50,44,28,1,103,150,1.222222
1529,104,118,197,258,580,38,14,28,50,44,39,14,93,154,1.571429
1530,104,-1,-1,-1,-1,0,-1,48,0,0,0,-1,-1,-1,0.000000
1531,104,105,111,189,396,3,12,36,3,70,11,1,7,85,1.944444
1532,104,105,123,218,97,7,1,40,11,72,30,1,19,114,1.800000
1533,105,106,163,197,36,24,11,16,41,24,26,1,58,92,1.500000
1534,105,106,122,192,263,12,5,24,8,58,20,1,17,87,2.416667
1535,105,106,133,168,149,14,11,15,20,23,19,1,28,63,1.533333
1536,105,106,107,124,252,0,1,11,1,13,4,1,2,19,1.181818
1537,105,108,147,231,580,11,11,25,15,61,32,3,42,126,2.440000
1538,106,107,142,198,108,25,5,19,27,39,25,1,36,92,2.052632
1539,106,111,227,295,301,53,11,36,56,58,33,5,121,189,1.611111
1540,106,147,322,379,548,114,18,41,92,49,60,41,216,273,1.195122
1541,107,294,348,438,205,40,20,39,35,65,42,187,241,331,1.666667
1542,107,108,111,205,113,3,3,30,2,62,33,1,4,98,2.066667
1543,107,187,219,305,425,4,6,27,8,57,33,80,112,198,2.111111
1544,107,108,131,165,261,12,12,16,19,22,16,1,24,58,1.375000
1545,108,109,152,222,99,34,17,29,29,49,35,1,44,114,1.689655
1546,108,109,113,189,113,3,2,16,3,50,27,1,5,81,3.125000
1547,108,109,246,307,233,112,17,42,88,54,56,1,138,199,1.285714
1548,109,110,110,190,129,0,0,28,0,50,30,1,1,81,1.785714
1549,109,325,665,725,409,24,19,51,34,59,2,216,556,616,1.156863
1550,109,110,143,163,105,16,9,13,29,17,7,1,34,54,1.307692
1551,109,110,151,228,400,32,23,61,27,73,18,1,42,119,1.196721
1552,109,148,262,349,590,29,26,31,28,59,40,39,153,240,1.903226
1553,109,110,282,309,7,128,11,15,105,19,75,1,173,200,1.266667
1554,110,111,186,251,526,37,5,35,49,63,27,1,76,141,1.800000
1555,110,114,332,451,422,21,16,42,19,108,21,4,222,341,2.571429
1556,110,113,306,369,46,35,24,37,48,51,19,3,196,259,1.378378
1557,110,201,291,373,594,53,9,54,45,78,25,91,181,263,1.444444
1558,110,111,118,179,270,0,6,18,6,42,20,1,8,69,2.333333
1559,110,111,203,247,189,54,9,31,51,39,46,1,93,137,1.258065
1560,110,235,657,723,569,30,19,41,29,61,28,125,547,613,1.487805
1561,111,112,150,192,103,24,6,19,23,33,24,1,39,81,1.736842
1562,111,112,131,188,60,6,8,26,15,50,11,1,20,77,1.923077
1563,111,112,127,204,523,10,6,46,8,62,21,1,16,93,1.347826
1564,111,112,265,322,311,124,30,40,98,52,56,1,154,211,1.300000
1565,111,112,122,155,149,0,9,14,9,26,8,1,11,44,1.857143
1566,111,114,138,169,325,6,9,22,17,28,10,3,27,58,1.272727
1567,112,113,124,156,80,8,15,14,8,26,9,1,12,44,1.857143
1568,112,113,135,163,253,19,20,17,15,21,14,1,23,51,1.235294
1569,112,113,155,239,140,25,8,33,31,69,26,1,43,127,2.090909
1570,112,113,122,158,371,4,4,25,5,29,11,1,10,46,1.160000
1571,112,113,126,147,325,1,10,13,8,19,3,1,14,35,1.461538
1572,112,113,125,142,17,7,7,12,11,14,4,1,13,30,1.166667
1573,112,113,127,216,242,11,22,34,7,66,30,1,15,104,1.941176
1574,112,148,193,242,462,34,26,25,35,39,16,36,81,130,1.560000
1575,112,113,161,183,539,27,29,12,37,18,15,1,49,71,1.500000
1576,112,194,238,314,417,25,17,49,17,75,15,82,126,202,1.530612
1577,113,120,137,159,322,7,14,19,11,19,9,7,24,46,1.000000
1578,113,114,139,212,124,16,21,32,20,52,26,1,26,99,1.625000
1579,113,114,145,174,80,17,16,19,23,27,10,1,32,61,1.421053
1580,113,195,238,299,346,17,2,39,19,51,11,82,125,186,1.307692
1581,113,114,120,176,360,1,5,27,6,47,9,1,7,63,1.740741
1582,114,116,138,155,72,6,12,12,13,16,8,2,24,41,1.333333
1583,114,115,211,282,286,81,7,56,67,70,29,1,97,168,1.250000
1584,114,158,-1,-1,199,4,20,47,7,0,0,44,-1,-1,0.000000
1585,114,115,118,190,292,1,1,43,3,57,15,1,4,76,1.325581
1586,114,115,128,182,477,7,11,36,6,44,17,1,14,68,1.222222
1587,114,135,145,201,46,7,13,26,5,46,14,21,31,87,1.769231
1588,114,115,126,198,141,11,25,20,7,48,28,1,12,84,2.400000
1589,115,116,135,208,545,10,10,24,12,58,22,1,20,93,2.416667
1590,115,116,136,168,79,10,6,25,13,31,8,1,21,53,1.240000
1591,116,119,126,205,120,2,13,23,7,63,16,3,10,89,2.739130
1592,116,117,124,192,256,4,6,19,7,51,17,1,8,76,2.684211
1593,116,117,138,213,189,10,6,20,14,48,34,1,22,97,2.400000
1594,116,117,161,172,555,33,7,8,32,10,13,1,45,56,1.250000
1595,116,117,119,149,75,0,2,20,2,26,4,1,3,33,1.300000
1596,116,117,138,218,576,16,7,41,18,79,4,1,22,102,1.926829
1597,116,120,159,205,537,19,12,29,20,39,18,4,43,89,1.344828
1598,116,117,130,153,3,6,12,11,11,17,8,1,14,37,1.545455
1599,117,118,155,242,46,17,20,29,19,59,38,1,38,125,2.034483
1600,117,118,153,210,459,33,3,28,24,50,18,1,36,93,1.785714
1601,117,118,221,291,255,73,12,24,68,56,49,1,104,174,2.333333
1602,117,118,139,156,18,16,6,9,15,11,12,1,22,39,1.222222
1603,117,132,167,237,579,17,9,53,23,65,12,15,50,120,1.226415
1604,117,118,132,162,487,5,6,23,7,23,14,1,15,45,1.000000
1605,118,119,193,287,285,49,20,29,41,69,41,1,75,169,2.379310
1606,118,119,139,212,125,18,24,47,14,65,14,1,21,94,1.382979
1607,118,119,130,175,527,9,13,25,8,33,15,1,12,57,1.320000
1608,119,148,220,260,224,32,29,26,40,30,23,29,101,141,1.153846
1609,119,143,190,258,571,29,12,29,28,55,27,24,71,139,1.896552
1610,119,120,142,201,131,16,2,16,16,48,17,1,23,82,3.000000
1611,119,120,165,216,352,35,24,21,34,41,21,1,46,97,1.952381
1612,120,121,172,209,142,20,11,24,33,28,25,1,52,89,1.166667
1613,120,121,164,200,126,27,7,21,31,29,19,1,44,80,1.380952
1614,120,203,275,341,155,40,10,47,30,63,23,83,155,221,1.340426
1615,120,121,137,196,476,7,14,17,9,31,35,1,17,76,1.823529
1616,120,121,153,214,167,28,12,40,19,54,20,1,33,94,1.350000
1617,120,128,289,337,327,14,10,28,17,32,28,8,169,217,1.142857
1618,121,122,179,241,320,43,20,48,36,60,23,1,58,120,1.250000
1619,121,122,139,161,461,11,8,20,15,22,2,1,18,40,1.100000
1620,121,122,196,240,443,66,27,18,42,32,44,1,75,119,1.777778
1621,121,122,122,198,131,0,0,20,0,56,20,1,1,77,2.800000
1622,121,122,169,230,539,25,30,23,29,43,36,1,48,109,1.869565
1623,121,122,133,214,110,8,23,43,7,69,16,1,12,93,1.604651
1624,121,122,209,220,15,54,12,11,62,11,25,1,88,99,1.000000
1625,121,122,144,167,142,7,11,14,10,20,15,1,23,46,1.428571
1626,121,122,146,200,112,3,3,38,9,52,4,1,25,79,1.368421
1627,121,122,160,226,586,27,19,19,30,51,23,1,39,105,2.684211
1628,122,123,171,226,324,32,11,43,35,53,15,1,49,104,1.232558
1629,122,123,518,587,265,337,21,49,256,63,137,1,396,465,1.285714
1630,122,123,134,177,157,10,17,33,7,41,6,1,12,55,1.242424
1631,122,123,150,206,140,11,6,36,22,46,15,1,28,84,1.277778
1632,123,-1,-1,-1,-1,0,-1,55,0,0,0,-1,-1,-1,0.000000
1633,123,124,124,194,488,0,0,21,0,41,29,1,1,71,1.952381
1634,123,124,154,184,18,24,6,13,21,23,16,1,31,61,1.769231
1635,123,-1,-1,-1,-1,0,-1,52,0,0,0,-1,-1,-1,0.000000
1636,123,124,142,224,476,14,13,33,13,67,20,1,19,101,2.030303
1637,124,428,567,645,559,55,15,65,82,75,17,304,443,521,1.153846
1638,124,174,204,240,99,16,10,27,17,35,4,50,80,116,1.296296
1639,124,125,150,184,154,18,18,27,17,33,9,1,26,60,1.222222
1640,124,125,125,183,112,0,0,25,0,45,13,1,1,59,1.800000
1641,124,146,330,440,578,137,18,39,105,85,97,22,206,316,2.179487
1642,125,126,162,218,442,27,16,37,26,49,17,1,37,93,1.324324
1643,125,126,146,216,484,18,8,49,16,65,9,1,21,91,1.326531
1644,125,126,218,278,343,44,12,33,49,55,18,1,93,153,1.666667
1645,126,159,186,207,411,0,14,15,7,19,2,33,60,81,1.266667
1646,126,127,194,260,121,47,23,41,39,61,33,1,68,134,1.487805
1647,126,127,131,150,7,0,4,17,4,17,2,1,5,24,1.000000
1648,126,127,137,208,396,1,15,19,6,55,20,1,11,82,2.894737
1649,127,176,190,220,99,0,8,29,1,29,2,49,63,93,1.000000
1650,127,128,142,176,461,2,3,22,12,32,4,1,15,49,1.454545
1651,127,128,145,228,122,9,13,34,7,64,29,1,18,101,1.882353
1652,127,130,184,206,549,6,6,17,17,19,3,3,57,79,1.117647
1653,128,129,154,229,121,22,18,34,17,70,13,1,26,101,2.058824
1654,128,129,180,248,407,44,20,53,34,65,20,1,52,120,1.226415
1655,128,129,130,168,144,0,1,12,1,30,8,1,2,40,2.500000
1656,128,129,154,216,180,9,3,24,21,44,22,1,26,88,1.833333
1657,129,130,273,336,227,112,19,26,90,48,68,1,144,207,1.846154
1658,129,194,237,307,554,18,1,34,29,62,9,65,108,178,1.823529
1659,129,130,135,183,60,3,7,18,4,36,13,1,6,54,2.000000
1660,129,448,735,823,197,32,11,44,43,62,32,319,606,694,1.409091
1661,129,130,278,354,117,109,21,58,87,74,50,1,149,225,1.275862
1662,129,130,162,244,248,22,17,38,17,74,23,1,33,115,1.947368
1663,129,130,145,233,96,10,14,16,8,60,35,1,16,104,3.750000
1664,129,130,155,194,216,19,12,21,16,27,21,1,26,65,1.285714
1665,129,130,225,302,121,68,10,23,62,57,53,1,96,173,2.478261
1666,129,145,164,243,120,17,16,31,16,65,17,16,35,114,2.096774
1667,130,131,138,157,336,2,6,15,5,15,6,1,8,27,1.000000
1668,130,131,375,464,153,159,9,26,154,62,117,1,245,334,2.384615
1669,130,963,-1,-1,369,0,23,46,0,0,3,833,-1,-1,0.000000
1670,130,704,909,985,16,83,15,54,74,68,32,574,779,855,1.259259
1671,130,172,182,209,108,6,9,18,10,20,7,42,52,79,1.111111
1672,130,131,132,165,166,1,7,26,1,30,3,1,2,35,1.153846
1673,131,132,173,227,489,30,11,31,19,45,31,1,42,96,1.451613
1674,131,132,138,165,2,0,6,16,6,24,3,1,7,34,1.500000
1675,131,148,217,280,105,25,23,27,28,53,21,17,86,149,1.962963
1676,131,132,135,194,520,2,4,13,2,43,17,1,4,63,3.307692
1677,132,133,215,306,0,53,10,23,54,59,60,1,83,174,2.565217
1678,132,133,179,238,373,38,13,24,27,40,38,1,47,106,1.666667
1679,132,133,222,311,247,71,21,55,52,83,37,1,90,179,1.509091
1680,132,134,171,199,406,1,7,17,9,19,10,2,39,67,1.117647
1681,132,133,159,217,59,19,5,31,14,45,25,1,27,85,1.451613
1682,133,134,141,186,121,3,12,24,5,40,7,1,8,53,1.666667
1683,133,134,158,219,389,19,21,42,17,46,22,1,25,86,1.095238
1684,133,134,152,192,141,15,16,15,16,31,11,1,19,59,2.066667
1685,133,134,157,229,550,18,15,53,14,67,13,1,24,96,1.264151
1686,133,134,168,240,285,23,6,25,25,53,28,1,35,107,2.120000
1687,133,356,-1,-1,85,51,26,47,50,0,20,223,-1,-1,0.000000
1688,134,141,309,415,337,25,15,35,30,81,38,7,175,281,2.314286
1689,134,139,308,383,56,37,12,33,38,57,31,5,174,249,1.727273
1690,134,135,189,259,336,31,2,32,40,54,30,1,55,125,1.687500
1691,134,135,172,247,214,29,15,40,19,62,31,1,38,113,1.550000
1692,135,136,159,191,116,10,9,11,10,23,22,1,24,56,2.090909
1693,135,136,218,260,226,50,11,31,45,37,42,1,83,125,1.193548
1694,135,136,187,199,485,34,1,10,31,10,22,1,52,64,1.000000
1695,135,136,165,218,78,23,9,24,27,44,11,1,30,83,1.833333
1696,135,136,139,212,232,3,3,27,3,67,6,1,4,77,2.481481
1697,135,136,154,206,125,15,13,31,14,43,13,1,19,71,1.387097
1698,135,136,144,224,257,4,7,26,6,58,24,1,9,89,2.230769
1699,135,136,141,208,285,5,12,25,4,47,21,1,6,73,1.880000
1700,136,137,172,210,382,31,8,30,23,36,14,1,36,74,1.200000
1701,136,137,146,192,352,8,8,23,4,37,14,1,10,56,1.608696
1702,136,137,145,209,46,4,12,30,5,52,15,1,9,73,1.733333
1703,136,137,154,227,223,13,16,57,11,69,10,1,18,91,1.210526
1704,136,427,475,557,559,28,16,54,35,78,7,291,339,421,1.444444
1705,136,137,147,200,91,9,13,28,7,42,14,1,11,64,1.500000
1706,136,137,165,207,219,18,9,15,12,33,25,1,29,71,2.200000
1707,136,-1,-1,-1,-1,0,-1,51,0,0,0,-1,-1,-1,0.000000
1708,137,138,305,364,217,138,17,30,106,54,66,1,168,227,1.800000
1709,137,138,146,179,110,4,21,14,8,30,3,1,9,42,2.142857
1710,137,138,209,259,0,36,7,9,51,31,39,1,72,122,3.444444
1711,137,138,163,246,186,21,4,39,15,77,16,1,26,109,1.974359
1712,137,446,736,784,300,34,13,43,57,43,16,309,599,647,1.000000
1713,138,139,184,223,20,29,14,26,21,36,27,1,46,85,1.384615
1714,138,139,174,224,382,25,8,28,19,48,18,1,36,86,1.714286
1715,138,139,149,216,162,4,7,38,8,60,9,1,11,78,1.578947
1716,138,276,321,374,570,31,16,37,30,43,24,138,183,236,1.162162
1717,138,139,140,151,323,0,1,8,1,10,1,1,2,13,1.250000
1718,138,139,154,220,357,9,5,32,10,52,19,1,16,82,1.625000
1719,138,139,148,218,451,3,2,17,9,47,23,1,10,80,2.764706
1720,138,153,-1,-1,590,39,22,38,37,0,25,15,-1,-1,0.000000
1721,138,139,167,211,52,22,4,14,20,36,16,1,29,73,2.571429
1722,138,139,182,243,78,17,11,20,27,48,29,1,44,105,2.400000
1723,138,139,139,148,12,0,0,7,0,7,2,1,1,10,1.000000
1724,139,149,-1,-1,134,18,18,57,17,0,10,10,-1,-1,0.000000
1725,139,148,191,255,438,26,23,24,36,46,22,9,52,116,1.916667
1726,139,140,155,226,78,12,11,11,7,47,32,1,16,87,4.272727
1727,139,140,183,237,100,36,12,40,26,48,23,1,44,98,1.200000
1728,139,140,185,207,104,30,1,14,35,18,14,1,46,68,1.285714
1729,139,140,177,243,80,32,5,28,25,58,20,1,38,104,2.071429
1730,140,141,190,286,397,42,19,28,36,68,41,1,50,146,2.428571
1731,140,276,342,452,173,50,12,37,41,83,51,136,202,312,2.243243
1732,140,143,199,266,577,32,12,29,34,49,30,3,59,126,1.689655
1733,140,153,964,-1,438,63,20,36,55,36,32,13,824,-1,1.000000
1734,140,141,143,207,217,2,16,48,1,62,3,1,3,67,1.291667
1735,141,142,178,244,525,31,2,46,27,62,13,1,37,103,1.347826
1736,141,142,303,348,490,119,12,34,98,40,68,1,162,207,1.176471
1737,141,174,422,474,26,70,21,41,65,49,33,33,281,333,1.195122
1738,141,142,282,354,15,72,29,25,100,59,53,1,141,213,2.360000
1739,141,142,236,304,55,70,12,26,55,50,57,1,95,163,1.923077
1740,142,143,171,225,362,5,12,41,10,51,12,1,29,83,1.243902
1741,142,143,145,208,285,0,2,45,2,55,8,1,3,66,1.222222
1742,142,143,152,166,50,0,7,11,9,13,1,1,10,24,1.181818
1743,142,150,156,195,328,2,6,20,6,26,13,8,14,53,1.300000
1744,142,143,145,158,119,0,2,10,2,12,1,1,3,16,1.200000
1745,142,143,150,185,157,4,8,14,5,28,9,1,8,43,2.000000
1746,142,194,232,310,595,19,22,49,12,67,24,52,90,168,1.367347
1747,142,143,159,226,259,8,17,25,12,59,12,1,17,84,2.360000
1748,142,143,244,308,36,14,8,31,20,57,20,1,102,166,1.838710
1749,142,143,223,249,93,32,26,15,39,23,44,1,81,107,1.533333
1750,142,143,147,161,348,1,17,9,3,13,2,1,5,19,1.444444
1751,142,143,160,204,137,13,17,34,8,42,11,1,18,62,1.235294
1752,142,143,167,179,596,19,20,9,17,11,8,1,25,37,1.222222
1753,142,172,283,348,570,33,19,36,32,52,24,30,141,206,1.444444
1754,142,143,152,229,354,0,9,39,9,63,14,1,10,87,1.615385
1755,143,144,155,218,117,4,27,34,9,48,16,1,12,75,1.411765
1756,143,214,392,485,338,36,16,31,47,65,34,71,249,342,2.096774
1757,143,144,164,233,396,15,8,36,13,68,8,1,21,90,1.888889
1758,143,144,180,239,199,27,11,36,27,50,18,1,37,96,1.388889
1759,143,145,157,228,328,10,11,29,12,53,18,2,14,85,1.827586
1760,143,144,213,232,23,46,14,18,49,18,19,1,70,89,1.000000
1761,144,145,145,204,334,0,0,32,0,48,11,1,1,60,1.500000
1762,144,145,211,253,156,47,3,33,46,41,21,1,67,109,1.242424
1763,144,145,178,241,124,7,5,22,32,52,12,1,34,97,2.363636
1764,144,145,255,335,28,91,15,34,71,56,63,1,111,191,1.647059
1765,144,203,249,308,242,15,17,40,25,46,16,59,105,164,1.150000
1766,144,163,-1,-1,86,4,27,52,3,0,2,19,-1,-1,0.000000
1767,144,145,277,330,96,97,13,15,83,41,61,1,133,186,2.733333
1768,145,146,186,278,444,36,24,21,21,77,34,1,41,133,3.666667
1769,145,146,300,394,227,102,14,34,101,60,87,1,155,249,1.764706
1770,145,-1,-1,-1,-1,0,-1,58,0,0,0,-1,-1,-1,0.000000
1771,145,146,150,233,592,4,17,18,3,60,24,1,5,88,3.333333
1772,145,146,160,211,328,9,10,25,13,41,11,1,15,66,1.640000
1773,145,146,176,227,255,26,11,32,22,46,13,1,31,82,1.437500
1774,145,146,156,218,288,6,9,30,9,54,9,1,11,73,1.800000
1775,146,147,174,223,148,18,11,23,14,37,25,1,28,77,1.608696
1776,146,147,239,317,23,64,11,46,54,66,36,1,93,171,1.434783
1777,146,147,220,286,440,55,14,47,45,63,31,1,74,140,1.340426
1778,146,147,305,359,290,95,14,28,105,42,65,1,159,213,1.500000
1779,146,147,206,253,510,47,19,35,40,41,25,1,60,107,1.171429
1780,146,147,153,200,300,1,14,17,6,29,18,1,7,54,1.705882
1781,146,147,181,255,142,19,19,32,23,56,29,1,35,109,1.750000
1782,147,148,155,196,40,0,5,23,5,35,8,1,8,49,1.521739
1783,147,148,274,357,56,96,11,37,77,63,66,1,127,210,1.702703
1784,147,148,264,356,432,70,14,40,53,70,64,1,117,209,1.750000
1785,147,148,219,274,592,55,16,24,44,38,44,1,72,127,1.583333
1786,147,356,-1,-1,564,62,25,47,62,0,24,209,-1,-1,0.000000
1787,148,149,235,283,453,53,9,19,54,29,51,1,87,135,1.526316
1788,148,149,162,189,328,10,7,13,11,21,8,1,14,41,1.615385
1789,148,149,151,205,289,0,2,36,2,48,6,1,3,57,1.333333
1790,148,149,149,180,169,0,0,15,0,27,4,1,1,32,1.800000
1791,148,149,160,217,479,10,7,34,9,50,9,1,12,69,1.470588
1792,148,214,222,304,422,4,6,33,8,65,17,66,74,156,1.969697
1793,148,149,155,234,66,0,6,21,6,61,18,1,7,86,2.904762
1794,149,150,192,264,445,37,8,43,29,63,22,1,43,115,1.465116
1795,149,150,198,288,392,37,11,38,28,68,42,1,49,139,1.789474
1796,149,165,211,280,388,31,13,31,27,47,39,16,62,131,1.516129
1797,149,238,518,597,21,69,23,54,58,76,39,89,369,448,1.407407
1798,149,150,189,225,478,32,23,25,27,35,9,1,40,76,1.400000
1799,150,151,159,189,359,8,18,22,5,24,9,1,9,39,1.090909
1800,150,193,274,367,207,9,17,31,22,67,37,43,124,217,2.161290
1801,151,152,163,234,432,3,10,47,8,63,11,1,12,83,1.340426
1802,151,152,222,294,151,22,19,27,24,51,29,1,71,143,1.888889
1803,151,152,158,213,220,4,10,30,3,44,14,1,7,62,1.466667
1804,151,152,258,315,55,49,6,13,62,35,66,1,107,164,2.692308
1805,151,152,165,190,56,2,10,15,11,23,4,1,14,39,1.533333
1806,151,166,166,223,519,0,0,38,0,46,11,15,15,72,1.210526
1807,151,152,157,199,396,5,3,34,4,40,3,1,6,48,1.176471
1808,151,452,764,811,542,27,18,44,55,46,4,301,613,660,1.045455
1809,151,152,202,280,130,45,23,41,38,65,25,1,51,129,1.585366
1810,152,153,205,268,373,49,21,36,33,56,26,1,53,116,1.555556
1811,152,153,160,229,268,5,9,29,6,63,7,1,8,77,2.172414
1812,152,153,187,236,224,26,22,28,22,48,13,1,35,84,1.714286
1813,152,153,317,395,320,108,19,40,120,70,52,1,165,243,1.750000
1814,152,153,159,203,323,2,6,24,6,38,6,1,7,51,1.583333
1815,152,153,172,259,255,14,16,29,15,55,36,1,20,107,1.896552
1816,152,153,184,260,506,10,12,39,18,67,20,1,32,108,1.717949
1817,153,194,242,285,346,15,3,38,27,42,3,41,89,132,1.105263
1818,153,154,174,236,197,12,11,30,14,60,8,1,21,83,2.000000
1819,153,154,154,167,538,0,0,9,0,9,4,1,1,14,1.000000
1820,153,154,198,272,147,29,14,23,20,53,45,1,45,119,2.304348
1821,154,155,187,207,37,15,21,12,23,18,11,1,33,53,1.500000
1822,154,155,452,530,380,240,2,49,183,77,106,1,298,376,1.571429
1823,154,188,401,488,385,45,5,43,40,75,27,34,247,334,1.744186
1824,154,155,171,205,56,0,12,12,14,24,12,1,17,51,2.000000
1825,154,155,173,238,389,14,10,12,14,40,29,1,19,84,3.333333
1826,154,155,168,254,267,9,13,29,11,61,27,1,14,100,2.103448
1827,155,156,156,200,297,0,0,26,0,40,4,1,1,45,1.538462
1828,155,156,166,238,110,7,19,28,7,56,19,1,11,83,2.000000
1829,155,181,191,225,284,3,7,24,10,30,4,26,36,70,1.250000
1830,155,156,196,250,220,30,11,15,21,43,30,1,41,95,2.866667
1831,155,203,272,360,492,46,15,46,31,64,45,48,117,205,1.391304
1832,155,156,164,180,105,1,12,10,7,16,1,1,9,25,1.600000
1833,155,156,161,190,178,0,5,12,5,22,7,1,6,35,1.833333
1834,155,156,185,202,197,23,11,14,18,16,12,1,30,47,1.142857
1835,155,156,188,244,403,26,9,30,21,42,25,1,33,89,1.400000
1836,156,157,175,228,272,18,16,36,13,48,10,1,19,72,1.333333
1837,156,157,163,213,300,4,9,28,6,36,14,1,7,57,1.285714
1838,156,157,182,249,593,23,21,25,18,55,19,1,26,93,2.200000
1839,156,157,157,177,12,0,0,20,0,20,0,1,1,21,1.000000
1840,156,157,171,217,123,8,10,24,7,40,13,1,15,61,1.666667
1841,156,157,177,207,146,15,5,15,14,21,15,1,21,51,1.400000
1842,156,159,261,350,482,80,15,49,63,89,38,3,105,194,1.816327
1843,156,157,176,259,222,4,13,16,14,56,32,1,20,103,3.500000
1844,157,160,174,256,506,5,13,42,8,66,19,3,17,99,1.571429
1845,157,164,-1,-1,27,1,18,54,0,0,2,7,-1,-1,0.000000
1846,157,158,308,402,468,122,16,28,108,82,54,1,151,245,2.928571
1847,157,161,173,207,85,4,8,20,7,30,9,4,16,50,1.500000
1848,157,158,202,258,111,23,8,15,21,43,36,1,45,101,2.866667
1849,158,217,596,675,442,68,13,56,72,76,28,59,438,517,1.357143
1850,158,159,239,307,536,64,14,37,52,47,49,1,81,149,1.270270
1851,158,159,192,238,301,11,5,33,16,37,26,1,34,80,1.121212
1852,158,159,159,231,311,0,0,42,0,66,6,1,1,73,1.571429
1853,158,161,175,201,315,2,8,23,14,23,3,3,17,43,1.000000
1854,158,159,173,247,276,11,6,24,12,62,14,1,15,89,2.583333
1855,159,160,163,200,23,0,3,14,3,26,11,1,4,41,1.857143
1856,159,160,172,236,99,2,14,17,11,45,20,1,13,77,2.647059
1857,159,160,195,258,279,28,23,52,25,58,12,1,36,99,1.115385
1858,159,160,177,200,16,6,6,15,13,19,8,1,18,41,1.266667
1859,159,160,171,222,187,9,23,23,7,43,12,1,12,63,1.869565
1860,159,329,482,551,452,71,19,45,63,57,33,170,323,392,1.266667
1861,159,161,256,330,506,27,9,28,40,50,44,2,97,171,1.785714
1862,160,161,164,176,220,1,11,9,3,11,1,1,4,16,1.222222
1863,160,161,172,239,123,8,6,24,7,50,21,1,12,79,2.083333
1864,160,161,186,230,212,14,8,25,22,35,12,1,26,70,1.400000
1865,160,161,191,278,34,16,25,17,22,59,36,1,31,118,3.470588
1866,160,161,167,212,150,1,27,16,5,28,18,1,7,52,1.750000
1867,160,161,180,227,397,17,13,21,15,37,14,1,20,67,1.761905
1868,161,162,184,283,317,19,14,40,16,78,27,1,23,122,1.950000
1869,161,162,194,206,279,21,14,10,27,12,5,1,33,45,1.200000
1870,161,162,393,463,501,189,13,45,155,63,83,1,232,302,1.400000
1871,161,162,201,216,489,30,6,14,27,14,13,1,40,55,1.000000
1872,161,215,566,634,228,85,10,52,94,66,28,54,405,473,1.269231
1873,161,162,191,255,58,21,1,15,20,33,40,1,30,94,2.200000
1874,162,454,792,884,578,165,8,45,143,77,72,292,630,722,1.711111
1875,162,163,171,203,260,6,9,20,5,30,5,1,9,41,1.500000
1876,162,163,196,206,110,22,27,8,22,10,11,1,34,44,1.250000
1877,162,-1,-1,-1,-1,0,-1,52,0,0,0,-1,-1,-1,0.000000
1878,162,163,233,308,510,47,4,29,47,57,41,1,71,146,1.965517
1879,162,163,219,286,108,42,9,24,44,40,39,1,57,124,1.666667
1880,162,163,224,301,504,48,3,42,46,74,18,1,62,139,1.761905
1881,162,163,165,254,337,0,2,31,2,67,22,1,3,92,2.161290
1882,163,164,166,251,73,0,2,25,2,59,26,1,3,88,2.360000
1883,163,164,187,248,345,19,11,33,17,49,18,1,24,85,1.484848
1884,163,164,229,290,69,55,21,39,48,55,23,1,66,127,1.410256
1885,163,167,177,261,76,10,13,31,9,53,32,4,14,98,1.709677
1886,163,164,198,272,117,19,12,28,25,62,21,1,35,109,2.214286
1887,163,164,173,241,191,3,9,28,7,60,10,1,10,78,2.142857
1888,164,165,169,200,15,3,13,16,2,26,7,1,5,36,1.625000
1889,164,166,196,265,463,5,4,25,13,49,23,2,32,101,1.960000
1890,164,226,317,418,595,44,24,50,34,94,31,62,153,254,1.880000
1891,164,165,222,287,437,46,11,50,42,64,16,1,58,123,1.280000
1892,164,165,171,236,105,2,15,23,5,55,11,1,7,72,2.391304
1893,164,165,173,260,239,5,10,35,7,67,21,1,9,96,1.914286
1894,165,166,181,219,37,8,17,20,9,26,18,1,16,54,1.300000
1895,165,166,221,262,454,43,8,36,41,40,15,1,56,97,1.111111
1896,165,166,218,234,347,39,2,14,34,16,18,1,53,69,1.142857
1897,165,166,198,251,446,24,16,35,17,51,17,1,33,86,1.457143
1898,165,166,172,224,571,0,6,34,6,48,4,1,7,59,1.411765
1899,165,166,214,250,117,32,10,16,38,28,18,1,49,85,1.750000
1900,165,167,186,277,454,13,11,48,9,80,21,2,21,112,1.666667
1901,166,167,237,304,501,57,10,47,44,59,34,1,71,138,1.255319
1902,166,-1,-1,-1,-1,0,-1,46,0,0,0,-1,-1,-1,0.000000
1903,166,167,206,287,320,33,19,35,26,71,23,1,40,121,2.028571
1904,166,167,170,209,135,3,26,28,1,38,3,1,4,43,1.357143
1905,166,167,175,213,50,0,7,13,7,25,14,1,9,47,1.923077
1906,166,167,174,234,130,1,13,15,4,41,22,1,8,68,2.733333
1907,166,167,218,297,458,44,12,35,36,75,19,1,52,131,2.142857
1908,166,167,187,255,220,10,13,16,15,56,17,1,21,89,3.500000
1909,166,167,248,327,204,67,12,20,61,52,47,1,82,161,2.600000
1910,167,168,174,190,100,5,5,14,5,16,1,1,7,23,1.142857
1911,167,168,229,302,421,48,10,29,39,55,40,1,62,135,1.896552
1912,167,168,178,270,95,6,6,35,8,79,15,1,11,103,2.257143
1913,168,169,178,220,15,6,13,22,4,34,13,1,10,52,1.545455
1914,168,169,387,470,441,186,22,36,148,60,92,1,219,302,1.666667
1915,168,169,189,268,202,10,3,17,16,53,30,1,21,100,3.117647
1916,168,169,184,248,8,6,19,25,12,43,24,1,16,80,1.720000
1917,168,169,233,268,306,56,3,19,36,23,40,1,65,100,1.210526
1918,168,169,196,265,388,15,7,45,20,61,15,1,28,97,1.355556
1919,169,170,197,226,198,20,9,25,16,27,13,1,28,57,1.080000
1920,169,170,186,278,378,8,2,35,11,63,34,1,17,109,1.800000
1921,169,792,-1,-1,581,77,18,61,60,0,31,623,-1,-1,0.000000
1922,169,170,170,255,253,0,0,25,0,65,20,1,1,86,2.600000
1923,169,170,206,271,411,33,12,43,31,63,7,1,37,102,1.465116
1924,169,170,183,253,134,13,13,29,8,45,30,1,14,84,1.551724
1925,169,170,180,231,245,10,17,33,7,47,7,1,11,62,1.424242
1926,170,339,597,676,547,53,20,43,49,63,35,169,427,506,1.465116
1927,171,172,172,209,403,0,0,30,0,32,5,1,1,38,1.066667
1928,171,172,241,308,182,50,11,23,42,45,49,1,70,137,1.956522
1929,171,172,172,244,101,0,0,27,0,61,11,1,1,73,2.259259
1930,171,172,172,217,106,0,0,28,0,36,9,1,1,46,1.285714
1931,171,172,184,210,93,9,5,21,10,23,5,1,13,39,1.095238
1932,172,173,187,222,71,4,13,13,12,25,12,1,15,50,1.923077
1933,172,173,212,272,197,26,5,28,29,40,30,1,40,100,1.428571
1934,172,454,696,762,581,81,15,46,76,58,32,282,524,590,1.260870
1935,172,173,191,218,32,12,14,19,10,25,10,1,19,46,1.315789
1936,173,-1,-1,-1,-1,0,-1,57,0,0,0,-1,-1,-1,0.000000
1937,173,174,250,341,421,65,19,40,45,86,36,1,77,168,2.150000
1938,173,175,181,241,562,1,11,24,2,38,24,2,8,68,1.583333
1939,173,174,174,241,306,0,0,11,0,55,12,1,1,68,5.000000
1940,174,175,196,236,24,17,10,32,13,38,10,1,22,62,1.187500
1941,174,175,199,254,366,20,12,25,20,37,22,1,25,80,1.480000
1942,174,175,257,314,183,46,9,22,51,38,50,1,83,140,1.727273
1943,174,175,198,257,16,16,3,20,15,42,25,1,24,83,2.100000
1944,174,175,235,257,125,40,12,18,35,18,29,1,61,83,1.000000
1945,175,176,235,260,142,55,16,17,38,23,23,1,60,85,1.352941
1946,175,176,190,201,4,4,4,9,13,9,3,1,15,26,1.000000
1947,175,176,178,246,238,2,16,17,2,41,27,1,3,71,2.411765
1948,175,179,215,265,291,13,18,25,26,41,12,4,40,90,1.640000
1949,175,176,216,281,39,33,15,42,21,48,36,1,41,106,1.142857
1950,175,176,280,311,161,70,7,21,70,25,40,1,105,136,1.190476
1951,175,176,349,451,226,124,15,28,113,84,78,1,174,276,3.000000
1952,175,178,306,369,3,43,15,42,52,62,20,3,131,194,1.476190
1953,175,177,210,290,185,29,15,30,20,58,35,2,35,115,1.933333
1954,175,176,193,259,229,12,14,15,14,41,28,1,18,84,2.733333
1955,176,177,201,259,496,18,10,38,11,50,21,1,25,83,1.315789
1956,176,177,227,308,226,35,15,29,33,59,39,1,51,132,2.034483
1957,176,177,180,256,432,0,3,41,3,65,11,1,4,80,1.585366
1958,176,177,194,278,314,7,10,41,15,71,15,1,18,102,1.731707
1959,176,294,378,456,584,47,21,40,50,66,34,118,202,280,1.650000
1960,176,177,193,242,140,14,3,22,13,36,16,1,17,66,1.636364
1961,176,177,261,284,22,35,10,11,61,17,29,1,85,108,1.545455
1962,176,177,194,221,27,11,13,21,11,25,8,1,18,45,1.190476
1963,176,277,351,441,205,47,18,37,54,59,47,101,175,265,1.594595
1964,176,177,300,353,390,105,9,42,69,44,62,1,124,177,1.047619
1965,176,177,238,253,30,26,9,12,48,12,16,1,62,77,1.000000
1966,177,352,425,519,171,52,21,45,48,71,36,175,248,342,1.577778
1967,177,178,237,268,319,47,12,27,38,27,25,1,60,91,1.000000
1968,177,178,180,245,556,2,9,45,0,57,10,1,3,68,1.266667
1969,177,178,214,297,141,30,9,25,24,65,30,1,37,120,2.600000
1970,177,178,179,227,453,1,10,31,0,45,4,1,2,50,1.451613
1971,177,178,210,242,148,10,2,14,23,26,15,1,33,65,1.857143
1972,177,178,185,226,91,0,7,15,7,27,14,1,8,49,1.800000
1973,177,178,226,310,569,21,16,36,27,62,39,1,49,133,1.722222
1974,178,179,228,263,345,35,11,25,29,27,28,1,50,85,1.080000
1975,178,-1,-1,-1,-1,0,-1,51,0,0,0,-1,-1,-1,0.000000
1976,178,179,214,268,423,19,11,25,19,39,31,1,36,90,1.560000
1977,178,179,204,226,29,7,12,18,16,20,11,1,26,48,1.111111
1978,178,179,217,282,359,30,23,28,27,50,26,1,39,104,1.785714
1979,178,380,471,539,526,34,15,39,40,59,18,202,293,361,1.512821
1980,178,179,221,254,595,20,11,23,27,27,21,1,43,76,1.173913
1981,179,180,210,247,10,11,10,18,20,32,15,1,31,68,1.777778
1982,179,180,194,247,384,9,3,23,10,35,22,1,15,68,1.521739
1983,179,180,202,268,68,16,7,36,15,60,13,1,23,89,1.666667
1984,179,210,220,265,186,5,12,27,5,39,9,31,41,86,1.444444
1985,179,180,186,249,498,3,8,13,4,41,24,1,7,70,3.153846
1986,179,180,200,272,67,19,14,22,11,64,17,1,21,93,2.909091
1987,179,180,180,196,140,0,0,9,0,13,3,1,1,17,1.444444
1988,179,180,189,235,536,3,12,24,8,30,17,1,10,56,1.250000
1989,179,180,184,225,481,3,11,18,4,34,7,1,5,46,1.888889
1990,180,181,227,298,595,33,19,38,28,60,29,1,47,118,1.578947
1991,180,181,208,295,255,26,23,33,18,65,31,1,28,115,1.969697
1992,180,181,215,254,269,27,14,24,30,36,7,1,35,74,1.500000
1993,180,181,211,295,8,27,13,40,18,76,20,1,31,115,1.900000
1994,180,181,186,214,6,0,5,18,4,20,8,1,6,34,1.111111
1995,180,181,236,300,440,39,4,44,35,56,28,1,56,120,1.272727
1996,180,228,233,299,501,4,8,29,5,35,31,48,53,119,1.206897
1997,180,181,242,315,116,42,10,31,38,69,27,1,62,135,2.225806
1998,180,181,226,308,475,39,18,48,37,78,12,1,46,128,1.625000
1999,181,182,289,371,566,96,15,34,75,52,62,1,108,190,1.529412
2000,181,182,212,258,423,22,10,27,18,35,23,1,31,77,1.296296
2001,181,342,656,717,175,79,21,43,78,49,56,161,475,536,1.139535
2002,181,704,924,-1,485,90,23,54,79,66,38,523,743,-1,1.222222
2003,182,183,247,325,562,52,12,33,45,61,36,1,65,143,1.848485
2004,182,183,187,245,539,2,11,30,3,50,9,1,5,63,1.666667
2005,182,183,200,238,34,8,14,19,11,29,15,1,18,56,1.526316
2006,182,183,199,259,60,2,12,29,8,57,11,1,17,77,1.965517
2007,182,183,221,251,274,25,17,15,25,21,22,1,39,69,1.400000
2008,182,183,229,293,138,34,13,24,26,52,32,1,47,111,2.166667
2009,183,184,231,316,262,31,4,35,32,71,29,1,48,133,2.028571
2010,183,184,232,309,419,42,16,40,25,72,28,1,49,126,1.800000
2011,183,184,210,290,278,17,12,47,18,71,17,1,27,107,1.510638
2012,183,184,198,265,176,10,12,28,9,64,8,1,15,82,2.285714
2013,183,184,198,279,456,10,19,29,12,69,14,1,15,96,2.379310
2014,183,190,223,275,270,20,14,45,23,49,13,7,40,92,1.088889
2015,183,184,193,243,22,4,6,10,8,38,13,1,10,60,3.800000
2016,183,767,-1,-1,130,4,14,43,7,0,2,584,-1,-1,0.000000
2017,183,184,189,246,25,3,3,27,3,55,4,1,6,63,2.037037
2018,183,184,207,235,71,14,15,22,14,28,9,1,24,52,1.272727
2019,183,184,209,244,61,20,16,24,17,32,11,1,26,61,1.333333
2020,184,185,209,283,372,17,14,46,11,68,19,1,25,99,1.478261
2021,184,185,187,266,25,0,2,25,2,65,14,1,3,82,2.600000
2022,184,185,241,253,37,24,16,10,39,10,19,1,57,69,1.000000
2023,184,185,193,215,150,3,17,17,8,19,3,1,9,31,1.117647
2024,184,185,216,282,116,17,10,26,23,56,18,1,32,98,2.153846
2025,184,185,232,254,31,20,14,14,34,20,15,1,48,70,1.428571
2026,185,186,186,264,264,0,0,42,0,66,12,1,1,79,1.571429
2027,185,186,242,304,562,47,12,35,32,53,33,1,57,119,1.514286
2028,186,187,212,263,163,18,12,26,21,38,17,1,26,77,1.461538
2029,186,187,215,295,2,16,11,29,19,71,18,1,29,109,2.448276
2030,186,187,205,273,274,14,14,49,15,65,6,1,19,87,1.326531
2031,186,187,228,252,265,23,7,10,31,16,18,1,42,66,1.600000
2032,186,424,473,552,522,32,11,51,41,67,15,238,287,366,1.313725
2033,186,215,259,334,516,12,3,48,14,68,10,29,73,148,1.416667
2034,186,187,195,240,32,6,14,15,6,25,22,1,9,54,1.666667
2035,187,254,294,353,331,5,8,30,20,50,12,67,107,166,1.666667
2036,187,188,220,302,526,26,11,42,26,70,18,1,33,115,1.666667
2037,187,188,200,231,562,3,12,15,9,19,15,1,13,44,1.266667
2038,188,189,216,272,176,17,13,21,16,45,22,1,28,84,2.142857
2039,189,190,213,241,115,20,18,24,18,28,5,1,24,52,1.166667
2040,189,190,236,319,366,30,11,20,26,62,41,1,47,130,3.100000
2041,189,190,224,303,163,23,12,25,21,49,43,1,35,114,1.960000
2042,189,190,192,239,0,0,2,15,2,35,12,1,3,50,2.333333
2043,189,190,354,408,234,131,16,38,104,48,66,1,165,219,1.263158
2044,189,190,300,376,486,77,19,53,68,75,36,1,111,187,1.415094
2045,189,190,273,342,552,69,21,32,67,64,21,1,84,153,2.000000
2046,189,190,198,210,105,0,5,10,7,10,3,1,9,21,1.000000
2047,189,190,206,271,530,10,7,36,11,62,8,1,17,82,1.722222
2048,189,238,271,301,529,10,8,27,17,29,4,49,82,112,1.074074
2049,189,273,322,401,579,33,16,36,39,64,25,84,133,212,1.777778
2050,189,190,214,239,21,18,16,24,17,24,8,1,25,50,1.000000
2051,190,191,236,335,224,34,12,44,31,78,35,1,46,145,1.772727
2052,190,191,209,230,280,0,14,20,10,20,3,1,19,40,1.000000
2053,190,-1,-1,-1,-1,0,-1,51,0,0,0,-1,-1,-1,0.000000
2054,190,191,194,222,247,3,16,21,2,25,4,1,4,32,1.190476
2055,190,191,215,286,43,23,12,29,20,67,8,1,25,96,2.310345
2056,190,191,531,600,535,297,10,45,230,63,112,1,341,410,1.400000
2057,190,191,210,286,33,7,8,24,10,60,25,1,20,96,2.500000
2058,190,-1,-1,-1,-1,0,-1,52,0,0,0,-1,-1,-1,0.000000
2059,190,191,244,321,468,34,9,20,29,54,47,1,54,131,2.700000
2060,190,191,311,402,453,97,7,35,72,63,76,1,121,212,1.800000
2061,190,219,232,283,552,3,6,28,9,42,12,29,42,93,1.500000
2062,191,192,195,265,526,2,3,17,3,57,13,1,4,74,3.352941
2063,191,192,196,274,251,2,3,47,3,73,6,1,5,83,1.553191
2064,191,192,200,225,423,8,15,15,3,21,9,1,9,34,1.400000
2065,191,192,294,338,229,89,15,38,65,40,40,1,103,147,1.052632
2066,191,192,216,275,502,21,16,35,14,49,20,1,25,84,1.400000
2067,192,352,365,464,51,9,18,43,9,79,23,160,173,272,1.837209
2068,192,193,208,277,229,11,12,28,9,52,23,1,16,85,1.857143
2069,192,193,226,291,404,29,10,30,21,56,21,1,34,99,1.866667
2070,192,193,225,270,376,24,15,26,22,44,11,1,33,78,1.692308
2071,192,193,198,258,536,0,4,46,4,56,5,1,6,66,1.217391
2072,192,214,275,333,275,13,13,49,20,53,10,22,83,141,1.081633
2073,192,193,380,448,125,144,11,22,109,42,104,1,188,256,1.909091
2074,192,454,708,782,579,107,5,45,102,59,41,262,516,590,1.311111
2075,193,366,-1,-1,594,38,20,48,30,0,19,173,-1,-1,0.000000
2076,193,-1,-1,-1,-1,0,-1,55,0,0,0,-1,-1,-1,0.000000
2077,193,222,261,311,480,6,14,30,11,42,11,29,68,118,1.400000
2078,193,194,341,407,468,120,12,30,96,48,69,1,148,214,1.600000
2079,193,194,214,286,135,18,26,39,15,65,12,1,21,93,1.666667
2080,193,194,205,254,186,2,12,14,5,32,23,1,12,61,2.285714
2081,193,194,301,334,192,81,17,19,65,25,50,1,108,141,1.315789
2082,193,194,248,280,88,41,12,21,45,27,14,1,55,87,1.285714
2083,193,194,308,325,423,38,12,8,69,14,48,1,115,132,1.750000
2084,193,194,221,238,424,14,3,14,22,16,6,1,28,45,1.142857
2085,194,195,199,266,468,4,12,36,1,62,8,1,5,72,1.722222
2086,194,195,249,281,242,26,12,19,44,25,17,1,55,87,1.315789
2087,194,195,233,311,31,24,9,24,25,60,31,1,39,117,2.500000
2088,194,195,200,274,308,5,19,20,4,52,23,1,6,80,2.600000
2089,195,273,333,390,447,39,17,36,47,52,16,78,138,195,1.444444
2090,195,196,245,327,583,48,17,37,41,65,25,1,50,132,1.756757
2091,195,196,221,262,215,21,23,24,18,32,16,1,26,67,1.333333
2092,195,196,238,266,455,34,13,26,29,26,15,1,43,71,1.000000
2093,196,197,197,275,556,0,0,28,0,50,28,1,1,79,1.785714
2094,196,197,250,311,69,34,10,18,28,42,44,1,54,115,2.333333
2095,196,197,214,293,107,16,10,25,11,43,42,1,18,97,1.720000
2096,196,197,364,452,495,130,5,40,111,66,75,1,168,256,1.650000
2097,197,198,228,282,140,18,5,18,25,44,15,1,31,85,2.444444
2098,197,198,245,299,280,26,5,22,39,38,24,1,48,102,1.727273
2099,197,209,228,259,537,10,12,26,12,28,7,12,31,62,1.076923
2100,197,198,267,337,457,50,12,39,53,63,23,1,70,140,1.615385
2101,197,198,203,243,511,4,16,17,3,33,9,1,6,46,1.941176
2102,197,198,232,278,560,15,6,26,16,32,23,1,35,81,1.230769
2103,198,213,361,413,457,21,14,30,24,46,16,15,163,215,1.533333
2104,198,278,344,456,584,47,22,37,39,85,44,80,146,258,2.297297
2105,198,199,236,279,453,22,1,13,26,29,25,1,38,81,2.230769
2106,198,199,209,279,244,9,11,36,6,60,14,1,11,81,1.666667
2107,198,199,239,309,143,33,8,23,31,43,36,1,41,111,1.869565
2108,198,199,202,273,414,0,3,50,3,66,5,1,4,75,1.320000
2109,198,199,207,274,115,2,10,17,8,49,18,1,9,76,2.882353
2110,199,440,789,860,587,4,9,42,16,66,6,241,590,661,1.571429
2111,199,200,214,297,295,9,1,30,12,72,13,1,15,98,2.400000
2112,199,200,209,276,224,8,8,30,5,54,17,1,10,77,1.800000
2113,199,224,919,990,531,15,17,36,20,58,21,25,720,791,1.611111
2114,199,200,286,306,584,66,18,11,59,15,32,1,87,107,1.363636
2115,200,201,263,337,421,52,17,19,38,53,45,1,63,137,2.789474
2116,200,201,220,244,143,15,10,21,13,21,9,1,20,44,1.000000
2117,200,213,230,282,597,12,13,47,13,51,2,13,30,82,1.085106
2118,200,201,284,364,488,69,11,58,60,78,25,1,84,164,1.344828
2119,200,201,224,286,295,17,3,52,17,56,12,1,24,86,1.076923
2120,200,201,257,328,209,48,8,29,47,43,37,1,57,128,1.482759
2121,200,201,213,238,341,2,10,16,9,22,6,1,13,38,1.375000
2122,200,201,219,277,321,15,16,19,11,49,16,1,19,77,2.578947
2123,200,216,477,562,228,35,9,53,50,71,20,16,277,362,1.339623
2124,201,202,301,339,12,28,3,14,76,34,27,1,100,138,2.428571
2125,201,202,236,252,405,14,15,11,29,13,7,1,35,51,1.181818
2126,201,205,248,320,58,14,17,28,16,54,25,4,47,119,1.928571
2127,201,202,255,315,377,40,13,44,31,58,24,1,54,114,1.318182
2128,201,202,219,281,277,16,13,22,13,48,18,1,18,80,2.181818
2129,201,202,203,231,395,0,1,18,1,28,0,1,2,30,1.555556
2130,201,202,215,322,350,7,10,51,9,87,24,1,14,121,1.705882
2131,201,202,206,267,551,4,6,48,3,56,6,1,5,66,1.166667
2132,201,202,229,312,136,24,14,45,20,79,11,1,28,111,1.755556
2133,201,202,263,345,135,43,18,34,44,56,43,1,62,144,1.647059
2134,201,211,236,319,338,3,12,27,13,51,35,10,35,118,1.888889
2135,202,203,216,247,455,11,11,25,9,29,6,1,14,45,1.160000
2136,202,203,218,298,174,12,17,43,7,75,12,1,16,96,1.744186
2137,202,203,221,302,125,11,12,23,13,59,27,1,19,100,2.565217
2138,202,203,204,231,295,0,1,26,1,26,1,1,2,29,1.000000
2139,202,203,209,290,500,4,6,54,5,78,4,1,7,88,1.444444
2140,202,650,680,757,296,6,25,44,5,60,20,448,478,555,1.363636
2141,203,204,283,306,32,34,16,10,50,14,38,1,80,103,1.400000
2142,203,204,205,257,28,0,1,10,1,40,12,1,2,54,4.000000
2143,203,204,210,249,409,5,11,32,6,38,1,1,7,46,1.187500
2144,203,204,509,576,323,255,16,55,188,67,117,1,306,373,1.218182
2145,203,208,233,316,389,18,8,31,20,55,33,5,30,113,1.774194
2146,203,204,919,999,291,84,17,47,81,69,65,1,716,796,1.468085
2147,204,205,237,269,180,24,4,17,26,27,11,1,33,65,1.588235
2148,204,205,215,300,46,1,12,27,5,61,29,1,11,96,2.259259
2149,204,205,270,329,507,55,10,31,40,53,31,1,66,125,1.709677
2150,204,205,243,273,138,29,7,25,27,27,14,1,39,69,1.080000
2151,204,363,391,456,350,8,24,45,8,53,15,159,187,252,1.177778
2152,204,205,219,300,243,11,16,22,9,52,34,1,15,96,2.363636
2153,205,206,263,348,559,37,5,24,45,66,31,1,58,143,2.750000
2154,205,-1,-1,-1,-1,0,-1,43,0,0,0,-1,-1,-1,0.000000
2155,205,206,260,277,19,30,8,8,36,14,21,1,55,72,1.750000
2156,205,504,691,752,409,16,22,43,16,55,19,299,486,547,1.279070
2157,205,206,333,384,143,85,14,35,81,47,50,1,128,179,1.342857
2158,205,206,210,290,333,2,3,53,3,77,4,1,5,85,1.452830
2159,205,206,213,275,581,7,6,38,5,58,6,1,8,70,1.526316
2160,206,207,222,306,371,6,4,39,13,63,23,1,16,100,1.615385
2161,206,207,310,415,43,47,15,17,65,79,64,1,104,209,4.647059
2162,206,207,218,245,160,6,8,21,9,25,4,1,12,39,1.190476
2163,206,207,220,261,316,3,11,25,11,33,10,1,14,55,1.320000
2164,206,207,293,386,463,58,19,44,66,74,39,1,87,180,1.681818
2165,206,362,395,470,39,8,26,48,13,72,7,156,189,264,1.500000
2166,206,207,214,289,467,6,12,45,6,73,3,1,8,83,1.622222
2167,206,207,230,304,409,19,5,34,12,52,33,1,24,98,1.529412
2168,206,207,215,233,324,2,12,9,7,15,4,1,9,27,1.666667
2169,207,208,232,301,422,18,8,37,20,63,10,1,25,94,1.702703
2170,207,212,231,273,406,0,6,19,5,33,9,5,24,66,1.736842
2171,207,208,219,278,408,8,12,46,7,56,7,1,12,71,1.217391
2172,207,208,248,330,377,34,13,28,22,74,26,1,41,123,2.642857
2173,207,208,282,334,503,58,17,27,44,47,35,1,75,127,1.740741
2174,207,208,214,262,179,2,4,37,6,43,5,1,7,55,1.162162
2175,207,208,238,259,143,20,18,14,27,20,4,1,31,52,1.428571
2176,207,208,214,289,426,3,5,33,4,65,12,1,7,82,1.969697
2177,207,290,342,451,594,4,18,39,9,77,33,83,135,244,1.974359
2178,208,209,252,310,289,34,13,23,29,45,27,1,44,102,1.956522
2179,208,440,720,810,532,1,14,41,6,75,15,232,512,602,1.829268
2180,208,209,216,242,69,5,16,12,2,22,9,1,8,34,1.833333
2181,208,209,233,254,405,17,16,12,16,16,13,1,25,46,1.333333
2182,208,209,223,295,569,10,15,17,12,55,19,1,15,87,3.235294
2183,208,209,257,304,329,40,14,31,29,45,21,1,49,96,1.451613
2184,208,209,216,233,488,2,7,17,7,17,0,1,8,25,1.000000
2185,209,210,213,269,115,0,3,23,3,45,11,1,4,60,1.956522
2186,209,210,216,272,389,0,6,22,6,44,12,1,7,63,2.000000
2187,209,380,477,564,531,40,11,39,45,61,35,171,268,355,1.564103
2188,209,210,212,298,403,1,17,55,2,85,1,1,3,89,1.545455
2189,209,448,467,527,207,1,15,43,5,51,9,239,258,318,1.186047
2190,209,210,242,302,325,23,10,22,22,42,28,1,33,93,1.909091
2191,209,-1,-1,-1,-1,0,-1,53,0,0,0,-1,-1,-1,0.000000
2192,209,210,211,221,87,0,1,9,1,9,1,1,2,12,1.000000
2193,209,210,228,307,168,17,24,23,12,53,32,1,19,98,2.304348
2194,209,210,253,312,23,27,13,27,29,43,27,1,44,103,1.592593
2195,210,211,286,299,503,27,17,7,40,9,39,1,76,89,1.285714
2196,210,211,230,254,241,10,24,13,14,19,9,1,20,44,1.461538
2197,210,211,244,300,499,25,10,17,21,31,37,1,34,90,1.823529
2198,210,211,212,301,544,1,10,33,1,79,10,1,2,91,2.393939
2199,210,211,219,249,57,4,15,14,4,26,8,1,9,39,1.857143
2200,210,211,230,272,228,14,3,32,16,38,7,1,20,62,1.187500
2201,210,211,272,346,473,50,11,30,47,72,16,1,62,136,2.400000
2202,211,713,-1,-1,544,13,1,45,19,0,2,502,-1,-1,0.000000
2203,211,212,223,300,527,11,15,21,9,69,10,1,12,89,3.285714
2204,211,212,240,293,329,24,14,28,18,46,17,1,29,82,1.642857
2205,211,212,235,278,427,19,8,29,16,37,13,1,24,67,1.275862
2206,211,212,215,252,171,3,18,14,2,34,4,1,4,41,2.428571
2207,211,212,215,305,34,0,3,18,3,76,14,1,4,94,4.222222
2208,212,232,262,345,548,0,6,29,12,67,17,20,50,133,2.310345
2209,212,213,231,304,473,15,12,44,15,62,14,1,19,92,1.409091
2210,212,245,349,449,454,16,16,34,17,76,30,33,137,237,2.235294
2211,212,213,251,332,17,32,8,33,28,63,28,1,39,120,1.909091
2212,212,213,221,242,206,3,1,17,8,19,2,1,9,30,1.117647
2213,212,213,216,275,544,2,15,16,2,40,20,1,4,63,2.500000
2214,213,214,214,302,206,0,0,30,0,66,22,1,1,89,2.200000
2215,213,214,223,258,58,3,10,17,6,23,15,1,10,45,1.352941
2216,213,214,219,271,83,4,2,27,4,49,4,1,6,58,1.814815
2217,213,214,238,319,329,17,12,23,12,53,40,1,25,106,2.304348
2218,214,215,223,317,352,8,3,26,7,74,21,1,9,103,2.846154
2219,214,215,232,306,598,14,1,50,9,68,14,1,18,92,1.360000
2220,214,352,366,476,181,11,17,44,12,96,15,138,152,262,2.181818
2221,215,216,254,272,41,12,18,13,28,17,11,1,39,57,1.307692
2222,215,216,220,271,17,4,5,27,3,39,13,1,5,56,1.444444
2223,215,216,227,264,185,10,17,17,8,29,11,1,12,49,1.705882
2224,215,216,241,339,489,19,12,33,18,81,24,1,26,124,2.454545
2225,216,217,220,242,396,1,4,7,3,15,7,1,4,26,2.142857
2226,216,217,241,314,93,16,13,34,17,62,18,1,25,98,1.823529
2227,216,217,233,273,39,9,4,21,12,27,17,1,17,57,1.285714
2228,216,217,226,253,60,8,9,21,6,23,7,1,10,37,1.095238
2229,216,217,245,300,243,28,30,23,20,41,22,1,29,84,1.782609
2230,216,217,284,350,435,52,14,46,43,56,31,1,68,134,1.217391
2231,216,217,228,314,215,5,8,36,9,64,24,1,12,98,1.777778
2232,217,218,244,282,37,20,4,12,18,36,10,1,27,65,3.000000
2233,217,218,357,448,442,71,12,42,81,56,53,1,140,231,1.333333
2234,217,218,238,316,60,16,9,31,15,59,24,1,21,99,1.903226
2235,217,218,284,328,599,56,13,31,50,35,25,1,67,111,1.129032
2236,217,218,220,293,239,1,12,38,1,50,24,1,3,76,1.315789
2237,218,219,267,338,592,24,10,11,34,55,30,1,49,120,5.000000
2238,218,219,300,411,143,52,16,19,63,87,42,1,82,193,4.578947
2239,218,219,278,326,521,35,11,25,39,35,33,1,60,108,1.400000
2240,218,-1,-1,-1,-1,0,-1,47,0,0,0,-1,-1,-1,0.000000
2241,218,219,229,256,56,8,12,15,9,25,3,1,11,38,1.666667
2242,218,229,287,372,91,24,15,29,28,59,52,11,69,154,2.034483
2243,218,226,273,358,562,3,22,32,11,66,21,8,55,140,2.062500
2244,218,219,242,301,234,8,19,15,16,51,15,1,24,83,3.400000
2245,218,219,319,400,442,82,7,58,70,76,34,1,101,182,1.310345
2246,218,219,229,274,342,9,7,25,9,31,15,1,11,56,1.240000
2247,219,220,224,296,427,0,4,28,4,52,20,1,5,77,1.857143
2248,219,220,251,320,93,20,11,33,20,47,33,1,32,101,1.424242
2249,219,220,220,254,334,0,0,21,0,25,9,1,1,35,1.190476
2250,220,221,459,538,584,205,21,36,154,70,93,1,239,318,1.944444
2251,220,221,224,293,236,2,8,47,2,69,1,1,4,73,1.468085
2252,220,221,313,348,543,67,27,26,57,30,40,1,93,128,1.153846
2253,220,221,234,312,521,10,12,22,11,50,30,1,14,92,2.272727
2254,220,221,241,311,533,15,3,29,17,55,18,1,21,91,1.896552
2255,220,221,222,259,37,0,1,11,1,27,10,1,2,39,2.454545
2256,220,282,409,466,389,75,17,41,62,53,38,62,189,246,1.292683
2257,220,221,221,238,98,0,0,11,0,13,4,1,1,18,1.181818
2258,220,221,233,282,310,7,25,16,10,34,17,1,13,62,2.125000
2259,221,-1,-1,-1,-1,0,-1,50,0,0,0,-1,-1,-1,0.000000
2260,221,222,232,283,143,7,14,38,9,48,4,1,11,62,1.263158
2261,221,222,259,275,81,27,8,16,27,16,10,1,38,54,1.000000
2262,221,222,435,505,521,166,11,47,124,65,94,1,214,284,1.382979
2263,221,222,231,273,23,5,4,23,9,33,9,1,10,52,1.434783
2264,222,714,714,783,544,0,0,45,0,65,4,492,492,561,1.444444
2265,222,223,252,277,103,14,20,19,22,21,11,1,30,55,1.105263
2266,222,223,280,354,527,51,23,49,36,67,28,1,58,132,1.367347
2267,222,223,224,265,460,1,13,18,0,32,10,1,2,43,1.777778
2268,222,743,795,874,557,9,14,48,8,74,8,521,573,652,1.541667
2269,222,223,314,421,20,58,11,27,67,75,56,1,92,199,2.777778
2270,222,223,270,291,185,42,18,18,38,20,10,1,48,69,1.111111
2271,223,615,911,992,58,103,28,53,97,77,29,392,688,769,1.452830
2272,223,224,245,275,55,13,13,27,14,29,8,1,22,52,1.074074
2273,223,224,259,346,456,30,8,25,24,57,41,1,36,123,2.280000
2274,223,224,282,353,400,45,14,46,36,60,33,1,59,130,1.304348
2275,223,224,233,270,82,0,7,10,9,28,9,1,10,47,2.800000
2276,223,224,309,357,449,48,11,35,50,45,38,1,86,134,1.285714
2277,224,225,388,399,394,99,14,10,121,10,43,1,164,175,1.000000
2278,224,225,242,307,204,14,12,26,11,40,31,1,18,83,1.538462
2279,224,225,228,298,323,0,2,55,2,65,6,1,4,74,1.181818
2280,224,225,227,296,387,2,8,28,2,66,3,1,3,72,2.357143
2281,224,225,231,284,338,4,14,31,5,41,13,1,7,60,1.322581
2282,225,233,266,351,588,1,11,52,9,72,14,8,41,126,1.384615
2283,225,227,269,319,125,38,16,45,21,49,22,2,44,94,1.088889
2284,225,262,272,350,395,5,4,57,10,75,3,37,47,125,1.315789
2285,225,226,265,356,557,26,13,40,22,78,30,1,40,131,1.950000
2286,225,226,230,265,21,3,16,31,3,33,3,1,5,40,1.064516
2287,225,226,236,280,541,9,8,37,9,43,2,1,11,55,1.162162
2288,225,226,246,326,489,14,3,26,16,74,10,1,21,101,2.846154
2289,225,226,261,351,105,29,17,29,26,69,30,1,36,126,2.379310
2290,225,226,238,303,231,10,20,42,10,52,15,1,13,78,1.238095
2291,225,226,227,304,571,1,12,27,1,63,14,1,2,79,2.333333
2292,225,228,243,300,459,3,13,24,11,34,26,3,18,75,1.416667
2293,225,226,228,282,87,0,2,17,2,43,11,1,3,57,2.529412
2294,226,227,322,410,248,83,12,48,62,80,41,1,96,184,1.666667
2295,226,227,253,323,490,24,11,29,19,63,14,1,27,97,2.172414
2296,226,233,256,348,525,1,9,41,9,65,27,7,30,122,1.585366
2297,226,227,259,320,463,21,18,21,24,41,28,1,33,94,1.952381
2298,226,227,244,283,193,12,4,28,12,34,10,1,18,57,1.214286
2299,226,227,285,337,106,42,6,18,43,44,23,1,59,111,2.444444
2300,226,227,318,324,502,66,5,6,72,6,19,1,92,98,1.000000
2301,226,227,249,314,529,17,9,44,15,54,18,1,23,88,1.227273
2302,226,227,243,314,332,10,8,27,13,51,23,1,17,88,1.888889
2303,227,228,250,304,174,18,10,23,14,37,25,1,23,77,1.608696
2304,227,230,236,302,169,6,17,42,3,56,13,3,9,75,1.333333
2305,227,228,298,355,153,53,13,18,51,42,34,1,71,128,2.333333
2306,227,228,237,302,196,6,10,32,8,50,16,1,10,75,1.562500
2307,227,228,265,322,487,27,15,41,26,45,23,1,38,95,1.097561
2308,227,228,290,360,480,44,13,35,47,57,25,1,63,133,1.628571
2309,228,229,230,278,58,0,1,38,1,46,2,1,2,50,1.210526
2310,228,388,-1,-1,564,5,16,55,10,0,3,160,-1,-1,0.000000
2311,228,229,237,315,400,6,15,49,5,65,16,1,9,87,1.326531
2312,228,229,238,304,35,5,15,27,8,49,18,1,10,76,1.814815
2313,228,229,526,577,541,234,5,37,180,43,120,1,298,349,1.162162
2314,228,229,244,265,421,7,10,13,11,19,6,1,16,37,1.461538
2315,229,230,288,368,109,43,16,48,43,76,19,1,59,139,1.583333
2316,229,230,241,252,147,5,14,9,10,9,3,1,12,23,1.000000
2317,229,230,248,313,507,15,18,33,9,59,15,1,19,84,1.787879
2318,229,231,244,328,547,2,14,30,10,58,26,2,15,99,1.933333
2319,229,231,515,572,593,106,9,44,111,56,43,2,286,343,1.272727
2320,229,238,511,605,435,124,16,49,96,75,78,9,282,376,1.530612
2321,230,231,245,283,81,10,6,19,10,33,9,1,15,53,1.736842
2322,230,231,281,343,463,40,21,29,31,51,30,1,51,113,1.758621
2323,230,231,241,312,20,1,9,19,9,45,27,1,11,82,2.368421
2324,230,231,242,285,529,11,12,30,7,32,15,1,12,55,1.066667
2325,230,231,299,322,92,36,10,13,36,17,38,1,69,92,1.307692
2326,230,231,289,375,32,22,14,14,27,60,57,1,59,145,4.285714
2327,231,232,243,322,117,8,13,20,8,52,30,1,12,91,2.600000
2328,231,416,693,767,392,124,23,44,97,64,67,185,462,536,1.454545
2329,231,257,265,293,227,1,13,11,7,19,10,26,34,62,1.727273
2330,231,232,237,290,484,5,15,47,4,51,3,1,6,59,1.085106
2331,231,232,245,280,506,1,12,27,10,29,7,1,14,49,1.074074
2332,231,232,345,455,408,99,13,30,63,78,82,1,114,224,2.600000
2333,231,232,277,321,176,29,3,31,28,35,26,1,46,90,1.129032
2334,232,718,-1,-1,178,5,23,42,8,0,1,486,-1,-1,0.000000
2335,233,234,314,402,50,74,5,27,56,67,45,1,81,169,2.481481
2336,233,234,241,281,92,4,6,18,6,30,11,1,8,48,1.666667
2337,233,236,265,306,111,4,26,23,20,33,9,3,32,73,1.434783
2338,233,-1,-1,-1,-1,0,-1,60,0,0,0,-1,-1,-1,0.000000
2339,233,424,552,640,549,93,14,52,93,72,40,191,319,407,1.384615
2340,234,235,304,387,132,54,13,47,53,79,20,1,70,153,1.680851
2341,234,235,304,361,465,53,22,27,56,39,31,1,70,127,1.444444
2342,234,235,254,309,464,16,3,26,12,42,20,1,20,75,1.615385
2343,234,235,237,263,164,1,7,12,1,22,5,1,3,29,1.833333
2344,234,325,325,382,271,0,0,51,0,55,2,91,91,148,1.078431
2345,234,382,462,506,458,25,23,41,24,41,12,148,228,272,1.000000
2346,235,236,285,371,476,44,14,32,36,80,19,1,50,136,2.500000
2347,235,236,277,360,382,33,13,44,23,76,25,1,42,125,1.727273
2348,235,236,242,290,12,3,12,19,4,35,15,1,7,55,1.842105
2349,235,236,274,366,66,31,11,32,16,80,34,1,39,131,2.500000
2350,236,237,245,259,236,1,14,14,8,14,0,1,9,23,1.000000
2351,236,237,283,375,109,33,6,33,34,75,29,1,47,139,2.272727
2352,236,237,237,283,56,0,0,18,0,38,8,1,1,47,2.111111
2353,236,362,403,493,55,11,23,48,13,86,13,126,167,257,1.791667
2354,236,237,367,480,451,101,12,35,91,75,77,1,131,244,2.142857
2355,236,237,370,442,436,103,3,45,94,63,48,1,134,206,1.400000
2356,237,238,249,290,65,5,8,21,9,31,12,1,12,53,1.476190
2357,237,238,304,398,320,38,14,38,52,66,42,1,67,161,1.736842
2358,237,238,275,332,365,27,15,25,24,41,29,1,38,95,1.640000
2359,237,238,251,295,276,8,8,17,11,31,15,1,14,58,1.823529
2360,237,273,294,329,437,16,17,25,17,31,6,36,57,92,1.240000
2361,238,239,290,331,35,44,13,33,34,39,19,1,52,93,1.181818
2362,238,239,414,485,338,132,3,32,121,50,75,1,176,247,1.562500
2363,238,320,507,609,246,88,17,40,79,76,66,82,269,371,1.900000
2364,238,239,260,277,595,13,17,11,11,15,12,1,22,39,1.363636
2365,238,239,246,299,235,7,7,19,7,37,16,1,8,61,1.947368
2366,238,239,239,309,405,0,0,29,0,63,7,1,1,71,2.172414
2367,238,239,266,315,497,17,12,39,21,47,8,1,28,77,1.205128
2368,238,246,255,308,531,3,12,28,5,40,14,8,17,70,1.428571
2369,238,774,-1,-1,153,99,16,57,87,0,31,536,-1,-1,0.000000
2370,239,240,242,315,266,1,3,43,0,61,14,1,3,76,1.418605
2371,239,240,270,296,33,8,9,7,25,23,8,1,31,57,3.285714
2372,239,240,314,398,398,27,1,14,53,60,45,1,75,159,4.285714
2373,239,240,327,406,35,42,12,15,53,55,58,1,88,167,3.666667
2374,239,240,266,331,62,17,2,19,21,43,27,1,27,92,2.263158
2375,239,240,240,315,436,0,0,44,0,70,5,1,1,76,1.590909
2376,239,240,278,352,459,25,12,36,31,60,21,1,39,113,1.666667
2377,240,241,252,318,147,2,6,19,10,41,26,1,12,78,2.157895
2378,240,241,301,383,562,47,16,47,39,81,20,1,61,143,1.723404
2379,240,241,245,294,297,3,3,23,2,37,14,1,5,54,1.608696
2380,240,262,291,381,463,17,15,32,14,68,37,22,51,141,2.125000
2381,240,241,244,264,187,0,3,17,3,19,1,1,4,24,1.117647
2382,241,440,779,859,57,9,12,41,26,61,21,199,538,618,1.487805
2383,241,242,242,263,76,0,0,16,0,20,1,1,1,22,1.250000
2384,241,-1,-1,-1,-1,0,-1,53,0,0,0,-1,-1,-1,0.000000
2385,241,242,257,269,300,12,13,12,13,12,2,1,16,28,1.000000
2386,241,413,505,581,496,19,14,41,38,63,18,172,264,340,1.536585
2387,241,242,242,319,50,0,0,18,0,62,15,1,1,78,3.444444
2388,241,242,249,299,199,4,5,16,7,28,22,1,8,58,1.750000
2389,242,498,738,807,195,69,19,41,68,57,50,256,496,565,1.390244
2390,242,243,255,310,185,5,12,40,11,46,10,1,13,68,1.150000
2391,242,243,265,303,261,20,23,19,17,31,12,1,23,61,1.631579
2392,242,243,245,295,493,0,2,28,2,42,8,1,3,53,1.500000
2393,242,243,265,336,32,7,12,21,16,57,20,1,23,94,2.714286
2394,242,243,276,345,105,28,8,36,28,46,28,1,34,103,1.277778
2395,242,243,296,326,40,28,13,18,33,28,22,1,54,84,1.555556
2396,243,244,246,322,505,2,2,40,2,76,0,1,3,79,1.900000
2397,243,244,252,276,79,3,9,14,8,18,6,1,9,33,1.285714
2398,243,244,307,403,257,42,4,15,45,69,45,1,64,160,4.600000
2399,243,244,244,309,520,0,0,18,0,54,11,1,1,66,3.000000
2400,243,244,248,297,147,0,4,11,4,35,14,1,5,54,3.181818
2401,243,244,304,373,33,45,15,31,49,65,15,1,61,130,2.096774
2402,244,245,259,304,369,6,13,21,6,35,16,1,15,60,1.666667
2403,244,245,303,354,121,33,8,30,42,36,31,1,59,110,1.200000
2404,244,245,245,296,283,0,0,37,0,43,8,1,1,52,1.162162
2405,244,245,256,270,559,10,6,12,7,12,6,1,12,26,1.000000
2406,244,245,252,285,259,1,6,19,5,29,5,1,8,41,1.526316
2407,244,310,355,391,306,15,18,27,21,31,9,66,111,147,1.148148
2408,245,246,279,350,507,29,16,30,21,48,35,1,34,105,1.600000
2409,245,246,258,297,413,6,20,17,10,35,6,1,13,52,2.058824
2410,245,246,274,301,557,24,3,15,23,23,9,1,29,56,1.533333
2411,246,248,275,339,583,23,21,42,18,56,17,2,29,93,1.333333
2412,246,247,272,362,174,21,5,25,20,77,18,1,26,116,3.080000
2413,246,247,291,325,557,32,2,20,32,28,18,1,45,79,1.400000
2414,246,247,290,391,35,39,16,37,29,75,40,1,44,145,2.027027
2415,246,260,286,301,595,11,17,14,19,14,4,14,40,55,1.000000
2416,246,247,254,340,43,1,15,20,5,62,26,1,8,94,3.100000
2417,246,247,254,276,446,1,9,18,7,20,2,1,8,30,1.111111
2418,247,248,288,355,294,35,18,35,33,53,21,1,41,108,1.514286
2419,247,248,267,359,247,17,19,29,6,67,38,1,20,112,2.310345
2420,247,248,248,323,91,0,0,41,0,59,16,1,1,76,1.439024
2421,247,248,265,293,12,6,13,19,14,25,6,1,18,46,1.315789
2422,247,248,259,309,191,9,15,32,7,40,14,1,12,62,1.250000
2423,247,248,292,355,301,41,16,36,29,52,26,1,45,108,1.444444
2424,247,248,255,303,160,3,6,31,6,37,12,1,8,56,1.193548
2425,247,248,269,299,101,6,14,21,16,25,7,1,22,52,1.190476
2426,248,249,391,460,457,98,13,48,99,56,42,1,143,212,1.166667
2427,248,249,255,312,438,3,3,39,6,45,12,1,7,64,1.153846
2428,248,249,265,303,268,14,12,25,9,35,10,1,17,55,1.400000
2429,249,250,305,357,299,36,15,27,40,39,28,1,56,108,1.444444
2430,249,266,619,700,596,51,20,40,45,68,38,17,370,451,1.700000
2431,249,250,266,353,100,7,11,33,14,63,26,1,17,104,1.909091
2432,249,257,271,324,64,3,7,19,13,39,14,8,22,75,2.052632
2433,249,250,251,328,183,0,1,29,1,59,18,1,2,79,2.034483
2434,249,250,256,284,41,2,6,19,5,23,6,1,7,35,1.210526
2435,250,251,293,325,499,27,2,30,36,30,7,1,43,75,1.000000
2436,250,251,268,302,369,3,12,13,15,25,11,1,18,52,1.923077
2437,250,251,305,332,543,12,6,16,44,26,11,1,55,82,1.625000
2438,250,251,274,304,153,17,4,23,14,23,16,1,24,54,1.000000
2439,250,251,267,332,78,13,8,17,10,39,32,1,17,82,2.294118
2440,251,338,384,481,376,19,13,32,27,62,36,87,133,230,1.937500
2441,251,252,261,271,446,1,4,9,9,9,1,1,10,20,1.000000
2442,251,252,255,331,19,1,6,17,3,55,21,1,4,80,3.235294
2443,251,252,315,388,320,48,18,40,48,68,20,1,64,137,1.700000
2444,251,252,447,514,210,156,15,46,111,60,91,1,196,263,1.304348
2445,252,253,306,366,166,38,7,39,41,55,17,1,54,114,1.410256
2446,252,253,264,311,228,1,8,13,9,35,14,1,12,59,2.692308
2447,252,316,626,705,374,15,13,50,22,76,6,64,374,453,1.520000
2448,252,257,282,310,201,3,19,21,15,25,5,5,30,58,1.190476
2449,252,253,266,359,495,4,5,20,10,58,38,1,14,107,2.900000
2450,253,266,510,567,213,61,17,46,77,50,20,13,257,314,1.086957
2451,253,254,271,309,543,11,11,27,11,33,11,1,18,56,1.222222
2452,253,254,259,287,19,0,4,19,4,27,2,1,6,34,1.421053
2453,253,266,302,334,595,16,13,17,28,23,12,13,49,81,1.352941
2454,253,273,349,429,591,34,23,37,45,61,27,20,96,176,1.648649
2455,253,254,275,334,469,18,18,39,18,51,11,1,22,81,1.307692
2456,254,255,284,333,154,21,7,25,24,43,11,1,30,79,1.720000
2457,254,255,258,277,233,0,3,9,3,13,6,1,4,23,1.444444
2458,254,255,264,326,64,6,5,21,7,37,27,1,10,72,1.761905
2459,254,255,346,392,74,48,19,23,68,37,32,1,92,138,1.608696
2460,254,255,500,585,241,200,21,41,159,83,88,1,246,331,2.024390
2461,254,348,396,479,333,15,16,37,15,71,17,94,142,225,1.918919
2462,254,255,271,303,73,4,15,13,5,27,16,1,17,49,2.076923
2463,254,255,269,311,201,10,13,31,11,39,6,1,15,57,1.258065
2464,254,255,273,326,322,8,7,28,14,36,21,1,19,72,1.285714
2465,254,255,255,326,198,0,0,25,0,59,12,1,1,72,2.360000
2466,254,255,322,415,167,50,18,50,43,84,26,1,68,161,1.680000
2467,254,255,313,399,519,32,19,26,46,64,34,1,59,145,2.461538
2468,255,256,265,328,73,3,11,32,7,50,15,1,10,73,1.562500
2469,255,257,345,421,331,10,9,24,18,52,29,2,90,166,2.166667
2470,255,256,268,347,43,10,16,25,8,69,14,1,13,92,2.760000
2471,255,256,262,339,322,1,6,18,5,48,30,1,7,84,2.666667
2472,255,256,310,336,299,39,11,20,35,20,25,1,55,81,1.000000
2473,255,305,445,513,284,3,10,33,10,49,19,50,190,258,1.484848
2474,256,260,265,276,455,0,5,10,5,10,1,4,9,20,1.000000
2475,256,257,271,301,228,2,6,24,13,24,7,1,15,45,1.000000
2476,256,257,268,289,86,9,13,17,7,19,6,1,12,33,1.117647
2477,256,257,287,373,447,26,15,40,15,70,31,1,31,117,1.750000
2478,257,366,-1,-1,29,33,15,48,36,0,9,109,-1,-1,0.000000
2479,257,258,279,350,161,20,10,42,17,60,15,1,22,93,1.428571
2480,257,258,271,362,335,8,11,36,11,68,25,1,14,105,1.888889
2481,257,258,328,415,569,44,13,18,40,44,73,1,71,158,2.444444
2482,257,258,333,365,365,59,11,30,52,32,23,1,76,108,1.066667
2483,258,259,357,441,53,78,9,44,62,72,48,1,99,183,1.636364
2484,258,259,307,389,126,37,10,29,23,67,40,1,49,131,2.310345
2485,258,259,265,283,84,2,6,14,5,16,3,1,7,25,1.142857
2486,258,259,259,303,153,0,0,31,0,35,9,1,1,45,1.129032
2487,258,259,342,430,476,62,18,32,52,66,49,1,84,172,2.062500
2488,258,275,-1,-1,590,1,23,56,6,0,7,17,-1,-1,0.000000
2489,258,259,267,320,528,6,7,16,6,42,13,1,9,62,2.625000
2490,258,259,262,322,289,2,3,39,3,53,7,1,4,64,1.358974
2491,259,260,267,310,480,2,7,20,7,30,13,1,8,51,1.500000
2492,259,268,310,355,437,17,17,23,33,43,6,9,51,96,1.869565
2493,259,260,267,307,228,1,5,18,7,34,6,1,8,48,1.888889
2494,259,268,307,353,26,16,14,20,28,26,26,9,48,94,1.300000
2495,259,260,282,327,116,15,13,26,17,36,14,1,23,68,1.384615
2496,259,260,283,365,479,20,16,29,15,65,25,1,24,106,2.241379
2497,259,260,269,323,35,3,4,17,5,41,17,1,10,64,2.411765
2498,259,260,265,300,154,3,10,22,5,24,11,1,6,41,1.090909
2499,259,260,261,331,236,0,1,43,1,61,9,1,2,72,1.418605
2500,259,260,314,328,454,38,9,12,36,14,18,1,55,69,1.166667
2501,259,260,472,564,310,176,5,49,138,87,78,1,213,305,1.775510
2502,259,260,276,329,382,13,20,42,14,48,7,1,17,70,1.142857
2503,260,261,262,330,336,0,1,48,1,66,2,1,2,70,1.375000
2504,260,261,340,425,238,60,13,26,48,60,56,1,80,165,2.307692
2505,260,273,300,335,456,15,4,28,22,30,7,13,40,75,1.071429
2506,260,262,293,374,186,3,9,31,10,55,26,2,33,114,1.774194
2507,260,261,288,323,202,20,16,13,21,25,16,1,28,63,1.923077
2508,260,261,278,346,379,16,9,47,13,67,5,1,18,86,1.425532
2509,261,262,275,309,103,9,10,24,12,32,3,1,14,48,1.333333
2510,261,262,294,381,431,24,5,49,24,77,17,1,33,120,1.571429
2511,261,262,278,349,355,12,11,49,13,61,13,1,17,88,1.244898
2512,262,263,476,553,89,161,21,32,150,62,78,1,214,291,1.937500
2513,262,263,438,508,156,55,3,45,67,67,14,1,176,246,1.488889
2514,262,263,310,371,1,35,14,18,30,50,28,1,48,109,2.777778
2515,263,264,356,448,307,67,18,35,46,67,65,1,93,185,1.914286
2516,263,267,267,345,408,0,0,48,0,74,4,4,4,82,1.541667
2517,263,264,311,375,536,9,2,24,22,48,22,1,48,112,2.000000
2518,263,264,900,977,37,162,20,51,143,63,96,1,637,714,1.235294
2519,263,264,297,357,200,8,7,20,27,52,14,1,34,94,2.600000
2520,263,264,300,392,119,28,11,31,22,71,35,1,37,129,2.290323
2521,263,264,359,433,168,81,18,38,76,68,25,1,96,170,1.789474
2522,263,275,292,382,165,4,11,31,7,69,28,12,29,119,2.225806
2523,264,265,275,366,227,4,1,34,9,68,24,1,11,102,2.000000
2524,264,762,-1,-1,335,1,15,62,6,0,2,498,-1,-1,0.000000
2525,264,265,266,351,401,0,1,25,1,63,22,1,2,87,2.520000
2526,264,265,298,320,114,11,12,15,19,21,15,1,34,56,1.400000
2527,264,265,297,320,67,11,3,10,22,22,11,1,33,56,2.200000
2528,264,265,352,415,18,51,18,23,63,45,42,1,88,151,1.956522
2529,264,265,271,282,186,0,6,11,6,11,0,1,7,18,1.000000
2530,265,266,268,309,498,2,17,26,2,36,5,1,3,44,1.384615
2531,265,282,361,450,437,41,12,37,46,71,28,17,96,185,1.918919
2532,265,266,266,300,156,0,0,23,0,29,5,1,1,35,1.260870
2533,265,266,269,283,100,0,3,11,3,13,1,1,4,18,1.181818
2534,265,336,557,646,397,64,9,37,68,63,41,71,292,381,1.702703
2535,265,266,284,356,268,16,3,29,13,71,6,1,19,91,2.448276
2536,265,268,304,327,413,17,15,18,27,22,5,3,39,62,1.222222
2537,265,266,406,466,365,103,7,39,90,55,55,1,141,201,1.410256
2538,265,266,296,391,94,25,13,31,21,75,29,1,31,126,2.419355
2539,265,266,266,305,536,0,0,24,0,32,7,1,1,40,1.333333
2540,266,267,320,409,554,37,19,18,41,46,55,1,54,143,2.555556
2541,266,267,294,376,26,17,8,32,20,66,23,1,28,110,2.062500
2542,266,267,281,334,358,11,13,24,7,40,20,1,15,68,1.666667
2543,266,267,322,414,67,34,3,18,42,68,37,1,56,148,3.777778
2544,266,267,346,404,86,54,10,34,52,48,37,1,80,138,1.411765
2545,266,267,318,362,445,20,14,37,24,41,11,1,52,96,1.108108
2546,267,268,286,321,392,4,1,20,9,28,10,1,19,54,1.400000
2547,267,268,271,335,169,3,17,45,3,61,3,1,4,68,1.355556
2548,268,269,356,420,526,69,16,42,62,56,31,1,88,152,1.333333
2549,268,269,332,416,579,52,16,42,42,74,31,1,64,148,1.761905
2550,268,269,269,279,392,0,0,8,0,8,2,1,1,11,1.000000
2551,268,269,271,345,465,0,2,41,2,65,9,1,3,77,1.585366
2552,268,269,279,358,202,5,18,52,6,74,9,1,11,90,1.423077
2553,268,-1,-1,-1,-1,0,-1,54,0,0,0,-1,-1,-1,0.000000
2554,268,269,293,333,596,21,13,27,11,35,18,1,25,65,1.296296
2555,268,269,366,392,67,64,3,22,70,24,29,1,98,124,1.090909
2556,268,269,270,305,369,0,1,26,1,32,3,1,2,37,1.230769
2557,269,270,294,351,378,17,2,19,17,41,23,1,25,82,2.157895
2558,269,270,283,321,170,11,14,29,10,33,8,1,14,52,1.137931
2559,269,272,277,293,456,4,5,14,5,16,0,3,8,24,1.142857
2560,270,-1,-1,-1,-1,0,-1,51,0,0,0,-1,-1,-1,0.000000
2561,270,380,466,555,183,28,13,38,41,64,31,110,196,285,1.684211
2562,270,271,328,416,496,42,15,26,35,64,46,1,58,146,2.461538
2563,270,271,325,423,577,46,28,38,32,56,64,1,55,153,1.473684
2564,270,271,311,323,114,21,9,8,28,10,14,1,41,53,1.250000
2565,270,271,271,292,306,0,0,16,0,16,5,1,1,22,1.000000
2566,271,272,273,332,97,1,4,34,1,50,9,1,2,61,1.470588
2567,271,272,273,319,179,0,1,12,1,34,12,1,2,48,2.833333
2568,271,272,276,297,413,4,4,19,3,21,1,1,5,26,1.105263
2569,271,272,282,347,370,8,5,36,5,54,16,1,11,76,1.500000
2570,271,-1,-1,-1,-1,0,-1,52,0,0,0,-1,-1,-1,0.000000
2571,271,272,307,400,287,21,7,18,26,64,38,1,36,129,3.555556
2572,271,272,287,316,66,6,5,20,12,24,8,1,16,45,1.200000
2573,271,272,280,345,68,5,4,29,3,63,7,1,9,74,2.172414
2574,272,273,322,405,425,42,6,47,34,63,35,1,50,133,1.340426
2575,272,273,318,416,302,30,12,15,34,73,36,1,46,144,4.866667
2576,272,273,357,427,1,77,28,45,57,63,34,1,85,155,1.400000
2577,272,273,278,320,122,4,17,20,1,34,12,1,6,48,1.700000
2578,272,273,290,327,347,10,6,18,15,28,11,1,18,55,1.555556
2579,272,273,288,331,590,1,24,23,8,35,8,1,16,59,1.521739
2580,272,273,296,348,561,14,6,21,15,33,27,1,24,76,1.571429
2581,272,280,312,401,556,15,11,46,18,86,12,8,40,129,1.869565
2582,273,274,295,361,217,9,8,28,18,56,13,1,22,88,2.000000
2583,273,274,278,336,2,0,4,41,4,55,3,1,5,63,1.341463
2584,273,274,281,361,80,4,7,31,7,49,31,1,8,88,1.580645
2585,273,274,305,336,106,7,3,12,24,28,10,1,32,63,2.333333
2586,273,274,327,365,388,35,10,24,36,32,23,1,54,92,1.333333
2587,273,274,415,444,515,118,14,24,101,28,41,1,142,171,1.166667
2588,273,294,349,438,241,17,22,42,25,62,36,21,76,165,1.476190
2589,273,274,287,347,349,8,14,23,12,51,10,1,14,74,2.217391
2590,273,276,288,301,292,6,17,9,10,11,3,3,15,28,1.222222
2591,274,275,321,334,469,18,8,11,41,13,5,1,47,60,1.181818
2592,274,275,300,325,578,17,12,17,18,23,9,1,26,51,1.352941
2593,274,275,276,353,116,1,6,19,1,59,18,1,2,79,3.105263
2594,274,275,285,357,24,0,10,11,10,47,25,1,11,83,4.272727
2595,274,275,280,371,7,2,5,40,5,80,11,1,6,97,2.000000
2596,274,275,297,387,125,13,15,23,18,61,33,1,23,113,2.652174
2597,275,276,294,321,293,9,15,25,18,27,0,1,19,46,1.080000
2598,275,285,323,410,407,3,11,28,9,60,30,10,48,135,2.142857
2599,275,356,-1,-1,224,57,12,47,51,0,25,81,-1,-1,0.000000
2600,275,276,288,337,212,9,11,37,4,47,10,1,13,62,1.270270
2601,275,376,448,497,531,18,11,37,32,41,12,101,173,222,1.108108
2602,275,276,297,313,151,14,8,10,15,14,8,1,22,38,1.400000
2603,275,276,293,383,432,12,11,29,8,73,26,1,18,108,2.517241
2604,276,277,290,310,300,10,20,17,9,19,5,1,14,34,1.117647
2605,276,277,353,432,320,28,10,43,33,69,15,1,77,156,1.604651
2606,276,277,334,388,188,48,6,28,33,50,28,1,58,112,1.785714
2607,276,277,308,348,561,18,2,14,13,30,28,1,32,72,2.142857
2608,276,277,286,345,335,8,16,32,7,46,15,1,10,69,1.437500
2609,277,278,449,503,321,143,10,46,110,54,52,1,172,226,1.173913
2610,277,278,299,330,99,10,12,22,9,22,21,1,22,53,1.000000
2611,277,278,300,380,32,10,10,14,15,48,39,1,23,103,3.428571
2612,277,676,788,857,587,12,30,45,11,65,12,399,511,580,1.444444
2613,277,278,307,349,422,14,10,15,20,35,16,1,30,72,2.333333
2614,277,278,291,385,68,5,2,27,11,73,23,1,14,108,2.703704
2615,277,286,582,643,596,49,19,36,49,56,36,9,305,366,1.555556
2616,277,278,312,375,94,19,16,16,28,50,19,1,35,98,3.125000
2617,278,335,353,384,246,10,10,29,15,31,1,57,75,106,1.068966
2618,278,279,289,363,463,2,19,28,9,50,25,1,11,85,1.785714
2619,278,298,341,430,584,4,19,46,8,74,19,20,63,152,1.608696
2620,278,279,279,294,115,0,0,9,0,15,0,1,1,16,1.666667
2621,278,345,348,395,466,1,15,35,2,45,2,67,70,117,1.285714
2622,278,279,313,365,144,23,16,16,27,32,27,1,35,87,2.000000
2623,278,279,287,340,200,6,3,40,7,48,6,1,9,62,1.200000
2624,278,279,279,306,561,0,0,21,0,27,0,1,1,28,1.285714
2625,278,279,290,336,578,9,16,15,7,33,17,1,12,58,2.200000
2626,278,279,282,359,39,0,3,14,3,52,25,1,4,81,3.714286
2627,279,337,741,838,577,171,7,40,154,70,92,58,462,559,1.750000
2628,279,280,280,361,11,0,0,29,0,63,18,1,1,82,2.172414
2629,279,280,289,385,108,6,11,17,6,63,36,1,10,106,3.705882
2630,279,280,283,312,414,1,8,26,2,28,1,1,4,33,1.076923
2631,279,280,287,375,25,4,7,31,7,73,15,1,8,96,2.354839
2632,280,281,325,409,531,18,4,25,30,61,32,1,45,129,2.440000
2633,280,281,281,377,245,0,0,34,0,76,20,1,1,97,2.235294
2634,280,281,293,313,551,3,8,10,12,18,2,1,13,33,1.800000
2635,280,281,320,441,95,35,21,31,26,91,43,1,40,161,2.935484
2636,280,281,283,382,284,2,18,39,0,77,24,1,3,102,1.974359
2637,280,286,323,426,551,4,6,37,15,63,43,6,43,146,1.702703
2638,281,282,282,314,521,0,0,17,0,21,11,1,1,33,1.235294
2639,281,282,295,373,237,12,19,46,7,72,12,1,14,92,1.565217
2640,281,285,737,797,410,13,15,31,15,47,19,4,456,516,1.516129
2641,281,282,283,301,172,1,13,10,1,14,4,1,2,20,1.400000
2642,281,298,302,376,411,4,25,57,4,63,11,17,21,95,1.105263
2643,281,282,294,314,43,2,11,7,11,17,4,1,13,33,2.428571
2644,281,283,331,395,281,10,14,32,20,52,14,2,50,114,1.625000
2645,282,283,285,327,107,0,2,21,2,37,5,1,3,45,1.761905
2646,282,-1,-1,-1,-1,0,-1,58,0,0,0,-1,-1,-1,0.000000
2647,282,369,-1,-1,39,18,26,51,22,0,7,87,-1,-1,0.000000
2648,282,283,302,320,8,13,24,11,13,15,9,1,20,38,1.363636
2649,282,-1,-1,-1,-1,0,-1,51,0,0,0,-1,-1,-1,0.000000
2650,282,283,313,383,487,14,15,32,21,52,25,1,31,101,1.625000
2651,282,283,284,311,192,0,1,27,1,27,0,1,2,29,1.000000
2652,282,283,296,325,293,6,8,25,13,27,2,1,14,43,1.080000
2653,282,283,308,355,217,11,3,21,21,37,14,1,26,73,1.761905
2654,283,284,312,368,79,5,11,15,21,41,22,1,29,85,2.733333
2655,283,284,323,380,51,14,13,20,21,46,29,1,40,97,2.300000
2656,283,284,378,448,579,53,17,50,57,68,21,1,95,165,1.360000
2657,283,316,633,706,174,12,12,50,24,62,11,33,350,423,1.240000
2658,283,298,533,612,108,45,23,61,45,75,22,15,250,329,1.229508
2659,283,284,284,352,351,0,0,29,0,53,15,1,1,69,1.827586
2660,283,362,591,672,495,78,18,49,74,69,61,79,308,389,1.408163
2661,283,284,325,379,205,28,18,36,30,46,19,1,42,96,1.277778
2662,283,284,354,443,443,59,28,36,41,70,48,1,71,160,1.944444
2663,283,284,297,315,461,6,10,14,11,16,4,1,14,32,1.142857
2664,284,285,285,354,531,0,0,18,0,44,25,1,1,70,2.444444
2665,284,310,357,393,75,12,17,29,21,35,6,26,73,109,1.206897
2666,284,285,300,393,237,10,20,45,10,77,21,1,16,109,1.711111
2667,285,286,310,366,205,16,18,35,19,51,10,1,25,81,1.457143
2668,285,286,319,343,488,15,2,16,19,18,20,1,34,58,1.125000
2669,285,286,298,371,180,7,15,25,8,69,8,1,13,86,2.760000
2670,286,287,304,378,84,8,7,22,13,64,14,1,18,92,2.909091
2671,286,332,580,639,577,74,10,50,84,56,21,46,294,353,1.120000
2672,286,287,296,349,314,7,10,42,7,52,3,1,10,63,1.238095
2673,286,287,289,379,367,1,19,24,2,62,28,1,3,93,2.583333
2674,286,287,423,506,360,118,8,40,97,74,48,1,137,220,1.850000
2675,286,287,478,532,247,159,20,16,138,38,69,1,192,246,2.375000
2676,286,287,293,347,170,5,6,24,6,40,14,1,7,61,1.666667
2677,287,773,831,902,89,18,19,55,22,67,12,486,544,615,1.218182
2678,287,288,295,315,108,2,24,15,5,19,3,1,8,28,1.266667
2679,287,288,324,409,583,22,12,47,25,73,22,1,37,122,1.553191
2680,287,288,391,483,274,71,7,24,59,82,54,1,104,196,3.416667
2681,287,288,288,367,177,0,0,35,0,69,10,1,1,80,1.971429
2682,288,289,326,407,443,32,25,58,22,76,18,1,38,119,1.310345
2683,288,289,433,518,274,84,6,17,96,63,70,1,145,230,3.705882
2684,289,290,571,652,74,249,9,47,199,75,88,1,282,363,1.595745
2685,289,290,318,392,139,16,27,28,20,58,24,1,29,103,2.071429
2686,289,290,305,341,308,12,11,27,14,31,6,1,16,52,1.148148
2687,289,290,305,395,46,12,11,28,15,70,20,1,16,106,2.500000
2688,289,290,344,389,180,40,15,34,27,44,28,1,55,100,1.294118
2689,289,290,482,554,71,148,9,25,118,39,107,1,193,265,1.560000
2690,290,291,296,310,202,4,13,9,1,11,7,1,6,20,1.222222
2691,290,291,306,366,108,8,9,41,7,49,19,1,16,76,1.195122
2692,290,291,336,423,345,35,14,45,30,71,31,1,46,133,1.577778
2693,290,291,338,368,74,36,8,21,37,25,15,1,48,78,1.190476
2694,290,312,623,701,569,37,12,40,42,62,28,22,333,411,1.550000
2695,290,291,389,434,319,79,10,24,66,40,37,1,99,144,1.666667
2696,290,291,346,425,412,46,16,24,43,64,27,1,56,135,2.666667
2697,290,291,328,421,500,32,15,46,24,86,20,1,38,131,1.869565
2698,290,291,292,370,550,0,1,48,1,74,4,1,2,80,1.541667
2699,291,292,306,374,594,2,20,40,13,62,7,1,15,83,1.550000
2700,291,292,328,359,77,28,5,14,29,22,16,1,37,68,1.571429
2701,291,292,367,434,275,56,21,20,53,48,41,1,76,143,2.400000
2702,292,293,329,388,309,32,13,30,25,50,20,1,37,96,1.666667
2703,293,294,297,363,19,0,3,30,3,50,16,1,4,70,1.666667
2704,293,294,294,337,84,0,0,34,0,38,5,1,1,44,1.117647
2705,293,294,297,326,567,0,3,25,3,25,4,1,4,33,1.000000
2706,293,294,325,349,172,17,7,19,23,21,11,1,32,56,1.105263
2707,293,294,335,386,190,31,11,22,25,36,31,1,42,93,1.636364
2708,293,294,314,331,357,9,15,13,16,15,6,1,21,38,1.153846
2709,293,294,315,403,397,19,10,39,14,71,24,1,22,110,1.820513
2710,293,294,296,343,197,0,2,23,2,37,10,1,3,50,1.608696
2711,293,294,309,341,94,9,15,21,10,29,8,1,16,48,1.380952
2712,294,295,312,405,273,14,16,26,13,64,33,1,18,111,2.461538
2713,294,295,299,315,128,1,16,16,4,16,0,1,5,21,1.000000
2714,294,295,320,422,388,22,20,21,16,61,50,1,26,128,2.904762
2715,295,296,523,611,151,148,10,52,120,78,78,1,228,316,1.500000
2716,295,296,304,315,242,5,16,11,8,11,0,1,9,20,1.000000
2717,295,296,310,336,273,8,12,18,13,26,1,1,15,41,1.444444
2718,295,296,318,387,371,9,4,29,16,47,28,1,23,92,1.620690
2719,295,316,419,478,560,0,8,29,3,49,11,21,124,183,1.689655
2720,295,296,395,468,63,68,9,15,79,47,46,1,100,173,3.133333
2721,295,296,451,538,237,131,23,38,102,72,65,1,156,243,1.894737
2722,296,297,311,326,244,6,17,11,14,11,4,1,15,30,1.000000
2723,296,297,301,374,460,2,4,46,3,68,6,1,5,78,1.478261
2724,296,297,329,424,482,18,7,22,24,76,27,1,33,128,3.454545
2725,296,297,302,359,409,3,17,47,4,55,3,1,6,63,1.170213
2726,296,297,315,379,496,10,14,17,14,53,15,1,19,83,3.117647
2727,296,297,313,347,304,7,4,13,14,21,15,1,17,51,1.615385
2728,297,298,328,372,482,14,5,37,23,41,9,1,31,75,1.108108
2729,297,298,315,355,267,15,14,34,12,34,11,1,18,58,1.000000
2730,297,298,308,383,244,8,13,49,10,69,6,1,11,86,1.408163
2731,297,299,306,334,65,0,4,22,6,26,3,2,9,37,1.181818
2732,297,298,319,375,190,15,4,42,15,52,10,1,22,78,1.238095
2733,297,298,301,342,328,2,13,39,2,39,3,1,4,45,1.000000
2734,297,298,313,346,225,10,11,28,8,30,10,1,16,49,1.071429
2735,298,299,302,383,111,0,3,16,3,56,25,1,4,85,3.500000
2736,298,299,300,371,332,0,1,43,1,63,8,1,2,73,1.465116
2737,298,299,307,422,71,7,11,32,6,76,41,1,9,124,2.375000
2738,298,299,346,433,413,23,5,25,34,73,26,1,48,135,2.920000
2739,298,299,418,500,290,94,12,28,70,64,67,1,120,202,2.285714
2740,298,299,319,354,420,11,17,23,19,35,1,1,21,56,1.521739
2741,299,300,357,424,517,48,13,44,43,66,15,1,58,125,1.500000
2742,299,300,361,378,441,45,1,17,34,17,27,1,62,79,1.000000
2743,299,300,323,407,224,14,16,20,10,68,29,1,24,108,3.400000
2744,299,300,337,435,412,28,24,35,29,79,27,1,38,136,2.257143
2745,299,300,324,364,86,17,8,23,12,33,19,1,25,65,1.434783
2746,299,300,311,348,540,3,11,16,11,24,13,1,12,49,1.500000
2747,299,300,300,354,590,0,0,37,0,43,11,1,1,55,1.162162
2748,300,301,330,417,309,19,3,39,17,77,22,1,30,117,1.974359
2749,300,301,331,389,565,26,18,41,24,51,13,1,31,89,1.243902
2750,300,362,596,678,216,47,24,51,42,65,44,62,296,378,1.274510
2751,300,301,311,398,440,8,6,38,10,72,15,1,11,98,1.894737
2752,300,301,307,365,64,0,6,45,6,53,5,1,7,65,1.177778
2753,300,301,308,345,281,3,6,28,7,28,9,1,8,45,1.000000
2754,300,-1,-1,-1,-1,0,-1,63,0,0,0,-1,-1,-1,0.000000
2755,300,301,327,412,360,16,9,36,18,72,21,1,27,112,2.000000
2756,300,301,341,410,549,28,25,46,28,58,22,1,41,110,1.260870
2757,301,309,317,339,489,0,8,21,8,21,1,8,16,38,1.000000
2758,301,302,360,399,115,40,11,19,46,31,20,1,59,98,1.631579
2759,301,302,359,413,75,42,10,24,38,40,33,1,58,112,1.666667
2760,301,-1,-1,-1,-1,0,-1,48,0,0,0,-1,-1,-1,0.000000
2761,301,302,319,426,324,8,10,33,10,87,27,1,18,125,2.636364
2762,301,302,336,394,194,14,8,16,28,38,26,1,35,93,2.375000
2763,301,302,371,444,288,48,16,48,40,66,28,1,70,143,1.375000
2764,301,302,316,386,122,12,15,37,11,63,10,1,15,85,1.702703
2765,301,302,399,485,306,76,13,41,73,79,31,1,98,184,1.926829
2766,301,302,354,385,180,47,15,22,32,26,25,1,53,84,1.181818
2767,301,440,783,855,118,7,10,42,16,54,18,139,482,554,1.285714
2768,302,303,303,375,539,0,0,25,0,49,23,1,1,73,1.960000
2769,302,303,320,373,163,9,7,24,15,48,7,1,18,71,2.000000
2770,302,303,465,539,278,139,22,51,93,69,74,1,163,237,1.352941
2771,302,303,321,416,239,15,11,21,15,69,29,1,19,114,3.285714
2772,302,303,315,371,152,3,9,25,8,47,13,1,13,69,1.880000
2773,302,303,319,379,323,8,10,44,13,54,9,1,17,77,1.227273
2774,302,-1,-1,-1,-1,0,-1,54,0,0,0,-1,-1,-1,0.000000
2775,302,303,346,415,363,30,7,44,24,58,30,1,44,113,1.318182
2776,302,303,326,377,94,19,7,26,18,36,20,1,24,75,1.384615
2777,303,304,309,387,556,4,5,37,5,69,9,1,6,84,1.864865
2778,303,304,316,328,356,9,18,11,10,11,3,1,13,25,1.000000
2779,303,304,341,396,288,21,18,28,33,50,9,1,38,93,1.785714
2780,303,304,318,359,271,14,12,30,5,40,10,1,15,56,1.333333
2781,303,304,322,391,290,13,13,36,9,60,18,1,19,88,1.666667
2782,303,304,381,420,94,49,6,21,62,35,19,1,78,117,1.666667
2783,303,304,310,321,360,5,6,11,3,11,3,1,7,18,1.000000
2784,303,304,308,413,58,0,4,23,4,75,30,1,5,110,3.260870
2785,304,305,312,336,407,2,8,21,4,23,4,1,8,32,1.095238
2786,304,305,314,352,360,5,5,28,6,36,5,1,10,48,1.285714
2787,304,305,362,452,242,45,5,43,33,73,41,1,58,148,1.697674
2788,304,416,808,868,529,144,22,47,124,57,55,112,504,564,1.212766
2789,304,305,308,374,468,3,11,32,1,52,16,1,4,70,1.625000
2790,304,305,345,442,478,33,9,21,22,73,42,1,41,138,3.476190
2791,304,305,340,421,155,25,8,22,29,58,29,1,36,117,2.636364
2792,304,305,317,381,164,7,14,25,8,55,13,1,13,77,2.200000
2793,304,305,340,444,159,21,18,36,26,86,26,1,36,140,2.388889
2794,304,305,341,420,308,18,18,41,17,77,9,1,37,116,1.878049
2795,304,363,457,513,590,40,14,45,35,51,23,59,153,209,1.133333
2796,304,305,305,403,22,0,0,21,0,73,25,1,1,99,3.476190
2797,304,305,317,370,224,5,14,30,10,46,9,1,13,66,1.533333
2798,305,306,312,366,363,3,2,23,6,43,11,1,7,61,1.869565
2799,305,306,334,415,584,21,8,40,21,66,22,1,29,110,1.650000
2800,305,306,324,380,163,9,4,25,17,43,14,1,19,75,1.720000
2801,305,306,325,410,156,2,3,14,14,68,22,1,20,105,4.857143
2802,305,306,307,362,281,0,1,23,1,45,10,1,2,57,1.956522
2803,306,1000,-1,-1,597,0,22,59,0,0,0,694,-1,-1,0.000000
2804,306,307,345,417,337,22,7,24,26,48,36,1,39,111,2.000000
2805,306,307,320,401,427,10,15,41,9,75,10,1,14,95,1.829268
2806,306,307,325,356,152,3,8,15,15,25,9,1,19,50,1.666667
2807,306,362,597,683,263,59,17,49,57,67,65,56,291,377,1.367347
2808,306,307,315,401,147,6,11,25,6,67,21,1,9,95,2.680000
2809,306,307,429,461,131,96,5,29,71,31,52,1,123,155,1.068966
2810,307,308,335,422,265,14,12,16,21,68,25,1,28,115,4.250000
2811,307,572,620,709,18,27,16,47,29,73,21,265,313,402,1.553191
2812,307,308,420,464,55,59,25,21,73,31,52,1,113,157,1.476190
2813,307,308,309,334,120,1,9,13,1,21,4,1,2,27,1.615385
2814,307,311,402,499,464,35,13,33,36,87,37,4,95,192,2.636364
2815,307,308,336,437,240,21,11,30,21,72,36,1,29,130,2.400000
2816,308,309,361,462,338,12,15,32,8,74,37,1,53,154,2.312500
2817,308,310,442,516,464,61,13,26,77,48,74,2,134,208,1.846154
2818,308,309,320,415,239,10,18,27,4,59,43,1,12,107,2.185185
2819,308,309,311,342,333,0,2,18,2,28,3,1,3,34,1.555556
2820,308,323,491,583,369,106,12,43,88,81,45,15,183,275,1.883721
2821,308,309,310,417,55,1,25,36,1,84,23,1,2,109,2.333333
2822,308,309,317,391,357,6,5,53,5,71,6,1,9,83,1.339623
2823,309,310,322,381,21,4,4,18,11,38,22,1,13,72,2.111111
2824,309,310,410,486,367,75,7,26,67,50,59,1,101,177,1.923077
2825,309,310,327,356,101,4,4,15,12,23,11,1,18,47,1.533333
2826,309,768,-1,-1,283,0,13,43,2,0,0,459,-1,-1,0.000000
2827,309,310,354,468,5,29,8,37,31,77,50,1,45,159,2.081081
2828,309,310,468,497,55,81,22,24,99,26,62,1,159,188,1.083333
2829,309,310,329,435,164,2,10,16,7,76,42,1,20,126,4.750000
2830,309,310,313,339,86,0,3,16,3,26,0,1,4,30,1.625000
2831,309,310,311,388,262,1,6,44,0,66,12,1,2,79,1.500000
2832,309,310,407,506,366,47,14,25,65,73,58,1,98,197,2.920000
2833,309,310,328,415,211,12,29,34,14,64,27,1,19,106,1.882353
2834,309,310,314,329,453,1,8,10,4,14,1,1,5,20,1.400000
2835,310,311,385,426,493,47,16,17,41,33,41,1,75,116,1.941176
2836,310,311,319,353,8,1,9,15,8,19,15,1,9,43,1.266667
2837,310,311,311,339,18,0,0,18,0,26,2,1,1,29,1.444444
2838,310,311,321,355,319,9,19,30,6,34,4,1,11,45,1.133333
2839,310,311,311,422,399,0,0,29,0,77,34,1,1,112,2.655172
2840,310,311,324,412,298,3,6,21,11,77,12,1,14,102,3.666667
2841,310,311,318,349,1,0,5,8,5,24,9,1,8,39,3.000000
2842,310,311,363,413,214,30,11,33,41,45,16,1,53,103,1.363636
2843,311,312,316,350,147,1,11,21,3,31,4,1,5,39,1.476190
2844,311,312,336,401,300,22,10,30,19,62,8,1,25,90,2.066667
2845,311,312,354,373,502,34,18,13,26,17,18,1,43,62,1.307692
2846,311,312,331,415,49,11,8,17,15,57,31,1,20,104,3.352941
2847,311,312,374,474,211,42,18,21,33,67,62,1,63,163,3.190476
2848,311,312,347,421,33,9,10,15,28,49,32,1,36,110,3.266667
2849,311,312,324,395,463,4,18,38,8,62,13,1,13,84,1.631579
2850,311,312,586,648,146,196,9,30,167,50,119,1,275,337,1.666667
2851,311,395,462,550,592,28,8,50,33,68,22,84,151,239,1.360000
2852,311,312,503,580,323,63,12,43,72,71,47,1,192,269,1.651163
2853,312,313,327,403,549,11,14,11,10,47,33,1,15,91,4.272727
2854,312,313,317,407,328,4,15,25,2,59,33,1,5,95,2.360000
2855,312,313,359,434,492,23,12,25,30,53,38,1,47,122,2.120000
2856,312,313,319,412,290,2,12,31,5,67,27,1,7,100,2.161290
2857,312,313,313,410,312,0,0,24,0,60,37,1,1,98,2.500000
2858,312,313,361,452,235,21,20,29,37,75,27,1,49,140,2.586207
2859,313,314,340,356,131,22,2,13,14,15,13,1,27,43,1.153846
2860,313,318,336,364,149,6,14,22,7,26,7,5,23,51,1.181818
2861,313,314,360,424,367,33,15,39,33,53,24,1,47,111,1.358974
2862,314,315,350,381,180,16,14,14,26,24,16,1,36,67,1.714286
2863,314,315,321,408,114,2,13,16,4,56,33,1,7,94,3.500000
2864,314,319,502,601,275,138,15,43,115,75,60,5,188,287,1.744186
2865,314,315,323,401,192,7,10,50,7,76,3,1,9,87,1.520000
2866,314,315,343,456,195,9,16,29,9,89,35,1,29,142,3.068966
2867,314,315,321,375,343,3,6,24,4,40,16,1,7,61,1.666667
2868,314,-1,-1,-1,-1,0,-1,61,0,0,0,-1,-1,-1,0.000000
2869,314,315,358,434,288,32,3,21,31,49,39,1,44,120,2.333333
2870,314,315,336,414,577,19,6,34,18,64,17,1,22,100,1.882353
2871,315,316,334,374,377,17,8,34,14,38,6,1,19,59,1.117647
2872,315,316,343,407,587,21,22,20,16,52,23,1,28,92,2.600000
2873,315,316,366,393,43,33,7,20,29,20,28,1,51,78,1.000000
2874,315,316,342,408,196,17,10,19,17,51,24,1,27,93,2.684211
2875,315,316,318,405,209,1,6,11,2,55,32,1,3,90,5.000000
2876,315,316,359,421,361,35,19,45,27,57,21,1,44,106,1.266667
2877,315,316,322,389,273,2,3,19,5,45,23,1,7,74,2.368421
2878,315,316,327,346,149,6,8,9,11,15,4,1,12,31,1.666667
2879,315,316,364,439,283,34,3,25,35,45,43,1,49,124,1.800000
2880,315,316,355,440,278,29,25,42,16,70,38,1,40,125,1.666667
2881,315,316,333,400,376,12,12,47,11,63,10,1,18,85,1.340426
2882,315,316,335,386,300,13,10,34,13,50,7,1,20,71,1.470588
2883,316,317,366,454,229,33,10,37,32,57,48,1,50,138,1.540541
2884,316,317,336,419,70,4,10,14,16,60,26,1,20,103,4.285714
2885,316,317,342,435,23,3,11,14,22,64,32,1,26,119,4.571429
2886,316,317,340,444,308,11,12,27,17,81,29,1,24,128,3.000000
2887,316,317,327,366,300,8,12,26,8,32,9,1,11,50,1.230769
2888,317,318,357,436,164,7,6,17,29,53,36,1,40,119,3.117647
2889,317,318,372,402,211,41,19,23,36,27,21,1,55,85,1.173913
2890,317,439,470,545,596,9,8,42,17,58,18,122,153,228,1.380952
2891,317,-1,-1,-1,-1,0,-1,54,0,0,0,-1,-1,-1,0.000000
2892,318,326,352,444,192,15,9,31,23,65,30,8,34,126,2.096774
2893,318,319,326,425,271,7,6,43,7,73,26,1,8,107,1.697674
2894,319,320,342,393,536,19,15,23,13,41,19,1,23,74,1.782609
2895,319,320,364,425,325,40,16,49,33,57,15,1,45,106,1.163265
2896,319,320,336,380,369,5,13,20,14,28,18,1,17,61,1.400000
2897,319,320,327,390,193,7,6,44,6,54,10,1,8,71,1.227273
2898,319,320,340,373,179,18,10,19,13,29,11,1,21,54,1.526316
2899,319,320,320,338,364,0,0,12,0,18,0,1,1,19,1.500000
2900,320,326,456,552,582,56,9,44,62,68,38,6,136,232,1.545455
2901,320,321,324,396,388,3,13,25,1,49,25,1,4,76,1.960000
2902,320,321,329,368,92,4,4,30,8,32,7,1,9,48,1.066667
2903,320,321,372,490,193,24,5,42,34,90,45,1,52,170,2.142857
2904,320,424,441,540,444,16,10,50,15,76,25,104,121,220,1.520000
2905,320,321,339,439,297,13,9,22,12,76,30,1,19,119,3.454545
2906,320,321,323,398,194,1,10,8,2,52,23,1,3,78,6.500000
2907,320,-1,-1,-1,-1,0,-1,46,0,0,0,-1,-1,-1,0.000000
2908,321,322,478,554,224,126,26,50,98,74,60,1,157,233,1.480000
2909,321,322,359,387,477,17,18,16,25,22,18,1,38,66,1.375000
2910,321,322,369,406,356,28,8,14,28,34,22,1,48,85,2.428571
2911,321,322,333,358,105,3,6,11,6,19,11,1,12,37,1.727273
2912,321,322,331,381,594,4,25,13,8,33,18,1,10,60,2.538462
2913,321,322,326,396,256,3,5,28,4,56,14,1,5,75,2.000000
2914,322,323,333,419,136,2,10,13,10,63,23,1,11,97,4.846154
2915,322,323,334,356,231,1,7,13,9,17,7,1,12,34,1.307692
2916,322,323,365,459,27,22,7,22,33,56,47,1,43,137,2.545455
2917,322,323,356,430,491,24,19,49,22,67,15,1,34,108,1.367347
2918,322,323,363,456,478,28,15,23,28,67,38,1,41,134,2.913043
2919,322,347,394,469,466,14,13,35,19,61,16,25,72,147,1.742857
2920,322,323,325,416,23,0,2,38,2,64,27,1,3,94,1.684211
2921,323,576,657,741,528,40,14,47,38,77,18,253,334,418,1.638298
2922,323,324,324,382,109,0,0,29,0,51,7,1,1,59,1.758621
2923,323,324,337,389,585,12,14,28,9,44,12,1,14,66,1.571429
2924,323,362,431,516,24,26,24,48,25,84,16,39,108,193,1.750000
2925,323,324,334,438,344,6,15,19,9,69,36,1,11,115,3.631579
2926,323,369,991,-1,185,6,18,54,9,8,7,46,668,-1,0.148148
2927,324,355,382,437,540,15,14,34,10,42,25,31,58,113,1.235294
2928,324,325,361,452,128,18,17,21,29,65,33,1,37,128,3.095238
2929,325,654,883,954,258,32,10,54,45,66,11,329,558,629,1.222222
2930,325,326,406,488,270,50,14,26,49,64,49,1,81,163,2.461538
2931,325,326,357,407,124,19,27,30,18,44,19,1,32,82,1.466667
2932,325,326,360,434,55,15,27,14,21,64,23,1,35,109,4.571429
2933,325,326,364,451,462,32,11,24,31,64,30,1,39,126,2.666667
2934,325,326,364,455,361,26,16,39,28,65,36,1,39,130,1.666667
2935,326,327,448,504,146,27,5,45,48,53,4,1,122,178,1.177778
2936,326,327,339,410,479,10,12,51,7,59,17,1,13,84,1.156863
2937,326,718,-1,-1,472,21,14,38,24,0,12,392,-1,-1,0.000000
2938,326,327,327,344,92,0,0,14,0,16,1,1,1,18,1.142857
2939,326,327,338,409,31,7,9,12,10,58,14,1,12,83,4.833333
2940,326,327,361,396,564,26,28,30,22,32,15,1,35,70,1.066667
2941,326,335,360,396,503,10,9,27,25,33,3,9,34,70,1.222222
2942,326,327,439,524,42,96,4,39,71,59,65,1,113,198,1.512821
2943,326,327,350,433,363,3,5,29,20,61,25,1,24,107,2.103448
2944,327,334,352,394,45,6,6,20,12,28,20,7,25,67,1.400000
2945,327,334,339,397,577,2,10,18,4,40,19,7,12,70,2.222222
2946,327,328,338,416,42,9,3,39,9,63,16,1,11,89,1.615385
2947,327,328,332,362,420,1,3,19,4,25,5,1,5,35,1.315789
2948,327,328,352,401,302,15,9,18,18,40,15,1,25,74,2.222222
2949,327,328,406,485,352,45,18,47,36,73,34,1,79,158,1.553191
2950,327,328,363,473,114,27,18,36,22,82,41,1,36,146,2.277778
2951,328,329,357,392,246,23,9,18,23,26,14,1,29,64,1.444444
2952,328,329,331,402,394,1,18,48,2,66,5,1,3,74,1.375000
2953,328,329,466,519,509,11,19,48,12,50,10,1,138,191,1.041667
2954,328,329,331,369,42,0,2,20,2,28,10,1,3,41,1.400000
2955,328,329,369,435,55,26,24,21,25,43,38,1,41,107,2.047619
2956,328,329,341,391,549,12,16,31,5,43,14,1,13,63,1.387097
2957,328,349,365,443,409,0,10,24,7,40,38,21,37,115,1.666667
2958,329,330,348,430,412,14,20,38,12,72,16,1,19,101,1.894737
2959,329,330,402,458,388,68,17,32,42,52,34,1,73,129,1.625000
2960,329,330,522,628,175,160,18,40,141,80,77,1,193,299,2.000000
2961,329,330,343,425,95,3,6,32,10,60,25,1,14,96,1.875000
2962,330,331,512,583,127,153,13,17,111,49,92,1,182,253,2.882353
2963,330,331,335,429,363,0,4,23,4,71,23,1,5,99,3.086957
2964,330,331,381,459,404,38,16,43,38,73,17,1,51,129,1.697674
2965,330,333,359,382,587,3,19,16,9,18,7,3,29,52,1.125000
2966,330,331,744,814,587,269,17,58,226,68,112,1,414,484,1.172414
2967,330,331,339,370,284,3,9,16,8,24,7,1,9,40,1.500000
2968,331,332,385,401,231,15,4,13,40,15,14,1,54,70,1.153846
2969,331,332,332,433,451,0,0,24,0,70,31,1,1,102,2.916667
2970,331,334,348,394,192,11,5,33,11,37,12,3,17,63,1.121212
2971,331,332,343,375,158,4,6,22,11,28,4,1,12,44,1.272727
2972,331,332,338,390,505,3,4,23,4,41,13,1,7,59,1.782609
2973,331,332,339,424,480,5,6,42,5,78,9,1,8,93,1.857143
2974,332,333,338,415,48,0,4,11,4,51,27,1,6,83,4.636364
2975,332,439,725,776,221,68,9,41,90,47,15,107,393,444,1.146341
2976,332,333,350,430,462,12,14,25,12,47,38,1,18,98,1.880000
2977,332,333,600,678,69,50,16,60,64,72,16,1,268,346,1.200000
2978,332,333,340,453,500,7,23,38,5,76,39,1,8,121,2.000000
2979,332,333,342,354,480,2,13,11,6,11,4,1,10,22,1.000000
2980,333,334,352,453,246,16,5,42,15,84,20,1,19,120,2.000000
2981,333,334,379,423,267,25,2,7,36,33,20,1,46,90,4.714286
2982,333,353,-1,-1,171,65,20,46,80,0,34,20,-1,-1,0.000000
2983,333,334,435,507,37,59,11,51,60,67,27,1,102,174,1.313725
2984,334,409,425,506,433,2,12,30,4,58,23,75,91,172,1.933333
2985,334,504,670,751,556,21,24,42,20,54,35,170,336,417,1.285714
2986,334,335,341,458,155,5,13,25,6,93,24,1,7,124,3.720000
2987,334,335,347,430,478,7,15,27,7,75,10,1,13,96,2.777778
2988,334,335,368,419,576,23,5,30,21,36,27,1,34,85,1.200000
2989,334,335,339,435,450,3,6,42,3,78,19,1,5,101,1.857143
2990,334,335,396,467,235,48,19,56,43,68,21,1,62,133,1.214286
2991,334,335,419,492,397,17,10,34,15,56,22,1,85,158,1.647059
2992,334,335,339,448,204,1,9,21,4,91,18,1,5,114,4.333333
2993,334,335,338,375,275,0,3,26,3,28,9,1,4,41,1.076923
2994,335,336,367,437,158,19,2,32,23,68,10,1,32,102,2.125000
2995,335,336,336,351,231,0,0,8,0,14,1,1,1,16,1.750000
2996,335,336,336,368,174,0,0,21,0,27,5,1,1,33,1.285714
2997,335,336,356,400,323,1,15,19,15,37,12,1,21,65,1.947368
2998,336,337,456,531,499,99,26,45,81,67,46,1,120,195,1.488889
2999,336,337,346,367,90,1,11,17,7,17,6,1,10,31,1.000000
3000,336,337,381,479,480,24,5,29,23,71,40,1,45,143,2.448276
3001,336,337,338,437,158,0,1,26,1,78,21,1,2,101,3.000000
3002,336,349,381,466,2,24,7,47,15,67,33,13,45,130,1.425532
3003,336,337,373,399,341,31,7,15,25,15,22,1,37,63,1.000000
3004,336,342,387,468,74,20,6,46,27,80,16,6,51,132,1.739130
3005,336,337,377,455,336,17,14,24,28,60,30,1,41,119,2.500000
3006,336,337,359,417,505,15,2,11,19,39,22,1,23,81,3.545455
3007,337,338,373,450,69,30,7,40,24,66,22,1,36,113,1.650000
3008,337,338,390,437,37,28,10,38,21,42,24,1,53,100,1.105263
3009,337,338,361,434,191,16,11,30,14,60,22,1,24,97,2.000000
3010,337,338,344,361,297,1,1,17,6,17,0,1,7,24,1.000000
3011,337,338,397,502,533,24,14,35,35,69,38,1,60,165,1.971429
3012,337,343,422,492,554,10,3,41,14,67,14,6,85,155,1.634146
3013,337,338,516,575,521,32,20,47,41,57,10,1,179,238,1.212766
3014,338,339,426,511,393,75,15,32,55,66,51,1,88,173,2.062500
3015,338,339,341,378,479,0,2,20,2,30,7,1,3,40,1.500000
3016,338,339,339,431,147,0,0,30,0,56,36,1,1,93,1.866667
3017,339,340,401,476,278,50,23,46,44,68,24,1,62,137,1.478261
3018,339,340,391,435,544,45,13,32,28,42,25,1,52,96,1.312500
3019,339,340,383,485,88,24,16,29,31,65,49,1,44,146,2.241379
3020,339,340,351,456,325,5,14,24,9,70,37,1,12,117,2.916667
3021,339,383,464,562,526,20,14,41,25,83,21,44,125,223,2.024390
3022,339,340,355,444,512,12,16,36,10,86,8,1,16,105,2.388889
3023,339,340,366,448,204,9,7,25,19,49,40,1,27,109,1.960000
3024,340,341,388,441,570,11,11,11,33,43,24,1,48,101,3.909091
3025,340,341,363,418,375,8,5,22,12,46,13,1,23,78,2.090909
3026,341,342,347,411,65,2,10,19,0,43,26,1,6,70,2.263158
3027,341,347,354,405,588,5,13,41,6,49,3,6,13,64,1.195122
3028,341,342,372,453,205,28,20,42,24,72,15,1,31,112,1.714286
3029,341,344,445,544,521,32,16,42,35,72,39,3,104,203,1.714286
3030,341,352,446,499,90,61,14,23,73,35,39,11,105,158,1.521739
3031,342,632,783,865,98,41,12,51,69,73,14,290,441,523,1.431373
3032,342,343,348,386,108,2,5,30,5,34,4,1,6,44,1.133333
3033,342,343,367,407,159,17,12,13,16,31,17,1,25,65,2.384615
3034,342,343,348,411,280,0,5,25,5,45,18,1,6,69,1.800000
3035,342,343,352,449,138,6,13,22,8,80,18,1,10,107,3.636364
3036,343,344,413,492,310,54,15,54,44,74,29,1,70,149,1.370370
3037,343,344,359,371,31,2,10,9,10,11,6,1,16,28,1.222222
3038,343,344,367,461,512,10,15,37,17,81,19,1,24,118,2.189189
3039,344,345,407,479,145,33,6,19,46,49,39,1,63,135,2.578947
3040,345,346,379,397,65,13,10,13,22,13,16,1,34,52,1.000000
3041,345,346,364,443,159,7,6,11,10,49,38,1,19,98,4.454545
3042,345,346,362,461,326,6,13,33,15,75,25,1,17,116,2.272727
3043,345,346,427,481,494,60,9,37,54,47,34,1,82,136,1.270270
3044,345,346,346,434,554,0,0,38,0,62,26,1,1,89,1.631579
3045,345,346,351,382,3,1,12,19,5,27,4,1,6,37,1.421053
3046,345,-1,-1,-1,-1,0,-1,58,0,0,0,-1,-1,-1,0.000000
3047,345,346,357,416,74,7,3,41,9,49,12,1,12,71,1.195122
3048,346,347,347,406,435,0,0,20,0,44,15,1,1,60,2.200000
3049,346,347,351,405,325,4,6,42,3,50,5,1,5,59,1.190476
3050,346,347,383,413,429,29,12,18,14,22,30,1,37,67,1.222222
3051,346,347,400,459,305,32,8,33,29,55,28,1,54,113,1.666667
3052,346,347,404,503,31,39,9,13,42,63,51,1,58,157,4.846154
3053,347,348,356,391,434,7,11,20,7,26,10,1,9,44,1.300000
3054,347,348,691,752,183,296,24,44,236,60,105,1,344,405,1.363636
3055,347,-1,-1,-1,-1,0,-1,50,0,0,0,-1,-1,-1,0.000000
3056,347,349,437,515,566,59,9,29,65,67,32,2,90,168,2.310345
3057,347,362,404,471,523,2,16,26,5,54,17,15,57,124,2.076923
3058,347,-1,-1,-1,-1,0,-1,56,0,0,0,-1,-1,-1,0.000000
3059,347,348,394,484,512,45,23,43,29,81,26,1,47,137,1.883721
3060,348,349,444,521,404,66,11,25,69,69,34,1,96,173,2.760000
3061,348,349,358,388,366,8,16,14,8,20,11,1,10,40,1.428571
3062,348,349,365,404,40,6,9,23,15,31,9,1,17,56,1.347826
3063,348,349,363,420,102,3,23,15,13,39,19,1,15,72,2.600000
3064,348,349,349,439,74,0,0,15,0,65,25,1,1,91,4.333333
3065,348,349,372,459,103,17,11,40,21,66,23,1,24,111,1.650000
3066,348,349,362,378,408,5,13,16,8,16,5,1,14,30,1.000000
3067,348,349,364,464,334,9,23,28,10,70,35,1,16,116,2.500000
3068,349,350,356,458,229,5,5,34,4,94,10,1,7,109,2.764706
3069,349,350,363,445,412,10,25,20,11,48,36,1,14,96,2.400000
3070,349,350,358,444,295,6,13,49,4,75,15,1,9,95,1.530612
3071,349,350,372,475,208,16,24,32,19,72,34,1,23,126,2.250000
3072,349,350,350,438,573,0,0,32,0,68,20,1,1,89,2.125000
3073,349,350,450,497,493,75,13,37,65,43,39,1,101,148,1.162162
3074,350,351,376,441,326,18,11,40,20,58,12,1,26,91,1.450000
3075,350,351,368,469,240,14,6,28,13,70,35,1,18,119,2.500000
3076,350,351,351,452,145,0,0,14,0,70,31,1,1,102,5.000000
3077,350,351,381,455,88,19,14,31,22,57,25,1,31,105,1.838710
3078,350,351,398,472,140,38,6,49,32,69,20,1,48,122,1.408163
3079,350,351,364,453,133,4,12,21,13,73,16,1,14,103,3.476190
3080,351,352,354,441,86,1,9,17,2,59,28,1,3,90,3.470588
3081,351,354,413,454,231,8,10,22,21,26,15,3,62,103,1.181818
3082,351,352,451,511,211,88,18,48,60,58,41,1,100,160,1.208333
3083,351,352,452,526,412,78,16,22,63,50,61,1,101,175,2.272727
3084,351,352,358,397,499,3,26,24,4,32,9,1,7,46,1.333333
3085,352,-1,-1,-1,-1,0,-1,53,0,0,0,-1,-1,-1,0.000000
3086,352,362,368,418,593,0,6,27,6,43,7,10,16,66,1.592593
3087,352,-1,-1,-1,-1,0,-1,52,0,0,0,-1,-1,-1,0.000000
3088,352,353,383,465,570,28,9,24,25,58,29,1,31,113,2.416667
3089,353,-1,-1,-1,-1,0,-1,53,0,0,0,-1,-1,-1,0.000000
3090,353,354,366,425,18,0,10,26,10,48,13,1,13,72,1.846154
3091,353,355,379,461,361,8,14,53,14,79,7,2,26,108,1.490566
3092,353,354,369,422,123,3,3,15,15,37,16,1,16,69,2.466667
3093,353,354,405,489,544,40,6,29,36,77,22,1,52,136,2.655172
3094,353,354,473,543,494,103,5,38,72,54,63,1,120,190,1.421053
3095,353,354,391,418,197,18,18,24,26,26,12,1,38,65,1.083333
3096,353,354,366,452,520,11,30,38,10,72,16,1,13,99,1.894737
3097,354,440,573,620,247,4,10,35,25,43,4,86,219,266,1.228571
3098,354,355,357,409,123,0,2,17,2,25,27,1,3,55,1.470588
3099,354,355,358,417,1,0,3,22,3,46,13,1,4,63,2.090909
3100,354,355,379,472,90,17,11,16,15,70,32,1,25,118,4.375000
3101,354,355,434,475,527,54,12,29,46,33,41,1,80,121,1.137931
3102,354,355,423,504,138,55,10,39,44,77,28,1,69,150,1.974359
3103,354,356,370,391,382,2,18,12,9,16,8,2,16,37,1.333333
3104,354,355,361,468,463,1,2,38,6,80,27,1,7,114,2.105263
3105,354,406,421,486,106,14,14,36,14,50,16,52,67,132,1.388889
3106,355,412,426,532,434,8,19,35,9,69,39,57,71,177,1.971429
3107,355,356,357,442,446,1,9,39,0,63,23,1,2,87,1.615385
3108,355,356,406,463,488,40,9,37,34,55,18,1,51,108,1.486486
3109,355,619,-1,-1,304,32,16,57,44,0,17,264,-1,-1,0.000000
3110,355,356,362,460,274,2,5,32,6,70,28,1,7,105,2.187500
3111,355,412,669,732,412,132,21,38,128,54,50,57,314,377,1.421053
3112,355,356,368,454,176,8,9,29,9,73,16,1,13,99,2.517241
3113,356,389,464,543,590,31,2,49,37,59,29,33,108,187,1.204082
3114,356,357,421,472,317,46,10,25,40,41,34,1,65,116,1.640000
3115,356,357,383,465,71,22,3,25,16,71,21,1,27,109,2.840000
3116,356,357,432,478,51,15,14,18,48,32,41,1,76,122,1.777778
3117,356,357,419,487,523,30,10,56,25,68,15,1,63,131,1.214286
3118,356,357,376,457,26,6,13,23,17,71,12,1,20,101,3.086957
3119,356,357,364,471,287,1,12,36,6,86,22,1,8,115,2.388889
3120,357,358,455,541,353,71,13,37,64,77,42,1,98,184,2.081081
3121,357,358,377,421,212,6,2,35,16,41,6,1,20,64,1.171429
3122,357,358,370,443,161,5,24,24,12,54,19,1,13,86,2.250000
3123,357,385,424,450,375,3,7,17,16,21,5,28,67,93,1.235294
3124,357,358,377,394,244,9,6,17,11,17,6,1,20,37,1.000000
3125,358,359,422,520,120,39,11,21,42,67,52,1,64,162,3.190476
3126,358,359,380,432,527,11,12,24,17,44,12,1,22,74,1.833333
3127,358,359,399,495,133,4,11,34,9,76,23,1,41,137,2.235294
3128,359,360,466,519,400,26,1,28,36,36,36,1,107,160,1.285714
3129,359,360,400,427,182,32,19,21,26,27,14,1,41,68,1.285714
3130,359,360,390,437,0,6,14,9,25,33,19,1,31,78,3.666667
3131,359,372,651,717,546,40,25,56,37,64,28,13,292,358,1.142857
3132,359,360,463,550,10,67,20,28,71,68,51,1,104,191,2.428571
3133,359,360,372,413,181,2,9,15,11,27,15,1,13,54,1.800000
3134,359,382,424,490,550,12,6,28,23,46,20,23,65,131,1.642857
3135,360,361,395,445,188,22,6,26,25,42,17,1,35,85,1.615385
3136,360,361,373,456,358,9,10,17,9,53,33,1,13,96,3.117647
3137,360,361,396,472,52,28,3,13,23,53,35,1,36,112,4.076923
3138,360,367,392,466,263,15,15,55,15,73,8,7,32,106,1.327273
3139,360,361,367,454,178,3,6,13,5,67,21,1,7,94,5.153846
3140,361,362,363,438,168,1,9,44,1,60,15,1,2,77,1.363636
3141,361,362,378,425,476,10,3,26,14,34,15,1,17,64,1.307692
3142,361,362,373,413,570,9,2,9,9,29,13,1,12,52,3.222222
3143,361,362,366,433,156,0,4,30,4,48,19,1,5,72,1.600000
3144,361,362,407,498,118,30,10,21,32,65,39,1,46,137,3.095238
3145,362,-1,-1,-1,-1,0,-1,54,0,0,0,-1,-1,-1,0.000000
3146,362,363,366,396,121,1,12,27,2,29,2,1,4,34,1.074074
3147,362,363,375,483,431,6,17,31,8,83,29,1,13,121,2.677419
3148,362,363,370,425,133,0,4,40,4,44,14,1,8,63,1.100000
3149,362,363,449,503,10,41,21,15,56,37,47,1,87,141,2.466667
3150,362,363,424,499,490,51,12,28,37,54,45,1,62,137,1.928571
3151,363,364,403,448,125,31,1,31,22,37,25,1,40,85,1.193548
3152,363,364,412,448,416,38,3,23,27,31,26,1,49,85,1.347826
3153,363,411,421,496,508,9,10,29,6,49,30,48,58,133,1.689655
3154,364,365,393,473,56,19,11,22,19,64,25,1,29,109,2.909091
3155,364,365,398,472,228,21,12,33,18,69,20,1,34,108,2.090909
3156,364,365,369,451,142,3,13,23,3,59,24,1,5,87,2.565217
3157,364,365,368,478,188,2,3,32,2,82,29,1,4,114,2.562500
3158,364,-1,-1,-1,-1,0,-1,46,0,0,0,-1,-1,-1,0.000000
3159,365,366,439,493,208,46,16,14,41,38,48,1,74,128,2.714286
3160,365,366,379,394,0,1,25,13,11,15,2,1,14,29,1.153846
3161,365,366,388,480,300,15,11,31,13,67,34,1,23,115,2.161290
3162,365,366,395,431,588,16,6,25,21,35,9,1,30,66,1.400000
3163,365,366,367,392,240,0,1,16,1,22,3,1,2,27,1.375000
3164,365,366,408,482,412,34,14,43,28,67,21,1,43,117,1.558140
3165,366,367,400,490,50,29,15,25,18,63,42,1,34,124,2.520000
3166,366,367,457,529,161,67,10,35,59,69,34,1,91,163,1.971429
3167,366,367,380,441,294,10,14,44,8,58,8,1,14,75,1.318182
3168,366,367,397,480,182,19,12,35,19,69,25,1,31,114,1.971429
3169,366,367,377,390,498,9,20,13,7,13,3,1,11,24,1.000000
3170,366,367,425,450,103,42,9,12,42,22,19,1,59,84,1.833333
3171,366,367,382,417,465,5,28,18,13,26,11,1,16,51,1.444444
3172,366,367,370,437,402,3,1,27,1,55,14,1,4,71,2.037037
3173,366,367,371,428,281,3,17,39,1,53,7,1,5,62,1.358974
3174,367,368,390,454,548,17,10,41,16,59,11,1,23,87,1.439024
3175,367,368,407,450,320,27,12,20,26,28,28,1,40,83,1.400000
3176,367,-1,-1,-1,-1,0,-1,53,0,0,0,-1,-1,-1,0.000000
3177,368,369,409,512,320,29,12,17,26,75,42,1,41,144,4.411765
3178,368,369,384,470,410,12,8,41,7,71,23,1,16,102,1.731707
3179,368,-1,-1,-1,-1,0,-1,47,0,0,0,-1,-1,-1,0.000000
3180,368,369,371,411,342,1,4,22,2,30,10,1,3,43,1.363636
3181,368,369,375,439,322,1,20,44,6,64,0,1,7,71,1.454545
3182,368,417,484,550,255,35,17,46,39,56,16,49,116,182,1.217391
3183,369,370,389,460,218,14,13,47,15,61,14,1,20,91,1.297872
3184,369,370,373,423,176,2,3,33,3,39,11,1,4,54,1.181818
3185,369,370,620,714,29,74,11,41,76,81,43,1,251,345,1.975610
3186,369,370,370,457,317,0,0,32,0,66,21,1,1,88,2.062500
3187,369,394,418,468,494,7,6,39,18,45,5,25,49,99,1.153846
3188,370,371,392,465,84,11,11,22,13,52,29,1,22,95,2.363636
3189,370,417,427,490,548,2,12,29,4,47,17,47,57,120,1.620690
3190,370,411,663,738,47,14,7,26,40,54,31,41,293,368,2.076923
3191,371,372,395,444,250,17,13,28,17,40,15,1,24,73,1.428571
3192,371,372,378,468,473,3,5,33,5,67,24,1,7,97,2.030303
3193,371,372,413,516,135,25,3,31,22,73,49,1,42,145,2.354839
3194,371,372,381,463,446,5,13,18,5,62,24,1,10,92,3.444444
3195,371,372,376,434,142,2,10,16,3,42,17,1,5,63,2.625000
3196,371,372,393,449,590,8,12,46,6,52,11,1,22,78,1.130435
3197,371,372,382,431,410,7,6,37,7,43,9,1,11,60,1.162162
3198,371,372,375,427,161,1,8,23,0,33,22,1,4,56,1.434783
3199,371,372,373,426,501,1,4,35,0,41,13,1,2,55,1.171429
3200,371,382,524,580,421,51,15,46,38,50,35,11,153,209,1.086957
3201,372,373,389,429,456,9,13,30,7,40,9,1,17,57,1.333333
3202,372,373,444,541,497,55,16,34,41,76,49,1,72,169,2.235294
3203,373,374,403,472,482,21,11,25,15,65,18,1,30,99,2.600000
3204,373,374,377,416,359,1,4,26,3,32,7,1,4,43,1.230769
3205,373,374,382,451,144,8,14,18,6,48,23,1,9,78,2.666667
3206,373,374,392,414,90,10,4,20,8,20,12,1,19,41,1.000000
3207,373,374,376,441,483,1,5,39,2,53,12,1,3,68,1.358974
3208,373,374,417,439,118,22,13,11,30,19,16,1,44,66,1.727273
3209,373,374,440,504,445,55,15,33,44,57,28,1,67,131,1.727273
3210,374,375,440,524,116,41,25,36,44,68,37,1,66,150,1.888889
3211,374,375,375,425,135,0,0,28,0,50,0,1,1,51,1.785714
3212,374,375,381,426,42,1,7,27,6,39,6,1,7,52,1.444444
3213,374,761,-1,-1,463,10,15,58,19,0,3,387,-1,-1,0.000000
3214,374,375,390,398,560,13,15,7,8,7,8,1,16,24,1.000000
3215,374,375,470,566,291,76,14,33,67,81,43,1,96,192,2.454545
3216,374,375,447,515,580,47,12,43,48,55,37,1,73,141,1.279070
3217,375,376,425,491,218,26,13,20,36,44,35,1,50,116,2.200000
3218,375,376,400,441,216,14,11,15,14,29,22,1,25,66,1.933333
3219,375,376,593,683,343,187,13,49,145,87,75,1,218,308,1.775510
3220,375,376,477,535,260,85,24,45,65,53,35,1,102,160,1.177778
3221,375,376,400,505,29,9,10,31,21,69,39,1,25,130,2.225806
3222,375,376,378,442,299,2,23,32,1,58,7,1,3,67,1.812500
3223,375,376,380,412,118,3,13,17,3,27,6,1,5,37,1.588235
3224,375,376,466,553,353,75,13,37,50,83,44,1,91,178,2.243243
3225,375,376,449,547,516,56,7,35,53,77,41,1,74,172,2.200000
3226,375,376,382,449,265,0,6,27,6,55,12,1,7,74,2.037037
3227,375,376,409,463,355,28,15,22,21,32,34,1,34,88,1.454545
3228,376,-1,-1,-1,-1,0,-1,46,0,0,0,-1,-1,-1,0.000000
3229,376,377,419,507,523,32,20,44,24,76,29,1,43,131,1.727273
3230,376,377,417,479,482,24,12,34,28,50,24,1,41,103,1.470588
3231,377,407,431,511,498,13,24,29,13,57,27,30,54,134,1.965517
3232,377,378,677,726,467,56,21,43,58,49,29,1,300,349,1.139535
3233,378,-1,-1,-1,-1,0,-1,63,0,0,0,-1,-1,-1,0.000000
3234,378,379,455,530,328,68,19,45,48,73,30,1,77,152,1.622222
3235,378,405,427,516,508,8,16,23,15,67,23,27,49,138,2.913043
3236,378,380,420,500,494,20,9,35,24,67,21,2,42,122,1.914286
3237,379,380,462,545,386,38,21,45,26,69,41,1,83,166,1.533333
3238,379,380,391,417,320,9,9,20,9,26,2,1,12,38,1.300000
3239,379,380,383,460,19,0,3,9,3,53,24,1,4,81,5.888889
3240,379,380,399,406,475,3,14,7,16,7,1,1,20,27,1.000000
3241,379,576,609,697,566,11,17,48,13,74,17,197,230,318,1.541667
3242,380,393,405,497,494,5,7,38,7,82,13,13,25,117,2.157895
3243,380,381,450,485,32,36,11,27,44,33,27,1,70,105,1.222222
3244,380,381,418,479,455,26,9,33,25,47,26,1,38,99,1.424242
3245,380,381,389,462,139,3,8,23,6,53,22,1,9,82,2.304348
3246,381,382,390,440,27,3,16,24,6,44,8,1,9,59,1.833333
3247,381,382,382,472,295,0,0,38,0,80,10,1,1,91,2.105263
3248,381,382,383,411,37,1,9,20,1,24,4,1,2,30,1.200000
3249,381,382,397,436,146,6,1,24,14,36,4,1,16,55,1.500000
3250,381,393,393,416,454,0,0,20,0,20,3,12,12,35,1.000000
3251,381,382,438,471,76,32,12,23,38,29,22,1,57,90,1.260870
3252,381,382,415,483,152,30,11,35,14,67,20,1,34,102,1.914286
3253,382,383,395,463,587,9,14,20,7,56,17,1,13,81,2.800000
3254,382,383,397,488,351,4,9,28,11,72,22,1,15,106,2.571429
3255,382,383,392,460,385,9,20,49,4,63,10,1,10,78,1.285714
3256,382,404,765,820,456,57,18,42,55,46,46,22,383,438,1.095238
3257,382,383,489,570,516,83,10,41,72,63,49,1,107,188,1.536585
3258,382,383,550,637,208,64,24,50,53,66,47,1,168,255,1.320000
3259,383,384,393,461,487,8,9,39,4,67,6,1,10,78,1.717949
3260,383,407,445,533,194,16,14,28,17,66,24,24,62,150,2.357143
3261,383,384,520,568,482,98,24,31,96,45,43,1,137,185,1.451613
3262,383,384,386,443,3,0,2,20,2,48,9,1,3,60,2.400000
3263,383,384,404,426,50,14,6,13,9,17,16,1,21,43,1.307692
3264,383,384,458,528,35,62,26,25,47,47,50,1,75,145,1.880000
3265,384,385,400,447,35,11,15,17,6,37,19,1,16,63,2.176471
3266,384,385,395,469,245,9,13,26,7,56,21,1,11,85,2.153846
3267,384,385,413,512,33,22,11,37,15,77,35,1,29,128,2.081081
3268,385,386,399,440,126,12,16,10,8,24,22,1,14,55,2.400000
3269,385,386,416,477,245,24,12,31,17,51,23,1,31,92,1.645161
3270,385,386,405,487,506,6,4,20,17,54,30,1,20,102,2.700000
3271,385,386,441,516,319,44,16,44,36,70,24,1,56,131,1.590909
3272,385,386,419,466,63,23,14,20,16,40,24,1,34,81,2.000000
3273,385,386,388,435,306,1,16,16,1,26,22,1,3,50,1.625000
3274,385,386,397,456,226,7,26,24,8,46,16,1,12,71,1.916667
3275,386,387,396,481,479,5,4,39,8,55,31,1,10,95,1.410256
3276,386,387,391,442,29,0,4,24,4,38,13,1,5,56,1.583333
3277,386,387,426,503,255,32,12,48,24,72,20,1,40,117,1.500000
3278,386,639,869,933,285,35,1,52,63,60,9,253,483,547,1.153846
3279,386,723,-1,-1,590,8,12,45,9,0,1,337,-1,-1,0.000000
3280,387,388,405,429,275,3,10,14,9,20,12,1,18,42,1.428571
3281,387,388,432,521,245,36,10,27,27,59,47,1,45,134,2.185185
3282,387,388,403,451,445,9,6,27,12,39,12,1,16,64,1.444444
3283,387,-1,-1,-1,-1,0,-1,63,0,0,0,-1,-1,-1,0.000000
3284,387,434,439,502,123,5,5,48,5,58,5,47,52,115,1.208333
3285,388,389,450,499,94,35,7,25,37,41,25,1,62,111,1.640000
3286,388,389,416,480,306,18,11,48,16,62,12,1,28,92,1.291667
3287,388,389,446,526,474,45,15,29,42,61,34,1,58,138,2.103448
3288,388,389,412,496,351,14,10,26,17,46,44,1,24,108,1.769231
3289,388,389,491,587,161,76,5,28,63,66,69,1,103,199,2.357143
3290,389,390,482,500,560,66,16,13,60,13,37,1,93,111,1.000000
3291,389,390,471,512,248,59,11,22,54,38,30,1,82,123,1.727273
3292,389,390,405,464,36,4,3,21,12,43,19,1,16,75,2.047619
3293,389,390,399,439,116,9,26,23,6,31,12,1,10,50,1.347826
3294,389,390,418,467,89,16,12,9,18,33,26,1,29,78,3.666667
3295,390,391,397,409,536,5,18,10,3,10,5,1,7,19,1.000000
3296,390,391,412,429,169,14,12,11,14,15,9,1,22,39,1.363636
3297,390,391,441,527,251,45,27,47,37,79,20,1,51,137,1.680851
3298,390,391,551,631,510,93,2,48,68,76,54,1,161,241,1.583333
3299,391,392,414,493,216,13,13,22,14,48,39,1,23,102,2.181818
3300,391,392,404,477,73,12,28,51,8,65,12,1,13,86,1.274510
3301,391,392,392,426,271,0,0,22,0,30,4,1,1,35,1.363636
3302,391,414,429,489,13,2,8,28,11,46,14,23,38,98,1.642857
3303,391,392,396,495,351,0,4,32,4,74,25,1,5,104,2.312500
3304,391,420,427,510,565,1,4,29,6,63,20,29,36,119,2.172414
3305,391,392,395,422,94,0,3,17,3,25,2,1,4,31,1.470588
3306,391,406,440,489,240,20,16,25,27,39,10,15,49,98,1.560000
3307,392,393,430,492,340,26,11,14,30,44,25,1,38,100,3.142857
3308,392,393,414,451,373,21,12,17,15,27,16,1,22,59,1.588235
3309,392,393,398,469,424,0,5,38,5,70,1,1,6,77,1.842105
3310,392,393,419,508,154,23,13,32,20,80,15,1,27,116,2.500000
3311,392,393,446,539,442,26,7,11,34,73,39,1,54,147,6.636364
3312,392,393,441,501,152,42,19,29,34,59,15,1,49,109,2.034483
3313,392,393,407,496,233,7,10,34,11,78,14,1,15,104,2.294118
3314,393,415,555,649,508,26,6,40,31,74,31,22,162,256,1.850000
3315,393,394,400,455,201,4,2,31,4,47,10,1,7,62,1.516129
3316,393,394,459,529,232,53,12,43,42,63,30,1,66,136,1.465116
3317,393,718,931,1000,63,1,16,39,1,53,17,325,538,607,1.358974
3318,394,405,435,465,319,9,20,21,22,25,7,11,41,71,1.190476
3319,394,395,487,571,250,72,4,36,68,74,34,1,93,177,2.055556
3320,394,395,428,474,97,17,2,10,29,32,18,1,34,80,3.200000
3321,394,395,398,428,539,2,3,26,2,28,3,1,4,34,1.076923
3322,394,395,413,459,444,10,14,22,8,40,16,1,19,65,1.818182
3323,394,395,416,494,190,21,14,20,16,52,31,1,22,100,2.600000
3324,395,396,407,456,495,6,10,16,8,30,22,1,12,61,1.875000
3325,395,396,427,453,75,12,9,22,13,26,18,1,32,58,1.181818
3326,395,413,417,480,83,1,6,27,3,51,12,18,22,85,1.888889
3327,395,396,441,479,228,36,2,20,29,32,22,1,46,84,1.600000
3328,395,396,425,478,112,22,13,26,11,46,25,1,30,83,1.769231
3329,395,396,421,477,238,12,9,35,15,53,13,1,26,82,1.514286
3330,395,396,468,558,209,62,11,30,48,74,40,1,73,163,2.466667
3331,396,397,416,429,65,12,12,12,13,12,7,1,20,33,1.000000
3332,396,397,401,451,376,0,4,15,4,21,29,1,5,55,1.400000
3333,396,397,411,428,243,7,14,16,13,16,2,1,15,32,1.000000
3334,396,397,421,441,35,18,11,17,19,19,6,1,25,45,1.117647
3335,396,397,411,493,268,11,5,29,12,63,21,1,15,97,2.172414
3336,396,397,409,482,81,7,8,25,8,43,34,1,13,86,1.720000
3337,397,398,431,503,474,22,12,27,25,61,19,1,34,106,2.259259
3338,397,398,415,487,456,14,12,24,11,56,22,1,18,90,2.333333
3339,397,398,401,457,397,1,14,25,3,43,13,1,4,60,1.720000
3340,398,399,465,545,412,52,23,31,43,61,42,1,67,147,1.967742
3341,398,576,759,822,30,25,13,49,38,55,16,178,361,424,1.122449
3342,398,399,569,648,193,152,14,44,118,62,69,1,171,250,1.409091
3343,398,399,443,505,31,36,13,23,24,57,25,1,45,107,2.478261
3344,398,399,450,513,512,27,9,12,38,48,28,1,52,115,4.000000
3345,399,400,454,509,112,30,13,15,31,33,45,1,55,110,2.200000
3346,399,400,405,457,442,3,4,29,3,39,15,1,6,58,1.344828
3347,399,400,443,495,209,40,14,30,30,38,27,1,44,96,1.266667
3348,399,400,414,463,328,6,15,18,14,40,9,1,15,64,2.222222
3349,400,401,449,535,559,22,12,37,24,65,29,1,49,135,1.756757
3350,400,401,436,511,572,23,10,40,29,58,23,1,36,111,1.450000
3351,400,401,472,524,14,54,22,19,44,31,48,1,72,124,1.631579
3352,400,407,512,564,273,18,15,45,36,49,3,7,112,164,1.088889
3353,401,406,419,451,83,9,13,28,13,30,2,5,18,50,1.071429
3354,401,402,490,563,89,77,9,31,56,59,46,1,89,162,1.903226
3355,401,402,417,440,199,6,21,13,14,19,5,1,16,39,1.461538
3356,401,402,410,450,536,7,9,24,7,34,7,1,9,49,1.416667
3357,401,402,447,486,207,41,15,22,34,26,24,1,46,85,1.181818
3358,401,402,509,578,336,91,15,44,80,66,30,1,108,177,1.500000
3359,401,402,420,494,512,14,13,16,14,44,34,1,19,93,2.750000
3360,401,402,427,496,21,20,7,12,18,44,32,1,26,95,3.666667
3361,402,403,409,451,564,2,6,31,6,41,1,1,7,49,1.322581
3362,402,403,422,449,406,15,12,26,14,26,6,1,20,47,1.000000
3363,402,403,422,442,7,16,19,15,15,15,9,1,20,40,1.000000
3364,402,403,415,489,216,8,8,32,9,62,15,1,13,87,1.937500
3365,402,403,514,621,192,16,14,29,25,65,52,1,112,219,2.241379
3366,402,403,435,528,237,15,5,23,24,61,40,1,33,126,2.652174
3367,403,421,658,719,434,84,10,52,99,60,19,18,255,316,1.153846
3368,403,404,459,503,31,44,12,19,33,37,29,1,56,100,1.947368
3369,403,404,424,525,598,11,23,30,17,66,38,1,21,122,2.200000
3370,403,404,424,447,446,16,8,16,10,20,13,1,21,44,1.250000
3371,403,404,422,446,386,13,7,19,17,23,2,1,19,43,1.210526
3372,404,407,424,454,55,3,10,27,16,29,2,3,20,50,1.074074
3373,404,405,427,502,81,16,5,11,19,51,27,1,23,98,4.636364
3374,404,405,438,523,286,28,19,39,23,65,29,1,34,119,1.666667
3375,405,406,462,551,237,21,3,25,37,57,42,1,57,146,2.280000
3376,405,406,436,516,285,23,15,30,22,62,26,1,31,111,2.066667
3377,405,406,407,446,71,0,1,12,1,28,11,1,2,41,2.333333
3378,405,406,430,513,22,14,23,31,13,61,27,1,25,108,1.967742
3379,405,406,451,512,210,38,25,43,29,59,18,1,46,107,1.372093
3380,406,759,-1,-1,154,0,14,46,1,0,2,353,-1,-1,0.000000
3381,406,408,421,479,238,3,7,25,9,43,19,2,15,73,1.720000
3382,406,407,429,475,458,13,13,30,15,40,13,1,23,69,1.333333
3383,406,407,466,531,545,49,8,20,43,54,27,1,60,125,2.700000
3384,407,408,410,420,495,2,2,10,2,10,0,1,3,13,1.000000
3385,407,408,410,487,575,2,2,47,2,69,8,1,3,80,1.468085
3386,407,408,498,562,316,65,10,23,61,49,44,1,91,155,2.130435
3387,407,408,413,516,259,4,11,25,3,67,38,1,6,109,2.680000
3388,407,408,453,490,75,33,13,17,30,31,21,1,46,83,1.823529
3389,407,408,534,644,32,60,13,31,56,85,57,1,127,237,2.741935
3390,407,408,462,534,486,43,16,25,36,67,23,1,55,127,2.680000
3391,408,409,422,499,170,10,8,22,9,60,21,1,14,91,2.727273
3392,408,828,-1,-1,337,48,2,65,45,0,21,420,-1,-1,0.000000
3393,408,409,439,518,16,23,11,43,20,55,34,1,31,110,1.279070
3394,409,410,411,476,275,0,1,27,1,53,12,1,2,67,1.962963
3395,409,410,425,502,486,12,20,21,13,53,26,1,16,93,2.523810
3396,409,410,475,538,392,41,18,29,48,55,24,1,66,129,1.896552
3397,409,410,414,471,435,3,10,43,3,55,3,1,5,62,1.279070
3398,409,410,424,506,20,10,5,27,12,47,37,1,15,97,1.740741
3399,409,680,791,843,44,9,17,45,6,47,13,271,382,434,1.044444
3400,410,411,454,503,334,19,16,26,35,42,15,1,44,93,1.615385
3401,410,411,475,551,392,34,24,25,34,55,38,1,65,141,2.200000
3402,410,411,411,432,273,0,0,15,0,15,6,1,1,22,1.000000
3403,410,411,423,498,553,11,13,32,6,54,27,1,13,88,1.687500
3404,410,411,549,623,73,126,17,36,101,66,45,1,139,213,1.833333
3405,410,411,508,576,123,75,14,41,70,59,36,1,98,166,1.439024
3406,410,411,451,479,100,32,15,20,25,22,21,1,41,69,1.100000
3407,411,436,654,714,598,37,12,48,60,56,5,25,243,303,1.166667
3408,411,412,417,428,55,0,5,11,5,11,0,1,6,17,1.000000
3409,411,412,433,520,431,13,13,28,12,66,30,1,22,109,2.357143
3410,411,412,416,473,467,4,11,44,3,54,4,1,5,62,1.227273
3411,411,412,437,467,285,19,28,18,19,20,16,1,26,56,1.111111
3412,412,413,488,541,137,44,12,18,51,42,35,1,76,129,2.333333
3413,412,413,426,489,245,7,16,12,11,50,15,1,14,77,4.166667
3414,412,413,433,453,383,12,29,14,15,18,7,1,21,41,1.285714
3415,412,413,443,480,572,15,3,30,21,36,10,1,31,68,1.200000
3416,412,413,640,688,508,121,8,37,125,47,24,1,228,276,1.270270
3417,412,422,437,472,565,2,2,30,6,32,4,10,25,60,1.066667
3418,413,414,451,519,522,24,16,23,30,51,24,1,38,106,2.217391
3419,413,414,430,477,458,9,11,36,11,44,8,1,17,64,1.222222
3420,413,414,438,468,181,16,13,17,18,21,15,1,25,55,1.235294
3421,413,414,428,510,209,8,9,21,12,55,29,1,15,97,2.619048
3422,413,414,450,500,214,27,17,24,28,42,16,1,37,87,1.750000
3423,413,414,457,546,123,29,13,33,31,71,30,1,44,133,2.151515
3424,413,414,474,577,240,25,8,32,35,68,39,1,61,164,2.125000
3425,413,414,417,488,46,2,4,45,2,69,3,1,4,75,1.533333
3426,414,415,511,607,154,72,12,19,60,61,71,1,97,193,3.210526
3427,414,415,438,520,334,19,4,24,17,52,36,1,24,106,2.166667
3428,414,415,436,502,316,13,4,31,14,53,20,1,22,88,1.709677
3429,415,419,792,851,192,143,13,48,149,58,78,4,377,436,1.208333
3430,415,416,425,472,162,9,9,34,5,42,9,1,10,57,1.235294
3431,415,422,450,542,533,6,20,33,13,71,22,7,35,127,2.151515
3432,415,416,480,563,206,44,19,39,47,79,21,1,65,148,2.025641
3433,415,416,426,500,152,8,12,27,7,57,20,1,11,85,2.111111
3434,415,416,439,520,226,19,28,42,20,76,8,1,24,105,1.809524
3435,415,416,443,478,46,14,5,26,19,30,13,1,28,63,1.153846
3436,415,745,832,901,555,22,13,61,24,69,10,330,417,486,1.131148
3437,415,416,422,487,490,3,21,48,5,60,6,1,7,72,1.250000
3438,415,416,449,521,49,24,15,49,27,71,7,1,34,106,1.448980
3439,415,581,906,982,69,121,16,51,110,73,44,166,491,567,1.431373
3440,416,428,556,631,549,78,10,58,81,70,31,12,140,215,1.206897
3441,416,417,440,498,433,10,4,41,15,51,9,1,24,82,1.243902
3442,416,417,475,544,210,44,15,45,37,59,31,1,59,128,1.311111
3443,416,418,472,556,251,42,14,29,45,65,27,2,56,140,2.241379
3444,416,417,426,474,209,6,7,17,8,33,16,1,10,58,1.941176
3445,416,461,753,822,198,35,23,49,41,65,23,45,337,406,1.326531
3446,416,417,420,490,261,1,2,30,3,60,10,1,4,74,2.000000
3447,416,417,427,473,334,9,4,35,8,43,5,1,11,57,1.228571
3448,416,417,448,554,407,29,25,41,18,89,30,1,32,138,2.170732
3449,417,418,476,494,259,29,10,16,35,18,23,1,59,77,1.125000
3450,417,418,429,503,50,10,8,40,11,58,16,1,12,86,1.450000
3451,417,418,423,460,194,0,5,18,5,28,9,1,6,43,1.555556
3452,417,429,498,545,584,18,28,38,24,40,19,12,81,128,1.052632
3453,417,418,459,547,502,31,22,27,31,69,29,1,42,130,2.555556
3454,417,418,418,490,331,0,0,30,0,56,16,1,1,73,1.866667
3455,417,418,448,476,507,25,15,15,19,17,22,1,31,59,1.133333
3456,418,419,459,524,242,29,15,7,30,47,28,1,41,106,6.714286
3457,418,419,493,585,32,23,13,32,19,70,37,1,75,167,2.187500
3458,418,454,612,672,87,63,13,42,65,56,23,36,194,254,1.333333
3459,418,419,427,465,39,2,8,25,7,33,6,1,9,47,1.320000
3460,419,676,796,876,337,29,22,44,27,72,21,257,377,457,1.636364
3461,419,420,424,481,569,2,3,44,4,52,5,1,5,62,1.181818
3462,419,420,489,578,432,18,19,36,25,74,19,1,70,159,2.055556
3463,419,420,424,446,51,0,4,17,4,21,1,1,5,27,1.235294
3464,420,-1,-1,-1,-1,0,-1,50,0,0,0,-1,-1,-1,0.000000
3465,420,421,463,512,279,30,8,25,31,35,25,1,43,92,1.400000
3466,420,-1,-1,-1,-1,0,-1,50,0,0,0,-1,-1,-1,0.000000
3467,420,421,427,509,299,3,16,52,5,72,11,1,7,89,1.384615
3468,420,421,421,502,496,0,0,17,0,53,28,1,1,82,3.117647
3469,421,422,429,523,219,6,10,28,7,68,26,1,8,102,2.428571
3470,421,422,433,513,532,10,23,52,10,78,3,1,12,92,1.500000
3471,421,422,440,517,528,4,16,25,17,49,29,1,19,96,1.960000
3472,421,422,447,497,353,14,11,41,18,49,8,1,26,76,1.195122
3473,421,422,454,537,226,29,16,34,26,66,23,1,33,116,1.941176
3474,421,422,529,573,126,83,15,28,69,38,44,1,108,152,1.357143
3475,421,479,483,560,22,3,8,48,3,74,4,58,62,139,1.541667
3476,422,423,451,496,206,21,8,23,23,31,19,1,29,74,1.347826
3477,422,423,450,533,528,23,13,39,20,69,21,1,28,111,1.769231
3478,422,423,429,495,413,6,17,51,2,63,7,1,7,73,1.235294
3479,422,423,437,511,31,7,12,15,9,57,22,1,15,89,3.800000
3480,422,452,459,504,579,1,7,41,2,43,3,30,37,82,1.048780
3481,422,423,485,566,196,17,29,35,22,67,25,1,63,144,1.914286
3482,423,424,505,586,307,62,11,24,48,56,58,1,82,163,2.333333
3483,423,424,490,576,157,46,29,54,42,70,31,1,67,153,1.296296
3484,423,424,425,486,146,0,1,51,1,57,4,1,2,63,1.117647
3485,423,424,426,445,358,2,8,7,2,15,4,1,3,22,2.142857
3486,423,424,451,511,459,24,12,30,17,54,16,1,28,88,1.800000
3487,424,425,430,452,45,0,5,8,5,12,10,1,6,28,1.500000
3488,424,425,442,526,206,12,9,24,17,66,18,1,18,102,2.750000
3489,424,455,505,534,270,19,14,21,39,25,14,31,81,110,1.190476
3490,424,425,439,534,207,9,14,29,11,75,23,1,15,110,2.586207
3491,424,425,426,473,132,0,1,19,1,35,12,1,2,49,1.842105
3492,425,426,442,520,206,12,7,38,14,74,6,1,17,95,1.947368
3493,425,-1,-1,-1,-1,0,-1,64,0,0,0,-1,-1,-1,0.000000
3494,425,426,449,524,437,19,10,46,16,74,8,1,24,99,1.608696
3495,425,426,447,499,212,16,9,42,13,48,11,1,22,74,1.142857
3496,425,426,437,466,23,11,16,23,7,23,10,1,12,41,1.000000
3497,425,426,432,492,432,1,22,21,6,39,21,1,7,67,1.857143
3498,425,426,431,471,299,3,7,20,5,26,14,1,6,46,1.300000
3499,425,426,528,580,213,80,12,29,64,35,55,1,103,155,1.206897
3500,425,426,440,454,192,8,17,13,11,13,4,1,15,29,1.000000
3501,426,427,446,548,137,17,16,36,15,90,16,1,20,122,2.500000
3502,426,427,443,463,176,3,12,15,15,17,4,1,17,37,1.133333
3503,426,718,976,-1,21,69,26,35,62,22,36,292,550,-1,0.628571
3504,426,427,435,528,427,5,15,35,6,79,16,1,9,102,2.257143
3505,426,427,446,484,512,13,5,11,11,31,15,1,20,58,2.818182
3506,426,427,478,500,227,23,8,14,33,18,22,1,52,74,1.285714
3507,426,427,436,491,541,7,5,19,7,33,24,1,10,65,1.736842
3508,426,-1,-1,-1,-1,0,-1,50,0,0,0,-1,-1,-1,0.000000
3509,427,428,477,533,246,37,9,38,24,54,27,1,50,106,1.421053
3510,427,429,457,523,440,10,28,29,16,59,10,2,30,96,2.034483
3511,427,428,446,499,533,14,13,22,14,34,23,1,19,72,1.545455
3512,428,429,444,526,432,9,15,28,12,58,27,1,16,98,2.071429
3513,428,429,506,586,576,43,13,20,49,66,42,1,78,158,3.300000
3514,428,429,449,514,99,14,27,26,14,42,27,1,21,86,1.615385
3515,428,429,509,576,389,69,9,45,53,61,33,1,81,148,1.355556
3516,428,429,472,543,10,38,23,32,28,60,26,1,44,115,1.875000
3517,429,430,450,507,212,11,11,32,13,44,20,1,21,78,1.375000
3518,429,435,612,687,354,37,22,52,28,68,33,6,183,258,1.307692
3519,429,430,516,547,171,60,15,12,51,28,38,1,87,118,2.333333
3520,429,434,463,543,100,5,18,29,10,61,27,5,34,114,2.103448
3521,429,430,537,605,389,66,13,29,71,63,41,1,108,176,2.172414
3522,429,457,565,622,76,54,6,35,50,43,51,28,136,193,1.228571
3523,430,431,456,539,142,18,2,19,21,71,16,1,26,109,3.736842
3524,430,431,447,513,308,11,7,33,11,49,21,1,17,83,1.484848
3525,430,431,498,549,192,56,12,16,51,30,37,1,68,119,1.875000
3526,430,431,447,528,92,1,14,23,13,59,22,1,17,98,2.565217
3527,430,432,459,524,217,25,7,47,22,61,9,2,29,94,1.297872
3528,430,431,463,528,157,26,19,36,24,56,16,1,33,98,1.555556
3529,431,461,497,587,455,9,13,28,15,66,30,30,66,156,2.357143
3530,431,-1,-1,-1,-1,0,-1,48,0,0,0,-1,-1,-1,0.000000
3531,431,432,512,578,189,59,10,36,47,60,39,1,81,147,1.666667
3532,431,432,603,676,501,42,3,40,42,62,30,1,172,245,1.550000
3533,432,433,440,504,226,5,5,16,6,38,27,1,8,72,2.375000
3534,432,433,451,515,246,14,10,24,12,58,12,1,19,83,2.416667
3535,432,433,460,548,217,20,6,15,20,63,32,1,28,116,4.200000
3536,433,451,472,484,144,4,10,11,18,11,3,18,39,51,1.000000
3537,433,455,489,576,349,14,15,25,19,65,29,22,56,143,2.600000
3538,433,434,443,499,17,2,6,19,6,39,20,1,10,66,2.052632
3539,433,434,435,525,232,1,10,36,0,72,19,1,2,92,2.000000
3540,433,442,477,552,488,26,6,41,29,53,28,9,44,119,1.292683
3541,433,434,559,646,577,50,19,39,56,71,47,1,126,213,1.820513
3542,434,435,496,591,470,26,23,30,42,60,54,1,62,157,2.000000
3543,434,435,436,524,55,0,1,27,1,55,33,1,2,90,2.037037
3544,434,435,451,473,85,12,6,16,15,20,3,1,17,39,1.250000
3545,434,435,506,620,561,59,22,29,45,97,43,1,72,186,3.344828
3546,434,435,461,527,513,16,13,16,21,50,21,1,27,93,3.125000
3547,434,435,439,510,584,4,25,42,4,66,5,1,5,76,1.571429
3548,434,435,442,504,507,5,6,28,5,46,18,1,8,70,1.642857
3549,434,631,652,715,517,14,9,51,18,61,2,197,218,281,1.196078
3550,435,436,474,552,154,21,9,13,30,53,33,1,39,117,4.076923
3551,435,436,568,649,232,111,5,61,102,79,32,1,133,214,1.295082
3552,435,718,897,970,90,32,10,31,39,57,34,283,462,535,1.838710
3553,435,436,795,834,16,259,26,15,233,23,142,1,360,399,1.533333
3554,435,436,487,566,394,33,13,35,32,69,29,1,52,131,1.971429
3555,435,436,444,541,283,8,5,42,6,72,27,1,9,106,1.714286
3556,435,436,496,560,1,46,18,37,43,57,24,1,61,125,1.540541
3557,436,447,505,580,595,25,12,54,22,70,19,11,69,144,1.296296
3558,436,437,442,528,8,0,5,18,5,56,30,1,6,92,3.111111
3559,437,438,466,549,372,22,12,31,22,67,22,1,29,112,2.161290
3560,437,504,697,759,388,44,23,41,35,59,31,67,260,322,1.439024
3561,437,438,472,539,246,17,9,19,26,51,24,1,35,102,2.684211
3562,437,438,454,505,465,11,12,26,14,48,5,1,17,68,1.846154
3563,437,438,525,621,296,62,8,46,57,72,54,1,88,184,1.565217
3564,437,438,473,550,179,28,20,40,24,56,32,1,36,113,1.400000
3565,437,438,469,492,286,7,12,14,14,20,20,1,32,55,1.428571
3566,437,438,442,466,387,0,4,22,4,22,2,1,5,29,1.000000
3567,438,439,449,467,463,9,14,14,5,18,5,1,11,29,1.285714
3568,438,439,490,520,208,44,5,17,36,23,22,1,52,82,1.352941
3569,438,439,454,571,300,13,6,33,9,99,24,1,16,133,3.000000
3570,438,439,456,496,156,9,7,25,14,35,8,1,18,58,1.400000
3571,438,439,460,482,498,2,6,13,12,19,11,1,22,44,1.461538
3572,439,440,460,476,25,8,12,12,12,12,12,1,21,37,1.000000
3573,439,440,483,570,179,31,18,34,24,72,34,1,44,131,2.117647
3574,439,440,440,528,583,0,0,25,0,51,37,1,1,89,2.040000
3575,439,440,466,485,11,9,17,12,22,14,9,1,27,46,1.166667
3576,439,447,565,651,71,78,14,49,68,79,38,8,126,212,1.612245
3577,439,440,447,489,374,1,6,19,6,33,10,1,8,50,1.736842
3578,440,441,446,529,31,5,17,32,5,66,17,1,6,89,2.062500
3579,440,441,450,484,417,8,8,19,7,27,9,1,10,44,1.421053
3580,440,441,444,501,167,1,4,39,3,43,14,1,4,61,1.102564
3581,440,441,545,601,260,84,2,27,62,49,49,1,105,161,1.814815
3582,440,441,445,460,241,2,6,12,3,14,2,1,5,20,1.166667
3583,441,442,496,569,315,47,23,56,34,70,23,1,55,128,1.250000
3584,441,-1,-1,-1,-1,0,-1,47,0,0,0,-1,-1,-1,0.000000
3585,441,442,460,542,407,11,15,43,14,71,14,1,19,101,1.651163
3586,441,442,457,499,528,9,10,36,12,36,9,1,16,58,1.000000
3587,441,442,455,509,96,7,24,26,11,42,14,1,14,68,1.615385
3588,441,442,485,546,425,37,28,20,29,40,35,1,44,105,2.000000
3589,441,442,460,525,151,11,14,24,15,46,22,1,19,84,1.916667
3590,441,442,556,590,360,91,8,25,76,29,43,1,115,149,1.160000
3591,441,442,451,511,349,1,11,23,8,41,20,1,10,70,1.782609
3592,441,442,462,513,21,10,8,19,15,43,13,1,21,72,2.263158
3593,442,443,502,574,38,43,6,20,40,50,41,1,60,132,2.500000
3594,442,443,449,460,34,4,22,8,5,10,2,1,7,18,1.250000
3595,442,443,452,479,180,7,9,20,8,26,2,1,10,37,1.300000
3596,442,443,549,638,309,69,5,41,74,85,36,1,107,196,2.073171
3597,442,474,508,544,158,15,21,29,8,31,16,32,66,102,1.068966
3598,442,443,451,513,21,0,8,11,8,45,17,1,9,71,4.090909
3599,442,443,445,534,239,2,2,29,2,67,22,1,3,92,2.310345
3600,443,444,448,503,309,2,4,28,3,40,16,1,5,60,1.428571
3601,443,444,475,568,535,22,8,24,24,76,24,1,32,125,3.166667
3602,443,444,514,536,440,55,14,9,38,17,37,1,71,93,1.888889
3603,443,444,444,510,437,0,0,53,0,59,7,1,1,67,1.113208
3604,443,444,514,586,464,46,13,23,47,53,42,1,71,143,2.304348
3605,444,445,483,559,1,25,9,29,30,59,25,1,39,115,2.034483
3606,444,445,479,542,230,31,20,47,28,59,10,1,35,98,1.255319
3607,444,445,530,594,156,71,3,25,49,53,47,1,86,150,2.120000
3608,444,476,476,543,580,0,0,26,0,46,21,32,32,99,1.769231
3609,444,445,484,583,554,15,22,29,26,75,29,1,40,139,2.586207
3610,444,445,473,558,535,14,8,16,22,56,35,1,29,114,3.500000
3611,444,445,457,538,213,8,9,21,7,63,23,1,13,94,3.000000
3612,444,445,667,701,588,190,4,24,147,32,75,1,223,257,1.333333
3613,445,446,471,534,383,14,2,21,21,41,26,1,26,89,1.952381
3614,445,479,499,571,506,16,16,47,14,69,9,34,54,126,1.468085
3615,445,446,448,481,20,2,8,17,1,23,11,1,3,36,1.352941
3616,446,447,461,512,360,12,4,40,9,48,8,1,15,66,1.200000
3617,446,447,464,541,579,12,12,28,15,58,20,1,18,95,2.071429
3618,446,447,483,543,578,29,5,48,23,56,17,1,37,97,1.166667
3619,446,447,450,470,214,2,3,20,2,20,1,1,4,24,1.000000
3620,447,448,511,549,579,48,7,18,47,28,26,1,64,102,1.555556
3621,447,448,462,552,573,14,16,20,12,64,28,1,15,105,3.200000
3622,448,449,470,555,24,13,21,23,21,55,30,1,22,107,2.391304
3623,448,449,612,685,456,138,9,43,117,69,50,1,164,237,1.604651
3624,448,449,524,549,302,28,9,11,52,21,27,1,76,101,1.909091
3625,448,449,500,556,163,41,5,14,33,40,34,1,52,108,2.857143
3626,448,449,453,512,254,3,22,38,3,56,4,1,5,64,1.473684
3627,448,449,458,485,249,7,23,19,8,25,3,1,10,37,1.315789
3628,448,449,480,551,253,17,10,43,24,55,23,1,32,103,1.279070
3629,448,449,599,684,453,121,17,49,112,77,46,1,151,236,1.571429
3630,449,450,496,539,381,30,20,33,31,39,19,1,47,90,1.181818
3631,449,450,475,563,571,16,14,36,21,74,18,1,26,114,2.055556
3632,449,-1,-1,-1,-1,0,-1,55,0,0,0,-1,-1,-1,0.000000
3633,449,450,453,546,160,2,17,21,2,63,31,1,4,97,3.000000
3634,449,450,465,492,15,4,6,13,14,21,7,1,16,43,1.615385
3635,450,-1,-1,-1,-1,0,-1,52,0,0,0,-1,-1,-1,0.000000
3636,450,451,460,549,276,3,5,33,7,75,16,1,10,99,2.272727
3637,450,453,530,610,554,38,22,65,38,77,18,3,80,160,1.184615
3638,450,451,496,557,273,2,4,27,14,51,13,1,46,107,1.888889
3639,450,451,460,492,78,4,9,27,9,31,1,1,10,42,1.148148
3640,450,451,528,613,258,40,21,25,47,61,54,1,78,163,2.440000
3641,451,452,506,616,271,47,13,39,31,77,56,1,55,165,1.974359
3642,451,452,669,744,528,180,11,37,130,61,101,1,218,293,1.648649
3643,451,452,464,533,492,8,24,49,11,63,7,1,13,82,1.285714
3644,451,452,458,511,282,4,15,33,5,47,7,1,7,60,1.424242
3645,451,452,452,479,57,0,0,15,0,17,10,1,1,28,1.133333
3646,451,452,461,550,350,9,27,41,6,79,13,1,10,99,1.926829
3647,451,452,467,503,234,2,11,17,14,31,5,1,16,52,1.823529
3648,451,452,549,640,158,68,11,19,65,65,58,1,98,189,3.421053
3649,451,452,495,533,560,2,3,29,12,37,2,1,44,82,1.275862
3650,451,452,465,507,566,3,15,22,11,34,10,1,14,56,1.545455
3651,451,452,503,604,452,33,4,34,37,80,35,1,52,153,2.352941
3652,452,453,456,488,273,0,3,17,3,25,7,1,4,36,1.470588
3653,452,453,469,539,68,15,17,34,15,62,9,1,17,87,1.823529
3654,452,453,453,518,272,0,0,53,0,61,4,1,1,66,1.150943
3655,452,453,508,524,195,48,29,12,33,14,24,1,56,72,1.166667
3656,452,453,509,590,376,47,13,24,35,52,50,1,57,138,2.166667
3657,452,453,544,646,407,88,1,26,56,64,73,1,92,194,2.461538
3658,452,483,498,595,39,7,19,34,10,80,20,31,46,143,2.352941
3659,452,453,457,506,224,1,6,18,4,40,9,1,5,54,2.222222
3660,453,526,752,822,79,19,11,44,29,50,23,73,299,369,1.136364
3661,453,454,605,672,576,124,27,58,88,66,55,1,152,219,1.137931
3662,453,454,454,535,407,0,0,38,0,64,17,1,1,82,1.684211
3663,453,454,464,558,0,9,4,16,7,60,37,1,11,105,3.750000
3664,453,454,546,612,470,72,2,21,62,47,49,1,93,159,2.238095
3665,453,454,499,531,553,37,7,23,26,29,22,1,46,78,1.260870
3666,454,455,483,543,40,22,22,31,19,45,24,1,29,89,1.451613
3667,454,458,475,490,580,6,16,15,9,15,4,4,21,36,1.000000
3668,454,455,464,556,72,1,18,26,6,66,29,1,10,102,2.538462
3669,454,-1,-1,-1,-1,0,-1,46,0,0,0,-1,-1,-1,0.000000
3670,454,704,833,912,525,33,12,54,34,70,18,250,379,458,1.296296
3671,454,455,455,508,560,0,0,18,0,44,9,1,1,54,2.444444
3672,454,455,488,517,552,26,4,26,22,26,14,1,34,63,1.000000
3673,454,455,554,613,224,71,3,31,61,43,54,1,100,159,1.387097
3674,455,456,486,516,234,18,11,16,18,24,18,1,31,61,1.500000
3675,455,586,739,775,500,17,12,27,27,31,9,131,284,320,1.148148
3676,455,456,458,508,99,0,2,13,2,37,13,1,3,53,2.846154
3677,455,456,460,541,96,2,17,23,3,65,17,1,5,86,2.826087
3678,455,456,467,573,585,7,8,24,8,92,17,1,12,118,3.833333
3679,455,456,477,564,576,17,28,55,15,77,14,1,22,109,1.400000
3680,456,457,475,529,171,7,9,17,16,35,21,1,19,73,2.058824
3681,456,457,516,581,369,52,6,31,35,41,48,1,60,125,1.322581
3682,456,457,460,502,463,3,3,24,3,28,14,1,4,46,1.166667
3683,456,457,490,586,395,25,14,42,24,80,24,1,34,130,1.904762
3684,456,457,462,532,554,2,16,15,4,51,20,1,6,76,3.400000
3685,456,457,532,616,561,64,20,53,52,79,26,1,76,160,1.490566
3686,456,457,468,514,101,9,1,25,9,37,11,1,12,58,1.480000
3687,456,482,-1,-1,122,21,13,47,21,0,8,26,-1,-1,0.000000
3688,456,457,494,587,83,20,11,35,21,75,32,1,38,131,2.142857
3689,456,457,458,514,163,0,1,33,1,43,13,1,2,58,1.303030
3690,456,457,595,679,155,43,15,32,59,70,53,1,139,223,2.187500
3691,457,458,485,568,70,15,1,40,21,66,23,1,28,111,1.650000
3692,457,458,491,506,265,22,11,11,24,13,11,1,34,49,1.181818
3693,457,458,469,541,528,10,8,31,8,53,22,1,12,84,1.709677
3694,457,458,539,579,67,55,17,10,49,28,44,1,82,122,2.800000
3695,457,458,506,557,141,40,6,24,26,36,37,1,49,100,1.500000
3696,457,458,485,561,553,20,10,27,13,73,17,1,28,104,2.703704
3697,458,459,474,539,395,15,11,31,9,51,20,1,16,81,1.645161
3698,458,461,469,557,349,5,14,26,4,54,38,3,11,99,2.076923
3699,458,459,477,542,377,11,26,25,14,49,20,1,19,84,1.960000
3700,459,460,501,534,317,30,14,30,27,32,15,1,42,75,1.066667
3701,459,460,508,582,585,32,7,23,31,55,36,1,49,123,2.391304
3702,459,460,470,554,336,6,12,30,8,62,24,1,11,95,2.066667
3703,459,460,472,541,466,9,22,57,9,67,5,1,13,82,1.175439
3704,459,462,476,559,451,13,14,54,12,82,3,3,17,100,1.518519
3705,460,461,581,624,344,100,11,28,70,38,55,1,121,164,1.357143
3706,460,461,477,557,117,14,12,15,10,69,17,1,17,97,4.600000
3707,460,-1,-1,-1,-1,0,-1,51,0,0,0,-1,-1,-1,0.000000
3708,460,461,500,566,405,33,23,30,29,54,22,1,40,106,1.800000
3709,460,461,477,516,436,13,4,14,14,30,11,1,17,56,2.142857
3710,460,461,594,638,350,111,23,9,82,37,58,1,134,178,4.111111
3711,460,461,472,541,552,7,3,39,10,67,3,1,12,81,1.717949
3712,460,462,729,782,571,23,13,43,38,45,10,2,269,322,1.046512
3713,460,461,463,528,465,0,2,26,2,50,15,1,3,68,1.923077
3714,461,462,488,541,258,21,14,28,13,50,16,1,27,80,1.785714
3715,461,462,530,604,131,59,9,38,51,62,29,1,69,143,1.631579
3716,461,462,491,551,113,20,7,37,18,49,20,1,30,90,1.324324
3717,461,462,480,488,234,5,12,8,15,8,3,1,19,27,1.000000
3718,461,462,507,599,349,27,12,32,20,74,36,1,46,138,2.312500
3719,462,463,497,538,69,11,8,17,31,27,17,1,35,76,1.588235
3720,462,718,-1,-1,113,18,8,38,23,0,6,256,-1,-1,0.000000
3721,463,464,468,544,566,4,16,14,3,48,29,1,5,81,3.428571
3722,463,464,500,553,194,30,11,20,20,46,23,1,37,90,2.300000
3723,463,464,469,478,31,0,5,7,5,9,0,1,6,15,1.285714
3724,463,868,-1,-1,110,0,21,57,1,0,0,405,-1,-1,0.000000
3725,463,465,527,591,390,14,21,24,19,52,19,2,64,128,2.166667
3726,463,464,494,563,107,17,8,11,13,53,33,1,31,100,4.818182
3727,463,464,527,592,400,45,12,40,35,60,33,1,64,129,1.500000
3728,463,464,530,583,590,42,4,14,41,36,42,1,67,120,2.571429
3729,464,465,566,647,461,81,13,28,59,68,55,1,102,183,2.428571
3730,464,465,488,582,315,19,19,28,17,72,28,1,24,118,2.571429
3731,464,465,476,578,320,7,13,37,7,89,17,1,12,114,2.405405
3732,464,466,478,576,474,8,10,29,6,79,25,2,14,112,2.724138
3733,464,718,998,-1,145,49,25,36,45,2,20,254,534,-1,0.055556
3734,465,466,473,534,194,6,21,48,5,60,3,1,8,69,1.250000
3735,465,466,483,556,65,14,15,46,14,70,6,1,18,91,1.521739
3736,465,466,537,590,271,48,4,34,37,46,41,1,72,125,1.352941
3737,465,466,512,570,249,29,24,41,44,55,5,1,47,105,1.341463
3738,465,466,539,619,72,31,18,25,45,63,45,1,74,154,2.520000
3739,466,467,572,604,231,89,16,26,61,28,48,1,106,138,1.076923
3740,466,467,573,651,83,72,8,41,76,65,43,1,107,185,1.585366
3741,466,467,552,623,131,73,5,45,64,59,33,1,86,157,1.311111
3742,466,467,471,483,244,0,4,11,4,11,1,1,5,17,1.000000
3743,466,467,470,525,87,0,3,20,3,36,19,1,4,59,1.800000
3744,466,467,487,498,186,11,3,10,10,10,11,1,21,32,1.000000
3745,466,467,515,586,91,32,14,14,29,52,38,1,49,120,3.714286
3746,467,471,689,756,182,141,15,49,126,61,73,4,222,289,1.244898
3747,467,469,518,579,252,32,22,25,32,51,27,2,51,112,2.040000
3748,467,468,482,566,53,9,13,31,10,55,33,1,15,99,1.774194
3749,467,468,489,545,212,15,5,15,9,35,33,1,22,78,2.333333
3750,467,468,470,481,147,0,2,9,2,9,2,1,3,14,1.000000
3751,468,469,646,691,86,147,13,34,126,42,54,1,178,223,1.235294
3752,468,469,484,496,466,14,16,9,7,11,9,1,16,28,1.222222
3753,468,469,492,561,131,17,11,36,22,58,12,1,24,93,1.611111
3754,468,469,507,588,115,25,4,39,29,67,23,1,39,120,1.717949
3755,468,469,541,622,278,59,16,34,58,58,37,1,73,154,1.705882
3756,468,469,472,549,3,0,3,31,3,59,18,1,4,81,1.903226
3757,468,469,521,597,425,38,15,36,37,68,23,1,53,129,1.888889
3758,469,470,475,538,484,3,11,36,3,56,9,1,6,69,1.555556
3759,469,470,473,512,370,2,3,29,3,37,2,1,4,43,1.275862
3760,469,470,502,548,471,27,18,18,25,24,29,1,33,79,1.333333
3761,469,475,512,596,422,13,18,32,10,64,27,6,43,127,2.000000
3762,470,471,472,510,361,0,1,33,1,35,3,1,2,40,1.060606
3763,470,471,487,567,83,5,4,22,15,48,33,1,17,97,2.181818
3764,470,471,538,634,317,51,15,34,42,76,45,1,68,164,2.235294
3765,470,483,501,553,278,4,12,40,14,46,7,13,31,83,1.150000
3766,471,-1,-1,-1,-1,0,-1,52,0,0,0,-1,-1,-1,0.000000
3767,471,472,522,545,257,28,12,15,26,17,30,1,51,74,1.133333
3768,471,472,492,569,259,16,18,21,15,51,31,1,21,98,2.428571
3769,471,472,548,648,313,61,5,34,61,74,41,1,77,177,2.176471
3770,471,-1,-1,-1,-1,0,-1,58,0,0,0,-1,-1,-1,0.000000
3771,472,473,509,598,158,31,10,18,17,60,48,1,37,126,3.333333
3772,472,473,480,555,339,5,4,25,6,55,21,1,8,83,2.200000
3773,472,473,492,543,155,16,13,32,13,38,19,1,20,71,1.187500
3774,472,473,544,599,349,46,13,30,49,50,27,1,72,127,1.666667
3775,472,473,528,551,253,40,6,23,27,23,28,1,56,79,1.000000
3776,472,473,518,598,24,39,10,46,26,70,28,1,46,126,1.521739
3777,472,473,484,568,65,5,8,47,10,69,16,1,12,96,1.468085
3778,472,473,475,574,462,2,19,28,1,80,20,1,3,102,2.857143
3779,472,473,504,543,182,22,11,35,19,35,16,1,32,71,1.000000
3780,473,474,490,546,43,5,8,17,11,39,22,1,17,73,2.294118
3781,473,474,487,571,29,2,16,32,9,54,34,1,14,98,1.687500
3782,473,474,550,624,223,55,11,23,54,59,37,1,77,151,2.565217
3783,473,474,900,990,447,297,1,37,260,73,160,1,427,517,1.972973
3784,473,474,512,613,430,31,3,40,20,74,45,1,39,140,1.850000
3785,473,474,490,533,68,8,12,24,8,38,13,1,17,60,1.583333
3786,474,482,-1,-1,280,24,5,47,22,0,8,8,-1,-1,0.000000
3787,474,475,476,555,348,1,10,19,0,51,29,1,2,81,2.684211
3788,474,475,485,501,339,6,2,13,8,15,3,1,11,27,1.153846
3789,474,475,477,563,490,2,21,36,0,56,32,1,3,89,1.555556
3790,474,475,556,631,82,58,12,15,47,61,48,1,82,157,4.066667
3791,475,476,512,571,400,28,14,34,23,50,22,1,37,96,1.470588
3792,475,476,481,542,354,1,1,33,5,47,14,1,6,67,1.424242
3793,475,476,540,631,540,52,15,21,44,67,44,1,65,156,3.190476
3794,476,477,561,632,86,74,5,43,54,65,36,1,85,156,1.511628
3795,476,477,599,682,277,18,15,38,20,70,22,1,123,206,1.842105
3796,476,477,480,544,22,3,6,31,2,43,22,1,4,68,1.387097
3797,476,483,643,737,387,73,8,54,63,88,40,7,167,261,1.629630
3798,476,477,591,623,574,5,21,25,33,31,7,1,115,147,1.240000
3799,477,478,502,555,158,15,8,22,14,42,21,1,25,78,1.909091
3800,477,478,478,544,110,0,0,31,0,51,15,1,1,67,1.645161
3801,477,478,514,604,198,28,6,47,25,81,20,1,37,127,1.723404
3802,477,585,734,799,102,19,6,27,22,53,23,108,257,322,1.962963
3803,477,478,526,581,517,42,15,30,27,46,30,1,49,104,1.533333
3804,478,479,563,652,68,43,12,13,53,63,57,1,85,174,4.846154
3805,478,479,498,530,514,18,18,15,9,25,17,1,20,52,1.666667
3806,478,479,497,591,379,14,15,38,13,80,19,1,19,113,2.105263
3807,478,479,489,538,400,5,11,34,7,46,6,1,11,60,1.352941
3808,478,526,723,778,264,6,12,44,7,50,6,48,245,300,1.136364
3809,478,479,494,580,270,15,17,41,6,75,20,1,16,102,1.829268
3810,479,480,481,571,298,0,1,36,1,64,26,1,2,92,1.777778
3811,479,480,618,689,386,105,6,29,105,67,37,1,139,210,2.310345
3812,479,480,499,555,258,16,14,28,12,48,15,1,20,76,1.714286
3813,479,480,489,571,32,8,6,40,6,72,13,1,10,92,1.800000
3814,479,480,510,576,471,27,12,24,22,44,30,1,31,97,1.833333
3815,479,480,526,586,139,22,20,29,31,35,37,1,47,107,1.206897
3816,479,480,494,563,122,8,15,39,14,61,8,1,15,84,1.564103
3817,479,483,497,560,121,5,13,38,10,54,10,4,18,81,1.421053
3818,479,480,676,741,174,154,18,30,120,62,79,1,197,262,2.066667
3819,479,480,483,508,43,0,3,9,3,17,8,1,4,29,1.888889
3820,480,481,484,575,28,3,13,23,2,63,29,1,4,95,2.739130
3821,480,481,486,502,32,0,5,12,5,14,2,1,6,22,1.166667
3822,480,481,684,771,394,167,26,49,142,73,70,1,204,291,1.489796
3823,480,481,509,587,422,20,14,43,20,57,29,1,29,107,1.325581
3824,480,481,491,566,53,0,6,12,8,54,23,1,11,86,4.500000
3825,480,481,516,589,54,4,14,12,25,52,31,1,36,109,4.333333
3826,480,481,555,642,66,37,4,29,47,59,37,1,75,162,2.034483
3827,481,482,488,560,145,6,12,26,2,56,20,1,7,79,2.153846
3828,481,482,563,612,82,70,10,28,51,40,39,1,82,131,1.428571
3829,481,497,503,538,11,0,6,24,6,28,7,16,22,57,1.166667
3830,481,482,511,604,188,27,17,15,20,67,35,1,30,123,4.466667
3831,481,482,491,577,474,8,1,46,6,64,25,1,10,96,1.391304
3832,481,482,482,501,80,0,0,10,0,14,5,1,1,20,1.400000
3833,481,482,497,582,461,9,15,12,10,58,32,1,16,101,4.833333
3834,482,483,511,544,421,23,12,14,18,28,15,1,29,62,2.000000
3835,482,483,483,566,253,0,0,30,0,64,19,1,1,84,2.133333
3836,482,485,601,663,258,19,20,36,19,48,32,3,119,181,1.333333
3837,483,484,544,586,168,36,3,28,45,34,11,1,61,103,1.214286
3838,483,484,596,654,238,92,13,25,63,41,66,1,113,171,1.640000
3839,483,484,488,546,108,1,17,20,2,36,24,1,5,63,1.800000
3840,483,484,505,607,132,8,12,24,18,78,27,1,22,124,3.250000
3841,484,485,529,589,164,36,14,15,25,45,34,1,45,105,3.000000
3842,484,485,499,580,264,11,21,49,10,79,6,1,15,96,1.612245
3843,484,485,541,574,22,35,6,16,45,22,22,1,57,90,1.375000
3844,484,485,489,597,229,4,9,42,3,94,15,1,5,113,2.238095
3845,485,-1,-1,-1,-1,0,-1,54,0,0,0,-1,-1,-1,0.000000
3846,485,486,562,647,189,65,15,28,51,80,30,1,77,162,2.857143
3847,485,486,507,537,217,6,12,20,16,28,7,1,22,52,1.400000
3848,485,486,503,522,27,11,11,15,14,17,5,1,18,37,1.133333
3849,485,510,594,676,270,41,17,56,46,78,11,25,109,191,1.392857
3850,485,486,554,651,378,55,21,37,43,69,53,1,69,166,1.864865
3851,485,486,539,631,152,41,14,33,26,63,56,1,54,146,1.909091
3852,485,486,534,620,178,36,16,42,33,70,31,1,49,135,1.666667
3853,486,487,494,520,96,3,7,23,7,25,1,1,8,34,1.086957
3854,486,487,632,706,128,91,15,24,95,56,68,1,146,220,2.333333
3855,486,487,524,587,139,31,25,14,25,40,35,1,38,101,2.857143
3856,486,487,572,646,39,52,14,17,61,61,37,1,86,160,3.588235
3857,486,487,567,643,561,44,10,52,48,70,36,1,81,157,1.346154
3858,487,488,520,558,310,15,14,15,18,27,25,1,33,71,1.800000
3859,487,488,498,589,190,5,1,23,10,73,18,1,11,102,3.173913
3860,487,488,513,594,391,21,14,45,17,65,24,1,26,107,1.444444
3861,487,488,542,645,244,18,3,28,14,72,53,1,55,158,2.571429
3862,487,488,488,506,97,0,0,9,0,15,3,1,1,19,1.666667
3863,488,489,489,564,50,0,0,24,0,60,15,1,1,76,2.500000
3864,488,489,590,627,72,67,13,25,81,33,24,1,102,139,1.320000
3865,488,489,511,557,34,11,14,17,15,35,18,1,23,69,2.058824
3866,488,489,493,575,215,3,10,16,3,62,21,1,5,87,3.875000
3867,488,489,526,554,586,31,16,21,27,27,11,1,38,66,1.285714
3868,488,489,518,619,324,23,16,40,17,80,33,1,30,131,2.000000
3869,488,489,507,529,530,11,15,10,11,16,13,1,19,41,1.600000
3870,489,490,529,602,396,32,10,45,26,63,23,1,40,113,1.400000
3871,489,490,505,523,28,11,17,14,9,16,8,1,16,34,1.142857
3872,489,510,593,657,468,43,19,52,43,60,16,21,104,168,1.153846
3873,489,490,557,625,93,34,13,15,36,45,54,1,68,136,3.000000
3874,489,537,596,694,518,41,14,45,37,73,34,48,107,205,1.622222
3875,489,490,535,566,248,33,12,20,28,28,20,1,46,77,1.400000
3876,490,491,507,517,57,3,9,8,11,10,5,1,17,27,1.250000
3877,490,-1,-1,-1,-1,0,-1,52,0,0,0,-1,-1,-1,0.000000
3878,490,491,538,628,433,40,11,29,27,71,39,1,48,138,2.448276
3879,490,491,552,613,377,47,27,24,39,42,41,1,62,123,1.750000
3880,490,491,754,831,128,238,30,42,187,56,97,1,264,341,1.333333
3881,490,491,550,639,145,41,12,31,42,77,29,1,60,149,2.483871
3882,490,491,520,628,233,24,9,25,23,79,35,1,30,138,3.160000
3883,490,491,495,544,566,2,4,33,4,43,6,1,5,54,1.303030
3884,491,492,692,758,566,172,6,39,104,57,105,1,201,267,1.461538
3885,491,492,492,580,471,0,0,31,0,49,39,1,1,89,1.580645
3886,492,493,552,618,234,50,11,28,29,60,36,1,60,126,2.142857
3887,492,493,511,567,401,12,13,28,16,46,12,1,19,75,1.642857
3888,492,493,514,570,202,19,4,16,9,42,26,1,22,78,2.625000
3889,492,493,509,621,217,8,12,25,8,77,43,1,17,129,3.080000
3890,492,493,623,710,534,76,12,50,69,76,41,1,131,218,1.520000
3891,492,493,551,620,29,42,14,50,38,68,21,1,59,128,1.360000
3892,492,493,502,593,77,6,12,23,6,65,29,1,10,101,2.826087
3893,492,493,541,606,264,40,22,35,40,51,22,1,49,114,1.457143
3894,493,494,526,565,183,18,10,20,18,32,21,1,33,72,1.600000
3895,493,494,548,609,29,35,13,36,40,48,27,1,55,116,1.333333
3896,493,494,499,530,113,0,5,14,5,26,5,1,6,37,1.857143
3897,493,494,543,591,28,47,24,35,34,45,18,1,50,98,1.285714
3898,494,495,500,596,249,1,12,34,4,60,37,1,6,102,1.764706
3899,494,495,498,596,202,2,3,16,2,62,37,1,4,102,3.875000
3900,494,495,520,613,401,21,11,48,18,76,24,1,26,119,1.583333
3901,495,496,513,573,589,13,4,47,14,57,6,1,18,78,1.212766
3902,495,-1,-1,-1,-1,0,-1,46,0,0,0,-1,-1,-1,0.000000
3903,495,496,562,655,120,60,15,35,44,75,40,1,67,160,2.142857
3904,495,496,560,593,551,30,8,28,38,30,29,1,65,98,1.071429
3905,495,496,508,571,209,1,8,13,10,47,18,1,13,76,3.615385
3906,496,497,508,553,34,7,12,15,7,29,20,1,12,57,1.933333
3907,496,497,514,630,148,13,10,35,10,77,46,1,18,134,2.200000
3908,496,497,519,567,457,15,13,16,16,36,18,1,23,71,2.250000
3909,496,497,527,566,152,23,12,20,19,24,26,1,31,70,1.200000
3910,496,497,528,551,442,25,13,14,19,20,15,1,32,55,1.428571
3911,496,497,506,551,485,9,15,29,4,39,11,1,10,55,1.344828
3912,496,497,515,624,402,9,27,35,13,71,43,1,19,128,2.028571
3913,497,498,527,554,530,26,15,22,16,24,16,1,30,57,1.090909
3914,497,498,532,634,409,30,23,36,23,78,35,1,35,137,2.166667
3915,497,498,514,592,324,15,11,17,11,51,32,1,17,95,3.000000
3916,497,498,532,596,500,23,14,25,24,41,33,1,35,99,1.640000
3917,497,498,528,597,404,13,14,19,21,39,38,1,31,100,2.052632
3918,497,498,516,605,336,17,11,45,12,85,10,1,19,108,1.888889
3919,498,499,541,588,161,38,12,25,24,35,30,1,43,90,1.400000
3920,498,499,566,625,124,6,12,35,10,53,10,1,68,127,1.514286
3921,498,827,923,999,11,56,21,61,36,75,26,329,425,501,1.229508
3922,498,501,533,600,341,22,24,25,18,57,19,3,35,102,2.280000
3923,498,499,546,600,511,37,7,43,41,53,7,1,48,102,1.232558
3924,499,500,500,603,78,0,0,29,0,75,28,1,1,104,2.586207
3925,499,500,541,593,91,24,1,33,27,45,21,1,42,94,1.363636
3926,499,509,621,726,509,79,22,43,63,81,49,10,122,227,1.883721
3927,499,500,572,659,178,58,18,30,44,58,57,1,73,160,1.933333
3928,499,500,523,596,145,14,13,23,12,53,31,1,24,97,2.304348
3929,499,500,509,608,41,4,14,27,7,79,22,1,10,109,2.925926
3930,499,500,523,583,538,16,14,28,16,36,31,1,24,84,1.285714
3931,499,500,536,581,238,27,13,21,23,35,23,1,37,82,1.666667
3932,499,500,516,546,487,4,13,13,12,21,13,1,17,47,1.615385
3933,500,501,568,623,342,56,16,28,32,44,46,1,68,123,1.571429
3934,500,537,589,645,524,18,15,46,21,52,11,37,89,145,1.130435
3935,500,501,502,522,241,0,1,19,1,19,1,1,2,22,1.000000
3936,500,-1,-1,-1,-1,0,-1,57,0,0,0,-1,-1,-1,0.000000
3937,500,501,509,596,158,5,15,40,6,72,17,1,9,96,1.800000
3938,500,501,560,662,217,19,12,24,37,78,34,1,60,162,3.250000
3939,500,501,513,529,4,10,11,11,9,13,6,1,13,29,1.181818
3940,501,502,508,557,389,5,6,32,4,36,15,1,7,56,1.125000
3941,501,502,517,572,28,11,21,25,14,39,17,1,16,71,1.560000
3942,501,502,528,580,414,17,9,22,20,36,22,1,27,79,1.636364
3943,501,502,538,609,126,13,9,20,26,54,27,1,37,108,2.700000
3944,501,502,526,599,188,10,14,18,15,62,20,1,25,98,3.444444
3945,502,503,520,549,514,11,21,17,11,25,10,1,18,47,1.470588
3946,502,503,600,610,4,62,16,9,74,9,24,1,98,108,1.000000
3947,502,503,524,613,270,11,12,17,16,51,43,1,22,111,3.000000
3948,502,518,583,615,21,1,14,25,6,27,9,16,81,113,1.080000
3949,502,503,522,605,540,16,12,42,15,68,19,1,20,103,1.619048
3950,502,503,571,663,183,44,6,21,42,63,55,1,69,161,3.000000
3951,502,503,504,616,344,1,6,28,1,96,16,1,2,114,3.428571
3952,502,595,-1,-1,238,96,17,42,103,0,62,93,-1,-1,0.000000
3953,503,505,514,567,540,6,15,30,4,44,14,2,11,64,1.466667
3954,503,504,524,548,60,10,12,15,19,17,8,1,21,45,1.133333
3955,503,504,545,616,301,34,13,38,25,56,31,1,42,113,1.473684
3956,503,504,543,654,397,34,14,29,24,89,37,1,40,151,3.068966
3957,503,504,532,617,269,19,18,41,24,73,16,1,29,114,1.780488
3958,503,504,553,646,523,36,9,41,39,59,44,1,50,143,1.439024
3959,503,504,569,648,462,21,10,40,20,62,25,1,66,145,1.550000
3960,503,504,529,624,262,15,1,22,18,70,32,1,26,121,3.181818
3961,503,504,520,532,228,9,16,11,6,11,11,1,17,29,1.000000
3962,503,504,517,554,124,5,11,21,11,33,6,1,14,51,1.571429
3963,504,505,506,609,490,0,1,37,1,89,14,1,2,105,2.405405
3964,504,505,737,802,556,162,16,42,131,58,84,1,233,298,1.380952
3965,504,505,516,528,445,8,19,12,6,12,5,1,12,24,1.000000
3966,504,645,685,755,586,6,16,45,15,59,15,141,181,251,1.311111
3967,504,505,508,552,102,3,2,27,2,39,6,1,4,48,1.444444
3968,504,505,600,668,508,83,17,45,59,57,47,1,96,164,1.266667
3969,505,506,515,607,84,5,8,25,7,59,35,1,10,102,2.360000
3970,505,506,512,578,389,4,2,31,6,53,13,1,7,73,1.709677
3971,505,506,566,629,15,18,4,14,44,46,33,1,61,124,3.285714
3972,505,506,512,573,34,4,10,15,4,29,34,1,7,68,1.933333
3973,505,506,556,656,44,31,16,36,24,80,39,1,51,151,2.222222
3974,506,507,544,575,508,29,12,25,29,31,8,1,38,69,1.240000
3975,506,-1,-1,-1,-1,0,-1,51,0,0,0,-1,-1,-1,0.000000
3976,506,507,540,608,297,21,11,25,25,51,25,1,34,102,2.040000
3977,506,507,542,622,342,10,17,18,25,44,46,1,36,116,2.444444
3978,506,507,520,629,341,9,20,28,11,72,39,1,14,123,2.571429
3979,506,513,718,772,538,39,11,39,68,47,18,7,212,266,1.205128
3980,506,507,571,596,178,35,14,23,37,25,27,1,65,90,1.086957
3981,506,507,508,548,1,1,11,18,0,36,5,1,2,42,2.000000
3982,507,508,510,576,508,2,12,23,1,45,22,1,3,69,1.956522
3983,507,508,581,656,515,52,14,36,51,70,27,1,74,149,1.944444
3984,507,511,543,598,361,20,10,27,22,45,20,4,36,91,1.666667
3985,507,508,536,558,400,16,20,13,16,15,19,1,29,51,1.153846
3986,508,509,612,653,245,86,18,22,69,32,43,1,104,145,1.454545
3987,508,509,510,526,57,0,1,9,1,13,3,1,2,18,1.444444
3988,508,509,513,569,569,0,4,24,4,32,24,1,5,61,1.333333
3989,508,509,516,547,426,5,9,18,5,26,7,1,8,39,1.444444
3990,508,509,532,599,309,22,11,38,14,60,16,1,24,91,1.578947
3991,508,509,517,612,452,5,13,33,6,61,36,1,9,104,1.848485
3992,509,510,540,564,378,26,11,24,16,24,14,1,31,55,1.000000
3993,509,510,530,617,204,15,13,40,14,82,11,1,21,108,2.050000
3994,509,512,526,569,543,0,14,18,7,34,12,3,17,60,1.888889
3995,510,511,595,681,500,55,17,44,61,76,31,1,85,171,1.727273
3996,510,534,545,619,216,0,8,29,2,61,13,24,35,109,2.103448
3997,510,511,542,609,152,26,8,31,20,67,11,1,32,99,2.161290
3998,510,511,543,626,516,20,9,48,23,80,12,1,33,116,1.666667
3999,510,511,525,584,446,14,6,34,9,50,14,1,15,74,1.470588
4000,511,512,522,566,297,9,8,27,8,33,13,1,11,55,1.222222
4001,511,613,668,743,589,7,23,43,12,67,15,102,157,232,1.558140
4002,511,707,785,875,222,8,20,54,6,84,12,196,274,364,1.555556
4003,511,512,565,652,444,45,12,33,28,59,53,1,54,141,1.787879
4004,511,512,518,566,147,5,10,30,3,48,3,1,7,55,1.600000
4005,511,512,566,632,245,32,13,19,36,43,41,1,55,121,2.263158
4006,511,512,538,622,42,18,3,29,16,71,23,1,27,111,2.448276
4007,511,512,530,547,476,18,15,15,17,17,1,1,19,36,1.133333
4008,512,513,559,614,591,42,15,24,32,50,19,1,47,102,2.083333
4009,512,513,632,714,484,89,19,35,65,65,71,1,120,202,1.857143
4010,512,513,732,810,528,187,18,40,133,72,84,1,220,298,1.800000
4011,512,513,674,746,225,139,15,47,115,63,55,1,162,234,1.340426
4012,512,513,539,622,516,13,4,28,19,76,14,1,27,110,2.714286
4013,512,513,521,611,124,5,13,29,3,57,38,1,9,99,1.965517
4014,512,514,594,654,341,48,16,45,41,55,28,2,82,142,1.222222
4015,512,513,529,580,99,10,11,10,10,36,21,1,17,68,3.600000
4016,513,-1,-1,-1,-1,0,-1,43,0,0,0,-1,-1,-1,0.000000
4017,513,514,562,637,556,35,14,27,33,63,27,1,49,124,2.333333
4018,513,514,514,586,72,0,0,22,0,50,22,1,1,73,2.272727
4019,513,514,579,657,126,45,11,24,35,56,52,1,66,144,2.333333
4020,513,514,578,661,309,51,5,46,35,74,37,1,65,148,1.608696
4021,513,514,522,571,158,8,6,25,5,41,11,1,9,58,1.640000
4022,513,514,572,601,28,50,12,10,37,16,34,1,59,88,1.600000
4023,513,514,516,535,34,0,2,17,2,19,0,1,3,22,1.117647
4024,514,515,540,621,236,16,1,26,18,74,14,1,26,107,2.846154
4025,514,515,596,629,574,44,11,14,52,28,34,1,82,115,2.000000
4026,514,515,534,646,523,17,1,42,13,82,36,1,20,132,1.952381
4027,514,515,596,669,289,75,17,35,56,55,43,1,82,155,1.571429
4028,515,516,622,675,222,86,8,26,67,46,46,1,107,160,1.769231
4029,515,516,548,591,420,12,8,29,19,35,13,1,33,76,1.206897
4030,515,516,525,594,363,8,6,49,6,65,7,1,10,79,1.326531
4031,516,517,599,627,12,41,11,10,51,20,39,1,83,111,2.000000
4032,516,517,557,647,336,25,10,51,36,71,23,1,41,131,1.392157
4033,516,517,522,609,350,5,12,48,3,80,9,1,6,93,1.666667
4034,516,517,529,561,90,5,14,15,11,27,6,1,13,45,1.800000
4035,516,544,555,629,288,5,6,30,10,58,17,28,39,113,1.933333
4036,516,517,576,654,478,43,5,42,44,62,31,1,60,138,1.476190
4037,516,517,529,580,543,0,13,15,9,33,20,1,13,64,2.200000
4038,516,517,528,619,80,3,6,21,8,69,25,1,12,103,3.285714
4039,516,517,566,601,466,40,13,24,31,30,23,1,50,85,1.250000
4040,517,518,522,616,445,3,20,20,3,62,33,1,5,99,3.100000
4041,517,518,551,608,129,20,11,25,21,43,26,1,34,91,1.720000
4042,517,518,533,562,368,10,11,15,12,21,11,1,16,45,1.400000
4043,518,519,625,674,363,89,4,38,72,48,35,1,107,156,1.263158
4044,518,519,599,691,487,36,18,53,40,81,25,1,81,173,1.528302
4045,518,519,523,617,453,3,12,32,3,74,21,1,5,99,2.312500
4046,519,520,522,556,392,0,2,10,2,26,8,1,3,37,2.600000
4047,519,520,558,616,521,36,16,36,22,58,16,1,39,97,1.611111
4048,519,520,554,607,54,17,11,27,27,45,15,1,35,88,1.666667
4049,519,542,589,666,419,32,8,36,35,62,27,23,70,147,1.722222
4050,520,521,580,619,245,45,13,24,35,28,35,1,60,99,1.166667
4051,520,521,525,629,139,4,19,44,4,90,14,1,5,109,2.045455
4052,520,521,522,547,361,0,1,20,1,20,5,1,2,27,1.000000
4053,520,-1,-1,-1,-1,0,-1,51,0,0,0,-1,-1,-1,0.000000
4054,520,521,534,569,189,12,20,21,9,27,12,1,14,49,1.285714
4055,520,521,590,672,263,59,11,29,41,77,33,1,70,152,2.655172
4056,520,521,521,596,340,0,0,45,0,69,6,1,1,76,1.533333
4057,521,522,534,597,96,7,7,24,7,46,22,1,13,76,1.916667
4058,521,-1,-1,-1,-1,0,-1,52,0,0,0,-1,-1,-1,0.000000
4059,521,522,574,629,88,32,17,20,32,44,31,1,53,108,2.200000
4060,522,523,628,706,149,89,14,35,71,57,54,1,106,184,1.628571
4061,522,590,774,867,443,23,12,28,35,70,33,68,252,345,2.500000
4062,522,523,588,618,234,51,5,17,43,29,23,1,66,96,1.705882
4063,523,524,534,614,348,8,3,47,7,75,8,1,11,91,1.595745
4064,523,524,528,601,18,2,13,15,3,47,27,1,5,78,3.133333
4065,523,526,616,660,55,79,18,38,53,40,41,3,93,137,1.052632
4066,523,524,652,721,206,117,20,35,73,53,70,1,129,198,1.514286
4067,524,582,651,736,320,10,18,43,17,71,17,58,127,212,1.651163
4068,524,525,525,596,160,0,0,28,0,54,17,1,1,72,1.928571
4069,524,525,537,614,588,10,7,30,10,62,17,1,13,90,2.066667
4070,524,525,634,699,591,90,17,26,65,52,57,1,110,175,2.000000
4071,524,525,575,636,410,37,24,46,43,58,10,1,51,112,1.260870
4072,524,533,562,619,402,28,7,49,27,53,6,9,38,95,1.081633
4073,524,525,550,617,188,21,9,22,21,46,25,1,26,93,2.090909
4074,524,537,778,834,463,140,17,45,126,49,47,13,254,310,1.088889
4075,525,971,-1,-1,500,20,23,48,20,0,4,446,-1,-1,0.000000
4076,525,-1,-1,-1,-1,0,-1,55,0,0,0,-1,-1,-1,0.000000
4077,525,717,891,980,300,40,18,30,40,74,45,192,366,455,2.466667
4078,525,526,625,679,263,88,6,30,66,48,39,1,100,154,1.600000
4079,525,526,532,596,377,3,15,39,6,59,5,1,7,71,1.512821
4080,526,527,554,635,487,9,19,14,24,60,24,1,28,109,4.285714
4081,526,527,547,596,359,11,4,19,17,37,15,1,21,70,1.947368
4082,526,527,531,619,28,2,3,21,3,59,30,1,5,93,2.809524
4083,526,527,573,591,68,31,9,8,26,12,26,1,47,65,1.500000
4084,526,527,588,607,319,38,16,14,37,18,17,1,62,81,1.285714
4085,527,528,533,619,351,5,16,36,3,76,12,1,6,92,2.111111
4086,527,528,530,606,33,0,2,19,2,53,23,1,3,79,2.789474
4087,527,528,540,628,304,8,2,24,12,70,18,1,13,101,2.916667
4088,527,528,568,605,472,32,23,20,23,28,26,1,41,78,1.400000
4089,528,542,606,653,554,52,2,36,45,42,24,14,78,125,1.166667
4090,528,529,579,647,145,38,4,37,34,63,21,1,51,119,1.702703
4091,528,529,535,621,210,2,4,24,5,54,33,1,7,93,2.250000
4092,528,529,532,558,433,2,10,26,1,26,2,1,4,30,1.000000
4093,528,529,538,590,251,8,15,28,6,44,11,1,10,62,1.571429
4094,528,529,542,635,297,4,3,18,11,66,29,1,14,107,3.666667
4095,528,529,609,693,472,51,23,25,40,61,48,1,81,165,2.440000
4096,528,529,552,627,413,17,11,40,14,56,28,1,24,99,1.400000
4097,528,529,529,618,241,0,0,18,0,48,41,1,1,90,2.666667
4098,529,530,544,598,583,10,18,22,12,40,16,1,15,69,1.818182
4099,529,530,537,571,181,1,6,26,7,32,2,1,8,42,1.230769
4100,529,530,548,634,264,7,5,39,13,75,16,1,19,105,1.923077
4101,529,530,565,654,421,14,16,17,19,77,28,1,36,125,4.529412
4102,529,530,586,665,149,35,24,26,27,64,28,1,57,136,2.461538
4103,529,530,541,583,500,4,11,30,11,38,4,1,12,54,1.266667
4104,530,543,555,639,554,11,1,37,9,63,24,13,25,109,1.702703
4105,530,531,534,563,359,2,3,13,3,23,6,1,4,33,1.769231
4106,530,531,579,654,217,32,19,36,35,68,20,1,49,124,1.888889
4107,530,531,569,654,117,27,17,23,27,67,29,1,39,124,2.913043
4108,531,532,595,657,269,42,14,50,51,62,12,1,64,126,1.240000
4109,531,532,628,727,433,57,9,17,55,67,73,1,97,196,3.941176
4110,531,759,-1,-1,299,7,9,42,24,0,3,228,-1,-1,0.000000
4111,532,533,549,640,204,8,11,30,12,76,19,1,17,108,2.533333
4112,532,533,533,626,223,0,0,30,0,62,31,1,1,94,2.066667
4113,532,718,-1,-1,373,46,15,36,34,0,26,186,-1,-1,0.000000
4114,532,533,547,572,448,8,12,11,10,17,12,1,15,40,1.545455
4115,533,534,549,603,435,14,13,19,9,43,17,1,16,70,2.263158
4116,533,534,623,651,117,51,17,21,47,27,43,1,90,118,1.285714
4117,533,534,561,614,402,21,7,47,24,51,5,1,28,81,1.085106
4118,533,534,547,625,462,8,14,58,6,74,8,1,14,92,1.275862
4119,533,534,574,641,128,30,25,52,27,62,17,1,41,108,1.192308
4120,533,534,540,633,381,4,24,29,5,49,45,1,7,100,1.689655
4121,533,534,534,590,208,0,0,16,0,40,16,1,1,57,2.500000
4122,533,534,540,566,301,3,3,19,5,21,6,1,7,33,1.105263
4123,534,535,543,609,325,6,17,53,8,59,7,1,9,75,1.113208
4124,534,535,537,554,17,0,2,14,2,16,1,1,3,20,1.142857
4125,534,535,537,556,113,0,2,11,2,13,6,1,3,22,1.181818
4126,534,540,556,632,554,11,4,28,14,60,18,6,22,98,2.142857
4127,534,535,557,616,192,17,7,44,16,56,9,1,23,82,1.272727
4128,534,535,578,623,541,35,13,22,29,42,17,1,44,89,1.909091
4129,534,535,546,573,30,5,16,18,11,24,3,1,12,39,1.333333
4130,535,536,603,676,527,53,7,51,48,67,23,1,68,141,1.313725
4131,535,536,570,651,556,28,23,48,24,72,19,1,35,116,1.500000
4132,535,536,581,663,514,34,1,45,35,81,11,1,46,128,1.800000
4133,535,536,545,649,329,7,21,34,7,68,38,1,10,114,2.000000
4134,536,542,550,615,288,2,8,27,7,47,19,6,14,79,1.740741
4135,537,538,631,680,334,54,15,25,49,39,54,1,94,143,1.560000
4136,537,538,614,663,464,43,15,43,41,45,27,1,77,126,1.046512
4137,537,538,575,643,163,19,12,23,25,59,21,1,38,106,2.565217
4138,538,539,548,582,448,5,12,26,9,32,2,1,10,44,1.230769
4139,538,539,558,634,372,11,9,54,14,76,1,1,20,96,1.407407
4140,538,650,863,950,593,86,30,44,78,64,63,112,325,412,1.454545
4141,538,539,584,613,26,17,12,10,31,20,23,1,46,75,2.000000
4142,538,539,545,614,337,2,1,10,6,46,23,1,7,76,4.600000
4143,538,539,577,617,521,31,17,32,25,38,15,1,39,79,1.187500
4144,538,539,592,664,440,46,13,55,37,71,17,1,54,126,1.290909
4145,538,539,558,646,1,14,5,31,19,61,27,1,20,108,1.967742
4146,539,638,927,-1,194,35,20,47,31,54,44,99,388,-1,1.148936
4147,539,540,553,581,583,6,14,17,11,23,7,1,14,42,1.352941
4148,539,540,564,644,309,9,3,27,16,67,21,1,25,105,2.481481
4149,539,540,583,647,161,28,11,31,29,53,25,1,44,108,1.709677
4150,539,540,797,834,435,190,11,25,162,25,107,1,258,295,1.000000
4151,539,540,546,600,67,2,4,45,6,49,5,1,7,61,1.088889
4152,539,540,550,642,465,7,1,22,8,58,36,1,11,103,2.636364
4153,539,540,569,657,62,26,23,24,13,60,44,1,30,118,2.500000
4154,539,-1,-1,-1,-1,0,-1,43,0,0,0,-1,-1,-1,0.000000
4155,540,541,542,565,68,0,1,8,1,22,1,1,2,25,2.750000
4156,541,648,784,837,578,58,21,43,55,51,35,107,243,296,1.186047
4157,541,542,605,667,322,48,16,35,43,53,29,1,64,126,1.514286
4158,541,542,555,640,464,9,5,53,12,77,9,1,14,99,1.452830
4159,541,542,681,751,75,114,19,38,98,56,55,1,140,210,1.473684
4160,541,542,545,640,107,0,3,39,3,63,32,1,4,99,1.615385
4161,541,542,609,690,128,48,15,17,49,63,36,1,68,149,3.705882
4162,541,542,547,582,11,2,9,21,5,25,10,1,6,41,1.190476
4163,541,542,570,654,21,2,8,25,19,61,26,1,29,113,2.440000
4164,541,542,668,767,496,82,26,44,83,68,73,1,127,226,1.545455
4165,541,544,593,672,318,39,20,48,32,72,22,3,52,131,1.500000
4166,542,598,892,978,577,34,5,45,30,81,31,56,350,436,1.800000
4167,542,543,580,644,498,32,16,34,21,54,26,1,38,102,1.588235
4168,542,543,595,612,541,28,18,9,35,15,17,1,53,70,1.666667
4169,542,543,556,655,372,3,5,37,8,75,29,1,14,113,2.027027
4170,542,543,544,581,44,0,1,19,1,31,6,1,2,39,1.631579
4171,542,543,739,833,267,153,8,46,115,78,90,1,197,291,1.695652
4172,543,544,574,657,201,19,3,28,24,82,7,1,31,114,2.928571
4173,543,544,578,619,519,16,12,27,15,35,25,1,35,76,1.296296
4174,543,544,563,631,189,13,20,37,18,57,12,1,20,88,1.540541
4175,543,544,547,564,133,1,11,14,3,16,1,1,4,21,1.142857
4176,543,544,626,718,483,60,18,33,50,71,52,1,83,175,2.151515
4177,543,546,553,638,477,0,7,39,3,67,18,3,10,95,1.717949
4178,543,544,584,665,531,25,4,23,20,55,46,1,41,122,2.391304
4179,543,720,724,800,109,2,4,41,4,67,9,177,181,257,1.634146
4180,543,544,630,672,52,63,22,12,56,34,38,1,87,129,2.833333
4181,544,545,553,593,211,0,7,12,7,24,17,1,9,49,2.000000
4182,544,545,554,658,593,3,19,17,7,69,37,1,10,114,4.058824
4183,544,545,553,602,322,6,20,31,6,49,2,1,9,58,1.580645
4184,544,561,568,588,529,0,5,17,7,19,1,17,24,44,1.117647
4185,544,545,565,626,76,16,10,23,13,51,17,1,21,82,2.217391
4186,544,545,549,589,225,2,16,22,3,30,11,1,5,45,1.363636
4187,544,558,732,787,389,29,14,39,44,49,15,14,188,243,1.256410
4188,544,545,587,664,559,19,2,55,22,75,7,1,43,120,1.363636
4189,545,659,715,767,17,12,13,43,14,49,4,114,170,222,1.139535
4190,545,546,656,742,62,78,19,22,82,66,48,1,111,197,3.000000
4191,545,-1,-1,-1,-1,0,-1,53,0,0,0,-1,-1,-1,0.000000
4192,545,546,556,578,49,6,4,9,8,15,9,1,11,33,1.666667
4193,545,546,580,669,14,23,1,23,27,63,33,1,35,124,2.739130
4194,545,546,550,620,595,1,2,27,4,53,17,1,5,75,1.962963
4195,546,547,560,582,206,2,2,7,12,9,14,1,14,36,1.285714
4196,546,547,552,570,549,3,12,13,4,17,2,1,6,24,1.307692
4197,546,547,580,630,71,22,11,17,17,41,25,1,34,84,2.411765
4198,546,547,558,658,87,9,2,33,6,77,28,1,12,112,2.333333
4199,546,547,580,629,127,21,14,14,19,40,23,1,34,83,2.857143
4200,546,547,561,603,556,11,20,32,7,40,9,1,15,57,1.250000
4201,547,548,617,692,310,47,11,30,50,70,24,1,70,145,2.333333
4202,547,741,-1,-1,517,6,13,45,7,0,1,194,-1,-1,0.000000
4203,547,548,572,666,441,19,17,21,17,59,42,1,25,119,2.809524
4204,547,548,760,811,12,155,13,28,141,40,82,1,213,264,1.428571
4205,547,548,572,657,52,23,23,29,15,61,33,1,25,110,2.103448
4206,547,548,658,717,13,60,17,14,67,40,62,1,111,170,2.857143
4207,548,549,584,669,371,16,14,18,23,60,37,1,36,121,3.333333
4208,548,549,552,652,380,1,6,29,3,73,27,1,4,104,2.517241
4209,548,549,596,658,483,38,13,44,28,58,23,1,48,110,1.318182
4210,548,549,551,648,326,0,2,34,2,70,27,1,3,100,2.058824
4211,548,549,577,651,488,19,21,33,19,49,34,1,29,103,1.484848
4212,549,550,551,574,30,0,1,17,1,23,0,1,2,25,1.352941
4213,549,550,624,692,407,64,23,16,49,42,51,1,75,143,2.625000
4214,549,550,554,632,131,0,4,30,4,58,20,1,5,83,1.933333
4215,549,550,574,638,112,14,1,17,11,45,32,1,25,89,2.647059
4216,549,550,589,643,318,19,13,27,20,51,22,1,40,94,1.888889
4217,549,550,573,651,124,17,15,23,18,63,20,1,24,102,2.739130
4218,549,550,590,689,239,28,5,26,31,78,30,1,41,140,3.000000
4219,550,551,726,806,497,144,25,50,118,74,63,1,176,256,1.480000
4220,550,645,672,760,523,5,18,44,7,84,8,95,122,210,1.909091
4221,550,551,683,709,36,74,13,13,92,17,49,1,133,159,1.307692
4222,550,551,568,656,537,14,4,27,13,79,13,1,18,106,2.925926
4223,550,551,591,614,507,32,15,17,31,23,9,1,41,64,1.352941
4224,550,551,650,728,555,66,14,33,75,71,31,1,100,178,2.151515
4225,551,552,561,580,111,5,15,7,6,13,9,1,10,29,1.857143
4226,551,552,648,718,167,74,14,34,61,56,49,1,97,167,1.647059
4227,551,552,552,587,431,0,0,21,0,25,10,1,1,36,1.190476
4228,551,552,579,603,106,10,11,21,20,23,8,1,28,52,1.095238
4229,551,552,566,651,376,13,18,23,11,53,35,1,15,100,2.304348
4230,551,553,554,611,539,0,1,46,1,50,7,2,3,60,1.086957
4231,551,552,576,664,522,21,19,36,21,72,19,1,25,113,2.000000
4232,551,552,557,589,86,2,5,12,5,30,2,1,6,38,2.500000
4233,551,552,557,612,296,3,6,42,5,48,7,1,6,61,1.142857
4234,552,553,557,632,407,2,12,31,3,53,23,1,5,80,1.709677
4235,552,553,555,608,64,1,14,31,0,43,12,1,3,56,1.387097
4236,552,571,844,908,577,99,12,38,75,56,71,19,292,356,1.473684
4237,552,553,583,608,2,7,12,11,23,13,19,1,31,56,1.181818
4238,552,553,574,606,580,17,11,19,16,25,12,1,22,54,1.315789
4239,552,553,581,666,89,16,11,25,20,63,30,1,29,114,2.520000
4240,552,-1,-1,-1,-1,0,-1,47,0,0,0,-1,-1,-1,0.000000
4241,553,554,609,631,543,35,14,15,34,19,24,1,56,78,1.266667
4242,553,554,616,691,590,37,19,29,38,51,46,1,63,138,1.758621
4243,553,554,590,683,5,23,6,32,25,58,46,1,37,130,1.812500
4244,553,554,559,582,18,1,14,15,2,21,5,1,6,29,1.400000
4245,553,554,606,687,187,41,22,58,37,74,22,1,53,134,1.275862
4246,554,555,612,695,378,35,14,25,40,61,39,1,58,141,2.440000
4247,554,555,560,646,142,0,4,28,4,72,15,1,6,92,2.571429
4248,554,555,586,663,167,21,13,33,22,55,31,1,32,109,1.666667
4249,554,555,564,625,115,8,17,21,7,41,22,1,10,71,1.952381
4250,554,555,578,665,255,14,18,36,15,74,21,1,24,111,2.055556
4251,554,555,558,644,407,2,11,47,3,79,7,1,4,90,1.680851
4252,554,555,571,629,225,15,12,26,9,40,25,1,17,75,1.538462
4253,554,555,568,667,118,11,17,22,11,82,19,1,14,113,3.727273
4254,555,556,566,657,582,7,5,29,9,59,33,1,11,102,2.034483
4255,555,556,560,573,25,0,4,11,4,13,0,1,5,18,1.181818
4256,555,556,558,628,306,0,2,41,2,53,17,1,3,73,1.292683
4257,555,556,557,584,553,1,12,11,0,21,7,1,2,29,1.909091
4258,555,556,582,610,255,22,17,16,17,26,11,1,27,55,1.625000
4259,555,-1,-1,-1,-1,0,-1,50,0,0,0,-1,-1,-1,0.000000
4260,556,557,696,746,221,108,15,38,95,46,48,1,140,190,1.210526
4261,556,557,571,590,71,6,9,16,7,16,10,1,15,34,1.000000
4262,556,557,626,683,242,46,13,47,49,57,20,1,70,127,1.212766
4263,556,557,629,683,23,44,11,23,46,35,45,1,73,127,1.521739
4264,556,711,-1,-1,469,21,8,45,34,0,7,155,-1,-1,0.000000
4265,556,557,739,811,156,142,17,19,117,53,84,1,183,255,2.789474
4266,557,558,579,650,487,15,13,49,16,67,9,1,22,93,1.367347
4267,557,558,564,643,45,3,14,18,4,56,25,1,7,86,3.111111
4268,557,743,825,902,356,29,21,48,27,70,18,186,268,345,1.458333
4269,557,558,627,723,234,34,6,27,49,55,61,1,70,166,2.037037
4270,557,558,589,607,255,25,19,18,23,18,8,1,32,50,1.000000
4271,557,615,838,918,576,53,16,53,52,75,18,58,281,361,1.415094
4272,557,558,601,638,74,25,15,27,34,33,13,1,44,81,1.222222
4273,558,559,615,702,483,35,12,25,31,67,45,1,57,144,2.680000
4274,558,559,559,645,345,0,0,46,0,82,4,1,1,87,1.782609
4275,558,559,577,609,221,9,14,10,14,22,14,1,19,51,2.200000
4276,558,559,559,603,591,0,0,35,0,39,5,1,1,45,1.114286
4277,558,559,601,611,85,27,13,10,32,10,10,1,43,53,1.000000
4278,558,559,571,628,12,10,13,26,10,46,13,1,13,70,1.769231
4279,559,560,604,680,487,34,14,55,32,71,16,1,45,121,1.290909
4280,559,560,613,678,581,41,10,28,31,62,25,1,54,119,2.214286
4281,560,561,564,654,113,0,3,31,3,61,29,1,4,94,1.967742
4282,560,561,572,653,407,7,9,52,11,72,9,1,12,93,1.384615
4283,560,561,569,625,349,7,9,45,2,49,13,1,9,65,1.088889
4284,560,561,574,648,153,6,11,57,10,73,3,1,14,88,1.280702
4285,561,562,576,662,556,14,20,40,5,78,17,1,15,101,1.950000
4286,561,562,649,699,435,60,17,31,65,45,27,1,88,138,1.451613
4287,561,562,649,698,318,74,18,37,50,41,45,1,88,137,1.108108
4288,562,563,613,694,558,32,14,26,30,74,27,1,51,132,2.846154
4289,562,563,579,664,15,8,5,29,15,59,27,1,17,102,2.034483
4290,562,563,592,660,249,16,13,42,17,60,16,1,30,98,1.428571
4291,562,563,587,682,138,18,7,27,17,83,19,1,25,120,3.074074
4292,562,563,579,671,153,3,9,24,14,64,30,1,17,109,2.666667
4293,563,564,576,662,7,3,4,17,7,65,26,1,13,99,3.823529
4294,563,564,698,769,507,104,14,48,87,68,44,1,135,206,1.416667
4295,563,564,683,755,234,90,1,29,72,51,67,1,120,192,1.758621
4296,563,564,571,659,153,7,8,41,7,75,13,1,8,96,1.829268
4297,563,564,870,943,408,210,20,21,218,47,114,1,307,380,2.238095
4298,563,564,579,637,353,12,18,28,7,40,26,1,16,74,1.428571
4299,563,564,615,686,193,45,15,18,39,50,33,1,52,123,2.777778
4300,564,565,569,578,52,4,22,6,4,8,1,1,5,14,1.333333
4301,564,565,577,645,280,9,23,44,9,56,15,1,13,81,1.272727
4302,564,565,593,635,184,22,17,27,18,37,15,1,29,71,1.370370
4303,564,565,588,624,552,18,14,23,16,27,16,1,24,60,1.173913
4304,564,588,880,932,238,78,17,42,64,46,52,24,316,368,1.095238
4305,564,565,595,638,193,23,16,18,23,30,20,1,31,74,1.666667
4306,564,565,569,661,352,4,12,32,4,76,16,1,5,97,2.375000
4307,565,566,571,631,164,2,5,41,4,45,16,1,6,66,1.097561
4308,565,566,588,677,577,8,13,35,14,71,25,1,23,112,2.028571
4309,566,567,580,635,85,5,5,38,10,50,8,1,14,69,1.315789
4310,566,987,-1,-1,547,0,26,55,3,0,2,421,-1,-1,0.000000
4311,566,567,583,668,232,3,16,49,7,77,10,1,17,102,1.571429
4312,566,567,626,698,562,54,19,27,40,53,38,1,60,132,1.962963
4313,566,567,625,676,519,47,18,37,29,47,33,1,59,110,1.270270
4314,566,567,586,610,351,13,15,13,12,19,12,1,20,44,1.461538
4315,566,567,593,669,441,22,18,48,19,68,15,1,27,103,1.416667
4316,566,567,574,584,53,1,15,9,6,9,2,1,8,18,1.000000
4317,566,567,586,665,184,17,17,33,8,71,19,1,20,99,2.151515
4318,566,567,582,667,147,7,10,30,13,48,39,1,16,101,1.600000
4319,566,620,622,694,211,2,8,44,2,66,6,54,56,128,1.500000
4320,566,567,615,704,447,22,15,49,26,73,23,1,49,138,1.489796
4321,567,568,573,603,342,0,5,19,5,27,3,1,6,36,1.421053
4322,567,568,613,675,156,35,13,29,32,49,26,1,46,108,1.689655
4323,567,568,573,630,95,1,16,19,5,37,20,1,6,63,1.947368
4324,567,568,573,668,341,1,8,30,4,60,36,1,6,101,2.000000
4325,567,568,577,634,12,3,13,13,6,49,11,1,10,67,3.769231
4326,568,569,700,778,68,54,6,14,77,58,74,1,132,210,4.142857
4327,568,569,630,695,100,31,4,20,44,42,40,1,62,127,2.100000
4328,568,569,670,749,469,69,19,44,66,64,33,1,102,181,1.454545
4329,568,579,589,605,458,0,10,11,10,15,1,11,21,37,1.363636
4330,569,570,591,665,256,18,7,47,16,67,12,1,22,96,1.425532
4331,569,570,586,677,520,13,18,27,12,57,38,1,17,108,2.111111
4332,569,570,599,682,556,22,21,30,23,54,35,1,30,113,1.800000
4333,569,570,618,654,197,27,12,31,33,33,18,1,49,85,1.064516
4334,569,941,-1,-1,181,4,15,42,5,0,2,372,-1,-1,0.000000
4335,569,570,591,660,143,17,19,27,15,49,26,1,22,91,1.814815
4336,570,571,594,664,83,8,10,18,18,46,29,1,24,94,2.555556
4337,570,571,572,645,70,0,1,23,1,51,22,1,2,75,2.217391
4338,570,-1,-1,-1,-1,0,-1,60,0,0,0,-1,-1,-1,0.000000
4339,570,577,-1,-1,406,7,14,52,9,0,6,7,-1,-1,0.000000
4340,570,571,588,674,429,10,15,47,14,75,14,1,18,104,1.595745
4341,570,571,594,668,227,13,21,27,20,53,24,1,24,98,1.962963
4342,571,572,588,678,40,13,28,26,7,68,31,1,17,107,2.615385
4343,571,572,607,646,561,25,22,12,29,36,9,1,36,75,3.000000
4344,571,632,779,834,517,32,8,51,46,55,7,61,208,263,1.078431
4345,571,657,666,724,11,4,11,41,8,51,7,86,95,153,1.243902
4346,571,572,619,707,135,44,18,32,31,82,22,1,48,136,2.562500
4347,571,572,576,664,493,1,16,44,4,72,16,1,5,93,1.636364
4348,571,572,609,694,190,18,12,19,18,63,41,1,38,123,3.315789
4349,571,572,626,732,207,39,10,32,30,80,50,1,55,161,2.500000
4350,571,572,573,594,153,0,1,14,1,18,3,1,2,23,1.285714
4351,571,572,921,-1,115,258,17,33,216,57,155,1,350,-1,1.727273
4352,571,572,597,643,56,17,10,18,18,40,13,1,26,72,2.222222
4353,572,573,598,690,550,18,11,48,21,78,18,1,26,118,1.625000
4354,572,573,586,687,75,11,18,35,9,67,38,1,14,115,1.914286
4355,572,573,771,837,592,156,20,45,141,59,64,1,199,265,1.311111
4356,573,574,649,671,114,58,15,21,52,21,24,1,76,98,1.000000
4357,573,574,582,663,469,4,13,38,8,54,27,1,9,90,1.421053
4358,573,574,593,648,390,15,5,25,13,45,16,1,20,75,1.800000
4359,573,574,627,667,56,34,15,17,32,33,28,1,54,94,1.941176
4360,573,574,655,694,39,15,19,25,30,35,10,1,82,121,1.400000
4361,573,574,610,685,31,35,16,33,24,55,32,1,37,112,1.666667
4362,574,575,586,673,496,9,20,32,7,62,29,1,12,99,1.937500
4363,574,577,611,702,298,21,18,40,19,64,37,3,37,128,1.600000
4364,574,575,609,620,39,18,11,11,29,11,5,1,35,46,1.000000
4365,574,575,617,677,460,31,12,19,27,43,32,1,43,103,2.263158
4366,575,576,596,675,60,20,17,29,12,71,16,1,21,100,2.448276
4367,575,576,600,650,558,20,13,39,19,45,10,1,25,75,1.153846
4368,575,716,735,795,414,16,18,28,18,48,13,141,160,220,1.714286
4369,575,792,-1,-1,57,86,15,57,75,0,29,217,-1,-1,0.000000
4370,575,576,577,665,555,1,10,43,1,67,21,1,2,90,1.558140
4371,576,577,595,628,275,3,5,7,11,25,15,1,19,52,3.571429
4372,576,577,598,657,35,11,19,14,17,44,19,1,22,81,3.142857
4373,576,577,577,637,215,0,0,15,0,41,19,1,1,61,2.733333
4374,576,577,597,667,351,14,8,19,19,57,14,1,21,91,3.000000
4375,576,577,587,673,522,10,2,44,9,72,15,1,11,97,1.636364
4376,576,577,596,689,39,10,14,36,13,74,25,1,20,113,2.055556
4377,576,577,671,735,289,59,12,19,70,47,41,1,95,159,2.473684
4378,576,577,661,747,493,65,8,47,53,79,37,1,85,171,1.680851
4379,577,578,606,660,35,15,19,23,24,43,15,1,29,83,1.869565
4380,577,578,588,685,257,4,10,32,9,58,40,1,11,108,1.812500
4381,577,634,645,662,42,2,5,17,9,17,2,57,68,85,1.000000
4382,577,649,729,803,201,8,6,41,14,57,18,72,152,226,1.390244
4383,577,578,581,604,79,0,3,16,3,18,5,1,4,27,1.125000
4384,578,-1,-1,-1,-1,0,-1,53,0,0,0,-1,-1,-1,0.000000
4385,578,579,601,616,25,10,7,12,15,14,8,1,23,38,1.166667
4386,578,659,668,730,22,7,11,41,9,51,11,81,90,152,1.243902
4387,578,579,601,695,143,12,22,18,16,66,34,1,23,117,3.666667
4388,578,579,589,616,406,2,10,16,7,22,8,1,11,38,1.375000
4389,578,583,679,747,590,27,17,41,23,61,19,5,101,169,1.487805
4390,578,614,639,690,530,10,8,40,24,46,6,36,61,112,1.150000
4391,579,580,590,673,233,9,16,19,8,61,24,1,11,94,3.210526
4392,579,580,581,680,23,0,1,28,1,64,35,1,2,101,2.285714
4393,580,581,605,691,293,19,15,21,14,63,33,1,25,111,3.000000
4394,580,581,588,676,437,0,7,36,7,70,18,1,8,96,1.944444
4395,580,581,655,682,273,44,13,18,57,22,22,1,75,102,1.222222
4396,580,581,628,698,451,34,16,40,36,68,13,1,48,118,1.700000
4397,580,581,589,626,271,7,10,14,7,22,16,1,9,46,1.571429
4398,580,581,582,668,492,1,9,15,1,61,25,1,2,88,4.066667
4399,580,581,638,704,214,33,13,18,30,44,49,1,58,124,2.444444
4400,580,581,590,605,237,0,9,11,9,15,0,1,10,25,1.363636
4401,580,581,659,727,577,55,8,31,44,65,36,1,79,147,2.096774
4402,580,581,630,696,8,35,1,21,41,49,25,1,50,116,2.333333
4403,580,581,815,857,485,177,13,30,149,36,91,1,235,277,1.200000
4404,580,581,592,664,359,6,4,37,8,51,24,1,12,84,1.378378
4405,581,582,623,636,95,14,14,12,27,12,15,1,42,55,1.000000
4406,581,582,601,634,295,13,12,19,16,29,6,1,20,53,1.526316
4407,581,585,675,713,243,26,12,27,46,29,16,4,94,132,1.074074
4408,581,582,603,682,60,10,11,30,15,60,25,1,22,101,2.000000
4409,581,582,582,620,8,0,0,17,0,31,7,1,1,39,1.823529
4410,581,582,601,630,40,10,23,15,14,21,13,1,20,49,1.400000
4411,581,582,603,687,12,13,10,42,16,70,19,1,22,106,1.666667
4412,582,583,614,692,170,25,15,25,18,61,30,1,32,110,2.440000
4413,582,583,607,677,152,16,10,20,16,62,16,1,25,95,3.100000
4414,582,583,605,696,381,22,23,37,15,63,35,1,23,114,1.702703
4415,582,583,588,603,382,0,5,14,5,14,1,1,6,21,1.000000
4416,582,583,598,673,3,10,15,20,11,60,19,1,16,91,3.000000
4417,582,583,595,616,281,2,12,18,10,20,1,1,13,34,1.111111
4418,582,583,608,691,187,21,18,35,17,43,48,1,26,109,1.228571
4419,582,583,605,694,140,21,7,29,13,71,27,1,23,112,2.448276
4420,583,584,606,699,218,11,9,41,19,75,21,1,23,116,1.829268
4421,583,584,700,724,316,101,19,19,79,19,42,1,117,141,1.000000
4422,583,584,603,647,499,16,2,32,18,42,3,1,20,64,1.312500
4423,583,584,599,650,315,14,18,36,7,42,17,1,16,67,1.166667
4424,583,584,662,732,134,39,9,31,50,55,43,1,79,149,1.774194
4425,583,584,610,681,319,22,12,21,17,49,31,1,27,98,2.333333
4426,583,586,597,667,408,4,15,48,4,60,12,3,14,84,1.250000
4427,584,585,663,723,426,59,13,39,52,49,37,1,79,139,1.256410
4428,584,585,594,645,19,8,18,25,5,41,14,1,10,61,1.640000
4429,584,585,614,661,483,16,8,27,22,37,17,1,30,77,1.370370
4430,585,586,601,670,544,4,7,40,5,56,16,1,16,85,1.400000
4431,585,586,609,704,289,8,7,33,20,71,27,1,24,119,2.151515
4432,586,599,622,650,363,8,9,19,11,25,3,13,36,64,1.315789
4433,586,587,593,647,289,0,6,29,6,41,13,1,7,61,1.413793
4434,586,587,657,678,156,65,11,19,48,21,22,1,71,92,1.105263
4435,586,587,602,646,199,5,19,30,13,40,6,1,16,60,1.333333
4436,586,587,642,666,229,39,25,13,33,19,27,1,56,80,1.461538
4437,586,587,618,651,420,20,9,16,20,24,20,1,32,65,1.500000
4438,586,587,594,635,154,5,4,23,5,37,6,1,8,49,1.608696
4439,586,587,591,654,578,2,14,17,3,53,11,1,5,68,3.117647
4440,587,622,671,751,410,16,7,32,26,56,26,35,84,164,1.750000
4441,587,588,598,609,281,1,7,9,10,11,0,1,11,22,1.222222
4442,587,588,614,706,351,9,3,17,25,57,36,1,27,119,3.352941
4443,587,588,597,677,75,6,7,40,6,72,11,1,10,90,1.800000
4444,587,588,604,675,355,7,11,46,12,56,19,1,17,88,1.217391
4445,587,588,696,764,469,87,6,39,79,63,34,1,109,177,1.615385
4446,587,588,596,645,218,3,5,13,7,33,17,1,9,58,2.538462
4447,588,629,781,860,517,49,11,50,79,70,14,41,193,272,1.400000
4448,588,615,628,656,598,5,6,21,12,27,1,27,40,68,1.285714
4449,588,589,591,643,72,1,12,20,1,38,15,1,3,55,1.900000
4450,589,621,641,726,201,11,7,46,20,66,19,32,52,137,1.434783
4451,589,590,611,642,426,18,10,27,16,27,9,1,22,53,1.000000
4452,589,590,613,655,251,14,18,19,13,27,25,1,24,66,1.421053
4453,589,599,613,635,446,6,17,17,12,17,6,10,24,46,1.000000
4454,589,599,897,995,491,39,19,37,45,61,52,10,308,406,1.648649
4455,590,591,695,742,517,86,20,39,73,45,33,1,105,152,1.153846
4456,590,591,674,715,240,57,15,25,59,35,30,1,84,125,1.400000
4457,590,591,591,607,244,0,0,9,0,13,3,1,1,17,1.444444
4458,590,591,610,668,243,14,3,21,13,45,19,1,20,78,2.142857
4459,590,591,600,633,293,4,26,23,7,29,6,1,10,43,1.260870
4460,590,591,749,824,29,119,17,41,107,69,57,1,159,234,1.682927
4461,591,628,631,713,344,1,13,37,2,73,9,37,40,122,1.972973
4462,591,592,621,654,135,8,16,13,21,27,14,1,30,63,2.076923
4463,591,592,608,646,199,13,23,31,13,33,8,1,17,55,1.064516
4464,591,592,604,676,190,1,4,28,9,48,27,1,13,85,1.714286
4465,591,592,596,684,115,4,4,25,4,65,23,1,5,93,2.600000
4466,591,592,691,779,347,71,15,50,46,82,45,1,100,188,1.640000
4467,592,593,614,694,242,14,4,26,16,56,29,1,22,102,2.153846
4468,592,593,657,700,185,50,14,32,34,34,39,1,65,108,1.062500
4469,593,616,629,676,598,5,5,24,11,34,14,23,36,83,1.416667
4470,593,594,608,696,109,11,18,25,9,59,34,1,15,103,2.360000
4471,593,594,596,659,190,0,2,18,2,36,27,1,3,66,2.000000
4472,593,594,602,622,333,7,18,20,6,20,2,1,9,29,1.000000
4473,593,649,677,763,335,0,7,33,9,63,24,56,84,170,1.909091
4474,594,597,605,615,64,6,8,10,6,10,2,3,11,21,1.000000
4475,594,595,605,643,149,5,8,24,8,32,8,1,11,49,1.333333
4476,594,595,610,633,172,11,7,17,12,21,5,1,16,39,1.235294
4477,594,595,618,705,31,15,10,40,17,60,33,1,24,111,1.500000
4478,595,972,-1,-1,130,18,12,48,18,0,4,377,-1,-1,0.000000
4479,596,597,601,693,73,0,4,42,4,74,18,1,5,97,1.761905
4480,596,597,657,740,291,39,11,36,45,76,21,1,61,144,2.111111
4481,596,597,606,654,568,6,19,18,6,36,15,1,10,58,2.000000
4482,596,597,696,747,81,76,11,30,62,44,44,1,100,151,1.466667
4483,596,597,644,711,177,32,16,44,34,62,18,1,48,115,1.409091
4484,596,597,630,725,590,25,10,29,21,69,38,1,34,129,2.379310
4485,596,597,606,630,130,6,10,14,8,20,5,1,10,34,1.428571
4486,596,597,605,658,456,0,6,31,6,45,10,1,9,62,1.451613
4487,596,597,598,652,343,0,1,32,1,44,10,1,2,56,1.375000
4488,596,697,-1,-1,178,0,24,56,0,0,2,101,-1,-1,0.000000
4489,596,597,625,684,95,18,10,16,24,48,15,1,29,88,3.000000
4490,597,598,657,724,384,45,9,39,33,57,34,1,60,127,1.461538
4491,597,634,640,688,92,1,7,20,6,38,10,37,43,91,1.900000
4492,597,599,645,681,511,14,18,23,18,31,11,2,48,84,1.347826
4493,597,598,607,691,149,3,7,18,9,60,24,1,10,94,3.333333
4494,597,599,646,704,354,17,20,20,24,42,22,2,49,107,2.100000
4495,598,599,602,687,95,3,13,26,2,74,12,1,4,89,2.846154
4496,598,599,600,691,426,0,1,29,1,73,18,1,2,93,2.517241
4497,598,599,604,637,435,5,15,17,3,25,10,1,6,39,1.470588
4498,598,599,606,644,46,2,4,22,6,30,9,1,8,46,1.363636
4499,598,599,628,720,348,26,20,43,21,81,19,1,30,122,1.883721
4500,599,600,609,624,347,7,26,12,5,12,7,1,10,25,1.000000
4501,599,600,750,839,495,132,22,49,87,71,81,1,151,240,1.448980
4502,599,600,702,751,211,74,14,42,72,46,33,1,103,152,1.095238
4503,599,600,665,729,315,58,27,48,43,62,24,1,66,130,1.291667
4504,600,601,608,701,130,5,6,26,7,62,31,1,8,101,2.384615
4505,600,602,721,754,64,26,3,28,29,30,17,2,121,154,1.071429
4506,600,623,643,727,141,7,23,31,10,55,33,23,43,127,1.774194
4507,600,601,602,659,37,0,1,13,1,41,16,1,2,59,3.153846
4508,601,602,630,709,381,20,15,47,21,71,15,1,29,108,1.510638
4509,601,602,690,735,344,75,18,24,56,38,39,1,89,134,1.583333
4510,601,602,656,725,509,47,13,49,36,65,21,1,55,124,1.326531
4511,601,602,734,804,412,92,11,49,72,67,53,1,133,203,1.367347
4512,601,602,670,730,408,54,6,32,44,48,36,1,69,129,1.500000
4513,601,606,616,698,455,8,10,45,8,71,13,5,15,97,1.577778
4514,602,603,607,681,293,3,10,18,3,58,17,1,5,79,3.222222
4515,602,603,625,717,512,16,17,35,11,83,19,1,23,115,2.371429
4516,603,606,617,696,38,9,21,48,10,76,4,3,14,93,1.583333
4517,603,604,650,713,501,0,12,24,6,42,21,1,47,110,1.750000
4518,603,604,625,691,277,11,23,51,10,57,15,1,22,88,1.117647
4519,603,604,635,684,202,9,12,20,15,36,29,1,32,81,1.800000
4520,603,604,641,723,144,33,13,31,26,71,22,1,38,120,2.290323
4521,603,604,657,729,180,46,23,38,36,66,23,1,54,126,1.736842
4522,603,604,615,677,417,3,7,31,10,51,12,1,12,74,1.645161
4523,604,605,636,709,581,23,15,34,23,64,17,1,32,105,1.882353
4524,604,872,-1,-1,557,0,11,62,2,0,0,268,-1,-1,0.000000
4525,604,605,614,698,356,4,5,25,8,57,28,1,10,94,2.280000
4526,604,605,635,661,208,18,7,15,22,25,9,1,31,57,1.666667
4527,604,605,608,662,6,0,3,10,3,36,18,1,4,58,3.600000
4528,604,605,633,697,233,17,1,23,16,53,23,1,29,93,2.304348
4529,604,626,631,643,201,0,5,11,5,11,1,22,27,39,1.000000
4530,605,606,614,656,79,2,7,26,7,40,3,1,9,51,1.538462
4531,605,632,938,-1,594,32,17,37,47,33,41,27,333,-1,0.891892
4532,605,606,623,671,150,6,13,23,15,31,19,1,18,66,1.347826
4533,605,614,627,643,177,4,13,11,12,15,2,9,22,38,1.363636
4534,605,606,646,737,311,31,15,37,32,71,28,1,41,132,1.918919
4535,605,606,652,718,381,39,15,29,31,65,16,1,47,113,2.241379
4536,605,606,631,651,570,4,6,18,14,20,1,1,26,46,1.111111
4537,606,607,631,686,91,18,15,39,16,47,16,1,25,80,1.205128
4538,606,607,623,702,558,14,27,31,7,47,41,1,17,96,1.516129
4539,606,654,662,746,29,0,7,24,7,58,27,48,56,140,2.416667
4540,606,607,616,697,252,2,14,18,7,58,25,1,10,91,3.222222
4541,607,614,642,714,252,12,17,32,18,62,18,7,35,107,1.937500
4542,607,608,684,786,86,44,7,24,41,68,69,1,77,179,2.833333
4543,607,608,633,682,91,14,15,18,19,38,17,1,26,75,2.111111
4544,607,608,623,672,282,12,6,34,12,44,8,1,16,65,1.294118
4545,607,608,767,824,527,30,4,37,53,45,39,1,160,217,1.216216
4546,607,608,636,710,304,1,12,20,8,58,19,1,29,103,2.900000
4547,607,608,730,803,443,98,15,45,77,67,50,1,123,196,1.488889
4548,607,608,653,713,342,36,12,42,30,52,23,1,46,106,1.238095
4549,608,609,612,682,232,2,3,42,3,70,0,1,4,74,1.666667
4550,608,609,615,625,304,3,12,8,4,10,2,1,7,17,1.250000
4551,608,616,637,718,211,12,12,41,20,69,13,8,29,110,1.682927
4552,608,609,616,696,67,5,17,52,4,76,7,1,8,88,1.461538
4553,608,-1,-1,-1,-1,0,-1,54,0,0,0,-1,-1,-1,0.000000
4554,609,610,614,673,541,3,19,27,4,45,14,1,5,64,1.666667
4555,609,610,617,645,214,6,12,22,5,26,4,1,8,36,1.181818
4556,609,610,627,668,205,15,23,26,16,32,10,1,18,59,1.230769
4557,609,610,626,688,77,2,12,19,9,45,24,1,17,79,2.368421
4558,609,610,692,734,346,59,8,29,52,35,37,1,83,125,1.206897
4559,609,610,612,632,570,0,2,14,2,18,2,1,3,23,1.285714
4560,609,-1,-1,-1,-1,0,-1,51,0,0,0,-1,-1,-1,0.000000
4561,609,631,667,736,344,11,11,38,13,60,9,22,58,127,1.578947
4562,609,610,718,759,246,85,3,26,82,36,31,1,109,150,1.384615
4563,610,611,628,714,101,10,27,38,11,64,28,1,18,104,1.684211
4564,610,611,705,721,119,56,10,8,57,10,43,1,95,111,1.250000
4565,610,611,623,657,183,5,15,16,9,26,11,1,13,47,1.625000
4566,610,611,617,660,1,0,5,34,5,38,6,1,7,50,1.117647
4567,611,612,612,672,34,0,0,12,0,46,14,1,1,61,3.833333
4568,611,612,641,663,315,20,28,19,20,21,10,1,30,52,1.105263
4569,611,612,627,677,202,10,11,36,11,44,9,1,16,66,1.222222
4570,611,-1,-1,-1,-1,0,-1,52,0,0,0,-1,-1,-1,0.000000
4571,612,613,615,642,86,0,2,18,2,24,3,1,3,30,1.333333
4572,612,613,791,814,184,113,12,20,102,22,77,1,179,202,1.100000
4573,612,613,682,752,207,58,15,29,45,67,27,1,70,140,2.310345
4574,612,613,621,705,492,8,8,47,5,77,10,1,9,93,1.638298
4575,612,613,638,721,38,9,9,15,19,45,44,1,26,109,3.000000
4576,612,613,633,709,315,13,31,45,16,71,9,1,21,97,1.577778
4577,613,614,673,714,59,44,4,20,43,30,27,1,60,101,1.500000
4578,613,614,618,672,44,0,4,18,4,34,20,1,5,59,1.888889
4579,613,637,652,707,369,2,7,23,15,41,14,24,39,94,1.782609
4580,613,614,628,723,166,2,3,21,10,77,22,1,15,110,3.666667
4581,613,614,642,741,590,4,4,46,14,96,5,1,29,128,2.086957
4582,613,614,615,678,194,1,9,28,0,50,14,1,2,65,1.785714
4583,613,614,643,711,72,17,20,41,24,59,14,1,30,98,1.439024
4584,614,615,617,668,239,0,2,31,2,43,8,1,3,54,1.387097
4585,614,615,620,657,59,0,3,12,3,26,13,1,6,43,2.166667
4586,614,615,615,691,282,0,0,24,0,54,22,1,1,77,2.250000
4587,614,615,636,665,461,17,23,24,15,28,7,1,22,51,1.166667
4588,614,615,643,727,441,18,8,42,15,64,29,1,29,113,1.523810
4589,614,615,634,699,277,14,16,23,9,55,20,1,20,85,2.391304
4590,615,616,641,658,175,13,26,9,18,15,9,1,26,43,1.666667
4591,615,616,628,643,530,5,6,11,11,15,1,1,13,28,1.363636
4592,615,616,781,808,433,91,6,17,101,17,74,1,166,193,1.000000
4593,616,617,635,709,77,9,15,19,12,49,31,1,19,93,2.578947
4594,616,617,647,728,568,16,8,11,16,59,36,1,31,112,5.363636
4595,616,617,785,853,67,143,15,40,110,56,69,1,169,237,1.400000
4596,616,617,675,734,252,25,16,23,44,39,33,1,59,118,1.695652
4597,616,617,621,650,96,1,6,25,4,27,2,1,5,34,1.080000
4598,616,717,733,815,501,15,13,28,14,58,26,101,117,199,2.071429
4599,616,970,-1,-1,443,24,27,47,20,0,8,354,-1,-1,0.000000
4600,616,617,639,708,595,18,10,37,15,61,15,1,23,92,1.648649
4601,616,631,701,742,564,22,13,37,32,39,13,15,85,126,1.054054
4602,616,617,620,661,316,1,10,10,2,26,16,1,4,45,2.600000
4603,617,618,669,751,492,39,2,29,30,63,40,1,52,134,2.172414
4604,617,618,647,665,40,12,3,17,20,17,10,1,30,48,1.000000
4605,617,618,791,868,189,121,12,43,98,53,78,1,174,251,1.232558
4606,617,618,646,710,261,22,6,28,19,58,15,1,29,93,2.071429
4607,617,618,618,682,166,0,0,14,0,40,24,1,1,65,2.857143
4608,618,620,647,740,421,2,7,32,11,64,32,2,29,122,2.000000
4609,618,619,627,695,432,5,26,46,7,52,17,1,9,77,1.130435
4610,618,619,632,672,214,6,11,22,12,28,13,1,14,54,1.272727
4611,618,619,628,649,433,8,6,14,7,18,5,1,10,31,1.285714
4612,619,680,885,959,261,64,13,45,54,71,33,61,266,340,1.577778
4613,619,620,626,712,441,1,11,15,4,51,37,1,7,93,3.400000
4614,619,620,685,745,325,50,5,27,44,41,40,1,66,126,1.518519
4615,619,620,684,733,349,44,3,36,35,48,29,1,65,114,1.333333
4616,619,620,622,693,40,0,2,16,2,42,29,1,3,74,2.625000
4617,619,620,621,655,598,0,1,29,1,33,1,1,2,36,1.137931
4618,619,620,647,709,581,21,18,28,16,44,29,1,28,90,1.571429
4619,619,623,659,735,22,18,12,46,18,60,26,4,40,116,1.304348
4620,619,620,623,661,90,3,12,9,3,33,5,1,4,42,3.666667
4621,619,625,678,724,445,19,6,35,28,41,8,6,59,105,1.171429
4622,620,621,622,679,119,0,1,16,1,40,17,1,2,59,2.500000
4623,620,621,674,717,35,39,20,40,27,42,21,1,54,97,1.050000
4624,620,621,632,661,438,1,6,21,9,27,4,1,12,41,1.285714
4625,620,621,652,680,433,20,5,15,22,23,14,1,32,60,1.533333
4626,620,621,761,844,562,72,14,14,93,66,64,1,141,224,4.714286
4627,620,621,644,730,58,20,27,40,16,64,29,1,24,110,1.600000
4628,620,621,741,786,88,82,19,29,78,37,50,1,121,166,1.275862
4629,621,622,643,728,12,2,11,17,14,57,35,1,22,107,3.352941
4630,621,622,634,665,13,2,12,26,12,28,3,1,13,44,1.076923
4631,621,622,674,760,401,27,18,31,47,65,26,1,53,139,2.096774
4632,621,622,627,694,421,0,5,25,5,51,16,1,6,73,2.040000
4633,621,622,672,768,72,30,13,34,37,80,29,1,51,147,2.352941
4634,622,623,641,660,463,6,2,10,18,14,5,1,19,38,1.400000
4635,622,623,684,777,558,42,20,31,49,63,42,1,62,155,2.032258
4636,622,623,790,859,495,145,27,39,106,65,65,1,168,237,1.666667
4637,622,623,625,703,524,1,1,37,2,59,19,1,3,81,1.594595
4638,622,623,759,794,210,114,22,17,93,19,59,1,137,172,1.117647
4639,622,623,629,718,321,6,24,46,5,78,12,1,7,96,1.695652
4640,622,718,893,936,392,33,20,31,31,39,20,96,271,314,1.258065
4641,623,624,653,666,28,21,10,10,20,12,10,1,30,43,1.200000
4642,623,624,923,987,510,29,1,57,41,63,15,1,300,364,1.105263
4643,623,624,627,654,101,1,11,7,2,19,9,1,4,31,2.714286
4644,623,624,670,745,67,6,19,32,11,60,20,1,47,122,1.875000
4645,623,624,683,746,307,43,21,21,45,47,30,1,60,123,2.238095
4646,624,-1,-1,-1,-1,0,-1,58,0,0,0,-1,-1,-1,0.000000
4647,624,982,-1,-1,322,13,15,51,9,0,7,358,-1,-1,0.000000
4648,624,625,648,697,300,19,3,11,19,35,18,1,24,73,3.181818
4649,624,-1,-1,-1,-1,0,-1,51,0,0,0,-1,-1,-1,0.000000
4650,624,625,633,706,438,0,6,32,8,62,11,1,9,82,1.937500
4651,624,625,626,663,192,0,1,27,1,31,6,1,2,39,1.148148
4652,625,626,639,666,267,10,13,25,13,27,0,1,14,41,1.080000
4653,625,626,641,718,238,8,3,21,7,53,32,1,16,93,2.523810
4654,625,626,675,717,78,35,14,15,32,31,28,1,50,92,2.066667
4655,625,626,684,745,441,23,11,20,38,40,41,1,59,120,2.000000
4656,625,626,653,718,509,23,17,50,21,60,11,1,28,93,1.200000
4657,625,630,640,711,19,7,9,50,10,62,9,5,15,86,1.240000
4658,626,628,905,980,595,16,30,61,18,71,17,2,279,354,1.163934
4659,626,627,687,747,358,34,13,29,45,47,28,1,61,121,1.620690
4660,626,634,641,715,111,2,12,49,2,67,9,8,15,89,1.367347
4661,626,627,663,714,111,20,13,36,25,48,11,1,37,88,1.333333
4662,627,628,673,744,470,39,28,36,34,60,22,1,46,117,1.666667
4663,627,628,640,655,225,3,10,14,11,14,2,1,13,28,1.000000
4664,627,628,646,715,527,5,5,18,17,46,24,1,19,88,2.555556
4665,628,629,644,675,17,7,20,29,14,31,1,1,16,47,1.068966
4666,628,629,629,707,205,0,0,45,0,71,7,1,1,79,1.577778
4667,628,629,644,724,111,9,13,35,13,63,19,1,16,96,1.800000
4668,628,629,652,672,35,11,6,16,21,18,4,1,24,44,1.125000
4669,628,629,632,710,316,0,2,25,2,65,14,1,4,82,2.600000
4670,628,629,629,706,21,0,0,22,0,68,9,1,1,78,3.090909
4671,628,629,779,848,576,92,15,50,92,60,36,1,151,220,1.200000
4672,629,630,744,800,333,85,10,42,61,48,61,1,115,171,1.142857
4673,629,630,631,700,471,0,1,24,1,54,15,1,2,71,2.250000
4674,629,630,654,744,321,21,22,40,21,82,11,1,25,115,2.050000
4675,629,630,641,662,207,8,20,16,8,18,6,1,12,33,1.125000
4676,629,630,659,698,583,28,9,24,23,34,11,1,30,69,1.416667
4677,629,773,856,925,389,37,25,55,32,63,21,144,227,296,1.145455
4678,629,630,671,691,418,24,20,15,22,17,19,1,42,62,1.133333
4679,629,630,673,756,200,37,11,47,25,77,21,1,44,127,1.638298
4680,630,631,639,734,195,6,10,24,7,86,10,1,9,104,3.583333
4681,630,631,633,718,89,1,8,35,2,75,10,1,3,88,2.142857
4682,630,631,665,746,267,31,6,58,24,78,13,1,35,116,1.344828
4683,630,631,642,714,385,9,5,17,7,47,29,1,12,84,2.764706
4684,630,631,666,736,315,30,21,47,28,67,10,1,36,106,1.425532
4685,631,632,636,707,464,3,9,28,4,56,15,1,5,76,2.000000
4686,631,632,773,817,541,108,3,27,84,33,67,1,142,186,1.222222
4687,631,632,900,998,263,65,25,28,70,72,57,1,269,367,2.571429
4688,631,632,705,748,214,64,10,34,44,42,30,1,74,117,1.235294
4689,631,632,674,751,399,18,21,25,28,57,34,1,43,120,2.280000
4690,631,632,651,662,183,5,12,9,14,9,7,1,20,31,1.000000
4691,631,632,691,746,155,45,4,41,42,45,27,1,60,115,1.097561
4692,631,632,702,762,481,57,11,45,48,55,27,1,71,131,1.222222
4693,632,633,675,703,348,18,4,21,33,23,14,1,43,71,1.095238
4694,632,634,701,779,559,45,9,40,36,68,32,2,69,147,1.700000
4695,632,633,635,711,484,1,7,24,2,58,18,1,3,79,2.416667
4696,632,633,667,746,541,21,2,24,20,66,27,1,35,114,2.750000
4697,632,633,931,-1,570,89,9,46,79,64,56,1,299,-1,1.391304
4698,632,633,678,757,315,37,21,48,37,76,11,1,46,125,1.583333
4699,633,634,672,741,537,33,19,40,30,58,19,1,39,108,1.450000
4700,633,634,685,741,214,41,12,14,36,40,31,1,52,108,2.857143
4701,633,634,639,714,75,1,12,20,5,40,35,1,6,81,2.000000
4702,634,635,646,696,387,7,30,30,8,38,15,1,12,62,1.266667
4703,634,635,706,769,559,46,9,30,52,50,32,1,72,135,1.666667
4704,634,635,657,712,263,15,10,34,15,42,20,1,23,78,1.235294
4705,634,635,637,668,366,1,7,25,2,27,4,1,3,34,1.080000
4706,634,635,640,675,512,5,2,19,2,29,9,1,6,41,1.526316
4707,634,635,699,769,20,36,13,22,41,54,39,1,65,135,2.454545
4708,634,635,650,679,41,1,23,13,15,19,10,1,16,45,1.461538
4709,635,636,647,729,112,10,19,39,8,61,24,1,12,94,1.564103
4710,635,644,644,717,369,0,0,23,0,51,22,9,9,82,2.217391
4711,635,636,663,702,58,10,17,21,23,31,12,1,28,67,1.476190
4712,635,636,654,745,418,6,13,26,16,68,25,1,19,110,2.615385
4713,635,636,649,668,20,10,14,16,10,18,4,1,14,33,1.125000
4714,635,636,640,711,339,2,11,21,2,47,26,1,5,76,2.238095
4715,636,637,638,713,392,1,15,52,0,74,2,1,2,77,1.423077
4716,636,637,641,653,301,3,20,11,3,11,2,1,5,17,1.000000
4717,637,638,651,677,418,10,12,18,10,24,5,1,14,40,1.333333
4718,637,638,646,688,83,4,5,29,6,35,9,1,9,51,1.206897
4719,637,717,882,972,545,52,20,29,46,65,68,80,245,335,2.241379
4720,637,638,661,742,131,12,10,15,18,51,35,1,24,105,3.400000
4721,637,638,674,768,112,32,17,38,29,64,37,1,37,131,1.684211
4722,637,638,642,656,99,2,15,11,2,11,5,1,5,19,1.000000
4723,638,639,662,745,321,12,16,46,18,78,10,1,24,107,1.695652
4724,638,639,640,738,197,0,1,22,1,66,32,1,2,100,3.000000
4725,638,639,881,937,353,191,21,47,144,55,99,1,243,299,1.170213
4726,638,639,641,670,360,2,2,17,1,21,9,1,3,32,1.235294
4727,638,639,643,672,78,2,13,13,3,23,7,1,5,34,1.769231
4728,638,639,691,747,141,45,12,37,29,45,34,1,53,109,1.216216
4729,639,640,649,693,277,9,6,34,6,38,9,1,10,54,1.117647
4730,639,640,848,946,353,192,25,49,134,89,83,1,209,307,1.816327
4731,639,640,643,719,114,0,3,22,3,54,22,1,4,80,2.454545
4732,640,641,691,760,387,39,15,42,34,62,23,1,51,120,1.476190
4733,640,641,672,728,249,28,12,39,23,49,15,1,32,88,1.256410
4734,640,641,706,750,306,53,18,28,41,40,28,1,66,110,1.428571
4735,640,641,684,768,76,15,9,16,33,58,36,1,44,128,3.625000
4736,640,641,647,739,89,2,4,43,6,77,15,1,7,99,1.790698
4737,641,642,644,730,98,2,2,32,2,60,26,1,3,89,1.875000
4738,642,643,667,722,351,18,9,25,18,45,16,1,25,80,1.800000
4739,642,643,727,801,206,64,10,28,44,58,56,1,85,159,2.071429
4740,642,643,648,680,98,1,1,23,5,29,3,1,6,38,1.260870
4741,642,643,686,756,229,34,8,44,34,68,11,1,44,114,1.545455
4742,643,644,703,732,228,50,10,17,46,21,21,1,60,89,1.235294
4743,643,644,655,706,381,8,8,20,8,34,20,1,12,63,1.700000
4744,643,644,718,800,536,67,12,35,59,71,26,1,75,157,2.028571
4745,643,644,679,726,569,29,11,23,22,37,23,1,36,83,1.608696
4746,643,644,666,701,453,12,14,16,16,32,9,1,23,58,2.000000
4747,643,644,666,723,94,13,7,37,15,53,10,1,23,80,1.432432
4748,643,644,651,737,112,2,13,39,6,69,18,1,8,94,1.769231
4749,643,644,717,774,347,65,19,41,48,53,29,1,74,131,1.292683
4750,643,644,-1,-1,508,24,14,51,32,0,24,1,-1,-1,0.000000
4751,643,644,653,736,104,7,18,38,7,76,9,1,10,93,2.000000
4752,643,644,651,705,597,6,9,45,6,51,4,1,8,62,1.133333
4753,643,649,658,732,87,2,6,28,8,46,29,6,15,89,1.642857
4754,644,-1,-1,-1,-1,0,-1,63,0,0,0,-1,-1,-1,0.000000
4755,644,645,648,736,86,3,19,36,1,66,24,1,4,92,1.833333
4756,644,645,684,752,467,21,18,46,26,58,18,1,40,108,1.260870
4757,644,645,650,676,441,0,5,21,5,23,3,1,6,32,1.095238
4758,644,645,667,702,595,20,13,19,17,27,13,1,23,58,1.421053
4759,645,646,654,696,22,2,10,24,6,38,6,1,9,51,1.583333
4760,645,-1,-1,-1,-1,0,-1,48,0,0,0,-1,-1,-1,0.000000
4761,645,646,732,804,476,57,15,33,55,53,46,1,87,159,1.606061
4762,645,646,684,766,85,15,8,16,27,60,33,1,39,121,3.750000
4763,645,646,769,864,554,105,28,48,72,74,70,1,124,219,1.541667
4764,645,646,659,730,470,12,9,37,9,59,16,1,14,85,1.594595
4765,645,646,788,871,400,108,12,41,96,69,60,1,143,226,1.682927
4766,645,646,779,827,228,105,11,22,92,38,51,1,134,182,1.727273
4767,645,759,-1,-1,87,6,10,42,15,0,2,114,-1,-1,0.000000
4768,646,647,684,767,51,4,18,25,17,57,34,1,38,121,2.280000
4769,646,647,651,713,76,0,4,24,4,54,8,1,5,67,2.250000
4770,646,647,673,733,305,19,29,51,15,59,12,1,27,87,1.156863
4771,646,647,716,769,303,35,12,21,44,43,35,1,70,123,2.047619
4772,646,648,718,772,595,21,26,25,34,41,40,2,72,126,1.640000
4773,646,652,892,969,482,80,24,44,68,54,84,6,246,323,1.227273
4774,646,-1,-1,-1,-1,0,-1,54,0,0,0,-1,-1,-1,0.000000
4775,646,647,676,732,481,21,7,44,20,48,16,1,30,86,1.090909
4776,646,647,683,746,58,18,6,26,29,42,28,1,37,100,1.615385
4777,646,647,721,816,372,63,17,37,49,85,35,1,75,170,2.297297
4778,646,647,652,670,131,4,11,11,3,15,5,1,6,24,1.363636
4779,647,648,653,687,201,2,7,28,5,34,0,1,6,40,1.214286
4780,647,648,741,799,554,79,30,30,54,50,47,1,94,152,1.666667
4781,647,648,793,876,195,119,10,36,90,58,80,1,146,229,1.611111
4782,647,648,658,688,57,4,6,21,8,29,3,1,11,41,1.380952
4783,647,648,658,673,327,4,21,11,9,13,3,1,11,26,1.181818
4784,647,648,683,744,311,12,15,23,28,45,23,1,36,97,1.956522
4785,647,648,656,704,210,1,15,21,7,39,10,1,9,57,1.857143
4786,648,649,688,725,47,21,26,28,30,32,12,1,40,77,1.142857
4787,648,649,664,725,537,13,20,43,8,59,9,1,16,77,1.372093
4788,648,652,872,920,16,132,20,47,125,47,35,4,224,272,1.000000
4789,648,649,777,844,173,85,3,32,84,52,55,1,129,196,1.625000
4790,648,649,663,720,184,9,5,21,13,49,9,1,15,72,2.333333
4791,648,649,697,744,158,37,4,22,34,30,31,1,49,96,1.363636
4792,648,649,694,783,269,42,18,25,25,55,54,1,46,135,2.200000
4793,649,664,898,994,593,33,29,36,31,72,45,15,249,345,2.000000
4794,649,650,690,776,404,34,17,41,17,75,34,1,41,127,1.829268
4795,649,714,-1,-1,585,4,26,45,8,0,2,65,-1,-1,0.000000
4796,649,650,651,738,142,1,14,21,0,53,35,1,2,89,2.523810
4797,650,651,750,828,195,79,12,30,66,60,51,1,100,178,2.000000
4798,650,651,665,705,215,5,12,23,13,35,6,1,15,55,1.521739
4799,650,651,651,715,488,0,0,40,0,56,8,1,1,65,1.400000
4800,650,651,737,781,131,62,18,25,58,37,35,1,87,131,1.480000
4801,650,651,815,848,129,73,12,14,109,26,62,1,165,198,1.857143
4802,651,652,657,683,201,0,4,23,4,25,2,1,6,32,1.086957
4803,651,-1,-1,-1,-1,0,-1,59,0,0,0,-1,-1,-1,0.000000
4804,651,652,676,744,105,16,6,24,20,48,24,1,25,93,2.000000
4805,651,652,727,817,462,66,32,41,45,65,55,1,76,166,1.585366
4806,651,652,680,699,86,10,21,15,12,17,14,1,29,48,1.133333
4807,651,652,662,734,523,6,15,49,6,59,17,1,11,83,1.204082
4808,651,652,655,731,295,1,13,25,3,63,13,1,4,80,2.520000
4809,651,652,730,768,231,73,20,29,55,31,30,1,79,117,1.068966
4810,651,652,743,816,78,47,6,16,53,50,61,1,92,165,3.125000
4811,651,655,695,769,453,4,12,47,9,67,8,4,44,118,1.425532
4812,652,653,671,745,353,16,19,21,14,57,21,1,19,93,2.714286
4813,652,653,677,702,85,5,5,13,21,21,7,1,25,50,1.615385
4814,652,653,653,739,94,0,0,33,0,63,23,1,1,87,1.909091
4815,652,653,689,783,280,31,13,30,20,68,42,1,37,131,2.266667
4816,652,653,656,743,515,3,3,32,3,76,11,1,4,91,2.375000
4817,653,654,745,825,99,23,8,26,47,66,22,1,92,172,2.538462
4818,653,654,663,749,549,9,10,27,8,69,18,1,10,96,2.555556
4819,653,654,654,679,134,0,0,18,0,22,3,1,1,26,1.222222
4820,653,673,-1,-1,579,12,23,43,20,0,9,20,-1,-1,0.000000
4821,654,655,688,779,375,28,23,36,22,80,22,1,34,125,2.222222
4822,654,655,675,764,167,12,7,53,18,83,8,1,21,110,1.566038
4823,654,655,686,766,93,18,10,18,20,52,39,1,32,112,2.888889
4824,654,655,723,770,68,47,11,26,49,34,32,1,69,116,1.307692
4825,654,655,699,722,231,28,25,15,33,19,15,1,45,68,1.266667
4826,654,-1,-1,-1,-1,0,-1,43,0,0,0,-1,-1,-1,0.000000
4827,654,655,658,753,481,2,3,37,2,63,33,1,4,99,1.702703
4828,654,655,762,792,332,59,22,24,75,26,36,1,108,138,1.083333
4829,654,655,747,831,171,56,12,16,64,50,62,1,93,177,3.125000
4830,654,655,655,697,309,0,0,16,0,30,12,1,1,43,1.875000
4831,654,655,688,749,251,24,4,44,22,60,12,1,34,95,1.363636
4832,654,655,705,774,125,40,26,25,30,39,50,1,51,120,1.560000
4833,654,655,667,757,482,8,26,34,10,66,26,1,13,103,1.941176
4834,654,655,662,683,112,5,15,10,7,18,3,1,8,29,1.800000
4835,655,656,658,677,85,0,2,17,2,17,2,1,3,22,1.000000
4836,655,656,665,715,112,2,7,15,8,31,20,1,10,60,2.066667
4837,655,656,744,787,28,49,8,18,62,32,37,1,89,132,1.777778
4838,655,656,837,910,435,130,8,30,109,56,89,1,182,255,1.866667
4839,655,656,678,767,142,19,20,29,13,75,23,1,23,112,2.586207
4840,656,657,658,707,582,0,1,21,1,31,18,1,2,51,1.476190
4841,656,657,712,735,28,22,7,8,41,20,17,1,56,79,2.500000
4842,656,657,778,819,326,87,12,33,71,39,52,1,122,163,1.181818
4843,656,657,675,720,79,6,5,21,10,39,14,1,19,64,1.857143
4844,656,657,695,761,401,29,10,30,23,60,21,1,39,105,2.000000
4845,656,657,668,683,67,6,10,13,10,15,1,1,12,27,1.153846
4846,656,657,708,782,260,24,11,17,37,51,37,1,52,126,3.000000
4847,657,658,916,952,288,158,11,21,166,29,99,1,259,295,1.380952
4848,657,658,661,713,414,0,3,15,3,31,21,1,4,56,2.066667
4849,657,658,678,745,218,18,7,38,15,56,16,1,21,88,1.473684
4850,657,658,822,904,109,105,14,30,110,70,66,1,165,247,2.333333
4851,657,714,-1,-1,285,2,17,50,3,0,0,57,-1,-1,0.000000
4852,657,661,689,766,74,14,26,43,12,65,20,4,32,109,1.511628
4853,657,658,683,717,569,18,10,11,22,25,12,1,26,60,2.272727
4854,657,658,661,739,549,3,9,25,2,55,24,1,4,82,2.200000
4855,657,658,744,819,589,67,10,25,52,61,48,1,87,162,2.440000
4856,657,658,677,764,195,13,12,31,12,77,17,1,20,107,2.483871
4857,658,659,722,795,204,26,14,24,44,56,36,1,64,137,2.333333
4858,658,659,674,771,467,8,21,29,10,67,33,1,16,113,2.310345
4859,658,659,664,686,549,3,9,13,4,15,8,1,6,28,1.153846
4860,658,659,703,761,432,22,14,22,39,50,13,1,45,103,2.272727
4861,658,659,694,746,387,25,17,39,20,45,17,1,36,88,1.153846
4862,659,660,690,743,549,27,10,14,21,34,28,1,31,84,2.428571
4863,659,660,660,683,383,0,0,16,0,22,1,1,1,24,1.375000
4864,659,711,-1,-1,209,11,10,43,11,0,12,52,-1,-1,0.000000
4865,659,660,678,751,330,14,7,50,14,68,9,1,19,92,1.360000
4866,660,661,689,764,480,22,28,29,18,57,28,1,29,104,1.965517
4867,660,661,682,743,479,15,15,24,12,34,36,1,22,83,1.416667
4868,660,-1,-1,-1,-1,0,-1,61,0,0,0,-1,-1,-1,0.000000
4869,660,661,675,702,126,8,13,21,10,27,4,1,15,42,1.285714
4870,660,661,665,732,345,2,11,34,2,54,15,1,5,72,1.588235
4871,660,661,705,749,367,32,17,34,29,38,20,1,45,89,1.117647
4872,660,661,720,751,113,41,18,20,38,24,28,1,60,91,1.200000
4873,661,662,664,702,129,1,4,20,2,30,8,1,3,41,1.500000
4874,661,662,663,709,286,1,12,19,1,35,11,1,2,48,1.842105
4875,661,662,672,754,68,9,15,11,8,57,27,1,11,93,5.181818
4876,661,662,735,798,357,58,18,45,43,57,34,1,74,137,1.266667
4877,661,662,709,763,387,31,12,19,28,39,34,1,48,102,2.052632
4878,661,662,725,743,62,53,13,9,39,9,33,1,64,82,1.000000
4879,661,662,668,746,303,5,16,25,6,59,19,1,7,85,2.360000
4880,662,663,750,800,226,70,26,42,58,50,29,1,88,138,1.190476
4881,662,663,781,857,562,45,15,47,45,65,43,1,119,195,1.382979
4882,662,663,684,743,418,16,10,34,18,46,16,1,22,81,1.352941
4883,662,663,694,768,213,23,18,37,27,51,27,1,32,106,1.378378
4884,662,663,668,719,8,0,5,14,5,42,9,1,6,57,3.000000
4885,662,663,665,710,451,1,4,14,2,34,11,1,3,48,2.428571
4886,662,663,708,800,224,34,21,27,26,69,42,1,46,138,2.555556
4887,663,664,682,737,228,13,1,26,15,40,18,1,19,74,1.538462
4888,663,664,709,757,181,26,16,17,29,37,27,1,46,94,2.176471
4889,663,664,687,740,424,15,14,23,13,43,20,1,24,77,1.869565
4890,663,664,742,818,24,26,13,42,45,64,14,1,79,155,1.523810
4891,663,-1,-1,-1,-1,0,-1,54,0,0,0,-1,-1,-1,0.000000
4892,663,666,676,755,578,8,11,31,6,63,19,3,13,92,2.032258
4893,663,664,664,751,294,0,0,43,0,63,24,1,1,88,1.465116
4894,663,664,782,816,554,91,15,23,81,29,42,1,119,153,1.260870
4895,664,665,703,770,367,26,11,49,30,57,18,1,39,106,1.163265
4896,664,665,674,709,260,1,16,20,9,24,11,1,10,45,1.200000
4897,664,670,809,865,587,21,25,44,22,50,18,6,145,201,1.136364
4898,664,665,686,726,435,11,14,19,9,29,23,1,22,62,1.526316
4899,664,665,677,694,259,7,10,12,11,12,6,1,13,30,1.000000
4900,664,713,-1,-1,592,5,23,44,12,0,3,49,-1,-1,0.000000
4901,664,665,677,762,161,12,2,25,11,61,25,1,13,98,2.440000
4902,665,666,668,740,495,0,2,30,2,56,16,1,3,75,1.866667
4903,665,668,727,799,593,40,25,42,34,60,35,3,62,134,1.428571
4904,665,714,-1,-1,592,2,23,50,1,0,2,49,-1,-1,0.000000
4905,665,666,669,737,542,3,15,22,2,56,13,1,4,72,2.545455
4906,665,666,666,704,129,0,0,8,0,26,12,1,1,39,3.250000
4907,665,-1,-1,-1,-1,0,-1,46,0,0,0,-1,-1,-1,0.000000
4908,665,666,922,-1,343,212,19,50,169,69,96,1,257,-1,1.380000
4909,665,666,680,708,265,7,10,16,10,24,8,1,15,43,1.500000
4910,665,666,675,705,161,8,1,14,7,28,4,1,10,40,2.000000
4911,666,667,677,713,84,0,10,11,10,23,13,1,11,47,2.090909
4912,666,667,669,691,399,2,2,13,2,19,3,1,3,25,1.461538
4913,666,667,679,746,268,10,7,28,8,54,17,1,13,80,1.928571
4914,666,667,681,749,390,10,24,13,7,47,28,1,15,83,3.615385
4915,666,667,672,695,447,2,5,13,5,19,4,1,6,29,1.461538
4916,666,667,675,741,36,5,7,22,7,40,27,1,9,75,1.818182
4917,667,668,775,854,500,84,17,49,69,63,48,1,108,187,1.285714
4918,667,668,713,763,265,32,10,23,22,37,36,1,46,96,1.608696
4919,667,668,694,771,218,11,3,35,24,57,21,1,27,104,1.628571
4920,667,668,684,774,366,4,6,38,13,66,27,1,17,107,1.736842
4921,667,683,701,790,558,3,8,47,5,75,14,16,34,123,1.595745
4922,667,668,680,732,254,10,5,29,8,41,15,1,13,65,1.413793
4923,668,669,674,744,439,5,12,28,3,50,22,1,6,76,1.785714
4924,668,669,702,781,586,8,13,48,13,76,13,1,34,113,1.583333
4925,668,669,680,771,303,5,8,19,7,71,24,1,12,103,3.736842
4926,668,982,-1,-1,586,9,5,54,7,0,5,314,-1,-1,0.000000
4927,668,669,681,736,477,9,25,34,8,50,9,1,13,68,1.470588
4928,668,669,675,764,138,4,20,21,5,71,19,1,7,96,3.380952
4929,668,670,805,887,118,10,9,54,17,78,4,2,137,219,1.444444
4930,668,669,689,774,479,12,14,26,8,68,29,1,21,106,2.615385
4931,668,669,669,710,167,0,0,30,0,36,5,1,1,42,1.200000
4932,668,669,780,850,90,32,25,14,76,56,49,1,112,182,4.000000
4933,669,670,678,737,265,5,9,24,4,42,21,1,9,68,1.750000
4934,669,670,944,-1,332,228,25,39,184,51,95,1,275,-1,1.307692
4935,669,670,682,735,99,3,6,45,11,51,2,1,13,66,1.133333
4936,669,670,703,771,327,22,9,51,27,61,13,1,34,102,1.196078
4937,670,718,-1,-1,542,11,14,38,18,0,7,48,-1,-1,0.000000
4938,670,671,676,697,99,0,5,14,5,18,3,1,6,27,1.285714
4939,670,671,698,729,101,7,11,12,16,24,18,1,28,59,2.000000
4940,671,672,722,763,343,40,19,30,34,34,23,1,51,92,1.133333
4941,671,672,672,701,307,0,0,27,0,29,0,1,1,30,1.074074
4942,671,672,715,795,138,40,18,39,21,63,39,1,44,124,1.615385
4943,672,673,693,736,324,12,7,29,14,35,14,1,21,64,1.206897
4944,672,673,687,731,329,7,12,20,9,32,17,1,15,59,1.600000
4945,672,673,673,742,453,0,0,18,0,48,21,1,1,70,2.666667
4946,672,673,713,781,138,32,18,39,30,55,23,1,41,109,1.410256
4947,672,673,678,715,126,0,5,19,5,31,6,1,6,43,1.631579
4948,672,673,769,803,183,41,4,18,49,28,53,1,97,131,1.555556
4949,672,673,707,794,351,24,6,47,26,73,21,1,35,122,1.553191
4950,672,673,743,835,375,51,10,36,45,78,39,1,71,163,2.166667
4951,672,673,679,742,50,3,4,18,6,44,19,1,7,70,2.444444
4952,672,673,841,906,370,123,4,48,92,60,67,1,169,234,1.250000
4953,672,695,949,-1,567,9,19,48,13,50,13,23,277,-1,1.041667
4954,672,673,689,719,147,15,17,20,13,26,7,1,17,47,1.300000
4955,673,674,773,806,91,59,17,21,59,27,46,1,100,133,1.285714
4956,673,674,680,746,418,5,11,31,5,43,24,1,7,73,1.387097
4957,673,692,709,757,194,3,12,24,13,44,4,19,36,84,1.833333
4958,673,674,717,795,142,31,9,38,34,64,23,1,44,122,1.684211
4959,673,674,733,792,567,50,11,32,41,56,21,1,60,119,1.750000
4960,673,674,785,864,462,102,27,40,63,64,63,1,112,191,1.600000
4961,673,674,726,822,579,45,14,32,39,84,25,1,53,149,2.625000
4962,674,675,732,784,4,53,13,17,40,43,26,1,58,110,2.529412
4963,674,675,683,763,308,2,7,23,8,61,19,1,9,89,2.652174
4964,675,676,765,844,416,71,9,43,62,75,31,1,90,169,1.744186
4965,675,676,704,730,564,6,8,16,9,22,6,1,29,55,1.375000
4966,675,676,734,798,144,42,17,58,38,62,16,1,59,123,1.068966
4967,675,678,710,761,113,16,11,16,25,38,19,3,35,86,2.375000
4968,675,676,690,715,567,5,21,13,13,21,5,1,15,40,1.615385
4969,675,676,689,779,297,4,8,24,12,54,37,1,14,104,2.250000
4970,675,676,739,794,273,33,12,33,37,41,30,1,64,119,1.242424
4971,676,677,695,729,418,9,4,22,15,30,7,1,19,53,1.363636
4972,676,677,705,773,103,17,11,23,21,51,24,1,29,97,2.217391
4973,676,677,718,787,245,33,13,42,28,56,26,1,42,111,1.333333
4974,676,677,729,763,5,13,13,11,33,23,30,1,53,87,2.090909
4975,676,702,733,788,469,20,13,41,30,49,7,26,57,112,1.195122
4976,676,677,754,845,136,54,10,25,51,65,52,1,78,169,2.600000
4977,676,677,685,761,571,2,11,60,3,74,2,1,9,85,1.233333
4978,676,677,734,810,493,54,7,38,39,60,34,1,58,134,1.578947
4979,676,683,685,705,564,0,2,11,2,15,5,7,9,29,1.363636
4980,677,678,735,816,10,40,7,42,40,60,38,1,58,139,1.428571
4981,677,678,746,773,217,39,16,7,43,17,35,1,69,96,2.428571
4982,677,678,683,741,586,1,16,46,4,50,8,1,6,64,1.086957
4983,677,678,753,821,567,50,17,51,39,63,28,1,76,144,1.235294
4984,677,678,683,759,580,1,3,30,4,54,23,1,6,82,1.800000
4985,677,678,685,784,480,4,26,42,2,76,26,1,8,107,1.809524
4986,677,678,694,786,168,13,7,25,14,83,11,1,17,109,3.320000
4987,677,678,679,746,489,1,11,27,1,65,2,1,2,69,2.407407
4988,677,678,703,753,296,20,10,30,21,44,10,1,26,76,1.466667
4989,677,678,678,780,370,0,0,42,0,74,28,1,1,103,1.761905
4990,677,678,683,761,579,4,14,56,3,68,12,1,6,84,1.214286
4991,678,679,745,799,279,41,14,34,42,46,22,1,67,121,1.352941
4992,678,679,710,785,390,21,18,21,26,63,17,1,32,107,3.000000
4993,678,708,731,757,185,10,21,26,16,26,7,30,53,79,1.000000
4994,678,679,684,773,212,4,13,32,4,76,14,1,6,95,2.375000
4995,678,679,694,702,472,3,9,8,11,8,4,1,16,24,1.000000
4996,678,679,691,722,270,9,11,21,9,29,5,1,13,44,1.380952
4997,679,680,738,810,406,47,1,19,43,47,40,1,59,131,2.473684
4998,679,680,897,977,537,164,23,45,131,71,95,1,218,298,1.577778
4999,679,680,706,728,15,19,12,17,19,21,8,1,27,49,1.235294
5000,679,680,729,829,157,37,11,29,33,73,43,1,50,150,2.517241
5001,679,680,683,766,212,3,12,26,1,72,13,1,4,87,2.769231
5002,680,681,690,758,216,8,8,47,5,57,15,1,10,78,1.212766
5003,680,681,769,807,192,72,13,15,64,23,39,1,89,127,1.533333
5004,680,681,738,825,236,16,3,46,22,74,19,1,58,145,1.608696
5005,680,681,688,746,298,5,15,24,4,40,21,1,8,66,1.666667
5006,680,681,698,758,147,16,21,11,10,37,30,1,18,78,3.363636
5007,681,682,746,819,192,53,11,40,45,66,26,1,65,138,1.650000
5008,681,682,789,834,567,88,16,38,68,42,39,1,108,153,1.105263
5009,681,682,685,758,215,2,3,30,3,40,33,1,4,77,1.333333
5010,681,682,694,719,195,1,16,17,11,21,5,1,13,38,1.235294
5011,682,683,685,770,190,1,19,35,1,59,27,1,3,88,1.685714
5012,682,689,859,937,467,59,26,41,49,65,45,7,177,255,1.585366
5013,682,684,771,832,270,17,8,47,28,57,9,2,89,150,1.212766
5014,682,683,723,797,444,37,10,32,23,72,19,1,41,115,2.250000
5015,682,683,787,810,86,69,16,20,73,22,32,1,105,128,1.100000
5016,682,683,737,826,343,47,15,30,24,72,47,1,55,144,2.400000
5017,682,683,730,803,544,37,15,46,29,68,23,1,48,121,1.478261
5018,682,683,716,764,217,24,15,32,25,42,14,1,34,82,1.312500
5019,682,683,764,863,317,58,23,29,54,75,51,1,82,181,2.586207
5020,683,684,716,754,279,24,15,24,29,32,9,1,33,71,1.333333
5021,683,688,728,822,360,18,19,41,28,77,22,5,45,139,1.878049
5022,683,684,701,790,504,12,12,36,14,88,4,1,18,107,2.444444
5023,683,684,720,789,181,31,4,25,27,53,25,1,37,106,2.120000
5024,683,684,914,929,31,81,12,11,147,11,87,1,231,246,1.000000
5025,683,684,748,784,93,41,2,22,46,32,22,1,65,101,1.454545
5026,683,684,690,718,14,3,12,19,5,27,2,1,7,35,1.421053
5027,683,684,684,729,341,0,0,41,0,43,2,1,1,46,1.048780
5028,683,684,751,826,332,58,19,42,46,66,30,1,68,143,1.571429
5029,684,685,721,807,500,8,11,42,22,66,20,1,37,123,1.571429
5030,684,685,689,746,157,2,4,23,4,51,6,1,5,62,2.217391
5031,684,757,772,838,108,8,7,51,9,63,6,73,88,154,1.235294
5032,684,685,696,745,158,11,11,30,10,40,10,1,12,61,1.333333
5033,685,686,717,730,467,21,23,13,24,13,7,1,32,45,1.000000
5034,685,686,691,752,30,4,4,25,4,37,25,1,6,67,1.480000
5035,685,686,706,778,575,16,8,22,16,68,8,1,21,93,3.090909
5036,686,688,744,816,551,37,13,54,32,70,19,2,58,130,1.296296
5037,686,687,695,709,60,0,7,9,7,13,2,1,9,23,1.444444
5038,686,687,732,816,504,35,12,37,28,73,28,1,46,130,1.972973
5039,687,688,712,756,101,19,9,19,20,33,15,1,25,69,1.736842
5040,687,688,706,755,14,7,12,13,10,33,24,1,19,68,2.538462
5041,687,688,700,732,103,8,14,11,6,27,11,1,13,45,2.454545
5042,687,688,704,793,378,14,5,33,12,69,24,1,17,106,2.090909
5043,687,688,808,863,321,103,4,37,74,43,58,1,121,176,1.162162
5044,687,689,763,865,70,22,25,38,22,78,37,2,76,178,2.052632
5045,687,688,692,746,270,0,4,19,4,35,19,1,5,59,1.842105
5046,688,-1,-1,-1,-1,0,-1,58,0,0,0,-1,-1,-1,0.000000
5047,688,689,710,773,57,7,6,41,15,53,13,1,22,85,1.292683
5048,688,689,729,788,340,15,11,20,29,46,22,1,41,100,2.300000
5049,688,689,718,787,182,26,18,42,27,58,13,1,30,99,1.380952
5050,688,689,709,741,193,9,13,18,12,26,14,1,21,53,1.444444
5051,689,690,764,817,193,47,10,33,53,45,26,1,75,128,1.363636
5052,689,690,707,732,504,15,12,13,10,23,9,1,18,43,1.769231
5053,689,690,723,752,252,27,3,20,20,26,16,1,34,63,1.300000
5054,690,691,760,827,518,66,26,44,42,62,32,1,70,137,1.409091
5055,690,-1,-1,-1,-1,0,-1,50,0,0,0,-1,-1,-1,0.000000
5056,690,691,692,780,258,0,1,29,1,69,19,1,2,90,2.379310
5057,691,692,751,841,392,22,16,26,31,72,27,1,60,150,2.769231
5058,691,-1,-1,-1,-1,0,-1,56,0,0,0,-1,-1,-1,0.000000
5059,691,692,890,956,510,165,13,43,135,65,64,1,199,265,1.511628
5060,691,692,704,762,387,10,6,25,11,45,14,1,13,71,1.800000
5061,691,692,751,796,317,45,21,14,35,22,47,1,60,105,1.571429
5062,691,692,737,819,592,35,13,23,30,55,42,1,46,128,2.391304
5063,691,692,694,717,256,2,14,15,1,19,5,1,3,26,1.266667
5064,691,692,703,767,57,4,5,15,6,47,22,1,12,76,3.133333
5065,691,692,725,793,487,27,11,40,24,64,13,1,34,102,1.600000
5066,691,692,714,744,446,13,13,16,12,22,18,1,23,53,1.375000
5067,691,692,732,816,46,32,20,28,24,62,38,1,41,125,2.214286
5068,692,693,762,852,239,48,6,34,47,88,24,1,70,160,2.588235
5069,692,693,717,797,209,12,13,20,15,50,39,1,25,105,2.500000
5070,692,693,700,775,408,1,6,49,3,69,7,1,8,83,1.408163
5071,693,694,768,840,485,57,21,32,53,60,32,1,75,147,1.875000
5072,693,694,720,783,119,12,12,32,17,54,14,1,27,90,1.687500
5073,693,694,730,778,540,17,11,37,14,43,21,1,37,85,1.162162
5074,693,694,730,814,554,32,25,40,20,74,26,1,37,121,1.850000
5075,693,694,708,774,179,14,26,28,10,46,24,1,15,81,1.642857
5076,694,695,741,785,562,25,11,14,23,28,39,1,47,91,2.000000
5077,694,695,825,879,121,111,24,31,88,49,47,1,131,185,1.580645
5078,694,695,735,829,376,29,6,49,25,75,34,1,41,135,1.530612
5079,694,695,697,733,57,0,2,21,2,27,9,1,3,39,1.285714
5080,694,695,704,776,83,1,4,17,8,51,22,1,10,82,3.000000
5081,694,695,711,739,359,4,9,22,13,26,2,1,17,45,1.181818
5082,694,695,885,944,152,158,27,48,124,56,69,1,191,250,1.166667
5083,694,695,701,763,40,5,14,22,6,38,24,1,7,69,1.727273
5084,694,695,742,771,544,33,11,24,32,26,18,1,48,77,1.083333
5085,695,-1,-1,-1,-1,0,-1,53,0,0,0,-1,-1,-1,0.000000
5086,695,696,715,766,231,14,23,27,14,35,21,1,20,71,1.296296
5087,695,-1,-1,-1,-1,0,-1,52,0,0,0,-1,-1,-1,0.000000
5088,695,696,710,782,244,10,13,24,12,52,22,1,15,87,2.166667
5089,695,-1,-1,-1,-1,0,-1,53,0,0,0,-1,-1,-1,0.000000
5090,696,697,713,760,18,10,10,26,12,42,9,1,17,64,1.615385
5091,696,697,769,839,542,64,18,53,38,67,37,1,73,143,1.264151
5092,696,697,698,718,67,0,1,15,1,19,1,1,2,22,1.266667
5093,696,697,732,814,95,23,8,29,28,79,10,1,36,118,2.724138
5094,696,697,759,809,221,49,2,38,44,48,20,1,63,113,1.263158
5095,696,697,812,849,256,70,11,24,78,32,42,1,116,153,1.333333
5096,696,697,746,834,332,31,17,38,36,60,41,1,50,138,1.578947
5097,697,699,728,775,359,6,7,35,16,45,2,2,31,78,1.285714
5098,697,698,753,787,264,38,14,17,38,29,22,1,56,90,1.705882
5099,697,698,751,805,77,30,16,22,39,44,24,1,54,108,2.000000
5100,697,698,699,761,221,0,1,16,1,46,16,1,2,64,2.875000
5101,697,698,716,784,388,7,11,29,16,51,19,1,19,87,1.758621
5102,697,698,708,785,336,8,10,39,8,71,8,1,11,88,1.820513
5103,698,699,710,726,404,4,3,12,11,14,2,1,12,28,1.166667
5104,698,699,729,819,469,25,10,38,20,68,32,1,31,121,1.789474
5105,698,704,720,770,331,1,8,36,10,44,7,6,22,72,1.222222
5106,698,699,737,825,480,20,15,35,23,61,30,1,39,127,1.742857
5107,698,699,792,871,424,62,16,39,48,67,54,1,94,173,1.717949
5108,698,699,707,786,172,7,7,37,8,73,6,1,9,88,1.972973
5109,699,774,880,949,591,14,7,57,21,67,4,75,181,250,1.175439
5110,699,708,970,-1,585,85,27,32,81,22,34,9,271,-1,0.687500
5111,699,700,743,803,474,21,14,38,24,48,16,1,44,104,1.263158
5112,699,700,732,796,3,17,14,29,25,63,8,1,33,97,2.172414
5113,699,714,-1,-1,587,2,27,49,2,0,1,15,-1,-1,0.000000
5114,700,701,724,770,195,13,13,25,19,39,11,1,24,70,1.560000
5115,700,701,706,775,2,0,5,25,5,55,14,1,6,75,2.200000
5116,700,701,746,826,49,24,21,18,32,56,37,1,46,126,3.111111
5117,701,702,770,843,357,32,16,56,29,62,34,1,69,142,1.107143
5118,701,702,703,777,25,1,11,23,1,59,15,1,2,76,2.565217
5119,701,702,742,831,511,35,21,36,34,74,21,1,41,130,2.055556
5120,701,702,743,830,288,31,13,37,33,73,22,1,42,129,1.972973
5121,701,702,710,751,309,4,13,35,8,37,4,1,9,50,1.057143
5122,702,703,706,760,322,0,3,24,3,44,10,1,4,58,1.833333
5123,702,703,706,728,359,0,3,17,3,17,5,1,4,26,1.000000
5124,702,703,714,746,447,3,7,17,10,23,10,1,12,44,1.352941
5125,702,703,714,792,165,8,16,21,6,59,24,1,12,90,2.809524
5126,702,703,704,732,220,0,1,24,1,24,4,1,2,30,1.000000
5127,702,703,708,773,298,2,3,34,5,52,13,1,6,71,1.529412
5128,702,703,707,772,192,2,3,28,3,52,14,1,5,70,1.857143
5129,702,703,741,771,319,28,18,21,27,25,16,1,39,69,1.190476
5130,702,703,715,765,5,0,10,9,12,39,11,1,13,63,4.333333
5131,702,-1,-1,-1,-1,0,-1,56,0,0,0,-1,-1,-1,0.000000
5132,703,704,762,857,121,32,20,28,46,66,41,1,59,154,2.357143
5133,703,704,742,765,455,14,12,15,28,17,16,1,39,62,1.133333
5134,704,705,713,758,331,2,8,28,8,38,7,1,9,54,1.357143
5135,704,705,740,780,245,21,9,26,27,38,10,1,36,76,1.461538
5136,704,705,783,828,577,65,8,17,56,29,38,1,79,124,1.705882
5137,704,705,719,784,117,14,9,13,7,43,29,1,15,80,3.307692
5138,704,705,737,827,364,21,18,55,28,77,17,1,33,123,1.400000
5139,704,705,751,783,165,23,15,13,29,23,26,1,47,79,1.769231
5140,704,715,780,836,561,35,12,44,45,54,17,11,76,132,1.227273
5141,705,706,712,770,590,1,21,26,3,46,14,1,7,65,1.769231
5142,705,706,715,755,107,2,11,9,9,27,13,1,10,50,3.000000
5143,705,708,881,919,502,35,23,30,38,34,11,3,176,214,1.133333
5144,705,706,712,792,27,2,6,21,6,69,11,1,7,87,3.285714
5145,705,-1,-1,-1,-1,0,-1,54,0,0,0,-1,-1,-1,0.000000
5146,705,706,724,761,247,14,14,27,13,31,11,1,19,56,1.148148
5147,705,706,709,765,298,1,4,31,2,39,18,1,4,60,1.258065
5148,705,706,737,792,51,6,4,40,22,46,14,1,32,87,1.150000
5149,706,707,767,803,20,17,19,15,44,23,29,1,61,97,1.533333
5150,706,707,707,756,586,0,0,28,0,40,9,1,1,50,1.428571
5151,706,707,724,809,46,9,18,31,13,59,30,1,18,103,1.903226
5152,706,707,711,746,307,0,4,23,4,31,4,1,5,40,1.347826
5153,706,707,714,774,25,6,15,29,6,43,18,1,8,68,1.482759
5154,706,707,728,800,70,14,14,22,14,58,21,1,22,94,2.636364
5155,706,707,715,803,539,6,16,33,8,79,9,1,9,97,2.393939
5156,707,708,744,818,9,33,17,23,16,47,47,1,37,111,2.043478
5157,707,708,921,-1,274,164,15,32,134,66,90,1,214,-1,2.062500
5158,707,-1,-1,-1,-1,0,-1,46,0,0,0,-1,-1,-1,0.000000
5159,707,708,708,770,150,0,0,14,0,44,18,1,1,63,3.142857
5160,707,708,717,732,77,2,7,13,8,15,1,1,10,25,1.153846
5161,708,709,713,781,567,4,4,31,3,57,12,1,5,73,1.838710
5162,708,709,712,767,153,2,3,25,3,43,12,1,4,59,1.720000
5163,709,710,770,802,428,41,7,16,42,22,25,1,61,93,1.375000
5164,709,710,728,791,179,10,12,43,16,59,6,1,19,82,1.372093
5165,709,710,774,855,103,53,17,25,37,57,51,1,65,146,2.280000
5166,709,710,746,817,344,27,15,35,26,71,10,1,37,108,2.028571
5167,709,710,767,829,213,47,18,44,32,60,27,1,58,120,1.363636
5168,709,710,770,854,159,42,18,35,48,67,29,1,61,145,1.914286
5169,709,710,728,741,186,10,22,13,16,13,2,1,19,32,1.000000
5170,709,710,720,737,117,0,7,12,7,14,6,1,11,28,1.166667
5171,709,710,726,747,132,7,20,18,15,20,2,1,17,38,1.111111
5172,709,710,724,774,312,13,26,27,11,41,12,1,15,65,1.518519
5173,710,711,714,770,547,3,10,39,3,55,1,1,4,60,1.410256
5174,710,711,771,830,214,47,1,41,32,45,36,1,61,120,1.097561
5175,710,711,726,786,344,12,12,20,9,50,16,1,16,76,2.500000
5176,710,-1,-1,-1,-1,0,-1,53,0,0,0,-1,-1,-1,0.000000
5177,710,711,724,780,136,3,8,17,10,39,20,1,14,70,2.294118
5178,710,711,807,889,245,66,4,41,53,61,56,1,97,179,1.487805
5179,711,-1,-1,-1,-1,0,-1,47,0,0,0,-1,-1,-1,0.000000
5180,711,712,857,904,246,115,6,22,99,32,61,1,146,193,1.454545
5181,711,712,908,978,399,174,15,44,140,66,60,1,197,267,1.500000
5182,711,712,894,947,477,133,18,46,121,50,41,1,183,236,1.086957
5183,711,716,730,786,561,2,13,47,5,53,4,5,19,75,1.127660
5184,712,713,809,860,458,80,5,33,67,47,33,1,97,148,1.424242
5185,712,721,731,780,565,1,2,41,5,41,9,9,19,68,1.000000
5186,713,714,757,835,344,27,16,32,26,66,29,1,44,122,2.062500
5187,713,753,764,822,429,6,12,39,7,49,13,40,51,109,1.256410
5188,713,714,715,764,214,0,1,22,1,34,15,1,2,51,1.545455
5189,713,717,760,862,414,16,19,29,20,79,28,4,47,149,2.724138
5190,713,714,741,786,373,22,15,26,20,34,18,1,28,73,1.307692
5191,713,714,831,899,284,85,10,28,73,50,62,1,118,186,1.785714
5192,713,714,716,802,464,0,2,33,2,65,21,1,3,89,1.969697
5193,713,714,768,848,180,35,10,31,31,53,50,1,55,135,1.709677
5194,714,715,764,802,210,28,12,18,36,24,27,1,50,88,1.333333
5195,714,715,765,827,84,26,7,16,36,50,26,1,51,113,3.125000
5196,714,716,780,843,377,40,10,46,35,52,28,2,66,129,1.130435
5197,714,715,715,778,245,0,0,37,0,49,14,1,1,64,1.324324
5198,714,715,734,774,203,14,10,23,12,33,14,1,20,60,1.434783
5199,714,715,789,841,180,54,9,35,50,43,33,1,75,127,1.228571
5200,714,720,993,-1,583,111,12,46,91,5,61,6,279,-1,0.108696
5201,714,715,718,769,498,3,5,30,3,42,9,1,4,55,1.400000
5202,714,716,723,779,566,3,6,34,7,48,8,2,9,65,1.411765
5203,715,716,719,772,426,2,15,25,2,49,5,1,4,57,1.960000
5204,715,716,733,778,262,9,14,26,12,34,16,1,18,63,1.307692
5205,715,716,740,788,540,7,14,18,20,42,10,1,25,73,2.333333
5206,715,716,730,758,86,5,7,20,12,26,4,1,15,43,1.300000
5207,715,716,844,925,553,86,27,39,90,65,50,1,129,210,1.666667
5208,715,716,719,733,115,0,3,11,3,11,3,1,4,18,1.000000
5209,715,716,756,813,309,36,14,33,22,47,28,1,41,98,1.424242
5210,715,716,725,799,231,7,3,36,6,60,17,1,10,84,1.666667
5211,717,718,731,774,169,5,7,28,10,42,4,1,14,57,1.500000
5212,717,718,727,755,528,4,17,27,9,27,1,1,10,38,1.000000
5213,717,780,-1,-1,130,3,6,58,9,0,0,63,-1,-1,0.000000
5214,717,718,775,792,217,45,9,7,41,15,18,1,58,75,2.142857
5215,717,718,841,883,103,102,13,33,82,39,44,1,124,166,1.181818
5216,717,719,727,791,507,8,5,43,3,57,12,2,10,74,1.325581
5217,717,718,756,804,119,20,9,20,28,38,20,1,39,87,1.900000
5218,717,718,720,750,504,1,8,15,2,25,5,1,3,33,1.666667
5219,717,718,804,880,147,77,29,49,51,75,36,1,87,163,1.530612
5220,718,719,800,865,477,66,7,45,49,55,42,1,82,147,1.222222
5221,718,719,727,781,14,0,6,31,8,41,13,1,9,63,1.322581
5222,718,719,903,969,415,142,27,32,112,54,84,1,185,251,1.687500
5223,718,719,731,759,35,7,12,17,6,25,9,1,13,41,1.470588
5224,718,719,745,851,479,18,11,37,18,89,25,1,27,133,2.405405
5225,718,719,744,826,368,20,7,35,18,55,34,1,26,108,1.571429
5226,718,719,728,817,79,2,9,27,9,63,26,1,10,99,2.333333
5227,718,719,727,816,20,4,15,22,7,62,28,1,9,98,2.818182
5228,718,-1,-1,-1,-1,0,-1,46,0,0,0,-1,-1,-1,0.000000
5229,718,719,846,934,100,107,19,44,96,84,34,1,128,216,1.909091
5230,719,720,762,804,415,31,15,34,18,40,26,1,43,85,1.176471
5231,719,720,805,880,525,57,20,29,56,63,35,1,86,161,2.172414
5232,719,721,722,776,566,0,1,43,1,49,5,2,3,57,1.139535
5233,719,-1,-1,-1,-1,0,-1,63,0,0,0,-1,-1,-1,0.000000
5234,719,720,999,-1,211,213,17,45,183,1,96,1,280,-1,0.022222
5235,720,721,800,875,319,58,8,23,57,55,38,1,80,155,2.391304
5236,720,723,735,821,144,2,9,35,5,73,14,3,15,101,2.085714
5237,720,721,766,860,84,27,9,45,20,63,50,1,46,140,1.400000
5238,720,721,759,785,127,24,11,20,28,22,14,1,39,65,1.100000
5239,721,722,743,789,69,15,14,9,14,41,12,1,22,68,4.555556
5240,721,722,736,752,472,7,12,7,14,13,3,1,15,31,1.857143
5241,721,732,789,861,597,34,20,48,31,66,20,11,68,140,1.375000
5242,722,747,816,878,439,23,13,38,36,54,21,25,94,156,1.421053
5243,722,723,729,762,479,5,5,27,4,31,4,1,7,40,1.148148
5244,722,723,818,885,541,56,5,33,66,57,38,1,96,163,1.727273
5245,723,724,731,795,501,3,11,23,7,57,7,1,8,72,2.478261
5246,723,724,733,767,491,3,9,24,8,30,5,1,10,44,1.250000
5247,723,726,789,870,173,4,4,38,11,50,35,3,66,147,1.315789
5248,723,724,742,770,357,6,1,20,12,26,8,1,19,47,1.300000
5249,723,724,725,759,381,1,2,24,1,32,2,1,2,36,1.333333
5250,723,724,724,753,459,0,0,20,0,26,3,1,1,30,1.300000
5251,724,725,738,780,240,11,11,23,9,39,7,1,14,56,1.695652
5252,724,725,751,829,461,18,15,35,18,73,13,1,27,105,2.085714
5253,724,725,769,806,95,31,4,20,31,30,20,1,45,82,1.500000
5254,724,725,727,821,170,0,1,28,1,80,15,1,3,97,2.857143
5255,724,725,740,806,431,6,14,49,12,61,8,1,16,82,1.244898
5256,725,753,891,941,538,47,23,42,41,46,33,28,166,216,1.095238
5257,725,726,748,809,346,13,6,41,16,55,12,1,23,84,1.341463
5258,725,726,889,965,377,12,15,50,7,74,15,1,164,240,1.480000
5259,725,726,794,876,178,52,20,39,44,77,26,1,69,151,1.974359
5260,725,726,735,779,44,1,13,28,8,34,10,1,10,54,1.214286
5261,726,727,775,819,448,37,15,31,35,39,18,1,49,93,1.258065
5262,726,727,742,777,247,13,28,20,9,34,7,1,16,51,1.700000
5263,726,727,731,775,262,4,20,13,3,37,8,1,5,49,2.846154
5264,726,727,727,797,285,0,0,25,0,53,17,1,1,71,2.120000
5265,726,727,763,817,33,18,13,17,23,39,28,1,37,91,2.294118
5266,726,727,765,850,461,31,13,26,27,62,34,1,39,124,2.384615
5267,727,728,736,825,274,7,21,37,4,75,18,1,9,98,2.027027
5268,727,728,744,778,213,13,13,10,8,24,18,1,17,51,2.400000
5269,727,728,752,837,471,13,14,31,18,63,28,1,25,110,2.032258
5270,727,728,730,772,173,0,2,20,2,30,12,1,3,45,1.500000
5271,727,728,745,820,233,16,16,44,12,64,16,1,18,93,1.454545
5272,728,729,736,757,553,6,10,20,4,20,4,1,8,29,1.000000
5273,728,734,759,789,373,16,7,16,24,20,11,6,31,61,1.250000
5274,728,729,764,806,102,25,8,24,29,38,10,1,36,78,1.583333
5275,728,729,771,844,572,28,5,39,27,59,25,1,43,116,1.512821
5276,728,729,730,779,125,0,1,24,1,32,17,1,2,51,1.333333
5277,728,729,846,924,219,88,11,48,78,74,43,1,118,196,1.541667
5278,729,758,872,940,157,18,9,52,38,68,0,29,143,211,1.307692
5279,729,741,-1,-1,537,0,11,45,3,0,0,12,-1,-1,0.000000
5280,729,730,736,752,13,0,6,14,6,14,2,1,7,23,1.000000
5281,729,730,766,835,548,28,15,27,30,63,12,1,37,106,2.333333
5282,729,730,771,809,471,37,20,27,25,37,17,1,42,80,1.370370
5283,729,-1,-1,-1,-1,0,-1,63,0,0,0,-1,-1,-1,0.000000
5284,730,749,758,811,108,4,11,48,7,52,1,19,28,81,1.083333
5285,730,731,736,795,161,0,5,25,5,45,14,1,6,65,1.800000
5286,730,732,736,802,373,3,5,48,4,64,2,2,6,72,1.333333
5287,730,731,764,826,471,29,20,29,21,51,23,1,34,96,1.758621
5288,730,731,760,816,28,6,10,26,26,44,15,1,30,86,1.692308
5289,730,731,792,883,333,44,7,28,44,78,30,1,62,153,2.785714
5290,730,731,777,794,461,36,15,13,24,17,22,1,47,64,1.307692
5291,731,732,741,783,101,3,4,22,9,40,2,1,10,52,1.818182
5292,731,732,761,807,423,20,13,21,23,41,11,1,30,76,1.952381
5293,732,733,791,842,219,42,11,23,33,39,37,1,59,110,1.695652
5294,732,733,781,813,336,32,19,9,31,29,20,1,49,81,3.222222
5295,732,733,804,817,35,36,12,10,44,12,28,1,72,85,1.200000
5296,732,733,738,755,21,1,15,11,3,13,6,1,6,23,1.181818
5297,732,733,803,891,581,46,10,47,37,85,27,1,71,159,1.808511
5298,732,735,847,922,255,44,13,48,44,62,41,3,115,190,1.291667
5299,732,733,800,874,424,52,15,22,40,50,51,1,68,142,2.272727
5300,732,734,806,881,583,48,10,51,39,65,33,2,74,149,1.274510
5301,732,733,734,816,416,0,1,22,1,58,24,1,2,84,2.636364
5302,732,741,749,787,467,3,8,28,6,32,7,9,17,55,1.142857
5303,732,733,735,822,222,0,2,32,2,64,23,1,3,90,2.000000
5304,732,743,768,868,97,17,10,29,21,85,17,11,36,136,2.931034
5305,733,734,746,791,163,4,11,17,9,33,15,1,13,58,1.941176
5306,733,734,763,808,317,21,7,25,27,37,10,1,30,75,1.480000
5307,733,734,749,791,336,11,16,14,11,30,16,1,16,58,2.142857
5308,733,734,735,780,103,0,1,17,1,35,10,1,2,47,2.058824
5309,734,735,783,879,407,28,13,38,32,66,43,1,49,145,1.736842
5310,734,735,752,834,470,12,16,32,9,80,7,1,18,100,2.500000
5311,734,735,777,852,143,14,2,11,28,53,36,1,43,118,4.818182
5312,734,735,813,874,61,61,20,29,53,59,27,1,79,140,2.034483
5313,734,735,744,859,576,7,15,34,6,82,36,1,10,125,2.411765
5314,735,736,746,827,486,3,1,40,10,66,15,1,11,92,1.650000
5315,735,736,784,858,31,40,17,31,26,55,41,1,49,123,1.774194
5316,735,736,773,859,159,32,8,43,26,67,30,1,38,124,1.558140
5317,735,930,-1,-1,558,7,19,39,9,0,1,195,-1,-1,0.000000
5318,735,736,775,809,129,27,16,21,33,29,11,1,40,74,1.380952
5319,735,736,738,807,539,0,2,36,2,64,5,1,3,72,1.777778
5320,735,736,757,796,315,15,19,10,15,26,19,1,22,61,2.600000
5321,736,737,798,830,92,14,7,26,22,30,17,1,62,94,1.153846
5322,736,737,750,786,163,2,13,22,10,30,9,1,14,50,1.363636
5323,736,737,762,805,112,20,10,20,22,36,10,1,26,69,1.800000
5324,736,737,744,769,448,1,6,16,7,20,5,1,8,33,1.250000
5325,736,737,784,811,451,29,13,22,32,26,16,1,48,75,1.181818
5326,736,745,753,851,467,1,4,27,8,67,31,9,17,115,2.481481
5327,736,737,739,796,191,0,2,20,2,48,9,1,3,60,2.400000
5328,737,738,754,831,353,4,5,26,14,48,31,1,17,94,1.846154
5329,737,738,743,803,359,0,5,35,5,57,3,1,6,66,1.628571
5330,737,738,777,874,385,31,6,30,24,70,42,1,40,137,2.333333
5331,737,738,740,752,341,0,2,12,2,12,0,1,3,15,1.000000
5332,737,738,748,801,97,3,6,15,9,31,23,1,11,64,2.066667
5333,737,746,758,838,422,2,17,16,11,54,26,9,21,101,3.375000
5334,737,738,799,827,112,42,11,17,45,21,23,1,62,90,1.235294
5335,738,739,795,858,415,26,9,29,48,41,30,1,57,120,1.413793
5336,738,739,750,819,112,5,7,25,10,57,13,1,12,81,2.280000
5337,738,739,760,846,529,18,15,27,14,73,20,1,22,108,2.703704
5338,739,740,814,848,371,51,11,24,45,30,33,1,75,109,1.250000
5339,739,740,749,785,366,5,3,25,6,35,4,1,10,46,1.400000
5340,739,740,833,908,179,64,14,31,56,49,63,1,94,169,1.580645
5341,739,740,765,828,597,8,12,49,8,55,12,1,26,89,1.122449
5342,739,740,925,993,369,158,20,44,114,64,75,1,186,254,1.454545
5343,740,741,766,846,455,12,12,23,13,65,27,1,26,106,2.826087
5344,740,741,803,849,81,29,15,12,44,26,38,1,63,109,2.166667
5345,740,741,747,794,92,0,5,15,5,33,15,1,7,54,2.200000
5346,740,741,759,800,272,14,7,29,14,35,10,1,19,60,1.206897
5347,741,742,765,798,70,21,17,30,14,30,12,1,24,57,1.000000
5348,741,742,748,775,348,1,19,18,6,26,1,1,7,34,1.444444
5349,741,742,842,921,377,61,15,37,70,61,38,1,101,180,1.648649
5350,741,743,750,807,584,6,5,40,5,46,13,2,9,66,1.150000
5351,741,742,755,851,179,8,14,19,13,65,31,1,14,110,3.421053
5352,741,743,755,807,201,5,9,45,9,51,1,2,14,66,1.133333
5353,741,742,743,775,63,0,1,28,1,28,4,1,2,34,1.000000
5354,741,742,878,946,145,120,16,31,95,53,56,1,137,205,1.709677
5355,741,742,758,792,46,10,15,13,11,31,8,1,17,51,2.384615
5356,742,743,744,774,230,1,12,24,0,28,3,1,2,32,1.166667
5357,742,743,743,788,366,0,0,22,0,42,3,1,1,46,1.909091
5358,742,743,752,820,323,6,8,44,8,60,9,1,10,78,1.363636
5359,742,743,748,825,220,3,1,16,4,56,22,1,6,83,3.500000
5360,742,743,783,872,187,36,1,12,28,66,35,1,41,130,5.500000
5361,742,743,900,963,348,99,18,31,99,47,68,1,158,221,1.516129
5362,743,744,816,869,488,61,4,26,44,40,41,1,73,126,1.538462
5363,743,744,792,808,251,36,12,15,28,15,21,1,49,65,1.000000
5364,743,744,752,827,424,6,12,32,5,62,16,1,9,84,1.937500
5365,743,744,786,870,44,30,10,29,35,69,22,1,43,127,2.379310
5366,743,744,750,812,224,3,4,23,6,49,13,1,7,69,2.130435
5367,743,748,767,831,20,16,20,52,13,58,11,5,24,88,1.115385
5368,744,745,765,854,340,14,19,19,12,59,38,1,21,110,3.105263
5369,744,745,752,839,462,6,1,30,7,64,23,1,8,95,2.133333
5370,744,745,781,801,240,13,7,16,27,18,11,1,37,57,1.125000
5371,744,745,810,844,179,41,11,19,44,25,30,1,66,100,1.315789
5372,744,745,748,789,448,0,3,27,3,31,10,1,4,45,1.148148
5373,744,745,749,786,178,3,12,11,3,27,11,1,5,42,2.454545
5374,744,753,759,826,526,2,6,39,6,49,18,9,15,82,1.256410
5375,744,745,758,809,224,6,3,25,9,43,12,1,14,65,1.720000
5376,745,746,758,855,548,7,14,30,10,80,19,1,13,110,2.666667
5377,745,746,776,861,530,19,15,12,21,60,34,1,31,116,5.000000
5378,745,746,782,860,587,27,21,31,25,61,28,1,37,115,1.967742
5379,745,746,751,817,154,4,14,43,2,59,10,1,6,72,1.372093
5380,745,-1,-1,-1,-1,0,-1,46,0,0,0,-1,-1,-1,0.000000
5381,745,746,749,804,421,0,3,25,3,39,16,1,4,59,1.560000
5382,745,746,777,814,342,7,13,30,14,34,9,1,32,69,1.133333
5383,745,746,761,821,591,9,19,20,11,44,20,1,16,76,2.200000
5384,746,747,749,761,450,1,5,10,2,12,0,1,3,15,1.200000
5385,746,747,862,929,304,75,14,47,63,61,46,1,116,183,1.297872
5386,746,747,758,830,133,7,12,23,6,57,20,1,12,84,2.478261
5387,746,747,768,851,333,18,1,25,18,57,29,1,22,105,2.280000
5388,746,747,762,806,123,11,5,17,8,31,20,1,16,60,1.823529
5389,746,747,784,879,281,19,18,31,31,79,22,1,38,133,2.548387
5390,746,747,791,860,548,41,13,25,30,65,18,1,45,114,2.600000
5391,746,747,757,816,324,5,5,22,6,38,25,1,11,70,1.727273
5392,746,828,837,914,365,6,12,65,6,75,3,82,91,168,1.153846
5393,746,747,879,940,175,114,15,43,81,57,53,1,133,194,1.325581
5394,746,747,751,797,307,3,11,27,3,35,12,1,5,51,1.296296
5395,746,747,788,877,158,34,5,21,26,79,25,1,42,131,3.761905
5396,746,747,760,813,529,3,20,29,10,51,5,1,14,67,1.758621
5397,746,747,770,845,540,12,14,43,10,67,20,1,24,99,1.558140
5398,746,747,799,889,251,38,12,27,33,69,40,1,53,143,2.555556
5399,746,747,804,857,58,13,22,45,12,49,9,1,58,111,1.088889
5400,746,747,880,927,595,21,21,26,26,36,21,1,134,181,1.384615
5401,746,747,754,805,44,6,13,25,6,41,11,1,8,59,1.640000
5402,747,748,873,890,517,89,3,15,84,15,43,1,126,143,1.000000
5403,747,748,765,853,546,14,10,32,12,64,29,1,18,106,2.000000
5404,747,748,823,909,96,61,11,36,46,70,45,1,76,162,1.944444
5405,747,748,924,-1,177,122,17,41,117,65,70,1,177,-1,1.585366
5406,747,748,769,798,123,14,5,20,14,24,12,1,22,51,1.200000
5407,747,750,782,844,292,13,10,48,26,56,8,3,35,97,1.166667
5408,748,749,765,778,148,1,9,11,13,13,3,1,17,30,1.181818
5409,748,749,755,825,329,2,3,28,4,52,20,1,7,77,1.857143
5410,749,750,756,816,517,4,1,44,4,56,6,1,7,67,1.272727
5411,749,750,766,816,114,4,8,18,16,36,14,1,17,67,2.000000
5412,749,750,762,829,240,2,4,18,10,48,21,1,13,80,2.666667
5413,749,750,754,780,585,3,11,12,3,20,7,1,5,31,1.666667
5414,749,750,756,778,179,2,6,14,6,18,4,1,7,29,1.285714
5415,750,751,782,819,80,26,18,30,20,36,12,1,32,69,1.200000
5416,750,751,761,810,40,8,3,37,8,45,6,1,11,60,1.216216
5417,751,753,770,808,141,3,5,30,10,38,1,2,19,57,1.266667
5418,751,752,767,858,581,3,12,23,12,55,38,1,16,107,2.391304
5419,751,767,820,872,550,16,13,36,29,40,21,16,69,121,1.111111
5420,751,752,763,802,243,3,12,17,10,29,11,1,12,51,1.705882
5421,751,752,767,827,461,4,9,21,12,49,14,1,16,76,2.333333
5422,751,752,764,806,342,5,13,24,8,42,1,1,13,55,1.750000
5423,751,752,774,854,171,20,17,33,15,73,14,1,23,103,2.212121
5424,751,752,798,883,40,30,2,32,42,62,27,1,47,132,1.937500
5425,751,752,763,866,508,7,14,45,10,95,9,1,12,115,2.111111
5426,751,752,873,955,548,102,9,19,83,59,61,1,122,204,3.105263
5427,751,752,759,799,233,2,9,24,7,32,8,1,8,48,1.333333
5428,752,753,760,819,250,6,6,31,5,45,16,1,8,67,1.451613
5429,752,753,775,839,13,10,10,48,11,58,14,1,23,87,1.208333
5430,752,753,766,855,530,9,13,34,10,56,36,1,14,103,1.647059
5431,752,756,769,847,87,3,11,33,7,65,14,4,17,95,1.969697
5432,752,753,759,840,255,6,7,39,4,79,4,1,7,88,2.025641
5433,752,753,802,884,461,41,13,27,35,65,31,1,50,132,2.407407
5434,752,753,820,898,120,54,12,42,44,70,31,1,68,146,1.666667
5435,752,753,760,794,233,3,8,26,5,34,2,1,8,42,1.307692
5436,752,788,813,897,303,2,30,61,3,81,7,36,61,145,1.327869
5437,753,754,830,894,450,57,2,48,52,62,26,1,77,141,1.291667
5438,753,754,774,847,280,14,13,49,10,69,14,1,21,94,1.408163
5439,753,758,762,843,555,1,7,51,2,55,26,5,9,90,1.078431
5440,754,-1,-1,-1,-1,0,-1,58,0,0,0,-1,-1,-1,0.000000
5441,754,755,765,832,141,5,3,41,10,49,18,1,11,78,1.195122
5442,754,755,778,848,223,17,8,45,17,53,23,1,24,94,1.177778
5443,755,765,902,995,581,31,16,29,33,63,46,10,147,240,2.172414
5444,755,756,760,851,449,4,7,17,3,55,37,1,5,96,3.235294
5445,755,756,830,905,557,56,6,49,51,71,17,1,75,150,1.448980
5446,755,756,813,881,395,42,16,30,35,58,32,1,58,126,1.933333
5447,755,756,785,834,304,17,7,35,23,41,14,1,30,79,1.171429
5448,755,756,765,863,429,7,12,41,7,87,13,1,10,108,2.121951
5449,755,756,760,784,55,1,6,16,4,20,4,1,5,29,1.250000
5450,756,757,786,855,371,21,3,40,16,62,20,1,30,99,1.550000
5451,756,757,759,797,28,0,2,18,2,32,6,1,3,41,1.777778
5452,756,757,863,917,596,40,9,38,35,46,30,1,107,161,1.210526
5453,756,757,-1,-1,594,188,19,27,170,0,73,1,-1,-1,0.000000
5454,756,757,800,846,175,40,11,30,30,36,23,1,44,90,1.200000
5455,756,757,791,818,57,23,8,15,28,21,12,1,35,62,1.400000
5456,757,758,771,783,57,10,9,7,10,11,4,1,14,26,1.571429
5457,757,758,764,836,202,6,10,32,4,60,14,1,7,79,1.875000
5458,757,758,767,834,350,7,17,42,5,58,13,1,10,77,1.380952
5459,757,758,759,844,148,0,1,25,1,51,34,1,2,87,2.040000
5460,757,784,799,881,202,12,17,44,14,76,7,27,42,124,1.727273
5461,757,802,802,851,300,0,0,44,0,44,5,45,45,94,1.000000
5462,757,758,766,846,312,5,6,36,8,52,28,1,9,89,1.444444
5463,758,759,787,810,412,11,5,17,25,21,5,1,29,52,1.235294
5464,758,-1,-1,-1,-1,0,-1,50,0,0,0,-1,-1,-1,0.000000
5465,758,763,773,835,550,5,11,25,8,47,17,5,15,77,1.880000
5466,758,-1,-1,-1,-1,0,-1,50,0,0,0,-1,-1,-1,0.000000
5467,758,759,786,870,147,22,9,52,25,78,8,1,28,112,1.500000
5468,758,759,760,831,114,0,1,17,1,43,28,1,2,73,2.529412
5469,759,760,761,834,291,0,1,28,1,56,17,1,2,75,2.000000
5470,759,760,826,902,357,48,8,52,36,76,30,1,67,143,1.461538
5471,759,760,777,860,13,6,5,25,14,63,23,1,18,101,2.520000
5472,759,760,773,827,395,8,14,41,10,49,8,1,14,68,1.195122
5473,759,760,774,867,574,11,7,34,11,74,22,1,15,108,2.176471
5474,760,761,764,844,391,3,3,28,3,56,24,1,4,84,2.000000
5475,760,819,-1,-1,599,71,25,48,67,0,30,59,-1,-1,0.000000
5476,760,761,781,808,516,8,2,23,14,27,6,1,21,48,1.173913
5477,760,761,767,847,513,3,11,39,4,55,27,1,7,87,1.410256
5478,760,761,812,875,274,47,18,51,33,61,20,1,52,115,1.196078
5479,761,762,763,808,278,1,13,15,1,33,12,1,2,47,2.200000
5480,761,762,802,849,356,32,15,41,28,45,14,1,41,88,1.097561
5481,761,843,844,922,523,0,1,35,1,57,21,82,83,161,1.628571
5482,761,762,777,857,105,9,12,24,14,48,33,1,16,96,2.000000
5483,761,-1,-1,-1,-1,0,-1,54,0,0,0,-1,-1,-1,0.000000
5484,761,762,773,835,130,10,12,51,10,61,2,1,12,74,1.196078
5485,761,762,850,905,29,44,13,7,58,37,48,1,89,144,5.285714
5486,761,762,788,827,540,19,7,30,19,34,12,1,27,66,1.133333
5487,761,762,766,781,13,0,4,8,4,14,1,1,5,20,1.750000
5488,762,763,805,852,124,34,9,24,28,32,29,1,43,90,1.333333
5489,762,763,790,833,546,13,10,21,16,37,17,1,28,71,1.761905
5490,762,787,829,899,573,0,15,29,11,57,15,25,67,137,1.965517
5491,762,763,763,790,90,0,0,19,0,19,8,1,1,28,1.000000
5492,762,763,826,894,199,49,12,38,47,66,18,1,64,132,1.736842
5493,763,-1,-1,-1,-1,0,-1,64,0,0,0,-1,-1,-1,0.000000
5494,763,764,800,887,347,26,14,46,20,84,19,1,37,124,1.826087
5495,763,802,889,942,579,37,20,42,36,46,25,39,126,179,1.095238
5496,763,764,776,856,199,10,14,23,8,53,31,1,13,93,2.304348
5497,763,764,782,824,122,15,6,21,9,31,20,1,19,61,1.476190
5498,763,764,876,912,241,83,11,20,68,26,54,1,113,149,1.300000
5499,763,764,871,909,286,83,3,29,61,33,51,1,108,146,1.137931
5500,763,764,847,870,259,78,13,13,58,19,29,1,84,107,1.461538
5501,764,765,902,997,171,111,10,36,91,78,63,1,138,233,2.166667
5502,764,765,809,832,444,16,14,15,21,19,13,1,45,68,1.266667
5503,764,808,903,991,575,8,8,35,7,63,30,44,139,227,1.800000
5504,764,765,798,884,227,20,5,35,25,75,19,1,34,120,2.142857
5505,764,765,772,826,395,4,15,11,7,39,15,1,8,62,3.545455
5506,764,765,795,810,278,14,9,14,25,14,6,1,31,46,1.000000
5507,764,765,787,854,81,16,18,19,13,51,25,1,23,90,2.684211
5508,765,-1,-1,-1,-1,0,-1,50,0,0,0,-1,-1,-1,0.000000
5509,765,766,767,838,427,1,11,38,0,52,20,1,2,73,1.368421
5510,765,768,823,884,22,16,23,29,23,47,19,3,58,119,1.620690
5511,765,766,766,845,110,0,0,22,0,54,25,1,1,80,2.454545
5512,766,767,837,893,259,62,10,28,44,46,36,1,71,127,1.642857
5513,766,767,880,962,105,88,12,20,77,44,74,1,114,196,2.200000
5514,766,768,806,876,152,6,22,26,16,52,19,2,40,110,2.000000
5515,766,767,821,881,475,38,13,45,37,55,22,1,55,115,1.222222
5516,766,767,878,965,281,103,8,32,78,66,54,1,112,199,2.062500
5517,767,768,874,923,62,51,14,32,64,42,48,1,107,156,1.312500
5518,767,-1,-1,-1,-1,0,-1,52,0,0,0,-1,-1,-1,0.000000
5519,767,768,809,883,193,5,11,12,29,52,34,1,42,116,4.333333
5520,767,768,768,863,123,0,0,29,0,59,36,1,1,96,2.034483
5521,767,768,775,849,278,4,7,29,7,67,7,1,8,82,2.310345
5522,767,768,770,836,85,2,9,35,2,59,7,1,3,69,1.685714
5523,767,768,774,815,69,2,14,19,5,29,13,1,7,48,1.526316
5524,767,768,781,820,288,3,8,33,6,37,4,1,14,53,1.121212
5525,768,769,812,876,204,37,24,16,20,36,51,1,44,108,2.250000
5526,768,770,781,850,330,1,4,23,10,47,23,2,13,82,2.043478
5527,768,769,819,887,455,23,2,47,26,65,13,1,51,119,1.382979
5528,768,769,785,834,377,14,14,36,9,40,16,1,17,66,1.111111
5529,768,769,803,883,508,22,5,28,33,64,17,1,35,115,2.285714
5530,769,-1,-1,-1,-1,0,-1,48,0,0,0,-1,-1,-1,0.000000
5531,769,770,895,945,290,102,8,36,87,42,46,1,126,176,1.166667
5532,769,795,835,895,579,29,20,40,12,52,29,26,66,126,1.300000
5533,769,770,844,912,218,44,11,16,61,44,37,1,75,143,2.750000
5534,769,770,806,892,308,27,13,24,26,60,36,1,37,123,2.500000
5535,769,770,842,879,104,29,14,15,39,29,41,1,73,110,1.933333
5536,769,770,807,819,453,12,14,11,30,11,8,1,38,50,1.000000
5537,770,771,792,876,508,14,5,25,18,51,36,1,22,106,2.040000
5538,770,771,798,872,262,19,16,19,18,53,30,1,28,102,2.789474
5539,770,785,947,-1,50,30,21,36,41,35,21,15,177,-1,0.972222
5540,770,771,846,902,152,46,17,41,38,47,33,1,76,132,1.146341
5541,770,786,925,-1,573,13,11,39,24,52,28,16,155,-1,1.333333
5542,770,771,837,907,377,41,14,30,47,54,33,1,67,137,1.800000
5543,770,772,787,827,104,1,12,27,12,29,12,2,17,57,1.074074
5544,770,771,771,793,455,0,0,16,0,20,2,1,1,23,1.250000
5545,770,771,801,894,71,26,2,29,19,67,37,1,31,124,2.310345
5546,770,771,786,824,376,2,10,16,12,26,15,1,16,54,1.625000
5547,771,772,824,906,96,44,13,42,30,74,30,1,53,135,1.761905
5548,771,772,839,890,397,54,5,28,37,44,37,1,68,119,1.571429
5549,771,772,867,931,252,12,10,51,38,59,6,1,96,160,1.156863
5550,771,772,806,859,133,15,14,13,24,45,18,1,35,88,3.461538
5551,771,772,943,-1,595,114,17,61,97,53,55,1,172,-1,0.868852
5552,771,789,907,985,507,22,19,31,25,61,29,18,136,214,1.967742
5553,771,772,833,886,1,22,22,15,48,43,23,1,62,115,2.866667
5554,771,772,784,856,588,10,13,35,7,69,8,1,13,85,1.971429
5555,772,786,-1,-1,595,10,15,42,12,0,8,14,-1,-1,0.000000
5556,772,785,968,-1,587,42,25,37,46,28,18,13,196,-1,0.756757
5557,772,774,829,910,569,16,6,54,21,76,12,2,57,138,1.407407
5558,772,773,810,889,55,15,6,18,32,50,34,1,38,117,2.777778
5559,772,773,833,903,457,54,10,31,40,57,33,1,61,131,1.838710
5560,773,777,800,859,562,19,5,41,18,57,7,4,27,86,1.390244
5561,773,774,782,848,218,5,11,19,4,49,21,1,9,75,2.578947
5562,773,774,801,857,152,16,9,26,21,46,16,1,28,84,1.769231
5563,773,774,855,925,496,68,16,46,51,62,36,1,82,152,1.347826
5564,773,774,777,828,578,3,17,40,2,48,4,1,4,55,1.200000
5565,774,775,791,808,288,3,5,14,12,14,7,1,17,34,1.000000
5566,774,775,788,812,111,10,9,22,13,24,0,1,14,38,1.090909
5567,774,775,812,835,218,29,12,14,27,18,15,1,38,61,1.285714
5568,774,775,850,918,78,61,23,17,44,47,52,1,76,144,2.764706
5569,774,775,775,854,241,0,0,33,0,67,12,1,1,80,2.030303
5570,774,775,799,845,336,21,6,25,17,35,18,1,25,71,1.400000
5571,774,775,786,813,153,4,15,13,10,23,5,1,12,39,1.769231
5572,774,775,840,883,37,47,11,12,42,30,36,1,66,109,2.500000
5573,774,775,788,859,229,9,12,34,8,58,18,1,14,85,1.705882
5574,774,775,787,853,385,3,11,25,6,53,19,1,13,79,2.120000
5575,775,776,834,848,2,15,15,12,46,14,12,1,59,73,1.166667
5576,775,776,890,964,568,66,19,49,68,71,23,1,115,189,1.448980
5577,775,776,804,826,408,6,9,19,20,19,10,1,29,51,1.000000
5578,775,776,778,854,478,2,5,32,1,58,19,1,3,79,1.812500
5579,775,776,832,855,308,42,10,19,45,21,13,1,57,80,1.105263
5580,775,776,776,849,154,0,0,39,0,61,12,1,1,74,1.564103
5581,775,776,786,847,198,6,12,27,9,51,11,1,11,72,1.888889
5582,776,777,785,798,408,0,8,12,8,12,1,1,9,22,1.000000
5583,776,777,895,963,204,101,29,56,71,66,49,1,119,187,1.178571
5584,776,-1,-1,-1,-1,0,-1,47,0,0,0,-1,-1,-1,0.000000
5585,776,777,834,891,354,46,15,43,46,55,13,1,58,115,1.279070
5586,777,778,779,818,265,0,1,36,1,36,3,1,2,41,1.000000
5587,777,778,799,853,446,5,13,26,15,42,13,1,22,76,1.615385
5588,777,778,814,870,271,22,19,20,25,36,31,1,37,93,1.800000
5589,778,779,803,879,192,21,13,24,16,60,24,1,25,101,2.500000
5590,778,779,779,821,253,0,0,25,0,37,5,1,1,43,1.480000
5591,778,779,790,836,85,5,4,23,10,35,12,1,12,58,1.521739
5592,778,779,793,878,37,5,12,19,11,57,31,1,15,100,3.000000
5593,778,779,785,870,586,5,1,20,4,72,15,1,7,92,3.600000
5594,778,779,781,791,217,1,5,8,2,8,2,1,3,13,1.000000
5595,778,779,785,839,149,5,4,20,6,46,8,1,7,61,2.300000
5596,778,779,893,978,443,82,6,41,77,81,40,1,115,200,1.975610
5597,778,779,798,832,510,14,8,29,17,31,5,1,20,54,1.068966
5598,779,780,815,884,37,8,11,11,26,45,33,1,36,105,4.090909
5599,779,783,904,986,595,36,18,29,35,47,45,4,125,207,1.620690
5600,779,780,878,925,443,78,5,28,68,42,35,1,99,146,1.500000
5601,779,780,811,874,29,22,17,24,21,54,19,1,32,95,2.250000
5602,779,780,860,896,466,60,18,9,55,23,38,1,81,117,2.555556
5603,779,780,-1,-1,537,123,13,53,120,0,57,1,-1,-1,0.000000
5604,779,780,799,879,24,2,16,23,16,61,22,1,20,100,2.652174
5605,780,784,962,-1,121,68,15,29,81,24,30,4,182,-1,0.827586
5606,780,781,852,917,565,59,26,47,54,57,25,1,72,137,1.212766
5607,780,781,833,879,466,32,14,25,35,35,28,1,53,99,1.400000
5608,780,781,837,928,571,21,15,26,39,78,23,1,57,148,3.000000
5609,780,800,828,881,501,19,7,29,19,39,19,20,48,101,1.344828
5610,780,781,793,829,289,8,4,16,9,26,13,1,13,49,1.625000
5611,780,781,785,816,218,2,13,21,3,27,5,1,5,36,1.285714
5612,780,781,920,969,26,111,11,24,76,38,74,1,140,189,1.583333
5613,780,781,809,854,160,17,11,21,21,39,13,1,29,74,1.857143
5614,781,809,-1,-1,587,90,18,47,68,0,46,28,-1,-1,0.000000
5615,781,782,814,886,192,17,13,17,21,47,36,1,33,105,2.764706
5616,781,782,824,869,427,32,14,40,27,42,18,1,43,88,1.050000
5617,781,782,810,867,146,17,7,28,20,46,19,1,29,86,1.642857
5618,781,782,816,881,587,23,24,48,20,60,19,1,35,100,1.250000
5619,781,782,880,905,26,74,11,20,64,24,35,1,99,124,1.200000
5620,782,783,879,914,31,86,30,18,57,24,50,1,97,132,1.333333
5621,782,783,796,819,475,9,23,20,6,20,10,1,14,37,1.000000
5622,782,783,832,865,15,13,15,23,23,25,34,1,50,83,1.086957
5623,782,783,802,879,560,18,18,43,14,69,13,1,20,97,1.604651
5624,783,784,884,899,14,39,9,11,69,13,33,1,101,116,1.181818
5625,783,784,801,828,26,2,10,14,11,16,17,1,18,45,1.142857
5626,783,785,856,916,86,45,14,38,44,58,16,2,73,133,1.526316
5627,783,784,793,822,0,6,21,19,7,27,4,1,10,39,1.421053
5628,783,784,868,924,124,66,10,43,59,53,28,1,85,141,1.232558
5629,783,784,928,-1,80,111,17,49,90,66,60,1,145,-1,1.346939
5630,783,784,842,894,258,39,15,33,41,43,26,1,59,111,1.303030
5631,784,791,833,914,314,23,15,36,26,60,35,7,49,130,1.666667
5632,784,-1,-1,-1,-1,0,-1,55,0,0,0,-1,-1,-1,0.000000
5633,784,785,939,979,105,126,14,21,106,31,57,1,155,195,1.476190
5634,784,785,816,851,99,15,7,13,25,27,14,1,32,67,2.076923
5635,784,-1,-1,-1,-1,0,-1,52,0,0,0,-1,-1,-1,0.000000
5636,784,785,903,987,326,102,10,33,79,65,58,1,119,203,1.969697
5637,784,-1,-1,-1,-1,0,-1,65,0,0,0,-1,-1,-1,0.000000
5638,785,786,816,859,30,7,3,27,23,31,15,1,31,74,1.148148
5639,785,786,847,887,80,32,17,27,39,35,27,1,62,102,1.296296
5640,785,786,826,858,345,25,12,25,23,29,20,1,41,73,1.160000
5641,785,787,801,890,481,8,10,39,8,75,15,2,16,105,1.923077
5642,785,786,822,906,487,31,10,37,18,65,37,1,37,121,1.756757
5643,786,800,901,967,573,82,15,49,63,61,42,14,115,181,1.244898
5644,786,787,971,-1,595,54,14,33,67,28,15,1,185,-1,0.848485
5645,786,787,790,826,131,0,3,15,3,23,13,1,4,40,1.533333
5646,786,787,822,889,31,19,25,41,26,63,13,1,36,103,1.536585
5647,786,787,810,884,507,17,19,17,14,37,46,1,24,98,2.176471
5648,786,787,787,844,190,0,0,19,0,47,10,1,1,58,2.473684
5649,786,787,787,822,335,0,0,29,0,31,4,1,1,36,1.068966
5650,786,787,790,827,243,2,13,22,2,30,8,1,4,41,1.363636
5651,786,787,817,885,279,26,3,34,20,52,26,1,31,99,1.529412
5652,787,788,789,866,30,0,1,17,1,51,26,1,2,79,3.000000
5653,787,788,800,863,267,3,5,34,12,60,3,1,13,76,1.764706
5654,787,788,805,872,498,13,9,53,12,65,7,1,18,85,1.226415
5655,787,788,800,858,599,9,27,12,6,42,22,1,13,71,3.500000
5656,787,788,788,874,47,0,0,24,0,54,32,1,1,87,2.250000
5657,787,788,838,920,543,42,23,26,29,54,49,1,51,133,2.076923
5658,788,797,798,841,594,0,1,34,1,42,1,9,10,53,1.235294
5659,788,789,804,839,192,11,12,18,6,28,16,1,16,51,1.555556
5660,788,831,-1,-1,447,1,2,44,5,0,0,43,-1,-1,0.000000
5661,788,789,797,878,512,8,12,58,3,74,12,1,9,90,1.275862
5662,789,790,840,900,571,39,5,38,36,58,16,1,51,111,1.526316
5663,789,790,792,863,10,0,2,16,2,42,29,1,3,74,2.625000
5664,789,790,790,873,160,0,0,21,0,65,18,1,1,84,3.095238
5665,789,790,795,854,395,0,5,23,5,49,10,1,6,65,2.130435
5666,790,791,834,906,293,30,9,31,32,45,33,1,44,116,1.451613
5667,790,791,814,862,448,2,13,15,16,35,16,1,24,72,2.333333
5668,790,791,830,921,80,15,15,26,20,80,30,1,40,131,3.076923
5669,790,-1,-1,-1,-1,0,-1,46,0,0,0,-1,-1,-1,0.000000
5670,791,792,793,877,506,1,19,54,1,72,12,1,2,86,1.333333
5671,791,792,796,846,369,0,4,18,4,38,12,1,5,55,2.111111
5672,791,792,870,899,403,58,14,26,60,28,19,1,79,108,1.076923
5673,791,792,804,867,150,8,11,31,8,47,20,1,13,76,1.516129
5674,791,792,796,827,354,0,4,16,4,20,11,1,5,36,1.250000
5675,792,797,835,868,430,14,12,27,21,31,6,5,43,76,1.148148
5676,792,793,832,888,22,22,14,13,21,43,31,1,40,96,3.307692
5677,792,793,875,930,0,51,23,23,45,43,49,1,83,138,1.869565
5678,792,793,813,891,372,13,3,24,12,48,38,1,21,99,2.000000
5679,792,793,834,912,503,38,10,55,27,77,15,1,42,120,1.400000
5680,792,793,827,865,505,18,7,17,22,29,20,1,35,73,1.705882
5681,792,793,820,892,327,17,5,31,17,57,25,1,28,100,1.838710
5682,793,794,808,840,474,12,12,24,11,26,9,1,15,47,1.083333
5683,793,794,796,865,305,2,18,42,0,54,17,1,3,72,1.285714
5684,793,794,802,821,282,5,25,15,7,17,3,1,9,28,1.133333
5685,794,795,-1,-1,475,164,29,53,128,0,76,1,-1,-1,0.000000
5686,794,795,803,836,494,6,23,25,6,29,6,1,9,42,1.160000
5687,794,971,-1,-1,550,23,12,47,22,0,4,177,-1,-1,0.000000
5688,794,795,805,874,593,8,10,35,5,45,29,1,11,80,1.285714
5689,794,795,811,873,455,9,7,33,14,45,19,1,17,79,1.363636
5690,794,795,837,920,448,28,11,32,22,60,43,1,43,126,1.875000
5691,795,796,800,882,51,3,21,40,3,70,13,1,5,87,1.750000
5692,795,796,803,852,18,2,4,11,6,39,11,1,8,57,3.545455
5693,795,796,810,858,487,12,10,31,7,39,16,1,15,63,1.258065
5694,795,796,817,837,425,17,12,10,17,14,10,1,22,42,1.400000
5695,795,796,804,853,267,6,1,24,3,42,12,1,9,58,1.750000
5696,795,796,803,877,182,6,7,27,6,71,4,1,8,82,2.629630
5697,796,797,920,969,349,76,11,31,91,43,38,1,124,173,1.387097
5698,796,797,852,914,60,39,6,26,42,48,27,1,56,118,1.846154
5699,796,806,901,990,83,29,25,25,33,59,39,10,105,194,2.360000
5700,796,797,829,862,100,27,17,30,19,30,16,1,33,66,1.000000
5701,797,798,814,867,22,10,14,23,13,39,17,1,17,70,1.695652
5702,797,798,817,883,277,10,22,30,12,50,21,1,20,86,1.666667
5703,797,798,804,876,50,4,11,57,5,65,8,1,7,79,1.140351
5704,797,-1,-1,-1,-1,0,-1,54,0,0,0,-1,-1,-1,0.000000
5705,797,798,817,886,574,16,12,28,10,50,28,1,20,89,1.785714
5706,797,798,815,844,32,12,11,15,7,23,16,1,18,47,1.533333
5707,798,-1,-1,-1,-1,0,-1,51,0,0,0,-1,-1,-1,0.000000
5708,798,799,801,846,145,1,29,30,0,36,11,1,3,48,1.200000
5709,798,799,884,923,560,63,13,14,52,34,38,1,86,125,2.428571
5710,798,799,828,844,31,20,21,9,17,15,13,1,30,46,1.666667
5711,798,799,829,909,375,27,13,39,22,73,15,1,31,111,1.871795
5712,799,828,-1,-1,447,5,5,43,14,0,2,29,-1,-1,0.000000
5713,799,800,897,979,277,77,15,26,66,68,45,1,98,180,2.615385
5714,799,800,839,886,100,36,17,28,29,44,13,1,40,87,1.571429
5715,799,800,836,907,352,26,19,38,28,62,17,1,37,108,1.631579
5716,799,800,812,859,537,6,16,37,6,41,9,1,13,60,1.108108
5717,799,800,809,827,173,5,14,8,8,12,7,1,10,28,1.500000
5718,800,801,812,895,254,7,4,32,10,62,22,1,12,95,1.937500
5719,800,802,803,839,595,0,1,17,1,23,13,2,3,39,1.352941
5720,800,923,957,-1,410,7,16,38,11,41,4,123,157,-1,1.078947
5721,800,801,830,879,474,21,8,14,24,32,22,1,30,79,2.285714
5722,800,801,845,896,574,32,11,20,30,42,23,1,45,96,2.100000
5723,800,801,806,823,194,2,12,7,3,13,6,1,6,23,1.857143
5724,800,868,-1,-1,559,0,10,57,1,0,0,68,-1,-1,0.000000
5725,801,802,808,871,575,1,10,24,6,54,9,1,7,70,2.250000
5726,801,802,860,885,101,28,2,11,39,21,23,1,59,84,1.909091
5727,801,802,859,903,276,42,10,40,39,42,20,1,58,102,1.050000
5728,802,803,889,913,109,49,14,14,54,16,40,1,87,111,1.142857
5729,802,803,825,891,276,16,9,28,15,46,27,1,23,89,1.642857
5730,802,803,899,993,284,85,23,28,77,68,45,1,97,191,2.428571
5731,802,806,994,-1,17,53,7,37,71,6,27,4,192,-1,0.162162
5732,802,806,893,941,399,44,16,29,61,37,35,4,91,139,1.275862
5733,802,811,-1,-1,559,37,11,36,31,0,15,9,-1,-1,0.000000
5734,803,804,829,895,337,20,19,48,22,64,5,1,26,92,1.333333
5735,803,804,822,893,341,15,16,46,10,68,11,1,19,90,1.478261
5736,803,806,848,889,464,22,20,34,35,36,12,3,45,86,1.058824
5737,803,867,-1,-1,121,10,20,41,18,0,3,64,-1,-1,0.000000
5738,803,804,889,960,36,39,23,25,51,49,56,1,86,157,1.960000
5739,803,804,813,891,54,8,11,26,4,58,25,1,10,88,2.230769
5740,803,804,873,928,314,59,14,41,43,55,26,1,70,125,1.341463
5741,803,804,880,944,399,60,16,45,48,55,33,1,77,141,1.222222
5742,804,805,816,831,194,1,12,11,11,13,2,1,12,27,1.181818
5743,804,805,829,878,420,8,20,20,20,40,13,1,25,74,2.000000
5744,804,805,844,861,389,21,2,10,30,14,12,1,40,57,1.400000
5745,804,805,813,860,338,6,5,14,7,38,10,1,9,56,2.714286
5746,804,807,873,928,568,30,12,49,31,55,18,3,69,124,1.122449
5747,805,806,828,881,389,14,3,25,15,51,9,1,23,76,2.040000
5748,805,806,815,895,298,3,9,31,8,59,22,1,10,90,1.903226
5749,805,806,817,861,35,5,9,15,10,33,12,1,12,56,2.200000
5750,806,807,858,897,352,37,13,9,24,23,43,1,52,91,2.555556
5751,806,807,839,885,191,26,8,34,26,40,12,1,33,79,1.176471
5752,806,807,810,837,366,0,3,9,3,19,8,1,4,31,2.111111
5753,806,867,-1,-1,118,56,19,36,58,0,22,61,-1,-1,0.000000
5754,806,807,990,-1,71,132,22,39,128,9,53,1,184,-1,0.230769
5755,806,807,821,876,181,10,16,34,12,42,15,1,15,70,1.235294
5756,806,822,833,891,447,4,8,31,10,47,12,16,27,85,1.516129
5757,807,808,816,876,380,6,14,36,5,60,3,1,9,69,1.666667
5758,807,808,828,899,81,14,13,36,17,58,16,1,21,92,1.611111
5759,807,808,882,918,96,57,8,29,61,33,13,1,75,111,1.137931
5760,807,808,815,849,137,1,7,18,7,26,8,1,8,42,1.444444
5761,807,808,817,861,396,3,7,32,7,38,8,1,10,54,1.187500
5762,807,808,879,923,345,52,10,33,52,43,20,1,72,116,1.303030
5763,807,808,832,865,194,6,12,22,13,26,18,1,25,58,1.181818
5764,808,809,828,886,425,17,19,34,12,50,15,1,20,78,1.470588
5765,808,823,842,892,258,4,10,40,16,46,5,15,34,84,1.150000
5766,808,-1,-1,-1,-1,0,-1,52,0,0,0,-1,-1,-1,0.000000
5767,808,809,859,933,427,28,4,15,40,49,35,1,51,125,3.266667
5768,808,809,922,-1,285,92,7,21,84,54,53,1,114,-1,2.571429
5769,808,809,827,905,181,10,13,34,15,74,7,1,19,97,2.176471
5770,808,-1,-1,-1,-1,0,-1,58,0,0,0,-1,-1,-1,0.000000
5771,809,810,827,892,306,8,9,18,12,34,36,1,18,83,1.888889
5772,809,811,837,910,457,18,17,25,23,39,37,2,28,101,1.560000
5773,809,810,885,933,81,66,19,32,45,44,34,1,76,124,1.375000
5774,809,810,840,893,11,22,12,30,22,50,11,1,31,84,1.666667
5775,809,810,844,872,132,21,12,23,20,23,19,1,35,63,1.000000
5776,809,810,817,887,465,5,11,46,7,64,6,1,8,78,1.391304
5777,810,811,833,904,313,19,10,47,15,63,15,1,23,94,1.340426
5778,810,811,901,985,98,48,17,28,57,56,61,1,91,175,2.000000
5779,810,811,895,948,377,58,12,35,49,49,38,1,85,138,1.400000
5780,810,811,818,894,41,2,7,17,7,49,27,1,8,84,2.882353
5781,810,811,839,901,188,15,13,32,15,52,23,1,29,91,1.625000
5782,810,811,820,887,126,4,9,23,8,53,15,1,10,77,2.304348
5783,810,811,993,-1,375,138,6,37,111,7,63,1,183,-1,0.189189
5784,810,811,830,915,464,18,18,40,11,54,39,1,20,105,1.350000
5785,811,812,828,856,197,10,11,24,14,28,2,1,17,45,1.166667
5786,811,970,-1,-1,550,25,11,47,27,0,1,159,-1,-1,0.000000
5787,811,812,855,940,128,32,17,19,30,55,43,1,44,129,2.894737
5788,811,812,826,878,12,10,14,13,10,35,21,1,15,67,2.692308
5789,811,812,824,902,273,5,20,36,7,52,31,1,13,91,1.444444
5790,812,813,824,900,282,6,12,15,7,55,25,1,12,88,3.666667
5791,812,813,841,899,477,19,14,34,17,48,21,1,29,87,1.411765
5792,813,822,834,929,371,2,11,33,12,67,28,9,21,116,2.030303
5793,813,814,834,902,243,16,3,21,17,53,18,1,21,89,2.523810
5794,813,814,837,906,83,18,7,43,18,61,13,1,24,93,1.418605
5795,813,814,873,918,178,41,14,38,52,40,12,1,60,105,1.052632
5796,814,867,952,-1,348,56,16,31,59,40,17,53,138,-1,1.290323
5797,814,880,915,990,586,28,18,54,26,68,15,66,101,176,1.259259
5798,814,815,818,853,258,1,13,25,3,33,2,1,4,39,1.320000
5799,814,815,871,954,567,48,9,22,40,66,33,1,57,140,3.000000
5800,814,815,879,952,577,7,5,31,23,59,20,1,65,138,1.903226
5801,815,816,818,892,191,2,11,47,1,65,10,1,3,77,1.382979
5802,815,816,874,958,151,24,19,27,31,57,40,1,59,143,2.111111
5803,816,817,839,881,257,21,13,30,18,36,10,1,23,65,1.200000
5804,816,817,817,893,7,0,0,13,0,57,19,1,1,77,4.384615
5805,816,817,817,836,290,0,0,15,0,17,2,1,1,20,1.133333
5806,816,817,897,994,68,46,11,38,49,74,48,1,81,178,1.947368
5807,816,817,827,881,185,10,13,34,7,44,13,1,11,65,1.294118
5808,816,862,-1,-1,4,1,14,44,1,0,1,46,-1,-1,0.000000
5809,816,817,828,903,587,11,23,41,9,67,10,1,12,87,1.634146
5810,816,817,838,921,251,19,29,36,15,64,25,1,22,105,1.777778
5811,816,817,819,882,272,2,10,29,2,59,4,1,3,66,2.034483
5812,816,817,884,941,309,54,14,28,40,50,34,1,68,125,1.785714
5813,816,817,928,-1,393,90,28,40,67,62,54,1,112,-1,1.550000
5814,816,817,825,913,258,3,11,24,8,64,24,1,9,97,2.666667
5815,816,817,828,866,440,6,11,29,6,33,10,1,12,50,1.137931
5816,816,817,831,894,415,7,11,39,12,55,10,1,15,78,1.410256
5817,817,822,837,883,258,4,11,38,12,44,4,5,20,66,1.157895
5818,817,818,843,908,282,16,7,30,19,62,9,1,26,91,2.066667
5819,817,818,850,873,12,16,11,9,21,13,21,1,33,56,1.444444
5820,817,818,846,881,32,13,12,23,22,25,16,1,29,64,1.086957
5821,817,818,844,863,51,17,13,12,15,14,16,1,27,46,1.166667
5822,817,818,839,922,421,19,19,49,12,77,15,1,22,105,1.571429
5823,817,867,-1,-1,161,6,9,43,11,0,2,50,-1,-1,0.000000
5824,817,818,843,891,359,15,4,12,19,36,18,1,26,74,3.000000
5825,817,818,828,867,25,3,8,12,7,26,16,1,11,50,2.166667
5826,818,819,889,959,470,58,11,29,51,53,33,1,71,141,1.827586
5827,818,819,837,912,317,15,15,26,13,58,22,1,19,94,2.230769
5828,818,819,854,902,339,32,15,28,29,42,12,1,36,84,1.500000
5829,818,826,836,862,39,3,10,24,10,26,0,8,18,44,1.083333
5830,819,820,912,991,476,67,4,15,70,59,42,1,93,172,3.933333
5831,819,820,843,934,520,5,23,46,6,72,24,1,24,115,1.565217
5832,819,820,833,906,27,7,13,10,10,50,26,1,14,87,5.000000
5833,819,820,822,859,359,2,2,12,2,26,11,1,3,40,2.166667
5834,819,820,823,850,22,0,3,14,3,20,7,1,4,31,1.428571
5835,819,820,835,887,262,10,15,30,12,38,17,1,16,68,1.266667
5836,819,820,848,892,269,17,22,36,19,42,11,1,29,73,1.166667
5837,819,820,844,888,337,19,10,28,19,40,9,1,25,69,1.428571
5838,819,820,940,-1,343,90,15,25,82,41,57,1,121,-1,1.640000
5839,819,820,889,939,87,53,11,20,47,40,32,1,70,120,2.000000
5840,819,820,849,892,70,22,13,24,17,34,21,1,30,73,1.416667
5841,820,821,822,862,309,0,1,15,1,29,11,1,2,42,1.933333
5842,820,821,913,988,264,76,21,49,65,69,33,1,93,168,1.408163
5843,820,821,824,885,144,1,2,16,3,50,11,1,4,65,3.125000
5844,820,821,871,937,246,43,17,42,35,54,27,1,51,117,1.285714
5845,821,-1,-1,-1,-1,0,-1,54,0,0,0,-1,-1,-1,0.000000
5846,821,822,863,940,109,23,5,28,30,76,12,1,42,119,2.714286
5847,821,822,827,849,323,1,10,20,5,20,2,1,6,28,1.000000
5848,821,822,835,856,32,3,13,15,9,17,8,1,14,35,1.133333
5849,821,822,-1,-1,524,66,20,56,66,0,40,1,-1,-1,0.000000
5850,821,822,835,922,129,5,17,37,10,61,29,1,14,101,1.648649
5851,822,823,831,896,292,7,13,33,6,53,14,1,9,74,1.606061
5852,822,823,870,941,288,36,8,42,35,68,15,1,48,119,1.619048
5853,822,823,860,886,584,0,14,23,10,25,2,1,38,64,1.086957
5854,822,823,874,911,69,34,5,24,30,32,26,1,52,89,1.333333
5855,822,823,824,867,559,0,1,14,1,36,7,1,2,45,2.571429
5856,822,823,846,877,176,6,21,17,21,25,8,1,24,55,1.470588
5857,822,823,825,886,599,2,17,52,1,58,4,1,3,64,1.115385
5858,822,823,933,992,187,80,12,15,74,43,52,1,111,170,2.866667
5859,822,823,830,886,62,1,3,23,6,47,10,1,8,64,2.043478
5860,823,928,-1,-1,593,1,25,45,2,0,2,105,-1,-1,0.000000
5861,823,848,857,904,592,6,9,28,7,38,11,25,34,81,1.357143
5862,824,825,825,871,243,0,0,9,0,35,11,1,1,47,3.888889
5863,824,825,841,927,269,13,12,24,14,68,20,1,17,103,2.833333
5864,824,825,849,892,188,16,11,25,19,39,9,1,25,68,1.560000
5865,824,825,877,910,51,20,12,17,40,27,18,1,53,86,1.588235
5866,825,826,831,892,112,3,15,16,4,32,30,1,6,67,2.000000
5867,825,826,887,913,468,55,19,21,50,21,16,1,62,88,1.000000
5868,825,826,834,928,284,8,7,40,6,68,28,1,9,103,1.700000
5869,825,826,850,863,599,10,9,10,16,12,9,1,25,38,1.200000
5870,825,826,864,916,220,31,11,45,24,47,19,1,39,91,1.044444
5871,825,826,863,887,196,29,18,14,27,22,12,1,38,62,1.571429
5872,826,827,875,967,468,31,22,52,26,82,27,1,49,141,1.576923
5873,826,827,831,881,8,0,3,15,3,31,20,1,5,55,2.066667
5874,826,827,834,924,457,5,3,45,7,73,17,1,8,98,1.622222
5875,826,827,843,874,270,12,11,20,14,24,9,1,17,48,1.200000
5876,826,827,907,920,81,57,19,8,54,8,31,1,81,94,1.000000
5877,826,-1,-1,-1,-1,0,-1,52,0,0,0,-1,-1,-1,0.000000
5878,826,827,882,961,339,41,6,29,42,61,31,1,56,135,2.103448
5879,826,827,842,929,576,9,8,24,10,54,38,1,16,103,2.250000
5880,826,827,841,913,36,14,16,42,11,64,11,1,15,87,1.523810
5881,827,828,865,941,434,30,16,31,21,63,29,1,38,114,2.032258
5882,827,828,840,928,259,9,4,25,10,61,29,1,13,101,2.440000
5883,827,828,829,893,404,1,13,33,1,51,13,1,2,66,1.545455
5884,827,828,844,897,477,13,15,39,11,47,11,1,17,70,1.205128
5885,827,828,836,912,378,7,16,31,6,61,17,1,9,85,1.967742
5886,827,828,842,910,599,11,6,28,11,48,23,1,15,83,1.714286
5887,827,828,846,904,211,13,20,28,13,46,17,1,19,77,1.642857
5888,827,828,828,878,132,0,0,16,0,38,12,1,1,51,2.375000
5889,827,834,861,916,323,5,11,25,15,47,11,7,34,89,1.880000
5890,827,839,918,-1,504,40,11,50,32,77,22,12,91,-1,1.540000
5891,827,828,915,990,402,75,2,50,58,68,36,1,88,163,1.360000
5892,827,828,875,947,543,33,9,23,28,55,36,1,48,120,2.391304
5893,827,828,977,-1,370,112,11,35,96,22,54,1,150,-1,0.628571
5894,827,828,830,864,54,0,2,20,2,24,10,1,3,37,1.200000
5895,828,829,916,964,246,71,15,36,58,46,31,1,88,136,1.277778
5896,828,829,838,855,273,6,13,14,6,16,4,1,10,27,1.142857
5897,828,829,838,880,292,3,7,35,7,39,5,1,10,52,1.114286
5898,828,829,831,909,527,0,2,34,2,72,6,1,3,81,2.117647
5899,828,829,838,882,88,4,14,16,8,34,11,1,10,54,2.125000
5900,829,830,834,920,592,4,14,48,3,74,13,1,5,91,1.541667
5901,829,830,840,902,216,9,7,47,6,59,7,1,11,73,1.255319
5902,829,844,-1,-1,579,2,18,46,6,0,1,15,-1,-1,0.000000
5903,829,830,935,-1,76,90,7,35,81,34,55,1,106,-1,0.971429
5904,829,830,834,865,52,0,4,28,4,30,1,1,5,36,1.071429
5905,829,832,840,910,346,0,7,13,7,45,26,3,11,81,3.461538
5906,830,831,840,901,53,6,19,15,8,37,25,1,10,71,2.466667
5907,830,831,868,944,79,29,13,35,28,59,26,1,38,114,1.685714
5908,830,831,876,963,240,37,15,16,26,70,36,1,46,133,4.375000
5909,830,831,840,925,497,9,17,20,8,60,26,1,10,95,3.000000
5910,831,832,848,874,128,11,12,14,12,16,14,1,17,43,1.142857
5911,831,832,845,886,61,9,13,29,8,37,9,1,14,55,1.275862
5912,831,832,834,913,584,2,2,35,2,63,16,1,3,82,1.800000
5913,831,832,848,891,497,10,8,22,12,36,11,1,17,60,1.636364
5914,831,832,849,924,565,16,29,36,10,56,26,1,18,93,1.555556
5915,831,832,887,922,129,21,23,17,35,27,28,1,56,91,1.588235
5916,831,832,871,953,194,30,15,25,24,55,42,1,40,122,2.200000
5917,832,833,876,967,158,35,11,19,28,61,45,1,44,135,3.210526
5918,832,833,842,930,135,6,12,45,6,71,20,1,10,98,1.577778
5919,832,833,885,939,117,36,10,25,38,37,31,1,53,107,1.480000
5920,832,833,838,895,412,2,8,35,5,55,2,1,6,63,1.571429
5921,833,834,-1,-1,572,64,3,61,53,0,23,1,-1,-1,0.000000
5922,833,834,878,919,271,34,8,25,36,37,12,1,45,86,1.480000
5923,834,835,841,897,430,1,1,43,5,53,4,1,7,63,1.232558
5924,834,835,950,-1,203,87,15,29,85,48,32,1,116,-1,1.655172
5925,834,835,853,895,321,13,16,33,12,41,7,1,19,61,1.242424
5926,834,835,842,937,392,0,7,43,7,71,24,1,8,103,1.651163
5927,834,835,868,928,170,21,8,30,23,44,26,1,34,94,1.466667
5928,834,835,840,903,71,3,7,23,4,47,17,1,6,69,2.043478
5929,834,835,852,901,464,12,8,27,12,43,11,1,18,67,1.592593
5930,834,835,841,878,340,6,10,28,4,36,3,1,7,44,1.285714
5931,834,835,851,881,88,10,14,21,13,23,10,1,17,47,1.095238
5932,834,835,841,883,350,0,5,13,5,27,16,1,7,49,2.076923
5933,834,835,866,912,116,20,10,28,24,38,15,1,32,78,1.357143
5934,835,836,871,948,12,29,15,46,29,66,17,1,36,113,1.434783
5935,835,836,844,869,187,6,7,19,6,21,6,1,9,34,1.105263
5936,835,-1,-1,-1,-1,0,-1,57,0,0,0,-1,-1,-1,0.000000
5937,835,836,949,-1,61,86,18,40,73,41,49,1,114,-1,1.025000
5938,835,836,862,931,26,9,11,24,22,54,18,1,27,96,2.250000
5939,835,836,854,937,158,6,14,11,14,63,24,1,19,102,5.727273
5940,835,836,911,962,414,48,14,32,47,46,33,1,76,127,1.437500
5941,836,837,844,879,49,2,21,25,3,31,8,1,8,43,1.240000
5942,836,837,864,892,145,20,14,22,16,24,15,1,28,56,1.090909
5943,836,837,857,926,29,3,13,20,16,54,19,1,21,90,2.700000
5944,836,837,860,884,414,14,11,18,18,22,7,1,24,48,1.222222
5945,836,837,881,905,158,29,13,17,24,19,25,1,45,69,1.117647
5946,836,837,903,914,77,42,15,9,51,11,15,1,67,78,1.222222
5947,837,838,849,881,223,8,2,17,9,21,13,1,12,44,1.235294
5948,837,838,863,916,525,8,11,25,13,45,15,1,26,79,1.800000
5949,837,838,852,909,195,12,9,42,9,46,16,1,15,72,1.095238
5950,837,838,843,892,71,4,4,21,4,35,15,1,6,55,1.666667
5951,837,838,845,928,306,6,7,28,4,72,14,1,8,91,2.571429
5952,837,843,877,941,1,21,15,42,16,58,16,6,40,104,1.380952
5953,838,839,903,981,102,54,20,30,31,54,57,1,65,143,1.800000
5954,838,839,863,941,240,16,17,15,15,55,32,1,25,103,3.666667
5955,838,839,844,908,92,2,11,38,5,56,8,1,6,70,1.473684
5956,838,839,849,941,44,6,12,29,10,77,15,1,11,103,2.655172
5957,839,840,872,958,196,25,26,41,20,55,43,1,33,119,1.341463
5958,839,840,870,945,424,18,13,41,21,57,27,1,31,106,1.390244
5959,839,879,933,-1,233,9,10,40,13,56,19,40,94,-1,1.400000
5960,839,840,863,911,247,18,12,22,18,36,17,1,24,72,1.636364
5961,839,840,864,879,9,9,10,11,22,13,4,1,25,40,1.181818
5962,839,840,902,940,269,39,13,21,35,33,32,1,63,101,1.571429
5963,839,877,931,-1,323,28,9,37,26,51,36,38,92,-1,1.378378
5964,840,841,886,944,306,28,6,42,32,54,14,1,46,104,1.285714
5965,840,841,861,876,29,9,10,12,17,14,4,1,21,36,1.166667
5966,840,844,-1,-1,469,34,6,45,28,0,11,4,-1,-1,0.000000
5967,841,842,893,941,345,44,6,27,41,31,27,1,52,100,1.148148
5968,841,842,901,958,404,42,2,45,47,57,12,1,60,117,1.266667
5969,841,842,985,-1,79,119,2,25,91,14,53,1,144,-1,0.560000
5970,841,842,914,963,373,49,18,31,47,43,31,1,73,122,1.387097
5971,842,843,865,927,261,7,5,14,18,46,20,1,23,85,3.285714
5972,843,844,892,926,565,18,26,15,33,23,26,1,49,83,1.533333
5973,843,844,855,944,366,4,4,36,11,62,27,1,12,101,1.722222
5974,843,844,915,969,406,54,7,25,41,39,45,1,72,126,1.560000
5975,843,-1,-1,-1,-1,0,-1,51,0,0,0,-1,-1,-1,0.000000
5976,844,845,870,903,381,20,18,25,19,29,10,1,26,59,1.160000
5977,844,845,898,987,326,42,8,18,38,48,56,1,54,143,2.666667
5978,844,845,910,966,228,57,7,28,50,46,25,1,66,122,1.642857
5979,844,846,878,921,290,3,4,39,11,39,5,2,34,77,1.000000
5980,844,845,865,890,568,17,10,23,16,25,4,1,21,46,1.086957
5981,844,845,862,919,366,11,3,18,10,34,30,1,18,75,1.888889
5982,844,845,932,-1,190,55,11,23,55,53,47,1,88,-1,2.304348
5983,844,845,890,960,380,35,13,36,31,70,14,1,46,116,1.944444
5984,844,845,850,885,290,2,5,27,5,31,4,1,6,41,1.148148
5985,844,845,877,911,180,17,11,13,21,31,14,1,33,67,2.384615
5986,844,845,851,898,360,5,14,22,5,30,18,1,7,54,1.363636
5987,845,846,870,885,186,18,11,9,17,13,9,1,25,40,1.444444
5988,845,846,858,912,373,6,28,24,8,38,20,1,13,67,1.583333
5989,845,846,853,878,280,1,5,18,7,24,1,1,8,33,1.333333
5990,845,846,846,906,464,0,0,38,0,48,12,1,1,61,1.263158
5991,846,847,882,970,148,23,17,33,26,63,34,1,36,124,1.909091
5992,846,847,861,895,326,8,4,24,11,30,7,1,15,49,1.250000
5993,846,847,962,-1,158,85,10,40,72,33,48,1,116,-1,0.825000
5994,846,847,858,911,469,3,5,18,10,34,20,1,12,65,1.888889
5995,846,847,875,936,340,27,15,44,20,58,11,1,29,90,1.318182
5996,846,849,856,948,281,1,7,29,6,75,18,3,10,102,2.586207
5997,847,848,867,931,9,11,9,31,17,63,3,1,20,84,2.032258
5998,847,848,862,944,445,10,8,48,10,76,10,1,15,97,1.583333
5999,847,848,855,916,251,5,4,34,5,50,13,1,8,69,1.470588
6000,847,848,891,932,242,30,13,27,29,33,22,1,44,85,1.222222
6001,848,861,927,-1,109,3,12,43,9,58,17,13,79,-1,1.348837
6002,848,849,966,-1,468,61,20,54,69,33,17,1,118,-1,0.611111
6003,848,849,929,-1,451,65,12,33,46,49,56,1,81,-1,1.484848
6004,848,849,849,911,357,0,0,30,0,60,2,1,1,63,2.000000
6005,848,849,855,899,307,5,16,19,5,33,12,1,7,51,1.736842
6006,848,849,882,933,400,22,12,29,22,49,13,1,34,85,1.689655
6007,848,849,860,881,59,4,18,15,9,19,4,1,12,33,1.266667
6008,849,850,861,913,328,10,14,24,8,48,7,1,12,64,2.000000
6009,849,850,859,946,475,6,16,35,7,47,42,1,10,97,1.342857
6010,849,850,880,959,242,25,19,40,22,70,17,1,31,110,1.750000
6011,849,850,-1,-1,108,123,19,47,101,0,49,1,-1,-1,0.000000
6012,849,850,855,930,345,3,5,28,5,72,3,1,6,81,2.571429
6013,849,850,871,931,368,16,5,29,19,49,13,1,22,82,1.689655
6014,849,850,869,952,180,11,9,45,13,73,16,1,20,103,1.622222
6015,850,851,894,919,9,18,6,10,32,22,14,1,44,69,2.200000
6016,850,-1,-1,-1,-1,0,-1,43,0,0,0,-1,-1,-1,0.000000
6017,850,851,867,926,305,9,11,27,10,59,6,1,17,76,2.185185
6018,850,851,881,923,149,21,10,22,25,32,15,1,31,73,1.454545
6019,850,851,870,932,275,15,16,24,16,46,19,1,20,82,1.916667
6020,851,852,866,928,22,10,7,46,11,58,7,1,15,77,1.260870
6021,851,852,858,897,305,1,11,25,3,39,3,1,7,46,1.560000
6022,851,852,911,924,434,15,28,10,39,10,23,1,60,73,1.000000
6023,851,852,888,915,196,32,29,17,19,23,21,1,37,64,1.352941
6024,851,852,870,924,235,13,9,26,15,52,5,1,19,73,2.000000
6025,851,852,881,914,86,19,7,14,20,24,18,1,30,63,1.714286
6026,851,852,908,988,300,50,6,42,42,68,24,1,57,137,1.619048
6027,851,852,885,929,451,28,13,35,17,43,17,1,34,78,1.228571
6028,852,853,858,902,156,5,9,26,5,40,4,1,6,50,1.538462
6029,852,853,857,899,73,1,5,29,3,35,8,1,5,47,1.206897
6030,852,853,891,957,219,31,19,49,31,65,8,1,39,105,1.326531
6031,852,853,864,882,97,8,16,10,6,12,11,1,12,30,1.200000
6032,853,-1,-1,-1,-1,0,-1,51,0,0,0,-1,-1,-1,0.000000
6033,853,856,944,-1,595,52,6,48,40,55,31,3,91,-1,1.145833
6034,853,854,872,897,117,5,3,15,14,21,8,1,19,44,1.400000
6035,853,854,861,923,515,0,7,30,7,46,16,1,8,70,1.533333
6036,853,854,881,947,507,17,12,42,21,52,20,1,28,94,1.238095
6037,853,854,855,919,137,0,1,15,1,51,13,1,2,66,3.400000
6038,854,855,901,997,260,23,4,21,40,65,37,1,47,143,3.095238
6039,854,855,939,972,118,65,12,24,53,28,36,1,85,118,1.166667
6040,854,855,888,947,574,29,14,20,23,48,21,1,34,93,2.400000
6041,854,855,894,980,101,27,10,25,26,63,36,1,40,126,2.520000
6042,854,855,858,896,215,1,10,15,2,29,10,1,4,42,1.933333
6043,854,855,892,937,564,32,15,38,23,42,17,1,38,83,1.105263
6044,854,855,867,945,484,11,13,53,10,75,5,1,13,91,1.415094
6045,854,855,881,965,580,23,15,32,14,68,28,1,27,111,2.125000
6046,854,855,856,881,437,0,1,10,1,20,5,1,2,27,2.000000
6047,855,856,866,923,240,9,19,36,7,56,4,1,11,68,1.555556
6048,855,856,869,917,168,5,15,27,13,39,9,1,14,62,1.444444
6049,855,860,894,958,109,15,11,36,19,48,24,5,39,103,1.333333
6050,855,856,924,976,299,48,12,24,45,36,39,1,69,121,1.500000
6051,855,856,905,-1,421,39,9,44,36,77,31,1,50,-1,1.750000
6052,855,857,873,951,149,4,12,20,16,52,26,2,18,96,2.600000
6053,855,-1,-1,-1,-1,0,-1,51,0,0,0,-1,-1,-1,0.000000
6054,856,857,957,-1,128,79,9,21,68,31,44,1,101,-1,1.476190
6055,856,857,869,940,312,8,15,29,6,63,14,1,13,84,2.172414
6056,856,857,918,-1,320,53,19,45,48,72,23,1,62,-1,1.600000
6057,856,857,876,913,235,11,7,24,14,30,12,1,20,57,1.250000
6058,856,-1,-1,-1,-1,0,-1,52,0,0,0,-1,-1,-1,0.000000
6059,857,858,874,942,128,7,5,20,15,54,15,1,17,85,2.700000
6060,857,858,925,-1,49,55,18,35,45,61,36,1,68,-1,1.742857
6061,857,861,890,981,500,4,12,28,19,58,35,4,33,124,2.071429
6062,857,858,870,896,533,10,12,17,9,21,8,1,13,39,1.235294
6063,857,858,877,970,92,12,13,47,14,85,13,1,20,113,1.808511
6064,857,858,873,911,363,10,17,15,12,27,14,1,16,54,1.800000
6065,857,858,904,955,77,34,15,38,40,48,9,1,47,98,1.263158
6066,858,859,884,970,249,19,12,35,16,59,35,1,26,112,1.685714
6067,858,924,-1,-1,468,24,8,43,30,0,9,66,-1,-1,0.000000
6068,858,859,920,960,194,47,15,28,44,34,23,1,62,102,1.214286
6069,858,859,980,-1,22,90,6,30,80,13,48,1,122,-1,0.433333
6070,858,859,870,950,172,9,8,26,6,60,25,1,12,92,2.307692
6071,858,862,878,936,466,16,16,46,14,54,6,4,20,78,1.173913
6072,858,859,974,-1,462,79,25,49,76,25,20,1,116,-1,0.510204
6073,859,860,868,895,157,6,4,22,5,26,4,1,9,36,1.181818
6074,859,860,870,921,462,7,25,45,4,47,10,1,11,62,1.044444
6075,859,978,-1,-1,33,19,13,48,16,0,5,119,-1,-1,0.000000
6076,859,-1,-1,-1,-1,0,-1,55,0,0,0,-1,-1,-1,0.000000
6077,859,880,896,956,598,6,15,30,13,50,12,21,37,97,1.666667
6078,859,860,886,925,145,20,6,30,14,34,17,1,27,66,1.133333
6079,859,860,878,934,358,15,18,39,12,49,13,1,19,75,1.256410
6080,859,860,868,913,493,6,17,14,7,30,16,1,9,54,2.142857
6081,859,860,863,903,454,2,13,19,2,29,12,1,4,44,1.526316
6082,859,860,928,-1,28,40,12,21,50,48,42,1,69,-1,2.285714
6083,859,860,883,897,5,0,11,8,15,14,8,1,24,38,1.750000
6084,860,861,868,884,168,1,13,14,3,16,4,1,8,24,1.142857
6085,860,861,914,-1,156,43,6,36,37,79,23,1,54,-1,2.194444
6086,860,861,863,920,1,0,2,19,2,33,24,1,3,60,1.736842
6087,860,861,878,908,173,10,5,24,15,28,4,1,18,48,1.166667
6088,860,861,913,964,51,41,17,20,43,40,20,1,53,104,2.000000
6089,860,870,893,933,109,18,11,36,17,38,8,10,33,73,1.055556
6090,860,861,871,928,376,10,19,37,6,55,6,1,11,68,1.486486
6091,860,861,869,933,580,7,14,24,5,46,21,1,9,73,1.916667
6092,861,862,863,889,275,1,13,26,1,26,0,1,2,28,1.000000
6093,861,862,864,904,456,2,13,28,0,34,8,1,3,43,1.214286
6094,861,862,869,895,218,2,4,18,6,18,9,1,8,34,1.000000
6095,861,862,888,944,516,10,1,25,18,45,18,1,27,83,1.800000
6096,861,862,883,958,227,13,14,40,19,56,21,1,22,97,1.400000
6097,862,863,897,939,110,16,12,18,26,36,14,1,35,77,2.000000
6098,862,863,888,968,295,21,18,22,21,60,24,1,26,106,2.727273
6099,862,863,876,907,159,5,11,26,13,30,1,1,14,45,1.153846
6100,862,863,896,953,125,27,11,39,24,53,13,1,34,91,1.358974
6101,862,863,880,951,97,14,11,17,14,55,19,1,18,89,3.235294
6102,863,864,889,948,11,10,13,26,14,32,35,1,26,85,1.230769
6103,863,864,869,927,566,2,5,30,4,44,14,1,6,64,1.466667
6104,863,877,922,-1,592,20,8,37,23,66,18,14,59,-1,1.783784
6105,863,864,871,910,3,0,6,13,6,33,7,1,8,47,2.538462
6106,863,864,967,-1,194,85,17,36,70,28,38,1,104,-1,0.777778
6107,863,864,895,960,18,11,10,23,19,47,30,1,32,97,2.043478
6108,863,864,883,948,23,14,11,50,17,60,7,1,20,85,1.200000
6109,863,864,919,-1,90,25,17,17,38,47,51,1,56,-1,2.764706
6110,864,-1,-1,-1,-1,0,-1,42,0,0,0,-1,-1,-1,0.000000
6111,864,865,870,961,134,5,18,30,4,62,30,1,6,97,2.066667
6112,864,865,934,-1,358,59,17,30,60,33,42,1,70,-1,1.100000
6113,865,916,-1,-1,437,32,11,36,25,0,14,51,-1,-1,0.000000
6114,865,866,893,912,75,13,11,11,17,13,16,1,28,47,1.181818
6115,865,866,890,948,49,18,17,19,15,35,32,1,25,83,1.842105
6116,865,866,867,894,16,0,1,21,1,23,4,1,2,29,1.095238
6117,865,866,-1,-1,129,91,13,47,85,0,27,1,-1,-1,0.000000
6118,865,866,982,-1,557,83,13,58,94,17,22,1,117,-1,0.293103
6119,865,867,891,950,592,20,9,52,13,54,16,2,26,85,1.038462
6120,865,866,925,-1,428,48,16,29,42,58,34,1,60,-1,2.000000
6121,865,866,870,900,54,3,15,16,3,26,5,1,5,35,1.625000
6122,865,866,868,889,22,0,2,19,2,19,2,1,3,24,1.000000
6123,866,867,972,-1,419,52,5,53,46,28,24,1,106,-1,0.528302
6124,866,867,911,941,77,18,18,14,35,26,13,1,45,75,1.857143
6125,866,867,875,892,322,0,4,11,6,13,6,1,9,26,1.181818
6126,866,867,887,950,349,6,9,28,16,50,17,1,21,84,1.785714
6127,867,868,894,955,591,21,14,44,23,54,10,1,27,88,1.227273
6128,867,868,993,-1,328,95,3,22,87,5,40,1,126,-1,0.227273
6129,867,868,868,894,215,0,0,18,0,26,0,1,1,27,1.444444
6130,867,868,875,947,416,6,8,51,5,67,7,1,8,80,1.313725
6131,867,868,883,949,135,14,18,48,13,62,6,1,16,82,1.291667
6132,867,868,943,-1,395,60,10,45,51,53,28,1,76,-1,1.177778
6133,867,868,899,986,449,24,21,34,21,58,39,1,32,119,1.705882
6134,868,869,875,962,541,2,6,27,6,67,20,1,7,94,2.481481
6135,868,869,904,962,299,25,14,25,24,47,22,1,36,94,1.880000
6136,868,870,963,-1,552,70,14,43,64,30,34,2,95,-1,0.697674
6137,868,869,908,-1,305,8,8,23,21,66,44,1,40,-1,2.869565
6138,869,870,931,978,323,46,11,26,33,36,39,1,62,109,1.384615
6139,869,870,921,-1,193,30,15,54,32,71,15,1,52,-1,1.314815
6140,869,871,990,-1,168,74,12,44,90,9,22,2,121,-1,0.204545
6141,870,871,879,890,255,5,4,10,8,10,1,1,9,20,1.000000
6142,870,871,908,951,58,16,8,10,26,32,22,1,38,81,3.200000
6143,870,871,881,934,242,9,16,32,5,50,8,1,11,64,1.562500
6144,870,871,910,980,537,36,16,55,28,69,12,1,40,110,1.254545
6145,870,871,872,943,550,1,4,31,1,59,12,1,2,73,1.903226
6146,870,871,-1,-1,559,17,13,47,21,0,13,1,-1,-1,0.000000
6147,870,871,886,909,113,13,9,17,12,21,5,1,16,39,1.235294
6148,871,872,888,970,285,4,11,27,14,51,33,1,17,99,1.888889
6149,871,872,979,-1,255,75,5,31,75,17,36,1,108,-1,0.548387
6150,871,872,887,917,305,5,10,25,13,27,5,1,16,46,1.080000
6151,871,952,-1,-1,584,0,22,45,1,0,0,81,-1,-1,0.000000
6152,872,873,887,982,278,10,5,22,12,54,43,1,15,110,2.454545
6153,872,873,924,-1,476,43,5,24,35,42,50,1,52,-1,1.750000
6154,872,-1,-1,-1,-1,0,-1,43,0,0,0,-1,-1,-1,0.000000
6155,872,873,969,995,591,34,17,8,76,22,24,1,97,123,2.750000
6156,872,879,940,985,571,42,6,43,50,45,11,7,68,113,1.046512
6157,873,874,892,953,533,14,9,35,13,51,15,1,19,80,1.457143
6158,873,874,936,-1,308,53,13,53,45,57,24,1,63,-1,1.075472
6159,873,874,911,969,395,31,10,38,27,40,28,1,38,96,1.052632
6160,874,875,891,980,196,12,29,39,12,67,26,1,17,106,1.717949
6161,874,875,878,968,456,2,9,17,3,53,37,1,4,94,3.117647
6162,874,875,893,955,109,11,15,21,10,39,31,1,19,81,1.857143
6163,874,875,876,928,558,0,1,25,1,37,15,1,2,54,1.480000
6164,874,875,941,-1,493,48,18,44,52,55,13,1,67,-1,1.250000
6165,874,918,973,-1,162,5,20,48,11,26,3,44,99,-1,0.541667
6166,874,875,-1,-1,422,44,16,45,53,0,21,1,-1,-1,0.000000
6167,874,875,-1,-1,310,72,7,34,74,0,51,1,-1,-1,0.000000
6168,874,875,910,921,12,12,11,9,26,11,9,1,36,47,1.222222
6169,875,876,884,964,403,7,18,37,4,57,27,1,9,89,1.540541
6170,875,876,879,916,393,0,3,19,3,29,8,1,4,41,1.526316
6171,875,876,903,973,310,17,7,46,18,62,17,1,28,98,1.347826
6172,876,877,888,973,498,11,12,28,8,82,6,1,12,97,2.928571
6173,876,877,910,958,307,27,18,27,22,43,16,1,34,82,1.592593
6174,876,877,889,938,363,10,20,37,7,39,15,1,13,62,1.054054
6175,876,877,924,938,115,22,3,14,38,14,9,1,48,62,1.000000
6176,876,877,880,951,299,3,22,33,2,49,23,1,4,75,1.484848
6177,876,878,904,955,547,0,7,39,8,45,8,2,28,79,1.153846
6178,876,877,892,960,58,7,9,23,11,47,25,1,16,84,2.043478
6179,876,895,-1,-1,598,0,7,41,3,0,0,19,-1,-1,0.000000
6180,876,877,997,-1,384,52,19,12,78,3,42,1,121,-1,0.250000
6181,876,877,877,918,349,0,0,12,0,28,13,1,1,42,2.333333
6182,877,878,-1,-1,249,79,9,17,84,0,38,1,-1,-1,0.000000
6183,877,878,970,-1,545,67,3,31,61,29,32,1,93,-1,0.935484
6184,877,881,886,904,579,0,5,17,5,17,1,4,9,27,1.000000
6185,877,878,896,949,227,14,14,23,11,47,13,1,19,72,2.043478
6186,878,879,880,916,320,0,1,22,1,30,6,1,2,38,1.363636
6187,878,933,-1,-1,4,3,10,39,8,0,1,55,-1,-1,0.000000
6188,878,879,889,969,295,10,2,55,8,77,5,1,11,91,1.400000
6189,878,-1,-1,-1,-1,0,-1,43,0,0,0,-1,-1,-1,0.000000
6190,878,879,909,981,121,21,9,22,27,46,29,1,31,103,2.090909
6191,878,-1,-1,-1,-1,0,-1,53,0,0,0,-1,-1,-1,0.000000
6192,878,879,898,914,18,5,11,9,17,15,3,1,20,36,1.666667
6193,878,879,914,985,386,28,11,23,26,45,35,1,36,107,1.956522
6194,879,880,883,975,103,2,3,27,3,67,25,1,4,96,2.481481
6195,879,880,891,900,94,4,6,7,7,9,4,1,12,21,1.285714
6196,879,880,884,914,206,0,4,13,4,19,11,1,5,35,1.461538
6197,879,880,916,987,196,26,23,17,33,51,23,1,37,108,3.000000
6198,879,880,900,-1,274,13,16,33,14,60,46,1,21,-1,1.818182
6199,879,880,891,970,56,4,18,14,8,60,22,1,12,91,4.285714
6200,879,880,926,967,165,28,12,32,29,40,18,1,47,88,1.250000
6201,879,880,912,983,560,23,3,30,23,68,12,1,33,104,2.266667
6202,879,933,-1,-1,210,13,18,45,13,0,5,54,-1,-1,0.000000
6203,879,880,1000,-1,162,89,15,21,85,0,35,1,121,-1,0.000000
6204,879,880,891,941,545,9,1,28,9,44,8,1,12,62,1.571429
6205,880,881,908,959,111,23,7,29,22,37,19,1,28,79,1.275862
6206,880,881,999,-1,203,85,13,14,76,1,42,1,119,-1,0.071429
6207,880,881,888,910,475,5,7,18,2,22,5,1,8,30,1.222222
6208,880,883,893,971,547,0,5,29,9,53,26,3,13,91,1.827586
6209,881,882,995,-1,275,77,14,44,61,3,54,1,114,-1,0.068182
6210,881,886,925,-1,564,24,18,34,28,57,24,5,44,-1,1.676471
6211,881,882,944,-1,358,50,14,33,53,40,25,1,63,-1,1.212121
6212,881,882,888,912,23,4,5,17,3,21,6,1,7,31,1.235294
6213,881,882,900,935,111,16,6,16,14,22,17,1,19,54,1.375000
6214,881,882,885,941,289,3,3,30,3,40,16,1,4,60,1.333333
6215,881,882,921,963,64,9,7,17,27,31,23,1,40,82,1.823529
6216,881,882,882,933,243,0,0,27,0,49,2,1,1,52,1.814815
6217,881,882,885,911,85,3,12,23,1,23,5,1,4,30,1.000000
6218,881,882,906,-1,575,19,14,26,20,54,44,1,25,-1,2.076923
6219,881,882,904,975,526,17,3,50,18,66,9,1,23,94,1.320000
6220,881,924,996,-1,524,22,3,44,22,4,10,43,115,-1,0.090909
6221,881,882,963,979,34,22,2,13,52,13,32,1,82,98,1.000000
6222,881,882,894,973,598,11,13,27,10,43,38,1,13,92,1.592593
6223,881,882,981,-1,503,85,17,17,70,16,32,1,100,-1,0.941176
6224,882,883,954,-1,453,46,14,33,47,33,37,1,72,-1,1.000000
6225,882,883,894,903,12,1,10,7,8,7,5,1,12,21,1.000000
6226,882,883,907,984,123,16,5,34,19,56,26,1,25,102,1.647059
6227,882,883,907,940,134,21,15,21,16,23,18,1,25,58,1.095238
6228,883,884,904,934,352,16,18,21,19,25,6,1,21,51,1.190476
6229,883,884,898,942,95,7,17,23,12,27,19,1,15,59,1.173913
6230,883,884,891,954,460,6,6,46,6,56,8,1,8,71,1.217391
6231,883,884,921,979,264,32,15,36,30,48,17,1,38,96,1.333333
6232,883,884,888,921,575,3,13,12,4,24,9,1,5,38,2.000000
6233,883,885,904,-1,526,13,4,42,17,74,24,2,21,-1,1.761905
6234,883,884,892,970,84,4,28,31,8,49,29,1,9,87,1.580645
6235,883,884,954,990,427,60,7,31,54,35,17,1,71,107,1.129032
6236,883,884,890,975,70,0,4,38,6,70,15,1,7,92,1.842105
6237,884,885,903,918,275,13,18,11,15,13,5,1,19,34,1.181818
6238,884,885,889,916,82,2,4,19,3,23,5,1,5,32,1.210526
6239,884,885,888,942,38,0,3,25,3,43,11,1,4,58,1.720000
6240,884,-1,-1,-1,-1,0,-1,47,0,0,0,-1,-1,-1,0.000000
6241,884,885,897,915,77,5,10,15,8,17,5,1,13,31,1.133333
6242,884,885,898,991,388,10,10,29,9,75,22,1,14,107,2.586207
6243,884,885,890,976,411,5,4,32,3,54,34,1,6,92,1.687500
6244,884,885,899,930,96,7,13,15,12,23,10,1,15,46,1.533333
6245,885,886,928,-1,462,32,19,58,32,71,11,1,43,-1,1.224138
6246,885,886,900,949,175,10,12,25,9,35,19,1,15,64,1.400000
6247,885,886,893,973,111,0,7,28,7,66,14,1,8,88,2.357143
6248,885,886,-1,-1,299,90,20,33,76,0,38,1,-1,-1,0.000000
6249,885,886,890,914,162,3,15,21,3,21,4,1,5,29,1.000000
6250,885,886,993,-1,330,76,22,36,73,7,34,1,108,-1,0.194444
6251,885,886,920,-1,248,24,3,47,31,74,9,1,35,-1,1.574468
6252,885,886,941,995,168,34,7,26,36,46,27,1,56,110,1.769231
6253,886,887,887,938,100,0,0,22,0,36,15,1,1,52,1.636364
6254,886,887,891,968,554,1,5,29,4,63,14,1,5,82,2.172414
6255,886,887,892,904,90,3,20,11,5,11,1,1,6,18,1.000000
6256,886,893,-1,-1,564,15,12,41,18,0,7,7,-1,-1,0.000000
6257,886,887,894,919,17,0,7,11,7,17,8,1,8,33,1.545455
6258,886,887,939,962,87,37,12,16,31,22,22,1,53,76,1.375000
6259,886,-1,-1,-1,-1,0,-1,50,0,0,0,-1,-1,-1,0.000000
6260,886,887,-1,-1,65,90,10,38,74,0,39,1,-1,-1,0.000000
6261,886,887,893,923,50,0,6,16,6,22,8,1,7,37,1.375000
6262,887,888,945,-1,196,41,13,47,40,52,20,1,58,-1,1.106383
6263,887,888,928,-1,422,24,6,23,31,45,36,1,41,-1,1.956522
6264,887,-1,-1,-1,-1,0,-1,45,0,0,0,-1,-1,-1,0.000000
6265,887,888,978,-1,95,48,15,19,67,20,25,1,91,-1,1.052632
6266,887,888,899,975,381,10,23,49,8,69,10,1,12,88,1.408163
6267,887,888,912,969,40,9,8,18,21,42,18,1,25,82,2.333333
6268,887,889,957,-1,538,55,17,48,48,41,22,2,70,-1,0.854167
6269,887,888,-1,-1,72,73,8,27,75,0,36,1,-1,-1,0.000000
6270,887,888,900,933,162,9,21,18,7,24,14,1,13,46,1.333333
6271,888,899,926,-1,581,17,26,53,23,69,9,11,38,-1,1.301887
6272,888,889,-1,-1,163,46,7,27,78,0,33,1,-1,-1,0.000000
6273,889,890,998,-1,275,51,15,25,71,2,37,1,109,-1,0.080000
6274,889,890,898,983,512,7,11,46,4,78,11,1,9,94,1.695652
6275,889,890,903,926,76,5,4,10,9,18,9,1,14,37,1.800000
6276,889,890,904,941,252,5,15,35,11,37,3,1,15,52,1.057143
6277,889,890,909,922,33,2,10,10,17,12,3,1,20,33,1.200000
6278,889,890,895,946,119,0,5,26,5,38,13,1,6,57,1.461538
6279,889,890,922,992,435,28,12,55,27,67,8,1,33,103,1.218182
6280,890,891,-1,-1,481,84,12,28,77,0,32,1,-1,-1,0.000000
6281,890,891,906,980,338,10,10,31,10,47,32,1,16,90,1.516129
6282,890,891,894,959,482,2,18,52,3,64,1,1,4,69,1.230769
6283,890,891,908,970,495,16,15,45,7,53,19,1,18,80,1.177778
6284,890,891,955,-1,455,41,24,57,50,43,15,1,65,-1,0.754386
6285,891,892,897,981,301,5,9,40,5,74,10,1,6,90,1.850000
6286,891,892,932,987,453,26,16,31,29,49,17,1,41,96,1.580645
6287,891,892,896,940,329,3,12,37,3,39,6,1,5,49,1.054054
6288,891,892,913,991,299,12,18,26,12,72,15,1,22,100,2.769231
6289,891,892,896,992,559,4,2,29,3,65,32,1,5,101,2.241379
6290,891,892,933,982,92,26,13,42,31,46,13,1,42,91,1.095238
6291,891,892,944,-1,126,45,11,27,31,43,34,1,53,-1,1.592593
6292,891,892,906,979,455,8,24,24,10,42,35,1,15,88,1.750000
6293,892,893,913,-1,309,8,9,17,19,54,34,1,21,-1,3.176471
6294,892,893,900,986,35,6,19,48,6,76,11,1,8,94,1.583333
6295,892,893,894,990,72,1,3,29,1,71,25,1,2,98,2.448276
6296,892,893,947,-1,394,37,17,41,44,36,27,1,55,-1,0.878049
6297,892,893,980,-1,210,63,15,21,56,15,36,1,88,-1,0.714286
6298,892,893,910,955,194,13,11,28,9,36,17,1,18,63,1.285714
6299,892,893,914,961,543,15,3,18,13,36,19,1,22,69,2.000000
6300,892,893,920,931,12,24,10,6,22,8,8,1,28,39,1.333333
6301,892,893,951,-1,274,44,10,44,47,38,22,1,59,-1,0.863636
6302,892,893,936,980,254,24,16,27,26,37,24,1,44,88,1.370370
6303,892,893,917,964,375,20,8,23,18,29,24,1,25,72,1.260870
6304,892,893,899,951,422,4,6,42,6,46,6,1,7,59,1.095238
6305,893,894,973,-1,157,44,13,18,43,23,40,1,80,-1,1.277778
6306,893,894,961,-1,317,48,17,32,48,32,26,1,68,-1,1.000000
6307,893,894,894,946,184,0,0,41,0,45,7,1,1,53,1.097561
6308,893,894,896,985,105,0,2,35,2,65,24,1,3,92,1.857143
6309,893,894,905,955,546,9,10,38,8,44,9,1,12,62,1.157895
6310,894,988,-1,-1,586,0,3,55,1,0,0,94,-1,-1,0.000000
6311,894,895,987,-1,512,70,6,49,64,13,18,1,93,-1,0.265306
6312,894,895,971,-1,246,51,11,27,50,27,28,1,77,-1,1.000000
6313,894,895,946,993,398,41,9,37,31,45,22,1,52,99,1.216216
6314,894,895,904,918,20,3,9,13,7,13,3,1,10,24,1.000000
6315,894,895,926,997,408,25,5,48,26,70,6,1,32,103,1.458333
6316,894,895,897,910,148,0,2,9,2,9,4,1,3,16,1.000000
6317,894,895,923,987,522,19,20,33,18,63,11,1,29,93,1.909091
6318,895,896,909,995,394,10,14,30,11,54,34,1,14,100,1.800000
6319,895,909,-1,-1,459,11,13,44,29,0,4,14,-1,-1,0.000000
6320,895,896,902,985,448,6,16,49,4,65,20,1,7,90,1.326531
6321,895,896,902,933,151,4,7,19,5,29,3,1,7,38,1.526316
6322,895,896,938,990,125,28,5,29,26,39,29,1,43,95,1.344828
6323,895,896,914,985,92,12,11,19,11,43,35,1,19,90,2.263158
6324,895,896,918,1000,367,15,22,30,17,50,37,1,23,105,1.666667
6325,895,896,909,979,453,11,13,13,8,45,30,1,14,84,3.461538
6326,895,896,907,947,8,1,18,14,11,28,12,1,12,52,2.000000
6327,896,897,984,-1,92,58,11,20,62,13,28,1,88,-1,0.650000
6328,896,897,908,995,12,8,14,44,9,72,17,1,12,99,1.636364
6329,896,914,924,937,148,0,8,11,8,11,4,18,28,41,1.000000
6330,896,897,937,-1,316,31,18,47,25,54,24,1,41,-1,1.148936
6331,896,897,923,971,350,6,9,27,15,39,20,1,27,75,1.444444
6332,896,897,911,-1,352,14,15,30,9,59,35,1,15,-1,1.966667
6333,897,898,950,991,309,41,11,31,26,39,28,1,53,94,1.258065
6334,897,956,-1,-1,514,1,20,42,3,0,0,59,-1,-1,0.000000
6335,897,898,903,996,290,3,5,27,4,67,27,1,6,99,2.481481
6336,897,898,954,-1,409,27,14,18,32,35,35,1,57,-1,1.944444
6337,897,898,913,997,544,2,5,23,12,65,22,1,16,100,2.826087
6338,897,-1,-1,-1,-1,0,-1,60,0,0,0,-1,-1,-1,0.000000
6339,897,-1,-1,-1,-1,0,-1,52,0,0,0,-1,-1,-1,0.000000
6340,898,899,977,-1,373,59,21,47,47,23,31,1,79,-1,0.489362
6341,898,899,993,-1,142,64,14,27,70,6,25,1,95,-1,0.222222
6342,899,900,903,999,92,1,12,26,3,68,28,1,4,100,2.615385
6343,899,900,909,922,190,2,8,12,8,12,2,1,10,23,1.000000
6344,899,970,-1,-1,117,0,12,51,2,0,0,71,-1,-1,0.000000
6345,899,992,992,-1,568,0,0,41,0,6,2,93,93,-1,0.146341
6346,899,900,985,-1,396,71,11,32,43,14,43,1,86,-1,0.437500
6347,899,900,948,-1,435,43,3,44,34,49,17,1,49,-1,1.113636
6348,899,900,910,952,492,8,16,19,8,21,23,1,11,53,1.105263
6349,899,900,902,-1,127,0,2,32,2,71,27,1,3,-1,2.218750
6350,900,901,907,924,141,0,6,14,6,16,1,1,7,24,1.142857
6351,900,901,-1,-1,312,57,12,33,75,0,24,1,-1,-1,0.000000
6352,900,901,916,940,57,8,16,18,11,22,6,1,16,40,1.222222
6353,900,918,-1,-1,599,4,18,48,10,0,5,18,-1,-1,0.000000
6354,901,902,903,1000,274,0,1,35,1,77,20,1,2,99,2.200000
6355,901,902,991,-1,246,74,13,45,64,8,26,1,90,-1,0.177778
6356,901,902,933,959,5,19,7,21,28,25,4,1,32,58,1.190476
6357,901,902,914,1000,215,11,3,38,5,50,43,1,13,99,1.315789
6358,902,903,927,957,182,18,9,25,16,29,9,1,25,55,1.160000
6359,902,903,927,958,33,7,6,17,16,29,10,1,25,56,1.705882
6360,902,903,956,-1,594,30,1,25,44,35,17,1,54,-1,1.400000
6361,902,903,995,-1,335,72,14,33,71,4,22,1,93,-1,0.121212
6362,902,903,974,-1,77,56,16,32,45,19,33,1,72,-1,0.593750
6363,902,919,933,-1,204,3,8,40,11,50,18,17,31,-1,1.250000
6364,902,903,903,916,207,0,0,11,0,13,0,1,1,14,1.181818
6365,902,903,919,988,183,13,4,19,13,43,29,1,17,86,2.263158
6366,902,903,974,-1,447,50,7,29,39,25,33,1,72,-1,0.862069
6367,903,904,948,1000,126,32,11,39,27,45,24,1,45,97,1.153846
6368,903,904,908,951,450,0,4,28,4,36,7,1,5,48,1.285714
6369,903,904,-1,-1,197,37,20,57,27,0,21,1,-1,-1,0.000000
6370,903,904,943,-1,79,30,16,43,27,47,20,1,40,-1,1.093023
6371,903,904,918,927,337,5,6,7,9,9,5,1,15,24,1.285714
6372,903,904,920,974,256,10,13,14,12,40,18,1,17,71,2.857143
6373,903,904,911,957,5,5,7,15,6,31,16,1,8,54,2.066667
6374,904,905,925,-1,134,15,11,19,13,57,25,1,21,-1,3.000000
6375,904,905,998,-1,361,83,15,44,61,2,32,1,94,-1,0.045455
6376,904,905,908,-1,92,3,8,36,3,66,26,1,4,-1,1.833333
6377,904,905,916,945,185,5,12,19,9,25,5,1,12,41,1.315789
6378,904,905,986,-1,317,47,21,47,43,13,24,1,82,-1,0.276596
6379,904,905,919,946,337,9,5,23,11,25,5,1,15,42,1.086957
6380,904,905,920,1000,338,9,9,32,10,60,25,1,16,96,1.875000
6381,904,907,964,983,444,7,10,17,26,17,3,3,60,79,1.000000
6382,905,966,982,-1,308,7,8,41,11,18,0,61,77,-1,0.439024
6383,905,906,906,938,125,0,0,16,0,24,8,1,1,33,1.500000
6384,905,-1,-1,-1,-1,0,-1,53,0,0,0,-1,-1,-1,0.000000
6385,905,906,911,924,13,0,5,12,5,12,1,1,6,19,1.000000
6386,905,933,-1,-1,360,2,11,41,8,0,1,28,-1,-1,0.000000
6387,906,907,941,-1,157,23,12,18,24,39,30,1,35,-1,2.166667
6388,906,907,920,-1,263,8,1,16,11,42,40,1,14,-1,2.625000
6389,906,907,923,-1,31,11,15,41,15,56,22,1,17,-1,1.365854
6390,906,912,937,996,459,0,10,40,9,48,11,6,31,90,1.200000
6391,906,907,908,942,192,0,1,19,1,25,9,1,2,36,1.315789
6392,906,907,910,975,89,0,3,28,3,44,21,1,4,69,1.571429
6393,906,907,924,989,224,13,4,21,11,43,28,1,18,83,2.047619
6394,907,908,913,998,35,2,15,36,5,68,17,1,6,91,1.888889
6395,907,908,941,-1,132,16,14,18,24,45,23,1,34,-1,2.500000
6396,907,908,928,999,470,16,11,40,11,68,12,1,21,92,1.700000
6397,908,909,934,958,252,10,10,14,18,16,15,1,26,50,1.142857
6398,908,909,919,966,200,6,13,15,7,33,17,1,11,58,2.200000
6399,908,909,939,-1,79,23,13,18,21,39,31,1,31,-1,2.166667
6400,908,909,920,937,69,3,6,11,10,13,5,1,12,29,1.181818
6401,908,909,914,984,535,3,16,31,5,61,9,1,6,76,1.967742
6402,909,910,913,942,83,1,2,21,2,23,7,1,4,33,1.095238
6403,909,910,953,-1,202,34,18,30,28,38,24,1,44,-1,1.266667
6404,909,910,928,-1,414,9,18,37,14,46,30,1,19,-1,1.243243
6405,909,910,915,928,46,1,12,12,5,12,1,1,6,19,1.000000
6406,909,911,928,956,338,6,14,19,13,25,3,2,19,47,1.315789
6407,909,932,959,995,349,7,13,27,11,33,3,23,50,86,1.222222
6408,910,911,931,-1,303,17,12,30,13,40,36,1,21,-1,1.333333
6409,910,911,914,940,83,1,2,17,3,23,3,1,4,30,1.352941
6410,910,911,924,944,195,9,12,15,12,19,2,1,14,34,1.266667
6411,910,911,951,-1,379,20,7,42,27,43,19,1,41,-1,1.023810
6412,910,911,987,-1,471,35,3,25,41,12,36,1,77,-1,0.480000
6413,910,911,911,988,394,0,0,20,0,50,27,1,1,78,2.500000
6414,910,911,992,-1,350,59,8,37,54,6,29,1,82,-1,0.162162
6415,910,911,914,937,556,0,3,14,3,18,5,1,4,27,1.285714
6416,910,911,933,-1,578,16,12,20,16,48,25,1,23,-1,2.400000
6417,911,912,925,947,522,5,26,18,10,22,3,1,14,36,1.222222
6418,911,912,930,-1,297,17,18,35,16,57,15,1,19,-1,1.628571
6419,911,912,978,-1,265,46,9,29,36,17,35,1,67,-1,0.586207
6420,911,912,912,980,94,0,0,41,0,55,13,1,1,69,1.341463
6421,911,912,922,949,35,3,10,19,10,27,0,1,11,38,1.421053
6422,911,912,946,991,236,25,16,32,28,44,7,1,35,80,1.375000
6423,911,912,964,-1,396,43,2,36,39,33,16,1,53,-1,0.916667
6424,912,913,938,-1,329,16,10,31,15,48,24,1,26,-1,1.548387
6425,912,913,915,973,301,2,1,21,2,47,11,1,3,61,2.238095
6426,912,913,927,985,373,10,15,48,10,56,6,1,15,73,1.166667
6427,912,913,942,991,573,19,5,39,20,43,13,1,30,79,1.102564
6428,912,913,983,-1,578,52,10,25,52,15,20,1,71,-1,0.600000
6429,912,913,918,977,275,2,4,27,3,41,20,1,6,65,1.518519
6430,912,913,922,996,31,6,14,40,9,66,8,1,10,84,1.650000
6431,912,913,944,-1,78,16,5,33,29,44,14,1,32,-1,1.333333
6432,912,920,948,981,502,0,11,19,10,27,7,8,36,69,1.421053
6433,912,913,925,-1,204,5,12,29,11,61,15,1,13,-1,2.103448
6434,913,914,975,1000,325,42,22,19,45,25,16,1,62,87,1.315789
6435,913,914,977,-1,426,38,15,30,35,19,24,1,64,-1,0.633333
6436,913,914,919,932,83,2,1,13,5,13,0,1,6,19,1.000000
6437,913,914,921,949,97,6,13,16,7,20,8,1,8,36,1.250000
6438,913,914,923,954,265,2,6,23,8,29,3,1,10,41,1.260870
6439,913,914,922,967,581,7,6,17,4,27,22,1,9,54,1.588235
6440,913,953,983,-1,181,6,15,32,13,16,1,40,70,-1,0.500000
6441,913,914,926,944,486,3,10,9,7,17,6,1,13,31,1.888889
6442,914,915,-1,-1,40,53,8,17,46,0,39,1,-1,-1,0.000000
6443,914,915,-1,-1,195,64,5,40,56,0,29,1,-1,-1,0.000000
6444,914,915,925,982,299,8,9,46,7,52,8,1,11,68,1.130435
6445,914,915,-1,-1,316,75,9,39,54,0,31,1,-1,-1,0.000000
6446,914,915,927,988,488,3,5,13,12,41,20,1,13,74,3.153846
6447,914,965,-1,-1,203,3,11,50,8,0,1,51,-1,-1,0.000000
6448,914,949,969,995,210,7,11,21,20,25,1,35,55,81,1.190476
6449,914,915,994,-1,15,36,16,20,58,5,22,1,80,-1,0.250000
6450,914,964,-1,-1,203,6,12,46,12,0,0,50,-1,-1,0.000000
6451,915,916,-1,-1,46,59,13,27,44,0,40,1,-1,-1,0.000000
6452,915,916,937,971,303,17,11,19,15,25,15,1,22,56,1.315789
6453,915,916,916,944,564,0,0,17,0,25,3,1,1,29,1.470588
6454,916,926,945,-1,593,4,25,37,4,48,9,10,29,-1,1.297297
6455,916,917,918,984,459,0,1,39,1,59,7,1,2,68,1.512821
6456,916,917,947,-1,303,21,11,25,17,41,25,1,31,-1,1.640000
6457,916,917,921,937,357,3,4,9,3,11,6,1,5,21,1.222222
6458,916,917,923,955,206,1,7,21,5,27,6,1,7,39,1.285714
6459,916,917,947,993,23,22,6,23,25,39,12,1,31,77,1.695652
6460,916,917,937,-1,196,15,23,41,15,57,11,1,21,-1,1.390244
6461,916,963,-1,-1,78,14,15,37,21,0,1,47,-1,-1,0.000000
6462,916,917,931,954,9,4,6,13,9,21,7,1,15,38,1.615385
6463,917,918,921,965,325,2,24,31,2,39,6,1,4,48,1.258065
6464,917,918,-1,-1,136,46,18,28,59,0,15,1,-1,-1,0.000000
6465,917,918,934,-1,387,9,22,25,11,36,35,1,17,-1,1.440000
6466,917,918,957,-1,581,24,4,50,27,41,14,1,40,-1,0.820000
6467,918,919,934,-1,189,8,1,26,12,56,13,1,16,-1,2.153846
6468,918,919,-1,-1,375,60,16,32,48,0,33,1,-1,-1,0.000000
6469,918,950,963,-1,210,8,10,24,12,33,5,32,45,-1,1.375000
6470,918,919,940,-1,200,12,16,25,12,50,19,1,22,-1,2.000000
6471,918,919,941,-1,426,1,16,18,18,44,19,1,23,-1,2.444444
6472,918,919,969,995,73,26,5,20,35,24,17,1,51,77,1.200000
6473,918,950,961,-1,410,2,2,33,9,30,9,32,43,-1,0.909091
6474,919,920,942,956,522,15,26,10,13,12,11,1,23,37,1.200000
6475,919,920,931,960,31,6,6,24,10,26,4,1,12,41,1.083333
6476,919,920,924,943,46,1,13,17,4,19,0,1,5,24,1.117647
6477,919,920,988,-1,346,52,9,40,43,10,24,1,69,-1,0.250000
6478,919,978,-1,-1,109,17,12,48,13,0,7,59,-1,-1,0.000000
6479,919,920,995,-1,40,62,28,42,41,5,30,1,76,-1,0.119048
6480,920,921,932,-1,527,9,5,36,8,65,6,1,12,-1,1.805556
6481,920,921,945,-1,51,8,12,18,14,38,27,1,25,-1,2.111111
6482,920,921,-1,-1,104,63,11,30,49,0,30,1,-1,-1,0.000000
6483,920,921,990,-1,327,57,2,44,36,10,33,1,70,-1,0.227273
6484,920,921,929,-1,222,5,2,29,7,42,30,1,9,-1,1.448276
6485,920,921,933,953,532,2,12,14,9,20,3,1,13,33,1.428571
6486,920,921,924,973,317,2,3,31,3,45,4,1,4,53,1.451613
6487,921,922,930,-1,222,7,1,32,6,51,21,1,9,-1,1.593750
6488,921,-1,-1,-1,-1,0,-1,56,0,0,0,-1,-1,-1,0.000000
6489,921,922,943,-1,43,5,10,16,12,43,23,1,22,-1,2.687500
6490,921,922,936,-1,191,8,13,39,9,45,24,1,15,-1,1.153846
6491,921,943,957,-1,15,7,6,20,13,33,11,22,36,-1,1.650000
6492,921,922,954,990,479,22,15,23,27,29,12,1,33,69,1.260870
6493,921,922,926,991,31,0,4,18,4,54,11,1,5,70,3.000000
6494,922,923,941,-1,82,15,29,20,14,42,21,1,19,-1,2.100000
6495,922,923,989,-1,22,44,19,26,44,9,24,1,67,-1,0.346154
6496,922,923,939,-1,532,16,8,29,10,52,15,1,17,-1,1.793103
6497,922,923,924,999,124,1,7,17,1,63,12,1,2,77,3.705882
6498,922,923,930,959,463,5,7,22,6,26,4,1,8,37,1.181818
6499,922,923,944,-1,221,20,16,43,13,55,9,1,22,-1,1.279070
6500,922,923,926,938,166,0,3,12,3,12,0,1,4,16,1.000000
6501,923,924,-1,-1,405,55,17,49,55,0,20,1,-1,-1,0.000000
6502,923,924,925,991,287,0,1,42,1,58,8,1,2,68,1.380952
6503,923,924,933,-1,387,7,23,48,7,62,7,1,10,-1,1.291667
6504,923,924,930,-1,131,4,20,26,6,57,13,1,7,-1,2.192308
6505,923,924,949,983,539,21,19,28,22,32,5,1,26,60,1.142857
6506,923,927,960,-1,464,6,8,31,14,32,8,4,37,-1,1.032258
6507,923,924,951,995,45,5,12,13,19,33,19,1,28,72,2.538462
6508,924,925,943,-1,529,15,8,47,10,47,18,1,19,-1,1.000000
6509,924,925,952,-1,136,25,19,24,17,40,18,1,28,-1,1.666667
6510,924,925,942,-1,4,12,13,49,14,53,6,1,18,-1,1.081633
6511,924,925,940,-1,426,11,11,49,11,56,8,1,16,-1,1.142857
6512,924,925,982,-1,499,48,3,32,32,18,25,1,58,-1,0.562500
6513,924,925,-1,-1,198,53,25,45,40,0,26,1,-1,-1,0.000000
6514,924,925,968,-1,284,28,10,18,24,27,24,1,44,-1,1.500000
6515,924,925,932,-1,197,5,9,35,7,56,12,1,8,-1,1.600000
6516,925,926,932,-1,84,2,25,48,3,61,7,1,7,-1,1.270833
6517,925,926,936,985,437,8,5,24,6,40,13,1,11,60,1.666667
6518,925,926,-1,-1,131,13,25,51,10,0,11,1,-1,-1,0.000000
6519,925,926,926,-1,527,0,0,20,0,48,26,1,1,-1,2.400000
6520,925,926,-1,-1,325,51,15,31,53,0,21,1,-1,-1,0.000000
6521,925,926,980,-1,354,43,14,38,32,20,22,1,55,-1,0.526316
6522,925,926,932,995,441,0,6,31,6,43,20,1,7,70,1.387097
6523,926,927,936,-1,185,4,6,34,8,55,10,1,10,-1,1.617647
6524,926,-1,-1,-1,-1,0,-1,62,0,0,0,-1,-1,-1,0.000000
6525,926,927,939,-1,413,7,5,25,9,40,24,1,13,-1,1.600000
6526,926,927,932,957,33,0,5,15,5,19,6,1,6,31,1.266667
6527,927,928,-1,-1,19,24,12,10,44,0,28,1,-1,-1,0.000000
6528,927,928,936,-1,40,3,25,23,8,43,21,1,9,-1,1.869565
6529,927,929,949,965,477,4,7,11,13,15,2,2,22,38,1.363636
6530,927,928,948,992,112,12,16,26,14,40,10,1,21,65,1.538462
6531,927,928,959,-1,522,12,20,37,14,28,14,1,32,-1,0.756757
6532,928,929,929,974,414,0,0,23,0,37,8,1,1,46,1.608696
6533,928,932,943,956,36,1,12,11,9,13,1,4,15,28,1.181818
6534,928,929,946,-1,172,15,13,37,13,44,14,1,18,-1,1.189189
6535,928,929,952,-1,200,17,13,29,16,47,8,1,24,-1,1.620690
6536,928,929,948,974,363,11,24,18,12,22,11,1,20,46,1.222222
6537,928,929,-1,-1,314,58,12,39,50,0,21,1,-1,-1,0.000000
6538,928,929,-1,-1,90,52,9,31,48,0,23,1,-1,-1,0.000000
6539,928,929,956,-1,410,24,11,24,19,35,17,1,28,-1,1.458333
6540,928,929,954,-1,218,16,7,18,18,29,24,1,26,-1,1.611111
6541,928,929,935,-1,341,5,23,32,5,50,16,1,7,-1,1.562500
6542,928,929,986,-1,294,38,11,24,36,14,21,1,58,-1,0.583333
6543,928,929,-1,-1,42,51,8,18,43,0,28,1,-1,-1,0.000000
6544,929,930,971,-1,375,29,12,34,24,28,18,1,42,-1,0.823529
6545,929,931,939,982,566,4,12,37,6,41,4,2,10,53,1.108108
6546,929,930,959,-1,169,22,12,20,23,30,17,1,30,-1,1.500000
6547,929,930,973,-1,15,37,11,45,36,27,7,1,44,-1,0.600000
6548,929,930,-1,-1,93,49,16,42,34,0,31,1,-1,-1,0.000000
6549,930,931,938,-1,240,5,21,42,5,56,8,1,8,-1,1.333333
6550,930,931,958,976,169,11,13,8,22,14,9,1,28,46,1.750000
6551,930,936,954,-1,15,2,10,41,7,42,4,6,24,-1,1.024390
6552,930,931,931,-1,338,0,0,52,0,63,6,1,1,-1,1.211538
6553,931,-1,-1,-1,-1,0,-1,54,0,0,0,-1,-1,-1,0.000000
6554,931,932,-1,-1,303,53,20,27,44,0,24,1,-1,-1,0.000000
6555,931,932,963,988,104,19,9,22,20,24,12,1,32,57,1.090909
6556,931,932,943,977,59,8,9,26,11,32,2,1,12,46,1.230769
6557,931,932,971,-1,52,14,16,19,30,22,16,1,40,-1,1.157895
6558,932,933,944,994,77,7,12,29,7,39,15,1,12,62,1.344828
6559,932,933,953,973,61,7,6,14,19,16,5,1,21,41,1.142857
6560,932,-1,-1,-1,-1,0,-1,51,0,0,0,-1,-1,-1,0.000000
6561,932,965,994,-1,242,1,9,38,7,6,0,33,62,-1,0.157895
6562,933,934,939,-1,132,3,8,26,5,36,25,1,6,-1,1.384615
6563,933,934,959,-1,84,20,19,38,21,35,10,1,26,-1,0.921053
6564,933,934,956,969,45,4,12,8,15,10,10,1,23,36,1.250000
6565,933,934,959,-1,281,11,13,16,9,34,23,1,26,-1,2.125000
6566,933,934,936,986,96,1,16,34,1,40,11,1,3,53,1.176471
6567,933,934,988,-1,324,30,12,12,28,6,32,1,55,-1,0.500000
6568,933,934,944,964,354,4,10,19,8,19,3,1,11,31,1.000000
6569,933,934,-1,-1,511,44,5,36,51,0,15,1,-1,-1,0.000000
6570,933,-1,-1,-1,-1,0,-1,52,0,0,0,-1,-1,-1,0.000000
6571,934,935,936,-1,218,0,1,18,1,44,20,1,2,-1,2.444444
6572,934,935,965,993,5,13,3,20,19,26,13,1,31,59,1.300000
6573,934,935,-1,-1,41,36,10,29,41,0,24,1,-1,-1,0.000000
6574,934,935,947,-1,345,9,8,47,8,40,17,1,13,-1,0.851064
6575,934,935,941,982,530,4,18,15,4,27,16,1,7,48,1.800000
6576,935,936,-1,-1,118,49,23,45,47,0,17,1,-1,-1,0.000000
6577,936,937,949,985,40,7,12,20,5,26,17,1,13,49,1.300000
6578,936,937,941,965,118,2,27,18,3,22,3,1,5,29,1.222222
6579,936,937,953,-1,405,11,14,23,12,41,10,1,17,-1,1.782609
6580,937,938,946,-1,11,1,4,21,8,37,17,1,9,-1,1.761905
6581,937,938,949,-1,233,6,3,46,9,44,9,1,12,-1,0.956522
6582,937,938,-1,-1,112,28,10,28,40,0,22,1,-1,-1,0.000000
6583,937,938,992,-1,246,46,24,41,32,6,24,1,55,-1,0.146341
6584,937,938,954,-1,574,9,6,31,9,40,12,1,17,-1,1.290323
6585,937,938,947,986,40,1,12,12,1,32,15,1,10,49,2.666667
6586,937,938,951,-1,375,6,8,24,5,36,21,1,14,-1,1.500000
6587,937,938,-1,-1,52,47,27,24,41,0,21,1,-1,-1,0.000000
6588,937,945,-1,-1,599,11,13,42,17,0,10,8,-1,-1,0.000000
6589,937,938,-1,-1,400,38,13,23,36,0,26,1,-1,-1,0.000000
6590,938,939,945,957,172,3,4,9,5,9,4,1,7,19,1.000000
6591,938,942,952,969,250,7,10,11,9,17,1,4,14,31,1.545455
6592,938,939,943,981,213,3,9,17,2,27,13,1,5,43,1.588235
6593,938,939,949,-1,228,2,12,19,6,34,21,1,11,-1,1.789474
6594,938,939,979,-1,55,27,7,11,33,16,12,1,41,-1,1.454545
6595,939,940,952,-1,34,10,4,40,11,38,11,1,13,-1,0.950000
6596,939,940,946,-1,2,0,3,23,5,39,16,1,7,-1,1.695652
6597,939,940,975,-1,212,25,10,25,23,24,13,1,36,-1,0.960000
6598,940,941,984,-1,163,22,16,28,36,16,7,1,44,-1,0.571429
6599,940,971,-1,-1,516,23,20,47,19,0,7,31,-1,-1,0.000000
6600,940,941,947,996,383,5,16,37,3,45,7,1,7,56,1.216216
6601,940,964,-1,-1,78,9,15,37,17,0,2,24,-1,-1,0.000000
6602,940,941,942,1000,298,1,9,10,0,44,15,1,2,60,4.400000
6603,940,941,941,-1,503,0,0,29,0,49,10,1,1,-1,1.689655
6604,940,941,-1,-1,279,35,24,17,41,0,18,1,-1,-1,0.000000
6605,940,941,-1,-1,212,44,9,43,35,0,19,1,-1,-1,0.000000
6606,940,941,949,-1,196,5,16,28,5,49,5,1,9,-1,1.750000
6607,940,941,942,972,11,0,1,14,1,16,14,1,2,32,1.142857
6608,941,942,955,-1,566,5,14,32,10,33,13,1,14,-1,1.031250
6609,941,942,946,-1,198,4,21,46,2,51,5,1,5,-1,1.108696
6610,941,942,-1,-1,326,50,1,22,39,0,19,1,-1,-1,0.000000
6611,941,942,972,-1,248,13,5,14,10,24,24,1,31,-1,1.714286
6612,941,942,946,-1,543,2,4,45,4,50,4,1,5,-1,1.111111
6613,941,942,948,-1,278,2,5,15,5,32,21,1,7,-1,2.133333
6614,941,942,943,-1,284,0,1,27,1,39,18,1,2,-1,1.444444
6615,941,942,961,-1,208,10,11,36,17,38,3,1,20,-1,1.055556
6616,941,942,996,-1,297,34,13,16,36,4,18,1,55,-1,0.250000
6617,941,953,988,-1,276,20,14,29,27,11,2,12,47,-1,0.379310
6618,941,942,962,-1,78,13,14,28,14,29,15,1,21,-1,1.035714
6619,941,960,972,-1,406,3,20,46,4,26,5,19,31,-1,0.565217
6620,941,942,974,995,112,3,9,9,25,19,9,1,33,54,2.111111
6621,942,963,966,-1,542,3,3,35,3,31,3,21,24,-1,0.885714
6622,942,943,-1,-1,48,14,8,16,29,0,28,1,-1,-1,0.000000
6623,942,943,-1,-1,566,36,11,40,28,0,29,1,-1,-1,0.000000
6624,942,943,943,988,233,0,0,21,0,37,8,1,1,46,1.761905
6625,942,943,-1,-1,213,33,12,15,29,0,28,1,-1,-1,0.000000
6626,942,943,950,-1,77,1,8,14,4,39,14,1,8,-1,2.785714
6627,943,944,959,-1,270,11,31,40,12,39,5,1,16,-1,0.975000
6628,943,944,954,-1,216,9,11,29,8,40,8,1,11,-1,1.379310
6629,943,944,983,-1,46,0,9,17,19,17,20,1,40,-1,1.000000
6630,944,945,953,987,558,5,9,26,8,32,2,1,9,43,1.230769
6631,944,945,947,-1,96,2,7,31,2,45,8,1,3,-1,1.451613
6632,944,945,946,-1,243,0,1,25,1,37,17,1,2,-1,1.480000
6633,944,945,-1,-1,181,42,7,34,43,0,12,1,-1,-1,0.000000
6634,944,945,959,969,129,2,26,10,12,10,1,1,15,25,1.000000
6635,944,945,979,-1,98,22,18,31,27,19,9,1,35,-1,0.612903
6636,944,945,-1,-1,203,38,18,39,44,0,11,1,-1,-1,0.000000
6637,944,952,972,-1,520,4,15,37,11,17,13,8,28,-1,0.459459
6638,944,945,955,988,496,9,3,17,6,21,16,1,11,44,1.235294
6639,944,945,986,-1,80,34,27,46,24,13,18,1,42,-1,0.282609
6640,945,946,971,-1,348,15,15,31,18,26,8,1,26,-1,0.838710
6641,945,946,946,977,44,0,0,10,0,20,11,1,1,32,2.000000
6642,945,946,954,-1,556,3,8,57,6,35,11,1,9,-1,0.614035
6643,945,946,-1,-1,40,22,12,7,35,0,19,1,-1,-1,0.000000
6644,946,950,952,-1,163,0,11,32,1,39,9,4,6,-1,1.218750
6645,946,947,986,-1,170,29,12,21,31,13,9,1,40,-1,0.619048
6646,946,-1,-1,-1,-1,0,-1,58,0,0,0,-1,-1,-1,0.000000
6647,946,982,-1,-1,187,13,14,51,9,0,5,36,-1,-1,0.000000
6648,946,947,949,990,110,1,27,11,2,27,14,1,3,44,2.454545
6649,946,-1,-1,-1,-1,0,-1,51,0,0,0,-1,-1,-1,0.000000
6650,947,948,960,-1,168,6,8,32,11,29,12,1,13,-1,0.906250
6651,947,948,957,-1,119,4,7,27,5,41,6,1,10,-1,1.518519
6652,947,948,-1,-1,370,37,22,25,34,0,17,1,-1,-1,0.000000
6653,947,948,965,-1,238,7,6,21,15,25,12,1,18,-1,1.190476
6654,947,948,958,-1,77,4,7,15,7,31,14,1,11,-1,2.066667
6655,947,948,958,-1,549,4,9,20,6,30,16,1,11,-1,1.500000
6656,947,948,973,-1,568,24,17,50,19,25,8,1,26,-1,0.500000
6657,948,965,-1,-1,466,1,12,50,5,0,0,17,-1,-1,0.000000
6658,948,949,-1,-1,412,2,28,61,4,0,2,1,-1,-1,0.000000
6659,948,949,979,-1,140,15,12,29,24,19,8,1,31,-1,0.655172
6660,948,962,-1,-1,456,0,17,49,0,0,1,14,-1,-1,0.000000
6661,948,951,963,-1,549,7,8,36,9,29,10,3,15,-1,0.805556
6662,948,949,954,-1,121,3,20,36,3,35,13,1,6,-1,0.972222
6663,949,950,969,985,498,11,21,14,14,16,5,1,20,36,1.142857
6664,949,950,953,-1,125,0,3,18,3,28,19,1,4,-1,1.555556
6665,949,952,-1,-1,181,27,15,29,38,0,5,3,-1,-1,0.000000
6666,949,950,958,-1,93,2,16,45,5,40,5,1,9,-1,0.888889
6667,949,950,977,-1,549,12,8,35,22,23,5,1,28,-1,0.657143
6668,949,950,959,981,21,0,7,16,9,16,6,1,10,32,1.000000
6669,950,951,-1,-1,144,34,4,25,30,0,19,1,-1,-1,0.000000
6670,950,951,-1,-1,119,27,10,22,28,0,21,1,-1,-1,0.000000
6671,950,954,-1,-1,584,18,18,50,21,0,6,4,-1,-1,0.000000
6672,950,951,955,-1,538,1,14,42,4,41,4,1,5,-1,0.976190
6673,951,952,965,-1,149,5,15,24,10,28,10,1,14,-1,1.166667
6674,951,952,968,-1,270,13,16,40,9,31,8,1,17,-1,0.775000
6675,951,952,-1,-1,121,35,21,16,35,0,13,1,-1,-1,0.000000
6676,951,952,991,-1,340,22,8,24,26,8,14,1,40,-1,0.333333
6677,951,952,-1,-1,334,20,20,55,19,0,10,1,-1,-1,0.000000
6678,951,952,953,970,378,0,1,15,1,17,0,1,2,19,1.133333
6679,952,953,975,-1,476,17,10,47,15,20,12,1,23,-1,0.425532
6680,952,953,-1,-1,118,31,16,24,28,0,19,1,-1,-1,0.000000
6681,952,953,989,-1,175,29,15,35,24,10,13,1,37,-1,0.285714
6682,952,953,-1,-1,302,34,8,58,27,0,20,1,-1,-1,0.000000
6683,953,954,982,-1,213,16,11,17,16,12,18,1,29,-1,0.705882
6684,953,954,-1,-1,484,40,19,47,24,0,22,1,-1,-1,0.000000
6685,953,954,958,-1,374,3,22,28,2,29,15,1,5,-1,1.035714
6686,953,954,-1,-1,118,34,13,27,22,0,24,1,-1,-1,0.000000
6687,954,955,967,-1,207,1,7,28,12,24,9,1,13,-1,0.857143
6688,954,955,955,-1,144,0,0,34,0,39,6,1,1,-1,1.147059
6689,954,955,978,-1,24,2,15,25,19,18,8,1,24,-1,0.720000
6690,954,955,966,981,155,3,1,9,8,13,5,1,12,27,1.444444
6691,954,955,-1,-1,450,31,11,41,31,0,14,1,-1,-1,0.000000
6692,955,956,964,-1,293,7,2,45,6,35,3,1,9,-1,0.777778
6693,955,956,1000,-1,283,23,20,21,28,0,16,1,45,-1,0.000000
6694,955,956,974,-1,168,13,5,40,16,25,3,1,19,-1,0.625000
6695,955,956,-1,-1,237,36,10,24,25,0,19,1,-1,-1,0.000000
6696,955,956,-1,-1,273,33,14,24,27,0,17,1,-1,-1,0.000000
6697,955,956,-1,-1,412,13,28,46,12,0,7,1,-1,-1,0.000000
6698,955,956,-1,-1,279,35,22,48,29,0,15,1,-1,-1,0.000000
6699,955,956,961,-1,78,4,9,40,3,37,4,1,6,-1,0.925000
6700,955,956,995,-1,9,30,4,14,27,4,13,1,40,-1,0.285714
6701,956,957,958,-1,121,1,17,20,1,31,11,1,2,-1,1.550000
6702,956,957,-1,-1,307,29,1,30,29,0,14,1,-1,-1,0.000000
6703,956,957,964,-1,532,6,14,30,6,30,7,1,8,-1,1.000000
6704,956,957,975,-1,43,11,11,34,10,15,18,1,19,-1,0.441176
6705,956,957,964,-1,357,4,2,25,7,29,7,1,8,-1,1.160000
6706,957,958,-1,-1,553,31,11,19,29,0,13,1,-1,-1,0.000000
6707,957,958,958,-1,382,0,0,22,0,33,9,1,1,-1,1.500000
6708,957,958,-1,-1,52,24,24,13,24,0,18,1,-1,-1,0.000000
6709,957,958,-1,-1,192,37,15,39,22,0,20,1,-1,-1,0.000000
6710,957,958,972,-1,308,3,10,23,11,22,9,1,15,-1,0.956522
6711,958,959,969,996,110,9,25,21,5,25,7,1,11,38,1.190476
6712,958,959,976,-1,593,10,16,26,9,16,16,1,18,-1,0.615385
6713,958,959,982,-1,149,8,16,16,15,14,12,1,24,-1,0.875000
6714,958,959,993,-1,43,22,13,21,19,6,16,1,35,-1,0.285714
6715,958,959,969,-1,476,6,7,52,9,27,5,1,11,-1,0.519231
6716,958,959,985,996,246,21,15,11,17,11,9,1,27,38,1.000000
6717,958,959,961,-1,13,0,2,18,2,30,9,1,3,-1,1.666667
6718,958,959,991,-1,230,21,9,29,23,9,9,1,33,-1,0.310345
6719,959,960,962,-1,152,1,14,29,1,30,9,1,3,-1,1.034483
6720,959,960,-1,-1,97,25,14,15,28,0,12,1,-1,-1,0.000000
6721,959,960,996,-1,192,33,15,38,24,4,12,1,37,-1,0.105263
6722,959,960,975,987,246,11,15,11,10,11,6,1,16,28,1.000000
6723,959,960,-1,-1,173,30,15,46,25,0,15,1,-1,-1,0.000000
6724,959,960,964,-1,328,4,9,22,3,25,12,1,5,-1,1.136364
6725,959,960,-1,-1,78,25,5,47,27,0,13,1,-1,-1,0.000000
6726,960,961,975,-1,377,11,8,17,6,14,19,1,15,-1,0.823529
6727,960,961,962,-1,26,0,1,13,1,30,8,1,2,-1,2.307692
6728,960,961,-1,-1,436,23,9,37,21,0,18,1,-1,-1,0.000000
6729,960,961,-1,-1,209,35,13,34,23,0,16,1,-1,-1,0.000000
6730,960,961,994,-1,374,29,26,49,25,6,8,1,34,-1,0.122449
6731,960,961,974,-1,305,2,13,22,11,23,3,1,14,-1,1.045455
6732,961,962,977,-1,91,8,13,42,8,20,10,1,16,-1,0.476190
6733,961,962,-1,-1,392,29,19,39,19,0,18,1,-1,-1,0.000000
6734,961,962,987,-1,452,17,10,28,18,10,10,1,26,-1,0.357143
6735,962,963,963,987,112,0,0,16,0,18,6,1,1,25,1.125000
6736,962,963,980,-1,490,14,6,43,12,20,5,1,18,-1,0.465116
6737,962,965,976,-1,169,4,10,32,11,20,4,3,14,-1,0.625000
6738,962,963,970,-1,157,1,17,25,7,21,9,1,8,-1,0.840000
6739,962,963,-1,-1,523,23,9,28,23,0,14,1,-1,-1,0.000000
6740,963,964,975,-1,348,1,7,23,11,25,0,1,12,-1,1.086957
6741,963,964,-1,-1,279,26,24,44,22,0,14,1,-1,-1,0.000000
6742,963,964,970,988,577,4,5,17,6,17,1,1,7,25,1.000000
6743,963,964,-1,-1,129,29,16,20,26,0,10,1,-1,-1,0.000000
6744,963,964,998,-1,121,31,16,35,27,1,8,1,35,-1,0.028571
6745,964,965,-1,-1,505,21,12,23,19,0,16,1,-1,-1,0.000000
6746,964,965,983,1000,321,13,9,16,16,16,3,1,19,36,1.000000
6747,964,965,977,-1,476,9,5,37,7,18,10,1,13,-1,0.486486
6748,964,965,-1,-1,22,22,16,39,24,0,11,1,-1,-1,0.000000
6749,964,965,973,-1,370,7,21,41,5,27,3,1,9,-1,0.658537
6750,964,-1,-1,-1,-1,0,-1,51,0,0,0,-1,-1,-1,0.000000
6751,965,966,973,-1,484,5,17,38,4,27,3,1,8,-1,0.710526
6752,965,966,972,-1,474,5,17,45,4,27,3,1,7,-1,0.600000
6753,965,967,974,-1,355,2,12,28,7,23,3,2,9,-1,0.821429
6754,965,-1,-1,-1,-1,0,-1,63,0,0,0,-1,-1,-1,0.000000
6755,965,966,973,-1,149,5,15,36,6,26,2,1,8,-1,0.722222
6756,965,966,-1,-1,483,23,10,46,23,0,10,1,-1,-1,0.000000
6757,966,967,975,-1,272,0,8,21,8,23,2,1,9,-1,1.095238
6758,966,967,979,-1,74,11,6,19,6,15,12,1,13,-1,0.789474
6759,967,968,988,-1,541,17,22,24,16,12,4,1,21,-1,0.500000
6760,967,-1,-1,-1,-1,0,-1,48,0,0,0,-1,-1,-1,0.000000
6761,967,968,990,-1,369,17,12,33,19,7,6,1,23,-1,0.212121
6762,967,968,983,-1,296,14,11,16,8,13,11,1,16,-1,0.812500
6763,967,968,974,-1,262,5,11,48,5,24,3,1,7,-1,0.500000
6764,968,969,-1,-1,252,20,24,37,25,0,6,1,-1,-1,0.000000
6765,968,969,996,-1,295,24,21,41,23,3,5,1,28,-1,0.073171
6766,968,969,-1,-1,577,27,1,22,15,0,16,1,-1,-1,0.000000
6767,969,971,-1,-1,154,3,12,42,7,0,2,2,-1,-1,0.000000
6768,969,970,972,-1,423,0,2,25,2,19,9,1,3,-1,0.760000
6769,969,970,971,-1,230,0,1,24,1,27,2,1,2,-1,1.125000
6770,969,970,983,-1,356,12,15,51,10,14,6,1,14,-1,0.274510
6771,969,970,-1,-1,325,16,12,21,22,0,8,1,-1,-1,0.000000
6772,969,970,992,-1,564,8,10,25,17,8,5,1,23,-1,0.320000
6773,969,970,-1,-1,294,16,14,44,15,0,11,1,-1,-1,0.000000
6774,969,-1,-1,-1,-1,0,-1,54,0,0,0,-1,-1,-1,0.000000
6775,969,970,-1,-1,460,16,4,44,20,0,6,1,-1,-1,0.000000
6776,969,970,-1,-1,582,20,16,26,22,0,8,1,-1,-1,0.000000
6777,969,970,972,-1,538,2,6,37,2,25,3,1,3,-1,0.675676
6778,970,971,978,-1,554,3,14,11,6,18,5,1,8,-1,1.636364
6779,970,971,971,-1,348,0,0,28,0,28,1,1,1,-1,1.000000
6780,970,971,976,-1,343,4,13,30,4,21,4,1,6,-1,0.700000
6781,970,971,981,-1,146,8,11,36,5,18,6,1,11,-1,0.500000
6782,970,971,-1,-1,93,16,15,21,18,0,11,1,-1,-1,0.000000
6783,970,971,988,-1,490,11,2,11,12,8,9,1,18,-1,0.727273
6784,970,971,975,-1,557,4,4,23,3,16,10,1,5,-1,0.695652
6785,970,971,-1,-1,322,11,13,21,16,0,13,1,-1,-1,0.000000
6786,970,971,-1,-1,412,22,28,28,17,0,11,1,-1,-1,0.000000
6787,971,972,980,-1,383,8,22,43,6,19,3,1,9,-1,0.441860
6788,971,973,976,-1,463,1,11,47,3,24,0,2,5,-1,0.510638
6789,971,972,985,-1,120,12,13,32,9,14,5,1,14,-1,0.437500
6790,972,973,978,-1,255,4,14,21,4,20,3,1,6,-1,0.952381
6791,972,973,1000,-1,266,25,14,22,17,0,10,1,28,-1,0.000000
6792,972,973,976,-1,393,1,11,25,1,20,6,1,4,-1,0.800000
6793,973,979,-1,-1,593,2,26,36,4,0,2,6,-1,-1,0.000000
6794,973,974,980,-1,530,4,5,41,5,15,6,1,7,-1,0.365854
6795,973,-1,-1,-1,-1,0,-1,45,0,0,0,-1,-1,-1,0.000000
6796,973,974,978,-1,17,0,4,21,4,11,11,1,5,-1,0.523810
6797,973,974,987,-1,146,7,11,30,9,13,4,1,14,-1,0.433333
6798,973,974,999,-1,380,6,10,23,21,1,4,1,26,-1,0.043478
6799,973,974,-1,-1,599,18,11,40,16,0,9,1,-1,-1,0.000000
6800,974,975,977,-1,298,0,2,25,2,15,8,1,3,-1,0.600000
6801,974,975,-1,-1,11,13,10,14,20,0,5,1,-1,-1,0.000000
6802,974,976,987,-1,154,4,9,23,10,13,1,2,13,-1,0.565217
6803,975,-1,-1,-1,-1,0,-1,59,0,0,0,-1,-1,-1,0.000000
6804,975,976,-1,-1,325,10,11,24,13,0,11,1,-1,-1,0.000000
6805,975,976,987,-1,449,10,26,41,9,12,3,1,12,-1,0.292683
6806,975,976,-1,-1,173,5,25,15,12,0,12,1,-1,-1,0.000000
6807,975,-1,-1,-1,-1,0,-1,49,0,0,0,-1,-1,-1,0.000000
6808,976,977,978,-1,14,0,1,25,1,18,4,1,2,-1,0.720000
6809,976,977,992,-1,559,13,16,29,7,6,10,1,16,-1,0.206897
6810,976,977,-1,-1,296,9,12,16,18,0,5,1,-1,-1,0.000000
6811,977,978,995,-1,562,8,13,47,13,5,1,1,18,-1,0.106383
6812,977,978,979,-1,152,1,11,21,0,19,3,1,2,-1,0.904762
6813,977,978,994,-1,67,11,7,13,11,4,7,1,17,-1,0.307692
6814,977,978,997,-1,518,4,13,33,5,3,3,1,20,-1,0.090909
6815,977,978,986,-1,553,7,7,30,8,7,7,1,9,-1,0.233333
6816,978,979,982,-1,553,2,13,32,2,15,4,1,4,-1,0.468750
6817,978,979,-1,-1,249,12,11,26,9,0,10,1,-1,-1,0.000000
6818,978,979,-1,-1,571,19,9,27,10,0,11,1,-1,-1,0.000000
6819,978,979,992,-1,211,7,16,18,11,7,3,1,14,-1,0.388889
6820,979,-1,-1,-1,-1,0,-1,43,0,0,0,-1,-1,-1,0.000000
6821,979,980,-1,-1,1,15,24,36,17,0,3,1,-1,-1,0.000000
6822,979,980,998,-1,532,12,18,53,11,2,7,1,19,-1,0.037736
6823,979,980,985,-1,436,0,3,18,5,13,2,1,6,-1,0.722222
6824,979,980,-1,-1,173,17,12,26,13,0,7,1,-1,-1,0.000000
6825,979,980,985,-1,54,0,5,15,5,14,1,1,6,-1,0.933333
6826,980,-1,-1,-1,-1,0,-1,43,0,0,0,-1,-1,-1,0.000000
6827,980,981,-1,-1,549,14,11,37,11,0,8,1,-1,-1,0.000000
6828,980,981,-1,-1,255,16,27,24,12,0,7,1,-1,-1,0.000000
6829,980,981,-1,-1,83,12,9,16,8,0,11,1,-1,-1,0.000000
6830,980,981,-1,-1,38,5,7,16,10,0,9,1,-1,-1,0.000000
6831,980,981,-1,-1,380,5,14,44,12,0,7,1,-1,-1,0.000000
6832,980,981,-1,-1,414,14,7,25,10,0,9,1,-1,-1,0.000000
6833,980,981,-1,-1,11,15,16,34,15,0,4,1,-1,-1,0.000000
6834,981,982,993,-1,317,4,1,10,10,7,1,1,12,-1,0.700000
6835,981,982,-1,-1,220,16,15,17,12,0,6,1,-1,-1,0.000000
6836,981,982,992,-1,59,5,10,15,9,7,2,1,11,-1,0.466667
6837,981,982,-1,-1,528,8,12,18,11,0,7,1,-1,-1,0.000000
6838,981,982,-1,-1,161,10,1,30,13,0,5,1,-1,-1,0.000000
6839,981,982,1000,-1,562,15,5,29,12,0,6,1,19,-1,0.000000
6840,981,982,997,-1,142,8,20,21,13,3,2,1,16,-1,0.142857
6841,981,982,-1,-1,11,3,16,8,14,0,4,1,-1,-1,0.000000
6842,982,983,-1,-1,428,13,14,33,11,0,6,1,-1,-1,0.000000
6843,982,986,-1,-1,413,6,7,21,12,0,2,4,-1,-1,0.000000
6844,982,983,999,-1,266,14,18,30,5,1,11,1,17,-1,0.033333
6845,982,983,-1,-1,343,6,2,13,15,0,2,1,-1,-1,0.000000
6846,982,983,991,-1,294,3,7,17,6,9,2,1,9,-1,0.529412
6847,982,983,-1,-1,118,4,11,21,10,0,7,1,-1,-1,0.000000
6848,983,984,985,-1,50,1,13,15,0,10,6,1,2,-1,0.666667
6849,983,984,996,-1,28,5,7,38,12,4,0,1,13,-1,0.105263
6850,983,984,1000,-1,485,16,7,30,12,0,4,1,17,-1,0.000000
6851,983,-1,-1,-1,-1,0,-1,50,0,0,0,-1,-1,-1,0.000000
6852,984,985,-1,-1,403,10,18,43,10,0,5,1,-1,-1,0.000000
6853,984,985,988,-1,16,1,11,11,2,7,6,1,4,-1,0.636364
6854,984,985,-1,-1,374,12,10,25,10,0,5,1,-1,-1,0.000000
6855,984,985,-1,-1,95,10,14,25,8,0,7,1,-1,-1,0.000000
6856,985,986,-1,-1,254,10,11,31,11,0,3,1,-1,-1,0.000000
6857,985,986,-1,-1,12,2,9,24,12,0,0,1,-1,-1,0.000000
6858,985,986,-1,-1,93,11,19,29,9,0,5,1,-1,-1,0.000000
6859,985,986,-1,-1,189,7,3,13,12,0,2,1,-1,-1,0.000000
6860,985,986,-1,-1,535,11,9,22,13,0,1,1,-1,-1,0.000000
6861,985,986,-1,-1,403,10,16,39,6,0,8,1,-1,-1,0.000000
6862,985,986,989,-1,266,3,16,14,2,11,1,1,4,-1,0.785714
6863,985,986,-1,-1,199,9,4,16,8,0,6,1,-1,-1,0.000000
6864,985,-1,-1,-1,-1,0,-1,43,0,0,0,-1,-1,-1,0.000000
6865,985,986,-1,-1,267,12,13,50,14,0,0,1,-1,-1,0.000000
6866,985,986,989,-1,226,3,3,29,3,8,3,1,4,-1,0.275862
6867,985,986,-1,-1,337,8,11,24,12,0,2,1,-1,-1,0.000000
6868,986,-1,-1,-1,-1,0,-1,61,0,0,0,-1,-1,-1,0.000000
6869,986,987,996,-1,492,6,19,21,7,3,3,1,10,-1,0.142857
6870,986,987,-1,-1,283,10,19,34,9,0,4,1,-1,-1,0.000000
6871,986,987,-1,-1,21,12,10,34,9,0,4,1,-1,-1,0.000000
6872,986,987,995,-1,566,5,21,20,6,4,3,1,9,-1,0.200000
6873,987,988,-1,-1,296,9,10,20,8,0,4,1,-1,-1,0.000000
6874,987,988,-1,-1,273,9,10,19,7,0,5,1,-1,-1,0.000000
6875,987,988,-1,-1,38,6,7,11,8,0,4,1,-1,-1,0.000000
6876,987,988,-1,-1,249,6,18,45,11,0,1,1,-1,-1,0.000000
6877,987,988,989,-1,91,0,1,19,1,9,2,1,2,-1,0.473684
6878,987,988,-1,-1,70,10,28,9,6,0,6,1,-1,-1,0.000000
6879,987,988,-1,-1,222,8,8,25,7,0,5,1,-1,-1,0.000000
6880,987,988,-1,-1,324,11,25,42,11,0,1,1,-1,-1,0.000000
6881,987,991,-1,-1,509,5,16,47,6,0,3,4,-1,-1,0.000000
6882,988,989,1000,-1,473,11,8,34,6,0,5,1,12,-1,0.000000
6883,988,989,-1,-1,505,8,7,37,6,0,5,1,-1,-1,0.000000
6884,988,989,995,-1,12,0,6,14,6,5,0,1,7,-1,0.357143
6885,988,989,996,-1,121,1,9,14,7,4,0,1,8,-1,0.285714
6886,988,989,-1,-1,273,7,17,27,5,0,5,1,-1,-1,0.000000
6887,988,989,1000,-1,209,8,12,26,5,0,6,1,12,-1,0.000000
6888,988,989,-1,-1,261,8,13,17,8,0,3,1,-1,-1,0.000000
6889,988,989,1000,-1,49,3,12,23,8,0,3,1,12,-1,0.000000
6890,988,992,-1,-1,20,1,7,42,2,0,0,4,-1,-1,0.000000
6891,989,-1,-1,-1,-1,0,-1,54,0,0,0,-1,-1,-1,0.000000
6892,990,991,-1,-1,535,9,4,31,6,0,3,1,-1,-1,0.000000
6893,990,-1,-1,-1,-1,0,-1,43,0,0,0,-1,-1,-1,0.000000
6894,990,991,999,-1,112,7,15,23,6,1,2,1,9,-1,0.043478
6895,990,991,-1,-1,507,7,16,49,3,0,6,1,-1,-1,0.000000
6896,990,992,-1,-1,564,6,17,20,5,0,3,2,-1,-1,0.000000
6897,990,993,-1,-1,92,2,22,44,3,0,1,3,-1,-1,0.000000
6898,990,991,992,-1,41,0,1,19,1,5,3,1,2,-1,0.263158
6899,990,991,991,-1,28,0,0,12,0,7,2,1,1,-1,0.583333
6900,990,-1,-1,-1,-1,0,-1,44,0,0,0,-1,-1,-1,0.000000
6901,990,991,-1,-1,411,8,15,25,4,0,5,1,-1,-1,0.000000
6902,991,992,-1,-1,246,0,6,30,4,0,1,1,-1,-1,0.000000
6903,991,992,-1,-1,319,3,16,42,5,0,3,1,-1,-1,0.000000
6904,991,-1,-1,-1,-1,0,-1,50,0,0,0,-1,-1,-1,0.000000
6905,991,992,-1,-1,351,6,15,22,5,0,3,1,-1,-1,0.000000
6906,991,992,-1,-1,64,5,10,8,1,0,7,1,-1,-1,0.000000
6907,991,-1,-1,-1,-1,0,-1,46,0,0,0,-1,-1,-1,0.000000
6908,991,992,-1,-1,183,6,7,50,6,0,2,1,-1,-1,0.000000
6909,991,992,-1,-1,186,7,18,16,2,0,6,1,-1,-1,0.000000
6910,991,992,-1,-1,86,4,4,14,8,0,0,1,-1,-1,0.000000
6911,992,993,-1,-1,319,5,14,11,6,0,1,1,-1,-1,0.000000
6912,992,993,997,-1,386,4,6,13,3,2,2,1,5,-1,0.153846
6913,992,993,-1,-1,264,3,15,28,4,0,3,1,-1,-1,0.000000
6914,992,993,994,-1,208,1,12,13,1,4,2,1,2,-1,0.307692
6915,992,993,-1,-1,328,1,1,13,5,0,2,1,-1,-1,0.000000
6916,993,994,1000,-1,386,4,6,22,6,0,0,1,7,-1,0.000000
6917,993,994,-1,-1,430,2,11,49,6,0,0,1,-1,-1,0.000000
6918,993,994,-1,-1,186,5,18,23,4,0,2,1,-1,-1,0.000000
6919,993,994,996,-1,109,0,2,35,2,3,1,1,3,-1,0.085714
6920,993,997,-1,-1,98,0,6,38,3,0,0,4,-1,-1,0.000000
6921,994,1000,-1,-1,592,0,6,47,0,0,0,6,-1,-1,0.000000
6922,994,995,-1,-1,424,3,11,29,3,0,2,1,-1,-1,0.000000
6923,994,995,-1,-1,513,5,14,28,3,0,2,1,-1,-1,0.000000
6924,995,998,-1,-1,72,0,27,48,1,0,0,3,-1,-1,0.000000
6925,995,996,-1,-1,1,3,11,19,2,0,2,1,-1,-1,0.000000
6926,995,996,-1,-1,597,3,23,54,2,0,2,1,-1,-1,0.000000
6927,995,999,-1,-1,3,1,18,34,1,0,0,4,-1,-1,0.000000
6928,995,996,-1,-1,484,3,7,21,3,0,1,1,-1,-1,0.000000
6929,995,-1,-1,-1,-1,0,-1,54,0,0,0,-1,-1,-1,0.000000
6930,995,996,-1,-1,120,0,9,26,3,0,1,1,-1,-1,0.000000
6931,995,996,-1,-1,22,1,12,30,3,0,1,1,-1,-1,0.000000
6932,995,996,-1,-1,536,3,4,14,3,0,1,1,-1,-1,0.000000
6933,995,996,-1,-1,598,4,13,24,2,0,2,1,-1,-1,0.000000
6934,995,996,-1,-1,196,4,18,39,4,0,0,1,-1,-1,0.000000
6935,995,-1,-1,-1,-1,0,-1,45,0,0,0,-1,-1,-1,0.000000
6936,996,997,-1,-1,223,3,15,51,2,0,1,1,-1,-1,0.000000
6937,996,-1,-1,-1,-1,0,-1,38,0,0,0,-1,-1,-1,0.000000
6938,996,997,999,-1,246,0,2,14,2,1,0,1,3,-1,0.071429
6939,996,997,-1,-1,95,1,9,12,3,0,0,1,-1,-1,0.000000
6940,996,997,-1,-1,126,1,10,30,3,0,0,1,-1,-1,0.000000
6941,996,997,999,-1,20,0,2,27,2,1,0,1,3,-1,0.037037
6942,997,998,-1,-1,435,1,19,39,1,0,1,1,-1,-1,0.000000
6943,997,998,-1,-1,424,1,12,29,1,0,1,1,-1,-1,0.000000
6944,997,999,-1,-1,11,1,12,20,1,0,0,2,-1,-1,0.000000
6945,997,998,-1,-1,3,2,21,18,2,0,0,1,-1,-1,0.000000
6946,998,999,-1,-1,403,1,15,39,0,0,1,1,-1,-1,0.000000
6947,998,-1,-1,-1,-1,0,-1,19,0,0,0,-1,-1,-1,0.000000
6948,999,1000,-1,-1,197,0,4,18,0,0,0,1,-1,-1,0.000000
6949,999,1000,-1,-1,49,0,17,47,0,0,0,1,-1,-1,0.000000
6950,999,1000,-1,-1,513,0,28,36,0,0,0,1,-1,-1,0.000000
6951,999,1000,-1,-1,364,0,5,18,0,0,0,1,-1,-1,0.000000
6952,999,1000,-1,-1,596,0,17,48,0,0,0,1,-1,-1,0.000000
6953,1000,-1,-1,-1,-1,0,-1,48,0,0,0,-1,-1,-1,0.000000
6954,1000,-1,-1,-1,-1,0,-1,20,0,0,0,-1,-1,-1,0.000000
6955,1000,-1,-1,-1,-1,0,-1,21,0,0,0,-1,-1,-1,0.000000
6956,1000,-1,-1,-1,-1,0,-1,31,0,0,0,-1,-1,-1,0.000000
6957,1000,-1,-1,-1,-1,0,-1,24,0,0,0,-1,-1,-1,0.000000
6958,1000,-1,-1,-1,-1,0,-1,38,0,0,0,-1,-1,-1,0.000000
6959,1000,-1,-1,-1,-1,0,-1,32,0,0,0,-1,-1,-1,0.000000
6960,1000,-1,-1,-1,-1,0,-1,40,0,0,0,-1,-1,-1,0.000000
6961,1000,-1,-1,-1,-1,0,-1,32,0,0,0,-1,-1,-1,0.000000
