current timestep 0
num of flexible agents: 20000
num of flexible tasks: 30000
Solving time: 0.203127 seconds
plan limit 767
compute initial stop until 0
current timestep 1
num of flexible agents: 19536
num of flexible tasks: 29536
Solving time: 0.17989 seconds
plan limit 792
compute initial stop until 82
current timestep 2
num of flexible agents: 19151
num of flexible tasks: 29151
Solving time: 0.166452 seconds
plan limit 806
compute initial stop until 1585
current timestep 3
num of flexible agents: 18834
num of flexible tasks: 28834
Solving time: 0.174978 seconds
plan limit 797
compute initial stop until 2559
current timestep 4
num of flexible agents: 18457
num of flexible tasks: 28457
Solving time: 0.159589 seconds
plan limit 812
compute initial stop until 3071
current timestep 5
num of flexible agents: 18187
num of flexible tasks: 28187
Solving time: 0.172108 seconds
plan limit 800
compute initial stop until 3443
current timestep 6
num of flexible agents: 17900
num of flexible tasks: 27900
Solving time: 0.185556 seconds
plan limit 786
compute initial stop until 3708
current timestep 7
num of flexible agents: 17661
num of flexible tasks: 27661
Solving time: 0.169047 seconds
plan limit 802
compute initial stop until 3837
current timestep 8
num of flexible agents: 17409
num of flexible tasks: 27409
Solving time: 0.177947 seconds
plan limit 793
compute initial stop until 4041
current timestep 9
num of flexible agents: 17183
num of flexible tasks: 27183
Solving time: 0.162877 seconds
plan limit 808
compute initial stop until 4230
current timestep 10
num of flexible agents: 16939
num of flexible tasks: 26939
Solving time: 0.1582 seconds
plan limit 812
compute initial stop until 4523
current timestep 11
num of flexible agents: 16720
num of flexible tasks: 26720
Solving time: 0.153705 seconds
plan limit 817
compute initial stop until 4685
current timestep 12
num of flexible agents: 16495
num of flexible tasks: 26495
Solving time: 0.157969 seconds
plan limit 813
compute initial stop until 4806
current timestep 13
num of flexible agents: 16265
num of flexible tasks: 26265
Solving time: 0.15715 seconds
plan limit 814
compute initial stop until 4876
current timestep 14
num of flexible agents: 16050
num of flexible tasks: 26050
Solving time: 0.151802 seconds
plan limit 819
compute initial stop until 5016
current timestep 15
num of flexible agents: 15838
num of flexible tasks: 25838
Solving time: 0.147997 seconds
plan limit 823
compute initial stop until 5150
current timestep 16
num of flexible agents: 15630
num of flexible tasks: 25630
Solving time: 0.158153 seconds
plan limit 812
compute initial stop until 5293
current timestep 17
num of flexible agents: 15419
num of flexible tasks: 25419
Solving time: 0.145931 seconds
plan limit 825
compute initial stop until 5434
current timestep 18
num of flexible agents: 15202
num of flexible tasks: 25202
Solving time: 0.142192 seconds
plan limit 827
compute initial stop until 5582
current timestep 19
num of flexible agents: 14985
num of flexible tasks: 24985
Solving time: 0.138499 seconds
plan limit 832
compute initial stop until 5611
current timestep 20
num of flexible agents: 14804
num of flexible tasks: 24804
Solving time: 0.133924 seconds
plan limit 836
compute initial stop until 5799
current timestep 21
num of flexible agents: 14602
num of flexible tasks: 24602
Solving time: 0.133596 seconds
plan limit 836
compute initial stop until 5949
current timestep 22
num of flexible agents: 14408
num of flexible tasks: 24408
Solving time: 0.13874 seconds
plan limit 831
compute initial stop until 6096
current timestep 23
num of flexible agents: 14206
num of flexible tasks: 24206
Solving time: 0.132071 seconds
plan limit 838
compute initial stop until 6199
current timestep 24
num of flexible agents: 14025
num of flexible tasks: 24025
Solving time: 0.130749 seconds
plan limit 839
compute initial stop until 6364
current timestep 25
num of flexible agents: 13810
num of flexible tasks: 23810
Solving time: 0.128237 seconds
plan limit 841
compute initial stop until 6538
current timestep 26
num of flexible agents: 13628
num of flexible tasks: 23628
Solving time: 0.12088 seconds
plan limit 848
compute initial stop until 6683
current timestep 27
num of flexible agents: 13457
num of flexible tasks: 23457
Solving time: 0.124005 seconds
plan limit 845
compute initial stop until 6865
current timestep 28
num of flexible agents: 13311
num of flexible tasks: 23311
Solving time: 0.123796 seconds
plan limit 845
compute initial stop until 7018
current timestep 29
num of flexible agents: 13147
num of flexible tasks: 23147
Solving time: 0.121085 seconds
plan limit 848
compute initial stop until 7166
current timestep 30
num of flexible agents: 13003
num of flexible tasks: 23003
Solving time: 0.118446 seconds
plan limit 850
compute initial stop until 7315
current timestep 31
num of flexible agents: 12859
num of flexible tasks: 22859
Solving time: 0.122274 seconds
plan limit 846
compute initial stop until 7412
current timestep 32
num of flexible agents: 12692
num of flexible tasks: 22692
Solving time: 0.116438 seconds
plan limit 852
compute initial stop until 7536
current timestep 33
num of flexible agents: 12550
num of flexible tasks: 22550
Solving time: 0.119936 seconds
plan limit 849
compute initial stop until 7668
current timestep 34
num of flexible agents: 12407
num of flexible tasks: 22407
Solving time: 0.121284 seconds
plan limit 847
compute initial stop until 7828
current timestep 35
num of flexible agents: 12282
num of flexible tasks: 22282
Solving time: 0.117354 seconds
plan limit 851
compute initial stop until 8033
current timestep 36
num of flexible agents: 12162
num of flexible tasks: 22162
Solving time: 0.11854 seconds
plan limit 849
compute initial stop until 8270
current timestep 37
num of flexible agents: 12026
num of flexible tasks: 22026
Solving time: 0.117767 seconds
plan limit 850
compute initial stop until 8402
current timestep 38
num of flexible agents: 11894
num of flexible tasks: 21894
Solving time: 0.116502 seconds
plan limit 851
compute initial stop until 8522
current timestep 39
num of flexible agents: 11780
num of flexible tasks: 21780
Solving time: 0.120136 seconds
plan limit 848
compute initial stop until 8614
current timestep 40
num of flexible agents: 11657
num of flexible tasks: 21657
Solving time: 0.120235 seconds
plan limit 847
compute initial stop until 8787
current timestep 41
num of flexible agents: 11549
num of flexible tasks: 21549
Solving time: 0.118754 seconds
plan limit 849
compute initial stop until 8842
current timestep 42
num of flexible agents: 11435
num of flexible tasks: 21435
Solving time: 0.121305 seconds
plan limit 846
compute initial stop until 8986
current timestep 43
num of flexible agents: 11328
num of flexible tasks: 21328
Solving time: 0.11755 seconds
plan limit 850
compute initial stop until 9115
current timestep 44
num of flexible agents: 11225
num of flexible tasks: 21225
Solving time: 0.125703 seconds
plan limit 842
compute initial stop until 9265
current timestep 45
num of flexible agents: 11099
num of flexible tasks: 21099
Solving time: 0.111791 seconds
plan limit 855
compute initial stop until 9392
current timestep 46
num of flexible agents: 10994
num of flexible tasks: 20994
Solving time: 0.117085 seconds
plan limit 850
compute initial stop until 9519
current timestep 47
num of flexible agents: 10894
num of flexible tasks: 20894
Solving time: 0.112313 seconds
plan limit 855
compute initial stop until 9645
current timestep 48
num of flexible agents: 10804
num of flexible tasks: 20804
Solving time: 0.108631 seconds
plan limit 858
compute initial stop until 9805
current timestep 49
num of flexible agents: 10729
num of flexible tasks: 20729
Solving time: 0.109334 seconds
plan limit 858
compute initial stop until 9960
current timestep 50
num of flexible agents: 10636
num of flexible tasks: 20636
Solving time: 0.0995935 seconds
plan limit 867
compute initial stop until 10097
current timestep 51
num of flexible agents: 10547
num of flexible tasks: 20547
Solving time: 0.104078 seconds
plan limit 862
compute initial stop until 10185
current timestep 52
num of flexible agents: 10459
num of flexible tasks: 20459
Solving time: 0.107894 seconds
plan limit 858
compute initial stop until 10341
current timestep 53
num of flexible agents: 10362
num of flexible tasks: 20362
Solving time: 0.0918676 seconds
plan limit 875
compute initial stop until 10453
current timestep 54
num of flexible agents: 10281
num of flexible tasks: 20281
Solving time: 0.096158 seconds
plan limit 870
compute initial stop until 10564
current timestep 55
num of flexible agents: 10205
num of flexible tasks: 20205
Solving time: 0.0972517 seconds
plan limit 869
compute initial stop until 10692
current timestep 56
num of flexible agents: 10131
num of flexible tasks: 20131
Solving time: 0.0963754 seconds
plan limit 870
compute initial stop until 10800
current timestep 57
num of flexible agents: 10048
num of flexible tasks: 20048
Solving time: 0.0999297 seconds
plan limit 866
compute initial stop until 10909
current timestep 58
num of flexible agents: 9970
num of flexible tasks: 19970
Solving time: 0.0969793 seconds
plan limit 869
compute initial stop until 11033
current timestep 59
num of flexible agents: 9902
num of flexible tasks: 19902
Solving time: 0.0978652 seconds
plan limit 868
compute initial stop until 11161
current timestep 60
num of flexible agents: 9820
num of flexible tasks: 19820
Solving time: 0.0952964 seconds
plan limit 871
compute initial stop until 11264
current timestep 61
num of flexible agents: 9756
num of flexible tasks: 19756
Solving time: 0.0921779 seconds
plan limit 873
compute initial stop until 11372
current timestep 62
num of flexible agents: 9687
num of flexible tasks: 19687
Solving time: 0.0886336 seconds
plan limit 877
compute initial stop until 11513
current timestep 63
num of flexible agents: 9604
num of flexible tasks: 19604
Solving time: 0.0957443 seconds
plan limit 870
compute initial stop until 11600
current timestep 64
num of flexible agents: 9518
num of flexible tasks: 19518
Solving time: 0.0941577 seconds
plan limit 871
compute initial stop until 11696
current timestep 65
num of flexible agents: 9450
num of flexible tasks: 19450
Solving time: 0.0902635 seconds
plan limit 875
compute initial stop until 11825
current timestep 66
num of flexible agents: 9381
num of flexible tasks: 19381
Solving time: 0.0905004 seconds
plan limit 875
compute initial stop until 11969
current timestep 67
num of flexible agents: 9311
num of flexible tasks: 19311
Solving time: 0.0880913 seconds
plan limit 877
compute initial stop until 12093
current timestep 68
num of flexible agents: 9252
num of flexible tasks: 19252
Solving time: 0.089411 seconds
plan limit 875
compute initial stop until 12176
current timestep 69
num of flexible agents: 9187
num of flexible tasks: 19187
Solving time: 0.0915776 seconds
plan limit 873
compute initial stop until 12255
current timestep 70
num of flexible agents: 9126
num of flexible tasks: 19126
Solving time: 0.0887194 seconds
plan limit 875
compute initial stop until 12324
current timestep 71
num of flexible agents: 9075
num of flexible tasks: 19075
Solving time: 0.105509 seconds
plan limit 859
compute initial stop until 12342
current timestep 72
num of flexible agents: 9006
num of flexible tasks: 19006
Solving time: 0.104769 seconds
plan limit 860
compute initial stop until 12404
current timestep 73
num of flexible agents: 8947
num of flexible tasks: 18947
Solving time: 0.108186 seconds
plan limit 857
compute initial stop until 12427
current timestep 74
num of flexible agents: 8881
num of flexible tasks: 18881
Solving time: 0.112198 seconds
plan limit 852
compute initial stop until 12508
current timestep 75
num of flexible agents: 8825
num of flexible tasks: 18825
Solving time: 0.107572 seconds
plan limit 857
compute initial stop until 12594
current timestep 76
num of flexible agents: 8769
num of flexible tasks: 18769
Solving time: 0.104724 seconds
plan limit 859
compute initial stop until 12680
current timestep 77
num of flexible agents: 8697
num of flexible tasks: 18697
Solving time: 0.105155 seconds
plan limit 859
compute initial stop until 12783
current timestep 78
num of flexible agents: 8638
num of flexible tasks: 18638
Solving time: 0.100775 seconds
plan limit 863
compute initial stop until 12846
current timestep 79
num of flexible agents: 8572
num of flexible tasks: 18572
Solving time: 0.103557 seconds
plan limit 861
compute initial stop until 12935
current timestep 80
num of flexible agents: 8516
num of flexible tasks: 18516
Solving time: 0.10244 seconds
plan limit 861
compute initial stop until 13016
current timestep 81
num of flexible agents: 8464
num of flexible tasks: 18464
Solving time: 0.104957 seconds
plan limit 859
compute initial stop until 13105
current timestep 82
num of flexible agents: 8408
num of flexible tasks: 18408
Solving time: 0.104198 seconds
plan limit 859
compute initial stop until 13182
current timestep 83
num of flexible agents: 8352
num of flexible tasks: 18352
Solving time: 0.108406 seconds
plan limit 854
compute initial stop until 13290
current timestep 84
num of flexible agents: 8300
num of flexible tasks: 18300
Solving time: 0.104419 seconds
plan limit 859
compute initial stop until 13383
current timestep 85
num of flexible agents: 8260
num of flexible tasks: 18260
Solving time: 0.106335 seconds
plan limit 857
compute initial stop until 13419
current timestep 86
num of flexible agents: 8210
num of flexible tasks: 18210
Solving time: 0.103154 seconds
plan limit 860
compute initial stop until 13456
current timestep 87
num of flexible agents: 8168
num of flexible tasks: 18168
Solving time: 0.115328 seconds
plan limit 847
compute initial stop until 13543
current timestep 88
num of flexible agents: 8112
num of flexible tasks: 18112
Solving time: 0.0999826 seconds
plan limit 863
compute initial stop until 13606
current timestep 89
num of flexible agents: 8059
num of flexible tasks: 18059
Solving time: 0.104483 seconds
plan limit 858
compute initial stop until 13666
current timestep 90
num of flexible agents: 8000
num of flexible tasks: 18000
Solving time: 0.102081 seconds
plan limit 861
compute initial stop until 13732
current timestep 91
num of flexible agents: 7942
num of flexible tasks: 17942
Solving time: 0.102595 seconds
plan limit 860
compute initial stop until 13810
current timestep 92
num of flexible agents: 7893
num of flexible tasks: 17893
Solving time: 0.103002 seconds
plan limit 859
compute initial stop until 13864
current timestep 93
num of flexible agents: 7843
num of flexible tasks: 17843
Solving time: 0.101194 seconds
plan limit 862
compute initial stop until 13937
current timestep 94
num of flexible agents: 7797
num of flexible tasks: 17797
Solving time: 0.107409 seconds
plan limit 854
compute initial stop until 13997
current timestep 95
num of flexible agents: 7743
num of flexible tasks: 17743
Solving time: 0.103782 seconds
plan limit 859
compute initial stop until 14051
current timestep 96
num of flexible agents: 7701
num of flexible tasks: 17701
Solving time: 0.110706 seconds
plan limit 852
compute initial stop until 14158
current timestep 97
num of flexible agents: 7650
num of flexible tasks: 17650
Solving time: 0.103181 seconds
plan limit 860
compute initial stop until 14219
current timestep 98
num of flexible agents: 7612
num of flexible tasks: 17612
Solving time: 0.110579 seconds
plan limit 851
compute initial stop until 14269
current timestep 99
num of flexible agents: 7575
num of flexible tasks: 17575
Solving time: 0.102867 seconds
plan limit 860
compute initial stop until 14372
current timestep 100
num of flexible agents: 7523
num of flexible tasks: 17523
Solving time: 0.104784 seconds
plan limit 858
compute initial stop until 14583
current timestep 101
num of flexible agents: 7489
num of flexible tasks: 17489
Solving time: 0.100251 seconds
plan limit 856
compute initial stop until 14806
current timestep 102
num of flexible agents: 7453
num of flexible tasks: 17453
Solving time: 0.0993492 seconds
plan limit 855
compute initial stop until 15011
current timestep 103
num of flexible agents: 7396
num of flexible tasks: 17396
Solving time: 0.103619 seconds
plan limit 851
compute initial stop until 15199
current timestep 104
num of flexible agents: 7346
num of flexible tasks: 17346
Solving time: 0.10201 seconds
plan limit 853
compute initial stop until 15396
current timestep 105
num of flexible agents: 7313
num of flexible tasks: 17313
Solving time: 0.10174 seconds
plan limit 852
compute initial stop until 15606
current timestep 106
num of flexible agents: 7273
num of flexible tasks: 17273
Solving time: 0.104916 seconds
plan limit 850
compute initial stop until 15792
current timestep 107
num of flexible agents: 7243
num of flexible tasks: 17243
Solving time: 0.102358 seconds
plan limit 852
compute initial stop until 16007
current timestep 108
num of flexible agents: 7209
num of flexible tasks: 17209
Solving time: 0.103103 seconds
plan limit 851
compute initial stop until 16206
current timestep 109
num of flexible agents: 7187
num of flexible tasks: 17187
Solving time: 0.101809 seconds
plan limit 851
compute initial stop until 16451
current timestep 110
num of flexible agents: 7155
num of flexible tasks: 17155
Solving time: 0.100622 seconds
plan limit 853
compute initial stop until 16672
current timestep 111
num of flexible agents: 7108
num of flexible tasks: 17108
Solving time: 0.105433 seconds
plan limit 846
compute initial stop until 16853
current timestep 112
num of flexible agents: 7067
num of flexible tasks: 17067
Solving time: 0.102823 seconds
plan limit 850
compute initial stop until 17057
current timestep 113
num of flexible agents: 7039
num of flexible tasks: 17039
Solving time: 0.10654 seconds
plan limit 844
compute initial stop until 17273
current timestep 114
num of flexible agents: 6989
num of flexible tasks: 16989
Solving time: 0.0990302 seconds
plan limit 853
compute initial stop until 17500
current timestep 115
num of flexible agents: 6956
num of flexible tasks: 16956
Solving time: 0.113339 seconds
plan limit 839
compute initial stop until 17686
current timestep 116
num of flexible agents: 6922
num of flexible tasks: 16922
Solving time: 0.102758 seconds
plan limit 848
compute initial stop until 17900
current timestep 117
num of flexible agents: 6875
num of flexible tasks: 16875
Solving time: 0.105909 seconds
plan limit 846
compute initial stop until 18057
current timestep 118
num of flexible agents: 6838
num of flexible tasks: 16838
Solving time: 0.103517 seconds
plan limit 848
compute initial stop until 18240
current timestep 119
num of flexible agents: 6813
num of flexible tasks: 16813
Solving time: 0.107836 seconds
plan limit 843
compute initial stop until 18420
current timestep 120
num of flexible agents: 6777
num of flexible tasks: 16777
Solving time: 0.105148 seconds
plan limit 846
compute initial stop until 18581
current timestep 121
num of flexible agents: 6746
num of flexible tasks: 16746
Solving time: 0.104283 seconds
plan limit 846
compute initial stop until 18791
current timestep 122
num of flexible agents: 6724
num of flexible tasks: 16724
Solving time: 0.0982252 seconds
plan limit 852
compute initial stop until 19010
current timestep 123
num of flexible agents: 6694
num of flexible tasks: 16694
Solving time: 0.10195 seconds
plan limit 848
compute initial stop until 19190
current timestep 124
num of flexible agents: 6661
num of flexible tasks: 16661
Solving time: 0.100137 seconds
plan limit 850
compute initial stop until 19369
current timestep 125
num of flexible agents: 6631
num of flexible tasks: 16631
Solving time: 0.102787 seconds
plan limit 846
compute initial stop until 19556
current timestep 126
num of flexible agents: 6602
num of flexible tasks: 16602
Solving time: 0.0982387 seconds
plan limit 850
compute initial stop until 19742
current timestep 127
num of flexible agents: 6571
num of flexible tasks: 16571
Solving time: 0.0976092 seconds
plan limit 852
compute initial stop until 19935
current timestep 128
num of flexible agents: 6546
num of flexible tasks: 16546
Solving time: 0.0995324 seconds
plan limit 848
current timestep 129
num of flexible agents: 6533
num of flexible tasks: 16533
Solving time: 0.0996949 seconds
plan limit 848
current timestep 130
num of flexible agents: 6510
num of flexible tasks: 16510
Solving time: 0.0958466 seconds
plan limit 852
current timestep 131
num of flexible agents: 6472
num of flexible tasks: 16472
Solving time: 0.100331 seconds
plan limit 847
current timestep 132
num of flexible agents: 6432
num of flexible tasks: 16432
Solving time: 0.100045 seconds
plan limit 849
current timestep 133
num of flexible agents: 6412
num of flexible tasks: 16412
Solving time: 0.0987351 seconds
plan limit 851
current timestep 134
num of flexible agents: 6399
num of flexible tasks: 16399
Solving time: 0.0971669 seconds
plan limit 851
current timestep 135
num of flexible agents: 6370
num of flexible tasks: 16370
Solving time: 0.0971807 seconds
plan limit 852
current timestep 136
num of flexible agents: 6329
num of flexible tasks: 16329
Solving time: 0.0964418 seconds
plan limit 852
current timestep 137
num of flexible agents: 6309
num of flexible tasks: 16309
Solving time: 0.0961635 seconds
plan limit 853
current timestep 138
num of flexible agents: 6279
num of flexible tasks: 16279
Solving time: 0.10299 seconds
plan limit 843
current timestep 139
num of flexible agents: 6268
num of flexible tasks: 16268
Solving time: 0.0981361 seconds
plan limit 851
current timestep 140
num of flexible agents: 6254
num of flexible tasks: 16254
Solving time: 0.103275 seconds
plan limit 843
current timestep 141
num of flexible agents: 6231
num of flexible tasks: 16231
Solving time: 0.0975683 seconds
plan limit 851
current timestep 142
num of flexible agents: 6214
num of flexible tasks: 16214
Solving time: 0.10876 seconds
plan limit 837
current timestep 143
num of flexible agents: 6204
num of flexible tasks: 16204
Solving time: 0.0990317 seconds
plan limit 850
current timestep 144
num of flexible agents: 6179
num of flexible tasks: 16179
Solving time: 0.109469 seconds
plan limit 839
current timestep 145
num of flexible agents: 6154
num of flexible tasks: 16154
Solving time: 0.103757 seconds
plan limit 845
current timestep 146
num of flexible agents: 6133
num of flexible tasks: 16133
Solving time: 0.106312 seconds
plan limit 842
current timestep 147
num of flexible agents: 6123
num of flexible tasks: 16123
Solving time: 0.100842 seconds
plan limit 842
current timestep 148
num of flexible agents: 6105
num of flexible tasks: 16105
Solving time: 0.108503 seconds
plan limit 833
current timestep 149
num of flexible agents: 6080
num of flexible tasks: 16080
Solving time: 0.105288 seconds
plan limit 842
current timestep 150
num of flexible agents: 6051
num of flexible tasks: 16051
Solving time: 0.107671 seconds
plan limit 833
current timestep 151
num of flexible agents: 6029
num of flexible tasks: 16029
Solving time: 0.104893 seconds
plan limit 843
current timestep 152
num of flexible agents: 5998
num of flexible tasks: 15998
Solving time: 0.106502 seconds
plan limit 833
current timestep 153
num of flexible agents: 5986
num of flexible tasks: 15986
Solving time: 0.103164 seconds
plan limit 839
current timestep 154
num of flexible agents: 5959
num of flexible tasks: 15959
Solving time: 0.104338 seconds
plan limit 834
current timestep 155
num of flexible agents: 5942
num of flexible tasks: 15942
Solving time: 0.105131 seconds
plan limit 843
current timestep 156
num of flexible agents: 5937
num of flexible tasks: 15937
Solving time: 0.103701 seconds
plan limit 839
current timestep 157
num of flexible agents: 5914
num of flexible tasks: 15914
Solving time: 0.103269 seconds
plan limit 844
current timestep 158
num of flexible agents: 5903
num of flexible tasks: 15903
Solving time: 0.105336 seconds
plan limit 841
current timestep 159
num of flexible agents: 5880
num of flexible tasks: 15880
Solving time: 0.102226 seconds
plan limit 837
current timestep 160
num of flexible agents: 5882
num of flexible tasks: 15882
Solving time: 0.101951 seconds
plan limit 846
current timestep 161
num of flexible agents: 5865
num of flexible tasks: 15865
Solving time: 0.105657 seconds
plan limit 833
current timestep 162
num of flexible agents: 5841
num of flexible tasks: 15841
Solving time: 0.107432 seconds
plan limit 834
current timestep 163
num of flexible agents: 5826
num of flexible tasks: 15826
Solving time: 0.108752 seconds
plan limit 837
current timestep 164
num of flexible agents: 5796
num of flexible tasks: 15796
Solving time: 0.101844 seconds
plan limit 839
current timestep 165
num of flexible agents: 5772
num of flexible tasks: 15772
Solving time: 0.113951 seconds
plan limit 827
current timestep 166
num of flexible agents: 5754
num of flexible tasks: 15754
Solving time: 0.105012 seconds
plan limit 834
current timestep 167
num of flexible agents: 5745
num of flexible tasks: 15745
Solving time: 0.115289 seconds
plan limit 824
current timestep 168
num of flexible agents: 5745
num of flexible tasks: 15745
Solving time: 0.106835 seconds
plan limit 834
current timestep 169
num of flexible agents: 5730
num of flexible tasks: 15730
Solving time: 0.111535 seconds
plan limit 829
current timestep 170
num of flexible agents: 5716
num of flexible tasks: 15716
Solving time: 0.105591 seconds
plan limit 835
current timestep 171
num of flexible agents: 5687
num of flexible tasks: 15687
Solving time: 0.108676 seconds
plan limit 831
current timestep 172
num of flexible agents: 5666
num of flexible tasks: 15666
Solving time: 0.106278 seconds
plan limit 840
current timestep 173
num of flexible agents: 5652
num of flexible tasks: 15652
Solving time: 0.104523 seconds
plan limit 835
current timestep 174
num of flexible agents: 5631
num of flexible tasks: 15631
Solving time: 0.101619 seconds
plan limit 839
current timestep 175
num of flexible agents: 5623
num of flexible tasks: 15623
Solving time: 0.103876 seconds
plan limit 837
current timestep 176
num of flexible agents: 5621
num of flexible tasks: 15621
Solving time: 0.106517 seconds
plan limit 834
current timestep 177
num of flexible agents: 5592
num of flexible tasks: 15592
Solving time: 0.105138 seconds
plan limit 836
current timestep 178
num of flexible agents: 5577
num of flexible tasks: 15577
Solving time: 0.104582 seconds
plan limit 842
current timestep 179
num of flexible agents: 5565
num of flexible tasks: 15565
Solving time: 0.105626 seconds
plan limit 835
current timestep 180
num of flexible agents: 5560
num of flexible tasks: 15560
Solving time: 0.107395 seconds
plan limit 831
current timestep 181
num of flexible agents: 5546
num of flexible tasks: 15546
Solving time: 0.104625 seconds
plan limit 834
current timestep 182
num of flexible agents: 5528
num of flexible tasks: 15528
Solving time: 0.105268 seconds
plan limit 831
current timestep 183
num of flexible agents: 5502
num of flexible tasks: 15502
Solving time: 0.106463 seconds
plan limit 833
current timestep 184
num of flexible agents: 5495
num of flexible tasks: 15495
Solving time: 0.114528 seconds
plan limit 823
current timestep 185
num of flexible agents: 5488
num of flexible tasks: 15488
Solving time: 0.103129 seconds
plan limit 844
current timestep 186
num of flexible agents: 5483
num of flexible tasks: 15483
Solving time: 0.111142 seconds
plan limit 835
current timestep 187
num of flexible agents: 5473
num of flexible tasks: 15473
Solving time: 0.104024 seconds
plan limit 843
current timestep 188
num of flexible agents: 5460
num of flexible tasks: 15460
Solving time: 0.111583 seconds
plan limit 834
current timestep 189
num of flexible agents: 5458
num of flexible tasks: 15458
Solving time: 0.105274 seconds
plan limit 834
current timestep 190
num of flexible agents: 5442
num of flexible tasks: 15442
Solving time: 0.109569 seconds
plan limit 830
current timestep 191
num of flexible agents: 5453
num of flexible tasks: 15453
Solving time: 0.104177 seconds
plan limit 842
current timestep 192
num of flexible agents: 5436
num of flexible tasks: 15436
Solving time: 0.109338 seconds
plan limit 837
current timestep 193
num of flexible agents: 5419
num of flexible tasks: 15419
Solving time: 0.106167 seconds
plan limit 840
current timestep 194
num of flexible agents: 5412
num of flexible tasks: 15412
Solving time: 0.108053 seconds
plan limit 836
current timestep 195
num of flexible agents: 5415
num of flexible tasks: 15415
Solving time: 0.108012 seconds
plan limit 838
current timestep 196
num of flexible agents: 5409
num of flexible tasks: 15409
Solving time: 0.10868 seconds
plan limit 836
current timestep 197
num of flexible agents: 5402
num of flexible tasks: 15402
Solving time: 0.105188 seconds
plan limit 841
current timestep 198
num of flexible agents: 5406
num of flexible tasks: 15406
Solving time: 0.107625 seconds
plan limit 838
current timestep 199
num of flexible agents: 5400
num of flexible tasks: 15400
Solving time: 0.106214 seconds
plan limit 833
current timestep 200
num of flexible agents: 5393
num of flexible tasks: 15393
Solving time: 0.106146 seconds
plan limit 840
current timestep 201
num of flexible agents: 5390
num of flexible tasks: 15390
Solving time: 0.106568 seconds
plan limit 839
current timestep 202
num of flexible agents: 5383
num of flexible tasks: 15383
Solving time: 0.106273 seconds
plan limit 839
current timestep 203
num of flexible agents: 5373
num of flexible tasks: 15373
Solving time: 0.105728 seconds
plan limit 840
current timestep 204
num of flexible agents: 5361
num of flexible tasks: 15361
Solving time: 0.105663 seconds
plan limit 839
current timestep 205
num of flexible agents: 5347
num of flexible tasks: 15347
Solving time: 0.106831 seconds
plan limit 838
current timestep 206
num of flexible agents: 5343
num of flexible tasks: 15343
Solving time: 0.105782 seconds
plan limit 840
current timestep 207
num of flexible agents: 5339
num of flexible tasks: 15339
Solving time: 0.108924 seconds
plan limit 836
current timestep 208
num of flexible agents: 5326
num of flexible tasks: 15326
Solving time: 0.106799 seconds
plan limit 838
current timestep 209
num of flexible agents: 5313
num of flexible tasks: 15313
Solving time: 0.107188 seconds
plan limit 835
current timestep 210
num of flexible agents: 5312
num of flexible tasks: 15312
Solving time: 0.107412 seconds
plan limit 838
current timestep 211
num of flexible agents: 5298
num of flexible tasks: 15298
Solving time: 0.111473 seconds
plan limit 832
current timestep 212
num of flexible agents: 5298
num of flexible tasks: 15298
Solving time: 0.106349 seconds
plan limit 840
current timestep 213
num of flexible agents: 5283
num of flexible tasks: 15283
Solving time: 0.112154 seconds
plan limit 832
current timestep 214
num of flexible agents: 5269
num of flexible tasks: 15269
Solving time: 0.106033 seconds
plan limit 840
current timestep 215
num of flexible agents: 5264
num of flexible tasks: 15264
Solving time: 0.109355 seconds
plan limit 836
current timestep 216
num of flexible agents: 5253
num of flexible tasks: 15253
Solving time: 0.105144 seconds
plan limit 840
current timestep 217
num of flexible agents: 5243
num of flexible tasks: 15243
Solving time: 0.118743 seconds
plan limit 828
current timestep 218
num of flexible agents: 5245
num of flexible tasks: 15245
Solving time: 0.104605 seconds
plan limit 841
current timestep 219
num of flexible agents: 5241
num of flexible tasks: 15241
Solving time: 0.109177 seconds
plan limit 837
current timestep 220
num of flexible agents: 5247
num of flexible tasks: 15247
Solving time: 0.103835 seconds
plan limit 842
current timestep 221
num of flexible agents: 5242
num of flexible tasks: 15242
Solving time: 0.10972 seconds
plan limit 835
current timestep 222
num of flexible agents: 5228
num of flexible tasks: 15228
Solving time: 0.102516 seconds
plan limit 843
current timestep 223
num of flexible agents: 5220
num of flexible tasks: 15220
Solving time: 0.110318 seconds
plan limit 835
current timestep 224
num of flexible agents: 5225
num of flexible tasks: 15225
Solving time: 0.104331 seconds
plan limit 839
current timestep 225
num of flexible agents: 5219
num of flexible tasks: 15219
Solving time: 0.109814 seconds
plan limit 828
current timestep 226
num of flexible agents: 5223
num of flexible tasks: 15223
Solving time: 0.107672 seconds
plan limit 837
current timestep 227
num of flexible agents: 5229
num of flexible tasks: 15229
Solving time: 0.107851 seconds
plan limit 835
current timestep 228
num of flexible agents: 5220
num of flexible tasks: 15220
Solving time: 0.103007 seconds
plan limit 841
current timestep 229
num of flexible agents: 5205
num of flexible tasks: 15205
Solving time: 0.104741 seconds
plan limit 840
current timestep 230
num of flexible agents: 5183
num of flexible tasks: 15183
Solving time: 0.105788 seconds
plan limit 839
current timestep 231
num of flexible agents: 5178
num of flexible tasks: 15178
Solving time: 0.107301 seconds
plan limit 838
current timestep 232
num of flexible agents: 5162
num of flexible tasks: 15162
Solving time: 0.107262 seconds
plan limit 837
current timestep 233
num of flexible agents: 5148
num of flexible tasks: 15148
Solving time: 0.106569 seconds
plan limit 837
current timestep 234
num of flexible agents: 5151
num of flexible tasks: 15151
Solving time: 0.105361 seconds
plan limit 832
current timestep 235
num of flexible agents: 5136
num of flexible tasks: 15136
Solving time: 0.103819 seconds
plan limit 834
current timestep 236
num of flexible agents: 5123
num of flexible tasks: 15123
Solving time: 0.105724 seconds
plan limit 830
current timestep 237
num of flexible agents: 5144
num of flexible tasks: 15144
Solving time: 0.107323 seconds
plan limit 838
current timestep 238
num of flexible agents: 5144
num of flexible tasks: 15144
Solving time: 0.105348 seconds
plan limit 838
current timestep 239
num of flexible agents: 5121
num of flexible tasks: 15121
Solving time: 0.103273 seconds
plan limit 834
current timestep 240
num of flexible agents: 5125
num of flexible tasks: 15125
Solving time: 0.109477 seconds
plan limit 824
current timestep 241
num of flexible agents: 5127
num of flexible tasks: 15127
Solving time: 0.105068 seconds
plan limit 831
current timestep 242
num of flexible agents: 5133
num of flexible tasks: 15133
Solving time: 0.112963 seconds
plan limit 830
current timestep 243
num of flexible agents: 5127
num of flexible tasks: 15127
Solving time: 0.10568 seconds
plan limit 830
current timestep 244
num of flexible agents: 5131
num of flexible tasks: 15131
Solving time: 0.115242 seconds
plan limit 829
current timestep 245
num of flexible agents: 5122
num of flexible tasks: 15122
Solving time: 0.105597 seconds
plan limit 839
current timestep 246
num of flexible agents: 5120
num of flexible tasks: 15120
Solving time: 0.110703 seconds
plan limit 833
current timestep 247
num of flexible agents: 5108
num of flexible tasks: 15108
Solving time: 0.107048 seconds
plan limit 837
current timestep 248
num of flexible agents: 5097
num of flexible tasks: 15097
Solving time: 0.111506 seconds
plan limit 832
current timestep 249
num of flexible agents: 5091
num of flexible tasks: 15091
Solving time: 0.107382 seconds
plan limit 836
current timestep 250
num of flexible agents: 5100
num of flexible tasks: 15100
Solving time: 0.112699 seconds
plan limit 832
current timestep 251
num of flexible agents: 5106
num of flexible tasks: 15106
Solving time: 0.104844 seconds
plan limit 840
current timestep 252
num of flexible agents: 5094
num of flexible tasks: 15094
Solving time: 0.112335 seconds
plan limit 831
current timestep 253
num of flexible agents: 5099
num of flexible tasks: 15099
Solving time: 0.1095 seconds
plan limit 835
current timestep 254
num of flexible agents: 5097
num of flexible tasks: 15097
Solving time: 0.110187 seconds
plan limit 832
current timestep 255
num of flexible agents: 5101
num of flexible tasks: 15101
Solving time: 0.106286 seconds
plan limit 838
current timestep 256
num of flexible agents: 5089
num of flexible tasks: 15089
Solving time: 0.114592 seconds
plan limit 821
current timestep 257
num of flexible agents: 5095
num of flexible tasks: 15095
Solving time: 0.108379 seconds
plan limit 836
current timestep 258
num of flexible agents: 5101
num of flexible tasks: 15101
Solving time: 0.111901 seconds
plan limit 822
current timestep 259
num of flexible agents: 5080
num of flexible tasks: 15080
Solving time: 0.104268 seconds
plan limit 830
current timestep 260
num of flexible agents: 5077
num of flexible tasks: 15077
Solving time: 0.106896 seconds
plan limit 829
current timestep 261
num of flexible agents: 5086
num of flexible tasks: 15086
Solving time: 0.106523 seconds
plan limit 837
current timestep 262
num of flexible agents: 5080
num of flexible tasks: 15080
Solving time: 0.107711 seconds
plan limit 835
current timestep 263
num of flexible agents: 5085
num of flexible tasks: 15085
Solving time: 0.108941 seconds
plan limit 834
current timestep 264
num of flexible agents: 5084
num of flexible tasks: 15084
Solving time: 0.106836 seconds
plan limit 837
current timestep 265
num of flexible agents: 5076
num of flexible tasks: 15076
Solving time: 0.107678 seconds
plan limit 828
current timestep 266
num of flexible agents: 5074
num of flexible tasks: 15074
Solving time: 0.106184 seconds
plan limit 830
current timestep 267
num of flexible agents: 5080
num of flexible tasks: 15080
Solving time: 0.109352 seconds
plan limit 825
current timestep 268
num of flexible agents: 5079
num of flexible tasks: 15079
Solving time: 0.104766 seconds
plan limit 832
current timestep 269
num of flexible agents: 5070
num of flexible tasks: 15070
Solving time: 0.109825 seconds
plan limit 822
current timestep 270
num of flexible agents: 5070
num of flexible tasks: 15070
Solving time: 0.112501 seconds
plan limit 823
current timestep 271
num of flexible agents: 5050
num of flexible tasks: 15050
Solving time: 0.115043 seconds
plan limit 819
current timestep 272
num of flexible agents: 5056
num of flexible tasks: 15056
Solving time: 0.106759 seconds
plan limit 836
current timestep 273
num of flexible agents: 5073
num of flexible tasks: 15073
Solving time: 0.11435 seconds
plan limit 830
current timestep 274
num of flexible agents: 5085
num of flexible tasks: 15085
Solving time: 0.107272 seconds
plan limit 828
current timestep 275
num of flexible agents: 5085
num of flexible tasks: 15085
Solving time: 0.113774 seconds
plan limit 822
current timestep 276
num of flexible agents: 5087
num of flexible tasks: 15087
Solving time: 0.107182 seconds
plan limit 829
current timestep 277
num of flexible agents: 5106
num of flexible tasks: 15106
Solving time: 0.117175 seconds
plan limit 826
current timestep 278
num of flexible agents: 5106
num of flexible tasks: 15106
Solving time: 0.106164 seconds
plan limit 830
current timestep 279
num of flexible agents: 5106
num of flexible tasks: 15106
Solving time: 0.109724 seconds
plan limit 825
current timestep 280
num of flexible agents: 5105
num of flexible tasks: 15105
Solving time: 0.109406 seconds
plan limit 833
current timestep 281
num of flexible agents: 5107
num of flexible tasks: 15107
Solving time: 0.10831 seconds
plan limit 826
current timestep 282
num of flexible agents: 5100
num of flexible tasks: 15100
Solving time: 0.103868 seconds
plan limit 829
current timestep 283
num of flexible agents: 5102
num of flexible tasks: 15102
Solving time: 0.107214 seconds
plan limit 825
current timestep 284
num of flexible agents: 5097
num of flexible tasks: 15097
Solving time: 0.104546 seconds
plan limit 838
current timestep 285
num of flexible agents: 5107
num of flexible tasks: 15107
Solving time: 0.106072 seconds
plan limit 830
current timestep 286
num of flexible agents: 5088
num of flexible tasks: 15088
Solving time: 0.105421 seconds
plan limit 829
current timestep 287
num of flexible agents: 5083
num of flexible tasks: 15083
Solving time: 0.105327 seconds
plan limit 829
current timestep 288
num of flexible agents: 5073
num of flexible tasks: 15073
Solving time: 0.106692 seconds
plan limit 836
current timestep 289
num of flexible agents: 5075
num of flexible tasks: 15075
Solving time: 0.109746 seconds
plan limit 833
current timestep 290
num of flexible agents: 5065
num of flexible tasks: 15065
Solving time: 0.107304 seconds
plan limit 828
current timestep 291
num of flexible agents: 5065
num of flexible tasks: 15065
Solving time: 0.108377 seconds
plan limit 827
current timestep 292
num of flexible agents: 5072
num of flexible tasks: 15072
Solving time: 0.106743 seconds
plan limit 835
current timestep 293
num of flexible agents: 5080
num of flexible tasks: 15080
Solving time: 0.107842 seconds
plan limit 827
current timestep 294
num of flexible agents: 5091
num of flexible tasks: 15091
Solving time: 0.111176 seconds
plan limit 821
current timestep 295
num of flexible agents: 5107
num of flexible tasks: 15107
Solving time: 0.107903 seconds
plan limit 833
current timestep 296
num of flexible agents: 5105
num of flexible tasks: 15105
Solving time: 0.113362 seconds
plan limit 827
current timestep 297
num of flexible agents: 5101
num of flexible tasks: 15101
Solving time: 0.111783 seconds
plan limit 822
current timestep 298
num of flexible agents: 5115
num of flexible tasks: 15115
Solving time: 0.113111 seconds
plan limit 820
current timestep 299
num of flexible agents: 5130
num of flexible tasks: 15130
Solving time: 0.107543 seconds
plan limit 828
current timestep 300
num of flexible agents: 5135
num of flexible tasks: 15135
Solving time: 0.116393 seconds
plan limit 817
current timestep 301
num of flexible agents: 5121
num of flexible tasks: 15121
Solving time: 0.109588 seconds
plan limit 825
current timestep 302
num of flexible agents: 5113
num of flexible tasks: 15113
Solving time: 0.116222 seconds
plan limit 818
current timestep 303
num of flexible agents: 5109
num of flexible tasks: 15109
Solving time: 0.112505 seconds
plan limit 831
current timestep 304
num of flexible agents: 5115
num of flexible tasks: 15115
Solving time: 0.114894 seconds
plan limit 827
current timestep 305
num of flexible agents: 5111
num of flexible tasks: 15111
Solving time: 0.112378 seconds
plan limit 831
current timestep 306
num of flexible agents: 5113
num of flexible tasks: 15113
Solving time: 0.116634 seconds
plan limit 817
current timestep 307
num of flexible agents: 5111
num of flexible tasks: 15111
Solving time: 0.107585 seconds
plan limit 835
current timestep 308
num of flexible agents: 5098
num of flexible tasks: 15098
Solving time: 0.109267 seconds
plan limit 823
current timestep 309
num of flexible agents: 5100
num of flexible tasks: 15100
Solving time: 0.107019 seconds
plan limit 827
current timestep 310
num of flexible agents: 5108
num of flexible tasks: 15108
Solving time: 0.106267 seconds
plan limit 826
current timestep 311
num of flexible agents: 5107
num of flexible tasks: 15107
Solving time: 0.109322 seconds
plan limit 833
current timestep 312
num of flexible agents: 5114
num of flexible tasks: 15114
Solving time: 0.109335 seconds
plan limit 833
current timestep 313
num of flexible agents: 5119
num of flexible tasks: 15119
Solving time: 0.109288 seconds
plan limit 832
current timestep 314
num of flexible agents: 5117
num of flexible tasks: 15117
Solving time: 0.109634 seconds
plan limit 833
current timestep 315
num of flexible agents: 5111
num of flexible tasks: 15111
Solving time: 0.112545 seconds
plan limit 830
current timestep 316
num of flexible agents: 5108
num of flexible tasks: 15108
Solving time: 0.111019 seconds
plan limit 831
current timestep 317
num of flexible agents: 5119
num of flexible tasks: 15119
Solving time: 0.106311 seconds
plan limit 828
current timestep 318
num of flexible agents: 5127
num of flexible tasks: 15127
Solving time: 0.106629 seconds
plan limit 836
current timestep 319
num of flexible agents: 5125
num of flexible tasks: 15125
Solving time: 0.107297 seconds
plan limit 825
current timestep 320
num of flexible agents: 5125
num of flexible tasks: 15125
Solving time: 0.107548 seconds
plan limit 827
current timestep 321
num of flexible agents: 5136
num of flexible tasks: 15136
Solving time: 0.106507 seconds
plan limit 826
current timestep 322
num of flexible agents: 5150
num of flexible tasks: 15150
Solving time: 0.110526 seconds
plan limit 824
current timestep 323
num of flexible agents: 5151
num of flexible tasks: 15151
Solving time: 0.108627 seconds
plan limit 822
current timestep 324
num of flexible agents: 5143
num of flexible tasks: 15143
Solving time: 0.108045 seconds
plan limit 826
current timestep 325
num of flexible agents: 5156
num of flexible tasks: 15156
Solving time: 0.111696 seconds
plan limit 821
current timestep 326
num of flexible agents: 5150
num of flexible tasks: 15150
Solving time: 0.108506 seconds
plan limit 824
current timestep 327
num of flexible agents: 5154
num of flexible tasks: 15154
Solving time: 0.116725 seconds
plan limit 818
current timestep 328
num of flexible agents: 5167
num of flexible tasks: 15167
Solving time: 0.109922 seconds
plan limit 824
current timestep 329
num of flexible agents: 5187
num of flexible tasks: 15187
Solving time: 0.115812 seconds
plan limit 818
current timestep 330
num of flexible agents: 5196
num of flexible tasks: 15196
Solving time: 0.112619 seconds
plan limit 821
current timestep 331
num of flexible agents: 5204
num of flexible tasks: 15204
Solving time: 0.118686 seconds
plan limit 816
current timestep 332
num of flexible agents: 5217
num of flexible tasks: 15217
Solving time: 0.113614 seconds
plan limit 820
current timestep 333
num of flexible agents: 5212
num of flexible tasks: 15212
Solving time: 0.117887 seconds
plan limit 815
current timestep 334
num of flexible agents: 5205
num of flexible tasks: 15205
Solving time: 0.107165 seconds
plan limit 827
current timestep 335
num of flexible agents: 5218
num of flexible tasks: 15218
Solving time: 0.116884 seconds
plan limit 825
current timestep 336
num of flexible agents: 5215
num of flexible tasks: 15215
Solving time: 0.11089 seconds
plan limit 823
current timestep 337
num of flexible agents: 5228
num of flexible tasks: 15228
Solving time: 0.113552 seconds
plan limit 826
current timestep 338
num of flexible agents: 5236
num of flexible tasks: 15236
Solving time: 0.114115 seconds
plan limit 828
current timestep 339
num of flexible agents: 5256
num of flexible tasks: 15256
Solving time: 0.112034 seconds
plan limit 827
current timestep 340
num of flexible agents: 5242
num of flexible tasks: 15242
Solving time: 0.110046 seconds
plan limit 823
current timestep 341
num of flexible agents: 5250
num of flexible tasks: 15250
Solving time: 0.11196 seconds
plan limit 820
current timestep 342
num of flexible agents: 5260
num of flexible tasks: 15260
Solving time: 0.116498 seconds
plan limit 824
current timestep 343
num of flexible agents: 5262
num of flexible tasks: 15262
Solving time: 0.117904 seconds
plan limit 823
current timestep 344
num of flexible agents: 5268
num of flexible tasks: 15268
Solving time: 0.11485 seconds
plan limit 827
current timestep 345
num of flexible agents: 5258
num of flexible tasks: 15258
Solving time: 0.112523 seconds
plan limit 828
current timestep 346
num of flexible agents: 5268
num of flexible tasks: 15268
Solving time: 0.113168 seconds
plan limit 826
current timestep 347
num of flexible agents: 5262
num of flexible tasks: 15262
Solving time: 0.109666 seconds
plan limit 830
current timestep 348
num of flexible agents: 5263
num of flexible tasks: 15263
Solving time: 0.111675 seconds
plan limit 821
current timestep 349
num of flexible agents: 5275
num of flexible tasks: 15275
Solving time: 0.112514 seconds
plan limit 829
current timestep 350
num of flexible agents: 5272
num of flexible tasks: 15272
Solving time: 0.110364 seconds
plan limit 830
current timestep 351
num of flexible agents: 5284
num of flexible tasks: 15284
Solving time: 0.113383 seconds
plan limit 828
current timestep 352
num of flexible agents: 5301
num of flexible tasks: 15301
Solving time: 0.111876 seconds
plan limit 830
current timestep 353
num of flexible agents: 5299
num of flexible tasks: 15299
Solving time: 0.110154 seconds
plan limit 830
current timestep 354
num of flexible agents: 5309
num of flexible tasks: 15309
Solving time: 0.113093 seconds
plan limit 819
current timestep 355
num of flexible agents: 5319
num of flexible tasks: 15319
Solving time: 0.110173 seconds
plan limit 831
current timestep 356
num of flexible agents: 5338
num of flexible tasks: 15338
Solving time: 0.111424 seconds
plan limit 830
current timestep 357
num of flexible agents: 5359
num of flexible tasks: 15359
Solving time: 0.11156 seconds
plan limit 830
current timestep 358
num of flexible agents: 5375
num of flexible tasks: 15375
Solving time: 0.106789 seconds
plan limit 834
current timestep 359
num of flexible agents: 5375
num of flexible tasks: 15375
Solving time: 0.109163 seconds
plan limit 823
current timestep 360
num of flexible agents: 5385
num of flexible tasks: 15385
Solving time: 0.114008 seconds
plan limit 818
current timestep 361
num of flexible agents: 5391
num of flexible tasks: 15391
Solving time: 0.11002 seconds
plan limit 821
current timestep 362
num of flexible agents: 5393
num of flexible tasks: 15393
Solving time: 0.114612 seconds
plan limit 815
current timestep 363
num of flexible agents: 5405
num of flexible tasks: 15405
Solving time: 0.11308 seconds
plan limit 818
current timestep 364
num of flexible agents: 5406
num of flexible tasks: 15406
Solving time: 0.1111 seconds
plan limit 817
current timestep 365
num of flexible agents: 5413
num of flexible tasks: 15413
Solving time: 0.112562 seconds
plan limit 820
current timestep 366
num of flexible agents: 5419
num of flexible tasks: 15419
Solving time: 0.119265 seconds
plan limit 819
current timestep 367
num of flexible agents: 5433
num of flexible tasks: 15433
Solving time: 0.115215 seconds
plan limit 817
current timestep 368
num of flexible agents: 5444
num of flexible tasks: 15444
Solving time: 0.118222 seconds
plan limit 812
current timestep 369
num of flexible agents: 5458
num of flexible tasks: 15458
Solving time: 0.1125 seconds
plan limit 819
current timestep 370
num of flexible agents: 5456
num of flexible tasks: 15456
Solving time: 0.120877 seconds
plan limit 811
current timestep 371
num of flexible agents: 5462
num of flexible tasks: 15462
Solving time: 0.111743 seconds
plan limit 819
current timestep 372
num of flexible agents: 5447
num of flexible tasks: 15447
Solving time: 0.118701 seconds
plan limit 822
current timestep 373
num of flexible agents: 5450
num of flexible tasks: 15450
Solving time: 0.113836 seconds
plan limit 818
current timestep 374
num of flexible agents: 5446
num of flexible tasks: 15446
Solving time: 0.122722 seconds
plan limit 808
current timestep 375
num of flexible agents: 5441
num of flexible tasks: 15441
Solving time: 0.112304 seconds
plan limit 820
current timestep 376
num of flexible agents: 5442
num of flexible tasks: 15442
Solving time: 0.119199 seconds
plan limit 811
current timestep 377
num of flexible agents: 5446
num of flexible tasks: 15446
Solving time: 0.112689 seconds
plan limit 827
current timestep 378
num of flexible agents: 5451
num of flexible tasks: 15451
Solving time: 0.114471 seconds
plan limit 825
current timestep 379
num of flexible agents: 5454
num of flexible tasks: 15454
Solving time: 0.112385 seconds
plan limit 818
current timestep 380
num of flexible agents: 5466
num of flexible tasks: 15466
Solving time: 0.110917 seconds
plan limit 817
current timestep 381
num of flexible agents: 5488
num of flexible tasks: 15488
Solving time: 0.117299 seconds
plan limit 813
current timestep 382
num of flexible agents: 5505
num of flexible tasks: 15505
Solving time: 0.119371 seconds
plan limit 818
current timestep 383
num of flexible agents: 5507
num of flexible tasks: 15507
Solving time: 0.113094 seconds
plan limit 818
current timestep 384
num of flexible agents: 5522
num of flexible tasks: 15522
Solving time: 0.11248 seconds
plan limit 818
current timestep 385
num of flexible agents: 5514
num of flexible tasks: 15514
Solving time: 0.112637 seconds
plan limit 825
current timestep 386
num of flexible agents: 5506
num of flexible tasks: 15506
Solving time: 0.112352 seconds
plan limit 819
current timestep 387
num of flexible agents: 5503
num of flexible tasks: 15503
Solving time: 0.111319 seconds
plan limit 829
current timestep 388
num of flexible agents: 5500
num of flexible tasks: 15500
Solving time: 0.110398 seconds
plan limit 829
current timestep 389
num of flexible agents: 5499
num of flexible tasks: 15499
Solving time: 0.115161 seconds
plan limit 816
current timestep 390
num of flexible agents: 5505
num of flexible tasks: 15505
Solving time: 0.110548 seconds
plan limit 830
current timestep 391
num of flexible agents: 5505
num of flexible tasks: 15505
Solving time: 0.109458 seconds
plan limit 822
current timestep 392
num of flexible agents: 5516
num of flexible tasks: 15516
Solving time: 0.115315 seconds
plan limit 824
current timestep 393
num of flexible agents: 5505
num of flexible tasks: 15505
Solving time: 0.112523 seconds
plan limit 818
current timestep 394
num of flexible agents: 5500
num of flexible tasks: 15500
Solving time: 0.112744 seconds
plan limit 827
current timestep 395
num of flexible agents: 5509
num of flexible tasks: 15509
Solving time: 0.111435 seconds
plan limit 829
current timestep 396
num of flexible agents: 5516
num of flexible tasks: 15516
Solving time: 0.112519 seconds
plan limit 827
current timestep 397
num of flexible agents: 5517
num of flexible tasks: 15517
Solving time: 0.113655 seconds
plan limit 827
current timestep 398
num of flexible agents: 5534
num of flexible tasks: 15534
Solving time: 0.112346 seconds
plan limit 827
current timestep 399
num of flexible agents: 5552
num of flexible tasks: 15552
Solving time: 0.113471 seconds
plan limit 818
current timestep 400
num of flexible agents: 5554
num of flexible tasks: 15554
Solving time: 0.114381 seconds
plan limit 824
current timestep 401
num of flexible agents: 5568
num of flexible tasks: 15568
Solving time: 0.116056 seconds
plan limit 823
current timestep 402
num of flexible agents: 5587
num of flexible tasks: 15587
Solving time: 0.115396 seconds
plan limit 824
current timestep 403
num of flexible agents: 5595
num of flexible tasks: 15595
Solving time: 0.118414 seconds
plan limit 821
current timestep 404
num of flexible agents: 5600
num of flexible tasks: 15600
Solving time: 0.110737 seconds
plan limit 828
current timestep 405
num of flexible agents: 5599
num of flexible tasks: 15599
Solving time: 0.117174 seconds
plan limit 821
current timestep 406
num of flexible agents: 5598
num of flexible tasks: 15598
Solving time: 0.118285 seconds
plan limit 822
current timestep 407
num of flexible agents: 5604
num of flexible tasks: 15604
Solving time: 0.123855 seconds
plan limit 807
current timestep 408
num of flexible agents: 5607
num of flexible tasks: 15607
Solving time: 0.118046 seconds
plan limit 812
current timestep 409
num of flexible agents: 5612
num of flexible tasks: 15612
Solving time: 0.119955 seconds
plan limit 819
current timestep 410
num of flexible agents: 5604
num of flexible tasks: 15604
Solving time: 0.11323 seconds
plan limit 816
current timestep 411
num of flexible agents: 5611
num of flexible tasks: 15611
Solving time: 0.116769 seconds
plan limit 811
current timestep 412
num of flexible agents: 5600
num of flexible tasks: 15600
Solving time: 0.117553 seconds
plan limit 823
current timestep 413
num of flexible agents: 5591
num of flexible tasks: 15591
Solving time: 0.119995 seconds
plan limit 810
current timestep 414
num of flexible agents: 5613
num of flexible tasks: 15613
Solving time: 0.115181 seconds
plan limit 815
current timestep 415
num of flexible agents: 5606
num of flexible tasks: 15606
Solving time: 0.122173 seconds
plan limit 817
current timestep 416
num of flexible agents: 5615
num of flexible tasks: 15615
Solving time: 0.122605 seconds
plan limit 817
current timestep 417
num of flexible agents: 5634
num of flexible tasks: 15634
Solving time: 0.115481 seconds
plan limit 823
current timestep 418
num of flexible agents: 5624
num of flexible tasks: 15624
Solving time: 0.117001 seconds
plan limit 811
current timestep 419
num of flexible agents: 5618
num of flexible tasks: 15618
Solving time: 0.119204 seconds
plan limit 819
current timestep 420
num of flexible agents: 5619
num of flexible tasks: 15619
Solving time: 0.116307 seconds
plan limit 822
current timestep 421
num of flexible agents: 5614
num of flexible tasks: 15614
Solving time: 0.133692 seconds
plan limit 804
current timestep 422
num of flexible agents: 5626
num of flexible tasks: 15626
Solving time: 0.117929 seconds
plan limit 821
current timestep 423
num of flexible agents: 5636
num of flexible tasks: 15636
Solving time: 0.117175 seconds
plan limit 820
current timestep 424
num of flexible agents: 5637
num of flexible tasks: 15637
Solving time: 0.115047 seconds
plan limit 824
current timestep 425
num of flexible agents: 5648
num of flexible tasks: 15648
Solving time: 0.120097 seconds
plan limit 807
current timestep 426
num of flexible agents: 5661
num of flexible tasks: 15661
Solving time: 0.117241 seconds
plan limit 822
current timestep 427
num of flexible agents: 5666
num of flexible tasks: 15666
Solving time: 0.112166 seconds
plan limit 826
current timestep 428
num of flexible agents: 5664
num of flexible tasks: 15664
Solving time: 0.119805 seconds
plan limit 819
current timestep 429
num of flexible agents: 5676
num of flexible tasks: 15676
Solving time: 0.125062 seconds
plan limit 802
current timestep 430
num of flexible agents: 5654
num of flexible tasks: 15654
Solving time: 0.120218 seconds
plan limit 818
current timestep 431
num of flexible agents: 5652
num of flexible tasks: 15652
Solving time: 0.119173 seconds
plan limit 819
current timestep 432
num of flexible agents: 5660
num of flexible tasks: 15660
Solving time: 0.114629 seconds
plan limit 824
current timestep 433
num of flexible agents: 5672
num of flexible tasks: 15672
Solving time: 0.116254 seconds
plan limit 822
current timestep 434
num of flexible agents: 5678
num of flexible tasks: 15678
Solving time: 0.122228 seconds
plan limit 807
current timestep 435
num of flexible agents: 5687
num of flexible tasks: 15687
Solving time: 0.12082 seconds
plan limit 817
current timestep 436
num of flexible agents: 5685
num of flexible tasks: 15685
Solving time: 0.121895 seconds
plan limit 817
current timestep 437
num of flexible agents: 5700
num of flexible tasks: 15700
Solving time: 0.123384 seconds
plan limit 813
current timestep 438
num of flexible agents: 5724
num of flexible tasks: 15724
Solving time: 0.122103 seconds
plan limit 817
current timestep 439
num of flexible agents: 5716
num of flexible tasks: 15716
Solving time: 0.121496 seconds
plan limit 817
current timestep 440
num of flexible agents: 5728
num of flexible tasks: 15728
Solving time: 0.117927 seconds
plan limit 820
current timestep 441
num of flexible agents: 5733
num of flexible tasks: 15733
Solving time: 0.121094 seconds
plan limit 816
current timestep 442
num of flexible agents: 5732
num of flexible tasks: 15732
Solving time: 0.122267 seconds
plan limit 814
current timestep 443
num of flexible agents: 5740
num of flexible tasks: 15740
Solving time: 0.123592 seconds
plan limit 815
current timestep 444
num of flexible agents: 5736
num of flexible tasks: 15736
Solving time: 0.118897 seconds
plan limit 820
current timestep 445
num of flexible agents: 5739
num of flexible tasks: 15739
Solving time: 0.119799 seconds
plan limit 818
current timestep 446
num of flexible agents: 5734
num of flexible tasks: 15734
Solving time: 0.119898 seconds
plan limit 818
current timestep 447
num of flexible agents: 5739
num of flexible tasks: 15739
Solving time: 0.121478 seconds
plan limit 817
current timestep 448
num of flexible agents: 5749
num of flexible tasks: 15749
Solving time: 0.126359 seconds
plan limit 811
current timestep 449
num of flexible agents: 5759
num of flexible tasks: 15759
Solving time: 0.125766 seconds
plan limit 813
current timestep 450
num of flexible agents: 5761
num of flexible tasks: 15761
Solving time: 0.12169 seconds
plan limit 817
current timestep 451
num of flexible agents: 5774
num of flexible tasks: 15774
Solving time: 0.119563 seconds
plan limit 819
current timestep 452
num of flexible agents: 5772
num of flexible tasks: 15772
Solving time: 0.122187 seconds
plan limit 815
current timestep 453
num of flexible agents: 5770
num of flexible tasks: 15770
Solving time: 0.119235 seconds
plan limit 818
current timestep 454
num of flexible agents: 5775
num of flexible tasks: 15775
Solving time: 0.123492 seconds
plan limit 814
current timestep 455
num of flexible agents: 5787
num of flexible tasks: 15787
Solving time: 0.125993 seconds
plan limit 812
current timestep 456
num of flexible agents: 5803
num of flexible tasks: 15803
Solving time: 0.122865 seconds
plan limit 815
current timestep 457
num of flexible agents: 5803
num of flexible tasks: 15803
Solving time: 0.123376 seconds
plan limit 815
current timestep 458
num of flexible agents: 5809
num of flexible tasks: 15809
Solving time: 0.122534 seconds
plan limit 815
current timestep 459
num of flexible agents: 5801
num of flexible tasks: 15801
Solving time: 0.126833 seconds
plan limit 811
current timestep 460
num of flexible agents: 5808
num of flexible tasks: 15808
Solving time: 0.132371 seconds
plan limit 803
current timestep 461
num of flexible agents: 5810
num of flexible tasks: 15810
Solving time: 0.126029 seconds
plan limit 811
current timestep 462
num of flexible agents: 5806
num of flexible tasks: 15806
Solving time: 0.124273 seconds
plan limit 811
current timestep 463
num of flexible agents: 5811
num of flexible tasks: 15811
Solving time: 0.122467 seconds
plan limit 816
current timestep 464
num of flexible agents: 5813
num of flexible tasks: 15813
Solving time: 0.124916 seconds
plan limit 811
current timestep 465
num of flexible agents: 5813
num of flexible tasks: 15813
Solving time: 0.120326 seconds
plan limit 817
current timestep 466
num of flexible agents: 5825
num of flexible tasks: 15825
Solving time: 0.128547 seconds
plan limit 808
current timestep 467
num of flexible agents: 5830
num of flexible tasks: 15830
Solving time: 0.118579 seconds
plan limit 819
current timestep 468
num of flexible agents: 5821
num of flexible tasks: 15821
Solving time: 0.121218 seconds
plan limit 815
current timestep 469
num of flexible agents: 5819
num of flexible tasks: 15819
Solving time: 0.118827 seconds
plan limit 819
current timestep 470
num of flexible agents: 5836
num of flexible tasks: 15836
Solving time: 0.124686 seconds
plan limit 811
current timestep 471
num of flexible agents: 5838
num of flexible tasks: 15838
Solving time: 0.118548 seconds
plan limit 819
current timestep 472
num of flexible agents: 5845
num of flexible tasks: 15845
Solving time: 0.126114 seconds
plan limit 811
current timestep 473
num of flexible agents: 5840
num of flexible tasks: 15840
Solving time: 0.120506 seconds
plan limit 817
current timestep 474
num of flexible agents: 5835
num of flexible tasks: 15835
Solving time: 0.124024 seconds
plan limit 812
current timestep 475
num of flexible agents: 5849
num of flexible tasks: 15849
Solving time: 0.125369 seconds
plan limit 812
current timestep 476
num of flexible agents: 5857
num of flexible tasks: 15857
Solving time: 0.126287 seconds
plan limit 810
current timestep 477
num of flexible agents: 5864
num of flexible tasks: 15864
Solving time: 0.121608 seconds
plan limit 816
current timestep 478
num of flexible agents: 5890
num of flexible tasks: 15890
Solving time: 0.12618 seconds
plan limit 810
current timestep 479
num of flexible agents: 5894
num of flexible tasks: 15894
Solving time: 0.12045 seconds
plan limit 817
current timestep 480
num of flexible agents: 5905
num of flexible tasks: 15905
Solving time: 0.127181 seconds
plan limit 808
current timestep 481
num of flexible agents: 5904
num of flexible tasks: 15904
Solving time: 0.126976 seconds
plan limit 809
current timestep 482
num of flexible agents: 5919
num of flexible tasks: 15919
Solving time: 0.13016 seconds
plan limit 807
current timestep 483
num of flexible agents: 5933
num of flexible tasks: 15933
Solving time: 0.119886 seconds
plan limit 818
current timestep 484
num of flexible agents: 5933
num of flexible tasks: 15933
Solving time: 0.131332 seconds
plan limit 805
current timestep 485
num of flexible agents: 5945
num of flexible tasks: 15945
Solving time: 0.124133 seconds
plan limit 813
current timestep 486
num of flexible agents: 5968
num of flexible tasks: 15968
Solving time: 0.128982 seconds
plan limit 807
current timestep 487
num of flexible agents: 5972
num of flexible tasks: 15972
Solving time: 0.123365 seconds
plan limit 814
current timestep 488
num of flexible agents: 5967
num of flexible tasks: 15967
Solving time: 0.128856 seconds
plan limit 808
current timestep 489
num of flexible agents: 5967
num of flexible tasks: 15967
Solving time: 0.12109 seconds
plan limit 816
current timestep 490
num of flexible agents: 5986
num of flexible tasks: 15986
Solving time: 0.131122 seconds
plan limit 806
current timestep 491
num of flexible agents: 5991
num of flexible tasks: 15991
Solving time: 0.123834 seconds
plan limit 813
current timestep 492
num of flexible agents: 5999
num of flexible tasks: 15999
Solving time: 0.133384 seconds
plan limit 803
current timestep 493
num of flexible agents: 6021
num of flexible tasks: 16021
Solving time: 0.133124 seconds
plan limit 803
current timestep 494
num of flexible agents: 6035
num of flexible tasks: 16035
Solving time: 0.135179 seconds
plan limit 802
current timestep 495
num of flexible agents: 6053
num of flexible tasks: 16053
Solving time: 0.129326 seconds
plan limit 808
current timestep 496
num of flexible agents: 6059
num of flexible tasks: 16059
Solving time: 0.136662 seconds
plan limit 798
current timestep 497
num of flexible agents: 6063
num of flexible tasks: 16063
Solving time: 0.12784 seconds
plan limit 809
current timestep 498
num of flexible agents: 6069
num of flexible tasks: 16069
Solving time: 0.141718 seconds
plan limit 795
current timestep 499
num of flexible agents: 6082
num of flexible tasks: 16082
Solving time: 0.128282 seconds
plan limit 808
current timestep 500
num of flexible agents: 6092
num of flexible tasks: 16092
Solving time: 0.137544 seconds
plan limit 798
current timestep 501
num of flexible agents: 6109
num of flexible tasks: 16109
Solving time: 0.126886 seconds
plan limit 808
current timestep 502
num of flexible agents: 6105
num of flexible tasks: 16105
Solving time: 0.137799 seconds
plan limit 796
current timestep 503
num of flexible agents: 6117
num of flexible tasks: 16117
Solving time: 0.123647 seconds
plan limit 813
current timestep 504
num of flexible agents: 6109
num of flexible tasks: 16109
Solving time: 0.131062 seconds
plan limit 802
current timestep 505
num of flexible agents: 6103
num of flexible tasks: 16103
Solving time: 0.126209 seconds
plan limit 808
current timestep 506
num of flexible agents: 6110
num of flexible tasks: 16110
Solving time: 0.129559 seconds
plan limit 803
current timestep 507
num of flexible agents: 6113
num of flexible tasks: 16113
Solving time: 0.130957 seconds
plan limit 805
current timestep 508
num of flexible agents: 6121
num of flexible tasks: 16121
Solving time: 0.127962 seconds
plan limit 806
current timestep 509
num of flexible agents: 6124
num of flexible tasks: 16124
Solving time: 0.127701 seconds
plan limit 798
current timestep 510
num of flexible agents: 6134
num of flexible tasks: 16134
Solving time: 0.135149 seconds
plan limit 799
current timestep 511
num of flexible agents: 6147
num of flexible tasks: 16147
Solving time: 0.130067 seconds
plan limit 804
current timestep 512
num of flexible agents: 6149
num of flexible tasks: 16149
Solving time: 0.135107 seconds
plan limit 800
current timestep 513
num of flexible agents: 6146
num of flexible tasks: 16146
Solving time: 0.125862 seconds
plan limit 811
current timestep 514
num of flexible agents: 6153
num of flexible tasks: 16153
Solving time: 0.128147 seconds
plan limit 806
current timestep 515
num of flexible agents: 6162
num of flexible tasks: 16162
Solving time: 0.129466 seconds
plan limit 807
current timestep 516
num of flexible agents: 6183
num of flexible tasks: 16183
Solving time: 0.128133 seconds
plan limit 806
current timestep 517
num of flexible agents: 6193
num of flexible tasks: 16193
Solving time: 0.129029 seconds
plan limit 806
current timestep 518
num of flexible agents: 6191
num of flexible tasks: 16191
Solving time: 0.127727 seconds
plan limit 807
current timestep 519
num of flexible agents: 6198
num of flexible tasks: 16198
Solving time: 0.131459 seconds
plan limit 804
current timestep 520
num of flexible agents: 6206
num of flexible tasks: 16206
Solving time: 0.131311 seconds
plan limit 804
current timestep 521
num of flexible agents: 6197
num of flexible tasks: 16197
Solving time: 0.127831 seconds
plan limit 807
current timestep 522
num of flexible agents: 6207
num of flexible tasks: 16207
Solving time: 0.128015 seconds
plan limit 808
current timestep 523
num of flexible agents: 6202
num of flexible tasks: 16202
Solving time: 0.124821 seconds
plan limit 810
current timestep 524
num of flexible agents: 6220
num of flexible tasks: 16220
Solving time: 0.128132 seconds
plan limit 806
current timestep 525
num of flexible agents: 6227
num of flexible tasks: 16227
Solving time: 0.12408 seconds
plan limit 809
current timestep 526
num of flexible agents: 6232
num of flexible tasks: 16232
Solving time: 0.126969 seconds
plan limit 808
current timestep 527
num of flexible agents: 6246
num of flexible tasks: 16246
Solving time: 0.128642 seconds
plan limit 805
current timestep 528
num of flexible agents: 6252
num of flexible tasks: 16252
Solving time: 0.125868 seconds
plan limit 809
current timestep 529
num of flexible agents: 6242
num of flexible tasks: 16242
Solving time: 0.136032 seconds
plan limit 798
current timestep 530
num of flexible agents: 6258
num of flexible tasks: 16258
Solving time: 0.129415 seconds
plan limit 805
current timestep 531
num of flexible agents: 6273
num of flexible tasks: 16273
Solving time: 0.129604 seconds
plan limit 805
current timestep 532
num of flexible agents: 6278
num of flexible tasks: 16278
Solving time: 0.12664 seconds
plan limit 809
current timestep 533
num of flexible agents: 6284
num of flexible tasks: 16284
Solving time: 0.134225 seconds
plan limit 801
current timestep 534
num of flexible agents: 6287
num of flexible tasks: 16287
Solving time: 0.123728 seconds
plan limit 811
current timestep 535
num of flexible agents: 6291
num of flexible tasks: 16291
Solving time: 0.137149 seconds
plan limit 799
current timestep 536
num of flexible agents: 6289
num of flexible tasks: 16289
Solving time: 0.129217 seconds
plan limit 806
current timestep 537
num of flexible agents: 6293
num of flexible tasks: 16293
Solving time: 0.13582 seconds
plan limit 797
current timestep 538
num of flexible agents: 6289
num of flexible tasks: 16289
Solving time: 0.129494 seconds
plan limit 806
current timestep 539
num of flexible agents: 6282
num of flexible tasks: 16282
Solving time: 0.131872 seconds
plan limit 804
current timestep 540
num of flexible agents: 6288
num of flexible tasks: 16288
Solving time: 0.126223 seconds
plan limit 809
current timestep 541
num of flexible agents: 6287
num of flexible tasks: 16287
Solving time: 0.136946 seconds
plan limit 797
current timestep 542
num of flexible agents: 6297
num of flexible tasks: 16297
Solving time: 0.129313 seconds
plan limit 805
current timestep 543
num of flexible agents: 6303
num of flexible tasks: 16303
Solving time: 0.139222 seconds
plan limit 796
current timestep 544
num of flexible agents: 6307
num of flexible tasks: 16307
Solving time: 0.125939 seconds
plan limit 808
current timestep 545
num of flexible agents: 6311
num of flexible tasks: 16311
Solving time: 0.133174 seconds
plan limit 801
current timestep 546
num of flexible agents: 6319
num of flexible tasks: 16319
Solving time: 0.125326 seconds
plan limit 810
current timestep 547
num of flexible agents: 6323
num of flexible tasks: 16323
Solving time: 0.136754 seconds
plan limit 799
current timestep 548
num of flexible agents: 6332
num of flexible tasks: 16332
Solving time: 0.128091 seconds
plan limit 807
current timestep 549
num of flexible agents: 6352
num of flexible tasks: 16352
Solving time: 0.130065 seconds
plan limit 803
current timestep 550
num of flexible agents: 6354
num of flexible tasks: 16354
Solving time: 0.125844 seconds
plan limit 809
current timestep 551
num of flexible agents: 6356
num of flexible tasks: 16356
Solving time: 0.131497 seconds
plan limit 801
current timestep 552
num of flexible agents: 6365
num of flexible tasks: 16365
Solving time: 0.126369 seconds
plan limit 808
current timestep 553
num of flexible agents: 6383
num of flexible tasks: 16383
Solving time: 0.127032 seconds
plan limit 805
current timestep 554
num of flexible agents: 6397
num of flexible tasks: 16397
Solving time: 0.12933 seconds
plan limit 805
current timestep 555
num of flexible agents: 6412
num of flexible tasks: 16412
Solving time: 0.130588 seconds
plan limit 802
current timestep 556
num of flexible agents: 6411
num of flexible tasks: 16411
Solving time: 0.125264 seconds
plan limit 809
current timestep 557
num of flexible agents: 6422
num of flexible tasks: 16422
Solving time: 0.127424 seconds
plan limit 806
current timestep 558
num of flexible agents: 6411
num of flexible tasks: 16411
Solving time: 0.12974 seconds
plan limit 805
current timestep 559
num of flexible agents: 6406
num of flexible tasks: 16406
Solving time: 0.128436 seconds
plan limit 806
current timestep 560
num of flexible agents: 6413
num of flexible tasks: 16413
Solving time: 0.125651 seconds
plan limit 809
current timestep 561
num of flexible agents: 6427
num of flexible tasks: 16427
Solving time: 0.130533 seconds
plan limit 802
current timestep 562
num of flexible agents: 6420
num of flexible tasks: 16420
Solving time: 0.135458 seconds
plan limit 798
current timestep 563
num of flexible agents: 6427
num of flexible tasks: 16427
Solving time: 0.140971 seconds
plan limit 792
current timestep 564
num of flexible agents: 6434
num of flexible tasks: 16434
Solving time: 0.127519 seconds
plan limit 807
current timestep 565
num of flexible agents: 6427
num of flexible tasks: 16427
Solving time: 0.12543 seconds
plan limit 809
current timestep 566
num of flexible agents: 6433
num of flexible tasks: 16433
Solving time: 0.128397 seconds
plan limit 804
current timestep 567
num of flexible agents: 6431
num of flexible tasks: 16431
Solving time: 0.123816 seconds
plan limit 809
current timestep 568
num of flexible agents: 6432
num of flexible tasks: 16432
Solving time: 0.136747 seconds
plan limit 796
current timestep 569
num of flexible agents: 6428
num of flexible tasks: 16428
Solving time: 0.128376 seconds
plan limit 806
current timestep 570
num of flexible agents: 6446
num of flexible tasks: 16446
Solving time: 0.132728 seconds
plan limit 800
current timestep 571
num of flexible agents: 6432
num of flexible tasks: 16432
Solving time: 0.129878 seconds
plan limit 803
current timestep 572
num of flexible agents: 6430
num of flexible tasks: 16430
Solving time: 0.133459 seconds
plan limit 800
current timestep 573
num of flexible agents: 6434
num of flexible tasks: 16434
Solving time: 0.137835 seconds
plan limit 797
current timestep 574
num of flexible agents: 6433
num of flexible tasks: 16433
Solving time: 0.134368 seconds
plan limit 800
current timestep 575
num of flexible agents: 6444
num of flexible tasks: 16444
Solving time: 0.131725 seconds
plan limit 802
current timestep 576
num of flexible agents: 6437
num of flexible tasks: 16437
Solving time: 0.140109 seconds
plan limit 794
current timestep 577
num of flexible agents: 6443
num of flexible tasks: 16443
Solving time: 0.135454 seconds
plan limit 798
current timestep 578
num of flexible agents: 6435
num of flexible tasks: 16435
Solving time: 0.132141 seconds
plan limit 803
current timestep 579
num of flexible agents: 6431
num of flexible tasks: 16431
Solving time: 0.128697 seconds
plan limit 806
current timestep 580
num of flexible agents: 6440
num of flexible tasks: 16440
Solving time: 0.137278 seconds
plan limit 795
current timestep 581
num of flexible agents: 6447
num of flexible tasks: 16447
Solving time: 0.133543 seconds
plan limit 800
current timestep 582
num of flexible agents: 6461
num of flexible tasks: 16461
Solving time: 0.140736 seconds
plan limit 794
current timestep 583
num of flexible agents: 6454
num of flexible tasks: 16454
Solving time: 0.130642 seconds
plan limit 803
current timestep 584
num of flexible agents: 6455
num of flexible tasks: 16455
Solving time: 0.143322 seconds
plan limit 790
current timestep 585
num of flexible agents: 6470
num of flexible tasks: 16470
Solving time: 0.137136 seconds
plan limit 797
current timestep 586
num of flexible agents: 6494
num of flexible tasks: 16494
Solving time: 0.137547 seconds
plan limit 794
current timestep 587
num of flexible agents: 6495
num of flexible tasks: 16495
Solving time: 0.131391 seconds
plan limit 802
current timestep 588
num of flexible agents: 6497
num of flexible tasks: 16497
Solving time: 0.13255 seconds
plan limit 799
current timestep 589
num of flexible agents: 6494
num of flexible tasks: 16494
Solving time: 0.134021 seconds
plan limit 800
current timestep 590
num of flexible agents: 6504
num of flexible tasks: 16504
Solving time: 0.130541 seconds
plan limit 800
current timestep 591
num of flexible agents: 6514
num of flexible tasks: 16514
Solving time: 0.127678 seconds
plan limit 806
current timestep 592
num of flexible agents: 6515
num of flexible tasks: 16515
Solving time: 0.132215 seconds
plan limit 798
current timestep 593
num of flexible agents: 6528
num of flexible tasks: 16528
Solving time: 0.131594 seconds
plan limit 802
current timestep 594
num of flexible agents: 6535
num of flexible tasks: 16535
Solving time: 0.12803 seconds
plan limit 803
current timestep 595
num of flexible agents: 6526
num of flexible tasks: 16526
Solving time: 0.125741 seconds
plan limit 807
current timestep 596
num of flexible agents: 6533
num of flexible tasks: 16533
Solving time: 0.12565 seconds
plan limit 808
current timestep 597
num of flexible agents: 6539
num of flexible tasks: 16539
Solving time: 0.128713 seconds
plan limit 804
current timestep 598
num of flexible agents: 6545
num of flexible tasks: 16545
Solving time: 0.124512 seconds
plan limit 807
current timestep 599
num of flexible agents: 6549
num of flexible tasks: 16549
Solving time: 0.13044 seconds
plan limit 802
current timestep 600
num of flexible agents: 6552
num of flexible tasks: 16552
Solving time: 0.128147 seconds
plan limit 805
current timestep 601
num of flexible agents: 6549
num of flexible tasks: 16549
Solving time: 0.127282 seconds
plan limit 804
current timestep 602
num of flexible agents: 6545
num of flexible tasks: 16545
Solving time: 0.12423 seconds
plan limit 809
current timestep 603
num of flexible agents: 6557
num of flexible tasks: 16557
Solving time: 0.128005 seconds
plan limit 804
current timestep 604
num of flexible agents: 6577
num of flexible tasks: 16577
Solving time: 0.126717 seconds
plan limit 806
current timestep 605
num of flexible agents: 6583
num of flexible tasks: 16583
Solving time: 0.133743 seconds
plan limit 799
current timestep 606
num of flexible agents: 6556
num of flexible tasks: 16556
Solving time: 0.126444 seconds
plan limit 807
current timestep 607
num of flexible agents: 6552
num of flexible tasks: 16552
Solving time: 0.133143 seconds
plan limit 799
current timestep 608
num of flexible agents: 6551
num of flexible tasks: 16551
Solving time: 0.127004 seconds
plan limit 806
current timestep 609
num of flexible agents: 6567
num of flexible tasks: 16567
Solving time: 0.133286 seconds
plan limit 800
current timestep 610
num of flexible agents: 6574
num of flexible tasks: 16574
Solving time: 0.131186 seconds
plan limit 802
current timestep 611
num of flexible agents: 6572
num of flexible tasks: 16572
Solving time: 0.133845 seconds
plan limit 799
current timestep 612
num of flexible agents: 6584
num of flexible tasks: 16584
Solving time: 0.128411 seconds
plan limit 806
current timestep 613
num of flexible agents: 6604
num of flexible tasks: 16604
Solving time: 0.137658 seconds
plan limit 797
current timestep 614
num of flexible agents: 6617
num of flexible tasks: 16617
Solving time: 0.129151 seconds
plan limit 804
current timestep 615
num of flexible agents: 6619
num of flexible tasks: 16619
Solving time: 0.130234 seconds
plan limit 803
current timestep 616
num of flexible agents: 6607
num of flexible tasks: 16607
Solving time: 0.130244 seconds
plan limit 804
current timestep 617
num of flexible agents: 6605
num of flexible tasks: 16605
Solving time: 0.135882 seconds
plan limit 800
current timestep 618
num of flexible agents: 6598
num of flexible tasks: 16598
Solving time: 0.122161 seconds
plan limit 813
current timestep 619
num of flexible agents: 6593
num of flexible tasks: 16593
Solving time: 0.128877 seconds
plan limit 802
current timestep 620
num of flexible agents: 6591
num of flexible tasks: 16591
Solving time: 0.125673 seconds
plan limit 807
current timestep 621
num of flexible agents: 6595
num of flexible tasks: 16595
Solving time: 0.127873 seconds
plan limit 801
current timestep 622
num of flexible agents: 6611
num of flexible tasks: 16611
Solving time: 0.127891 seconds
plan limit 805
current timestep 623
num of flexible agents: 6626
num of flexible tasks: 16626
Solving time: 0.126752 seconds
plan limit 805
current timestep 624
num of flexible agents: 6624
num of flexible tasks: 16624
Solving time: 0.125857 seconds
plan limit 808
current timestep 625
num of flexible agents: 6620
num of flexible tasks: 16620
Solving time: 0.121711 seconds
plan limit 810
current timestep 626
num of flexible agents: 6630
num of flexible tasks: 16630
Solving time: 0.126253 seconds
plan limit 806
current timestep 627
num of flexible agents: 6624
num of flexible tasks: 16624
Solving time: 0.12509 seconds
plan limit 808
current timestep 628
num of flexible agents: 6614
num of flexible tasks: 16614
Solving time: 0.128409 seconds
plan limit 805
current timestep 629
num of flexible agents: 6630
num of flexible tasks: 16630
Solving time: 0.126338 seconds
plan limit 806
current timestep 630
num of flexible agents: 6624
num of flexible tasks: 16624
Solving time: 0.12698 seconds
plan limit 804
current timestep 631
num of flexible agents: 6619
num of flexible tasks: 16619
Solving time: 0.129046 seconds
plan limit 804
current timestep 632
num of flexible agents: 6611
num of flexible tasks: 16611
Solving time: 0.124812 seconds
plan limit 805
current timestep 633
num of flexible agents: 6604
num of flexible tasks: 16604
Solving time: 0.124845 seconds
plan limit 808
current timestep 634
num of flexible agents: 6600
num of flexible tasks: 16600
Solving time: 0.130822 seconds
plan limit 803
current timestep 635
num of flexible agents: 6595
num of flexible tasks: 16595
Solving time: 0.124783 seconds
plan limit 808
current timestep 636
num of flexible agents: 6595
num of flexible tasks: 16595
Solving time: 0.133529 seconds
plan limit 797
current timestep 637
num of flexible agents: 6606
num of flexible tasks: 16606
Solving time: 0.123775 seconds
plan limit 809
current timestep 638
num of flexible agents: 6597
num of flexible tasks: 16597
Solving time: 0.131528 seconds
plan limit 800
current timestep 639
num of flexible agents: 6586
num of flexible tasks: 16586
Solving time: 0.125645 seconds
plan limit 809
current timestep 640
num of flexible agents: 6576
num of flexible tasks: 16576
Solving time: 0.13623 seconds
plan limit 791
current timestep 641
num of flexible agents: 6588
num of flexible tasks: 16588
Solving time: 0.132779 seconds
plan limit 794
current timestep 642
num of flexible agents: 6578
num of flexible tasks: 16578
Solving time: 0.125323 seconds
plan limit 806
current timestep 643
num of flexible agents: 6587
num of flexible tasks: 16587
Solving time: 0.125386 seconds
plan limit 807
current timestep 644
num of flexible agents: 6599
num of flexible tasks: 16599
Solving time: 0.124505 seconds
plan limit 809
current timestep 645
num of flexible agents: 6605
num of flexible tasks: 16605
Solving time: 0.134306 seconds
plan limit 796
current timestep 646
num of flexible agents: 6601
num of flexible tasks: 16601
Solving time: 0.122562 seconds
plan limit 809
current timestep 647
num of flexible agents: 6592
num of flexible tasks: 16592
Solving time: 0.133753 seconds
plan limit 799
current timestep 648
num of flexible agents: 6593
num of flexible tasks: 16593
Solving time: 0.124832 seconds
plan limit 809
current timestep 649
num of flexible agents: 6595
num of flexible tasks: 16595
Solving time: 0.132178 seconds
plan limit 799
current timestep 650
num of flexible agents: 6592
num of flexible tasks: 16592
Solving time: 0.128772 seconds
plan limit 803
current timestep 651
num of flexible agents: 6590
num of flexible tasks: 16590
Solving time: 0.13391 seconds
plan limit 798
current timestep 652
num of flexible agents: 6593
num of flexible tasks: 16593
Solving time: 0.124114 seconds
plan limit 808
current timestep 653
num of flexible agents: 6597
num of flexible tasks: 16597
Solving time: 0.130744 seconds
plan limit 802
current timestep 654
num of flexible agents: 6608
num of flexible tasks: 16608
Solving time: 0.129361 seconds
plan limit 801
current timestep 655
num of flexible agents: 6621
num of flexible tasks: 16621
Solving time: 0.1347 seconds
plan limit 797
current timestep 656
num of flexible agents: 6619
num of flexible tasks: 16619
Solving time: 0.125696 seconds
plan limit 806
current timestep 657
num of flexible agents: 6639
num of flexible tasks: 16639
Solving time: 0.133927 seconds
plan limit 795
current timestep 658
num of flexible agents: 6651
num of flexible tasks: 16651
Solving time: 0.126409 seconds
plan limit 805
current timestep 659
num of flexible agents: 6656
num of flexible tasks: 16656
Solving time: 0.13203 seconds
plan limit 798
current timestep 660
num of flexible agents: 6648
num of flexible tasks: 16648
Solving time: 0.132047 seconds
plan limit 799
current timestep 661
num of flexible agents: 6640
num of flexible tasks: 16640
Solving time: 0.133741 seconds
plan limit 798
current timestep 662
num of flexible agents: 6631
num of flexible tasks: 16631
Solving time: 0.127151 seconds
plan limit 804
current timestep 663
num of flexible agents: 6642
num of flexible tasks: 16642
Solving time: 0.126141 seconds
plan limit 805
current timestep 664
num of flexible agents: 6647
num of flexible tasks: 16647
Solving time: 0.129954 seconds
plan limit 802
current timestep 665
num of flexible agents: 6639
num of flexible tasks: 16639
Solving time: 0.126251 seconds
plan limit 805
current timestep 666
num of flexible agents: 6635
num of flexible tasks: 16635
Solving time: 0.128732 seconds
plan limit 804
current timestep 667
num of flexible agents: 6650
num of flexible tasks: 16650
Solving time: 0.129679 seconds
plan limit 803
current timestep 668
num of flexible agents: 6650
num of flexible tasks: 16650
Solving time: 0.13827 seconds
plan limit 792
current timestep 669
num of flexible agents: 6654
num of flexible tasks: 16654
Solving time: 0.133017 seconds
plan limit 801
current timestep 670
num of flexible agents: 6649
num of flexible tasks: 16649
Solving time: 0.142475 seconds
plan limit 788
current timestep 671
num of flexible agents: 6636
num of flexible tasks: 16636
Solving time: 0.129034 seconds
plan limit 803
current timestep 672
num of flexible agents: 6641
num of flexible tasks: 16641
Solving time: 0.134724 seconds
plan limit 796
current timestep 673
num of flexible agents: 6643
num of flexible tasks: 16643
Solving time: 0.128029 seconds
plan limit 803
current timestep 674
num of flexible agents: 6650
num of flexible tasks: 16650
Solving time: 0.133089 seconds
plan limit 797
current timestep 675
num of flexible agents: 6639
num of flexible tasks: 16639
Solving time: 0.127867 seconds
plan limit 804
current timestep 676
num of flexible agents: 6645
num of flexible tasks: 16645
Solving time: 0.137482 seconds
plan limit 796
current timestep 677
num of flexible agents: 6655
num of flexible tasks: 16655
Solving time: 0.129447 seconds
plan limit 803
current timestep 678
num of flexible agents: 6653
num of flexible tasks: 16653
Solving time: 0.136545 seconds
plan limit 795
current timestep 679
num of flexible agents: 6638
num of flexible tasks: 16638
Solving time: 0.124547 seconds
plan limit 807
current timestep 680
num of flexible agents: 6634
num of flexible tasks: 16634
Solving time: 0.13495 seconds
plan limit 794
current timestep 681
num of flexible agents: 6646
num of flexible tasks: 16646
Solving time: 0.127822 seconds
plan limit 805
current timestep 682
num of flexible agents: 6651
num of flexible tasks: 16651
Solving time: 0.129584 seconds
plan limit 801
current timestep 683
num of flexible agents: 6645
num of flexible tasks: 16645
Solving time: 0.130793 seconds
plan limit 801
current timestep 684
num of flexible agents: 6632
num of flexible tasks: 16632
Solving time: 0.125231 seconds
plan limit 805
current timestep 685
num of flexible agents: 6645
num of flexible tasks: 16645
Solving time: 0.128093 seconds
plan limit 804
current timestep 686
num of flexible agents: 6643
num of flexible tasks: 16643
Solving time: 0.128734 seconds
plan limit 803
current timestep 687
num of flexible agents: 6651
num of flexible tasks: 16651
Solving time: 0.126574 seconds
plan limit 806
current timestep 688
num of flexible agents: 6647
num of flexible tasks: 16647
Solving time: 0.130959 seconds
plan limit 799
current timestep 689
num of flexible agents: 6643
num of flexible tasks: 16643
Solving time: 0.127801 seconds
plan limit 803
current timestep 690
num of flexible agents: 6639
num of flexible tasks: 16639
Solving time: 0.126468 seconds
plan limit 804
current timestep 691
num of flexible agents: 6640
num of flexible tasks: 16640
Solving time: 0.133749 seconds
plan limit 794
current timestep 692
num of flexible agents: 6638
num of flexible tasks: 16638
Solving time: 0.127282 seconds
plan limit 804
current timestep 693
num of flexible agents: 6641
num of flexible tasks: 16641
Solving time: 0.132154 seconds
plan limit 800
current timestep 694
num of flexible agents: 6663
num of flexible tasks: 16663
Solving time: 0.128879 seconds
plan limit 802
current timestep 695
num of flexible agents: 6669
num of flexible tasks: 16669
Solving time: 0.136024 seconds
plan limit 795
current timestep 696
num of flexible agents: 6663
num of flexible tasks: 16663
Solving time: 0.129165 seconds
plan limit 800
current timestep 697
num of flexible agents: 6650
num of flexible tasks: 16650
Solving time: 0.138764 seconds
plan limit 790
current timestep 698
num of flexible agents: 6653
num of flexible tasks: 16653
Solving time: 0.130092 seconds
plan limit 801
current timestep 699
num of flexible agents: 6663
num of flexible tasks: 16663
Solving time: 0.136366 seconds
plan limit 795
current timestep 700
num of flexible agents: 6673
num of flexible tasks: 16673
Solving time: 0.131 seconds
plan limit 800
current timestep 701
num of flexible agents: 6675
num of flexible tasks: 16675
Solving time: 0.136297 seconds
plan limit 794
current timestep 702
num of flexible agents: 6664
num of flexible tasks: 16664
Solving time: 0.130448 seconds
plan limit 800
current timestep 703
num of flexible agents: 6653
num of flexible tasks: 16653
Solving time: 0.134845 seconds
plan limit 795
current timestep 704
num of flexible agents: 6654
num of flexible tasks: 16654
Solving time: 0.132439 seconds
plan limit 798
current timestep 705
num of flexible agents: 6647
num of flexible tasks: 16647
Solving time: 0.13062 seconds
plan limit 796
current timestep 706
num of flexible agents: 6636
num of flexible tasks: 16636
Solving time: 0.130246 seconds
plan limit 802
current timestep 707
num of flexible agents: 6638
num of flexible tasks: 16638
Solving time: 0.128742 seconds
plan limit 801
current timestep 708
num of flexible agents: 6637
num of flexible tasks: 16637
Solving time: 0.130377 seconds
plan limit 801
current timestep 709
num of flexible agents: 6633
num of flexible tasks: 16633
Solving time: 0.125961 seconds
plan limit 806
current timestep 710
num of flexible agents: 6631
num of flexible tasks: 16631
Solving time: 0.129301 seconds
plan limit 802
current timestep 711
num of flexible agents: 6630
num of flexible tasks: 16630
Solving time: 0.127274 seconds
plan limit 804
current timestep 712
num of flexible agents: 6638
num of flexible tasks: 16638
Solving time: 0.131582 seconds
plan limit 795
current timestep 713
num of flexible agents: 6643
num of flexible tasks: 16643
Solving time: 0.127197 seconds
plan limit 804
current timestep 714
num of flexible agents: 6631
num of flexible tasks: 16631
Solving time: 0.130802 seconds
plan limit 799
current timestep 715
num of flexible agents: 6636
num of flexible tasks: 16636
Solving time: 0.127861 seconds
plan limit 803
current timestep 716
num of flexible agents: 6636
num of flexible tasks: 16636
Solving time: 0.131158 seconds
plan limit 798
current timestep 717
num of flexible agents: 6637
num of flexible tasks: 16637
Solving time: 0.12457 seconds
plan limit 806
current timestep 718
num of flexible agents: 6646
num of flexible tasks: 16646
Solving time: 0.140144 seconds
plan limit 789
current timestep 719
num of flexible agents: 6649
num of flexible tasks: 16649
Solving time: 0.126084 seconds
plan limit 805
current timestep 720
num of flexible agents: 6644
num of flexible tasks: 16644
Solving time: 0.134543 seconds
plan limit 796
current timestep 721
num of flexible agents: 6651
num of flexible tasks: 16651
Solving time: 0.125786 seconds
plan limit 804
current timestep 722
num of flexible agents: 6638
num of flexible tasks: 16638
Solving time: 0.131897 seconds
plan limit 799
current timestep 723
num of flexible agents: 6641
num of flexible tasks: 16641
Solving time: 0.12692 seconds
plan limit 804
current timestep 724
num of flexible agents: 6649
num of flexible tasks: 16649
Solving time: 0.13862 seconds
plan limit 792
current timestep 725
num of flexible agents: 6657
num of flexible tasks: 16657
Solving time: 0.127659 seconds
plan limit 803
current timestep 726
num of flexible agents: 6658
num of flexible tasks: 16658
Solving time: 0.139589 seconds
plan limit 788
current timestep 727
num of flexible agents: 6658
num of flexible tasks: 16658
Solving time: 0.128892 seconds
plan limit 802
current timestep 728
num of flexible agents: 6647
num of flexible tasks: 16647
Solving time: 0.131012 seconds
plan limit 799
current timestep 729
num of flexible agents: 6655
num of flexible tasks: 16655
Solving time: 0.127708 seconds
plan limit 803
current timestep 730
num of flexible agents: 6654
num of flexible tasks: 16654
Solving time: 0.124048 seconds
plan limit 806
current timestep 731
num of flexible agents: 6669
num of flexible tasks: 16669
Solving time: 0.127085 seconds
plan limit 804
current timestep 732
num of flexible agents: 6678
num of flexible tasks: 16678
Solving time: 0.129767 seconds
plan limit 801
current timestep 733
num of flexible agents: 6668
num of flexible tasks: 16668
Solving time: 0.128932 seconds
plan limit 801
current timestep 734
num of flexible agents: 6679
num of flexible tasks: 16679
Solving time: 0.12846 seconds
plan limit 802
current timestep 735
num of flexible agents: 6670
num of flexible tasks: 16670
Solving time: 0.130642 seconds
plan limit 800
current timestep 736
num of flexible agents: 6660
num of flexible tasks: 16660
Solving time: 0.130272 seconds
plan limit 799
current timestep 737
num of flexible agents: 6676
num of flexible tasks: 16676
Solving time: 0.135323 seconds
plan limit 795
current timestep 738
num of flexible agents: 6672
num of flexible tasks: 16672
Solving time: 0.130066 seconds
plan limit 801
current timestep 739
num of flexible agents: 6681
num of flexible tasks: 16681
Solving time: 0.134103 seconds
plan limit 796
current timestep 740
num of flexible agents: 6684
num of flexible tasks: 16684
Solving time: 0.128109 seconds
plan limit 802
current timestep 741
num of flexible agents: 6679
num of flexible tasks: 16679
Solving time: 0.135858 seconds
plan limit 795
current timestep 742
num of flexible agents: 6675
num of flexible tasks: 16675
Solving time: 0.130967 seconds
plan limit 800
current timestep 743
num of flexible agents: 6682
num of flexible tasks: 16682
Solving time: 0.138466 seconds
plan limit 792
current timestep 744
num of flexible agents: 6688
num of flexible tasks: 16688
Solving time: 0.130075 seconds
plan limit 800
current timestep 745
num of flexible agents: 6686
num of flexible tasks: 16686
Solving time: 0.136498 seconds
plan limit 795
current timestep 746
num of flexible agents: 6687
num of flexible tasks: 16687
Solving time: 0.124112 seconds
plan limit 806
current timestep 747
num of flexible agents: 6688
num of flexible tasks: 16688
Solving time: 0.130309 seconds
plan limit 798
current timestep 748
num of flexible agents: 6697
num of flexible tasks: 16697
Solving time: 0.130211 seconds
plan limit 799
current timestep 749
num of flexible agents: 6688
num of flexible tasks: 16688
Solving time: 0.127361 seconds
plan limit 802
current timestep 750
num of flexible agents: 6686
num of flexible tasks: 16686
Solving time: 0.130273 seconds
plan limit 800
current timestep 751
num of flexible agents: 6686
num of flexible tasks: 16686
Solving time: 0.133558 seconds
plan limit 796
current timestep 752
num of flexible agents: 6695
num of flexible tasks: 16695
Solving time: 0.132148 seconds
plan limit 798
current timestep 753
num of flexible agents: 6679
num of flexible tasks: 16679
Solving time: 0.129086 seconds
plan limit 801
current timestep 754
num of flexible agents: 6690
num of flexible tasks: 16690
Solving time: 0.126171 seconds
plan limit 804
current timestep 755
num of flexible agents: 6687
num of flexible tasks: 16687
Solving time: 0.131021 seconds
plan limit 800
current timestep 756
num of flexible agents: 6697
num of flexible tasks: 16697
Solving time: 0.126847 seconds
plan limit 800
current timestep 757
num of flexible agents: 6702
num of flexible tasks: 16702
Solving time: 0.130478 seconds
plan limit 799
current timestep 758
num of flexible agents: 6695
num of flexible tasks: 16695
Solving time: 0.134521 seconds
plan limit 795
current timestep 759
num of flexible agents: 6697
num of flexible tasks: 16697
Solving time: 0.126246 seconds
plan limit 805
current timestep 760
num of flexible agents: 6710
num of flexible tasks: 16710
Solving time: 0.132845 seconds
plan limit 799
current timestep 761
num of flexible agents: 6710
num of flexible tasks: 16710
Solving time: 0.130679 seconds
plan limit 799
current timestep 762
num of flexible agents: 6708
num of flexible tasks: 16708
Solving time: 0.139032 seconds
plan limit 792
current timestep 763
num of flexible agents: 6698
num of flexible tasks: 16698
Solving time: 0.132601 seconds
plan limit 798
current timestep 764
num of flexible agents: 6707
num of flexible tasks: 16707
Solving time: 0.13907 seconds
plan limit 790
current timestep 765
num of flexible agents: 6700
num of flexible tasks: 16700
Solving time: 0.13256 seconds
plan limit 798
current timestep 766
num of flexible agents: 6691
num of flexible tasks: 16691
Solving time: 0.135867 seconds
plan limit 793
current timestep 767
num of flexible agents: 6690
num of flexible tasks: 16690
Solving time: 0.127984 seconds
plan limit 802
current timestep 768
num of flexible agents: 6688
num of flexible tasks: 16688
Solving time: 0.134646 seconds
plan limit 793
current timestep 769
num of flexible agents: 6689
num of flexible tasks: 16689
Solving time: 0.130375 seconds
plan limit 800
current timestep 770
num of flexible agents: 6696
num of flexible tasks: 16696
Solving time: 0.130915 seconds
plan limit 798
current timestep 771
num of flexible agents: 6696
num of flexible tasks: 16696
Solving time: 0.133513 seconds
plan limit 793
current timestep 772
num of flexible agents: 6690
num of flexible tasks: 16690
Solving time: 0.126427 seconds
plan limit 804
current timestep 773
num of flexible agents: 6694
num of flexible tasks: 16694
Solving time: 0.130108 seconds
plan limit 801
current timestep 774
num of flexible agents: 6676
num of flexible tasks: 16676
Solving time: 0.133035 seconds
plan limit 797
current timestep 775
num of flexible agents: 6666
num of flexible tasks: 16666
Solving time: 0.129853 seconds
plan limit 796
current timestep 776
num of flexible agents: 6665
num of flexible tasks: 16665
Solving time: 0.131046 seconds
plan limit 797
current timestep 777
num of flexible agents: 6672
num of flexible tasks: 16672
Solving time: 0.129132 seconds
plan limit 802
current timestep 778
num of flexible agents: 6670
num of flexible tasks: 16670
Solving time: 0.129647 seconds
plan limit 801
current timestep 779
num of flexible agents: 6662
num of flexible tasks: 16662
Solving time: 0.133267 seconds
plan limit 797
current timestep 780
num of flexible agents: 6652
num of flexible tasks: 16652
Solving time: 0.129184 seconds
plan limit 801
current timestep 781
num of flexible agents: 6652
num of flexible tasks: 16652
Solving time: 0.139624 seconds
plan limit 790
current timestep 782
num of flexible agents: 6650
num of flexible tasks: 16650
Solving time: 0.130359 seconds
plan limit 800
current timestep 783
num of flexible agents: 6655
num of flexible tasks: 16655
Solving time: 0.134071 seconds
plan limit 796
current timestep 784
num of flexible agents: 6664
num of flexible tasks: 16664
Solving time: 0.128926 seconds
plan limit 802
current timestep 785
num of flexible agents: 6667
num of flexible tasks: 16667
Solving time: 0.139006 seconds
plan limit 791
current timestep 786
num of flexible agents: 6653
num of flexible tasks: 16653
Solving time: 0.128687 seconds
plan limit 800
current timestep 787
num of flexible agents: 6641
num of flexible tasks: 16641
Solving time: 0.134833 seconds
plan limit 796
current timestep 788
num of flexible agents: 6639
num of flexible tasks: 16639
Solving time: 0.129625 seconds
plan limit 800
current timestep 789
num of flexible agents: 6632
num of flexible tasks: 16632
Solving time: 0.131649 seconds
plan limit 796
current timestep 790
num of flexible agents: 6628
num of flexible tasks: 16628
Solving time: 0.134402 seconds
plan limit 798
current timestep 791
num of flexible agents: 6633
num of flexible tasks: 16633
Solving time: 0.130433 seconds
plan limit 796
current timestep 792
num of flexible agents: 6634
num of flexible tasks: 16634
Solving time: 0.133038 seconds
plan limit 798
current timestep 793
num of flexible agents: 6640
num of flexible tasks: 16640
Solving time: 0.128981 seconds
plan limit 802
current timestep 794
num of flexible agents: 6651
num of flexible tasks: 16651
Solving time: 0.128761 seconds
plan limit 802
current timestep 795
num of flexible agents: 6647
num of flexible tasks: 16647
Solving time: 0.130586 seconds
plan limit 799
current timestep 796
num of flexible agents: 6650
num of flexible tasks: 16650
Solving time: 0.138716 seconds
plan limit 789
current timestep 797
num of flexible agents: 6658
num of flexible tasks: 16658
Solving time: 0.13067 seconds
plan limit 799
current timestep 798
num of flexible agents: 6656
num of flexible tasks: 16656
Solving time: 0.134284 seconds
plan limit 796
current timestep 799
num of flexible agents: 6653
num of flexible tasks: 16653
Solving time: 0.130101 seconds
plan limit 800
current timestep 800
num of flexible agents: 6667
num of flexible tasks: 16667
Solving time: 0.137231 seconds
plan limit 793
current timestep 801
num of flexible agents: 6675
num of flexible tasks: 16675
Solving time: 0.133485 seconds
plan limit 796
current timestep 802
num of flexible agents: 6673
num of flexible tasks: 16673
Solving time: 0.138555 seconds
plan limit 792
current timestep 803
num of flexible agents: 6682
num of flexible tasks: 16682
Solving time: 0.130052 seconds
plan limit 800
current timestep 804
num of flexible agents: 6674
num of flexible tasks: 16674
Solving time: 0.141681 seconds
plan limit 789
current timestep 805
num of flexible agents: 6683
num of flexible tasks: 16683
Solving time: 0.136387 seconds
plan limit 794
current timestep 806
num of flexible agents: 6677
num of flexible tasks: 16677
Solving time: 0.138118 seconds
plan limit 793
current timestep 807
num of flexible agents: 6677
num of flexible tasks: 16677
Solving time: 0.129872 seconds
plan limit 799
current timestep 808
num of flexible agents: 6679
num of flexible tasks: 16679
Solving time: 0.133048 seconds
plan limit 794
current timestep 809
num of flexible agents: 6695
num of flexible tasks: 16695
Solving time: 0.131851 seconds
plan limit 798
current timestep 810
num of flexible agents: 6713
num of flexible tasks: 16713
Solving time: 0.135771 seconds
plan limit 791
current timestep 811
num of flexible agents: 6712
num of flexible tasks: 16712
Solving time: 0.135716 seconds
plan limit 795
current timestep 812
num of flexible agents: 6730
num of flexible tasks: 16730
Solving time: 0.133291 seconds
plan limit 794
current timestep 813
num of flexible agents: 6726
num of flexible tasks: 16726
Solving time: 0.136182 seconds
plan limit 794
current timestep 814
num of flexible agents: 6730
num of flexible tasks: 16730
Solving time: 0.134302 seconds
plan limit 795
current timestep 815
num of flexible agents: 6717
num of flexible tasks: 16717
Solving time: 0.127798 seconds
plan limit 802
current timestep 816
num of flexible agents: 6710
num of flexible tasks: 16710
Solving time: 0.130891 seconds
plan limit 798
current timestep 817
num of flexible agents: 6715
num of flexible tasks: 16715
Solving time: 0.131336 seconds
plan limit 796
current timestep 818
num of flexible agents: 6703
num of flexible tasks: 16703
Solving time: 0.131479 seconds
plan limit 798
current timestep 819
num of flexible agents: 6706
num of flexible tasks: 16706
Solving time: 0.133576 seconds
plan limit 794
current timestep 820
num of flexible agents: 6707
num of flexible tasks: 16707
Solving time: 0.13381 seconds
plan limit 795
current timestep 821
num of flexible agents: 6693
num of flexible tasks: 16693
Solving time: 0.136142 seconds
plan limit 793
current timestep 822
num of flexible agents: 6697
num of flexible tasks: 16697
Solving time: 0.128653 seconds
plan limit 800
current timestep 823
num of flexible agents: 6677
num of flexible tasks: 16677
Solving time: 0.137197 seconds
plan limit 789
current timestep 824
num of flexible agents: 6683
num of flexible tasks: 16683
Solving time: 0.130552 seconds
plan limit 799
current timestep 825
num of flexible agents: 6665
num of flexible tasks: 16665
Solving time: 0.137732 seconds
plan limit 792
current timestep 826
num of flexible agents: 6670
num of flexible tasks: 16670
Solving time: 0.128724 seconds
plan limit 801
current timestep 827
num of flexible agents: 6673
num of flexible tasks: 16673
Solving time: 0.133296 seconds
plan limit 796
current timestep 828
num of flexible agents: 6665
num of flexible tasks: 16665
Solving time: 0.132814 seconds
plan limit 796
current timestep 829
num of flexible agents: 6667
num of flexible tasks: 16667
Solving time: 0.129115 seconds
plan limit 798
current timestep 830
num of flexible agents: 6666
num of flexible tasks: 16666
Solving time: 0.126125 seconds
plan limit 804
current timestep 831
num of flexible agents: 6644
num of flexible tasks: 16644
Solving time: 0.127435 seconds
plan limit 800
current timestep 832
num of flexible agents: 6641
num of flexible tasks: 16641
Solving time: 0.130337 seconds
plan limit 799
current timestep 833
num of flexible agents: 6645
num of flexible tasks: 16645
Solving time: 0.13548 seconds
plan limit 794
current timestep 834
num of flexible agents: 6658
num of flexible tasks: 16658
Solving time: 0.124804 seconds
plan limit 806
current timestep 835
num of flexible agents: 6643
num of flexible tasks: 16643
Solving time: 0.126388 seconds
plan limit 803
current timestep 836
num of flexible agents: 6651
num of flexible tasks: 16651
Solving time: 0.127745 seconds
plan limit 801
current timestep 837
num of flexible agents: 6653
num of flexible tasks: 16653
Solving time: 0.127322 seconds
plan limit 803
current timestep 838
num of flexible agents: 6648
num of flexible tasks: 16648
Solving time: 0.131325 seconds
plan limit 798
current timestep 839
num of flexible agents: 6643
num of flexible tasks: 16643
Solving time: 0.129489 seconds
plan limit 800
current timestep 840
num of flexible agents: 6642
num of flexible tasks: 16642
Solving time: 0.132908 seconds
plan limit 797
current timestep 841
num of flexible agents: 6633
num of flexible tasks: 16633
Solving time: 0.127486 seconds
plan limit 802
current timestep 842
num of flexible agents: 6645
num of flexible tasks: 16645
Solving time: 0.134453 seconds
plan limit 795
current timestep 843
num of flexible agents: 6648
num of flexible tasks: 16648
Solving time: 0.129531 seconds
plan limit 798
current timestep 844
num of flexible agents: 6657
num of flexible tasks: 16657
Solving time: 0.140714 seconds
plan limit 789
current timestep 845
num of flexible agents: 6660
num of flexible tasks: 16660
Solving time: 0.130496 seconds
plan limit 800
current timestep 846
num of flexible agents: 6646
num of flexible tasks: 16646
Solving time: 0.135702 seconds
plan limit 791
current timestep 847
num of flexible agents: 6655
num of flexible tasks: 16655
Solving time: 0.130201 seconds
plan limit 798
current timestep 848
num of flexible agents: 6643
num of flexible tasks: 16643
Solving time: 0.131253 seconds
plan limit 796
current timestep 849
num of flexible agents: 6645
num of flexible tasks: 16645
Solving time: 0.130537 seconds
plan limit 800
current timestep 850
num of flexible agents: 6651
num of flexible tasks: 16651
Solving time: 0.129829 seconds
plan limit 797
current timestep 851
num of flexible agents: 6650
num of flexible tasks: 16650
Solving time: 0.131598 seconds
plan limit 798
current timestep 852
num of flexible agents: 6664
num of flexible tasks: 16664
Solving time: 0.13657 seconds
plan limit 794
current timestep 853
num of flexible agents: 6674
num of flexible tasks: 16674
Solving time: 0.128122 seconds
plan limit 803
current timestep 854
num of flexible agents: 6686
num of flexible tasks: 16686
Solving time: 0.132585 seconds
plan limit 797
current timestep 855
num of flexible agents: 6691
num of flexible tasks: 16691
Solving time: 0.12961 seconds
plan limit 800
current timestep 856
num of flexible agents: 6690
num of flexible tasks: 16690
Solving time: 0.132409 seconds
plan limit 797
current timestep 857
num of flexible agents: 6666
num of flexible tasks: 16666
Solving time: 0.14113 seconds
plan limit 789
current timestep 858
num of flexible agents: 6669
num of flexible tasks: 16669
Solving time: 0.128925 seconds
plan limit 801
current timestep 859
num of flexible agents: 6697
num of flexible tasks: 16697
Solving time: 0.140753 seconds
plan limit 790
current timestep 860
num of flexible agents: 6691
num of flexible tasks: 16691
Solving time: 0.13124 seconds
plan limit 798
current timestep 861
num of flexible agents: 6680
num of flexible tasks: 16680
Solving time: 0.13975 seconds
plan limit 791
current timestep 862
num of flexible agents: 6685
num of flexible tasks: 16685
Solving time: 0.13431 seconds
plan limit 795
current timestep 863
num of flexible agents: 6689
num of flexible tasks: 16689
Solving time: 0.138864 seconds
plan limit 791
current timestep 864
num of flexible agents: 6677
num of flexible tasks: 16677
Solving time: 0.127516 seconds
plan limit 802
current timestep 865
num of flexible agents: 6667
num of flexible tasks: 16667
Solving time: 0.141566 seconds
plan limit 788
current timestep 866
num of flexible agents: 6661
num of flexible tasks: 16661
Solving time: 0.132593 seconds
plan limit 796
current timestep 867
num of flexible agents: 6667
num of flexible tasks: 16667
Solving time: 0.131334 seconds
plan limit 795
current timestep 868
num of flexible agents: 6671
num of flexible tasks: 16671
Solving time: 0.12987 seconds
plan limit 800
current timestep 869
num of flexible agents: 6663
num of flexible tasks: 16663
Solving time: 0.131591 seconds
plan limit 797
current timestep 870
num of flexible agents: 6664
num of flexible tasks: 16664
Solving time: 0.136967 seconds
plan limit 792
current timestep 871
num of flexible agents: 6663
num of flexible tasks: 16663
Solving time: 0.129805 seconds
plan limit 798
current timestep 872
num of flexible agents: 6666
num of flexible tasks: 16666
Solving time: 0.133487 seconds
plan limit 796
current timestep 873
num of flexible agents: 6668
num of flexible tasks: 16668
Solving time: 0.133985 seconds
plan limit 796
current timestep 874
num of flexible agents: 6659
num of flexible tasks: 16659
Solving time: 0.132686 seconds
plan limit 793
current timestep 875
num of flexible agents: 6666
num of flexible tasks: 16666
Solving time: 0.132566 seconds
plan limit 797
current timestep 876
num of flexible agents: 6667
num of flexible tasks: 16667
Solving time: 0.136087 seconds
plan limit 791
current timestep 877
num of flexible agents: 6658
num of flexible tasks: 16658
Solving time: 0.131716 seconds
plan limit 798
current timestep 878
num of flexible agents: 6658
num of flexible tasks: 16658
Solving time: 0.138408 seconds
plan limit 791
current timestep 879
num of flexible agents: 6654
num of flexible tasks: 16654
Solving time: 0.131935 seconds
plan limit 797
current timestep 880
num of flexible agents: 6659
num of flexible tasks: 16659
Solving time: 0.137136 seconds
plan limit 790
current timestep 881
num of flexible agents: 6651
num of flexible tasks: 16651
Solving time: 0.130492 seconds
plan limit 800
current timestep 882
num of flexible agents: 6645
num of flexible tasks: 16645
Solving time: 0.137814 seconds
plan limit 791
current timestep 883
num of flexible agents: 6656
num of flexible tasks: 16656
Solving time: 0.129877 seconds
plan limit 799
current timestep 884
num of flexible agents: 6671
num of flexible tasks: 16671
Solving time: 0.134119 seconds
plan limit 794
current timestep 885
num of flexible agents: 6686
num of flexible tasks: 16686
Solving time: 0.131599 seconds
plan limit 797
current timestep 886
num of flexible agents: 6683
num of flexible tasks: 16683
Solving time: 0.131097 seconds
plan limit 795
current timestep 887
num of flexible agents: 6692
num of flexible tasks: 16692
Solving time: 0.129815 seconds
plan limit 800
current timestep 888
num of flexible agents: 6688
num of flexible tasks: 16688
Solving time: 0.135762 seconds
plan limit 792
current timestep 889
num of flexible agents: 6680
num of flexible tasks: 16680
Solving time: 0.135408 seconds
plan limit 794
current timestep 890
num of flexible agents: 6676
num of flexible tasks: 16676
Solving time: 0.130814 seconds
plan limit 798
current timestep 891
num of flexible agents: 6674
num of flexible tasks: 16674
Solving time: 0.133681 seconds
plan limit 795
current timestep 892
num of flexible agents: 6677
num of flexible tasks: 16677
Solving time: 0.134106 seconds
plan limit 795
current timestep 893
num of flexible agents: 6676
num of flexible tasks: 16676
Solving time: 0.134657 seconds
plan limit 794
current timestep 894
num of flexible agents: 6682
num of flexible tasks: 16682
Solving time: 0.135269 seconds
plan limit 794
current timestep 895
num of flexible agents: 6692
num of flexible tasks: 16692
Solving time: 0.140724 seconds
plan limit 789
current timestep 896
num of flexible agents: 6694
num of flexible tasks: 16694
Solving time: 0.13112 seconds
plan limit 798
current timestep 897
num of flexible agents: 6697
num of flexible tasks: 16697
Solving time: 0.139612 seconds
plan limit 790
current timestep 898
num of flexible agents: 6712
num of flexible tasks: 16712
Solving time: 0.132299 seconds
plan limit 797
current timestep 899
num of flexible agents: 6715
num of flexible tasks: 16715
Solving time: 0.142381 seconds
plan limit 786
current timestep 900
num of flexible agents: 6714
num of flexible tasks: 16714
Solving time: 0.135479 seconds
plan limit 792
current timestep 901
num of flexible agents: 6720
num of flexible tasks: 16720
Solving time: 0.137004 seconds
plan limit 790
current timestep 902
num of flexible agents: 6728
num of flexible tasks: 16728
Solving time: 0.130384 seconds
plan limit 799
current timestep 903
num of flexible agents: 6725
num of flexible tasks: 16725
Solving time: 0.131771 seconds
plan limit 795
current timestep 904
num of flexible agents: 6741
num of flexible tasks: 16741
Solving time: 0.131821 seconds
plan limit 797
current timestep 905
num of flexible agents: 6744
num of flexible tasks: 16744
Solving time: 0.139579 seconds
plan limit 789
current timestep 906
num of flexible agents: 6743
num of flexible tasks: 16743
Solving time: 0.133488 seconds
plan limit 796
current timestep 907
num of flexible agents: 6742
num of flexible tasks: 16742
Solving time: 0.135438 seconds
plan limit 794
current timestep 908
num of flexible agents: 6736
num of flexible tasks: 16736
Solving time: 0.138984 seconds
plan limit 784
current timestep 909
num of flexible agents: 6729
num of flexible tasks: 16729
Solving time: 0.131331 seconds
plan limit 798
current timestep 910
num of flexible agents: 6739
num of flexible tasks: 16739
Solving time: 0.142245 seconds
plan limit 787
current timestep 911
num of flexible agents: 6745
num of flexible tasks: 16745
Solving time: 0.131224 seconds
plan limit 797
current timestep 912
num of flexible agents: 6753
num of flexible tasks: 16753
Solving time: 0.147019 seconds
plan limit 781
current timestep 913
num of flexible agents: 6761
num of flexible tasks: 16761
Solving time: 0.136782 seconds
plan limit 793
current timestep 914
num of flexible agents: 6759
num of flexible tasks: 16759
Solving time: 0.140496 seconds
plan limit 788
current timestep 915
num of flexible agents: 6772
num of flexible tasks: 16772
Solving time: 0.133959 seconds
plan limit 795
current timestep 916
num of flexible agents: 6759
num of flexible tasks: 16759
Solving time: 0.144646 seconds
plan limit 783
current timestep 917
num of flexible agents: 6762
num of flexible tasks: 16762
Solving time: 0.135129 seconds
plan limit 793
current timestep 918
num of flexible agents: 6779
num of flexible tasks: 16779
Solving time: 0.148312 seconds
plan limit 776
current timestep 919
num of flexible agents: 6777
num of flexible tasks: 16777
Solving time: 0.135074 seconds
plan limit 794
current timestep 920
num of flexible agents: 6755
num of flexible tasks: 16755
Solving time: 0.138825 seconds
plan limit 787
current timestep 921
num of flexible agents: 6743
num of flexible tasks: 16743
Solving time: 0.13421 seconds
plan limit 795
current timestep 922
num of flexible agents: 6732
num of flexible tasks: 16732
Solving time: 0.137065 seconds
plan limit 789
current timestep 923
num of flexible agents: 6724
num of flexible tasks: 16724
Solving time: 0.140656 seconds
plan limit 787
current timestep 924
num of flexible agents: 6732
num of flexible tasks: 16732
Solving time: 0.134186 seconds
plan limit 793
current timestep 925
num of flexible agents: 6730
num of flexible tasks: 16730
Solving time: 0.143666 seconds
plan limit 783
current timestep 926
num of flexible agents: 6729
num of flexible tasks: 16729
Solving time: 0.139607 seconds
plan limit 789
current timestep 927
num of flexible agents: 6720
num of flexible tasks: 16720
Solving time: 0.143341 seconds
plan limit 784
current timestep 928
num of flexible agents: 6723
num of flexible tasks: 16723
Solving time: 0.139126 seconds
plan limit 788
current timestep 929
num of flexible agents: 6735
num of flexible tasks: 16735
Solving time: 0.144902 seconds
plan limit 783
current timestep 930
num of flexible agents: 6735
num of flexible tasks: 16735
Solving time: 0.13814 seconds
plan limit 788
current timestep 931
num of flexible agents: 6723
num of flexible tasks: 16723
Solving time: 0.143321 seconds
plan limit 785
current timestep 932
num of flexible agents: 6703
num of flexible tasks: 16703
Solving time: 0.137486 seconds
plan limit 791
current timestep 933
num of flexible agents: 6708
num of flexible tasks: 16708
Solving time: 0.147486 seconds
plan limit 768
current timestep 934
num of flexible agents: 6709
num of flexible tasks: 16709
Solving time: 0.139923 seconds
plan limit 788
current timestep 935
num of flexible agents: 6717
num of flexible tasks: 16717
Solving time: 0.145968 seconds
plan limit 780
current timestep 936
num of flexible agents: 6721
num of flexible tasks: 16721
Solving time: 0.133998 seconds
plan limit 794
current timestep 937
num of flexible agents: 6716
num of flexible tasks: 16716
Solving time: 0.140146 seconds
plan limit 786
current timestep 938
num of flexible agents: 6719
num of flexible tasks: 16719
Solving time: 0.140334 seconds
plan limit 785
current timestep 939
num of flexible agents: 6731
num of flexible tasks: 16731
Solving time: 0.137584 seconds
plan limit 789
current timestep 940
num of flexible agents: 6740
num of flexible tasks: 16740
Solving time: 0.152605 seconds
plan limit 775
current timestep 941
num of flexible agents: 6741
num of flexible tasks: 16741
Solving time: 0.14835 seconds
plan limit 771
current timestep 942
num of flexible agents: 6744
num of flexible tasks: 16744
Solving time: 0.147093 seconds
plan limit 781
current timestep 943
num of flexible agents: 6744
num of flexible tasks: 16744
Solving time: 0.144336 seconds
plan limit 782
current timestep 944
num of flexible agents: 6755
num of flexible tasks: 16755
Solving time: 0.146021 seconds
plan limit 781
current timestep 945
num of flexible agents: 6759
num of flexible tasks: 16759
Solving time: 0.139989 seconds
plan limit 788
current timestep 946
num of flexible agents: 6767
num of flexible tasks: 16767
Solving time: 0.143276 seconds
plan limit 782
current timestep 947
num of flexible agents: 6764
num of flexible tasks: 16764
Solving time: 0.149341 seconds
plan limit 779
current timestep 948
num of flexible agents: 6760
num of flexible tasks: 16760
Solving time: 0.140212 seconds
plan limit 783
current timestep 949
num of flexible agents: 6762
num of flexible tasks: 16762
Solving time: 0.141744 seconds
plan limit 785
current timestep 950
num of flexible agents: 6765
num of flexible tasks: 16765
Solving time: 0.139606 seconds
plan limit 788
current timestep 951
num of flexible agents: 6768
num of flexible tasks: 16768
Solving time: 0.136643 seconds
plan limit 790
current timestep 952
num of flexible agents: 6762
num of flexible tasks: 16762
Solving time: 0.153368 seconds
plan limit 765
current timestep 953
num of flexible agents: 6770
num of flexible tasks: 16770
Solving time: 0.147238 seconds
plan limit 779
current timestep 954
num of flexible agents: 6783
num of flexible tasks: 16783
Solving time: 0.142765 seconds
plan limit 784
current timestep 955
num of flexible agents: 6774
num of flexible tasks: 16774
Solving time: 0.150282 seconds
plan limit 777
current timestep 956
num of flexible agents: 6786
num of flexible tasks: 16786
Solving time: 0.143216 seconds
plan limit 784
current timestep 957
num of flexible agents: 6786
num of flexible tasks: 16786
Solving time: 0.155415 seconds
plan limit 764
current timestep 958
num of flexible agents: 6777
num of flexible tasks: 16777
Solving time: 0.146945 seconds
plan limit 779
current timestep 959
num of flexible agents: 6772
num of flexible tasks: 16772
Solving time: 0.145465 seconds
plan limit 778
current timestep 960
num of flexible agents: 6768
num of flexible tasks: 16768
Solving time: 0.145065 seconds
plan limit 783
current timestep 961
num of flexible agents: 6774
num of flexible tasks: 16774
Solving time: 0.143084 seconds
plan limit 783
current timestep 962
num of flexible agents: 6773
num of flexible tasks: 16773
Solving time: 0.146256 seconds
plan limit 780
current timestep 963
num of flexible agents: 6769
num of flexible tasks: 16769
Solving time: 0.150474 seconds
plan limit 775
current timestep 964
num of flexible agents: 6769
num of flexible tasks: 16769
Solving time: 0.149565 seconds
plan limit 775
current timestep 965
num of flexible agents: 6770
num of flexible tasks: 16770
Solving time: 0.167421 seconds
plan limit 753
current timestep 966
num of flexible agents: 6772
num of flexible tasks: 16772
Solving time: 0.147374 seconds
plan limit 778
current timestep 967
num of flexible agents: 6780
num of flexible tasks: 16780
Solving time: 0.168416 seconds
plan limit 747
current timestep 968
num of flexible agents: 6792
num of flexible tasks: 16792
Solving time: 0.144487 seconds
plan limit 782
current timestep 969
num of flexible agents: 6788
num of flexible tasks: 16788
Solving time: 0.139553 seconds
plan limit 788
current timestep 970
num of flexible agents: 6790
num of flexible tasks: 16790
Solving time: 0.156726 seconds
plan limit 761
current timestep 971
num of flexible agents: 6798
num of flexible tasks: 16798
Solving time: 0.144739 seconds
plan limit 782
current timestep 972
num of flexible agents: 6810
num of flexible tasks: 16810
Solving time: 0.183574 seconds
plan limit 733
current timestep 973
num of flexible agents: 6800
num of flexible tasks: 16800
Solving time: 0.152233 seconds
plan limit 773
current timestep 974
num of flexible agents: 6798
num of flexible tasks: 16798
Solving time: 0.179673 seconds
plan limit 737
current timestep 975
num of flexible agents: 6821
num of flexible tasks: 16821
Solving time: 0.141569 seconds
plan limit 780
current timestep 976
num of flexible agents: 6827
num of flexible tasks: 16827
Solving time: 0.140802 seconds
plan limit 785
current timestep 977
num of flexible agents: 6825
num of flexible tasks: 16825
Solving time: 0.153166 seconds
plan limit 769
current timestep 978
num of flexible agents: 6826
num of flexible tasks: 16826
Solving time: 0.148352 seconds
plan limit 777
current timestep 979
num of flexible agents: 6833
num of flexible tasks: 16833
Solving time: 0.1644 seconds
plan limit 753
current timestep 980
num of flexible agents: 6833
num of flexible tasks: 16833
Solving time: 0.161931 seconds
plan limit 756
current timestep 981
num of flexible agents: 6832
num of flexible tasks: 16832
Solving time: 0.158729 seconds
plan limit 761
current timestep 982
num of flexible agents: 6826
num of flexible tasks: 16826
Solving time: 0.140195 seconds
plan limit 786
current timestep 983
num of flexible agents: 6838
num of flexible tasks: 16838
Solving time: 0.150308 seconds
plan limit 768
current timestep 984
num of flexible agents: 6837
num of flexible tasks: 16837
Solving time: 0.150494 seconds
plan limit 768
current timestep 985
num of flexible agents: 6842
num of flexible tasks: 16842
Solving time: 0.154665 seconds
plan limit 769
current timestep 986
num of flexible agents: 6830
num of flexible tasks: 16830
Solving time: 0.147638 seconds
plan limit 776
current timestep 987
num of flexible agents: 6838
num of flexible tasks: 16838
Solving time: 0.147712 seconds
plan limit 777
current timestep 988
num of flexible agents: 6853
num of flexible tasks: 16853
Solving time: 0.169109 seconds
plan limit 756
current timestep 989
num of flexible agents: 6856
num of flexible tasks: 16856
Solving time: 0.168887 seconds
plan limit 750
current timestep 990
num of flexible agents: 6854
num of flexible tasks: 16854
Solving time: 0.166649 seconds
plan limit 749
current timestep 991
num of flexible agents: 6861
num of flexible tasks: 16861
Solving time: 0.164995 seconds
plan limit 757
current timestep 992
num of flexible agents: 6881
num of flexible tasks: 16881
Solving time: 0.166112 seconds
plan limit 756
current timestep 993
num of flexible agents: 6883
num of flexible tasks: 16883
Solving time: 0.163921 seconds
plan limit 759
current timestep 994
num of flexible agents: 6887
num of flexible tasks: 16887
Solving time: 0.161776 seconds
plan limit 759
current timestep 995
num of flexible agents: 6886
num of flexible tasks: 16886
Solving time: 0.160887 seconds
plan limit 759
current timestep 996
num of flexible agents: 6883
num of flexible tasks: 16883
Solving time: 0.153964 seconds
plan limit 764
current timestep 997
num of flexible agents: 6891
num of flexible tasks: 16891
Solving time: 0.160532 seconds
plan limit 758
current timestep 998
num of flexible agents: 6880
num of flexible tasks: 16880
Solving time: 0.168979 seconds
plan limit 751
current timestep 999
num of flexible agents: 6890
num of flexible tasks: 16890
Solving time: 0.161089 seconds
plan limit 760
