task_id,revealed_at,first_assigned_at,picked_up_at,completed_at,first_agent,reassignments,pickup_distance_at_assignment,pickup_local_degree,first_hop_local_degree,first_hop_opposing_flow,first_hop_vertex_flow,service_shortest_distance,empty_distance,loaded_distance,empty_wait_steps,loaded_wait_steps,active_wait_steps,assignment_wait,pickup_wait,completion_time,loaded_detour_ratio
0,0,1,14,59,184,2,13,3,4,0,0,27,12,39,1,6,7,1,14,59,1.444444
1,0,1,23,83,257,4,1,3,3,0.000000,0.000000,43,11,51,4,9,13,1,23,83,1.186047
2,0,203,-1,-1,328,5,6,3,4,0.000000,1.000000,54,8,0,1,0,1,203,-1,-1,0.000000
3,0,34,50,114,450,10,15,3,4,6.000000,11.000000,33,12,51,4,13,17,34,50,114,1.545455
4,0,1,11,71,305,4,10,3,4,0.000000,0.000000,30,9,56,1,4,5,1,11,71,1.866667
5,0,1,5,28,270,2,4,3,4,0.000000,0.000000,19,4,19,0,4,4,1,5,28,1.000000
6,0,1,7,54,245,3,6,3,4,0.000000,0.000000,29,5,43,1,4,5,1,7,54,1.482759
7,0,1,1,18,271,0,0,3,-1,-1.000000,-1.000000,15,0,17,0,0,0,1,1,18,1.133333
8,0,32,55,114,400,13,6,3,4,0.000000,12.000000,24,14,54,7,5,12,32,55,114,2.250000
9,0,1,10,91,274,3,12,3,2,0.000000,0.000000,35,9,67,0,14,14,1,10,91,1.914286
10,0,32,56,134,210,13,11,3,2,4.000000,4.000000,40,16,72,6,6,12,32,56,134,1.800000
11,0,1,5,67,375,3,2,3,3,0.000000,0.000000,47,4,61,0,1,1,1,5,67,1.297872
12,0,1,3,39,196,1,1,3,3,0.000000,0.000000,28,1,34,1,2,3,1,3,39,1.214286
13,0,1,18,107,174,7,10,3,2,0.000000,0.000000,29,14,65,3,24,27,1,18,107,2.241379
14,0,1,21,77,385,4,2,3,4,0.000000,0.000000,45,17,51,1,5,6,1,21,77,1.133333
15,0,1,68,96,301,17,1,3,3,0.000000,0.000000,10,41,20,18,8,26,1,68,96,2.000000
16,0,145,222,-1,187,2,11,3,4,3.000000,6.000000,43,6,26,2,2,4,145,222,-1,0.604651
17,0,1,12,93,250,4,11,3,2,0.000000,0.000000,27,11,71,0,10,10,1,12,93,2.629630
18,0,1,12,39,433,9,5,3,4,0.000000,0.000000,22,10,26,1,1,2,1,12,39,1.181818
19,0,1,6,40,370,2,11,3,4,0.000000,0.000000,24,4,30,1,4,5,1,6,40,1.250000
20,0,1,2,67,295,1,2,3,3,0.000000,0.000000,46,1,60,0,5,5,1,2,67,1.304348
21,0,1,10,55,243,4,9,3,2,0.000000,0.000000,25,9,43,0,2,2,1,10,55,1.720000
22,0,1,18,41,359,6,4,3,4,0.000000,0.000000,10,14,18,3,5,8,1,18,41,1.800000
23,0,1,6,26,158,3,3,3,4,0.000000,0.000000,17,5,19,0,1,1,1,6,26,1.117647
24,0,1,5,48,267,3,8,3,2,0.000000,0.000000,26,4,42,0,1,1,1,5,48,1.615385
25,0,1,8,27,361,4,19,3,4,0.000000,0.000000,14,5,14,2,5,7,1,8,27,1.000000
26,0,1,4,65,389,1,7,3,4,0.000000,0.000000,42,2,58,1,3,4,1,4,65,1.380952
27,0,20,45,101,494,7,3,3,4,3.000000,11.000000,35,13,47,2,9,11,20,45,101,1.342857
28,0,51,54,100,485,1,6,3,4,1.000000,8.000000,26,3,44,0,2,2,51,54,100,1.692308
29,0,1,2,36,339,0,1,3,3,0.000000,0.000000,29,1,33,0,1,1,1,2,36,1.137931
30,0,1,4,72,211,1,12,3,4,0.000000,0.000000,49,3,67,0,1,1,1,4,72,1.367347
31,0,1,1,16,182,0,0,3,-1,-1.000000,-1.000000,10,0,14,0,1,1,1,1,16,1.400000
32,0,117,121,186,1,0,4,3,4,3.000000,4.000000,51,4,63,0,2,2,117,121,186,1.235294
33,0,1,13,93,334,7,1,3,3,0.000000,0.000000,48,8,74,4,6,10,1,13,93,1.541667
34,0,1,75,110,376,21,5,3,4,0.000000,0.000000,15,58,27,16,8,24,1,75,110,1.800000
35,0,1,6,47,427,3,3,3,4,0.000000,0.000000,30,4,36,1,5,6,1,6,47,1.200000
36,0,1,21,114,239,13,2,3,3,0.000000,0.000000,42,12,82,7,11,18,1,21,114,1.952381
37,0,1,32,73,198,13,1,3,3,0.000000,0.000000,15,25,29,4,12,16,1,32,73,1.933333
38,0,1,25,105,240,11,3,3,4,0.000000,0.000000,21,20,53,1,27,28,1,25,105,2.523810
39,0,1,20,54,401,6,14,3,2,0.000000,0.000000,24,15,32,4,2,6,1,20,54,1.333333
40,0,1,2,25,403,1,57,3,4,0.000000,0.000000,20,1,22,0,1,1,1,2,25,1.100000
41,0,1,3,45,457,1,2,3,4,0.000000,0.000000,25,2,35,0,7,7,1,3,45,1.400000
42,0,1,20,39,393,4,2,3,4,0.000000,0.000000,15,15,17,4,2,6,1,20,39,1.133333
43,0,1,13,73,437,6,1,3,3,0.000000,0.000000,38,12,46,0,14,14,1,13,73,1.210526
44,0,2,17,97,452,0,2,3,4,0.000000,0.000000,53,4,79,1,1,2,2,17,97,1.490566
45,0,8,20,113,191,5,12,3,2,5.000000,5.000000,32,10,78,1,15,16,8,20,113,2.437500
46,0,1,13,23,289,3,6,3,4,0.000000,0.000000,10,8,10,4,0,4,1,13,23,1.000000
47,0,1,2,68,387,1,4,3,4,0.000000,0.000000,36,1,62,0,4,4,1,2,68,1.722222
48,0,209,-1,-1,432,0,5,3,4,0.000000,3.000000,27,1,0,1,0,1,209,-1,-1,0.000000
49,0,1,30,108,213,10,11,3,4,0.000000,0.000000,36,18,66,4,12,16,1,30,108,1.833333
50,0,1,18,51,402,4,1,3,3,0.000000,0.000000,24,12,30,1,3,4,1,18,51,1.250000
51,0,1,1,55,340,0,0,3,-1,-1.000000,-1.000000,44,0,50,0,4,4,1,1,55,1.136364
52,0,197,206,229,84,1,20,3,2,4.000000,5.000000,20,9,22,0,1,1,197,206,229,1.100000
53,0,185,-1,-1,215,1,8,3,4,0.000000,1.000000,51,3,0,2,0,2,185,-1,-1,0.000000
54,0,52,60,87,485,2,5,3,4,2.000000,12.000000,21,7,25,1,2,3,52,60,87,1.190476
55,0,52,72,151,96,12,16,3,2,2.000000,3.000000,29,15,77,5,2,7,52,72,151,2.655172
56,0,1,6,68,322,2,3,3,4,0.000000,0.000000,45,5,61,0,1,1,1,6,68,1.355556
57,0,1,8,57,313,3,12,3,2,0.000000,0.000000,24,4,38,3,11,14,1,8,57,1.583333
58,0,188,-1,-1,215,1,5,3,4,0.000000,2.000000,52,3,0,1,0,1,188,-1,-1,0.000000
59,0,1,17,58,220,1,10,3,2,0.000000,0.000000,20,13,30,0,11,11,1,17,58,1.500000
60,0,31,57,129,400,12,7,3,4,0.000000,10.000000,35,16,53,9,19,28,31,57,129,1.514286
61,0,1,8,59,287,3,5,3,4,0.000000,0.000000,28,6,40,1,11,12,1,8,59,1.428571
62,0,1,14,39,225,5,6,3,4,0.000000,0.000000,17,12,21,1,4,5,1,14,39,1.235294
63,0,1,13,102,285,6,8,3,2,0.000000,0.000000,47,10,81,2,8,10,1,13,102,1.723404
64,0,30,60,85,345,15,11,3,4,6.000000,21.000000,15,18,25,12,0,12,30,60,85,1.666667
65,0,12,34,80,222,6,3,3,3,0.000000,0.000000,38,12,40,4,6,10,12,34,80,1.052632
66,0,5,59,133,401,14,12,3,2,1.000000,1.000000,35,19,63,12,11,23,5,59,133,1.800000
67,0,1,8,61,248,4,7,3,4,0.000000,0.000000,43,5,49,2,4,6,1,8,61,1.139535
68,0,1,6,45,405,4,4,3,4,0.000000,0.000000,28,4,34,1,5,6,1,6,45,1.214286
69,0,1,16,84,262,4,11,3,4,0.000000,0.000000,30,9,58,6,10,16,1,16,84,1.933333
70,0,3,19,102,401,2,14,3,4,0.000000,1.000000,26,6,52,0,31,31,3,19,102,2.000000
71,0,1,12,69,351,2,4,3,4,0.000000,0.000000,46,8,54,3,3,6,1,12,69,1.173913
72,0,102,131,186,152,2,13,3,2,5.000000,5.000000,49,6,53,1,2,3,102,131,186,1.081633
73,0,1,1,23,143,0,0,3,-1,-1.000000,-1.000000,22,0,22,0,0,0,1,1,23,1.000000
74,0,203,-1,-1,45,8,5,3,4,0.000000,3.000000,45,11,0,2,0,2,203,-1,-1,0.000000
75,0,1,9,87,188,5,6,3,4,0.000000,0.000000,48,4,66,4,12,16,1,9,87,1.375000
76,0,169,208,-1,282,0,15,3,3,3.000000,5.000000,55,9,41,3,1,4,169,208,-1,0.745455
77,0,1,1,36,232,0,0,3,-1,-1.000000,-1.000000,30,0,34,0,1,1,1,1,36,1.133333
78,0,49,59,104,485,4,6,3,4,1.000000,9.000000,30,6,42,4,3,7,49,59,104,1.400000
79,0,3,3,58,467,0,0,3,-1,-1.000000,-1.000000,39,0,45,0,10,10,3,3,58,1.153846
80,0,2,4,20,148,1,10,3,4,0.000000,0.000000,14,2,16,0,0,0,2,4,20,1.142857
81,0,3,12,43,447,3,2,3,4,1.000000,1.000000,19,7,27,0,4,4,3,12,43,1.421053
82,0,1,7,38,353,3,3,3,4,0.000000,0.000000,21,6,27,0,4,4,1,7,38,1.285714
83,0,1,15,53,260,1,5,3,4,0.000000,0.000000,8,8,28,6,10,16,1,15,53,3.500000
84,0,1,12,28,284,2,3,3,4,0.000000,0.000000,14,4,14,7,2,9,1,12,28,1.000000
85,0,45,64,130,239,8,7,3,4,5.000000,12.000000,36,15,62,4,4,8,45,64,130,1.722222
86,0,1,9,37,324,2,3,3,4,0.000000,0.000000,19,6,25,2,3,5,1,9,37,1.315789
87,0,1,15,76,320,2,5,3,4,0.000000,0.000000,24,13,42,1,19,20,1,15,76,1.750000
88,0,1,4,37,209,0,2,3,3,0.000000,0.000000,20,2,28,1,5,6,1,4,37,1.400000
89,0,1,8,52,195,3,4,3,4,0.000000,0.000000,36,5,40,2,4,6,1,8,52,1.111111
90,0,4,48,120,460,0,14,3,2,0.000000,1.000000,37,5,63,0,9,9,4,48,120,1.702703
91,0,1,2,34,499,0,1,3,3,0.000000,0.000000,24,1,30,0,2,2,1,2,34,1.250000
92,0,1,8,41,360,2,12,3,2,0.000000,0.000000,26,7,32,0,1,1,1,8,41,1.230769
93,0,2,49,92,460,2,16,3,2,0.000000,0.000000,28,14,38,0,5,5,2,49,92,1.357143
94,0,1,11,39,223,4,10,3,4,0.000000,0.000000,18,9,24,1,4,5,1,11,39,1.333333
95,0,1,3,31,276,0,2,3,3,0.000000,0.000000,25,2,25,0,3,3,1,3,31,1.000000
96,0,1,41,114,233,6,8,3,4,0.000000,0.000000,40,10,60,2,13,15,1,41,114,1.500000
97,0,1,2,22,193,0,1,3,3,0.000000,0.000000,18,1,20,0,0,0,1,2,22,1.111111
98,0,2,14,68,318,4,9,3,3,0.000000,0.000000,22,8,44,1,10,11,2,14,68,2.000000
99,0,169,207,235,4,0,16,3,3,3.000000,3.000000,26,11,28,1,0,1,169,207,235,1.076923
100,0,1,15,78,452,8,3,3,4,0.000000,0.000000,39,14,59,0,4,4,1,15,78,1.512821
101,0,1,20,91,183,16,3,3,4,0.000000,0.000000,17,16,49,3,22,25,1,20,91,2.882353
102,0,1,9,41,159,2,3,3,4,0.000000,0.000000,26,7,30,1,2,3,1,9,41,1.153846
103,0,169,203,243,404,0,21,3,4,1.000000,8.000000,30,8,34,0,6,6,169,203,243,1.133333
104,0,1,9,75,148,5,12,3,2,0.000000,0.000000,37,6,53,2,13,15,1,9,75,1.432432
105,0,2,5,22,447,2,1,3,3,0.000000,0.000000,13,3,17,0,0,0,2,5,22,1.307692
106,0,1,20,108,397,11,12,3,2,0.000000,0.000000,36,13,68,6,20,26,1,20,108,1.888889
107,0,1,1,26,290,0,0,3,-1,-1.000000,-1.000000,23,0,23,0,2,2,1,1,26,1.000000
108,0,1,7,72,258,4,11,3,4,0.000000,0.000000,50,5,62,1,3,4,1,7,72,1.240000
109,0,1,10,38,217,3,13,3,4,0.000000,0.000000,17,8,19,1,9,10,1,10,38,1.117647
110,0,142,194,-1,175,6,16,3,2,8.000000,8.000000,42,12,49,0,7,7,142,194,-1,1.166667
111,0,1,27,118,242,12,1,3,3,0.000000,0.000000,30,17,52,8,39,47,1,27,118,1.733333
112,0,1,12,56,467,5,2,3,3,0.000000,0.000000,30,5,38,4,6,10,1,12,56,1.266667
113,0,1,6,69,129,3,3,3,4,0.000000,0.000000,36,5,56,0,7,7,1,6,69,1.555556
114,0,12,31,53,112,6,2,3,3,2.000000,2.000000,11,12,19,6,3,9,12,31,53,1.727273
115,0,2,10,82,326,5,13,3,2,0.000000,0.000000,19,8,47,0,25,25,2,10,82,2.473684
116,0,1,19,46,288,3,14,3,4,0.000000,0.000000,21,17,25,1,2,3,1,19,46,1.190476
117,0,102,161,223,422,9,12,3,4,5.000000,7.000000,47,25,53,5,9,14,102,161,223,1.127660
118,0,1,22,99,461,10,6,3,4,0.000000,0.000000,58,16,72,5,5,10,1,22,99,1.241379
119,0,11,35,102,112,9,3,3,4,0.000000,1.000000,52,22,58,2,9,11,11,35,102,1.115385
120,0,1,1,31,434,0,0,3,-1,-1.000000,-1.000000,29,0,29,0,1,1,1,1,31,1.000000
121,0,1,23,40,318,8,10,3,4,0.000000,0.000000,16,18,16,4,1,5,1,23,40,1.000000
122,0,1,48,80,214,8,2,3,3,0.000000,0.000000,19,34,29,13,3,16,1,48,80,1.526316
123,0,1,65,137,421,1,54,3,4,0.000000,0.000000,53,17,65,0,7,7,1,65,137,1.226415
124,0,1,111,136,238,65,4,3,4,0.000000,0.000000,14,88,20,22,5,27,1,111,136,1.428571
125,0,1,14,28,116,7,7,3,4,0.000000,0.000000,11,9,13,4,1,5,1,14,28,1.181818
126,0,1,12,66,112,6,2,3,3,0.000000,0.000000,28,8,48,3,6,9,1,12,66,1.714286
127,0,1,8,88,298,2,7,3,4,0.000000,0.000000,44,7,72,0,8,8,1,8,88,1.636364
128,0,32,44,77,437,3,12,3,2,4.000000,4.000000,22,10,28,0,5,5,32,44,77,1.272727
129,0,1,35,61,417,7,3,3,4,0.000000,0.000000,18,16,24,5,2,7,1,35,61,1.333333
130,0,1,67,143,347,19,17,3,2,0.000000,0.000000,51,44,73,10,3,13,1,67,143,1.431373
131,0,1,8,75,323,2,6,3,4,0.000000,0.000000,48,6,58,1,9,10,1,8,75,1.208333
132,0,1,17,95,483,7,3,3,4,0.000000,0.000000,45,11,77,2,1,3,1,17,95,1.711111
133,0,1,46,119,357,5,11,3,2,0.000000,0.000000,34,18,56,2,17,19,1,46,119,1.647059
134,0,1,63,113,468,1,7,3,4,0.000000,0.000000,27,11,39,1,11,12,1,63,113,1.444444
135,0,1,5,48,480,2,14,3,4,0.000000,0.000000,25,2,35,1,8,9,1,5,48,1.400000
136,0,1,1,55,429,0,0,3,-1,-1.000000,-1.000000,43,0,47,0,7,7,1,1,55,1.093023
137,0,1,63,113,291,26,4,3,4,0.000000,0.000000,23,40,41,17,9,26,1,63,113,1.782609
138,0,36,39,70,450,1,17,3,2,7.000000,8.000000,26,2,28,1,3,4,36,39,70,1.076923
139,0,13,18,101,444,0,4,3,4,1.000000,5.000000,54,4,76,1,7,8,13,18,101,1.407407
140,0,1,13,83,300,2,9,3,4,0.000000,0.000000,44,9,60,3,10,13,1,13,83,1.363636
141,0,1,24,42,236,1,14,3,4,0.000000,0.000000,10,13,12,1,6,7,1,24,42,1.200000
142,0,1,19,68,432,8,17,3,4,0.000000,0.000000,10,17,32,1,17,18,1,19,68,3.200000
143,0,36,90,135,400,31,4,3,4,0.000000,11.000000,32,37,44,14,1,15,36,90,135,1.375000
144,0,1,4,79,247,2,4,3,4,0.000000,0.000000,55,3,71,0,4,4,1,4,79,1.290909
145,0,131,183,227,111,23,12,3,4,5.000000,5.000000,31,25,39,11,5,16,131,183,227,1.258065
146,0,1,6,60,348,1,6,3,4,0.000000,0.000000,47,5,49,0,5,5,1,6,60,1.042553
147,0,1,16,39,443,9,1,3,3,0.000000,0.000000,17,11,19,4,4,8,1,16,39,1.117647
148,0,1,119,184,297,29,6,3,4,0.000000,0.000000,27,60,47,13,18,31,1,119,184,1.740741
149,0,1,7,62,335,2,6,3,4,0.000000,0.000000,31,6,53,0,2,2,1,7,62,1.709677
150,0,1,5,36,317,3,6,3,4,0.000000,0.000000,25,4,29,0,2,2,1,5,36,1.160000
151,0,137,158,216,229,0,13,3,4,0.000000,5.000000,45,6,53,0,5,5,137,158,216,1.177778
152,0,1,1,32,249,0,0,3,-1,-1.000000,-1.000000,22,0,26,0,5,5,1,1,32,1.181818
153,0,1,3,58,442,0,1,3,3,0.000000,0.000000,24,1,40,1,15,16,1,3,58,1.666667
154,0,1,10,77,304,3,2,3,3,0.000000,0.000000,43,6,61,3,6,9,1,10,77,1.418605
155,0,1,2,10,256,0,1,3,3,0.000000,0.000000,8,1,8,0,0,0,1,2,10,1.000000
156,0,1,5,55,327,2,4,3,4,0.000000,0.000000,43,4,49,0,1,1,1,5,55,1.139535
157,0,1,6,58,227,0,4,3,4,0.000000,0.000000,35,4,51,1,1,2,1,6,58,1.457143
158,0,1,9,84,395,1,3,3,4,0.000000,0.000000,53,6,75,2,0,2,1,9,84,1.415094
159,0,52,87,132,134,25,10,3,2,7.000000,8.000000,38,21,40,14,5,19,52,87,132,1.052632
160,0,1,14,106,458,3,5,3,4,0.000000,0.000000,39,10,61,3,31,34,1,14,106,1.564103
161,0,1,10,50,281,1,11,3,4,0.000000,0.000000,17,7,33,2,7,9,1,10,50,1.941176
162,0,25,48,77,208,6,7,3,4,1.000000,5.000000,21,22,27,1,2,3,25,48,77,1.285714
163,0,1,158,203,321,23,53,3,4,0.000000,0.000000,25,26,35,5,10,15,1,158,203,1.400000
164,0,27,38,110,208,4,5,3,4,0.000000,4.000000,44,7,62,2,10,12,27,38,110,1.409091
165,0,1,28,98,251,6,4,3,3,0.000000,0.000000,48,15,66,2,4,6,1,28,98,1.375000
166,0,1,7,78,349,1,8,3,4,0.000000,0.000000,45,6,67,0,4,4,1,7,78,1.488889
167,0,1,9,54,326,4,15,3,2,0.000000,0.000000,34,8,40,0,5,5,1,9,54,1.176471
168,0,1,4,16,383,1,1,3,3,0.000000,0.000000,9,2,11,1,1,2,1,4,16,1.222222
169,0,29,42,126,117,3,12,3,2,9.000000,9.000000,37,5,65,2,19,21,29,42,126,1.756757
170,0,-1,-1,-1,-1,0,-1,-1,-1,-1.000000,-1.000000,19,0,0,0,0,0,-1,-1,-1,0.000000
171,0,1,8,76,356,2,4,3,4,0.000000,0.000000,46,5,64,2,4,6,1,8,76,1.391304
172,0,1,6,60,336,3,4,3,4,0.000000,0.000000,28,5,48,0,6,6,1,6,60,1.714286
173,0,1,5,41,338,3,4,3,3,0.000000,0.000000,27,3,31,1,5,6,1,5,41,1.148148
174,0,1,32,91,294,8,11,3,4,0.000000,0.000000,37,25,47,6,12,18,1,32,91,1.270270
175,0,1,9,34,371,2,4,3,4,0.000000,0.000000,14,4,22,0,3,3,1,9,34,1.571429
176,0,1,12,91,283,3,5,3,4,0.000000,0.000000,33,6,55,5,24,29,1,12,91,1.666667
177,0,1,204,-1,491,10,5,3,4,0.000000,0.000000,39,41,38,5,8,13,1,204,-1,0.974359
178,0,1,53,119,399,18,5,3,4,0.000000,0.000000,23,40,49,7,17,24,1,53,119,2.130435
179,0,188,-1,-1,386,1,41,3,2,0.000000,8.000000,41,4,0,0,0,0,188,-1,-1,0.000000
180,0,1,11,35,459,4,12,3,2,0.000000,0.000000,12,10,20,0,4,4,1,11,35,1.666667
181,0,1,2,19,382,0,1,3,3,0.000000,0.000000,12,1,14,0,3,3,1,2,19,1.166667
182,0,38,40,104,400,0,2,3,4,0.000000,0.000000,17,2,49,0,15,15,38,40,104,2.882353
183,0,1,36,89,470,9,5,3,4,0.000000,0.000000,31,22,53,4,0,4,1,36,89,1.709677
184,0,188,-1,-1,298,1,40,3,4,0.000000,13.000000,17,3,0,1,0,1,188,-1,-1,0.000000
185,0,1,12,52,368,4,1,3,3,0.000000,0.000000,23,8,33,3,7,10,1,12,52,1.434783
186,0,134,189,219,18,22,59,3,4,0.000000,5.000000,22,31,24,6,6,12,134,189,219,1.090909
187,0,197,209,-1,177,2,19,3,2,4.000000,4.000000,39,12,35,0,6,6,197,209,-1,0.897436
188,0,9,18,109,461,3,3,3,4,0.000000,1.000000,55,5,89,2,2,4,9,18,109,1.618182
189,0,197,213,-1,76,2,11,3,4,3.000000,6.000000,43,13,34,2,3,5,197,213,-1,0.790698
190,0,1,1,27,466,0,0,3,-1,-1.000000,-1.000000,22,0,26,0,0,0,1,1,27,1.181818
191,0,188,-1,-1,186,1,33,3,2,1.000000,1.000000,53,2,0,2,0,2,188,-1,-1,0.000000
192,0,8,23,53,361,0,10,3,2,1.000000,2.000000,9,2,19,0,11,11,8,23,53,2.111111
193,0,40,71,113,210,14,13,3,2,1.000000,1.000000,23,20,37,6,5,11,40,71,113,1.608696
194,0,1,23,126,489,1,1,3,3,0.000000,0.000000,27,9,79,1,24,25,1,23,126,2.925926
195,0,1,3,14,365,1,4,3,3,0.000000,0.000000,7,2,9,0,2,2,1,3,14,1.285714
196,0,1,6,20,441,3,12,3,2,0.000000,0.000000,13,5,13,0,1,1,1,6,20,1.000000
197,0,1,7,43,373,3,13,3,4,0.000000,0.000000,17,6,27,0,9,9,1,7,43,1.588235
198,0,1,22,114,471,3,10,3,2,0.000000,0.000000,33,14,69,2,23,25,1,22,114,2.090909
199,0,1,3,17,362,2,2,3,3,0.000000,0.000000,14,1,14,1,0,1,1,3,17,1.000000
200,0,1,10,59,229,4,7,3,3,0.000000,0.000000,32,8,40,1,9,10,1,10,59,1.250000
201,0,25,47,130,179,3,7,3,3,16.000000,16.000000,30,21,76,1,7,8,25,47,130,2.533333
202,0,198,219,-1,499,5,11,3,4,0.000000,4.000000,45,18,31,1,0,1,198,219,-1,0.688889
203,0,52,88,116,354,31,9,3,4,8.000000,12.000000,21,24,27,12,1,13,52,88,116,1.285714
204,0,10,34,90,364,1,2,3,4,0.000000,3.000000,28,9,50,4,6,10,10,34,90,1.785714
205,0,1,2,45,358,0,1,3,3,0.000000,0.000000,29,1,41,0,2,2,1,2,45,1.413793
206,0,1,6,24,408,0,3,3,4,0.000000,0.000000,14,3,18,2,0,2,1,6,24,1.285714
207,0,1,48,91,279,21,10,3,4,0.000000,0.000000,18,37,28,10,15,25,1,48,91,1.555556
208,0,1,150,201,498,2,1,3,3,0.000000,0.000000,29,8,33,0,18,18,1,150,201,1.137931
209,0,25,39,108,193,2,9,3,2,2.000000,4.000000,44,13,56,0,13,13,25,39,108,1.272727
210,0,-1,-1,-1,-1,0,-1,-1,-1,-1.000000,-1.000000,34,0,0,0,0,0,-1,-1,-1,0.000000
211,0,9,17,93,191,1,11,3,2,2.000000,2.000000,33,3,63,0,13,13,9,17,93,1.909091
212,0,1,6,36,477,0,3,3,4,0.000000,0.000000,17,5,27,0,3,3,1,6,36,1.588235
213,0,1,15,34,412,4,4,3,4,0.000000,0.000000,16,9,16,5,3,8,1,15,34,1.000000
214,0,1,11,57,495,0,9,3,2,0.000000,0.000000,30,9,42,1,4,5,1,11,57,1.400000
215,0,3,25,64,448,8,7,3,4,0.000000,0.000000,17,12,29,6,10,16,3,25,64,1.705882
216,0,3,55,104,460,25,15,3,4,0.000000,3.000000,27,40,49,7,0,7,3,55,104,1.814815
217,0,1,1,27,299,0,0,3,-1,-1.000000,-1.000000,23,0,23,0,3,3,1,1,27,1.000000
218,0,1,20,88,363,4,5,3,4,0.000000,0.000000,26,16,48,3,20,23,1,20,88,1.846154
219,0,5,7,70,412,1,3,3,4,0.000000,2.000000,50,2,56,0,7,7,5,7,70,1.120000
220,0,129,205,-1,56,4,18,3,4,1.000000,6.000000,44,15,38,2,7,9,129,205,-1,0.863636
221,0,1,6,31,303,2,3,3,4,0.000000,0.000000,13,5,17,0,8,8,1,6,31,1.307692
222,0,9,36,125,333,4,5,3,4,0.000000,0.000000,27,13,75,2,14,16,9,36,125,2.777778
223,0,1,8,37,444,4,3,3,4,0.000000,0.000000,17,5,21,2,8,10,1,8,37,1.235294
224,0,31,38,109,9,2,7,3,4,0.000000,16.000000,33,6,65,1,6,7,31,38,109,1.969697
225,0,4,7,19,284,1,3,3,4,0.000000,0.000000,7,2,11,1,1,2,4,7,19,1.571429
226,0,1,16,57,282,6,13,3,4,0.000000,0.000000,34,15,38,0,3,3,1,16,57,1.117647
227,0,52,89,119,266,31,15,3,4,5.000000,12.000000,21,17,29,18,1,19,52,89,119,1.380952
228,0,1,1,28,337,0,0,3,-1,-1.000000,-1.000000,21,0,25,0,2,2,1,1,28,1.190476
229,0,9,80,117,479,17,1,3,3,0.000000,1.000000,23,45,29,10,8,18,9,80,117,1.260870
230,0,7,19,87,417,3,5,3,4,0.000000,4.000000,46,8,62,2,6,8,7,19,87,1.347826
231,0,24,58,122,191,9,13,3,2,6.000000,6.000000,36,19,44,6,20,26,24,58,122,1.222222
232,0,1,14,41,379,4,10,3,2,0.000000,0.000000,12,11,20,2,7,9,1,14,41,1.666667
233,0,134,196,-1,217,27,58,3,4,0.000000,6.000000,42,25,44,14,10,24,134,196,-1,1.047619
234,0,1,16,90,410,5,2,3,4,0.000000,0.000000,31,11,51,4,23,27,1,16,90,1.645161
235,0,1,18,63,391,4,7,3,3,0.000000,0.000000,31,15,39,2,6,8,1,18,63,1.258065
236,0,3,3,46,489,0,0,3,-1,-1.000000,-1.000000,38,0,40,0,3,3,3,3,46,1.052632
237,0,1,7,24,286,2,5,3,4,0.000000,0.000000,11,5,13,1,4,5,1,7,24,1.181818
238,0,36,95,158,449,23,12,3,2,2.000000,4.000000,19,49,57,10,6,16,36,95,158,3.000000
239,0,1,137,186,462,70,11,3,4,0.000000,0.000000,25,83,37,42,12,54,1,137,186,1.480000
240,0,188,-1,-1,44,1,6,3,4,2.000000,5.000000,47,3,0,0,0,0,188,-1,-1,0.000000
241,0,37,61,78,134,16,15,3,4,6.000000,9.000000,15,20,15,4,2,6,37,61,78,1.000000
242,0,4,14,106,400,0,2,3,2,0.000000,0.000000,29,2,69,5,23,28,4,14,106,2.379310
243,0,1,26,111,485,5,6,3,4,0.000000,0.000000,32,12,60,0,25,25,1,26,111,1.875000
244,0,1,5,23,278,2,3,3,4,0.000000,0.000000,15,3,17,1,1,2,1,5,23,1.133333
245,0,5,55,130,428,9,2,3,2,0.000000,0.000000,58,30,74,10,1,11,5,55,130,1.275862
246,0,37,84,140,449,15,11,3,4,3.000000,13.000000,25,40,37,7,19,26,37,84,140,1.480000
247,0,134,194,231,22,25,37,3,2,2.000000,3.000000,28,25,32,10,5,15,134,194,231,1.142857
248,0,1,14,57,308,6,3,3,4,0.000000,0.000000,33,13,39,0,4,4,1,14,57,1.181818
249,0,55,95,124,165,30,19,3,2,4.000000,5.000000,21,25,27,10,2,12,55,95,124,1.285714
250,0,1,10,77,381,4,5,3,4,0.000000,0.000000,36,7,54,2,13,15,1,10,77,1.500000
251,0,1,3,79,411,1,1,3,3,0.000000,0.000000,47,2,63,0,13,13,1,3,79,1.340426
252,0,1,13,62,307,4,11,3,2,0.000000,0.000000,26,12,32,0,17,17,1,13,62,1.230769
253,0,1,9,46,314,3,15,3,4,0.000000,0.000000,22,7,34,1,3,4,1,9,46,1.545455
254,0,1,25,85,419,6,11,3,4,0.000000,0.000000,29,18,45,6,15,21,1,25,85,1.551724
255,0,1,1,25,423,0,0,3,-1,-1.000000,-1.000000,11,0,17,0,7,7,1,1,25,1.545455
256,0,137,181,231,119,3,16,3,2,0.000000,0.000000,41,6,47,0,3,3,137,181,231,1.146341
257,0,1,37,60,496,2,5,3,4,0.000000,0.000000,11,12,17,2,6,8,1,37,60,1.545455
258,0,1,3,21,302,2,2,3,3,0.000000,0.000000,16,2,18,0,0,0,1,3,21,1.125000
259,0,149,199,-1,76,2,28,3,2,12.000000,12.000000,50,12,51,3,0,3,149,199,-1,1.020000
260,0,1,20,76,265,6,6,3,4,0.000000,0.000000,38,12,50,7,6,13,1,20,76,1.315789
261,0,1,15,36,216,5,5,3,4,0.000000,0.000000,16,7,18,7,3,10,1,15,36,1.125000
262,0,1,8,90,202,3,5,3,4,0.000000,0.000000,47,6,71,1,11,12,1,8,90,1.510638
263,0,1,10,72,160,4,11,3,4,0.000000,0.000000,23,5,47,4,15,19,1,10,72,2.043478
264,0,149,176,232,249,1,29,3,4,5.000000,14.000000,45,10,53,1,3,4,149,176,232,1.177778
265,0,1,51,86,333,8,7,3,4,0.000000,0.000000,19,27,23,3,12,15,1,51,86,1.210526
266,0,1,20,100,191,7,12,3,2,0.000000,0.000000,49,13,75,6,5,11,1,20,100,1.530612
267,0,1,12,93,132,2,11,3,2,0.000000,0.000000,18,11,64,0,17,17,1,12,93,3.555556
268,0,1,2,74,125,0,1,3,3,0.000000,0.000000,48,1,70,0,2,2,1,2,74,1.458333
269,0,1,45,119,153,7,7,3,3,0.000000,0.000000,27,18,55,7,19,26,1,45,119,2.037037
270,0,1,32,50,293,16,1,3,3,0.000000,0.000000,18,18,18,13,0,13,1,32,50,1.000000
271,0,202,-1,-1,336,10,22,3,2,4.000000,4.000000,53,12,0,4,0,4,202,-1,-1,0.000000
272,0,1,12,46,169,4,6,3,4,0.000000,0.000000,27,8,31,3,3,6,1,12,46,1.148148
273,0,1,12,82,280,3,4,3,4,0.000000,0.000000,25,11,47,0,23,23,1,12,82,1.880000
274,0,1,7,67,277,2,2,3,4,0.000000,0.000000,46,6,54,0,6,6,1,7,67,1.173913
275,0,1,13,44,199,3,10,3,2,0.000000,0.000000,10,10,18,2,13,15,1,13,44,1.800000
276,0,1,1,47,154,0,0,3,-1,-1.000000,-1.000000,35,0,39,0,7,7,1,1,47,1.114286
277,0,1,22,54,494,3,4,3,3,0.000000,0.000000,10,12,24,2,8,10,1,22,54,2.400000
278,0,1,23,74,166,13,6,3,4,0.000000,0.000000,26,18,34,4,17,21,1,23,74,1.307692
279,0,1,11,89,272,7,1,3,3,0.000000,0.000000,55,7,73,3,5,8,1,11,89,1.327273
280,0,1,13,80,448,5,9,3,4,0.000000,0.000000,28,11,56,0,11,11,1,13,80,2.000000
281,0,1,11,61,261,3,4,3,4,0.000000,0.000000,31,4,45,6,5,11,1,11,61,1.451613
282,0,1,5,73,342,1,5,3,4,0.000000,0.000000,52,4,66,0,2,2,1,5,73,1.269231
283,0,1,2,60,492,0,1,3,3,0.000000,0.000000,45,1,51,0,7,7,1,2,60,1.133333
284,0,1,8,82,268,1,6,3,4,0.000000,0.000000,57,7,71,0,3,3,1,8,82,1.245614
285,0,1,1,54,139,0,0,3,-1,-1.000000,-1.000000,40,0,48,0,5,5,1,1,54,1.200000
286,0,1,15,61,167,3,3,3,4,0.000000,0.000000,31,14,43,0,3,3,1,15,61,1.387097
287,0,1,30,77,469,8,1,3,3,0.000000,0.000000,37,19,43,6,4,10,1,30,77,1.162162
288,0,1,11,94,142,2,3,3,4,0.000000,0.000000,26,10,66,0,17,17,1,11,94,2.538462
289,0,1,11,41,431,4,2,3,4,0.000000,0.000000,29,6,29,4,1,5,1,11,41,1.000000
290,0,1,20,107,253,11,3,3,4,0.000000,0.000000,42,13,70,6,17,23,1,20,107,1.666667
291,0,1,19,105,179,2,4,3,3,0.000000,0.000000,27,15,61,3,25,28,1,19,105,2.259259
292,0,1,13,44,204,5,1,3,3,0.000000,0.000000,24,9,26,3,5,8,1,13,44,1.083333
293,0,1,20,87,269,1,14,3,4,0.000000,0.000000,17,17,45,2,22,24,1,20,87,2.647059
294,0,1,13,87,144,5,6,3,4,0.000000,0.000000,48,7,70,5,4,9,1,13,87,1.458333
295,0,1,13,52,147,6,3,3,4,0.000000,0.000000,29,9,33,0,6,6,1,13,52,1.137931
296,0,1,2,48,168,1,7,3,4,0.000000,0.000000,41,1,45,0,1,1,1,2,48,1.097561
297,0,1,2,32,264,1,11,3,2,0.000000,0.000000,21,1,27,0,3,3,1,2,32,1.285714
298,0,1,2,40,455,1,5,3,4,0.000000,0.000000,28,1,34,0,4,4,1,2,40,1.214286
299,0,1,10,52,355,3,5,3,3,0.000000,0.000000,18,3,30,2,12,14,1,10,52,1.666667
300,0,1,10,20,164,2,4,3,4,0.000000,0.000000,6,6,10,3,0,3,1,10,20,1.666667
301,0,1,10,77,241,6,3,3,4,0.000000,0.000000,44,6,54,3,13,16,1,10,77,1.227273
302,0,1,18,79,345,7,4,3,3,0.000000,0.000000,27,10,45,5,16,21,1,18,79,1.666667
303,0,1,6,44,69,3,4,3,4,0.000000,0.000000,23,5,27,0,11,11,1,6,44,1.173913
304,0,1,5,57,315,0,2,3,3,0.000000,0.000000,42,2,50,2,2,4,1,5,57,1.190476
305,0,1,14,50,343,4,16,3,2,0.000000,0.000000,18,8,32,2,4,6,1,14,50,1.777778
306,0,1,12,78,275,5,6,3,4,0.000000,0.000000,32,9,52,0,14,14,1,12,78,1.625000
307,0,1,17,69,215,8,6,3,4,0.000000,0.000000,41,12,49,4,3,7,1,17,69,1.195122
308,0,1,25,87,255,2,7,3,3,0.000000,0.000000,35,13,51,5,11,16,1,25,87,1.457143
309,0,1,2,47,234,0,1,3,3,0.000000,0.000000,38,1,44,0,1,1,1,2,47,1.157895
310,0,1,5,71,106,3,2,3,3,0.000000,0.000000,55,4,61,0,5,5,1,5,71,1.109091
311,0,1,1,65,230,0,0,3,-1,-1.000000,-1.000000,49,0,59,0,5,5,1,1,65,1.204082
312,0,1,6,40,273,3,15,3,2,0.000000,0.000000,27,4,31,0,3,3,1,6,40,1.148148
313,0,1,25,72,259,8,3,3,4,0.000000,0.000000,37,20,45,3,2,5,1,25,72,1.216216
314,0,1,4,38,130,0,1,3,3,0.000000,0.000000,13,3,23,0,11,11,1,4,38,1.769231
315,0,1,18,97,254,8,8,3,4,0.000000,0.000000,48,15,72,2,7,9,1,18,97,1.500000
316,0,1,12,22,208,4,3,3,4,0.000000,0.000000,9,6,9,5,1,6,1,12,22,1.000000
317,0,1,3,56,328,1,13,3,2,0.000000,0.000000,33,2,47,0,6,6,1,3,56,1.424242
318,0,1,18,94,111,3,4,3,3,0.000000,0.000000,30,16,62,1,14,15,1,18,94,2.066667
319,0,1,138,199,296,8,3,3,4,0.000000,0.000000,44,23,54,0,7,7,1,138,199,1.227273
320,0,1,2,76,187,0,1,3,3,0.000000,0.000000,49,1,65,0,9,9,1,2,76,1.326531
321,0,1,3,38,206,1,5,3,4,0.000000,0.000000,19,2,31,0,4,4,1,3,38,1.631579
322,0,1,11,65,311,1,5,3,4,0.000000,0.000000,29,8,45,1,9,10,1,11,65,1.551724
323,0,1,29,71,121,5,2,3,3,0.000000,0.000000,19,18,29,2,13,15,1,29,71,1.526316
324,0,1,6,53,205,4,3,3,4,0.000000,0.000000,30,5,40,0,7,7,1,6,53,1.333333
325,0,1,5,24,176,1,18,3,4,0.000000,0.000000,13,4,17,0,2,2,1,5,24,1.307692
326,0,1,53,126,81,18,1,3,3,0.000000,0.000000,14,37,58,13,15,28,1,53,126,4.142857
327,0,1,1,30,80,0,0,3,-1,-1.000000,-1.000000,20,0,26,0,3,3,1,1,30,1.300000
328,0,202,220,-1,97,11,19,3,4,0.000000,7.000000,44,14,29,2,1,3,202,220,-1,0.659091
329,0,143,175,187,177,1,22,3,4,9.000000,13.000000,11,9,11,2,1,3,143,175,187,1.000000
330,0,1,28,90,145,9,5,3,4,0.000000,0.000000,47,25,59,2,3,5,1,28,90,1.255319
331,0,1,1,30,110,0,0,3,-1,-1.000000,-1.000000,27,0,29,0,0,0,1,1,30,1.074074
332,0,1,11,81,163,3,10,3,2,0.000000,0.000000,30,8,56,2,14,16,1,11,81,1.866667
333,0,1,14,55,231,1,8,3,4,0.000000,0.000000,31,13,39,0,2,2,1,14,55,1.258065
334,0,1,11,71,119,2,5,3,4,0.000000,0.000000,42,6,50,4,10,14,1,11,71,1.190476
335,0,1,39,114,418,6,3,3,4,0.000000,0.000000,27,28,67,1,8,9,1,39,114,2.481481
336,0,1,5,41,219,1,13,3,2,0.000000,0.000000,18,4,24,0,12,12,1,5,41,1.333333
337,0,1,5,34,58,2,4,3,4,0.000000,0.000000,23,2,27,2,2,4,1,5,34,1.173913
338,0,1,3,71,91,1,3,3,4,0.000000,0.000000,60,2,66,0,2,2,1,3,71,1.100000
339,0,95,98,162,44,0,3,3,4,0.000000,2.000000,52,3,60,0,4,4,95,98,162,1.153846
340,0,1,9,86,149,2,8,3,4,0.000000,0.000000,47,7,69,1,8,9,1,9,86,1.468085
341,0,1,139,196,310,50,6,3,4,0.000000,0.000000,27,104,37,21,20,41,1,139,196,1.370370
342,0,1,4,55,137,2,1,3,3,0.000000,0.000000,26,2,42,1,9,10,1,4,55,1.615385
343,0,1,2,18,51,0,1,3,3,0.000000,0.000000,12,1,14,0,2,2,1,2,18,1.166667
344,0,1,6,68,177,1,5,3,3,0.000000,0.000000,51,5,59,0,3,3,1,6,68,1.156863
345,0,142,155,205,217,1,8,3,4,0.000000,0.000000,41,9,47,0,3,3,142,155,205,1.146341
346,0,1,7,73,404,1,16,3,2,0.000000,0.000000,32,5,52,0,14,14,1,7,73,1.625000
347,0,1,1,47,237,0,0,3,-1,-1.000000,-1.000000,44,0,44,0,2,2,1,1,47,1.000000
348,0,1,21,115,123,10,4,3,4,0.000000,0.000000,19,13,65,7,29,36,1,21,115,3.421053
349,0,1,6,80,30,2,3,3,4,0.000000,0.000000,32,5,62,0,12,12,1,6,80,1.937500
350,0,1,3,20,93,0,2,3,3,0.000000,0.000000,14,2,16,0,1,1,1,3,20,1.142857
351,0,1,7,65,141,0,6,3,4,0.000000,0.000000,33,6,41,0,17,17,1,7,65,1.242424
352,0,1,16,56,203,7,2,3,3,0.000000,0.000000,18,13,30,2,10,12,1,16,56,1.666667
353,0,1,11,76,94,3,8,3,4,0.000000,0.000000,48,7,60,3,5,8,1,11,76,1.250000
354,0,1,10,91,350,3,3,3,4,0.000000,0.000000,35,9,57,0,24,24,1,10,91,1.628571
355,0,1,17,77,178,9,7,3,4,0.000000,0.000000,45,14,59,2,1,3,1,17,77,1.311111
356,0,1,16,47,189,3,1,3,3,0.000000,0.000000,21,12,25,1,6,7,1,16,47,1.190476
357,0,1,-1,-1,83,76,5,3,4,0.000000,0.000000,38,174,0,61,0,61,1,-1,-1,0.000000
358,0,1,4,34,170,0,3,3,4,0.000000,0.000000,25,3,29,0,1,1,1,4,34,1.160000
359,0,1,17,51,222,3,1,3,3,0.000000,0.000000,17,15,23,0,11,11,1,17,51,1.352941
360,0,91,96,123,111,0,5,3,4,5.000000,6.000000,25,5,27,0,0,0,91,96,123,1.080000
361,0,1,4,40,374,3,15,3,4,0.000000,0.000000,33,3,33,0,3,3,1,4,40,1.000000
362,0,1,16,87,212,5,4,3,4,0.000000,0.000000,32,12,50,3,21,24,1,16,87,1.562500
363,0,1,4,48,44,1,4,3,3,0.000000,0.000000,40,3,40,0,4,4,1,4,48,1.000000
364,0,1,8,27,76,2,10,3,2,0.000000,0.000000,11,5,13,2,6,8,1,8,27,1.181818
365,0,1,19,79,263,1,6,3,4,0.000000,0.000000,19,12,45,6,15,21,1,19,79,2.368421
366,0,1,12,106,369,5,11,3,2,0.000000,0.000000,29,11,91,0,3,3,1,12,106,3.137931
367,0,1,4,67,98,2,4,3,3,0.000000,0.000000,39,3,55,0,8,8,1,4,67,1.410256
368,0,1,9,47,50,2,2,3,3,0.000000,0.000000,28,8,34,0,4,4,1,9,47,1.214286
369,0,154,-1,-1,308,15,7,3,4,1.000000,4.000000,57,22,0,8,0,8,154,-1,-1,0.000000
370,0,1,8,63,181,1,13,3,2,0.000000,0.000000,43,7,47,0,8,8,1,8,63,1.093023
371,0,1,5,25,90,1,5,3,4,0.000000,0.000000,7,3,13,1,7,8,1,5,25,1.857143
372,0,1,41,65,89,11,4,3,4,0.000000,0.000000,14,33,22,7,2,9,1,41,65,1.571429
373,0,1,4,58,161,1,12,3,2,0.000000,0.000000,15,3,39,0,15,15,1,4,58,2.600000
374,0,1,67,107,135,14,11,3,4,0.000000,0.000000,19,44,29,16,11,27,1,67,107,1.526316
375,0,1,15,88,171,9,8,3,4,0.000000,0.000000,44,14,58,0,15,15,1,15,88,1.318182
376,0,1,3,58,82,0,2,3,3,0.000000,0.000000,36,2,48,0,7,7,1,3,58,1.333333
377,0,1,8,37,197,4,6,3,4,0.000000,0.000000,19,7,27,0,2,2,1,8,37,1.421053
378,0,1,15,105,162,6,7,3,4,0.000000,0.000000,47,14,83,0,7,7,1,15,105,1.765957
379,0,1,15,57,46,6,5,3,4,0.000000,0.000000,23,11,35,3,7,10,1,15,57,1.521739
380,0,1,16,104,61,1,10,3,2,0.000000,0.000000,32,12,76,3,12,15,1,16,104,2.375000
381,0,7,11,36,487,0,4,3,4,0.000000,2.000000,17,4,21,0,4,4,7,11,36,1.235294
382,0,4,9,83,476,0,3,3,4,1.000000,2.000000,41,5,63,0,11,11,4,9,83,1.536585
383,0,1,8,32,138,2,5,3,4,0.000000,0.000000,16,4,22,3,2,5,1,8,32,1.375000
384,0,124,143,203,475,0,20,3,2,5.000000,5.000000,53,7,55,1,5,6,124,143,203,1.037736
385,0,1,17,38,20,2,2,3,3,0.000000,0.000000,12,10,16,6,5,11,1,17,38,1.333333
386,0,13,17,98,421,0,4,3,3,1.000000,1.000000,41,4,65,0,16,16,13,17,98,1.585366
387,0,1,7,25,201,4,6,3,4,0.000000,0.000000,18,6,18,0,0,0,1,7,25,1.000000
388,0,1,6,25,39,0,4,3,4,0.000000,0.000000,16,4,16,1,3,4,1,6,25,1.000000
389,0,1,11,62,54,2,7,3,4,0.000000,0.000000,41,9,47,1,4,5,1,11,62,1.146341
390,0,1,7,51,118,1,4,3,3,0.000000,0.000000,40,5,42,1,2,3,1,7,51,1.050000
391,0,1,8,42,99,2,7,3,4,0.000000,0.000000,19,7,31,0,3,3,1,8,42,1.631579
392,0,1,1,32,246,0,0,3,-1,-1.000000,-1.000000,28,0,30,0,1,1,1,1,32,1.071429
393,0,1,6,77,108,0,5,3,4,0.000000,0.000000,21,5,51,0,20,20,1,6,77,2.428571
394,0,1,14,82,127,6,6,3,4,0.000000,0.000000,36,6,62,7,6,13,1,14,82,1.722222
395,0,1,6,44,207,0,5,3,4,0.000000,0.000000,18,5,26,0,12,12,1,6,44,1.444444
396,0,1,107,190,102,37,9,3,2,0.000000,0.000000,40,82,78,24,5,29,1,107,190,1.950000
397,0,1,4,18,210,0,3,3,4,0.000000,0.000000,14,3,14,0,0,0,1,4,18,1.000000
398,0,1,10,31,175,1,13,3,2,0.000000,0.000000,15,9,17,0,4,4,1,10,31,1.133333
399,0,1,17,99,228,0,14,3,2,0.000000,0.000000,18,16,70,0,12,12,1,17,99,3.888889
400,0,1,9,24,117,4,7,3,4,0.000000,0.000000,11,7,13,1,2,3,1,9,24,1.181818
401,0,1,15,84,103,6,13,3,2,0.000000,0.000000,31,12,65,2,4,6,1,15,84,2.096774
402,0,105,109,133,225,0,4,3,3,1.000000,2.000000,21,4,21,0,3,3,105,109,133,1.000000
403,0,1,3,48,252,0,2,3,2,0.000000,0.000000,30,2,42,0,3,3,1,3,48,1.400000
404,0,1,1,40,380,0,0,3,-1,-1.000000,-1.000000,37,0,39,0,0,0,1,1,40,1.054054
405,0,1,15,29,66,3,4,3,4,0.000000,0.000000,12,8,12,4,2,6,1,15,29,1.000000
406,0,1,15,50,42,4,6,3,4,0.000000,0.000000,19,10,29,4,6,10,1,15,50,1.526316
407,0,7,15,48,248,0,5,3,3,0.000000,1.000000,27,7,33,1,0,1,7,15,48,1.222222
408,0,1,13,65,120,1,8,3,4,0.000000,0.000000,30,11,48,1,4,5,1,13,65,1.600000
409,0,1,5,29,430,0,2,3,3,0.000000,0.000000,17,4,19,0,5,5,1,5,29,1.117647
410,0,1,19,49,95,2,5,3,4,0.000000,0.000000,15,12,23,6,7,13,1,19,49,1.533333
411,0,1,6,71,38,1,13,3,2,0.000000,0.000000,42,4,56,1,9,10,1,6,71,1.333333
412,0,1,3,47,9,1,3,3,4,0.000000,0.000000,25,2,37,0,7,7,1,3,47,1.480000
413,0,1,5,42,79,2,6,3,4,0.000000,0.000000,20,4,26,0,11,11,1,5,42,1.300000
414,0,1,4,56,13,1,13,3,2,0.000000,0.000000,37,3,47,0,5,5,1,4,56,1.270270
415,0,9,53,73,121,0,3,3,4,1.000000,1.000000,14,12,18,2,2,4,9,53,73,1.285714
416,0,1,3,24,266,2,2,3,4,0.000000,0.000000,20,2,20,0,1,1,1,3,24,1.000000
417,0,1,24,48,49,2,6,3,4,0.000000,0.000000,18,16,22,7,2,9,1,24,48,1.222222
418,0,1,17,108,55,1,4,3,4,0.000000,0.000000,35,14,55,2,36,38,1,17,108,1.571429
419,0,1,2,32,218,1,12,3,4,0.000000,0.000000,29,1,29,0,1,1,1,2,32,1.000000
420,0,1,35,105,235,8,2,3,3,0.000000,0.000000,41,29,61,4,9,13,1,35,105,1.487805
421,0,1,5,26,173,0,4,3,4,0.000000,0.000000,19,4,21,0,0,0,1,5,26,1.105263
422,0,1,8,55,172,1,10,3,4,0.000000,0.000000,32,7,40,0,7,7,1,8,55,1.250000
423,0,1,17,59,186,5,1,3,3,0.000000,0.000000,36,15,40,1,2,3,1,17,59,1.111111
424,0,1,5,45,45,2,4,3,3,0.000000,0.000000,31,4,37,0,3,3,1,5,45,1.193548
425,0,1,2,30,414,0,1,3,3,0.000000,0.000000,21,1,25,0,3,3,1,2,30,1.190476
426,0,1,10,66,109,4,5,3,4,0.000000,0.000000,48,5,54,4,2,6,1,10,66,1.125000
427,0,1,21,73,87,1,13,3,2,0.000000,0.000000,39,15,49,5,3,8,1,21,73,1.256410
428,0,1,14,56,156,4,13,3,2,0.000000,0.000000,25,12,37,1,5,6,1,14,56,1.480000
429,0,1,7,49,67,0,6,3,4,0.000000,0.000000,27,6,33,0,9,9,1,7,49,1.222222
430,0,1,6,57,53,2,5,3,4,0.000000,0.000000,40,4,46,1,5,6,1,6,57,1.150000
431,0,1,6,74,107,4,5,3,4,0.000000,0.000000,33,4,63,1,5,6,1,6,74,1.909091
432,0,4,13,49,188,0,5,3,3,0.000000,0.000000,19,7,27,0,9,9,4,13,49,1.421053
433,0,1,2,46,105,1,6,3,4,0.000000,0.000000,29,1,39,0,5,5,1,2,46,1.344828
434,0,1,16,40,140,3,7,3,4,0.000000,0.000000,19,13,23,1,1,2,1,16,40,1.210526
435,0,1,4,39,200,0,2,3,3,0.000000,0.000000,30,2,32,1,3,4,1,4,39,1.066667
436,0,1,1,26,71,0,0,3,-1,-1.000000,-1.000000,13,0,23,0,2,2,1,1,26,1.769231
437,0,1,1,36,100,0,0,3,-1,-1.000000,-1.000000,16,0,22,0,13,13,1,1,36,1.375000
438,0,1,11,38,78,2,2,3,3,0.000000,0.000000,23,9,25,1,2,3,1,11,38,1.086957
439,0,1,28,102,226,7,2,3,4,0.000000,0.000000,17,24,51,3,23,26,1,28,102,3.000000
440,0,3,7,78,42,0,4,3,3,0.000000,0.000000,32,4,56,0,15,15,3,7,78,1.750000
441,0,1,1,15,47,0,0,3,-1,-1.000000,-1.000000,9,0,13,0,1,1,1,1,15,1.444444
442,0,1,13,35,72,2,12,3,2,0.000000,0.000000,17,12,21,0,1,1,1,13,35,1.235294
443,0,1,4,49,332,1,11,3,4,0.000000,0.000000,40,3,44,0,1,1,1,4,49,1.100000
444,0,1,7,78,115,0,6,3,4,0.000000,0.000000,46,6,66,0,5,5,1,7,78,1.434783
445,0,1,72,140,192,24,7,3,4,0.000000,0.000000,39,56,65,15,3,18,1,72,140,1.666667
446,0,1,3,33,155,1,5,3,4,0.000000,0.000000,13,2,19,0,11,11,1,3,33,1.461538
447,0,1,5,73,70,1,3,3,4,0.000000,0.000000,50,4,66,0,2,2,1,5,73,1.320000
448,0,1,4,32,352,0,2,3,3,0.000000,0.000000,21,2,27,1,1,2,1,4,32,1.285714
449,0,1,8,37,194,2,12,3,2,0.000000,0.000000,20,7,22,0,7,7,1,8,37,1.100000
450,0,1,4,56,37,1,55,3,4,0.000000,0.000000,46,3,50,0,2,2,1,4,56,1.086957
451,0,1,19,61,74,0,12,3,2,0.000000,0.000000,27,16,33,2,9,11,1,19,61,1.222222
452,0,1,7,35,60,0,6,3,4,0.000000,0.000000,19,6,25,0,3,3,1,7,35,1.315789
453,0,5,13,40,426,0,6,3,4,0.000000,2.000000,17,8,21,0,6,6,5,13,40,1.235294
454,0,5,17,97,346,0,4,3,4,0.000000,1.000000,37,10,61,2,19,21,5,17,97,1.648649
455,0,1,10,74,59,2,3,3,4,0.000000,0.000000,39,8,53,1,11,12,1,10,74,1.358974
456,0,1,17,58,56,2,10,3,4,0.000000,0.000000,25,15,35,1,6,7,1,17,58,1.400000
457,0,1,8,18,36,1,5,3,4,0.000000,0.000000,9,6,9,1,1,2,1,8,18,1.000000
458,0,1,111,150,96,35,1,3,3,0.000000,0.000000,21,84,23,26,16,42,1,111,150,1.095238
459,0,1,3,34,40,0,2,3,4,0.000000,0.000000,23,2,27,0,4,4,1,3,34,1.173913
460,0,1,1,70,131,0,0,3,-1,-1.000000,-1.000000,41,0,69,0,0,0,1,1,70,1.682927
461,0,1,1,42,329,0,0,3,-1,-1.000000,-1.000000,37,0,41,0,0,0,1,1,42,1.108108
462,0,1,9,29,31,0,8,3,4,0.000000,0.000000,13,8,15,0,5,5,1,9,29,1.153846
463,0,1,14,63,157,5,13,3,4,0.000000,0.000000,31,10,45,3,4,7,1,14,63,1.451613
464,0,1,10,67,152,2,11,3,4,0.000000,0.000000,28,9,52,0,5,5,1,10,67,1.857143
465,0,1,13,59,124,3,9,3,4,0.000000,0.000000,25,9,35,3,11,14,1,13,59,1.400000
466,0,1,6,80,180,3,6,3,4,0.000000,0.000000,50,4,70,1,4,5,1,6,80,1.400000
467,0,1,16,102,34,2,4,3,4,0.000000,0.000000,26,15,54,0,32,32,1,16,102,2.076923
468,0,1,12,49,85,0,9,3,2,0.000000,0.000000,32,9,34,2,3,5,1,12,49,1.062500
469,0,1,5,33,134,0,4,3,3,0.000000,0.000000,24,4,26,0,2,2,1,5,33,1.083333
470,0,1,5,53,146,1,14,3,2,0.000000,0.000000,25,4,41,0,7,7,1,5,53,1.640000
471,0,1,14,85,133,2,3,3,4,0.000000,0.000000,18,8,54,5,17,22,1,14,85,3.000000
472,0,1,3,29,29,0,2,3,3,0.000000,0.000000,20,2,24,0,2,2,1,3,29,1.200000
473,0,1,2,38,165,0,1,3,3,0.000000,0.000000,33,1,35,0,1,1,1,2,38,1.060606
474,0,2,8,29,168,0,6,3,4,0.000000,0.000000,10,6,14,0,7,7,2,8,29,1.400000
475,0,1,18,81,88,5,5,3,4,0.000000,0.000000,24,10,50,6,13,19,1,18,81,2.083333
476,0,1,2,25,62,0,1,3,3,0.000000,0.000000,17,1,23,0,0,0,1,2,25,1.352941
477,0,1,8,72,8,1,14,3,4,0.000000,0.000000,40,6,58,1,6,7,1,8,72,1.450000
478,0,1,7,67,32,0,6,3,4,0.000000,0.000000,48,6,52,0,8,8,1,7,67,1.083333
479,0,1,5,58,316,1,3,3,4,0.000000,0.000000,42,2,48,2,5,7,1,5,58,1.142857
480,0,1,13,97,14,3,12,3,4,0.000000,0.000000,36,11,56,1,28,29,1,13,97,1.555556
481,0,1,15,35,128,5,5,3,4,0.000000,0.000000,18,11,18,3,2,5,1,15,35,1.000000
482,0,1,2,43,190,0,1,3,3,0.000000,0.000000,30,1,38,0,3,3,1,2,43,1.266667
483,0,1,4,71,92,0,2,3,3,0.000000,0.000000,44,2,58,1,9,10,1,4,71,1.318182
484,0,1,7,42,101,4,5,3,4,0.000000,0.000000,29,6,31,0,4,4,1,7,42,1.068966
485,0,1,6,28,52,0,5,3,4,0.000000,0.000000,14,5,20,0,2,2,1,6,28,1.428571
486,0,1,5,45,26,1,1,3,3,0.000000,0.000000,31,3,37,1,3,4,1,5,45,1.193548
487,0,1,11,77,43,4,10,3,2,0.000000,0.000000,32,7,52,3,14,17,1,11,77,1.625000
488,0,1,12,94,114,2,5,3,4,0.000000,0.000000,56,8,78,3,4,7,1,12,94,1.392857
489,0,1,4,24,7,1,15,3,2,0.000000,0.000000,16,3,20,0,0,0,1,4,24,1.250000
490,0,1,5,55,86,2,1,3,3,0.000000,0.000000,39,3,41,1,9,10,1,5,55,1.051282
491,0,1,1,23,104,0,0,3,-1,-1.000000,-1.000000,20,0,22,0,0,0,1,1,23,1.100000
492,0,1,7,49,406,0,3,3,4,0.000000,0.000000,23,5,35,1,7,8,1,7,49,1.521739
493,0,1,4,24,65,2,4,3,4,0.000000,0.000000,18,3,20,0,0,0,1,4,24,1.111111
494,0,1,5,41,331,0,4,3,4,0.000000,0.000000,20,4,24,0,12,12,1,5,41,1.200000
495,0,1,4,48,22,0,3,3,4,0.000000,0.000000,26,3,32,0,12,12,1,4,48,1.230769
496,0,1,22,124,16,0,9,3,2,0.000000,0.000000,29,15,77,6,25,31,1,22,124,2.655172
497,0,1,8,38,136,1,4,3,3,0.000000,0.000000,17,5,25,2,5,7,1,8,38,1.470588
498,0,1,1,23,41,0,0,3,-1,-1.000000,-1.000000,22,0,22,0,0,0,1,1,23,1.000000
499,0,1,12,93,151,2,11,3,4,0.000000,0.000000,43,11,67,0,14,14,1,12,93,1.558140
500,0,1,13,31,150,4,8,3,4,0.000000,0.000000,12,10,14,2,4,6,1,13,31,1.166667
501,0,1,7,90,75,0,4,3,3,0.000000,0.000000,49,4,79,2,4,6,1,7,90,1.612245
502,0,1,19,85,73,1,4,3,4,0.000000,0.000000,42,12,54,6,12,18,1,19,85,1.285714
503,0,1,4,67,64,0,2,3,3,0.000000,0.000000,48,2,58,1,5,6,1,4,67,1.208333
504,0,1,5,48,28,0,4,3,4,0.000000,0.000000,26,4,40,0,3,3,1,5,48,1.538462
505,0,1,6,41,330,0,5,3,4,0.000000,0.000000,28,5,32,0,3,3,1,6,41,1.142857
506,0,1,4,37,77,0,3,3,4,0.000000,0.000000,31,3,31,0,2,2,1,4,37,1.000000
507,0,1,1,19,3,0,0,3,-1,-1.000000,-1.000000,13,0,17,0,1,1,1,1,19,1.307692
508,0,1,1,67,97,0,0,3,-1,-1.000000,-1.000000,47,0,63,0,3,3,1,1,67,1.340426
509,0,1,9,54,6,0,7,3,4,0.000000,0.000000,24,7,42,1,3,4,1,9,54,1.750000
510,0,1,16,94,25,3,4,3,4,0.000000,0.000000,49,12,71,3,7,10,1,16,94,1.448980
511,0,1,2,59,68,1,1,3,3,0.000000,0.000000,49,1,55,0,2,2,1,2,59,1.122449
512,0,1,11,61,24,0,10,3,2,0.000000,0.000000,32,10,48,0,2,2,1,11,61,1.500000
513,0,1,2,55,292,0,1,3,3,0.000000,0.000000,45,1,51,0,2,2,1,2,55,1.133333
514,0,1,114,183,17,26,7,3,4,0.000000,0.000000,18,80,52,32,17,49,1,114,183,2.888889
515,0,1,8,87,4,4,6,3,4,0.000000,0.000000,35,6,63,1,16,17,1,8,87,1.800000
516,0,1,6,68,221,2,4,3,4,0.000000,0.000000,48,4,60,1,2,3,1,6,68,1.250000
517,0,1,3,37,2,1,10,3,4,0.000000,0.000000,24,2,30,0,4,4,1,3,37,1.250000
518,0,1,11,89,35,0,3,3,4,0.000000,0.000000,51,7,69,3,9,12,1,11,89,1.352941
519,0,1,4,29,12,0,3,3,4,0.000000,0.000000,20,3,22,0,3,3,1,4,29,1.100000
520,0,1,2,71,18,1,2,3,4,0.000000,0.000000,31,1,65,0,4,4,1,2,71,2.096774
521,0,1,8,60,63,1,5,3,4,0.000000,0.000000,38,7,46,0,6,6,1,8,60,1.210526
522,0,1,1,32,10,0,0,3,-1,-1.000000,-1.000000,31,0,31,0,0,0,1,1,32,1.000000
523,0,1,5,51,5,1,5,3,4,0.000000,0.000000,34,3,42,1,4,5,1,5,51,1.235294
524,0,1,3,86,0,0,2,3,3,0.000000,0.000000,62,2,78,0,5,5,1,3,86,1.258065
525,0,1,8,72,11,3,5,3,4,0.000000,0.000000,25,6,47,1,17,18,1,8,72,1.880000
526,0,1,10,33,23,0,9,3,2,0.000000,0.000000,15,9,21,0,2,2,1,10,33,1.400000
527,0,1,16,62,122,0,14,3,4,0.000000,0.000000,10,14,36,1,10,11,1,16,62,3.600000
528,0,1,14,70,21,1,4,3,4,0.000000,0.000000,23,10,39,3,17,20,1,14,70,1.695652
529,0,1,6,24,33,0,1,3,3,0.000000,0.000000,11,5,17,0,1,1,1,6,24,1.545455
530,0,1,11,49,19,0,10,3,2,0.000000,0.000000,26,10,38,0,0,0,1,11,49,1.461538
531,0,1,4,57,244,0,3,3,4,0.000000,0.000000,37,3,45,0,8,8,1,4,57,1.216216
532,0,1,4,38,113,0,3,3,4,0.000000,0.000000,23,3,27,0,7,7,1,4,38,1.173913
533,0,1,2,15,126,0,1,3,3,0.000000,0.000000,11,1,13,0,0,0,1,2,15,1.181818
534,0,1,4,45,27,0,3,3,4,0.000000,0.000000,37,3,39,0,2,2,1,4,45,1.054054
535,0,1,6,45,84,0,5,3,4,0.000000,0.000000,29,5,35,0,4,4,1,6,45,1.206897
536,0,1,1,22,185,0,0,3,-1,-1.000000,-1.000000,18,0,20,0,1,1,1,1,22,1.111111
537,0,1,3,66,57,0,2,3,3,0.000000,0.000000,39,2,53,0,10,10,1,3,66,1.358974
538,0,1,6,62,48,1,2,3,3,0.000000,0.000000,31,4,51,1,5,6,1,6,62,1.645161
539,0,1,4,36,1,0,3,3,4,0.000000,0.000000,24,3,30,0,2,2,1,4,36,1.250000
540,0,1,4,34,15,0,3,3,4,0.000000,0.000000,18,3,26,0,4,4,1,4,34,1.444444
541,0,2,16,97,325,4,5,3,4,0.000000,0.000000,32,9,74,5,7,12,2,16,97,2.312500
542,0,1,2,40,312,0,1,3,3,0.000000,0.000000,24,1,36,0,2,2,1,2,40,1.500000
543,0,1,1,37,473,0,0,3,-1,-1.000000,-1.000000,18,0,28,0,8,8,1,1,37,1.555556
544,0,1,4,51,341,2,3,3,4,0.000000,0.000000,34,3,42,0,5,5,1,4,51,1.235294
545,0,4,44,85,224,4,4,3,3,0.000000,0.000000,37,18,39,5,2,7,4,44,85,1.054054
546,0,1,47,84,438,0,6,3,4,0.000000,0.000000,20,9,28,1,9,10,1,47,84,1.400000
547,0,41,61,127,304,6,4,3,4,0.000000,3.000000,45,15,61,3,5,8,41,61,127,1.355556
548,0,1,90,137,456,10,2,3,3,0.000000,0.000000,42,29,46,3,1,4,1,90,137,1.095238
549,0,1,199,-1,464,104,4,3,4,0.000000,0.000000,42,148,48,42,3,45,1,199,-1,1.142857
550,0,56,64,72,429,0,7,3,4,0.000000,7.000000,8,7,8,1,0,1,56,64,72,1.000000
551,0,1,155,233,325,13,52,3,4,0.000000,0.000000,41,13,61,5,17,22,1,155,233,1.487805
552,0,1,31,112,484,10,2,3,4,0.000000,0.000000,52,17,78,3,3,6,1,31,112,1.500000
553,0,188,-1,-1,374,1,37,3,4,0.000000,7.000000,54,1,0,1,0,1,188,-1,-1,0.000000
554,0,43,138,178,210,55,11,3,2,8.000000,8.000000,27,61,33,23,7,30,43,138,178,1.222222
555,0,1,12,39,475,3,6,3,4,0.000000,0.000000,22,9,24,0,3,3,1,12,39,1.090909
556,0,-1,-1,-1,-1,0,-1,-1,-1,-1.000000,-1.000000,26,0,0,0,0,0,-1,-1,-1,0.000000
557,0,37,71,122,246,11,12,3,2,2.000000,4.000000,19,21,37,11,14,25,37,71,122,1.947368
558,0,37,67,101,249,18,16,3,2,1.000000,1.000000,29,19,31,11,3,14,37,67,101,1.068966
559,0,137,203,218,329,3,12,3,4,0.000000,6.000000,14,16,14,1,1,2,137,203,218,1.000000
560,0,188,-1,-1,349,0,35,3,4,8.000000,11.000000,51,1,0,0,0,0,188,-1,-1,0.000000
561,0,198,237,-1,392,13,11,3,4,0.000000,2.000000,38,22,13,5,0,5,198,237,-1,0.342105
562,0,5,7,45,462,0,7,3,3,4.000000,4.000000,26,1,32,0,6,6,5,7,45,1.230769
563,0,18,19,100,21,0,1,3,3,1.000000,1.000000,38,1,58,0,23,23,18,19,100,1.526316
564,0,39,66,76,272,16,16,3,2,3.000000,3.000000,8,22,10,3,0,3,39,66,76,1.250000
565,0,42,99,128,120,38,18,3,4,1.000000,12.000000,16,37,24,20,5,25,42,99,128,1.500000
566,0,8,14,63,417,1,4,3,4,4.000000,5.000000,34,3,42,1,7,8,8,14,63,1.235294
567,0,1,8,23,309,2,6,3,4,0.000000,0.000000,12,6,12,1,3,4,1,8,23,1.000000
568,0,1,33,54,424,5,9,3,2,0.000000,0.000000,19,28,19,4,2,6,1,33,54,1.000000
569,0,1,11,76,224,5,3,3,4,0.000000,0.000000,36,7,58,3,7,10,1,11,76,1.611111
570,0,188,-1,-1,207,0,16,3,4,0.000000,5.000000,52,1,0,0,0,0,188,-1,-1,0.000000
571,0,3,87,132,245,8,4,3,4,0.000000,1.000000,18,18,30,4,15,19,3,87,132,1.666667
572,0,1,22,56,386,1,2,3,3,0.000000,0.000000,20,8,28,2,6,8,1,22,56,1.400000
573,0,1,41,107,447,6,1,3,3,0.000000,0.000000,29,12,63,5,3,8,1,41,107,2.172414
574,0,56,125,204,165,46,18,3,4,4.000000,8.000000,47,37,73,23,6,29,56,125,204,1.553191
575,0,48,51,74,229,2,3,3,4,0.000000,0.000000,15,1,21,2,2,4,48,51,74,1.400000
576,0,21,51,128,159,9,2,3,3,0.000000,0.000000,45,26,61,4,16,20,21,51,128,1.355556
577,0,1,77,99,372,30,1,3,3,0.000000,0.000000,20,56,20,20,2,22,1,77,99,1.000000
578,0,145,193,213,68,25,18,3,2,0.000000,2.000000,18,25,20,6,0,6,145,193,213,1.111111
579,0,169,173,217,449,2,12,3,2,8.000000,8.000000,23,4,29,0,15,15,169,173,217,1.260870
580,0,1,1,29,388,0,0,3,-1,-1.000000,-1.000000,21,0,25,0,3,3,1,1,29,1.190476
581,0,1,2,60,390,0,1,3,3,0.000000,0.000000,46,1,54,0,4,4,1,2,60,1.173913
582,0,26,45,79,103,3,3,3,4,0.000000,8.000000,28,8,28,4,6,10,26,45,79,1.000000
583,0,6,110,161,464,47,4,3,4,0.000000,1.000000,41,76,47,16,4,20,6,110,161,1.146341
584,0,5,41,88,344,2,5,3,3,0.000000,0.000000,31,8,41,3,6,9,5,41,88,1.322581
585,0,1,2,16,407,1,3,3,4,0.000000,0.000000,12,1,14,0,0,0,1,2,16,1.166667
586,0,1,2,27,435,0,1,3,3,0.000000,0.000000,24,1,24,0,1,1,1,2,27,1.000000
587,0,1,9,52,488,1,6,3,4,0.000000,0.000000,24,4,34,2,9,11,1,9,52,1.416667
588,0,3,4,69,251,1,2,3,3,0.000000,0.000000,42,1,58,0,7,7,3,4,69,1.380952
589,0,1,17,79,453,2,11,3,4,0.000000,0.000000,23,10,57,2,5,7,1,17,79,2.478261
590,0,-1,-1,-1,-1,0,-1,-1,-1,-1.000000,-1.000000,9,0,0,0,0,0,-1,-1,-1,0.000000
591,0,1,157,171,346,6,54,3,4,0.000000,0.000000,11,9,13,6,1,7,1,157,171,1.181818
592,0,1,9,36,420,4,4,3,3,0.000000,0.000000,17,5,21,3,6,9,1,9,36,1.235294
593,0,40,58,128,473,4,15,3,2,2.000000,8.000000,19,7,47,4,23,27,40,58,128,2.473684
594,0,1,9,75,306,1,4,3,3,0.000000,0.000000,11,7,51,1,15,16,1,9,75,4.636364
595,0,42,45,145,304,0,3,3,4,0.000000,3.000000,40,3,76,0,24,24,42,45,145,1.900000
596,0,2,10,47,426,1,6,3,4,0.000000,0.000000,23,7,29,1,8,9,2,10,47,1.260870
597,0,145,199,226,0,30,17,3,2,1.000000,1.000000,25,26,27,11,0,11,145,199,226,1.080000
598,0,171,182,241,478,3,11,3,4,4.000000,7.000000,28,7,44,1,15,16,171,182,241,1.571429
599,0,189,207,-1,105,1,9,3,3,0.000000,1.000000,47,12,41,2,2,4,189,207,-1,0.872340
600,0,1,18,66,446,3,16,3,4,0.000000,0.000000,37,10,43,1,5,6,1,18,66,1.162162
601,0,205,-1,-1,32,9,18,3,3,1.000000,3.000000,37,14,0,0,0,0,205,-1,-1,0.000000
602,0,1,11,52,354,3,2,3,3,0.000000,0.000000,10,10,32,0,9,9,1,11,52,3.200000
603,0,1,7,57,319,1,8,3,4,0.000000,0.000000,29,5,35,1,15,16,1,7,57,1.206897
604,0,4,21,44,396,0,5,3,3,0.000000,0.000000,17,1,21,0,2,2,4,21,44,1.235294
605,0,162,201,-1,228,33,24,3,4,6.000000,16.000000,43,27,45,10,4,14,162,201,-1,1.046512
606,0,59,110,160,354,32,12,3,4,7.000000,11.000000,28,31,50,12,0,12,59,110,160,1.785714
607,0,1,7,47,400,2,1,3,3,0.000000,0.000000,14,2,32,2,8,10,1,7,47,2.285714
608,0,35,37,98,191,0,2,3,3,0.000000,2.000000,32,2,46,0,15,15,35,37,98,1.437500
609,0,21,23,86,65,1,10,3,2,7.000000,7.000000,46,1,60,1,3,4,21,23,86,1.304348
610,0,14,86,124,432,33,4,3,4,8.000000,8.000000,22,44,34,12,4,16,14,86,124,1.545455
611,0,1,5,38,378,3,4,3,4,0.000000,0.000000,14,4,20,0,13,13,1,5,38,1.428571
612,0,4,48,116,300,9,6,3,4,1.000000,2.000000,45,28,65,2,3,5,4,48,116,1.444444
613,0,3,5,32,441,2,10,3,2,1.000000,1.000000,15,2,25,0,2,2,3,5,32,1.666667
614,0,1,2,33,449,0,1,3,3,0.000000,0.000000,27,1,29,0,2,2,1,2,33,1.074074
615,0,4,32,82,327,1,1,3,3,0.000000,1.000000,36,10,48,0,2,2,4,32,82,1.333333
616,0,21,65,116,373,26,11,3,2,4.000000,4.000000,16,32,42,12,9,21,21,65,116,2.625000
617,0,205,-1,-1,85,7,28,3,4,1.000000,4.000000,29,10,0,1,0,1,205,-1,-1,0.000000
618,0,29,32,111,208,0,3,3,4,0.000000,0.000000,28,1,54,0,25,25,29,32,111,1.928571
619,0,3,73,134,485,15,4,3,4,0.000000,0.000000,46,30,56,8,5,13,3,73,134,1.217391
620,0,30,51,77,270,1,10,3,2,16.000000,16.000000,9,9,21,0,5,5,30,51,77,2.333333
621,0,205,-1,-1,84,4,21,3,4,1.000000,9.000000,35,9,0,1,0,1,205,-1,-1,0.000000
622,0,43,69,128,450,16,18,3,2,8.000000,9.000000,16,16,34,7,25,32,43,69,128,2.125000
623,0,1,9,67,344,1,3,3,4,0.000000,0.000000,40,5,50,3,8,11,1,9,67,1.250000
624,0,1,12,44,425,2,4,3,4,0.000000,0.000000,21,8,29,0,3,3,1,12,44,1.380952
625,0,1,10,29,413,4,9,3,2,0.000000,0.000000,15,8,17,1,2,3,1,10,29,1.133333
626,0,1,1,18,436,0,0,3,-1,-1.000000,-1.000000,14,0,16,0,1,1,1,1,18,1.142857
627,0,-1,-1,-1,-1,0,-1,-1,-1,-1.000000,-1.000000,40,0,0,0,0,0,-1,-1,-1,0.000000
628,0,7,52,121,464,10,3,3,4,0.000000,0.000000,29,19,51,4,18,22,7,52,121,1.758621
629,0,13,79,160,446,26,4,3,4,0.000000,12.000000,17,43,59,19,22,41,13,79,160,3.470588
630,0,1,1,35,384,0,0,3,-1,-1.000000,-1.000000,26,0,30,0,4,4,1,1,35,1.153846
631,0,1,2,50,465,0,1,3,3,0.000000,0.000000,31,1,39,0,9,9,1,2,50,1.258065
632,0,40,59,118,311,1,4,3,3,0.000000,7.000000,25,15,37,1,22,23,40,59,118,1.480000
633,0,1,2,45,392,1,7,3,4,0.000000,0.000000,34,1,40,0,3,3,1,2,45,1.176471
634,0,190,214,225,39,0,11,3,4,2.000000,6.000000,10,8,10,0,1,1,190,214,225,1.000000
635,0,24,56,137,373,23,8,3,4,10.000000,14.000000,31,24,63,8,18,26,24,56,137,2.032258
636,0,1,2,51,416,0,1,3,3,0.000000,0.000000,39,1,43,0,6,6,1,2,51,1.102564
637,0,224,231,-1,308,0,6,3,4,2.000000,6.000000,37,6,15,1,4,5,224,231,-1,0.405405
638,0,42,62,93,62,5,41,3,2,0.000000,5.000000,17,7,25,8,6,14,42,62,93,1.470588
639,0,28,181,-1,278,92,11,3,4,2.000000,11.000000,46,118,68,34,1,35,28,181,-1,1.478261
640,0,172,206,-1,456,10,16,3,2,6.000000,6.000000,31,20,37,6,7,13,172,206,-1,1.193548
641,0,49,75,86,229,10,2,3,4,0.000000,0.000000,10,7,10,10,1,11,49,75,86,1.000000
642,0,10,12,76,233,1,3,3,4,0.000000,1.000000,57,2,61,0,3,3,10,12,76,1.070175
643,0,1,17,39,463,4,11,3,4,0.000000,0.000000,7,14,17,2,5,7,1,17,39,2.428571
644,0,188,-1,-1,32,0,26,3,2,1.000000,1.000000,32,0,0,1,0,1,188,-1,-1,0.000000
645,0,42,60,100,303,5,3,3,4,0.000000,2.000000,21,11,25,6,15,21,42,60,100,1.190476
646,0,205,-1,-1,65,4,10,3,4,0.000000,1.000000,58,8,0,2,0,2,205,-1,-1,0.000000
647,0,247,-1,-1,59,1,8,3,3,5.000000,5.000000,51,3,0,0,0,0,247,-1,-1,0.000000
648,0,1,8,27,396,3,6,3,4,0.000000,0.000000,11,7,11,0,8,8,1,8,27,1.000000
649,0,178,190,-1,71,3,20,3,2,1.000000,2.000000,51,4,56,1,4,5,178,190,-1,1.098039
650,0,1,11,85,493,0,3,3,4,0.000000,0.000000,32,2,58,1,16,17,1,11,85,1.812500
651,0,1,1,33,377,0,0,3,-1,-1.000000,-1.000000,27,0,31,0,1,1,1,1,33,1.148148
652,0,162,200,229,196,32,31,3,4,1.000000,8.000000,25,26,29,9,0,9,162,200,229,1.160000
653,0,1,26,83,364,9,7,3,3,0.000000,0.000000,21,22,35,3,22,25,1,26,83,1.666667
654,0,1,3,24,445,1,3,3,4,0.000000,0.000000,15,0,19,2,2,4,1,3,24,1.266667
655,0,4,7,46,441,1,9,3,2,1.000000,1.000000,20,3,30,0,9,9,4,7,46,1.500000
656,0,42,47,109,384,2,17,3,2,7.000000,8.000000,50,4,62,1,0,1,42,47,109,1.240000
657,0,1,235,-1,426,32,53,3,4,0.000000,0.000000,50,39,15,13,0,13,1,235,-1,0.300000
658,0,10,10,90,147,0,0,3,-1,-1.000000,-1.000000,61,0,77,0,3,3,10,10,90,1.262295
659,0,3,21,100,405,1,3,3,4,0.000000,0.000000,29,9,61,2,18,20,3,21,100,2.103448
660,0,4,67,129,485,9,3,3,4,0.000000,0.000000,49,13,61,8,1,9,4,67,129,1.244898
661,0,41,64,102,443,4,9,3,2,7.000000,7.000000,36,9,38,3,0,3,41,64,102,1.055556
662,0,23,27,88,65,1,11,3,2,4.000000,5.000000,36,4,54,0,7,7,23,27,88,1.500000
663,0,162,206,223,406,32,25,3,2,5.000000,5.000000,14,30,16,8,1,9,162,206,223,1.142857
664,0,52,58,89,480,0,6,3,4,0.000000,10.000000,18,6,22,0,9,9,52,58,89,1.222222
665,0,205,-1,-1,419,2,26,3,2,0.000000,0.000000,29,6,0,2,0,2,205,-1,-1,0.000000
666,0,1,7,86,428,3,3,3,4,0.000000,0.000000,45,6,75,0,4,4,1,7,86,1.666667
667,0,41,62,132,440,1,10,3,2,5.000000,5.000000,35,7,59,0,11,11,41,62,132,1.685714
668,0,54,59,80,312,3,11,3,4,4.000000,11.000000,16,4,18,1,3,4,54,59,80,1.125000
669,0,1,3,43,367,1,3,3,4,0.000000,0.000000,25,2,31,0,9,9,1,3,43,1.240000
670,0,1,7,31,454,0,1,3,3,0.000000,0.000000,22,2,24,3,0,3,1,7,31,1.090909
671,0,163,205,-1,436,32,9,3,4,0.000000,4.000000,50,29,44,6,1,7,163,205,-1,0.880000
672,0,1,16,66,497,2,14,3,4,0.000000,0.000000,42,10,48,1,2,3,1,16,66,1.142857
673,0,10,18,87,417,1,2,3,3,0.000000,0.000000,24,4,46,1,23,24,10,18,87,1.916667
674,0,28,31,105,93,0,1,3,3,0.000000,0.000000,40,1,70,0,4,4,28,31,105,1.750000
675,0,24,47,76,65,3,12,3,4,2.000000,14.000000,16,14,26,0,3,3,24,47,76,1.625000
676,0,44,143,195,384,64,9,3,2,8.000000,8.000000,24,59,42,35,10,45,44,143,195,1.750000
677,0,-1,-1,-1,-1,0,-1,-1,-1,-1.000000,-1.000000,55,0,0,0,0,0,-1,-1,-1,0.000000
678,0,10,42,58,419,0,6,3,4,5.000000,8.000000,15,9,15,3,1,4,10,42,58,1.000000
679,0,1,7,94,366,0,4,3,4,0.000000,0.000000,47,4,83,2,4,6,1,7,94,1.765957
680,0,2,18,121,497,0,13,3,2,0.000000,0.000000,24,1,98,0,5,5,2,18,121,4.083333
681,0,32,68,139,290,19,19,3,4,3.000000,12.000000,35,29,65,7,6,13,32,68,139,1.857143
682,0,34,54,127,65,3,10,3,2,1.000000,1.000000,58,14,72,0,1,1,34,54,127,1.241379
683,0,24,24,74,256,0,0,3,-1,-1.000000,-1.000000,17,0,35,0,15,15,24,24,74,2.058824
684,0,32,38,110,278,4,15,3,4,2.000000,7.000000,47,5,71,1,1,2,32,38,110,1.510638
685,0,30,61,153,73,14,1,3,3,0.000000,0.000000,28,26,66,3,26,29,30,61,153,2.357143
686,0,1,3,36,440,2,2,3,4,0.000000,0.000000,27,2,29,0,4,4,1,3,36,1.074074
687,0,180,226,-1,330,3,7,3,4,6.000000,8.000000,28,11,23,1,1,2,180,226,-1,0.821429
688,0,1,10,51,415,3,9,3,4,0.000000,0.000000,34,5,40,4,1,5,1,10,51,1.176471
689,0,1,13,60,422,5,2,3,4,0.000000,0.000000,25,10,39,2,8,10,1,13,60,1.560000
690,0,3,4,17,483,0,1,3,3,0.000000,0.000000,9,1,11,0,2,2,3,4,17,1.222222
691,0,25,26,97,282,0,1,3,3,0.000000,1.000000,41,1,63,0,8,8,25,26,97,1.536585
692,0,1,28,76,450,0,2,3,4,0.000000,0.000000,45,5,47,0,1,1,1,28,76,1.044444
693,0,34,60,93,201,16,33,3,2,0.000000,18.000000,21,20,29,6,4,10,34,60,93,1.380952
694,0,4,27,98,383,0,1,3,3,0.000000,1.000000,40,0,56,1,15,16,4,27,98,1.400000
695,0,1,9,37,474,2,4,3,3,0.000000,0.000000,24,5,26,2,2,4,1,9,37,1.083333
696,0,5,15,99,474,0,4,3,4,0.000000,1.000000,24,7,74,1,10,11,5,15,99,3.083333
697,0,44,66,141,426,6,10,3,2,8.000000,8.000000,46,20,72,2,3,5,44,66,141,1.565217
698,0,35,85,158,302,28,45,3,2,0.000000,1.000000,48,31,72,19,1,20,35,85,158,1.500000
699,0,42,90,152,440,13,14,3,4,8.000000,12.000000,40,27,60,11,2,13,42,90,152,1.500000
700,0,1,26,58,460,5,17,3,2,0.000000,0.000000,14,18,22,1,10,11,1,26,58,1.571429
701,0,45,48,95,477,3,12,3,4,5.000000,12.000000,20,3,32,0,15,15,45,48,95,1.600000
702,0,46,58,99,60,2,2,3,3,0.000000,0.000000,30,11,40,1,1,2,46,58,99,1.333333
703,0,27,39,100,65,2,9,3,4,9.000000,13.000000,30,5,52,4,9,13,27,39,100,1.733333
704,0,1,47,93,398,10,11,3,2,0.000000,0.000000,34,17,40,7,6,13,1,47,93,1.176471
705,0,-1,-1,-1,-1,0,-1,-1,-1,-1.000000,-1.000000,25,0,0,0,0,0,-1,-1,-1,0.000000
706,0,64,134,157,340,48,15,3,2,5.000000,6.000000,19,49,23,21,0,21,64,134,157,1.210526
707,0,3,123,169,419,21,11,3,4,2.000000,3.000000,22,40,32,7,14,21,3,123,169,1.454545
708,0,37,64,83,290,16,18,3,2,1.000000,3.000000,13,22,17,5,2,7,37,64,83,1.307692
709,0,46,61,142,477,2,11,3,2,1.000000,1.000000,39,13,59,1,22,23,46,61,142,1.512821
710,0,178,-1,-1,80,5,29,3,4,4.000000,11.000000,23,7,0,3,0,3,178,-1,-1,0.000000
711,0,37,102,131,278,44,18,3,4,2.000000,15.000000,21,56,23,9,6,15,37,102,131,1.095238
712,0,23,24,105,69,0,1,3,3,0.000000,1.000000,26,1,50,0,31,31,23,24,105,1.923077
713,0,3,3,20,456,0,0,3,-1,-1.000000,-1.000000,16,0,16,0,1,1,3,3,20,1.000000
714,0,28,43,104,39,5,11,3,4,12.000000,17.000000,21,13,53,2,8,10,28,43,104,2.523810
715,0,1,6,89,394,0,4,3,4,0.000000,0.000000,52,4,76,1,7,8,1,6,89,1.461538
716,0,43,99,117,426,19,46,3,4,0.000000,13.000000,11,26,17,15,1,16,43,99,117,1.545455
717,0,1,66,90,451,11,6,3,4,0.000000,0.000000,18,26,24,8,0,8,1,66,90,1.333333
718,0,31,81,137,270,18,9,3,4,18.000000,19.000000,29,25,45,13,11,24,31,81,137,1.551724
719,0,178,-1,-1,61,2,19,3,2,4.000000,5.000000,29,6,0,0,0,0,178,-1,-1,0.000000
720,0,33,145,167,9,80,5,3,4,0.000000,17.000000,15,71,19,41,3,44,33,145,167,1.266667
721,0,55,75,148,79,6,19,3,4,10.000000,18.000000,38,11,48,3,25,28,55,75,148,1.263158
722,0,51,102,113,387,17,16,3,2,3.000000,3.000000,11,27,11,8,0,8,51,102,113,1.000000
723,0,29,44,108,39,2,12,3,2,11.000000,11.000000,46,12,60,3,4,7,29,44,108,1.304348
724,0,1,12,46,409,0,9,3,2,0.000000,0.000000,22,11,26,0,8,8,1,12,46,1.181818
725,0,1,3,63,472,0,2,3,3,0.000000,0.000000,47,2,55,0,5,5,1,3,63,1.170213
726,0,60,103,168,465,22,18,3,4,2.000000,8.000000,17,18,57,13,8,21,60,103,168,3.352941
727,0,62,120,173,354,29,12,3,4,8.000000,13.000000,13,29,43,15,10,25,62,120,173,3.307692
728,0,46,70,108,255,17,16,3,2,7.000000,8.000000,37,12,37,10,1,11,46,70,108,1.000000
729,0,28,84,120,283,25,4,3,4,8.000000,9.000000,34,40,34,14,2,16,28,84,120,1.000000
730,0,1,53,134,479,5,1,3,3,0.000000,0.000000,49,19,79,5,2,7,1,53,134,1.612245
731,0,248,-1,-1,59,0,9,3,4,4.000000,6.000000,22,1,0,0,0,0,248,-1,-1,0.000000
732,0,1,52,106,482,7,1,3,3,0.000000,0.000000,42,12,52,7,2,9,1,52,106,1.238095
733,0,1,57,97,481,18,4,3,4,0.000000,0.000000,39,29,39,10,1,11,1,57,97,1.000000
734,0,68,96,128,70,18,16,3,4,2.000000,16.000000,28,13,32,15,0,15,68,96,128,1.142857
735,0,46,75,124,98,18,14,3,2,5.000000,5.000000,16,22,32,5,17,22,46,75,124,2.000000
736,0,1,15,113,486,0,10,3,2,0.000000,0.000000,43,12,79,2,19,21,1,15,113,1.837209
737,0,1,233,-1,476,26,6,3,4,0.000000,0.000000,32,36,16,9,1,10,1,233,-1,0.500000
738,0,29,73,157,65,1,9,3,4,8.000000,16.000000,25,12,57,1,27,28,29,73,157,2.280000
739,0,25,57,128,336,14,10,3,2,11.000000,11.000000,28,26,50,6,21,27,25,57,128,1.785714
740,0,1,240,-1,487,30,2,3,3,0.000000,0.000000,23,37,10,9,0,9,1,240,-1,0.434783
741,0,38,62,129,388,14,14,3,2,0.000000,0.000000,44,21,66,3,1,4,38,62,129,1.500000
742,0,1,59,78,490,16,7,3,3,0.000000,0.000000,17,21,17,11,2,13,1,59,78,1.000000
743,0,65,128,181,450,31,14,3,2,4.000000,5.000000,20,30,44,16,9,25,65,128,181,2.200000
744,0,57,119,197,317,22,12,3,2,1.000000,1.000000,35,28,43,11,35,46,57,119,197,1.228571
745,0,30,54,82,283,5,3,3,4,9.000000,10.000000,23,19,25,3,3,6,30,54,82,1.086957
746,0,163,208,231,358,33,23,3,2,1.000000,1.000000,16,26,18,11,5,16,163,208,231,1.125000
747,0,1,4,47,439,0,3,3,4,0.000000,0.000000,37,3,39,0,4,4,1,4,47,1.054054
748,0,1,12,88,478,0,2,3,3,0.000000,0.000000,39,8,57,1,19,20,1,12,88,1.461538
749,0,86,139,207,345,42,19,3,4,9.000000,13.000000,41,40,63,11,5,16,86,139,207,1.536585
750,10,56,84,140,112,6,8,3,4,7.000000,8.000000,51,23,53,3,3,6,46,74,130,1.039216
751,14,38,46,140,290,4,17,3,2,1.000000,2.000000,38,8,80,0,14,14,24,32,126,2.105263
752,15,50,134,188,440,34,15,3,2,10.000000,10.000000,45,52,53,12,1,13,35,119,173,1.177778
753,15,188,-1,-1,52,0,19,3,4,0.000000,5.000000,28,1,0,0,0,0,173,-1,-1,0.000000
754,16,205,-1,-1,80,3,37,3,2,2.000000,3.000000,63,5,0,2,0,2,189,-1,-1,0.000000
755,16,26,61,144,62,12,9,3,2,8.000000,8.000000,36,25,70,7,13,20,10,45,128,1.944444
756,16,27,32,88,456,1,8,3,4,2.000000,9.000000,46,5,50,0,6,6,11,16,72,1.086957
757,17,216,-1,-1,134,0,16,3,4,5.000000,5.000000,21,3,0,0,0,0,199,-1,-1,0.000000
758,17,34,46,75,9,6,4,3,4,0.000000,11.000000,19,5,27,6,2,8,17,29,58,1.421053
759,18,33,33,74,73,0,0,3,-1,-1.000000,-1.000000,24,0,36,0,5,5,15,15,56,1.500000
760,18,188,-1,-1,260,0,21,3,4,3.000000,7.000000,48,1,0,0,0,0,170,-1,-1,0.000000
761,18,46,83,139,384,15,11,3,4,0.000000,14.000000,33,20,45,12,11,23,28,65,121,1.363636
762,18,31,46,86,336,8,10,3,2,6.000000,6.000000,16,7,36,8,4,12,13,28,68,2.250000
763,18,55,94,174,408,11,19,3,2,7.000000,7.000000,48,15,74,4,6,10,37,76,156,1.541667
764,19,38,88,143,278,35,17,3,2,0.000000,2.000000,37,38,47,12,8,20,19,69,124,1.270270
765,19,33,103,192,201,44,23,3,2,3.000000,5.000000,41,49,77,17,12,29,14,84,173,1.878049
766,19,33,56,83,31,14,5,3,4,0.000000,13.000000,22,15,26,7,1,8,14,37,64,1.181818
767,20,-1,-1,-1,-1,0,-1,-1,-1,-1.000000,-1.000000,42,0,0,0,0,0,-1,-1,-1,0.000000
768,20,214,229,-1,216,1,23,3,2,3.000000,4.000000,25,6,18,2,3,5,194,209,-1,0.720000
769,20,46,97,146,435,30,15,3,4,8.000000,17.000000,24,32,46,17,3,20,26,77,126,1.916667
770,20,23,24,92,433,0,1,3,3,0.000000,2.000000,51,1,65,0,3,3,3,4,72,1.274510
771,20,54,87,147,28,21,9,3,2,3.000000,4.000000,21,21,45,12,15,27,34,67,127,2.142857
772,21,45,50,122,426,1,11,3,2,8.000000,8.000000,25,5,43,0,29,29,24,29,101,1.720000
773,22,48,58,119,426,3,12,3,4,0.000000,17.000000,44,2,54,4,7,11,26,36,97,1.227273
774,22,219,-1,-1,488,0,26,3,2,5.000000,5.000000,54,1,0,0,0,0,197,-1,-1,0.000000
775,22,47,97,151,384,32,11,3,4,0.000000,13.000000,44,30,50,15,4,19,25,75,129,1.136364
776,22,38,90,131,352,37,50,3,4,0.000000,4.000000,26,42,28,10,13,23,16,68,109,1.076923
777,23,69,111,191,64,31,13,3,2,5.000000,5.000000,37,25,75,17,5,22,46,88,168,2.027027
778,23,35,43,57,31,2,4,3,4,0.000000,14.000000,11,4,11,3,3,6,12,20,34,1.000000
779,23,141,234,-1,478,25,26,3,2,2.000000,2.000000,28,27,16,9,0,9,118,211,-1,0.571429
780,23,63,240,-1,274,130,15,3,2,8.000000,8.000000,30,126,9,32,1,33,40,217,-1,0.300000
781,23,39,115,177,266,51,12,3,2,3.000000,4.000000,36,50,56,23,6,29,16,92,154,1.555556
782,23,40,69,94,382,17,44,3,2,1.000000,2.000000,21,22,25,7,0,7,17,46,71,1.190476
783,24,27,37,51,62,2,10,3,2,8.000000,8.000000,11,8,13,2,1,3,3,13,27,1.181818
784,24,55,85,129,116,0,8,3,4,0.000000,6.000000,23,5,31,0,13,13,31,61,105,1.347826
785,24,25,30,71,104,1,9,3,2,1.000000,4.000000,21,4,33,1,8,9,1,6,47,1.571429
786,24,36,36,72,456,0,0,3,-1,-1.000000,-1.000000,28,0,34,0,2,2,12,12,48,1.214286
787,24,40,47,106,408,5,16,3,2,2.000000,2.000000,43,6,55,1,4,5,16,23,82,1.279070
788,24,-1,-1,-1,-1,0,-1,-1,-1,-1.000000,-1.000000,47,0,0,0,0,0,-1,-1,-1,0.000000
789,24,37,81,136,326,23,10,3,4,1.000000,15.000000,32,29,50,14,5,19,13,57,112,1.562500
790,24,32,123,153,336,59,11,3,4,1.000000,12.000000,21,62,25,28,5,33,8,99,129,1.190476
791,24,38,61,97,1,17,11,3,4,3.000000,17.000000,22,16,32,7,4,11,14,37,73,1.454545
792,25,70,92,176,245,18,13,3,4,6.000000,12.000000,25,11,67,11,17,28,45,67,151,2.680000
793,25,214,238,-1,219,1,22,3,4,1.000000,2.000000,36,8,12,0,0,0,189,213,-1,0.333333
794,25,70,121,210,236,38,15,3,2,3.000000,3.000000,41,32,83,19,6,25,45,96,185,2.024390
795,25,214,241,-1,301,1,25,3,2,1.000000,1.000000,45,11,8,0,1,1,189,216,-1,0.177778
796,25,26,77,160,386,26,4,3,4,0.000000,13.000000,21,30,67,16,16,32,1,52,135,3.190476
797,25,39,46,92,120,4,13,3,2,3.000000,4.000000,30,6,40,1,6,7,14,21,67,1.333333
798,26,27,31,62,374,0,3,3,4,0.000000,10.000000,23,3,27,1,4,5,1,5,36,1.173913
799,26,47,82,134,382,18,14,3,4,2.000000,11.000000,40,15,48,12,4,16,21,56,108,1.200000
800,26,49,67,144,435,12,15,3,4,4.000000,10.000000,25,10,65,8,12,20,23,41,118,2.600000
801,26,29,30,61,386,0,1,3,3,0.000000,0.000000,14,1,20,0,11,11,3,4,35,1.428571
802,27,-1,-1,-1,-1,0,-1,-1,-1,-1.000000,-1.000000,23,0,0,0,0,0,-1,-1,-1,0.000000
803,27,-1,-1,-1,-1,0,-1,-1,-1,-1.000000,-1.000000,59,0,0,0,0,0,-1,-1,-1,0.000000
804,27,54,89,150,232,22,10,3,2,3.000000,5.000000,24,28,46,7,15,22,27,62,123,1.916667
805,27,90,123,212,155,31,18,3,2,10.000000,10.000000,41,20,71,13,18,31,63,96,185,1.731707
806,27,55,74,92,283,1,13,3,2,6.000000,6.000000,15,6,17,2,1,3,28,47,65,1.133333
807,27,56,58,122,19,0,2,3,3,0.000000,0.000000,49,2,59,0,5,5,29,31,95,1.204082
808,28,56,246,-1,188,55,11,3,4,2.000000,13.000000,25,123,4,36,0,36,28,218,-1,0.160000
809,28,37,44,79,270,2,12,3,4,7.000000,13.000000,29,5,33,1,2,3,9,16,51,1.137931
810,28,33,97,173,336,37,12,3,2,1.000000,6.000000,16,40,58,18,18,36,5,69,145,3.625000
811,28,-1,-1,-1,-1,0,-1,-1,-1,-1.000000,-1.000000,47,0,0,0,0,0,-1,-1,-1,0.000000
812,28,42,95,134,408,35,17,3,2,3.000000,4.000000,21,36,33,16,6,22,14,67,106,1.571429
813,29,39,46,64,326,6,10,3,4,1.000000,14.000000,13,5,15,2,3,5,10,17,35,1.153846
814,29,68,79,154,391,5,6,3,4,0.000000,8.000000,33,10,57,1,18,19,39,50,125,1.727273
815,29,70,100,176,340,23,14,3,2,4.000000,4.000000,30,18,54,12,22,34,41,71,147,1.800000
816,29,87,99,179,92,4,10,3,4,1.000000,7.000000,32,10,54,1,26,27,58,70,150,1.687500
817,29,70,89,164,268,6,6,3,4,0.000000,8.000000,26,13,52,1,23,24,41,60,135,2.000000
818,29,37,106,198,31,44,6,3,4,0.000000,13.000000,27,41,71,20,21,41,8,77,169,2.629630
819,29,-1,-1,-1,-1,0,-1,-1,-1,-1.000000,-1.000000,18,0,0,0,0,0,-1,-1,-1,0.000000
820,29,214,242,-1,497,0,12,3,4,2.000000,8.000000,43,6,5,1,3,4,185,213,-1,0.116279
821,30,45,138,209,408,66,16,3,2,5.000000,5.000000,36,61,58,28,13,41,15,108,179,1.611111
822,30,39,142,213,214,81,8,3,2,9.000000,9.000000,53,78,71,25,0,25,9,112,183,1.339623
823,30,49,133,192,499,50,16,3,2,6.000000,6.000000,18,53,46,28,13,41,19,103,162,2.555556
824,31,33,77,120,283,14,6,3,3,9.000000,10.000000,26,19,30,12,13,25,2,46,89,1.153846
825,31,70,131,158,155,50,12,3,2,9.000000,9.000000,15,38,25,23,2,25,39,100,127,1.666667
826,31,-1,-1,-1,-1,0,-1,-1,-1,-1.000000,-1.000000,43,0,0,0,0,0,-1,-1,-1,0.000000
827,31,49,146,216,349,66,18,3,4,2.000000,14.000000,37,57,55,29,15,44,18,115,185,1.486486
828,31,32,191,218,201,144,21,3,4,5.000000,24.000000,24,116,26,43,1,44,1,160,187,1.083333
829,31,39,52,114,493,2,11,3,2,5.000000,6.000000,16,8,46,1,16,17,8,21,83,2.875000
830,32,35,35,53,283,0,0,3,-1,-1.000000,-1.000000,16,0,18,0,0,0,3,3,21,1.125000
831,32,33,126,189,450,68,11,3,2,3.000000,3.000000,44,56,58,34,5,39,1,94,157,1.318182
832,32,71,104,168,10,27,20,3,4,7.000000,13.000000,25,18,43,14,21,35,39,72,136,1.720000
833,32,41,151,219,471,89,10,3,2,6.000000,6.000000,34,79,54,31,14,45,9,119,187,1.588235
834,32,163,220,230,473,39,30,3,2,4.000000,5.000000,10,38,10,11,0,11,131,188,198,1.000000
835,32,41,90,110,326,28,8,3,2,8.000000,8.000000,17,27,17,20,3,23,9,58,78,1.000000
836,32,44,61,89,378,13,18,3,2,4.000000,4.000000,15,12,21,5,7,12,12,29,57,1.400000
837,32,45,50,75,493,3,19,3,2,5.000000,5.000000,18,5,20,0,5,5,13,18,43,1.111111
838,33,36,111,168,336,42,10,3,2,3.000000,4.000000,30,36,46,29,11,40,3,78,135,1.533333
839,33,91,105,187,229,14,19,3,4,5.000000,11.000000,29,7,65,7,17,24,58,72,154,2.241379
840,33,-1,-1,-1,-1,0,-1,-1,-1,-1.000000,-1.000000,21,0,0,0,0,0,-1,-1,-1,0.000000
841,33,46,70,81,471,14,11,3,2,3.000000,3.000000,8,18,10,5,1,6,13,37,48,1.250000
842,33,40,102,141,120,44,14,3,4,11.000000,18.000000,33,36,39,18,0,18,7,69,108,1.181818
843,34,63,100,134,188,7,9,3,2,4.000000,4.000000,21,16,31,2,3,5,29,66,100,1.476190
844,34,51,172,228,389,76,12,3,2,2.000000,4.000000,30,72,56,48,0,48,17,138,194,1.866667
845,34,63,158,173,408,54,22,3,2,10.000000,10.000000,13,51,15,17,0,17,29,124,139,1.153846
846,34,59,82,121,482,1,22,3,2,4.000000,4.000000,17,6,29,1,10,11,25,48,87,1.705882
847,34,49,146,208,336,63,8,3,4,6.000000,11.000000,21,63,47,34,15,49,15,112,174,2.238095
848,34,70,76,98,391,1,4,3,4,0.000000,4.000000,15,3,15,2,7,9,36,42,64,1.000000
849,34,58,79,137,365,6,19,3,2,1.000000,2.000000,38,10,52,1,6,7,24,45,103,1.368421
850,35,36,101,179,352,55,8,3,4,0.000000,3.000000,30,44,66,21,12,33,1,66,144,2.200000
851,35,214,245,-1,304,2,28,3,2,1.000000,1.000000,50,7,5,2,0,2,179,210,-1,0.100000
852,35,55,84,143,426,1,12,3,4,6.000000,9.000000,43,6,59,1,0,1,20,49,108,1.372093
853,35,39,68,93,1,19,11,3,4,3.000000,15.000000,11,14,19,15,6,21,4,33,58,1.727273
854,35,43,65,98,1,11,12,3,4,3.000000,13.000000,25,12,33,4,0,4,8,30,63,1.320000
855,36,44,119,186,266,49,12,3,2,4.000000,5.000000,25,48,61,20,6,26,8,83,150,2.440000
856,36,47,99,177,266,39,12,3,2,4.000000,5.000000,31,30,71,16,7,23,11,63,141,2.290323
857,36,87,223,-1,336,44,6,3,4,0.000000,7.000000,24,65,24,20,3,23,51,187,-1,1.000000
858,36,41,63,141,62,7,14,3,2,5.000000,5.000000,29,18,55,0,23,23,5,27,105,1.896552
859,36,45,72,93,1,17,11,3,2,4.000000,4.000000,13,9,17,11,4,15,9,36,57,1.307692
860,36,173,213,244,245,38,32,3,2,3.000000,4.000000,22,31,30,9,1,10,137,177,208,1.363636
861,36,62,81,125,62,2,16,3,4,1.000000,8.000000,39,2,41,2,3,5,26,45,89,1.051282
862,36,48,87,112,165,24,15,3,4,4.000000,12.000000,14,23,22,8,3,11,12,51,76,1.571429
863,36,61,116,134,18,29,14,3,4,6.000000,14.000000,16,30,18,17,0,17,25,80,98,1.125000
864,36,214,-1,-1,234,2,13,3,4,0.000000,5.000000,43,5,0,1,0,1,178,-1,-1,0.000000
865,37,46,-1,-1,493,148,20,3,4,2.000000,14.000000,50,150,0,51,0,51,9,-1,-1,0.000000
866,37,95,174,215,167,21,5,3,3,0.000000,1.000000,29,38,33,3,8,11,58,137,178,1.137931
867,37,65,127,153,266,32,16,3,2,2.000000,3.000000,24,28,26,15,0,15,28,90,116,1.083333
868,37,-1,-1,-1,-1,0,-1,-1,-1,-1.000000,-1.000000,61,0,0,0,0,0,-1,-1,-1,0.000000
869,37,76,109,142,390,4,15,3,2,0.000000,0.000000,21,10,27,2,6,8,39,72,105,1.285714
870,37,40,123,165,117,53,47,3,2,1.000000,4.000000,34,61,42,21,0,21,3,86,128,1.235294
871,37,78,102,153,418,6,9,3,2,3.000000,3.000000,34,16,44,3,7,10,41,65,116,1.294118
872,37,84,85,111,44,1,52,3,4,4.000000,7.000000,20,1,24,0,2,2,47,48,74,1.200000
873,37,42,115,136,326,40,9,3,2,9.000000,10.000000,20,44,20,23,1,24,5,78,99,1.000000
874,38,43,66,109,326,9,10,3,4,4.000000,13.000000,19,9,31,6,12,18,5,28,71,1.631579
875,38,39,62,94,423,11,8,3,3,7.000000,7.000000,11,14,31,9,1,10,1,24,56,2.818182
876,38,84,130,190,106,16,46,3,4,1.000000,10.000000,45,20,55,4,5,9,46,92,152,1.222222
877,38,40,142,214,423,62,8,3,3,7.000000,7.000000,19,69,59,32,13,45,2,104,176,3.105263
878,38,91,143,153,151,49,20,3,2,5.000000,5.000000,9,39,9,13,1,14,53,105,115,1.000000
879,38,58,58,117,406,0,0,3,-1,-1.000000,-1.000000,25,0,45,0,14,14,20,20,79,1.800000
880,38,39,238,-1,302,171,5,3,4,0.000000,3.000000,42,137,11,62,1,63,1,200,-1,0.261905
881,38,61,139,215,349,43,16,3,2,1.000000,1.000000,47,40,65,25,11,36,23,101,177,1.382979
882,38,58,88,134,27,20,8,3,2,8.000000,8.000000,34,19,44,11,2,13,20,50,96,1.294118
883,38,59,75,133,27,9,7,3,4,5.000000,9.000000,37,12,55,4,3,7,21,37,95,1.486486
884,39,135,148,164,183,7,3,3,4,0.000000,0.000000,14,9,14,3,2,5,96,109,125,1.000000
885,39,137,138,154,183,0,1,3,3,0.000000,0.000000,14,1,16,0,0,0,98,99,115,1.142857
886,39,71,103,185,201,24,19,3,2,1.000000,5.000000,27,13,57,17,25,42,32,64,146,2.111111
887,39,56,66,114,232,8,9,3,2,4.000000,4.000000,26,9,32,1,16,17,17,27,75,1.230769
888,39,72,106,158,340,22,14,3,2,4.000000,4.000000,17,21,35,10,17,27,33,67,119,2.058824
889,39,50,125,153,336,53,7,3,4,3.000000,11.000000,23,49,23,26,5,31,11,86,114,1.000000
890,39,-1,-1,-1,-1,0,-1,-1,-1,-1.000000,-1.000000,42,0,0,0,0,0,-1,-1,-1,0.000000
891,39,178,-1,-1,416,2,20,3,2,3.000000,3.000000,54,3,0,1,0,1,139,-1,-1,0.000000
892,39,173,214,-1,323,39,10,3,4,0.000000,5.000000,31,29,30,12,6,18,134,175,-1,0.967742
893,40,141,237,-1,486,32,9,3,4,0.000000,1.000000,43,29,13,10,0,10,101,197,-1,0.302326
894,40,48,92,120,499,26,16,3,2,1.000000,8.000000,23,24,23,10,5,15,8,52,80,1.000000
895,40,42,70,141,251,19,42,3,2,0.000000,7.000000,49,18,69,10,2,12,2,30,101,1.408163
896,40,218,-1,-1,351,1,24,3,2,3.000000,3.000000,20,2,0,1,0,1,178,-1,-1,0.000000
897,40,55,98,152,490,5,12,3,4,0.000000,9.000000,44,9,48,0,6,6,15,58,112,1.090909
898,40,51,58,82,336,2,6,3,4,1.000000,11.000000,19,7,21,0,3,3,11,18,42,1.105263
899,40,72,75,87,272,2,3,3,4,1.000000,1.000000,12,2,12,1,0,1,32,35,47,1.000000
900,40,-1,-1,-1,-1,0,-1,-1,-1,-1.000000,-1.000000,44,0,0,0,0,0,-1,-1,-1,0.000000
901,40,41,62,127,9,19,3,3,4,0.000000,11.000000,25,17,45,4,20,24,1,22,87,1.800000
902,41,141,232,-1,136,25,33,3,2,2.000000,2.000000,30,26,15,6,3,9,100,191,-1,0.500000
903,41,55,102,175,439,5,12,3,4,3.000000,9.000000,42,13,62,0,11,11,14,61,134,1.476190
904,41,-1,-1,-1,-1,0,-1,-1,-1,-1.000000,-1.000000,50,0,0,0,0,0,-1,-1,-1,0.000000
905,41,65,139,180,138,36,20,3,2,4.000000,6.000000,22,37,32,15,9,24,24,98,139,1.454545
906,41,54,98,140,203,24,9,3,2,5.000000,6.000000,8,26,26,16,16,32,13,57,99,3.250000
907,41,-1,-1,-1,-1,0,-1,-1,-1,-1.000000,-1.000000,46,0,0,0,0,0,-1,-1,-1,0.000000
908,41,42,44,120,302,0,2,3,3,0.000000,0.000000,50,2,74,0,2,2,1,3,79,1.480000
909,41,54,74,112,437,13,5,3,4,0.000000,11.000000,16,11,30,9,8,17,13,33,71,1.875000
910,41,42,45,133,9,0,3,3,4,0.000000,12.000000,14,3,70,0,18,18,1,4,92,5.000000
911,42,78,103,119,230,7,15,3,2,2.000000,2.000000,11,10,15,9,1,10,36,61,77,1.363636
912,42,43,69,101,382,21,15,3,2,1.000000,2.000000,13,21,19,5,13,18,1,27,59,1.461538
913,42,43,57,101,214,2,15,3,4,4.000000,11.000000,28,6,34,3,10,13,1,15,59,1.214286
914,42,72,141,182,10,49,20,3,4,7.000000,13.000000,13,43,37,22,4,26,30,99,140,2.846154
915,42,73,120,148,268,2,3,3,4,1.000000,3.000000,13,8,21,3,7,10,31,78,106,1.615385
916,43,44,92,122,382,40,16,3,2,1.000000,4.000000,22,31,26,16,4,20,1,49,79,1.181818
917,43,85,185,-1,106,63,45,3,2,0.000000,7.000000,49,55,63,21,2,23,42,142,-1,1.285714
918,43,55,99,146,437,23,5,3,4,0.000000,11.000000,23,27,41,12,6,18,12,56,103,1.782609
919,43,-1,-1,-1,-1,0,-1,-1,-1,-1.000000,-1.000000,35,0,0,0,0,0,-1,-1,-1,0.000000
920,44,45,45,130,220,0,0,3,-1,-1.000000,-1.000000,38,0,56,0,29,29,1,1,86,1.473684
921,44,-1,-1,-1,-1,0,-1,-1,-1,-1.000000,-1.000000,47,0,0,0,0,0,-1,-1,-1,0.000000
922,44,65,95,147,188,3,7,3,4,0.000000,6.000000,29,5,39,2,13,15,21,51,103,1.344828
923,44,48,81,123,270,12,9,3,4,4.000000,8.000000,28,14,36,7,6,13,4,37,79,1.285714
924,44,92,94,172,182,2,3,3,4,0.000000,2.000000,48,2,76,0,2,2,48,50,128,1.583333
925,44,56,70,148,389,11,12,3,2,4.000000,4.000000,19,11,65,3,13,16,12,26,104,3.421053
926,45,-1,-1,-1,-1,0,-1,-1,-1,-1.000000,-1.000000,54,0,0,0,0,0,-1,-1,-1,0.000000
927,45,138,156,206,102,13,15,3,4,1.000000,2.000000,34,13,42,5,8,13,93,111,161,1.235294
928,45,78,104,160,40,6,21,3,2,12.000000,12.000000,21,13,35,3,21,24,33,59,115,1.666667
929,45,141,-1,-1,175,31,16,3,2,10.000000,10.000000,54,33,0,7,0,7,96,-1,-1,0.000000
930,45,54,72,140,336,14,3,3,4,1.000000,10.000000,26,8,56,10,12,22,9,27,95,2.153846
931,45,46,145,182,481,87,15,3,4,5.000000,7.000000,30,70,34,29,3,32,1,100,137,1.133333
932,45,46,66,98,251,12,15,3,2,3.000000,3.000000,14,13,30,7,2,9,1,21,53,2.142857
933,45,56,82,123,437,10,4,3,3,1.000000,11.000000,24,16,38,5,3,8,11,37,78,1.583333
934,45,48,52,126,251,0,19,3,2,2.000000,6.000000,39,1,59,0,15,15,3,7,81,1.512821
935,46,141,-1,-1,441,29,29,3,4,1.000000,7.000000,45,27,0,11,0,11,95,-1,-1,0.000000
936,46,47,76,139,423,17,7,3,3,5.000000,5.000000,51,21,59,8,4,12,1,30,93,1.156863
937,46,194,-1,-1,205,0,6,3,4,0.000000,5.000000,38,2,0,0,0,0,148,-1,-1,0.000000
938,46,141,-1,-1,261,24,27,3,2,1.000000,1.000000,14,23,0,9,0,9,95,-1,-1,0.000000
939,46,48,60,74,266,4,11,3,4,4.000000,12.000000,12,6,12,2,2,4,2,14,28,1.000000
940,46,56,204,242,247,131,12,3,2,4.000000,4.000000,30,113,36,34,2,36,10,158,196,1.200000
941,46,-1,-1,-1,-1,0,-1,-1,-1,-1.000000,-1.000000,27,0,0,0,0,0,-1,-1,-1,0.000000
942,47,48,57,120,379,6,12,3,2,11.000000,11.000000,39,8,57,1,6,7,1,10,73,1.461538
943,47,92,101,167,272,1,2,3,4,0.000000,0.000000,29,6,53,0,13,13,45,54,120,1.827586
944,47,-1,-1,-1,-1,0,-1,-1,-1,-1.000000,-1.000000,20,0,0,0,0,0,-1,-1,-1,0.000000
945,47,-1,-1,-1,-1,0,-1,-1,-1,-1.000000,-1.000000,18,0,0,0,0,0,-1,-1,-1,0.000000
946,47,48,71,136,423,10,6,3,4,0.000000,9.000000,39,14,49,9,16,25,1,24,89,1.256410
947,47,141,-1,-1,145,18,25,3,4,1.000000,4.000000,19,18,0,7,0,7,94,-1,-1,0.000000
948,47,61,152,175,178,52,13,3,2,5.000000,5.000000,18,55,22,21,1,22,14,105,128,1.222222
949,47,74,117,189,10,29,20,3,4,7.000000,15.000000,47,27,67,12,5,17,27,70,142,1.425532
950,47,48,71,150,347,14,50,3,2,2.000000,6.000000,36,17,66,3,13,16,1,24,103,1.833333
951,47,72,87,117,146,4,2,3,3,0.000000,0.000000,18,13,22,0,8,8,25,40,70,1.222222
952,48,52,54,118,425,1,5,3,4,2.000000,8.000000,48,2,58,0,6,6,4,6,70,1.208333
953,48,73,119,179,391,1,4,3,3,1.000000,2.000000,48,8,60,0,0,0,25,71,131,1.250000
954,48,49,52,74,423,2,5,3,4,0.000000,6.000000,20,2,20,1,2,3,1,4,26,1.000000
955,48,49,106,149,251,43,16,3,2,6.000000,7.000000,21,35,27,22,16,38,1,58,101,1.285714
956,48,50,88,150,201,19,17,3,2,2.000000,3.000000,31,17,41,9,21,30,2,40,102,1.322581
957,48,194,-1,-1,75,0,13,3,4,0.000000,0.000000,24,1,0,0,0,0,146,-1,-1,0.000000
958,48,49,95,160,331,42,18,3,4,5.000000,8.000000,38,38,64,8,1,9,1,47,112,1.684211
959,48,50,83,138,270,11,8,3,3,1.000000,6.000000,32,15,54,5,1,6,2,35,90,1.687500
960,48,58,63,153,247,2,10,3,4,3.000000,4.000000,40,3,76,2,14,16,10,15,105,1.900000
961,49,50,144,199,482,84,16,3,2,4.000000,4.000000,32,70,48,24,7,31,1,95,150,1.500000
962,49,50,150,207,329,62,13,3,2,4.000000,5.000000,17,48,45,37,12,49,1,101,158,2.647059
963,49,92,106,152,159,1,1,3,3,0.000000,0.000000,23,10,31,1,15,16,43,57,103,1.347826
964,49,50,60,139,423,4,4,3,4,0.000000,7.000000,43,9,75,1,4,5,1,11,90,1.744186
965,49,194,-1,-1,134,0,22,3,2,1.000000,1.000000,16,0,0,1,0,1,145,-1,-1,0.000000
966,49,85,161,223,111,46,49,3,2,0.000000,7.000000,58,37,62,14,0,14,36,112,174,1.068966
967,49,117,121,151,288,2,4,3,4,0.000000,3.000000,16,4,26,0,4,4,68,72,102,1.625000
968,50,120,138,155,288,1,1,3,3,0.000000,0.000000,13,13,15,0,2,2,70,88,105,1.153846
969,50,54,85,164,80,17,7,3,4,0.000000,7.000000,24,21,66,8,13,21,4,35,114,2.750000
970,50,-1,-1,-1,-1,0,-1,-1,-1,-1.000000,-1.000000,33,0,0,0,0,0,-1,-1,-1,0.000000
971,50,57,72,107,389,11,11,3,4,6.000000,12.000000,22,13,30,2,5,7,7,22,57,1.363636
972,50,53,108,190,15,35,8,3,2,7.000000,7.000000,23,38,57,17,25,42,3,58,140,2.478261
973,51,52,112,172,408,38,16,3,2,0.000000,11.000000,42,44,54,13,6,19,1,61,121,1.285714
974,51,54,130,171,201,51,16,3,2,5.000000,5.000000,11,54,31,17,10,27,3,79,120,2.818182
975,51,-1,-1,-1,-1,0,-1,-1,-1,-1.000000,-1.000000,41,0,0,0,0,0,-1,-1,-1,0.000000
976,51,59,107,189,437,16,5,3,3,9.000000,10.000000,25,27,57,6,25,31,8,56,138,2.280000
977,51,173,211,-1,341,37,30,3,2,1.000000,2.000000,60,33,38,5,1,6,122,160,-1,0.633333
978,51,52,150,218,40,84,19,3,4,6.000000,12.000000,38,75,54,23,14,37,1,99,167,1.421053
979,51,194,-1,-1,486,0,28,3,2,2.000000,3.000000,11,1,0,0,0,0,143,-1,-1,0.000000
980,51,72,74,156,249,1,18,3,2,3.000000,3.000000,42,1,66,1,16,17,21,23,105,1.571429
981,52,60,90,136,237,19,1,3,3,0.000000,1.000000,7,24,33,6,13,19,8,38,84,4.714286
982,52,-1,-1,-1,-1,0,-1,-1,-1,-1.000000,-1.000000,46,0,0,0,0,0,-1,-1,-1,0.000000
983,52,54,94,164,408,13,13,3,2,2.000000,3.000000,51,23,69,4,1,5,2,42,112,1.352941
984,52,-1,-1,-1,-1,0,-1,-1,-1,-1.000000,-1.000000,30,0,0,0,0,0,-1,-1,-1,0.000000
985,52,138,167,231,345,17,14,3,2,1.000000,1.000000,42,24,56,4,8,12,86,115,179,1.333333
986,52,53,75,161,360,15,2,3,3,0.000000,3.000000,25,12,69,8,17,25,1,23,109,2.760000
987,53,63,71,147,110,2,11,3,2,2.000000,3.000000,27,7,73,1,3,4,10,18,94,2.703704
988,53,75,81,115,10,4,20,3,4,7.000000,15.000000,30,3,30,3,4,7,22,28,62,1.000000
989,53,54,87,161,425,19,3,3,4,0.000000,3.000000,42,23,66,5,8,13,1,34,108,1.571429
990,53,54,152,226,40,82,19,3,4,6.000000,13.000000,56,76,70,22,4,26,1,99,173,1.250000
991,53,-1,-1,-1,-1,0,-1,-1,-1,-1.000000,-1.000000,34,0,0,0,0,0,-1,-1,-1,0.000000
992,53,77,114,204,91,26,20,3,2,2.000000,4.000000,21,19,65,13,25,38,24,61,151,3.095238
993,54,-1,-1,-1,-1,0,-1,-1,-1,-1.000000,-1.000000,26,0,0,0,0,0,-1,-1,-1,0.000000
994,54,58,64,143,389,4,10,3,2,3.000000,3.000000,32,4,74,1,5,6,4,10,89,2.312500
995,54,127,137,145,219,0,7,3,3,3.000000,4.000000,8,9,8,1,0,1,73,83,91,1.000000
996,54,141,220,248,451,1,25,3,2,2.000000,2.000000,21,2,23,0,5,5,87,166,194,1.095238
997,54,55,104,168,388,43,4,3,4,0.000000,6.000000,19,40,51,9,13,22,1,50,114,2.684211
998,54,55,171,235,117,93,4,3,4,0.000000,0.000000,45,85,61,31,3,34,1,117,181,1.355556
999,54,55,78,104,98,12,15,3,4,0.000000,11.000000,17,14,19,6,7,13,1,24,50,1.117647
1000,55,62,77,143,475,5,9,3,2,5.000000,6.000000,29,9,51,5,15,20,7,22,88,1.758621
1001,55,60,78,157,259,11,14,3,2,4.000000,5.000000,26,16,70,2,9,11,5,23,102,2.692308
1002,55,56,60,117,116,0,4,3,4,0.000000,6.000000,47,4,49,0,8,8,1,5,62,1.042553
1003,55,91,151,168,198,54,3,3,4,0.000000,1.000000,15,46,15,13,2,15,36,96,113,1.000000
1004,55,64,80,148,155,5,13,3,4,9.000000,23.000000,46,13,58,3,10,13,9,25,93,1.260870
1005,55,138,151,203,225,9,16,3,4,4.000000,13.000000,24,10,42,2,10,12,83,96,148,1.750000
1006,55,56,83,100,47,14,3,3,4,0.000000,9.000000,11,21,13,6,4,10,1,28,45,1.181818
1007,55,56,89,159,317,18,8,3,4,1.000000,3.000000,40,29,64,4,6,10,1,34,104,1.600000
1008,55,62,128,172,98,30,21,3,4,5.000000,9.000000,38,31,42,13,2,15,7,73,117,1.105263
1009,56,57,71,121,175,7,7,3,4,1.000000,7.000000,30,10,44,3,6,9,1,15,65,1.466667
1010,56,86,140,165,42,33,11,3,2,1.000000,1.000000,17,39,21,10,4,14,30,84,109,1.235294
1011,56,-1,-1,-1,-1,0,-1,-1,-1,-1.000000,-1.000000,35,0,0,0,0,0,-1,-1,-1,0.000000
1012,56,134,189,-1,175,24,11,3,4,5.000000,15.000000,41,37,37,18,24,42,78,133,-1,0.902439
1013,56,141,231,-1,204,7,39,3,4,3.000000,10.000000,47,9,17,1,2,3,85,175,-1,0.361702
1014,56,67,123,208,465,40,15,3,4,4.000000,12.000000,32,34,70,21,15,36,11,67,152,2.187500
1015,56,57,88,121,482,19,13,3,4,6.000000,11.000000,20,18,24,13,9,22,1,32,65,1.200000
1016,57,60,113,203,247,43,11,3,2,4.000000,4.000000,30,36,76,16,14,30,3,56,146,2.533333
1017,57,58,60,133,382,1,10,3,2,0.000000,0.000000,46,2,68,0,5,5,1,3,76,1.478261
1018,57,58,159,216,329,68,11,3,4,2.000000,9.000000,32,70,52,31,5,36,1,102,159,1.625000
1019,57,58,73,135,493,6,19,3,2,4.000000,4.000000,29,10,45,4,17,21,1,16,78,1.551724
1020,57,-1,-1,-1,-1,0,-1,-1,-1,-1.000000,-1.000000,24,0,0,0,0,0,-1,-1,-1,0.000000
1021,57,-1,-1,-1,-1,0,-1,-1,-1,-1.000000,-1.000000,41,0,0,0,0,0,-1,-1,-1,0.000000
1022,57,87,106,187,42,10,10,3,2,3.000000,3.000000,36,10,76,4,5,9,30,49,130,2.111111
1023,57,77,151,203,325,55,21,3,2,2.000000,4.000000,25,46,45,22,7,29,20,94,146,1.800000
1024,57,62,129,152,110,49,12,3,2,3.000000,4.000000,11,43,21,24,2,26,5,72,95,1.909091
1025,57,62,131,173,415,45,16,3,2,4.000000,4.000000,22,48,28,18,14,32,5,74,116,1.272727
1026,58,59,111,138,189,37,11,3,2,2.000000,2.000000,19,32,25,20,2,22,1,53,80,1.315789
1027,58,78,115,164,347,19,20,3,2,1.000000,3.000000,41,14,43,12,6,18,20,57,106,1.048780
1028,58,59,107,183,382,33,9,3,4,0.000000,3.000000,42,39,66,9,10,19,1,49,125,1.571429
1029,58,141,-1,-1,249,14,32,3,4,2.000000,8.000000,42,16,0,5,0,5,83,-1,-1,0.000000
1030,58,62,121,165,255,35,18,3,4,1.000000,9.000000,23,35,37,21,7,28,4,63,107,1.608696
1031,58,219,227,-1,142,5,8,3,4,0.000000,0.000000,51,5,22,2,1,3,161,169,-1,0.431373
1032,58,86,101,135,238,1,22,3,2,11.000000,11.000000,30,2,34,4,0,4,28,43,77,1.133333
1033,58,59,59,78,47,0,0,3,-1,-1.000000,-1.000000,13,0,19,0,0,0,1,1,20,1.461538
1034,58,61,80,119,27,15,11,3,2,3.000000,3.000000,25,15,35,4,4,8,3,22,61,1.400000
1035,58,60,71,125,27,10,8,3,2,5.000000,5.000000,22,9,40,2,14,16,2,13,67,1.818182
1036,59,63,74,145,259,2,26,3,2,6.000000,6.000000,54,7,70,0,1,1,4,15,86,1.296296
1037,59,87,169,182,401,49,12,3,4,6.000000,13.000000,9,55,11,21,2,23,28,110,123,1.222222
1038,59,87,115,192,204,18,16,3,2,3.000000,3.000000,37,13,71,9,6,15,28,56,133,1.918919
1039,59,60,70,113,175,4,7,3,4,2.000000,10.000000,19,8,37,1,6,7,1,11,54,1.947368
1040,59,60,101,127,178,24,9,3,4,4.000000,8.000000,13,25,23,16,3,19,1,42,68,1.769231
1041,59,60,148,176,15,58,11,3,2,5.000000,5.000000,11,61,19,26,9,35,1,89,117,1.727273
1042,60,85,199,-1,207,77,54,3,3,3.000000,3.000000,33,62,45,23,6,29,25,139,-1,1.363636
1043,60,61,108,155,153,27,11,3,4,4.000000,11.000000,37,29,47,18,0,18,1,48,95,1.270270
1044,60,137,198,-1,278,27,10,3,2,8.000000,8.000000,38,37,47,17,5,22,77,138,-1,1.236842
1045,60,219,-1,-1,158,12,30,3,2,0.000000,0.000000,19,12,0,6,0,6,159,-1,-1,0.000000
1046,60,-1,-1,-1,-1,0,-1,-1,-1,-1.000000,-1.000000,58,0,0,0,0,0,-1,-1,-1,0.000000
1047,60,65,81,129,155,2,13,3,4,6.000000,19.000000,41,13,43,1,5,6,5,21,69,1.048780
1048,60,79,141,185,50,49,14,3,4,5.000000,8.000000,20,39,34,23,10,33,19,81,125,1.700000
1049,61,174,229,-1,262,42,48,3,2,5.000000,5.000000,42,35,20,14,1,15,113,168,-1,0.476190
1050,61,79,113,151,135,21,17,3,2,4.000000,4.000000,18,25,30,9,8,17,18,52,90,1.666667
1051,61,62,95,162,140,19,2,3,3,0.000000,0.000000,33,22,53,7,14,21,1,34,101,1.606061
1052,61,63,87,156,175,12,5,3,4,1.000000,13.000000,13,16,51,7,18,25,2,26,95,3.923077
1053,61,62,62,88,488,0,0,3,-1,-1.000000,-1.000000,20,0,24,0,2,2,1,1,27,1.200000
1054,61,62,81,132,247,14,13,3,2,3.000000,4.000000,44,15,50,4,1,5,1,20,71,1.136364
1055,61,-1,-1,-1,-1,0,-1,-1,-1,-1.000000,-1.000000,50,0,0,0,0,0,-1,-1,-1,0.000000
1056,62,-1,-1,-1,-1,0,-1,-1,-1,-1.000000,-1.000000,29,0,0,0,0,0,-1,-1,-1,0.000000
1057,62,194,-1,-1,243,0,28,3,4,0.000000,10.000000,26,0,0,1,0,1,132,-1,-1,0.000000
1058,62,-1,-1,-1,-1,0,-1,-1,-1,-1.000000,-1.000000,56,0,0,0,0,0,-1,-1,-1,0.000000
1059,62,63,115,190,382,33,7,3,4,2.000000,2.000000,43,44,69,8,6,14,1,53,128,1.604651
1060,62,63,63,121,424,0,0,3,-1,-1.000000,-1.000000,25,0,45,0,13,13,1,1,59,1.800000
1061,62,92,202,220,481,102,22,3,4,5.000000,8.000000,14,78,16,31,2,33,30,140,158,1.142857
1062,63,64,98,167,39,27,16,3,2,3.000000,3.000000,23,28,55,6,14,20,1,35,104,2.391304
1063,63,64,84,111,247,12,15,3,2,3.000000,4.000000,15,13,25,6,2,8,1,21,48,1.666667
1064,63,68,77,113,155,0,12,3,2,7.000000,7.000000,15,6,31,0,5,5,5,14,50,2.066667
1065,63,64,92,160,481,14,13,3,4,5.000000,14.000000,40,16,62,12,6,18,1,29,97,1.550000
1066,63,64,139,162,255,37,18,3,4,1.000000,9.000000,16,48,22,17,1,18,1,76,99,1.375000
1067,64,69,73,131,219,1,9,3,2,5.000000,5.000000,28,4,50,0,8,8,5,9,67,1.785714
1068,64,66,90,174,481,10,14,3,2,4.000000,4.000000,34,13,80,10,4,14,2,26,110,2.352941
1069,65,76,83,139,106,5,11,3,2,8.000000,8.000000,20,7,38,0,18,18,11,18,74,1.900000
1070,65,66,84,157,178,4,5,3,3,0.000000,3.000000,49,10,67,2,6,8,1,19,92,1.367347
1071,65,76,76,159,296,0,0,3,-1,-1.000000,-1.000000,32,0,72,0,11,11,11,11,94,2.250000
1072,65,81,109,167,50,13,14,3,4,6.000000,11.000000,32,24,44,4,14,18,16,44,102,1.375000
1073,65,66,70,113,110,1,10,3,4,5.000000,9.000000,37,2,37,2,6,8,1,5,48,1.000000
1074,65,66,112,161,67,28,16,3,2,6.000000,6.000000,40,35,46,8,3,11,1,47,96,1.150000
1075,66,92,161,218,91,64,26,3,4,5.000000,8.000000,28,44,40,23,17,40,26,95,152,1.428571
1076,66,67,86,155,175,3,2,3,3,0.000000,0.000000,14,12,48,6,21,27,1,20,89,3.428571
1077,66,67,72,128,317,2,5,3,4,0.000000,4.000000,31,5,41,0,15,15,1,6,62,1.322581
1078,66,67,72,150,40,4,18,3,2,1.000000,1.000000,49,4,73,1,5,6,1,6,84,1.489796
1079,66,83,90,141,336,3,6,3,4,1.000000,7.000000,21,6,39,1,12,13,17,24,75,1.857143
1080,67,86,146,203,17,34,12,3,2,6.000000,6.000000,17,40,39,9,18,27,19,79,136,2.294118
1081,67,220,-1,-1,385,7,17,3,2,9.000000,9.000000,22,9,0,3,0,3,153,-1,-1,0.000000
1082,67,70,74,137,317,1,4,3,4,0.000000,3.000000,48,4,58,0,5,5,3,7,70,1.208333
1083,67,68,154,179,378,64,12,3,2,1.000000,1.000000,22,59,22,27,3,30,1,87,112,1.000000
1084,67,68,74,106,382,2,5,3,4,0.000000,3.000000,24,5,24,1,8,9,1,7,39,1.000000
1085,67,194,-1,-1,296,0,27,3,2,2.000000,2.000000,53,1,0,0,0,0,127,-1,-1,0.000000
1086,67,-1,-1,-1,-1,0,-1,-1,-1,-1.000000,-1.000000,27,0,0,0,0,0,-1,-1,-1,0.000000
1087,67,-1,-1,-1,-1,0,-1,-1,-1,-1.000000,-1.000000,52,0,0,0,0,0,-1,-1,-1,0.000000
1088,67,68,105,177,110,10,10,3,4,5.000000,9.000000,24,15,48,6,24,30,1,38,110,2.000000
1089,68,-1,-1,-1,-1,0,-1,-1,-1,-1.000000,-1.000000,53,0,0,0,0,0,-1,-1,-1,0.000000
1090,68,85,142,186,17,7,14,3,2,8.000000,8.000000,26,12,44,3,0,3,17,74,118,1.692308
1091,68,69,91,169,274,12,10,3,4,1.000000,2.000000,53,15,77,5,1,6,1,23,101,1.452830
1092,68,69,83,104,67,6,14,3,4,5.000000,8.000000,15,9,19,3,2,5,1,15,36,1.266667
1093,68,69,78,164,389,1,13,3,4,5.000000,11.000000,29,7,83,2,3,5,1,10,96,2.862069
1094,68,69,93,148,491,11,14,3,2,1.000000,2.000000,38,15,42,7,13,20,1,25,80,1.105263
1095,69,74,115,142,274,22,5,3,4,0.000000,2.000000,24,28,26,7,1,8,5,46,73,1.083333
1096,69,70,73,140,382,0,3,3,4,2.000000,3.000000,38,3,46,0,21,21,1,4,71,1.210526
1097,69,-1,-1,-1,-1,0,-1,-1,-1,-1.000000,-1.000000,35,0,0,0,0,0,-1,-1,-1,0.000000
1098,69,74,79,116,67,4,14,3,4,2.000000,8.000000,17,1,29,4,8,12,5,10,47,1.705882
1099,70,71,76,128,345,1,14,3,2,3.000000,3.000000,22,5,38,0,14,14,1,6,58,1.727273
1100,70,71,74,104,491,0,14,3,2,1.000000,2.000000,16,2,24,0,6,6,1,4,34,1.500000
1101,70,71,71,101,178,0,0,3,-1,-1.000000,-1.000000,29,0,29,0,1,1,1,1,31,1.000000
1102,70,71,204,-1,416,82,7,3,4,4.000000,8.000000,39,80,46,53,0,53,1,134,-1,1.179487
1103,71,-1,-1,-1,-1,0,-1,-1,-1,-1.000000,-1.000000,12,0,0,0,0,0,-1,-1,-1,0.000000
1104,71,74,85,168,249,4,17,3,4,3.000000,8.000000,38,8,72,1,11,12,3,14,97,1.894737
1105,71,220,-1,-1,408,6,51,3,4,0.000000,1.000000,36,6,0,4,0,4,149,-1,-1,0.000000
1106,71,-1,-1,-1,-1,0,-1,-1,-1,-1.000000,-1.000000,35,0,0,0,0,0,-1,-1,-1,0.000000
1107,71,94,149,196,107,36,13,3,2,3.000000,4.000000,39,32,45,20,2,22,23,78,125,1.153846
1108,71,72,91,142,415,5,18,3,4,2.000000,10.000000,37,4,49,6,2,8,1,20,71,1.324324
1109,71,220,-1,-1,479,4,1,3,3,0.000000,0.000000,57,6,0,1,0,1,149,-1,-1,0.000000
1110,71,111,117,186,254,0,6,3,4,3.000000,3.000000,32,6,54,0,15,15,40,46,115,1.687500
1111,71,209,-1,-1,297,2,16,3,4,1.000000,8.000000,38,5,0,0,0,0,138,-1,-1,0.000000
1112,72,73,82,150,103,2,6,3,4,0.000000,7.000000,29,8,65,1,3,4,1,10,78,2.241379
1113,72,-1,-1,-1,-1,0,-1,-1,-1,-1.000000,-1.000000,49,0,0,0,0,0,-1,-1,-1,0.000000
1114,72,73,93,132,368,11,10,3,2,3.000000,3.000000,25,9,35,10,4,14,1,21,60,1.400000
1115,72,73,162,217,389,48,15,3,2,4.000000,5.000000,25,63,47,26,8,34,1,90,145,1.880000
1116,72,73,119,178,251,28,13,3,4,5.000000,10.000000,18,35,46,11,13,24,1,47,106,2.555556
1117,72,73,79,151,387,4,5,3,4,0.000000,6.000000,56,5,70,1,2,3,1,7,79,1.250000
1118,72,73,87,129,448,2,6,3,4,1.000000,3.000000,23,12,33,2,9,11,1,15,57,1.434783
1119,72,73,98,171,145,15,7,3,4,1.000000,2.000000,36,21,64,4,9,13,1,26,99,1.777778
1120,73,78,155,231,325,50,20,3,2,1.000000,3.000000,37,31,61,32,15,47,5,82,158,1.648649
1121,73,97,149,184,90,31,6,3,4,0.000000,6.000000,35,34,35,12,0,12,24,76,111,1.000000
1122,73,124,173,203,236,18,29,3,2,1.000000,1.000000,24,22,28,11,2,13,51,100,130,1.166667
1123,73,185,-1,-1,185,1,9,3,4,0.000000,0.000000,17,4,0,1,0,1,112,-1,-1,0.000000
1124,73,74,87,115,429,3,5,3,4,4.000000,4.000000,17,13,23,0,5,5,1,14,42,1.352941
1125,73,74,161,227,306,41,3,3,4,0.000000,8.000000,21,62,51,25,15,40,1,88,154,2.428571
1126,73,74,74,109,188,0,0,3,-1,-1.000000,-1.000000,24,0,30,0,5,5,1,1,36,1.250000
1127,74,138,150,189,414,7,16,3,2,1.000000,1.000000,34,10,36,1,3,4,64,76,115,1.058824
1128,74,138,152,190,438,9,11,3,2,0.000000,0.000000,28,7,36,5,2,7,64,78,116,1.285714
1129,74,93,213,238,229,113,20,3,2,5.000000,5.000000,21,93,25,25,0,25,19,139,164,1.190476
1130,74,75,99,121,368,13,10,3,2,4.000000,4.000000,9,15,17,8,5,13,1,25,47,1.888889
1131,74,93,93,163,159,0,0,3,-1,-1.000000,-1.000000,56,0,66,0,4,4,19,19,89,1.178571
1132,74,75,208,-1,345,122,10,3,2,1.000000,1.000000,28,94,29,39,13,52,1,134,-1,1.035714
1133,74,-1,-1,-1,-1,0,-1,-1,-1,-1.000000,-1.000000,15,0,0,0,0,0,-1,-1,-1,0.000000
1134,74,220,221,-1,142,1,7,3,4,0.000000,0.000000,28,1,27,0,2,2,146,147,-1,0.964286
1135,74,75,75,116,475,0,0,3,-1,-1.000000,-1.000000,26,0,40,0,1,1,1,1,42,1.538462
1136,75,76,85,150,490,5,8,3,4,5.000000,7.000000,17,6,55,3,10,13,1,10,75,3.235294
1137,75,76,96,173,94,7,15,3,2,7.000000,7.000000,13,17,63,3,14,17,1,21,98,4.846154
1138,75,77,84,165,249,0,16,3,2,7.000000,7.000000,55,5,81,1,0,1,2,9,90,1.472727
1139,75,76,95,151,368,8,11,3,4,3.000000,9.000000,13,9,35,9,21,30,1,20,76,2.692308
1140,75,81,114,172,192,15,13,3,2,5.000000,5.000000,44,19,52,14,6,20,6,39,97,1.181818
1141,76,79,113,186,384,0,7,3,4,1.000000,4.000000,26,5,54,1,19,20,3,37,110,2.076923
1142,76,77,88,101,493,5,4,3,4,0.000000,9.000000,9,9,11,2,2,4,1,12,25,1.222222
1143,76,137,153,207,91,0,25,3,2,2.000000,2.000000,30,7,46,0,8,8,61,77,131,1.533333
1144,76,79,168,211,491,49,17,3,2,2.000000,2.000000,21,49,41,27,2,29,3,92,135,1.952381
1145,76,118,124,208,375,0,6,3,4,4.000000,8.000000,54,6,82,0,2,2,42,48,132,1.518519
1146,76,77,197,226,435,82,16,3,2,1.000000,5.000000,27,80,29,38,0,38,1,121,150,1.074074
1147,76,78,80,170,448,0,2,3,3,1.000000,1.000000,31,2,73,0,17,17,2,4,94,2.354839
1148,76,86,97,148,336,3,4,3,4,1.000000,6.000000,40,11,46,0,5,5,10,21,72,1.150000
1149,76,80,109,133,198,23,11,3,2,1.000000,1.000000,15,20,19,8,5,13,4,33,57,1.266667
1150,76,84,150,201,192,42,12,3,2,7.000000,7.000000,28,43,40,23,11,34,8,74,125,1.428571
1151,77,78,82,150,439,0,3,3,4,0.000000,2.000000,31,3,45,1,23,24,1,5,73,1.451613
1152,77,94,173,210,401,45,15,3,4,8.000000,15.000000,23,53,31,20,6,26,17,96,133,1.347826
1153,77,209,-1,-1,10,1,7,3,4,0.000000,0.000000,29,4,0,0,0,0,132,-1,-1,0.000000
1154,77,78,147,214,216,37,8,3,3,0.000000,5.000000,22,50,58,19,9,28,1,70,137,2.636364
1155,77,86,152,228,348,52,10,3,2,5.000000,5.000000,33,39,67,19,9,28,9,75,151,2.030303
1156,77,78,139,189,426,46,3,3,4,0.000000,9.000000,23,36,47,25,3,28,1,62,112,2.043478
1157,77,78,90,176,387,3,1,3,3,0.000000,1.000000,32,7,70,1,16,17,1,13,99,2.187500
1158,77,138,153,210,246,1,8,3,3,0.000000,4.000000,46,7,50,2,7,9,61,76,133,1.086957
1159,77,78,94,161,243,8,8,3,4,0.000000,7.000000,14,13,52,3,15,18,1,17,84,3.714286
1160,77,80,147,162,155,59,13,3,2,0.000000,0.000000,13,42,15,23,0,23,3,70,85,1.153846
1161,77,78,92,156,308,3,1,3,3,1.000000,1.000000,31,8,59,0,5,5,1,15,79,1.903226
1162,78,79,146,187,5,44,13,3,4,1.000000,6.000000,25,44,39,23,2,25,1,68,109,1.560000
1163,78,128,174,197,88,18,24,3,2,0.000000,0.000000,16,25,18,7,5,12,50,96,119,1.125000
1164,78,79,80,146,484,0,1,3,3,0.000000,0.000000,43,1,63,0,3,3,1,2,68,1.465116
1165,78,79,194,-1,435,86,16,3,2,1.000000,4.000000,25,74,42,38,14,52,1,116,-1,1.680000
1166,78,79,114,189,325,25,16,3,4,5.000000,10.000000,35,24,69,11,6,17,1,36,111,1.971429
1167,78,79,89,149,354,5,15,3,4,2.000000,8.000000,44,9,56,1,4,5,1,11,71,1.272727
1168,78,80,92,156,345,3,12,3,4,0.000000,11.000000,35,6,51,3,13,16,2,14,78,1.457143
1169,78,79,107,120,143,14,9,3,2,0.000000,0.000000,13,21,13,7,0,7,1,29,42,1.000000
1170,79,80,92,140,141,1,7,3,4,5.000000,8.000000,12,8,38,4,10,14,1,13,61,3.166667
1171,79,-1,-1,-1,-1,0,-1,-1,-1,-1.000000,-1.000000,18,0,0,0,0,0,-1,-1,-1,0.000000
1172,79,80,88,121,115,2,8,3,4,7.000000,9.000000,27,8,29,0,4,4,1,9,42,1.074074
1173,79,82,111,171,233,9,11,3,4,16.000000,23.000000,39,17,51,10,9,19,3,32,92,1.307692
1174,79,80,88,138,233,5,10,3,2,11.000000,11.000000,41,8,47,0,3,3,1,9,59,1.146341
1175,79,80,101,134,438,6,10,3,4,0.000000,5.000000,20,17,32,4,1,5,1,22,55,1.600000
1176,79,-1,-1,-1,-1,0,-1,-1,-1,-1.000000,-1.000000,53,0,0,0,0,0,-1,-1,-1,0.000000
1177,80,93,-1,-1,285,112,10,3,4,4.000000,14.000000,17,117,0,39,0,39,13,-1,-1,0.000000
1178,80,81,87,158,30,2,15,3,4,3.000000,11.000000,41,5,59,1,12,13,1,7,78,1.439024
1179,80,197,211,-1,123,0,12,3,4,0.000000,5.000000,47,12,38,2,1,3,117,131,-1,0.808511
1180,80,81,84,119,243,0,3,3,4,0.000000,6.000000,22,3,26,0,9,9,1,4,39,1.181818
1181,80,81,123,211,67,33,16,3,2,1.000000,1.000000,44,32,84,10,4,14,1,43,131,1.909091
1182,80,174,-1,-1,282,50,55,3,4,0.000000,5.000000,46,49,0,19,0,19,94,-1,-1,0.000000
1183,81,82,119,183,187,25,13,3,2,2.000000,2.000000,47,24,59,13,5,18,1,38,102,1.255319
1184,81,82,114,148,337,12,6,3,4,4.000000,5.000000,33,23,33,9,1,10,1,33,67,1.000000
1185,81,82,115,192,384,0,5,3,4,0.000000,2.000000,41,9,61,0,16,16,1,34,111,1.487805
1186,82,83,124,180,165,30,7,3,4,0.000000,6.000000,32,23,52,18,4,22,1,42,98,1.625000
1187,82,83,95,154,128,1,5,3,4,0.000000,6.000000,39,11,53,1,6,7,1,13,72,1.358974
1188,82,91,174,242,408,49,3,3,4,0.000000,0.000000,22,46,54,27,14,41,9,92,160,2.454545
1189,82,-1,-1,-1,-1,0,-1,-1,-1,-1.000000,-1.000000,29,0,0,0,0,0,-1,-1,-1,0.000000
1190,82,-1,-1,-1,-1,0,-1,-1,-1,-1.000000,-1.000000,26,0,0,0,0,0,-1,-1,-1,0.000000
1191,82,84,145,187,165,43,6,3,4,0.000000,6.000000,28,38,36,23,6,29,2,63,105,1.285714
1192,82,138,153,226,407,10,15,3,4,1.000000,2.000000,33,10,65,2,8,10,56,71,144,1.969697
1193,83,99,106,186,250,3,13,3,4,11.000000,25.000000,31,2,57,5,23,28,16,23,103,1.838710
1194,83,84,129,171,241,17,5,3,4,3.000000,10.000000,18,31,34,14,8,22,1,46,88,1.888889
1195,83,84,112,168,335,18,11,3,2,5.000000,5.000000,16,21,46,7,10,17,1,29,85,2.875000
1196,83,99,105,168,90,0,4,3,4,0.000000,2.000000,46,4,58,1,5,6,16,22,85,1.260870
1197,83,89,140,187,255,33,18,3,4,6.000000,12.000000,37,34,45,12,2,14,6,57,104,1.216216
1198,83,84,130,160,348,39,12,3,2,0.000000,5.000000,23,25,27,21,3,24,1,47,77,1.173913
1199,84,85,92,133,246,5,5,3,4,4.000000,5.000000,35,6,41,1,0,1,1,8,49,1.171429
1200,84,92,223,-1,212,64,12,3,4,1.000000,9.000000,46,62,22,24,5,29,8,139,-1,0.478261
1201,84,91,167,207,89,42,7,3,4,5.000000,5.000000,30,39,40,25,0,25,7,83,123,1.333333
1202,84,85,87,153,384,0,2,3,3,0.000000,0.000000,34,2,52,0,14,14,1,3,69,1.529412
1203,85,94,122,177,164,15,10,3,2,6.000000,6.000000,25,16,51,5,4,9,9,37,92,2.040000
1204,85,86,91,129,165,0,5,3,4,0.000000,8.000000,26,5,36,0,2,2,1,6,44,1.384615
1205,85,86,93,123,45,2,3,3,4,0.000000,11.000000,18,5,26,2,4,6,1,8,38,1.444444
1206,85,86,152,180,129,45,15,3,2,4.000000,5.000000,20,44,26,22,2,24,1,67,95,1.300000
1207,85,86,104,171,44,9,2,3,3,0.000000,1.000000,39,17,59,0,8,8,1,19,86,1.512821
1208,85,86,101,112,30,4,11,3,2,4.000000,4.000000,11,13,11,2,0,2,1,16,27,1.000000
1209,86,87,99,171,482,8,9,3,4,8.000000,9.000000,33,10,65,2,7,9,1,13,85,1.969697
1210,86,87,126,187,126,21,18,3,2,9.000000,9.000000,36,29,56,10,5,15,1,40,101,1.555556
1211,86,106,129,174,17,7,13,3,2,9.000000,9.000000,28,10,44,3,1,4,20,43,88,1.571429
1212,86,96,101,141,277,0,5,3,4,4.000000,4.000000,27,5,35,0,5,5,10,15,55,1.296296
1213,86,220,-1,-1,158,4,29,3,2,0.000000,0.000000,58,5,0,2,0,2,134,-1,-1,0.000000
1214,86,88,131,139,491,28,8,3,3,1.000000,9.000000,7,27,7,15,1,16,2,45,53,1.000000
1215,86,87,135,174,337,16,4,3,3,3.000000,4.000000,33,36,37,12,2,14,1,49,88,1.121212
1216,87,107,149,202,470,30,15,3,4,0.000000,3.000000,43,23,51,19,2,21,20,62,115,1.186047
1217,87,88,97,123,192,4,13,3,2,0.000000,5.000000,20,5,24,4,2,6,1,10,36,1.200000
1218,87,88,109,153,393,15,17,3,4,7.000000,12.000000,15,14,31,5,13,18,1,22,66,2.066667
1219,87,88,185,-1,119,88,40,3,4,0.000000,6.000000,49,69,64,28,1,29,1,98,-1,1.306122
1220,87,88,128,184,0,17,10,3,2,4.000000,4.000000,45,31,55,9,1,10,1,41,97,1.222222
1221,87,-1,-1,-1,-1,0,-1,-1,-1,-1.000000,-1.000000,31,0,0,0,0,0,-1,-1,-1,0.000000
1222,87,88,116,158,50,17,18,3,2,3.000000,4.000000,32,24,40,4,2,6,1,29,71,1.250000
1223,87,89,114,135,261,7,14,3,2,2.000000,2.000000,17,11,21,3,0,3,2,27,48,1.235294
1224,87,88,136,220,5,37,12,3,2,6.000000,6.000000,37,21,81,19,3,22,1,49,133,2.189189
1225,87,88,93,188,325,3,14,3,2,1.000000,1.000000,35,3,63,2,32,34,1,6,101,1.800000
1226,88,89,118,207,92,3,5,3,4,0.000000,7.000000,27,20,57,4,32,36,1,30,119,2.111111
1227,88,89,94,134,264,4,14,3,2,6.000000,6.000000,22,5,30,0,10,10,1,6,46,1.363636
1228,88,166,200,249,324,0,10,3,4,1.000000,1.000000,46,10,48,1,1,2,78,112,161,1.043478
1229,88,99,137,216,365,15,5,3,4,0.000000,1.000000,44,12,64,7,15,22,11,49,128,1.454545
1230,88,94,114,154,255,7,16,3,2,1.000000,4.000000,34,11,40,1,0,1,6,26,66,1.176471
1231,88,175,243,-1,100,48,22,3,2,1.000000,2.000000,29,47,7,11,0,11,87,155,-1,0.241379
1232,88,91,97,149,147,0,6,3,4,0.000000,2.000000,43,6,47,0,5,5,3,9,61,1.093023
1233,88,126,136,214,416,6,17,3,2,6.000000,6.000000,63,7,75,1,3,4,38,48,126,1.190476
1234,89,90,241,-1,50,124,18,3,2,4.000000,5.000000,45,109,9,42,0,42,1,152,-1,0.200000
1235,89,175,234,-1,101,43,49,3,2,3.000000,3.000000,23,33,16,14,0,14,86,145,-1,0.695652
1236,89,139,188,248,278,28,11,3,4,7.000000,14.000000,35,29,49,12,11,23,50,99,159,1.400000
1237,89,106,133,194,250,5,15,3,2,8.000000,8.000000,45,7,55,2,6,8,17,44,105,1.222222
1238,89,90,159,181,166,52,4,3,4,0.000000,4.000000,20,52,20,15,2,17,1,70,92,1.000000
1239,89,90,97,127,392,4,14,3,2,5.000000,5.000000,9,5,25,2,5,7,1,8,38,2.777778
1240,90,-1,-1,-1,-1,0,-1,-1,-1,-1.000000,-1.000000,7,0,0,0,0,0,-1,-1,-1,0.000000
1241,90,-1,-1,-1,-1,0,-1,-1,-1,-1.000000,-1.000000,48,0,0,0,0,0,-1,-1,-1,0.000000
1242,90,105,122,178,288,5,10,3,2,14.000000,14.000000,38,16,54,1,2,3,15,32,88,1.421053
1243,90,91,108,146,162,17,17,3,4,5.000000,11.000000,27,9,35,8,3,11,1,18,56,1.296296
1244,90,91,91,140,36,0,0,3,-1,-1.000000,-1.000000,33,0,41,0,8,8,1,1,50,1.242424
1245,90,99,-1,-1,200,127,14,3,4,4.000000,13.000000,23,95,0,36,0,36,9,-1,-1,0.000000
1246,90,91,95,133,342,0,4,3,4,0.000000,2.000000,24,4,34,0,4,4,1,5,43,1.416667
1247,91,98,165,224,349,34,9,3,4,2.000000,8.000000,38,48,52,13,7,20,7,74,133,1.368421
1248,91,92,121,146,360,14,9,3,2,4.000000,4.000000,20,17,24,8,1,9,1,30,55,1.200000
1249,91,107,129,159,133,18,19,3,2,4.000000,4.000000,24,14,28,8,2,10,16,38,68,1.166667
1250,91,-1,-1,-1,-1,0,-1,-1,-1,-1.000000,-1.000000,20,0,0,0,0,0,-1,-1,-1,0.000000
1251,91,92,106,136,489,7,13,3,4,5.000000,14.000000,23,10,27,4,3,7,1,15,45,1.173913
1252,91,92,129,202,196,17,13,3,4,6.000000,13.000000,35,26,71,11,2,13,1,38,111,2.028571
1253,92,93,138,181,89,21,4,3,4,6.000000,8.000000,20,22,38,9,5,14,1,46,89,1.900000
1254,92,93,130,205,127,25,13,3,4,6.000000,13.000000,28,23,54,14,21,35,1,38,113,1.928571
1255,92,93,126,182,194,16,18,3,2,1.000000,1.000000,49,30,55,2,1,3,1,34,90,1.122449
1256,92,150,164,210,129,9,10,3,3,0.000000,2.000000,42,10,44,4,2,6,58,72,118,1.047619
1257,93,94,108,170,127,11,13,3,4,6.000000,12.000000,41,11,57,3,5,8,1,15,77,1.390244
1258,93,94,201,-1,17,40,16,3,4,8.000000,27.000000,50,32,46,24,3,27,1,108,-1,0.920000
1259,93,107,150,220,389,26,20,3,2,4.000000,4.000000,39,25,65,18,5,23,14,57,127,1.666667
1260,93,-1,-1,-1,-1,0,-1,-1,-1,-1.000000,-1.000000,28,0,0,0,0,0,-1,-1,-1,0.000000
1261,93,94,103,147,194,6,14,3,2,2.000000,2.000000,31,8,41,1,3,4,1,10,54,1.322581
1262,93,94,227,-1,365,112,7,3,4,0.000000,4.000000,20,90,23,29,0,29,1,134,-1,1.150000
1263,93,94,98,117,491,0,4,3,4,0.000000,10.000000,13,4,13,0,6,6,1,5,24,1.000000
1264,93,94,98,144,142,2,6,3,3,0.000000,2.000000,25,4,41,0,5,5,1,5,51,1.640000
1265,93,94,96,151,461,0,2,3,3,0.000000,2.000000,17,2,35,0,20,20,1,3,58,2.058824
1266,93,94,159,203,141,39,10,3,4,7.000000,15.000000,26,40,30,25,14,39,1,66,110,1.153846
1267,94,97,122,193,46,6,19,3,2,5.000000,5.000000,37,5,61,5,10,15,3,28,99,1.648649
1268,94,95,99,121,465,1,11,3,2,3.000000,3.000000,10,3,10,1,12,13,1,5,27,1.000000
1269,94,95,134,182,221,15,15,3,2,6.000000,6.000000,31,28,41,11,7,18,1,40,88,1.322581
1270,94,107,112,153,349,1,3,3,4,0.000000,2.000000,20,5,30,0,11,11,13,18,59,1.500000
1271,94,95,110,173,325,15,21,3,2,4.000000,4.000000,44,8,62,7,1,8,1,16,79,1.409091
1272,94,95,133,162,231,19,17,3,4,4.000000,11.000000,20,16,26,22,3,25,1,39,68,1.300000
1273,94,129,168,185,347,19,53,3,4,0.000000,6.000000,16,29,16,4,1,5,35,74,91,1.000000
1274,95,96,106,142,79,5,56,3,4,0.000000,1.000000,24,7,34,3,2,5,1,11,47,1.416667
1275,95,107,162,217,262,34,13,3,2,1.000000,1.000000,39,35,47,20,8,28,12,67,122,1.205128
1276,96,-1,-1,-1,-1,0,-1,-1,-1,-1.000000,-1.000000,24,0,0,0,0,0,-1,-1,-1,0.000000
1277,97,98,109,192,75,9,11,3,4,1.000000,11.000000,48,7,78,4,5,9,1,12,95,1.625000
1278,97,130,144,209,214,5,50,3,2,0.000000,0.000000,52,7,58,2,7,9,33,47,112,1.115385
1279,97,197,210,-1,237,1,9,3,4,0.000000,1.000000,45,11,36,2,4,6,100,113,-1,0.800000
1280,97,138,155,172,165,10,12,3,4,4.000000,6.000000,14,11,16,2,1,3,41,58,75,1.142857
1281,97,98,113,180,427,2,9,3,2,8.000000,8.000000,27,8,61,7,6,13,1,16,83,2.259259
1282,97,98,103,145,97,0,4,3,4,4.000000,7.000000,27,4,39,1,3,4,1,6,48,1.444444
1283,97,-1,-1,-1,-1,0,-1,-1,-1,-1.000000,-1.000000,63,0,0,0,0,0,-1,-1,-1,0.000000
1284,97,220,-1,-1,370,3,30,3,2,2.000000,4.000000,48,2,0,3,0,3,123,-1,-1,0.000000
1285,98,139,192,223,376,29,20,3,4,8.000000,16.000000,25,29,29,14,2,16,41,94,125,1.160000
1286,98,99,100,178,66,0,1,3,3,1.000000,1.000000,48,1,74,0,4,4,1,2,80,1.541667
1287,98,99,106,146,361,6,17,3,2,5.000000,5.000000,29,6,35,1,5,6,1,8,48,1.206897
1288,98,99,189,238,225,24,3,3,4,0.000000,6.000000,26,53,42,8,7,15,1,91,140,1.615385
1289,98,99,-1,-1,127,117,10,3,4,5.000000,12.000000,28,98,0,53,0,53,1,-1,-1,0.000000
1290,98,99,134,147,129,26,15,3,4,2.000000,8.000000,13,23,13,9,0,9,1,36,49,1.000000
1291,98,99,112,143,118,5,10,3,4,6.000000,14.000000,22,11,30,2,1,3,1,14,45,1.363636
1292,99,103,112,154,319,6,9,3,4,7.000000,10.000000,21,8,35,1,7,8,4,13,55,1.666667
1293,99,100,100,177,79,0,0,3,-1,-1.000000,-1.000000,23,0,61,0,16,16,1,1,78,2.652174
1294,99,100,155,167,129,42,16,3,2,2.000000,4.000000,9,33,11,18,1,19,1,56,68,1.222222
1295,99,100,164,178,360,33,12,3,4,1.000000,9.000000,10,41,12,23,2,25,1,65,79,1.200000
1296,99,100,104,122,228,3,14,3,4,2.000000,10.000000,11,3,17,1,1,2,1,5,23,1.545455
1297,100,101,111,173,143,2,4,3,4,0.000000,0.000000,47,9,61,1,1,2,1,11,73,1.297872
1298,100,101,162,221,309,31,18,3,2,8.000000,8.000000,48,47,52,14,7,21,1,62,121,1.083333
1299,100,103,148,198,204,30,16,3,2,2.000000,3.000000,22,33,42,12,8,20,3,48,98,1.909091
1300,100,101,105,178,335,2,19,3,4,5.000000,15.000000,51,3,69,1,4,5,1,5,78,1.352941
1301,100,-1,-1,-1,-1,0,-1,-1,-1,-1.000000,-1.000000,22,0,0,0,0,0,-1,-1,-1,0.000000
1302,100,188,-1,-1,233,1,23,3,2,0.000000,0.000000,28,3,0,0,0,0,88,-1,-1,0.000000
1303,100,103,103,183,186,0,0,3,-1,-1.000000,-1.000000,32,0,62,0,18,18,3,3,83,1.937500
1304,101,-1,-1,-1,-1,0,-1,-1,-1,-1.000000,-1.000000,29,0,0,0,0,0,-1,-1,-1,0.000000
1305,101,107,169,198,17,28,12,3,2,9.000000,9.000000,17,31,27,9,2,11,6,68,97,1.588235
1306,101,175,239,-1,89,45,54,3,4,4.000000,5.000000,25,33,11,18,0,18,74,138,-1,0.440000
1307,101,102,127,179,22,17,16,3,4,2.000000,12.000000,14,19,40,6,12,18,1,26,78,2.857143
1308,101,102,157,186,141,44,13,3,4,1.000000,9.000000,17,35,25,20,4,24,1,56,85,1.470588
1309,101,103,141,216,291,18,11,3,2,4.000000,4.000000,38,25,70,5,5,10,2,40,115,1.842105
1310,101,102,221,-1,360,62,13,3,2,0.000000,1.000000,32,88,24,31,5,36,1,120,-1,0.750000
1311,102,103,128,191,363,15,6,3,4,1.000000,9.000000,11,17,47,8,16,24,1,26,89,4.272727
1312,102,103,118,173,87,11,12,3,2,3.000000,3.000000,29,13,53,2,2,4,1,16,71,1.827586
1313,102,103,168,239,457,45,8,3,3,4.000000,6.000000,34,47,60,18,11,29,1,66,137,1.764706
1314,102,-1,-1,-1,-1,0,-1,-1,-1,-1.000000,-1.000000,40,0,0,0,0,0,-1,-1,-1,0.000000
1315,102,103,132,195,63,16,15,3,2,2.000000,3.000000,31,23,61,6,2,8,1,30,93,1.967742
1316,102,103,150,221,421,45,20,3,4,1.000000,5.000000,43,32,65,15,6,21,1,48,119,1.511628
1317,104,160,178,223,381,1,10,3,4,10.000000,10.000000,39,17,41,1,4,5,56,74,119,1.051282
1318,104,134,190,219,76,25,42,3,2,5.000000,7.000000,21,18,27,17,2,19,30,86,115,1.285714
1319,104,105,145,197,370,24,2,3,4,2.000000,2.000000,36,35,42,5,10,15,1,41,93,1.166667
1320,104,105,208,224,50,72,18,3,4,10.000000,14.000000,10,55,14,38,2,40,1,104,120,1.400000
1321,104,139,189,220,453,26,3,3,4,0.000000,5.000000,26,21,28,18,3,21,35,85,116,1.076923
1322,104,140,188,245,487,25,25,3,2,3.000000,3.000000,22,23,42,13,15,28,36,84,141,1.909091
1323,104,105,171,202,141,50,13,3,4,5.000000,11.000000,20,40,30,26,1,27,1,67,98,1.500000
1324,104,105,128,161,325,12,44,3,4,3.000000,9.000000,16,15,26,4,7,11,1,24,57,1.625000
1325,105,106,119,151,325,7,17,3,2,3.000000,4.000000,22,6,28,7,4,11,1,14,46,1.272727
1326,105,-1,-1,-1,-1,0,-1,-1,-1,-1.000000,-1.000000,27,0,0,0,0,0,-1,-1,-1,0.000000
1327,105,106,122,159,489,10,5,3,4,2.000000,5.000000,20,14,34,2,3,5,1,17,54,1.700000
1328,105,130,138,202,153,7,3,3,4,0.000000,6.000000,26,6,46,2,18,20,25,33,97,1.769231
1329,105,110,115,169,121,1,9,3,2,5.000000,5.000000,35,5,53,0,1,1,5,10,64,1.514286
1330,105,106,139,209,141,18,13,3,4,5.000000,10.000000,30,22,64,11,6,17,1,34,104,2.133333
1331,106,189,203,215,357,3,5,3,4,1.000000,4.000000,12,12,12,1,0,1,83,97,109,1.000000
1332,106,-1,-1,-1,-1,0,-1,-1,-1,-1.000000,-1.000000,15,0,0,0,0,0,-1,-1,-1,0.000000
1333,106,137,161,180,57,0,15,3,4,0.000000,0.000000,16,4,16,0,3,3,31,55,74,1.000000
1334,106,107,116,137,427,1,11,3,2,6.000000,6.000000,17,8,19,1,2,3,1,10,31,1.117647
1335,106,107,110,185,244,1,7,3,4,0.000000,8.000000,29,1,63,2,12,14,1,4,79,2.172414
1336,106,107,246,-1,344,72,14,3,4,2.000000,9.000000,25,93,4,46,0,46,1,140,-1,0.160000
1337,107,108,150,193,238,35,10,3,4,7.000000,12.000000,27,22,37,20,6,26,1,43,86,1.370370
1338,107,108,165,195,120,31,16,3,2,6.000000,6.000000,24,43,28,14,2,16,1,58,88,1.166667
1339,107,108,135,171,292,16,13,3,2,11.000000,11.000000,25,16,33,11,3,14,1,28,64,1.320000
1340,107,108,112,195,494,0,4,3,4,0.000000,4.000000,31,4,61,0,22,22,1,5,88,1.967742
1341,107,-1,-1,-1,-1,0,-1,-1,-1,-1.000000,-1.000000,49,0,0,0,0,0,-1,-1,-1,0.000000
1342,108,109,145,201,171,32,18,3,2,1.000000,1.000000,44,30,52,6,4,10,1,37,93,1.181818
1343,108,109,220,-1,133,71,19,3,2,1.000000,2.000000,23,74,27,37,3,40,1,112,-1,1.173913
1344,108,109,126,184,162,8,14,3,4,2.000000,9.000000,12,14,42,3,16,19,1,18,76,3.500000
1345,108,131,-1,-1,150,100,22,3,2,6.000000,6.000000,15,81,0,38,0,38,23,-1,-1,0.000000
1346,108,109,167,213,63,40,10,3,2,2.000000,2.000000,29,43,43,15,3,18,1,59,105,1.482759
1347,108,109,138,176,354,19,4,3,4,0.000000,10.000000,30,21,34,8,4,12,1,30,68,1.133333
1348,109,110,181,207,357,48,51,3,3,0.000000,2.000000,18,52,24,18,2,20,1,72,98,1.333333
1349,109,110,121,171,250,5,13,3,4,13.000000,25.000000,37,9,45,2,5,7,1,12,62,1.216216
1350,109,116,141,199,46,17,4,3,4,6.000000,6.000000,40,14,54,10,4,14,7,32,90,1.350000
1351,109,110,131,181,1,16,5,3,4,0.000000,3.000000,19,15,31,6,19,25,1,22,72,1.631579
1352,109,130,186,239,173,19,43,3,2,0.000000,6.000000,45,25,49,5,4,9,21,77,130,1.088889
1353,110,220,-1,-1,325,2,32,3,4,3.000000,6.000000,28,2,0,2,0,2,110,-1,-1,0.000000
1354,110,111,114,197,338,2,12,3,4,4.000000,9.000000,31,0,71,3,12,15,1,4,87,2.290323
1355,110,111,156,176,371,25,22,3,2,2.000000,2.000000,13,39,17,6,3,9,1,46,66,1.307692
1356,110,111,126,159,28,12,14,3,2,1.000000,2.000000,24,7,28,8,5,13,1,16,49,1.166667
1357,111,112,114,167,383,0,2,3,3,0.000000,0.000000,22,2,44,0,9,9,1,3,56,2.000000
1358,111,112,117,174,105,2,5,3,4,4.000000,4.000000,44,5,56,0,1,1,1,6,63,1.272727
1359,111,112,117,181,162,1,14,3,4,2.000000,9.000000,16,2,44,3,20,23,1,6,70,2.750000
1360,111,112,124,175,132,4,16,3,2,1.000000,1.000000,12,10,38,2,13,15,1,13,64,3.166667
1361,112,120,126,165,474,2,35,3,2,9.000000,10.000000,31,4,35,1,4,5,8,14,53,1.129032
1362,112,113,121,151,348,0,7,3,4,6.000000,7.000000,26,7,28,1,2,3,1,9,39,1.076923
1363,112,113,196,212,148,74,14,3,2,7.000000,7.000000,15,59,15,24,1,25,1,84,100,1.000000
1364,112,113,113,167,368,0,0,3,-1,-1.000000,-1.000000,32,0,46,0,8,8,1,1,55,1.437500
1365,113,133,158,212,183,13,5,3,4,1.000000,6.000000,29,16,37,9,17,26,20,45,99,1.275862
1366,113,116,195,237,152,52,8,3,4,3.000000,8.000000,23,57,35,20,7,27,3,82,124,1.521739
1367,113,175,240,-1,300,46,40,3,2,0.000000,2.000000,52,30,10,20,0,20,62,127,-1,0.192308
1368,113,114,134,169,2,16,18,3,4,7.000000,11.000000,19,16,29,4,6,10,1,21,56,1.526316
1369,113,114,193,236,35,61,6,3,4,0.000000,6.000000,30,59,36,20,7,27,1,80,123,1.200000
1370,113,114,131,158,244,13,3,3,4,1.000000,5.000000,16,10,20,7,7,14,1,18,45,1.250000
1371,113,114,145,168,325,29,22,3,2,1.000000,1.000000,19,21,23,10,0,10,1,32,55,1.210526
1372,113,-1,-1,-1,-1,0,-1,-1,-1,-1.000000,-1.000000,27,0,0,0,0,0,-1,-1,-1,0.000000
1373,113,114,117,166,437,1,11,3,2,6.000000,6.000000,11,2,39,1,10,11,1,4,53,3.545455
1374,114,-1,-1,-1,-1,0,-1,-1,-1,-1.000000,-1.000000,39,0,0,0,0,0,-1,-1,-1,0.000000
1375,114,116,134,196,422,4,9,3,4,0.000000,6.000000,25,10,45,2,17,19,2,20,82,1.800000
1376,114,115,118,209,258,1,5,3,4,0.000000,11.000000,30,2,72,1,19,20,1,4,95,2.400000
1377,114,115,156,170,238,33,13,3,4,11.000000,18.000000,12,31,14,10,0,10,1,42,56,1.166667
1378,114,115,230,-1,412,63,15,3,2,16.000000,16.000000,31,87,16,28,4,32,1,116,-1,0.516129
1379,114,115,191,244,148,66,44,3,2,0.000000,4.000000,43,56,51,17,2,19,1,77,130,1.186047
1380,114,142,193,-1,434,6,10,3,4,0.000000,2.000000,46,10,55,1,2,3,28,79,-1,1.195652
1381,114,-1,-1,-1,-1,0,-1,-1,-1,-1.000000,-1.000000,25,0,0,0,0,0,-1,-1,-1,0.000000
1382,115,119,119,157,263,0,0,3,-1,-1.000000,-1.000000,30,0,32,0,6,6,4,4,42,1.066667
1383,115,116,124,161,68,5,46,3,2,6.000000,7.000000,20,8,28,0,9,9,1,9,46,1.400000
1384,115,116,120,136,35,0,4,3,4,0.000000,3.000000,10,4,16,0,0,0,1,5,21,1.600000
1385,116,117,143,200,148,25,20,3,2,3.000000,3.000000,47,14,57,12,0,12,1,27,84,1.212766
1386,116,117,178,220,360,46,11,3,4,0.000000,3.000000,23,51,39,10,3,13,1,62,104,1.695652
1387,116,117,133,199,447,11,16,3,4,3.000000,6.000000,25,12,51,4,15,19,1,17,83,2.040000
1388,116,117,150,176,70,26,3,3,4,0.000000,1.000000,17,22,21,11,5,16,1,34,60,1.235294
1389,116,121,125,207,183,1,9,3,4,6.000000,10.000000,31,4,57,0,25,25,5,9,91,1.838710
1390,117,118,121,186,258,0,3,3,4,2.000000,3.000000,25,3,63,0,2,2,1,4,69,2.520000
1391,117,118,118,168,244,0,0,3,-1,-1.000000,-1.000000,22,0,42,0,8,8,1,1,51,1.909091
1392,117,-1,-1,-1,-1,0,-1,-1,-1,-1.000000,-1.000000,65,0,0,0,0,0,-1,-1,-1,0.000000
1393,117,118,137,192,360,9,12,3,2,1.000000,1.000000,43,14,51,4,4,8,1,20,75,1.186047
1394,117,124,127,163,183,1,6,3,4,0.000000,7.000000,27,2,29,1,7,8,7,10,46,1.074074
1395,117,118,120,187,46,0,2,3,3,0.000000,1.000000,21,2,53,0,14,14,1,3,70,2.523810
1396,118,131,201,250,459,55,12,3,2,4.000000,4.000000,29,37,47,31,2,33,13,83,132,1.620690
1397,118,119,127,187,400,0,4,3,4,1.000000,4.000000,43,8,53,0,7,7,1,9,69,1.232558
1398,118,119,-1,-1,68,108,8,3,2,2.000000,2.000000,27,102,0,29,0,29,1,-1,-1,0.000000
1399,119,142,169,226,409,19,25,3,2,5.000000,6.000000,45,22,51,2,6,8,23,50,107,1.133333
1400,119,-1,-1,-1,-1,0,-1,-1,-1,-1.000000,-1.000000,26,0,0,0,0,0,-1,-1,-1,0.000000
1401,119,-1,-1,-1,-1,0,-1,-1,-1,-1.000000,-1.000000,25,0,0,0,0,0,-1,-1,-1,0.000000
1402,119,120,174,190,68,48,49,3,2,0.000000,2.000000,15,41,15,13,1,14,1,55,71,1.000000
1403,119,120,160,227,468,31,2,3,3,1.000000,1.000000,32,33,50,7,17,24,1,41,108,1.562500
1404,119,120,-1,-1,87,110,22,3,4,4.000000,10.000000,36,96,0,34,0,34,1,-1,-1,0.000000
1405,119,120,-1,-1,350,110,1,3,3,0.000000,0.000000,41,94,0,36,0,36,1,-1,-1,0.000000
1406,119,120,125,149,183,3,6,3,4,0.000000,8.000000,20,3,24,2,0,2,1,6,30,1.200000
1407,120,248,-1,-1,298,2,7,3,4,0.000000,3.000000,48,1,0,1,0,1,128,-1,-1,0.000000
1408,120,-1,-1,-1,-1,0,-1,-1,-1,-1.000000,-1.000000,11,0,0,0,0,0,-1,-1,-1,0.000000
1409,120,121,183,237,468,52,2,3,3,1.000000,1.000000,28,45,44,17,10,27,1,63,117,1.571429
1410,120,121,141,198,271,16,13,3,2,2.000000,2.000000,44,13,52,7,5,12,1,21,78,1.181818
1411,120,121,201,228,350,62,3,3,4,0.000000,0.000000,18,54,20,26,7,33,1,81,108,1.111111
1412,120,121,136,184,108,13,14,3,4,3.000000,8.000000,18,11,36,4,12,16,1,16,64,2.000000
1413,120,121,134,158,264,7,6,3,4,6.000000,6.000000,12,12,16,1,8,9,1,14,38,1.333333
1414,121,122,137,153,371,14,27,3,4,6.000000,12.000000,14,7,14,8,2,10,1,16,32,1.000000
1415,121,122,147,188,360,13,11,3,4,0.000000,1.000000,30,16,38,8,3,11,1,26,67,1.266667
1416,121,-1,-1,-1,-1,0,-1,-1,-1,-1.000000,-1.000000,37,0,0,0,0,0,-1,-1,-1,0.000000
1417,121,-1,-1,-1,-1,0,-1,-1,-1,-1.000000,-1.000000,30,0,0,0,0,0,-1,-1,-1,0.000000
1418,121,140,249,-1,238,64,26,3,2,3.000000,3.000000,23,61,0,29,1,30,19,128,-1,0.000000
1419,121,122,163,209,50,24,21,3,2,5.000000,5.000000,36,26,44,7,2,9,1,42,88,1.222222
1420,121,123,151,181,93,19,20,3,2,7.000000,7.000000,17,11,23,9,7,16,2,30,60,1.352941
1421,121,122,124,173,176,2,13,3,2,2.000000,2.000000,21,1,33,1,16,17,1,3,52,1.571429
1422,121,123,168,212,193,16,17,3,2,4.000000,4.000000,24,19,44,8,0,8,2,47,91,1.833333
1423,122,123,146,220,274,21,7,3,4,0.000000,5.000000,33,16,55,7,19,26,1,24,98,1.666667
1424,122,-1,-1,-1,-1,0,-1,-1,-1,-1.000000,-1.000000,32,0,0,0,0,0,-1,-1,-1,0.000000
1425,122,123,157,236,231,25,25,3,2,2.000000,3.000000,45,19,73,15,6,21,1,35,114,1.622222
1426,122,123,179,239,176,43,17,3,2,2.000000,2.000000,19,37,43,19,17,36,1,57,117,2.263158
1427,122,123,174,207,302,40,4,3,4,0.000000,5.000000,24,37,28,14,5,19,1,52,85,1.166667
1428,122,123,153,210,120,14,23,3,2,3.000000,4.000000,31,24,51,6,6,12,1,31,88,1.645161
1429,123,127,138,198,183,3,4,3,4,0.000000,5.000000,48,3,56,3,4,7,4,15,75,1.166667
1430,123,124,127,188,264,1,2,3,3,0.000000,2.000000,34,3,56,0,5,5,1,4,65,1.647059
1431,123,-1,-1,-1,-1,0,-1,-1,-1,-1.000000,-1.000000,33,0,0,0,0,0,-1,-1,-1,0.000000
1432,123,124,126,204,238,1,12,3,2,8.000000,8.000000,39,0,77,2,1,3,1,3,81,1.974359
1433,123,124,240,-1,437,85,10,3,4,10.000000,16.000000,27,76,7,40,3,43,1,117,-1,0.259259
1434,124,125,143,206,88,18,20,3,4,2.000000,5.000000,42,15,62,3,1,4,1,19,82,1.476190
1435,124,125,148,185,329,12,14,3,2,0.000000,0.000000,26,14,36,9,1,10,1,24,61,1.384615
1436,124,142,171,245,0,20,16,3,2,1.000000,1.000000,61,19,71,6,3,9,18,47,121,1.163934
1437,124,125,168,231,139,28,4,3,4,1.000000,1.000000,48,37,56,6,7,13,1,44,107,1.166667
1438,125,126,132,204,250,4,6,3,4,6.000000,10.000000,49,4,71,2,1,3,1,7,79,1.448980
1439,125,-1,-1,-1,-1,0,-1,-1,-1,-1.000000,-1.000000,51,0,0,0,0,0,-1,-1,-1,0.000000
1440,125,-1,-1,-1,-1,0,-1,-1,-1,-1.000000,-1.000000,58,0,0,0,0,0,-1,-1,-1,0.000000
1441,126,248,-1,-1,186,2,33,3,2,1.000000,1.000000,41,1,0,1,0,1,122,-1,-1,0.000000
1442,126,127,151,202,193,14,13,3,2,4.000000,4.000000,45,16,47,8,4,12,1,25,76,1.044444
1443,126,-1,-1,-1,-1,0,-1,-1,-1,-1.000000,-1.000000,29,0,0,0,0,0,-1,-1,-1,0.000000
1444,126,127,157,189,437,24,10,3,4,6.000000,6.000000,17,21,27,9,5,14,1,31,63,1.588235
1445,127,-1,-1,-1,-1,0,-1,-1,-1,-1.000000,-1.000000,49,0,0,0,0,0,-1,-1,-1,0.000000
1446,127,128,136,188,192,4,8,3,4,0.000000,8.000000,30,6,46,2,6,8,1,9,61,1.533333
1447,127,128,135,177,347,5,10,3,2,0.000000,0.000000,35,5,41,2,1,3,1,8,50,1.171429
1448,127,128,141,208,274,11,9,3,4,0.000000,4.000000,41,9,65,4,2,6,1,14,81,1.585366
1449,127,128,165,183,285,33,3,3,4,0.000000,6.000000,16,22,16,15,2,17,1,38,56,1.000000
1450,128,129,239,-1,441,36,18,3,2,3.000000,6.000000,40,79,10,31,1,32,1,111,-1,0.250000
1451,128,142,166,197,421,14,8,3,4,0.000000,5.000000,18,14,24,5,7,12,14,38,69,1.333333
1452,128,140,167,215,453,4,2,3,3,0.000000,0.000000,38,6,42,2,6,8,12,39,87,1.105263
1453,128,129,144,192,116,14,12,3,2,1.000000,1.000000,27,12,45,3,3,6,1,16,64,1.666667
1454,128,129,144,209,78,2,16,3,2,3.000000,3.000000,30,13,54,2,11,13,1,16,81,1.800000
1455,128,129,153,173,107,20,2,3,4,2.000000,3.000000,15,21,19,3,1,4,1,25,45,1.266667
1456,128,129,131,171,14,1,15,3,2,4.000000,5.000000,7,1,29,1,11,12,1,3,43,4.142857
1457,128,135,183,238,65,34,3,3,4,0.000000,6.000000,32,32,48,14,7,21,7,55,110,1.500000
1458,129,-1,-1,-1,-1,0,-1,-1,-1,-1.000000,-1.000000,42,0,0,0,0,0,-1,-1,-1,0.000000
1459,129,-1,-1,-1,-1,0,-1,-1,-1,-1.000000,-1.000000,25,0,0,0,0,0,-1,-1,-1,0.000000
1460,129,142,164,247,228,11,24,3,2,2.000000,3.000000,44,13,76,3,7,10,13,35,118,1.727273
1461,129,150,163,209,395,8,14,3,2,6.000000,6.000000,44,10,46,1,0,1,21,34,80,1.045455
1462,129,-1,-1,-1,-1,0,-1,-1,-1,-1.000000,-1.000000,36,0,0,0,0,0,-1,-1,-1,0.000000
1463,129,130,190,214,475,9,12,3,2,7.000000,7.000000,17,13,23,7,1,8,1,61,85,1.352941
1464,129,-1,-1,-1,-1,0,-1,-1,-1,-1.000000,-1.000000,50,0,0,0,0,0,-1,-1,-1,0.000000
1465,130,132,150,202,355,4,13,3,2,7.000000,7.000000,25,6,41,1,11,12,2,20,72,1.640000
1466,130,141,150,216,499,2,16,3,2,6.000000,6.000000,50,9,60,0,6,6,11,20,86,1.200000
1467,130,131,167,243,486,33,14,3,4,0.000000,3.000000,52,23,74,13,2,15,1,37,113,1.423077
1468,130,131,236,-1,210,80,40,3,4,2.000000,9.000000,17,85,12,20,2,22,1,106,-1,0.705882
1469,131,176,245,-1,487,40,33,3,2,2.000000,4.000000,28,40,5,11,0,11,45,114,-1,0.178571
1470,131,132,238,-1,358,88,44,3,4,1.000000,11.000000,52,76,11,30,1,31,1,107,-1,0.211538
1471,131,135,219,-1,273,65,5,3,3,0.000000,6.000000,25,52,30,30,1,31,4,88,-1,1.200000
1472,132,133,151,204,14,16,11,3,4,2.000000,11.000000,41,14,47,4,6,10,1,19,72,1.146341
1473,132,133,134,199,474,0,1,3,3,1.000000,1.000000,34,1,64,0,1,1,1,2,67,1.882353
1474,132,133,203,239,197,63,22,3,4,2.000000,9.000000,28,39,32,31,4,35,1,71,107,1.142857
1475,132,143,203,-1,376,27,21,3,2,7.000000,7.000000,48,25,47,11,0,11,11,71,-1,0.979167
1476,132,133,151,177,22,17,17,3,4,5.000000,9.000000,23,11,23,7,3,10,1,19,45,1.000000
1477,133,134,171,220,160,26,15,3,2,5.000000,6.000000,39,29,45,8,4,12,1,38,87,1.153846
1478,133,134,183,245,205,40,20,3,2,1.000000,1.000000,51,36,59,13,3,16,1,50,112,1.156863
1479,133,134,226,246,135,66,12,3,2,2.000000,2.000000,15,70,19,22,1,23,1,93,113,1.266667
1480,133,-1,-1,-1,-1,0,-1,-1,-1,-1.000000,-1.000000,41,0,0,0,0,0,-1,-1,-1,0.000000
1481,133,-1,-1,-1,-1,0,-1,-1,-1,-1.000000,-1.000000,35,0,0,0,0,0,-1,-1,-1,0.000000
1482,133,134,199,-1,360,49,3,3,4,6.000000,6.000000,24,44,42,20,9,29,1,66,-1,1.750000
1483,133,-1,-1,-1,-1,0,-1,-1,-1,-1.000000,-1.000000,54,0,0,0,0,0,-1,-1,-1,0.000000
1484,133,134,155,214,486,15,12,3,4,0.000000,4.000000,51,15,57,6,2,8,1,22,81,1.117647
1485,134,135,-1,-1,395,97,10,3,2,6.000000,6.000000,7,70,0,44,0,44,1,-1,-1,0.000000
1486,134,135,148,181,472,10,10,3,4,0.000000,10.000000,30,10,32,3,1,4,1,14,47,1.066667
1487,134,135,194,205,421,44,14,3,4,1.000000,2.000000,8,36,10,19,1,20,1,60,71,1.250000
1488,134,135,135,173,437,0,0,3,-1,-1.000000,-1.000000,24,0,32,0,6,6,1,1,39,1.333333
1489,134,142,180,203,245,15,25,3,2,2.000000,3.000000,21,21,23,9,0,9,8,46,69,1.095238
1490,134,-1,-1,-1,-1,0,-1,-1,-1,-1.000000,-1.000000,29,0,0,0,0,0,-1,-1,-1,0.000000
1491,134,-1,-1,-1,-1,0,-1,-1,-1,-1.000000,-1.000000,19,0,0,0,0,0,-1,-1,-1,0.000000
1492,134,135,169,235,120,28,13,3,4,1.000000,7.000000,38,31,64,3,2,5,1,35,101,1.684211
1493,134,140,148,226,246,0,8,3,4,0.000000,2.000000,64,7,70,0,8,8,6,14,92,1.093750
1494,134,135,144,224,135,4,12,3,2,1.000000,2.000000,46,1,78,8,2,10,1,10,90,1.695652
1495,135,151,196,247,359,29,15,3,4,7.000000,11.000000,42,31,50,9,1,10,16,61,112,1.190476
1496,135,136,141,191,120,2,15,3,2,1.000000,5.000000,23,5,39,0,11,11,1,6,56,1.695652
1497,135,-1,-1,-1,-1,0,-1,-1,-1,-1.000000,-1.000000,21,0,0,0,0,0,-1,-1,-1,0.000000
1498,135,136,148,171,136,8,22,3,2,0.000000,0.000000,20,9,20,3,3,6,1,13,36,1.000000
1499,136,137,150,192,495,11,7,3,4,1.000000,10.000000,29,9,39,4,3,7,1,14,56,1.344828
1500,136,137,162,177,313,20,19,3,4,2.000000,7.000000,13,21,15,4,0,4,1,26,41,1.153846
1501,136,137,200,-1,136,55,19,3,2,2.000000,2.000000,36,43,37,20,13,33,1,64,-1,1.027778
1502,136,-1,-1,-1,-1,0,-1,-1,-1,-1.000000,-1.000000,15,0,0,0,0,0,-1,-1,-1,0.000000
1503,136,-1,-1,-1,-1,0,-1,-1,-1,-1.000000,-1.000000,35,0,0,0,0,0,-1,-1,-1,0.000000
1504,136,137,159,228,49,14,14,3,4,4.000000,10.000000,35,16,67,6,2,8,1,23,92,1.914286
1505,136,137,138,184,115,0,1,3,3,0.000000,2.000000,11,1,29,0,17,17,1,2,48,2.636364
1506,137,138,198,212,417,49,11,3,2,7.000000,8.000000,14,40,14,20,0,20,1,61,75,1.000000
1507,137,138,186,205,49,37,11,3,2,5.000000,5.000000,19,31,19,17,0,17,1,49,68,1.000000
1508,137,-1,-1,-1,-1,0,-1,-1,-1,-1.000000,-1.000000,50,0,0,0,0,0,-1,-1,-1,0.000000
1509,137,138,165,210,472,12,7,3,4,2.000000,10.000000,38,21,40,6,5,11,1,28,73,1.052632
1510,137,143,191,249,335,19,19,3,4,4.000000,10.000000,29,19,47,6,11,17,6,54,112,1.620690
1511,137,138,-1,-1,486,104,8,3,3,0.000000,1.000000,22,84,0,28,0,28,1,-1,-1,0.000000
1512,137,138,-1,-1,16,101,38,3,4,0.000000,10.000000,28,90,0,22,0,22,1,-1,-1,0.000000
1513,138,139,155,211,262,7,16,3,2,5.000000,5.000000,20,10,50,5,6,11,1,17,73,2.500000
1514,138,159,194,-1,253,20,20,3,2,7.000000,7.000000,26,16,43,8,13,21,21,56,-1,1.653846
1515,138,139,166,221,193,17,11,3,2,5.000000,5.000000,45,23,53,4,2,6,1,28,83,1.177778
1516,139,140,164,223,184,17,5,3,4,0.000000,2.000000,32,17,46,7,13,20,1,25,84,1.437500
1517,139,151,161,238,129,3,9,3,3,0.000000,3.000000,32,4,60,1,17,18,12,22,99,1.875000
1518,139,147,186,-1,133,1,8,3,4,1.000000,8.000000,52,5,58,0,6,6,8,47,-1,1.115385
1519,139,140,173,188,417,26,13,3,2,9.000000,9.000000,12,27,12,6,3,9,1,34,49,1.000000
1520,139,142,172,222,447,25,13,3,2,1.000000,1.000000,29,16,47,13,3,16,3,33,83,1.620690
1521,139,140,214,-1,99,58,2,3,4,0.000000,0.000000,29,47,36,27,0,27,1,75,-1,1.241379
1522,140,144,170,228,352,23,11,3,3,2.000000,4.000000,35,16,43,10,15,25,4,30,88,1.228571
1523,140,141,160,240,174,11,14,3,4,1.000000,4.000000,19,8,65,11,15,26,1,20,100,3.421053
1524,140,147,198,238,72,0,3,3,4,0.000000,6.000000,33,4,35,1,5,6,7,58,98,1.060606
1525,140,141,219,250,184,69,4,3,4,0.000000,0.000000,16,53,24,25,7,32,1,79,110,1.500000
1526,140,-1,-1,-1,-1,0,-1,-1,-1,-1.000000,-1.000000,23,0,0,0,0,0,-1,-1,-1,0.000000
1527,140,141,243,-1,283,90,10,3,4,0.000000,6.000000,47,83,7,19,0,19,1,103,-1,0.148936
1528,140,142,224,-1,150,67,21,3,2,3.000000,3.000000,36,60,22,22,4,26,2,84,-1,0.611111
1529,140,142,177,222,180,15,20,3,4,2.000000,8.000000,28,21,40,6,5,11,2,37,82,1.428571
1530,140,-1,-1,-1,-1,0,-1,-1,-1,-1.000000,-1.000000,48,0,0,0,0,0,-1,-1,-1,0.000000
1531,141,142,177,228,401,26,2,3,3,0.000000,1.000000,36,24,46,11,5,16,1,36,87,1.277778
1532,141,151,178,227,395,10,13,3,2,2.000000,2.000000,40,14,44,4,5,9,10,37,86,1.100000
1533,141,142,148,181,472,3,4,3,4,2.000000,10.000000,16,6,26,0,7,7,1,7,40,1.625000
1534,141,142,147,207,193,1,11,3,2,6.000000,6.000000,24,4,48,1,12,13,1,6,66,2.000000
1535,141,142,191,213,35,40,8,3,4,0.000000,5.000000,15,39,19,10,3,13,1,50,72,1.266667
1536,141,142,168,184,223,12,20,3,2,1.000000,1.000000,11,11,15,6,1,7,1,27,43,1.363636
1537,142,143,154,196,223,1,19,3,4,2.000000,6.000000,25,2,31,1,11,12,1,12,54,1.240000
1538,142,143,173,232,174,23,16,3,4,1.000000,5.000000,19,17,49,13,10,23,1,31,90,2.578947
1539,142,-1,-1,-1,-1,0,-1,-1,-1,-1.000000,-1.000000,36,0,0,0,0,0,-1,-1,-1,0.000000
1540,142,143,174,218,222,27,18,3,2,4.000000,4.000000,41,20,43,11,1,12,1,32,76,1.048780
1541,142,147,147,222,355,0,0,3,-1,-1.000000,-1.000000,39,0,65,0,10,10,5,5,80,1.666667
1542,143,144,164,223,91,18,18,3,2,7.000000,7.000000,30,15,52,5,7,12,1,21,80,1.733333
1543,143,-1,-1,-1,-1,0,-1,-1,-1,-1.000000,-1.000000,27,0,0,0,0,0,-1,-1,-1,0.000000
1544,143,144,148,174,93,1,16,3,2,8.000000,8.000000,16,4,24,0,2,2,1,5,31,1.500000
1545,143,144,177,233,35,26,5,3,4,0.000000,0.000000,29,21,43,12,13,25,1,34,90,1.482759
1546,143,144,160,208,222,11,19,3,2,7.000000,7.000000,16,11,32,4,16,20,1,17,65,2.000000
1547,143,144,192,-1,59,45,9,3,3,2.000000,2.000000,42,31,56,17,2,19,1,49,-1,1.333333
1548,144,145,203,-1,352,40,5,3,3,1.000000,2.000000,28,40,35,18,12,30,1,59,-1,1.250000
1549,144,248,-1,-1,422,1,31,3,2,3.000000,5.000000,51,0,0,2,0,2,104,-1,-1,0.000000
1550,144,145,217,-1,220,65,16,3,4,2.000000,10.000000,13,36,25,34,8,42,1,73,-1,1.923077
1551,145,146,158,246,318,6,10,3,2,5.000000,5.000000,61,11,85,1,3,4,1,13,101,1.393443
1552,145,-1,-1,-1,-1,0,-1,-1,-1,-1.000000,-1.000000,31,0,0,0,0,0,-1,-1,-1,0.000000
1553,145,146,228,-1,233,75,21,3,2,2.000000,2.000000,15,61,13,21,9,30,1,83,-1,0.866667
1554,145,146,178,248,315,19,12,3,4,4.000000,15.000000,35,26,69,6,1,7,1,33,103,1.971429
1555,146,-1,-1,-1,-1,0,-1,-1,-1,-1.000000,-1.000000,42,0,0,0,0,0,-1,-1,-1,0.000000
1556,146,-1,-1,-1,-1,0,-1,-1,-1,-1.000000,-1.000000,37,0,0,0,0,0,-1,-1,-1,0.000000
1557,146,147,225,-1,222,58,20,3,4,4.000000,8.000000,54,53,24,23,1,24,1,79,-1,0.444444
1558,146,147,186,235,45,23,7,3,4,0.000000,2.000000,18,24,40,9,9,18,1,40,89,2.222222
1559,146,147,205,-1,196,40,14,3,2,3.000000,3.000000,31,40,39,18,6,24,1,59,-1,1.258065
1560,146,154,239,-1,165,39,13,3,2,4.000000,4.000000,41,41,11,13,0,13,8,93,-1,0.268293
1561,147,148,150,187,108,0,2,3,3,0.000000,0.000000,19,2,31,0,6,6,1,3,40,1.631579
1562,147,148,164,211,222,9,13,3,4,6.000000,11.000000,26,14,46,2,1,3,1,17,64,1.769231
1563,147,148,237,-1,262,49,15,3,4,6.000000,13.000000,46,61,12,25,1,26,1,90,-1,0.260870
1564,147,148,-1,-1,136,85,22,3,2,0.000000,0.000000,40,74,0,28,0,28,1,-1,-1,0.000000
1565,147,192,192,207,352,0,0,3,-1,-1.000000,-1.000000,14,0,14,0,1,1,45,45,60,1.000000
1566,148,176,-1,-1,251,44,33,3,2,2.000000,3.000000,22,43,0,11,0,11,28,-1,-1,0.000000
1567,148,149,170,195,84,8,13,3,2,6.000000,6.000000,14,15,16,6,9,15,1,22,47,1.142857
1568,148,149,156,184,223,4,15,3,4,2.000000,4.000000,17,4,23,3,5,8,1,8,36,1.352941
1569,148,149,157,215,358,1,44,3,4,1.000000,7.000000,33,8,43,0,15,15,1,9,67,1.303030
1570,148,149,166,194,49,16,18,3,2,0.000000,4.000000,25,13,27,4,1,5,1,18,46,1.080000
1571,148,-1,-1,-1,-1,0,-1,-1,-1,-1.000000,-1.000000,13,0,0,0,0,0,-1,-1,-1,0.000000
1572,148,149,157,169,262,4,15,3,4,6.000000,11.000000,12,4,12,4,0,4,1,9,21,1.000000
1573,149,150,-1,-1,259,83,10,3,2,2.000000,2.000000,34,77,0,23,0,23,1,-1,-1,0.000000
1574,149,-1,-1,-1,-1,0,-1,-1,-1,-1.000000,-1.000000,25,0,0,0,0,0,-1,-1,-1,0.000000
1575,149,150,239,-1,136,76,20,3,2,1.000000,1.000000,12,68,10,21,1,22,1,90,-1,0.833333
1576,149,151,-1,-1,432,80,17,3,2,7.000000,7.000000,49,67,0,31,0,31,2,-1,-1,0.000000
1577,150,159,174,203,216,4,17,3,2,4.000000,4.000000,19,5,25,2,4,6,9,24,53,1.315789
1578,150,151,173,228,305,13,14,3,2,1.000000,1.000000,32,15,40,7,15,22,1,23,78,1.250000
1579,150,151,167,191,315,8,10,3,2,5.000000,5.000000,19,13,21,3,3,6,1,17,41,1.105263
1580,150,249,-1,-1,303,0,20,3,4,0.000000,3.000000,39,0,0,1,0,1,99,-1,-1,0.000000
1581,150,151,161,191,222,4,14,3,2,3.000000,3.000000,27,6,29,4,1,5,1,11,41,1.074074
1582,150,159,-1,-1,210,49,13,3,2,2.000000,2.000000,12,48,0,16,0,16,9,-1,-1,0.000000
1583,150,151,159,229,358,5,20,3,2,2.000000,2.000000,56,6,68,2,2,4,1,9,79,1.214286
1584,150,-1,-1,-1,-1,0,-1,-1,-1,-1.000000,-1.000000,47,0,0,0,0,0,-1,-1,-1,0.000000
1585,151,152,171,221,85,14,30,3,2,1.000000,1.000000,43,15,47,4,3,7,1,20,70,1.093023
1586,151,152,153,196,160,0,1,3,3,0.000000,1.000000,36,1,40,0,3,3,1,2,45,1.111111
1587,151,159,211,242,335,15,16,3,2,4.000000,4.000000,26,19,30,5,1,6,8,60,91,1.153846
1588,151,152,152,181,195,0,0,3,-1,-1.000000,-1.000000,20,0,24,0,5,5,1,1,30,1.200000
1589,151,152,226,-1,34,54,5,3,3,0.000000,9.000000,24,53,19,20,5,25,1,75,-1,0.791667
1590,151,152,158,196,315,4,9,3,2,6.000000,6.000000,25,6,37,0,1,1,1,7,45,1.480000
1591,151,152,191,224,245,14,24,3,4,1.000000,8.000000,23,21,25,6,8,14,1,40,73,1.086957
1592,151,159,193,238,395,20,8,3,4,0.000000,5.000000,19,22,29,9,16,25,8,42,87,1.526316
1593,151,152,197,-1,196,32,14,3,2,5.000000,5.000000,20,23,44,22,9,31,1,46,-1,2.200000
1594,152,153,172,182,497,8,17,3,2,2.000000,2.000000,8,17,8,2,2,4,1,20,30,1.000000
1595,152,153,157,184,237,0,4,3,3,2.000000,8.000000,20,4,22,0,5,5,1,5,32,1.100000
1596,152,153,231,-1,220,61,15,3,2,3.000000,5.000000,41,48,19,25,0,25,1,79,-1,0.463415
1597,152,154,172,212,15,8,15,3,4,1.000000,5.000000,29,9,33,4,7,11,2,20,60,1.137931
1598,153,164,202,219,478,21,12,3,2,3.000000,4.000000,11,25,13,12,4,16,11,49,66,1.181818
1599,153,-1,-1,-1,-1,0,-1,-1,-1,-1.000000,-1.000000,29,0,0,0,0,0,-1,-1,-1,0.000000
1600,153,154,175,213,338,20,18,3,2,5.000000,6.000000,28,12,34,9,4,13,1,22,60,1.214286
1601,153,154,198,-1,479,41,17,3,2,4.000000,4.000000,24,30,37,14,15,29,1,45,-1,1.541667
1602,153,154,220,-1,221,57,13,3,4,4.000000,4.000000,9,56,27,10,3,13,1,67,-1,3.000000
1603,153,154,-1,-1,415,74,10,3,2,8.000000,8.000000,53,62,0,34,0,34,1,-1,-1,0.000000
1604,153,154,198,-1,262,39,22,3,4,2.000000,12.000000,23,31,29,13,23,36,1,45,-1,1.260870
1605,153,-1,-1,-1,-1,0,-1,-1,-1,-1.000000,-1.000000,29,0,0,0,0,0,-1,-1,-1,0.000000
1606,153,154,160,222,407,2,7,3,4,0.000000,6.000000,47,6,59,0,3,3,1,7,69,1.255319
1607,153,154,200,229,209,43,20,3,2,1.000000,4.000000,25,34,27,12,2,14,1,47,76,1.080000
1608,153,-1,-1,-1,-1,0,-1,-1,-1,-1.000000,-1.000000,26,0,0,0,0,0,-1,-1,-1,0.000000
1609,154,175,-1,-1,335,40,11,3,2,0.000000,0.000000,29,41,0,11,0,11,21,-1,-1,0.000000
1610,154,155,170,237,275,12,14,3,2,5.000000,6.000000,16,12,54,3,13,16,1,16,83,3.375000
1611,154,155,180,203,315,14,9,3,4,5.000000,9.000000,21,17,23,8,0,8,1,26,49,1.095238
1612,154,155,162,193,415,2,11,3,4,0.000000,22.000000,24,7,26,0,5,5,1,8,39,1.083333
1613,154,155,196,228,120,30,4,3,4,0.000000,1.000000,21,24,25,17,7,24,1,42,74,1.190476
1614,155,175,182,247,159,3,6,3,4,3.000000,4.000000,47,2,63,3,2,5,20,27,92,1.340426
1615,155,156,157,198,34,0,1,3,3,0.000000,0.000000,17,1,33,0,8,8,1,2,43,1.941176
1616,155,156,182,235,315,12,9,3,4,7.000000,10.000000,40,18,46,8,7,15,1,27,80,1.150000
1617,156,-1,-1,-1,-1,0,-1,-1,-1,-1.000000,-1.000000,28,0,0,0,0,0,-1,-1,-1,0.000000
1618,156,157,182,240,314,24,13,3,2,0.000000,0.000000,48,15,56,10,2,12,1,26,84,1.166667
1619,156,157,161,187,415,1,9,3,2,5.000000,5.000000,20,4,24,0,2,2,1,5,31,1.200000
1620,156,157,163,203,407,3,4,3,4,0.000000,0.000000,18,6,30,0,10,10,1,7,47,1.666667
1621,157,158,188,-1,295,30,25,3,2,1.000000,3.000000,20,19,47,11,15,26,1,31,-1,2.350000
1622,157,158,-1,-1,365,80,19,3,2,0.000000,0.000000,23,77,0,15,0,15,1,-1,-1,0.000000
1623,157,158,208,-1,249,38,24,3,2,0.000000,1.000000,43,33,37,17,5,22,1,51,-1,0.860465
1624,157,158,176,208,477,17,11,3,4,1.000000,11.000000,11,14,27,4,5,9,1,19,51,2.454545
1625,157,158,193,217,415,21,8,3,4,3.000000,10.000000,14,27,22,8,2,10,1,36,60,1.571429
1626,158,166,168,220,395,0,2,3,3,1.000000,1.000000,38,2,52,0,0,0,8,10,62,1.368421
1627,158,159,169,204,314,6,15,3,2,1.000000,2.000000,19,8,31,2,4,6,1,11,46,1.631579
1628,158,159,226,-1,9,44,14,3,4,3.000000,8.000000,43,45,23,22,1,23,1,68,-1,0.534884
1629,158,159,245,-1,365,75,18,3,2,1.000000,1.000000,49,65,5,21,0,21,1,87,-1,0.102041
1630,158,159,248,-1,220,67,17,3,2,4.000000,5.000000,33,52,2,30,0,30,1,90,-1,0.060606
1631,158,159,174,-1,324,8,10,3,4,4.000000,8.000000,36,12,55,3,21,24,1,16,-1,1.527778
1632,158,-1,-1,-1,-1,0,-1,-1,-1,-1.000000,-1.000000,55,0,0,0,0,0,-1,-1,-1,0.000000
1633,158,159,196,227,295,30,17,3,2,2.000000,2.000000,21,27,25,10,6,16,1,38,69,1.190476
1634,159,160,-1,-1,338,59,18,3,2,4.000000,5.000000,13,50,0,29,0,29,1,-1,-1,0.000000
1635,159,-1,-1,-1,-1,0,-1,-1,-1,-1.000000,-1.000000,52,0,0,0,0,0,-1,-1,-1,0.000000
1636,159,160,178,-1,91,11,4,3,4,0.000000,1.000000,33,16,59,2,13,15,1,19,-1,1.787879
1637,159,-1,-1,-1,-1,0,-1,-1,-1,-1.000000,-1.000000,65,0,0,0,0,0,-1,-1,-1,0.000000
1638,159,249,-1,-1,431,0,25,3,4,2.000000,5.000000,27,0,0,1,0,1,90,-1,-1,0.000000
1639,160,161,-1,-1,95,78,8,3,4,0.000000,5.000000,27,73,0,16,0,16,1,-1,-1,0.000000
1640,160,166,195,-1,478,16,11,3,4,4.000000,11.000000,25,20,45,7,10,17,6,35,-1,1.800000
1641,160,161,213,-1,335,35,14,3,4,6.000000,11.000000,39,39,29,12,8,20,1,53,-1,0.743590
1642,160,161,214,-1,263,30,4,3,4,0.000000,8.000000,37,34,31,19,5,24,1,54,-1,0.837838
1643,160,161,167,235,324,1,8,3,4,4.000000,6.000000,49,5,63,1,5,6,1,7,75,1.285714
1644,160,-1,-1,-1,-1,0,-1,-1,-1,-1.000000,-1.000000,33,0,0,0,0,0,-1,-1,-1,0.000000
1645,160,-1,-1,-1,-1,0,-1,-1,-1,-1.000000,-1.000000,15,0,0,0,0,0,-1,-1,-1,0.000000
1646,161,162,163,219,473,1,24,3,4,1.000000,8.000000,41,1,53,0,3,3,1,2,58,1.292683
1647,161,162,-1,-1,84,79,33,3,2,0.000000,2.000000,17,70,0,17,0,17,1,-1,-1,0.000000
1648,161,162,167,224,263,3,3,3,4,1.000000,3.000000,19,5,43,0,14,14,1,6,63,2.263158
1649,161,249,-1,-1,435,0,34,3,2,4.000000,5.000000,29,1,0,0,0,0,88,-1,-1,0.000000
1650,161,162,174,212,67,7,14,3,2,6.000000,6.000000,22,9,26,3,12,15,1,13,51,1.181818
1651,161,162,183,242,177,13,13,3,2,6.000000,6.000000,34,15,48,6,11,17,1,22,81,1.411765
1652,161,249,-1,-1,488,0,18,3,4,0.000000,6.000000,17,1,0,0,0,0,88,-1,-1,0.000000
1653,162,163,166,232,263,1,7,3,4,0.000000,11.000000,34,3,64,0,2,2,1,4,70,1.882353
1654,162,163,-1,-1,497,73,16,3,2,0.000000,5.000000,53,67,0,20,0,20,1,-1,-1,0.000000
1655,162,163,202,214,478,23,45,3,2,4.000000,5.000000,12,30,12,5,0,5,1,40,52,1.000000
1656,162,163,197,-1,262,30,21,3,4,2.000000,6.000000,24,27,29,7,24,31,1,35,-1,1.208333
1657,162,163,-1,-1,168,77,14,3,2,1.000000,1.000000,26,62,0,25,0,25,1,-1,-1,0.000000
1658,163,176,213,-1,491,8,51,3,4,1.000000,6.000000,34,18,34,2,3,5,13,50,-1,1.000000
1659,163,164,171,211,459,1,10,3,4,6.000000,8.000000,18,7,26,0,14,14,1,8,48,1.444444
1660,164,198,216,-1,105,7,12,3,3,0.000000,3.000000,44,12,32,2,2,4,34,52,-1,0.727273
1661,164,165,168,235,251,3,32,3,4,5.000000,14.000000,58,2,66,1,1,2,1,4,71,1.137931
1662,164,165,210,-1,85,41,31,3,2,2.000000,4.000000,38,34,38,11,2,13,1,46,-1,1.000000
1663,164,165,173,233,446,6,7,3,4,0.000000,11.000000,16,6,50,2,10,12,1,9,69,3.125000
1664,164,165,220,-1,479,47,14,3,4,2.000000,9.000000,21,30,25,25,5,30,1,56,-1,1.190476
1665,164,165,172,227,477,7,12,3,2,5.000000,5.000000,23,6,43,1,12,13,1,8,63,1.869565
1666,165,181,248,-1,497,41,22,3,4,1.000000,5.000000,31,32,2,16,0,16,16,83,-1,0.064516
1667,165,-1,-1,-1,-1,0,-1,-1,-1,-1.000000,-1.000000,15,0,0,0,0,0,-1,-1,-1,0.000000
1668,165,166,190,247,95,23,5,3,4,0.000000,2.000000,26,17,50,7,7,14,1,25,82,1.923077
1669,165,198,234,-1,239,10,12,3,4,0.000000,2.000000,46,24,16,3,0,3,33,69,-1,0.347826
1670,165,-1,-1,-1,-1,0,-1,-1,-1,-1.000000,-1.000000,54,0,0,0,0,0,-1,-1,-1,0.000000
1671,166,249,-1,-1,459,0,28,3,4,1.000000,7.000000,18,0,0,1,0,1,83,-1,-1,0.000000
1672,167,168,216,247,384,30,5,3,4,0.000000,8.000000,26,30,26,18,5,23,1,49,80,1.000000
1673,167,168,239,-1,388,49,17,3,4,5.000000,10.000000,31,55,10,16,1,17,1,72,-1,0.322581
1674,167,169,173,193,451,0,4,3,4,0.000000,0.000000,16,4,18,0,2,2,2,6,26,1.125000
1675,167,-1,-1,-1,-1,0,-1,-1,-1,-1.000000,-1.000000,27,0,0,0,0,0,-1,-1,-1,0.000000
1676,167,168,186,-1,220,10,8,3,4,4.000000,7.000000,13,15,41,3,23,26,1,19,-1,3.153846
1677,167,168,199,250,497,26,15,3,4,1.000000,8.000000,23,22,41,9,10,19,1,32,83,1.782609
1678,167,168,179,-1,87,6,3,3,4,8.000000,9.000000,24,5,54,6,17,23,1,12,-1,2.250000
1679,168,169,236,-1,368,58,14,3,4,0.000000,10.000000,55,50,13,17,1,18,1,68,-1,0.236364
1680,168,-1,-1,-1,-1,0,-1,-1,-1,-1.000000,-1.000000,17,0,0,0,0,0,-1,-1,-1,0.000000
1681,168,169,172,211,74,3,12,3,2,3.000000,3.000000,31,2,35,1,4,5,1,4,43,1.129032
1682,168,169,180,227,132,7,6,3,4,0.000000,13.000000,24,8,38,3,9,12,1,12,59,1.583333
1683,168,169,179,246,383,6,15,3,2,5.000000,5.000000,42,8,60,2,7,9,1,11,78,1.428571
1684,168,169,216,231,358,34,16,3,2,2.000000,2.000000,15,39,15,8,0,8,1,48,63,1.000000
1685,168,169,205,-1,44,31,13,3,2,2.000000,2.000000,53,31,43,5,2,7,1,37,-1,0.811321
1686,168,169,211,-1,497,25,16,3,2,6.000000,6.000000,25,36,35,6,4,10,1,43,-1,1.400000
1687,168,189,200,-1,401,1,11,3,2,6.000000,6.000000,47,8,44,1,6,7,21,32,-1,0.936170
1688,168,169,171,221,2,0,2,3,3,0.000000,3.000000,35,2,45,0,5,5,1,3,53,1.285714
1689,169,208,228,-1,149,4,7,3,4,0.000000,8.000000,33,9,18,3,4,7,39,59,-1,0.545455
1690,169,170,-1,-1,478,14,9,3,2,5.000000,5.000000,32,24,0,11,0,11,1,-1,-1,0.000000
1691,169,170,176,248,406,6,20,3,4,3.000000,8.000000,40,4,70,2,2,4,1,7,79,1.750000
1692,169,170,-1,-1,222,53,12,3,2,5.000000,5.000000,11,57,0,23,0,23,1,-1,-1,0.000000
1693,169,170,176,216,289,4,15,3,2,5.000000,5.000000,31,4,37,2,3,5,1,7,47,1.193548
1694,170,171,195,209,74,24,12,3,2,2.000000,2.000000,10,12,12,12,2,14,1,25,39,1.200000
1695,170,171,182,210,289,5,15,3,2,4.000000,5.000000,24,4,26,7,2,9,1,12,40,1.083333
1696,170,171,187,-1,11,3,10,3,2,12.000000,12.000000,27,10,62,6,1,7,1,17,-1,2.296296
1697,171,172,174,219,109,1,16,3,2,3.000000,3.000000,31,0,43,2,2,4,1,3,48,1.387097
1698,171,196,217,243,454,21,16,3,4,8.000000,12.000000,26,19,26,2,0,2,25,46,72,1.000000
1699,171,179,219,-1,330,5,8,3,4,5.000000,6.000000,25,11,23,1,8,9,8,48,-1,0.920000
1700,171,172,197,242,49,13,10,3,4,0.000000,4.000000,30,13,38,12,7,19,1,26,71,1.266667
1701,171,172,175,221,124,0,3,3,4,0.000000,10.000000,23,3,37,0,9,9,1,4,50,1.608696
1702,171,172,-1,-1,159,56,6,3,4,6.000000,11.000000,30,57,0,19,0,19,1,-1,-1,0.000000
1703,171,172,188,-1,497,12,16,3,2,1.000000,1.000000,57,13,62,3,0,3,1,17,-1,1.087719
1704,171,-1,-1,-1,-1,0,-1,-1,-1,-1.000000,-1.000000,54,0,0,0,0,0,-1,-1,-1,0.000000
1705,171,172,206,244,31,11,13,3,2,3.000000,3.000000,28,21,34,13,4,17,1,35,73,1.214286
1706,171,172,195,-1,304,16,14,3,2,5.000000,5.000000,15,16,39,7,16,23,1,24,-1,2.600000
1707,171,205,223,-1,370,9,34,3,2,0.000000,0.000000,51,11,27,0,0,0,34,52,-1,0.529412
1708,172,173,175,226,223,0,2,3,3,0.000000,0.000000,30,2,48,0,3,3,1,3,54,1.600000
1709,172,173,-1,-1,233,66,14,3,2,0.000000,0.000000,14,61,0,16,0,16,1,-1,-1,0.000000
1710,172,173,188,204,464,10,8,3,2,0.000000,0.000000,9,9,13,6,3,9,1,16,32,1.444444
1711,172,173,-1,-1,132,58,2,3,4,0.000000,0.000000,39,50,0,27,0,27,1,-1,-1,0.000000
1712,172,-1,-1,-1,-1,0,-1,-1,-1,-1.000000,-1.000000,43,0,0,0,0,0,-1,-1,-1,0.000000
1713,173,174,177,215,459,0,3,3,4,0.000000,8.000000,26,3,34,0,4,4,1,4,42,1.307692
1714,173,174,176,220,275,0,2,3,3,0.000000,1.000000,28,2,44,0,0,0,1,3,47,1.571429
1715,173,174,185,241,44,8,49,3,2,0.000000,0.000000,38,10,54,1,2,3,1,12,68,1.421053
1716,173,218,227,-1,415,2,2,3,4,0.000000,0.000000,37,9,19,0,4,4,45,54,-1,0.513514
1717,173,174,177,187,205,0,3,3,4,0.000000,0.000000,8,3,8,0,2,2,1,4,14,1.000000
1718,173,182,217,-1,462,18,16,3,2,5.000000,5.000000,32,25,30,5,3,8,9,44,-1,0.937500
1719,173,-1,-1,-1,-1,0,-1,-1,-1,-1.000000,-1.000000,17,0,0,0,0,0,-1,-1,-1,0.000000
1720,173,-1,-1,-1,-1,0,-1,-1,-1,-1.000000,-1.000000,38,0,0,0,0,0,-1,-1,-1,0.000000
1721,173,174,175,221,132,0,1,3,3,0.000000,1.000000,14,1,32,0,14,14,1,2,48,2.285714
1722,173,174,183,224,31,1,11,3,4,5.000000,7.000000,20,6,30,3,11,14,1,10,51,1.500000
1723,173,-1,-1,-1,-1,0,-1,-1,-1,-1.000000,-1.000000,7,0,0,0,0,0,-1,-1,-1,0.000000
1724,174,176,-1,-1,416,6,17,3,2,4.000000,4.000000,57,12,0,2,0,2,2,-1,-1,0.000000
1725,174,-1,-1,-1,-1,0,-1,-1,-1,-1.000000,-1.000000,24,0,0,0,0,0,-1,-1,-1,0.000000
1726,174,175,202,229,43,16,11,3,2,0.000000,7.000000,11,15,25,12,2,14,1,28,55,2.272727
1727,174,175,201,246,11,22,9,3,4,12.000000,16.000000,40,14,42,12,3,15,1,27,72,1.050000
1728,174,175,175,191,384,0,0,3,-1,-1.000000,-1.000000,14,0,14,0,2,2,1,1,17,1.000000
1729,174,175,220,-1,477,27,12,3,2,0.000000,5.000000,28,24,22,21,8,29,1,46,-1,0.785714
1730,175,176,193,246,245,14,25,3,2,2.000000,2.000000,28,13,46,4,7,11,1,18,71,1.642857
1731,175,220,220,-1,415,0,0,3,-1,-1.000000,-1.000000,37,0,27,0,3,3,45,45,-1,0.729730
1732,175,179,180,-1,461,0,1,3,3,0.000000,0.000000,29,1,51,0,19,19,4,5,-1,1.758621
1733,176,-1,-1,-1,-1,0,-1,-1,-1,-1.000000,-1.000000,36,0,0,0,0,0,-1,-1,-1,0.000000
1734,176,177,223,-1,245,46,26,3,2,3.000000,4.000000,48,34,25,12,2,14,1,47,-1,0.520833
1735,176,177,-1,-1,334,59,17,3,4,3.000000,7.000000,46,53,0,20,0,20,1,-1,-1,0.000000
1736,176,177,214,-1,444,30,16,3,4,7.000000,12.000000,34,26,31,11,5,16,1,38,-1,0.911765
1737,176,-1,-1,-1,-1,0,-1,-1,-1,-1.000000,-1.000000,41,0,0,0,0,0,-1,-1,-1,0.000000
1738,176,177,-1,-1,261,65,21,3,4,2.000000,5.000000,25,52,0,21,0,21,1,-1,-1,0.000000
1739,176,177,-1,-1,477,51,11,3,4,1.000000,21.000000,26,39,0,34,0,34,1,-1,-1,0.000000
1740,177,178,186,236,430,6,13,3,4,0.000000,2.000000,41,8,47,0,3,3,1,9,59,1.146341
1741,177,178,199,-1,361,12,5,3,3,0.000000,3.000000,45,16,44,5,7,12,1,22,-1,0.977778
1742,177,-1,-1,-1,-1,0,-1,-1,-1,-1.000000,-1.000000,11,0,0,0,0,0,-1,-1,-1,0.000000
1743,177,-1,-1,-1,-1,0,-1,-1,-1,-1.000000,-1.000000,20,0,0,0,0,0,-1,-1,-1,0.000000
1744,177,185,189,208,122,0,1,3,3,1.000000,1.000000,10,1,16,0,3,3,8,12,31,1.600000
1745,177,178,223,240,74,35,8,3,4,0.000000,7.000000,14,33,16,12,1,13,1,46,63,1.142857
1746,177,178,200,-1,272,21,13,3,4,7.000000,16.000000,49,15,48,7,2,9,1,23,-1,0.979592
1747,177,189,205,247,453,6,12,3,2,3.000000,3.000000,25,10,41,4,1,5,12,28,70,1.640000
1748,178,179,191,-1,105,3,11,3,4,3.000000,10.000000,31,10,40,2,19,21,1,13,-1,1.290323
1749,178,179,199,-1,288,9,8,3,4,5.000000,5.000000,15,17,30,3,21,24,1,21,-1,2.000000
1750,178,179,192,203,83,8,6,3,4,7.000000,7.000000,9,10,9,3,2,5,1,14,25,1.000000
1751,178,179,-1,-1,261,53,36,3,2,3.000000,5.000000,34,56,0,15,0,15,1,-1,-1,0.000000
1752,178,179,187,203,421,1,2,3,4,0.000000,0.000000,9,7,15,1,1,2,1,9,25,1.666667
1753,178,180,218,-1,491,4,1,3,3,0.000000,0.000000,36,6,31,0,1,1,2,40,-1,0.861111
1754,179,180,230,-1,430,48,11,3,3,0.000000,5.000000,39,43,19,7,1,8,1,51,-1,0.487179
1755,179,180,191,226,233,10,17,3,4,3.000000,7.000000,34,7,34,4,1,5,1,12,47,1.000000
1756,179,205,-1,-1,158,1,36,3,4,1.000000,7.000000,31,6,0,2,0,2,26,-1,-1,0.000000
1757,179,180,207,-1,286,15,13,3,2,7.000000,7.000000,36,20,42,7,1,8,1,28,-1,1.166667
1758,179,180,232,-1,150,30,7,3,3,4.000000,6.000000,36,30,15,22,3,25,1,53,-1,0.416667
1759,180,181,-1,-1,286,40,33,3,2,3.000000,4.000000,29,36,0,13,0,13,1,-1,-1,0.000000
1760,180,181,183,207,368,2,15,3,2,1.000000,1.000000,18,2,20,0,4,4,1,3,27,1.111111
1761,180,186,191,240,350,0,5,3,4,0.000000,2.000000,32,5,40,0,9,9,6,11,60,1.250000
1762,180,181,233,-1,320,24,16,3,4,3.000000,12.000000,33,20,16,18,1,19,1,53,-1,0.484848
1763,180,181,-1,-1,430,62,10,3,4,4.000000,7.000000,22,54,0,15,0,15,1,-1,-1,0.000000
1764,181,182,215,-1,320,13,19,3,4,3.000000,10.000000,34,22,31,7,4,11,1,34,-1,0.911765
1765,181,249,-1,-1,225,0,26,3,2,1.000000,1.000000,40,0,0,1,0,1,68,-1,-1,0.000000
1766,181,185,201,-1,61,6,18,3,4,3.000000,9.000000,52,9,45,1,4,5,4,20,-1,0.865385
1767,181,182,199,226,107,12,4,3,3,1.000000,1.000000,15,12,21,5,6,11,1,18,45,1.400000
1768,181,182,239,-1,473,56,24,3,2,1.000000,1.000000,21,42,9,15,2,17,1,58,-1,0.428571
1769,181,182,-1,-1,363,59,12,3,2,1.000000,1.000000,34,58,0,10,0,10,1,-1,-1,0.000000
1770,181,-1,-1,-1,-1,0,-1,-1,-1,-1.000000,-1.000000,58,0,0,0,0,0,-1,-1,-1,0.000000
1771,181,182,216,246,31,25,5,3,4,0.000000,16.000000,18,27,22,7,8,15,1,35,65,1.222222
1772,181,182,209,243,244,22,16,3,4,8.000000,15.000000,25,22,27,5,7,12,1,28,62,1.080000
1773,182,183,203,245,320,7,19,3,4,3.000000,11.000000,32,11,40,9,2,11,1,21,63,1.250000
1774,182,183,207,-1,350,20,7,3,4,4.000000,4.000000,30,14,42,10,1,11,1,25,-1,1.400000
1775,182,183,183,211,220,0,0,3,-1,-1.000000,-1.000000,23,0,27,0,1,1,1,1,29,1.173913
1776,182,183,187,248,82,0,4,3,4,0.000000,1.000000,46,4,56,0,5,5,1,5,66,1.217391
1777,182,183,245,-1,404,49,3,3,4,0.000000,2.000000,47,43,5,19,0,19,1,63,-1,0.106383
1778,182,183,218,-1,158,28,29,3,4,6.000000,15.000000,28,23,26,12,6,18,1,36,-1,0.928571
1779,183,184,185,222,83,0,1,3,3,0.000000,1.000000,35,1,37,0,0,0,1,2,39,1.057143
1780,183,192,212,-1,453,18,13,3,4,2.000000,6.000000,17,16,31,4,7,11,9,29,-1,1.823529
1781,183,184,-1,-1,404,51,2,3,3,0.000000,0.000000,32,44,0,22,0,22,1,-1,-1,0.000000
1782,183,184,211,-1,363,21,10,3,4,1.000000,2.000000,23,23,26,4,13,17,1,28,-1,1.130435
1783,183,184,207,-1,203,20,16,3,2,4.000000,4.000000,37,19,36,4,7,11,1,24,-1,0.972973
1784,184,185,-1,-1,487,51,24,3,4,3.000000,9.000000,40,46,0,17,0,17,1,-1,-1,0.000000
1785,184,185,216,246,284,14,12,3,2,0.000000,3.000000,24,21,30,10,0,10,1,32,62,1.250000
1786,184,248,-1,-1,127,0,9,3,3,2.000000,3.000000,47,1,0,0,0,0,64,-1,-1,0.000000
1787,184,185,202,242,382,12,11,3,2,3.000000,4.000000,19,16,39,1,1,2,1,18,58,2.052632
1788,184,186,-1,-1,382,35,30,3,2,2.000000,4.000000,13,28,0,16,0,16,2,-1,-1,0.000000
1789,184,185,236,-1,404,44,5,3,3,3.000000,3.000000,36,43,13,8,1,9,1,52,-1,0.361111
1790,184,185,-1,-1,211,46,16,3,4,4.000000,8.000000,15,45,0,20,0,20,1,-1,-1,0.000000
1791,184,185,210,250,11,18,14,3,4,4.000000,13.000000,34,11,36,14,4,18,1,26,66,1.058824
1792,184,-1,-1,-1,-1,0,-1,-1,-1,-1.000000,-1.000000,33,0,0,0,0,0,-1,-1,-1,0.000000
1793,185,186,221,-1,11,20,15,3,4,3.000000,12.000000,21,28,18,7,11,18,1,36,-1,0.857143
1794,185,186,201,-1,432,8,15,3,4,4.000000,9.000000,43,13,47,2,2,4,1,16,-1,1.093023
1795,185,186,-1,-1,49,2,1,3,3,0.000000,0.000000,38,4,0,0,0,0,1,-1,-1,0.000000
1796,185,214,228,-1,7,1,24,3,4,5.000000,10.000000,31,7,18,2,4,6,29,43,-1,0.580645
1797,185,186,215,-1,125,8,6,3,4,0.000000,3.000000,54,9,31,2,4,6,1,30,-1,0.574074
1798,186,-1,-1,-1,-1,0,-1,-1,-1,-1.000000,-1.000000,25,0,0,0,0,0,-1,-1,-1,0.000000
1799,186,187,187,218,107,0,0,3,-1,-1.000000,-1.000000,22,0,30,0,1,1,1,1,32,1.363636
1800,186,221,230,-1,446,0,7,3,4,3.000000,9.000000,31,7,17,0,3,3,35,44,-1,0.548387
1801,186,187,215,-1,330,16,8,3,4,1.000000,4.000000,47,26,33,2,2,4,1,29,-1,0.702128
1802,186,-1,-1,-1,-1,0,-1,-1,-1,-1.000000,-1.000000,27,0,0,0,0,0,-1,-1,-1,0.000000
1803,186,187,199,233,11,10,16,3,2,1.000000,4.000000,30,8,32,4,2,6,1,13,47,1.066667
1804,186,187,-1,-1,236,46,14,3,4,2.000000,11.000000,13,43,0,20,0,20,1,-1,-1,0.000000
1805,186,187,205,234,20,15,17,3,2,11.000000,11.000000,15,11,25,7,4,11,1,19,48,1.666667
1806,186,187,195,-1,125,0,5,3,4,5.000000,5.000000,38,1,46,0,9,9,1,9,-1,1.210526
1807,186,187,225,-1,213,24,10,3,2,3.000000,3.000000,34,27,19,11,6,17,1,39,-1,0.558824
1808,187,-1,-1,-1,-1,0,-1,-1,-1,-1.000000,-1.000000,44,0,0,0,0,0,-1,-1,-1,0.000000
1809,187,188,194,-1,453,5,16,3,4,1.000000,13.000000,41,5,54,1,2,3,1,7,-1,1.317073
1810,187,188,188,240,69,0,0,3,-1,-1.000000,-1.000000,36,0,50,0,2,2,1,1,53,1.388889
1811,187,188,191,-1,383,1,6,3,4,0.000000,9.000000,29,3,55,0,4,4,1,4,-1,1.896552
1812,187,188,205,-1,278,4,9,3,2,3.000000,3.000000,28,10,41,7,4,11,1,18,-1,1.464286
1813,187,188,-1,-1,27,62,7,3,3,0.000000,3.000000,40,44,0,18,0,18,1,-1,-1,0.000000
1814,187,188,219,-1,256,25,25,3,2,1.000000,1.000000,24,26,28,5,3,8,1,32,-1,1.166667
1815,187,190,-1,-1,13,0,13,3,2,6.000000,6.000000,29,1,0,1,0,1,3,-1,-1,0.000000
1816,187,188,-1,-1,84,56,18,3,2,0.000000,0.000000,39,47,0,15,0,15,1,-1,-1,0.000000
1817,187,249,-1,-1,386,0,36,3,4,3.000000,7.000000,38,0,0,1,0,1,62,-1,-1,0.000000
1818,187,188,212,-1,211,21,16,3,4,2.000000,7.000000,30,15,38,9,0,9,1,25,-1,1.266667
1819,187,193,221,236,341,22,17,3,2,8.000000,8.000000,9,22,13,6,2,8,6,34,49,1.444444
1820,188,189,196,-1,487,3,18,3,2,2.000000,4.000000,23,3,46,4,8,12,1,8,-1,2.000000
1821,188,189,-1,-1,173,61,3,3,4,0.000000,0.000000,12,39,0,22,0,22,1,-1,-1,0.000000
1822,188,189,230,-1,379,31,27,3,2,1.000000,4.000000,49,31,17,10,3,13,1,42,-1,0.346939
1823,188,-1,-1,-1,-1,0,-1,-1,-1,-1.000000,-1.000000,43,0,0,0,0,0,-1,-1,-1,0.000000
1824,188,189,239,-1,203,40,18,3,2,3.000000,3.000000,12,36,9,14,2,16,1,51,-1,0.750000
1825,188,189,195,233,383,0,5,3,4,0.000000,12.000000,12,5,34,1,4,5,1,7,45,2.833333
1826,189,191,-1,-1,5,29,15,3,4,0.000000,2.000000,29,25,0,14,0,14,2,-1,-1,0.000000
1827,189,190,210,-1,213,18,10,3,2,4.000000,4.000000,26,16,38,4,2,6,1,21,-1,1.461538
1828,189,190,210,247,320,11,13,3,2,3.000000,4.000000,28,14,34,6,3,9,1,21,58,1.214286
1829,189,-1,-1,-1,-1,0,-1,-1,-1,-1.000000,-1.000000,24,0,0,0,0,0,-1,-1,-1,0.000000
1830,189,190,213,242,203,22,12,3,4,2.000000,7.000000,15,18,21,5,8,13,1,24,53,1.400000
1831,189,195,228,-1,157,9,25,3,2,4.000000,4.000000,46,12,19,1,3,4,6,39,-1,0.413043
1832,189,190,193,215,74,2,3,3,4,0.000000,3.000000,10,2,18,1,4,5,1,4,26,1.800000
1833,190,191,192,205,166,0,1,3,3,0.000000,0.000000,12,1,12,0,1,1,1,2,15,1.000000
1834,190,191,209,230,340,17,4,3,4,0.000000,6.000000,14,14,20,4,1,5,1,19,40,1.428571
1835,190,191,194,240,222,0,3,3,4,1.000000,7.000000,30,3,36,0,10,10,1,4,50,1.200000
1836,190,-1,-1,-1,-1,0,-1,-1,-1,-1.000000,-1.000000,36,0,0,0,0,0,-1,-1,-1,0.000000
1837,190,191,-1,-1,77,27,9,3,4,0.000000,4.000000,28,28,0,9,0,9,1,-1,-1,0.000000
1838,190,191,211,246,482,13,16,3,4,1.000000,7.000000,25,15,33,5,2,7,1,21,56,1.320000
1839,191,192,209,244,108,15,22,3,2,4.000000,4.000000,20,15,30,2,5,7,1,18,53,1.500000
1840,191,192,202,-1,320,5,17,3,2,3.000000,4.000000,24,5,32,5,16,21,1,11,-1,1.333333
1841,191,192,220,-1,403,17,14,3,2,0.000000,5.000000,15,23,26,5,4,9,1,29,-1,1.733333
1842,191,192,209,-1,233,15,9,3,4,0.000000,1.000000,49,12,36,5,5,10,1,18,-1,0.734694
1843,191,195,238,-1,306,14,22,3,2,3.000000,4.000000,16,16,12,5,0,5,4,47,-1,0.750000
1844,191,192,225,-1,249,30,9,3,4,1.000000,5.000000,42,27,24,6,1,7,1,34,-1,0.571429
1845,192,-1,-1,-1,-1,0,-1,-1,-1,-1.000000,-1.000000,54,0,0,0,0,0,-1,-1,-1,0.000000
1846,192,193,229,-1,81,15,11,3,2,5.000000,5.000000,28,28,21,8,0,8,1,37,-1,0.750000
1847,192,221,-1,-1,138,1,11,3,4,3.000000,11.000000,20,14,0,6,0,6,29,-1,-1,0.000000
1848,192,193,227,247,490,14,6,3,4,0.000000,7.000000,15,27,19,7,1,8,1,35,55,1.266667
1849,192,193,207,-1,328,12,10,3,4,0.000000,6.000000,56,13,42,1,1,2,1,15,-1,0.750000
1850,192,193,239,-1,353,21,6,3,4,2.000000,3.000000,37,33,10,8,1,9,1,47,-1,0.270270
1851,192,193,235,-1,348,20,7,3,4,5.000000,5.000000,33,29,13,7,2,9,1,43,-1,0.393939
1852,192,193,220,-1,289,9,6,3,4,1.000000,15.000000,42,19,27,8,3,11,1,28,-1,0.642857
1853,193,214,239,-1,28,5,21,3,2,0.000000,0.000000,23,16,11,3,0,3,21,46,-1,0.478261
1854,193,194,-1,-1,211,34,10,3,2,1.000000,1.000000,24,38,0,18,0,18,1,-1,-1,0.000000
1855,193,194,-1,-1,143,48,5,3,4,0.000000,2.000000,14,45,0,11,0,11,1,-1,-1,0.000000
1856,193,194,206,233,379,9,23,3,2,3.000000,3.000000,17,10,21,2,6,8,1,13,40,1.235294
1857,194,195,200,-1,278,0,5,3,4,0.000000,3.000000,52,5,50,0,0,0,1,6,-1,0.961538
1858,194,195,215,-1,254,13,15,3,2,1.000000,2.000000,15,18,25,2,10,12,1,21,-1,1.666667
1859,195,-1,-1,-1,-1,0,-1,-1,-1,-1.000000,-1.000000,23,0,0,0,0,0,-1,-1,-1,0.000000
1860,195,-1,-1,-1,-1,0,-1,-1,-1,-1.000000,-1.000000,45,0,0,0,0,0,-1,-1,-1,0.000000
1861,195,241,-1,-1,327,0,12,3,2,8.000000,8.000000,28,3,0,4,0,4,46,-1,-1,0.000000
1862,195,196,219,238,300,15,14,3,2,1.000000,1.000000,9,18,13,5,6,11,1,24,43,1.444444
1863,195,196,232,-1,113,16,14,3,2,4.000000,5.000000,24,27,18,9,0,9,1,37,-1,0.750000
1864,196,197,226,-1,478,22,12,3,4,0.000000,2.000000,25,23,23,6,1,7,1,30,-1,0.920000
1865,196,197,200,219,27,3,4,3,3,0.000000,0.000000,17,2,17,1,2,3,1,4,23,1.000000
1866,196,197,204,226,5,3,6,3,4,0.000000,0.000000,16,6,20,1,2,3,1,8,30,1.250000
1867,196,197,228,-1,146,30,23,3,4,4.000000,8.000000,21,22,20,9,2,11,1,32,-1,0.952381
1868,196,197,210,-1,325,13,29,3,2,4.000000,5.000000,40,9,39,4,1,5,1,14,-1,0.975000
1869,196,197,214,-1,51,14,9,3,4,8.000000,9.000000,10,13,26,4,10,14,1,18,-1,2.600000
1870,197,198,-1,-1,411,40,14,3,4,7.000000,12.000000,45,29,0,23,0,23,1,-1,-1,0.000000
1871,197,198,207,229,73,7,12,3,2,7.000000,7.000000,14,9,16,0,6,6,1,10,32,1.142857
1872,197,199,-1,-1,452,20,28,3,2,4.000000,5.000000,52,21,0,9,0,9,2,-1,-1,0.000000
1873,197,198,236,-1,480,26,11,3,4,7.000000,13.000000,15,21,13,17,1,18,1,39,-1,0.866667
1874,197,-1,-1,-1,-1,0,-1,-1,-1,-1.000000,-1.000000,45,0,0,0,0,0,-1,-1,-1,0.000000
1875,198,199,202,226,190,2,5,3,4,7.000000,8.000000,20,3,24,0,0,0,1,4,28,1.200000
1876,198,199,-1,-1,192,16,10,3,2,3.000000,3.000000,8,32,0,16,0,16,1,-1,-1,0.000000
1877,198,-1,-1,-1,-1,0,-1,-1,-1,-1.000000,-1.000000,52,0,0,0,0,0,-1,-1,-1,0.000000
1878,198,199,-1,-1,306,32,8,3,2,6.000000,6.000000,29,39,0,12,0,12,1,-1,-1,0.000000
1879,198,199,209,-1,379,7,20,3,2,0.000000,0.000000,24,9,34,1,7,8,1,11,-1,1.416667
1880,198,199,243,-1,240,37,4,3,4,0.000000,3.000000,42,29,7,15,0,15,1,45,-1,0.166667
1881,199,200,225,-1,64,14,12,3,4,1.000000,7.000000,31,16,24,9,1,10,1,26,-1,0.774194
1882,199,200,201,245,289,0,1,3,3,0.000000,1.000000,25,1,33,0,11,11,1,2,46,1.320000
1883,199,200,-1,-1,477,26,9,3,2,3.000000,3.000000,33,33,0,17,0,17,1,-1,-1,0.000000
1884,199,200,-1,-1,411,38,14,3,2,4.000000,4.000000,39,35,0,15,0,15,1,-1,-1,0.000000
1885,199,200,212,-1,386,5,34,3,2,2.000000,2.000000,31,8,28,4,10,14,1,13,-1,0.903226
1886,200,201,208,-1,482,3,6,3,4,0.000000,9.000000,28,5,36,2,6,8,1,8,-1,1.285714
1887,201,202,204,-1,17,2,24,3,4,1.000000,5.000000,28,2,36,0,10,10,1,3,-1,1.285714
1888,201,202,-1,-1,359,24,11,3,4,4.000000,10.000000,16,38,0,10,0,10,1,-1,-1,0.000000
1889,201,202,205,-1,401,0,3,3,4,0.000000,0.000000,25,3,32,0,13,13,1,4,-1,1.280000
1890,202,213,216,-1,335,0,3,3,4,0.000000,4.000000,50,3,30,0,4,4,11,14,-1,0.600000
1891,202,203,214,-1,386,10,31,3,2,2.000000,4.000000,50,9,34,2,2,4,1,12,-1,0.680000
1892,202,205,207,-1,61,1,7,3,3,2.000000,3.000000,23,2,37,0,6,6,3,5,-1,1.608696
1893,202,203,-1,-1,296,38,20,3,2,0.000000,1.000000,35,35,0,12,0,12,1,-1,-1,0.000000
1894,202,203,204,229,411,1,14,3,4,1.000000,12.000000,20,0,24,1,1,2,1,2,27,1.200000
1895,202,203,215,-1,191,9,22,3,2,4.000000,4.000000,36,11,34,1,1,2,1,13,-1,0.944444
1896,203,204,-1,-1,64,34,9,3,4,2.000000,7.000000,14,37,0,9,0,9,1,-1,-1,0.000000
1897,203,204,227,-1,206,15,5,3,3,0.000000,4.000000,35,18,22,5,1,6,1,24,-1,0.628571
1898,203,204,204,-1,360,0,0,3,-1,-1.000000,-1.000000,34,0,43,0,3,3,1,1,-1,1.264706
1899,203,204,207,-1,482,1,4,3,4,9.000000,9.000000,16,3,34,0,9,9,1,4,-1,2.125000
1900,203,204,-1,-1,80,41,32,3,4,4.000000,8.000000,48,34,0,12,0,12,1,-1,-1,0.000000
1901,203,204,219,-1,409,8,11,3,2,6.000000,7.000000,47,12,31,3,0,3,1,16,-1,0.659574
1902,203,-1,-1,-1,-1,0,-1,-1,-1,-1.000000,-1.000000,46,0,0,0,0,0,-1,-1,-1,0.000000
1903,203,204,242,-1,436,16,12,3,2,0.000000,1.000000,35,31,8,7,0,7,1,39,-1,0.228571
1904,203,213,229,-1,385,4,8,3,4,11.000000,12.000000,28,13,19,2,2,4,10,26,-1,0.678571
1905,203,-1,-1,-1,-1,0,-1,-1,-1,-1.000000,-1.000000,13,0,0,0,0,0,-1,-1,-1,0.000000
1906,203,204,-1,-1,337,46,23,3,2,0.000000,2.000000,15,32,0,14,0,14,1,-1,-1,0.000000
1907,203,204,-1,-1,133,41,11,3,4,0.000000,5.000000,35,34,0,12,0,12,1,-1,-1,0.000000
1908,203,204,211,241,411,3,17,3,2,5.000000,5.000000,16,6,26,1,4,5,1,8,38,1.625000
1909,203,204,204,-1,190,0,0,3,-1,-1.000000,-1.000000,20,0,35,0,11,11,1,1,-1,1.750000
1910,204,205,205,228,203,0,0,3,-1,-1.000000,-1.000000,14,0,20,0,3,3,1,1,24,1.428571
1911,204,205,-1,-1,25,23,10,3,4,6.000000,11.000000,29,33,0,12,0,12,1,-1,-1,0.000000
1912,204,205,221,-1,307,11,12,3,2,2.000000,2.000000,35,14,15,2,14,16,1,17,-1,0.428571
1913,204,205,221,-1,482,5,3,3,4,0.000000,4.000000,22,12,22,4,7,11,1,17,-1,1.000000
1914,204,205,216,-1,79,6,23,3,2,0.000000,0.000000,36,11,34,0,0,0,1,12,-1,0.944444
1915,204,205,-1,-1,341,45,17,3,4,4.000000,13.000000,17,27,0,18,0,18,1,-1,-1,0.000000
1916,204,205,206,247,1,0,1,3,3,0.000000,0.000000,25,1,33,0,8,8,1,2,43,1.320000
1917,205,206,237,-1,46,18,16,3,2,2.000000,2.000000,19,24,10,7,3,10,1,32,-1,0.526316
1918,205,206,238,-1,408,11,6,3,4,1.000000,3.000000,45,30,11,2,1,3,1,33,-1,0.244444
1919,205,206,211,247,211,4,1,3,3,0.000000,0.000000,25,3,31,2,5,7,1,6,42,1.240000
1920,205,222,-1,-1,385,7,8,3,4,6.000000,7.000000,35,17,0,11,0,11,17,-1,-1,0.000000
1921,205,-1,-1,-1,-1,0,-1,-1,-1,-1.000000,-1.000000,61,0,0,0,0,0,-1,-1,-1,0.000000
1922,206,207,-1,-1,405,15,27,3,4,2.000000,13.000000,25,11,0,12,0,12,1,-1,-1,0.000000
1923,206,207,208,-1,240,0,1,3,3,0.000000,0.000000,43,1,41,0,1,1,1,2,-1,0.953488
1924,207,209,234,-1,192,7,6,3,4,6.000000,8.000000,29,5,13,8,3,11,2,27,-1,0.448276
1925,207,210,-1,-1,192,15,6,3,4,5.000000,9.000000,33,16,0,9,0,9,3,-1,-1,0.000000
1926,207,-1,-1,-1,-1,0,-1,-1,-1,-1.000000,-1.000000,43,0,0,0,0,0,-1,-1,-1,0.000000
1927,207,208,-1,-1,254,29,1,3,3,0.000000,0.000000,30,27,0,15,0,15,1,-1,-1,0.000000
1928,207,208,-1,-1,11,22,16,3,4,2.000000,15.000000,23,32,0,10,0,10,1,-1,-1,0.000000
1929,207,208,-1,-1,424,33,4,3,4,0.000000,7.000000,27,37,0,5,0,5,1,-1,-1,0.000000
1930,207,208,227,-1,386,14,28,3,4,6.000000,9.000000,28,14,22,5,1,6,1,20,-1,0.785714
1931,207,208,234,-1,359,9,9,3,2,6.000000,6.000000,21,18,16,8,0,8,1,27,-1,0.761905
1932,207,-1,-1,-1,-1,0,-1,-1,-1,-1.000000,-1.000000,13,0,0,0,0,0,-1,-1,-1,0.000000
1933,207,208,210,244,482,0,2,3,3,0.000000,1.000000,28,2,30,0,4,4,1,3,37,1.071429
1934,207,-1,-1,-1,-1,0,-1,-1,-1,-1.000000,-1.000000,46,0,0,0,0,0,-1,-1,-1,0.000000
1935,208,209,210,232,30,1,7,3,4,4.000000,7.000000,19,0,19,1,3,4,1,2,24,1.000000
1936,208,-1,-1,-1,-1,0,-1,-1,-1,-1.000000,-1.000000,57,0,0,0,0,0,-1,-1,-1,0.000000
1937,208,209,210,-1,429,1,8,3,4,1.000000,12.000000,40,0,35,1,5,6,1,2,-1,0.875000
1938,208,-1,-1,-1,-1,0,-1,-1,-1,-1.000000,-1.000000,24,0,0,0,0,0,-1,-1,-1,0.000000
1939,208,209,-1,-1,349,28,7,3,4,0.000000,8.000000,11,25,0,15,0,15,1,-1,-1,0.000000
1940,208,209,213,-1,81,3,11,3,4,6.000000,10.000000,32,3,33,1,4,5,1,5,-1,1.031250
1941,208,209,-1,-1,378,39,7,3,4,0.000000,3.000000,25,32,0,9,0,9,1,-1,-1,0.000000
1942,209,210,229,-1,226,8,6,3,4,4.000000,14.000000,22,18,21,1,0,1,1,20,-1,0.954545
1943,209,210,234,-1,229,14,10,3,2,6.000000,6.000000,20,14,15,10,1,11,1,25,-1,0.750000
1944,209,210,-1,-1,409,30,8,3,4,5.000000,8.000000,18,25,0,15,0,15,1,-1,-1,0.000000
1945,209,217,-1,-1,46,22,16,3,2,5.000000,5.000000,17,15,0,14,0,14,8,-1,-1,0.000000
1946,209,210,-1,-1,113,28,14,3,2,1.000000,3.000000,9,33,0,7,0,7,1,-1,-1,0.000000
1947,209,210,221,-1,269,8,8,3,4,1.000000,2.000000,17,9,20,2,9,11,1,12,-1,1.176471
1948,209,-1,-1,-1,-1,0,-1,-1,-1,-1.000000,-1.000000,25,0,0,0,0,0,-1,-1,-1,0.000000
1949,209,210,216,-1,352,2,4,3,3,0.000000,7.000000,42,6,29,0,5,5,1,7,-1,0.690476
1950,210,211,232,-1,409,18,10,3,4,6.000000,8.000000,21,12,12,9,6,15,1,22,-1,0.571429
1951,210,211,-1,-1,384,32,7,3,4,0.000000,9.000000,28,29,0,10,0,10,1,-1,-1,0.000000
1952,210,-1,-1,-1,-1,0,-1,-1,-1,-1.000000,-1.000000,42,0,0,0,0,0,-1,-1,-1,0.000000
1953,210,211,214,-1,282,1,7,3,4,1.000000,7.000000,30,3,31,0,5,5,1,4,-1,1.033333
1954,210,211,-1,-1,300,21,4,3,3,0.000000,6.000000,15,28,0,9,0,9,1,-1,-1,0.000000
1955,210,211,249,-1,351,16,21,3,2,1.000000,1.000000,38,23,1,7,0,7,1,39,-1,0.026316
1956,210,211,219,-1,269,6,3,3,4,0.000000,1.000000,29,8,29,0,2,2,1,9,-1,1.000000
1957,211,212,228,-1,133,9,6,3,4,0.000000,1.000000,41,13,22,3,0,3,1,17,-1,0.536585
1958,211,212,222,-1,465,3,16,3,2,1.000000,2.000000,41,10,17,0,11,11,1,11,-1,0.414634
1959,211,-1,-1,-1,-1,0,-1,-1,-1,-1.000000,-1.000000,40,0,0,0,0,0,-1,-1,-1,0.000000
1960,211,212,212,-1,61,0,0,3,-1,-1.000000,-1.000000,22,0,28,0,10,10,1,1,-1,1.272727
1961,211,212,213,224,299,1,8,3,3,0.000000,5.000000,11,1,11,0,0,0,1,2,13,1.000000
1962,211,216,226,-1,242,3,11,3,4,9.000000,17.000000,21,4,22,5,2,7,5,15,-1,1.047619
1963,211,-1,-1,-1,-1,0,-1,-1,-1,-1.000000,-1.000000,37,0,0,0,0,0,-1,-1,-1,0.000000
1964,212,213,214,-1,336,1,2,3,4,2.000000,2.000000,42,0,32,1,4,5,1,2,-1,0.761905
1965,212,213,217,231,299,2,7,3,4,0.000000,8.000000,12,1,14,3,0,3,1,5,19,1.166667
1966,212,-1,-1,-1,-1,0,-1,-1,-1,-1.000000,-1.000000,45,0,0,0,0,0,-1,-1,-1,0.000000
1967,212,213,215,244,40,0,2,3,3,2.000000,4.000000,27,2,27,0,2,2,1,3,32,1.000000
1968,212,213,218,-1,411,1,9,3,4,2.000000,7.000000,45,4,32,1,0,1,1,6,-1,0.711111
1969,212,213,-1,-1,219,22,12,3,2,1.000000,1.000000,25,27,0,10,0,10,1,-1,-1,0.000000
1970,212,213,244,-1,109,26,6,3,4,1.000000,12.000000,31,25,6,6,0,6,1,32,-1,0.193548
1971,213,226,-1,-1,374,19,18,3,2,2.000000,2.000000,14,13,0,11,0,11,13,-1,-1,0.000000
1972,213,214,-1,-1,224,36,16,3,4,1.000000,3.000000,15,21,0,15,0,15,1,-1,-1,0.000000
1973,213,214,230,-1,310,7,5,3,3,0.000000,1.000000,36,9,15,7,5,12,1,17,-1,0.416667
1974,213,214,246,-1,41,26,13,3,2,4.000000,5.000000,25,22,4,10,0,10,1,33,-1,0.160000
1975,213,-1,-1,-1,-1,0,-1,-1,-1,-1.000000,-1.000000,51,0,0,0,0,0,-1,-1,-1,0.000000
1976,214,215,221,-1,109,2,4,3,3,0.000000,7.000000,25,5,24,1,5,6,1,7,-1,0.960000
1977,214,215,-1,-1,30,18,11,3,2,5.000000,7.000000,18,26,0,9,0,9,1,-1,-1,0.000000
1978,214,215,240,-1,224,17,20,3,2,1.000000,1.000000,28,19,10,6,0,6,1,26,-1,0.357143
1979,214,-1,-1,-1,-1,0,-1,-1,-1,-1.000000,-1.000000,39,0,0,0,0,0,-1,-1,-1,0.000000
1980,214,215,221,249,299,0,6,3,4,0.000000,10.000000,23,6,25,0,3,3,1,7,35,1.086957
1981,214,215,218,241,283,0,3,3,4,0.000000,1.000000,18,3,22,0,1,1,1,4,27,1.222222
1982,215,216,240,-1,88,18,15,3,2,7.000000,7.000000,23,18,8,6,2,8,1,25,-1,0.347826
1983,215,216,-1,-1,232,25,10,3,2,4.000000,4.000000,36,30,0,4,0,4,1,-1,-1,0.000000
1984,215,-1,-1,-1,-1,0,-1,-1,-1,-1.000000,-1.000000,27,0,0,0,0,0,-1,-1,-1,0.000000
1985,215,216,216,242,269,0,0,3,-1,-1.000000,-1.000000,13,0,23,0,3,3,1,1,27,1.769231
1986,215,216,-1,-1,424,29,3,3,4,0.000000,1.000000,22,23,0,11,0,11,1,-1,-1,0.000000
1987,215,219,-1,-1,242,9,11,3,4,13.000000,21.000000,9,12,0,13,0,13,4,-1,-1,0.000000
1988,215,216,221,-1,436,0,5,3,4,0.000000,5.000000,24,5,18,0,11,11,1,6,-1,0.750000
1989,216,217,-1,-1,375,18,11,3,2,7.000000,7.000000,18,24,0,4,0,4,1,-1,-1,0.000000
1990,216,217,219,-1,424,0,2,3,3,0.000000,2.000000,38,2,28,0,3,3,1,3,-1,0.736842
1991,216,217,-1,-1,431,27,23,3,2,1.000000,1.000000,33,26,0,7,0,7,1,-1,-1,0.000000
1992,216,217,236,-1,306,12,6,3,4,0.000000,8.000000,24,12,11,7,3,10,1,20,-1,0.458333
1993,216,217,218,-1,428,1,5,3,4,0.000000,8.000000,40,1,29,0,3,3,1,2,-1,0.725000
1994,216,-1,-1,-1,-1,0,-1,-1,-1,-1.000000,-1.000000,18,0,0,0,0,0,-1,-1,-1,0.000000
1995,216,217,229,-1,473,10,40,3,2,7.000000,7.000000,44,11,20,1,1,2,1,13,-1,0.454545
1996,217,-1,-1,-1,-1,0,-1,-1,-1,-1.000000,-1.000000,29,0,0,0,0,0,-1,-1,-1,0.000000
1997,217,218,233,-1,427,8,5,3,4,0.000000,8.000000,31,11,16,4,1,5,1,16,-1,0.516129
1998,217,228,-1,-1,374,8,19,3,4,5.000000,13.000000,48,14,0,3,0,3,11,-1,-1,0.000000
1999,217,218,231,-1,8,11,18,3,2,6.000000,6.000000,34,5,19,8,0,8,1,14,-1,0.558824
2000,218,219,-1,-1,493,22,7,3,4,2.000000,12.000000,27,24,0,7,0,7,1,-1,-1,0.000000
2001,218,-1,-1,-1,-1,0,-1,-1,-1,-1.000000,-1.000000,43,0,0,0,0,0,-1,-1,-1,0.000000
2002,218,-1,-1,-1,-1,0,-1,-1,-1,-1.000000,-1.000000,54,0,0,0,0,0,-1,-1,-1,0.000000
2003,218,221,-1,-1,382,19,12,3,2,7.000000,7.000000,33,18,0,8,0,8,3,-1,-1,0.000000
2004,218,219,232,-1,427,7,6,3,4,0.000000,8.000000,30,8,16,5,2,7,1,14,-1,0.533333
2005,218,219,228,-1,217,7,8,3,2,5.000000,5.000000,19,8,20,1,2,3,1,10,-1,1.052632
2006,219,229,241,-1,99,3,8,3,4,0.000000,5.000000,29,8,7,3,2,5,10,22,-1,0.241379
2007,219,220,226,248,146,3,22,3,2,9.000000,9.000000,15,4,15,2,7,9,1,7,29,1.000000
2008,219,220,227,-1,94,4,5,3,4,0.000000,5.000000,24,4,20,3,3,6,1,8,-1,0.833333
2009,219,220,243,-1,30,20,11,3,2,5.000000,7.000000,35,18,4,5,3,8,1,24,-1,0.114286
2010,219,220,220,-1,384,0,0,3,-1,-1.000000,-1.000000,40,0,30,0,0,0,1,1,-1,0.750000
2011,219,220,-1,-1,339,15,20,3,2,0.000000,2.000000,47,16,0,14,0,14,1,-1,-1,0.000000
2012,219,226,-1,-1,273,18,17,3,2,2.000000,2.000000,28,13,0,11,0,11,7,-1,-1,0.000000
2013,220,221,229,-1,333,2,4,3,4,5.000000,5.000000,29,6,18,2,3,5,1,9,-1,0.620690
2014,220,221,222,-1,471,0,1,3,3,0.000000,1.000000,45,1,27,0,1,1,1,2,-1,0.600000
2015,220,221,-1,-1,26,20,11,3,2,3.000000,3.000000,10,22,0,7,0,7,1,-1,-1,0.000000
2016,220,-1,-1,-1,-1,0,-1,-1,-1,-1.000000,-1.000000,43,0,0,0,0,0,-1,-1,-1,0.000000
2017,220,221,247,-1,19,18,7,3,4,0.000000,14.000000,27,13,3,13,0,13,1,27,-1,0.111111
2018,220,221,-1,-1,468,18,5,3,4,1.000000,4.000000,22,25,0,4,0,4,1,-1,-1,0.000000
2019,220,221,243,-1,306,14,2,3,3,1.000000,2.000000,24,16,7,6,0,6,1,23,-1,0.291667
2020,220,221,226,-1,427,2,8,3,3,2.000000,6.000000,46,4,19,1,5,6,1,6,-1,0.413043
2021,220,221,225,-1,94,0,4,3,4,1.000000,5.000000,25,4,24,0,1,1,1,5,-1,0.960000
2022,221,222,-1,-1,227,24,21,3,2,1.000000,1.000000,10,17,0,11,0,11,1,-1,-1,0.000000
2023,221,222,-1,-1,110,28,27,3,2,2.000000,3.000000,17,22,0,6,0,6,1,-1,-1,0.000000
2024,221,222,-1,-1,427,20,7,3,4,1.000000,5.000000,26,18,0,10,0,10,1,-1,-1,0.000000
2025,221,222,228,248,36,2,10,3,2,4.000000,4.000000,14,5,16,1,4,5,1,7,27,1.142857
2026,221,222,239,-1,193,3,8,3,4,6.000000,10.000000,42,15,10,2,1,3,1,18,-1,0.238095
2027,221,222,-1,-1,382,10,13,3,2,6.000000,7.000000,35,16,0,5,0,5,1,-1,-1,0.000000
2028,221,222,226,-1,411,0,4,3,4,0.000000,9.000000,26,4,21,0,3,3,1,5,-1,0.807692
2029,222,-1,-1,-1,-1,0,-1,-1,-1,-1.000000,-1.000000,29,0,0,0,0,0,-1,-1,-1,0.000000
2030,222,223,-1,-1,253,13,3,3,4,0.000000,1.000000,49,23,0,4,0,4,1,-1,-1,0.000000
2031,222,228,-1,-1,242,6,13,3,2,4.000000,4.000000,10,6,0,11,0,11,6,-1,-1,0.000000
2032,222,-1,-1,-1,-1,0,-1,-1,-1,-1.000000,-1.000000,51,0,0,0,0,0,-1,-1,-1,0.000000
2033,222,227,232,-1,487,1,6,3,4,2.000000,2.000000,48,4,18,0,0,0,5,10,-1,0.375000
2034,223,224,-1,-1,73,14,15,3,2,4.000000,4.000000,15,12,0,14,0,14,1,-1,-1,0.000000
2035,223,-1,-1,-1,-1,0,-1,-1,-1,-1.000000,-1.000000,30,0,0,0,0,0,-1,-1,-1,0.000000
2036,223,226,-1,-1,242,19,10,3,2,3.000000,3.000000,42,12,0,12,0,12,3,-1,-1,0.000000
2037,223,-1,-1,-1,-1,0,-1,-1,-1,-1.000000,-1.000000,15,0,0,0,0,0,-1,-1,-1,0.000000
2038,223,224,-1,-1,397,20,7,3,4,9.000000,13.000000,21,15,0,11,0,11,1,-1,-1,0.000000
2039,223,224,-1,-1,413,20,24,3,2,0.000000,4.000000,24,19,0,7,0,7,1,-1,-1,0.000000
2040,223,224,-1,-1,21,21,26,3,4,2.000000,11.000000,20,22,0,4,0,4,1,-1,-1,0.000000
2041,224,225,241,-1,488,7,13,3,2,2.000000,2.000000,25,8,4,6,5,11,1,17,-1,0.160000
2042,224,225,228,250,354,1,4,3,3,0.000000,2.000000,15,3,19,0,3,3,1,4,26,1.266667
2043,224,225,-1,-1,448,19,14,3,2,0.000000,0.000000,38,19,0,6,0,6,1,-1,-1,0.000000
2044,224,225,232,-1,420,4,13,3,4,1.000000,3.000000,53,7,18,0,0,0,1,8,-1,0.339623
2045,224,225,247,-1,198,19,7,3,4,0.000000,3.000000,32,20,3,2,0,2,1,23,-1,0.093750
2046,224,-1,-1,-1,-1,0,-1,-1,-1,-1.000000,-1.000000,10,0,0,0,0,0,-1,-1,-1,0.000000
2047,224,225,-1,-1,309,16,8,3,4,4.000000,6.000000,36,17,0,8,0,8,1,-1,-1,0.000000
2048,225,-1,-1,-1,-1,0,-1,-1,-1,-1.000000,-1.000000,27,0,0,0,0,0,-1,-1,-1,0.000000
2049,226,227,233,-1,275,1,3,3,4,0.000000,5.000000,36,6,17,0,0,0,1,7,-1,0.472222
2050,226,227,244,-1,21,7,15,3,2,5.000000,5.000000,24,13,2,4,4,8,1,18,-1,0.083333
2051,226,227,229,-1,198,0,2,3,3,0.000000,0.000000,44,2,20,0,1,1,1,3,-1,0.454545
2052,226,-1,-1,-1,-1,0,-1,-1,-1,-1.000000,-1.000000,20,0,0,0,0,0,-1,-1,-1,0.000000
2053,226,-1,-1,-1,-1,0,-1,-1,-1,-1.000000,-1.000000,51,0,0,0,0,0,-1,-1,-1,0.000000
2054,226,227,-1,-1,56,22,12,3,4,1.000000,12.000000,21,16,0,7,0,7,1,-1,-1,0.000000
2055,226,227,240,-1,402,10,4,3,4,1.000000,12.000000,29,9,9,4,1,5,1,14,-1,0.310345
2056,226,227,234,-1,219,6,8,3,4,0.000000,4.000000,45,7,16,0,0,0,1,8,-1,0.355556
2057,226,227,-1,-1,427,19,6,3,4,10.000000,12.000000,24,15,0,8,0,8,1,-1,-1,0.000000
2058,226,-1,-1,-1,-1,0,-1,-1,-1,-1.000000,-1.000000,52,0,0,0,0,0,-1,-1,-1,0.000000
2059,226,227,-1,-1,132,17,13,3,4,4.000000,8.000000,20,13,0,10,0,10,1,-1,-1,0.000000
2060,227,228,-1,-1,270,17,15,3,2,14.000000,14.000000,35,18,0,4,0,4,1,-1,-1,0.000000
2061,227,-1,-1,-1,-1,0,-1,-1,-1,-1.000000,-1.000000,28,0,0,0,0,0,-1,-1,-1,0.000000
2062,227,228,-1,-1,285,16,12,3,4,4.000000,13.000000,17,15,0,7,0,7,1,-1,-1,0.000000
2063,227,228,233,-1,490,0,5,3,4,0.000000,5.000000,47,5,16,0,1,1,1,6,-1,0.340426
2064,227,228,-1,-1,326,15,13,3,2,3.000000,3.000000,15,16,0,6,0,6,1,-1,-1,0.000000
2065,227,229,-1,-1,488,4,16,3,2,3.000000,3.000000,38,12,0,3,0,3,2,-1,-1,0.000000
2066,227,228,235,-1,452,3,17,3,4,10.000000,20.000000,35,6,12,1,3,4,1,8,-1,0.342857
2067,228,-1,-1,-1,-1,0,-1,-1,-1,-1.000000,-1.000000,43,0,0,0,0,0,-1,-1,-1,0.000000
2068,228,229,236,-1,212,1,7,3,4,0.000000,8.000000,28,6,9,0,5,5,1,8,-1,0.321429
2069,228,229,-1,-1,26,18,15,3,2,2.000000,2.000000,30,15,0,6,0,6,1,-1,-1,0.000000
2070,228,229,-1,-1,270,14,16,3,2,9.000000,9.000000,26,19,0,2,0,2,1,-1,-1,0.000000
2071,228,229,231,-1,106,0,2,3,3,0.000000,1.000000,46,2,16,0,3,3,1,3,-1,0.347826
2072,228,233,-1,-1,79,7,19,3,4,1.000000,8.000000,49,12,0,1,0,1,5,-1,-1,0.000000
2073,228,229,-1,-1,366,14,18,3,2,5.000000,5.000000,22,14,0,7,0,7,1,-1,-1,0.000000
2074,228,-1,-1,-1,-1,0,-1,-1,-1,-1.000000,-1.000000,45,0,0,0,0,0,-1,-1,-1,0.000000
2075,228,-1,-1,-1,-1,0,-1,-1,-1,-1.000000,-1.000000,48,0,0,0,0,0,-1,-1,-1,0.000000
2076,229,-1,-1,-1,-1,0,-1,-1,-1,-1.000000,-1.000000,55,0,0,0,0,0,-1,-1,-1,0.000000
2077,229,-1,-1,-1,-1,0,-1,-1,-1,-1.000000,-1.000000,30,0,0,0,0,0,-1,-1,-1,0.000000
2078,229,230,239,-1,402,2,2,3,4,0.000000,0.000000,30,8,11,1,0,1,1,10,-1,0.366667
2079,229,230,238,-1,128,6,10,3,4,0.000000,0.000000,39,6,11,2,1,3,1,9,-1,0.282051
2080,229,230,238,-1,11,7,41,3,4,3.000000,7.000000,14,5,10,3,2,5,1,9,-1,0.714286
2081,229,230,246,-1,8,9,14,3,2,6.000000,6.000000,19,14,3,2,1,3,1,17,-1,0.157895
2082,229,230,240,-1,227,6,21,3,2,2.000000,3.000000,21,8,10,2,0,2,1,11,-1,0.476190
2083,230,231,243,-1,15,7,10,3,2,1.000000,1.000000,8,9,7,3,0,3,1,13,-1,0.875000
2084,230,231,-1,-1,406,11,5,3,4,1.000000,6.000000,14,15,0,4,0,4,1,-1,-1,0.000000
2085,231,232,235,-1,212,1,4,3,3,9.000000,11.000000,36,3,11,0,4,4,1,4,-1,0.305556
2086,231,232,246,-1,385,3,12,3,2,9.000000,9.000000,19,11,3,3,1,4,1,15,-1,0.157895
2087,231,232,236,-1,229,0,4,3,4,9.000000,10.000000,24,4,12,0,2,2,1,5,-1,0.500000
2088,231,232,247,-1,492,11,12,3,4,0.000000,15.000000,20,9,3,6,0,6,1,16,-1,0.150000
2089,231,-1,-1,-1,-1,0,-1,-1,-1,-1.000000,-1.000000,36,0,0,0,0,0,-1,-1,-1,0.000000
2090,231,232,232,-1,402,0,0,3,-1,-1.000000,-1.000000,37,0,14,0,4,4,1,1,-1,0.378378
2091,231,232,-1,-1,225,15,28,3,2,4.000000,4.000000,24,14,0,4,0,4,1,-1,-1,0.000000
2092,231,232,242,-1,30,4,11,3,2,4.000000,4.000000,26,7,7,3,1,4,1,11,-1,0.269231
2093,232,233,-1,-1,132,17,13,3,2,2.000000,5.000000,28,11,0,6,0,6,1,-1,-1,0.000000
2094,232,233,237,-1,270,4,12,3,2,12.000000,12.000000,18,4,11,0,2,2,1,5,-1,0.611111
2095,232,236,240,-1,473,1,17,3,2,4.000000,4.000000,25,3,8,1,2,3,4,8,-1,0.320000
2096,232,233,-1,-1,489,6,17,3,2,2.000000,2.000000,40,13,0,4,0,4,1,-1,-1,0.000000
2097,233,234,-1,-1,92,11,18,3,2,2.000000,3.000000,18,7,0,9,0,9,1,-1,-1,0.000000
2098,233,234,242,-1,138,7,9,3,4,5.000000,6.000000,22,7,7,1,1,2,1,9,-1,0.318182
2099,233,-1,-1,-1,-1,0,-1,-1,-1,-1.000000,-1.000000,26,0,0,0,0,0,-1,-1,-1,0.000000
2100,233,234,-1,-1,78,11,4,3,4,0.000000,3.000000,39,13,0,3,0,3,1,-1,-1,0.000000
2101,233,234,-1,-1,36,8,16,3,4,7.000000,13.000000,17,10,0,5,0,5,1,-1,-1,0.000000
2102,233,234,-1,-1,406,11,6,3,4,0.000000,3.000000,26,15,0,1,0,1,1,-1,-1,0.000000
2103,234,-1,-1,-1,-1,0,-1,-1,-1,-1.000000,-1.000000,30,0,0,0,0,0,-1,-1,-1,0.000000
2104,235,-1,-1,-1,-1,0,-1,-1,-1,-1.000000,-1.000000,37,0,0,0,0,0,-1,-1,-1,0.000000
2105,235,236,247,-1,167,7,12,3,2,7.000000,7.000000,13,8,2,3,1,4,1,12,-1,0.153846
2106,235,236,-1,-1,108,11,29,3,2,2.000000,5.000000,36,11,0,3,0,3,1,-1,-1,0.000000
2107,235,236,-1,-1,92,6,11,3,4,4.000000,12.000000,23,3,0,11,0,11,1,-1,-1,0.000000
2108,235,236,242,-1,433,0,6,3,4,0.000000,6.000000,50,6,8,0,0,0,1,7,-1,0.160000
2109,235,236,-1,-1,413,7,12,3,2,2.000000,2.000000,17,9,0,5,0,5,1,-1,-1,0.000000
2110,235,-1,-1,-1,-1,0,-1,-1,-1,-1.000000,-1.000000,42,0,0,0,0,0,-1,-1,-1,0.000000
2111,236,239,-1,-1,183,5,13,3,2,0.000000,4.000000,30,5,0,3,0,3,3,-1,-1,0.000000
2112,236,237,245,-1,459,7,23,3,2,1.000000,1.000000,30,7,5,1,0,1,1,9,-1,0.166667
2113,236,-1,-1,-1,-1,0,-1,-1,-1,-1.000000,-1.000000,36,0,0,0,0,0,-1,-1,-1,0.000000
2114,236,237,-1,-1,183,2,12,3,2,3.000000,3.000000,11,4,0,2,0,2,1,-1,-1,0.000000
2115,237,238,238,-1,311,0,0,3,-1,-1.000000,-1.000000,19,0,11,0,1,1,1,1,-1,0.578947
2116,237,238,248,-1,92,2,11,3,4,3.000000,11.000000,21,7,2,3,0,3,1,11,-1,0.095238
2117,237,241,-1,-1,318,4,28,3,2,3.000000,4.000000,47,4,0,3,0,3,4,-1,-1,0.000000
2118,238,239,239,-1,210,0,0,3,-1,-1.000000,-1.000000,58,0,10,0,1,1,1,1,-1,0.172414
2119,238,239,241,-1,166,0,2,3,3,0.000000,1.000000,52,2,9,0,0,0,1,3,-1,0.173077
2120,238,239,-1,-1,371,10,6,3,4,0.000000,3.000000,29,7,0,4,0,4,1,-1,-1,0.000000
2121,238,239,-1,-1,325,10,10,3,4,0.000000,8.000000,16,9,0,2,0,2,1,-1,-1,0.000000
2122,238,239,-1,-1,131,9,15,3,2,2.000000,2.000000,19,10,0,1,0,1,1,-1,-1,0.000000
2123,238,241,-1,-1,358,2,23,3,4,3.000000,9.000000,53,2,0,4,0,4,3,-1,-1,0.000000
2124,238,239,-1,-1,88,11,26,3,2,0.000000,3.000000,14,8,0,3,0,3,1,-1,-1,0.000000
2125,239,-1,-1,-1,-1,0,-1,-1,-1,-1.000000,-1.000000,11,0,0,0,0,0,-1,-1,-1,0.000000
2126,239,-1,-1,-1,-1,0,-1,-1,-1,-1.000000,-1.000000,28,0,0,0,0,0,-1,-1,-1,0.000000
2127,239,240,244,-1,184,2,11,3,4,3.000000,8.000000,44,2,4,2,2,4,1,5,-1,0.090909
2128,239,240,240,-1,19,0,0,3,-1,-1.000000,-1.000000,22,0,10,0,0,0,1,1,-1,0.454545
2129,240,241,-1,-1,339,5,21,3,2,16.000000,16.000000,18,3,0,6,0,6,1,-1,-1,0.000000
2130,240,241,-1,-1,129,9,15,3,2,3.000000,3.000000,51,7,0,2,0,2,1,-1,-1,0.000000
2131,240,241,-1,-1,492,6,10,3,2,0.000000,0.000000,48,8,0,1,0,1,1,-1,-1,0.000000
2132,240,243,247,-1,22,1,10,3,2,8.000000,8.000000,45,3,3,0,0,0,3,7,-1,0.066667
2133,240,241,-1,-1,225,6,21,3,2,2.000000,2.000000,34,6,0,3,0,3,1,-1,-1,0.000000
2134,240,-1,-1,-1,-1,0,-1,-1,-1,-1.000000,-1.000000,27,0,0,0,0,0,-1,-1,-1,0.000000
2135,241,242,-1,-1,403,2,8,3,4,6.000000,11.000000,25,6,0,2,0,2,1,-1,-1,0.000000
2136,241,242,-1,-1,119,5,8,3,3,5.000000,6.000000,43,6,0,2,0,2,1,-1,-1,0.000000
2137,241,242,250,-1,491,5,1,3,3,0.000000,0.000000,23,7,0,1,0,1,1,9,-1,0.000000
2138,241,242,-1,-1,276,5,11,3,4,4.000000,12.000000,26,6,0,2,0,2,1,-1,-1,0.000000
2139,242,243,244,-1,373,0,1,3,3,0.000000,0.000000,54,1,6,0,0,0,1,2,-1,0.111111
2140,242,243,249,-1,95,4,9,3,4,1.000000,11.000000,44,5,1,1,0,1,1,7,-1,0.022727
2141,242,243,-1,-1,46,7,12,3,2,1.000000,1.000000,10,2,0,5,0,5,1,-1,-1,0.000000
2142,242,243,245,-1,89,0,2,3,3,0.000000,4.000000,10,2,5,0,0,0,1,3,-1,0.500000
2143,242,243,-1,-1,491,4,3,3,4,0.000000,0.000000,32,6,0,1,0,1,1,-1,-1,0.000000
2144,242,243,-1,-1,174,7,24,3,2,1.000000,3.000000,55,7,0,0,0,0,1,-1,-1,0.000000
2145,242,245,-1,-1,269,0,13,3,2,2.000000,2.000000,31,1,0,1,0,1,3,-1,-1,0.000000
2146,242,-1,-1,-1,-1,0,-1,-1,-1,-1.000000,-1.000000,47,0,0,0,0,0,-1,-1,-1,0.000000
2147,243,244,-1,-1,174,2,28,3,4,0.000000,9.000000,17,6,0,0,0,0,1,-1,-1,0.000000
2148,243,244,-1,-1,99,3,5,3,4,8.000000,10.000000,27,4,0,2,0,2,1,-1,-1,0.000000
2149,243,244,-1,-1,263,3,4,3,4,1.000000,5.000000,31,6,0,0,0,0,1,-1,-1,0.000000
2150,243,244,-1,-1,405,3,8,3,2,7.000000,7.000000,25,6,0,0,0,0,1,-1,-1,0.000000
2151,244,-1,-1,-1,-1,0,-1,-1,-1,-1.000000,-1.000000,45,0,0,0,0,0,-1,-1,-1,0.000000
2152,244,245,-1,-1,285,2,12,3,3,2.000000,7.000000,22,3,0,0,0,0,1,-1,-1,0.000000
2153,244,245,-1,-1,259,4,7,3,4,0.000000,2.000000,24,3,0,2,0,2,1,-1,-1,0.000000
2154,244,-1,-1,-1,-1,0,-1,-1,-1,-1.000000,-1.000000,43,0,0,0,0,0,-1,-1,-1,0.000000
2155,244,245,-1,-1,97,4,11,3,2,4.000000,5.000000,8,4,0,1,0,1,1,-1,-1,0.000000
2156,244,245,-1,-1,5,3,13,3,4,9.000000,11.000000,43,3,0,2,0,2,1,-1,-1,0.000000
2157,245,246,-1,-1,279,3,13,3,2,4.000000,4.000000,35,3,0,1,0,1,1,-1,-1,0.000000
2158,245,246,-1,-1,112,4,17,3,2,5.000000,5.000000,53,3,0,1,0,1,1,-1,-1,0.000000
2159,245,246,-1,-1,386,3,15,3,4,2.000000,15.000000,38,1,0,3,0,3,1,-1,-1,0.000000
2160,245,246,-1,-1,37,4,14,3,2,10.000000,10.000000,39,2,0,2,0,2,1,-1,-1,0.000000
2161,245,246,-1,-1,394,4,16,3,4,5.000000,11.000000,17,3,0,1,0,1,1,-1,-1,0.000000
2162,246,247,-1,-1,291,3,45,3,4,1.000000,8.000000,21,1,0,2,0,2,1,-1,-1,0.000000
2163,246,249,-1,-1,194,0,33,3,4,1.000000,7.000000,25,0,0,1,0,1,3,-1,-1,0.000000
2164,246,247,249,-1,255,2,46,3,4,0.000000,14.000000,44,2,1,0,0,0,1,3,-1,0.022727
2165,246,247,-1,-1,160,0,16,3,2,15.000000,15.000000,48,2,0,0,0,0,1,-1,-1,0.000000
2166,246,248,248,-1,60,0,0,3,-1,-1.000000,-1.000000,45,0,2,0,0,0,2,2,-1,0.044444
2167,246,247,-1,-1,457,1,12,3,2,5.000000,5.000000,34,2,0,1,0,1,1,-1,-1,0.000000
2168,246,247,-1,-1,377,0,8,3,4,0.000000,9.000000,9,2,0,1,0,1,1,-1,-1,0.000000
2169,246,247,-1,-1,54,3,52,3,4,1.000000,6.000000,37,3,0,0,0,0,1,-1,-1,0.000000
2170,247,-1,-1,-1,-1,0,-1,-1,-1,-1.000000,-1.000000,19,0,0,0,0,0,-1,-1,-1,0.000000
2171,247,248,-1,-1,270,2,17,3,4,4.000000,9.000000,46,1,0,1,0,1,1,-1,-1,0.000000
2172,247,248,248,-1,263,0,0,3,-1,-1.000000,-1.000000,28,0,1,0,1,1,1,1,-1,0.035714
2173,247,248,-1,-1,394,1,16,3,2,7.000000,7.000000,27,2,0,0,0,0,1,-1,-1,0.000000
2174,247,248,250,-1,305,0,2,3,4,0.000000,0.000000,37,2,0,0,0,0,1,3,-1,0.000000
2175,247,249,-1,-1,285,0,8,3,4,0.000000,12.000000,14,1,0,0,0,0,2,-1,-1,0.000000
2176,247,248,-1,-1,339,1,15,3,2,1.000000,2.000000,33,2,0,0,0,0,1,-1,-1,0.000000
2177,247,-1,-1,-1,-1,0,-1,-1,-1,-1.000000,-1.000000,39,0,0,0,0,0,-1,-1,-1,0.000000
2178,247,249,-1,-1,403,0,18,3,2,5.000000,5.000000,23,0,0,1,0,1,2,-1,-1,0.000000
2179,247,-1,-1,-1,-1,0,-1,-1,-1,-1.000000,-1.000000,41,0,0,0,0,0,-1,-1,-1,0.000000
2180,248,249,-1,-1,251,1,15,3,4,1.000000,5.000000,12,0,0,1,0,1,1,-1,-1,0.000000
2181,248,-1,-1,-1,-1,0,-1,-1,-1,-1.000000,-1.000000,12,0,0,0,0,0,-1,-1,-1,0.000000
2182,248,249,-1,-1,405,1,11,3,2,8.000000,8.000000,17,1,0,0,0,0,1,-1,-1,0.000000
2183,248,249,-1,-1,80,0,17,3,2,5.000000,5.000000,31,0,0,1,0,1,1,-1,-1,0.000000
2184,248,-1,-1,-1,-1,0,-1,-1,-1,-1.000000,-1.000000,17,0,0,0,0,0,-1,-1,-1,0.000000
2185,248,249,-1,-1,339,1,13,3,4,6.000000,14.000000,23,1,0,0,0,0,1,-1,-1,0.000000
2186,248,250,-1,-1,339,0,30,3,4,2.000000,6.000000,22,0,0,0,0,0,2,-1,-1,0.000000
2187,249,-1,-1,-1,-1,0,-1,-1,-1,-1.000000,-1.000000,39,0,0,0,0,0,-1,-1,-1,0.000000
2188,249,250,-1,-1,50,0,30,3,2,1.000000,4.000000,55,0,0,0,0,0,1,-1,-1,0.000000
2189,249,-1,-1,-1,-1,0,-1,-1,-1,-1.000000,-1.000000,43,0,0,0,0,0,-1,-1,-1,0.000000
2190,250,-1,-1,-1,-1,0,-1,-1,-1,-1.000000,-1.000000,22,0,0,0,0,0,-1,-1,-1,0.000000
2191,250,-1,-1,-1,-1,0,-1,-1,-1,-1.000000,-1.000000,53,0,0,0,0,0,-1,-1,-1,0.000000
2192,250,-1,-1,-1,-1,0,-1,-1,-1,-1.000000,-1.000000,9,0,0,0,0,0,-1,-1,-1,0.000000
2193,250,-1,-1,-1,-1,0,-1,-1,-1,-1.000000,-1.000000,23,0,0,0,0,0,-1,-1,-1,0.000000
2194,250,-1,-1,-1,-1,0,-1,-1,-1,-1.000000,-1.000000,27,0,0,0,0,0,-1,-1,-1,0.000000
