task_id,revealed_at,first_assigned_at,picked_up_at,completed_at,first_agent,reassignments,pickup_distance_at_assignment,pickup_local_degree,first_hop_local_degree,first_hop_opposing_flow,first_hop_vertex_flow,service_shortest_distance,empty_distance,loaded_distance,empty_wait_steps,loaded_wait_steps,active_wait_steps,assignment_wait,pickup_wait,completion_time,loaded_detour_ratio
0,0,1,9,44,397,3,1,3,3,0,0,27,5,29,3,6,9,1,9,44,1.074074
1,0,1,29,90,393,4,2,3,4,0.000000,0.000000,43,13,51,2,10,12,1,29,90,1.186047
2,0,4,-1,-1,450,0,4,3,4,1.000000,1.000000,54,4,0,1,0,1,4,-1,-1,0.000000
3,0,1,95,187,544,47,6,3,4,0.000000,0.000000,33,54,69,23,23,46,1,95,187,2.090909
4,0,1,17,76,459,2,9,3,2,0.000000,0.000000,30,15,52,1,7,8,1,17,76,1.733333
5,0,1,95,124,139,48,12,3,2,0.000000,0.000000,19,65,27,29,2,31,1,95,124,1.421053
6,0,1,1,53,466,0,0,3,-1,-1.000000,-1.000000,29,0,45,0,7,7,1,1,53,1.551724
7,0,1,2,26,162,0,1,3,3,0.000000,0.000000,15,1,21,0,3,3,1,2,26,1.400000
8,0,4,83,155,499,24,14,3,4,0.000000,4.000000,24,52,54,18,18,36,4,83,155,2.250000
9,0,1,145,225,144,75,7,3,4,0.000000,0.000000,35,102,69,42,11,53,1,145,225,1.971429
10,0,4,6,83,556,1,6,3,4,0.000000,5.000000,40,2,64,0,13,13,4,6,83,1.600000
11,0,1,1,64,364,0,0,3,-1,-1.000000,-1.000000,47,0,61,0,2,2,1,1,64,1.297872
12,0,1,20,113,234,12,6,3,4,0.000000,0.000000,28,15,86,4,7,11,1,20,113,3.071429
13,0,1,16,92,193,12,2,3,3,0.000000,0.000000,29,10,57,5,19,24,1,16,92,1.965517
14,0,1,12,70,221,2,3,3,4,0.000000,0.000000,45,9,53,2,5,7,1,12,70,1.177778
15,0,1,13,34,401,2,13,3,4,0.000000,0.000000,10,11,18,1,3,4,1,13,34,1.800000
16,0,4,24,128,493,0,4,3,4,0.000000,0.000000,43,10,83,0,21,21,4,24,128,1.930233
17,0,1,20,103,194,9,10,3,4,0.000000,0.000000,27,14,71,5,12,17,1,20,103,2.629630
18,0,1,18,75,536,4,5,3,4,0.000000,0.000000,22,15,48,2,9,11,1,18,75,2.181818
19,0,1,16,79,344,7,16,3,2,0.000000,0.000000,24,8,42,7,21,28,1,16,79,1.750000
20,0,1,4,80,355,0,1,3,3,0.000000,0.000000,46,3,62,0,14,14,1,4,80,1.347826
21,0,1,16,69,127,7,13,3,4,0.000000,0.000000,25,12,47,3,6,9,1,16,69,1.880000
22,0,1,15,27,323,5,5,3,4,0.000000,0.000000,10,9,10,5,2,7,1,15,27,1.000000
23,0,1,6,28,337,3,5,3,4,0.000000,0.000000,17,4,21,1,1,2,1,6,28,1.235294
24,0,1,2,67,351,0,1,3,3,0.000000,0.000000,26,1,56,0,9,9,1,2,67,2.153846
25,0,1,20,56,287,6,8,3,4,0.000000,0.000000,14,18,22,1,14,15,1,20,56,1.571429
26,0,1,11,91,312,4,3,3,4,0.000000,0.000000,42,6,68,4,12,16,1,11,91,1.619048
27,0,1,15,63,497,10,9,3,2,0.000000,0.000000,35,8,43,6,5,11,1,15,63,1.228571
28,0,1,10,76,496,4,5,3,4,0.000000,0.000000,26,8,56,1,10,11,1,10,76,2.153846
29,0,1,3,58,367,1,13,3,2,0.000000,0.000000,29,2,47,0,8,8,1,3,58,1.620690
30,0,1,13,88,342,3,4,3,4,0.000000,0.000000,49,10,71,2,4,6,1,13,88,1.448980
31,0,1,2,19,225,1,3,3,4,0.000000,0.000000,10,1,14,0,3,3,1,2,19,1.400000
32,0,2,25,97,332,4,4,3,4,0.000000,0.000000,51,19,61,1,11,12,2,25,97,1.196078
33,0,1,12,99,513,3,6,3,4,0.000000,0.000000,48,9,82,2,5,7,1,12,99,1.708333
34,0,1,2,34,371,1,5,3,4,0.000000,0.000000,15,1,17,0,15,15,1,2,34,1.133333
35,0,1,31,108,420,0,3,3,4,0.000000,0.000000,30,9,56,1,21,22,1,31,108,1.866667
36,0,1,87,178,240,46,5,3,4,0.000000,0.000000,42,66,88,20,3,23,1,87,178,2.095238
37,0,1,8,30,356,5,3,3,4,0.000000,0.000000,15,6,19,1,3,4,1,8,30,1.266667
38,0,1,7,66,244,5,15,3,4,0.000000,0.000000,21,5,43,1,16,17,1,7,66,2.047619
39,0,1,5,38,417,2,4,3,3,0.000000,0.000000,24,3,30,1,3,4,1,5,38,1.250000
40,0,1,4,27,479,2,5,3,4,0.000000,0.000000,20,3,22,0,1,1,1,4,27,1.100000
41,0,13,23,70,250,3,5,3,4,1.000000,14.000000,25,6,37,2,10,12,13,23,70,1.480000
42,0,1,15,33,320,5,5,3,3,0.000000,0.000000,15,12,17,1,1,2,1,15,33,1.133333
43,0,1,6,63,480,3,4,3,4,0.000000,0.000000,38,4,48,1,9,10,1,6,63,1.263158
44,0,1,64,153,491,14,3,3,4,0.000000,0.000000,53,45,83,4,6,10,1,64,153,1.566038
45,0,1,2,34,449,1,2,3,3,0.000000,0.000000,32,1,32,0,0,0,1,2,34,1.000000
46,0,1,6,16,467,1,10,3,4,0.000000,0.000000,10,5,10,0,0,0,1,6,16,1.000000
47,0,1,10,69,379,4,10,3,2,0.000000,0.000000,36,9,56,0,3,3,1,10,69,1.555556
48,0,4,-1,-1,452,0,5,3,4,0.000000,0.000000,27,1,0,0,0,0,4,-1,-1,0.000000
49,0,1,35,109,365,5,4,3,4,0.000000,0.000000,36,18,66,3,8,11,1,35,109,1.833333
50,0,1,13,65,396,4,6,3,4,0.000000,0.000000,24,11,38,1,14,15,1,13,65,1.583333
51,0,1,4,64,301,0,1,3,3,0.000000,0.000000,44,3,48,0,12,12,1,4,64,1.090909
52,0,117,122,146,109,2,5,3,4,0.000000,2.000000,20,5,22,0,2,2,117,122,146,1.100000
53,0,176,212,-1,123,1,30,3,2,3.000000,3.000000,51,8,35,2,3,5,176,212,-1,0.686275
54,0,1,67,95,506,41,7,3,4,0.000000,0.000000,21,50,23,16,5,21,1,67,95,1.095238
55,0,1,22,106,518,14,3,3,4,0.000000,0.000000,29,13,79,8,5,13,1,22,106,2.724138
56,0,1,33,103,190,7,4,3,4,0.000000,0.000000,45,29,65,1,5,6,1,33,103,1.444444
57,0,1,1,29,464,0,0,3,-1,-1.000000,-1.000000,24,0,26,0,2,2,1,1,29,1.083333
58,0,176,215,-1,452,1,14,3,4,0.000000,5.000000,52,12,32,1,3,4,176,215,-1,0.615385
59,0,1,34,98,200,19,3,3,4,0.000000,0.000000,20,18,50,15,14,29,1,34,98,2.500000
60,0,4,27,117,454,6,15,3,2,0.000000,4.000000,35,17,71,2,19,21,4,27,117,2.028571
61,0,1,18,77,411,2,4,3,4,0.000000,0.000000,28,12,42,3,17,20,1,18,77,1.500000
62,0,1,7,32,269,3,12,3,4,0.000000,0.000000,17,5,21,1,4,5,1,7,32,1.235294
63,0,1,8,86,418,0,4,3,4,0.000000,0.000000,47,6,71,1,7,8,1,8,86,1.510638
64,0,4,23,52,333,4,9,3,4,0.000000,2.000000,15,16,27,3,2,5,4,23,52,1.800000
65,0,1,1,49,465,0,0,3,-1,-1.000000,-1.000000,38,0,40,0,8,8,1,1,49,1.052632
66,0,4,5,48,194,1,10,3,4,3.000000,3.000000,35,1,37,0,6,6,4,5,48,1.057143
67,0,1,7,87,314,3,3,3,4,0.000000,0.000000,43,4,65,1,15,16,1,7,87,1.511628
68,0,2,14,56,506,1,6,3,4,0.000000,0.000000,28,3,34,0,8,8,2,14,56,1.214286
69,0,1,9,64,191,2,8,3,4,0.000000,0.000000,30,8,48,0,7,7,1,9,64,1.600000
70,0,4,20,85,568,3,1,3,3,0.000000,0.000000,26,15,48,1,17,18,4,20,85,1.846154
71,0,1,12,75,295,3,2,3,4,0.000000,0.000000,46,10,58,1,5,6,1,12,75,1.260870
72,0,1,16,75,357,3,6,3,4,0.000000,0.000000,49,10,55,5,4,9,1,16,75,1.122449
73,0,1,5,48,329,3,6,3,4,0.000000,0.000000,22,3,36,1,7,8,1,5,48,1.636364
74,0,2,6,64,448,0,4,3,3,0.000000,0.000000,45,4,53,0,5,5,2,6,64,1.177778
75,0,1,6,75,309,3,3,3,4,0.000000,0.000000,48,4,56,0,13,13,1,6,75,1.166667
76,0,8,11,88,387,0,3,3,4,0.000000,1.000000,55,3,73,0,4,4,8,11,88,1.327273
77,0,1,12,61,292,1,1,3,3,0.000000,0.000000,30,9,38,0,11,11,1,12,61,1.266667
78,0,1,2,36,473,0,1,3,3,0.000000,0.000000,30,1,32,0,2,2,1,2,36,1.066667
79,0,1,4,62,384,1,1,3,3,0.000000,0.000000,39,3,53,0,5,5,1,4,62,1.358974
80,0,1,14,35,485,4,7,3,4,0.000000,0.000000,14,10,18,3,3,6,1,14,35,1.285714
81,0,3,7,46,568,2,2,3,3,0.000000,0.000000,19,4,37,0,2,2,3,7,46,1.947368
82,0,1,9,37,232,2,4,3,4,0.000000,0.000000,21,5,25,3,3,6,1,9,37,1.190476
83,0,1,15,32,92,4,2,3,4,0.000000,0.000000,8,11,16,3,1,4,1,15,32,2.000000
84,0,1,4,18,484,2,3,3,4,0.000000,0.000000,14,3,14,0,0,0,1,4,18,1.000000
85,0,1,9,96,460,4,15,3,4,0.000000,0.000000,36,5,68,3,19,22,1,9,96,1.888889
86,0,1,16,59,326,6,9,3,2,0.000000,0.000000,19,10,37,5,6,11,1,16,59,1.947368
87,0,1,4,65,278,3,16,3,2,0.000000,0.000000,24,2,52,1,9,10,1,4,65,2.166667
88,0,1,4,35,125,2,5,3,4,0.000000,0.000000,20,3,28,0,3,3,1,4,35,1.400000
89,0,1,10,55,302,5,8,3,4,0.000000,0.000000,36,6,40,3,5,8,1,10,55,1.111111
90,0,1,24,73,403,11,11,3,2,0.000000,0.000000,37,17,45,6,4,10,1,24,73,1.216216
91,0,1,12,43,368,6,1,3,3,0.000000,0.000000,24,10,28,1,3,4,1,12,43,1.166667
92,0,1,22,73,303,7,11,3,4,0.000000,0.000000,26,15,36,6,15,21,1,22,73,1.384615
93,0,1,20,61,390,9,15,3,4,0.000000,0.000000,28,15,34,4,7,11,1,20,61,1.214286
94,0,1,15,61,84,3,3,3,4,0.000000,0.000000,18,6,42,8,4,12,1,15,61,2.333333
95,0,1,3,37,308,2,2,3,4,0.000000,0.000000,25,2,31,0,3,3,1,3,37,1.240000
96,0,1,16,87,445,3,10,3,2,0.000000,0.000000,40,14,58,1,13,14,1,16,87,1.450000
97,0,1,4,30,202,2,3,3,4,0.000000,0.000000,18,1,24,2,2,4,1,4,30,1.333333
98,0,1,11,44,477,4,6,3,4,0.000000,0.000000,22,9,30,1,3,4,1,11,44,1.363636
99,0,7,8,41,387,1,4,3,3,3.000000,3.000000,26,1,30,0,3,3,7,8,41,1.153846
100,0,1,8,71,434,4,6,3,4,0.000000,0.000000,39,7,57,0,6,6,1,8,71,1.461538
101,0,1,18,126,184,9,1,3,3,0.000000,0.000000,17,14,69,3,39,42,1,18,126,4.058824
102,0,1,8,75,299,2,6,3,4,0.000000,0.000000,26,6,44,1,23,24,1,8,75,1.692308
103,0,6,12,66,447,1,2,3,3,2.000000,3.000000,30,6,48,0,6,6,6,12,66,1.600000
104,0,1,9,88,271,5,7,3,4,0.000000,0.000000,37,7,63,1,16,17,1,9,88,1.702703
105,0,1,19,50,568,4,4,3,4,0.000000,0.000000,13,18,27,0,4,4,1,19,50,2.076923
106,0,1,90,184,483,32,4,3,3,0.000000,0.000000,36,69,72,20,22,42,1,90,184,2.000000
107,0,1,8,45,266,4,1,3,3,0.000000,0.000000,23,4,33,3,4,7,1,8,45,1.434783
108,0,1,6,70,414,0,4,3,4,0.000000,0.000000,50,4,60,1,4,5,1,6,70,1.200000
109,0,1,12,48,327,2,15,3,2,0.000000,0.000000,17,9,27,2,9,11,1,12,48,1.588235
110,0,1,5,66,583,0,4,3,4,0.000000,0.000000,42,4,48,0,13,13,1,5,66,1.142857
111,0,1,16,121,523,2,3,3,4,0.000000,0.000000,30,6,70,0,35,35,1,16,121,2.333333
112,0,1,7,50,325,4,4,3,4,0.000000,0.000000,30,4,36,2,7,9,1,7,50,1.200000
113,0,1,4,59,276,1,1,3,3,0.000000,0.000000,36,3,50,0,5,5,1,4,59,1.388889
114,0,1,20,44,463,10,7,3,4,0.000000,0.000000,11,14,21,3,3,6,1,20,44,1.909091
115,0,1,13,42,538,3,6,3,4,0.000000,0.000000,19,9,23,3,6,9,1,13,42,1.210526
116,0,1,3,31,261,2,2,3,3,0.000000,0.000000,21,2,25,0,3,3,1,3,31,1.190476
117,0,1,7,67,346,3,3,3,3,0.000000,0.000000,47,6,57,0,3,3,1,7,67,1.212766
118,0,1,9,105,311,6,6,3,4,0.000000,0.000000,58,6,86,2,10,12,1,9,105,1.482759
119,0,1,18,85,456,11,2,3,2,0.000000,0.000000,52,16,62,1,5,6,1,18,85,1.192308
120,0,1,5,34,207,2,5,3,4,0.000000,0.000000,29,1,29,3,0,3,1,5,34,1.000000
121,0,1,9,26,389,3,4,3,4,0.000000,0.000000,16,7,16,1,1,2,1,9,26,1.000000
122,0,1,11,46,188,2,10,3,2,0.000000,0.000000,19,10,29,0,6,6,1,11,46,1.526316
123,0,1,1,68,298,0,0,3,-1,-1.000000,-1.000000,53,0,61,0,6,6,1,1,68,1.150943
124,0,1,16,40,264,5,4,3,4,0.000000,0.000000,14,15,22,0,2,2,1,16,40,1.571429
125,0,1,11,26,262,5,11,3,4,0.000000,0.000000,11,7,13,3,2,5,1,11,26,1.181818
126,0,1,23,102,218,7,5,3,4,0.000000,0.000000,28,14,60,4,19,23,1,23,102,2.142857
127,0,1,1,68,102,0,0,3,-1,-1.000000,-1.000000,44,0,66,0,1,1,1,1,68,1.500000
128,0,4,51,112,579,4,2,3,4,0.000000,1.000000,22,22,46,4,15,19,4,51,112,2.090909
129,0,1,7,37,573,1,6,3,4,0.000000,0.000000,18,5,26,0,4,4,1,7,37,1.444444
130,0,1,15,92,520,3,1,3,3,0.000000,0.000000,51,11,67,3,10,13,1,15,92,1.313725
131,0,1,8,77,274,0,7,3,3,0.000000,0.000000,48,3,64,0,5,5,1,8,77,1.333333
132,0,13,24,136,313,2,4,3,4,1.000000,14.000000,45,6,99,2,13,15,13,24,136,2.200000
133,0,1,18,83,324,4,7,3,4,0.000000,0.000000,34,12,46,5,19,24,1,18,83,1.352941
134,0,21,21,117,415,0,0,3,-1,-1.000000,-1.000000,27,0,65,0,31,31,21,21,117,2.407407
135,0,1,7,46,474,3,1,3,3,0.000000,0.000000,25,6,33,0,6,6,1,7,46,1.320000
136,0,1,1,48,577,0,0,3,-1,-1.000000,-1.000000,43,0,45,0,2,2,1,1,48,1.046512
137,0,1,3,31,209,2,2,3,3,0.000000,0.000000,23,2,27,0,1,1,1,3,31,1.173913
138,0,1,63,111,596,20,12,3,2,0.000000,0.000000,26,26,40,15,8,23,1,63,111,1.538462
139,0,1,2,86,502,1,5,3,4,0.000000,0.000000,54,1,80,0,4,4,1,2,86,1.481481
140,0,1,7,71,543,1,1,3,3,0.000000,0.000000,44,4,56,0,8,8,1,7,71,1.272727
141,0,1,2,32,213,0,1,3,3,0.000000,0.000000,10,1,16,0,14,14,1,2,32,1.600000
142,0,1,68,99,296,32,1,3,3,0.000000,0.000000,10,48,20,18,11,29,1,68,99,2.000000
143,0,32,70,112,176,13,13,3,2,6.000000,6.000000,32,26,40,6,2,8,32,70,112,1.250000
144,0,1,22,98,277,7,6,3,4,0.000000,0.000000,55,20,71,1,5,6,1,22,98,1.290909
145,0,1,18,73,366,6,3,3,4,0.000000,0.000000,31,12,41,5,14,19,1,18,73,1.322581
146,0,1,15,108,406,6,2,3,3,0.000000,0.000000,47,10,77,4,16,20,1,15,108,1.638298
147,0,1,20,46,548,5,14,3,2,0.000000,0.000000,17,12,23,6,3,9,1,20,46,1.352941
148,0,1,7,47,503,3,4,3,4,0.000000,0.000000,27,4,35,2,5,7,1,7,47,1.296296
149,0,1,17,118,169,6,2,3,4,0.000000,0.000000,31,12,83,4,18,22,1,17,118,2.677419
150,0,1,6,52,317,2,6,3,4,0.000000,0.000000,25,3,31,1,15,16,1,6,52,1.240000
151,0,7,14,85,584,0,4,3,4,0.000000,3.000000,45,4,67,0,4,4,7,14,85,1.488889
152,0,1,55,127,245,32,1,3,3,0.000000,0.000000,22,42,50,12,22,34,1,55,127,2.272727
153,0,1,7,38,517,3,2,3,3,0.000000,0.000000,24,6,28,0,3,3,1,7,38,1.166667
154,0,1,5,71,469,2,5,3,4,0.000000,0.000000,43,4,59,0,7,7,1,5,71,1.372093
155,0,1,2,19,409,1,6,3,4,0.000000,0.000000,8,1,14,0,3,3,1,2,19,1.750000
156,0,2,2,56,543,0,0,3,-1,-1.000000,-1.000000,43,0,51,0,3,3,2,2,56,1.186047
157,0,1,17,72,272,8,2,3,3,0.000000,0.000000,35,13,51,3,4,7,1,17,72,1.457143
158,0,1,5,85,426,2,8,3,4,0.000000,0.000000,53,3,77,1,3,4,1,5,85,1.452830
159,0,1,5,72,533,4,11,3,2,0.000000,0.000000,38,3,54,1,13,14,1,5,72,1.421053
160,0,1,16,125,462,4,6,3,4,0.000000,0.000000,39,10,91,4,18,22,1,16,125,2.333333
161,0,1,67,110,255,49,8,3,4,0.000000,0.000000,17,41,37,25,6,31,1,67,110,2.176471
162,0,1,57,98,563,10,1,3,3,0.000000,0.000000,21,27,29,7,12,19,1,57,98,1.380952
163,0,1,134,175,307,27,4,3,3,0.000000,0.000000,25,34,33,7,8,15,1,134,175,1.320000
164,0,1,53,148,575,8,2,3,4,0.000000,0.000000,44,26,68,1,27,28,1,53,148,1.545455
165,0,1,3,74,402,0,2,3,3,0.000000,0.000000,48,2,66,0,5,5,1,3,74,1.375000
166,0,1,10,101,425,5,15,3,2,0.000000,0.000000,45,8,61,1,30,31,1,10,101,1.355556
167,0,1,10,64,333,4,9,3,2,0.000000,0.000000,34,4,44,4,10,14,1,10,64,1.294118
168,0,10,14,26,253,0,2,3,3,2.000000,3.000000,9,4,11,0,1,1,10,14,26,1.222222
169,0,31,41,141,275,1,15,3,2,5.000000,5.000000,37,8,73,0,27,27,31,41,141,1.972973
170,0,-1,-1,-1,-1,0,-1,-1,-1,-1.000000,-1.000000,19,0,0,0,0,0,-1,-1,-1,0.000000
171,0,1,1,71,363,0,0,3,-1,-1.000000,-1.000000,46,0,68,0,2,2,1,1,71,1.478261
172,0,1,13,93,174,5,1,3,3,0.000000,0.000000,28,10,60,2,20,22,1,13,93,2.142857
173,0,1,6,44,183,3,14,3,4,0.000000,0.000000,27,4,31,1,7,8,1,6,44,1.148148
174,0,1,24,86,421,5,12,3,2,0.000000,0.000000,37,13,55,10,7,17,1,24,86,1.486486
175,0,1,50,70,252,30,10,3,2,0.000000,0.000000,14,39,18,10,2,12,1,50,70,1.285714
176,0,1,2,42,216,0,1,3,3,0.000000,0.000000,33,1,35,0,5,5,1,2,42,1.060606
177,0,121,128,220,535,1,13,3,2,14.000000,14.000000,39,7,67,0,25,25,121,128,220,1.717949
178,0,1,2,27,267,1,2,3,4,0.000000,0.000000,23,1,25,0,0,0,1,2,27,1.086957
179,0,176,216,-1,373,0,22,3,2,1.000000,1.000000,41,8,29,1,5,6,176,216,-1,0.707317
180,0,1,14,39,558,3,5,3,4,0.000000,0.000000,12,11,18,2,7,9,1,14,39,1.500000
181,0,1,1,16,410,0,0,3,-1,-1.000000,-1.000000,12,0,14,0,1,1,1,1,16,1.166667
182,0,42,56,92,9,8,11,3,2,8.000000,8.000000,17,11,29,3,7,10,42,56,92,1.705882
183,0,1,1,56,388,0,0,3,-1,-1.000000,-1.000000,31,0,43,0,12,12,1,1,56,1.387097
184,0,208,213,241,522,0,5,3,4,0.000000,0.000000,17,5,19,0,9,9,208,213,241,1.117647
185,0,1,3,35,559,1,4,3,4,0.000000,0.000000,23,2,27,0,5,5,1,3,35,1.173913
186,0,1,11,44,387,5,56,3,3,0.000000,0.000000,22,7,28,2,5,7,1,11,44,1.272727
187,0,146,157,244,121,4,26,3,2,3.000000,3.000000,39,9,67,1,20,21,146,157,244,1.717949
188,0,1,3,62,597,1,57,3,3,0.000000,0.000000,55,2,55,0,4,4,1,3,62,1.000000
189,0,146,156,217,134,5,31,3,2,6.000000,6.000000,43,8,57,1,4,5,146,156,217,1.325581
190,0,1,71,147,592,29,5,3,4,0.000000,0.000000,22,49,68,12,8,20,1,71,147,3.090909
191,0,222,230,-1,415,0,8,3,4,0.000000,1.000000,53,6,19,0,1,1,222,230,-1,0.358491
192,0,1,32,87,512,9,1,3,3,0.000000,0.000000,9,21,25,3,30,33,1,32,87,2.777778
193,0,42,58,150,49,9,9,3,2,6.000000,6.000000,23,11,63,5,29,34,42,58,150,2.739130
194,0,1,4,39,487,2,3,3,4,0.000000,0.000000,27,3,33,0,2,2,1,4,39,1.222222
195,0,1,46,68,376,13,3,3,4,0.000000,0.000000,7,22,11,13,11,24,1,46,68,1.571429
196,0,1,5,18,488,2,6,3,4,0.000000,0.000000,13,3,13,1,0,1,1,5,18,1.000000
197,0,1,5,93,580,1,3,3,4,0.000000,0.000000,17,4,71,0,17,17,1,5,93,4.176471
198,0,1,56,145,598,16,11,3,4,0.000000,0.000000,33,27,75,6,14,20,1,56,145,2.272727
199,0,1,114,152,187,62,5,3,4,0.000000,0.000000,14,82,30,31,8,39,1,114,152,2.142857
200,0,1,23,77,358,6,6,3,4,0.000000,0.000000,32,13,48,9,6,15,1,23,77,1.500000
201,0,1,4,89,532,1,14,3,4,0.000000,0.000000,30,2,78,0,7,7,1,4,89,2.600000
202,0,146,158,218,135,2,24,3,2,5.000000,5.000000,45,9,57,0,3,3,146,158,218,1.266667
203,0,1,8,32,537,4,12,3,4,0.000000,0.000000,21,5,23,2,1,3,1,8,32,1.095238
204,0,1,193,230,400,126,6,3,4,0.000000,0.000000,28,130,36,62,1,63,1,193,230,1.285714
205,0,1,24,83,435,1,3,3,4,0.000000,0.000000,29,13,51,2,8,10,1,24,83,1.758621
206,0,1,11,34,330,2,6,3,4,0.000000,0.000000,14,10,20,0,3,3,1,11,34,1.428571
207,0,1,1,38,149,0,0,3,-1,-1.000000,-1.000000,18,0,30,0,7,7,1,1,38,1.666667
208,0,121,132,206,253,0,12,3,2,5.000000,5.000000,29,4,45,4,29,33,121,132,206,1.551724
209,0,1,38,119,542,9,8,3,4,0.000000,0.000000,44,19,72,5,9,14,1,38,119,1.636364
210,0,-1,-1,-1,-1,0,-1,-1,-1,-1.000000,-1.000000,34,0,0,0,0,0,-1,-1,-1,0.000000
211,0,2,21,57,467,7,9,3,4,0.000000,0.000000,33,12,33,5,3,8,2,21,57,1.000000
212,0,1,104,126,519,25,4,3,4,0.000000,0.000000,17,59,19,12,3,15,1,104,126,1.117647
213,0,1,23,44,514,1,8,3,4,0.000000,0.000000,16,13,20,1,1,2,1,23,44,1.250000
214,0,1,72,142,525,10,2,3,3,0.000000,0.000000,30,25,58,2,12,14,1,72,142,1.933333
215,0,13,35,66,599,1,4,3,4,1.000000,4.000000,17,5,29,0,2,2,13,35,66,1.705882
216,0,37,60,114,213,3,5,3,3,0.000000,8.000000,27,15,53,1,1,2,37,60,114,1.962963
217,0,1,41,143,279,15,3,3,4,0.000000,0.000000,23,35,69,4,33,37,1,41,143,3.000000
218,0,1,17,121,263,2,14,3,4,0.000000,0.000000,26,14,78,2,26,28,1,17,121,3.000000
219,0,1,25,108,567,0,3,3,4,0.000000,0.000000,50,7,76,0,7,7,1,25,108,1.520000
220,0,160,168,-1,328,0,7,3,4,4.000000,10.000000,44,7,73,1,9,10,160,168,-1,1.659091
221,0,1,25,42,285,8,15,3,2,0.000000,0.000000,13,24,15,0,2,2,1,25,42,1.153846
222,0,5,28,89,295,4,58,3,3,0.000000,0.000000,27,13,45,2,16,18,5,28,89,1.666667
223,0,1,16,39,554,0,13,3,4,0.000000,0.000000,17,9,23,1,0,1,1,16,39,1.352941
224,0,1,6,56,547,1,5,3,4,0.000000,0.000000,33,4,41,0,9,9,1,6,56,1.242424
225,0,27,35,45,49,0,9,3,4,17.000000,30.000000,7,6,9,1,1,2,27,35,45,1.285714
226,0,1,16,62,336,8,4,3,3,0.000000,0.000000,34,11,38,4,8,12,1,16,62,1.117647
227,0,1,25,77,552,16,2,3,4,0.000000,0.000000,21,12,41,12,11,23,1,25,77,1.952381
228,0,1,7,42,429,0,5,3,4,0.000000,0.000000,21,5,33,1,2,3,1,7,42,1.571429
229,0,5,6,31,467,1,6,3,4,3.000000,5.000000,23,1,23,0,2,2,5,6,31,1.000000
230,0,3,3,64,549,0,0,3,-1,-1.000000,-1.000000,46,0,50,0,11,11,3,3,64,1.086957
231,0,6,18,92,467,0,5,3,4,0.000000,3.000000,36,1,62,1,12,13,6,18,92,1.722222
232,0,1,7,41,315,2,4,3,4,0.000000,0.000000,12,6,24,0,10,10,1,7,41,2.000000
233,0,1,5,80,447,3,55,3,3,0.000000,0.000000,42,3,66,1,9,10,1,5,80,1.571429
234,0,1,14,102,430,2,5,3,4,0.000000,0.000000,31,8,55,5,33,38,1,14,102,1.774194
235,0,1,13,65,451,2,11,3,4,0.000000,0.000000,31,11,47,1,5,6,1,13,65,1.516129
236,0,1,19,86,516,11,11,3,4,0.000000,0.000000,38,14,50,3,17,20,1,19,86,1.315789
237,0,1,4,22,345,3,4,3,4,0.000000,0.000000,11,3,15,0,3,3,1,4,22,1.363636
238,0,4,19,126,532,5,11,3,4,0.000000,3.000000,19,14,73,0,34,34,4,19,126,3.842105
239,0,1,2,52,331,1,6,3,4,0.000000,0.000000,25,1,39,0,11,11,1,2,52,1.560000
240,0,222,-1,-1,468,0,14,3,4,0.000000,4.000000,47,1,0,0,0,0,222,-1,-1,0.000000
241,0,1,69,85,599,26,4,3,4,0.000000,0.000000,15,31,15,15,1,16,1,69,85,1.000000
242,0,33,41,124,100,0,6,3,4,4.000000,10.000000,29,8,41,0,42,42,33,41,124,1.413793
243,0,1,64,145,551,2,3,3,4,0.000000,0.000000,32,16,62,2,19,21,1,64,145,1.937500
244,0,1,8,35,385,4,8,3,4,0.000000,0.000000,15,7,21,0,6,6,1,8,35,1.400000
245,0,3,32,117,586,4,3,3,4,1.000000,1.000000,58,6,80,0,5,5,3,32,117,1.379310
246,0,4,48,144,361,9,4,3,3,0.000000,0.000000,25,21,75,6,21,27,4,48,144,3.000000
247,0,1,190,-1,450,21,7,3,4,0.000000,0.000000,28,27,45,6,15,21,1,190,-1,1.607143
248,0,1,17,58,392,8,5,3,4,0.000000,0.000000,33,10,33,6,8,14,1,17,58,1.000000
249,0,1,14,51,553,10,1,3,3,0.000000,0.000000,21,9,29,3,8,11,1,14,51,1.380952
250,0,1,10,77,300,5,17,3,4,0.000000,0.000000,36,8,50,1,17,18,1,10,77,1.388889
251,0,1,21,121,431,3,5,3,4,0.000000,0.000000,47,15,93,5,7,12,1,21,121,1.978723
252,0,1,16,64,504,5,2,3,3,0.000000,0.000000,26,11,40,4,8,12,1,16,64,1.538462
253,0,1,16,55,359,9,14,3,2,0.000000,0.000000,22,11,32,4,7,11,1,16,55,1.454545
254,0,1,3,36,472,0,2,3,3,0.000000,0.000000,29,2,31,0,2,2,1,3,36,1.068966
255,0,1,21,99,571,2,5,3,4,0.000000,0.000000,11,8,59,12,19,31,1,21,99,5.363636
256,0,11,27,97,295,4,4,3,4,3.000000,4.000000,41,14,61,2,9,11,11,27,97,1.487805
257,0,1,7,22,352,3,3,3,4,0.000000,0.000000,11,5,15,1,0,1,1,7,22,1.363636
258,0,1,84,148,475,28,1,3,3,0.000000,0.000000,16,60,48,23,16,39,1,84,148,3.000000
259,0,6,10,73,434,1,5,3,4,2.000000,2.000000,50,3,58,1,5,6,6,10,73,1.160000
260,0,1,8,59,126,3,5,3,4,0.000000,0.000000,38,6,44,1,7,8,1,8,59,1.157895
261,0,1,9,33,235,0,8,3,2,0.000000,0.000000,16,8,18,0,6,6,1,9,33,1.125000
262,0,1,11,81,204,4,7,3,4,0.000000,0.000000,47,9,63,1,7,8,1,11,81,1.340426
263,0,1,14,49,186,7,2,3,3,0.000000,0.000000,23,10,27,3,8,11,1,14,49,1.173913
264,0,5,15,86,447,2,3,3,3,3.000000,3.000000,45,7,63,3,8,11,5,15,86,1.400000
265,0,1,5,37,290,0,4,3,3,0.000000,0.000000,19,4,29,0,3,3,1,5,37,1.526316
266,0,1,13,95,260,5,6,3,4,0.000000,0.000000,49,9,69,3,13,16,1,13,95,1.408163
267,0,1,4,33,306,1,4,3,3,0.000000,0.000000,18,1,26,2,3,5,1,4,33,1.444444
268,0,1,6,84,293,2,5,3,4,0.000000,0.000000,48,5,74,0,4,4,1,6,84,1.541667
269,0,1,4,35,354,1,5,3,4,0.000000,0.000000,27,3,29,0,2,2,1,4,35,1.074074
270,0,1,5,32,419,2,8,3,4,0.000000,0.000000,18,4,26,0,1,1,1,5,32,1.444444
271,0,1,7,87,448,1,3,3,4,0.000000,0.000000,53,4,71,2,9,11,1,7,87,1.339623
272,0,1,1,38,259,0,0,3,-1,-1.000000,-1.000000,27,0,35,0,2,2,1,1,38,1.296296
273,0,1,1,29,238,0,0,3,-1,-1.000000,-1.000000,25,0,27,0,1,1,1,1,29,1.080000
274,0,1,1,57,328,0,0,3,-1,-1.000000,-1.000000,46,0,56,0,0,0,1,1,57,1.217391
275,0,1,17,49,217,5,15,3,2,0.000000,0.000000,10,15,22,1,10,11,1,17,49,2.200000
276,0,1,8,65,72,1,12,3,2,0.000000,0.000000,35,4,45,3,12,15,1,8,65,1.285714
277,0,1,11,23,415,6,11,3,4,0.000000,0.000000,10,9,10,1,2,3,1,11,23,1.000000
278,0,1,23,105,164,11,2,3,3,0.000000,0.000000,26,21,58,1,24,25,1,23,105,2.230769
279,0,1,6,74,348,3,6,3,4,0.000000,0.000000,55,4,63,1,5,6,1,6,74,1.145455
280,0,1,11,89,350,5,1,3,3,0.000000,0.000000,28,8,60,2,18,20,1,11,89,2.142857
281,0,1,7,60,316,3,8,3,4,0.000000,0.000000,31,4,49,2,4,6,1,7,60,1.580645
282,0,1,8,77,280,2,4,3,4,0.000000,0.000000,52,5,62,2,7,9,1,8,77,1.192308
283,0,1,3,71,508,2,6,3,4,0.000000,0.000000,45,2,57,0,11,11,1,3,71,1.266667
284,0,1,4,77,257,0,3,3,4,0.000000,0.000000,57,3,71,0,2,2,1,4,77,1.245614
285,0,1,19,106,265,4,4,3,4,0.000000,0.000000,40,14,78,4,9,13,1,19,106,1.950000
286,0,1,26,87,105,7,12,3,2,0.000000,0.000000,31,21,47,4,14,18,1,26,87,1.516129
287,0,1,23,92,353,12,5,3,4,0.000000,0.000000,37,17,61,4,8,12,1,23,92,1.648649
288,0,1,12,84,101,3,6,3,4,0.000000,0.000000,26,9,66,2,6,8,1,12,84,2.538462
289,0,1,16,75,203,7,3,3,4,0.000000,0.000000,29,10,41,5,18,23,1,16,75,1.413793
290,0,1,10,63,500,3,2,3,3,0.000000,0.000000,42,7,50,2,3,5,1,10,63,1.190476
291,0,1,2,35,145,0,1,3,3,0.000000,0.000000,27,1,33,0,0,0,1,2,35,1.222222
292,0,1,6,38,247,1,3,3,4,0.000000,0.000000,24,4,30,1,2,3,1,6,38,1.250000
293,0,1,9,46,270,1,12,3,2,0.000000,0.000000,17,8,33,0,4,4,1,9,46,1.941176
294,0,1,14,90,172,4,3,3,4,0.000000,0.000000,48,11,70,2,6,8,1,14,90,1.458333
295,0,1,14,118,340,3,3,3,4,0.000000,0.000000,29,10,79,3,25,28,1,14,118,2.724138
296,0,1,10,84,243,2,4,3,3,0.000000,0.000000,41,6,57,3,17,20,1,10,84,1.390244
297,0,1,11,65,297,3,7,3,4,0.000000,0.000000,21,9,41,1,13,14,1,11,65,1.952381
298,0,1,22,77,254,13,10,3,2,0.000000,0.000000,28,17,48,4,7,11,1,22,77,1.714286
299,0,1,13,49,228,8,8,3,4,0.000000,0.000000,18,10,30,2,6,8,1,13,49,1.666667
300,0,1,1,11,64,0,0,3,-1,-1.000000,-1.000000,6,0,10,0,0,0,1,1,11,1.666667
301,0,1,5,69,405,0,3,3,4,0.000000,0.000000,44,3,60,1,4,5,1,5,69,1.363636
302,0,1,17,63,398,2,2,3,3,0.000000,0.000000,27,12,39,4,7,11,1,17,63,1.444444
303,0,1,27,74,229,2,11,3,2,0.000000,0.000000,23,21,33,5,14,19,1,27,74,1.434783
304,0,1,8,68,248,3,6,3,4,0.000000,0.000000,42,3,56,4,4,8,1,8,68,1.333333
305,0,1,4,27,220,2,4,3,3,0.000000,0.000000,18,2,22,1,1,2,1,4,27,1.222222
306,0,1,26,109,219,14,3,3,4,0.000000,0.000000,32,20,64,5,19,24,1,26,109,2.000000
307,0,1,2,53,492,0,1,3,3,0.000000,0.000000,41,1,45,0,6,6,1,2,53,1.097561
308,0,1,12,71,239,4,1,3,3,0.000000,0.000000,35,4,51,7,8,15,1,12,71,1.457143
309,0,1,1,48,490,0,0,3,-1,-1.000000,-1.000000,38,0,40,0,7,7,1,1,48,1.052632
310,0,1,4,72,291,3,5,3,4,0.000000,0.000000,55,2,59,1,9,10,1,4,72,1.072727
311,0,1,12,93,294,2,3,3,4,0.000000,0.000000,49,11,71,0,10,10,1,12,93,1.448980
312,0,1,6,67,198,3,1,3,3,0.000000,0.000000,27,4,51,1,10,11,1,6,67,1.888889
313,0,1,25,82,173,12,7,3,4,0.000000,0.000000,37,20,51,4,6,10,1,25,82,1.378378
314,0,1,10,39,178,3,1,3,3,0.000000,0.000000,13,8,21,1,8,9,1,10,39,1.615385
315,0,1,7,72,256,3,6,3,4,0.000000,0.000000,48,6,62,0,3,3,1,7,72,1.291667
316,0,1,19,30,288,4,3,3,4,0.000000,0.000000,9,12,11,6,0,6,1,19,30,1.222222
317,0,1,9,83,378,2,6,3,4,0.000000,0.000000,33,8,69,0,5,5,1,9,83,2.090909
318,0,1,17,88,185,1,5,3,4,0.000000,0.000000,30,9,58,7,13,20,1,17,88,1.933333
319,0,1,19,109,147,7,55,3,4,0.000000,0.000000,44,17,74,1,16,17,1,19,109,1.681818
320,0,1,8,82,468,3,5,3,4,0.000000,0.000000,49,7,63,0,11,11,1,8,82,1.285714
321,0,1,6,32,146,2,3,3,4,0.000000,0.000000,19,4,25,1,1,2,1,6,32,1.315789
322,0,1,7,73,211,2,4,3,4,0.000000,0.000000,29,4,51,2,15,17,1,7,73,1.758621
323,0,1,12,42,339,3,4,3,4,0.000000,0.000000,19,11,27,0,3,3,1,12,42,1.421053
324,0,1,9,52,273,0,6,3,4,0.000000,0.000000,30,6,32,2,11,13,1,9,52,1.066667
325,0,1,1,14,130,0,0,3,-1,-1.000000,-1.000000,13,0,13,0,0,0,1,1,14,1.000000
326,0,1,4,20,38,0,3,3,4,0.000000,0.000000,14,3,16,0,0,0,1,4,20,1.142857
327,0,1,19,94,236,3,4,3,4,0.000000,0.000000,20,15,58,3,17,20,1,19,94,2.900000
328,0,1,2,49,436,1,2,3,3,0.000000,0.000000,44,1,46,0,1,1,1,2,49,1.045455
329,0,2,2,17,380,0,0,3,-1,-1.000000,-1.000000,11,0,15,0,0,0,2,2,17,1.363636
330,0,1,2,68,222,0,1,3,3,0.000000,0.000000,47,1,57,0,9,9,1,2,68,1.212766
331,0,1,13,57,192,5,11,3,4,0.000000,0.000000,27,12,37,0,7,7,1,13,57,1.370370
332,0,1,6,46,47,2,5,3,4,0.000000,0.000000,30,5,34,0,6,6,1,6,46,1.133333
333,0,1,17,59,223,1,2,3,3,0.000000,0.000000,31,12,39,4,3,7,1,17,59,1.258065
334,0,1,2,62,224,1,5,3,4,0.000000,0.000000,42,0,52,1,8,9,1,2,62,1.238095
335,0,1,1,60,343,0,0,3,-1,-1.000000,-1.000000,27,0,33,0,26,26,1,1,60,1.222222
336,0,1,19,110,179,1,4,3,4,0.000000,0.000000,18,10,72,8,19,27,1,19,110,4.000000
337,0,1,26,54,113,3,9,3,3,0.000000,0.000000,23,18,23,4,5,9,1,26,54,1.000000
338,0,1,10,93,282,5,6,3,4,0.000000,0.000000,60,7,80,2,3,5,1,10,93,1.333333
339,0,2,21,100,584,3,5,3,4,0.000000,0.000000,52,14,70,4,9,13,2,21,100,1.346154
340,0,1,30,127,156,5,13,3,4,0.000000,0.000000,47,19,83,10,14,24,1,30,127,1.765957
341,0,1,16,110,205,3,5,3,4,0.000000,0.000000,27,13,61,2,33,35,1,16,110,2.259259
342,0,1,15,69,413,3,3,3,4,0.000000,0.000000,26,12,40,2,14,16,1,15,69,1.538462
343,0,1,5,22,242,3,7,3,4,0.000000,0.000000,12,3,16,1,1,2,1,5,22,1.333333
344,0,1,1,64,131,0,0,3,-1,-1.000000,-1.000000,51,0,59,0,4,4,1,1,64,1.156863
345,0,1,14,65,380,2,1,3,3,0.000000,0.000000,41,8,47,3,4,7,1,14,65,1.146341
346,0,1,18,110,281,7,14,3,2,0.000000,0.000000,32,13,88,4,4,8,1,18,110,2.750000
347,0,1,8,90,251,3,8,3,4,0.000000,0.000000,44,6,70,1,12,13,1,8,90,1.590909
348,0,1,4,30,160,3,6,3,4,0.000000,0.000000,19,3,21,0,5,5,1,4,30,1.105263
349,0,1,5,70,10,0,4,3,3,0.000000,0.000000,32,4,46,0,19,19,1,5,70,1.437500
350,0,1,2,20,182,0,1,3,3,0.000000,0.000000,14,1,16,0,2,2,1,2,20,1.142857
351,0,1,7,64,90,2,7,3,4,0.000000,0.000000,33,6,47,0,10,10,1,7,64,1.424242
352,0,1,10,41,313,0,6,3,4,0.000000,0.000000,18,2,26,0,5,5,1,10,41,1.444444
353,0,1,12,109,168,5,5,3,4,0.000000,0.000000,48,11,88,0,9,9,1,12,109,1.833333
354,0,1,12,96,150,3,10,3,2,0.000000,0.000000,35,9,59,2,25,27,1,12,96,1.685714
355,0,1,9,84,196,1,3,3,4,0.000000,0.000000,45,6,59,2,16,18,1,9,84,1.311111
356,0,1,23,70,181,8,3,3,4,0.000000,0.000000,21,16,39,6,8,14,1,23,70,1.857143
357,0,1,10,88,212,1,3,3,4,0.000000,0.000000,38,9,68,0,10,10,1,10,88,1.789474
358,0,1,10,54,97,4,6,3,4,0.000000,0.000000,25,9,37,0,7,7,1,10,54,1.480000
359,0,1,16,55,171,11,13,3,2,0.000000,0.000000,17,14,33,1,6,7,1,16,55,1.941176
360,0,1,4,35,584,1,4,3,4,0.000000,0.000000,25,3,29,0,2,2,1,4,35,1.160000
361,0,1,3,48,250,1,4,3,3,0.000000,0.000000,33,2,41,0,4,4,1,3,48,1.242424
362,0,1,3,49,140,1,5,3,4,0.000000,0.000000,32,2,36,0,10,10,1,3,49,1.125000
363,0,1,3,43,210,2,1,3,3,0.000000,0.000000,40,1,40,1,0,1,1,3,43,1.000000
364,0,1,5,28,233,2,6,3,4,0.000000,0.000000,11,3,17,1,6,7,1,5,28,1.545455
365,0,1,15,41,104,2,15,3,2,0.000000,0.000000,19,12,23,2,3,5,1,15,41,1.210526
366,0,1,30,111,246,11,2,3,2,0.000000,0.000000,29,17,75,12,6,18,1,30,111,2.586207
367,0,1,161,226,94,49,3,3,4,0.000000,0.000000,39,103,55,57,10,67,1,161,226,1.410256
368,0,1,1,40,83,0,0,3,-1,-1.000000,-1.000000,28,0,34,0,5,5,1,1,40,1.214286
369,0,1,5,84,391,1,1,3,3,0.000000,0.000000,57,4,77,0,2,2,1,5,84,1.350877
370,0,1,3,63,117,0,2,3,3,0.000000,0.000000,43,2,51,0,9,9,1,3,63,1.186047
371,0,1,11,20,136,4,7,3,3,0.000000,0.000000,7,9,7,1,2,3,1,11,20,1.000000
372,0,1,8,40,128,4,5,3,4,0.000000,0.000000,14,7,28,0,4,4,1,8,40,2.000000
373,0,1,31,92,165,13,2,3,3,0.000000,0.000000,15,18,47,12,14,26,1,31,92,3.133333
374,0,1,54,116,154,28,5,3,4,0.000000,0.000000,19,36,47,17,15,32,1,54,116,2.473684
375,0,1,2,60,158,0,1,3,3,0.000000,0.000000,44,1,52,0,6,6,1,2,60,1.181818
376,0,1,9,69,289,2,3,3,4,0.000000,0.000000,36,6,52,2,8,10,1,9,69,1.444444
377,0,1,16,52,275,2,1,3,3,0.000000,0.000000,19,11,27,4,9,13,1,16,52,1.421053
378,0,1,5,81,89,2,2,3,3,0.000000,0.000000,47,4,67,0,9,9,1,5,81,1.425532
379,0,1,22,70,123,9,4,3,3,0.000000,0.000000,23,18,37,3,11,14,1,22,70,1.608696
380,0,1,6,44,161,3,10,3,2,0.000000,0.000000,32,5,36,0,2,2,1,6,44,1.125000
381,0,1,2,29,510,0,1,3,3,0.000000,0.000000,17,1,27,0,0,0,1,2,29,1.588235
382,0,1,4,52,481,0,3,3,4,0.000000,0.000000,41,3,47,0,1,1,1,4,52,1.146341
383,0,1,95,117,157,26,6,3,4,0.000000,0.000000,16,67,20,21,2,23,1,95,117,1.250000
384,0,1,6,72,268,3,4,3,4,0.000000,0.000000,53,3,61,1,5,6,1,6,72,1.150943
385,0,1,16,39,67,1,12,3,2,0.000000,0.000000,12,14,18,1,5,6,1,16,39,1.500000
386,0,1,13,97,208,5,5,3,4,0.000000,0.000000,41,8,63,4,21,25,1,13,97,1.536585
387,0,1,12,41,53,0,4,3,3,0.000000,0.000000,18,4,20,1,9,10,1,12,41,1.111111
388,0,1,6,25,99,1,2,3,3,0.000000,0.000000,16,5,16,0,3,3,1,6,25,1.000000
389,0,1,1,51,199,0,0,3,-1,-1.000000,-1.000000,41,0,49,0,1,1,1,1,51,1.195122
390,0,1,7,62,108,2,54,3,4,0.000000,0.000000,40,6,50,0,5,5,1,7,62,1.250000
391,0,1,19,76,151,0,11,3,4,0.000000,0.000000,19,13,45,5,12,17,1,19,76,2.368421
392,0,1,27,133,175,10,4,3,4,0.000000,0.000000,28,17,74,9,32,41,1,27,133,2.642857
393,0,1,89,167,124,36,12,3,2,0.000000,0.000000,21,58,59,30,19,49,1,89,167,2.809524
394,0,1,1,37,32,0,0,3,-1,-1.000000,-1.000000,36,0,36,0,0,0,1,1,37,1.000000
395,0,1,7,36,111,1,14,3,4,0.000000,0.000000,18,5,24,1,5,6,1,7,36,1.333333
396,0,1,31,116,61,13,14,3,4,0.000000,0.000000,40,22,80,8,5,13,1,31,116,2.000000
397,0,1,14,38,91,1,13,3,2,0.000000,0.000000,14,13,22,0,2,2,1,14,38,1.571429
398,0,1,4,27,50,0,3,3,4,0.000000,0.000000,15,3,23,0,0,0,1,4,27,1.533333
399,0,1,9,32,78,2,10,3,4,0.000000,0.000000,18,8,20,0,3,3,1,9,32,1.111111
400,0,1,4,25,231,1,4,3,4,0.000000,0.000000,11,2,19,1,2,3,1,4,25,1.727273
401,0,1,11,86,152,5,4,3,4,0.000000,0.000000,31,7,43,3,32,35,1,11,86,1.387097
402,0,1,4,29,362,1,4,3,3,0.000000,0.000000,21,3,23,0,2,2,1,4,29,1.095238
403,0,1,3,52,201,0,1,3,3,0.000000,0.000000,30,1,42,1,7,8,1,3,52,1.400000
404,0,1,8,81,249,1,4,3,4,0.000000,0.000000,37,6,57,1,16,17,1,8,81,1.540541
405,0,1,3,24,132,0,2,3,3,0.000000,0.000000,12,2,16,0,5,5,1,3,24,1.333333
406,0,1,9,34,195,4,4,3,4,0.000000,0.000000,19,7,23,1,2,3,1,9,34,1.210526
407,0,1,9,44,167,5,5,3,4,0.000000,0.000000,27,6,31,2,4,6,1,9,44,1.148148
408,0,1,12,100,9,1,4,3,3,0.000000,0.000000,30,7,74,4,14,18,1,12,100,2.466667
409,0,1,3,27,237,1,1,3,3,0.000000,0.000000,17,2,21,0,3,3,1,3,27,1.235294
410,0,1,11,27,85,0,10,3,2,0.000000,0.000000,15,10,15,0,1,1,1,11,27,1.000000
411,0,1,6,76,118,3,4,3,4,0.000000,0.000000,42,5,54,0,16,16,1,6,76,1.285714
412,0,1,8,98,48,0,4,3,4,0.000000,0.000000,25,4,71,3,19,22,1,8,98,2.840000
413,0,1,15,41,34,2,2,3,4,0.000000,0.000000,20,11,22,3,4,7,1,15,41,1.100000
414,0,1,7,63,58,4,3,3,4,0.000000,0.000000,37,3,41,3,15,18,1,7,63,1.108108
415,0,1,1,21,561,0,0,3,-1,-1.000000,-1.000000,14,0,18,0,2,2,1,1,21,1.285714
416,0,1,13,52,214,3,13,3,2,0.000000,0.000000,20,9,32,3,7,10,1,13,52,1.600000
417,0,1,7,37,155,0,3,3,4,0.000000,0.000000,18,5,24,1,6,7,1,7,37,1.333333
418,0,1,1,51,33,0,0,3,-1,-1.000000,-1.000000,35,0,49,0,1,1,1,1,51,1.400000
419,0,1,15,93,166,3,5,3,4,0.000000,0.000000,29,10,67,4,11,15,1,15,93,2.310345
420,0,1,7,77,215,2,1,3,3,0.000000,0.000000,41,6,61,0,9,9,1,7,77,1.487805
421,0,1,10,37,189,3,9,3,4,0.000000,0.000000,19,7,25,2,2,4,1,10,37,1.315789
422,0,1,17,64,177,3,3,3,4,0.000000,0.000000,32,11,40,5,7,12,1,17,64,1.250000
423,0,1,75,120,107,32,13,3,2,0.000000,0.000000,36,53,44,21,1,22,1,75,120,1.222222
424,0,1,33,118,23,8,3,3,4,0.000000,0.000000,31,26,59,4,26,30,1,33,118,1.903226
425,0,1,1,24,176,0,0,3,-1,-1.000000,-1.000000,21,0,23,0,0,0,1,1,24,1.095238
426,0,1,5,68,180,1,2,3,4,0.000000,0.000000,48,4,58,0,5,5,1,5,68,1.208333
427,0,1,4,65,106,0,3,3,4,0.000000,0.000000,39,3,49,0,12,12,1,4,65,1.256410
428,0,1,16,56,80,3,5,3,3,0.000000,0.000000,25,12,39,3,1,4,1,16,56,1.560000
429,0,1,15,78,35,2,9,3,2,0.000000,0.000000,27,10,43,4,20,24,1,15,78,1.592593
430,0,1,5,63,60,2,4,3,3,0.000000,0.000000,40,4,54,0,4,4,1,5,63,1.350000
431,0,1,22,95,134,3,4,3,4,0.000000,0.000000,33,10,51,11,22,33,1,22,95,1.545455
432,0,1,3,22,142,2,2,3,3,0.000000,0.000000,19,2,19,0,0,0,1,3,22,1.000000
433,0,1,13,66,115,1,2,3,3,0.000000,0.000000,29,10,39,2,14,16,1,13,66,1.344828
434,0,1,6,34,137,1,7,3,4,0.000000,0.000000,19,4,27,1,1,2,1,6,34,1.421053
435,0,1,9,78,170,4,6,3,4,0.000000,0.000000,30,4,50,4,19,23,1,9,78,1.666667
436,0,1,10,23,86,1,1,3,3,0.000000,0.000000,13,6,13,3,0,3,1,10,23,1.000000
437,0,1,11,41,71,1,11,3,2,0.000000,0.000000,16,9,28,1,2,3,1,11,41,1.750000
438,0,1,3,33,135,0,2,3,4,0.000000,0.000000,23,2,25,0,5,5,1,3,33,1.086957
439,0,1,11,33,334,1,12,3,2,0.000000,0.000000,17,10,19,0,3,3,1,11,33,1.117647
440,0,1,7,57,120,5,3,3,4,0.000000,0.000000,32,5,38,1,12,13,1,7,57,1.187500
441,0,1,9,20,17,0,3,3,4,0.000000,0.000000,9,5,11,3,0,3,1,9,20,1.222222
442,0,1,65,127,103,20,10,3,4,0.000000,0.000000,17,40,39,24,23,47,1,65,127,2.294118
443,0,1,8,98,148,2,1,3,3,0.000000,0.000000,40,6,76,1,14,15,1,8,98,1.900000
444,0,1,39,98,77,6,12,3,4,0.000000,0.000000,46,24,54,14,5,19,1,39,98,1.173913
445,0,1,2,58,68,1,14,3,2,0.000000,0.000000,39,1,53,0,3,3,1,2,58,1.358974
446,0,1,2,25,159,1,1,3,3,0.000000,0.000000,13,1,19,0,4,4,1,2,25,1.461538
447,0,1,6,83,69,2,5,3,4,0.000000,0.000000,50,5,70,0,7,7,1,6,83,1.400000
448,0,1,17,46,73,5,3,3,3,0.000000,0.000000,21,8,25,8,4,12,1,17,46,1.190476
449,0,1,2,30,153,0,1,3,3,0.000000,0.000000,20,1,28,0,0,0,1,2,30,1.400000
450,0,1,20,104,66,5,1,3,3,0.000000,0.000000,46,15,64,4,20,24,1,20,104,1.391304
451,0,1,8,50,96,0,4,3,4,0.000000,0.000000,27,4,37,3,5,8,1,8,50,1.370370
452,0,1,1,30,100,0,0,3,-1,-1.000000,-1.000000,19,0,27,0,2,2,1,1,30,1.421053
453,0,1,11,30,545,3,3,3,4,0.000000,0.000000,17,10,19,0,0,0,1,11,30,1.117647
454,0,1,2,43,528,1,2,3,3,0.000000,0.000000,37,0,39,1,2,3,1,2,43,1.054054
455,0,1,8,69,4,2,6,3,4,0.000000,0.000000,39,6,55,1,6,7,1,8,69,1.410256
456,0,1,11,56,65,1,13,3,4,0.000000,0.000000,25,10,37,0,8,8,1,11,56,1.480000
457,0,1,9,26,49,2,6,3,4,0.000000,0.000000,9,6,13,2,4,6,1,9,26,1.444444
458,0,1,3,26,74,1,3,3,4,0.000000,0.000000,21,2,23,0,0,0,1,3,26,1.095238
459,0,1,14,73,45,1,9,3,2,0.000000,0.000000,23,11,47,2,12,14,1,14,73,2.043478
460,0,1,3,56,81,0,2,3,3,0.000000,0.000000,41,2,47,0,6,6,1,3,56,1.146341
461,0,1,5,59,57,4,2,3,3,0.000000,0.000000,37,3,47,1,7,8,1,5,59,1.270270
462,0,1,5,28,18,0,4,3,3,0.000000,0.000000,13,4,17,0,6,6,1,5,28,1.307692
463,0,1,10,65,114,1,12,3,2,0.000000,0.000000,31,8,43,1,12,13,1,10,65,1.387097
464,0,1,11,55,87,3,5,3,4,0.000000,0.000000,28,8,36,2,8,10,1,11,55,1.285714
465,0,1,15,71,44,1,5,3,4,0.000000,0.000000,25,13,43,1,13,14,1,15,71,1.720000
466,0,1,8,85,310,1,10,3,2,0.000000,0.000000,50,7,72,0,5,5,1,8,85,1.440000
467,0,1,27,116,112,9,5,3,4,0.000000,0.000000,26,24,70,2,19,21,1,27,116,2.692308
468,0,1,10,65,46,0,4,3,4,0.000000,0.000000,32,8,42,1,13,14,1,10,65,1.312500
469,0,1,19,49,43,5,4,3,3,0.000000,0.000000,24,15,30,3,0,3,1,19,49,1.250000
470,0,1,26,122,62,8,5,3,4,0.000000,0.000000,25,13,73,12,23,35,1,26,122,2.920000
471,0,1,26,57,63,6,10,3,2,0.000000,0.000000,18,14,24,11,7,18,1,26,57,1.333333
472,0,1,29,55,6,2,13,3,2,0.000000,0.000000,20,24,20,4,6,10,1,29,55,1.000000
473,0,1,11,57,370,0,1,3,3,0.000000,0.000000,33,7,39,3,7,10,1,11,57,1.181818
474,0,1,6,26,394,2,1,3,3,0.000000,0.000000,10,2,14,3,6,9,1,6,26,1.400000
475,0,1,10,45,141,1,10,3,2,0.000000,0.000000,24,7,30,2,5,7,1,10,45,1.250000
476,0,1,55,82,88,10,6,3,4,0.000000,0.000000,17,44,25,10,2,12,1,55,82,1.470588
477,0,1,2,46,24,0,1,3,3,0.000000,0.000000,40,1,40,0,4,4,1,2,46,1.000000
478,0,1,8,79,36,4,1,3,3,0.000000,0.000000,48,6,62,1,9,10,1,8,79,1.291667
479,0,1,6,72,163,1,5,3,4,0.000000,0.000000,42,2,58,3,8,11,1,6,72,1.380952
480,0,1,13,77,110,4,14,3,2,0.000000,0.000000,36,10,56,2,8,10,1,13,77,1.555556
481,0,1,1,25,304,0,0,3,-1,-1.000000,-1.000000,18,0,18,0,6,6,1,1,25,1.000000
482,0,1,23,73,93,1,5,3,4,0.000000,0.000000,30,19,42,3,8,11,1,23,73,1.400000
483,0,1,4,61,13,0,3,3,4,0.000000,0.000000,44,3,56,0,1,1,1,4,61,1.272727
484,0,1,14,59,241,1,7,3,4,0.000000,0.000000,29,13,35,0,10,10,1,14,59,1.206897
485,0,1,10,40,95,0,7,3,3,0.000000,0.000000,14,7,24,2,6,8,1,10,40,1.714286
486,0,1,53,97,129,16,1,3,3,0.000000,0.000000,31,41,39,11,5,16,1,53,97,1.258065
487,0,1,35,127,197,5,13,3,2,0.000000,0.000000,32,31,78,2,14,16,1,35,127,2.437500
488,0,1,25,106,59,6,5,3,4,0.000000,0.000000,56,10,72,14,9,23,1,25,106,1.285714
489,0,1,19,62,16,0,16,3,4,0.000000,0.000000,16,16,30,2,13,15,1,19,62,1.875000
490,0,1,38,141,133,12,4,3,4,0.000000,0.000000,39,23,85,14,18,32,1,38,141,2.179487
491,0,1,9,36,284,0,5,3,4,0.000000,0.000000,20,5,24,3,3,6,1,9,36,1.200000
492,0,1,10,39,372,2,3,3,4,0.000000,0.000000,23,8,25,1,4,5,1,10,39,1.086957
493,0,1,3,29,121,0,2,3,4,0.000000,0.000000,18,2,24,0,2,2,1,3,29,1.333333
494,0,1,7,32,341,2,3,3,4,0.000000,0.000000,20,5,22,1,3,4,1,7,32,1.100000
495,0,1,1,32,76,0,0,3,-1,-1.000000,-1.000000,26,0,28,0,3,3,1,1,32,1.076923
496,0,1,14,120,20,0,13,3,2,0.000000,0.000000,29,13,87,0,19,19,1,14,120,3.000000
497,0,1,19,75,56,1,8,3,4,0.000000,0.000000,17,16,51,2,5,7,1,19,75,3.000000
498,0,1,3,28,8,0,2,3,3,0.000000,0.000000,22,2,24,0,1,1,1,3,28,1.090909
499,0,1,16,94,26,4,1,3,3,0.000000,0.000000,43,12,71,3,7,10,1,16,94,1.651163
500,0,1,3,17,15,0,2,3,3,0.000000,0.000000,12,2,14,0,0,0,1,3,17,1.166667
501,0,1,9,100,119,1,4,3,4,0.000000,0.000000,49,5,85,3,6,9,1,9,100,1.734694
502,0,1,3,61,7,0,2,3,3,0.000000,0.000000,42,2,54,0,4,4,1,3,61,1.285714
503,0,1,13,98,75,1,8,3,4,0.000000,0.000000,48,9,74,3,11,14,1,13,98,1.541667
504,0,1,2,37,42,0,1,3,3,0.000000,0.000000,26,1,30,0,5,5,1,2,37,1.153846
505,0,1,5,53,227,2,2,3,3,0.000000,0.000000,28,4,40,0,8,8,1,5,53,1.428571
506,0,1,7,42,206,0,4,3,4,0.000000,0.000000,31,4,33,2,2,4,1,7,42,1.064516
507,0,1,9,41,12,3,2,3,4,0.000000,0.000000,13,5,29,3,3,6,1,9,41,2.230769
508,0,1,12,83,39,1,12,3,4,0.000000,0.000000,47,10,67,1,4,5,1,12,83,1.425532
509,0,1,12,51,51,1,2,3,3,0.000000,0.000000,24,8,30,3,9,12,1,12,51,1.250000
510,0,1,10,106,54,1,5,3,4,0.000000,0.000000,49,9,77,0,19,19,1,10,106,1.571429
511,0,1,1,57,27,0,0,3,-1,-1.000000,-1.000000,49,0,53,0,3,3,1,1,57,1.081633
512,0,1,19,74,11,0,12,3,2,0.000000,0.000000,32,18,44,0,11,11,1,19,74,1.375000
513,0,1,9,72,143,2,5,3,4,0.000000,0.000000,45,8,61,0,2,2,1,9,72,1.355556
514,0,1,18,98,1,1,4,3,4,0.000000,0.000000,18,12,60,5,20,25,1,18,98,3.333333
515,0,1,10,111,82,0,9,3,2,0.000000,0.000000,35,9,87,0,14,14,1,10,111,2.485714
516,0,1,4,67,122,0,3,3,4,0.000000,0.000000,48,3,60,0,3,3,1,4,67,1.250000
517,0,1,14,56,79,0,6,3,4,0.000000,0.000000,24,7,32,5,10,15,1,14,56,1.333333
518,0,1,5,67,55,0,1,3,3,0.000000,0.000000,51,3,55,1,7,8,1,5,67,1.078431
519,0,1,172,223,40,54,12,3,4,0.000000,0.000000,20,115,38,56,13,69,1,172,223,1.900000
520,0,1,45,151,98,12,6,3,4,0.000000,0.000000,31,33,71,11,35,46,1,45,151,2.290323
521,0,1,17,101,19,3,13,3,2,0.000000,0.000000,38,9,70,7,14,21,1,17,101,1.842105
522,0,1,2,37,25,1,4,3,3,0.000000,0.000000,31,0,33,1,2,3,1,2,37,1.064516
523,0,1,6,63,2,0,1,3,3,0.000000,0.000000,34,5,46,0,11,11,1,6,63,1.352941
524,0,1,2,83,41,1,52,3,4,0.000000,0.000000,62,1,78,0,3,3,1,2,83,1.258065
525,0,1,5,39,70,0,4,3,4,0.000000,0.000000,25,4,31,0,3,3,1,5,39,1.240000
526,0,1,14,43,138,2,9,3,2,0.000000,0.000000,15,12,25,1,4,5,1,14,43,1.666667
527,0,1,16,88,22,1,1,3,3,0.000000,0.000000,10,13,58,2,14,16,1,16,88,5.800000
528,0,1,4,45,29,0,3,3,4,0.000000,0.000000,23,3,35,0,6,6,1,4,45,1.521739
529,0,1,3,17,28,0,2,3,3,0.000000,0.000000,11,2,13,0,1,1,1,3,17,1.181818
530,0,1,13,57,30,2,11,3,4,0.000000,0.000000,26,12,40,0,4,4,1,13,57,1.538462
531,0,1,12,113,116,0,1,3,3,0.000000,0.000000,37,9,87,2,14,16,1,12,113,2.351351
532,0,1,3,30,14,0,2,3,3,0.000000,0.000000,23,2,25,0,2,2,1,3,30,1.086957
533,0,1,1,20,3,0,0,3,-1,-1.000000,-1.000000,11,0,15,0,4,4,1,1,20,1.363636
534,0,1,9,78,52,0,2,3,3,0.000000,0.000000,37,4,55,4,14,18,1,9,78,1.486486
535,0,1,28,96,21,3,2,3,3,0.000000,0.000000,29,25,67,2,1,3,1,28,96,2.310345
536,0,1,3,21,109,0,1,3,3,0.000000,0.000000,18,1,18,1,0,1,1,3,21,1.000000
537,0,1,14,57,5,0,6,3,4,0.000000,0.000000,39,12,43,1,0,1,1,14,57,1.102564
538,0,1,13,100,0,0,8,3,2,0.000000,0.000000,31,12,67,0,20,20,1,13,100,2.161290
539,0,1,10,40,31,0,5,3,4,0.000000,0.000000,24,8,26,0,4,4,1,10,40,1.083333
540,0,1,8,29,37,0,1,3,3,0.000000,0.000000,18,1,20,6,1,7,1,8,29,1.111111
541,0,1,3,62,560,2,2,3,3,0.000000,0.000000,32,2,52,0,7,7,1,3,62,1.625000
542,0,1,13,96,535,4,3,3,4,0.000000,0.000000,24,9,68,3,15,18,1,13,96,2.833333
543,0,1,8,49,335,6,10,3,2,0.000000,0.000000,18,3,34,4,7,11,1,8,49,1.888889
544,0,1,21,86,408,10,13,3,4,0.000000,0.000000,34,15,54,5,11,16,1,21,86,1.588235
545,0,1,5,51,534,0,4,3,4,0.000000,0.000000,37,3,43,0,3,3,1,5,51,1.162162
546,0,1,24,59,470,1,3,3,4,0.000000,0.000000,20,6,30,0,5,5,1,24,59,1.500000
547,0,13,78,166,597,14,57,3,4,0.000000,1.000000,45,28,79,5,9,14,13,78,166,1.755556
548,0,1,46,96,549,7,1,3,3,0.000000,0.000000,42,23,46,3,4,7,1,46,96,1.095238
549,0,2,17,131,338,0,13,3,4,0.000000,0.000000,42,1,86,1,28,29,2,17,131,2.047619
550,0,1,195,206,493,4,7,3,4,0.000000,0.000000,8,15,10,5,1,6,1,195,206,1.250000
551,0,1,145,224,318,19,54,3,4,0.000000,0.000000,41,35,61,3,18,21,1,145,224,1.487805
552,0,18,69,146,277,23,1,3,3,1.000000,2.000000,52,43,76,8,1,9,18,69,146,1.461538
553,0,-1,-1,-1,-1,0,-1,-1,-1,-1.000000,-1.000000,54,0,0,0,0,0,-1,-1,-1,0.000000
554,0,43,65,127,238,12,15,3,2,3.000000,3.000000,27,15,47,6,15,21,43,65,127,1.740741
555,0,1,6,42,361,4,4,3,4,0.000000,0.000000,22,4,34,1,2,3,1,6,42,1.545455
556,0,-1,-1,-1,-1,0,-1,-1,-1,-1.000000,-1.000000,26,0,0,0,0,0,-1,-1,-1,0.000000
557,0,7,82,133,361,23,3,3,4,0.000000,3.000000,19,40,47,10,4,14,7,82,133,2.473684
558,0,3,45,94,544,9,4,3,3,0.000000,0.000000,29,11,39,7,10,17,3,45,94,1.344828
559,0,11,29,50,312,4,5,3,4,2.000000,5.000000,14,15,16,3,5,8,11,29,50,1.142857
560,0,-1,-1,-1,-1,0,-1,-1,-1,-1.000000,-1.000000,51,0,0,0,0,0,-1,-1,-1,0.000000
561,0,146,-1,-1,584,2,11,3,4,1.000000,1.000000,38,3,0,1,0,1,146,-1,-1,0.000000
562,0,1,3,50,373,2,17,3,4,0.000000,0.000000,26,0,38,2,9,11,1,3,50,1.461538
563,0,28,34,116,570,3,4,3,4,3.000000,4.000000,38,5,56,1,26,27,28,34,116,1.473684
564,0,3,77,91,596,23,10,3,2,0.000000,0.000000,8,32,10,10,4,14,3,77,91,1.250000
565,0,3,47,69,599,2,4,3,4,0.000000,0.000000,16,6,16,3,6,9,3,47,69,1.000000
566,0,5,16,72,573,0,2,3,3,0.000000,1.000000,34,9,44,1,12,13,5,16,72,1.294118
567,0,1,20,85,412,6,5,3,3,0.000000,0.000000,12,8,52,11,13,24,1,20,85,4.333333
568,0,1,16,38,511,3,1,3,3,0.000000,0.000000,19,8,21,7,1,8,1,16,38,1.105263
569,0,1,29,96,230,20,4,3,4,0.000000,0.000000,36,21,56,7,11,18,1,29,96,1.555556
570,0,-1,-1,-1,-1,0,-1,-1,-1,-1.000000,-1.000000,52,0,0,0,0,0,-1,-1,-1,0.000000
571,0,1,6,27,564,2,2,3,3,0.000000,0.000000,18,3,20,1,1,2,1,6,27,1.111111
572,0,1,2,41,423,0,1,3,3,0.000000,0.000000,20,1,32,0,7,7,1,2,41,1.600000
573,0,1,113,187,454,54,12,3,2,0.000000,0.000000,29,47,71,39,3,42,1,113,187,2.448276
574,0,3,40,128,553,24,2,3,2,1.000000,1.000000,47,24,79,10,9,19,3,40,128,1.680851
575,0,43,57,83,237,6,14,3,2,3.000000,3.000000,15,8,21,2,5,7,43,57,83,1.400000
576,0,28,44,127,15,7,9,3,4,9.000000,11.000000,45,14,69,2,14,16,28,44,127,1.533333
577,0,1,7,32,286,4,6,3,4,0.000000,0.000000,20,5,24,1,1,2,1,7,32,1.200000
578,0,1,191,246,452,22,4,3,4,0.000000,0.000000,18,18,42,10,13,23,1,191,246,2.333333
579,0,1,223,-1,529,10,1,3,3,0.000000,0.000000,23,11,27,9,0,9,1,223,-1,1.173913
580,0,1,1,29,226,0,0,3,-1,-1.000000,-1.000000,21,0,27,0,1,1,1,1,29,1.285714
581,0,1,8,87,253,1,9,3,2,0.000000,0.000000,46,7,66,0,13,13,1,8,87,1.434783
582,0,1,12,57,416,5,4,3,4,0.000000,0.000000,28,8,36,3,9,12,1,12,57,1.285714
583,0,19,21,91,338,0,2,3,3,0.000000,1.000000,41,2,57,0,13,13,19,21,91,1.390244
584,0,1,17,61,566,6,14,3,4,0.000000,0.000000,31,9,41,2,3,5,1,17,61,1.322581
585,0,1,18,57,347,5,5,3,4,0.000000,0.000000,12,15,34,2,5,7,1,18,57,2.833333
586,0,1,3,49,433,2,3,3,4,0.000000,0.000000,24,2,32,0,14,14,1,3,49,1.333333
587,0,33,41,70,591,6,21,3,2,6.000000,8.000000,24,6,28,1,1,2,33,41,70,1.166667
588,0,1,4,67,565,1,4,3,4,0.000000,0.000000,42,3,54,0,9,9,1,4,67,1.285714
589,0,2,60,121,589,18,6,3,4,0.000000,0.000000,23,38,59,18,2,20,2,60,121,2.565217
590,0,-1,-1,-1,-1,0,-1,-1,-1,-1.000000,-1.000000,9,0,0,0,0,0,-1,-1,-1,0.000000
591,0,1,3,16,332,0,51,3,4,0.000000,0.000000,11,1,13,0,0,0,1,3,16,1.181818
592,0,1,8,54,369,4,5,3,4,0.000000,0.000000,17,7,27,0,19,19,1,8,54,1.588235
593,0,39,75,124,283,22,6,3,4,0.000000,20.000000,19,24,37,12,12,24,39,75,124,1.947368
594,0,1,125,178,258,107,13,3,2,0.000000,0.000000,11,85,39,39,14,53,1,125,178,3.545455
595,0,47,73,166,447,9,2,3,3,0.000000,0.000000,40,11,72,9,21,30,47,73,166,1.800000
596,0,2,29,79,560,2,1,3,3,0.000000,0.000000,23,5,41,2,9,11,2,29,79,1.782609
597,0,1,194,223,586,23,5,3,4,0.000000,0.000000,25,22,27,7,2,9,1,194,223,1.080000
598,0,170,224,-1,157,10,13,3,2,9.000000,9.000000,28,13,21,4,5,9,170,224,-1,0.750000
599,0,192,194,-1,50,0,2,3,3,1.000000,1.000000,47,2,51,0,5,5,192,194,-1,1.085106
600,0,1,31,103,440,12,18,3,2,0.000000,0.000000,37,19,53,8,19,27,1,31,103,1.432432
601,0,146,-1,-1,368,2,14,3,4,2.000000,13.000000,37,2,0,2,0,2,146,-1,-1,0.000000
602,0,1,21,44,360,11,8,3,3,0.000000,0.000000,10,15,18,5,5,10,1,21,44,1.800000
603,0,1,1,31,283,0,0,3,-1,-1.000000,-1.000000,29,0,29,0,1,1,1,1,31,1.000000
604,0,37,45,77,146,7,14,3,4,6.000000,11.000000,17,6,29,2,3,5,37,45,77,1.705882
605,0,126,197,-1,9,22,31,3,4,4.000000,14.000000,43,20,38,9,15,24,126,197,-1,0.883721
606,0,4,38,109,553,13,2,3,2,1.000000,1.000000,28,16,64,7,7,14,4,38,109,2.285714
607,0,1,195,246,457,55,4,3,4,0.000000,0.000000,14,79,40,35,11,46,1,195,246,2.857143
608,0,1,1,37,595,0,0,3,-1,-1.000000,-1.000000,32,0,36,0,0,0,1,1,37,1.125000
609,0,28,65,124,182,16,5,3,4,0.000000,10.000000,46,33,56,4,3,7,28,65,124,1.217391
610,0,1,96,135,437,56,11,3,4,0.000000,0.000000,22,68,36,26,3,29,1,96,135,1.636364
611,0,1,16,47,478,3,3,3,4,0.000000,0.000000,14,8,22,7,9,16,1,16,47,1.571429
612,0,38,72,142,135,3,7,3,4,5.000000,12.000000,45,14,65,3,5,8,38,72,142,1.444444
613,0,4,7,24,365,1,1,3,3,0.000000,0.000000,15,2,17,0,0,0,4,7,24,1.133333
614,0,1,27,131,499,2,13,3,4,0.000000,0.000000,27,5,79,5,25,30,1,27,131,2.925926
615,0,40,47,107,135,1,5,3,4,0.000000,10.000000,36,5,54,2,6,8,40,47,107,1.500000
616,0,39,114,204,584,42,13,3,2,0.000000,5.000000,16,64,64,11,26,37,39,114,204,4.000000
617,0,147,-1,-1,175,1,24,3,2,4.000000,4.000000,29,3,0,0,0,0,147,-1,-1,0.000000
618,0,38,39,123,271,0,1,3,3,0.000000,0.000000,28,1,68,0,16,16,38,39,123,2.428571
619,0,4,62,148,488,1,4,3,4,0.000000,0.000000,46,8,76,0,10,10,4,62,148,1.652174
620,0,1,3,12,526,0,2,3,4,0.000000,0.000000,9,2,9,0,0,0,1,3,12,1.000000
621,0,147,-1,-1,421,0,11,3,4,0.000000,1.000000,35,1,0,0,0,0,147,-1,-1,0.000000
622,0,3,105,181,300,39,15,3,2,0.000000,0.000000,16,34,54,23,22,45,3,105,181,3.375000
623,0,1,8,67,322,4,11,3,4,0.000000,0.000000,40,5,48,2,11,13,1,8,67,1.200000
624,0,1,34,61,539,2,5,3,4,0.000000,0.000000,21,10,27,0,0,0,1,34,61,1.285714
625,0,1,14,39,489,6,5,3,4,0.000000,0.000000,15,8,19,5,6,11,1,14,39,1.266667
626,0,1,39,92,305,29,5,3,4,0.000000,0.000000,14,27,36,11,17,28,1,39,92,2.571429
627,0,-1,-1,-1,-1,0,-1,-1,-1,-1.000000,-1.000000,40,0,0,0,0,0,-1,-1,-1,0.000000
628,0,19,19,76,277,0,0,3,-1,-1.000000,-1.000000,29,0,45,0,12,12,19,19,76,1.551724
629,0,1,20,129,455,6,1,3,3,0.000000,0.000000,17,7,73,3,36,39,1,20,129,4.294118
630,0,1,4,33,349,0,53,3,4,0.000000,0.000000,26,1,28,0,1,1,1,4,33,1.076923
631,0,1,12,111,524,1,6,3,4,0.000000,0.000000,31,4,81,7,18,25,1,12,111,2.612903
632,0,8,14,44,469,2,5,3,4,1.000000,4.000000,25,3,27,1,3,4,8,14,44,1.080000
633,0,1,218,-1,319,150,3,3,4,0.000000,0.000000,34,141,26,58,6,64,1,218,-1,0.764706
634,0,-1,-1,-1,-1,0,-1,-1,-1,-1.000000,-1.000000,10,0,0,0,0,0,-1,-1,-1,0.000000
635,0,39,55,147,265,4,11,3,4,3.000000,11.000000,31,14,69,1,23,24,39,55,147,2.225806
636,0,1,24,134,386,3,11,3,2,0.000000,0.000000,39,15,77,8,33,41,1,24,134,1.974359
637,0,-1,-1,-1,-1,0,-1,-1,-1,-1.000000,-1.000000,37,0,0,0,0,0,-1,-1,-1,0.000000
638,0,48,49,87,447,0,1,3,3,0.000000,0.000000,17,1,33,0,5,5,48,49,87,1.941176
639,0,42,53,134,567,3,14,3,2,4.000000,5.000000,46,10,78,1,3,4,42,53,134,1.695652
640,0,170,241,-1,452,7,16,3,2,0.000000,0.000000,31,9,7,5,2,7,170,241,-1,0.225806
641,0,43,124,136,176,43,13,3,4,4.000000,15.000000,10,42,12,27,0,27,43,124,136,1.200000
642,0,27,32,111,528,0,5,3,4,2.000000,10.000000,57,5,71,0,8,8,27,32,111,1.245614
643,0,1,10,19,377,6,7,3,4,0.000000,0.000000,7,9,7,0,2,2,1,10,19,1.000000
644,0,-1,-1,-1,-1,0,-1,-1,-1,-1.000000,-1.000000,32,0,0,0,0,0,-1,-1,-1,0.000000
645,0,42,43,93,177,0,1,3,3,0.000000,1.000000,21,1,41,0,9,9,42,43,93,1.952381
646,0,-1,-1,-1,-1,0,-1,-1,-1,-1.000000,-1.000000,58,0,0,0,0,0,-1,-1,-1,0.000000
647,0,-1,-1,-1,-1,0,-1,-1,-1,-1.000000,-1.000000,51,0,0,0,0,0,-1,-1,-1,0.000000
648,0,1,1,20,570,0,0,3,-1,-1.000000,-1.000000,11,0,17,0,2,2,1,1,20,1.545455
649,0,210,248,-1,552,7,20,3,2,0.000000,1.000000,51,15,2,1,0,1,210,248,-1,0.039216
650,0,1,159,-1,541,29,7,3,4,0.000000,0.000000,32,35,55,8,36,44,1,159,-1,1.718750
651,0,1,10,54,581,4,10,3,4,0.000000,0.000000,27,8,33,1,11,12,1,10,54,1.222222
652,0,170,196,227,599,21,19,3,4,0.000000,2.000000,25,20,27,6,4,10,170,196,227,1.080000
653,0,1,36,135,383,20,10,3,2,0.000000,0.000000,21,27,77,8,22,30,1,36,135,3.666667
654,0,1,43,69,321,31,15,3,2,0.000000,0.000000,15,23,21,19,5,24,1,43,69,1.400000
655,0,4,125,174,551,5,4,3,4,0.000000,2.000000,20,7,36,10,13,23,4,125,174,1.800000
656,0,42,60,131,439,7,6,3,4,0.000000,5.000000,50,15,66,3,5,8,42,60,131,1.320000
657,0,1,161,241,439,19,1,3,3,0.000000,0.000000,50,29,70,4,10,14,1,161,241,1.400000
658,0,34,42,121,235,0,5,3,4,1.000000,8.000000,61,5,73,3,6,9,34,42,121,1.196721
659,0,40,76,143,259,9,6,3,4,0.000000,11.000000,29,16,53,6,14,20,40,76,143,1.827586
660,0,4,133,219,565,3,3,3,4,0.000000,0.000000,49,7,65,10,21,31,4,133,219,1.326531
661,0,107,147,205,197,2,19,3,2,15.000000,15.000000,36,13,50,10,8,18,107,147,205,1.388889
662,0,30,46,128,517,10,23,3,4,12.000000,18.000000,36,14,68,2,14,16,30,46,128,1.888889
663,0,170,195,211,558,22,36,3,2,1.000000,2.000000,14,20,16,5,0,5,170,195,211,1.142857
664,0,8,38,88,326,9,2,3,3,0.000000,1.000000,18,22,38,2,12,14,8,38,88,2.111111
665,0,-1,-1,-1,-1,0,-1,-1,-1,-1.000000,-1.000000,29,0,0,0,0,0,-1,-1,-1,0.000000
666,0,1,9,95,594,5,6,3,4,0.000000,0.000000,45,7,77,1,9,10,1,9,95,1.711111
667,0,128,150,223,232,5,12,3,2,12.000000,12.000000,35,16,59,6,14,20,128,150,223,1.685714
668,0,40,81,119,280,28,15,3,2,3.000000,4.000000,16,30,28,11,10,21,40,81,119,1.750000
669,0,1,28,120,375,12,6,3,4,0.000000,0.000000,25,21,87,6,5,11,1,28,120,3.480000
670,0,5,10,35,535,1,4,3,3,0.000000,0.000000,22,0,22,2,3,5,5,10,35,1.000000
671,0,170,206,-1,427,30,26,3,4,2.000000,5.000000,50,24,40,12,4,16,170,206,-1,0.800000
672,0,1,16,76,404,7,3,3,4,0.000000,0.000000,42,14,54,1,6,7,1,16,76,1.285714
673,0,54,60,121,212,0,6,3,4,4.000000,6.000000,24,6,44,0,17,17,54,60,121,1.833333
674,0,42,72,139,185,17,11,3,4,3.000000,9.000000,40,23,62,7,5,12,42,72,139,1.550000
675,0,30,67,83,15,17,8,3,4,0.000000,9.000000,16,24,16,7,0,7,30,67,83,1.000000
676,0,44,146,189,213,68,3,3,4,0.000000,0.000000,24,57,28,35,15,50,44,146,189,1.166667
677,0,-1,-1,-1,-1,0,-1,-1,-1,-1.000000,-1.000000,55,0,0,0,0,0,-1,-1,-1,0.000000
678,0,55,120,142,67,2,8,3,3,0.000000,5.000000,15,20,17,3,5,8,55,120,142,1.133333
679,0,1,10,91,407,3,15,3,2,0.000000,0.000000,47,6,73,3,8,11,1,10,91,1.553191
680,0,1,90,183,438,51,4,3,4,0.000000,0.000000,24,47,84,39,9,48,1,90,183,3.500000
681,0,43,84,188,185,25,11,3,4,3.000000,9.000000,35,25,75,16,29,45,43,84,188,2.142857
682,0,31,54,139,15,7,7,3,4,0.000000,7.000000,58,10,78,3,7,10,31,54,139,1.344828
683,0,1,5,22,507,2,1,3,3,0.000000,0.000000,17,3,17,0,0,0,1,5,22,1.000000
684,0,44,62,140,561,9,17,3,2,1.000000,5.000000,47,15,71,2,7,9,44,62,140,1.510638
685,0,23,23,100,264,0,0,3,-1,-1.000000,-1.000000,28,0,52,0,25,25,23,23,100,1.857143
686,0,1,119,147,540,78,2,3,3,0.000000,0.000000,27,74,27,44,1,45,1,119,147,1.000000
687,0,15,17,121,312,1,3,3,4,0.000000,5.000000,28,2,80,0,24,24,15,17,121,2.857143
688,0,1,22,85,381,12,4,3,4,0.000000,0.000000,34,17,48,4,15,19,1,22,85,1.411765
689,0,1,4,37,338,3,14,3,2,0.000000,0.000000,25,2,33,1,0,1,1,4,37,1.320000
690,0,40,58,69,213,0,4,3,3,0.000000,9.000000,9,5,11,0,0,0,40,58,69,1.222222
691,0,1,2,57,471,1,16,3,4,0.000000,0.000000,41,1,49,0,6,6,1,2,57,1.195122
692,0,1,4,85,395,0,3,3,4,0.000000,0.000000,45,3,63,0,18,18,1,4,85,1.400000
693,0,47,59,88,150,6,18,3,4,5.000000,10.000000,21,7,23,5,6,11,47,59,88,1.095238
694,0,46,52,130,135,2,3,3,4,0.000000,8.000000,40,5,54,1,24,25,46,52,130,1.350000
695,0,2,6,58,521,4,10,3,4,0.000000,0.000000,24,2,36,2,16,18,2,6,58,1.500000
696,0,3,8,50,540,3,2,3,3,0.000000,0.000000,24,3,36,2,6,8,3,8,50,1.500000
697,0,69,71,155,37,0,2,3,3,1.000000,1.000000,46,2,76,0,8,8,69,71,155,1.652174
698,0,48,75,152,561,23,15,3,2,1.000000,1.000000,48,21,74,6,3,9,48,75,152,1.541667
699,0,45,56,131,439,4,4,3,4,0.000000,4.000000,40,9,62,2,13,15,45,56,131,1.550000
700,0,1,4,21,382,2,3,3,4,0.000000,0.000000,14,3,14,0,3,3,1,4,21,1.000000
701,0,31,81,136,85,23,12,3,2,2.000000,2.000000,20,32,42,4,13,17,31,81,136,2.100000
702,0,31,74,118,86,20,11,3,4,2.000000,9.000000,30,19,40,5,4,9,31,74,118,1.333333
703,0,50,103,173,135,1,2,3,3,1.000000,1.000000,30,11,56,2,14,16,50,103,173,1.866667
704,0,3,7,61,581,1,8,3,2,0.000000,0.000000,34,4,44,0,10,10,3,7,61,1.294118
705,0,-1,-1,-1,-1,0,-1,-1,-1,-1.000000,-1.000000,25,0,0,0,0,0,-1,-1,-1,0.000000
706,0,45,67,163,237,3,15,3,2,3.000000,4.000000,19,7,69,3,27,30,45,67,163,3.631579
707,0,1,59,117,589,8,7,3,4,0.000000,0.000000,22,20,52,1,6,7,1,59,117,2.363636
708,0,49,73,87,146,23,18,3,4,6.000000,12.000000,13,18,13,6,1,7,49,73,87,1.000000
709,0,50,90,166,538,23,9,3,4,9.000000,9.000000,39,19,65,11,11,22,50,90,166,1.666667
710,0,210,-1,-1,494,7,27,3,2,2.000000,2.000000,23,6,0,4,0,4,210,-1,-1,0.000000
711,0,51,139,181,150,65,21,3,2,3.000000,7.000000,21,67,35,21,7,28,51,139,181,1.666667
712,0,5,46,104,589,12,3,3,4,0.000000,0.000000,26,17,50,8,8,16,5,46,104,1.923077
713,0,1,115,136,590,6,8,3,4,0.000000,0.000000,16,19,18,7,3,10,1,115,136,1.125000
714,0,26,34,101,535,1,6,3,4,4.000000,14.000000,21,8,47,0,20,20,26,34,101,2.238095
715,0,1,20,99,461,10,8,3,4,0.000000,0.000000,52,14,74,5,5,10,1,20,99,1.423077
716,0,59,106,117,492,25,14,3,4,18.000000,23.000000,11,36,11,9,0,9,59,106,117,1.000000
717,0,6,24,51,581,7,5,3,4,0.000000,4.000000,18,12,26,3,1,4,6,24,51,1.444444
718,0,1,21,109,562,13,1,3,3,0.000000,0.000000,29,16,65,4,23,27,1,21,109,2.241379
719,0,210,-1,-1,468,6,17,3,4,2.000000,9.000000,29,6,0,4,0,4,210,-1,-1,0.000000
720,0,1,1,19,441,0,0,3,-1,-1.000000,-1.000000,15,0,17,0,1,1,1,1,19,1.133333
721,0,62,85,186,81,21,15,3,4,2.000000,11.000000,38,15,68,8,33,41,62,85,186,1.789474
722,0,61,65,83,498,0,15,3,2,7.000000,7.000000,11,1,17,0,1,1,61,65,83,1.545455
723,0,29,32,113,535,0,3,3,4,0.000000,18.000000,46,3,72,0,9,9,29,32,113,1.565217
724,0,1,17,62,476,6,12,3,2,0.000000,0.000000,22,15,32,1,13,14,1,17,62,1.454545
725,0,1,5,75,374,4,7,3,4,0.000000,0.000000,47,4,61,0,9,9,1,5,75,1.297872
726,0,16,47,117,258,9,9,3,4,1.000000,21.000000,17,16,49,4,21,25,16,47,117,2.882353
727,0,35,46,129,258,5,8,3,4,1.000000,15.000000,13,6,61,3,22,25,35,46,129,4.692308
728,0,1,33,75,582,17,3,3,4,0.000000,0.000000,37,25,41,5,1,6,1,33,75,1.108108
729,0,1,24,74,482,4,2,3,3,0.000000,0.000000,34,6,44,2,6,8,1,24,74,1.294118
730,0,1,2,87,515,0,1,3,3,0.000000,0.000000,49,1,79,0,6,6,1,2,87,1.612245
731,0,-1,-1,-1,-1,0,-1,-1,-1,-1.000000,-1.000000,22,0,0,0,0,0,-1,-1,-1,0.000000
732,0,8,25,104,581,3,3,3,4,0.000000,5.000000,42,6,70,2,9,11,8,25,104,1.666667
733,0,1,18,76,424,9,17,3,2,0.000000,0.000000,39,14,47,3,11,14,1,18,76,1.205128
734,0,45,82,122,176,6,14,3,2,3.000000,3.000000,28,14,38,5,2,7,45,82,122,1.357143
735,0,1,71,147,585,35,3,3,4,0.000000,0.000000,16,49,54,13,22,35,1,71,147,3.375000
736,0,1,17,110,578,2,6,3,4,0.000000,0.000000,43,11,85,4,8,12,1,17,110,1.976744
737,0,1,121,207,593,6,2,3,3,0.000000,0.000000,32,7,50,1,36,37,1,121,207,1.562500
738,0,96,98,133,138,0,2,3,3,1.000000,1.000000,25,2,29,0,6,6,96,98,133,1.160000
739,0,1,30,88,521,8,12,3,2,0.000000,0.000000,28,11,48,8,10,18,1,30,88,1.714286
740,0,10,191,228,493,31,5,3,4,1.000000,2.000000,23,40,29,10,8,18,10,191,228,1.260870
741,0,52,108,176,341,37,17,3,2,2.000000,6.000000,44,41,66,14,2,16,52,108,176,1.500000
742,0,1,25,86,427,15,11,3,2,0.000000,0.000000,17,19,41,5,20,25,1,25,86,2.411765
743,0,38,45,92,501,5,6,3,4,2.000000,14.000000,20,6,40,1,7,8,38,45,92,2.000000
744,0,62,96,196,409,31,12,3,2,1.000000,1.000000,35,26,73,8,27,35,62,96,196,2.085714
745,0,1,97,138,495,53,10,3,4,0.000000,0.000000,23,43,33,28,8,36,1,97,138,1.434783
746,0,170,-1,-1,566,40,13,3,4,9.000000,9.000000,16,30,0,12,0,12,170,-1,-1,0.000000
747,0,1,15,76,531,4,5,3,4,0.000000,0.000000,37,13,57,1,4,5,1,15,76,1.540541
748,0,3,3,53,504,0,0,3,-1,-1.000000,-1.000000,39,0,49,0,1,1,3,3,53,1.256410
749,0,66,92,152,378,24,20,3,2,6.000000,7.000000,41,18,57,8,3,11,66,92,152,1.390244
750,0,129,148,220,242,6,13,3,2,11.000000,11.000000,51,7,61,9,11,20,129,148,220,1.196078
751,0,53,95,172,435,29,18,3,2,3.000000,5.000000,38,33,70,7,7,14,53,95,172,1.842105
752,0,45,246,-1,205,100,4,3,4,0.000000,4.000000,45,147,4,46,0,46,45,246,-1,0.088889
753,0,-1,-1,-1,-1,0,-1,-1,-1,-1.000000,-1.000000,28,0,0,0,0,0,-1,-1,-1,0.000000
754,0,-1,-1,-1,-1,0,-1,-1,-1,-1.000000,-1.000000,63,0,0,0,0,0,-1,-1,-1,0.000000
755,0,2,30,123,318,1,3,3,4,0.000000,0.000000,36,2,76,2,17,19,2,30,123,2.111111
756,0,2,34,90,349,0,4,3,4,0.000000,0.000000,46,0,54,1,2,3,2,34,90,1.173913
757,0,-1,-1,-1,-1,0,-1,-1,-1,-1.000000,-1.000000,21,0,0,0,0,0,-1,-1,-1,0.000000
758,0,1,121,184,442,72,14,3,4,0.000000,0.000000,19,83,51,34,12,46,1,121,184,2.684211
759,0,25,73,123,410,21,17,3,4,4.000000,12.000000,24,42,38,6,12,18,25,73,123,1.583333
760,0,-1,-1,-1,-1,0,-1,-1,-1,-1.000000,-1.000000,48,0,0,0,0,0,-1,-1,-1,0.000000
761,0,53,116,191,259,45,7,3,4,1.000000,7.000000,33,40,53,19,22,41,53,116,191,1.606061
762,0,1,2,22,550,1,10,3,2,0.000000,0.000000,16,1,18,0,2,2,1,2,22,1.125000
763,0,66,183,-1,453,88,12,3,2,2.000000,2.000000,48,78,61,37,6,43,66,183,-1,1.270833
764,0,53,-1,-1,29,113,21,3,2,2.000000,6.000000,37,144,0,49,0,49,53,-1,-1,0.000000
765,0,27,32,139,410,1,17,3,4,3.000000,12.000000,41,2,85,3,22,25,27,32,139,2.073171
766,0,1,15,58,428,11,3,3,4,0.000000,0.000000,22,12,36,2,7,9,1,15,58,1.636364
767,0,-1,-1,-1,-1,0,-1,-1,-1,-1.000000,-1.000000,42,0,0,0,0,0,-1,-1,-1,0.000000
768,0,16,18,108,312,0,2,3,3,0.000000,4.000000,25,2,61,0,29,29,16,18,108,2.440000
769,0,3,34,83,427,9,9,3,4,1.000000,1.000000,24,15,48,4,1,5,3,34,83,2.000000
770,0,1,12,81,422,7,4,3,4,0.000000,0.000000,51,9,65,2,4,6,1,12,81,1.274510
771,0,40,76,165,172,28,16,3,2,4.000000,9.000000,21,25,67,11,22,33,40,76,165,3.190476
772,0,93,144,217,427,1,16,3,4,19.000000,38.000000,25,16,55,3,18,21,93,144,217,2.200000
773,0,98,210,-1,563,7,16,3,4,14.000000,27.000000,44,12,40,5,0,5,98,210,-1,0.909091
774,0,-1,-1,-1,-1,0,-1,-1,-1,-1.000000,-1.000000,54,0,0,0,0,0,-1,-1,-1,0.000000
775,0,55,174,-1,259,77,5,3,4,0.000000,6.000000,44,74,55,40,21,61,55,174,-1,1.250000
776,0,58,76,125,330,9,36,3,2,1.000000,4.000000,26,11,34,3,15,18,58,76,125,1.307692
777,0,57,131,216,371,34,16,3,2,1.000000,3.000000,37,32,75,20,10,30,57,131,216,2.027027
778,0,1,8,34,444,4,16,3,2,0.000000,0.000000,11,6,21,0,5,5,1,8,34,1.909091
779,0,10,173,217,312,16,50,3,4,0.000000,4.000000,28,23,42,5,2,7,10,173,217,1.500000
780,0,66,87,131,396,5,15,3,2,4.000000,5.000000,30,10,42,4,2,6,66,87,131,1.400000
781,0,1,104,192,399,84,1,3,3,0.000000,0.000000,36,71,70,32,18,50,1,104,192,1.944444
782,0,58,79,105,367,6,37,3,2,0.000000,5.000000,21,9,25,2,1,3,58,79,105,1.190476
783,0,36,36,53,212,0,0,3,-1,-1.000000,-1.000000,11,0,15,0,2,2,36,36,53,1.363636
784,0,103,114,200,66,2,12,3,4,6.000000,15.000000,23,5,55,2,31,33,103,114,200,2.391304
785,0,1,24,65,572,10,14,3,4,0.000000,0.000000,21,18,27,5,14,19,1,24,65,1.285714
786,0,36,96,134,584,10,13,3,2,7.000000,7.000000,28,25,34,4,4,8,36,96,134,1.214286
787,0,1,1,64,569,0,0,3,-1,-1.000000,-1.000000,43,0,61,0,2,2,1,1,64,1.418605
788,0,-1,-1,-1,-1,0,-1,-1,-1,-1.000000,-1.000000,47,0,0,0,0,0,-1,-1,-1,0.000000
789,0,3,60,118,521,26,9,3,2,1.000000,1.000000,32,33,46,19,12,31,3,60,118,1.437500
790,0,1,26,71,557,1,3,3,4,0.000000,0.000000,21,5,37,1,8,9,1,26,71,1.761905
791,0,1,24,136,443,6,1,3,3,0.000000,0.000000,22,15,74,2,38,40,1,24,136,3.363636
792,0,76,154,230,456,56,12,3,2,2.000000,2.000000,25,45,49,20,27,47,76,154,230,1.960000
793,0,21,-1,-1,349,4,3,3,4,5.000000,5.000000,36,8,0,1,0,1,21,-1,-1,0.000000
794,0,78,117,196,456,20,13,3,2,2.000000,3.000000,41,14,73,11,6,17,78,117,196,1.780488
795,0,21,22,80,41,0,1,3,3,2.000000,2.000000,45,1,53,0,5,5,21,22,80,1.177778
796,0,1,60,112,556,10,6,3,4,0.000000,0.000000,21,14,35,13,17,30,1,60,112,1.666667
797,0,1,6,76,432,2,4,3,4,0.000000,0.000000,30,5,64,0,6,6,1,6,76,2.133333
798,0,57,62,118,275,1,11,3,2,21.000000,21.000000,23,4,45,0,11,11,57,62,118,1.956522
799,0,61,93,164,568,28,15,3,2,2.000000,3.000000,40,23,58,9,13,22,61,93,164,1.450000
800,0,3,64,122,444,29,14,3,2,0.000000,0.000000,25,29,51,16,7,23,3,64,122,2.040000
801,0,1,76,150,574,15,6,3,4,0.000000,0.000000,14,16,60,15,14,29,1,76,150,4.285714
802,0,-1,-1,-1,-1,0,-1,-1,-1,-1.000000,-1.000000,23,0,0,0,0,0,-1,-1,-1,0.000000
803,0,-1,-1,-1,-1,0,-1,-1,-1,-1.000000,-1.000000,59,0,0,0,0,0,-1,-1,-1,0.000000
804,0,40,103,158,591,46,14,3,2,3.000000,4.000000,24,37,46,24,9,33,40,103,158,1.916667
805,0,67,111,198,472,33,18,3,2,10.000000,10.000000,41,36,77,7,10,17,67,111,198,1.878049
806,0,98,137,176,110,0,12,3,4,10.000000,21.000000,15,1,31,1,8,9,98,137,176,2.066667
807,0,132,149,232,242,4,11,3,4,4.000000,10.000000,49,8,65,3,18,21,132,149,232,1.326531
808,0,132,154,250,258,8,14,3,2,4.000000,5.000000,25,13,65,2,31,33,132,154,250,2.600000
809,0,1,24,68,453,10,3,3,4,0.000000,0.000000,29,17,37,2,7,9,1,24,68,1.275862
810,0,2,45,114,557,11,3,3,4,0.000000,0.000000,16,13,54,6,15,21,2,45,114,3.375000
811,0,-1,-1,-1,-1,0,-1,-1,-1,-1.000000,-1.000000,47,0,0,0,0,0,-1,-1,-1,0.000000
812,0,3,14,46,566,1,12,3,2,1.000000,1.000000,21,10,27,1,5,6,3,14,46,1.285714
813,0,4,22,44,489,2,2,3,4,1.000000,1.000000,13,3,19,0,3,3,4,22,44,1.461538
814,0,8,37,122,367,5,6,3,4,0.000000,6.000000,33,15,67,1,18,19,8,37,122,2.030303
815,0,80,143,235,456,44,12,3,2,2.000000,2.000000,30,24,74,23,18,41,80,143,235,2.466667
816,0,113,143,199,90,5,13,3,2,7.000000,7.000000,32,11,52,6,4,10,113,143,199,1.625000
817,0,8,31,127,516,0,5,3,4,8.000000,8.000000,26,4,62,1,34,35,8,31,127,2.384615
818,0,1,13,115,458,7,16,3,2,0.000000,0.000000,27,5,83,4,19,23,1,13,115,3.074074
819,0,-1,-1,-1,-1,0,-1,-1,-1,-1.000000,-1.000000,18,0,0,0,0,0,-1,-1,-1,0.000000
820,0,243,-1,-1,85,3,17,3,2,4.000000,4.000000,43,4,0,0,0,0,243,-1,-1,0.000000
821,0,3,169,-1,386,96,9,3,4,1.000000,2.000000,36,116,63,31,18,49,3,169,-1,1.750000
822,0,1,10,95,588,0,9,3,2,0.000000,0.000000,53,6,75,0,10,10,1,10,95,1.415094
823,0,3,46,108,555,13,18,3,4,0.000000,1.000000,18,18,50,3,12,15,3,46,108,2.777778
824,0,1,166,249,498,109,8,3,2,0.000000,0.000000,26,88,64,48,19,67,1,166,249,2.461538
825,0,98,145,181,2,45,15,3,2,2.000000,3.000000,15,36,29,11,7,18,98,145,181,1.933333
826,0,-1,-1,-1,-1,0,-1,-1,-1,-1.000000,-1.000000,43,0,0,0,0,0,-1,-1,-1,0.000000
827,0,61,76,173,275,14,18,3,4,6.000000,15.000000,37,7,79,8,18,26,61,76,173,2.135135
828,0,1,9,44,505,4,5,3,4,0.000000,0.000000,24,7,30,1,5,6,1,9,44,1.250000
829,0,1,58,82,579,1,1,3,3,0.000000,0.000000,16,10,18,3,6,9,1,58,82,1.125000
830,0,9,11,35,581,0,2,3,3,0.000000,1.000000,16,1,20,0,4,4,9,11,35,1.250000
831,0,57,61,122,259,0,2,3,4,0.000000,0.000000,44,0,52,1,9,10,57,61,122,1.181818
832,0,99,121,200,569,21,8,3,4,0.000000,12.000000,25,13,63,9,16,25,99,121,200,2.520000
833,0,3,12,99,594,5,5,3,4,0.000000,0.000000,34,8,64,1,23,24,3,12,99,1.882353
834,0,170,-1,-1,143,39,10,3,4,0.000000,5.000000,10,29,0,12,0,12,170,-1,-1,0.000000
835,0,4,97,133,540,51,2,3,3,1.000000,1.000000,17,43,27,33,9,42,4,97,133,1.588235
836,0,4,69,97,514,43,6,3,4,0.000000,1.000000,15,41,21,13,7,20,4,69,97,1.400000
837,0,4,5,33,342,0,1,3,3,0.000000,0.000000,18,1,26,0,2,2,4,5,33,1.444444
838,0,28,28,76,440,0,0,3,-1,-1.000000,-1.000000,30,0,38,0,10,10,28,28,76,1.266667
839,0,67,139,229,598,51,5,3,4,2.000000,2.000000,29,55,65,14,25,39,67,139,229,2.241379
840,0,-1,-1,-1,-1,0,-1,-1,-1,-1.000000,-1.000000,21,0,0,0,0,0,-1,-1,-1,0.000000
841,0,4,11,30,385,3,5,3,4,1.000000,1.000000,8,5,18,2,1,3,4,11,30,2.250000
842,0,1,5,51,446,1,4,3,3,0.000000,0.000000,33,2,41,2,5,7,1,5,51,1.242424
843,0,132,186,216,588,7,15,3,4,5.000000,9.000000,21,19,29,10,1,11,132,186,216,1.380952
844,0,1,79,154,522,39,6,3,4,0.000000,0.000000,30,35,72,14,3,17,1,79,154,2.400000
845,0,79,143,157,554,51,10,3,4,5.000000,9.000000,13,51,13,13,1,14,79,143,157,1.000000
846,0,1,57,140,591,0,3,3,4,0.000000,0.000000,17,2,69,0,14,14,1,57,140,4.058824
847,0,28,32,73,438,3,5,3,4,0.000000,21.000000,21,3,27,1,14,15,28,32,73,1.285714
848,0,21,29,92,225,0,4,3,4,0.000000,8.000000,15,2,33,0,30,30,21,29,92,2.200000
849,0,47,49,128,205,1,3,3,4,0.000000,6.000000,38,2,70,0,9,9,47,49,128,1.842105
850,0,1,46,142,530,6,8,3,4,0.000000,0.000000,30,14,70,3,26,29,1,46,142,2.333333
851,0,244,-1,-1,79,2,20,3,4,21.000000,33.000000,50,3,0,0,0,0,244,-1,-1,0.000000
852,0,156,213,-1,537,6,21,3,2,8.000000,10.000000,43,11,35,2,2,4,156,213,-1,0.813953
853,0,1,83,143,546,35,5,3,4,0.000000,0.000000,11,50,45,17,15,32,1,83,143,4.090909
854,0,1,136,229,486,73,4,3,4,0.000000,0.000000,25,78,63,38,30,68,1,136,229,2.520000
855,0,1,138,197,501,107,14,3,4,0.000000,0.000000,25,91,49,46,10,56,1,138,197,1.960000
856,0,1,135,230,509,102,14,3,4,0.000000,0.000000,31,86,75,46,20,66,1,135,230,2.419355
857,0,115,147,236,90,5,13,3,2,8.000000,8.000000,24,8,66,9,23,32,115,147,236,2.750000
858,0,68,68,166,270,0,0,3,-1,-1.000000,-1.000000,29,0,61,0,37,37,68,68,166,2.103448
859,0,1,30,82,494,1,2,3,3,0.000000,0.000000,13,8,39,1,13,14,1,30,82,3.000000
860,0,170,-1,-1,96,39,9,3,4,5.000000,5.000000,22,27,0,14,0,14,170,-1,-1,0.000000
861,0,108,159,217,427,30,16,3,2,8.000000,8.000000,39,35,53,12,5,17,108,159,217,1.358974
862,0,1,3,32,555,1,18,3,4,0.000000,0.000000,14,2,20,0,9,9,1,3,32,1.428571
863,0,61,202,229,103,103,14,3,4,2.000000,7.000000,16,82,22,58,5,63,61,202,229,1.375000
864,0,244,-1,-1,457,2,15,3,2,4.000000,4.000000,43,3,0,0,0,0,244,-1,-1,0.000000
865,0,4,40,129,594,13,4,3,4,0.000000,0.000000,50,13,80,4,9,13,4,40,129,1.600000
866,0,129,164,220,181,18,13,3,2,4.000000,4.000000,29,18,51,13,5,18,129,164,220,1.758621
867,0,39,44,93,501,2,5,3,4,1.000000,14.000000,24,4,44,1,5,6,39,44,93,1.833333
868,0,-1,-1,-1,-1,0,-1,-1,-1,-1.000000,-1.000000,61,0,0,0,0,0,-1,-1,-1,0.000000
869,0,80,86,140,554,0,9,3,4,0.000000,6.000000,21,3,41,0,13,13,80,86,140,1.952381
870,0,58,80,139,491,6,45,3,2,0.000000,1.000000,34,10,52,0,7,7,58,80,139,1.529412
871,0,108,126,170,110,4,13,3,4,19.000000,34.000000,34,8,36,2,8,10,108,126,170,1.058824
872,0,84,91,116,554,2,6,3,4,0.000000,3.000000,20,5,24,2,1,3,84,91,116,1.200000
873,0,4,24,65,521,0,8,3,2,1.000000,1.000000,20,2,32,0,9,9,4,24,65,1.600000
874,0,23,27,71,194,1,3,3,4,9.000000,12.000000,19,3,35,1,9,10,23,27,71,1.842105
875,0,37,123,166,336,53,10,3,4,4.000000,12.000000,11,59,35,24,8,32,37,123,166,3.181818
876,0,88,144,214,554,46,3,3,4,0.000000,0.000000,45,34,61,18,9,27,88,144,214,1.355556
877,0,37,107,180,474,36,6,3,4,1.000000,9.000000,19,37,55,22,18,40,37,107,180,2.894737
878,0,73,109,121,343,28,15,3,4,1.000000,7.000000,9,30,9,6,3,9,73,109,121,1.000000
879,0,1,49,145,527,10,9,3,2,0.000000,0.000000,25,14,71,4,25,29,1,49,145,2.840000
880,0,1,77,134,576,15,5,3,4,0.000000,0.000000,42,24,52,10,5,15,1,77,134,1.238095
881,0,63,72,141,248,7,15,3,2,3.000000,5.000000,47,6,65,2,4,6,63,72,141,1.382979
882,0,2,85,161,527,39,8,3,2,0.000000,0.000000,34,36,62,15,14,29,2,85,161,1.823529
883,0,36,120,173,542,58,3,3,4,1.000000,26.000000,37,51,45,33,8,41,36,120,173,1.216216
884,0,129,149,183,245,6,12,3,4,5.000000,9.000000,14,10,22,5,12,17,129,149,183,1.571429
885,0,129,174,234,261,21,12,3,4,4.000000,9.000000,14,29,42,10,18,28,129,174,234,3.000000
886,0,99,146,204,140,45,13,3,4,5.000000,15.000000,27,24,47,23,11,34,99,146,204,1.740741
887,0,43,80,134,76,30,11,3,4,6.000000,16.000000,26,30,42,6,12,18,43,80,134,1.615385
888,0,99,104,198,2,4,14,3,2,4.000000,4.000000,17,4,57,1,37,38,99,104,198,3.352941
889,0,30,75,113,438,35,3,3,4,0.000000,3.000000,23,33,31,12,7,19,30,75,113,1.347826
890,0,-1,-1,-1,-1,0,-1,-1,-1,-1.000000,-1.000000,42,0,0,0,0,0,-1,-1,-1,0.000000
891,0,210,-1,-1,172,7,33,3,4,4.000000,10.000000,54,9,0,1,0,1,210,-1,-1,0.000000
892,0,170,-1,-1,159,39,8,3,4,5.000000,6.000000,31,31,0,10,0,10,170,-1,-1,0.000000
893,0,117,175,242,136,14,23,3,2,1.000000,1.000000,43,19,47,4,20,24,117,175,242,1.093023
894,0,1,48,118,587,2,5,3,4,0.000000,0.000000,23,11,47,1,23,24,1,48,118,2.043478
895,0,58,82,142,561,8,12,3,2,1.000000,1.000000,49,8,57,2,3,5,58,82,142,1.163265
896,0,244,-1,-1,85,2,16,3,4,4.000000,8.000000,20,2,0,1,0,1,244,-1,-1,0.000000
897,0,159,-1,-1,422,32,18,3,2,9.000000,9.000000,44,29,0,13,0,13,159,-1,-1,0.000000
898,0,31,104,129,438,58,4,3,4,0.000000,1.000000,19,48,23,23,2,25,31,104,129,1.210526
899,0,48,71,83,205,1,4,3,4,0.000000,4.000000,12,8,12,2,0,2,48,71,83,1.000000
900,11,244,-1,-1,491,2,23,3,4,12.000000,21.000000,44,3,0,0,0,0,233,-1,-1,0.000000
901,12,14,31,149,442,0,8,3,4,12.000000,20.000000,25,1,85,0,33,33,2,19,137,3.400000
902,14,117,212,-1,526,40,32,3,4,4.000000,7.000000,30,43,24,10,14,24,103,198,-1,0.800000
903,16,159,-1,-1,399,33,21,3,2,1.000000,2.000000,42,25,0,14,0,14,143,-1,-1,0.000000
904,16,244,-1,-1,137,0,21,3,2,21.000000,21.000000,50,2,0,0,0,0,228,-1,-1,0.000000
905,16,40,49,93,278,5,10,3,2,2.000000,2.000000,22,4,38,3,6,9,24,33,77,1.727273
906,17,23,62,110,521,22,2,3,3,3.000000,3.000000,8,27,42,12,6,18,6,45,93,5.250000
907,17,-1,-1,-1,-1,0,-1,-1,-1,-1.000000,-1.000000,46,0,0,0,0,0,-1,-1,-1,0.000000
908,17,51,89,178,161,22,6,3,4,0.000000,4.000000,50,21,84,16,5,21,34,72,161,1.680000
909,18,26,28,95,521,0,2,3,3,2.000000,2.000000,16,2,50,0,17,17,8,10,77,3.125000
910,18,36,64,142,344,15,2,3,3,0.000000,5.000000,14,15,64,9,14,23,18,46,124,4.571429
911,19,108,131,152,476,6,7,3,3,4.000000,6.000000,11,10,17,2,4,6,89,112,133,1.545455
912,19,31,55,77,410,10,16,3,2,2.000000,3.000000,13,20,19,4,3,7,12,36,58,1.461538
913,19,74,75,152,131,0,1,3,3,1.000000,1.000000,28,1,62,0,15,15,55,56,133,2.214286
914,19,99,150,224,218,48,16,3,2,4.000000,4.000000,13,32,55,19,19,38,80,131,205,4.230769
915,20,33,51,70,582,0,4,3,4,0.000000,15.000000,13,8,19,0,0,0,13,31,50,1.461538
916,20,35,65,122,382,14,18,3,2,3.000000,7.000000,22,22,44,8,13,21,15,45,102,2.000000
917,20,94,147,230,453,47,9,3,4,3.000000,8.000000,49,33,73,17,10,27,74,127,210,1.489796
918,20,30,35,129,194,3,1,3,3,1.000000,2.000000,23,5,65,0,29,29,10,15,109,2.826087
919,20,-1,-1,-1,-1,0,-1,-1,-1,-1.000000,-1.000000,35,0,0,0,0,0,-1,-1,-1,0.000000
920,20,28,226,-1,143,61,7,3,4,5.000000,11.000000,38,67,22,36,2,38,8,206,-1,0.578947
921,21,-1,-1,-1,-1,0,-1,-1,-1,-1.000000,-1.000000,47,0,0,0,0,0,-1,-1,-1,0.000000
922,21,141,246,-1,481,38,9,3,2,5.000000,5.000000,29,48,4,22,0,22,120,225,-1,0.137931
923,21,39,76,146,76,23,12,3,4,5.000000,13.000000,28,19,58,11,12,23,18,55,125,2.071429
924,22,142,209,-1,481,15,8,3,4,6.000000,8.000000,48,23,33,3,8,11,120,187,-1,0.687500
925,22,47,78,170,591,25,15,3,2,5.000000,5.000000,19,15,73,14,19,33,25,56,148,3.842105
926,22,-1,-1,-1,-1,0,-1,-1,-1,-1.000000,-1.000000,54,0,0,0,0,0,-1,-1,-1,0.000000
927,22,134,193,245,534,23,13,3,2,4.000000,5.000000,34,18,44,16,8,24,112,171,223,1.294118
928,22,120,189,-1,571,51,11,3,3,0.000000,7.000000,21,38,49,30,12,42,98,167,-1,2.333333
929,22,117,189,-1,511,15,31,3,2,5.000000,5.000000,54,16,54,6,7,13,95,167,-1,1.000000
930,23,34,36,102,446,2,2,3,3,6.000000,7.000000,26,1,50,1,16,17,11,13,79,1.923077
931,23,28,76,145,578,45,6,3,4,5.000000,13.000000,30,32,58,16,11,27,5,53,122,1.933333
932,24,51,-1,-1,502,155,8,3,4,0.000000,6.000000,14,147,0,51,0,51,27,-1,-1,0.000000
933,24,31,33,92,194,2,2,3,4,0.000000,1.000000,24,2,50,0,9,9,7,9,68,2.083333
934,24,41,56,152,475,2,12,3,2,3.000000,3.000000,39,13,81,2,15,17,17,32,128,2.076923
935,25,118,-1,-1,345,53,12,3,4,0.000000,5.000000,45,61,0,12,0,12,93,-1,-1,0.000000
936,25,35,40,107,289,3,12,3,2,5.000000,7.000000,51,4,57,0,10,10,10,15,82,1.117647
937,25,210,-1,-1,30,9,24,3,2,0.000000,1.000000,38,7,0,3,0,3,185,-1,-1,0.000000
938,25,118,221,242,136,34,22,3,2,2.000000,2.000000,14,34,18,7,3,10,93,196,217,1.285714
939,26,30,36,72,258,2,6,3,4,0.000000,15.000000,12,4,24,1,12,13,4,10,46,2.000000
940,26,47,58,111,156,0,15,3,2,9.000000,9.000000,30,6,46,2,7,9,21,32,85,1.533333
941,26,-1,-1,-1,-1,0,-1,-1,-1,-1.000000,-1.000000,27,0,0,0,0,0,-1,-1,-1,0.000000
942,26,35,44,134,109,7,5,3,4,8.000000,10.000000,39,5,63,3,27,30,9,18,108,1.615385
943,26,144,152,233,465,6,17,3,2,3.000000,3.000000,29,4,51,4,30,34,118,126,207,1.758621
944,26,-1,-1,-1,-1,0,-1,-1,-1,-1.000000,-1.000000,20,0,0,0,0,0,-1,-1,-1,0.000000
945,26,-1,-1,-1,-1,0,-1,-1,-1,-1.000000,-1.000000,18,0,0,0,0,0,-1,-1,-1,0.000000
946,27,36,53,132,109,10,4,3,4,9.000000,12.000000,39,8,65,7,14,21,9,26,105,1.666667
947,27,163,232,-1,279,43,23,3,2,0.000000,0.000000,19,39,16,10,2,12,136,205,-1,0.842105
948,27,63,89,115,152,21,17,3,4,0.000000,15.000000,18,22,24,2,2,4,36,62,88,1.333333
949,27,99,152,235,313,51,10,3,4,1.000000,13.000000,47,40,75,13,8,21,72,125,208,1.595745
950,27,36,43,153,382,0,17,3,4,3.000000,10.000000,36,1,86,0,24,24,9,16,126,2.388889
951,27,60,91,154,382,13,15,3,2,0.000000,0.000000,18,18,46,3,17,20,33,64,127,2.555556
952,27,77,77,164,562,0,0,3,-1,-1.000000,-1.000000,48,0,70,0,17,17,50,50,137,1.458333
953,27,48,57,132,530,3,7,3,4,0.000000,18.000000,48,9,64,0,11,11,21,30,105,1.333333
954,28,38,79,114,474,12,8,3,4,6.000000,11.000000,20,22,30,4,5,9,10,51,86,1.500000
955,28,52,59,86,330,5,17,3,4,16.000000,20.000000,21,4,23,3,4,7,24,31,58,1.095238
956,28,39,117,201,172,46,16,3,2,5.000000,8.000000,31,34,59,29,25,54,11,89,173,1.903226
957,28,210,-1,-1,336,8,11,3,3,0.000000,3.000000,24,4,0,5,0,5,182,-1,-1,0.000000
958,29,60,103,176,103,21,40,3,2,0.000000,1.000000,38,17,68,11,5,16,31,74,147,1.789474
959,29,39,72,130,186,13,6,3,4,16.000000,20.000000,32,16,54,4,4,8,10,43,101,1.687500
960,29,47,83,159,475,9,16,3,2,8.000000,8.000000,40,17,58,4,18,22,18,54,130,1.450000
961,29,30,86,172,578,51,7,3,4,4.000000,13.000000,32,39,58,17,28,45,1,57,143,1.812500
962,29,39,52,110,441,1,12,3,4,4.000000,13.000000,17,2,35,1,23,24,10,23,81,2.058824
963,29,144,153,229,588,5,16,3,2,8.000000,9.000000,23,6,55,3,21,24,115,124,200,2.391304
964,29,38,109,181,37,31,11,3,2,6.000000,8.000000,43,27,67,19,5,24,9,80,152,1.558140
965,30,210,-1,-1,486,8,30,3,2,2.000000,3.000000,16,7,0,2,0,2,180,-1,-1,0.000000
966,30,94,149,213,408,46,13,3,4,3.000000,6.000000,58,29,62,21,2,23,64,119,183,1.068966
967,30,52,77,115,530,4,3,3,4,2.000000,5.000000,16,10,28,2,10,12,22,47,85,1.750000
968,30,67,97,127,303,0,6,3,4,3.000000,4.000000,13,9,27,1,3,4,37,67,97,2.076923
969,30,81,86,175,416,0,22,3,2,3.000000,3.000000,24,2,64,0,25,25,51,56,145,2.666667
970,30,-1,-1,-1,-1,0,-1,-1,-1,-1.000000,-1.000000,33,0,0,0,0,0,-1,-1,-1,0.000000
971,30,47,88,128,32,27,12,3,2,3.000000,6.000000,22,26,34,13,6,19,17,58,98,1.545455
972,30,37,81,128,339,15,3,3,4,0.000000,22.000000,23,19,35,8,12,20,7,51,98,1.521739
973,30,32,107,198,424,50,2,3,3,0.000000,7.000000,42,51,70,19,21,40,2,77,168,1.666667
974,31,34,40,74,438,2,1,3,3,0.000000,5.000000,11,5,27,0,7,7,3,9,43,2.454545
975,31,-1,-1,-1,-1,0,-1,-1,-1,-1.000000,-1.000000,41,0,0,0,0,0,-1,-1,-1,0.000000
976,31,32,126,196,169,68,3,3,4,0.000000,12.000000,25,58,53,36,17,53,1,95,165,2.120000
977,31,170,-1,-1,110,38,20,3,2,0.000000,2.000000,60,31,0,9,0,9,139,-1,-1,0.000000
978,32,33,178,-1,584,103,10,3,2,3.000000,3.000000,38,103,62,42,10,52,1,146,-1,1.631579
979,32,210,-1,-1,274,8,19,3,2,0.000000,0.000000,11,7,0,2,0,2,178,-1,-1,0.000000
980,32,72,98,195,382,16,3,3,4,0.000000,2.000000,42,19,80,7,17,24,40,66,163,1.904762
981,32,38,41,85,591,1,13,3,4,2.000000,13.000000,7,3,29,0,15,15,6,9,53,4.142857
982,32,-1,-1,-1,-1,0,-1,-1,-1,-1.000000,-1.000000,46,0,0,0,0,0,-1,-1,-1,0.000000
983,32,33,41,115,382,4,15,3,2,5.000000,6.000000,51,7,71,1,3,4,1,9,83,1.392157
984,32,-1,-1,-1,-1,0,-1,-1,-1,-1.000000,-1.000000,30,0,0,0,0,0,-1,-1,-1,0.000000
985,32,135,167,-1,534,19,13,3,2,5.000000,5.000000,42,19,59,8,24,32,103,135,-1,1.404762
986,32,37,38,133,344,0,1,3,3,0.000000,3.000000,25,1,81,0,14,14,5,6,101,3.240000
987,32,33,148,235,169,84,4,3,4,0.000000,15.000000,27,72,79,43,8,51,1,116,203,2.925926
988,32,99,119,166,456,16,11,3,2,6.000000,6.000000,30,15,42,5,5,10,67,87,134,1.400000
989,33,87,97,167,585,2,9,3,2,3.000000,3.000000,42,8,56,1,14,15,54,64,134,1.333333
990,33,34,92,159,591,49,17,3,2,4.000000,5.000000,56,42,66,16,1,17,1,59,126,1.178571
991,33,-1,-1,-1,-1,0,-1,-1,-1,-1.000000,-1.000000,34,0,0,0,0,0,-1,-1,-1,0.000000
992,33,100,105,199,167,4,16,3,4,6.000000,10.000000,21,2,61,3,33,36,67,72,166,2.904762
993,33,-1,-1,-1,-1,0,-1,-1,-1,-1.000000,-1.000000,26,0,0,0,0,0,-1,-1,-1,0.000000
994,33,47,85,165,209,21,16,3,4,5.000000,14.000000,32,21,76,11,4,15,14,52,132,2.375000
995,33,98,126,135,500,4,7,3,4,1.000000,7.000000,8,15,8,3,1,4,65,93,102,1.000000
996,34,164,239,-1,133,46,27,3,2,1.000000,1.000000,21,42,10,11,1,12,130,205,-1,0.476190
997,34,35,69,163,341,29,11,3,4,5.000000,10.000000,19,24,77,10,17,27,1,35,129,4.052632
998,34,53,188,-1,330,101,18,3,2,15.000000,15.000000,45,95,56,37,6,43,19,154,-1,1.244444
999,34,36,88,121,424,32,2,3,4,0.000000,2.000000,17,27,27,16,6,22,2,54,87,1.588235
1000,34,35,39,134,77,3,3,3,4,8.000000,9.000000,29,4,71,0,24,24,1,5,100,2.448276
1001,34,54,83,172,464,17,14,3,2,3.000000,3.000000,26,17,74,6,15,21,20,49,138,2.846154
1002,34,116,201,-1,193,49,11,3,4,4.000000,12.000000,47,41,45,33,4,37,82,167,-1,0.957447
1003,34,73,106,145,390,22,20,3,2,6.000000,7.000000,15,21,31,10,8,18,39,72,111,2.066667
1004,35,116,144,219,90,16,13,3,2,6.000000,6.000000,46,15,64,4,11,15,81,109,184,1.391304
1005,35,135,144,233,250,3,18,3,2,12.000000,12.000000,24,4,60,2,29,31,100,109,198,2.500000
1006,35,39,56,107,37,2,10,3,4,8.000000,18.000000,11,6,41,0,10,10,4,21,72,3.727273
1007,35,36,36,111,15,0,0,3,-1,-1.000000,-1.000000,40,0,66,0,9,9,1,1,76,1.650000
1008,35,36,51,99,77,7,2,3,3,1.000000,4.000000,38,10,44,5,4,9,1,16,64,1.157895
1009,35,36,98,161,278,56,9,3,2,2.000000,2.000000,30,35,56,27,7,34,1,63,126,1.866667
1010,35,43,151,168,278,96,10,3,2,3.000000,3.000000,17,59,17,48,0,48,8,116,133,1.000000
1011,35,-1,-1,-1,-1,0,-1,-1,-1,-1.000000,-1.000000,35,0,0,0,0,0,-1,-1,-1,0.000000
1012,35,107,109,186,500,0,2,3,3,0.000000,1.000000,41,2,69,0,8,8,72,74,151,1.682927
1013,36,164,237,-1,482,44,32,3,2,1.000000,3.000000,47,39,13,9,0,9,128,201,-1,0.276596
1014,36,49,67,167,589,5,7,3,4,14.000000,15.000000,32,7,80,2,20,22,13,31,131,2.500000
1015,36,37,46,79,37,2,8,3,2,6.000000,8.000000,20,5,24,1,9,10,1,10,43,1.200000
1016,36,65,66,158,123,0,1,3,3,0.000000,0.000000,30,1,60,0,32,32,29,30,122,2.000000
1017,37,43,85,179,410,19,12,3,2,1.000000,2.000000,46,31,80,9,14,23,6,48,142,1.739130
1018,37,41,84,152,76,26,13,3,4,5.000000,15.000000,32,28,44,11,24,35,4,47,115,1.375000
1019,37,38,72,159,85,30,2,3,3,0.000000,0.000000,29,29,61,5,26,31,1,35,122,2.103448
1020,37,-1,-1,-1,-1,0,-1,-1,-1,-1.000000,-1.000000,24,0,0,0,0,0,-1,-1,-1,0.000000
1021,37,-1,-1,-1,-1,0,-1,-1,-1,-1.000000,-1.000000,41,0,0,0,0,0,-1,-1,-1,0.000000
1022,37,46,107,200,50,52,20,3,2,10.000000,11.000000,36,35,86,22,7,29,9,70,163,2.388889
1023,37,100,158,226,478,52,15,3,2,6.000000,6.000000,25,34,51,23,17,40,63,121,189,2.040000
1024,37,38,43,78,557,1,11,3,2,4.000000,4.000000,11,5,29,0,6,6,1,6,41,2.636364
1025,37,40,75,120,77,14,3,3,4,0.000000,2.000000,22,19,40,8,5,13,3,38,83,1.818182
1026,37,69,85,114,425,16,5,3,4,1.000000,8.000000,19,7,23,9,6,15,32,48,77,1.210526
1027,37,102,115,171,167,12,16,3,4,9.000000,13.000000,41,6,49,7,7,14,65,78,134,1.195122
1028,38,43,48,115,382,2,15,3,2,4.000000,4.000000,42,3,64,2,3,5,5,10,77,1.523810
1029,38,164,235,-1,52,39,51,3,2,13.000000,13.000000,42,36,15,8,0,8,126,197,-1,0.357143
1030,38,40,52,93,424,3,2,3,3,0.000000,5.000000,23,6,35,5,6,11,2,14,55,1.521739
1031,38,164,195,-1,185,11,11,3,4,0.000000,1.000000,51,11,52,2,3,5,126,157,-1,1.019608
1032,38,121,148,210,427,18,15,3,2,12.000000,12.000000,30,15,54,10,8,18,83,110,172,1.800000
1033,38,48,50,63,37,2,2,3,3,0.000000,2.000000,13,2,13,0,0,0,10,12,25,1.000000
1034,38,61,114,152,226,42,17,3,2,2.000000,8.000000,25,30,33,23,5,28,23,76,114,1.320000
1035,39,40,61,144,226,20,14,3,2,1.000000,7.000000,22,10,68,11,15,26,1,22,105,3.090909
1036,39,87,103,179,341,5,13,3,2,8.000000,8.000000,54,12,68,3,8,11,48,64,140,1.259259
1037,39,46,96,126,278,37,9,3,4,4.000000,18.000000,9,29,23,15,7,22,7,57,87,2.555556
1038,39,56,161,-1,507,85,4,3,4,2.000000,19.000000,37,67,77,36,12,48,17,122,-1,2.081081
1039,39,40,79,121,126,31,12,3,2,4.000000,4.000000,19,22,41,17,1,18,1,40,82,2.157895
1040,39,70,79,140,425,3,5,3,4,2.000000,8.000000,13,5,39,2,22,24,31,40,101,3.000000
1041,39,41,115,205,37,42,5,3,4,1.000000,12.000000,11,43,65,14,25,39,2,76,166,5.909091
1042,39,96,130,210,345,24,14,3,2,2.000000,2.000000,33,20,65,9,15,24,57,91,171,1.969697
1043,40,41,155,203,172,58,13,3,2,4.000000,5.000000,37,76,41,32,7,39,1,115,163,1.108108
1044,40,119,128,213,509,2,9,3,3,0.000000,4.000000,38,5,74,1,11,12,79,88,173,1.947368
1045,40,165,238,-1,5,33,10,3,4,0.000000,2.000000,19,34,12,6,0,6,125,198,-1,0.631579
1046,40,-1,-1,-1,-1,0,-1,-1,-1,-1.000000,-1.000000,58,0,0,0,0,0,-1,-1,-1,0.000000
1047,40,127,143,197,261,14,11,3,4,4.000000,9.000000,41,11,47,4,7,11,87,103,157,1.146341
1048,41,63,82,112,386,8,15,3,2,0.000000,2.000000,20,12,26,4,4,8,22,41,71,1.300000
1049,41,170,-1,-1,252,37,25,3,2,1.000000,2.000000,42,29,0,10,0,10,129,-1,-1,0.000000
1050,41,64,213,-1,275,103,18,3,4,9.000000,18.000000,18,90,29,54,8,62,23,172,-1,1.611111
1051,41,71,129,203,425,38,5,3,4,1.000000,7.000000,33,30,59,18,15,33,30,88,162,1.787879
1052,41,42,95,119,126,40,12,3,2,5.000000,5.000000,13,34,19,19,5,24,1,54,78,1.461538
1053,41,48,112,144,336,28,11,3,2,10.000000,11.000000,20,26,28,11,4,15,7,71,103,1.400000
1054,41,70,80,151,492,6,10,3,4,6.000000,7.000000,44,5,58,3,13,16,29,39,110,1.318182
1055,41,-1,-1,-1,-1,0,-1,-1,-1,-1.000000,-1.000000,50,0,0,0,0,0,-1,-1,-1,0.000000
1056,41,-1,-1,-1,-1,0,-1,-1,-1,-1.000000,-1.000000,29,0,0,0,0,0,-1,-1,-1,0.000000
1057,42,210,-1,-1,558,8,29,3,4,2.000000,6.000000,26,6,0,3,0,3,168,-1,-1,0.000000
1058,42,-1,-1,-1,-1,0,-1,-1,-1,-1.000000,-1.000000,56,0,0,0,0,0,-1,-1,-1,0.000000
1059,42,45,72,151,382,9,15,3,2,2.000000,2.000000,43,26,71,1,8,9,3,30,109,1.651163
1060,42,54,114,163,336,31,7,3,4,0.000000,15.000000,25,28,39,8,10,18,12,72,121,1.560000
1061,42,73,105,125,464,20,21,3,2,2.000000,2.000000,14,18,18,10,2,12,31,63,83,1.285714
1062,42,44,93,176,146,42,15,3,4,0.000000,11.000000,23,35,59,14,24,38,2,51,134,2.565217
1063,42,74,84,111,492,7,9,3,4,0.000000,6.000000,15,9,23,1,4,5,32,42,69,1.533333
1064,43,128,190,222,390,38,12,3,2,12.000000,12.000000,15,36,27,16,5,21,85,147,179,1.800000
1065,43,53,70,134,336,3,6,3,4,13.000000,15.000000,40,2,48,3,16,19,10,27,91,1.200000
1066,43,45,45,93,424,0,0,3,-1,-1.000000,-1.000000,16,0,38,0,10,10,2,2,50,2.375000
1067,43,87,115,212,599,4,7,3,4,0.000000,9.000000,28,11,72,4,25,29,44,72,169,2.571429
1068,44,68,74,155,307,4,5,3,4,0.000000,10.000000,34,4,76,2,5,7,24,30,111,2.235294
1069,44,87,94,143,429,2,11,3,2,3.000000,3.000000,20,6,36,0,13,13,43,50,99,1.800000
1070,44,74,107,198,425,18,3,3,4,0.000000,6.000000,49,14,85,8,6,14,30,63,154,1.734694
1071,44,92,118,211,429,4,9,3,2,1.000000,1.000000,32,6,78,3,15,18,48,74,167,2.437500
1072,44,64,156,230,386,53,14,3,4,0.000000,8.000000,32,53,68,31,6,37,20,112,186,2.125000
1073,44,45,56,113,310,4,7,3,4,6.000000,14.000000,37,9,53,2,4,6,1,12,69,1.432432
1074,44,75,207,-1,492,119,8,3,4,0.000000,6.000000,40,92,36,38,7,45,31,163,-1,0.900000
1075,44,74,110,200,371,24,9,3,3,0.000000,6.000000,28,21,60,9,30,39,30,66,156,2.142857
1076,44,45,102,151,278,38,9,3,2,2.000000,2.000000,14,38,38,19,11,30,1,58,107,2.714286
1077,44,46,90,167,598,40,14,3,2,3.000000,4.000000,31,36,61,8,16,24,2,46,123,1.967742
1078,44,45,87,158,342,37,9,3,2,1.000000,1.000000,49,34,71,8,0,8,1,43,114,1.448980
1079,44,128,186,-1,377,31,9,3,4,0.000000,7.000000,21,25,42,16,22,38,84,142,-1,2.000000
1080,45,123,134,191,571,8,9,3,4,0.000000,4.000000,17,8,35,3,22,25,78,89,146,2.058824
1081,45,165,196,-1,185,7,10,3,4,0.000000,4.000000,22,8,42,1,12,13,120,151,-1,1.909091
1082,45,47,84,155,145,32,19,3,2,1.000000,5.000000,48,29,66,8,5,13,2,39,110,1.375000
1083,45,60,81,116,341,3,18,3,4,0.000000,13.000000,22,4,30,1,5,6,15,36,71,1.363636
1084,46,47,68,113,382,6,15,3,2,1.000000,1.000000,24,16,36,4,9,13,1,22,67,1.500000
1085,46,210,-1,-1,549,8,12,3,3,0.000000,0.000000,53,4,0,5,0,5,164,-1,-1,0.000000
1086,46,-1,-1,-1,-1,0,-1,-1,-1,-1.000000,-1.000000,27,0,0,0,0,0,-1,-1,-1,0.000000
1087,46,-1,-1,-1,-1,0,-1,-1,-1,-1.000000,-1.000000,52,0,0,0,0,0,-1,-1,-1,0.000000
1088,46,47,115,205,557,43,4,3,4,0.000000,18.000000,24,40,54,28,36,64,1,69,159,2.250000
1089,46,-1,-1,-1,-1,0,-1,-1,-1,-1.000000,-1.000000,53,0,0,0,0,0,-1,-1,-1,0.000000
1090,46,159,-1,-1,39,29,25,3,2,6.000000,8.000000,26,19,0,13,0,13,113,-1,-1,0.000000
1091,46,77,219,-1,106,128,11,3,2,8.000000,8.000000,53,95,31,45,0,45,31,173,-1,0.584906
1092,46,77,159,180,492,70,8,3,4,1.000000,7.000000,15,54,19,26,2,28,31,113,134,1.266667
1093,47,48,122,213,441,38,9,3,2,6.000000,7.000000,29,46,87,23,4,27,1,75,166,3.000000
1094,47,49,161,245,172,53,13,3,2,4.000000,6.000000,38,62,64,33,20,53,2,114,198,1.684211
1095,48,78,90,119,492,6,7,3,4,0.000000,5.000000,24,10,26,1,3,4,30,42,71,1.083333
1096,48,49,54,130,382,3,15,3,2,1.000000,1.000000,38,2,64,3,12,15,1,6,82,1.684211
1097,48,-1,-1,-1,-1,0,-1,-1,-1,-1.000000,-1.000000,35,0,0,0,0,0,-1,-1,-1,0.000000
1098,48,78,85,132,152,1,12,3,2,4.000000,4.000000,17,2,31,0,16,16,30,37,84,1.823529
1099,48,49,127,209,538,72,6,3,4,9.000000,9.000000,22,51,64,27,18,45,1,79,161,2.909091
1100,48,49,108,138,441,25,9,3,4,5.000000,15.000000,16,28,28,14,2,16,1,60,90,1.750000
1101,49,89,143,206,547,46,10,3,2,14.000000,14.000000,29,33,55,21,8,29,40,94,157,1.896552
1102,49,50,115,205,372,48,4,3,4,0.000000,11.000000,39,41,83,24,7,31,1,66,156,2.128205
1103,49,-1,-1,-1,-1,0,-1,-1,-1,-1.000000,-1.000000,12,0,0,0,0,0,-1,-1,-1,0.000000
1104,49,73,93,170,541,10,7,3,4,0.000000,3.000000,38,13,60,7,17,24,24,44,121,1.578947
1105,49,165,-1,-1,590,39,53,3,4,9.000000,17.000000,36,40,0,5,0,5,116,-1,-1,0.000000
1106,49,-1,-1,-1,-1,0,-1,-1,-1,-1.000000,-1.000000,35,0,0,0,0,0,-1,-1,-1,0.000000
1107,49,58,63,140,391,1,12,3,4,3.000000,13.000000,39,3,63,2,14,16,9,14,91,1.615385
1108,49,50,77,138,330,10,17,3,2,3.000000,5.000000,37,15,51,4,10,14,1,28,89,1.378378
1109,49,189,-1,-1,332,31,11,3,4,1.000000,3.000000,57,29,0,8,0,8,140,-1,-1,0.000000
1110,50,233,-1,-1,13,7,22,3,2,0.000000,2.000000,32,9,0,2,0,2,183,-1,-1,0.000000
1111,50,180,-1,-1,363,0,26,3,4,2.000000,6.000000,38,1,0,0,0,0,130,-1,-1,0.000000
1112,50,51,59,129,283,5,4,3,4,15.000000,19.000000,29,7,63,1,7,8,1,9,79,2.172414
1113,50,240,-1,-1,595,8,6,3,3,0.000000,2.000000,49,7,0,3,0,3,190,-1,-1,0.000000
1114,50,51,61,89,36,1,11,3,4,6.000000,9.000000,25,10,25,0,3,3,1,11,39,1.000000
1115,50,51,103,153,105,23,4,3,4,0.000000,13.000000,25,34,37,18,13,31,1,53,103,1.480000
1116,51,57,62,146,432,0,5,3,4,1.000000,5.000000,18,5,64,0,20,20,6,11,95,3.555556
1117,51,52,119,198,475,46,14,3,4,7.000000,12.000000,56,43,74,18,5,23,1,68,147,1.321429
1118,51,52,54,91,465,0,5,3,4,0.000000,5.000000,23,1,27,0,10,10,1,3,40,1.173913
1119,51,52,84,164,120,15,11,3,2,5.000000,5.000000,36,23,58,9,22,31,1,33,113,1.611111
1120,51,52,72,148,190,9,11,3,4,4.000000,17.000000,37,17,71,3,5,8,1,21,97,1.918919
1121,51,52,62,110,534,1,6,3,4,0.000000,3.000000,35,8,43,2,5,7,1,11,59,1.228571
1122,51,125,180,237,210,10,8,3,3,0.000000,1.000000,24,14,46,3,11,14,74,129,186,1.916667
1123,52,168,198,228,185,1,7,3,4,4.000000,8.000000,17,11,25,0,5,5,116,146,176,1.470588
1124,52,126,186,222,509,32,2,3,3,0.000000,1.000000,17,42,27,15,9,24,74,134,170,1.588235
1125,52,53,99,174,273,27,13,3,4,4.000000,11.000000,21,30,53,16,22,38,1,47,122,2.523810
1126,52,56,63,105,544,2,10,3,2,18.000000,18.000000,24,7,38,0,4,4,4,11,53,1.583333
1127,52,53,57,139,143,1,1,3,3,0.000000,0.000000,34,4,62,0,20,20,1,5,87,1.823529
1128,52,53,62,141,465,1,4,3,4,0.000000,5.000000,28,8,62,1,17,18,1,10,89,2.214286
1129,52,53,63,116,499,3,10,3,2,2.000000,3.000000,21,7,47,3,6,9,1,11,64,2.238095
1130,52,53,93,111,53,22,14,3,4,3.000000,12.000000,9,25,13,15,5,20,1,41,59,1.444444
1131,53,145,203,-1,425,4,15,3,4,8.000000,17.000000,56,8,44,1,3,4,92,150,-1,0.785714
1132,53,55,57,151,538,0,2,3,3,0.000000,0.000000,28,2,68,0,26,26,2,4,98,2.428571
1133,53,57,91,154,543,0,8,3,4,0.000000,3.000000,15,8,47,0,16,16,4,38,101,3.133333
1134,53,112,132,163,524,18,24,3,4,4.000000,8.000000,28,12,30,8,1,9,59,79,110,1.071429
1135,53,54,120,153,156,46,14,3,4,5.000000,12.000000,26,48,32,17,1,18,1,67,100,1.230769
1136,54,55,92,184,315,6,10,3,2,9.000000,9.000000,17,25,71,7,21,28,1,38,130,4.176471
1137,54,55,108,166,283,28,5,3,4,0.000000,12.000000,13,42,45,11,13,24,1,54,112,3.461538
1138,54,55,70,155,347,1,3,3,4,0.000000,5.000000,55,12,81,3,4,7,1,16,101,1.472727
1139,54,55,147,209,216,54,6,3,4,0.000000,12.000000,13,65,41,27,21,48,1,93,155,3.153846
1140,55,72,170,249,115,57,20,3,2,5.000000,5.000000,44,64,62,32,17,49,17,115,194,1.409091
1141,55,93,103,157,392,0,6,3,4,0.000000,7.000000,26,6,40,4,14,18,38,48,102,1.538462
1142,55,56,68,105,168,9,13,3,4,3.000000,12.000000,9,7,27,5,10,15,1,13,50,3.000000
1143,55,-1,-1,-1,-1,0,-1,-1,-1,-1.000000,-1.000000,30,0,0,0,0,0,-1,-1,-1,0.000000
1144,55,56,65,134,482,6,12,3,4,7.000000,12.000000,21,8,53,1,16,17,1,10,79,2.523810
1145,56,57,94,184,577,0,3,3,4,0.000000,7.000000,54,8,84,3,6,9,1,38,128,1.555556
1146,56,57,68,100,441,1,5,3,4,0.000000,16.000000,27,2,31,2,1,3,1,12,44,1.148148
1147,56,65,74,160,459,2,11,3,2,15.000000,15.000000,31,8,69,1,17,18,9,18,104,2.225806
1148,56,128,141,187,181,11,12,3,2,6.000000,6.000000,40,9,44,3,2,5,72,85,131,1.100000
1149,56,59,71,92,472,12,20,3,4,3.000000,13.000000,15,10,19,2,2,4,3,15,36,1.266667
1150,56,57,100,186,23,30,5,3,4,1.000000,9.000000,28,29,66,14,20,34,1,44,130,2.357143
1151,56,57,103,203,561,32,10,3,2,0.000000,0.000000,31,34,57,12,43,55,1,47,147,1.838710
1152,56,57,86,128,487,15,12,3,4,3.000000,13.000000,23,22,37,7,5,12,1,30,72,1.608696
1153,56,180,-1,-1,46,0,28,3,2,1.000000,1.000000,29,0,0,1,0,1,124,-1,-1,0.000000
1154,57,58,101,156,494,27,9,3,4,6.000000,13.000000,22,22,44,11,11,22,1,44,99,2.000000
1155,57,103,164,238,140,58,12,3,2,4.000000,4.000000,33,41,67,20,7,27,46,107,181,2.030303
1156,57,58,58,112,339,0,0,3,-1,-1.000000,-1.000000,23,0,45,0,9,9,1,1,55,1.956522
1157,57,58,117,195,311,44,13,3,2,6.000000,6.000000,32,30,58,23,20,43,1,60,138,1.812500
1158,57,118,124,211,88,0,6,3,4,3.000000,7.000000,46,6,70,0,17,17,61,67,154,1.521739
1159,57,58,112,174,416,36,11,3,2,7.000000,9.000000,14,36,38,18,24,42,1,55,117,2.714286
1160,57,58,132,150,371,27,17,3,2,1.000000,3.000000,13,46,17,28,1,29,1,75,93,1.307692
1161,57,59,149,217,494,57,12,3,4,5.000000,13.000000,31,49,53,32,15,47,2,92,160,1.709677
1162,57,58,86,121,466,12,10,3,2,3.000000,3.000000,25,22,33,6,2,8,1,29,64,1.320000
1163,57,126,202,226,339,18,21,3,2,3.000000,3.000000,16,30,20,7,4,11,69,145,169,1.250000
1164,57,58,64,140,5,4,6,3,4,2.000000,9.000000,43,5,65,1,11,12,1,7,83,1.511628
1165,57,58,63,159,503,3,7,3,3,0.000000,10.000000,25,3,73,2,23,25,1,6,102,2.920000
1166,58,59,109,188,537,20,1,3,3,0.000000,0.000000,35,21,75,18,4,22,1,51,130,2.142857
1167,58,59,91,163,503,25,7,3,3,0.000000,10.000000,44,29,68,3,4,7,1,33,105,1.545455
1168,58,59,83,171,27,9,12,3,4,0.000000,11.000000,35,15,59,9,29,38,1,25,113,1.685714
1169,58,59,246,-1,561,65,8,3,2,1.000000,1.000000,13,137,3,50,1,51,1,188,-1,0.230769
1170,58,59,94,132,406,20,7,3,4,3.000000,10.000000,12,20,32,15,6,21,1,36,74,2.666667
1171,59,-1,-1,-1,-1,0,-1,-1,-1,-1.000000,-1.000000,18,0,0,0,0,0,-1,-1,-1,0.000000
1172,59,60,89,131,499,6,8,3,4,7.000000,9.000000,27,19,37,10,5,15,1,30,72,1.370370
1173,59,60,140,205,78,40,16,3,2,3.000000,4.000000,39,31,57,31,8,39,1,81,146,1.461538
1174,59,60,170,225,589,72,4,3,4,0.000000,14.000000,41,62,49,37,6,43,1,111,166,1.195122
1175,59,60,144,190,237,63,8,3,4,0.000000,13.000000,20,49,38,35,8,43,1,85,131,1.900000
1176,59,60,60,147,577,0,0,3,-1,-1.000000,-1.000000,53,0,73,0,14,14,1,1,88,1.377358
1177,59,60,113,180,517,32,13,3,4,3.000000,12.000000,17,34,55,19,12,31,1,54,121,3.235294
1178,60,61,63,152,156,1,14,3,2,5.000000,5.000000,41,2,73,0,16,16,1,3,92,1.780488
1179,60,89,92,168,541,0,3,3,3,0.000000,0.000000,47,3,65,0,11,11,29,32,108,1.382979
1180,60,61,66,94,315,1,9,3,2,10.000000,10.000000,22,3,24,2,4,6,1,6,34,1.090909
1181,61,62,131,216,498,51,11,3,2,6.000000,6.000000,44,57,78,12,7,19,1,70,155,1.772727
1182,61,172,-1,-1,444,31,27,3,4,5.000000,12.000000,46,24,0,11,0,11,111,-1,-1,0.000000
1183,61,62,99,156,330,22,18,3,4,6.000000,17.000000,47,27,53,10,4,14,1,38,95,1.127660
1184,61,62,102,149,57,14,14,3,4,4.000000,14.000000,33,24,39,16,8,24,1,41,88,1.181818
1185,61,65,84,178,448,0,8,3,4,0.000000,4.000000,41,10,61,0,33,33,4,23,117,1.487805
1186,61,62,76,170,245,9,5,3,4,0.000000,15.000000,32,11,86,3,8,11,1,15,109,2.687500
1187,61,130,137,200,435,1,8,3,4,0.000000,10.000000,39,5,51,1,12,13,69,76,139,1.307692
1188,61,62,74,162,477,6,11,3,4,5.000000,10.000000,22,9,54,3,34,37,1,13,101,2.454545
1189,62,210,-1,-1,20,8,25,3,4,2.000000,13.000000,29,5,0,4,0,4,148,-1,-1,0.000000
1190,62,210,-1,-1,125,8,27,3,2,2.000000,2.000000,26,5,0,4,0,4,148,-1,-1,0.000000
1191,62,63,87,138,245,16,4,3,3,0.000000,8.000000,28,12,46,12,5,17,1,25,76,1.642857
1192,62,135,153,-1,409,8,17,3,2,5.000000,6.000000,33,8,72,5,25,30,73,91,-1,2.181818
1193,62,123,-1,-1,427,92,15,3,2,11.000000,11.000000,31,74,0,42,0,42,61,-1,-1,0.000000
1194,62,63,66,149,51,3,15,3,4,5.000000,10.000000,18,2,56,1,27,28,1,4,87,3.111111
1195,62,68,100,167,368,27,2,3,3,0.000000,1.000000,16,21,52,10,15,25,6,38,105,3.250000
1196,62,63,102,160,67,11,7,3,3,12.000000,12.000000,46,20,52,8,6,14,1,40,98,1.130435
1197,63,64,94,163,198,14,15,3,4,1.000000,12.000000,37,12,59,7,10,17,1,31,100,1.594595
1198,63,65,89,134,340,4,13,3,2,2.000000,2.000000,23,7,39,1,6,7,2,26,71,1.695652
1199,63,64,70,115,67,0,6,3,4,1.000000,6.000000,35,2,39,0,6,6,1,7,52,1.114286
1200,63,220,-1,-1,137,28,16,3,4,10.000000,16.000000,46,21,0,9,0,9,157,-1,-1,0.000000
1201,63,64,78,128,477,3,13,3,2,2.000000,2.000000,30,13,42,1,8,9,1,15,65,1.400000
1202,63,-1,-1,-1,-1,0,-1,-1,-1,-1.000000,-1.000000,34,0,0,0,0,0,-1,-1,-1,0.000000
1203,63,64,74,146,278,3,3,3,4,0.000000,0.000000,25,10,61,0,11,11,1,11,83,2.440000
1204,63,64,67,100,245,2,3,3,4,0.000000,7.000000,26,2,30,1,3,4,1,4,37,1.153846
1205,63,64,123,177,340,27,8,3,2,4.000000,4.000000,18,29,30,30,24,54,1,60,114,1.666667
1206,64,65,107,131,202,14,9,3,2,4.000000,5.000000,20,24,24,12,0,12,1,43,67,1.200000
1207,64,92,134,216,599,20,2,3,3,0.000000,0.000000,39,14,69,10,13,23,28,70,152,1.769231
1208,64,75,119,132,78,25,12,3,4,4.000000,8.000000,11,29,11,12,2,14,11,55,68,1.000000
1209,64,65,80,143,315,3,9,3,2,7.000000,7.000000,33,9,47,6,16,22,1,16,79,1.424242
1210,64,65,134,193,301,20,18,3,2,3.000000,3.000000,36,44,54,25,5,30,1,70,129,1.500000
1211,64,65,90,134,67,8,5,3,4,0.000000,13.000000,28,16,44,8,0,8,1,26,70,1.571429
1212,64,230,235,-1,451,0,5,3,4,0.000000,2.000000,27,5,15,0,0,0,166,171,-1,0.555556
1213,64,112,133,206,130,17,13,3,3,0.000000,0.000000,58,12,68,9,5,14,48,69,142,1.172414
1214,64,68,192,205,33,88,5,3,4,10.000000,11.000000,7,81,9,37,4,41,4,128,141,1.285714
1215,64,65,131,180,156,23,14,3,4,1.000000,14.000000,33,47,43,19,6,25,1,67,116,1.303030
1216,64,65,106,180,198,16,18,3,4,1.000000,11.000000,43,15,67,9,7,16,1,42,116,1.558140
1217,65,66,77,114,425,7,5,3,4,2.000000,10.000000,20,9,32,2,5,7,1,12,49,1.600000
1218,65,66,88,153,321,16,3,3,4,0.000000,8.000000,15,16,53,6,12,18,1,23,88,3.533333
1219,65,66,93,186,330,17,20,3,2,10.000000,11.000000,49,21,83,6,10,16,1,28,121,1.693878
1220,65,66,70,140,499,0,4,3,4,0.000000,6.000000,45,4,57,0,13,13,1,5,75,1.266667
1221,65,-1,-1,-1,-1,0,-1,-1,-1,-1.000000,-1.000000,31,0,0,0,0,0,-1,-1,-1,0.000000
1222,65,66,230,-1,94,126,4,3,4,0.000000,4.000000,32,117,18,47,2,49,1,165,-1,0.562500
1223,65,75,97,119,10,12,14,3,2,4.000000,4.000000,17,14,21,4,1,5,10,32,54,1.235294
1224,65,105,213,-1,531,93,11,3,4,0.000000,18.000000,37,75,36,33,1,34,40,148,-1,0.972973
1225,65,67,211,-1,274,100,7,3,4,0.000000,12.000000,35,78,31,46,8,54,2,146,-1,0.885714
1226,65,66,66,144,393,0,0,3,-1,-1.000000,-1.000000,27,0,53,0,25,25,1,1,79,1.962963
1227,65,66,122,221,328,23,8,3,2,2.000000,3.000000,22,43,66,13,33,46,1,57,156,3.000000
1228,66,78,86,146,450,0,8,3,4,3.000000,5.000000,46,8,50,0,10,10,12,20,80,1.086957
1229,66,96,218,-1,330,103,28,3,4,4.000000,8.000000,44,87,30,26,2,28,30,152,-1,0.681818
1230,66,67,70,118,278,0,2,3,4,0.000000,1.000000,34,2,44,1,4,5,1,4,52,1.294118
1231,66,172,-1,-1,537,30,37,3,4,0.000000,12.000000,29,24,0,10,0,10,106,-1,-1,0.000000
1232,66,67,75,131,448,3,7,3,4,0.000000,3.000000,43,6,51,2,5,7,1,9,65,1.186047
1233,67,189,-1,-1,42,26,25,3,4,4.000000,7.000000,63,27,0,6,0,6,122,-1,-1,0.000000
1234,67,68,-1,-1,94,143,3,3,4,0.000000,5.000000,45,138,0,44,0,44,1,-1,-1,0.000000
1235,67,83,178,242,541,10,53,3,4,0.000000,1.000000,23,15,45,3,19,22,16,111,175,1.956522
1236,67,68,96,178,434,6,9,3,2,13.000000,13.000000,35,23,63,3,19,22,1,29,111,1.800000
1237,67,77,94,156,427,6,12,3,2,10.000000,10.000000,45,11,57,6,5,11,10,27,89,1.266667
1238,67,68,91,157,321,16,1,3,3,1.000000,1.000000,20,16,46,7,20,27,1,24,90,2.300000
1239,67,68,105,163,206,16,13,3,2,2.000000,2.000000,9,28,39,9,19,28,1,38,96,4.333333
1240,68,136,163,170,67,0,6,3,4,6.000000,8.000000,7,9,7,2,0,2,68,95,102,1.000000
1241,68,250,-1,-1,368,0,18,3,4,0.000000,9.000000,48,0,0,0,0,0,182,-1,-1,0.000000
1242,68,69,74,138,303,2,5,3,4,1.000000,7.000000,38,5,56,0,8,8,1,6,70,1.473684
1243,68,69,126,162,14,46,6,3,4,3.000000,10.000000,27,35,33,21,3,24,1,58,94,1.222222
1244,68,90,120,206,547,20,11,3,2,10.000000,10.000000,33,19,53,9,33,42,22,52,138,1.606061
1245,68,101,111,147,453,3,2,3,4,0.000000,0.000000,23,5,25,0,11,11,33,43,79,1.086957
1246,68,73,75,114,382,0,2,3,3,0.000000,0.000000,24,2,32,0,7,7,5,7,46,1.333333
1247,69,70,120,203,448,3,5,3,4,1.000000,4.000000,38,28,66,3,17,20,1,51,134,1.736842
1248,69,70,144,171,325,52,18,3,4,1.000000,15.000000,20,35,26,32,1,33,1,75,102,1.300000
1249,69,70,107,135,198,24,16,3,2,9.000000,9.000000,24,18,28,10,0,10,1,38,66,1.166667
1250,69,211,-1,-1,415,7,14,3,2,1.000000,1.000000,20,7,0,1,0,1,142,-1,-1,0.000000
1251,69,70,96,125,237,19,4,3,4,0.000000,12.000000,23,18,25,8,4,12,1,27,56,1.086957
1252,69,70,135,216,540,38,12,3,2,2.000000,2.000000,35,49,75,16,6,22,1,66,147,2.142857
1253,69,70,73,159,284,1,5,3,4,7.000000,11.000000,20,3,62,0,24,24,1,4,90,3.100000
1254,69,70,71,153,466,0,1,3,3,0.000000,0.000000,28,1,52,0,30,30,1,2,84,1.857143
1255,69,70,79,143,171,3,4,3,4,0.000000,3.000000,49,7,61,2,3,5,1,10,74,1.244898
1256,70,133,146,201,435,5,8,3,4,0.000000,11.000000,42,9,50,4,5,9,63,76,131,1.190476
1257,70,105,-1,-1,569,131,5,3,4,0.000000,7.000000,41,100,0,44,0,44,35,-1,-1,0.000000
1258,70,71,75,144,427,1,9,3,4,11.000000,12.000000,50,4,56,0,13,13,1,5,74,1.120000
1259,70,85,153,227,57,42,20,3,2,5.000000,6.000000,39,43,71,22,3,25,15,83,157,1.820513
1260,70,250,-1,-1,310,0,22,3,2,7.000000,7.000000,28,0,0,0,0,0,180,-1,-1,0.000000
1261,70,71,-1,-1,171,136,4,3,4,0.000000,0.000000,31,131,0,48,0,48,1,-1,-1,0.000000
1262,70,79,88,147,152,0,13,3,2,4.000000,5.000000,20,2,44,0,15,15,9,18,77,2.200000
1263,70,71,90,115,298,15,4,3,4,1.000000,12.000000,13,11,21,8,4,12,1,20,45,1.615385
1264,70,111,144,222,408,28,46,3,2,0.000000,3.000000,25,25,59,8,19,27,41,74,152,2.360000
1265,71,74,87,173,226,9,10,3,4,0.000000,18.000000,17,6,53,6,33,39,3,16,102,3.117647
1266,71,72,99,169,504,19,17,3,4,4.000000,12.000000,26,17,60,10,10,20,1,28,98,2.307692
1267,71,72,111,190,580,37,13,3,2,6.000000,6.000000,37,33,67,6,12,18,1,40,119,1.810811
1268,71,72,130,156,298,32,4,3,4,1.000000,11.000000,10,34,20,23,6,29,1,59,85,2.000000
1269,71,72,83,130,546,6,13,3,4,3.000000,9.000000,31,8,41,3,6,9,1,12,59,1.322581
1270,71,73,75,148,448,0,2,3,4,0.000000,0.000000,20,2,52,0,21,21,2,4,77,2.600000
1271,71,72,140,219,351,24,14,3,2,1.000000,1.000000,44,53,72,15,7,22,1,69,148,1.636364
1272,71,72,134,165,406,42,4,3,4,5.000000,5.000000,20,46,26,16,5,21,1,63,94,1.300000
1273,71,113,130,148,130,15,12,3,3,0.000000,0.000000,16,11,18,6,0,6,42,59,77,1.125000
1274,72,73,80,125,94,0,5,3,4,0.000000,3.000000,24,5,36,1,9,10,1,8,53,1.500000
1275,72,78,132,210,234,45,16,3,2,10.000000,10.000000,39,34,65,16,13,29,6,60,138,1.666667
1276,72,-1,-1,-1,-1,0,-1,-1,-1,-1.000000,-1.000000,24,0,0,0,0,0,-1,-1,-1,0.000000
1277,72,77,218,-1,309,109,8,3,3,0.000000,5.000000,48,103,27,38,5,43,5,146,-1,0.562500
1278,72,113,126,193,224,11,35,3,2,3.000000,3.000000,52,11,64,1,3,4,41,54,121,1.230769
1279,72,120,133,197,109,0,2,3,3,0.000000,0.000000,45,7,51,0,13,13,48,61,125,1.133333
1280,72,139,146,165,339,4,16,3,2,5.000000,6.000000,14,3,16,4,3,7,67,74,93,1.142857
1281,72,73,159,236,126,62,14,3,2,3.000000,3.000000,27,58,65,28,12,40,1,87,164,2.407407
1282,72,82,137,185,272,44,11,3,2,10.000000,10.000000,27,38,45,17,3,20,10,65,113,1.666667
1283,73,121,135,226,458,2,6,3,4,3.000000,8.000000,63,10,77,4,14,18,48,62,153,1.222222
1284,73,194,-1,-1,407,27,17,3,4,0.000000,6.000000,48,22,0,8,0,8,121,-1,-1,0.000000
1285,73,220,224,-1,595,4,16,3,4,6.000000,16.000000,25,3,25,1,1,2,147,151,-1,1.000000
1286,73,74,79,163,434,3,12,3,2,2.000000,2.000000,48,5,76,0,8,8,1,6,90,1.583333
1287,73,83,91,163,226,2,13,3,4,9.000000,17.000000,29,4,65,2,7,9,10,18,90,2.241379
1288,73,82,158,204,204,22,8,3,4,13.000000,14.000000,26,49,38,15,8,23,9,85,131,1.461538
1289,73,87,96,196,517,0,17,3,4,3.000000,13.000000,28,6,82,0,18,18,14,23,123,2.928571
1290,73,74,81,101,311,4,3,3,4,1.000000,4.000000,13,6,13,1,7,8,1,8,28,1.000000
1291,74,75,77,134,529,2,7,3,4,1.000000,12.000000,22,2,48,0,9,9,1,3,60,2.181818
1292,74,75,180,215,51,76,12,3,4,3.000000,9.000000,21,68,27,34,8,42,1,106,141,1.285714
1293,74,75,144,218,72,30,15,3,4,6.000000,14.000000,23,52,63,17,11,28,1,70,144,2.739130
1294,74,75,79,95,311,1,2,3,3,0.000000,1.000000,9,4,13,0,3,3,1,5,21,1.444444
1295,74,75,99,111,172,13,7,3,3,0.000000,6.000000,10,14,10,5,2,7,1,25,37,1.000000
1296,74,75,174,205,468,54,6,3,4,0.000000,10.000000,11,76,19,23,12,35,1,100,131,1.727273
1297,75,111,136,239,58,23,4,3,3,0.000000,3.000000,47,15,91,10,12,22,36,61,164,1.936170
1298,75,80,213,-1,427,69,13,3,2,7.000000,7.000000,48,66,32,58,5,63,5,138,-1,0.666667
1299,75,76,142,199,334,45,12,3,4,0.000000,10.000000,22,39,42,27,15,42,1,67,124,1.909091
1300,75,76,107,174,461,10,8,3,3,0.000000,8.000000,51,23,61,8,6,14,1,32,99,1.196078
1301,75,240,250,-1,532,10,16,3,4,3.000000,7.000000,22,9,0,1,0,1,165,175,-1,0.000000
1302,75,222,239,-1,448,0,9,3,4,3.000000,4.000000,28,5,10,1,1,2,147,164,-1,0.357143
1303,75,128,200,-1,523,23,2,3,4,0.000000,0.000000,32,23,34,19,16,35,53,125,-1,1.062500
1304,75,-1,-1,-1,-1,0,-1,-1,-1,-1.000000,-1.000000,29,0,0,0,0,0,-1,-1,-1,0.000000
1305,75,123,142,188,493,2,10,3,4,0.000000,7.000000,17,2,37,2,9,11,48,67,113,2.176471
1306,76,126,193,247,464,19,27,3,4,6.000000,11.000000,25,22,45,6,9,15,50,117,171,1.800000
1307,76,77,94,189,477,12,11,3,4,0.000000,8.000000,14,11,70,6,25,31,1,18,113,5.000000
1308,76,77,95,137,99,13,12,3,2,4.000000,5.000000,17,14,35,4,7,11,1,19,61,2.058824
1309,76,77,84,181,327,0,7,3,4,1.000000,8.000000,38,7,72,0,25,25,1,8,105,1.894737
1310,76,77,140,214,500,51,9,3,4,6.000000,9.000000,32,40,70,23,4,27,1,64,138,2.187500
1311,76,77,103,177,331,17,17,3,4,1.000000,14.000000,11,17,59,9,15,24,1,27,101,5.363636
1312,76,86,135,202,226,42,13,3,4,4.000000,15.000000,29,37,65,12,2,14,10,59,126,2.241379
1313,76,77,90,174,583,7,8,3,4,2.000000,9.000000,34,12,72,1,12,13,1,14,98,2.117647
1314,76,-1,-1,-1,-1,0,-1,-1,-1,-1.000000,-1.000000,40,0,0,0,0,0,-1,-1,-1,0.000000
1315,76,77,156,230,218,64,11,3,2,3.000000,3.000000,31,56,57,23,17,40,1,80,154,1.838710
1316,77,78,82,153,472,4,8,3,4,1.000000,5.000000,43,3,67,1,4,5,1,5,76,1.558140
1317,77,168,179,229,157,2,11,3,2,8.000000,8.000000,39,9,43,2,7,9,91,102,152,1.102564
1318,77,126,203,242,409,21,22,3,2,8.000000,8.000000,21,32,31,6,8,14,49,126,165,1.476190
1319,77,78,171,248,181,60,2,3,4,1.000000,1.000000,36,70,66,23,11,34,1,94,171,1.833333
1320,77,81,104,130,375,15,12,3,4,1.000000,12.000000,10,13,22,6,4,10,4,27,53,2.200000
1321,77,78,84,136,573,0,6,3,4,1.000000,6.000000,26,6,46,0,6,6,1,7,59,1.769231
1322,77,221,-1,-1,476,27,7,3,4,7.000000,7.000000,22,25,0,4,0,4,144,-1,-1,0.000000
1323,77,78,86,125,560,6,8,3,4,5.000000,13.000000,20,7,34,1,5,6,1,9,48,1.700000
1324,77,78,123,150,574,17,4,3,4,0.000000,2.000000,16,27,24,10,3,13,1,46,73,1.500000
1325,77,79,79,101,274,0,0,3,-1,-1.000000,-1.000000,22,0,22,0,0,0,2,2,24,1.000000
1326,77,222,-1,-1,126,0,13,3,4,0.000000,6.000000,27,2,0,0,0,0,145,-1,-1,0.000000
1327,77,78,80,124,517,1,15,3,2,3.000000,6.000000,20,1,34,1,10,11,1,3,47,1.700000
1328,78,84,146,215,427,27,12,3,2,10.000000,10.000000,26,31,56,23,13,36,6,68,137,2.153846
1329,78,81,83,141,426,0,2,3,3,2.000000,2.000000,35,2,55,0,3,3,3,5,63,1.571429
1330,78,79,79,176,311,0,0,3,-1,-1.000000,-1.000000,30,0,76,0,21,21,1,1,98,2.533333
1331,78,188,199,216,50,1,6,3,4,4.000000,10.000000,12,9,16,1,1,2,110,121,138,1.333333
1332,79,211,-1,-1,558,7,28,3,2,1.000000,2.000000,15,5,0,3,0,3,132,-1,-1,0.000000
1333,79,-1,-1,-1,-1,0,-1,-1,-1,-1.000000,-1.000000,16,0,0,0,0,0,-1,-1,-1,0.000000
1334,79,80,86,126,196,4,16,3,2,1.000000,2.000000,17,5,29,1,11,12,1,7,47,1.705882
1335,79,80,83,163,50,1,11,3,2,4.000000,4.000000,29,2,63,0,17,17,1,4,84,2.172414
1336,80,81,89,182,202,2,9,3,2,5.000000,6.000000,25,6,75,2,18,20,1,9,102,3.000000
1337,80,81,83,158,272,2,9,3,2,9.000000,9.000000,27,1,55,1,20,21,1,3,78,2.037037
1338,80,82,84,171,375,2,12,3,4,1.000000,9.000000,24,1,66,1,21,22,2,4,91,2.750000
1339,81,94,102,137,547,6,9,3,4,13.000000,14.000000,25,4,31,4,4,8,13,21,56,1.240000
1340,81,82,83,164,461,1,4,3,4,4.000000,4.000000,31,1,57,0,24,24,1,2,83,1.838710
1341,81,-1,-1,-1,-1,0,-1,-1,-1,-1.000000,-1.000000,49,0,0,0,0,0,-1,-1,-1,0.000000
1342,81,87,91,161,580,2,4,3,3,0.000000,1.000000,44,4,64,0,6,6,6,10,80,1.454545
1343,82,83,88,134,221,5,11,3,4,3.000000,11.000000,23,4,43,1,3,4,1,6,52,1.869565
1344,82,83,83,157,529,0,0,3,-1,-1.000000,-1.000000,12,0,64,0,10,10,1,1,75,5.333333
1345,82,84,136,178,536,15,9,3,2,5.000000,5.000000,15,22,33,18,9,27,2,54,96,2.200000
1346,82,83,94,138,50,9,9,3,2,4.000000,4.000000,29,9,35,2,9,11,1,12,56,1.206897
1347,82,85,89,135,477,4,4,3,4,0.000000,11.000000,30,4,42,0,4,4,3,7,53,1.400000
1348,83,84,88,162,553,1,16,3,2,16.000000,16.000000,18,4,44,0,30,30,1,5,79,2.444444
1349,83,84,133,193,341,12,13,3,2,8.000000,8.000000,37,15,47,15,13,28,1,50,110,1.270270
1350,83,84,114,185,325,25,16,3,2,11.000000,11.000000,40,17,58,13,13,26,1,31,102,1.450000
1351,83,84,84,171,532,0,0,3,-1,-1.000000,-1.000000,19,0,67,0,20,20,1,1,88,3.526316
1352,83,113,141,203,48,14,29,3,4,7.000000,10.000000,45,18,55,8,7,15,30,58,120,1.222222
1353,83,194,-1,-1,332,26,6,3,3,0.000000,1.000000,28,23,0,7,0,7,111,-1,-1,0.000000
1354,83,86,105,158,366,9,15,3,4,8.000000,14.000000,31,15,41,4,12,16,3,22,75,1.322581
1355,83,86,95,178,599,6,8,3,4,1.000000,8.000000,13,7,49,2,34,36,3,12,95,3.769231
1356,83,84,124,173,63,28,15,3,2,4.000000,5.000000,24,27,36,13,13,26,1,41,90,1.500000
1357,83,94,105,170,163,4,10,3,2,14.000000,14.000000,22,9,48,1,17,18,11,22,87,2.181818
1358,83,89,129,194,301,27,14,3,2,5.000000,5.000000,44,31,58,9,7,16,6,46,111,1.318182
1359,83,84,129,167,313,34,10,3,4,3.000000,7.000000,16,30,28,15,10,25,1,46,84,1.750000
1360,84,86,96,123,57,6,12,3,4,7.000000,12.000000,12,5,22,5,5,10,2,12,39,1.833333
1361,84,85,126,176,553,14,15,3,2,8.000000,8.000000,31,26,49,4,1,5,1,42,92,1.580645
1362,84,91,135,207,301,23,12,3,2,1.000000,1.000000,26,32,58,8,14,22,7,51,123,2.230769
1363,84,85,172,204,210,65,18,3,2,2.000000,3.000000,15,56,23,31,9,40,1,88,120,1.533333
1364,84,85,100,161,320,10,12,3,2,3.000000,3.000000,32,12,54,3,7,10,1,16,77,1.687500
1365,85,86,160,244,204,18,5,3,4,0.000000,7.000000,29,40,61,16,23,39,1,75,159,2.103448
1366,85,128,140,202,261,9,11,3,4,6.000000,10.000000,23,8,45,3,17,20,43,55,117,1.956522
1367,85,86,184,247,541,14,52,3,4,0.000000,2.000000,52,28,60,7,3,10,1,99,162,1.153846
1368,85,87,96,131,163,2,11,3,4,11.000000,13.000000,19,4,31,5,4,9,2,11,46,1.631579
1369,85,86,153,240,309,49,56,3,4,1.000000,3.000000,30,45,60,22,27,49,1,68,155,2.000000
1370,85,86,103,128,160,9,14,3,2,4.000000,4.000000,16,10,20,7,5,12,1,18,43,1.250000
1371,85,111,140,174,234,26,36,3,2,3.000000,4.000000,19,16,33,13,1,14,26,55,89,1.736842
1372,85,-1,-1,-1,-1,0,-1,-1,-1,-1.000000,-1.000000,27,0,0,0,0,0,-1,-1,-1,0.000000
1373,85,86,110,189,542,7,6,3,4,0.000000,9.000000,11,19,53,5,26,31,1,25,104,4.818182
1374,85,-1,-1,-1,-1,0,-1,-1,-1,-1.000000,-1.000000,39,0,0,0,0,0,-1,-1,-1,0.000000
1375,86,106,172,242,229,30,7,3,4,5.000000,11.000000,25,39,45,18,25,43,20,86,156,1.800000
1376,86,88,116,210,122,19,14,3,2,9.000000,9.000000,30,15,70,13,24,37,2,30,124,2.333333
1377,86,87,153,231,226,53,13,3,4,3.000000,14.000000,12,43,56,23,22,45,1,67,145,4.666667
1378,86,123,202,-1,110,41,14,3,2,11.000000,11.000000,31,31,38,25,10,35,37,116,-1,1.225806
1379,86,87,-1,-1,106,147,15,3,2,14.000000,14.000000,43,126,0,33,0,33,1,-1,-1,0.000000
1380,86,125,132,229,570,0,6,3,4,0.000000,3.000000,46,5,82,1,15,16,39,46,143,1.782609
1381,86,212,-1,-1,78,6,30,3,2,1.000000,2.000000,25,3,0,4,0,4,126,-1,-1,0.000000
1382,86,145,236,-1,15,20,15,3,4,8.000000,17.000000,30,26,12,7,2,9,59,150,-1,0.400000
1383,86,87,155,193,225,52,4,3,4,0.000000,6.000000,20,43,30,25,8,33,1,69,107,1.500000
1384,87,88,190,205,225,80,3,3,4,1.000000,3.000000,10,64,14,38,1,39,1,103,118,1.400000
1385,87,111,124,193,424,11,47,3,4,4.000000,10.000000,47,9,65,4,4,8,24,37,106,1.382979
1386,87,89,245,-1,593,102,18,3,4,7.000000,13.000000,23,98,4,55,1,56,2,158,-1,0.173913
1387,87,88,125,204,485,22,13,3,2,3.000000,4.000000,25,20,61,17,18,35,1,38,117,2.440000
1388,87,106,173,192,598,57,12,3,2,10.000000,10.000000,17,49,19,16,0,16,19,86,105,1.117647
1389,87,93,113,209,216,2,12,3,2,7.000000,7.000000,31,6,63,3,33,36,6,26,122,2.032258
1390,87,88,135,212,202,38,8,3,4,0.000000,14.000000,25,34,73,13,4,17,1,48,125,2.920000
1391,87,88,142,185,340,41,6,3,3,0.000000,6.000000,22,25,30,29,13,42,1,55,98,1.363636
1392,87,-1,-1,-1,-1,0,-1,-1,-1,-1.000000,-1.000000,65,0,0,0,0,0,-1,-1,-1,0.000000
1393,88,89,124,199,106,14,13,3,2,1.000000,1.000000,43,25,65,6,10,16,1,36,111,1.511628
1394,88,90,94,142,204,0,4,3,4,2.000000,7.000000,27,4,37,0,11,11,2,6,54,1.370370
1395,88,90,106,180,293,8,4,3,4,0.000000,7.000000,21,12,59,3,15,18,2,18,92,2.809524
1396,88,89,101,150,185,3,6,3,4,9.000000,11.000000,29,10,49,2,0,2,1,13,62,1.689655
1397,88,89,112,167,313,12,7,3,4,3.000000,4.000000,43,12,53,11,2,13,1,24,79,1.232558
1398,88,89,173,248,158,72,16,3,2,3.000000,4.000000,27,61,61,23,14,37,1,85,160,2.259259
1399,88,141,230,-1,250,26,13,3,2,3.000000,3.000000,45,27,16,18,4,22,53,142,-1,0.355556
1400,88,-1,-1,-1,-1,0,-1,-1,-1,-1.000000,-1.000000,26,0,0,0,0,0,-1,-1,-1,0.000000
1401,88,-1,-1,-1,-1,0,-1,-1,-1,-1.000000,-1.000000,25,0,0,0,0,0,-1,-1,-1,0.000000
1402,89,90,93,108,158,3,40,3,4,3.000000,11.000000,15,2,15,1,0,1,1,4,19,1.000000
1403,89,90,120,200,485,22,13,3,2,5.000000,5.000000,32,16,70,14,10,24,1,31,111,2.187500
1404,89,90,130,219,515,13,6,3,4,0.000000,5.000000,36,26,74,14,15,29,1,41,130,2.055556
1405,89,90,95,177,248,5,1,3,3,0.000000,0.000000,41,5,63,0,19,19,1,6,88,1.536585
1406,90,106,112,143,485,3,4,3,4,0.000000,9.000000,20,4,28,1,3,4,16,22,53,1.400000
1407,90,194,-1,-1,503,23,8,3,4,0.000000,0.000000,48,22,0,6,0,6,104,-1,-1,0.000000
1408,90,-1,-1,-1,-1,0,-1,-1,-1,-1.000000,-1.000000,11,0,0,0,0,0,-1,-1,-1,0.000000
1409,90,106,177,-1,531,53,11,3,4,0.000000,18.000000,28,47,53,20,20,40,16,87,-1,1.892857
1410,91,92,109,177,248,15,2,3,4,0.000000,0.000000,44,13,58,4,10,14,1,18,86,1.318182
1411,91,92,167,211,158,60,40,3,4,3.000000,12.000000,18,51,38,24,6,30,1,76,120,2.111111
1412,91,92,149,191,340,42,4,3,3,9.000000,10.000000,18,42,28,15,14,29,1,58,100,1.555556
1413,91,92,93,155,358,0,1,3,3,0.000000,1.000000,12,1,36,0,26,26,1,2,64,3.000000
1414,91,112,157,175,533,37,21,3,2,3.000000,3.000000,14,26,18,18,0,18,21,66,84,1.285714
1415,92,93,189,225,428,58,1,3,3,1.000000,1.000000,30,60,32,36,4,40,1,97,133,1.066667
1416,92,-1,-1,-1,-1,0,-1,-1,-1,-1.000000,-1.000000,37,0,0,0,0,0,-1,-1,-1,0.000000
1417,92,-1,-1,-1,-1,0,-1,-1,-1,-1.000000,-1.000000,30,0,0,0,0,0,-1,-1,-1,0.000000
1418,92,222,226,-1,595,3,14,3,2,9.000000,9.000000,23,3,21,1,3,4,130,134,-1,0.913043
1419,92,203,-1,-1,128,14,12,3,2,2.000000,4.000000,36,15,0,10,0,10,111,-1,-1,0.000000
1420,92,93,140,179,423,8,6,3,4,0.000000,8.000000,17,33,33,14,6,20,1,48,87,1.941176
1421,92,93,93,187,516,0,0,3,-1,-1.000000,-1.000000,21,0,75,0,19,19,1,1,95,3.571429
1422,92,217,229,-1,264,7,11,3,4,1.000000,7.000000,24,8,19,3,2,5,125,137,-1,0.791667
1423,92,93,94,183,55,0,1,3,3,0.000000,0.000000,33,1,65,0,24,24,1,2,91,1.969697
1424,92,-1,-1,-1,-1,0,-1,-1,-1,-1.000000,-1.000000,32,0,0,0,0,0,-1,-1,-1,0.000000
1425,92,93,100,185,158,2,21,3,2,0.000000,2.000000,45,5,81,2,4,6,1,8,93,1.800000
1426,93,94,115,181,467,13,8,3,3,1.000000,5.000000,19,17,55,4,11,15,1,22,88,2.894737
1427,93,94,126,172,72,26,9,3,2,4.000000,4.000000,24,19,34,13,12,25,1,33,79,1.416667
1428,93,94,94,165,428,0,0,3,-1,-1.000000,-1.000000,31,0,55,0,16,16,1,1,72,1.774194
1429,93,130,-1,-1,319,60,4,3,3,0.000000,3.000000,48,51,0,30,0,30,37,-1,-1,0.000000
1430,93,94,103,169,557,9,11,3,2,5.000000,7.000000,34,9,54,0,12,12,1,10,76,1.588235
1431,93,-1,-1,-1,-1,0,-1,-1,-1,-1.000000,-1.000000,33,0,0,0,0,0,-1,-1,-1,0.000000
1432,93,94,116,213,256,20,5,3,4,10.000000,10.000000,39,12,89,10,8,18,1,23,120,2.282051
1433,93,94,164,225,346,47,7,3,4,6.000000,7.000000,27,45,49,25,12,37,1,71,132,1.814815
1434,93,94,116,188,128,22,16,3,4,3.000000,8.000000,42,13,64,9,8,17,1,23,95,1.523810
1435,93,94,118,165,151,16,12,3,2,3.000000,3.000000,26,18,42,6,5,11,1,25,72,1.615385
1436,94,141,-1,-1,339,34,17,3,2,6.000000,7.000000,61,38,0,15,0,15,47,-1,-1,0.000000
1437,94,95,95,180,248,0,0,3,-1,-1.000000,-1.000000,48,0,70,0,15,15,1,1,86,1.458333
1438,94,95,106,189,256,3,8,3,4,10.000000,10.000000,49,9,75,2,8,10,1,12,95,1.530612
1439,94,-1,-1,-1,-1,0,-1,-1,-1,-1.000000,-1.000000,51,0,0,0,0,0,-1,-1,-1,0.000000
1440,95,-1,-1,-1,-1,0,-1,-1,-1,-1.000000,-1.000000,58,0,0,0,0,0,-1,-1,-1,0.000000
1441,95,194,197,-1,549,3,23,3,2,6.000000,6.000000,41,2,49,1,4,5,99,102,-1,1.195122
1442,95,96,157,227,553,47,11,3,4,3.000000,15.000000,45,36,55,25,15,40,1,62,132,1.222222
1443,95,-1,-1,-1,-1,0,-1,-1,-1,-1.000000,-1.000000,29,0,0,0,0,0,-1,-1,-1,0.000000
1444,95,96,97,169,542,0,1,3,3,0.000000,1.000000,17,1,55,0,17,17,1,2,74,3.235294
1445,95,180,194,-1,462,1,32,3,2,2.000000,4.000000,49,5,53,2,3,5,85,99,-1,1.081633
1446,95,96,97,159,292,0,1,3,3,1.000000,1.000000,30,1,60,0,2,2,1,2,64,2.000000
1447,96,97,115,162,151,12,14,3,2,6.000000,6.000000,35,11,43,7,4,11,1,19,66,1.228571
1448,96,97,121,213,337,19,15,3,2,0.000000,0.000000,41,15,79,9,13,22,1,25,117,1.926829
1449,96,97,124,140,338,20,11,3,2,8.000000,8.000000,16,17,16,10,0,10,1,28,44,1.000000
1450,96,97,105,176,33,2,5,3,4,0.000000,8.000000,40,5,64,3,7,10,1,9,80,1.600000
1451,96,144,227,-1,339,13,17,3,2,6.000000,7.000000,18,19,18,7,5,12,48,131,-1,1.000000
1452,96,222,-1,-1,122,26,17,3,2,2.000000,2.000000,38,16,0,12,0,12,126,-1,-1,0.000000
1453,97,98,158,236,152,54,10,3,4,0.000000,5.000000,27,45,63,15,15,30,1,61,139,2.333333
1454,97,98,125,195,593,9,22,3,4,6.000000,13.000000,30,15,50,12,20,32,1,28,98,1.666667
1455,97,98,106,126,338,4,11,3,2,0.000000,6.000000,15,6,15,2,5,7,1,9,29,1.000000
1456,97,98,110,178,517,10,14,3,2,3.000000,5.000000,7,11,43,1,25,26,1,13,81,6.142857
1457,97,130,-1,-1,282,57,4,3,3,0.000000,3.000000,32,51,0,21,0,21,33,-1,-1,0.000000
1458,98,-1,-1,-1,-1,0,-1,-1,-1,-1.000000,-1.000000,42,0,0,0,0,0,-1,-1,-1,0.000000
1459,98,-1,-1,-1,-1,0,-1,-1,-1,-1.000000,-1.000000,25,0,0,0,0,0,-1,-1,-1,0.000000
1460,98,146,209,-1,534,10,15,3,4,1.000000,10.000000,44,9,37,8,4,12,48,111,-1,0.840909
1461,98,135,142,207,455,4,6,3,4,0.000000,10.000000,44,6,60,1,5,6,37,44,109,1.363636
1462,98,178,184,-1,68,0,6,3,4,0.000000,0.000000,36,6,56,0,10,10,80,86,-1,1.555556
1463,98,217,226,249,128,7,13,3,2,5.000000,5.000000,17,4,21,5,2,7,119,128,151,1.235294
1464,98,-1,-1,-1,-1,0,-1,-1,-1,-1.000000,-1.000000,50,0,0,0,0,0,-1,-1,-1,0.000000
1465,98,218,231,-1,573,6,11,3,4,7.000000,7.000000,25,9,18,2,1,3,120,133,-1,0.720000
1466,99,-1,-1,-1,-1,0,-1,-1,-1,-1.000000,-1.000000,50,0,0,0,0,0,-1,-1,-1,0.000000
1467,99,102,121,217,453,13,1,3,3,0.000000,0.000000,52,9,78,5,18,23,3,22,118,1.500000
1468,99,100,218,245,6,79,9,3,4,0.000000,5.000000,17,88,23,30,4,34,1,119,146,1.352941
1469,99,172,-1,-1,69,27,31,3,4,6.000000,12.000000,28,19,0,12,0,12,73,-1,-1,0.000000
1470,99,100,207,-1,210,82,41,3,2,2.000000,2.000000,52,68,38,39,5,44,1,108,-1,0.730769
1471,99,130,232,-1,289,36,5,3,3,0.000000,3.000000,25,36,16,15,2,17,31,133,-1,0.640000
1472,100,101,155,232,73,46,6,3,3,1.000000,9.000000,41,36,59,18,18,36,1,55,132,1.439024
1473,100,101,133,221,517,21,13,3,4,6.000000,11.000000,34,24,80,8,8,16,1,33,121,2.352941
1474,100,101,149,189,407,36,16,3,2,2.000000,3.000000,28,27,38,21,2,23,1,49,89,1.357143
1475,100,101,106,183,153,0,5,3,4,0.000000,6.000000,48,5,72,0,5,5,1,6,83,1.500000
1476,100,101,102,146,52,0,1,3,3,1.000000,2.000000,23,1,29,0,15,15,1,2,46,1.260870
1477,100,106,111,164,569,0,5,3,4,0.000000,9.000000,39,1,47,0,6,6,6,11,64,1.205128
1478,100,101,-1,-1,134,127,21,3,4,9.000000,12.000000,51,97,0,52,0,52,1,-1,-1,0.000000
1479,101,102,169,208,553,51,8,3,4,4.000000,6.000000,15,39,31,28,8,36,1,68,107,2.066667
1480,101,-1,-1,-1,-1,0,-1,-1,-1,-1.000000,-1.000000,41,0,0,0,0,0,-1,-1,-1,0.000000
1481,101,-1,-1,-1,-1,0,-1,-1,-1,-1.000000,-1.000000,35,0,0,0,0,0,-1,-1,-1,0.000000
1482,101,102,116,209,447,0,7,3,3,0.000000,2.000000,24,9,50,5,43,48,1,15,108,2.083333
1483,101,225,232,-1,180,0,6,3,4,5.000000,5.000000,54,6,17,1,1,2,124,131,-1,0.314815
1484,102,103,103,165,453,0,0,3,-1,-1.000000,-1.000000,51,0,55,0,7,7,1,1,63,1.078431
1485,102,103,120,132,234,4,21,3,2,3.000000,7.000000,7,8,9,8,3,11,1,18,30,1.285714
1486,102,103,154,216,517,39,13,3,4,5.000000,12.000000,30,32,42,19,20,39,1,52,114,1.400000
1487,103,130,136,146,377,4,7,3,4,0.000000,4.000000,8,5,10,0,0,0,27,33,43,1.250000
1488,103,104,106,202,346,0,2,3,3,0.000000,1.000000,24,2,64,0,32,32,1,3,99,2.666667
1489,103,148,156,186,563,3,12,3,4,5.000000,10.000000,21,3,27,2,3,5,45,53,83,1.285714
1490,104,-1,-1,-1,-1,0,-1,-1,-1,-1.000000,-1.000000,29,0,0,0,0,0,-1,-1,-1,0.000000
1491,104,212,-1,-1,512,6,29,3,4,3.000000,6.000000,19,4,0,3,0,3,108,-1,-1,0.000000
1492,104,105,125,201,31,3,6,3,4,0.000000,14.000000,38,15,72,5,4,9,1,21,97,1.894737
1493,105,-1,-1,-1,-1,0,-1,-1,-1,-1.000000,-1.000000,64,0,0,0,0,0,-1,-1,-1,0.000000
1494,105,106,-1,-1,385,108,15,3,4,6.000000,14.000000,46,96,0,48,0,48,1,-1,-1,0.000000
1495,105,138,147,196,455,6,3,3,4,4.000000,4.000000,42,7,46,2,3,5,33,42,91,1.095238
1496,105,106,144,175,234,29,15,3,4,6.000000,14.000000,23,27,29,11,2,13,1,39,70,1.260870
1497,105,-1,-1,-1,-1,0,-1,-1,-1,-1.000000,-1.000000,21,0,0,0,0,0,-1,-1,-1,0.000000
1498,106,107,159,179,367,43,16,3,4,5.000000,8.000000,20,33,20,19,0,19,1,53,73,1.000000
1499,106,107,143,200,331,30,14,3,4,4.000000,11.000000,29,28,47,8,10,18,1,37,94,1.620690
1500,106,109,122,147,168,5,9,3,4,6.000000,9.000000,13,10,17,1,8,9,3,16,41,1.307692
1501,106,107,203,-1,141,68,19,3,2,4.000000,4.000000,36,67,40,29,7,36,1,97,-1,1.111111
1502,107,214,219,241,539,0,5,3,4,0.000000,4.000000,15,5,19,0,3,3,107,112,134,1.266667
1503,107,212,-1,-1,171,6,16,3,4,0.000000,1.000000,35,6,0,1,0,1,105,-1,-1,0.000000
1504,107,108,144,225,420,35,1,3,3,0.000000,1.000000,35,22,69,14,12,26,1,37,118,1.971429
1505,108,109,125,157,504,3,12,3,2,1.000000,3.000000,11,15,25,1,7,8,1,17,49,2.272727
1506,108,109,157,176,385,35,15,3,2,2.000000,2.000000,14,32,16,15,3,18,1,49,68,1.142857
1507,108,109,140,183,209,17,11,3,2,5.000000,7.000000,19,17,33,14,10,24,1,32,75,1.736842
1508,108,-1,-1,-1,-1,0,-1,-1,-1,-1.000000,-1.000000,50,0,0,0,0,0,-1,-1,-1,0.000000
1509,108,109,129,211,65,17,14,3,4,2.000000,14.000000,38,12,70,8,12,20,1,21,103,1.842105
1510,108,222,-1,-1,476,25,6,3,4,6.000000,6.000000,29,20,0,8,0,8,114,-1,-1,0.000000
1511,109,110,238,-1,424,121,17,3,4,6.000000,11.000000,22,96,10,31,2,33,1,129,-1,0.454545
1512,109,112,130,200,66,12,8,3,4,7.000000,7.000000,28,13,60,4,10,14,3,21,91,2.142857
1513,109,110,135,187,457,7,8,3,4,0.000000,8.000000,20,11,38,14,14,28,1,26,78,1.900000
1514,109,222,-1,-1,459,25,7,3,3,0.000000,2.000000,26,21,0,7,0,7,113,-1,-1,0.000000
1515,109,110,110,179,73,0,0,3,-1,-1.000000,-1.000000,45,0,59,0,10,10,1,1,70,1.311111
1516,109,114,119,194,108,5,53,3,4,0.000000,4.000000,32,4,50,1,25,26,5,10,85,1.562500
1517,110,139,-1,-1,85,44,13,3,2,12.000000,12.000000,32,57,0,19,0,19,29,-1,-1,0.000000
1518,110,218,227,-1,264,6,10,3,2,1.000000,1.000000,52,8,21,1,2,3,108,117,-1,0.403846
1519,110,111,126,139,547,5,14,3,2,8.000000,8.000000,12,7,12,5,1,6,1,16,29,1.000000
1520,110,130,130,197,523,0,0,3,-1,-1.000000,-1.000000,29,0,49,0,18,18,20,20,87,1.689655
1521,110,111,113,182,163,1,14,3,2,5.000000,5.000000,29,2,65,0,4,4,1,3,72,2.241379
1522,110,131,134,197,289,3,5,3,3,0.000000,3.000000,35,3,55,0,8,8,21,24,87,1.571429
1523,110,111,112,168,170,0,1,3,3,0.000000,0.000000,19,1,37,0,19,19,1,2,58,1.947368
1524,110,218,-1,-1,128,2,13,3,2,6.000000,6.000000,33,4,0,5,0,5,108,-1,-1,0.000000
1525,111,114,147,206,525,17,51,3,4,0.000000,3.000000,16,27,34,3,25,28,3,36,95,2.125000
1526,111,212,-1,-1,549,5,12,3,3,0.000000,0.000000,23,5,0,2,0,2,101,-1,-1,0.000000
1527,111,112,186,-1,525,52,12,3,4,1.000000,5.000000,47,60,57,14,7,21,1,75,-1,1.212766
1528,111,123,200,248,150,30,26,3,2,6.000000,6.000000,36,20,44,27,4,31,12,89,137,1.222222
1529,111,148,-1,-1,534,31,13,3,2,4.000000,4.000000,28,25,0,12,0,12,37,-1,-1,0.000000
1530,111,-1,-1,-1,-1,0,-1,-1,-1,-1.000000,-1.000000,48,0,0,0,0,0,-1,-1,-1,0.000000
1531,111,112,124,181,69,11,2,3,3,0.000000,0.000000,36,9,54,3,3,6,1,13,70,1.500000
1532,111,112,127,223,111,3,9,3,2,10.000000,10.000000,40,13,76,2,20,22,1,16,112,1.900000
1533,111,112,131,176,78,12,15,3,2,6.000000,6.000000,16,13,40,6,5,11,1,20,65,2.500000
1534,111,112,173,246,65,43,16,3,2,2.000000,6.000000,24,45,66,16,7,23,1,62,135,2.750000
1535,112,113,124,146,525,8,12,3,4,1.000000,5.000000,15,9,19,2,3,5,1,12,34,1.266667
1536,112,149,-1,-1,245,30,13,3,2,4.000000,4.000000,11,18,0,17,0,17,37,-1,-1,0.000000
1537,112,149,-1,-1,527,25,16,3,2,2.000000,2.000000,25,20,0,9,0,9,37,-1,-1,0.000000
1538,112,113,135,223,287,20,16,3,4,6.000000,13.000000,19,17,57,5,31,36,1,23,111,3.000000
1539,112,-1,-1,-1,-1,0,-1,-1,-1,-1.000000,-1.000000,36,0,0,0,0,0,-1,-1,-1,0.000000
1540,113,123,163,229,192,13,16,3,2,10.000000,10.000000,41,12,55,7,11,18,10,50,116,1.341463
1541,113,219,-1,-1,573,1,11,3,4,8.000000,8.000000,39,5,0,1,0,1,106,-1,-1,0.000000
1542,113,123,245,-1,412,62,11,3,3,0.000000,11.000000,30,52,4,33,1,34,10,132,-1,0.133333
1543,113,-1,-1,-1,-1,0,-1,-1,-1,-1.000000,-1.000000,27,0,0,0,0,0,-1,-1,-1,0.000000
1544,113,114,175,195,21,48,9,3,4,0.000000,6.000000,16,47,18,14,2,16,1,62,82,1.125000
1545,113,114,170,242,566,45,37,3,2,0.000000,5.000000,29,34,51,22,21,43,1,57,129,1.758621
1546,114,123,152,221,590,1,21,3,2,5.000000,5.000000,16,1,50,3,19,22,9,38,107,3.125000
1547,114,115,132,216,1,17,11,3,4,2.000000,6.000000,42,10,76,7,8,15,1,18,102,1.809524
1548,114,115,170,218,59,49,18,3,2,10.000000,10.000000,28,30,38,25,10,35,1,56,104,1.357143
1549,114,194,-1,-1,133,16,13,3,4,0.000000,3.000000,51,16,0,6,0,6,80,-1,-1,0.000000
1550,114,115,164,185,125,39,6,3,4,2.000000,9.000000,13,37,19,12,2,14,1,50,71,1.461538
1551,114,115,198,-1,578,24,8,3,4,0.000000,9.000000,61,65,51,18,1,19,1,84,-1,0.836066
1552,115,212,-1,-1,383,6,26,3,2,6.000000,8.000000,31,4,0,3,0,3,97,-1,-1,0.000000
1553,115,116,136,157,514,13,14,3,4,4.000000,8.000000,15,16,19,4,2,6,1,21,42,1.266667
1554,115,116,118,189,161,0,2,3,3,0.000000,0.000000,35,2,69,0,2,2,1,3,74,1.971429
1555,115,-1,-1,-1,-1,0,-1,-1,-1,-1.000000,-1.000000,42,0,0,0,0,0,-1,-1,-1,0.000000
1556,115,-1,-1,-1,-1,0,-1,-1,-1,-1.000000,-1.000000,37,0,0,0,0,0,-1,-1,-1,0.000000
1557,115,123,209,-1,291,27,19,3,2,7.000000,8.000000,54,21,40,20,1,21,8,94,-1,0.740741
1558,115,131,138,221,377,3,6,3,3,2.000000,4.000000,18,6,60,0,23,23,16,23,106,3.333333
1559,116,117,219,-1,119,85,1,3,3,0.000000,0.000000,31,68,27,34,4,38,1,103,-1,0.870968
1560,116,156,243,-1,222,15,16,3,4,9.000000,18.000000,41,13,6,5,1,6,40,127,-1,0.146341
1561,116,117,230,-1,129,91,2,3,4,0.000000,0.000000,19,85,14,28,6,34,1,114,-1,0.736842
1562,116,117,161,226,99,39,11,3,2,8.000000,8.000000,26,27,54,17,11,28,1,45,110,2.076923
1563,116,117,138,223,457,14,5,3,4,0.000000,7.000000,46,12,74,9,11,20,1,22,107,1.608696
1564,116,117,155,218,290,30,19,3,2,1.000000,1.000000,40,24,50,14,13,27,1,39,102,1.250000
1565,116,219,-1,-1,264,0,9,3,2,2.000000,2.000000,14,1,0,1,0,1,103,-1,-1,0.000000
1566,117,175,-1,-1,446,22,27,3,2,2.000000,4.000000,22,15,0,10,0,10,58,-1,-1,0.000000
1567,117,118,120,155,129,0,2,3,4,0.000000,0.000000,14,2,28,0,7,7,1,3,38,2.000000
1568,117,118,160,227,21,34,52,3,4,0.000000,4.000000,17,32,39,10,28,38,1,43,110,2.294118
1569,117,118,168,-1,108,47,5,3,4,0.000000,3.000000,33,35,67,15,15,30,1,51,-1,2.030303
1570,117,118,133,163,366,15,14,3,2,2.000000,2.000000,25,13,29,2,1,3,1,16,46,1.160000
1571,117,-1,-1,-1,-1,0,-1,-1,-1,-1.000000,-1.000000,13,0,0,0,0,0,-1,-1,-1,0.000000
1572,117,118,122,139,457,0,4,3,4,0.000000,8.000000,12,4,16,0,1,1,1,5,22,1.333333
1573,118,119,241,-1,74,94,49,3,4,0.000000,2.000000,34,81,9,41,0,41,1,123,-1,0.264706
1574,118,212,-1,-1,415,6,13,3,4,2.000000,2.000000,25,3,0,4,0,4,94,-1,-1,0.000000
1575,118,119,240,-1,290,90,18,3,2,2.000000,2.000000,12,81,10,40,0,40,1,122,-1,0.833333
1576,118,152,248,-1,399,53,17,3,2,3.000000,4.000000,49,45,2,30,0,30,34,130,-1,0.040816
1577,118,222,-1,-1,532,25,16,3,2,4.000000,4.000000,19,14,0,14,0,14,104,-1,-1,0.000000
1578,118,119,127,193,367,1,8,3,4,3.000000,3.000000,32,8,44,0,22,22,1,9,75,1.375000
1579,118,119,122,151,385,0,3,3,4,0.000000,0.000000,19,3,25,0,4,4,1,4,33,1.315789
1580,118,194,-1,-1,494,15,33,3,4,1.000000,5.000000,39,16,0,4,0,4,76,-1,-1,0.000000
1581,119,120,126,175,192,5,9,3,2,6.000000,6.000000,27,4,37,2,12,14,1,7,56,1.370370
1582,119,222,227,242,131,2,17,3,2,9.000000,9.000000,12,4,14,0,1,1,103,108,123,1.166667
1583,119,120,217,-1,8,85,8,3,4,0.000000,4.000000,56,65,30,29,3,32,1,98,-1,0.535714
1584,119,212,-1,-1,558,4,29,3,4,2.000000,6.000000,47,2,0,4,0,4,93,-1,-1,0.000000
1585,119,120,219,-1,514,93,14,3,2,0.000000,0.000000,43,77,31,20,0,20,1,100,-1,0.720930
1586,120,121,176,225,262,47,19,3,2,5.000000,6.000000,36,34,40,20,9,29,1,56,105,1.111111
1587,120,225,235,-1,457,9,14,3,2,10.000000,10.000000,26,9,13,1,2,3,105,115,-1,0.500000
1588,120,121,194,234,514,49,49,3,2,0.000000,0.000000,20,38,28,28,12,40,1,74,114,1.400000
1589,120,152,217,-1,437,23,18,3,2,1.000000,3.000000,24,27,28,12,5,17,32,97,-1,1.166667
1590,121,122,126,153,479,1,14,3,2,3.000000,5.000000,25,3,27,1,0,1,1,5,32,1.080000
1591,121,132,137,198,377,2,5,3,3,0.000000,2.000000,23,3,51,1,10,11,11,16,77,2.217391
1592,121,139,168,233,455,3,4,3,3,7.000000,8.000000,19,8,49,5,16,21,18,47,112,2.578947
1593,121,122,213,-1,480,73,18,3,2,3.000000,6.000000,20,53,25,38,12,50,1,92,-1,1.250000
1594,121,122,124,135,533,1,14,3,2,1.000000,1.000000,8,2,10,0,1,1,1,3,14,1.250000
1595,121,122,130,167,219,4,17,3,2,9.000000,9.000000,20,6,36,2,1,3,1,9,46,1.800000
1596,121,122,126,205,520,3,12,3,4,1.000000,10.000000,41,2,75,2,4,6,1,5,84,1.829268
1597,121,160,237,-1,538,10,29,3,2,3.000000,4.000000,29,6,12,5,1,6,39,116,-1,0.413793
1598,121,141,143,175,455,0,2,3,3,0.000000,0.000000,11,2,27,0,5,5,20,22,54,2.454545
1599,121,134,137,210,239,0,3,3,4,3.000000,3.000000,29,3,53,0,20,20,13,16,89,1.827586
1600,121,122,156,204,125,29,1,3,3,2.000000,2.000000,28,20,40,14,8,22,1,35,83,1.428571
1601,122,123,123,200,125,0,0,3,-1,-1.000000,-1.000000,24,0,50,0,27,27,1,1,78,2.083333
1602,122,123,177,202,430,47,11,3,4,11.000000,12.000000,9,42,17,12,8,20,1,55,80,1.888889
1603,122,124,131,215,588,2,11,3,4,9.000000,17.000000,53,4,75,3,9,12,2,9,93,1.415094
1604,122,123,129,162,514,3,8,3,4,0.000000,5.000000,23,6,29,0,4,4,1,7,40,1.260870
1605,122,-1,-1,-1,-1,0,-1,-1,-1,-1.000000,-1.000000,29,0,0,0,0,0,-1,-1,-1,0.000000
1606,122,123,128,190,210,4,4,3,4,0.000000,5.000000,47,3,59,2,3,5,1,6,68,1.255319
1607,123,124,146,182,63,16,3,3,4,0.000000,7.000000,25,17,33,5,3,8,1,23,59,1.320000
1608,123,213,-1,-1,24,3,32,3,2,1.000000,2.000000,26,3,0,2,0,2,90,-1,-1,0.000000
1609,123,225,236,-1,137,7,17,3,2,13.000000,13.000000,29,3,11,7,3,10,102,113,-1,0.379310
1610,123,124,125,207,287,1,20,3,2,3.000000,7.000000,16,1,58,0,24,24,1,2,84,3.625000
1611,124,125,149,178,415,15,10,3,2,5.000000,5.000000,21,14,27,10,2,12,1,25,54,1.285714
1612,124,129,163,218,588,29,13,3,2,9.000000,10.000000,24,23,44,11,11,22,5,39,94,1.833333
1613,124,125,171,204,209,34,11,3,2,4.000000,5.000000,21,32,29,14,4,18,1,47,80,1.380952
1614,124,225,-1,-1,101,20,15,3,4,0.000000,11.000000,47,15,0,9,0,9,101,-1,-1,0.000000
1615,124,153,-1,-1,437,53,19,3,2,2.000000,3.000000,17,46,0,23,0,23,29,-1,-1,0.000000
1616,125,126,145,191,415,10,9,3,4,6.000000,7.000000,40,14,44,5,2,7,1,20,66,1.100000
1617,125,-1,-1,-1,-1,0,-1,-1,-1,-1.000000,-1.000000,28,0,0,0,0,0,-1,-1,-1,0.000000
1618,125,126,149,208,459,19,5,3,4,0.000000,5.000000,48,15,56,8,3,11,1,24,83,1.166667
1619,125,133,134,159,51,1,17,3,2,0.000000,2.000000,20,0,24,1,1,2,8,9,34,1.200000
1620,125,126,220,-1,262,80,25,3,2,3.000000,4.000000,18,69,20,20,10,30,1,95,-1,1.111111
1621,125,126,237,-1,375,84,24,3,2,3.000000,5.000000,20,76,8,34,5,39,1,112,-1,0.400000
1622,126,127,195,-1,141,53,14,3,2,3.000000,3.000000,23,50,35,18,20,38,1,69,-1,1.521739
1623,126,127,180,250,223,40,13,3,2,0.000000,0.000000,43,47,65,6,5,11,1,54,124,1.511628
1624,126,127,131,152,264,3,9,3,2,5.000000,5.000000,11,3,17,1,4,5,1,5,26,1.545455
1625,126,133,143,161,134,6,16,3,2,4.000000,4.000000,14,3,18,7,0,7,7,17,35,1.285714
1626,126,144,231,-1,85,23,11,3,3,1.000000,4.000000,38,27,18,11,1,12,18,105,-1,0.473684
1627,126,127,162,203,590,25,18,3,2,4.000000,4.000000,19,22,33,13,8,21,1,36,77,1.736842
1628,127,128,128,189,281,0,0,3,-1,-1.000000,-1.000000,43,0,57,0,4,4,1,1,62,1.325581
1629,127,128,146,229,234,10,25,3,4,5.000000,10.000000,49,14,77,4,6,10,1,19,102,1.571429
1630,127,128,152,201,111,24,8,3,3,5.000000,5.000000,33,14,43,10,6,16,1,25,74,1.303030
1631,127,128,128,212,525,0,0,3,-1,-1.000000,-1.000000,36,0,66,0,18,18,1,1,85,1.833333
1632,127,213,-1,-1,20,3,22,3,2,2.000000,2.000000,55,2,0,3,0,3,86,-1,-1,0.000000
1633,127,128,157,203,375,22,17,3,2,3.000000,3.000000,21,19,39,10,7,17,1,30,76,1.857143
1634,127,128,147,205,70,18,10,3,2,6.000000,6.000000,13,16,41,3,17,20,1,20,78,3.153846
1635,127,-1,-1,-1,-1,0,-1,-1,-1,-1.000000,-1.000000,52,0,0,0,0,0,-1,-1,-1,0.000000
1636,128,129,152,246,192,14,13,3,4,8.000000,18.000000,33,21,73,2,21,23,1,24,118,2.212121
1637,128,-1,-1,-1,-1,0,-1,-1,-1,-1.000000,-1.000000,65,0,0,0,0,0,-1,-1,-1,0.000000
1638,128,194,-1,-1,163,13,23,3,2,0.000000,0.000000,27,16,0,4,0,4,66,-1,-1,0.000000
1639,128,129,167,202,462,33,22,3,2,0.000000,0.000000,27,29,33,9,2,11,1,39,74,1.222222
1640,128,166,-1,-1,42,23,24,3,2,1.000000,1.000000,25,29,0,12,0,12,38,-1,-1,0.000000
1641,128,153,161,-1,537,6,20,3,4,11.000000,17.000000,39,5,79,3,10,13,25,33,-1,2.025641
1642,128,129,142,207,295,11,16,3,4,5.000000,8.000000,37,8,59,5,6,11,1,14,79,1.594595
1643,128,129,154,237,253,16,11,3,2,11.000000,11.000000,49,21,73,4,10,14,1,26,109,1.489796
1644,128,-1,-1,-1,-1,0,-1,-1,-1,-1.000000,-1.000000,33,0,0,0,0,0,-1,-1,-1,0.000000
1645,129,-1,-1,-1,-1,0,-1,-1,-1,-1.000000,-1.000000,15,0,0,0,0,0,-1,-1,-1,0.000000
1646,129,130,-1,-1,339,107,11,3,2,1.000000,2.000000,41,88,0,32,0,32,1,-1,-1,0.000000
1647,129,130,133,152,514,0,4,3,4,0.000000,0.000000,17,2,17,0,2,2,1,4,23,1.000000
1648,129,130,147,226,144,15,16,3,4,2.000000,7.000000,19,8,61,9,18,27,1,18,97,3.210526
1649,129,195,-1,-1,403,12,19,3,2,0.000000,0.000000,29,15,0,3,0,3,66,-1,-1,0.000000
1650,129,130,164,200,588,22,13,3,2,1.000000,9.000000,22,21,30,13,6,19,1,35,71,1.363636
1651,130,131,158,239,134,15,13,3,2,10.000000,10.000000,34,15,66,12,15,27,1,28,109,1.941176
1652,130,198,208,229,503,8,4,3,3,0.000000,0.000000,17,8,21,2,0,2,68,78,99,1.235294
1653,130,131,169,238,333,36,19,3,2,5.000000,5.000000,34,26,68,12,1,13,1,39,108,2.000000
1654,130,131,215,-1,534,78,12,3,2,4.000000,5.000000,53,57,34,27,1,28,1,85,-1,0.641509
1655,130,131,133,165,314,0,24,3,2,7.000000,7.000000,12,0,28,1,4,5,1,3,35,2.333333
1656,131,132,167,227,139,33,4,3,4,0.000000,2.000000,24,26,38,9,22,31,1,36,96,1.583333
1657,131,132,137,205,98,3,22,3,4,5.000000,9.000000,26,1,54,4,14,18,1,6,74,2.076923
1658,131,199,201,-1,318,1,15,3,4,0.000000,3.000000,34,2,39,0,10,10,68,70,-1,1.147059
1659,131,132,133,204,240,0,1,3,3,0.000000,0.000000,18,1,54,0,17,17,1,2,73,3.000000
1660,131,146,-1,-1,155,2,30,3,2,7.000000,7.000000,44,5,0,3,0,3,15,-1,-1,0.000000
1661,131,132,132,202,360,0,0,3,-1,-1.000000,-1.000000,58,0,64,0,6,6,1,1,71,1.103448
1662,131,132,184,-1,593,48,27,3,2,3.000000,5.000000,38,36,58,16,8,24,1,53,-1,1.526316
1663,131,132,161,-1,333,23,11,3,4,9.000000,12.000000,16,18,62,11,27,38,1,30,-1,3.875000
1664,131,132,160,230,407,24,7,3,3,7.000000,7.000000,21,18,57,10,13,23,1,29,99,2.714286
1665,132,133,147,188,310,9,6,3,4,0.000000,11.000000,23,11,35,3,6,9,1,15,56,1.521739
1666,132,167,189,-1,364,21,55,3,4,1.000000,4.000000,31,16,51,6,10,16,35,57,-1,1.645161
1667,132,214,-1,-1,24,2,31,3,2,4.000000,4.000000,15,2,0,2,0,2,82,-1,-1,0.000000
1668,132,133,-1,-1,34,95,23,3,2,1.000000,1.000000,26,85,0,32,0,32,1,-1,-1,0.000000
1669,132,146,-1,-1,279,2,27,3,2,2.000000,2.000000,46,3,0,2,0,2,14,-1,-1,0.000000
1670,132,-1,-1,-1,-1,0,-1,-1,-1,-1.000000,-1.000000,54,0,0,0,0,0,-1,-1,-1,0.000000
1671,133,199,200,225,484,1,2,3,3,0.000000,0.000000,18,1,20,0,5,5,66,67,92,1.111111
1672,133,134,145,191,264,7,6,3,4,7.000000,19.000000,26,7,36,4,10,14,1,12,58,1.384615
1673,133,134,242,-1,150,96,16,3,2,2.000000,3.000000,31,71,6,37,2,39,1,109,-1,0.193548
1674,133,134,139,166,383,3,26,3,2,3.000000,3.000000,16,4,26,1,1,2,1,6,33,1.625000
1675,133,214,-1,-1,20,2,21,3,4,3.000000,8.000000,27,1,0,3,0,3,81,-1,-1,0.000000
1676,134,135,159,212,445,21,14,3,4,1.000000,11.000000,13,16,29,8,24,32,1,25,78,2.230769
1677,134,135,204,-1,150,64,26,3,4,7.000000,12.000000,23,50,42,19,4,23,1,70,-1,1.826087
1678,134,135,151,237,39,15,15,3,2,0.000000,5.000000,24,12,62,4,24,28,1,17,103,2.583333
1679,134,135,176,250,511,41,26,3,4,3.000000,13.000000,55,30,69,11,5,16,1,42,116,1.254545
1680,134,-1,-1,-1,-1,0,-1,-1,-1,-1.000000,-1.000000,17,0,0,0,0,0,-1,-1,-1,0.000000
1681,134,135,152,238,324,15,5,3,4,0.000000,12.000000,31,15,67,2,19,21,1,18,104,2.161290
1682,134,135,140,175,206,4,3,3,4,1.000000,5.000000,24,5,32,0,3,3,1,6,41,1.333333
1683,134,135,175,-1,224,37,22,3,2,4.000000,5.000000,42,30,64,10,11,21,1,41,-1,1.523810
1684,134,135,143,195,397,8,9,3,2,2.000000,2.000000,15,5,37,3,15,18,1,9,61,2.466667
1685,134,135,152,247,491,12,18,3,4,2.000000,9.000000,53,9,89,8,6,14,1,18,113,1.679245
1686,134,135,161,213,589,15,21,3,2,1.000000,1.000000,25,19,35,7,17,24,1,27,79,1.400000
1687,134,191,232,-1,50,1,3,3,4,2.000000,7.000000,47,9,17,1,1,2,57,98,-1,0.361702
1688,134,135,156,219,418,7,8,3,4,7.000000,9.000000,35,14,53,7,10,17,1,22,85,1.514286
1689,135,219,-1,-1,128,0,13,3,2,7.000000,7.000000,33,1,0,0,0,0,84,-1,-1,0.000000
1690,135,166,185,235,482,5,26,3,4,1.000000,7.000000,32,7,40,3,10,13,31,50,100,1.250000
1691,135,136,136,202,380,0,0,3,-1,-1.000000,-1.000000,40,0,56,0,10,10,1,1,67,1.400000
1692,135,136,-1,-1,297,97,5,3,4,8.000000,8.000000,11,71,0,43,0,43,1,-1,-1,0.000000
1693,135,136,144,187,224,8,18,3,2,3.000000,4.000000,31,7,37,1,6,7,1,9,52,1.193548
1694,135,136,187,202,324,43,4,3,4,0.000000,13.000000,10,35,12,16,3,19,1,52,67,1.200000
1695,136,137,156,204,464,19,10,3,4,1.000000,5.000000,24,12,38,7,10,17,1,20,68,1.583333
1696,136,137,154,221,194,13,12,3,4,6.000000,8.000000,27,12,65,5,2,7,1,18,85,2.407407
1697,136,137,145,196,321,8,12,3,2,13.000000,13.000000,31,5,45,3,6,9,1,9,60,1.451613
1698,136,161,-1,-1,587,18,19,3,4,4.000000,10.000000,26,16,0,6,0,6,25,-1,-1,0.000000
1699,136,240,-1,-1,457,8,17,3,2,4.000000,4.000000,25,9,0,1,0,1,104,-1,-1,0.000000
1700,136,137,141,199,70,0,4,3,4,0.000000,2.000000,30,4,44,0,14,14,1,5,63,1.466667
1701,137,138,148,196,575,10,10,3,4,5.000000,7.000000,23,8,37,2,11,13,1,11,59,1.608696
1702,137,155,171,-1,537,4,19,3,2,1.000000,2.000000,30,8,62,2,17,19,18,34,-1,2.066667
1703,138,139,156,222,533,6,9,3,2,2.000000,2.000000,57,16,63,1,3,4,1,18,84,1.105263
1704,138,240,-1,-1,85,8,18,3,2,4.000000,4.000000,54,9,0,1,0,1,102,-1,-1,0.000000
1705,138,139,185,228,464,39,11,3,2,1.000000,1.000000,28,33,36,13,7,20,1,47,90,1.285714
1706,138,139,158,226,150,16,16,3,2,5.000000,5.000000,15,14,53,5,15,20,1,20,88,3.533333
1707,138,146,-1,-1,419,2,25,3,4,2.000000,9.000000,51,4,0,0,0,0,8,-1,-1,0.000000
1708,138,139,141,198,273,1,10,3,2,8.000000,8.000000,30,0,48,2,9,11,1,3,60,1.600000
1709,139,140,-1,-1,179,91,9,3,4,0.000000,5.000000,14,84,0,26,0,26,1,-1,-1,0.000000
1710,139,140,155,172,365,10,17,3,2,4.000000,5.000000,9,11,17,4,0,4,1,16,33,1.888889
1711,139,140,163,240,224,14,14,3,4,4.000000,12.000000,39,17,73,6,4,10,1,24,101,1.871795
1712,139,-1,-1,-1,-1,0,-1,-1,-1,-1.000000,-1.000000,43,0,0,0,0,0,-1,-1,-1,0.000000
1713,139,140,143,215,209,1,7,3,4,0.000000,18.000000,26,2,52,1,20,21,1,4,76,2.000000
1714,139,140,157,197,394,14,12,3,2,8.000000,8.000000,28,10,40,7,0,7,1,18,58,1.428571
1715,139,142,183,-1,590,27,15,3,4,6.000000,15.000000,38,25,56,14,11,25,3,44,-1,1.473684
1716,140,141,161,208,418,8,6,3,4,3.000000,7.000000,37,17,39,3,8,11,1,21,68,1.054054
1717,140,141,174,182,597,27,28,3,2,3.000000,6.000000,8,22,8,11,0,11,1,34,42,1.000000
1718,140,151,215,-1,222,18,13,3,4,7.000000,17.000000,32,15,26,8,9,17,11,75,-1,0.812500
1719,140,-1,-1,-1,-1,0,-1,-1,-1,-1.000000,-1.000000,17,0,0,0,0,0,-1,-1,-1,0.000000
1720,140,214,-1,-1,579,0,26,3,4,4.000000,10.000000,38,1,0,2,0,2,74,-1,-1,0.000000
1721,140,141,142,201,343,0,1,3,3,0.000000,1.000000,14,1,46,0,13,13,1,2,61,3.285714
1722,140,141,215,-1,218,58,6,3,4,0.000000,7.000000,20,46,29,26,6,32,1,75,-1,1.450000
1723,140,-1,-1,-1,-1,0,-1,-1,-1,-1.000000,-1.000000,7,0,0,0,0,0,-1,-1,-1,0.000000
1724,141,166,177,-1,269,4,16,3,4,2.000000,2.000000,57,6,67,0,6,6,25,36,-1,1.175439
1725,141,170,236,-1,152,10,19,3,2,0.000000,0.000000,24,22,13,5,1,6,29,95,-1,0.541667
1726,141,142,153,170,9,9,18,3,4,2.000000,11.000000,11,5,15,6,2,8,1,12,29,1.363636
1727,141,142,146,219,219,2,3,3,4,0.000000,0.000000,40,3,54,1,19,20,1,5,78,1.350000
1728,141,142,212,240,234,39,12,3,2,2.000000,4.000000,14,45,20,25,8,33,1,71,99,1.428571
1729,142,143,209,-1,219,50,1,3,3,0.000000,0.000000,28,41,29,25,12,37,1,67,-1,1.035714
1730,142,143,146,235,245,1,12,3,2,5.000000,6.000000,28,3,60,0,29,29,1,4,93,2.142857
1731,142,143,155,-1,418,5,4,3,3,0.000000,5.000000,37,10,82,2,13,15,1,13,-1,2.216216
1732,142,227,228,-1,446,1,17,3,2,5.000000,6.000000,29,1,16,0,6,6,85,86,-1,0.551724
1733,142,218,-1,-1,35,0,19,3,2,8.000000,8.000000,36,1,0,0,0,0,76,-1,-1,0.000000
1734,142,145,221,-1,199,68,10,3,4,6.000000,6.000000,48,50,28,26,1,27,3,79,-1,0.583333
1735,142,143,166,240,179,21,8,3,4,5.000000,5.000000,46,16,66,7,8,15,1,24,98,1.434783
1736,143,144,182,236,353,29,2,3,3,0.000000,0.000000,34,19,44,19,10,29,1,39,93,1.294118
1737,143,-1,-1,-1,-1,0,-1,-1,-1,-1.000000,-1.000000,41,0,0,0,0,0,-1,-1,-1,0.000000
1738,143,144,243,-1,597,84,26,3,2,2.000000,4.000000,25,69,6,30,1,31,1,100,-1,0.240000
1739,143,144,144,177,219,0,0,3,-1,-1.000000,-1.000000,26,0,32,0,1,1,1,1,34,1.230769
1740,143,144,159,219,15,14,18,3,4,5.000000,17.000000,41,12,55,3,5,8,1,16,76,1.341463
1741,143,144,165,229,98,10,37,3,2,10.000000,10.000000,45,10,57,10,7,17,1,22,86,1.266667
1742,143,-1,-1,-1,-1,0,-1,-1,-1,-1.000000,-1.000000,11,0,0,0,0,0,-1,-1,-1,0.000000
1743,144,-1,-1,-1,-1,0,-1,-1,-1,-1.000000,-1.000000,20,0,0,0,0,0,-1,-1,-1,0.000000
1744,144,151,179,192,450,19,10,3,4,8.000000,11.000000,10,13,10,15,3,18,7,35,48,1.000000
1745,144,145,171,197,593,19,14,3,2,2.000000,2.000000,14,21,22,5,4,9,1,27,53,1.571429
1746,144,145,-1,-1,212,77,18,3,4,5.000000,7.000000,49,63,0,42,0,42,1,-1,-1,0.000000
1747,144,152,244,-1,222,36,13,3,4,9.000000,20.000000,25,40,5,10,1,11,8,100,-1,0.200000
1748,145,-1,-1,-1,-1,0,-1,-1,-1,-1.000000,-1.000000,31,0,0,0,0,0,-1,-1,-1,0.000000
1749,145,146,148,177,315,1,14,3,2,10.000000,10.000000,15,1,27,1,2,3,1,3,32,1.800000
1750,145,146,-1,-1,314,92,14,3,2,10.000000,11.000000,9,57,0,47,0,47,1,-1,-1,0.000000
1751,145,146,174,224,427,24,19,3,4,2.000000,6.000000,34,22,46,6,4,10,1,29,79,1.352941
1752,145,146,174,220,167,19,17,3,4,5.000000,15.000000,9,9,29,19,17,36,1,29,75,3.222222
1753,146,240,-1,-1,131,5,12,3,3,2.000000,3.000000,36,8,0,1,0,1,94,-1,-1,0.000000
1754,146,147,156,240,179,8,10,3,4,2.000000,2.000000,39,8,69,1,15,16,1,10,94,1.769231
1755,146,147,151,204,490,3,2,3,3,1.000000,1.000000,34,4,44,0,9,9,1,5,58,1.294118
1756,146,-1,-1,-1,-1,0,-1,-1,-1,-1.000000,-1.000000,31,0,0,0,0,0,-1,-1,-1,0.000000
1757,146,147,156,242,333,4,1,3,3,2.000000,2.000000,36,7,76,2,10,12,1,10,96,2.111111
1758,146,147,173,230,375,15,12,3,2,1.000000,6.000000,36,16,54,10,3,13,1,27,84,1.500000
1759,146,169,198,-1,572,22,49,3,2,0.000000,0.000000,29,21,43,8,9,17,23,52,-1,1.482759
1760,146,147,173,199,98,16,23,3,2,0.000000,0.000000,18,24,22,2,4,6,1,27,53,1.222222
1761,146,147,170,-1,23,15,2,3,3,1.000000,2.000000,32,19,62,4,18,22,1,24,-1,1.937500
1762,147,148,198,236,233,44,1,3,3,0.000000,0.000000,33,35,37,14,1,15,1,51,89,1.121212
1763,147,148,162,209,21,10,15,3,2,0.000000,0.000000,22,13,44,1,3,4,1,15,62,2.000000
1764,147,148,185,244,315,29,11,3,4,9.000000,16.000000,34,24,52,13,7,20,1,38,97,1.529412
1765,147,199,202,-1,332,1,1,3,3,0.000000,1.000000,40,3,42,0,6,6,52,55,-1,1.050000
1766,147,210,-1,-1,399,7,30,3,2,2.000000,3.000000,52,8,0,2,0,2,63,-1,-1,0.000000
1767,147,148,248,-1,287,70,9,3,2,14.000000,14.000000,15,66,2,34,0,34,1,101,-1,0.133333
1768,147,148,240,-1,396,72,55,3,4,0.000000,0.000000,21,64,7,27,3,30,1,93,-1,0.333333
1769,147,148,183,-1,379,33,34,3,2,4.000000,4.000000,34,32,51,3,16,19,1,36,-1,1.500000
1770,148,-1,-1,-1,-1,0,-1,-1,-1,-1.000000,-1.000000,58,0,0,0,0,0,-1,-1,-1,0.000000
1771,148,149,192,-1,287,30,13,3,2,14.000000,14.000000,18,28,43,15,15,30,1,44,-1,2.388889
1772,148,170,201,-1,68,26,7,3,4,5.000000,5.000000,25,22,34,9,15,24,22,53,-1,1.360000
1773,148,149,-1,-1,233,71,3,3,4,0.000000,1.000000,32,60,0,38,0,38,1,-1,-1,0.000000
1774,148,151,156,204,273,5,5,3,4,0.000000,4.000000,30,5,48,0,0,0,3,8,56,1.600000
1775,148,149,153,198,316,2,7,3,3,5.000000,5.000000,23,3,35,1,10,11,1,5,50,1.521739
1776,149,150,177,-1,549,24,12,3,4,0.000000,7.000000,46,19,65,8,8,16,1,28,-1,1.413043
1777,149,150,219,-1,437,45,42,3,2,2.000000,7.000000,47,43,27,26,4,30,1,70,-1,0.574468
1778,149,150,169,221,252,17,31,3,2,3.000000,4.000000,28,15,38,4,14,18,1,20,72,1.357143
1779,150,151,179,232,166,19,9,3,4,7.000000,8.000000,35,25,49,3,4,7,1,29,82,1.400000
1780,150,151,155,206,181,4,2,3,3,1.000000,1.000000,17,4,35,0,16,16,1,5,56,2.058824
1781,150,151,160,-1,290,3,9,3,4,0.000000,6.000000,32,9,51,0,39,39,1,10,-1,1.593750
1782,150,151,166,222,141,9,7,3,4,0.000000,5.000000,23,10,47,5,9,14,1,16,72,2.043478
1783,150,151,196,-1,465,28,8,3,4,1.000000,10.000000,37,28,45,16,9,25,1,46,-1,1.216216
1784,151,155,211,-1,349,13,15,3,2,13.000000,13.000000,40,20,38,3,1,4,4,60,-1,0.950000
1785,151,152,167,205,116,10,5,3,4,0.000000,15.000000,24,11,32,4,6,10,1,16,54,1.333333
1786,151,-1,-1,-1,-1,0,-1,-1,-1,-1.000000,-1.000000,47,0,0,0,0,0,-1,-1,-1,0.000000
1787,151,152,153,192,287,1,11,3,2,4.000000,4.000000,19,0,31,1,8,9,1,2,41,1.631579
1788,151,175,-1,-1,14,19,30,3,2,10.000000,11.000000,13,13,0,10,0,10,24,-1,-1,0.000000
1789,151,152,-1,-1,368,46,4,3,4,0.000000,1.000000,36,62,0,36,0,36,1,-1,-1,0.000000
1790,152,153,197,-1,556,21,4,3,4,0.000000,7.000000,15,33,38,11,15,26,1,45,-1,2.533333
1791,152,153,157,224,78,4,13,3,2,4.000000,5.000000,34,3,46,1,21,22,1,5,72,1.352941
1792,152,-1,-1,-1,-1,0,-1,-1,-1,-1.000000,-1.000000,33,0,0,0,0,0,-1,-1,-1,0.000000
1793,152,153,195,-1,224,37,12,3,4,2.000000,10.000000,21,32,40,10,15,25,1,43,-1,1.904762
1794,152,153,176,-1,587,18,14,3,2,1.000000,1.000000,43,16,64,7,10,17,1,24,-1,1.488372
1795,152,166,241,-1,123,9,28,3,2,1.000000,4.000000,38,17,8,8,1,9,14,89,-1,0.210526
1796,152,-1,-1,-1,-1,0,-1,-1,-1,-1.000000,-1.000000,31,0,0,0,0,0,-1,-1,-1,0.000000
1797,152,227,-1,-1,459,21,5,3,4,0.000000,8.000000,54,15,0,7,0,7,75,-1,-1,0.000000
1798,152,218,-1,-1,381,0,26,3,4,4.000000,11.000000,25,1,0,0,0,0,66,-1,-1,0.000000
1799,152,153,155,208,287,1,11,3,2,3.000000,4.000000,22,0,32,2,21,23,1,3,56,1.454545
1800,152,-1,-1,-1,-1,0,-1,-1,-1,-1.000000,-1.000000,31,0,0,0,0,0,-1,-1,-1,0.000000
1801,153,154,203,-1,397,38,8,3,4,1.000000,7.000000,47,33,42,16,5,21,1,50,-1,0.893617
1802,153,-1,-1,-1,-1,0,-1,-1,-1,-1.000000,-1.000000,27,0,0,0,0,0,-1,-1,-1,0.000000
1803,153,154,226,-1,234,60,14,3,2,0.000000,6.000000,30,43,22,29,2,31,1,73,-1,0.733333
1804,153,154,204,-1,78,45,14,3,4,4.000000,12.000000,13,28,34,22,12,34,1,51,-1,2.615385
1805,153,154,182,212,190,11,5,3,3,0.000000,0.000000,15,23,21,3,9,12,1,29,59,1.400000
1806,153,156,-1,-1,44,41,6,3,4,6.000000,6.000000,38,38,0,25,0,25,3,-1,-1,0.000000
1807,153,154,186,236,224,30,11,3,4,1.000000,11.000000,34,23,46,9,4,13,1,33,83,1.352941
1808,153,-1,-1,-1,-1,0,-1,-1,-1,-1.000000,-1.000000,44,0,0,0,0,0,-1,-1,-1,0.000000
1809,154,157,198,-1,538,33,30,3,4,4.000000,13.000000,41,32,46,7,6,13,3,44,-1,1.121951
1810,154,157,175,-1,199,8,3,3,4,0.000000,0.000000,36,14,59,2,16,18,3,21,-1,1.638889
1811,154,155,166,249,287,6,11,3,2,2.000000,5.000000,29,5,71,6,12,18,1,12,95,2.448276
1812,155,156,187,228,60,27,16,3,2,5.000000,5.000000,28,15,36,16,5,21,1,32,73,1.285714
1813,155,156,-1,-1,199,90,1,3,3,0.000000,0.000000,40,66,0,28,0,28,1,-1,-1,0.000000
1814,155,156,194,240,315,29,15,3,2,0.000000,0.000000,24,28,28,10,18,28,1,39,85,1.166667
1815,155,156,214,-1,522,25,9,3,2,6.000000,6.000000,29,43,34,15,2,17,1,59,-1,1.172414
1816,155,156,164,241,364,4,8,3,4,0.000000,4.000000,39,7,61,1,16,17,1,9,86,1.564103
1817,155,199,-1,-1,503,4,3,3,4,0.000000,0.000000,38,14,0,1,0,1,44,-1,-1,0.000000
1818,155,156,158,230,316,1,5,3,3,13.000000,13.000000,30,2,68,0,4,4,1,3,75,2.266667
1819,156,157,171,190,365,7,22,3,2,1.000000,1.000000,9,10,11,4,8,12,1,15,34,1.222222
1820,156,157,160,236,393,3,9,3,3,0.000000,6.000000,23,3,61,0,15,15,1,4,80,2.652174
1821,156,157,211,229,110,54,15,3,4,4.000000,9.000000,12,36,16,18,2,20,1,55,73,1.333333
1822,156,157,163,248,36,4,34,3,2,2.000000,3.000000,49,6,75,0,10,10,1,7,92,1.530612
1823,157,-1,-1,-1,-1,0,-1,-1,-1,-1.000000,-1.000000,43,0,0,0,0,0,-1,-1,-1,0.000000
1824,157,163,199,-1,325,23,3,3,4,0.000000,0.000000,12,24,39,10,12,22,6,42,-1,3.250000
1825,157,158,193,-1,287,21,11,3,2,2.000000,4.000000,12,25,48,10,9,19,1,36,-1,4.000000
1826,157,175,-1,-1,16,17,28,3,2,1.000000,3.000000,29,12,0,9,0,9,18,-1,-1,0.000000
1827,157,158,168,236,473,2,10,3,2,4.000000,4.000000,26,9,62,1,6,7,1,11,79,2.384615
1828,157,158,158,236,249,0,0,3,-1,-1.000000,-1.000000,28,0,56,0,22,22,1,1,79,2.000000
1829,158,-1,-1,-1,-1,0,-1,-1,-1,-1.000000,-1.000000,24,0,0,0,0,0,-1,-1,-1,0.000000
1830,158,159,160,217,51,0,1,3,3,0.000000,0.000000,15,1,37,0,20,20,1,2,59,2.466667
1831,158,228,-1,-1,95,17,19,3,4,5.000000,17.000000,46,13,0,8,0,8,70,-1,-1,0.000000
1832,158,159,202,-1,244,38,9,3,4,6.000000,9.000000,10,25,30,18,18,36,1,44,-1,3.000000
1833,158,163,165,199,171,0,2,3,4,0.000000,0.000000,12,2,20,0,14,14,5,7,41,1.666667
1834,159,160,220,240,11,49,1,3,3,0.000000,2.000000,14,38,18,22,2,24,1,61,81,1.285714
1835,159,160,168,228,445,4,15,3,2,2.000000,4.000000,30,8,48,0,12,12,1,9,69,1.600000
1836,159,166,-1,-1,124,7,16,3,4,0.000000,14.000000,36,11,0,10,0,10,7,-1,-1,0.000000
1837,159,175,-1,-1,599,14,14,3,3,1.000000,2.000000,28,11,0,8,0,8,16,-1,-1,0.000000
1838,159,160,167,221,84,4,11,3,2,7.000000,7.000000,25,5,39,2,15,17,1,8,62,1.560000
1839,159,160,170,198,364,7,4,3,4,0.000000,3.000000,20,7,26,3,2,5,1,11,39,1.300000
1840,159,160,187,245,42,21,16,3,4,9.000000,14.000000,24,19,48,8,10,18,1,28,86,2.000000
1841,160,161,234,-1,59,60,11,3,2,4.000000,4.000000,15,56,13,17,3,20,1,74,-1,0.866667
1842,160,161,176,-1,279,13,18,3,2,2.000000,4.000000,49,11,70,4,4,8,1,16,-1,1.428571
1843,161,228,-1,-1,424,16,14,3,2,3.000000,3.000000,16,12,0,8,0,8,67,-1,-1,0.000000
1844,161,162,183,-1,364,9,3,3,4,4.000000,4.000000,42,19,61,2,6,8,1,22,-1,1.452381
1845,161,-1,-1,-1,-1,0,-1,-1,-1,-1.000000,-1.000000,54,0,0,0,0,0,-1,-1,-1,0.000000
1846,161,162,242,-1,43,47,13,3,4,6.000000,17.000000,28,40,8,40,0,40,1,81,-1,0.285714
1847,161,-1,-1,-1,-1,0,-1,-1,-1,-1.000000,-1.000000,20,0,0,0,0,0,-1,-1,-1,0.000000
1848,162,163,165,201,192,0,2,3,3,2.000000,3.000000,15,2,33,0,3,3,1,3,39,2.200000
1849,162,170,212,-1,303,35,28,3,2,2.000000,2.000000,56,28,37,14,1,15,8,50,-1,0.660714
1850,162,163,-1,-1,393,67,13,3,4,0.000000,11.000000,37,50,0,37,0,37,1,-1,-1,0.000000
1851,162,171,236,-1,537,29,22,3,2,10.000000,10.000000,33,20,14,17,0,17,9,74,-1,0.424242
1852,162,163,196,-1,222,24,7,3,4,3.000000,9.000000,42,16,51,17,3,20,1,34,-1,1.214286
1853,163,241,-1,-1,424,5,13,3,4,2.000000,6.000000,23,6,0,2,0,2,78,-1,-1,0.000000
1854,163,164,205,237,589,36,7,3,4,0.000000,16.000000,24,30,26,11,6,17,1,42,74,1.083333
1855,163,164,180,201,5,14,4,3,3,0.000000,0.000000,14,13,18,3,3,6,1,17,38,1.285714
1856,163,164,186,215,123,17,27,3,2,1.000000,3.000000,17,17,23,5,6,11,1,23,52,1.352941
1857,163,164,212,-1,124,31,11,3,4,0.000000,8.000000,52,27,35,21,3,24,1,49,-1,0.673077
1858,163,164,208,239,466,32,8,3,2,9.000000,9.000000,15,33,25,11,6,17,1,45,76,1.666667
1859,163,164,190,-1,292,17,14,3,2,9.000000,9.000000,23,19,49,7,11,18,1,27,-1,2.130435
1860,163,241,246,-1,101,5,18,3,2,2.000000,2.000000,45,5,4,0,0,0,78,83,-1,0.088889
1861,163,169,176,250,204,0,5,3,4,1.000000,10.000000,28,5,50,2,24,26,6,13,87,1.785714
1862,163,164,165,191,425,1,4,3,3,1.000000,10.000000,9,1,19,0,7,7,1,2,28,2.111111
1863,163,164,190,-1,84,24,17,3,2,6.000000,6.000000,24,17,51,9,9,18,1,27,-1,2.125000
1864,164,165,213,-1,175,26,14,3,2,2.000000,2.000000,25,30,31,18,6,24,1,49,-1,1.240000
1865,164,165,168,246,138,3,24,3,4,3.000000,7.000000,17,2,45,1,33,34,1,4,82,2.647059
1866,164,165,203,231,558,35,29,3,4,7.000000,16.000000,16,24,24,14,4,18,1,39,67,1.500000
1867,164,165,201,-1,39,35,33,3,4,4.000000,11.000000,21,26,34,10,15,25,1,37,-1,1.619048
1868,164,165,169,-1,527,1,5,3,4,4.000000,4.000000,40,3,65,1,16,17,1,5,-1,1.625000
1869,165,166,187,206,180,13,16,3,4,3.000000,10.000000,10,14,18,7,1,8,1,22,41,1.800000
1870,165,166,217,-1,43,32,13,3,4,9.000000,20.000000,45,33,31,18,2,20,1,52,-1,0.688889
1871,165,166,184,206,422,6,11,3,2,11.000000,11.000000,14,15,18,3,4,7,1,19,41,1.285714
1872,165,170,-1,-1,138,40,30,3,2,8.000000,9.000000,52,27,0,15,0,15,5,-1,-1,0.000000
1873,165,166,180,228,176,8,8,3,4,9.000000,18.000000,15,12,37,2,11,13,1,15,63,2.466667
1874,165,-1,-1,-1,-1,0,-1,-1,-1,-1.000000,-1.000000,45,0,0,0,0,0,-1,-1,-1,0.000000
1875,165,166,178,211,437,3,12,3,2,10.000000,10.000000,20,12,28,0,5,5,1,13,46,1.400000
1876,165,166,183,192,34,15,19,3,2,1.000000,1.000000,8,10,8,7,1,8,1,18,27,1.000000
1877,166,-1,-1,-1,-1,0,-1,-1,-1,-1.000000,-1.000000,52,0,0,0,0,0,-1,-1,-1,0.000000
1878,166,167,180,-1,302,6,7,3,4,14.000000,18.000000,29,10,54,3,16,19,1,14,-1,1.862069
1879,166,167,200,-1,329,27,9,3,4,0.000000,8.000000,24,30,38,3,12,15,1,34,-1,1.583333
1880,166,167,204,-1,53,31,8,3,4,0.000000,6.000000,42,29,37,8,9,17,1,38,-1,0.880952
1881,166,167,169,-1,535,2,2,3,4,0.000000,0.000000,31,1,59,1,22,23,1,3,-1,1.903226
1882,166,167,186,-1,453,13,6,3,4,5.000000,14.000000,25,14,39,5,25,30,1,20,-1,1.560000
1883,166,167,227,-1,320,38,13,3,4,5.000000,13.000000,33,37,17,23,6,29,1,61,-1,0.515152
1884,166,167,182,250,234,5,10,3,2,10.000000,10.000000,39,13,57,2,11,13,1,16,84,1.461538
1885,167,168,226,-1,394,48,3,3,4,2.000000,2.000000,31,41,18,17,6,23,1,59,-1,0.580645
1886,167,168,244,-1,196,38,16,3,4,1.000000,11.000000,28,51,5,25,1,26,1,77,-1,0.178571
1887,167,168,182,236,572,4,17,3,4,2.000000,6.000000,28,11,40,3,14,17,1,15,69,1.428571
1888,167,168,181,241,187,10,13,3,4,4.000000,10.000000,16,10,46,3,14,17,1,14,74,2.875000
1889,167,-1,-1,-1,-1,0,-1,-1,-1,-1.000000,-1.000000,25,0,0,0,0,0,-1,-1,-1,0.000000
1890,167,201,207,-1,132,2,5,3,4,1.000000,6.000000,50,5,43,1,0,1,34,40,-1,0.860000
1891,167,168,185,-1,306,10,21,3,2,2.000000,2.000000,50,15,60,2,5,7,1,18,-1,1.200000
1892,167,168,186,241,487,8,12,3,4,8.000000,9.000000,23,13,47,5,8,13,1,19,74,2.043478
1893,168,169,171,224,354,2,20,3,2,1.000000,1.000000,35,2,49,0,4,4,1,3,56,1.400000
1894,168,169,-1,-1,582,68,14,3,2,5.000000,7.000000,20,47,0,34,0,34,1,-1,-1,0.000000
1895,168,169,210,-1,15,21,21,3,4,4.000000,14.000000,36,28,32,13,8,21,1,42,-1,0.888889
1896,169,171,183,201,257,5,12,3,4,3.000000,28.000000,14,8,18,1,0,1,2,14,32,1.285714
1897,169,170,210,250,341,30,17,3,4,7.000000,15.000000,35,22,39,18,1,19,1,41,81,1.114286
1898,169,170,202,-1,590,31,8,3,2,6.000000,6.000000,34,21,46,11,2,13,1,33,-1,1.352941
1899,170,171,206,-1,187,31,12,3,2,4.000000,4.000000,16,19,28,16,16,32,1,36,-1,1.750000
1900,170,171,176,249,334,0,4,3,4,0.000000,2.000000,48,4,70,1,3,4,1,6,79,1.458333
1901,170,171,174,241,129,3,2,3,4,0.000000,1.000000,47,2,57,1,10,11,1,4,71,1.212766
1902,170,-1,-1,-1,-1,0,-1,-1,-1,-1.000000,-1.000000,46,0,0,0,0,0,-1,-1,-1,0.000000
1903,170,171,194,-1,207,13,2,3,3,0.000000,0.000000,35,18,40,5,16,21,1,24,-1,1.142857
1904,170,173,-1,-1,84,5,20,3,4,6.000000,6.000000,28,11,0,5,0,5,3,-1,-1,0.000000
1905,170,-1,-1,-1,-1,0,-1,-1,-1,-1.000000,-1.000000,13,0,0,0,0,0,-1,-1,-1,0.000000
1906,171,172,213,-1,303,41,21,3,2,1.000000,4.000000,15,27,21,14,16,30,1,42,-1,1.400000
1907,171,172,181,-1,93,3,54,3,3,1.000000,1.000000,35,9,62,0,7,7,1,10,-1,1.771429
1908,171,172,241,-1,107,39,9,3,4,3.000000,6.000000,16,44,4,16,5,21,1,70,-1,0.250000
1909,171,172,175,240,404,1,5,3,4,5.000000,16.000000,20,3,50,0,15,15,1,4,69,2.500000
1910,171,172,198,215,529,17,13,3,2,0.000000,8.000000,14,14,16,12,1,13,1,27,44,1.142857
1911,172,173,206,-1,320,30,14,3,4,4.000000,13.000000,29,23,38,10,6,16,1,34,-1,1.310345
1912,172,173,188,-1,452,5,49,3,2,0.000000,0.000000,35,7,42,8,20,28,1,16,-1,1.200000
1913,172,173,205,243,196,27,14,3,2,4.000000,4.000000,22,24,36,8,2,10,1,33,71,1.636364
1914,172,173,194,-1,347,20,6,3,4,0.000000,8.000000,36,11,36,10,20,30,1,22,-1,1.000000
1915,172,173,209,-1,162,34,12,3,4,3.000000,3.000000,17,21,29,15,12,27,1,37,-1,1.705882
1916,173,174,196,-1,298,8,14,3,2,5.000000,5.000000,25,18,38,4,16,20,1,23,-1,1.520000
1917,173,174,225,-1,92,33,17,3,2,16.000000,16.000000,19,35,17,16,8,24,1,52,-1,0.894737
1918,173,174,217,-1,251,35,13,3,2,2.000000,2.000000,45,31,32,12,1,13,1,44,-1,0.711111
1919,173,174,176,220,466,1,4,3,4,5.000000,6.000000,25,2,39,0,5,5,1,3,47,1.560000
1920,173,174,203,-1,237,16,13,3,2,11.000000,11.000000,35,22,42,7,5,12,1,30,-1,1.200000
1921,174,-1,-1,-1,-1,0,-1,-1,-1,-1.000000,-1.000000,61,0,0,0,0,0,-1,-1,-1,0.000000
1922,174,175,-1,-1,489,11,31,3,2,2.000000,2.000000,25,10,0,7,0,7,1,-1,-1,0.000000
1923,174,175,184,238,53,7,3,3,4,0.000000,0.000000,43,6,49,3,5,8,1,10,64,1.139535
1924,174,175,179,-1,375,4,18,3,2,2.000000,2.000000,29,3,61,1,10,11,1,5,-1,2.103448
1925,174,175,238,-1,482,27,14,3,2,4.000000,4.000000,33,48,10,15,2,17,1,64,-1,0.303030
1926,174,-1,-1,-1,-1,0,-1,-1,-1,-1.000000,-1.000000,43,0,0,0,0,0,-1,-1,-1,0.000000
1927,175,176,203,-1,466,24,2,3,3,0.000000,4.000000,30,20,38,7,9,16,1,28,-1,1.266667
1928,175,176,191,244,463,9,11,3,4,5.000000,13.000000,23,6,45,9,8,17,1,16,69,1.956522
1929,175,176,178,246,151,1,6,3,4,0.000000,14.000000,27,2,55,0,13,13,1,3,71,2.037037
1930,175,176,191,228,267,8,9,3,4,3.000000,3.000000,28,10,32,5,5,10,1,16,53,1.142857
1931,175,176,190,219,558,7,13,3,4,4.000000,8.000000,21,8,23,6,6,12,1,15,44,1.095238
1932,175,-1,-1,-1,-1,0,-1,-1,-1,-1.000000,-1.000000,13,0,0,0,0,0,-1,-1,-1,0.000000
1933,175,176,-1,-1,20,43,16,3,4,3.000000,9.000000,28,46,0,28,0,28,1,-1,-1,0.000000
1934,176,-1,-1,-1,-1,0,-1,-1,-1,-1.000000,-1.000000,46,0,0,0,0,0,-1,-1,-1,0.000000
1935,176,177,197,223,151,11,3,3,4,9.000000,9.000000,19,12,19,8,7,15,1,21,47,1.000000
1936,176,-1,-1,-1,-1,0,-1,-1,-1,-1.000000,-1.000000,57,0,0,0,0,0,-1,-1,-1,0.000000
1937,176,177,186,246,167,4,6,3,4,0.000000,13.000000,40,4,48,5,12,17,1,10,70,1.200000
1938,176,-1,-1,-1,-1,0,-1,-1,-1,-1.000000,-1.000000,24,0,0,0,0,0,-1,-1,-1,0.000000
1939,176,177,250,-1,585,46,20,3,2,8.000000,8.000000,11,44,0,29,0,29,1,74,-1,0.000000
1940,176,177,191,235,287,9,11,3,4,10.000000,11.000000,32,11,40,3,4,7,1,15,59,1.250000
1941,176,177,223,-1,507,32,4,3,4,0.000000,2.000000,25,37,19,9,8,17,1,47,-1,0.760000
1942,176,177,190,-1,283,6,9,3,2,14.000000,14.000000,22,10,49,3,11,14,1,14,-1,2.227273
1943,177,178,-1,-1,387,51,9,3,2,4.000000,4.000000,20,44,0,28,0,28,1,-1,-1,0.000000
1944,177,178,180,220,320,2,10,3,2,6.000000,6.000000,18,1,36,1,4,5,1,3,43,2.000000
1945,177,178,203,-1,585,16,20,3,2,9.000000,9.000000,17,13,33,9,14,23,1,26,-1,1.941176
1946,177,178,212,224,597,14,22,3,2,1.000000,1.000000,9,26,11,8,1,9,1,35,47,1.222222
1947,177,210,214,-1,72,3,14,3,2,13.000000,13.000000,17,2,22,2,14,16,33,37,-1,1.294118
1948,177,210,-1,-1,35,7,22,3,2,1.000000,1.000000,25,9,0,1,0,1,33,-1,-1,0.000000
1949,178,179,215,-1,326,23,2,3,2,0.000000,0.000000,42,30,25,6,10,16,1,37,-1,0.595238
1950,178,179,202,-1,320,15,11,3,2,6.000000,6.000000,21,18,38,5,10,15,1,24,-1,1.809524
1951,178,179,-1,-1,167,54,5,3,4,0.000000,7.000000,28,45,0,24,0,24,1,-1,-1,0.000000
1952,178,179,205,-1,157,12,5,3,4,0.000000,5.000000,42,23,45,2,0,2,1,27,-1,1.071429
1953,178,179,-1,-1,585,39,21,3,2,1.000000,2.000000,30,44,0,22,0,22,1,-1,-1,0.000000
1954,178,185,193,237,278,8,11,3,2,3.000000,3.000000,15,5,39,3,5,8,7,15,59,2.600000
1955,178,200,228,-1,411,15,22,3,2,3.000000,3.000000,38,18,16,8,6,14,22,50,-1,0.421053
1956,178,179,185,-1,81,0,12,3,4,2.000000,16.000000,29,5,48,0,17,17,1,7,-1,1.655172
1957,178,179,223,-1,561,43,11,3,4,0.000000,17.000000,41,34,27,10,0,10,1,45,-1,0.658537
1958,179,180,230,-1,561,43,12,3,4,13.000000,25.000000,41,38,19,12,1,13,1,51,-1,0.463415
1959,179,-1,-1,-1,-1,0,-1,-1,-1,-1.000000,-1.000000,40,0,0,0,0,0,-1,-1,-1,0.000000
1960,179,180,191,238,59,10,5,3,4,1.000000,9.000000,22,6,34,5,13,18,1,12,59,1.545455
1961,179,180,220,234,542,28,11,3,2,4.000000,4.000000,11,30,11,10,3,13,1,41,55,1.000000
1962,179,180,-1,-1,557,49,12,3,4,0.000000,12.000000,21,47,0,20,0,20,1,-1,-1,0.000000
1963,180,181,250,-1,278,33,11,3,4,9.000000,22.000000,37,40,0,25,0,25,1,70,-1,0.000000
1964,180,181,232,-1,409,24,11,3,4,6.000000,14.000000,42,32,18,19,0,19,1,52,-1,0.428571
1965,180,181,-1,-1,288,63,10,3,4,7.000000,20.000000,12,42,0,27,0,27,1,-1,-1,0.000000
1966,180,-1,-1,-1,-1,0,-1,-1,-1,-1.000000,-1.000000,45,0,0,0,0,0,-1,-1,-1,0.000000
1967,180,181,217,249,558,32,18,3,2,2.000000,4.000000,27,26,31,10,1,11,1,37,69,1.148148
1968,180,181,183,245,585,1,13,3,2,2.000000,2.000000,45,0,57,2,5,7,1,3,65,1.266667
1969,180,181,207,-1,220,22,7,3,4,1.000000,3.000000,25,23,37,3,6,9,1,27,-1,1.480000
1970,181,182,199,238,217,14,9,3,2,20.000000,20.000000,31,13,37,4,2,6,1,18,57,1.193548
1971,181,182,191,217,557,7,7,3,4,0.000000,7.000000,14,6,20,3,6,9,1,10,36,1.428571
1972,181,182,-1,-1,358,47,23,3,4,1.000000,7.000000,15,48,0,20,0,20,1,-1,-1,0.000000
1973,181,182,189,-1,310,1,9,3,2,11.000000,11.000000,36,6,52,1,9,10,1,8,-1,1.444444
1974,181,182,230,-1,582,35,9,3,2,5.000000,5.000000,25,31,19,17,1,18,1,49,-1,0.760000
1975,181,-1,-1,-1,-1,0,-1,-1,-1,-1.000000,-1.000000,51,0,0,0,0,0,-1,-1,-1,0.000000
1976,181,182,198,-1,81,5,4,3,4,0.000000,4.000000,25,10,40,6,12,18,1,17,-1,1.600000
1977,182,183,240,-1,180,41,7,3,4,0.000000,10.000000,18,46,9,11,1,12,1,58,-1,0.500000
1978,182,183,200,-1,263,16,21,3,2,2.000000,2.000000,28,16,39,1,11,12,1,18,-1,1.392857
1979,182,-1,-1,-1,-1,0,-1,-1,-1,-1.000000,-1.000000,39,0,0,0,0,0,-1,-1,-1,0.000000
1980,182,183,190,222,196,3,14,3,4,5.000000,11.000000,23,6,27,1,5,6,1,8,40,1.173913
1981,183,210,223,248,301,7,13,3,2,5.000000,5.000000,18,7,22,6,3,9,27,40,65,1.222222
1982,183,184,197,-1,480,9,14,3,4,3.000000,13.000000,23,10,44,3,9,12,1,14,-1,1.913043
1983,183,184,194,-1,582,4,9,3,2,5.000000,5.000000,36,8,50,2,6,8,1,11,-1,1.388889
1984,183,-1,-1,-1,-1,0,-1,-1,-1,-1.000000,-1.000000,27,0,0,0,0,0,-1,-1,-1,0.000000
1985,183,184,203,238,409,11,12,3,2,6.000000,6.000000,13,13,25,6,10,16,1,20,55,1.923077
1986,184,185,198,-1,350,13,3,3,4,0.000000,8.000000,22,9,48,4,4,8,1,14,-1,2.181818
1987,184,185,243,-1,494,39,23,3,2,2.000000,2.000000,9,35,6,20,1,21,1,59,-1,0.666667
1988,184,185,217,-1,79,31,18,3,2,1.000000,4.000000,24,25,25,7,8,15,1,33,-1,1.041667
1989,184,211,224,-1,341,7,13,3,4,6.000000,21.000000,18,7,23,6,3,9,27,40,-1,1.277778
1990,185,186,188,241,350,0,2,3,3,0.000000,1.000000,38,2,42,0,11,11,1,3,56,1.105263
1991,185,186,215,-1,57,25,13,3,2,9.000000,9.000000,33,24,21,5,14,19,1,30,-1,0.636364
1992,185,186,189,215,36,0,3,3,4,0.000000,5.000000,24,3,26,0,0,0,1,4,30,1.083333
1993,185,186,202,-1,153,11,10,3,2,11.000000,11.000000,40,12,44,3,4,7,1,17,-1,1.100000
1994,185,-1,-1,-1,-1,0,-1,-1,-1,-1.000000,-1.000000,18,0,0,0,0,0,-1,-1,-1,0.000000
1995,186,187,232,-1,22,34,41,3,2,2.000000,5.000000,44,27,16,17,2,19,1,46,-1,0.363636
1996,186,-1,-1,-1,-1,0,-1,-1,-1,-1.000000,-1.000000,29,0,0,0,0,0,-1,-1,-1,0.000000
1997,186,187,-1,-1,241,60,8,3,2,7.000000,8.000000,31,37,0,26,0,26,1,-1,-1,0.000000
1998,186,187,-1,-1,20,41,20,3,2,3.000000,3.000000,48,43,0,14,0,14,1,-1,-1,0.000000
1999,186,187,213,-1,46,24,22,3,2,3.000000,3.000000,34,18,35,8,2,10,1,27,-1,1.029412
2000,187,188,215,-1,277,23,12,3,2,5.000000,6.000000,27,22,31,5,4,9,1,28,-1,1.148148
2001,187,-1,-1,-1,-1,0,-1,-1,-1,-1.000000,-1.000000,43,0,0,0,0,0,-1,-1,-1,0.000000
2002,187,-1,-1,-1,-1,0,-1,-1,-1,-1.000000,-1.000000,54,0,0,0,0,0,-1,-1,-1,0.000000
2003,187,188,242,-1,153,20,13,3,2,5.000000,5.000000,33,31,5,15,3,18,1,55,-1,0.151515
2004,187,188,-1,-1,79,54,10,3,4,11.000000,17.000000,30,31,0,31,0,31,1,-1,-1,0.000000
2005,187,188,203,238,375,14,12,3,2,2.000000,2.000000,19,13,35,2,0,2,1,16,51,1.842105
2006,188,189,-1,-1,104,51,13,3,4,4.000000,15.000000,29,41,0,20,0,20,1,-1,-1,0.000000
2007,188,189,196,236,471,4,28,3,2,3.000000,5.000000,15,6,29,1,11,12,1,8,48,1.933333
2008,188,190,-1,-1,309,48,12,3,2,5.000000,5.000000,24,26,0,27,0,27,2,-1,-1,0.000000
2009,188,189,205,-1,375,13,11,3,4,3.000000,7.000000,35,12,41,4,4,8,1,17,-1,1.171429
2010,188,190,-1,-1,471,44,20,3,2,2.000000,3.000000,40,34,0,14,0,14,2,-1,-1,0.000000
2011,189,190,219,-1,62,21,24,3,2,1.000000,4.000000,47,20,24,9,7,16,1,30,-1,0.510638
2012,189,190,208,-1,34,5,10,3,2,17.000000,17.000000,28,17,39,1,3,4,1,19,-1,1.392857
2013,189,190,227,-1,292,13,1,3,3,0.000000,1.000000,29,29,14,8,9,17,1,38,-1,0.482759
2014,189,211,-1,-1,117,19,13,3,2,6.000000,6.000000,45,24,0,10,0,10,22,-1,-1,0.000000
2015,189,190,-1,-1,79,52,10,3,4,8.000000,13.000000,10,34,0,26,0,26,1,-1,-1,0.000000
2016,189,-1,-1,-1,-1,0,-1,-1,-1,-1.000000,-1.000000,43,0,0,0,0,0,-1,-1,-1,0.000000
2017,189,190,191,-1,283,1,10,3,4,7.000000,13.000000,27,1,57,0,2,2,1,2,-1,2.111111
2018,190,191,236,-1,265,30,21,3,2,1.000000,2.000000,22,33,12,12,2,14,1,46,-1,0.545455
2019,190,191,200,-1,442,8,11,3,4,2.000000,6.000000,24,4,45,5,5,10,1,10,-1,1.875000
2020,190,191,191,-1,151,0,0,3,-1,-1.000000,-1.000000,46,0,58,0,1,1,1,1,-1,1.260870
2021,190,191,-1,-1,283,49,11,3,2,7.000000,7.000000,25,40,0,17,0,17,1,-1,-1,0.000000
2022,191,192,-1,-1,172,43,19,3,2,1.000000,1.000000,10,42,0,16,0,16,1,-1,-1,0.000000
2023,191,192,235,-1,341,32,16,3,4,3.000000,5.000000,17,28,12,15,3,18,1,44,-1,0.705882
2024,191,192,216,-1,440,21,10,3,4,3.000000,13.000000,26,13,28,11,6,17,1,25,-1,1.076923
2025,191,192,192,216,39,0,0,3,-1,-1.000000,-1.000000,14,0,20,0,4,4,1,1,25,1.428571
2026,191,192,195,-1,561,2,11,3,4,2.000000,4.000000,42,3,48,0,7,7,1,4,-1,1.142857
2027,191,192,197,-1,278,2,6,3,4,0.000000,6.000000,35,5,40,0,13,13,1,6,-1,1.142857
2028,192,193,200,-1,502,5,13,3,2,0.000000,5.000000,26,5,39,2,11,13,1,8,-1,1.500000
2029,192,193,-1,-1,54,15,4,3,3,0.000000,7.000000,29,28,0,14,0,14,1,-1,-1,0.000000
2030,192,193,232,-1,365,31,22,3,2,1.000000,2.000000,49,27,18,12,0,12,1,40,-1,0.367347
2031,192,193,194,248,34,1,14,3,2,4.000000,5.000000,10,1,40,0,14,14,1,2,56,4.000000
2032,192,-1,-1,-1,-1,0,-1,-1,-1,-1.000000,-1.000000,51,0,0,0,0,0,-1,-1,-1,0.000000
2033,193,211,211,-1,146,0,0,3,-1,-1.000000,-1.000000,48,0,38,0,1,1,18,18,-1,0.791667
2034,193,194,196,222,537,2,10,3,2,2.000000,2.000000,15,2,21,0,5,5,1,3,29,1.400000
2035,193,-1,-1,-1,-1,0,-1,-1,-1,-1.000000,-1.000000,30,0,0,0,0,0,-1,-1,-1,0.000000
2036,193,194,204,-1,558,3,23,3,4,5.000000,10.000000,42,4,44,6,2,8,1,11,-1,1.047619
2037,193,197,205,237,158,3,9,3,2,5.000000,5.000000,15,8,27,0,5,5,4,12,44,1.800000
2038,193,194,237,-1,371,24,14,3,2,4.000000,4.000000,21,29,10,14,3,17,1,44,-1,0.476190
2039,194,195,232,-1,540,29,4,3,4,0.000000,0.000000,24,29,16,8,2,10,1,38,-1,0.666667
2040,194,195,214,-1,475,18,3,3,4,0.000000,0.000000,20,14,26,5,10,15,1,20,-1,1.300000
2041,195,196,214,-1,517,11,9,3,4,7.000000,8.000000,25,16,27,2,9,11,1,19,-1,1.080000
2042,195,196,-1,-1,558,47,31,3,4,5.000000,10.000000,15,41,0,12,0,12,1,-1,-1,0.000000
2043,195,196,230,-1,540,26,3,3,4,0.000000,0.000000,38,20,19,14,1,15,1,35,-1,0.500000
2044,195,196,-1,-1,379,34,42,3,2,1.000000,4.000000,53,39,0,13,0,13,1,-1,-1,0.000000
2045,195,196,201,-1,403,4,14,3,2,1.000000,1.000000,32,4,37,1,12,13,1,6,-1,1.156250
2046,196,210,-1,-1,108,8,26,3,2,2.000000,2.000000,10,7,0,2,0,2,14,-1,-1,0.000000
2047,196,197,197,-1,38,0,0,3,-1,-1.000000,-1.000000,36,0,52,0,1,1,1,1,-1,1.444444
2048,196,-1,-1,-1,-1,0,-1,-1,-1,-1.000000,-1.000000,27,0,0,0,0,0,-1,-1,-1,0.000000
2049,196,-1,-1,-1,-1,0,-1,-1,-1,-1.000000,-1.000000,36,0,0,0,0,0,-1,-1,-1,0.000000
2050,196,197,-1,-1,272,44,3,3,4,0.000000,5.000000,24,39,0,14,0,14,1,-1,-1,0.000000
2051,196,197,-1,-1,543,48,7,3,4,0.000000,2.000000,44,45,0,8,0,8,1,-1,-1,0.000000
2052,196,-1,-1,-1,-1,0,-1,-1,-1,-1.000000,-1.000000,20,0,0,0,0,0,-1,-1,-1,0.000000
2053,197,-1,-1,-1,-1,0,-1,-1,-1,-1.000000,-1.000000,51,0,0,0,0,0,-1,-1,-1,0.000000
2054,197,198,236,-1,243,33,2,3,4,0.000000,1.000000,21,26,12,12,2,14,1,39,-1,0.571429
2055,197,198,244,-1,416,34,9,3,4,5.000000,8.000000,29,28,4,18,2,20,1,47,-1,0.137931
2056,197,198,211,-1,55,12,23,3,2,1.000000,1.000000,45,7,35,6,4,10,1,14,-1,0.777778
2057,197,198,199,-1,241,0,1,3,3,0.000000,0.000000,24,1,28,0,23,23,1,2,-1,1.166667
2058,197,-1,-1,-1,-1,0,-1,-1,-1,-1.000000,-1.000000,52,0,0,0,0,0,-1,-1,-1,0.000000
2059,197,198,-1,-1,441,38,13,3,4,5.000000,12.000000,20,32,0,20,0,20,1,-1,-1,0.000000
2060,198,204,-1,-1,72,45,12,3,2,9.000000,9.000000,35,32,0,14,0,14,6,-1,-1,0.000000
2061,198,-1,-1,-1,-1,0,-1,-1,-1,-1.000000,-1.000000,28,0,0,0,0,0,-1,-1,-1,0.000000
2062,198,199,207,227,371,4,7,3,4,7.000000,16.000000,17,6,17,2,3,5,1,9,29,1.000000
2063,198,199,199,-1,540,0,0,3,-1,-1.000000,-1.000000,47,0,48,0,3,3,1,1,-1,1.021277
2064,198,204,-1,-1,169,45,3,3,4,1.000000,1.000000,15,31,0,15,0,15,6,-1,-1,0.000000
2065,198,199,230,-1,470,22,3,3,4,0.000000,7.000000,38,22,16,9,4,13,1,32,-1,0.421053
2066,198,199,202,-1,41,1,4,3,3,0.000000,8.000000,35,3,35,0,13,13,1,4,-1,1.000000
2067,198,-1,-1,-1,-1,0,-1,-1,-1,-1.000000,-1.000000,43,0,0,0,0,0,-1,-1,-1,0.000000
2068,198,199,205,-1,488,2,13,3,2,3.000000,4.000000,28,5,38,1,7,8,1,7,-1,1.357143
2069,199,200,218,-1,172,15,20,3,4,4.000000,10.000000,30,15,26,3,6,9,1,19,-1,0.866667
2070,199,204,-1,-1,555,45,6,3,4,0.000000,6.000000,26,27,0,19,0,19,5,-1,-1,0.000000
2071,199,200,-1,-1,414,38,12,3,2,1.000000,1.000000,46,36,0,13,0,13,1,-1,-1,0.000000
2072,199,200,-1,-1,314,9,19,3,4,1.000000,7.000000,49,5,0,5,0,5,1,-1,-1,0.000000
2073,199,200,212,-1,106,10,17,3,4,1.000000,9.000000,22,7,29,5,9,14,1,13,-1,1.318182
2074,199,-1,-1,-1,-1,0,-1,-1,-1,-1.000000,-1.000000,45,0,0,0,0,0,-1,-1,-1,0.000000
2075,199,-1,-1,-1,-1,0,-1,-1,-1,-1.000000,-1.000000,48,0,0,0,0,0,-1,-1,-1,0.000000
2076,200,-1,-1,-1,-1,0,-1,-1,-1,-1.000000,-1.000000,55,0,0,0,0,0,-1,-1,-1,0.000000
2077,200,-1,-1,-1,-1,0,-1,-1,-1,-1.000000,-1.000000,30,0,0,0,0,0,-1,-1,-1,0.000000
2078,200,201,218,-1,463,11,12,3,4,5.000000,10.000000,30,9,29,8,3,11,1,18,-1,0.966667
2079,200,201,217,-1,403,11,9,3,4,0.000000,2.000000,39,12,30,4,3,7,1,17,-1,0.769231
2080,200,201,240,-1,471,31,45,3,4,3.000000,6.000000,14,25,9,11,1,12,1,40,-1,0.642857
2081,200,204,-1,-1,441,45,24,3,4,2.000000,10.000000,19,30,0,16,0,16,4,-1,-1,0.000000
2082,200,201,247,-1,505,29,23,3,4,1.000000,11.000000,21,30,2,16,1,17,1,47,-1,0.095238
2083,200,201,242,-1,441,30,14,3,4,2.000000,10.000000,8,31,4,10,4,14,1,42,-1,0.500000
2084,200,201,211,235,71,6,4,3,4,1.000000,6.000000,14,6,22,4,2,6,1,11,35,1.571429
2085,200,201,234,-1,277,16,12,3,4,4.000000,10.000000,36,19,11,14,5,19,1,34,-1,0.305556
2086,201,211,213,-1,460,1,11,3,4,20.000000,27.000000,19,1,28,1,9,10,10,12,-1,1.473684
2087,201,202,204,-1,384,1,3,3,4,5.000000,7.000000,24,2,38,0,8,8,1,3,-1,1.583333
2088,201,202,218,-1,558,12,34,3,4,2.000000,11.000000,20,13,21,3,11,14,1,17,-1,1.050000
2089,201,-1,-1,-1,-1,0,-1,-1,-1,-1.000000,-1.000000,36,0,0,0,0,0,-1,-1,-1,0.000000
2090,201,202,220,-1,277,9,12,3,4,4.000000,9.000000,37,6,26,11,4,15,1,19,-1,0.702703
2091,201,202,248,-1,402,35,25,3,4,3.000000,8.000000,24,36,2,10,0,10,1,47,-1,0.083333
2092,201,202,214,244,270,7,6,3,4,0.000000,6.000000,26,11,26,1,4,5,1,13,43,1.000000
2093,201,202,-1,-1,502,41,12,3,4,7.000000,16.000000,28,33,0,15,0,15,1,-1,-1,0.000000
2094,202,203,231,-1,493,24,7,3,4,0.000000,8.000000,18,19,16,9,3,12,1,29,-1,0.888889
2095,202,237,246,-1,211,1,8,3,4,0.000000,10.000000,25,3,4,0,0,0,35,44,-1,0.160000
2096,202,203,250,-1,104,43,18,3,2,5.000000,6.000000,40,34,0,13,0,13,1,48,-1,0.000000
2097,202,203,206,239,356,3,9,3,4,15.000000,15.000000,18,2,30,1,3,4,1,4,37,1.666667
2098,202,203,250,-1,142,34,49,3,4,6.000000,8.000000,22,32,0,11,0,11,1,48,-1,0.000000
2099,202,-1,-1,-1,-1,0,-1,-1,-1,-1.000000,-1.000000,26,0,0,0,0,0,-1,-1,-1,0.000000
2100,202,203,238,-1,251,24,59,3,3,0.000000,0.000000,39,24,12,9,0,9,1,36,-1,0.307692
2101,202,203,-1,-1,67,45,6,3,4,1.000000,8.000000,17,36,0,11,0,11,1,-1,-1,0.000000
2102,203,204,210,-1,71,5,4,3,4,0.000000,4.000000,26,5,31,1,9,10,1,7,-1,1.192308
2103,203,-1,-1,-1,-1,0,-1,-1,-1,-1.000000,-1.000000,30,0,0,0,0,0,-1,-1,-1,0.000000
2104,203,-1,-1,-1,-1,0,-1,-1,-1,-1.000000,-1.000000,37,0,0,0,0,0,-1,-1,-1,0.000000
2105,203,204,204,249,23,0,0,3,-1,-1.000000,-1.000000,13,0,33,0,12,12,1,1,46,2.538462
2106,203,204,-1,-1,111,36,16,3,2,7.000000,7.000000,36,37,0,9,0,9,1,-1,-1,0.000000
2107,203,204,211,-1,537,2,1,3,3,0.000000,1.000000,23,5,29,2,10,12,1,8,-1,1.260870
2108,203,204,228,-1,52,23,7,3,4,1.000000,1.000000,50,17,16,7,6,13,1,25,-1,0.320000
2109,204,205,215,-1,24,5,17,3,4,3.000000,10.000000,17,10,24,0,11,11,1,11,-1,1.411765
2110,204,-1,-1,-1,-1,0,-1,-1,-1,-1.000000,-1.000000,42,0,0,0,0,0,-1,-1,-1,0.000000
2111,204,205,209,-1,330,4,3,3,4,0.000000,7.000000,30,3,38,1,3,4,1,5,-1,1.266667
2112,204,205,245,-1,125,34,30,3,2,2.000000,2.000000,30,32,4,8,1,9,1,41,-1,0.133333
2113,204,210,-1,-1,512,8,29,3,4,2.000000,6.000000,36,4,0,5,0,5,6,-1,-1,0.000000
2114,204,205,217,233,158,7,9,3,2,7.000000,7.000000,11,10,13,2,3,5,1,13,29,1.181818
2115,204,205,215,-1,555,6,6,3,4,0.000000,6.000000,19,9,16,1,19,20,1,11,-1,0.842105
2116,204,205,208,238,442,1,9,3,2,14.000000,14.000000,21,3,25,0,5,5,1,4,34,1.190476
2117,204,-1,-1,-1,-1,0,-1,-1,-1,-1.000000,-1.000000,47,0,0,0,0,0,-1,-1,-1,0.000000
2118,204,205,206,-1,134,1,3,3,4,0.000000,0.000000,58,1,39,0,5,5,1,2,-1,0.672414
2119,204,206,-1,-1,111,18,14,3,4,3.000000,18.000000,52,28,0,9,0,9,2,-1,-1,0.000000
2120,205,206,216,-1,543,9,4,3,3,0.000000,1.000000,29,8,26,2,8,10,1,11,-1,0.896552
2121,205,206,230,-1,462,19,43,3,2,2.000000,3.000000,16,16,15,5,5,10,1,25,-1,0.937500
2122,205,206,213,239,273,7,6,3,4,4.000000,6.000000,19,4,21,3,5,8,1,8,34,1.105263
2123,205,-1,-1,-1,-1,0,-1,-1,-1,-1.000000,-1.000000,53,0,0,0,0,0,-1,-1,-1,0.000000
2124,205,206,-1,-1,597,37,8,3,4,0.000000,7.000000,14,38,0,6,0,6,1,-1,-1,0.000000
2125,205,-1,-1,-1,-1,0,-1,-1,-1,-1.000000,-1.000000,11,0,0,0,0,0,-1,-1,-1,0.000000
2126,205,-1,-1,-1,-1,0,-1,-1,-1,-1.000000,-1.000000,28,0,0,0,0,0,-1,-1,-1,0.000000
2127,205,206,-1,-1,377,27,10,3,2,1.000000,1.000000,44,28,0,16,0,16,1,-1,-1,0.000000
2128,205,206,207,-1,555,1,6,3,4,0.000000,4.000000,22,0,33,1,10,11,1,2,-1,1.500000
2129,205,211,-1,-1,225,30,12,3,4,11.000000,19.000000,18,22,0,12,0,12,6,-1,-1,0.000000
2130,205,206,-1,-1,104,42,12,3,2,5.000000,5.000000,51,23,0,21,0,21,1,-1,-1,0.000000
2131,205,206,206,-1,564,0,0,3,-1,-1.000000,-1.000000,48,0,42,0,2,2,1,1,-1,0.875000
2132,206,207,208,-1,416,1,2,3,3,0.000000,0.000000,45,1,41,0,1,1,1,2,-1,0.911111
2133,206,207,-1,-1,441,40,31,3,2,1.000000,3.000000,34,35,0,8,0,8,1,-1,-1,0.000000
2134,206,-1,-1,-1,-1,0,-1,-1,-1,-1.000000,-1.000000,27,0,0,0,0,0,-1,-1,-1,0.000000
2135,206,207,213,-1,442,3,7,3,3,5.000000,5.000000,25,5,31,1,6,7,1,7,-1,1.240000
2136,206,228,-1,-1,459,17,4,3,4,5.000000,6.000000,43,15,0,5,0,5,22,-1,-1,0.000000
2137,206,207,-1,-1,555,37,3,3,4,0.000000,3.000000,23,26,0,17,0,17,1,-1,-1,0.000000
2138,206,207,-1,-1,158,31,9,3,2,6.000000,6.000000,26,31,0,12,0,12,1,-1,-1,0.000000
2139,206,207,248,-1,211,26,46,3,2,0.000000,2.000000,54,27,2,8,0,8,1,42,-1,0.037037
2140,206,207,223,-1,71,3,2,3,3,0.000000,0.000000,44,9,22,0,5,5,1,17,-1,0.500000
2141,207,208,228,244,105,12,16,3,4,2.000000,11.000000,10,10,12,10,4,14,1,21,37,1.200000
2142,207,208,209,240,60,0,1,3,3,1.000000,2.000000,10,1,20,0,11,11,1,2,33,2.000000
2143,207,208,212,-1,338,0,4,3,4,0.000000,0.000000,32,4,35,0,3,3,1,5,-1,1.093750
2144,207,208,-1,-1,467,34,15,3,2,0.000000,0.000000,55,36,0,6,0,6,1,-1,-1,0.000000
2145,207,-1,-1,-1,-1,0,-1,-1,-1,-1.000000,-1.000000,31,0,0,0,0,0,-1,-1,-1,0.000000
2146,208,234,-1,-1,247,1,15,3,3,1.000000,2.000000,47,4,0,0,0,0,26,-1,-1,0.000000
2147,208,209,229,-1,528,11,14,3,2,10.000000,10.000000,17,20,16,0,5,5,1,21,-1,0.941176
2148,208,209,-1,-1,428,24,13,3,4,15.000000,18.000000,27,18,0,21,0,21,1,-1,-1,0.000000
2149,208,209,-1,-1,1,27,9,3,2,2.000000,2.000000,31,23,0,18,0,18,1,-1,-1,0.000000
2150,209,210,-1,-1,501,33,10,3,4,6.000000,13.000000,25,22,0,18,0,18,1,-1,-1,0.000000
2151,209,-1,-1,-1,-1,0,-1,-1,-1,-1.000000,-1.000000,45,0,0,0,0,0,-1,-1,-1,0.000000
2152,209,210,211,-1,67,0,1,3,3,0.000000,1.000000,22,1,33,0,6,6,1,2,-1,1.500000
2153,209,210,-1,-1,142,18,8,3,2,3.000000,3.000000,24,35,0,5,0,5,1,-1,-1,0.000000
2154,209,210,-1,-1,415,8,15,3,2,0.000000,0.000000,43,7,0,2,0,2,1,-1,-1,0.000000
2155,210,211,238,-1,210,24,2,3,4,0.000000,0.000000,8,20,9,7,3,10,1,28,-1,1.125000
2156,210,245,-1,-1,283,2,20,3,4,3.000000,8.000000,43,2,0,2,0,2,35,-1,-1,0.000000
2157,210,211,222,-1,208,6,3,3,4,1.000000,11.000000,35,11,27,0,1,1,1,12,-1,0.771429
2158,210,211,237,-1,414,10,6,3,4,2.000000,6.000000,53,21,13,5,0,5,1,27,-1,0.245283
2159,210,211,223,-1,598,8,15,3,4,6.000000,16.000000,38,7,24,5,3,8,1,13,-1,0.631579
2160,211,212,239,-1,122,19,19,3,4,4.000000,10.000000,39,21,11,5,0,5,1,28,-1,0.282051
2161,211,212,231,-1,277,12,12,3,2,3.000000,3.000000,17,9,15,10,4,14,1,20,-1,0.882353
2162,211,214,-1,-1,314,24,42,3,4,6.000000,20.000000,21,21,0,9,0,9,3,-1,-1,0.000000
2163,211,219,-1,-1,171,2,15,3,4,0.000000,5.000000,25,1,0,2,0,2,8,-1,-1,0.000000
2164,211,212,237,-1,211,18,42,3,4,6.000000,21.000000,44,18,12,5,1,6,1,26,-1,0.272727
2165,211,212,235,-1,128,20,12,3,2,7.000000,7.000000,48,15,15,8,0,8,1,24,-1,0.312500
2166,212,213,247,-1,324,16,14,3,2,8.000000,9.000000,45,15,3,15,0,15,1,35,-1,0.066667
2167,212,213,241,-1,184,26,4,3,4,0.000000,8.000000,34,19,8,9,1,10,1,29,-1,0.235294
2168,212,245,-1,-1,409,2,1,3,3,0.000000,1.000000,9,4,0,0,0,0,33,-1,-1,0.000000
2169,212,215,-1,-1,344,22,39,3,2,1.000000,4.000000,37,22,0,6,0,6,3,-1,-1,0.000000
2170,212,-1,-1,-1,-1,0,-1,-1,-1,-1.000000,-1.000000,19,0,0,0,0,0,-1,-1,-1,0.000000
2171,213,214,-1,-1,501,30,10,3,4,6.000000,14.000000,46,21,0,15,0,15,1,-1,-1,0.000000
2172,213,214,228,-1,1,5,11,3,4,2.000000,10.000000,28,10,20,4,2,6,1,15,-1,0.714286
2173,213,214,-1,-1,119,25,14,3,4,0.000000,14.000000,27,20,0,16,0,16,1,-1,-1,0.000000
2174,213,214,-1,-1,79,31,15,3,4,4.000000,10.000000,37,23,0,13,0,13,1,-1,-1,0.000000
2175,213,214,235,-1,84,20,7,3,4,0.000000,12.000000,14,17,14,4,1,5,1,22,-1,1.000000
2176,213,214,-1,-1,10,34,4,3,4,0.000000,0.000000,33,25,0,11,0,11,1,-1,-1,0.000000
2177,214,-1,-1,-1,-1,0,-1,-1,-1,-1.000000,-1.000000,39,0,0,0,0,0,-1,-1,-1,0.000000
2178,214,215,231,-1,191,15,10,3,4,0.000000,8.000000,23,13,18,3,1,4,1,17,-1,0.782609
2179,215,-1,-1,-1,-1,0,-1,-1,-1,-1.000000,-1.000000,41,0,0,0,0,0,-1,-1,-1,0.000000
2180,215,216,-1,-1,358,19,19,3,2,5.000000,5.000000,12,28,0,6,0,6,1,-1,-1,0.000000
2181,215,216,244,-1,264,20,12,3,2,2.000000,5.000000,12,17,6,11,0,11,1,29,-1,0.500000
2182,215,216,242,-1,462,16,18,3,2,2.000000,4.000000,17,16,8,10,0,10,1,27,-1,0.470588
2183,215,216,219,-1,337,3,16,3,4,4.000000,10.000000,31,2,31,1,0,1,1,4,-1,1.000000
2184,215,-1,-1,-1,-1,0,-1,-1,-1,-1.000000,-1.000000,17,0,0,0,0,0,-1,-1,-1,0.000000
2185,215,216,-1,-1,379,31,18,3,2,3.000000,5.000000,23,23,0,11,0,11,1,-1,-1,0.000000
2186,216,-1,-1,-1,-1,0,-1,-1,-1,-1.000000,-1.000000,22,0,0,0,0,0,-1,-1,-1,0.000000
2187,216,-1,-1,-1,-1,0,-1,-1,-1,-1.000000,-1.000000,39,0,0,0,0,0,-1,-1,-1,0.000000
2188,216,217,-1,-1,448,29,8,3,4,0.000000,5.000000,55,28,0,5,0,5,1,-1,-1,0.000000
2189,216,-1,-1,-1,-1,0,-1,-1,-1,-1.000000,-1.000000,43,0,0,0,0,0,-1,-1,-1,0.000000
2190,216,217,235,-1,471,9,12,3,2,0.000000,7.000000,22,13,15,5,0,5,1,19,-1,0.681818
2191,216,-1,-1,-1,-1,0,-1,-1,-1,-1.000000,-1.000000,53,0,0,0,0,0,-1,-1,-1,0.000000
2192,216,217,-1,-1,559,26,11,3,4,6.000000,10.000000,9,19,0,14,0,14,1,-1,-1,0.000000
2193,216,217,223,-1,299,0,3,3,4,2.000000,3.000000,23,5,21,1,6,7,1,7,-1,0.913043
2194,216,221,-1,-1,44,15,13,3,2,17.000000,17.000000,27,20,0,9,0,9,5,-1,-1,0.000000
2195,217,218,-1,-1,438,29,18,3,2,3.000000,5.000000,7,21,0,11,0,11,1,-1,-1,0.000000
2196,217,218,-1,-1,307,16,8,3,4,2.000000,7.000000,13,21,0,5,0,5,1,-1,-1,0.000000
2197,217,218,-1,-1,523,26,11,3,2,5.000000,5.000000,17,21,0,11,0,11,1,-1,-1,0.000000
2198,217,218,-1,-1,16,16,9,3,2,2.000000,2.000000,33,22,0,10,0,10,1,-1,-1,0.000000
2199,217,218,-1,-1,377,26,12,3,2,3.000000,6.000000,14,23,0,9,0,9,1,-1,-1,0.000000
2200,217,218,245,-1,323,18,17,3,2,3.000000,3.000000,32,15,5,12,0,12,1,28,-1,0.156250
2201,217,218,-1,-1,172,24,10,3,2,6.000000,6.000000,30,25,0,7,0,7,1,-1,-1,0.000000
2202,217,-1,-1,-1,-1,0,-1,-1,-1,-1.000000,-1.000000,45,0,0,0,0,0,-1,-1,-1,0.000000
2203,218,219,222,-1,431,1,3,3,4,0.000000,0.000000,21,3,25,0,3,3,1,4,-1,1.190476
2204,218,219,221,-1,356,2,11,3,2,9.000000,9.000000,28,2,29,0,0,0,1,3,-1,1.035714
2205,218,219,246,-1,408,20,4,3,4,0.000000,1.000000,29,18,4,9,0,9,1,28,-1,0.137931
2206,218,219,-1,-1,337,27,27,3,2,0.000000,2.000000,14,24,0,7,0,7,1,-1,-1,0.000000
2207,218,219,-1,-1,24,29,13,3,2,0.000000,4.000000,18,20,0,11,0,11,1,-1,-1,0.000000
2208,219,-1,-1,-1,-1,0,-1,-1,-1,-1.000000,-1.000000,29,0,0,0,0,0,-1,-1,-1,0.000000
2209,219,220,243,-1,24,20,11,3,4,4.000000,7.000000,44,15,7,8,0,8,1,24,-1,0.159091
2210,219,-1,-1,-1,-1,0,-1,-1,-1,-1.000000,-1.000000,34,0,0,0,0,0,-1,-1,-1,0.000000
2211,219,220,-1,-1,399,28,30,3,2,1.000000,2.000000,33,24,0,6,0,6,1,-1,-1,0.000000
2212,219,220,235,-1,415,7,50,3,4,0.000000,7.000000,17,13,13,2,2,4,1,16,-1,0.764706
2213,219,220,-1,-1,408,24,3,3,4,0.000000,0.000000,16,18,0,12,0,12,1,-1,-1,0.000000
2214,219,220,234,-1,559,6,31,3,4,2.000000,7.000000,30,12,15,2,1,3,1,15,-1,0.500000
2215,219,220,239,-1,257,9,7,3,4,0.000000,5.000000,17,16,7,3,4,7,1,20,-1,0.411765
2216,220,221,237,-1,99,4,4,3,4,4.000000,9.000000,27,14,13,2,0,2,1,17,-1,0.481481
2217,220,221,221,-1,208,0,0,3,-1,-1.000000,-1.000000,23,0,24,0,5,5,1,1,-1,1.043478
2218,220,221,-1,-1,411,29,18,3,2,2.000000,4.000000,26,22,0,7,0,7,1,-1,-1,0.000000
2219,220,221,223,-1,88,2,16,3,2,4.000000,4.000000,50,2,26,0,1,1,1,3,-1,0.520000
2220,220,223,235,-1,420,0,6,3,4,3.000000,7.000000,44,7,13,2,2,4,3,15,-1,0.295455
2221,220,221,-1,-1,383,27,13,3,4,2.000000,7.000000,13,21,0,8,0,8,1,-1,-1,0.000000
2222,221,222,247,-1,372,18,18,3,2,1.000000,1.000000,27,21,3,4,0,4,1,26,-1,0.111111
2223,221,222,-1,-1,383,26,15,3,2,1.000000,5.000000,17,23,0,5,0,5,1,-1,-1,0.000000
2224,221,222,247,-1,172,23,13,3,2,3.000000,3.000000,33,15,3,10,0,10,1,26,-1,0.090909
2225,221,247,-1,-1,396,1,27,3,4,6.000000,12.000000,7,3,0,0,0,0,26,-1,-1,0.000000
2226,221,222,-1,-1,24,26,15,3,2,3.000000,3.000000,34,16,0,12,0,12,1,-1,-1,0.000000
2227,221,222,235,-1,432,6,13,3,2,8.000000,9.000000,21,4,13,9,2,11,1,14,-1,0.619048
2228,221,222,225,-1,225,1,4,3,4,0.000000,8.000000,21,3,22,0,3,3,1,4,-1,1.047619
2229,222,223,237,-1,558,11,26,3,2,1.000000,1.000000,23,11,13,3,0,3,1,15,-1,0.565217
2230,222,231,-1,-1,459,16,1,3,3,1.000000,1.000000,46,13,0,6,0,6,9,-1,-1,0.000000
2231,222,223,225,-1,559,1,29,3,4,3.000000,10.000000,36,2,25,0,0,0,1,3,-1,0.694444
2232,222,223,232,-1,387,6,10,3,4,3.000000,5.000000,12,5,17,4,1,5,1,10,-1,1.416667
2233,222,-1,-1,-1,-1,0,-1,-1,-1,-1.000000,-1.000000,42,0,0,0,0,0,-1,-1,-1,0.000000
2234,222,223,242,-1,225,6,3,3,4,0.000000,4.000000,31,10,7,9,1,10,1,20,-1,0.225806
2235,222,223,-1,-1,506,27,5,3,4,13.000000,18.000000,31,18,0,9,0,9,1,-1,-1,0.000000
2236,223,234,-1,-1,30,1,23,3,4,4.000000,9.000000,38,3,0,1,0,1,11,-1,-1,0.000000
2237,223,224,-1,-1,19,24,1,3,3,0.000000,0.000000,11,21,0,5,0,5,1,-1,-1,0.000000
2238,223,224,225,-1,196,1,12,3,2,1.000000,3.000000,19,1,18,0,7,7,1,2,-1,0.947368
2239,223,224,-1,-1,394,14,6,3,4,12.000000,12.000000,25,16,0,10,0,10,1,-1,-1,0.000000
2240,223,-1,-1,-1,-1,0,-1,-1,-1,-1.000000,-1.000000,47,0,0,0,0,0,-1,-1,-1,0.000000
2241,223,224,229,246,374,1,14,3,2,10.000000,10.000000,15,5,17,0,0,0,1,6,23,1.133333
2242,223,247,-1,-1,521,1,22,3,2,3.000000,4.000000,29,2,0,1,0,1,24,-1,-1,0.000000
2243,224,-1,-1,-1,-1,0,-1,-1,-1,-1.000000,-1.000000,32,0,0,0,0,0,-1,-1,-1,0.000000
2244,224,225,246,-1,458,21,17,3,2,6.000000,6.000000,15,13,3,8,1,9,1,22,-1,0.200000
2245,224,225,-1,-1,314,18,19,3,4,5.000000,12.000000,58,15,0,10,0,10,1,-1,-1,0.000000
2246,224,225,239,-1,353,11,12,3,2,1.000000,1.000000,25,8,11,6,0,6,1,15,-1,0.440000
2247,224,-1,-1,-1,-1,0,-1,-1,-1,-1.000000,-1.000000,28,0,0,0,0,0,-1,-1,-1,0.000000
2248,224,225,225,-1,19,0,0,3,-1,-1.000000,-1.000000,33,0,20,0,5,5,1,1,-1,0.606061
2249,225,226,-1,-1,277,20,13,3,2,4.000000,4.000000,21,17,0,7,0,7,1,-1,-1,0.000000
2250,225,226,-1,-1,78,24,26,3,2,2.000000,4.000000,36,18,0,6,0,6,1,-1,-1,0.000000
2251,225,226,227,-1,127,0,1,3,3,0.000000,0.000000,47,1,23,0,0,0,1,2,-1,0.489362
2252,225,226,-1,-1,289,16,16,3,4,4.000000,11.000000,26,11,0,13,0,13,1,-1,-1,0.000000
2253,225,226,229,-1,525,1,9,3,4,9.000000,12.000000,22,3,19,0,2,2,1,4,-1,0.863636
2254,225,226,226,-1,225,0,0,3,-1,-1.000000,-1.000000,29,0,23,0,1,1,1,1,-1,0.793103
2255,225,226,-1,-1,79,24,14,3,4,2.000000,14.000000,11,18,0,6,0,6,1,-1,-1,0.000000
2256,226,-1,-1,-1,-1,0,-1,-1,-1,-1.000000,-1.000000,41,0,0,0,0,0,-1,-1,-1,0.000000
2257,226,227,232,-1,374,2,8,3,4,2.000000,8.000000,11,4,13,1,5,6,1,6,-1,1.181818
2258,226,227,-1,-1,78,17,25,3,4,4.000000,16.000000,16,20,0,3,0,3,1,-1,-1,0.000000
2259,226,-1,-1,-1,-1,0,-1,-1,-1,-1.000000,-1.000000,50,0,0,0,0,0,-1,-1,-1,0.000000
2260,226,227,-1,-1,593,22,14,3,2,7.000000,8.000000,38,18,0,5,0,5,1,-1,-1,0.000000
2261,226,227,-1,-1,413,17,13,3,4,2.000000,7.000000,16,20,0,3,0,3,1,-1,-1,0.000000
2262,226,227,230,-1,62,1,12,3,4,3.000000,12.000000,47,2,19,1,1,2,1,4,-1,0.404255
2263,227,228,-1,-1,189,15,16,3,2,8.000000,8.000000,23,15,0,7,0,7,1,-1,-1,0.000000
2264,227,-1,-1,-1,-1,0,-1,-1,-1,-1.000000,-1.000000,45,0,0,0,0,0,-1,-1,-1,0.000000
2265,227,228,-1,-1,106,18,23,3,2,0.000000,1.000000,19,18,0,4,0,4,1,-1,-1,0.000000
2266,227,228,-1,-1,478,13,23,3,2,0.000000,0.000000,49,15,0,7,0,7,1,-1,-1,0.000000
2267,227,228,231,-1,218,1,16,3,2,1.000000,3.000000,18,3,16,0,3,3,1,4,-1,0.888889
2268,227,247,-1,-1,344,1,23,3,4,5.000000,9.000000,48,1,0,2,0,2,20,-1,-1,0.000000
2269,228,229,-1,-1,79,16,15,3,2,15.000000,15.000000,27,19,0,2,0,2,1,-1,-1,0.000000
2270,228,229,-1,-1,106,15,21,3,2,0.000000,0.000000,18,15,0,6,0,6,1,-1,-1,0.000000
2271,228,250,-1,-1,521,0,25,3,2,6.000000,6.000000,53,0,0,0,0,0,22,-1,-1,0.000000
2272,228,229,234,-1,119,4,21,3,4,1.000000,9.000000,27,5,15,0,1,1,1,6,-1,0.555556
2273,228,229,-1,-1,196,17,7,3,3,3.000000,3.000000,25,13,0,8,0,8,1,-1,-1,0.000000
2274,228,233,-1,-1,279,15,16,3,2,9.000000,9.000000,46,15,0,2,0,2,5,-1,-1,0.000000
2275,228,229,-1,-1,255,17,14,3,4,4.000000,9.000000,10,21,0,0,0,0,1,-1,-1,0.000000
2276,229,230,-1,-1,344,16,13,3,4,5.000000,7.000000,35,12,0,8,0,8,1,-1,-1,0.000000
2277,229,230,231,243,158,1,12,3,2,3.000000,3.000000,10,1,10,0,2,2,1,2,14,1.000000
2278,229,230,245,-1,562,4,10,3,3,0.000000,8.000000,26,9,2,6,3,9,1,16,-1,0.076923
2279,229,230,-1,-1,119,16,23,3,2,4.000000,6.000000,55,17,0,3,0,3,1,-1,-1,0.000000
2280,229,230,-1,-1,433,18,6,3,4,1.000000,10.000000,28,14,0,6,0,6,1,-1,-1,0.000000
2281,229,233,-1,-1,119,13,24,3,4,2.000000,7.000000,31,12,0,3,0,3,4,-1,-1,0.000000
2282,229,230,-1,-1,198,15,54,3,4,0.000000,1.000000,52,15,0,4,0,4,1,-1,-1,0.000000
2283,229,230,243,-1,577,7,13,3,4,3.000000,9.000000,45,10,7,3,0,3,1,14,-1,0.155556
2284,229,230,-1,-1,516,16,6,3,3,0.000000,5.000000,57,16,0,3,0,3,1,-1,-1,0.000000
2285,229,230,-1,-1,446,19,13,3,2,8.000000,8.000000,40,8,0,12,0,12,1,-1,-1,0.000000
2286,229,230,238,-1,24,5,11,3,4,3.000000,8.000000,31,5,12,3,0,3,1,9,-1,0.387097
2287,230,231,249,-1,158,8,13,3,2,3.000000,3.000000,37,14,1,4,0,4,1,19,-1,0.027027
2288,230,231,-1,-1,24,15,10,3,2,3.000000,3.000000,26,14,0,5,0,5,1,-1,-1,0.000000
2289,230,231,239,-1,269,3,19,3,2,0.000000,0.000000,29,7,10,1,1,2,1,9,-1,0.344828
2290,230,231,232,-1,424,1,15,3,4,0.000000,7.000000,42,0,14,1,4,5,1,2,-1,0.333333
2291,230,231,241,-1,559,6,12,3,4,6.000000,11.000000,27,8,9,2,0,2,1,11,-1,0.333333
2292,230,231,-1,-1,516,13,7,3,4,0.000000,6.000000,24,13,0,5,0,5,1,-1,-1,0.000000
2293,230,231,231,-1,421,0,0,3,-1,-1.000000,-1.000000,17,0,14,0,5,5,1,1,-1,0.823529
2294,230,231,236,-1,198,3,1,3,3,0.000000,0.000000,48,5,14,0,0,0,1,6,-1,0.291667
2295,230,231,246,-1,506,12,3,3,4,1.000000,2.000000,29,11,3,4,1,5,1,16,-1,0.103448
2296,231,232,-1,-1,198,14,54,3,4,0.000000,2.000000,41,14,0,3,0,3,1,-1,-1,0.000000
2297,231,232,-1,-1,119,15,21,3,2,1.000000,1.000000,21,14,0,4,0,4,1,-1,-1,0.000000
2298,232,233,-1,-1,483,7,13,3,2,14.000000,14.000000,28,14,0,3,0,3,1,-1,-1,0.000000
2299,232,233,247,-1,65,7,13,3,2,3.000000,3.000000,18,9,2,5,1,6,1,15,-1,0.111111
2300,232,233,250,-1,3,9,6,3,4,0.000000,8.000000,6,13,0,4,0,4,1,18,-1,0.000000
2301,233,234,239,-1,532,2,9,3,2,6.000000,6.000000,44,5,9,0,2,2,1,6,-1,0.204545
2302,233,234,-1,-1,261,16,17,3,4,8.000000,17.000000,27,12,0,4,0,4,1,-1,-1,0.000000
2303,233,234,-1,-1,98,13,14,3,4,3.000000,8.000000,23,12,0,4,0,4,1,-1,-1,0.000000
2304,233,242,-1,-1,189,0,19,3,4,4.000000,11.000000,42,0,0,1,0,1,9,-1,-1,0.000000
2305,234,235,-1,-1,276,7,16,3,2,5.000000,5.000000,18,9,0,6,0,6,1,-1,-1,0.000000
2306,234,235,241,-1,281,2,12,3,2,5.000000,5.000000,32,2,6,4,3,7,1,7,-1,0.187500
2307,234,235,-1,-1,506,11,2,3,3,0.000000,1.000000,41,11,0,4,0,4,1,-1,-1,0.000000
2308,235,-1,-1,-1,-1,0,-1,-1,-1,-1.000000,-1.000000,35,0,0,0,0,0,-1,-1,-1,0.000000
2309,235,236,238,-1,483,1,11,3,2,13.000000,13.000000,38,2,11,0,1,1,1,3,-1,0.289474
2310,235,-1,-1,-1,-1,0,-1,-1,-1,-1.000000,-1.000000,55,0,0,0,0,0,-1,-1,-1,0.000000
2311,235,236,245,-1,565,5,11,3,4,0.000000,3.000000,49,9,5,0,0,0,1,10,-1,0.102041
2312,235,238,-1,-1,276,6,15,3,4,7.000000,17.000000,27,9,0,3,0,3,3,-1,-1,0.000000
2313,235,238,-1,-1,281,1,12,3,2,3.000000,3.000000,37,5,0,2,0,2,3,-1,-1,0.000000
2314,235,236,-1,-1,505,12,14,3,2,3.000000,6.000000,13,8,0,6,0,6,1,-1,-1,0.000000
2315,236,237,238,-1,383,0,1,3,3,0.000000,0.000000,48,1,11,0,1,1,1,2,-1,0.229167
2316,236,237,-1,-1,441,5,22,3,2,0.000000,0.000000,9,9,0,1,0,1,1,-1,-1,0.000000
2317,236,237,241,-1,474,0,4,3,4,0.000000,2.000000,33,4,9,0,0,0,1,5,-1,0.272727
2318,236,237,-1,-1,35,13,37,3,2,14.000000,14.000000,30,8,0,5,0,5,1,-1,-1,0.000000
2319,236,-1,-1,-1,-1,0,-1,-1,-1,-1.000000,-1.000000,44,0,0,0,0,0,-1,-1,-1,0.000000
2320,236,237,237,-1,506,0,0,3,-1,-1.000000,-1.000000,49,0,13,0,0,0,1,1,-1,0.265306
2321,236,237,248,-1,523,10,15,3,2,4.000000,4.000000,19,8,1,3,1,4,1,12,-1,0.052632
2322,236,237,-1,-1,269,10,10,3,4,1.000000,2.000000,29,11,0,2,0,2,1,-1,-1,0.000000
2323,236,237,-1,-1,387,8,6,3,4,0.000000,3.000000,19,7,0,6,0,6,1,-1,-1,0.000000
2324,236,237,-1,-1,471,8,4,3,4,0.000000,6.000000,30,11,0,2,0,2,1,-1,-1,0.000000
2325,236,237,-1,-1,30,11,12,3,4,7.000000,13.000000,13,10,0,3,0,3,1,-1,-1,0.000000
2326,237,238,-1,-1,505,4,18,3,2,3.000000,5.000000,14,6,0,6,0,6,1,-1,-1,0.000000
2327,237,238,249,-1,387,6,5,3,4,0.000000,4.000000,20,9,1,2,0,2,1,12,-1,0.050000
2328,237,-1,-1,-1,-1,0,-1,-1,-1,-1.000000,-1.000000,44,0,0,0,0,0,-1,-1,-1,0.000000
2329,237,-1,-1,-1,-1,0,-1,-1,-1,-1.000000,-1.000000,11,0,0,0,0,0,-1,-1,-1,0.000000
2330,237,238,-1,-1,79,10,13,3,2,3.000000,3.000000,47,8,0,4,0,4,1,-1,-1,0.000000
2331,237,246,-1,-1,107,0,13,3,2,6.000000,6.000000,27,3,0,0,0,0,9,-1,-1,0.000000
2332,238,239,239,-1,3,0,0,3,-1,-1.000000,-1.000000,30,0,10,0,1,1,1,1,-1,0.333333
2333,238,239,-1,-1,297,4,10,3,2,6.000000,6.000000,31,7,0,4,0,4,1,-1,-1,0.000000
2334,238,-1,-1,-1,-1,0,-1,-1,-1,-1.000000,-1.000000,42,0,0,0,0,0,-1,-1,-1,0.000000
2335,238,239,-1,-1,470,11,4,3,4,0.000000,1.000000,27,4,0,7,0,7,1,-1,-1,0.000000
2336,238,239,-1,-1,30,7,12,3,2,5.000000,5.000000,18,7,0,4,0,4,1,-1,-1,0.000000
2337,238,-1,-1,-1,-1,0,-1,-1,-1,-1.000000,-1.000000,23,0,0,0,0,0,-1,-1,-1,0.000000
2338,238,-1,-1,-1,-1,0,-1,-1,-1,-1.000000,-1.000000,60,0,0,0,0,0,-1,-1,-1,0.000000
2339,238,-1,-1,-1,-1,0,-1,-1,-1,-1.000000,-1.000000,52,0,0,0,0,0,-1,-1,-1,0.000000
2340,238,239,-1,-1,236,9,6,3,4,0.000000,5.000000,47,7,0,4,0,4,1,-1,-1,0.000000
2341,239,240,-1,-1,32,7,16,3,2,0.000000,0.000000,27,9,0,1,0,1,1,-1,-1,0.000000
2342,239,240,-1,-1,58,9,20,3,4,0.000000,10.000000,26,7,0,3,0,3,1,-1,-1,0.000000
2343,239,-1,-1,-1,-1,0,-1,-1,-1,-1.000000,-1.000000,12,0,0,0,0,0,-1,-1,-1,0.000000
2344,239,242,248,-1,401,2,16,3,4,0.000000,5.000000,51,6,2,0,0,0,3,9,-1,0.039216
2345,239,-1,-1,-1,-1,0,-1,-1,-1,-1.000000,-1.000000,41,0,0,0,0,0,-1,-1,-1,0.000000
2346,240,241,-1,-1,277,8,12,3,4,3.000000,12.000000,32,7,0,2,0,2,1,-1,-1,0.000000
2347,240,241,-1,-1,441,6,14,3,2,0.000000,0.000000,44,8,0,1,0,1,1,-1,-1,0.000000
2348,240,241,-1,-1,297,8,17,3,2,6.000000,6.000000,19,6,0,3,0,3,1,-1,-1,0.000000
2349,240,241,-1,-1,505,3,17,3,4,7.000000,12.000000,32,5,0,4,0,4,1,-1,-1,0.000000
2350,240,241,250,-1,532,3,13,3,2,3.000000,3.000000,14,9,0,0,0,0,1,10,-1,0.000000
2351,240,241,246,-1,28,5,18,3,2,2.000000,2.000000,33,4,4,1,0,1,1,6,-1,0.121212
2352,240,246,-1,-1,248,2,5,3,4,1.000000,11.000000,18,2,0,2,0,2,6,-1,-1,0.000000
2353,240,-1,-1,-1,-1,0,-1,-1,-1,-1.000000,-1.000000,48,0,0,0,0,0,-1,-1,-1,0.000000
2354,240,241,-1,-1,232,9,2,3,3,0.000000,0.000000,35,8,0,1,0,1,1,-1,-1,0.000000
2355,241,242,-1,-1,28,6,21,3,2,2.000000,2.000000,45,5,0,3,0,3,1,-1,-1,0.000000
2356,241,242,-1,-1,277,4,10,3,2,6.000000,6.000000,21,3,0,5,0,5,1,-1,-1,0.000000
2357,241,242,-1,-1,412,7,1,3,3,0.000000,0.000000,38,5,0,3,0,3,1,-1,-1,0.000000
2358,241,242,244,-1,297,1,12,3,4,2.000000,11.000000,25,2,5,0,1,1,1,3,-1,0.200000
2359,241,242,-1,-1,37,3,14,3,4,7.000000,17.000000,17,3,0,5,0,5,1,-1,-1,0.000000
2360,241,-1,-1,-1,-1,0,-1,-1,-1,-1.000000,-1.000000,25,0,0,0,0,0,-1,-1,-1,0.000000
2361,241,242,245,-1,481,2,13,3,2,1.000000,6.000000,33,2,5,1,0,1,1,4,-1,0.151515
2362,241,-1,-1,-1,-1,0,-1,-1,-1,-1.000000,-1.000000,32,0,0,0,0,0,-1,-1,-1,0.000000
2363,242,-1,-1,-1,-1,0,-1,-1,-1,-1.000000,-1.000000,40,0,0,0,0,0,-1,-1,-1,0.000000
2364,242,243,-1,-1,55,3,4,3,4,0.000000,4.000000,11,6,0,1,0,1,1,-1,-1,0.000000
2365,242,243,-1,-1,86,6,12,3,2,2.000000,2.000000,19,4,0,3,0,3,1,-1,-1,0.000000
2366,242,243,-1,-1,444,5,16,3,4,5.000000,11.000000,29,3,0,4,0,4,1,-1,-1,0.000000
2367,242,243,-1,-1,76,6,17,3,4,4.000000,10.000000,39,3,0,4,0,4,1,-1,-1,0.000000
2368,242,-1,-1,-1,-1,0,-1,-1,-1,-1.000000,-1.000000,28,0,0,0,0,0,-1,-1,-1,0.000000
2369,242,-1,-1,-1,-1,0,-1,-1,-1,-1.000000,-1.000000,57,0,0,0,0,0,-1,-1,-1,0.000000
2370,242,243,-1,-1,249,7,16,3,2,9.000000,9.000000,43,4,0,3,0,3,1,-1,-1,0.000000
2371,243,244,249,-1,161,5,6,3,4,9.000000,9.000000,7,5,1,0,0,0,1,6,-1,0.142857
2372,243,244,-1,-1,345,6,14,3,2,7.000000,7.000000,14,4,0,2,0,2,1,-1,-1,0.000000
2373,244,245,-1,-1,567,2,13,3,4,4.000000,9.000000,15,2,0,3,0,3,1,-1,-1,0.000000
2374,244,245,-1,-1,221,2,11,3,4,9.000000,13.000000,19,3,0,2,0,2,1,-1,-1,0.000000
2375,244,245,-1,-1,579,4,3,3,4,0.000000,0.000000,44,3,0,2,0,2,1,-1,-1,0.000000
2376,244,245,248,-1,284,3,12,3,4,0.000000,0.000000,36,2,1,1,1,2,1,4,-1,0.027778
2377,244,245,-1,-1,432,2,28,3,4,2.000000,7.000000,19,2,0,3,0,3,1,-1,-1,0.000000
2378,244,-1,-1,-1,-1,0,-1,-1,-1,-1.000000,-1.000000,47,0,0,0,0,0,-1,-1,-1,0.000000
2379,245,246,-1,-1,583,4,3,3,4,0.000000,8.000000,23,3,0,1,0,1,1,-1,-1,0.000000
2380,245,-1,-1,-1,-1,0,-1,-1,-1,-1.000000,-1.000000,32,0,0,0,0,0,-1,-1,-1,0.000000
2381,245,-1,-1,-1,-1,0,-1,-1,-1,-1.000000,-1.000000,17,0,0,0,0,0,-1,-1,-1,0.000000
2382,245,-1,-1,-1,-1,0,-1,-1,-1,-1.000000,-1.000000,41,0,0,0,0,0,-1,-1,-1,0.000000
2383,245,246,250,-1,533,0,2,3,4,0.000000,0.000000,16,4,0,0,0,0,1,5,-1,0.000000
2384,246,-1,-1,-1,-1,0,-1,-1,-1,-1.000000,-1.000000,53,0,0,0,0,0,-1,-1,-1,0.000000
2385,246,247,-1,-1,275,3,7,3,4,3.000000,5.000000,12,2,0,1,0,1,1,-1,-1,0.000000
2386,246,-1,-1,-1,-1,0,-1,-1,-1,-1.000000,-1.000000,41,0,0,0,0,0,-1,-1,-1,0.000000
2387,246,247,-1,-1,248,0,5,3,4,1.000000,11.000000,18,3,0,0,0,0,1,-1,-1,0.000000
2388,246,247,-1,-1,393,3,26,3,4,3.000000,8.000000,16,2,0,1,0,1,1,-1,-1,0.000000
2389,246,247,-1,-1,443,1,18,3,2,8.000000,8.000000,41,1,0,2,0,2,1,-1,-1,0.000000
2390,246,-1,-1,-1,-1,0,-1,-1,-1,-1.000000,-1.000000,40,0,0,0,0,0,-1,-1,-1,0.000000
2391,246,247,-1,-1,200,1,16,3,2,3.000000,3.000000,19,3,0,0,0,0,1,-1,-1,0.000000
2392,247,-1,-1,-1,-1,0,-1,-1,-1,-1.000000,-1.000000,28,0,0,0,0,0,-1,-1,-1,0.000000
2393,247,248,250,-1,454,2,2,3,4,0.000000,0.000000,21,2,0,0,0,0,1,3,-1,0.000000
2394,247,248,-1,-1,455,2,21,3,2,1.000000,1.000000,36,2,0,0,0,0,1,-1,-1,0.000000
2395,248,249,-1,-1,345,1,12,3,2,6.000000,6.000000,18,1,0,0,0,0,1,-1,-1,0.000000
2396,248,-1,-1,-1,-1,0,-1,-1,-1,-1.000000,-1.000000,40,0,0,0,0,0,-1,-1,-1,0.000000
2397,248,249,-1,-1,391,0,6,3,4,0.000000,12.000000,14,1,0,0,0,0,1,-1,-1,0.000000
2398,248,249,-1,-1,260,1,8,3,4,0.000000,11.000000,15,1,0,0,0,0,1,-1,-1,0.000000
2399,248,249,-1,-1,558,1,14,3,4,4.000000,12.000000,18,1,0,0,0,0,1,-1,-1,0.000000
2400,248,249,-1,-1,432,0,29,3,2,2.000000,6.000000,11,1,0,0,0,0,1,-1,-1,0.000000
2401,249,250,-1,-1,161,0,5,3,4,0.000000,11.000000,31,0,0,0,0,0,1,-1,-1,0.000000
2402,249,-1,-1,-1,-1,0,-1,-1,-1,-1.000000,-1.000000,21,0,0,0,0,0,-1,-1,-1,0.000000
2403,249,250,-1,-1,366,0,1,3,3,0.000000,0.000000,30,0,0,0,0,0,1,-1,-1,0.000000
2404,249,-1,-1,-1,-1,0,-1,-1,-1,-1.000000,-1.000000,37,0,0,0,0,0,-1,-1,-1,0.000000
2405,249,250,-1,-1,539,0,3,3,4,0.000000,1.000000,12,0,0,0,0,0,1,-1,-1,0.000000
2406,249,-1,-1,-1,-1,0,-1,-1,-1,-1.000000,-1.000000,19,0,0,0,0,0,-1,-1,-1,0.000000
2407,249,-1,-1,-1,-1,0,-1,-1,-1,-1.000000,-1.000000,27,0,0,0,0,0,-1,-1,-1,0.000000
2408,250,-1,-1,-1,-1,0,-1,-1,-1,-1.000000,-1.000000,30,0,0,0,0,0,-1,-1,-1,0.000000
2409,250,-1,-1,-1,-1,0,-1,-1,-1,-1.000000,-1.000000,17,0,0,0,0,0,-1,-1,-1,0.000000
2410,250,-1,-1,-1,-1,0,-1,-1,-1,-1.000000,-1.000000,15,0,0,0,0,0,-1,-1,-1,0.000000
2411,250,-1,-1,-1,-1,0,-1,-1,-1,-1.000000,-1.000000,42,0,0,0,0,0,-1,-1,-1,0.000000
2412,250,-1,-1,-1,-1,0,-1,-1,-1,-1.000000,-1.000000,25,0,0,0,0,0,-1,-1,-1,0.000000
2413,250,-1,-1,-1,-1,0,-1,-1,-1,-1.000000,-1.000000,20,0,0,0,0,0,-1,-1,-1,0.000000
