task_id,revealed_at,first_assigned_at,picked_up_at,completed_at,first_agent,reassignments,pickup_distance_at_assignment,pickup_local_degree,first_hop_local_degree,first_hop_opposing_flow,first_hop_vertex_flow,service_shortest_distance,empty_distance,loaded_distance,empty_wait_steps,loaded_wait_steps,active_wait_steps,assignment_wait,pickup_wait,completion_time,loaded_detour_ratio
0,0,30,42,88,448,6,13,3,4,6,15,27,8,41,4,5,9,30,42,88,1.518519
1,0,15,15,92,565,0,0,3,-1,-1.000000,-1.000000,43,0,69,0,8,8,15,15,92,1.604651
2,0,-1,-1,-1,-1,0,-1,-1,-1,-1.000000,-1.000000,54,0,0,0,0,0,-1,-1,-1,0.000000
3,0,1,1,36,465,0,0,3,-1,-1.000000,-1.000000,33,0,35,0,0,0,1,1,36,1.060606
4,0,3,15,69,580,1,2,3,3,0.000000,1.000000,30,12,52,0,2,2,3,15,69,1.733333
5,0,1,1,30,149,0,0,3,-1,-1.000000,-1.000000,19,0,25,0,4,4,1,1,30,1.315789
6,0,1,97,160,590,25,8,3,4,0.000000,0.000000,29,40,55,11,8,19,1,97,160,1.896552
7,0,1,7,28,125,0,5,3,4,0.000000,0.000000,15,5,21,1,0,1,1,7,28,1.400000
8,0,1,11,63,579,1,2,3,2,0.000000,0.000000,24,9,48,1,4,5,1,11,63,2.000000
9,0,41,105,184,570,40,4,3,3,0.000000,8.000000,35,33,69,17,10,27,41,105,184,1.971429
10,0,78,105,185,563,21,16,3,2,10.000000,10.000000,40,19,76,6,4,10,78,105,185,1.900000
11,0,36,66,147,545,18,18,3,4,0.000000,14.000000,47,16,67,8,14,22,36,66,147,1.425532
12,0,1,24,103,416,15,4,3,4,0.000000,0.000000,28,19,74,4,5,9,1,24,103,2.642857
13,0,1,28,136,225,18,3,3,4,0.000000,0.000000,29,23,85,4,23,27,1,28,136,2.931034
14,0,32,48,105,162,0,11,3,2,7.000000,7.000000,45,4,49,2,8,10,32,48,105,1.088889
15,0,1,20,91,16,0,16,3,4,0.000000,0.000000,10,18,46,1,25,26,1,20,91,4.600000
16,0,-1,-1,-1,-1,0,-1,-1,-1,-1.000000,-1.000000,43,0,0,0,0,0,-1,-1,-1,0.000000
17,0,1,2,33,423,0,1,3,3,0.000000,0.000000,27,1,27,0,4,4,1,2,33,1.000000
18,0,1,3,25,196,0,2,3,3,0.000000,0.000000,22,2,22,0,0,0,1,3,25,1.000000
19,0,1,30,79,396,16,6,3,4,0.000000,0.000000,24,21,42,8,7,15,1,30,79,1.750000
20,0,20,110,193,355,29,2,3,4,1.000000,5.000000,46,45,74,19,9,28,20,110,193,1.608696
21,0,1,1,39,363,0,0,3,-1,-1.000000,-1.000000,25,0,37,0,1,1,1,1,39,1.480000
22,0,1,20,41,0,1,8,3,2,0.000000,0.000000,10,15,16,4,5,9,1,20,41,1.600000
23,0,1,5,32,342,4,4,3,4,0.000000,0.000000,17,4,25,0,2,2,1,5,32,1.470588
24,0,1,6,66,580,3,3,3,4,0.000000,0.000000,26,4,58,1,2,3,1,6,66,2.230769
25,0,1,29,54,111,14,14,3,4,0.000000,0.000000,14,21,22,7,3,10,1,29,54,1.571429
26,0,1,6,76,519,1,4,3,4,0.000000,0.000000,42,4,62,1,8,9,1,6,76,1.476190
27,0,1,42,120,497,11,9,3,2,0.000000,0.000000,35,22,61,7,17,24,1,42,120,1.742857
28,0,1,35,104,424,22,17,3,2,0.000000,0.000000,26,24,54,10,15,25,1,35,104,2.076923
29,0,1,3,38,406,0,2,3,3,0.000000,0.000000,29,2,31,0,4,4,1,3,38,1.068966
30,0,28,226,-1,182,146,4,3,4,0.000000,7.000000,49,120,22,65,2,67,28,226,-1,0.448980
31,0,1,1,12,27,0,0,3,-1,-1.000000,-1.000000,10,0,10,0,1,1,1,1,12,1.000000
32,0,-1,-1,-1,-1,0,-1,-1,-1,-1.000000,-1.000000,51,0,0,0,0,0,-1,-1,-1,0.000000
33,0,-1,-1,-1,-1,0,-1,-1,-1,-1.000000,-1.000000,48,0,0,0,0,0,-1,-1,-1,0.000000
34,0,1,4,19,105,2,12,3,2,0.000000,0.000000,15,2,15,1,0,1,1,4,19,1.000000
35,0,1,7,66,393,5,2,3,4,0.000000,0.000000,30,5,40,1,19,20,1,7,66,1.333333
36,0,104,157,-1,429,33,12,3,4,6.000000,17.000000,42,33,84,13,9,22,104,157,-1,2.000000
37,0,1,11,45,356,2,3,3,4,0.000000,0.000000,15,7,23,3,11,14,1,11,45,1.533333
38,0,1,45,138,234,31,6,3,4,0.000000,0.000000,21,24,71,20,22,42,1,45,138,3.380952
39,0,1,12,53,421,9,11,3,4,0.000000,0.000000,24,9,34,2,7,9,1,12,53,1.416667
40,0,1,4,27,232,1,4,3,4,0.000000,0.000000,20,2,22,1,1,2,1,4,27,1.100000
41,0,1,12,75,403,4,13,3,2,0.000000,0.000000,25,8,47,3,16,19,1,12,75,1.880000
42,0,1,9,32,155,0,2,3,3,0.000000,0.000000,15,6,21,2,2,4,1,9,32,1.400000
43,0,31,37,96,514,6,12,3,2,3.000000,3.000000,38,5,54,1,5,6,31,37,96,1.421053
44,0,68,-1,-1,596,86,14,3,4,11.000000,23.000000,53,93,0,36,0,36,68,-1,-1,0.000000
45,0,4,65,141,467,12,7,3,4,0.000000,1.000000,32,33,52,15,24,39,4,65,141,1.625000
46,0,1,17,36,79,1,6,3,4,0.000000,0.000000,10,13,14,3,5,8,1,17,36,1.400000
47,0,61,76,147,529,8,8,3,4,0.000000,11.000000,36,11,64,4,7,11,61,76,147,1.777778
48,0,1,8,43,586,3,5,3,4,0.000000,0.000000,27,7,35,0,0,0,1,8,43,1.296296
49,0,1,18,93,565,8,4,3,4,0.000000,0.000000,36,15,60,2,15,17,1,18,93,1.666667
50,0,1,19,71,217,12,15,3,2,0.000000,0.000000,24,12,42,6,10,16,1,19,71,1.750000
51,0,6,21,120,277,9,5,3,3,0.000000,0.000000,44,12,86,3,13,16,6,21,120,1.954545
52,0,1,5,29,73,0,3,3,3,0.000000,0.000000,20,3,24,1,0,1,1,5,29,1.200000
53,0,-1,-1,-1,-1,0,-1,-1,-1,-1.000000,-1.000000,51,0,0,0,0,0,-1,-1,-1,0.000000
54,0,1,1,32,246,0,0,3,-1,-1.000000,-1.000000,21,0,27,0,4,4,1,1,32,1.285714
55,0,1,30,118,107,15,13,3,2,0.000000,0.000000,29,18,83,6,5,11,1,30,118,2.862069
56,0,65,70,139,580,0,5,3,4,0.000000,5.000000,45,1,65,0,4,4,65,70,139,1.444444
57,0,1,12,39,520,5,1,3,3,0.000000,0.000000,24,11,24,0,3,3,1,12,39,1.000000
58,0,-1,-1,-1,-1,0,-1,-1,-1,-1.000000,-1.000000,52,0,0,0,0,0,-1,-1,-1,0.000000
59,0,1,7,34,213,5,1,3,3,0.000000,0.000000,20,3,26,3,1,4,1,7,34,1.300000
60,0,75,76,168,350,1,11,3,4,4.000000,15.000000,35,1,67,0,25,25,75,76,168,1.914286
61,0,1,31,122,469,8,5,3,4,0.000000,0.000000,28,20,74,10,17,27,1,31,122,2.642857
62,0,1,11,38,494,7,2,3,3,0.000000,0.000000,17,10,21,0,6,6,1,11,38,1.235294
63,0,1,15,98,320,6,5,3,4,0.000000,0.000000,47,11,73,1,10,11,1,15,98,1.553191
64,0,1,4,48,221,0,3,3,4,0.000000,0.000000,15,3,39,0,5,5,1,4,48,2.600000
65,0,37,79,126,259,27,4,3,4,0.000000,3.000000,38,21,44,15,3,18,37,79,126,1.157895
66,0,67,78,177,587,3,17,3,4,9.000000,15.000000,35,2,71,2,28,30,67,78,177,2.028571
67,0,15,-1,-1,271,0,2,3,2,1.000000,1.000000,43,0,0,1,0,1,15,-1,-1,0.000000
68,0,1,1,35,490,0,0,3,-1,-1.000000,-1.000000,28,0,30,0,4,4,1,1,35,1.071429
69,0,1,21,95,68,10,15,3,2,0.000000,0.000000,30,13,62,7,12,19,1,21,95,2.066667
70,0,23,52,111,308,13,6,3,4,10.000000,11.000000,26,19,44,6,15,21,23,52,111,1.692308
71,0,1,3,66,147,2,5,3,3,0.000000,0.000000,46,1,58,1,5,6,1,3,66,1.260870
72,0,145,-1,-1,582,46,11,3,4,0.000000,4.000000,49,55,0,9,0,9,145,-1,-1,0.000000
73,0,1,34,61,471,6,16,3,4,0.000000,0.000000,22,13,24,4,3,7,1,34,61,1.090909
74,0,-1,-1,-1,-1,0,-1,-1,-1,-1.000000,-1.000000,45,0,0,0,0,0,-1,-1,-1,0.000000
75,0,-1,-1,-1,-1,0,-1,-1,-1,-1.000000,-1.000000,48,0,0,0,0,0,-1,-1,-1,0.000000
76,0,-1,-1,-1,-1,0,-1,-1,-1,-1.000000,-1.000000,55,0,0,0,0,0,-1,-1,-1,0.000000
77,0,1,3,53,529,2,1,3,3,0.000000,0.000000,30,1,38,1,12,13,1,3,53,1.266667
78,0,1,43,92,458,20,16,3,2,0.000000,0.000000,30,23,44,7,5,12,1,43,92,1.466667
79,0,38,90,163,307,21,16,3,2,12.000000,12.000000,39,23,61,21,12,33,38,90,163,1.564103
80,0,1,3,17,115,0,2,3,3,0.000000,0.000000,14,2,14,0,0,0,1,3,17,1.000000
81,0,1,7,39,508,0,6,3,4,0.000000,0.000000,19,6,27,0,5,5,1,7,39,1.421053
82,0,1,11,61,323,5,5,3,4,0.000000,0.000000,21,9,41,1,9,10,1,11,61,1.952381
83,0,1,4,21,50,2,3,3,4,0.000000,0.000000,8,2,10,1,7,8,1,4,21,1.250000
84,0,1,3,18,308,0,2,3,4,0.000000,0.000000,14,2,14,0,1,1,1,3,18,1.000000
85,0,6,46,122,555,6,13,3,2,0.000000,2.000000,36,6,72,4,4,8,6,46,122,2.000000
86,0,1,8,65,87,0,5,3,4,0.000000,0.000000,19,5,33,2,24,26,1,8,65,1.736842
87,0,1,15,96,443,8,2,3,3,0.000000,0.000000,24,9,62,2,19,21,1,15,96,2.583333
88,0,1,8,51,435,1,3,3,4,0.000000,0.000000,20,7,30,0,13,13,1,8,51,1.500000
89,0,1,19,74,551,9,3,3,4,0.000000,0.000000,36,16,50,2,5,7,1,19,74,1.388889
90,0,40,115,198,585,68,9,3,4,11.000000,14.000000,37,45,63,30,20,50,40,115,198,1.702703
91,0,1,11,43,325,4,4,3,4,0.000000,0.000000,24,8,28,2,4,6,1,11,43,1.166667
92,0,1,168,204,547,96,5,3,4,0.000000,0.000000,26,98,32,49,4,53,1,168,204,1.230769
93,0,1,15,77,473,10,1,3,3,0.000000,0.000000,28,9,54,5,8,13,1,15,77,1.928571
94,0,1,13,60,194,5,10,3,4,0.000000,0.000000,18,11,32,1,15,16,1,13,60,1.777778
95,0,1,24,112,543,6,1,3,3,0.000000,0.000000,25,15,65,8,23,31,1,24,112,2.600000
96,0,113,127,199,506,3,22,3,2,4.000000,4.000000,40,4,64,2,8,10,113,127,199,1.600000
97,0,1,18,86,202,14,3,3,4,0.000000,0.000000,18,11,50,6,18,24,1,18,86,2.777778
98,0,1,18,89,288,5,3,3,4,0.000000,0.000000,22,14,48,3,23,26,1,18,89,2.181818
99,0,1,7,41,268,1,4,3,4,0.000000,0.000000,26,5,32,1,2,3,1,7,41,1.230769
100,0,1,6,68,491,0,3,3,4,0.000000,0.000000,39,5,59,0,3,3,1,6,68,1.512821
101,0,1,16,35,184,15,1,3,3,0.000000,0.000000,17,7,17,8,2,10,1,16,35,1.000000
102,0,1,2,37,539,1,7,3,4,0.000000,0.000000,26,1,30,0,5,5,1,2,37,1.153846
103,0,1,10,49,314,4,3,3,4,0.000000,0.000000,30,5,36,3,3,6,1,10,49,1.200000
104,0,3,-1,-1,565,9,4,3,4,0.000000,0.000000,37,29,0,17,0,17,3,-1,-1,0.000000
105,0,1,15,74,197,0,13,3,2,0.000000,0.000000,13,13,45,1,14,15,1,15,74,3.461538
106,0,1,5,68,475,1,1,3,3,0.000000,0.000000,36,3,60,1,3,4,1,5,68,1.666667
107,0,1,21,113,379,9,10,3,2,0.000000,0.000000,23,15,69,5,23,28,1,21,113,3.000000
108,0,13,49,129,511,3,2,3,4,0.000000,4.000000,50,7,76,1,4,5,13,49,129,1.520000
109,0,1,8,60,336,4,4,3,3,0.000000,0.000000,17,6,41,1,11,12,1,8,60,2.411765
110,0,-1,-1,-1,-1,0,-1,-1,-1,-1.000000,-1.000000,42,0,0,0,0,0,-1,-1,-1,0.000000
111,0,1,10,102,509,5,16,3,2,0.000000,0.000000,30,8,80,1,12,13,1,10,102,2.666667
112,0,1,3,34,515,1,2,3,4,0.000000,0.000000,30,1,30,1,1,2,1,3,34,1.000000
113,0,17,-1,-1,572,12,7,3,4,5.000000,7.000000,36,18,0,6,0,6,17,-1,-1,0.000000
114,0,1,15,45,58,2,3,3,4,0.000000,0.000000,11,13,23,1,7,8,1,15,45,2.090909
115,0,1,9,33,538,2,6,3,4,0.000000,0.000000,19,7,19,1,5,6,1,9,33,1.000000
116,0,1,33,73,303,16,11,3,4,0.000000,0.000000,21,28,35,4,5,9,1,33,73,1.666667
117,0,145,205,-1,317,28,20,3,2,3.000000,3.000000,47,39,44,3,1,4,145,205,-1,0.936170
118,0,88,245,-1,256,85,20,3,2,1.000000,1.000000,58,75,5,26,0,26,88,245,-1,0.086207
119,0,57,-1,-1,540,143,12,3,2,8.000000,9.000000,52,121,0,66,0,66,57,-1,-1,0.000000
120,0,1,17,65,449,3,2,3,3,0.000000,0.000000,29,13,37,3,11,14,1,17,65,1.275862
121,0,1,9,91,134,0,4,3,4,0.000000,0.000000,16,8,66,0,16,16,1,9,91,4.125000
122,0,1,4,25,216,3,1,3,3,0.000000,0.000000,19,3,21,0,0,0,1,4,25,1.105263
123,0,148,-1,-1,575,20,5,3,4,0.000000,1.000000,53,22,0,9,0,9,148,-1,-1,0.000000
124,0,1,3,37,81,0,2,3,3,0.000000,0.000000,14,2,24,0,10,10,1,3,37,1.714286
125,0,1,15,28,138,1,11,3,4,0.000000,0.000000,11,14,13,0,0,0,1,15,28,1.181818
126,0,1,5,54,365,2,4,3,4,0.000000,0.000000,28,3,36,1,13,14,1,5,54,1.285714
127,0,38,64,149,567,19,14,3,4,7.000000,16.000000,44,23,74,3,11,14,38,64,149,1.681818
128,0,1,8,61,568,1,4,3,4,0.000000,0.000000,22,7,48,0,5,5,1,8,61,2.181818
129,0,1,12,40,413,5,3,3,4,0.000000,0.000000,18,8,26,3,2,5,1,12,40,1.444444
130,0,43,96,196,520,12,10,3,4,6.000000,17.000000,51,21,83,6,17,23,43,96,196,1.627451
131,0,73,220,-1,249,120,20,3,2,4.000000,4.000000,48,90,26,56,4,60,73,220,-1,0.541667
132,0,30,30,125,518,0,0,3,-1,-1.000000,-1.000000,45,0,87,0,8,8,30,30,125,1.933333
133,0,1,15,101,386,10,11,3,2,0.000000,0.000000,34,10,58,4,28,32,1,15,101,1.705882
134,0,1,6,36,309,4,3,3,4,0.000000,0.000000,27,4,29,1,1,2,1,6,36,1.074074
135,0,1,7,59,512,5,1,3,3,0.000000,0.000000,25,5,39,1,13,14,1,7,59,1.560000
136,0,9,17,74,513,2,4,3,4,0.000000,2.000000,43,5,53,1,4,5,9,17,74,1.232558
137,0,1,14,63,333,6,9,3,2,0.000000,0.000000,23,10,35,3,14,17,1,14,63,1.521739
138,0,1,14,59,300,2,17,3,4,0.000000,0.000000,26,12,40,1,5,6,1,14,59,1.538462
139,0,91,137,224,596,2,16,3,2,8.000000,8.000000,54,8,80,1,7,8,91,137,224,1.481481
140,0,-1,-1,-1,-1,0,-1,-1,-1,-1.000000,-1.000000,44,0,0,0,0,0,-1,-1,-1,0.000000
141,0,1,50,70,135,24,2,3,4,0.000000,0.000000,10,41,16,8,4,12,1,50,70,1.600000
142,0,1,66,139,22,20,1,3,3,0.000000,0.000000,10,46,58,19,15,34,1,66,139,5.800000
143,0,63,80,128,587,12,16,3,2,4.000000,4.000000,32,13,46,3,2,5,63,80,128,1.437500
144,0,4,52,142,505,7,2,3,3,0.000000,1.000000,55,12,85,4,5,9,4,52,142,1.545455
145,0,127,171,244,301,33,17,3,3,1.000000,1.000000,31,38,51,5,22,27,127,171,244,1.645161
146,0,169,-1,-1,237,10,13,3,2,4.000000,4.000000,47,9,0,4,0,4,169,-1,-1,0.000000
147,0,1,4,22,13,0,3,3,4,0.000000,0.000000,17,3,17,0,1,1,1,4,22,1.000000
148,0,1,2,41,549,0,1,3,3,0.000000,0.000000,27,1,37,0,2,2,1,2,41,1.370370
149,0,38,142,213,523,77,8,3,4,9.000000,11.000000,31,72,61,32,10,42,38,142,213,1.967742
150,0,1,7,51,376,5,3,3,4,0.000000,0.000000,25,6,35,0,9,9,1,7,51,1.400000
151,0,-1,-1,-1,-1,0,-1,-1,-1,-1.000000,-1.000000,45,0,0,0,0,0,-1,-1,-1,0.000000
152,0,1,2,41,244,1,16,3,2,0.000000,0.000000,22,1,28,0,11,11,1,2,41,1.272727
153,0,1,15,121,430,11,6,3,4,0.000000,0.000000,24,13,82,1,24,25,1,15,121,3.416667
154,0,173,-1,-1,587,4,19,3,2,0.000000,0.000000,43,6,0,1,0,1,173,-1,-1,0.000000
155,0,1,12,27,1,0,4,3,4,0.000000,0.000000,8,8,14,3,1,4,1,12,27,1.750000
156,0,-1,-1,-1,-1,0,-1,-1,-1,-1.000000,-1.000000,43,0,0,0,0,0,-1,-1,-1,0.000000
157,0,1,19,78,587,2,5,3,4,0.000000,0.000000,35,10,55,0,4,4,1,19,78,1.571429
158,0,21,23,102,592,0,2,3,3,0.000000,1.000000,53,1,71,0,8,8,21,23,102,1.339623
159,0,41,104,186,154,52,21,3,2,7.000000,7.000000,38,40,62,22,20,42,41,104,186,1.631579
160,0,1,20,122,597,7,1,3,3,0.000000,0.000000,39,15,79,4,23,27,1,20,122,2.025641
161,0,1,14,40,181,5,3,3,4,0.000000,0.000000,17,8,23,5,3,8,1,14,40,1.352941
162,0,1,4,36,231,1,4,3,4,0.000000,0.000000,21,3,27,0,5,5,1,4,36,1.285714
163,0,1,7,55,593,2,2,3,3,0.000000,0.000000,25,6,39,0,9,9,1,7,55,1.560000
164,0,2,20,111,575,0,3,3,4,0.000000,0.000000,44,4,78,5,13,18,2,20,111,1.772727
165,0,-1,-1,-1,-1,0,-1,-1,-1,-1.000000,-1.000000,48,0,0,0,0,0,-1,-1,-1,0.000000
166,0,26,-1,-1,252,18,5,3,4,0.000000,10.000000,45,20,0,6,0,6,26,-1,-1,0.000000
167,0,3,16,64,556,5,4,3,4,0.000000,0.000000,34,11,44,2,4,6,3,16,64,1.294118
168,0,1,1,19,199,0,0,3,-1,-1.000000,-1.000000,9,0,17,0,1,1,1,1,19,1.888889
169,0,1,19,114,477,6,6,3,4,0.000000,0.000000,37,12,73,6,22,28,1,19,114,1.972973
170,0,1,5,41,237,1,3,3,3,0.000000,0.000000,19,3,31,1,5,6,1,5,41,1.631579
171,0,13,36,108,499,1,3,3,4,0.000000,2.000000,46,11,66,1,6,7,13,36,108,1.434783
172,0,1,2,47,550,1,11,3,4,0.000000,0.000000,28,1,32,0,13,13,1,2,47,1.142857
173,0,1,53,85,521,23,10,3,2,0.000000,0.000000,27,31,29,5,3,8,1,53,85,1.074074
174,0,1,9,57,429,3,5,3,4,0.000000,0.000000,37,6,45,2,3,5,1,9,57,1.216216
175,0,1,11,27,40,8,13,3,2,0.000000,0.000000,14,9,16,1,0,1,1,11,27,1.142857
176,0,1,8,87,589,3,7,3,4,0.000000,0.000000,33,4,69,1,10,11,1,8,87,2.090909
177,0,3,21,117,420,3,3,3,4,0.000000,0.000000,39,7,69,2,27,29,3,21,117,1.769231
178,0,1,12,89,252,7,10,3,2,0.000000,0.000000,23,10,59,1,18,19,1,12,89,2.565217
179,0,-1,-1,-1,-1,0,-1,-1,-1,-1.000000,-1.000000,41,0,0,0,0,0,-1,-1,-1,0.000000
180,0,1,2,22,26,0,1,3,3,0.000000,0.000000,12,1,18,0,2,2,1,2,22,1.500000
181,0,1,8,35,161,1,10,3,2,0.000000,0.000000,12,7,20,0,7,7,1,8,35,1.666667
182,0,1,19,77,334,0,12,3,2,0.000000,0.000000,17,12,37,4,21,25,1,19,77,2.176471
183,0,1,107,150,562,19,2,3,4,0.000000,0.000000,31,27,41,12,2,14,1,107,150,1.322581
184,0,1,2,24,284,1,4,3,4,0.000000,0.000000,17,1,21,0,1,1,1,2,24,1.235294
185,0,1,1,43,464,0,0,3,-1,-1.000000,-1.000000,23,0,31,0,11,11,1,1,43,1.347826
186,0,1,5,30,357,2,6,3,4,0.000000,0.000000,22,4,24,0,1,1,1,5,30,1.090909
187,0,184,192,-1,164,5,11,3,4,0.000000,0.000000,39,6,49,2,9,11,184,192,-1,1.256410
188,0,85,-1,-1,77,98,20,3,2,1.000000,1.000000,55,92,0,31,0,31,85,-1,-1,0.000000
189,0,191,-1,-1,256,0,13,3,3,0.000000,0.000000,43,1,0,0,0,0,191,-1,-1,0.000000
190,0,1,14,75,34,9,2,3,4,0.000000,0.000000,22,9,54,4,7,11,1,14,75,2.454545
191,0,-1,-1,-1,-1,0,-1,-1,-1,-1.000000,-1.000000,53,0,0,0,0,0,-1,-1,-1,0.000000
192,0,1,15,51,6,4,13,3,2,0.000000,0.000000,9,12,31,2,5,7,1,15,51,3.444444
193,0,1,5,34,574,1,7,3,4,0.000000,0.000000,23,4,27,0,2,2,1,5,34,1.173913
194,0,1,14,80,248,7,6,3,4,0.000000,0.000000,27,10,57,3,9,12,1,14,80,2.111111
195,0,1,5,12,10,0,4,3,3,0.000000,0.000000,7,4,7,0,0,0,1,5,12,1.000000
196,0,1,35,52,168,6,5,3,4,0.000000,0.000000,13,28,15,6,2,8,1,35,52,1.153846
197,0,1,2,43,351,0,1,3,3,0.000000,0.000000,17,1,35,0,6,6,1,2,43,2.058824
198,0,1,5,61,578,3,7,3,4,0.000000,0.000000,33,4,45,0,11,11,1,5,61,1.363636
199,0,1,1,17,102,0,0,3,-1,-1.000000,-1.000000,14,0,16,0,0,0,1,1,17,1.142857
200,0,1,1,36,570,0,0,3,-1,-1.000000,-1.000000,32,0,34,0,1,1,1,1,36,1.062500
201,0,6,108,186,5,35,3,3,4,0.000000,1.000000,30,37,72,21,6,27,6,108,186,2.400000
202,0,-1,-1,-1,-1,0,-1,-1,-1,-1.000000,-1.000000,45,0,0,0,0,0,-1,-1,-1,0.000000
203,0,1,78,180,250,49,4,3,3,0.000000,0.000000,21,61,71,16,31,47,1,78,180,3.380952
204,0,1,36,105,461,17,9,3,4,0.000000,0.000000,28,18,60,5,9,14,1,36,105,2.142857
205,0,1,19,74,514,0,8,3,4,0.000000,0.000000,29,12,49,1,6,7,1,19,74,1.689655
206,0,1,3,19,51,0,2,3,3,0.000000,0.000000,14,2,16,0,0,0,1,3,19,1.142857
207,0,1,17,82,139,2,12,3,2,0.000000,0.000000,18,12,40,4,25,29,1,17,82,2.222222
208,0,1,4,37,316,3,8,3,3,0.000000,0.000000,29,3,33,0,0,0,1,4,37,1.137931
209,0,64,78,151,549,10,9,3,2,10.000000,10.000000,44,9,70,5,3,8,64,78,151,1.590909
210,0,4,6,55,586,0,2,3,3,0.000000,1.000000,34,1,42,0,7,7,4,6,55,1.235294
211,0,4,7,45,515,2,1,3,3,0.000000,1.000000,33,1,35,2,3,5,4,7,45,1.060606
212,0,1,2,22,182,0,1,3,3,0.000000,0.000000,17,1,19,0,1,1,1,2,22,1.117647
213,0,1,2,29,162,0,1,3,3,0.000000,0.000000,16,1,20,0,7,7,1,2,29,1.250000
214,0,1,16,109,318,0,4,3,3,0.000000,0.000000,30,6,68,9,25,34,1,16,109,2.266667
215,0,1,4,37,53,2,4,3,3,0.000000,0.000000,17,3,29,0,4,4,1,4,37,1.705882
216,0,1,29,90,390,4,15,3,4,0.000000,0.000000,27,19,59,4,2,6,1,29,90,2.185185
217,0,1,28,128,359,16,14,3,2,0.000000,0.000000,23,14,77,13,23,36,1,28,128,3.347826
218,0,1,15,86,106,8,3,3,4,0.000000,0.000000,26,13,56,1,15,16,1,15,86,2.153846
219,0,75,110,193,491,22,19,3,4,1.000000,6.000000,50,17,70,15,13,28,75,110,193,1.400000
220,0,-1,-1,-1,-1,0,-1,-1,-1,-1.000000,-1.000000,44,0,0,0,0,0,-1,-1,-1,0.000000
221,0,1,18,37,11,0,12,3,2,0.000000,0.000000,13,16,13,1,6,7,1,18,37,1.000000
222,0,1,6,42,368,2,1,3,3,0.000000,0.000000,27,5,33,0,3,3,1,6,42,1.222222
223,0,1,13,48,44,3,5,3,4,0.000000,0.000000,17,10,25,2,10,12,1,13,48,1.470588
224,0,60,141,219,529,59,7,3,4,0.000000,8.000000,33,54,67,27,11,38,60,141,219,2.030303
225,0,1,10,20,49,0,6,3,4,0.000000,0.000000,7,6,9,3,1,4,1,10,20,1.285714
226,0,1,111,180,498,48,8,3,2,0.000000,0.000000,34,57,50,22,19,41,1,111,180,1.470588
227,0,1,4,43,343,2,2,3,2,0.000000,0.000000,21,1,31,2,8,10,1,4,43,1.476190
228,0,1,2,30,222,0,1,3,3,0.000000,0.000000,21,1,25,0,3,3,1,2,30,1.190476
229,0,1,8,58,119,3,5,3,4,0.000000,0.000000,23,6,47,1,3,4,1,8,58,2.043478
230,0,238,-1,-1,513,7,17,3,2,2.000000,2.000000,46,6,0,5,0,5,238,-1,-1,0.000000
231,0,32,38,135,292,4,24,3,2,6.000000,6.000000,36,4,70,2,27,29,32,38,135,1.944444
232,0,1,1,19,76,0,0,3,-1,-1.000000,-1.000000,12,0,18,0,0,0,1,1,19,1.500000
233,0,141,170,247,565,23,16,3,2,0.000000,0.000000,42,25,62,4,15,19,141,170,247,1.476190
234,0,1,7,79,414,3,4,3,4,0.000000,0.000000,31,6,53,0,19,19,1,7,79,1.709677
235,0,1,17,64,571,5,5,3,4,0.000000,0.000000,31,10,37,5,10,15,1,17,64,1.193548
236,0,3,33,122,572,10,15,3,2,1.000000,1.000000,38,17,84,2,5,7,3,33,122,2.210526
237,0,1,12,27,46,2,4,3,4,0.000000,0.000000,11,10,13,1,2,3,1,12,27,1.181818
238,0,1,1,20,238,0,0,3,-1,-1.000000,-1.000000,19,0,19,0,0,0,1,1,20,1.000000
239,0,1,3,31,428,2,3,3,4,0.000000,0.000000,25,1,27,1,1,2,1,3,31,1.080000
240,0,-1,-1,-1,-1,0,-1,-1,-1,-1.000000,-1.000000,47,0,0,0,0,0,-1,-1,-1,0.000000
241,0,1,3,27,89,0,2,3,3,0.000000,0.000000,15,2,21,0,3,3,1,3,27,1.400000
242,0,15,25,134,362,4,3,3,4,1.000000,5.000000,29,8,87,2,22,24,15,25,134,3.000000
243,0,1,3,54,488,1,6,3,4,0.000000,0.000000,32,2,46,0,5,5,1,3,54,1.437500
244,0,1,9,28,385,4,8,3,4,0.000000,0.000000,15,8,19,0,0,0,1,9,28,1.266667
245,0,78,219,-1,174,116,17,3,2,8.000000,8.000000,58,85,26,52,5,57,78,219,-1,0.448276
246,0,1,65,159,532,30,15,3,2,0.000000,0.000000,25,50,63,12,31,43,1,65,159,2.520000
247,0,127,176,-1,565,30,15,3,4,1.000000,1.000000,28,39,63,6,11,17,127,176,-1,2.250000
248,0,1,95,158,495,44,10,3,4,0.000000,0.000000,33,63,53,12,10,22,1,95,158,1.606061
249,0,1,37,93,56,23,8,3,4,0.000000,0.000000,21,30,37,6,19,25,1,37,93,1.761905
250,0,1,4,69,338,1,13,3,4,0.000000,0.000000,36,2,54,1,11,12,1,4,69,1.500000
251,0,5,18,103,511,2,1,3,3,0.000000,1.000000,47,7,81,2,4,6,5,18,103,1.723404
252,0,1,38,82,358,11,6,3,4,0.000000,0.000000,26,29,38,3,6,9,1,38,82,1.461538
253,0,1,36,138,272,22,2,3,3,0.000000,0.000000,22,23,82,12,20,32,1,36,138,3.727273
254,0,1,6,37,273,2,6,3,4,0.000000,0.000000,29,4,31,1,0,1,1,6,37,1.068966
255,0,1,16,96,20,2,13,3,2,0.000000,0.000000,11,15,57,0,23,23,1,16,96,5.181818
256,0,-1,-1,-1,-1,0,-1,-1,-1,-1.000000,-1.000000,41,0,0,0,0,0,-1,-1,-1,0.000000
257,0,1,8,23,21,0,2,3,3,0.000000,0.000000,11,6,13,1,2,3,1,8,23,1.181818
258,0,1,12,30,7,0,3,3,4,0.000000,0.000000,16,5,16,6,2,8,1,12,30,1.000000
259,0,-1,-1,-1,-1,0,-1,-1,-1,-1.000000,-1.000000,50,0,0,0,0,0,-1,-1,-1,0.000000
260,0,60,94,176,583,29,7,3,4,11.000000,13.000000,38,17,64,17,18,35,60,94,176,1.684211
261,0,1,9,31,229,5,11,3,2,0.000000,0.000000,16,8,18,0,4,4,1,9,31,1.125000
262,0,46,74,140,583,19,13,3,2,2.000000,4.000000,47,15,63,11,3,14,46,74,140,1.340426
263,0,1,7,60,152,2,4,3,4,0.000000,0.000000,23,5,37,1,16,17,1,7,60,1.608696
264,0,-1,-1,-1,-1,0,-1,-1,-1,-1.000000,-1.000000,45,0,0,0,0,0,-1,-1,-1,0.000000
265,0,1,4,24,137,1,7,3,4,0.000000,0.000000,19,3,19,0,1,1,1,4,24,1.000000
266,0,1,77,143,576,32,5,3,4,0.000000,0.000000,49,47,63,13,3,16,1,77,143,1.285714
267,0,1,63,164,329,27,6,3,4,0.000000,0.000000,18,46,74,13,27,40,1,63,164,4.111111
268,0,-1,-1,-1,-1,0,-1,-1,-1,-1.000000,-1.000000,48,0,0,0,0,0,-1,-1,-1,0.000000
269,0,1,7,76,535,3,3,3,4,0.000000,0.000000,27,6,55,0,14,14,1,7,76,2.037037
270,0,1,10,34,114,3,12,3,2,0.000000,0.000000,18,8,22,1,2,3,1,10,34,1.222222
271,0,-1,-1,-1,-1,0,-1,-1,-1,-1.000000,-1.000000,53,0,0,0,0,0,-1,-1,-1,0.000000
272,0,1,1,31,259,0,0,3,-1,-1.000000,-1.000000,27,0,27,0,3,3,1,1,31,1.000000
273,0,1,2,27,344,1,16,3,2,0.000000,0.000000,25,1,25,0,0,0,1,2,27,1.000000
274,0,29,38,131,161,1,8,3,4,4.000000,10.000000,46,7,68,2,25,27,29,38,131,1.478261
275,0,1,5,18,35,1,9,3,2,0.000000,0.000000,10,4,12,0,1,1,1,5,18,1.200000
276,0,5,8,51,556,0,3,3,4,0.000000,0.000000,35,2,39,0,4,4,5,8,51,1.114286
277,0,1,2,27,24,0,1,3,3,0.000000,0.000000,10,1,18,0,7,7,1,2,27,1.800000
278,0,1,1,35,388,0,0,3,-1,-1.000000,-1.000000,26,0,32,0,2,2,1,1,35,1.230769
279,0,90,153,231,170,47,23,3,2,3.000000,3.000000,55,37,69,26,9,35,90,153,231,1.254545
280,0,1,20,99,553,15,1,3,3,0.000000,0.000000,28,15,78,4,1,5,1,20,99,2.785714
281,0,1,48,109,389,12,4,3,4,0.000000,0.000000,31,36,49,7,12,19,1,48,109,1.580645
282,0,20,-1,-1,592,87,3,3,4,1.000000,3.000000,52,75,0,49,0,49,20,-1,-1,0.000000
283,0,88,-1,-1,93,130,23,3,4,3.000000,14.000000,45,92,0,62,0,62,88,-1,-1,0.000000
284,0,98,-1,-1,352,65,15,3,4,5.000000,8.000000,57,53,0,36,0,36,98,-1,-1,0.000000
285,0,23,25,120,176,1,12,3,4,1.000000,10.000000,40,0,84,2,11,13,23,25,120,2.100000
286,0,6,6,68,547,0,0,3,-1,-1.000000,-1.000000,31,0,51,0,11,11,6,6,68,1.645161
287,0,2,36,97,599,0,3,3,4,0.000000,0.000000,37,1,53,0,8,8,2,36,97,1.432432
288,0,1,32,117,542,17,8,3,4,0.000000,0.000000,26,21,80,4,5,9,1,32,117,3.076923
289,0,1,15,77,384,5,1,3,3,0.000000,0.000000,29,9,39,5,23,28,1,15,77,1.344828
290,0,7,7,53,573,0,0,3,-1,-1.000000,-1.000000,42,0,44,0,2,2,7,7,53,1.047619
291,0,1,8,40,486,4,4,3,4,0.000000,0.000000,27,7,29,0,3,3,1,8,40,1.074074
292,0,1,4,42,247,1,4,3,4,0.000000,0.000000,24,3,34,0,4,4,1,4,42,1.416667
293,0,1,85,167,179,53,4,3,4,0.000000,0.000000,17,66,67,18,15,33,1,85,167,3.941176
294,0,52,112,202,591,20,12,3,2,3.000000,3.000000,48,23,76,17,14,31,52,112,202,1.583333
295,0,1,62,140,564,8,2,3,3,0.000000,0.000000,29,24,57,6,21,27,1,62,140,1.965517
296,0,1,5,57,462,1,6,3,4,0.000000,0.000000,41,4,47,0,5,5,1,5,57,1.146341
297,0,1,2,29,158,0,1,3,3,0.000000,0.000000,21,1,23,0,4,4,1,2,29,1.095238
298,0,1,25,102,463,7,7,3,4,0.000000,0.000000,28,14,54,8,23,31,1,25,102,1.928571
299,0,1,21,84,228,2,8,3,4,0.000000,0.000000,18,15,50,5,13,18,1,21,84,2.777778
300,0,1,3,13,15,0,2,3,3,0.000000,0.000000,6,2,10,0,0,0,1,3,13,1.666667
301,0,1,14,78,524,4,6,3,4,0.000000,0.000000,44,8,60,5,4,9,1,14,78,1.363636
302,0,25,72,143,308,14,4,3,4,0.000000,11.000000,27,24,55,14,16,30,25,72,143,2.037037
303,0,1,22,57,459,5,9,3,2,0.000000,0.000000,23,20,31,1,4,5,1,22,57,1.347826
304,0,6,215,-1,572,17,12,3,2,0.000000,0.000000,42,36,34,9,1,10,6,215,-1,0.809524
305,0,1,13,51,254,2,10,3,2,0.000000,0.000000,18,10,30,2,8,10,1,13,51,1.666667
306,0,1,8,79,456,6,1,3,3,0.000000,0.000000,32,6,52,1,19,20,1,8,79,1.625000
307,0,6,15,86,573,6,1,3,3,0.000000,1.000000,41,8,65,1,6,7,6,15,86,1.585366
308,0,1,5,46,566,1,14,3,4,0.000000,0.000000,35,4,39,0,2,2,1,5,46,1.114286
309,0,3,115,173,506,61,5,3,3,0.000000,0.000000,38,61,50,31,8,39,3,115,173,1.315789
310,0,-1,-1,-1,-1,0,-1,-1,-1,-1.000000,-1.000000,55,0,0,0,0,0,-1,-1,-1,0.000000
311,0,39,50,136,439,1,10,3,4,7.000000,12.000000,49,9,81,2,5,7,39,50,136,1.653061
312,0,1,22,97,353,5,5,3,4,0.000000,0.000000,27,16,59,5,16,21,1,22,97,2.185185
313,0,2,34,92,596,1,15,3,2,0.000000,0.000000,37,3,49,1,9,10,2,34,92,1.324324
314,0,1,11,39,124,2,12,3,2,0.000000,0.000000,13,10,21,0,7,7,1,11,39,1.615385
315,0,63,143,231,469,49,13,3,4,2.000000,19.000000,48,45,72,19,16,35,63,143,231,1.500000
316,0,1,5,14,2,0,1,3,3,0.000000,0.000000,9,3,9,1,0,1,1,5,14,1.000000
317,0,64,101,164,166,25,21,3,2,4.000000,5.000000,33,30,63,6,0,6,64,101,164,1.909091
318,0,1,8,75,312,0,3,3,4,0.000000,0.000000,30,5,52,2,15,17,1,8,75,1.733333
319,0,-1,-1,-1,-1,0,-1,-1,-1,-1.000000,-1.000000,44,0,0,0,0,0,-1,-1,-1,0.000000
320,0,-1,-1,-1,-1,0,-1,-1,-1,-1.000000,-1.000000,49,0,0,0,0,0,-1,-1,-1,0.000000
321,0,1,26,74,96,6,4,3,4,0.000000,0.000000,19,20,39,5,9,14,1,26,74,2.052632
322,0,1,5,53,211,1,4,3,4,0.000000,0.000000,29,3,39,1,9,10,1,5,53,1.344828
323,0,1,14,49,340,4,3,3,4,0.000000,0.000000,19,11,31,2,4,6,1,14,49,1.631579
324,0,1,4,50,472,3,2,3,3,0.000000,0.000000,30,2,40,1,6,7,1,4,50,1.333333
325,0,1,9,26,145,4,1,3,3,0.000000,0.000000,13,7,15,1,2,3,1,9,26,1.153846
326,0,1,4,24,38,0,3,3,4,0.000000,0.000000,14,3,20,0,0,0,1,4,24,1.428571
327,0,1,87,188,354,22,5,3,4,0.000000,0.000000,20,48,78,25,23,48,1,87,188,3.900000
328,0,-1,-1,-1,-1,0,-1,-1,-1,-1.000000,-1.000000,44,0,0,0,0,0,-1,-1,-1,0.000000
329,0,1,8,21,43,1,6,3,4,0.000000,0.000000,11,4,13,3,0,3,1,8,21,1.181818
330,0,1,10,73,588,4,9,3,2,0.000000,0.000000,47,7,59,2,4,6,1,10,73,1.255319
331,0,1,6,41,302,3,8,3,4,0.000000,0.000000,27,4,29,1,6,7,1,6,41,1.074074
332,0,15,15,113,337,0,0,3,-1,-1.000000,-1.000000,30,0,74,0,24,24,15,15,113,2.466667
333,0,1,4,61,442,1,14,3,4,0.000000,0.000000,31,2,45,0,12,12,1,4,61,1.451613
334,0,172,-1,-1,272,6,25,3,2,2.000000,6.000000,42,7,0,1,0,1,172,-1,-1,0.000000
335,0,1,9,62,552,7,2,3,4,0.000000,0.000000,27,5,37,3,16,19,1,9,62,1.370370
336,0,1,25,80,223,16,2,3,3,0.000000,0.000000,18,19,42,4,13,17,1,25,80,2.333333
337,0,1,7,57,276,2,1,3,3,0.000000,0.000000,23,6,43,0,7,7,1,7,57,1.869565
338,0,-1,-1,-1,-1,0,-1,-1,-1,-1.000000,-1.000000,60,0,0,0,0,0,-1,-1,-1,0.000000
339,0,-1,-1,-1,-1,0,-1,-1,-1,-1.000000,-1.000000,52,0,0,0,0,0,-1,-1,-1,0.000000
340,0,1,28,105,505,9,5,3,4,0.000000,0.000000,47,20,69,5,8,13,1,28,105,1.468085
341,0,1,6,47,324,2,9,3,3,0.000000,0.000000,27,4,33,1,8,9,1,6,47,1.222222
342,0,1,22,124,513,7,6,3,4,0.000000,0.000000,26,16,74,5,28,33,1,22,124,2.846154
343,0,1,26,41,291,10,5,3,4,0.000000,0.000000,12,23,12,2,3,5,1,26,41,1.000000
344,0,-1,-1,-1,-1,0,-1,-1,-1,-1.000000,-1.000000,51,0,0,0,0,0,-1,-1,-1,0.000000
345,0,188,-1,-1,566,5,4,3,3,2.000000,2.000000,41,6,0,4,0,4,188,-1,-1,0.000000
346,0,1,5,103,555,1,18,3,4,0.000000,0.000000,32,2,86,0,12,12,1,5,103,2.687500
347,0,51,61,149,343,2,10,3,2,0.000000,0.000000,44,3,72,2,16,18,51,61,149,1.636364
348,0,1,25,108,160,16,6,3,4,0.000000,0.000000,19,20,73,4,10,14,1,25,108,3.842105
349,0,1,18,111,556,5,6,3,4,0.000000,0.000000,32,17,58,0,35,35,1,18,111,1.812500
350,0,1,13,33,525,1,1,3,3,0.000000,0.000000,14,5,18,7,2,9,1,13,33,1.285714
351,0,1,11,100,277,5,8,3,4,0.000000,0.000000,33,10,67,0,22,22,1,11,100,2.030303
352,0,1,14,43,523,3,3,3,4,0.000000,0.000000,18,9,22,4,7,11,1,14,43,1.222222
353,0,-1,-1,-1,-1,0,-1,-1,-1,-1.000000,-1.000000,48,0,0,0,0,0,-1,-1,-1,0.000000
354,0,1,169,-1,598,108,11,3,4,0.000000,0.000000,35,88,58,65,23,88,1,169,-1,1.657143
355,0,51,137,187,473,51,9,3,4,1.000000,2.000000,45,50,49,18,1,19,51,137,187,1.088889
356,0,1,10,48,255,6,8,3,4,0.000000,0.000000,21,6,29,3,9,12,1,10,48,1.380952
357,0,8,8,93,594,0,0,3,-1,-1.000000,-1.000000,38,0,58,0,27,27,8,8,93,1.526316
358,0,1,6,43,375,3,6,3,4,0.000000,0.000000,25,5,33,0,4,4,1,6,43,1.320000
359,0,1,5,45,219,0,3,3,4,0.000000,0.000000,17,3,33,1,7,8,1,5,45,1.941176
360,0,1,7,44,289,1,4,3,3,0.000000,0.000000,25,4,33,2,4,6,1,7,44,1.320000
361,0,1,31,91,444,5,16,3,2,0.000000,0.000000,33,11,53,2,7,9,1,31,91,1.606061
362,0,1,18,61,415,7,11,3,4,0.000000,0.000000,32,12,36,5,7,12,1,18,61,1.125000
363,0,15,-1,-1,242,1,3,3,4,1.000000,2.000000,40,3,0,5,0,5,15,-1,-1,0.000000
364,0,1,11,22,37,1,1,3,3,0.000000,0.000000,11,7,11,3,0,3,1,11,22,1.000000
365,0,1,10,53,144,3,7,3,4,0.000000,0.000000,19,7,35,2,8,10,1,10,53,1.842105
366,0,1,21,111,518,14,3,3,4,0.000000,0.000000,29,19,83,1,7,8,1,21,111,2.862069
367,0,64,74,132,470,8,1,3,3,0.000000,0.000000,39,6,49,4,9,13,64,74,132,1.256410
368,0,1,8,52,467,3,10,3,4,0.000000,0.000000,28,7,38,0,6,6,1,8,52,1.357143
369,0,-1,-1,-1,-1,0,-1,-1,-1,-1.000000,-1.000000,57,0,0,0,0,0,-1,-1,-1,0.000000
370,0,10,10,71,589,0,0,3,-1,-1.000000,-1.000000,43,0,49,0,12,12,10,10,71,1.139535
371,0,1,7,27,118,3,4,3,4,0.000000,0.000000,7,4,11,2,9,11,1,7,27,1.571429
372,0,1,13,47,128,9,5,3,4,0.000000,0.000000,14,10,26,2,8,10,1,13,47,1.857143
373,0,1,11,27,154,3,5,3,4,0.000000,0.000000,15,5,15,5,1,6,1,11,27,1.000000
374,0,1,5,33,200,3,3,3,4,0.000000,0.000000,19,3,25,1,3,4,1,5,33,1.315789
375,0,51,139,231,73,62,18,3,2,6.000000,7.000000,44,58,76,24,16,40,51,139,231,1.727273
376,0,1,1,47,577,0,0,3,-1,-1.000000,-1.000000,36,0,46,0,0,0,1,1,47,1.277778
377,0,1,8,37,180,2,3,3,4,0.000000,0.000000,19,6,23,1,6,7,1,8,37,1.210526
378,0,56,151,-1,301,80,1,3,3,0.000000,0.000000,47,53,96,41,3,44,56,151,-1,2.042553
379,0,1,40,85,245,24,1,3,3,0.000000,0.000000,23,31,35,8,10,18,1,40,85,1.521739
380,0,1,1,49,410,0,0,3,-1,-1.000000,-1.000000,32,0,42,0,6,6,1,1,49,1.312500
381,0,1,5,24,510,2,1,3,3,0.000000,0.000000,17,3,17,1,2,3,1,5,24,1.000000
382,0,210,-1,-1,557,0,17,3,4,1.000000,3.000000,41,0,0,1,0,1,210,-1,-1,0.000000
383,0,1,13,47,157,3,6,3,4,0.000000,0.000000,16,10,24,2,10,12,1,13,47,1.500000
384,0,-1,-1,-1,-1,0,-1,-1,-1,-1.000000,-1.000000,53,0,0,0,0,0,-1,-1,-1,0.000000
385,0,1,14,43,67,7,14,3,2,0.000000,0.000000,12,12,18,1,11,12,1,14,43,1.500000
386,0,161,-1,-1,383,10,19,3,2,0.000000,0.000000,41,16,0,5,0,5,161,-1,-1,0.000000
387,0,1,6,70,313,3,6,3,4,0.000000,0.000000,18,3,44,2,20,22,1,6,70,2.444444
388,0,1,2,18,492,0,1,3,3,0.000000,0.000000,16,1,16,0,0,0,1,2,18,1.000000
389,0,-1,-1,-1,-1,0,-1,-1,-1,-1.000000,-1.000000,41,0,0,0,0,0,-1,-1,-1,0.000000
390,0,11,-1,-1,311,16,3,3,4,1.000000,2.000000,40,17,0,9,0,9,11,-1,-1,0.000000
391,0,1,11,37,431,2,5,3,4,0.000000,0.000000,19,8,23,2,3,5,1,11,37,1.210526
392,0,1,16,108,367,7,13,3,2,0.000000,0.000000,28,13,72,2,20,22,1,16,108,2.571429
393,0,1,9,71,440,1,16,3,4,0.000000,0.000000,21,3,53,0,9,9,1,9,71,2.523810
394,0,25,60,142,32,14,11,3,2,11.000000,11.000000,36,23,64,9,18,27,25,60,142,1.777778
395,0,1,5,44,287,4,8,3,4,0.000000,0.000000,18,4,30,0,9,9,1,5,44,1.666667
396,0,37,56,133,540,4,8,3,4,5.000000,7.000000,40,6,74,2,3,5,37,56,133,1.850000
397,0,1,7,22,92,3,2,3,4,0.000000,0.000000,14,6,14,0,1,1,1,7,22,1.000000
398,0,1,15,104,9,8,4,3,3,0.000000,0.000000,15,8,75,6,14,20,1,15,104,5.000000
399,0,1,13,71,126,2,5,3,4,0.000000,0.000000,18,9,46,3,12,15,1,13,71,2.555556
400,0,1,25,62,54,3,4,3,4,0.000000,0.000000,11,18,25,6,12,18,1,25,62,2.272727
401,0,1,4,40,230,3,4,3,4,0.000000,0.000000,31,3,35,0,1,1,1,4,40,1.129032
402,0,1,2,25,436,1,2,3,3,0.000000,0.000000,21,0,23,1,0,1,1,2,25,1.095238
403,0,1,19,58,330,12,6,3,4,0.000000,0.000000,30,15,36,3,3,6,1,19,58,1.200000
404,0,124,174,-1,312,34,21,3,2,2.000000,2.000000,37,36,44,11,32,43,124,174,-1,1.189189
405,0,1,3,19,42,0,1,3,3,0.000000,0.000000,12,1,14,1,2,3,1,3,19,1.166667
406,0,1,9,35,210,4,1,3,3,0.000000,0.000000,19,5,25,3,1,4,1,9,35,1.315789
407,0,1,9,46,25,3,4,3,3,0.000000,0.000000,27,6,33,2,4,6,1,9,46,1.222222
408,0,2,141,241,550,75,12,3,2,0.000000,0.000000,30,77,72,30,28,58,2,141,241,2.400000
409,0,1,1,21,176,0,0,3,-1,-1.000000,-1.000000,17,0,19,0,1,1,1,1,21,1.117647
410,0,1,1,19,33,0,0,3,-1,-1.000000,-1.000000,15,0,17,0,1,1,1,1,19,1.133333
411,0,103,144,216,182,26,11,3,3,0.000000,3.000000,42,20,60,15,12,27,103,144,216,1.428571
412,0,1,37,119,559,10,4,3,4,0.000000,0.000000,25,30,67,6,15,21,1,37,119,2.680000
413,0,1,5,71,151,1,11,3,4,0.000000,0.000000,20,4,58,0,8,8,1,5,71,2.900000
414,0,1,81,171,599,31,4,3,4,0.000000,0.000000,37,35,77,16,13,29,1,81,171,2.081081
415,0,1,2,23,109,0,1,3,3,0.000000,0.000000,14,1,18,0,3,3,1,2,23,1.285714
416,0,1,17,41,166,3,5,3,4,0.000000,0.000000,20,10,22,6,2,8,1,17,41,1.100000
417,0,1,40,69,185,3,5,3,4,0.000000,0.000000,18,28,28,8,1,9,1,40,69,1.555556
418,0,1,13,99,418,3,4,3,4,0.000000,0.000000,35,6,65,6,21,27,1,13,99,1.857143
419,0,1,36,112,537,23,12,3,4,0.000000,0.000000,29,29,53,5,23,28,1,36,112,1.827586
420,0,29,35,133,364,2,6,3,4,1.000000,8.000000,41,6,81,0,17,17,29,35,133,1.975610
421,0,1,8,38,301,1,1,3,3,0.000000,0.000000,19,7,25,0,5,5,1,8,38,1.315789
422,0,1,2,42,290,1,4,3,3,0.000000,0.000000,32,1,36,0,4,4,1,2,42,1.125000
423,0,6,51,122,552,15,4,3,4,0.000000,1.000000,36,23,58,3,13,16,6,51,122,1.611111
424,0,1,59,137,460,22,15,3,4,0.000000,0.000000,31,32,53,12,25,37,1,59,137,1.709677
425,0,1,13,37,391,2,1,3,3,0.000000,0.000000,21,10,23,2,1,3,1,13,37,1.095238
426,0,37,43,112,168,1,14,3,4,7.000000,21.000000,48,6,60,0,9,9,37,43,112,1.250000
427,0,8,107,175,589,41,2,3,3,0.000000,1.000000,39,61,57,26,11,37,8,107,175,1.461538
428,0,1,2,36,501,1,15,3,4,0.000000,0.000000,25,1,29,0,5,5,1,2,36,1.160000
429,0,6,51,91,542,5,3,3,4,0.000000,1.000000,27,8,35,1,5,6,6,51,91,1.296296
430,0,-1,-1,-1,-1,0,-1,-1,-1,-1.000000,-1.000000,40,0,0,0,0,0,-1,-1,-1,0.000000
431,0,1,13,72,434,2,6,3,4,0.000000,0.000000,33,8,45,4,14,18,1,13,72,1.363636
432,0,1,6,32,57,0,2,3,3,0.000000,0.000000,19,4,23,1,3,4,1,6,32,1.210526
433,0,1,21,65,387,6,4,3,4,0.000000,0.000000,29,15,29,5,15,20,1,21,65,1.000000
434,0,1,9,40,75,1,8,3,4,0.000000,0.000000,19,7,29,1,2,3,1,9,40,1.526316
435,0,1,15,51,425,8,15,3,2,0.000000,0.000000,30,13,36,1,0,1,1,15,51,1.200000
436,0,1,3,20,86,0,1,3,3,0.000000,0.000000,13,1,17,1,0,1,1,3,20,1.307692
437,0,1,6,36,71,4,11,3,2,0.000000,0.000000,16,4,26,1,4,5,1,6,36,1.625000
438,0,1,19,60,258,13,13,3,2,0.000000,0.000000,23,12,35,6,6,12,1,19,60,1.521739
439,0,1,13,70,310,0,10,3,2,0.000000,0.000000,17,10,43,2,14,16,1,13,70,2.529412
440,0,1,14,103,502,3,7,3,4,0.000000,0.000000,32,4,60,6,29,35,1,14,103,1.875000
441,0,1,10,28,17,0,3,3,4,0.000000,0.000000,9,7,15,2,3,5,1,10,28,1.666667
442,0,1,6,31,84,3,4,3,3,0.000000,0.000000,17,5,23,0,2,2,1,6,31,1.352941
443,0,34,63,167,376,18,20,3,2,4.000000,5.000000,40,18,90,11,14,25,34,63,167,2.250000
444,0,46,88,148,412,29,20,3,2,10.000000,10.000000,46,27,56,11,4,15,46,88,148,1.217391
445,0,32,125,204,545,67,18,3,4,7.000000,18.000000,39,56,65,37,14,51,32,125,204,1.666667
446,0,1,5,23,70,0,4,3,4,0.000000,0.000000,13,4,15,0,3,3,1,5,23,1.153846
447,0,-1,-1,-1,-1,0,-1,-1,-1,-1.000000,-1.000000,50,0,0,0,0,0,-1,-1,-1,0.000000
448,0,1,13,37,120,3,3,3,4,0.000000,0.000000,21,9,23,3,1,4,1,13,37,1.095238
449,0,1,2,28,153,0,1,3,3,0.000000,0.000000,20,1,26,0,0,0,1,2,28,1.300000
450,0,-1,-1,-1,-1,0,-1,-1,-1,-1.000000,-1.000000,46,0,0,0,0,0,-1,-1,-1,0.000000
451,0,1,13,57,315,7,4,3,4,0.000000,0.000000,27,8,39,4,5,9,1,13,57,1.444444
452,0,1,13,40,397,2,1,3,3,0.000000,0.000000,19,4,25,8,2,10,1,13,40,1.315789
453,0,1,3,43,227,0,2,3,3,0.000000,0.000000,17,2,31,0,9,9,1,3,43,1.823529
454,0,125,-1,-1,584,0,5,3,4,3.000000,3.000000,37,1,0,0,0,0,125,-1,-1,0.000000
455,0,35,85,143,276,17,21,3,2,8.000000,8.000000,39,24,51,20,7,27,35,85,143,1.307692
456,0,1,61,118,540,21,2,3,3,0.000000,0.000000,25,25,43,10,14,24,1,61,118,1.720000
457,0,1,5,14,60,0,4,3,3,0.000000,0.000000,9,4,9,0,0,0,1,5,14,1.000000
458,0,1,15,41,294,3,3,3,4,0.000000,0.000000,21,11,23,3,3,6,1,15,41,1.095238
459,0,1,3,43,594,1,6,3,4,0.000000,0.000000,23,2,35,0,5,5,1,3,43,1.521739
460,0,1,7,81,374,3,7,3,4,0.000000,0.000000,41,6,55,0,19,19,1,7,81,1.341463
461,0,160,229,-1,566,30,21,3,4,5.000000,8.000000,37,33,21,11,0,11,160,229,-1,0.567568
462,0,1,16,44,94,7,3,3,4,0.000000,0.000000,13,14,23,1,5,6,1,16,44,1.769231
463,0,1,21,65,419,2,8,3,4,0.000000,0.000000,31,10,37,5,7,12,1,21,65,1.193548
464,0,1,7,63,326,1,9,3,2,0.000000,0.000000,28,6,44,0,12,12,1,7,63,1.571429
465,0,1,17,106,256,5,6,3,4,0.000000,0.000000,25,9,65,7,24,31,1,17,106,2.600000
466,0,90,121,208,569,28,4,3,3,0.000000,0.000000,50,18,82,13,5,18,90,121,208,1.640000
467,0,1,4,33,585,3,2,3,3,0.000000,0.000000,26,1,28,2,1,3,1,4,33,1.076923
468,0,1,2,48,482,0,1,3,3,0.000000,0.000000,32,1,40,0,6,6,1,2,48,1.250000
469,0,1,11,45,167,3,5,3,4,0.000000,0.000000,24,6,32,4,2,6,1,11,45,1.333333
470,0,1,26,128,352,17,3,3,4,0.000000,0.000000,25,17,67,8,35,43,1,26,128,2.680000
471,0,1,10,58,59,0,4,3,4,0.000000,0.000000,18,4,40,5,8,13,1,10,58,2.222222
472,0,1,3,37,18,2,4,3,3,0.000000,0.000000,20,2,22,0,12,12,1,3,37,1.100000
473,0,209,-1,-1,557,1,18,3,2,1.000000,1.000000,33,2,0,0,0,0,209,-1,-1,0.000000
474,0,1,6,16,41,1,4,3,4,0.000000,0.000000,10,3,10,2,0,2,1,6,16,1.000000
475,0,1,1,32,226,0,0,3,-1,-1.000000,-1.000000,24,0,26,0,5,5,1,1,32,1.083333
476,0,1,2,23,88,1,6,3,4,0.000000,0.000000,17,1,21,0,0,0,1,2,23,1.235294
477,0,37,121,222,291,55,21,3,2,5.000000,6.000000,40,44,82,29,19,48,37,121,222,2.050000
478,0,-1,-1,-1,-1,0,-1,-1,-1,-1.000000,-1.000000,48,0,0,0,0,0,-1,-1,-1,0.000000
479,0,126,156,238,496,15,19,3,4,2.000000,7.000000,42,15,60,7,22,29,126,156,238,1.428571
480,0,1,109,200,582,15,3,3,4,0.000000,0.000000,36,15,62,6,29,35,1,109,200,1.722222
481,0,1,3,29,398,0,2,3,3,0.000000,0.000000,18,2,20,0,6,6,1,3,29,1.111111
482,0,1,1,42,441,0,0,3,-1,-1.000000,-1.000000,30,0,36,0,5,5,1,1,42,1.200000
483,0,1,160,243,485,75,7,3,4,0.000000,0.000000,44,77,74,36,9,45,1,160,243,1.681818
484,0,38,97,176,490,25,11,3,2,32.000000,32.000000,29,30,61,15,18,33,38,97,176,2.103448
485,0,1,9,38,95,2,7,3,3,0.000000,0.000000,14,7,20,1,9,10,1,9,38,1.428571
486,0,1,2,41,399,0,1,3,3,0.000000,0.000000,31,1,37,0,2,2,1,2,41,1.193548
487,0,57,111,181,587,33,17,3,4,7.000000,10.000000,32,28,50,23,20,43,57,111,181,1.562500
488,0,204,-1,-1,403,0,30,3,4,2.000000,10.000000,56,1,0,2,0,2,204,-1,-1,0.000000
489,0,1,18,49,235,6,8,3,2,0.000000,0.000000,16,14,22,3,9,12,1,18,49,1.375000
490,0,1,27,117,383,22,10,3,2,0.000000,0.000000,39,17,75,9,15,24,1,27,117,1.923077
491,0,1,8,35,370,2,1,3,3,0.000000,0.000000,20,5,20,2,7,9,1,8,35,1.000000
492,0,1,1,28,394,0,0,3,-1,-1.000000,-1.000000,23,0,27,0,0,0,1,1,28,1.173913
493,0,1,11,44,159,1,1,3,3,0.000000,0.000000,18,10,26,0,7,7,1,11,44,1.444444
494,0,1,9,93,341,0,3,3,4,0.000000,0.000000,20,7,60,1,24,25,1,9,93,3.000000
495,0,1,7,81,191,4,8,3,4,0.000000,0.000000,26,5,50,1,24,25,1,7,81,1.923077
496,0,1,19,119,451,8,11,3,4,0.000000,0.000000,29,14,73,4,27,31,1,19,119,2.517241
497,0,1,28,108,80,6,3,3,4,0.000000,0.000000,17,19,59,8,21,29,1,28,108,3.470588
498,0,1,20,57,377,11,7,3,4,0.000000,0.000000,22,15,28,4,9,13,1,20,57,1.272727
499,0,34,52,138,514,12,15,3,4,2.000000,7.000000,43,9,77,6,9,15,34,52,138,1.790698
500,0,1,1,16,64,0,0,3,-1,-1.000000,-1.000000,12,0,14,0,1,1,1,1,16,1.166667
501,0,20,63,140,277,19,1,3,3,0.000000,1.000000,49,26,71,9,6,15,20,63,140,1.448980
502,0,1,67,134,548,23,14,3,2,0.000000,0.000000,42,25,62,12,5,17,1,67,134,1.476190
503,0,9,13,90,264,2,5,3,3,1.000000,1.000000,48,2,70,2,7,9,9,13,90,1.458333
504,0,1,56,147,503,12,4,3,4,0.000000,0.000000,26,23,64,10,27,37,1,56,147,2.461538
505,0,1,134,165,545,25,3,3,4,0.000000,0.000000,28,34,30,14,1,15,1,134,165,1.071429
506,0,1,21,77,206,2,5,3,4,0.000000,0.000000,31,10,47,0,9,9,1,21,77,1.516129
507,0,1,6,29,61,3,14,3,4,0.000000,0.000000,13,5,17,0,6,6,1,6,29,1.307692
508,0,41,62,134,585,12,9,3,4,13.000000,15.000000,47,15,65,4,7,11,41,62,134,1.382979
509,0,1,11,56,189,4,9,3,4,0.000000,0.000000,24,6,36,4,9,13,1,11,56,1.500000
510,0,39,198,-1,11,71,9,3,4,5.000000,11.000000,49,84,49,34,3,37,39,198,-1,1.000000
511,0,3,6,85,526,2,1,3,3,0.000000,1.000000,49,1,61,2,18,20,3,6,85,1.244898
512,0,1,24,86,264,10,4,3,4,0.000000,0.000000,32,20,52,3,10,13,1,24,86,1.625000
513,0,126,193,248,17,30,22,3,2,6.000000,6.000000,45,37,53,14,2,16,126,193,248,1.177778
514,0,1,7,65,306,3,4,3,3,0.000000,0.000000,18,5,48,1,10,11,1,7,65,2.666667
515,0,64,115,219,587,35,17,3,4,8.000000,14.000000,35,27,81,18,23,41,64,115,219,2.314286
516,0,145,153,-1,58,6,19,3,4,3.000000,8.000000,48,8,81,0,16,16,145,153,-1,1.687500
517,0,1,11,50,411,1,4,3,4,0.000000,0.000000,24,5,38,5,1,6,1,11,50,1.583333
518,0,-1,-1,-1,-1,0,-1,-1,-1,-1.000000,-1.000000,51,0,0,0,0,0,-1,-1,-1,0.000000
519,0,1,42,126,400,26,6,3,4,0.000000,0.000000,20,32,56,9,28,37,1,42,126,2.800000
520,0,1,23,122,395,10,3,3,4,0.000000,0.000000,31,18,79,3,20,23,1,23,122,2.548387
521,0,30,59,140,545,23,19,3,2,6.000000,6.000000,38,17,76,12,5,17,30,59,140,2.000000
522,0,1,5,59,420,2,3,3,4,0.000000,0.000000,31,2,45,2,9,11,1,5,59,1.451613
523,0,1,10,84,447,2,5,3,4,0.000000,0.000000,34,6,66,3,8,11,1,10,84,1.941176
524,0,-1,-1,-1,-1,0,-1,-1,-1,-1.000000,-1.000000,62,0,0,0,0,0,-1,-1,-1,0.000000
525,0,1,13,96,253,2,9,3,2,0.000000,0.000000,25,11,65,1,18,19,1,13,96,2.600000
526,0,1,14,40,271,2,7,3,4,0.000000,0.000000,15,12,21,1,5,6,1,14,40,1.400000
527,0,1,45,72,5,8,6,3,4,0.000000,0.000000,10,33,22,11,5,16,1,45,72,2.200000
528,0,1,16,108,504,9,2,3,3,0.000000,0.000000,23,12,59,3,33,36,1,16,108,2.565217
529,0,1,3,21,28,0,2,3,3,0.000000,0.000000,11,2,15,0,3,3,1,3,21,1.363636
530,0,1,6,42,175,0,4,3,3,0.000000,0.000000,26,4,34,1,2,3,1,6,42,1.307692
531,0,116,-1,-1,584,4,14,3,4,0.000000,4.000000,37,5,0,1,0,1,116,-1,-1,0.000000
532,0,1,17,45,366,3,3,3,4,0.000000,0.000000,23,15,25,1,3,4,1,17,45,1.086957
533,0,1,1,14,3,0,0,3,-1,-1.000000,-1.000000,11,0,13,0,0,0,1,1,14,1.181818
534,0,132,-1,-1,312,5,23,3,4,8.000000,13.000000,37,9,0,5,0,5,132,-1,-1,0.000000
535,0,1,117,176,533,90,11,3,2,0.000000,0.000000,29,74,59,42,0,42,1,117,176,2.034483
536,0,1,10,32,332,0,5,3,4,0.000000,0.000000,18,7,20,2,2,4,1,10,32,1.111111
537,0,1,67,138,546,18,5,3,4,0.000000,0.000000,39,27,65,13,6,19,1,67,138,1.666667
538,0,1,8,90,517,5,2,3,3,0.000000,0.000000,31,6,59,1,23,24,1,8,90,1.903226
539,0,1,10,65,113,3,9,3,3,0.000000,0.000000,24,7,38,2,17,19,1,10,65,1.583333
540,0,1,12,80,236,3,4,3,4,0.000000,0.000000,18,9,56,2,12,14,1,12,80,3.111111
541,0,1,22,119,349,3,3,3,4,0.000000,0.000000,32,12,74,9,23,32,1,22,119,2.312500
542,0,1,1,42,466,0,0,3,-1,-1.000000,-1.000000,24,0,34,0,7,7,1,1,42,1.416667
543,0,1,10,81,270,7,12,3,2,0.000000,0.000000,18,8,54,1,17,18,1,10,81,3.000000
544,0,1,42,99,522,2,6,3,4,0.000000,0.000000,34,7,54,1,3,4,1,42,99,1.588235
545,0,1,1,55,595,0,0,3,-1,-1.000000,-1.000000,37,0,41,0,13,13,1,1,55,1.108108
546,0,1,2,34,224,1,5,3,4,0.000000,0.000000,20,1,24,0,8,8,1,2,34,1.200000
547,0,44,73,165,381,9,12,3,4,0.000000,4.000000,45,12,65,7,27,34,44,73,165,1.444444
548,0,120,-1,-1,561,32,23,3,2,1.000000,2.000000,42,33,0,18,0,18,120,-1,-1,0.000000
549,0,1,58,145,554,9,13,3,4,0.000000,0.000000,42,19,74,3,13,16,1,58,145,1.761905
550,0,1,1,9,83,0,0,3,-1,-1.000000,-1.000000,8,0,8,0,0,0,1,1,9,1.000000
551,0,237,-1,-1,355,0,19,3,2,13.000000,13.000000,41,1,0,0,0,0,237,-1,-1,0.000000
552,0,89,145,229,596,46,12,3,2,1.000000,1.000000,52,41,82,15,2,17,89,145,229,1.576923
553,0,-1,-1,-1,-1,0,-1,-1,-1,-1.000000,-1.000000,54,0,0,0,0,0,-1,-1,-1,0.000000
554,0,26,35,92,391,3,12,3,2,9.000000,9.000000,27,6,47,0,10,10,26,35,92,1.740741
555,0,1,13,47,331,10,6,3,4,0.000000,0.000000,22,11,26,1,8,9,1,13,47,1.181818
556,0,1,9,41,450,4,7,3,4,0.000000,0.000000,26,5,30,3,2,5,1,9,41,1.153846
557,0,1,28,72,261,8,2,3,3,0.000000,0.000000,19,22,31,5,13,18,1,28,72,1.631579
558,0,1,85,128,596,33,14,3,4,0.000000,0.000000,29,57,39,19,4,23,1,85,128,1.344828
559,0,1,13,37,116,1,1,3,3,0.000000,0.000000,14,10,18,2,6,8,1,13,37,1.285714
560,0,-1,-1,-1,-1,0,-1,-1,-1,-1.000000,-1.000000,51,0,0,0,0,0,-1,-1,-1,0.000000
561,0,182,196,246,149,9,11,3,4,0.000000,6.000000,38,11,42,0,8,8,182,196,246,1.105263
562,0,1,6,57,437,4,11,3,4,0.000000,0.000000,26,5,38,0,13,13,1,6,57,1.461538
563,0,23,66,148,199,9,4,3,4,0.000000,5.000000,38,15,52,2,30,32,23,66,148,1.368421
564,0,1,4,16,12,0,2,3,4,0.000000,0.000000,8,2,12,1,0,1,1,4,16,1.500000
565,0,1,20,57,140,1,5,3,4,0.000000,0.000000,16,17,26,2,11,13,1,20,57,1.625000
566,0,1,6,50,573,1,6,3,4,0.000000,0.000000,34,5,38,0,6,6,1,6,50,1.117647
567,0,1,5,20,65,1,13,3,4,0.000000,0.000000,12,4,12,0,3,3,1,5,20,1.000000
568,0,1,12,38,85,1,10,3,2,0.000000,0.000000,19,11,23,0,3,3,1,12,38,1.210526
569,0,1,9,62,110,7,13,3,2,0.000000,0.000000,36,7,46,1,7,8,1,9,62,1.277778
570,0,-1,-1,-1,-1,0,-1,-1,-1,-1.000000,-1.000000,52,0,0,0,0,0,-1,-1,-1,0.000000
571,0,1,15,90,339,3,4,3,4,0.000000,0.000000,18,12,50,2,25,27,1,15,90,2.777778
572,0,1,3,32,209,0,2,3,3,0.000000,0.000000,20,2,24,0,5,5,1,3,32,1.200000
573,0,1,10,94,499,5,13,3,4,0.000000,0.000000,29,8,59,1,25,26,1,10,94,2.034483
574,0,41,131,198,398,70,11,3,4,0.000000,12.000000,47,52,59,33,8,41,41,131,198,1.255319
575,0,1,60,96,241,17,7,3,4,0.000000,0.000000,15,39,31,20,5,25,1,60,96,2.066667
576,0,72,91,182,513,14,15,3,2,8.000000,8.000000,45,15,73,4,18,22,72,91,182,1.622222
577,0,1,30,87,404,13,3,3,4,0.000000,0.000000,20,24,42,5,15,20,1,30,87,2.100000
578,0,1,1,27,298,0,0,3,-1,-1.000000,-1.000000,18,0,24,0,2,2,1,1,27,1.333333
579,0,1,6,35,31,3,5,3,4,0.000000,0.000000,23,5,27,0,2,2,1,6,35,1.173913
580,0,1,4,43,141,1,10,3,2,0.000000,0.000000,21,3,31,0,8,8,1,4,43,1.476190
581,0,32,-1,-1,293,6,8,3,4,0.000000,7.000000,46,9,0,2,0,2,32,-1,-1,0.000000
582,0,1,15,75,476,5,15,3,4,0.000000,0.000000,28,6,42,1,18,19,1,15,75,1.500000
583,0,1,9,75,483,4,4,3,3,0.000000,0.000000,41,5,57,3,9,12,1,9,75,1.390244
584,0,1,4,51,487,0,3,3,4,0.000000,0.000000,31,3,43,0,4,4,1,4,51,1.387097
585,0,1,24,89,91,5,13,3,2,0.000000,0.000000,12,19,48,4,17,21,1,24,89,4.000000
586,0,1,11,59,392,6,5,3,4,0.000000,0.000000,24,7,42,3,6,9,1,11,59,1.750000
587,0,1,7,52,479,5,5,3,4,0.000000,0.000000,24,6,32,0,13,13,1,7,52,1.333333
588,0,3,-1,-1,596,0,14,3,4,1.000000,1.000000,42,10,0,3,0,3,3,-1,-1,0.000000
589,0,1,3,39,188,1,10,3,2,0.000000,0.000000,23,2,33,0,3,3,1,3,39,1.434783
590,0,1,4,16,52,0,2,3,3,0.000000,0.000000,9,2,11,1,1,2,1,4,16,1.222222
591,0,1,2,15,66,0,1,3,3,0.000000,0.000000,11,1,13,0,0,0,1,2,15,1.181818
592,0,1,12,42,183,6,14,3,4,0.000000,0.000000,17,6,27,5,3,8,1,12,42,1.588235
593,0,1,26,79,266,10,1,3,3,0.000000,0.000000,19,21,39,4,14,18,1,26,79,2.052632
594,0,1,12,25,98,4,6,3,4,0.000000,0.000000,11,6,11,5,2,7,1,12,25,1.000000
595,0,38,57,171,375,4,10,3,4,8.000000,9.000000,40,8,86,2,28,30,38,57,171,2.150000
596,0,1,12,88,295,1,2,3,4,0.000000,0.000000,23,6,57,5,19,24,1,12,88,2.478261
597,0,1,6,38,249,2,4,3,3,0.000000,0.000000,25,5,31,0,1,1,1,6,38,1.240000
598,0,1,5,45,470,1,3,3,4,0.000000,0.000000,28,2,36,2,4,6,1,5,45,1.285714
599,0,-1,-1,-1,-1,0,-1,-1,-1,-1.000000,-1.000000,47,0,0,0,0,0,-1,-1,-1,0.000000
600,0,58,58,120,570,0,0,3,-1,-1.000000,-1.000000,37,0,49,0,13,13,58,58,120,1.324324
601,0,177,-1,-1,149,27,16,3,4,2.000000,3.000000,37,28,0,7,0,7,177,-1,-1,0.000000
602,0,1,21,43,97,3,6,3,4,0.000000,0.000000,10,18,18,2,4,6,1,21,43,1.800000
603,0,1,6,59,305,3,5,3,4,0.000000,0.000000,29,2,49,3,4,7,1,6,59,1.689655
604,0,1,40,58,150,14,10,3,2,0.000000,0.000000,17,29,17,3,1,4,1,40,58,1.000000
605,0,141,183,-1,577,27,11,3,4,0.000000,0.000000,43,33,56,6,11,17,141,183,-1,1.302326
606,0,1,32,108,496,21,5,3,4,0.000000,0.000000,28,27,70,4,6,10,1,32,108,2.500000
607,0,1,3,38,121,0,2,3,4,0.000000,0.000000,14,2,24,0,11,11,1,3,38,1.714286
608,0,1,13,87,516,6,11,3,4,0.000000,0.000000,32,11,56,1,18,19,1,13,87,1.750000
609,0,73,107,164,474,28,16,3,2,1.000000,1.000000,46,22,54,12,3,15,73,107,164,1.173913
610,0,1,18,68,335,15,10,3,2,0.000000,0.000000,22,10,40,7,10,17,1,18,68,1.818182
611,0,1,16,44,103,4,10,3,4,0.000000,0.000000,14,15,20,0,8,8,1,16,44,1.428571
612,0,-1,-1,-1,-1,0,-1,-1,-1,-1.000000,-1.000000,45,0,0,0,0,0,-1,-1,-1,0.000000
613,0,1,21,52,218,6,5,3,4,0.000000,0.000000,15,18,25,2,6,8,1,21,52,1.666667
614,0,1,6,42,454,3,12,3,2,0.000000,0.000000,27,5,31,0,5,5,1,6,42,1.148148
615,0,22,-1,-1,122,1,10,3,2,6.000000,6.000000,36,3,0,1,0,1,22,-1,-1,0.000000
616,0,1,21,98,148,7,1,3,3,0.000000,0.000000,16,20,50,0,27,27,1,21,98,3.125000
617,0,1,4,39,208,1,5,3,4,0.000000,0.000000,29,3,33,0,2,2,1,4,39,1.137931
618,0,1,1,40,328,0,0,3,-1,-1.000000,-1.000000,28,0,34,0,5,5,1,1,40,1.214286
619,0,-1,-1,-1,-1,0,-1,-1,-1,-1.000000,-1.000000,46,0,0,0,0,0,-1,-1,-1,0.000000
620,0,1,20,50,112,7,5,3,4,0.000000,0.000000,9,17,21,2,9,11,1,20,50,2.333333
621,0,18,185,237,2,8,7,3,4,4.000000,7.000000,35,11,49,2,3,5,18,185,237,1.400000
622,0,1,7,44,171,1,13,3,2,0.000000,0.000000,16,6,26,0,11,11,1,7,44,1.625000
623,0,1,29,100,531,18,5,3,4,0.000000,0.000000,40,20,60,8,11,19,1,29,100,1.500000
624,0,1,2,33,215,0,1,3,3,0.000000,0.000000,21,1,29,0,2,2,1,2,33,1.380952
625,0,1,51,88,104,9,15,3,2,0.000000,0.000000,15,31,29,19,8,27,1,51,88,1.933333
626,0,1,3,27,129,1,1,3,3,0.000000,0.000000,14,0,22,2,2,4,1,3,27,1.571429
627,0,-1,-1,-1,-1,0,-1,-1,-1,-1.000000,-1.000000,40,0,0,0,0,0,-1,-1,-1,0.000000
628,0,1,11,46,348,4,6,3,4,0.000000,0.000000,29,8,31,2,4,6,1,11,46,1.068966
629,0,1,15,104,78,4,10,3,4,0.000000,0.000000,17,12,73,2,16,18,1,15,104,4.294118
630,0,1,3,38,439,2,1,3,3,0.000000,0.000000,26,1,32,1,3,4,1,3,38,1.230769
631,0,1,72,171,405,27,3,3,4,0.000000,0.000000,31,38,65,19,34,53,1,72,171,2.096774
632,0,1,9,75,170,0,6,3,4,0.000000,0.000000,25,6,45,2,21,23,1,9,75,1.800000
633,0,1,8,71,319,3,3,3,4,0.000000,0.000000,34,7,46,0,17,17,1,8,71,1.352941
634,0,1,2,16,36,0,1,3,3,0.000000,0.000000,10,1,14,0,0,0,1,2,16,1.400000
635,0,1,6,76,558,4,7,3,4,0.000000,0.000000,31,4,55,1,15,16,1,6,76,1.774194
636,0,1,1,46,569,0,0,3,-1,-1.000000,-1.000000,39,0,45,0,0,0,1,1,46,1.153846
637,0,3,13,84,393,2,2,3,4,1.000000,2.000000,37,5,53,0,18,18,3,13,84,1.432432
638,0,1,12,30,172,3,3,3,4,0.000000,0.000000,17,9,17,2,1,3,1,12,30,1.000000
639,0,36,240,-1,514,162,16,3,2,3.000000,3.000000,46,122,10,77,0,77,36,240,-1,0.217391
640,0,1,20,98,583,2,4,3,4,0.000000,0.000000,31,3,59,4,19,23,1,20,98,1.903226
641,0,1,10,25,82,0,9,3,2,0.000000,0.000000,10,9,12,0,3,3,1,10,25,1.200000
642,0,-1,-1,-1,-1,0,-1,-1,-1,-1.000000,-1.000000,57,0,0,0,0,0,-1,-1,-1,0.000000
643,0,1,3,12,8,0,2,3,3,0.000000,0.000000,7,2,7,0,2,2,1,3,12,1.000000
644,0,-1,-1,-1,-1,0,-1,-1,-1,-1.000000,-1.000000,32,0,0,0,0,0,-1,-1,-1,0.000000
645,0,1,17,44,275,5,1,3,3,0.000000,0.000000,21,11,25,5,2,7,1,17,44,1.190476
646,0,-1,-1,-1,-1,0,-1,-1,-1,-1.000000,-1.000000,58,0,0,0,0,0,-1,-1,-1,0.000000
647,0,-1,-1,-1,-1,0,-1,-1,-1,-1.000000,-1.000000,51,0,0,0,0,0,-1,-1,-1,0.000000
648,0,1,4,17,29,0,3,3,4,0.000000,0.000000,11,3,11,0,2,2,1,4,17,1.000000
649,0,-1,-1,-1,-1,0,-1,-1,-1,-1.000000,-1.000000,51,0,0,0,0,0,-1,-1,-1,0.000000
650,0,1,12,80,457,1,4,3,4,0.000000,0.000000,32,9,52,2,16,18,1,12,80,1.625000
651,0,1,7,55,581,2,10,3,4,0.000000,0.000000,27,6,45,0,3,3,1,7,55,1.666667
652,0,1,11,40,346,1,3,3,3,0.000000,0.000000,25,7,27,0,2,2,1,11,40,1.080000
653,0,1,43,132,186,16,2,3,3,0.000000,0.000000,21,30,69,12,20,32,1,43,132,3.285714
654,0,1,4,28,165,0,2,3,3,0.000000,0.000000,15,2,17,1,7,8,1,4,28,1.133333
655,0,1,17,47,402,6,2,3,3,0.000000,0.000000,20,13,26,3,4,7,1,17,47,1.300000
656,0,44,203,-1,439,73,13,3,2,7.000000,7.000000,50,77,40,26,7,33,44,203,-1,0.800000
657,0,-1,-1,-1,-1,0,-1,-1,-1,-1.000000,-1.000000,50,0,0,0,0,0,-1,-1,-1,0.000000
658,0,-1,-1,-1,-1,0,-1,-1,-1,-1.000000,-1.000000,61,0,0,0,0,0,-1,-1,-1,0.000000
659,0,1,7,54,506,5,7,3,4,0.000000,0.000000,29,5,41,1,6,7,1,7,54,1.413793
660,0,-1,-1,-1,-1,0,-1,-1,-1,-1.000000,-1.000000,49,0,0,0,0,0,-1,-1,-1,0.000000
661,0,1,30,87,220,11,4,3,3,0.000000,0.000000,36,19,50,6,7,13,1,30,87,1.388889
662,0,21,83,164,199,27,6,3,4,0.000000,7.000000,36,36,62,14,19,33,21,83,164,1.722222
663,0,1,4,21,122,0,3,3,4,0.000000,0.000000,14,3,16,0,1,1,1,4,21,1.142857
664,0,1,11,74,63,0,10,3,2,0.000000,0.000000,18,10,38,0,25,25,1,11,74,2.111111
665,0,1,2,33,380,0,1,3,3,0.000000,0.000000,29,1,31,0,0,0,1,2,33,1.068966
666,0,23,118,202,182,48,7,3,3,5.000000,5.000000,45,62,75,25,9,34,23,118,202,1.666667
667,0,1,7,70,544,3,6,3,4,0.000000,0.000000,35,6,51,0,12,12,1,7,70,1.457143
668,0,1,14,43,101,6,6,3,4,0.000000,0.000000,16,10,26,3,3,6,1,14,43,1.625000
669,0,1,5,33,381,3,5,3,4,0.000000,0.000000,25,4,27,0,1,1,1,5,33,1.080000
670,0,1,6,53,146,3,3,3,4,0.000000,0.000000,22,4,38,1,9,10,1,6,53,1.727273
671,0,147,163,231,575,6,6,3,4,0.000000,4.000000,50,11,60,2,8,10,147,163,231,1.200000
672,0,38,125,180,543,66,10,3,2,8.000000,8.000000,42,50,50,37,5,42,38,125,180,1.190476
673,0,1,5,29,468,3,5,3,4,0.000000,0.000000,24,4,24,0,0,0,1,5,29,1.000000
674,0,34,165,235,378,110,19,3,4,5.000000,13.000000,40,86,62,45,8,53,34,165,235,1.550000
675,0,1,10,27,190,1,4,3,4,0.000000,0.000000,16,7,16,2,1,3,1,10,27,1.000000
676,0,1,53,101,285,13,15,3,2,0.000000,0.000000,24,35,38,15,10,25,1,53,101,1.583333
677,0,-1,-1,-1,-1,0,-1,-1,-1,-1.000000,-1.000000,55,0,0,0,0,0,-1,-1,-1,0.000000
678,0,1,4,25,55,0,1,3,3,0.000000,0.000000,15,3,19,0,2,2,1,4,25,1.266667
679,0,1,18,110,526,10,1,3,3,0.000000,0.000000,47,12,81,4,11,15,1,18,110,1.723404
680,0,1,21,120,438,10,4,3,4,0.000000,0.000000,24,9,92,4,7,11,1,21,120,3.833333
681,0,2,73,166,598,34,11,3,4,0.000000,0.000000,35,33,75,20,18,38,2,73,166,2.142857
682,0,78,-1,-1,474,126,11,3,4,0.000000,6.000000,58,103,0,59,0,59,78,-1,-1,0.000000
683,0,1,14,70,187,8,5,3,4,0.000000,0.000000,17,11,45,2,11,13,1,14,70,2.647059
684,0,43,212,-1,494,143,21,3,2,4.000000,5.000000,47,111,37,57,1,58,43,212,-1,0.787234
685,0,1,7,60,297,3,7,3,4,0.000000,0.000000,28,5,36,1,17,18,1,7,60,1.285714
686,0,30,118,145,512,74,8,3,2,6.000000,6.000000,27,59,27,29,0,29,30,118,145,1.000000
687,0,1,14,97,561,5,1,3,3,0.000000,0.000000,28,8,68,5,15,20,1,14,97,2.428571
688,0,1,15,65,240,8,5,3,4,0.000000,0.000000,34,11,46,1,4,5,1,15,65,1.352941
689,0,1,12,68,156,5,13,3,4,0.000000,0.000000,25,9,39,2,17,19,1,12,68,1.560000
690,0,1,5,30,23,0,3,3,4,0.000000,0.000000,9,3,17,1,8,9,1,5,30,1.888889
691,0,63,129,188,590,44,10,3,4,1.000000,14.000000,41,44,53,21,6,27,63,129,188,1.292683
692,0,8,16,77,460,1,11,3,4,0.000000,6.000000,45,5,53,1,8,9,8,16,77,1.177778
693,0,1,10,40,417,6,4,3,3,0.000000,0.000000,21,7,25,2,5,7,1,10,40,1.190476
694,0,-1,-1,-1,-1,0,-1,-1,-1,-1.000000,-1.000000,40,0,0,0,0,0,-1,-1,-1,0.000000
695,0,1,3,36,478,1,3,3,4,0.000000,0.000000,24,2,28,0,5,5,1,3,36,1.166667
696,0,1,109,181,489,52,5,3,4,0.000000,0.000000,24,63,60,22,12,34,1,109,181,2.500000
697,0,238,-1,-1,539,5,22,3,2,4.000000,4.000000,46,6,0,2,0,2,238,-1,-1,0.000000
698,0,43,119,209,514,56,20,3,2,8.000000,8.000000,48,50,82,23,8,31,43,119,209,1.708333
699,0,1,22,95,563,8,1,3,3,0.000000,0.000000,40,11,64,10,9,19,1,22,95,1.600000
700,0,1,4,27,123,3,3,3,4,0.000000,0.000000,14,3,18,0,5,5,1,4,27,1.285714
701,0,1,6,26,274,1,7,3,3,0.000000,0.000000,20,5,20,0,0,0,1,6,26,1.000000
702,0,18,29,76,29,1,10,3,2,7.000000,7.000000,30,9,44,2,3,5,18,29,76,1.466667
703,0,17,18,89,362,0,1,3,3,0.000000,0.000000,30,1,56,0,15,15,17,18,89,1.866667
704,0,4,23,77,581,1,7,3,4,1.000000,3.000000,34,6,46,3,8,11,4,23,77,1.352941
705,0,1,12,43,452,4,4,3,3,0.000000,0.000000,25,7,27,4,4,8,1,12,43,1.080000
706,0,1,12,37,541,1,7,3,4,0.000000,0.000000,19,10,21,1,4,5,1,12,37,1.105263
707,0,1,48,134,445,13,10,3,2,0.000000,0.000000,22,17,72,11,14,25,1,48,134,3.272727
708,0,1,3,22,511,2,2,3,2,0.000000,0.000000,13,1,15,1,4,5,1,3,22,1.153846
709,0,27,69,159,199,8,4,3,4,0.000000,5.000000,39,11,75,0,15,15,27,69,159,1.923077
710,0,1,4,31,292,3,1,3,3,0.000000,0.000000,23,3,25,0,2,2,1,4,31,1.086957
711,0,1,17,47,480,9,4,3,4,0.000000,0.000000,21,12,25,4,5,9,1,17,47,1.190476
712,0,1,9,71,263,7,14,3,4,0.000000,0.000000,26,8,42,0,20,20,1,9,71,1.615385
713,0,1,13,39,132,3,2,3,3,0.000000,0.000000,16,12,22,0,4,4,1,13,39,1.375000
714,0,1,5,29,117,2,2,3,3,0.000000,0.000000,21,3,21,1,3,4,1,5,29,1.000000
715,0,3,10,94,531,3,3,3,4,0.000000,0.000000,52,5,72,1,12,13,3,10,94,1.384615
716,0,1,9,24,4,0,6,3,4,0.000000,0.000000,11,8,13,0,2,2,1,9,24,1.181818
717,0,1,34,68,355,10,2,3,3,0.000000,0.000000,18,26,26,7,8,15,1,34,68,1.444444
718,0,1,80,128,572,15,15,3,4,0.000000,0.000000,29,25,47,10,1,11,1,80,128,1.620690
719,0,1,14,83,493,3,7,3,4,0.000000,0.000000,29,5,53,4,16,20,1,14,83,1.827586
720,0,1,7,32,296,5,1,3,3,0.000000,0.000000,15,6,21,0,4,4,1,7,32,1.400000
721,0,25,78,184,199,19,6,3,4,1.000000,6.000000,38,20,86,4,20,24,25,78,184,2.263158
722,0,1,1,24,32,0,0,3,-1,-1.000000,-1.000000,11,0,17,0,6,6,1,1,24,1.545455
723,0,13,60,131,535,5,5,3,4,5.000000,8.000000,46,9,66,3,5,8,13,60,131,1.434783
724,0,1,24,134,136,11,6,3,4,0.000000,0.000000,22,17,80,6,30,36,1,24,134,3.636364
725,0,1,6,72,530,3,8,3,4,0.000000,0.000000,47,3,57,2,9,11,1,6,72,1.212766
726,0,1,41,81,62,14,5,3,4,0.000000,0.000000,17,22,33,18,7,25,1,41,81,1.941176
727,0,1,18,54,39,3,12,3,4,0.000000,0.000000,13,13,31,4,5,9,1,18,54,2.384615
728,0,3,113,178,585,14,1,3,3,1.000000,1.000000,37,13,51,5,14,19,3,113,178,1.378378
729,0,1,174,219,527,97,9,3,2,0.000000,0.000000,34,90,42,41,3,44,1,174,219,1.235294
730,0,28,54,125,284,17,6,3,4,0.000000,5.000000,49,16,69,9,2,11,28,54,125,1.408163
731,0,1,10,67,242,7,7,3,4,0.000000,0.000000,22,7,34,2,23,25,1,10,67,1.545455
732,0,19,27,84,355,2,3,3,4,0.000000,5.000000,42,7,50,1,7,8,19,27,84,1.190476
733,0,9,192,-1,562,118,4,3,4,6.000000,7.000000,39,104,48,46,10,56,9,192,-1,1.230769
734,0,38,41,77,298,1,8,3,4,5.000000,9.000000,28,2,34,0,2,2,38,41,77,1.214286
735,0,1,14,81,164,9,1,3,3,0.000000,0.000000,16,9,44,4,23,27,1,14,81,2.750000
736,0,1,3,73,243,2,4,3,3,0.000000,0.000000,43,2,63,0,7,7,1,3,73,1.465116
737,0,2,5,60,593,0,1,3,3,0.000000,0.000000,32,2,44,0,11,11,2,5,60,1.375000
738,0,1,7,38,484,3,3,3,4,0.000000,0.000000,25,5,25,0,6,6,1,7,38,1.000000
739,0,1,75,176,557,36,3,3,4,0.000000,0.000000,28,28,62,23,39,62,1,75,176,2.214286
740,0,1,1,26,131,0,0,3,-1,-1.000000,-1.000000,23,0,25,0,0,0,1,1,26,1.086957
741,0,36,163,231,494,102,21,3,2,4.000000,6.000000,44,85,64,39,4,43,36,163,231,1.454545
742,0,1,18,43,269,8,12,3,4,0.000000,0.000000,17,13,21,4,4,8,1,18,43,1.235294
743,0,1,49,121,214,27,11,3,2,0.000000,0.000000,20,33,52,15,20,35,1,49,121,2.600000
744,0,20,31,109,199,5,7,3,4,0.000000,5.000000,35,8,67,3,11,14,20,31,109,1.914286
745,0,1,7,39,345,5,4,3,4,0.000000,0.000000,23,4,29,2,3,5,1,7,39,1.260870
746,0,1,8,41,143,4,5,3,4,0.000000,0.000000,16,5,22,2,11,13,1,8,41,1.375000
747,0,1,5,65,407,3,16,3,2,0.000000,0.000000,37,4,57,0,3,3,1,5,65,1.540541
748,0,22,76,159,176,39,11,3,2,9.000000,9.000000,39,39,77,15,6,21,22,76,159,1.974359
749,0,27,178,232,29,95,13,3,2,0.000000,0.000000,41,85,49,31,5,36,27,178,232,1.195122
750,0,-1,-1,-1,-1,0,-1,-1,-1,-1.000000,-1.000000,51,0,0,0,0,0,-1,-1,-1,0.000000
751,0,31,235,-1,545,160,18,3,4,7.000000,18.000000,38,142,13,62,2,64,31,235,-1,0.342105
752,0,22,23,95,502,0,1,3,3,0.000000,1.000000,45,1,63,0,9,9,22,23,95,1.400000
753,0,1,4,39,481,0,3,3,4,0.000000,0.000000,28,3,30,0,5,5,1,4,39,1.071429
754,0,-1,-1,-1,-1,0,-1,-1,-1,-1.000000,-1.000000,63,0,0,0,0,0,-1,-1,-1,0.000000
755,0,1,18,104,426,3,8,3,4,0.000000,0.000000,36,11,74,6,12,18,1,18,104,2.055556
756,0,1,11,70,560,1,2,3,3,0.000000,0.000000,46,6,56,3,3,6,1,11,70,1.217391
757,0,1,3,30,142,0,2,3,3,0.000000,0.000000,21,2,25,0,2,2,1,3,30,1.190476
758,0,1,11,36,278,8,17,3,4,0.000000,0.000000,19,8,23,2,2,4,1,11,36,1.210526
759,0,1,8,67,251,3,8,3,4,0.000000,0.000000,24,6,34,1,25,26,1,8,67,1.416667
760,0,-1,-1,-1,-1,0,-1,-1,-1,-1.000000,-1.000000,48,0,0,0,0,0,-1,-1,-1,0.000000
761,0,1,19,114,192,7,13,3,2,0.000000,0.000000,33,12,75,6,20,26,1,19,114,2.272727
762,0,1,13,91,169,6,2,3,2,0.000000,0.000000,16,7,64,5,14,19,1,13,91,4.000000
763,0,61,87,188,591,3,9,3,4,0.000000,5.000000,48,4,90,1,11,12,61,87,188,1.875000
764,0,4,62,157,598,21,9,3,2,0.000000,0.000000,37,24,75,10,20,30,4,62,157,2.027027
765,0,1,6,77,536,2,5,3,4,0.000000,0.000000,41,5,51,0,20,20,1,6,77,1.243902
766,0,1,7,37,279,5,3,3,4,0.000000,0.000000,22,2,26,4,4,8,1,7,37,1.181818
767,0,-1,-1,-1,-1,0,-1,-1,-1,-1.000000,-1.000000,42,0,0,0,0,0,-1,-1,-1,0.000000
768,0,1,4,29,528,1,2,3,3,0.000000,0.000000,25,1,25,2,0,2,1,4,29,1.000000
769,0,1,28,101,267,16,3,3,4,0.000000,0.000000,24,19,48,8,25,33,1,28,101,2.000000
770,0,4,105,180,475,38,2,3,4,0.000000,1.000000,51,55,67,17,8,25,4,105,180,1.313725
771,0,1,11,44,371,7,5,3,4,0.000000,0.000000,21,9,29,1,4,5,1,11,44,1.380952
772,0,1,9,64,500,2,2,3,3,0.000000,0.000000,25,7,39,1,16,17,1,9,64,1.560000
773,0,32,-1,-1,235,12,5,3,4,1.000000,3.000000,44,16,0,10,0,10,32,-1,-1,0.000000
774,0,-1,-1,-1,-1,0,-1,-1,-1,-1.000000,-1.000000,54,0,0,0,0,0,-1,-1,-1,0.000000
775,0,54,86,146,540,28,13,3,2,9.000000,9.000000,44,18,54,14,6,20,54,86,146,1.227273
776,0,1,19,83,265,12,4,3,3,0.000000,0.000000,26,16,42,2,22,24,1,19,83,1.615385
777,0,76,128,224,310,40,19,3,2,3.000000,5.000000,37,33,91,18,5,23,76,128,224,2.459459
778,0,1,2,14,77,1,12,3,4,0.000000,0.000000,11,1,11,0,1,1,1,2,14,1.000000
779,0,1,6,63,69,4,5,3,4,0.000000,0.000000,28,5,52,0,5,5,1,6,63,1.857143
780,0,1,5,50,201,3,2,3,4,0.000000,0.000000,30,3,42,1,3,4,1,5,50,1.400000
781,0,1,15,94,446,9,4,3,3,0.000000,0.000000,36,9,62,2,17,19,1,15,94,1.722222
782,0,1,1,28,364,0,0,3,-1,-1.000000,-1.000000,21,0,27,0,0,0,1,1,28,1.285714
783,0,1,19,35,108,0,4,3,4,0.000000,0.000000,11,8,13,10,3,13,1,19,35,1.181818
784,0,1,9,34,362,1,4,3,3,0.000000,0.000000,23,6,23,2,2,4,1,9,34,1.000000
785,0,1,3,30,133,2,4,3,4,0.000000,0.000000,21,1,25,1,2,3,1,3,30,1.190476
786,0,1,14,46,257,1,3,3,4,0.000000,0.000000,28,6,30,7,2,9,1,14,46,1.071429
787,0,5,17,99,264,9,4,3,3,0.000000,0.000000,43,11,67,1,15,16,5,17,99,1.558140
788,0,-1,-1,-1,-1,0,-1,-1,-1,-1.000000,-1.000000,47,0,0,0,0,0,-1,-1,-1,0.000000
789,0,31,249,-1,448,168,12,3,2,1.000000,1.000000,32,155,1,61,0,61,31,249,-1,0.031250
790,0,1,9,47,347,6,5,3,3,0.000000,0.000000,21,8,31,0,7,7,1,9,47,1.476190
791,0,1,16,91,361,11,4,3,4,0.000000,0.000000,22,13,54,1,21,22,1,16,91,2.454545
792,0,4,14,87,579,0,1,3,3,0.000000,1.000000,25,1,59,9,14,23,4,14,87,2.360000
793,0,1,16,101,584,0,4,3,4,0.000000,0.000000,36,4,66,0,19,19,1,16,101,1.833333
794,0,78,136,223,587,45,11,3,4,5.000000,15.000000,41,33,81,19,6,25,78,136,223,1.975610
795,0,-1,-1,-1,-1,0,-1,-1,-1,-1.000000,-1.000000,45,0,0,0,0,0,-1,-1,-1,0.000000
796,0,1,22,117,317,5,6,3,4,0.000000,0.000000,21,19,49,2,46,48,1,22,117,2.333333
797,0,1,9,64,321,8,15,3,2,0.000000,0.000000,30,7,48,1,7,8,1,9,64,1.600000
798,0,1,9,50,281,3,14,3,2,0.000000,0.000000,23,6,33,2,8,10,1,9,50,1.434783
799,0,52,101,158,286,41,4,3,4,0.000000,0.000000,40,35,54,14,3,17,52,101,158,1.350000
800,0,1,66,161,322,39,12,3,4,0.000000,0.000000,25,51,73,10,22,32,1,66,161,2.920000
801,0,1,20,53,72,2,10,3,4,0.000000,0.000000,14,18,24,1,9,10,1,20,53,1.714286
802,0,1,7,57,307,1,6,3,4,0.000000,0.000000,23,4,39,2,11,13,1,7,57,1.695652
803,0,-1,-1,-1,-1,0,-1,-1,-1,-1.000000,-1.000000,59,0,0,0,0,0,-1,-1,-1,0.000000
804,0,1,8,58,474,5,1,3,3,0.000000,0.000000,24,7,36,0,14,14,1,8,58,1.500000
805,0,62,65,178,563,0,20,3,4,18.000000,36.000000,41,1,83,0,30,30,62,65,178,2.024390
806,0,1,8,28,99,2,2,3,3,0.000000,0.000000,15,5,17,2,3,5,1,8,28,1.133333
807,0,-1,-1,-1,-1,0,-1,-1,-1,-1.000000,-1.000000,49,0,0,0,0,0,-1,-1,-1,0.000000
808,0,1,9,56,173,4,7,3,4,0.000000,0.000000,25,8,41,0,6,6,1,9,56,1.640000
809,0,1,12,65,427,8,11,3,2,0.000000,0.000000,29,9,43,1,10,11,1,12,65,1.482759
810,0,1,16,49,174,8,1,3,3,0.000000,0.000000,16,9,28,6,5,11,1,16,49,1.750000
811,0,-1,-1,-1,-1,0,-1,-1,-1,-1.000000,-1.000000,47,0,0,0,0,0,-1,-1,-1,0.000000
812,0,1,10,37,177,2,3,3,4,0.000000,0.000000,21,8,25,1,2,3,1,10,37,1.190476
813,0,1,1,19,100,0,0,3,-1,-1.000000,-1.000000,13,0,17,0,1,1,1,1,19,1.307692
814,0,1,21,129,534,8,4,3,4,0.000000,0.000000,33,15,83,2,25,27,1,21,129,2.515152
815,0,41,83,197,490,16,14,3,2,4.000000,5.000000,30,20,82,8,32,40,41,83,197,2.733333
816,0,21,23,91,60,0,2,3,4,0.000000,1.000000,32,2,58,0,10,10,21,23,91,1.812500
817,0,1,22,78,239,5,1,3,3,0.000000,0.000000,26,9,40,10,16,26,1,22,78,1.538462
818,0,1,22,129,453,14,3,3,4,0.000000,0.000000,27,13,77,8,30,38,1,22,129,2.851852
819,0,1,20,53,195,7,4,3,4,0.000000,0.000000,18,16,32,3,1,4,1,20,53,1.777778
820,0,-1,-1,-1,-1,0,-1,-1,-1,-1.000000,-1.000000,43,0,0,0,0,0,-1,-1,-1,0.000000
821,0,1,7,63,205,4,5,3,4,0.000000,0.000000,36,6,46,0,10,10,1,7,63,1.277778
822,0,44,69,140,351,20,13,3,2,0.000000,0.000000,53,17,69,8,2,10,44,69,140,1.301887
823,0,1,10,34,193,7,4,3,4,0.000000,0.000000,18,8,20,1,4,5,1,10,34,1.111111
824,0,1,4,55,433,2,2,3,3,0.000000,0.000000,26,2,34,1,17,18,1,4,55,1.307692
825,0,1,1,27,304,0,0,3,-1,-1.000000,-1.000000,15,0,21,0,5,5,1,1,27,1.400000
826,0,-1,-1,-1,-1,0,-1,-1,-1,-1.000000,-1.000000,43,0,0,0,0,0,-1,-1,-1,0.000000
827,0,36,129,228,259,66,4,3,4,0.000000,3.000000,37,56,81,33,18,51,36,129,228,2.189189
828,0,1,16,63,90,6,7,3,4,0.000000,0.000000,24,15,38,0,9,9,1,16,63,1.583333
829,0,1,21,85,127,2,13,3,4,0.000000,0.000000,16,19,38,1,26,27,1,21,85,2.375000
830,0,1,4,29,327,2,15,3,2,0.000000,0.000000,16,3,22,0,3,3,1,4,29,1.375000
831,0,4,199,-1,58,118,4,3,4,2.000000,2.000000,44,102,46,57,5,62,4,199,-1,1.045455
832,0,20,46,124,308,12,6,3,4,2.000000,7.000000,25,15,53,10,25,35,20,46,124,2.120000
833,0,1,14,97,19,3,11,3,2,0.000000,0.000000,34,5,78,1,5,6,1,14,97,2.294118
834,0,1,3,15,14,0,2,3,3,0.000000,0.000000,10,2,12,0,0,0,1,3,15,1.200000
835,0,1,2,20,178,0,1,3,3,0.000000,0.000000,17,1,17,0,1,1,1,2,20,1.000000
836,0,1,10,54,212,3,3,3,4,0.000000,0.000000,15,8,35,1,9,10,1,10,54,2.333333
837,0,1,44,74,337,13,5,3,4,0.000000,0.000000,18,34,24,9,6,15,1,44,74,1.333333
838,0,2,79,130,557,34,3,3,4,0.000000,0.000000,30,29,38,13,13,26,2,79,130,1.266667
839,0,1,4,35,567,0,3,3,4,0.000000,0.000000,29,3,29,0,2,2,1,4,35,1.000000
840,0,1,3,26,282,2,6,3,4,0.000000,0.000000,21,2,21,0,2,2,1,3,26,1.000000
841,0,1,12,34,45,4,9,3,2,0.000000,0.000000,8,11,18,0,4,4,1,12,34,2.250000
842,0,1,24,79,373,11,16,3,2,0.000000,0.000000,33,12,45,9,10,19,1,24,79,1.363636
843,0,1,16,49,262,3,11,3,4,0.000000,0.000000,21,10,31,5,2,7,1,16,49,1.476190
844,0,1,16,88,455,5,1,3,3,0.000000,0.000000,30,10,70,5,2,7,1,16,88,2.333333
845,0,1,14,30,203,3,4,3,3,0.000000,0.000000,13,11,15,2,1,3,1,14,30,1.153846
846,0,1,8,59,233,2,6,3,4,0.000000,0.000000,17,5,43,2,8,10,1,8,59,2.529412
847,0,1,10,54,369,8,5,3,4,0.000000,0.000000,21,6,33,3,11,14,1,10,54,1.571429
848,0,1,34,64,30,8,11,3,4,0.000000,0.000000,15,25,23,8,7,15,1,34,64,1.533333
849,0,1,2,61,575,1,2,3,4,0.000000,0.000000,38,1,52,0,7,7,1,2,61,1.368421
850,0,1,20,120,260,8,6,3,4,0.000000,0.000000,30,15,80,4,20,24,1,20,120,2.666667
851,0,-1,-1,-1,-1,0,-1,-1,-1,-1.000000,-1.000000,50,0,0,0,0,0,-1,-1,-1,0.000000
852,0,11,43,118,513,1,4,3,4,0.000000,2.000000,43,16,71,1,4,5,11,43,118,1.651163
853,0,1,2,15,93,1,5,3,4,0.000000,0.000000,11,1,13,0,0,0,1,2,15,1.181818
854,0,1,3,29,382,1,4,3,4,0.000000,0.000000,25,2,25,0,1,1,1,3,29,1.000000
855,0,1,1,27,283,0,0,3,-1,-1.000000,-1.000000,25,0,25,0,1,1,1,1,27,1.000000
856,0,1,8,77,432,2,4,3,4,0.000000,0.000000,31,4,53,1,16,17,1,8,77,1.709677
857,0,1,4,29,448,0,3,3,4,0.000000,0.000000,24,3,24,0,1,1,1,4,29,1.000000
858,0,1,7,75,280,1,3,3,4,0.000000,0.000000,29,3,61,3,7,10,1,7,75,2.103448
859,0,1,1,14,130,0,0,3,-1,-1.000000,-1.000000,13,0,13,0,0,0,1,1,14,1.000000
860,0,1,7,43,163,3,5,3,4,0.000000,0.000000,22,3,28,3,8,11,1,7,43,1.272727
861,0,3,4,50,591,0,1,3,3,0.000000,1.000000,39,1,43,0,3,3,3,4,50,1.102564
862,0,1,32,56,204,15,7,3,3,0.000000,0.000000,14,22,18,9,6,15,1,32,56,1.285714
863,0,1,12,45,198,1,1,3,3,0.000000,0.000000,16,5,28,6,5,11,1,12,45,1.750000
864,0,-1,-1,-1,-1,0,-1,-1,-1,-1.000000,-1.000000,43,0,0,0,0,0,-1,-1,-1,0.000000
865,0,28,61,142,176,6,12,3,4,0.000000,10.000000,50,14,76,2,5,7,28,61,142,1.520000
866,0,16,29,119,362,3,2,3,3,0.000000,0.000000,29,13,71,0,19,19,16,29,119,2.448276
867,0,1,66,122,350,46,1,3,3,0.000000,0.000000,24,53,42,12,14,26,1,66,122,1.750000
868,0,-1,-1,-1,-1,0,-1,-1,-1,-1.000000,-1.000000,61,0,0,0,0,0,-1,-1,-1,0.000000
869,0,1,4,27,311,3,6,3,4,0.000000,0.000000,21,2,21,1,2,3,1,4,27,1.000000
870,0,1,18,86,592,8,5,3,4,0.000000,0.000000,34,12,48,2,20,22,1,18,86,1.411765
871,0,1,179,233,591,51,3,3,4,0.000000,0.000000,34,55,42,31,12,43,1,179,233,1.235294
872,0,1,2,26,207,1,5,3,4,0.000000,0.000000,20,1,24,0,0,0,1,2,26,1.200000
873,0,1,10,34,412,3,5,3,3,0.000000,0.000000,20,7,22,2,2,4,1,10,34,1.100000
874,0,1,4,30,409,1,6,3,4,0.000000,0.000000,19,2,25,1,1,2,1,4,30,1.315789
875,0,1,5,51,48,0,4,3,4,0.000000,0.000000,11,4,41,0,5,5,1,5,51,3.727273
876,0,51,107,166,548,26,12,3,4,0.000000,5.000000,45,34,57,12,2,14,51,107,166,1.266667
877,0,1,35,134,401,11,13,3,4,0.000000,0.000000,19,28,63,6,36,42,1,35,134,3.315789
878,0,1,12,22,47,0,5,3,4,0.000000,0.000000,9,9,9,2,1,3,1,12,22,1.000000
879,0,1,9,66,408,6,13,3,4,0.000000,0.000000,25,6,49,2,8,10,1,9,66,1.960000
880,0,1,5,66,422,2,4,3,4,0.000000,0.000000,42,4,50,0,11,11,1,5,66,1.190476
881,0,57,57,126,301,0,0,3,-1,-1.000000,-1.000000,47,0,61,0,8,8,57,57,126,1.297872
882,0,2,65,133,532,9,15,3,2,0.000000,0.000000,34,9,54,7,14,21,2,65,133,1.588235
883,0,58,69,136,583,9,8,3,2,9.000000,9.000000,37,6,57,5,10,15,58,69,136,1.540541
884,0,1,11,46,293,2,5,3,4,0.000000,0.000000,14,10,22,0,13,13,1,11,46,1.571429
885,0,1,8,29,299,1,6,3,4,0.000000,0.000000,14,7,16,0,5,5,1,8,29,1.142857
886,0,28,67,171,391,9,12,3,2,19.000000,19.000000,27,13,81,9,23,32,28,67,171,3.000000
887,0,3,24,99,547,6,3,3,4,0.000000,0.000000,26,13,56,2,19,21,3,24,99,2.153846
888,0,1,6,26,378,1,6,3,4,0.000000,0.000000,17,4,19,1,1,2,1,6,26,1.117647
889,0,1,8,34,507,6,1,3,3,0.000000,0.000000,23,4,25,3,1,4,1,8,34,1.086957
890,0,189,-1,-1,149,1,10,3,4,0.000000,0.000000,42,3,0,0,0,0,189,-1,-1,0.000000
891,0,-1,-1,-1,-1,0,-1,-1,-1,-1.000000,-1.000000,54,0,0,0,0,0,-1,-1,-1,0.000000
892,0,134,177,-1,331,33,15,3,4,6.000000,6.000000,31,36,49,6,24,30,134,177,-1,1.580645
893,0,-1,-1,-1,-1,0,-1,-1,-1,-1.000000,-1.000000,43,0,0,0,0,0,-1,-1,-1,0.000000
894,0,1,16,47,360,10,8,3,3,0.000000,0.000000,23,12,29,3,2,5,1,16,47,1.260870
895,0,43,85,151,249,20,11,3,4,2.000000,6.000000,49,19,61,11,5,16,43,85,151,1.244898
896,0,1,8,38,372,0,3,3,4,0.000000,0.000000,20,5,24,2,6,8,1,8,38,1.200000
897,0,238,-1,-1,171,9,17,3,4,0.000000,2.000000,44,7,0,4,0,4,238,-1,-1,0.000000
898,0,1,19,41,286,7,6,3,4,0.000000,0.000000,19,16,19,2,3,5,1,19,41,1.000000
899,0,1,7,21,74,0,3,3,4,0.000000,0.000000,12,5,12,1,2,3,1,7,21,1.000000
900,9,-1,-1,-1,-1,0,-1,-1,-1,-1.000000,-1.000000,44,0,0,0,0,0,-1,-1,-1,0.000000
901,12,13,21,131,442,4,4,3,4,8.000000,12.000000,25,5,97,3,13,16,1,9,119,3.880000
902,12,13,16,66,311,0,3,3,4,1.000000,1.000000,30,3,34,0,16,16,1,4,54,1.133333
903,12,13,20,110,513,3,4,3,4,0.000000,3.000000,42,7,72,0,18,18,1,8,98,1.714286
904,13,-1,-1,-1,-1,0,-1,-1,-1,-1.000000,-1.000000,50,0,0,0,0,0,-1,-1,-1,0.000000
905,14,15,22,63,278,3,8,3,4,3.000000,11.000000,22,5,30,2,11,13,1,8,49,1.363636
906,14,15,15,38,124,0,0,3,-1,-1.000000,-1.000000,8,0,18,0,5,5,1,1,24,2.250000
907,14,-1,-1,-1,-1,0,-1,-1,-1,-1.000000,-1.000000,46,0,0,0,0,0,-1,-1,-1,0.000000
908,14,15,15,94,530,0,0,3,-1,-1.000000,-1.000000,50,0,78,0,1,1,1,1,80,1.560000
909,14,15,18,47,454,1,4,3,3,1.000000,5.000000,16,2,22,1,7,8,1,4,33,1.375000
910,15,16,22,117,101,0,4,3,4,8.000000,12.000000,14,4,68,2,27,29,1,7,102,4.857143
911,15,16,45,68,503,10,5,3,4,5.000000,11.000000,11,17,17,10,6,16,1,30,53,1.545455
912,15,16,60,83,294,2,2,3,3,2.000000,2.000000,13,36,19,8,4,12,1,45,68,1.461538
913,16,17,17,85,349,0,0,3,-1,-1.000000,-1.000000,28,0,56,0,12,12,1,1,69,2.000000
914,16,17,17,37,241,0,0,3,-1,-1.000000,-1.000000,13,0,17,0,3,3,1,1,21,1.307692
915,16,17,20,41,30,0,3,3,4,2.000000,6.000000,13,3,19,0,2,2,1,4,25,1.461538
916,16,17,35,139,294,2,2,3,3,2.000000,2.000000,22,18,76,0,28,28,1,19,123,3.454545
917,16,85,130,209,79,20,9,3,4,0.000000,3.000000,49,21,69,12,10,22,69,114,193,1.408163
918,17,25,26,90,454,0,1,3,3,0.000000,0.000000,23,1,49,0,15,15,8,9,73,2.130435
919,17,177,230,-1,383,27,11,3,4,0.000000,0.000000,35,39,19,4,1,5,160,213,-1,0.542857
920,17,21,36,142,86,2,7,3,4,5.000000,8.000000,38,7,76,2,30,32,4,19,125,2.000000
921,18,-1,-1,-1,-1,0,-1,-1,-1,-1.000000,-1.000000,47,0,0,0,0,0,-1,-1,-1,0.000000
922,18,19,20,103,173,0,1,3,3,0.000000,2.000000,29,1,67,0,16,16,1,2,85,2.310345
923,18,19,26,94,532,3,6,3,4,0.000000,14.000000,28,6,44,1,24,25,1,8,76,1.571429
924,19,-1,-1,-1,-1,0,-1,-1,-1,-1.000000,-1.000000,48,0,0,0,0,0,-1,-1,-1,0.000000
925,19,20,25,80,130,1,6,3,4,0.000000,15.000000,19,4,35,1,20,21,1,6,61,1.842105
926,19,-1,-1,-1,-1,0,-1,-1,-1,-1.000000,-1.000000,54,0,0,0,0,0,-1,-1,-1,0.000000
927,19,22,40,89,86,0,7,3,4,1.000000,4.000000,34,4,42,0,7,7,3,21,70,1.235294
928,19,28,53,146,109,8,11,3,4,2.000000,13.000000,21,19,71,6,22,28,9,34,127,3.380952
929,19,-1,-1,-1,-1,0,-1,-1,-1,-1.000000,-1.000000,54,0,0,0,0,0,-1,-1,-1,0.000000
930,19,21,31,117,460,6,7,3,4,11.000000,16.000000,26,9,64,1,22,23,2,12,98,2.461538
931,20,21,24,81,418,0,3,3,4,3.000000,4.000000,30,3,42,0,15,15,1,4,61,1.400000
932,20,21,21,85,374,0,0,3,-1,-1.000000,-1.000000,14,0,42,0,22,22,1,1,65,3.000000
933,20,28,77,183,435,36,11,3,2,0.000000,5.000000,24,32,74,17,32,49,8,57,163,3.083333
934,20,21,56,143,51,17,15,3,2,11.000000,11.000000,39,20,69,14,18,32,1,36,123,1.769231
935,20,-1,-1,-1,-1,0,-1,-1,-1,-1.000000,-1.000000,45,0,0,0,0,0,-1,-1,-1,0.000000
936,21,22,96,191,503,16,1,3,3,0.000000,1.000000,51,19,73,5,22,27,1,75,170,1.431373
937,21,112,-1,-1,406,8,11,3,2,8.000000,8.000000,38,11,0,1,0,1,91,-1,-1,0.000000
938,21,22,170,184,28,2,10,3,4,3.000000,6.000000,14,12,14,0,0,0,1,149,163,1.000000
939,21,22,47,94,281,18,1,3,3,0.000000,2.000000,12,17,34,8,13,21,1,26,73,2.833333
940,21,22,93,155,51,31,16,3,2,10.000000,10.000000,30,52,54,19,8,27,1,72,134,1.800000
941,21,22,23,80,242,0,1,3,3,0.000000,0.000000,27,1,53,0,4,4,1,2,59,1.962963
942,22,23,127,195,132,48,6,3,4,0.000000,11.000000,39,62,57,20,11,31,1,105,173,1.461538
943,22,23,33,142,12,5,8,3,4,1.000000,12.000000,29,10,79,0,30,30,1,11,120,2.724138
944,22,127,149,224,162,12,13,3,2,9.000000,9.000000,20,19,48,0,27,27,105,127,202,2.400000
945,22,25,31,61,49,0,6,3,3,0.000000,4.000000,18,6,28,0,2,2,3,9,39,1.555556
946,22,23,25,106,492,1,8,3,4,6.000000,19.000000,39,2,65,0,16,16,1,3,84,1.666667
947,22,164,195,243,133,2,12,3,4,0.000000,6.000000,19,10,41,0,7,7,142,173,221,2.157895
948,22,23,23,58,300,0,0,3,-1,-1.000000,-1.000000,18,0,28,0,7,7,1,1,36,1.555556
949,23,90,174,240,519,69,19,3,2,1.000000,4.000000,47,55,63,29,3,32,67,151,217,1.340426
950,23,24,92,205,444,25,3,3,4,1.000000,4.000000,36,40,82,27,31,58,1,69,182,2.277778
951,23,24,33,108,25,0,7,3,4,4.000000,6.000000,18,9,48,0,27,27,1,10,85,2.666667
952,23,24,26,93,42,0,2,3,3,0.000000,1.000000,48,2,66,0,1,1,1,3,70,1.375000
953,24,206,-1,-1,455,5,17,3,2,6.000000,6.000000,48,6,0,2,0,2,182,-1,-1,0.000000
954,24,25,39,69,76,5,11,3,4,11.000000,16.000000,20,11,26,3,4,7,1,15,45,1.300000
955,24,25,29,93,554,1,3,3,4,0.000000,2.000000,21,4,47,0,17,17,1,5,69,2.238095
956,24,25,79,133,437,35,1,3,3,0.000000,1.000000,31,28,45,21,9,30,1,55,109,1.451613
957,24,25,30,116,4,3,6,3,4,4.000000,8.000000,24,5,68,0,18,18,1,6,92,2.833333
958,24,32,60,143,514,21,13,3,2,3.000000,3.000000,38,21,68,7,15,22,8,36,119,1.789474
959,25,37,37,101,408,0,0,3,-1,-1.000000,-1.000000,32,0,56,0,8,8,12,12,76,1.750000
960,25,26,137,232,284,67,8,3,4,3.000000,8.000000,40,84,72,27,23,50,1,112,207,1.800000
961,25,35,58,155,494,14,17,3,2,4.000000,4.000000,32,12,80,11,17,28,10,33,130,2.500000
962,25,26,35,58,128,5,4,3,4,15.000000,15.000000,17,8,19,1,4,5,1,10,33,1.117647
963,25,26,84,147,424,6,3,3,4,4.000000,6.000000,23,25,49,10,14,24,1,59,122,2.130435
964,25,26,59,133,535,2,3,3,4,1.000000,3.000000,43,7,69,2,5,7,1,34,108,1.604651
965,26,27,57,74,4,10,6,3,4,5.000000,7.000000,16,26,16,4,1,5,1,31,48,1.000000
966,26,94,108,182,59,4,12,3,4,2.000000,6.000000,58,5,70,1,4,5,68,82,156,1.206897
967,26,27,39,74,225,4,4,3,3,3.000000,4.000000,16,6,20,6,15,21,1,13,48,1.250000
968,26,27,44,100,152,6,2,3,3,0.000000,2.000000,13,8,31,9,25,34,1,18,74,2.384615
969,26,27,49,139,216,4,10,3,2,6.000000,6.000000,24,7,56,2,34,36,1,23,113,2.333333
970,26,162,243,-1,240,12,13,3,4,0.000000,5.000000,33,19,7,5,0,5,136,217,-1,0.212121
971,27,28,29,70,130,0,1,3,3,0.000000,3.000000,22,1,36,0,5,5,1,2,43,1.636364
972,27,28,33,143,392,2,5,3,4,0.000000,12.000000,23,5,81,0,29,29,1,6,116,3.521739
973,27,104,242,-1,461,95,19,3,4,4.000000,10.000000,42,95,7,35,1,36,77,215,-1,0.166667
974,27,28,36,98,21,0,5,3,4,0.000000,13.000000,11,5,45,3,17,20,1,9,71,4.090909
975,27,189,-1,-1,367,4,10,3,4,0.000000,4.000000,41,6,0,0,0,0,162,-1,-1,0.000000
976,27,29,57,151,512,18,8,3,2,6.000000,6.000000,25,19,65,9,29,38,2,30,124,2.600000
977,27,148,161,-1,582,1,8,3,4,0.000000,4.000000,60,3,82,0,7,7,121,134,-1,1.366667
978,27,37,117,217,545,57,14,3,2,1.000000,1.000000,38,62,76,18,24,42,10,90,190,2.000000
979,27,28,37,58,4,3,7,3,4,6.000000,8.000000,11,9,17,0,4,4,1,10,31,1.545455
980,27,29,37,124,89,0,8,3,4,1.000000,3.000000,42,8,68,0,19,19,2,10,97,1.619048
981,27,28,43,89,78,9,12,3,2,13.000000,13.000000,7,14,35,1,11,12,1,16,62,5.000000
982,27,-1,-1,-1,-1,0,-1,-1,-1,-1.000000,-1.000000,46,0,0,0,0,0,-1,-1,-1,0.000000
983,27,28,184,-1,177,57,10,3,2,7.000000,7.000000,51,44,63,24,3,27,1,157,-1,1.235294
984,27,-1,-1,-1,-1,0,-1,-1,-1,-1.000000,-1.000000,30,0,0,0,0,0,-1,-1,-1,0.000000
985,27,-1,-1,-1,-1,0,-1,-1,-1,-1.000000,-1.000000,42,0,0,0,0,0,-1,-1,-1,0.000000
986,27,28,39,139,408,7,4,3,4,13.000000,13.000000,25,7,85,3,15,18,1,12,112,3.400000
987,28,31,50,132,435,12,9,3,2,4.000000,4.000000,27,11,77,8,5,13,3,22,104,2.851852
988,28,57,127,174,484,55,13,3,4,1.000000,7.000000,30,41,38,29,9,38,29,99,146,1.266667
989,28,95,106,187,576,8,17,3,2,1.000000,1.000000,42,8,68,3,13,16,67,78,159,1.619048
990,28,44,81,145,363,17,8,3,2,2.000000,2.000000,56,17,62,17,2,19,16,53,117,1.107143
991,28,162,-1,-1,588,11,4,3,4,0.000000,6.000000,34,17,0,2,0,2,134,-1,-1,0.000000
992,28,29,31,91,92,1,15,3,2,6.000000,7.000000,21,2,39,0,21,21,1,3,63,1.857143
993,28,29,33,66,513,0,4,3,4,0.000000,4.000000,26,4,30,0,3,3,1,5,38,1.153846
994,28,59,104,184,529,31,8,3,4,1.000000,18.000000,32,34,74,11,6,17,31,76,156,2.312500
995,28,29,37,49,4,4,7,3,4,0.000000,8.000000,8,5,10,3,2,5,1,9,21,1.250000
996,29,181,209,247,263,7,12,3,3,1.000000,2.000000,21,19,27,0,11,11,152,180,218,1.285714
997,29,34,59,157,215,8,8,3,2,10.000000,10.000000,19,19,63,6,35,41,5,30,128,3.315789
998,29,34,158,243,181,89,22,3,2,4.000000,6.000000,45,80,73,43,12,55,5,129,214,1.622222
999,29,30,47,67,118,3,6,3,4,2.000000,15.000000,17,16,19,1,1,2,1,18,38,1.117647
1000,29,30,121,197,123,30,9,3,2,5.000000,5.000000,29,49,65,27,11,38,1,92,168,2.241379
1001,29,40,63,146,449,11,10,3,2,5.000000,7.000000,26,12,62,5,21,26,11,34,117,2.384615
1002,29,32,-1,-1,364,1,3,3,4,0.000000,7.000000,47,2,0,0,0,0,3,-1,-1,0.000000
1003,29,30,81,122,47,15,10,3,2,4.000000,4.000000,15,43,27,8,14,22,1,52,93,1.800000
1004,29,32,-1,-1,298,1,10,3,4,7.000000,8.000000,46,5,0,0,0,0,3,-1,-1,0.000000
1005,29,30,140,191,304,12,11,3,2,12.000000,12.000000,24,30,38,6,13,19,1,111,162,1.583333
1006,29,30,32,66,132,0,2,3,3,0.000000,1.000000,11,2,25,0,9,9,1,3,37,2.272727
1007,29,30,82,154,92,31,20,3,4,3.000000,14.000000,40,39,64,10,8,18,1,53,125,1.600000
1008,30,31,-1,-1,177,112,13,3,2,6.000000,7.000000,38,104,0,50,0,50,1,-1,-1,0.000000
1009,30,31,31,98,278,0,0,3,-1,-1.000000,-1.000000,30,0,60,0,7,7,1,1,68,2.000000
1010,30,31,54,75,115,20,13,3,2,5.000000,6.000000,17,17,19,6,2,8,1,24,45,1.117647
1011,30,177,232,-1,12,31,10,3,4,0.000000,0.000000,35,40,15,3,3,6,147,202,-1,0.428571
1012,30,34,78,176,184,3,2,3,3,1.000000,2.000000,41,10,65,1,33,34,4,48,146,1.585366
1013,30,-1,-1,-1,-1,0,-1,-1,-1,-1.000000,-1.000000,47,0,0,0,0,0,-1,-1,-1,0.000000
1014,30,37,93,196,234,44,12,3,4,8.000000,18.000000,32,34,82,21,21,42,7,63,166,2.562500
1015,30,31,58,111,94,12,2,3,3,2.000000,2.000000,20,19,38,8,15,23,1,28,81,1.900000
1016,30,31,41,147,51,4,18,3,4,7.000000,13.000000,30,9,78,1,28,29,1,11,117,2.600000
1017,30,51,96,192,75,11,21,3,2,4.000000,5.000000,46,15,76,3,20,23,21,66,162,1.652174
1018,31,37,147,244,224,80,7,3,3,8.000000,8.000000,32,76,74,31,23,54,6,116,213,2.312500
1019,31,32,37,142,33,0,5,3,4,0.000000,6.000000,29,5,81,0,24,24,1,6,111,2.793103
1020,31,128,152,224,162,6,12,3,4,11.000000,11.000000,24,13,50,2,22,24,97,121,193,2.083333
1021,31,189,-1,-1,566,3,3,3,4,0.000000,0.000000,41,4,0,0,0,0,158,-1,-1,0.000000
1022,31,40,176,-1,135,113,12,3,4,5.000000,19.000000,36,89,74,47,0,47,9,145,-1,2.055556
1023,32,33,59,108,308,15,2,3,4,0.000000,1.000000,25,13,39,12,10,22,1,27,76,1.560000
1024,32,33,42,57,84,3,15,3,2,10.000000,10.000000,11,7,15,2,0,2,1,10,25,1.363636
1025,32,33,94,144,223,37,12,3,4,12.000000,23.000000,22,37,36,23,14,37,1,62,112,1.636364
1026,32,33,60,100,115,13,13,3,2,4.000000,4.000000,19,18,25,9,15,24,1,28,68,1.315789
1027,32,78,94,148,412,7,18,3,2,8.000000,8.000000,41,4,49,5,5,10,46,62,116,1.195122
1028,32,38,62,142,473,12,9,3,4,3.000000,5.000000,42,12,68,5,12,17,6,30,110,1.619048
1029,32,237,-1,-1,204,0,11,3,4,0.000000,3.000000,42,1,0,0,0,0,205,-1,-1,0.000000
1030,32,33,39,78,384,4,3,3,4,0.000000,10.000000,23,4,37,2,2,4,1,7,46,1.608696
1031,33,-1,-1,-1,-1,0,-1,-1,-1,-1.000000,-1.000000,51,0,0,0,0,0,-1,-1,-1,0.000000
1032,33,34,93,155,423,17,10,3,4,12.000000,19.000000,30,19,50,10,12,22,1,60,122,1.666667
1033,33,34,55,70,332,4,5,3,4,11.000000,11.000000,13,15,15,6,0,6,1,22,37,1.153846
1034,33,36,54,114,449,5,9,3,2,9.000000,10.000000,25,13,51,3,9,12,3,21,81,2.040000
1035,33,34,38,124,186,2,5,3,4,12.000000,14.000000,22,3,78,1,8,9,1,5,91,3.545455
1036,33,98,138,224,241,36,20,3,2,5.000000,5.000000,54,24,82,16,4,20,65,105,191,1.518519
1037,33,34,47,61,9,0,7,3,4,1.000000,9.000000,9,9,11,4,3,7,1,14,28,1.222222
1038,33,41,130,212,135,78,12,3,4,6.000000,21.000000,37,57,71,32,11,43,8,97,179,1.918919
1039,34,35,51,129,135,14,11,3,4,9.000000,16.000000,19,12,63,4,15,19,1,17,95,3.315789
1040,34,35,70,128,115,10,13,3,2,5.000000,5.000000,13,25,39,10,19,29,1,36,94,3.000000
1041,34,35,38,91,94,0,3,3,4,0.000000,8.000000,11,3,45,0,8,8,1,4,57,4.090909
1042,34,35,66,157,157,14,14,3,2,2.000000,2.000000,33,21,65,10,26,36,1,32,123,1.969697
1043,34,43,151,218,412,82,15,3,2,6.000000,8.000000,37,64,59,44,8,52,9,117,184,1.594595
1044,34,35,51,141,184,5,1,3,3,0.000000,1.000000,38,9,74,3,16,19,1,17,107,1.947368
1045,34,177,188,244,142,2,11,3,3,0.000000,1.000000,19,5,47,0,9,9,143,154,210,2.473684
1046,34,-1,-1,-1,-1,0,-1,-1,-1,-1.000000,-1.000000,58,0,0,0,0,0,-1,-1,-1,0.000000
1047,34,35,-1,-1,404,6,9,3,2,8.000000,8.000000,41,11,0,5,0,5,1,-1,-1,0.000000
1048,34,35,43,95,73,3,11,3,4,4.000000,15.000000,20,6,42,2,10,12,1,9,61,2.100000
1049,35,141,154,229,575,12,12,3,4,0.000000,5.000000,42,13,66,0,9,9,106,119,194,1.571429
1050,35,36,46,141,73,3,11,3,4,4.000000,13.000000,18,8,58,2,37,39,1,11,106,3.222222
1051,35,39,45,125,209,0,5,3,4,2.000000,8.000000,33,4,57,1,23,24,4,10,90,1.727273
1052,35,36,44,94,135,5,11,3,4,9.000000,16.000000,13,5,33,3,17,20,1,9,59,2.538462
1053,35,36,41,79,423,2,8,3,4,10.000000,16.000000,20,3,28,2,10,12,1,6,44,1.400000
1054,35,36,185,243,157,103,12,3,2,1.000000,1.000000,44,89,56,48,2,50,1,150,208,1.272727
1055,35,-1,-1,-1,-1,0,-1,-1,-1,-1.000000,-1.000000,50,0,0,0,0,0,-1,-1,-1,0.000000
1056,35,55,162,248,439,4,14,3,4,7.000000,17.000000,29,9,63,1,23,24,20,127,213,2.172414
1057,35,38,41,122,380,0,3,3,4,3.000000,5.000000,26,2,58,0,23,23,3,6,87,2.230769
1058,36,-1,-1,-1,-1,0,-1,-1,-1,-1.000000,-1.000000,56,0,0,0,0,0,-1,-1,-1,0.000000
1059,36,46,72,161,473,21,11,3,2,0.000000,0.000000,43,20,77,6,12,18,10,36,125,1.790698
1060,36,37,46,130,492,6,8,3,3,3.000000,5.000000,25,6,69,3,15,18,1,10,94,2.760000
1061,36,37,53,104,47,7,12,3,4,3.000000,10.000000,14,15,28,1,23,24,1,17,68,2.000000
1062,36,37,89,190,215,19,11,3,4,4.000000,8.000000,23,42,79,10,22,32,1,53,154,3.434783
1063,36,37,83,104,13,9,15,3,2,1.000000,1.000000,15,34,19,12,2,14,1,47,68,1.266667
1064,36,37,56,131,404,6,9,3,2,6.000000,6.000000,15,15,47,4,28,32,1,20,95,3.133333
1065,36,37,66,149,570,15,8,3,3,8.000000,9.000000,40,22,66,5,17,22,1,30,113,1.650000
1066,36,37,41,63,118,0,4,3,4,0.000000,8.000000,16,4,18,0,4,4,1,5,27,1.125000
1067,37,42,58,157,339,2,6,3,3,0.000000,3.000000,28,11,68,0,31,31,5,21,120,2.428571
1068,37,39,76,172,388,19,6,3,4,8.000000,17.000000,34,21,90,15,6,21,2,39,135,2.647059
1069,37,39,45,114,366,2,6,3,4,1.000000,4.000000,20,5,36,1,33,34,2,8,77,1.800000
1070,37,46,152,234,286,82,6,3,4,0.000000,9.000000,49,72,75,31,7,38,9,115,197,1.530612
1071,37,42,127,224,450,27,11,3,2,11.000000,11.000000,32,26,68,12,29,41,5,90,187,2.125000
1072,37,38,82,175,140,26,10,3,2,4.000000,4.000000,32,29,78,15,15,30,1,45,138,2.437500
1073,37,38,47,107,465,3,14,3,2,1.000000,3.000000,37,8,49,1,11,12,1,10,70,1.324324
1074,37,38,81,158,113,24,3,3,4,0.000000,2.000000,40,26,64,17,13,30,1,44,121,1.600000
1075,37,38,45,135,538,1,7,3,4,5.000000,5.000000,28,5,58,0,32,32,1,8,98,2.071429
1076,37,38,101,151,135,36,10,3,2,5.000000,5.000000,14,44,42,19,8,27,1,64,114,3.000000
1077,37,38,196,-1,45,97,4,3,4,0.000000,4.000000,31,106,37,52,17,69,1,159,-1,1.193548
1078,37,38,109,192,545,45,13,3,2,0.000000,0.000000,49,46,79,24,4,28,1,72,155,1.612245
1079,37,39,55,146,162,5,10,3,4,6.000000,8.000000,21,13,59,2,32,34,2,18,109,2.809524
1080,37,38,55,89,41,1,6,3,4,0.000000,8.000000,17,10,29,7,5,12,1,18,52,1.705882
1081,37,181,221,-1,305,12,11,3,3,0.000000,1.000000,22,25,25,0,4,4,144,184,-1,1.136364
1082,37,45,106,171,514,40,19,3,2,5.000000,6.000000,48,44,60,17,5,22,8,69,134,1.250000
1083,38,39,57,105,147,8,1,3,3,0.000000,1.000000,22,13,28,5,20,25,1,19,67,1.272727
1084,38,39,59,118,57,0,12,3,2,1.000000,1.000000,24,18,44,2,15,17,1,21,80,1.833333
1085,38,-1,-1,-1,-1,0,-1,-1,-1,-1.000000,-1.000000,53,0,0,0,0,0,-1,-1,-1,0.000000
1086,38,140,161,232,496,2,10,3,4,8.000000,8.000000,27,8,53,1,18,19,102,123,194,1.962963
1087,38,-1,-1,-1,-1,0,-1,-1,-1,-1.000000,-1.000000,52,0,0,0,0,0,-1,-1,-1,0.000000
1088,38,39,80,184,146,30,16,3,4,9.000000,19.000000,24,22,76,19,28,47,1,42,146,3.166667
1089,38,-1,-1,-1,-1,0,-1,-1,-1,-1.000000,-1.000000,53,0,0,0,0,0,-1,-1,-1,0.000000
1090,38,39,40,105,17,0,1,3,3,0.000000,0.000000,26,1,54,0,11,11,1,2,67,2.076923
1091,38,39,-1,-1,292,150,22,3,4,0.000000,18.000000,53,121,0,66,0,66,1,-1,-1,0.000000
1092,38,39,85,115,81,17,10,3,4,2.000000,4.000000,15,33,23,13,7,20,1,47,77,1.533333
1093,38,39,63,152,181,13,14,3,4,6.000000,19.000000,29,17,81,7,8,15,1,25,114,2.793103
1094,39,45,211,-1,234,132,12,3,4,4.000000,11.000000,38,104,37,61,2,63,6,172,-1,0.973684
1095,39,40,49,77,81,3,9,3,4,0.000000,2.000000,24,8,28,1,0,1,1,10,38,1.166667
1096,39,40,57,155,168,8,13,3,4,1.000000,17.000000,38,15,72,2,26,28,1,18,116,1.894737
1097,39,-1,-1,-1,-1,0,-1,-1,-1,-1.000000,-1.000000,35,0,0,0,0,0,-1,-1,-1,0.000000
1098,39,40,121,149,51,40,17,3,2,1.000000,1.000000,17,55,23,26,5,31,1,82,110,1.352941
1099,39,40,42,122,45,0,2,3,3,0.000000,0.000000,22,2,48,0,32,32,1,3,83,2.181818
1100,39,40,59,140,126,5,4,3,4,1.000000,13.000000,16,16,66,3,15,18,1,20,101,4.125000
1101,39,40,58,124,540,13,9,3,4,5.000000,8.000000,29,12,49,6,17,23,1,19,85,1.689655
1102,39,63,136,208,583,56,5,3,4,0.000000,9.000000,39,50,65,23,7,30,24,97,169,1.666667
1103,40,43,48,62,151,0,5,3,3,0.000000,4.000000,12,5,14,0,0,0,3,8,22,1.166667
1104,40,41,51,152,137,3,10,3,4,3.000000,12.000000,38,6,80,4,21,25,1,11,112,2.105263
1105,40,201,201,-1,587,0,0,3,-1,-1.000000,-1.000000,36,0,45,0,4,4,161,161,-1,1.250000
1106,40,212,-1,-1,556,6,12,3,4,1.000000,2.000000,35,11,0,2,0,2,172,-1,-1,0.000000
1107,40,41,55,136,568,11,14,3,2,9.000000,9.000000,39,9,75,4,6,10,1,15,96,1.923077
1108,40,93,126,203,349,21,18,3,2,3.000000,3.000000,37,17,69,10,8,18,53,86,163,1.864865
1109,40,-1,-1,-1,-1,0,-1,-1,-1,-1.000000,-1.000000,57,0,0,0,0,0,-1,-1,-1,0.000000
1110,40,115,-1,-1,576,12,17,3,2,1.000000,1.000000,32,14,0,2,0,2,75,-1,-1,0.000000
1111,40,214,-1,-1,585,0,19,3,4,0.000000,9.000000,38,2,0,0,0,0,174,-1,-1,0.000000
1112,40,50,73,154,583,7,11,3,4,1.000000,17.000000,29,18,73,3,8,11,10,33,114,2.517241
1113,41,-1,-1,-1,-1,0,-1,-1,-1,-1.000000,-1.000000,49,0,0,0,0,0,-1,-1,-1,0.000000
1114,41,42,46,77,166,3,14,3,4,9.000000,18.000000,25,2,25,2,6,8,1,5,36,1.000000
1115,41,42,51,107,234,5,11,3,4,7.000000,16.000000,25,6,47,3,9,12,1,10,66,1.880000
1116,41,42,47,136,43,0,5,3,4,0.000000,4.000000,18,5,60,0,29,29,1,6,95,3.333333
1117,41,120,165,238,35,32,15,3,4,2.000000,21.000000,56,26,68,16,5,21,79,124,197,1.214286
1118,41,42,122,209,151,7,4,3,3,0.000000,4.000000,23,20,63,9,24,33,1,81,168,2.739130
1119,41,42,51,161,375,4,10,3,4,7.000000,8.000000,36,5,70,4,40,44,1,10,120,1.944444
1120,41,76,103,187,587,21,11,3,4,0.000000,9.000000,37,19,81,8,3,11,35,62,146,2.189189
1121,41,97,214,-1,378,62,19,3,2,7.000000,7.000000,35,51,31,46,5,51,56,173,-1,0.885714
1122,41,123,167,-1,565,25,17,3,2,1.000000,1.000000,24,39,61,4,22,26,82,126,-1,2.541667
1123,41,181,212,233,184,8,7,3,4,3.000000,5.000000,17,11,19,1,2,3,140,171,192,1.117647
1124,41,42,66,87,196,6,2,3,3,1.000000,1.000000,17,20,19,4,2,6,1,25,46,1.117647
1125,41,42,47,151,567,5,16,3,4,3.000000,11.000000,21,0,77,5,27,32,1,6,110,3.666667
1126,41,46,50,89,175,0,4,3,4,0.000000,3.000000,24,3,32,0,7,7,5,9,48,1.333333
1127,42,136,142,191,549,1,10,3,2,7.000000,7.000000,34,2,42,1,7,8,94,100,149,1.235294
1128,42,122,145,208,179,4,18,3,2,13.000000,13.000000,28,16,48,1,15,16,80,103,166,1.714286
1129,42,43,47,114,404,1,12,3,4,8.000000,16.000000,21,0,41,4,26,30,1,5,72,1.952381
1130,42,43,60,115,543,10,10,3,2,9.000000,9.000000,9,14,43,3,12,15,1,18,73,4.777778
1131,42,-1,-1,-1,-1,0,-1,-1,-1,-1.000000,-1.000000,56,0,0,0,0,0,-1,-1,-1,0.000000
1132,42,43,85,182,122,14,1,3,3,0.000000,0.000000,28,29,72,13,25,38,1,43,140,2.571429
1133,42,51,63,78,56,1,12,3,2,6.000000,6.000000,15,12,15,0,0,0,9,21,36,1.000000
1134,42,164,245,-1,184,25,16,3,4,0.000000,7.000000,28,32,5,7,0,7,122,203,-1,0.178571
1135,43,45,59,106,123,7,10,3,2,12.000000,12.000000,26,12,40,1,7,8,2,16,63,1.538462
1136,43,44,45,135,335,0,1,3,3,0.000000,1.000000,17,1,65,0,25,25,1,2,92,3.823529
1137,43,44,48,139,95,1,8,3,3,0.000000,10.000000,13,4,67,0,24,24,1,5,96,5.153846
1138,43,96,154,-1,83,15,19,3,2,1.000000,1.000000,55,15,82,4,14,18,53,111,-1,1.490909
1139,43,44,50,137,587,4,16,3,4,4.000000,13.000000,13,4,63,2,24,26,1,7,94,4.846154
1140,43,56,91,151,540,30,12,3,2,8.000000,8.000000,44,28,56,7,4,11,13,48,108,1.272727
1141,43,53,127,192,12,2,10,3,4,0.000000,5.000000,26,13,52,5,13,18,10,84,149,2.000000
1142,43,44,65,84,38,8,6,3,4,0.000000,6.000000,9,15,15,6,4,10,1,22,41,1.666667
1143,43,114,-1,-1,584,14,16,3,4,0.000000,5.000000,30,16,0,2,0,2,71,-1,-1,0.000000
1144,43,44,85,157,123,25,12,3,4,12.000000,24.000000,21,26,53,15,19,34,1,42,114,2.523810
1145,43,-1,-1,-1,-1,0,-1,-1,-1,-1.000000,-1.000000,54,0,0,0,0,0,-1,-1,-1,0.000000
1146,43,44,174,220,126,100,4,3,4,2.000000,13.000000,27,92,43,38,3,41,1,131,177,1.592593
1147,43,134,174,233,526,9,8,3,4,4.000000,11.000000,31,19,49,5,10,15,91,131,190,1.580645
1148,43,44,-1,-1,162,7,11,3,2,9.000000,9.000000,40,13,0,4,0,4,1,-1,-1,0.000000
1149,43,44,81,117,37,10,5,3,4,0.000000,4.000000,15,32,23,5,13,18,1,38,74,1.533333
1150,43,44,93,189,180,15,15,3,2,10.000000,10.000000,28,31,56,18,40,58,1,50,146,2.000000
1151,44,45,138,227,227,59,11,3,4,2.000000,7.000000,31,55,71,38,18,56,1,94,183,2.290323
1152,44,45,58,104,275,11,3,3,4,2.000000,2.000000,23,10,31,3,15,18,1,14,60,1.347826
1153,44,128,212,-1,312,2,19,3,4,3.000000,6.000000,29,19,31,1,7,8,84,168,-1,1.068966
1154,44,45,73,172,149,17,13,3,2,0.000000,11.000000,22,17,72,11,27,38,1,29,128,3.272727
1155,44,64,82,169,543,10,19,3,2,2.000000,4.000000,33,10,85,3,2,5,20,38,125,2.575758
1156,44,45,57,116,504,4,12,3,2,12.000000,12.000000,23,9,51,3,8,11,1,13,72,2.217391
1157,44,48,85,185,123,9,12,3,2,8.000000,8.000000,32,11,76,8,24,32,4,41,141,2.375000
1158,44,175,-1,-1,587,0,17,3,4,2.000000,4.000000,46,2,0,0,0,0,131,-1,-1,0.000000
1159,45,46,47,135,372,1,8,3,2,7.000000,8.000000,14,0,64,1,24,25,1,2,90,4.571429
1160,45,46,53,71,148,2,20,3,4,11.000000,15.000000,13,5,15,2,3,5,1,8,26,1.153846
1161,45,47,143,219,522,35,6,3,4,4.000000,6.000000,31,26,53,32,23,55,2,98,174,1.709677
1162,45,46,73,111,174,10,13,3,4,10.000000,17.000000,25,19,35,8,3,11,1,28,66,1.400000
1163,45,96,144,182,557,12,13,3,2,10.000000,10.000000,16,20,30,5,8,13,51,99,137,1.875000
1164,45,46,71,161,466,23,20,3,2,5.000000,5.000000,43,18,75,7,15,22,1,26,116,1.744186
1165,45,46,62,160,77,13,11,3,2,9.000000,9.000000,25,13,69,3,29,32,1,17,115,2.760000
1166,45,46,128,201,121,45,10,3,4,6.000000,17.000000,35,46,71,36,2,38,1,83,156,2.028571
1167,46,47,64,132,224,10,6,3,4,9.000000,10.000000,44,14,60,3,8,11,1,18,86,1.363636
1168,46,47,74,167,141,20,20,3,4,1.000000,17.000000,35,18,69,9,24,33,1,28,121,1.971429
1169,46,47,93,111,266,16,17,3,2,2.000000,2.000000,13,28,15,18,3,21,1,47,65,1.153846
1170,46,47,104,175,95,14,5,3,4,0.000000,12.000000,12,37,50,20,21,41,1,58,129,4.166667
1171,46,106,137,159,453,14,16,3,2,1.000000,1.000000,18,22,20,4,2,6,60,91,113,1.111111
1172,46,47,64,117,404,7,12,3,4,3.000000,12.000000,27,11,43,6,10,16,1,18,71,1.592593
1173,47,68,84,164,573,3,9,3,2,5.000000,5.000000,39,7,67,1,13,14,21,37,117,1.717949
1174,47,103,141,201,498,27,10,3,3,1.000000,8.000000,41,25,53,10,7,17,56,94,154,1.292683
1175,47,48,70,119,124,13,3,3,4,0.000000,0.000000,20,14,32,8,17,25,1,23,72,1.600000
1176,47,-1,-1,-1,-1,0,-1,-1,-1,-1.000000,-1.000000,53,0,0,0,0,0,-1,-1,-1,0.000000
1177,47,48,52,144,78,3,5,3,4,0.000000,13.000000,17,3,71,1,21,22,1,5,97,4.176471
1178,47,102,114,199,414,5,9,3,4,0.000000,11.000000,41,8,65,2,20,22,55,67,152,1.585366
1179,47,-1,-1,-1,-1,0,-1,-1,-1,-1.000000,-1.000000,47,0,0,0,0,0,-1,-1,-1,0.000000
1180,47,48,66,110,427,2,5,3,4,0.000000,9.000000,22,14,34,4,10,14,1,19,63,1.545455
1181,47,48,-1,-1,276,157,22,3,2,4.000000,5.000000,44,119,0,73,0,73,1,-1,-1,0.000000
1182,47,143,203,-1,253,33,20,3,2,2.000000,2.000000,46,41,46,7,1,8,96,156,-1,1.000000
1183,47,57,69,134,325,5,9,3,2,2.000000,2.000000,47,5,53,5,12,17,10,22,87,1.127660
1184,48,49,94,152,154,38,13,3,2,2.000000,2.000000,33,29,45,16,13,29,1,46,104,1.363636
1185,48,-1,-1,-1,-1,0,-1,-1,-1,-1.000000,-1.000000,41,0,0,0,0,0,-1,-1,-1,0.000000
1186,48,49,62,158,237,12,2,3,4,0.000000,1.000000,32,8,78,5,18,23,1,14,110,2.437500
1187,48,51,79,156,591,4,10,3,2,7.000000,7.000000,39,9,57,1,20,21,3,31,108,1.461538
1188,49,50,54,147,119,3,8,3,3,0.000000,7.000000,22,4,60,0,33,33,1,5,98,2.727273
1189,49,50,50,142,314,0,0,3,-1,-1.000000,-1.000000,29,0,73,0,19,19,1,1,93,2.517241
1190,49,50,56,152,272,0,5,3,4,0.000000,6.000000,26,5,80,1,16,17,1,7,103,3.076923
1191,49,50,147,193,166,75,13,3,2,4.000000,5.000000,28,76,40,21,6,27,1,98,144,1.428571
1192,49,135,-1,-1,526,3,7,3,4,3.000000,6.000000,33,6,0,1,0,1,86,-1,-1,0.000000
1193,49,69,73,177,486,3,4,3,4,1.000000,7.000000,31,3,77,1,27,28,20,24,128,2.483871
1194,49,50,67,162,193,12,13,3,2,4.000000,4.000000,18,8,58,9,37,46,1,18,113,3.222222
1195,50,51,54,137,95,0,3,3,4,0.000000,4.000000,16,3,56,0,27,27,1,4,87,3.500000
1196,50,151,-1,-1,204,36,20,3,2,9.000000,9.000000,46,25,0,17,0,17,101,-1,-1,0.000000
1197,50,92,170,242,447,58,24,3,2,3.000000,5.000000,37,62,59,13,13,26,42,120,192,1.594595
1198,50,51,68,113,58,4,6,3,4,2.000000,6.000000,23,12,39,5,6,11,1,18,63,1.695652
1199,50,77,133,190,574,22,10,3,4,6.000000,8.000000,35,21,45,13,12,25,27,83,140,1.285714
1200,50,238,-1,-1,592,2,21,3,2,9.000000,9.000000,46,3,0,2,0,2,188,-1,-1,0.000000
1201,50,58,94,132,522,18,1,3,3,0.000000,0.000000,30,14,38,16,0,16,8,44,82,1.266667
1202,51,56,-1,-1,439,4,15,3,2,8.000000,8.000000,34,12,0,4,0,4,5,-1,-1,0.000000
1203,51,52,84,168,193,27,14,3,2,4.000000,4.000000,25,16,71,16,13,29,1,33,117,2.840000
1204,51,52,52,115,124,0,0,3,-1,-1.000000,-1.000000,26,0,52,0,11,11,1,1,64,2.000000
1205,51,52,62,116,405,5,11,3,2,0.000000,8.000000,18,8,44,2,10,12,1,11,65,2.444444
1206,51,52,126,153,84,49,18,3,2,0.000000,8.000000,20,51,26,23,1,24,1,75,102,1.300000
1207,51,95,211,-1,536,78,18,3,2,1.000000,1.000000,39,76,36,33,3,36,44,160,-1,0.923077
1208,51,52,58,75,133,3,10,3,2,7.000000,7.000000,11,6,15,0,2,2,1,7,24,1.363636
1209,51,52,62,119,427,3,5,3,4,0.000000,8.000000,33,8,43,2,14,16,1,11,68,1.303030
1210,52,53,110,190,241,25,18,3,2,2.000000,2.000000,36,39,70,18,10,28,1,58,138,1.944444
1211,52,53,65,109,423,2,13,3,2,11.000000,11.000000,28,10,44,2,0,2,1,13,57,1.571429
1212,52,113,138,191,576,19,16,3,2,2.000000,2.000000,27,22,45,3,8,11,61,86,139,1.666667
1213,52,-1,-1,-1,-1,0,-1,-1,-1,-1.000000,-1.000000,58,0,0,0,0,0,-1,-1,-1,0.000000
1214,53,54,55,77,35,0,1,3,3,0.000000,1.000000,7,1,17,0,5,5,1,2,24,2.428571
1215,53,54,60,102,154,5,9,3,2,3.000000,3.000000,33,4,41,2,1,3,1,7,49,1.242424
1216,53,118,169,250,501,41,12,3,2,8.000000,8.000000,43,28,65,23,16,39,65,116,197,1.511628
1217,53,54,62,124,290,5,12,3,4,5.000000,16.000000,20,6,46,2,16,18,1,9,71,2.300000
1218,53,54,71,137,254,10,7,3,4,1.000000,12.000000,15,15,55,2,11,13,1,18,84,3.666667
1219,53,54,-1,-1,267,152,18,3,2,4.000000,5.000000,49,143,0,48,0,48,1,-1,-1,0.000000
1220,53,65,-1,-1,528,147,4,3,4,0.000000,5.000000,45,119,0,62,0,62,12,-1,-1,0.000000
1221,53,176,189,-1,282,10,9,3,4,0.000000,6.000000,31,12,40,1,21,22,123,136,-1,1.290323
1222,54,55,138,201,138,39,12,3,2,4.000000,4.000000,32,51,56,31,7,38,1,84,147,1.750000
1223,54,55,69,108,126,5,3,3,4,4.000000,4.000000,17,12,31,2,8,10,1,15,54,1.823529
1224,54,77,160,-1,412,62,19,3,2,8.000000,8.000000,37,59,72,23,18,41,23,106,-1,1.945946
1225,54,55,61,155,162,3,10,3,4,0.000000,19.000000,35,4,89,2,5,7,1,7,101,2.542857
1226,54,56,70,174,397,2,10,3,2,8.000000,8.000000,27,10,75,1,29,30,2,16,120,2.777778
1227,54,55,-1,-1,34,111,15,3,4,1.000000,7.000000,22,128,0,67,0,67,1,-1,-1,0.000000
1228,54,-1,-1,-1,-1,0,-1,-1,-1,-1.000000,-1.000000,46,0,0,0,0,0,-1,-1,-1,0.000000
1229,55,56,77,175,573,12,15,3,2,6.000000,6.000000,44,17,84,3,14,17,1,22,120,1.909091
1230,55,56,63,115,585,7,6,3,4,0.000000,13.000000,34,4,46,3,6,9,1,8,60,1.352941
1231,55,135,143,229,366,8,13,3,4,0.000000,4.000000,29,7,49,1,37,38,80,88,174,1.689655
1232,55,-1,-1,-1,-1,0,-1,-1,-1,-1.000000,-1.000000,43,0,0,0,0,0,-1,-1,-1,0.000000
1233,55,-1,-1,-1,-1,0,-1,-1,-1,-1.000000,-1.000000,63,0,0,0,0,0,-1,-1,-1,0.000000
1234,56,57,-1,-1,283,139,15,3,2,1.000000,2.000000,45,121,0,71,0,71,1,-1,-1,0.000000
1235,56,124,148,209,275,14,14,3,3,1.000000,6.000000,23,18,41,0,20,20,68,92,153,1.782609
1236,56,59,63,152,119,0,4,3,4,1.000000,7.000000,35,4,65,0,24,24,3,7,96,1.857143
1237,57,120,-1,-1,506,33,17,3,3,3.000000,5.000000,45,30,0,20,0,20,63,-1,-1,0.000000
1238,57,58,88,113,198,22,14,3,4,4.000000,13.000000,20,18,22,11,3,14,1,31,56,1.100000
1239,57,58,87,106,183,22,12,3,4,11.000000,16.000000,9,7,15,22,4,26,1,30,49,1.666667
1240,57,66,74,88,105,3,8,3,4,0.000000,6.000000,7,8,11,0,3,3,9,17,31,1.571429
1241,57,-1,-1,-1,-1,0,-1,-1,-1,-1.000000,-1.000000,48,0,0,0,0,0,-1,-1,-1,0.000000
1242,57,67,83,177,105,6,6,3,4,7.000000,8.000000,38,13,76,3,18,21,10,26,120,2.000000
1243,57,58,103,151,163,18,11,3,2,10.000000,10.000000,27,33,39,12,9,21,1,46,94,1.444444
1244,57,58,83,184,290,19,12,3,4,3.000000,15.000000,33,14,79,11,22,33,1,26,127,2.393939
1245,57,58,62,161,31,0,4,3,4,0.000000,4.000000,23,4,71,0,28,28,1,5,104,3.086957
1246,57,58,84,120,56,4,10,3,4,8.000000,9.000000,24,16,30,10,6,16,1,27,63,1.250000
1247,58,116,-1,-1,2,1,10,3,4,0.000000,7.000000,38,2,0,1,0,1,58,-1,-1,0.000000
1248,58,59,88,123,105,8,6,3,4,1.000000,11.000000,20,17,30,12,5,17,1,30,65,1.500000
1249,58,59,69,100,128,4,11,3,4,12.000000,27.000000,24,5,30,5,1,6,1,11,42,1.250000
1250,58,68,81,101,451,0,10,3,4,7.000000,16.000000,20,8,20,0,0,0,10,23,43,1.000000
1251,58,59,76,117,193,13,12,3,2,4.000000,4.000000,23,12,31,5,10,15,1,18,59,1.347826
1252,58,59,66,141,549,7,12,3,2,7.000000,7.000000,35,3,73,4,2,6,1,8,83,2.085714
1253,58,59,64,167,149,3,14,3,2,12.000000,12.000000,20,5,74,0,29,29,1,6,109,3.700000
1254,58,59,71,174,313,5,11,3,4,9.000000,19.000000,28,10,82,2,21,23,1,13,116,2.928571
1255,59,63,102,186,267,10,21,3,2,6.000000,7.000000,49,10,71,6,13,19,4,43,127,1.448980
1256,59,76,81,135,597,0,4,3,4,5.000000,5.000000,42,2,48,1,6,7,17,22,76,1.142857
1257,59,78,153,220,334,53,17,3,4,4.000000,17.000000,41,45,53,21,14,35,19,94,161,1.292683
1258,59,-1,-1,-1,-1,0,-1,-1,-1,-1.000000,-1.000000,50,0,0,0,0,0,-1,-1,-1,0.000000
1259,59,83,-1,-1,573,102,1,3,3,0.000000,0.000000,39,86,0,46,0,46,24,-1,-1,0.000000
1260,59,132,176,243,366,3,16,3,3,0.000000,1.000000,28,12,48,5,19,24,73,117,184,1.714286
1261,60,61,94,147,13,10,14,3,2,3.000000,4.000000,31,25,41,8,12,20,1,34,87,1.322581
1262,60,61,87,121,77,14,22,3,4,3.000000,17.000000,20,15,26,11,8,19,1,27,61,1.300000
1263,60,61,145,166,84,69,17,3,2,1.000000,4.000000,13,52,15,32,6,38,1,85,106,1.153846
1264,60,62,193,-1,428,66,8,3,4,12.000000,14.000000,25,76,46,38,11,49,2,133,-1,1.840000
1265,60,61,78,179,233,6,10,3,4,14.000000,28.000000,17,14,59,3,42,45,1,18,119,3.470588
1266,60,61,112,198,413,37,3,3,4,0.000000,6.000000,26,31,62,20,24,44,1,52,138,2.384615
1267,61,62,95,206,138,21,13,3,2,0.000000,1.000000,37,31,73,2,38,40,1,34,145,1.972973
1268,61,62,85,116,84,9,16,3,2,2.000000,3.000000,10,14,26,9,5,14,1,24,55,2.600000
1269,61,62,93,134,443,22,8,3,2,7.000000,7.000000,31,16,37,15,4,19,1,32,73,1.193548
1270,61,64,83,163,114,2,10,3,2,19.000000,19.000000,20,8,62,1,18,19,3,22,102,3.100000
1271,61,62,70,143,304,6,8,3,4,1.000000,5.000000,44,7,62,1,11,12,1,9,82,1.409091
1272,61,62,218,238,327,85,11,3,2,9.000000,9.000000,20,75,20,81,0,81,1,157,177,1.000000
1273,61,163,230,-1,306,31,14,3,4,0.000000,7.000000,16,45,19,10,1,11,102,169,-1,1.187500
1274,61,62,76,156,171,10,8,3,4,0.000000,4.000000,24,11,64,3,16,19,1,15,95,2.666667
1275,61,69,161,-1,573,36,10,3,2,5.000000,5.000000,39,32,73,17,16,33,8,100,-1,1.871795
1276,62,147,183,236,470,13,14,3,4,3.000000,7.000000,24,25,46,2,7,9,85,121,174,1.916667
1277,62,63,77,163,546,8,18,3,4,5.000000,11.000000,48,10,82,1,4,5,1,15,101,1.708333
1278,62,-1,-1,-1,-1,0,-1,-1,-1,-1.000000,-1.000000,52,0,0,0,0,0,-1,-1,-1,0.000000
1279,62,-1,-1,-1,-1,0,-1,-1,-1,-1.000000,-1.000000,45,0,0,0,0,0,-1,-1,-1,0.000000
1280,63,64,79,95,82,1,9,3,4,8.000000,8.000000,14,10,14,5,2,7,1,16,32,1.000000
1281,63,64,123,208,327,37,13,3,2,5.000000,6.000000,27,34,73,25,12,37,1,60,145,2.703704
1282,63,64,78,135,423,2,9,3,2,20.000000,20.000000,27,10,45,4,12,16,1,15,72,1.666667
1283,63,-1,-1,-1,-1,0,-1,-1,-1,-1.000000,-1.000000,63,0,0,0,0,0,-1,-1,-1,0.000000
1284,63,-1,-1,-1,-1,0,-1,-1,-1,-1.000000,-1.000000,48,0,0,0,0,0,-1,-1,-1,0.000000
1285,63,64,65,138,147,0,1,3,3,0.000000,0.000000,25,1,59,0,14,14,1,2,75,2.360000
1286,63,71,82,154,591,0,2,3,3,0.000000,0.000000,48,3,70,0,2,2,8,19,91,1.458333
1287,63,64,76,172,376,7,10,3,4,7.000000,10.000000,29,12,71,0,25,25,1,13,109,2.448276
1288,64,121,130,199,259,7,14,3,2,9.000000,9.000000,26,5,56,4,13,17,57,66,135,2.153846
1289,64,65,70,165,403,3,5,3,4,0.000000,8.000000,28,5,74,0,21,21,1,6,101,2.642857
1290,64,65,70,97,146,4,12,3,4,6.000000,10.000000,13,3,23,2,4,6,1,6,33,1.769231
1291,64,65,67,113,299,0,2,3,3,0.000000,0.000000,22,2,36,0,10,10,1,3,49,1.636364
1292,64,65,132,162,183,53,17,3,2,6.000000,6.000000,21,38,25,29,5,34,1,68,98,1.190476
1293,65,66,150,215,257,65,15,3,4,6.000000,12.000000,23,55,43,29,22,51,1,85,150,1.869565
1294,65,66,72,101,593,3,10,3,2,6.000000,6.000000,9,4,21,2,8,10,1,7,36,2.333333
1295,65,66,81,105,154,3,4,3,4,0.000000,7.000000,10,12,20,3,4,7,1,16,40,2.000000
1296,65,66,85,115,181,7,9,3,2,8.000000,8.000000,11,15,21,4,9,13,1,20,50,1.909091
1297,65,95,-1,-1,352,118,14,3,2,0.000000,0.000000,47,82,0,52,0,52,30,-1,-1,0.000000
1298,65,151,-1,-1,520,22,19,3,2,9.000000,9.000000,48,20,0,12,0,12,86,-1,-1,0.000000
1299,65,66,90,197,198,18,17,3,2,4.000000,4.000000,22,13,82,11,25,36,1,25,132,3.727273
1300,65,97,-1,-1,530,99,8,3,4,0.000000,7.000000,51,79,0,44,0,44,32,-1,-1,0.000000
1301,65,113,141,236,453,16,15,3,4,1.000000,1.000000,22,26,64,2,31,33,48,76,171,2.909091
1302,66,-1,-1,-1,-1,0,-1,-1,-1,-1.000000,-1.000000,28,0,0,0,0,0,-1,-1,-1,0.000000
1303,66,70,76,197,581,0,6,3,4,2.000000,6.000000,32,6,102,0,19,19,4,10,131,3.187500
1304,66,-1,-1,-1,-1,0,-1,-1,-1,-1.000000,-1.000000,29,0,0,0,0,0,-1,-1,-1,0.000000
1305,66,67,117,173,132,19,13,3,2,11.000000,11.000000,17,27,43,23,13,36,1,51,107,2.529412
1306,66,129,164,203,65,22,12,3,4,0.000000,4.000000,25,33,33,0,6,6,63,98,137,1.320000
1307,66,67,104,186,84,20,15,3,2,4.000000,5.000000,14,22,62,15,20,35,1,38,120,4.428571
1308,66,67,139,176,136,45,16,3,4,2.000000,11.000000,17,41,29,31,8,39,1,73,110,1.705882
1309,66,106,-1,-1,262,13,9,3,4,1.000000,9.000000,38,17,0,14,0,14,40,-1,-1,0.000000
1310,67,86,138,230,96,35,14,3,2,7.000000,7.000000,32,40,82,11,10,21,19,71,163,2.562500
1311,67,68,88,173,193,7,8,3,4,8.000000,11.000000,11,13,71,7,14,21,1,21,106,6.454545
1312,67,68,73,139,450,5,9,3,2,11.000000,11.000000,29,3,63,2,3,5,1,6,72,2.172414
1313,68,69,89,196,519,15,16,3,2,3.000000,4.000000,34,9,70,11,37,48,1,21,128,2.058824
1314,68,217,-1,-1,585,0,16,3,2,0.000000,0.000000,40,1,0,0,0,0,149,-1,-1,0.000000
1315,68,69,127,199,459,45,13,3,4,4.000000,15.000000,31,49,59,9,13,22,1,59,131,1.903226
1316,68,69,99,186,456,20,17,3,2,0.000000,0.000000,43,22,59,8,28,36,1,31,118,1.372093
1317,68,112,-1,-1,471,7,15,3,2,12.000000,12.000000,39,10,0,1,0,1,44,-1,-1,0.000000
1318,68,99,158,200,526,29,13,3,2,10.000000,10.000000,21,35,35,1,7,8,31,90,132,1.666667
1319,68,69,88,163,569,14,11,3,2,5.000000,5.000000,36,12,62,7,13,20,1,20,95,1.722222
1320,69,70,74,124,189,2,11,3,2,17.000000,17.000000,10,4,34,0,16,16,1,5,55,3.400000
1321,69,75,139,176,428,8,9,3,4,1.000000,2.000000,26,18,32,6,5,11,6,70,107,1.230769
1322,69,71,77,138,46,0,5,3,4,1.000000,6.000000,22,5,48,1,13,14,2,8,69,2.181818
1323,69,70,131,172,136,46,15,3,2,5.000000,5.000000,20,44,32,17,9,26,1,62,103,1.600000
1324,70,71,78,111,2,0,7,3,4,0.000000,4.000000,16,7,28,0,5,5,1,8,41,1.750000
1325,70,71,84,109,162,3,8,3,2,9.000000,9.000000,22,10,22,3,3,6,1,14,39,1.000000
1326,70,218,-1,-1,159,1,14,3,4,0.000000,4.000000,27,3,0,0,0,0,148,-1,-1,0.000000
1327,70,71,74,129,38,0,2,3,2,1.000000,1.000000,20,2,40,1,15,16,1,4,59,2.000000
1328,70,71,94,173,428,11,11,3,4,0.000000,13.000000,26,11,66,12,13,25,1,24,103,2.538462
1329,70,71,74,142,105,0,3,3,4,0.000000,6.000000,35,3,61,0,7,7,1,4,72,1.742857
1330,70,71,141,238,311,64,10,3,2,4.000000,4.000000,30,42,66,28,31,59,1,71,168,2.200000
1331,70,78,84,102,81,1,8,3,4,0.000000,3.000000,12,6,12,0,6,6,8,14,32,1.000000
1332,71,72,79,111,597,1,6,3,4,0.000000,6.000000,15,4,17,3,15,18,1,8,40,1.133333
1333,71,106,132,159,437,14,21,3,2,10.000000,10.000000,16,17,20,6,7,13,35,61,88,1.250000
1334,71,72,99,116,289,7,11,3,2,8.000000,9.000000,17,13,17,14,0,14,1,28,45,1.000000
1335,71,72,81,183,519,9,13,3,2,4.000000,4.000000,29,6,73,3,29,32,1,10,112,2.517241
1336,71,72,75,172,144,1,14,3,4,2.000000,10.000000,25,2,59,1,38,39,1,4,101,2.360000
1337,71,72,102,183,342,9,6,3,4,0.000000,9.000000,27,28,61,2,20,22,1,31,112,2.259259
1338,71,74,111,195,206,21,9,3,4,0.000000,15.000000,24,25,66,11,18,29,3,40,124,2.750000
1339,71,72,156,214,54,64,14,3,2,2.000000,2.000000,25,61,47,23,11,34,1,85,143,1.880000
1340,72,73,151,216,332,49,7,3,4,1.000000,6.000000,31,38,49,20,16,36,1,79,144,1.580645
1341,72,-1,-1,-1,-1,0,-1,-1,-1,-1.000000,-1.000000,49,0,0,0,0,0,-1,-1,-1,0.000000
1342,72,73,147,213,256,42,16,3,2,1.000000,1.000000,44,46,62,17,4,21,1,75,141,1.409091
1343,72,73,110,164,53,20,19,3,2,2.000000,5.000000,23,26,45,11,9,20,1,38,92,1.956522
1344,73,74,106,154,193,7,3,3,4,0.000000,7.000000,12,29,34,3,14,17,1,33,81,2.833333
1345,73,74,84,116,55,0,10,3,2,1.000000,1.000000,15,10,25,0,7,7,1,11,43,1.666667
1346,73,74,77,129,466,2,13,3,2,4.000000,4.000000,29,3,47,0,5,5,1,4,56,1.620690
1347,74,75,82,152,464,5,4,3,4,0.000000,10.000000,30,6,44,1,26,27,1,8,78,1.466667
1348,74,75,82,128,56,0,6,3,4,2.000000,2.000000,18,6,34,1,12,13,1,8,54,1.888889
1349,74,112,213,-1,76,45,16,3,2,10.000000,10.000000,37,40,32,29,5,34,38,139,-1,0.864865
1350,74,94,166,-1,133,51,13,3,4,4.000000,7.000000,40,42,64,23,20,43,20,92,-1,1.600000
1351,74,75,107,192,332,15,5,3,4,0.000000,5.000000,19,20,67,4,18,22,1,33,118,3.526316
1352,74,-1,-1,-1,-1,0,-1,-1,-1,-1.000000,-1.000000,45,0,0,0,0,0,-1,-1,-1,0.000000
1353,74,199,242,-1,587,16,2,3,3,0.000000,1.000000,28,22,8,0,0,0,125,168,-1,0.285714
1354,74,75,182,240,467,93,18,3,2,1.000000,4.000000,31,64,41,43,17,60,1,108,166,1.322581
1355,74,75,81,118,122,3,10,3,2,9.000000,9.000000,13,2,23,4,14,18,1,7,44,1.769231
1356,75,76,119,156,311,25,11,3,4,2.000000,6.000000,24,25,32,18,5,23,1,44,81,1.333333
1357,75,76,102,178,489,17,17,3,2,3.000000,3.000000,22,16,50,10,26,36,1,27,103,2.272727
1358,75,76,112,178,336,30,20,3,2,6.000000,6.000000,44,24,54,12,12,24,1,37,103,1.227273
1359,75,76,103,169,405,20,12,3,2,3.000000,3.000000,16,19,56,8,10,18,1,28,94,3.500000
1360,75,76,101,150,133,23,13,3,2,1.000000,1.000000,12,16,38,9,11,20,1,26,75,3.166667
1361,75,76,101,160,596,1,15,3,2,11.000000,11.000000,31,13,49,6,10,16,1,26,85,1.580645
1362,75,76,92,160,253,10,5,3,4,0.000000,6.000000,26,14,52,2,16,18,1,17,85,2.000000
1363,75,76,87,113,34,0,11,3,4,3.000000,9.000000,15,11,23,0,3,3,1,12,38,1.533333
1364,75,76,120,177,543,28,16,3,4,2.000000,10.000000,32,28,50,16,7,23,1,45,102,1.562500
1365,76,132,-1,-1,526,12,9,3,4,10.000000,10.000000,29,24,0,15,0,15,56,-1,-1,0.000000
1366,76,77,101,189,197,6,12,3,2,9.000000,9.000000,23,10,53,7,35,42,1,25,113,2.304348
1367,76,147,-1,-1,582,26,9,3,4,0.000000,4.000000,52,30,0,8,0,8,71,-1,-1,0.000000
1368,76,77,83,112,61,3,4,3,4,0.000000,7.000000,19,4,21,2,8,10,1,7,36,1.105263
1369,77,78,136,203,596,32,13,3,4,0.000000,18.000000,30,41,46,17,21,38,1,59,126,1.533333
1370,77,78,114,132,568,15,3,3,4,0.000000,6.000000,16,18,18,18,0,18,1,37,55,1.125000
1371,77,78,83,110,332,3,3,3,4,1.000000,8.000000,19,5,25,0,2,2,1,6,33,1.315789
1372,77,152,199,232,304,12,11,3,4,0.000000,4.000000,27,24,31,2,2,4,75,122,155,1.148148
1373,77,78,96,176,127,5,10,3,4,0.000000,11.000000,11,14,53,4,27,31,1,19,99,4.818182
1374,77,213,-1,-1,284,0,12,3,2,4.000000,4.000000,39,1,0,0,0,0,136,-1,-1,0.000000
1375,77,85,133,180,496,31,13,3,2,14.000000,14.000000,25,28,33,18,14,32,8,56,103,1.320000
1376,77,78,147,237,480,66,16,3,2,2.000000,3.000000,30,51,74,18,16,34,1,70,160,2.466667
1377,77,78,80,109,41,0,2,3,4,1.000000,2.000000,12,2,28,0,1,1,1,3,32,2.333333
1378,77,78,122,204,574,27,10,3,4,7.000000,9.000000,31,25,75,13,7,20,1,45,127,2.419355
1379,77,78,84,155,118,2,3,3,4,0.000000,1.000000,43,5,63,1,8,9,1,7,78,1.465116
1380,77,-1,-1,-1,-1,0,-1,-1,-1,-1.000000,-1.000000,46,0,0,0,0,0,-1,-1,-1,0.000000
1381,78,79,97,151,597,0,3,3,4,0.000000,0.000000,25,11,39,0,15,15,1,19,73,1.560000
1382,78,82,163,219,231,34,17,3,2,5.000000,6.000000,30,32,50,20,6,26,4,85,141,1.666667
1383,78,79,131,159,255,27,12,3,2,3.000000,3.000000,20,39,22,13,6,19,1,53,81,1.100000
1384,78,79,83,95,13,0,4,3,4,0.000000,1.000000,10,4,10,0,2,2,1,5,17,1.000000
1385,78,95,131,201,437,24,16,3,4,10.000000,30.000000,47,19,61,16,9,25,17,53,123,1.297872
1386,79,80,113,172,71,13,13,3,2,3.000000,3.000000,23,17,45,16,14,30,1,34,93,1.956522
1387,79,80,88,153,421,6,14,3,2,11.000000,11.000000,25,4,51,4,14,18,1,9,74,2.040000
1388,79,80,93,120,197,3,11,3,4,9.000000,22.000000,17,11,25,2,2,4,1,14,41,1.470588
1389,79,100,156,229,313,28,14,3,2,13.000000,13.000000,31,32,47,14,26,40,21,77,150,1.516129
1390,79,80,132,196,411,49,12,3,4,6.000000,14.000000,25,33,63,19,1,20,1,53,117,2.520000
1391,79,80,97,174,568,12,1,3,3,1.000000,1.000000,22,13,64,4,13,17,1,18,95,2.909091
1392,80,-1,-1,-1,-1,0,-1,-1,-1,-1.000000,-1.000000,65,0,0,0,0,0,-1,-1,-1,0.000000
1393,80,118,141,239,471,15,8,3,4,9.000000,9.000000,43,10,83,13,15,28,38,61,159,1.930233
1394,80,86,124,169,531,17,12,3,2,4.000000,4.000000,27,10,37,18,8,26,6,44,89,1.370370
1395,80,81,101,177,189,15,14,3,2,7.000000,7.000000,21,14,59,6,17,23,1,21,97,2.809524
1396,80,81,86,138,230,3,12,3,2,11.000000,11.000000,29,4,51,1,1,2,1,6,58,1.758621
1397,80,81,102,168,587,20,3,3,4,0.000000,11.000000,43,14,61,7,5,12,1,22,88,1.418605
1398,81,82,221,-1,243,95,17,3,2,4.000000,4.000000,27,86,20,53,9,62,1,140,-1,0.740741
1399,81,-1,-1,-1,-1,0,-1,-1,-1,-1.000000,-1.000000,45,0,0,0,0,0,-1,-1,-1,0.000000
1400,81,113,187,248,536,18,17,3,2,1.000000,1.000000,26,29,44,5,17,22,32,106,167,1.692308
1401,81,133,160,222,549,3,13,3,2,12.000000,12.000000,25,11,49,1,13,14,52,79,141,1.960000
1402,81,82,105,126,255,9,10,3,2,2.000000,2.000000,15,17,19,6,2,8,1,24,45,1.266667
1403,81,82,146,189,513,50,11,3,2,10.000000,10.000000,32,51,38,13,5,18,1,65,108,1.187500
1404,82,83,160,238,249,63,10,3,2,1.000000,1.000000,36,52,76,25,2,27,1,78,156,2.111111
1405,82,83,107,178,123,16,14,3,2,7.000000,7.000000,41,16,69,8,2,10,1,25,96,1.682927
1406,83,84,108,144,162,11,7,3,4,0.000000,11.000000,20,16,28,8,8,16,1,25,61,1.400000
1407,83,-1,-1,-1,-1,0,-1,-1,-1,-1.000000,-1.000000,48,0,0,0,0,0,-1,-1,-1,0.000000
1408,83,143,200,217,134,39,12,3,3,0.000000,5.000000,11,51,15,3,2,5,60,117,134,1.363636
1409,84,85,85,170,485,0,0,3,-1,-1.000000,-1.000000,28,0,70,0,15,15,1,1,86,2.500000
1410,84,86,138,202,178,41,15,3,2,13.000000,13.000000,44,37,56,15,8,23,2,54,118,1.272727
1411,84,85,111,141,267,16,11,3,2,3.000000,3.000000,18,11,18,15,12,27,1,27,57,1.000000
1412,84,85,103,180,140,12,16,3,4,3.000000,8.000000,18,11,48,7,29,36,1,19,96,2.666667
1413,84,85,119,194,590,20,9,3,4,9.000000,14.000000,12,23,42,11,33,44,1,35,110,3.500000
1414,85,86,117,132,67,13,10,3,4,0.000000,6.000000,14,21,14,6,1,7,1,32,47,1.000000
1415,85,86,144,183,420,29,5,3,4,0.000000,7.000000,30,26,38,19,1,20,1,59,98,1.266667
1416,85,214,-1,-1,222,5,15,3,4,0.000000,1.000000,37,8,0,0,0,0,129,-1,-1,0.000000
1417,85,-1,-1,-1,-1,0,-1,-1,-1,-1.000000,-1.000000,30,0,0,0,0,0,-1,-1,-1,0.000000
1418,85,86,109,162,433,10,16,3,4,10.000000,29.000000,23,16,35,5,18,23,1,24,77,1.521739
1419,85,93,-1,-1,231,25,13,3,2,9.000000,9.000000,36,27,0,14,0,14,8,-1,-1,0.000000
1420,86,88,148,216,50,31,9,3,4,1.000000,5.000000,17,39,49,17,19,36,2,62,130,2.882353
1421,86,87,111,195,494,20,11,3,4,4.000000,16.000000,21,20,51,4,33,37,1,25,109,2.428571
1422,86,92,146,186,134,27,13,3,2,17.000000,17.000000,24,34,40,12,0,12,6,60,100,1.666667
1423,86,87,137,231,123,34,17,3,4,12.000000,16.000000,33,31,65,19,29,48,1,51,145,1.969697
1424,86,132,236,-1,139,15,18,3,4,0.000000,0.000000,32,24,10,5,4,9,46,150,-1,0.312500
1425,87,88,156,238,536,60,16,3,2,4.000000,5.000000,45,47,73,21,9,30,1,69,151,1.622222
1426,87,88,106,153,407,15,5,3,4,0.000000,8.000000,19,13,39,5,8,13,1,19,66,2.052632
1427,87,88,124,180,233,29,19,3,4,7.000000,19.000000,24,28,32,8,24,32,1,37,93,1.333333
1428,87,100,114,187,429,4,16,3,2,8.000000,8.000000,31,4,55,5,18,23,13,27,100,1.774194
1429,87,250,-1,-1,588,0,14,3,4,0.000000,9.000000,48,0,0,0,0,0,163,-1,-1,0.000000
1430,87,88,90,152,376,2,11,3,2,15.000000,15.000000,34,2,50,0,12,12,1,3,65,1.470588
1431,88,-1,-1,-1,-1,0,-1,-1,-1,-1.000000,-1.000000,33,0,0,0,0,0,-1,-1,-1,0.000000
1432,88,89,92,207,520,1,10,3,4,12.000000,30.000000,39,3,99,0,16,16,1,4,119,2.538462
1433,88,89,171,220,305,60,4,3,4,0.000000,10.000000,27,53,37,29,12,41,1,83,132,1.370370
1434,88,89,92,163,163,0,3,3,4,0.000000,5.000000,42,3,66,0,5,5,1,4,75,1.571429
1435,88,89,108,144,371,17,21,3,2,4.000000,4.000000,26,10,34,9,2,11,1,20,56,1.307692
1436,89,-1,-1,-1,-1,0,-1,-1,-1,-1.000000,-1.000000,61,0,0,0,0,0,-1,-1,-1,0.000000
1437,89,90,129,206,472,33,18,3,2,6.000000,6.000000,48,26,62,13,15,28,1,40,117,1.291667
1438,89,90,130,223,93,24,24,3,2,2.000000,4.000000,49,27,85,13,8,21,1,41,134,1.734694
1439,89,-1,-1,-1,-1,0,-1,-1,-1,-1.000000,-1.000000,51,0,0,0,0,0,-1,-1,-1,0.000000
1440,89,-1,-1,-1,-1,0,-1,-1,-1,-1.000000,-1.000000,58,0,0,0,0,0,-1,-1,-1,0.000000
1441,89,196,-1,-1,225,1,18,3,2,1.000000,1.000000,41,5,0,2,0,2,107,-1,-1,0.000000
1442,89,90,120,206,579,24,17,3,2,8.000000,8.000000,45,16,65,14,21,35,1,31,117,1.444444
1443,89,113,-1,-1,584,19,15,3,4,1.000000,5.000000,29,17,0,8,0,8,24,-1,-1,0.000000
1444,90,91,99,172,202,5,6,3,4,0.000000,16.000000,17,5,43,3,30,33,1,9,82,2.529412
1445,90,-1,-1,-1,-1,0,-1,-1,-1,-1.000000,-1.000000,49,0,0,0,0,0,-1,-1,-1,0.000000
1446,90,91,105,164,8,12,10,3,2,7.000000,7.000000,30,6,54,8,5,13,1,15,74,1.800000
1447,90,91,118,166,233,24,21,3,2,6.000000,6.000000,35,13,41,14,7,21,1,28,76,1.171429
1448,90,91,129,222,184,28,19,3,2,4.000000,4.000000,41,32,71,5,22,27,1,39,132,1.731707
1449,91,92,98,119,10,0,5,3,4,0.000000,11.000000,16,5,20,1,1,2,1,7,28,1.250000
1450,91,102,147,224,500,39,10,3,3,1.000000,7.000000,40,32,66,13,11,24,11,56,133,1.650000
1451,91,92,104,151,435,3,12,3,4,4.000000,22.000000,18,10,38,2,9,11,1,13,60,2.111111
1452,91,99,182,236,433,0,15,3,2,11.000000,11.000000,38,5,42,1,12,13,8,91,145,1.105263
1453,91,92,-1,-1,75,126,3,3,4,0.000000,2.000000,27,93,0,65,0,65,1,-1,-1,0.000000
1454,91,92,131,206,373,19,9,3,2,9.000000,9.000000,30,23,54,12,21,33,1,40,115,1.800000
1455,91,92,114,137,483,17,12,3,2,6.000000,6.000000,15,12,23,10,0,10,1,23,46,1.533333
1456,91,92,98,154,563,6,4,3,4,0.000000,3.000000,7,4,33,2,23,25,1,7,63,4.714286
1457,91,102,154,218,26,24,8,3,4,0.000000,10.000000,32,27,56,11,8,19,11,63,127,1.750000
1458,92,-1,-1,-1,-1,0,-1,-1,-1,-1.000000,-1.000000,42,0,0,0,0,0,-1,-1,-1,0.000000
1459,92,147,167,220,64,0,12,3,3,0.000000,5.000000,25,8,43,0,10,10,55,75,128,1.720000
1460,92,-1,-1,-1,-1,0,-1,-1,-1,-1.000000,-1.000000,44,0,0,0,0,0,-1,-1,-1,0.000000
1461,92,168,-1,-1,274,21,16,3,2,3.000000,3.000000,44,20,0,11,0,11,76,-1,-1,0.000000
1462,93,133,-1,-1,565,5,21,3,2,1.000000,1.000000,36,8,0,5,0,5,40,-1,-1,0.000000
1463,93,94,116,140,134,9,15,3,4,8.000000,29.000000,17,15,21,7,3,10,1,23,47,1.235294
1464,93,-1,-1,-1,-1,0,-1,-1,-1,-1.000000,-1.000000,50,0,0,0,0,0,-1,-1,-1,0.000000
1465,93,94,157,207,316,32,18,3,2,5.000000,5.000000,25,35,41,13,9,22,1,64,114,1.640000
1466,93,-1,-1,-1,-1,0,-1,-1,-1,-1.000000,-1.000000,50,0,0,0,0,0,-1,-1,-1,0.000000
1467,93,94,94,180,509,0,0,3,-1,-1.000000,-1.000000,52,0,84,0,2,2,1,1,87,1.615385
1468,94,95,110,142,256,7,20,3,4,6.000000,12.000000,17,8,29,7,3,10,1,16,48,1.705882
1469,94,134,146,224,68,9,12,3,4,0.000000,3.000000,28,12,60,0,18,18,40,52,130,2.142857
1470,94,95,127,214,54,28,21,3,4,7.000000,12.000000,52,15,82,17,5,22,1,33,120,1.576923
1471,94,95,142,-1,496,31,13,3,4,14.000000,27.000000,25,28,78,19,30,49,1,48,-1,3.120000
1472,94,95,163,217,172,49,16,3,2,3.000000,3.000000,41,45,53,23,1,24,1,69,123,1.292683
1473,94,95,129,195,447,28,21,3,2,2.000000,4.000000,34,25,64,9,2,11,1,35,101,1.882353
1474,94,95,130,174,414,32,9,3,4,3.000000,7.000000,28,28,38,7,6,13,1,36,80,1.357143
1475,95,241,-1,-1,598,0,20,3,4,6.000000,14.000000,48,1,0,1,0,1,146,-1,-1,0.000000
1476,95,96,102,139,378,4,13,3,4,1.000000,10.000000,23,3,31,3,6,9,1,7,44,1.347826
1477,95,96,157,236,496,51,12,3,2,11.000000,11.000000,39,47,55,14,24,38,1,62,141,1.410256
1478,95,96,-1,-1,532,122,21,3,4,12.000000,17.000000,51,101,0,53,0,53,1,-1,-1,0.000000
1479,95,96,96,142,12,0,0,3,-1,-1.000000,-1.000000,15,0,31,0,15,15,1,1,47,2.066667
1480,95,-1,-1,-1,-1,0,-1,-1,-1,-1.000000,-1.000000,41,0,0,0,0,0,-1,-1,-1,0.000000
1481,96,203,-1,-1,443,0,5,3,4,1.000000,5.000000,35,3,0,0,0,0,107,-1,-1,0.000000
1482,96,97,245,-1,355,109,12,3,2,8.000000,8.000000,24,85,5,62,0,62,1,149,-1,0.208333
1483,96,-1,-1,-1,-1,0,-1,-1,-1,-1.000000,-1.000000,54,0,0,0,0,0,-1,-1,-1,0.000000
1484,96,97,-1,-1,354,94,10,3,4,3.000000,3.000000,51,83,0,35,0,35,1,-1,-1,0.000000
1485,96,97,117,148,28,12,4,3,4,0.000000,8.000000,7,17,21,3,10,13,1,21,52,3.000000
1486,97,98,100,136,519,1,11,3,2,1.000000,4.000000,30,1,34,1,2,3,1,3,39,1.133333
1487,97,98,138,152,502,19,3,3,4,0.000000,6.000000,8,27,12,13,2,15,1,41,55,1.500000
1488,97,98,113,179,233,4,11,3,2,3.000000,3.000000,24,10,44,5,22,27,1,16,82,1.833333
1489,97,98,100,129,599,0,2,3,4,0.000000,0.000000,21,2,27,0,2,2,1,3,32,1.285714
1490,97,156,181,240,569,0,6,3,4,0.000000,6.000000,29,4,37,0,22,22,59,84,143,1.275862
1491,98,107,121,162,406,2,13,3,2,5.000000,5.000000,19,13,31,1,10,11,9,23,64,1.631579
1492,98,99,153,237,493,52,14,3,4,4.000000,11.000000,38,31,76,23,8,31,1,55,139,2.000000
1493,98,-1,-1,-1,-1,0,-1,-1,-1,-1.000000,-1.000000,64,0,0,0,0,0,-1,-1,-1,0.000000
1494,98,99,181,-1,586,68,12,3,4,0.000000,9.000000,46,52,67,30,2,32,1,83,-1,1.456522
1495,98,99,226,-1,39,23,5,3,4,0.000000,3.000000,42,40,21,11,3,14,1,128,-1,0.500000
1496,99,100,109,139,182,6,7,3,3,0.000000,4.000000,23,8,25,1,5,6,1,10,40,1.086957
1497,99,128,144,176,275,4,10,3,4,0.000000,3.000000,21,10,25,0,7,7,29,45,77,1.190476
1498,99,100,118,144,589,12,15,3,2,3.000000,5.000000,20,15,22,3,4,7,1,19,45,1.100000
1499,99,100,165,206,93,41,14,3,4,4.000000,11.000000,29,51,39,14,2,16,1,66,107,1.344828
1500,99,100,104,129,197,3,11,3,4,2.000000,6.000000,13,4,19,0,6,6,1,5,30,1.461538
1501,100,101,120,211,532,15,22,3,2,7.000000,8.000000,36,16,78,3,13,16,1,20,111,2.166667
1502,100,104,122,169,576,4,20,3,2,1.000000,1.000000,15,12,37,6,10,16,4,22,69,2.466667
1503,100,108,-1,-1,406,19,12,3,2,17.000000,17.000000,35,16,0,12,0,12,8,-1,-1,0.000000
1504,100,101,123,210,20,15,7,3,4,10.000000,12.000000,35,15,79,7,8,15,1,23,110,2.257143
1505,100,101,133,173,467,29,16,3,2,4.000000,4.000000,11,21,27,11,13,24,1,33,73,2.454545
1506,101,102,141,155,169,31,14,3,2,8.000000,8.000000,14,25,14,14,0,14,1,40,54,1.000000
1507,101,102,191,215,233,52,11,3,2,2.000000,2.000000,19,60,21,29,3,32,1,90,114,1.105263
1508,101,-1,-1,-1,-1,0,-1,-1,-1,-1.000000,-1.000000,50,0,0,0,0,0,-1,-1,-1,0.000000
1509,101,102,117,172,525,11,12,3,2,2.000000,2.000000,38,9,54,6,1,7,1,16,71,1.421053
1510,101,102,142,-1,453,4,13,3,2,9.000000,9.000000,29,6,70,2,38,40,1,41,-1,2.413793
1511,101,102,106,184,251,0,4,3,4,0.000000,2.000000,22,4,48,0,30,30,1,5,83,2.181818
1512,101,102,108,172,187,2,2,3,3,0.000000,0.000000,28,6,52,0,12,12,1,7,71,1.857143
1513,102,103,120,186,196,6,11,3,4,0.000000,21.000000,20,14,50,3,16,19,1,18,84,2.500000
1514,102,103,135,200,433,0,14,3,2,9.000000,9.000000,26,1,46,1,19,20,1,33,98,1.769231
1515,102,103,149,210,362,33,1,3,3,0.000000,0.000000,45,24,55,22,6,28,1,47,108,1.222222
1516,102,103,117,173,456,8,5,3,4,0.000000,5.000000,32,13,50,1,6,7,1,15,71,1.562500
1517,102,103,104,158,39,0,1,3,3,0.000000,0.000000,32,1,46,0,8,8,1,2,56,1.437500
1518,103,-1,-1,-1,-1,0,-1,-1,-1,-1.000000,-1.000000,52,0,0,0,0,0,-1,-1,-1,0.000000
1519,103,104,122,187,62,8,13,3,2,14.000000,14.000000,12,16,38,2,27,29,1,19,84,3.166667
1520,103,104,141,204,313,29,15,3,2,13.000000,13.000000,29,19,55,17,8,25,1,38,101,1.896552
1521,103,104,167,231,169,40,13,3,2,9.000000,9.000000,29,45,59,18,5,23,1,64,128,2.034483
1522,103,106,-1,-1,544,41,10,3,4,8.000000,14.000000,35,45,0,22,0,22,3,-1,-1,0.000000
1523,104,105,130,183,598,18,2,3,3,2.000000,3.000000,19,18,39,7,14,21,1,26,79,2.052632
1524,104,109,-1,-1,25,59,16,3,2,11.000000,11.000000,33,51,0,29,0,29,5,-1,-1,0.000000
1525,104,105,106,140,85,0,1,3,3,0.000000,0.000000,16,1,24,0,10,10,1,2,36,1.500000
1526,104,107,188,241,354,16,12,3,2,6.000000,6.000000,23,31,43,12,10,22,3,84,137,1.869565
1527,104,105,118,189,231,6,20,3,2,5.000000,6.000000,47,11,67,1,4,5,1,14,85,1.425532
1528,104,106,136,188,378,14,19,3,2,7.000000,7.000000,36,16,48,8,4,12,2,32,84,1.333333
1529,104,121,138,204,526,9,12,3,4,4.000000,14.000000,28,14,44,3,22,25,17,34,100,1.571429
1530,105,-1,-1,-1,-1,0,-1,-1,-1,-1.000000,-1.000000,48,0,0,0,0,0,-1,-1,-1,0.000000
1531,105,106,110,170,93,3,15,3,2,3.000000,4.000000,36,3,58,1,2,3,1,5,65,1.611111
1532,105,106,212,-1,30,23,9,3,2,16.000000,16.000000,40,34,35,9,3,12,1,107,-1,0.875000
1533,105,106,107,162,53,1,15,3,2,2.000000,3.000000,16,0,44,1,11,12,1,2,57,2.750000
1534,105,106,123,197,292,16,15,3,4,4.000000,8.000000,24,8,68,9,6,15,1,18,92,2.833333
1535,105,106,120,135,244,7,13,3,2,11.000000,11.000000,15,13,15,1,0,1,1,15,30,1.000000
1536,106,107,127,150,382,3,10,3,2,14.000000,14.000000,11,14,17,6,6,12,1,21,44,1.545455
1537,106,118,132,203,526,11,13,3,2,5.000000,6.000000,25,11,47,3,24,27,12,26,97,1.880000
1538,106,107,143,222,177,24,11,3,2,14.000000,14.000000,19,16,55,20,24,44,1,37,116,2.894737
1539,106,115,-1,-1,584,8,15,3,4,1.000000,5.000000,36,14,0,0,0,0,9,-1,-1,0.000000
1540,107,114,231,-1,506,32,22,3,2,4.000000,5.000000,41,26,17,19,2,21,7,124,-1,0.414634
1541,107,134,-1,-1,193,0,10,3,2,10.000000,10.000000,39,1,0,0,0,0,27,-1,-1,0.000000
1542,108,109,120,213,433,5,11,3,4,9.000000,15.000000,30,11,76,0,17,17,1,12,105,2.533333
1543,108,117,164,248,238,3,17,3,2,3.000000,3.000000,27,14,55,3,29,32,9,56,140,2.037037
1544,108,109,139,155,511,14,16,3,2,3.000000,4.000000,16,25,16,5,0,5,1,31,47,1.000000
1545,108,109,111,203,63,2,2,3,3,3.000000,3.000000,29,1,71,1,21,22,1,3,95,2.448276
1546,108,109,115,195,47,1,15,3,2,12.000000,12.000000,16,5,56,1,24,25,1,7,87,3.500000
1547,108,109,195,-1,243,73,14,3,2,0.000000,0.000000,42,65,49,21,6,27,1,87,-1,1.166667
1548,108,109,116,185,191,3,10,3,4,8.000000,23.000000,28,2,48,5,21,26,1,8,77,1.714286
1549,108,-1,-1,-1,-1,0,-1,-1,-1,-1.000000,-1.000000,51,0,0,0,0,0,-1,-1,-1,0.000000
1550,108,109,129,169,112,6,2,3,3,0.000000,0.000000,13,14,33,6,7,13,1,21,61,2.538462
1551,109,110,136,210,576,24,13,3,2,0.000000,0.000000,61,16,73,9,1,10,1,27,101,1.196721
1552,109,110,-1,-1,354,22,11,3,2,5.000000,5.000000,31,25,0,11,0,11,1,-1,-1,0.000000
1553,109,110,244,-1,419,106,22,3,2,8.000000,8.000000,15,87,6,47,0,47,1,135,-1,0.400000
1554,109,110,112,189,308,1,3,3,4,0.000000,7.000000,35,0,71,2,6,8,1,3,80,2.028571
1555,109,-1,-1,-1,-1,0,-1,-1,-1,-1.000000,-1.000000,42,0,0,0,0,0,-1,-1,-1,0.000000
1556,109,-1,-1,-1,-1,0,-1,-1,-1,-1.000000,-1.000000,37,0,0,0,0,0,-1,-1,-1,0.000000
1557,110,231,-1,-1,592,12,18,3,2,7.000000,8.000000,54,8,0,6,0,6,121,-1,-1,0.000000
1558,110,111,118,189,322,4,11,3,2,5.000000,5.000000,18,5,52,2,19,21,1,8,79,2.888889
1559,110,111,127,205,191,11,10,3,4,9.000000,23.000000,31,9,69,7,9,16,1,17,95,2.225806
1560,110,-1,-1,-1,-1,0,-1,-1,-1,-1.000000,-1.000000,41,0,0,0,0,0,-1,-1,-1,0.000000
1561,111,112,133,207,107,12,7,3,4,0.000000,3.000000,19,15,45,6,29,35,1,22,96,2.368421
1562,111,112,130,197,577,13,14,3,4,4.000000,10.000000,26,12,54,6,13,19,1,19,86,2.076923
1563,111,118,118,201,500,0,0,3,-1,-1.000000,-1.000000,46,0,76,0,7,7,7,7,90,1.652174
1564,111,112,-1,-1,542,109,9,3,4,4.000000,5.000000,40,90,0,48,0,48,1,-1,-1,0.000000
1565,111,112,145,176,238,19,11,3,4,13.000000,20.000000,14,22,22,11,9,20,1,34,65,1.571429
1566,111,126,173,199,275,25,12,3,4,0.000000,5.000000,22,45,26,0,0,0,15,62,88,1.181818
1567,111,112,142,179,73,24,14,3,2,2.000000,2.000000,14,17,32,13,5,18,1,31,68,2.285714
1568,111,112,199,-1,312,67,18,3,2,8.000000,8.000000,17,64,33,23,18,41,1,88,-1,1.941176
1569,111,112,140,235,267,21,14,3,2,2.000000,2.000000,33,21,71,7,24,31,1,29,124,2.151515
1570,112,113,117,162,202,2,4,3,4,10.000000,14.000000,25,4,35,0,10,10,1,5,50,1.400000
1571,112,128,138,151,210,1,8,3,4,0.000000,3.000000,13,9,13,0,0,0,16,26,39,1.000000
1572,112,113,116,149,4,0,3,3,4,3.000000,6.000000,12,3,22,0,11,11,1,4,37,1.833333
1573,112,113,121,199,123,7,4,3,4,0.000000,1.000000,34,5,66,3,12,15,1,9,87,1.941176
1574,113,114,189,248,406,9,12,3,2,7.000000,7.000000,25,16,49,7,10,17,1,76,135,1.960000
1575,113,114,231,248,61,87,10,3,2,3.000000,3.000000,12,81,16,36,1,37,1,118,135,1.333333
1576,113,151,235,-1,239,8,22,3,2,8.000000,8.000000,49,7,14,5,1,6,38,122,-1,0.285714
1577,113,115,160,183,433,14,16,3,4,10.000000,27.000000,19,21,21,24,2,26,2,47,70,1.105263
1578,113,114,145,206,522,15,13,3,2,12.000000,12.000000,32,25,44,3,17,20,1,32,93,1.375000
1579,113,114,122,155,385,7,5,3,4,0.000000,5.000000,19,6,29,2,4,6,1,9,42,1.526316
1580,114,235,-1,-1,304,6,9,3,4,0.000000,3.000000,39,13,0,0,0,0,121,-1,-1,0.000000
1581,114,115,131,183,94,6,6,3,4,8.000000,10.000000,27,13,45,3,7,10,1,17,69,1.666667
1582,114,115,147,161,582,10,27,3,4,1.000000,9.000000,12,17,12,15,2,17,1,33,47,1.000000
1583,114,115,179,249,389,58,20,3,2,5.000000,5.000000,56,40,66,24,4,28,1,65,135,1.178571
1584,114,-1,-1,-1,-1,0,-1,-1,-1,-1.000000,-1.000000,47,0,0,0,0,0,-1,-1,-1,0.000000
1585,115,116,122,178,188,0,4,3,4,0.000000,3.000000,43,4,49,2,7,9,1,7,63,1.139535
1586,115,116,147,197,313,23,8,3,4,0.000000,9.000000,36,24,44,7,6,13,1,32,82,1.222222
1587,115,118,143,187,536,7,14,3,2,4.000000,5.000000,26,13,40,6,4,10,3,28,72,1.538462
1588,115,116,160,240,537,39,24,3,2,3.000000,4.000000,20,24,60,20,20,40,1,45,125,3.000000
1589,115,116,126,198,266,6,4,3,4,0.000000,6.000000,24,10,52,0,20,20,1,11,83,2.166667
1590,116,117,126,154,199,4,15,3,2,2.000000,4.000000,25,7,27,2,1,3,1,10,38,1.080000
1591,116,117,158,218,299,17,11,3,4,6.000000,14.000000,23,31,43,10,17,27,1,42,102,1.869565
1592,116,117,131,198,51,4,7,3,3,0.000000,3.000000,19,12,53,2,14,16,1,15,82,2.789474
1593,116,117,124,220,37,0,7,3,4,16.000000,16.000000,20,7,60,0,36,36,1,8,104,3.000000
1594,116,117,155,173,561,26,25,3,2,4.000000,4.000000,8,28,16,10,2,12,1,39,57,2.000000
1595,116,117,120,141,416,3,16,3,4,0.000000,9.000000,20,2,20,1,1,2,1,4,25,1.000000
1596,117,118,134,219,360,14,9,3,4,0.000000,12.000000,41,11,81,5,4,9,1,17,102,1.975610
1597,117,130,134,178,526,1,10,3,2,5.000000,5.000000,29,3,37,1,7,8,13,17,61,1.275862
1598,117,118,125,159,51,0,6,3,4,3.000000,9.000000,11,6,25,1,9,10,1,8,42,2.272727
1599,117,118,-1,-1,345,7,16,3,4,0.000000,5.000000,29,13,0,1,0,1,1,-1,-1,0.000000
1600,117,118,123,193,429,1,5,3,4,7.000000,8.000000,28,4,52,1,18,19,1,6,76,1.857143
1601,117,118,124,203,372,2,3,3,4,0.000000,8.000000,24,6,58,0,21,21,1,7,86,2.416667
1602,117,118,171,194,447,44,16,3,2,1.000000,4.000000,9,31,17,22,6,28,1,54,77,1.888889
1603,117,118,201,-1,316,67,2,3,4,0.000000,0.000000,53,41,47,41,2,43,1,84,-1,0.886792
1604,117,118,132,168,451,5,8,3,4,0.000000,6.000000,23,13,23,1,13,14,1,15,51,1.000000
1605,118,119,-1,-1,399,15,16,3,2,3.000000,3.000000,29,19,0,5,0,5,1,-1,-1,0.000000
1606,118,119,177,240,421,49,21,3,2,4.000000,4.000000,47,41,59,17,4,21,1,59,122,1.255319
1607,118,119,160,214,264,29,14,3,2,6.000000,6.000000,25,30,45,11,9,20,1,42,96,1.800000
1608,118,167,203,-1,225,6,23,3,2,0.000000,0.000000,26,8,36,4,11,15,49,85,-1,1.384615
1609,118,139,-1,-1,597,35,3,3,4,0.000000,3.000000,29,50,0,33,0,33,21,-1,-1,0.000000
1610,119,120,130,180,71,3,4,3,4,0.000000,9.000000,16,7,38,3,12,15,1,11,61,2.375000
1611,119,120,120,188,385,0,0,3,-1,-1.000000,-1.000000,21,0,51,0,17,17,1,1,69,2.428571
1612,119,120,163,190,592,25,1,3,3,0.000000,0.000000,24,25,26,18,1,19,1,44,71,1.083333
1613,119,120,183,-1,564,36,1,3,3,1.000000,1.000000,21,39,47,24,20,44,1,64,-1,2.238095
1614,119,238,-1,-1,598,0,20,3,4,10.000000,18.000000,47,2,0,1,0,1,119,-1,-1,0.000000
1615,119,120,129,224,594,4,23,3,2,6.000000,6.000000,17,8,59,1,36,37,1,10,105,3.470588
1616,119,120,133,186,328,10,16,3,2,2.000000,5.000000,40,7,48,6,5,11,1,14,67,1.200000
1617,120,128,159,250,17,3,22,3,2,8.000000,8.000000,28,10,56,0,35,35,8,39,130,2.000000
1618,120,121,-1,-1,277,93,18,3,2,4.000000,4.000000,48,82,0,47,0,47,1,-1,-1,0.000000
1619,120,121,152,175,454,24,20,3,2,2.000000,2.000000,20,16,22,15,1,16,1,32,55,1.100000
1620,120,121,154,225,312,27,16,3,2,3.000000,3.000000,18,19,50,14,21,35,1,34,105,2.777778
1621,120,121,167,215,57,15,9,3,2,3.000000,3.000000,20,32,36,14,12,26,1,47,95,1.800000
1622,120,121,245,-1,64,103,18,3,2,3.000000,3.000000,23,80,5,44,0,44,1,125,-1,0.217391
1623,120,121,150,-1,503,19,14,3,4,3.000000,10.000000,43,20,81,4,19,23,1,30,-1,1.883721
1624,120,121,124,144,78,0,3,3,4,0.000000,5.000000,11,3,19,0,1,1,1,4,24,1.727273
1625,121,122,123,144,383,0,1,3,3,2.000000,2.000000,14,1,20,0,1,1,1,2,23,1.428571
1626,121,122,152,207,501,4,15,3,4,4.000000,13.000000,38,6,54,3,1,4,1,31,86,1.421053
1627,121,122,172,234,148,38,2,3,4,1.000000,1.000000,19,35,43,15,19,34,1,51,113,2.263158
1628,122,123,169,235,520,30,10,3,4,6.000000,19.000000,43,27,55,19,11,30,1,47,113,1.279070
1629,122,123,151,234,236,25,20,3,2,2.000000,3.000000,49,20,73,8,10,18,1,29,112,1.489796
1630,122,123,132,175,11,7,10,3,2,12.000000,12.000000,33,8,39,1,4,5,1,10,53,1.181818
1631,122,125,129,198,201,0,13,3,4,0.000000,3.000000,36,2,46,0,23,23,3,7,76,1.277778
1632,122,-1,-1,-1,-1,0,-1,-1,-1,-1.000000,-1.000000,55,0,0,0,0,0,-1,-1,-1,0.000000
1633,122,123,152,212,194,26,11,3,2,1.000000,1.000000,21,22,43,7,17,24,1,30,90,2.047619
1634,122,123,136,170,71,5,5,3,3,9.000000,9.000000,13,12,29,1,5,6,1,14,48,2.230769
1635,122,-1,-1,-1,-1,0,-1,-1,-1,-1.000000,-1.000000,52,0,0,0,0,0,-1,-1,-1,0.000000
1636,122,123,221,-1,378,76,4,3,4,0.000000,2.000000,33,68,25,30,4,34,1,99,-1,0.757576
1637,122,-1,-1,-1,-1,0,-1,-1,-1,-1.000000,-1.000000,65,0,0,0,0,0,-1,-1,-1,0.000000
1638,123,198,240,-1,587,14,3,3,4,0.000000,0.000000,27,27,10,0,0,0,75,117,-1,0.370370
1639,124,125,157,192,83,29,18,3,2,2.000000,4.000000,27,18,33,14,2,16,1,33,68,1.222222
1640,124,125,139,191,214,2,5,3,4,0.000000,7.000000,25,13,43,0,9,9,1,15,67,1.720000
1641,124,125,225,-1,554,35,2,3,3,1.000000,1.000000,39,34,20,21,5,26,1,101,-1,0.512821
1642,124,125,134,202,191,6,7,3,4,21.000000,21.000000,37,7,55,2,13,15,1,10,78,1.486486
1643,124,125,142,229,511,9,11,3,3,0.000000,6.000000,49,11,67,1,20,21,1,18,105,1.367347
1644,124,125,130,198,576,5,9,3,4,0.000000,2.000000,33,5,53,0,15,15,1,6,74,1.606061
1645,124,168,176,193,133,0,8,3,4,2.000000,6.000000,15,8,15,0,2,2,44,52,69,1.000000
1646,125,126,180,239,532,41,24,3,4,5.000000,9.000000,41,34,53,20,6,26,1,55,114,1.292683
1647,125,126,174,193,369,23,4,3,4,0.000000,0.000000,17,34,17,8,2,10,1,49,68,1.000000
1648,125,126,139,212,173,5,15,3,2,2.000000,4.000000,19,10,57,3,16,19,1,14,87,3.000000
1649,126,200,241,-1,587,7,1,3,3,0.000000,0.000000,29,12,9,1,0,1,74,115,-1,0.310345
1650,126,127,144,201,238,14,11,3,2,4.000000,4.000000,22,12,42,5,15,20,1,18,75,1.909091
1651,126,127,194,-1,185,53,17,3,2,2.000000,2.000000,34,42,46,25,10,35,1,68,-1,1.352941
1652,126,163,196,215,455,6,7,3,4,0.000000,3.000000,17,18,19,1,0,1,37,70,89,1.117647
1653,128,129,208,-1,69,55,7,3,4,6.000000,16.000000,34,57,40,22,2,24,1,80,-1,1.176471
1654,128,129,162,227,301,27,4,3,4,0.000000,2.000000,53,25,59,8,6,14,1,34,99,1.113208
1655,128,129,129,145,336,0,0,3,-1,-1.000000,-1.000000,12,0,16,0,0,0,1,1,17,1.333333
1656,128,129,138,197,61,0,9,3,4,0.000000,6.000000,24,9,38,0,21,21,1,10,69,1.583333
1657,128,129,135,211,128,0,4,3,3,0.000000,2.000000,26,4,50,2,26,28,1,7,83,1.923077
1658,128,181,239,-1,31,11,14,3,4,6.000000,12.000000,34,14,11,5,0,5,53,111,-1,0.323529
1659,128,129,129,197,18,0,0,3,-1,-1.000000,-1.000000,18,0,56,0,12,12,1,1,69,3.111111
1660,129,-1,-1,-1,-1,0,-1,-1,-1,-1.000000,-1.000000,44,0,0,0,0,0,-1,-1,-1,0.000000
1661,129,141,-1,-1,447,97,26,3,4,4.000000,11.000000,58,68,0,37,0,37,12,-1,-1,0.000000
1662,129,130,133,232,406,0,3,3,4,0.000000,3.000000,38,3,90,0,9,9,1,4,103,2.368421
1663,129,130,146,221,337,13,18,3,2,2.000000,4.000000,16,10,58,6,17,23,1,17,92,3.625000
1664,129,130,179,237,410,36,12,3,2,6.000000,7.000000,21,37,49,12,9,21,1,50,108,2.333333
1665,129,130,152,229,489,19,15,3,2,3.000000,3.000000,23,16,59,6,18,24,1,23,100,2.565217
1666,129,137,155,248,331,17,12,3,4,0.000000,5.000000,31,16,67,2,26,28,8,26,119,2.161290
1667,129,146,170,185,589,0,12,3,2,10.000000,10.000000,15,13,15,4,0,4,17,41,56,1.000000
1668,130,131,175,-1,115,37,6,3,4,0.000000,5.000000,26,34,48,10,27,37,1,45,-1,1.846154
1669,130,-1,-1,-1,-1,0,-1,-1,-1,-1.000000,-1.000000,46,0,0,0,0,0,-1,-1,-1,0.000000
1670,131,-1,-1,-1,-1,0,-1,-1,-1,-1.000000,-1.000000,54,0,0,0,0,0,-1,-1,-1,0.000000
1671,131,164,164,196,452,0,0,3,-1,-1.000000,-1.000000,18,0,24,0,8,8,33,33,65,1.333333
1672,131,132,145,174,337,11,15,3,2,3.000000,5.000000,26,10,28,3,1,4,1,14,43,1.076923
1673,131,132,144,205,281,4,8,3,2,10.000000,10.000000,31,8,47,4,14,18,1,13,74,1.516129
1674,132,133,142,161,339,1,6,3,4,0.000000,0.000000,16,9,18,0,1,1,1,10,29,1.125000
1675,132,170,224,-1,51,11,17,3,4,2.000000,7.000000,27,18,20,4,6,10,38,92,-1,0.740741
1676,132,133,195,250,543,38,9,3,4,9.000000,10.000000,13,44,41,18,14,32,1,63,118,3.153846
1677,132,133,-1,-1,68,83,4,3,3,0.000000,4.000000,23,86,0,31,0,31,1,-1,-1,0.000000
1678,132,133,158,246,461,18,15,3,2,4.000000,5.000000,24,20,76,5,12,17,1,26,114,3.166667
1679,132,138,-1,-1,263,93,22,3,4,5.000000,19.000000,55,64,0,45,0,45,6,-1,-1,0.000000
1680,132,133,153,182,495,4,6,3,4,0.000000,5.000000,17,12,21,2,8,10,1,21,50,1.235294
1681,133,134,154,247,264,13,14,3,4,3.000000,12.000000,31,15,65,5,28,33,1,21,114,2.096774
1682,133,134,148,189,173,11,10,3,4,2.000000,8.000000,24,13,36,1,5,6,1,15,56,1.500000
1683,133,134,215,-1,86,60,15,3,2,4.000000,5.000000,42,47,30,31,5,36,1,82,-1,0.714286
1684,133,134,146,212,437,11,13,3,2,2.000000,2.000000,15,7,53,5,13,18,1,13,79,3.533333
1685,133,138,142,225,236,4,9,3,4,0.000000,5.000000,53,3,77,1,6,7,5,9,92,1.452830
1686,134,135,182,249,582,30,13,3,2,0.000000,0.000000,25,33,45,14,22,36,1,48,115,1.800000
1687,134,-1,-1,-1,-1,0,-1,-1,-1,-1.000000,-1.000000,47,0,0,0,0,0,-1,-1,-1,0.000000
1688,134,135,-1,-1,231,21,20,3,2,3.000000,3.000000,35,24,0,9,0,9,1,-1,-1,0.000000
1689,134,135,-1,-1,430,30,13,3,2,5.000000,5.000000,33,31,0,16,0,16,1,-1,-1,0.000000
1690,134,137,143,214,596,1,10,3,3,1.000000,8.000000,32,6,50,0,21,21,3,9,80,1.562500
1691,134,135,-1,-1,58,81,17,3,2,1.000000,1.000000,40,82,0,33,0,33,1,-1,-1,0.000000
1692,134,135,178,202,281,19,7,3,4,13.000000,15.000000,11,30,19,13,5,18,1,44,68,1.727273
1693,134,135,172,207,86,21,12,3,2,3.000000,4.000000,31,22,33,15,2,17,1,38,73,1.064516
1694,135,136,152,193,99,10,12,3,2,2.000000,4.000000,10,8,28,8,13,21,1,17,58,2.800000
1695,135,136,140,190,273,2,4,3,4,1.000000,10.000000,24,3,40,1,10,11,1,5,55,1.666667
1696,135,136,-1,-1,328,98,15,3,4,6.000000,7.000000,27,80,0,34,0,34,1,-1,-1,0.000000
1697,135,136,137,179,191,1,5,3,4,2.000000,11.000000,31,1,37,0,5,5,1,2,44,1.193548
1698,135,136,144,203,121,1,15,3,2,7.000000,7.000000,26,6,44,2,15,17,1,9,68,1.692308
1699,135,136,136,201,345,0,0,3,-1,-1.000000,-1.000000,25,0,47,0,18,18,1,1,66,1.880000
1700,135,136,151,205,499,11,14,3,2,10.000000,10.000000,30,9,44,6,10,16,1,16,70,1.466667
1701,136,137,248,-1,252,76,17,3,4,5.000000,11.000000,23,67,2,44,0,44,1,112,-1,0.086957
1702,136,137,175,-1,433,9,13,3,4,11.000000,22.000000,30,23,56,14,19,33,1,39,-1,1.866667
1703,136,137,139,204,381,2,2,3,4,0.000000,0.000000,57,2,63,0,2,2,1,3,68,1.105263
1704,136,-1,-1,-1,-1,0,-1,-1,-1,-1.000000,-1.000000,54,0,0,0,0,0,-1,-1,-1,0.000000
1705,136,137,138,196,88,0,1,3,3,0.000000,0.000000,28,1,50,0,8,8,1,2,60,1.785714
1706,136,137,140,206,371,1,10,3,4,8.000000,23.000000,15,3,49,0,17,17,1,4,70,3.266667
1707,137,-1,-1,-1,-1,0,-1,-1,-1,-1.000000,-1.000000,51,0,0,0,0,0,-1,-1,-1,0.000000
1708,137,138,171,-1,271,25,24,3,2,2.000000,2.000000,30,23,49,10,30,40,1,34,-1,1.633333
1709,137,138,177,217,64,25,6,3,4,0.000000,5.000000,14,35,30,4,10,14,1,40,80,2.142857
1710,137,138,155,179,539,13,27,3,2,4.000000,4.000000,9,12,23,5,1,6,1,18,42,2.555556
1711,137,138,174,248,93,30,4,3,4,0.000000,0.000000,39,24,73,12,1,13,1,37,111,1.871795
1712,138,-1,-1,-1,-1,0,-1,-1,-1,-1.000000,-1.000000,43,0,0,0,0,0,-1,-1,-1,0.000000
1713,138,139,197,237,448,43,1,3,3,0.000000,0.000000,26,33,30,25,10,35,1,59,99,1.153846
1714,138,139,181,223,596,33,4,3,4,0.000000,11.000000,28,28,42,14,0,14,1,43,85,1.500000
1715,138,139,170,233,257,23,21,3,2,3.000000,3.000000,38,20,52,11,11,22,1,32,95,1.368421
1716,138,148,-1,-1,545,0,12,3,2,11.000000,11.000000,37,2,0,0,0,0,10,-1,-1,0.000000
1717,138,139,139,150,339,0,0,3,-1,-1.000000,-1.000000,8,0,10,0,1,1,1,1,12,1.250000
1718,138,142,229,-1,121,24,13,3,4,11.000000,18.000000,32,26,19,18,2,20,4,91,-1,0.593750
1719,139,140,140,227,243,0,0,3,-1,-1.000000,-1.000000,17,0,59,0,28,28,1,1,88,3.470588
1720,139,172,-1,-1,31,8,16,3,2,0.000000,0.000000,38,8,0,2,0,2,33,-1,-1,0.000000
1721,139,140,142,218,93,0,2,3,4,0.000000,0.000000,14,2,54,0,22,22,1,3,79,3.857143
1722,139,140,169,231,382,12,8,3,2,12.000000,12.000000,20,19,52,10,10,20,1,30,92,2.600000
1723,139,140,158,172,495,4,4,3,4,0.000000,5.000000,7,18,13,0,1,1,1,19,33,1.857143
1724,139,209,-1,-1,79,0,10,3,4,0.000000,1.000000,57,2,0,0,0,0,70,-1,-1,0.000000
1725,139,167,190,241,305,7,17,3,4,3.000000,7.000000,24,14,46,8,5,13,28,51,102,1.916667
1726,139,140,153,179,179,4,11,3,2,8.000000,8.000000,11,8,19,5,7,12,1,14,40,1.727273
1727,139,140,206,-1,62,57,13,3,2,5.000000,5.000000,40,43,40,23,4,27,1,67,-1,1.000000
1728,140,141,146,178,91,2,5,3,3,0.000000,6.000000,14,5,24,0,8,8,1,6,38,1.714286
1729,140,141,148,228,199,6,4,3,3,5.000000,5.000000,28,5,56,2,24,26,1,8,88,2.000000
1730,140,141,153,246,312,10,21,3,2,6.000000,6.000000,28,7,66,5,27,32,1,13,106,2.357143
1731,140,148,-1,-1,580,0,9,3,2,7.000000,7.000000,37,1,0,0,0,0,8,-1,-1,0.000000
1732,140,141,152,203,597,0,1,3,3,0.000000,1.000000,29,3,43,0,8,8,1,12,63,1.482759
1733,140,171,-1,-1,499,8,23,3,2,8.000000,8.000000,36,10,0,5,0,5,31,-1,-1,0.000000
1734,140,141,157,231,548,13,17,3,2,3.000000,5.000000,48,12,70,4,4,8,1,17,91,1.458333
1735,140,141,196,-1,444,46,2,3,3,0.000000,5.000000,46,41,50,14,4,18,1,56,-1,1.086957
1736,141,142,168,222,34,15,13,3,4,14.000000,22.000000,34,19,46,7,8,15,1,27,81,1.352941
1737,141,-1,-1,-1,-1,0,-1,-1,-1,-1.000000,-1.000000,41,0,0,0,0,0,-1,-1,-1,0.000000
1738,141,142,-1,-1,27,79,21,3,4,4.000000,11.000000,25,75,0,33,0,33,1,-1,-1,0.000000
1739,141,142,187,218,472,36,14,3,4,1.000000,9.000000,26,28,30,17,1,18,1,46,77,1.153846
1740,141,142,196,250,134,41,5,3,3,0.000000,6.000000,41,39,53,15,1,16,1,55,109,1.292683
1741,141,142,-1,-1,269,74,20,3,2,4.000000,4.000000,45,58,0,34,0,34,1,-1,-1,0.000000
1742,142,143,144,156,545,1,11,3,2,10.000000,10.000000,11,1,11,0,1,1,1,2,14,1.000000
1743,142,143,150,218,331,1,6,3,4,0.000000,0.000000,20,7,52,0,16,16,1,8,76,2.600000
1744,142,143,149,168,21,0,5,3,4,1.000000,6.000000,10,5,14,1,5,6,1,7,26,1.400000
1745,142,143,212,-1,99,44,12,3,4,2.000000,9.000000,14,53,29,16,9,25,1,70,-1,2.071429
1746,142,152,-1,-1,434,17,25,3,2,6.000000,7.000000,49,10,0,10,0,10,10,-1,-1,0.000000
1747,142,143,148,228,86,5,20,3,2,5.000000,5.000000,25,3,71,2,9,11,1,6,86,2.840000
1748,142,143,155,209,430,7,12,3,4,3.000000,9.000000,31,10,43,2,11,13,1,13,67,1.387097
1749,142,143,173,197,357,5,13,3,2,15.000000,15.000000,15,21,21,9,3,12,1,31,55,1.400000
1750,142,143,169,240,281,20,13,3,4,12.000000,26.000000,9,14,35,12,36,48,1,27,98,3.888889
1751,142,143,-1,-1,548,79,8,3,2,0.000000,0.000000,34,68,0,39,0,39,1,-1,-1,0.000000
1752,142,143,179,211,446,18,18,3,2,3.000000,6.000000,9,27,23,9,9,18,1,37,69,2.555556
1753,143,-1,-1,-1,-1,0,-1,-1,-1,-1.000000,-1.000000,36,0,0,0,0,0,-1,-1,-1,0.000000
1754,143,144,151,224,168,4,1,3,3,0.000000,1.000000,39,6,63,1,10,11,1,8,81,1.615385
1755,143,144,173,237,236,17,6,3,4,0.000000,2.000000,34,23,48,4,16,20,1,30,94,1.411765
1756,143,166,194,243,12,13,16,3,3,0.000000,7.000000,31,19,35,2,14,16,23,51,100,1.129032
1757,143,144,168,236,205,13,5,3,4,1.000000,16.000000,36,17,58,7,10,17,1,25,93,1.611111
1758,143,144,-1,-1,40,90,15,3,2,5.000000,6.000000,36,82,0,24,0,24,1,-1,-1,0.000000
1759,143,144,166,218,497,17,11,3,3,0.000000,0.000000,29,18,41,4,11,15,1,23,75,1.413793
1760,144,145,155,223,419,6,8,3,3,0.000000,1.000000,18,9,46,1,22,23,1,11,79,2.555556
1761,144,148,-1,-1,549,0,14,3,2,15.000000,15.000000,32,2,0,1,0,1,4,-1,-1,0.000000
1762,144,145,151,189,35,3,12,3,4,0.000000,23.000000,33,4,37,2,1,3,1,7,45,1.121212
1763,144,145,147,197,134,0,2,3,3,0.000000,1.000000,22,2,40,0,10,10,1,3,53,1.818182
1764,144,145,229,-1,263,75,18,3,4,7.000000,18.000000,34,45,18,39,3,42,1,85,-1,0.529412
1765,144,198,-1,-1,140,2,14,3,4,0.000000,5.000000,40,8,0,0,0,0,54,-1,-1,0.000000
1766,144,-1,-1,-1,-1,0,-1,-1,-1,-1.000000,-1.000000,52,0,0,0,0,0,-1,-1,-1,0.000000
1767,145,146,164,204,157,17,11,3,4,5.000000,14.000000,15,13,37,5,3,8,1,19,59,2.466667
1768,145,146,180,-1,271,28,17,3,2,1.000000,1.000000,21,25,40,9,30,39,1,35,-1,1.904762
1769,145,146,187,246,97,34,15,3,2,0.000000,1.000000,34,26,48,15,11,26,1,42,101,1.411765
1770,145,-1,-1,-1,-1,0,-1,-1,-1,-1.000000,-1.000000,58,0,0,0,0,0,-1,-1,-1,0.000000
1771,146,147,149,198,446,1,10,3,4,4.000000,20.000000,18,1,36,1,13,14,1,3,52,2.000000
1772,146,147,172,249,325,12,3,3,4,0.000000,0.000000,25,24,59,1,18,19,1,26,103,2.360000
1773,146,147,154,228,263,5,18,3,4,6.000000,16.000000,32,4,58,3,16,19,1,8,82,1.812500
1774,146,147,161,224,413,2,7,3,4,1.000000,5.000000,30,12,58,1,5,6,1,15,78,1.933333
1775,147,148,152,180,95,1,8,3,4,7.000000,9.000000,23,3,25,1,3,4,1,5,33,1.086957
1776,147,150,176,-1,455,19,15,3,2,2.000000,2.000000,46,20,53,4,21,25,3,29,-1,1.152174
1777,147,148,176,237,102,24,4,3,4,0.000000,3.000000,47,23,55,5,6,11,1,29,90,1.170213
1778,147,148,-1,-1,164,81,21,3,4,1.000000,12.000000,28,77,0,25,0,25,1,-1,-1,0.000000
1779,147,148,158,200,219,7,15,3,2,9.000000,9.000000,35,7,37,3,5,8,1,11,53,1.057143
1780,147,148,211,-1,283,23,10,3,2,8.000000,8.000000,17,32,24,29,15,44,1,64,-1,1.411765
1781,147,148,166,235,364,10,14,3,2,2.000000,2.000000,32,12,42,6,27,33,1,19,88,1.312500
1782,148,149,-1,-1,419,73,1,3,3,0.000000,1.000000,23,72,0,29,0,29,1,-1,-1,0.000000
1783,148,149,225,-1,32,62,14,3,2,7.000000,7.000000,37,52,23,24,2,26,1,77,-1,0.621622
1784,148,151,222,-1,335,30,23,3,2,3.000000,4.000000,40,22,24,16,4,20,3,74,-1,0.600000
1785,148,149,170,201,26,13,3,3,4,0.000000,9.000000,24,12,30,9,1,10,1,22,53,1.250000
1786,149,-1,-1,-1,-1,0,-1,-1,-1,-1.000000,-1.000000,47,0,0,0,0,0,-1,-1,-1,0.000000
1787,149,150,150,228,361,0,0,3,-1,-1.000000,-1.000000,19,0,61,0,17,17,1,1,79,3.210526
1788,149,150,150,167,325,0,0,3,-1,-1.000000,-1.000000,13,0,15,0,2,2,1,1,18,1.153846
1789,149,150,160,209,19,1,8,3,4,3.000000,6.000000,36,9,40,1,9,10,1,11,60,1.111111
1790,149,150,150,200,458,0,0,3,-1,-1.000000,-1.000000,15,0,41,0,9,9,1,1,51,2.733333
1791,150,151,161,206,92,5,14,3,4,3.000000,10.000000,34,9,42,1,3,4,1,11,56,1.235294
1792,150,177,205,-1,282,21,8,3,4,0.000000,6.000000,33,28,38,0,7,7,27,55,-1,1.151515
1793,150,151,156,214,562,2,13,3,2,5.000000,5.000000,21,4,43,1,15,16,1,6,64,2.047619
1794,150,151,245,-1,371,77,14,3,2,0.000000,0.000000,43,66,5,28,0,28,1,95,-1,0.116279
1795,151,156,197,247,589,15,9,3,2,13.000000,13.000000,38,15,44,8,6,14,5,46,96,1.157895
1796,151,-1,-1,-1,-1,0,-1,-1,-1,-1.000000,-1.000000,31,0,0,0,0,0,-1,-1,-1,0.000000
1797,151,-1,-1,-1,-1,0,-1,-1,-1,-1.000000,-1.000000,54,0,0,0,0,0,-1,-1,-1,0.000000
1798,151,170,208,238,274,8,21,3,4,3.000000,5.000000,25,19,29,4,1,5,19,57,87,1.160000
1799,151,152,241,-1,416,83,14,3,4,2.000000,9.000000,22,59,8,30,1,31,1,90,-1,0.363636
1800,151,152,205,-1,545,12,13,3,2,15.000000,15.000000,31,15,31,9,14,23,1,54,-1,1.000000
1801,151,155,179,-1,433,24,18,3,2,2.000000,3.000000,47,11,61,13,10,23,4,28,-1,1.297872
1802,151,170,-1,-1,523,21,16,3,2,0.000000,0.000000,27,37,0,8,0,8,19,-1,-1,0.000000
1803,151,152,-1,-1,92,83,15,3,4,4.000000,10.000000,30,62,0,36,0,36,1,-1,-1,0.000000
1804,151,152,171,233,8,6,14,3,4,5.000000,10.000000,13,12,49,7,13,20,1,20,82,3.769231
1805,152,153,183,209,25,13,11,3,4,15.000000,21.000000,15,14,21,16,5,21,1,31,57,1.400000
1806,152,153,-1,-1,468,23,6,3,4,1.000000,6.000000,38,22,0,20,0,20,1,-1,-1,0.000000
1807,152,153,234,-1,92,66,14,3,4,5.000000,10.000000,34,47,14,34,2,36,1,82,-1,0.411765
1808,152,-1,-1,-1,-1,0,-1,-1,-1,-1.000000,-1.000000,44,0,0,0,0,0,-1,-1,-1,0.000000
1809,152,153,170,237,275,16,7,3,4,0.000000,6.000000,41,10,55,7,12,19,1,18,85,1.341463
1810,152,153,232,-1,52,67,20,3,2,0.000000,1.000000,36,56,16,23,2,25,1,80,-1,0.444444
1811,152,153,153,230,106,0,0,3,-1,-1.000000,-1.000000,29,0,71,0,6,6,1,1,78,2.448276
1812,152,153,178,221,357,20,1,3,3,0.000000,2.000000,28,15,42,10,1,11,1,26,69,1.500000
1813,153,154,201,-1,353,36,24,3,2,3.000000,4.000000,40,32,40,15,9,24,1,48,-1,1.000000
1814,153,154,158,220,373,2,11,3,4,0.000000,4.000000,24,3,42,1,20,21,1,5,67,1.750000
1815,153,154,160,216,589,1,11,3,4,0.000000,22.000000,29,3,45,1,11,12,1,7,63,1.551724
1816,154,155,157,243,175,0,2,3,3,0.000000,1.000000,39,2,65,0,21,21,1,3,89,1.666667
1817,154,232,246,-1,554,6,7,3,4,1.000000,1.000000,38,12,3,0,1,1,78,92,-1,0.078947
1818,154,155,165,246,125,1,4,3,4,1.000000,9.000000,30,9,70,1,11,12,1,11,92,2.333333
1819,154,155,162,208,271,2,13,3,2,8.000000,8.000000,9,6,31,1,15,16,1,8,54,3.444444
1820,154,155,159,213,204,2,12,3,2,11.000000,11.000000,23,3,43,1,11,12,1,5,59,1.869565
1821,154,155,224,243,279,45,25,3,2,1.000000,5.000000,12,46,16,23,3,26,1,70,89,1.333333
1822,155,156,-1,-1,455,84,7,3,4,0.000000,4.000000,49,58,0,36,0,36,1,-1,-1,0.000000
1823,155,-1,-1,-1,-1,0,-1,-1,-1,-1.000000,-1.000000,43,0,0,0,0,0,-1,-1,-1,0.000000
1824,155,156,217,-1,25,33,11,3,4,11.000000,22.000000,12,36,24,25,9,34,1,62,-1,2.000000
1825,155,156,202,247,416,35,13,3,2,5.000000,5.000000,12,26,32,20,13,33,1,47,92,2.666667
1826,155,156,169,-1,277,10,8,3,4,0.000000,2.000000,29,12,65,1,16,17,1,14,-1,2.241379
1827,155,156,160,218,562,3,13,3,2,2.000000,3.000000,26,0,54,4,4,8,1,5,63,2.076923
1828,155,156,178,-1,79,18,8,3,3,2.000000,7.000000,28,16,54,6,18,24,1,23,-1,1.928571
1829,155,210,235,-1,140,2,2,3,3,0.000000,0.000000,24,5,15,0,0,0,55,80,-1,0.625000
1830,155,156,187,-1,83,25,16,3,2,0.000000,10.000000,15,23,46,8,17,25,1,32,-1,3.066667
1831,156,238,-1,-1,595,1,11,3,3,1.000000,1.000000,46,2,0,2,0,2,82,-1,-1,0.000000
1832,156,157,159,204,4,0,2,3,3,0.000000,0.000000,10,2,36,0,9,9,1,3,48,3.600000
1833,156,157,159,196,29,0,2,3,3,1.000000,1.000000,12,2,26,0,11,11,1,3,40,2.166667
1834,156,157,177,195,44,9,13,3,4,8.000000,12.000000,14,17,14,3,4,7,1,21,39,1.000000
1835,157,158,182,-1,595,17,14,3,4,5.000000,14.000000,30,14,54,10,14,24,1,25,-1,1.800000
1836,157,163,196,-1,589,13,9,3,2,5.000000,5.000000,36,17,47,7,7,14,6,39,-1,1.305556
1837,157,158,178,215,17,13,11,3,4,0.000000,5.000000,28,16,34,4,3,7,1,21,58,1.214286
1838,157,158,188,-1,320,18,12,3,4,2.000000,12.000000,25,25,45,5,17,22,1,31,-1,1.800000
1839,157,158,159,201,19,0,1,3,3,0.000000,0.000000,20,1,24,0,18,18,1,2,44,1.200000
1840,158,159,196,-1,7,25,1,3,3,1.000000,1.000000,24,31,47,6,7,13,1,38,-1,1.958333
1841,158,159,191,226,125,18,2,3,3,0.000000,4.000000,15,21,31,11,4,15,1,33,68,2.066667
1842,158,159,212,-1,560,45,13,3,4,2.000000,6.000000,49,35,38,18,0,18,1,54,-1,0.775510
1843,158,159,205,250,34,9,15,3,2,12.000000,12.000000,16,22,30,13,15,28,1,47,92,1.875000
1844,158,159,182,-1,364,15,17,3,4,3.000000,8.000000,42,19,54,4,14,18,1,24,-1,1.285714
1845,159,-1,-1,-1,-1,0,-1,-1,-1,-1.000000,-1.000000,54,0,0,0,0,0,-1,-1,-1,0.000000
1846,159,160,242,-1,83,64,12,3,2,4.000000,4.000000,28,55,8,27,0,27,1,83,-1,0.285714
1847,159,160,164,195,454,0,4,3,4,0.000000,5.000000,20,4,30,0,1,1,1,5,36,1.500000
1848,159,160,208,-1,478,37,12,3,2,5.000000,5.000000,15,31,29,17,13,30,1,49,-1,1.933333
1849,159,160,-1,-1,565,10,1,3,3,0.000000,1.000000,56,14,0,3,0,3,1,-1,-1,0.000000
1850,159,164,212,-1,100,28,8,3,4,12.000000,12.000000,37,23,32,19,6,25,5,53,-1,0.864865
1851,159,160,169,245,294,2,10,3,4,14.000000,15.000000,33,5,67,4,9,13,1,10,86,2.030303
1852,160,161,175,248,24,5,15,3,2,5.000000,8.000000,42,9,66,5,7,12,1,15,88,1.571429
1853,160,180,189,223,414,1,7,3,4,0.000000,5.000000,23,9,25,0,9,9,20,29,63,1.086957
1854,160,161,167,-1,434,4,9,3,2,6.000000,6.000000,24,3,56,3,27,30,1,7,-1,2.333333
1855,160,161,179,195,455,13,5,3,3,0.000000,0.000000,14,16,16,2,0,2,1,19,35,1.142857
1856,161,162,234,-1,31,47,21,3,2,1.000000,1.000000,17,55,15,17,1,18,1,73,-1,0.882353
1857,161,162,196,-1,512,30,14,3,3,0.000000,10.000000,52,22,52,11,2,13,1,35,-1,1.000000
1858,161,162,216,232,520,43,8,3,2,6.000000,6.000000,15,35,15,19,1,20,1,55,71,1.000000
1859,161,162,182,225,13,7,9,3,3,0.000000,4.000000,23,18,33,2,10,12,1,21,64,1.434783
1860,161,-1,-1,-1,-1,0,-1,-1,-1,-1.000000,-1.000000,45,0,0,0,0,0,-1,-1,-1,0.000000
1861,161,162,235,-1,495,13,13,3,2,14.000000,14.000000,28,27,14,13,1,14,1,74,-1,0.500000
1862,161,162,168,225,25,2,11,3,2,9.000000,9.000000,9,5,43,1,14,15,1,7,64,4.777778
1863,162,163,226,-1,7,50,1,3,3,1.000000,1.000000,24,45,18,18,6,24,1,64,-1,0.750000
1864,162,163,208,246,465,40,21,3,2,1.000000,1.000000,25,35,37,10,1,11,1,46,84,1.480000
1865,162,163,199,-1,402,29,24,3,2,3.000000,3.000000,17,27,24,9,27,36,1,37,-1,1.411765
1866,162,163,228,-1,17,50,4,3,4,0.000000,3.000000,16,48,18,17,4,21,1,66,-1,1.125000
1867,162,163,212,248,250,40,21,3,2,13.000000,13.000000,21,41,29,8,7,15,1,50,86,1.380952
1868,162,163,221,-1,121,53,6,3,4,0.000000,7.000000,40,46,24,12,5,17,1,59,-1,0.600000
1869,163,164,172,197,125,6,1,3,3,0.000000,3.000000,10,5,16,3,9,12,1,9,34,1.600000
1870,163,164,235,-1,40,63,14,3,2,4.000000,5.000000,45,45,13,26,2,28,1,72,-1,0.288889
1871,163,164,233,-1,111,64,10,3,4,11.000000,12.000000,14,42,14,27,3,30,1,70,-1,1.000000
1872,163,166,-1,-1,559,27,6,3,3,0.000000,1.000000,52,33,0,3,0,3,3,-1,-1,0.000000
1873,163,164,203,242,36,35,9,3,2,5.000000,5.000000,15,20,33,19,6,25,1,40,79,2.200000
1874,164,-1,-1,-1,-1,0,-1,-1,-1,-1.000000,-1.000000,45,0,0,0,0,0,-1,-1,-1,0.000000
1875,164,165,187,224,520,19,16,3,2,7.000000,7.000000,20,14,24,8,13,21,1,23,60,1.200000
1876,164,165,228,241,1,48,13,3,2,10.000000,10.000000,8,43,10,20,3,23,1,64,77,1.250000
1877,164,-1,-1,-1,-1,0,-1,-1,-1,-1.000000,-1.000000,52,0,0,0,0,0,-1,-1,-1,0.000000
1878,164,165,168,-1,436,3,11,3,2,3.000000,3.000000,29,3,64,0,18,18,1,4,-1,2.206897
1879,164,165,249,-1,447,72,23,3,2,2.000000,2.000000,24,60,1,24,0,24,1,85,-1,0.041667
1880,164,165,210,-1,22,40,27,3,2,1.000000,2.000000,42,30,39,15,1,16,1,46,-1,0.928571
1881,165,166,166,240,276,0,0,3,-1,-1.000000,-1.000000,31,0,61,0,13,13,1,1,75,1.967742
1882,165,166,178,-1,132,0,6,3,4,2.000000,11.000000,25,8,60,4,12,16,1,13,-1,2.400000
1883,165,166,204,-1,167,33,14,3,4,2.000000,12.000000,33,21,35,17,11,28,1,39,-1,1.060606
1884,166,167,168,225,86,1,14,3,2,11.000000,11.000000,39,0,53,1,4,5,1,2,59,1.358974
1885,166,167,186,248,319,16,7,3,3,0.000000,1.000000,31,15,43,4,19,23,1,20,82,1.387097
1886,166,167,169,220,286,2,3,3,4,13.000000,15.000000,28,2,38,0,13,13,1,3,54,1.357143
1887,166,167,179,228,566,5,15,3,2,0.000000,0.000000,28,11,44,1,5,6,1,13,62,1.571429
1888,167,168,178,240,95,2,3,3,4,1.000000,15.000000,16,9,46,1,16,17,1,11,73,2.875000
1889,167,168,207,-1,531,10,4,3,4,1.000000,6.000000,25,17,36,3,7,10,1,40,-1,1.440000
1890,167,-1,-1,-1,-1,0,-1,-1,-1,-1.000000,-1.000000,50,0,0,0,0,0,-1,-1,-1,0.000000
1891,167,168,244,-1,151,61,14,3,2,3.000000,3.000000,50,55,5,21,1,22,1,77,-1,0.100000
1892,167,168,250,-1,159,56,13,3,2,3.000000,3.000000,23,60,0,22,0,22,1,83,-1,0.000000
1893,168,169,-1,-1,212,68,23,3,2,2.000000,2.000000,35,57,0,24,0,24,1,-1,-1,0.000000
1894,168,169,-1,-1,24,65,13,3,4,3.000000,11.000000,20,51,0,30,0,30,1,-1,-1,0.000000
1895,168,169,216,-1,81,39,18,3,2,6.000000,6.000000,36,36,30,11,4,15,1,48,-1,0.833333
1896,168,169,185,202,83,5,14,3,2,7.000000,8.000000,14,11,14,5,3,8,1,17,34,1.000000
1897,168,169,211,250,473,28,15,3,2,10.000000,10.000000,35,22,37,20,2,22,1,43,82,1.057143
1898,169,170,183,-1,230,7,17,3,2,3.000000,3.000000,34,7,54,6,13,19,1,14,-1,1.588235
1899,169,170,203,237,272,24,10,3,2,8.000000,8.000000,16,21,22,12,12,24,1,34,68,1.375000
1900,169,170,191,-1,383,18,10,3,4,2.000000,4.000000,48,19,50,2,9,11,1,22,-1,1.041667
1901,169,170,198,-1,192,22,8,3,2,6.000000,6.000000,47,15,48,13,4,17,1,29,-1,1.021277
1902,169,-1,-1,-1,-1,0,-1,-1,-1,-1.000000,-1.000000,46,0,0,0,0,0,-1,-1,-1,0.000000
1903,170,171,179,-1,591,6,15,3,4,7.000000,15.000000,35,4,62,4,9,13,1,9,-1,1.771429
1904,170,171,184,222,589,5,13,3,2,4.000000,4.000000,28,11,34,2,4,6,1,14,52,1.214286
1905,170,171,172,194,531,0,1,3,3,0.000000,0.000000,13,1,17,0,5,5,1,2,24,1.307692
1906,171,172,202,-1,109,22,21,3,2,1.000000,2.000000,15,22,29,8,19,27,1,31,-1,1.933333
1907,171,172,220,-1,257,36,19,3,2,4.000000,4.000000,35,29,24,19,6,25,1,49,-1,0.685714
1908,171,172,191,246,83,12,15,3,4,4.000000,15.000000,16,13,44,6,11,17,1,20,75,2.750000
1909,171,172,-1,-1,401,72,17,3,4,6.000000,11.000000,20,52,0,26,0,26,1,-1,-1,0.000000
1910,171,172,219,238,32,40,12,3,4,3.000000,9.000000,14,31,16,16,3,19,1,48,67,1.142857
1911,172,173,-1,-1,192,66,7,3,4,9.000000,12.000000,29,52,0,25,0,25,1,-1,-1,0.000000
1912,172,173,188,-1,464,13,17,3,2,3.000000,3.000000,35,13,47,2,15,17,1,16,-1,1.342857
1913,172,173,182,236,174,6,3,3,4,0.000000,16.000000,22,7,46,2,8,10,1,10,64,2.090909
1914,172,173,238,-1,358,56,6,3,4,0.000000,6.000000,36,43,11,22,1,23,1,66,-1,0.305556
1915,172,173,225,-1,170,25,17,3,4,14.000000,29.000000,17,33,20,19,5,24,1,53,-1,1.176471
1916,172,173,210,-1,164,32,9,3,4,0.000000,8.000000,25,25,34,12,6,18,1,38,-1,1.360000
1917,172,173,239,-1,152,55,12,3,2,8.000000,8.000000,19,44,9,22,2,24,1,67,-1,0.473684
1918,172,173,213,-1,547,21,11,3,2,5.000000,6.000000,45,19,36,6,1,7,1,41,-1,0.800000
1919,172,173,197,240,403,22,11,3,4,5.000000,10.000000,25,19,33,5,10,15,1,25,68,1.320000
1920,172,173,221,-1,136,17,8,3,4,0.000000,8.000000,35,32,24,10,5,15,1,49,-1,0.685714
1921,173,-1,-1,-1,-1,0,-1,-1,-1,-1.000000,-1.000000,61,0,0,0,0,0,-1,-1,-1,0.000000
1922,173,174,180,-1,58,0,4,3,3,0.000000,0.000000,25,4,43,2,27,29,1,7,-1,1.720000
1923,173,174,185,239,305,10,13,3,4,0.000000,2.000000,43,9,51,2,3,5,1,12,66,1.186047
1924,173,174,236,-1,1,49,12,3,4,5.000000,13.000000,29,43,11,19,3,22,1,63,-1,0.379310
1925,173,174,239,-1,435,50,9,3,4,0.000000,8.000000,33,44,11,21,0,21,1,66,-1,0.333333
1926,173,-1,-1,-1,-1,0,-1,-1,-1,-1.000000,-1.000000,43,0,0,0,0,0,-1,-1,-1,0.000000
1927,173,174,-1,-1,551,60,6,3,4,12.000000,13.000000,30,53,0,23,0,23,1,-1,-1,0.000000
1928,174,175,226,-1,36,38,12,3,2,3.000000,4.000000,23,32,24,19,0,19,1,52,-1,1.043478
1929,174,175,231,-1,118,39,12,3,2,5.000000,5.000000,27,36,18,20,1,21,1,57,-1,0.666667
1930,174,175,-1,-1,215,57,16,3,2,2.000000,2.000000,28,58,0,17,0,17,1,-1,-1,0.000000
1931,174,175,176,216,174,0,1,3,3,1.000000,1.000000,21,1,29,0,11,11,1,2,42,1.380952
1932,174,175,210,246,489,14,7,3,4,2.000000,6.000000,13,28,23,5,13,18,1,36,72,1.769231
1933,174,175,208,-1,286,23,2,3,3,0.000000,4.000000,28,27,35,6,7,13,1,34,-1,1.250000
1934,175,-1,-1,-1,-1,0,-1,-1,-1,-1.000000,-1.000000,46,0,0,0,0,0,-1,-1,-1,0.000000
1935,175,176,-1,-1,117,44,12,3,2,7.000000,7.000000,19,56,0,18,0,18,1,-1,-1,0.000000
1936,175,-1,-1,-1,-1,0,-1,-1,-1,-1.000000,-1.000000,57,0,0,0,0,0,-1,-1,-1,0.000000
1937,175,176,209,-1,562,26,16,3,2,5.000000,5.000000,40,25,34,8,7,15,1,34,-1,0.850000
1938,175,180,209,-1,475,11,11,3,4,14.000000,21.000000,24,14,30,8,11,19,5,34,-1,1.250000
1939,175,176,199,239,112,3,14,3,2,6.000000,6.000000,11,15,27,8,13,21,1,24,64,2.454545
1940,176,177,203,-1,467,26,13,3,2,8.000000,8.000000,32,22,37,4,10,14,1,27,-1,1.156250
1941,176,177,180,235,52,1,6,3,4,0.000000,2.000000,25,3,47,0,8,8,1,4,59,1.880000
1942,176,177,217,-1,303,29,11,3,2,7.000000,7.000000,22,33,26,7,7,14,1,41,-1,1.181818
1943,176,177,196,234,44,7,11,3,4,5.000000,11.000000,20,10,32,9,6,15,1,20,58,1.600000
1944,176,177,198,243,86,3,11,3,4,4.000000,13.000000,18,18,32,3,13,16,1,22,67,1.777778
1945,176,177,195,219,397,14,15,3,4,8.000000,15.000000,17,10,21,8,3,11,1,19,43,1.235294
1946,176,177,202,213,208,18,26,3,2,2.000000,4.000000,9,18,11,7,0,7,1,26,37,1.222222
1947,176,177,191,-1,283,2,9,3,2,8.000000,8.000000,17,7,37,5,22,27,1,15,-1,2.176471
1948,176,178,204,247,225,3,18,3,2,2.000000,2.000000,25,5,35,3,8,11,2,28,71,1.400000
1949,176,177,-1,-1,25,56,8,3,4,0.000000,9.000000,42,37,0,36,0,36,1,-1,-1,0.000000
1950,177,178,189,250,80,6,12,3,2,3.000000,4.000000,21,3,51,8,10,18,1,12,73,2.428571
1951,177,178,203,-1,172,16,9,3,2,7.000000,7.000000,28,21,32,4,15,19,1,26,-1,1.142857
1952,177,179,243,-1,593,17,22,3,4,2.000000,10.000000,42,22,6,8,1,9,2,66,-1,0.142857
1953,177,178,-1,-1,152,61,12,3,4,9.000000,12.000000,30,53,0,19,0,19,1,-1,-1,0.000000
1954,177,178,187,226,370,4,14,3,2,9.000000,9.000000,15,5,27,4,12,16,1,10,49,1.800000
1955,178,179,221,-1,166,16,18,3,2,5.000000,6.000000,38,21,23,13,6,19,1,43,-1,0.605263
1956,178,179,242,-1,172,52,8,3,4,7.000000,13.000000,29,40,8,23,0,23,1,64,-1,0.275862
1957,178,179,197,-1,230,11,15,3,4,6.000000,12.000000,41,12,44,6,9,15,1,19,-1,1.073171
1958,178,179,-1,-1,171,50,21,3,2,3.000000,3.000000,41,41,0,18,0,18,1,-1,-1,0.000000
1959,178,-1,-1,-1,-1,0,-1,-1,-1,-1.000000,-1.000000,40,0,0,0,0,0,-1,-1,-1,0.000000
1960,178,179,217,-1,35,30,13,3,2,8.000000,8.000000,22,30,28,8,5,13,1,39,-1,1.272727
1961,178,179,187,213,213,4,16,3,2,3.000000,4.000000,11,6,17,2,9,11,1,9,35,1.545455
1962,178,179,220,244,212,28,14,3,4,2.000000,5.000000,21,26,23,15,1,16,1,42,66,1.095238
1963,179,-1,-1,-1,-1,0,-1,-1,-1,-1.000000,-1.000000,37,0,0,0,0,0,-1,-1,-1,0.000000
1964,179,180,-1,-1,549,49,9,3,2,8.000000,8.000000,42,42,0,22,0,22,1,-1,-1,0.000000
1965,179,180,205,240,246,14,16,3,2,3.000000,4.000000,12,18,32,7,3,10,1,26,61,2.666667
1966,179,-1,-1,-1,-1,0,-1,-1,-1,-1.000000,-1.000000,45,0,0,0,0,0,-1,-1,-1,0.000000
1967,179,180,216,245,401,27,14,3,2,4.000000,4.000000,27,27,27,9,2,11,1,37,66,1.000000
1968,179,180,205,-1,153,25,17,3,2,7.000000,7.000000,45,14,36,11,9,20,1,26,-1,0.800000
1969,180,181,193,-1,74,9,9,3,2,1.000000,1.000000,25,11,44,1,13,14,1,13,-1,1.760000
1970,180,181,189,235,153,8,16,3,2,5.000000,5.000000,31,6,41,2,5,7,1,9,55,1.322581
1971,180,181,203,238,1,7,11,3,2,8.000000,8.000000,14,18,28,4,7,11,1,23,58,2.000000
1972,180,181,219,-1,170,24,13,3,2,1.000000,1.000000,15,26,20,12,11,23,1,39,-1,1.333333
1973,180,182,-1,-1,148,24,14,3,2,9.000000,9.000000,36,27,0,12,0,12,2,-1,-1,0.000000
1974,180,181,201,-1,33,11,14,3,4,7.000000,12.000000,25,14,32,6,17,23,1,21,-1,1.280000
1975,180,-1,-1,-1,-1,0,-1,-1,-1,-1.000000,-1.000000,51,0,0,0,0,0,-1,-1,-1,0.000000
1976,180,181,225,-1,78,37,5,3,4,0.000000,12.000000,25,31,22,13,3,16,1,45,-1,0.880000
1977,180,181,195,-1,335,8,2,3,3,0.000000,2.000000,18,11,43,3,12,15,1,15,-1,2.388889
1978,180,181,208,-1,280,19,19,3,4,2.000000,18.000000,28,20,33,7,9,16,1,28,-1,1.178571
1979,181,185,-1,-1,149,12,12,3,3,0.000000,0.000000,39,22,0,2,0,2,4,-1,-1,0.000000
1980,181,182,188,217,281,3,3,3,4,0.000000,9.000000,23,4,27,2,2,4,1,7,36,1.173913
1981,182,183,211,-1,477,13,15,3,2,9.000000,9.000000,18,20,30,8,9,17,1,29,-1,1.666667
1982,182,183,193,247,33,3,14,3,4,3.000000,7.000000,23,9,43,1,11,12,1,11,65,1.869565
1983,182,183,229,-1,54,19,15,3,2,2.000000,2.000000,36,36,18,10,3,13,1,47,-1,0.500000
1984,182,183,188,232,427,2,5,3,4,4.000000,5.000000,27,5,35,0,9,9,1,6,50,1.296296
1985,182,183,188,222,91,0,5,3,4,0.000000,7.000000,13,5,21,0,13,13,1,6,40,1.615385
1986,183,184,215,-1,118,28,14,3,2,8.000000,8.000000,22,21,29,10,6,16,1,32,-1,1.318182
1987,183,184,193,207,30,7,19,3,2,7.000000,7.000000,9,8,9,1,5,6,1,10,24,1.000000
1988,183,184,199,239,6,8,13,3,2,2.000000,2.000000,24,11,30,4,10,14,1,16,56,1.250000
1989,183,184,236,-1,148,18,14,3,2,9.000000,9.000000,18,30,13,12,1,13,1,53,-1,0.722222
1990,183,184,248,-1,418,57,13,3,4,12.000000,18.000000,38,45,2,19,0,19,1,65,-1,0.052632
1991,183,184,184,249,142,0,0,3,-1,-1.000000,-1.000000,33,0,47,0,18,18,1,1,66,1.424242
1992,183,184,185,226,218,1,10,3,2,8.000000,8.000000,24,0,30,1,11,12,1,2,43,1.250000
1993,184,185,226,-1,397,37,11,3,2,6.000000,6.000000,40,26,21,15,3,18,1,42,-1,0.525000
1994,184,185,199,237,558,1,7,3,4,2.000000,7.000000,18,13,24,1,14,15,1,15,53,1.333333
1995,184,185,197,-1,9,12,10,3,4,1.000000,3.000000,44,10,44,2,9,11,1,13,-1,1.000000
1996,184,192,192,-1,558,0,0,3,-1,-1.000000,-1.000000,29,0,50,0,8,8,8,8,-1,1.724138
1997,184,185,185,-1,457,0,0,3,-1,-1.000000,-1.000000,31,0,60,0,5,5,1,1,-1,1.935484
1998,184,185,-1,-1,272,47,13,3,4,10.000000,13.000000,48,31,0,27,0,27,1,-1,-1,0.000000
1999,184,185,-1,-1,334,54,24,3,2,3.000000,3.000000,34,50,0,15,0,15,1,-1,-1,0.000000
2000,185,186,194,245,456,7,13,3,2,4.000000,4.000000,27,6,35,2,16,18,1,9,60,1.296296
2001,185,-1,-1,-1,-1,0,-1,-1,-1,-1.000000,-1.000000,43,0,0,0,0,0,-1,-1,-1,0.000000
2002,185,-1,-1,-1,-1,0,-1,-1,-1,-1.000000,-1.000000,54,0,0,0,0,0,-1,-1,-1,0.000000
2003,185,186,223,-1,377,32,12,3,2,12.000000,12.000000,33,25,21,12,6,18,1,38,-1,0.636364
2004,186,187,219,-1,171,23,13,3,4,6.000000,13.000000,30,21,31,11,0,11,1,33,-1,1.033333
2005,186,187,201,225,353,8,11,3,4,12.000000,12.000000,19,9,21,5,3,8,1,15,39,1.105263
2006,186,187,188,-1,400,0,1,3,3,0.000000,0.000000,29,1,54,0,8,8,1,2,-1,1.862069
2007,186,187,206,226,568,16,12,3,2,0.000000,0.000000,15,18,17,1,3,4,1,20,40,1.133333
2008,186,187,240,-1,211,41,13,3,4,12.000000,24.000000,24,38,10,15,0,15,1,54,-1,0.416667
2009,186,187,-1,-1,213,37,11,3,2,4.000000,4.000000,35,37,0,26,0,26,1,-1,-1,0.000000
2010,186,187,-1,-1,562,53,18,3,2,6.000000,6.000000,40,44,0,16,0,16,1,-1,-1,0.000000
2011,186,187,-1,-1,221,51,24,3,2,1.000000,5.000000,47,41,0,22,0,22,1,-1,-1,0.000000
2012,187,188,232,-1,141,34,12,3,4,10.000000,18.000000,28,30,15,14,3,17,1,45,-1,0.535714
2013,187,188,199,-1,435,9,7,3,4,0.000000,6.000000,29,8,38,3,13,16,1,12,-1,1.310345
2014,187,244,-1,-1,450,5,7,3,4,2.000000,11.000000,45,6,0,0,0,0,57,-1,-1,0.000000
2015,187,188,221,-1,126,8,10,3,4,5.000000,17.000000,10,22,19,11,10,21,1,34,-1,1.900000
2016,187,-1,-1,-1,-1,0,-1,-1,-1,-1.000000,-1.000000,43,0,0,0,0,0,-1,-1,-1,0.000000
2017,187,188,198,-1,211,6,9,3,2,12.000000,12.000000,27,8,47,2,5,7,1,11,-1,1.740741
2018,188,189,245,-1,541,38,25,3,2,1.000000,1.000000,22,42,5,14,0,14,1,57,-1,0.227273
2019,188,189,213,-1,265,16,8,3,4,0.000000,12.000000,24,16,29,8,8,16,1,25,-1,1.208333
2020,188,189,194,-1,267,3,8,3,4,0.000000,11.000000,46,3,51,2,5,7,1,6,-1,1.108696
2021,188,189,195,-1,211,2,8,3,2,11.000000,11.000000,25,4,25,2,30,32,1,7,-1,1.000000
2022,188,189,194,214,73,5,5,3,4,0.000000,5.000000,10,5,14,0,6,6,1,6,26,1.400000
2023,189,190,193,214,216,2,17,3,2,3.000000,3.000000,17,2,19,1,2,3,1,4,25,1.117647
2024,189,190,220,-1,267,17,7,3,4,0.000000,12.000000,26,19,28,11,2,13,1,31,-1,1.076923
2025,189,190,244,-1,90,34,7,3,3,3.000000,4.000000,14,43,6,11,0,11,1,55,-1,0.428571
2026,189,190,-1,-1,591,35,11,3,4,4.000000,10.000000,42,19,0,26,0,26,1,-1,-1,0.000000
2027,189,190,208,-1,151,16,12,3,2,5.000000,5.000000,35,13,37,5,5,10,1,19,-1,1.057143
2028,189,190,-1,-1,86,54,14,3,2,4.000000,5.000000,26,39,0,21,0,21,1,-1,-1,0.000000
2029,189,190,194,-1,238,2,5,3,4,0.000000,5.000000,29,4,47,0,9,9,1,5,-1,1.620690
2030,189,190,206,-1,334,14,22,3,2,1.000000,1.000000,49,11,41,5,3,8,1,17,-1,0.836735
2031,190,191,198,216,122,5,16,3,2,8.000000,8.000000,10,6,16,1,2,3,1,8,26,1.600000
2032,190,-1,-1,-1,-1,0,-1,-1,-1,-1.000000,-1.000000,51,0,0,0,0,0,-1,-1,-1,0.000000
2033,190,-1,-1,-1,-1,0,-1,-1,-1,-1.000000,-1.000000,48,0,0,0,0,0,-1,-1,-1,0.000000
2034,190,191,217,244,117,12,5,3,4,8.000000,8.000000,15,18,21,8,6,14,1,27,54,1.400000
2035,190,197,206,-1,443,5,8,3,4,2.000000,8.000000,30,5,34,4,10,14,7,16,-1,1.133333
2036,191,192,207,-1,329,12,10,3,2,5.000000,5.000000,42,8,42,7,1,8,1,16,-1,1.000000
2037,191,192,214,-1,377,14,16,3,2,10.000000,10.000000,15,19,32,3,4,7,1,23,-1,2.133333
2038,191,192,208,-1,35,11,9,3,4,5.000000,8.000000,21,11,30,5,12,17,1,17,-1,1.428571
2039,191,192,234,-1,181,33,18,3,4,11.000000,15.000000,24,20,16,22,0,22,1,43,-1,0.666667
2040,191,192,214,-1,74,17,2,3,3,0.000000,0.000000,20,16,25,6,11,17,1,23,-1,1.250000
2041,192,193,201,-1,112,4,9,3,4,9.000000,12.000000,25,6,42,2,7,9,1,9,-1,1.680000
2042,192,193,216,-1,46,7,10,3,2,10.000000,10.000000,15,19,24,1,10,11,1,24,-1,1.600000
2043,192,193,201,-1,356,7,7,3,4,2.000000,2.000000,38,8,41,0,8,8,1,9,-1,1.078947
2044,192,193,241,-1,66,36,7,3,4,0.000000,4.000000,53,41,8,7,1,8,1,49,-1,0.150943
2045,192,193,216,-1,11,20,20,3,2,1.000000,2.000000,32,17,32,6,2,8,1,24,-1,1.000000
2046,193,194,198,211,238,0,4,3,4,3.000000,3.000000,10,4,12,0,1,1,1,5,18,1.200000
2047,193,194,198,-1,401,4,3,3,4,0.000000,9.000000,36,4,46,0,6,6,1,5,-1,1.277778
2048,193,194,196,227,52,0,2,3,3,0.000000,0.000000,27,2,29,0,2,2,1,3,34,1.074074
2049,193,229,234,-1,579,3,22,3,2,5.000000,5.000000,36,3,14,1,2,3,36,41,-1,0.388889
2050,193,194,-1,-1,224,38,17,3,4,3.000000,12.000000,24,35,0,21,0,21,1,-1,-1,0.000000
2051,193,194,-1,-1,225,49,12,3,2,1.000000,1.000000,44,31,0,25,0,25,1,-1,-1,0.000000
2052,193,194,195,244,164,0,1,3,3,0.000000,1.000000,20,1,32,0,17,17,1,2,51,1.600000
2053,194,-1,-1,-1,-1,0,-1,-1,-1,-1.000000,-1.000000,51,0,0,0,0,0,-1,-1,-1,0.000000
2054,194,195,229,-1,379,33,10,3,2,4.000000,4.000000,21,22,18,12,3,15,1,35,-1,0.857143
2055,194,195,223,-1,207,25,16,3,2,4.000000,4.000000,29,20,26,8,1,9,1,29,-1,0.896552
2056,195,196,211,-1,556,14,16,3,2,3.000000,5.000000,45,11,34,4,5,9,1,16,-1,0.755556
2057,195,196,225,-1,181,20,13,3,4,2.000000,14.000000,24,17,21,12,4,16,1,30,-1,0.875000
2058,195,-1,-1,-1,-1,0,-1,-1,-1,-1.000000,-1.000000,52,0,0,0,0,0,-1,-1,-1,0.000000
2059,195,196,224,-1,32,15,13,3,4,3.000000,8.000000,20,19,17,9,9,18,1,29,-1,0.850000
2060,195,196,204,-1,333,6,7,3,4,1.000000,9.000000,35,6,38,2,8,10,1,9,-1,1.085714
2061,195,210,219,-1,554,2,16,3,2,0.000000,0.000000,28,5,22,1,9,10,15,24,-1,0.785714
2062,195,196,198,235,122,1,8,3,3,1.000000,5.000000,17,2,33,0,4,4,1,3,40,1.941176
2063,195,196,196,-1,431,0,0,3,-1,-1.000000,-1.000000,47,0,49,0,5,5,1,1,-1,1.042553
2064,196,197,226,-1,502,9,17,3,4,4.000000,16.000000,15,24,23,5,1,6,1,30,-1,1.533333
2065,196,197,221,-1,242,20,19,3,2,5.000000,5.000000,38,17,26,7,3,10,1,25,-1,0.684211
2066,196,197,232,-1,54,27,23,3,2,1.000000,3.000000,35,21,13,13,5,18,1,36,-1,0.371429
2067,196,-1,-1,-1,-1,0,-1,-1,-1,-1.000000,-1.000000,43,0,0,0,0,0,-1,-1,-1,0.000000
2068,196,197,234,-1,197,29,12,3,4,5.000000,14.000000,28,21,15,16,1,17,1,38,-1,0.535714
2069,196,197,216,-1,84,15,15,3,2,4.000000,5.000000,30,13,32,6,2,8,1,20,-1,1.066667
2070,196,197,-1,-1,211,48,6,3,4,0.000000,7.000000,26,31,0,22,0,22,1,-1,-1,0.000000
2071,197,205,237,-1,598,27,19,3,4,6.000000,12.000000,46,17,13,15,0,15,8,40,-1,0.282609
2072,197,199,243,-1,568,18,8,3,4,0.000000,5.000000,49,18,7,8,0,8,2,46,-1,0.142857
2073,197,198,234,-1,299,30,5,3,3,0.000000,0.000000,22,23,11,13,5,18,1,37,-1,0.500000
2074,197,-1,-1,-1,-1,0,-1,-1,-1,-1.000000,-1.000000,45,0,0,0,0,0,-1,-1,-1,0.000000
2075,197,-1,-1,-1,-1,0,-1,-1,-1,-1.000000,-1.000000,48,0,0,0,0,0,-1,-1,-1,0.000000
2076,197,-1,-1,-1,-1,0,-1,-1,-1,-1.000000,-1.000000,55,0,0,0,0,0,-1,-1,-1,0.000000
2077,197,210,216,-1,347,2,19,3,4,9.000000,9.000000,30,2,26,1,8,9,13,19,-1,0.866667
2078,197,198,228,-1,581,29,15,3,4,2.000000,7.000000,30,17,21,13,1,14,1,31,-1,0.700000
2079,197,198,222,-1,447,22,21,3,4,3.000000,8.000000,39,16,22,8,6,14,1,25,-1,0.564103
2080,197,198,200,-1,465,1,4,3,3,0.000000,1.000000,14,2,39,0,11,11,1,3,-1,2.785714
2081,197,198,207,-1,148,6,12,3,2,5.000000,5.000000,19,5,32,4,11,15,1,10,-1,1.684211
2082,197,198,237,-1,160,17,15,3,4,0.000000,7.000000,21,29,12,10,1,11,1,40,-1,0.571429
2083,198,199,203,234,86,2,5,3,3,0.000000,5.000000,8,4,20,0,11,11,1,5,36,2.500000
2084,198,199,223,238,283,12,9,3,4,11.000000,11.000000,14,17,14,6,1,7,1,25,40,1.000000
2085,198,199,212,-1,397,13,9,3,4,5.000000,6.000000,36,5,33,8,5,13,1,14,-1,0.916667
2086,198,199,209,-1,96,3,11,3,4,12.000000,16.000000,19,5,35,5,6,11,1,11,-1,1.842105
2087,198,199,214,-1,143,8,7,3,3,0.000000,7.000000,24,12,27,3,9,12,1,16,-1,1.125000
2088,198,199,223,-1,248,16,6,3,4,0.000000,7.000000,20,21,19,3,8,11,1,25,-1,0.950000
2089,198,229,-1,-1,288,1,24,3,2,4.000000,4.000000,36,4,0,4,0,4,31,-1,-1,0.000000
2090,198,199,210,-1,242,10,15,3,4,1.000000,7.000000,37,9,32,2,8,10,1,12,-1,0.864865
2091,199,200,209,-1,165,9,24,3,2,0.000000,0.000000,24,3,31,6,10,16,1,10,-1,1.291667
2092,199,200,205,237,571,2,3,3,4,10.000000,11.000000,26,4,28,1,4,5,1,6,38,1.076923
2093,199,200,221,-1,40,17,15,3,4,3.000000,7.000000,28,14,28,7,1,8,1,22,-1,1.000000
2094,199,200,210,-1,180,7,9,3,2,17.000000,17.000000,18,7,31,3,9,12,1,11,-1,1.722222
2095,199,201,-1,-1,469,11,9,3,4,14.000000,14.000000,25,15,0,7,0,7,2,-1,-1,0.000000
2096,199,200,-1,-1,547,39,11,3,4,0.000000,17.000000,40,33,0,16,0,16,1,-1,-1,0.000000
2097,200,201,204,232,35,1,6,3,4,0.000000,9.000000,18,3,24,0,4,4,1,4,32,1.333333
2098,200,201,220,-1,110,11,16,3,2,4.000000,5.000000,22,18,23,1,7,8,1,20,-1,1.045455
2099,200,201,207,236,349,0,6,3,4,0.000000,2.000000,26,6,28,0,1,1,1,7,36,1.076923
2100,200,201,208,-1,465,6,2,3,3,0.000000,1.000000,39,7,36,0,6,6,1,8,-1,0.923077
2101,200,201,228,-1,13,8,12,3,4,1.000000,15.000000,17,21,18,6,4,10,1,28,-1,1.058824
2102,201,210,-1,-1,450,0,9,3,4,8.000000,9.000000,26,1,0,3,0,3,9,-1,-1,0.000000
2103,201,202,209,-1,385,1,10,3,4,0.000000,5.000000,30,7,35,0,6,6,1,8,-1,1.166667
2104,201,-1,-1,-1,-1,0,-1,-1,-1,-1.000000,-1.000000,37,0,0,0,0,0,-1,-1,-1,0.000000
2105,201,202,210,-1,407,6,15,3,2,6.000000,6.000000,13,2,28,6,12,18,1,9,-1,2.153846
2106,201,202,203,-1,351,0,1,3,3,0.000000,0.000000,36,1,39,0,8,8,1,2,-1,1.083333
2107,201,202,203,-1,119,1,15,3,2,2.000000,6.000000,23,0,36,1,11,12,1,2,-1,1.565217
2108,201,202,-1,-1,17,32,9,3,2,6.000000,6.000000,50,33,0,15,0,15,1,-1,-1,0.000000
2109,201,202,233,-1,422,12,19,3,2,6.000000,7.000000,17,22,13,9,4,13,1,32,-1,0.764706
2110,201,-1,-1,-1,-1,0,-1,-1,-1,-1.000000,-1.000000,42,0,0,0,0,0,-1,-1,-1,0.000000
2111,202,203,227,-1,242,20,16,3,2,5.000000,5.000000,30,17,21,7,2,9,1,25,-1,0.700000
2112,202,203,210,-1,319,7,7,3,3,0.000000,1.000000,30,4,37,3,3,6,1,8,-1,1.233333
2113,202,221,-1,-1,304,7,17,3,4,0.000000,5.000000,36,7,0,3,0,3,19,-1,-1,0.000000
2114,202,203,220,-1,156,10,14,3,4,15.000000,18.000000,11,15,18,2,12,14,1,18,-1,1.636364
2115,202,203,211,-1,153,6,4,3,3,0.000000,0.000000,19,7,30,1,9,10,1,9,-1,1.578947
2116,202,203,219,247,119,10,15,3,2,2.000000,6.000000,21,13,21,3,7,10,1,17,45,1.000000
2117,203,204,-1,-1,290,22,7,3,4,0.000000,4.000000,47,29,0,5,0,5,1,-1,-1,0.000000
2118,203,204,-1,-1,521,38,14,3,4,0.000000,3.000000,58,38,0,6,0,6,1,-1,-1,0.000000
2119,203,204,228,-1,526,15,12,3,4,5.000000,7.000000,52,17,20,6,2,8,1,25,-1,0.384615
2120,203,204,214,-1,458,6,23,3,2,6.000000,6.000000,29,7,29,3,7,10,1,11,-1,1.000000
2121,203,204,230,-1,62,16,11,3,2,9.000000,9.000000,16,23,18,3,2,5,1,27,-1,1.125000
2122,203,204,245,-1,533,37,12,3,2,5.000000,5.000000,19,34,4,7,1,8,1,42,-1,0.210526
2123,203,207,207,-1,568,0,0,3,-1,-1.000000,-1.000000,53,0,41,0,2,2,4,4,-1,0.773585
2124,203,204,-1,-1,19,27,13,3,4,2.000000,5.000000,14,29,0,17,0,17,1,-1,-1,0.000000
2125,204,205,208,229,0,1,5,3,4,2.000000,5.000000,11,3,19,0,2,2,1,4,25,1.727273
2126,204,205,248,-1,81,24,18,3,2,3.000000,3.000000,28,25,2,10,0,10,1,44,-1,0.071429
2127,204,205,207,-1,208,0,2,3,3,1.000000,1.000000,44,2,35,0,8,8,1,3,-1,0.795455
2128,204,205,225,-1,192,13,17,3,4,3.000000,14.000000,22,14,18,6,7,13,1,21,-1,0.818182
2129,204,205,238,-1,346,15,15,3,2,8.000000,8.000000,18,21,9,11,3,14,1,34,-1,0.500000
2130,204,205,246,-1,393,31,10,3,4,8.000000,13.000000,51,25,3,16,1,17,1,42,-1,0.058824
2131,204,205,-1,-1,38,30,20,3,2,2.000000,2.000000,48,32,0,13,0,13,1,-1,-1,0.000000
2132,204,205,233,-1,5,23,15,3,4,0.000000,9.000000,45,17,17,11,0,11,1,29,-1,0.377778
2133,205,206,-1,-1,134,34,20,3,2,1.000000,2.000000,34,32,0,12,0,12,1,-1,-1,0.000000
2134,205,206,211,-1,381,1,7,3,4,1.000000,7.000000,27,5,25,0,14,14,1,6,-1,0.925926
2135,205,206,-1,-1,221,34,18,3,2,1.000000,4.000000,25,24,0,20,0,20,1,-1,-1,0.000000
2136,205,228,-1,-1,511,10,14,3,2,9.000000,9.000000,43,11,0,3,0,3,23,-1,-1,0.000000
2137,206,207,220,-1,148,4,10,3,4,17.000000,24.000000,23,8,26,5,4,9,1,14,-1,1.130435
2138,206,207,-1,-1,411,38,1,3,3,0.000000,0.000000,26,27,0,16,0,16,1,-1,-1,0.000000
2139,206,207,244,-1,483,31,16,3,2,13.000000,13.000000,54,30,5,6,1,7,1,38,-1,0.092593
2140,206,-1,-1,-1,-1,0,-1,-1,-1,-1.000000,-1.000000,44,0,0,0,0,0,-1,-1,-1,0.000000
2141,206,207,215,225,186,2,15,3,2,1.000000,2.000000,10,7,10,1,0,1,1,9,19,1.000000
2142,206,207,217,-1,578,8,5,3,4,5.000000,9.000000,10,9,21,1,12,13,1,11,-1,2.100000
2143,206,207,-1,-1,192,37,17,3,4,3.000000,13.000000,32,32,0,11,0,11,1,-1,-1,0.000000
2144,206,207,-1,-1,474,30,12,3,2,1.000000,1.000000,55,33,0,10,0,10,1,-1,-1,0.000000
2145,207,208,211,-1,356,0,3,3,4,0.000000,0.000000,31,3,32,0,7,7,1,4,-1,1.032258
2146,207,208,-1,-1,79,5,11,3,4,0.000000,5.000000,47,8,0,0,0,0,1,-1,-1,0.000000
2147,207,208,237,-1,541,25,18,3,2,1.000000,1.000000,17,23,13,6,0,6,1,30,-1,0.764706
2148,207,208,208,-1,120,0,0,3,-1,-1.000000,-1.000000,27,0,38,0,4,4,1,1,-1,1.407407
2149,207,208,212,-1,33,0,4,3,4,0.000000,13.000000,31,4,37,0,1,1,1,5,-1,1.193548
2150,207,208,208,238,201,0,0,3,-1,-1.000000,-1.000000,25,0,27,0,3,3,1,1,31,1.080000
2151,208,-1,-1,-1,-1,0,-1,-1,-1,-1.000000,-1.000000,45,0,0,0,0,0,-1,-1,-1,0.000000
2152,208,209,221,-1,584,7,6,3,4,0.000000,5.000000,22,10,28,2,1,3,1,13,-1,1.272727
2153,208,209,248,-1,160,31,16,3,2,2.000000,4.000000,24,27,2,12,0,12,1,40,-1,0.083333
2154,208,226,-1,-1,4,3,21,3,4,1.000000,8.000000,43,4,0,0,0,0,18,-1,-1,0.000000
2155,208,209,219,227,295,9,13,3,2,4.000000,4.000000,8,9,8,1,0,1,1,11,19,1.000000
2156,209,-1,-1,-1,-1,0,-1,-1,-1,-1.000000,-1.000000,43,0,0,0,0,0,-1,-1,-1,0.000000
2157,209,210,-1,-1,241,27,10,3,2,5.000000,5.000000,35,27,0,13,0,13,1,-1,-1,0.000000
2158,209,211,-1,-1,375,15,18,3,4,5.000000,7.000000,53,13,0,7,0,7,2,-1,-1,0.000000
2159,209,210,-1,-1,526,34,6,3,4,1.000000,12.000000,38,27,0,13,0,13,1,-1,-1,0.000000
2160,209,210,228,-1,46,11,12,3,2,4.000000,5.000000,39,10,21,8,1,9,1,19,-1,0.538462
2161,209,210,-1,-1,32,27,12,3,2,3.000000,3.000000,17,27,0,13,0,13,1,-1,-1,0.000000
2162,209,210,239,-1,313,20,10,3,4,7.000000,7.000000,21,23,11,6,0,6,1,30,-1,0.523810
2163,210,211,233,-1,363,8,9,3,4,0.000000,2.000000,25,13,16,1,1,2,1,23,-1,0.640000
2164,210,211,222,-1,530,10,18,3,2,2.000000,2.000000,44,9,27,2,1,3,1,12,-1,0.613636
2165,210,-1,-1,-1,-1,0,-1,-1,-1,-1.000000,-1.000000,48,0,0,0,0,0,-1,-1,-1,0.000000
2166,211,212,-1,-1,519,8,20,3,2,7.000000,7.000000,45,9,0,3,0,3,1,-1,-1,0.000000
2167,211,212,236,-1,301,17,10,3,4,0.000000,22.000000,34,13,9,11,5,16,1,25,-1,0.264706
2168,211,212,245,-1,244,11,10,3,2,8.000000,8.000000,9,20,4,10,1,11,1,34,-1,0.444444
2169,211,212,242,-1,110,23,19,3,2,12.000000,12.000000,37,25,7,5,1,6,1,31,-1,0.189189
2170,212,213,231,-1,532,7,7,3,4,0.000000,6.000000,19,15,15,3,4,7,1,19,-1,0.789474
2171,212,213,-1,-1,477,26,11,3,2,0.000000,9.000000,46,30,0,7,0,7,1,-1,-1,0.000000
2172,212,213,239,-1,69,15,12,3,2,2.000000,3.000000,28,20,11,6,0,6,1,27,-1,0.392857
2173,212,213,235,-1,54,9,13,3,2,2.000000,3.000000,27,16,14,6,1,7,1,23,-1,0.518519
2174,213,214,225,-1,481,6,17,3,2,2.000000,2.000000,37,6,19,5,6,11,1,12,-1,0.513514
2175,213,214,230,249,127,10,3,3,4,8.000000,8.000000,14,7,14,9,5,14,1,17,36,1.000000
2176,213,214,226,-1,392,12,1,3,3,0.000000,0.000000,33,8,22,4,2,6,1,13,-1,0.666667
2177,213,-1,-1,-1,-1,0,-1,-1,-1,-1.000000,-1.000000,39,0,0,0,0,0,-1,-1,-1,0.000000
2178,213,214,235,-1,228,13,4,3,4,0.000000,4.000000,23,17,12,4,3,7,1,22,-1,0.521739
2179,213,-1,-1,-1,-1,0,-1,-1,-1,-1.000000,-1.000000,41,0,0,0,0,0,-1,-1,-1,0.000000
2180,214,215,250,-1,375,5,14,3,2,2.000000,2.000000,12,26,0,9,0,9,1,36,-1,0.000000
2181,214,215,241,-1,332,3,6,3,4,1.000000,6.000000,12,21,7,5,2,7,1,27,-1,0.583333
2182,214,215,-1,-1,76,26,11,3,4,0.000000,26.000000,17,28,0,7,0,7,1,-1,-1,0.000000
2183,214,215,222,-1,193,6,14,3,2,4.000000,4.000000,31,5,26,2,2,4,1,8,-1,0.838710
2184,214,223,-1,-1,99,3,7,3,4,2.000000,3.000000,17,9,0,2,0,2,9,-1,-1,0.000000
2185,214,215,216,-1,84,0,1,3,3,0.000000,0.000000,23,1,32,0,2,2,1,2,-1,1.391304
2186,214,215,218,-1,532,0,3,3,4,0.000000,1.000000,22,3,25,0,7,7,1,4,-1,1.136364
2187,215,217,228,-1,67,6,13,3,4,0.000000,0.000000,39,9,22,0,0,0,2,13,-1,0.564103
2188,215,216,-1,-1,225,27,8,3,3,0.000000,1.000000,55,24,0,8,0,8,1,-1,-1,0.000000
2189,215,-1,-1,-1,-1,0,-1,-1,-1,-1.000000,-1.000000,43,0,0,0,0,0,-1,-1,-1,0.000000
2190,215,216,249,-1,160,21,16,3,2,2.000000,3.000000,22,22,1,11,0,11,1,34,-1,0.045455
2191,215,-1,-1,-1,-1,0,-1,-1,-1,-1.000000,-1.000000,53,0,0,0,0,0,-1,-1,-1,0.000000
2192,216,217,250,-1,18,17,9,3,2,11.000000,11.000000,9,25,0,8,0,8,1,34,-1,0.000000
2193,216,217,-1,-1,150,26,7,3,4,0.000000,9.000000,23,23,0,10,0,10,1,-1,-1,0.000000
2194,216,217,219,-1,79,0,2,3,3,1.000000,1.000000,27,2,23,0,8,8,1,3,-1,0.851852
2195,216,217,242,-1,407,14,17,3,4,6.000000,11.000000,7,16,7,9,1,10,1,26,-1,1.000000
2196,216,217,223,239,62,2,7,3,4,1.000000,10.000000,13,5,15,1,1,2,1,7,23,1.153846
2197,216,217,234,-1,552,7,11,3,4,4.000000,6.000000,17,12,9,5,7,12,1,18,-1,0.529412
2198,217,218,-1,-1,433,27,12,3,2,5.000000,5.000000,33,21,0,11,0,11,1,-1,-1,0.000000
2199,217,218,240,-1,54,11,14,3,4,3.000000,8.000000,14,20,8,2,2,4,1,23,-1,0.571429
2200,217,218,241,-1,94,12,3,3,4,2.000000,2.000000,32,14,7,9,2,11,1,24,-1,0.218750
2201,217,218,-1,-1,231,22,11,3,4,8.000000,16.000000,30,16,0,16,0,16,1,-1,-1,0.000000
2202,217,-1,-1,-1,-1,0,-1,-1,-1,-1.000000,-1.000000,45,0,0,0,0,0,-1,-1,-1,0.000000
2203,218,219,244,-1,226,20,16,3,2,1.000000,5.000000,21,16,6,9,0,9,1,26,-1,0.285714
2204,218,219,-1,-1,191,22,7,3,4,0.000000,8.000000,28,24,0,7,0,7,1,-1,-1,0.000000
2205,218,219,248,-1,224,15,19,3,4,3.000000,6.000000,29,24,2,5,0,5,1,30,-1,0.068966
2206,218,219,250,-1,11,4,24,3,2,2.000000,2.000000,14,26,0,5,0,5,1,32,-1,0.000000
2207,218,219,-1,-1,87,7,14,3,2,1.000000,2.000000,18,21,0,10,0,10,1,-1,-1,0.000000
2208,218,227,-1,-1,237,4,6,3,4,2.000000,4.000000,29,16,0,2,0,2,9,-1,-1,0.000000
2209,218,219,-1,-1,403,25,11,3,2,4.000000,4.000000,44,17,0,14,0,14,1,-1,-1,0.000000
2210,218,219,-1,-1,72,5,12,3,4,1.000000,20.000000,34,8,0,0,0,0,1,-1,-1,0.000000
2211,219,220,224,-1,352,3,2,3,4,0.000000,0.000000,33,4,24,0,2,2,1,5,-1,0.727273
2212,219,220,220,-1,179,0,0,3,-1,-1.000000,-1.000000,17,0,24,0,6,6,1,1,-1,1.411765
2213,219,220,234,-1,481,9,15,3,4,0.000000,10.000000,16,10,11,4,5,9,1,15,-1,0.687500
2214,219,220,229,-1,281,1,4,3,4,0.000000,4.000000,30,9,18,0,3,3,1,10,-1,0.600000
2215,219,220,223,250,5,2,9,3,4,6.000000,11.000000,17,1,21,2,6,8,1,4,31,1.235294
2216,219,220,228,-1,377,5,2,3,3,0.000000,0.000000,27,5,20,3,2,5,1,9,-1,0.740741
2217,219,220,238,-1,13,9,6,3,4,0.000000,9.000000,23,13,12,5,0,5,1,19,-1,0.521739
2218,220,221,-1,-1,372,24,13,3,3,0.000000,5.000000,26,19,0,10,0,10,1,-1,-1,0.000000
2219,220,221,-1,-1,402,24,22,3,2,16.000000,16.000000,50,20,0,9,0,9,1,-1,-1,0.000000
2220,220,-1,-1,-1,-1,0,-1,-1,-1,-1.000000,-1.000000,44,0,0,0,0,0,-1,-1,-1,0.000000
2221,220,221,-1,-1,48,16,14,3,2,0.000000,0.000000,13,23,0,6,0,6,1,-1,-1,0.000000
2222,220,221,234,-1,352,10,1,3,3,0.000000,0.000000,27,12,15,1,1,2,1,14,-1,0.555556
2223,220,221,-1,-1,131,14,21,3,2,1.000000,1.000000,17,21,0,8,0,8,1,-1,-1,0.000000
2224,220,221,-1,-1,413,24,12,3,2,9.000000,9.000000,33,19,0,10,0,10,1,-1,-1,0.000000
2225,221,222,-1,-1,244,9,12,3,4,12.000000,31.000000,7,15,0,13,0,13,1,-1,-1,0.000000
2226,221,222,241,-1,393,11,8,3,2,4.000000,4.000000,34,13,8,6,1,7,1,20,-1,0.235294
2227,222,223,239,-1,112,14,4,3,4,0.000000,1.000000,21,8,10,8,1,9,1,17,-1,0.476190
2228,222,223,223,-1,542,0,0,3,-1,-1.000000,-1.000000,21,0,26,0,1,1,1,1,-1,1.238095
2229,222,223,230,-1,238,5,13,3,2,5.000000,5.000000,23,7,13,0,7,7,1,8,-1,0.565217
2230,222,238,249,-1,560,7,16,3,4,0.000000,3.000000,46,6,1,4,0,4,16,27,-1,0.021739
2231,222,223,243,-1,7,18,26,3,4,5.000000,10.000000,36,17,7,3,0,3,1,21,-1,0.194444
2232,222,223,238,-1,552,14,9,3,4,0.000000,7.000000,12,9,11,6,1,7,1,16,-1,0.916667
2233,222,227,248,-1,366,4,10,3,4,0.000000,9.000000,42,15,2,5,0,5,5,26,-1,0.047619
2234,223,224,234,-1,74,6,1,3,3,0.000000,0.000000,31,7,14,3,2,5,1,11,-1,0.451613
2235,223,224,-1,-1,220,23,11,3,3,0.000000,8.000000,31,20,0,6,0,6,1,-1,-1,0.000000
2236,223,224,229,-1,228,0,3,3,4,0.000000,5.000000,38,5,16,0,5,5,1,6,-1,0.421053
2237,223,224,-1,-1,87,5,14,3,2,1.000000,4.000000,11,16,0,10,0,10,1,-1,-1,0.000000
2238,223,224,243,-1,69,12,14,3,4,3.000000,8.000000,19,11,4,8,3,11,1,20,-1,0.210526
2239,224,225,228,-1,137,0,3,3,4,0.000000,9.000000,25,3,21,0,1,1,1,4,-1,0.840000
2240,224,-1,-1,-1,-1,0,-1,-1,-1,-1.000000,-1.000000,47,0,0,0,0,0,-1,-1,-1,0.000000
2241,224,225,226,243,62,0,1,3,3,1.000000,1.000000,15,1,17,0,0,0,1,2,19,1.133333
2242,224,-1,-1,-1,-1,0,-1,-1,-1,-1.000000,-1.000000,29,0,0,0,0,0,-1,-1,-1,0.000000
2243,224,225,233,-1,300,5,16,3,2,9.000000,9.000000,32,6,17,2,0,2,1,9,-1,0.531250
2244,224,225,-1,-1,77,3,17,3,2,1.000000,2.000000,15,17,0,8,0,8,1,-1,-1,0.000000
2245,224,225,-1,-1,375,19,15,3,4,0.000000,8.000000,58,15,0,10,0,10,1,-1,-1,0.000000
2246,224,225,246,-1,168,15,17,3,4,3.000000,8.000000,25,13,4,8,0,8,1,22,-1,0.160000
2247,224,227,237,-1,562,2,13,3,3,1.000000,3.000000,28,10,10,0,3,3,3,13,-1,0.357143
2248,224,225,-1,-1,403,18,10,3,4,0.000000,5.000000,33,15,0,10,0,10,1,-1,-1,0.000000
2249,224,225,235,-1,187,6,3,3,4,0.000000,5.000000,21,7,12,3,3,6,1,11,-1,0.571429
2250,224,225,-1,-1,145,22,28,3,2,1.000000,2.000000,36,18,0,7,0,7,1,-1,-1,0.000000
2251,225,226,230,-1,572,3,10,3,4,1.000000,2.000000,47,4,19,0,1,1,1,5,-1,0.404255
2252,225,226,-1,-1,77,12,17,3,2,1.000000,2.000000,26,12,0,12,0,12,1,-1,-1,0.000000
2253,225,226,227,-1,581,1,11,3,2,6.000000,6.000000,22,1,16,0,7,7,1,2,-1,0.727273
2254,225,226,-1,-1,496,12,4,3,3,0.000000,0.000000,29,16,0,8,0,8,1,-1,-1,0.000000
2255,225,226,240,-1,550,13,20,3,4,2.000000,6.000000,11,9,7,5,3,8,1,15,-1,0.636364
2256,225,-1,-1,-1,-1,0,-1,-1,-1,-1.000000,-1.000000,41,0,0,0,0,0,-1,-1,-1,0.000000
2257,225,226,-1,-1,395,20,13,3,2,4.000000,5.000000,11,15,0,9,0,9,1,-1,-1,0.000000
2258,226,227,-1,-1,16,4,13,3,4,6.000000,9.000000,16,16,0,7,0,7,1,-1,-1,0.000000
2259,226,-1,-1,-1,-1,0,-1,-1,-1,-1.000000,-1.000000,50,0,0,0,0,0,-1,-1,-1,0.000000
2260,226,227,-1,-1,171,11,11,3,2,0.000000,3.000000,38,15,0,8,0,8,1,-1,-1,0.000000
2261,226,227,-1,-1,114,9,8,3,2,11.000000,11.000000,16,16,0,7,0,7,1,-1,-1,0.000000
2262,227,228,-1,-1,353,16,12,3,4,6.000000,12.000000,47,16,0,6,0,6,1,-1,-1,0.000000
2263,227,228,-1,-1,355,16,9,3,2,10.000000,10.000000,23,20,0,2,0,2,1,-1,-1,0.000000
2264,227,-1,-1,-1,-1,0,-1,-1,-1,-1.000000,-1.000000,45,0,0,0,0,0,-1,-1,-1,0.000000
2265,227,228,248,-1,11,7,25,3,2,3.000000,4.000000,19,17,2,3,0,3,1,21,-1,0.105263
2266,227,228,-1,-1,226,20,25,3,4,1.000000,9.000000,49,17,0,5,0,5,1,-1,-1,0.000000
2267,228,229,232,-1,10,0,3,3,4,0.000000,0.000000,18,3,16,0,2,2,1,4,-1,0.888889
2268,228,-1,-1,-1,-1,0,-1,-1,-1,-1.000000,-1.000000,48,0,0,0,0,0,-1,-1,-1,0.000000
2269,228,229,247,-1,493,11,2,3,3,0.000000,0.000000,27,11,3,7,0,7,1,19,-1,0.111111
2270,228,229,-1,-1,134,11,14,3,2,5.000000,5.000000,18,17,0,4,0,4,1,-1,-1,0.000000
2271,228,-1,-1,-1,-1,0,-1,-1,-1,-1.000000,-1.000000,53,0,0,0,0,0,-1,-1,-1,0.000000
2272,228,229,-1,-1,22,14,2,3,3,0.000000,0.000000,27,18,0,3,0,3,1,-1,-1,0.000000
2273,229,230,-1,-1,231,14,11,3,4,4.000000,10.000000,25,11,0,9,0,9,1,-1,-1,0.000000
2274,229,230,243,-1,541,9,11,3,4,0.000000,3.000000,46,13,7,0,0,0,1,14,-1,0.152174
2275,229,230,-1,-1,49,12,14,3,4,2.000000,8.000000,10,18,0,2,0,2,1,-1,-1,0.000000
2276,229,230,-1,-1,476,15,11,3,2,6.000000,6.000000,35,13,0,7,0,7,1,-1,-1,0.000000
2277,229,230,-1,-1,200,14,6,3,4,0.000000,4.000000,10,16,0,4,0,4,1,-1,-1,0.000000
2278,229,230,-1,-1,241,6,2,3,3,0.000000,0.000000,26,18,0,2,0,2,1,-1,-1,0.000000
2279,229,230,-1,-1,71,16,8,3,4,0.000000,3.000000,55,17,0,3,0,3,1,-1,-1,0.000000
2280,230,231,-1,-1,32,15,4,3,4,0.000000,0.000000,28,13,0,6,0,6,1,-1,-1,0.000000
2281,230,231,236,-1,287,3,7,3,4,0.000000,3.000000,31,5,14,0,0,0,1,6,-1,0.451613
2282,231,232,244,-1,482,4,20,3,2,2.000000,2.000000,52,5,6,3,0,3,1,13,-1,0.115385
2283,231,232,-1,-1,186,15,20,3,4,2.000000,11.000000,45,14,0,4,0,4,1,-1,-1,0.000000
2284,231,232,-1,-1,221,3,19,3,4,2.000000,8.000000,57,3,0,2,0,2,1,-1,-1,0.000000
2285,231,232,-1,-1,68,14,21,3,2,5.000000,5.000000,40,6,0,12,0,12,1,-1,-1,0.000000
2286,231,232,-1,-1,231,15,11,3,4,4.000000,11.000000,31,9,0,9,0,9,1,-1,-1,0.000000
2287,231,232,-1,-1,113,12,20,3,2,6.000000,6.000000,37,13,0,5,0,5,1,-1,-1,0.000000
2288,231,232,-1,-1,171,13,10,3,4,3.000000,3.000000,26,14,0,4,0,4,1,-1,-1,0.000000
2289,231,232,239,-1,27,1,2,3,4,0.000000,0.000000,29,7,10,0,1,1,1,8,-1,0.344828
2290,231,237,-1,-1,598,12,20,3,4,9.000000,17.000000,42,7,0,6,0,6,6,-1,-1,0.000000
2291,232,233,250,-1,262,13,13,3,2,3.000000,3.000000,27,10,0,7,0,7,1,18,-1,0.000000
2292,232,233,243,-1,240,8,11,3,2,7.000000,7.000000,24,7,6,3,1,4,1,11,-1,0.250000
2293,232,233,-1,-1,420,9,11,3,4,3.000000,12.000000,17,12,0,5,0,5,1,-1,-1,0.000000
2294,232,233,244,-1,583,10,14,3,4,0.000000,3.000000,48,8,6,3,0,3,1,12,-1,0.125000
2295,232,233,-1,-1,243,12,14,3,2,5.000000,5.000000,29,14,0,3,0,3,1,-1,-1,0.000000
2296,232,233,-1,-1,369,15,10,3,4,0.000000,5.000000,41,10,0,6,0,6,1,-1,-1,0.000000
2297,232,233,242,-1,165,5,21,3,4,3.000000,14.000000,21,6,6,3,2,5,1,10,-1,0.285714
2298,232,233,-1,-1,125,15,17,3,2,3.000000,3.000000,28,8,0,9,0,9,1,-1,-1,0.000000
2299,233,234,-1,-1,5,13,18,3,4,10.000000,14.000000,18,8,0,8,0,8,1,-1,-1,0.000000
2300,233,234,247,-1,148,10,17,3,2,8.000000,9.000000,6,11,3,2,0,2,1,14,-1,0.500000
2301,233,234,236,-1,572,2,2,3,4,0.000000,0.000000,44,2,10,0,4,4,1,3,-1,0.227273
2302,233,234,246,-1,337,8,8,3,4,0.000000,10.000000,27,8,3,4,1,5,1,13,-1,0.111111
2303,233,234,-1,-1,406,10,13,3,4,2.000000,10.000000,23,13,0,3,0,3,1,-1,-1,0.000000
2304,234,241,-1,-1,341,5,16,3,2,7.000000,7.000000,42,6,0,3,0,3,7,-1,-1,0.000000
2305,234,235,238,-1,60,3,17,3,2,4.000000,4.000000,18,2,11,1,1,2,1,4,-1,0.611111
2306,234,235,-1,-1,449,12,4,3,3,0.000000,1.000000,32,11,0,4,0,4,1,-1,-1,0.000000
2307,234,235,-1,-1,102,7,12,3,4,9.000000,17.000000,41,12,0,3,0,3,1,-1,-1,0.000000
2308,234,238,-1,-1,140,3,5,3,4,0.000000,6.000000,35,10,0,2,0,2,4,-1,-1,0.000000
2309,235,236,239,-1,155,0,3,3,4,0.000000,3.000000,38,3,11,0,0,0,1,4,-1,0.289474
2310,235,-1,-1,-1,-1,0,-1,-1,-1,-1.000000,-1.000000,55,0,0,0,0,0,-1,-1,-1,0.000000
2311,235,236,-1,-1,583,7,11,3,4,3.000000,3.000000,49,10,0,4,0,4,1,-1,-1,0.000000
2312,235,236,-1,-1,25,10,18,3,4,10.000000,14.000000,27,10,0,4,0,4,1,-1,-1,0.000000
2313,235,236,242,-1,113,6,21,3,2,3.000000,4.000000,37,4,7,2,1,3,1,7,-1,0.189189
2314,235,236,243,-1,288,4,12,3,2,7.000000,7.000000,13,7,4,0,3,3,1,8,-1,0.307692
2315,235,236,240,-1,339,3,4,3,4,2.000000,2.000000,48,4,10,0,0,0,1,5,-1,0.208333
2316,236,237,238,248,287,1,2,3,3,0.000000,1.000000,9,1,9,0,1,1,1,2,12,1.000000
2317,236,237,-1,-1,87,11,15,3,2,5.000000,5.000000,33,8,0,5,0,5,1,-1,-1,0.000000
2318,236,237,-1,-1,160,10,17,3,2,2.000000,2.000000,30,12,0,1,0,1,1,-1,-1,0.000000
2319,236,-1,-1,-1,-1,0,-1,-1,-1,-1.000000,-1.000000,44,0,0,0,0,0,-1,-1,-1,0.000000
2320,236,-1,-1,-1,-1,0,-1,-1,-1,-1.000000,-1.000000,49,0,0,0,0,0,-1,-1,-1,0.000000
2321,236,237,-1,-1,406,11,16,3,4,3.000000,11.000000,19,7,0,6,0,6,1,-1,-1,0.000000
2322,236,237,-1,-1,11,8,27,3,2,3.000000,3.000000,29,10,0,3,0,3,1,-1,-1,0.000000
2323,237,238,248,-1,45,4,14,3,2,6.000000,6.000000,19,9,2,1,0,1,1,11,-1,0.105263
2324,237,238,-1,-1,47,3,11,3,4,6.000000,14.000000,30,9,0,3,0,3,1,-1,-1,0.000000
2325,237,238,-1,-1,262,7,14,3,2,4.000000,4.000000,13,6,0,6,0,6,1,-1,-1,0.000000
2326,237,238,-1,-1,277,7,8,3,4,0.000000,11.000000,14,11,0,1,0,1,1,-1,-1,0.000000
2327,237,238,241,-1,463,2,13,3,4,7.000000,13.000000,20,1,9,2,0,2,1,4,-1,0.450000
2328,237,-1,-1,-1,-1,0,-1,-1,-1,-1.000000,-1.000000,44,0,0,0,0,0,-1,-1,-1,0.000000
2329,237,238,-1,-1,530,1,12,3,4,2.000000,2.000000,11,2,0,0,0,0,1,-1,-1,0.000000
2330,237,238,250,-1,160,6,12,3,2,4.000000,4.000000,47,9,0,3,0,3,1,13,-1,0.000000
2331,237,238,-1,-1,57,7,15,3,4,13.000000,22.000000,27,5,0,7,0,7,1,-1,-1,0.000000
2332,237,238,-1,-1,244,8,11,3,4,1.000000,4.000000,30,9,0,3,0,3,1,-1,-1,0.000000
2333,237,238,241,-1,418,0,3,3,4,0.000000,9.000000,31,3,7,0,2,2,1,4,-1,0.225806
2334,238,-1,-1,-1,-1,0,-1,-1,-1,-1.000000,-1.000000,42,0,0,0,0,0,-1,-1,-1,0.000000
2335,238,239,-1,-1,109,9,12,3,4,2.000000,8.000000,27,8,0,3,0,3,1,-1,-1,0.000000
2336,238,239,243,-1,227,0,4,3,4,0.000000,7.000000,18,4,5,0,2,2,1,5,-1,0.277778
2337,238,239,241,-1,452,1,8,3,3,0.000000,3.000000,23,2,9,0,0,0,1,3,-1,0.391304
2338,238,-1,-1,-1,-1,0,-1,-1,-1,-1.000000,-1.000000,60,0,0,0,0,0,-1,-1,-1,0.000000
2339,238,-1,-1,-1,-1,0,-1,-1,-1,-1.000000,-1.000000,52,0,0,0,0,0,-1,-1,-1,0.000000
2340,238,239,-1,-1,329,9,23,3,2,0.000000,1.000000,47,8,0,3,0,3,1,-1,-1,0.000000
2341,238,239,-1,-1,519,10,22,3,4,4.000000,10.000000,27,8,0,3,0,3,1,-1,-1,0.000000
2342,238,239,-1,-1,102,3,9,3,4,3.000000,4.000000,26,1,0,10,0,10,1,-1,-1,0.000000
2343,238,239,244,-1,249,1,7,3,4,2.000000,5.000000,12,5,6,0,0,0,1,6,-1,0.500000
2344,238,-1,-1,-1,-1,0,-1,-1,-1,-1.000000,-1.000000,51,0,0,0,0,0,-1,-1,-1,0.000000
2345,239,-1,-1,-1,-1,0,-1,-1,-1,-1.000000,-1.000000,41,0,0,0,0,0,-1,-1,-1,0.000000
2346,239,240,-1,-1,579,8,12,3,4,5.000000,10.000000,32,5,0,5,0,5,1,-1,-1,0.000000
2347,239,240,-1,-1,336,8,16,3,2,1.000000,3.000000,44,10,0,0,0,0,1,-1,-1,0.000000
2348,239,240,-1,-1,282,3,5,3,4,0.000000,7.000000,19,8,0,2,0,2,1,-1,-1,0.000000
2349,239,240,246,-1,186,4,12,3,2,7.000000,7.000000,32,4,3,2,1,3,1,7,-1,0.093750
2350,239,240,-1,-1,369,5,3,3,4,0.000000,3.000000,14,9,0,1,0,1,1,-1,-1,0.000000
2351,240,241,-1,-1,226,9,20,3,2,1.000000,1.000000,33,7,0,2,0,2,1,-1,-1,0.000000
2352,240,241,-1,-1,125,4,12,3,4,3.000000,10.000000,18,7,0,2,0,2,1,-1,-1,0.000000
2353,240,-1,-1,-1,-1,0,-1,-1,-1,-1.000000,-1.000000,48,0,0,0,0,0,-1,-1,-1,0.000000
2354,240,241,-1,-1,303,8,14,3,2,2.000000,2.000000,35,6,0,3,0,3,1,-1,-1,0.000000
2355,240,241,-1,-1,110,6,4,3,4,3.000000,3.000000,45,8,0,1,0,1,1,-1,-1,0.000000
2356,240,241,-1,-1,145,7,14,3,2,3.000000,4.000000,21,7,0,2,0,2,1,-1,-1,0.000000
2357,240,241,-1,-1,185,4,10,3,2,1.000000,1.000000,38,7,0,2,0,2,1,-1,-1,0.000000
2358,240,241,-1,-1,343,6,8,3,3,2.000000,6.000000,25,3,0,6,0,6,1,-1,-1,0.000000
2359,240,241,-1,-1,57,7,11,3,4,14.000000,20.000000,17,6,0,3,0,3,1,-1,-1,0.000000
2360,240,-1,-1,-1,-1,0,-1,-1,-1,-1.000000,-1.000000,25,0,0,0,0,0,-1,-1,-1,0.000000
2361,241,242,-1,-1,579,8,13,3,2,5.000000,5.000000,33,6,0,2,0,2,1,-1,-1,0.000000
2362,241,242,-1,-1,312,3,15,3,4,3.000000,10.000000,32,7,0,1,0,1,1,-1,-1,0.000000
2363,241,-1,-1,-1,-1,0,-1,-1,-1,-1.000000,-1.000000,40,0,0,0,0,0,-1,-1,-1,0.000000
2364,241,242,250,-1,82,0,5,3,4,9.000000,9.000000,11,7,0,1,0,1,1,9,-1,0.000000
2365,242,243,-1,-1,114,2,9,3,2,0.000000,0.000000,19,7,0,0,0,0,1,-1,-1,0.000000
2366,242,243,-1,-1,350,6,16,3,2,3.000000,5.000000,29,3,0,4,0,4,1,-1,-1,0.000000
2367,243,244,-1,-1,448,3,6,3,4,0.000000,8.000000,39,5,0,1,0,1,1,-1,-1,0.000000
2368,243,250,250,-1,452,0,0,3,-1,-1.000000,-1.000000,28,0,0,0,0,0,7,7,-1,0.000000
2369,243,-1,-1,-1,-1,0,-1,-1,-1,-1.000000,-1.000000,57,0,0,0,0,0,-1,-1,-1,0.000000
2370,243,244,-1,-1,403,4,1,3,3,0.000000,0.000000,43,5,0,1,0,1,1,-1,-1,0.000000
2371,243,244,-1,-1,118,4,5,3,4,5.000000,5.000000,7,4,0,2,0,2,1,-1,-1,0.000000
2372,243,244,-1,-1,234,4,9,3,4,16.000000,16.000000,14,5,0,1,0,1,1,-1,-1,0.000000
2373,243,244,-1,-1,576,3,8,3,4,1.000000,9.000000,15,6,0,0,0,0,1,-1,-1,0.000000
2374,243,244,-1,-1,25,6,12,3,2,1.000000,1.000000,19,6,0,0,0,0,1,-1,-1,0.000000
2375,243,244,-1,-1,323,4,11,3,2,1.000000,1.000000,44,5,0,1,0,1,1,-1,-1,0.000000
2376,243,244,247,-1,437,2,15,3,2,9.000000,9.000000,36,1,3,2,0,2,1,4,-1,0.083333
2377,244,245,-1,-1,62,1,7,3,4,1.000000,6.000000,19,4,0,1,0,1,1,-1,-1,0.000000
2378,244,245,-1,-1,306,2,16,3,2,4.000000,4.000000,47,2,0,3,0,3,1,-1,-1,0.000000
2379,244,245,-1,-1,246,3,7,3,4,5.000000,7.000000,23,5,0,0,0,0,1,-1,-1,0.000000
2380,244,245,-1,-1,144,3,11,3,4,5.000000,20.000000,32,4,0,1,0,1,1,-1,-1,0.000000
2381,244,-1,-1,-1,-1,0,-1,-1,-1,-1.000000,-1.000000,17,0,0,0,0,0,-1,-1,-1,0.000000
2382,244,-1,-1,-1,-1,0,-1,-1,-1,-1.000000,-1.000000,41,0,0,0,0,0,-1,-1,-1,0.000000
2383,245,246,-1,-1,196,2,17,3,2,0.000000,0.000000,16,4,0,0,0,0,1,-1,-1,0.000000
2384,245,-1,-1,-1,-1,0,-1,-1,-1,-1.000000,-1.000000,53,0,0,0,0,0,-1,-1,-1,0.000000
2385,245,246,250,-1,90,0,4,3,4,1.000000,1.000000,12,4,0,0,0,0,1,5,-1,0.000000
2386,246,-1,-1,-1,-1,0,-1,-1,-1,-1.000000,-1.000000,41,0,0,0,0,0,-1,-1,-1,0.000000
2387,246,247,-1,-1,194,2,6,3,4,0.000000,10.000000,18,1,0,2,0,2,1,-1,-1,0.000000
2388,246,247,-1,-1,102,0,7,3,3,2.000000,3.000000,16,1,0,2,0,2,1,-1,-1,0.000000
2389,246,-1,-1,-1,-1,0,-1,-1,-1,-1.000000,-1.000000,41,0,0,0,0,0,-1,-1,-1,0.000000
2390,246,247,-1,-1,12,0,7,3,4,2.000000,2.000000,40,1,0,0,0,0,1,-1,-1,0.000000
2391,246,247,-1,-1,160,3,7,3,4,1.000000,2.000000,19,2,0,1,0,1,1,-1,-1,0.000000
2392,246,247,-1,-1,96,0,4,3,4,0.000000,3.000000,28,3,0,0,0,0,1,-1,-1,0.000000
2393,246,247,-1,-1,207,2,6,3,4,1.000000,10.000000,21,3,0,0,0,0,1,-1,-1,0.000000
2394,247,248,-1,-1,367,1,11,3,2,6.000000,6.000000,36,0,0,2,0,2,1,-1,-1,0.000000
2395,247,248,-1,-1,581,1,9,3,2,8.000000,8.000000,18,2,0,0,0,0,1,-1,-1,0.000000
2396,247,248,-1,-1,107,1,19,3,4,2.000000,6.000000,40,1,0,1,0,1,1,-1,-1,0.000000
2397,247,248,-1,-1,278,2,4,3,3,0.000000,6.000000,14,2,0,0,0,0,1,-1,-1,0.000000
2398,247,248,-1,-1,233,2,13,3,2,4.000000,4.000000,15,2,0,0,0,0,1,-1,-1,0.000000
2399,247,248,-1,-1,49,0,13,3,4,2.000000,4.000000,18,1,0,1,0,1,1,-1,-1,0.000000
2400,247,248,-1,-1,62,0,5,3,4,0.000000,3.000000,11,1,0,1,0,1,1,-1,-1,0.000000
2401,247,248,-1,-1,118,2,2,3,3,0.000000,0.000000,31,2,0,0,0,0,1,-1,-1,0.000000
2402,248,-1,-1,-1,-1,0,-1,-1,-1,-1.000000,-1.000000,21,0,0,0,0,0,-1,-1,-1,0.000000
2403,248,249,-1,-1,238,1,9,3,4,0.000000,7.000000,30,1,0,0,0,0,1,-1,-1,0.000000
2404,248,249,-1,-1,439,0,7,3,4,0.000000,4.000000,37,1,0,0,0,0,1,-1,-1,0.000000
2405,248,249,-1,-1,437,1,13,3,4,7.000000,19.000000,12,1,0,0,0,0,1,-1,-1,0.000000
2406,248,249,249,-1,371,0,0,3,-1,-1.000000,-1.000000,19,0,1,0,0,0,1,1,-1,0.052632
2407,248,-1,-1,-1,-1,0,-1,-1,-1,-1.000000,-1.000000,27,0,0,0,0,0,-1,-1,-1,0.000000
2408,248,249,-1,-1,207,1,5,3,4,0.000000,9.000000,30,1,0,0,0,0,1,-1,-1,0.000000
2409,248,-1,-1,-1,-1,0,-1,-1,-1,-1.000000,-1.000000,17,0,0,0,0,0,-1,-1,-1,0.000000
2410,248,249,-1,-1,160,1,8,3,2,1.000000,1.000000,15,1,0,0,0,0,1,-1,-1,0.000000
2411,248,249,-1,-1,434,0,12,3,4,10.000000,16.000000,42,0,0,1,0,1,1,-1,-1,0.000000
2412,248,249,-1,-1,516,1,5,3,4,10.000000,10.000000,25,1,0,0,0,0,1,-1,-1,0.000000
2413,248,249,-1,-1,501,1,13,3,2,1.000000,1.000000,20,1,0,0,0,0,1,-1,-1,0.000000
2414,249,250,-1,-1,125,0,17,3,2,3.000000,3.000000,37,0,0,0,0,0,1,-1,-1,0.000000
2415,249,-1,-1,-1,-1,0,-1,-1,-1,-1.000000,-1.000000,14,0,0,0,0,0,-1,-1,-1,0.000000
2416,249,250,-1,-1,116,0,13,3,2,3.000000,4.000000,20,0,0,0,0,0,1,-1,-1,0.000000
2417,249,250,250,-1,368,0,0,3,-1,-1.000000,-1.000000,18,0,0,0,0,0,1,1,-1,0.000000
2418,249,250,-1,-1,594,0,18,3,4,0.000000,6.000000,35,0,0,0,0,0,1,-1,-1,0.000000
2419,250,-1,-1,-1,-1,0,-1,-1,-1,-1.000000,-1.000000,29,0,0,0,0,0,-1,-1,-1,0.000000
2420,250,-1,-1,-1,-1,0,-1,-1,-1,-1.000000,-1.000000,41,0,0,0,0,0,-1,-1,-1,0.000000
2421,250,-1,-1,-1,-1,0,-1,-1,-1,-1.000000,-1.000000,19,0,0,0,0,0,-1,-1,-1,0.000000
2422,250,-1,-1,-1,-1,0,-1,-1,-1,-1.000000,-1.000000,32,0,0,0,0,0,-1,-1,-1,0.000000
2423,250,-1,-1,-1,-1,0,-1,-1,-1,-1.000000,-1.000000,36,0,0,0,0,0,-1,-1,-1,0.000000
2424,250,-1,-1,-1,-1,0,-1,-1,-1,-1.000000,-1.000000,31,0,0,0,0,0,-1,-1,-1,0.000000
2425,250,-1,-1,-1,-1,0,-1,-1,-1,-1.000000,-1.000000,21,0,0,0,0,0,-1,-1,-1,0.000000
2426,250,-1,-1,-1,-1,0,-1,-1,-1,-1.000000,-1.000000,48,0,0,0,0,0,-1,-1,-1,0.000000
