current timestep 0
num of flexible agents: 4000
num of flexible tasks: 6000
Solving time: 0.134479 seconds
plan limit 839
compute initial stop until 1328
current timestep 1
num of flexible agents: 3879
num of flexible tasks: 5879
Solving time: 0.115207 seconds
plan limit 860
compute initial stop until 2889
current timestep 2
num of flexible agents: 3793
num of flexible tasks: 5793
Solving time: 0.129268 seconds
plan limit 846
compute initial stop until 3828
current timestep 3
num of flexible agents: 3707
num of flexible tasks: 5707
Solving time: 0.116389 seconds
plan limit 859
current timestep 4
num of flexible agents: 3603
num of flexible tasks: 5603
Solving time: 0.114049 seconds
plan limit 861
current timestep 5
num of flexible agents: 3511
num of flexible tasks: 5511
Solving time: 0.127786 seconds
plan limit 846
current timestep 6
num of flexible agents: 3441
num of flexible tasks: 5441
Solving time: 0.116767 seconds
plan limit 858
current timestep 7
num of flexible agents: 3388
num of flexible tasks: 5388
Solving time: 0.108199 seconds
plan limit 867
current timestep 8
num of flexible agents: 3343
num of flexible tasks: 5343
Solving time: 0.108761 seconds
plan limit 866
current timestep 9
num of flexible agents: 3273
num of flexible tasks: 5273
Solving time: 0.120376 seconds
plan limit 855
current timestep 10
num of flexible agents: 3205
num of flexible tasks: 5205
Solving time: 0.117606 seconds
plan limit 858
current timestep 11
num of flexible agents: 3138
num of flexible tasks: 5138
Solving time: 0.115876 seconds
plan limit 858
current timestep 12
num of flexible agents: 3075
num of flexible tasks: 5075
Solving time: 0.113903 seconds
plan limit 860
current timestep 13
num of flexible agents: 3013
num of flexible tasks: 5013
Solving time: 0.119327 seconds
plan limit 855
current timestep 14
num of flexible agents: 2954
num of flexible tasks: 4954
Solving time: 0.113897 seconds
plan limit 860
current timestep 15
num of flexible agents: 2902
num of flexible tasks: 4902
Solving time: 0.104685 seconds
plan limit 870
current timestep 16
num of flexible agents: 2845
num of flexible tasks: 4845
Solving time: 0.11323 seconds
plan limit 861
current timestep 17
num of flexible agents: 2775
num of flexible tasks: 4775
Solving time: 0.104214 seconds
plan limit 871
current timestep 18
num of flexible agents: 2723
num of flexible tasks: 4723
Solving time: 0.0996409 seconds
plan limit 874
current timestep 19
num of flexible agents: 2659
num of flexible tasks: 4659
Solving time: 0.105038 seconds
plan limit 869
current timestep 20
num of flexible agents: 2609
num of flexible tasks: 4609
Solving time: 0.101537 seconds
plan limit 872
current timestep 21
num of flexible agents: 2546
num of flexible tasks: 4546
Solving time: 0.0957797 seconds
plan limit 878
current timestep 22
num of flexible agents: 2489
num of flexible tasks: 4489
Solving time: 0.0991321 seconds
plan limit 875
current timestep 23
num of flexible agents: 2436
num of flexible tasks: 4436
Solving time: 0.106723 seconds
plan limit 867
current timestep 24
num of flexible agents: 2382
num of flexible tasks: 4382
Solving time: 0.0982836 seconds
plan limit 875
current timestep 25
num of flexible agents: 2330
num of flexible tasks: 4330
Solving time: 0.0942793 seconds
plan limit 880
current timestep 26
num of flexible agents: 2282
num of flexible tasks: 4282
Solving time: 0.0925024 seconds
plan limit 882
current timestep 27
num of flexible agents: 2234
num of flexible tasks: 4234
Solving time: 0.0881098 seconds
plan limit 886
current timestep 28
num of flexible agents: 2190
num of flexible tasks: 4190
Solving time: 0.0943555 seconds
plan limit 879
current timestep 29
num of flexible agents: 2143
num of flexible tasks: 4143
Solving time: 0.0898649 seconds
plan limit 884
current timestep 30
num of flexible agents: 2087
num of flexible tasks: 4087
Solving time: 0.0982846 seconds
plan limit 876
current timestep 31
num of flexible agents: 2030
num of flexible tasks: 4030
Solving time: 0.0936087 seconds
plan limit 880
current timestep 32
num of flexible agents: 1988
num of flexible tasks: 3988
Solving time: 0.0836106 seconds
plan limit 890
current timestep 33
num of flexible agents: 1918
num of flexible tasks: 3918
Solving time: 0.0812652 seconds
plan limit 892
current timestep 34
num of flexible agents: 1871
num of flexible tasks: 3871
Solving time: 0.0882333 seconds
plan limit 885
current timestep 35
num of flexible agents: 1824
num of flexible tasks: 3824
Solving time: 0.0878078 seconds
plan limit 886
current timestep 36
num of flexible agents: 1783
num of flexible tasks: 3783
Solving time: 0.0745584 seconds
plan limit 899
current timestep 37
num of flexible agents: 1714
num of flexible tasks: 3714
Solving time: 0.0760618 seconds
plan limit 898
current timestep 38
num of flexible agents: 1664
num of flexible tasks: 3664
Solving time: 0.0839538 seconds
plan limit 889
current timestep 39
num of flexible agents: 1615
num of flexible tasks: 3615
Solving time: 0.0673994 seconds
plan limit 906
current timestep 40
num of flexible agents: 1571
num of flexible tasks: 3571
Solving time: 0.0635667 seconds
plan limit 910
current timestep 41
num of flexible agents: 1526
num of flexible tasks: 3526
Solving time: 0.0588796 seconds
plan limit 914
current timestep 42
num of flexible agents: 1478
num of flexible tasks: 3478
Solving time: 0.0598393 seconds
plan limit 913
current timestep 43
num of flexible agents: 1421
num of flexible tasks: 3421
Solving time: 0.0581664 seconds
plan limit 915
current timestep 44
num of flexible agents: 1365
num of flexible tasks: 3365
Solving time: 0.0570658 seconds
plan limit 916
current timestep 45
num of flexible agents: 1312
num of flexible tasks: 3312
Solving time: 0.0542642 seconds
plan limit 919
current timestep 46
num of flexible agents: 1273
num of flexible tasks: 3273
Solving time: 0.0647757 seconds
plan limit 908
current timestep 47
num of flexible agents: 1235
num of flexible tasks: 3235
Solving time: 0.0576724 seconds
plan limit 915
current timestep 48
num of flexible agents: 1188
num of flexible tasks: 3188
Solving time: 0.0580093 seconds
plan limit 915
current timestep 49
num of flexible agents: 1130
num of flexible tasks: 3130
Solving time: 0.0618002 seconds
plan limit 911
current timestep 50
num of flexible agents: 1088
num of flexible tasks: 3088
Solving time: 0.0617501 seconds
plan limit 911
current timestep 51
num of flexible agents: 1051
num of flexible tasks: 3051
Solving time: 0.0630202 seconds
plan limit 909
current timestep 52
num of flexible agents: 1012
num of flexible tasks: 3012
Solving time: 0.0553458 seconds
plan limit 917
current timestep 53
num of flexible agents: 976
num of flexible tasks: 2976
Solving time: 0.0559398 seconds
plan limit 917
current timestep 54
num of flexible agents: 936
num of flexible tasks: 2936
Solving time: 0.0593953 seconds
plan limit 913
current timestep 55
num of flexible agents: 898
num of flexible tasks: 2898
Solving time: 0.0608078 seconds
plan limit 912
current timestep 56
num of flexible agents: 867
num of flexible tasks: 2867
Solving time: 0.0567905 seconds
plan limit 915
current timestep 57
num of flexible agents: 832
num of flexible tasks: 2832
Solving time: 0.0634652 seconds
plan limit 909
current timestep 58
num of flexible agents: 786
num of flexible tasks: 2786
Solving time: 0.0633531 seconds
plan limit 909
current timestep 59
num of flexible agents: 746
num of flexible tasks: 2746
Solving time: 0.056139 seconds
plan limit 916
current timestep 60
num of flexible agents: 704
num of flexible tasks: 2704
Solving time: 0.0577034 seconds
plan limit 915
current timestep 61
num of flexible agents: 668
num of flexible tasks: 2668
Solving time: 0.0555983 seconds
plan limit 917
current timestep 62
num of flexible agents: 625
num of flexible tasks: 2625
Solving time: 0.0545524 seconds
plan limit 918
current timestep 63
num of flexible agents: 596
num of flexible tasks: 2596
Solving time: 0.0549898 seconds
plan limit 917
current timestep 64
num of flexible agents: 564
num of flexible tasks: 2564
Solving time: 0.0579303 seconds
plan limit 914
current timestep 65
num of flexible agents: 525
num of flexible tasks: 2525
Solving time: 0.0577965 seconds
plan limit 914
current timestep 66
num of flexible agents: 498
num of flexible tasks: 2498
Solving time: 0.0540017 seconds
plan limit 918
current timestep 67
num of flexible agents: 472
num of flexible tasks: 2472
Solving time: 0.0515902 seconds
plan limit 921
current timestep 68
num of flexible agents: 444
num of flexible tasks: 2444
Solving time: 0.07357 seconds
plan limit 899
current timestep 69
num of flexible agents: 417
num of flexible tasks: 2417
Solving time: 0.0702131 seconds
plan limit 902
current timestep 70
num of flexible agents: 397
num of flexible tasks: 2397
Solving time: 0.0656956 seconds
plan limit 906
current timestep 71
num of flexible agents: 361
num of flexible tasks: 2361
Solving time: 0.0666011 seconds
plan limit 905
current timestep 72
num of flexible agents: 333
num of flexible tasks: 2333
Solving time: 0.0709694 seconds
plan limit 901
current timestep 73
num of flexible agents: 314
num of flexible tasks: 2314
Solving time: 0.064158 seconds
plan limit 908
current timestep 74
num of flexible agents: 296
num of flexible tasks: 2296
Solving time: 0.0588434 seconds
plan limit 913
current timestep 75
num of flexible agents: 272
num of flexible tasks: 2272
Solving time: 0.0669489 seconds
plan limit 904
current timestep 76
num of flexible agents: 263
num of flexible tasks: 2263
Solving time: 0.0625797 seconds
plan limit 909
current timestep 77
num of flexible agents: 251
num of flexible tasks: 2251
Solving time: 0.0645833 seconds
plan limit 907
current timestep 78
num of flexible agents: 246
num of flexible tasks: 2246
Solving time: 0.0652783 seconds
plan limit 907
current timestep 79
num of flexible agents: 240
num of flexible tasks: 2240
Solving time: 0.0680076 seconds
plan limit 903
current timestep 80
num of flexible agents: 234
num of flexible tasks: 2234
Solving time: 0.0685583 seconds
plan limit 903
current timestep 81
num of flexible agents: 230
num of flexible tasks: 2230
Solving time: 0.0726141 seconds
plan limit 899
current timestep 82
num of flexible agents: 236
num of flexible tasks: 2236
Solving time: 0.0686783 seconds
plan limit 903
current timestep 83
num of flexible agents: 239
num of flexible tasks: 2239
Solving time: 0.0671623 seconds
plan limit 905
current timestep 84
num of flexible agents: 243
num of flexible tasks: 2243
Solving time: 0.0742037 seconds
plan limit 897
current timestep 85
num of flexible agents: 242
num of flexible tasks: 2242
Solving time: 0.0690292 seconds
plan limit 903
current timestep 86
num of flexible agents: 237
num of flexible tasks: 2237
Solving time: 0.0692832 seconds
plan limit 902
current timestep 87
num of flexible agents: 238
num of flexible tasks: 2238
Solving time: 0.0718406 seconds
plan limit 900
current timestep 88
num of flexible agents: 241
num of flexible tasks: 2241
Solving time: 0.0656032 seconds
plan limit 906
current timestep 89
num of flexible agents: 248
num of flexible tasks: 2248
Solving time: 0.0725259 seconds
plan limit 899
current timestep 90
num of flexible agents: 245
num of flexible tasks: 2245
Solving time: 0.0702328 seconds
plan limit 902
current timestep 91
num of flexible agents: 250
num of flexible tasks: 2250
Solving time: 0.0628746 seconds
plan limit 909
current timestep 92
num of flexible agents: 250
num of flexible tasks: 2250
Solving time: 0.0634188 seconds
plan limit 908
current timestep 93
num of flexible agents: 255
num of flexible tasks: 2255
Solving time: 0.0732027 seconds
plan limit 899
current timestep 94
num of flexible agents: 248
num of flexible tasks: 2248
Solving time: 0.0607366 seconds
plan limit 911
current timestep 95
num of flexible agents: 245
num of flexible tasks: 2245
Solving time: 0.0659337 seconds
plan limit 906
current timestep 96
num of flexible agents: 244
num of flexible tasks: 2244
Solving time: 0.0686097 seconds
plan limit 903
current timestep 97
num of flexible agents: 243
num of flexible tasks: 2243
Solving time: 0.0626148 seconds
plan limit 910
current timestep 98
num of flexible agents: 246
num of flexible tasks: 2246
Solving time: 0.0655551 seconds
plan limit 907
current timestep 99
num of flexible agents: 256
num of flexible tasks: 2256
Solving time: 0.0634153 seconds
plan limit 908
current timestep 100
num of flexible agents: 257
num of flexible tasks: 2257
Solving time: 0.0673084 seconds
plan limit 904
current timestep 101
num of flexible agents: 257
num of flexible tasks: 2257
Solving time: 0.0700277 seconds
plan limit 902
current timestep 102
num of flexible agents: 260
num of flexible tasks: 2260
Solving time: 0.0770311 seconds
plan limit 895
current timestep 103
num of flexible agents: 264
num of flexible tasks: 2264
Solving time: 0.0714783 seconds
plan limit 900
current timestep 104
num of flexible agents: 266
num of flexible tasks: 2266
Solving time: 0.0683245 seconds
plan limit 903
current timestep 105
num of flexible agents: 271
num of flexible tasks: 2271
Solving time: 0.0706232 seconds
plan limit 901
current timestep 106
num of flexible agents: 268
num of flexible tasks: 2268
Solving time: 0.0680458 seconds
plan limit 903
current timestep 107
num of flexible agents: 271
num of flexible tasks: 2271
Solving time: 0.0697199 seconds
plan limit 903
current timestep 108
num of flexible agents: 271
num of flexible tasks: 2271
Solving time: 0.0678135 seconds
plan limit 904
current timestep 109
num of flexible agents: 278
num of flexible tasks: 2278
Solving time: 0.0692484 seconds
plan limit 904
current timestep 110
num of flexible agents: 273
num of flexible tasks: 2273
Solving time: 0.0759243 seconds
plan limit 896
current timestep 111
num of flexible agents: 278
num of flexible tasks: 2278
Solving time: 0.0796668 seconds
plan limit 892
current timestep 112
num of flexible agents: 281
num of flexible tasks: 2281
Solving time: 0.0711703 seconds
plan limit 902
current timestep 113
num of flexible agents: 280
num of flexible tasks: 2280
Solving time: 0.0730047 seconds
plan limit 900
current timestep 114
num of flexible agents: 291
num of flexible tasks: 2291
Solving time: 0.068406 seconds
plan limit 905
current timestep 115
num of flexible agents: 293
num of flexible tasks: 2293
Solving time: 0.0742748 seconds
plan limit 899
current timestep 116
num of flexible agents: 291
num of flexible tasks: 2291
Solving time: 0.0677801 seconds
plan limit 906
current timestep 117
num of flexible agents: 303
num of flexible tasks: 2303
Solving time: 0.0771096 seconds
plan limit 896
current timestep 118
num of flexible agents: 299
num of flexible tasks: 2299
Solving time: 0.0707058 seconds
plan limit 902
current timestep 119
num of flexible agents: 299
num of flexible tasks: 2299
Solving time: 0.0760096 seconds
plan limit 897
current timestep 120
num of flexible agents: 305
num of flexible tasks: 2305
Solving time: 0.0765086 seconds
plan limit 897
current timestep 121
num of flexible agents: 305
num of flexible tasks: 2305
Solving time: 0.069578 seconds
plan limit 904
current timestep 122
num of flexible agents: 312
num of flexible tasks: 2312
Solving time: 0.0709887 seconds
plan limit 902
current timestep 123
num of flexible agents: 321
num of flexible tasks: 2321
Solving time: 0.0693357 seconds
plan limit 904
current timestep 124
num of flexible agents: 324
num of flexible tasks: 2324
Solving time: 0.0769488 seconds
plan limit 896
current timestep 125
num of flexible agents: 335
num of flexible tasks: 2335
Solving time: 0.0688209 seconds
plan limit 905
current timestep 126
num of flexible agents: 337
num of flexible tasks: 2337
Solving time: 0.0700123 seconds
plan limit 903
current timestep 127
num of flexible agents: 345
num of flexible tasks: 2345
Solving time: 0.0715801 seconds
plan limit 902
current timestep 128
num of flexible agents: 343
num of flexible tasks: 2343
Solving time: 0.0693358 seconds
plan limit 904
current timestep 129
num of flexible agents: 354
num of flexible tasks: 2354
Solving time: 0.0738334 seconds
plan limit 900
current timestep 130
num of flexible agents: 360
num of flexible tasks: 2360
Solving time: 0.0702702 seconds
plan limit 903
current timestep 131
num of flexible agents: 372
num of flexible tasks: 2372
Solving time: 0.0776938 seconds
plan limit 896
current timestep 132
num of flexible agents: 381
num of flexible tasks: 2381
Solving time: 0.0698846 seconds
plan limit 903
current timestep 133
num of flexible agents: 381
num of flexible tasks: 2381
Solving time: 0.0699083 seconds
plan limit 903
current timestep 134
num of flexible agents: 385
num of flexible tasks: 2385
Solving time: 0.0708807 seconds
plan limit 902
current timestep 135
num of flexible agents: 384
num of flexible tasks: 2384
Solving time: 0.069068 seconds
plan limit 904
current timestep 136
num of flexible agents: 392
num of flexible tasks: 2392
Solving time: 0.0682808 seconds
plan limit 905
current timestep 137
num of flexible agents: 396
num of flexible tasks: 2396
Solving time: 0.068943 seconds
plan limit 905
current timestep 138
num of flexible agents: 399
num of flexible tasks: 2399
Solving time: 0.0751834 seconds
plan limit 898
current timestep 139
num of flexible agents: 396
num of flexible tasks: 2396
Solving time: 0.0705767 seconds
plan limit 903
current timestep 140
num of flexible agents: 406
num of flexible tasks: 2406
Solving time: 0.0764028 seconds
plan limit 897
current timestep 141
num of flexible agents: 407
num of flexible tasks: 2407
Solving time: 0.0735746 seconds
plan limit 900
current timestep 142
num of flexible agents: 410
num of flexible tasks: 2410
Solving time: 0.0700529 seconds
plan limit 903
current timestep 143
num of flexible agents: 411
num of flexible tasks: 2411
Solving time: 0.0723739 seconds
plan limit 901
current timestep 144
num of flexible agents: 414
num of flexible tasks: 2414
Solving time: 0.0708669 seconds
plan limit 902
current timestep 145
num of flexible agents: 412
num of flexible tasks: 2412
Solving time: 0.0772894 seconds
plan limit 896
current timestep 146
num of flexible agents: 414
num of flexible tasks: 2414
Solving time: 0.0712329 seconds
plan limit 902
current timestep 147
num of flexible agents: 414
num of flexible tasks: 2414
Solving time: 0.0728877 seconds
plan limit 901
current timestep 148
num of flexible agents: 414
num of flexible tasks: 2414
Solving time: 0.0728734 seconds
plan limit 901
current timestep 149
num of flexible agents: 421
num of flexible tasks: 2421
Solving time: 0.0719009 seconds
plan limit 902
current timestep 150
num of flexible agents: 416
num of flexible tasks: 2416
Solving time: 0.0721824 seconds
plan limit 901
current timestep 151
num of flexible agents: 432
num of flexible tasks: 2432
Solving time: 0.0714744 seconds
plan limit 902
current timestep 152
num of flexible agents: 443
num of flexible tasks: 2443
Solving time: 0.0793753 seconds
plan limit 894
current timestep 153
num of flexible agents: 453
num of flexible tasks: 2453
Solving time: 0.0726979 seconds
plan limit 901
current timestep 154
num of flexible agents: 452
num of flexible tasks: 2452
Solving time: 0.0732659 seconds
plan limit 900
current timestep 155
num of flexible agents: 462
num of flexible tasks: 2462
Solving time: 0.0743465 seconds
plan limit 899
current timestep 156
num of flexible agents: 467
num of flexible tasks: 2467
Solving time: 0.0735983 seconds
plan limit 900
current timestep 157
num of flexible agents: 475
num of flexible tasks: 2475
Solving time: 0.0737232 seconds
plan limit 900
current timestep 158
num of flexible agents: 479
num of flexible tasks: 2479
Solving time: 0.0720753 seconds
plan limit 901
current timestep 159
num of flexible agents: 475
num of flexible tasks: 2475
Solving time: 0.0776427 seconds
plan limit 896
current timestep 160
num of flexible agents: 477
num of flexible tasks: 2477
Solving time: 0.0749755 seconds
plan limit 898
current timestep 161
num of flexible agents: 474
num of flexible tasks: 2474
Solving time: 0.0782773 seconds
plan limit 895
current timestep 162
num of flexible agents: 479
num of flexible tasks: 2479
Solving time: 0.0812477 seconds
plan limit 892
current timestep 163
num of flexible agents: 480
num of flexible tasks: 2480
Solving time: 0.0742968 seconds
plan limit 899
current timestep 164
num of flexible agents: 474
num of flexible tasks: 2474
Solving time: 0.0734196 seconds
plan limit 900
current timestep 165
num of flexible agents: 471
num of flexible tasks: 2471
Solving time: 0.0745728 seconds
plan limit 899
current timestep 166
num of flexible agents: 469
num of flexible tasks: 2469
Solving time: 0.0775001 seconds
plan limit 896
current timestep 167
num of flexible agents: 474
num of flexible tasks: 2474
Solving time: 0.0732824 seconds
plan limit 900
current timestep 168
num of flexible agents: 477
num of flexible tasks: 2477
Solving time: 0.074082 seconds
plan limit 900
current timestep 169
num of flexible agents: 487
num of flexible tasks: 2487
Solving time: 0.076349 seconds
plan limit 897
current timestep 170
num of flexible agents: 488
num of flexible tasks: 2488
Solving time: 0.0736795 seconds
plan limit 900
current timestep 171
num of flexible agents: 490
num of flexible tasks: 2490
Solving time: 0.0713113 seconds
plan limit 902
current timestep 172
num of flexible agents: 483
num of flexible tasks: 2483
Solving time: 0.0731176 seconds
plan limit 900
current timestep 173
num of flexible agents: 479
num of flexible tasks: 2479
Solving time: 0.0773929 seconds
plan limit 896
current timestep 174
num of flexible agents: 466
num of flexible tasks: 2466
Solving time: 0.0707534 seconds
plan limit 903
current timestep 175
num of flexible agents: 464
num of flexible tasks: 2464
Solving time: 0.0717867 seconds
plan limit 902
current timestep 176
num of flexible agents: 463
num of flexible tasks: 2463
Solving time: 0.0762495 seconds
plan limit 897
current timestep 177
num of flexible agents: 470
num of flexible tasks: 2470
Solving time: 0.0770466 seconds
plan limit 896
current timestep 178
num of flexible agents: 467
num of flexible tasks: 2467
Solving time: 0.0727378 seconds
plan limit 901
current timestep 179
num of flexible agents: 465
num of flexible tasks: 2465
Solving time: 0.0735264 seconds
plan limit 900
current timestep 180
num of flexible agents: 458
num of flexible tasks: 2458
Solving time: 0.0787036 seconds
plan limit 895
current timestep 181
num of flexible agents: 460
num of flexible tasks: 2460
Solving time: 0.0719082 seconds
plan limit 902
current timestep 182
num of flexible agents: 454
num of flexible tasks: 2454
Solving time: 0.0757593 seconds
plan limit 898
current timestep 183
num of flexible agents: 453
num of flexible tasks: 2453
Solving time: 0.0797593 seconds
plan limit 894
current timestep 184
num of flexible agents: 454
num of flexible tasks: 2454
Solving time: 0.0736133 seconds
plan limit 899
current timestep 185
num of flexible agents: 457
num of flexible tasks: 2457
Solving time: 0.0743394 seconds
plan limit 899
current timestep 186
num of flexible agents: 459
num of flexible tasks: 2459
Solving time: 0.0750711 seconds
plan limit 898
current timestep 187
num of flexible agents: 463
num of flexible tasks: 2463
Solving time: 0.0793746 seconds
plan limit 894
current timestep 188
num of flexible agents: 459
num of flexible tasks: 2459
Solving time: 0.0774781 seconds
plan limit 896
current timestep 189
num of flexible agents: 462
num of flexible tasks: 2462
Solving time: 0.0763263 seconds
plan limit 895
current timestep 190
num of flexible agents: 448
num of flexible tasks: 2448
Solving time: 0.0796583 seconds
plan limit 892
current timestep 191
num of flexible agents: 455
num of flexible tasks: 2455
Solving time: 0.0773445 seconds
plan limit 895
current timestep 192
num of flexible agents: 453
num of flexible tasks: 2453
Solving time: 0.0747745 seconds
plan limit 898
current timestep 193
num of flexible agents: 454
num of flexible tasks: 2454
Solving time: 0.071832 seconds
plan limit 900
current timestep 194
num of flexible agents: 467
num of flexible tasks: 2467
Solving time: 0.0791661 seconds
plan limit 893
current timestep 195
num of flexible agents: 471
num of flexible tasks: 2471
Solving time: 0.0772348 seconds
plan limit 895
current timestep 196
num of flexible agents: 466
num of flexible tasks: 2466
Solving time: 0.0810502 seconds
plan limit 891
current timestep 197
num of flexible agents: 473
num of flexible tasks: 2473
Solving time: 0.0833492 seconds
plan limit 889
current timestep 198
num of flexible agents: 474
num of flexible tasks: 2474
Solving time: 0.0786461 seconds
plan limit 893
current timestep 199
num of flexible agents: 474
num of flexible tasks: 2474
Solving time: 0.0799079 seconds
plan limit 892
current timestep 200
num of flexible agents: 468
num of flexible tasks: 2468
Solving time: 0.0776469 seconds
plan limit 894
current timestep 201
num of flexible agents: 473
num of flexible tasks: 2473
Solving time: 0.0805723 seconds
plan limit 891
current timestep 202
num of flexible agents: 472
num of flexible tasks: 2472
Solving time: 0.0768246 seconds
plan limit 895
current timestep 203
num of flexible agents: 464
num of flexible tasks: 2464
Solving time: 0.0746214 seconds
plan limit 897
current timestep 204
num of flexible agents: 472
num of flexible tasks: 2472
Solving time: 0.0832515 seconds
plan limit 889
current timestep 205
num of flexible agents: 468
num of flexible tasks: 2468
Solving time: 0.0797769 seconds
plan limit 892
current timestep 206
num of flexible agents: 473
num of flexible tasks: 2473
Solving time: 0.075848 seconds
plan limit 896
current timestep 207
num of flexible agents: 479
num of flexible tasks: 2479
Solving time: 0.076691 seconds
plan limit 895
current timestep 208
num of flexible agents: 474
num of flexible tasks: 2474
Solving time: 0.0777602 seconds
plan limit 895
current timestep 209
num of flexible agents: 482
num of flexible tasks: 2482
Solving time: 0.0746443 seconds
plan limit 898
current timestep 210
num of flexible agents: 483
num of flexible tasks: 2483
Solving time: 0.073486 seconds
plan limit 899
current timestep 211
num of flexible agents: 479
num of flexible tasks: 2479
Solving time: 0.0802563 seconds
plan limit 891
current timestep 212
num of flexible agents: 483
num of flexible tasks: 2483
Solving time: 0.0760676 seconds
plan limit 896
current timestep 213
num of flexible agents: 482
num of flexible tasks: 2482
Solving time: 0.0770452 seconds
plan limit 895
current timestep 214
num of flexible agents: 481
num of flexible tasks: 2481
Solving time: 0.0757589 seconds
plan limit 896
current timestep 215
num of flexible agents: 466
num of flexible tasks: 2466
Solving time: 0.084968 seconds
plan limit 887
current timestep 216
num of flexible agents: 462
num of flexible tasks: 2462
Solving time: 0.0841326 seconds
plan limit 888
current timestep 217
num of flexible agents: 461
num of flexible tasks: 2461
Solving time: 0.0837999 seconds
plan limit 888
current timestep 218
num of flexible agents: 464
num of flexible tasks: 2464
Solving time: 0.0853665 seconds
plan limit 887
current timestep 219
num of flexible agents: 463
num of flexible tasks: 2463
Solving time: 0.0819705 seconds
plan limit 890
current timestep 220
num of flexible agents: 456
num of flexible tasks: 2456
Solving time: 0.084359 seconds
plan limit 887
current timestep 221
num of flexible agents: 452
num of flexible tasks: 2452
Solving time: 0.0903125 seconds
plan limit 881
current timestep 222
num of flexible agents: 455
num of flexible tasks: 2455
Solving time: 0.0963083 seconds
plan limit 875
current timestep 223
num of flexible agents: 456
num of flexible tasks: 2456
Solving time: 0.0873439 seconds
plan limit 885
current timestep 224
num of flexible agents: 457
num of flexible tasks: 2457
Solving time: 0.0881985 seconds
plan limit 884
current timestep 225
num of flexible agents: 463
num of flexible tasks: 2463
Solving time: 0.0939696 seconds
plan limit 878
current timestep 226
num of flexible agents: 462
num of flexible tasks: 2462
Solving time: 0.0932719 seconds
plan limit 879
current timestep 227
num of flexible agents: 472
num of flexible tasks: 2472
Solving time: 0.0910588 seconds
plan limit 881
current timestep 228
num of flexible agents: 480
num of flexible tasks: 2480
Solving time: 0.0947565 seconds
plan limit 877
current timestep 229
num of flexible agents: 490
num of flexible tasks: 2490
Solving time: 0.119201 seconds
plan limit 852
current timestep 230
num of flexible agents: 482
num of flexible tasks: 2482
Solving time: 0.101757 seconds
plan limit 870
current timestep 231
num of flexible agents: 483
num of flexible tasks: 2483
Solving time: 0.0919782 seconds
plan limit 880
current timestep 232
num of flexible agents: 489
num of flexible tasks: 2489
Solving time: 0.114915 seconds
plan limit 857
current timestep 233
num of flexible agents: 493
num of flexible tasks: 2493
Solving time: 0.104893 seconds
plan limit 868
current timestep 234
num of flexible agents: 494
num of flexible tasks: 2494
Solving time: 0.123175 seconds
plan limit 849
current timestep 235
num of flexible agents: 491
num of flexible tasks: 2491
Solving time: 0.127287 seconds
plan limit 845
current timestep 236
num of flexible agents: 489
num of flexible tasks: 2489
Solving time: 0.127031 seconds
plan limit 844
current timestep 237
num of flexible agents: 495
num of flexible tasks: 2495
Solving time: 0.127824 seconds
plan limit 844
current timestep 238
num of flexible agents: 499
num of flexible tasks: 2499
Solving time: 0.131462 seconds
plan limit 841
current timestep 239
num of flexible agents: 507
num of flexible tasks: 2507
Solving time: 0.135275 seconds
plan limit 837
current timestep 240
num of flexible agents: 508
num of flexible tasks: 2508
Solving time: 0.132863 seconds
plan limit 839
current timestep 241
num of flexible agents: 510
num of flexible tasks: 2510
Solving time: 0.130424 seconds
plan limit 841
current timestep 242
num of flexible agents: 507
num of flexible tasks: 2507
Solving time: 0.136 seconds
plan limit 836
current timestep 243
num of flexible agents: 508
num of flexible tasks: 2508
Solving time: 0.149883 seconds
plan limit 822
current timestep 244
num of flexible agents: 512
num of flexible tasks: 2512
Solving time: 0.128739 seconds
plan limit 843
current timestep 245
num of flexible agents: 513
num of flexible tasks: 2513
Solving time: 0.136008 seconds
plan limit 836
current timestep 246
num of flexible agents: 509
num of flexible tasks: 2509
Solving time: 0.130887 seconds
plan limit 841
current timestep 247
num of flexible agents: 519
num of flexible tasks: 2519
Solving time: 0.134056 seconds
plan limit 838
current timestep 248
num of flexible agents: 521
num of flexible tasks: 2521
Solving time: 0.1351 seconds
plan limit 836
current timestep 249
num of flexible agents: 523
num of flexible tasks: 2523
Solving time: 0.130934 seconds
plan limit 840
current timestep 250
num of flexible agents: 525
num of flexible tasks: 2525
Solving time: 0.138006 seconds
plan limit 833
current timestep 251
num of flexible agents: 533
num of flexible tasks: 2533
Solving time: 0.12851 seconds
plan limit 843
current timestep 252
num of flexible agents: 542
num of flexible tasks: 2542
Solving time: 0.127534 seconds
plan limit 845
current timestep 253
num of flexible agents: 548
num of flexible tasks: 2548
Solving time: 0.138931 seconds
plan limit 833
current timestep 254
num of flexible agents: 545
num of flexible tasks: 2545
Solving time: 0.128076 seconds
plan limit 844
current timestep 255
num of flexible agents: 550
num of flexible tasks: 2550
Solving time: 0.122855 seconds
plan limit 849
current timestep 256
num of flexible agents: 567
num of flexible tasks: 2567
Solving time: 0.130026 seconds
plan limit 842
current timestep 257
num of flexible agents: 566
num of flexible tasks: 2566
Solving time: 0.128862 seconds
plan limit 842
current timestep 258
num of flexible agents: 570
num of flexible tasks: 2570
Solving time: 0.139269 seconds
plan limit 833
current timestep 259
num of flexible agents: 574
num of flexible tasks: 2574
Solving time: 0.135237 seconds
plan limit 837
current timestep 260
num of flexible agents: 577
num of flexible tasks: 2577
Solving time: 0.142605 seconds
plan limit 829
current timestep 261
num of flexible agents: 579
num of flexible tasks: 2579
Solving time: 0.129576 seconds
plan limit 842
current timestep 262
num of flexible agents: 587
num of flexible tasks: 2587
Solving time: 0.132814 seconds
plan limit 839
current timestep 263
num of flexible agents: 593
num of flexible tasks: 2593
Solving time: 0.132646 seconds
plan limit 839
current timestep 264
num of flexible agents: 601
num of flexible tasks: 2601
Solving time: 0.133915 seconds
plan limit 838
current timestep 265
num of flexible agents: 602
num of flexible tasks: 2602
Solving time: 0.140437 seconds
plan limit 831
current timestep 266
num of flexible agents: 604
num of flexible tasks: 2604
Solving time: 0.131819 seconds
plan limit 840
current timestep 267
num of flexible agents: 611
num of flexible tasks: 2611
Solving time: 0.135351 seconds
plan limit 836
current timestep 268
num of flexible agents: 611
num of flexible tasks: 2611
Solving time: 0.130424 seconds
plan limit 841
current timestep 269
num of flexible agents: 610
num of flexible tasks: 2610
Solving time: 0.129515 seconds
plan limit 842
current timestep 270
num of flexible agents: 609
num of flexible tasks: 2609
Solving time: 0.140509 seconds
plan limit 831
current timestep 271
num of flexible agents: 611
num of flexible tasks: 2611
Solving time: 0.130417 seconds
plan limit 841
current timestep 272
num of flexible agents: 621
num of flexible tasks: 2621
Solving time: 0.126357 seconds
plan limit 845
current timestep 273
num of flexible agents: 631
num of flexible tasks: 2631
Solving time: 0.129902 seconds
plan limit 842
current timestep 274
num of flexible agents: 630
num of flexible tasks: 2630
Solving time: 0.142359 seconds
plan limit 830
current timestep 275
num of flexible agents: 639
num of flexible tasks: 2639
Solving time: 0.132598 seconds
plan limit 839
current timestep 276
num of flexible agents: 650
num of flexible tasks: 2650
Solving time: 0.139255 seconds
plan limit 833
current timestep 277
num of flexible agents: 655
num of flexible tasks: 2655
Solving time: 0.131409 seconds
plan limit 841
current timestep 278
num of flexible agents: 649
num of flexible tasks: 2649
Solving time: 0.132078 seconds
plan limit 839
current timestep 279
num of flexible agents: 652
num of flexible tasks: 2652
Solving time: 0.130345 seconds
plan limit 841
current timestep 280
num of flexible agents: 646
num of flexible tasks: 2646
Solving time: 0.132691 seconds
plan limit 839
current timestep 281
num of flexible agents: 652
num of flexible tasks: 2652
Solving time: 0.143289 seconds
plan limit 829
current timestep 282
num of flexible agents: 660
num of flexible tasks: 2660
Solving time: 0.131628 seconds
plan limit 840
current timestep 283
num of flexible agents: 667
num of flexible tasks: 2667
Solving time: 0.138321 seconds
plan limit 833
current timestep 284
num of flexible agents: 671
num of flexible tasks: 2671
Solving time: 0.141477 seconds
plan limit 830
current timestep 285
num of flexible agents: 673
num of flexible tasks: 2673
Solving time: 0.14673 seconds
plan limit 825
current timestep 286
num of flexible agents: 670
num of flexible tasks: 2670
Solving time: 0.139673 seconds
plan limit 832
current timestep 287
num of flexible agents: 680
num of flexible tasks: 2680
Solving time: 0.133574 seconds
plan limit 838
current timestep 288
num of flexible agents: 686
num of flexible tasks: 2686
Solving time: 0.149734 seconds
plan limit 822
current timestep 289
num of flexible agents: 692
num of flexible tasks: 2692
Solving time: 0.145298 seconds
plan limit 826
current timestep 290
num of flexible agents: 693
num of flexible tasks: 2693
Solving time: 0.136188 seconds
plan limit 835
current timestep 291
num of flexible agents: 703
num of flexible tasks: 2703
Solving time: 0.138537 seconds
plan limit 833
current timestep 292
num of flexible agents: 700
num of flexible tasks: 2700
Solving time: 0.14909 seconds
plan limit 823
current timestep 293
num of flexible agents: 695
num of flexible tasks: 2695
Solving time: 0.143903 seconds
plan limit 827
current timestep 294
num of flexible agents: 693
num of flexible tasks: 2693
Solving time: 0.139108 seconds
plan limit 833
current timestep 295
num of flexible agents: 692
num of flexible tasks: 2692
Solving time: 0.146797 seconds
plan limit 825
current timestep 296
num of flexible agents: 691
num of flexible tasks: 2691
Solving time: 0.13828 seconds
plan limit 833
current timestep 297
num of flexible agents: 695
num of flexible tasks: 2695
Solving time: 0.134585 seconds
plan limit 838
current timestep 298
num of flexible agents: 706
num of flexible tasks: 2706
Solving time: 0.137815 seconds
plan limit 834
current timestep 299
num of flexible agents: 705
num of flexible tasks: 2705
Solving time: 0.141589 seconds
plan limit 830
current timestep 300
num of flexible agents: 717
num of flexible tasks: 2717
Solving time: 0.131407 seconds
plan limit 840
current timestep 301
num of flexible agents: 724
num of flexible tasks: 2724
Solving time: 0.137934 seconds
plan limit 834
current timestep 302
num of flexible agents: 732
num of flexible tasks: 2732
Solving time: 0.154058 seconds
plan limit 818
current timestep 303
num of flexible agents: 734
num of flexible tasks: 2734
Solving time: 0.138948 seconds
plan limit 833
current timestep 304
num of flexible agents: 740
num of flexible tasks: 2740
Solving time: 0.138324 seconds
plan limit 833
current timestep 305
num of flexible agents: 731
num of flexible tasks: 2731
Solving time: 0.143098 seconds
plan limit 829
current timestep 306
num of flexible agents: 737
num of flexible tasks: 2737
Solving time: 0.150727 seconds
plan limit 821
current timestep 307
num of flexible agents: 731
num of flexible tasks: 2731
Solving time: 0.147878 seconds
plan limit 824
current timestep 308
num of flexible agents: 743
num of flexible tasks: 2743
Solving time: 0.138407 seconds
plan limit 833
current timestep 309
num of flexible agents: 753
num of flexible tasks: 2753
Solving time: 0.149532 seconds
plan limit 822
current timestep 310
num of flexible agents: 757
num of flexible tasks: 2757
Solving time: 0.14329 seconds
plan limit 829
current timestep 311
num of flexible agents: 762
num of flexible tasks: 2762
Solving time: 0.1462 seconds
plan limit 825
current timestep 312
num of flexible agents: 773
num of flexible tasks: 2773
Solving time: 0.142034 seconds
plan limit 829
current timestep 313
num of flexible agents: 774
num of flexible tasks: 2774
Solving time: 0.152096 seconds
plan limit 820
current timestep 314
num of flexible agents: 775
num of flexible tasks: 2775
Solving time: 0.148068 seconds
plan limit 824
current timestep 315
num of flexible agents: 770
num of flexible tasks: 2770
Solving time: 0.144933 seconds
plan limit 827
current timestep 316
num of flexible agents: 779
num of flexible tasks: 2779
Solving time: 0.147591 seconds
plan limit 824
current timestep 317
num of flexible agents: 780
num of flexible tasks: 2780
Solving time: 0.144503 seconds
plan limit 827
current timestep 318
num of flexible agents: 774
num of flexible tasks: 2774
Solving time: 0.138285 seconds
plan limit 833
current timestep 319
num of flexible agents: 773
num of flexible tasks: 2773
Solving time: 0.143227 seconds
plan limit 828
current timestep 320
num of flexible agents: 767
num of flexible tasks: 2767
Solving time: 0.16344 seconds
plan limit 808
current timestep 321
num of flexible agents: 769
num of flexible tasks: 2769
Solving time: 0.147853 seconds
plan limit 824
current timestep 322
num of flexible agents: 766
num of flexible tasks: 2766
Solving time: 0.152467 seconds
plan limit 819
current timestep 323
num of flexible agents: 779
num of flexible tasks: 2779
Solving time: 0.168605 seconds
plan limit 803
current timestep 324
num of flexible agents: 787
num of flexible tasks: 2787
Solving time: 0.146504 seconds
plan limit 825
current timestep 325
num of flexible agents: 787
num of flexible tasks: 2787
Solving time: 0.148054 seconds
plan limit 823
current timestep 326
num of flexible agents: 786
num of flexible tasks: 2786
Solving time: 0.140315 seconds
plan limit 831
current timestep 327
num of flexible agents: 787
num of flexible tasks: 2787
Solving time: 0.142726 seconds
plan limit 829
current timestep 328
num of flexible agents: 779
num of flexible tasks: 2779
Solving time: 0.144426 seconds
plan limit 827
current timestep 329
num of flexible agents: 786
num of flexible tasks: 2786
Solving time: 0.149812 seconds
plan limit 822
current timestep 330
num of flexible agents: 774
num of flexible tasks: 2774
Solving time: 0.144707 seconds
plan limit 827
current timestep 331
num of flexible agents: 772
num of flexible tasks: 2772
Solving time: 0.141002 seconds
plan limit 831
current timestep 332
num of flexible agents: 777
num of flexible tasks: 2777
Solving time: 0.147463 seconds
plan limit 824
current timestep 333
num of flexible agents: 772
num of flexible tasks: 2772
Solving time: 0.140815 seconds
plan limit 830
current timestep 334
num of flexible agents: 779
num of flexible tasks: 2779
Solving time: 0.139571 seconds
plan limit 832
current timestep 335
num of flexible agents: 775
num of flexible tasks: 2775
Solving time: 0.156081 seconds
plan limit 816
current timestep 336
num of flexible agents: 782
num of flexible tasks: 2782
Solving time: 0.150501 seconds
plan limit 821
current timestep 337
num of flexible agents: 792
num of flexible tasks: 2792
Solving time: 0.142496 seconds
plan limit 829
current timestep 338
num of flexible agents: 792
num of flexible tasks: 2792
Solving time: 0.15317 seconds
plan limit 818
current timestep 339
num of flexible agents: 793
num of flexible tasks: 2793
Solving time: 0.148789 seconds
plan limit 823
current timestep 340
num of flexible agents: 803
num of flexible tasks: 2803
Solving time: 0.153864 seconds
plan limit 818
current timestep 341
num of flexible agents: 807
num of flexible tasks: 2807
Solving time: 0.162337 seconds
plan limit 811
current timestep 342
num of flexible agents: 803
num of flexible tasks: 2803
Solving time: 0.15193 seconds
plan limit 821
current timestep 343
num of flexible agents: 808
num of flexible tasks: 2808
Solving time: 0.143081 seconds
plan limit 830
current timestep 344
num of flexible agents: 808
num of flexible tasks: 2808
Solving time: 0.160386 seconds
plan limit 813
current timestep 345
num of flexible agents: 805
num of flexible tasks: 2805
Solving time: 0.14514 seconds
plan limit 828
current timestep 346
num of flexible agents: 808
num of flexible tasks: 2808
Solving time: 0.149314 seconds
plan limit 824
current timestep 347
num of flexible agents: 804
num of flexible tasks: 2804
Solving time: 0.163788 seconds
plan limit 809
current timestep 348
num of flexible agents: 804
num of flexible tasks: 2804
Solving time: 0.155069 seconds
plan limit 818
current timestep 349
num of flexible agents: 797
num of flexible tasks: 2797
Solving time: 0.154242 seconds
plan limit 819
current timestep 350
num of flexible agents: 806
num of flexible tasks: 2806
Solving time: 0.146791 seconds
plan limit 827
current timestep 351
num of flexible agents: 803
num of flexible tasks: 2803
Solving time: 0.164208 seconds
plan limit 809
current timestep 352
num of flexible agents: 799
num of flexible tasks: 2799
Solving time: 0.161155 seconds
plan limit 812
current timestep 353
num of flexible agents: 798
num of flexible tasks: 2798
Solving time: 0.170804 seconds
plan limit 800
current timestep 354
num of flexible agents: 796
num of flexible tasks: 2796
Solving time: 0.15546 seconds
plan limit 818
current timestep 355
num of flexible agents: 803
num of flexible tasks: 2803
Solving time: 0.173178 seconds
plan limit 800
current timestep 356
num of flexible agents: 792
num of flexible tasks: 2792
Solving time: 0.155483 seconds
plan limit 818
current timestep 357
num of flexible agents: 777
num of flexible tasks: 2777
Solving time: 0.147325 seconds
plan limit 826
current timestep 358
num of flexible agents: 781
num of flexible tasks: 2781
Solving time: 0.159695 seconds
plan limit 814
current timestep 359
num of flexible agents: 782
num of flexible tasks: 2782
Solving time: 0.158074 seconds
plan limit 815
current timestep 360
num of flexible agents: 784
num of flexible tasks: 2784
Solving time: 0.161765 seconds
plan limit 811
current timestep 361
num of flexible agents: 799
num of flexible tasks: 2799
Solving time: 0.158942 seconds
plan limit 814
current timestep 362
num of flexible agents: 797
num of flexible tasks: 2797
Solving time: 0.165881 seconds
plan limit 807
current timestep 363
num of flexible agents: 800
num of flexible tasks: 2800
Solving time: 0.164826 seconds
plan limit 808
current timestep 364
num of flexible agents: 801
num of flexible tasks: 2801
Solving time: 0.157924 seconds
plan limit 815
current timestep 365
num of flexible agents: 803
num of flexible tasks: 2803
Solving time: 0.166212 seconds
plan limit 807
current timestep 366
num of flexible agents: 800
num of flexible tasks: 2800
Solving time: 0.152639 seconds
plan limit 821
current timestep 367
num of flexible agents: 803
num of flexible tasks: 2803
Solving time: 0.155485 seconds
plan limit 818
current timestep 368
num of flexible agents: 802
num of flexible tasks: 2802
Solving time: 0.154619 seconds
plan limit 819
current timestep 369
num of flexible agents: 802
num of flexible tasks: 2802
Solving time: 0.149985 seconds
plan limit 823
current timestep 370
num of flexible agents: 796
num of flexible tasks: 2796
Solving time: 0.154415 seconds
plan limit 819
current timestep 371
num of flexible agents: 790
num of flexible tasks: 2790
Solving time: 0.150836 seconds
plan limit 822
current timestep 372
num of flexible agents: 787
num of flexible tasks: 2787
Solving time: 0.157627 seconds
plan limit 815
current timestep 373
num of flexible agents: 787
num of flexible tasks: 2787
Solving time: 0.152821 seconds
plan limit 820
current timestep 374
num of flexible agents: 785
num of flexible tasks: 2785
Solving time: 0.168461 seconds
plan limit 805
current timestep 375
num of flexible agents: 790
num of flexible tasks: 2790
Solving time: 0.150072 seconds
plan limit 823
current timestep 376
num of flexible agents: 795
num of flexible tasks: 2795
Solving time: 0.155004 seconds
plan limit 818
current timestep 377
num of flexible agents: 798
num of flexible tasks: 2798
Solving time: 0.166562 seconds
plan limit 807
current timestep 378
num of flexible agents: 800
num of flexible tasks: 2800
Solving time: 0.163621 seconds
plan limit 809
current timestep 379
num of flexible agents: 804
num of flexible tasks: 2804
Solving time: 0.176665 seconds
plan limit 796
current timestep 380
num of flexible agents: 805
num of flexible tasks: 2805
Solving time: 0.181176 seconds
plan limit 792
current timestep 381
num of flexible agents: 813
num of flexible tasks: 2813
Solving time: 0.166856 seconds
plan limit 806
current timestep 382
num of flexible agents: 822
num of flexible tasks: 2822
Solving time: 0.175719 seconds
plan limit 797
current timestep 383
num of flexible agents: 815
num of flexible tasks: 2815
Solving time: 0.194539 seconds
plan limit 778
current timestep 384
num of flexible agents: 812
num of flexible tasks: 2812
Solving time: 0.175334 seconds
plan limit 798
current timestep 385
num of flexible agents: 813
num of flexible tasks: 2813
Solving time: 0.176116 seconds
plan limit 797
current timestep 386
num of flexible agents: 808
num of flexible tasks: 2808
Solving time: 0.179545 seconds
plan limit 794
current timestep 387
num of flexible agents: 806
num of flexible tasks: 2806
Solving time: 0.191718 seconds
plan limit 781
current timestep 388
num of flexible agents: 802
num of flexible tasks: 2802
Solving time: 0.177728 seconds
plan limit 795
current timestep 389
num of flexible agents: 801
num of flexible tasks: 2801
Solving time: 0.16235 seconds
plan limit 811
current timestep 390
num of flexible agents: 796
num of flexible tasks: 2796
Solving time: 0.177829 seconds
plan limit 795
current timestep 391
num of flexible agents: 796
num of flexible tasks: 2796
Solving time: 0.16446 seconds
plan limit 809
current timestep 392
num of flexible agents: 798
num of flexible tasks: 2798
Solving time: 0.173642 seconds
plan limit 800
current timestep 393
num of flexible agents: 801
num of flexible tasks: 2801
Solving time: 0.17122 seconds
plan limit 802
current timestep 394
num of flexible agents: 796
num of flexible tasks: 2796
Solving time: 0.15916 seconds
plan limit 814
current timestep 395
num of flexible agents: 791
num of flexible tasks: 2791
Solving time: 0.169677 seconds
plan limit 803
current timestep 396
num of flexible agents: 794
num of flexible tasks: 2794
Solving time: 0.17399 seconds
plan limit 799
current timestep 397
num of flexible agents: 797
num of flexible tasks: 2797
Solving time: 0.157676 seconds
plan limit 815
current timestep 398
num of flexible agents: 790
num of flexible tasks: 2790
Solving time: 0.160549 seconds
plan limit 813
current timestep 399
num of flexible agents: 790
num of flexible tasks: 2790
Solving time: 0.155674 seconds
plan limit 817
current timestep 400
num of flexible agents: 784
num of flexible tasks: 2784
Solving time: 0.165756 seconds
plan limit 807
current timestep 401
num of flexible agents: 776
num of flexible tasks: 2776
Solving time: 0.164534 seconds
plan limit 809
current timestep 402
num of flexible agents: 781
num of flexible tasks: 2781
Solving time: 0.145347 seconds
plan limit 828
current timestep 403
num of flexible agents: 768
num of flexible tasks: 2768
Solving time: 0.152697 seconds
plan limit 820
current timestep 404
num of flexible agents: 767
num of flexible tasks: 2767
Solving time: 0.15888 seconds
plan limit 814
current timestep 405
num of flexible agents: 766
num of flexible tasks: 2766
Solving time: 0.156032 seconds
plan limit 817
current timestep 406
num of flexible agents: 763
num of flexible tasks: 2763
Solving time: 0.154735 seconds
plan limit 818
current timestep 407
num of flexible agents: 750
num of flexible tasks: 2750
Solving time: 0.176469 seconds
plan limit 797
current timestep 408
num of flexible agents: 754
num of flexible tasks: 2754
Solving time: 0.159967 seconds
plan limit 813
current timestep 409
num of flexible agents: 758
num of flexible tasks: 2758
Solving time: 0.163058 seconds
plan limit 810
current timestep 410
num of flexible agents: 759
num of flexible tasks: 2759
Solving time: 0.156426 seconds
plan limit 817
current timestep 411
num of flexible agents: 760
num of flexible tasks: 2760
Solving time: 0.158347 seconds
plan limit 814
current timestep 412
num of flexible agents: 767
num of flexible tasks: 2767
Solving time: 0.165159 seconds
plan limit 808
current timestep 413
num of flexible agents: 762
num of flexible tasks: 2762
Solving time: 0.166204 seconds
plan limit 807
current timestep 414
num of flexible agents: 764
num of flexible tasks: 2764
Solving time: 0.164382 seconds
plan limit 809
current timestep 415
num of flexible agents: 768
num of flexible tasks: 2768
Solving time: 0.154547 seconds
plan limit 819
current timestep 416
num of flexible agents: 773
num of flexible tasks: 2773
Solving time: 0.153011 seconds
plan limit 820
current timestep 417
num of flexible agents: 772
num of flexible tasks: 2772
Solving time: 0.172874 seconds
plan limit 800
current timestep 418
num of flexible agents: 764
num of flexible tasks: 2764
Solving time: 0.166385 seconds
plan limit 806
current timestep 419
num of flexible agents: 767
num of flexible tasks: 2767
Solving time: 0.168757 seconds
plan limit 804
current timestep 420
num of flexible agents: 768
num of flexible tasks: 2768
Solving time: 0.169168 seconds
plan limit 804
current timestep 421
num of flexible agents: 765
num of flexible tasks: 2765
Solving time: 0.159863 seconds
plan limit 813
current timestep 422
num of flexible agents: 777
num of flexible tasks: 2777
Solving time: 0.148704 seconds
plan limit 824
current timestep 423
num of flexible agents: 778
num of flexible tasks: 2778
Solving time: 0.14014 seconds
plan limit 833
current timestep 424
num of flexible agents: 778
num of flexible tasks: 2778
Solving time: 0.156034 seconds
plan limit 817
current timestep 425
num of flexible agents: 779
num of flexible tasks: 2779
Solving time: 0.157437 seconds
plan limit 815
current timestep 426
num of flexible agents: 783
num of flexible tasks: 2783
Solving time: 0.159166 seconds
plan limit 814
current timestep 427
num of flexible agents: 783
num of flexible tasks: 2783
Solving time: 0.16989 seconds
plan limit 803
current timestep 428
num of flexible agents: 791
num of flexible tasks: 2791
Solving time: 0.168959 seconds
plan limit 804
current timestep 429
num of flexible agents: 794
num of flexible tasks: 2794
Solving time: 0.165133 seconds
plan limit 808
current timestep 430
num of flexible agents: 801
num of flexible tasks: 2801
Solving time: 0.169284 seconds
plan limit 804
current timestep 431
num of flexible agents: 800
num of flexible tasks: 2800
Solving time: 0.174352 seconds
plan limit 798
current timestep 432
num of flexible agents: 809
num of flexible tasks: 2809
Solving time: 0.17359 seconds
plan limit 799
current timestep 433
num of flexible agents: 816
num of flexible tasks: 2816
Solving time: 0.147269 seconds
plan limit 826
current timestep 434
num of flexible agents: 818
num of flexible tasks: 2818
Solving time: 0.150762 seconds
plan limit 822
current timestep 435
num of flexible agents: 814
num of flexible tasks: 2814
Solving time: 0.156928 seconds
plan limit 816
current timestep 436
num of flexible agents: 818
num of flexible tasks: 2818
Solving time: 0.174103 seconds
plan limit 799
current timestep 437
num of flexible agents: 813
num of flexible tasks: 2813
Solving time: 0.177307 seconds
plan limit 796
current timestep 438
num of flexible agents: 807
num of flexible tasks: 2807
Solving time: 0.178577 seconds
plan limit 794
current timestep 439
num of flexible agents: 812
num of flexible tasks: 2812
Solving time: 0.166656 seconds
plan limit 806
current timestep 440
num of flexible agents: 814
num of flexible tasks: 2814
Solving time: 0.163441 seconds
plan limit 810
current timestep 441
num of flexible agents: 809
num of flexible tasks: 2809
Solving time: 0.164326 seconds
plan limit 809
current timestep 442
num of flexible agents: 801
num of flexible tasks: 2801
Solving time: 0.159619 seconds
plan limit 813
current timestep 443
num of flexible agents: 798
num of flexible tasks: 2798
Solving time: 0.159414 seconds
plan limit 813
current timestep 444
num of flexible agents: 795
num of flexible tasks: 2795
Solving time: 0.156348 seconds
plan limit 817
current timestep 445
num of flexible agents: 788
num of flexible tasks: 2788
Solving time: 0.15468 seconds
plan limit 818
current timestep 446
num of flexible agents: 787
num of flexible tasks: 2787
Solving time: 0.166264 seconds
plan limit 807
current timestep 447
num of flexible agents: 796
num of flexible tasks: 2796
Solving time: 0.1467 seconds
plan limit 826
current timestep 448
num of flexible agents: 798
num of flexible tasks: 2798
Solving time: 0.128897 seconds
plan limit 844
current timestep 449
num of flexible agents: 788
num of flexible tasks: 2788
Solving time: 0.149098 seconds
plan limit 824
current timestep 450
num of flexible agents: 791
num of flexible tasks: 2791
Solving time: 0.152468 seconds
plan limit 820
current timestep 451
num of flexible agents: 789
num of flexible tasks: 2789
Solving time: 0.146059 seconds
plan limit 827
current timestep 452
num of flexible agents: 791
num of flexible tasks: 2791
Solving time: 0.18177 seconds
plan limit 791
current timestep 453
num of flexible agents: 795
num of flexible tasks: 2795
Solving time: 0.164747 seconds
plan limit 808
current timestep 454
num of flexible agents: 793
num of flexible tasks: 2793
Solving time: 0.150411 seconds
plan limit 823
current timestep 455
num of flexible agents: 790
num of flexible tasks: 2790
Solving time: 0.160123 seconds
plan limit 813
current timestep 456
num of flexible agents: 791
num of flexible tasks: 2791
Solving time: 0.166502 seconds
plan limit 806
current timestep 457
num of flexible agents: 797
num of flexible tasks: 2797
Solving time: 0.160101 seconds
plan limit 813
current timestep 458
num of flexible agents: 787
num of flexible tasks: 2787
Solving time: 0.150466 seconds
plan limit 822
current timestep 459
num of flexible agents: 784
num of flexible tasks: 2784
Solving time: 0.155418 seconds
plan limit 817
current timestep 460
num of flexible agents: 774
num of flexible tasks: 2774
Solving time: 0.163642 seconds
plan limit 809
current timestep 461
num of flexible agents: 774
num of flexible tasks: 2774
Solving time: 0.146518 seconds
plan limit 826
current timestep 462
num of flexible agents: 779
num of flexible tasks: 2779
Solving time: 0.149151 seconds
plan limit 824
current timestep 463
num of flexible agents: 783
num of flexible tasks: 2783
Solving time: 0.162328 seconds
plan limit 811
current timestep 464
num of flexible agents: 791
num of flexible tasks: 2791
Solving time: 0.159724 seconds
plan limit 813
current timestep 465
num of flexible agents: 787
num of flexible tasks: 2787
Solving time: 0.145177 seconds
plan limit 828
current timestep 466
num of flexible agents: 783
num of flexible tasks: 2783
Solving time: 0.140839 seconds
plan limit 832
current timestep 467
num of flexible agents: 787
num of flexible tasks: 2787
Solving time: 0.142526 seconds
plan limit 830
current timestep 468
num of flexible agents: 776
num of flexible tasks: 2776
Solving time: 0.149195 seconds
plan limit 824
current timestep 469
num of flexible agents: 782
num of flexible tasks: 2782
Solving time: 0.155065 seconds
plan limit 818
current timestep 470
num of flexible agents: 790
num of flexible tasks: 2790
Solving time: 0.165022 seconds
plan limit 808
current timestep 471
num of flexible agents: 786
num of flexible tasks: 2786
Solving time: 0.153807 seconds
plan limit 819
current timestep 472
num of flexible agents: 798
num of flexible tasks: 2798
Solving time: 0.141129 seconds
plan limit 832
current timestep 473
num of flexible agents: 799
num of flexible tasks: 2799
Solving time: 0.154207 seconds
plan limit 819
current timestep 474
num of flexible agents: 808
num of flexible tasks: 2808
Solving time: 0.141842 seconds
plan limit 831
current timestep 475
num of flexible agents: 808
num of flexible tasks: 2808
Solving time: 0.151434 seconds
plan limit 822
current timestep 476
num of flexible agents: 803
num of flexible tasks: 2803
Solving time: 0.145657 seconds
plan limit 827
current timestep 477
num of flexible agents: 801
num of flexible tasks: 2801
Solving time: 0.141768 seconds
plan limit 829
current timestep 478
num of flexible agents: 796
num of flexible tasks: 2796
Solving time: 0.126149 seconds
plan limit 844
current timestep 479
num of flexible agents: 805
num of flexible tasks: 2805
Solving time: 0.163539 seconds
plan limit 807
current timestep 480
num of flexible agents: 810
num of flexible tasks: 2810
Solving time: 0.156592 seconds
plan limit 814
current timestep 481
num of flexible agents: 810
num of flexible tasks: 2810
Solving time: 0.135763 seconds
plan limit 835
current timestep 482
num of flexible agents: 818
num of flexible tasks: 2818
Solving time: 0.148681 seconds
plan limit 822
current timestep 483
num of flexible agents: 820
num of flexible tasks: 2820
Solving time: 0.150861 seconds
plan limit 820
current timestep 484
num of flexible agents: 811
num of flexible tasks: 2811
Solving time: 0.151003 seconds
plan limit 820
current timestep 485
num of flexible agents: 803
num of flexible tasks: 2803
Solving time: 0.150868 seconds
plan limit 820
current timestep 486
num of flexible agents: 796
num of flexible tasks: 2796
Solving time: 0.127992 seconds
plan limit 843
current timestep 487
num of flexible agents: 803
num of flexible tasks: 2803
Solving time: 0.121289 seconds
plan limit 850
current timestep 488
num of flexible agents: 799
num of flexible tasks: 2799
Solving time: 0.154827 seconds
plan limit 815
current timestep 489
num of flexible agents: 802
num of flexible tasks: 2802
Solving time: 0.128565 seconds
plan limit 841
current timestep 490
num of flexible agents: 801
num of flexible tasks: 2801
Solving time: 0.132026 seconds
plan limit 838
current timestep 491
num of flexible agents: 808
num of flexible tasks: 2808
Solving time: 0.155296 seconds
plan limit 815
current timestep 492
num of flexible agents: 817
num of flexible tasks: 2817
Solving time: 0.124363 seconds
plan limit 846
current timestep 493
num of flexible agents: 813
num of flexible tasks: 2813
Solving time: 0.124906 seconds
plan limit 845
current timestep 494
num of flexible agents: 812
num of flexible tasks: 2812
Solving time: 0.134041 seconds
plan limit 836
current timestep 495
num of flexible agents: 806
num of flexible tasks: 2806
Solving time: 0.121068 seconds
plan limit 849
current timestep 496
num of flexible agents: 813
num of flexible tasks: 2813
Solving time: 0.132831 seconds
plan limit 838
current timestep 497
num of flexible agents: 820
num of flexible tasks: 2820
Solving time: 0.139353 seconds
plan limit 831
current timestep 498
num of flexible agents: 804
num of flexible tasks: 2804
Solving time: 0.15213 seconds
plan limit 818
current timestep 499
num of flexible agents: 800
num of flexible tasks: 2800
Solving time: 0.140113 seconds
plan limit 830
current timestep 500
num of flexible agents: 805
num of flexible tasks: 2805
Solving time: 0.158086 seconds
plan limit 813
current timestep 501
num of flexible agents: 798
num of flexible tasks: 2798
Solving time: 0.166919 seconds
plan limit 804
current timestep 502
num of flexible agents: 792
num of flexible tasks: 2792
Solving time: 0.161801 seconds
plan limit 808
current timestep 503
num of flexible agents: 789
num of flexible tasks: 2789
Solving time: 0.157866 seconds
plan limit 813
current timestep 504
num of flexible agents: 783
num of flexible tasks: 2783
Solving time: 0.173698 seconds
plan limit 797
current timestep 505
num of flexible agents: 784
num of flexible tasks: 2784
Solving time: 0.188285 seconds
plan limit 783
current timestep 506
num of flexible agents: 789
num of flexible tasks: 2789
Solving time: 0.163717 seconds
plan limit 807
current timestep 507
num of flexible agents: 788
num of flexible tasks: 2788
Solving time: 0.162477 seconds
plan limit 808
current timestep 508
num of flexible agents: 779
num of flexible tasks: 2779
Solving time: 0.162009 seconds
plan limit 809
current timestep 509
num of flexible agents: 782
num of flexible tasks: 2782
Solving time: 0.152584 seconds
plan limit 818
current timestep 510
num of flexible agents: 786
num of flexible tasks: 2786
Solving time: 0.174757 seconds
plan limit 796
current timestep 511
num of flexible agents: 779
num of flexible tasks: 2779
Solving time: 0.164557 seconds
plan limit 806
current timestep 512
num of flexible agents: 776
num of flexible tasks: 2776
Solving time: 0.173351 seconds
plan limit 797
current timestep 513
num of flexible agents: 767
num of flexible tasks: 2767
Solving time: 0.162384 seconds
plan limit 808
current timestep 514
num of flexible agents: 758
num of flexible tasks: 2758
Solving time: 0.170658 seconds
plan limit 800
current timestep 515
num of flexible agents: 752
num of flexible tasks: 2752
Solving time: 0.171919 seconds
plan limit 799
current timestep 516
num of flexible agents: 759
num of flexible tasks: 2759
Solving time: 0.153629 seconds
plan limit 817
current timestep 517
num of flexible agents: 754
num of flexible tasks: 2754
Solving time: 0.167955 seconds
plan limit 803
current timestep 518
num of flexible agents: 743
num of flexible tasks: 2743
Solving time: 0.170443 seconds
plan limit 800
current timestep 519
num of flexible agents: 741
num of flexible tasks: 2741
Solving time: 0.165314 seconds
plan limit 805
current timestep 520
num of flexible agents: 734
num of flexible tasks: 2734
Solving time: 0.163826 seconds
plan limit 806
current timestep 521
num of flexible agents: 728
num of flexible tasks: 2728
Solving time: 0.16369 seconds
plan limit 807
current timestep 522
num of flexible agents: 719
num of flexible tasks: 2719
Solving time: 0.176937 seconds
plan limit 793
current timestep 523
num of flexible agents: 728
num of flexible tasks: 2728
Solving time: 0.174113 seconds
plan limit 796
current timestep 524
num of flexible agents: 737
num of flexible tasks: 2737
Solving time: 0.169386 seconds
plan limit 801
current timestep 525
num of flexible agents: 743
num of flexible tasks: 2743
Solving time: 0.148066 seconds
plan limit 823
current timestep 526
num of flexible agents: 740
num of flexible tasks: 2740
Solving time: 0.169236 seconds
plan limit 801
current timestep 527
num of flexible agents: 746
num of flexible tasks: 2746
Solving time: 0.160245 seconds
plan limit 809
current timestep 528
num of flexible agents: 744
num of flexible tasks: 2744
Solving time: 0.163014 seconds
plan limit 807
current timestep 529
num of flexible agents: 739
num of flexible tasks: 2739
Solving time: 0.163857 seconds
plan limit 806
current timestep 530
num of flexible agents: 741
num of flexible tasks: 2741
Solving time: 0.185542 seconds
plan limit 785
current timestep 531
num of flexible agents: 735
num of flexible tasks: 2735
Solving time: 0.176198 seconds
plan limit 794
current timestep 532
num of flexible agents: 742
num of flexible tasks: 2742
Solving time: 0.172196 seconds
plan limit 798
current timestep 533
num of flexible agents: 739
num of flexible tasks: 2739
Solving time: 0.184821 seconds
plan limit 785
current timestep 534
num of flexible agents: 739
num of flexible tasks: 2739
Solving time: 0.170899 seconds
plan limit 799
current timestep 535
num of flexible agents: 743
num of flexible tasks: 2743
Solving time: 0.162547 seconds
plan limit 808
current timestep 536
num of flexible agents: 755
num of flexible tasks: 2755
Solving time: 0.1752 seconds
plan limit 795
current timestep 537
num of flexible agents: 752
num of flexible tasks: 2752
Solving time: 0.166208 seconds
plan limit 804
current timestep 538
num of flexible agents: 748
num of flexible tasks: 2748
Solving time: 0.157059 seconds
plan limit 813
current timestep 539
num of flexible agents: 758
num of flexible tasks: 2758
Solving time: 0.154935 seconds
plan limit 816
current timestep 540
num of flexible agents: 748
num of flexible tasks: 2748
Solving time: 0.162276 seconds
plan limit 808
current timestep 541
num of flexible agents: 738
num of flexible tasks: 2738
Solving time: 0.144919 seconds
plan limit 826
current timestep 542
num of flexible agents: 729
num of flexible tasks: 2729
Solving time: 0.165458 seconds
plan limit 806
current timestep 543
num of flexible agents: 723
num of flexible tasks: 2723
Solving time: 0.162015 seconds
plan limit 809
current timestep 544
num of flexible agents: 724
num of flexible tasks: 2724
Solving time: 0.172738 seconds
plan limit 798
current timestep 545
num of flexible agents: 719
num of flexible tasks: 2719
Solving time: 0.167071 seconds
plan limit 803
current timestep 546
num of flexible agents: 727
num of flexible tasks: 2727
Solving time: 0.157287 seconds
plan limit 813
current timestep 547
num of flexible agents: 726
num of flexible tasks: 2726
Solving time: 0.171886 seconds
plan limit 798
current timestep 548
num of flexible agents: 725
num of flexible tasks: 2725
Solving time: 0.162351 seconds
plan limit 808
current timestep 549
num of flexible agents: 728
num of flexible tasks: 2728
Solving time: 0.177511 seconds
plan limit 793
current timestep 550
num of flexible agents: 727
num of flexible tasks: 2727
Solving time: 0.173308 seconds
plan limit 797
current timestep 551
num of flexible agents: 724
num of flexible tasks: 2724
Solving time: 0.174682 seconds
plan limit 796
current timestep 552
num of flexible agents: 728
num of flexible tasks: 2728
Solving time: 0.165941 seconds
plan limit 804
current timestep 553
num of flexible agents: 726
num of flexible tasks: 2726
Solving time: 0.159851 seconds
plan limit 811
current timestep 554
num of flexible agents: 727
num of flexible tasks: 2727
Solving time: 0.157012 seconds
plan limit 813
current timestep 555
num of flexible agents: 726
num of flexible tasks: 2726
Solving time: 0.160353 seconds
plan limit 810
current timestep 556
num of flexible agents: 721
num of flexible tasks: 2721
Solving time: 0.155607 seconds
plan limit 815
current timestep 557
num of flexible agents: 718
num of flexible tasks: 2718
Solving time: 0.15059 seconds
plan limit 820
current timestep 558
num of flexible agents: 708
num of flexible tasks: 2708
Solving time: 0.165341 seconds
plan limit 805
current timestep 559
num of flexible agents: 702
num of flexible tasks: 2702
Solving time: 0.159107 seconds
plan limit 811
current timestep 560
num of flexible agents: 697
num of flexible tasks: 2697
Solving time: 0.145336 seconds
plan limit 825
current timestep 561
num of flexible agents: 686
num of flexible tasks: 2686
Solving time: 0.173719 seconds
plan limit 797
current timestep 562
num of flexible agents: 675
num of flexible tasks: 2675
Solving time: 0.169797 seconds
plan limit 800
current timestep 563
num of flexible agents: 680
num of flexible tasks: 2680
Solving time: 0.154411 seconds
plan limit 816
current timestep 564
num of flexible agents: 670
num of flexible tasks: 2670
Solving time: 0.153722 seconds
plan limit 816
current timestep 565
num of flexible agents: 672
num of flexible tasks: 2672
Solving time: 0.16448 seconds
plan limit 805
current timestep 566
num of flexible agents: 680
num of flexible tasks: 2680
Solving time: 0.161566 seconds
plan limit 808
current timestep 567
num of flexible agents: 688
num of flexible tasks: 2688
Solving time: 0.160718 seconds
plan limit 810
current timestep 568
num of flexible agents: 680
num of flexible tasks: 2680
Solving time: 0.161128 seconds
plan limit 809
current timestep 569
num of flexible agents: 668
num of flexible tasks: 2668
Solving time: 0.155691 seconds
plan limit 814
current timestep 570
num of flexible agents: 667
num of flexible tasks: 2667
Solving time: 0.157052 seconds
plan limit 813
current timestep 571
num of flexible agents: 659
num of flexible tasks: 2659
Solving time: 0.168712 seconds
plan limit 802
current timestep 572
num of flexible agents: 660
num of flexible tasks: 2660
Solving time: 0.172802 seconds
plan limit 797
current timestep 573
num of flexible agents: 644
num of flexible tasks: 2644
Solving time: 0.164358 seconds
plan limit 806
current timestep 574
num of flexible agents: 637
num of flexible tasks: 2637
Solving time: 0.165338 seconds
plan limit 805
current timestep 575
num of flexible agents: 633
num of flexible tasks: 2633
Solving time: 0.170177 seconds
plan limit 800
current timestep 576
num of flexible agents: 625
num of flexible tasks: 2625
Solving time: 0.159048 seconds
plan limit 810
current timestep 577
num of flexible agents: 623
num of flexible tasks: 2623
Solving time: 0.156869 seconds
plan limit 813
current timestep 578
num of flexible agents: 629
num of flexible tasks: 2629
Solving time: 0.153179 seconds
plan limit 817
current timestep 579
num of flexible agents: 629
num of flexible tasks: 2629
Solving time: 0.161189 seconds
plan limit 809
current timestep 580
num of flexible agents: 622
num of flexible tasks: 2622
Solving time: 0.147053 seconds
plan limit 823
current timestep 581
num of flexible agents: 623
num of flexible tasks: 2623
Solving time: 0.153278 seconds
plan limit 817
current timestep 582
num of flexible agents: 616
num of flexible tasks: 2616
Solving time: 0.17476 seconds
plan limit 796
current timestep 583
num of flexible agents: 622
num of flexible tasks: 2622
Solving time: 0.170755 seconds
plan limit 799
current timestep 584
num of flexible agents: 629
num of flexible tasks: 2629
Solving time: 0.161299 seconds
plan limit 809
current timestep 585
num of flexible agents: 628
num of flexible tasks: 2628
Solving time: 0.15749 seconds
plan limit 813
current timestep 586
num of flexible agents: 625
num of flexible tasks: 2625
Solving time: 0.173591 seconds
plan limit 797
current timestep 587
num of flexible agents: 620
num of flexible tasks: 2620
Solving time: 0.164406 seconds
plan limit 806
current timestep 588
num of flexible agents: 629
num of flexible tasks: 2629
Solving time: 0.173345 seconds
plan limit 797
current timestep 589
num of flexible agents: 629
num of flexible tasks: 2629
Solving time: 0.162913 seconds
plan limit 807
current timestep 590
num of flexible agents: 629
num of flexible tasks: 2629
Solving time: 0.19266 seconds
plan limit 778
current timestep 591
num of flexible agents: 638
num of flexible tasks: 2638
Solving time: 0.156929 seconds
plan limit 813
current timestep 592
num of flexible agents: 634
num of flexible tasks: 2634
Solving time: 0.159104 seconds
plan limit 811
current timestep 593
num of flexible agents: 631
num of flexible tasks: 2631
Solving time: 0.162749 seconds
plan limit 807
current timestep 594
num of flexible agents: 639
num of flexible tasks: 2639
Solving time: 0.157119 seconds
plan limit 813
current timestep 595
num of flexible agents: 645
num of flexible tasks: 2645
Solving time: 0.174513 seconds
plan limit 796
current timestep 596
num of flexible agents: 658
num of flexible tasks: 2658
Solving time: 0.18445 seconds
plan limit 786
current timestep 597
num of flexible agents: 658
num of flexible tasks: 2658
Solving time: 0.166258 seconds
plan limit 803
current timestep 598
num of flexible agents: 645
num of flexible tasks: 2645
Solving time: 0.152143 seconds
plan limit 818
current timestep 599
num of flexible agents: 641
num of flexible tasks: 2641
Solving time: 0.167565 seconds
plan limit 803
current timestep 600
num of flexible agents: 640
num of flexible tasks: 2640
Solving time: 0.169038 seconds
plan limit 801
current timestep 601
num of flexible agents: 637
num of flexible tasks: 2637
Solving time: 0.169089 seconds
plan limit 801
current timestep 602
num of flexible agents: 643
num of flexible tasks: 2643
Solving time: 0.163285 seconds
plan limit 806
current timestep 603
num of flexible agents: 649
num of flexible tasks: 2649
Solving time: 0.155887 seconds
plan limit 814
current timestep 604
num of flexible agents: 656
num of flexible tasks: 2656
Solving time: 0.173846 seconds
plan limit 796
current timestep 605
num of flexible agents: 649
num of flexible tasks: 2649
Solving time: 0.151397 seconds
plan limit 819
current timestep 606
num of flexible agents: 652
num of flexible tasks: 2652
Solving time: 0.163493 seconds
plan limit 807
current timestep 607
num of flexible agents: 649
num of flexible tasks: 2649
Solving time: 0.1712 seconds
plan limit 799
current timestep 608
num of flexible agents: 647
num of flexible tasks: 2647
Solving time: 0.162605 seconds
plan limit 808
current timestep 609
num of flexible agents: 637
num of flexible tasks: 2637
Solving time: 0.158219 seconds
plan limit 812
current timestep 610
num of flexible agents: 645
num of flexible tasks: 2645
Solving time: 0.161776 seconds
plan limit 809
current timestep 611
num of flexible agents: 648
num of flexible tasks: 2648
Solving time: 0.160712 seconds
plan limit 809
current timestep 612
num of flexible agents: 651
num of flexible tasks: 2651
Solving time: 0.159444 seconds
plan limit 811
current timestep 613
num of flexible agents: 645
num of flexible tasks: 2645
Solving time: 0.150787 seconds
plan limit 820
current timestep 614
num of flexible agents: 651
num of flexible tasks: 2651
Solving time: 0.154462 seconds
plan limit 816
current timestep 615
num of flexible agents: 652
num of flexible tasks: 2652
Solving time: 0.142754 seconds
plan limit 828
current timestep 616
num of flexible agents: 648
num of flexible tasks: 2648
Solving time: 0.15354 seconds
plan limit 817
current timestep 617
num of flexible agents: 644
num of flexible tasks: 2644
Solving time: 0.160193 seconds
plan limit 810
current timestep 618
num of flexible agents: 637
num of flexible tasks: 2637
Solving time: 0.173886 seconds
plan limit 796
current timestep 619
num of flexible agents: 638
num of flexible tasks: 2638
Solving time: 0.163094 seconds
plan limit 807
current timestep 620
num of flexible agents: 631
num of flexible tasks: 2631
Solving time: 0.160011 seconds
plan limit 810
current timestep 621
num of flexible agents: 628
num of flexible tasks: 2628
Solving time: 0.184943 seconds
plan limit 785
current timestep 622
num of flexible agents: 626
num of flexible tasks: 2626
Solving time: 0.165147 seconds
plan limit 805
current timestep 623
num of flexible agents: 621
num of flexible tasks: 2621
Solving time: 0.161697 seconds
plan limit 808
current timestep 624
num of flexible agents: 624
num of flexible tasks: 2624
Solving time: 0.16668 seconds
plan limit 803
current timestep 625
num of flexible agents: 628
num of flexible tasks: 2628
Solving time: 0.170248 seconds
plan limit 799
current timestep 626
num of flexible agents: 644
num of flexible tasks: 2644
Solving time: 0.166117 seconds
plan limit 804
current timestep 627
num of flexible agents: 644
num of flexible tasks: 2644
Solving time: 0.16408 seconds
plan limit 806
current timestep 628
num of flexible agents: 649
num of flexible tasks: 2649
Solving time: 0.188003 seconds
plan limit 782
current timestep 629
num of flexible agents: 648
num of flexible tasks: 2648
Solving time: 0.159575 seconds
plan limit 810
current timestep 630
num of flexible agents: 648
num of flexible tasks: 2648
Solving time: 0.175389 seconds
plan limit 794
current timestep 631
num of flexible agents: 650
num of flexible tasks: 2650
Solving time: 0.167594 seconds
plan limit 802
current timestep 632
num of flexible agents: 645
num of flexible tasks: 2645
Solving time: 0.168945 seconds
plan limit 800
current timestep 633
num of flexible agents: 643
num of flexible tasks: 2643
Solving time: 0.165257 seconds
plan limit 805
current timestep 634
num of flexible agents: 641
num of flexible tasks: 2641
Solving time: 0.165666 seconds
plan limit 804
current timestep 635
num of flexible agents: 649
num of flexible tasks: 2649
Solving time: 0.157194 seconds
plan limit 813
current timestep 636
num of flexible agents: 647
num of flexible tasks: 2647
Solving time: 0.159275 seconds
plan limit 811
current timestep 637
num of flexible agents: 649
num of flexible tasks: 2649
Solving time: 0.163241 seconds
plan limit 807
current timestep 638
num of flexible agents: 648
num of flexible tasks: 2648
Solving time: 0.163599 seconds
plan limit 806
current timestep 639
num of flexible agents: 651
num of flexible tasks: 2651
Solving time: 0.143666 seconds
plan limit 826
current timestep 640
num of flexible agents: 650
num of flexible tasks: 2650
Solving time: 0.136089 seconds
plan limit 834
current timestep 641
num of flexible agents: 655
num of flexible tasks: 2655
Solving time: 0.168051 seconds
plan limit 802
current timestep 642
num of flexible agents: 654
num of flexible tasks: 2654
Solving time: 0.160712 seconds
plan limit 809
current timestep 643
num of flexible agents: 656
num of flexible tasks: 2656
Solving time: 0.160859 seconds
plan limit 809
current timestep 644
num of flexible agents: 657
num of flexible tasks: 2657
Solving time: 0.170607 seconds
plan limit 800
current timestep 645
num of flexible agents: 656
num of flexible tasks: 2656
Solving time: 0.172276 seconds
plan limit 797
current timestep 646
num of flexible agents: 649
num of flexible tasks: 2649
Solving time: 0.182745 seconds
plan limit 787
current timestep 647
num of flexible agents: 659
num of flexible tasks: 2659
Solving time: 0.180999 seconds
plan limit 789
current timestep 648
num of flexible agents: 660
num of flexible tasks: 2660
Solving time: 0.171581 seconds
plan limit 799
current timestep 649
num of flexible agents: 671
num of flexible tasks: 2671
Solving time: 0.188093 seconds
plan limit 782
current timestep 650
num of flexible agents: 668
num of flexible tasks: 2668
Solving time: 0.191663 seconds
plan limit 778
current timestep 651
num of flexible agents: 671
num of flexible tasks: 2671
Solving time: 0.17839 seconds
plan limit 792
current timestep 652
num of flexible agents: 674
num of flexible tasks: 2674
Solving time: 0.18338 seconds
plan limit 787
current timestep 653
num of flexible agents: 680
num of flexible tasks: 2680
Solving time: 0.179039 seconds
plan limit 791
current timestep 654
num of flexible agents: 690
num of flexible tasks: 2690
Solving time: 0.174524 seconds
plan limit 795
current timestep 655
num of flexible agents: 689
num of flexible tasks: 2689
Solving time: 0.170359 seconds
plan limit 800
current timestep 656
num of flexible agents: 686
num of flexible tasks: 2686
Solving time: 0.176784 seconds
plan limit 793
current timestep 657
num of flexible agents: 695
num of flexible tasks: 2695
Solving time: 0.171933 seconds
plan limit 797
current timestep 658
num of flexible agents: 691
num of flexible tasks: 2691
Solving time: 0.173379 seconds
plan limit 797
current timestep 659
num of flexible agents: 693
num of flexible tasks: 2693
Solving time: 0.189544 seconds
plan limit 780
current timestep 660
num of flexible agents: 704
num of flexible tasks: 2704
Solving time: 0.172781 seconds
plan limit 796
current timestep 661
num of flexible agents: 707
num of flexible tasks: 2707
Solving time: 0.16489 seconds
plan limit 805
current timestep 662
num of flexible agents: 705
num of flexible tasks: 2705
Solving time: 0.173031 seconds
plan limit 797
current timestep 663
num of flexible agents: 712
num of flexible tasks: 2712
Solving time: 0.176185 seconds
plan limit 794
current timestep 664
num of flexible agents: 713
num of flexible tasks: 2713
Solving time: 0.164151 seconds
plan limit 806
current timestep 665
num of flexible agents: 712
num of flexible tasks: 2712
Solving time: 0.165151 seconds
plan limit 805
current timestep 666
num of flexible agents: 706
num of flexible tasks: 2706
Solving time: 0.17675 seconds
plan limit 794
current timestep 667
num of flexible agents: 703
num of flexible tasks: 2703
Solving time: 0.183868 seconds
plan limit 786
current timestep 668
num of flexible agents: 706
num of flexible tasks: 2706
Solving time: 0.180053 seconds
plan limit 790
current timestep 669
num of flexible agents: 703
num of flexible tasks: 2703
Solving time: 0.185769 seconds
plan limit 784
current timestep 670
num of flexible agents: 693
num of flexible tasks: 2693
Solving time: 0.181885 seconds
plan limit 788
current timestep 671
num of flexible agents: 687
num of flexible tasks: 2687
Solving time: 0.179121 seconds
plan limit 791
current timestep 672
num of flexible agents: 693
num of flexible tasks: 2693
Solving time: 0.176963 seconds
plan limit 793
current timestep 673
num of flexible agents: 690
num of flexible tasks: 2690
Solving time: 0.190539 seconds
plan limit 779
current timestep 674
num of flexible agents: 693
num of flexible tasks: 2693
Solving time: 0.195526 seconds
plan limit 774
current timestep 675
num of flexible agents: 695
num of flexible tasks: 2695
Solving time: 0.183009 seconds
plan limit 786
current timestep 676
num of flexible agents: 689
num of flexible tasks: 2689
Solving time: 0.180586 seconds
plan limit 789
current timestep 677
num of flexible agents: 696
num of flexible tasks: 2696
Solving time: 0.197676 seconds
plan limit 772
current timestep 678
num of flexible agents: 701
num of flexible tasks: 2701
Solving time: 0.166234 seconds
plan limit 804
current timestep 679
num of flexible agents: 708
num of flexible tasks: 2708
Solving time: 0.178471 seconds
plan limit 791
current timestep 680
num of flexible agents: 713
num of flexible tasks: 2713
Solving time: 0.170842 seconds
plan limit 799
current timestep 681
num of flexible agents: 714
num of flexible tasks: 2714
Solving time: 0.163064 seconds
plan limit 806
current timestep 682
num of flexible agents: 718
num of flexible tasks: 2718
Solving time: 0.167591 seconds
plan limit 802
current timestep 683
num of flexible agents: 714
num of flexible tasks: 2714
Solving time: 0.188614 seconds
plan limit 781
current timestep 684
num of flexible agents: 718
num of flexible tasks: 2718
Solving time: 0.170228 seconds
plan limit 800
current timestep 685
num of flexible agents: 714
num of flexible tasks: 2714
Solving time: 0.159098 seconds
plan limit 810
current timestep 686
num of flexible agents: 707
num of flexible tasks: 2707
Solving time: 0.16184 seconds
plan limit 808
current timestep 687
num of flexible agents: 714
num of flexible tasks: 2714
Solving time: 0.167784 seconds
plan limit 802
current timestep 688
num of flexible agents: 716
num of flexible tasks: 2716
Solving time: 0.159333 seconds
plan limit 811
current timestep 689
num of flexible agents: 717
num of flexible tasks: 2717
Solving time: 0.167356 seconds
plan limit 803
current timestep 690
num of flexible agents: 721
num of flexible tasks: 2721
Solving time: 0.163785 seconds
plan limit 807
current timestep 691
num of flexible agents: 717
num of flexible tasks: 2717
Solving time: 0.166618 seconds
plan limit 803
current timestep 692
num of flexible agents: 727
num of flexible tasks: 2727
Solving time: 0.171471 seconds
plan limit 799
current timestep 693
num of flexible agents: 722
num of flexible tasks: 2722
Solving time: 0.165934 seconds
plan limit 804
current timestep 694
num of flexible agents: 721
num of flexible tasks: 2721
Solving time: 0.173168 seconds
plan limit 797
current timestep 695
num of flexible agents: 726
num of flexible tasks: 2726
Solving time: 0.159549 seconds
plan limit 811
current timestep 696
num of flexible agents: 721
num of flexible tasks: 2721
Solving time: 0.179066 seconds
plan limit 791
current timestep 697
num of flexible agents: 722
num of flexible tasks: 2722
Solving time: 0.171757 seconds
plan limit 798
current timestep 698
num of flexible agents: 716
num of flexible tasks: 2716
Solving time: 0.180092 seconds
plan limit 790
current timestep 699
num of flexible agents: 714
num of flexible tasks: 2714
Solving time: 0.173372 seconds
plan limit 797
current timestep 700
num of flexible agents: 716
num of flexible tasks: 2716
Solving time: 0.175913 seconds
plan limit 794
current timestep 701
num of flexible agents: 717
num of flexible tasks: 2717
Solving time: 0.183524 seconds
plan limit 786
current timestep 702
num of flexible agents: 710
num of flexible tasks: 2710
Solving time: 0.166074 seconds
plan limit 803
current timestep 703
num of flexible agents: 707
num of flexible tasks: 2707
Solving time: 0.169503 seconds
plan limit 801
current timestep 704
num of flexible agents: 715
num of flexible tasks: 2715
Solving time: 0.171166 seconds
plan limit 799
current timestep 705
num of flexible agents: 711
num of flexible tasks: 2711
Solving time: 0.164122 seconds
plan limit 806
current timestep 706
num of flexible agents: 713
num of flexible tasks: 2713
Solving time: 0.158171 seconds
plan limit 812
current timestep 707
num of flexible agents: 715
num of flexible tasks: 2715
Solving time: 0.161919 seconds
plan limit 808
current timestep 708
num of flexible agents: 710
num of flexible tasks: 2710
Solving time: 0.18163 seconds
plan limit 788
current timestep 709
num of flexible agents: 717
num of flexible tasks: 2717
Solving time: 0.169598 seconds
plan limit 801
current timestep 710
num of flexible agents: 721
num of flexible tasks: 2721
Solving time: 0.187735 seconds
plan limit 783
current timestep 711
num of flexible agents: 717
num of flexible tasks: 2717
Solving time: 0.187732 seconds
plan limit 782
current timestep 712
num of flexible agents: 723
num of flexible tasks: 2723
Solving time: 0.177069 seconds
plan limit 792
current timestep 713
num of flexible agents: 715
num of flexible tasks: 2715
Solving time: 0.193794 seconds
plan limit 776
current timestep 714
num of flexible agents: 716
num of flexible tasks: 2716
Solving time: 0.180625 seconds
plan limit 789
current timestep 715
num of flexible agents: 720
num of flexible tasks: 2720
Solving time: 0.183648 seconds
plan limit 786
current timestep 716
num of flexible agents: 728
num of flexible tasks: 2728
Solving time: 0.179371 seconds
plan limit 789
current timestep 717
num of flexible agents: 725
num of flexible tasks: 2725
Solving time: 0.178211 seconds
plan limit 791
current timestep 718
num of flexible agents: 727
num of flexible tasks: 2727
Solving time: 0.175932 seconds
plan limit 794
current timestep 719
num of flexible agents: 727
num of flexible tasks: 2727
Solving time: 0.183002 seconds
plan limit 787
current timestep 720
num of flexible agents: 731
num of flexible tasks: 2731
Solving time: 0.183768 seconds
plan limit 786
current timestep 721
num of flexible agents: 719
num of flexible tasks: 2719
Solving time: 0.176629 seconds
plan limit 794
current timestep 722
num of flexible agents: 712
num of flexible tasks: 2712
Solving time: 0.171439 seconds
plan limit 799
current timestep 723
num of flexible agents: 714
num of flexible tasks: 2714
Solving time: 0.163575 seconds
plan limit 807
current timestep 724
num of flexible agents: 719
num of flexible tasks: 2719
Solving time: 0.163029 seconds
plan limit 807
current timestep 725
num of flexible agents: 720
num of flexible tasks: 2720
Solving time: 0.171286 seconds
plan limit 799
current timestep 726
num of flexible agents: 724
num of flexible tasks: 2724
Solving time: 0.188428 seconds
plan limit 781
current timestep 727
num of flexible agents: 725
num of flexible tasks: 2725
Solving time: 0.172487 seconds
plan limit 797
current timestep 728
num of flexible agents: 740
num of flexible tasks: 2740
Solving time: 0.176711 seconds
plan limit 793
current timestep 729
num of flexible agents: 742
num of flexible tasks: 2742
Solving time: 0.187078 seconds
plan limit 782
current timestep 730
num of flexible agents: 748
num of flexible tasks: 2748
Solving time: 0.166687 seconds
plan limit 803
current timestep 731
num of flexible agents: 751
num of flexible tasks: 2751
Solving time: 0.17665 seconds
plan limit 794
current timestep 732
num of flexible agents: 766
num of flexible tasks: 2766
Solving time: 0.173226 seconds
plan limit 797
current timestep 733
num of flexible agents: 768
num of flexible tasks: 2768
Solving time: 0.191976 seconds
plan limit 778
current timestep 734
num of flexible agents: 770
num of flexible tasks: 2770
Solving time: 0.172261 seconds
plan limit 797
current timestep 735
num of flexible agents: 768
num of flexible tasks: 2768
Solving time: 0.179742 seconds
plan limit 790
current timestep 736
num of flexible agents: 770
num of flexible tasks: 2770
Solving time: 0.173851 seconds
plan limit 796
current timestep 737
num of flexible agents: 770
num of flexible tasks: 2770
Solving time: 0.169106 seconds
plan limit 801
current timestep 738
num of flexible agents: 767
num of flexible tasks: 2767
Solving time: 0.185238 seconds
plan limit 784
current timestep 739
num of flexible agents: 762
num of flexible tasks: 2762
Solving time: 0.165278 seconds
plan limit 805
current timestep 740
num of flexible agents: 759
num of flexible tasks: 2759
Solving time: 0.182939 seconds
plan limit 787
current timestep 741
num of flexible agents: 760
num of flexible tasks: 2760
Solving time: 0.170791 seconds
plan limit 799
current timestep 742
num of flexible agents: 761
num of flexible tasks: 2761
Solving time: 0.173387 seconds
plan limit 796
current timestep 743
num of flexible agents: 766
num of flexible tasks: 2766
Solving time: 0.195383 seconds
plan limit 775
current timestep 744
num of flexible agents: 766
num of flexible tasks: 2766
Solving time: 0.182843 seconds
plan limit 787
current timestep 745
num of flexible agents: 763
num of flexible tasks: 2763
Solving time: 0.183542 seconds
plan limit 786
current timestep 746
num of flexible agents: 764
num of flexible tasks: 2764
Solving time: 0.17884 seconds
plan limit 791
current timestep 747
num of flexible agents: 758
num of flexible tasks: 2758
Solving time: 0.191824 seconds
plan limit 778
current timestep 748
num of flexible agents: 763
num of flexible tasks: 2763
Solving time: 0.186579 seconds
plan limit 783
current timestep 749
num of flexible agents: 764
num of flexible tasks: 2764
Solving time: 0.182694 seconds
plan limit 787
current timestep 750
num of flexible agents: 760
num of flexible tasks: 2760
Solving time: 0.181817 seconds
plan limit 788
current timestep 751
num of flexible agents: 763
num of flexible tasks: 2763
Solving time: 0.179246 seconds
plan limit 791
current timestep 752
num of flexible agents: 767
num of flexible tasks: 2767
Solving time: 0.174091 seconds
plan limit 796
current timestep 753
num of flexible agents: 776
num of flexible tasks: 2776
Solving time: 0.179519 seconds
plan limit 790
current timestep 754
num of flexible agents: 782
num of flexible tasks: 2782
Solving time: 0.185632 seconds
plan limit 785
current timestep 755
num of flexible agents: 778
num of flexible tasks: 2778
Solving time: 0.190271 seconds
plan limit 780
current timestep 756
num of flexible agents: 772
num of flexible tasks: 2772
Solving time: 0.203529 seconds
plan limit 766
current timestep 757
num of flexible agents: 777
num of flexible tasks: 2777
Solving time: 0.193875 seconds
plan limit 774
current timestep 758
num of flexible agents: 767
num of flexible tasks: 2767
Solving time: 0.200035 seconds
plan limit 768
current timestep 759
num of flexible agents: 762
num of flexible tasks: 2762
Solving time: 0.216152 seconds
plan limit 753
current timestep 760
num of flexible agents: 768
num of flexible tasks: 2768
Solving time: 0.208155 seconds
plan limit 760
current timestep 761
num of flexible agents: 767
num of flexible tasks: 2767
Solving time: 0.188324 seconds
plan limit 780
current timestep 762
num of flexible agents: 774
num of flexible tasks: 2774
Solving time: 0.18496 seconds
plan limit 784
current timestep 763
num of flexible agents: 781
num of flexible tasks: 2781
Solving time: 0.193569 seconds
plan limit 775
current timestep 764
num of flexible agents: 782
num of flexible tasks: 2782
Solving time: 0.197958 seconds
plan limit 770
current timestep 765
num of flexible agents: 788
num of flexible tasks: 2788
Solving time: 0.197308 seconds
plan limit 771
current timestep 766
num of flexible agents: 785
num of flexible tasks: 2785
Solving time: 0.194825 seconds
plan limit 774
current timestep 767
num of flexible agents: 777
num of flexible tasks: 2777
Solving time: 0.184698 seconds
plan limit 784
current timestep 768
num of flexible agents: 786
num of flexible tasks: 2786
Solving time: 0.204214 seconds
plan limit 764
current timestep 769
num of flexible agents: 796
num of flexible tasks: 2796
Solving time: 0.187971 seconds
plan limit 782
current timestep 770
num of flexible agents: 795
num of flexible tasks: 2795
Solving time: 0.17793 seconds
plan limit 792
current timestep 771
num of flexible agents: 799
num of flexible tasks: 2799
Solving time: 0.180366 seconds
plan limit 789
current timestep 772
num of flexible agents: 801
num of flexible tasks: 2801
Solving time: 0.173915 seconds
plan limit 795
current timestep 773
num of flexible agents: 802
num of flexible tasks: 2802
Solving time: 0.191312 seconds
plan limit 778
current timestep 774
num of flexible agents: 804
num of flexible tasks: 2804
Solving time: 0.187171 seconds
plan limit 782
current timestep 775
num of flexible agents: 807
num of flexible tasks: 2807
Solving time: 0.178727 seconds
plan limit 791
current timestep 776
num of flexible agents: 807
num of flexible tasks: 2807
Solving time: 0.180982 seconds
plan limit 787
current timestep 777
num of flexible agents: 800
num of flexible tasks: 2800
Solving time: 0.17831 seconds
plan limit 791
current timestep 778
num of flexible agents: 797
num of flexible tasks: 2797
Solving time: 0.182861 seconds
plan limit 787
current timestep 779
num of flexible agents: 800
num of flexible tasks: 2800
Solving time: 0.174184 seconds
plan limit 796
current timestep 780
num of flexible agents: 800
num of flexible tasks: 2800
Solving time: 0.196597 seconds
plan limit 773
current timestep 781
num of flexible agents: 799
num of flexible tasks: 2799
Solving time: 0.184788 seconds
plan limit 785
current timestep 782
num of flexible agents: 804
num of flexible tasks: 2804
Solving time: 0.187994 seconds
plan limit 781
current timestep 783
num of flexible agents: 804
num of flexible tasks: 2804
Solving time: 0.187696 seconds
plan limit 782
current timestep 784
num of flexible agents: 804
num of flexible tasks: 2804
Solving time: 0.178479 seconds
plan limit 791
current timestep 785
num of flexible agents: 810
num of flexible tasks: 2810
Solving time: 0.187307 seconds
plan limit 782
current timestep 786
num of flexible agents: 813
num of flexible tasks: 2813
Solving time: 0.171928 seconds
plan limit 798
current timestep 787
num of flexible agents: 817
num of flexible tasks: 2817
Solving time: 0.177108 seconds
plan limit 792
current timestep 788
num of flexible agents: 816
num of flexible tasks: 2816
Solving time: 0.176017 seconds
plan limit 793
current timestep 789
num of flexible agents: 810
num of flexible tasks: 2810
Solving time: 0.199974 seconds
plan limit 769
current timestep 790
num of flexible agents: 802
num of flexible tasks: 2802
Solving time: 0.168755 seconds
plan limit 801
current timestep 791
num of flexible agents: 804
num of flexible tasks: 2804
Solving time: 0.182131 seconds
plan limit 787
current timestep 792
num of flexible agents: 810
num of flexible tasks: 2810
Solving time: 0.18624 seconds
plan limit 783
current timestep 793
num of flexible agents: 822
num of flexible tasks: 2822
Solving time: 0.173229 seconds
plan limit 796
current timestep 794
num of flexible agents: 826
num of flexible tasks: 2826
Solving time: 0.186105 seconds
plan limit 783
current timestep 795
num of flexible agents: 825
num of flexible tasks: 2825
Solving time: 0.177361 seconds
plan limit 792
current timestep 796
num of flexible agents: 831
num of flexible tasks: 2831
Solving time: 0.171484 seconds
plan limit 798
current timestep 797
num of flexible agents: 823
num of flexible tasks: 2823
Solving time: 0.196505 seconds
plan limit 773
current timestep 798
num of flexible agents: 816
num of flexible tasks: 2816
Solving time: 0.198384 seconds
plan limit 771
current timestep 799
num of flexible agents: 809
num of flexible tasks: 2809
Solving time: 0.187813 seconds
plan limit 782
current timestep 800
num of flexible agents: 816
num of flexible tasks: 2816
Solving time: 0.185052 seconds
plan limit 785
current timestep 801
num of flexible agents: 820
num of flexible tasks: 2820
Solving time: 0.179721 seconds
plan limit 790
current timestep 802
num of flexible agents: 819
num of flexible tasks: 2819
Solving time: 0.186514 seconds
plan limit 783
current timestep 803
num of flexible agents: 822
num of flexible tasks: 2822
Solving time: 0.183612 seconds
plan limit 786
current timestep 804
num of flexible agents: 824
num of flexible tasks: 2824
Solving time: 0.179677 seconds
plan limit 790
current timestep 805
num of flexible agents: 824
num of flexible tasks: 2824
Solving time: 0.172103 seconds
plan limit 798
current timestep 806
num of flexible agents: 826
num of flexible tasks: 2826
Solving time: 0.205529 seconds
plan limit 764
current timestep 807
num of flexible agents: 828
num of flexible tasks: 2828
Solving time: 0.17631 seconds
plan limit 793
current timestep 808
num of flexible agents: 833
num of flexible tasks: 2833
Solving time: 0.185006 seconds
plan limit 784
current timestep 809
num of flexible agents: 834
num of flexible tasks: 2834
Solving time: 0.175527 seconds
plan limit 794
current timestep 810
num of flexible agents: 841
num of flexible tasks: 2841
Solving time: 0.195865 seconds
plan limit 774
current timestep 811
num of flexible agents: 839
num of flexible tasks: 2839
Solving time: 0.183471 seconds
plan limit 786
current timestep 812
num of flexible agents: 839
num of flexible tasks: 2839
Solving time: 0.168002 seconds
plan limit 802
current timestep 813
num of flexible agents: 835
num of flexible tasks: 2835
Solving time: 0.190183 seconds
plan limit 779
current timestep 814
num of flexible agents: 833
num of flexible tasks: 2833
Solving time: 0.177963 seconds
plan limit 792
current timestep 815
num of flexible agents: 817
num of flexible tasks: 2817
Solving time: 0.191875 seconds
plan limit 778
current timestep 816
num of flexible agents: 819
num of flexible tasks: 2819
Solving time: 0.195179 seconds
plan limit 774
current timestep 817
num of flexible agents: 822
num of flexible tasks: 2822
Solving time: 0.177118 seconds
plan limit 792
current timestep 818
num of flexible agents: 826
num of flexible tasks: 2826
Solving time: 0.170427 seconds
plan limit 799
current timestep 819
num of flexible agents: 824
num of flexible tasks: 2824
Solving time: 0.175772 seconds
plan limit 794
current timestep 820
num of flexible agents: 810
num of flexible tasks: 2810
Solving time: 0.17771 seconds
plan limit 792
current timestep 821
num of flexible agents: 815
num of flexible tasks: 2815
Solving time: 0.1721 seconds
plan limit 797
current timestep 822
num of flexible agents: 816
num of flexible tasks: 2816
Solving time: 0.184194 seconds
plan limit 785
current timestep 823
num of flexible agents: 812
num of flexible tasks: 2812
Solving time: 0.167454 seconds
plan limit 802
current timestep 824
num of flexible agents: 816
num of flexible tasks: 2816
Solving time: 0.179611 seconds
plan limit 790
current timestep 825
num of flexible agents: 816
num of flexible tasks: 2816
Solving time: 0.182137 seconds
plan limit 787
current timestep 826
num of flexible agents: 817
num of flexible tasks: 2817
Solving time: 0.169536 seconds
plan limit 799
current timestep 827
num of flexible agents: 819
num of flexible tasks: 2819
Solving time: 0.161293 seconds
plan limit 808
current timestep 828
num of flexible agents: 808
num of flexible tasks: 2808
Solving time: 0.165835 seconds
plan limit 804
current timestep 829
num of flexible agents: 812
num of flexible tasks: 2812
Solving time: 0.185809 seconds
plan limit 784
current timestep 830
num of flexible agents: 816
num of flexible tasks: 2816
Solving time: 0.171297 seconds
plan limit 798
current timestep 831
num of flexible agents: 819
num of flexible tasks: 2819
Solving time: 0.178987 seconds
plan limit 791
current timestep 832
num of flexible agents: 821
num of flexible tasks: 2821
Solving time: 0.162127 seconds
plan limit 807
current timestep 833
num of flexible agents: 835
num of flexible tasks: 2835
Solving time: 0.160917 seconds
plan limit 809
current timestep 834
num of flexible agents: 830
num of flexible tasks: 2830
Solving time: 0.171918 seconds
plan limit 798
current timestep 835
num of flexible agents: 830
num of flexible tasks: 2830
Solving time: 0.164909 seconds
plan limit 805
current timestep 836
num of flexible agents: 835
num of flexible tasks: 2835
Solving time: 0.159706 seconds
plan limit 810
current timestep 837
num of flexible agents: 826
num of flexible tasks: 2826
Solving time: 0.169164 seconds
plan limit 801
current timestep 838
num of flexible agents: 828
num of flexible tasks: 2828
Solving time: 0.172304 seconds
plan limit 797
current timestep 839
num of flexible agents: 828
num of flexible tasks: 2828
Solving time: 0.16898 seconds
plan limit 801
current timestep 840
num of flexible agents: 818
num of flexible tasks: 2818
Solving time: 0.15786 seconds
plan limit 812
current timestep 841
num of flexible agents: 818
num of flexible tasks: 2818
Solving time: 0.18434 seconds
plan limit 785
current timestep 842
num of flexible agents: 822
num of flexible tasks: 2822
Solving time: 0.172961 seconds
plan limit 796
current timestep 843
num of flexible agents: 808
num of flexible tasks: 2808
Solving time: 0.177616 seconds
plan limit 792
current timestep 844
num of flexible agents: 802
num of flexible tasks: 2802
Solving time: 0.195485 seconds
plan limit 774
current timestep 845
num of flexible agents: 804
num of flexible tasks: 2804
Solving time: 0.164876 seconds
plan limit 804
current timestep 846
num of flexible agents: 807
num of flexible tasks: 2807
Solving time: 0.191687 seconds
plan limit 778
current timestep 847
num of flexible agents: 810
num of flexible tasks: 2810
Solving time: 0.1732 seconds
plan limit 796
current timestep 848
num of flexible agents: 812
num of flexible tasks: 2812
Solving time: 0.18685 seconds
plan limit 783
current timestep 849
num of flexible agents: 807
num of flexible tasks: 2807
Solving time: 0.185547 seconds
plan limit 783
current timestep 850
num of flexible agents: 815
num of flexible tasks: 2815
Solving time: 0.192405 seconds
plan limit 777
current timestep 851
num of flexible agents: 811
num of flexible tasks: 2811
Solving time: 0.199146 seconds
plan limit 769
current timestep 852
num of flexible agents: 811
num of flexible tasks: 2811
Solving time: 0.179664 seconds
plan limit 789
current timestep 853
num of flexible agents: 812
num of flexible tasks: 2812
Solving time: 0.188742 seconds
plan limit 781
current timestep 854
num of flexible agents: 809
num of flexible tasks: 2809
Solving time: 0.16485 seconds
plan limit 804
current timestep 855
num of flexible agents: 808
num of flexible tasks: 2808
Solving time: 0.194276 seconds
plan limit 775
current timestep 856
num of flexible agents: 809
num of flexible tasks: 2809
Solving time: 0.175517 seconds
plan limit 794
current timestep 857
num of flexible agents: 812
num of flexible tasks: 2812
Solving time: 0.180914 seconds
plan limit 788
current timestep 858
num of flexible agents: 819
num of flexible tasks: 2819
Solving time: 0.178482 seconds
plan limit 791
current timestep 859
num of flexible agents: 815
num of flexible tasks: 2815
Solving time: 0.196208 seconds
plan limit 773
current timestep 860
num of flexible agents: 816
num of flexible tasks: 2816
Solving time: 0.195611 seconds
plan limit 774
current timestep 861
num of flexible agents: 823
num of flexible tasks: 2823
Solving time: 0.184094 seconds
plan limit 785
current timestep 862
num of flexible agents: 823
num of flexible tasks: 2823
Solving time: 0.188787 seconds
plan limit 781
current timestep 863
num of flexible agents: 820
num of flexible tasks: 2820
Solving time: 0.180277 seconds
plan limit 789
current timestep 864
num of flexible agents: 816
num of flexible tasks: 2816
Solving time: 0.175975 seconds
plan limit 794
current timestep 865
num of flexible agents: 815
num of flexible tasks: 2815
Solving time: 0.178116 seconds
plan limit 792
current timestep 866
num of flexible agents: 825
num of flexible tasks: 2825
Solving time: 0.177222 seconds
plan limit 793
current timestep 867
num of flexible agents: 824
num of flexible tasks: 2824
Solving time: 0.184269 seconds
plan limit 785
current timestep 868
num of flexible agents: 813
num of flexible tasks: 2813
Solving time: 0.172993 seconds
plan limit 797
current timestep 869
num of flexible agents: 810
num of flexible tasks: 2810
Solving time: 0.177311 seconds
plan limit 791
current timestep 870
num of flexible agents: 813
num of flexible tasks: 2813
Solving time: 0.1782 seconds
plan limit 790
current timestep 871
num of flexible agents: 814
num of flexible tasks: 2814
Solving time: 0.180469 seconds
plan limit 789
current timestep 872
num of flexible agents: 816
num of flexible tasks: 2816
Solving time: 0.187272 seconds
plan limit 782
current timestep 873
num of flexible agents: 809
num of flexible tasks: 2809
Solving time: 0.188342 seconds
plan limit 781
current timestep 874
num of flexible agents: 812
num of flexible tasks: 2812
Solving time: 0.183031 seconds
plan limit 786
current timestep 875
num of flexible agents: 805
num of flexible tasks: 2805
Solving time: 0.180977 seconds
plan limit 788
current timestep 876
num of flexible agents: 803
num of flexible tasks: 2803
Solving time: 0.179366 seconds
plan limit 789
current timestep 877
num of flexible agents: 803
num of flexible tasks: 2803
Solving time: 0.182519 seconds
plan limit 786
current timestep 878
num of flexible agents: 809
num of flexible tasks: 2809
Solving time: 0.181587 seconds
plan limit 788
current timestep 879
num of flexible agents: 804
num of flexible tasks: 2804
Solving time: 0.182241 seconds
plan limit 787
current timestep 880
num of flexible agents: 807
num of flexible tasks: 2807
Solving time: 0.18663 seconds
plan limit 783
current timestep 881
num of flexible agents: 809
num of flexible tasks: 2809
Solving time: 0.171665 seconds
plan limit 798
current timestep 882
num of flexible agents: 803
num of flexible tasks: 2803
Solving time: 0.178412 seconds
plan limit 791
current timestep 883
num of flexible agents: 807
num of flexible tasks: 2807
Solving time: 0.184562 seconds
plan limit 785
current timestep 884
num of flexible agents: 808
num of flexible tasks: 2808
Solving time: 0.186597 seconds
plan limit 782
current timestep 885
num of flexible agents: 811
num of flexible tasks: 2811
Solving time: 0.176884 seconds
plan limit 793
current timestep 886
num of flexible agents: 811
num of flexible tasks: 2811
Solving time: 0.180779 seconds
plan limit 788
current timestep 887
num of flexible agents: 808
num of flexible tasks: 2808
Solving time: 0.166967 seconds
plan limit 802
current timestep 888
num of flexible agents: 810
num of flexible tasks: 2810
Solving time: 0.178854 seconds
plan limit 791
current timestep 889
num of flexible agents: 813
num of flexible tasks: 2813
Solving time: 0.173849 seconds
plan limit 794
current timestep 890
num of flexible agents: 809
num of flexible tasks: 2809
Solving time: 0.185585 seconds
plan limit 784
current timestep 891
num of flexible agents: 814
num of flexible tasks: 2814
Solving time: 0.182641 seconds
plan limit 786
current timestep 892
num of flexible agents: 823
num of flexible tasks: 2823
Solving time: 0.186409 seconds
plan limit 783
current timestep 893
num of flexible agents: 823
num of flexible tasks: 2823
Solving time: 0.183642 seconds
plan limit 785
current timestep 894
num of flexible agents: 826
num of flexible tasks: 2826
Solving time: 0.191395 seconds
plan limit 778
current timestep 895
num of flexible agents: 818
num of flexible tasks: 2818
Solving time: 0.176204 seconds
plan limit 794
current timestep 896
num of flexible agents: 818
num of flexible tasks: 2818
Solving time: 0.190564 seconds
plan limit 779
current timestep 897
num of flexible agents: 807
num of flexible tasks: 2807
Solving time: 0.195515 seconds
plan limit 774
current timestep 898
num of flexible agents: 809
num of flexible tasks: 2809
Solving time: 0.177124 seconds
plan limit 790
current timestep 899
num of flexible agents: 811
num of flexible tasks: 2811
Solving time: 0.167184 seconds
plan limit 803
current timestep 900
num of flexible agents: 809
num of flexible tasks: 2809
Solving time: 0.170871 seconds
plan limit 799
current timestep 901
num of flexible agents: 804
num of flexible tasks: 2804
Solving time: 0.1803 seconds
plan limit 790
current timestep 902
num of flexible agents: 806
num of flexible tasks: 2806
Solving time: 0.187733 seconds
plan limit 782
current timestep 903
num of flexible agents: 811
num of flexible tasks: 2811
Solving time: 0.169224 seconds
plan limit 800
current timestep 904
num of flexible agents: 818
num of flexible tasks: 2818
Solving time: 0.166391 seconds
plan limit 803
current timestep 905
num of flexible agents: 828
num of flexible tasks: 2828
Solving time: 0.181952 seconds
plan limit 787
current timestep 906
num of flexible agents: 828
num of flexible tasks: 2828
Solving time: 0.165019 seconds
plan limit 804
current timestep 907
num of flexible agents: 822
num of flexible tasks: 2822
Solving time: 0.191514 seconds
plan limit 778
current timestep 908
num of flexible agents: 829
num of flexible tasks: 2829
Solving time: 0.18254 seconds
plan limit 787
current timestep 909
num of flexible agents: 836
num of flexible tasks: 2836
Solving time: 0.185185 seconds
plan limit 784
current timestep 910
num of flexible agents: 830
num of flexible tasks: 2830
Solving time: 0.187238 seconds
plan limit 782
current timestep 911
num of flexible agents: 827
num of flexible tasks: 2827
Solving time: 0.194829 seconds
plan limit 774
current timestep 912
num of flexible agents: 833
num of flexible tasks: 2833
Solving time: 0.18522 seconds
plan limit 783
current timestep 913
num of flexible agents: 838
num of flexible tasks: 2838
Solving time: 0.192821 seconds
plan limit 776
current timestep 914
num of flexible agents: 843
num of flexible tasks: 2843
Solving time: 0.185417 seconds
plan limit 784
current timestep 915
num of flexible agents: 834
num of flexible tasks: 2834
Solving time: 0.18247 seconds
plan limit 787
current timestep 916
num of flexible agents: 831
num of flexible tasks: 2831
Solving time: 0.213258 seconds
plan limit 756
current timestep 917
num of flexible agents: 822
num of flexible tasks: 2822
Solving time: 0.169842 seconds
plan limit 799
current timestep 918
num of flexible agents: 823
num of flexible tasks: 2823
Solving time: 0.206218 seconds
plan limit 763
current timestep 919
num of flexible agents: 824
num of flexible tasks: 2824
Solving time: 0.188752 seconds
plan limit 780
current timestep 920
num of flexible agents: 829
num of flexible tasks: 2829
Solving time: 0.178389 seconds
plan limit 791
current timestep 921
num of flexible agents: 831
num of flexible tasks: 2831
Solving time: 0.189753 seconds
plan limit 779
current timestep 922
num of flexible agents: 827
num of flexible tasks: 2827
Solving time: 0.182815 seconds
plan limit 786
current timestep 923
num of flexible agents: 833
num of flexible tasks: 2833
Solving time: 0.176972 seconds
plan limit 792
current timestep 924
num of flexible agents: 844
num of flexible tasks: 2844
Solving time: 0.177436 seconds
plan limit 792
current timestep 925
num of flexible agents: 839
num of flexible tasks: 2839
Solving time: 0.189715 seconds
plan limit 780
current timestep 926
num of flexible agents: 837
num of flexible tasks: 2837
Solving time: 0.185231 seconds
plan limit 784
current timestep 927
num of flexible agents: 839
num of flexible tasks: 2839
Solving time: 0.185002 seconds
plan limit 785
current timestep 928
num of flexible agents: 840
num of flexible tasks: 2840
Solving time: 0.18896 seconds
plan limit 781
current timestep 929
num of flexible agents: 843
num of flexible tasks: 2843
Solving time: 0.192831 seconds
plan limit 777
current timestep 930
num of flexible agents: 843
num of flexible tasks: 2843
Solving time: 0.184264 seconds
plan limit 785
current timestep 931
num of flexible agents: 853
num of flexible tasks: 2853
Solving time: 0.185694 seconds
plan limit 784
current timestep 932
num of flexible agents: 856
num of flexible tasks: 2856
Solving time: 0.209947 seconds
plan limit 759
current timestep 933
num of flexible agents: 850
num of flexible tasks: 2850
Solving time: 0.198262 seconds
plan limit 770
current timestep 934
num of flexible agents: 852
num of flexible tasks: 2852
Solving time: 0.187817 seconds
plan limit 781
current timestep 935
num of flexible agents: 847
num of flexible tasks: 2847
Solving time: 0.192475 seconds
plan limit 777
current timestep 936
num of flexible agents: 851
num of flexible tasks: 2851
Solving time: 0.183664 seconds
plan limit 785
current timestep 937
num of flexible agents: 854
num of flexible tasks: 2854
Solving time: 0.190323 seconds
plan limit 779
current timestep 938
num of flexible agents: 860
num of flexible tasks: 2860
Solving time: 0.177627 seconds
plan limit 792
current timestep 939
num of flexible agents: 854
num of flexible tasks: 2854
Solving time: 0.196209 seconds
plan limit 773
current timestep 940
num of flexible agents: 853
num of flexible tasks: 2853
Solving time: 0.175163 seconds
plan limit 793
current timestep 941
num of flexible agents: 859
num of flexible tasks: 2859
Solving time: 0.185423 seconds
plan limit 784
current timestep 942
num of flexible agents: 867
num of flexible tasks: 2867
Solving time: 0.175197 seconds
plan limit 794
current timestep 943
num of flexible agents: 862
num of flexible tasks: 2862
Solving time: 0.194759 seconds
plan limit 774
current timestep 944
num of flexible agents: 858
num of flexible tasks: 2858
Solving time: 0.180085 seconds
plan limit 789
current timestep 945
num of flexible agents: 858
num of flexible tasks: 2858
Solving time: 0.189939 seconds
plan limit 779
current timestep 946
num of flexible agents: 859
num of flexible tasks: 2859
Solving time: 0.187494 seconds
plan limit 782
current timestep 947
num of flexible agents: 857
num of flexible tasks: 2857
Solving time: 0.185849 seconds
plan limit 783
current timestep 948
num of flexible agents: 854
num of flexible tasks: 2854
Solving time: 0.171331 seconds
plan limit 798
current timestep 949
num of flexible agents: 858
num of flexible tasks: 2858
Solving time: 0.193431 seconds
plan limit 776
current timestep 950
num of flexible agents: 865
num of flexible tasks: 2865
Solving time: 0.19589 seconds
plan limit 773
current timestep 951
num of flexible agents: 865
num of flexible tasks: 2865
Solving time: 0.165906 seconds
plan limit 804
current timestep 952
num of flexible agents: 865
num of flexible tasks: 2865
Solving time: 0.168924 seconds
plan limit 801
current timestep 953
num of flexible agents: 866
num of flexible tasks: 2866
Solving time: 0.172069 seconds
plan limit 798
current timestep 954
num of flexible agents: 873
num of flexible tasks: 2873
Solving time: 0.17995 seconds
plan limit 789
current timestep 955
num of flexible agents: 877
num of flexible tasks: 2877
Solving time: 0.17516 seconds
plan limit 794
current timestep 956
num of flexible agents: 877
num of flexible tasks: 2877
Solving time: 0.190178 seconds
plan limit 779
current timestep 957
num of flexible agents: 871
num of flexible tasks: 2871
Solving time: 0.18693 seconds
plan limit 782
current timestep 958
num of flexible agents: 875
num of flexible tasks: 2875
Solving time: 0.181872 seconds
plan limit 788
current timestep 959
num of flexible agents: 873
num of flexible tasks: 2873
Solving time: 0.177566 seconds
plan limit 791
current timestep 960
num of flexible agents: 872
num of flexible tasks: 2872
Solving time: 0.187016 seconds
plan limit 782
current timestep 961
num of flexible agents: 861
num of flexible tasks: 2861
Solving time: 0.185342 seconds
plan limit 784
current timestep 962
num of flexible agents: 858
num of flexible tasks: 2858
Solving time: 0.17942 seconds
plan limit 790
current timestep 963
num of flexible agents: 853
num of flexible tasks: 2853
Solving time: 0.179736 seconds
plan limit 789
current timestep 964
num of flexible agents: 861
num of flexible tasks: 2861
Solving time: 0.193191 seconds
plan limit 776
current timestep 965
num of flexible agents: 858
num of flexible tasks: 2858
Solving time: 0.191492 seconds
plan limit 778
current timestep 966
num of flexible agents: 855
num of flexible tasks: 2855
Solving time: 0.191935 seconds
plan limit 776
current timestep 967
num of flexible agents: 853
num of flexible tasks: 2853
Solving time: 0.197536 seconds
plan limit 772
current timestep 968
num of flexible agents: 852
num of flexible tasks: 2852
Solving time: 0.189592 seconds
plan limit 779
current timestep 969
num of flexible agents: 855
num of flexible tasks: 2855
Solving time: 0.193154 seconds
plan limit 776
current timestep 970
num of flexible agents: 859
num of flexible tasks: 2859
Solving time: 0.178036 seconds
plan limit 791
current timestep 971
num of flexible agents: 863
num of flexible tasks: 2863
Solving time: 0.185115 seconds
plan limit 784
current timestep 972
num of flexible agents: 867
num of flexible tasks: 2867
Solving time: 0.198067 seconds
plan limit 771
current timestep 973
num of flexible agents: 867
num of flexible tasks: 2867
Solving time: 0.193574 seconds
plan limit 775
current timestep 974
num of flexible agents: 868
num of flexible tasks: 2868
Solving time: 0.204074 seconds
plan limit 765
current timestep 975
num of flexible agents: 864
num of flexible tasks: 2864
Solving time: 0.194541 seconds
plan limit 774
current timestep 976
num of flexible agents: 860
num of flexible tasks: 2860
Solving time: 0.199575 seconds
plan limit 770
current timestep 977
num of flexible agents: 859
num of flexible tasks: 2859
Solving time: 0.19067 seconds
plan limit 778
current timestep 978
num of flexible agents: 861
num of flexible tasks: 2861
Solving time: 0.243874 seconds
plan limit 726
current timestep 979
num of flexible agents: 853
num of flexible tasks: 2853
Solving time: 0.180133 seconds
plan limit 789
current timestep 980
num of flexible agents: 861
num of flexible tasks: 2861
Solving time: 0.209735 seconds
plan limit 759
current timestep 981
num of flexible agents: 857
num of flexible tasks: 2857
Solving time: 0.213128 seconds
plan limit 756
current timestep 982
num of flexible agents: 865
num of flexible tasks: 2865
Solving time: 0.205595 seconds
plan limit 763
current timestep 983
num of flexible agents: 873
num of flexible tasks: 2873
Solving time: 0.200384 seconds
plan limit 769
current timestep 984
num of flexible agents: 868
num of flexible tasks: 2868
Solving time: 0.209599 seconds
plan limit 759
current timestep 985
num of flexible agents: 858
num of flexible tasks: 2858
Solving time: 0.197936 seconds
plan limit 771
current timestep 986
num of flexible agents: 856
num of flexible tasks: 2856
Solving time: 0.225122 seconds
plan limit 744
current timestep 987
num of flexible agents: 860
num of flexible tasks: 2860
Solving time: 0.18168 seconds
plan limit 788
current timestep 988
num of flexible agents: 855
num of flexible tasks: 2855
Solving time: 0.194036 seconds
plan limit 776
current timestep 989
num of flexible agents: 863
num of flexible tasks: 2863
Solving time: 0.191295 seconds
plan limit 778
current timestep 990
num of flexible agents: 869
num of flexible tasks: 2869
Solving time: 0.176367 seconds
plan limit 793
current timestep 991
num of flexible agents: 864
num of flexible tasks: 2864
Solving time: 0.197613 seconds
plan limit 772
current timestep 992
num of flexible agents: 865
num of flexible tasks: 2865
Solving time: 0.194062 seconds
plan limit 775
current timestep 993
num of flexible agents: 865
num of flexible tasks: 2865
Solving time: 0.198156 seconds
plan limit 771
current timestep 994
num of flexible agents: 862
num of flexible tasks: 2862
Solving time: 0.192647 seconds
plan limit 776
current timestep 995
num of flexible agents: 861
num of flexible tasks: 2861
Solving time: 0.201597 seconds
plan limit 767
current timestep 996
num of flexible agents: 860
num of flexible tasks: 2860
Solving time: 0.203678 seconds
plan limit 765
current timestep 997
num of flexible agents: 861
num of flexible tasks: 2861
Solving time: 0.205722 seconds
plan limit 763
current timestep 998
num of flexible agents: 858
num of flexible tasks: 2858
Solving time: 0.198948 seconds
plan limit 770
current timestep 999
num of flexible agents: 854
num of flexible tasks: 2854
Solving time: 0.212724 seconds
plan limit 756
