task_id,revealed_at,first_assigned_at,picked_up_at,completed_at,first_agent,reassignments,pickup_distance_at_assignment,service_shortest_distance,empty_distance,loaded_distance,active_wait_steps,assignment_wait,pickup_wait,completion_time,loaded_detour_ratio
0,0,1,8,59,397,5,1,27,3,37,18,1,8,59,1.370370
1,0,1,8,102,393,3,2,43,6,65,30,1,8,102,1.511628
2,0,3,4,85,448,0,1,54,1,70,11,3,4,85,1.296296
3,0,1,19,128,544,10,6,33,13,65,48,1,19,128,1.969697
4,0,1,23,84,459,6,9,30,17,48,18,1,23,84,1.600000
5,0,1,15,37,139,6,12,19,9,21,6,1,15,37,1.105263
6,0,1,1,54,466,0,0,29,0,49,4,1,1,54,1.689655
7,0,1,12,30,162,7,1,15,7,17,4,1,12,30,1.133333
8,0,6,149,213,127,63,13,24,79,50,57,6,149,213,2.083333
9,0,1,6,81,144,4,7,35,4,59,17,1,6,81,1.685714
10,0,31,62,145,215,12,12,40,20,74,20,31,62,145,1.850000
11,0,1,1,48,364,0,0,47,0,47,0,1,1,48,1.000000
12,0,1,66,144,234,35,6,28,55,74,14,1,66,144,2.642857
13,0,1,5,75,193,4,2,29,2,43,29,1,5,75,1.482759
14,0,1,5,56,221,3,3,45,3,47,5,1,5,56,1.044444
15,0,1,5,24,401,3,13,10,4,14,5,1,5,24,1.400000
16,0,5,10,72,493,0,3,43,5,55,7,5,10,72,1.279070
17,0,1,11,66,194,6,10,27,8,53,4,1,11,66,1.962963
18,0,1,11,76,536,3,5,22,7,48,20,1,11,76,2.181818
19,0,1,17,87,344,7,16,24,9,52,25,1,17,87,2.166667
20,0,1,10,103,355,5,2,46,9,84,9,1,10,103,1.826087
21,0,1,4,32,127,1,13,25,3,27,1,1,4,32,1.080000
22,0,1,15,27,323,10,5,10,10,12,4,1,15,27,1.200000
23,0,1,84,108,337,30,5,17,52,21,33,1,84,108,1.235294
24,0,1,2,33,351,0,1,26,1,28,3,1,2,33,1.076923
25,0,1,9,30,287,4,8,14,8,14,7,1,9,30,1.000000
26,0,1,6,53,312,1,3,42,4,46,2,1,6,53,1.095238
27,0,1,7,44,497,4,9,35,5,37,1,1,7,44,1.057143
28,0,1,34,123,496,15,5,26,27,66,29,1,34,123,2.538462
29,0,1,14,78,367,2,13,29,13,49,15,1,14,78,1.689655
30,0,1,25,102,342,6,4,49,19,69,12,1,25,102,1.408163
31,0,1,30,47,225,14,3,10,17,14,15,1,30,47,1.400000
32,0,2,30,115,332,2,4,51,19,79,8,2,30,115,1.549020
33,0,1,16,108,513,7,6,48,14,82,11,1,16,108,1.708333
34,0,1,8,31,371,5,5,15,7,19,4,1,8,31,1.266667
35,0,1,25,113,420,1,3,30,10,66,25,1,25,113,2.200000
36,0,1,16,120,240,13,5,42,11,86,22,1,16,120,2.047619
37,0,1,17,132,356,4,3,15,13,85,33,1,17,132,5.666667
38,0,1,21,75,244,15,15,21,18,43,13,1,21,75,2.047619
39,0,1,212,262,417,115,4,24,132,36,93,1,212,262,1.500000
40,0,1,5,29,479,4,5,20,4,22,2,1,5,29,1.100000
41,0,8,35,115,506,5,3,25,15,65,19,8,35,115,2.600000
42,0,1,11,28,320,2,5,15,4,15,8,1,11,28,1.000000
43,0,1,35,97,480,15,4,38,22,52,20,1,35,97,1.368421
44,0,1,22,124,491,4,3,53,8,95,7,1,22,124,1.792453
45,0,1,18,95,449,4,2,32,11,56,26,1,18,95,1.750000
46,0,1,14,30,467,4,10,10,10,12,7,1,14,30,1.200000
47,0,1,18,81,379,7,10,36,14,62,4,1,18,81,1.722222
48,0,3,288,329,450,2,5,27,9,33,8,3,288,329,1.222222
49,0,1,57,138,365,9,4,36,23,60,31,1,57,138,1.666667
50,0,1,2,32,396,1,6,24,1,28,2,1,2,32,1.166667
51,0,1,2,57,301,0,1,44,1,48,7,1,2,57,1.090909
52,0,187,199,230,330,3,2,20,9,26,6,187,199,230,1.300000
53,0,222,245,323,392,7,6,51,14,73,9,222,245,323,1.431373
54,0,1,22,54,506,13,7,21,18,25,10,1,22,54,1.190476
55,0,1,27,122,518,14,3,29,21,87,12,1,27,122,3.000000
56,0,1,2,63,190,1,4,45,1,59,2,1,2,63,1.311111
57,0,1,1,31,464,0,0,24,0,28,2,1,1,31,1.166667
58,0,222,259,335,286,6,5,52,11,66,18,222,259,335,1.269231
59,0,1,8,30,200,2,3,20,3,20,6,1,8,30,1.000000
60,0,5,23,122,127,3,14,35,4,69,31,5,23,122,1.971429
61,0,1,9,93,411,2,4,28,6,72,14,1,9,93,2.571429
62,0,1,14,54,269,11,12,17,8,31,14,1,14,54,1.823529
63,0,1,25,108,418,5,4,47,16,79,12,1,25,108,1.680851
64,0,4,6,30,574,1,4,15,1,19,6,4,6,30,1.266667
65,0,1,1,57,465,0,0,38,0,44,12,1,1,57,1.157895
66,0,3,13,111,499,3,14,35,9,77,21,3,13,111,2.200000
67,0,1,5,93,314,3,3,43,4,69,19,1,5,93,1.604651
68,0,7,7,41,198,0,0,28,0,28,6,7,7,41,1.000000
69,0,1,11,105,191,4,8,30,8,70,26,1,11,105,2.333333
70,0,3,7,61,568,2,2,26,4,44,10,3,7,61,1.692308
71,0,1,17,97,295,4,2,46,13,64,19,1,17,97,1.391304
72,0,1,9,73,357,6,6,49,5,51,16,1,9,73,1.040816
73,0,1,13,68,329,6,6,22,7,30,30,1,13,68,1.363636
74,0,2,3,58,448,1,2,45,1,51,4,2,3,58,1.133333
75,0,1,4,75,309,2,3,48,3,58,13,1,4,75,1.208333
76,0,16,24,106,282,0,5,55,7,75,8,16,24,106,1.363636
77,0,1,4,74,292,0,1,30,3,52,18,1,4,74,1.733333
78,0,1,2,37,473,0,1,30,1,34,1,1,2,37,1.133333
79,0,1,3,55,384,1,1,39,1,51,2,1,3,55,1.307692
80,0,1,20,38,485,6,7,14,8,14,6,1,20,38,1.000000
81,0,3,5,36,538,1,4,19,2,29,2,3,5,36,1.526316
82,0,1,200,238,232,92,4,21,146,25,66,1,200,238,1.190476
83,0,1,124,171,92,59,2,8,86,30,53,1,124,171,3.750000
84,0,1,4,20,484,0,3,14,3,14,2,1,4,20,1.000000
85,0,1,26,135,460,13,15,36,20,82,32,1,26,135,2.277778
86,0,1,10,79,326,2,9,19,9,45,24,1,10,79,2.368421
87,0,1,14,64,278,8,16,24,13,38,12,1,14,64,1.583333
88,0,1,76,133,125,25,5,20,54,38,39,1,76,133,1.900000
89,0,1,9,50,302,2,8,36,8,38,3,1,9,50,1.055556
90,0,1,9,73,403,5,11,37,8,57,7,1,9,73,1.540541
91,0,1,9,88,368,3,1,24,5,60,22,1,9,88,2.500000
92,0,1,22,62,303,6,11,26,11,36,14,1,22,62,1.384615
93,0,1,8,55,390,4,15,28,7,36,11,1,8,55,1.285714
94,0,1,15,51,84,2,3,18,8,28,14,1,15,51,1.555556
95,0,1,9,38,308,0,2,25,8,27,2,1,9,38,1.080000
96,0,1,47,127,445,4,10,40,10,68,15,1,47,127,1.700000
97,0,1,81,149,202,35,3,18,61,54,33,1,81,149,3.000000
98,0,1,4,38,477,3,6,22,3,28,6,1,4,38,1.272727
99,0,16,22,69,575,0,4,26,6,38,9,16,22,69,1.461538
100,0,1,42,118,434,17,6,39,34,63,16,1,42,118,1.615385
101,0,1,4,25,184,1,1,17,3,21,0,1,4,25,1.235294
102,0,1,7,80,299,0,6,26,6,46,27,1,7,80,1.769231
103,0,16,17,101,447,0,1,30,1,60,24,16,17,101,2.000000
104,0,1,8,92,271,2,7,37,7,57,27,1,8,92,1.540541
105,0,1,28,85,568,6,4,13,24,35,25,1,28,85,2.692308
106,0,1,15,113,483,4,4,36,11,64,37,1,15,113,1.777778
107,0,1,3,42,266,1,1,23,0,35,6,1,3,42,1.521739
108,0,1,7,83,414,0,4,50,4,70,8,1,7,83,1.400000
109,0,1,20,105,327,5,15,17,17,49,38,1,20,105,2.882353
110,0,1,5,62,583,0,4,42,4,52,5,1,5,62,1.238095
111,0,1,92,184,523,28,3,30,60,70,45,1,92,184,2.333333
112,0,1,2,62,325,1,4,30,1,52,8,1,2,62,1.733333
113,0,1,2,50,276,0,1,36,1,42,6,1,2,50,1.166667
114,0,1,35,48,463,10,7,11,27,11,8,1,35,48,1.000000
115,0,1,3,46,538,1,6,19,2,31,12,1,3,46,1.631579
116,0,1,20,78,261,5,2,21,8,47,22,1,20,78,2.238095
117,0,1,20,73,346,9,3,47,17,49,6,1,20,73,1.042553
118,0,1,6,89,311,3,6,58,5,80,3,1,6,89,1.379310
119,0,1,9,79,456,4,2,52,8,64,6,1,9,79,1.230769
120,0,1,14,100,207,3,5,29,6,59,34,1,14,100,2.034483
121,0,1,19,41,389,7,4,16,11,16,10,1,19,41,1.000000
122,0,1,17,49,188,4,10,19,14,27,7,1,17,49,1.421053
123,0,1,1,72,298,0,0,53,0,65,6,1,1,72,1.226415
124,0,1,17,37,264,2,4,14,10,16,10,1,17,37,1.142857
125,0,1,15,35,262,3,11,11,11,17,6,1,15,35,1.545455
126,0,1,13,52,218,3,5,28,9,32,10,1,13,52,1.142857
127,0,1,1,56,102,0,0,44,0,52,3,1,1,56,1.181818
128,0,32,40,100,215,2,13,22,6,38,22,32,40,100,1.727273
129,0,1,17,40,573,9,6,18,16,20,3,1,17,40,1.111111
130,0,1,43,131,520,13,1,51,27,81,22,1,43,131,1.588235
131,0,1,13,86,274,8,7,48,8,64,12,1,13,86,1.333333
132,0,10,20,108,23,3,3,45,4,83,6,10,20,108,1.844444
133,0,1,11,49,324,2,7,34,9,36,3,1,11,49,1.058824
134,0,11,15,57,314,0,3,27,3,33,10,11,15,57,1.222222
135,0,1,7,77,474,4,1,25,6,59,11,1,7,77,2.360000
136,0,1,1,54,577,0,0,43,0,47,6,1,1,54,1.093023
137,0,1,7,41,209,4,2,23,6,27,7,1,7,41,1.173913
138,0,1,31,92,596,13,12,26,20,52,17,1,31,92,2.000000
139,0,1,2,92,502,1,5,54,0,86,5,1,2,92,1.592593
140,0,1,2,61,543,0,1,44,1,54,5,1,2,61,1.227273
141,0,1,37,67,213,18,1,10,22,28,14,1,37,67,2.800000
142,0,1,72,120,296,24,1,10,48,38,27,1,72,120,3.800000
143,0,32,66,109,517,12,13,32,19,42,14,32,66,109,1.312500
144,0,1,5,95,277,1,6,55,4,73,17,1,5,95,1.327273
145,0,1,8,102,366,6,4,31,5,81,15,1,8,102,2.612903
146,0,1,3,68,406,0,2,47,2,59,6,1,3,68,1.255319
147,0,1,14,35,548,4,14,17,13,21,0,1,14,35,1.235294
148,0,1,45,112,503,1,4,27,5,51,17,1,45,112,1.888889
149,0,1,67,156,169,29,2,31,50,75,28,1,67,156,2.419355
150,0,1,3,43,317,1,6,25,2,33,7,1,3,43,1.320000
151,0,4,15,84,332,0,5,45,2,65,5,4,15,84,1.444444
152,0,1,5,32,245,4,1,22,3,26,2,1,5,32,1.181818
153,0,1,6,98,517,4,2,24,4,68,25,1,6,98,2.833333
154,0,1,5,68,469,3,5,43,4,57,6,1,5,68,1.325581
155,0,1,11,37,409,5,6,8,8,14,14,1,11,37,1.750000
156,0,3,50,104,539,2,5,43,17,45,13,3,50,104,1.046512
157,0,1,25,92,272,20,2,35,17,57,17,1,25,92,1.628571
158,0,1,14,94,426,3,8,53,10,73,10,1,14,94,1.377358
159,0,1,32,85,533,14,11,38,24,44,14,1,32,85,1.157895
160,0,1,13,107,462,3,6,39,7,63,36,1,13,107,1.615385
161,0,1,7,78,255,5,8,17,6,51,20,1,7,78,3.000000
162,0,1,29,69,563,4,1,21,5,35,6,1,29,69,1.666667
163,0,1,4,36,307,1,4,25,2,31,2,1,4,36,1.240000
164,0,1,33,143,575,4,2,44,5,90,21,1,33,143,2.045455
165,0,1,3,72,402,0,2,48,2,68,1,1,3,72,1.416667
166,0,1,4,77,425,1,15,45,3,65,8,1,4,77,1.444444
167,0,1,16,66,333,6,9,34,10,44,11,1,16,66,1.294118
168,0,32,34,48,100,1,11,9,2,11,3,32,34,48,1.222222
169,0,3,57,134,387,9,3,37,17,59,23,3,57,134,1.594595
170,0,280,339,416,188,2,35,19,7,51,27,280,339,416,2.684211
171,0,1,1,62,363,0,0,46,0,60,1,1,1,62,1.304348
172,0,1,20,123,174,10,1,28,13,94,15,1,20,123,3.357143
173,0,1,12,81,183,6,14,27,10,53,17,1,12,81,1.962963
174,0,1,23,78,421,8,12,37,13,51,13,1,23,78,1.378378
175,0,1,2,31,252,1,10,14,1,24,5,1,2,31,1.714286
176,0,1,2,37,216,0,1,33,1,35,0,1,2,37,1.060606
177,0,105,112,208,341,0,6,39,6,77,20,105,112,208,1.974359
178,0,1,23,112,267,14,2,23,16,77,18,1,23,112,3.347826
179,0,222,310,397,548,11,20,41,22,71,21,222,310,397,1.731707
180,0,1,20,38,558,6,5,12,10,14,4,1,20,38,1.166667
181,0,1,1,25,410,0,0,12,0,20,4,1,1,25,1.666667
182,0,36,82,143,100,16,11,17,24,45,33,36,82,143,2.647059
183,0,1,1,53,388,0,0,31,0,49,3,1,1,53,1.580645
184,0,226,302,322,126,5,29,17,6,17,8,226,302,322,1.000000
185,0,1,65,129,559,24,4,23,49,51,28,1,65,129,2.217391
186,0,1,270,322,387,43,56,22,47,42,36,1,270,322,1.909091
187,0,187,211,290,122,1,11,39,9,63,16,187,211,290,1.615385
188,0,1,16,99,597,3,57,55,6,79,10,1,16,99,1.436364
189,0,192,224,289,77,3,23,43,12,55,12,192,224,289,1.279070
190,0,1,4,30,592,1,5,22,2,24,2,1,4,30,1.090909
191,0,226,321,382,12,18,29,53,21,57,12,226,321,382,1.075472
192,0,1,15,57,512,7,1,9,9,35,12,1,15,57,3.888889
193,0,37,65,124,347,6,7,23,14,39,23,37,65,124,1.695652
194,0,1,40,140,487,10,3,27,33,65,41,1,40,140,2.407407
195,0,1,18,35,376,6,3,7,15,13,6,1,18,35,1.857143
196,0,1,4,19,488,1,6,13,1,13,4,1,4,19,1.000000
197,0,1,3,29,580,1,3,17,2,25,1,1,3,29,1.470588
198,0,1,36,166,598,6,11,33,16,95,38,1,36,166,2.878788
199,0,1,6,20,187,1,5,14,4,14,1,1,6,20,1.000000
200,0,1,9,56,358,3,6,32,3,42,6,1,9,56,1.312500
201,0,1,6,101,532,2,14,30,3,66,30,1,6,101,2.200000
202,0,192,217,272,408,0,14,45,5,53,2,192,217,272,1.177778
203,0,1,6,77,537,5,12,21,4,51,21,1,6,77,2.428571
204,0,1,13,57,400,9,6,28,10,40,6,1,13,57,1.428571
205,0,1,24,85,435,9,3,29,14,53,12,1,24,85,1.827586
206,0,1,24,53,330,8,6,14,19,26,7,1,24,53,1.857143
207,0,1,1,37,149,0,0,18,0,24,12,1,1,37,1.333333
208,0,105,140,214,573,0,6,29,6,49,27,105,140,214,1.689655
209,0,1,21,94,542,7,8,44,15,66,11,1,21,94,1.500000
210,0,332,404,490,352,3,30,34,9,64,22,332,404,490,1.882353
211,0,5,114,187,384,33,2,33,54,61,36,5,114,187,1.848485
212,0,1,48,67,519,11,4,17,32,17,10,1,48,67,1.000000
213,0,1,9,95,514,4,8,16,6,64,22,1,9,95,4.000000
214,0,1,5,67,525,1,1,30,4,52,10,1,5,67,1.733333
215,0,10,45,116,140,13,2,17,20,57,22,10,45,116,3.352941
216,0,10,112,168,313,64,6,27,63,55,27,10,112,168,2.037037
217,0,1,6,40,279,4,3,23,4,29,6,1,6,40,1.260870
218,0,1,6,39,263,3,14,26,5,30,3,1,6,39,1.153846
219,0,1,10,94,567,3,3,50,4,78,7,1,10,94,1.560000
220,0,170,178,268,460,1,7,44,8,72,18,170,178,268,1.636364
221,0,1,18,35,285,4,15,13,13,17,4,1,18,35,1.307692
222,0,5,68,161,597,3,57,27,15,69,30,5,68,161,2.555556
223,0,1,19,45,554,2,13,17,16,23,4,1,19,45,1.352941
224,0,1,60,146,547,23,5,33,40,71,32,1,60,146,2.151515
225,0,42,137,145,366,3,10,7,14,7,6,42,137,145,1.000000
226,0,1,14,90,336,10,4,34,8,64,17,1,14,90,1.882353
227,0,1,19,46,552,12,2,21,14,25,6,1,19,46,1.190476
228,0,1,17,51,429,6,5,21,13,31,6,1,17,51,1.476190
229,0,33,80,132,536,4,15,23,7,35,21,33,80,132,1.521739
230,0,2,19,95,549,7,2,46,14,64,14,2,19,95,1.391304
231,0,74,79,166,559,3,12,36,5,56,31,74,79,166,1.555556
232,0,1,9,38,315,5,4,12,7,24,6,1,9,38,2.000000
233,0,1,11,90,447,7,55,42,7,60,21,1,11,90,1.428571
234,0,1,19,129,430,5,5,31,12,85,31,1,19,129,2.741935
235,0,1,15,53,451,5,11,31,13,31,8,1,15,53,1.000000
236,0,1,17,129,516,3,11,38,9,84,31,1,17,129,2.210526
237,0,1,5,46,345,4,4,11,2,29,14,1,5,46,2.636364
238,0,5,24,108,440,2,13,19,13,47,39,5,24,108,2.473684
239,0,1,39,132,331,15,6,25,30,59,37,1,39,132,2.360000
240,0,226,323,389,297,14,35,47,24,63,6,226,323,389,1.340426
241,0,1,27,51,599,11,4,15,20,19,8,1,27,51,1.266667
242,0,44,206,284,8,33,10,29,55,51,46,44,206,284,1.758621
243,0,1,5,43,551,1,3,32,4,34,4,1,5,43,1.062500
244,0,1,13,38,385,4,8,15,8,19,6,1,13,38,1.266667
245,0,2,14,107,567,3,2,58,5,84,9,2,14,107,1.448276
246,0,13,34,137,542,1,4,25,6,65,40,13,34,137,2.600000
247,0,1,7,42,450,3,7,28,2,34,4,1,7,42,1.214286
248,0,1,16,99,392,10,5,33,11,71,16,1,16,99,2.151515
249,0,1,49,97,553,12,1,21,21,33,23,1,49,97,1.571429
250,0,1,4,78,300,1,17,36,3,60,14,1,4,78,1.666667
251,0,1,6,79,431,2,5,47,2,65,11,1,6,79,1.382979
252,0,1,14,48,504,5,2,26,9,34,0,1,14,48,1.307692
253,0,1,29,139,359,25,14,22,24,78,36,1,29,139,3.545455
254,0,1,3,66,472,0,2,29,2,43,20,1,3,66,1.482759
255,0,1,12,24,571,5,5,11,6,11,6,1,12,24,1.000000
256,0,13,29,85,236,1,4,41,14,53,5,13,29,85,1.292683
257,0,1,25,57,352,12,4,11,20,21,15,1,25,57,1.909091
258,0,1,5,22,475,1,1,16,2,16,3,1,5,22,1.000000
259,0,10,26,109,231,1,2,50,11,70,14,10,26,109,1.400000
260,0,1,30,104,126,4,5,38,25,58,20,1,30,104,1.526316
261,0,1,9,39,235,4,8,16,8,22,8,1,9,39,1.375000
262,0,1,2,72,204,1,7,47,1,67,3,1,2,72,1.425532
263,0,1,15,46,186,3,2,23,13,27,5,1,15,46,1.173913
264,0,9,12,117,231,2,3,45,2,71,35,9,12,117,1.577778
265,0,1,14,48,290,3,4,19,10,25,12,1,14,48,1.315789
266,0,1,22,98,260,3,6,49,17,69,11,1,22,98,1.408163
267,0,1,10,79,306,3,4,18,5,52,21,1,10,79,2.888889
268,0,1,6,80,293,0,5,48,5,72,2,1,6,80,1.500000
269,0,1,4,37,354,1,5,27,3,29,4,1,4,37,1.074074
270,0,1,6,28,419,2,8,18,4,20,3,1,6,28,1.111111
271,0,1,289,379,448,6,3,53,14,75,20,1,289,379,1.415094
272,0,1,1,36,259,0,0,27,0,31,4,1,1,36,1.148148
273,0,1,1,26,238,0,0,25,0,25,0,1,1,26,1.000000
274,0,1,1,53,328,0,0,46,0,52,0,1,1,53,1.130435
275,0,1,31,58,217,9,15,10,25,20,12,1,31,58,2.000000
276,0,1,8,53,72,1,12,35,5,41,6,1,8,53,1.171429
277,0,1,6,21,415,3,11,10,5,14,1,1,6,21,1.400000
278,0,1,8,65,164,5,2,26,6,42,16,1,8,65,1.615385
279,0,1,16,95,348,4,6,55,12,75,7,1,16,95,1.363636
280,0,1,13,66,350,7,3,28,10,40,15,1,13,66,1.428571
281,0,1,8,68,316,5,8,31,6,51,10,1,8,68,1.645161
282,0,1,8,88,280,1,3,52,6,74,7,1,8,88,1.423077
283,0,1,12,75,508,5,6,45,10,59,5,1,12,75,1.311111
284,0,1,4,86,257,0,3,57,3,73,9,1,4,86,1.280702
285,0,1,5,86,265,3,4,40,3,62,20,1,5,86,1.550000
286,0,1,9,54,105,5,12,31,6,41,6,1,9,54,1.322581
287,0,1,25,81,353,9,5,37,19,47,13,1,25,81,1.270270
288,0,1,14,130,101,6,6,26,11,88,30,1,14,130,3.384615
289,0,1,4,78,203,2,4,29,3,55,19,1,4,78,1.896552
290,0,1,6,75,500,3,2,42,3,60,11,1,6,75,1.428571
291,0,1,33,115,145,22,1,27,26,51,37,1,33,115,1.888889
292,0,1,7,37,247,1,3,24,3,28,5,1,7,37,1.166667
293,0,1,34,63,270,13,12,17,28,25,9,1,34,63,1.470588
294,0,1,8,95,172,2,3,48,6,70,18,1,8,95,1.458333
295,0,1,49,128,340,7,3,29,29,61,22,1,49,128,2.103448
296,0,1,15,96,243,4,4,41,9,73,13,1,15,96,1.780488
297,0,1,7,35,297,3,7,21,6,23,5,1,7,35,1.095238
298,0,1,21,70,254,8,10,28,17,40,12,1,21,70,1.428571
299,0,1,4,29,228,2,8,18,3,24,1,1,4,29,1.333333
300,0,1,1,9,64,0,0,6,0,8,0,1,1,9,1.333333
301,0,1,4,60,405,0,3,44,3,48,8,1,4,60,1.090909
302,0,1,10,49,398,4,2,27,9,37,2,1,10,49,1.370370
303,0,1,18,63,229,5,11,23,17,39,6,1,18,63,1.695652
304,0,1,7,69,248,2,6,42,5,56,7,1,7,69,1.333333
305,0,1,5,39,220,3,4,18,4,26,8,1,5,39,1.444444
306,0,1,23,108,219,6,3,32,18,66,23,1,23,108,2.062500
307,0,1,3,64,492,0,2,41,2,55,6,1,3,64,1.341463
308,0,1,15,115,239,2,1,35,2,83,29,1,15,115,2.371429
309,0,1,1,43,490,0,0,38,0,38,4,1,1,43,1.000000
310,0,1,6,91,291,2,5,55,5,79,6,1,6,91,1.436364
311,0,1,7,98,294,5,3,49,6,77,14,1,7,98,1.571429
312,0,1,8,79,198,3,1,27,6,47,25,1,8,79,1.740741
313,0,1,18,78,173,6,7,37,17,49,11,1,18,78,1.324324
314,0,1,2,22,178,0,1,13,1,17,3,1,2,22,1.307692
315,0,1,18,103,256,4,6,48,13,76,13,1,18,103,1.583333
316,0,1,16,28,288,9,3,9,9,11,6,1,16,28,1.222222
317,0,1,9,65,378,4,6,33,8,43,13,1,9,65,1.303030
318,0,1,9,106,185,2,5,30,5,74,26,1,9,106,2.466667
319,0,1,8,90,147,4,55,44,7,70,12,1,8,90,1.590909
320,0,1,18,115,468,7,5,49,9,89,16,1,18,115,1.816327
321,0,1,22,74,146,3,3,19,15,39,19,1,22,74,2.052632
322,0,1,16,92,211,3,4,29,12,61,18,1,16,92,2.103448
323,0,1,6,30,339,2,4,19,4,21,4,1,6,30,1.105263
324,0,1,10,104,273,2,6,30,6,60,37,1,10,104,2.000000
325,0,1,1,37,130,0,0,13,0,19,17,1,1,37,1.461538
326,0,1,6,94,38,0,3,14,3,56,34,1,6,94,4.000000
327,0,1,14,115,236,4,4,20,10,66,38,1,14,115,3.300000
328,0,1,2,61,436,1,2,44,1,54,5,1,2,61,1.227273
329,0,2,2,15,380,0,0,11,0,13,0,2,2,15,1.181818
330,0,1,2,65,222,0,1,47,1,55,8,1,2,65,1.170213
331,0,1,12,50,192,2,11,27,11,33,5,1,12,50,1.222222
332,0,1,4,74,47,2,5,30,3,54,16,1,4,74,1.800000
333,0,1,64,122,223,19,3,31,48,47,23,1,64,122,1.516129
334,0,1,13,84,224,1,5,42,9,62,12,1,13,84,1.476190
335,0,1,1,39,343,0,0,27,0,37,1,1,1,39,1.370370
336,0,1,7,31,179,3,4,18,6,20,4,1,7,31,1.111111
337,0,1,10,80,113,0,9,23,9,51,19,1,10,80,2.217391
338,0,1,32,113,282,4,6,60,23,76,13,1,32,113,1.266667
339,0,2,12,96,584,2,4,52,7,76,9,2,12,96,1.461538
340,0,1,14,105,156,3,13,47,10,81,13,1,14,105,1.723404
341,0,1,5,36,205,2,5,27,4,27,4,1,5,36,1.000000
342,0,1,5,33,413,1,3,26,1,26,5,1,5,33,1.000000
343,0,1,9,25,242,2,7,12,7,14,3,1,9,25,1.166667
344,0,1,1,63,131,0,0,51,0,57,5,1,1,63,1.117647
345,0,1,11,84,380,2,1,41,4,55,19,1,11,84,1.341463
346,0,1,16,125,281,9,14,32,12,72,40,1,16,125,2.250000
347,0,1,26,134,251,4,8,44,20,94,19,1,26,134,2.136364
348,0,1,3,28,160,1,6,19,2,19,6,1,3,28,1.000000
349,0,1,5,76,10,0,4,32,4,56,15,1,5,76,1.750000
350,0,1,2,21,182,0,1,14,1,18,1,1,2,21,1.285714
351,0,1,8,77,90,1,7,33,7,53,16,1,8,77,1.606061
352,0,1,5,36,313,0,6,18,3,26,5,1,5,36,1.444444
353,0,1,6,86,168,2,5,48,5,76,4,1,6,86,1.583333
354,0,1,17,119,150,10,10,35,14,89,15,1,17,119,2.542857
355,0,1,3,57,196,0,2,45,2,53,1,1,3,57,1.177778
356,0,1,6,29,181,1,3,21,3,23,2,1,6,29,1.095238
357,0,1,16,121,212,5,3,38,13,82,24,1,16,121,2.157895
358,0,1,34,98,97,16,6,25,27,53,17,1,34,98,2.120000
359,0,1,14,52,171,4,13,17,10,35,6,1,14,52,2.058824
360,0,1,4,34,584,2,4,25,2,29,2,1,4,34,1.160000
361,0,1,20,101,250,8,4,33,16,55,29,1,20,101,1.666667
362,0,1,16,110,140,5,5,32,10,66,33,1,16,110,2.062500
363,0,1,3,57,210,2,1,40,1,44,11,1,3,57,1.100000
364,0,1,9,28,233,4,6,11,5,15,7,1,9,28,1.363636
365,0,1,13,61,104,3,15,19,12,37,11,1,13,61,1.947368
366,0,1,4,82,246,0,1,29,3,61,17,1,4,82,2.103448
367,0,1,4,59,94,2,3,39,3,51,4,1,4,59,1.307692
368,0,1,1,36,83,0,0,28,0,32,3,1,1,36,1.142857
369,0,1,14,89,391,4,1,57,12,67,9,1,14,89,1.175439
370,0,1,3,69,117,0,2,43,2,53,13,1,3,69,1.232558
371,0,1,7,22,136,4,7,7,6,13,2,1,7,22,1.857143
372,0,1,25,103,128,7,5,14,21,54,27,1,25,103,3.857143
373,0,1,23,59,165,9,2,15,15,27,16,1,23,59,1.800000
374,0,1,66,156,154,22,5,19,44,67,41,1,66,156,3.526316
375,0,1,2,50,158,0,1,44,1,46,2,1,2,50,1.045455
376,0,1,20,125,289,5,3,36,12,64,48,1,20,125,1.777778
377,0,1,11,33,275,7,1,19,8,21,3,1,11,33,1.105263
378,0,1,3,93,89,0,2,47,2,77,13,1,3,93,1.638298
379,0,1,27,81,123,6,4,23,20,45,15,1,27,81,1.956522
380,0,1,11,95,161,2,10,32,10,56,28,1,11,95,1.750000
381,0,1,2,21,510,0,1,17,1,19,0,1,2,21,1.117647
382,0,1,4,57,481,0,3,41,3,45,8,1,4,57,1.097561
383,0,1,7,37,157,2,6,16,6,28,2,1,7,37,1.750000
384,0,1,8,78,268,2,4,53,4,61,10,1,8,78,1.150943
385,0,1,12,40,67,3,12,12,10,16,13,1,12,40,1.333333
386,0,1,10,103,208,5,5,41,7,65,30,1,10,103,1.585366
387,0,1,4,24,53,1,4,18,3,20,0,1,4,24,1.111111
388,0,1,25,49,99,5,2,16,18,20,8,1,25,49,1.250000
389,0,1,1,52,199,0,0,41,0,49,2,1,1,52,1.195122
390,0,1,7,55,108,2,54,40,6,46,2,1,7,55,1.150000
391,0,1,14,106,151,2,11,19,11,75,19,1,14,106,3.947368
392,0,1,6,49,175,0,4,28,4,38,6,1,6,49,1.357143
393,0,1,103,150,124,30,12,21,82,37,30,1,103,150,1.761905
394,0,1,1,41,32,0,0,36,0,38,2,1,1,41,1.055556
395,0,1,8,48,111,3,14,18,6,26,15,1,8,48,1.444444
396,0,1,11,100,61,1,14,40,10,68,21,1,11,100,1.700000
397,0,1,7,34,91,3,13,14,6,22,5,1,7,34,1.571429
398,0,1,4,25,50,2,3,15,2,19,3,1,4,25,1.266667
399,0,1,12,30,78,3,10,18,11,18,0,1,12,30,1.000000
400,0,1,13,30,231,9,4,11,9,15,5,1,13,30,1.363636
401,0,1,14,92,152,3,4,31,12,69,10,1,14,92,2.225806
402,0,1,8,78,362,3,4,21,6,47,24,1,8,78,2.238095
403,0,1,9,47,201,2,2,30,7,38,1,1,9,47,1.266667
404,0,1,19,109,249,7,4,37,14,59,35,1,19,109,1.594595
405,0,1,3,18,132,0,2,12,2,14,1,1,3,18,1.166667
406,0,1,7,31,195,3,4,19,4,23,3,1,7,31,1.210526
407,0,1,6,38,167,3,5,27,4,29,4,1,6,38,1.074074
408,0,1,14,92,9,5,4,30,8,66,17,1,14,92,2.200000
409,0,1,6,31,237,3,1,17,3,21,6,1,6,31,1.235294
410,0,1,11,72,85,2,10,15,8,43,20,1,11,72,2.866667
411,0,1,11,59,118,4,4,42,5,46,7,1,11,59,1.095238
412,0,1,16,99,48,3,4,25,14,61,23,1,16,99,2.440000
413,0,1,5,88,34,0,1,20,3,66,18,1,5,88,3.300000
414,0,1,20,125,58,4,3,37,15,83,26,1,20,125,2.243243
415,0,1,13,39,561,5,1,14,10,20,7,1,13,39,1.428571
416,0,1,15,90,214,6,13,20,12,64,13,1,15,90,3.200000
417,0,1,10,39,155,3,2,18,5,24,9,1,10,39,1.333333
418,0,1,1,46,33,0,0,35,0,43,2,1,1,46,1.228571
419,0,1,12,69,166,4,5,29,9,41,18,1,12,69,1.413793
420,0,1,14,87,215,5,1,41,13,59,14,1,14,87,1.439024
421,0,1,10,31,189,2,9,19,9,21,0,1,10,31,1.105263
422,0,1,32,72,177,8,3,32,24,36,11,1,32,72,1.125000
423,0,1,14,78,107,4,13,36,12,52,13,1,14,78,1.444444
424,0,1,9,45,23,1,3,31,6,35,3,1,9,45,1.129032
425,0,1,1,31,176,0,0,21,0,25,5,1,1,31,1.190476
426,0,1,195,256,180,87,2,48,137,60,58,1,195,256,1.250000
427,0,1,4,72,106,0,3,39,3,47,21,1,4,72,1.205128
428,0,1,24,68,80,6,3,25,19,43,5,1,24,68,1.720000
429,0,1,5,38,35,3,9,27,4,31,2,1,5,38,1.148148
430,0,1,5,63,60,0,4,40,4,50,8,1,5,63,1.250000
431,0,1,10,53,134,6,4,33,8,37,7,1,10,53,1.121212
432,0,1,3,29,142,2,2,19,2,25,1,1,3,29,1.315789
433,0,1,3,45,115,2,2,29,2,37,5,1,3,45,1.275862
434,0,1,4,43,137,1,7,19,3,31,8,1,4,43,1.631579
435,0,1,9,61,170,0,6,30,6,40,14,1,9,61,1.333333
436,0,1,11,31,86,4,1,13,7,17,6,1,11,31,1.307692
437,0,1,121,146,71,26,11,16,92,22,31,1,121,146,1.375000
438,0,1,69,106,135,26,2,23,48,31,26,1,69,106,1.347826
439,0,1,16,87,334,4,12,17,12,47,27,1,16,87,2.764706
440,0,1,13,86,120,4,3,32,9,60,16,1,13,86,1.875000
441,0,1,12,22,17,3,3,9,7,9,5,1,12,22,1.000000
442,0,1,19,114,103,1,10,17,16,63,34,1,19,114,3.705882
443,0,1,16,114,148,8,1,40,13,84,16,1,16,114,2.100000
444,0,1,13,83,77,2,12,46,10,58,14,1,13,83,1.260870
445,0,1,2,62,68,1,14,39,1,51,9,1,2,62,1.307692
446,0,1,2,21,159,1,1,13,1,19,0,1,2,21,1.461538
447,0,1,194,278,69,38,5,50,39,80,21,1,194,278,1.600000
448,0,1,4,30,73,3,3,21,1,25,3,1,4,30,1.190476
449,0,1,2,27,153,0,1,20,1,24,1,1,2,27,1.200000
450,0,1,6,73,66,1,1,46,5,54,13,1,6,73,1.173913
451,0,1,5,50,96,1,4,27,1,43,5,1,5,50,1.592593
452,0,1,1,22,100,0,0,19,0,21,0,1,1,22,1.105263
453,0,1,10,33,545,3,3,17,7,21,4,1,10,33,1.235294
454,0,1,5,79,528,2,2,37,1,63,14,1,5,79,1.702703
455,0,1,13,78,4,1,6,39,10,57,10,1,13,78,1.461538
456,0,1,12,91,65,1,13,25,10,63,17,1,12,91,2.520000
457,0,1,8,21,49,0,6,9,6,11,3,1,8,21,1.222222
458,0,1,12,51,74,5,3,21,10,27,13,1,12,51,1.285714
459,0,1,15,63,45,5,9,23,11,39,11,1,15,63,1.695652
460,0,1,3,62,81,0,2,41,2,43,16,1,3,62,1.048780
461,0,1,5,46,57,3,2,37,3,39,3,1,5,46,1.054054
462,0,1,12,38,18,3,4,13,10,25,2,1,12,38,1.923077
463,0,1,8,73,114,2,12,31,7,53,12,1,8,73,1.709677
464,0,1,8,86,87,0,5,28,5,64,16,1,8,86,2.285714
465,0,1,10,57,44,2,5,25,7,41,8,1,10,57,1.640000
466,0,1,48,128,310,13,10,50,39,72,16,1,48,128,1.440000
467,0,1,6,37,112,2,5,26,5,30,1,1,6,37,1.153846
468,0,1,11,58,46,1,4,32,8,44,5,1,11,58,1.375000
469,0,1,7,45,43,3,4,24,6,36,2,1,7,45,1.500000
470,0,1,21,98,62,5,5,25,16,55,26,1,21,98,2.200000
471,0,1,11,71,63,0,10,18,10,40,20,1,11,71,2.222222
472,0,1,16,42,6,2,13,20,13,22,6,1,16,42,1.100000
473,0,1,8,85,370,0,1,33,1,63,20,1,8,85,1.909091
474,0,1,1,13,394,0,0,10,0,12,0,1,1,13,1.200000
475,0,1,6,39,141,3,10,24,5,32,1,1,6,39,1.333333
476,0,1,8,39,88,1,6,17,7,27,4,1,8,39,1.588235
477,0,1,2,57,24,0,1,40,1,42,13,1,2,57,1.050000
478,0,1,14,124,36,2,1,48,10,82,31,1,14,124,1.708333
479,0,1,18,123,163,3,5,42,12,62,48,1,18,123,1.476190
480,0,1,9,112,110,3,14,36,7,74,30,1,9,112,2.055556
481,0,1,1,23,304,0,0,18,0,18,4,1,1,23,1.000000
482,0,1,110,147,93,29,5,30,78,32,35,1,110,147,1.066667
483,0,1,4,62,13,0,3,44,3,54,4,1,4,62,1.227273
484,0,1,11,83,241,3,7,29,10,51,21,1,11,83,1.758621
485,0,1,11,36,95,2,7,14,7,20,8,1,11,36,1.428571
486,0,1,4,45,129,0,1,31,1,35,8,1,4,45,1.129032
487,0,1,8,59,197,3,13,32,6,42,10,1,8,59,1.312500
488,0,1,13,103,59,0,5,56,7,78,17,1,13,103,1.392857
489,0,1,19,49,16,0,16,16,16,28,4,1,19,49,1.750000
490,0,1,16,116,133,1,4,39,13,65,37,1,16,116,1.666667
491,0,1,7,32,284,0,5,20,5,22,4,1,7,32,1.100000
492,0,1,11,43,372,2,3,23,8,27,7,1,11,43,1.173913
493,0,1,3,24,121,0,2,18,2,20,1,1,3,24,1.111111
494,0,1,3,31,341,1,3,20,1,24,5,1,3,31,1.200000
495,0,1,1,43,76,0,0,26,0,32,10,1,1,43,1.230769
496,0,1,14,67,20,0,13,29,13,47,6,1,14,67,1.620690
497,0,1,28,109,56,6,8,17,24,63,21,1,28,109,3.705882
498,0,1,3,35,8,0,2,22,2,28,4,1,3,35,1.272727
499,0,1,11,84,26,3,1,43,7,67,9,1,11,84,1.558140
500,0,1,3,19,15,0,2,12,2,14,2,1,3,19,1.166667
501,0,1,8,102,119,1,4,49,7,83,11,1,8,102,1.693878
502,0,1,13,70,7,1,3,42,10,54,5,1,13,70,1.285714
503,0,1,12,101,75,0,8,48,10,78,12,1,12,101,1.625000
504,0,1,2,45,42,0,1,26,1,32,11,1,2,45,1.230769
505,0,1,8,41,227,2,2,28,6,32,2,1,8,41,1.142857
506,0,1,6,49,206,0,4,31,4,37,7,1,6,49,1.193548
507,0,1,15,42,12,1,2,13,9,23,9,1,15,42,1.769231
508,0,1,11,79,39,2,12,47,9,65,4,1,11,79,1.382979
509,0,1,3,30,51,0,2,24,2,24,3,1,3,30,1.000000
510,0,1,14,113,54,4,5,49,12,75,25,1,14,113,1.530612
511,0,1,1,54,27,0,0,49,0,51,2,1,1,54,1.040816
512,0,1,52,123,11,12,12,32,35,58,29,1,52,123,1.812500
513,0,1,5,66,143,2,5,45,4,57,4,1,5,66,1.266667
514,0,1,5,31,1,0,4,18,4,20,6,1,5,31,1.111111
515,0,1,14,115,82,1,9,35,13,81,20,1,14,115,2.314286
516,0,1,4,75,122,0,3,48,3,68,3,1,4,75,1.416667
517,0,1,7,39,79,0,6,24,6,26,6,1,7,39,1.083333
518,0,1,2,74,55,0,1,51,1,69,3,1,2,74,1.352941
519,0,1,15,48,40,1,12,20,12,28,7,1,15,48,1.400000
520,0,1,21,102,98,2,6,31,17,71,13,1,21,102,2.290323
521,0,1,13,77,19,3,13,38,6,58,12,1,13,77,1.526316
522,0,1,2,35,25,1,4,31,0,33,1,1,2,35,1.064516
523,0,1,5,72,2,0,1,34,3,58,10,1,5,72,1.705882
524,0,1,2,81,41,1,52,62,1,74,5,1,2,81,1.193548
525,0,1,7,56,70,0,4,25,6,33,16,1,7,56,1.320000
526,0,1,10,32,138,0,9,15,9,19,3,1,10,32,1.266667
527,0,1,2,26,22,0,1,10,1,14,10,1,2,26,1.400000
528,0,1,4,30,29,0,3,23,3,25,1,1,4,30,1.086957
529,0,1,3,17,28,0,2,11,2,13,1,1,3,17,1.181818
530,0,1,12,50,30,0,11,26,11,36,2,1,12,50,1.384615
531,0,1,9,98,116,0,1,37,7,67,23,1,9,98,1.810811
532,0,1,3,28,14,0,2,23,2,25,0,1,3,28,1.086957
533,0,1,1,21,3,0,0,11,0,15,5,1,1,21,1.363636
534,0,1,10,58,52,0,2,37,8,43,6,1,10,58,1.162162
535,0,1,5,79,21,0,2,29,4,71,3,1,5,79,2.448276
536,0,1,2,30,109,0,1,18,1,24,4,1,2,30,1.333333
537,0,1,17,75,5,0,6,39,10,47,17,1,17,75,1.205128
538,0,1,12,60,0,1,8,31,6,39,14,1,12,60,1.258065
539,0,1,6,80,31,0,5,24,5,52,22,1,6,80,2.166667
540,0,1,10,44,37,1,1,18,7,24,12,1,10,44,1.333333
541,0,1,3,51,560,2,2,32,2,42,6,1,3,51,1.312500
542,0,1,95,175,535,11,3,24,16,62,27,1,95,175,2.583333
543,0,1,94,162,335,38,10,18,51,48,46,1,94,162,2.666667
544,0,1,7,71,408,5,13,34,6,56,8,1,7,71,1.647059
545,0,1,5,77,534,0,4,37,2,61,11,1,5,77,1.648649
546,0,1,8,53,470,2,3,20,5,40,6,1,8,53,2.000000
547,0,76,97,186,559,7,12,45,11,75,22,76,97,186,1.666667
548,0,1,81,130,549,9,2,42,9,46,10,1,81,130,1.095238
549,0,2,85,189,338,27,13,42,53,68,47,2,85,189,1.619048
550,0,1,3,20,493,1,7,8,2,10,7,1,3,20,1.250000
551,0,1,200,283,318,40,54,41,41,75,20,1,200,283,1.829268
552,0,32,63,151,219,16,17,52,23,84,12,32,63,151,1.615385
553,0,226,325,406,548,13,19,54,20,66,21,226,325,406,1.222222
554,0,51,92,149,100,19,11,27,22,43,32,51,92,149,1.592593
555,0,1,3,28,361,2,4,22,2,22,3,1,3,28,1.000000
556,0,332,410,441,74,5,17,26,10,28,6,332,410,441,1.076923
557,0,32,48,131,542,5,7,19,10,67,22,32,48,131,3.526316
558,0,3,26,70,596,8,10,29,13,35,13,3,26,70,1.206897
559,0,14,17,34,597,1,4,14,0,16,4,14,17,34,1.142857
560,0,226,312,372,237,6,18,51,8,57,7,226,312,372,1.117647
561,0,192,226,296,315,1,15,38,6,54,16,192,226,296,1.421053
562,0,1,29,122,373,13,17,26,20,64,31,1,29,122,2.461538
563,0,3,52,122,567,13,1,38,24,56,22,3,52,122,1.473684
564,0,3,89,107,599,49,4,8,61,12,24,3,89,107,1.500000
565,0,3,38,71,300,6,15,16,14,28,12,3,38,71,1.750000
566,0,5,15,58,513,6,4,34,6,38,9,5,15,58,1.117647
567,0,1,16,83,412,3,5,12,6,50,19,1,16,83,4.166667
568,0,1,8,27,511,3,1,19,4,19,3,1,8,27,1.000000
569,0,1,36,128,230,12,4,36,25,64,38,1,36,128,1.777778
570,0,226,326,395,451,12,24,52,19,60,13,226,326,395,1.153846
571,0,1,79,159,564,7,2,18,10,56,27,1,79,159,3.111111
572,0,1,2,37,423,0,1,20,1,30,5,1,2,37,1.500000
573,0,1,12,81,454,7,12,29,7,67,6,1,12,81,2.310345
574,0,3,78,150,555,34,16,47,39,63,20,3,78,150,1.340426
575,0,55,71,136,238,10,11,15,9,53,19,55,71,136,3.533333
576,0,7,51,143,594,13,4,45,21,79,21,7,51,143,1.755556
577,0,1,24,82,286,10,6,20,15,40,23,1,24,82,2.000000
578,0,1,6,30,452,2,4,18,4,22,2,1,6,30,1.222222
579,0,1,25,73,529,0,1,23,8,41,9,1,25,73,1.782609
580,0,1,1,25,226,0,0,21,0,23,1,1,1,25,1.095238
581,0,1,11,87,253,4,9,46,7,60,19,1,11,87,1.304348
582,0,1,17,63,416,12,4,28,15,42,5,1,17,63,1.500000
583,0,32,151,205,565,68,14,41,88,53,32,32,151,205,1.292683
584,0,1,26,140,566,1,14,31,9,93,22,1,26,140,3.000000
585,0,1,9,52,347,4,5,12,7,32,12,1,9,52,2.666667
586,0,1,28,80,433,13,2,24,23,34,22,1,28,80,1.416667
587,0,4,31,59,558,4,2,24,7,26,3,4,31,59,1.083333
588,0,1,30,119,565,2,4,42,7,70,22,1,30,119,1.666667
589,0,2,16,133,589,5,6,23,13,81,37,2,16,133,3.521739
590,0,334,429,440,110,9,14,9,15,11,2,334,429,440,1.222222
591,0,1,3,16,332,1,51,11,2,13,0,1,3,16,1.181818
592,0,1,16,54,369,8,5,17,13,31,9,1,16,54,1.823529
593,0,37,91,172,542,27,4,19,36,65,34,37,91,172,3.421053
594,0,1,11,23,258,5,13,11,7,11,2,1,11,23,1.000000
595,0,78,118,219,559,21,11,40,23,76,33,78,118,219,1.900000
596,0,2,25,84,560,6,1,23,4,37,28,2,25,84,1.608696
597,0,1,17,48,586,6,5,25,8,29,6,1,17,48,1.160000
598,0,18,35,133,593,3,5,28,8,64,35,18,35,133,2.285714
599,0,189,224,282,404,2,16,47,9,55,6,189,224,282,1.170213
600,0,1,34,114,440,5,18,37,19,67,15,1,34,114,1.810811
601,0,192,228,281,580,0,22,37,3,47,7,192,228,281,1.270270
602,0,1,36,93,360,27,8,10,28,38,26,1,36,93,3.800000
603,0,1,1,34,283,0,0,29,0,33,0,1,1,34,1.137931
604,0,4,29,48,592,1,4,17,2,17,2,4,29,48,1.000000
605,0,5,287,379,435,31,5,43,45,71,33,5,287,379,1.651163
606,0,4,98,148,553,42,4,28,35,46,27,4,98,148,1.642857
607,0,1,19,62,457,4,4,14,13,30,18,1,19,62,2.142857
608,0,1,1,36,595,0,0,32,0,34,1,1,1,36,1.062500
609,0,7,61,121,274,17,3,46,23,58,11,7,61,121,1.260870
610,0,1,5,49,437,1,11,22,3,38,6,1,5,49,1.727273
611,0,1,4,20,478,2,3,14,3,16,0,1,4,20,1.142857
612,0,139,243,316,17,48,9,45,78,65,34,139,243,316,1.444444
613,0,4,7,27,551,1,4,15,2,19,2,4,7,27,1.266667
614,0,1,17,116,499,5,13,27,5,77,32,1,17,116,2.851852
615,0,139,145,204,340,4,10,36,4,56,5,139,145,204,1.555556
616,0,4,48,139,598,6,8,16,16,62,33,4,48,139,3.875000
617,0,192,296,325,78,3,13,29,16,29,0,192,296,325,1.000000
618,0,37,37,118,294,0,0,28,0,66,15,37,37,118,2.357143
619,0,4,67,141,565,3,3,46,14,64,12,4,67,141,1.391304
620,0,1,26,108,526,13,2,9,20,51,35,1,26,108,5.666667
621,0,192,297,344,499,6,15,35,7,47,5,192,297,344,1.342857
622,0,9,22,56,555,3,13,16,5,28,8,9,22,56,1.750000
623,0,1,45,99,322,21,11,40,30,48,20,1,45,99,1.200000
624,0,1,10,42,539,2,5,21,5,29,5,1,10,42,1.380952
625,0,1,3,35,489,1,5,15,2,27,5,1,3,35,1.800000
626,0,1,13,44,305,6,5,14,8,24,7,1,13,44,1.714286
627,0,334,428,509,366,8,15,40,15,54,27,334,428,509,1.350000
628,0,34,52,150,510,10,4,29,13,71,31,34,52,150,2.448276
629,0,1,2,40,455,0,1,17,1,33,5,1,2,40,1.941176
630,0,1,164,192,349,10,53,26,14,28,1,1,164,192,1.076923
631,0,1,9,54,524,3,6,31,5,39,9,1,9,54,1.258065
632,0,21,28,132,593,2,6,25,5,67,39,21,28,132,2.680000
633,0,1,20,122,319,6,3,34,17,76,28,1,20,122,2.235294
634,0,211,228,259,361,3,12,10,12,28,3,211,228,259,2.800000
635,0,4,50,151,358,11,4,31,18,89,16,4,50,151,2.870968
636,0,1,17,124,386,4,11,39,15,69,39,1,17,124,1.769231
637,0,212,229,303,41,2,8,37,5,57,17,212,229,303,1.540541
638,0,78,130,160,475,23,12,17,30,25,9,78,130,160,1.470588
639,0,29,140,230,483,58,43,46,87,88,24,29,140,230,1.913043
640,0,32,228,307,443,1,3,31,11,57,23,32,228,307,1.838710
641,0,55,80,115,100,16,12,10,17,28,15,55,80,115,2.800000
642,0,5,14,103,573,6,2,57,8,81,9,5,14,103,1.421053
643,0,1,8,15,377,5,7,7,7,7,0,1,8,15,1.000000
644,0,237,382,446,517,23,22,32,28,56,18,237,382,446,1.750000
645,0,37,44,107,434,3,16,21,3,51,14,37,44,107,2.428571
646,0,287,338,415,566,15,37,58,24,74,13,287,338,415,1.275862
647,0,215,254,336,459,0,14,51,7,75,8,215,254,336,1.470588
648,0,1,1,17,570,0,0,11,0,15,1,1,1,17,1.363636
649,0,218,256,336,569,7,9,51,14,75,9,218,256,336,1.470588
650,0,1,12,93,541,0,7,32,6,64,18,1,12,93,2.000000
651,0,1,8,40,581,6,10,27,5,27,7,1,8,40,1.000000
652,0,7,288,325,435,28,3,25,38,29,21,7,288,325,1.160000
653,0,1,12,87,383,4,10,21,9,47,30,1,12,87,2.238095
654,0,1,31,105,321,7,15,15,15,57,23,1,31,105,3.800000
655,0,60,119,162,388,17,2,20,21,34,22,60,119,162,1.700000
656,0,37,45,117,305,3,14,50,5,68,4,37,45,117,1.360000
657,0,1,169,237,439,9,1,50,13,62,8,1,169,237,1.240000
658,0,5,7,102,549,1,2,61,2,89,6,5,7,102,1.459016
659,0,10,37,107,228,2,7,29,4,59,16,10,37,107,2.034483
660,0,61,62,144,388,0,1,49,1,71,11,61,62,144,1.448980
661,0,93,118,161,333,14,7,36,16,40,12,93,118,161,1.111111
662,0,7,62,130,47,18,2,36,21,52,24,7,62,130,1.444444
663,0,11,14,40,190,2,4,14,2,18,9,11,14,40,1.285714
664,0,22,30,119,252,3,7,18,7,66,24,22,30,119,3.666667
665,0,290,339,373,274,16,20,29,22,33,8,290,339,373,1.137931
666,0,1,3,80,594,1,6,45,2,71,6,1,3,80,1.577778
667,0,98,99,182,270,0,1,35,1,69,14,98,99,182,1.971429
668,0,38,43,65,542,0,3,16,5,18,4,38,43,65,1.125000
669,0,1,11,104,375,10,6,25,8,79,16,1,11,104,3.160000
670,0,3,7,47,571,1,4,22,1,34,7,3,7,47,1.545455
671,0,11,289,344,366,20,3,50,30,54,6,11,289,344,1.080000
672,0,1,15,65,404,11,3,42,11,48,5,1,15,65,1.142857
673,0,5,11,56,445,4,7,24,3,34,14,5,11,56,1.416667
674,0,30,101,178,410,30,44,40,52,68,24,30,101,178,1.700000
675,0,7,44,88,514,5,2,16,7,32,13,7,44,88,2.000000
676,0,12,34,64,506,5,7,24,6,30,2,12,34,64,1.250000
677,0,334,438,503,200,5,11,55,16,61,5,334,438,503,1.109091
678,0,5,12,30,590,3,5,15,4,15,6,5,12,30,1.000000
679,0,1,10,106,407,3,15,47,6,81,18,1,10,106,1.723404
680,0,1,51,149,438,18,4,24,29,92,18,1,51,149,3.833333
681,0,30,71,165,456,16,38,35,29,57,43,30,71,165,1.628571
682,0,39,106,184,545,39,17,58,40,76,25,39,106,184,1.310345
683,0,1,32,120,507,8,1,17,14,63,25,1,32,120,3.705882
684,0,30,143,217,598,60,8,47,72,73,36,30,143,217,1.553191
685,0,34,55,140,565,14,14,28,14,58,32,34,55,140,2.071429
686,0,1,65,99,540,26,2,27,37,31,18,1,65,99,1.148148
687,0,14,22,105,312,1,4,28,8,58,25,14,22,105,2.071429
688,0,1,12,58,381,10,4,34,9,40,8,1,12,58,1.176471
689,0,1,10,39,338,3,14,25,7,25,6,1,10,39,1.000000
690,0,10,95,105,53,41,4,9,42,9,21,10,95,105,1.000000
691,0,1,69,135,471,10,16,41,21,63,14,1,69,135,1.536585
692,0,1,36,99,395,6,3,45,16,59,5,1,36,99,1.311111
693,0,33,56,83,320,9,12,21,14,25,7,33,56,83,1.190476
694,0,142,153,222,340,9,12,40,11,56,13,142,153,222,1.400000
695,0,2,6,39,521,0,12,24,1,28,5,2,6,39,1.166667
696,0,19,26,113,65,1,1,24,7,52,35,19,26,113,2.166667
697,0,8,54,145,549,3,1,46,17,68,27,8,54,145,1.478261
698,0,38,55,146,584,7,12,48,9,84,14,38,55,146,1.750000
699,0,43,47,124,523,2,4,40,4,70,7,43,47,124,1.750000
700,0,1,37,109,382,27,3,14,31,52,24,1,37,109,3.714286
701,0,39,112,155,86,41,15,20,49,26,34,39,112,155,1.300000
702,0,39,86,128,121,18,24,30,19,38,12,39,86,128,1.266667
703,0,142,188,268,233,30,4,30,34,66,26,142,188,268,2.200000
704,0,2,6,62,581,3,9,34,3,48,9,2,6,62,1.411765
705,0,334,436,504,63,0,13,25,8,53,17,334,436,504,2.120000
706,0,55,59,84,126,3,13,19,2,23,4,55,59,84,1.210526
707,0,1,177,247,589,59,7,22,64,54,45,1,177,247,2.454545
708,0,38,52,67,320,6,15,13,7,13,8,38,52,67,1.000000
709,0,43,114,188,480,24,21,39,29,67,18,43,114,188,1.717949
710,0,218,262,293,263,8,7,23,20,29,5,218,262,293,1.260870
711,0,42,105,140,545,29,15,21,42,29,22,42,105,140,1.380952
712,0,3,13,114,589,0,5,26,5,76,26,3,13,114,2.923077
713,0,1,155,175,590,41,8,16,41,18,27,1,155,175,1.125000
714,0,3,65,139,591,11,3,21,36,45,38,3,65,139,2.142857
715,0,1,23,133,461,6,8,52,14,92,26,1,23,133,1.769231
716,0,88,111,126,80,8,16,11,8,13,5,88,111,126,1.181818
717,0,3,29,66,471,11,16,18,14,28,11,3,29,66,1.555556
718,0,1,3,51,562,1,1,29,2,41,7,1,3,51,1.413793
719,0,218,263,343,378,11,16,29,19,63,22,218,263,343,2.172414
720,0,1,1,37,441,0,0,15,0,19,17,1,1,37,1.266667
721,0,46,107,201,511,20,12,38,19,70,31,46,107,201,1.842105
722,0,88,121,132,241,12,22,11,17,11,3,88,121,132,1.000000
723,0,19,21,103,581,0,1,46,1,70,13,19,21,103,1.521739
724,0,1,33,127,476,13,12,22,23,62,41,1,33,127,2.818182
725,0,1,11,74,374,4,7,47,8,53,12,1,11,74,1.127660
726,0,4,118,173,555,57,15,17,42,43,44,4,118,173,2.529412
727,0,4,10,84,258,4,11,13,4,53,23,4,10,84,4.076923
728,0,1,135,177,582,53,3,37,59,41,41,1,135,177,1.108108
729,0,1,56,106,482,5,1,34,14,42,10,1,56,106,1.235294
730,0,1,21,127,515,6,1,49,13,91,22,1,21,127,1.857143
731,0,215,276,336,580,2,9,22,8,50,11,215,276,336,2.272727
732,0,3,7,58,581,3,8,42,4,50,1,3,7,58,1.190476
733,0,1,4,60,424,3,17,39,3,49,7,1,4,60,1.256410
734,0,55,79,120,302,13,4,28,15,36,11,55,79,120,1.285714
735,0,1,20,86,585,5,3,16,13,56,13,1,20,86,3.500000
736,0,1,15,103,578,5,6,43,8,75,19,1,15,103,1.744186
737,0,1,170,222,593,10,2,32,8,42,15,1,170,222,1.312500
738,0,142,150,253,523,3,18,25,6,67,36,142,150,253,2.680000
739,0,1,5,52,521,3,12,28,3,38,10,1,5,52,1.357143
740,0,158,174,239,297,13,43,23,9,51,19,158,174,239,2.217391
741,0,42,74,151,86,9,14,44,23,72,6,42,74,151,1.636364
742,0,1,22,51,427,16,11,17,14,29,5,1,22,51,1.705882
743,0,4,82,127,501,23,13,20,26,36,17,4,82,127,1.800000
744,0,80,124,216,545,26,19,35,33,79,17,80,124,216,2.257143
745,0,1,61,114,495,5,10,23,14,35,23,1,61,114,1.521739
746,0,11,283,340,435,16,3,16,15,36,28,11,283,340,2.250000
747,0,1,20,96,531,2,5,37,16,65,13,1,20,96,1.756757
748,0,3,12,104,594,4,4,39,5,73,19,3,12,104,1.871795
749,0,80,110,173,568,18,16,41,17,59,8,80,110,173,1.439024
750,0,98,102,158,333,0,3,51,3,53,4,98,102,158,1.039216
751,0,51,75,165,261,10,16,38,18,72,24,51,75,165,1.894737
752,0,44,59,122,523,4,3,45,9,57,8,44,59,122,1.266667
753,0,237,390,470,307,15,10,28,25,60,28,237,390,470,2.142857
754,0,290,337,408,440,17,29,63,23,67,8,290,337,408,1.063492
755,0,2,31,121,318,2,3,36,4,74,20,2,31,121,2.055556
756,0,2,75,135,349,12,4,46,30,56,13,2,75,135,1.217391
757,0,290,329,363,535,14,37,21,15,29,8,290,329,363,1.380952
758,0,1,31,79,442,12,14,19,18,39,13,1,31,79,2.052632
759,0,34,73,124,120,21,13,24,27,40,19,34,73,124,1.666667
760,0,237,389,473,129,14,12,48,21,64,28,237,389,473,1.333333
761,0,13,32,129,403,1,8,33,3,73,25,13,32,129,2.212121
762,0,1,2,26,550,1,10,16,1,22,2,1,2,26,1.375000
763,0,89,122,210,491,10,18,48,10,76,15,89,122,210,1.583333
764,0,51,141,214,198,56,18,37,67,63,33,51,141,214,1.702703
765,0,36,148,223,510,61,2,41,75,69,31,36,148,223,1.682927
766,0,1,35,94,428,24,3,22,27,52,11,1,35,94,2.363636
767,0,302,386,472,552,12,27,42,16,70,23,302,386,472,1.666667
768,0,17,27,99,597,0,4,25,8,55,19,17,27,99,2.200000
769,0,3,125,199,424,37,15,24,51,54,45,3,125,199,2.250000
770,0,1,9,105,422,4,4,51,7,75,22,1,9,105,1.470588
771,0,44,126,201,22,48,12,21,38,47,71,44,126,201,2.238095
772,0,8,45,127,590,0,4,25,8,55,28,8,45,127,2.200000
773,0,49,56,153,108,0,6,44,6,76,22,49,56,153,1.727273
774,0,290,342,419,409,17,15,54,28,66,14,290,342,419,1.222222
775,0,13,133,188,506,59,8,44,72,52,29,13,133,188,1.181818
776,0,53,83,136,438,16,14,26,23,40,20,53,83,136,1.538462
777,0,57,88,179,302,12,2,37,14,81,22,57,88,179,2.189189
778,0,1,32,58,444,15,16,11,18,21,10,1,32,58,1.909091
779,0,159,185,226,232,20,54,28,15,40,8,159,185,226,1.428571
780,0,89,112,159,63,1,21,30,3,42,5,89,112,159,1.400000
781,0,1,2,52,399,0,1,36,1,48,2,1,2,52,1.333333
782,0,53,122,148,340,54,21,21,46,25,24,53,122,148,1.190476
783,0,39,58,69,598,1,2,11,8,11,0,39,58,69,1.000000
784,0,144,191,270,464,30,26,23,35,55,34,144,191,270,2.391304
785,0,1,19,62,572,1,14,21,12,33,15,1,19,62,1.571429
786,0,40,41,99,598,0,1,28,1,46,12,40,41,99,1.642857
787,0,1,1,56,569,0,0,43,0,53,2,1,1,56,1.232558
788,0,428,448,496,495,2,9,47,12,47,1,428,448,496,1.000000
789,0,24,59,141,65,21,4,32,28,62,27,24,59,141,1.937500
790,0,1,10,48,557,3,3,21,4,29,11,1,10,48,1.380952
791,0,1,138,176,443,69,2,22,79,34,36,1,138,176,1.545455
792,0,63,185,266,238,74,5,25,78,51,67,63,185,266,2.040000
793,0,17,25,124,312,0,1,36,7,80,20,17,25,124,2.222222
794,0,63,96,190,181,9,7,41,16,71,30,63,96,190,1.731707
795,0,336,341,393,590,0,4,45,4,47,6,336,341,393,1.044444
796,0,1,28,145,556,3,6,21,8,77,43,1,28,145,3.666667
797,0,1,27,109,432,1,4,30,5,60,22,1,27,109,2.000000
798,0,10,81,117,403,29,4,23,33,31,15,10,81,117,1.347826
799,0,40,77,159,501,32,1,40,25,66,28,40,77,159,1.650000
800,0,3,131,212,427,34,9,25,45,59,48,3,131,212,2.360000
801,0,1,40,67,574,7,6,14,11,18,14,1,40,67,1.285714
802,0,302,387,430,440,11,20,23,21,33,11,302,387,430,1.434783
803,0,257,310,390,207,8,10,59,21,79,2,257,310,390,1.338983
804,0,49,73,144,22,15,11,24,13,58,22,49,73,144,2.416667
805,0,80,127,221,395,33,26,41,27,73,31,80,127,221,1.780488
806,0,53,88,127,394,4,13,15,17,33,14,53,88,127,2.200000
807,0,99,120,206,260,13,16,49,12,69,26,99,120,206,1.408163
808,0,99,117,204,538,12,18,25,10,59,36,99,117,204,2.360000
809,0,1,20,69,453,8,3,29,8,43,9,1,20,69,1.482759
810,0,2,147,183,557,58,3,16,67,26,60,2,147,183,1.625000
811,0,440,473,544,108,6,10,47,14,65,7,440,473,544,1.382979
812,0,3,13,68,386,2,9,21,9,43,13,3,13,68,2.047619
813,0,27,50,70,65,13,5,13,16,17,9,27,50,70,1.307692
814,0,24,32,125,252,0,6,33,4,61,32,24,32,125,1.848485
815,0,63,83,176,126,3,10,30,7,72,22,63,83,176,2.400000
816,0,144,161,248,101,10,6,32,12,52,38,144,161,248,1.625000
817,0,33,38,103,245,4,5,26,4,54,12,33,38,103,2.076923
818,0,1,30,149,458,12,16,27,14,87,37,1,30,149,3.222222
819,0,265,292,322,531,0,36,18,0,24,7,265,292,322,1.333333
820,0,337,349,417,278,0,6,43,12,57,11,337,349,417,1.325581
821,0,3,6,51,515,0,1,36,0,38,9,3,6,51,1.055556
822,0,1,13,91,588,0,9,53,9,73,6,1,13,91,1.377358
823,0,3,24,125,444,2,14,18,13,78,26,3,24,125,4.333333
824,0,1,107,186,498,29,8,26,44,58,41,1,107,186,2.230769
825,0,78,90,160,340,3,14,15,6,51,22,78,90,160,3.400000
826,0,302,392,452,340,10,34,43,20,53,12,302,392,452,1.232558
827,0,41,41,153,501,0,0,37,0,73,39,41,41,153,1.972973
828,0,1,118,145,505,90,5,24,91,26,27,1,118,145,1.083333
829,0,1,46,143,579,4,1,16,13,68,33,1,46,143,4.250000
830,0,4,27,62,581,6,7,16,9,26,9,4,27,62,1.625000
831,0,10,49,111,506,5,3,44,8,50,15,10,49,111,1.136364
832,0,78,163,228,176,54,8,25,43,49,49,78,163,228,1.960000
833,0,4,21,99,385,2,5,34,12,62,16,4,21,99,1.823529
834,0,121,303,316,167,28,22,10,29,12,11,121,303,316,1.200000
835,0,31,52,90,347,15,5,17,13,33,13,31,52,90,1.941176
836,0,4,194,233,594,146,3,15,117,21,73,4,194,233,1.400000
837,0,11,11,30,594,0,0,18,0,18,1,11,11,30,1.000000
838,0,36,60,124,50,11,9,30,16,48,24,36,60,124,1.600000
839,0,82,136,239,545,35,17,29,31,73,39,82,136,239,2.517241
840,0,298,338,377,533,12,18,21,31,27,13,298,338,377,1.285714
841,0,25,130,144,478,95,17,8,76,12,30,25,130,144,1.500000
842,0,1,44,89,446,3,4,33,12,43,4,1,44,89,1.303030
843,0,99,132,168,55,15,18,21,23,35,5,99,132,168,1.666667
844,0,1,67,132,522,8,6,30,18,62,9,1,67,132,2.066667
845,0,107,123,140,437,7,18,13,8,15,3,107,123,140,1.153846
846,0,1,108,169,591,10,3,17,9,45,23,1,108,169,2.647059
847,0,38,38,142,178,0,0,21,0,61,43,38,38,142,2.904762
848,0,34,39,125,245,4,4,15,4,69,18,34,39,125,4.600000
849,0,50,56,141,74,2,6,38,6,62,23,50,56,141,1.631579
850,0,1,19,82,530,3,8,30,4,46,19,1,19,82,1.533333
851,0,347,355,436,346,0,6,50,8,70,11,347,355,436,1.400000
852,0,59,120,195,428,5,15,43,14,69,16,59,120,195,1.604651
853,0,1,6,19,546,1,5,11,4,13,0,1,6,19,1.181818
854,0,1,51,153,486,17,4,25,27,81,24,1,51,153,3.240000
855,0,1,81,144,501,29,14,25,24,45,32,1,81,144,1.800000
856,0,1,136,225,509,69,14,31,52,75,49,1,136,225,2.419355
857,0,144,166,233,562,13,1,24,15,44,27,144,166,233,1.833333
858,0,59,61,164,306,0,2,29,2,91,12,59,61,164,3.137931
859,0,1,56,97,494,12,2,13,21,29,20,1,56,97,2.230769
860,0,129,315,346,124,37,21,22,40,28,13,129,315,346,1.272727
861,0,73,118,187,24,9,19,39,12,55,17,73,118,187,1.410256
862,0,1,3,21,555,1,18,14,2,16,2,1,3,21,1.142857
863,0,42,93,153,502,40,13,16,32,38,40,42,93,153,2.375000
864,0,347,358,459,411,2,27,43,8,83,19,347,358,459,1.930233
865,0,26,79,162,478,39,18,50,27,78,27,26,79,162,1.560000
866,0,144,157,245,17,5,10,29,7,61,28,144,157,245,2.103448
867,0,4,107,173,509,45,12,24,38,46,40,4,107,173,1.916667
868,0,290,343,410,455,20,27,61,28,65,5,290,343,410,1.065574
869,0,108,151,208,527,28,6,21,31,49,12,108,151,208,2.333333
870,0,53,65,119,320,9,23,34,10,48,8,53,65,119,1.411765
871,0,73,124,173,144,10,16,34,9,38,18,73,124,173,1.117647
872,0,108,150,174,426,23,3,20,22,22,11,108,150,174,1.100000
873,0,33,76,107,238,25,9,20,28,26,18,33,76,107,1.300000
874,0,33,71,127,304,18,5,19,19,45,25,33,71,127,2.368421
875,0,5,45,116,471,11,14,11,19,47,28,5,45,116,4.272727
876,0,108,293,347,234,157,3,45,129,53,45,108,293,347,1.177778
877,0,5,54,155,581,10,6,19,19,85,24,5,54,155,4.473684
878,0,82,129,164,395,31,28,9,23,23,21,82,129,164,2.555556
879,0,1,58,125,527,4,9,25,11,51,19,1,58,125,2.040000
880,0,1,28,93,576,4,5,42,7,56,10,1,28,93,1.333333
881,0,45,52,131,489,3,6,47,4,67,13,45,52,131,1.425532
882,0,47,74,125,243,9,13,34,18,44,16,47,74,125,1.294118
883,0,49,71,128,243,9,12,37,15,43,21,49,71,128,1.162162
884,0,144,162,197,340,7,13,14,8,30,8,144,162,197,2.142857
885,0,149,168,200,523,8,11,14,13,22,12,149,168,200,1.571429
886,0,85,93,173,126,2,3,27,4,57,26,85,93,173,2.111111
887,0,50,189,264,591,94,11,26,88,60,62,50,189,264,2.307692
888,0,85,99,185,595,3,14,17,5,57,33,85,99,185,3.352941
889,0,38,59,97,126,9,14,23,16,31,11,38,59,97,1.347826
890,0,290,344,430,386,21,22,42,29,64,25,290,344,430,1.523810
891,0,241,264,329,359,13,11,54,15,62,11,241,264,329,1.148148
892,0,150,307,377,547,36,12,31,28,55,28,150,307,377,1.774194
893,0,159,250,338,374,61,14,43,56,67,41,159,250,338,1.558140
894,0,1,238,285,587,108,5,23,114,31,82,1,238,285,1.347826
895,0,54,109,177,84,40,22,49,39,59,25,54,109,177,1.204082
896,0,347,357,432,20,1,21,20,6,40,36,347,357,432,2.000000
897,0,64,119,188,428,4,14,44,9,56,17,64,119,188,1.272727
898,0,38,168,195,50,64,8,19,70,21,58,38,168,195,1.105263
899,0,52,68,80,74,0,4,12,6,12,0,52,68,80,1.000000
900,9,347,375,458,218,5,25,44,10,68,16,338,366,449,1.545455
901,13,14,54,162,437,3,4,25,4,83,28,1,41,149,3.320000
902,15,159,179,224,152,12,45,30,10,40,10,144,164,209,1.333333
903,15,66,132,210,428,0,16,42,14,64,16,51,117,195,1.523810
904,16,347,383,478,320,2,22,50,8,86,11,331,367,462,1.720000
905,17,55,70,136,219,14,13,22,13,42,26,38,53,119,1.909091
906,17,33,78,144,347,19,3,8,25,48,27,16,61,127,6.000000
907,18,291,346,414,93,20,10,46,32,62,7,273,328,396,1.347826
908,19,24,45,134,422,18,4,50,17,84,9,5,26,115,1.680000
909,19,40,43,94,181,3,13,16,3,38,13,21,24,75,2.375000
910,19,53,79,166,546,9,1,14,11,66,29,34,60,147,4.714286
911,20,74,150,168,24,29,20,11,33,15,10,54,130,148,1.363636
912,20,38,38,53,510,0,0,13,0,15,0,18,18,33,1.153846
913,20,63,73,159,453,5,9,28,10,68,18,43,53,139,2.428571
914,20,91,166,249,237,46,13,13,44,63,37,71,146,229,4.846154
915,21,35,79,93,245,11,4,13,21,13,16,14,58,72,1.000000
916,21,40,67,112,565,5,12,22,14,42,5,19,46,91,1.909091
917,21,108,146,225,396,18,15,49,20,73,10,87,125,204,1.489796
918,21,40,111,200,238,36,12,23,45,73,31,19,90,179,3.173913
919,21,291,350,434,295,19,29,35,30,55,35,270,329,413,1.571429
920,21,22,44,151,49,4,9,38,12,94,16,1,23,130,2.473684
921,21,467,489,574,555,2,24,47,12,63,22,446,468,553,1.340426
922,22,105,129,189,462,11,13,29,14,45,20,83,107,167,1.551724
923,22,26,42,114,279,0,6,28,3,58,14,4,20,92,2.071429
924,22,105,116,206,260,10,16,48,9,76,16,83,94,184,1.583333
925,22,50,72,163,22,10,12,19,15,73,20,28,50,141,3.842105
926,22,298,335,416,439,2,10,54,7,74,7,276,313,394,1.370370
927,23,155,158,220,301,2,6,34,3,52,10,132,135,197,1.529412
928,23,74,173,264,144,40,16,21,41,65,41,51,150,241,3.095238
929,24,161,249,327,593,58,28,54,58,70,19,137,225,303,1.296296
930,24,38,101,188,238,29,15,26,35,60,41,14,77,164,2.307692
931,24,28,71,125,598,26,6,30,30,44,22,4,47,101,1.466667
932,24,26,27,53,260,0,1,14,1,26,0,2,3,29,1.857143
933,25,41,49,120,238,6,11,24,5,54,20,16,24,95,2.250000
934,25,31,145,251,11,80,1,39,81,83,52,6,120,226,2.128205
935,25,161,247,309,286,51,29,45,51,51,24,136,222,284,1.133333
936,25,31,41,123,513,5,7,51,8,75,9,6,16,98,1.470588
937,25,241,280,331,98,19,12,38,27,48,11,216,255,306,1.263158
938,26,161,181,197,248,10,3,14,11,16,2,135,155,171,1.142857
939,26,47,51,88,423,4,1,12,2,28,11,21,25,62,2.333333
940,26,36,125,175,120,63,8,30,64,40,32,10,99,149,1.333333
941,27,291,345,388,84,19,30,27,27,37,9,264,318,361,1.370370
942,27,31,40,137,354,4,5,39,6,63,37,4,13,110,1.615385
943,27,106,131,230,260,7,17,29,12,73,28,79,104,203,2.517241
944,27,467,526,559,95,15,25,20,28,28,14,440,499,532,1.400000
945,28,490,527,548,429,14,18,18,30,20,4,462,499,520,1.111111
946,28,32,47,130,408,4,14,39,11,67,18,4,19,102,1.717949
947,28,161,248,279,424,46,29,19,52,27,13,133,220,251,1.421053
948,28,45,69,94,434,19,7,18,15,22,10,17,41,66,1.222222
949,28,91,121,202,198,5,12,47,11,67,15,63,93,174,1.425532
950,28,43,70,175,491,8,17,36,14,80,28,15,42,147,2.222222
951,28,68,90,132,469,10,9,18,11,30,21,40,62,104,1.666667
952,29,64,74,134,453,4,10,48,7,58,5,35,45,105,1.208333
953,29,46,64,148,18,4,8,48,11,78,13,17,35,119,1.625000
954,29,35,44,64,354,3,5,20,5,20,2,6,15,35,1.000000
955,29,30,139,200,483,98,12,21,83,45,42,1,110,171,2.142857
956,29,45,111,190,365,26,13,31,28,61,31,16,82,161,1.967742
957,30,241,277,328,24,12,10,24,19,48,5,211,247,298,2.000000
958,30,56,133,220,557,63,16,38,53,76,35,26,103,190,2.000000
959,30,45,94,144,278,15,3,32,15,44,11,15,64,114,1.375000
960,30,39,79,157,554,20,14,40,19,58,29,9,49,127,1.450000
961,30,31,84,182,598,41,4,32,38,78,33,1,54,152,2.437500
962,30,45,50,129,46,3,6,17,1,55,28,15,20,99,3.235294
963,30,109,163,251,189,10,8,23,22,55,40,79,133,221,2.391304
964,30,37,125,205,354,62,4,43,42,73,42,7,95,175,1.697674
965,30,241,333,359,517,16,19,16,36,20,12,211,303,329,1.250000
966,30,118,126,200,479,2,8,58,4,66,8,88,96,170,1.137931
967,30,52,78,138,18,7,4,16,14,46,20,22,48,108,2.875000
968,30,56,57,100,18,0,1,13,1,31,12,26,27,70,2.384615
969,30,65,109,204,453,0,11,24,2,74,21,35,79,174,3.083333
970,30,497,510,563,240,3,13,33,7,45,12,467,480,533,1.363636
971,30,59,141,172,22,58,15,22,46,26,39,29,111,142,1.181818
972,30,31,32,117,408,1,10,23,1,65,20,1,2,87,2.826087
973,31,33,137,218,153,30,13,42,37,74,22,2,106,187,1.761905
974,31,39,163,201,50,50,7,11,57,27,54,8,132,170,2.454545
975,31,292,367,418,165,26,23,41,39,45,10,261,336,387,1.097561
976,31,41,45,146,126,3,13,25,3,73,29,10,14,115,2.920000
977,31,268,316,406,464,38,19,60,30,86,20,237,285,375,1.433333
978,31,32,51,144,320,9,9,38,12,70,28,1,20,113,1.842105
979,31,241,321,332,472,13,16,11,17,11,4,210,290,301,1.000000
980,31,70,97,192,165,9,15,42,20,72,25,39,66,161,1.714286
981,31,49,66,129,355,4,13,7,9,43,26,18,35,98,6.142857
982,31,298,352,418,133,5,13,46,10,54,14,267,321,387,1.173913
983,31,32,32,112,476,0,0,51,0,73,7,1,1,81,1.431373
984,32,307,455,500,22,7,15,30,20,40,8,275,423,468,1.333333
985,32,155,169,245,205,8,11,42,11,68,11,123,137,213,1.619048
986,32,54,56,157,546,0,1,25,1,85,17,22,24,125,3.400000
987,32,41,89,167,121,9,13,27,19,67,20,9,57,135,2.481481
988,32,102,161,210,340,37,12,30,27,46,21,70,129,178,1.533333
989,33,114,116,203,5,0,2,42,2,76,11,81,83,170,1.809524
990,33,34,74,145,84,28,12,56,30,68,11,1,41,112,1.214286
991,33,500,513,559,163,5,16,34,7,40,11,467,480,526,1.176471
992,33,103,174,269,25,42,6,21,31,69,47,70,141,236,3.285714
993,34,369,399,458,475,1,5,26,13,36,24,335,365,424,1.384615
994,34,59,97,183,320,22,14,32,26,80,13,25,63,149,2.500000
995,34,66,112,127,208,6,8,8,23,12,12,32,78,93,1.500000
996,34,161,182,236,585,8,5,21,9,49,8,127,148,202,2.333333
997,35,36,63,161,320,12,12,19,16,73,30,1,28,126,3.842105
998,35,36,55,137,483,16,10,45,15,73,12,1,20,102,1.622222
999,35,37,53,87,444,6,2,17,13,25,12,2,18,52,1.470588
1000,35,36,42,146,284,3,11,29,3,81,26,1,7,111,2.793103
1001,35,66,105,184,320,27,13,26,25,68,25,31,70,149,2.615385
1002,35,40,55,117,362,4,4,47,7,53,12,5,20,82,1.127660
1003,35,99,126,164,58,25,7,15,16,31,17,64,91,129,2.066667
1004,35,48,115,186,366,4,5,46,6,60,14,13,80,151,1.304348
1005,36,155,205,255,17,31,3,24,33,40,23,119,169,219,1.666667
1006,36,52,77,97,97,13,6,11,24,19,2,16,41,61,1.727273
1007,36,37,103,179,478,57,21,40,39,58,45,1,67,143,1.450000
1008,36,37,48,149,284,5,11,38,6,80,26,1,12,113,2.105263
1009,36,47,179,255,220,96,4,30,76,66,53,11,143,219,2.200000
1010,36,56,85,108,395,21,19,17,21,17,13,20,49,72,1.000000
1011,36,292,381,471,358,30,28,35,46,73,28,256,345,435,2.085714
1012,36,67,106,196,208,1,8,41,12,71,21,31,70,160,1.731707
1013,37,161,177,252,374,4,12,47,5,63,13,124,140,215,1.340426
1014,37,45,188,270,546,70,1,32,65,60,66,8,151,233,1.875000
1015,37,38,67,129,355,13,11,20,22,46,21,1,30,92,2.300000
1016,37,40,93,192,554,26,14,30,23,68,46,3,56,155,2.266667
1017,37,54,121,208,153,53,18,46,45,78,30,17,84,171,1.695652
1018,37,58,102,162,365,22,10,32,18,46,26,21,65,125,1.437500
1019,37,38,89,170,121,42,21,29,35,55,42,1,52,133,1.896552
1020,37,500,511,543,182,3,9,24,7,28,7,463,474,506,1.166667
1021,37,292,378,461,180,32,20,41,41,67,26,255,341,424,1.634146
1022,37,56,150,250,439,80,17,36,61,82,49,19,113,213,2.277778
1023,37,108,184,260,273,46,14,25,38,55,42,71,147,223,2.200000
1024,37,39,81,109,238,3,16,11,5,25,6,2,44,72,2.272727
1025,37,38,136,199,444,28,1,22,35,52,20,1,99,162,2.363636
1026,38,41,94,129,219,30,16,19,34,29,16,3,56,91,1.526316
1027,38,126,176,245,39,43,12,41,26,61,29,88,138,207,1.487805
1028,38,54,68,149,179,7,14,42,10,74,9,16,30,111,1.761905
1029,38,161,183,277,313,8,26,42,8,84,13,123,145,239,2.000000
1030,38,39,127,175,444,12,2,23,22,41,15,1,89,137,1.782609
1031,38,161,190,274,242,9,7,51,11,73,15,123,152,236,1.431373
1032,38,101,147,197,144,20,16,30,19,44,14,63,109,159,1.466667
1033,38,52,58,82,394,6,12,13,4,21,5,14,20,44,1.615385
1034,38,67,237,291,320,123,12,25,124,41,54,29,199,253,1.640000
1035,39,58,123,250,320,35,15,22,44,106,40,19,84,211,4.818182
1036,39,117,120,202,337,0,3,54,3,72,10,78,81,163,1.333333
1037,39,56,142,155,22,72,21,9,53,11,31,17,103,116,1.222222
1038,39,56,67,154,276,4,10,37,3,79,11,17,28,115,2.135135
1039,39,48,48,129,423,0,0,19,0,59,22,9,9,90,3.105263
1040,39,46,89,154,348,23,11,13,20,45,31,7,50,115,3.461538
1041,39,40,41,88,451,0,1,11,1,39,8,1,2,49,3.545455
1042,39,118,134,226,241,7,8,33,8,69,24,79,95,187,2.090909
1043,39,58,148,210,495,56,13,37,51,55,27,19,109,171,1.486486
1044,39,98,108,199,559,0,8,38,8,70,23,59,69,160,1.842105
1045,39,171,265,294,290,54,6,19,51,21,27,132,226,255,1.105263
1046,40,307,453,522,288,6,37,58,11,66,9,267,413,482,1.137931
1047,40,51,126,184,366,7,4,41,8,51,14,11,86,144,1.243902
1048,40,47,103,133,489,36,4,20,41,22,21,7,63,93,1.100000
1049,40,268,323,403,381,41,28,42,32,70,28,228,283,363,1.666667
1050,40,47,81,112,434,24,6,18,21,26,15,7,41,72,1.444444
1051,40,46,63,146,416,1,3,33,3,69,14,6,23,106,2.090909
1052,41,48,124,167,220,49,3,13,34,33,37,7,83,126,2.538462
1053,41,52,70,96,428,6,8,20,9,24,7,11,29,55,1.200000
1054,41,57,105,168,277,29,15,44,33,58,16,16,64,127,1.318182
1055,41,307,467,532,295,15,26,50,21,54,17,266,426,491,1.080000
1056,41,298,351,445,358,2,21,29,7,57,39,257,310,404,1.965517
1057,42,246,384,472,34,14,14,26,22,50,46,204,342,430,1.923077
1058,42,292,370,452,68,26,13,56,31,80,9,250,328,410,1.428571
1059,42,58,72,154,206,9,14,43,5,71,20,16,30,112,1.651163
1060,42,55,60,106,428,1,9,25,2,37,10,13,18,64,1.480000
1061,42,103,134,181,301,29,14,14,23,30,25,61,92,139,2.142857
1062,43,45,54,143,355,3,20,23,3,61,30,2,11,100,2.652174
1063,43,57,123,145,441,40,17,15,42,19,17,14,80,102,1.266667
1064,43,113,133,198,316,14,9,15,12,51,21,70,90,155,3.400000
1065,43,44,50,123,535,0,7,40,2,68,5,1,7,80,1.700000
1066,43,44,54,87,444,2,2,16,3,24,14,1,11,44,1.500000
1067,43,120,174,259,477,38,13,28,34,68,37,77,131,216,2.428571
1068,44,49,247,372,535,152,5,34,119,114,85,5,203,328,3.352941
1069,44,121,140,202,477,11,14,20,13,36,30,77,96,158,1.800000
1070,44,60,60,147,434,0,0,49,0,77,10,16,16,103,1.571429
1071,45,122,130,228,3,4,11,32,8,70,28,77,85,183,2.187500
1072,45,47,56,159,209,3,9,32,4,94,10,2,11,114,2.937500
1073,45,46,60,120,126,3,10,37,10,55,9,1,15,75,1.486486
1074,45,58,198,253,441,103,16,40,94,52,29,13,153,208,1.300000
1075,45,104,143,213,582,34,20,28,32,56,21,59,98,168,2.000000
1076,45,49,52,145,220,3,2,14,2,68,26,4,7,100,4.857143
1077,46,47,71,131,86,16,14,31,15,35,34,1,25,85,1.129032
1078,46,50,80,152,320,8,20,49,21,71,3,4,34,106,1.448980
1079,46,114,117,174,316,1,8,21,3,39,18,68,71,128,1.857143
1080,46,119,142,232,461,10,14,17,8,57,40,73,96,186,3.352941
1081,46,171,191,268,461,8,57,22,12,58,20,125,145,222,2.636364
1082,46,47,187,248,343,119,18,48,88,54,57,1,141,202,1.125000
1083,47,56,66,90,351,1,15,22,5,22,7,9,19,43,1.000000
1084,47,59,107,134,206,38,14,24,31,24,19,12,60,87,1.000000
1085,47,247,380,439,98,10,12,53,17,57,6,200,333,392,1.075472
1086,48,500,562,600,452,23,16,27,29,35,11,452,514,552,1.296296
1087,48,292,384,476,147,22,20,52,37,76,23,244,336,428,1.461538
1088,48,49,115,157,126,21,10,24,33,34,17,1,67,109,1.416667
1089,48,307,461,531,142,6,35,53,6,65,9,259,413,483,1.226415
1090,48,99,157,221,563,5,16,26,9,50,17,51,109,173,1.923077
1091,48,83,203,290,80,104,12,53,83,75,49,35,155,242,1.415094
1092,48,83,113,137,55,20,17,15,17,23,14,35,65,89,1.533333
1093,48,78,91,179,320,12,13,29,8,85,8,30,43,131,2.931034
1094,48,49,164,230,546,50,3,38,50,56,40,1,116,182,1.473684
1095,48,83,193,220,326,94,17,24,87,26,24,35,145,172,1.083333
1096,49,62,109,188,153,36,17,38,34,56,34,13,60,139,1.473684
1097,49,350,476,521,432,13,35,35,16,43,7,301,427,472,1.228571
1098,49,83,180,205,153,78,13,17,76,25,21,34,131,156,1.470588
1099,49,50,87,130,473,22,12,22,26,34,16,1,38,81,1.545455
1100,49,50,234,259,546,101,2,16,103,22,46,1,185,210,1.375000
1101,49,68,90,135,543,15,13,29,18,39,9,19,41,86,1.344828
1102,49,62,82,158,355,3,13,39,11,73,7,13,33,109,1.871795
1103,49,500,512,532,363,2,18,12,4,18,2,451,463,483,1.500000
1104,50,73,93,144,260,2,17,38,9,46,9,23,43,94,1.210526
1105,50,171,241,293,264,33,54,36,35,46,12,121,191,243,1.277778
1106,50,500,549,607,108,10,21,35,15,43,19,450,499,557,1.228571
1107,50,56,288,358,456,177,14,39,136,63,97,6,238,308,1.615385
1108,50,51,140,187,494,17,12,37,16,43,14,1,90,137,1.162162
1109,50,154,195,272,513,31,35,57,32,75,10,104,145,222,1.315789
1110,51,259,295,386,528,0,27,32,5,78,14,208,244,335,2.437500
1111,51,277,286,345,464,2,10,38,7,54,5,226,235,294,1.421053
1112,51,52,89,170,16,17,12,29,28,63,27,1,38,119,2.172414
1113,51,259,298,359,79,0,7,49,7,59,2,208,247,308,1.204082
1114,51,62,146,214,517,42,4,25,36,51,48,11,95,163,2.040000
1115,51,52,80,136,211,9,9,25,19,41,23,1,29,85,1.640000
1116,51,52,57,100,179,4,13,18,4,30,14,1,6,49,1.666667
1117,51,52,69,144,494,8,10,56,15,72,5,1,18,93,1.285714
1118,52,82,84,153,145,0,2,23,2,55,14,30,32,101,2.391304
1119,52,53,69,131,467,3,12,36,10,54,13,1,17,79,1.500000
1120,52,130,183,265,400,45,12,37,32,59,44,78,131,213,1.594595
1121,52,58,112,155,394,22,11,35,25,39,26,6,60,103,1.114286
1122,52,104,250,300,573,30,49,24,59,38,20,52,198,248,1.583333
1123,52,221,227,249,286,2,6,17,6,21,1,169,175,197,1.235294
1124,53,98,105,138,444,0,6,17,6,27,7,45,52,85,1.588235
1125,53,54,164,228,216,50,7,21,86,57,31,1,111,175,2.714286
1126,53,54,69,113,388,4,5,24,13,38,8,1,16,60,1.583333
1127,53,79,87,144,145,1,4,34,7,52,6,26,34,91,1.529412
1128,53,54,88,160,8,3,10,28,19,66,12,1,35,107,2.357143
1129,53,54,55,151,570,1,7,21,1,67,29,1,2,98,3.190476
1130,53,62,156,173,1,48,16,9,47,17,30,9,103,120,1.888889
1131,53,109,156,220,462,6,14,56,7,62,6,56,103,167,1.107143
1132,53,54,195,278,480,75,16,28,91,60,73,1,142,225,2.142857
1133,53,298,371,395,336,3,19,15,12,17,8,245,318,342,1.133333
1134,54,171,264,311,90,47,50,28,42,42,19,117,210,257,1.500000
1135,54,55,120,153,76,30,12,26,36,32,24,1,66,99,1.230769
1136,54,56,69,124,428,3,9,17,7,43,13,2,15,70,2.529412
1137,54,55,92,191,482,15,4,13,27,63,46,1,38,137,4.846154
1138,54,55,78,172,177,4,1,55,14,93,7,1,24,118,1.690909
1139,54,55,63,141,507,2,11,13,5,63,18,1,9,87,4.846154
1140,54,55,59,125,434,4,3,44,3,54,13,1,5,71,1.227273
1141,54,95,103,187,440,0,8,26,8,58,26,41,49,133,2.230769
1142,55,56,95,141,358,21,1,9,26,37,21,1,40,86,4.111111
1143,55,388,394,455,344,2,16,30,5,56,6,333,339,400,1.866667
1144,55,56,101,176,494,22,11,21,30,59,30,1,46,121,2.809524
1145,56,57,134,222,577,1,4,54,14,86,3,1,78,166,1.592593
1146,56,58,76,133,33,3,13,27,5,47,10,2,20,77,1.740741
1147,56,90,116,197,207,5,11,31,8,63,27,34,60,141,2.032258
1148,56,89,121,169,25,7,9,40,8,42,11,33,65,113,1.050000
1149,56,64,76,113,568,8,10,15,7,29,13,8,20,57,1.933333
1150,56,57,186,255,57,75,18,28,81,60,57,1,130,199,2.142857
1151,56,62,76,148,261,2,8,31,12,49,24,6,20,92,1.580645
1152,57,58,120,154,314,42,15,23,48,33,15,1,63,97,1.434783
1153,57,280,287,376,37,1,5,29,6,77,12,223,230,319,2.655172
1154,57,58,215,273,494,65,11,22,109,52,48,1,158,216,2.363636
1155,57,130,191,257,566,57,21,33,41,65,21,73,134,200,1.969697
1156,57,58,71,148,203,7,5,23,8,57,25,1,14,91,2.478261
1157,57,58,59,147,427,0,1,32,1,68,20,1,2,90,2.125000
1158,57,205,212,302,66,0,6,46,6,66,25,148,155,245,1.434783
1159,57,58,134,195,84,44,10,14,49,32,55,1,77,138,2.285714
1160,57,64,97,115,511,27,5,13,26,15,10,7,40,58,1.153846
1161,57,58,67,146,263,1,2,31,5,59,22,1,10,89,1.903226
1162,57,58,89,132,533,15,4,25,20,33,21,1,32,75,1.320000
1163,58,268,320,357,106,40,21,16,33,26,25,210,262,299,1.625000
1164,58,59,89,166,70,9,20,43,12,69,26,1,31,108,1.604651
1165,58,74,75,126,496,1,2,25,1,37,14,16,17,68,1.480000
1166,58,59,66,147,466,6,7,35,7,71,10,1,8,89,2.028571
1167,58,74,90,158,298,3,7,44,7,60,13,16,32,100,1.363636
1168,58,67,106,198,511,35,2,35,29,73,29,9,48,140,2.085714
1169,58,59,124,140,149,27,7,13,47,15,19,1,66,82,1.153846
1170,58,59,65,131,196,2,5,12,4,52,16,1,7,73,4.333333
1171,59,388,395,426,562,3,23,18,6,28,4,329,336,367,1.555556
1172,59,60,92,142,8,10,12,27,22,43,16,1,33,83,1.592593
1173,59,60,66,140,76,0,9,39,2,65,10,1,7,81,1.666667
1174,59,112,142,193,289,19,12,41,17,47,11,53,83,134,1.146341
1175,59,60,112,156,569,29,8,20,36,36,24,1,53,97,1.800000
1176,59,60,62,154,577,0,2,53,2,79,13,1,3,95,1.490566
1177,60,85,123,187,472,24,14,17,22,41,39,25,63,127,2.411765
1178,60,61,71,156,494,4,8,41,9,75,11,1,11,96,1.829268
1179,60,183,189,268,330,2,6,47,5,61,19,123,129,208,1.297872
1180,61,62,72,115,578,6,6,22,4,36,13,1,11,54,1.636364
1181,61,62,137,224,251,49,21,44,58,78,26,1,76,163,1.772727
1182,61,104,169,233,59,30,13,46,33,56,19,43,108,172,1.217391
1183,61,62,101,157,206,21,14,47,23,53,19,1,40,96,1.127660
1184,61,62,234,275,560,69,6,33,125,35,52,1,173,214,1.060606
1185,62,74,81,186,357,0,6,41,6,79,27,12,19,124,1.926829
1186,62,63,71,153,216,4,3,32,4,54,32,1,9,91,1.687500
1187,62,98,147,243,266,6,12,39,14,69,34,36,85,181,1.769231
1188,62,65,78,163,76,3,6,22,10,50,35,3,16,101,2.272727
1189,62,247,390,477,483,12,31,29,20,59,36,185,328,415,2.034483
1190,62,247,405,464,114,13,18,26,23,42,22,185,343,402,1.615385
1191,62,63,69,128,255,4,4,28,4,48,13,1,7,66,1.714286
1192,62,63,66,156,465,0,3,33,3,59,31,1,4,94,1.787879
1193,62,120,211,298,411,64,12,31,48,55,62,58,149,236,1.774194
1194,62,63,130,175,405,35,5,18,47,32,33,1,68,113,1.777778
1195,62,63,82,173,170,12,5,16,13,64,33,1,20,111,4.000000
1196,63,67,212,282,394,81,13,46,88,64,63,4,149,219,1.391304
1197,63,64,76,140,148,5,12,37,5,59,12,1,13,77,1.594595
1198,63,64,70,108,181,5,5,23,4,33,7,1,7,45,1.434783
1199,63,67,76,122,471,3,13,35,6,37,12,4,13,59,1.057143
1200,63,64,76,151,265,0,16,46,9,70,5,1,13,88,1.521739
1201,63,70,118,171,263,21,5,30,24,48,20,7,55,108,1.600000
1202,63,299,366,465,210,1,22,34,3,84,15,236,303,402,2.470588
1203,64,65,160,228,50,75,4,25,47,43,69,1,96,164,1.720000
1204,64,80,132,180,314,33,17,26,29,38,32,16,68,116,1.461538
1205,64,65,77,149,569,3,7,18,9,66,9,1,13,85,3.666667
1206,64,65,111,138,560,17,7,20,29,22,21,1,47,74,1.100000
1207,65,122,127,205,477,2,13,39,4,67,12,57,62,140,1.717949
1208,65,66,104,117,327,16,6,11,27,13,11,1,39,52,1.181818
1209,65,66,97,147,136,11,11,33,26,45,10,1,32,82,1.363636
1210,65,69,69,147,511,0,0,36,0,64,14,4,4,82,1.777778
1211,65,67,77,125,329,3,9,28,9,44,5,2,12,60,1.571429
1212,66,67,72,106,474,0,5,27,5,29,5,1,6,40,1.074074
1213,66,154,196,272,128,33,36,58,29,72,17,88,130,206,1.241379
1214,66,68,84,130,496,2,6,7,11,27,24,2,18,64,3.857143
1215,66,67,67,121,335,0,0,33,0,45,9,1,1,55,1.363636
1216,66,70,72,154,76,0,2,43,1,71,11,4,6,88,1.651163
1217,66,67,79,110,222,3,7,20,12,24,7,1,13,44,1.200000
1218,67,68,71,140,138,3,9,15,2,47,23,1,4,73,3.133333
1219,67,68,126,207,101,54,6,49,37,81,21,1,59,140,1.653061
1220,67,68,68,126,94,0,0,45,0,53,5,1,1,59,1.177778
1221,67,295,383,480,485,20,39,31,33,67,36,228,316,413,2.161290
1222,67,68,136,183,153,62,10,32,34,42,39,1,69,116,1.312500
1223,67,120,152,188,437,29,12,17,19,31,18,53,85,121,1.823529
1224,68,130,189,263,300,54,16,37,33,71,29,62,121,195,1.918919
1225,68,69,84,178,126,9,9,35,14,69,26,1,16,110,1.971429
1226,68,85,92,178,139,0,6,27,6,73,14,17,24,110,2.703704
1227,68,69,97,144,406,5,11,22,21,32,22,1,29,76,1.454545
1228,68,106,151,227,573,0,7,46,13,66,11,38,83,159,1.434783
1229,68,69,94,188,363,7,9,44,16,78,24,1,26,120,1.772727
1230,69,70,154,199,225,65,18,34,53,40,29,1,85,130,1.176471
1231,69,268,345,432,288,59,33,29,45,71,43,199,276,363,2.448276
1232,69,74,80,145,190,0,6,43,6,55,10,5,11,76,1.279070
1233,69,171,189,272,434,1,50,63,1,79,6,102,120,203,1.253968
1234,69,70,142,238,153,65,10,45,54,87,27,1,73,169,1.933333
1235,69,268,338,371,341,57,27,23,45,29,24,199,269,302,1.260870
1236,69,98,134,230,433,0,13,35,6,83,13,29,65,161,2.371429
1237,70,71,185,264,453,62,7,45,64,71,56,1,115,194,1.577778
1238,70,72,237,260,456,134,12,20,93,20,63,2,167,190,1.000000
1239,70,71,74,147,200,1,5,9,3,45,28,1,4,77,5.000000
1240,70,218,230,245,34,3,19,7,10,13,4,148,160,175,1.857143
1241,71,280,307,398,318,0,17,48,6,70,21,209,236,327,1.458333
1242,71,132,216,301,329,31,4,38,37,74,32,61,145,230,1.947368
1243,71,72,108,152,198,13,11,27,19,37,13,1,37,81,1.370370
1244,72,73,82,145,222,7,3,33,8,47,17,1,10,73,1.424242
1245,72,118,147,224,80,17,4,23,18,57,24,46,75,152,2.478261
1246,72,73,106,140,165,4,14,24,18,28,11,1,34,68,1.166667
1247,72,79,87,162,543,1,9,38,8,66,9,7,15,90,1.736842
1248,72,73,143,169,251,32,10,20,48,24,23,1,71,97,1.200000
1249,72,81,111,141,289,11,11,24,14,30,15,9,39,69,1.250000
1250,72,308,421,452,535,12,25,20,14,28,11,236,349,380,1.400000
1251,72,73,143,170,20,37,15,23,44,23,30,1,71,98,1.000000
1252,73,74,110,187,468,14,8,35,28,75,10,1,37,114,2.142857
1253,73,74,169,220,441,41,12,20,58,42,34,1,96,147,2.100000
1254,73,74,141,247,480,40,10,28,37,90,46,1,68,174,3.214286
1255,73,74,78,141,491,1,14,49,4,61,2,1,5,68,1.244898
1256,73,136,137,193,329,0,1,42,1,48,8,63,64,120,1.142857
1257,73,74,116,195,56,21,4,41,31,55,34,1,43,122,1.341463
1258,74,75,77,158,435,0,1,50,1,68,14,1,3,84,1.360000
1259,74,81,87,165,105,0,6,39,6,73,5,7,13,91,1.871795
1260,74,280,340,411,330,1,13,28,10,54,20,206,266,337,1.928571
1261,74,75,202,240,225,112,17,31,94,35,36,1,128,166,1.129032
1262,74,75,181,209,63,84,21,20,75,26,33,1,107,135,1.300000
1263,75,89,218,244,33,89,9,13,85,23,44,14,143,169,1.769231
1264,75,123,151,181,477,15,13,25,13,27,14,48,76,106,1.080000
1265,75,76,105,185,166,26,12,17,18,65,26,1,30,110,3.823529
1266,75,76,81,168,567,2,16,26,4,66,22,1,6,93,2.538462
1267,75,76,100,191,63,19,22,37,18,73,24,1,25,116,1.972973
1268,75,81,91,146,175,7,2,10,3,38,24,6,16,71,3.800000
1269,75,76,97,138,368,9,6,31,15,35,12,1,22,63,1.129032
1270,76,81,88,119,543,0,7,20,7,20,11,5,12,43,1.000000
1271,76,77,101,176,595,22,18,44,19,62,18,1,25,100,1.409091
1272,77,78,192,226,355,86,10,20,76,28,44,1,115,149,1.400000
1273,77,157,197,216,242,31,11,16,32,18,9,80,120,139,1.125000
1274,77,78,113,157,225,30,22,24,27,34,18,1,36,80,1.416667
1275,77,81,92,183,251,1,12,39,8,71,23,4,15,106,1.820513
1276,77,324,389,445,527,21,22,24,32,42,23,247,312,368,1.750000
1277,77,78,104,181,48,19,11,48,16,74,13,1,27,104,1.541667
1278,78,157,166,236,374,8,16,52,6,58,15,79,88,158,1.115385
1279,78,187,202,277,438,3,12,45,10,65,11,109,124,199,1.444444
1280,78,155,173,202,571,10,4,14,12,20,13,77,95,124,1.428571
1281,78,79,83,165,468,4,11,27,1,63,22,1,5,87,2.333333
1282,78,79,127,176,83,39,18,27,28,39,30,1,49,98,1.444444
1283,78,299,511,603,336,1,18,63,15,87,6,221,433,525,1.380952
1284,78,171,259,313,284,36,51,48,30,54,13,93,181,235,1.125000
1285,78,99,113,160,350,0,13,25,1,39,8,21,35,82,1.560000
1286,78,79,117,200,289,20,15,48,34,78,9,1,39,122,1.625000
1287,78,79,91,151,582,12,14,29,9,51,12,1,13,73,1.758621
1288,78,99,117,200,308,1,9,26,3,56,33,21,39,122,2.153846
1289,79,80,184,273,198,70,9,28,49,58,72,1,105,194,2.071429
1290,79,93,176,195,320,62,9,13,54,19,29,14,97,116,1.461538
1291,79,81,101,161,1,17,10,22,10,44,26,2,22,82,2.000000
1292,79,80,122,169,295,30,17,21,19,35,31,1,43,90,1.666667
1293,79,80,139,238,265,36,11,23,35,75,48,1,60,159,3.260870
1294,79,81,152,179,288,38,17,9,58,19,21,2,73,100,2.111111
1295,79,80,107,123,441,3,17,10,9,14,3,1,28,44,1.400000
1296,79,80,129,147,44,28,12,11,30,15,22,1,50,68,1.363636
1297,79,80,95,172,463,0,8,47,6,73,4,1,16,93,1.553191
1298,80,81,178,247,136,62,16,48,62,60,42,1,98,167,1.250000
1299,80,81,266,315,295,136,18,22,110,40,79,1,186,235,1.818182
1300,80,96,107,195,264,1,6,51,11,79,9,16,27,115,1.549020
1301,80,388,397,463,436,3,25,22,8,42,25,308,317,383,1.909091
1302,80,226,239,281,156,4,28,28,6,38,5,146,159,201,1.357143
1303,80,89,105,183,473,0,5,32,2,58,21,9,25,103,1.812500
1304,80,350,473,549,190,9,33,29,9,61,22,270,393,469,2.103448
1305,81,132,153,227,81,13,6,17,10,59,21,51,72,146,3.470588
1306,81,274,326,368,435,51,56,25,35,37,22,193,245,287,1.480000
1307,81,82,120,213,28,30,3,14,27,60,44,1,39,132,4.285714
1308,81,82,121,171,26,27,17,17,29,43,17,1,40,90,2.529412
1309,81,115,143,238,180,19,11,38,23,80,18,34,62,157,2.105263
1310,81,94,118,195,241,6,13,32,8,72,9,13,37,114,2.250000
1311,81,82,94,130,92,9,18,11,10,25,13,1,13,49,2.272727
1312,82,83,148,204,191,54,12,29,48,55,18,1,66,122,1.896552
1313,82,83,126,217,538,28,10,34,28,76,24,1,44,135,2.235294
1314,82,332,408,486,511,3,20,40,14,62,17,250,326,404,1.550000
1315,82,85,114,183,16,11,17,31,19,59,17,3,32,101,1.903226
1316,83,84,90,171,24,6,23,43,3,73,11,1,7,88,1.697674
1317,83,218,232,285,123,1,10,39,10,45,10,135,149,202,1.153846
1318,83,110,291,318,514,35,21,21,42,25,22,27,208,235,1.190476
1319,83,84,120,195,1,27,9,36,23,60,28,1,37,112,1.666667
1320,83,94,183,236,450,39,9,10,54,38,36,11,100,153,3.800000
1321,84,99,198,242,564,29,12,26,34,38,18,15,114,158,1.461538
1322,84,85,89,144,97,2,4,22,4,36,19,1,5,60,1.636364
1323,84,85,93,134,298,5,4,20,3,30,16,1,9,50,1.500000
1324,84,85,163,198,169,51,15,16,51,22,40,1,79,114,1.375000
1325,84,85,87,114,586,0,2,22,2,26,1,1,3,30,1.181818
1326,84,350,462,534,132,4,37,27,6,55,19,266,378,450,2.037037
1327,84,86,142,172,112,24,11,20,39,24,19,2,58,88,1.200000
1328,84,85,92,179,191,0,14,26,1,68,21,1,8,95,2.615385
1329,85,88,113,170,266,6,11,35,18,55,9,3,28,85,1.571429
1330,85,86,89,164,298,0,3,30,3,60,15,1,4,79,2.000000
1331,85,170,177,189,438,0,11,12,5,12,1,85,92,104,1.000000
1332,85,308,429,467,174,8,19,15,17,29,13,223,344,382,1.933333
1333,85,293,299,322,20,0,6,16,6,20,3,208,214,237,1.250000
1334,85,86,99,144,166,6,9,17,12,29,17,1,14,59,1.705882
1335,86,87,121,212,403,25,11,29,22,61,42,1,35,126,2.103448
1336,86,87,108,194,320,12,5,25,13,67,27,1,22,108,2.680000
1337,86,87,118,201,40,26,1,27,16,61,37,1,32,115,2.259259
1338,86,94,149,203,396,23,13,24,29,42,24,8,63,117,1.750000
1339,86,87,87,128,134,0,0,25,0,35,6,1,1,42,1.400000
1340,86,100,186,231,201,35,6,31,62,39,30,14,100,145,1.258065
1341,86,500,563,634,240,16,10,49,19,63,14,414,477,548,1.285714
1342,87,88,121,175,342,30,23,44,27,52,8,1,34,88,1.181818
1343,87,88,130,194,345,20,6,23,27,57,22,1,43,107,2.478261
1344,87,88,107,129,472,4,8,12,15,16,10,1,20,42,1.333333
1345,87,91,134,160,29,29,4,15,28,23,17,4,47,73,1.533333
1346,87,88,96,130,1,0,12,29,6,33,1,1,9,43,1.137931
1347,87,88,101,147,57,10,15,30,9,40,10,1,14,60,1.333333
1348,87,88,170,210,430,55,14,18,52,36,34,1,83,123,2.000000
1349,88,91,94,185,564,2,11,37,1,71,22,3,6,97,1.918919
1350,88,120,176,225,289,46,5,40,40,44,19,32,88,137,1.100000
1351,88,100,106,163,264,0,6,19,6,39,18,12,18,75,2.052632
1352,88,171,325,377,508,76,55,45,74,49,24,83,237,289,1.088889
1353,88,189,234,266,123,20,8,28,18,30,6,101,146,178,1.071429
1354,88,89,123,212,324,25,12,31,22,75,26,1,35,124,2.419355
1355,89,105,108,154,232,0,3,13,3,31,15,16,19,65,2.384615
1356,89,90,101,141,591,6,11,24,8,36,7,1,12,52,1.500000
1357,89,90,116,167,169,19,9,22,17,34,26,1,27,78,1.545455
1358,90,91,99,168,77,0,6,44,8,56,13,1,9,78,1.272727
1359,90,94,109,164,112,4,9,16,13,48,9,4,19,74,3.000000
1360,90,95,143,209,441,30,13,12,32,40,42,5,53,119,3.333333
1361,90,92,187,236,326,69,21,31,56,43,40,2,97,146,1.387097
1362,90,91,101,159,66,5,8,26,9,46,13,1,11,69,1.769231
1363,90,91,100,160,455,8,13,15,8,39,22,1,10,70,2.600000
1364,91,92,143,187,378,46,14,32,31,40,24,1,52,96,1.250000
1365,91,155,160,236,486,3,12,29,4,61,16,64,69,145,2.103448
1366,91,115,139,245,460,12,6,23,16,91,20,24,48,154,3.956522
1367,92,274,329,407,476,52,24,52,44,72,17,182,237,315,1.384615
1368,92,93,99,140,479,2,14,19,2,33,12,1,7,48,1.736842
1369,92,93,117,200,336,9,14,30,16,54,37,1,25,108,1.800000
1370,92,93,152,172,481,47,11,16,35,16,28,1,60,80,1.000000
1371,92,123,180,233,34,29,14,19,32,39,28,31,88,141,2.052632
1372,92,324,408,447,487,20,33,27,25,33,19,232,316,355,1.222222
1373,92,93,163,264,319,37,11,11,51,71,49,1,71,172,6.454545
1374,93,299,509,571,53,2,15,39,8,49,13,206,416,478,1.256410
1375,93,100,135,213,598,16,6,25,27,69,16,7,42,120,2.760000
1376,93,95,112,213,591,5,14,30,5,68,45,2,19,120,2.266667
1377,93,94,99,160,582,3,17,12,4,44,18,1,6,67,3.666667
1378,93,138,174,226,7,30,18,31,28,43,17,45,81,133,1.387097
1379,93,94,102,178,179,5,7,43,5,61,18,1,9,85,1.418605
1380,93,220,228,310,392,2,8,46,8,66,16,127,135,217,1.434783
1381,94,308,469,502,125,16,34,25,26,29,8,214,375,408,1.160000
1382,94,109,223,259,192,23,9,30,28,32,15,15,129,165,1.066667
1383,94,95,110,151,326,12,16,20,10,24,22,1,16,57,1.200000
1384,94,95,201,215,70,77,46,10,72,12,36,1,107,121,1.200000
1385,94,123,181,259,151,25,18,47,27,73,17,29,87,165,1.553191
1386,94,95,195,248,433,58,9,23,58,41,47,1,101,154,1.782609
1387,94,130,132,205,42,2,18,25,0,51,24,36,38,111,2.040000
1388,95,130,199,244,553,65,13,17,41,33,40,35,104,149,1.941176
1389,95,115,153,248,316,15,7,31,21,67,38,20,58,153,2.161290
1390,95,96,178,252,441,52,12,25,55,69,32,1,83,157,2.760000
1391,95,96,113,197,1,11,11,22,8,52,41,1,18,102,2.363636
1392,95,500,570,655,543,16,18,65,24,81,10,405,475,560,1.246154
1393,95,96,110,200,433,5,10,43,8,79,14,1,15,105,1.837209
1394,95,124,124,166,316,0,0,27,0,33,9,29,29,71,1.222222
1395,96,121,213,285,289,69,4,21,63,57,41,25,117,189,2.714286
1396,96,139,226,287,250,75,15,29,57,53,38,43,130,191,1.827586
1397,96,97,108,177,432,9,16,43,8,63,9,1,12,81,1.465116
1398,96,97,242,317,291,116,6,27,96,57,67,1,146,221,2.111111
1399,97,155,170,236,39,6,8,45,9,57,10,58,73,139,1.266667
1400,97,225,243,279,382,0,13,26,9,32,5,128,146,182,1.230769
1401,97,500,567,614,429,15,20,25,20,37,16,403,470,517,1.480000
1402,97,98,123,138,291,23,54,15,19,15,6,1,26,41,1.000000
1403,97,130,217,291,310,82,17,32,52,64,45,33,120,194,2.000000
1404,97,98,103,192,62,4,5,36,4,74,16,1,6,95,2.055556
1405,98,99,146,234,336,36,6,41,34,69,32,1,48,136,1.682927
1406,98,130,269,297,75,125,12,20,83,24,60,32,171,199,1.200000
1407,98,213,257,333,282,30,30,48,22,68,20,115,159,235,1.416667
1408,98,325,426,443,288,30,34,11,41,15,12,227,328,345,1.363636
1409,98,130,231,292,567,97,15,28,56,50,56,32,133,194,1.785714
1410,98,99,108,175,326,5,13,44,9,60,7,1,10,77,1.363636
1411,99,100,111,150,326,8,12,18,8,20,22,1,12,51,1.111111
1412,99,100,135,199,397,25,3,18,20,54,25,1,36,100,3.000000
1413,99,100,142,196,478,38,13,12,31,36,29,1,43,97,3.000000
1414,99,123,158,183,124,9,23,14,10,20,9,24,59,84,1.428571
1415,99,100,103,137,450,2,3,30,3,34,0,1,4,38,1.133333
1416,99,537,582,632,75,18,18,37,31,45,12,438,483,533,1.216216
1417,99,152,224,262,248,2,11,30,5,36,3,53,125,163,1.200000
1418,99,148,154,258,90,2,20,23,6,67,37,49,55,159,2.913043
1419,99,110,194,243,192,0,8,36,0,40,10,11,95,144,1.111111
1420,100,194,235,263,460,21,4,17,21,25,16,94,135,163,1.470588
1421,100,101,122,190,92,12,14,21,11,47,31,1,22,90,2.238095
1422,100,194,247,294,355,22,8,24,31,42,17,94,147,194,1.750000
1423,100,101,190,281,572,77,17,33,62,73,45,1,90,181,2.212121
1424,100,201,285,366,340,5,8,32,9,62,24,101,185,266,1.937500
1425,101,102,117,207,261,13,7,45,9,77,19,1,16,106,1.711111
1426,101,102,113,153,441,4,12,19,4,35,12,1,12,52,1.842105
1427,101,102,119,171,477,5,14,24,9,38,22,1,18,70,1.583333
1428,101,102,134,225,289,15,11,31,19,73,26,1,33,124,2.354839
1429,102,103,109,159,598,2,5,48,4,50,2,1,7,57,1.041667
1430,102,103,128,207,132,20,12,34,16,62,26,1,26,105,1.823529
1431,102,350,479,561,252,12,15,33,15,71,16,248,377,459,2.151515
1432,102,103,124,207,307,17,10,39,18,75,11,1,22,105,1.923077
1433,102,103,115,185,271,1,12,27,10,57,15,1,13,83,2.111111
1434,102,103,114,188,582,11,17,42,8,64,13,1,12,86,1.523810
1435,103,104,112,148,232,7,5,26,4,34,6,1,9,45,1.307692
1436,103,106,124,204,308,4,6,61,12,79,7,3,21,101,1.295082
1437,103,104,199,265,224,71,24,48,66,64,31,1,96,162,1.333333
1438,103,104,170,260,69,56,22,49,46,75,35,1,67,157,1.530612
1439,103,538,577,655,251,13,20,51,25,67,16,435,474,552,1.313725
1440,103,389,460,549,442,8,23,58,10,84,10,286,357,446,1.448276
1441,103,213,274,359,367,35,37,41,28,75,24,110,171,256,1.829268
1442,103,104,128,211,325,14,19,45,18,75,14,1,25,108,1.666667
1443,103,389,461,529,45,8,25,29,13,51,19,286,358,426,1.758621
1444,104,105,114,147,296,6,9,17,5,25,12,1,10,43,1.470588
1445,104,538,575,652,527,11,27,49,22,75,7,434,471,548,1.530612
1446,104,105,121,193,541,6,12,30,13,62,13,1,17,89,2.066667
1447,104,105,122,167,477,3,13,35,10,43,9,1,18,63,1.228571
1448,104,105,192,283,417,76,21,41,67,73,38,1,88,179,1.780488
1449,105,106,153,169,24,31,14,16,29,16,17,1,48,64,1.000000
1450,105,122,220,298,289,72,3,40,56,66,49,17,115,193,1.650000
1451,105,160,177,214,39,7,4,18,8,32,8,55,72,109,1.777778
1452,105,148,156,222,297,1,18,38,1,54,13,43,51,117,1.421053
1453,105,106,129,200,417,13,20,27,19,55,19,1,24,95,2.037037
1454,105,106,192,259,289,44,10,30,46,52,48,1,87,154,1.733333
1455,105,106,116,139,2,4,8,15,9,17,7,1,11,34,1.133333
1456,106,107,113,142,558,1,14,7,5,25,5,1,7,36,3.571429
1457,106,124,150,210,514,7,9,32,16,46,16,18,44,104,1.437500
1458,106,538,611,669,109,27,21,42,47,54,19,432,505,563,1.285714
1459,106,325,422,463,142,29,32,25,31,37,15,219,316,357,1.480000
1460,106,161,172,251,39,2,3,44,4,78,1,55,66,145,1.772727
1461,106,138,255,305,454,41,4,44,49,50,20,32,149,199,1.136364
1462,106,538,608,671,390,31,23,36,42,58,19,432,502,565,1.611111
1463,106,107,133,156,403,8,19,17,18,21,10,1,27,50,1.235294
1464,107,350,491,562,92,13,36,50,21,66,9,243,384,455,1.320000
1465,107,196,202,258,460,1,2,25,6,39,17,89,95,151,1.560000
1466,107,108,113,211,573,0,5,50,5,86,12,1,6,104,1.720000
1467,107,118,319,392,295,172,25,52,144,70,48,11,212,285,1.346154
1468,107,108,138,213,326,21,4,17,24,59,22,1,31,106,3.470588
1469,107,274,355,440,409,66,52,28,57,70,39,167,248,333,2.500000
1470,108,109,115,201,326,6,4,52,3,80,9,1,7,93,1.538462
1471,108,109,175,249,50,23,6,25,40,57,33,1,67,141,2.280000
1472,108,109,139,204,567,19,16,41,16,51,28,1,31,96,1.243902
1473,108,109,139,203,69,14,10,34,25,48,21,1,31,95,1.411765
1474,108,109,253,301,441,105,13,28,96,38,58,1,145,193,1.357143
1475,108,163,176,251,228,11,13,48,7,70,10,55,68,143,1.458333
1476,108,109,125,168,136,7,9,23,14,31,14,1,17,60,1.347826
1477,108,130,276,364,484,132,14,39,84,57,93,22,168,256,1.461538
1478,108,109,113,189,332,3,1,51,2,67,11,1,5,81,1.313725
1479,109,110,184,219,445,41,13,15,50,27,30,1,75,110,1.800000
1480,109,538,576,627,447,13,25,41,14,45,15,429,467,518,1.097561
1481,109,300,519,580,139,0,14,35,6,53,8,191,410,471,1.514286
1482,109,110,130,189,289,6,11,24,8,48,18,1,21,80,2.000000
1483,109,225,235,311,11,0,9,54,7,68,9,116,126,202,1.259259
1484,109,118,127,191,225,2,21,51,3,61,3,9,18,82,1.196078
1485,109,110,187,205,361,32,9,7,51,13,31,1,78,96,1.857143
1486,110,111,143,190,69,13,8,30,26,36,17,1,33,80,1.200000
1487,110,131,148,162,553,7,16,8,12,12,4,21,38,52,1.500000
1488,111,112,195,269,394,67,9,24,57,58,42,1,84,158,2.416667
1489,111,162,181,215,39,2,2,21,4,31,6,51,70,104,1.476190
1490,112,300,528,602,527,3,25,29,11,63,14,188,416,490,2.172414
1491,112,309,510,576,194,14,28,19,21,41,29,197,398,464,2.157895
1492,112,113,141,209,441,20,11,38,17,64,15,1,29,97,1.684211
1493,112,350,492,568,233,9,14,64,20,74,6,238,380,456,1.156250
1494,112,113,113,196,206,0,0,46,0,80,3,1,1,84,1.739130
1495,112,139,142,191,454,0,3,42,3,46,3,27,30,79,1.095238
1496,113,114,115,145,585,0,1,23,1,25,5,1,2,32,1.086957
1497,113,543,592,670,286,19,26,21,23,59,32,430,479,557,2.809524
1498,113,114,122,149,326,6,1,20,7,22,6,1,9,36,1.100000
1499,113,114,123,173,288,5,14,29,6,39,14,1,10,60,1.344828
1500,113,114,137,156,38,18,12,13,18,15,9,1,24,43,1.153846
1501,113,114,132,228,295,16,21,36,15,86,13,1,19,115,2.388889
1502,113,173,209,234,284,0,9,15,8,23,2,60,96,121,1.533333
1503,114,309,555,632,485,13,22,35,24,67,20,195,441,518,1.914286
1504,114,115,239,334,461,115,11,35,90,85,44,1,125,220,2.428571
1505,114,115,220,244,288,67,17,11,73,17,39,1,106,130,1.545455
1506,114,115,136,154,552,8,12,14,16,14,9,1,22,40,1.000000
1507,114,115,189,226,307,54,11,19,55,31,25,1,75,112,1.631579
1508,114,350,584,676,399,59,34,50,71,74,44,236,470,562,1.480000
1509,114,115,116,184,160,0,1,38,1,60,8,1,2,70,1.578947
1510,115,163,221,312,276,29,13,29,37,79,25,48,106,197,2.724138
1511,115,119,408,458,80,252,3,22,195,34,95,4,293,343,1.545455
1512,115,116,139,186,272,17,24,28,15,42,13,1,24,71,1.500000
1513,115,116,124,176,295,3,19,20,5,34,18,1,9,61,1.700000
1514,115,163,196,289,351,8,20,26,7,70,32,48,81,174,2.692308
1515,115,116,235,311,304,88,12,45,64,63,68,1,120,196,1.400000
1516,115,116,140,225,38,20,10,32,20,76,13,1,25,110,2.375000
1517,115,147,150,203,245,1,17,32,2,48,6,32,35,88,1.500000
1518,115,198,198,292,460,0,0,52,0,84,10,83,83,177,1.615385
1519,115,116,126,161,552,4,15,12,7,20,18,1,11,46,1.666667
1520,116,131,134,227,243,1,11,29,1,63,32,15,18,111,2.172414
1521,116,117,153,221,552,22,12,29,23,65,16,1,37,105,2.241379
1522,116,133,136,186,558,2,12,35,2,43,8,17,20,70,1.228571
1523,116,117,137,181,116,8,15,19,14,35,15,1,21,65,1.842105
1524,117,199,242,299,207,13,16,33,21,53,13,82,125,182,1.606061
1525,117,118,144,172,38,22,9,16,21,24,9,1,27,55,1.500000
1526,117,309,533,578,595,10,23,23,11,37,13,192,416,461,1.608696
1527,117,118,234,303,455,87,51,47,83,65,37,1,117,186,1.382979
1528,117,140,228,277,93,75,16,36,53,42,41,23,111,160,1.166667
1529,117,163,164,209,39,0,1,28,1,30,15,46,47,92,1.071429
1530,118,333,428,496,18,24,33,48,32,64,14,215,310,378,1.333333
1531,118,119,165,220,330,19,4,36,33,46,22,1,47,102,1.277778
1532,119,147,203,277,467,4,18,40,10,58,20,28,84,158,1.450000
1533,119,120,126,174,267,5,8,16,5,40,9,1,7,55,2.500000
1534,119,120,124,208,325,0,4,24,4,72,12,1,5,89,3.000000
1535,119,120,167,190,17,32,47,15,33,19,18,1,48,71,1.266667
1536,119,177,185,200,368,2,15,11,6,13,3,58,66,81,1.181818
1537,120,180,193,255,340,5,3,25,8,45,19,60,73,135,1.800000
1538,120,121,184,238,441,54,11,19,46,45,26,1,64,118,2.368421
1539,120,447,520,585,470,24,23,36,54,54,13,327,400,465,1.500000
1540,120,140,216,276,398,56,15,41,46,53,33,20,96,156,1.292683
1541,120,201,241,311,404,13,13,39,21,65,10,81,121,191,1.666667
1542,120,141,274,360,93,98,15,30,75,58,77,21,154,240,1.933333
1543,121,525,613,657,379,13,12,27,17,35,20,404,492,536,1.296296
1544,121,122,171,193,272,38,40,16,37,18,16,1,50,72,1.125000
1545,121,122,230,281,193,93,15,29,78,43,38,1,109,160,1.482759
1546,121,122,151,229,563,14,14,16,20,54,33,1,30,108,3.375000
1547,122,123,135,217,389,8,10,42,11,74,9,1,13,95,1.761905
1548,122,123,178,226,404,50,1,28,29,44,29,1,56,104,1.571429
1549,122,213,332,394,392,80,14,51,70,59,26,91,210,272,1.156863
1550,122,125,162,215,468,30,20,13,22,41,27,3,40,93,3.153846
1551,122,128,238,314,380,58,54,61,73,73,20,6,116,192,1.196721
1552,122,309,570,643,108,8,17,31,17,55,26,187,448,521,1.774194
1553,122,124,131,158,380,4,7,15,7,19,8,2,9,36,1.266667
1554,122,123,141,220,127,10,10,35,15,73,9,1,19,98,2.085714
1555,123,447,484,550,179,11,24,42,15,54,14,324,361,427,1.285714
1556,123,158,168,223,375,0,8,37,8,47,8,35,45,100,1.270270
1557,123,142,159,236,93,8,14,54,9,74,9,19,36,113,1.370370
1558,123,133,224,283,243,42,11,18,48,42,42,10,101,160,2.333333
1559,123,124,124,179,404,0,0,31,0,43,12,1,1,56,1.387097
1560,123,180,303,364,144,55,17,41,59,57,37,57,180,241,1.390244
1561,123,124,139,195,259,10,10,19,11,43,17,1,16,72,2.263158
1562,124,125,130,183,92,4,7,26,1,48,9,1,6,59,1.846154
1563,124,125,129,217,437,2,6,46,3,72,17,1,5,93,1.565217
1564,124,125,218,277,374,85,17,40,71,48,33,1,94,153,1.200000
1565,124,207,244,263,459,10,14,14,16,18,7,83,120,139,1.285714
1566,124,275,336,361,531,60,35,22,46,24,16,151,212,237,1.090909
1567,124,125,178,215,259,36,10,14,38,34,18,1,54,91,2.428571
1568,124,125,155,200,198,24,13,17,20,33,22,1,31,76,1.941176
1569,124,125,129,227,151,2,48,33,3,75,24,1,5,103,2.272727
1570,124,125,146,188,441,18,12,25,15,39,9,1,22,64,1.560000
1571,125,543,593,613,361,16,12,13,22,17,12,418,468,488,1.307692
1572,125,126,194,222,437,28,5,12,46,22,22,1,69,97,1.833333
1573,125,126,350,433,151,204,45,34,150,70,87,1,225,308,2.058824
1574,125,376,580,660,458,8,29,25,10,53,34,251,455,535,2.120000
1575,125,126,189,209,236,53,47,12,42,18,23,1,64,84,1.500000
1576,125,142,164,245,297,10,16,49,14,71,15,17,39,120,1.448980
1577,125,166,195,232,275,6,17,19,6,31,12,41,70,107,1.631579
1578,125,126,176,251,353,38,47,32,39,62,24,1,51,126,1.937500
1579,125,126,149,180,267,10,6,19,17,25,12,1,24,55,1.315789
1580,125,213,236,305,129,22,27,39,17,51,24,88,111,180,1.307692
1581,125,126,163,197,271,34,5,27,26,31,14,1,38,72,1.148148
1582,126,166,245,258,283,27,18,12,31,12,22,40,119,132,1.000000
1583,126,127,130,207,353,1,14,56,3,72,5,1,4,81,1.285714
1584,126,377,606,663,559,10,32,47,22,53,11,251,480,537,1.127660
1585,127,128,139,211,539,0,2,43,4,65,7,1,12,84,1.511628
1586,127,130,201,247,288,69,18,36,49,44,24,3,74,120,1.222222
1587,127,166,207,282,276,12,10,26,11,64,22,39,80,155,2.461538
1588,127,128,167,252,410,13,35,20,15,58,29,1,40,125,2.900000
1589,127,143,245,337,93,66,13,24,60,60,60,16,118,210,2.500000
1590,127,128,131,160,481,2,3,25,3,27,2,1,4,33,1.080000
1591,127,128,157,216,107,11,4,23,23,47,16,1,30,89,2.043478
1592,127,155,252,293,169,27,15,19,24,39,14,28,125,166,2.052632
1593,128,129,159,229,69,26,5,20,18,48,34,1,31,101,2.400000
1594,128,129,286,294,34,125,5,8,112,8,45,1,158,166,1.000000
1595,128,129,132,172,304,3,8,20,3,32,8,1,4,44,1.600000
1596,128,129,218,301,385,60,17,41,54,77,34,1,90,173,1.878049
1597,128,182,292,332,353,42,11,29,48,35,26,54,164,204,1.206897
1598,128,155,155,211,63,0,0,11,0,41,15,27,27,83,3.727273
1599,128,447,492,560,387,12,17,29,21,47,23,319,364,432,1.620690
1600,128,129,250,300,19,83,17,28,69,40,53,1,122,172,1.428571
1601,129,130,171,254,410,23,17,24,26,76,19,1,42,125,3.166667
1602,129,130,197,223,19,53,13,9,47,17,29,1,68,94,1.888889
1603,129,130,159,234,517,18,15,53,17,65,20,1,30,105,1.226415
1604,129,130,285,367,147,142,25,23,115,55,67,1,156,238,2.391304
1605,129,447,488,535,302,11,10,29,15,39,12,318,359,406,1.344828
1606,129,130,156,226,353,19,11,47,20,65,11,1,27,97,1.382979
1607,129,130,131,161,365,1,4,25,1,29,1,1,2,32,1.160000
1608,129,377,644,722,547,18,33,26,26,48,48,248,515,593,1.846154
1609,129,186,275,355,152,39,14,29,48,53,51,57,146,226,1.827586
1610,129,130,151,203,385,10,16,16,13,38,20,1,22,74,2.375000
1611,130,131,132,170,267,0,1,21,1,31,7,1,2,40,1.476190
1612,130,132,173,209,127,20,15,24,24,30,18,2,43,79,1.250000
1613,130,131,188,258,47,48,10,21,35,49,43,1,58,128,2.333333
1614,130,186,316,389,160,56,15,47,52,69,42,56,186,259,1.468085
1615,130,143,163,246,297,5,16,17,10,55,32,13,33,116,3.235294
1616,130,131,131,184,304,0,0,40,0,44,9,1,1,54,1.100000
1617,130,544,589,674,559,7,12,28,19,48,40,414,459,544,1.714286
1618,130,131,169,234,152,31,19,48,22,56,25,1,39,104,1.166667
1619,131,133,167,204,49,13,13,20,17,32,14,2,36,73,1.600000
1620,131,132,135,208,152,1,22,18,2,50,24,1,4,77,2.777778
1621,131,132,132,186,437,0,0,20,0,40,14,1,1,55,2.000000
1622,131,132,227,278,398,84,45,23,66,39,41,1,96,147,1.695652
1623,131,132,150,235,229,10,12,43,15,79,9,1,19,104,1.837209
1624,131,132,154,169,322,11,6,11,16,13,8,1,23,38,1.181818
1625,132,133,221,246,445,56,6,14,52,20,29,1,89,114,1.428571
1626,132,155,206,269,524,2,9,38,3,56,7,23,74,137,1.473684
1627,132,133,150,193,398,11,11,19,12,33,15,1,18,61,1.736842
1628,132,133,142,201,521,7,8,43,3,53,12,1,10,69,1.232558
1629,132,133,298,380,424,150,23,49,123,73,51,1,166,248,1.489796
1630,132,133,144,187,385,5,18,33,4,41,7,1,12,55,1.242424
1631,132,133,186,268,595,43,56,36,36,74,24,1,54,136,2.055556
1632,132,377,671,759,225,21,28,55,28,81,28,245,539,627,1.472727
1633,133,134,217,263,312,61,19,21,55,35,39,1,84,130,1.666667
1634,133,134,147,203,385,0,19,13,6,37,22,1,14,70,2.846154
1635,133,333,478,547,92,47,41,52,63,60,26,200,345,414,1.153846
1636,133,134,137,231,196,3,14,33,3,79,15,1,4,98,2.393939
1637,133,447,510,596,428,22,14,65,28,85,8,314,377,463,1.307692
1638,133,213,230,285,273,16,7,27,16,45,11,80,97,152,1.666667
1639,134,135,281,317,424,134,22,27,89,29,64,1,147,183,1.074074
1640,134,155,242,289,424,12,24,25,13,37,15,21,108,155,1.480000
1641,134,143,208,279,140,34,19,39,29,61,34,9,74,145,1.564103
1642,134,135,166,237,116,29,19,37,15,55,32,1,32,103,1.486486
1643,134,135,175,246,558,32,49,49,27,67,14,1,41,112,1.367347
1644,134,450,507,568,540,15,11,33,20,53,15,316,373,434,1.606061
1645,135,352,580,601,458,56,29,15,61,17,21,217,445,466,1.133333
1646,135,136,158,218,191,22,5,41,18,53,11,1,23,83,1.292683
1647,135,137,138,176,366,0,1,17,1,29,9,2,3,41,1.705882
1648,135,136,160,204,423,21,12,19,10,37,21,1,25,69,1.947368
1649,136,214,297,331,263,43,15,29,40,31,16,78,161,195,1.068966
1650,136,137,139,174,127,1,14,22,2,26,9,1,3,38,1.181818
1651,136,137,163,261,79,18,4,34,17,74,33,1,27,125,2.176471
1652,136,157,175,196,138,16,9,17,16,21,2,21,39,60,1.235294
1653,137,138,245,311,230,100,19,34,61,64,48,1,108,174,1.882353
1654,137,138,158,230,489,15,3,53,16,65,11,1,21,93,1.226415
1655,137,152,219,235,229,54,49,12,38,16,29,15,82,98,1.333333
1656,137,138,186,253,242,41,14,24,30,50,35,1,49,116,2.083333
1657,137,138,218,275,260,73,10,26,57,48,32,1,81,138,1.846154
1658,138,157,253,341,320,67,10,34,61,64,53,19,115,203,1.882353
1659,138,139,141,169,597,0,2,18,2,26,2,1,3,31,1.444444
1660,138,192,218,295,551,0,15,44,1,66,12,54,80,157,1.500000
1661,138,139,153,232,278,12,15,58,9,74,10,1,15,94,1.275862
1662,138,139,154,257,374,12,19,38,9,82,27,1,16,119,2.157895
1663,138,139,187,267,589,25,2,16,39,58,31,1,49,129,3.625000
1664,139,140,161,228,373,21,5,21,16,51,21,1,22,89,2.428571
1665,139,140,140,197,377,0,0,23,0,45,12,1,1,58,1.956522
1666,139,275,344,423,315,63,14,31,52,53,41,136,205,284,1.709677
1667,139,377,664,696,167,11,27,15,15,25,18,238,525,557,1.666667
1668,140,141,144,222,260,0,3,26,3,58,20,1,4,82,2.230769
1669,140,192,229,312,289,1,29,46,9,62,22,52,89,172,1.347826
1670,140,332,426,499,285,14,27,54,22,68,9,192,286,359,1.259259
1671,140,214,263,309,237,23,26,18,22,36,18,74,123,169,2.000000
1672,140,141,277,317,432,99,6,26,95,32,49,1,137,177,1.230769
1673,140,141,157,199,390,14,5,31,12,37,9,1,17,59,1.193548
1674,140,141,145,200,229,1,15,16,4,38,17,1,5,60,2.375000
1675,140,377,661,704,536,11,32,27,15,41,7,237,521,564,1.518519
1676,140,141,154,209,83,13,13,13,7,39,22,1,14,69,3.000000
1677,140,141,142,189,489,0,1,23,1,33,14,1,2,49,1.434783
1678,140,141,223,314,373,61,4,24,54,46,73,1,83,174,1.916667
1679,141,142,152,238,193,8,7,55,10,83,3,1,11,97,1.509091
1680,141,170,209,253,122,0,12,17,5,23,25,29,68,112,1.352941
1681,141,142,153,237,383,6,16,31,9,59,27,1,12,96,1.903226
1682,141,142,192,243,252,36,16,24,37,42,22,1,51,102,1.750000
1683,141,142,142,228,134,0,0,42,0,66,20,1,1,87,1.571429
1684,141,142,142,200,151,0,0,15,0,43,15,1,1,59,2.866667
1685,141,142,230,310,317,80,8,53,64,79,25,1,89,169,1.490566
1686,141,142,157,217,379,9,2,25,13,37,25,1,16,76,1.480000
1687,142,526,659,738,379,17,12,47,46,69,29,384,517,596,1.468085
1688,142,208,308,380,322,29,13,35,46,59,32,66,166,238,1.685714
1689,142,208,360,446,49,26,18,33,48,71,28,66,218,304,2.151515
1690,143,155,243,324,123,12,26,32,11,64,22,12,100,181,2.000000
1691,143,144,154,226,456,10,14,40,9,60,13,1,11,83,1.500000
1692,143,144,166,210,516,18,14,11,14,31,21,1,23,67,2.818182
1693,143,144,264,308,203,102,18,31,70,41,53,1,121,165,1.322581
1694,143,144,150,177,83,3,14,10,3,22,8,1,7,34,2.200000
1695,144,145,152,193,53,6,17,24,1,34,13,1,8,49,1.416667
1696,144,145,151,220,252,2,18,27,6,67,2,1,7,76,2.481481
1697,144,145,161,217,272,12,15,31,9,51,12,1,17,73,1.645161
1698,144,184,302,360,183,40,14,26,45,52,28,40,158,216,2.000000
1699,144,300,311,384,319,2,8,25,9,47,28,156,167,240,1.880000
1700,144,145,148,198,495,0,3,30,3,42,8,1,4,54,1.400000
1701,144,145,151,220,244,4,10,23,4,49,22,1,7,76,2.130435
1702,144,145,180,266,503,25,17,30,25,68,28,1,36,122,2.266667
1703,144,145,145,216,379,0,0,57,0,65,6,1,1,72,1.140351
1704,144,301,309,397,14,1,8,54,7,84,4,157,165,253,1.555556
1705,144,145,169,225,203,19,18,28,12,44,24,1,25,81,1.571429
1706,144,145,232,286,390,77,3,15,51,35,55,1,88,142,2.333333
1707,144,355,477,566,98,41,31,51,54,77,27,211,333,422,1.509804
1708,144,145,146,205,191,0,1,30,1,50,9,1,2,61,1.666667
1709,145,146,192,207,155,42,14,14,33,14,14,1,47,62,1.000000
1710,145,146,171,186,417,16,31,9,19,15,6,1,26,41,1.666667
1711,145,146,173,240,252,22,15,39,17,63,14,1,28,95,1.615385
1712,145,355,457,517,432,31,28,43,34,55,17,210,312,372,1.279070
1713,145,146,152,194,371,6,15,26,3,34,11,1,7,49,1.307692
1714,145,146,181,228,63,25,5,28,26,44,12,1,36,83,1.571429
1715,145,146,172,242,327,17,9,38,16,62,18,1,27,97,1.631579
1716,145,208,279,320,459,17,13,37,20,41,5,63,134,175,1.108108
1717,145,147,160,169,242,6,15,8,9,8,2,2,15,24,1.000000
1718,145,146,174,251,553,2,14,32,14,60,19,1,29,106,1.875000
1719,145,450,513,534,503,17,19,17,24,21,8,305,368,389,1.235294
1720,146,542,700,797,436,11,27,38,19,74,31,396,554,651,1.947368
1721,146,147,216,284,567,38,4,14,61,44,32,1,70,138,3.142857
1722,146,147,237,293,203,82,19,20,60,38,48,1,91,147,1.900000
1723,146,595,595,606,461,0,0,7,0,11,0,449,449,460,1.571429
1724,146,147,183,255,524,7,11,57,18,67,14,1,37,109,1.175439
1725,146,542,624,673,332,1,19,24,1,42,8,396,478,527,1.750000
1726,146,147,210,260,300,47,13,11,41,37,35,1,64,114,3.363636
1727,146,147,314,373,517,125,11,40,104,54,67,1,168,227,1.350000
1728,147,148,157,198,252,4,11,14,9,36,5,1,10,51,2.571429
1729,147,148,153,202,432,0,5,28,5,38,11,1,6,55,1.357143
1730,147,148,153,215,11,2,19,28,4,42,21,1,6,68,1.500000
1731,147,208,281,374,404,15,16,37,20,79,18,61,134,227,2.135135
1732,147,187,202,270,283,8,10,29,6,57,16,40,55,123,1.965517
1733,147,542,732,790,247,9,24,36,18,46,20,395,585,643,1.277778
1734,147,148,169,242,436,13,17,48,15,66,12,1,22,95,1.375000
1735,147,148,150,218,155,1,16,46,2,66,2,1,3,71,1.434783
1736,147,148,160,204,413,8,10,34,8,40,8,1,13,57,1.176471
1737,147,302,316,368,367,1,14,41,9,45,8,155,169,221,1.097561
1738,148,149,421,496,467,244,17,25,193,63,91,1,273,348,2.520000
1739,148,149,159,203,219,0,6,26,10,32,12,1,11,55,1.230769
1740,148,149,188,244,215,23,2,41,26,49,16,1,40,96,1.195122
1741,148,152,187,263,434,26,10,45,26,65,20,4,39,115,1.444444
1742,148,597,605,620,123,4,8,11,7,13,3,449,457,472,1.181818
1743,148,334,437,461,394,8,16,20,20,22,4,186,289,313,1.100000
1744,149,150,181,203,301,10,6,10,18,18,7,1,32,54,1.800000
1745,149,150,199,274,244,41,15,14,37,48,39,1,50,125,3.428571
1746,149,150,152,211,351,1,17,49,2,55,4,1,3,62,1.122449
1747,149,150,182,253,183,11,13,25,17,59,17,1,33,104,2.360000
1748,149,150,177,240,382,7,5,31,20,55,15,1,28,91,1.774194
1749,149,150,164,234,324,3,9,15,11,49,24,1,15,85,3.266667
1750,149,150,255,271,584,85,8,9,66,11,44,1,106,122,1.222222
1751,149,150,175,232,120,16,8,34,19,52,11,1,26,83,1.529412
1752,150,151,160,195,39,2,5,9,8,29,7,1,10,45,3.222222
1753,150,307,336,407,229,1,7,36,11,56,16,157,186,257,1.555556
1754,150,151,151,216,215,0,0,39,0,63,2,1,1,66,1.615385
1755,150,151,195,265,512,39,29,34,37,54,23,1,45,115,1.588235
1756,151,287,340,397,485,15,41,31,30,35,23,136,189,246,1.129032
1757,151,152,155,221,349,1,10,36,3,62,4,1,4,70,1.722222
1758,151,152,169,224,92,8,11,36,12,48,12,1,18,73,1.333333
1759,151,275,348,396,221,64,9,29,51,43,24,124,197,245,1.482759
1760,151,152,215,277,78,49,36,18,45,46,32,1,64,126,2.555556
1761,151,152,152,198,285,0,0,32,0,40,6,1,1,47,1.250000
1762,151,152,154,202,87,1,10,33,2,43,5,1,3,51,1.303030
1763,151,152,202,250,510,32,47,22,31,36,27,1,51,99,1.636364
1764,152,153,217,308,130,32,11,34,36,74,44,1,65,156,2.176471
1765,152,215,328,393,55,67,57,40,55,58,30,63,176,241,1.450000
1766,153,218,260,339,529,7,16,52,15,72,13,65,107,186,1.384615
1767,153,154,252,308,349,82,8,15,68,47,39,1,99,155,3.133333
1768,153,154,157,231,547,1,5,21,2,45,30,1,4,78,2.142857
1769,153,154,191,266,374,32,12,34,28,58,26,1,38,113,1.705882
1770,153,237,394,467,378,16,20,58,28,70,14,84,241,314,1.206897
1771,153,154,160,243,252,4,10,18,4,62,23,1,7,90,3.444444
1772,153,275,339,428,332,59,30,25,44,63,43,122,186,275,2.520000
1773,153,154,168,220,251,3,16,32,12,46,8,1,15,67,1.437500
1774,154,165,215,275,340,31,6,30,38,54,16,11,61,121,1.800000
1775,154,155,162,195,256,3,4,23,7,27,6,1,8,41,1.173913
1776,154,155,199,273,128,41,32,46,32,64,22,1,45,119,1.391304
1777,154,155,200,256,220,36,25,47,34,55,12,1,46,102,1.170213
1778,154,155,156,242,165,1,29,28,1,68,18,1,2,88,2.428571
1779,154,155,158,198,584,0,3,35,3,39,1,1,4,44,1.114286
1780,154,155,210,273,523,33,5,17,34,43,38,1,56,119,2.529412
1781,154,155,171,236,14,10,26,32,7,62,12,1,17,82,1.937500
1782,155,156,368,394,320,200,4,23,140,25,73,1,213,239,1.086957
1783,155,156,181,267,480,13,16,37,20,71,20,1,26,112,1.918919
1784,155,156,207,279,297,30,18,40,23,56,37,1,52,124,1.400000
1785,155,156,241,279,526,59,9,24,60,36,27,1,86,124,1.500000
1786,156,215,274,324,482,4,10,47,17,49,3,59,118,168,1.042553
1787,156,157,235,302,252,51,9,19,55,55,35,1,79,146,2.894737
1788,156,275,346,362,546,64,24,13,49,15,20,119,190,206,1.153846
1789,156,160,232,287,408,53,19,36,54,46,26,4,76,131,1.277778
1790,156,157,203,247,83,21,6,15,31,33,26,1,47,91,2.200000
1791,156,157,193,240,484,18,4,34,20,44,19,1,37,84,1.294118
1792,156,356,443,502,279,19,37,33,14,47,22,200,287,346,1.424242
1793,157,158,159,214,45,1,12,21,1,43,12,1,2,57,2.047619
1794,157,158,159,232,575,1,42,43,1,61,12,1,2,75,1.418605
1795,157,205,270,333,24,25,15,38,32,54,14,48,113,176,1.421053
1796,157,453,522,596,470,15,25,31,27,53,27,296,365,439,1.709677
1797,157,196,335,416,179,61,6,54,55,74,40,39,178,259,1.370370
1798,158,542,825,860,424,11,25,25,25,31,21,384,667,702,1.240000
1799,158,159,169,222,288,8,4,22,6,44,13,1,11,64,2.000000
1800,158,208,273,356,377,10,17,31,11,59,28,50,115,198,1.903226
1801,158,159,202,282,275,29,22,47,32,69,22,1,44,124,1.468085
1802,158,542,788,853,219,6,14,27,10,49,23,384,630,695,1.814815
1803,159,160,197,236,422,27,15,30,26,34,16,1,38,77,1.133333
1804,159,160,177,248,526,10,10,13,12,53,23,1,18,89,4.076923
1805,159,160,343,365,504,136,8,15,119,21,65,1,184,206,1.400000
1806,159,196,355,445,354,68,13,38,74,72,42,37,196,286,1.894737
1807,159,160,264,312,417,73,14,34,74,42,36,1,105,153,1.235294
1808,159,356,460,511,332,24,33,44,28,46,13,197,301,352,1.045455
1809,159,160,276,350,416,96,3,41,69,63,51,1,117,191,1.536585
1810,160,165,266,337,439,84,4,36,66,62,38,5,106,177,1.722222
1811,160,161,171,243,421,6,10,29,6,69,7,1,11,83,2.379310
1812,160,161,167,213,392,3,11,28,3,44,5,1,7,53,1.571429
1813,160,161,240,299,439,75,5,40,57,52,29,1,80,139,1.300000
1814,160,161,212,266,324,47,13,24,40,48,17,1,52,106,2.000000
1815,160,207,234,280,525,0,13,29,1,39,7,47,74,120,1.344828
1816,160,161,208,271,438,26,14,39,30,55,25,1,48,111,1.410256
1817,160,215,327,373,559,64,43,38,55,44,21,55,167,213,1.157895
1818,161,162,198,262,535,21,11,30,20,62,18,1,37,101,2.066667
1819,161,162,186,196,497,15,7,9,12,9,13,1,25,35,1.000000
1820,161,162,167,213,371,1,16,23,5,35,11,1,6,52,1.521739
1821,161,162,185,212,439,21,4,12,12,24,14,1,24,51,2.000000
1822,161,162,165,242,165,3,26,49,2,75,3,1,4,81,1.530612
1823,161,453,517,595,301,15,28,43,20,63,23,292,356,434,1.465116
1824,162,163,196,247,249,21,10,12,20,36,23,1,34,85,3.000000
1825,162,163,176,210,252,2,8,12,10,30,7,1,14,48,2.500000
1826,162,275,347,436,175,66,7,29,49,63,45,113,185,274,2.172414
1827,162,163,165,235,599,0,2,26,2,44,26,1,3,73,1.692308
1828,162,163,169,257,102,5,12,28,3,62,29,1,7,95,2.214286
1829,162,352,568,597,190,40,31,24,46,28,15,190,406,435,1.166667
1830,162,163,220,257,45,47,15,15,34,29,31,1,58,95,1.933333
1831,163,197,288,388,283,29,10,46,27,68,46,34,125,225,1.478261
1832,163,165,198,233,208,7,6,10,14,26,14,2,35,70,2.600000
1833,163,164,171,192,249,1,9,12,4,16,8,1,8,29,1.333333
1834,164,165,170,194,535,5,8,14,5,18,6,1,6,30,1.285714
1835,164,165,190,263,31,15,13,30,16,60,22,1,26,99,2.000000
1836,164,207,291,340,24,27,15,36,36,44,17,43,127,176,1.222222
1837,164,173,290,338,11,17,22,28,21,38,13,9,126,174,1.357143
1838,164,165,219,298,383,45,19,25,32,61,40,1,55,134,2.440000
1839,165,166,190,255,439,19,55,20,18,46,25,1,25,90,2.300000
1840,165,166,174,231,149,6,8,24,8,50,7,1,9,66,2.083333
1841,165,166,183,210,36,17,4,15,10,23,11,1,18,45,1.533333
1842,165,166,267,347,287,86,25,49,68,75,38,1,102,182,1.530612
1843,166,202,252,280,283,7,9,16,10,24,7,36,86,114,1.500000
1844,166,167,211,285,167,38,50,42,32,66,20,1,45,119,1.571429
1845,166,542,835,903,227,5,19,54,21,64,9,376,669,737,1.185185
1846,166,167,168,245,112,1,11,28,0,74,4,1,2,79,2.642857
1847,166,169,278,313,504,38,6,20,63,28,39,3,112,147,1.400000
1848,167,168,185,212,351,15,10,15,10,23,11,1,18,45,1.533333
1849,167,267,292,378,181,19,21,56,22,82,7,100,125,211,1.464286
1850,167,168,181,258,68,3,23,37,8,69,10,1,14,91,1.864865
1851,167,168,236,282,275,40,15,33,42,43,18,1,69,115,1.303030
1852,168,169,177,249,145,6,14,42,4,68,8,1,9,81,1.619048
1853,168,307,335,361,367,0,15,23,4,25,1,139,167,193,1.086957
1854,168,169,179,247,68,1,14,24,9,52,17,1,11,79,2.166667
1855,168,169,299,345,385,109,19,14,100,32,44,1,131,177,2.285714
1856,168,169,188,223,579,19,27,17,15,31,8,1,20,55,1.823529
1857,168,169,177,238,485,3,12,52,2,58,6,1,9,70,1.115385
1858,168,169,196,235,565,12,14,15,16,31,19,1,28,67,2.066667
1859,169,235,269,348,517,21,13,23,19,67,21,66,100,179,2.913043
1860,169,453,523,593,455,17,29,45,26,57,19,284,354,424,1.266667
1861,169,261,274,352,248,9,12,28,11,54,25,92,105,183,1.928571
1862,169,170,234,266,336,47,10,9,46,23,27,1,65,97,2.555556
1863,169,170,192,262,392,14,12,24,12,54,26,1,23,93,2.250000
1864,169,170,227,260,169,50,7,25,40,31,19,1,58,91,1.240000
1865,169,170,204,256,144,33,15,17,24,37,25,1,35,87,2.176471
1866,169,170,188,233,211,11,19,16,11,34,18,1,19,64,2.125000
1867,170,171,255,283,388,64,13,21,49,27,27,1,85,113,1.285714
1868,170,171,259,342,144,62,18,40,51,74,35,1,89,172,1.850000
1869,170,171,190,220,383,14,19,10,10,24,15,1,20,50,2.400000
1870,170,171,186,248,88,6,5,45,10,53,14,1,16,78,1.177778
1871,170,171,259,297,0,67,7,14,61,26,39,1,89,127,1.857143
1872,171,267,319,389,221,31,14,52,42,66,13,96,148,218,1.269231
1873,171,172,211,291,112,28,11,15,30,53,36,1,40,120,3.533333
1874,171,427,446,538,284,4,5,45,12,77,18,256,275,367,1.711111
1875,171,172,180,207,314,2,11,20,8,24,3,1,9,36,1.200000
1876,171,172,207,231,73,17,4,8,25,18,16,1,36,60,2.250000
1877,172,352,541,620,15,21,28,52,26,64,22,180,369,448,1.230769
1878,172,173,183,253,371,5,6,29,7,49,24,1,11,81,1.689655
1879,172,173,426,481,593,240,13,24,184,44,80,1,254,309,1.833333
1880,172,173,242,325,537,64,6,42,55,64,33,1,70,153,1.523810
1881,172,173,244,342,61,54,13,31,41,73,55,1,72,170,2.354839
1882,172,173,180,279,310,5,9,25,5,65,36,1,8,107,2.600000
1883,172,173,209,260,112,28,11,33,26,45,16,1,37,88,1.363636
1884,172,173,179,234,427,6,19,39,5,47,9,1,7,62,1.205128
1885,173,174,188,241,467,14,5,31,13,47,7,1,15,68,1.516129
1886,173,174,182,253,597,7,7,28,4,62,13,1,9,80,2.214286
1887,173,174,192,235,472,14,13,28,13,38,10,1,19,62,1.357143
1888,173,174,174,216,137,0,0,16,0,38,4,1,1,43,2.375000
1889,173,261,276,339,447,10,11,25,13,47,17,88,103,166,1.880000
1890,173,202,348,433,264,45,12,50,43,76,29,29,175,260,1.520000
1891,173,174,235,305,435,51,11,50,44,68,19,1,62,132,1.360000
1892,173,174,186,221,278,2,11,23,9,33,3,1,13,48,1.434783
1893,174,175,226,288,537,47,4,35,37,55,21,1,52,114,1.571429
1894,174,175,180,211,546,1,12,20,5,30,1,1,6,37,1.500000
1895,174,175,177,246,552,1,7,36,2,56,13,1,3,72,1.555556
1896,174,175,220,236,336,34,7,14,29,16,16,1,46,62,1.142857
1897,175,176,249,305,469,45,13,35,52,45,32,1,74,130,1.285714
1898,175,176,177,243,264,1,8,34,0,58,9,1,2,68,1.705882
1899,175,176,221,273,468,34,5,16,32,38,27,1,46,98,2.375000
1900,175,176,297,391,438,81,11,48,90,84,41,1,122,216,1.750000
1901,175,176,190,268,298,9,9,47,11,71,10,1,15,93,1.510638
1902,175,352,572,662,208,40,27,46,43,68,38,177,397,487,1.478261
1903,175,176,211,285,399,21,13,35,22,67,20,1,36,110,1.914286
1904,175,188,225,272,596,17,9,28,28,42,14,13,50,97,1.500000
1905,176,261,275,320,305,8,11,13,11,33,13,85,99,144,2.538462
1906,176,177,339,369,174,158,19,15,104,23,64,1,163,193,1.533333
1907,176,177,254,358,11,56,9,35,57,63,61,1,78,182,1.800000
1908,176,177,212,273,249,26,7,16,23,36,37,1,36,97,2.250000
1909,176,177,208,298,7,27,15,20,14,64,43,1,32,122,3.200000
1910,176,177,195,227,480,6,4,14,13,26,9,1,19,51,1.857143
1911,176,177,201,239,37,16,13,29,15,31,16,1,25,63,1.068966
1912,177,178,209,287,415,10,7,35,23,45,41,1,32,110,1.285714
1913,177,178,220,255,597,37,4,22,31,32,14,1,43,78,1.454545
1914,177,178,233,298,436,38,19,36,36,54,30,1,56,121,1.500000
1915,177,178,206,252,38,27,7,17,21,37,16,1,29,75,2.176471
1916,178,179,229,286,580,30,17,25,35,39,33,1,51,108,1.560000
1917,178,179,183,261,67,0,4,19,4,53,25,1,5,83,2.789474
1918,178,179,224,298,194,37,37,45,30,67,22,1,46,120,1.488889
1919,178,179,180,214,53,0,1,25,1,29,5,1,2,36,1.160000
1920,179,190,214,289,525,14,9,35,17,63,19,11,35,110,1.800000
1921,179,544,602,687,330,16,8,61,25,81,11,365,423,508,1.327869
1922,179,275,352,399,341,63,28,25,47,31,40,96,173,220,1.240000
1923,179,180,190,255,177,7,14,43,9,61,5,1,11,76,1.418605
1924,179,180,288,388,163,67,12,29,75,81,45,1,109,209,2.793103
1925,179,180,191,237,263,7,16,33,9,43,5,1,12,58,1.303030
1926,180,544,599,684,390,11,20,43,24,71,16,364,419,504,1.651163
1927,180,181,196,236,457,7,16,30,13,34,8,1,16,56,1.133333
1928,181,182,212,258,422,24,14,23,23,35,18,1,31,77,1.521739
1929,181,182,183,237,503,1,13,27,0,49,6,1,2,56,1.814815
1930,181,182,202,240,408,16,11,28,15,32,11,1,21,59,1.142857
1931,181,182,192,216,126,10,17,21,7,23,4,1,11,35,1.095238
1932,182,261,280,322,103,5,15,13,9,29,15,79,98,140,2.230769
1933,182,183,204,278,479,12,1,28,18,54,23,1,22,96,1.928571
1934,183,544,605,678,388,13,21,46,24,68,7,361,422,495,1.478261
1935,183,184,191,244,51,4,10,19,5,41,14,1,8,61,2.157895
1936,183,352,586,671,132,49,37,57,54,79,22,169,403,488,1.385965
1937,183,184,270,331,268,75,19,40,50,52,45,1,87,148,1.300000
1938,183,261,270,332,355,4,9,24,6,40,23,78,87,149,1.666667
1939,183,184,185,244,336,0,1,11,1,41,18,1,2,61,3.727273
1940,183,184,226,273,105,28,5,32,26,40,23,1,43,90,1.250000
1941,183,184,203,271,424,14,21,25,13,41,33,1,20,88,1.640000
1942,184,185,207,267,305,12,12,22,15,46,21,1,23,83,2.090909
1943,184,185,194,271,68,5,4,20,8,56,22,1,10,87,2.800000
1944,184,185,240,258,105,44,7,18,40,18,15,1,56,74,1.000000
1945,184,185,226,256,511,36,16,17,28,27,16,1,42,72,1.588235
1946,184,185,188,198,267,0,3,9,3,9,1,1,4,14,1.000000
1947,184,187,196,262,368,4,13,17,7,35,32,3,12,78,2.058824
1948,185,241,265,302,529,12,8,25,18,31,12,56,80,117,1.240000
1949,185,186,232,314,355,36,6,42,35,66,27,1,47,129,1.571429
1950,185,186,190,258,546,0,4,21,4,53,15,1,5,73,2.523810
1951,185,186,281,373,140,86,10,28,67,80,40,1,96,188,2.857143
1952,186,242,260,328,34,17,13,42,15,62,9,56,74,142,1.476190
1953,186,188,250,332,289,53,17,30,46,64,34,2,64,146,2.133333
1954,186,187,235,271,289,41,15,15,32,27,25,1,49,85,1.800000
1955,186,187,264,328,43,52,17,38,54,40,38,1,78,142,1.052632
1956,186,187,262,333,140,67,9,29,46,59,40,1,76,147,2.034483
1957,186,187,189,262,264,1,11,41,2,67,6,1,3,76,1.634146
1958,186,187,266,378,372,62,53,41,60,81,50,1,80,192,1.975610
1959,186,264,378,452,300,6,33,40,18,62,17,78,192,266,1.550000
1960,187,188,203,288,406,5,6,22,13,68,19,1,16,101,3.090909
1961,187,188,191,220,453,1,15,11,3,23,6,1,4,33,2.090909
1962,187,195,206,232,133,8,7,21,7,25,3,8,19,45,1.190476
1963,187,264,272,364,447,3,14,37,5,63,30,77,85,177,1.702703
1964,187,188,244,308,140,50,8,42,32,56,32,1,57,121,1.333333
1965,187,188,203,230,7,14,11,12,9,18,15,1,16,43,1.500000
1966,187,298,322,388,112,6,12,45,12,57,10,111,135,201,1.266667
1967,187,188,244,277,218,41,6,27,33,31,25,1,57,90,1.148148
1968,188,189,196,257,355,1,4,45,6,59,3,1,8,69,1.311111
1969,188,189,283,352,104,52,21,25,71,51,41,1,95,164,2.040000
1970,188,189,189,234,105,0,0,31,0,41,4,1,1,46,1.322581
1971,188,191,252,319,287,38,18,14,42,48,34,3,64,131,3.428571
1972,188,189,407,426,436,195,12,15,144,15,77,1,219,238,1.000000
1973,188,189,208,285,64,15,7,36,16,66,14,1,20,97,1.833333
1974,188,189,189,244,466,0,0,25,0,41,14,1,1,56,1.640000
1975,188,302,402,459,506,10,26,51,29,53,8,114,214,271,1.039216
1976,188,189,191,234,544,0,2,25,2,35,8,1,3,46,1.400000
1977,189,190,205,233,362,5,2,18,14,24,5,1,16,44,1.333333
1978,189,190,261,336,399,48,16,28,49,48,49,1,72,147,1.714286
1979,189,356,472,527,559,30,41,39,38,51,10,167,283,338,1.307692
1980,189,190,199,232,51,6,4,23,7,27,8,1,10,43,1.173913
1981,189,190,193,258,368,0,14,18,0,44,22,1,4,69,2.444444
1982,189,190,417,485,582,159,7,23,150,43,102,1,228,296,1.869565
1983,190,191,202,288,582,1,6,36,8,78,11,1,12,98,2.166667
1984,190,356,454,495,208,18,23,27,13,39,14,166,264,305,1.444444
1985,190,191,196,246,554,2,12,13,5,33,17,1,6,56,2.538462
1986,190,191,279,343,453,79,16,22,55,42,55,1,89,153,1.909091
1987,190,198,229,240,50,23,7,9,23,9,10,8,39,50,1.000000
1988,191,192,307,376,106,110,11,24,81,52,51,1,116,185,2.166667
1989,191,193,202,237,211,5,12,18,3,30,11,2,11,46,1.666667
1990,191,192,309,359,297,107,18,38,76,46,45,1,118,168,1.210526
1991,191,192,262,345,128,61,6,33,50,55,46,1,71,154,1.666667
1992,192,193,227,257,402,23,7,24,20,26,18,1,35,65,1.083333
1993,192,193,205,284,511,12,12,40,5,72,14,1,13,92,1.800000
1994,192,298,324,353,180,4,10,18,9,20,9,106,132,161,1.111111
1995,192,193,213,292,541,19,13,44,17,74,8,1,21,100,1.681818
1996,192,298,319,398,574,2,20,29,5,55,24,106,127,206,1.896552
1997,193,194,233,314,492,37,14,31,24,73,23,1,40,121,2.354839
1998,193,198,220,306,119,11,8,48,15,78,14,5,27,113,1.625000
1999,193,194,239,332,144,41,17,34,30,62,45,1,46,139,1.823529
2000,193,194,219,255,427,18,10,27,17,33,11,1,26,62,1.222222
2001,193,298,336,431,67,3,25,43,10,63,32,105,143,238,1.465116
2002,193,463,475,551,598,2,12,54,5,68,10,270,282,358,1.259259
2003,194,195,227,315,513,30,20,33,24,75,21,1,33,121,2.272727
2004,194,195,217,268,591,20,13,30,14,48,11,1,23,74,1.600000
2005,194,195,225,249,300,19,5,19,18,21,15,1,31,55,1.105263
2006,194,195,199,269,354,3,10,29,3,65,6,1,5,75,2.241379
2007,195,196,323,345,473,96,19,15,86,19,31,1,128,150,1.266667
2008,195,196,243,309,424,46,20,24,28,52,33,1,48,114,2.166667
2009,195,196,198,274,7,1,8,35,2,55,21,1,3,79,1.571429
2010,195,196,197,276,140,0,1,40,1,72,7,1,2,81,1.800000
2011,195,196,210,274,577,13,7,47,11,61,6,1,15,79,1.297872
2012,195,196,291,354,390,44,14,28,73,62,23,1,96,159,2.214286
2013,195,196,253,346,133,38,6,29,37,61,51,1,58,151,2.103448
2014,195,196,219,294,211,12,12,45,16,67,15,1,24,99,1.488889
2015,195,196,215,294,471,16,8,10,10,58,30,1,20,99,5.800000
2016,195,303,391,447,344,9,16,43,18,49,8,108,196,252,1.139535
2017,195,196,308,369,414,93,13,27,68,53,52,1,113,174,1.962963
2018,196,197,203,231,98,2,6,22,5,26,3,1,7,35,1.181818
2019,196,197,234,281,437,31,8,24,25,40,19,1,38,85,1.666667
2020,196,197,263,331,492,59,17,46,40,64,30,1,67,135,1.391304
2021,196,197,203,257,414,5,13,25,4,41,15,1,7,61,1.640000
2022,196,197,216,226,15,16,13,10,13,10,6,1,20,30,1.000000
2023,197,198,199,222,144,1,13,17,1,21,2,1,2,25,1.235294
2024,197,198,199,274,442,0,1,26,1,70,5,1,2,77,2.692308
2025,197,198,222,245,492,14,11,14,20,22,5,1,25,48,1.571429
2026,197,198,203,275,106,4,16,42,4,58,15,1,6,78,1.380952
2027,197,198,266,339,538,49,13,35,47,51,43,1,69,142,1.457143
2028,197,198,282,332,61,48,9,26,56,38,40,1,85,135,1.461538
2029,197,242,268,306,164,20,15,29,19,33,11,45,71,109,1.137931
2030,198,199,385,458,33,136,19,49,121,71,67,1,187,260,1.448980
2031,198,199,209,250,119,3,8,10,8,28,14,1,11,52,2.800000
2032,198,480,525,600,375,17,21,51,22,69,13,282,327,402,1.352941
2033,198,199,228,304,235,14,8,48,24,72,9,1,30,106,1.500000
2034,198,199,232,304,535,24,5,15,20,51,34,1,34,106,3.400000
2035,198,298,347,385,124,4,24,30,9,36,2,100,149,187,1.200000
2036,198,199,206,279,216,4,6,42,5,64,11,1,8,81,1.523810
2037,198,199,245,274,377,26,15,15,27,27,19,1,47,76,1.800000
2038,199,200,208,241,572,5,4,21,7,27,7,1,9,42,1.285714
2039,199,200,209,235,160,7,10,24,8,26,1,1,10,36,1.083333
2040,199,200,214,300,174,11,8,20,8,64,28,1,15,101,3.200000
2041,199,200,214,293,440,12,17,25,8,49,36,1,15,94,1.960000
2042,199,200,274,291,469,63,18,15,52,17,22,1,75,92,1.133333
2043,199,200,288,340,531,54,16,38,68,44,28,1,89,141,1.157895
2044,200,201,219,316,248,14,1,53,13,83,19,1,19,116,1.566038
2045,200,201,225,289,259,18,3,32,18,56,13,1,25,89,1.750000
2046,200,241,273,284,193,15,15,10,14,10,9,41,73,84,1.000000
2047,200,201,213,278,535,8,6,36,8,60,9,1,13,78,1.666667
2048,200,544,607,651,32,16,37,27,20,37,13,344,407,451,1.370370
2049,200,264,452,509,535,43,33,36,50,48,33,64,252,309,1.333333
2050,200,201,205,249,126,4,14,24,1,38,9,1,5,49,1.583333
2051,200,201,449,521,410,227,20,44,185,60,75,1,249,321,1.363636
2052,200,291,349,425,530,21,14,20,26,56,27,91,149,225,2.800000
2053,200,306,444,518,22,14,16,51,27,69,9,106,244,318,1.352941
2054,200,201,237,274,150,23,10,21,26,31,16,1,37,74,1.476190
2055,200,201,239,317,25,21,16,29,30,77,9,1,39,117,2.655172
2056,200,201,278,351,78,58,56,45,52,65,31,1,78,151,1.444444
2057,201,202,230,263,503,27,11,24,13,30,18,1,29,62,1.250000
2058,201,307,451,514,375,10,5,52,21,56,13,106,250,313,1.076923
2059,201,202,217,263,25,10,15,20,10,28,23,1,16,62,1.400000
2060,201,202,233,300,46,29,4,35,18,61,19,1,32,99,1.742857
2061,201,543,855,912,198,5,21,28,11,50,12,342,654,711,1.785714
2062,201,202,273,298,130,46,6,17,55,19,22,1,72,97,1.117647
2063,202,203,294,377,577,83,5,47,61,77,36,1,92,175,1.638298
2064,202,203,225,263,586,20,17,15,16,23,21,1,23,61,1.533333
2065,202,203,332,383,59,98,15,38,83,42,55,1,130,181,1.105263
2066,202,203,222,296,549,15,20,35,17,59,17,1,20,94,1.685714
2067,202,298,350,407,386,5,11,43,10,53,5,96,148,205,1.232558
2068,202,203,242,308,103,29,14,28,26,50,27,1,40,106,1.785714
2069,203,204,206,260,206,0,2,30,2,42,12,1,3,57,1.400000
2070,203,204,204,260,430,0,0,26,0,40,16,1,1,57,1.538462
2071,203,204,311,365,434,84,14,46,75,54,32,1,108,162,1.173913
2072,203,268,313,368,549,40,33,49,32,53,14,65,110,165,1.081633
2073,203,204,233,312,305,18,10,22,16,58,34,1,30,109,2.636364
2074,203,494,565,623,240,28,14,45,51,51,13,291,362,420,1.133333
2075,203,604,625,712,9,1,7,48,4,76,12,401,422,509,1.583333
2076,203,356,473,553,239,29,14,55,30,69,24,153,270,350,1.254545
2077,204,624,867,904,151,5,11,30,9,34,7,420,663,700,1.133333
2078,204,205,223,276,45,10,14,30,14,44,13,1,19,72,1.466667
2079,204,205,206,273,142,1,4,39,1,61,6,1,2,69,1.564103
2080,204,205,275,304,384,67,5,14,48,20,31,1,71,100,1.428571
2081,204,205,210,293,184,3,8,19,5,59,24,1,6,89,3.105263
2082,204,205,239,318,160,25,7,21,27,59,27,1,35,114,2.809524
2083,204,205,207,229,582,0,2,8,2,16,6,1,3,25,2.000000
2084,204,205,236,252,124,17,17,14,21,16,10,1,32,48,1.142857
2085,204,205,229,303,103,13,10,36,20,68,10,1,25,99,1.888889
2086,205,206,228,290,40,5,14,19,17,47,20,1,23,85,2.473684
2087,205,206,298,344,535,55,4,24,74,32,32,1,93,139,1.333333
2088,205,206,252,296,14,43,47,20,28,32,29,1,47,91,1.600000
2089,205,264,414,457,103,17,17,36,18,40,7,59,209,252,1.111111
2090,205,206,236,297,103,16,11,37,18,55,18,1,31,92,1.486486
2091,205,206,209,257,344,2,4,24,2,30,19,1,4,52,1.250000
2092,205,206,269,306,492,40,5,26,40,34,26,1,64,101,1.307692
2093,206,207,228,309,150,17,7,28,17,66,19,1,22,103,2.357143
2094,206,207,252,311,184,34,3,18,26,40,38,1,46,105,2.222222
2095,207,208,216,252,497,1,11,25,8,31,5,1,9,45,1.240000
2096,207,208,241,308,262,17,8,40,18,54,17,1,34,101,1.350000
2097,207,208,211,255,572,0,3,18,3,38,6,1,4,48,2.111111
2098,207,208,380,450,26,156,2,22,120,52,70,1,173,243,2.363636
2099,207,356,462,503,399,23,33,26,22,36,15,149,255,296,1.384615
2100,207,208,296,379,541,69,3,39,60,75,36,1,89,172,1.923077
2101,207,208,210,273,92,0,2,17,2,41,22,1,3,66,2.411765
2102,208,209,241,331,211,17,17,26,20,72,30,1,33,123,2.769231
2103,208,356,479,532,70,25,26,30,33,42,24,148,271,324,1.400000
2104,208,264,410,466,355,11,8,37,10,47,15,56,202,258,1.270270
2105,208,209,221,300,158,11,22,13,8,39,44,1,13,92,3.000000
2106,208,209,318,407,111,90,17,36,89,66,43,1,110,199,1.833333
2107,209,210,224,289,492,9,3,23,8,51,20,1,15,80,2.217391
2108,209,210,228,294,434,14,12,50,12,64,8,1,19,85,1.280000
2109,209,210,291,368,90,72,17,17,62,63,33,1,82,159,3.705882
2110,209,352,588,659,252,48,17,42,53,62,26,143,379,450,1.476190
2111,209,210,224,298,173,11,13,30,12,60,16,1,15,89,2.000000
2112,209,210,216,286,344,6,1,30,4,56,16,1,7,77,1.866667
2113,209,624,878,936,29,2,21,36,13,42,19,415,669,727,1.166667
2114,210,211,228,250,431,16,11,11,16,15,8,1,18,40,1.363636
2115,210,211,211,290,281,0,0,19,0,59,20,1,1,80,3.105263
2116,210,211,240,273,90,17,16,21,20,27,15,1,30,63,1.285714
2117,210,275,354,418,557,61,35,47,50,57,28,65,144,208,1.212766
2118,210,211,276,357,295,62,18,58,47,72,27,1,66,147,1.241379
2119,210,211,219,290,255,6,6,52,7,66,6,1,9,80,1.269231
2120,210,211,318,400,286,91,11,29,75,51,63,1,108,190,1.758621
2121,210,211,214,255,307,3,25,16,1,30,13,1,4,45,1.875000
2122,210,211,224,257,491,9,13,19,9,27,10,1,14,47,1.421053
2123,211,268,318,392,477,38,29,53,30,65,25,57,107,181,1.226415
2124,211,212,222,241,390,8,16,14,7,16,6,1,11,30,1.142857
2125,211,264,433,448,16,19,8,11,27,13,9,53,222,237,1.181818
2126,211,264,399,447,440,2,21,28,4,38,10,53,188,236,1.357143
2127,211,212,254,314,323,25,13,44,26,58,18,1,43,103,1.318182
2128,211,212,242,321,506,26,6,22,20,44,45,1,31,110,2.000000
2129,212,213,219,243,8,2,19,18,5,22,3,1,7,31,1.222222
2130,212,213,220,283,188,6,18,51,5,63,2,1,8,71,1.235294
2131,212,213,253,321,141,38,19,48,30,64,14,1,41,109,1.333333
2132,212,213,239,322,199,24,12,45,20,77,12,1,27,110,1.711111
2133,212,213,217,294,307,2,18,34,3,60,18,1,5,82,1.764706
2134,213,624,643,736,593,4,14,27,14,67,27,411,430,523,2.481481
2135,213,214,242,295,90,18,16,25,18,45,18,1,29,82,1.800000
2136,213,214,279,335,449,28,5,43,43,49,25,1,66,122,1.139535
2137,213,214,231,325,506,15,3,23,12,77,22,1,18,112,3.347826
2138,213,214,235,271,511,17,16,26,15,30,12,1,22,58,1.153846
2139,213,214,482,572,580,240,10,54,192,88,78,1,269,359,1.629630
2140,213,214,238,295,205,12,3,44,16,52,12,1,25,82,1.181818
2141,213,214,238,263,323,9,15,10,16,16,17,1,25,50,1.600000
2142,214,215,219,234,535,3,3,10,4,14,1,1,5,20,1.400000
2143,214,215,229,271,13,11,14,32,12,42,2,1,15,57,1.312500
2144,214,215,221,299,38,5,49,55,6,75,3,1,7,85,1.363636
2145,214,275,378,470,161,74,35,31,67,63,57,61,164,256,2.032258
2146,214,243,246,327,138,3,9,47,3,61,20,29,32,113,1.297872
2147,214,215,223,268,195,3,8,17,8,35,10,1,9,54,2.058824
2148,215,222,283,375,591,46,19,27,45,63,44,7,68,160,2.333333
2149,215,216,255,327,549,22,14,31,31,65,15,1,40,112,2.096774
2150,215,216,234,280,364,16,8,25,10,37,17,1,19,65,1.480000
2151,215,386,396,459,394,1,8,45,10,59,4,171,181,244,1.311111
2152,215,216,345,434,48,80,5,22,85,66,67,1,130,219,3.000000
2153,216,217,223,310,591,4,22,24,3,50,40,1,7,94,2.083333
2154,216,246,329,397,525,10,15,43,13,57,17,30,113,181,1.325581
2155,216,217,238,255,424,15,2,8,15,12,11,1,22,39,1.500000
2156,216,219,269,329,523,7,1,43,14,53,9,3,53,113,1.232558
2157,216,217,271,318,535,35,4,35,44,47,10,1,55,102,1.342857
2158,216,217,249,330,253,12,7,53,24,75,14,1,33,114,1.415094
2159,216,217,227,313,25,2,10,38,9,64,23,1,11,97,1.684211
2160,217,218,222,312,591,2,21,39,3,71,20,1,5,95,1.820513
2161,217,218,245,332,25,7,8,17,21,69,24,1,28,115,4.058824
2162,217,218,311,354,482,79,7,21,67,29,39,1,94,137,1.380952
2163,217,218,222,284,392,1,10,25,4,47,15,1,5,67,1.880000
2164,217,218,246,345,109,20,18,44,17,78,32,1,29,128,1.772727
2165,217,218,221,292,515,2,26,48,3,64,7,1,4,75,1.333333
2166,218,219,226,300,197,0,7,45,7,69,5,1,8,82,1.533333
2167,218,219,219,282,180,0,0,34,0,58,5,1,1,64,1.705882
2168,218,220,220,232,523,0,0,9,0,11,1,2,2,14,1.222222
2169,219,220,245,329,482,15,7,37,15,63,29,1,26,110,1.702703
2170,219,544,613,696,359,16,27,19,27,61,25,325,394,477,3.210526
2171,220,221,245,329,595,20,5,46,12,78,18,1,25,109,1.695652
2172,220,221,235,313,586,5,8,28,11,74,7,1,15,93,2.642857
2173,220,221,222,256,447,0,1,27,1,29,5,1,2,36,1.074074
2174,220,221,299,345,434,65,12,37,51,43,30,1,79,125,1.162162
2175,220,221,265,282,539,32,4,14,31,16,13,1,45,62,1.142857
2176,220,221,253,380,7,25,10,33,25,109,25,1,33,160,3.303030
2177,220,298,489,548,210,7,22,39,22,49,19,78,269,328,1.256410
2178,220,221,229,303,496,2,1,23,7,59,15,1,9,83,2.565217
2179,220,469,578,661,483,41,28,41,38,65,38,249,358,441,1.585366
2180,220,221,267,285,326,26,9,12,33,14,17,1,47,65,1.166667
2181,220,264,415,459,549,4,31,12,6,32,16,44,195,239,2.666667
2182,220,221,284,371,277,35,19,17,37,71,36,1,64,151,4.176471
2183,221,222,325,372,378,52,12,31,81,45,24,1,104,151,1.451613
2184,221,469,520,544,328,5,29,17,5,21,6,248,299,323,1.235294
2185,221,222,225,267,136,2,11,23,2,33,10,1,4,46,1.434783
2186,221,275,357,434,477,65,29,22,54,48,47,54,136,213,2.181818
2187,221,356,465,518,196,12,36,39,11,49,15,135,244,297,1.256410
2188,222,223,468,550,516,236,26,55,173,81,73,1,246,328,1.472727
2189,222,292,382,448,139,22,26,43,31,59,19,70,160,226,1.372093
2190,222,223,276,344,56,38,4,22,36,44,41,1,54,122,2.000000
2191,222,307,485,549,342,26,18,53,31,61,12,85,263,327,1.150943
2192,222,223,256,277,136,25,9,9,25,17,12,1,34,55,1.888889
2193,222,223,232,280,540,2,20,23,6,33,18,1,10,58,1.434783
2194,222,227,272,364,48,33,7,27,35,55,47,5,50,142,2.037037
2195,222,223,255,263,341,19,15,7,21,7,12,1,33,41,1.000000
2196,223,224,229,248,459,1,11,13,0,15,6,1,6,25,1.153846
2197,223,224,261,293,465,34,4,17,23,27,19,1,38,70,1.588235
2198,223,224,310,402,489,62,29,33,60,75,43,1,87,179,2.272727
2199,223,224,226,263,477,0,2,14,2,26,11,1,3,40,1.857143
2200,224,225,231,274,360,6,20,32,1,40,8,1,7,50,1.250000
2201,224,225,260,333,136,27,9,30,24,64,20,1,36,109,2.133333
2202,224,360,486,539,240,14,26,45,29,49,12,136,262,315,1.088889
2203,224,225,238,309,410,3,12,21,12,63,9,1,14,85,3.000000
2204,225,226,228,272,539,0,1,28,1,40,5,1,3,47,1.428571
2205,225,227,267,329,478,29,41,29,23,49,27,2,42,104,1.689655
2206,225,226,296,338,278,68,24,14,54,32,26,1,71,113,2.285714
2207,225,226,248,321,568,21,1,18,16,52,27,1,23,96,2.888889
2208,225,624,635,732,94,1,15,29,5,67,31,399,410,507,2.310345
2209,225,226,301,355,79,28,1,44,49,54,26,1,76,130,1.227273
2210,226,546,615,693,286,18,26,34,20,56,33,320,389,467,1.647059
2211,226,227,230,279,49,2,17,33,2,41,9,1,4,53,1.242424
2212,226,227,246,263,261,7,46,17,17,17,2,1,20,37,1.000000
2213,226,227,250,293,30,13,44,16,14,36,12,1,24,67,2.250000
2214,226,227,252,327,137,14,46,30,11,58,31,1,26,101,1.933333
2215,226,227,241,292,377,12,8,17,11,35,19,1,15,66,2.058824
2216,226,227,272,327,308,34,4,27,32,53,15,1,46,101,1.962963
2217,226,227,230,285,394,0,3,23,3,45,10,1,4,59,1.956522
2218,226,227,231,322,8,4,11,26,4,66,25,1,5,96,2.538462
2219,227,228,231,305,192,2,3,50,3,70,4,1,4,78,1.400000
2220,227,228,245,338,243,0,5,44,8,78,17,1,18,111,1.772727
2221,227,228,405,428,557,167,23,13,127,17,56,1,178,201,1.307692
2222,227,228,241,313,380,11,33,27,8,55,22,1,14,86,2.037037
2223,227,228,300,319,104,55,22,17,58,19,14,1,73,92,1.117647
2224,228,229,246,312,62,15,14,33,11,51,21,1,18,84,1.545455
2225,228,260,319,329,183,27,17,7,30,9,11,32,91,101,1.285714
2226,228,229,249,310,257,18,13,34,12,48,21,1,21,82,1.411765
2227,228,229,358,399,59,95,10,21,81,29,60,1,130,171,1.380952
2228,228,229,284,312,560,49,7,21,42,25,16,1,56,84,1.190476
2229,228,229,281,359,417,47,28,23,31,53,46,1,53,131,2.304348
2230,228,248,343,395,10,33,19,46,30,48,19,20,115,167,1.043478
2231,228,229,237,295,63,5,3,36,5,40,21,1,9,67,1.111111
2232,229,230,245,287,465,10,1,12,13,38,6,1,16,58,3.166667
2233,229,275,408,489,464,93,12,42,93,72,34,46,179,260,1.714286
2234,229,230,271,354,488,35,5,31,34,53,37,1,42,125,1.709677
2235,230,231,278,317,591,39,15,31,35,31,20,1,48,87,1.000000
2236,230,243,257,354,71,13,17,38,13,78,20,13,27,124,2.052632
2237,230,231,265,299,576,26,6,11,21,27,20,1,35,69,2.454545
2238,230,231,258,358,491,18,8,19,20,73,34,1,28,128,3.842105
2239,230,231,232,310,452,0,1,25,1,53,25,1,2,80,2.120000
2240,230,469,559,620,279,25,15,47,32,57,10,239,329,390,1.212766
2241,230,231,296,311,199,27,6,15,45,15,20,1,66,81,1.000000
2242,231,232,235,311,279,3,17,29,2,59,18,1,4,80,2.034483
2243,231,232,243,315,243,3,3,32,8,66,9,1,12,84,2.062500
2244,231,232,249,268,148,17,12,15,13,17,6,1,18,37,1.133333
2245,231,232,265,346,32,24,23,58,20,78,14,1,34,115,1.344828
2246,231,232,257,329,491,19,7,25,19,47,31,1,26,98,1.880000
2247,231,275,358,436,387,64,36,28,53,54,41,44,127,205,1.928571
2248,232,233,308,354,347,50,10,33,47,41,33,1,76,122,1.242424
2249,232,233,252,277,59,4,9,21,5,23,16,1,20,45,1.095238
2250,232,233,264,349,557,27,26,36,23,78,15,1,32,117,2.166667
2251,232,233,242,331,559,5,18,47,8,79,11,1,10,99,1.680851
2252,232,233,371,422,96,115,20,26,95,44,50,1,139,190,1.692308
2253,232,233,236,308,375,2,11,22,3,52,20,1,4,76,2.363636
2254,232,233,238,317,443,2,7,29,5,65,14,1,6,85,2.241379
2255,232,233,243,312,225,10,16,11,7,45,27,1,11,80,4.090909
2256,233,481,564,629,555,12,33,41,19,57,13,248,331,396,1.390244
2257,233,234,297,330,135,29,13,11,26,29,41,1,64,97,2.636364
2258,233,234,236,267,557,2,29,16,1,26,6,1,3,34,1.625000
2259,233,234,235,309,482,0,1,50,1,56,18,1,2,76,1.120000
2260,233,234,235,289,325,1,11,38,1,48,6,1,2,56,1.263158
2261,233,234,252,270,136,17,5,16,12,18,6,1,19,37,1.125000
2262,233,234,251,311,367,12,10,47,13,59,5,1,18,78,1.255319
2263,234,235,238,284,28,0,3,23,3,37,9,1,4,50,1.608696
2264,234,292,380,466,190,20,35,45,31,75,19,58,146,232,1.666667
2265,234,235,241,306,129,6,7,19,6,39,26,1,7,72,2.052632
2266,234,235,256,343,385,16,3,49,17,73,18,1,22,109,1.489796
2267,234,235,239,315,349,1,2,18,4,60,16,1,5,81,3.333333
2268,234,261,283,365,183,11,16,48,9,74,13,27,49,131,1.541667
2269,234,235,235,320,423,0,0,27,0,61,24,1,1,86,2.259259
2270,234,235,282,309,557,37,29,18,39,20,15,1,48,75,1.111111
2271,234,280,305,387,221,0,6,53,6,79,3,46,71,153,1.490566
2272,235,236,273,310,49,35,10,27,32,33,9,1,38,75,1.222222
2273,235,236,300,374,325,28,12,25,40,61,37,1,65,139,2.440000
2274,235,236,276,353,557,29,33,46,26,70,19,1,41,118,1.521739
2275,235,236,345,358,65,69,10,10,75,12,35,1,110,123,1.200000
2276,235,236,370,414,498,75,12,35,80,41,57,1,135,179,1.171429
2277,235,236,252,267,109,7,14,10,11,14,5,1,17,32,1.400000
2278,236,237,274,329,324,32,8,26,24,42,26,1,38,93,1.615385
2279,236,237,265,347,557,22,30,55,25,79,6,1,29,111,1.436364
2280,236,237,267,332,410,18,10,28,23,62,10,1,31,96,2.214286
2281,236,238,272,335,557,24,34,31,18,47,31,2,36,99,1.516129
2282,236,237,296,364,166,49,18,52,49,64,14,1,60,128,1.230769
2283,236,239,441,493,414,153,11,45,121,51,65,3,205,257,1.133333
2284,236,237,294,373,43,47,19,57,47,73,16,1,58,137,1.280702
2285,236,237,317,419,388,80,9,40,54,84,44,1,81,183,2.100000
2286,236,237,314,372,65,46,9,31,52,51,32,1,78,136,1.645161
2287,236,237,331,402,109,66,14,37,63,57,39,1,95,166,1.540541
2288,236,237,239,324,535,1,10,26,1,76,10,1,3,88,2.923077
2289,237,238,265,355,149,24,31,29,24,71,22,1,28,118,2.448276
2290,237,248,346,403,234,32,21,42,30,48,22,11,109,166,1.142857
2291,237,238,255,335,516,12,14,27,14,51,32,1,18,98,1.888889
2292,237,238,259,311,43,19,20,24,16,36,21,1,22,74,1.500000
2293,237,238,251,341,412,2,6,17,12,77,14,1,14,104,4.529412
2294,237,238,248,334,451,8,14,48,5,76,15,1,11,97,1.583333
2295,238,239,239,305,151,0,0,29,0,53,13,1,1,67,1.827586
2296,238,239,240,319,322,1,54,41,1,73,6,1,2,81,1.780488
2297,238,239,261,322,558,12,17,21,16,41,26,1,23,84,1.952381
2298,238,239,278,334,254,27,10,28,29,40,26,1,40,96,1.428571
2299,238,239,297,347,478,32,11,18,45,36,27,1,59,109,2.000000
2300,238,239,251,276,221,5,21,6,6,14,17,1,13,38,2.333333
2301,238,239,240,310,443,0,1,44,1,60,10,1,2,72,1.363636
2302,239,240,274,328,292,24,11,27,21,47,20,1,35,89,1.740741
2303,239,240,255,291,591,13,12,23,9,31,11,1,16,52,1.347826
2304,239,244,290,341,519,27,19,42,29,46,13,5,51,102,1.095238
2305,240,241,290,336,16,22,13,18,35,36,24,1,50,96,2.000000
2306,240,248,317,389,272,45,14,32,40,56,34,8,77,149,1.750000
2307,240,248,321,369,166,20,18,41,20,45,12,8,81,129,1.097561
2308,240,245,259,343,34,14,12,35,12,69,17,5,19,103,1.971429
2309,240,246,250,302,408,1,8,38,3,46,7,6,10,62,1.210526
2310,240,624,642,724,49,2,11,55,8,75,8,384,402,484,1.363636
2311,241,242,344,427,341,77,38,49,84,73,28,1,103,186,1.489796
2312,241,248,255,333,70,4,18,27,5,61,18,7,14,92,2.259259
2313,241,248,284,325,377,26,19,37,22,39,14,7,43,84,1.054054
2314,242,243,252,281,146,4,7,13,9,23,6,1,10,39,1.769231
2315,242,243,311,392,109,55,20,48,52,74,23,1,69,150,1.541667
2316,242,243,258,267,419,7,15,9,12,9,3,1,16,25,1.000000
2317,242,246,259,338,543,2,15,33,6,71,9,4,17,96,2.151515
2318,242,243,279,355,326,30,8,30,32,52,28,1,37,113,1.733333
2319,243,271,324,390,566,40,37,44,26,60,23,28,81,147,1.363636
2320,243,248,498,588,43,105,19,49,118,87,66,5,255,345,1.775510
2321,243,244,355,396,559,77,14,19,78,33,41,1,112,153,1.736842
2322,243,244,266,326,278,17,15,29,14,41,27,1,23,83,1.413793
2323,243,244,356,437,271,76,5,19,73,45,68,1,113,194,2.368421
2324,243,244,249,326,591,1,15,30,4,46,32,1,6,83,1.533333
2325,243,244,256,282,260,8,6,13,12,23,3,1,13,39,1.769231
2326,244,245,328,381,414,64,8,14,56,38,42,1,84,137,2.714286
2327,244,246,332,414,271,55,4,20,51,62,44,2,88,170,3.100000
2328,244,549,618,701,419,12,24,44,20,70,22,305,374,457,1.590909
2329,244,360,492,508,230,13,40,11,31,13,9,116,248,264,1.181818
2330,244,245,251,306,181,1,15,47,5,53,3,1,7,62,1.127660
2331,244,264,512,579,531,36,34,27,60,53,42,20,268,335,1.962963
2332,244,245,329,419,221,77,19,30,60,62,52,1,85,175,2.066667
2333,245,246,252,297,155,1,5,31,3,41,7,1,7,52,1.322581
2334,245,624,897,960,185,4,23,42,9,60,4,379,652,715,1.428571
2335,245,246,268,345,59,14,11,27,16,55,28,1,23,100,2.037037
2336,245,246,274,326,58,14,3,18,22,44,14,1,29,81,2.444444
2337,245,624,903,967,107,9,17,23,15,55,10,379,658,722,2.391304
2338,245,630,639,721,545,1,13,60,4,80,2,385,394,476,1.333333
2339,245,483,594,651,88,9,17,52,17,56,3,238,349,406,1.076923
2340,245,246,262,333,557,15,29,47,14,67,6,1,17,88,1.425532
2341,246,247,291,384,134,37,12,27,33,51,53,1,45,138,1.888889
2342,246,247,277,366,382,14,10,26,24,56,39,1,31,120,2.153846
2343,246,630,658,675,593,7,12,12,18,14,7,384,412,429,1.166667
2344,246,248,276,334,451,15,17,51,13,55,9,2,30,88,1.078431
2345,246,360,506,560,362,13,37,41,33,51,6,114,260,314,1.243902
2346,247,248,320,407,515,35,15,32,47,82,30,1,73,160,2.562500
2347,247,248,285,359,425,26,11,44,29,56,26,1,38,112,1.272727
2348,247,248,252,276,324,2,4,19,4,21,3,1,5,29,1.105263
2349,247,248,285,387,414,26,6,32,21,78,40,1,38,140,2.437500
2350,247,248,255,269,585,1,1,14,7,14,0,1,8,22,1.000000
2351,247,248,280,344,489,30,24,33,20,55,21,1,33,97,1.666667
2352,247,248,265,287,408,7,7,18,11,20,6,1,18,40,1.111111
2353,248,264,432,518,208,3,32,48,5,80,10,16,184,270,1.666667
2354,248,249,412,505,88,119,9,35,118,61,77,1,164,257,1.742857
2355,248,249,266,333,419,10,14,45,14,61,9,1,18,85,1.355556
2356,248,249,265,292,202,11,9,21,14,27,2,1,17,44,1.285714
2357,248,249,271,345,571,22,28,38,14,44,38,1,23,97,1.157895
2358,248,249,252,292,149,1,14,25,2,33,8,1,4,44,1.320000
2359,248,249,256,282,348,5,3,17,5,25,3,1,8,34,1.470588
2360,249,502,626,704,441,7,21,25,12,59,25,253,377,455,2.360000
2361,249,250,272,320,408,14,3,33,17,45,8,1,23,71,1.363636
2362,249,252,276,315,377,20,17,32,20,32,11,3,27,66,1.000000
2363,249,630,648,748,240,8,21,40,6,80,26,381,399,499,2.000000
2364,249,250,250,267,271,0,0,11,0,17,0,1,1,18,1.545455
2365,249,250,279,326,141,21,13,19,17,33,26,1,30,77,1.736842
2366,250,251,264,339,571,7,16,29,7,73,8,1,14,89,2.517241
2367,250,251,277,330,141,15,15,39,17,49,13,1,27,80,1.256410
2368,250,624,929,-1,262,18,12,28,15,51,29,374,679,-1,1.821429
2369,250,280,338,424,43,1,18,57,6,79,9,30,88,174,1.385965
2370,250,251,256,313,224,1,8,43,5,49,8,1,6,63,1.139535
2371,251,252,283,297,374,18,1,7,20,11,14,1,32,46,1.571429
2372,251,252,347,374,167,50,4,14,71,22,29,1,96,123,1.571429
2373,251,252,266,307,135,7,7,15,10,33,12,1,15,56,2.200000
2374,251,252,319,419,424,53,7,19,45,77,45,1,68,168,4.052632
2375,251,252,313,405,419,46,13,44,49,82,22,1,62,154,1.863636
2376,251,253,374,468,591,19,22,36,32,70,35,2,123,217,1.944444
2377,252,253,253,282,439,0,0,19,0,21,8,1,1,30,1.105263
2378,252,253,265,340,377,9,18,47,10,73,4,1,13,88,1.553191
2379,252,253,257,305,58,4,11,23,4,37,11,1,5,53,1.608696
2380,252,264,443,485,540,2,23,32,5,36,10,12,191,233,1.125000
2381,252,469,531,551,568,13,32,17,13,19,6,217,279,299,1.117647
2382,252,469,570,641,41,36,7,41,39,61,19,217,318,389,1.487805
2383,253,254,263,291,85,8,5,16,8,24,5,1,10,38,1.500000
2384,253,360,517,587,445,14,21,53,37,57,17,107,264,334,1.075472
2385,253,254,264,283,8,7,10,12,8,14,7,1,11,30,1.166667
2386,253,363,508,579,536,12,39,41,23,63,14,110,255,326,1.536585
2387,253,254,270,313,408,7,4,18,14,38,7,1,17,60,2.111111
2388,253,254,264,292,290,2,13,16,8,20,10,1,11,39,1.250000
2389,253,262,339,423,96,20,17,41,30,67,29,9,86,170,1.634146
2390,254,271,326,381,451,37,9,40,33,48,16,17,72,127,1.200000
2391,255,256,282,348,583,19,11,19,22,47,23,1,27,93,2.473684
2392,255,256,258,350,496,2,3,28,2,74,18,1,3,95,2.642857
2393,255,256,276,346,101,11,12,21,13,57,20,1,21,91,2.714286
2394,255,256,256,324,212,0,0,36,0,56,12,1,1,69,1.555556
2395,255,256,257,300,347,0,1,18,1,30,13,1,2,45,1.666667
2396,255,256,356,424,70,64,19,40,66,68,21,1,101,169,1.700000
2397,255,256,257,299,169,0,1,14,1,32,10,1,2,44,2.285714
2398,255,256,271,346,405,9,10,15,13,55,22,1,16,91,3.666667
2399,255,256,300,385,293,28,8,18,25,58,46,1,45,130,3.222222
2400,255,256,309,334,356,45,2,11,36,15,27,1,54,79,1.363636
2401,255,256,258,329,374,1,4,31,2,57,14,1,3,74,1.838710
2402,255,331,343,426,110,3,17,21,9,51,32,76,88,171,2.428571
2403,256,257,327,368,435,63,15,30,49,36,26,1,71,112,1.200000
2404,256,258,276,349,172,6,11,37,11,57,18,2,20,93,1.540541
2405,256,257,353,368,499,45,13,12,70,14,27,1,97,112,1.166667
2406,256,637,682,707,358,12,16,19,23,21,10,381,426,451,1.105263
2407,256,287,307,346,377,4,7,27,19,31,9,31,51,90,1.148148
2408,257,258,262,353,587,3,5,30,4,60,31,1,5,96,2.000000
2409,257,331,376,398,577,4,9,17,6,19,6,74,119,141,1.117647
2410,257,258,258,276,396,0,0,15,0,17,1,1,1,19,1.133333
2411,257,258,306,370,119,9,3,42,30,56,26,1,49,113,1.333333
2412,257,258,262,311,10,3,2,25,3,39,11,1,5,54,1.560000
2413,257,258,306,373,303,31,16,20,32,42,41,1,49,116,2.100000
2414,257,258,287,371,70,17,21,37,23,69,19,1,30,114,1.864865
2415,257,388,407,451,131,1,12,14,6,30,15,131,150,194,2.142857
2416,257,258,279,331,474,13,12,20,18,40,15,1,22,74,2.000000
2417,258,259,280,305,47,17,54,18,19,24,3,1,22,47,1.333333
2418,258,259,272,360,583,6,8,35,8,75,18,1,14,102,2.142857
2419,258,259,273,364,474,5,12,29,5,59,41,1,15,106,2.034483
2420,258,259,290,344,191,23,13,41,20,45,20,1,32,86,1.097561
2421,258,259,317,338,233,51,24,19,40,21,18,1,59,80,1.105263
2422,258,259,393,442,451,125,9,32,93,42,48,1,135,184,1.312500
2423,258,259,312,375,115,34,8,36,38,46,32,1,54,117,1.277778
2424,258,259,259,349,408,0,0,31,0,67,23,1,1,91,2.161290
2425,258,549,629,699,95,26,24,21,30,55,22,291,371,441,2.619048
2426,259,260,263,328,580,1,11,48,3,60,5,1,4,69,1.250000
2427,259,260,261,313,257,1,13,39,0,45,8,1,2,54,1.153846
2428,259,260,263,291,515,2,6,25,2,27,2,1,4,32,1.080000
2429,259,260,304,342,293,30,13,27,29,31,22,1,45,83,1.148148
2430,259,262,334,427,183,8,15,40,18,76,26,3,75,168,1.900000
2431,259,260,302,394,505,35,43,33,28,71,35,1,43,135,2.151515
2432,260,363,543,575,129,19,41,19,45,27,14,103,283,315,1.421053
2433,260,261,306,400,464,37,45,29,36,71,32,1,46,140,2.448276
2434,260,261,288,316,261,21,18,19,18,27,10,1,28,56,1.421053
2435,260,261,289,328,286,11,8,30,20,38,7,1,29,68,1.266667
2436,260,549,628,643,286,26,27,13,26,15,9,289,368,383,1.153846
2437,260,261,458,497,490,123,11,16,127,34,75,1,198,237,2.125000
2438,260,261,262,298,209,0,1,23,1,31,5,1,2,38,1.347826
2439,260,261,286,321,279,17,13,17,14,29,17,1,26,61,1.705882
2440,261,454,509,596,490,10,21,32,14,66,26,193,248,335,2.062500
2441,261,262,267,280,434,0,4,9,4,11,3,1,6,19,1.222222
2442,262,263,263,360,587,0,0,17,0,69,28,1,1,98,4.058824
2443,262,263,318,412,309,44,18,40,41,82,26,1,56,150,2.050000
2444,262,263,280,343,519,10,7,46,13,54,13,1,18,81,1.173913
2445,262,263,303,383,303,34,15,39,29,65,26,1,41,121,1.666667
2446,262,263,280,347,183,14,13,13,14,45,25,1,18,85,3.461538
2447,262,271,529,594,359,195,14,50,172,60,63,9,267,332,1.200000
2448,263,454,540,563,235,21,29,21,35,23,7,191,277,300,1.095238
2449,263,268,341,413,119,27,7,20,45,56,33,5,78,150,2.800000
2450,263,269,329,419,134,46,5,46,42,74,31,6,66,156,1.608696
2451,263,264,277,312,553,7,10,27,10,33,5,1,14,49,1.222222
2452,263,264,274,308,60,6,9,19,10,29,5,1,11,45,1.526316
2453,263,502,688,726,117,10,23,17,21,31,12,239,425,463,1.823529
2454,263,503,684,754,142,6,24,37,9,53,24,240,421,491,1.432432
2455,263,264,545,597,134,270,6,39,199,47,87,1,282,334,1.205128
2456,263,264,298,379,288,19,13,25,27,51,37,1,35,116,2.040000
2457,263,264,264,291,438,0,0,9,0,19,8,1,1,28,2.111111
2458,263,264,271,316,175,3,46,21,5,33,14,1,8,53,1.571429
2459,263,264,296,329,341,32,18,23,24,27,14,1,33,66,1.173913
2460,263,264,304,383,387,25,29,41,31,71,17,1,41,120,1.731707
2461,264,324,423,499,428,31,16,37,50,57,29,60,159,235,1.540541
2462,264,265,270,292,335,0,5,13,5,19,3,1,6,28,1.461538
2463,264,265,362,399,88,77,54,31,80,35,19,1,98,135,1.129032
2464,264,278,286,370,22,4,13,28,6,60,25,14,22,106,2.142857
2465,265,266,305,382,425,27,4,25,31,49,36,1,40,117,1.960000
2466,265,266,278,356,334,9,7,50,9,78,3,1,13,91,1.560000
2467,265,266,273,333,519,2,8,26,6,52,9,1,8,68,2.000000
2468,266,267,277,316,293,7,10,32,3,38,8,1,11,50,1.187500
2469,266,454,523,557,220,7,33,24,11,32,8,188,257,291,1.333333
2470,266,267,287,367,393,14,12,25,16,67,17,1,21,101,2.680000
2471,266,278,301,365,369,7,15,18,14,36,32,12,35,99,2.000000
2472,266,267,312,334,236,29,10,20,34,20,13,1,46,68,1.000000
2473,266,470,526,601,187,6,18,33,5,61,19,204,260,335,1.848485
2474,267,503,692,704,36,4,27,10,15,12,4,236,425,437,1.200000
2475,267,268,324,353,162,29,13,24,34,24,25,1,57,86,1.000000
2476,267,268,269,289,224,0,1,17,1,19,1,1,2,22,1.117647
2477,267,268,327,403,540,19,16,40,19,62,31,1,60,136,1.550000
2478,267,638,688,775,358,12,15,48,26,70,22,371,421,508,1.458333
2479,267,275,361,437,179,60,24,42,48,66,32,8,94,170,1.571429
2480,267,268,279,362,127,5,15,36,11,76,7,1,12,95,2.111111
2481,267,268,295,346,594,14,1,18,22,38,18,1,28,79,2.111111
2482,268,269,270,306,503,0,1,30,1,34,2,1,2,38,1.133333
2483,268,269,364,436,161,77,29,44,74,66,27,1,96,168,1.500000
2484,268,269,279,378,101,6,14,29,8,75,26,1,11,110,2.586207
2485,268,269,417,457,8,82,16,14,79,30,54,1,149,189,2.142857
2486,268,269,279,330,407,8,5,31,9,43,9,1,11,62,1.387097
2487,268,269,275,354,334,4,6,32,6,56,23,1,7,86,1.750000
2488,268,284,326,398,262,24,11,56,25,70,15,16,58,130,1.250000
2489,268,269,274,311,234,2,4,16,4,28,10,1,6,43,1.750000
2490,268,269,326,401,119,40,2,39,37,67,28,1,58,133,1.717949
2491,269,470,589,623,483,43,28,20,44,26,22,201,320,354,1.300000
2492,269,503,711,750,274,6,16,23,14,33,10,234,442,481,1.434783
2493,269,270,275,355,31,4,7,18,3,56,26,1,6,86,3.111111
2494,269,503,713,740,23,5,16,20,8,22,7,234,444,471,1.100000
2495,269,270,276,364,141,2,8,26,6,60,28,1,7,95,2.307692
2496,270,271,274,368,76,0,3,29,3,71,23,1,4,98,2.448276
2497,270,271,333,423,567,53,7,17,40,61,50,1,63,153,3.588235
2498,270,271,272,310,121,0,1,22,1,32,6,1,2,40,1.454545
2499,270,271,312,403,309,34,21,43,27,77,28,1,42,133,1.790698
2500,271,272,275,289,190,2,28,12,2,14,1,1,4,18,1.166667
2501,271,272,290,364,479,17,11,49,16,71,5,1,19,93,1.448980
2502,271,272,284,340,409,2,18,42,12,48,8,1,13,69,1.142857
2503,271,272,409,493,530,125,16,48,100,74,47,1,138,222,1.541667
2504,271,272,272,358,160,0,0,26,0,58,28,1,1,87,2.230769
2505,271,388,457,491,289,6,20,28,14,34,1,117,186,220,1.214286
2506,271,470,569,646,475,26,29,31,26,63,24,199,298,375,2.032258
2507,272,273,499,536,570,115,12,13,136,25,102,1,227,264,1.923077
2508,272,273,351,426,567,64,5,47,48,65,37,1,79,154,1.382979
2509,272,273,280,325,227,6,9,24,7,36,9,1,8,53,1.500000
2510,272,273,343,423,461,61,40,49,52,75,23,1,71,151,1.530612
2511,272,273,333,408,22,44,9,49,35,63,37,1,61,136,1.285714
2512,272,273,346,387,429,61,7,32,61,38,15,1,74,115,1.187500
2513,273,275,359,441,303,59,24,45,47,73,28,2,86,168,1.622222
2514,273,274,337,389,279,44,9,18,45,36,34,1,64,116,2.000000
2515,273,274,277,369,191,3,2,35,1,75,19,1,4,96,2.142857
2516,273,274,340,423,531,59,35,48,48,78,23,1,67,150,1.625000
2517,273,308,496,564,190,17,25,24,19,56,21,35,223,291,2.333333
2518,273,274,274,344,239,0,0,51,0,59,11,1,1,71,1.156863
2519,273,274,278,315,232,2,2,20,2,32,7,1,5,42,1.600000
2520,273,274,330,415,584,45,6,31,31,65,45,1,57,142,2.096774
2521,273,274,294,383,303,20,15,38,15,78,16,1,21,110,2.052632
2522,273,638,679,754,180,10,6,31,14,59,23,365,406,481,1.903226
2523,274,275,282,368,301,4,44,34,5,76,12,1,8,94,2.235294
2524,274,283,393,489,166,75,61,62,56,94,32,9,119,215,1.516129
2525,274,275,317,395,162,14,13,25,31,59,30,1,43,121,2.360000
2526,274,404,462,492,154,1,14,15,4,27,4,130,188,218,1.800000
2527,274,275,380,416,142,72,11,10,75,28,38,1,106,142,2.800000
2528,274,275,287,359,113,12,23,23,6,49,29,1,13,85,2.130435
2529,274,520,562,582,342,19,19,11,22,17,9,246,288,308,1.545455
2530,274,284,356,390,127,28,15,26,44,32,11,10,82,116,1.230769
2531,275,389,458,512,4,7,21,37,11,43,13,114,183,237,1.162162
2532,275,276,332,367,531,55,35,23,41,29,21,1,57,92,1.260870
2533,275,286,291,302,522,2,5,11,3,11,2,11,16,27,1.000000
2534,275,549,627,723,527,22,20,37,24,71,30,274,352,448,1.918919
2535,276,277,278,332,567,0,1,29,1,53,1,1,2,56,1.827586
2536,276,504,740,789,248,1,11,18,11,34,17,228,464,513,1.888889
2537,276,277,279,330,483,1,12,39,2,49,2,1,3,54,1.256410
2538,276,277,429,505,188,106,26,31,114,53,61,1,153,229,1.709677
2539,276,890,952,987,410,8,16,24,12,28,9,614,676,711,1.166667
2540,276,277,299,376,27,7,10,18,11,62,25,1,23,100,3.444444
2541,277,278,291,381,118,11,11,32,9,68,26,1,14,104,2.125000
2542,277,290,335,407,521,23,18,24,26,50,33,13,58,130,2.083333
2543,277,278,284,363,483,4,11,18,5,56,24,1,7,86,3.111111
2544,277,278,299,351,572,15,15,34,11,46,16,1,22,74,1.352941
2545,277,285,294,337,90,5,14,37,7,41,4,8,17,60,1.108108
2546,277,890,970,999,104,7,24,20,12,22,11,613,693,722,1.100000
2547,277,278,291,370,188,11,35,45,10,71,11,1,14,93,1.577778
2548,277,278,292,344,436,5,11,42,12,48,6,1,15,67,1.142857
2549,277,278,317,391,300,33,32,42,32,66,15,1,40,114,1.571429
2550,278,308,513,524,324,20,28,8,20,8,20,30,235,246,1.000000
2551,278,283,484,559,126,154,8,41,125,69,52,5,206,281,1.682927
2552,278,279,367,441,429,72,5,52,60,72,30,1,89,163,1.384615
2553,278,520,590,665,150,39,6,54,47,68,13,242,312,387,1.259259
2554,278,279,288,347,398,6,13,27,5,51,12,1,10,69,1.888889
2555,279,280,290,320,572,7,12,22,5,26,9,1,11,41,1.181818
2556,279,549,631,671,359,21,25,26,24,32,17,270,352,392,1.230769
2557,279,280,416,497,324,65,13,19,84,69,64,1,137,218,3.631579
2558,279,281,316,362,103,9,1,29,10,39,9,2,37,83,1.344828
2559,279,389,464,483,586,8,24,14,14,18,5,110,185,204,1.285714
2560,279,520,564,652,293,20,29,51,21,71,23,241,285,373,1.392157
2561,279,454,550,622,583,15,34,38,28,50,28,175,271,343,1.315789
2562,279,280,314,380,483,19,10,26,24,50,26,1,35,101,1.923077
2563,280,281,284,369,216,1,18,38,3,64,21,1,4,89,1.684211
2564,280,281,321,332,474,12,9,8,9,10,9,1,41,52,1.250000
2565,280,282,282,318,103,0,0,16,0,28,8,2,2,38,1.750000
2566,280,313,388,446,367,18,12,34,24,52,17,33,108,166,1.529412
2567,280,281,302,345,537,13,4,12,17,34,13,1,22,65,2.833333
2568,281,282,370,397,543,47,18,19,64,27,24,1,89,116,1.421053
2569,281,282,348,403,127,48,11,36,44,50,27,1,67,122,1.388889
2570,281,350,481,551,151,14,27,52,16,64,11,69,200,270,1.230769
2571,281,282,291,373,521,3,15,18,6,68,15,1,10,92,3.777778
2572,281,282,397,425,353,95,2,20,62,24,55,1,116,144,1.200000
2573,281,282,292,358,95,5,13,29,7,61,8,1,11,77,2.103448
2574,282,283,283,342,474,0,0,47,0,57,2,1,1,60,1.212766
2575,282,283,293,367,353,3,4,15,7,51,25,1,11,85,3.400000
2576,282,283,343,422,269,49,27,45,44,73,22,1,61,140,1.622222
2577,282,283,300,348,584,10,5,20,13,34,18,1,18,66,1.700000
2578,282,283,334,403,446,51,26,18,38,58,24,1,52,121,3.222222
2579,282,890,985,-1,484,9,26,23,14,15,4,608,703,-1,0.652174
2580,282,283,283,363,122,0,0,21,0,55,25,1,1,81,2.619048
2581,282,283,323,421,442,14,8,46,22,80,32,1,41,139,1.739130
2582,282,283,365,418,572,51,15,28,50,44,41,1,83,136,1.571429
2583,282,283,381,438,599,84,2,41,75,49,31,1,99,156,1.195122
2584,283,285,352,411,127,17,16,31,25,51,17,2,69,128,1.645161
2585,283,284,322,369,571,28,9,12,22,36,27,1,39,86,3.000000
2586,283,284,423,461,399,94,9,24,80,32,65,1,140,178,1.333333
2587,283,284,317,347,185,26,23,24,28,28,7,1,34,64,1.166667
2588,283,404,466,531,596,0,20,42,3,56,10,121,183,248,1.333333
2589,283,284,285,354,205,0,1,23,1,53,16,1,2,71,2.304348
2590,284,538,585,609,22,14,31,9,22,17,15,254,301,325,1.888889
2591,284,285,394,414,185,66,43,11,56,17,27,1,110,130,1.545455
2592,284,285,288,315,537,0,3,17,3,21,6,1,4,31,1.235294
2593,284,285,299,331,316,3,12,19,10,27,9,1,15,47,1.421053
2594,284,285,318,353,393,29,3,11,19,23,26,1,34,69,2.090909
2595,284,285,287,378,126,2,2,40,2,82,9,1,3,94,2.050000
2596,285,286,298,351,528,8,9,23,9,37,19,1,13,66,1.608696
2597,285,286,363,390,64,50,22,25,41,27,18,1,78,105,1.080000
2598,285,898,-1,-1,249,6,29,28,2,0,6,613,-1,-1,0.000000
2599,285,520,521,589,560,0,1,47,1,65,3,235,236,304,1.382979
2600,285,286,363,422,277,53,15,37,37,53,46,1,78,137,1.432432
2601,285,454,578,633,534,16,24,37,32,51,13,169,293,348,1.378378
2602,285,286,302,327,140,11,4,10,12,16,13,1,17,42,1.600000
2603,285,286,325,402,67,29,10,29,26,71,19,1,40,117,2.448276
2604,285,286,325,343,168,29,6,17,32,17,8,1,40,58,1.000000
2605,286,287,362,457,64,50,22,43,33,85,33,1,76,171,1.976744
2606,286,287,311,364,475,23,13,28,15,50,12,1,25,78,1.785714
2607,286,287,308,353,241,2,7,14,13,26,21,1,22,67,1.857143
2608,287,292,345,442,90,11,13,32,13,62,42,5,58,155,1.937500
2609,287,288,307,373,179,18,15,46,10,64,11,1,20,86,1.391304
2610,287,288,289,325,411,1,8,22,0,30,7,1,2,38,1.363636
2611,287,288,304,369,597,9,9,14,12,48,21,1,17,82,3.428571
2612,287,288,308,385,402,5,12,45,12,65,19,1,21,98,1.444444
2613,288,289,292,316,428,0,3,15,3,19,5,1,4,28,1.266667
2614,288,289,317,389,442,19,4,27,16,53,26,1,29,101,1.962963
2615,288,295,356,410,315,9,7,36,21,50,6,7,68,122,1.388889
2616,289,290,290,322,128,0,0,16,0,24,8,1,1,33,1.500000
2617,289,325,424,461,275,28,19,29,34,35,11,36,135,172,1.206897
2618,289,290,292,375,530,1,11,28,2,62,21,1,3,86,2.214286
2619,289,290,291,375,586,0,1,46,1,68,16,1,2,86,1.478261
2620,289,290,294,346,575,1,9,9,2,39,15,1,5,57,4.333333
2621,289,472,609,650,44,14,32,35,46,39,8,183,320,361,1.114286
2622,289,306,324,417,531,10,14,16,8,54,47,17,35,128,3.375000
2623,289,290,336,383,572,33,17,40,33,44,16,1,47,94,1.100000
2624,289,290,295,337,469,4,6,21,3,35,9,1,6,48,1.666667
2625,290,291,364,393,101,62,10,15,45,17,40,1,74,103,1.133333
2626,290,292,312,403,67,18,13,14,16,74,21,2,22,113,5.285714
2627,290,543,588,654,513,14,36,40,22,58,16,253,298,364,1.450000
2628,290,291,304,374,190,10,28,29,9,55,19,1,14,84,1.896552
2629,290,291,317,403,277,12,15,17,18,63,31,1,27,113,3.705882
2630,291,295,396,429,489,60,27,26,55,28,26,4,105,138,1.076923
2631,291,292,300,393,382,8,6,31,4,63,34,1,9,102,2.032258
2632,291,292,358,449,127,13,17,25,24,67,28,1,67,158,2.680000
2633,291,292,561,646,185,217,38,34,201,68,85,1,270,355,2.000000
2634,291,638,729,744,394,28,17,10,45,14,26,347,438,453,1.400000
2635,291,292,333,434,309,34,13,31,31,73,38,1,42,143,2.354839
2636,291,292,318,394,552,26,22,39,17,65,20,1,27,103,1.666667
2637,291,638,689,775,488,11,14,37,19,61,35,347,398,484,1.648649
2638,292,293,330,382,306,34,19,17,28,41,20,1,38,90,2.411765
2639,292,293,302,381,596,8,3,46,8,70,10,1,10,89,1.521739
2640,292,899,-1,-1,84,3,25,31,2,0,3,607,-1,-1,0.000000
2641,292,299,329,353,32,18,13,10,17,20,14,7,37,61,2.000000
2642,292,314,514,586,185,104,23,57,86,67,67,22,222,294,1.175439
2643,292,293,315,337,597,12,7,7,19,15,10,1,23,45,2.142857
2644,292,520,554,615,475,11,31,32,12,48,16,228,262,323,1.500000
2645,292,293,299,330,380,4,9,21,6,23,8,1,7,38,1.095238
2646,292,472,593,680,568,17,29,58,23,72,25,180,301,388,1.241379
2647,293,638,695,785,123,13,13,51,25,81,18,345,402,492,1.588235
2648,293,294,641,685,323,233,22,11,232,33,126,1,348,392,3.000000
2649,293,899,-1,-1,402,2,26,51,3,0,0,606,-1,-1,0.000000
2650,293,294,303,389,86,1,12,32,3,62,28,1,10,96,1.937500
2651,293,294,300,354,74,4,11,27,6,47,7,1,7,61,1.740741
2652,293,294,353,382,178,51,25,25,46,27,15,1,60,89,1.080000
2653,293,294,299,391,127,1,13,21,3,53,41,1,6,98,2.523810
2654,293,294,315,411,584,13,6,15,16,57,44,1,22,118,3.800000
2655,294,468,469,496,432,0,1,20,1,24,3,174,175,202,1.200000
2656,294,295,298,379,380,3,7,50,3,76,5,1,4,85,1.520000
2657,294,295,321,393,174,19,17,50,23,62,13,1,27,99,1.240000
2658,294,295,354,437,301,27,12,61,40,77,21,1,60,143,1.262295
2659,294,295,301,371,210,5,14,29,6,65,5,1,7,77,2.241379
2660,294,295,325,405,431,5,8,49,17,67,22,1,31,111,1.367347
2661,294,298,310,376,431,3,9,36,11,54,13,4,16,82,1.500000
2662,295,296,301,383,179,5,15,36,3,60,24,1,6,88,1.666667
2663,295,296,367,381,380,39,58,14,35,14,14,1,72,86,1.000000
2664,295,296,315,368,592,13,12,18,16,42,14,1,20,73,2.333333
2665,295,472,746,779,471,34,37,29,55,33,16,177,451,484,1.137931
2666,296,297,492,572,178,172,15,45,132,71,72,1,196,276,1.577778
2667,296,471,483,563,512,0,11,35,2,63,17,175,187,267,1.800000
2668,296,297,302,329,483,1,7,16,5,20,7,1,6,33,1.250000
2669,297,298,301,372,572,2,3,25,2,63,9,1,4,75,2.520000
2670,297,298,299,369,69,0,1,22,1,50,20,1,2,72,2.272727
2671,297,298,404,466,178,56,21,50,52,60,23,1,107,169,1.200000
2672,297,298,319,365,475,12,11,42,10,46,11,1,22,68,1.095238
2673,297,328,467,501,45,59,12,24,53,28,45,31,170,204,1.166667
2674,298,299,379,467,145,62,4,40,64,72,32,1,81,169,1.800000
2675,298,299,346,377,345,43,8,16,38,28,12,1,48,79,1.750000
2676,298,306,426,456,566,74,15,24,75,26,46,8,128,158,1.083333
2677,298,549,657,728,274,27,32,55,37,63,20,251,359,430,1.145455
2678,298,362,409,429,459,7,14,15,16,15,15,64,111,131,1.000000
2679,298,299,328,409,127,22,12,47,15,75,20,1,30,111,1.595745
2680,298,299,364,460,597,35,4,24,41,86,34,1,66,162,3.583333
2681,298,299,307,398,460,3,5,35,7,65,27,1,9,100,1.857143
2682,298,299,364,454,303,59,20,58,45,84,26,1,66,156,1.448276
2683,299,300,381,409,597,55,3,17,53,23,33,1,82,110,1.352941
2684,299,300,300,379,382,0,0,47,0,73,6,1,1,80,1.553191
2685,299,300,309,405,493,3,5,28,8,66,31,1,10,106,2.357143
2686,299,300,365,402,510,57,11,27,44,31,27,1,66,103,1.148148
2687,299,755,796,866,381,21,9,28,27,56,24,456,497,567,2.000000
2688,300,301,340,394,26,23,12,34,25,38,30,1,40,94,1.117647
2689,300,301,352,431,332,50,24,25,31,51,48,1,52,131,2.040000
2690,300,302,317,330,594,12,10,9,9,13,6,2,17,30,1.444444
2691,300,301,306,358,316,1,7,41,5,49,3,1,6,58,1.195122
2692,300,301,317,369,291,8,13,45,10,51,7,1,17,69,1.133333
2693,300,301,337,363,467,32,12,21,23,23,16,1,37,63,1.095238
2694,300,311,332,394,426,2,15,40,6,48,15,11,32,94,1.200000
2695,301,302,339,414,381,29,8,24,19,60,33,1,38,113,2.500000
2696,301,302,336,413,279,24,7,24,20,68,23,1,35,112,2.833333
2697,301,370,398,485,218,1,15,46,5,84,5,69,97,184,1.826087
2698,302,303,356,432,467,42,10,48,32,74,23,1,54,130,1.541667
2699,302,303,305,384,410,0,2,40,2,66,13,1,3,82,1.650000
2700,302,303,330,355,487,14,12,14,10,20,22,1,28,53,1.428571
2701,302,303,310,392,360,7,24,20,6,58,25,1,8,90,2.900000
2702,302,303,322,375,352,16,30,30,14,48,10,1,20,73,1.600000
2703,303,312,353,407,267,5,16,30,8,46,13,9,50,104,1.533333
2704,303,304,318,364,310,7,5,34,11,38,11,1,15,61,1.117647
2705,303,599,640,680,1,21,11,25,19,33,16,296,337,377,1.320000
2706,303,304,375,407,32,55,12,19,54,25,23,1,72,104,1.315789
2707,304,305,333,406,536,16,17,22,13,52,36,1,29,102,2.363636
2708,304,305,329,347,123,21,6,13,18,17,7,1,25,43,1.307692
2709,304,305,318,405,461,10,13,39,9,77,14,1,14,101,1.974359
2710,305,900,-1,-1,178,0,17,23,1,0,0,595,-1,-1,0.000000
2711,305,306,309,343,188,2,12,21,3,27,7,1,4,38,1.285714
2712,305,306,314,398,310,4,7,26,8,60,24,1,9,93,2.307692
2713,305,306,354,374,74,33,16,16,31,18,19,1,49,69,1.125000
2714,305,306,318,415,83,6,6,21,9,71,29,1,13,110,3.380952
2715,305,306,316,386,487,8,16,52,7,68,5,1,11,81,1.307692
2716,305,306,409,422,489,96,21,11,73,13,30,1,104,117,1.181818
2717,305,306,312,345,374,3,8,18,5,30,4,1,7,40,1.666667
2718,306,307,313,354,100,2,9,29,3,37,7,1,7,48,1.275862
2719,306,-1,-1,-1,-1,0,-1,29,0,0,0,-1,-1,-1,0.000000
2720,306,307,313,391,26,5,11,15,3,51,30,1,7,85,3.400000
2721,306,307,317,401,394,7,27,38,9,64,21,1,11,95,1.684211
2722,306,307,332,358,324,21,29,11,22,13,16,1,26,52,1.181818
2723,306,307,320,411,347,7,2,46,12,80,12,1,14,105,1.739130
2724,307,308,460,528,487,108,18,22,103,56,61,1,153,221,2.545455
2725,307,308,518,580,10,193,50,47,150,57,65,1,211,273,1.212766
2726,308,309,315,363,387,2,16,17,4,33,17,1,7,55,1.941176
2727,308,309,354,440,437,27,14,13,27,61,42,1,46,132,4.692308
2728,308,309,328,366,127,15,3,37,13,37,7,1,20,58,1.000000
2729,308,309,427,468,521,82,13,34,79,38,42,1,119,160,1.117647
2730,308,309,470,540,332,154,26,49,115,67,49,1,162,232,1.367347
2731,308,642,727,812,488,30,15,22,45,60,45,334,419,504,2.727273
2732,308,309,315,368,374,1,6,42,5,48,6,1,7,60,1.142857
2733,308,309,337,381,487,14,10,39,17,43,12,1,29,73,1.102564
2734,309,310,449,490,86,110,10,28,86,38,43,1,140,181,1.357143
2735,309,310,394,478,127,52,4,16,53,62,53,1,85,169,3.875000
2736,309,310,316,399,123,6,5,43,5,71,13,1,7,90,1.651163
2737,309,310,448,544,138,83,14,32,75,66,61,1,139,235,2.062500
2738,309,310,324,382,200,5,13,25,12,39,21,1,15,73,1.560000
2739,309,310,346,440,475,31,4,28,19,68,43,1,37,131,2.428571
2740,309,310,315,350,165,0,5,23,5,33,2,1,6,41,1.434783
2741,310,311,332,403,281,17,11,44,16,68,8,1,22,93,1.545455
2742,310,311,389,444,487,56,10,17,51,37,45,1,79,134,2.176471
2743,310,311,433,469,283,78,13,20,71,28,57,1,123,159,1.400000
2744,310,311,352,450,446,40,2,35,27,69,43,1,42,140,1.971429
2745,310,311,426,456,316,77,4,23,64,25,56,1,116,146,1.086957
2746,310,311,360,389,471,38,19,16,37,22,19,1,50,79,1.375000
2747,310,311,312,367,91,0,1,37,1,47,8,1,2,57,1.270270
2748,310,311,381,467,507,58,23,39,42,75,39,1,71,157,1.923077
2749,311,312,313,380,352,1,31,41,0,57,11,1,2,69,1.390244
2750,311,484,544,611,175,7,12,51,13,61,17,173,233,300,1.196078
2751,311,312,321,422,79,7,8,38,7,86,17,1,10,111,2.263158
2752,311,312,321,393,161,6,39,45,7,63,11,1,10,82,1.400000
2753,311,352,594,682,70,61,30,28,79,62,42,41,283,371,2.214286
2754,311,333,461,548,142,32,30,63,44,85,13,22,150,237,1.349206
2755,311,312,366,432,45,47,9,36,42,62,16,1,55,121,1.722222
2756,311,312,320,374,324,5,38,46,3,52,7,1,9,63,1.130435
2757,311,498,749,778,154,34,23,21,54,29,10,187,438,467,1.380952
2758,311,312,332,353,21,8,13,19,15,19,7,1,21,42,1.000000
2759,311,312,315,364,3,3,1,24,2,36,14,1,4,53,1.500000
2760,311,520,592,695,261,36,29,48,40,80,32,209,281,384,1.666667
2761,312,313,503,558,371,117,6,33,126,41,75,1,191,246,1.242424
2762,312,313,341,373,78,23,11,16,15,20,25,1,29,61,1.250000
2763,312,313,336,427,485,19,18,48,21,78,15,1,24,115,1.625000
2764,312,313,326,396,79,11,7,37,13,59,11,1,14,84,1.594595
2765,312,313,486,564,3,147,2,41,130,73,48,1,174,252,1.780488
2766,312,313,383,424,487,51,12,22,37,36,38,1,71,112,1.636364
2767,312,313,322,393,62,5,21,42,7,56,17,1,10,81,1.333333
2768,312,761,812,891,315,34,16,25,34,53,40,449,500,579,2.120000
2769,312,313,317,363,127,2,3,24,4,42,4,1,5,51,1.750000
2770,313,314,328,393,332,12,23,51,12,61,6,1,15,80,1.196078
2771,313,314,318,368,234,1,11,21,3,37,14,1,5,55,1.761905
2772,313,370,400,439,309,0,4,25,3,33,10,57,87,126,1.320000
2773,313,376,433,504,310,10,17,44,11,56,30,63,120,191,1.272727
2774,313,314,315,389,439,0,1,54,1,60,14,1,2,76,1.111111
2775,313,314,344,407,67,14,14,44,19,50,24,1,31,94,1.136364
2776,313,314,347,433,311,27,4,26,27,72,20,1,34,120,2.769231
2777,313,316,417,497,86,80,6,37,51,75,42,3,104,184,2.027027
2778,314,315,343,367,390,6,14,11,17,21,14,1,29,53,1.909091
2779,314,315,336,373,142,10,36,28,19,36,3,1,22,59,1.285714
2780,314,315,325,378,104,9,9,30,9,48,6,1,11,64,1.600000
2781,314,315,351,418,196,16,13,36,25,56,22,1,37,104,1.555556
2782,314,315,383,424,79,51,5,21,51,31,27,1,69,110,1.476190
2783,315,316,437,451,467,88,4,11,89,11,35,1,122,136,1.000000
2784,315,316,320,367,482,2,13,23,3,33,15,1,5,52,1.434783
2785,315,316,340,385,127,10,3,21,15,35,19,1,25,70,1.666667
2786,315,316,321,379,79,2,5,28,5,50,8,1,6,64,1.785714
2787,315,316,323,389,18,5,33,43,5,55,13,1,8,74,1.279070
2788,315,332,432,502,256,12,20,47,20,63,13,17,117,187,1.340426
2789,315,316,392,439,381,65,4,32,57,44,22,1,77,124,1.375000
2790,316,317,328,404,78,7,12,21,8,57,22,1,12,88,2.714286
2791,316,317,319,371,521,2,16,22,1,34,19,1,3,55,1.545455
2792,316,320,373,455,86,28,4,25,29,49,46,4,57,139,1.960000
2793,316,762,811,893,234,33,29,36,32,66,25,446,495,577,1.833333
2794,316,322,324,395,86,2,2,41,1,67,5,6,8,79,1.634146
2795,316,762,792,849,450,14,22,45,17,55,4,446,476,533,1.222222
2796,316,317,319,395,171,2,2,21,2,57,19,1,3,79,2.714286
2797,317,318,341,405,196,10,13,30,19,48,20,1,24,88,1.600000
2798,317,318,323,382,537,3,3,23,2,45,17,1,6,65,1.956522
2799,317,318,466,520,210,91,6,40,92,48,62,1,149,203,1.200000
2800,317,318,323,399,262,2,3,25,5,63,13,1,6,82,2.520000
2801,317,322,401,455,352,76,18,14,55,46,32,5,84,138,3.285714
2802,317,520,614,641,212,29,32,23,38,25,11,203,297,324,1.086957
2803,318,642,696,781,29,17,17,59,19,79,20,324,378,463,1.338983
2804,318,319,361,399,521,33,15,24,33,32,15,1,43,81,1.333333
2805,318,319,324,417,352,4,30,41,4,75,19,1,6,99,1.829268
2806,318,376,414,452,550,3,9,15,4,27,13,58,96,134,1.800000
2807,319,328,380,460,566,4,19,49,12,65,17,9,61,141,1.326531
2808,319,320,340,420,261,1,8,25,13,57,29,1,21,101,2.280000
2809,319,320,355,389,277,21,13,29,20,31,18,1,36,70,1.068966
2810,320,321,340,409,510,16,8,16,11,54,23,1,20,89,3.375000
2811,320,608,654,735,550,21,33,47,21,73,17,288,334,415,1.553191
2812,320,321,401,435,104,73,1,21,54,29,31,1,81,115,1.380952
2813,320,321,323,340,148,1,11,13,2,13,4,1,3,20,1.000000
2814,320,344,354,455,595,2,8,33,8,71,31,24,34,135,2.151515
2815,321,322,347,436,398,8,16,30,9,76,18,1,26,115,2.533333
2816,321,322,322,386,395,0,0,32,0,54,10,1,1,65,1.687500
2817,321,344,436,486,372,34,9,26,46,34,35,23,115,165,1.307692
2818,321,322,333,421,277,6,11,27,10,55,34,1,12,100,2.037037
2819,322,642,698,763,462,20,20,18,32,50,18,320,376,441,2.777778
2820,322,762,786,846,479,9,29,43,11,57,5,440,464,524,1.325581
2821,322,323,324,409,295,1,18,36,1,60,25,1,2,87,1.666667
2822,322,323,344,424,590,19,3,53,15,75,11,1,22,102,1.415094
2823,322,323,381,462,542,19,10,18,43,48,48,1,59,140,2.666667
2824,322,323,344,381,521,17,13,26,11,32,15,1,22,59,1.230769
2825,322,323,414,462,398,69,17,15,59,39,29,1,92,140,2.600000
2826,322,520,622,723,227,26,25,43,43,81,26,198,300,401,1.883721
2827,322,323,325,414,561,0,2,37,2,69,20,1,3,92,1.864865
2828,323,324,401,442,562,71,40,24,57,38,23,1,78,119,1.583333
2829,324,325,373,398,267,42,10,16,33,20,20,1,49,74,1.250000
2830,324,325,342,379,176,9,11,16,12,32,10,1,18,55,2.000000
2831,324,325,362,434,576,29,10,44,28,62,17,1,38,110,1.409091
2832,324,325,339,414,463,7,17,25,4,65,17,1,15,90,2.600000
2833,325,326,715,787,392,311,18,34,261,64,136,1,390,462,1.882353
2834,325,326,351,364,54,18,33,10,19,12,7,1,26,39,1.200000
2835,325,326,423,451,7,77,5,17,67,25,33,1,98,126,1.470588
2836,325,326,468,489,507,111,11,15,100,17,46,1,143,164,1.133333
2837,325,326,360,393,366,34,15,18,24,26,17,1,35,68,1.444444
2838,325,326,345,431,269,15,15,30,12,62,31,1,20,106,2.066667
2839,325,326,328,396,303,0,2,29,2,57,11,1,3,71,1.965517
2840,326,596,602,689,184,4,4,21,6,75,12,270,276,363,3.571429
2841,326,327,668,697,302,280,18,8,220,20,130,1,342,371,2.500000
2842,326,327,352,395,468,14,7,33,20,35,13,1,26,69,1.060606
2843,326,485,552,586,175,8,13,21,11,29,14,159,226,260,1.380952
2844,327,328,384,453,399,44,16,30,32,64,29,1,57,126,2.133333
2845,327,328,351,372,428,20,10,13,11,19,14,1,24,45,1.461538
2846,327,328,344,398,13,9,25,17,11,41,18,1,17,71,2.411765
2847,327,328,353,388,54,19,14,21,21,31,8,1,26,61,1.476190
2848,327,353,376,401,486,9,9,15,12,21,4,26,49,74,1.400000
2849,327,328,498,567,498,158,54,38,123,60,56,1,171,240,1.578947
2850,328,329,406,497,231,76,14,30,55,70,43,1,78,169,2.333333
2851,328,453,511,598,179,9,27,50,20,78,12,125,183,270,1.560000
2852,328,329,330,397,49,0,1,43,1,63,4,1,2,69,1.465116
2853,328,329,348,428,399,15,16,11,13,57,29,1,20,100,5.181818
2854,328,329,338,402,329,7,9,25,6,45,22,1,10,74,1.800000
2855,328,329,343,432,101,14,13,25,4,59,40,1,15,104,2.360000
2856,329,330,413,505,55,64,15,31,60,85,30,1,84,176,2.741935
2857,329,346,391,474,406,19,16,24,25,66,25,17,62,145,2.750000
2858,329,330,352,439,385,18,12,29,16,71,22,1,23,110,2.448276
2859,329,330,359,390,329,19,9,13,18,21,21,1,30,61,1.615385
2860,329,330,417,452,577,50,10,22,48,32,21,1,88,123,1.454545
2861,329,330,339,378,521,5,21,39,4,39,5,1,10,49,1.000000
2862,329,330,352,375,502,13,13,14,13,18,14,1,23,46,1.285714
2863,329,330,392,416,432,28,14,16,25,22,37,1,63,87,1.375000
2864,329,330,334,437,224,1,5,43,4,87,16,1,5,108,2.023256
2865,329,330,978,-1,58,310,19,50,408,20,242,1,649,-1,0.400000
2866,329,348,371,458,543,4,8,29,8,65,22,19,42,129,2.241379
2867,329,330,340,370,447,3,3,24,10,26,4,1,11,41,1.083333
2868,330,356,456,534,92,26,31,61,34,75,10,26,126,204,1.229508
2869,330,331,341,379,535,7,3,21,6,27,15,1,11,49,1.285714
2870,330,331,331,377,214,0,0,34,0,42,4,1,1,47,1.235294
2871,330,331,371,423,367,15,11,34,20,48,13,1,41,93,1.411765
2872,330,331,331,358,485,0,0,20,0,22,5,1,1,28,1.100000
2873,330,331,452,474,510,102,5,20,82,22,39,1,122,144,1.100000
2874,330,331,347,423,462,7,11,19,13,49,30,1,17,93,2.578947
2875,331,332,345,412,155,7,5,11,12,53,15,1,14,81,4.818182
2876,331,332,352,413,535,16,2,45,12,59,10,1,21,82,1.311111
2877,331,332,355,443,176,14,10,19,15,69,27,1,24,112,3.631579
2878,331,332,347,357,200,11,8,9,9,9,7,1,16,26,1.000000
2879,331,332,345,433,0,6,14,25,11,67,23,1,14,102,2.680000
2880,331,332,438,494,142,104,20,42,72,52,38,1,107,163,1.238095
2881,331,332,347,422,261,7,11,47,10,65,15,1,16,91,1.382979
2882,331,332,469,520,521,103,9,34,79,48,61,1,138,189,1.411765
2883,332,333,380,451,0,32,13,37,34,57,27,1,48,119,1.540541
2884,332,354,357,394,381,1,3,14,2,32,5,22,25,62,2.285714
2885,332,366,494,517,52,89,15,14,79,20,45,34,162,185,1.428571
2886,332,336,392,483,32,43,16,27,37,75,35,4,60,151,2.777778
2887,332,333,370,438,340,20,11,26,32,52,21,1,38,106,2.000000
2888,332,336,358,429,404,16,22,17,13,55,25,4,26,97,3.235294
2889,332,333,359,391,488,14,16,23,11,31,16,1,27,59,1.347826
2890,332,527,771,834,130,31,18,42,52,52,25,195,439,502,1.238095
2891,332,542,796,867,42,9,23,54,31,64,16,210,464,535,1.185185
2892,332,333,405,474,63,30,13,31,32,51,32,1,73,142,1.645161
2893,333,334,401,496,545,35,16,43,30,77,32,1,68,163,1.790698
2894,333,334,401,437,340,54,16,23,45,27,31,1,68,104,1.173913
2895,333,334,338,403,338,4,11,49,2,61,6,1,5,70,1.244898
2896,333,762,805,862,503,24,23,20,23,42,22,429,472,529,2.100000
2897,333,334,352,406,548,7,9,44,14,52,6,1,19,73,1.181818
2898,333,334,393,430,283,49,15,19,44,27,25,1,60,97,1.421053
2899,333,334,395,407,433,52,14,12,42,12,19,1,62,74,1.000000
2900,333,762,861,936,206,52,30,44,56,62,40,429,528,603,1.409091
2901,334,335,443,476,21,86,7,25,77,31,33,1,109,142,1.240000
2902,334,335,390,467,545,26,16,30,24,54,33,1,56,133,1.800000
2903,334,400,427,503,310,8,16,42,6,68,17,66,93,169,1.619048
2904,334,762,797,880,197,14,21,50,18,78,7,428,463,546,1.560000
2905,334,335,356,402,42,15,5,22,13,40,14,1,22,68,1.818182
2906,334,335,348,411,163,11,2,8,8,48,20,1,14,77,6.000000
2907,335,356,448,502,566,20,28,46,20,48,13,21,113,167,1.043478
2908,335,336,409,485,437,70,10,50,42,74,33,1,74,150,1.480000
2909,335,336,350,386,163,13,1,16,12,26,12,1,15,51,1.625000
2910,335,336,378,428,340,31,14,14,31,40,21,1,43,93,2.857143
2911,336,337,352,386,45,6,14,11,11,27,11,1,16,50,2.454545
2912,336,337,450,464,437,94,12,13,81,13,33,1,114,128,1.000000
2913,336,337,375,423,320,30,19,28,32,46,8,1,39,87,1.642857
2914,336,337,402,439,97,55,14,13,43,29,30,1,66,103,2.230769
2915,336,337,353,375,146,7,4,13,14,21,3,1,17,39,1.615385
2916,337,338,340,409,387,1,23,22,2,48,21,1,3,72,2.181818
2917,337,338,360,434,167,22,20,49,16,73,7,1,23,97,1.489796
2918,337,338,341,420,515,3,9,23,3,65,14,1,4,83,2.826087
2919,337,527,757,819,234,22,11,35,33,53,19,190,420,482,1.514286
2920,337,343,388,457,406,30,12,38,40,64,10,6,51,120,1.684211
2921,338,608,698,785,8,38,20,47,41,67,31,270,360,447,1.425532
2922,338,486,574,645,357,10,11,29,26,55,23,148,236,307,1.896552
2923,338,339,445,506,502,72,12,28,69,48,50,1,107,168,1.714286
2924,338,491,559,643,568,8,13,48,12,78,9,153,221,305,1.625000
2925,338,339,344,426,521,0,5,19,5,57,25,1,6,88,3.000000
2926,338,597,604,682,184,4,5,54,7,70,8,259,266,344,1.296296
2927,339,366,392,440,283,11,11,34,12,40,12,27,53,101,1.176471
2928,339,341,416,482,176,36,14,21,37,47,43,2,77,143,2.238095
2929,339,340,486,558,20,99,48,54,77,68,41,1,147,219,1.259259
2930,339,340,363,444,101,20,4,26,17,60,27,1,24,105,2.307692
2931,340,341,367,408,241,25,4,30,19,40,8,1,27,68,1.333333
2932,340,341,347,398,9,6,13,14,5,34,18,1,7,58,2.428571
2933,340,341,360,442,101,8,8,24,10,56,35,1,20,102,2.333333
2934,340,341,399,490,208,56,21,39,44,71,34,1,59,150,1.820513
2935,340,341,355,419,252,11,15,45,11,59,8,1,15,79,1.311111
2936,340,341,396,457,523,35,20,51,36,59,21,1,56,117,1.156863
2937,341,368,373,424,591,0,5,38,3,50,1,27,32,83,1.315789
2938,341,342,395,432,194,34,26,14,33,22,26,1,54,91,1.571429
2939,341,342,342,384,468,0,0,12,0,26,16,1,1,43,2.166667
2940,342,343,378,413,98,33,29,30,25,34,11,1,36,71,1.133333
2941,342,527,787,835,276,30,20,27,46,43,25,185,445,493,1.592593
2942,342,343,343,429,155,0,0,39,0,63,23,1,1,87,1.615385
2943,342,491,782,857,340,132,16,29,145,61,75,149,440,515,2.103448
2944,343,609,697,747,543,29,33,20,32,40,17,266,354,404,2.000000
2945,343,610,699,737,252,28,28,18,24,24,26,267,356,394,1.333333
2946,343,344,363,434,265,7,11,39,15,59,16,1,20,91,1.512821
2947,343,344,482,540,20,91,49,19,82,51,30,1,139,197,2.684211
2948,343,345,415,448,135,41,12,18,35,28,39,2,72,105,1.555556
2949,343,344,368,439,322,16,10,47,17,67,11,1,25,96,1.425532
2950,343,344,374,467,437,23,5,36,24,74,25,1,31,124,2.055556
2951,344,345,397,463,284,36,49,18,48,48,22,1,53,119,2.666667
2952,344,345,370,436,218,21,19,48,20,60,11,1,26,92,1.250000
2953,344,366,374,430,84,7,12,48,8,54,2,22,30,86,1.125000
2954,344,345,402,428,569,47,18,20,41,20,22,1,58,84,1.000000
2955,344,345,407,481,18,60,20,21,45,53,38,1,63,137,2.523810
2956,344,345,398,448,340,36,16,31,37,41,25,1,54,104,1.322581
2957,344,-1,-1,-1,-1,0,-1,24,0,0,0,-1,-1,-1,0.000000
2958,344,345,433,501,99,31,5,38,60,64,32,1,89,157,1.684211
2959,345,346,436,490,340,69,16,32,64,52,28,1,91,145,1.625000
2960,345,346,398,480,335,50,22,40,36,74,24,1,53,135,1.850000
2961,345,346,413,486,320,65,15,32,49,60,31,1,68,141,1.875000
2962,345,346,351,400,43,5,5,17,1,31,22,1,6,55,1.823529
2963,345,491,621,701,411,32,18,23,36,51,42,146,276,356,2.217391
2964,345,346,356,441,265,2,9,43,10,67,18,1,11,96,1.558140
2965,345,-1,-1,-1,-1,0,-1,16,0,0,0,-1,-1,-1,0.000000
2966,345,346,405,480,18,47,26,58,48,70,16,1,60,135,1.206897
2967,345,367,381,425,84,13,11,16,9,32,17,22,36,80,2.000000
2968,345,346,365,387,252,3,9,13,14,19,4,1,20,42,1.461538
2969,346,347,355,432,99,5,5,24,5,66,14,1,9,86,2.750000
2970,346,544,597,653,91,13,10,33,24,53,9,198,251,307,1.606061
2971,346,347,348,387,204,0,1,22,1,32,7,1,2,41,1.454545
2972,346,347,405,485,39,43,12,23,45,57,36,1,59,139,2.478261
2973,346,347,416,470,589,48,10,42,48,50,25,1,70,124,1.190476
2974,346,347,348,410,571,1,12,11,1,49,13,1,2,64,4.454545
2975,346,347,348,404,506,0,1,41,1,51,5,1,2,58,1.243902
2976,346,347,552,623,430,182,11,25,128,47,101,1,206,277,1.880000
2977,347,353,415,492,141,30,12,60,34,74,12,6,68,145,1.233333
2978,347,348,451,514,301,50,3,38,72,44,50,1,104,167,1.157895
2979,347,-1,-1,-1,-1,0,-1,11,0,0,0,-1,-1,-1,0.000000
2980,347,348,595,686,12,227,20,42,188,78,72,1,248,339,1.857143
2981,347,348,400,423,496,41,13,7,31,19,25,1,53,76,2.714286
2982,347,663,736,798,407,35,23,46,34,52,36,316,389,451,1.130435
2983,347,348,362,435,174,9,7,51,10,69,8,1,15,88,1.352941
2984,347,521,678,733,455,24,30,30,50,40,22,174,331,386,1.333333
2985,348,349,401,485,381,25,8,42,31,66,35,1,53,137,1.571429
2986,348,349,419,502,454,58,14,25,46,61,46,1,71,154,2.440000
2987,348,349,363,444,571,8,16,27,10,73,12,1,15,96,2.703704
2988,349,350,377,421,32,23,12,30,19,36,16,1,28,72,1.200000
2989,349,350,353,433,45,3,14,42,2,68,13,1,4,84,1.619048
2990,349,350,502,567,320,136,12,56,99,62,56,1,153,218,1.107143
2991,350,610,692,739,538,16,32,34,17,44,7,260,342,389,1.294118
2992,350,351,360,398,404,7,12,21,6,25,16,1,10,48,1.190476
2993,350,763,807,845,280,23,24,26,21,28,17,413,457,495,1.076923
2994,351,352,367,448,411,10,15,32,11,80,5,1,16,97,2.500000
2995,351,367,479,489,109,45,19,8,60,8,29,16,128,138,1.000000
2996,351,367,385,416,54,6,22,21,10,27,5,16,34,65,1.285714
2997,352,353,355,436,301,0,2,19,2,57,24,1,3,84,3.000000
2998,352,353,410,497,70,51,18,45,39,77,28,1,58,145,1.711111
2999,353,354,460,506,167,60,12,17,68,35,49,1,107,153,2.058824
3000,353,354,364,445,504,3,12,29,7,55,29,1,11,92,1.896552
3001,353,354,368,452,411,10,14,26,9,72,17,1,15,99,2.769231
3002,353,354,357,446,175,2,10,47,3,77,12,1,4,93,1.638298
3003,353,354,361,448,558,4,10,15,6,45,43,1,8,95,3.000000
3004,353,354,373,461,416,13,3,46,17,72,18,1,20,108,1.565217
3005,353,366,467,518,187,69,10,24,67,48,25,13,114,165,2.000000
3006,353,354,368,440,119,11,6,11,9,55,22,1,15,87,5.000000
3007,354,355,362,447,267,7,4,40,4,72,16,1,8,93,1.800000
3008,354,355,408,448,504,40,13,38,38,38,17,1,54,94,1.000000
3009,354,355,372,439,370,5,6,30,15,60,9,1,18,85,2.000000
3010,354,355,435,460,173,53,11,17,50,23,32,1,81,106,1.352941
3011,354,356,450,524,390,18,32,35,17,63,18,2,96,170,1.800000
3012,354,368,378,458,589,6,10,41,8,69,12,14,24,104,1.682927
3013,354,355,361,431,222,1,6,47,6,63,7,1,7,77,1.340426
3014,354,355,375,476,340,15,15,32,14,78,29,1,21,122,2.437500
3015,354,355,423,457,266,56,12,20,50,30,22,1,69,103,1.500000
3016,355,356,455,519,295,95,18,30,71,56,36,1,100,164,1.866667
3017,355,356,407,482,558,35,50,46,38,74,14,1,52,127,1.608696
3018,355,356,370,440,583,14,12,32,9,50,25,1,15,85,1.562500
3019,355,356,365,437,33,8,12,29,6,57,18,1,10,82,1.965517
3020,355,439,470,540,174,6,12,24,14,54,19,84,115,185,2.250000
3021,355,356,368,464,579,3,11,41,11,67,30,1,13,109,1.634146
3022,356,357,368,445,98,4,13,36,6,70,12,1,12,89,1.944444
3023,356,357,382,416,182,17,9,25,18,27,14,1,26,60,1.080000
3024,357,358,480,503,544,102,3,11,91,19,35,1,123,146,1.727273
3025,357,358,426,460,589,55,12,22,44,28,30,1,69,103,1.272727
3026,357,358,361,403,132,3,14,19,3,33,9,1,4,46,1.736842
3027,358,359,369,414,182,1,11,41,8,41,6,1,11,56,1.000000
3028,358,359,382,471,562,17,46,42,20,74,18,1,24,113,1.761905
3029,358,359,363,447,222,0,4,42,4,68,16,1,5,89,1.619048
3030,358,359,363,412,422,1,6,23,4,33,16,1,5,54,1.434783
3031,358,361,400,485,218,30,43,51,32,79,9,3,42,127,1.549020
3032,358,365,420,474,459,33,11,30,31,44,32,7,62,116,1.466667
3033,358,359,424,442,337,52,7,13,53,17,13,1,66,84,1.307692
3034,358,359,373,442,129,11,14,25,9,49,25,1,15,84,1.960000
3035,358,359,387,469,143,21,6,22,13,68,29,1,29,111,3.090909
3036,359,360,376,465,4,14,19,54,14,84,7,1,17,106,1.555556
3037,359,360,440,453,221,55,9,9,46,11,36,1,81,94,1.222222
3038,359,360,386,454,173,12,10,37,17,61,16,1,27,95,1.648649
3039,359,360,411,467,449,40,14,19,39,45,23,1,52,108,2.368421
3040,359,360,381,454,31,18,15,13,11,45,38,1,22,95,3.461538
3041,359,360,361,403,266,1,11,11,0,25,18,1,2,44,2.272727
3042,359,360,369,424,458,8,25,33,8,43,13,1,10,65,1.303030
3043,360,361,404,457,21,33,3,37,33,51,12,1,44,97,1.378378
3044,360,361,403,472,334,10,4,38,31,56,20,1,43,112,1.473684
3045,360,361,415,443,392,37,59,19,40,27,11,1,55,83,1.421053
3046,360,531,643,716,59,19,33,58,24,68,11,171,283,356,1.172414
3047,361,362,384,460,175,8,14,41,16,63,15,1,23,99,1.536585
3048,361,364,416,447,135,37,13,20,31,28,23,3,55,86,1.400000
3049,362,366,410,476,408,23,9,42,24,58,12,4,48,114,1.380952
3050,362,364,385,470,221,12,12,18,10,64,28,2,23,108,3.555556
3051,362,363,364,420,107,0,1,33,1,51,5,1,2,58,1.545455
3052,363,364,386,480,370,16,4,13,13,65,38,1,23,117,5.000000
3053,363,364,364,396,119,0,0,20,0,24,8,1,1,33,1.200000
3054,363,364,396,462,313,27,20,44,26,60,12,1,33,99,1.363636
3055,363,540,701,792,581,28,29,50,36,74,29,177,338,429,1.480000
3056,363,663,768,842,160,37,28,29,44,57,37,300,405,479,1.965517
3057,363,-1,-1,-1,-1,0,-1,26,0,0,0,-1,-1,-1,0.000000
3058,364,365,366,443,286,0,1,56,1,72,5,1,2,79,1.285714
3059,364,365,393,462,470,21,40,43,19,65,13,1,29,98,1.511628
3060,364,365,438,500,419,57,3,25,54,39,42,1,74,136,1.560000
3061,364,365,379,408,562,11,16,14,10,20,13,1,15,44,1.428571
3062,364,365,533,607,218,141,15,23,120,49,73,1,169,243,2.130435
3063,364,365,397,452,458,27,25,15,27,41,19,1,33,88,2.733333
3064,364,366,389,457,398,9,22,15,16,47,23,2,25,93,3.133333
3065,364,365,375,464,411,6,17,40,8,82,9,1,11,100,2.050000
3066,364,365,382,407,324,16,11,16,5,22,15,1,18,43,1.375000
3067,364,365,367,450,492,1,54,28,2,62,21,1,3,86,2.214286
3068,364,365,386,469,391,17,15,34,11,78,15,1,22,105,2.294118
3069,364,365,368,443,392,0,3,20,3,64,11,1,4,79,3.200000
3070,365,366,374,441,135,7,10,49,3,65,7,1,9,76,1.326531
3071,365,366,390,464,218,16,18,32,18,62,18,1,25,99,1.937500
3072,365,366,468,545,221,64,12,32,63,64,48,1,103,180,2.000000
3073,365,366,503,547,370,126,5,37,86,41,54,1,138,182,1.108108
3074,365,366,437,490,167,59,18,40,47,48,29,1,72,125,1.200000
3075,366,367,371,436,19,2,13,28,4,52,13,1,5,70,1.857143
3076,366,367,371,462,230,4,17,14,2,54,39,1,5,96,3.857143
3077,366,367,367,412,219,0,0,31,0,43,2,1,1,46,1.387097
3078,367,368,408,481,20,37,9,49,29,67,17,1,41,114,1.367347
3079,367,370,380,416,182,1,8,21,7,29,7,3,13,49,1.380952
3080,367,368,388,420,459,11,8,17,8,25,18,1,21,53,1.470588
3081,367,369,398,442,227,25,27,22,22,30,21,2,31,75,1.363636
3082,367,368,464,532,442,52,16,48,60,64,40,1,97,165,1.333333
3083,367,368,392,459,164,20,11,22,18,48,25,1,25,92,2.181818
3084,367,368,372,400,513,1,37,24,4,24,4,1,5,33,1.000000
3085,368,-1,-1,-1,-1,0,-1,53,0,0,0,-1,-1,-1,0.000000
3086,368,444,488,532,461,4,8,27,23,37,8,76,120,164,1.370370
3087,368,527,803,885,254,23,17,52,37,74,22,159,435,517,1.423077
3088,368,369,370,460,461,1,8,24,0,60,31,1,2,92,2.500000
3089,368,541,700,793,402,16,17,53,27,81,19,173,332,425,1.528302
3090,368,400,620,677,259,92,18,26,97,50,56,32,252,309,1.923077
3091,368,369,536,609,347,155,15,53,126,71,43,1,168,241,1.339623
3092,368,369,395,443,151,20,21,15,23,39,12,1,27,75,2.600000
3093,368,369,379,460,454,8,11,29,9,79,3,1,11,92,2.724138
3094,368,369,371,428,72,2,9,38,1,52,6,1,3,60,1.368421
3095,368,369,545,579,167,160,18,24,139,32,39,1,177,211,1.333333
3096,369,370,376,481,280,4,50,38,5,72,34,1,7,112,1.894737
3097,369,469,551,595,255,20,31,35,23,43,11,100,182,226,1.228571
3098,369,370,488,518,167,104,19,17,86,25,37,1,119,149,1.470588
3099,369,370,370,445,117,0,0,22,0,56,19,1,1,76,2.545455
3100,369,370,394,418,72,21,9,16,17,20,11,1,25,49,1.250000
3101,369,370,399,436,449,28,16,29,15,33,18,1,30,67,1.137931
3102,369,370,393,465,134,13,12,39,16,71,8,1,24,96,1.820513
3103,369,610,688,700,13,12,31,12,9,12,7,241,319,331,1.000000
3104,369,370,491,559,33,112,52,38,91,52,46,1,122,190,1.368421
3105,370,371,399,456,448,16,23,36,25,50,10,1,29,86,1.388889
3106,370,610,701,784,414,15,20,35,19,61,26,240,331,414,1.742857
3107,370,371,447,513,355,49,17,39,47,51,44,1,77,143,1.307692
3108,370,371,375,426,69,2,18,37,3,43,9,1,5,56,1.162162
3109,371,372,483,548,295,73,25,57,68,63,24,1,112,177,1.105263
3110,371,372,376,441,100,0,4,32,4,52,13,1,5,70,1.625000
3111,371,463,479,549,173,3,7,38,8,54,18,92,108,178,1.421053
3112,371,372,401,480,501,18,4,29,23,73,12,1,30,109,2.517241
3113,371,763,860,928,254,47,20,49,50,61,33,392,489,557,1.244898
3114,372,373,382,423,292,5,11,25,6,35,9,1,10,51,1.400000
3115,372,373,397,471,225,18,13,25,17,63,18,1,25,99,2.520000
3116,372,373,514,584,295,115,13,18,101,58,52,1,142,212,3.222222
3117,372,373,447,516,553,57,16,56,39,66,34,1,75,144,1.178571
3118,372,373,408,470,541,21,16,23,25,41,30,1,36,98,1.782609
3119,372,373,415,496,167,31,23,36,30,72,21,1,43,124,2.000000
3120,373,374,383,483,17,6,23,37,6,93,10,1,10,110,2.513514
3121,373,374,378,425,320,1,13,35,3,45,3,1,5,52,1.285714
3122,373,374,374,461,290,0,0,24,0,56,31,1,1,88,2.333333
3123,373,541,703,725,262,17,33,17,26,17,13,168,330,352,1.000000
3124,373,374,379,405,81,5,15,17,5,23,3,1,6,32,1.352941
3125,373,374,387,466,355,8,13,21,12,57,23,1,14,93,2.714286
3126,373,491,618,658,308,22,14,24,24,32,16,118,245,285,1.333333
3127,373,381,410,457,541,18,13,34,19,42,14,8,37,84,1.235294
3128,373,384,398,443,522,9,6,28,12,42,5,11,25,70,1.500000
3129,373,374,378,417,193,3,1,21,2,29,12,1,5,44,1.380952
3130,374,375,394,409,172,11,12,9,14,13,7,1,20,35,1.444444
3131,374,491,613,692,292,18,21,56,22,74,10,117,239,318,1.321429
3132,374,375,490,545,435,107,5,28,78,36,56,1,116,171,1.285714
3133,374,663,771,798,30,33,27,15,40,23,22,289,397,424,1.533333
3134,374,378,488,534,8,72,14,28,72,44,20,4,114,160,1.571429
3135,374,375,404,452,458,18,21,26,17,44,11,1,30,78,1.692308
3136,375,376,389,448,411,9,11,17,11,41,20,1,14,73,2.411765
3137,375,376,418,490,391,34,4,13,34,53,27,1,43,115,4.076923
3138,375,376,393,471,597,12,40,55,13,75,7,1,18,96,1.363636
3139,375,376,436,460,297,28,17,13,36,19,29,1,61,85,1.461538
3140,375,376,442,509,31,40,16,44,47,56,30,1,67,134,1.272727
3141,375,600,609,653,506,1,11,26,3,36,11,225,234,278,1.384615
3142,375,376,400,414,582,16,10,9,14,11,13,1,25,39,1.222222
3143,376,763,798,859,180,14,38,30,12,54,13,387,422,483,1.800000
3144,376,377,641,749,109,78,13,21,192,75,105,1,265,373,3.571429
3145,376,-1,-1,-1,-1,0,-1,54,0,0,0,-1,-1,-1,0.000000
3146,376,377,379,415,340,0,2,27,2,33,3,1,3,39,1.222222
3147,377,384,395,488,74,5,9,31,8,67,28,7,18,111,2.161290
3148,377,378,378,434,182,0,0,40,0,54,2,1,1,57,1.350000
3149,377,378,472,510,435,91,2,15,65,25,42,1,95,133,1.666667
3150,377,378,391,471,76,5,19,28,7,60,26,1,14,94,2.142857
3151,377,378,390,453,513,12,21,31,8,55,12,1,13,76,1.774194
3152,377,378,462,497,78,52,12,23,65,31,23,1,85,120,1.347826
3153,378,610,718,791,50,23,30,29,25,43,38,232,340,413,1.482759
3154,378,379,398,473,491,18,20,22,16,52,26,1,20,95,2.363636
3155,378,379,393,470,229,9,2,33,13,71,7,1,15,92,2.151515
3156,378,379,385,445,144,3,8,23,5,53,8,1,7,67,2.304348
3157,378,379,394,476,191,12,19,32,6,70,21,1,16,98,2.187500
3158,378,542,856,934,262,7,28,46,17,58,23,164,478,556,1.260870
3159,379,380,406,459,299,23,15,14,19,40,20,1,27,80,2.857143
3160,379,380,501,515,19,82,7,13,78,13,44,1,122,136,1.000000
3161,379,380,453,520,37,30,12,31,48,53,39,1,74,141,1.709677
3162,379,380,395,436,270,12,21,25,11,33,12,1,16,57,1.320000
3163,379,381,395,458,68,3,10,16,14,40,23,2,16,79,2.500000
3164,379,380,399,481,20,10,8,43,14,75,12,1,20,102,1.744186
3165,379,380,385,461,458,1,14,25,5,63,13,1,6,82,2.520000
3166,379,380,425,502,404,40,11,35,28,69,25,1,46,123,1.971429
3167,379,380,400,467,313,15,15,44,15,66,6,1,21,88,1.500000
3168,380,381,521,587,122,121,20,35,97,45,64,1,141,207,1.285714
3169,380,381,387,401,175,6,8,13,5,13,2,1,7,21,1.000000
3170,380,381,386,403,470,4,9,12,3,14,5,1,6,23,1.166667
3171,380,763,847,869,262,45,24,18,34,20,28,383,467,489,1.111111
3172,380,381,385,430,435,3,2,27,2,43,4,1,5,50,1.592593
3173,381,388,407,456,542,15,4,39,17,47,4,7,26,75,1.205128
3174,381,382,387,443,393,2,21,41,4,51,6,1,6,62,1.243902
3175,381,382,390,424,404,4,7,20,6,28,8,1,9,43,1.400000
3176,381,382,386,455,467,0,4,53,4,67,2,1,5,74,1.264151
3177,381,382,401,433,488,10,16,17,8,27,16,1,20,52,1.588235
3178,381,382,431,497,491,43,19,41,36,55,24,1,50,116,1.341463
3179,381,527,799,862,134,18,19,47,29,53,22,146,418,481,1.127660
3180,382,383,383,412,266,0,0,22,0,26,3,1,1,30,1.181818
3181,382,383,447,517,102,50,25,44,38,66,30,1,65,135,1.500000
3182,382,383,412,470,488,17,32,46,17,52,11,1,30,88,1.130435
3183,382,383,397,451,98,8,22,47,8,49,11,1,15,69,1.042553
3184,382,383,454,497,225,39,13,33,48,39,27,1,72,115,1.181818
3185,382,624,633,731,476,2,20,41,4,85,15,242,251,349,2.073171
3186,383,384,396,479,292,9,3,32,11,70,14,1,13,96,2.187500
3187,383,391,562,620,6,69,5,39,86,47,56,8,179,237,1.205128
3188,383,384,440,522,44,28,13,22,37,68,33,1,57,139,3.090909
3189,383,-1,-1,-1,-1,0,-1,29,0,0,0,-1,-1,-1,0.000000
3190,383,-1,-1,-1,-1,0,-1,26,0,0,0,-1,-1,-1,0.000000
3191,383,384,452,489,173,55,7,28,42,34,29,1,69,106,1.214286
3192,384,386,390,480,79,0,4,33,4,65,25,2,6,96,1.969697
3193,384,385,397,481,176,5,10,31,7,65,24,1,13,97,2.096774
3194,384,385,458,525,78,51,13,18,47,46,47,1,74,141,2.555556
3195,384,385,439,508,129,35,16,16,39,46,38,1,55,124,2.875000
3196,385,386,422,494,202,20,8,46,19,64,22,1,37,109,1.391304
3197,385,386,410,471,72,21,9,37,19,57,9,1,25,86,1.540541
3198,385,386,426,456,398,32,11,23,29,25,16,1,41,71,1.086957
3199,385,386,456,509,455,43,7,35,43,47,29,1,71,124,1.342857
3200,386,387,403,459,494,3,13,46,13,46,13,1,17,73,1.000000
3201,386,388,439,481,105,38,6,30,34,42,16,2,53,95,1.400000
3202,386,419,444,496,511,3,6,34,16,46,12,33,58,110,1.352941
3203,386,387,401,460,78,5,14,25,7,53,13,1,15,74,2.120000
3204,386,387,470,520,173,71,5,26,54,42,37,1,84,134,1.615385
3205,387,388,389,457,488,1,16,18,1,50,18,1,2,70,2.777778
3206,387,388,451,476,431,46,16,20,45,24,19,1,64,89,1.200000
3207,387,388,392,468,153,1,2,39,4,59,17,1,5,81,1.512821
3208,387,388,408,438,44,13,9,11,10,21,19,1,21,51,1.909091
3209,387,388,413,464,524,21,15,33,22,43,11,1,26,77,1.303030
3210,388,389,473,533,518,82,13,36,61,54,29,1,85,145,1.500000
3211,388,389,427,472,176,16,13,28,34,44,5,1,39,84,1.571429
3212,388,481,567,600,462,19,36,27,28,31,7,93,179,212,1.148148
3213,388,389,493,573,96,93,7,58,71,76,36,1,105,185,1.310345
3214,388,389,390,405,88,0,1,7,1,13,2,1,2,17,1.857143
3215,389,390,450,492,34,39,7,33,43,37,22,1,61,103,1.121212
3216,389,391,479,539,105,59,5,43,51,57,38,2,90,150,1.325581
3217,389,390,407,461,31,10,9,20,12,46,13,1,18,72,2.300000
3218,389,390,398,415,317,4,5,15,6,15,4,1,9,26,1.000000
3219,389,390,517,603,154,107,17,49,85,77,51,1,128,214,1.571429
3220,389,390,395,458,68,0,3,45,3,59,6,1,6,69,1.311111
3221,389,527,833,911,140,34,21,31,47,53,39,138,444,522,1.709677
3222,389,390,392,436,76,2,11,32,2,40,4,1,3,47,1.250000
3223,389,390,390,430,542,0,0,17,0,37,3,1,1,41,2.176471
3224,389,390,473,551,537,70,2,37,56,67,38,1,84,162,1.810811
3225,389,390,482,563,339,82,8,35,59,61,53,1,93,174,1.742857
3226,390,391,401,458,97,8,9,27,8,45,14,1,11,68,1.666667
3227,390,391,403,462,170,2,7,22,12,46,13,1,13,72,2.090909
3228,390,527,811,881,132,20,22,46,28,62,17,137,421,491,1.347826
3229,390,391,411,481,274,9,19,44,16,62,12,1,21,91,1.409091
3230,390,391,397,438,317,0,5,34,5,36,6,1,7,48,1.058824
3231,391,392,456,502,597,48,16,29,52,41,14,1,65,111,1.413793
3232,391,430,442,495,464,1,11,43,5,49,7,39,51,104,1.139535
3233,391,398,497,580,259,65,47,63,68,77,20,7,106,189,1.222222
3234,391,392,425,496,132,27,22,45,22,65,17,1,34,105,1.444444
3235,391,392,422,493,473,23,27,23,21,49,31,1,31,102,2.130435
3236,392,408,438,488,592,16,16,35,18,43,13,16,46,96,1.228571
3237,392,394,445,514,212,29,14,45,28,63,25,2,53,122,1.400000
3238,392,393,407,439,41,9,14,20,10,28,8,1,15,47,1.400000
3239,392,393,427,461,449,23,15,9,20,27,21,1,35,69,3.000000
3240,393,-1,-1,-1,-1,0,-1,7,0,0,0,-1,-1,-1,0.000000
3241,393,610,717,793,255,19,21,48,22,68,13,217,324,400,1.416667
3242,393,408,444,517,273,13,12,38,8,64,21,15,51,124,1.684211
3243,393,394,489,522,523,69,13,27,65,29,34,1,96,129,1.074074
3244,393,394,402,479,201,3,8,33,5,61,19,1,9,86,1.848485
3245,393,394,396,477,151,1,10,23,2,49,32,1,3,84,2.130435
3246,393,394,516,556,451,111,53,24,85,34,43,1,123,163,1.416667
3247,393,491,603,674,372,11,17,38,14,58,15,98,210,281,1.526316
3248,393,394,400,438,386,3,13,20,1,30,13,1,7,45,1.500000
3249,394,395,396,427,105,0,1,24,1,28,3,1,2,33,1.166667
3250,394,-1,-1,-1,-1,0,-1,20,0,0,0,-1,-1,-1,0.000000
3251,394,395,395,456,173,0,0,23,0,49,12,1,1,62,2.130435
3252,394,395,436,509,14,24,12,35,25,71,18,1,42,115,2.028571
3253,394,395,400,481,69,5,15,20,4,62,20,1,6,87,3.100000
3254,394,395,486,558,523,77,15,28,68,54,41,1,92,164,1.928571
3255,394,395,402,462,586,5,45,49,4,59,4,1,8,68,1.204082
3256,395,423,429,476,564,3,15,42,3,46,3,28,34,81,1.095238
3257,395,396,399,479,484,0,3,41,3,71,9,1,4,84,1.731707
3258,395,413,483,569,310,42,12,50,32,80,28,18,88,174,1.600000
3259,395,396,414,491,69,9,19,39,9,73,11,1,19,96,1.871795
3260,395,500,548,604,47,15,20,28,20,42,22,105,153,209,1.500000
3261,395,396,402,450,102,5,12,31,4,39,11,1,7,55,1.258065
3262,395,396,500,530,393,87,23,20,72,28,34,1,105,135,1.400000
3263,396,397,426,488,191,13,10,13,23,39,29,1,30,92,3.000000
3264,396,397,402,485,26,1,10,25,5,57,26,1,6,89,2.280000
3265,396,397,402,441,470,5,4,17,2,31,11,1,6,45,1.823529
3266,396,397,424,507,547,17,13,26,17,62,31,1,28,111,2.384615
3267,396,397,434,499,227,30,5,37,25,63,14,1,38,103,1.702703
3268,397,398,435,466,225,32,12,10,22,26,20,1,38,69,2.600000
3269,397,398,477,537,488,54,14,31,51,51,37,1,80,140,1.645161
3270,397,492,612,661,308,12,13,20,19,40,11,95,215,264,2.000000
3271,397,398,447,517,554,49,1,44,36,66,17,1,50,120,1.500000
3272,397,398,445,471,547,29,13,20,31,20,22,1,48,74,1.000000
3273,397,398,403,455,96,2,1,16,5,36,16,1,6,58,2.250000
3274,398,399,442,481,505,27,15,24,28,36,18,1,44,83,1.500000
3275,398,399,438,497,334,23,11,39,25,53,20,1,40,99,1.358974
3276,398,399,401,446,397,0,2,24,2,34,11,1,3,48,1.416667
3277,398,399,405,485,80,0,6,48,6,76,4,1,7,87,1.583333
3278,398,399,442,508,259,15,47,52,16,62,11,1,44,110,1.192308
3279,398,432,467,526,147,17,31,45,20,51,13,34,69,128,1.133333
3280,398,399,422,450,211,17,4,14,13,24,12,1,24,52,1.714286
3281,398,399,441,512,547,28,12,27,28,49,36,1,43,114,1.814815
3282,398,399,426,471,524,18,7,27,25,39,8,1,28,73,1.444444
3283,398,663,797,878,593,38,14,63,43,81,28,265,399,480,1.285714
3284,399,401,470,524,4,40,47,48,34,52,14,2,71,125,1.083333
3285,399,413,451,480,212,12,12,25,7,27,13,14,52,81,1.080000
3286,399,400,413,487,559,11,26,48,12,68,7,1,14,88,1.416667
3287,399,400,436,500,524,23,6,29,31,41,28,1,37,101,1.413793
3288,399,400,450,511,314,43,14,26,34,52,25,1,51,112,2.000000
3289,399,400,422,508,147,14,19,28,15,80,13,1,23,109,2.857143
3290,400,401,423,448,492,19,10,13,10,21,16,1,23,48,1.615385
3291,400,401,439,472,206,29,15,22,23,30,18,1,39,72,1.363636
3292,400,401,457,502,306,44,15,21,34,41,26,1,57,102,1.952381
3293,400,401,415,482,586,10,17,23,12,53,16,1,15,82,2.304348
3294,401,402,443,459,556,38,16,9,30,15,12,1,42,58,1.666667
3295,401,402,472,488,69,38,16,10,42,14,30,1,71,87,1.400000
3296,401,402,425,449,223,8,5,11,18,19,10,1,24,48,1.727273
3297,401,402,439,515,43,27,52,47,28,71,14,1,38,114,1.510638
3298,402,403,421,504,113,7,11,48,18,70,13,1,19,102,1.458333
3299,402,403,410,478,526,2,12,22,6,54,15,1,8,76,2.454545
3300,402,403,421,501,509,11,33,51,13,69,16,1,19,99,1.352941
3301,402,763,814,872,568,27,27,22,22,44,23,361,412,470,2.000000
3302,402,541,691,754,383,8,14,28,12,48,19,139,289,352,1.714286
3303,402,403,468,552,192,38,14,32,50,74,25,1,66,150,2.312500
3304,403,448,459,543,285,4,7,29,5,69,16,45,56,140,2.379310
3305,403,404,411,449,91,3,11,17,4,35,6,1,8,46,2.058824
3306,403,404,411,482,130,7,29,25,6,55,17,1,8,79,2.200000
3307,403,404,418,458,360,7,4,14,11,36,7,1,15,55,2.571429
3308,403,404,516,556,456,89,16,17,69,33,50,1,113,153,1.941176
3309,403,404,433,518,192,20,14,38,23,78,13,1,30,115,2.052632
3310,403,404,502,577,457,77,3,32,63,66,41,1,99,174,2.062500
3311,403,404,551,614,147,109,12,11,100,43,67,1,148,211,3.909091
3312,403,404,406,482,139,1,10,29,2,73,3,1,3,79,2.517241
3313,403,404,454,548,526,39,12,34,35,68,41,1,51,145,2.000000
3314,403,610,725,789,565,12,33,40,24,50,20,207,322,386,1.250000
3315,403,404,414,474,520,3,6,31,8,53,9,1,11,71,1.709677
3316,403,404,488,572,562,77,13,43,56,71,41,1,85,169,1.651163
3317,404,624,900,948,579,1,29,39,13,43,7,220,496,544,1.102564
3318,404,405,419,460,513,8,29,21,9,35,10,1,15,56,1.666667
3319,405,406,413,488,520,3,6,36,5,68,9,1,8,83,1.888889
3320,405,406,451,501,457,39,1,10,27,32,36,1,46,96,3.200000
3321,405,406,423,471,48,8,12,26,13,36,16,1,18,66,1.384615
3322,405,413,466,501,259,22,13,22,21,28,17,8,61,96,1.272727
3323,405,406,412,473,431,1,14,20,4,48,15,1,7,68,2.400000
3324,405,406,462,480,254,41,8,16,47,16,11,1,57,75,1.000000
3325,405,406,409,446,83,3,17,22,3,26,11,1,4,41,1.181818
3326,406,541,755,812,56,52,29,27,56,45,25,135,349,406,1.666667
3327,406,407,471,495,83,54,14,20,48,20,20,1,65,89,1.000000
3328,406,407,434,499,139,14,11,26,13,42,32,1,28,93,1.615385
3329,406,426,483,552,517,11,15,35,15,63,15,20,77,146,1.800000
3330,407,408,416,487,129,5,10,30,6,52,21,1,9,80,1.733333
3331,407,663,708,735,95,18,18,12,18,24,15,256,301,328,2.000000
3332,407,-1,-1,-1,-1,0,-1,15,0,0,0,-1,-1,-1,0.000000
3333,407,763,831,869,133,40,26,16,34,28,24,356,424,462,1.750000
3334,407,408,443,469,83,23,16,17,20,25,16,1,36,62,1.470588
3335,407,408,466,522,63,49,4,29,36,49,29,1,59,115,1.689655
3336,407,408,414,474,299,0,5,25,5,39,22,1,7,67,1.560000
3337,407,408,432,501,529,20,8,27,19,45,29,1,25,94,1.666667
3338,407,408,450,500,335,37,14,24,29,44,19,1,43,93,1.833333
3339,407,408,417,464,434,6,5,25,6,39,11,1,10,57,1.560000
3340,407,408,433,512,53,21,13,31,17,63,24,1,26,105,2.032258
3341,408,610,727,791,398,13,23,49,24,59,8,202,319,383,1.204082
3342,408,409,537,595,487,119,23,44,85,54,47,1,129,187,1.227273
3343,408,409,410,485,421,0,1,23,1,55,20,1,2,77,2.391304
3344,408,409,467,547,306,53,3,12,37,70,31,1,59,139,5.833333
3345,409,410,415,454,185,3,5,15,5,33,6,1,6,45,2.200000
3346,409,410,414,461,380,4,14,29,4,39,8,1,5,52,1.344828
3347,409,410,411,447,553,0,1,30,1,32,4,1,2,38,1.066667
3348,409,410,493,524,133,76,53,18,54,26,34,1,84,115,1.444444
3349,409,410,425,506,4,8,13,37,13,71,12,1,16,97,1.918919
3350,409,410,424,480,492,10,12,40,6,48,16,1,15,71,1.200000
3351,410,411,461,493,212,39,14,19,39,23,20,1,51,83,1.210526
3352,410,418,447,501,165,16,22,45,13,49,12,8,37,91,1.088889
3353,410,418,453,487,304,18,15,28,19,32,9,8,43,77,1.142857
3354,411,412,472,514,509,46,13,31,41,39,22,1,61,103,1.258065
3355,411,412,459,480,39,42,15,13,39,19,10,1,48,69,1.461538
3356,411,412,434,467,547,17,13,24,12,30,13,1,23,56,1.250000
3357,411,412,413,489,432,1,10,22,1,54,22,1,2,78,2.454545
3358,411,412,413,482,133,1,2,44,1,64,5,1,2,71,1.454545
3359,412,413,416,467,512,2,3,16,1,42,11,1,4,55,2.625000
3360,412,413,447,509,509,28,13,12,25,48,23,1,35,97,4.000000
3361,412,413,484,550,71,52,8,31,59,49,29,1,72,138,1.580645
3362,412,413,425,490,133,11,1,26,12,62,3,1,13,78,2.384615
3363,412,413,432,448,503,13,11,15,11,15,9,1,20,36,1.000000
3364,413,414,433,488,145,18,17,32,14,46,14,1,20,75,1.437500
3365,413,414,456,509,506,33,7,29,35,45,15,1,43,96,1.551724
3366,413,414,418,501,138,4,16,23,4,67,16,1,5,88,2.913043
3367,413,414,423,494,133,3,6,52,6,60,14,1,10,81,1.153846
3368,414,417,440,480,432,9,16,19,9,31,23,3,26,66,1.631579
3369,414,415,481,542,449,60,22,30,49,48,30,1,67,128,1.600000
3370,414,415,432,455,145,15,18,16,12,22,6,1,18,41,1.375000
3371,414,415,434,470,89,16,21,19,11,27,17,1,20,56,1.421053
3372,414,527,822,859,383,21,26,27,28,35,11,113,408,445,1.296296
3373,414,415,417,472,218,0,2,11,2,43,12,1,3,58,3.909091
3374,414,663,705,778,531,14,29,39,13,59,23,249,291,364,1.512821
3375,414,415,500,552,555,50,8,25,61,41,35,1,86,138,1.640000
3376,414,415,474,550,262,49,19,30,40,60,35,1,60,136,2.000000
3377,415,416,419,482,443,1,11,12,3,48,15,1,4,67,4.000000
3378,415,416,589,673,90,104,14,31,112,51,75,1,174,258,1.645161
3379,415,416,428,494,592,10,15,43,9,61,8,1,13,79,1.418605
3380,415,541,725,814,403,26,16,46,30,76,21,126,310,399,1.652174
3381,415,-1,-1,-1,-1,0,-1,25,0,0,0,-1,-1,-1,0.000000
3382,416,492,624,676,372,17,16,30,25,38,21,76,208,260,1.266667
3383,416,417,520,582,534,88,20,20,75,40,50,1,104,166,2.000000
3384,416,417,418,433,596,1,17,10,1,14,1,1,2,17,1.400000
3385,416,417,471,548,592,37,45,47,44,65,22,1,55,132,1.382979
3386,416,417,459,504,460,28,16,23,24,43,18,1,43,88,1.869565
3387,416,417,492,565,410,60,5,25,59,59,30,1,76,149,2.360000
3388,416,417,419,461,136,1,6,17,2,33,9,1,3,45,1.941176
3389,416,417,440,523,578,18,2,31,19,71,16,1,24,107,2.290323
3390,417,418,448,515,249,25,17,25,24,61,12,1,31,98,2.440000
3391,417,418,436,487,206,14,15,22,14,36,19,1,19,70,1.636364
3392,417,549,614,706,470,18,34,65,22,83,15,132,197,289,1.276923
3393,417,418,498,556,460,50,16,43,44,55,24,1,81,139,1.279070
3394,418,419,437,481,162,17,4,27,15,37,10,1,19,63,1.370370
3395,418,419,494,579,88,52,5,21,43,75,37,1,76,161,3.571429
3396,418,420,455,507,90,20,10,29,21,51,7,2,37,89,1.758621
3397,418,419,427,483,355,3,13,43,6,53,5,1,9,65,1.232558
3398,418,419,425,502,503,5,11,27,5,49,29,1,7,84,1.814815
3399,418,419,482,529,314,38,8,45,37,45,25,1,64,111,1.000000
3400,419,782,803,845,360,17,29,26,15,36,10,363,384,426,1.384615
3401,419,610,730,790,68,11,33,25,22,49,15,191,311,371,1.960000
3402,419,420,494,516,10,68,11,15,50,19,27,1,75,97,1.266667
3403,419,420,453,524,136,17,3,32,15,44,45,1,34,105,1.375000
3404,419,420,659,738,503,177,11,36,169,68,81,1,240,319,1.888889
3405,419,420,717,796,4,249,45,41,195,71,110,1,298,377,1.731707
3406,420,421,424,453,520,1,4,20,3,26,3,1,4,33,1.300000
3407,420,421,437,499,440,15,37,48,12,58,8,1,17,79,1.208333
3408,420,421,429,441,516,0,8,11,8,11,1,1,9,21,1.000000
3409,420,421,421,469,399,0,0,28,0,44,4,1,1,49,1.571429
3410,421,422,487,553,596,58,17,44,44,62,25,1,66,132,1.409091
3411,421,422,616,645,228,156,22,18,145,20,58,1,195,224,1.111111
3412,421,422,463,517,432,30,11,18,33,48,14,1,42,96,2.666667
3413,422,423,431,483,595,1,10,12,8,26,26,1,9,61,2.166667
3414,422,423,458,479,234,30,15,14,19,20,17,1,36,57,1.428571
3415,422,423,469,506,456,22,22,30,19,34,14,1,47,84,1.133333
3416,422,610,729,782,482,11,36,37,16,45,14,188,307,360,1.216216
3417,422,541,732,777,581,28,29,30,27,38,19,119,310,355,1.266667
3418,422,429,488,529,4,34,17,23,31,29,29,7,66,107,1.260870
3419,423,424,434,482,166,6,9,36,10,40,8,1,11,59,1.111111
3420,423,424,501,533,121,22,11,17,51,25,33,1,78,110,1.470588
3421,423,424,553,593,378,101,14,21,93,33,43,1,130,170,1.571429
3422,423,492,614,660,256,13,15,24,12,46,7,69,191,237,1.916667
3423,423,424,539,612,453,99,52,33,83,71,34,1,116,189,2.151515
3424,423,615,726,792,437,7,25,32,12,50,16,192,303,369,1.562500
3425,423,424,435,509,193,11,6,45,5,67,13,1,12,86,1.488889
3426,423,424,465,529,178,37,15,19,31,53,21,1,42,106,2.789474
3427,423,424,475,554,377,49,15,24,36,60,34,1,52,131,2.500000
3428,423,424,432,473,456,3,22,31,5,37,7,1,9,50,1.193548
3429,424,425,435,500,162,9,4,48,10,58,7,1,11,76,1.208333
3430,424,425,427,493,595,1,7,34,2,56,10,1,3,69,1.647059
3431,424,554,780,852,181,58,15,33,68,51,38,130,356,428,1.545455
3432,424,425,428,506,120,2,11,39,3,77,1,1,4,82,1.974359
3433,424,425,447,508,158,18,9,27,20,53,10,1,23,84,1.962963
3434,424,425,484,553,124,55,17,42,47,66,15,1,60,129,1.571429
3435,424,425,500,533,247,66,4,26,57,30,21,1,76,109,1.153846
3436,424,426,431,504,555,3,6,61,4,71,3,2,7,80,1.163934
3437,425,426,472,546,66,42,19,48,29,70,21,1,47,121,1.458333
3438,425,426,435,506,412,5,8,49,6,67,7,1,10,81,1.367347
3439,425,500,571,646,539,21,9,51,26,63,22,75,146,221,1.235294
3440,425,483,574,643,301,10,27,58,14,68,9,58,149,218,1.172414
3441,426,430,452,517,327,7,54,41,14,55,12,4,26,91,1.341463
3442,426,427,462,519,480,23,12,45,27,47,18,1,36,93,1.044444
3443,426,483,612,668,375,14,21,29,31,37,24,57,186,242,1.275862
3444,426,427,461,478,65,28,16,17,20,17,14,1,35,52,1.000000
3445,426,694,748,813,260,6,15,49,20,59,6,268,322,387,1.204082
3446,426,427,436,485,398,1,7,30,7,46,5,1,10,59,1.533333
3447,427,428,525,574,550,71,16,35,73,45,28,1,98,147,1.285714
3448,427,428,439,512,353,11,3,41,11,63,10,1,12,85,1.536585
3449,427,428,475,492,45,27,15,16,37,16,11,1,48,65,1.000000
3450,427,428,430,493,190,2,1,40,1,58,6,1,3,66,1.450000
3451,428,429,433,459,555,4,4,18,4,18,8,1,5,31,1.000000
3452,428,429,500,585,259,53,13,38,52,60,44,1,72,157,1.578947
3453,428,429,495,578,458,61,20,27,51,55,43,1,67,150,2.037037
3454,428,429,454,502,536,13,26,30,20,46,7,1,26,74,1.533333
3455,428,429,442,460,357,9,11,15,8,17,6,1,14,32,1.133333
3456,428,429,450,485,481,15,9,7,13,27,16,1,22,57,3.857143
3457,429,430,434,513,275,2,2,32,2,66,15,1,5,84,2.062500
3458,429,721,743,798,382,2,8,42,10,50,5,292,314,369,1.190476
3459,429,527,835,871,202,26,36,25,39,33,10,98,406,442,1.320000
3460,429,430,455,538,555,15,3,44,11,66,27,1,26,109,1.500000
3461,430,431,513,564,142,18,5,44,18,50,20,1,83,134,1.136364
3462,430,549,626,702,22,27,23,36,28,64,19,119,196,272,1.777778
3463,430,431,464,483,166,14,3,17,17,19,7,1,34,53,1.117647
3464,430,562,781,855,198,57,13,50,69,72,16,132,351,425,1.440000
3465,430,595,607,661,341,10,11,25,8,43,14,165,177,231,1.720000
3466,430,527,836,903,10,24,36,50,30,64,17,97,406,473,1.280000
3467,431,432,436,511,330,4,4,52,2,72,5,1,5,80,1.384615
3468,431,432,465,512,538,16,16,17,27,39,14,1,34,81,2.294118
3469,431,432,439,510,39,6,28,28,6,56,16,1,8,79,2.000000
3470,431,432,544,631,561,98,53,52,84,82,33,1,113,200,1.576923
3471,432,433,446,500,106,8,6,25,10,47,10,1,14,68,1.880000
3472,432,433,488,551,101,44,12,41,36,55,27,1,56,119,1.341463
3473,432,433,473,554,145,28,18,34,27,70,24,1,41,122,2.058824
3474,432,433,498,540,312,52,8,28,50,38,19,1,66,108,1.357143
3475,432,434,651,728,22,93,24,48,88,74,49,2,219,296,1.541667
3476,432,433,457,494,65,22,14,23,19,31,11,1,25,62,1.347826
3477,432,433,459,526,318,24,14,39,21,61,11,1,27,94,1.564103
3478,433,434,500,578,165,61,2,51,46,69,29,1,67,145,1.352941
3479,433,434,521,576,480,58,5,15,54,37,51,1,88,143,2.466667
3480,433,721,744,801,134,5,4,41,9,47,11,288,311,368,1.146341
3481,433,663,706,756,482,15,26,35,13,45,12,230,273,323,1.285714
3482,433,434,542,614,556,58,15,24,55,58,46,1,109,181,2.416667
3483,433,782,818,886,262,23,26,54,22,60,15,349,385,453,1.111111
3484,433,434,620,680,393,166,10,51,141,57,48,1,187,247,1.117647
3485,434,435,501,566,243,39,20,7,41,41,49,1,67,132,5.857143
3486,434,435,469,519,277,21,12,30,22,44,18,1,35,85,1.466667
3487,434,435,439,451,106,0,4,8,3,12,0,1,5,17,1.500000
3488,434,435,435,493,510,0,0,24,0,46,12,1,1,59,1.916667
3489,434,435,438,461,461,2,10,21,1,23,2,1,4,27,1.095238
3490,434,630,671,739,358,11,18,29,17,61,13,196,237,305,2.103448
3491,434,889,928,992,82,15,12,19,15,39,29,455,494,558,2.052632
3492,434,435,448,520,456,13,12,38,11,70,4,1,14,86,1.842105
3493,435,470,560,651,348,23,29,64,24,84,18,35,125,216,1.312500
3494,435,436,474,554,532,17,11,46,19,74,25,1,39,119,1.608696
3495,436,437,454,506,316,7,9,42,11,52,6,1,18,70,1.238095
3496,436,437,442,482,249,0,5,23,5,29,11,1,6,46,1.260870
3497,436,738,769,821,352,9,11,21,27,39,16,302,333,385,1.857143
3498,436,437,582,613,27,124,20,20,115,28,33,1,146,177,1.400000
3499,436,437,441,472,357,0,3,29,3,31,1,1,5,36,1.068966
3500,436,437,438,473,33,0,1,13,1,23,12,1,2,37,1.769231
3501,436,437,478,560,346,31,14,36,30,78,15,1,42,124,2.166667
3502,436,783,864,879,285,36,35,15,40,15,23,347,428,443,1.000000
3503,436,-1,-1,-1,-1,0,-1,35,0,0,0,-1,-1,-1,0.000000
3504,436,437,445,537,158,0,4,35,8,77,15,1,9,101,2.200000
3505,436,437,456,491,277,10,12,11,9,27,18,1,20,55,2.454545
3506,437,438,445,464,73,6,1,14,7,16,3,1,8,27,1.142857
3507,437,438,509,582,466,54,5,19,52,51,41,1,72,145,2.684211
3508,437,562,733,815,586,23,29,50,24,74,16,125,296,378,1.480000
3509,437,438,438,489,303,0,0,38,0,46,5,1,1,52,1.210526
3510,437,440,455,524,179,10,24,29,8,57,17,3,18,87,1.965517
3511,437,438,446,478,278,8,9,22,5,26,9,1,9,41,1.181818
3512,438,439,447,499,7,8,1,28,3,46,11,1,9,61,1.642857
3513,438,444,448,517,349,2,23,20,1,56,15,6,10,79,2.800000
3514,438,440,509,548,310,42,12,26,35,34,28,2,71,110,1.307692
3515,438,439,441,505,398,0,2,45,2,59,5,1,3,67,1.311111
3516,438,439,440,509,533,1,19,32,1,56,13,1,2,71,1.750000
3517,439,481,581,633,336,40,8,32,47,42,30,42,142,194,1.312500
3518,439,597,617,703,593,12,16,52,8,82,12,158,178,264,1.576923
3519,439,440,489,512,490,22,9,12,33,20,19,1,50,73,1.666667
3520,439,440,474,533,533,23,15,29,26,51,14,1,35,94,1.758621
3521,439,440,462,532,437,18,10,29,14,69,9,1,23,93,2.379310
3522,439,440,462,507,152,12,12,35,15,41,11,1,23,68,1.171429
3523,439,440,445,533,378,3,2,19,5,71,17,1,6,94,3.736842
3524,439,440,473,531,256,16,12,33,22,49,20,1,34,92,1.484848
3525,440,441,455,490,327,9,16,16,11,18,20,1,15,50,1.125000
3526,440,-1,-1,-1,-1,0,-1,23,0,0,0,-1,-1,-1,0.000000
3527,440,441,578,642,498,125,38,47,108,63,30,1,138,202,1.340426
3528,440,441,447,499,500,2,10,36,5,50,3,1,7,59,1.388889
3529,440,441,472,526,107,21,13,28,21,40,24,1,32,86,1.428571
3530,440,527,843,916,333,22,15,48,33,72,12,87,403,476,1.500000
3531,440,441,484,559,114,36,12,36,31,66,21,1,44,119,1.833333
3532,441,442,463,528,198,6,12,40,16,56,14,1,22,87,1.400000
3533,441,442,495,575,56,39,11,16,41,60,32,1,54,134,3.750000
3534,441,442,453,532,111,6,7,24,8,66,16,1,12,91,2.750000
3535,441,442,504,529,586,55,48,15,48,19,20,1,63,88,1.266667
3536,441,442,496,510,327,25,17,11,34,11,21,1,55,69,1.000000
3537,441,442,453,499,152,4,17,25,9,35,13,1,12,58,1.400000
3538,441,442,456,502,456,11,7,19,9,33,18,1,15,61,1.736842
3539,441,783,802,894,452,11,31,36,11,70,25,342,361,453,1.944444
3540,442,443,476,532,310,21,11,41,25,47,17,1,34,90,1.146341
3541,442,448,453,529,566,2,4,39,3,71,6,6,11,87,1.820513
3542,442,443,462,523,500,12,9,30,14,44,22,1,20,81,1.466667
3543,442,663,777,852,82,25,30,27,24,53,39,221,335,410,1.962963
3544,442,443,485,503,471,29,39,16,32,18,10,1,43,61,1.125000
3545,442,443,501,579,348,53,18,29,35,55,46,1,59,137,1.896552
3546,442,443,443,487,412,0,0,16,0,32,12,1,1,45,2.000000
3547,443,444,454,546,53,2,8,42,9,74,19,1,11,103,1.761905
3548,443,444,488,557,283,40,10,28,37,60,16,1,45,114,2.142857
3549,443,444,491,566,137,44,5,51,38,71,13,1,48,123,1.392157
3550,443,444,464,512,517,7,9,13,16,41,11,1,21,69,3.153846
3551,443,444,457,532,388,8,56,61,11,75,2,1,14,89,1.229508
3552,443,-1,-1,-1,-1,0,-1,31,0,0,0,-1,-1,-1,0.000000
3553,443,444,491,522,44,41,18,15,33,25,20,1,48,79,1.666667
3554,443,444,480,555,235,30,12,35,23,71,17,1,37,112,2.028571
3555,444,783,893,975,345,35,31,42,43,70,31,339,449,531,1.666667
3556,444,502,683,736,8,10,24,37,27,43,16,58,239,292,1.162162
3557,444,445,461,543,251,12,13,54,10,80,8,1,17,99,1.481481
3558,445,446,452,488,277,1,20,18,3,26,10,1,7,43,1.444444
3559,445,446,585,629,134,66,9,31,91,39,53,1,140,184,1.258065
3560,445,446,469,523,107,11,16,41,15,53,5,1,24,78,1.292683
3561,445,446,465,521,147,15,5,19,16,43,16,1,20,76,2.263158
3562,445,446,458,511,251,8,5,26,11,48,6,1,13,66,1.846154
3563,445,446,471,533,295,14,11,46,20,52,15,1,26,88,1.130435
3564,445,446,686,743,346,177,11,40,173,48,76,1,241,298,1.200000
3565,446,602,750,769,133,84,8,14,78,18,54,156,304,323,1.285714
3566,446,448,470,501,519,14,6,22,19,28,6,2,24,55,1.272727
3567,446,447,452,466,9,4,11,14,3,14,2,1,6,20,1.000000
3568,446,447,448,489,519,1,3,17,1,31,10,1,2,43,1.823529
3569,446,447,464,542,44,15,20,33,12,55,28,1,18,96,1.666667
3570,446,447,447,489,0,0,0,25,0,37,5,1,1,43,1.480000
3571,447,741,759,782,269,3,10,13,8,23,0,294,312,335,1.769231
3572,447,448,530,570,273,43,8,12,38,34,32,1,83,123,2.833333
3573,447,448,636,734,348,161,21,34,123,60,103,1,189,287,1.764706
3574,447,-1,-1,-1,-1,0,-1,25,0,0,0,-1,-1,-1,0.000000
3575,447,448,503,522,27,51,21,12,39,16,19,1,56,75,1.333333
3576,447,448,470,545,500,16,7,49,17,75,5,1,23,98,1.530612
3577,447,448,465,500,377,10,16,19,10,27,13,1,18,53,1.421053
3578,448,449,519,606,213,60,42,32,55,70,32,1,71,158,2.187500
3579,448,449,461,498,364,9,11,19,9,33,7,1,13,50,1.736842
3580,448,449,455,518,492,3,5,39,5,55,9,1,7,70,1.410256
3581,448,449,471,505,157,16,12,27,14,31,11,1,23,57,1.148148
3582,448,449,461,481,351,10,18,12,9,16,7,1,13,33,1.333333
3583,448,449,452,534,112,2,1,56,3,70,12,1,4,86,1.250000
3584,448,-1,-1,-1,-1,0,-1,47,0,0,0,-1,-1,-1,0.000000
3585,448,449,457,514,374,6,2,43,5,53,7,1,9,66,1.232558
3586,448,449,460,504,481,6,4,36,6,42,7,1,12,56,1.166667
3587,448,449,450,491,479,1,2,26,1,40,1,1,2,43,1.538462
3588,449,450,451,482,103,1,12,20,1,30,1,1,2,33,1.500000
3589,449,450,469,532,157,12,20,24,16,46,20,1,20,83,1.916667
3590,449,450,464,491,469,8,1,25,14,27,0,1,15,42,1.080000
3591,450,452,454,485,535,1,9,23,0,27,6,2,4,35,1.173913
3592,450,451,464,526,504,4,3,19,12,53,10,1,14,76,2.789474
3593,450,451,458,488,114,5,14,20,2,28,7,1,8,38,1.400000
3594,450,451,473,482,89,19,14,8,18,8,5,1,23,32,1.000000
3595,450,451,541,579,235,72,12,20,59,34,35,1,91,129,1.700000
3596,451,452,557,633,38,72,14,41,66,73,37,1,106,182,1.780488
3597,451,453,462,513,152,4,19,29,6,45,7,2,11,62,1.551724
3598,451,483,495,547,214,7,15,11,8,35,21,32,44,96,3.181818
3599,451,452,456,515,81,2,4,29,4,43,16,1,5,64,1.482759
3600,451,452,498,562,337,29,13,28,25,52,31,1,47,111,1.857143
3601,451,452,491,562,69,27,16,24,26,58,24,1,40,111,2.416667
3602,452,453,455,486,178,2,17,9,1,27,5,1,3,34,3.000000
3603,452,453,457,524,226,3,3,53,4,59,8,1,5,72,1.113208
3604,452,453,565,623,460,98,22,23,89,41,40,1,113,171,1.782609
3605,452,783,905,970,230,36,32,29,49,49,28,331,453,518,1.689655
3606,452,453,459,519,159,5,20,47,4,57,5,1,7,67,1.212766
3607,452,453,464,502,263,8,12,25,8,33,8,1,12,50,1.320000
3608,452,-1,-1,-1,-1,0,-1,26,0,0,0,-1,-1,-1,0.000000
3609,452,454,600,686,507,47,16,29,51,65,42,2,148,234,2.241379
3610,452,453,463,497,342,3,7,16,10,26,8,1,11,45,1.625000
3611,453,454,463,488,9,2,7,21,7,23,4,1,10,35,1.095238
3612,453,454,456,496,560,1,11,24,1,36,5,1,3,43,1.500000
3613,453,454,531,576,157,55,9,21,47,33,42,1,78,123,1.571429
3614,453,454,468,535,179,8,23,47,9,63,9,1,15,82,1.340426
3615,454,455,478,520,351,19,16,17,15,31,19,1,24,66,1.823529
3616,454,455,490,540,369,27,7,40,27,44,14,1,36,86,1.100000
3617,454,754,764,820,240,2,24,28,7,40,17,300,310,366,1.428571
3618,454,455,476,537,550,19,28,48,16,56,10,1,22,83,1.166667
3619,455,456,464,487,168,4,15,20,2,22,7,1,9,32,1.100000
3620,455,456,467,524,192,7,25,18,10,38,20,1,12,69,2.111111
3621,455,469,533,591,176,45,8,20,41,46,33,14,78,136,2.300000
3622,455,456,508,565,349,48,26,23,41,45,23,1,53,110,1.956522
3623,455,456,486,562,338,22,19,43,26,73,7,1,31,107,1.697674
3624,455,456,508,529,140,34,6,11,37,19,17,1,53,74,1.727273
3625,455,456,569,594,30,80,22,14,70,22,46,1,114,139,1.571429
3626,456,457,457,511,5,0,0,38,0,52,2,1,1,55,1.368421
3627,456,457,480,512,237,21,23,19,16,29,10,1,24,56,1.526316
3628,456,457,459,509,157,1,10,43,2,47,3,1,3,53,1.093023
3629,456,457,509,588,103,46,51,49,37,73,21,1,53,132,1.489796
3630,456,457,515,573,509,38,16,33,35,53,23,1,59,117,1.606061
3631,456,457,593,658,179,106,44,36,101,50,50,1,137,202,1.388889
3632,457,-1,-1,-1,-1,0,-1,55,0,0,0,-1,-1,-1,0.000000
3633,457,458,461,514,230,0,1,21,3,43,10,1,4,57,2.047619
3634,457,458,477,546,517,10,6,13,19,57,12,1,20,89,4.384615
3635,457,465,526,595,490,7,19,52,17,64,6,8,69,138,1.230769
3636,457,458,466,543,244,5,2,33,6,53,26,1,9,86,1.606061
3637,457,783,914,993,212,37,32,65,37,77,19,326,457,536,1.184615
3638,457,458,489,527,235,27,32,27,21,37,11,1,32,70,1.370370
3639,457,458,507,552,103,46,52,27,31,37,26,1,50,95,1.370370
3640,457,458,490,556,542,10,11,25,23,59,16,1,33,99,2.360000
3641,457,458,466,540,599,3,13,39,7,59,16,1,9,83,1.512821
3642,458,459,487,556,134,26,14,37,21,59,17,1,29,98,1.594595
3643,458,459,479,544,513,19,41,49,16,61,8,1,21,86,1.244898
3644,458,783,951,1000,224,55,21,33,59,45,29,325,493,542,1.363636
3645,458,520,571,596,484,29,8,15,33,19,10,62,113,138,1.266667
3646,458,459,503,578,213,38,23,41,34,49,36,1,45,120,1.195122
3647,458,459,500,519,444,41,28,17,32,17,11,1,42,61,1.000000
3648,458,459,476,551,272,11,10,19,11,47,34,1,18,93,2.473684
3649,458,459,494,533,58,25,41,29,24,37,13,1,36,75,1.275862
3650,458,459,481,515,311,18,14,22,14,30,12,1,23,57,1.363636
3651,458,459,585,677,9,104,6,34,72,58,88,1,127,219,1.705882
3652,459,460,480,501,338,13,22,17,18,19,4,1,21,42,1.117647
3653,459,460,461,535,396,0,1,34,1,66,8,1,2,76,1.941176
3654,459,460,489,557,414,28,4,53,25,65,7,1,30,98,1.226415
3655,459,460,460,477,125,0,0,12,0,16,1,1,1,18,1.333333
3656,459,460,508,596,181,37,26,24,36,54,46,1,49,137,2.250000
3657,459,460,469,540,58,9,35,26,9,66,5,1,10,81,2.538462
3658,459,460,492,574,460,25,29,34,29,68,17,1,33,115,2.000000
3659,459,460,481,515,599,17,7,18,15,30,10,1,22,56,1.666667
3660,459,465,530,601,210,9,19,44,14,48,28,6,71,142,1.090909
3661,460,461,497,576,348,32,25,58,29,74,12,1,37,116,1.275862
3662,460,461,516,596,255,53,28,38,41,70,24,1,56,136,1.842105
3663,460,461,468,525,435,4,10,16,3,48,13,1,8,65,3.000000
3664,460,461,469,535,394,7,11,21,4,57,13,1,9,75,2.714286
3665,460,461,486,530,366,25,14,23,16,31,22,1,26,70,1.347826
3666,460,461,469,532,365,5,10,31,8,51,12,1,9,72,1.645161
3667,460,-1,-1,-1,-1,0,-1,15,0,0,0,-1,-1,-1,0.000000
3668,460,461,477,556,503,15,50,26,11,60,24,1,17,96,2.307692
3669,460,465,553,629,78,17,27,46,32,66,17,5,93,169,1.434783
3670,460,549,641,729,321,29,19,54,27,76,26,89,181,269,1.407407
3671,460,461,472,529,338,6,22,18,9,38,21,1,12,69,2.111111
3672,461,462,535,586,134,57,10,26,47,40,37,1,74,125,1.538462
3673,461,462,527,590,178,62,15,31,48,55,25,1,66,129,1.774194
3674,461,462,581,605,581,110,20,16,89,22,32,1,120,144,1.375000
3675,461,-1,-1,-1,-1,0,-1,27,0,0,0,-1,-1,-1,0.000000
3676,461,462,484,507,99,8,4,13,17,19,9,1,23,46,1.461538
3677,461,462,540,611,290,39,12,23,56,63,30,1,79,150,2.739130
3678,461,462,650,746,394,125,11,24,144,90,50,1,189,285,3.750000
3679,461,462,510,607,333,42,15,55,33,91,21,1,49,146,1.654545
3680,461,505,505,564,439,0,0,17,0,47,12,44,44,103,2.764706
3681,461,462,549,602,300,72,3,31,58,43,39,1,88,141,1.387097
3682,461,462,485,521,45,14,7,24,11,30,18,1,24,60,1.250000
3683,461,462,501,590,82,30,7,42,32,76,20,1,40,129,1.809524
3684,462,463,575,611,211,82,22,15,85,23,40,1,113,149,1.533333
3685,462,463,467,542,98,3,3,53,3,75,1,1,5,80,1.415094
3686,462,463,491,533,455,23,21,25,16,31,23,1,29,71,1.240000
3687,462,663,709,780,378,14,35,47,11,65,15,201,247,318,1.382979
3688,462,463,543,620,109,17,3,35,31,51,40,1,81,158,1.457143
3689,462,602,721,806,401,64,9,33,65,59,55,140,259,344,1.787879
3690,462,483,546,617,336,13,6,32,18,52,26,21,84,155,1.625000
3691,463,464,713,787,467,209,11,40,165,60,98,1,250,324,1.500000
3692,463,464,510,526,222,44,14,11,29,15,18,1,47,63,1.363636
3693,463,464,466,514,205,2,8,31,1,37,12,1,3,51,1.193548
3694,464,465,465,484,300,0,0,10,0,14,5,1,1,20,1.400000
3695,464,465,501,547,551,32,10,24,29,34,19,1,37,83,1.416667
3696,464,465,474,539,354,1,5,27,9,59,6,1,10,75,2.185185
3697,464,465,477,521,45,8,11,31,10,39,7,1,13,57,1.258065
3698,464,465,504,575,362,22,6,26,36,54,20,1,40,111,2.076923
3699,464,472,477,519,386,1,13,25,4,31,12,8,13,55,1.240000
3700,464,469,501,537,215,22,9,30,17,34,13,5,37,73,1.133333
3701,464,465,504,543,394,37,11,23,22,35,21,1,40,79,1.521739
3702,465,466,477,543,507,5,2,30,10,60,7,1,12,78,2.000000
3703,465,466,478,551,95,8,16,57,8,69,8,1,13,86,1.210526
3704,465,783,931,-1,367,42,15,54,38,61,29,318,466,-1,1.129630
3705,466,467,512,556,143,32,11,28,32,36,21,1,46,90,1.285714
3706,466,467,530,584,203,57,12,15,34,37,46,1,64,118,2.466667
3707,466,472,549,637,210,13,18,51,22,77,16,6,83,171,1.509804
3708,466,467,468,514,39,1,3,30,1,40,6,1,2,48,1.333333
3709,466,467,494,509,348,25,18,14,20,14,8,1,28,43,1.000000
3710,466,467,475,491,533,7,3,9,8,15,1,1,9,25,1.666667
3711,467,468,564,630,379,55,10,39,55,65,42,1,97,163,1.666667
3712,467,533,828,897,544,15,33,43,22,61,14,66,361,430,1.418605
3713,467,468,626,676,599,134,3,26,101,42,65,1,159,209,1.615385
3714,467,469,521,575,337,39,17,28,33,52,16,2,54,108,1.857143
3715,467,468,490,562,310,11,5,38,19,64,11,1,23,95,1.684211
3716,467,602,622,683,510,3,17,37,11,49,13,135,155,216,1.324324
3717,467,468,472,482,487,0,4,8,4,8,2,1,5,15,1.000000
3718,467,468,482,550,239,5,8,32,8,58,16,1,15,83,1.812500
3719,467,784,825,882,339,15,28,17,18,33,28,317,358,415,1.941176
3720,467,-1,-1,-1,-1,0,-1,38,0,0,0,-1,-1,-1,0.000000
3721,468,469,509,598,379,22,9,14,29,60,40,1,41,130,4.285714
3722,468,469,511,549,551,28,6,20,35,28,17,1,43,81,1.400000
3723,468,663,798,805,413,26,25,7,30,7,18,195,330,337,1.000000
3724,469,485,606,674,214,40,16,57,50,65,29,16,137,205,1.140351
3725,469,-1,-1,-1,-1,0,-1,24,0,0,0,-1,-1,-1,0.000000
3726,469,470,516,541,469,32,11,11,39,19,13,1,47,72,1.727273
3727,469,470,470,535,354,0,0,40,0,58,7,1,1,66,1.450000
3728,469,470,518,545,134,41,7,14,30,20,25,1,49,76,1.428571
3729,470,471,473,534,134,1,6,28,1,52,10,1,3,64,1.857143
3730,470,471,486,549,152,6,5,28,14,62,2,1,16,79,2.214286
3731,470,604,767,856,94,95,18,37,80,65,76,134,297,386,1.756757
3732,470,478,511,586,375,19,17,29,16,59,25,8,41,116,2.034483
3733,470,-1,-1,-1,-1,0,-1,36,0,0,0,-1,-1,-1,0.000000
3734,470,471,488,554,576,9,7,48,14,66,3,1,18,84,1.375000
3735,470,471,570,640,286,85,51,46,74,66,29,1,100,170,1.434783
3736,470,471,479,539,193,3,12,34,7,56,5,1,9,69,1.647059
3737,471,784,932,994,444,31,30,41,32,55,20,313,461,523,1.341463
3738,471,472,505,572,211,27,33,25,24,45,31,1,34,101,1.800000
3739,471,472,490,522,134,14,6,26,14,28,8,1,19,51,1.076923
3740,471,472,582,636,576,99,52,41,75,49,40,1,111,165,1.195122
3741,471,472,522,595,54,46,5,45,40,65,18,1,51,124,1.444444
3742,471,525,581,602,352,1,11,11,13,17,8,54,110,131,1.545455
3743,471,549,642,707,251,32,20,20,31,50,25,78,171,236,2.500000
3744,471,472,496,522,478,15,12,10,22,22,6,1,25,51,2.200000
3745,471,472,473,533,394,1,16,14,0,48,13,1,2,62,3.428571
3746,472,473,520,595,470,35,6,49,34,65,23,1,48,123,1.326531
3747,472,473,484,527,239,5,4,25,9,43,2,1,12,55,1.720000
3748,472,473,475,550,34,0,2,31,2,57,18,1,3,78,1.838710
3749,472,473,498,568,336,15,9,15,19,57,19,1,26,96,3.800000
3750,472,473,485,501,157,6,15,9,11,11,6,1,13,29,1.222222
3751,472,473,612,685,486,96,2,34,105,56,51,1,140,213,1.647059
3752,472,473,500,524,272,15,14,9,20,21,10,1,28,52,2.333333
3753,473,504,764,813,180,5,10,36,9,44,8,31,291,340,1.222222
3754,473,474,669,754,277,178,46,39,140,69,71,1,196,281,1.769231
3755,473,474,504,566,349,29,16,34,23,42,27,1,31,93,1.235294
3756,473,496,708,783,340,24,20,31,41,49,42,23,235,310,1.580645
3757,473,474,489,558,422,12,4,36,12,62,10,1,16,85,1.722222
3758,474,475,488,548,157,7,9,36,10,54,9,1,14,74,1.500000
3759,474,475,476,550,39,0,1,29,1,59,15,1,2,76,2.034483
3760,474,475,494,565,568,16,24,18,18,46,26,1,20,91,2.555556
3761,474,475,483,556,118,4,6,32,7,48,26,1,9,82,1.500000
3762,474,475,582,629,48,81,13,33,83,43,28,1,108,155,1.303030
3763,474,475,557,632,467,78,53,22,54,54,49,1,83,158,2.454545
3764,476,477,516,588,215,27,8,34,26,66,19,1,40,112,1.941176
3765,476,477,503,564,534,7,9,40,21,56,7,1,27,88,1.400000
3766,476,-1,-1,-1,-1,0,-1,52,0,0,0,-1,-1,-1,0.000000
3767,476,477,481,554,366,3,6,15,3,53,21,1,5,78,3.533333
3768,476,477,483,535,179,4,23,21,6,29,23,1,7,59,1.380952
3769,476,477,564,651,460,74,7,34,61,72,41,1,88,175,2.117647
3770,476,477,533,611,440,16,16,58,22,72,8,1,57,135,1.241379
3771,477,478,495,553,366,11,9,18,9,50,16,1,18,76,2.777778
3772,477,478,548,616,217,44,31,25,49,43,39,1,71,139,1.720000
3773,477,478,509,554,215,18,9,32,22,36,18,1,32,77,1.125000
3774,478,479,498,555,469,13,10,30,16,52,8,1,20,77,1.733333
3775,478,479,536,573,522,39,4,23,42,33,19,1,58,95,1.434783
3776,478,479,486,560,181,7,21,46,5,66,10,1,8,82,1.434783
3777,478,479,502,567,512,19,6,47,16,55,17,1,24,89,1.170213
3778,478,479,521,597,483,33,9,28,28,54,36,1,43,119,1.928571
3779,479,480,522,573,203,35,7,35,28,45,20,1,43,94,1.285714
3780,479,480,489,525,404,2,14,17,5,27,13,1,10,46,1.588235
3781,479,480,492,572,210,7,3,32,11,58,23,1,13,93,1.812500
3782,479,480,489,551,571,7,21,23,7,45,19,1,10,72,1.956522
3783,480,481,626,725,265,100,17,37,101,79,64,1,146,245,2.135135
3784,480,481,583,669,20,63,13,40,56,72,43,1,103,189,1.800000
3785,480,481,488,520,183,7,12,24,7,30,2,1,8,40,1.250000
3786,480,642,693,756,231,13,16,47,24,57,13,162,213,276,1.212766
3787,480,481,574,631,366,75,6,19,61,43,46,1,94,151,2.263158
3788,480,481,484,501,185,1,4,13,3,17,0,1,4,21,1.307692
3789,480,481,483,563,224,0,2,36,2,60,20,1,3,83,1.666667
3790,480,481,534,602,225,49,12,15,36,57,28,1,54,122,3.800000
3791,480,481,612,677,311,101,12,34,85,50,61,1,132,197,1.470588
3792,480,481,485,530,451,0,4,33,4,37,8,1,5,50,1.121212
3793,480,481,497,558,236,14,13,21,9,39,29,1,17,78,1.857143
3794,481,482,512,577,95,28,7,43,24,61,10,1,31,96,1.418605
3795,481,485,560,632,336,15,4,38,20,56,21,4,79,151,1.473684
3796,481,757,795,861,598,24,20,31,22,47,32,276,314,380,1.516129
3797,481,484,508,597,117,16,13,54,12,80,17,3,27,116,1.481481
3798,481,-1,-1,-1,-1,0,-1,25,0,0,0,-1,-1,-1,0.000000
3799,481,482,610,655,366,102,5,22,93,36,44,1,129,174,1.636364
3800,481,609,630,709,180,6,11,31,7,57,27,128,149,228,1.838710
3801,481,482,489,570,280,4,37,47,7,65,16,1,8,89,1.382979
3802,481,542,611,668,316,4,15,27,12,43,15,61,130,187,1.592593
3803,481,482,522,560,236,31,12,30,30,34,14,1,41,79,1.133333
3804,481,482,510,601,127,25,12,13,16,69,34,1,29,120,5.307692
3805,481,482,504,550,256,10,11,15,15,29,24,1,23,69,1.933333
3806,482,483,515,586,406,24,12,38,22,60,21,1,33,104,1.578947
3807,482,483,500,551,514,17,9,34,13,40,15,1,18,69,1.176471
3808,482,533,839,913,403,25,23,44,27,62,21,51,357,431,1.409091
3809,482,483,487,558,148,0,4,41,4,69,2,1,5,76,1.682927
3810,482,483,484,549,152,0,1,36,1,58,7,1,2,67,1.611111
3811,482,483,540,608,366,41,5,29,33,65,27,1,58,126,2.241379
3812,482,483,531,575,394,33,17,28,35,42,14,1,49,93,1.500000
3813,482,483,725,800,107,213,10,40,153,66,98,1,243,318,1.650000
3814,482,483,566,608,2,73,13,24,60,30,35,1,84,126,1.250000
3815,482,486,587,634,462,31,31,29,35,39,21,4,105,152,1.344828
3816,482,483,489,563,372,6,22,39,6,67,7,1,7,81,1.717949
3817,482,483,490,547,338,3,5,38,7,54,3,1,8,65,1.421053
3818,483,484,546,609,462,51,19,30,38,60,27,1,63,126,2.000000
3819,483,484,522,537,91,26,5,9,33,11,9,1,39,54,1.222222
3820,483,484,485,556,237,1,7,23,1,55,16,1,2,73,2.391304
3821,483,484,550,569,107,58,9,12,46,18,21,1,67,86,1.500000
3822,483,484,496,579,255,6,26,49,11,79,5,1,13,96,1.612245
3823,483,484,490,564,351,2,13,43,4,55,20,1,7,81,1.279070
3824,484,485,529,605,256,27,11,12,29,58,31,1,45,121,4.833333
3825,485,486,518,555,179,20,13,12,24,28,17,1,33,70,2.333333
3826,485,486,526,597,343,28,13,29,26,53,27,1,41,112,1.827586
3827,485,486,499,569,236,7,9,26,9,54,20,1,14,84,2.076923
3828,485,486,520,563,479,30,17,28,17,36,24,1,35,78,1.285714
3829,485,562,759,786,588,36,19,24,32,26,18,77,274,301,1.083333
3830,485,486,527,605,183,33,12,15,29,57,33,1,42,120,3.800000
3831,485,486,502,592,117,5,14,46,7,72,22,1,17,107,1.565217
3832,485,486,504,547,227,16,15,10,12,32,16,1,19,62,3.200000
3833,485,486,544,587,265,26,16,12,41,32,28,1,59,102,2.666667
3834,485,486,548,588,537,41,5,14,42,26,34,1,63,103,1.857143
3835,485,486,487,565,157,0,1,30,1,60,18,1,2,80,2.000000
3836,485,486,596,647,521,29,25,36,37,42,18,1,111,162,1.166667
3837,485,487,487,520,576,0,0,28,0,32,1,2,2,35,1.142857
3838,486,487,526,574,570,31,19,25,24,37,26,1,40,88,1.480000
3839,486,487,506,556,243,15,20,20,19,36,14,1,20,70,1.800000
3840,486,487,496,534,307,8,13,24,7,30,10,1,10,48,1.250000
3841,486,487,508,554,537,20,5,15,11,35,21,1,22,68,2.333333
3842,487,488,504,578,220,8,11,49,14,71,5,1,17,91,1.448980
3843,487,488,495,523,180,1,14,16,6,22,6,1,8,36,1.375000
3844,487,488,673,765,175,172,13,42,128,70,79,1,186,278,1.666667
3845,487,-1,-1,-1,-1,0,-1,54,0,0,0,-1,-1,-1,0.000000
3846,487,488,494,574,515,4,11,28,5,72,9,1,7,87,2.571429
3847,487,609,662,702,175,22,23,20,25,32,20,122,175,215,1.600000
3848,488,489,491,518,237,0,2,15,2,21,6,1,3,30,1.400000
3849,488,490,553,629,200,38,14,56,47,74,8,2,65,141,1.321429
3850,488,489,491,563,8,1,18,37,2,69,3,1,3,75,1.864865
3851,488,489,621,710,117,73,11,33,80,73,46,1,133,222,2.212121
3852,488,489,523,603,329,22,8,42,26,68,20,1,35,115,1.619048
3853,488,489,495,526,89,1,3,23,3,25,6,1,7,38,1.086957
3854,488,489,496,537,321,4,14,24,4,34,10,1,8,49,1.416667
3855,488,489,536,552,11,34,12,14,37,16,10,1,48,64,1.142857
3856,488,489,494,555,280,3,22,17,4,45,17,1,6,67,2.647059
3857,489,490,525,595,332,25,13,52,19,64,21,1,36,106,1.230769
3858,489,490,498,518,16,5,10,15,5,19,4,1,9,29,1.266667
3859,489,490,521,586,186,15,17,23,21,47,28,1,32,97,2.043478
3860,489,784,940,994,206,28,29,45,34,49,15,295,451,505,1.088889
3861,489,618,848,924,510,122,14,28,100,56,89,129,359,435,2.000000
3862,489,490,561,592,515,39,14,9,48,27,27,1,72,103,3.000000
3863,489,490,509,583,455,6,19,24,14,58,21,1,20,94,2.416667
3864,489,490,493,539,483,0,3,25,3,43,3,1,4,50,1.720000
3865,489,490,496,531,194,6,6,17,6,23,12,1,7,42,1.352941
3866,490,491,495,537,343,4,4,16,4,32,10,1,5,47,2.000000
3867,490,491,500,527,240,7,11,21,8,27,1,1,10,37,1.285714
3868,490,491,501,591,107,6,6,40,6,76,18,1,11,101,1.900000
3869,490,491,522,548,401,27,7,10,20,18,19,1,32,58,1.800000
3870,490,491,524,596,183,18,10,45,19,61,25,1,34,106,1.355556
3871,490,491,494,514,20,3,3,14,2,18,3,1,4,24,1.285714
3872,490,494,534,618,108,26,18,52,21,78,18,4,44,128,1.500000
3873,490,491,493,526,6,2,8,15,2,25,8,1,3,36,1.666667
3874,491,608,650,746,246,24,21,45,25,77,25,117,159,255,1.711111
3875,491,492,550,580,20,42,2,20,44,28,16,1,59,89,1.400000
3876,491,492,520,532,570,20,24,8,19,10,9,1,29,41,1.250000
3877,491,520,579,665,556,31,9,52,28,78,18,29,88,174,1.500000
3878,491,492,494,574,321,1,10,29,1,67,14,1,3,83,2.310345
3879,491,492,498,544,3,1,9,24,6,38,8,1,7,53,1.583333
3880,492,493,563,650,3,58,8,42,47,76,34,1,71,158,1.809524
3881,492,493,514,597,238,17,9,31,11,61,32,1,22,105,1.967742
3882,492,493,574,673,546,50,10,25,60,75,45,1,82,181,3.000000
3883,492,493,554,601,579,55,11,33,41,43,24,1,62,109,1.303030
3884,493,494,594,653,306,72,4,39,60,49,50,1,101,160,1.256410
3885,493,494,506,579,549,8,15,31,9,63,13,1,13,86,2.032258
3886,493,494,496,569,401,0,2,28,2,56,17,1,3,76,2.000000
3887,493,494,502,575,213,6,48,28,5,56,20,1,9,82,2.000000
3888,493,494,495,569,537,0,1,16,1,64,10,1,2,76,4.000000
3889,493,618,627,720,94,2,12,25,2,69,25,125,134,227,2.760000
3890,493,494,501,599,360,2,7,50,6,86,13,1,8,106,1.720000
3891,494,495,503,582,498,6,48,50,8,68,11,1,9,88,1.360000
3892,494,495,496,587,337,0,1,23,1,73,18,1,2,93,3.173913
3893,494,495,535,592,319,35,9,35,28,51,18,1,41,98,1.457143
3894,494,495,496,557,236,0,1,20,1,48,13,1,2,63,2.400000
3895,494,495,499,558,200,2,54,36,3,56,4,1,5,64,1.555556
3896,495,496,581,595,238,73,10,14,53,14,32,1,86,100,1.000000
3897,495,496,522,573,22,18,25,35,14,49,14,1,27,78,1.400000
3898,495,496,591,695,529,72,8,34,75,84,40,1,96,200,2.470588
3899,496,497,517,600,55,18,16,16,15,68,20,1,21,104,4.250000
3900,496,497,534,608,1,32,38,48,26,70,15,1,38,112,1.458333
3901,496,497,582,639,144,68,12,47,62,55,25,1,86,143,1.170213
3902,496,520,565,654,219,16,28,46,17,72,23,24,69,158,1.565217
3903,496,497,613,680,208,106,11,35,86,65,32,1,117,184,1.857143
3904,496,497,497,550,38,0,0,28,0,42,11,1,1,54,1.500000
3905,496,497,499,525,285,0,2,13,2,23,3,1,3,29,1.769231
3906,496,497,498,538,412,1,17,15,1,29,11,1,2,42,1.933333
3907,496,497,510,575,498,11,7,35,12,47,19,1,14,79,1.342857
3908,497,498,518,577,269,12,20,16,13,46,20,1,21,80,2.875000
3909,497,498,507,547,55,8,23,20,5,30,14,1,10,50,1.500000
3910,497,498,540,564,325,24,12,14,19,20,27,1,43,67,1.428571
3911,497,498,544,608,217,40,13,29,31,53,26,1,47,111,1.827586
3912,497,498,513,593,65,14,7,35,13,63,19,1,16,96,1.800000
3913,497,498,503,530,408,4,8,22,4,24,4,1,6,33,1.090909
3914,497,498,499,581,159,0,1,36,1,66,16,1,2,84,1.833333
3915,497,498,549,599,329,50,20,17,36,43,22,1,52,102,2.529412
3916,497,498,508,568,246,2,4,25,9,43,18,1,11,71,1.720000
3917,497,498,507,560,385,4,15,19,5,35,22,1,10,63,1.842105
3918,498,499,524,616,102,21,5,45,21,59,37,1,26,118,1.311111
3919,499,500,548,609,408,27,4,25,33,47,29,1,49,110,1.880000
3920,499,500,625,679,11,58,11,35,72,43,61,1,126,180,1.228571
3921,499,754,799,876,544,14,21,61,38,73,7,255,300,377,1.196721
3922,499,501,502,562,551,0,1,25,1,43,17,2,3,63,1.720000
3923,499,500,577,639,102,64,52,43,59,55,25,1,78,140,1.279070
3924,499,501,651,716,178,101,2,29,105,53,56,2,152,217,1.827586
3925,499,500,532,574,227,10,10,33,22,39,13,1,33,75,1.181818
3926,499,754,778,849,271,2,15,43,14,55,17,255,279,350,1.279070
3927,500,501,521,577,323,13,7,30,12,50,14,1,21,77,1.666667
3928,500,501,608,678,311,78,12,23,72,49,56,1,108,178,2.130435
3929,500,501,537,592,232,24,3,27,27,51,13,1,37,92,1.888889
3930,500,501,511,549,268,5,10,28,8,36,4,1,11,49,1.285714
3931,500,501,512,546,544,7,19,21,8,31,6,1,12,46,1.476190
3932,500,618,812,833,370,107,13,13,90,15,57,118,312,333,1.153846
3933,500,501,552,594,408,29,7,28,37,36,20,1,52,94,1.285714
3934,501,754,791,856,72,7,22,46,16,64,5,253,290,355,1.391304
3935,501,502,515,558,554,10,12,19,12,39,5,1,14,57,2.052632
3936,501,562,723,815,245,14,20,57,17,91,2,61,222,314,1.596491
3937,501,502,527,603,163,19,2,40,19,58,24,1,26,102,1.450000
3938,501,502,565,610,206,16,14,24,47,42,15,1,64,109,1.750000
3939,501,502,509,566,238,2,13,11,5,37,22,1,8,65,3.363636
3940,501,502,533,587,144,27,12,32,17,52,16,1,32,86,1.625000
3941,501,502,684,768,589,86,10,25,137,65,64,1,183,267,2.600000
3942,501,502,589,654,457,73,1,22,61,54,37,1,88,153,2.454545
3943,501,502,555,621,204,29,15,20,40,46,33,1,54,120,2.300000
3944,501,502,512,542,305,8,9,18,7,28,5,1,11,41,1.555556
3945,501,502,505,525,87,2,2,17,1,17,5,1,4,24,1.000000
3946,502,503,506,522,549,0,3,9,3,11,5,1,4,20,1.222222
3947,502,503,518,556,429,12,11,17,15,27,11,1,16,54,1.588235
3948,502,-1,-1,-1,-1,0,-1,25,0,0,0,-1,-1,-1,0.000000
3949,502,503,535,593,135,13,17,42,22,50,18,1,33,91,1.190476
3950,502,503,528,572,383,16,15,21,11,33,25,1,26,70,1.571429
3951,502,503,518,594,363,12,6,28,12,54,25,1,16,92,1.928571
3952,502,503,520,579,421,7,12,42,9,54,13,1,18,77,1.285714
3953,502,503,506,557,87,0,2,30,2,38,14,1,4,55,1.266667
3954,502,503,559,588,453,21,13,15,40,21,24,1,57,86,1.400000
3955,502,503,566,634,513,17,25,38,23,60,19,1,64,132,1.578947
3956,502,503,504,564,163,0,1,29,1,45,15,1,2,62,1.551724
3957,502,503,511,603,498,6,5,41,5,71,24,1,9,101,1.731707
3958,503,504,508,591,90,3,14,41,2,69,16,1,5,88,1.682927
3959,503,618,749,833,570,62,16,40,51,70,44,115,246,330,1.750000
3960,503,504,552,622,227,24,17,22,33,38,47,1,49,119,1.727273
3961,503,504,531,544,513,21,19,11,19,11,10,1,28,41,1.000000
3962,503,504,553,580,307,33,11,21,38,27,10,1,50,77,1.285714
3963,504,627,745,819,240,55,16,37,40,59,45,123,241,315,1.594595
3964,504,505,521,575,329,7,13,42,14,50,6,1,17,71,1.190476
3965,504,505,508,526,12,1,14,12,3,16,2,1,4,22,1.333333
3966,504,663,847,931,542,20,28,45,24,63,38,159,343,427,1.400000
3967,504,505,516,559,455,4,17,27,7,37,10,1,12,55,1.370370
3968,504,505,513,575,325,3,13,45,7,61,2,1,9,71,1.355556
3969,505,506,610,707,412,93,6,25,74,67,60,1,105,202,2.680000
3970,505,506,507,545,442,1,6,31,0,35,4,1,2,40,1.129032
3971,505,506,517,566,544,10,21,14,6,38,16,1,12,61,2.714286
3972,505,506,536,570,1,30,23,15,22,25,17,1,31,65,1.666667
3973,505,506,550,611,47,30,11,36,34,56,14,1,45,106,1.555556
3974,506,507,517,558,331,5,3,25,7,35,9,1,11,52,1.400000
3975,506,562,742,823,59,26,25,51,22,67,24,56,236,317,1.313725
3976,506,507,519,559,546,9,11,25,9,33,10,1,13,53,1.320000
3977,506,507,522,565,119,15,12,18,13,36,9,1,16,59,2.000000
3978,506,507,514,582,467,5,6,28,7,44,24,1,8,76,1.571429
3979,506,533,840,910,261,21,26,39,21,63,18,27,334,404,1.615385
3980,506,507,523,553,204,11,17,23,9,27,10,1,17,47,1.173913
3981,507,508,521,554,85,6,11,18,9,26,11,1,14,47,1.444444
3982,507,508,541,588,502,22,8,23,23,37,20,1,34,81,1.608696
3983,507,508,520,600,245,6,17,36,7,68,17,1,13,93,1.888889
3984,507,533,846,884,202,17,36,27,25,33,13,26,339,377,1.222222
3985,508,509,511,538,85,1,8,13,2,19,8,1,3,30,1.461538
3986,508,509,527,562,423,17,14,22,12,30,11,1,19,54,1.363636
3987,508,509,555,572,455,23,24,9,26,13,17,1,47,64,1.444444
3988,508,509,512,559,441,1,12,24,2,32,16,1,4,51,1.333333
3989,508,509,520,547,43,2,13,18,7,26,5,1,12,39,1.444444
3990,509,510,634,680,450,106,14,38,83,42,41,1,125,171,1.105263
3991,509,510,516,602,294,6,20,33,6,63,23,1,7,93,1.909091
3992,509,510,542,581,207,17,14,24,21,32,18,1,33,72,1.333333
3993,509,510,578,654,313,54,15,40,47,72,25,1,69,145,1.800000
3994,509,642,765,837,579,36,23,18,61,54,38,133,256,328,3.000000
3995,509,510,515,592,60,1,37,44,4,68,10,1,6,83,1.545455
3996,509,663,871,923,524,28,32,29,36,45,27,154,362,414,1.551724
3997,509,510,538,613,423,21,10,31,18,73,12,1,29,104,2.354839
3998,509,510,526,606,455,8,23,48,13,76,7,1,17,97,1.583333
3999,509,510,517,558,217,4,27,34,5,36,7,1,8,49,1.058824
4000,509,510,535,589,46,21,13,27,14,39,26,1,26,80,1.444444
4001,510,675,905,974,482,32,22,43,51,59,29,165,395,464,1.372093
4002,510,754,785,869,180,6,33,54,10,84,1,244,275,359,1.555556
4003,510,512,564,650,415,24,6,33,37,65,36,2,54,140,1.969697
4004,511,512,533,588,423,17,8,30,14,52,10,1,22,77,1.733333
4005,511,512,525,597,96,11,8,19,12,59,14,1,14,86,3.105263
4006,511,512,535,593,271,4,8,29,9,57,2,1,24,82,1.965517
4007,511,512,534,553,123,17,14,15,16,19,6,1,23,42,1.266667
4008,511,512,516,567,85,3,5,24,4,46,5,1,5,56,1.916667
4009,512,513,514,585,450,1,8,35,1,65,6,1,2,73,1.857143
4010,512,513,517,589,172,1,15,40,3,72,1,1,5,77,1.800000
4011,512,513,513,587,412,0,0,47,0,67,7,1,1,75,1.425532
4012,512,513,568,625,315,43,15,28,46,52,13,1,56,113,1.857143
4013,512,513,541,616,307,17,4,29,21,63,19,1,29,104,2.172414
4014,512,513,528,589,108,9,5,45,13,57,6,1,16,77,1.266667
4015,512,513,528,588,142,12,12,10,11,44,20,1,16,76,4.400000
4016,512,515,583,657,153,48,22,43,51,69,18,3,71,145,1.604651
4017,513,514,565,645,172,37,12,27,33,73,25,1,52,132,2.703704
4018,513,514,523,549,430,4,6,22,6,26,3,1,10,36,1.181818
4019,513,514,535,577,207,12,13,24,11,36,16,1,22,64,1.500000
4020,514,515,564,637,129,34,15,46,36,70,16,1,50,123,1.521739
4021,514,515,586,656,172,47,12,25,52,55,34,1,72,142,2.200000
4022,514,515,598,609,324,77,11,10,58,10,26,1,84,95,1.000000
4023,514,515,595,615,60,76,24,17,49,19,32,1,81,101,1.117647
4024,514,515,612,688,15,89,8,26,56,54,63,1,98,174,2.076923
4025,514,515,532,562,323,11,4,14,11,22,14,1,18,48,1.571429
4026,514,515,527,616,29,9,6,42,8,66,27,1,13,102,1.571429
4027,514,515,520,563,415,0,5,35,5,41,2,1,6,49,1.171429
4028,514,515,545,608,106,24,5,26,24,48,21,1,31,94,1.846154
4029,515,553,588,638,436,18,18,29,22,41,13,38,73,123,1.413793
4030,515,516,771,848,123,190,7,49,150,65,117,1,256,333,1.326531
4031,515,516,532,550,294,8,9,10,7,14,13,1,17,35,1.400000
4032,515,787,953,-1,339,31,26,51,34,44,14,272,438,-1,0.862745
4033,515,521,558,632,576,5,9,48,20,68,9,6,43,117,1.416667
4034,515,516,519,557,520,2,15,15,2,27,12,1,4,42,1.800000
4035,516,598,624,668,184,4,4,30,14,36,12,82,108,152,1.200000
4036,516,517,534,598,323,12,13,42,11,50,19,1,18,82,1.190476
4037,517,631,641,694,49,2,8,15,5,33,21,114,124,177,2.200000
4038,517,518,548,618,332,17,11,21,20,51,29,1,31,101,2.428571
4039,517,518,653,691,205,116,12,24,98,36,39,1,136,174,1.500000
4040,517,518,519,583,324,1,11,20,1,52,12,1,2,66,2.600000
4041,517,518,531,581,5,5,10,25,5,41,17,1,14,64,1.640000
4042,517,518,574,607,274,42,15,15,42,29,16,1,57,90,1.933333
4043,517,518,637,695,177,107,7,38,88,50,39,1,120,178,1.315789
4044,517,518,551,636,122,30,40,53,23,79,16,1,34,119,1.490566
4045,518,519,612,693,258,82,18,32,72,64,38,1,94,175,2.000000
4046,518,-1,-1,-1,-1,0,-1,10,0,0,0,-1,-1,-1,0.000000
4047,518,519,607,673,193,42,7,36,68,62,24,1,89,155,1.722222
4048,518,754,796,837,262,9,27,27,12,33,13,236,278,319,1.222222
4049,518,631,681,758,180,18,6,36,15,62,25,113,163,240,1.722222
4050,518,519,543,590,16,11,9,24,13,42,16,1,25,72,1.750000
4051,518,519,573,657,455,49,23,44,38,70,30,1,55,139,1.590909
4052,518,527,791,853,282,35,3,20,41,50,35,9,273,335,2.500000
4053,518,520,626,726,595,23,33,51,35,79,30,2,108,208,1.549020
4054,519,520,523,557,135,2,12,21,3,27,7,1,4,38,1.285714
4055,519,520,542,615,289,15,15,29,20,71,4,1,23,96,2.448276
4056,519,520,523,595,123,3,7,45,3,67,5,1,4,76,1.488889
4057,519,520,556,613,129,30,14,24,25,38,30,1,37,94,1.583333
4058,519,562,735,808,202,19,26,52,17,66,14,43,216,289,1.269231
4059,519,520,522,572,414,0,2,20,2,34,16,1,3,53,1.700000
4060,520,521,573,652,533,44,14,35,41,65,25,1,53,132,1.857143
4061,520,-1,-1,-1,-1,0,-1,28,0,0,0,-1,-1,-1,0.000000
4062,520,521,523,589,376,0,2,17,2,51,15,1,3,69,3.000000
4063,520,521,527,606,564,2,7,47,5,77,3,1,7,86,1.638298
4064,520,521,554,576,149,30,6,15,26,19,10,1,34,56,1.266667
4065,520,522,557,601,385,17,13,38,20,42,17,2,37,81,1.105263
4066,520,521,606,656,489,61,11,35,50,41,44,1,86,136,1.171429
4067,520,675,867,950,223,20,27,43,22,67,24,155,347,430,1.558140
4068,521,524,568,641,106,29,5,28,24,60,33,3,47,120,2.142857
4069,521,522,541,622,36,12,10,30,12,60,28,1,20,101,2.000000
4070,521,522,572,648,437,44,6,26,43,58,25,1,51,127,2.230769
4071,521,522,533,598,274,3,17,46,8,62,6,1,12,77,1.347826
4072,521,522,531,594,266,5,16,49,7,55,10,1,10,73,1.122449
4073,522,523,551,587,305,19,11,22,17,28,16,1,29,65,1.272727
4074,522,610,709,758,296,32,17,45,35,45,10,88,187,236,1.000000
4075,522,675,894,979,83,18,30,48,18,82,14,153,372,457,1.708333
4076,522,725,848,919,21,14,16,55,24,67,9,203,326,397,1.218182
4077,522,-1,-1,-1,-1,0,-1,30,0,0,0,-1,-1,-1,0.000000
4078,522,523,560,602,579,24,4,30,25,38,16,1,38,80,1.266667
4079,522,523,531,582,497,8,24,39,5,45,9,1,9,60,1.153846
4080,522,523,555,581,1,30,40,14,26,20,12,1,33,59,1.428571
4081,522,523,530,568,437,4,6,19,5,35,5,1,8,46,1.842105
4082,523,524,574,616,519,50,12,21,36,29,27,1,51,93,1.380952
4083,523,524,573,583,513,35,18,8,36,10,13,1,50,60,1.250000
4084,523,524,640,658,489,73,19,14,82,16,30,1,117,135,1.142857
4085,523,524,566,662,472,36,12,36,24,78,36,1,43,139,2.166667
4086,524,553,697,776,427,70,19,19,74,63,59,29,173,252,3.315789
4087,524,525,537,589,58,4,6,24,9,42,13,1,13,65,1.750000
4088,524,525,531,570,123,4,2,20,4,38,3,1,7,46,1.900000
4089,524,558,585,628,369,3,7,36,7,40,4,34,61,104,1.111111
4090,524,525,541,614,135,12,12,37,12,65,12,1,17,90,1.756757
4091,524,525,584,642,202,49,32,24,43,42,32,1,60,118,1.750000
4092,524,525,596,628,197,31,8,26,50,28,25,1,72,104,1.076923
4093,524,525,525,586,515,0,0,28,0,50,11,1,1,62,1.785714
4094,524,525,544,574,172,15,12,18,14,24,11,1,20,50,1.333333
4095,525,526,573,634,297,28,13,25,36,49,23,1,48,109,1.960000
4096,525,528,534,602,322,2,12,40,3,58,11,3,9,77,1.450000
4097,525,526,533,596,521,5,8,18,6,44,19,1,8,71,2.444444
4098,525,526,599,670,321,63,43,22,48,56,40,1,74,145,2.545455
4099,525,527,857,886,261,53,23,26,87,28,29,2,332,361,1.076923
4100,526,527,722,787,447,171,37,39,159,59,42,1,196,261,1.512821
4101,526,527,588,649,521,40,7,17,48,47,22,1,62,123,2.764706
4102,526,527,591,638,516,41,4,26,48,36,27,1,65,112,1.384615
4103,526,725,859,901,482,19,22,30,22,36,17,199,333,375,1.200000
4104,526,640,744,815,126,45,22,37,37,57,32,114,218,289,1.540541
4105,526,527,543,559,543,12,13,13,15,15,2,1,17,33,1.153846
4106,526,527,566,645,301,37,42,36,24,56,38,1,40,119,1.555556
4107,526,527,565,659,129,22,13,23,27,73,32,1,39,133,3.173913
4108,527,528,531,601,205,3,11,50,3,68,2,1,4,74,1.360000
4109,527,528,554,592,8,17,7,17,18,25,21,1,27,65,1.470588
4110,527,562,743,825,146,25,31,42,23,66,23,35,216,298,1.571429
4111,527,528,529,590,106,0,1,30,1,44,17,1,2,63,1.466667
4112,528,529,537,629,356,6,36,30,4,62,34,1,9,101,2.066667
4113,528,-1,-1,-1,-1,0,-1,36,0,0,0,-1,-1,-1,0.000000
4114,529,530,534,548,138,2,9,11,3,11,4,1,5,19,1.000000
4115,529,530,531,602,437,0,1,19,1,59,12,1,2,73,3.105263
4116,529,530,532,588,594,0,2,21,2,43,13,1,3,59,2.047619
4117,529,530,563,624,199,19,16,47,27,57,9,1,34,95,1.212766
4118,529,530,590,668,403,55,22,58,46,70,22,1,61,139,1.206897
4119,529,530,539,609,273,4,10,52,5,64,10,1,10,80,1.230769
4120,529,530,534,616,497,3,17,29,4,57,25,1,5,87,1.965517
4121,529,530,659,729,330,115,49,16,93,48,58,1,130,200,3.000000
4122,530,531,540,574,441,7,21,19,5,27,11,1,10,44,1.421053
4123,530,531,551,618,330,16,16,53,14,63,9,1,21,88,1.188679
4124,530,531,779,809,301,212,41,14,170,30,78,1,249,279,2.142857
4125,530,640,728,739,531,26,22,11,17,11,17,110,198,209,1.000000
4126,531,640,740,806,413,33,20,28,28,58,22,109,209,275,2.071429
4127,531,532,594,662,299,47,14,44,45,58,27,1,63,131,1.318182
4128,531,532,534,581,43,0,2,22,2,42,5,1,3,50,1.909091
4129,531,532,550,573,101,8,11,18,13,22,5,1,19,42,1.222222
4130,532,533,543,614,8,6,8,51,5,69,7,1,11,82,1.352941
4131,532,533,537,616,301,4,20,48,4,76,3,1,5,84,1.583333
4132,532,533,539,636,273,1,9,45,6,85,12,1,7,104,1.888889
4133,532,533,566,656,481,28,22,34,21,54,48,1,34,124,1.588235
4134,532,698,908,976,251,16,24,27,28,47,29,166,376,444,1.740741
4135,532,533,568,623,129,21,11,25,27,39,24,1,36,91,1.560000
4136,532,537,640,691,302,29,25,43,23,49,21,5,108,159,1.139535
4137,532,533,535,612,592,2,10,23,1,57,21,1,3,80,2.478261
4138,532,533,597,630,422,29,11,26,44,28,25,1,65,98,1.076923
4139,532,533,543,624,451,5,26,54,9,72,10,1,11,92,1.333333
4140,532,533,551,616,524,6,13,44,8,56,11,1,19,84,1.272727
4141,532,533,577,598,189,35,10,10,25,20,20,1,45,66,2.000000
4142,533,534,543,608,212,2,10,10,6,42,26,1,10,75,4.200000
4143,533,534,545,594,592,10,12,32,11,42,7,1,12,61,1.312500
4144,533,534,573,650,22,35,33,55,28,73,15,1,40,117,1.327273
4145,533,534,550,615,266,9,17,31,13,57,9,1,17,82,1.838710
4146,533,553,593,667,473,8,16,47,15,61,18,20,60,134,1.297872
4147,533,534,595,619,110,57,51,17,52,23,10,1,62,86,1.352941
4148,533,534,540,609,576,0,12,27,5,49,20,1,7,76,1.814815
4149,533,534,536,594,299,2,14,31,0,55,5,1,3,61,1.774194
4150,533,534,543,589,1,6,10,25,7,35,13,1,10,56,1.400000
4151,534,797,943,-1,395,19,26,45,20,51,11,263,409,-1,1.133333
4152,534,535,561,629,111,14,12,22,21,52,21,1,27,95,2.363636
4153,534,535,663,745,4,113,23,24,86,66,58,1,129,211,2.750000
4154,534,542,840,904,402,7,12,43,12,59,9,8,306,370,1.372093
4155,534,535,542,550,209,7,5,8,6,8,1,1,8,16,1.000000
4156,534,535,538,590,524,2,13,43,2,45,8,1,4,56,1.046512
4157,534,535,538,593,269,0,3,35,3,49,6,1,4,59,1.400000
4158,535,536,581,656,247,36,39,53,34,73,11,1,46,121,1.377358
4159,535,536,537,592,53,1,13,38,1,46,9,1,2,57,1.210526
4160,535,536,635,739,230,82,53,39,75,71,55,1,100,204,1.820513
4161,535,536,565,642,189,17,8,17,26,65,15,1,30,107,3.823529
4162,535,536,665,713,75,118,49,21,94,31,52,1,130,178,1.476190
4163,535,536,543,591,509,2,14,25,6,29,19,1,8,56,1.160000
4164,536,537,547,618,475,8,14,44,9,62,10,1,11,82,1.409091
4165,537,558,642,712,49,36,11,48,45,68,15,21,105,175,1.416667
4166,537,538,604,684,112,32,10,45,43,77,26,1,67,147,1.711111
4167,537,538,598,652,592,41,5,34,41,48,25,1,61,115,1.411765
4168,537,548,626,637,452,51,16,9,63,9,17,11,89,100,1.000000
4169,537,538,612,699,28,70,47,37,48,79,34,1,75,162,2.135135
4170,537,754,809,841,479,16,33,19,17,25,15,217,272,304,1.315789
4171,537,538,541,616,179,2,11,46,1,70,7,1,4,79,1.521739
4172,538,539,550,633,144,8,5,28,9,82,3,1,12,95,2.928571
4173,538,539,553,602,347,8,12,27,12,41,10,1,15,64,1.518519
4174,538,539,546,589,28,6,16,37,6,43,1,1,8,51,1.162162
4175,538,539,565,580,494,24,8,14,20,14,7,1,27,42,1.000000
4176,539,540,543,626,322,0,1,33,3,57,26,1,4,87,1.727273
4177,539,698,866,929,490,5,22,39,10,47,20,159,327,390,1.205128
4178,539,540,547,630,426,7,8,23,5,65,20,1,8,91,2.826087
4179,539,567,764,833,146,40,32,41,35,57,25,28,225,294,1.390244
4180,539,540,550,573,204,8,26,12,10,22,1,1,11,34,1.833333
4181,540,582,582,630,488,0,0,12,0,40,8,42,42,90,3.333333
4182,540,541,564,599,199,19,11,17,17,29,12,1,24,59,1.705882
4183,540,541,554,601,129,12,16,31,11,45,4,1,14,61,1.451613
4184,540,567,763,784,422,35,18,17,29,17,19,27,223,244,1.000000
4185,540,541,584,623,222,38,14,23,34,29,19,1,44,83,1.260870
4186,540,541,543,586,361,1,8,22,2,38,5,1,3,46,1.727273
4187,540,814,876,925,542,17,28,39,25,43,13,274,336,385,1.102564
4188,541,542,543,631,260,0,1,55,1,81,7,1,2,90,1.472727
4189,542,814,881,934,466,14,13,43,24,47,11,272,339,392,1.093023
4190,542,543,548,617,359,3,17,22,4,48,22,1,6,75,2.181818
4191,542,567,717,786,582,9,10,53,9,63,7,25,175,244,1.188679
4192,542,543,561,589,151,15,12,9,11,21,14,1,19,47,2.333333
4193,543,544,544,602,92,0,0,23,0,35,23,1,1,59,1.521739
4194,543,544,558,643,558,11,9,27,9,61,29,1,15,100,2.259259
4195,543,544,545,553,507,0,1,7,1,7,1,1,2,10,1.000000
4196,543,584,584,601,214,0,0,13,0,15,2,41,41,58,1.153846
4197,543,544,617,694,302,65,10,17,45,45,60,1,74,151,2.647059
4198,543,544,717,813,555,113,21,33,119,73,77,1,174,270,2.212121
4199,544,545,557,593,550,12,8,14,9,26,13,1,13,49,1.857143
4200,544,545,626,667,22,57,18,32,55,38,29,1,82,123,1.187500
4201,544,545,598,675,302,36,10,30,37,64,29,1,54,131,2.133333
4202,544,818,882,935,518,11,14,45,13,49,12,274,338,391,1.088889
4203,544,545,547,574,37,0,2,21,2,25,2,1,3,30,1.190476
4204,544,545,580,628,16,20,10,28,26,40,17,1,36,84,1.428571
4205,545,546,557,600,559,9,4,29,11,37,6,1,12,55,1.275862
4206,545,546,551,585,332,5,18,14,4,22,13,1,6,40,1.571429
4207,545,546,576,639,222,22,7,18,19,42,32,1,31,94,2.333333
4208,545,698,958,-1,340,12,22,29,50,36,16,153,413,-1,1.241379
4209,545,546,550,617,151,2,11,44,2,58,11,1,5,72,1.318182
4210,546,764,817,889,579,16,26,34,20,62,15,218,271,343,1.823529
4211,546,547,609,682,403,55,6,33,45,59,31,1,63,136,1.787879
4212,546,547,559,590,205,7,12,17,11,25,7,1,13,44,1.470588
4213,546,547,551,583,122,2,6,16,4,22,10,1,5,37,1.375000
4214,547,548,634,695,274,78,21,30,69,48,28,1,87,148,1.600000
4215,547,548,565,599,593,13,5,17,14,29,8,1,18,52,1.705882
4216,547,548,564,612,140,13,15,27,11,47,6,1,17,65,1.740741
4217,547,548,548,600,13,0,0,23,0,37,15,1,1,53,1.608696
4218,547,548,563,646,8,10,8,26,9,56,33,1,16,99,2.153846
4219,547,548,550,632,513,1,29,50,1,80,3,1,3,85,1.600000
4220,547,548,554,642,170,2,6,44,6,80,8,1,7,95,1.818182
4221,547,548,620,634,581,58,12,13,47,13,26,1,73,87,1.000000
4222,547,548,593,652,485,40,28,27,36,47,21,1,46,105,1.740741
4223,548,549,602,645,595,46,22,17,38,31,27,1,54,97,1.823529
4224,548,549,567,640,129,9,6,33,15,71,5,1,19,92,2.151515
4225,548,549,575,584,524,16,2,7,25,7,3,1,27,36,1.000000
4226,548,549,574,634,151,19,8,34,18,46,21,1,26,86,1.352941
4227,548,549,572,603,162,18,17,21,17,23,14,1,24,55,1.095238
4228,548,549,556,580,564,6,7,21,6,23,2,1,8,32,1.095238
4229,548,549,586,657,247,31,26,23,25,51,32,1,38,109,2.217391
4230,548,575,602,653,555,11,19,46,19,48,7,27,54,105,1.043478
4231,548,549,564,615,42,14,25,36,10,36,20,1,16,67,1.000000
4232,548,549,554,581,239,4,12,12,4,24,4,1,6,33,2.000000
4233,549,550,552,633,361,0,1,42,1,70,11,1,3,84,1.666667
4234,549,550,551,623,491,1,3,31,0,59,14,1,2,74,1.903226
4235,549,550,566,607,450,12,4,31,12,35,9,1,17,58,1.129032
4236,549,553,621,715,381,21,15,38,34,68,35,4,72,166,1.789474
4237,549,550,566,581,4,14,9,11,10,11,10,1,17,32,1.000000
4238,549,550,584,667,151,18,11,19,19,61,37,1,35,118,3.210526
4239,549,550,626,670,212,52,2,25,47,37,36,1,77,121,1.480000
4240,549,553,758,816,358,61,36,47,56,55,25,4,209,267,1.170213
4241,549,550,620,635,472,55,12,15,54,15,16,1,71,86,1.000000
4242,550,551,567,655,452,10,16,29,14,67,23,1,17,105,2.310345
4243,550,654,672,755,231,4,18,32,4,66,18,104,122,205,2.062500
4244,550,551,665,711,441,112,29,15,72,37,51,1,115,161,2.466667
4245,550,551,552,629,312,0,1,58,1,76,1,1,2,79,1.310345
4246,550,551,586,634,151,22,11,25,31,37,15,1,36,84,1.480000
4247,550,552,557,605,122,0,5,28,5,38,10,2,7,55,1.357143
4248,550,551,562,614,171,8,14,33,7,45,11,1,12,64,1.363636
4249,550,551,551,578,189,0,0,21,0,27,0,1,1,28,1.285714
4250,550,551,656,742,481,56,15,36,80,78,33,1,106,192,2.166667
4251,550,551,592,684,491,30,3,47,34,89,10,1,42,134,1.893617
4252,550,551,662,706,174,93,16,26,66,36,53,1,112,156,1.384615
4253,551,552,554,626,212,2,1,22,0,56,18,1,3,75,2.545455
4254,551,552,595,691,225,25,9,29,34,77,28,1,44,140,2.655172
4255,551,552,593,608,450,35,2,11,27,13,13,1,42,57,1.181818
4256,551,797,946,-1,274,18,16,41,18,51,11,246,395,-1,1.243902
4257,551,552,620,640,145,50,9,11,47,13,28,1,69,89,1.181818
4258,551,552,609,639,276,50,11,16,46,24,17,1,58,88,1.500000
4259,551,818,909,979,507,16,25,50,21,60,18,267,358,428,1.200000
4260,551,552,572,620,431,14,10,38,15,42,11,1,21,69,1.105263
4261,551,552,684,707,302,118,4,16,81,22,50,1,133,156,1.375000
4262,552,553,557,626,212,3,1,47,4,61,8,1,5,74,1.297872
4263,552,553,554,629,99,0,1,23,1,59,16,1,2,77,2.565217
4264,552,818,923,-1,200,14,24,45,30,68,14,266,371,-1,1.511111
4265,552,553,723,748,520,153,20,19,113,21,61,1,171,196,1.105263
4266,552,553,622,697,359,38,40,49,51,67,26,1,70,145,1.367347
4267,553,554,563,637,60,1,3,18,7,44,32,1,10,84,2.444444
4268,553,554,556,631,331,0,2,48,2,72,3,1,3,78,1.500000
4269,553,564,648,743,470,68,20,27,59,67,52,11,95,190,2.481481
4270,553,554,620,638,276,61,12,18,50,18,16,1,67,85,1.000000
4271,553,554,574,667,343,7,6,53,18,87,8,1,21,114,1.641509
4272,553,554,593,628,176,30,52,27,26,33,15,1,40,75,1.222222
4273,553,554,599,678,250,27,12,25,25,59,40,1,46,125,2.360000
4274,554,555,712,805,175,139,19,46,108,80,62,1,158,251,1.739130
4275,554,555,703,728,250,92,12,10,99,18,56,1,149,174,1.800000
4276,554,555,558,603,382,3,2,35,2,43,3,1,4,49,1.228571
4277,554,555,598,609,369,33,4,10,34,10,10,1,44,55,1.000000
4278,554,555,566,603,378,6,8,26,10,32,6,1,12,49,1.230769
4279,554,555,560,631,59,3,22,55,3,65,8,1,6,77,1.181818
4280,554,555,619,690,413,58,12,28,41,70,24,1,65,136,2.500000
4281,554,555,717,756,276,143,15,31,109,35,57,1,163,202,1.129032
4282,555,556,656,725,132,82,53,52,76,62,29,1,101,170,1.192308
4283,555,556,607,666,382,39,4,45,34,55,21,1,52,111,1.222222
4284,555,556,708,795,176,117,7,57,106,79,51,1,153,240,1.385965
4285,555,556,590,676,366,32,21,40,22,82,16,1,35,121,2.050000
4286,556,557,566,615,250,3,11,31,7,47,4,1,10,59,1.516129
4287,556,557,607,672,483,43,6,37,42,57,16,1,51,116,1.540541
4288,556,557,570,648,575,7,5,26,12,72,7,1,14,92,2.769231
4289,556,557,562,636,332,3,19,29,4,43,32,1,6,80,1.482759
4290,556,575,583,634,252,3,26,42,0,50,5,19,27,78,1.190476
4291,556,557,559,642,378,0,2,27,2,61,22,1,3,86,2.259259
4292,556,557,560,627,128,2,9,24,2,50,18,1,4,71,2.083333
4293,556,557,674,764,42,50,13,17,77,65,65,1,118,208,3.823529
4294,556,557,565,638,56,4,11,48,6,68,7,1,9,82,1.416667
4295,556,557,591,677,274,12,17,29,26,67,27,1,35,121,2.310345
4296,556,557,625,721,93,47,12,41,55,69,40,1,69,165,1.682927
4297,557,558,588,637,290,8,12,21,27,39,13,1,31,80,1.857143
4298,557,558,572,619,593,14,3,28,9,38,14,1,15,62,1.357143
4299,557,558,574,628,472,14,14,18,12,38,20,1,17,71,2.111111
4300,557,558,568,577,535,5,6,6,9,8,2,1,11,20,1.333333
4301,557,558,570,630,286,6,9,44,10,54,8,1,13,73,1.227273
4302,557,558,560,607,543,2,19,27,2,41,6,1,3,50,1.518519
4303,557,558,574,607,38,12,5,23,9,27,13,1,17,50,1.173913
4304,558,579,594,647,518,8,20,42,8,50,8,21,36,89,1.190476
4305,558,559,566,603,472,6,13,18,5,24,15,1,8,45,1.333333
4306,558,559,573,663,352,13,11,32,10,72,22,1,15,105,2.250000
4307,558,575,584,632,323,4,23,41,3,43,7,17,26,74,1.048780
4308,558,585,595,639,146,8,20,35,8,39,7,27,37,81,1.114286
4309,558,559,597,640,548,31,3,38,27,40,14,1,39,82,1.052632
4310,558,698,938,-1,173,10,23,55,20,58,13,140,380,-1,1.054545
4311,558,559,697,791,535,116,51,49,77,77,77,1,139,233,1.571429
4312,558,559,605,680,483,32,4,27,32,57,32,1,47,122,2.111111
4313,558,560,563,602,483,0,3,37,3,39,0,2,5,44,1.054054
4314,559,560,572,590,478,6,16,13,12,13,5,1,13,31,1.000000
4315,559,560,561,621,457,0,1,48,1,60,0,1,2,62,1.250000
4316,559,560,617,626,543,38,36,9,35,9,22,1,58,67,1.000000
4317,559,560,566,631,507,4,4,33,5,65,1,1,7,72,1.969697
4318,559,560,565,623,418,2,54,30,3,42,17,1,6,64,1.400000
4319,559,560,562,632,293,0,2,44,2,60,10,1,3,73,1.363636
4320,559,575,591,677,441,6,27,49,7,85,5,16,32,118,1.734694
4321,559,560,564,598,263,2,3,19,3,27,8,1,5,39,1.421053
4322,559,560,562,618,448,2,10,29,2,43,13,1,3,59,1.482759
4323,560,564,578,602,303,13,14,19,10,19,9,4,18,42,1.000000
4324,560,561,563,616,286,1,8,30,2,32,21,1,3,56,1.066667
4325,560,561,569,622,31,1,12,13,5,35,21,1,9,62,2.692308
4326,560,561,724,821,244,130,7,14,98,70,92,1,164,261,5.000000
4327,560,564,585,668,274,14,18,20,17,52,34,4,25,108,2.600000
4328,560,585,610,687,156,17,19,44,22,66,14,25,50,127,1.500000
4329,561,818,920,933,539,15,25,11,20,13,10,257,359,372,1.181818
4330,562,563,566,621,121,3,12,47,3,53,2,1,4,59,1.127660
4331,562,563,567,632,327,0,4,27,4,55,10,1,5,70,2.037037
4332,562,563,567,665,535,1,8,30,2,68,32,1,5,103,2.266667
4333,562,563,656,709,203,72,6,31,60,43,43,1,94,147,1.387097
4334,562,-1,-1,-1,-1,0,-1,42,0,0,0,-1,-1,-1,0.000000
4335,562,563,573,659,598,8,15,27,8,65,23,1,11,97,2.407407
4336,562,563,572,636,111,7,8,18,6,50,17,1,10,74,2.777778
4337,562,-1,-1,-1,-1,0,-1,23,0,0,0,-1,-1,-1,0.000000
4338,563,698,932,-1,393,8,19,60,14,66,3,135,369,-1,1.100000
4339,563,797,947,-1,499,11,13,52,22,50,3,234,384,-1,0.961538
4340,563,564,887,949,162,269,19,47,236,61,88,1,324,386,1.297872
4341,563,564,567,628,10,1,9,27,3,37,24,1,4,65,1.370370
4342,563,569,588,655,386,7,22,26,17,42,25,6,25,92,1.615385
4343,563,698,931,954,461,7,19,12,6,18,11,135,368,391,1.500000
4344,563,564,567,627,132,0,3,51,3,55,5,1,4,64,1.078431
4345,563,821,924,996,322,15,10,41,18,57,26,258,361,433,1.390244
4346,563,564,614,704,598,35,14,32,37,84,19,1,51,141,2.625000
4347,564,565,591,682,162,25,21,44,24,84,9,1,27,118,1.909091
4348,564,565,586,647,454,13,4,19,18,53,11,1,22,83,2.789474
4349,564,565,570,668,127,1,7,32,5,78,20,1,6,104,2.437500
4350,564,565,576,596,455,9,49,14,7,16,8,1,12,32,1.142857
4351,564,565,592,698,586,19,17,33,21,75,37,1,28,134,2.272727
4352,564,565,582,603,46,9,4,18,15,20,3,1,18,39,1.111111
4353,564,655,730,813,453,21,7,48,16,78,16,91,166,249,1.625000
4354,564,565,669,759,429,85,2,35,70,71,53,1,105,195,2.028571
4355,565,566,612,679,429,33,56,45,39,55,19,1,47,114,1.222222
4356,565,566,621,670,539,44,5,21,39,39,26,1,56,105,1.857143
4357,565,566,605,691,351,25,21,38,23,74,28,1,40,126,1.947368
4358,565,566,571,609,262,0,3,25,5,31,7,1,6,44,1.240000
4359,565,566,571,617,9,5,3,17,5,35,11,1,6,52,2.058824
4360,566,797,956,993,339,13,20,25,24,31,11,231,390,427,1.240000
4361,566,567,599,654,292,20,3,33,26,45,16,1,33,88,1.363636
4362,566,568,575,664,352,2,6,32,5,68,23,2,9,98,2.125000
4363,566,698,929,-1,343,7,21,40,7,57,17,132,363,-1,1.425000
4364,566,568,667,686,279,71,21,11,68,15,30,2,101,120,1.363636
4365,566,567,697,784,188,99,11,19,87,69,61,1,131,218,3.631579
4366,567,568,607,680,292,24,4,29,28,69,15,1,40,113,2.379310
4367,567,568,603,654,590,25,14,39,22,49,15,1,36,87,1.256410
4368,567,-1,-1,-1,-1,0,-1,28,0,0,0,-1,-1,-1,0.000000
4369,567,568,569,643,109,0,1,57,1,71,3,1,2,76,1.245614
4370,568,569,600,651,279,25,18,43,18,47,17,1,32,83,1.093023
4371,568,569,583,602,275,11,6,7,11,17,5,1,15,34,2.428571
4372,568,569,569,630,493,0,0,14,0,42,19,1,1,62,3.000000
4373,568,569,574,623,54,4,18,15,2,41,11,1,6,55,2.733333
4374,568,569,578,657,357,3,14,19,7,59,22,1,10,89,3.105263
4375,569,570,597,685,288,20,14,44,21,78,16,1,28,116,1.772727
4376,569,575,589,666,590,3,33,36,6,62,17,6,20,97,1.722222
4377,569,570,661,704,482,71,35,19,52,29,52,1,92,135,1.526316
4378,569,570,582,668,352,6,5,47,9,83,5,1,13,99,1.765957
4379,569,570,589,622,229,10,10,23,14,29,9,1,20,53,1.260870
4380,570,670,726,792,599,13,11,32,6,52,28,100,156,222,1.625000
4381,570,708,768,792,211,27,31,17,30,23,12,138,198,222,1.352941
4382,570,708,789,876,203,32,28,41,43,59,41,138,219,306,1.439024
4383,570,571,589,608,451,13,4,16,12,18,7,1,19,38,1.125000
4384,571,821,919,985,203,11,28,53,16,65,6,250,348,414,1.226415
4385,572,573,694,718,323,112,13,12,76,20,49,1,122,146,1.666667
4386,572,821,950,-1,61,19,36,41,31,37,24,249,378,-1,0.902439
4387,572,573,628,727,25,42,6,18,36,72,46,1,56,155,4.000000
4388,572,573,611,636,532,19,16,16,27,22,14,1,39,64,1.375000
4389,572,573,608,668,200,25,8,41,27,51,17,1,36,96,1.243902
4390,572,575,579,648,380,1,18,40,4,54,15,3,7,76,1.350000
4391,572,573,574,658,429,0,1,19,1,63,21,1,2,86,3.315789
4392,572,573,590,664,131,10,15,28,12,64,15,1,18,92,2.285714
4393,573,574,598,671,413,19,7,21,16,57,24,1,25,98,2.714286
4394,573,574,576,652,451,0,2,36,2,54,22,1,3,79,1.500000
4395,573,574,599,625,31,12,11,18,18,22,11,1,26,52,1.222222
4396,573,574,596,665,25,10,8,40,16,68,3,1,23,92,1.700000
4397,573,574,654,687,115,45,9,14,49,24,40,1,81,114,1.714286
4398,573,574,591,686,39,12,11,15,14,73,25,1,18,113,4.866667
4399,573,574,579,625,590,1,18,18,4,36,11,1,6,52,2.000000
4400,574,575,718,739,482,126,38,11,93,15,55,1,144,165,1.363636
4401,574,575,575,633,473,0,0,31,0,53,5,1,1,59,1.709677
4402,574,782,840,902,110,18,24,21,28,45,23,208,266,328,2.142857
4403,574,575,610,652,557,33,17,30,24,36,17,1,36,78,1.200000
4404,574,575,577,660,419,1,5,37,2,67,16,1,3,86,1.810811
4405,574,575,651,669,303,37,10,12,43,16,20,1,77,95,1.333333
4406,574,698,953,987,83,9,20,19,14,27,10,124,379,413,1.421053
4407,574,821,947,985,542,15,26,27,29,37,8,247,373,411,1.370370
4408,574,575,603,699,357,17,12,30,22,76,26,1,29,125,2.533333
4409,574,782,843,886,579,19,18,17,23,37,13,208,269,312,2.176471
4410,575,576,582,615,12,4,4,15,5,23,11,1,7,40,1.533333
4411,575,576,579,650,517,0,3,42,3,58,13,1,4,75,1.380952
4412,575,576,583,671,232,6,15,25,5,61,29,1,8,96,2.440000
4413,575,576,577,672,317,0,1,20,1,68,27,1,2,97,3.400000
4414,575,576,578,664,46,0,2,37,2,69,17,1,3,89,1.864865
4415,575,800,950,970,332,7,3,14,14,20,5,225,375,395,1.428571
4416,575,576,635,714,435,35,13,20,37,60,41,1,60,139,3.000000
4417,575,576,695,741,557,107,41,18,79,36,49,1,120,166,2.000000
4418,575,576,602,690,252,16,22,35,24,71,19,1,27,115,2.028571
4419,576,577,627,715,54,40,19,29,35,75,28,1,51,139,2.586207
4420,576,577,580,642,415,3,7,41,3,51,11,1,4,66,1.243902
4421,576,577,641,663,518,57,22,19,34,21,31,1,65,87,1.105263
4422,576,577,706,760,42,116,20,32,92,46,45,1,130,184,1.437500
4423,576,577,660,716,161,66,12,36,57,52,30,1,84,140,1.444444
4424,577,578,579,667,148,1,6,31,1,71,17,1,2,90,2.290323
4425,577,782,831,861,236,7,33,21,14,29,1,205,254,284,1.380952
4426,577,578,631,698,108,36,51,48,45,60,15,1,54,121,1.250000
4427,577,578,611,654,232,23,17,39,19,41,14,1,34,77,1.051282
4428,577,578,593,639,598,12,20,25,11,39,11,1,16,62,1.560000
4429,577,578,589,627,590,7,14,27,7,31,11,1,12,50,1.148148
4430,578,579,579,657,98,0,0,40,0,66,12,1,1,79,1.650000
4431,578,579,719,810,22,124,43,33,86,61,83,1,141,232,1.848485
4432,578,873,951,-1,203,18,22,19,33,34,20,295,373,-1,1.789474
4433,578,579,600,672,453,14,18,29,16,45,32,1,22,94,1.551724
4434,578,579,594,621,384,14,22,19,9,25,8,1,16,43,1.315789
4435,578,579,623,674,0,22,16,30,35,44,16,1,45,96,1.466667
4436,579,782,841,864,529,14,17,13,17,15,12,203,262,285,1.153846
4437,579,580,590,615,23,6,7,16,8,22,5,1,11,36,1.375000
4438,579,580,610,640,115,16,9,23,21,29,10,1,31,61,1.260870
4439,579,580,596,643,329,11,10,17,6,37,20,1,17,64,2.176471
4440,579,660,821,894,96,18,23,32,26,64,17,81,242,315,2.000000
4441,579,580,602,611,10,21,55,9,16,9,6,1,23,32,1.000000
4442,579,580,590,684,599,9,9,17,10,63,31,1,11,105,3.705882
4443,579,580,657,750,356,66,12,40,60,84,26,1,78,171,2.100000
4444,579,580,623,710,31,30,15,46,28,72,30,1,44,131,1.565217
4445,580,581,583,683,323,2,17,39,1,71,30,1,3,103,1.820513
4446,580,581,584,605,513,2,17,13,3,19,2,1,4,25,1.461538
4447,580,581,589,677,216,3,16,50,8,78,10,1,9,97,1.560000
4448,580,873,952,977,205,20,21,21,31,23,8,293,372,397,1.095238
4449,580,585,619,705,247,15,16,20,19,66,27,5,39,125,3.300000
4450,580,581,590,680,42,3,24,46,8,72,19,1,10,100,1.565217
4451,580,581,591,630,188,6,14,27,9,35,5,1,11,50,1.296296
4452,581,582,584,612,534,1,4,19,1,25,4,1,3,31,1.315789
4453,581,800,955,-1,394,9,10,17,18,37,12,219,374,-1,2.176471
4454,581,800,975,-1,422,14,11,37,31,23,9,219,394,-1,0.621622
4455,581,582,588,636,485,5,4,39,6,47,1,1,7,55,1.205128
4456,581,582,583,629,413,0,1,25,1,41,5,1,2,48,1.640000
4457,581,582,603,613,446,14,5,9,15,9,7,1,22,32,1.000000
4458,581,582,610,670,580,19,47,21,19,39,30,1,29,89,1.857143
4459,582,583,606,649,503,22,16,23,17,33,16,1,24,67,1.434783
4460,582,583,729,826,584,134,10,41,97,87,59,1,147,244,2.121951
4461,582,873,965,-1,298,21,17,37,26,29,14,291,383,-1,0.783784
4462,582,583,601,616,279,12,6,13,12,13,8,1,19,34,1.000000
4463,582,583,584,623,364,1,15,31,1,33,6,1,2,41,1.064516
4464,582,586,616,716,247,9,17,28,11,78,25,4,34,134,2.785714
4465,583,584,603,666,584,16,12,25,13,45,24,1,20,83,1.800000
4466,583,584,796,881,534,165,8,50,146,76,75,1,213,298,1.520000
4467,583,584,712,785,247,90,12,26,74,66,61,1,129,202,2.538462
4468,583,584,681,727,79,66,6,32,61,40,42,1,98,144,1.250000
4469,584,873,971,-1,439,25,12,24,29,25,11,289,387,-1,1.041667
4470,584,585,598,680,304,3,16,25,9,71,15,1,14,96,2.840000
4471,584,600,665,705,119,36,19,18,39,30,27,16,81,121,1.666667
4472,585,586,665,697,463,51,13,20,51,26,34,1,80,112,1.300000
4473,585,708,855,920,172,25,29,33,49,55,18,123,270,335,1.666667
4474,585,586,593,605,443,0,7,10,7,10,2,1,8,20,1.000000
4475,585,586,622,679,503,22,9,24,30,46,17,1,37,94,1.916667
4476,586,589,610,636,61,12,19,17,15,21,10,3,24,50,1.235294
4477,586,587,606,703,167,13,12,40,12,78,26,1,20,117,1.950000
4478,586,698,-1,-1,244,13,34,48,27,0,1,112,-1,-1,0.000000
4479,586,587,588,660,301,0,1,42,1,64,8,1,2,74,1.523810
4480,586,587,587,670,537,0,0,36,0,76,7,1,1,84,2.111111
4481,586,587,588,628,351,1,12,18,1,34,6,1,2,42,1.888889
4482,586,587,695,736,54,87,18,30,69,32,48,1,109,150,1.066667
4483,586,587,645,711,72,39,17,44,50,56,18,1,59,125,1.272727
4484,587,588,600,677,534,8,6,29,5,63,21,1,13,90,2.172414
4485,587,590,595,615,193,1,4,14,2,16,5,3,8,28,1.142857
4486,587,588,591,636,118,0,3,31,3,37,8,1,4,49,1.193548
4487,587,588,618,687,351,17,13,32,21,52,26,1,31,100,1.625000
4488,587,601,671,746,126,36,16,56,45,72,15,14,84,159,1.285714
4489,587,588,598,636,459,8,4,16,7,32,9,1,11,49,2.000000
4490,587,588,598,664,229,8,4,39,6,53,17,1,11,77,1.358974
4491,588,690,760,787,340,46,34,20,43,20,22,102,172,199,1.000000
4492,588,800,974,-1,110,6,16,23,16,24,4,212,386,-1,1.043478
4493,588,589,602,643,503,6,7,18,12,30,12,1,14,55,1.666667
4494,588,800,976,-1,38,4,17,20,13,18,9,212,388,-1,0.900000
4495,588,590,597,639,188,3,16,26,5,38,6,2,9,51,1.461538
4496,588,590,595,676,61,2,19,29,3,65,18,2,7,88,2.241379
4497,588,589,601,625,510,3,13,17,10,21,5,1,13,37,1.235294
4498,588,589,589,619,270,0,0,22,0,24,6,1,1,31,1.090909
4499,588,589,655,746,441,52,13,43,44,83,30,1,67,158,1.930233
4500,589,590,628,642,168,31,12,12,27,12,13,1,39,53,1.000000
4501,589,590,721,809,427,97,12,49,85,81,53,1,132,220,1.653061
4502,589,590,615,671,573,20,21,42,22,50,9,1,26,82,1.190476
4503,589,590,733,816,383,126,13,48,103,74,49,1,144,227,1.541667
4504,589,594,602,704,86,1,16,26,5,80,25,5,13,115,3.076923
4505,589,921,997,-1,455,6,23,28,22,2,3,332,408,-1,0.071429
4506,589,708,777,848,326,18,25,31,30,53,26,119,188,259,1.709677
4507,589,590,595,644,514,0,5,13,5,37,12,1,6,55,2.846154
4508,589,590,597,669,304,1,15,47,7,69,3,1,8,80,1.468085
4509,590,591,663,708,427,60,11,24,56,40,21,1,73,118,1.666667
4510,590,591,652,738,173,60,51,49,39,73,35,1,62,148,1.489796
4511,590,591,599,675,146,3,17,49,5,71,8,1,9,85,1.448980
4512,590,591,799,853,196,186,17,32,144,44,74,1,209,263,1.375000
4513,590,591,596,659,560,3,7,45,5,51,12,1,6,69,1.133333
4514,590,591,646,732,466,38,7,18,37,58,46,1,56,142,3.222222
4515,590,591,601,700,349,1,6,35,8,85,16,1,11,110,2.428571
4516,591,592,594,690,28,0,2,48,2,82,14,1,3,99,1.708333
4517,591,-1,-1,-1,-1,0,-1,24,0,0,0,-1,-1,-1,0.000000
4518,591,592,596,653,193,0,4,51,4,51,6,1,5,62,1.000000
4519,591,592,619,719,194,21,12,20,15,76,36,1,28,128,3.800000
4520,592,593,600,694,465,5,6,31,4,87,10,1,8,102,2.806452
4521,592,593,628,713,425,29,36,38,22,72,26,1,36,121,1.894737
4522,592,698,965,-1,425,9,15,31,12,30,11,106,373,-1,0.967742
4523,592,593,620,685,220,21,51,34,12,54,26,1,28,93,1.588235
4524,592,593,600,687,42,1,25,62,6,82,6,1,8,95,1.322581
4525,592,593,609,690,420,13,12,25,14,53,30,1,17,98,2.120000
4526,592,594,609,656,401,10,17,15,11,41,10,2,17,64,2.733333
4527,593,594,604,678,129,9,5,10,8,48,28,1,11,85,4.800000
4528,593,594,598,699,14,3,8,23,4,71,30,1,5,106,3.086957
4529,593,708,774,789,590,17,27,11,27,13,6,115,181,196,1.181818
4530,593,602,622,665,126,3,17,26,9,42,3,9,29,72,1.615385
4531,593,782,809,887,234,17,29,37,16,57,26,189,216,294,1.540541
4532,593,594,595,653,71,0,1,23,1,39,19,1,2,60,1.695652
4533,593,660,823,839,223,18,36,11,21,15,9,67,230,246,1.363636
4534,594,782,859,933,152,24,30,37,29,65,19,188,265,339,1.756757
4535,594,595,631,693,304,20,14,29,32,57,9,1,37,99,1.965517
4536,594,921,987,-1,90,0,20,18,2,12,4,327,393,-1,0.666667
4537,594,595,662,708,129,55,4,39,54,41,18,1,68,114,1.051282
4538,594,595,664,753,246,58,14,31,51,67,40,1,70,159,2.161290
4539,594,-1,-1,-1,-1,0,-1,24,0,0,0,-1,-1,-1,0.000000
4540,594,595,690,779,279,65,9,18,67,66,51,1,96,185,3.666667
4541,595,596,696,775,35,89,44,32,66,58,54,1,101,180,1.812500
4542,595,596,661,758,86,29,16,24,28,66,48,1,66,163,2.750000
4543,595,596,645,743,456,42,13,18,27,74,46,1,50,148,4.111111
4544,595,596,634,688,280,29,15,34,23,50,19,1,39,93,1.470588
4545,595,602,795,846,119,62,20,37,94,49,38,7,200,251,1.324324
4546,595,624,899,976,289,2,12,20,9,56,24,29,304,381,2.800000
4547,595,596,604,679,42,8,19,45,6,65,12,1,9,84,1.444444
4548,595,596,623,667,259,17,17,42,17,42,12,1,28,72,1.000000
4549,595,596,605,701,504,3,2,42,7,80,18,1,10,106,1.904762
4550,596,-1,-1,-1,-1,0,-1,8,0,0,0,-1,-1,-1,0.000000
4551,596,601,611,706,364,4,7,41,6,77,18,5,15,110,1.878049
4552,596,597,606,687,45,4,5,52,8,80,2,1,10,91,1.538462
4553,596,708,751,826,420,11,19,54,15,68,11,112,155,230,1.259259
4554,596,597,619,662,218,16,7,27,18,39,8,1,23,66,1.444444
4555,596,597,693,718,590,43,14,22,63,24,34,1,97,122,1.090909
4556,596,597,630,673,220,26,10,26,28,40,8,1,34,77,1.538462
4557,596,597,609,664,405,2,4,19,12,39,16,1,13,68,2.052632
4558,596,597,634,693,401,24,10,29,28,51,17,1,38,97,1.758621
4559,597,921,998,-1,92,3,24,14,6,1,3,324,401,-1,0.071429
4560,597,708,740,822,494,6,15,51,10,67,17,111,143,225,1.313725
4561,597,600,613,664,73,4,10,38,13,46,5,3,16,67,1.210526
4562,597,598,617,672,280,15,12,26,15,48,11,1,20,75,1.846154
4563,597,598,600,674,179,0,2,38,2,50,24,1,3,77,1.315789
4564,597,598,604,613,159,3,18,8,3,8,4,1,7,16,1.000000
4565,597,598,617,650,401,11,9,16,16,26,10,1,20,53,1.625000
4566,598,599,648,708,253,10,1,34,9,52,16,1,50,110,1.529412
4567,598,599,602,663,598,3,5,12,3,44,17,1,4,65,3.666667
4568,598,599,666,685,470,30,3,19,48,19,19,1,68,87,1.000000
4569,598,599,657,709,111,44,6,36,43,46,21,1,59,111,1.277778
4570,598,708,754,839,16,9,22,52,12,72,19,110,156,241,1.384615
4571,598,599,613,640,555,12,10,18,10,24,7,1,15,42,1.333333
4572,599,600,620,651,351,10,7,20,13,30,8,1,21,52,1.500000
4573,599,600,642,705,478,37,6,29,18,63,24,1,43,106,2.172414
4574,599,600,630,706,568,28,15,47,24,71,11,1,31,107,1.510638
4575,599,600,610,699,218,10,5,15,9,43,47,1,11,100,2.866667
4576,600,601,612,696,246,10,19,45,9,73,13,1,12,96,1.622222
4577,600,601,678,718,32,61,6,20,49,34,34,1,78,118,1.700000
4578,600,601,601,622,108,0,0,18,0,20,1,1,1,22,1.111111
4579,600,-1,-1,-1,-1,0,-1,23,0,0,0,-1,-1,-1,0.000000
4580,600,601,603,698,349,0,2,21,2,65,30,1,3,98,3.095238
4581,600,601,610,689,596,6,7,46,8,58,22,1,10,89,1.260870
4582,600,601,602,680,111,0,1,28,1,60,18,1,2,80,2.142857
4583,601,602,683,753,584,60,5,41,61,57,33,1,82,152,1.390244
4584,601,602,605,705,285,2,9,31,3,79,21,1,4,104,2.548387
4585,601,602,662,727,195,41,5,12,40,50,33,1,61,126,4.166667
4586,601,602,696,745,405,61,2,24,63,38,42,1,95,144,1.583333
4587,601,602,720,750,175,89,31,24,78,26,44,1,119,149,1.083333
4588,601,671,697,790,593,9,11,42,8,74,25,70,96,189,1.761905
4589,601,602,617,692,15,7,14,23,13,61,16,1,16,91,2.652174
4590,601,735,746,757,311,2,8,9,9,11,0,134,145,156,1.222222
4591,601,605,642,655,310,20,6,11,28,11,7,4,41,54,1.000000
4592,602,603,694,727,543,66,12,17,69,25,30,1,92,125,1.470588
4593,602,603,614,672,89,1,6,19,7,39,23,1,12,70,2.052632
4594,602,603,619,641,304,5,14,11,10,17,11,1,17,39,1.545455
4595,602,603,611,713,364,6,1,40,7,76,27,1,9,111,1.900000
4596,602,603,701,744,383,83,50,23,68,27,46,1,99,142,1.173913
4597,602,603,621,650,560,9,3,25,17,29,1,1,19,48,1.160000
4598,602,-1,-1,-1,-1,0,-1,28,0,0,0,-1,-1,-1,0.000000
4599,602,637,646,713,476,6,18,47,4,51,20,35,44,111,1.085106
4600,602,603,617,689,61,8,13,37,6,61,19,1,15,87,1.648649
4601,602,905,998,-1,500,28,30,37,36,2,10,303,396,-1,0.054054
4602,602,603,648,675,223,29,15,10,31,18,23,1,46,73,1.800000
4603,602,603,628,720,195,9,4,29,17,55,45,1,26,118,1.896552
4604,602,603,616,634,175,10,31,17,10,17,4,1,14,32,1.000000
4605,603,605,613,692,560,4,5,43,7,59,21,2,10,89,1.372093
4606,603,604,666,713,230,49,6,28,40,46,23,1,63,110,1.642857
4607,603,604,607,674,515,3,1,14,3,40,27,1,4,71,2.857143
4608,603,613,746,813,96,44,19,32,52,56,35,10,143,210,1.750000
4609,603,604,611,674,246,6,18,46,5,54,11,1,8,71,1.173913
4610,603,604,661,694,456,41,13,22,34,28,28,1,58,91,1.272727
4611,603,604,608,687,565,1,13,14,4,54,25,1,5,84,3.857143
4612,603,604,609,685,18,5,4,45,5,69,7,1,6,82,1.533333
4613,603,671,686,711,406,5,16,15,2,19,12,68,83,108,1.266667
4614,603,604,610,683,351,3,7,27,4,59,16,1,7,80,2.185185
4615,604,605,610,668,483,0,3,36,5,58,0,1,6,64,1.611111
4616,605,606,690,781,337,63,31,16,51,60,64,1,85,176,3.750000
4617,605,660,827,860,193,14,18,29,21,31,7,55,222,255,1.068966
4618,605,606,622,689,304,12,29,28,11,50,22,1,17,84,1.785714
4619,605,671,733,803,389,10,22,46,12,60,16,66,128,198,1.304348
4620,605,606,606,616,211,0,0,9,0,9,1,1,1,11,1.000000
4621,605,905,996,-1,420,25,17,35,30,3,13,300,391,-1,0.085714
4622,606,607,641,690,350,26,15,16,26,32,25,1,35,84,2.000000
4623,606,607,662,712,119,42,16,40,35,44,26,1,56,106,1.100000
4624,606,607,621,657,551,8,4,21,13,29,8,1,15,51,1.380952
4625,606,607,627,669,543,10,15,15,13,25,24,1,21,63,1.666667
4626,607,608,639,726,39,30,12,14,22,70,26,1,32,119,5.000000
4627,607,738,772,861,311,6,5,40,26,60,31,131,165,254,1.500000
4628,607,608,608,687,162,0,0,29,0,65,14,1,1,80,2.241379
4629,607,608,632,682,444,16,10,17,15,41,18,1,25,75,2.411765
4630,607,608,613,648,427,0,8,26,4,32,3,1,6,41,1.230769
4631,607,608,618,715,567,10,11,31,8,69,30,1,11,108,2.225806
4632,607,617,641,734,96,1,21,25,3,67,29,10,34,127,2.680000
4633,608,609,679,774,57,65,17,34,42,74,49,1,71,166,2.176471
4634,608,698,-1,-1,531,9,18,10,9,0,6,90,-1,-1,0.000000
4635,608,609,629,717,430,15,7,31,17,73,18,1,21,109,2.354839
4636,608,609,659,757,557,42,1,39,35,87,26,1,51,149,2.230769
4637,608,698,-1,-1,154,8,29,37,8,0,5,90,-1,-1,0.000000
4638,608,609,610,640,427,0,1,17,1,23,7,1,2,32,1.352941
4639,608,609,623,699,235,10,1,46,12,74,4,1,15,91,1.608696
4640,608,-1,-1,-1,-1,0,-1,31,0,0,0,-1,-1,-1,0.000000
4641,609,610,782,795,513,131,14,10,125,12,48,1,173,186,1.200000
4642,609,635,668,737,228,22,18,57,22,61,16,26,59,128,1.070175
4643,609,610,626,640,389,5,11,7,15,11,4,1,17,31,1.571429
4644,609,708,877,928,440,18,30,32,25,44,19,99,268,319,1.375000
4645,609,610,747,790,384,123,21,21,93,31,53,1,138,181,1.476190
4646,609,905,997,-1,249,24,39,58,29,3,13,296,388,-1,0.051724
4647,609,698,-1,-1,494,8,19,51,9,0,3,89,-1,-1,0.000000
4648,609,610,644,657,441,31,17,11,20,13,14,1,35,48,1.181818
4649,609,-1,-1,-1,-1,0,-1,51,0,0,0,-1,-1,-1,0.000000
4650,610,611,613,688,51,1,4,32,2,56,19,1,3,78,1.750000
4651,611,612,624,699,238,12,16,27,9,49,29,1,13,88,1.814815
4652,611,612,624,653,22,9,5,25,11,27,3,1,13,42,1.080000
4653,611,612,612,705,325,0,0,21,0,67,26,1,1,94,3.190476
4654,611,612,666,745,175,35,16,15,41,49,43,1,55,134,3.266667
4655,611,671,680,728,526,2,17,20,2,42,7,60,69,117,2.100000
4656,611,612,619,686,384,2,21,50,5,62,7,1,8,75,1.240000
4657,612,618,649,731,107,9,24,50,24,70,12,6,37,119,1.400000
4658,612,637,662,735,228,16,18,61,12,73,8,25,50,123,1.196721
4659,612,613,656,716,230,36,1,29,33,47,23,1,44,104,1.620690
4660,612,671,779,853,95,40,20,49,37,65,32,59,167,241,1.326531
4661,613,614,619,666,180,3,10,36,3,42,7,1,6,53,1.166667
4662,613,614,634,711,8,15,11,36,17,62,18,1,21,98,1.722222
4663,613,614,614,635,294,0,0,14,0,16,5,1,1,22,1.142857
4664,613,614,624,647,285,2,8,18,3,20,10,1,11,34,1.111111
4665,613,618,625,657,114,0,7,29,7,29,3,5,12,44,1.000000
4666,613,614,731,809,437,110,19,45,72,69,54,1,118,196,1.533333
4667,614,671,671,743,545,0,0,35,0,57,15,57,57,129,1.628571
4668,614,615,714,739,444,39,9,16,73,22,29,1,100,125,1.375000
4669,614,615,641,725,150,17,10,25,18,73,19,1,27,111,2.920000
4670,614,615,635,721,258,15,14,22,14,68,24,1,21,107,3.090909
4671,614,615,625,695,284,7,8,50,10,66,4,1,11,81,1.320000
4672,614,615,641,699,519,15,12,42,9,56,19,1,27,85,1.333333
4673,615,616,618,713,5,0,2,24,2,80,15,1,3,98,3.333333
4674,615,616,621,716,286,5,10,40,5,88,7,1,6,101,2.200000
4675,615,616,643,708,525,20,12,16,25,46,21,1,28,93,2.875000
4676,615,616,646,679,210,22,10,24,24,30,9,1,31,64,1.250000
4677,615,782,878,943,144,34,34,55,36,63,16,167,263,328,1.145455
4678,615,638,684,704,444,29,10,15,28,19,11,23,69,89,1.266667
4679,615,616,617,703,295,0,1,47,1,83,3,1,2,88,1.765957
4680,615,616,715,814,548,73,10,24,68,96,34,1,100,199,4.000000
4681,615,616,654,735,15,35,20,35,28,63,28,1,39,120,1.800000
4682,616,617,630,714,225,11,17,58,12,82,3,1,14,98,1.413793
4683,616,617,689,736,182,58,13,17,48,31,40,1,73,120,1.823529
4684,616,617,625,704,15,7,19,47,6,77,4,1,9,88,1.638298
4685,616,617,670,761,439,44,20,28,42,68,34,1,54,145,2.428571
4686,616,617,764,799,507,108,11,27,96,31,55,1,148,183,1.148148
4687,616,998,-1,-1,42,0,21,28,1,0,0,382,-1,-1,0.000000
4688,616,617,628,675,150,6,11,34,6,44,8,1,12,59,1.294118
4689,616,617,792,872,81,159,21,25,118,55,82,1,176,256,2.200000
4690,616,617,645,675,159,22,13,9,24,17,17,1,29,59,1.888889
4691,616,617,653,705,367,25,13,41,23,47,18,1,37,89,1.146341
4692,616,617,632,703,389,7,13,45,12,59,15,1,16,87,1.311111
4693,616,617,683,712,286,40,9,21,53,23,19,1,67,96,1.095238
4694,617,618,682,750,415,35,8,40,40,56,36,1,65,133,1.400000
4695,617,618,622,671,507,2,10,24,1,40,12,1,5,54,1.666667
4696,617,618,632,724,330,8,12,24,9,78,19,1,15,107,3.250000
4697,617,640,687,797,443,27,16,46,29,84,33,23,70,180,1.826087
4698,618,619,634,706,439,12,39,48,9,72,6,1,16,88,1.500000
4699,618,619,706,789,384,76,17,40,47,62,58,1,88,171,1.550000
4700,618,619,658,705,150,33,11,14,25,38,23,1,40,87,2.714286
4701,618,619,622,698,85,1,11,20,3,42,34,1,4,80,2.100000
4702,618,619,619,668,284,0,0,30,0,44,5,1,1,50,1.466667
4703,619,620,678,749,415,30,6,30,26,52,51,1,59,130,1.733333
4704,619,620,745,796,444,113,6,34,83,44,49,1,126,177,1.294118
4705,619,741,767,803,544,4,26,25,13,33,4,122,148,184,1.320000
4706,620,621,622,646,351,0,1,19,1,21,3,1,2,26,1.105263
4707,620,631,655,717,166,17,11,22,16,42,28,11,35,97,1.909091
4708,620,621,626,640,58,3,12,13,5,13,1,1,6,20,1.000000
4709,620,621,635,731,270,4,11,39,13,77,20,1,15,111,1.974359
4710,620,890,951,999,101,10,24,23,17,35,18,270,331,379,1.521739
4711,620,621,697,721,15,54,20,21,46,23,31,1,77,101,1.095238
4712,621,622,658,756,4,30,5,26,27,72,35,1,37,135,2.769231
4713,621,622,660,685,281,33,1,16,23,20,20,1,39,64,1.250000
4714,621,622,698,787,440,70,7,21,57,69,39,1,77,166,3.285714
4715,621,622,632,709,150,9,17,52,9,76,2,1,11,88,1.461538
4716,622,623,623,634,486,0,0,11,0,11,0,1,1,12,1.000000
4717,622,623,623,664,386,0,0,18,0,28,13,1,1,42,1.555556
4718,622,623,657,698,211,11,5,29,24,37,14,1,35,76,1.275862
4719,622,623,646,698,489,6,12,29,16,39,20,1,24,76,1.344828
4720,622,623,704,749,345,61,12,15,57,37,32,1,82,127,2.466667
4721,622,623,623,689,388,0,0,38,0,52,14,1,1,67,1.368421
4722,623,624,679,695,96,44,24,11,45,11,15,1,56,72,1.000000
4723,623,624,721,800,15,89,14,46,69,74,33,1,98,177,1.608696
4724,623,624,639,701,254,11,16,22,11,48,18,1,16,78,2.181818
4725,623,624,767,831,456,133,24,47,99,61,47,1,144,208,1.297872
4726,623,624,768,839,175,100,12,17,98,49,68,1,145,216,2.882353
4727,623,624,634,662,350,3,15,13,9,23,6,1,11,39,1.769231
4728,623,624,701,748,528,50,5,37,52,43,28,1,78,125,1.162162
4729,623,624,631,672,367,4,13,34,4,38,6,1,8,49,1.117647
4730,623,624,657,739,126,31,23,49,19,67,29,1,34,116,1.367347
4731,623,699,-1,-1,169,6,23,22,7,0,3,76,-1,-1,0.000000
4732,624,625,638,689,15,9,11,42,9,48,7,1,14,65,1.142857
4733,624,625,642,704,345,10,13,39,13,57,9,1,18,80,1.461538
4734,625,626,667,754,225,30,10,28,29,64,35,1,42,129,2.285714
4735,625,626,629,699,288,3,6,16,2,50,21,1,4,74,3.125000
4736,625,626,819,891,313,162,3,43,137,65,63,1,194,266,1.511628
4737,625,627,648,723,350,5,38,32,15,60,16,2,23,98,1.875000
4738,626,627,712,785,121,50,16,25,44,59,52,1,86,159,2.360000
4739,626,627,717,818,239,77,11,28,53,76,62,1,91,192,2.714286
4740,626,627,628,662,192,0,1,23,1,27,7,1,2,36,1.173913
4741,626,627,633,718,356,3,2,44,5,84,2,1,7,92,1.909091
4742,627,628,635,652,345,4,15,17,5,17,2,1,8,25,1.000000
4743,627,628,665,706,482,25,12,20,26,28,24,1,38,79,1.400000
4744,627,628,652,746,550,19,24,35,21,75,22,1,25,119,2.142857
4745,627,628,686,725,367,39,15,23,35,27,35,1,59,98,1.173913
4746,628,629,633,691,414,2,4,16,4,48,10,1,5,63,3.000000
4747,628,629,665,716,345,22,22,37,32,43,12,1,37,88,1.162162
4748,628,629,823,885,565,183,26,39,131,59,66,1,195,257,1.512821
4749,628,629,648,717,550,10,23,41,16,61,11,1,20,89,1.487805
4750,628,671,984,-1,320,123,9,51,134,13,92,43,356,-1,0.254902
4751,628,629,742,814,188,76,28,38,87,64,34,1,114,186,1.684211
4752,628,629,637,708,577,5,2,45,8,67,4,1,9,80,1.488889
4753,629,691,773,862,425,48,21,28,50,60,44,62,144,233,2.142857
4754,629,641,653,729,236,5,26,63,12,71,5,12,24,100,1.126984
4755,629,630,707,790,44,64,42,36,57,72,31,1,78,161,2.000000
4756,629,630,754,818,2,100,51,46,86,60,42,1,125,189,1.304348
4757,629,641,658,681,94,6,13,21,13,23,2,12,29,52,1.095238
4758,629,630,630,654,282,0,0,19,0,23,1,1,1,25,1.210526
4759,629,630,637,669,524,6,18,24,6,26,7,1,8,40,1.083333
4760,629,691,745,828,478,27,30,48,27,72,20,62,116,199,1.500000
4761,629,630,736,816,128,55,2,33,73,53,60,1,107,187,1.606061
4762,629,630,649,741,217,12,6,16,15,76,20,1,20,112,4.750000
4763,630,631,643,727,151,6,5,48,10,76,10,1,13,97,1.583333
4764,630,631,658,729,212,10,24,37,14,59,25,1,28,99,1.594595
4765,630,631,632,717,370,0,1,41,1,81,4,1,2,87,1.975610
4766,630,631,637,664,361,2,3,22,5,26,2,1,7,34,1.181818
4767,630,708,875,936,28,15,27,42,17,52,19,78,245,306,1.238095
4768,630,-1,-1,-1,-1,0,-1,25,0,0,0,-1,-1,-1,0.000000
4769,630,631,634,725,345,3,17,24,3,70,21,1,4,95,2.916667
4770,631,632,666,736,81,30,18,51,21,67,16,1,35,105,1.313725
4771,631,632,648,720,436,9,4,21,13,49,26,1,17,89,2.333333
4772,631,632,665,752,233,18,8,25,29,67,24,1,34,121,2.680000
4773,631,640,641,720,63,1,23,44,1,64,15,9,10,89,1.454545
4774,631,641,673,740,476,7,22,54,18,62,11,10,42,109,1.148148
4775,631,632,632,685,128,0,0,44,0,52,1,1,1,54,1.181818
4776,632,633,649,687,186,9,16,26,9,32,13,1,17,55,1.230769
4777,632,633,649,727,302,8,20,37,13,75,6,1,17,95,2.027027
4778,632,633,649,678,100,15,12,11,11,21,13,1,17,46,1.909091
4779,632,633,641,678,559,6,21,28,7,32,6,1,9,46,1.142857
4780,632,633,635,672,494,2,33,30,1,36,2,1,3,40,1.200000
4781,632,633,638,715,337,1,6,36,5,66,11,1,6,83,1.833333
4782,632,633,672,699,411,27,32,21,26,25,15,1,40,67,1.190476
4783,632,633,644,658,297,8,38,11,5,11,9,1,12,26,1.000000
4784,632,633,659,714,513,14,12,23,20,39,22,1,27,82,1.695652
4785,633,634,656,683,324,4,9,21,14,27,8,1,23,50,1.285714
4786,633,634,673,708,411,35,40,28,26,34,14,1,40,75,1.214286
4787,633,634,653,719,155,15,25,43,17,63,5,1,20,86,1.465116
4788,633,782,908,958,375,57,35,47,49,47,26,149,275,325,1.000000
4789,633,634,635,693,389,1,15,32,0,52,7,1,2,60,1.625000
4790,633,634,643,699,302,6,9,21,5,45,15,1,10,66,2.142857
4791,634,635,642,708,20,6,9,22,5,50,18,1,8,74,2.272727
4792,634,635,645,703,225,3,6,25,10,47,11,1,11,69,1.880000
4793,634,-1,-1,-1,-1,0,-1,36,0,0,0,-1,-1,-1,0.000000
4794,634,635,640,716,592,2,7,41,4,71,6,1,6,82,1.731707
4795,634,-1,-1,-1,-1,0,-1,45,0,0,0,-1,-1,-1,0.000000
4796,634,635,706,806,327,59,16,21,51,71,49,1,72,172,3.380952
4797,634,635,636,705,322,1,11,30,0,58,12,1,2,71,1.933333
4798,634,635,647,689,579,8,12,23,7,33,14,1,13,55,1.434783
4799,634,635,713,795,181,41,5,40,48,68,44,1,79,161,1.700000
4800,634,635,639,742,100,1,12,25,3,87,17,1,5,108,3.480000
4801,635,636,638,731,182,1,8,14,2,68,25,1,3,96,4.857143
4802,635,728,968,-1,233,28,24,23,35,21,16,93,333,-1,0.913043
4803,636,699,-1,-1,445,5,22,59,7,0,2,63,-1,-1,0.000000
4804,636,637,663,723,418,18,10,24,14,46,26,1,27,87,1.916667
4805,636,637,637,747,291,0,0,41,0,93,17,1,1,111,2.268293
4806,636,640,716,747,491,45,22,15,43,29,19,4,80,111,1.933333
4807,636,680,684,755,526,1,17,49,1,65,7,44,48,119,1.326531
4808,636,684,735,823,393,2,20,25,1,61,30,48,99,187,2.440000
4809,636,637,700,743,119,40,5,29,42,39,25,1,64,107,1.344828
4810,636,637,754,816,188,93,9,16,72,44,63,1,118,180,2.750000
4811,636,782,873,954,342,20,23,47,25,67,20,146,237,318,1.425532
4812,636,637,674,724,591,34,31,21,27,37,23,1,38,88,1.761905
4813,637,638,648,664,217,5,7,13,10,13,3,1,11,27,1.000000
4814,637,638,667,763,479,24,16,33,15,71,39,1,30,126,2.151515
4815,637,638,643,723,592,0,5,30,5,56,24,1,6,86,1.866667
4816,637,638,652,718,533,8,18,32,13,46,21,1,15,81,1.437500
4817,637,639,735,791,479,28,16,26,42,38,26,2,98,154,1.461538
4818,638,639,645,742,119,3,3,27,6,63,34,1,7,104,2.333333
4819,638,699,-1,-1,478,5,38,18,8,0,1,61,-1,-1,0.000000
4820,638,-1,-1,-1,-1,0,-1,43,0,0,0,-1,-1,-1,0.000000
4821,638,639,728,808,518,80,18,36,54,66,49,1,90,170,1.833333
4822,639,640,669,754,86,15,15,53,21,83,10,1,30,115,1.566038
4823,639,640,659,743,194,15,11,18,14,58,31,1,20,104,3.222222
4824,639,640,642,703,201,1,7,26,1,44,18,1,3,64,1.692308
4825,639,640,650,679,533,5,11,15,8,27,4,1,11,40,1.800000
4826,639,728,-1,-1,62,37,33,43,48,0,9,89,-1,-1,0.000000
4827,639,640,669,763,304,9,12,37,22,73,28,1,30,124,1.972973
4828,639,640,688,715,473,38,26,24,34,26,15,1,49,76,1.083333
4829,640,641,652,750,330,8,4,16,11,82,16,1,12,110,5.125000
4830,640,641,653,683,228,9,9,16,6,24,12,1,13,43,1.500000
4831,640,641,642,707,155,1,15,44,0,56,10,1,2,67,1.272727
4832,640,641,646,730,597,5,9,25,5,71,13,1,6,90,2.840000
4833,640,641,707,800,550,54,21,34,40,62,57,1,67,160,1.823529
4834,640,641,650,660,415,6,6,10,7,10,2,1,10,20,1.000000
4835,640,641,653,684,142,3,8,17,11,25,7,1,13,44,1.470588
4836,640,641,896,956,31,227,30,15,166,37,112,1,256,316,2.466667
4837,640,641,735,760,395,87,28,18,55,24,40,1,95,120,1.333333
4838,641,642,692,744,188,39,5,30,30,38,34,1,51,103,1.266667
4839,641,642,647,728,457,2,5,29,3,63,20,1,6,87,2.172414
4840,641,663,821,873,445,23,27,21,32,33,32,22,180,232,1.571429
4841,641,642,642,659,85,0,0,8,0,10,7,1,1,18,1.250000
4842,642,643,654,695,105,7,11,33,7,41,4,1,12,53,1.242424
4843,642,684,743,778,2,3,12,21,5,33,4,42,101,136,1.571429
4844,642,643,765,829,117,86,8,30,75,64,47,1,123,187,2.133333
4845,642,643,651,665,482,4,34,13,6,13,3,1,9,23,1.000000
4846,642,643,672,708,293,25,14,17,23,27,15,1,30,66,1.588235
4847,642,643,648,701,188,0,4,21,4,39,15,1,6,59,1.857143
4848,642,643,646,689,479,2,18,15,3,33,10,1,4,47,2.200000
4849,643,644,858,941,350,190,34,38,157,72,68,1,215,298,1.894737
4850,643,644,652,738,81,7,21,30,6,64,24,1,9,95,2.133333
4851,643,645,662,739,191,1,15,50,9,64,15,2,19,96,1.280000
4852,643,644,652,722,287,7,10,43,6,61,11,1,9,79,1.418605
4853,643,644,650,735,106,0,4,11,6,63,22,1,7,92,5.727273
4854,643,644,697,795,367,32,5,25,35,81,35,1,54,152,3.240000
4855,643,644,650,725,283,3,11,25,4,51,26,1,7,82,2.040000
4856,643,644,653,742,105,2,11,31,5,77,16,1,10,99,2.483871
4857,644,645,650,710,576,2,11,24,3,46,16,1,6,66,1.916667
4858,645,646,659,750,185,5,44,29,11,67,26,1,14,105,2.310345
4859,645,646,653,682,396,2,13,13,3,23,10,1,8,37,1.769231
4860,645,646,649,687,122,0,3,22,3,32,6,1,4,42,1.454545
4861,645,646,692,741,362,39,3,39,38,43,14,1,47,96,1.102564
4862,645,646,677,717,494,21,17,14,22,30,19,1,32,72,2.142857
4863,646,647,650,702,283,2,18,16,3,34,18,1,4,56,2.125000
4864,646,752,772,870,449,6,27,43,13,87,13,106,126,224,2.023256
4865,646,647,692,772,581,34,25,50,24,76,25,1,46,126,1.520000
4866,646,647,651,736,190,1,24,29,3,63,23,1,5,90,2.172414
4867,646,647,685,755,280,18,8,24,28,48,32,1,39,109,2.000000
4868,647,908,-1,-1,306,22,26,61,22,0,9,261,-1,-1,0.000000
4869,647,648,663,709,48,12,6,21,13,35,13,1,16,62,1.666667
4870,647,648,688,755,237,15,8,34,30,62,15,1,41,108,1.823529
4871,647,648,653,703,572,1,6,34,2,38,14,1,6,56,1.117647
4872,648,649,661,691,107,9,12,20,8,26,8,1,13,43,1.300000
4873,648,649,650,687,327,0,1,20,1,34,3,1,2,39,1.700000
4874,648,649,654,732,507,0,5,19,5,51,27,1,6,84,2.684211
4875,648,649,664,708,491,13,12,11,9,39,11,1,16,60,3.545455
4876,649,650,654,730,222,0,4,45,4,71,5,1,5,81,1.577778
4877,649,650,662,729,170,8,16,19,10,51,18,1,13,80,2.684211
4878,650,651,674,688,270,14,1,9,18,11,8,1,24,38,1.222222
4879,650,651,736,822,256,61,8,25,56,67,48,1,86,172,2.680000
4880,650,651,991,-1,96,305,17,42,242,9,98,1,341,-1,0.214286
4881,650,651,673,746,304,4,18,47,21,65,9,1,23,96,1.382979
4882,650,651,865,937,170,167,11,34,140,48,98,1,215,287,1.411765
4883,650,651,652,702,275,0,1,37,1,43,7,1,2,52,1.162162
4884,650,651,666,702,176,5,17,14,6,30,10,1,16,52,2.142857
4885,651,654,766,791,176,59,17,14,57,18,42,3,115,140,1.285714
4886,651,652,655,723,37,2,15,27,3,49,19,1,4,72,1.814815
4887,651,652,653,714,297,1,13,26,1,50,11,1,2,63,1.923077
4888,651,652,708,767,134,43,18,17,39,41,35,1,57,116,2.411765
4889,651,652,655,691,485,2,10,23,2,27,10,1,4,40,1.173913
4890,651,908,-1,-1,296,21,36,42,21,0,7,257,-1,-1,0.000000
4891,652,-1,-1,-1,-1,0,-1,54,0,0,0,-1,-1,-1,0.000000
4892,652,653,688,738,351,15,6,31,21,43,11,1,36,86,1.387097
4893,652,653,829,912,48,128,7,43,107,67,59,1,177,260,1.558140
4894,652,653,689,720,297,23,17,23,22,27,18,1,37,68,1.173913
4895,652,653,686,762,525,19,4,49,23,69,17,1,34,110,1.408163
4896,652,-1,-1,-1,-1,0,-1,20,0,0,0,-1,-1,-1,0.000000
4897,652,656,661,720,43,4,10,44,5,48,11,4,9,68,1.090909
4898,652,653,728,751,485,63,9,19,49,21,28,1,76,99,1.105263
4899,653,654,713,734,531,48,32,12,42,18,20,1,60,81,1.500000
4900,653,784,934,-1,306,26,36,44,28,59,20,131,281,-1,1.340909
4901,653,654,702,776,83,14,12,25,36,49,37,1,49,123,1.960000
4902,653,654,667,710,99,7,30,30,8,36,9,1,14,57,1.200000
4903,653,656,710,765,572,31,6,42,40,48,12,3,57,112,1.142857
4904,653,-1,-1,-1,-1,0,-1,50,0,0,0,-1,-1,-1,0.000000
4905,653,654,675,732,389,9,12,22,18,42,18,1,22,79,1.909091
4906,654,655,720,759,54,60,7,8,50,26,28,1,66,105,3.250000
4907,654,661,829,906,378,15,40,46,17,68,15,7,175,252,1.478261
4908,654,655,853,933,586,162,29,50,137,80,61,1,199,279,1.600000
4909,654,655,656,722,452,1,5,16,0,46,21,1,2,68,2.875000
4910,654,655,715,779,396,43,15,14,37,44,43,1,61,125,3.142857
4911,654,655,673,697,228,13,15,11,13,19,10,1,19,43,1.727273
4912,654,655,671,691,236,11,7,13,16,15,5,1,17,37,1.153846
4913,654,655,685,725,99,26,37,28,17,38,15,1,31,71,1.357143
4914,655,656,716,758,176,50,13,13,46,33,23,1,61,103,2.538462
4915,655,656,660,674,126,1,17,13,4,13,1,1,5,19,1.000000
4916,655,656,663,706,579,5,20,22,4,32,14,1,8,51,1.454545
4917,655,656,664,740,177,6,7,49,7,63,14,1,9,85,1.285714
4918,655,656,679,761,54,21,7,23,17,55,33,1,24,106,2.391304
4919,655,908,-1,-1,123,17,34,35,16,0,9,253,-1,-1,0.000000
4920,656,657,675,764,255,14,11,38,14,62,31,1,19,108,1.631579
4921,656,786,914,-1,593,50,21,47,53,80,19,130,258,-1,1.702128
4922,656,657,753,831,343,59,18,29,50,51,51,1,97,175,1.758621
4923,656,657,685,724,33,24,15,28,18,32,17,1,29,68,1.142857
4924,656,684,807,894,75,23,13,48,24,80,26,28,151,238,1.666667
4925,657,658,667,764,19,5,5,19,9,77,20,1,10,107,4.052632
4926,657,699,-1,-1,397,5,37,54,6,0,2,42,-1,-1,0.000000
4927,657,662,724,773,152,43,17,34,41,42,28,5,67,116,1.235294
4928,657,658,766,807,474,74,7,21,80,33,36,1,109,150,1.571429
4929,657,662,668,754,336,1,7,54,2,76,11,5,11,97,1.407407
4930,657,658,688,773,456,25,4,26,24,54,37,1,31,116,2.076923
4931,657,658,676,721,443,15,12,30,14,40,9,1,19,64,1.333333
4932,657,658,768,794,558,103,17,14,78,22,36,1,111,137,1.571429
4933,657,658,680,743,350,13,16,24,16,38,31,1,23,86,1.583333
4934,658,659,731,823,285,60,11,39,55,77,32,1,73,165,1.974359
4935,658,659,660,716,48,0,1,45,1,53,3,1,2,58,1.177778
4936,658,659,763,825,63,85,17,51,74,59,33,1,105,167,1.156863
4937,658,-1,-1,-1,-1,0,-1,38,0,0,0,-1,-1,-1,0.000000
4938,658,659,673,691,177,7,8,14,12,16,3,1,15,33,1.142857
4939,659,660,690,709,543,23,7,12,20,16,13,1,31,50,1.333333
4940,659,660,729,775,59,58,11,30,46,44,25,1,70,116,1.466667
4941,659,908,-1,-1,519,11,27,27,15,0,6,249,-1,-1,0.000000
4942,659,660,691,766,63,25,17,39,19,61,26,1,32,107,1.564103
4943,659,742,747,812,174,3,17,29,2,61,6,83,88,153,2.103448
4944,660,661,661,691,351,0,0,20,0,20,10,1,1,31,1.000000
4945,660,786,920,958,399,38,32,18,46,28,27,126,260,298,1.555556
4946,660,661,742,825,491,66,16,39,58,63,43,1,82,165,1.615385
4947,660,665,672,719,65,4,3,19,6,35,12,5,12,59,1.842105
4948,660,661,672,714,147,0,9,18,9,32,12,1,12,54,1.777778
4949,661,662,706,784,190,32,15,47,36,67,19,1,45,123,1.425532
4950,661,662,662,761,236,0,0,36,0,82,17,1,1,100,2.277778
4951,661,662,759,827,134,91,41,18,67,46,52,1,98,166,2.555556
4952,662,663,675,741,326,6,40,48,8,62,8,1,13,79,1.291667
4953,662,663,672,732,12,5,9,48,4,52,13,1,10,70,1.083333
4954,662,663,714,745,451,49,10,20,39,30,13,1,52,83,1.500000
4955,662,663,669,722,579,5,13,21,6,39,14,1,7,60,1.857143
4956,662,663,687,772,100,18,14,31,17,69,23,1,25,110,2.225806
4957,662,-1,-1,-1,-1,0,-1,24,0,0,0,-1,-1,-1,0.000000
4958,663,664,692,768,219,21,17,38,24,62,18,1,29,105,1.631579
4959,663,664,676,737,74,10,16,32,7,56,10,1,13,74,1.750000
4960,663,664,672,778,124,7,22,40,7,88,19,1,9,115,2.200000
4961,663,664,684,765,206,12,15,32,13,68,20,1,21,102,2.125000
4962,664,665,696,727,524,18,14,17,22,23,17,1,32,63,1.352941
4963,664,743,864,908,493,32,22,23,44,25,33,79,200,244,1.086957
4964,664,665,697,774,491,29,14,43,23,69,17,1,33,110,1.604651
4965,664,-1,-1,-1,-1,0,-1,16,0,0,0,-1,-1,-1,0.000000
4966,664,665,672,744,336,3,2,58,6,70,3,1,8,80,1.206897
4967,664,665,668,719,360,0,3,16,3,42,9,1,4,55,2.625000
4968,664,665,737,758,232,8,8,13,16,19,7,1,73,94,1.461538
4969,664,665,710,779,386,18,11,24,36,46,32,1,46,115,1.916667
4970,664,754,766,830,323,2,27,33,9,51,14,90,102,166,1.545455
4971,665,666,686,721,301,10,13,22,14,30,11,1,21,56,1.363636
4972,665,666,685,751,491,14,11,23,17,43,25,1,20,86,1.869565
4973,665,666,666,721,81,0,0,42,0,50,5,1,1,56,1.190476
4974,665,666,667,693,31,1,17,11,0,13,14,1,2,28,1.181818
4975,665,701,751,814,223,18,25,41,28,51,17,36,86,149,1.243902
4976,665,666,669,762,543,2,4,25,3,71,22,1,4,97,2.840000
4977,666,667,691,774,163,11,10,60,13,82,3,1,25,108,1.366667
4978,666,667,674,755,316,2,2,38,6,60,22,1,8,89,1.578947
4979,666,-1,-1,-1,-1,0,-1,11,0,0,0,-1,-1,-1,0.000000
4980,666,667,951,-1,519,265,48,42,201,41,91,1,285,-1,0.976190
4981,667,668,693,739,157,22,12,7,17,35,19,1,26,72,5.000000
4982,667,699,-1,-1,516,3,25,46,7,0,0,32,-1,-1,0.000000
4983,667,668,683,759,126,8,10,51,8,71,12,1,16,92,1.392157
4984,667,728,748,811,177,2,19,30,2,52,12,61,81,144,1.733333
4985,667,668,709,805,163,31,5,42,27,70,40,1,42,138,1.666667
4986,667,668,670,768,100,1,11,25,2,69,29,1,3,101,2.760000
4987,668,669,672,747,31,1,18,27,0,67,11,1,4,79,2.481481
4988,668,669,672,734,217,3,3,30,3,46,16,1,4,66,1.533333
4989,668,669,674,772,460,0,5,42,4,80,18,1,6,104,1.904762
4990,668,669,696,768,328,19,15,56,20,62,17,1,28,100,1.107143
4991,668,669,678,748,163,0,8,34,8,50,21,1,10,80,1.470588
4992,668,669,685,780,456,12,9,21,12,69,30,1,17,112,3.285714
4993,668,-1,-1,-1,-1,0,-1,26,0,0,0,-1,-1,-1,0.000000
4994,668,669,681,766,100,7,8,32,10,80,7,1,13,98,2.500000
4995,668,669,736,744,232,4,8,8,5,8,3,1,68,76,1.000000
4996,668,669,877,941,336,135,3,21,116,49,60,1,209,273,2.333333
4997,669,670,681,732,328,5,15,19,9,35,18,1,12,63,1.842105
4998,669,670,805,878,558,115,7,45,100,63,45,1,136,209,1.400000
4999,669,670,681,709,9,4,13,17,10,19,10,1,12,40,1.117647
5000,669,670,682,774,89,8,14,29,10,61,33,1,13,105,2.103448
5001,669,670,709,802,243,37,10,26,23,76,33,1,40,133,2.923077
5002,669,670,673,758,569,2,3,47,3,73,12,1,4,89,1.553191
5003,670,671,693,745,219,18,24,15,14,37,23,1,23,75,2.466667
5004,670,671,678,753,305,4,4,46,5,70,7,1,8,83,1.521739
5005,670,671,680,716,152,3,19,24,8,32,5,1,10,46,1.333333
5006,670,671,717,764,243,39,9,11,36,33,24,1,47,94,3.000000
5007,670,671,822,899,519,120,10,40,97,74,57,1,152,229,1.850000
5008,670,671,676,732,7,2,11,38,4,48,9,1,6,62,1.263158
5009,671,672,689,766,562,16,7,30,11,66,17,1,18,95,2.200000
5010,671,672,701,742,284,20,10,17,18,27,25,1,30,71,1.588235
5011,671,701,776,848,425,25,16,35,47,57,19,30,105,177,1.628571
5012,671,672,727,802,12,13,8,41,29,69,20,1,56,131,1.682927
5013,671,672,674,743,281,1,6,47,2,61,8,1,3,72,1.297872
5014,671,672,684,785,224,5,12,32,11,84,18,1,13,114,2.625000
5015,671,672,719,769,483,41,6,20,29,40,28,1,48,98,2.000000
5016,672,673,727,796,10,42,18,30,42,48,33,1,55,124,1.600000
5017,672,673,680,757,558,4,7,46,7,74,3,1,8,85,1.608696
5018,672,673,759,821,378,60,15,32,61,44,43,1,87,149,1.375000
5019,672,673,852,925,198,169,16,29,115,63,74,1,180,253,2.172414
5020,672,790,904,990,219,31,17,24,30,48,50,118,232,318,2.000000
5021,672,701,756,838,169,15,26,41,27,69,16,29,84,166,1.682927
5022,672,673,707,795,284,23,9,36,20,76,26,1,35,123,2.111111
5023,673,674,680,766,537,2,15,25,4,69,18,1,7,93,2.760000
5024,673,674,693,710,466,16,4,11,16,15,5,1,20,37,1.363636
5025,673,674,679,765,126,0,5,22,5,60,26,1,6,92,2.727273
5026,673,674,675,704,343,1,12,19,0,23,7,1,2,31,1.210526
5027,673,674,687,759,473,4,11,41,9,65,10,1,14,86,1.585366
5028,674,675,676,762,52,0,1,42,1,76,10,1,2,88,1.809524
5029,674,677,730,816,161,35,50,42,39,66,30,3,56,142,1.571429
5030,674,675,720,764,150,27,6,23,25,37,27,1,46,90,1.608696
5031,674,679,887,977,469,126,29,51,106,75,65,5,213,303,1.470588
5032,674,675,703,753,472,21,7,30,24,48,6,1,29,79,1.600000
5033,674,675,711,728,158,34,12,13,26,15,12,1,37,54,1.153846
5034,674,675,705,749,256,25,9,25,18,33,23,1,31,75,1.320000
5035,674,675,732,826,17,39,10,22,41,90,20,1,58,152,4.090909
5036,675,676,677,753,287,0,1,54,1,72,4,1,2,78,1.333333
5037,675,676,751,766,546,40,16,9,51,11,28,1,76,91,1.222222
5038,675,676,692,779,329,10,8,37,8,75,20,1,17,104,2.027027
5039,675,676,686,730,139,10,12,19,9,35,10,1,11,55,1.842105
5040,675,676,723,805,599,30,2,13,36,63,30,1,48,130,4.846154
5041,675,676,679,761,438,3,13,11,2,63,20,1,4,86,5.727273
5042,676,677,677,756,59,0,0,33,0,59,20,1,1,80,1.787879
5043,676,677,686,736,244,8,12,37,6,49,4,1,10,60,1.324324
5044,676,677,678,764,12,1,12,38,1,74,12,1,2,88,1.947368
5045,676,679,758,801,482,64,25,19,50,29,36,3,82,125,1.526316
5046,676,728,749,826,409,1,29,58,3,68,9,52,73,150,1.172414
5047,677,678,751,805,405,38,13,41,46,43,38,1,74,128,1.048780
5048,677,678,679,716,343,1,17,20,1,32,5,1,2,39,1.600000
5049,677,680,703,750,110,13,17,42,13,46,7,3,26,73,1.095238
5050,677,678,705,772,393,25,18,18,15,46,33,1,28,95,2.555556
5051,677,678,680,745,535,1,15,33,1,55,11,1,3,68,1.666667
5052,677,678,691,764,329,9,6,13,9,55,22,1,14,87,4.230769
5053,677,678,738,782,46,38,18,20,41,34,29,1,61,105,1.700000
5054,678,679,705,763,326,21,19,44,21,56,7,1,27,85,1.272727
5055,678,728,753,840,160,0,31,50,2,70,17,50,75,162,1.400000
5056,678,927,-1,-1,127,3,29,29,4,0,2,249,-1,-1,0.000000
5057,678,-1,-1,-1,-1,0,-1,26,0,0,0,-1,-1,-1,0.000000
5058,678,681,707,776,539,2,52,56,7,64,7,3,29,98,1.142857
5059,678,679,698,796,579,12,3,43,19,79,19,1,20,118,1.837209
5060,679,680,719,784,14,22,10,25,26,57,21,1,40,105,2.280000
5061,679,680,692,722,368,10,15,14,6,18,18,1,13,43,1.285714
5062,679,680,685,754,581,0,5,23,5,47,22,1,6,75,2.043478
5063,679,680,720,735,99,29,21,15,27,15,13,1,41,56,1.000000
5064,679,680,704,730,564,17,7,15,21,21,8,1,25,51,1.400000
5065,679,680,690,761,319,7,11,40,4,66,11,1,11,82,1.650000
5066,680,681,685,714,381,2,17,16,3,26,4,1,5,34,1.625000
5067,680,681,713,820,203,22,36,28,23,70,46,1,33,140,2.500000
5068,680,681,732,818,158,50,4,34,31,80,26,1,52,138,2.352941
5069,680,681,687,718,365,6,50,20,3,24,10,1,7,38,1.200000
5070,680,681,718,798,160,16,17,49,18,69,30,1,38,118,1.408163
5071,680,681,688,773,99,5,37,32,6,64,22,1,8,93,2.000000
5072,680,681,738,817,393,32,16,32,36,62,38,1,58,137,1.937500
5073,680,681,719,767,189,30,17,37,26,45,15,1,39,87,1.216216
5074,680,681,722,795,361,30,10,40,33,66,15,1,42,115,1.650000
5075,680,681,697,789,533,8,23,28,15,66,27,1,17,109,2.357143
5076,681,682,695,773,23,6,13,14,11,60,20,1,14,92,4.285714
5077,682,683,734,817,520,47,9,31,33,57,44,1,52,135,1.838710
5078,682,683,816,885,475,87,7,49,92,65,45,1,134,203,1.326531
5079,682,683,703,782,564,15,4,21,15,39,45,1,21,100,1.857143
5080,682,683,683,770,221,0,0,17,0,53,34,1,1,88,3.117647
5081,682,683,832,886,82,94,34,22,80,40,47,1,150,204,1.818182
5082,682,683,964,-1,397,239,24,48,185,33,99,1,282,-1,0.687500
5083,683,684,731,758,25,14,5,22,32,22,20,1,48,75,1.000000
5084,683,684,709,735,73,18,7,24,19,24,8,1,26,52,1.000000
5085,683,-1,-1,-1,-1,0,-1,53,0,0,0,-1,-1,-1,0.000000
5086,683,791,905,952,299,29,35,27,26,41,17,108,222,269,1.518519
5087,683,908,-1,-1,447,10,39,52,12,0,8,225,-1,-1,0.000000
5088,684,685,693,776,304,5,6,24,4,56,31,1,9,92,2.333333
5089,684,753,953,-1,135,12,5,53,13,42,6,69,269,-1,0.792453
5090,684,685,702,788,472,4,8,26,8,64,24,1,18,104,2.461538
5091,684,685,702,784,82,13,27,53,14,79,6,1,18,100,1.490566
5092,684,685,814,837,12,108,7,15,90,21,41,1,130,153,1.400000
5093,685,686,690,767,263,2,16,29,3,75,3,1,5,82,2.586207
5094,685,686,752,814,171,56,13,38,39,54,35,1,67,129,1.421053
5095,685,686,855,882,99,142,21,24,109,26,61,1,170,197,1.083333
5096,685,686,691,761,73,2,5,38,4,60,11,1,6,76,1.578947
5097,685,753,954,-1,559,9,3,35,12,39,9,68,269,-1,1.114286
5098,685,686,732,804,12,29,6,17,40,55,23,1,47,119,3.235294
5099,685,686,738,783,533,48,21,22,34,38,25,1,53,98,1.727273
5100,685,686,768,832,9,71,10,16,56,52,38,1,83,147,3.250000
5101,686,687,693,748,526,1,11,29,6,47,8,1,7,62,1.620690
5102,686,687,763,829,212,56,13,39,51,65,26,1,77,143,1.666667
5103,686,687,723,752,564,19,10,12,31,20,14,1,37,66,1.666667
5104,686,687,875,967,549,173,49,38,125,76,79,1,189,281,2.000000
5105,686,687,687,770,96,0,0,36,0,68,15,1,1,84,1.888889
5106,687,791,895,969,152,18,27,35,17,67,15,104,208,282,1.914286
5107,687,688,749,826,268,38,10,39,42,63,32,1,62,139,1.615385
5108,687,688,767,829,89,40,12,37,55,49,37,1,80,142,1.324324
5109,687,688,707,774,361,14,10,57,14,65,7,1,20,87,1.140351
5110,687,787,942,-1,360,28,33,32,28,40,32,100,255,-1,1.250000
5111,687,754,784,858,76,3,32,38,6,50,25,67,97,171,1.315789
5112,687,688,707,781,157,18,2,29,16,71,6,1,20,94,2.448276
5113,687,-1,-1,-1,-1,0,-1,49,0,0,0,-1,-1,-1,0.000000
5114,687,688,713,757,162,9,14,25,18,41,10,1,26,70,1.640000
5115,687,688,751,831,179,49,11,25,39,67,37,1,64,144,2.680000
5116,687,688,850,939,73,138,6,18,112,62,77,1,163,252,3.444444
5117,688,689,704,784,510,10,10,56,9,70,16,1,16,96,1.250000
5118,688,689,720,781,574,21,13,23,23,49,20,1,32,93,2.130435
5119,688,689,703,792,350,7,25,36,11,62,30,1,15,104,1.722222
5120,688,689,696,769,204,6,11,37,6,71,3,1,8,81,1.918919
5121,689,690,714,768,153,15,2,35,18,47,13,1,25,79,1.342857
5122,689,690,705,761,584,5,10,24,13,28,30,1,16,72,1.166667
5123,689,864,998,-1,517,22,16,17,33,2,7,175,309,-1,0.117647
5124,689,721,756,800,101,7,15,17,14,39,7,32,67,111,2.294118
5125,689,690,779,832,102,41,12,21,61,43,38,1,90,143,2.047619
5126,689,743,778,824,174,3,16,24,5,32,19,54,89,135,1.333333
5127,689,690,711,773,72,14,3,34,15,40,28,1,22,84,1.176471
5128,689,690,714,759,506,11,5,28,19,40,9,1,25,70,1.428571
5129,690,691,696,725,215,1,9,21,5,23,6,1,6,35,1.095238
5130,690,691,726,800,178,30,2,9,22,59,28,1,36,110,6.555556
5131,690,743,799,883,457,5,18,56,5,76,13,53,109,193,1.357143
5132,690,691,764,854,255,69,10,28,53,66,44,1,74,164,2.357143
5133,690,927,-1,-1,159,3,26,15,5,0,0,237,-1,-1,0.000000
5134,691,692,767,818,12,56,7,28,55,44,22,1,76,127,1.571429
5135,691,692,722,762,16,18,9,26,18,34,17,1,31,71,1.307692
5136,691,692,696,788,148,2,21,17,2,65,29,1,5,97,3.823529
5137,691,692,692,787,56,0,0,13,0,79,16,1,1,96,6.076923
5138,691,692,746,823,255,51,50,55,34,73,24,1,55,132,1.327273
5139,691,692,705,778,162,7,12,13,7,51,28,1,14,87,3.923077
5140,691,692,704,762,98,1,14,44,10,52,8,1,13,71,1.181818
5141,691,698,860,938,412,19,24,26,18,50,37,7,169,247,1.923077
5142,691,692,789,798,467,88,11,9,61,9,36,1,98,107,1.000000
5143,691,-1,-1,-1,-1,0,-1,30,0,0,0,-1,-1,-1,0.000000
5144,692,693,726,806,470,23,13,21,23,71,19,1,34,114,3.380952
5145,692,-1,-1,-1,-1,0,-1,54,0,0,0,-1,-1,-1,0.000000
5146,692,693,704,740,171,2,9,27,11,31,5,1,12,48,1.148148
5147,693,694,695,761,506,0,1,31,1,51,15,1,2,68,1.645161
5148,693,694,711,756,152,12,15,40,16,42,4,1,18,63,1.050000
5149,693,694,955,996,255,228,9,15,166,33,103,1,262,303,2.200000
5150,693,694,710,770,98,3,16,28,7,40,29,1,17,77,1.428571
5151,693,694,787,855,475,81,2,31,54,45,62,1,94,162,1.451613
5152,693,694,700,737,387,4,5,23,5,33,5,1,7,44,1.434783
5153,694,791,901,959,360,22,32,29,20,47,19,97,207,265,1.620690
5154,694,695,763,844,28,56,13,22,30,54,65,1,69,150,2.454545
5155,694,695,745,832,32,36,10,33,34,79,24,1,51,138,2.393939
5156,694,695,707,794,447,4,5,23,10,65,24,1,13,100,2.826087
5157,695,696,701,795,420,3,11,32,1,60,38,1,6,100,1.875000
5158,695,-1,-1,-1,-1,0,-1,46,0,0,0,-1,-1,-1,0.000000
5159,695,696,734,816,491,22,11,14,22,62,36,1,39,121,4.428571
5160,695,696,895,908,255,183,8,13,126,13,73,1,200,213,1.000000
5161,695,696,733,822,510,15,5,31,34,71,21,1,38,127,2.290323
5162,695,696,699,733,432,3,9,25,3,33,1,1,4,38,1.320000
5163,695,696,711,734,380,5,9,16,14,22,1,1,16,39,1.375000
5164,696,697,715,794,293,16,7,43,10,71,16,1,19,98,1.651163
5165,696,697,702,780,301,0,4,25,4,61,18,1,6,84,2.440000
5166,696,697,718,800,553,15,6,35,17,75,11,1,22,104,2.142857
5167,697,698,707,779,171,5,4,44,5,68,8,1,10,82,1.545455
5168,697,698,945,-1,533,218,23,35,160,45,97,1,248,-1,1.285714
5169,697,698,742,757,43,42,14,13,31,13,15,1,45,60,1.000000
5170,697,698,706,758,359,5,9,12,5,38,17,1,9,61,3.166667
5171,698,-1,-1,-1,-1,0,-1,18,0,0,0,-1,-1,-1,0.000000
5172,698,699,703,749,215,0,4,27,4,35,11,1,5,51,1.296296
5173,698,699,716,781,16,9,9,39,10,57,15,1,18,83,1.461538
5174,698,699,728,794,28,19,12,41,15,61,18,1,30,96,1.487805
5175,698,699,709,734,432,9,6,20,8,22,5,1,11,36,1.100000
5176,698,-1,-1,-1,-1,0,-1,53,0,0,0,-1,-1,-1,0.000000
5177,699,700,785,856,23,75,12,17,54,53,49,1,86,157,3.117647
5178,699,700,791,861,28,68,12,41,51,57,47,1,92,162,1.390244
5179,699,910,-1,-1,343,9,33,47,12,0,4,211,-1,-1,0.000000
5180,699,700,700,736,447,0,0,22,0,28,8,1,1,37,1.272727
5181,699,700,726,795,524,26,30,44,17,64,14,1,27,96,1.454545
5182,699,700,702,757,520,0,2,46,2,52,3,1,3,58,1.130435
5183,699,700,711,778,461,3,12,47,10,57,11,1,12,79,1.212766
5184,699,700,716,762,253,10,7,33,10,43,9,1,17,63,1.303030
5185,699,700,865,927,102,11,22,41,7,57,16,1,166,228,1.390244
5186,699,700,712,796,97,8,16,32,9,66,21,1,13,97,2.062500
5187,699,721,743,823,28,4,13,39,5,69,12,22,44,124,1.769231
5188,700,701,775,799,28,42,14,22,41,22,26,1,75,99,1.000000
5189,700,-1,-1,-1,-1,0,-1,29,0,0,0,-1,-1,-1,0.000000
5190,701,-1,-1,-1,-1,0,-1,26,0,0,0,-1,-1,-1,0.000000
5191,701,702,735,770,23,28,11,28,29,32,7,1,34,69,1.142857
5192,701,702,707,772,574,2,3,33,5,47,18,1,6,71,1.424242
5193,701,702,709,797,441,3,5,31,6,75,14,1,8,96,2.419355
5194,701,703,769,844,268,51,3,18,40,60,41,2,68,143,3.333333
5195,702,703,762,829,212,44,17,16,44,50,32,1,60,127,3.125000
5196,702,703,705,765,557,0,2,46,2,58,2,1,3,63,1.260870
5197,702,703,715,771,344,8,13,37,9,51,8,1,13,69,1.378378
5198,702,703,704,753,580,1,5,23,1,41,8,1,2,51,1.782609
5199,702,703,743,812,441,17,4,35,28,55,22,1,41,110,1.571429
5200,703,705,739,801,455,16,5,46,30,60,6,2,36,98,1.304348
5201,703,708,740,778,495,10,1,30,13,38,9,5,37,75,1.266667
5202,703,704,760,822,189,13,26,34,14,52,23,1,57,119,1.529412
5203,703,704,706,793,268,0,2,25,2,67,20,1,3,90,2.680000
5204,703,704,776,816,373,65,15,26,48,36,28,1,73,113,1.384615
5205,703,704,730,799,23,19,13,18,17,46,32,1,27,96,2.555556
5206,703,704,757,790,263,46,16,20,30,26,30,1,54,87,1.300000
5207,704,705,709,777,539,1,13,39,4,63,5,1,5,73,1.615385
5208,704,705,735,748,127,17,16,11,19,11,13,1,31,44,1.000000
5209,704,705,728,782,451,18,7,33,17,49,11,1,24,78,1.484848
5210,704,705,763,832,129,54,25,36,36,56,35,1,59,128,1.555556
5211,704,705,708,758,61,2,4,28,3,50,0,1,4,54,1.785714
5212,704,797,945,981,206,24,26,27,26,29,15,93,241,277,1.074074
5213,704,706,922,996,82,132,27,58,133,74,38,2,218,292,1.275862
5214,704,705,750,771,263,39,19,7,29,17,20,1,46,67,2.428571
5215,704,705,734,777,125,26,15,33,20,41,11,1,30,73,1.242424
5216,704,709,709,780,495,0,0,43,0,53,18,5,5,76,1.232558
5217,705,706,720,763,515,3,5,20,12,30,15,1,15,58,1.500000
5218,705,706,769,809,93,63,8,15,35,35,33,1,64,104,2.333333
5219,705,706,747,846,275,39,13,49,27,97,16,1,42,141,1.979592
5220,705,706,726,789,226,12,4,45,19,55,9,1,21,84,1.222222
5221,705,911,-1,-1,83,4,30,31,5,0,7,206,-1,-1,0.000000
5222,705,706,795,853,154,81,21,32,58,46,43,1,90,148,1.437500
5223,705,709,793,821,470,58,10,17,47,25,34,4,88,116,1.470588
5224,705,706,723,804,80,16,22,37,16,77,5,1,18,99,2.081081
5225,706,707,707,789,204,0,0,35,0,55,27,1,1,83,1.571429
5226,706,707,825,908,566,85,4,27,78,63,57,1,119,202,2.333333
5227,706,707,712,805,315,5,11,22,2,56,40,1,6,99,2.545455
5228,706,911,-1,-1,475,3,40,46,6,0,4,205,-1,-1,0.000000
5229,706,707,714,813,585,3,56,44,6,78,22,1,8,107,1.772727
5230,706,707,709,766,524,1,13,34,2,44,13,1,3,60,1.294118
5231,706,707,717,800,134,2,10,29,8,65,20,1,11,94,2.241379
5232,707,927,-1,-1,123,3,24,43,3,0,2,220,-1,-1,0.000000
5233,707,709,830,914,244,88,34,63,75,79,29,2,123,207,1.253968
5234,707,708,796,874,445,78,10,45,63,73,30,1,89,167,1.622222
5235,707,708,710,810,380,0,2,23,2,73,27,1,3,103,3.173913
5236,707,721,799,866,177,15,19,35,21,59,12,14,92,159,1.685714
5237,708,709,733,815,299,12,11,45,9,65,28,1,25,107,1.444444
5238,708,709,715,745,453,5,3,20,4,22,10,1,7,37,1.100000
5239,708,709,791,838,93,63,12,9,60,33,36,1,83,130,3.666667
5240,708,-1,-1,-1,-1,0,-1,7,0,0,0,-1,-1,-1,0.000000
5241,708,791,896,971,90,21,28,48,13,64,21,83,188,263,1.333333
5242,708,721,801,886,127,12,18,38,17,66,24,13,93,178,1.736842
5243,708,709,715,764,580,6,2,27,6,47,2,1,7,56,1.740741
5244,708,709,713,808,181,0,4,33,4,75,20,1,5,100,2.272727
5245,708,709,713,758,184,0,4,23,4,39,6,1,5,50,1.695652
5246,709,710,879,910,429,154,52,24,107,26,67,1,170,201,1.083333
5247,709,770,837,923,103,8,15,38,10,74,17,61,128,214,1.947368
5248,709,713,788,819,470,46,12,20,39,26,29,4,79,110,1.300000
5249,709,728,730,765,249,0,2,24,2,32,3,19,21,56,1.333333
5250,709,-1,-1,-1,-1,0,-1,20,0,0,0,-1,-1,-1,0.000000
5251,709,710,811,840,80,82,16,23,69,25,36,1,102,131,1.086957
5252,709,710,715,789,594,1,6,35,5,71,3,1,6,80,2.028571
5253,710,711,760,795,470,27,8,20,24,30,23,1,50,85,1.500000
5254,710,711,712,812,432,0,1,28,1,66,34,1,2,102,2.357143
5255,710,711,797,860,219,74,44,49,62,57,30,1,87,150,1.163265
5256,710,721,811,854,477,13,12,42,14,42,10,11,101,144,1.000000
5257,710,711,715,785,245,0,4,41,4,57,13,1,5,75,1.390244
5258,711,712,713,781,243,0,1,50,1,60,8,1,2,70,1.200000
5259,711,728,877,957,513,111,13,39,105,69,55,17,166,246,1.769231
5260,711,754,808,883,370,14,23,28,21,52,29,43,97,172,1.857143
5261,711,712,-1,-1,219,248,40,31,215,0,73,1,-1,-1,0.000000
5262,712,713,724,761,325,11,26,20,9,28,11,1,12,49,1.400000
5263,712,713,743,756,33,17,5,13,20,13,10,1,31,44,1.000000
5264,712,713,714,813,367,1,15,25,1,79,20,1,2,101,3.160000
5265,712,713,730,786,556,16,1,17,10,39,24,1,18,74,2.294118
5266,713,714,738,806,594,11,2,26,13,56,23,1,25,93,2.153846
5267,713,714,719,813,169,1,7,37,5,75,19,1,6,100,2.027027
5268,713,714,757,792,378,38,14,10,28,28,22,1,44,79,2.800000
5269,713,714,718,779,3,3,3,31,3,51,11,1,5,66,1.645161
5270,713,770,965,-1,329,62,19,20,69,19,55,57,252,-1,0.950000
5271,713,714,744,814,364,29,23,44,15,68,17,1,31,101,1.545455
5272,714,715,757,789,594,21,1,20,24,24,26,1,43,75,1.200000
5273,714,715,803,827,261,64,12,16,59,20,27,1,89,113,1.250000
5274,714,715,736,785,311,18,50,24,18,46,6,1,22,71,1.916667
5275,714,715,782,856,477,39,11,39,46,57,37,1,68,142,1.461538
5276,714,912,-1,-1,537,2,36,24,5,0,2,198,-1,-1,0.000000
5277,714,715,732,820,122,15,9,48,15,80,10,1,18,106,1.666667
5278,715,716,731,800,418,15,50,52,11,66,7,1,16,85,1.269231
5279,715,814,862,925,419,19,35,45,18,55,18,99,147,210,1.222222
5280,715,716,716,744,209,0,0,14,0,20,8,1,1,29,1.428571
5281,715,716,717,796,594,0,1,27,1,63,16,1,2,81,2.333333
5282,715,716,746,804,111,20,12,27,22,41,25,1,31,89,1.518519
5283,716,927,-1,-1,537,3,19,63,5,0,0,211,-1,-1,0.000000
5284,716,717,722,784,123,4,28,48,4,56,7,1,6,68,1.166667
5285,716,717,722,769,328,2,18,25,2,37,13,1,6,53,1.480000
5286,716,717,776,843,418,57,45,48,39,66,21,1,60,127,1.375000
5287,716,717,732,808,111,9,11,29,14,63,14,1,16,92,2.172414
5288,716,717,731,802,351,9,6,26,13,50,22,1,15,86,1.923077
5289,716,717,717,812,423,0,0,28,0,68,27,1,1,96,2.428571
5290,716,717,746,784,378,25,15,13,21,33,13,1,30,68,2.538462
5291,716,717,791,841,373,67,6,22,47,38,39,1,75,125,1.727273
5292,716,717,792,846,22,63,13,21,50,29,50,1,76,130,1.380952
5293,716,717,749,834,371,23,9,23,21,55,41,1,33,118,2.391304
5294,717,718,780,798,378,52,16,9,43,15,22,1,63,81,1.666667
5295,717,723,770,785,532,36,13,10,20,14,25,6,53,68,1.400000
5296,717,718,720,743,522,0,2,11,2,17,6,1,3,26,1.545455
5297,717,718,720,800,539,0,2,47,2,75,5,1,3,83,1.595745
5298,717,718,723,799,418,5,11,48,4,66,11,1,6,82,1.375000
5299,718,719,805,872,23,67,16,22,54,54,45,1,87,154,2.454545
5300,718,719,730,798,418,5,13,51,9,63,7,1,12,80,1.235294
5301,718,-1,-1,-1,-1,0,-1,22,0,0,0,-1,-1,-1,0.000000
5302,718,864,979,-1,194,16,25,28,21,19,5,146,261,-1,0.678571
5303,718,719,731,778,384,7,13,32,7,40,12,1,13,60,1.250000
5304,718,864,-1,-1,264,16,15,29,24,0,7,146,-1,-1,0.000000
5305,719,720,725,785,48,5,3,17,4,37,24,1,6,66,2.176471
5306,719,720,734,786,134,3,3,25,13,43,10,1,15,67,1.720000
5307,719,720,756,833,571,15,13,14,29,58,26,1,37,114,4.142857
5308,719,720,747,775,108,24,10,17,14,23,18,1,28,56,1.352941
5309,720,721,901,985,257,144,15,38,115,74,70,1,181,265,1.947368
5310,720,723,757,837,404,22,16,32,15,74,22,3,37,117,2.312500
5311,720,721,725,821,373,2,5,11,2,57,41,1,5,101,5.181818
5312,720,721,729,801,572,4,5,29,5,67,8,1,9,81,2.310345
5313,720,721,797,883,189,60,12,34,46,70,46,1,77,163,2.058824
5314,720,791,918,988,500,28,20,40,31,58,21,71,198,268,1.450000
5315,721,722,827,899,271,89,12,31,77,59,41,1,106,178,1.903226
5316,721,722,846,913,317,120,19,43,85,61,45,1,125,192,1.418605
5317,721,-1,-1,-1,-1,0,-1,39,0,0,0,-1,-1,-1,0.000000
5318,721,722,726,752,538,1,4,21,4,25,1,1,5,31,1.190476
5319,721,722,739,817,314,15,14,36,12,62,21,1,18,96,1.722222
5320,721,723,773,812,132,35,5,10,30,22,34,2,52,91,2.200000
5321,721,722,736,777,324,2,5,26,9,38,3,1,15,56,1.461538
5322,722,724,731,775,572,1,11,22,3,38,6,2,9,53,1.727273
5323,722,723,752,787,148,26,19,20,21,28,15,1,30,65,1.400000
5324,722,723,730,776,438,4,48,16,5,36,12,1,8,54,2.250000
5325,722,723,727,758,41,4,11,22,4,28,3,1,5,36,1.272727
5326,722,864,964,-1,268,7,25,27,15,29,7,142,242,-1,1.074074
5327,723,724,851,889,41,110,6,20,83,30,52,1,128,166,1.500000
5328,723,724,829,881,155,86,7,26,72,40,42,1,106,158,1.538462
5329,723,724,851,903,263,20,27,35,32,51,12,1,128,180,1.457143
5330,723,724,930,-1,108,147,6,30,134,57,85,1,207,-1,1.900000
5331,723,724,786,804,490,9,14,12,19,14,8,1,63,81,1.166667
5332,723,-1,-1,-1,-1,0,-1,15,0,0,0,-1,-1,-1,0.000000
5333,724,-1,-1,-1,-1,0,-1,16,0,0,0,-1,-1,-1,0.000000
5334,724,725,733,765,347,1,7,17,8,23,9,1,9,41,1.352941
5335,724,725,771,843,523,44,13,29,33,55,30,1,47,119,1.896552
5336,724,725,728,804,186,0,3,25,3,65,11,1,4,80,2.600000
5337,725,726,746,810,228,12,8,27,14,55,15,1,21,85,2.037037
5338,725,727,733,778,162,2,23,24,4,42,4,2,8,53,1.750000
5339,725,726,741,788,98,4,11,25,10,41,11,1,16,63,1.640000
5340,725,726,749,831,458,20,4,31,11,59,35,1,24,106,1.903226
5341,725,791,935,997,136,36,14,49,44,57,14,66,210,272,1.163265
5342,725,726,770,840,127,32,13,44,25,62,27,1,45,115,1.409091
5343,725,726,726,774,343,0,0,23,0,45,3,1,1,49,1.956522
5344,725,726,778,847,537,41,12,12,37,50,34,1,53,122,4.166667
5345,725,727,737,760,479,3,13,15,5,23,4,2,12,35,1.533333
5346,726,727,806,851,537,68,13,29,51,39,34,1,80,125,1.344828
5347,726,727,791,830,241,42,15,30,47,36,20,1,65,104,1.200000
5348,726,727,849,876,317,106,47,18,97,22,30,1,123,150,1.222222
5349,727,728,739,817,46,4,12,37,10,67,12,1,12,90,1.810811
5350,727,729,784,844,532,45,10,40,35,54,26,2,57,117,1.350000
5351,727,728,742,787,418,3,13,19,13,35,11,1,15,60,1.842105
5352,727,728,858,917,535,86,36,45,79,57,26,1,131,190,1.266667
5353,727,728,929,966,16,96,3,28,84,30,42,1,202,239,1.071429
5354,727,728,747,838,263,9,17,31,16,67,27,1,20,111,2.161290
5355,727,728,778,795,458,32,4,13,31,17,19,1,51,68,1.307692
5356,728,729,732,761,108,3,1,24,3,28,1,1,4,33,1.166667
5357,728,729,737,789,565,0,6,22,6,48,6,1,9,61,2.181818
5358,728,729,735,802,317,4,19,44,6,58,9,1,7,74,1.318182
5359,728,729,760,830,464,26,17,16,21,56,24,1,32,102,3.500000
5360,728,729,755,816,263,12,18,12,21,50,16,1,27,88,4.166667
5361,728,729,737,775,198,8,53,31,6,37,3,1,9,47,1.193548
5362,729,730,732,771,198,0,2,26,2,32,7,1,3,42,1.230769
5363,729,730,733,755,323,1,13,15,3,17,5,1,4,26,1.133333
5364,729,730,747,800,250,16,12,32,7,50,13,1,18,71,1.562500
5365,729,733,796,872,317,19,16,29,38,59,36,4,67,143,2.034483
5366,729,732,767,803,240,24,14,23,17,27,22,3,38,74,1.173913
5367,730,732,749,818,311,8,7,52,17,66,3,2,19,88,1.269231
5368,730,731,732,777,98,1,5,19,1,37,8,1,2,47,1.947368
5369,730,731,786,877,595,45,29,30,35,62,49,1,56,147,2.066667
5370,730,731,787,810,39,53,6,16,37,18,24,1,57,80,1.125000
5371,731,732,755,812,584,12,16,19,13,49,18,1,24,81,2.578947
5372,731,940,-1,-1,371,1,14,27,2,0,0,209,-1,-1,0.000000
5373,731,732,758,837,534,15,6,11,20,53,32,1,27,106,4.818182
5374,731,893,924,-1,229,6,19,39,11,58,21,162,193,-1,1.487179
5375,732,733,821,902,384,65,10,25,46,63,52,1,89,170,2.520000
5376,732,733,748,837,346,9,13,30,6,54,44,1,16,105,1.800000
5377,732,733,749,804,377,12,15,12,12,42,17,1,17,72,3.500000
5378,732,733,746,833,77,4,11,31,9,75,16,1,14,101,2.419355
5379,732,733,801,869,595,58,26,43,42,61,33,1,69,137,1.418605
5380,732,867,-1,-1,227,8,34,46,12,0,5,135,-1,-1,0.000000
5381,732,-1,-1,-1,-1,0,-1,25,0,0,0,-1,-1,-1,0.000000
5382,733,793,857,910,261,7,14,30,10,46,12,60,124,177,1.533333
5383,733,734,792,841,44,42,2,20,42,30,35,1,59,108,1.500000
5384,734,735,735,752,21,0,0,10,0,12,5,1,1,18,1.200000
5385,734,735,738,816,34,0,3,47,3,65,13,1,4,82,1.382979
5386,734,735,758,823,431,17,20,23,14,47,27,1,24,89,2.043478
5387,734,735,785,853,225,42,17,25,36,49,33,1,51,119,1.960000
5388,734,735,789,812,283,39,13,17,33,21,23,1,55,78,1.235294
5389,734,735,746,825,424,7,27,31,4,65,20,1,12,91,2.096774
5390,735,736,754,818,346,15,12,25,13,61,8,1,19,83,2.440000
5391,735,736,774,848,492,33,12,22,25,62,25,1,39,113,2.818182
5392,735,832,923,1000,467,22,28,65,30,75,6,97,188,265,1.153846
5393,735,736,766,828,470,20,12,43,18,49,25,1,31,93,1.139535
5394,735,742,769,816,317,22,19,27,18,43,12,7,34,81,1.592593
5395,735,736,789,864,532,39,12,21,32,43,53,1,54,129,2.047619
5396,735,736,790,840,479,42,15,29,36,49,19,1,55,105,1.689655
5397,736,737,787,849,505,41,17,43,33,55,24,1,51,113,1.279070
5398,736,737,773,850,436,29,3,27,27,55,31,1,37,114,2.037037
5399,736,742,782,842,323,16,24,45,22,57,13,6,46,106,1.266667
5400,736,-1,-1,-1,-1,0,-1,26,0,0,0,-1,-1,-1,0.000000
5401,736,832,919,962,145,20,29,25,21,39,10,96,183,226,1.560000
5402,736,737,785,811,64,20,12,15,34,21,19,1,49,75,1.400000
5403,736,737,744,835,544,2,14,32,6,70,22,1,8,99,2.187500
5404,736,737,753,835,318,6,4,36,14,74,10,1,17,99,2.055556
5405,737,738,774,842,254,29,46,41,28,59,17,1,37,105,1.439024
5406,737,738,756,816,333,10,6,20,6,46,25,1,19,79,2.300000
5407,737,738,817,869,487,53,30,48,52,52,15,1,80,132,1.083333
5408,737,756,804,817,287,6,20,11,14,13,4,19,67,80,1.181818
5409,738,739,747,819,333,0,7,28,6,46,27,1,9,81,1.642857
5410,738,739,742,805,123,0,3,44,3,54,9,1,4,67,1.227273
5411,738,739,778,800,463,32,5,18,27,20,14,1,40,62,1.111111
5412,738,739,750,818,583,10,11,18,8,52,19,1,12,80,2.888889
5413,738,739,753,812,498,14,14,12,9,36,28,1,15,74,3.000000
5414,739,740,757,777,24,14,35,14,13,16,8,1,18,38,1.142857
5415,739,740,826,864,74,66,11,30,56,36,32,1,87,125,1.200000
5416,739,876,929,973,43,16,24,37,24,43,2,137,190,234,1.162162
5417,739,867,963,-1,237,1,23,30,4,33,5,128,224,-1,1.100000
5418,739,740,890,920,462,123,7,23,108,23,45,1,151,181,1.000000
5419,739,740,772,824,586,20,15,36,19,50,14,1,33,85,1.388889
5420,739,740,777,832,563,25,3,17,20,39,32,1,38,93,2.294118
5421,739,740,813,895,229,60,3,21,42,59,54,1,74,156,2.809524
5422,739,793,966,-1,507,46,20,24,56,34,28,54,227,-1,1.416667
5423,740,741,763,851,254,19,45,33,17,83,10,1,23,111,2.515152
5424,740,876,932,992,498,16,22,32,18,48,18,136,192,252,1.500000
5425,740,741,805,876,43,49,21,45,44,69,22,1,65,136,1.533333
5426,740,741,778,849,263,20,10,19,25,47,36,1,38,109,2.473684
5427,741,742,757,829,367,12,14,24,8,46,33,1,16,88,1.916667
5428,741,742,756,815,74,8,9,31,11,49,13,1,15,74,1.580645
5429,741,742,802,871,262,47,20,48,36,62,27,1,61,130,1.291667
5430,741,742,772,840,5,19,3,34,24,50,24,1,31,99,1.470588
5431,742,867,-1,-1,149,1,8,33,8,0,2,125,-1,-1,0.000000
5432,742,743,761,849,479,10,10,39,10,85,11,1,19,107,2.179487
5433,742,743,812,862,571,60,10,27,44,43,32,1,70,120,1.592593
5434,742,743,958,-1,219,190,9,42,152,35,70,1,216,-1,0.833333
5435,742,743,768,801,503,10,16,26,12,30,16,1,26,59,1.153846
5436,743,744,779,868,364,17,31,61,16,81,15,1,36,125,1.327869
5437,743,744,750,823,97,4,45,48,6,62,11,1,7,80,1.291667
5438,743,744,779,858,498,24,15,49,25,77,12,1,36,115,1.571429
5439,743,744,749,818,383,2,3,51,3,61,10,1,6,75,1.196078
5440,743,744,771,854,66,8,14,58,18,78,10,1,28,111,1.344828
5441,743,744,764,841,555,19,21,41,13,67,17,1,21,98,1.634146
5442,743,744,781,847,586,16,9,45,30,57,16,1,38,104,1.266667
5443,743,763,804,890,43,20,24,29,17,57,35,20,61,147,1.965517
5444,743,744,812,879,571,47,12,17,48,45,42,1,69,136,2.647059
5445,744,876,965,-1,474,36,32,49,44,34,10,132,221,-1,0.693878
5446,744,745,753,800,308,4,11,30,7,46,2,1,9,56,1.533333
5447,744,745,760,805,307,9,12,35,8,41,11,1,16,61,1.171429
5448,744,745,815,900,9,65,15,41,44,71,40,1,71,156,1.731707
5449,744,745,784,805,240,35,12,16,31,20,9,1,40,61,1.250000
5450,744,745,809,870,197,54,20,40,43,58,24,1,65,126,1.450000
5451,745,750,945,990,370,125,19,18,101,32,68,5,200,245,1.777778
5452,745,746,748,813,462,0,2,38,2,50,15,1,3,68,1.315789
5453,745,746,853,916,171,98,5,27,65,53,52,1,108,171,1.962963
5454,745,746,806,878,138,43,13,30,41,58,33,1,61,133,1.933333
5455,745,746,908,935,139,134,11,15,108,19,62,1,163,190,1.266667
5456,745,746,822,870,167,68,20,7,57,25,42,1,77,125,3.571429
5457,745,746,819,879,76,49,23,32,45,48,31,1,74,134,1.500000
5458,746,747,747,815,383,0,0,42,0,56,12,1,1,69,1.333333
5459,746,756,831,890,497,20,23,25,27,45,24,10,85,144,1.800000
5460,746,750,776,869,262,12,23,44,12,80,18,4,30,123,1.818182
5461,746,755,841,893,513,14,20,44,15,50,13,9,95,147,1.136364
5462,746,782,815,861,208,13,21,36,16,42,7,36,69,115,1.166667
5463,746,747,768,786,476,11,2,17,14,17,7,1,22,40,1.000000
5464,747,963,-1,-1,123,0,5,50,4,0,0,216,-1,-1,0.000000
5465,747,794,858,886,408,5,18,25,2,25,8,47,111,139,1.000000
5466,747,940,-1,-1,106,0,11,50,1,0,0,193,-1,-1,0.000000
5467,747,748,832,916,496,77,15,52,62,78,28,1,85,169,1.500000
5468,748,749,805,870,64,38,17,17,40,51,30,1,57,122,3.000000
5469,748,749,756,789,368,2,7,28,7,30,3,1,8,41,1.071429
5470,748,749,749,837,440,0,0,52,0,86,2,1,1,89,1.653846
5471,748,749,826,903,271,44,12,25,41,55,42,1,78,155,2.200000
5472,748,749,781,837,225,27,13,41,24,51,13,1,33,89,1.243902
5473,748,749,754,830,385,1,4,34,5,72,4,1,6,82,2.117647
5474,749,750,781,816,415,24,15,28,22,34,10,1,32,67,1.214286
5475,749,750,801,882,552,42,15,48,40,72,18,1,52,133,1.500000
5476,749,750,771,808,571,16,13,23,20,29,9,1,22,59,1.260870
5477,749,750,764,848,410,14,14,39,10,65,23,1,15,99,1.666667
5478,749,750,-1,-1,468,208,43,51,181,0,69,1,-1,-1,0.000000
5479,750,751,762,789,321,3,9,15,10,23,5,1,12,39,1.533333
5480,750,876,953,-1,509,16,9,41,29,43,8,126,203,-1,1.048780
5481,750,927,-1,-1,475,3,32,35,4,0,1,177,-1,-1,0.000000
5482,750,751,779,869,93,25,14,24,20,68,30,1,29,119,2.833333
5483,750,-1,-1,-1,-1,0,-1,54,0,0,0,-1,-1,-1,0.000000
5484,750,751,880,937,597,121,33,51,94,55,37,1,130,187,1.078431
5485,750,751,852,875,576,88,14,7,66,17,41,1,102,125,2.428571
5486,751,752,753,791,385,0,1,30,1,38,0,1,2,40,1.266667
5487,751,752,765,801,271,4,14,8,5,28,10,1,14,50,3.500000
5488,752,753,762,833,498,3,9,24,9,58,13,1,10,81,2.416667
5489,752,756,835,864,599,24,8,21,38,27,21,4,83,112,1.285714
5490,752,896,945,1000,88,9,22,29,14,45,13,144,193,248,1.551724
5491,752,-1,-1,-1,-1,0,-1,19,0,0,0,-1,-1,-1,0.000000
5492,753,754,870,940,129,85,12,38,82,64,40,1,117,187,1.684211
5493,753,754,775,849,496,4,15,64,11,72,4,1,22,96,1.125000
5494,753,754,765,836,321,3,6,46,9,68,5,1,12,83,1.478261
5495,753,754,754,813,28,0,0,42,0,52,7,1,1,60,1.238095
5496,753,754,764,805,356,4,7,23,8,29,14,1,11,52,1.260870
5497,753,876,891,958,447,6,36,21,7,47,22,123,138,205,2.238095
5498,754,755,787,815,21,26,8,20,21,20,19,1,33,61,1.000000
5499,754,755,774,825,426,19,17,29,13,41,16,1,20,71,1.413793
5500,754,755,758,780,219,2,1,13,3,13,9,1,4,26,1.000000
5501,754,755,758,834,262,3,42,36,1,70,8,1,4,80,1.944444
5502,754,-1,-1,-1,-1,0,-1,15,0,0,0,-1,-1,-1,0.000000
5503,754,-1,-1,-1,-1,0,-1,35,0,0,0,-1,-1,-1,0.000000
5504,754,755,765,836,125,8,12,35,9,51,21,1,11,82,1.457143
5505,754,755,775,800,537,10,12,11,16,19,10,1,21,46,1.727273
5506,755,756,758,772,321,2,1,14,2,14,0,1,3,17,1.000000
5507,755,756,787,815,125,24,7,19,22,27,10,1,32,60,1.421053
5508,755,995,-1,-1,520,0,2,50,1,0,0,240,-1,-1,0.000000
5509,755,756,760,833,250,4,9,38,1,68,8,1,5,78,1.789474
5510,755,756,771,856,468,14,14,29,12,55,33,1,16,101,1.896552
5511,755,756,929,970,242,155,23,22,130,32,52,1,174,215,1.454545
5512,756,757,757,840,427,0,0,28,0,64,19,1,1,84,2.285714
5513,756,757,780,853,212,12,26,20,15,62,17,1,24,97,3.100000
5514,756,757,788,863,468,27,14,26,24,44,36,1,32,107,1.692308
5515,756,757,766,846,493,8,10,45,9,69,11,1,10,90,1.533333
5516,756,757,765,832,35,5,6,32,6,54,15,1,9,76,1.687500
5517,756,757,855,903,214,13,15,32,24,40,15,1,99,147,1.250000
5518,756,757,759,834,11,2,12,52,1,68,8,1,3,78,1.307692
5519,757,758,769,792,11,6,8,12,6,16,12,1,12,35,1.333333
5520,757,759,780,858,180,16,29,29,14,63,21,2,23,101,2.172414
5521,757,758,760,835,137,0,2,29,2,71,4,1,3,78,2.448276
5522,757,759,760,831,345,1,27,35,0,57,15,2,3,74,1.628571
5523,757,758,810,863,471,44,13,19,39,41,25,1,53,106,2.157895
5524,757,758,765,821,523,4,16,33,5,45,13,1,8,64,1.363636
5525,758,759,775,831,544,9,15,16,12,34,26,1,17,73,2.125000
5526,758,-1,-1,-1,-1,0,-1,23,0,0,0,-1,-1,-1,0.000000
5527,758,759,784,858,521,21,43,47,17,71,11,1,26,100,1.510638
5528,758,759,804,852,468,39,10,36,37,40,16,1,46,94,1.111111
5529,758,759,769,816,80,6,3,28,5,40,9,1,11,58,1.428571
5530,758,940,-1,-1,129,0,39,48,1,0,0,182,-1,-1,0.000000
5531,758,759,793,861,437,30,6,36,28,58,16,1,35,103,1.611111
5532,758,759,826,909,116,19,13,40,48,70,25,1,68,151,1.750000
5533,758,759,794,841,163,29,4,16,23,32,27,1,36,83,2.000000
5534,758,759,765,848,201,6,9,24,6,74,9,1,7,90,3.083333
5535,758,759,837,884,533,55,51,15,62,31,32,1,79,126,2.066667
5536,759,760,778,792,213,14,7,11,7,11,11,1,19,33,1.000000
5537,759,760,808,860,411,15,5,25,16,39,17,1,49,101,1.560000
5538,759,760,785,861,241,20,1,19,19,65,17,1,26,102,3.421053
5539,759,-1,-1,-1,-1,0,-1,36,0,0,0,-1,-1,-1,0.000000
5540,759,760,812,865,216,51,17,41,34,45,26,1,53,106,1.097561
5541,759,760,761,836,87,0,1,39,1,53,22,1,2,77,1.358974
5542,760,761,765,848,454,3,12,30,4,68,15,1,5,88,2.266667
5543,760,927,-1,-1,210,2,29,27,1,0,3,167,-1,-1,0.000000
5544,760,761,812,830,331,44,19,16,40,18,11,1,52,70,1.125000
5545,761,762,794,870,302,26,11,29,24,59,25,1,33,109,2.034483
5546,761,762,794,834,76,28,18,16,23,30,19,1,33,73,1.875000
5547,761,762,768,848,314,6,16,42,5,74,7,1,7,87,1.761905
5548,761,762,823,892,579,42,11,28,35,56,39,1,62,131,2.000000
5549,761,762,785,849,30,16,28,51,12,59,15,1,24,88,1.156863
5550,761,762,781,819,70,7,12,13,16,21,20,1,20,58,1.615385
5551,761,762,788,872,315,18,12,61,21,77,12,1,27,111,1.262295
5552,761,-1,-1,-1,-1,0,-1,31,0,0,0,-1,-1,-1,0.000000
5553,761,762,811,837,388,41,8,15,32,23,20,1,50,76,1.533333
5554,761,762,797,861,493,28,9,35,26,61,12,1,36,100,1.742857
5555,762,-1,-1,-1,-1,0,-1,42,0,0,0,-1,-1,-1,0.000000
5556,762,-1,-1,-1,-1,0,-1,37,0,0,0,-1,-1,-1,0.000000
5557,762,763,772,855,552,8,2,54,5,80,7,1,10,93,1.481481
5558,762,763,784,855,530,10,11,18,11,54,25,1,22,93,3.000000
5559,762,763,778,828,399,14,14,31,12,41,12,1,16,66,1.322581
5560,762,768,850,908,399,31,27,41,28,57,13,6,88,146,1.390244
5561,763,764,823,875,163,39,3,19,48,39,24,1,60,112,2.052632
5562,763,764,810,856,133,38,13,26,34,42,16,1,47,93,1.615385
5563,763,764,791,864,346,21,17,46,19,62,19,1,28,101,1.347826
5564,763,764,803,860,391,29,18,40,27,48,21,1,40,97,1.200000
5565,763,794,901,917,261,8,13,14,14,14,5,31,138,154,1.000000
5566,764,765,780,808,544,9,13,22,14,28,1,1,16,44,1.272727
5567,764,765,771,817,163,1,3,14,6,28,18,1,7,53,2.000000
5568,764,765,769,835,345,3,31,17,3,47,20,1,5,71,2.764706
5569,764,765,813,893,416,42,21,33,41,61,26,1,49,129,1.848485
5570,764,765,770,813,305,4,12,25,3,33,12,1,6,49,1.320000
5571,764,876,938,953,314,5,30,13,7,15,2,112,174,189,1.153846
5572,764,765,827,843,348,42,17,12,40,12,24,1,63,79,1.000000
5573,764,765,780,868,391,11,17,34,9,74,20,1,16,104,2.176471
5574,765,-1,-1,-1,-1,0,-1,25,0,0,0,-1,-1,-1,0.000000
5575,765,766,789,812,484,21,14,12,16,20,10,1,24,47,1.666667
5576,765,766,833,905,454,64,16,49,48,71,20,1,68,140,1.448980
5577,765,766,858,878,598,72,16,19,55,19,30,1,93,113,1.000000
5578,765,766,864,950,57,85,45,32,76,68,40,1,99,185,2.125000
5579,765,766,780,847,457,5,15,19,11,55,15,1,15,82,2.894737
5580,765,766,852,915,496,33,5,39,40,57,12,1,87,150,1.461538
5581,766,767,801,834,571,25,13,27,27,31,9,1,35,68,1.148148
5582,766,767,787,804,468,16,16,12,13,14,10,1,21,38,1.166667
5583,766,767,772,848,533,2,3,56,5,72,4,1,6,82,1.285714
5584,766,-1,-1,-1,-1,0,-1,47,0,0,0,-1,-1,-1,0.000000
5585,766,767,787,843,160,20,15,43,14,49,13,1,21,77,1.139535
5586,766,767,791,858,413,17,15,36,20,58,13,1,25,92,1.611111
5587,767,768,836,893,556,58,13,26,50,42,33,1,69,126,1.615385
5588,767,768,771,843,160,1,48,20,2,56,17,1,4,76,2.800000
5589,767,768,787,866,76,14,18,24,14,72,12,1,20,99,3.000000
5590,768,769,773,810,416,1,12,25,2,31,8,1,5,42,1.240000
5591,768,769,840,882,399,38,25,23,34,35,27,1,72,114,1.521739
5592,768,769,771,846,140,1,4,19,1,53,23,1,3,78,2.789474
5593,768,769,819,883,15,33,7,20,38,46,30,1,51,115,2.300000
5594,768,769,776,785,66,5,4,8,6,8,2,1,8,17,1.000000
5595,769,770,777,808,100,5,6,20,7,30,1,1,8,39,1.500000
5596,769,770,813,891,346,39,9,41,27,73,21,1,44,122,1.780488
5597,769,770,847,883,422,21,20,29,18,35,13,1,78,114,1.206897
5598,769,770,793,816,140,6,4,11,12,17,8,1,24,47,1.545455
5599,770,782,817,896,503,29,21,29,24,57,31,12,47,126,1.965517
5600,770,771,777,845,49,2,10,28,6,46,22,1,7,75,1.642857
5601,770,771,796,874,395,16,17,24,20,54,29,1,26,104,2.250000
5602,770,771,835,851,303,56,20,9,46,15,19,1,65,81,1.666667
5603,771,772,773,846,121,1,5,53,1,67,6,1,2,75,1.264151
5604,771,772,879,921,84,90,18,23,83,39,27,1,108,150,1.695652
5605,771,-1,-1,-1,-1,0,-1,29,0,0,0,-1,-1,-1,0.000000
5606,772,773,780,847,75,4,3,47,7,57,10,1,8,75,1.212766
5607,772,773,795,830,303,16,16,25,17,31,9,1,23,58,1.240000
5608,772,-1,-1,-1,-1,0,-1,26,0,0,0,-1,-1,-1,0.000000
5609,772,773,796,872,556,14,12,29,16,63,16,1,24,100,2.172414
5610,772,773,905,928,531,35,12,16,95,20,40,1,133,156,1.250000
5611,772,773,873,923,456,74,12,21,64,29,57,1,101,151,1.380952
5612,773,774,782,825,279,4,7,24,7,34,10,1,9,52,1.416667
5613,773,774,813,874,480,37,12,21,25,43,32,1,40,101,2.047619
5614,773,774,819,890,339,41,21,47,32,69,15,1,46,117,1.468085
5615,773,774,811,879,126,35,21,17,28,43,34,1,38,106,2.529412
5616,773,774,850,900,456,53,12,40,52,48,26,1,77,127,1.200000
5617,774,876,977,-1,185,15,34,28,27,18,11,102,203,-1,0.642857
5618,774,775,833,893,152,42,21,48,41,60,17,1,59,119,1.250000
5619,774,775,836,872,55,35,15,20,38,32,27,1,62,98,1.600000
5620,774,775,784,847,307,4,3,18,8,34,30,1,10,73,1.888889
5621,774,775,878,943,108,60,11,20,73,46,49,1,104,169,2.300000
5622,774,775,860,909,97,65,47,23,66,35,33,1,86,135,1.521739
5623,775,776,824,900,54,42,25,43,36,71,17,1,49,125,1.651163
5624,775,776,799,856,270,19,6,11,19,35,26,1,24,81,3.181818
5625,775,776,839,865,279,32,5,14,50,26,13,1,64,90,1.857143
5626,775,776,776,832,140,0,0,38,0,52,4,1,1,57,1.368421
5627,775,776,797,838,454,20,8,19,13,31,18,1,22,63,1.631579
5628,775,776,780,836,303,1,14,43,4,53,3,1,5,61,1.232558
5629,775,776,-1,-1,97,192,48,49,156,0,68,1,-1,-1,0.000000
5630,776,777,871,912,310,74,16,33,69,37,29,1,95,136,1.121212
5631,776,777,860,921,19,76,40,36,58,52,34,1,84,145,1.444444
5632,776,-1,-1,-1,-1,0,-1,55,0,0,0,-1,-1,-1,0.000000
5633,776,777,845,895,303,56,15,21,41,41,36,1,69,119,1.952381
5634,776,777,795,820,49,7,4,13,15,23,5,1,19,44,1.769231
5635,777,-1,-1,-1,-1,0,-1,52,0,0,0,-1,-1,-1,0.000000
5636,777,778,785,870,81,3,6,33,6,67,19,1,8,93,2.030303
5637,777,-1,-1,-1,-1,0,-1,65,0,0,0,-1,-1,-1,0.000000
5638,777,778,824,864,24,18,22,27,15,35,10,1,47,87,1.296296
5639,777,778,818,849,97,27,49,27,26,29,16,1,41,72,1.074074
5640,777,788,798,860,171,6,6,25,9,45,18,11,21,83,1.800000
5641,778,779,814,899,280,30,18,39,24,85,11,1,36,121,2.179487
5642,778,779,809,885,289,18,5,37,23,61,22,1,31,107,1.648649
5643,778,779,930,-1,345,133,42,49,108,57,56,1,152,-1,1.163265
5644,778,-1,-1,-1,-1,0,-1,33,0,0,0,-1,-1,-1,0.000000
5645,778,779,883,912,6,18,4,15,28,23,11,1,105,134,1.533333
5646,778,779,788,850,110,4,17,41,7,55,9,1,10,72,1.341463
5647,778,779,834,857,284,48,31,17,39,21,17,1,56,79,1.235294
5648,778,779,807,883,358,21,9,19,20,61,23,1,29,105,3.210526
5649,778,779,828,864,355,27,23,29,26,33,12,1,50,86,1.137931
5650,779,780,816,855,329,25,15,22,23,34,18,1,37,76,1.545455
5651,779,780,781,861,141,1,8,34,1,60,20,1,2,82,1.764706
5652,779,780,780,799,74,0,0,17,0,19,0,1,1,20,1.117647
5653,779,780,781,852,283,0,1,34,1,70,1,1,2,73,2.058824
5654,779,780,879,946,95,66,5,53,71,63,32,1,100,167,1.188679
5655,779,780,789,815,238,4,9,12,8,18,9,1,10,36,1.500000
5656,779,780,808,874,284,25,29,24,17,50,27,1,29,95,2.083333
5657,780,781,832,915,22,44,23,26,36,66,32,1,52,135,2.538462
5658,780,781,970,-1,160,72,8,34,75,24,29,1,190,-1,0.705882
5659,780,781,787,809,37,3,7,18,5,20,3,1,7,29,1.111111
5660,780,-1,-1,-1,-1,0,-1,44,0,0,0,-1,-1,-1,0.000000
5661,780,781,806,884,17,20,22,58,21,68,14,1,26,104,1.172414
5662,781,782,917,977,184,121,22,38,94,54,47,1,136,196,1.421053
5663,781,782,793,862,517,8,11,16,10,42,28,1,12,81,2.625000
5664,781,782,843,894,8,33,8,21,36,43,33,1,62,113,2.047619
5665,781,782,917,985,185,112,9,23,96,57,50,1,136,204,2.478261
5666,781,782,786,835,370,2,4,31,4,31,18,1,5,54,1.000000
5667,781,-1,-1,-1,-1,0,-1,15,0,0,0,-1,-1,-1,0.000000
5668,782,783,895,973,554,90,15,26,87,62,41,1,113,191,2.384615
5669,782,904,982,-1,375,22,26,46,30,17,10,122,200,-1,0.369565
5670,782,876,964,-1,50,12,33,54,12,31,11,94,182,-1,0.574074
5671,782,805,859,908,499,22,54,18,25,36,22,23,77,126,2.000000
5672,782,783,804,854,301,18,11,26,14,42,15,1,22,72,1.615385
5673,783,784,797,845,575,10,7,31,10,45,6,1,14,62,1.451613
5674,783,784,815,841,84,21,16,16,25,22,8,1,32,58,1.375000
5675,784,-1,-1,-1,-1,0,-1,27,0,0,0,-1,-1,-1,0.000000
5676,784,785,797,866,306,7,14,13,11,53,17,1,13,82,4.076923
5677,784,785,864,948,454,43,3,23,59,55,49,1,80,164,2.391304
5678,784,785,828,907,303,32,5,24,31,56,35,1,44,123,2.333333
5679,784,785,790,870,54,5,31,55,5,75,5,1,6,86,1.363636
5680,784,927,-1,-1,39,2,30,17,4,0,0,143,-1,-1,0.000000
5681,784,785,793,846,324,7,5,31,6,45,10,1,9,62,1.451613
5682,784,785,790,828,517,4,10,24,5,36,2,1,6,44,1.500000
5683,784,785,790,874,410,2,4,42,4,68,17,1,6,90,1.619048
5684,785,786,826,848,262,26,16,15,28,15,19,1,41,63,1.000000
5685,785,786,856,931,426,52,19,53,45,71,29,1,71,146,1.339623
5686,785,786,809,860,339,18,19,25,19,43,12,1,24,75,1.720000
5687,785,927,-1,-1,447,2,24,47,3,0,1,142,-1,-1,0.000000
5688,785,786,821,901,44,20,18,35,24,59,30,1,36,116,1.685714
5689,785,794,878,950,507,7,20,33,9,51,23,9,93,165,1.545455
5690,785,789,835,914,13,4,14,32,8,66,16,4,50,129,2.062500
5691,785,786,787,857,10,0,1,40,1,62,8,1,2,72,1.550000
5692,785,786,798,823,575,10,7,11,9,19,9,1,13,38,1.727273
5693,785,786,795,854,349,5,8,31,6,49,13,1,10,69,1.580645
5694,786,787,789,808,571,0,2,10,2,12,7,1,3,22,1.200000
5695,786,787,812,849,511,12,11,24,17,32,13,1,26,63,1.333333
5696,786,787,803,872,64,13,15,27,14,67,4,1,17,86,2.481481
5697,786,787,908,948,446,102,14,31,96,33,32,1,122,162,1.064516
5698,786,787,793,848,151,0,6,26,6,44,11,1,7,62,1.692308
5699,787,-1,-1,-1,-1,0,-1,25,0,0,0,-1,-1,-1,0.000000
5700,787,788,799,875,64,8,29,30,7,56,24,1,12,88,1.866667
5701,787,788,969,-1,33,90,13,23,122,27,63,1,182,-1,1.173913
5702,787,788,791,849,481,1,15,30,2,44,15,1,4,62,1.466667
5703,787,788,800,878,234,8,23,57,10,75,5,1,13,91,1.315789
5704,787,-1,-1,-1,-1,0,-1,54,0,0,0,-1,-1,-1,0.000000
5705,787,788,802,862,521,7,10,28,11,52,11,1,15,75,1.857143
5706,787,788,820,873,575,24,8,15,24,37,24,1,33,86,2.466667
5707,788,905,995,-1,235,29,14,51,37,4,10,117,207,-1,0.078431
5708,788,789,798,860,439,5,6,30,7,46,18,1,10,72,1.533333
5709,788,789,800,836,243,3,18,14,8,30,9,1,12,48,2.142857
5710,789,790,809,826,66,14,6,9,16,13,7,1,20,37,1.444444
5711,789,790,976,-1,51,152,14,39,119,23,68,1,187,-1,0.589744
5712,789,-1,-1,-1,-1,0,-1,43,0,0,0,-1,-1,-1,0.000000
5713,789,790,920,969,575,109,8,26,92,40,47,1,131,180,1.538462
5714,789,790,796,847,428,2,24,28,5,46,6,1,7,58,1.642857
5715,789,790,801,867,562,5,6,38,9,60,8,1,12,78,1.578947
5716,789,807,910,962,539,8,20,37,14,43,10,18,121,173,1.162162
5717,789,790,796,806,335,5,15,8,5,10,1,1,7,17,1.250000
5718,789,798,813,880,521,10,10,32,5,44,30,9,24,91,1.375000
5719,789,-1,-1,-1,-1,0,-1,17,0,0,0,-1,-1,-1,0.000000
5720,789,-1,-1,-1,-1,0,-1,38,0,0,0,-1,-1,-1,0.000000
5721,789,790,813,861,349,16,1,14,16,32,23,1,24,72,2.285714
5722,790,791,811,860,396,8,10,20,16,42,11,1,21,70,2.100000
5723,790,927,-1,-1,567,2,28,7,1,0,2,137,-1,-1,0.000000
5724,790,793,842,911,179,3,19,57,8,65,5,3,52,121,1.140351
5725,790,-1,-1,-1,-1,0,-1,24,0,0,0,-1,-1,-1,0.000000
5726,790,791,885,905,511,63,14,11,69,17,28,1,95,115,1.545455
5727,790,791,794,841,191,0,3,40,3,46,1,1,4,51,1.150000
5728,791,792,815,847,399,15,15,14,17,20,18,1,24,56,1.428571
5729,791,792,828,885,390,30,11,28,23,46,24,1,37,94,1.642857
5730,791,792,796,874,464,2,4,28,4,50,28,1,5,83,1.785714
5731,791,808,925,-1,539,11,19,37,13,67,16,17,134,-1,1.810811
5732,791,792,795,846,280,1,18,29,3,39,12,1,4,55,1.344828
5733,791,-1,-1,-1,-1,0,-1,36,0,0,0,-1,-1,-1,0.000000
5734,792,793,795,866,439,0,2,48,2,66,5,1,3,74,1.375000
5735,792,793,799,866,244,4,8,46,5,62,6,1,7,74,1.347826
5736,792,793,797,847,398,4,17,34,3,40,11,1,5,55,1.176471
5737,792,-1,-1,-1,-1,0,-1,41,0,0,0,-1,-1,-1,0.000000
5738,792,793,-1,-1,30,184,6,25,135,0,72,1,-1,-1,0.000000
5739,792,793,802,847,390,6,11,26,9,30,15,1,10,55,1.153846
5740,792,793,793,852,302,0,0,41,0,49,10,1,1,60,1.195122
5741,792,793,812,875,367,17,5,45,16,57,9,1,20,83,1.266667
5742,793,928,-1,-1,385,1,14,11,1,0,1,135,-1,-1,0.000000
5743,793,794,857,913,86,19,26,20,23,46,14,1,64,120,2.300000
5744,793,794,863,881,240,49,6,10,54,16,17,1,70,88,1.600000
5745,794,795,849,877,428,47,17,14,37,22,23,1,55,83,1.571429
5746,794,795,832,888,280,34,14,49,28,51,14,1,38,94,1.040816
5747,794,804,881,931,50,56,25,25,52,47,22,10,87,137,1.880000
5748,794,795,813,892,149,16,13,31,13,71,13,1,19,98,2.290323
5749,795,796,796,829,108,0,0,15,0,25,8,1,1,34,1.666667
5750,795,796,844,862,575,40,8,9,31,9,26,1,49,67,1.000000
5751,795,796,-1,-1,525,159,44,34,139,0,65,1,-1,-1,0.000000
5752,795,796,814,851,500,11,8,9,11,19,25,1,19,56,2.111111
5753,795,921,-1,-1,386,5,26,36,7,0,2,126,-1,-1,0.000000
5754,795,796,897,990,230,90,41,39,66,73,55,1,102,195,1.871795
5755,795,796,798,866,513,2,11,34,1,46,23,1,3,71,1.352941
5756,795,906,-1,-1,85,28,27,31,30,0,12,111,-1,-1,0.000000
5757,795,796,867,928,510,51,11,36,52,56,24,1,72,133,1.555556
5758,795,796,878,967,236,56,14,36,41,68,62,1,83,172,1.888889
5759,796,797,839,894,579,31,9,29,34,51,11,1,43,98,1.758621
5760,796,797,807,845,513,5,10,18,7,32,7,1,11,49,1.777778
5761,796,804,817,883,334,5,13,32,9,52,18,8,21,87,1.625000
5762,796,797,820,861,53,16,19,33,16,37,11,1,24,65,1.121212
5763,796,797,-1,-1,323,185,45,22,137,0,66,1,-1,-1,0.000000
5764,796,797,797,888,159,0,0,34,0,82,9,1,1,92,2.411765
5765,797,805,856,911,422,14,57,40,22,50,11,8,59,114,1.250000
5766,797,-1,-1,-1,-1,0,-1,52,0,0,0,-1,-1,-1,0.000000
5767,797,798,956,993,424,143,8,15,100,31,64,1,159,196,2.066667
5768,798,799,808,881,19,7,3,21,7,63,12,1,10,83,3.000000
5769,798,799,805,877,22,5,11,34,6,50,22,1,7,79,1.470588
5770,798,799,846,912,489,1,4,58,8,62,4,1,48,114,1.068966
5771,798,799,824,920,424,20,12,18,17,66,38,1,26,122,3.666667
5772,798,799,809,897,340,6,28,25,10,59,29,1,11,99,2.360000
5773,798,799,804,851,415,4,14,32,3,40,9,1,6,53,1.250000
5774,798,804,856,909,323,28,17,30,26,52,16,6,58,111,1.733333
5775,799,800,814,850,235,14,19,23,8,29,13,1,15,51,1.260870
5776,799,802,805,889,426,3,12,46,2,70,15,3,6,90,1.521739
5777,799,800,897,964,525,88,9,47,66,61,37,1,98,165,1.297872
5778,799,800,891,967,460,73,12,28,66,56,45,1,92,168,2.000000
5779,799,800,809,861,481,7,8,35,5,47,9,1,10,62,1.342857
5780,800,805,848,933,304,13,26,17,14,55,37,5,48,133,3.235294
5781,800,801,855,927,361,47,43,32,37,50,39,1,55,127,1.562500
5782,800,801,802,831,319,1,24,23,0,25,5,1,2,31,1.086957
5783,800,801,812,898,587,8,12,37,9,63,25,1,12,98,1.702703
5784,800,801,847,913,452,44,21,40,31,52,29,1,47,113,1.300000
5785,800,801,810,839,390,7,8,24,7,28,3,1,10,39,1.166667
5786,800,926,-1,-1,592,6,18,47,6,0,3,126,-1,-1,0.000000
5787,800,801,810,875,424,8,12,19,5,47,22,1,10,75,2.473684
5788,800,801,810,823,19,4,5,13,6,13,3,1,10,23,1.000000
5789,800,801,813,896,134,11,33,36,10,74,11,1,13,96,2.055556
5790,800,801,814,877,369,11,12,15,10,47,19,1,14,77,3.133333
5791,800,801,925,974,247,114,11,34,82,46,45,1,125,174,1.352941
5792,800,801,830,911,502,12,27,33,15,63,24,1,30,111,1.909091
5793,801,802,979,-1,89,152,2,21,116,19,63,1,178,-1,0.904762
5794,801,802,829,892,361,23,15,43,18,61,11,1,28,91,1.418605
5795,801,811,846,909,546,2,16,38,5,54,13,10,45,108,1.421053
5796,801,-1,-1,-1,-1,0,-1,31,0,0,0,-1,-1,-1,0.000000
5797,801,802,842,918,280,29,16,54,27,72,14,1,41,117,1.333333
5798,801,-1,-1,-1,-1,0,-1,25,0,0,0,-1,-1,-1,0.000000
5799,802,803,817,881,51,11,15,22,9,46,23,1,15,79,2.090909
5800,802,859,955,-1,561,22,16,31,23,35,24,57,153,-1,1.129032
5801,802,803,808,879,132,5,3,47,4,63,9,1,6,77,1.340426
5802,802,-1,-1,-1,-1,0,-1,27,0,0,0,-1,-1,-1,0.000000
5803,803,804,804,850,89,0,0,30,0,42,4,1,1,47,1.400000
5804,803,804,943,969,44,122,9,13,97,25,43,1,140,166,1.923077
5805,803,804,838,865,502,20,14,15,23,23,15,1,35,62,1.533333
5806,804,805,848,920,8,31,10,38,22,68,20,1,44,116,1.789474
5807,804,805,897,936,85,81,9,34,69,36,26,1,93,132,1.058824
5808,804,-1,-1,-1,-1,0,-1,44,0,0,0,-1,-1,-1,0.000000
5809,804,805,818,886,360,8,30,41,11,63,7,1,14,82,1.536585
5810,804,805,806,867,219,0,1,36,1,56,5,1,2,63,1.555556
5811,804,805,898,963,526,71,14,29,53,63,42,1,94,159,2.172414
5812,804,805,828,871,375,17,21,28,15,42,9,1,24,67,1.500000
5813,805,806,980,-1,18,149,24,40,123,19,52,1,175,-1,0.475000
5814,805,806,806,883,335,0,0,24,0,64,13,1,1,78,2.666667
5815,805,811,854,903,116,3,18,29,10,45,5,6,49,98,1.551724
5816,805,806,934,-1,71,114,23,39,90,55,49,1,129,-1,1.410256
5817,805,814,826,872,596,4,21,38,6,42,7,9,21,67,1.105263
5818,805,806,808,865,374,1,8,30,2,56,1,1,3,60,1.866667
5819,805,806,811,835,289,0,5,9,5,15,9,1,6,30,1.666667
5820,805,806,807,865,491,1,4,23,1,47,11,1,2,60,2.043478
5821,805,806,858,872,528,48,20,12,28,12,26,1,53,67,1.000000
5822,805,806,946,-1,179,109,17,49,105,51,38,1,141,-1,1.040816
5823,806,807,929,987,499,40,6,43,46,51,25,1,123,181,1.186047
5824,806,807,825,882,587,10,10,12,9,36,30,1,19,76,3.000000
5825,806,807,809,848,543,0,2,12,2,32,7,1,3,42,2.666667
5826,806,807,821,899,208,8,4,29,12,61,19,1,15,93,2.103448
5827,806,807,816,887,44,5,11,26,4,66,10,1,10,81,2.538462
5828,806,807,862,933,428,44,13,28,43,46,37,1,56,127,1.642857
5829,807,-1,-1,-1,-1,0,-1,24,0,0,0,-1,-1,-1,0.000000
5830,808,809,843,872,247,21,12,15,23,27,13,1,35,64,1.800000
5831,808,809,843,911,252,19,7,46,18,56,20,1,35,103,1.217391
5832,808,809,844,878,156,28,2,10,24,28,17,1,36,70,2.800000
5833,808,809,864,934,246,34,15,12,32,46,47,1,56,126,3.833333
5834,808,809,816,842,106,6,11,14,3,20,10,1,8,34,1.428571
5835,808,809,833,885,236,13,13,30,15,42,19,1,25,77,1.400000
5836,808,811,889,934,374,6,17,36,16,40,11,3,81,126,1.111111
5837,808,809,850,892,515,27,10,28,26,34,17,1,42,84,1.214286
5838,809,810,822,865,116,9,8,25,9,31,15,1,13,56,1.240000
5839,809,810,-1,-1,528,171,39,20,142,0,48,1,-1,-1,0.000000
5840,809,810,841,895,296,26,16,24,15,46,24,1,32,86,1.916667
5841,809,810,866,901,374,44,4,15,42,23,26,1,57,92,1.533333
5842,809,810,913,980,278,83,21,49,60,61,49,1,104,171,1.244898
5843,810,811,821,866,206,3,18,16,6,28,18,1,11,56,1.750000
5844,810,811,988,-1,322,158,16,42,132,10,47,1,178,-1,0.238095
5845,810,-1,-1,-1,-1,0,-1,54,0,0,0,-1,-1,-1,0.000000
5846,810,811,822,902,44,7,11,28,8,78,5,1,12,92,2.785714
5847,810,860,923,969,561,1,17,20,5,36,12,50,113,159,1.800000
5848,811,812,821,842,398,3,11,15,7,17,6,1,10,31,1.133333
5849,811,815,866,939,345,35,6,56,28,70,18,4,55,128,1.250000
5850,812,813,834,918,54,18,21,37,16,71,18,1,22,106,1.918919
5851,812,813,816,861,206,3,16,33,3,41,4,1,4,49,1.242424
5852,812,813,834,902,396,13,9,42,17,62,10,1,22,90,1.476190
5853,812,-1,-1,-1,-1,0,-1,23,0,0,0,-1,-1,-1,0.000000
5854,812,813,890,950,144,60,11,24,47,40,50,1,78,138,1.666667
5855,812,813,819,840,101,6,22,14,5,20,2,1,7,28,1.428571
5856,812,813,910,963,319,80,22,17,74,37,39,1,98,151,2.176471
5857,812,813,822,879,583,5,11,52,5,54,7,1,10,67,1.038462
5858,812,813,869,907,96,42,8,15,35,31,28,1,57,95,2.066667
5859,812,814,822,856,363,1,13,23,5,31,4,2,10,44,1.347826
5860,812,-1,-1,-1,-1,0,-1,45,0,0,0,-1,-1,-1,0.000000
5861,813,895,971,-1,85,21,20,28,29,23,20,82,158,-1,0.821429
5862,813,814,858,876,587,25,2,9,36,15,11,1,45,63,1.666667
5863,813,814,836,904,519,15,17,24,15,52,23,1,23,91,2.166667
5864,813,814,893,956,339,74,47,25,52,51,39,1,80,143,2.040000
5865,813,814,885,948,277,57,32,17,52,37,45,1,72,135,2.176471
5866,813,814,817,865,94,2,3,16,3,32,16,1,4,52,2.000000
5867,813,814,816,859,136,2,10,21,2,39,4,1,3,46,1.857143
5868,813,814,841,930,345,22,3,40,24,64,28,1,28,117,1.600000
5869,813,814,840,859,116,20,4,10,18,16,11,1,27,46,1.600000
5870,813,814,831,900,320,13,3,45,13,61,12,1,18,87,1.355556
5871,813,814,864,883,119,44,16,14,37,16,16,1,51,70,1.142857
5872,814,815,834,900,119,15,30,52,12,64,8,1,20,86,1.230769
5873,814,815,830,904,320,9,4,15,13,49,27,1,16,90,3.266667
5874,814,880,967,-1,509,8,7,45,12,31,4,66,153,-1,0.688889
5875,814,815,883,935,196,59,10,20,39,36,45,1,69,121,1.800000
5876,814,815,825,843,583,5,11,8,7,12,9,1,11,29,1.500000
5877,814,841,970,-1,356,27,11,52,38,27,12,27,156,-1,0.519231
5878,815,816,884,972,96,49,10,29,43,61,52,1,69,157,2.103448
5879,815,816,854,904,534,27,22,24,29,44,15,1,39,89,1.833333
5880,815,816,864,937,343,33,23,42,36,64,21,1,49,122,1.523810
5881,815,816,849,922,103,19,10,31,25,47,34,1,34,107,1.516129
5882,815,816,836,924,396,12,7,25,18,73,17,1,21,109,2.920000
5883,815,816,839,894,7,18,10,33,17,41,20,1,24,79,1.242424
5884,815,816,827,892,420,8,15,39,6,57,13,1,12,77,1.461538
5885,815,816,830,890,327,11,12,31,9,47,18,1,15,75,1.516129
5886,815,816,858,928,277,35,16,28,29,56,27,1,43,113,2.000000
5887,816,817,901,973,163,81,37,28,45,54,57,1,85,157,1.928571
5888,816,817,847,906,430,28,16,16,26,46,17,1,31,90,2.875000
5889,816,917,937,-1,518,3,23,25,6,50,15,101,121,-1,2.000000
5890,816,820,820,900,280,0,0,50,0,66,14,4,4,84,1.320000
5891,816,817,938,-1,200,116,15,50,89,59,35,1,122,-1,1.180000
5892,816,817,867,929,263,35,18,23,41,47,24,1,51,113,2.043478
5893,816,817,971,-1,67,126,9,35,110,23,50,1,155,-1,0.657143
5894,816,817,821,873,64,1,11,20,3,36,17,1,5,57,1.800000
5895,816,817,853,904,539,31,16,36,24,44,19,1,37,88,1.222222
5896,816,817,848,869,103,17,11,14,23,18,10,1,32,53,1.285714
5897,816,817,899,947,113,54,13,35,57,43,30,1,83,131,1.228571
5898,816,817,821,879,323,1,17,34,4,50,8,1,5,63,1.470588
5899,816,817,818,866,42,0,1,16,1,36,12,1,2,50,2.250000
5900,816,817,918,-1,565,95,38,48,58,73,52,1,102,-1,1.520833
5901,817,818,821,888,414,0,2,47,2,59,9,1,4,71,1.255319
5902,817,864,966,-1,149,25,11,46,25,29,14,47,149,-1,0.630435
5903,817,818,839,914,112,17,8,35,16,69,11,1,22,97,1.971429
5904,817,819,862,896,91,16,9,28,27,32,18,2,45,79,1.142857
5905,817,917,961,-1,226,13,9,13,18,20,25,100,144,-1,1.538462
5906,817,818,856,890,334,19,5,15,24,23,25,1,39,73,1.533333
5907,818,819,884,964,112,51,9,35,47,57,41,1,66,146,1.628571
5908,818,819,875,898,371,27,13,16,36,22,19,1,57,80,1.375000
5909,818,819,895,960,96,70,20,20,52,44,45,1,77,142,2.200000
5910,818,819,833,849,502,4,12,14,9,16,5,1,15,31,1.142857
5911,818,819,845,887,226,20,4,29,21,31,16,1,27,69,1.068966
5912,818,819,823,905,235,1,42,35,4,63,19,1,5,87,1.800000
5913,818,819,838,869,357,16,5,22,14,24,12,1,20,51,1.090909
5914,818,819,824,907,136,4,5,36,4,70,14,1,6,89,1.944444
5915,819,820,824,871,145,4,21,17,4,33,14,1,5,52,1.941176
5916,819,820,887,932,112,62,47,25,43,37,32,1,68,113,1.480000
5917,819,820,868,952,287,35,11,19,36,71,25,1,49,133,3.736842
5918,819,820,833,911,415,9,47,45,11,71,9,1,14,92,1.577778
5919,819,820,825,865,326,4,7,25,3,35,7,1,6,46,1.400000
5920,820,824,858,931,363,14,5,35,27,55,23,4,38,111,1.571429
5921,820,880,961,-1,293,6,27,61,8,35,6,60,141,-1,0.573770
5922,820,821,824,898,176,0,3,25,3,59,15,1,4,78,2.360000
5923,820,821,823,880,356,2,14,43,0,51,8,1,3,60,1.186047
5924,821,822,825,913,62,3,1,29,2,59,30,1,4,92,2.034483
5925,821,822,835,883,319,6,14,33,9,47,5,1,14,62,1.424242
5926,821,880,982,-1,43,4,22,43,12,18,2,59,161,-1,0.418605
5927,821,822,881,962,54,44,11,30,40,62,38,1,60,141,2.066667
5928,821,822,847,927,61,13,15,23,20,65,20,1,26,106,2.826087
5929,821,822,895,947,314,57,12,27,47,47,31,1,74,126,1.740741
5930,822,823,860,898,200,15,14,28,21,34,20,1,38,76,1.214286
5931,822,823,857,882,143,19,4,21,27,23,9,1,35,60,1.095238
5932,822,917,917,969,444,0,0,13,0,31,21,95,95,147,2.384615
5933,822,823,826,911,357,0,3,28,3,62,23,1,4,89,2.214286
5934,823,884,-1,-1,464,7,27,46,7,0,6,61,-1,-1,0.000000
5935,823,824,867,894,122,36,10,19,24,21,25,1,44,71,1.105263
5936,823,-1,-1,-1,-1,0,-1,57,0,0,0,-1,-1,-1,0.000000
5937,823,824,875,959,68,45,13,40,35,58,42,1,52,136,1.450000
5938,823,829,906,970,353,35,8,24,45,52,44,6,83,147,2.166667
5939,823,824,846,872,170,6,11,11,11,19,17,1,23,49,1.727273
5940,823,824,834,884,18,4,8,32,9,44,7,1,11,61,1.375000
5941,823,824,868,923,339,35,8,25,21,43,35,1,45,100,1.720000
5942,823,824,828,884,7,0,4,22,4,44,12,1,5,61,2.000000
5943,824,825,871,950,217,24,13,20,34,66,25,1,47,126,3.300000
5944,824,825,853,884,399,25,11,18,18,28,13,1,29,60,1.555556
5945,825,826,897,929,287,54,8,17,56,27,20,1,72,104,1.588235
5946,825,826,828,838,389,1,45,9,2,9,1,1,3,13,1.000000
5947,825,827,865,890,218,24,14,17,21,21,21,2,40,65,1.235294
5948,825,-1,-1,-1,-1,0,-1,25,0,0,0,-1,-1,-1,0.000000
5949,825,826,895,956,78,46,8,42,46,54,30,1,70,131,1.285714
5950,825,826,833,912,399,6,13,21,5,65,16,1,8,87,3.095238
5951,826,827,951,-1,68,91,15,28,88,36,49,1,125,-1,1.285714
5952,826,833,885,950,268,1,23,42,3,62,6,7,59,124,1.476190
5953,826,827,837,897,438,7,9,30,7,50,13,1,11,71,1.666667
5954,826,827,827,896,139,0,0,15,0,45,24,1,1,70,3.000000
5955,826,827,860,925,113,19,7,38,25,56,17,1,34,99,1.473684
5956,826,827,873,955,396,38,12,29,38,55,35,1,47,129,1.896552
5957,827,828,945,-1,592,100,3,41,78,50,44,1,118,-1,1.219512
5958,827,828,855,937,101,23,36,41,18,65,26,1,28,110,1.585366
5959,828,921,943,998,417,0,9,40,1,48,7,93,115,170,1.200000
5960,828,829,869,940,519,35,18,22,28,46,37,1,41,112,2.090909
5961,828,829,929,943,196,87,9,11,60,13,41,1,101,115,1.181818
5962,828,829,868,895,27,37,21,21,29,25,12,1,40,67,1.190476
5963,829,945,-1,-1,592,21,14,37,28,0,22,116,-1,-1,0.000000
5964,829,830,856,909,396,19,9,42,23,48,8,1,27,80,1.142857
5965,829,830,876,892,196,42,10,12,27,16,19,1,47,63,1.333333
5966,829,928,-1,-1,273,1,26,45,2,0,0,99,-1,-1,0.000000
5967,829,830,830,860,143,0,0,27,0,27,3,1,1,31,1.000000
5968,829,830,842,907,399,4,14,45,8,57,12,1,13,78,1.266667
5969,830,831,850,943,467,16,16,25,9,61,42,1,20,113,2.440000
5970,830,831,837,873,286,3,3,31,4,33,5,1,7,43,1.064516
5971,830,831,909,934,263,68,5,14,53,18,32,1,79,104,1.285714
5972,830,831,853,900,145,22,21,15,12,35,22,1,23,70,2.333333
5973,830,831,846,921,45,12,19,36,10,66,14,1,16,91,1.833333
5974,830,831,870,918,12,35,7,25,26,33,28,1,40,88,1.320000
5975,831,-1,-1,-1,-1,0,-1,51,0,0,0,-1,-1,-1,0.000000
5976,831,832,839,883,550,1,8,25,6,35,10,1,8,52,1.400000
5977,831,832,832,900,480,0,0,18,0,56,12,1,1,69,3.111111
5978,831,832,848,917,407,14,26,28,13,56,16,1,17,86,2.000000
5979,831,-1,-1,-1,-1,0,-1,39,0,0,0,-1,-1,-1,0.000000
5980,831,832,911,937,282,54,11,23,54,25,26,1,80,106,1.086957
5981,831,832,850,908,396,6,11,18,17,42,17,1,19,77,2.333333
5982,832,833,851,915,399,16,7,23,13,51,18,1,19,83,2.217391
5983,832,833,862,925,12,27,6,36,18,60,14,1,30,93,1.666667
5984,832,833,838,890,488,2,4,27,3,41,13,1,6,58,1.518519
5985,832,833,891,929,429,48,8,13,44,27,25,1,59,97,2.076923
5986,832,833,878,935,196,40,11,22,32,40,30,1,46,103,1.818182
5987,832,833,880,897,583,34,12,9,32,13,19,1,48,65,1.444444
5988,832,833,-1,-1,238,124,10,24,112,0,55,1,-1,-1,0.000000
5989,833,834,838,866,544,3,11,18,3,26,3,1,5,33,1.444444
5990,833,834,846,899,196,10,11,38,10,48,7,1,13,66,1.263158
5991,833,834,904,980,182,66,24,33,52,59,35,1,71,147,1.787879
5992,833,834,862,890,54,21,15,24,18,24,14,1,29,57,1.000000
5993,833,834,851,929,371,9,15,40,13,76,6,1,18,96,1.900000
5994,833,929,-1,-1,343,0,25,18,0,0,1,96,-1,-1,0.000000
5995,833,834,885,958,507,45,19,44,35,64,25,1,52,125,1.454545
5996,834,929,-1,-1,282,0,24,29,1,0,0,95,-1,-1,0.000000
5997,834,835,898,977,314,53,11,31,39,71,32,1,64,143,2.290323
5998,834,835,884,975,296,43,16,48,39,84,17,1,50,141,1.750000
5999,834,835,835,925,181,0,0,34,0,82,8,1,1,91,2.411765
6000,834,835,866,912,11,25,2,27,25,37,15,1,32,78,1.370370
6001,834,929,-1,-1,196,0,30,43,1,0,0,95,-1,-1,0.000000
6002,835,836,850,923,289,8,14,54,13,70,4,1,15,88,1.296296
6003,835,836,840,898,125,2,2,33,3,49,10,1,5,63,1.484848
6004,835,836,860,919,314,21,12,30,15,54,14,1,25,84,1.800000
6005,835,836,864,898,282,24,9,19,20,33,9,1,29,63,1.736842
6006,835,836,843,923,150,3,13,29,3,65,19,1,8,88,2.241379
6007,835,836,846,867,293,7,27,15,7,17,7,1,11,32,1.133333
6008,835,836,838,892,429,1,5,24,2,44,10,1,3,57,1.833333
6009,836,837,847,918,378,10,10,35,5,65,11,1,11,82,1.857143
6010,836,837,841,911,429,2,4,40,3,70,1,1,5,75,1.750000
6011,836,837,866,942,467,23,14,47,23,65,17,1,30,106,1.382979
6012,836,837,848,937,101,11,15,28,7,66,27,1,12,101,2.357143
6013,836,837,849,931,312,11,22,29,8,61,25,1,13,95,2.103448
6014,837,838,860,910,549,16,4,45,21,49,2,1,23,73,1.088889
6015,837,838,873,912,32,30,8,10,25,28,21,1,36,75,2.800000
6016,837,841,851,913,473,3,10,43,7,59,5,4,14,76,1.372093
6017,837,838,839,897,550,1,7,27,1,53,5,1,2,60,1.962963
6018,837,838,854,895,371,12,22,22,12,38,7,1,17,58,1.727273
6019,837,838,838,887,144,0,0,24,0,40,9,1,1,50,1.666667
6020,837,838,843,901,350,4,11,46,3,56,4,1,6,64,1.217391
6021,837,838,848,908,199,4,13,25,8,43,19,1,11,71,1.720000
6022,837,838,888,903,285,31,12,10,34,14,17,1,51,66,1.400000
6023,838,839,901,922,60,62,16,17,34,21,28,1,63,84,1.235294
6024,838,839,853,926,350,12,12,26,11,60,16,1,15,88,2.307692
6025,838,839,840,865,428,0,1,14,1,22,3,1,2,27,1.571429
6026,838,839,865,946,162,15,18,42,20,70,17,1,27,108,1.666667
6027,838,839,842,902,125,0,2,35,2,49,12,1,4,64,1.400000
6028,839,840,859,903,55,15,7,26,14,34,15,1,20,64,1.307692
6029,839,882,906,964,220,18,14,29,16,51,14,43,67,125,1.758621
6030,839,840,997,-1,340,101,25,49,116,3,41,1,158,-1,0.061224
6031,839,840,905,918,375,47,17,10,41,12,21,1,66,79,1.200000
6032,840,-1,-1,-1,-1,0,-1,51,0,0,0,-1,-1,-1,0.000000
6033,840,841,920,998,567,56,7,48,52,72,31,1,80,158,1.500000
6034,840,841,869,895,328,18,11,15,20,19,15,1,29,55,1.266667
6035,840,927,-1,-1,129,5,32,30,2,0,5,87,-1,-1,0.000000
6036,840,841,946,-1,364,88,12,42,67,44,48,1,106,-1,1.047619
6037,840,841,868,925,568,9,10,15,22,41,21,1,28,85,2.733333
6038,840,841,948,998,234,91,20,21,79,37,41,1,108,158,1.761905
6039,841,842,860,890,401,11,11,24,13,30,5,1,19,49,1.250000
6040,841,842,953,985,274,80,9,20,71,28,44,1,112,144,1.400000
6041,841,842,846,906,164,0,4,25,4,51,9,1,5,65,2.040000
6042,841,842,858,910,443,14,18,15,10,31,27,1,17,69,2.066667
6043,841,842,877,927,498,16,13,38,27,46,12,1,36,86,1.210526
6044,841,842,947,-1,457,92,38,53,80,50,28,1,106,-1,0.943396
6045,841,842,858,920,174,15,17,32,11,52,15,1,17,79,1.625000
6046,842,-1,-1,-1,-1,0,-1,10,0,0,0,-1,-1,-1,0.000000
6047,842,843,959,-1,328,72,12,36,85,40,32,1,117,-1,1.111111
6048,842,884,-1,-1,527,4,26,27,7,0,3,42,-1,-1,0.000000
6049,842,945,974,-1,97,8,13,36,16,24,9,103,132,-1,0.666667
6050,842,843,888,936,122,30,12,24,27,36,30,1,46,94,1.500000
6051,843,844,-1,-1,415,126,5,44,119,0,37,1,-1,-1,0.000000
6052,843,-1,-1,-1,-1,0,-1,20,0,0,0,-1,-1,-1,0.000000
6053,843,-1,-1,-1,-1,0,-1,51,0,0,0,-1,-1,-1,0.000000
6054,843,844,849,881,502,5,15,21,3,27,7,1,6,38,1.285714
6055,843,844,864,936,69,15,8,29,16,71,5,1,21,93,2.448276
6056,843,844,849,919,419,2,28,45,3,63,9,1,6,76,1.400000
6057,844,845,894,960,318,41,14,24,36,48,31,1,50,116,2.000000
6058,844,-1,-1,-1,-1,0,-1,52,0,0,0,-1,-1,-1,0.000000
6059,844,845,853,919,69,6,6,20,8,50,16,1,9,75,2.500000
6060,845,846,851,933,68,2,5,35,4,61,22,1,6,88,1.742857
6061,845,-1,-1,-1,-1,0,-1,28,0,0,0,-1,-1,-1,0.000000
6062,845,846,866,903,432,3,2,17,17,27,13,1,21,58,1.588235
6063,845,846,921,-1,162,42,14,47,57,76,21,1,76,-1,1.617021
6064,845,846,847,888,399,1,5,15,1,29,12,1,2,43,1.933333
6065,846,847,866,927,524,14,7,38,14,56,10,1,20,81,1.473684
6066,846,847,877,965,45,29,4,35,20,63,35,1,31,119,1.800000
6067,846,-1,-1,-1,-1,0,-1,43,0,0,0,-1,-1,-1,0.000000
6068,846,847,881,946,215,21,5,28,24,58,17,1,35,100,2.071429
6069,846,847,849,904,124,0,2,30,2,44,11,1,3,58,1.466667
6070,846,847,849,923,68,1,5,26,2,56,18,1,3,77,2.153846
6071,846,847,849,916,206,1,21,46,2,60,7,1,3,70,1.304348
6072,846,847,856,911,152,2,3,49,9,49,6,1,10,65,1.000000
6073,846,847,983,-1,55,115,6,22,95,13,45,1,137,-1,0.590909
6074,847,861,861,927,89,0,0,45,0,59,7,14,14,80,1.311111
6075,847,-1,-1,-1,-1,0,-1,48,0,0,0,-1,-1,-1,0.000000
6076,847,-1,-1,-1,-1,0,-1,55,0,0,0,-1,-1,-1,0.000000
6077,847,-1,-1,-1,-1,0,-1,30,0,0,0,-1,-1,-1,0.000000
6078,847,848,854,903,80,4,5,30,6,36,13,1,7,56,1.200000
6079,847,848,852,911,237,3,21,39,2,51,10,1,5,64,1.307692
6080,847,848,987,-1,577,116,23,14,101,11,40,1,140,-1,0.785714
6081,847,848,863,900,68,10,6,19,13,31,8,1,16,53,1.631579
6082,847,848,862,905,564,6,10,21,13,25,19,1,15,58,1.190476
6083,848,849,864,884,160,12,2,8,11,16,8,1,16,36,2.000000
6084,848,849,855,873,544,0,6,14,6,18,0,1,7,25,1.285714
6085,848,849,858,943,192,3,10,36,5,74,15,1,10,95,2.055556
6086,848,884,932,981,461,28,20,19,39,33,22,36,84,133,1.736842
6087,848,849,856,914,27,1,5,24,7,46,12,1,8,66,1.916667
6088,848,849,854,918,14,2,5,20,4,48,17,1,6,70,2.400000
6089,848,850,888,942,267,21,16,36,27,48,15,2,40,94,1.333333
6090,848,849,852,928,502,1,12,37,3,51,25,1,4,80,1.378378
6091,848,849,849,917,204,0,0,24,0,52,16,1,1,69,2.166667
6092,848,849,887,920,61,16,15,26,28,32,11,1,39,72,1.230769
6093,848,849,867,934,490,7,13,28,10,56,19,1,19,86,2.000000
6094,848,849,857,906,388,5,6,18,8,32,17,1,9,58,1.777778
6095,849,850,866,915,270,12,8,25,9,37,19,1,17,66,1.480000
6096,849,850,870,945,43,13,12,40,11,60,24,1,21,96,1.500000
6097,849,850,859,900,268,9,17,18,7,32,11,1,10,51,1.777778
6098,849,850,914,991,340,57,35,22,41,50,50,1,65,142,2.272727
6099,849,-1,-1,-1,-1,0,-1,26,0,0,0,-1,-1,-1,0.000000
6100,849,850,886,960,293,27,41,39,19,67,24,1,37,111,1.717949
6101,849,850,851,878,403,1,21,17,0,23,5,1,2,29,1.352941
6102,849,850,881,962,446,21,16,26,25,58,29,1,32,113,2.230769
6103,849,-1,-1,-1,-1,0,-1,30,0,0,0,-1,-1,-1,0.000000
6104,849,946,969,-1,97,6,13,37,11,20,15,97,120,-1,0.540541
6105,849,850,930,957,52,61,12,13,54,19,34,1,81,108,1.461538
6106,850,851,872,954,174,15,3,36,15,66,22,1,22,104,1.833333
6107,850,851,866,942,234,10,9,23,8,51,32,1,16,92,2.217391
6108,850,851,860,928,29,7,17,50,8,64,5,1,10,78,1.280000
6109,850,851,855,919,126,4,19,17,3,41,24,1,5,69,2.411765
6110,851,-1,-1,-1,-1,0,-1,42,0,0,0,-1,-1,-1,0.000000
6111,851,852,852,934,215,0,0,30,0,56,26,1,1,83,1.866667
6112,851,852,857,921,182,2,6,30,4,52,13,1,6,70,1.733333
6113,851,-1,-1,-1,-1,0,-1,36,0,0,0,-1,-1,-1,0.000000
6114,851,852,-1,-1,311,121,8,11,97,0,51,1,-1,-1,0.000000
6115,852,853,860,933,388,4,5,19,6,63,11,1,8,81,3.315789
6116,852,853,910,944,61,31,15,21,43,27,21,1,58,92,1.285714
6117,852,854,899,951,274,30,12,47,26,51,13,2,47,99,1.085106
6118,852,853,855,935,214,0,2,58,2,76,4,1,3,83,1.310345
6119,852,853,857,924,311,1,8,52,4,62,5,1,5,72,1.192308
6120,853,854,907,972,296,25,21,29,39,41,38,1,54,119,1.413793
6121,853,854,-1,-1,316,133,43,16,105,0,41,1,-1,-1,0.000000
6122,853,854,880,907,398,19,10,19,19,23,11,1,27,54,1.210526
6123,853,854,947,-1,528,50,9,53,52,52,20,1,94,-1,0.981132
6124,853,854,995,-1,297,132,53,14,100,4,42,1,142,-1,0.285714
6125,853,946,970,995,361,5,17,11,7,21,5,93,117,142,1.909091
6126,853,947,977,-1,160,1,17,28,7,22,1,94,124,-1,0.785714
6127,854,855,884,933,73,18,13,44,24,48,6,1,30,79,1.090909
6128,854,855,858,929,494,3,9,22,3,62,9,1,4,75,2.818182
6129,854,855,863,887,183,7,15,18,7,22,3,1,9,33,1.222222
6130,854,855,868,945,576,8,4,51,12,71,7,1,14,91,1.392157
6131,854,855,865,929,528,6,4,48,7,58,9,1,11,75,1.208333
6132,855,856,872,948,522,10,5,45,12,73,7,1,17,93,1.622222
6133,855,856,865,936,268,2,18,34,5,60,15,1,10,81,1.764706
6134,855,-1,-1,-1,-1,0,-1,27,0,0,0,-1,-1,-1,0.000000
6135,855,856,923,977,87,34,5,25,41,49,31,1,68,122,1.960000
6136,855,857,893,943,266,15,13,43,15,45,15,2,38,88,1.046512
6137,856,857,867,908,145,10,2,23,6,33,12,1,11,52,1.434783
6138,856,857,859,896,522,1,8,26,2,32,5,1,3,40,1.230769
6139,856,857,863,941,456,2,6,54,6,72,6,1,7,85,1.333333
6140,856,857,874,956,198,6,4,44,14,66,19,1,18,100,1.500000
6141,856,857,865,878,490,3,8,10,6,12,3,1,9,22,1.200000
6142,856,857,859,912,430,0,2,10,2,38,15,1,3,56,3.800000
6143,856,857,-1,-1,388,109,3,32,95,0,48,1,-1,-1,0.000000
6144,856,857,-1,-1,20,137,11,55,93,0,50,1,-1,-1,0.000000
6145,857,863,915,990,21,32,33,31,26,47,43,6,58,133,1.516129
6146,857,888,911,975,479,20,18,47,19,57,11,31,54,118,1.212766
6147,857,858,869,890,20,2,13,17,9,21,2,1,12,33,1.235294
6148,858,859,866,928,172,7,6,27,7,45,17,1,8,70,1.666667
6149,858,859,886,942,338,19,12,31,20,53,10,1,28,84,1.709677
6150,858,859,898,952,145,34,1,25,28,43,22,1,40,94,1.720000
6151,858,-1,-1,-1,-1,0,-1,45,0,0,0,-1,-1,-1,0.000000
6152,858,859,875,941,319,16,5,22,13,52,17,1,17,83,2.363636
6153,859,860,949,-1,452,70,16,24,55,32,53,1,90,-1,1.333333
6154,859,-1,-1,-1,-1,0,-1,43,0,0,0,-1,-1,-1,0.000000
6155,859,860,861,878,338,1,15,8,1,10,7,1,2,19,1.250000
6156,859,860,861,917,198,0,1,43,1,49,7,1,2,58,1.139535
6157,860,861,861,918,309,0,0,35,0,53,4,1,1,58,1.514286
6158,860,861,864,944,162,2,3,53,1,79,3,1,4,84,1.490566
6159,860,861,895,943,490,27,12,38,23,42,17,1,35,83,1.105263
6160,860,861,950,-1,358,71,46,39,63,35,37,1,90,-1,0.897436
6161,860,861,873,955,543,8,5,17,8,61,25,1,13,95,3.588235
6162,860,861,-1,-1,31,125,48,21,96,0,43,1,-1,-1,0.000000
6163,860,862,943,979,533,20,19,25,20,31,15,2,83,119,1.240000
6164,860,861,881,962,126,17,36,44,15,76,10,1,21,102,1.727273
6165,860,861,880,957,201,8,16,48,10,70,9,1,20,97,1.458333
6166,860,861,870,954,108,2,9,45,5,65,22,1,10,94,1.444444
6167,861,862,878,954,387,15,12,34,9,48,35,1,17,93,1.411765
6168,861,862,893,906,77,25,11,9,15,11,18,1,32,45,1.222222
6169,861,862,872,936,285,9,43,37,4,57,13,1,11,75,1.540541
6170,861,884,886,936,474,2,30,19,1,31,20,23,25,75,1.631579
6171,861,862,871,934,167,8,9,46,6,58,8,1,10,73,1.260870
6172,861,862,887,963,543,15,2,28,16,76,9,1,26,102,2.714286
6173,861,862,952,-1,126,79,16,27,56,42,40,1,91,-1,1.555556
6174,861,862,918,970,43,47,15,37,42,49,17,1,57,109,1.324324
6175,861,862,866,892,319,4,4,14,2,22,6,1,5,31,1.571429
6176,861,862,950,-1,407,70,13,33,58,42,38,1,89,-1,1.272727
6177,861,-1,-1,-1,-1,0,-1,39,0,0,0,-1,-1,-1,0.000000
6178,861,862,882,973,23,20,7,23,12,73,26,1,21,112,3.173913
6179,861,-1,-1,-1,-1,0,-1,41,0,0,0,-1,-1,-1,0.000000
6180,862,863,894,913,43,20,16,12,15,14,21,1,32,51,1.166667
6181,862,947,-1,-1,361,10,16,12,11,0,6,85,-1,-1,0.000000
6182,862,863,928,-1,387,37,15,17,41,49,47,1,66,-1,2.882353
6183,862,863,873,922,260,10,8,31,7,47,5,1,11,60,1.516129
6184,862,863,876,905,148,12,25,17,12,25,5,1,14,43,1.470588
6185,862,863,870,926,431,5,1,23,7,39,17,1,8,64,1.695652
6186,862,863,886,926,285,9,21,22,10,34,12,1,24,64,1.545455
6187,863,864,864,919,200,0,0,39,0,47,8,1,1,56,1.205128
6188,863,864,-1,-1,354,119,4,55,110,0,26,1,-1,-1,0.000000
6189,864,-1,-1,-1,-1,0,-1,43,0,0,0,-1,-1,-1,0.000000
6190,864,865,865,948,186,0,0,22,0,48,35,1,1,84,2.181818
6191,864,865,997,-1,366,32,20,53,34,3,9,1,133,-1,0.056604
6192,864,865,896,919,109,14,9,9,25,13,16,1,32,55,1.444444
6193,864,865,876,957,573,5,18,23,8,51,33,1,12,93,2.217391
6194,864,866,901,985,574,12,4,27,22,63,28,2,37,121,2.333333
6195,864,865,873,883,404,8,1,7,7,9,2,1,9,19,1.285714
6196,865,870,875,891,459,1,15,13,4,13,3,5,10,26,1.000000
6197,865,866,897,954,76,19,10,17,21,39,28,1,32,89,2.294118
6198,865,866,867,959,564,1,2,33,1,71,21,1,2,94,2.151515
6199,865,866,880,928,453,4,11,14,10,34,18,1,15,63,2.428571
6200,865,866,968,-1,545,90,15,32,69,28,37,1,103,-1,0.875000
6201,865,866,891,973,318,15,15,30,16,72,19,1,26,108,2.400000
6202,865,866,886,943,580,4,9,45,18,53,6,1,21,78,1.177778
6203,865,866,869,921,522,0,3,21,3,41,11,1,4,56,1.952381
6204,865,866,980,-1,189,57,5,28,70,18,46,1,115,-1,0.642857
6205,866,867,885,932,540,16,12,29,13,37,15,1,19,66,1.275862
6206,866,867,884,915,420,17,27,14,14,24,10,1,18,49,1.714286
6207,866,867,947,994,541,60,13,18,49,36,42,1,81,128,2.000000
6208,866,-1,-1,-1,-1,0,-1,29,0,0,0,-1,-1,-1,0.000000
6209,866,867,933,998,318,48,16,44,42,64,25,1,67,132,1.454545
6210,866,884,-1,-1,293,2,27,34,4,0,5,18,-1,-1,0.000000
6211,866,867,882,955,61,12,35,33,13,43,32,1,16,89,1.303030
6212,866,867,935,956,165,45,20,17,46,21,14,1,69,90,1.235294
6213,866,867,874,938,30,7,13,16,2,38,31,1,8,72,2.375000
6214,866,867,905,954,202,22,10,30,22,48,13,1,39,88,1.600000
6215,867,868,899,940,59,25,4,17,19,35,18,1,32,73,2.058824
6216,867,868,873,920,561,4,12,27,5,45,2,1,6,53,1.666667
6217,867,868,906,955,454,31,8,23,31,45,11,1,39,88,1.956522
6218,867,868,894,976,350,15,14,26,15,50,43,1,27,109,1.923077
6219,868,869,872,949,293,1,23,50,2,72,6,1,4,81,1.440000
6220,868,884,885,973,503,0,1,44,1,78,10,16,17,105,1.772727
6221,869,870,-1,-1,346,119,10,13,98,0,32,1,-1,-1,0.000000
6222,869,870,966,1000,420,85,30,27,69,31,30,1,97,131,1.148148
6223,869,870,881,918,58,8,18,17,8,25,15,1,12,49,1.470588
6224,869,870,897,970,61,20,14,33,21,63,16,1,28,101,1.909091
6225,869,870,898,913,77,23,8,7,21,9,13,1,29,44,1.285714
6226,869,870,882,942,56,12,2,34,8,44,20,1,13,73,1.294118
6227,869,870,911,942,501,19,7,21,24,29,19,1,42,73,1.380952
6228,869,870,871,905,452,1,13,21,0,27,8,1,2,36,1.285714
6229,869,870,875,913,227,1,28,23,5,29,9,1,6,44,1.260870
6230,870,871,879,938,572,2,13,46,7,50,9,1,9,68,1.086957
6231,870,871,879,923,237,7,15,36,4,38,10,1,9,53,1.055556
6232,870,871,884,922,76,6,8,12,9,26,16,1,14,52,2.166667
6233,870,871,920,-1,15,26,25,42,30,69,18,1,50,-1,1.642857
6234,870,871,950,-1,515,70,9,31,56,31,42,1,80,-1,1.000000
6235,870,871,871,918,398,0,0,31,0,41,6,1,1,48,1.322581
6236,870,888,934,-1,262,24,16,38,36,46,29,18,64,-1,1.210526
6237,871,872,912,926,318,32,13,11,28,13,13,1,41,55,1.181818
6238,871,872,892,954,249,12,14,19,19,45,18,1,21,83,2.368421
6239,871,872,876,945,312,4,12,25,2,49,22,1,5,74,1.960000
6240,871,950,952,-1,587,2,4,47,2,47,1,79,81,-1,1.000000
6241,872,873,876,892,195,2,3,15,3,15,1,1,4,20,1.000000
6242,872,873,971,-1,368,81,7,29,69,22,36,1,99,-1,0.758621
6243,872,979,-1,-1,423,8,13,32,9,0,4,107,-1,-1,0.000000
6244,872,873,999,-1,498,100,18,15,90,1,36,1,127,-1,0.066667
6245,872,873,875,956,495,0,2,58,2,76,5,1,3,84,1.310345
6246,872,873,913,970,312,25,11,25,28,47,22,1,41,98,1.880000
6247,872,875,991,-1,185,50,33,28,58,9,18,3,119,-1,0.321429
6248,872,873,890,932,386,12,13,33,14,37,8,1,18,60,1.121212
6249,872,873,885,920,295,9,12,21,10,31,6,1,13,48,1.476190
6250,872,873,890,965,41,9,8,36,11,66,15,1,18,93,1.833333
6251,872,873,883,960,515,4,9,47,6,71,10,1,11,88,1.510638
6252,872,873,950,983,30,56,7,26,52,32,26,1,78,111,1.230769
6253,873,874,907,983,534,25,12,22,21,58,30,1,34,110,2.636364
6254,873,874,902,978,28,19,11,29,17,63,24,1,29,105,2.172414
6255,873,874,956,973,386,67,19,11,53,15,31,1,83,100,1.363636
6256,873,-1,-1,-1,-1,0,-1,41,0,0,0,-1,-1,-1,0.000000
6257,873,874,894,908,501,12,5,11,15,13,6,1,21,35,1.181818
6258,874,875,939,993,244,58,17,16,46,44,28,1,65,119,2.750000
6259,874,-1,-1,-1,-1,0,-1,50,0,0,0,-1,-1,-1,0.000000
6260,874,875,985,-1,50,76,14,38,78,14,33,1,111,-1,0.368421
6261,874,875,943,960,25,58,15,16,45,16,24,1,69,86,1.000000
6262,874,875,880,949,190,0,5,47,5,65,4,1,6,75,1.382979
6263,874,876,911,982,461,24,17,23,25,47,34,2,37,108,2.043478
6264,875,876,885,972,598,2,8,45,8,75,13,1,10,97,1.666667
6265,875,876,893,946,194,13,16,19,13,31,26,1,18,71,1.631579
6266,875,876,-1,-1,329,113,14,49,85,0,39,1,-1,-1,0.000000
6267,875,876,878,959,581,1,14,18,2,54,27,1,3,84,3.000000
6268,875,876,880,949,223,1,16,48,0,68,5,1,5,74,1.416667
6269,876,877,918,983,556,29,7,27,33,51,22,1,42,107,1.888889
6270,876,877,877,895,34,0,0,18,0,18,0,1,1,19,1.000000
6271,876,885,-1,-1,315,1,27,53,3,0,2,9,-1,-1,0.000000
6272,876,877,942,992,235,57,17,27,38,41,36,1,66,116,1.518519
6273,876,877,894,982,109,9,11,25,15,57,33,1,18,106,2.280000
6274,877,878,887,979,88,4,24,46,5,90,6,1,10,102,1.956522
6275,877,878,904,918,109,13,10,10,19,12,9,1,27,41,1.200000
6276,877,878,890,930,360,11,5,35,11,39,2,1,13,53,1.114286
6277,877,878,937,957,201,47,17,10,40,14,25,1,60,80,1.400000
6278,878,879,904,952,454,25,2,26,16,44,13,1,26,74,1.692308
6279,878,879,908,978,542,20,21,55,18,69,12,1,30,100,1.254545
6280,878,879,896,965,201,9,12,28,14,64,8,1,18,87,2.285714
6281,878,879,882,943,286,1,6,31,3,41,20,1,4,65,1.322581
6282,878,883,916,983,307,25,44,52,22,62,13,5,38,105,1.192308
6283,878,879,898,950,360,9,7,45,16,49,6,1,20,72,1.088889
6284,878,879,899,974,175,4,10,57,18,73,4,1,21,96,1.280702
6285,878,879,970,-1,513,50,30,40,64,28,29,1,92,-1,0.700000
6286,878,879,919,972,109,21,9,31,32,41,20,1,41,94,1.322581
6287,879,880,906,951,501,23,3,37,17,43,11,1,27,72,1.162162
6288,879,880,884,961,457,3,4,26,4,74,3,1,5,82,2.846154
6289,879,880,881,929,108,0,1,29,1,39,9,1,2,50,1.344828
6290,879,880,915,974,138,16,16,42,21,52,14,1,36,95,1.238095
6291,879,880,910,960,403,25,17,27,17,41,22,1,31,81,1.518519
6292,879,880,907,948,220,16,40,24,20,34,14,1,28,69,1.416667
6293,879,880,917,-1,519,18,12,17,30,59,31,1,38,-1,3.470588
6294,880,881,903,993,41,21,8,48,20,74,18,1,23,113,1.541667
6295,880,881,889,961,535,0,7,29,7,63,10,1,9,81,2.172414
6296,880,883,940,-1,410,43,45,41,38,42,34,3,60,-1,1.024390
6297,881,882,886,938,561,4,23,21,2,39,15,1,5,57,1.857143
6298,881,882,882,925,241,0,0,28,0,38,5,1,1,44,1.357143
6299,881,882,994,-1,383,87,14,18,75,6,37,1,113,-1,0.333333
6300,881,882,890,897,30,5,3,6,7,6,2,1,9,16,1.000000
6301,881,882,888,945,63,5,6,44,3,56,4,1,7,64,1.272727
6302,881,882,897,941,360,6,4,27,12,39,8,1,16,60,1.444444
6303,881,882,883,910,407,1,6,23,1,25,2,1,2,29,1.086957
6304,882,888,928,988,101,25,23,42,30,56,11,6,46,106,1.333333
6305,882,883,883,910,501,0,0,18,0,20,7,1,1,28,1.111111
6306,882,883,917,994,301,17,16,32,17,62,32,1,35,112,1.937500
6307,882,884,911,960,515,8,12,41,13,45,9,2,29,78,1.097561
6308,882,890,902,983,296,11,20,35,8,61,24,8,20,101,1.742857
6309,882,883,923,966,351,39,12,38,29,42,12,1,41,84,1.105263
6310,883,-1,-1,-1,-1,0,-1,55,0,0,0,-1,-1,-1,0.000000
6311,883,884,-1,-1,498,108,52,49,79,0,37,1,-1,-1,0.000000
6312,883,884,910,985,114,21,9,27,17,55,29,1,27,102,2.037037
6313,883,884,907,955,561,18,20,37,12,45,14,1,24,72,1.216216
6314,883,884,892,906,569,4,18,13,4,13,5,1,9,23,1.000000
6315,883,884,950,-1,35,58,24,48,57,44,15,1,67,-1,0.916667
6316,883,884,950,961,285,59,53,9,50,11,15,1,67,78,1.222222
6317,883,884,905,968,471,15,13,33,13,59,12,1,22,85,1.787879
6318,883,887,895,965,515,2,10,30,7,52,18,4,12,82,1.733333
6319,883,924,938,-1,271,7,15,44,8,54,10,41,55,-1,1.227273
6320,883,896,899,978,572,2,10,49,1,63,18,13,16,95,1.285714
6321,883,884,886,931,559,0,2,19,2,33,12,1,3,48,1.736842
6322,884,885,-1,-1,484,106,23,29,88,0,27,1,-1,-1,0.000000
6323,884,885,964,-1,556,50,3,19,58,21,34,1,80,-1,1.105263
6324,884,885,891,984,391,0,6,30,6,74,19,1,7,100,2.466667
6325,884,885,988,-1,72,80,14,13,72,10,33,1,104,-1,0.769231
6326,884,885,891,924,387,3,9,14,4,26,9,1,7,40,1.857143
6327,884,885,900,954,515,6,10,20,11,38,20,1,16,70,1.900000
6328,884,885,-1,-1,464,1,27,44,2,0,2,1,-1,-1,0.000000
6329,885,-1,-1,-1,-1,0,-1,11,0,0,0,-1,-1,-1,0.000000
6330,885,886,922,982,530,28,13,47,22,55,19,1,37,97,1.170213
6331,885,886,935,993,596,19,2,27,33,43,31,1,50,108,1.592593
6332,885,886,887,972,285,0,1,30,1,74,11,1,2,87,2.466667
6333,885,886,920,962,178,28,13,31,22,39,15,1,35,77,1.258065
6334,885,-1,-1,-1,-1,0,-1,42,0,0,0,-1,-1,-1,0.000000
6335,886,887,892,988,502,5,5,27,5,69,27,1,6,102,2.555556
6336,886,887,897,977,227,6,13,18,6,68,16,1,11,91,3.777778
6337,886,-1,-1,-1,-1,0,-1,23,0,0,0,-1,-1,-1,0.000000
6338,886,-1,-1,-1,-1,0,-1,60,0,0,0,-1,-1,-1,0.000000
6339,886,-1,-1,-1,-1,0,-1,52,0,0,0,-1,-1,-1,0.000000
6340,886,887,-1,-1,519,107,23,47,75,0,38,1,-1,-1,0.000000
6341,886,887,969,997,484,71,23,27,64,27,19,1,83,111,1.000000
6342,887,888,951,-1,102,30,5,26,42,42,26,1,64,-1,1.615385
6343,887,-1,-1,-1,-1,0,-1,12,0,0,0,-1,-1,-1,0.000000
6344,887,924,937,996,22,6,32,51,5,59,4,37,50,109,1.156863
6345,887,-1,-1,-1,-1,0,-1,41,0,0,0,-1,-1,-1,0.000000
6346,887,888,899,992,490,9,13,32,5,80,19,1,12,105,2.500000
6347,888,889,903,973,597,12,6,44,11,62,11,1,15,85,1.409091
6348,888,889,906,938,484,13,18,19,13,25,11,1,18,50,1.315789
6349,888,889,892,963,543,3,11,32,1,56,17,1,4,75,1.750000
6350,888,889,952,968,375,42,43,14,56,16,7,1,64,80,1.142857
6351,889,890,938,-1,519,46,23,33,37,50,23,1,49,-1,1.515152
6352,889,890,897,925,7,7,12,18,3,22,10,1,8,36,1.222222
6353,889,988,999,-1,531,6,17,48,5,1,6,99,110,-1,0.020833
6354,890,891,919,997,381,25,12,35,16,65,25,1,29,107,1.857143
6355,890,891,894,951,417,1,16,45,3,55,2,1,4,61,1.222222
6356,890,891,928,957,217,29,11,21,27,25,14,1,38,67,1.190476
6357,890,891,951,-1,563,53,11,38,45,43,21,1,61,-1,1.131579
6358,890,891,920,960,178,15,12,25,23,35,11,1,30,70,1.400000
6359,890,891,927,974,500,31,21,17,29,37,17,1,37,84,2.176471
6360,890,-1,-1,-1,-1,0,-1,25,0,0,0,-1,-1,-1,0.000000
6361,890,891,912,968,48,18,4,33,15,43,19,1,22,78,1.303030
6362,890,891,951,992,351,52,14,32,47,38,16,1,61,102,1.187500
6363,890,-1,-1,-1,-1,0,-1,40,0,0,0,-1,-1,-1,0.000000
6364,891,892,898,917,515,1,6,11,6,17,2,1,7,26,1.545455
6365,891,892,894,952,211,0,2,19,2,39,19,1,3,61,2.052632
6366,891,892,914,992,48,19,3,29,16,73,11,1,23,101,2.517241
6367,891,892,918,968,61,14,15,39,21,47,8,1,27,77,1.205128
6368,892,-1,-1,-1,-1,0,-1,28,0,0,0,-1,-1,-1,0.000000
6369,892,893,950,-1,352,25,16,57,51,48,8,1,58,-1,0.842105
6370,892,893,903,973,308,6,13,43,8,49,23,1,11,81,1.139535
6371,892,893,896,913,101,3,12,7,1,11,8,1,4,21,1.571429
6372,892,893,907,953,477,4,13,14,12,38,10,1,15,61,2.714286
6373,892,893,950,991,78,42,12,15,38,31,29,1,58,99,2.066667
6374,892,893,917,951,208,15,11,19,16,25,17,1,25,59,1.315789
6375,892,893,895,-1,320,0,2,44,2,97,8,1,3,-1,2.204545
6376,892,897,901,993,33,0,4,36,4,70,22,5,9,101,1.944444
6377,893,894,-1,-1,37,94,47,19,73,0,32,1,-1,-1,0.000000
6378,893,894,932,-1,375,31,16,47,24,59,23,1,39,-1,1.255319
6379,893,894,953,991,586,31,2,23,44,29,24,1,60,98,1.260870
6380,893,988,-1,-1,444,5,16,32,4,0,6,95,-1,-1,0.000000
6381,893,-1,-1,-1,-1,0,-1,17,0,0,0,-1,-1,-1,0.000000
6382,894,-1,-1,-1,-1,0,-1,41,0,0,0,-1,-1,-1,0.000000
6383,894,895,895,913,41,0,0,16,0,18,0,1,1,19,1.125000
6384,894,901,941,-1,526,10,9,53,30,55,7,7,47,-1,1.037736
6385,894,895,919,940,468,18,3,12,20,18,7,1,25,46,1.500000
6386,894,-1,-1,-1,-1,0,-1,41,0,0,0,-1,-1,-1,0.000000
6387,894,895,918,-1,375,20,13,18,18,62,25,1,24,-1,3.444444
6388,894,895,897,955,87,0,2,16,2,40,18,1,3,61,2.500000
6389,895,896,931,995,223,28,17,41,28,55,16,1,36,100,1.341463
6390,895,924,966,-1,537,34,26,40,31,31,9,29,71,-1,0.775000
6391,895,896,913,985,588,12,20,19,7,51,31,1,18,90,2.684211
6392,895,896,-1,-1,483,29,6,28,59,0,32,1,-1,-1,0.000000
6393,895,896,950,994,199,51,16,21,33,39,26,1,55,99,1.857143
6394,895,896,920,994,123,18,32,36,21,64,13,1,25,99,1.777778
6395,895,896,948,975,472,22,13,18,40,24,15,1,53,80,1.333333
6396,896,897,926,1000,375,23,16,40,24,68,11,1,30,104,1.700000
6397,896,897,962,990,26,58,12,14,38,24,31,1,66,94,1.714286
6398,896,897,938,-1,552,36,13,15,30,51,22,1,42,-1,3.400000
6399,896,897,899,984,32,0,1,18,1,62,24,1,3,88,3.444444
6400,896,897,981,-1,223,74,44,11,55,14,33,1,85,-1,1.272727
6401,897,898,901,981,262,0,3,31,3,55,25,1,4,84,1.774194
6402,897,977,-1,-1,577,0,5,21,2,0,0,80,-1,-1,0.000000
6403,897,898,911,957,255,9,3,30,11,36,12,1,14,60,1.200000
6404,897,900,918,965,223,8,22,37,14,45,4,3,21,68,1.216216
6405,897,898,928,940,218,18,10,12,17,12,12,1,31,43,1.000000
6406,897,-1,-1,-1,-1,0,-1,19,0,0,0,-1,-1,-1,0.000000
6407,898,901,911,943,224,4,9,27,8,31,3,3,13,45,1.148148
6408,898,899,-1,-1,565,77,10,30,68,0,33,1,-1,-1,0.000000
6409,898,986,-1,-1,598,0,24,17,0,0,1,88,-1,-1,0.000000
6410,898,899,963,-1,281,47,12,15,47,29,25,1,65,-1,1.933333
6411,898,899,959,-1,390,32,10,42,38,30,33,1,61,-1,0.714286
6412,898,899,921,-1,207,13,1,25,16,62,23,1,23,-1,2.480000
6413,899,900,952,998,110,41,11,20,36,34,28,1,53,99,1.700000
6414,899,900,901,-1,256,0,1,37,1,85,14,1,2,-1,2.297297
6415,899,-1,-1,-1,-1,0,-1,14,0,0,0,-1,-1,-1,0.000000
6416,899,900,-1,-1,180,81,5,20,66,0,34,1,-1,-1,0.000000
6417,899,902,926,948,537,21,34,18,15,22,9,3,27,49,1.222222
6418,900,901,931,996,458,24,13,35,19,57,19,1,31,96,1.628571
6419,900,901,909,981,180,6,5,29,5,55,20,1,9,81,1.896552
6420,900,901,912,988,156,9,6,41,10,67,10,1,12,88,1.634146
6421,900,901,979,999,82,64,14,19,50,19,29,1,79,99,1.000000
6422,900,901,922,976,275,13,4,32,16,48,11,1,22,76,1.500000
6423,900,901,933,992,199,31,20,36,22,54,15,1,33,92,1.500000
6424,900,901,994,-1,561,65,14,31,71,4,24,1,94,-1,0.129032
6425,900,901,922,983,545,7,7,21,16,35,28,1,22,83,1.666667
6426,900,901,986,-1,25,53,39,48,68,13,18,1,86,-1,0.270833
6427,900,901,949,997,332,38,15,39,31,43,22,1,49,97,1.102564
6428,901,902,906,946,180,0,4,25,4,39,1,1,5,45,1.560000
6429,901,902,914,963,161,6,11,27,10,35,16,1,13,62,1.296296
6430,901,902,944,-1,540,36,18,40,33,51,14,1,43,-1,1.275000
6431,901,902,962,-1,165,53,41,33,42,31,24,1,61,-1,0.939394
6432,902,-1,-1,-1,-1,0,-1,19,0,0,0,-1,-1,-1,0.000000
6433,902,903,956,-1,464,45,42,29,37,22,37,1,54,-1,0.758621
6434,902,903,908,932,581,4,27,19,4,23,2,1,6,30,1.210526
6435,902,903,910,953,533,7,7,30,7,38,5,1,8,51,1.266667
6436,902,986,-1,-1,185,0,28,13,0,0,1,84,-1,-1,0.000000
6437,903,904,919,960,394,6,3,16,9,30,17,1,16,57,1.875000
6438,903,904,912,960,242,5,11,23,5,43,8,1,9,57,1.869565
6439,903,904,923,1000,98,11,7,17,16,59,21,1,20,97,3.470588
6440,903,904,910,984,469,3,16,32,4,48,28,1,7,81,1.500000
6441,903,904,932,942,299,25,20,9,19,9,10,1,29,39,1.000000
6442,903,904,924,972,248,14,3,17,17,33,18,1,21,69,1.941176
6443,903,904,939,-1,11,33,9,40,24,54,18,1,36,-1,1.350000
6444,903,904,991,-1,475,58,10,46,66,9,21,1,88,-1,0.195652
6445,903,904,-1,-1,289,82,11,39,63,0,33,1,-1,-1,0.000000
6446,903,904,917,939,389,10,10,13,9,19,7,1,14,36,1.461538
6447,904,924,963,-1,423,27,5,50,24,37,7,20,59,-1,0.740000
6448,904,-1,-1,-1,-1,0,-1,21,0,0,0,-1,-1,-1,0.000000
6449,904,905,919,956,296,3,20,20,4,30,9,1,15,52,1.500000
6450,904,907,978,-1,423,46,13,46,49,18,12,3,74,-1,0.391304
6451,904,905,982,-1,202,66,11,27,51,15,29,1,78,-1,0.555556
6452,904,905,985,-1,482,58,7,19,52,14,29,1,81,-1,0.736842
6453,904,-1,-1,-1,-1,0,-1,17,0,0,0,-1,-1,-1,0.000000
6454,905,-1,-1,-1,-1,0,-1,37,0,0,0,-1,-1,-1,0.000000
6455,905,906,909,985,110,2,49,39,3,65,11,1,4,80,1.666667
6456,905,906,919,991,482,8,8,25,10,51,24,1,14,86,2.040000
6457,905,906,926,936,293,15,7,9,18,9,3,1,21,31,1.000000
6458,905,906,-1,-1,296,83,30,21,60,0,33,1,-1,-1,0.000000
6459,905,906,977,-1,345,62,21,23,51,21,22,1,72,-1,0.913043
6460,906,907,-1,-1,123,85,22,41,80,0,13,1,-1,-1,0.000000
6461,906,907,916,-1,75,5,7,37,9,68,16,1,10,-1,1.837838
6462,906,907,917,936,334,9,9,13,7,15,7,1,11,30,1.153846
6463,906,907,960,999,519,42,20,31,40,33,19,1,54,93,1.064516
6464,906,907,908,959,194,0,1,28,1,40,11,1,2,53,1.428571
6465,906,907,921,990,447,8,32,25,10,49,24,1,15,84,1.960000
6466,907,908,969,-1,98,31,4,50,37,25,30,1,62,-1,0.500000
6467,907,908,910,987,390,2,2,26,1,70,8,1,3,80,2.692308
6468,907,908,-1,-1,520,60,12,32,66,0,26,1,-1,-1,0.000000
6469,907,-1,-1,-1,-1,0,-1,24,0,0,0,-1,-1,-1,0.000000
6470,907,908,910,-1,242,1,14,25,2,72,18,1,3,-1,2.880000
6471,908,918,948,-1,184,12,8,18,28,36,18,10,40,-1,2.000000
6472,908,909,957,986,79,19,9,20,35,22,20,1,49,78,1.100000
6473,908,-1,-1,-1,-1,0,-1,33,0,0,0,-1,-1,-1,0.000000
6474,908,916,948,968,458,10,20,10,14,14,9,8,40,60,1.400000
6475,908,909,915,947,324,5,3,24,5,26,7,1,7,39,1.083333
6476,908,909,955,980,0,35,6,17,34,25,12,1,47,72,1.470588
6477,908,909,963,-1,280,32,12,40,33,31,27,1,55,-1,0.775000
6478,908,-1,-1,-1,-1,0,-1,48,0,0,0,-1,-1,-1,0.000000
6479,908,909,911,983,588,1,27,42,1,62,11,1,3,75,1.476190
6480,909,910,911,998,475,1,19,36,1,60,27,1,2,89,1.666667
6481,909,910,998,-1,442,58,17,18,63,2,25,1,89,-1,0.111111
6482,909,910,918,958,402,5,9,30,6,38,4,1,9,49,1.266667
6483,909,910,922,997,552,10,30,44,9,64,14,1,13,88,1.454545
6484,909,910,-1,-1,540,57,12,29,52,0,38,1,-1,-1,0.000000
6485,910,911,923,938,572,9,6,14,8,14,5,1,13,28,1.000000
6486,910,911,913,958,416,1,19,31,2,43,2,1,3,48,1.387097
6487,910,911,916,-1,540,3,13,32,1,56,32,1,6,-1,1.750000
6488,910,920,921,-1,184,1,6,56,1,75,4,10,11,-1,1.339286
6489,910,911,922,940,147,10,17,16,7,18,4,1,12,30,1.125000
6490,910,911,927,-1,124,10,14,39,12,50,27,1,17,-1,1.282051
6491,910,-1,-1,-1,-1,0,-1,20,0,0,0,-1,-1,-1,0.000000
6492,911,-1,-1,-1,-1,0,-1,23,0,0,0,-1,-1,-1,0.000000
6493,911,912,920,-1,324,5,3,18,7,65,16,1,9,-1,3.611111
6494,911,-1,-1,-1,-1,0,-1,20,0,0,0,-1,-1,-1,0.000000
6495,911,912,936,977,239,16,8,26,19,34,12,1,25,66,1.307692
6496,911,912,918,996,308,3,16,29,5,63,16,1,7,85,2.172414
6497,911,912,925,981,333,12,9,17,8,47,14,1,14,70,2.764706
6498,911,912,993,-1,236,51,9,22,58,7,23,1,82,-1,0.318182
6499,911,912,-1,-1,37,77,12,43,60,0,28,1,-1,-1,0.000000
6500,911,912,912,929,145,0,0,12,0,16,1,1,1,18,1.333333
6501,911,912,918,993,307,5,6,49,2,75,4,1,7,82,1.530612
6502,912,913,931,981,474,10,36,42,15,48,5,1,19,69,1.142857
6503,912,913,945,-1,144,23,18,48,24,47,16,1,33,-1,0.979167
6504,912,913,917,981,270,2,9,26,4,48,16,1,5,69,1.846154
6505,912,-1,-1,-1,-1,0,-1,28,0,0,0,-1,-1,-1,0.000000
6506,912,-1,-1,-1,-1,0,-1,31,0,0,0,-1,-1,-1,0.000000
6507,912,913,924,942,115,4,13,13,7,15,7,1,12,30,1.153846
6508,912,913,-1,-1,301,70,2,47,60,0,27,1,-1,-1,0.000000
6509,912,913,938,982,307,24,5,24,20,42,7,1,26,70,1.750000
6510,912,913,977,-1,375,55,23,49,49,20,18,1,65,-1,0.408163
6511,913,914,-1,-1,124,51,12,49,56,0,29,1,-1,-1,0.000000
6512,913,914,923,966,474,8,32,32,8,36,8,1,10,53,1.125000
6513,913,914,914,986,563,0,0,45,0,61,11,1,1,73,1.355556
6514,913,914,918,994,236,1,10,18,4,62,14,1,5,81,3.444444
6515,913,914,917,-1,125,1,8,35,3,75,8,1,4,-1,2.142857
6516,913,914,919,-1,193,0,5,48,5,73,8,1,6,-1,1.520833
6517,913,-1,-1,-1,-1,0,-1,24,0,0,0,-1,-1,-1,0.000000
6518,913,914,980,-1,445,44,1,51,45,18,16,1,67,-1,0.352941
6519,913,914,916,978,406,2,1,20,2,52,10,1,3,65,2.600000
6520,913,914,916,-1,70,0,2,31,2,67,17,1,3,-1,2.161290
6521,913,914,-1,-1,595,73,15,38,57,0,29,1,-1,-1,0.000000
6522,914,-1,-1,-1,-1,0,-1,31,0,0,0,-1,-1,-1,0.000000
6523,914,915,-1,-1,595,72,45,34,59,0,25,1,-1,-1,0.000000
6524,914,930,942,-1,237,7,7,62,10,53,5,16,28,-1,0.854839
6525,914,915,933,985,529,17,12,25,16,37,17,1,19,71,1.480000
6526,915,916,930,957,444,10,1,15,12,25,4,1,15,42,1.666667
6527,915,916,931,959,429,8,5,10,13,18,12,1,16,44,1.800000
6528,915,916,966,-1,288,25,21,23,29,28,27,1,51,-1,1.217391
6529,915,-1,-1,-1,-1,0,-1,11,0,0,0,-1,-1,-1,0.000000
6530,915,921,922,959,34,0,1,26,1,36,1,6,7,44,1.384615
6531,916,-1,-1,-1,-1,0,-1,37,0,0,0,-1,-1,-1,0.000000
6532,916,917,921,962,595,0,23,23,2,31,10,1,5,46,1.347826
6533,916,940,-1,-1,115,0,25,11,1,0,0,24,-1,-1,0.000000
6534,916,986,-1,-1,591,0,21,37,0,0,1,70,-1,-1,0.000000
6535,917,918,920,977,301,0,2,29,2,55,2,1,3,60,1.896552
6536,917,-1,-1,-1,-1,0,-1,18,0,0,0,-1,-1,-1,0.000000
6537,917,918,939,992,430,11,6,39,16,51,7,1,22,75,1.307692
6538,917,918,-1,-1,386,72,16,31,64,0,18,1,-1,-1,0.000000
6539,917,-1,-1,-1,-1,0,-1,24,0,0,0,-1,-1,-1,0.000000
6540,917,918,937,972,105,13,18,18,12,26,15,1,20,55,1.444444
6541,918,919,924,986,480,3,31,32,4,50,13,1,6,68,1.562500
6542,918,919,960,-1,0,31,4,24,32,23,24,1,42,-1,0.958333
6543,918,919,919,994,334,0,0,18,0,62,13,1,1,76,3.444444
6544,918,919,975,-1,430,35,10,34,34,23,24,1,57,-1,0.676471
6545,918,921,938,996,184,9,7,37,16,49,10,3,20,78,1.324324
6546,918,-1,-1,-1,-1,0,-1,20,0,0,0,-1,-1,-1,0.000000
6547,918,919,926,-1,127,4,26,45,7,60,14,1,8,-1,1.333333
6548,918,922,940,985,407,11,6,42,16,44,2,4,22,67,1.047619
6549,918,919,919,980,326,0,0,42,0,54,7,1,1,62,1.285714
6550,918,-1,-1,-1,-1,0,-1,8,0,0,0,-1,-1,-1,0.000000
6551,919,931,962,-1,237,20,6,41,24,31,10,12,43,-1,0.756098
6552,919,920,920,1000,484,0,0,52,0,78,2,1,1,81,1.500000
6553,919,-1,-1,-1,-1,0,-1,54,0,0,0,-1,-1,-1,0.000000
6554,919,920,956,995,1,24,15,27,20,33,22,1,37,76,1.222222
6555,919,920,925,963,434,2,6,22,3,34,6,1,6,44,1.545455
6556,919,920,927,955,591,4,2,26,7,28,0,1,8,36,1.076923
6557,919,920,946,-1,513,16,3,19,20,40,20,1,27,-1,2.105263
6558,920,921,984,-1,433,35,20,29,38,15,26,1,64,-1,0.517241
6559,920,-1,-1,-1,-1,0,-1,14,0,0,0,-1,-1,-1,0.000000
6560,920,963,-1,-1,296,0,1,51,3,0,1,43,-1,-1,0.000000
6561,920,921,922,989,58,0,1,38,1,56,11,1,2,69,1.473684
6562,920,921,922,967,429,0,1,26,1,32,13,1,2,47,1.230769
6563,920,921,926,-1,340,1,9,38,3,51,25,1,6,-1,1.342105
6564,920,921,936,944,158,11,21,8,12,8,3,1,16,24,1.000000
6565,920,921,922,959,263,0,1,16,1,26,11,1,2,39,1.625000
6566,921,923,926,968,455,1,19,34,2,38,5,2,5,47,1.117647
6567,921,922,922,965,40,0,0,12,0,36,7,1,1,44,3.000000
6568,921,922,993,-1,165,56,26,19,51,7,20,1,72,-1,0.368421
6569,921,922,929,986,472,1,10,36,6,48,10,1,8,65,1.333333
6570,921,-1,-1,-1,-1,0,-1,52,0,0,0,-1,-1,-1,0.000000
6571,922,923,932,989,407,4,5,18,7,48,10,1,10,67,2.666667
6572,922,923,925,963,540,1,7,20,1,30,9,1,3,41,1.500000
6573,922,923,923,995,128,0,0,29,0,71,1,1,1,73,2.448276
6574,922,923,942,999,518,15,7,47,12,55,9,1,20,77,1.170213
6575,923,924,977,-1,136,36,14,15,35,18,23,1,54,-1,1.200000
6576,923,924,969,-1,86,28,20,45,36,27,13,1,46,-1,0.600000
6577,923,924,992,-1,148,33,12,20,41,7,28,1,69,-1,0.350000
6578,923,924,939,968,49,4,3,18,9,26,5,1,16,45,1.444444
6579,923,-1,-1,-1,-1,0,-1,23,0,0,0,-1,-1,-1,0.000000
6580,923,924,969,-1,529,24,7,21,37,25,14,1,46,-1,1.190476
6581,923,924,927,-1,24,3,12,46,3,65,8,1,4,-1,1.413043
6582,923,924,925,999,487,1,10,28,1,56,18,1,2,76,2.000000
6583,924,925,929,-1,273,1,22,41,4,63,8,1,5,-1,1.536585
6584,924,925,976,-1,487,12,18,31,19,23,13,1,52,-1,0.741935
6585,924,925,980,1000,158,36,7,12,35,14,26,1,56,76,1.166667
6586,924,925,945,-1,120,17,13,24,15,46,14,1,21,-1,1.916667
6587,925,926,-1,-1,323,47,25,24,57,0,17,1,-1,-1,0.000000
6588,925,989,-1,-1,444,2,16,42,4,0,3,64,-1,-1,0.000000
6589,925,926,965,-1,245,23,13,23,26,29,19,1,40,-1,1.260870
6590,925,933,952,963,340,5,14,9,7,11,5,8,27,38,1.222222
6591,925,931,964,978,448,20,8,11,27,13,3,6,39,53,1.181818
6592,925,926,931,973,337,1,9,17,3,35,9,1,6,48,2.058824
6593,925,926,932,986,71,4,10,19,5,39,16,1,7,61,2.052632
6594,925,926,929,-1,295,1,3,11,2,53,19,1,4,-1,4.818182
6595,925,926,-1,-1,144,65,8,40,55,0,18,1,-1,-1,0.000000
6596,926,927,-1,-1,409,49,4,23,57,0,16,1,-1,-1,0.000000
6597,926,931,-1,-1,14,28,23,25,30,0,10,5,-1,-1,0.000000
6598,926,-1,-1,-1,-1,0,-1,28,0,0,0,-1,-1,-1,0.000000
6599,926,927,948,-1,22,4,27,47,11,42,10,1,22,-1,0.893617
6600,927,928,937,988,131,7,10,37,6,47,7,1,10,61,1.270270
6601,927,940,-1,-1,475,0,41,37,0,0,1,13,-1,-1,0.000000
6602,927,928,933,948,393,5,3,10,5,10,5,1,6,21,1.000000
6603,927,928,980,-1,295,48,4,29,36,16,20,1,53,-1,0.551724
6604,927,928,947,964,357,9,16,17,15,17,4,1,20,37,1.000000
6605,927,933,998,-1,14,25,23,43,21,2,12,6,71,-1,0.046512
6606,928,929,937,993,567,6,14,28,6,54,4,1,9,65,1.928571
6607,928,929,939,-1,24,3,10,14,9,39,23,1,11,-1,2.785714
6608,928,929,-1,-1,472,9,9,32,22,0,9,1,-1,-1,0.000000
6609,928,929,930,990,49,1,2,46,1,58,2,1,2,62,1.260870
6610,928,929,934,972,133,5,7,22,5,30,8,1,6,44,1.363636
6611,928,929,-1,-1,228,59,12,14,49,0,22,1,-1,-1,0.000000
6612,928,929,946,-1,64,15,15,45,14,49,8,1,18,-1,1.088889
6613,928,996,-1,-1,563,1,9,15,2,0,1,68,-1,-1,0.000000
6614,928,929,933,-1,241,3,7,27,2,50,19,1,5,-1,1.851852
6615,929,930,934,984,24,1,12,36,4,48,2,1,5,55,1.333333
6616,929,930,981,-1,176,41,7,16,42,19,9,1,52,-1,1.187500
6617,929,940,-1,-1,354,0,40,29,1,0,0,11,-1,-1,0.000000
6618,929,930,935,-1,442,1,38,28,4,52,14,1,6,-1,1.857143
6619,929,998,-1,-1,563,0,8,46,1,0,0,69,-1,-1,0.000000
6620,929,930,-1,-1,528,21,9,9,50,0,20,1,-1,-1,0.000000
6621,929,-1,-1,-1,-1,0,-1,35,0,0,0,-1,-1,-1,0.000000
6622,929,931,938,997,517,1,18,16,7,48,11,2,9,68,3.000000
6623,929,930,954,-1,366,18,16,40,17,39,14,1,25,-1,0.975000
6624,930,931,945,979,369,13,7,21,11,31,6,1,15,49,1.476190
6625,930,931,937,995,1,3,8,15,3,47,14,1,7,65,3.133333
6626,931,932,-1,-1,561,55,11,14,48,0,20,1,-1,-1,0.000000
6627,931,-1,-1,-1,-1,0,-1,40,0,0,0,-1,-1,-1,0.000000
6628,931,932,954,-1,176,13,50,29,20,29,19,1,23,-1,1.000000
6629,931,932,963,-1,71,22,11,17,21,30,17,1,32,-1,1.764706
6630,931,932,972,-1,296,21,26,26,30,26,8,1,41,-1,1.000000
6631,931,932,-1,-1,451,55,6,31,53,0,15,1,-1,-1,0.000000
6632,932,942,-1,-1,202,5,20,25,14,0,6,10,-1,-1,0.000000
6633,932,933,-1,-1,129,54,28,34,52,0,15,1,-1,-1,0.000000
6634,932,-1,-1,-1,-1,0,-1,10,0,0,0,-1,-1,-1,0.000000
6635,932,933,993,-1,508,40,17,31,46,6,15,1,61,-1,0.193548
6636,933,934,-1,-1,475,58,27,39,50,0,16,1,-1,-1,0.000000
6637,933,-1,-1,-1,-1,0,-1,37,0,0,0,-1,-1,-1,0.000000
6638,933,934,-1,-1,296,57,21,17,49,0,17,1,-1,-1,0.000000
6639,933,934,942,-1,147,7,25,46,3,53,10,1,9,-1,1.152174
6640,933,-1,-1,-1,-1,0,-1,31,0,0,0,-1,-1,-1,0.000000
6641,933,934,946,965,442,2,14,10,6,16,9,1,13,32,1.600000
6642,933,934,977,-1,494,36,15,57,37,19,10,1,44,-1,0.333333
6643,933,934,-1,-1,6,42,10,7,46,0,20,1,-1,-1,0.000000
6644,934,935,945,-1,587,1,15,32,8,46,10,1,11,-1,1.437500
6645,934,935,949,995,123,13,21,21,8,33,19,1,15,61,1.571429
6646,934,-1,-1,-1,-1,0,-1,58,0,0,0,-1,-1,-1,0.000000
6647,934,-1,-1,-1,-1,0,-1,51,0,0,0,-1,-1,-1,0.000000
6648,934,935,961,983,147,18,23,11,18,11,19,1,27,49,1.000000
6649,934,-1,-1,-1,-1,0,-1,51,0,0,0,-1,-1,-1,0.000000
6650,934,935,955,-1,541,17,3,32,20,39,6,1,21,-1,1.218750
6651,934,935,969,-1,349,29,15,27,27,25,13,1,35,-1,0.925926
6652,935,936,950,976,49,5,4,25,11,25,2,1,15,41,1.000000
6653,935,936,957,-1,143,14,20,21,17,28,16,1,22,-1,1.333333
6654,935,936,936,995,26,0,0,15,0,43,16,1,1,60,2.866667
6655,935,-1,-1,-1,-1,0,-1,20,0,0,0,-1,-1,-1,0.000000
6656,935,936,-1,-1,258,63,42,50,47,0,17,1,-1,-1,0.000000
6657,936,937,941,-1,448,1,2,50,2,51,8,1,5,-1,1.020000
6658,936,937,961,-1,419,23,2,61,19,37,7,1,25,-1,0.606557
6659,936,937,947,989,273,9,13,29,6,37,9,1,11,53,1.275862
6660,936,-1,-1,-1,-1,0,-1,49,0,0,0,-1,-1,-1,0.000000
6661,936,937,954,-1,361,14,15,36,11,42,9,1,18,-1,1.166667
6662,936,937,948,-1,223,8,3,36,11,42,10,1,12,-1,1.166667
6663,936,937,-1,-1,442,24,24,14,22,0,10,1,-1,-1,0.000000
6664,936,937,940,-1,408,0,3,18,3,39,21,1,4,-1,2.166667
6665,936,940,-1,-1,416,0,40,29,0,0,1,4,-1,-1,0.000000
6666,936,937,959,-1,396,13,16,45,13,38,12,1,23,-1,0.844444
6667,936,-1,-1,-1,-1,0,-1,35,0,0,0,-1,-1,-1,0.000000
6668,937,938,-1,-1,404,45,9,16,35,0,27,1,-1,-1,0.000000
6669,937,938,953,-1,318,11,3,25,13,43,6,1,16,-1,1.720000
6670,937,938,-1,-1,21,50,15,22,46,0,16,1,-1,-1,0.000000
6671,937,938,940,-1,49,0,2,50,2,55,5,1,3,-1,1.100000
6672,937,938,961,-1,83,16,13,42,11,33,18,1,24,-1,0.785714
6673,937,938,955,-1,419,16,1,24,11,25,26,1,18,-1,1.041667
6674,938,939,-1,-1,12,52,24,40,48,0,13,1,-1,-1,0.000000
6675,938,939,940,963,573,1,5,16,1,22,1,1,2,25,1.375000
6676,938,939,953,999,557,9,10,24,11,32,17,1,15,61,1.333333
6677,938,-1,-1,-1,-1,0,-1,55,0,0,0,-1,-1,-1,0.000000
6678,938,939,939,955,419,0,0,15,0,15,1,1,1,17,1.000000
6679,938,939,943,-1,366,2,18,47,3,54,4,1,5,-1,1.148936
6680,939,940,979,-1,149,32,13,24,25,19,16,1,40,-1,0.791667
6681,939,940,972,-1,258,21,23,35,27,26,7,1,33,-1,0.742857
6682,939,940,956,-1,573,10,4,58,11,38,11,1,17,-1,0.655172
6683,940,941,-1,-1,354,38,16,17,29,0,30,1,-1,-1,0.000000
6684,940,941,951,-1,455,3,3,47,8,48,3,1,11,-1,1.021277
6685,940,941,944,-1,258,2,33,28,2,39,18,1,4,-1,1.392857
6686,940,941,-1,-1,85,36,11,27,36,0,23,1,-1,-1,0.000000
6687,940,941,965,-1,251,2,17,28,6,26,12,1,25,-1,0.928571
6688,940,941,957,994,220,11,12,34,14,36,3,1,17,54,1.058824
6689,941,942,946,-1,421,3,21,25,4,40,14,1,5,-1,1.600000
6690,941,942,954,971,238,5,19,9,9,13,7,1,13,30,1.444444
6691,941,942,981,-1,108,29,15,41,21,18,19,1,40,-1,0.439024
6692,941,942,956,-1,425,9,14,45,8,29,21,1,15,-1,0.644444
6693,941,942,970,997,426,18,7,21,17,23,15,1,29,56,1.095238
6694,942,943,954,-1,265,8,6,40,10,44,3,1,12,-1,1.100000
6695,942,943,-1,-1,108,33,21,24,38,0,19,1,-1,-1,0.000000
6696,942,943,-1,-1,197,43,8,24,29,0,28,1,-1,-1,0.000000
6697,942,943,956,-1,111,10,25,46,9,40,8,1,14,-1,0.869565
6698,942,943,955,-1,455,5,1,48,12,42,3,1,13,-1,0.875000
6699,942,943,-1,-1,22,54,11,40,44,0,13,1,-1,-1,0.000000
6700,942,943,-1,-1,487,43,10,14,47,0,10,1,-1,-1,0.000000
6701,942,943,952,-1,573,7,1,20,6,36,15,1,10,-1,1.800000
6702,943,944,966,-1,221,10,2,30,16,30,10,1,23,-1,1.000000
6703,943,944,950,1000,265,2,5,30,6,42,8,1,7,57,1.400000
6704,943,944,948,-1,0,4,3,34,3,44,9,1,5,-1,1.294118
6705,943,-1,-1,-1,-1,0,-1,25,0,0,0,-1,-1,-1,0.000000
6706,943,944,-1,-1,50,39,15,19,35,0,21,1,-1,-1,0.000000
6707,943,944,954,-1,251,7,12,22,10,38,8,1,11,-1,1.727273
6708,943,944,-1,-1,48,23,12,13,39,0,17,1,-1,-1,0.000000
6709,943,944,944,-1,573,0,0,39,0,49,7,1,1,-1,1.256410
6710,943,-1,-1,-1,-1,0,-1,23,0,0,0,-1,-1,-1,0.000000
6711,943,944,944,974,455,0,0,21,0,29,1,1,1,31,1.380952
6712,944,945,964,-1,381,9,15,26,16,26,13,1,20,-1,1.000000
6713,944,945,963,986,131,14,8,16,17,18,6,1,19,42,1.125000
6714,944,945,970,-1,12,15,20,21,20,25,10,1,26,-1,1.190476
6715,945,946,955,-1,487,3,18,52,4,36,10,1,10,-1,0.692308
6716,945,946,-1,-1,380,48,20,11,41,0,13,1,-1,-1,0.000000
6717,945,946,962,991,111,11,13,18,13,26,6,1,17,46,1.444444
6718,945,946,950,-1,438,1,3,29,4,40,10,1,5,-1,1.379310
6719,946,-1,-1,-1,-1,0,-1,29,0,0,0,-1,-1,-1,0.000000
6720,946,947,979,1000,506,29,5,15,24,19,10,1,33,54,1.266667
6721,946,947,951,-1,588,2,10,38,4,36,13,1,5,-1,0.947368
6722,946,947,-1,-1,96,49,31,11,44,0,9,1,-1,-1,0.000000
6723,946,947,962,-1,117,8,14,46,10,38,5,1,16,-1,0.826087
6724,947,948,949,-1,150,0,1,22,1,37,14,1,2,-1,1.681818
6725,947,948,-1,-1,375,47,18,47,40,0,12,1,-1,-1,0.000000
6726,947,948,973,-1,433,20,10,17,19,14,19,1,26,-1,0.823529
6727,948,949,985,-1,153,13,3,13,24,9,17,1,37,-1,0.692308
6728,948,949,949,995,438,0,0,37,0,45,1,1,1,47,1.216216
6729,948,949,957,-1,165,5,3,34,7,36,8,1,9,-1,1.058824
6730,948,949,-1,-1,66,48,4,49,41,0,10,1,-1,-1,0.000000
6731,948,-1,-1,-1,-1,0,-1,22,0,0,0,-1,-1,-1,0.000000
6732,948,949,963,-1,449,10,17,42,11,28,12,1,15,-1,0.666667
6733,948,949,996,-1,143,35,9,39,33,3,15,1,48,-1,0.076923
6734,948,949,-1,-1,50,39,13,28,34,0,17,1,-1,-1,0.000000
6735,948,949,978,-1,238,10,20,16,16,19,16,1,30,-1,1.187500
6736,949,950,980,-1,234,25,10,43,21,19,10,1,31,-1,0.441860
6737,949,950,985,-1,123,17,16,32,29,15,4,1,36,-1,0.468750
6738,949,950,-1,-1,277,35,9,25,39,0,11,1,-1,-1,0.000000
6739,949,950,953,-1,85,1,9,28,1,38,11,1,4,-1,1.357143
6740,950,951,973,-1,124,22,17,23,12,24,13,1,23,-1,1.043478
6741,950,951,967,-1,595,12,10,44,12,30,7,1,17,-1,0.681818
6742,950,951,971,988,143,13,8,17,13,17,7,1,21,38,1.000000
6743,950,951,952,-1,153,0,1,20,1,38,10,1,2,-1,1.900000
6744,950,951,957,-1,219,3,19,35,5,41,3,1,7,-1,1.171429
6745,950,951,-1,-1,165,36,5,23,33,0,16,1,-1,-1,0.000000
6746,950,951,985,-1,435,18,55,16,19,14,12,1,35,-1,0.875000
6747,951,959,997,-1,181,21,19,37,17,3,18,8,46,-1,0.081081
6748,951,952,-1,-1,386,42,1,39,36,0,12,1,-1,-1,0.000000
6749,951,952,963,-1,499,2,12,41,9,35,4,1,12,-1,0.853659
6750,951,-1,-1,-1,-1,0,-1,51,0,0,0,-1,-1,-1,0.000000
6751,952,953,-1,-1,357,45,10,38,37,0,10,1,-1,-1,0.000000
6752,952,953,972,-1,592,17,18,45,14,26,7,1,20,-1,0.577778
6753,952,995,-1,-1,271,0,12,28,1,0,0,43,-1,-1,0.000000
6754,952,966,977,-1,263,2,15,63,11,23,0,14,25,-1,0.365079
6755,952,953,990,-1,362,30,42,36,25,10,12,1,38,-1,0.277778
6756,953,954,964,-1,362,9,41,46,6,36,4,1,11,-1,0.782609
6757,953,966,976,-1,229,2,11,21,9,18,7,13,23,-1,0.857143
6758,953,954,958,981,56,4,14,19,1,21,5,1,5,28,1.105263
6759,954,955,-1,-1,449,41,36,24,31,0,14,1,-1,-1,0.000000
6760,954,-1,-1,-1,-1,0,-1,48,0,0,0,-1,-1,-1,0.000000
6761,954,955,976,-1,208,9,9,33,17,20,8,1,22,-1,0.606061
6762,954,955,-1,-1,148,22,14,16,23,0,22,1,-1,-1,0.000000
6763,954,955,998,-1,362,38,21,48,33,2,10,1,44,-1,0.041667
6764,954,955,-1,-1,401,21,15,37,32,0,13,1,-1,-1,0.000000
6765,954,955,993,-1,12,31,37,41,29,7,9,1,39,-1,0.170732
6766,954,955,978,-1,56,15,18,22,17,20,8,1,24,-1,0.909091
6767,954,995,-1,-1,35,0,31,42,1,0,0,41,-1,-1,0.000000
6768,955,981,-1,-1,221,6,6,25,13,0,1,26,-1,-1,0.000000
6769,955,956,987,-1,366,19,17,24,24,10,8,1,32,-1,0.416667
6770,955,956,-1,-1,227,27,36,51,33,0,11,1,-1,-1,0.000000
6771,955,956,971,-1,117,7,3,21,11,24,9,1,16,-1,1.142857
6772,955,956,973,-1,359,10,5,25,17,21,6,1,18,-1,0.840000
6773,955,956,960,-1,514,0,4,44,4,34,6,1,5,-1,0.772727
6774,955,-1,-1,-1,-1,0,-1,54,0,0,0,-1,-1,-1,0.000000
6775,955,956,975,-1,208,9,8,44,14,18,12,1,20,-1,0.409091
6776,956,957,-1,-1,108,32,24,26,36,0,7,1,-1,-1,0.000000
6777,956,957,988,-1,62,18,13,37,25,12,6,1,32,-1,0.324324
6778,956,957,-1,-1,489,24,13,11,27,0,16,1,-1,-1,0.000000
6779,956,957,-1,-1,266,35,12,28,34,0,9,1,-1,-1,0.000000
6780,956,957,957,-1,91,0,0,30,0,36,7,1,1,-1,1.200000
6781,956,957,957,-1,433,0,0,36,0,32,11,1,1,-1,0.888889
6782,956,957,-1,-1,302,39,9,21,31,0,12,1,-1,-1,0.000000
6783,957,958,961,973,331,1,13,11,3,11,1,1,4,16,1.000000
6784,957,958,-1,-1,499,27,16,23,26,0,16,1,-1,-1,0.000000
6785,957,959,-1,-1,224,14,10,21,17,0,11,2,-1,-1,0.000000
6786,957,958,965,995,37,3,3,28,7,30,0,1,8,38,1.071429
6787,957,958,970,-1,294,11,7,43,11,29,2,1,13,-1,0.674419
6788,957,-1,-1,-1,-1,0,-1,47,0,0,0,-1,-1,-1,0.000000
6789,957,958,990,-1,580,22,13,32,20,9,13,1,33,-1,0.281250
6790,957,958,970,998,177,5,10,21,9,25,6,1,13,41,1.190476
6791,958,959,981,-1,460,21,7,22,18,16,7,1,23,-1,0.727273
6792,958,959,965,-1,464,6,14,25,3,27,11,1,7,-1,1.080000
6793,958,-1,-1,-1,-1,0,-1,36,0,0,0,-1,-1,-1,0.000000
6794,958,959,960,-1,540,0,1,41,1,36,4,1,2,-1,0.878049
6795,958,-1,-1,-1,-1,0,-1,45,0,0,0,-1,-1,-1,0.000000
6796,958,959,980,-1,453,21,10,21,12,16,13,1,22,-1,0.761905
6797,959,960,975,-1,228,2,11,30,9,15,16,1,16,-1,0.500000
6798,959,960,965,-1,149,4,3,23,5,28,7,1,6,-1,1.217391
6799,959,960,972,-1,208,4,4,40,11,22,7,1,13,-1,0.550000
6800,959,960,972,-1,178,10,18,25,10,24,6,1,13,-1,0.960000
6801,959,960,1000,-1,464,34,12,14,28,0,12,1,41,-1,0.000000
6802,959,-1,-1,-1,-1,0,-1,23,0,0,0,-1,-1,-1,0.000000
6803,959,-1,-1,-1,-1,0,-1,59,0,0,0,-1,-1,-1,0.000000
6804,959,960,988,-1,194,14,13,24,21,12,7,1,29,-1,0.500000
6805,960,961,962,-1,176,0,1,41,1,36,2,1,2,-1,0.878049
6806,960,961,-1,-1,331,21,15,15,30,0,7,1,-1,-1,0.000000
6807,960,-1,-1,-1,-1,0,-1,49,0,0,0,-1,-1,-1,0.000000
6808,960,961,964,-1,112,0,3,25,3,28,8,1,4,-1,1.120000
6809,960,961,983,-1,556,12,15,29,20,11,8,1,23,-1,0.379310
6810,960,961,-1,-1,354,18,11,16,21,0,18,1,-1,-1,0.000000
6811,960,-1,-1,-1,-1,0,-1,47,0,0,0,-1,-1,-1,0.000000
6812,960,961,999,-1,443,34,26,21,31,1,7,1,39,-1,0.047619
6813,960,961,-1,-1,185,25,12,13,24,0,15,1,-1,-1,0.000000
6814,960,961,-1,-1,224,5,14,33,7,0,3,1,-1,-1,0.000000
6815,960,961,964,-1,15,1,4,30,3,27,9,1,4,-1,0.900000
6816,961,962,968,-1,322,2,9,32,4,29,5,1,7,-1,0.906250
6817,961,968,980,-1,178,4,20,26,3,18,5,7,19,-1,0.692308
6818,961,962,977,-1,535,8,15,27,10,21,7,1,16,-1,0.777778
6819,962,968,968,-1,371,0,0,18,0,25,7,6,6,-1,1.388889
6820,962,-1,-1,-1,-1,0,-1,43,0,0,0,-1,-1,-1,0.000000
6821,962,963,-1,-1,96,34,21,36,31,0,6,1,-1,-1,0.000000
6822,962,963,-1,-1,227,19,19,53,23,0,14,1,-1,-1,0.000000
6823,962,963,981,-1,404,15,18,18,10,17,10,1,19,-1,0.944444
6824,962,963,-1,-1,12,27,14,26,19,0,18,1,-1,-1,0.000000
6825,962,963,-1,-1,15,24,2,15,21,0,15,1,-1,-1,0.000000
6826,963,-1,-1,-1,-1,0,-1,43,0,0,0,-1,-1,-1,0.000000
6827,963,965,989,-1,361,7,12,37,20,7,8,2,26,-1,0.189189
6828,963,964,975,-1,323,11,26,24,8,24,4,1,12,-1,1.000000
6829,963,964,981,-1,315,10,8,16,16,16,4,1,18,-1,1.000000
6830,963,964,964,988,533,0,0,16,0,20,4,1,1,25,1.250000
6831,963,964,971,-1,63,2,6,44,6,20,10,1,8,-1,0.454545
6832,963,964,-1,-1,197,33,14,25,23,0,13,1,-1,-1,0.000000
6833,963,964,976,-1,105,12,3,34,10,24,2,1,13,-1,0.705882
6834,963,964,993,-1,282,18,53,10,19,7,8,1,30,-1,0.700000
6835,964,965,-1,-1,148,17,14,17,23,0,12,1,-1,-1,0.000000
6836,964,965,969,-1,50,4,13,15,1,21,13,1,5,-1,1.400000
6837,964,965,-1,-1,105,34,2,18,28,0,7,1,-1,-1,0.000000
6838,964,965,969,-1,85,0,4,30,4,25,6,1,5,-1,0.833333
6839,965,966,976,-1,287,4,13,29,6,23,5,1,11,-1,0.793103
6840,965,-1,-1,-1,-1,0,-1,21,0,0,0,-1,-1,-1,0.000000
6841,965,966,988,999,105,22,1,8,13,10,10,1,23,34,1.250000
6842,965,966,983,-1,129,11,11,33,10,10,14,1,18,-1,0.303030
6843,965,-1,-1,-1,-1,0,-1,21,0,0,0,-1,-1,-1,0.000000
6844,965,966,-1,-1,599,24,14,30,20,0,14,1,-1,-1,0.000000
6845,965,966,-1,-1,477,33,5,13,28,0,6,1,-1,-1,0.000000
6846,966,967,977,-1,331,4,10,17,6,15,12,1,11,-1,0.882353
6847,966,967,-1,-1,521,15,12,21,15,0,18,1,-1,-1,0.000000
6848,966,968,-1,-1,181,4,26,15,3,0,3,2,-1,-1,0.000000
6849,967,968,968,-1,567,0,0,38,0,30,2,1,1,-1,0.789474
6850,967,968,-1,-1,585,28,51,30,25,0,7,1,-1,-1,0.000000
6851,967,-1,-1,-1,-1,0,-1,50,0,0,0,-1,-1,-1,0.000000
6852,967,968,999,-1,494,16,11,43,24,1,7,1,32,-1,0.023256
6853,967,968,-1,-1,535,22,16,11,25,0,7,1,-1,-1,0.000000
6854,968,969,981,-1,163,8,6,25,10,17,4,1,13,-1,0.680000
6855,968,969,991,-1,228,9,9,25,18,3,10,1,23,-1,0.120000
6856,968,969,974,-1,397,4,8,31,5,22,4,1,6,-1,0.709677
6857,968,969,-1,-1,405,22,5,24,20,0,11,1,-1,-1,0.000000
6858,968,969,969,-1,234,0,0,29,0,23,8,1,1,-1,0.793103
6859,968,969,-1,-1,370,21,12,13,25,0,6,1,-1,-1,0.000000
6860,968,971,984,-1,288,13,18,22,9,15,5,3,16,-1,0.681818
6861,969,970,-1,-1,471,26,17,39,21,0,9,1,-1,-1,0.000000
6862,969,970,-1,-1,215,19,7,14,22,0,8,1,-1,-1,0.000000
6863,969,970,-1,-1,274,22,6,16,18,0,12,1,-1,-1,0.000000
6864,969,994,-1,-1,205,2,14,43,1,0,3,25,-1,-1,0.000000
6865,969,970,982,-1,525,2,6,50,7,16,7,1,13,-1,0.320000
6866,970,971,974,-1,405,0,3,29,3,20,6,1,4,-1,0.689655
6867,970,971,977,-1,164,2,2,24,5,14,10,1,7,-1,0.583333
6868,970,-1,-1,-1,-1,0,-1,61,0,0,0,-1,-1,-1,0.000000
6869,970,971,977,-1,54,5,4,21,5,19,5,1,7,-1,0.904762
6870,970,971,977,-1,87,3,18,34,3,23,3,1,7,-1,0.676471
6871,970,971,988,-1,543,11,4,34,11,9,9,1,18,-1,0.264706
6872,970,971,-1,-1,17,29,37,20,19,0,10,1,-1,-1,0.000000
6873,971,972,997,-1,197,15,10,20,15,3,10,1,26,-1,0.150000
6874,971,972,-1,-1,23,16,10,19,20,0,8,1,-1,-1,0.000000
6875,972,973,990,-1,254,9,10,11,14,5,8,1,18,-1,0.454545
6876,972,973,-1,-1,467,27,20,45,19,0,8,1,-1,-1,0.000000
6877,972,973,-1,-1,471,27,12,19,16,0,11,1,-1,-1,0.000000
6878,972,973,984,-1,577,11,3,9,9,13,5,1,12,-1,1.444444
6879,972,973,989,-1,412,9,8,25,13,9,5,1,17,-1,0.360000
6880,972,973,-1,-1,535,21,27,42,15,0,12,1,-1,-1,0.000000
6881,972,973,981,-1,361,2,15,47,8,16,3,1,9,-1,0.340426
6882,972,973,980,-1,341,4,10,34,7,18,2,1,8,-1,0.529412
6883,973,974,978,-1,471,2,10,37,2,22,2,1,5,-1,0.594595
6884,973,976,-1,-1,156,14,16,14,12,0,11,3,-1,-1,0.000000
6885,973,977,-1,-1,288,16,13,14,17,0,5,4,-1,-1,0.000000
6886,973,974,-1,-1,499,16,11,27,19,0,7,1,-1,-1,0.000000
6887,973,974,982,-1,599,6,12,26,7,17,2,1,9,-1,0.653846
6888,973,974,997,-1,197,14,15,17,20,3,3,1,24,-1,0.176471
6889,973,974,994,-1,20,10,17,23,13,6,7,1,21,-1,0.260870
6890,973,-1,-1,-1,-1,0,-1,42,0,0,0,-1,-1,-1,0.000000
6891,973,-1,-1,-1,-1,0,-1,54,0,0,0,-1,-1,-1,0.000000
6892,973,974,997,-1,577,12,4,31,16,3,6,1,24,-1,0.096774
6893,973,974,979,-1,415,2,28,43,4,20,1,1,6,-1,0.465116
6894,974,975,-1,-1,599,17,17,23,10,0,15,1,-1,-1,0.000000
6895,974,975,-1,-1,50,16,15,49,15,0,10,1,-1,-1,0.000000
6896,974,-1,-1,-1,-1,0,-1,20,0,0,0,-1,-1,-1,0.000000
6897,974,975,983,-1,597,4,11,44,7,13,5,1,9,-1,0.295455
6898,974,975,-1,-1,20,15,16,19,14,0,11,1,-1,-1,0.000000
6899,974,975,-1,-1,300,24,41,12,23,0,2,1,-1,-1,0.000000
6900,975,-1,-1,-1,-1,0,-1,44,0,0,0,-1,-1,-1,0.000000
6901,975,976,978,-1,178,2,4,25,2,17,5,1,3,-1,0.680000
6902,975,976,-1,-1,485,22,8,30,17,0,7,1,-1,-1,0.000000
6903,975,979,987,-1,562,0,8,42,5,12,3,4,12,-1,0.285714
6904,976,-1,-1,-1,-1,0,-1,50,0,0,0,-1,-1,-1,0.000000
6905,976,977,989,-1,397,7,3,22,10,10,3,1,13,-1,0.454545
6906,976,977,-1,-1,23,17,10,8,17,0,6,1,-1,-1,0.000000
6907,976,978,-1,-1,52,11,12,46,17,0,1,2,-1,-1,0.000000
6908,976,977,985,-1,535,6,27,50,6,15,2,1,9,-1,0.300000
6909,977,978,984,-1,173,3,6,16,3,11,8,1,7,-1,0.687500
6910,977,978,980,-1,194,0,2,14,2,14,6,1,3,-1,1.000000
6911,977,978,-1,-1,597,9,8,11,20,0,2,1,-1,-1,0.000000
6912,977,978,983,-1,46,4,8,13,3,14,5,1,6,-1,1.076923
6913,977,978,979,-1,415,1,39,28,0,19,3,1,2,-1,0.678571
6914,977,978,979,-1,509,0,1,13,1,16,5,1,2,-1,1.230769
6915,977,-1,-1,-1,-1,0,-1,13,0,0,0,-1,-1,-1,0.000000
6916,977,978,987,-1,160,5,17,22,9,12,1,1,10,-1,0.545455
6917,978,979,-1,-1,57,19,23,49,14,0,7,1,-1,-1,0.000000
6918,978,979,-1,-1,83,12,8,23,14,0,7,1,-1,-1,0.000000
6919,978,-1,-1,-1,-1,0,-1,35,0,0,0,-1,-1,-1,0.000000
6920,978,979,990,-1,156,6,13,38,10,10,1,1,12,-1,0.263158
6921,978,-1,-1,-1,-1,0,-1,47,0,0,0,-1,-1,-1,0.000000
6922,979,980,-1,-1,517,12,4,29,14,0,6,1,-1,-1,0.000000
6923,979,980,-1,-1,9,14,16,28,13,0,7,1,-1,-1,0.000000
6924,979,-1,-1,-1,-1,0,-1,48,0,0,0,-1,-1,-1,0.000000
6925,979,980,-1,-1,489,13,11,19,16,0,4,1,-1,-1,0.000000
6926,979,-1,-1,-1,-1,0,-1,54,0,0,0,-1,-1,-1,0.000000
6927,980,983,986,-1,455,0,3,34,3,13,1,3,6,-1,0.382353
6928,980,981,986,-1,157,2,18,21,5,10,4,1,6,-1,0.476190
6929,980,981,989,-1,380,1,5,54,8,10,1,1,9,-1,0.185185
6930,980,981,-1,-1,177,9,8,26,10,0,9,1,-1,-1,0.000000
6931,981,982,991,-1,395,7,14,30,6,8,4,1,10,-1,0.266667
6932,981,982,999,-1,207,12,5,14,11,1,6,1,18,-1,0.071429
6933,981,982,987,-1,83,0,5,24,5,11,2,1,6,-1,0.458333
6934,981,982,-1,-1,9,13,26,39,13,0,5,1,-1,-1,0.000000
6935,981,982,-1,-1,8,14,28,45,17,0,1,1,-1,-1,0.000000
6936,981,982,-1,-1,471,13,11,51,11,0,7,1,-1,-1,0.000000
6937,981,-1,-1,-1,-1,0,-1,38,0,0,0,-1,-1,-1,0.000000
6938,981,982,-1,-1,475,15,30,14,17,0,1,1,-1,-1,0.000000
6939,982,983,987,-1,425,1,1,12,4,10,3,1,5,-1,0.833333
6940,982,983,-1,-1,362,12,9,30,13,0,4,1,-1,-1,0.000000
6941,982,-1,-1,-1,-1,0,-1,27,0,0,0,-1,-1,-1,0.000000
6942,982,983,988,-1,471,1,11,39,4,9,4,1,6,-1,0.230769
6943,983,-1,-1,-1,-1,0,-1,29,0,0,0,-1,-1,-1,0.000000
6944,983,-1,-1,-1,-1,0,-1,20,0,0,0,-1,-1,-1,0.000000
6945,983,-1,-1,-1,-1,0,-1,18,0,0,0,-1,-1,-1,0.000000
6946,983,984,-1,-1,471,11,11,39,10,0,6,1,-1,-1,0.000000
6947,983,985,986,-1,380,0,1,19,1,11,3,2,3,-1,0.578947
6948,983,984,-1,-1,444,12,13,18,8,0,8,1,-1,-1,0.000000
6949,983,984,995,-1,195,8,14,47,8,3,5,1,12,-1,0.063830
6950,983,984,984,-1,238,0,0,36,0,15,1,1,1,-1,0.416667
6951,984,985,-1,-1,291,15,50,18,11,0,4,1,-1,-1,0.000000
6952,984,985,995,-1,574,5,5,48,10,5,0,1,11,-1,0.104167
6953,984,985,998,-1,445,2,6,48,8,2,2,1,14,-1,0.041667
6954,984,985,990,-1,143,3,3,20,5,7,3,1,6,-1,0.350000
6955,985,986,-1,-1,291,13,44,21,12,0,2,1,-1,-1,0.000000
6956,985,986,-1,-1,404,6,10,31,12,0,2,1,-1,-1,0.000000
6957,985,-1,-1,-1,-1,0,-1,24,0,0,0,-1,-1,-1,0.000000
6958,985,986,-1,-1,583,14,24,38,13,0,1,1,-1,-1,0.000000
6959,985,986,-1,-1,548,10,12,32,9,0,5,1,-1,-1,0.000000
6960,985,986,-1,-1,394,11,22,40,10,0,4,1,-1,-1,0.000000
6961,985,986,-1,-1,87,14,15,32,11,0,3,1,-1,-1,0.000000
6962,985,986,-1,-1,473,10,14,17,8,0,6,1,-1,-1,0.000000
6963,985,-1,-1,-1,-1,0,-1,23,0,0,0,-1,-1,-1,0.000000
6964,985,986,989,-1,143,0,2,43,2,11,1,1,4,-1,0.255814
6965,985,-1,-1,-1,-1,0,-1,16,0,0,0,-1,-1,-1,0.000000
6966,986,987,997,-1,463,7,11,58,9,3,1,1,11,-1,0.051724
6967,986,-1,-1,-1,-1,0,-1,16,0,0,0,-1,-1,-1,0.000000
6968,986,987,-1,-1,445,3,7,13,6,0,7,1,-1,-1,0.000000
6969,986,987,994,-1,429,2,7,24,6,6,1,1,8,-1,0.250000
6970,986,990,-1,-1,126,5,21,33,6,0,1,4,-1,-1,0.000000
6971,986,987,-1,-1,43,11,12,22,7,0,6,1,-1,-1,0.000000
6972,987,988,995,-1,529,6,5,23,6,5,1,1,8,-1,0.217391
6973,987,988,-1,-1,430,4,10,42,8,0,0,1,-1,-1,0.000000
6974,987,988,-1,-1,20,5,12,11,9,0,3,1,-1,-1,0.000000
6975,987,-1,-1,-1,-1,0,-1,41,0,0,0,-1,-1,-1,0.000000
6976,988,989,998,-1,185,4,10,25,7,2,2,1,10,-1,0.080000
6977,988,989,-1,-1,136,6,29,60,9,0,1,1,-1,-1,0.000000
6978,988,989,-1,-1,554,10,4,38,11,0,0,1,-1,-1,0.000000
6979,988,-1,-1,-1,-1,0,-1,11,0,0,0,-1,-1,-1,0.000000
6980,988,989,-1,-1,327,11,55,42,8,0,3,1,-1,-1,0.000000
6981,988,989,-1,-1,583,3,11,7,4,0,7,1,-1,-1,0.000000
6982,988,994,-1,-1,152,2,6,46,6,0,0,6,-1,-1,0.000000
6983,989,990,-1,-1,432,2,9,51,6,0,3,1,-1,-1,0.000000
6984,989,-1,-1,-1,-1,0,-1,30,0,0,0,-1,-1,-1,0.000000
6985,989,990,996,-1,454,1,4,42,6,2,2,1,7,-1,0.047619
6986,990,991,-1,-1,32,8,18,25,7,0,2,1,-1,-1,0.000000
6987,990,991,-1,-1,185,3,9,27,5,0,4,1,-1,-1,0.000000
6988,990,991,-1,-1,453,7,1,30,5,0,4,1,-1,-1,0.000000
6989,990,991,992,-1,554,1,2,42,1,8,0,1,2,-1,0.190476
6990,990,991,-1,-1,2,8,22,56,8,0,1,1,-1,-1,0.000000
6991,990,-1,-1,-1,-1,0,-1,34,0,0,0,-1,-1,-1,0.000000
6992,990,991,992,-1,365,1,8,21,1,8,0,1,2,-1,0.380952
6993,991,-1,-1,-1,-1,0,-1,26,0,0,0,-1,-1,-1,0.000000
6994,991,992,-1,-1,489,7,12,32,5,0,3,1,-1,-1,0.000000
6995,991,-1,-1,-1,-1,0,-1,8,0,0,0,-1,-1,-1,0.000000
6996,991,992,-1,-1,554,6,55,21,8,0,0,1,-1,-1,0.000000
6997,991,992,997,-1,108,4,24,19,4,3,1,1,6,-1,0.157895
6998,992,993,-1,-1,394,7,17,45,6,0,1,1,-1,-1,0.000000
6999,992,999,-1,-1,432,0,12,17,0,0,1,7,-1,-1,0.000000
7000,992,993,-1,-1,432,2,12,29,3,0,3,1,-1,-1,0.000000
7001,992,993,-1,-1,43,6,13,26,5,0,2,1,-1,-1,0.000000
7002,992,993,-1,-1,257,6,17,47,5,0,2,1,-1,-1,0.000000
7003,992,993,999,-1,327,5,7,15,6,0,1,1,7,-1,0.000000
7004,992,993,-1,-1,235,6,17,46,4,0,3,1,-1,-1,0.000000
7005,992,993,994,-1,454,0,1,24,1,6,0,1,2,-1,0.250000
7006,993,994,-1,-1,529,6,4,11,2,0,4,1,-1,-1,0.000000
7007,993,994,998,-1,218,4,24,40,3,2,1,1,5,-1,0.050000
7008,993,1000,-1,-1,84,0,11,38,0,0,0,7,-1,-1,0.000000
7009,993,994,-1,-1,6,4,11,30,5,0,1,1,-1,-1,0.000000
7010,993,994,-1,-1,390,1,13,17,5,0,1,1,-1,-1,0.000000
7011,993,994,-1,-1,544,4,6,35,4,0,1,1,-1,-1,0.000000
7012,993,-1,-1,-1,-1,0,-1,41,0,0,0,-1,-1,-1,0.000000
7013,993,994,997,-1,475,3,19,47,2,3,1,1,4,-1,0.063830
7014,993,994,-1,-1,12,5,16,32,3,0,3,1,-1,-1,0.000000
7015,994,995,-1,-1,471,4,12,20,3,0,2,1,-1,-1,0.000000
7016,994,995,995,-1,538,0,0,30,0,5,0,1,1,-1,0.166667
7017,994,995,-1,-1,191,4,53,46,5,0,0,1,-1,-1,0.000000
7018,994,995,-1,-1,108,5,16,32,2,0,3,1,-1,-1,0.000000
7019,994,995,-1,-1,291,5,5,29,4,0,1,1,-1,-1,0.000000
7020,994,995,-1,-1,47,4,28,24,2,0,3,1,-1,-1,0.000000
7021,994,996,-1,-1,77,4,22,41,3,0,1,2,-1,-1,0.000000
7022,994,995,-1,-1,390,1,13,36,3,0,2,1,-1,-1,0.000000
7023,994,995,999,-1,185,1,14,25,3,1,1,1,5,-1,0.040000
7024,995,996,-1,-1,20,3,12,11,1,0,3,1,-1,-1,0.000000
7025,995,999,-1,-1,84,0,12,22,0,0,1,4,-1,-1,0.000000
7026,995,996,-1,-1,213,4,11,19,4,0,0,1,-1,-1,0.000000
7027,995,996,-1,-1,185,0,14,41,1,0,3,1,-1,-1,0.000000
7028,995,996,-1,-1,136,2,43,42,4,0,0,1,-1,-1,0.000000
7029,995,996,-1,-1,599,3,34,42,4,0,0,1,-1,-1,0.000000
7030,995,997,997,-1,549,0,0,23,0,3,0,2,2,-1,0.130435
7031,995,996,-1,-1,579,4,1,51,3,0,1,1,-1,-1,0.000000
7032,995,996,-1,-1,187,3,12,30,3,0,1,1,-1,-1,0.000000
7033,996,997,-1,-1,247,2,13,13,3,0,0,1,-1,-1,0.000000
7034,996,997,-1,-1,483,2,11,25,2,0,1,1,-1,-1,0.000000
7035,996,997,-1,-1,59,3,6,22,3,0,0,1,-1,-1,0.000000
7036,996,997,-1,-1,42,3,16,54,2,0,1,1,-1,-1,0.000000
7037,996,997,-1,-1,275,1,5,9,2,0,1,1,-1,-1,0.000000
7038,996,997,-1,-1,158,2,6,37,1,0,2,1,-1,-1,0.000000
7039,996,997,-1,-1,20,1,14,19,1,0,2,1,-1,-1,0.000000
7040,997,998,998,-1,431,0,0,13,0,2,0,1,1,-1,0.153846
7041,997,998,-1,-1,157,2,8,11,2,0,0,1,-1,-1,0.000000
7042,997,998,-1,-1,430,1,18,33,2,0,0,1,-1,-1,0.000000
7043,997,998,-1,-1,300,2,13,37,0,0,2,1,-1,-1,0.000000
7044,997,998,-1,-1,460,0,5,38,2,0,0,1,-1,-1,0.000000
7045,997,998,-1,-1,554,2,51,19,1,0,1,1,-1,-1,0.000000
7046,997,-1,-1,-1,-1,0,-1,58,0,0,0,-1,-1,-1,0.000000
7047,998,999,-1,-1,19,1,19,41,1,0,0,1,-1,-1,0.000000
7048,998,999,-1,-1,531,1,9,20,0,0,1,1,-1,-1,0.000000
7049,998,999,-1,-1,258,0,10,42,1,0,0,1,-1,-1,0.000000
7050,998,999,-1,-1,479,1,2,18,1,0,0,1,-1,-1,0.000000
7051,998,999,-1,-1,363,1,13,33,1,0,0,1,-1,-1,0.000000
7052,998,999,-1,-1,526,1,13,13,0,0,1,1,-1,-1,0.000000
7053,998,999,-1,-1,555,1,14,20,1,0,0,1,-1,-1,0.000000
7054,999,1000,-1,-1,430,0,13,44,0,0,0,1,-1,-1,0.000000
7055,999,-1,-1,-1,-1,0,-1,50,0,0,0,-1,-1,-1,0.000000
7056,999,-1,-1,-1,-1,0,-1,29,0,0,0,-1,-1,-1,0.000000
7057,999,-1,-1,-1,-1,0,-1,26,0,0,0,-1,-1,-1,0.000000
7058,999,-1,-1,-1,-1,0,-1,56,0,0,0,-1,-1,-1,0.000000
7059,999,1000,-1,-1,534,0,41,43,0,0,0,1,-1,-1,0.000000
7060,999,1000,-1,-1,101,0,13,25,0,0,0,1,-1,-1,0.000000
7061,999,1000,-1,-1,201,0,10,14,0,0,0,1,-1,-1,0.000000
7062,1000,-1,-1,-1,-1,0,-1,23,0,0,0,-1,-1,-1,0.000000
7063,1000,-1,-1,-1,-1,0,-1,15,0,0,0,-1,-1,-1,0.000000
7064,1000,-1,-1,-1,-1,0,-1,15,0,0,0,-1,-1,-1,0.000000
7065,1000,-1,-1,-1,-1,0,-1,40,0,0,0,-1,-1,-1,0.000000
7066,1000,-1,-1,-1,-1,0,-1,16,0,0,0,-1,-1,-1,0.000000
7067,1000,-1,-1,-1,-1,0,-1,28,0,0,0,-1,-1,-1,0.000000
7068,1000,-1,-1,-1,-1,0,-1,34,0,0,0,-1,-1,-1,0.000000
7069,1000,-1,-1,-1,-1,0,-1,20,0,0,0,-1,-1,-1,0.000000
7070,1000,-1,-1,-1,-1,0,-1,49,0,0,0,-1,-1,-1,0.000000
7071,1000,-1,-1,-1,-1,0,-1,32,0,0,0,-1,-1,-1,0.000000
