new free agents: 0
current timestep 0
new free agents: 0
num of flexible agents: 20000
num of flexible tasks: 20000
Solving time: 1.28009 seconds
plan limit 8636
num of waits: 5
current timestep 1
new free agents: 0
plan limit 9979
no goal cnt in pibt 0
num of waits: 3
current timestep 2
new free agents: 0
plan limit 9979
no goal cnt in pibt 0
num of waits: 8
current timestep 3
new free agents: 0
plan limit 9979
no goal cnt in pibt 0
num of waits: 10
current timestep 4
new free agents: 0
plan limit 9979
no goal cnt in pibt 0
num of waits: 11
current timestep 5
new free agents: 0
plan limit 9980
no goal cnt in pibt 0
num of waits: 8
current timestep 6
new free agents: 0
plan limit 9980
no goal cnt in pibt 0
num of waits: 8
current timestep 7
new free agents: 0
plan limit 9980
no goal cnt in pibt 0
num of waits: 21
current timestep 8
new free agents: 0
plan limit 9980
no goal cnt in pibt 0
num of waits: 16
current timestep 9
new free agents: 0
plan limit 9980
no goal cnt in pibt 0
num of waits: 19
current timestep 10
new free agents: 0
num of flexible agents: 3751
num of flexible tasks: 3751
Solving time: 1.04666 seconds
plan limit 8883
compute initial stop until 1773
num of waits: 0
num of waits: 18
current timestep 12
new free agents: 0
plan limit 9980
no goal cnt in pibt 0
num of waits: 24
current timestep 13
new free agents: 0
plan limit 9980
no goal cnt in pibt 0
num of waits: 27
current timestep 14
new free agents: 1
plan limit 9980
no goal cnt in pibt 1
num of waits: 36
current timestep 15
new free agents: 1
plan limit 9979
no goal cnt in pibt 2
num of waits: 45
current timestep 16
new free agents: 4
plan limit 9980
no goal cnt in pibt 6
num of waits: 53
current timestep 17
new free agents: 3
plan limit 9980
no goal cnt in pibt 9
num of waits: 47
current timestep 18
new free agents: 4
plan limit 9980
no goal cnt in pibt 13
num of waits: 57
current timestep 19
new free agents: 3
plan limit 9980
no goal cnt in pibt 16
num of waits: 51
current timestep 20
new free agents: 2
plan limit 9980
no goal cnt in pibt 18
num of waits: 69
current timestep 21
new free agents: 3
num of flexible agents: 1738
num of flexible tasks: 1738
Solving time: 0.803617 seconds
plan limit 9114
compute initial stop until 3556
num of waits: 0
num of waits: 92
current timestep 23
new free agents: 5
plan limit 9980
no goal cnt in pibt 5
num of waits: 103
current timestep 24
new free agents: 6
plan limit 9980
no goal cnt in pibt 11
num of waits: 108
current timestep 25
new free agents: 6
plan limit 9980
no goal cnt in pibt 17
num of waits: 116
current timestep 26
new free agents: 5
plan limit 9980
no goal cnt in pibt 22
num of waits: 150
current timestep 27
new free agents: 4
plan limit 9980
no goal cnt in pibt 26
num of waits: 142
current timestep 28
new free agents: 5
plan limit 9980
no goal cnt in pibt 31
num of waits: 159
current timestep 29
new free agents: 0
plan limit 9980
no goal cnt in pibt 31
num of waits: 167
current timestep 30
new free agents: 6
plan limit 9980
no goal cnt in pibt 37
num of waits: 163
current timestep 31
new free agents: 6
plan limit 9980
no goal cnt in pibt 43
num of waits: 153
current timestep 32
new free agents: 1
num of flexible agents: 1289
num of flexible tasks: 1289
Solving time: 0.875036 seconds
plan limit 9033
compute initial stop until 5345
num of waits: 0
num of waits: 206
current timestep 34
new free agents: 9
plan limit 9980
no goal cnt in pibt 9
num of waits: 233
current timestep 35
new free agents: 8
plan limit 9980
no goal cnt in pibt 17
num of waits: 202
current timestep 36
new free agents: 10
plan limit 9980
no goal cnt in pibt 27
num of waits: 258
current timestep 37
new free agents: 4
plan limit 9980
no goal cnt in pibt 31
num of waits: 216
current timestep 38
new free agents: 11
plan limit 9979
no goal cnt in pibt 42
num of waits: 221
current timestep 39
new free agents: 9
plan limit 9980
no goal cnt in pibt 51
num of waits: 220
current timestep 40
new free agents: 10
plan limit 9980
no goal cnt in pibt 61
num of waits: 232
current timestep 41
new free agents: 9
plan limit 9980
no goal cnt in pibt 70
num of waits: 232
current timestep 42
new free agents: 6
plan limit 9979
no goal cnt in pibt 76
num of waits: 216
current timestep 43
new free agents: 4
num of flexible agents: 1100
num of flexible tasks: 1100
Solving time: 0.740778 seconds
plan limit 9151
compute initial stop until 7217
num of waits: 0
num of waits: 297
current timestep 45
new free agents: 6
plan limit 9980
no goal cnt in pibt 6
num of waits: 365
current timestep 46
new free agents: 12
plan limit 9980
no goal cnt in pibt 18
num of waits: 336
current timestep 47
new free agents: 14
plan limit 9980
no goal cnt in pibt 32
num of waits: 291
current timestep 48
new free agents: 7
plan limit 9980
no goal cnt in pibt 39
num of waits: 288
current timestep 49
new free agents: 5
plan limit 9980
no goal cnt in pibt 44
num of waits: 311
current timestep 50
new free agents: 10
plan limit 9980
no goal cnt in pibt 54
num of waits: 317
current timestep 51
new free agents: 6
plan limit 9980
no goal cnt in pibt 60
num of waits: 341
current timestep 52
new free agents: 7
plan limit 9980
no goal cnt in pibt 67
num of waits: 292
current timestep 53
new free agents: 4
plan limit 9980
no goal cnt in pibt 71
num of waits: 283
current timestep 54
new free agents: 5
num of flexible agents: 970
num of flexible tasks: 970
Solving time: 0.837753 seconds
plan limit 9052
compute initial stop until 9045
num of waits: 0
num of waits: 364
current timestep 56
new free agents: 5
plan limit 9980
no goal cnt in pibt 5
num of waits: 394
current timestep 57
new free agents: 5
plan limit 9980
no goal cnt in pibt 10
num of waits: 385
current timestep 58
new free agents: 5
plan limit 9980
no goal cnt in pibt 15
num of waits: 375
current timestep 59
new free agents: 10
plan limit 9980
no goal cnt in pibt 25
num of waits: 361
current timestep 60
new free agents: 13
plan limit 9980
no goal cnt in pibt 38
num of waits: 325
current timestep 61
new free agents: 9
plan limit 9979
no goal cnt in pibt 47
num of waits: 328
current timestep 62
new free agents: 10
plan limit 9980
no goal cnt in pibt 57
num of waits: 365
current timestep 63
new free agents: 9
plan limit 9980
no goal cnt in pibt 66
num of waits: 364
current timestep 64
new free agents: 5
plan limit 9979
no goal cnt in pibt 71
num of waits: 335
current timestep 65
new free agents: 10
num of flexible agents: 928
num of flexible tasks: 928
Solving time: 0.808017 seconds
plan limit 9072
compute initial stop until 10857
num of waits: 0
num of waits: 389
current timestep 67
new free agents: 9
plan limit 9980
no goal cnt in pibt 9
num of waits: 495
current timestep 68
new free agents: 6
plan limit 9980
no goal cnt in pibt 15
num of waits: 467
current timestep 69
new free agents: 7
plan limit 9980
no goal cnt in pibt 22
num of waits: 468
current timestep 70
new free agents: 14
plan limit 9980
no goal cnt in pibt 36
num of waits: 401
current timestep 71
new free agents: 12
plan limit 9980
no goal cnt in pibt 48
num of waits: 426
current timestep 72
new free agents: 9
plan limit 9980
no goal cnt in pibt 57
num of waits: 350
current timestep 73
new free agents: 7
plan limit 9980
no goal cnt in pibt 64
num of waits: 368
current timestep 74
new free agents: 10
plan limit 9980
no goal cnt in pibt 74
num of waits: 383
current timestep 75
new free agents: 12
plan limit 9979
no goal cnt in pibt 86
num of waits: 420
current timestep 76
new free agents: 6
num of flexible agents: 918
num of flexible tasks: 918
Solving time: 1.00149 seconds
plan limit 8866
compute initial stop until 12611
num of waits: 0
num of waits: 483
current timestep 78
new free agents: 10
plan limit 9980
no goal cnt in pibt 10
num of waits: 505
current timestep 79
new free agents: 11
plan limit 9980
no goal cnt in pibt 21
num of waits: 473
current timestep 80
new free agents: 12
plan limit 9980
no goal cnt in pibt 33
num of waits: 531
current timestep 81
new free agents: 7
plan limit 9980
no goal cnt in pibt 40
num of waits: 484
current timestep 82
new free agents: 9
plan limit 9980
no goal cnt in pibt 49
num of waits: 489
current timestep 83
new free agents: 5
plan limit 9980
no goal cnt in pibt 54
num of waits: 453
current timestep 84
new free agents: 11
plan limit 9980
no goal cnt in pibt 65
num of waits: 440
current timestep 85
new free agents: 7
plan limit 9980
no goal cnt in pibt 72
num of waits: 429
current timestep 86
new free agents: 6
plan limit 9980
no goal cnt in pibt 78
num of waits: 471
current timestep 87
new free agents: 8
num of flexible agents: 898
num of flexible tasks: 898
Solving time: 0.889237 seconds
plan limit 8972
compute initial stop until 14357
num of waits: 0
num of waits: 524
current timestep 89
new free agents: 8
plan limit 9980
no goal cnt in pibt 8
num of waits: 485
current timestep 90
new free agents: 7
plan limit 9980
no goal cnt in pibt 15
num of waits: 474
current timestep 91
new free agents: 9
plan limit 9980
no goal cnt in pibt 24
num of waits: 528
current timestep 92
new free agents: 5
plan limit 9980
no goal cnt in pibt 29
num of waits: 497
current timestep 93
new free agents: 9
plan limit 9980
no goal cnt in pibt 38
num of waits: 538
current timestep 94
new free agents: 10
plan limit 9980
no goal cnt in pibt 48
num of waits: 472
current timestep 95
new free agents: 6
plan limit 9980
no goal cnt in pibt 54
num of waits: 518
current timestep 96
new free agents: 5
plan limit 9980
no goal cnt in pibt 59
num of waits: 448
current timestep 97
new free agents: 13
plan limit 9980
no goal cnt in pibt 72
num of waits: 502
current timestep 98
new free agents: 5
num of flexible agents: 886
num of flexible tasks: 886
Solving time: 0.902498 seconds
plan limit 8939
compute initial stop until 16098
num of waits: 0
num of waits: 533
current timestep 100
new free agents: 6
plan limit 9980
no goal cnt in pibt 6
num of waits: 566
current timestep 101
new free agents: 5
plan limit 9980
no goal cnt in pibt 11
num of waits: 546
current timestep 102
new free agents: 5
plan limit 9980
no goal cnt in pibt 16
num of waits: 540
current timestep 103
new free agents: 7
plan limit 9980
no goal cnt in pibt 23
num of waits: 581
current timestep 104
new free agents: 8
plan limit 9980
no goal cnt in pibt 31
num of waits: 523
current timestep 105
new free agents: 9
plan limit 9980
no goal cnt in pibt 40
num of waits: 552
current timestep 106
new free agents: 9
plan limit 9980
no goal cnt in pibt 49
num of waits: 555
current timestep 107
new free agents: 6
plan limit 9980
no goal cnt in pibt 55
num of waits: 466
current timestep 108
new free agents: 2
plan limit 9980
no goal cnt in pibt 57
num of waits: 542
current timestep 109
new free agents: 8
num of flexible agents: 849
num of flexible tasks: 849
Solving time: 1.01549 seconds
plan limit 8830
compute initial stop until 17737
num of waits: 0
num of waits: 515
current timestep 111
new free agents: 5
plan limit 9980
no goal cnt in pibt 5
num of waits: 555
current timestep 112
new free agents: 13
plan limit 9980
no goal cnt in pibt 18
num of waits: 498
current timestep 113
new free agents: 8
plan limit 9980
no goal cnt in pibt 26
num of waits: 514
current timestep 114
new free agents: 6
plan limit 9980
no goal cnt in pibt 32
num of waits: 530
current timestep 115
new free agents: 6
plan limit 9980
no goal cnt in pibt 38
num of waits: 562
current timestep 116
new free agents: 11
plan limit 9980
no goal cnt in pibt 49
num of waits: 514
current timestep 117
new free agents: 5
plan limit 9979
no goal cnt in pibt 54
num of waits: 552
current timestep 118
new free agents: 7
plan limit 9980
no goal cnt in pibt 61
num of waits: 525
current timestep 119
new free agents: 5
plan limit 9980
no goal cnt in pibt 66
num of waits: 563
current timestep 120
new free agents: 12
num of flexible agents: 833
num of flexible tasks: 833
Solving time: 0.9168 seconds
plan limit 8919
compute initial stop until 19337
num of waits: 0
num of waits: 486
current timestep 122
new free agents: 9
plan limit 9980
no goal cnt in pibt 9
num of waits: 522
current timestep 123
new free agents: 8
plan limit 9980
no goal cnt in pibt 17
num of waits: 499
current timestep 124
new free agents: 6
plan limit 9980
no goal cnt in pibt 23
num of waits: 560
current timestep 125
new free agents: 6
plan limit 9979
no goal cnt in pibt 29
num of waits: 519
current timestep 126
new free agents: 7
plan limit 9980
no goal cnt in pibt 36
num of waits: 609
current timestep 127
new free agents: 8
plan limit 9980
no goal cnt in pibt 44
num of waits: 538
current timestep 128
new free agents: 3
plan limit 9980
no goal cnt in pibt 47
num of waits: 605
current timestep 129
new free agents: 5
plan limit 9980
no goal cnt in pibt 52
num of waits: 564
current timestep 130
new free agents: 4
plan limit 9980
no goal cnt in pibt 56
num of waits: 541
current timestep 131
new free agents: 4
num of flexible agents: 791
num of flexible tasks: 791
Solving time: 0.904342 seconds
plan limit 8921
num of waits: 0
num of waits: 525
current timestep 133
new free agents: 6
plan limit 9980
no goal cnt in pibt 6
num of waits: 570
current timestep 134
new free agents: 4
plan limit 9980
no goal cnt in pibt 10
num of waits: 546
current timestep 135
new free agents: 9
plan limit 9980
no goal cnt in pibt 19
num of waits: 574
current timestep 136
new free agents: 11
plan limit 9980
no goal cnt in pibt 30
num of waits: 523
current timestep 137
new free agents: 5
plan limit 9980
no goal cnt in pibt 35
num of waits: 544
current timestep 138
new free agents: 4
plan limit 9980
no goal cnt in pibt 39
num of waits: 546
current timestep 139
new free agents: 4
plan limit 9980
no goal cnt in pibt 43
num of waits: 529
current timestep 140
new free agents: 8
plan limit 9980
no goal cnt in pibt 51
num of waits: 559
current timestep 141
new free agents: 6
plan limit 9980
no goal cnt in pibt 57
num of waits: 607
current timestep 142
new free agents: 5
num of flexible agents: 767
num of flexible tasks: 767
Solving time: 0.904714 seconds
plan limit 8908
num of waits: 0
num of waits: 563
current timestep 144
new free agents: 5
plan limit 9980
no goal cnt in pibt 5
num of waits: 546
current timestep 145
new free agents: 4
plan limit 9980
no goal cnt in pibt 9
num of waits: 544
current timestep 146
new free agents: 9
plan limit 9980
no goal cnt in pibt 18
num of waits: 539
current timestep 147
new free agents: 6
plan limit 9980
no goal cnt in pibt 24
num of waits: 518
current timestep 148
new free agents: 2
plan limit 9980
no goal cnt in pibt 26
num of waits: 559
current timestep 149
new free agents: 5
plan limit 9980
no goal cnt in pibt 31
num of waits: 483
current timestep 150
new free agents: 7
plan limit 9980
no goal cnt in pibt 38
num of waits: 501
current timestep 151
new free agents: 4
plan limit 9980
no goal cnt in pibt 42
num of waits: 537
current timestep 152
new free agents: 3
plan limit 9980
no goal cnt in pibt 45
num of waits: 544
current timestep 153
new free agents: 7
num of flexible agents: 756
num of flexible tasks: 756
Solving time: 0.883179 seconds
plan limit 8938
num of waits: 0
num of waits: 506
current timestep 155
new free agents: 2
plan limit 9980
no goal cnt in pibt 2
num of waits: 547
current timestep 156
new free agents: 3
plan limit 9980
no goal cnt in pibt 5
num of waits: 524
current timestep 157
new free agents: 6
plan limit 9980
no goal cnt in pibt 11
num of waits: 551
current timestep 158
new free agents: 6
plan limit 9980
no goal cnt in pibt 17
num of waits: 534
current timestep 159
new free agents: 3
plan limit 9980
no goal cnt in pibt 20
num of waits: 546
current timestep 160
new free agents: 7
plan limit 9980
no goal cnt in pibt 27
num of waits: 513
current timestep 161
new free agents: 6
plan limit 9980
no goal cnt in pibt 33
num of waits: 544
current timestep 162
new free agents: 3
plan limit 9980
no goal cnt in pibt 36
num of waits: 509
current timestep 163
new free agents: 3
plan limit 9980
no goal cnt in pibt 39
num of waits: 567
current timestep 164
new free agents: 6
num of flexible agents: 740
num of flexible tasks: 740
Solving time: 0.934963 seconds
plan limit 8884
num of waits: 0
num of waits: 528
current timestep 166
new free agents: 5
plan limit 9980
no goal cnt in pibt 5
num of waits: 520
current timestep 167
new free agents: 7
plan limit 9980
no goal cnt in pibt 12
num of waits: 519
current timestep 168
new free agents: 3
plan limit 9980
no goal cnt in pibt 15
num of waits: 532
current timestep 169
new free agents: 4
plan limit 9980
no goal cnt in pibt 19
num of waits: 548
current timestep 170
new free agents: 2
plan limit 9980
no goal cnt in pibt 21
num of waits: 563
current timestep 171
new free agents: 2
plan limit 9980
no goal cnt in pibt 23
num of waits: 536
current timestep 172
new free agents: 3
plan limit 9980
no goal cnt in pibt 26
num of waits: 554
current timestep 173
new free agents: 3
plan limit 9980
no goal cnt in pibt 29
num of waits: 584
current timestep 174
new free agents: 2
plan limit 9980
no goal cnt in pibt 31
num of waits: 600
current timestep 175
new free agents: 5
num of flexible agents: 717
num of flexible tasks: 717
Solving time: 0.978839 seconds
plan limit 8836
num of waits: 0
num of waits: 570
current timestep 177
new free agents: 6
plan limit 9980
no goal cnt in pibt 6
num of waits: 577
current timestep 178
new free agents: 7
plan limit 9980
no goal cnt in pibt 13
num of waits: 584
current timestep 179
new free agents: 5
plan limit 9980
no goal cnt in pibt 18
num of waits: 593
current timestep 180
new free agents: 8
plan limit 9980
no goal cnt in pibt 26
num of waits: 577
current timestep 181
new free agents: 5
plan limit 9980
no goal cnt in pibt 31
num of waits: 619
current timestep 182
new free agents: 6
plan limit 9980
no goal cnt in pibt 37
num of waits: 586
current timestep 183
new free agents: 7
plan limit 9980
no goal cnt in pibt 44
num of waits: 530
current timestep 184
new free agents: 5
plan limit 9979
no goal cnt in pibt 49
num of waits: 522
current timestep 185
new free agents: 4
plan limit 9980
no goal cnt in pibt 53
num of waits: 523
current timestep 186
new free agents: 7
num of flexible agents: 731
num of flexible tasks: 731
Solving time: 0.968559 seconds
plan limit 8846
num of waits: 0
num of waits: 562
current timestep 188
new free agents: 6
plan limit 9980
no goal cnt in pibt 6
num of waits: 560
current timestep 189
new free agents: 4
plan limit 9980
no goal cnt in pibt 10
num of waits: 568
current timestep 190
new free agents: 5
plan limit 9980
no goal cnt in pibt 15
num of waits: 593
current timestep 191
new free agents: 1
plan limit 9980
no goal cnt in pibt 16
num of waits: 554
current timestep 192
new free agents: 5
plan limit 9980
no goal cnt in pibt 21
num of waits: 552
current timestep 193
new free agents: 3
plan limit 9980
no goal cnt in pibt 24
num of waits: 536
current timestep 194
new free agents: 4
plan limit 9980
no goal cnt in pibt 28
num of waits: 550
current timestep 195
new free agents: 3
plan limit 9980
no goal cnt in pibt 31
num of waits: 523
current timestep 196
new free agents: 2
plan limit 9980
no goal cnt in pibt 33
num of waits: 590
current timestep 197
new free agents: 3
num of flexible agents: 729
num of flexible tasks: 729
Solving time: 0.893305 seconds
plan limit 8922
num of waits: 0
num of waits: 561
current timestep 199
new free agents: 6
plan limit 9980
no goal cnt in pibt 6
num of waits: 591
current timestep 200
new free agents: 8
plan limit 9980
no goal cnt in pibt 14
num of waits: 562
current timestep 201
new free agents: 7
plan limit 9980
no goal cnt in pibt 21
num of waits: 554
current timestep 202
new free agents: 4
plan limit 9980
no goal cnt in pibt 25
num of waits: 532
current timestep 203
new free agents: 4
plan limit 9980
no goal cnt in pibt 29
num of waits: 604
current timestep 204
new free agents: 2
plan limit 9980
no goal cnt in pibt 31
num of waits: 549
current timestep 205
new free agents: 4
plan limit 9980
no goal cnt in pibt 35
num of waits: 543
current timestep 206
new free agents: 2
plan limit 9980
no goal cnt in pibt 37
num of waits: 654
current timestep 207
new free agents: 3
plan limit 9980
no goal cnt in pibt 40
num of waits: 575
current timestep 208
new free agents: 3
num of flexible agents: 730
num of flexible tasks: 730
Solving time: 0.916031 seconds
plan limit 8898
num of waits: 0
num of waits: 559
current timestep 210
new free agents: 4
plan limit 9980
no goal cnt in pibt 4
num of waits: 607
current timestep 211
new free agents: 4
plan limit 9980
no goal cnt in pibt 8
num of waits: 603
current timestep 212
new free agents: 4
plan limit 9980
no goal cnt in pibt 12
num of waits: 556
current timestep 213
new free agents: 5
plan limit 9980
no goal cnt in pibt 17
num of waits: 607
current timestep 214
new free agents: 4
plan limit 9980
no goal cnt in pibt 21
num of waits: 617
current timestep 215
new free agents: 3
plan limit 9980
no goal cnt in pibt 24
num of waits: 581
current timestep 216
new free agents: 7
plan limit 9980
no goal cnt in pibt 31
num of waits: 633
current timestep 217
new free agents: 2
plan limit 9980
no goal cnt in pibt 33
num of waits: 556
current timestep 218
new free agents: 2
plan limit 9980
no goal cnt in pibt 35
num of waits: 591
current timestep 219
new free agents: 4
num of flexible agents: 731
num of flexible tasks: 731
Solving time: 0.96478 seconds
plan limit 8858
num of waits: 0
num of waits: 611
current timestep 221
new free agents: 1
plan limit 9980
no goal cnt in pibt 1
num of waits: 646
current timestep 222
new free agents: 6
plan limit 9980
no goal cnt in pibt 7
num of waits: 577
current timestep 223
new free agents: 3
plan limit 9980
no goal cnt in pibt 10
num of waits: 635
current timestep 224
new free agents: 7
plan limit 9980
no goal cnt in pibt 17
num of waits: 564
current timestep 225
new free agents: 3
plan limit 9980
no goal cnt in pibt 20
num of waits: 590
current timestep 226
new free agents: 3
plan limit 9980
no goal cnt in pibt 23
num of waits: 605
current timestep 227
new free agents: 1
plan limit 9980
no goal cnt in pibt 24
num of waits: 569
current timestep 228
new free agents: 3
plan limit 9980
no goal cnt in pibt 27
num of waits: 593
current timestep 229
new free agents: 3
plan limit 9980
no goal cnt in pibt 30
num of waits: 605
current timestep 230
new free agents: 3
num of flexible agents: 710
num of flexible tasks: 710
Solving time: 1.04136 seconds
plan limit 8780
num of waits: 0
num of waits: 552
current timestep 232
new free agents: 4
plan limit 9980
no goal cnt in pibt 4
num of waits: 588
current timestep 233
new free agents: 3
plan limit 9980
no goal cnt in pibt 7
num of waits: 583
current timestep 234
new free agents: 1
plan limit 9980
no goal cnt in pibt 8
num of waits: 628
current timestep 235
new free agents: 7
plan limit 9980
no goal cnt in pibt 15
num of waits: 597
current timestep 236
new free agents: 5
plan limit 9980
no goal cnt in pibt 20
num of waits: 665
current timestep 237
new free agents: 2
plan limit 9980
no goal cnt in pibt 22
num of waits: 612
current timestep 238
new free agents: 3
plan limit 9980
no goal cnt in pibt 25
num of waits: 681
current timestep 239
new free agents: 3
plan limit 9980
no goal cnt in pibt 28
num of waits: 596
current timestep 240
new free agents: 4
plan limit 9980
no goal cnt in pibt 32
num of waits: 634
current timestep 241
new free agents: 8
num of flexible agents: 715
num of flexible tasks: 715
Solving time: 1.00898 seconds
plan limit 8813
num of waits: 0
num of waits: 645
current timestep 243
new free agents: 5
plan limit 9980
no goal cnt in pibt 5
num of waits: 696
current timestep 244
new free agents: 2
plan limit 9980
no goal cnt in pibt 7
num of waits: 583
current timestep 245
new free agents: 5
plan limit 9980
no goal cnt in pibt 12
num of waits: 622
current timestep 246
new free agents: 3
plan limit 9979
no goal cnt in pibt 15
num of waits: 662
current timestep 247
new free agents: 1
plan limit 9980
no goal cnt in pibt 16
num of waits: 674
current timestep 248
new free agents: 1
plan limit 9980
no goal cnt in pibt 17
num of waits: 606
current timestep 249
new free agents: 1
plan limit 9980
no goal cnt in pibt 18
num of waits: 604
current timestep 250
new free agents: 1
plan limit 9980
no goal cnt in pibt 19
num of waits: 547
current timestep 251
new free agents: 4
plan limit 9980
no goal cnt in pibt 23
num of waits: 660
current timestep 252
new free agents: 2
num of flexible agents: 698
num of flexible tasks: 698
Solving time: 1.08595 seconds
plan limit 8734
num of waits: 0
num of waits: 643
current timestep 254
new free agents: 7
plan limit 9979
no goal cnt in pibt 7
num of waits: 603
current timestep 255
new free agents: 5
plan limit 9980
no goal cnt in pibt 12
num of waits: 653
current timestep 256
new free agents: 3
plan limit 9980
no goal cnt in pibt 15
num of waits: 663
current timestep 257
new free agents: 3
plan limit 9980
no goal cnt in pibt 18
num of waits: 639
current timestep 258
new free agents: 1
plan limit 9980
no goal cnt in pibt 19
num of waits: 664
current timestep 259
new free agents: 2
plan limit 9980
no goal cnt in pibt 21
num of waits: 695
current timestep 260
new free agents: 5
plan limit 9980
no goal cnt in pibt 26
num of waits: 616
current timestep 261
new free agents: 3
plan limit 9980
no goal cnt in pibt 29
num of waits: 660
current timestep 262
new free agents: 2
plan limit 9979
no goal cnt in pibt 31
num of waits: 656
current timestep 263
new free agents: 2
num of flexible agents: 704
num of flexible tasks: 704
Solving time: 1.10778 seconds
plan limit 8710
num of waits: 0
num of waits: 603
current timestep 265
new free agents: 1
plan limit 9980
no goal cnt in pibt 1
num of waits: 683
current timestep 266
new free agents: 2
plan limit 9980
no goal cnt in pibt 3
num of waits: 635
current timestep 267
new free agents: 4
plan limit 9980
no goal cnt in pibt 7
num of waits: 685
current timestep 268
new free agents: 1
plan limit 9980
no goal cnt in pibt 8
num of waits: 605
current timestep 269
new free agents: 1
plan limit 9980
no goal cnt in pibt 9
num of waits: 657
current timestep 270
new free agents: 5
plan limit 9980
no goal cnt in pibt 14
num of waits: 628
current timestep 271
new free agents: 3
plan limit 9979
no goal cnt in pibt 17
num of waits: 630
current timestep 272
new free agents: 4
plan limit 9980
no goal cnt in pibt 21
num of waits: 678
current timestep 273
new free agents: 3
plan limit 9980
no goal cnt in pibt 24
num of waits: 624
current timestep 274
new free agents: 1
num of flexible agents: 703
num of flexible tasks: 703
Solving time: 1.15876 seconds
plan limit 8686
num of waits: 0
num of waits: 645
current timestep 276
new free agents: 2
plan limit 9980
no goal cnt in pibt 2
num of waits: 623
current timestep 277
new free agents: 2
plan limit 9980
no goal cnt in pibt 4
num of waits: 591
current timestep 278
new free agents: 4
plan limit 9980
no goal cnt in pibt 8
num of waits: 642
current timestep 279
new free agents: 3
plan limit 9979
no goal cnt in pibt 11
num of waits: 638
current timestep 280
new free agents: 5
plan limit 9980
no goal cnt in pibt 16
num of waits: 669
current timestep 281
new free agents: 6
plan limit 9980
no goal cnt in pibt 22
num of waits: 658
current timestep 282
new free agents: 5
plan limit 9980
no goal cnt in pibt 27
num of waits: 601
current timestep 283
new free agents: 3
plan limit 9980
no goal cnt in pibt 30
num of waits: 655
current timestep 284
new free agents: 3
plan limit 9980
no goal cnt in pibt 33
num of waits: 648
current timestep 285
new free agents: 0
num of flexible agents: 708
num of flexible tasks: 708
Solving time: 1.19941 seconds
plan limit 8640
num of waits: 0
num of waits: 666
current timestep 287
new free agents: 3
plan limit 9980
no goal cnt in pibt 3
num of waits: 691
current timestep 288
new free agents: 2
plan limit 9980
no goal cnt in pibt 5
num of waits: 625
current timestep 289
new free agents: 0
plan limit 9979
no goal cnt in pibt 5
num of waits: 646
current timestep 290
new free agents: 6
plan limit 9980
no goal cnt in pibt 11
num of waits: 618
current timestep 291
new free agents: 3
plan limit 9980
no goal cnt in pibt 14
num of waits: 672
current timestep 292
new free agents: 0
plan limit 9980
no goal cnt in pibt 14
num of waits: 621
current timestep 293
new free agents: 1
plan limit 9980
no goal cnt in pibt 15
num of waits: 693
current timestep 294
new free agents: 1
plan limit 9980
no goal cnt in pibt 16
num of waits: 593
current timestep 295
new free agents: 0
plan limit 9979
no goal cnt in pibt 16
num of waits: 625
current timestep 296
new free agents: 2
num of flexible agents: 693
num of flexible tasks: 693
Solving time: 1.30246 seconds
plan limit 8542
num of waits: 0
num of waits: 650
current timestep 298
new free agents: 2
plan limit 9980
no goal cnt in pibt 2
num of waits: 683
current timestep 299
new free agents: 3
plan limit 9980
no goal cnt in pibt 5
num of waits: 597
current timestep 300
new free agents: 4
plan limit 9980
no goal cnt in pibt 9
num of waits: 617
current timestep 301
new free agents: 3
plan limit 9980
no goal cnt in pibt 12
num of waits: 642
current timestep 302
new free agents: 1
plan limit 9980
no goal cnt in pibt 13
num of waits: 649
current timestep 303
new free agents: 5
plan limit 9980
no goal cnt in pibt 18
num of waits: 622
current timestep 304
new free agents: 2
plan limit 9980
no goal cnt in pibt 20
num of waits: 662
current timestep 305
new free agents: 6
plan limit 9980
no goal cnt in pibt 26
num of waits: 591
current timestep 306
new free agents: 2
plan limit 9980
no goal cnt in pibt 28
num of waits: 659
current timestep 307
new free agents: 5
num of flexible agents: 695
num of flexible tasks: 695
Solving time: 1.30937 seconds
plan limit 8534
num of waits: 0
num of waits: 628
current timestep 309
new free agents: 3
plan limit 9980
no goal cnt in pibt 3
num of waits: 681
current timestep 310
new free agents: 1
plan limit 9980
no goal cnt in pibt 4
num of waits: 591
current timestep 311
new free agents: 1
plan limit 9980
no goal cnt in pibt 5
num of waits: 655
current timestep 312
new free agents: 1
plan limit 9980
no goal cnt in pibt 6
num of waits: 600
current timestep 313
new free agents: 1
plan limit 9980
no goal cnt in pibt 7
num of waits: 652
current timestep 314
new free agents: 6
plan limit 9980
no goal cnt in pibt 13
num of waits: 610
current timestep 315
new free agents: 2
plan limit 9980
no goal cnt in pibt 15
num of waits: 685
current timestep 316
new free agents: 1
plan limit 9980
no goal cnt in pibt 16
num of waits: 616
current timestep 317
new free agents: 0
plan limit 9980
no goal cnt in pibt 16
num of waits: 604
current timestep 318
new free agents: 2
num of flexible agents: 676
num of flexible tasks: 676
Solving time: 1.34252 seconds
plan limit 8500
num of waits: 0
num of waits: 614
current timestep 320
new free agents: 3
plan limit 9980
no goal cnt in pibt 3
num of waits: 687
current timestep 321
new free agents: 2
plan limit 9980
no goal cnt in pibt 5
num of waits: 610
current timestep 322
new free agents: 1
plan limit 9980
no goal cnt in pibt 6
num of waits: 692
current timestep 323
new free agents: 2
plan limit 9980
no goal cnt in pibt 8
num of waits: 674
current timestep 324
new free agents: 2
plan limit 9980
no goal cnt in pibt 10
num of waits: 712
current timestep 325
new free agents: 1
plan limit 9980
no goal cnt in pibt 11
num of waits: 617
current timestep 326
new free agents: 5
plan limit 9980
no goal cnt in pibt 16
num of waits: 668
current timestep 327
new free agents: 0
plan limit 9980
no goal cnt in pibt 16
num of waits: 639
current timestep 328
new free agents: 2
plan limit 9980
no goal cnt in pibt 18
num of waits: 689
current timestep 329
new free agents: 2
num of flexible agents: 679
num of flexible tasks: 679
Solving time: 1.38882 seconds
plan limit 8455
num of waits: 0
num of waits: 666
current timestep 331
new free agents: 2
plan limit 9980
no goal cnt in pibt 2
num of waits: 738
current timestep 332
new free agents: 1
plan limit 9980
no goal cnt in pibt 3
num of waits: 680
current timestep 333
new free agents: 4
plan limit 9980
no goal cnt in pibt 7
num of waits: 690
current timestep 334
new free agents: 5
plan limit 9980
no goal cnt in pibt 12
num of waits: 669
current timestep 335
new free agents: 3
plan limit 9980
no goal cnt in pibt 15
num of waits: 684
current timestep 336
new free agents: 2
plan limit 9980
no goal cnt in pibt 17
num of waits: 691
current timestep 337
new free agents: 4
plan limit 9980
no goal cnt in pibt 21
num of waits: 681
current timestep 338
new free agents: 2
plan limit 9980
no goal cnt in pibt 23
num of waits: 705
current timestep 339
new free agents: 0
plan limit 9980
no goal cnt in pibt 23
num of waits: 680
current timestep 340
new free agents: 2
num of flexible agents: 677
num of flexible tasks: 677
Solving time: 1.38787 seconds
plan limit 8458
num of waits: 0
num of waits: 674
current timestep 342
new free agents: 2
plan limit 9980
no goal cnt in pibt 2
num of waits: 774
current timestep 343
new free agents: 6
plan limit 9980
no goal cnt in pibt 8
num of waits: 739
current timestep 344
new free agents: 4
plan limit 9980
no goal cnt in pibt 12
num of waits: 700
current timestep 345
new free agents: 3
plan limit 9980
no goal cnt in pibt 15
num of waits: 652
current timestep 346
new free agents: 0
plan limit 9980
no goal cnt in pibt 15
num of waits: 642
current timestep 347
new free agents: 3
plan limit 9980
no goal cnt in pibt 18
num of waits: 736
current timestep 348
new free agents: 1
plan limit 9980
no goal cnt in pibt 19
num of waits: 687
current timestep 349
new free agents: 0
plan limit 9980
no goal cnt in pibt 19
num of waits: 690
current timestep 350
new free agents: 3
plan limit 9980
no goal cnt in pibt 22
num of waits: 710
current timestep 351
new free agents: 2
num of flexible agents: 677
num of flexible tasks: 677
Solving time: 1.45771 seconds
plan limit 8388
num of waits: 0
num of waits: 637
current timestep 353
new free agents: 2
plan limit 9980
no goal cnt in pibt 2
num of waits: 705
current timestep 354
new free agents: 7
plan limit 9980
no goal cnt in pibt 9
num of waits: 678
current timestep 355
new free agents: 2
plan limit 9979
no goal cnt in pibt 11
num of waits: 689
current timestep 356
new free agents: 2
plan limit 9980
no goal cnt in pibt 13
num of waits: 664
current timestep 357
new free agents: 1
plan limit 9980
no goal cnt in pibt 14
num of waits: 675
current timestep 358
new free agents: 0
plan limit 9980
no goal cnt in pibt 14
num of waits: 612
current timestep 359
new free agents: 2
plan limit 9980
no goal cnt in pibt 16
num of waits: 686
current timestep 360
new free agents: 2
plan limit 9979
no goal cnt in pibt 18
num of waits: 684
current timestep 361
new free agents: 0
plan limit 9980
no goal cnt in pibt 18
num of waits: 732
current timestep 362
new free agents: 1
num of flexible agents: 672
num of flexible tasks: 672
Solving time: 1.3375 seconds
plan limit 8502
num of waits: 0
num of waits: 693
current timestep 364
new free agents: 1
plan limit 9980
no goal cnt in pibt 1
num of waits: 654
current timestep 365
new free agents: 1
plan limit 9980
no goal cnt in pibt 2
num of waits: 675
current timestep 366
new free agents: 2
plan limit 9980
no goal cnt in pibt 4
num of waits: 744
current timestep 367
new free agents: 0
plan limit 9980
no goal cnt in pibt 4
num of waits: 662
current timestep 368
new free agents: 2
plan limit 9980
no goal cnt in pibt 6
num of waits: 709
current timestep 369
new free agents: 5
plan limit 9980
no goal cnt in pibt 11
num of waits: 676
current timestep 370
new free agents: 1
plan limit 9980
no goal cnt in pibt 12
num of waits: 668
current timestep 371
new free agents: 2
plan limit 9980
no goal cnt in pibt 14
num of waits: 782
current timestep 372
new free agents: 1
plan limit 9980
no goal cnt in pibt 15
num of waits: 689
current timestep 373
new free agents: 3
num of flexible agents: 674
num of flexible tasks: 674
Solving time: 1.39594 seconds
plan limit 8450
num of waits: 0
num of waits: 711
current timestep 375
new free agents: 2
plan limit 9980
no goal cnt in pibt 2
num of waits: 675
current timestep 376
new free agents: 1
plan limit 9980
no goal cnt in pibt 3
num of waits: 703
current timestep 377
new free agents: 1
plan limit 9980
no goal cnt in pibt 4
num of waits: 717
current timestep 378
new free agents: 1
plan limit 9980
no goal cnt in pibt 5
num of waits: 680
current timestep 379
new free agents: 5
plan limit 9980
no goal cnt in pibt 10
num of waits: 702
current timestep 380
new free agents: 1
plan limit 9980
no goal cnt in pibt 11
num of waits: 701
current timestep 381
new free agents: 2
plan limit 9980
no goal cnt in pibt 13
num of waits: 742
current timestep 382
new free agents: 2
plan limit 9980
no goal cnt in pibt 15
num of waits: 652
current timestep 383
new free agents: 4
plan limit 9980
no goal cnt in pibt 19
num of waits: 699
current timestep 384
new free agents: 0
num of flexible agents: 665
num of flexible tasks: 665
Solving time: 1.50423 seconds
plan limit 8341
num of waits: 0
num of waits: 695
current timestep 386
new free agents: 2
plan limit 9980
no goal cnt in pibt 2
num of waits: 698
current timestep 387
new free agents: 1
plan limit 9980
no goal cnt in pibt 3
num of waits: 695
current timestep 388
new free agents: 1
plan limit 9980
no goal cnt in pibt 4
num of waits: 729
current timestep 389
new free agents: 2
plan limit 9980
no goal cnt in pibt 6
num of waits: 710
current timestep 390
new free agents: 1
plan limit 9980
no goal cnt in pibt 7
num of waits: 699
current timestep 391
new free agents: 2
plan limit 9980
no goal cnt in pibt 9
num of waits: 762
current timestep 392
new free agents: 2
plan limit 9980
no goal cnt in pibt 11
num of waits: 715
current timestep 393
new free agents: 0
plan limit 9980
no goal cnt in pibt 11
num of waits: 689
current timestep 394
new free agents: 1
plan limit 9980
no goal cnt in pibt 12
num of waits: 668
current timestep 395
new free agents: 1
num of flexible agents: 656
num of flexible tasks: 656
Solving time: 1.5635 seconds
plan limit 8279
num of waits: 0
num of waits: 688
current timestep 397
new free agents: 2
plan limit 9980
no goal cnt in pibt 2
num of waits: 709
current timestep 398
new free agents: 0
plan limit 9980
no goal cnt in pibt 2
num of waits: 683
current timestep 399
new free agents: 2
plan limit 9980
no goal cnt in pibt 4
num of waits: 642
current timestep 400
new free agents: 1
plan limit 9980
no goal cnt in pibt 5
num of waits: 666
current timestep 401
new free agents: 2
plan limit 9980
no goal cnt in pibt 7
num of waits: 710
current timestep 402
new free agents: 3
plan limit 9980
no goal cnt in pibt 10
num of waits: 678
current timestep 403
new free agents: 4
plan limit 9980
no goal cnt in pibt 14
num of waits: 713
current timestep 404
new free agents: 3
plan limit 9980
no goal cnt in pibt 17
num of waits: 692
current timestep 405
new free agents: 1
plan limit 9980
no goal cnt in pibt 18
num of waits: 740
current timestep 406
new free agents: 0
num of flexible agents: 660
num of flexible tasks: 660
Solving time: 1.63318 seconds
plan limit 8213
num of waits: 0
num of waits: 674
current timestep 408
new free agents: 2
plan limit 9980
no goal cnt in pibt 2
num of waits: 677
current timestep 409
new free agents: 0
plan limit 9980
no goal cnt in pibt 2
num of waits: 692
current timestep 410
new free agents: 2
plan limit 9980
no goal cnt in pibt 4
num of waits: 785
current timestep 411
new free agents: 0
plan limit 9980
no goal cnt in pibt 4
num of waits: 671
current timestep 412
new free agents: 0
plan limit 9980
no goal cnt in pibt 4
num of waits: 693
current timestep 413
new free agents: 0
plan limit 9980
no goal cnt in pibt 4
num of waits: 697
current timestep 414
new free agents: 2
plan limit 9980
no goal cnt in pibt 6
num of waits: 675
current timestep 415
new free agents: 1
plan limit 9980
no goal cnt in pibt 7
num of waits: 686
current timestep 416
new free agents: 3
plan limit 9980
no goal cnt in pibt 10
num of waits: 800
current timestep 417
new free agents: 1
num of flexible agents: 654
num of flexible tasks: 654
Solving time: 1.61571 seconds
plan limit 8229
num of waits: 0
num of waits: 698
current timestep 419
new free agents: 3
plan limit 9980
no goal cnt in pibt 3
num of waits: 693
current timestep 420
new free agents: 6
plan limit 9980
no goal cnt in pibt 9
num of waits: 724
current timestep 421
new free agents: 2
plan limit 9980
no goal cnt in pibt 11
num of waits: 723
current timestep 422
new free agents: 0
plan limit 9980
no goal cnt in pibt 11
num of waits: 711
current timestep 423
new free agents: 0
plan limit 9980
no goal cnt in pibt 11
num of waits: 696
current timestep 424
new free agents: 1
plan limit 9980
no goal cnt in pibt 12
num of waits: 632
current timestep 425
new free agents: 1
plan limit 9980
no goal cnt in pibt 13
num of waits: 697
current timestep 426
new free agents: 1
plan limit 9980
no goal cnt in pibt 14
num of waits: 662
current timestep 427
new free agents: 1
plan limit 9980
no goal cnt in pibt 15
num of waits: 707
current timestep 428
new free agents: 3
num of flexible agents: 658
num of flexible tasks: 658
Solving time: 1.61298 seconds
plan limit 8232
num of waits: 0
num of waits: 672
current timestep 430
new free agents: 0
plan limit 9980
no goal cnt in pibt 0
num of waits: 687
current timestep 431
new free agents: 3
plan limit 9979
no goal cnt in pibt 3
num of waits: 668
current timestep 432
new free agents: 3
plan limit 9980
no goal cnt in pibt 6
num of waits: 769
current timestep 433
new free agents: 0
plan limit 9980
no goal cnt in pibt 6
num of waits: 657
current timestep 434
new free agents: 3
plan limit 9980
no goal cnt in pibt 9
num of waits: 711
current timestep 435
new free agents: 1
plan limit 9980
no goal cnt in pibt 10
num of waits: 702
current timestep 436
new free agents: 0
plan limit 9980
no goal cnt in pibt 10
num of waits: 737
current timestep 437
new free agents: 2
plan limit 9980
no goal cnt in pibt 12
num of waits: 702
current timestep 438
new free agents: 1
plan limit 9980
no goal cnt in pibt 13
num of waits: 759
current timestep 439
new free agents: 1
num of flexible agents: 649
num of flexible tasks: 649
Solving time: 1.6858 seconds
plan limit 8160
num of waits: 0
num of waits: 733
current timestep 441
new free agents: 2
plan limit 9980
no goal cnt in pibt 2
num of waits: 694
current timestep 442
new free agents: 0
plan limit 9980
no goal cnt in pibt 2
num of waits: 664
current timestep 443
new free agents: 2
plan limit 9980
no goal cnt in pibt 4
num of waits: 706
current timestep 444
new free agents: 0
plan limit 9980
no goal cnt in pibt 4
num of waits: 713
current timestep 445
new free agents: 1
plan limit 9980
no goal cnt in pibt 5
num of waits: 735
current timestep 446
new free agents: 4
plan limit 9980
no goal cnt in pibt 9
num of waits: 689
current timestep 447
new free agents: 2
plan limit 9980
no goal cnt in pibt 11
num of waits: 728
current timestep 448
new free agents: 0
plan limit 9980
no goal cnt in pibt 11
num of waits: 688
current timestep 449
new free agents: 2
plan limit 9980
no goal cnt in pibt 13
num of waits: 719
current timestep 450
new free agents: 1
num of flexible agents: 653
num of flexible tasks: 653
Solving time: 1.72444 seconds
plan limit 8122
num of waits: 0
num of waits: 692
current timestep 452
new free agents: 1
plan limit 9980
no goal cnt in pibt 1
num of waits: 656
current timestep 453
new free agents: 0
plan limit 9980
no goal cnt in pibt 1
num of waits: 677
current timestep 454
new free agents: 0
plan limit 9980
no goal cnt in pibt 1
num of waits: 684
current timestep 455
new free agents: 3
plan limit 9980
no goal cnt in pibt 4
num of waits: 655
current timestep 456
new free agents: 1
plan limit 9980
no goal cnt in pibt 5
num of waits: 651
current timestep 457
new free agents: 4
plan limit 9980
no goal cnt in pibt 9
num of waits: 687
current timestep 458
new free agents: 2
plan limit 9980
no goal cnt in pibt 11
num of waits: 762
current timestep 459
new free agents: 5
plan limit 9980
no goal cnt in pibt 16
num of waits: 679
current timestep 460
new free agents: 2
plan limit 9980
no goal cnt in pibt 18
num of waits: 782
current timestep 461
new free agents: 3
num of flexible agents: 650
num of flexible tasks: 650
Solving time: 1.87224 seconds
plan limit 7973
num of waits: 0
num of waits: 759
current timestep 463
new free agents: 4
plan limit 9980
no goal cnt in pibt 4
num of waits: 762
current timestep 464
new free agents: 3
plan limit 9980
no goal cnt in pibt 7
num of waits: 758
current timestep 465
new free agents: 1
plan limit 9980
no goal cnt in pibt 8
num of waits: 812
current timestep 466
new free agents: 1
plan limit 9980
no goal cnt in pibt 9
num of waits: 728
current timestep 467
new free agents: 0
plan limit 9980
no goal cnt in pibt 9
num of waits: 758
current timestep 468
new free agents: 0
plan limit 9980
no goal cnt in pibt 9
num of waits: 766
current timestep 469
new free agents: 0
plan limit 9980
no goal cnt in pibt 9
num of waits: 776
current timestep 470
new free agents: 2
plan limit 9980
no goal cnt in pibt 11
num of waits: 752
current timestep 471
new free agents: 0
plan limit 9980
no goal cnt in pibt 11
num of waits: 728
current timestep 472
new free agents: 2
num of flexible agents: 646
num of flexible tasks: 646
Solving time: 1.84581 seconds
plan limit 7999
num of waits: 0
num of waits: 747
current timestep 474
new free agents: 3
plan limit 9980
no goal cnt in pibt 3
num of waits: 732
current timestep 475
new free agents: 0
plan limit 9980
no goal cnt in pibt 3
num of waits: 707
current timestep 476
new free agents: 0
plan limit 9980
no goal cnt in pibt 3
num of waits: 737
current timestep 477
new free agents: 0
plan limit 9980
no goal cnt in pibt 3
num of waits: 675
current timestep 478
new free agents: 0
plan limit 9980
no goal cnt in pibt 3
num of waits: 774
current timestep 479
new free agents: 0
plan limit 9980
no goal cnt in pibt 3
num of waits: 754
current timestep 480
new free agents: 2
plan limit 9980
no goal cnt in pibt 5
num of waits: 759
current timestep 481
new free agents: 1
plan limit 9980
no goal cnt in pibt 6
num of waits: 682
current timestep 482
new free agents: 2
plan limit 9980
no goal cnt in pibt 8
num of waits: 758
current timestep 483
new free agents: 3
num of flexible agents: 641
num of flexible tasks: 641
Solving time: 1.88063 seconds
plan limit 7965
num of waits: 0
num of waits: 740
current timestep 485
new free agents: 2
plan limit 9980
no goal cnt in pibt 2
num of waits: 835
current timestep 486
new free agents: 0
plan limit 9980
no goal cnt in pibt 2
num of waits: 721
current timestep 487
new free agents: 1
plan limit 9980
no goal cnt in pibt 3
num of waits: 670
current timestep 488
new free agents: 1
plan limit 9980
no goal cnt in pibt 4
num of waits: 706
current timestep 489
new free agents: 2
plan limit 9980
no goal cnt in pibt 6
num of waits: 710
current timestep 490
new free agents: 1
plan limit 9980
no goal cnt in pibt 7
num of waits: 747
current timestep 491
new free agents: 0
plan limit 9980
no goal cnt in pibt 7
num of waits: 685
current timestep 492
new free agents: 0
plan limit 9980
no goal cnt in pibt 7
num of waits: 738
current timestep 493
new free agents: 2
plan limit 9980
no goal cnt in pibt 9
num of waits: 774
current timestep 494
new free agents: 0
num of flexible agents: 638
num of flexible tasks: 638
Solving time: 1.91188 seconds
plan limit 7928
num of waits: 0
num of waits: 720
current timestep 496
new free agents: 1
plan limit 9980
no goal cnt in pibt 1
num of waits: 661
current timestep 497
new free agents: 1
plan limit 9980
no goal cnt in pibt 2
num of waits: 706
current timestep 498
new free agents: 1
plan limit 9980
no goal cnt in pibt 3
num of waits: 751
current timestep 499
new free agents: 1
plan limit 9980
no goal cnt in pibt 4
num of waits: 767
current timestep 500
new free agents: 3
plan limit 9980
no goal cnt in pibt 7
num of waits: 749
current timestep 501
new free agents: 1
plan limit 9980
no goal cnt in pibt 8
num of waits: 718
current timestep 502
new free agents: 3
plan limit 9980
no goal cnt in pibt 11
num of waits: 792
current timestep 503
new free agents: 1
plan limit 9980
no goal cnt in pibt 12
num of waits: 739
current timestep 504
new free agents: 2
plan limit 9980
no goal cnt in pibt 14
num of waits: 772
current timestep 505
new free agents: 0
num of flexible agents: 640
num of flexible tasks: 640
Solving time: 1.80835 seconds
plan limit 8037
num of waits: 0
num of waits: 712
current timestep 507
new free agents: 2
plan limit 9980
no goal cnt in pibt 2
num of waits: 736
current timestep 508
new free agents: 0
plan limit 9980
no goal cnt in pibt 2
num of waits: 740
current timestep 509
new free agents: 0
plan limit 9979
no goal cnt in pibt 2
num of waits: 680
current timestep 510
new free agents: 1
plan limit 9980
no goal cnt in pibt 3
num of waits: 782
current timestep 511
new free agents: 1
plan limit 9980
no goal cnt in pibt 4
num of waits: 692
current timestep 512
new free agents: 2
plan limit 9980
no goal cnt in pibt 6
num of waits: 666
current timestep 513
new free agents: 2
plan limit 9980
no goal cnt in pibt 8
num of waits: 759
current timestep 514
new free agents: 2
plan limit 9980
no goal cnt in pibt 10
num of waits: 683
current timestep 515
new free agents: 1
plan limit 9980
no goal cnt in pibt 11
num of waits: 728
current timestep 516
new free agents: 2
num of flexible agents: 643
num of flexible tasks: 643
Solving time: 1.84386 seconds
plan limit 8003
num of waits: 0
num of waits: 709
current timestep 518
new free agents: 1
plan limit 9980
no goal cnt in pibt 1
num of waits: 686
current timestep 519
new free agents: 2
plan limit 9980
no goal cnt in pibt 3
num of waits: 728
current timestep 520
new free agents: 0
plan limit 9980
no goal cnt in pibt 3
num of waits: 857
current timestep 521
new free agents: 0
plan limit 9980
no goal cnt in pibt 3
num of waits: 747
current timestep 522
new free agents: 0
plan limit 9980
no goal cnt in pibt 3
num of waits: 778
current timestep 523
new free agents: 0
plan limit 9980
no goal cnt in pibt 3
num of waits: 693
current timestep 524
new free agents: 2
plan limit 9980
no goal cnt in pibt 5
num of waits: 730
current timestep 525
new free agents: 2
plan limit 9980
no goal cnt in pibt 7
num of waits: 764
current timestep 526
new free agents: 3
plan limit 9979
no goal cnt in pibt 10
num of waits: 758
current timestep 527
new free agents: 2
num of flexible agents: 640
num of flexible tasks: 640
Solving time: 1.7788 seconds
plan limit 8067
num of waits: 0
num of waits: 720
current timestep 529
new free agents: 2
plan limit 9980
no goal cnt in pibt 2
num of waits: 791
current timestep 530
new free agents: 2
plan limit 9980
no goal cnt in pibt 4
num of waits: 751
current timestep 531
new free agents: 2
plan limit 9980
no goal cnt in pibt 6
num of waits: 804
current timestep 532
new free agents: 1
plan limit 9980
no goal cnt in pibt 7
num of waits: 779
current timestep 533
new free agents: 1
plan limit 9980
no goal cnt in pibt 8
num of waits: 822
current timestep 534
new free agents: 0
plan limit 9980
no goal cnt in pibt 8
num of waits: 719
current timestep 535
new free agents: 1
plan limit 9980
no goal cnt in pibt 9
num of waits: 769
current timestep 536
new free agents: 0
plan limit 9980
no goal cnt in pibt 9
num of waits: 819
current timestep 537
new free agents: 2
plan limit 9980
no goal cnt in pibt 11
num of waits: 792
current timestep 538
new free agents: 1
num of flexible agents: 644
num of flexible tasks: 644
Solving time: 1.78963 seconds
plan limit 8057
num of waits: 0
num of waits: 755
current timestep 540
new free agents: 2
plan limit 9980
no goal cnt in pibt 2
num of waits: 806
current timestep 541
new free agents: 0
plan limit 9980
no goal cnt in pibt 2
num of waits: 835
current timestep 542
new free agents: 1
plan limit 9980
no goal cnt in pibt 3
num of waits: 744
current timestep 543
new free agents: 2
plan limit 9980
no goal cnt in pibt 5
num of waits: 708
current timestep 544
new free agents: 0
plan limit 9980
no goal cnt in pibt 5
num of waits: 946
current timestep 545
new free agents: 1
plan limit 9980
no goal cnt in pibt 6
num of waits: 734
current timestep 546
new free agents: 0
plan limit 9980
no goal cnt in pibt 6
num of waits: 821
current timestep 547
new free agents: 0
plan limit 9980
no goal cnt in pibt 6
num of waits: 825
current timestep 548
new free agents: 0
plan limit 9980
no goal cnt in pibt 6
num of waits: 882
current timestep 549
new free agents: 0
num of flexible agents: 637
num of flexible tasks: 637
Solving time: 1.82126 seconds
plan limit 8025
num of waits: 0
num of waits: 739
current timestep 551
new free agents: 1
plan limit 9980
no goal cnt in pibt 1
num of waits: 782
current timestep 552
new free agents: 0
plan limit 9980
no goal cnt in pibt 1
num of waits: 729
current timestep 553
new free agents: 2
plan limit 9980
no goal cnt in pibt 3
num of waits: 741
current timestep 554
new free agents: 0
plan limit 9980
no goal cnt in pibt 3
num of waits: 805
current timestep 555
new free agents: 2
plan limit 9980
no goal cnt in pibt 5
num of waits: 864
current timestep 556
new free agents: 0
plan limit 9980
no goal cnt in pibt 5
num of waits: 896
current timestep 557
new free agents: 1
plan limit 9980
no goal cnt in pibt 6
num of waits: 1184
current timestep 558
new free agents: 1
plan limit 9980
no goal cnt in pibt 7
num of waits: 719
current timestep 559
new free agents: 1
plan limit 9980
no goal cnt in pibt 8
num of waits: 739
current timestep 560
new free agents: 1
num of flexible agents: 634
num of flexible tasks: 634
Solving time: 1.76548 seconds
plan limit 8079
num of waits: 0
num of waits: 846
current timestep 562
new free agents: 1
plan limit 9980
no goal cnt in pibt 1
num of waits: 829
current timestep 563
new free agents: 1
plan limit 9980
no goal cnt in pibt 2
num of waits: 738
current timestep 564
new free agents: 3
plan limit 9980
no goal cnt in pibt 5
num of waits: 744
current timestep 565
new free agents: 1
plan limit 9980
no goal cnt in pibt 6
num of waits: 830
current timestep 566
new free agents: 1
plan limit 9980
no goal cnt in pibt 7
num of waits: 823
current timestep 567
new free agents: 0
plan limit 9980
no goal cnt in pibt 7
num of waits: 818
current timestep 568
new free agents: 4
plan limit 9980
no goal cnt in pibt 11
num of waits: 758
current timestep 569
new free agents: 0
plan limit 9980
no goal cnt in pibt 11
num of waits: 737
current timestep 570
new free agents: 2
plan limit 9980
no goal cnt in pibt 13
num of waits: 733
current timestep 571
new free agents: 1
num of flexible agents: 636
num of flexible tasks: 636
Solving time: 1.87636 seconds
plan limit 7970
num of waits: 0
num of waits: 816
current timestep 573
new free agents: 1
plan limit 9980
no goal cnt in pibt 1
num of waits: 796
current timestep 574
new free agents: 0
plan limit 9980
no goal cnt in pibt 1
num of waits: 790
current timestep 575
new free agents: 1
plan limit 9980
no goal cnt in pibt 2
num of waits: 807
current timestep 576
new free agents: 1
plan limit 9980
no goal cnt in pibt 3
num of waits: 787
current timestep 577
new free agents: 0
plan limit 9980
no goal cnt in pibt 3
num of waits: 777
current timestep 578
new free agents: 0
plan limit 9980
no goal cnt in pibt 3
num of waits: 723
current timestep 579
new free agents: 4
plan limit 9980
no goal cnt in pibt 7
num of waits: 754
current timestep 580
new free agents: 0
plan limit 9980
no goal cnt in pibt 7
num of waits: 741
current timestep 581
new free agents: 0
plan limit 9980
no goal cnt in pibt 7
num of waits: 810
current timestep 582
new free agents: 1
num of flexible agents: 634
num of flexible tasks: 634
Solving time: 1.84956 seconds
plan limit 7995
num of waits: 0
num of waits: 1029
current timestep 584
new free agents: 0
plan limit 9980
no goal cnt in pibt 0
num of waits: 732
current timestep 585
new free agents: 1
plan limit 9980
no goal cnt in pibt 1
num of waits: 757
current timestep 586
new free agents: 0
plan limit 9980
no goal cnt in pibt 1
num of waits: 741
current timestep 587
new free agents: 0
plan limit 9980
no goal cnt in pibt 1
num of waits: 719
current timestep 588
new free agents: 1
plan limit 9979
no goal cnt in pibt 2
num of waits: 689
current timestep 589
new free agents: 3
plan limit 9980
no goal cnt in pibt 5
num of waits: 793
current timestep 590
new free agents: 0
plan limit 9980
no goal cnt in pibt 5
num of waits: 826
current timestep 591
new free agents: 0
plan limit 9980
no goal cnt in pibt 5
num of waits: 733
current timestep 592
new free agents: 0
plan limit 9980
no goal cnt in pibt 5
num of waits: 1037
current timestep 593
new free agents: 0
num of flexible agents: 633
num of flexible tasks: 633
Solving time: 1.98897 seconds
plan limit 7846
num of waits: 0
num of waits: 719
current timestep 595
new free agents: 0
plan limit 9980
no goal cnt in pibt 0
num of waits: 689
current timestep 596
new free agents: 0
plan limit 9980
no goal cnt in pibt 0
num of waits: 796
current timestep 597
new free agents: 0
plan limit 9980
no goal cnt in pibt 0
num of waits: 757
current timestep 598
new free agents: 1
plan limit 9980
no goal cnt in pibt 1
num of waits: 765
current timestep 599
new free agents: 2
plan limit 9980
no goal cnt in pibt 3
num of waits: 780
current timestep 600
new free agents: 3
plan limit 9980
no goal cnt in pibt 6
num of waits: 762
current timestep 601
new free agents: 0
plan limit 9980
no goal cnt in pibt 6
num of waits: 765
current timestep 602
new free agents: 1
plan limit 9980
no goal cnt in pibt 7
num of waits: 735
current timestep 603
new free agents: 2
plan limit 9980
no goal cnt in pibt 9
num of waits: 815
current timestep 604
new free agents: 0
num of flexible agents: 633
num of flexible tasks: 633
Solving time: 1.92653 seconds
plan limit 7918
num of waits: 0
num of waits: 739
current timestep 606
new free agents: 0
plan limit 9980
no goal cnt in pibt 0
num of waits: 720
current timestep 607
new free agents: 1
plan limit 9980
no goal cnt in pibt 1
num of waits: 697
current timestep 608
new free agents: 1
plan limit 9980
no goal cnt in pibt 2
num of waits: 786
current timestep 609
new free agents: 0
plan limit 9980
no goal cnt in pibt 2
num of waits: 1000
current timestep 610
new free agents: 0
plan limit 9980
no goal cnt in pibt 2
num of waits: 738
current timestep 611
new free agents: 2
plan limit 9980
no goal cnt in pibt 4
num of waits: 905
current timestep 612
new free agents: 0
plan limit 9979
no goal cnt in pibt 4
num of waits: 988
current timestep 613
new free agents: 0
plan limit 9980
no goal cnt in pibt 4
num of waits: 789
current timestep 614
new free agents: 0
plan limit 9980
no goal cnt in pibt 4
num of waits: 710
current timestep 615
new free agents: 0
num of flexible agents: 631
num of flexible tasks: 631
Solving time: 1.90347 seconds
plan limit 7942
num of waits: 0
num of waits: 803
current timestep 617
new free agents: 2
plan limit 9980
no goal cnt in pibt 2
num of waits: 779
current timestep 618
new free agents: 0
plan limit 9980
no goal cnt in pibt 2
num of waits: 696
current timestep 619
new free agents: 1
plan limit 9980
no goal cnt in pibt 3
num of waits: 811
current timestep 620
new free agents: 1
plan limit 9980
no goal cnt in pibt 4
num of waits: 701
current timestep 621
new free agents: 1
plan limit 9980
no goal cnt in pibt 5
num of waits: 874
current timestep 622
new free agents: 1
plan limit 9980
no goal cnt in pibt 6
num of waits: 700
current timestep 623
new free agents: 0
plan limit 9980
no goal cnt in pibt 6
num of waits: 884
current timestep 624
new free agents: 0
plan limit 9980
no goal cnt in pibt 6
num of waits: 770
current timestep 625
new free agents: 1
plan limit 9980
no goal cnt in pibt 7
num of waits: 823
current timestep 626
new free agents: 1
num of flexible agents: 633
num of flexible tasks: 633
Solving time: 1.87328 seconds
plan limit 7970
num of waits: 0
num of waits: 780
current timestep 628
new free agents: 1
plan limit 9980
no goal cnt in pibt 1
num of waits: 816
current timestep 629
new free agents: 0
plan limit 9980
no goal cnt in pibt 1
num of waits: 852
current timestep 630
new free agents: 1
plan limit 9980
no goal cnt in pibt 2
num of waits: 674
current timestep 631
new free agents: 0
plan limit 9980
no goal cnt in pibt 2
num of waits: 844
current timestep 632
new free agents: 0
plan limit 9980
no goal cnt in pibt 2
num of waits: 950
current timestep 633
new free agents: 0
plan limit 9980
no goal cnt in pibt 2
num of waits: 733
current timestep 634
new free agents: 1
plan limit 9980
no goal cnt in pibt 3
num of waits: 823
current timestep 635
new free agents: 0
plan limit 9980
no goal cnt in pibt 3
num of waits: 940
current timestep 636
new free agents: 0
plan limit 9980
no goal cnt in pibt 3
num of waits: 844
current timestep 637
new free agents: 1
num of flexible agents: 626
num of flexible tasks: 626
Solving time: 1.89344 seconds
plan limit 7946
num of waits: 0
num of waits: 1011
current timestep 639
new free agents: 1
plan limit 9980
no goal cnt in pibt 1
num of waits: 819
current timestep 640
new free agents: 0
plan limit 9980
no goal cnt in pibt 1
num of waits: 694
current timestep 641
new free agents: 2
plan limit 9980
no goal cnt in pibt 3
num of waits: 1047
current timestep 642
new free agents: 0
plan limit 9980
no goal cnt in pibt 3
num of waits: 703
current timestep 643
new free agents: 0
plan limit 9980
no goal cnt in pibt 3
num of waits: 739
current timestep 644
new free agents: 0
plan limit 9979
no goal cnt in pibt 3
num of waits: 757
current timestep 645
new free agents: 0
plan limit 9980
no goal cnt in pibt 3
num of waits: 969
current timestep 646
new free agents: 1
plan limit 9980
no goal cnt in pibt 4
num of waits: 780
current timestep 647
new free agents: 1
plan limit 9980
no goal cnt in pibt 5
num of waits: 745
current timestep 648
new free agents: 0
num of flexible agents: 620
num of flexible tasks: 620
Solving time: 1.98603 seconds
plan limit 7857
num of waits: 0
num of waits: 731
current timestep 650
new free agents: 0
plan limit 9980
no goal cnt in pibt 0
num of waits: 721
current timestep 651
new free agents: 0
plan limit 9980
no goal cnt in pibt 0
num of waits: 785
current timestep 652
new free agents: 2
plan limit 9980
no goal cnt in pibt 2
num of waits: 761
current timestep 653
new free agents: 2
plan limit 9980
no goal cnt in pibt 4
num of waits: 735
current timestep 654
new free agents: 0
plan limit 9980
no goal cnt in pibt 4
num of waits: 735
current timestep 655
new free agents: 1
plan limit 9980
no goal cnt in pibt 5
num of waits: 810
current timestep 656
new free agents: 1
plan limit 9980
no goal cnt in pibt 6
num of waits: 757
current timestep 657
new free agents: 2
plan limit 9980
no goal cnt in pibt 8
num of waits: 737
current timestep 658
new free agents: 1
plan limit 9980
no goal cnt in pibt 9
num of waits: 713
current timestep 659
new free agents: 0
num of flexible agents: 626
num of flexible tasks: 626
Solving time: 2.00899 seconds
plan limit 7836
num of waits: 0
num of waits: 716
current timestep 661
new free agents: 0
plan limit 9980
no goal cnt in pibt 0
num of waits: 822
current timestep 662
new free agents: 0
plan limit 9980
no goal cnt in pibt 0
num of waits: 812
current timestep 663
new free agents: 0
plan limit 9980
no goal cnt in pibt 0
num of waits: 732
current timestep 664
new free agents: 0
plan limit 9980
no goal cnt in pibt 0
num of waits: 725
current timestep 665
new free agents: 0
plan limit 9980
no goal cnt in pibt 0
num of waits: 757
current timestep 666
new free agents: 0
plan limit 9980
no goal cnt in pibt 0
num of waits: 750
current timestep 667
new free agents: 1
plan limit 9979
no goal cnt in pibt 1
num of waits: 760
current timestep 668
new free agents: 0
plan limit 9980
no goal cnt in pibt 1
num of waits: 729
current timestep 669
new free agents: 2
plan limit 9980
no goal cnt in pibt 3
num of waits: 757
current timestep 670
new free agents: 1
num of flexible agents: 623
num of flexible tasks: 623
Solving time: 1.99265 seconds
plan limit 7852
num of waits: 0
num of waits: 672
current timestep 672
new free agents: 2
plan limit 9980
no goal cnt in pibt 2
num of waits: 855
current timestep 673
new free agents: 0
plan limit 9980
no goal cnt in pibt 2
num of waits: 799
current timestep 674
new free agents: 0
plan limit 9980
no goal cnt in pibt 2
num of waits: 806
current timestep 675
new free agents: 0
plan limit 9980
no goal cnt in pibt 2
num of waits: 745
current timestep 676
new free agents: 1
plan limit 9980
no goal cnt in pibt 3
num of waits: 738
current timestep 677
new free agents: 0
plan limit 9980
no goal cnt in pibt 3
num of waits: 758
current timestep 678
new free agents: 0
plan limit 9980
no goal cnt in pibt 3
num of waits: 800
current timestep 679
new free agents: 0
plan limit 9980
no goal cnt in pibt 3
num of waits: 775
current timestep 680
new free agents: 1
plan limit 9980
no goal cnt in pibt 4
num of waits: 745
current timestep 681
new free agents: 3
num of flexible agents: 621
num of flexible tasks: 621
Solving time: 1.94464 seconds
plan limit 7902
num of waits: 0
num of waits: 792
current timestep 683
new free agents: 2
plan limit 9980
no goal cnt in pibt 2
num of waits: 778
current timestep 684
new free agents: 1
plan limit 9980
no goal cnt in pibt 3
num of waits: 763
current timestep 685
new free agents: 0
plan limit 9980
no goal cnt in pibt 3
num of waits: 769
current timestep 686
new free agents: 1
plan limit 9980
no goal cnt in pibt 4
num of waits: 727
current timestep 687
new free agents: 0
plan limit 9979
no goal cnt in pibt 4
num of waits: 710
current timestep 688
new free agents: 1
plan limit 9980
no goal cnt in pibt 5
num of waits: 781
current timestep 689
new free agents: 1
plan limit 9980
no goal cnt in pibt 6
num of waits: 767
current timestep 690
new free agents: 0
plan limit 9980
no goal cnt in pibt 6
num of waits: 743
current timestep 691
new free agents: 1
plan limit 9980
no goal cnt in pibt 7
num of waits: 760
current timestep 692
new free agents: 0
num of flexible agents: 620
num of flexible tasks: 620
Solving time: 2.01773 seconds
plan limit 7829
num of waits: 0
num of waits: 750
current timestep 694
new free agents: 0
plan limit 9980
no goal cnt in pibt 0
num of waits: 678
current timestep 695
new free agents: 0
plan limit 9980
no goal cnt in pibt 0
num of waits: 760
current timestep 696
new free agents: 1
plan limit 9980
no goal cnt in pibt 1
num of waits: 741
current timestep 697
new free agents: 1
plan limit 9980
no goal cnt in pibt 2
num of waits: 714
current timestep 698
new free agents: 0
plan limit 9980
no goal cnt in pibt 2
num of waits: 708
current timestep 699
new free agents: 1
plan limit 9980
no goal cnt in pibt 3
num of waits: 687
current timestep 700
new free agents: 1
plan limit 9980
no goal cnt in pibt 4
num of waits: 768
current timestep 701
new free agents: 0
plan limit 9980
no goal cnt in pibt 4
num of waits: 692
current timestep 702
new free agents: 0
plan limit 9980
no goal cnt in pibt 4
num of waits: 757
current timestep 703
new free agents: 1
num of flexible agents: 615
num of flexible tasks: 615
Solving time: 2.05265 seconds
plan limit 7790
num of waits: 0
num of waits: 729
current timestep 705
new free agents: 0
plan limit 9980
no goal cnt in pibt 0
num of waits: 837
current timestep 706
new free agents: 0
plan limit 9980
no goal cnt in pibt 0
num of waits: 747
current timestep 707
new free agents: 0
plan limit 9980
no goal cnt in pibt 0
num of waits: 741
current timestep 708
new free agents: 1
plan limit 9980
no goal cnt in pibt 1
num of waits: 787
current timestep 709
new free agents: 0
plan limit 9980
no goal cnt in pibt 1
num of waits: 813
current timestep 710
new free agents: 2
plan limit 9980
no goal cnt in pibt 3
num of waits: 787
current timestep 711
new free agents: 0
plan limit 9980
no goal cnt in pibt 3
num of waits: 784
current timestep 712
new free agents: 0
plan limit 9980
no goal cnt in pibt 3
num of waits: 688
current timestep 713
new free agents: 0
plan limit 9980
no goal cnt in pibt 3
num of waits: 742
current timestep 714
new free agents: 1
num of flexible agents: 606
num of flexible tasks: 606
Solving time: 2.02953 seconds
plan limit 7812
num of waits: 0
num of waits: 733
current timestep 716
new free agents: 0
plan limit 9980
no goal cnt in pibt 0
num of waits: 772
current timestep 717
new free agents: 1
plan limit 9979
no goal cnt in pibt 1
num of waits: 732
current timestep 718
new free agents: 0
plan limit 9980
no goal cnt in pibt 1
num of waits: 776
current timestep 719
new free agents: 1
plan limit 9980
no goal cnt in pibt 2
num of waits: 782
current timestep 720
new free agents: 1
plan limit 9980
no goal cnt in pibt 3
num of waits: 825
current timestep 721
new free agents: 2
plan limit 9980
no goal cnt in pibt 5
num of waits: 828
current timestep 722
new free agents: 3
plan limit 9980
no goal cnt in pibt 8
num of waits: 737
current timestep 723
new free agents: 2
plan limit 9980
no goal cnt in pibt 10
num of waits: 680
current timestep 724
new free agents: 0
plan limit 9980
no goal cnt in pibt 10
num of waits: 758
current timestep 725
new free agents: 1
num of flexible agents: 608
num of flexible tasks: 608
Solving time: 1.98726 seconds
plan limit 7854
num of waits: 0
num of waits: 758
current timestep 727
new free agents: 0
plan limit 9980
no goal cnt in pibt 0
num of waits: 804
current timestep 728
new free agents: 0
plan limit 9979
no goal cnt in pibt 0
num of waits: 750
current timestep 729
new free agents: 0
plan limit 9980
no goal cnt in pibt 0
num of waits: 724
current timestep 730
new free agents: 0
plan limit 9980
no goal cnt in pibt 0
num of waits: 789
current timestep 731
new free agents: 0
plan limit 9980
no goal cnt in pibt 0
num of waits: 917
current timestep 732
new free agents: 0
plan limit 9979
no goal cnt in pibt 0
num of waits: 760
current timestep 733
new free agents: 0
plan limit 9980
no goal cnt in pibt 0
num of waits: 771
current timestep 734
new free agents: 1
plan limit 9980
no goal cnt in pibt 1
num of waits: 742
current timestep 735
new free agents: 2
plan limit 9980
no goal cnt in pibt 3
num of waits: 758
current timestep 736
new free agents: 1
num of flexible agents: 608
num of flexible tasks: 608
Solving time: 2.00112 seconds
plan limit 7844
num of waits: 0
num of waits: 729
current timestep 738
new free agents: 0
plan limit 9980
no goal cnt in pibt 0
num of waits: 822
current timestep 739
new free agents: 0
plan limit 9980
no goal cnt in pibt 0
num of waits: 823
current timestep 740
new free agents: 0
plan limit 9980
no goal cnt in pibt 0
num of waits: 832
current timestep 741
new free agents: 1
plan limit 9980
no goal cnt in pibt 1
num of waits: 742
current timestep 742
new free agents: 0
plan limit 9980
no goal cnt in pibt 1
num of waits: 840
current timestep 743
new free agents: 1
plan limit 9980
no goal cnt in pibt 2
num of waits: 685
current timestep 744
new free agents: 2
plan limit 9980
no goal cnt in pibt 4
num of waits: 740
current timestep 745
new free agents: 1
plan limit 9980
no goal cnt in pibt 5
num of waits: 785
current timestep 746
new free agents: 1
plan limit 9980
no goal cnt in pibt 6
num of waits: 756
current timestep 747
new free agents: 0
num of flexible agents: 609
num of flexible tasks: 609
Solving time: 2.05423 seconds
plan limit 7791
num of waits: 0
num of waits: 771
current timestep 749
new free agents: 0
plan limit 9979
no goal cnt in pibt 0
num of waits: 878
current timestep 750
new free agents: 1
plan limit 9980
no goal cnt in pibt 1
num of waits: 744
current timestep 751
new free agents: 0
plan limit 9980
no goal cnt in pibt 1
num of waits: 789
current timestep 752
new free agents: 0
plan limit 9980
no goal cnt in pibt 1
num of waits: 842
current timestep 753
new free agents: 0
plan limit 9980
no goal cnt in pibt 1
num of waits: 778
current timestep 754
new free agents: 1
plan limit 9980
no goal cnt in pibt 2
num of waits: 739
current timestep 755
new free agents: 0
plan limit 9980
no goal cnt in pibt 2
num of waits: 781
current timestep 756
new free agents: 1
plan limit 9980
no goal cnt in pibt 3
num of waits: 768
current timestep 757
new free agents: 2
plan limit 9980
no goal cnt in pibt 5
num of waits: 753
current timestep 758
new free agents: 1
num of flexible agents: 614
num of flexible tasks: 614
Solving time: 2.06051 seconds
plan limit 7785
num of waits: 0
num of waits: 750
current timestep 760
new free agents: 0
plan limit 9979
no goal cnt in pibt 0
num of waits: 710
current timestep 761
new free agents: 3
plan limit 9980
no goal cnt in pibt 3
num of waits: 828
current timestep 762
new free agents: 0
plan limit 9980
no goal cnt in pibt 3
num of waits: 792
current timestep 763
new free agents: 0
plan limit 9980
no goal cnt in pibt 3
num of waits: 807
current timestep 764
new free agents: 2
plan limit 9980
no goal cnt in pibt 5
num of waits: 785
current timestep 765
new free agents: 0
plan limit 9980
no goal cnt in pibt 5
num of waits: 784
current timestep 766
new free agents: 0
plan limit 9980
no goal cnt in pibt 5
num of waits: 770
current timestep 767
new free agents: 0
plan limit 9980
no goal cnt in pibt 5
num of waits: 748
current timestep 768
new free agents: 0
plan limit 9980
no goal cnt in pibt 5
num of waits: 807
current timestep 769
new free agents: 0
num of flexible agents: 611
num of flexible tasks: 611
Solving time: 2.11835 seconds
plan limit 7727
num of waits: 0
num of waits: 899
current timestep 771
new free agents: 0
plan limit 9980
no goal cnt in pibt 0
num of waits: 793
current timestep 772
new free agents: 2
plan limit 9980
no goal cnt in pibt 2
num of waits: 779
current timestep 773
new free agents: 0
plan limit 9980
no goal cnt in pibt 2
num of waits: 769
current timestep 774
new free agents: 1
plan limit 9980
no goal cnt in pibt 3
num of waits: 854
current timestep 775
new free agents: 0
plan limit 9980
no goal cnt in pibt 3
num of waits: 843
current timestep 776
new free agents: 0
plan limit 9980
no goal cnt in pibt 3
num of waits: 828
current timestep 777
new free agents: 0
plan limit 9979
no goal cnt in pibt 3
num of waits: 850
current timestep 778
new free agents: 2
plan limit 9980
no goal cnt in pibt 5
num of waits: 823
current timestep 779
new free agents: 0
plan limit 9980
no goal cnt in pibt 5
num of waits: 755
current timestep 780
new free agents: 2
num of flexible agents: 614
num of flexible tasks: 614
Solving time: 2.10757 seconds
plan limit 7737
num of waits: 0
num of waits: 798
current timestep 782
new free agents: 0
plan limit 9980
no goal cnt in pibt 0
num of waits: 899
current timestep 783
new free agents: 1
plan limit 9980
no goal cnt in pibt 1
num of waits: 719
current timestep 784
new free agents: 1
plan limit 9980
no goal cnt in pibt 2
num of waits: 805
current timestep 785
new free agents: 2
plan limit 9980
no goal cnt in pibt 4
num of waits: 795
current timestep 786
new free agents: 0
plan limit 9980
no goal cnt in pibt 4
num of waits: 725
current timestep 787
new free agents: 1
plan limit 9980
no goal cnt in pibt 5
num of waits: 739
current timestep 788
new free agents: 0
plan limit 9980
no goal cnt in pibt 5
num of waits: 770
current timestep 789
new free agents: 0
plan limit 9980
no goal cnt in pibt 5
num of waits: 800
current timestep 790
new free agents: 0
plan limit 9980
no goal cnt in pibt 5
num of waits: 848
current timestep 791
new free agents: 0
num of flexible agents: 607
num of flexible tasks: 607
Solving time: 2.08644 seconds
plan limit 7760
num of waits: 0
num of waits: 770
current timestep 793
new free agents: 0
plan limit 9980
no goal cnt in pibt 0
num of waits: 788
current timestep 794
new free agents: 1
plan limit 9980
no goal cnt in pibt 1
num of waits: 694
current timestep 795
new free agents: 0
plan limit 9979
no goal cnt in pibt 1
num of waits: 805
current timestep 796
new free agents: 0
plan limit 9980
no goal cnt in pibt 1
num of waits: 758
current timestep 797
new free agents: 0
plan limit 9980
no goal cnt in pibt 1
num of waits: 748
current timestep 798
new free agents: 0
plan limit 9980
no goal cnt in pibt 1
num of waits: 709
current timestep 799
new free agents: 0
plan limit 9980
no goal cnt in pibt 1
num of waits: 773
current timestep 800
new free agents: 1
plan limit 9980
no goal cnt in pibt 2
num of waits: 711
current timestep 801
new free agents: 0
plan limit 9980
no goal cnt in pibt 2
num of waits: 847
current timestep 802
new free agents: 0
num of flexible agents: 607
num of flexible tasks: 607
Solving time: 2.22087 seconds
plan limit 7625
num of waits: 0
num of waits: 833
current timestep 804
new free agents: 0
plan limit 9980
no goal cnt in pibt 0
num of waits: 850
current timestep 805
new free agents: 0
plan limit 9980
no goal cnt in pibt 0
num of waits: 754
current timestep 806
new free agents: 1
plan limit 9980
no goal cnt in pibt 1
num of waits: 740
current timestep 807
new free agents: 0
plan limit 9980
no goal cnt in pibt 1
num of waits: 786
current timestep 808
new free agents: 0
plan limit 9980
no goal cnt in pibt 1
num of waits: 804
current timestep 809
new free agents: 1
plan limit 9980
no goal cnt in pibt 2
num of waits: 835
current timestep 810
new free agents: 1
plan limit 9980
no goal cnt in pibt 3
num of waits: 743
current timestep 811
new free agents: 0
plan limit 9980
no goal cnt in pibt 3
num of waits: 848
current timestep 812
new free agents: 0
plan limit 9980
no goal cnt in pibt 3
num of waits: 756
current timestep 813
new free agents: 0
num of flexible agents: 606
num of flexible tasks: 606
Solving time: 2.135 seconds
plan limit 7706
num of waits: 0
num of waits: 817
current timestep 815
new free agents: 1
plan limit 9980
no goal cnt in pibt 1
num of waits: 768
current timestep 816
new free agents: 0
plan limit 9980
no goal cnt in pibt 1
num of waits: 806
current timestep 817
new free agents: 0
plan limit 9980
no goal cnt in pibt 1
num of waits: 749
current timestep 818
new free agents: 0
plan limit 9980
no goal cnt in pibt 1
num of waits: 813
current timestep 819
new free agents: 1
plan limit 9980
no goal cnt in pibt 2
num of waits: 849
current timestep 820
new free agents: 0
plan limit 9980
no goal cnt in pibt 2
num of waits: 797
current timestep 821
new free agents: 0
plan limit 9980
no goal cnt in pibt 2
num of waits: 809
current timestep 822
new free agents: 1
plan limit 9980
no goal cnt in pibt 3
num of waits: 771
current timestep 823
new free agents: 1
plan limit 9980
no goal cnt in pibt 4
num of waits: 878
current timestep 824
new free agents: 1
num of flexible agents: 608
num of flexible tasks: 608
Solving time: 2.15212 seconds
plan limit 7692
num of waits: 0
num of waits: 701
current timestep 826
new free agents: 1
plan limit 9980
no goal cnt in pibt 1
num of waits: 812
current timestep 827
new free agents: 1
plan limit 9980
no goal cnt in pibt 2
num of waits: 723
current timestep 828
new free agents: 0
plan limit 9980
no goal cnt in pibt 2
num of waits: 719
current timestep 829
new free agents: 0
plan limit 9980
no goal cnt in pibt 2
num of waits: 766
current timestep 830
new free agents: 0
plan limit 9980
no goal cnt in pibt 2
num of waits: 761
current timestep 831
new free agents: 1
plan limit 9980
no goal cnt in pibt 3
num of waits: 753
current timestep 832
new free agents: 1
plan limit 9980
no goal cnt in pibt 4
num of waits: 804
current timestep 833
new free agents: 0
plan limit 9980
no goal cnt in pibt 4
num of waits: 793
current timestep 834
new free agents: 1
plan limit 9980
no goal cnt in pibt 5
num of waits: 840
current timestep 835
new free agents: 0
num of flexible agents: 605
num of flexible tasks: 605
Solving time: 2.15417 seconds
plan limit 7691
num of waits: 0
num of waits: 792
current timestep 837
new free agents: 0
plan limit 9980
no goal cnt in pibt 0
num of waits: 793
current timestep 838
new free agents: 1
plan limit 9980
no goal cnt in pibt 1
num of waits: 738
current timestep 839
new free agents: 0
plan limit 9980
no goal cnt in pibt 1
num of waits: 804
current timestep 840
new free agents: 0
plan limit 9980
no goal cnt in pibt 1
num of waits: 885
current timestep 841
new free agents: 0
plan limit 9980
no goal cnt in pibt 1
num of waits: 823
current timestep 842
new free agents: 0
plan limit 9980
no goal cnt in pibt 1
num of waits: 811
current timestep 843
new free agents: 0
plan limit 9980
no goal cnt in pibt 1
num of waits: 749
current timestep 844
new free agents: 0
plan limit 9980
no goal cnt in pibt 1
num of waits: 722
current timestep 845
new free agents: 1
plan limit 9980
no goal cnt in pibt 2
num of waits: 778
current timestep 846
new free agents: 1
num of flexible agents: 603
num of flexible tasks: 603
Solving time: 2.17386 seconds
plan limit 7667
num of waits: 0
num of waits: 814
current timestep 848
new free agents: 0
plan limit 9980
no goal cnt in pibt 0
num of waits: 815
current timestep 849
new free agents: 0
plan limit 9980
no goal cnt in pibt 0
num of waits: 784
current timestep 850
new free agents: 0
plan limit 9980
no goal cnt in pibt 0
num of waits: 862
current timestep 851
new free agents: 0
plan limit 9980
no goal cnt in pibt 0
num of waits: 810
current timestep 852
new free agents: 1
plan limit 9980
no goal cnt in pibt 1
num of waits: 791
current timestep 853
new free agents: 1
plan limit 9980
no goal cnt in pibt 2
num of waits: 980
current timestep 854
new free agents: 0
plan limit 9980
no goal cnt in pibt 2
num of waits: 797
current timestep 855
new free agents: 0
plan limit 9980
no goal cnt in pibt 2
num of waits: 769
current timestep 856
new free agents: 0
plan limit 9980
no goal cnt in pibt 2
num of waits: 773
current timestep 857
new free agents: 1
num of flexible agents: 604
num of flexible tasks: 604
Solving time: 2.04729 seconds
plan limit 7799
num of waits: 0
num of waits: 837
current timestep 859
new free agents: 0
plan limit 9980
no goal cnt in pibt 0
num of waits: 806
current timestep 860
new free agents: 1
plan limit 9980
no goal cnt in pibt 1
num of waits: 783
current timestep 861
new free agents: 1
plan limit 9979
no goal cnt in pibt 2
num of waits: 819
current timestep 862
new free agents: 0
plan limit 9980
no goal cnt in pibt 2
num of waits: 832
current timestep 863
new free agents: 0
plan limit 9979
no goal cnt in pibt 2
num of waits: 764
current timestep 864
new free agents: 0
plan limit 9980
no goal cnt in pibt 2
num of waits: 771
current timestep 865
new free agents: 1
plan limit 9980
no goal cnt in pibt 3
num of waits: 769
current timestep 866
new free agents: 0
plan limit 9980
no goal cnt in pibt 3
num of waits: 756
current timestep 867
new free agents: 1
plan limit 9980
no goal cnt in pibt 4
num of waits: 793
current timestep 868
new free agents: 0
num of flexible agents: 598
num of flexible tasks: 598
Solving time: 2.11735 seconds
plan limit 7728
num of waits: 0
num of waits: 917
current timestep 870
new free agents: 1
plan limit 9980
no goal cnt in pibt 1
num of waits: 939
current timestep 871
new free agents: 0
plan limit 9980
no goal cnt in pibt 1
num of waits: 840
current timestep 872
new free agents: 0
plan limit 9980
no goal cnt in pibt 1
num of waits: 812
current timestep 873
new free agents: 0
plan limit 9980
no goal cnt in pibt 1
num of waits: 802
current timestep 874
new free agents: 0
plan limit 9980
no goal cnt in pibt 1
num of waits: 757
current timestep 875
new free agents: 0
plan limit 9980
no goal cnt in pibt 1
num of waits: 758
current timestep 876
new free agents: 1
plan limit 9980
no goal cnt in pibt 2
num of waits: 726
current timestep 877
new free agents: 1
plan limit 9980
no goal cnt in pibt 3
num of waits: 687
current timestep 878
new free agents: 0
plan limit 9980
no goal cnt in pibt 3
num of waits: 789
current timestep 879
new free agents: 0
num of flexible agents: 599
num of flexible tasks: 599
Solving time: 2.03232 seconds
plan limit 7814
num of waits: 0
num of waits: 828
current timestep 881
new free agents: 2
plan limit 9980
no goal cnt in pibt 2
num of waits: 833
current timestep 882
new free agents: 1
plan limit 9980
no goal cnt in pibt 3
num of waits: 818
current timestep 883
new free agents: 1
plan limit 9980
no goal cnt in pibt 4
num of waits: 750
current timestep 884
new free agents: 0
plan limit 9980
no goal cnt in pibt 4
num of waits: 748
current timestep 885
new free agents: 0
plan limit 9980
no goal cnt in pibt 4
num of waits: 752
current timestep 886
new free agents: 0
plan limit 9980
no goal cnt in pibt 4
num of waits: 776
current timestep 887
new free agents: 1
plan limit 9980
no goal cnt in pibt 5
num of waits: 860
current timestep 888
new free agents: 0
plan limit 9980
no goal cnt in pibt 5
num of waits: 785
current timestep 889
new free agents: 1
plan limit 9979
no goal cnt in pibt 6
num of waits: 837
current timestep 890
new free agents: 0
num of flexible agents: 597
num of flexible tasks: 597
Solving time: 2.03016 seconds
plan limit 7814
num of waits: 0
num of waits: 822
current timestep 892
new free agents: 0
plan limit 9980
no goal cnt in pibt 0
num of waits: 819
current timestep 893
new free agents: 0
plan limit 9980
no goal cnt in pibt 0
num of waits: 786
current timestep 894
new free agents: 1
plan limit 9980
no goal cnt in pibt 1
num of waits: 778
current timestep 895
new free agents: 0
plan limit 9980
no goal cnt in pibt 1
num of waits: 750
current timestep 896
new free agents: 0
plan limit 9980
no goal cnt in pibt 1
num of waits: 803
current timestep 897
new free agents: 0
plan limit 9980
no goal cnt in pibt 1
num of waits: 717
current timestep 898
new free agents: 0
plan limit 9980
no goal cnt in pibt 1
num of waits: 826
current timestep 899
new free agents: 0
plan limit 9980
no goal cnt in pibt 1
num of waits: 857
current timestep 900
new free agents: 1
plan limit 9980
no goal cnt in pibt 2
num of waits: 911
current timestep 901
new free agents: 0
num of flexible agents: 594
num of flexible tasks: 594
Solving time: 2.07072 seconds
plan limit 7769
num of waits: 0
num of waits: 809
current timestep 903
new free agents: 0
plan limit 9980
no goal cnt in pibt 0
num of waits: 879
current timestep 904
new free agents: 0
plan limit 9980
no goal cnt in pibt 0
num of waits: 753
current timestep 905
new free agents: 0
plan limit 9980
no goal cnt in pibt 0
num of waits: 753
current timestep 906
new free agents: 0
plan limit 9980
no goal cnt in pibt 0
num of waits: 719
current timestep 907
new free agents: 1
plan limit 9980
no goal cnt in pibt 1
num of waits: 801
current timestep 908
new free agents: 1
plan limit 9980
no goal cnt in pibt 2
num of waits: 752
current timestep 909
new free agents: 0
plan limit 9980
no goal cnt in pibt 2
num of waits: 768
current timestep 910
new free agents: 1
plan limit 9980
no goal cnt in pibt 3
num of waits: 718
current timestep 911
new free agents: 0
plan limit 9980
no goal cnt in pibt 3
num of waits: 855
current timestep 912
new free agents: 0
num of flexible agents: 595
num of flexible tasks: 595
Solving time: 2.07827 seconds
plan limit 7761
num of waits: 0
num of waits: 743
current timestep 914
new free agents: 0
plan limit 9980
no goal cnt in pibt 0
num of waits: 863
current timestep 915
new free agents: 0
plan limit 9980
no goal cnt in pibt 0
num of waits: 715
current timestep 916
new free agents: 0
plan limit 9980
no goal cnt in pibt 0
num of waits: 841
current timestep 917
new free agents: 0
plan limit 9980
no goal cnt in pibt 0
num of waits: 768
current timestep 918
new free agents: 0
plan limit 9980
no goal cnt in pibt 0
num of waits: 814
current timestep 919
new free agents: 1
plan limit 9980
no goal cnt in pibt 1
num of waits: 736
current timestep 920
new free agents: 0
plan limit 9980
no goal cnt in pibt 1
num of waits: 767
current timestep 921
new free agents: 0
plan limit 9980
no goal cnt in pibt 1
num of waits: 745
current timestep 922
new free agents: 0
plan limit 9980
no goal cnt in pibt 1
num of waits: 783
current timestep 923
new free agents: 0
num of flexible agents: 593
num of flexible tasks: 593
Solving time: 2.12351 seconds
plan limit 7720
num of waits: 0
num of waits: 850
current timestep 925
new free agents: 0
plan limit 9980
no goal cnt in pibt 0
num of waits: 852
current timestep 926
new free agents: 0
plan limit 9980
no goal cnt in pibt 0
num of waits: 839
current timestep 927
new free agents: 0
plan limit 9980
no goal cnt in pibt 0
num of waits: 774
current timestep 928
new free agents: 1
plan limit 9980
no goal cnt in pibt 1
num of waits: 757
current timestep 929
new free agents: 0
plan limit 9980
no goal cnt in pibt 1
num of waits: 792
current timestep 930
new free agents: 0
plan limit 9980
no goal cnt in pibt 1
num of waits: 719
current timestep 931
new free agents: 0
plan limit 9980
no goal cnt in pibt 1
num of waits: 796
current timestep 932
new free agents: 0
plan limit 9980
no goal cnt in pibt 1
num of waits: 815
current timestep 933
new free agents: 1
plan limit 9980
no goal cnt in pibt 2
num of waits: 863
current timestep 934
new free agents: 1
num of flexible agents: 596
num of flexible tasks: 596
Solving time: 2.02774 seconds
plan limit 7820
num of waits: 0
num of waits: 844
current timestep 936
new free agents: 0
plan limit 9980
no goal cnt in pibt 0
num of waits: 778
current timestep 937
new free agents: 0
plan limit 9980
no goal cnt in pibt 0
num of waits: 817
current timestep 938
new free agents: 0
plan limit 9980
no goal cnt in pibt 0
num of waits: 800
current timestep 939
new free agents: 1
plan limit 9980
no goal cnt in pibt 1
num of waits: 768
current timestep 940
new free agents: 0
plan limit 9979
no goal cnt in pibt 1
num of waits: 826
current timestep 941
new free agents: 0
plan limit 9980
no goal cnt in pibt 1
num of waits: 821
current timestep 942
new free agents: 0
plan limit 9980
no goal cnt in pibt 1
num of waits: 832
current timestep 943
new free agents: 0
plan limit 9980
no goal cnt in pibt 1
num of waits: 830
current timestep 944
new free agents: 0
plan limit 9980
no goal cnt in pibt 1
num of waits: 810
current timestep 945
new free agents: 0
num of flexible agents: 594
num of flexible tasks: 594
Solving time: 2.07398 seconds
plan limit 7770
num of waits: 0
num of waits: 825
current timestep 947
new free agents: 0
plan limit 9980
no goal cnt in pibt 0
num of waits: 797
current timestep 948
new free agents: 0
plan limit 9980
no goal cnt in pibt 0
num of waits: 827
current timestep 949
new free agents: 0
plan limit 9980
no goal cnt in pibt 0
num of waits: 773
current timestep 950
new free agents: 0
plan limit 9980
no goal cnt in pibt 0
num of waits: 774
current timestep 951
new free agents: 0
plan limit 9980
no goal cnt in pibt 0
num of waits: 799
current timestep 952
new free agents: 1
plan limit 9980
no goal cnt in pibt 1
num of waits: 844
current timestep 953
new free agents: 0
plan limit 9980
no goal cnt in pibt 1
num of waits: 841
current timestep 954
new free agents: 1
plan limit 9980
no goal cnt in pibt 2
num of waits: 773
current timestep 955
new free agents: 1
plan limit 9980
no goal cnt in pibt 3
num of waits: 833
current timestep 956
new free agents: 0
num of flexible agents: 595
num of flexible tasks: 595
Solving time: 2.02239 seconds
plan limit 7815
num of waits: 0
num of waits: 804
current timestep 958
new free agents: 0
plan limit 9980
no goal cnt in pibt 0
num of waits: 763
current timestep 959
new free agents: 0
plan limit 9980
no goal cnt in pibt 0
num of waits: 849
current timestep 960
new free agents: 0
plan limit 9980
no goal cnt in pibt 0
num of waits: 732
current timestep 961
new free agents: 0
plan limit 9980
no goal cnt in pibt 0
num of waits: 796
current timestep 962
new free agents: 0
plan limit 9980
no goal cnt in pibt 0
num of waits: 834
current timestep 963
new free agents: 0
plan limit 9980
no goal cnt in pibt 0
num of waits: 792
current timestep 964
new free agents: 0
plan limit 9980
no goal cnt in pibt 0
num of waits: 776
current timestep 965
new free agents: 0
plan limit 9980
no goal cnt in pibt 0
num of waits: 759
current timestep 966
new free agents: 0
plan limit 9980
no goal cnt in pibt 0
num of waits: 844
current timestep 967
new free agents: 1
num of flexible agents: 593
num of flexible tasks: 593
Solving time: 2.07727 seconds
plan limit 7762
num of waits: 0
num of waits: 799
current timestep 969
new free agents: 0
plan limit 9980
no goal cnt in pibt 0
num of waits: 855
current timestep 970
new free agents: 0
plan limit 9980
no goal cnt in pibt 0
num of waits: 733
current timestep 971
new free agents: 0
plan limit 9980
no goal cnt in pibt 0
num of waits: 942
current timestep 972
new free agents: 1
plan limit 9980
no goal cnt in pibt 1
num of waits: 861
current timestep 973
new free agents: 1
plan limit 9980
no goal cnt in pibt 2
num of waits: 813
current timestep 974
new free agents: 0
plan limit 9980
no goal cnt in pibt 2
num of waits: 886
current timestep 975
new free agents: 0
plan limit 9980
no goal cnt in pibt 2
num of waits: 803
current timestep 976
new free agents: 0
plan limit 9980
no goal cnt in pibt 2
num of waits: 754
current timestep 977
new free agents: 0
plan limit 9980
no goal cnt in pibt 2
num of waits: 868
current timestep 978
new free agents: 2
num of flexible agents: 594
num of flexible tasks: 594
Solving time: 2.05791 seconds
plan limit 7780
num of waits: 0
num of waits: 867
current timestep 980
new free agents: 0
plan limit 9980
no goal cnt in pibt 0
num of waits: 859
current timestep 981
new free agents: 0
plan limit 9980
no goal cnt in pibt 0
num of waits: 811
current timestep 982
new free agents: 0
plan limit 9980
no goal cnt in pibt 0
num of waits: 772
current timestep 983
new free agents: 0
plan limit 9980
no goal cnt in pibt 0
num of waits: 853
current timestep 984
new free agents: 0
plan limit 9980
no goal cnt in pibt 0
num of waits: 751
current timestep 985
new free agents: 1
plan limit 9980
no goal cnt in pibt 1
num of waits: 795
current timestep 986
new free agents: 1
plan limit 9980
no goal cnt in pibt 2
num of waits: 857
current timestep 987
new free agents: 0
plan limit 9980
no goal cnt in pibt 2
num of waits: 787
current timestep 988
new free agents: 0
plan limit 9980
no goal cnt in pibt 2
num of waits: 816
current timestep 989
new free agents: 0
num of flexible agents: 589
num of flexible tasks: 589
Solving time: 2.09831 seconds
plan limit 7742
num of waits: 0
num of waits: 838
current timestep 991
new free agents: 0
plan limit 9980
no goal cnt in pibt 0
num of waits: 826
current timestep 992
new free agents: 0
plan limit 9980
no goal cnt in pibt 0
num of waits: 803
current timestep 993
new free agents: 0
plan limit 9980
no goal cnt in pibt 0
num of waits: 866
current timestep 994
new free agents: 0
plan limit 9980
no goal cnt in pibt 0
num of waits: 788
current timestep 995
new free agents: 0
plan limit 9980
no goal cnt in pibt 0
num of waits: 841
current timestep 996
new free agents: 0
plan limit 9980
no goal cnt in pibt 0
num of waits: 851
current timestep 997
new free agents: 0
plan limit 9980
no goal cnt in pibt 0
num of waits: 863
current timestep 998
new free agents: 0
plan limit 9980
no goal cnt in pibt 0
num of waits: 795
current timestep 999
new free agents: 1
plan limit 9980
no goal cnt in pibt 1
num of waits: 930
current timestep 1000
new free agents: 3
num of flexible agents: 589
num of flexible tasks: 589
Solving time: 2.16425 seconds
plan limit 7679
num of waits: 0
num of waits: 946
current timestep 1002
new free agents: 0
plan limit 9980
no goal cnt in pibt 0
num of waits: 895
current timestep 1003
new free agents: 0
plan limit 9980
no goal cnt in pibt 0
num of waits: 771
current timestep 1004
new free agents: 1
plan limit 9980
no goal cnt in pibt 1
num of waits: 817
current timestep 1005
new free agents: 1
plan limit 9980
no goal cnt in pibt 2
num of waits: 796
current timestep 1006
new free agents: 0
plan limit 9980
no goal cnt in pibt 2
num of waits: 802
current timestep 1007
new free agents: 0
plan limit 9980
no goal cnt in pibt 2
num of waits: 819
current timestep 1008
new free agents: 1
plan limit 9980
no goal cnt in pibt 3
num of waits: 863
current timestep 1009
new free agents: 0
plan limit 9980
no goal cnt in pibt 3
num of waits: 747
current timestep 1010
new free agents: 0
plan limit 9980
no goal cnt in pibt 3
num of waits: 854
current timestep 1011
new free agents: 0
num of flexible agents: 587
num of flexible tasks: 587
Solving time: 2.11774 seconds
plan limit 7727
num of waits: 0
num of waits: 887
current timestep 1013
new free agents: 1
plan limit 9980
no goal cnt in pibt 1
num of waits: 852
current timestep 1014
new free agents: 0
plan limit 9980
no goal cnt in pibt 1
num of waits: 815
current timestep 1015
new free agents: 0
plan limit 9980
no goal cnt in pibt 1
num of waits: 811
current timestep 1016
new free agents: 1
plan limit 9980
no goal cnt in pibt 2
num of waits: 781
current timestep 1017
new free agents: 0
plan limit 9980
no goal cnt in pibt 2
num of waits: 819
current timestep 1018
new free agents: 0
plan limit 9980
no goal cnt in pibt 2
num of waits: 891
current timestep 1019
new free agents: 0
plan limit 9980
no goal cnt in pibt 2
num of waits: 965
current timestep 1020
new free agents: 1
plan limit 9980
no goal cnt in pibt 3
num of waits: 952
current timestep 1021
new free agents: 0
plan limit 9980
no goal cnt in pibt 3
num of waits: 961
current timestep 1022
new free agents: 1
num of flexible agents: 585
num of flexible tasks: 585
Solving time: 2.15167 seconds
plan limit 7694
num of waits: 0
num of waits: 889
current timestep 1024
new free agents: 0
plan limit 9980
no goal cnt in pibt 0
num of waits: 937
current timestep 1025
new free agents: 0
plan limit 9980
no goal cnt in pibt 0
num of waits: 898
current timestep 1026
new free agents: 2
plan limit 9980
no goal cnt in pibt 2
num of waits: 930
current timestep 1027
new free agents: 0
plan limit 9980
no goal cnt in pibt 2
num of waits: 841
current timestep 1028
new free agents: 0
plan limit 9980
no goal cnt in pibt 2
num of waits: 776
current timestep 1029
new free agents: 0
plan limit 9980
no goal cnt in pibt 2
num of waits: 902
current timestep 1030
new free agents: 0
plan limit 9980
no goal cnt in pibt 2
num of waits: 774
current timestep 1031
new free agents: 0
plan limit 9980
no goal cnt in pibt 2
num of waits: 917
current timestep 1032
new free agents: 0
plan limit 9980
no goal cnt in pibt 2
num of waits: 789
current timestep 1033
new free agents: 0
num of flexible agents: 583
num of flexible tasks: 583
Solving time: 2.17321 seconds
plan limit 7673
num of waits: 0
num of waits: 866
current timestep 1035
new free agents: 1
plan limit 9980
no goal cnt in pibt 1
num of waits: 806
current timestep 1036
new free agents: 0
plan limit 9980
no goal cnt in pibt 1
num of waits: 731
current timestep 1037
new free agents: 1
plan limit 9980
no goal cnt in pibt 2
num of waits: 805
current timestep 1038
new free agents: 0
plan limit 9980
no goal cnt in pibt 2
num of waits: 822
current timestep 1039
new free agents: 1
plan limit 9979
no goal cnt in pibt 3
num of waits: 781
current timestep 1040
new free agents: 0
plan limit 9980
no goal cnt in pibt 3
num of waits: 898
current timestep 1041
new free agents: 1
plan limit 9980
no goal cnt in pibt 4
num of waits: 792
current timestep 1042
new free agents: 0
plan limit 9980
no goal cnt in pibt 4
num of waits: 837
current timestep 1043
new free agents: 0
plan limit 9980
no goal cnt in pibt 4
num of waits: 796
current timestep 1044
new free agents: 0
num of flexible agents: 586
num of flexible tasks: 586
Solving time: 2.08937 seconds
plan limit 7753
num of waits: 0
num of waits: 871
current timestep 1046
new free agents: 1
plan limit 9980
no goal cnt in pibt 1
num of waits: 838
current timestep 1047
new free agents: 0
plan limit 9980
no goal cnt in pibt 1
num of waits: 797
current timestep 1048
new free agents: 0
plan limit 9980
no goal cnt in pibt 1
num of waits: 822
current timestep 1049
new free agents: 0
plan limit 9980
no goal cnt in pibt 1
num of waits: 781
current timestep 1050
new free agents: 1
plan limit 9980
no goal cnt in pibt 2
num of waits: 824
current timestep 1051
new free agents: 0
plan limit 9980
no goal cnt in pibt 2
num of waits: 774
current timestep 1052
new free agents: 0
plan limit 9980
no goal cnt in pibt 2
num of waits: 862
current timestep 1053
new free agents: 0
plan limit 9980
no goal cnt in pibt 2
num of waits: 763
current timestep 1054
new free agents: 0
plan limit 9980
no goal cnt in pibt 2
num of waits: 802
current timestep 1055
new free agents: 0
num of flexible agents: 583
num of flexible tasks: 583
Solving time: 2.13362 seconds
plan limit 7709
num of waits: 0
num of waits: 739
current timestep 1057
new free agents: 0
plan limit 9980
no goal cnt in pibt 0
num of waits: 781
current timestep 1058
new free agents: 0
plan limit 9980
no goal cnt in pibt 0
num of waits: 956
current timestep 1059
new free agents: 0
plan limit 9980
no goal cnt in pibt 0
num of waits: 792
current timestep 1060
new free agents: 0
plan limit 9980
no goal cnt in pibt 0
num of waits: 828
current timestep 1061
new free agents: 1
plan limit 9980
no goal cnt in pibt 1
num of waits: 794
current timestep 1062
new free agents: 0
plan limit 9980
no goal cnt in pibt 1
num of waits: 822
current timestep 1063
new free agents: 0
plan limit 9980
no goal cnt in pibt 1
num of waits: 853
current timestep 1064
new free agents: 0
plan limit 9979
no goal cnt in pibt 1
num of waits: 872
current timestep 1065
new free agents: 1
plan limit 9980
no goal cnt in pibt 2
num of waits: 824
current timestep 1066
new free agents: 1
num of flexible agents: 585
num of flexible tasks: 585
Solving time: 2.09733 seconds
plan limit 7748
num of waits: 0
num of waits: 848
current timestep 1068
new free agents: 1
plan limit 9980
no goal cnt in pibt 1
num of waits: 769
current timestep 1069
new free agents: 0
plan limit 9980
no goal cnt in pibt 1
num of waits: 800
current timestep 1070
new free agents: 0
plan limit 9980
no goal cnt in pibt 1
num of waits: 806
current timestep 1071
new free agents: 0
plan limit 9980
no goal cnt in pibt 1
num of waits: 738
current timestep 1072
new free agents: 0
plan limit 9980
no goal cnt in pibt 1
num of waits: 774
current timestep 1073
new free agents: 0
plan limit 9980
no goal cnt in pibt 1
num of waits: 738
current timestep 1074
new free agents: 0
plan limit 9980
no goal cnt in pibt 1
num of waits: 834
current timestep 1075
new free agents: 0
plan limit 9980
no goal cnt in pibt 1
num of waits: 770
current timestep 1076
new free agents: 0
plan limit 9980
no goal cnt in pibt 1
num of waits: 845
current timestep 1077
new free agents: 0
num of flexible agents: 579
num of flexible tasks: 579
Solving time: 2.1514 seconds
plan limit 7695
num of waits: 0
num of waits: 828
current timestep 1079
new free agents: 1
plan limit 9980
no goal cnt in pibt 1
num of waits: 743
current timestep 1080
new free agents: 0
plan limit 9980
no goal cnt in pibt 1
num of waits: 925
current timestep 1081
new free agents: 2
plan limit 9980
no goal cnt in pibt 3
num of waits: 834
current timestep 1082
new free agents: 0
plan limit 9980
no goal cnt in pibt 3
num of waits: 915
current timestep 1083
new free agents: 2
plan limit 9980
no goal cnt in pibt 5
num of waits: 872
current timestep 1084
new free agents: 1
plan limit 9980
no goal cnt in pibt 6
num of waits: 975
current timestep 1085
new free agents: 0
plan limit 9980
no goal cnt in pibt 6
num of waits: 913
current timestep 1086
new free agents: 0
plan limit 9980
no goal cnt in pibt 6
num of waits: 815
current timestep 1087
new free agents: 0
plan limit 9980
no goal cnt in pibt 6
num of waits: 787
current timestep 1088
new free agents: 0
num of flexible agents: 583
num of flexible tasks: 583
Solving time: 2.1918 seconds
plan limit 7651
num of waits: 0
num of waits: 952
current timestep 1090
new free agents: 0
plan limit 9980
no goal cnt in pibt 0
num of waits: 822
current timestep 1091
new free agents: 0
plan limit 9980
no goal cnt in pibt 0
num of waits: 825
current timestep 1092
new free agents: 1
plan limit 9980
no goal cnt in pibt 1
num of waits: 844
current timestep 1093
new free agents: 0
plan limit 9980
no goal cnt in pibt 1
num of waits: 834
current timestep 1094
new free agents: 0
plan limit 9980
no goal cnt in pibt 1
num of waits: 754
current timestep 1095
new free agents: 0
plan limit 9980
no goal cnt in pibt 1
num of waits: 834
current timestep 1096
new free agents: 1
plan limit 9980
no goal cnt in pibt 2
num of waits: 821
current timestep 1097
new free agents: 0
plan limit 9980
no goal cnt in pibt 2
num of waits: 851
current timestep 1098
new free agents: 0
plan limit 9980
no goal cnt in pibt 2
num of waits: 858
current timestep 1099
new free agents: 1
num of flexible agents: 585
num of flexible tasks: 585
Solving time: 2.1902 seconds
plan limit 7651
num of waits: 0
num of waits: 806
current timestep 1101
new free agents: 0
plan limit 9980
no goal cnt in pibt 0
num of waits: 791
current timestep 1102
new free agents: 0
plan limit 9980
no goal cnt in pibt 0
num of waits: 800
current timestep 1103
new free agents: 0
plan limit 9980
no goal cnt in pibt 0
num of waits: 785
current timestep 1104
new free agents: 0
plan limit 9980
no goal cnt in pibt 0
num of waits: 852
current timestep 1105
new free agents: 0
plan limit 9980
no goal cnt in pibt 0
num of waits: 762
current timestep 1106
new free agents: 0
plan limit 9980
no goal cnt in pibt 0
num of waits: 870
current timestep 1107
new free agents: 0
plan limit 9980
no goal cnt in pibt 0
num of waits: 791
current timestep 1108
new free agents: 0
plan limit 9980
no goal cnt in pibt 0
num of waits: 802
current timestep 1109
new free agents: 0
plan limit 9980
no goal cnt in pibt 0
num of waits: 807
current timestep 1110
new free agents: 1
num of flexible agents: 582
num of flexible tasks: 582
Solving time: 2.23259 seconds
plan limit 7613
num of waits: 0
num of waits: 802
current timestep 1112
new free agents: 0
plan limit 9980
no goal cnt in pibt 0
num of waits: 798
current timestep 1113
new free agents: 0
plan limit 9980
no goal cnt in pibt 0
num of waits: 815
current timestep 1114
new free agents: 0
plan limit 9980
no goal cnt in pibt 0
num of waits: 864
current timestep 1115
new free agents: 0
plan limit 9980
no goal cnt in pibt 0
num of waits: 846
current timestep 1116
new free agents: 1
plan limit 9980
no goal cnt in pibt 1
num of waits: 849
current timestep 1117
new free agents: 0
plan limit 9980
no goal cnt in pibt 1
num of waits: 791
current timestep 1118
new free agents: 0
plan limit 9980
no goal cnt in pibt 1
num of waits: 804
current timestep 1119
new free agents: 0
plan limit 9980
no goal cnt in pibt 1
num of waits: 843
current timestep 1120
new free agents: 0
plan limit 9979
no goal cnt in pibt 1
num of waits: 776
current timestep 1121
new free agents: 0
num of flexible agents: 581
num of flexible tasks: 581
Solving time: 2.22573 seconds
plan limit 7618
num of waits: 0
num of waits: 851
current timestep 1123
new free agents: 0
plan limit 9980
no goal cnt in pibt 0
num of waits: 835
current timestep 1124
new free agents: 0
plan limit 9980
no goal cnt in pibt 0
num of waits: 852
current timestep 1125
new free agents: 0
plan limit 9980
no goal cnt in pibt 0
num of waits: 805
current timestep 1126
new free agents: 0
plan limit 9980
no goal cnt in pibt 0
num of waits: 794
current timestep 1127
new free agents: 0
plan limit 9979
no goal cnt in pibt 0
num of waits: 778
current timestep 1128
new free agents: 0
plan limit 9980
no goal cnt in pibt 0
num of waits: 780
current timestep 1129
new free agents: 0
plan limit 9980
no goal cnt in pibt 0
num of waits: 867
current timestep 1130
new free agents: 0
plan limit 9980
no goal cnt in pibt 0
num of waits: 790
current timestep 1131
new free agents: 0
plan limit 9980
no goal cnt in pibt 0
num of waits: 805
current timestep 1132
new free agents: 0
num of flexible agents: 580
num of flexible tasks: 580
Solving time: 2.17198 seconds
plan limit 7670
num of waits: 0
num of waits: 713
current timestep 1134
new free agents: 0
plan limit 9980
no goal cnt in pibt 0
num of waits: 839
current timestep 1135
new free agents: 0
plan limit 9980
no goal cnt in pibt 0
num of waits: 851
current timestep 1136
new free agents: 0
plan limit 9980
no goal cnt in pibt 0
num of waits: 856
current timestep 1137
new free agents: 1
plan limit 9980
no goal cnt in pibt 1
num of waits: 771
current timestep 1138
new free agents: 0
plan limit 9980
no goal cnt in pibt 1
num of waits: 875
current timestep 1139
new free agents: 0
plan limit 9980
no goal cnt in pibt 1
num of waits: 930
current timestep 1140
new free agents: 2
plan limit 9980
no goal cnt in pibt 3
num of waits: 787
current timestep 1141
new free agents: 0
plan limit 9980
no goal cnt in pibt 3
num of waits: 751
current timestep 1142
new free agents: 0
plan limit 9980
no goal cnt in pibt 3
num of waits: 837
current timestep 1143
new free agents: 0
num of flexible agents: 582
num of flexible tasks: 582
Solving time: 2.19124 seconds
plan limit 7655
num of waits: 0
num of waits: 881
current timestep 1145
new free agents: 0
plan limit 9980
no goal cnt in pibt 0
num of waits: 868
current timestep 1146
new free agents: 0
plan limit 9980
no goal cnt in pibt 0
num of waits: 889
current timestep 1147
new free agents: 0
plan limit 9980
no goal cnt in pibt 0
num of waits: 809
current timestep 1148
new free agents: 0
plan limit 9980
no goal cnt in pibt 0
num of waits: 811
current timestep 1149
new free agents: 1
plan limit 9980
no goal cnt in pibt 1
num of waits: 900
current timestep 1150
new free agents: 0
plan limit 9980
no goal cnt in pibt 1
num of waits: 878
current timestep 1151
new free agents: 1
plan limit 9980
no goal cnt in pibt 2
num of waits: 815
current timestep 1152
new free agents: 0
plan limit 9980
no goal cnt in pibt 2
num of waits: 823
current timestep 1153
new free agents: 0
plan limit 9980
no goal cnt in pibt 2
num of waits: 776
current timestep 1154
new free agents: 0
num of flexible agents: 583
num of flexible tasks: 583
Solving time: 2.26583 seconds
plan limit 7576
num of waits: 0
num of waits: 832
current timestep 1156
new free agents: 0
plan limit 9980
no goal cnt in pibt 0
num of waits: 889
current timestep 1157
new free agents: 0
plan limit 9980
no goal cnt in pibt 0
num of waits: 808
current timestep 1158
new free agents: 1
plan limit 9980
no goal cnt in pibt 1
num of waits: 791
current timestep 1159
new free agents: 0
plan limit 9980
no goal cnt in pibt 1
num of waits: 822
current timestep 1160
new free agents: 0
plan limit 9980
no goal cnt in pibt 1
num of waits: 804
current timestep 1161
new free agents: 0
plan limit 9980
no goal cnt in pibt 1
num of waits: 779
current timestep 1162
new free agents: 0
plan limit 9980
no goal cnt in pibt 1
num of waits: 828
current timestep 1163
new free agents: 0
plan limit 9980
no goal cnt in pibt 1
num of waits: 780
current timestep 1164
new free agents: 0
plan limit 9980
no goal cnt in pibt 1
num of waits: 788
current timestep 1165
new free agents: 0
num of flexible agents: 584
num of flexible tasks: 584
Solving time: 2.19517 seconds
plan limit 7651
num of waits: 0
num of waits: 886
current timestep 1167
new free agents: 0
plan limit 9980
no goal cnt in pibt 0
num of waits: 808
current timestep 1168
new free agents: 0
plan limit 9980
no goal cnt in pibt 0
num of waits: 891
current timestep 1169
new free agents: 2
plan limit 9980
no goal cnt in pibt 2
num of waits: 838
current timestep 1170
new free agents: 1
plan limit 9980
no goal cnt in pibt 3
num of waits: 910
current timestep 1171
new free agents: 0
plan limit 9980
no goal cnt in pibt 3
num of waits: 870
current timestep 1172
new free agents: 0
plan limit 9980
no goal cnt in pibt 3
num of waits: 823
current timestep 1173
new free agents: 1
plan limit 9980
no goal cnt in pibt 4
num of waits: 838
current timestep 1174
new free agents: 1
plan limit 9980
no goal cnt in pibt 5
num of waits: 812
current timestep 1175
new free agents: 0
plan limit 9980
no goal cnt in pibt 5
num of waits: 862
current timestep 1176
new free agents: 0
num of flexible agents: 586
num of flexible tasks: 586
Solving time: 2.20708 seconds
plan limit 7639
num of waits: 0
num of waits: 804
current timestep 1178
new free agents: 1
plan limit 9979
no goal cnt in pibt 1
num of waits: 812
current timestep 1179
new free agents: 1
plan limit 9980
no goal cnt in pibt 2
num of waits: 910
current timestep 1180
new free agents: 0
plan limit 9980
no goal cnt in pibt 2
num of waits: 813
current timestep 1181
new free agents: 0
plan limit 9980
no goal cnt in pibt 2
num of waits: 772
current timestep 1182
new free agents: 0
plan limit 9980
no goal cnt in pibt 2
num of waits: 713
current timestep 1183
new free agents: 1
plan limit 9980
no goal cnt in pibt 3
num of waits: 744
current timestep 1184
new free agents: 0
plan limit 9980
no goal cnt in pibt 3
num of waits: 804
current timestep 1185
new free agents: 0
plan limit 9980
no goal cnt in pibt 3
num of waits: 857
current timestep 1186
new free agents: 1
plan limit 9980
no goal cnt in pibt 4
num of waits: 858
current timestep 1187
new free agents: 0
num of flexible agents: 588
num of flexible tasks: 588
Solving time: 2.23971 seconds
plan limit 7601
num of waits: 0
num of waits: 849
current timestep 1189
new free agents: 0
plan limit 9979
no goal cnt in pibt 0
num of waits: 838
current timestep 1190
new free agents: 0
plan limit 9980
no goal cnt in pibt 0
num of waits: 835
current timestep 1191
new free agents: 0
plan limit 9979
no goal cnt in pibt 0
num of waits: 736
current timestep 1192
new free agents: 0
plan limit 9980
no goal cnt in pibt 0
num of waits: 831
current timestep 1193
new free agents: 0
plan limit 9980
no goal cnt in pibt 0
num of waits: 841
current timestep 1194
new free agents: 0
plan limit 9980
no goal cnt in pibt 0
num of waits: 860
current timestep 1195
new free agents: 0
plan limit 9980
no goal cnt in pibt 0
num of waits: 855
current timestep 1196
new free agents: 0
plan limit 9980
no goal cnt in pibt 0
num of waits: 861
current timestep 1197
new free agents: 0
plan limit 9980
no goal cnt in pibt 0
num of waits: 931
current timestep 1198
new free agents: 1
num of flexible agents: 587
num of flexible tasks: 587
Solving time: 2.16502 seconds
plan limit 7678
num of waits: 0
num of waits: 843
current timestep 1200
new free agents: 0
plan limit 9980
no goal cnt in pibt 0
num of waits: 861
current timestep 1201
new free agents: 0
plan limit 9980
no goal cnt in pibt 0
num of waits: 842
current timestep 1202
new free agents: 0
plan limit 9980
no goal cnt in pibt 0
num of waits: 874
current timestep 1203
new free agents: 0
plan limit 9980
no goal cnt in pibt 0
num of waits: 831
current timestep 1204
new free agents: 0
plan limit 9980
no goal cnt in pibt 0
num of waits: 815
current timestep 1205
new free agents: 0
plan limit 9980
no goal cnt in pibt 0
num of waits: 945
current timestep 1206
new free agents: 0
plan limit 9980
no goal cnt in pibt 0
num of waits: 833
current timestep 1207
new free agents: 0
plan limit 9980
no goal cnt in pibt 0
num of waits: 898
current timestep 1208
new free agents: 0
plan limit 9980
no goal cnt in pibt 0
num of waits: 798
current timestep 1209
new free agents: 0
num of flexible agents: 584
num of flexible tasks: 584
Solving time: 2.21555 seconds
plan limit 7626
num of waits: 0
num of waits: 840
current timestep 1211
new free agents: 0
plan limit 9979
no goal cnt in pibt 0
num of waits: 867
current timestep 1212
new free agents: 0
plan limit 9980
no goal cnt in pibt 0
num of waits: 813
current timestep 1213
new free agents: 0
plan limit 9980
no goal cnt in pibt 0
num of waits: 778
current timestep 1214
new free agents: 0
plan limit 9980
no goal cnt in pibt 0
num of waits: 831
current timestep 1215
new free agents: 0
plan limit 9980
no goal cnt in pibt 0
num of waits: 807
current timestep 1216
new free agents: 0
plan limit 9980
no goal cnt in pibt 0
num of waits: 867
current timestep 1217
new free agents: 0
plan limit 9980
no goal cnt in pibt 0
num of waits: 807
current timestep 1218
new free agents: 0
plan limit 9980
no goal cnt in pibt 0
num of waits: 767
current timestep 1219
new free agents: 0
plan limit 9980
no goal cnt in pibt 0
num of waits: 861
current timestep 1220
new free agents: 0
num of flexible agents: 581
num of flexible tasks: 581
Solving time: 2.24655 seconds
plan limit 7593
num of waits: 0
num of waits: 859
current timestep 1222
new free agents: 0
plan limit 9980
no goal cnt in pibt 0
num of waits: 942
current timestep 1223
new free agents: 0
plan limit 9980
no goal cnt in pibt 0
num of waits: 766
current timestep 1224
new free agents: 0
plan limit 9980
no goal cnt in pibt 0
num of waits: 819
current timestep 1225
new free agents: 0
plan limit 9980
no goal cnt in pibt 0
num of waits: 806
current timestep 1226
new free agents: 0
plan limit 9980
no goal cnt in pibt 0
num of waits: 805
current timestep 1227
new free agents: 0
plan limit 9980
no goal cnt in pibt 0
num of waits: 807
current timestep 1228
new free agents: 1
plan limit 9980
no goal cnt in pibt 1
num of waits: 808
current timestep 1229
new free agents: 1
plan limit 9979
no goal cnt in pibt 2
num of waits: 816
current timestep 1230
new free agents: 0
plan limit 9980
no goal cnt in pibt 2
num of waits: 823
current timestep 1231
new free agents: 0
num of flexible agents: 582
num of flexible tasks: 582
Solving time: 2.25184 seconds
plan limit 7594
num of waits: 0
num of waits: 833
current timestep 1233
new free agents: 0
plan limit 9980
no goal cnt in pibt 0
num of waits: 805
current timestep 1234
new free agents: 0
plan limit 9980
no goal cnt in pibt 0
num of waits: 778
current timestep 1235
new free agents: 0
plan limit 9980
no goal cnt in pibt 0
num of waits: 828
current timestep 1236
new free agents: 0
plan limit 9980
no goal cnt in pibt 0
num of waits: 778
current timestep 1237
new free agents: 0
plan limit 9980
no goal cnt in pibt 0
num of waits: 798
current timestep 1238
new free agents: 0
plan limit 9980
no goal cnt in pibt 0
num of waits: 762
current timestep 1239
new free agents: 0
plan limit 9980
no goal cnt in pibt 0
num of waits: 809
current timestep 1240
new free agents: 1
plan limit 9980
no goal cnt in pibt 1
num of waits: 834
current timestep 1241
new free agents: 0
plan limit 9980
no goal cnt in pibt 1
num of waits: 870
current timestep 1242
new free agents: 0
num of flexible agents: 580
num of flexible tasks: 580
Solving time: 2.2725 seconds
plan limit 7573
num of waits: 0
num of waits: 750
current timestep 1244
new free agents: 0
plan limit 9980
no goal cnt in pibt 0
num of waits: 816
current timestep 1245
new free agents: 0
plan limit 9980
no goal cnt in pibt 0
num of waits: 802
current timestep 1246
new free agents: 0
plan limit 9980
no goal cnt in pibt 0
num of waits: 770
current timestep 1247
new free agents: 0
plan limit 9980
no goal cnt in pibt 0
num of waits: 734
current timestep 1248
new free agents: 1
plan limit 9979
no goal cnt in pibt 1
num of waits: 766
current timestep 1249
new free agents: 0
plan limit 9979
no goal cnt in pibt 1
num of waits: 822
current timestep 1250
new free agents: 1
plan limit 9980
no goal cnt in pibt 2
num of waits: 805
current timestep 1251
new free agents: 0
plan limit 9980
no goal cnt in pibt 2
num of waits: 769
current timestep 1252
new free agents: 1
plan limit 9980
no goal cnt in pibt 3
num of waits: 839
current timestep 1253
new free agents: 0
num of flexible agents: 579
num of flexible tasks: 579
Solving time: 2.13661 seconds
plan limit 7709
num of waits: 0
num of waits: 867
current timestep 1255
new free agents: 0
plan limit 9979
no goal cnt in pibt 0
num of waits: 804
current timestep 1256
new free agents: 0
plan limit 9980
no goal cnt in pibt 0
num of waits: 787
current timestep 1257
new free agents: 0
plan limit 9980
no goal cnt in pibt 0
num of waits: 821
current timestep 1258
new free agents: 0
plan limit 9980
no goal cnt in pibt 0
num of waits: 784
current timestep 1259
new free agents: 0
plan limit 9980
no goal cnt in pibt 0
num of waits: 747
current timestep 1260
new free agents: 0
plan limit 9980
no goal cnt in pibt 0
num of waits: 776
current timestep 1261
new free agents: 0
plan limit 9979
no goal cnt in pibt 0
num of waits: 776
current timestep 1262
new free agents: 0
plan limit 9980
no goal cnt in pibt 0
num of waits: 793
current timestep 1263
new free agents: 0
plan limit 9980
no goal cnt in pibt 0
num of waits: 823
current timestep 1264
new free agents: 0
num of flexible agents: 576
num of flexible tasks: 576
Solving time: 2.24803 seconds
plan limit 7596
num of waits: 0
num of waits: 801
current timestep 1266
new free agents: 0
plan limit 9980
no goal cnt in pibt 0
num of waits: 774
current timestep 1267
new free agents: 0
plan limit 9980
no goal cnt in pibt 0
num of waits: 776
current timestep 1268
new free agents: 0
plan limit 9980
no goal cnt in pibt 0
num of waits: 735
current timestep 1269
new free agents: 1
plan limit 9980
no goal cnt in pibt 1
num of waits: 792
current timestep 1270
new free agents: 0
plan limit 9980
no goal cnt in pibt 1
num of waits: 744
current timestep 1271
new free agents: 0
plan limit 9980
no goal cnt in pibt 1
num of waits: 812
current timestep 1272
new free agents: 2
plan limit 9980
no goal cnt in pibt 3
num of waits: 787
current timestep 1273
new free agents: 0
plan limit 9980
no goal cnt in pibt 3
num of waits: 787
current timestep 1274
new free agents: 0
plan limit 9980
no goal cnt in pibt 3
num of waits: 782
current timestep 1275
new free agents: 0
num of flexible agents: 578
num of flexible tasks: 578
Solving time: 2.21996 seconds
plan limit 7620
num of waits: 0
num of waits: 901
current timestep 1277
new free agents: 0
plan limit 9980
no goal cnt in pibt 0
num of waits: 912
current timestep 1278
new free agents: 0
plan limit 9980
no goal cnt in pibt 0
num of waits: 828
current timestep 1279
new free agents: 0
plan limit 9980
no goal cnt in pibt 0
num of waits: 794
current timestep 1280
new free agents: 0
plan limit 9980
no goal cnt in pibt 0
num of waits: 901
current timestep 1281
new free agents: 1
plan limit 9980
no goal cnt in pibt 1
num of waits: 899
current timestep 1282
new free agents: 0
plan limit 9980
no goal cnt in pibt 1
num of waits: 821
current timestep 1283
new free agents: 0
plan limit 9980
no goal cnt in pibt 1
num of waits: 751
current timestep 1284
new free agents: 0
plan limit 9980
no goal cnt in pibt 1
num of waits: 763
current timestep 1285
new free agents: 0
plan limit 9980
no goal cnt in pibt 1
num of waits: 821
current timestep 1286
new free agents: 0
num of flexible agents: 579
num of flexible tasks: 579
Solving time: 2.17589 seconds
plan limit 7667
num of waits: 0
num of waits: 782
current timestep 1288
new free agents: 0
plan limit 9980
no goal cnt in pibt 0
num of waits: 862
current timestep 1289
new free agents: 0
plan limit 9980
no goal cnt in pibt 0
num of waits: 793
current timestep 1290
new free agents: 0
plan limit 9980
no goal cnt in pibt 0
num of waits: 779
current timestep 1291
new free agents: 0
plan limit 9980
no goal cnt in pibt 0
num of waits: 883
current timestep 1292
new free agents: 0
plan limit 9980
no goal cnt in pibt 0
num of waits: 818
current timestep 1293
new free agents: 0
plan limit 9980
no goal cnt in pibt 0
num of waits: 804
current timestep 1294
new free agents: 0
plan limit 9980
no goal cnt in pibt 0
num of waits: 893
current timestep 1295
new free agents: 0
plan limit 9980
no goal cnt in pibt 0
num of waits: 850
current timestep 1296
new free agents: 0
plan limit 9980
no goal cnt in pibt 0
num of waits: 809
current timestep 1297
new free agents: 0
num of flexible agents: 578
num of flexible tasks: 578
Solving time: 2.19098 seconds
plan limit 7652
num of waits: 0
num of waits: 907
current timestep 1299
new free agents: 0
plan limit 9980
no goal cnt in pibt 0
num of waits: 890
current timestep 1300
new free agents: 0
plan limit 9980
no goal cnt in pibt 0
num of waits: 868
current timestep 1301
new free agents: 0
plan limit 9980
no goal cnt in pibt 0
num of waits: 754
current timestep 1302
new free agents: 0
plan limit 9980
no goal cnt in pibt 0
num of waits: 773
current timestep 1303
new free agents: 0
plan limit 9980
no goal cnt in pibt 0
num of waits: 820
current timestep 1304
new free agents: 0
plan limit 9980
no goal cnt in pibt 0
num of waits: 901
current timestep 1305
new free agents: 0
plan limit 9980
no goal cnt in pibt 0
num of waits: 753
current timestep 1306
new free agents: 0
plan limit 9979
no goal cnt in pibt 0
num of waits: 844
current timestep 1307
new free agents: 0
plan limit 9980
no goal cnt in pibt 0
num of waits: 798
current timestep 1308
new free agents: 0
num of flexible agents: 574
num of flexible tasks: 574
Solving time: 2.1596 seconds
plan limit 7687
num of waits: 0
num of waits: 990
current timestep 1310
new free agents: 0
plan limit 9980
no goal cnt in pibt 0
num of waits: 850
current timestep 1311
new free agents: 0
plan limit 9980
no goal cnt in pibt 0
num of waits: 798
current timestep 1312
new free agents: 0
plan limit 9980
no goal cnt in pibt 0
num of waits: 799
current timestep 1313
new free agents: 0
plan limit 9980
no goal cnt in pibt 0
num of waits: 772
current timestep 1314
new free agents: 0
plan limit 9980
no goal cnt in pibt 0
num of waits: 843
current timestep 1315
new free agents: 0
plan limit 9980
no goal cnt in pibt 0
num of waits: 873
current timestep 1316
new free agents: 1
plan limit 9979
no goal cnt in pibt 1
num of waits: 744
current timestep 1317
new free agents: 0
plan limit 9980
no goal cnt in pibt 1
num of waits: 790
current timestep 1318
new free agents: 1
plan limit 9980
no goal cnt in pibt 2
num of waits: 822
current timestep 1319
new free agents: 0
num of flexible agents: 576
num of flexible tasks: 576
Solving time: 2.11411 seconds
plan limit 7730
num of waits: 0
num of waits: 827
current timestep 1321
new free agents: 0
plan limit 9980
no goal cnt in pibt 0
num of waits: 832
current timestep 1322
new free agents: 0
plan limit 9979
no goal cnt in pibt 0
num of waits: 806
current timestep 1323
new free agents: 0
plan limit 9980
no goal cnt in pibt 0
num of waits: 787
current timestep 1324
new free agents: 0
plan limit 9980
no goal cnt in pibt 0
num of waits: 765
current timestep 1325
new free agents: 1
plan limit 9980
no goal cnt in pibt 1
num of waits: 809
current timestep 1326
new free agents: 0
plan limit 9980
no goal cnt in pibt 1
num of waits: 806
current timestep 1327
new free agents: 0
plan limit 9980
no goal cnt in pibt 1
num of waits: 759
current timestep 1328
new free agents: 0
plan limit 9980
no goal cnt in pibt 1
num of waits: 771
current timestep 1329
new free agents: 0
plan limit 9980
no goal cnt in pibt 1
num of waits: 766
current timestep 1330
new free agents: 0
num of flexible agents: 575
num of flexible tasks: 575
Solving time: 2.21099 seconds
plan limit 7627
num of waits: 0
num of waits: 845
current timestep 1332
new free agents: 0
plan limit 9980
no goal cnt in pibt 0
num of waits: 760
current timestep 1333
new free agents: 0
plan limit 9980
no goal cnt in pibt 0
num of waits: 768
current timestep 1334
new free agents: 0
plan limit 9980
no goal cnt in pibt 0
num of waits: 724
current timestep 1335
new free agents: 0
plan limit 9980
no goal cnt in pibt 0
num of waits: 806
current timestep 1336
new free agents: 0
plan limit 9980
no goal cnt in pibt 0
num of waits: 832
current timestep 1337
new free agents: 0
plan limit 9980
no goal cnt in pibt 0
num of waits: 894
current timestep 1338
new free agents: 0
plan limit 9980
no goal cnt in pibt 0
num of waits: 799
current timestep 1339
new free agents: 0
plan limit 9980
no goal cnt in pibt 0
num of waits: 793
current timestep 1340
new free agents: 0
plan limit 9980
no goal cnt in pibt 0
num of waits: 718
current timestep 1341
new free agents: 0
num of flexible agents: 575
num of flexible tasks: 575
Solving time: 2.17676 seconds
plan limit 7670
num of waits: 0
num of waits: 734
current timestep 1343
new free agents: 0
plan limit 9980
no goal cnt in pibt 0
num of waits: 797
current timestep 1344
new free agents: 0
plan limit 9979
no goal cnt in pibt 0
num of waits: 787
current timestep 1345
new free agents: 0
plan limit 9979
no goal cnt in pibt 0
num of waits: 736
current timestep 1346
new free agents: 1
plan limit 9980
no goal cnt in pibt 1
num of waits: 754
current timestep 1347
new free agents: 0
plan limit 9980
no goal cnt in pibt 1
num of waits: 844
current timestep 1348
new free agents: 0
plan limit 9980
no goal cnt in pibt 1
num of waits: 782
current timestep 1349
new free agents: 0
plan limit 9980
no goal cnt in pibt 1
num of waits: 713
current timestep 1350
new free agents: 0
plan limit 9980
no goal cnt in pibt 1
num of waits: 802
current timestep 1351
new free agents: 0
plan limit 9980
no goal cnt in pibt 1
num of waits: 804
current timestep 1352
new free agents: 0
num of flexible agents: 575
num of flexible tasks: 575
Solving time: 2.14491 seconds
plan limit 7698
num of waits: 0
num of waits: 835
current timestep 1354
new free agents: 0
plan limit 9980
no goal cnt in pibt 0
num of waits: 857
current timestep 1355
new free agents: 0
plan limit 9980
no goal cnt in pibt 0
num of waits: 860
current timestep 1356
new free agents: 0
plan limit 9980
no goal cnt in pibt 0
num of waits: 774
current timestep 1357
new free agents: 0
plan limit 9980
no goal cnt in pibt 0
num of waits: 753
current timestep 1358
new free agents: 0
plan limit 9980
no goal cnt in pibt 0
num of waits: 722
current timestep 1359
new free agents: 0
plan limit 9980
no goal cnt in pibt 0
num of waits: 739
current timestep 1360
new free agents: 0
plan limit 9980
no goal cnt in pibt 0
num of waits: 703
current timestep 1361
new free agents: 0
plan limit 9980
no goal cnt in pibt 0
num of waits: 811
current timestep 1362
new free agents: 0
plan limit 9980
no goal cnt in pibt 0
num of waits: 799
current timestep 1363
new free agents: 0
num of flexible agents: 575
num of flexible tasks: 575
Solving time: 2.1685 seconds
plan limit 7668
num of waits: 0
num of waits: 843
current timestep 1365
new free agents: 1
plan limit 9980
no goal cnt in pibt 1
num of waits: 737
current timestep 1366
new free agents: 0
plan limit 9980
no goal cnt in pibt 1
num of waits: 813
current timestep 1367
new free agents: 0
plan limit 9980
no goal cnt in pibt 1
num of waits: 848
current timestep 1368
new free agents: 0
plan limit 9980
no goal cnt in pibt 1
num of waits: 812
current timestep 1369
new free agents: 0
plan limit 9980
no goal cnt in pibt 1
num of waits: 838
current timestep 1370
new free agents: 0
plan limit 9980
no goal cnt in pibt 1
num of waits: 847
current timestep 1371
new free agents: 0
plan limit 9980
no goal cnt in pibt 1
num of waits: 768
current timestep 1372
new free agents: 0
plan limit 9980
no goal cnt in pibt 1
num of waits: 793
current timestep 1373
new free agents: 0
plan limit 9979
no goal cnt in pibt 1
num of waits: 742
current timestep 1374
new free agents: 0
num of flexible agents: 575
num of flexible tasks: 575
Solving time: 2.45581 seconds
plan limit 7382
num of waits: 0
num of waits: 842
current timestep 1376
new free agents: 0
plan limit 9980
no goal cnt in pibt 0
num of waits: 836
current timestep 1377
new free agents: 0
plan limit 9980
no goal cnt in pibt 0
num of waits: 872
current timestep 1378
new free agents: 0
plan limit 9980
no goal cnt in pibt 0
num of waits: 842
current timestep 1379
new free agents: 0
plan limit 9980
no goal cnt in pibt 0
num of waits: 745
current timestep 1380
new free agents: 0
plan limit 9980
no goal cnt in pibt 0
num of waits: 785
current timestep 1381
new free agents: 0
plan limit 9980
no goal cnt in pibt 0
num of waits: 783
current timestep 1382
new free agents: 0
plan limit 9980
no goal cnt in pibt 0
num of waits: 800
current timestep 1383
new free agents: 0
plan limit 9980
no goal cnt in pibt 0
num of waits: 894
current timestep 1384
new free agents: 0
plan limit 9980
no goal cnt in pibt 0
num of waits: 842
current timestep 1385
new free agents: 0
num of flexible agents: 574
num of flexible tasks: 574
Solving time: 2.24164 seconds
plan limit 7599
num of waits: 0
num of waits: 856
current timestep 1387
new free agents: 1
plan limit 9980
no goal cnt in pibt 1
num of waits: 808
current timestep 1388
new free agents: 1
plan limit 9980
no goal cnt in pibt 2
num of waits: 828
current timestep 1389
new free agents: 0
plan limit 9980
no goal cnt in pibt 2
num of waits: 859
current timestep 1390
new free agents: 0
plan limit 9980
no goal cnt in pibt 2
num of waits: 814
current timestep 1391
new free agents: 0
plan limit 9980
no goal cnt in pibt 2
num of waits: 741
current timestep 1392
new free agents: 0
plan limit 9980
no goal cnt in pibt 2
num of waits: 845
current timestep 1393
new free agents: 0
plan limit 9980
no goal cnt in pibt 2
num of waits: 812
current timestep 1394
new free agents: 0
plan limit 9979
no goal cnt in pibt 2
num of waits: 793
current timestep 1395
new free agents: 0
plan limit 9979
no goal cnt in pibt 2
num of waits: 766
current timestep 1396
new free agents: 0
num of flexible agents: 576
num of flexible tasks: 576
Solving time: 2.33344 seconds
plan limit 7511
num of waits: 0
num of waits: 764
current timestep 1398
new free agents: 0
plan limit 9980
no goal cnt in pibt 0
num of waits: 803
current timestep 1399
new free agents: 0
plan limit 9980
no goal cnt in pibt 0
num of waits: 868
current timestep 1400
new free agents: 0
plan limit 9980
no goal cnt in pibt 0
num of waits: 803
current timestep 1401
new free agents: 0
plan limit 9980
no goal cnt in pibt 0
num of waits: 765
current timestep 1402
new free agents: 0
plan limit 9980
no goal cnt in pibt 0
num of waits: 809
current timestep 1403
new free agents: 0
plan limit 9980
no goal cnt in pibt 0
num of waits: 878
current timestep 1404
new free agents: 0
plan limit 9980
no goal cnt in pibt 0
num of waits: 907
current timestep 1405
new free agents: 0
plan limit 9980
no goal cnt in pibt 0
num of waits: 723
current timestep 1406
new free agents: 0
plan limit 9980
no goal cnt in pibt 0
num of waits: 796
current timestep 1407
new free agents: 0
num of flexible agents: 574
num of flexible tasks: 574
Solving time: 2.28299 seconds
plan limit 7562
num of waits: 0
num of waits: 831
current timestep 1409
new free agents: 0
plan limit 9980
no goal cnt in pibt 0
num of waits: 769
current timestep 1410
new free agents: 0
plan limit 9980
no goal cnt in pibt 0
num of waits: 783
current timestep 1411
new free agents: 0
plan limit 9980
no goal cnt in pibt 0
num of waits: 807
current timestep 1412
new free agents: 0
plan limit 9980
no goal cnt in pibt 0
num of waits: 762
current timestep 1413
new free agents: 0
plan limit 9980
no goal cnt in pibt 0
num of waits: 886
current timestep 1414
new free agents: 0
plan limit 9980
no goal cnt in pibt 0
num of waits: 778
current timestep 1415
new free agents: 0
plan limit 9980
no goal cnt in pibt 0
num of waits: 807
current timestep 1416
new free agents: 1
plan limit 9980
no goal cnt in pibt 1
num of waits: 796
current timestep 1417
new free agents: 1
plan limit 9980
no goal cnt in pibt 2
num of waits: 769
current timestep 1418
new free agents: 0
num of flexible agents: 576
num of flexible tasks: 576
Solving time: 2.42273 seconds
plan limit 7422
num of waits: 0
num of waits: 823
current timestep 1420
new free agents: 0
plan limit 9980
no goal cnt in pibt 0
num of waits: 833
current timestep 1421
new free agents: 0
plan limit 9980
no goal cnt in pibt 0
num of waits: 803
current timestep 1422
new free agents: 0
plan limit 9980
no goal cnt in pibt 0
num of waits: 835
current timestep 1423
new free agents: 0
plan limit 9980
no goal cnt in pibt 0
num of waits: 768
current timestep 1424
new free agents: 0
plan limit 9980
no goal cnt in pibt 0
num of waits: 791
current timestep 1425
new free agents: 0
plan limit 9980
no goal cnt in pibt 0
num of waits: 738
current timestep 1426
new free agents: 0
plan limit 9980
no goal cnt in pibt 0
num of waits: 867
current timestep 1427
new free agents: 0
plan limit 9980
no goal cnt in pibt 0
num of waits: 810
current timestep 1428
new free agents: 0
plan limit 9980
no goal cnt in pibt 0
num of waits: 738
current timestep 1429
new free agents: 1
num of flexible agents: 576
num of flexible tasks: 576
Solving time: 2.36358 seconds
plan limit 7470
num of waits: 0
num of waits: 802
current timestep 1431
new free agents: 0
plan limit 9980
no goal cnt in pibt 0
num of waits: 791
current timestep 1432
new free agents: 1
plan limit 9980
no goal cnt in pibt 1
num of waits: 731
current timestep 1433
new free agents: 1
plan limit 9980
no goal cnt in pibt 2
num of waits: 795
current timestep 1434
new free agents: 0
plan limit 9980
no goal cnt in pibt 2
num of waits: 785
current timestep 1435
new free agents: 0
plan limit 9980
no goal cnt in pibt 2
num of waits: 789
current timestep 1436
new free agents: 0
plan limit 9980
no goal cnt in pibt 2
num of waits: 770
current timestep 1437
new free agents: 0
plan limit 9980
no goal cnt in pibt 2
num of waits: 848
current timestep 1438
new free agents: 0
plan limit 9980
no goal cnt in pibt 2
num of waits: 752
current timestep 1439
new free agents: 0
plan limit 9980
no goal cnt in pibt 2
num of waits: 785
current timestep 1440
new free agents: 0
num of flexible agents: 577
num of flexible tasks: 577
Solving time: 2.33786 seconds
plan limit 7501
num of waits: 0
num of waits: 791
current timestep 1442
new free agents: 0
plan limit 9980
no goal cnt in pibt 0
num of waits: 780
current timestep 1443
new free agents: 0
plan limit 9980
no goal cnt in pibt 0
num of waits: 828
current timestep 1444
new free agents: 0
plan limit 9980
no goal cnt in pibt 0
num of waits: 916
current timestep 1445
new free agents: 0
plan limit 9980
no goal cnt in pibt 0
num of waits: 832
current timestep 1446
new free agents: 0
plan limit 9980
no goal cnt in pibt 0
num of waits: 864
current timestep 1447
new free agents: 0
plan limit 9980
no goal cnt in pibt 0
num of waits: 811
current timestep 1448
new free agents: 0
plan limit 9980
no goal cnt in pibt 0
num of waits: 949
current timestep 1449
new free agents: 0
plan limit 9980
no goal cnt in pibt 0
num of waits: 827
current timestep 1450
new free agents: 0
plan limit 9980
no goal cnt in pibt 0
num of waits: 785
current timestep 1451
new free agents: 0
num of flexible agents: 576
num of flexible tasks: 576
Solving time: 2.37773 seconds
plan limit 7467
num of waits: 0
num of waits: 769
current timestep 1453
new free agents: 0
plan limit 9980
no goal cnt in pibt 0
num of waits: 824
current timestep 1454
new free agents: 0
plan limit 9980
no goal cnt in pibt 0
num of waits: 774
current timestep 1455
new free agents: 0
plan limit 9979
no goal cnt in pibt 0
num of waits: 813
current timestep 1456
new free agents: 0
plan limit 9980
no goal cnt in pibt 0
num of waits: 741
current timestep 1457
new free agents: 0
plan limit 9980
no goal cnt in pibt 0
num of waits: 827
current timestep 1458
new free agents: 0
plan limit 9980
no goal cnt in pibt 0
num of waits: 789
current timestep 1459
new free agents: 0
plan limit 9980
no goal cnt in pibt 0
num of waits: 824
current timestep 1460
new free agents: 0
plan limit 9980
no goal cnt in pibt 0
num of waits: 861
current timestep 1461
new free agents: 1
plan limit 9980
no goal cnt in pibt 1
num of waits: 793
current timestep 1462
new free agents: 1
num of flexible agents: 578
num of flexible tasks: 578
Solving time: 2.27811 seconds
plan limit 7565
num of waits: 0
num of waits: 777
current timestep 1464
new free agents: 0
plan limit 9980
no goal cnt in pibt 0
num of waits: 838
current timestep 1465
new free agents: 0
plan limit 9980
no goal cnt in pibt 0
num of waits: 804
current timestep 1466
new free agents: 0
plan limit 9980
no goal cnt in pibt 0
num of waits: 838
current timestep 1467
new free agents: 0
plan limit 9980
no goal cnt in pibt 0
num of waits: 780
current timestep 1468
new free agents: 0
plan limit 9980
no goal cnt in pibt 0
num of waits: 857
current timestep 1469
new free agents: 0
plan limit 9979
no goal cnt in pibt 0
num of waits: 776
current timestep 1470
new free agents: 0
plan limit 9980
no goal cnt in pibt 0
num of waits: 819
current timestep 1471
new free agents: 0
plan limit 9980
no goal cnt in pibt 0
num of waits: 870
current timestep 1472
new free agents: 0
plan limit 9980
no goal cnt in pibt 0
num of waits: 732
current timestep 1473
new free agents: 0
num of flexible agents: 578
num of flexible tasks: 578
Solving time: 2.37081 seconds
plan limit 7474
num of waits: 0
num of waits: 815
current timestep 1475
new free agents: 0
plan limit 9980
no goal cnt in pibt 0
num of waits: 799
current timestep 1476
new free agents: 0
plan limit 9980
no goal cnt in pibt 0
num of waits: 838
current timestep 1477
new free agents: 0
plan limit 9980
no goal cnt in pibt 0
num of waits: 833
current timestep 1478
new free agents: 0
plan limit 9980
no goal cnt in pibt 0
num of waits: 915
current timestep 1479
new free agents: 0
plan limit 9980
no goal cnt in pibt 0
num of waits: 822
current timestep 1480
new free agents: 0
plan limit 9980
no goal cnt in pibt 0
num of waits: 801
current timestep 1481
new free agents: 0
plan limit 9980
no goal cnt in pibt 0
num of waits: 859
current timestep 1482
new free agents: 0
plan limit 9980
no goal cnt in pibt 0
num of waits: 836
current timestep 1483
new free agents: 0
plan limit 9980
no goal cnt in pibt 0
num of waits: 910
current timestep 1484
new free agents: 1
num of flexible agents: 579
num of flexible tasks: 579
Solving time: 2.2943 seconds
plan limit 7550
num of waits: 0
num of waits: 803
current timestep 1486
new free agents: 0
plan limit 9980
no goal cnt in pibt 0
num of waits: 846
current timestep 1487
new free agents: 1
plan limit 9980
no goal cnt in pibt 1
num of waits: 792
current timestep 1488
new free agents: 0
plan limit 9980
no goal cnt in pibt 1
num of waits: 790
current timestep 1489
new free agents: 1
plan limit 9980
no goal cnt in pibt 2
num of waits: 798
current timestep 1490
new free agents: 0
plan limit 9980
no goal cnt in pibt 2
num of waits: 799
current timestep 1491
new free agents: 0
plan limit 9980
no goal cnt in pibt 2
num of waits: 807
current timestep 1492
new free agents: 0
plan limit 9980
no goal cnt in pibt 2
num of waits: 812
current timestep 1493
new free agents: 0
plan limit 9980
no goal cnt in pibt 2
num of waits: 790
current timestep 1494
new free agents: 1
plan limit 9980
no goal cnt in pibt 3
num of waits: 826
current timestep 1495
new free agents: 0
num of flexible agents: 582
num of flexible tasks: 582
Solving time: 2.36408 seconds
plan limit 7481
num of waits: 0
num of waits: 1002
current timestep 1497
new free agents: 0
plan limit 9980
no goal cnt in pibt 0
num of waits: 874
current timestep 1498
new free agents: 1
plan limit 9980
no goal cnt in pibt 1
num of waits: 794
current timestep 1499
new free agents: 0
plan limit 9980
no goal cnt in pibt 1
num of waits: 856
current timestep 1500
new free agents: 0
plan limit 9980
no goal cnt in pibt 1
num of waits: 858
current timestep 1501
new free agents: 0
plan limit 9980
no goal cnt in pibt 1
num of waits: 727
current timestep 1502
new free agents: 0
plan limit 9980
no goal cnt in pibt 1
num of waits: 822
current timestep 1503
new free agents: 0
plan limit 9980
no goal cnt in pibt 1
num of waits: 769
current timestep 1504
new free agents: 0
plan limit 9980
no goal cnt in pibt 1
num of waits: 867
current timestep 1505
new free agents: 0
plan limit 9980
no goal cnt in pibt 1
num of waits: 879
current timestep 1506
new free agents: 0
num of flexible agents: 583
num of flexible tasks: 583
Solving time: 2.47745 seconds
plan limit 7368
num of waits: 0
num of waits: 937
current timestep 1508
new free agents: 0
plan limit 9980
no goal cnt in pibt 0
num of waits: 786
current timestep 1509
new free agents: 1
plan limit 9980
no goal cnt in pibt 1
num of waits: 880
current timestep 1510
new free agents: 0
plan limit 9980
no goal cnt in pibt 1
num of waits: 797
current timestep 1511
new free agents: 0
plan limit 9980
no goal cnt in pibt 1
num of waits: 855
current timestep 1512
new free agents: 1
plan limit 9980
no goal cnt in pibt 2
num of waits: 929
current timestep 1513
new free agents: 0
plan limit 9980
no goal cnt in pibt 2
num of waits: 836
current timestep 1514
new free agents: 0
plan limit 9980
no goal cnt in pibt 2
num of waits: 871
current timestep 1515
new free agents: 0
plan limit 9980
no goal cnt in pibt 2
num of waits: 795
current timestep 1516
new free agents: 2
plan limit 9980
no goal cnt in pibt 4
num of waits: 842
current timestep 1517
new free agents: 0
num of flexible agents: 586
num of flexible tasks: 586
Solving time: 2.36553 seconds
plan limit 7477
num of waits: 0
num of waits: 960
current timestep 1519
new free agents: 0
plan limit 9980
no goal cnt in pibt 0
num of waits: 766
current timestep 1520
new free agents: 0
plan limit 9980
no goal cnt in pibt 0
num of waits: 893
current timestep 1521
new free agents: 0
plan limit 9980
no goal cnt in pibt 0
num of waits: 881
current timestep 1522
new free agents: 0
plan limit 9980
no goal cnt in pibt 0
num of waits: 793
current timestep 1523
new free agents: 0
plan limit 9980
no goal cnt in pibt 0
num of waits: 902
current timestep 1524
new free agents: 0
plan limit 9980
no goal cnt in pibt 0
num of waits: 854
current timestep 1525
new free agents: 0
plan limit 9980
no goal cnt in pibt 0
num of waits: 848
current timestep 1526
new free agents: 0
plan limit 9980
no goal cnt in pibt 0
num of waits: 836
current timestep 1527
new free agents: 0
plan limit 9980
no goal cnt in pibt 0
num of waits: 858
current timestep 1528
new free agents: 0
num of flexible agents: 585
num of flexible tasks: 585
Solving time: 2.40417 seconds
plan limit 7437
num of waits: 0
num of waits: 795
current timestep 1530
new free agents: 0
plan limit 9980
no goal cnt in pibt 0
num of waits: 817
current timestep 1531
new free agents: 0
plan limit 9980
no goal cnt in pibt 0
num of waits: 883
current timestep 1532
new free agents: 0
plan limit 9979
no goal cnt in pibt 0
num of waits: 796
current timestep 1533
new free agents: 0
plan limit 9980
no goal cnt in pibt 0
num of waits: 819
current timestep 1534
new free agents: 0
plan limit 9980
no goal cnt in pibt 0
num of waits: 853
current timestep 1535
new free agents: 0
plan limit 9980
no goal cnt in pibt 0
num of waits: 815
current timestep 1536
new free agents: 0
plan limit 9980
no goal cnt in pibt 0
num of waits: 834
current timestep 1537
new free agents: 0
plan limit 9980
no goal cnt in pibt 0
num of waits: 749
current timestep 1538
new free agents: 0
plan limit 9980
no goal cnt in pibt 0
num of waits: 851
current timestep 1539
new free agents: 0
num of flexible agents: 582
num of flexible tasks: 582
Solving time: 2.29625 seconds
plan limit 7543
num of waits: 0
num of waits: 837
current timestep 1541
new free agents: 0
plan limit 9980
no goal cnt in pibt 0
num of waits: 860
current timestep 1542
new free agents: 0
plan limit 9980
no goal cnt in pibt 0
num of waits: 795
current timestep 1543
new free agents: 0
plan limit 9980
no goal cnt in pibt 0
num of waits: 766
current timestep 1544
new free agents: 0
plan limit 9980
no goal cnt in pibt 0
num of waits: 746
current timestep 1545
new free agents: 0
plan limit 9980
no goal cnt in pibt 0
num of waits: 871
current timestep 1546
new free agents: 0
plan limit 9980
no goal cnt in pibt 0
num of waits: 839
current timestep 1547
new free agents: 0
plan limit 9980
no goal cnt in pibt 0
num of waits: 787
current timestep 1548
new free agents: 0
plan limit 9980
no goal cnt in pibt 0
num of waits: 826
current timestep 1549
new free agents: 0
plan limit 9980
no goal cnt in pibt 0
num of waits: 809
current timestep 1550
new free agents: 0
num of flexible agents: 582
num of flexible tasks: 582
Solving time: 2.38436 seconds
plan limit 7459
num of waits: 0
num of waits: 750
current timestep 1552
new free agents: 0
plan limit 9980
no goal cnt in pibt 0
num of waits: 854
current timestep 1553
new free agents: 0
plan limit 9980
no goal cnt in pibt 0
num of waits: 765
current timestep 1554
new free agents: 0
plan limit 9980
no goal cnt in pibt 0
num of waits: 806
current timestep 1555
new free agents: 0
plan limit 9980
no goal cnt in pibt 0
num of waits: 845
current timestep 1556
new free agents: 1
plan limit 9980
no goal cnt in pibt 1
num of waits: 773
current timestep 1557
new free agents: 0
plan limit 9980
no goal cnt in pibt 1
num of waits: 830
current timestep 1558
new free agents: 0
plan limit 9980
no goal cnt in pibt 1
num of waits: 787
current timestep 1559
new free agents: 0
plan limit 9980
no goal cnt in pibt 1
num of waits: 787
current timestep 1560
new free agents: 0
plan limit 9980
no goal cnt in pibt 1
num of waits: 843
current timestep 1561
new free agents: 1
num of flexible agents: 581
num of flexible tasks: 581
Solving time: 2.3134 seconds
plan limit 7531
num of waits: 0
num of waits: 795
current timestep 1563
new free agents: 0
plan limit 9980
no goal cnt in pibt 0
num of waits: 761
current timestep 1564
new free agents: 1
plan limit 9980
no goal cnt in pibt 1
num of waits: 796
current timestep 1565
new free agents: 0
plan limit 9980
no goal cnt in pibt 1
num of waits: 812
current timestep 1566
new free agents: 0
plan limit 9980
no goal cnt in pibt 1
num of waits: 845
current timestep 1567
new free agents: 0
plan limit 9980
no goal cnt in pibt 1
num of waits: 853
current timestep 1568
new free agents: 0
plan limit 9980
no goal cnt in pibt 1
num of waits: 772
current timestep 1569
new free agents: 0
plan limit 9980
no goal cnt in pibt 1
num of waits: 805
current timestep 1570
new free agents: 0
plan limit 9980
no goal cnt in pibt 1
num of waits: 798
current timestep 1571
new free agents: 0
plan limit 9980
no goal cnt in pibt 1
num of waits: 849
current timestep 1572
new free agents: 1
num of flexible agents: 580
num of flexible tasks: 580
Solving time: 2.40718 seconds
plan limit 7438
num of waits: 0
num of waits: 823
current timestep 1574
new free agents: 0
plan limit 9980
no goal cnt in pibt 0
num of waits: 893
current timestep 1575
new free agents: 0
plan limit 9980
no goal cnt in pibt 0
num of waits: 796
current timestep 1576
new free agents: 0
plan limit 9980
no goal cnt in pibt 0
num of waits: 897
current timestep 1577
new free agents: 0
plan limit 9980
no goal cnt in pibt 0
num of waits: 826
current timestep 1578
new free agents: 0
plan limit 9980
no goal cnt in pibt 0
num of waits: 773
current timestep 1579
new free agents: 1
plan limit 9980
no goal cnt in pibt 1
num of waits: 797
current timestep 1580
new free agents: 0
plan limit 9980
no goal cnt in pibt 1
num of waits: 766
current timestep 1581
new free agents: 1
plan limit 9980
no goal cnt in pibt 2
num of waits: 831
current timestep 1582
new free agents: 1
plan limit 9980
no goal cnt in pibt 3
num of waits: 812
current timestep 1583
new free agents: 0
num of flexible agents: 583
num of flexible tasks: 583
Solving time: 2.41118 seconds
plan limit 7432
num of waits: 0
num of waits: 804
current timestep 1585
new free agents: 0
plan limit 9980
no goal cnt in pibt 0
num of waits: 780
current timestep 1586
new free agents: 1
plan limit 9980
no goal cnt in pibt 1
num of waits: 879
current timestep 1587
new free agents: 0
plan limit 9980
no goal cnt in pibt 1
num of waits: 820
current timestep 1588
new free agents: 0
plan limit 9980
no goal cnt in pibt 1
num of waits: 864
current timestep 1589
new free agents: 0
plan limit 9980
no goal cnt in pibt 1
num of waits: 842
current timestep 1590
new free agents: 0
plan limit 9980
no goal cnt in pibt 1
num of waits: 725
current timestep 1591
new free agents: 0
plan limit 9980
no goal cnt in pibt 1
num of waits: 847
current timestep 1592
new free agents: 0
plan limit 9980
no goal cnt in pibt 1
num of waits: 865
current timestep 1593
new free agents: 0
plan limit 9980
no goal cnt in pibt 1
num of waits: 914
current timestep 1594
new free agents: 0
num of flexible agents: 584
num of flexible tasks: 584
Solving time: 2.2707 seconds
plan limit 7575
num of waits: 0
num of waits: 903
current timestep 1596
new free agents: 0
plan limit 9980
no goal cnt in pibt 0
num of waits: 829
current timestep 1597
new free agents: 1
plan limit 9980
no goal cnt in pibt 1
num of waits: 782
current timestep 1598
new free agents: 0
plan limit 9980
no goal cnt in pibt 1
num of waits: 777
current timestep 1599
new free agents: 0
plan limit 9980
no goal cnt in pibt 1
num of waits: 786
current timestep 1600
new free agents: 0
plan limit 9980
no goal cnt in pibt 1
num of waits: 831
current timestep 1601
new free agents: 0
plan limit 9980
no goal cnt in pibt 1
num of waits: 836
current timestep 1602
new free agents: 0
plan limit 9980
no goal cnt in pibt 1
num of waits: 789
current timestep 1603
new free agents: 0
plan limit 9980
no goal cnt in pibt 1
num of waits: 845
current timestep 1604
new free agents: 0
plan limit 9980
no goal cnt in pibt 1
num of waits: 815
current timestep 1605
new free agents: 0
num of flexible agents: 582
num of flexible tasks: 582
Solving time: 2.35179 seconds
plan limit 7494
num of waits: 0
num of waits: 835
current timestep 1607
new free agents: 1
plan limit 9980
no goal cnt in pibt 1
num of waits: 788
current timestep 1608
new free agents: 0
plan limit 9980
no goal cnt in pibt 1
num of waits: 813
current timestep 1609
new free agents: 0
plan limit 9980
no goal cnt in pibt 1
num of waits: 834
current timestep 1610
new free agents: 0
plan limit 9980
no goal cnt in pibt 1
num of waits: 753
current timestep 1611
new free agents: 0
plan limit 9980
no goal cnt in pibt 1
num of waits: 851
current timestep 1612
new free agents: 0
plan limit 9980
no goal cnt in pibt 1
num of waits: 844
current timestep 1613
new free agents: 0
plan limit 9980
no goal cnt in pibt 1
num of waits: 898
current timestep 1614
new free agents: 0
plan limit 9980
no goal cnt in pibt 1
num of waits: 902
current timestep 1615
new free agents: 0
plan limit 9980
no goal cnt in pibt 1
num of waits: 897
current timestep 1616
new free agents: 0
num of flexible agents: 583
num of flexible tasks: 583
Solving time: 2.28083 seconds
plan limit 7564
num of waits: 0
num of waits: 859
current timestep 1618
new free agents: 0
plan limit 9980
no goal cnt in pibt 0
num of waits: 858
current timestep 1619
new free agents: 0
plan limit 9980
no goal cnt in pibt 0
num of waits: 802
current timestep 1620
new free agents: 0
plan limit 9979
no goal cnt in pibt 0
num of waits: 826
current timestep 1621
new free agents: 0
plan limit 9980
no goal cnt in pibt 0
num of waits: 797
current timestep 1622
new free agents: 0
plan limit 9980
no goal cnt in pibt 0
num of waits: 825
current timestep 1623
new free agents: 0
plan limit 9980
no goal cnt in pibt 0
num of waits: 726
current timestep 1624
new free agents: 0
plan limit 9980
no goal cnt in pibt 0
num of waits: 875
current timestep 1625
new free agents: 0
plan limit 9979
no goal cnt in pibt 0
num of waits: 896
current timestep 1626
new free agents: 0
plan limit 9980
no goal cnt in pibt 0
num of waits: 810
current timestep 1627
new free agents: 0
num of flexible agents: 582
num of flexible tasks: 582
Solving time: 2.24181 seconds
plan limit 7592
num of waits: 0
num of waits: 794
current timestep 1629
new free agents: 0
plan limit 9980
no goal cnt in pibt 0
num of waits: 805
current timestep 1630
new free agents: 0
plan limit 9980
no goal cnt in pibt 0
num of waits: 741
current timestep 1631
new free agents: 1
plan limit 9980
no goal cnt in pibt 1
num of waits: 853
current timestep 1632
new free agents: 0
plan limit 9980
no goal cnt in pibt 1
num of waits: 824
current timestep 1633
new free agents: 0
plan limit 9980
no goal cnt in pibt 1
num of waits: 772
current timestep 1634
new free agents: 0
plan limit 9980
no goal cnt in pibt 1
num of waits: 813
current timestep 1635
new free agents: 0
plan limit 9980
no goal cnt in pibt 1
num of waits: 803
current timestep 1636
new free agents: 0
plan limit 9980
no goal cnt in pibt 1
num of waits: 745
current timestep 1637
new free agents: 0
plan limit 9980
no goal cnt in pibt 1
num of waits: 777
current timestep 1638
new free agents: 0
num of flexible agents: 583
num of flexible tasks: 583
Solving time: 2.29788 seconds
plan limit 7547
num of waits: 0
num of waits: 749
current timestep 1640
new free agents: 0
plan limit 9980
no goal cnt in pibt 0
num of waits: 837
current timestep 1641
new free agents: 0
plan limit 9979
no goal cnt in pibt 0
num of waits: 771
current timestep 1642
new free agents: 0
plan limit 9980
no goal cnt in pibt 0
num of waits: 771
current timestep 1643
new free agents: 0
plan limit 9980
no goal cnt in pibt 0
num of waits: 811
current timestep 1644
new free agents: 0
plan limit 9980
no goal cnt in pibt 0
num of waits: 827
current timestep 1645
new free agents: 0
plan limit 9980
no goal cnt in pibt 0
num of waits: 830
current timestep 1646
new free agents: 0
plan limit 9980
no goal cnt in pibt 0
num of waits: 878
current timestep 1647
new free agents: 0
plan limit 9980
no goal cnt in pibt 0
num of waits: 873
current timestep 1648
new free agents: 0
plan limit 9980
no goal cnt in pibt 0
num of waits: 826
current timestep 1649
new free agents: 0
num of flexible agents: 581
num of flexible tasks: 581
Solving time: 2.41252 seconds
plan limit 7434
num of waits: 0
num of waits: 799
current timestep 1651
new free agents: 0
plan limit 9980
no goal cnt in pibt 0
num of waits: 808
current timestep 1652
new free agents: 0
plan limit 9980
no goal cnt in pibt 0
num of waits: 851
current timestep 1653
new free agents: 0
plan limit 9980
no goal cnt in pibt 0
num of waits: 871
current timestep 1654
new free agents: 0
plan limit 9980
no goal cnt in pibt 0
num of waits: 835
current timestep 1655
new free agents: 0
plan limit 9980
no goal cnt in pibt 0
num of waits: 841
current timestep 1656
new free agents: 0
plan limit 9980
no goal cnt in pibt 0
num of waits: 816
current timestep 1657
new free agents: 0
plan limit 9980
no goal cnt in pibt 0
num of waits: 819
current timestep 1658
new free agents: 0
plan limit 9980
no goal cnt in pibt 0
num of waits: 770
current timestep 1659
new free agents: 0
plan limit 9980
no goal cnt in pibt 0
num of waits: 715
current timestep 1660
new free agents: 1
num of flexible agents: 578
num of flexible tasks: 578
Solving time: 2.47711 seconds
plan limit 7368
num of waits: 0
num of waits: 788
current timestep 1662
new free agents: 0
plan limit 9980
no goal cnt in pibt 0
num of waits: 867
current timestep 1663
new free agents: 1
plan limit 9980
no goal cnt in pibt 1
num of waits: 964
current timestep 1664
new free agents: 0
plan limit 9980
no goal cnt in pibt 1
num of waits: 799
current timestep 1665
new free agents: 0
plan limit 9980
no goal cnt in pibt 1
num of waits: 772
current timestep 1666
new free agents: 0
plan limit 9980
no goal cnt in pibt 1
num of waits: 727
current timestep 1667
new free agents: 0
plan limit 9980
no goal cnt in pibt 1
num of waits: 827
current timestep 1668
new free agents: 1
plan limit 9980
no goal cnt in pibt 2
num of waits: 784
current timestep 1669
new free agents: 2
plan limit 9980
no goal cnt in pibt 4
num of waits: 813
current timestep 1670
new free agents: 0
plan limit 9980
no goal cnt in pibt 4
num of waits: 881
current timestep 1671
new free agents: 0
num of flexible agents: 582
num of flexible tasks: 582
Solving time: 2.44751 seconds
plan limit 7393
num of waits: 0
num of waits: 814
current timestep 1673
new free agents: 0
plan limit 9980
no goal cnt in pibt 0
num of waits: 845
current timestep 1674
new free agents: 1
plan limit 9980
no goal cnt in pibt 1
num of waits: 833
current timestep 1675
new free agents: 0
plan limit 9980
no goal cnt in pibt 1
num of waits: 801
current timestep 1676
new free agents: 1
plan limit 9980
no goal cnt in pibt 2
num of waits: 806
current timestep 1677
new free agents: 0
plan limit 9980
no goal cnt in pibt 2
num of waits: 855
current timestep 1678
new free agents: 0
plan limit 9980
no goal cnt in pibt 2
num of waits: 800
current timestep 1679
new free agents: 0
plan limit 9980
no goal cnt in pibt 2
num of waits: 915
current timestep 1680
new free agents: 0
plan limit 9980
no goal cnt in pibt 2
num of waits: 736
current timestep 1681
new free agents: 0
plan limit 9980
no goal cnt in pibt 2
num of waits: 869
current timestep 1682
new free agents: 0
num of flexible agents: 584
num of flexible tasks: 584
Solving time: 2.34139 seconds
plan limit 7502
num of waits: 0
num of waits: 821
current timestep 1684
new free agents: 0
plan limit 9980
no goal cnt in pibt 0
num of waits: 862
current timestep 1685
new free agents: 0
plan limit 9980
no goal cnt in pibt 0
num of waits: 805
current timestep 1686
new free agents: 0
plan limit 9980
no goal cnt in pibt 0
num of waits: 810
current timestep 1687
new free agents: 0
plan limit 9980
no goal cnt in pibt 0
num of waits: 818
current timestep 1688
new free agents: 0
plan limit 9980
no goal cnt in pibt 0
num of waits: 893
current timestep 1689
new free agents: 0
plan limit 9980
no goal cnt in pibt 0
num of waits: 824
current timestep 1690
new free agents: 0
plan limit 9980
no goal cnt in pibt 0
num of waits: 810
current timestep 1691
new free agents: 0
plan limit 9979
no goal cnt in pibt 0
num of waits: 961
current timestep 1692
new free agents: 0
plan limit 9980
no goal cnt in pibt 0
num of waits: 845
current timestep 1693
new free agents: 0
num of flexible agents: 583
num of flexible tasks: 583
Solving time: 2.33958 seconds
plan limit 7506
num of waits: 0
num of waits: 944
current timestep 1695
new free agents: 0
plan limit 9980
no goal cnt in pibt 0
num of waits: 812
current timestep 1696
new free agents: 0
plan limit 9979
no goal cnt in pibt 0
num of waits: 826
current timestep 1697
new free agents: 1
plan limit 9980
no goal cnt in pibt 1
num of waits: 875
current timestep 1698
new free agents: 0
plan limit 9980
no goal cnt in pibt 1
num of waits: 808
current timestep 1699
new free agents: 0
plan limit 9980
no goal cnt in pibt 1
num of waits: 891
current timestep 1700
new free agents: 0
plan limit 9980
no goal cnt in pibt 1
num of waits: 880
current timestep 1701
new free agents: 1
plan limit 9980
no goal cnt in pibt 2
num of waits: 770
current timestep 1702
new free agents: 0
plan limit 9980
no goal cnt in pibt 2
num of waits: 739
current timestep 1703
new free agents: 0
plan limit 9980
no goal cnt in pibt 2
num of waits: 751
current timestep 1704
new free agents: 0
num of flexible agents: 585
num of flexible tasks: 585
Solving time: 2.2733 seconds
plan limit 7573
num of waits: 0
num of waits: 855
current timestep 1706
new free agents: 0
plan limit 9980
no goal cnt in pibt 0
num of waits: 855
current timestep 1707
new free agents: 1
plan limit 9980
no goal cnt in pibt 1
num of waits: 938
current timestep 1708
new free agents: 0
plan limit 9980
no goal cnt in pibt 1
num of waits: 824
current timestep 1709
new free agents: 0
plan limit 9980
no goal cnt in pibt 1
num of waits: 835
current timestep 1710
new free agents: 0
plan limit 9980
no goal cnt in pibt 1
num of waits: 873
current timestep 1711
new free agents: 0
plan limit 9980
no goal cnt in pibt 1
num of waits: 870
current timestep 1712
new free agents: 0
plan limit 9980
no goal cnt in pibt 1
num of waits: 792
current timestep 1713
new free agents: 1
plan limit 9980
no goal cnt in pibt 2
num of waits: 780
current timestep 1714
new free agents: 0
plan limit 9980
no goal cnt in pibt 2
num of waits: 824
current timestep 1715
new free agents: 0
num of flexible agents: 586
num of flexible tasks: 586
Solving time: 2.27294 seconds
plan limit 7573
num of waits: 0
num of waits: 818
current timestep 1717
new free agents: 0
plan limit 9980
no goal cnt in pibt 0
num of waits: 812
current timestep 1718
new free agents: 0
plan limit 9980
no goal cnt in pibt 0
num of waits: 823
current timestep 1719
new free agents: 0
plan limit 9980
no goal cnt in pibt 0
num of waits: 826
current timestep 1720
new free agents: 0
plan limit 9980
no goal cnt in pibt 0
num of waits: 799
current timestep 1721
new free agents: 0
plan limit 9980
no goal cnt in pibt 0
num of waits: 848
current timestep 1722
new free agents: 0
plan limit 9980
no goal cnt in pibt 0
num of waits: 834
current timestep 1723
new free agents: 0
plan limit 9980
no goal cnt in pibt 0
num of waits: 865
current timestep 1724
new free agents: 0
plan limit 9980
no goal cnt in pibt 0
num of waits: 807
current timestep 1725
new free agents: 0
plan limit 9979
no goal cnt in pibt 0
num of waits: 833
current timestep 1726
new free agents: 0
num of flexible agents: 584
num of flexible tasks: 584
Solving time: 2.29346 seconds
plan limit 7547
num of waits: 0
num of waits: 862
current timestep 1728
new free agents: 0
plan limit 9980
no goal cnt in pibt 0
num of waits: 885
current timestep 1729
new free agents: 0
plan limit 9980
no goal cnt in pibt 0
num of waits: 847
current timestep 1730
new free agents: 1
plan limit 9980
no goal cnt in pibt 1
num of waits: 833
current timestep 1731
new free agents: 0
plan limit 9980
no goal cnt in pibt 1
num of waits: 835
current timestep 1732
new free agents: 0
plan limit 9980
no goal cnt in pibt 1
num of waits: 800
current timestep 1733
new free agents: 0
plan limit 9980
no goal cnt in pibt 1
num of waits: 774
current timestep 1734
new free agents: 0
plan limit 9980
no goal cnt in pibt 1
num of waits: 885
current timestep 1735
new free agents: 0
plan limit 9980
no goal cnt in pibt 1
num of waits: 867
current timestep 1736
new free agents: 0
plan limit 9980
no goal cnt in pibt 1
num of waits: 794
current timestep 1737
new free agents: 0
num of flexible agents: 582
num of flexible tasks: 582
Solving time: 2.29131 seconds
plan limit 7554
num of waits: 0
num of waits: 812
current timestep 1739
new free agents: 0
plan limit 9979
no goal cnt in pibt 0
num of waits: 854
current timestep 1740
new free agents: 0
plan limit 9980
no goal cnt in pibt 0
num of waits: 842
current timestep 1741
new free agents: 0
plan limit 9980
no goal cnt in pibt 0
num of waits: 760
current timestep 1742
new free agents: 0
plan limit 9980
no goal cnt in pibt 0
num of waits: 760
current timestep 1743
new free agents: 0
plan limit 9980
no goal cnt in pibt 0
num of waits: 845
current timestep 1744
new free agents: 0
plan limit 9980
no goal cnt in pibt 0
num of waits: 793
current timestep 1745
new free agents: 1
plan limit 9980
no goal cnt in pibt 1
num of waits: 810
current timestep 1746
new free agents: 0
plan limit 9980
no goal cnt in pibt 1
num of waits: 886
current timestep 1747
new free agents: 0
plan limit 9980
no goal cnt in pibt 1
num of waits: 845
current timestep 1748
new free agents: 1
num of flexible agents: 584
num of flexible tasks: 584
Solving time: 2.33957 seconds
plan limit 7505
num of waits: 0
num of waits: 847
current timestep 1750
new free agents: 0
plan limit 9980
no goal cnt in pibt 0
num of waits: 916
current timestep 1751
new free agents: 0
plan limit 9980
no goal cnt in pibt 0
num of waits: 920
current timestep 1752
new free agents: 0
plan limit 9980
no goal cnt in pibt 0
num of waits: 811
current timestep 1753
new free agents: 0
plan limit 9980
no goal cnt in pibt 0
num of waits: 851
current timestep 1754
new free agents: 1
plan limit 9980
no goal cnt in pibt 1
num of waits: 902
current timestep 1755
new free agents: 0
plan limit 9980
no goal cnt in pibt 1
num of waits: 841
current timestep 1756
new free agents: 1
plan limit 9980
no goal cnt in pibt 2
num of waits: 918
current timestep 1757
new free agents: 0
plan limit 9980
no goal cnt in pibt 2
num of waits: 783
current timestep 1758
new free agents: 0
plan limit 9980
no goal cnt in pibt 2
num of waits: 890
current timestep 1759
new free agents: 0
num of flexible agents: 585
num of flexible tasks: 585
Solving time: 2.3183 seconds
plan limit 7526
num of waits: 0
num of waits: 861
current timestep 1761
new free agents: 0
plan limit 9980
no goal cnt in pibt 0
num of waits: 1022
current timestep 1762
new free agents: 0
plan limit 9980
no goal cnt in pibt 0
num of waits: 852
current timestep 1763
new free agents: 0
plan limit 9980
no goal cnt in pibt 0
num of waits: 837
current timestep 1764
new free agents: 0
plan limit 9980
no goal cnt in pibt 0
num of waits: 853
current timestep 1765
new free agents: 0
plan limit 9980
no goal cnt in pibt 0
num of waits: 786
current timestep 1766
new free agents: 0
plan limit 9980
no goal cnt in pibt 0
num of waits: 786
current timestep 1767
new free agents: 0
plan limit 9980
no goal cnt in pibt 0
num of waits: 770
current timestep 1768
new free agents: 0
plan limit 9980
no goal cnt in pibt 0
num of waits: 794
current timestep 1769
new free agents: 0
plan limit 9980
no goal cnt in pibt 0
num of waits: 843
current timestep 1770
new free agents: 0
num of flexible agents: 583
num of flexible tasks: 583
Solving time: 2.34523 seconds
plan limit 7493
num of waits: 0
num of waits: 782
current timestep 1772
new free agents: 1
plan limit 9980
no goal cnt in pibt 1
num of waits: 855
current timestep 1773
new free agents: 0
plan limit 9980
no goal cnt in pibt 1
num of waits: 853
current timestep 1774
new free agents: 0
plan limit 9980
no goal cnt in pibt 1
num of waits: 861
current timestep 1775
new free agents: 0
plan limit 9980
no goal cnt in pibt 1
num of waits: 890
current timestep 1776
new free agents: 0
plan limit 9980
no goal cnt in pibt 1
num of waits: 857
current timestep 1777
new free agents: 0
plan limit 9980
no goal cnt in pibt 1
num of waits: 845
current timestep 1778
new free agents: 0
plan limit 9980
no goal cnt in pibt 1
num of waits: 767
current timestep 1779
new free agents: 0
plan limit 9980
no goal cnt in pibt 1
num of waits: 744
current timestep 1780
new free agents: 0
plan limit 9980
no goal cnt in pibt 1
num of waits: 783
current timestep 1781
new free agents: 0
num of flexible agents: 582
num of flexible tasks: 582
Solving time: 2.29439 seconds
plan limit 7545
num of waits: 0
num of waits: 805
current timestep 1783
new free agents: 0
plan limit 9980
no goal cnt in pibt 0
num of waits: 790
current timestep 1784
new free agents: 0
plan limit 9980
no goal cnt in pibt 0
num of waits: 794
current timestep 1785
new free agents: 0
plan limit 9980
no goal cnt in pibt 0
num of waits: 826
current timestep 1786
new free agents: 0
plan limit 9980
no goal cnt in pibt 0
num of waits: 865
current timestep 1787
new free agents: 0
plan limit 9980
no goal cnt in pibt 0
num of waits: 768
current timestep 1788
new free agents: 1
plan limit 9980
no goal cnt in pibt 1
num of waits: 777
current timestep 1789
new free agents: 0
plan limit 9980
no goal cnt in pibt 1
num of waits: 835
current timestep 1790
new free agents: 0
plan limit 9980
no goal cnt in pibt 1
num of waits: 805
current timestep 1791
new free agents: 0
plan limit 9980
no goal cnt in pibt 1
num of waits: 810
current timestep 1792
new free agents: 0
num of flexible agents: 582
num of flexible tasks: 582
Solving time: 2.2922 seconds
plan limit 7552
num of waits: 0
num of waits: 777
current timestep 1794
new free agents: 0
plan limit 9980
no goal cnt in pibt 0
num of waits: 798
current timestep 1795
new free agents: 0
plan limit 9979
no goal cnt in pibt 0
num of waits: 798
current timestep 1796
new free agents: 0
plan limit 9980
no goal cnt in pibt 0
num of waits: 877
current timestep 1797
new free agents: 0
plan limit 9980
no goal cnt in pibt 0
num of waits: 819
current timestep 1798
new free agents: 0
plan limit 9980
no goal cnt in pibt 0
num of waits: 868
current timestep 1799
new free agents: 0
plan limit 9980
no goal cnt in pibt 0
num of waits: 745
current timestep 1800
new free agents: 1
plan limit 9980
no goal cnt in pibt 1
num of waits: 802
current timestep 1801
new free agents: 0
plan limit 9980
no goal cnt in pibt 1
num of waits: 838
current timestep 1802
new free agents: 0
plan limit 9980
no goal cnt in pibt 1
num of waits: 859
current timestep 1803
new free agents: 0
num of flexible agents: 581
num of flexible tasks: 581
Solving time: 2.36094 seconds
plan limit 7486
num of waits: 0
num of waits: 825
current timestep 1805
new free agents: 0
plan limit 9980
no goal cnt in pibt 0
num of waits: 776
current timestep 1806
new free agents: 0
plan limit 9979
no goal cnt in pibt 0
num of waits: 764
current timestep 1807
new free agents: 0
plan limit 9980
no goal cnt in pibt 0
num of waits: 779
current timestep 1808
new free agents: 0
plan limit 9979
no goal cnt in pibt 0
num of waits: 789
current timestep 1809
new free agents: 0
plan limit 9980
no goal cnt in pibt 0
num of waits: 839
current timestep 1810
new free agents: 0
plan limit 9980
no goal cnt in pibt 0
num of waits: 828
current timestep 1811
new free agents: 0
plan limit 9980
no goal cnt in pibt 0
num of waits: 840
current timestep 1812
new free agents: 0
plan limit 9980
no goal cnt in pibt 0
num of waits: 834
current timestep 1813
new free agents: 0
plan limit 9980
no goal cnt in pibt 0
num of waits: 876
current timestep 1814
new free agents: 0
num of flexible agents: 579
num of flexible tasks: 579
Solving time: 2.2925 seconds
plan limit 7554
num of waits: 0
num of waits: 984
current timestep 1816
new free agents: 0
plan limit 9980
no goal cnt in pibt 0
num of waits: 858
current timestep 1817
new free agents: 0
plan limit 9980
no goal cnt in pibt 0
num of waits: 794
current timestep 1818
new free agents: 0
plan limit 9980
no goal cnt in pibt 0
num of waits: 993
current timestep 1819
new free agents: 0
plan limit 9980
no goal cnt in pibt 0
num of waits: 902
current timestep 1820
new free agents: 1
plan limit 9980
no goal cnt in pibt 1
num of waits: 755
current timestep 1821
new free agents: 0
plan limit 9980
no goal cnt in pibt 1
num of waits: 798
current timestep 1822
new free agents: 0
plan limit 9980
no goal cnt in pibt 1
num of waits: 790
current timestep 1823
new free agents: 0
plan limit 9980
no goal cnt in pibt 1
num of waits: 878
current timestep 1824
new free agents: 0
plan limit 9980
no goal cnt in pibt 1
num of waits: 784
current timestep 1825
new free agents: 0
num of flexible agents: 580
num of flexible tasks: 580
Solving time: 2.21667 seconds
plan limit 7627
num of waits: 0
num of waits: 895
current timestep 1827
new free agents: 0
plan limit 9980
no goal cnt in pibt 0
num of waits: 889
current timestep 1828
new free agents: 0
plan limit 9980
no goal cnt in pibt 0
num of waits: 817
current timestep 1829
new free agents: 0
plan limit 9980
no goal cnt in pibt 0
num of waits: 843
current timestep 1830
new free agents: 0
plan limit 9979
no goal cnt in pibt 0
num of waits: 767
current timestep 1831
new free agents: 0
plan limit 9980
no goal cnt in pibt 0
num of waits: 828
current timestep 1832
new free agents: 0
plan limit 9980
no goal cnt in pibt 0
num of waits: 791
current timestep 1833
new free agents: 0
plan limit 9980
no goal cnt in pibt 0
num of waits: 747
current timestep 1834
new free agents: 0
plan limit 9980
no goal cnt in pibt 0
num of waits: 790
current timestep 1835
new free agents: 0
plan limit 9980
no goal cnt in pibt 0
num of waits: 852
current timestep 1836
new free agents: 0
num of flexible agents: 579
num of flexible tasks: 579
Solving time: 2.34109 seconds
plan limit 7503
num of waits: 0
num of waits: 908
current timestep 1838
new free agents: 0
plan limit 9980
no goal cnt in pibt 0
num of waits: 836
current timestep 1839
new free agents: 0
plan limit 9979
no goal cnt in pibt 0
num of waits: 763
current timestep 1840
new free agents: 0
plan limit 9980
no goal cnt in pibt 0
num of waits: 799
current timestep 1841
new free agents: 0
plan limit 9979
no goal cnt in pibt 0
num of waits: 716
current timestep 1842
new free agents: 0
plan limit 9980
no goal cnt in pibt 0
num of waits: 840
current timestep 1843
new free agents: 0
plan limit 9980
no goal cnt in pibt 0
num of waits: 801
current timestep 1844
new free agents: 0
plan limit 9980
no goal cnt in pibt 0
num of waits: 781
current timestep 1845
new free agents: 0
plan limit 9980
no goal cnt in pibt 0
num of waits: 732
current timestep 1846
new free agents: 0
plan limit 9980
no goal cnt in pibt 0
num of waits: 788
current timestep 1847
new free agents: 0
num of flexible agents: 577
num of flexible tasks: 577
Solving time: 2.25847 seconds
plan limit 7588
num of waits: 0
num of waits: 751
current timestep 1849
new free agents: 0
plan limit 9980
no goal cnt in pibt 0
num of waits: 783
current timestep 1850
new free agents: 0
plan limit 9980
no goal cnt in pibt 0
num of waits: 777
current timestep 1851
new free agents: 0
plan limit 9980
no goal cnt in pibt 0
num of waits: 784
current timestep 1852
new free agents: 0
plan limit 9980
no goal cnt in pibt 0
num of waits: 798
current timestep 1853
new free agents: 0
plan limit 9980
no goal cnt in pibt 0
num of waits: 794
current timestep 1854
new free agents: 0
plan limit 9979
no goal cnt in pibt 0
num of waits: 854
current timestep 1855
new free agents: 0
plan limit 9980
no goal cnt in pibt 0
num of waits: 812
current timestep 1856
new free agents: 0
plan limit 9980
no goal cnt in pibt 0
num of waits: 763
current timestep 1857
new free agents: 0
plan limit 9980
no goal cnt in pibt 0
num of waits: 797
current timestep 1858
new free agents: 1
num of flexible agents: 576
num of flexible tasks: 576
Solving time: 2.33186 seconds
plan limit 7511
num of waits: 0
num of waits: 736
current timestep 1860
new free agents: 0
plan limit 9980
no goal cnt in pibt 0
num of waits: 816
current timestep 1861
new free agents: 0
plan limit 9980
no goal cnt in pibt 0
num of waits: 741
current timestep 1862
new free agents: 0
plan limit 9980
no goal cnt in pibt 0
num of waits: 812
current timestep 1863
new free agents: 0
plan limit 9980
no goal cnt in pibt 0
num of waits: 733
current timestep 1864
new free agents: 0
plan limit 9980
no goal cnt in pibt 0
num of waits: 771
current timestep 1865
new free agents: 0
plan limit 9980
no goal cnt in pibt 0
num of waits: 763
current timestep 1866
new free agents: 0
plan limit 9980
no goal cnt in pibt 0
num of waits: 903
current timestep 1867
new free agents: 0
plan limit 9980
no goal cnt in pibt 0
num of waits: 877
current timestep 1868
new free agents: 0
plan limit 9979
no goal cnt in pibt 0
num of waits: 843
current timestep 1869
new free agents: 0
num of flexible agents: 575
num of flexible tasks: 575
Solving time: 2.34735 seconds
plan limit 7498
num of waits: 0
num of waits: 815
current timestep 1871
new free agents: 0
plan limit 9980
no goal cnt in pibt 0
num of waits: 883
current timestep 1872
new free agents: 0
plan limit 9980
no goal cnt in pibt 0
num of waits: 827
current timestep 1873
new free agents: 0
plan limit 9980
no goal cnt in pibt 0
num of waits: 805
current timestep 1874
new free agents: 0
plan limit 9980
no goal cnt in pibt 0
num of waits: 829
current timestep 1875
new free agents: 0
plan limit 9980
no goal cnt in pibt 0
num of waits: 800
current timestep 1876
new free agents: 0
plan limit 9980
no goal cnt in pibt 0
num of waits: 786
current timestep 1877
new free agents: 0
plan limit 9980
no goal cnt in pibt 0
num of waits: 946
current timestep 1878
new free agents: 0
plan limit 9980
no goal cnt in pibt 0
num of waits: 842
current timestep 1879
new free agents: 0
plan limit 9980
no goal cnt in pibt 0
num of waits: 813
current timestep 1880
new free agents: 0
num of flexible agents: 572
num of flexible tasks: 572
Solving time: 2.30529 seconds
plan limit 7538
num of waits: 0
num of waits: 795
current timestep 1882
new free agents: 0
plan limit 9979
no goal cnt in pibt 0
num of waits: 844
current timestep 1883
new free agents: 0
plan limit 9980
no goal cnt in pibt 0
num of waits: 775
current timestep 1884
new free agents: 0
plan limit 9980
no goal cnt in pibt 0
num of waits: 803
current timestep 1885
new free agents: 1
plan limit 9980
no goal cnt in pibt 1
num of waits: 787
current timestep 1886
new free agents: 0
plan limit 9980
no goal cnt in pibt 1
num of waits: 777
current timestep 1887
new free agents: 0
plan limit 9980
no goal cnt in pibt 1
num of waits: 772
current timestep 1888
new free agents: 0
plan limit 9980
no goal cnt in pibt 1
num of waits: 930
current timestep 1889
new free agents: 0
plan limit 9980
no goal cnt in pibt 1
num of waits: 785
current timestep 1890
new free agents: 0
plan limit 9980
no goal cnt in pibt 1
num of waits: 753
current timestep 1891
new free agents: 0
num of flexible agents: 573
num of flexible tasks: 573
Solving time: 2.30932 seconds
plan limit 7537
num of waits: 0
num of waits: 808
current timestep 1893
new free agents: 0
plan limit 9980
no goal cnt in pibt 0
num of waits: 793
current timestep 1894
new free agents: 0
plan limit 9980
no goal cnt in pibt 0
num of waits: 803
current timestep 1895
new free agents: 0
plan limit 9979
no goal cnt in pibt 0
num of waits: 802
current timestep 1896
new free agents: 0
plan limit 9980
no goal cnt in pibt 0
num of waits: 812
current timestep 1897
new free agents: 0
plan limit 9980
no goal cnt in pibt 0
num of waits: 858
current timestep 1898
new free agents: 0
plan limit 9980
no goal cnt in pibt 0
num of waits: 899
current timestep 1899
new free agents: 0
plan limit 9979
no goal cnt in pibt 0
num of waits: 914
current timestep 1900
new free agents: 1
plan limit 9980
no goal cnt in pibt 1
num of waits: 795
current timestep 1901
new free agents: 0
plan limit 9980
no goal cnt in pibt 1
num of waits: 888
current timestep 1902
new free agents: 0
num of flexible agents: 573
num of flexible tasks: 573
Solving time: 2.32727 seconds
plan limit 7516
num of waits: 0
num of waits: 765
current timestep 1904
new free agents: 1
plan limit 9980
no goal cnt in pibt 1
num of waits: 895
current timestep 1905
new free agents: 0
plan limit 9980
no goal cnt in pibt 1
num of waits: 744
current timestep 1906
new free agents: 0
plan limit 9980
no goal cnt in pibt 1
num of waits: 730
current timestep 1907
new free agents: 0
plan limit 9980
no goal cnt in pibt 1
num of waits: 825
current timestep 1908
new free agents: 0
plan limit 9980
no goal cnt in pibt 1
num of waits: 791
current timestep 1909
new free agents: 0
plan limit 9980
no goal cnt in pibt 1
num of waits: 797
current timestep 1910
new free agents: 0
plan limit 9979
no goal cnt in pibt 1
num of waits: 805
current timestep 1911
new free agents: 0
plan limit 9980
no goal cnt in pibt 1
num of waits: 834
current timestep 1912
new free agents: 0
plan limit 9980
no goal cnt in pibt 1
num of waits: 813
current timestep 1913
new free agents: 1
num of flexible agents: 575
num of flexible tasks: 575
Solving time: 2.38662 seconds
plan limit 7455
num of waits: 0
num of waits: 780
current timestep 1915
new free agents: 0
plan limit 9980
no goal cnt in pibt 0
num of waits: 812
current timestep 1916
new free agents: 0
plan limit 9980
no goal cnt in pibt 0
num of waits: 776
current timestep 1917
new free agents: 0
plan limit 9979
no goal cnt in pibt 0
num of waits: 817
current timestep 1918
new free agents: 0
plan limit 9980
no goal cnt in pibt 0
num of waits: 868
current timestep 1919
new free agents: 0
plan limit 9979
no goal cnt in pibt 0
num of waits: 826
current timestep 1920
new free agents: 0
plan limit 9980
no goal cnt in pibt 0
num of waits: 897
current timestep 1921
new free agents: 0
plan limit 9980
no goal cnt in pibt 0
num of waits: 788
current timestep 1922
new free agents: 1
plan limit 9980
no goal cnt in pibt 1
num of waits: 774
current timestep 1923
new free agents: 0
plan limit 9980
no goal cnt in pibt 1
num of waits: 782
current timestep 1924
new free agents: 0
num of flexible agents: 575
num of flexible tasks: 575
Solving time: 2.30365 seconds
plan limit 7536
num of waits: 0
num of waits: 744
current timestep 1926
new free agents: 0
plan limit 9980
no goal cnt in pibt 0
num of waits: 922
current timestep 1927
new free agents: 0
plan limit 9980
no goal cnt in pibt 0
num of waits: 844
current timestep 1928
new free agents: 0
plan limit 9980
no goal cnt in pibt 0
num of waits: 782
current timestep 1929
new free agents: 0
plan limit 9980
no goal cnt in pibt 0
num of waits: 782
current timestep 1930
new free agents: 0
plan limit 9980
no goal cnt in pibt 0
num of waits: 999
current timestep 1931
new free agents: 0
plan limit 9980
no goal cnt in pibt 0
num of waits: 783
current timestep 1932
new free agents: 1
plan limit 9980
no goal cnt in pibt 1
num of waits: 805
current timestep 1933
new free agents: 0
plan limit 9980
no goal cnt in pibt 1
num of waits: 775
current timestep 1934
new free agents: 0
plan limit 9980
no goal cnt in pibt 1
num of waits: 810
current timestep 1935
new free agents: 0
num of flexible agents: 574
num of flexible tasks: 574
Solving time: 2.33802 seconds
plan limit 7505
num of waits: 0
num of waits: 901
current timestep 1937
new free agents: 0
plan limit 9980
no goal cnt in pibt 0
num of waits: 792
current timestep 1938
new free agents: 0
plan limit 9980
no goal cnt in pibt 0
num of waits: 893
current timestep 1939
new free agents: 0
plan limit 9980
no goal cnt in pibt 0
num of waits: 854
current timestep 1940
new free agents: 0
plan limit 9980
no goal cnt in pibt 0
num of waits: 795
current timestep 1941
new free agents: 0
plan limit 9980
no goal cnt in pibt 0
num of waits: 950
current timestep 1942
new free agents: 0
plan limit 9980
no goal cnt in pibt 0
num of waits: 833
current timestep 1943
new free agents: 0
plan limit 9980
no goal cnt in pibt 0
num of waits: 831
current timestep 1944
new free agents: 0
plan limit 9980
no goal cnt in pibt 0
num of waits: 858
current timestep 1945
new free agents: 0
plan limit 9980
no goal cnt in pibt 0
num of waits: 790
current timestep 1946
new free agents: 0
num of flexible agents: 572
num of flexible tasks: 572
Solving time: 2.2742 seconds
plan limit 7571
num of waits: 0
num of waits: 806
current timestep 1948
new free agents: 0
plan limit 9980
no goal cnt in pibt 0
num of waits: 914
current timestep 1949
new free agents: 0
plan limit 9980
no goal cnt in pibt 0
num of waits: 819
current timestep 1950
new free agents: 1
plan limit 9980
no goal cnt in pibt 1
num of waits: 782
current timestep 1951
new free agents: 0
plan limit 9980
no goal cnt in pibt 1
num of waits: 779
current timestep 1952
new free agents: 0
plan limit 9980
no goal cnt in pibt 1
num of waits: 824
current timestep 1953
new free agents: 0
plan limit 9980
no goal cnt in pibt 1
num of waits: 801
current timestep 1954
new free agents: 0
plan limit 9980
no goal cnt in pibt 1
num of waits: 849
current timestep 1955
new free agents: 0
plan limit 9980
no goal cnt in pibt 1
num of waits: 849
current timestep 1956
new free agents: 0
plan limit 9980
no goal cnt in pibt 1
num of waits: 803
current timestep 1957
new free agents: 0
num of flexible agents: 573
num of flexible tasks: 573
Solving time: 2.22822 seconds
plan limit 7612
num of waits: 0
num of waits: 786
current timestep 1959
new free agents: 0
plan limit 9980
no goal cnt in pibt 0
num of waits: 824
current timestep 1960
new free agents: 0
plan limit 9980
no goal cnt in pibt 0
num of waits: 819
current timestep 1961
new free agents: 0
plan limit 9980
no goal cnt in pibt 0
num of waits: 874
current timestep 1962
new free agents: 0
plan limit 9980
no goal cnt in pibt 0
num of waits: 919
current timestep 1963
new free agents: 0
plan limit 9979
no goal cnt in pibt 0
num of waits: 913
current timestep 1964
new free agents: 0
plan limit 9980
no goal cnt in pibt 0
num of waits: 860
current timestep 1965
new free agents: 0
plan limit 9980
no goal cnt in pibt 0
num of waits: 897
current timestep 1966
new free agents: 0
plan limit 9980
no goal cnt in pibt 0
num of waits: 920
current timestep 1967
new free agents: 0
plan limit 9979
no goal cnt in pibt 0
num of waits: 851
current timestep 1968
new free agents: 0
num of flexible agents: 572
num of flexible tasks: 572
Solving time: 2.23375 seconds
plan limit 7612
num of waits: 0
num of waits: 762
current timestep 1970
new free agents: 0
plan limit 9979
no goal cnt in pibt 0
num of waits: 765
current timestep 1971
new free agents: 0
plan limit 9980
no goal cnt in pibt 0
num of waits: 835
current timestep 1972
new free agents: 0
plan limit 9980
no goal cnt in pibt 0
num of waits: 788
current timestep 1973
new free agents: 0
plan limit 9980
no goal cnt in pibt 0
num of waits: 833
current timestep 1974
new free agents: 0
plan limit 9980
no goal cnt in pibt 0
num of waits: 865
current timestep 1975
new free agents: 0
plan limit 9980
no goal cnt in pibt 0
num of waits: 759
current timestep 1976
new free agents: 0
plan limit 9980
no goal cnt in pibt 0
num of waits: 860
current timestep 1977
new free agents: 0
plan limit 9979
no goal cnt in pibt 0
num of waits: 790
current timestep 1978
new free agents: 0
plan limit 9980
no goal cnt in pibt 0
num of waits: 838
current timestep 1979
new free agents: 0
num of flexible agents: 571
num of flexible tasks: 571
Solving time: 2.35551 seconds
plan limit 7484
num of waits: 0
num of waits: 837
current timestep 1981
new free agents: 0
plan limit 9980
no goal cnt in pibt 0
num of waits: 877
current timestep 1982
new free agents: 0
plan limit 9980
no goal cnt in pibt 0
num of waits: 788
current timestep 1983
new free agents: 0
plan limit 9980
no goal cnt in pibt 0
num of waits: 761
current timestep 1984
new free agents: 0
plan limit 9980
no goal cnt in pibt 0
num of waits: 895
current timestep 1985
new free agents: 0
plan limit 9980
no goal cnt in pibt 0
num of waits: 807
current timestep 1986
new free agents: 0
plan limit 9980
no goal cnt in pibt 0
num of waits: 798
current timestep 1987
new free agents: 0
plan limit 9980
no goal cnt in pibt 0
num of waits: 815
current timestep 1988
new free agents: 0
plan limit 9980
no goal cnt in pibt 0
num of waits: 819
current timestep 1989
new free agents: 0
plan limit 9980
no goal cnt in pibt 0
num of waits: 772
current timestep 1990
new free agents: 0
num of flexible agents: 571
num of flexible tasks: 571
Solving time: 2.23803 seconds
plan limit 7607
num of waits: 0
num of waits: 892
current timestep 1992
new free agents: 0
plan limit 9980
no goal cnt in pibt 0
num of waits: 888
current timestep 1993
new free agents: 0
plan limit 9980
no goal cnt in pibt 0
num of waits: 784
current timestep 1994
new free agents: 0
plan limit 9980
no goal cnt in pibt 0
num of waits: 817
current timestep 1995
new free agents: 0
plan limit 9980
no goal cnt in pibt 0
num of waits: 895
current timestep 1996
new free agents: 0
plan limit 9980
no goal cnt in pibt 0
num of waits: 866
current timestep 1997
new free agents: 0
plan limit 9980
no goal cnt in pibt 0
num of waits: 849
current timestep 1998
new free agents: 1
plan limit 9979
no goal cnt in pibt 1
num of waits: 833
current timestep 1999
new free agents: 0
plan limit 9980
no goal cnt in pibt 1
num of waits: 787
