current timestep 0
num of flexible agents: 1200
num of flexible tasks: 1800
Solving time: 0.00321056 seconds
plan limit 977
current timestep 1
num of flexible agents: 367
num of flexible tasks: 967
Solving time: 0.00243384 seconds
plan limit 978
current timestep 2
num of flexible agents: 151
num of flexible tasks: 751
Solving time: 0.0021539 seconds
plan limit 977
current timestep 3
num of flexible agents: 65
num of flexible tasks: 665
Solving time: 0.00199727 seconds
plan limit 978
current timestep 4
num of flexible agents: 37
num of flexible tasks: 637
Solving time: 0.0018679 seconds
plan limit 978
current timestep 5
num of flexible agents: 32
num of flexible tasks: 632
Solving time: 0.001818 seconds
plan limit 978
current timestep 6
num of flexible agents: 30
num of flexible tasks: 630
Solving time: 0.00181014 seconds
plan limit 978
current timestep 7
num of flexible agents: 19
num of flexible tasks: 619
Solving time: 0.0018349 seconds
plan limit 978
current timestep 8
num of flexible agents: 20
num of flexible tasks: 620
Solving time: 0.0017749 seconds
plan limit 978
current timestep 9
num of flexible agents: 19
num of flexible tasks: 619
Solving time: 0.00178604 seconds
plan limit 978
current timestep 10
num of flexible agents: 16
num of flexible tasks: 616
Solving time: 0.0017535 seconds
plan limit 978
current timestep 11
num of flexible agents: 13
num of flexible tasks: 613
Solving time: 0.00173601 seconds
plan limit 978
current timestep 12
num of flexible agents: 19
num of flexible tasks: 619
Solving time: 0.00174683 seconds
plan limit 978
current timestep 13
num of flexible agents: 15
num of flexible tasks: 615
Solving time: 0.00186464 seconds
plan limit 978
current timestep 14
num of flexible agents: 18
num of flexible tasks: 618
Solving time: 0.00199399 seconds
plan limit 978
current timestep 15
num of flexible agents: 18
num of flexible tasks: 618
Solving time: 0.00186824 seconds
plan limit 978
current timestep 16
num of flexible agents: 22
num of flexible tasks: 622
Solving time: 0.0017817 seconds
plan limit 978
current timestep 17
num of flexible agents: 26
num of flexible tasks: 626
Solving time: 0.00188769 seconds
plan limit 978
current timestep 18
num of flexible agents: 27
num of flexible tasks: 627
Solving time: 0.0018029 seconds
plan limit 978
current timestep 19
num of flexible agents: 28
num of flexible tasks: 628
Solving time: 0.00183922 seconds
plan limit 978
current timestep 20
num of flexible agents: 27
num of flexible tasks: 627
Solving time: 0.00182188 seconds
plan limit 978
current timestep 21
num of flexible agents: 27
num of flexible tasks: 627
Solving time: 0.00181569 seconds
plan limit 978
current timestep 22
num of flexible agents: 29
num of flexible tasks: 629
Solving time: 0.00184642 seconds
plan limit 978
current timestep 23
num of flexible agents: 33
num of flexible tasks: 633
Solving time: 0.00184316 seconds
plan limit 978
current timestep 24
num of flexible agents: 33
num of flexible tasks: 633
Solving time: 0.00184855 seconds
plan limit 978
current timestep 25
num of flexible agents: 35
num of flexible tasks: 635
Solving time: 0.001848 seconds
plan limit 978
current timestep 26
num of flexible agents: 31
num of flexible tasks: 631
Solving time: 0.001905 seconds
plan limit 978
current timestep 27
num of flexible agents: 36
num of flexible tasks: 636
Solving time: 0.00185917 seconds
plan limit 978
current timestep 28
num of flexible agents: 38
num of flexible tasks: 638
Solving time: 0.00186342 seconds
plan limit 978
current timestep 29
num of flexible agents: 39
num of flexible tasks: 639
Solving time: 0.00192952 seconds
plan limit 978
current timestep 30
num of flexible agents: 38
num of flexible tasks: 638
Solving time: 0.00190884 seconds
plan limit 978
current timestep 31
num of flexible agents: 39
num of flexible tasks: 639
Solving time: 0.00199447 seconds
plan limit 978
current timestep 32
num of flexible agents: 40
num of flexible tasks: 640
Solving time: 0.001918 seconds
plan limit 978
current timestep 33
num of flexible agents: 42
num of flexible tasks: 642
Solving time: 0.00203926 seconds
plan limit 978
current timestep 34
num of flexible agents: 41
num of flexible tasks: 641
Solving time: 0.00177673 seconds
plan limit 978
current timestep 35
num of flexible agents: 44
num of flexible tasks: 644
Solving time: 0.00199196 seconds
plan limit 978
current timestep 36
num of flexible agents: 48
num of flexible tasks: 648
Solving time: 0.00192054 seconds
plan limit 978
current timestep 37
num of flexible agents: 48
num of flexible tasks: 648
Solving time: 0.0019808 seconds
plan limit 978
current timestep 38
num of flexible agents: 54
num of flexible tasks: 654
Solving time: 0.00200991 seconds
plan limit 978
current timestep 39
num of flexible agents: 52
num of flexible tasks: 652
Solving time: 0.0019158 seconds
plan limit 978
current timestep 40
num of flexible agents: 52
num of flexible tasks: 652
Solving time: 0.00190656 seconds
plan limit 978
current timestep 41
num of flexible agents: 55
num of flexible tasks: 655
Solving time: 0.0019625 seconds
plan limit 978
current timestep 42
num of flexible agents: 56
num of flexible tasks: 656
Solving time: 0.00191408 seconds
plan limit 978
current timestep 43
num of flexible agents: 61
num of flexible tasks: 661
Solving time: 0.00181024 seconds
plan limit 978
current timestep 44
num of flexible agents: 64
num of flexible tasks: 664
Solving time: 0.00194722 seconds
plan limit 978
current timestep 45
num of flexible agents: 62
num of flexible tasks: 662
Solving time: 0.00196998 seconds
plan limit 978
current timestep 46
num of flexible agents: 61
num of flexible tasks: 661
Solving time: 0.00181756 seconds
plan limit 978
current timestep 47
num of flexible agents: 62
num of flexible tasks: 662
Solving time: 0.00192454 seconds
plan limit 978
current timestep 48
num of flexible agents: 68
num of flexible tasks: 668
Solving time: 0.00213117 seconds
plan limit 978
current timestep 49
num of flexible agents: 68
num of flexible tasks: 668
Solving time: 0.00202731 seconds
plan limit 978
current timestep 50
num of flexible agents: 60
num of flexible tasks: 660
Solving time: 0.00210521 seconds
plan limit 977
current timestep 51
num of flexible agents: 66
num of flexible tasks: 666
Solving time: 0.00197938 seconds
plan limit 978
current timestep 52
num of flexible agents: 69
num of flexible tasks: 669
Solving time: 0.00223494 seconds
plan limit 977
current timestep 53
num of flexible agents: 71
num of flexible tasks: 671
Solving time: 0.00199053 seconds
plan limit 978
current timestep 54
num of flexible agents: 72
num of flexible tasks: 672
Solving time: 0.00201129 seconds
plan limit 978
current timestep 55
num of flexible agents: 73
num of flexible tasks: 673
Solving time: 0.00188975 seconds
plan limit 978
current timestep 56
num of flexible agents: 72
num of flexible tasks: 672
Solving time: 0.00203419 seconds
plan limit 978
current timestep 57
num of flexible agents: 67
num of flexible tasks: 667
Solving time: 0.00201243 seconds
plan limit 978
current timestep 58
num of flexible agents: 63
num of flexible tasks: 663
Solving time: 0.00206565 seconds
plan limit 978
current timestep 59
num of flexible agents: 66
num of flexible tasks: 666
Solving time: 0.00198372 seconds
plan limit 978
current timestep 60
num of flexible agents: 69
num of flexible tasks: 669
Solving time: 0.00204822 seconds
plan limit 978
current timestep 61
num of flexible agents: 68
num of flexible tasks: 668
Solving time: 0.00214215 seconds
plan limit 977
current timestep 62
num of flexible agents: 77
num of flexible tasks: 677
Solving time: 0.00207013 seconds
plan limit 978
current timestep 63
num of flexible agents: 73
num of flexible tasks: 673
Solving time: 0.00206917 seconds
plan limit 978
current timestep 64
num of flexible agents: 73
num of flexible tasks: 673
Solving time: 0.00195695 seconds
plan limit 978
current timestep 65
num of flexible agents: 68
num of flexible tasks: 668
Solving time: 0.00209926 seconds
plan limit 978
current timestep 66
num of flexible agents: 60
num of flexible tasks: 660
Solving time: 0.00194753 seconds
plan limit 978
current timestep 67
num of flexible agents: 49
num of flexible tasks: 649
Solving time: 0.00200417 seconds
plan limit 978
current timestep 68
num of flexible agents: 53
num of flexible tasks: 653
Solving time: 0.00199821 seconds
plan limit 978
current timestep 69
num of flexible agents: 64
num of flexible tasks: 664
Solving time: 0.00229944 seconds
plan limit 977
current timestep 70
num of flexible agents: 60
num of flexible tasks: 660
Solving time: 0.00207667 seconds
plan limit 978
current timestep 71
num of flexible agents: 70
num of flexible tasks: 670
Solving time: 0.00205624 seconds
plan limit 978
current timestep 72
num of flexible agents: 74
num of flexible tasks: 674
Solving time: 0.00206657 seconds
plan limit 978
current timestep 73
num of flexible agents: 69
num of flexible tasks: 669
Solving time: 0.00214879 seconds
plan limit 978
current timestep 74
num of flexible agents: 66
num of flexible tasks: 666
Solving time: 0.00206869 seconds
plan limit 978
current timestep 75
num of flexible agents: 72
num of flexible tasks: 672
Solving time: 0.00202748 seconds
plan limit 978
current timestep 76
num of flexible agents: 65
num of flexible tasks: 665
Solving time: 0.00200963 seconds
plan limit 978
current timestep 77
num of flexible agents: 55
num of flexible tasks: 655
Solving time: 0.00205714 seconds
plan limit 978
current timestep 78
num of flexible agents: 59
num of flexible tasks: 659
Solving time: 0.00199118 seconds
plan limit 978
current timestep 79
num of flexible agents: 64
num of flexible tasks: 664
Solving time: 0.00200717 seconds
plan limit 978
current timestep 80
num of flexible agents: 66
num of flexible tasks: 666
Solving time: 0.00199872 seconds
plan limit 978
current timestep 81
num of flexible agents: 73
num of flexible tasks: 673
Solving time: 0.002076 seconds
plan limit 978
current timestep 82
num of flexible agents: 74
num of flexible tasks: 674
Solving time: 0.00207114 seconds
plan limit 978
current timestep 83
num of flexible agents: 69
num of flexible tasks: 669
Solving time: 0.00204287 seconds
plan limit 978
current timestep 84
num of flexible agents: 71
num of flexible tasks: 671
Solving time: 0.00213355 seconds
plan limit 977
current timestep 85
num of flexible agents: 67
num of flexible tasks: 667
Solving time: 0.00208071 seconds
plan limit 978
current timestep 86
num of flexible agents: 68
num of flexible tasks: 668
Solving time: 0.00205761 seconds
plan limit 978
current timestep 87
num of flexible agents: 63
num of flexible tasks: 663
Solving time: 0.00207162 seconds
plan limit 978
current timestep 88
num of flexible agents: 70
num of flexible tasks: 670
Solving time: 0.00206903 seconds
plan limit 978
current timestep 89
num of flexible agents: 67
num of flexible tasks: 667
Solving time: 0.00208913 seconds
plan limit 977
current timestep 90
num of flexible agents: 75
num of flexible tasks: 675
Solving time: 0.002369 seconds
plan limit 977
current timestep 91
num of flexible agents: 74
num of flexible tasks: 674
Solving time: 0.00209836 seconds
plan limit 978
current timestep 92
num of flexible agents: 70
num of flexible tasks: 670
Solving time: 0.00206077 seconds
plan limit 978
current timestep 93
num of flexible agents: 69
num of flexible tasks: 669
Solving time: 0.00207566 seconds
plan limit 978
current timestep 94
num of flexible agents: 77
num of flexible tasks: 677
Solving time: 0.00210555 seconds
plan limit 978
current timestep 95
num of flexible agents: 81
num of flexible tasks: 681
Solving time: 0.00218369 seconds
plan limit 977
current timestep 96
num of flexible agents: 74
num of flexible tasks: 674
Solving time: 0.00213511 seconds
plan limit 977
current timestep 97
num of flexible agents: 73
num of flexible tasks: 673
Solving time: 0.0020933 seconds
plan limit 978
current timestep 98
num of flexible agents: 88
num of flexible tasks: 688
Solving time: 0.00212999 seconds
plan limit 978
current timestep 99
num of flexible agents: 91
num of flexible tasks: 691
Solving time: 0.00215133 seconds
plan limit 977
current timestep 100
num of flexible agents: 71
num of flexible tasks: 671
Solving time: 0.00210375 seconds
plan limit 978
current timestep 101
num of flexible agents: 68
num of flexible tasks: 668
Solving time: 0.00210898 seconds
plan limit 978
current timestep 102
num of flexible agents: 63
num of flexible tasks: 663
Solving time: 0.00206868 seconds
plan limit 978
current timestep 103
num of flexible agents: 68
num of flexible tasks: 668
Solving time: 0.002023 seconds
plan limit 978
current timestep 104
num of flexible agents: 77
num of flexible tasks: 677
Solving time: 0.00211073 seconds
plan limit 977
current timestep 105
num of flexible agents: 76
num of flexible tasks: 676
Solving time: 0.00201392 seconds
plan limit 978
current timestep 106
num of flexible agents: 68
num of flexible tasks: 668
Solving time: 0.00206111 seconds
plan limit 978
current timestep 107
num of flexible agents: 69
num of flexible tasks: 669
Solving time: 0.00228737 seconds
plan limit 977
current timestep 108
num of flexible agents: 60
num of flexible tasks: 660
Solving time: 0.00203958 seconds
plan limit 978
current timestep 109
num of flexible agents: 71
num of flexible tasks: 671
Solving time: 0.0019482 seconds
plan limit 978
current timestep 110
num of flexible agents: 75
num of flexible tasks: 675
Solving time: 0.00203235 seconds
plan limit 978
current timestep 111
num of flexible agents: 73
num of flexible tasks: 673
Solving time: 0.00211157 seconds
plan limit 978
current timestep 112
num of flexible agents: 65
num of flexible tasks: 665
Solving time: 0.00193826 seconds
plan limit 978
current timestep 113
num of flexible agents: 61
num of flexible tasks: 661
Solving time: 0.00215284 seconds
plan limit 977
current timestep 114
num of flexible agents: 64
num of flexible tasks: 664
Solving time: 0.00203702 seconds
plan limit 978
current timestep 115
num of flexible agents: 70
num of flexible tasks: 670
Solving time: 0.00206998 seconds
plan limit 978
current timestep 116
num of flexible agents: 67
num of flexible tasks: 667
Solving time: 0.00193637 seconds
plan limit 978
current timestep 117
num of flexible agents: 67
num of flexible tasks: 667
Solving time: 0.00216167 seconds
plan limit 977
current timestep 118
num of flexible agents: 63
num of flexible tasks: 663
Solving time: 0.00201114 seconds
plan limit 978
current timestep 119
num of flexible agents: 64
num of flexible tasks: 664
Solving time: 0.00206689 seconds
plan limit 978
current timestep 120
num of flexible agents: 64
num of flexible tasks: 664
Solving time: 0.00199843 seconds
plan limit 978
current timestep 121
num of flexible agents: 62
num of flexible tasks: 662
Solving time: 0.00200823 seconds
plan limit 978
current timestep 122
num of flexible agents: 57
num of flexible tasks: 657
Solving time: 0.00202489 seconds
plan limit 978
current timestep 123
num of flexible agents: 63
num of flexible tasks: 663
Solving time: 0.00204425 seconds
plan limit 978
current timestep 124
num of flexible agents: 63
num of flexible tasks: 663
Solving time: 0.00223945 seconds
plan limit 977
current timestep 125
num of flexible agents: 59
num of flexible tasks: 659
Solving time: 0.00189581 seconds
plan limit 978
current timestep 126
num of flexible agents: 59
num of flexible tasks: 659
Solving time: 0.00186972 seconds
plan limit 978
current timestep 127
num of flexible agents: 60
num of flexible tasks: 660
Solving time: 0.00204991 seconds
plan limit 978
current timestep 128
num of flexible agents: 62
num of flexible tasks: 662
Solving time: 0.00209495 seconds
plan limit 978
current timestep 129
num of flexible agents: 65
num of flexible tasks: 665
Solving time: 0.00197712 seconds
plan limit 978
current timestep 130
num of flexible agents: 63
num of flexible tasks: 663
Solving time: 0.00207778 seconds
plan limit 978
current timestep 131
num of flexible agents: 70
num of flexible tasks: 670
Solving time: 0.00205159 seconds
plan limit 978
current timestep 132
num of flexible agents: 69
num of flexible tasks: 669
Solving time: 0.00190538 seconds
plan limit 978
current timestep 133
num of flexible agents: 56
num of flexible tasks: 656
Solving time: 0.00196496 seconds
plan limit 978
current timestep 134
num of flexible agents: 50
num of flexible tasks: 650
Solving time: 0.00201768 seconds
plan limit 978
current timestep 135
num of flexible agents: 51
num of flexible tasks: 651
Solving time: 0.00200399 seconds
plan limit 978
current timestep 136
num of flexible agents: 58
num of flexible tasks: 658
Solving time: 0.00207386 seconds
plan limit 978
current timestep 137
num of flexible agents: 60
num of flexible tasks: 660
Solving time: 0.00201899 seconds
plan limit 978
current timestep 138
num of flexible agents: 65
num of flexible tasks: 665
Solving time: 0.00205494 seconds
plan limit 978
current timestep 139
num of flexible agents: 63
num of flexible tasks: 663
Solving time: 0.00191538 seconds
plan limit 978
current timestep 140
num of flexible agents: 63
num of flexible tasks: 663
Solving time: 0.00201069 seconds
plan limit 978
current timestep 141
num of flexible agents: 63
num of flexible tasks: 663
Solving time: 0.00222511 seconds
plan limit 977
current timestep 142
num of flexible agents: 63
num of flexible tasks: 663
Solving time: 0.00207082 seconds
plan limit 978
current timestep 143
num of flexible agents: 60
num of flexible tasks: 660
Solving time: 0.0019928 seconds
plan limit 978
current timestep 144
num of flexible agents: 56
num of flexible tasks: 656
Solving time: 0.00197115 seconds
plan limit 978
current timestep 145
num of flexible agents: 68
num of flexible tasks: 668
Solving time: 0.00205434 seconds
plan limit 978
current timestep 146
num of flexible agents: 62
num of flexible tasks: 662
Solving time: 0.00204923 seconds
plan limit 978
current timestep 147
num of flexible agents: 59
num of flexible tasks: 659
Solving time: 0.00222191 seconds
plan limit 977
current timestep 148
num of flexible agents: 61
num of flexible tasks: 661
Solving time: 0.00204651 seconds
plan limit 978
current timestep 149
num of flexible agents: 64
num of flexible tasks: 664
Solving time: 0.00213587 seconds
plan limit 978
current timestep 150
num of flexible agents: 66
num of flexible tasks: 666
Solving time: 0.00207345 seconds
plan limit 978
current timestep 151
num of flexible agents: 66
num of flexible tasks: 666
Solving time: 0.00210477 seconds
plan limit 978
current timestep 152
num of flexible agents: 63
num of flexible tasks: 663
Solving time: 0.00201587 seconds
plan limit 978
current timestep 153
num of flexible agents: 61
num of flexible tasks: 661
Solving time: 0.00198522 seconds
plan limit 978
current timestep 154
num of flexible agents: 58
num of flexible tasks: 658
Solving time: 0.00210046 seconds
plan limit 978
current timestep 155
num of flexible agents: 58
num of flexible tasks: 658
Solving time: 0.00197597 seconds
plan limit 978
current timestep 156
num of flexible agents: 49
num of flexible tasks: 649
Solving time: 0.0020163 seconds
plan limit 978
current timestep 157
num of flexible agents: 49
num of flexible tasks: 649
Solving time: 0.00202771 seconds
plan limit 978
current timestep 158
num of flexible agents: 52
num of flexible tasks: 652
Solving time: 0.00198782 seconds
plan limit 978
current timestep 159
num of flexible agents: 52
num of flexible tasks: 652
Solving time: 0.00205773 seconds
plan limit 978
current timestep 160
num of flexible agents: 53
num of flexible tasks: 653
Solving time: 0.00201545 seconds
plan limit 978
current timestep 161
num of flexible agents: 60
num of flexible tasks: 660
Solving time: 0.0020609 seconds
plan limit 978
current timestep 162
num of flexible agents: 71
num of flexible tasks: 671
Solving time: 0.0022785 seconds
plan limit 977
current timestep 163
num of flexible agents: 61
num of flexible tasks: 661
Solving time: 0.00207064 seconds
plan limit 978
current timestep 164
num of flexible agents: 57
num of flexible tasks: 657
Solving time: 0.00211441 seconds
plan limit 978
current timestep 165
num of flexible agents: 59
num of flexible tasks: 659
Solving time: 0.00215731 seconds
plan limit 977
current timestep 166
num of flexible agents: 69
num of flexible tasks: 669
Solving time: 0.00222079 seconds
plan limit 977
current timestep 167
num of flexible agents: 61
num of flexible tasks: 661
Solving time: 0.00203185 seconds
plan limit 978
current timestep 168
num of flexible agents: 68
num of flexible tasks: 668
Solving time: 0.00202648 seconds
plan limit 978
current timestep 169
num of flexible agents: 70
num of flexible tasks: 670
Solving time: 0.00201901 seconds
plan limit 978
current timestep 170
num of flexible agents: 74
num of flexible tasks: 674
Solving time: 0.00190599 seconds
plan limit 978
current timestep 171
num of flexible agents: 66
num of flexible tasks: 666
Solving time: 0.00196694 seconds
plan limit 978
current timestep 172
num of flexible agents: 68
num of flexible tasks: 668
Solving time: 0.00195847 seconds
plan limit 978
current timestep 173
num of flexible agents: 71
num of flexible tasks: 671
Solving time: 0.00203923 seconds
plan limit 978
current timestep 174
num of flexible agents: 70
num of flexible tasks: 670
Solving time: 0.00211638 seconds
plan limit 977
current timestep 175
num of flexible agents: 67
num of flexible tasks: 667
Solving time: 0.00201807 seconds
plan limit 978
current timestep 176
num of flexible agents: 68
num of flexible tasks: 668
Solving time: 0.00212348 seconds
plan limit 978
current timestep 177
num of flexible agents: 62
num of flexible tasks: 662
Solving time: 0.00207349 seconds
plan limit 978
current timestep 178
num of flexible agents: 61
num of flexible tasks: 661
Solving time: 0.00202798 seconds
plan limit 978
current timestep 179
num of flexible agents: 53
num of flexible tasks: 653
Solving time: 0.00215067 seconds
plan limit 977
current timestep 180
num of flexible agents: 56
num of flexible tasks: 656
Solving time: 0.00207639 seconds
plan limit 978
current timestep 181
num of flexible agents: 67
num of flexible tasks: 667
Solving time: 0.00213372 seconds
plan limit 977
current timestep 182
num of flexible agents: 60
num of flexible tasks: 660
Solving time: 0.00205902 seconds
plan limit 978
current timestep 183
num of flexible agents: 71
num of flexible tasks: 671
Solving time: 0.00228215 seconds
plan limit 977
current timestep 184
num of flexible agents: 77
num of flexible tasks: 677
Solving time: 0.00202126 seconds
plan limit 978
current timestep 185
num of flexible agents: 70
num of flexible tasks: 670
Solving time: 0.00202694 seconds
plan limit 978
current timestep 186
num of flexible agents: 71
num of flexible tasks: 671
Solving time: 0.0020985 seconds
plan limit 977
current timestep 187
num of flexible agents: 73
num of flexible tasks: 673
Solving time: 0.00191801 seconds
plan limit 978
current timestep 188
num of flexible agents: 77
num of flexible tasks: 677
Solving time: 0.00208608 seconds
plan limit 978
current timestep 189
num of flexible agents: 85
num of flexible tasks: 685
Solving time: 0.00214277 seconds
plan limit 978
current timestep 190
num of flexible agents: 83
num of flexible tasks: 683
Solving time: 0.00216731 seconds
plan limit 977
current timestep 191
num of flexible agents: 76
num of flexible tasks: 676
Solving time: 0.00210077 seconds
plan limit 977
current timestep 192
num of flexible agents: 76
num of flexible tasks: 676
Solving time: 0.002085 seconds
plan limit 977
current timestep 193
num of flexible agents: 84
num of flexible tasks: 684
Solving time: 0.00216596 seconds
plan limit 977
current timestep 194
num of flexible agents: 74
num of flexible tasks: 674
Solving time: 0.00209528 seconds
plan limit 977
current timestep 195
num of flexible agents: 70
num of flexible tasks: 670
Solving time: 0.00206456 seconds
plan limit 978
current timestep 196
num of flexible agents: 72
num of flexible tasks: 672
Solving time: 0.00204047 seconds
plan limit 978
current timestep 197
num of flexible agents: 66
num of flexible tasks: 666
Solving time: 0.00209947 seconds
plan limit 977
current timestep 198
num of flexible agents: 56
num of flexible tasks: 656
Solving time: 0.00201224 seconds
plan limit 978
current timestep 199
num of flexible agents: 67
num of flexible tasks: 667
Solving time: 0.00205479 seconds
plan limit 978
current timestep 200
num of flexible agents: 58
num of flexible tasks: 658
Solving time: 0.00226494 seconds
plan limit 977
current timestep 201
num of flexible agents: 54
num of flexible tasks: 654
Solving time: 0.00210813 seconds
plan limit 977
current timestep 202
num of flexible agents: 61
num of flexible tasks: 661
Solving time: 0.00206474 seconds
plan limit 978
current timestep 203
num of flexible agents: 59
num of flexible tasks: 659
Solving time: 0.00210278 seconds
plan limit 977
current timestep 204
num of flexible agents: 57
num of flexible tasks: 657
Solving time: 0.00216882 seconds
plan limit 977
current timestep 205
num of flexible agents: 67
num of flexible tasks: 667
Solving time: 0.00210894 seconds
plan limit 977
current timestep 206
num of flexible agents: 70
num of flexible tasks: 670
Solving time: 0.00210103 seconds
plan limit 978
current timestep 207
num of flexible agents: 66
num of flexible tasks: 666
Solving time: 0.00205881 seconds
plan limit 978
current timestep 208
num of flexible agents: 71
num of flexible tasks: 671
Solving time: 0.00230212 seconds
plan limit 977
current timestep 209
num of flexible agents: 71
num of flexible tasks: 671
Solving time: 0.00202102 seconds
plan limit 978
current timestep 210
num of flexible agents: 72
num of flexible tasks: 672
Solving time: 0.00200821 seconds
plan limit 978
current timestep 211
num of flexible agents: 66
num of flexible tasks: 666
Solving time: 0.00209525 seconds
plan limit 977
current timestep 212
num of flexible agents: 68
num of flexible tasks: 668
Solving time: 0.00211364 seconds
plan limit 977
current timestep 213
num of flexible agents: 73
num of flexible tasks: 673
Solving time: 0.00205263 seconds
plan limit 978
current timestep 214
num of flexible agents: 69
num of flexible tasks: 669
Solving time: 0.002036 seconds
plan limit 978
current timestep 215
num of flexible agents: 70
num of flexible tasks: 670
Solving time: 0.00207002 seconds
plan limit 978
current timestep 216
num of flexible agents: 78
num of flexible tasks: 678
Solving time: 0.00213666 seconds
plan limit 977
current timestep 217
num of flexible agents: 76
num of flexible tasks: 676
Solving time: 0.00221891 seconds
plan limit 977
current timestep 218
num of flexible agents: 64
num of flexible tasks: 664
Solving time: 0.00206469 seconds
plan limit 978
current timestep 219
num of flexible agents: 69
num of flexible tasks: 669
Solving time: 0.00211035 seconds
plan limit 977
current timestep 220
num of flexible agents: 67
num of flexible tasks: 667
Solving time: 0.00205456 seconds
plan limit 977
current timestep 221
num of flexible agents: 57
num of flexible tasks: 657
Solving time: 0.00204818 seconds
plan limit 978
current timestep 222
num of flexible agents: 52
num of flexible tasks: 652
Solving time: 0.00206513 seconds
plan limit 978
current timestep 223
num of flexible agents: 55
num of flexible tasks: 655
Solving time: 0.00207284 seconds
plan limit 978
current timestep 224
num of flexible agents: 47
num of flexible tasks: 647
Solving time: 0.00206514 seconds
plan limit 978
current timestep 225
num of flexible agents: 52
num of flexible tasks: 652
Solving time: 0.00211696 seconds
plan limit 977
current timestep 226
num of flexible agents: 53
num of flexible tasks: 653
Solving time: 0.00202146 seconds
plan limit 978
current timestep 227
num of flexible agents: 55
num of flexible tasks: 655
Solving time: 0.00205416 seconds
plan limit 977
current timestep 228
num of flexible agents: 59
num of flexible tasks: 659
Solving time: 0.00206152 seconds
plan limit 978
current timestep 229
num of flexible agents: 60
num of flexible tasks: 660
Solving time: 0.00212296 seconds
plan limit 977
current timestep 230
num of flexible agents: 57
num of flexible tasks: 657
Solving time: 0.00205295 seconds
plan limit 978
current timestep 231
num of flexible agents: 61
num of flexible tasks: 661
Solving time: 0.00206763 seconds
plan limit 977
current timestep 232
num of flexible agents: 68
num of flexible tasks: 668
Solving time: 0.00206334 seconds
plan limit 978
current timestep 233
num of flexible agents: 64
num of flexible tasks: 664
Solving time: 0.002054 seconds
plan limit 978
current timestep 234
num of flexible agents: 75
num of flexible tasks: 675
Solving time: 0.0021035 seconds
plan limit 978
current timestep 235
num of flexible agents: 69
num of flexible tasks: 669
Solving time: 0.00213827 seconds
plan limit 977
current timestep 236
num of flexible agents: 61
num of flexible tasks: 661
Solving time: 0.00198581 seconds
plan limit 978
current timestep 237
num of flexible agents: 69
num of flexible tasks: 669
Solving time: 0.00210561 seconds
plan limit 977
current timestep 238
num of flexible agents: 64
num of flexible tasks: 664
Solving time: 0.00233464 seconds
plan limit 977
current timestep 239
num of flexible agents: 72
num of flexible tasks: 672
Solving time: 0.00205135 seconds
plan limit 978
current timestep 240
num of flexible agents: 69
num of flexible tasks: 669
Solving time: 0.00215852 seconds
plan limit 977
current timestep 241
num of flexible agents: 69
num of flexible tasks: 669
Solving time: 0.00209573 seconds
plan limit 977
current timestep 242
num of flexible agents: 78
num of flexible tasks: 678
Solving time: 0.00204472 seconds
plan limit 978
current timestep 243
num of flexible agents: 82
num of flexible tasks: 682
Solving time: 0.00209579 seconds
plan limit 977
current timestep 244
num of flexible agents: 78
num of flexible tasks: 678
Solving time: 0.00213158 seconds
plan limit 978
current timestep 245
num of flexible agents: 76
num of flexible tasks: 676
Solving time: 0.00213265 seconds
plan limit 977
current timestep 246
num of flexible agents: 71
num of flexible tasks: 671
Solving time: 0.0021239 seconds
plan limit 977
current timestep 247
num of flexible agents: 69
num of flexible tasks: 669
Solving time: 0.00209345 seconds
plan limit 978
current timestep 248
num of flexible agents: 63
num of flexible tasks: 663
Solving time: 0.00209584 seconds
plan limit 977
current timestep 249
num of flexible agents: 60
num of flexible tasks: 660
Solving time: 0.00208151 seconds
plan limit 977
current timestep 250
num of flexible agents: 60
num of flexible tasks: 660
Solving time: 0.00214151 seconds
plan limit 977
current timestep 251
num of flexible agents: 67
num of flexible tasks: 667
Solving time: 0.00207616 seconds
plan limit 977
current timestep 252
num of flexible agents: 72
num of flexible tasks: 672
Solving time: 0.00211747 seconds
plan limit 977
current timestep 253
num of flexible agents: 70
num of flexible tasks: 670
Solving time: 0.00214805 seconds
plan limit 977
current timestep 254
num of flexible agents: 72
num of flexible tasks: 672
Solving time: 0.00212093 seconds
plan limit 978
current timestep 255
num of flexible agents: 68
num of flexible tasks: 668
Solving time: 0.00235404 seconds
plan limit 977
current timestep 256
num of flexible agents: 74
num of flexible tasks: 674
Solving time: 0.0021167 seconds
plan limit 978
current timestep 257
num of flexible agents: 64
num of flexible tasks: 664
Solving time: 0.00194485 seconds
plan limit 978
current timestep 258
num of flexible agents: 67
num of flexible tasks: 667
Solving time: 0.00211926 seconds
plan limit 977
current timestep 259
num of flexible agents: 63
num of flexible tasks: 663
Solving time: 0.00202024 seconds
plan limit 978
current timestep 260
num of flexible agents: 65
num of flexible tasks: 665
Solving time: 0.00210588 seconds
plan limit 977
current timestep 261
num of flexible agents: 68
num of flexible tasks: 668
Solving time: 0.00209301 seconds
plan limit 978
current timestep 262
num of flexible agents: 79
num of flexible tasks: 679
Solving time: 0.00207435 seconds
plan limit 977
current timestep 263
num of flexible agents: 78
num of flexible tasks: 678
Solving time: 0.00219854 seconds
plan limit 977
current timestep 264
num of flexible agents: 86
num of flexible tasks: 686
Solving time: 0.00216539 seconds
plan limit 977
current timestep 265
num of flexible agents: 93
num of flexible tasks: 693
Solving time: 0.00210141 seconds
plan limit 978
current timestep 266
num of flexible agents: 84
num of flexible tasks: 684
Solving time: 0.00206293 seconds
plan limit 978
current timestep 267
num of flexible agents: 82
num of flexible tasks: 682
Solving time: 0.00209776 seconds
plan limit 977
current timestep 268
num of flexible agents: 75
num of flexible tasks: 675
Solving time: 0.00212955 seconds
plan limit 977
current timestep 269
num of flexible agents: 89
num of flexible tasks: 689
Solving time: 0.0021262 seconds
plan limit 977
current timestep 270
num of flexible agents: 74
num of flexible tasks: 674
Solving time: 0.00207239 seconds
plan limit 978
current timestep 271
num of flexible agents: 77
num of flexible tasks: 677
Solving time: 0.00207389 seconds
plan limit 978
current timestep 272
num of flexible agents: 74
num of flexible tasks: 674
Solving time: 0.00211092 seconds
plan limit 977
current timestep 273
num of flexible agents: 77
num of flexible tasks: 677
Solving time: 0.00212713 seconds
plan limit 977
current timestep 274
num of flexible agents: 71
num of flexible tasks: 671
Solving time: 0.00208874 seconds
plan limit 977
current timestep 275
num of flexible agents: 80
num of flexible tasks: 680
Solving time: 0.0022106 seconds
plan limit 977
current timestep 276
num of flexible agents: 81
num of flexible tasks: 681
Solving time: 0.00226236 seconds
plan limit 977
current timestep 277
num of flexible agents: 77
num of flexible tasks: 677
Solving time: 0.00216946 seconds
plan limit 977
current timestep 278
num of flexible agents: 76
num of flexible tasks: 676
Solving time: 0.00212222 seconds
plan limit 977
current timestep 279
num of flexible agents: 84
num of flexible tasks: 684
Solving time: 0.0021891 seconds
plan limit 977
current timestep 280
num of flexible agents: 82
num of flexible tasks: 682
Solving time: 0.00240366 seconds
plan limit 977
current timestep 281
num of flexible agents: 85
num of flexible tasks: 685
Solving time: 0.00214785 seconds
plan limit 977
current timestep 282
num of flexible agents: 95
num of flexible tasks: 695
Solving time: 0.0020221 seconds
plan limit 978
current timestep 283
num of flexible agents: 88
num of flexible tasks: 688
Solving time: 0.00213076 seconds
plan limit 977
current timestep 284
num of flexible agents: 85
num of flexible tasks: 685
Solving time: 0.00216853 seconds
plan limit 977
current timestep 285
num of flexible agents: 83
num of flexible tasks: 683
Solving time: 0.00211769 seconds
plan limit 977
current timestep 286
num of flexible agents: 87
num of flexible tasks: 687
Solving time: 0.00198955 seconds
plan limit 978
current timestep 287
num of flexible agents: 86
num of flexible tasks: 686
Solving time: 0.00219453 seconds
plan limit 977
current timestep 288
num of flexible agents: 94
num of flexible tasks: 694
Solving time: 0.00213111 seconds
plan limit 977
current timestep 289
num of flexible agents: 93
num of flexible tasks: 693
Solving time: 0.00211093 seconds
plan limit 977
current timestep 290
num of flexible agents: 94
num of flexible tasks: 694
Solving time: 0.00216492 seconds
plan limit 977
current timestep 291
num of flexible agents: 90
num of flexible tasks: 690
Solving time: 0.00215227 seconds
plan limit 977
current timestep 292
num of flexible agents: 96
num of flexible tasks: 696
Solving time: 0.00209941 seconds
plan limit 977
current timestep 293
num of flexible agents: 97
num of flexible tasks: 697
Solving time: 0.00200629 seconds
plan limit 978
current timestep 294
num of flexible agents: 92
num of flexible tasks: 692
Solving time: 0.00215229 seconds
plan limit 977
current timestep 295
num of flexible agents: 90
num of flexible tasks: 690
Solving time: 0.00201735 seconds
plan limit 978
current timestep 296
num of flexible agents: 86
num of flexible tasks: 686
Solving time: 0.00212818 seconds
plan limit 977
current timestep 297
num of flexible agents: 87
num of flexible tasks: 687
Solving time: 0.00238045 seconds
plan limit 977
current timestep 298
num of flexible agents: 93
num of flexible tasks: 693
Solving time: 0.0021542 seconds
plan limit 977
current timestep 299
num of flexible agents: 88
num of flexible tasks: 688
Solving time: 0.00219999 seconds
plan limit 977
current timestep 300
num of flexible agents: 98
num of flexible tasks: 698
Solving time: 0.00223114 seconds
plan limit 977
current timestep 301
num of flexible agents: 92
num of flexible tasks: 692
Solving time: 0.00222676 seconds
plan limit 977
current timestep 302
num of flexible agents: 95
num of flexible tasks: 695
Solving time: 0.00219036 seconds
plan limit 977
current timestep 303
num of flexible agents: 79
num of flexible tasks: 679
Solving time: 0.00195035 seconds
plan limit 978
current timestep 304
num of flexible agents: 78
num of flexible tasks: 678
Solving time: 0.00211012 seconds
plan limit 978
current timestep 305
num of flexible agents: 76
num of flexible tasks: 676
Solving time: 0.00214636 seconds
plan limit 977
current timestep 306
num of flexible agents: 70
num of flexible tasks: 670
Solving time: 0.00213229 seconds
plan limit 977
current timestep 307
num of flexible agents: 76
num of flexible tasks: 676
Solving time: 0.00213756 seconds
plan limit 977
current timestep 308
num of flexible agents: 85
num of flexible tasks: 685
Solving time: 0.00217312 seconds
plan limit 977
current timestep 309
num of flexible agents: 85
num of flexible tasks: 685
Solving time: 0.00215891 seconds
plan limit 977
current timestep 310
num of flexible agents: 91
num of flexible tasks: 691
Solving time: 0.00217812 seconds
plan limit 977
current timestep 311
num of flexible agents: 91
num of flexible tasks: 691
Solving time: 0.00219551 seconds
plan limit 977
current timestep 312
num of flexible agents: 88
num of flexible tasks: 688
Solving time: 0.00211232 seconds
plan limit 977
current timestep 313
num of flexible agents: 80
num of flexible tasks: 680
Solving time: 0.00197399 seconds
plan limit 978
current timestep 314
num of flexible agents: 91
num of flexible tasks: 691
Solving time: 0.00234166 seconds
plan limit 977
current timestep 315
num of flexible agents: 88
num of flexible tasks: 688
Solving time: 0.00212742 seconds
plan limit 977
current timestep 316
num of flexible agents: 84
num of flexible tasks: 684
Solving time: 0.00207839 seconds
plan limit 978
current timestep 317
num of flexible agents: 87
num of flexible tasks: 687
Solving time: 0.00213586 seconds
plan limit 977
current timestep 318
num of flexible agents: 83
num of flexible tasks: 683
Solving time: 0.00236758 seconds
plan limit 977
current timestep 319
num of flexible agents: 81
num of flexible tasks: 681
Solving time: 0.00220298 seconds
plan limit 977
current timestep 320
num of flexible agents: 79
num of flexible tasks: 679
Solving time: 0.00211103 seconds
plan limit 977
current timestep 321
num of flexible agents: 82
num of flexible tasks: 682
Solving time: 0.00212926 seconds
plan limit 977
current timestep 322
num of flexible agents: 86
num of flexible tasks: 686
Solving time: 0.002431 seconds
plan limit 977
current timestep 323
num of flexible agents: 87
num of flexible tasks: 687
Solving time: 0.00217381 seconds
plan limit 977
current timestep 324
num of flexible agents: 84
num of flexible tasks: 684
Solving time: 0.00215708 seconds
plan limit 977
current timestep 325
num of flexible agents: 81
num of flexible tasks: 681
Solving time: 0.00200498 seconds
plan limit 978
current timestep 326
num of flexible agents: 84
num of flexible tasks: 684
Solving time: 0.00213479 seconds
plan limit 977
current timestep 327
num of flexible agents: 85
num of flexible tasks: 685
Solving time: 0.00213587 seconds
plan limit 977
current timestep 328
num of flexible agents: 82
num of flexible tasks: 682
Solving time: 0.00224908 seconds
plan limit 977
current timestep 329
num of flexible agents: 88
num of flexible tasks: 688
Solving time: 0.0022444 seconds
plan limit 977
current timestep 330
num of flexible agents: 96
num of flexible tasks: 696
Solving time: 0.00215977 seconds
plan limit 977
current timestep 331
num of flexible agents: 100
num of flexible tasks: 700
Solving time: 0.00232735 seconds
plan limit 977
current timestep 332
num of flexible agents: 91
num of flexible tasks: 691
Solving time: 0.00224661 seconds
plan limit 977
current timestep 333
num of flexible agents: 87
num of flexible tasks: 687
Solving time: 0.00224964 seconds
plan limit 977
current timestep 334
num of flexible agents: 88
num of flexible tasks: 688
Solving time: 0.00219457 seconds
plan limit 977
current timestep 335
num of flexible agents: 81
num of flexible tasks: 681
Solving time: 0.00228023 seconds
plan limit 977
current timestep 336
num of flexible agents: 78
num of flexible tasks: 678
Solving time: 0.00201523 seconds
plan limit 978
current timestep 337
num of flexible agents: 82
num of flexible tasks: 682
Solving time: 0.00214706 seconds
plan limit 977
current timestep 338
num of flexible agents: 86
num of flexible tasks: 686
Solving time: 0.00220489 seconds
plan limit 977
current timestep 339
num of flexible agents: 91
num of flexible tasks: 691
Solving time: 0.00237063 seconds
plan limit 977
current timestep 340
num of flexible agents: 85
num of flexible tasks: 685
Solving time: 0.00220739 seconds
plan limit 977
current timestep 341
num of flexible agents: 90
num of flexible tasks: 690
Solving time: 0.00208379 seconds
plan limit 977
current timestep 342
num of flexible agents: 83
num of flexible tasks: 683
Solving time: 0.00217111 seconds
plan limit 977
current timestep 343
num of flexible agents: 91
num of flexible tasks: 691
Solving time: 0.00223726 seconds
plan limit 977
current timestep 344
num of flexible agents: 88
num of flexible tasks: 688
Solving time: 0.00218855 seconds
plan limit 977
current timestep 345
num of flexible agents: 87
num of flexible tasks: 687
Solving time: 0.0021972 seconds
plan limit 977
current timestep 346
num of flexible agents: 89
num of flexible tasks: 689
Solving time: 0.00224962 seconds
plan limit 977
current timestep 347
num of flexible agents: 94
num of flexible tasks: 694
Solving time: 0.00216095 seconds
plan limit 977
current timestep 348
num of flexible agents: 87
num of flexible tasks: 687
Solving time: 0.00215643 seconds
plan limit 977
current timestep 349
num of flexible agents: 90
num of flexible tasks: 690
Solving time: 0.00217818 seconds
plan limit 977
current timestep 350
num of flexible agents: 86
num of flexible tasks: 686
Solving time: 0.0021459 seconds
plan limit 977
current timestep 351
num of flexible agents: 76
num of flexible tasks: 676
Solving time: 0.00206141 seconds
plan limit 977
current timestep 352
num of flexible agents: 74
num of flexible tasks: 674
Solving time: 0.00217283 seconds
plan limit 977
current timestep 353
num of flexible agents: 72
num of flexible tasks: 672
Solving time: 0.00212448 seconds
plan limit 977
current timestep 354
num of flexible agents: 72
num of flexible tasks: 672
Solving time: 0.00216803 seconds
plan limit 977
current timestep 355
num of flexible agents: 68
num of flexible tasks: 668
Solving time: 0.00212614 seconds
plan limit 977
current timestep 356
num of flexible agents: 69
num of flexible tasks: 669
Solving time: 0.00225202 seconds
plan limit 977
current timestep 357
num of flexible agents: 65
num of flexible tasks: 665
Solving time: 0.00209255 seconds
plan limit 977
current timestep 358
num of flexible agents: 66
num of flexible tasks: 666
Solving time: 0.00212895 seconds
plan limit 977
current timestep 359
num of flexible agents: 68
num of flexible tasks: 668
Solving time: 0.00208031 seconds
plan limit 978
current timestep 360
num of flexible agents: 75
num of flexible tasks: 675
Solving time: 0.00205907 seconds
plan limit 978
current timestep 361
num of flexible agents: 68
num of flexible tasks: 668
Solving time: 0.00204632 seconds
plan limit 978
current timestep 362
num of flexible agents: 79
num of flexible tasks: 679
Solving time: 0.00193463 seconds
plan limit 978
current timestep 363
num of flexible agents: 85
num of flexible tasks: 685
Solving time: 0.00211635 seconds
plan limit 977
current timestep 364
num of flexible agents: 88
num of flexible tasks: 688
Solving time: 0.00213793 seconds
plan limit 977
current timestep 365
num of flexible agents: 85
num of flexible tasks: 685
Solving time: 0.00198465 seconds
plan limit 978
current timestep 366
num of flexible agents: 80
num of flexible tasks: 680
Solving time: 0.00209192 seconds
plan limit 977
current timestep 367
num of flexible agents: 78
num of flexible tasks: 678
Solving time: 0.00212279 seconds
plan limit 977
current timestep 368
num of flexible agents: 81
num of flexible tasks: 681
Solving time: 0.00213843 seconds
plan limit 977
current timestep 369
num of flexible agents: 88
num of flexible tasks: 688
Solving time: 0.00216138 seconds
plan limit 977
current timestep 370
num of flexible agents: 85
num of flexible tasks: 685
Solving time: 0.00216777 seconds
plan limit 977
current timestep 371
num of flexible agents: 78
num of flexible tasks: 678
Solving time: 0.00214683 seconds
plan limit 977
current timestep 372
num of flexible agents: 82
num of flexible tasks: 682
Solving time: 0.00221611 seconds
plan limit 977
current timestep 373
num of flexible agents: 76
num of flexible tasks: 676
Solving time: 0.00210174 seconds
plan limit 977
current timestep 374
num of flexible agents: 80
num of flexible tasks: 680
Solving time: 0.00209932 seconds
plan limit 977
current timestep 375
num of flexible agents: 85
num of flexible tasks: 685
Solving time: 0.00213257 seconds
plan limit 977
current timestep 376
num of flexible agents: 77
num of flexible tasks: 677
Solving time: 0.00210046 seconds
plan limit 977
current timestep 377
num of flexible agents: 70
num of flexible tasks: 670
Solving time: 0.00233488 seconds
plan limit 977
current timestep 378
num of flexible agents: 74
num of flexible tasks: 674
Solving time: 0.00213948 seconds
plan limit 977
current timestep 379
num of flexible agents: 75
num of flexible tasks: 675
Solving time: 0.00205665 seconds
plan limit 978
current timestep 380
num of flexible agents: 81
num of flexible tasks: 681
Solving time: 0.00209566 seconds
plan limit 977
current timestep 381
num of flexible agents: 83
num of flexible tasks: 683
Solving time: 0.00219114 seconds
plan limit 977
current timestep 382
num of flexible agents: 86
num of flexible tasks: 686
Solving time: 0.00210644 seconds
plan limit 978
current timestep 383
num of flexible agents: 87
num of flexible tasks: 687
Solving time: 0.00211233 seconds
plan limit 977
current timestep 384
num of flexible agents: 90
num of flexible tasks: 690
Solving time: 0.00214585 seconds
plan limit 977
current timestep 385
num of flexible agents: 93
num of flexible tasks: 693
Solving time: 0.00224577 seconds
plan limit 977
current timestep 386
num of flexible agents: 92
num of flexible tasks: 692
Solving time: 0.00240915 seconds
plan limit 977
current timestep 387
num of flexible agents: 93
num of flexible tasks: 693
Solving time: 0.00221379 seconds
plan limit 977
current timestep 388
num of flexible agents: 81
num of flexible tasks: 681
Solving time: 0.00207427 seconds
plan limit 977
current timestep 389
num of flexible agents: 73
num of flexible tasks: 673
Solving time: 0.00211285 seconds
plan limit 977
current timestep 390
num of flexible agents: 78
num of flexible tasks: 678
Solving time: 0.00222288 seconds
plan limit 977
current timestep 391
num of flexible agents: 86
num of flexible tasks: 686
Solving time: 0.00211531 seconds
plan limit 977
current timestep 392
num of flexible agents: 80
num of flexible tasks: 680
Solving time: 0.0021252 seconds
plan limit 977
current timestep 393
num of flexible agents: 70
num of flexible tasks: 670
Solving time: 0.00214077 seconds
plan limit 977
current timestep 394
num of flexible agents: 76
num of flexible tasks: 676
Solving time: 0.00241764 seconds
plan limit 977
current timestep 395
num of flexible agents: 78
num of flexible tasks: 678
Solving time: 0.00217509 seconds
plan limit 977
current timestep 396
num of flexible agents: 79
num of flexible tasks: 679
Solving time: 0.0021516 seconds
plan limit 977
current timestep 397
num of flexible agents: 76
num of flexible tasks: 676
Solving time: 0.00214467 seconds
plan limit 977
current timestep 398
num of flexible agents: 68
num of flexible tasks: 668
Solving time: 0.00238306 seconds
plan limit 977
current timestep 399
num of flexible agents: 72
num of flexible tasks: 672
Solving time: 0.00217276 seconds
plan limit 977
current timestep 400
num of flexible agents: 79
num of flexible tasks: 679
Solving time: 0.00207328 seconds
plan limit 978
current timestep 401
num of flexible agents: 78
num of flexible tasks: 678
Solving time: 0.00205181 seconds
plan limit 978
current timestep 402
num of flexible agents: 79
num of flexible tasks: 679
Solving time: 0.00211802 seconds
plan limit 977
current timestep 403
num of flexible agents: 74
num of flexible tasks: 674
Solving time: 0.00197898 seconds
plan limit 978
current timestep 404
num of flexible agents: 78
num of flexible tasks: 678
Solving time: 0.00216563 seconds
plan limit 977
current timestep 405
num of flexible agents: 78
num of flexible tasks: 678
Solving time: 0.00216491 seconds
plan limit 977
current timestep 406
num of flexible agents: 75
num of flexible tasks: 675
Solving time: 0.00198262 seconds
plan limit 978
current timestep 407
num of flexible agents: 77
num of flexible tasks: 677
Solving time: 0.00209297 seconds
plan limit 977
current timestep 408
num of flexible agents: 79
num of flexible tasks: 679
Solving time: 0.00209074 seconds
plan limit 977
current timestep 409
num of flexible agents: 82
num of flexible tasks: 682
Solving time: 0.00211164 seconds
plan limit 977
current timestep 410
num of flexible agents: 80
num of flexible tasks: 680
Solving time: 0.0020891 seconds
plan limit 977
current timestep 411
num of flexible agents: 93
num of flexible tasks: 693
Solving time: 0.00215506 seconds
plan limit 977
current timestep 412
num of flexible agents: 95
num of flexible tasks: 695
Solving time: 0.00218338 seconds
plan limit 977
current timestep 413
num of flexible agents: 91
num of flexible tasks: 691
Solving time: 0.00216497 seconds
plan limit 977
current timestep 414
num of flexible agents: 95
num of flexible tasks: 695
Solving time: 0.00218323 seconds
plan limit 977
current timestep 415
num of flexible agents: 93
num of flexible tasks: 693
Solving time: 0.0023259 seconds
plan limit 977
current timestep 416
num of flexible agents: 94
num of flexible tasks: 694
Solving time: 0.00209133 seconds
plan limit 977
current timestep 417
num of flexible agents: 88
num of flexible tasks: 688
Solving time: 0.00220419 seconds
plan limit 977
current timestep 418
num of flexible agents: 91
num of flexible tasks: 691
Solving time: 0.00218573 seconds
plan limit 977
current timestep 419
num of flexible agents: 101
num of flexible tasks: 701
Solving time: 0.00228289 seconds
plan limit 977
current timestep 420
num of flexible agents: 108
num of flexible tasks: 708
Solving time: 0.00228239 seconds
plan limit 977
current timestep 421
num of flexible agents: 101
num of flexible tasks: 701
Solving time: 0.00217285 seconds
plan limit 977
current timestep 422
num of flexible agents: 90
num of flexible tasks: 690
Solving time: 0.0022044 seconds
plan limit 977
current timestep 423
num of flexible agents: 95
num of flexible tasks: 695
Solving time: 0.00204655 seconds
plan limit 977
current timestep 424
num of flexible agents: 91
num of flexible tasks: 691
Solving time: 0.00211809 seconds
plan limit 977
current timestep 425
num of flexible agents: 83
num of flexible tasks: 683
Solving time: 0.00215497 seconds
plan limit 977
current timestep 426
num of flexible agents: 82
num of flexible tasks: 682
Solving time: 0.00198993 seconds
plan limit 978
current timestep 427
num of flexible agents: 79
num of flexible tasks: 679
Solving time: 0.00218845 seconds
plan limit 977
current timestep 428
num of flexible agents: 87
num of flexible tasks: 687
Solving time: 0.00221201 seconds
plan limit 977
current timestep 429
num of flexible agents: 78
num of flexible tasks: 678
Solving time: 0.0021357 seconds
plan limit 977
current timestep 430
num of flexible agents: 83
num of flexible tasks: 683
Solving time: 0.00215069 seconds
plan limit 977
current timestep 431
num of flexible agents: 83
num of flexible tasks: 683
Solving time: 0.00210797 seconds
plan limit 977
current timestep 432
num of flexible agents: 79
num of flexible tasks: 679
Solving time: 0.00245879 seconds
plan limit 977
current timestep 433
num of flexible agents: 85
num of flexible tasks: 685
Solving time: 0.00215202 seconds
plan limit 977
current timestep 434
num of flexible agents: 93
num of flexible tasks: 693
Solving time: 0.00212 seconds
plan limit 977
current timestep 435
num of flexible agents: 90
num of flexible tasks: 690
Solving time: 0.00206831 seconds
plan limit 977
current timestep 436
num of flexible agents: 81
num of flexible tasks: 681
Solving time: 0.00222568 seconds
plan limit 977
current timestep 437
num of flexible agents: 89
num of flexible tasks: 689
Solving time: 0.00213174 seconds
plan limit 977
current timestep 438
num of flexible agents: 93
num of flexible tasks: 693
Solving time: 0.0020087 seconds
plan limit 978
current timestep 439
num of flexible agents: 80
num of flexible tasks: 680
Solving time: 0.00214202 seconds
plan limit 977
current timestep 440
num of flexible agents: 80
num of flexible tasks: 680
Solving time: 0.00197912 seconds
plan limit 978
current timestep 441
num of flexible agents: 79
num of flexible tasks: 679
Solving time: 0.00215503 seconds
plan limit 977
current timestep 442
num of flexible agents: 83
num of flexible tasks: 683
Solving time: 0.0021228 seconds
plan limit 977
current timestep 443
num of flexible agents: 78
num of flexible tasks: 678
Solving time: 0.00208925 seconds
plan limit 977
current timestep 444
num of flexible agents: 86
num of flexible tasks: 686
Solving time: 0.0022023 seconds
plan limit 977
current timestep 445
num of flexible agents: 87
num of flexible tasks: 687
Solving time: 0.00219572 seconds
plan limit 977
current timestep 446
num of flexible agents: 88
num of flexible tasks: 688
Solving time: 0.0021106 seconds
plan limit 977
current timestep 447
num of flexible agents: 88
num of flexible tasks: 688
Solving time: 0.00212775 seconds
plan limit 977
current timestep 448
num of flexible agents: 82
num of flexible tasks: 682
Solving time: 0.00211055 seconds
plan limit 977
current timestep 449
num of flexible agents: 86
num of flexible tasks: 686
Solving time: 0.00210665 seconds
plan limit 977
current timestep 450
num of flexible agents: 74
num of flexible tasks: 674
Solving time: 0.00209638 seconds
plan limit 977
current timestep 451
num of flexible agents: 71
num of flexible tasks: 671
Solving time: 0.00198502 seconds
plan limit 978
current timestep 452
num of flexible agents: 68
num of flexible tasks: 668
Solving time: 0.00211226 seconds
plan limit 977
current timestep 453
num of flexible agents: 68
num of flexible tasks: 668
Solving time: 0.00215967 seconds
plan limit 977
current timestep 454
num of flexible agents: 66
num of flexible tasks: 666
Solving time: 0.00218004 seconds
plan limit 977
current timestep 455
num of flexible agents: 69
num of flexible tasks: 669
Solving time: 0.00209473 seconds
plan limit 978
current timestep 456
num of flexible agents: 75
num of flexible tasks: 675
Solving time: 0.00214432 seconds
plan limit 977
current timestep 457
num of flexible agents: 79
num of flexible tasks: 679
Solving time: 0.00221883 seconds
plan limit 977
current timestep 458
num of flexible agents: 80
num of flexible tasks: 680
Solving time: 0.00213341 seconds
plan limit 977
current timestep 459
num of flexible agents: 85
num of flexible tasks: 685
Solving time: 0.00212799 seconds
plan limit 977
current timestep 460
num of flexible agents: 81
num of flexible tasks: 681
Solving time: 0.00211392 seconds
plan limit 977
current timestep 461
num of flexible agents: 81
num of flexible tasks: 681
Solving time: 0.00214454 seconds
plan limit 977
current timestep 462
num of flexible agents: 74
num of flexible tasks: 674
Solving time: 0.00215442 seconds
plan limit 977
current timestep 463
num of flexible agents: 73
num of flexible tasks: 673
Solving time: 0.00214628 seconds
plan limit 977
current timestep 464
num of flexible agents: 83
num of flexible tasks: 683
Solving time: 0.00220066 seconds
plan limit 977
current timestep 465
num of flexible agents: 81
num of flexible tasks: 681
Solving time: 0.00213868 seconds
plan limit 977
current timestep 466
num of flexible agents: 83
num of flexible tasks: 683
Solving time: 0.00213233 seconds
plan limit 977
current timestep 467
num of flexible agents: 81
num of flexible tasks: 681
Solving time: 0.00215897 seconds
plan limit 977
current timestep 468
num of flexible agents: 82
num of flexible tasks: 682
Solving time: 0.00215058 seconds
plan limit 977
current timestep 469
num of flexible agents: 80
num of flexible tasks: 680
Solving time: 0.00202095 seconds
plan limit 978
current timestep 470
num of flexible agents: 76
num of flexible tasks: 676
Solving time: 0.00233212 seconds
plan limit 977
current timestep 471
num of flexible agents: 81
num of flexible tasks: 681
Solving time: 0.00209851 seconds
plan limit 977
current timestep 472
num of flexible agents: 87
num of flexible tasks: 687
Solving time: 0.00216048 seconds
plan limit 977
current timestep 473
num of flexible agents: 81
num of flexible tasks: 681
Solving time: 0.00209899 seconds
plan limit 977
current timestep 474
num of flexible agents: 77
num of flexible tasks: 677
Solving time: 0.00239469 seconds
plan limit 977
current timestep 475
num of flexible agents: 74
num of flexible tasks: 674
Solving time: 0.00209328 seconds
plan limit 977
current timestep 476
num of flexible agents: 81
num of flexible tasks: 681
Solving time: 0.00223104 seconds
plan limit 977
current timestep 477
num of flexible agents: 83
num of flexible tasks: 683
Solving time: 0.00219746 seconds
plan limit 977
current timestep 478
num of flexible agents: 86
num of flexible tasks: 686
Solving time: 0.00208 seconds
plan limit 977
current timestep 479
num of flexible agents: 88
num of flexible tasks: 688
Solving time: 0.00221176 seconds
plan limit 977
current timestep 480
num of flexible agents: 83
num of flexible tasks: 683
Solving time: 0.00224229 seconds
plan limit 977
current timestep 481
num of flexible agents: 91
num of flexible tasks: 691
Solving time: 0.00219927 seconds
plan limit 977
current timestep 482
num of flexible agents: 88
num of flexible tasks: 688
Solving time: 0.00216484 seconds
plan limit 977
current timestep 483
num of flexible agents: 76
num of flexible tasks: 676
Solving time: 0.00220045 seconds
plan limit 977
current timestep 484
num of flexible agents: 74
num of flexible tasks: 674
Solving time: 0.00217393 seconds
plan limit 977
current timestep 485
num of flexible agents: 75
num of flexible tasks: 675
Solving time: 0.00217072 seconds
plan limit 977
current timestep 486
num of flexible agents: 77
num of flexible tasks: 677
Solving time: 0.00215896 seconds
plan limit 977
current timestep 487
num of flexible agents: 83
num of flexible tasks: 683
Solving time: 0.0021308 seconds
plan limit 977
current timestep 488
num of flexible agents: 87
num of flexible tasks: 687
Solving time: 0.0019884 seconds
plan limit 978
current timestep 489
num of flexible agents: 87
num of flexible tasks: 687
Solving time: 0.00213353 seconds
plan limit 977
current timestep 490
num of flexible agents: 84
num of flexible tasks: 684
Solving time: 0.00216259 seconds
plan limit 977
current timestep 491
num of flexible agents: 85
num of flexible tasks: 685
Solving time: 0.00246691 seconds
plan limit 977
current timestep 492
num of flexible agents: 82
num of flexible tasks: 682
Solving time: 0.00212315 seconds
plan limit 977
current timestep 493
num of flexible agents: 81
num of flexible tasks: 681
Solving time: 0.00218048 seconds
plan limit 977
current timestep 494
num of flexible agents: 76
num of flexible tasks: 676
Solving time: 0.00217328 seconds
plan limit 977
current timestep 495
num of flexible agents: 80
num of flexible tasks: 680
Solving time: 0.00232202 seconds
plan limit 977
current timestep 496
num of flexible agents: 86
num of flexible tasks: 686
Solving time: 0.00216327 seconds
plan limit 977
current timestep 497
num of flexible agents: 83
num of flexible tasks: 683
Solving time: 0.00218849 seconds
plan limit 977
current timestep 498
num of flexible agents: 88
num of flexible tasks: 688
Solving time: 0.00222695 seconds
plan limit 977
current timestep 499
num of flexible agents: 85
num of flexible tasks: 685
Solving time: 0.00221947 seconds
plan limit 977
current timestep 500
num of flexible agents: 84
num of flexible tasks: 684
Solving time: 0.00221614 seconds
plan limit 977
current timestep 501
num of flexible agents: 86
num of flexible tasks: 686
Solving time: 0.00214983 seconds
plan limit 977
current timestep 502
num of flexible agents: 89
num of flexible tasks: 689
Solving time: 0.00212516 seconds
plan limit 977
current timestep 503
num of flexible agents: 87
num of flexible tasks: 687
Solving time: 0.00208223 seconds
plan limit 977
current timestep 504
num of flexible agents: 98
num of flexible tasks: 698
Solving time: 0.00214847 seconds
plan limit 977
current timestep 505
num of flexible agents: 92
num of flexible tasks: 692
Solving time: 0.00205142 seconds
plan limit 978
current timestep 506
num of flexible agents: 88
num of flexible tasks: 688
Solving time: 0.00218447 seconds
plan limit 977
current timestep 507
num of flexible agents: 80
num of flexible tasks: 680
Solving time: 0.00214591 seconds
plan limit 977
current timestep 508
num of flexible agents: 81
num of flexible tasks: 681
Solving time: 0.00215647 seconds
plan limit 977
current timestep 509
num of flexible agents: 82
num of flexible tasks: 682
Solving time: 0.00217299 seconds
plan limit 977
current timestep 510
num of flexible agents: 78
num of flexible tasks: 678
Solving time: 0.002196 seconds
plan limit 977
current timestep 511
num of flexible agents: 84
num of flexible tasks: 684
Solving time: 0.0021146 seconds
plan limit 977
current timestep 512
num of flexible agents: 84
num of flexible tasks: 684
Solving time: 0.00236615 seconds
plan limit 977
current timestep 513
num of flexible agents: 87
num of flexible tasks: 687
Solving time: 0.00222092 seconds
plan limit 977
current timestep 514
num of flexible agents: 88
num of flexible tasks: 688
Solving time: 0.002135 seconds
plan limit 977
current timestep 515
num of flexible agents: 88
num of flexible tasks: 688
Solving time: 0.00228408 seconds
plan limit 977
current timestep 516
num of flexible agents: 83
num of flexible tasks: 683
Solving time: 0.00238023 seconds
plan limit 977
current timestep 517
num of flexible agents: 85
num of flexible tasks: 685
Solving time: 0.00214304 seconds
plan limit 977
current timestep 518
num of flexible agents: 82
num of flexible tasks: 682
Solving time: 0.00215471 seconds
plan limit 977
current timestep 519
num of flexible agents: 79
num of flexible tasks: 679
Solving time: 0.00214642 seconds
plan limit 977
current timestep 520
num of flexible agents: 73
num of flexible tasks: 673
Solving time: 0.00220303 seconds
plan limit 977
current timestep 521
num of flexible agents: 72
num of flexible tasks: 672
Solving time: 0.00216165 seconds
plan limit 977
current timestep 522
num of flexible agents: 69
num of flexible tasks: 669
Solving time: 0.00217096 seconds
plan limit 977
current timestep 523
num of flexible agents: 76
num of flexible tasks: 676
Solving time: 0.00213682 seconds
plan limit 977
current timestep 524
num of flexible agents: 83
num of flexible tasks: 683
Solving time: 0.00219965 seconds
plan limit 977
current timestep 525
num of flexible agents: 80
num of flexible tasks: 680
Solving time: 0.00214086 seconds
plan limit 977
current timestep 526
num of flexible agents: 81
num of flexible tasks: 681
Solving time: 0.0021111 seconds
plan limit 977
current timestep 527
num of flexible agents: 82
num of flexible tasks: 682
Solving time: 0.00215234 seconds
plan limit 977
current timestep 528
num of flexible agents: 84
num of flexible tasks: 684
Solving time: 0.00217142 seconds
plan limit 977
current timestep 529
num of flexible agents: 93
num of flexible tasks: 693
Solving time: 0.00227896 seconds
plan limit 977
current timestep 530
num of flexible agents: 90
num of flexible tasks: 690
Solving time: 0.00217891 seconds
plan limit 977
current timestep 531
num of flexible agents: 93
num of flexible tasks: 693
Solving time: 0.00218038 seconds
plan limit 977
current timestep 532
num of flexible agents: 101
num of flexible tasks: 701
Solving time: 0.00217674 seconds
plan limit 977
current timestep 533
num of flexible agents: 100
num of flexible tasks: 700
Solving time: 0.00242245 seconds
plan limit 977
current timestep 534
num of flexible agents: 89
num of flexible tasks: 689
Solving time: 0.00215812 seconds
plan limit 977
current timestep 535
num of flexible agents: 87
num of flexible tasks: 687
Solving time: 0.00219192 seconds
plan limit 977
current timestep 536
num of flexible agents: 81
num of flexible tasks: 681
Solving time: 0.00219482 seconds
plan limit 977
current timestep 537
num of flexible agents: 78
num of flexible tasks: 678
Solving time: 0.00223026 seconds
plan limit 977
current timestep 538
num of flexible agents: 80
num of flexible tasks: 680
Solving time: 0.00216397 seconds
plan limit 977
current timestep 539
num of flexible agents: 91
num of flexible tasks: 691
Solving time: 0.00224964 seconds
plan limit 977
current timestep 540
num of flexible agents: 94
num of flexible tasks: 694
Solving time: 0.00223496 seconds
plan limit 977
current timestep 541
num of flexible agents: 96
num of flexible tasks: 696
Solving time: 0.00224196 seconds
plan limit 977
current timestep 542
num of flexible agents: 93
num of flexible tasks: 693
Solving time: 0.00222361 seconds
plan limit 977
current timestep 543
num of flexible agents: 91
num of flexible tasks: 691
Solving time: 0.00224555 seconds
plan limit 977
current timestep 544
num of flexible agents: 87
num of flexible tasks: 687
Solving time: 0.00223253 seconds
plan limit 977
current timestep 545
num of flexible agents: 89
num of flexible tasks: 689
Solving time: 0.00225116 seconds
plan limit 977
current timestep 546
num of flexible agents: 83
num of flexible tasks: 683
Solving time: 0.00221868 seconds
plan limit 977
current timestep 547
num of flexible agents: 84
num of flexible tasks: 684
Solving time: 0.00217599 seconds
plan limit 977
current timestep 548
num of flexible agents: 80
num of flexible tasks: 680
Solving time: 0.00222529 seconds
plan limit 977
current timestep 549
num of flexible agents: 82
num of flexible tasks: 682
Solving time: 0.00222107 seconds
plan limit 977
current timestep 550
num of flexible agents: 78
num of flexible tasks: 678
Solving time: 0.00245639 seconds
plan limit 977
current timestep 551
num of flexible agents: 85
num of flexible tasks: 685
Solving time: 0.00229569 seconds
plan limit 977
current timestep 552
num of flexible agents: 87
num of flexible tasks: 687
Solving time: 0.00234222 seconds
plan limit 977
current timestep 553
num of flexible agents: 91
num of flexible tasks: 691
Solving time: 0.00230887 seconds
plan limit 977
current timestep 554
num of flexible agents: 97
num of flexible tasks: 697
Solving time: 0.00241965 seconds
plan limit 977
current timestep 555
num of flexible agents: 96
num of flexible tasks: 696
Solving time: 0.00238373 seconds
plan limit 977
current timestep 556
num of flexible agents: 97
num of flexible tasks: 697
Solving time: 0.00229151 seconds
plan limit 977
current timestep 557
num of flexible agents: 99
num of flexible tasks: 699
Solving time: 0.00228634 seconds
plan limit 977
current timestep 558
num of flexible agents: 96
num of flexible tasks: 696
Solving time: 0.00235736 seconds
plan limit 977
current timestep 559
num of flexible agents: 99
num of flexible tasks: 699
Solving time: 0.00238336 seconds
plan limit 977
current timestep 560
num of flexible agents: 104
num of flexible tasks: 704
Solving time: 0.00246275 seconds
plan limit 977
current timestep 561
num of flexible agents: 104
num of flexible tasks: 704
Solving time: 0.00240715 seconds
plan limit 977
current timestep 562
num of flexible agents: 100
num of flexible tasks: 700
Solving time: 0.00218289 seconds
plan limit 977
current timestep 563
num of flexible agents: 93
num of flexible tasks: 693
Solving time: 0.002282 seconds
plan limit 977
current timestep 564
num of flexible agents: 98
num of flexible tasks: 698
Solving time: 0.00231417 seconds
plan limit 977
current timestep 565
num of flexible agents: 99
num of flexible tasks: 699
Solving time: 0.00230838 seconds
plan limit 977
current timestep 566
num of flexible agents: 104
num of flexible tasks: 704
Solving time: 0.00234224 seconds
plan limit 977
current timestep 567
num of flexible agents: 103
num of flexible tasks: 703
Solving time: 0.00228281 seconds
plan limit 977
current timestep 568
num of flexible agents: 102
num of flexible tasks: 702
Solving time: 0.0023272 seconds
plan limit 977
current timestep 569
num of flexible agents: 97
num of flexible tasks: 697
Solving time: 0.0023921 seconds
plan limit 977
current timestep 570
num of flexible agents: 88
num of flexible tasks: 688
Solving time: 0.00236998 seconds
plan limit 977
current timestep 571
num of flexible agents: 89
num of flexible tasks: 689
Solving time: 0.00226389 seconds
plan limit 977
current timestep 572
num of flexible agents: 89
num of flexible tasks: 689
Solving time: 0.00220075 seconds
plan limit 977
current timestep 573
num of flexible agents: 88
num of flexible tasks: 688
Solving time: 0.00230812 seconds
plan limit 977
current timestep 574
num of flexible agents: 95
num of flexible tasks: 695
Solving time: 0.00234159 seconds
plan limit 977
current timestep 575
num of flexible agents: 103
num of flexible tasks: 703
Solving time: 0.00253398 seconds
plan limit 977
current timestep 576
num of flexible agents: 106
num of flexible tasks: 706
Solving time: 0.00233869 seconds
plan limit 977
current timestep 577
num of flexible agents: 102
num of flexible tasks: 702
Solving time: 0.00224296 seconds
plan limit 977
current timestep 578
num of flexible agents: 110
num of flexible tasks: 710
Solving time: 0.00228442 seconds
plan limit 977
current timestep 579
num of flexible agents: 106
num of flexible tasks: 706
Solving time: 0.00216819 seconds
plan limit 977
current timestep 580
num of flexible agents: 97
num of flexible tasks: 697
Solving time: 0.00224489 seconds
plan limit 977
current timestep 581
num of flexible agents: 92
num of flexible tasks: 692
Solving time: 0.00221853 seconds
plan limit 977
current timestep 582
num of flexible agents: 87
num of flexible tasks: 687
Solving time: 0.00214339 seconds
plan limit 977
current timestep 583
num of flexible agents: 93
num of flexible tasks: 693
Solving time: 0.00225421 seconds
plan limit 977
current timestep 584
num of flexible agents: 93
num of flexible tasks: 693
Solving time: 0.00223835 seconds
plan limit 977
current timestep 585
num of flexible agents: 92
num of flexible tasks: 692
Solving time: 0.00206469 seconds
plan limit 978
current timestep 586
num of flexible agents: 100
num of flexible tasks: 700
Solving time: 0.00218139 seconds
plan limit 977
current timestep 587
num of flexible agents: 110
num of flexible tasks: 710
Solving time: 0.00223606 seconds
plan limit 977
current timestep 588
num of flexible agents: 96
num of flexible tasks: 696
Solving time: 0.00242827 seconds
plan limit 977
current timestep 589
num of flexible agents: 89
num of flexible tasks: 689
Solving time: 0.00224702 seconds
plan limit 977
current timestep 590
num of flexible agents: 92
num of flexible tasks: 692
Solving time: 0.00219666 seconds
plan limit 977
current timestep 591
num of flexible agents: 88
num of flexible tasks: 688
Solving time: 0.00219786 seconds
plan limit 977
current timestep 592
num of flexible agents: 87
num of flexible tasks: 687
Solving time: 0.00247385 seconds
plan limit 977
current timestep 593
num of flexible agents: 92
num of flexible tasks: 692
Solving time: 0.00226008 seconds
plan limit 977
current timestep 594
num of flexible agents: 94
num of flexible tasks: 694
Solving time: 0.00222164 seconds
plan limit 977
current timestep 595
num of flexible agents: 103
num of flexible tasks: 703
Solving time: 0.00218135 seconds
plan limit 977
current timestep 596
num of flexible agents: 105
num of flexible tasks: 705
Solving time: 0.00210115 seconds
plan limit 977
current timestep 597
num of flexible agents: 93
num of flexible tasks: 693
Solving time: 0.00220385 seconds
plan limit 977
current timestep 598
num of flexible agents: 89
num of flexible tasks: 689
Solving time: 0.00222779 seconds
plan limit 977
current timestep 599
num of flexible agents: 87
num of flexible tasks: 687
Solving time: 0.00198751 seconds
plan limit 978
current timestep 600
num of flexible agents: 84
num of flexible tasks: 684
Solving time: 0.00218778 seconds
plan limit 977
current timestep 601
num of flexible agents: 84
num of flexible tasks: 684
Solving time: 0.00215133 seconds
plan limit 977
current timestep 602
num of flexible agents: 86
num of flexible tasks: 686
Solving time: 0.00218449 seconds
plan limit 977
current timestep 603
num of flexible agents: 91
num of flexible tasks: 691
Solving time: 0.00214826 seconds
plan limit 977
current timestep 604
num of flexible agents: 97
num of flexible tasks: 697
Solving time: 0.0023231 seconds
plan limit 977
current timestep 605
num of flexible agents: 90
num of flexible tasks: 690
Solving time: 0.00228205 seconds
plan limit 977
current timestep 606
num of flexible agents: 95
num of flexible tasks: 695
Solving time: 0.00223897 seconds
plan limit 977
current timestep 607
num of flexible agents: 104
num of flexible tasks: 704
Solving time: 0.00223598 seconds
plan limit 977
current timestep 608
num of flexible agents: 112
num of flexible tasks: 712
Solving time: 0.00225279 seconds
plan limit 977
current timestep 609
num of flexible agents: 100
num of flexible tasks: 700
Solving time: 0.00239333 seconds
plan limit 977
current timestep 610
num of flexible agents: 93
num of flexible tasks: 693
Solving time: 0.0022452 seconds
plan limit 977
current timestep 611
num of flexible agents: 95
num of flexible tasks: 695
Solving time: 0.00230074 seconds
plan limit 977
current timestep 612
num of flexible agents: 95
num of flexible tasks: 695
Solving time: 0.00231075 seconds
plan limit 977
current timestep 613
num of flexible agents: 78
num of flexible tasks: 678
Solving time: 0.00235424 seconds
plan limit 977
current timestep 614
num of flexible agents: 78
num of flexible tasks: 678
Solving time: 0.00221335 seconds
plan limit 977
current timestep 615
num of flexible agents: 75
num of flexible tasks: 675
Solving time: 0.0022237 seconds
plan limit 977
current timestep 616
num of flexible agents: 84
num of flexible tasks: 684
Solving time: 0.00223991 seconds
plan limit 977
current timestep 617
num of flexible agents: 77
num of flexible tasks: 677
Solving time: 0.00250663 seconds
plan limit 977
current timestep 618
num of flexible agents: 84
num of flexible tasks: 684
Solving time: 0.0022314 seconds
plan limit 977
current timestep 619
num of flexible agents: 85
num of flexible tasks: 685
Solving time: 0.00221953 seconds
plan limit 977
current timestep 620
num of flexible agents: 96
num of flexible tasks: 696
Solving time: 0.00208413 seconds
plan limit 978
current timestep 621
num of flexible agents: 85
num of flexible tasks: 685
Solving time: 0.00230459 seconds
plan limit 977
current timestep 622
num of flexible agents: 85
num of flexible tasks: 685
Solving time: 0.00213766 seconds
plan limit 977
current timestep 623
num of flexible agents: 95
num of flexible tasks: 695
Solving time: 0.0022186 seconds
plan limit 977
current timestep 624
num of flexible agents: 100
num of flexible tasks: 700
Solving time: 0.0022513 seconds
plan limit 977
current timestep 625
num of flexible agents: 98
num of flexible tasks: 698
Solving time: 0.00226824 seconds
plan limit 977
current timestep 626
num of flexible agents: 92
num of flexible tasks: 692
Solving time: 0.00234196 seconds
plan limit 977
current timestep 627
num of flexible agents: 87
num of flexible tasks: 687
Solving time: 0.0021012 seconds
plan limit 977
current timestep 628
num of flexible agents: 85
num of flexible tasks: 685
Solving time: 0.00219221 seconds
plan limit 977
current timestep 629
num of flexible agents: 89
num of flexible tasks: 689
Solving time: 0.00223094 seconds
plan limit 977
current timestep 630
num of flexible agents: 86
num of flexible tasks: 686
Solving time: 0.00237564 seconds
plan limit 977
current timestep 631
num of flexible agents: 86
num of flexible tasks: 686
Solving time: 0.00220667 seconds
plan limit 977
current timestep 632
num of flexible agents: 92
num of flexible tasks: 692
Solving time: 0.00226076 seconds
plan limit 977
current timestep 633
num of flexible agents: 96
num of flexible tasks: 696
Solving time: 0.0021256 seconds
plan limit 977
current timestep 634
num of flexible agents: 92
num of flexible tasks: 692
Solving time: 0.00212189 seconds
plan limit 977
current timestep 635
num of flexible agents: 94
num of flexible tasks: 694
Solving time: 0.00221781 seconds
plan limit 977
current timestep 636
num of flexible agents: 89
num of flexible tasks: 689
Solving time: 0.00219443 seconds
plan limit 977
current timestep 637
num of flexible agents: 85
num of flexible tasks: 685
Solving time: 0.00225951 seconds
plan limit 977
current timestep 638
num of flexible agents: 84
num of flexible tasks: 684
Solving time: 0.00213266 seconds
plan limit 977
current timestep 639
num of flexible agents: 77
num of flexible tasks: 677
Solving time: 0.00215999 seconds
plan limit 977
current timestep 640
num of flexible agents: 81
num of flexible tasks: 681
Solving time: 0.00225941 seconds
plan limit 977
current timestep 641
num of flexible agents: 83
num of flexible tasks: 683
Solving time: 0.00215593 seconds
plan limit 977
current timestep 642
num of flexible agents: 88
num of flexible tasks: 688
Solving time: 0.00218169 seconds
plan limit 977
current timestep 643
num of flexible agents: 83
num of flexible tasks: 683
Solving time: 0.00216271 seconds
plan limit 977
current timestep 644
num of flexible agents: 84
num of flexible tasks: 684
Solving time: 0.00211724 seconds
plan limit 977
current timestep 645
num of flexible agents: 86
num of flexible tasks: 686
Solving time: 0.00214087 seconds
plan limit 977
current timestep 646
num of flexible agents: 92
num of flexible tasks: 692
Solving time: 0.0021854 seconds
plan limit 977
current timestep 647
num of flexible agents: 85
num of flexible tasks: 685
Solving time: 0.00227706 seconds
plan limit 977
current timestep 648
num of flexible agents: 87
num of flexible tasks: 687
Solving time: 0.00227147 seconds
plan limit 977
current timestep 649
num of flexible agents: 83
num of flexible tasks: 683
Solving time: 0.0021536 seconds
plan limit 977
current timestep 650
num of flexible agents: 87
num of flexible tasks: 687
Solving time: 0.00218129 seconds
plan limit 977
current timestep 651
num of flexible agents: 83
num of flexible tasks: 683
Solving time: 0.0022372 seconds
plan limit 977
current timestep 652
num of flexible agents: 88
num of flexible tasks: 688
Solving time: 0.00210799 seconds
plan limit 977
current timestep 653
num of flexible agents: 92
num of flexible tasks: 692
Solving time: 0.002133 seconds
plan limit 977
current timestep 654
num of flexible agents: 95
num of flexible tasks: 695
Solving time: 0.002167 seconds
plan limit 977
current timestep 655
num of flexible agents: 89
num of flexible tasks: 689
Solving time: 0.00228121 seconds
plan limit 977
current timestep 656
num of flexible agents: 85
num of flexible tasks: 685
Solving time: 0.00218349 seconds
plan limit 977
current timestep 657
num of flexible agents: 96
num of flexible tasks: 696
Solving time: 0.00215987 seconds
plan limit 977
current timestep 658
num of flexible agents: 99
num of flexible tasks: 699
Solving time: 0.00218436 seconds
plan limit 977
current timestep 659
num of flexible agents: 98
num of flexible tasks: 698
Solving time: 0.00225786 seconds
plan limit 977
current timestep 660
num of flexible agents: 103
num of flexible tasks: 703
Solving time: 0.00211467 seconds
plan limit 977
current timestep 661
num of flexible agents: 97
num of flexible tasks: 697
Solving time: 0.00211798 seconds
plan limit 977
current timestep 662
num of flexible agents: 104
num of flexible tasks: 704
Solving time: 0.00218067 seconds
plan limit 977
current timestep 663
num of flexible agents: 97
num of flexible tasks: 697
Solving time: 0.002117 seconds
plan limit 977
current timestep 664
num of flexible agents: 89
num of flexible tasks: 689
Solving time: 0.0021831 seconds
plan limit 977
current timestep 665
num of flexible agents: 94
num of flexible tasks: 694
Solving time: 0.00215132 seconds
plan limit 977
current timestep 666
num of flexible agents: 93
num of flexible tasks: 693
Solving time: 0.00216898 seconds
plan limit 977
current timestep 667
num of flexible agents: 96
num of flexible tasks: 696
Solving time: 0.00223355 seconds
plan limit 977
current timestep 668
num of flexible agents: 91
num of flexible tasks: 691
Solving time: 0.00225713 seconds
plan limit 977
current timestep 669
num of flexible agents: 88
num of flexible tasks: 688
Solving time: 0.0021395 seconds
plan limit 977
current timestep 670
num of flexible agents: 93
num of flexible tasks: 693
Solving time: 0.00210643 seconds
plan limit 978
current timestep 671
num of flexible agents: 99
num of flexible tasks: 699
Solving time: 0.0020687 seconds
plan limit 977
current timestep 672
num of flexible agents: 90
num of flexible tasks: 690
Solving time: 0.0022795 seconds
plan limit 977
current timestep 673
num of flexible agents: 97
num of flexible tasks: 697
Solving time: 0.00203868 seconds
plan limit 978
current timestep 674
num of flexible agents: 89
num of flexible tasks: 689
Solving time: 0.00218555 seconds
plan limit 977
current timestep 675
num of flexible agents: 86
num of flexible tasks: 686
Solving time: 0.0022002 seconds
plan limit 977
current timestep 676
num of flexible agents: 88
num of flexible tasks: 688
Solving time: 0.00216708 seconds
plan limit 977
current timestep 677
num of flexible agents: 93
num of flexible tasks: 693
Solving time: 0.00216092 seconds
plan limit 977
current timestep 678
num of flexible agents: 90
num of flexible tasks: 690
Solving time: 0.00200631 seconds
plan limit 978
current timestep 679
num of flexible agents: 89
num of flexible tasks: 689
Solving time: 0.00218235 seconds
plan limit 977
current timestep 680
num of flexible agents: 88
num of flexible tasks: 688
Solving time: 0.00215741 seconds
plan limit 977
current timestep 681
num of flexible agents: 96
num of flexible tasks: 696
Solving time: 0.00225657 seconds
plan limit 977
current timestep 682
num of flexible agents: 99
num of flexible tasks: 699
Solving time: 0.00206234 seconds
plan limit 978
current timestep 683
num of flexible agents: 93
num of flexible tasks: 693
Solving time: 0.00213461 seconds
plan limit 977
current timestep 684
num of flexible agents: 91
num of flexible tasks: 691
Solving time: 0.00216568 seconds
plan limit 977
current timestep 685
num of flexible agents: 91
num of flexible tasks: 691
Solving time: 0.00234124 seconds
plan limit 977
current timestep 686
num of flexible agents: 95
num of flexible tasks: 695
Solving time: 0.00220464 seconds
plan limit 977
current timestep 687
num of flexible agents: 90
num of flexible tasks: 690
Solving time: 0.0021577 seconds
plan limit 977
current timestep 688
num of flexible agents: 89
num of flexible tasks: 689
Solving time: 0.00222412 seconds
plan limit 977
current timestep 689
num of flexible agents: 86
num of flexible tasks: 686
Solving time: 0.00244391 seconds
plan limit 977
current timestep 690
num of flexible agents: 85
num of flexible tasks: 685
Solving time: 0.00218994 seconds
plan limit 977
current timestep 691
num of flexible agents: 87
num of flexible tasks: 687
Solving time: 0.00222129 seconds
plan limit 977
current timestep 692
num of flexible agents: 87
num of flexible tasks: 687
Solving time: 0.00234184 seconds
plan limit 977
current timestep 693
num of flexible agents: 95
num of flexible tasks: 695
Solving time: 0.00251244 seconds
plan limit 977
current timestep 694
num of flexible agents: 95
num of flexible tasks: 695
Solving time: 0.00226206 seconds
plan limit 977
current timestep 695
num of flexible agents: 102
num of flexible tasks: 702
Solving time: 0.0023152 seconds
plan limit 977
current timestep 696
num of flexible agents: 100
num of flexible tasks: 700
Solving time: 0.0022122 seconds
plan limit 977
current timestep 697
num of flexible agents: 95
num of flexible tasks: 695
Solving time: 0.0020919 seconds
plan limit 978
current timestep 698
num of flexible agents: 90
num of flexible tasks: 690
Solving time: 0.00218949 seconds
plan limit 977
current timestep 699
num of flexible agents: 90
num of flexible tasks: 690
Solving time: 0.00219763 seconds
plan limit 977
current timestep 700
num of flexible agents: 97
num of flexible tasks: 697
Solving time: 0.00217616 seconds
plan limit 977
current timestep 701
num of flexible agents: 88
num of flexible tasks: 688
Solving time: 0.0021793 seconds
plan limit 977
current timestep 702
num of flexible agents: 87
num of flexible tasks: 687
Solving time: 0.00222762 seconds
plan limit 977
current timestep 703
num of flexible agents: 91
num of flexible tasks: 691
Solving time: 0.00218999 seconds
plan limit 977
current timestep 704
num of flexible agents: 89
num of flexible tasks: 689
Solving time: 0.00222421 seconds
plan limit 977
current timestep 705
num of flexible agents: 82
num of flexible tasks: 682
Solving time: 0.00212297 seconds
plan limit 977
current timestep 706
num of flexible agents: 76
num of flexible tasks: 676
Solving time: 0.00226209 seconds
plan limit 977
current timestep 707
num of flexible agents: 81
num of flexible tasks: 681
Solving time: 0.00214493 seconds
plan limit 977
current timestep 708
num of flexible agents: 84
num of flexible tasks: 684
Solving time: 0.00222159 seconds
plan limit 977
current timestep 709
num of flexible agents: 102
num of flexible tasks: 702
Solving time: 0.00217084 seconds
plan limit 977
current timestep 710
num of flexible agents: 96
num of flexible tasks: 696
Solving time: 0.00231158 seconds
plan limit 977
current timestep 711
num of flexible agents: 89
num of flexible tasks: 689
Solving time: 0.00208461 seconds
plan limit 978
current timestep 712
num of flexible agents: 75
num of flexible tasks: 675
Solving time: 0.00210837 seconds
plan limit 977
current timestep 713
num of flexible agents: 73
num of flexible tasks: 673
Solving time: 0.00194576 seconds
plan limit 978
current timestep 714
num of flexible agents: 74
num of flexible tasks: 674
Solving time: 0.00213649 seconds
plan limit 977
current timestep 715
num of flexible agents: 75
num of flexible tasks: 675
Solving time: 0.00213575 seconds
plan limit 977
current timestep 716
num of flexible agents: 80
num of flexible tasks: 680
Solving time: 0.00216717 seconds
plan limit 977
current timestep 717
num of flexible agents: 75
num of flexible tasks: 675
Solving time: 0.00215657 seconds
plan limit 977
current timestep 718
num of flexible agents: 72
num of flexible tasks: 672
Solving time: 0.0021144 seconds
plan limit 977
current timestep 719
num of flexible agents: 84
num of flexible tasks: 684
Solving time: 0.00210808 seconds
plan limit 977
current timestep 720
num of flexible agents: 79
num of flexible tasks: 679
Solving time: 0.00204829 seconds
plan limit 978
current timestep 721
num of flexible agents: 82
num of flexible tasks: 682
Solving time: 0.00212506 seconds
plan limit 977
current timestep 722
num of flexible agents: 85
num of flexible tasks: 685
Solving time: 0.00219974 seconds
plan limit 977
current timestep 723
num of flexible agents: 80
num of flexible tasks: 680
Solving time: 0.00204871 seconds
plan limit 978
current timestep 724
num of flexible agents: 83
num of flexible tasks: 683
Solving time: 0.00220021 seconds
plan limit 977
current timestep 725
num of flexible agents: 83
num of flexible tasks: 683
Solving time: 0.00214967 seconds
plan limit 977
current timestep 726
num of flexible agents: 89
num of flexible tasks: 689
Solving time: 0.00202662 seconds
plan limit 978
current timestep 727
num of flexible agents: 84
num of flexible tasks: 684
Solving time: 0.00228452 seconds
plan limit 977
current timestep 728
num of flexible agents: 87
num of flexible tasks: 687
Solving time: 0.00215575 seconds
plan limit 977
current timestep 729
num of flexible agents: 86
num of flexible tasks: 686
Solving time: 0.00214979 seconds
plan limit 977
current timestep 730
num of flexible agents: 79
num of flexible tasks: 679
Solving time: 0.00217514 seconds
plan limit 977
current timestep 731
num of flexible agents: 76
num of flexible tasks: 676
Solving time: 0.00231822 seconds
plan limit 977
current timestep 732
num of flexible agents: 91
num of flexible tasks: 691
Solving time: 0.00220036 seconds
plan limit 977
current timestep 733
num of flexible agents: 85
num of flexible tasks: 685
Solving time: 0.00216062 seconds
plan limit 977
current timestep 734
num of flexible agents: 87
num of flexible tasks: 687
Solving time: 0.00218122 seconds
plan limit 977
current timestep 735
num of flexible agents: 89
num of flexible tasks: 689
Solving time: 0.0022826 seconds
plan limit 977
current timestep 736
num of flexible agents: 94
num of flexible tasks: 694
Solving time: 0.00220944 seconds
plan limit 977
current timestep 737
num of flexible agents: 98
num of flexible tasks: 698
Solving time: 0.00222429 seconds
plan limit 977
current timestep 738
num of flexible agents: 100
num of flexible tasks: 700
Solving time: 0.0022894 seconds
plan limit 977
current timestep 739
num of flexible agents: 99
num of flexible tasks: 699
Solving time: 0.00205569 seconds
plan limit 978
current timestep 740
num of flexible agents: 99
num of flexible tasks: 699
Solving time: 0.00221136 seconds
plan limit 977
current timestep 741
num of flexible agents: 100
num of flexible tasks: 700
Solving time: 0.00221669 seconds
plan limit 977
current timestep 742
num of flexible agents: 100
num of flexible tasks: 700
Solving time: 0.00215701 seconds
plan limit 977
current timestep 743
num of flexible agents: 101
num of flexible tasks: 701
Solving time: 0.0021292 seconds
plan limit 977
current timestep 744
num of flexible agents: 112
num of flexible tasks: 712
Solving time: 0.00217028 seconds
plan limit 977
current timestep 745
num of flexible agents: 102
num of flexible tasks: 702
Solving time: 0.00219763 seconds
plan limit 977
current timestep 746
num of flexible agents: 107
num of flexible tasks: 707
Solving time: 0.00218542 seconds
plan limit 977
current timestep 747
num of flexible agents: 99
num of flexible tasks: 699
Solving time: 0.00218846 seconds
plan limit 977
current timestep 748
num of flexible agents: 95
num of flexible tasks: 695
Solving time: 0.00247653 seconds
plan limit 977
current timestep 749
num of flexible agents: 86
num of flexible tasks: 686
Solving time: 0.00217214 seconds
plan limit 977
current timestep 750
num of flexible agents: 86
num of flexible tasks: 686
Solving time: 0.00210716 seconds
plan limit 977
current timestep 751
num of flexible agents: 81
num of flexible tasks: 681
Solving time: 0.00216995 seconds
plan limit 977
current timestep 752
num of flexible agents: 88
num of flexible tasks: 688
Solving time: 0.0024099 seconds
plan limit 977
current timestep 753
num of flexible agents: 95
num of flexible tasks: 695
Solving time: 0.00215257 seconds
plan limit 977
current timestep 754
num of flexible agents: 90
num of flexible tasks: 690
Solving time: 0.00203389 seconds
plan limit 978
current timestep 755
num of flexible agents: 90
num of flexible tasks: 690
Solving time: 0.00221021 seconds
plan limit 977
current timestep 756
num of flexible agents: 95
num of flexible tasks: 695
Solving time: 0.00218162 seconds
plan limit 977
current timestep 757
num of flexible agents: 91
num of flexible tasks: 691
Solving time: 0.00213373 seconds
plan limit 977
current timestep 758
num of flexible agents: 90
num of flexible tasks: 690
Solving time: 0.00206553 seconds
plan limit 978
current timestep 759
num of flexible agents: 86
num of flexible tasks: 686
Solving time: 0.00214444 seconds
plan limit 977
current timestep 760
num of flexible agents: 86
num of flexible tasks: 686
Solving time: 0.00217499 seconds
plan limit 977
current timestep 761
num of flexible agents: 86
num of flexible tasks: 686
Solving time: 0.00214092 seconds
plan limit 977
current timestep 762
num of flexible agents: 94
num of flexible tasks: 694
Solving time: 0.00205697 seconds
plan limit 978
current timestep 763
num of flexible agents: 87
num of flexible tasks: 687
Solving time: 0.00214158 seconds
plan limit 977
current timestep 764
num of flexible agents: 83
num of flexible tasks: 683
Solving time: 0.00218382 seconds
plan limit 977
current timestep 765
num of flexible agents: 84
num of flexible tasks: 684
Solving time: 0.00207232 seconds
plan limit 977
current timestep 766
num of flexible agents: 83
num of flexible tasks: 683
Solving time: 0.0021336 seconds
plan limit 977
current timestep 767
num of flexible agents: 87
num of flexible tasks: 687
Solving time: 0.00214052 seconds
plan limit 977
current timestep 768
num of flexible agents: 83
num of flexible tasks: 683
Solving time: 0.0021522 seconds
plan limit 977
current timestep 769
num of flexible agents: 90
num of flexible tasks: 690
Solving time: 0.00242667 seconds
plan limit 977
current timestep 770
num of flexible agents: 75
num of flexible tasks: 675
Solving time: 0.0021506 seconds
plan limit 977
current timestep 771
num of flexible agents: 68
num of flexible tasks: 668
Solving time: 0.00216126 seconds
plan limit 977
current timestep 772
num of flexible agents: 82
num of flexible tasks: 682
Solving time: 0.00210465 seconds
plan limit 977
current timestep 773
num of flexible agents: 86
num of flexible tasks: 686
Solving time: 0.00235515 seconds
plan limit 977
current timestep 774
num of flexible agents: 82
num of flexible tasks: 682
Solving time: 0.00223373 seconds
plan limit 977
current timestep 775
num of flexible agents: 97
num of flexible tasks: 697
Solving time: 0.00223374 seconds
plan limit 977
current timestep 776
num of flexible agents: 93
num of flexible tasks: 693
Solving time: 0.00226452 seconds
plan limit 977
current timestep 777
num of flexible agents: 89
num of flexible tasks: 689
Solving time: 0.00222856 seconds
plan limit 977
current timestep 778
num of flexible agents: 82
num of flexible tasks: 682
Solving time: 0.00228991 seconds
plan limit 977
current timestep 779
num of flexible agents: 85
num of flexible tasks: 685
Solving time: 0.00217186 seconds
plan limit 977
current timestep 780
num of flexible agents: 95
num of flexible tasks: 695
Solving time: 0.00209803 seconds
plan limit 977
current timestep 781
num of flexible agents: 96
num of flexible tasks: 696
Solving time: 0.00221222 seconds
plan limit 977
current timestep 782
num of flexible agents: 93
num of flexible tasks: 693
Solving time: 0.00217074 seconds
plan limit 977
current timestep 783
num of flexible agents: 97
num of flexible tasks: 697
Solving time: 0.00220814 seconds
plan limit 977
current timestep 784
num of flexible agents: 101
num of flexible tasks: 701
Solving time: 0.00225002 seconds
plan limit 977
current timestep 785
num of flexible agents: 105
num of flexible tasks: 705
Solving time: 0.00205969 seconds
plan limit 977
current timestep 786
num of flexible agents: 90
num of flexible tasks: 690
Solving time: 0.00218952 seconds
plan limit 977
current timestep 787
num of flexible agents: 92
num of flexible tasks: 692
Solving time: 0.0022108 seconds
plan limit 977
current timestep 788
num of flexible agents: 88
num of flexible tasks: 688
Solving time: 0.00214795 seconds
plan limit 977
current timestep 789
num of flexible agents: 85
num of flexible tasks: 685
Solving time: 0.00219226 seconds
plan limit 977
current timestep 790
num of flexible agents: 80
num of flexible tasks: 680
Solving time: 0.00239705 seconds
plan limit 977
current timestep 791
num of flexible agents: 83
num of flexible tasks: 683
Solving time: 0.00220934 seconds
plan limit 977
current timestep 792
num of flexible agents: 94
num of flexible tasks: 694
Solving time: 0.00227662 seconds
plan limit 977
current timestep 793
num of flexible agents: 90
num of flexible tasks: 690
Solving time: 0.00229062 seconds
plan limit 977
current timestep 794
num of flexible agents: 88
num of flexible tasks: 688
Solving time: 0.00213834 seconds
plan limit 977
current timestep 795
num of flexible agents: 87
num of flexible tasks: 687
Solving time: 0.00226421 seconds
plan limit 977
current timestep 796
num of flexible agents: 85
num of flexible tasks: 685
Solving time: 0.00226324 seconds
plan limit 977
current timestep 797
num of flexible agents: 87
num of flexible tasks: 687
Solving time: 0.00229355 seconds
plan limit 977
current timestep 798
num of flexible agents: 95
num of flexible tasks: 695
Solving time: 0.0021762 seconds
plan limit 977
current timestep 799
num of flexible agents: 90
num of flexible tasks: 690
Solving time: 0.00247558 seconds
plan limit 977
current timestep 800
num of flexible agents: 98
num of flexible tasks: 698
Solving time: 0.00231754 seconds
plan limit 977
current timestep 801
num of flexible agents: 107
num of flexible tasks: 707
Solving time: 0.00225624 seconds
plan limit 977
current timestep 802
num of flexible agents: 99
num of flexible tasks: 699
Solving time: 0.00224999 seconds
plan limit 977
current timestep 803
num of flexible agents: 96
num of flexible tasks: 696
Solving time: 0.00219202 seconds
plan limit 977
current timestep 804
num of flexible agents: 107
num of flexible tasks: 707
Solving time: 0.00225974 seconds
plan limit 977
current timestep 805
num of flexible agents: 108
num of flexible tasks: 708
Solving time: 0.00232412 seconds
plan limit 977
current timestep 806
num of flexible agents: 106
num of flexible tasks: 706
Solving time: 0.00235296 seconds
plan limit 977
current timestep 807
num of flexible agents: 106
num of flexible tasks: 706
Solving time: 0.00245111 seconds
plan limit 977
current timestep 808
num of flexible agents: 103
num of flexible tasks: 703
Solving time: 0.00228204 seconds
plan limit 977
current timestep 809
num of flexible agents: 94
num of flexible tasks: 694
Solving time: 0.00221705 seconds
plan limit 977
current timestep 810
num of flexible agents: 98
num of flexible tasks: 698
Solving time: 0.00212864 seconds
plan limit 977
current timestep 811
num of flexible agents: 90
num of flexible tasks: 690
Solving time: 0.00218218 seconds
plan limit 977
current timestep 812
num of flexible agents: 88
num of flexible tasks: 688
Solving time: 0.0023018 seconds
plan limit 977
current timestep 813
num of flexible agents: 80
num of flexible tasks: 680
Solving time: 0.00217378 seconds
plan limit 977
current timestep 814
num of flexible agents: 85
num of flexible tasks: 685
Solving time: 0.00225893 seconds
plan limit 977
current timestep 815
num of flexible agents: 87
num of flexible tasks: 687
Solving time: 0.00233272 seconds
plan limit 977
current timestep 816
num of flexible agents: 87
num of flexible tasks: 687
Solving time: 0.00221036 seconds
plan limit 977
current timestep 817
num of flexible agents: 99
num of flexible tasks: 699
Solving time: 0.00224188 seconds
plan limit 977
current timestep 818
num of flexible agents: 91
num of flexible tasks: 691
Solving time: 0.00220833 seconds
plan limit 977
current timestep 819
num of flexible agents: 98
num of flexible tasks: 698
Solving time: 0.00217945 seconds
plan limit 977
current timestep 820
num of flexible agents: 100
num of flexible tasks: 700
Solving time: 0.00220492 seconds
plan limit 977
current timestep 821
num of flexible agents: 104
num of flexible tasks: 704
Solving time: 0.002201 seconds
plan limit 977
current timestep 822
num of flexible agents: 104
num of flexible tasks: 704
Solving time: 0.0022263 seconds
plan limit 977
current timestep 823
num of flexible agents: 97
num of flexible tasks: 697
Solving time: 0.00221277 seconds
plan limit 977
current timestep 824
num of flexible agents: 91
num of flexible tasks: 691
Solving time: 0.00216156 seconds
plan limit 977
current timestep 825
num of flexible agents: 93
num of flexible tasks: 693
Solving time: 0.00214221 seconds
plan limit 977
current timestep 826
num of flexible agents: 96
num of flexible tasks: 696
Solving time: 0.00216073 seconds
plan limit 977
current timestep 827
num of flexible agents: 92
num of flexible tasks: 692
Solving time: 0.00226647 seconds
plan limit 977
current timestep 828
num of flexible agents: 82
num of flexible tasks: 682
Solving time: 0.00250279 seconds
plan limit 977
current timestep 829
num of flexible agents: 82
num of flexible tasks: 682
Solving time: 0.00219223 seconds
plan limit 977
current timestep 830
num of flexible agents: 83
num of flexible tasks: 683
Solving time: 0.0021651 seconds
plan limit 977
current timestep 831
num of flexible agents: 86
num of flexible tasks: 686
Solving time: 0.0022127 seconds
plan limit 977
current timestep 832
num of flexible agents: 92
num of flexible tasks: 692
Solving time: 0.00238759 seconds
plan limit 977
current timestep 833
num of flexible agents: 89
num of flexible tasks: 689
Solving time: 0.00228225 seconds
plan limit 977
current timestep 834
num of flexible agents: 89
num of flexible tasks: 689
Solving time: 0.00224216 seconds
plan limit 977
current timestep 835
num of flexible agents: 72
num of flexible tasks: 672
Solving time: 0.00219987 seconds
plan limit 977
current timestep 836
num of flexible agents: 73
num of flexible tasks: 673
Solving time: 0.00223027 seconds
plan limit 977
current timestep 837
num of flexible agents: 77
num of flexible tasks: 677
Solving time: 0.00222327 seconds
plan limit 977
current timestep 838
num of flexible agents: 84
num of flexible tasks: 684
Solving time: 0.00213149 seconds
plan limit 977
current timestep 839
num of flexible agents: 84
num of flexible tasks: 684
Solving time: 0.00222498 seconds
plan limit 977
current timestep 840
num of flexible agents: 83
num of flexible tasks: 683
Solving time: 0.00222796 seconds
plan limit 977
current timestep 841
num of flexible agents: 104
num of flexible tasks: 704
Solving time: 0.00223344 seconds
plan limit 977
current timestep 842
num of flexible agents: 103
num of flexible tasks: 703
Solving time: 0.00226804 seconds
plan limit 977
current timestep 843
num of flexible agents: 106
num of flexible tasks: 706
Solving time: 0.0022907 seconds
plan limit 977
current timestep 844
num of flexible agents: 104
num of flexible tasks: 704
Solving time: 0.00217398 seconds
plan limit 977
current timestep 845
num of flexible agents: 92
num of flexible tasks: 692
Solving time: 0.00224127 seconds
plan limit 977
current timestep 846
num of flexible agents: 91
num of flexible tasks: 691
Solving time: 0.00229961 seconds
plan limit 977
current timestep 847
num of flexible agents: 93
num of flexible tasks: 693
Solving time: 0.00224959 seconds
plan limit 977
current timestep 848
num of flexible agents: 86
num of flexible tasks: 686
Solving time: 0.00224913 seconds
plan limit 977
current timestep 849
num of flexible agents: 82
num of flexible tasks: 682
Solving time: 0.00249538 seconds
plan limit 977
current timestep 850
num of flexible agents: 78
num of flexible tasks: 678
Solving time: 0.00225264 seconds
plan limit 977
current timestep 851
num of flexible agents: 87
num of flexible tasks: 687
Solving time: 0.0023332 seconds
plan limit 977
current timestep 852
num of flexible agents: 93
num of flexible tasks: 693
Solving time: 0.00222597 seconds
plan limit 977
current timestep 853
num of flexible agents: 86
num of flexible tasks: 686
Solving time: 0.00227556 seconds
plan limit 977
current timestep 854
num of flexible agents: 83
num of flexible tasks: 683
Solving time: 0.00224613 seconds
plan limit 977
current timestep 855
num of flexible agents: 93
num of flexible tasks: 693
Solving time: 0.00231127 seconds
plan limit 977
current timestep 856
num of flexible agents: 93
num of flexible tasks: 693
Solving time: 0.00231875 seconds
plan limit 977
current timestep 857
num of flexible agents: 96
num of flexible tasks: 696
Solving time: 0.00244004 seconds
plan limit 977
current timestep 858
num of flexible agents: 100
num of flexible tasks: 700
Solving time: 0.0021569 seconds
plan limit 977
current timestep 859
num of flexible agents: 100
num of flexible tasks: 700
Solving time: 0.0023542 seconds
plan limit 977
current timestep 860
num of flexible agents: 103
num of flexible tasks: 703
Solving time: 0.00233837 seconds
plan limit 977
current timestep 861
num of flexible agents: 109
num of flexible tasks: 709
Solving time: 0.00243049 seconds
plan limit 977
current timestep 862
num of flexible agents: 102
num of flexible tasks: 702
Solving time: 0.00238531 seconds
plan limit 977
current timestep 863
num of flexible agents: 100
num of flexible tasks: 700
Solving time: 0.00240444 seconds
plan limit 977
current timestep 864
num of flexible agents: 104
num of flexible tasks: 704
Solving time: 0.00244495 seconds
plan limit 977
current timestep 865
num of flexible agents: 98
num of flexible tasks: 698
Solving time: 0.00233371 seconds
plan limit 977
current timestep 866
num of flexible agents: 105
num of flexible tasks: 705
Solving time: 0.00260095 seconds
plan limit 977
current timestep 867
num of flexible agents: 103
num of flexible tasks: 703
Solving time: 0.00247197 seconds
plan limit 977
current timestep 868
num of flexible agents: 112
num of flexible tasks: 712
Solving time: 0.00223124 seconds
plan limit 977
current timestep 869
num of flexible agents: 109
num of flexible tasks: 709
Solving time: 0.00224888 seconds
plan limit 977
current timestep 870
num of flexible agents: 103
num of flexible tasks: 703
Solving time: 0.0026692 seconds
plan limit 977
current timestep 871
num of flexible agents: 103
num of flexible tasks: 703
Solving time: 0.00235022 seconds
plan limit 977
current timestep 872
num of flexible agents: 101
num of flexible tasks: 701
Solving time: 0.00238768 seconds
plan limit 977
current timestep 873
num of flexible agents: 108
num of flexible tasks: 708
Solving time: 0.00239647 seconds
plan limit 977
current timestep 874
num of flexible agents: 106
num of flexible tasks: 706
Solving time: 0.00232053 seconds
plan limit 977
current timestep 875
num of flexible agents: 101
num of flexible tasks: 701
Solving time: 0.00235514 seconds
plan limit 977
current timestep 876
num of flexible agents: 108
num of flexible tasks: 708
Solving time: 0.00238831 seconds
plan limit 977
current timestep 877
num of flexible agents: 101
num of flexible tasks: 701
Solving time: 0.00237911 seconds
plan limit 977
current timestep 878
num of flexible agents: 99
num of flexible tasks: 699
Solving time: 0.00234561 seconds
plan limit 977
current timestep 879
num of flexible agents: 94
num of flexible tasks: 694
Solving time: 0.00228317 seconds
plan limit 977
current timestep 880
num of flexible agents: 102
num of flexible tasks: 702
Solving time: 0.00245255 seconds
plan limit 977
current timestep 881
num of flexible agents: 102
num of flexible tasks: 702
Solving time: 0.00232582 seconds
plan limit 977
current timestep 882
num of flexible agents: 114
num of flexible tasks: 714
Solving time: 0.00231663 seconds
plan limit 977
current timestep 883
num of flexible agents: 112
num of flexible tasks: 712
Solving time: 0.00235862 seconds
plan limit 977
current timestep 884
num of flexible agents: 111
num of flexible tasks: 711
Solving time: 0.00236682 seconds
plan limit 977
current timestep 885
num of flexible agents: 112
num of flexible tasks: 712
Solving time: 0.00229844 seconds
plan limit 977
current timestep 886
num of flexible agents: 112
num of flexible tasks: 712
Solving time: 0.0023317 seconds
plan limit 977
current timestep 887
num of flexible agents: 109
num of flexible tasks: 709
Solving time: 0.00282311 seconds
plan limit 977
current timestep 888
num of flexible agents: 113
num of flexible tasks: 713
Solving time: 0.00228633 seconds
plan limit 977
current timestep 889
num of flexible agents: 108
num of flexible tasks: 708
Solving time: 0.00235318 seconds
plan limit 977
current timestep 890
num of flexible agents: 110
num of flexible tasks: 710
Solving time: 0.00230099 seconds
plan limit 977
current timestep 891
num of flexible agents: 110
num of flexible tasks: 710
Solving time: 0.00256851 seconds
plan limit 977
current timestep 892
num of flexible agents: 102
num of flexible tasks: 702
Solving time: 0.00219844 seconds
plan limit 977
current timestep 893
num of flexible agents: 109
num of flexible tasks: 709
Solving time: 0.00242071 seconds
plan limit 977
current timestep 894
num of flexible agents: 104
num of flexible tasks: 704
Solving time: 0.0022374 seconds
plan limit 977
current timestep 895
num of flexible agents: 100
num of flexible tasks: 700
Solving time: 0.00223184 seconds
plan limit 977
current timestep 896
num of flexible agents: 92
num of flexible tasks: 692
Solving time: 0.00211453 seconds
plan limit 978
current timestep 897
num of flexible agents: 95
num of flexible tasks: 695
Solving time: 0.00244466 seconds
plan limit 977
current timestep 898
num of flexible agents: 102
num of flexible tasks: 702
Solving time: 0.00220255 seconds
plan limit 977
current timestep 899
num of flexible agents: 96
num of flexible tasks: 696
Solving time: 0.00222316 seconds
plan limit 977
current timestep 900
num of flexible agents: 86
num of flexible tasks: 686
Solving time: 0.00232337 seconds
plan limit 977
current timestep 901
num of flexible agents: 82
num of flexible tasks: 682
Solving time: 0.00217864 seconds
plan limit 977
current timestep 902
num of flexible agents: 86
num of flexible tasks: 686
Solving time: 0.0023451 seconds
plan limit 977
current timestep 903
num of flexible agents: 89
num of flexible tasks: 689
Solving time: 0.00231473 seconds
plan limit 977
current timestep 904
num of flexible agents: 89
num of flexible tasks: 689
Solving time: 0.00247354 seconds
plan limit 977
current timestep 905
num of flexible agents: 99
num of flexible tasks: 699
Solving time: 0.00227308 seconds
plan limit 977
current timestep 906
num of flexible agents: 98
num of flexible tasks: 698
Solving time: 0.00243805 seconds
plan limit 977
current timestep 907
num of flexible agents: 102
num of flexible tasks: 702
Solving time: 0.00236275 seconds
plan limit 977
current timestep 908
num of flexible agents: 99
num of flexible tasks: 699
Solving time: 0.00251776 seconds
plan limit 977
current timestep 909
num of flexible agents: 100
num of flexible tasks: 700
Solving time: 0.00229504 seconds
plan limit 977
current timestep 910
num of flexible agents: 98
num of flexible tasks: 698
Solving time: 0.00237631 seconds
plan limit 977
current timestep 911
num of flexible agents: 101
num of flexible tasks: 701
Solving time: 0.00245607 seconds
plan limit 977
current timestep 912
num of flexible agents: 102
num of flexible tasks: 702
Solving time: 0.0022973 seconds
plan limit 977
current timestep 913
num of flexible agents: 103
num of flexible tasks: 703
Solving time: 0.00245791 seconds
plan limit 977
current timestep 914
num of flexible agents: 103
num of flexible tasks: 703
Solving time: 0.00242298 seconds
plan limit 977
current timestep 915
num of flexible agents: 105
num of flexible tasks: 705
Solving time: 0.00228065 seconds
plan limit 977
current timestep 916
num of flexible agents: 103
num of flexible tasks: 703
Solving time: 0.00229871 seconds
plan limit 977
current timestep 917
num of flexible agents: 102
num of flexible tasks: 702
Solving time: 0.00229998 seconds
plan limit 977
current timestep 918
num of flexible agents: 101
num of flexible tasks: 701
Solving time: 0.00229766 seconds
plan limit 977
current timestep 919
num of flexible agents: 95
num of flexible tasks: 695
Solving time: 0.00214354 seconds
plan limit 977
current timestep 920
num of flexible agents: 96
num of flexible tasks: 696
Solving time: 0.00230703 seconds
plan limit 977
current timestep 921
num of flexible agents: 91
num of flexible tasks: 691
Solving time: 0.00216244 seconds
plan limit 977
current timestep 922
num of flexible agents: 88
num of flexible tasks: 688
Solving time: 0.00233581 seconds
plan limit 977
current timestep 923
num of flexible agents: 90
num of flexible tasks: 690
Solving time: 0.00227892 seconds
plan limit 977
current timestep 924
num of flexible agents: 94
num of flexible tasks: 694
Solving time: 0.00245594 seconds
plan limit 977
current timestep 925
num of flexible agents: 85
num of flexible tasks: 685
Solving time: 0.00252924 seconds
plan limit 977
current timestep 926
num of flexible agents: 83
num of flexible tasks: 683
Solving time: 0.00220421 seconds
plan limit 977
current timestep 927
num of flexible agents: 78
num of flexible tasks: 678
Solving time: 0.00220483 seconds
plan limit 977
current timestep 928
num of flexible agents: 76
num of flexible tasks: 676
Solving time: 0.00226553 seconds
plan limit 977
current timestep 929
num of flexible agents: 72
num of flexible tasks: 672
Solving time: 0.00249822 seconds
plan limit 977
current timestep 930
num of flexible agents: 71
num of flexible tasks: 671
Solving time: 0.00220764 seconds
plan limit 977
current timestep 931
num of flexible agents: 79
num of flexible tasks: 679
Solving time: 0.0022057 seconds
plan limit 977
current timestep 932
num of flexible agents: 90
num of flexible tasks: 690
Solving time: 0.00219567 seconds
plan limit 977
current timestep 933
num of flexible agents: 95
num of flexible tasks: 695
Solving time: 0.00225456 seconds
plan limit 977
current timestep 934
num of flexible agents: 91
num of flexible tasks: 691
Solving time: 0.00232242 seconds
plan limit 977
current timestep 935
num of flexible agents: 95
num of flexible tasks: 695
Solving time: 0.00221306 seconds
plan limit 977
current timestep 936
num of flexible agents: 98
num of flexible tasks: 698
Solving time: 0.00238642 seconds
plan limit 977
current timestep 937
num of flexible agents: 101
num of flexible tasks: 701
Solving time: 0.00243142 seconds
plan limit 977
current timestep 938
num of flexible agents: 99
num of flexible tasks: 699
Solving time: 0.00235707 seconds
plan limit 977
current timestep 939
num of flexible agents: 106
num of flexible tasks: 706
Solving time: 0.00239879 seconds
plan limit 977
current timestep 940
num of flexible agents: 105
num of flexible tasks: 705
Solving time: 0.0024042 seconds
plan limit 977
current timestep 941
num of flexible agents: 98
num of flexible tasks: 698
Solving time: 0.00235831 seconds
plan limit 977
current timestep 942
num of flexible agents: 108
num of flexible tasks: 708
Solving time: 0.00259749 seconds
plan limit 977
current timestep 943
num of flexible agents: 109
num of flexible tasks: 709
Solving time: 0.0024644 seconds
plan limit 977
current timestep 944
num of flexible agents: 115
num of flexible tasks: 715
Solving time: 0.00228048 seconds
plan limit 977
current timestep 945
num of flexible agents: 115
num of flexible tasks: 715
Solving time: 0.0024025 seconds
plan limit 977
current timestep 946
num of flexible agents: 108
num of flexible tasks: 708
Solving time: 0.00259452 seconds
plan limit 977
current timestep 947
num of flexible agents: 104
num of flexible tasks: 704
Solving time: 0.00234508 seconds
plan limit 977
current timestep 948
num of flexible agents: 97
num of flexible tasks: 697
Solving time: 0.00231399 seconds
plan limit 977
current timestep 949
num of flexible agents: 100
num of flexible tasks: 700
Solving time: 0.00225574 seconds
plan limit 977
current timestep 950
num of flexible agents: 100
num of flexible tasks: 700
Solving time: 0.00225355 seconds
plan limit 977
current timestep 951
num of flexible agents: 109
num of flexible tasks: 709
Solving time: 0.0024028 seconds
plan limit 977
current timestep 952
num of flexible agents: 105
num of flexible tasks: 705
Solving time: 0.00237776 seconds
plan limit 977
current timestep 953
num of flexible agents: 102
num of flexible tasks: 702
Solving time: 0.00237078 seconds
plan limit 977
current timestep 954
num of flexible agents: 99
num of flexible tasks: 699
Solving time: 0.00272125 seconds
plan limit 977
current timestep 955
num of flexible agents: 94
num of flexible tasks: 694
Solving time: 0.00236086 seconds
plan limit 977
current timestep 956
num of flexible agents: 95
num of flexible tasks: 695
Solving time: 0.0022078 seconds
plan limit 977
current timestep 957
num of flexible agents: 97
num of flexible tasks: 697
Solving time: 0.00224569 seconds
plan limit 977
current timestep 958
num of flexible agents: 99
num of flexible tasks: 699
Solving time: 0.00228162 seconds
plan limit 977
current timestep 959
num of flexible agents: 89
num of flexible tasks: 689
Solving time: 0.0022148 seconds
plan limit 977
current timestep 960
num of flexible agents: 91
num of flexible tasks: 691
Solving time: 0.00215203 seconds
plan limit 977
current timestep 961
num of flexible agents: 90
num of flexible tasks: 690
Solving time: 0.00225925 seconds
plan limit 977
current timestep 962
num of flexible agents: 91
num of flexible tasks: 691
Solving time: 0.00213701 seconds
plan limit 977
current timestep 963
num of flexible agents: 91
num of flexible tasks: 691
Solving time: 0.0023484 seconds
plan limit 977
current timestep 964
num of flexible agents: 97
num of flexible tasks: 697
Solving time: 0.00225042 seconds
plan limit 977
current timestep 965
num of flexible agents: 92
num of flexible tasks: 692
Solving time: 0.00217558 seconds
plan limit 977
current timestep 966
num of flexible agents: 92
num of flexible tasks: 692
Solving time: 0.00224669 seconds
plan limit 977
current timestep 967
num of flexible agents: 95
num of flexible tasks: 695
Solving time: 0.00249584 seconds
plan limit 977
current timestep 968
num of flexible agents: 93
num of flexible tasks: 693
Solving time: 0.0022171 seconds
plan limit 977
current timestep 969
num of flexible agents: 93
num of flexible tasks: 693
Solving time: 0.00227558 seconds
plan limit 977
current timestep 970
num of flexible agents: 96
num of flexible tasks: 696
Solving time: 0.00218215 seconds
plan limit 977
current timestep 971
num of flexible agents: 102
num of flexible tasks: 702
Solving time: 0.00232076 seconds
plan limit 977
current timestep 972
num of flexible agents: 108
num of flexible tasks: 708
Solving time: 0.00222573 seconds
plan limit 977
current timestep 973
num of flexible agents: 101
num of flexible tasks: 701
Solving time: 0.00224373 seconds
plan limit 977
current timestep 974
num of flexible agents: 99
num of flexible tasks: 699
Solving time: 0.00225639 seconds
plan limit 977
current timestep 975
num of flexible agents: 109
num of flexible tasks: 709
Solving time: 0.00220815 seconds
plan limit 977
current timestep 976
num of flexible agents: 103
num of flexible tasks: 703
Solving time: 0.00225757 seconds
plan limit 977
current timestep 977
num of flexible agents: 103
num of flexible tasks: 703
Solving time: 0.0024077 seconds
plan limit 977
current timestep 978
num of flexible agents: 104
num of flexible tasks: 704
Solving time: 0.00229811 seconds
plan limit 977
current timestep 979
num of flexible agents: 92
num of flexible tasks: 692
Solving time: 0.00234186 seconds
plan limit 977
current timestep 980
num of flexible agents: 89
num of flexible tasks: 689
Solving time: 0.00235024 seconds
plan limit 977
current timestep 981
num of flexible agents: 93
num of flexible tasks: 693
Solving time: 0.0023632 seconds
plan limit 977
current timestep 982
num of flexible agents: 84
num of flexible tasks: 684
Solving time: 0.00227917 seconds
plan limit 977
current timestep 983
num of flexible agents: 88
num of flexible tasks: 688
Solving time: 0.00227057 seconds
plan limit 977
current timestep 984
num of flexible agents: 85
num of flexible tasks: 685
Solving time: 0.00243404 seconds
plan limit 977
current timestep 985
num of flexible agents: 89
num of flexible tasks: 689
Solving time: 0.00233489 seconds
plan limit 977
current timestep 986
num of flexible agents: 99
num of flexible tasks: 699
Solving time: 0.00229905 seconds
plan limit 977
current timestep 987
num of flexible agents: 98
num of flexible tasks: 698
Solving time: 0.00220658 seconds
plan limit 977
current timestep 988
num of flexible agents: 91
num of flexible tasks: 691
Solving time: 0.00258753 seconds
plan limit 977
current timestep 989
num of flexible agents: 88
num of flexible tasks: 688
Solving time: 0.00226342 seconds
plan limit 977
current timestep 990
num of flexible agents: 82
num of flexible tasks: 682
Solving time: 0.00221086 seconds
plan limit 977
current timestep 991
num of flexible agents: 83
num of flexible tasks: 683
Solving time: 0.00226593 seconds
plan limit 977
current timestep 992
num of flexible agents: 94
num of flexible tasks: 694
Solving time: 0.00228185 seconds
plan limit 977
current timestep 993
num of flexible agents: 94
num of flexible tasks: 694
Solving time: 0.00224915 seconds
plan limit 977
current timestep 994
num of flexible agents: 86
num of flexible tasks: 686
Solving time: 0.0021707 seconds
plan limit 977
current timestep 995
num of flexible agents: 89
num of flexible tasks: 689
Solving time: 0.00220274 seconds
plan limit 977
current timestep 996
num of flexible agents: 94
num of flexible tasks: 694
Solving time: 0.00221471 seconds
plan limit 977
current timestep 997
num of flexible agents: 95
num of flexible tasks: 695
Solving time: 0.00224669 seconds
plan limit 977
current timestep 998
num of flexible agents: 96
num of flexible tasks: 696
Solving time: 0.00211845 seconds
plan limit 977
current timestep 999
num of flexible agents: 95
num of flexible tasks: 695
Solving time: 0.00252074 seconds
plan limit 977
