current timestep 0
num of flexible agents: 600
num of flexible tasks: 900
Solving time: 0.00142033 seconds
plan limit 979
current timestep 1
num of flexible agents: 564
num of flexible tasks: 864
Solving time: 0.00133728 seconds
plan limit 979
current timestep 2
num of flexible agents: 530
num of flexible tasks: 830
Solving time: 0.00134465 seconds
plan limit 979
current timestep 3
num of flexible agents: 492
num of flexible tasks: 792
Solving time: 0.00115808 seconds
plan limit 979
current timestep 4
num of flexible agents: 457
num of flexible tasks: 757
Solving time: 0.00116806 seconds
plan limit 979
current timestep 5
num of flexible agents: 426
num of flexible tasks: 726
Solving time: 0.00110807 seconds
plan limit 979
current timestep 6
num of flexible agents: 395
num of flexible tasks: 695
Solving time: 0.0010697 seconds
plan limit 979
current timestep 7
num of flexible agents: 373
num of flexible tasks: 673
Solving time: 0.000974764 seconds
plan limit 979
current timestep 8
num of flexible agents: 344
num of flexible tasks: 644
Solving time: 0.00101575 seconds
plan limit 979
current timestep 9
num of flexible agents: 317
num of flexible tasks: 617
Solving time: 0.00102101 seconds
plan limit 979
current timestep 10
num of flexible agents: 288
num of flexible tasks: 588
Solving time: 0.000894376 seconds
plan limit 979
current timestep 11
num of flexible agents: 266
num of flexible tasks: 566
Solving time: 0.000998232 seconds
plan limit 979
current timestep 12
num of flexible agents: 245
num of flexible tasks: 545
Solving time: 0.00092517 seconds
plan limit 979
current timestep 13
num of flexible agents: 225
num of flexible tasks: 525
Solving time: 0.000795228 seconds
plan limit 979
current timestep 14
num of flexible agents: 207
num of flexible tasks: 507
Solving time: 0.00084126 seconds
plan limit 979
current timestep 15
num of flexible agents: 184
num of flexible tasks: 484
Solving time: 0.000826881 seconds
plan limit 979
current timestep 16
num of flexible agents: 171
num of flexible tasks: 471
Solving time: 0.000864921 seconds
plan limit 979
current timestep 17
num of flexible agents: 158
num of flexible tasks: 458
Solving time: 0.00078401 seconds
plan limit 979
current timestep 18
num of flexible agents: 143
num of flexible tasks: 443
Solving time: 0.000838515 seconds
plan limit 979
current timestep 19
num of flexible agents: 134
num of flexible tasks: 434
Solving time: 0.000877024 seconds
plan limit 979
current timestep 20
num of flexible agents: 122
num of flexible tasks: 422
Solving time: 0.000778459 seconds
plan limit 979
current timestep 21
num of flexible agents: 118
num of flexible tasks: 418
Solving time: 0.000898428 seconds
plan limit 979
current timestep 22
num of flexible agents: 107
num of flexible tasks: 407
Solving time: 0.000827624 seconds
plan limit 979
current timestep 23
num of flexible agents: 102
num of flexible tasks: 402
Solving time: 0.000834867 seconds
plan limit 979
current timestep 24
num of flexible agents: 99
num of flexible tasks: 399
Solving time: 0.000871727 seconds
plan limit 979
current timestep 25
num of flexible agents: 92
num of flexible tasks: 392
Solving time: 0.000812058 seconds
plan limit 979
current timestep 26
num of flexible agents: 84
num of flexible tasks: 384
Solving time: 0.000868047 seconds
plan limit 979
current timestep 27
num of flexible agents: 89
num of flexible tasks: 389
Solving time: 0.000756679 seconds
plan limit 979
current timestep 28
num of flexible agents: 88
num of flexible tasks: 388
Solving time: 0.000774847 seconds
plan limit 979
current timestep 29
num of flexible agents: 87
num of flexible tasks: 387
Solving time: 0.000721343 seconds
plan limit 980
current timestep 30
num of flexible agents: 87
num of flexible tasks: 387
Solving time: 0.000727154 seconds
plan limit 979
current timestep 31
num of flexible agents: 88
num of flexible tasks: 388
Solving time: 0.000783645 seconds
plan limit 979
current timestep 32
num of flexible agents: 96
num of flexible tasks: 396
Solving time: 0.000722207 seconds
plan limit 979
current timestep 33
num of flexible agents: 100
num of flexible tasks: 400
Solving time: 0.000733769 seconds
plan limit 979
current timestep 34
num of flexible agents: 102
num of flexible tasks: 402
Solving time: 0.000791044 seconds
plan limit 979
current timestep 35
num of flexible agents: 103
num of flexible tasks: 403
Solving time: 0.000805112 seconds
plan limit 979
current timestep 36
num of flexible agents: 103
num of flexible tasks: 403
Solving time: 0.000809875 seconds
plan limit 979
current timestep 37
num of flexible agents: 107
num of flexible tasks: 407
Solving time: 0.000823583 seconds
plan limit 979
current timestep 38
num of flexible agents: 105
num of flexible tasks: 405
Solving time: 0.000750118 seconds
plan limit 979
current timestep 39
num of flexible agents: 106
num of flexible tasks: 406
Solving time: 0.000773758 seconds
plan limit 979
current timestep 40
num of flexible agents: 110
num of flexible tasks: 410
Solving time: 0.000827779 seconds
plan limit 979
current timestep 41
num of flexible agents: 107
num of flexible tasks: 407
Solving time: 0.00085079 seconds
plan limit 979
current timestep 42
num of flexible agents: 111
num of flexible tasks: 411
Solving time: 0.000754229 seconds
plan limit 979
current timestep 43
num of flexible agents: 115
num of flexible tasks: 415
Solving time: 0.00073873 seconds
plan limit 979
current timestep 44
num of flexible agents: 124
num of flexible tasks: 424
Solving time: 0.000786313 seconds
plan limit 979
current timestep 45
num of flexible agents: 130
num of flexible tasks: 430
Solving time: 0.000754009 seconds
plan limit 979
current timestep 46
num of flexible agents: 130
num of flexible tasks: 430
Solving time: 0.000820235 seconds
plan limit 979
current timestep 47
num of flexible agents: 138
num of flexible tasks: 438
Solving time: 0.000829091 seconds
plan limit 979
current timestep 48
num of flexible agents: 134
num of flexible tasks: 434
Solving time: 0.00082975 seconds
plan limit 979
current timestep 49
num of flexible agents: 138
num of flexible tasks: 438
Solving time: 0.000844764 seconds
plan limit 979
current timestep 50
num of flexible agents: 140
num of flexible tasks: 440
Solving time: 0.000887142 seconds
plan limit 979
current timestep 51
num of flexible agents: 139
num of flexible tasks: 439
Solving time: 0.000791355 seconds
plan limit 979
current timestep 52
num of flexible agents: 139
num of flexible tasks: 439
Solving time: 0.000819614 seconds
plan limit 979
current timestep 53
num of flexible agents: 140
num of flexible tasks: 440
Solving time: 0.000798857 seconds
plan limit 979
current timestep 54
num of flexible agents: 146
num of flexible tasks: 446
Solving time: 0.000885433 seconds
plan limit 979
current timestep 55
num of flexible agents: 156
num of flexible tasks: 456
Solving time: 0.000919739 seconds
plan limit 979
current timestep 56
num of flexible agents: 160
num of flexible tasks: 460
Solving time: 0.00086657 seconds
plan limit 979
current timestep 57
num of flexible agents: 170
num of flexible tasks: 470
Solving time: 0.000817735 seconds
plan limit 979
current timestep 58
num of flexible agents: 174
num of flexible tasks: 474
Solving time: 0.000829224 seconds
plan limit 979
current timestep 59
num of flexible agents: 180
num of flexible tasks: 480
Solving time: 0.000820746 seconds
plan limit 979
current timestep 60
num of flexible agents: 184
num of flexible tasks: 484
Solving time: 0.00087602 seconds
plan limit 979
current timestep 61
num of flexible agents: 185
num of flexible tasks: 485
Solving time: 0.000870625 seconds
plan limit 979
current timestep 62
num of flexible agents: 184
num of flexible tasks: 484
Solving time: 0.0008422 seconds
plan limit 979
current timestep 63
num of flexible agents: 180
num of flexible tasks: 480
Solving time: 0.00101772 seconds
plan limit 979
current timestep 64
num of flexible agents: 186
num of flexible tasks: 486
Solving time: 0.000846172 seconds
plan limit 979
current timestep 65
num of flexible agents: 189
num of flexible tasks: 489
Solving time: 0.000813908 seconds
plan limit 979
current timestep 66
num of flexible agents: 193
num of flexible tasks: 493
Solving time: 0.00089463 seconds
plan limit 979
current timestep 67
num of flexible agents: 192
num of flexible tasks: 492
Solving time: 0.000873024 seconds
plan limit 979
current timestep 68
num of flexible agents: 193
num of flexible tasks: 493
Solving time: 0.000916427 seconds
plan limit 979
current timestep 69
num of flexible agents: 195
num of flexible tasks: 495
Solving time: 0.00084735 seconds
plan limit 979
current timestep 70
num of flexible agents: 191
num of flexible tasks: 491
Solving time: 0.000897948 seconds
plan limit 979
current timestep 71
num of flexible agents: 188
num of flexible tasks: 488
Solving time: 0.000934385 seconds
plan limit 979
current timestep 72
num of flexible agents: 184
num of flexible tasks: 484
Solving time: 0.000845295 seconds
plan limit 979
current timestep 73
num of flexible agents: 183
num of flexible tasks: 483
Solving time: 0.000901269 seconds
plan limit 979
current timestep 74
num of flexible agents: 181
num of flexible tasks: 481
Solving time: 0.000908531 seconds
plan limit 979
current timestep 75
num of flexible agents: 183
num of flexible tasks: 483
Solving time: 0.000955176 seconds
plan limit 979
current timestep 76
num of flexible agents: 192
num of flexible tasks: 492
Solving time: 0.00104172 seconds
plan limit 979
current timestep 77
num of flexible agents: 192
num of flexible tasks: 492
Solving time: 0.000947929 seconds
plan limit 979
current timestep 78
num of flexible agents: 196
num of flexible tasks: 496
Solving time: 0.00095451 seconds
plan limit 979
current timestep 79
num of flexible agents: 205
num of flexible tasks: 505
Solving time: 0.000964072 seconds
plan limit 979
current timestep 80
num of flexible agents: 204
num of flexible tasks: 504
Solving time: 0.0010849 seconds
plan limit 979
current timestep 81
num of flexible agents: 205
num of flexible tasks: 505
Solving time: 0.000948766 seconds
plan limit 979
current timestep 82
num of flexible agents: 199
num of flexible tasks: 499
Solving time: 0.000939848 seconds
plan limit 979
current timestep 83
num of flexible agents: 205
num of flexible tasks: 505
Solving time: 0.000984236 seconds
plan limit 979
current timestep 84
num of flexible agents: 200
num of flexible tasks: 500
Solving time: 0.000936527 seconds
plan limit 979
current timestep 85
num of flexible agents: 200
num of flexible tasks: 500
Solving time: 0.000993172 seconds
plan limit 979
current timestep 86
num of flexible agents: 200
num of flexible tasks: 500
Solving time: 0.000902571 seconds
plan limit 979
current timestep 87
num of flexible agents: 202
num of flexible tasks: 502
Solving time: 0.000973259 seconds
plan limit 979
current timestep 88
num of flexible agents: 201
num of flexible tasks: 501
Solving time: 0.000947031 seconds
plan limit 979
current timestep 89
num of flexible agents: 201
num of flexible tasks: 501
Solving time: 0.00105381 seconds
plan limit 979
current timestep 90
num of flexible agents: 199
num of flexible tasks: 499
Solving time: 0.000937813 seconds
plan limit 979
current timestep 91
num of flexible agents: 203
num of flexible tasks: 503
Solving time: 0.0009277 seconds
plan limit 979
current timestep 92
num of flexible agents: 201
num of flexible tasks: 501
Solving time: 0.000964962 seconds
plan limit 979
current timestep 93
num of flexible agents: 201
num of flexible tasks: 501
Solving time: 0.000959485 seconds
plan limit 979
current timestep 94
num of flexible agents: 204
num of flexible tasks: 504
Solving time: 0.000982219 seconds
plan limit 979
current timestep 95
num of flexible agents: 206
num of flexible tasks: 506
Solving time: 0.000967255 seconds
plan limit 979
current timestep 96
num of flexible agents: 212
num of flexible tasks: 512
Solving time: 0.00102691 seconds
plan limit 979
current timestep 97
num of flexible agents: 215
num of flexible tasks: 515
Solving time: 0.00104828 seconds
plan limit 979
current timestep 98
num of flexible agents: 214
num of flexible tasks: 514
Solving time: 0.000981296 seconds
plan limit 979
current timestep 99
num of flexible agents: 214
num of flexible tasks: 514
Solving time: 0.00103301 seconds
plan limit 979
current timestep 100
num of flexible agents: 208
num of flexible tasks: 508
Solving time: 0.00104321 seconds
plan limit 979
current timestep 101
num of flexible agents: 206
num of flexible tasks: 506
Solving time: 0.00103165 seconds
plan limit 979
current timestep 102
num of flexible agents: 203
num of flexible tasks: 503
Solving time: 0.00115576 seconds
plan limit 979
current timestep 103
num of flexible agents: 211
num of flexible tasks: 511
Solving time: 0.0010494 seconds
plan limit 979
current timestep 104
num of flexible agents: 215
num of flexible tasks: 515
Solving time: 0.00106234 seconds
plan limit 979
current timestep 105
num of flexible agents: 217
num of flexible tasks: 517
Solving time: 0.00106517 seconds
plan limit 979
current timestep 106
num of flexible agents: 219
num of flexible tasks: 519
Solving time: 0.00113937 seconds
plan limit 979
current timestep 107
num of flexible agents: 210
num of flexible tasks: 510
Solving time: 0.00104633 seconds
plan limit 979
current timestep 108
num of flexible agents: 209
num of flexible tasks: 509
Solving time: 0.00111735 seconds
plan limit 979
current timestep 109
num of flexible agents: 213
num of flexible tasks: 513
Solving time: 0.00108756 seconds
plan limit 979
current timestep 110
num of flexible agents: 214
num of flexible tasks: 514
Solving time: 0.00109162 seconds
plan limit 979
current timestep 111
num of flexible agents: 214
num of flexible tasks: 514
Solving time: 0.00121061 seconds
plan limit 979
current timestep 112
num of flexible agents: 214
num of flexible tasks: 514
Solving time: 0.00106134 seconds
plan limit 979
current timestep 113
num of flexible agents: 211
num of flexible tasks: 511
Solving time: 0.00116118 seconds
plan limit 979
current timestep 114
num of flexible agents: 210
num of flexible tasks: 510
Solving time: 0.00111944 seconds
plan limit 979
current timestep 115
num of flexible agents: 212
num of flexible tasks: 512
Solving time: 0.00131626 seconds
plan limit 979
current timestep 116
num of flexible agents: 213
num of flexible tasks: 513
Solving time: 0.00119643 seconds
plan limit 979
current timestep 117
num of flexible agents: 215
num of flexible tasks: 515
Solving time: 0.00114551 seconds
plan limit 979
current timestep 118
num of flexible agents: 214
num of flexible tasks: 514
Solving time: 0.0011198 seconds
plan limit 979
current timestep 119
num of flexible agents: 211
num of flexible tasks: 511
Solving time: 0.00115482 seconds
plan limit 979
current timestep 120
num of flexible agents: 210
num of flexible tasks: 510
Solving time: 0.00106657 seconds
plan limit 979
current timestep 121
num of flexible agents: 214
num of flexible tasks: 514
Solving time: 0.00123229 seconds
plan limit 979
current timestep 122
num of flexible agents: 216
num of flexible tasks: 516
Solving time: 0.00116316 seconds
plan limit 979
current timestep 123
num of flexible agents: 221
num of flexible tasks: 521
Solving time: 0.00116625 seconds
plan limit 979
current timestep 124
num of flexible agents: 226
num of flexible tasks: 526
Solving time: 0.00117666 seconds
plan limit 979
current timestep 125
num of flexible agents: 227
num of flexible tasks: 527
Solving time: 0.00123546 seconds
plan limit 979
current timestep 126
num of flexible agents: 227
num of flexible tasks: 527
Solving time: 0.0011488 seconds
plan limit 979
current timestep 127
num of flexible agents: 227
num of flexible tasks: 527
Solving time: 0.00120066 seconds
plan limit 979
current timestep 128
num of flexible agents: 226
num of flexible tasks: 526
Solving time: 0.00121885 seconds
plan limit 979
current timestep 129
num of flexible agents: 224
num of flexible tasks: 524
Solving time: 0.00117238 seconds
plan limit 979
current timestep 130
num of flexible agents: 227
num of flexible tasks: 527
Solving time: 0.00115182 seconds
plan limit 979
current timestep 131
num of flexible agents: 232
num of flexible tasks: 532
Solving time: 0.00121109 seconds
plan limit 979
current timestep 132
num of flexible agents: 231
num of flexible tasks: 531
Solving time: 0.00118503 seconds
plan limit 979
current timestep 133
num of flexible agents: 229
num of flexible tasks: 529
Solving time: 0.00131897 seconds
plan limit 979
current timestep 134
num of flexible agents: 225
num of flexible tasks: 525
Solving time: 0.00120691 seconds
plan limit 979
current timestep 135
num of flexible agents: 226
num of flexible tasks: 526
Solving time: 0.00122132 seconds
plan limit 979
current timestep 136
num of flexible agents: 220
num of flexible tasks: 520
Solving time: 0.00117406 seconds
plan limit 979
current timestep 137
num of flexible agents: 213
num of flexible tasks: 513
Solving time: 0.00113989 seconds
plan limit 979
current timestep 138
num of flexible agents: 211
num of flexible tasks: 511
Solving time: 0.00114798 seconds
plan limit 979
current timestep 139
num of flexible agents: 210
num of flexible tasks: 510
Solving time: 0.00111899 seconds
plan limit 979
current timestep 140
num of flexible agents: 212
num of flexible tasks: 512
Solving time: 0.0011758 seconds
plan limit 979
current timestep 141
num of flexible agents: 217
num of flexible tasks: 517
Solving time: 0.00112691 seconds
plan limit 979
current timestep 142
num of flexible agents: 222
num of flexible tasks: 522
Solving time: 0.00112285 seconds
plan limit 979
current timestep 143
num of flexible agents: 222
num of flexible tasks: 522
Solving time: 0.0011681 seconds
plan limit 979
current timestep 144
num of flexible agents: 216
num of flexible tasks: 516
Solving time: 0.00116473 seconds
plan limit 979
current timestep 145
num of flexible agents: 211
num of flexible tasks: 511
Solving time: 0.00111432 seconds
plan limit 979
current timestep 146
num of flexible agents: 210
num of flexible tasks: 510
Solving time: 0.00125548 seconds
plan limit 979
current timestep 147
num of flexible agents: 210
num of flexible tasks: 510
Solving time: 0.00106019 seconds
plan limit 979
current timestep 148
num of flexible agents: 211
num of flexible tasks: 511
Solving time: 0.00112854 seconds
plan limit 979
current timestep 149
num of flexible agents: 213
num of flexible tasks: 513
Solving time: 0.00113554 seconds
plan limit 979
current timestep 150
num of flexible agents: 212
num of flexible tasks: 512
Solving time: 0.00118322 seconds
plan limit 979
current timestep 151
num of flexible agents: 216
num of flexible tasks: 516
Solving time: 0.00111716 seconds
plan limit 979
current timestep 152
num of flexible agents: 214
num of flexible tasks: 514
Solving time: 0.00116519 seconds
plan limit 979
current timestep 153
num of flexible agents: 212
num of flexible tasks: 512
Solving time: 0.00109052 seconds
plan limit 979
current timestep 154
num of flexible agents: 213
num of flexible tasks: 513
Solving time: 0.00116702 seconds
plan limit 979
current timestep 155
num of flexible agents: 208
num of flexible tasks: 508
Solving time: 0.00108342 seconds
plan limit 979
current timestep 156
num of flexible agents: 211
num of flexible tasks: 511
Solving time: 0.00100854 seconds
plan limit 979
current timestep 157
num of flexible agents: 212
num of flexible tasks: 512
Solving time: 0.00108072 seconds
plan limit 979
current timestep 158
num of flexible agents: 208
num of flexible tasks: 508
Solving time: 0.00111092 seconds
plan limit 979
current timestep 159
num of flexible agents: 209
num of flexible tasks: 509
Solving time: 0.00104242 seconds
plan limit 979
current timestep 160
num of flexible agents: 207
num of flexible tasks: 507
Solving time: 0.00110779 seconds
plan limit 979
current timestep 161
num of flexible agents: 209
num of flexible tasks: 509
Solving time: 0.00104001 seconds
plan limit 979
current timestep 162
num of flexible agents: 212
num of flexible tasks: 512
Solving time: 0.00106726 seconds
plan limit 979
current timestep 163
num of flexible agents: 210
num of flexible tasks: 510
Solving time: 0.00115768 seconds
plan limit 979
current timestep 164
num of flexible agents: 209
num of flexible tasks: 509
Solving time: 0.00110298 seconds
plan limit 979
current timestep 165
num of flexible agents: 214
num of flexible tasks: 514
Solving time: 0.0011167 seconds
plan limit 979
current timestep 166
num of flexible agents: 213
num of flexible tasks: 513
Solving time: 0.00115591 seconds
plan limit 979
current timestep 167
num of flexible agents: 213
num of flexible tasks: 513
Solving time: 0.00118837 seconds
plan limit 979
current timestep 168
num of flexible agents: 212
num of flexible tasks: 512
Solving time: 0.00120374 seconds
plan limit 979
current timestep 169
num of flexible agents: 214
num of flexible tasks: 514
Solving time: 0.00118931 seconds
plan limit 979
current timestep 170
num of flexible agents: 213
num of flexible tasks: 513
Solving time: 0.00107526 seconds
plan limit 979
current timestep 171
num of flexible agents: 221
num of flexible tasks: 521
Solving time: 0.00109988 seconds
plan limit 979
current timestep 172
num of flexible agents: 217
num of flexible tasks: 517
Solving time: 0.00117394 seconds
plan limit 979
current timestep 173
num of flexible agents: 224
num of flexible tasks: 524
Solving time: 0.00110442 seconds
plan limit 979
current timestep 174
num of flexible agents: 224
num of flexible tasks: 524
Solving time: 0.00120122 seconds
plan limit 979
current timestep 175
num of flexible agents: 224
num of flexible tasks: 524
Solving time: 0.00110031 seconds
plan limit 979
current timestep 176
num of flexible agents: 228
num of flexible tasks: 528
Solving time: 0.00118293 seconds
plan limit 979
current timestep 177
num of flexible agents: 227
num of flexible tasks: 527
Solving time: 0.00119049 seconds
plan limit 979
current timestep 178
num of flexible agents: 224
num of flexible tasks: 524
Solving time: 0.0010653 seconds
plan limit 979
current timestep 179
num of flexible agents: 222
num of flexible tasks: 522
Solving time: 0.00114131 seconds
plan limit 979
current timestep 180
num of flexible agents: 224
num of flexible tasks: 524
Solving time: 0.00118611 seconds
plan limit 979
current timestep 181
num of flexible agents: 224
num of flexible tasks: 524
Solving time: 0.00112074 seconds
plan limit 979
current timestep 182
num of flexible agents: 220
num of flexible tasks: 520
Solving time: 0.00112459 seconds
plan limit 979
current timestep 183
num of flexible agents: 217
num of flexible tasks: 517
Solving time: 0.00117356 seconds
plan limit 979
current timestep 184
num of flexible agents: 222
num of flexible tasks: 522
Solving time: 0.0011124 seconds
plan limit 979
current timestep 185
num of flexible agents: 227
num of flexible tasks: 527
Solving time: 0.00117562 seconds
plan limit 979
current timestep 186
num of flexible agents: 227
num of flexible tasks: 527
Solving time: 0.00119122 seconds
plan limit 979
current timestep 187
num of flexible agents: 228
num of flexible tasks: 528
Solving time: 0.00119538 seconds
plan limit 979
current timestep 188
num of flexible agents: 223
num of flexible tasks: 523
Solving time: 0.00113777 seconds
plan limit 979
current timestep 189
num of flexible agents: 228
num of flexible tasks: 528
Solving time: 0.00141759 seconds
plan limit 979
current timestep 190
num of flexible agents: 234
num of flexible tasks: 534
Solving time: 0.00120007 seconds
plan limit 979
current timestep 191
num of flexible agents: 232
num of flexible tasks: 532
Solving time: 0.00123853 seconds
plan limit 979
current timestep 192
num of flexible agents: 230
num of flexible tasks: 530
Solving time: 0.0012546 seconds
plan limit 979
current timestep 193
num of flexible agents: 228
num of flexible tasks: 528
Solving time: 0.00123299 seconds
plan limit 979
current timestep 194
num of flexible agents: 227
num of flexible tasks: 527
Solving time: 0.00130333 seconds
plan limit 979
current timestep 195
num of flexible agents: 227
num of flexible tasks: 527
Solving time: 0.00117199 seconds
plan limit 979
current timestep 196
num of flexible agents: 232
num of flexible tasks: 532
Solving time: 0.00122382 seconds
plan limit 979
current timestep 197
num of flexible agents: 233
num of flexible tasks: 533
Solving time: 0.00116571 seconds
plan limit 979
current timestep 198
num of flexible agents: 239
num of flexible tasks: 539
Solving time: 0.00109883 seconds
plan limit 979
current timestep 199
num of flexible agents: 240
num of flexible tasks: 540
Solving time: 0.00118684 seconds
plan limit 979
current timestep 200
num of flexible agents: 237
num of flexible tasks: 537
Solving time: 0.00122305 seconds
plan limit 979
current timestep 201
num of flexible agents: 234
num of flexible tasks: 534
Solving time: 0.00118429 seconds
plan limit 979
current timestep 202
num of flexible agents: 231
num of flexible tasks: 531
Solving time: 0.00123697 seconds
plan limit 979
current timestep 203
num of flexible agents: 232
num of flexible tasks: 532
Solving time: 0.00128736 seconds
plan limit 979
current timestep 204
num of flexible agents: 239
num of flexible tasks: 539
Solving time: 0.00122581 seconds
plan limit 979
current timestep 205
num of flexible agents: 245
num of flexible tasks: 545
Solving time: 0.00124571 seconds
plan limit 979
current timestep 206
num of flexible agents: 245
num of flexible tasks: 545
Solving time: 0.00132857 seconds
plan limit 979
current timestep 207
num of flexible agents: 243
num of flexible tasks: 543
Solving time: 0.00124499 seconds
plan limit 979
current timestep 208
num of flexible agents: 243
num of flexible tasks: 543
Solving time: 0.00120885 seconds
plan limit 979
current timestep 209
num of flexible agents: 249
num of flexible tasks: 549
Solving time: 0.0012851 seconds
plan limit 979
current timestep 210
num of flexible agents: 243
num of flexible tasks: 543
Solving time: 0.00121583 seconds
plan limit 979
current timestep 211
num of flexible agents: 240
num of flexible tasks: 540
Solving time: 0.00127265 seconds
plan limit 979
current timestep 212
num of flexible agents: 240
num of flexible tasks: 540
Solving time: 0.00124081 seconds
plan limit 979
current timestep 213
num of flexible agents: 241
num of flexible tasks: 541
Solving time: 0.00119181 seconds
plan limit 979
current timestep 214
num of flexible agents: 241
num of flexible tasks: 541
Solving time: 0.00118531 seconds
plan limit 979
current timestep 215
num of flexible agents: 239
num of flexible tasks: 539
Solving time: 0.00131071 seconds
plan limit 979
current timestep 216
num of flexible agents: 241
num of flexible tasks: 541
Solving time: 0.00120227 seconds
plan limit 979
current timestep 217
num of flexible agents: 238
num of flexible tasks: 538
Solving time: 0.00126351 seconds
plan limit 979
current timestep 218
num of flexible agents: 232
num of flexible tasks: 532
Solving time: 0.00117618 seconds
plan limit 979
current timestep 219
num of flexible agents: 230
num of flexible tasks: 530
Solving time: 0.00113094 seconds
plan limit 979
current timestep 220
num of flexible agents: 228
num of flexible tasks: 528
Solving time: 0.00116843 seconds
plan limit 979
current timestep 221
num of flexible agents: 224
num of flexible tasks: 524
Solving time: 0.00115811 seconds
plan limit 979
current timestep 222
num of flexible agents: 227
num of flexible tasks: 527
Solving time: 0.00119434 seconds
plan limit 979
current timestep 223
num of flexible agents: 226
num of flexible tasks: 526
Solving time: 0.0011661 seconds
plan limit 979
current timestep 224
num of flexible agents: 227
num of flexible tasks: 527
Solving time: 0.00131665 seconds
plan limit 979
current timestep 225
num of flexible agents: 233
num of flexible tasks: 533
Solving time: 0.00117508 seconds
plan limit 979
current timestep 226
num of flexible agents: 238
num of flexible tasks: 538
Solving time: 0.00124297 seconds
plan limit 979
current timestep 227
num of flexible agents: 239
num of flexible tasks: 539
Solving time: 0.00120704 seconds
plan limit 979
current timestep 228
num of flexible agents: 241
num of flexible tasks: 541
Solving time: 0.00120548 seconds
plan limit 979
current timestep 229
num of flexible agents: 242
num of flexible tasks: 542
Solving time: 0.00129586 seconds
plan limit 979
current timestep 230
num of flexible agents: 245
num of flexible tasks: 545
Solving time: 0.00125169 seconds
plan limit 979
current timestep 231
num of flexible agents: 250
num of flexible tasks: 550
Solving time: 0.00122723 seconds
plan limit 979
current timestep 232
num of flexible agents: 247
num of flexible tasks: 547
Solving time: 0.00117839 seconds
plan limit 979
current timestep 233
num of flexible agents: 245
num of flexible tasks: 545
Solving time: 0.00124329 seconds
plan limit 979
current timestep 234
num of flexible agents: 245
num of flexible tasks: 545
Solving time: 0.00136376 seconds
plan limit 979
current timestep 235
num of flexible agents: 252
num of flexible tasks: 552
Solving time: 0.00128107 seconds
plan limit 979
current timestep 236
num of flexible agents: 251
num of flexible tasks: 551
Solving time: 0.00125847 seconds
plan limit 979
current timestep 237
num of flexible agents: 257
num of flexible tasks: 557
Solving time: 0.00125401 seconds
plan limit 979
current timestep 238
num of flexible agents: 256
num of flexible tasks: 556
Solving time: 0.00120946 seconds
plan limit 979
current timestep 239
num of flexible agents: 257
num of flexible tasks: 557
Solving time: 0.00122203 seconds
plan limit 979
current timestep 240
num of flexible agents: 257
num of flexible tasks: 557
Solving time: 0.00116883 seconds
plan limit 979
current timestep 241
num of flexible agents: 252
num of flexible tasks: 552
Solving time: 0.00127847 seconds
plan limit 979
current timestep 242
num of flexible agents: 251
num of flexible tasks: 551
Solving time: 0.00123254 seconds
plan limit 979
current timestep 243
num of flexible agents: 248
num of flexible tasks: 548
Solving time: 0.00123658 seconds
plan limit 979
current timestep 244
num of flexible agents: 250
num of flexible tasks: 550
Solving time: 0.00122785 seconds
plan limit 979
current timestep 245
num of flexible agents: 249
num of flexible tasks: 549
Solving time: 0.00128065 seconds
plan limit 979
current timestep 246
num of flexible agents: 242
num of flexible tasks: 542
Solving time: 0.0012003 seconds
plan limit 979
current timestep 247
num of flexible agents: 243
num of flexible tasks: 543
Solving time: 0.0012149 seconds
plan limit 979
current timestep 248
num of flexible agents: 244
num of flexible tasks: 544
Solving time: 0.00122635 seconds
plan limit 979
current timestep 249
num of flexible agents: 241
num of flexible tasks: 541
Solving time: 0.00125462 seconds
plan limit 979
current timestep 250
num of flexible agents: 243
num of flexible tasks: 543
Solving time: 0.0013815 seconds
plan limit 979
current timestep 251
num of flexible agents: 239
num of flexible tasks: 539
Solving time: 0.00115581 seconds
plan limit 979
current timestep 252
num of flexible agents: 237
num of flexible tasks: 537
Solving time: 0.00124587 seconds
plan limit 979
current timestep 253
num of flexible agents: 235
num of flexible tasks: 535
Solving time: 0.00124638 seconds
plan limit 979
current timestep 254
num of flexible agents: 231
num of flexible tasks: 531
Solving time: 0.00117167 seconds
plan limit 979
current timestep 255
num of flexible agents: 228
num of flexible tasks: 528
Solving time: 0.00118467 seconds
plan limit 979
current timestep 256
num of flexible agents: 225
num of flexible tasks: 525
Solving time: 0.00129737 seconds
plan limit 979
current timestep 257
num of flexible agents: 223
num of flexible tasks: 523
Solving time: 0.0013433 seconds
plan limit 979
current timestep 258
num of flexible agents: 223
num of flexible tasks: 523
Solving time: 0.00122494 seconds
plan limit 979
current timestep 259
num of flexible agents: 222
num of flexible tasks: 522
Solving time: 0.00126966 seconds
plan limit 979
current timestep 260
num of flexible agents: 223
num of flexible tasks: 523
Solving time: 0.00120348 seconds
plan limit 979
current timestep 261
num of flexible agents: 226
num of flexible tasks: 526
Solving time: 0.00121813 seconds
plan limit 979
current timestep 262
num of flexible agents: 227
num of flexible tasks: 527
Solving time: 0.00122641 seconds
plan limit 979
current timestep 263
num of flexible agents: 226
num of flexible tasks: 526
Solving time: 0.00114604 seconds
plan limit 979
current timestep 264
num of flexible agents: 224
num of flexible tasks: 524
Solving time: 0.00116422 seconds
plan limit 979
current timestep 265
num of flexible agents: 226
num of flexible tasks: 526
Solving time: 0.00119525 seconds
plan limit 979
current timestep 266
num of flexible agents: 225
num of flexible tasks: 525
Solving time: 0.00116935 seconds
plan limit 979
current timestep 267
num of flexible agents: 226
num of flexible tasks: 526
Solving time: 0.0012713 seconds
plan limit 979
current timestep 268
num of flexible agents: 233
num of flexible tasks: 533
Solving time: 0.00117588 seconds
plan limit 979
current timestep 269
num of flexible agents: 237
num of flexible tasks: 537
Solving time: 0.00122025 seconds
plan limit 979
current timestep 270
num of flexible agents: 237
num of flexible tasks: 537
Solving time: 0.00125569 seconds
plan limit 979
current timestep 271
num of flexible agents: 233
num of flexible tasks: 533
Solving time: 0.00128681 seconds
plan limit 979
current timestep 272
num of flexible agents: 230
num of flexible tasks: 530
Solving time: 0.00138403 seconds
plan limit 979
current timestep 273
num of flexible agents: 236
num of flexible tasks: 536
Solving time: 0.00133041 seconds
plan limit 979
current timestep 274
num of flexible agents: 234
num of flexible tasks: 534
Solving time: 0.00126714 seconds
plan limit 979
current timestep 275
num of flexible agents: 231
num of flexible tasks: 531
Solving time: 0.00120425 seconds
plan limit 979
current timestep 276
num of flexible agents: 230
num of flexible tasks: 530
Solving time: 0.00133535 seconds
plan limit 979
current timestep 277
num of flexible agents: 231
num of flexible tasks: 531
Solving time: 0.00124223 seconds
plan limit 979
current timestep 278
num of flexible agents: 230
num of flexible tasks: 530
Solving time: 0.0012566 seconds
plan limit 979
current timestep 279
num of flexible agents: 230
num of flexible tasks: 530
Solving time: 0.00129341 seconds
plan limit 979
current timestep 280
num of flexible agents: 232
num of flexible tasks: 532
Solving time: 0.00120221 seconds
plan limit 979
current timestep 281
num of flexible agents: 235
num of flexible tasks: 535
Solving time: 0.00124242 seconds
plan limit 979
current timestep 282
num of flexible agents: 238
num of flexible tasks: 538
Solving time: 0.0013086 seconds
plan limit 979
current timestep 283
num of flexible agents: 236
num of flexible tasks: 536
Solving time: 0.00130661 seconds
plan limit 979
current timestep 284
num of flexible agents: 241
num of flexible tasks: 541
Solving time: 0.00131532 seconds
plan limit 979
current timestep 285
num of flexible agents: 245
num of flexible tasks: 545
Solving time: 0.00135684 seconds
plan limit 979
current timestep 286
num of flexible agents: 243
num of flexible tasks: 543
Solving time: 0.00119741 seconds
plan limit 979
current timestep 287
num of flexible agents: 245
num of flexible tasks: 545
Solving time: 0.00126155 seconds
plan limit 979
current timestep 288
num of flexible agents: 247
num of flexible tasks: 547
Solving time: 0.00126877 seconds
plan limit 979
current timestep 289
num of flexible agents: 250
num of flexible tasks: 550
Solving time: 0.0012683 seconds
plan limit 979
current timestep 290
num of flexible agents: 245
num of flexible tasks: 545
Solving time: 0.00135809 seconds
plan limit 979
current timestep 291
num of flexible agents: 248
num of flexible tasks: 548
Solving time: 0.00127575 seconds
plan limit 979
current timestep 292
num of flexible agents: 245
num of flexible tasks: 545
Solving time: 0.00131701 seconds
plan limit 979
current timestep 293
num of flexible agents: 242
num of flexible tasks: 542
Solving time: 0.00127725 seconds
plan limit 979
current timestep 294
num of flexible agents: 242
num of flexible tasks: 542
Solving time: 0.00126739 seconds
plan limit 979
current timestep 295
num of flexible agents: 242
num of flexible tasks: 542
Solving time: 0.00131664 seconds
plan limit 979
current timestep 296
num of flexible agents: 237
num of flexible tasks: 537
Solving time: 0.00125817 seconds
plan limit 979
current timestep 297
num of flexible agents: 239
num of flexible tasks: 539
Solving time: 0.00118051 seconds
plan limit 979
current timestep 298
num of flexible agents: 241
num of flexible tasks: 541
Solving time: 0.00148759 seconds
plan limit 979
current timestep 299
num of flexible agents: 249
num of flexible tasks: 549
Solving time: 0.00126068 seconds
plan limit 979
current timestep 300
num of flexible agents: 247
num of flexible tasks: 547
Solving time: 0.00135261 seconds
plan limit 979
current timestep 301
num of flexible agents: 249
num of flexible tasks: 549
Solving time: 0.00125167 seconds
plan limit 979
current timestep 302
num of flexible agents: 246
num of flexible tasks: 546
Solving time: 0.00121391 seconds
plan limit 979
current timestep 303
num of flexible agents: 246
num of flexible tasks: 546
Solving time: 0.00127371 seconds
plan limit 979
current timestep 304
num of flexible agents: 245
num of flexible tasks: 545
Solving time: 0.00121324 seconds
plan limit 979
current timestep 305
num of flexible agents: 244
num of flexible tasks: 544
Solving time: 0.0013184 seconds
plan limit 979
current timestep 306
num of flexible agents: 251
num of flexible tasks: 551
Solving time: 0.00124938 seconds
plan limit 979
current timestep 307
num of flexible agents: 250
num of flexible tasks: 550
Solving time: 0.00118227 seconds
plan limit 979
current timestep 308
num of flexible agents: 249
num of flexible tasks: 549
Solving time: 0.00127109 seconds
plan limit 979
current timestep 309
num of flexible agents: 249
num of flexible tasks: 549
Solving time: 0.00123355 seconds
plan limit 979
current timestep 310
num of flexible agents: 253
num of flexible tasks: 553
Solving time: 0.00122922 seconds
plan limit 979
current timestep 311
num of flexible agents: 250
num of flexible tasks: 550
Solving time: 0.00134458 seconds
plan limit 979
current timestep 312
num of flexible agents: 255
num of flexible tasks: 555
Solving time: 0.00131493 seconds
plan limit 979
current timestep 313
num of flexible agents: 249
num of flexible tasks: 549
Solving time: 0.00125299 seconds
plan limit 979
current timestep 314
num of flexible agents: 252
num of flexible tasks: 552
Solving time: 0.00129501 seconds
plan limit 979
current timestep 315
num of flexible agents: 253
num of flexible tasks: 553
Solving time: 0.0012808 seconds
plan limit 979
current timestep 316
num of flexible agents: 254
num of flexible tasks: 554
Solving time: 0.00121517 seconds
plan limit 979
current timestep 317
num of flexible agents: 256
num of flexible tasks: 556
Solving time: 0.00128097 seconds
plan limit 979
current timestep 318
num of flexible agents: 261
num of flexible tasks: 561
Solving time: 0.00127689 seconds
plan limit 979
current timestep 319
num of flexible agents: 271
num of flexible tasks: 571
Solving time: 0.00131294 seconds
plan limit 979
current timestep 320
num of flexible agents: 270
num of flexible tasks: 570
Solving time: 0.00128813 seconds
plan limit 979
current timestep 321
num of flexible agents: 265
num of flexible tasks: 565
Solving time: 0.00128249 seconds
plan limit 979
current timestep 322
num of flexible agents: 263
num of flexible tasks: 563
Solving time: 0.00125515 seconds
plan limit 979
current timestep 323
num of flexible agents: 256
num of flexible tasks: 556
Solving time: 0.00125491 seconds
plan limit 979
current timestep 324
num of flexible agents: 256
num of flexible tasks: 556
Solving time: 0.00138709 seconds
plan limit 979
current timestep 325
num of flexible agents: 254
num of flexible tasks: 554
Solving time: 0.00128019 seconds
plan limit 979
current timestep 326
num of flexible agents: 255
num of flexible tasks: 555
Solving time: 0.00127039 seconds
plan limit 979
current timestep 327
num of flexible agents: 251
num of flexible tasks: 551
Solving time: 0.00119774 seconds
plan limit 979
current timestep 328
num of flexible agents: 246
num of flexible tasks: 546
Solving time: 0.00120527 seconds
plan limit 979
current timestep 329
num of flexible agents: 250
num of flexible tasks: 550
Solving time: 0.00131633 seconds
plan limit 979
current timestep 330
num of flexible agents: 249
num of flexible tasks: 549
Solving time: 0.0012097 seconds
plan limit 979
current timestep 331
num of flexible agents: 245
num of flexible tasks: 545
Solving time: 0.00118341 seconds
plan limit 979
current timestep 332
num of flexible agents: 243
num of flexible tasks: 543
Solving time: 0.00127655 seconds
plan limit 979
current timestep 333
num of flexible agents: 242
num of flexible tasks: 542
Solving time: 0.00125495 seconds
plan limit 979
current timestep 334
num of flexible agents: 241
num of flexible tasks: 541
Solving time: 0.00128019 seconds
plan limit 979
current timestep 335
num of flexible agents: 238
num of flexible tasks: 538
Solving time: 0.00126967 seconds
plan limit 979
current timestep 336
num of flexible agents: 243
num of flexible tasks: 543
Solving time: 0.00129412 seconds
plan limit 979
current timestep 337
num of flexible agents: 239
num of flexible tasks: 539
Solving time: 0.0013904 seconds
plan limit 979
current timestep 338
num of flexible agents: 240
num of flexible tasks: 540
Solving time: 0.00129817 seconds
plan limit 979
current timestep 339
num of flexible agents: 239
num of flexible tasks: 539
Solving time: 0.00127488 seconds
plan limit 979
current timestep 340
num of flexible agents: 237
num of flexible tasks: 537
Solving time: 0.0012369 seconds
plan limit 979
current timestep 341
num of flexible agents: 237
num of flexible tasks: 537
Solving time: 0.00121706 seconds
plan limit 979
current timestep 342
num of flexible agents: 237
num of flexible tasks: 537
Solving time: 0.00120265 seconds
plan limit 979
current timestep 343
num of flexible agents: 238
num of flexible tasks: 538
Solving time: 0.00127744 seconds
plan limit 979
current timestep 344
num of flexible agents: 235
num of flexible tasks: 535
Solving time: 0.00128705 seconds
plan limit 979
current timestep 345
num of flexible agents: 231
num of flexible tasks: 531
Solving time: 0.00129405 seconds
plan limit 979
current timestep 346
num of flexible agents: 231
num of flexible tasks: 531
Solving time: 0.00142176 seconds
plan limit 979
current timestep 347
num of flexible agents: 228
num of flexible tasks: 528
Solving time: 0.00119214 seconds
plan limit 979
current timestep 348
num of flexible agents: 232
num of flexible tasks: 532
Solving time: 0.00121159 seconds
plan limit 979
current timestep 349
num of flexible agents: 232
num of flexible tasks: 532
Solving time: 0.00115745 seconds
plan limit 979
current timestep 350
num of flexible agents: 229
num of flexible tasks: 529
Solving time: 0.00129348 seconds
plan limit 979
current timestep 351
num of flexible agents: 228
num of flexible tasks: 528
Solving time: 0.00118732 seconds
plan limit 979
current timestep 352
num of flexible agents: 225
num of flexible tasks: 525
Solving time: 0.00127868 seconds
plan limit 979
current timestep 353
num of flexible agents: 222
num of flexible tasks: 522
Solving time: 0.00128897 seconds
plan limit 979
current timestep 354
num of flexible agents: 222
num of flexible tasks: 522
Solving time: 0.0012324 seconds
plan limit 979
current timestep 355
num of flexible agents: 224
num of flexible tasks: 524
Solving time: 0.0012726 seconds
plan limit 979
current timestep 356
num of flexible agents: 227
num of flexible tasks: 527
Solving time: 0.00120672 seconds
plan limit 979
current timestep 357
num of flexible agents: 227
num of flexible tasks: 527
Solving time: 0.00124378 seconds
plan limit 979
current timestep 358
num of flexible agents: 223
num of flexible tasks: 523
Solving time: 0.00124944 seconds
plan limit 979
current timestep 359
num of flexible agents: 223
num of flexible tasks: 523
Solving time: 0.00137555 seconds
plan limit 979
current timestep 360
num of flexible agents: 221
num of flexible tasks: 521
Solving time: 0.001244 seconds
plan limit 979
current timestep 361
num of flexible agents: 226
num of flexible tasks: 526
Solving time: 0.00118223 seconds
plan limit 979
current timestep 362
num of flexible agents: 223
num of flexible tasks: 523
Solving time: 0.0012488 seconds
plan limit 979
current timestep 363
num of flexible agents: 224
num of flexible tasks: 524
Solving time: 0.00125081 seconds
plan limit 979
current timestep 364
num of flexible agents: 225
num of flexible tasks: 525
Solving time: 0.00122155 seconds
plan limit 979
current timestep 365
num of flexible agents: 223
num of flexible tasks: 523
Solving time: 0.00130026 seconds
plan limit 979
current timestep 366
num of flexible agents: 222
num of flexible tasks: 522
Solving time: 0.00127347 seconds
plan limit 979
current timestep 367
num of flexible agents: 225
num of flexible tasks: 525
Solving time: 0.0012966 seconds
plan limit 979
current timestep 368
num of flexible agents: 228
num of flexible tasks: 528
Solving time: 0.00132525 seconds
plan limit 979
current timestep 369
num of flexible agents: 223
num of flexible tasks: 523
Solving time: 0.00126505 seconds
plan limit 979
current timestep 370
num of flexible agents: 226
num of flexible tasks: 526
Solving time: 0.00125334 seconds
plan limit 979
current timestep 371
num of flexible agents: 219
num of flexible tasks: 519
Solving time: 0.00121386 seconds
plan limit 979
current timestep 372
num of flexible agents: 219
num of flexible tasks: 519
Solving time: 0.00135469 seconds
plan limit 979
current timestep 373
num of flexible agents: 215
num of flexible tasks: 515
Solving time: 0.00117131 seconds
plan limit 979
current timestep 374
num of flexible agents: 213
num of flexible tasks: 513
Solving time: 0.00122437 seconds
plan limit 979
current timestep 375
num of flexible agents: 211
num of flexible tasks: 511
Solving time: 0.0013033 seconds
plan limit 979
current timestep 376
num of flexible agents: 208
num of flexible tasks: 508
Solving time: 0.00126914 seconds
plan limit 979
current timestep 377
num of flexible agents: 212
num of flexible tasks: 512
Solving time: 0.00124572 seconds
plan limit 979
current timestep 378
num of flexible agents: 214
num of flexible tasks: 514
Solving time: 0.00130729 seconds
plan limit 979
current timestep 379
num of flexible agents: 216
num of flexible tasks: 516
Solving time: 0.00126246 seconds
plan limit 979
current timestep 380
num of flexible agents: 218
num of flexible tasks: 518
Solving time: 0.00137191 seconds
plan limit 979
current timestep 381
num of flexible agents: 221
num of flexible tasks: 521
Solving time: 0.00140073 seconds
plan limit 979
current timestep 382
num of flexible agents: 218
num of flexible tasks: 518
Solving time: 0.00132367 seconds
plan limit 979
current timestep 383
num of flexible agents: 219
num of flexible tasks: 519
Solving time: 0.0013459 seconds
plan limit 979
current timestep 384
num of flexible agents: 216
num of flexible tasks: 516
Solving time: 0.00127235 seconds
plan limit 979
current timestep 385
num of flexible agents: 213
num of flexible tasks: 513
Solving time: 0.00144771 seconds
plan limit 979
current timestep 386
num of flexible agents: 212
num of flexible tasks: 512
Solving time: 0.00125016 seconds
plan limit 979
current timestep 387
num of flexible agents: 212
num of flexible tasks: 512
Solving time: 0.0012535 seconds
plan limit 979
current timestep 388
num of flexible agents: 213
num of flexible tasks: 513
Solving time: 0.0013369 seconds
plan limit 979
current timestep 389
num of flexible agents: 213
num of flexible tasks: 513
Solving time: 0.00119802 seconds
plan limit 979
current timestep 390
num of flexible agents: 212
num of flexible tasks: 512
Solving time: 0.00127962 seconds
plan limit 979
current timestep 391
num of flexible agents: 210
num of flexible tasks: 510
Solving time: 0.00137614 seconds
plan limit 979
current timestep 392
num of flexible agents: 210
num of flexible tasks: 510
Solving time: 0.00131969 seconds
plan limit 979
current timestep 393
num of flexible agents: 210
num of flexible tasks: 510
Solving time: 0.00127775 seconds
plan limit 979
current timestep 394
num of flexible agents: 211
num of flexible tasks: 511
Solving time: 0.00132299 seconds
plan limit 979
current timestep 395
num of flexible agents: 210
num of flexible tasks: 510
Solving time: 0.00129682 seconds
plan limit 979
current timestep 396
num of flexible agents: 213
num of flexible tasks: 513
Solving time: 0.00125112 seconds
plan limit 979
current timestep 397
num of flexible agents: 217
num of flexible tasks: 517
Solving time: 0.00131132 seconds
plan limit 979
current timestep 398
num of flexible agents: 223
num of flexible tasks: 523
Solving time: 0.00134948 seconds
plan limit 979
current timestep 399
num of flexible agents: 229
num of flexible tasks: 529
Solving time: 0.00135512 seconds
plan limit 979
current timestep 400
num of flexible agents: 227
num of flexible tasks: 527
Solving time: 0.00128904 seconds
plan limit 979
current timestep 401
num of flexible agents: 228
num of flexible tasks: 528
Solving time: 0.00129677 seconds
plan limit 979
current timestep 402
num of flexible agents: 223
num of flexible tasks: 523
Solving time: 0.00132706 seconds
plan limit 979
current timestep 403
num of flexible agents: 220
num of flexible tasks: 520
Solving time: 0.00130116 seconds
plan limit 979
current timestep 404
num of flexible agents: 218
num of flexible tasks: 518
Solving time: 0.00129585 seconds
plan limit 979
current timestep 405
num of flexible agents: 220
num of flexible tasks: 520
Solving time: 0.00131104 seconds
plan limit 979
current timestep 406
num of flexible agents: 218
num of flexible tasks: 518
Solving time: 0.00123363 seconds
plan limit 979
current timestep 407
num of flexible agents: 220
num of flexible tasks: 520
Solving time: 0.00141155 seconds
plan limit 979
current timestep 408
num of flexible agents: 221
num of flexible tasks: 521
Solving time: 0.00126155 seconds
plan limit 979
current timestep 409
num of flexible agents: 221
num of flexible tasks: 521
Solving time: 0.00134408 seconds
plan limit 979
current timestep 410
num of flexible agents: 221
num of flexible tasks: 521
Solving time: 0.0012425 seconds
plan limit 979
current timestep 411
num of flexible agents: 227
num of flexible tasks: 527
Solving time: 0.00126603 seconds
plan limit 979
current timestep 412
num of flexible agents: 224
num of flexible tasks: 524
Solving time: 0.00124682 seconds
plan limit 979
current timestep 413
num of flexible agents: 222
num of flexible tasks: 522
Solving time: 0.00128912 seconds
plan limit 979
current timestep 414
num of flexible agents: 221
num of flexible tasks: 521
Solving time: 0.00127342 seconds
plan limit 979
current timestep 415
num of flexible agents: 223
num of flexible tasks: 523
Solving time: 0.00128777 seconds
plan limit 979
current timestep 416
num of flexible agents: 221
num of flexible tasks: 521
Solving time: 0.00125425 seconds
plan limit 979
current timestep 417
num of flexible agents: 222
num of flexible tasks: 522
Solving time: 0.00130289 seconds
plan limit 979
current timestep 418
num of flexible agents: 220
num of flexible tasks: 520
Solving time: 0.00136827 seconds
plan limit 979
current timestep 419
num of flexible agents: 223
num of flexible tasks: 523
Solving time: 0.00128472 seconds
plan limit 979
current timestep 420
num of flexible agents: 221
num of flexible tasks: 521
Solving time: 0.00137468 seconds
plan limit 979
current timestep 421
num of flexible agents: 223
num of flexible tasks: 523
Solving time: 0.00126596 seconds
plan limit 979
current timestep 422
num of flexible agents: 224
num of flexible tasks: 524
Solving time: 0.00132508 seconds
plan limit 979
current timestep 423
num of flexible agents: 224
num of flexible tasks: 524
Solving time: 0.00119912 seconds
plan limit 979
current timestep 424
num of flexible agents: 226
num of flexible tasks: 526
Solving time: 0.00135614 seconds
plan limit 979
current timestep 425
num of flexible agents: 222
num of flexible tasks: 522
Solving time: 0.00133273 seconds
plan limit 979
current timestep 426
num of flexible agents: 220
num of flexible tasks: 520
Solving time: 0.00126857 seconds
plan limit 979
current timestep 427
num of flexible agents: 221
num of flexible tasks: 521
Solving time: 0.00125102 seconds
plan limit 979
current timestep 428
num of flexible agents: 220
num of flexible tasks: 520
Solving time: 0.0012284 seconds
plan limit 979
current timestep 429
num of flexible agents: 218
num of flexible tasks: 518
Solving time: 0.00123448 seconds
plan limit 979
current timestep 430
num of flexible agents: 218
num of flexible tasks: 518
Solving time: 0.00124899 seconds
plan limit 979
current timestep 431
num of flexible agents: 225
num of flexible tasks: 525
Solving time: 0.00129111 seconds
plan limit 979
current timestep 432
num of flexible agents: 228
num of flexible tasks: 528
Solving time: 0.00140803 seconds
plan limit 979
current timestep 433
num of flexible agents: 223
num of flexible tasks: 523
Solving time: 0.00128042 seconds
plan limit 979
current timestep 434
num of flexible agents: 223
num of flexible tasks: 523
Solving time: 0.00122379 seconds
plan limit 979
current timestep 435
num of flexible agents: 225
num of flexible tasks: 525
Solving time: 0.00124419 seconds
plan limit 979
current timestep 436
num of flexible agents: 226
num of flexible tasks: 526
Solving time: 0.00117339 seconds
plan limit 979
current timestep 437
num of flexible agents: 232
num of flexible tasks: 532
Solving time: 0.001299 seconds
plan limit 979
current timestep 438
num of flexible agents: 230
num of flexible tasks: 530
Solving time: 0.00123298 seconds
plan limit 979
current timestep 439
num of flexible agents: 227
num of flexible tasks: 527
Solving time: 0.00127819 seconds
plan limit 979
current timestep 440
num of flexible agents: 230
num of flexible tasks: 530
Solving time: 0.00130713 seconds
plan limit 979
current timestep 441
num of flexible agents: 226
num of flexible tasks: 526
Solving time: 0.00127225 seconds
plan limit 979
current timestep 442
num of flexible agents: 228
num of flexible tasks: 528
Solving time: 0.00139253 seconds
plan limit 979
current timestep 443
num of flexible agents: 229
num of flexible tasks: 529
Solving time: 0.00131348 seconds
plan limit 979
current timestep 444
num of flexible agents: 227
num of flexible tasks: 527
Solving time: 0.00132708 seconds
plan limit 979
current timestep 445
num of flexible agents: 230
num of flexible tasks: 530
Solving time: 0.00141892 seconds
plan limit 979
current timestep 446
num of flexible agents: 233
num of flexible tasks: 533
Solving time: 0.00128998 seconds
plan limit 979
current timestep 447
num of flexible agents: 237
num of flexible tasks: 537
Solving time: 0.00131446 seconds
plan limit 979
current timestep 448
num of flexible agents: 241
num of flexible tasks: 541
Solving time: 0.00129886 seconds
plan limit 979
current timestep 449
num of flexible agents: 236
num of flexible tasks: 536
Solving time: 0.00127825 seconds
plan limit 979
current timestep 450
num of flexible agents: 231
num of flexible tasks: 531
Solving time: 0.00133847 seconds
plan limit 979
current timestep 451
num of flexible agents: 233
num of flexible tasks: 533
Solving time: 0.00128403 seconds
plan limit 979
current timestep 452
num of flexible agents: 230
num of flexible tasks: 530
Solving time: 0.00128622 seconds
plan limit 979
current timestep 453
num of flexible agents: 234
num of flexible tasks: 534
Solving time: 0.00125194 seconds
plan limit 979
current timestep 454
num of flexible agents: 229
num of flexible tasks: 529
Solving time: 0.00141309 seconds
plan limit 979
current timestep 455
num of flexible agents: 233
num of flexible tasks: 533
Solving time: 0.00146054 seconds
plan limit 979
current timestep 456
num of flexible agents: 231
num of flexible tasks: 531
Solving time: 0.00133541 seconds
plan limit 979
current timestep 457
num of flexible agents: 232
num of flexible tasks: 532
Solving time: 0.00136753 seconds
plan limit 979
current timestep 458
num of flexible agents: 234
num of flexible tasks: 534
Solving time: 0.00132326 seconds
plan limit 979
current timestep 459
num of flexible agents: 235
num of flexible tasks: 535
Solving time: 0.00143761 seconds
plan limit 979
current timestep 460
num of flexible agents: 233
num of flexible tasks: 533
Solving time: 0.00135073 seconds
plan limit 979
current timestep 461
num of flexible agents: 227
num of flexible tasks: 527
Solving time: 0.00144101 seconds
plan limit 979
current timestep 462
num of flexible agents: 225
num of flexible tasks: 525
Solving time: 0.00130394 seconds
plan limit 979
current timestep 463
num of flexible agents: 225
num of flexible tasks: 525
Solving time: 0.00139918 seconds
plan limit 979
current timestep 464
num of flexible agents: 226
num of flexible tasks: 526
Solving time: 0.00126138 seconds
plan limit 979
current timestep 465
num of flexible agents: 226
num of flexible tasks: 526
Solving time: 0.00139922 seconds
plan limit 979
current timestep 466
num of flexible agents: 229
num of flexible tasks: 529
Solving time: 0.00127424 seconds
plan limit 979
current timestep 467
num of flexible agents: 233
num of flexible tasks: 533
Solving time: 0.00141599 seconds
plan limit 979
current timestep 468
num of flexible agents: 231
num of flexible tasks: 531
Solving time: 0.00164 seconds
plan limit 979
current timestep 469
num of flexible agents: 229
num of flexible tasks: 529
Solving time: 0.00146139 seconds
plan limit 979
current timestep 470
num of flexible agents: 227
num of flexible tasks: 527
Solving time: 0.00131961 seconds
plan limit 979
current timestep 471
num of flexible agents: 223
num of flexible tasks: 523
Solving time: 0.00133736 seconds
plan limit 979
current timestep 472
num of flexible agents: 228
num of flexible tasks: 528
Solving time: 0.00128249 seconds
plan limit 979
current timestep 473
num of flexible agents: 232
num of flexible tasks: 532
Solving time: 0.00132122 seconds
plan limit 979
current timestep 474
num of flexible agents: 232
num of flexible tasks: 532
Solving time: 0.0012886 seconds
plan limit 979
current timestep 475
num of flexible agents: 231
num of flexible tasks: 531
Solving time: 0.00132553 seconds
plan limit 979
current timestep 476
num of flexible agents: 236
num of flexible tasks: 536
Solving time: 0.00138701 seconds
plan limit 979
current timestep 477
num of flexible agents: 235
num of flexible tasks: 535
Solving time: 0.00133096 seconds
plan limit 979
current timestep 478
num of flexible agents: 239
num of flexible tasks: 539
Solving time: 0.00137273 seconds
plan limit 979
current timestep 479
num of flexible agents: 234
num of flexible tasks: 534
Solving time: 0.00121612 seconds
plan limit 979
current timestep 480
num of flexible agents: 233
num of flexible tasks: 533
Solving time: 0.00126006 seconds
plan limit 979
current timestep 481
num of flexible agents: 234
num of flexible tasks: 534
Solving time: 0.00141907 seconds
plan limit 979
current timestep 482
num of flexible agents: 237
num of flexible tasks: 537
Solving time: 0.00126959 seconds
plan limit 979
current timestep 483
num of flexible agents: 231
num of flexible tasks: 531
Solving time: 0.00121134 seconds
plan limit 979
current timestep 484
num of flexible agents: 234
num of flexible tasks: 534
Solving time: 0.00133604 seconds
plan limit 979
current timestep 485
num of flexible agents: 240
num of flexible tasks: 540
Solving time: 0.00119875 seconds
plan limit 979
current timestep 486
num of flexible agents: 240
num of flexible tasks: 540
Solving time: 0.0013752 seconds
plan limit 979
current timestep 487
num of flexible agents: 244
num of flexible tasks: 544
Solving time: 0.00132948 seconds
plan limit 979
current timestep 488
num of flexible agents: 243
num of flexible tasks: 543
Solving time: 0.00134257 seconds
plan limit 979
current timestep 489
num of flexible agents: 241
num of flexible tasks: 541
Solving time: 0.00129232 seconds
plan limit 979
current timestep 490
num of flexible agents: 241
num of flexible tasks: 541
Solving time: 0.00145274 seconds
plan limit 979
current timestep 491
num of flexible agents: 235
num of flexible tasks: 535
Solving time: 0.00131498 seconds
plan limit 979
current timestep 492
num of flexible agents: 239
num of flexible tasks: 539
Solving time: 0.00124901 seconds
plan limit 979
current timestep 493
num of flexible agents: 239
num of flexible tasks: 539
Solving time: 0.0013324 seconds
plan limit 979
current timestep 494
num of flexible agents: 235
num of flexible tasks: 535
Solving time: 0.00148348 seconds
plan limit 979
current timestep 495
num of flexible agents: 239
num of flexible tasks: 539
Solving time: 0.00128635 seconds
plan limit 979
current timestep 496
num of flexible agents: 236
num of flexible tasks: 536
Solving time: 0.00144914 seconds
plan limit 979
current timestep 497
num of flexible agents: 236
num of flexible tasks: 536
Solving time: 0.00131419 seconds
plan limit 979
current timestep 498
num of flexible agents: 239
num of flexible tasks: 539
Solving time: 0.00133182 seconds
plan limit 979
current timestep 499
num of flexible agents: 242
num of flexible tasks: 542
Solving time: 0.00139808 seconds
plan limit 979
current timestep 500
num of flexible agents: 245
num of flexible tasks: 545
Solving time: 0.00127896 seconds
plan limit 979
current timestep 501
num of flexible agents: 245
num of flexible tasks: 545
Solving time: 0.0013449 seconds
plan limit 979
current timestep 502
num of flexible agents: 241
num of flexible tasks: 541
Solving time: 0.00137702 seconds
plan limit 979
current timestep 503
num of flexible agents: 242
num of flexible tasks: 542
Solving time: 0.00155514 seconds
plan limit 979
current timestep 504
num of flexible agents: 239
num of flexible tasks: 539
Solving time: 0.0014054 seconds
plan limit 979
current timestep 505
num of flexible agents: 240
num of flexible tasks: 540
Solving time: 0.00146832 seconds
plan limit 979
current timestep 506
num of flexible agents: 246
num of flexible tasks: 546
Solving time: 0.00140792 seconds
plan limit 979
current timestep 507
num of flexible agents: 243
num of flexible tasks: 543
Solving time: 0.00130508 seconds
plan limit 979
current timestep 508
num of flexible agents: 236
num of flexible tasks: 536
Solving time: 0.0012619 seconds
plan limit 979
current timestep 509
num of flexible agents: 237
num of flexible tasks: 537
Solving time: 0.00135143 seconds
plan limit 979
current timestep 510
num of flexible agents: 246
num of flexible tasks: 546
Solving time: 0.00125525 seconds
plan limit 979
current timestep 511
num of flexible agents: 240
num of flexible tasks: 540
Solving time: 0.0013399 seconds
plan limit 979
current timestep 512
num of flexible agents: 241
num of flexible tasks: 541
Solving time: 0.00142013 seconds
plan limit 979
current timestep 513
num of flexible agents: 243
num of flexible tasks: 543
Solving time: 0.00137783 seconds
plan limit 979
current timestep 514
num of flexible agents: 248
num of flexible tasks: 548
Solving time: 0.00132155 seconds
plan limit 979
current timestep 515
num of flexible agents: 251
num of flexible tasks: 551
Solving time: 0.00138919 seconds
plan limit 979
current timestep 516
num of flexible agents: 245
num of flexible tasks: 545
Solving time: 0.00148649 seconds
plan limit 979
current timestep 517
num of flexible agents: 244
num of flexible tasks: 544
Solving time: 0.0013156 seconds
plan limit 979
current timestep 518
num of flexible agents: 248
num of flexible tasks: 548
Solving time: 0.00136945 seconds
plan limit 979
current timestep 519
num of flexible agents: 245
num of flexible tasks: 545
Solving time: 0.0013851 seconds
plan limit 979
current timestep 520
num of flexible agents: 245
num of flexible tasks: 545
Solving time: 0.00145166 seconds
plan limit 979
current timestep 521
num of flexible agents: 241
num of flexible tasks: 541
Solving time: 0.00140876 seconds
plan limit 979
current timestep 522
num of flexible agents: 246
num of flexible tasks: 546
Solving time: 0.00138295 seconds
plan limit 979
current timestep 523
num of flexible agents: 243
num of flexible tasks: 543
Solving time: 0.00134551 seconds
plan limit 979
current timestep 524
num of flexible agents: 243
num of flexible tasks: 543
Solving time: 0.00127575 seconds
plan limit 979
current timestep 525
num of flexible agents: 245
num of flexible tasks: 545
Solving time: 0.00133265 seconds
plan limit 979
current timestep 526
num of flexible agents: 242
num of flexible tasks: 542
Solving time: 0.00151279 seconds
plan limit 979
current timestep 527
num of flexible agents: 241
num of flexible tasks: 541
Solving time: 0.00129592 seconds
plan limit 979
current timestep 528
num of flexible agents: 242
num of flexible tasks: 542
Solving time: 0.00136871 seconds
plan limit 979
current timestep 529
num of flexible agents: 239
num of flexible tasks: 539
Solving time: 0.00154302 seconds
plan limit 979
current timestep 530
num of flexible agents: 239
num of flexible tasks: 539
Solving time: 0.001366 seconds
plan limit 979
current timestep 531
num of flexible agents: 240
num of flexible tasks: 540
Solving time: 0.00137463 seconds
plan limit 979
current timestep 532
num of flexible agents: 240
num of flexible tasks: 540
Solving time: 0.00139678 seconds
plan limit 979
current timestep 533
num of flexible agents: 241
num of flexible tasks: 541
Solving time: 0.00134071 seconds
plan limit 979
current timestep 534
num of flexible agents: 238
num of flexible tasks: 538
Solving time: 0.00129818 seconds
plan limit 979
current timestep 535
num of flexible agents: 241
num of flexible tasks: 541
Solving time: 0.00131834 seconds
plan limit 979
current timestep 536
num of flexible agents: 242
num of flexible tasks: 542
Solving time: 0.00131257 seconds
plan limit 979
current timestep 537
num of flexible agents: 248
num of flexible tasks: 548
Solving time: 0.00125912 seconds
plan limit 979
current timestep 538
num of flexible agents: 245
num of flexible tasks: 545
Solving time: 0.0015265 seconds
plan limit 979
current timestep 539
num of flexible agents: 244
num of flexible tasks: 544
Solving time: 0.00145411 seconds
plan limit 979
current timestep 540
num of flexible agents: 241
num of flexible tasks: 541
Solving time: 0.00146571 seconds
plan limit 979
current timestep 541
num of flexible agents: 238
num of flexible tasks: 538
Solving time: 0.00138885 seconds
plan limit 979
current timestep 542
num of flexible agents: 241
num of flexible tasks: 541
Solving time: 0.00140135 seconds
plan limit 979
current timestep 543
num of flexible agents: 239
num of flexible tasks: 539
Solving time: 0.00140871 seconds
plan limit 979
current timestep 544
num of flexible agents: 240
num of flexible tasks: 540
Solving time: 0.00133342 seconds
plan limit 979
current timestep 545
num of flexible agents: 239
num of flexible tasks: 539
Solving time: 0.00136978 seconds
plan limit 979
current timestep 546
num of flexible agents: 241
num of flexible tasks: 541
Solving time: 0.00140948 seconds
plan limit 979
current timestep 547
num of flexible agents: 242
num of flexible tasks: 542
Solving time: 0.00135348 seconds
plan limit 979
current timestep 548
num of flexible agents: 246
num of flexible tasks: 546
Solving time: 0.00136811 seconds
plan limit 979
current timestep 549
num of flexible agents: 248
num of flexible tasks: 548
Solving time: 0.00131458 seconds
plan limit 979
current timestep 550
num of flexible agents: 245
num of flexible tasks: 545
Solving time: 0.00134839 seconds
plan limit 979
current timestep 551
num of flexible agents: 243
num of flexible tasks: 543
Solving time: 0.00150034 seconds
plan limit 979
current timestep 552
num of flexible agents: 245
num of flexible tasks: 545
Solving time: 0.00139858 seconds
plan limit 979
current timestep 553
num of flexible agents: 242
num of flexible tasks: 542
Solving time: 0.00135277 seconds
plan limit 979
current timestep 554
num of flexible agents: 241
num of flexible tasks: 541
Solving time: 0.00135825 seconds
plan limit 979
current timestep 555
num of flexible agents: 247
num of flexible tasks: 547
Solving time: 0.00132998 seconds
plan limit 979
current timestep 556
num of flexible agents: 245
num of flexible tasks: 545
Solving time: 0.00136324 seconds
plan limit 979
current timestep 557
num of flexible agents: 249
num of flexible tasks: 549
Solving time: 0.0013732 seconds
plan limit 979
current timestep 558
num of flexible agents: 251
num of flexible tasks: 551
Solving time: 0.00133086 seconds
plan limit 979
current timestep 559
num of flexible agents: 251
num of flexible tasks: 551
Solving time: 0.00135265 seconds
plan limit 979
current timestep 560
num of flexible agents: 252
num of flexible tasks: 552
Solving time: 0.00136186 seconds
plan limit 979
current timestep 561
num of flexible agents: 250
num of flexible tasks: 550
Solving time: 0.0014088 seconds
plan limit 979
current timestep 562
num of flexible agents: 250
num of flexible tasks: 550
Solving time: 0.00135847 seconds
plan limit 979
current timestep 563
num of flexible agents: 256
num of flexible tasks: 556
Solving time: 0.00134419 seconds
plan limit 979
current timestep 564
num of flexible agents: 262
num of flexible tasks: 562
Solving time: 0.00159534 seconds
plan limit 979
current timestep 565
num of flexible agents: 257
num of flexible tasks: 557
Solving time: 0.00134421 seconds
plan limit 979
current timestep 566
num of flexible agents: 256
num of flexible tasks: 556
Solving time: 0.00135475 seconds
plan limit 979
current timestep 567
num of flexible agents: 258
num of flexible tasks: 558
Solving time: 0.00136661 seconds
plan limit 979
current timestep 568
num of flexible agents: 257
num of flexible tasks: 557
Solving time: 0.0013181 seconds
plan limit 979
current timestep 569
num of flexible agents: 256
num of flexible tasks: 556
Solving time: 0.00145481 seconds
plan limit 979
current timestep 570
num of flexible agents: 253
num of flexible tasks: 553
Solving time: 0.00145503 seconds
plan limit 979
current timestep 571
num of flexible agents: 254
num of flexible tasks: 554
Solving time: 0.00137374 seconds
plan limit 979
current timestep 572
num of flexible agents: 252
num of flexible tasks: 552
Solving time: 0.00137603 seconds
plan limit 979
current timestep 573
num of flexible agents: 256
num of flexible tasks: 556
Solving time: 0.00134689 seconds
plan limit 979
current timestep 574
num of flexible agents: 255
num of flexible tasks: 555
Solving time: 0.00137509 seconds
plan limit 979
current timestep 575
num of flexible agents: 254
num of flexible tasks: 554
Solving time: 0.00146279 seconds
plan limit 979
current timestep 576
num of flexible agents: 250
num of flexible tasks: 550
Solving time: 0.00139387 seconds
plan limit 979
current timestep 577
num of flexible agents: 247
num of flexible tasks: 547
Solving time: 0.00138876 seconds
plan limit 979
current timestep 578
num of flexible agents: 249
num of flexible tasks: 549
Solving time: 0.00137396 seconds
plan limit 979
current timestep 579
num of flexible agents: 246
num of flexible tasks: 546
Solving time: 0.001314 seconds
plan limit 979
current timestep 580
num of flexible agents: 252
num of flexible tasks: 552
Solving time: 0.00129269 seconds
plan limit 979
current timestep 581
num of flexible agents: 251
num of flexible tasks: 551
Solving time: 0.00137561 seconds
plan limit 979
current timestep 582
num of flexible agents: 248
num of flexible tasks: 548
Solving time: 0.00140186 seconds
plan limit 979
current timestep 583
num of flexible agents: 245
num of flexible tasks: 545
Solving time: 0.00133613 seconds
plan limit 979
current timestep 584
num of flexible agents: 248
num of flexible tasks: 548
Solving time: 0.00137138 seconds
plan limit 979
current timestep 585
num of flexible agents: 253
num of flexible tasks: 553
Solving time: 0.00129961 seconds
plan limit 979
current timestep 586
num of flexible agents: 251
num of flexible tasks: 551
Solving time: 0.00134641 seconds
plan limit 979
current timestep 587
num of flexible agents: 250
num of flexible tasks: 550
Solving time: 0.00135806 seconds
plan limit 979
current timestep 588
num of flexible agents: 256
num of flexible tasks: 556
Solving time: 0.00136504 seconds
plan limit 979
current timestep 589
num of flexible agents: 250
num of flexible tasks: 550
Solving time: 0.00134862 seconds
plan limit 979
current timestep 590
num of flexible agents: 246
num of flexible tasks: 546
Solving time: 0.00152095 seconds
plan limit 979
current timestep 591
num of flexible agents: 254
num of flexible tasks: 554
Solving time: 0.00139664 seconds
plan limit 979
current timestep 592
num of flexible agents: 252
num of flexible tasks: 552
Solving time: 0.00132571 seconds
plan limit 979
current timestep 593
num of flexible agents: 249
num of flexible tasks: 549
Solving time: 0.00128645 seconds
plan limit 979
current timestep 594
num of flexible agents: 253
num of flexible tasks: 553
Solving time: 0.00129053 seconds
plan limit 979
current timestep 595
num of flexible agents: 251
num of flexible tasks: 551
Solving time: 0.00135124 seconds
plan limit 979
current timestep 596
num of flexible agents: 249
num of flexible tasks: 549
Solving time: 0.00120435 seconds
plan limit 979
current timestep 597
num of flexible agents: 246
num of flexible tasks: 546
Solving time: 0.00133227 seconds
plan limit 979
current timestep 598
num of flexible agents: 244
num of flexible tasks: 544
Solving time: 0.00126898 seconds
plan limit 979
current timestep 599
num of flexible agents: 239
num of flexible tasks: 539
Solving time: 0.00148085 seconds
plan limit 979
current timestep 600
num of flexible agents: 238
num of flexible tasks: 538
Solving time: 0.00130409 seconds
plan limit 979
current timestep 601
num of flexible agents: 237
num of flexible tasks: 537
Solving time: 0.0012871 seconds
plan limit 979
current timestep 602
num of flexible agents: 234
num of flexible tasks: 534
Solving time: 0.00140346 seconds
plan limit 979
current timestep 603
num of flexible agents: 230
num of flexible tasks: 530
Solving time: 0.00134316 seconds
plan limit 979
current timestep 604
num of flexible agents: 235
num of flexible tasks: 535
Solving time: 0.00131046 seconds
plan limit 979
current timestep 605
num of flexible agents: 238
num of flexible tasks: 538
Solving time: 0.00140301 seconds
plan limit 979
current timestep 606
num of flexible agents: 240
num of flexible tasks: 540
Solving time: 0.00138113 seconds
plan limit 979
current timestep 607
num of flexible agents: 245
num of flexible tasks: 545
Solving time: 0.00134878 seconds
plan limit 979
current timestep 608
num of flexible agents: 240
num of flexible tasks: 540
Solving time: 0.00132849 seconds
plan limit 979
current timestep 609
num of flexible agents: 245
num of flexible tasks: 545
Solving time: 0.0014296 seconds
plan limit 979
current timestep 610
num of flexible agents: 240
num of flexible tasks: 540
Solving time: 0.00137604 seconds
plan limit 979
current timestep 611
num of flexible agents: 237
num of flexible tasks: 537
Solving time: 0.00130281 seconds
plan limit 979
current timestep 612
num of flexible agents: 244
num of flexible tasks: 544
Solving time: 0.00151215 seconds
plan limit 979
current timestep 613
num of flexible agents: 250
num of flexible tasks: 550
Solving time: 0.00137223 seconds
plan limit 979
current timestep 614
num of flexible agents: 251
num of flexible tasks: 551
Solving time: 0.00131799 seconds
plan limit 979
current timestep 615
num of flexible agents: 253
num of flexible tasks: 553
Solving time: 0.00144509 seconds
plan limit 979
current timestep 616
num of flexible agents: 254
num of flexible tasks: 554
Solving time: 0.00146256 seconds
plan limit 979
current timestep 617
num of flexible agents: 253
num of flexible tasks: 553
Solving time: 0.00135966 seconds
plan limit 979
current timestep 618
num of flexible agents: 255
num of flexible tasks: 555
Solving time: 0.00137328 seconds
plan limit 979
current timestep 619
num of flexible agents: 257
num of flexible tasks: 557
Solving time: 0.00140782 seconds
plan limit 979
current timestep 620
num of flexible agents: 258
num of flexible tasks: 558
Solving time: 0.0013406 seconds
plan limit 979
current timestep 621
num of flexible agents: 256
num of flexible tasks: 556
Solving time: 0.00136026 seconds
plan limit 979
current timestep 622
num of flexible agents: 254
num of flexible tasks: 554
Solving time: 0.0015104 seconds
plan limit 979
current timestep 623
num of flexible agents: 248
num of flexible tasks: 548
Solving time: 0.00130091 seconds
plan limit 979
current timestep 624
num of flexible agents: 249
num of flexible tasks: 549
Solving time: 0.00134518 seconds
plan limit 979
current timestep 625
num of flexible agents: 245
num of flexible tasks: 545
Solving time: 0.00144311 seconds
plan limit 979
current timestep 626
num of flexible agents: 245
num of flexible tasks: 545
Solving time: 0.00135844 seconds
plan limit 979
current timestep 627
num of flexible agents: 238
num of flexible tasks: 538
Solving time: 0.0014026 seconds
plan limit 979
current timestep 628
num of flexible agents: 230
num of flexible tasks: 530
Solving time: 0.00138095 seconds
plan limit 979
current timestep 629
num of flexible agents: 233
num of flexible tasks: 533
Solving time: 0.00137993 seconds
plan limit 979
current timestep 630
num of flexible agents: 231
num of flexible tasks: 531
Solving time: 0.00134186 seconds
plan limit 979
current timestep 631
num of flexible agents: 234
num of flexible tasks: 534
Solving time: 0.00135088 seconds
plan limit 979
current timestep 632
num of flexible agents: 231
num of flexible tasks: 531
Solving time: 0.00133742 seconds
plan limit 979
current timestep 633
num of flexible agents: 238
num of flexible tasks: 538
Solving time: 0.00138705 seconds
plan limit 979
current timestep 634
num of flexible agents: 243
num of flexible tasks: 543
Solving time: 0.00147833 seconds
plan limit 979
current timestep 635
num of flexible agents: 245
num of flexible tasks: 545
Solving time: 0.00137843 seconds
plan limit 979
current timestep 636
num of flexible agents: 241
num of flexible tasks: 541
Solving time: 0.00131235 seconds
plan limit 979
current timestep 637
num of flexible agents: 242
num of flexible tasks: 542
Solving time: 0.0013497 seconds
plan limit 979
current timestep 638
num of flexible agents: 243
num of flexible tasks: 543
Solving time: 0.0014466 seconds
plan limit 979
current timestep 639
num of flexible agents: 239
num of flexible tasks: 539
Solving time: 0.00139822 seconds
plan limit 979
current timestep 640
num of flexible agents: 240
num of flexible tasks: 540
Solving time: 0.0013737 seconds
plan limit 979
current timestep 641
num of flexible agents: 242
num of flexible tasks: 542
Solving time: 0.00135666 seconds
plan limit 979
current timestep 642
num of flexible agents: 247
num of flexible tasks: 547
Solving time: 0.0013141 seconds
plan limit 979
current timestep 643
num of flexible agents: 242
num of flexible tasks: 542
Solving time: 0.00135027 seconds
plan limit 979
current timestep 644
num of flexible agents: 243
num of flexible tasks: 543
Solving time: 0.00130933 seconds
plan limit 979
current timestep 645
num of flexible agents: 239
num of flexible tasks: 539
Solving time: 0.00148545 seconds
plan limit 979
current timestep 646
num of flexible agents: 240
num of flexible tasks: 540
Solving time: 0.00133286 seconds
plan limit 979
current timestep 647
num of flexible agents: 234
num of flexible tasks: 534
Solving time: 0.00134947 seconds
plan limit 979
current timestep 648
num of flexible agents: 235
num of flexible tasks: 535
Solving time: 0.00143664 seconds
plan limit 979
current timestep 649
num of flexible agents: 233
num of flexible tasks: 533
Solving time: 0.00136593 seconds
plan limit 979
current timestep 650
num of flexible agents: 237
num of flexible tasks: 537
Solving time: 0.00137378 seconds
plan limit 979
current timestep 651
num of flexible agents: 235
num of flexible tasks: 535
Solving time: 0.00144128 seconds
plan limit 979
current timestep 652
num of flexible agents: 237
num of flexible tasks: 537
Solving time: 0.00143462 seconds
plan limit 979
current timestep 653
num of flexible agents: 236
num of flexible tasks: 536
Solving time: 0.0014501 seconds
plan limit 979
current timestep 654
num of flexible agents: 237
num of flexible tasks: 537
Solving time: 0.00137633 seconds
plan limit 979
current timestep 655
num of flexible agents: 238
num of flexible tasks: 538
Solving time: 0.00137759 seconds
plan limit 979
current timestep 656
num of flexible agents: 244
num of flexible tasks: 544
Solving time: 0.00134209 seconds
plan limit 979
current timestep 657
num of flexible agents: 244
num of flexible tasks: 544
Solving time: 0.00142308 seconds
plan limit 979
current timestep 658
num of flexible agents: 243
num of flexible tasks: 543
Solving time: 0.00138073 seconds
plan limit 979
current timestep 659
num of flexible agents: 244
num of flexible tasks: 544
Solving time: 0.00141001 seconds
plan limit 979
current timestep 660
num of flexible agents: 247
num of flexible tasks: 547
Solving time: 0.00157811 seconds
plan limit 979
current timestep 661
num of flexible agents: 247
num of flexible tasks: 547
Solving time: 0.00142747 seconds
plan limit 979
current timestep 662
num of flexible agents: 251
num of flexible tasks: 551
Solving time: 0.00144804 seconds
plan limit 979
current timestep 663
num of flexible agents: 244
num of flexible tasks: 544
Solving time: 0.00133273 seconds
plan limit 979
current timestep 664
num of flexible agents: 244
num of flexible tasks: 544
Solving time: 0.0013354 seconds
plan limit 979
current timestep 665
num of flexible agents: 244
num of flexible tasks: 544
Solving time: 0.00130499 seconds
plan limit 979
current timestep 666
num of flexible agents: 247
num of flexible tasks: 547
Solving time: 0.00133095 seconds
plan limit 979
current timestep 667
num of flexible agents: 241
num of flexible tasks: 541
Solving time: 0.00132536 seconds
plan limit 979
current timestep 668
num of flexible agents: 241
num of flexible tasks: 541
Solving time: 0.00136034 seconds
plan limit 979
current timestep 669
num of flexible agents: 237
num of flexible tasks: 537
Solving time: 0.00137633 seconds
plan limit 979
current timestep 670
num of flexible agents: 237
num of flexible tasks: 537
Solving time: 0.00137615 seconds
plan limit 979
current timestep 671
num of flexible agents: 233
num of flexible tasks: 533
Solving time: 0.00140274 seconds
plan limit 979
current timestep 672
num of flexible agents: 234
num of flexible tasks: 534
Solving time: 0.00134099 seconds
plan limit 979
current timestep 673
num of flexible agents: 237
num of flexible tasks: 537
Solving time: 0.00169729 seconds
plan limit 979
current timestep 674
num of flexible agents: 237
num of flexible tasks: 537
Solving time: 0.00134954 seconds
plan limit 979
current timestep 675
num of flexible agents: 233
num of flexible tasks: 533
Solving time: 0.00132829 seconds
plan limit 979
current timestep 676
num of flexible agents: 233
num of flexible tasks: 533
Solving time: 0.00137374 seconds
plan limit 979
current timestep 677
num of flexible agents: 234
num of flexible tasks: 534
Solving time: 0.00137008 seconds
plan limit 979
current timestep 678
num of flexible agents: 236
num of flexible tasks: 536
Solving time: 0.00143232 seconds
plan limit 979
current timestep 679
num of flexible agents: 237
num of flexible tasks: 537
Solving time: 0.00142296 seconds
plan limit 979
current timestep 680
num of flexible agents: 235
num of flexible tasks: 535
Solving time: 0.00138573 seconds
plan limit 979
current timestep 681
num of flexible agents: 236
num of flexible tasks: 536
Solving time: 0.00132642 seconds
plan limit 979
current timestep 682
num of flexible agents: 234
num of flexible tasks: 534
Solving time: 0.00135583 seconds
plan limit 979
current timestep 683
num of flexible agents: 237
num of flexible tasks: 537
Solving time: 0.00148894 seconds
plan limit 979
current timestep 684
num of flexible agents: 236
num of flexible tasks: 536
Solving time: 0.00139518 seconds
plan limit 979
current timestep 685
num of flexible agents: 240
num of flexible tasks: 540
Solving time: 0.00142316 seconds
plan limit 979
current timestep 686
num of flexible agents: 241
num of flexible tasks: 541
Solving time: 0.00150056 seconds
plan limit 979
current timestep 687
num of flexible agents: 235
num of flexible tasks: 535
Solving time: 0.00131512 seconds
plan limit 979
current timestep 688
num of flexible agents: 236
num of flexible tasks: 536
Solving time: 0.00138442 seconds
plan limit 979
current timestep 689
num of flexible agents: 238
num of flexible tasks: 538
Solving time: 0.00141083 seconds
plan limit 979
current timestep 690
num of flexible agents: 242
num of flexible tasks: 542
Solving time: 0.00141844 seconds
plan limit 979
current timestep 691
num of flexible agents: 242
num of flexible tasks: 542
Solving time: 0.00149113 seconds
plan limit 979
current timestep 692
num of flexible agents: 241
num of flexible tasks: 541
Solving time: 0.00141624 seconds
plan limit 979
current timestep 693
num of flexible agents: 244
num of flexible tasks: 544
Solving time: 0.00140228 seconds
plan limit 979
current timestep 694
num of flexible agents: 232
num of flexible tasks: 532
Solving time: 0.00139833 seconds
plan limit 979
current timestep 695
num of flexible agents: 236
num of flexible tasks: 536
Solving time: 0.0014021 seconds
plan limit 979
current timestep 696
num of flexible agents: 238
num of flexible tasks: 538
Solving time: 0.00129552 seconds
plan limit 979
current timestep 697
num of flexible agents: 238
num of flexible tasks: 538
Solving time: 0.0013886 seconds
plan limit 979
current timestep 698
num of flexible agents: 242
num of flexible tasks: 542
Solving time: 0.00137243 seconds
plan limit 979
current timestep 699
num of flexible agents: 244
num of flexible tasks: 544
Solving time: 0.00157739 seconds
plan limit 979
current timestep 700
num of flexible agents: 245
num of flexible tasks: 545
Solving time: 0.00137289 seconds
plan limit 979
current timestep 701
num of flexible agents: 245
num of flexible tasks: 545
Solving time: 0.00141213 seconds
plan limit 979
current timestep 702
num of flexible agents: 251
num of flexible tasks: 551
Solving time: 0.00142406 seconds
plan limit 979
current timestep 703
num of flexible agents: 250
num of flexible tasks: 550
Solving time: 0.00140366 seconds
plan limit 979
current timestep 704
num of flexible agents: 251
num of flexible tasks: 551
Solving time: 0.00136079 seconds
plan limit 979
current timestep 705
num of flexible agents: 248
num of flexible tasks: 548
Solving time: 0.00136391 seconds
plan limit 979
current timestep 706
num of flexible agents: 247
num of flexible tasks: 547
Solving time: 0.00139322 seconds
plan limit 979
current timestep 707
num of flexible agents: 249
num of flexible tasks: 549
Solving time: 0.00136596 seconds
plan limit 979
current timestep 708
num of flexible agents: 248
num of flexible tasks: 548
Solving time: 0.00148002 seconds
plan limit 979
current timestep 709
num of flexible agents: 248
num of flexible tasks: 548
Solving time: 0.00146524 seconds
plan limit 979
current timestep 710
num of flexible agents: 245
num of flexible tasks: 545
Solving time: 0.00137648 seconds
plan limit 979
current timestep 711
num of flexible agents: 244
num of flexible tasks: 544
Solving time: 0.0014629 seconds
plan limit 979
current timestep 712
num of flexible agents: 242
num of flexible tasks: 542
Solving time: 0.00158792 seconds
plan limit 979
current timestep 713
num of flexible agents: 243
num of flexible tasks: 543
Solving time: 0.00134861 seconds
plan limit 979
current timestep 714
num of flexible agents: 247
num of flexible tasks: 547
Solving time: 0.00146369 seconds
plan limit 979
current timestep 715
num of flexible agents: 242
num of flexible tasks: 542
Solving time: 0.00136202 seconds
plan limit 979
current timestep 716
num of flexible agents: 248
num of flexible tasks: 548
Solving time: 0.00134513 seconds
plan limit 979
current timestep 717
num of flexible agents: 244
num of flexible tasks: 544
Solving time: 0.0014173 seconds
plan limit 979
current timestep 718
num of flexible agents: 237
num of flexible tasks: 537
Solving time: 0.00138495 seconds
plan limit 979
current timestep 719
num of flexible agents: 232
num of flexible tasks: 532
Solving time: 0.0013121 seconds
plan limit 979
current timestep 720
num of flexible agents: 232
num of flexible tasks: 532
Solving time: 0.00142013 seconds
plan limit 979
current timestep 721
num of flexible agents: 229
num of flexible tasks: 529
Solving time: 0.00143302 seconds
plan limit 979
current timestep 722
num of flexible agents: 232
num of flexible tasks: 532
Solving time: 0.00147837 seconds
plan limit 979
current timestep 723
num of flexible agents: 237
num of flexible tasks: 537
Solving time: 0.00136413 seconds
plan limit 979
current timestep 724
num of flexible agents: 237
num of flexible tasks: 537
Solving time: 0.00149707 seconds
plan limit 979
current timestep 725
num of flexible agents: 236
num of flexible tasks: 536
Solving time: 0.00155345 seconds
plan limit 979
current timestep 726
num of flexible agents: 230
num of flexible tasks: 530
Solving time: 0.00137402 seconds
plan limit 979
current timestep 727
num of flexible agents: 229
num of flexible tasks: 529
Solving time: 0.00145177 seconds
plan limit 979
current timestep 728
num of flexible agents: 225
num of flexible tasks: 525
Solving time: 0.00135495 seconds
plan limit 979
current timestep 729
num of flexible agents: 221
num of flexible tasks: 521
Solving time: 0.00136463 seconds
plan limit 979
current timestep 730
num of flexible agents: 228
num of flexible tasks: 528
Solving time: 0.00137688 seconds
plan limit 979
current timestep 731
num of flexible agents: 231
num of flexible tasks: 531
Solving time: 0.00135095 seconds
plan limit 979
current timestep 732
num of flexible agents: 234
num of flexible tasks: 534
Solving time: 0.00146221 seconds
plan limit 979
current timestep 733
num of flexible agents: 234
num of flexible tasks: 534
Solving time: 0.00134513 seconds
plan limit 979
current timestep 734
num of flexible agents: 235
num of flexible tasks: 535
Solving time: 0.0014634 seconds
plan limit 979
current timestep 735
num of flexible agents: 235
num of flexible tasks: 535
Solving time: 0.00132915 seconds
plan limit 979
current timestep 736
num of flexible agents: 233
num of flexible tasks: 533
Solving time: 0.00136986 seconds
plan limit 979
current timestep 737
num of flexible agents: 234
num of flexible tasks: 534
Solving time: 0.00148775 seconds
plan limit 979
current timestep 738
num of flexible agents: 239
num of flexible tasks: 539
Solving time: 0.0014711 seconds
plan limit 979
current timestep 739
num of flexible agents: 236
num of flexible tasks: 536
Solving time: 0.00140774 seconds
plan limit 979
current timestep 740
num of flexible agents: 233
num of flexible tasks: 533
Solving time: 0.00133569 seconds
plan limit 979
current timestep 741
num of flexible agents: 235
num of flexible tasks: 535
Solving time: 0.00146774 seconds
plan limit 979
current timestep 742
num of flexible agents: 235
num of flexible tasks: 535
Solving time: 0.00143807 seconds
plan limit 979
current timestep 743
num of flexible agents: 234
num of flexible tasks: 534
Solving time: 0.00144389 seconds
plan limit 979
current timestep 744
num of flexible agents: 238
num of flexible tasks: 538
Solving time: 0.00148167 seconds
plan limit 979
current timestep 745
num of flexible agents: 239
num of flexible tasks: 539
Solving time: 0.00142075 seconds
plan limit 979
current timestep 746
num of flexible agents: 238
num of flexible tasks: 538
Solving time: 0.00137612 seconds
plan limit 979
current timestep 747
num of flexible agents: 235
num of flexible tasks: 535
Solving time: 0.00161773 seconds
plan limit 979
current timestep 748
num of flexible agents: 231
num of flexible tasks: 531
Solving time: 0.00137887 seconds
plan limit 979
current timestep 749
num of flexible agents: 230
num of flexible tasks: 530
Solving time: 0.00136776 seconds
plan limit 979
current timestep 750
num of flexible agents: 231
num of flexible tasks: 531
Solving time: 0.00137299 seconds
plan limit 979
current timestep 751
num of flexible agents: 234
num of flexible tasks: 534
Solving time: 0.00135966 seconds
plan limit 979
current timestep 752
num of flexible agents: 235
num of flexible tasks: 535
Solving time: 0.00140827 seconds
plan limit 979
current timestep 753
num of flexible agents: 237
num of flexible tasks: 537
Solving time: 0.00137602 seconds
plan limit 979
current timestep 754
num of flexible agents: 241
num of flexible tasks: 541
Solving time: 0.00136655 seconds
plan limit 979
current timestep 755
num of flexible agents: 236
num of flexible tasks: 536
Solving time: 0.00146457 seconds
plan limit 979
current timestep 756
num of flexible agents: 238
num of flexible tasks: 538
Solving time: 0.00146992 seconds
plan limit 979
current timestep 757
num of flexible agents: 239
num of flexible tasks: 539
Solving time: 0.00143448 seconds
plan limit 979
current timestep 758
num of flexible agents: 237
num of flexible tasks: 537
Solving time: 0.00144042 seconds
plan limit 979
current timestep 759
num of flexible agents: 239
num of flexible tasks: 539
Solving time: 0.00139246 seconds
plan limit 979
current timestep 760
num of flexible agents: 239
num of flexible tasks: 539
Solving time: 0.00148011 seconds
plan limit 979
current timestep 761
num of flexible agents: 240
num of flexible tasks: 540
Solving time: 0.00150808 seconds
plan limit 979
current timestep 762
num of flexible agents: 237
num of flexible tasks: 537
Solving time: 0.00143615 seconds
plan limit 979
current timestep 763
num of flexible agents: 237
num of flexible tasks: 537
Solving time: 0.00146532 seconds
plan limit 979
current timestep 764
num of flexible agents: 236
num of flexible tasks: 536
Solving time: 0.00140603 seconds
plan limit 979
current timestep 765
num of flexible agents: 237
num of flexible tasks: 537
Solving time: 0.00143593 seconds
plan limit 979
current timestep 766
num of flexible agents: 241
num of flexible tasks: 541
Solving time: 0.00142292 seconds
plan limit 979
current timestep 767
num of flexible agents: 242
num of flexible tasks: 542
Solving time: 0.00142238 seconds
plan limit 979
current timestep 768
num of flexible agents: 238
num of flexible tasks: 538
Solving time: 0.00141121 seconds
plan limit 979
current timestep 769
num of flexible agents: 234
num of flexible tasks: 534
Solving time: 0.00147139 seconds
plan limit 979
current timestep 770
num of flexible agents: 237
num of flexible tasks: 537
Solving time: 0.00145815 seconds
plan limit 979
current timestep 771
num of flexible agents: 234
num of flexible tasks: 534
Solving time: 0.00143624 seconds
plan limit 979
current timestep 772
num of flexible agents: 234
num of flexible tasks: 534
Solving time: 0.00138975 seconds
plan limit 979
current timestep 773
num of flexible agents: 233
num of flexible tasks: 533
Solving time: 0.00140963 seconds
plan limit 979
current timestep 774
num of flexible agents: 227
num of flexible tasks: 527
Solving time: 0.0013993 seconds
plan limit 979
current timestep 775
num of flexible agents: 227
num of flexible tasks: 527
Solving time: 0.00136579 seconds
plan limit 979
current timestep 776
num of flexible agents: 230
num of flexible tasks: 530
Solving time: 0.00131474 seconds
plan limit 979
current timestep 777
num of flexible agents: 231
num of flexible tasks: 531
Solving time: 0.00142104 seconds
plan limit 979
current timestep 778
num of flexible agents: 232
num of flexible tasks: 532
Solving time: 0.00141464 seconds
plan limit 979
current timestep 779
num of flexible agents: 235
num of flexible tasks: 535
Solving time: 0.00142319 seconds
plan limit 979
current timestep 780
num of flexible agents: 235
num of flexible tasks: 535
Solving time: 0.00130499 seconds
plan limit 979
current timestep 781
num of flexible agents: 237
num of flexible tasks: 537
Solving time: 0.00142898 seconds
plan limit 979
current timestep 782
num of flexible agents: 240
num of flexible tasks: 540
Solving time: 0.00161589 seconds
plan limit 979
current timestep 783
num of flexible agents: 242
num of flexible tasks: 542
Solving time: 0.00149965 seconds
plan limit 979
current timestep 784
num of flexible agents: 244
num of flexible tasks: 544
Solving time: 0.001373 seconds
plan limit 979
current timestep 785
num of flexible agents: 243
num of flexible tasks: 543
Solving time: 0.00132904 seconds
plan limit 979
current timestep 786
num of flexible agents: 244
num of flexible tasks: 544
Solving time: 0.00139468 seconds
plan limit 979
current timestep 787
num of flexible agents: 242
num of flexible tasks: 542
Solving time: 0.00149132 seconds
plan limit 979
current timestep 788
num of flexible agents: 241
num of flexible tasks: 541
Solving time: 0.00148814 seconds
plan limit 979
current timestep 789
num of flexible agents: 242
num of flexible tasks: 542
Solving time: 0.00149013 seconds
plan limit 979
current timestep 790
num of flexible agents: 238
num of flexible tasks: 538
Solving time: 0.00143791 seconds
plan limit 979
current timestep 791
num of flexible agents: 242
num of flexible tasks: 542
Solving time: 0.00147362 seconds
plan limit 979
current timestep 792
num of flexible agents: 241
num of flexible tasks: 541
Solving time: 0.00151456 seconds
plan limit 979
current timestep 793
num of flexible agents: 241
num of flexible tasks: 541
Solving time: 0.00140056 seconds
plan limit 979
current timestep 794
num of flexible agents: 245
num of flexible tasks: 545
Solving time: 0.00145018 seconds
plan limit 979
current timestep 795
num of flexible agents: 238
num of flexible tasks: 538
Solving time: 0.00157389 seconds
plan limit 979
current timestep 796
num of flexible agents: 235
num of flexible tasks: 535
Solving time: 0.00139479 seconds
plan limit 979
current timestep 797
num of flexible agents: 234
num of flexible tasks: 534
Solving time: 0.00149811 seconds
plan limit 979
current timestep 798
num of flexible agents: 234
num of flexible tasks: 534
Solving time: 0.00148764 seconds
plan limit 979
current timestep 799
num of flexible agents: 232
num of flexible tasks: 532
Solving time: 0.00155381 seconds
plan limit 979
current timestep 800
num of flexible agents: 236
num of flexible tasks: 536
Solving time: 0.00140029 seconds
plan limit 979
current timestep 801
num of flexible agents: 237
num of flexible tasks: 537
Solving time: 0.00142922 seconds
plan limit 979
current timestep 802
num of flexible agents: 235
num of flexible tasks: 535
Solving time: 0.00141153 seconds
plan limit 979
current timestep 803
num of flexible agents: 236
num of flexible tasks: 536
Solving time: 0.00152496 seconds
plan limit 979
current timestep 804
num of flexible agents: 233
num of flexible tasks: 533
Solving time: 0.00137917 seconds
plan limit 979
current timestep 805
num of flexible agents: 237
num of flexible tasks: 537
Solving time: 0.00134303 seconds
plan limit 979
current timestep 806
num of flexible agents: 239
num of flexible tasks: 539
Solving time: 0.0013946 seconds
plan limit 979
current timestep 807
num of flexible agents: 241
num of flexible tasks: 541
Solving time: 0.0014392 seconds
plan limit 979
current timestep 808
num of flexible agents: 239
num of flexible tasks: 539
Solving time: 0.001569 seconds
plan limit 979
current timestep 809
num of flexible agents: 239
num of flexible tasks: 539
Solving time: 0.00151254 seconds
plan limit 979
current timestep 810
num of flexible agents: 237
num of flexible tasks: 537
Solving time: 0.00155907 seconds
plan limit 979
current timestep 811
num of flexible agents: 238
num of flexible tasks: 538
Solving time: 0.00153439 seconds
plan limit 979
current timestep 812
num of flexible agents: 239
num of flexible tasks: 539
Solving time: 0.00154035 seconds
plan limit 979
current timestep 813
num of flexible agents: 240
num of flexible tasks: 540
Solving time: 0.00160335 seconds
plan limit 979
current timestep 814
num of flexible agents: 247
num of flexible tasks: 547
Solving time: 0.0015926 seconds
plan limit 979
current timestep 815
num of flexible agents: 253
num of flexible tasks: 553
Solving time: 0.00156945 seconds
plan limit 979
current timestep 816
num of flexible agents: 248
num of flexible tasks: 548
Solving time: 0.00153602 seconds
plan limit 979
current timestep 817
num of flexible agents: 249
num of flexible tasks: 549
Solving time: 0.00162243 seconds
plan limit 979
current timestep 818
num of flexible agents: 250
num of flexible tasks: 550
Solving time: 0.00143859 seconds
plan limit 979
current timestep 819
num of flexible agents: 247
num of flexible tasks: 547
Solving time: 0.00143883 seconds
plan limit 979
current timestep 820
num of flexible agents: 246
num of flexible tasks: 546
Solving time: 0.00143991 seconds
plan limit 979
current timestep 821
num of flexible agents: 246
num of flexible tasks: 546
Solving time: 0.00146965 seconds
plan limit 979
current timestep 822
num of flexible agents: 247
num of flexible tasks: 547
Solving time: 0.00150132 seconds
plan limit 979
current timestep 823
num of flexible agents: 242
num of flexible tasks: 542
Solving time: 0.00143974 seconds
plan limit 979
current timestep 824
num of flexible agents: 240
num of flexible tasks: 540
Solving time: 0.00138217 seconds
plan limit 979
current timestep 825
num of flexible agents: 241
num of flexible tasks: 541
Solving time: 0.00138226 seconds
plan limit 979
current timestep 826
num of flexible agents: 238
num of flexible tasks: 538
Solving time: 0.00138649 seconds
plan limit 979
current timestep 827
num of flexible agents: 241
num of flexible tasks: 541
Solving time: 0.00141871 seconds
plan limit 979
current timestep 828
num of flexible agents: 243
num of flexible tasks: 543
Solving time: 0.00136512 seconds
plan limit 979
current timestep 829
num of flexible agents: 238
num of flexible tasks: 538
Solving time: 0.00148564 seconds
plan limit 979
current timestep 830
num of flexible agents: 238
num of flexible tasks: 538
Solving time: 0.00171623 seconds
plan limit 978
current timestep 831
num of flexible agents: 236
num of flexible tasks: 536
Solving time: 0.00142288 seconds
plan limit 979
current timestep 832
num of flexible agents: 241
num of flexible tasks: 541
Solving time: 0.00146031 seconds
plan limit 979
current timestep 833
num of flexible agents: 238
num of flexible tasks: 538
Solving time: 0.00145794 seconds
plan limit 979
current timestep 834
num of flexible agents: 239
num of flexible tasks: 539
Solving time: 0.00163223 seconds
plan limit 979
current timestep 835
num of flexible agents: 240
num of flexible tasks: 540
Solving time: 0.00144017 seconds
plan limit 979
current timestep 836
num of flexible agents: 243
num of flexible tasks: 543
Solving time: 0.00149796 seconds
plan limit 979
current timestep 837
num of flexible agents: 245
num of flexible tasks: 545
Solving time: 0.00140913 seconds
plan limit 979
current timestep 838
num of flexible agents: 248
num of flexible tasks: 548
Solving time: 0.00144548 seconds
plan limit 979
current timestep 839
num of flexible agents: 243
num of flexible tasks: 543
Solving time: 0.00145914 seconds
plan limit 979
current timestep 840
num of flexible agents: 238
num of flexible tasks: 538
Solving time: 0.00140637 seconds
plan limit 979
current timestep 841
num of flexible agents: 231
num of flexible tasks: 531
Solving time: 0.00147672 seconds
plan limit 979
current timestep 842
num of flexible agents: 235
num of flexible tasks: 535
Solving time: 0.00147556 seconds
plan limit 979
current timestep 843
num of flexible agents: 238
num of flexible tasks: 538
Solving time: 0.00161664 seconds
plan limit 979
current timestep 844
num of flexible agents: 238
num of flexible tasks: 538
Solving time: 0.00153739 seconds
plan limit 979
current timestep 845
num of flexible agents: 240
num of flexible tasks: 540
Solving time: 0.00150246 seconds
plan limit 979
current timestep 846
num of flexible agents: 239
num of flexible tasks: 539
Solving time: 0.00154565 seconds
plan limit 979
current timestep 847
num of flexible agents: 245
num of flexible tasks: 545
Solving time: 0.00162784 seconds
plan limit 979
current timestep 848
num of flexible agents: 236
num of flexible tasks: 536
Solving time: 0.0015108 seconds
plan limit 979
current timestep 849
num of flexible agents: 233
num of flexible tasks: 533
Solving time: 0.00149794 seconds
plan limit 979
current timestep 850
num of flexible agents: 234
num of flexible tasks: 534
Solving time: 0.00153376 seconds
plan limit 979
current timestep 851
num of flexible agents: 235
num of flexible tasks: 535
Solving time: 0.00143024 seconds
plan limit 979
current timestep 852
num of flexible agents: 235
num of flexible tasks: 535
Solving time: 0.001571 seconds
plan limit 979
current timestep 853
num of flexible agents: 231
num of flexible tasks: 531
Solving time: 0.00147724 seconds
plan limit 979
current timestep 854
num of flexible agents: 239
num of flexible tasks: 539
Solving time: 0.00151174 seconds
plan limit 979
current timestep 855
num of flexible agents: 243
num of flexible tasks: 543
Solving time: 0.00157416 seconds
plan limit 979
current timestep 856
num of flexible agents: 240
num of flexible tasks: 540
Solving time: 0.00146769 seconds
plan limit 979
current timestep 857
num of flexible agents: 237
num of flexible tasks: 537
Solving time: 0.00142301 seconds
plan limit 979
current timestep 858
num of flexible agents: 235
num of flexible tasks: 535
Solving time: 0.00146846 seconds
plan limit 979
current timestep 859
num of flexible agents: 232
num of flexible tasks: 532
Solving time: 0.00142665 seconds
plan limit 979
current timestep 860
num of flexible agents: 235
num of flexible tasks: 535
Solving time: 0.00159714 seconds
plan limit 979
current timestep 861
num of flexible agents: 241
num of flexible tasks: 541
Solving time: 0.00153169 seconds
plan limit 979
current timestep 862
num of flexible agents: 248
num of flexible tasks: 548
Solving time: 0.00152627 seconds
plan limit 979
current timestep 863
num of flexible agents: 250
num of flexible tasks: 550
Solving time: 0.00148656 seconds
plan limit 979
current timestep 864
num of flexible agents: 251
num of flexible tasks: 551
Solving time: 0.00153034 seconds
plan limit 979
current timestep 865
num of flexible agents: 248
num of flexible tasks: 548
Solving time: 0.00165739 seconds
plan limit 978
current timestep 866
num of flexible agents: 248
num of flexible tasks: 548
Solving time: 0.0015415 seconds
plan limit 979
current timestep 867
num of flexible agents: 245
num of flexible tasks: 545
Solving time: 0.00170115 seconds
plan limit 978
current timestep 868
num of flexible agents: 240
num of flexible tasks: 540
Solving time: 0.00157389 seconds
plan limit 979
current timestep 869
num of flexible agents: 244
num of flexible tasks: 544
Solving time: 0.00144518 seconds
plan limit 979
current timestep 870
num of flexible agents: 243
num of flexible tasks: 543
Solving time: 0.00147972 seconds
plan limit 979
current timestep 871
num of flexible agents: 237
num of flexible tasks: 537
Solving time: 0.00149011 seconds
plan limit 979
current timestep 872
num of flexible agents: 239
num of flexible tasks: 539
Solving time: 0.00147294 seconds
plan limit 979
current timestep 873
num of flexible agents: 235
num of flexible tasks: 535
Solving time: 0.00146932 seconds
plan limit 979
current timestep 874
num of flexible agents: 232
num of flexible tasks: 532
Solving time: 0.0014458 seconds
plan limit 979
current timestep 875
num of flexible agents: 231
num of flexible tasks: 531
Solving time: 0.00148033 seconds
plan limit 979
current timestep 876
num of flexible agents: 228
num of flexible tasks: 528
Solving time: 0.00147799 seconds
plan limit 979
current timestep 877
num of flexible agents: 226
num of flexible tasks: 526
Solving time: 0.00161826 seconds
plan limit 979
current timestep 878
num of flexible agents: 230
num of flexible tasks: 530
Solving time: 0.00158775 seconds
plan limit 979
current timestep 879
num of flexible agents: 227
num of flexible tasks: 527
Solving time: 0.00140656 seconds
plan limit 979
current timestep 880
num of flexible agents: 224
num of flexible tasks: 524
Solving time: 0.00139641 seconds
plan limit 979
current timestep 881
num of flexible agents: 223
num of flexible tasks: 523
Solving time: 0.00138758 seconds
plan limit 979
current timestep 882
num of flexible agents: 227
num of flexible tasks: 527
Solving time: 0.00142563 seconds
plan limit 979
current timestep 883
num of flexible agents: 229
num of flexible tasks: 529
Solving time: 0.00139234 seconds
plan limit 979
current timestep 884
num of flexible agents: 225
num of flexible tasks: 525
Solving time: 0.00134583 seconds
plan limit 979
current timestep 885
num of flexible agents: 225
num of flexible tasks: 525
Solving time: 0.00143715 seconds
plan limit 979
current timestep 886
num of flexible agents: 228
num of flexible tasks: 528
Solving time: 0.00140522 seconds
plan limit 979
current timestep 887
num of flexible agents: 231
num of flexible tasks: 531
Solving time: 0.00137161 seconds
plan limit 979
current timestep 888
num of flexible agents: 235
num of flexible tasks: 535
Solving time: 0.00148003 seconds
plan limit 979
current timestep 889
num of flexible agents: 231
num of flexible tasks: 531
Solving time: 0.00150342 seconds
plan limit 979
current timestep 890
num of flexible agents: 233
num of flexible tasks: 533
Solving time: 0.00145766 seconds
plan limit 979
current timestep 891
num of flexible agents: 239
num of flexible tasks: 539
Solving time: 0.00161997 seconds
plan limit 979
current timestep 892
num of flexible agents: 238
num of flexible tasks: 538
Solving time: 0.00157485 seconds
plan limit 979
current timestep 893
num of flexible agents: 235
num of flexible tasks: 535
Solving time: 0.00147265 seconds
plan limit 979
current timestep 894
num of flexible agents: 233
num of flexible tasks: 533
Solving time: 0.00144951 seconds
plan limit 979
current timestep 895
num of flexible agents: 233
num of flexible tasks: 533
Solving time: 0.00153107 seconds
plan limit 979
current timestep 896
num of flexible agents: 231
num of flexible tasks: 531
Solving time: 0.00146465 seconds
plan limit 979
current timestep 897
num of flexible agents: 228
num of flexible tasks: 528
Solving time: 0.00148542 seconds
plan limit 979
current timestep 898
num of flexible agents: 228
num of flexible tasks: 528
Solving time: 0.00151864 seconds
plan limit 979
current timestep 899
num of flexible agents: 229
num of flexible tasks: 529
Solving time: 0.0014748 seconds
plan limit 979
current timestep 900
num of flexible agents: 228
num of flexible tasks: 528
Solving time: 0.0017973 seconds
plan limit 978
current timestep 901
num of flexible agents: 226
num of flexible tasks: 526
Solving time: 0.00146871 seconds
plan limit 979
current timestep 902
num of flexible agents: 227
num of flexible tasks: 527
Solving time: 0.00149113 seconds
plan limit 979
current timestep 903
num of flexible agents: 231
num of flexible tasks: 531
Solving time: 0.00146487 seconds
plan limit 979
current timestep 904
num of flexible agents: 227
num of flexible tasks: 527
Solving time: 0.00166138 seconds
plan limit 979
current timestep 905
num of flexible agents: 227
num of flexible tasks: 527
Solving time: 0.00157272 seconds
plan limit 979
current timestep 906
num of flexible agents: 232
num of flexible tasks: 532
Solving time: 0.0014223 seconds
plan limit 979
current timestep 907
num of flexible agents: 236
num of flexible tasks: 536
Solving time: 0.00143556 seconds
plan limit 979
current timestep 908
num of flexible agents: 235
num of flexible tasks: 535
Solving time: 0.00154064 seconds
plan limit 979
current timestep 909
num of flexible agents: 239
num of flexible tasks: 539
Solving time: 0.00145621 seconds
plan limit 979
current timestep 910
num of flexible agents: 243
num of flexible tasks: 543
Solving time: 0.00147273 seconds
plan limit 979
current timestep 911
num of flexible agents: 241
num of flexible tasks: 541
Solving time: 0.00145301 seconds
plan limit 979
current timestep 912
num of flexible agents: 239
num of flexible tasks: 539
Solving time: 0.00145354 seconds
plan limit 979
current timestep 913
num of flexible agents: 246
num of flexible tasks: 546
Solving time: 0.00167208 seconds
plan limit 979
current timestep 914
num of flexible agents: 240
num of flexible tasks: 540
Solving time: 0.00140181 seconds
plan limit 979
current timestep 915
num of flexible agents: 237
num of flexible tasks: 537
Solving time: 0.00155091 seconds
plan limit 979
current timestep 916
num of flexible agents: 239
num of flexible tasks: 539
Solving time: 0.00141089 seconds
plan limit 979
current timestep 917
num of flexible agents: 239
num of flexible tasks: 539
Solving time: 0.00145919 seconds
plan limit 979
current timestep 918
num of flexible agents: 243
num of flexible tasks: 543
Solving time: 0.00145967 seconds
plan limit 979
current timestep 919
num of flexible agents: 242
num of flexible tasks: 542
Solving time: 0.00146485 seconds
plan limit 979
current timestep 920
num of flexible agents: 248
num of flexible tasks: 548
Solving time: 0.00140354 seconds
plan limit 979
current timestep 921
num of flexible agents: 247
num of flexible tasks: 547
Solving time: 0.00141818 seconds
plan limit 979
current timestep 922
num of flexible agents: 251
num of flexible tasks: 551
Solving time: 0.001424 seconds
plan limit 979
current timestep 923
num of flexible agents: 249
num of flexible tasks: 549
Solving time: 0.00147103 seconds
plan limit 979
current timestep 924
num of flexible agents: 245
num of flexible tasks: 545
Solving time: 0.00135916 seconds
plan limit 979
current timestep 925
num of flexible agents: 247
num of flexible tasks: 547
Solving time: 0.00140103 seconds
plan limit 979
current timestep 926
num of flexible agents: 246
num of flexible tasks: 546
Solving time: 0.00155162 seconds
plan limit 979
current timestep 927
num of flexible agents: 252
num of flexible tasks: 552
Solving time: 0.00139256 seconds
plan limit 979
current timestep 928
num of flexible agents: 246
num of flexible tasks: 546
Solving time: 0.00139577 seconds
plan limit 979
current timestep 929
num of flexible agents: 243
num of flexible tasks: 543
Solving time: 0.00139683 seconds
plan limit 979
current timestep 930
num of flexible agents: 239
num of flexible tasks: 539
Solving time: 0.00140249 seconds
plan limit 979
current timestep 931
num of flexible agents: 238
num of flexible tasks: 538
Solving time: 0.00147671 seconds
plan limit 979
current timestep 932
num of flexible agents: 237
num of flexible tasks: 537
Solving time: 0.00137644 seconds
plan limit 979
current timestep 933
num of flexible agents: 231
num of flexible tasks: 531
Solving time: 0.0014855 seconds
plan limit 979
current timestep 934
num of flexible agents: 232
num of flexible tasks: 532
Solving time: 0.0015032 seconds
plan limit 979
current timestep 935
num of flexible agents: 235
num of flexible tasks: 535
Solving time: 0.00151579 seconds
plan limit 979
current timestep 936
num of flexible agents: 235
num of flexible tasks: 535
Solving time: 0.00140911 seconds
plan limit 979
current timestep 937
num of flexible agents: 233
num of flexible tasks: 533
Solving time: 0.00141216 seconds
plan limit 979
current timestep 938
num of flexible agents: 233
num of flexible tasks: 533
Solving time: 0.00141513 seconds
plan limit 979
current timestep 939
num of flexible agents: 227
num of flexible tasks: 527
Solving time: 0.00154702 seconds
plan limit 979
current timestep 940
num of flexible agents: 227
num of flexible tasks: 527
Solving time: 0.0013792 seconds
plan limit 979
current timestep 941
num of flexible agents: 231
num of flexible tasks: 531
Solving time: 0.00136518 seconds
plan limit 979
current timestep 942
num of flexible agents: 226
num of flexible tasks: 526
Solving time: 0.00141981 seconds
plan limit 979
current timestep 943
num of flexible agents: 230
num of flexible tasks: 530
Solving time: 0.00141019 seconds
plan limit 979
current timestep 944
num of flexible agents: 225
num of flexible tasks: 525
Solving time: 0.00140533 seconds
plan limit 979
current timestep 945
num of flexible agents: 225
num of flexible tasks: 525
Solving time: 0.00136815 seconds
plan limit 979
current timestep 946
num of flexible agents: 224
num of flexible tasks: 524
Solving time: 0.00138301 seconds
plan limit 979
current timestep 947
num of flexible agents: 223
num of flexible tasks: 523
Solving time: 0.00136079 seconds
plan limit 979
current timestep 948
num of flexible agents: 223
num of flexible tasks: 523
Solving time: 0.00156289 seconds
plan limit 979
current timestep 949
num of flexible agents: 227
num of flexible tasks: 527
Solving time: 0.00131856 seconds
plan limit 979
current timestep 950
num of flexible agents: 227
num of flexible tasks: 527
Solving time: 0.00142382 seconds
plan limit 979
current timestep 951
num of flexible agents: 228
num of flexible tasks: 528
Solving time: 0.00139373 seconds
plan limit 979
current timestep 952
num of flexible agents: 226
num of flexible tasks: 526
Solving time: 0.00141364 seconds
plan limit 979
current timestep 953
num of flexible agents: 225
num of flexible tasks: 525
Solving time: 0.00139508 seconds
plan limit 979
current timestep 954
num of flexible agents: 226
num of flexible tasks: 526
Solving time: 0.0014173 seconds
plan limit 979
current timestep 955
num of flexible agents: 227
num of flexible tasks: 527
Solving time: 0.00134644 seconds
plan limit 979
current timestep 956
num of flexible agents: 228
num of flexible tasks: 528
Solving time: 0.0014233 seconds
plan limit 979
current timestep 957
num of flexible agents: 227
num of flexible tasks: 527
Solving time: 0.00141709 seconds
plan limit 979
current timestep 958
num of flexible agents: 228
num of flexible tasks: 528
Solving time: 0.0014678 seconds
plan limit 979
current timestep 959
num of flexible agents: 228
num of flexible tasks: 528
Solving time: 0.00149055 seconds
plan limit 979
current timestep 960
num of flexible agents: 233
num of flexible tasks: 533
Solving time: 0.00149299 seconds
plan limit 979
current timestep 961
num of flexible agents: 230
num of flexible tasks: 530
Solving time: 0.00156497 seconds
plan limit 979
current timestep 962
num of flexible agents: 229
num of flexible tasks: 529
Solving time: 0.00136442 seconds
plan limit 979
current timestep 963
num of flexible agents: 228
num of flexible tasks: 528
Solving time: 0.0014952 seconds
plan limit 979
current timestep 964
num of flexible agents: 226
num of flexible tasks: 526
Solving time: 0.00138611 seconds
plan limit 979
current timestep 965
num of flexible agents: 227
num of flexible tasks: 527
Solving time: 0.00149036 seconds
plan limit 979
current timestep 966
num of flexible agents: 229
num of flexible tasks: 529
Solving time: 0.00147049 seconds
plan limit 979
current timestep 967
num of flexible agents: 229
num of flexible tasks: 529
Solving time: 0.00137587 seconds
plan limit 979
current timestep 968
num of flexible agents: 228
num of flexible tasks: 528
Solving time: 0.00143373 seconds
plan limit 979
current timestep 969
num of flexible agents: 229
num of flexible tasks: 529
Solving time: 0.00142899 seconds
plan limit 979
current timestep 970
num of flexible agents: 230
num of flexible tasks: 530
Solving time: 0.0013881 seconds
plan limit 979
current timestep 971
num of flexible agents: 228
num of flexible tasks: 528
Solving time: 0.00141898 seconds
plan limit 979
current timestep 972
num of flexible agents: 231
num of flexible tasks: 531
Solving time: 0.00139946 seconds
plan limit 979
current timestep 973
num of flexible agents: 226
num of flexible tasks: 526
Solving time: 0.0015222 seconds
plan limit 979
current timestep 974
num of flexible agents: 226
num of flexible tasks: 526
Solving time: 0.00155052 seconds
plan limit 979
current timestep 975
num of flexible agents: 224
num of flexible tasks: 524
Solving time: 0.00153781 seconds
plan limit 979
current timestep 976
num of flexible agents: 226
num of flexible tasks: 526
Solving time: 0.00144468 seconds
plan limit 979
current timestep 977
num of flexible agents: 233
num of flexible tasks: 533
Solving time: 0.00144096 seconds
plan limit 979
current timestep 978
num of flexible agents: 232
num of flexible tasks: 532
Solving time: 0.00138365 seconds
plan limit 979
current timestep 979
num of flexible agents: 235
num of flexible tasks: 535
Solving time: 0.00150104 seconds
plan limit 979
current timestep 980
num of flexible agents: 239
num of flexible tasks: 539
Solving time: 0.00144014 seconds
plan limit 979
current timestep 981
num of flexible agents: 234
num of flexible tasks: 534
Solving time: 0.00148085 seconds
plan limit 979
current timestep 982
num of flexible agents: 231
num of flexible tasks: 531
Solving time: 0.00148051 seconds
plan limit 979
current timestep 983
num of flexible agents: 231
num of flexible tasks: 531
Solving time: 0.00164257 seconds
plan limit 979
current timestep 984
num of flexible agents: 232
num of flexible tasks: 532
Solving time: 0.00143435 seconds
plan limit 979
current timestep 985
num of flexible agents: 234
num of flexible tasks: 534
Solving time: 0.00155259 seconds
plan limit 979
current timestep 986
num of flexible agents: 236
num of flexible tasks: 536
Solving time: 0.00159936 seconds
plan limit 979
current timestep 987
num of flexible agents: 237
num of flexible tasks: 537
Solving time: 0.00144491 seconds
plan limit 979
current timestep 988
num of flexible agents: 238
num of flexible tasks: 538
Solving time: 0.00167076 seconds
plan limit 978
current timestep 989
num of flexible agents: 241
num of flexible tasks: 541
Solving time: 0.00141075 seconds
plan limit 979
current timestep 990
num of flexible agents: 241
num of flexible tasks: 541
Solving time: 0.00139865 seconds
plan limit 979
current timestep 991
num of flexible agents: 240
num of flexible tasks: 540
Solving time: 0.00146002 seconds
plan limit 979
current timestep 992
num of flexible agents: 243
num of flexible tasks: 543
Solving time: 0.00141402 seconds
plan limit 979
current timestep 993
num of flexible agents: 238
num of flexible tasks: 538
Solving time: 0.00140744 seconds
plan limit 979
current timestep 994
num of flexible agents: 237
num of flexible tasks: 537
Solving time: 0.00145756 seconds
plan limit 979
current timestep 995
num of flexible agents: 241
num of flexible tasks: 541
Solving time: 0.00142615 seconds
plan limit 979
current timestep 996
num of flexible agents: 243
num of flexible tasks: 543
Solving time: 0.00158017 seconds
plan limit 979
current timestep 997
num of flexible agents: 240
num of flexible tasks: 540
Solving time: 0.00139291 seconds
plan limit 979
current timestep 998
num of flexible agents: 238
num of flexible tasks: 538
Solving time: 0.00150994 seconds
plan limit 979
current timestep 999
num of flexible agents: 240
num of flexible tasks: 540
Solving time: 0.00133451 seconds
plan limit 979
