current timestep 0
num of flexible agents: 400
num of flexible tasks: 600
Solving time: 0.00123866 seconds
plan limit 979
current timestep 1
num of flexible agents: 367
num of flexible tasks: 567
Solving time: 0.00127545 seconds
plan limit 979
current timestep 2
num of flexible agents: 336
num of flexible tasks: 536
Solving time: 0.00119681 seconds
plan limit 979
current timestep 3
num of flexible agents: 304
num of flexible tasks: 504
Solving time: 0.00107295 seconds
plan limit 979
current timestep 4
num of flexible agents: 271
num of flexible tasks: 471
Solving time: 0.00106931 seconds
plan limit 979
current timestep 5
num of flexible agents: 242
num of flexible tasks: 442
Solving time: 0.00102252 seconds
plan limit 979
current timestep 6
num of flexible agents: 213
num of flexible tasks: 413
Solving time: 0.000922108 seconds
plan limit 979
current timestep 7
num of flexible agents: 181
num of flexible tasks: 381
Solving time: 0.000933928 seconds
plan limit 979
current timestep 8
num of flexible agents: 155
num of flexible tasks: 355
Solving time: 0.000905184 seconds
plan limit 979
current timestep 9
num of flexible agents: 134
num of flexible tasks: 334
Solving time: 0.000895205 seconds
plan limit 979
current timestep 10
num of flexible agents: 115
num of flexible tasks: 315
Solving time: 0.000905064 seconds
plan limit 979
current timestep 11
num of flexible agents: 92
num of flexible tasks: 292
Solving time: 0.000801581 seconds
plan limit 979
current timestep 12
num of flexible agents: 77
num of flexible tasks: 277
Solving time: 0.000847901 seconds
plan limit 979
current timestep 13
num of flexible agents: 67
num of flexible tasks: 267
Solving time: 0.000826153 seconds
plan limit 979
current timestep 14
num of flexible agents: 52
num of flexible tasks: 252
Solving time: 0.000725423 seconds
plan limit 979
current timestep 15
num of flexible agents: 44
num of flexible tasks: 244
Solving time: 0.000834326 seconds
plan limit 979
current timestep 16
num of flexible agents: 39
num of flexible tasks: 239
Solving time: 0.000669022 seconds
plan limit 980
current timestep 17
num of flexible agents: 34
num of flexible tasks: 234
Solving time: 0.000683939 seconds
plan limit 980
current timestep 18
num of flexible agents: 32
num of flexible tasks: 232
Solving time: 0.000784301 seconds
plan limit 979
current timestep 19
num of flexible agents: 37
num of flexible tasks: 237
Solving time: 0.000801889 seconds
plan limit 979
current timestep 20
num of flexible agents: 36
num of flexible tasks: 236
Solving time: 0.000791224 seconds
plan limit 979
current timestep 21
num of flexible agents: 34
num of flexible tasks: 234
Solving time: 0.00081012 seconds
plan limit 979
current timestep 22
num of flexible agents: 35
num of flexible tasks: 235
Solving time: 0.000807624 seconds
plan limit 979
current timestep 23
num of flexible agents: 40
num of flexible tasks: 240
Solving time: 0.000778636 seconds
plan limit 979
current timestep 24
num of flexible agents: 41
num of flexible tasks: 241
Solving time: 0.000826265 seconds
plan limit 979
current timestep 25
num of flexible agents: 39
num of flexible tasks: 239
Solving time: 0.000791043 seconds
plan limit 979
current timestep 26
num of flexible agents: 46
num of flexible tasks: 246
Solving time: 0.000827417 seconds
plan limit 979
current timestep 27
num of flexible agents: 49
num of flexible tasks: 249
Solving time: 0.0007752 seconds
plan limit 979
current timestep 28
num of flexible agents: 60
num of flexible tasks: 260
Solving time: 0.000814993 seconds
plan limit 979
current timestep 29
num of flexible agents: 68
num of flexible tasks: 268
Solving time: 0.000820905 seconds
plan limit 979
current timestep 30
num of flexible agents: 77
num of flexible tasks: 277
Solving time: 0.000889105 seconds
plan limit 979
current timestep 31
num of flexible agents: 78
num of flexible tasks: 278
Solving time: 0.000862915 seconds
plan limit 979
current timestep 32
num of flexible agents: 82
num of flexible tasks: 282
Solving time: 0.000906113 seconds
plan limit 979
current timestep 33
num of flexible agents: 87
num of flexible tasks: 287
Solving time: 0.000981848 seconds
plan limit 979
current timestep 34
num of flexible agents: 98
num of flexible tasks: 298
Solving time: 0.000934489 seconds
plan limit 979
current timestep 35
num of flexible agents: 99
num of flexible tasks: 299
Solving time: 0.00097281 seconds
plan limit 979
current timestep 36
num of flexible agents: 104
num of flexible tasks: 304
Solving time: 0.000907022 seconds
plan limit 979
current timestep 37
num of flexible agents: 103
num of flexible tasks: 303
Solving time: 0.000976188 seconds
plan limit 979
current timestep 38
num of flexible agents: 106
num of flexible tasks: 306
Solving time: 0.000970894 seconds
plan limit 979
current timestep 39
num of flexible agents: 108
num of flexible tasks: 308
Solving time: 0.000965661 seconds
plan limit 979
current timestep 40
num of flexible agents: 119
num of flexible tasks: 319
Solving time: 0.00103211 seconds
plan limit 979
current timestep 41
num of flexible agents: 114
num of flexible tasks: 314
Solving time: 0.00098396 seconds
plan limit 979
current timestep 42
num of flexible agents: 114
num of flexible tasks: 314
Solving time: 0.000980919 seconds
plan limit 979
current timestep 43
num of flexible agents: 119
num of flexible tasks: 319
Solving time: 0.000943768 seconds
plan limit 979
current timestep 44
num of flexible agents: 116
num of flexible tasks: 316
Solving time: 0.000930062 seconds
plan limit 979
current timestep 45
num of flexible agents: 118
num of flexible tasks: 318
Solving time: 0.000943655 seconds
plan limit 979
current timestep 46
num of flexible agents: 122
num of flexible tasks: 322
Solving time: 0.00113281 seconds
plan limit 979
current timestep 47
num of flexible agents: 130
num of flexible tasks: 330
Solving time: 0.000985187 seconds
plan limit 979
current timestep 48
num of flexible agents: 126
num of flexible tasks: 326
Solving time: 0.000967901 seconds
plan limit 979
current timestep 49
num of flexible agents: 128
num of flexible tasks: 328
Solving time: 0.000936738 seconds
plan limit 979
current timestep 50
num of flexible agents: 135
num of flexible tasks: 335
Solving time: 0.000966041 seconds
plan limit 979
current timestep 51
num of flexible agents: 136
num of flexible tasks: 336
Solving time: 0.000939583 seconds
plan limit 979
current timestep 52
num of flexible agents: 137
num of flexible tasks: 337
Solving time: 0.000980837 seconds
plan limit 979
current timestep 53
num of flexible agents: 138
num of flexible tasks: 338
Solving time: 0.000996386 seconds
plan limit 979
current timestep 54
num of flexible agents: 140
num of flexible tasks: 340
Solving time: 0.000959937 seconds
plan limit 979
current timestep 55
num of flexible agents: 142
num of flexible tasks: 342
Solving time: 0.000998721 seconds
plan limit 979
current timestep 56
num of flexible agents: 151
num of flexible tasks: 351
Solving time: 0.000971177 seconds
plan limit 979
current timestep 57
num of flexible agents: 155
num of flexible tasks: 355
Solving time: 0.00102955 seconds
plan limit 979
current timestep 58
num of flexible agents: 151
num of flexible tasks: 351
Solving time: 0.00101265 seconds
plan limit 979
current timestep 59
num of flexible agents: 150
num of flexible tasks: 350
Solving time: 0.000972519 seconds
plan limit 979
current timestep 60
num of flexible agents: 145
num of flexible tasks: 345
Solving time: 0.00100896 seconds
plan limit 979
current timestep 61
num of flexible agents: 141
num of flexible tasks: 341
Solving time: 0.000998518 seconds
plan limit 979
current timestep 62
num of flexible agents: 139
num of flexible tasks: 339
Solving time: 0.000949287 seconds
plan limit 979
current timestep 63
num of flexible agents: 141
num of flexible tasks: 341
Solving time: 0.00105064 seconds
plan limit 979
current timestep 64
num of flexible agents: 141
num of flexible tasks: 341
Solving time: 0.000989948 seconds
plan limit 979
current timestep 65
num of flexible agents: 137
num of flexible tasks: 337
Solving time: 0.00109311 seconds
plan limit 979
current timestep 66
num of flexible agents: 138
num of flexible tasks: 338
Solving time: 0.000989041 seconds
plan limit 979
current timestep 67
num of flexible agents: 138
num of flexible tasks: 338
Solving time: 0.0011108 seconds
plan limit 979
current timestep 68
num of flexible agents: 142
num of flexible tasks: 342
Solving time: 0.001114 seconds
plan limit 979
current timestep 69
num of flexible agents: 142
num of flexible tasks: 342
Solving time: 0.00104656 seconds
plan limit 979
current timestep 70
num of flexible agents: 144
num of flexible tasks: 344
Solving time: 0.00102012 seconds
plan limit 979
current timestep 71
num of flexible agents: 144
num of flexible tasks: 344
Solving time: 0.00111744 seconds
plan limit 979
current timestep 72
num of flexible agents: 147
num of flexible tasks: 347
Solving time: 0.00118129 seconds
plan limit 979
current timestep 73
num of flexible agents: 147
num of flexible tasks: 347
Solving time: 0.00109515 seconds
plan limit 979
current timestep 74
num of flexible agents: 145
num of flexible tasks: 345
Solving time: 0.00107235 seconds
plan limit 979
current timestep 75
num of flexible agents: 149
num of flexible tasks: 349
Solving time: 0.00104527 seconds
plan limit 979
current timestep 76
num of flexible agents: 146
num of flexible tasks: 346
Solving time: 0.00111655 seconds
plan limit 979
current timestep 77
num of flexible agents: 153
num of flexible tasks: 353
Solving time: 0.00122541 seconds
plan limit 979
current timestep 78
num of flexible agents: 157
num of flexible tasks: 357
Solving time: 0.00107103 seconds
plan limit 979
current timestep 79
num of flexible agents: 155
num of flexible tasks: 355
Solving time: 0.00117817 seconds
plan limit 979
current timestep 80
num of flexible agents: 154
num of flexible tasks: 354
Solving time: 0.00110139 seconds
plan limit 979
current timestep 81
num of flexible agents: 153
num of flexible tasks: 353
Solving time: 0.0011934 seconds
plan limit 979
current timestep 82
num of flexible agents: 151
num of flexible tasks: 351
Solving time: 0.00104893 seconds
plan limit 979
current timestep 83
num of flexible agents: 154
num of flexible tasks: 354
Solving time: 0.00111252 seconds
plan limit 979
current timestep 84
num of flexible agents: 151
num of flexible tasks: 351
Solving time: 0.00107595 seconds
plan limit 979
current timestep 85
num of flexible agents: 153
num of flexible tasks: 353
Solving time: 0.00109912 seconds
plan limit 979
current timestep 86
num of flexible agents: 153
num of flexible tasks: 353
Solving time: 0.00116555 seconds
plan limit 979
current timestep 87
num of flexible agents: 150
num of flexible tasks: 350
Solving time: 0.00108796 seconds
plan limit 979
current timestep 88
num of flexible agents: 149
num of flexible tasks: 349
Solving time: 0.00109148 seconds
plan limit 979
current timestep 89
num of flexible agents: 153
num of flexible tasks: 353
Solving time: 0.00105988 seconds
plan limit 979
current timestep 90
num of flexible agents: 155
num of flexible tasks: 355
Solving time: 0.00123277 seconds
plan limit 979
current timestep 91
num of flexible agents: 154
num of flexible tasks: 354
Solving time: 0.00107324 seconds
plan limit 979
current timestep 92
num of flexible agents: 147
num of flexible tasks: 347
Solving time: 0.00110095 seconds
plan limit 979
current timestep 93
num of flexible agents: 153
num of flexible tasks: 353
Solving time: 0.00107954 seconds
plan limit 979
current timestep 94
num of flexible agents: 156
num of flexible tasks: 356
Solving time: 0.00112345 seconds
plan limit 979
current timestep 95
num of flexible agents: 154
num of flexible tasks: 354
Solving time: 0.00118273 seconds
plan limit 979
current timestep 96
num of flexible agents: 164
num of flexible tasks: 364
Solving time: 0.00106209 seconds
plan limit 979
current timestep 97
num of flexible agents: 167
num of flexible tasks: 367
Solving time: 0.00115219 seconds
plan limit 979
current timestep 98
num of flexible agents: 165
num of flexible tasks: 365
Solving time: 0.00109082 seconds
plan limit 979
current timestep 99
num of flexible agents: 166
num of flexible tasks: 366
Solving time: 0.00131754 seconds
plan limit 979
current timestep 100
num of flexible agents: 165
num of flexible tasks: 365
Solving time: 0.00119387 seconds
plan limit 979
current timestep 101
num of flexible agents: 164
num of flexible tasks: 364
Solving time: 0.00117403 seconds
plan limit 979
current timestep 102
num of flexible agents: 166
num of flexible tasks: 366
Solving time: 0.00108917 seconds
plan limit 979
current timestep 103
num of flexible agents: 168
num of flexible tasks: 368
Solving time: 0.00120316 seconds
plan limit 979
current timestep 104
num of flexible agents: 168
num of flexible tasks: 368
Solving time: 0.00126422 seconds
plan limit 979
current timestep 105
num of flexible agents: 165
num of flexible tasks: 365
Solving time: 0.00130316 seconds
plan limit 979
current timestep 106
num of flexible agents: 168
num of flexible tasks: 368
Solving time: 0.00128116 seconds
plan limit 979
current timestep 107
num of flexible agents: 165
num of flexible tasks: 365
Solving time: 0.00124433 seconds
plan limit 979
current timestep 108
num of flexible agents: 170
num of flexible tasks: 370
Solving time: 0.00123484 seconds
plan limit 979
current timestep 109
num of flexible agents: 175
num of flexible tasks: 375
Solving time: 0.00120391 seconds
plan limit 979
current timestep 110
num of flexible agents: 174
num of flexible tasks: 374
Solving time: 0.00117927 seconds
plan limit 979
current timestep 111
num of flexible agents: 180
num of flexible tasks: 380
Solving time: 0.00124821 seconds
plan limit 979
current timestep 112
num of flexible agents: 178
num of flexible tasks: 378
Solving time: 0.00134571 seconds
plan limit 979
current timestep 113
num of flexible agents: 179
num of flexible tasks: 379
Solving time: 0.0011433 seconds
plan limit 979
current timestep 114
num of flexible agents: 175
num of flexible tasks: 375
Solving time: 0.00124245 seconds
plan limit 979
current timestep 115
num of flexible agents: 174
num of flexible tasks: 374
Solving time: 0.00119067 seconds
plan limit 979
current timestep 116
num of flexible agents: 172
num of flexible tasks: 372
Solving time: 0.00118519 seconds
plan limit 979
current timestep 117
num of flexible agents: 176
num of flexible tasks: 376
Solving time: 0.00124246 seconds
plan limit 979
current timestep 118
num of flexible agents: 177
num of flexible tasks: 377
Solving time: 0.0012392 seconds
plan limit 979
current timestep 119
num of flexible agents: 173
num of flexible tasks: 373
Solving time: 0.00129473 seconds
plan limit 979
current timestep 120
num of flexible agents: 178
num of flexible tasks: 378
Solving time: 0.00114739 seconds
plan limit 979
current timestep 121
num of flexible agents: 175
num of flexible tasks: 375
Solving time: 0.00134059 seconds
plan limit 979
current timestep 122
num of flexible agents: 173
num of flexible tasks: 373
Solving time: 0.00122497 seconds
plan limit 979
current timestep 123
num of flexible agents: 170
num of flexible tasks: 370
Solving time: 0.0011721 seconds
plan limit 979
current timestep 124
num of flexible agents: 174
num of flexible tasks: 374
Solving time: 0.00125541 seconds
plan limit 979
current timestep 125
num of flexible agents: 174
num of flexible tasks: 374
Solving time: 0.00121015 seconds
plan limit 979
current timestep 126
num of flexible agents: 171
num of flexible tasks: 371
Solving time: 0.00115137 seconds
plan limit 979
current timestep 127
num of flexible agents: 172
num of flexible tasks: 372
Solving time: 0.00116988 seconds
plan limit 979
current timestep 128
num of flexible agents: 178
num of flexible tasks: 378
Solving time: 0.00123799 seconds
plan limit 979
current timestep 129
num of flexible agents: 177
num of flexible tasks: 377
Solving time: 0.00123937 seconds
plan limit 979
current timestep 130
num of flexible agents: 176
num of flexible tasks: 376
Solving time: 0.00128017 seconds
plan limit 979
current timestep 131
num of flexible agents: 180
num of flexible tasks: 380
Solving time: 0.00128432 seconds
plan limit 979
current timestep 132
num of flexible agents: 179
num of flexible tasks: 379
Solving time: 0.0012216 seconds
plan limit 979
current timestep 133
num of flexible agents: 176
num of flexible tasks: 376
Solving time: 0.00122862 seconds
plan limit 979
current timestep 134
num of flexible agents: 178
num of flexible tasks: 378
Solving time: 0.00123894 seconds
plan limit 979
current timestep 135
num of flexible agents: 181
num of flexible tasks: 381
Solving time: 0.00125005 seconds
plan limit 979
current timestep 136
num of flexible agents: 184
num of flexible tasks: 384
Solving time: 0.0012969 seconds
plan limit 979
current timestep 137
num of flexible agents: 188
num of flexible tasks: 388
Solving time: 0.00126162 seconds
plan limit 979
current timestep 138
num of flexible agents: 189
num of flexible tasks: 389
Solving time: 0.00124206 seconds
plan limit 979
current timestep 139
num of flexible agents: 191
num of flexible tasks: 391
Solving time: 0.00128134 seconds
plan limit 979
current timestep 140
num of flexible agents: 187
num of flexible tasks: 387
Solving time: 0.0013009 seconds
plan limit 979
current timestep 141
num of flexible agents: 186
num of flexible tasks: 386
Solving time: 0.00122299 seconds
plan limit 979
current timestep 142
num of flexible agents: 183
num of flexible tasks: 383
Solving time: 0.00124415 seconds
plan limit 979
current timestep 143
num of flexible agents: 178
num of flexible tasks: 378
Solving time: 0.00126035 seconds
plan limit 979
current timestep 144
num of flexible agents: 176
num of flexible tasks: 376
Solving time: 0.00122115 seconds
plan limit 979
current timestep 145
num of flexible agents: 172
num of flexible tasks: 372
Solving time: 0.00117662 seconds
plan limit 979
current timestep 146
num of flexible agents: 164
num of flexible tasks: 364
Solving time: 0.00117592 seconds
plan limit 979
current timestep 147
num of flexible agents: 162
num of flexible tasks: 362
Solving time: 0.00115675 seconds
plan limit 979
current timestep 148
num of flexible agents: 157
num of flexible tasks: 357
Solving time: 0.00114671 seconds
plan limit 979
current timestep 149
num of flexible agents: 158
num of flexible tasks: 358
Solving time: 0.00113284 seconds
plan limit 979
current timestep 150
num of flexible agents: 152
num of flexible tasks: 352
Solving time: 0.00124862 seconds
plan limit 979
current timestep 151
num of flexible agents: 149
num of flexible tasks: 349
Solving time: 0.00120983 seconds
plan limit 979
current timestep 152
num of flexible agents: 154
num of flexible tasks: 354
Solving time: 0.00130857 seconds
plan limit 979
current timestep 153
num of flexible agents: 156
num of flexible tasks: 356
Solving time: 0.00122607 seconds
plan limit 979
current timestep 154
num of flexible agents: 156
num of flexible tasks: 356
Solving time: 0.00119243 seconds
plan limit 979
current timestep 155
num of flexible agents: 156
num of flexible tasks: 356
Solving time: 0.00124526 seconds
plan limit 979
current timestep 156
num of flexible agents: 157
num of flexible tasks: 357
Solving time: 0.0012336 seconds
plan limit 979
current timestep 157
num of flexible agents: 158
num of flexible tasks: 358
Solving time: 0.00118876 seconds
plan limit 979
current timestep 158
num of flexible agents: 160
num of flexible tasks: 360
Solving time: 0.00123243 seconds
plan limit 979
current timestep 159
num of flexible agents: 156
num of flexible tasks: 356
Solving time: 0.00120243 seconds
plan limit 979
current timestep 160
num of flexible agents: 155
num of flexible tasks: 355
Solving time: 0.00116867 seconds
plan limit 979
current timestep 161
num of flexible agents: 158
num of flexible tasks: 358
Solving time: 0.00116939 seconds
plan limit 979
current timestep 162
num of flexible agents: 160
num of flexible tasks: 360
Solving time: 0.00130232 seconds
plan limit 979
current timestep 163
num of flexible agents: 169
num of flexible tasks: 369
Solving time: 0.00122899 seconds
plan limit 979
current timestep 164
num of flexible agents: 176
num of flexible tasks: 376
Solving time: 0.00121786 seconds
plan limit 979
current timestep 165
num of flexible agents: 173
num of flexible tasks: 373
Solving time: 0.00130222 seconds
plan limit 979
current timestep 166
num of flexible agents: 178
num of flexible tasks: 378
Solving time: 0.00126637 seconds
plan limit 979
current timestep 167
num of flexible agents: 174
num of flexible tasks: 374
Solving time: 0.00116456 seconds
plan limit 979
current timestep 168
num of flexible agents: 172
num of flexible tasks: 372
Solving time: 0.00128611 seconds
plan limit 979
current timestep 169
num of flexible agents: 174
num of flexible tasks: 374
Solving time: 0.00120077 seconds
plan limit 979
current timestep 170
num of flexible agents: 172
num of flexible tasks: 372
Solving time: 0.00130503 seconds
plan limit 979
current timestep 171
num of flexible agents: 170
num of flexible tasks: 370
Solving time: 0.0010964 seconds
plan limit 979
current timestep 172
num of flexible agents: 173
num of flexible tasks: 373
Solving time: 0.00121089 seconds
plan limit 979
current timestep 173
num of flexible agents: 171
num of flexible tasks: 371
Solving time: 0.0012008 seconds
plan limit 979
current timestep 174
num of flexible agents: 169
num of flexible tasks: 369
Solving time: 0.00145752 seconds
plan limit 979
current timestep 175
num of flexible agents: 171
num of flexible tasks: 371
Solving time: 0.00124452 seconds
plan limit 979
current timestep 176
num of flexible agents: 166
num of flexible tasks: 366
Solving time: 0.00124052 seconds
plan limit 979
current timestep 177
num of flexible agents: 165
num of flexible tasks: 365
Solving time: 0.00120364 seconds
plan limit 979
current timestep 178
num of flexible agents: 170
num of flexible tasks: 370
Solving time: 0.00123089 seconds
plan limit 979
current timestep 179
num of flexible agents: 174
num of flexible tasks: 374
Solving time: 0.00125319 seconds
plan limit 979
current timestep 180
num of flexible agents: 171
num of flexible tasks: 371
Solving time: 0.00126675 seconds
plan limit 979
current timestep 181
num of flexible agents: 173
num of flexible tasks: 373
Solving time: 0.001246 seconds
plan limit 979
current timestep 182
num of flexible agents: 174
num of flexible tasks: 374
Solving time: 0.0013552 seconds
plan limit 979
current timestep 183
num of flexible agents: 175
num of flexible tasks: 375
Solving time: 0.00124212 seconds
plan limit 979
current timestep 184
num of flexible agents: 174
num of flexible tasks: 374
Solving time: 0.00130298 seconds
plan limit 979
current timestep 185
num of flexible agents: 174
num of flexible tasks: 374
Solving time: 0.00122565 seconds
plan limit 979
current timestep 186
num of flexible agents: 169
num of flexible tasks: 369
Solving time: 0.00121807 seconds
plan limit 979
current timestep 187
num of flexible agents: 171
num of flexible tasks: 371
Solving time: 0.00130172 seconds
plan limit 979
current timestep 188
num of flexible agents: 169
num of flexible tasks: 369
Solving time: 0.00129909 seconds
plan limit 979
current timestep 189
num of flexible agents: 176
num of flexible tasks: 376
Solving time: 0.00128118 seconds
plan limit 979
current timestep 190
num of flexible agents: 176
num of flexible tasks: 376
Solving time: 0.00135961 seconds
plan limit 979
current timestep 191
num of flexible agents: 175
num of flexible tasks: 375
Solving time: 0.00135637 seconds
plan limit 979
current timestep 192
num of flexible agents: 172
num of flexible tasks: 372
Solving time: 0.00129927 seconds
plan limit 979
current timestep 193
num of flexible agents: 175
num of flexible tasks: 375
Solving time: 0.00130045 seconds
plan limit 979
current timestep 194
num of flexible agents: 182
num of flexible tasks: 382
Solving time: 0.00131574 seconds
plan limit 979
current timestep 195
num of flexible agents: 180
num of flexible tasks: 380
Solving time: 0.00118021 seconds
plan limit 979
current timestep 196
num of flexible agents: 178
num of flexible tasks: 378
Solving time: 0.00128776 seconds
plan limit 979
current timestep 197
num of flexible agents: 176
num of flexible tasks: 376
Solving time: 0.00126719 seconds
plan limit 979
current timestep 198
num of flexible agents: 178
num of flexible tasks: 378
Solving time: 0.00131727 seconds
plan limit 979
current timestep 199
num of flexible agents: 180
num of flexible tasks: 380
Solving time: 0.0012322 seconds
plan limit 979
current timestep 200
num of flexible agents: 182
num of flexible tasks: 382
Solving time: 0.00126537 seconds
plan limit 979
current timestep 201
num of flexible agents: 185
num of flexible tasks: 385
Solving time: 0.00129661 seconds
plan limit 979
current timestep 202
num of flexible agents: 186
num of flexible tasks: 386
Solving time: 0.00140436 seconds
plan limit 979
current timestep 203
num of flexible agents: 180
num of flexible tasks: 380
Solving time: 0.00123377 seconds
plan limit 979
current timestep 204
num of flexible agents: 184
num of flexible tasks: 384
Solving time: 0.0013602 seconds
plan limit 979
current timestep 205
num of flexible agents: 181
num of flexible tasks: 381
Solving time: 0.00134045 seconds
plan limit 979
current timestep 206
num of flexible agents: 176
num of flexible tasks: 376
Solving time: 0.00125682 seconds
plan limit 979
current timestep 207
num of flexible agents: 178
num of flexible tasks: 378
Solving time: 0.00119303 seconds
plan limit 979
current timestep 208
num of flexible agents: 178
num of flexible tasks: 378
Solving time: 0.00126591 seconds
plan limit 979
current timestep 209
num of flexible agents: 176
num of flexible tasks: 376
Solving time: 0.00132679 seconds
plan limit 979
current timestep 210
num of flexible agents: 177
num of flexible tasks: 377
Solving time: 0.00121451 seconds
plan limit 979
current timestep 211
num of flexible agents: 182
num of flexible tasks: 382
Solving time: 0.00122794 seconds
plan limit 979
current timestep 212
num of flexible agents: 178
num of flexible tasks: 378
Solving time: 0.00123292 seconds
plan limit 979
current timestep 213
num of flexible agents: 174
num of flexible tasks: 374
Solving time: 0.00126607 seconds
plan limit 979
current timestep 214
num of flexible agents: 172
num of flexible tasks: 372
Solving time: 0.00118352 seconds
plan limit 979
current timestep 215
num of flexible agents: 174
num of flexible tasks: 374
Solving time: 0.00126305 seconds
plan limit 979
current timestep 216
num of flexible agents: 167
num of flexible tasks: 367
Solving time: 0.00129935 seconds
plan limit 979
current timestep 217
num of flexible agents: 162
num of flexible tasks: 362
Solving time: 0.00131511 seconds
plan limit 979
current timestep 218
num of flexible agents: 160
num of flexible tasks: 360
Solving time: 0.00141314 seconds
plan limit 979
current timestep 219
num of flexible agents: 165
num of flexible tasks: 365
Solving time: 0.00122445 seconds
plan limit 979
current timestep 220
num of flexible agents: 163
num of flexible tasks: 363
Solving time: 0.00130094 seconds
plan limit 979
current timestep 221
num of flexible agents: 162
num of flexible tasks: 362
Solving time: 0.00120381 seconds
plan limit 979
current timestep 222
num of flexible agents: 160
num of flexible tasks: 360
Solving time: 0.00127064 seconds
plan limit 979
current timestep 223
num of flexible agents: 161
num of flexible tasks: 361
Solving time: 0.0011678 seconds
plan limit 979
current timestep 224
num of flexible agents: 165
num of flexible tasks: 365
Solving time: 0.00120955 seconds
plan limit 979
current timestep 225
num of flexible agents: 166
num of flexible tasks: 366
Solving time: 0.00123149 seconds
plan limit 979
current timestep 226
num of flexible agents: 171
num of flexible tasks: 371
Solving time: 0.00123071 seconds
plan limit 979
current timestep 227
num of flexible agents: 174
num of flexible tasks: 374
Solving time: 0.00134788 seconds
plan limit 979
current timestep 228
num of flexible agents: 173
num of flexible tasks: 373
Solving time: 0.00130889 seconds
plan limit 979
current timestep 229
num of flexible agents: 174
num of flexible tasks: 374
Solving time: 0.00133081 seconds
plan limit 979
current timestep 230
num of flexible agents: 183
num of flexible tasks: 383
Solving time: 0.00117897 seconds
plan limit 979
current timestep 231
num of flexible agents: 186
num of flexible tasks: 386
Solving time: 0.00120674 seconds
plan limit 979
current timestep 232
num of flexible agents: 187
num of flexible tasks: 387
Solving time: 0.00127031 seconds
plan limit 979
current timestep 233
num of flexible agents: 186
num of flexible tasks: 386
Solving time: 0.00122814 seconds
plan limit 979
current timestep 234
num of flexible agents: 183
num of flexible tasks: 383
Solving time: 0.00128019 seconds
plan limit 979
current timestep 235
num of flexible agents: 184
num of flexible tasks: 384
Solving time: 0.00128579 seconds
plan limit 979
current timestep 236
num of flexible agents: 188
num of flexible tasks: 388
Solving time: 0.00139406 seconds
plan limit 979
current timestep 237
num of flexible agents: 188
num of flexible tasks: 388
Solving time: 0.00127049 seconds
plan limit 979
current timestep 238
num of flexible agents: 186
num of flexible tasks: 386
Solving time: 0.00126085 seconds
plan limit 979
current timestep 239
num of flexible agents: 187
num of flexible tasks: 387
Solving time: 0.00121767 seconds
plan limit 979
current timestep 240
num of flexible agents: 187
num of flexible tasks: 387
Solving time: 0.00137484 seconds
plan limit 979
current timestep 241
num of flexible agents: 186
num of flexible tasks: 386
Solving time: 0.00135738 seconds
plan limit 979
current timestep 242
num of flexible agents: 191
num of flexible tasks: 391
Solving time: 0.00125727 seconds
plan limit 979
current timestep 243
num of flexible agents: 189
num of flexible tasks: 389
Solving time: 0.00118251 seconds
plan limit 979
current timestep 244
num of flexible agents: 187
num of flexible tasks: 387
Solving time: 0.00121116 seconds
plan limit 979
current timestep 245
num of flexible agents: 181
num of flexible tasks: 381
Solving time: 0.00129892 seconds
plan limit 979
current timestep 246
num of flexible agents: 175
num of flexible tasks: 375
Solving time: 0.00119108 seconds
plan limit 979
current timestep 247
num of flexible agents: 178
num of flexible tasks: 378
Solving time: 0.00125932 seconds
plan limit 979
current timestep 248
num of flexible agents: 178
num of flexible tasks: 378
Solving time: 0.0012599 seconds
plan limit 979
current timestep 249
num of flexible agents: 181
num of flexible tasks: 381
Solving time: 0.00132407 seconds
plan limit 979
current timestep 250
num of flexible agents: 181
num of flexible tasks: 381
Solving time: 0.00131351 seconds
plan limit 979
current timestep 251
num of flexible agents: 178
num of flexible tasks: 378
Solving time: 0.00129083 seconds
plan limit 979
current timestep 252
num of flexible agents: 175
num of flexible tasks: 375
Solving time: 0.00132919 seconds
plan limit 979
current timestep 253
num of flexible agents: 173
num of flexible tasks: 373
Solving time: 0.00126841 seconds
plan limit 979
current timestep 254
num of flexible agents: 177
num of flexible tasks: 377
Solving time: 0.00129693 seconds
plan limit 979
current timestep 255
num of flexible agents: 176
num of flexible tasks: 376
Solving time: 0.00126436 seconds
plan limit 979
current timestep 256
num of flexible agents: 178
num of flexible tasks: 378
Solving time: 0.00122005 seconds
plan limit 979
current timestep 257
num of flexible agents: 176
num of flexible tasks: 376
Solving time: 0.00120309 seconds
plan limit 979
current timestep 258
num of flexible agents: 178
num of flexible tasks: 378
Solving time: 0.00130367 seconds
plan limit 979
current timestep 259
num of flexible agents: 176
num of flexible tasks: 376
Solving time: 0.00128418 seconds
plan limit 979
current timestep 260
num of flexible agents: 177
num of flexible tasks: 377
Solving time: 0.00135987 seconds
plan limit 979
current timestep 261
num of flexible agents: 174
num of flexible tasks: 374
Solving time: 0.00122413 seconds
plan limit 979
current timestep 262
num of flexible agents: 171
num of flexible tasks: 371
Solving time: 0.00123439 seconds
plan limit 979
current timestep 263
num of flexible agents: 168
num of flexible tasks: 368
Solving time: 0.00127096 seconds
plan limit 979
current timestep 264
num of flexible agents: 170
num of flexible tasks: 370
Solving time: 0.00139465 seconds
plan limit 979
current timestep 265
num of flexible agents: 168
num of flexible tasks: 368
Solving time: 0.00131212 seconds
plan limit 979
current timestep 266
num of flexible agents: 167
num of flexible tasks: 367
Solving time: 0.00122044 seconds
plan limit 979
current timestep 267
num of flexible agents: 162
num of flexible tasks: 362
Solving time: 0.00118602 seconds
plan limit 979
current timestep 268
num of flexible agents: 170
num of flexible tasks: 370
Solving time: 0.00119191 seconds
plan limit 979
current timestep 269
num of flexible agents: 171
num of flexible tasks: 371
Solving time: 0.00147987 seconds
plan limit 979
current timestep 270
num of flexible agents: 170
num of flexible tasks: 370
Solving time: 0.0013033 seconds
plan limit 979
current timestep 271
num of flexible agents: 171
num of flexible tasks: 371
Solving time: 0.00132907 seconds
plan limit 979
current timestep 272
num of flexible agents: 167
num of flexible tasks: 367
Solving time: 0.00121976 seconds
plan limit 979
current timestep 273
num of flexible agents: 167
num of flexible tasks: 367
Solving time: 0.00122232 seconds
plan limit 979
current timestep 274
num of flexible agents: 158
num of flexible tasks: 358
Solving time: 0.00130122 seconds
plan limit 979
current timestep 275
num of flexible agents: 159
num of flexible tasks: 359
Solving time: 0.00124188 seconds
plan limit 979
current timestep 276
num of flexible agents: 161
num of flexible tasks: 361
Solving time: 0.00130017 seconds
plan limit 979
current timestep 277
num of flexible agents: 163
num of flexible tasks: 363
Solving time: 0.00121862 seconds
plan limit 979
current timestep 278
num of flexible agents: 166
num of flexible tasks: 366
Solving time: 0.00122898 seconds
plan limit 979
current timestep 279
num of flexible agents: 162
num of flexible tasks: 362
Solving time: 0.00121196 seconds
plan limit 979
current timestep 280
num of flexible agents: 154
num of flexible tasks: 354
Solving time: 0.00146153 seconds
plan limit 979
current timestep 281
num of flexible agents: 152
num of flexible tasks: 352
Solving time: 0.00118674 seconds
plan limit 979
current timestep 282
num of flexible agents: 155
num of flexible tasks: 355
Solving time: 0.00133201 seconds
plan limit 979
current timestep 283
num of flexible agents: 156
num of flexible tasks: 356
Solving time: 0.00135393 seconds
plan limit 979
current timestep 284
num of flexible agents: 156
num of flexible tasks: 356
Solving time: 0.00120926 seconds
plan limit 979
current timestep 285
num of flexible agents: 162
num of flexible tasks: 362
Solving time: 0.0013013 seconds
plan limit 979
current timestep 286
num of flexible agents: 168
num of flexible tasks: 368
Solving time: 0.00132173 seconds
plan limit 979
current timestep 287
num of flexible agents: 164
num of flexible tasks: 364
Solving time: 0.00135697 seconds
plan limit 979
current timestep 288
num of flexible agents: 165
num of flexible tasks: 365
Solving time: 0.00135048 seconds
plan limit 979
current timestep 289
num of flexible agents: 164
num of flexible tasks: 364
Solving time: 0.00145203 seconds
plan limit 979
current timestep 290
num of flexible agents: 165
num of flexible tasks: 365
Solving time: 0.00134098 seconds
plan limit 979
current timestep 291
num of flexible agents: 164
num of flexible tasks: 364
Solving time: 0.00126305 seconds
plan limit 979
current timestep 292
num of flexible agents: 162
num of flexible tasks: 362
Solving time: 0.00140288 seconds
plan limit 979
current timestep 293
num of flexible agents: 166
num of flexible tasks: 366
Solving time: 0.00126661 seconds
plan limit 979
current timestep 294
num of flexible agents: 171
num of flexible tasks: 371
Solving time: 0.00138522 seconds
plan limit 979
current timestep 295
num of flexible agents: 170
num of flexible tasks: 370
Solving time: 0.00126661 seconds
plan limit 979
current timestep 296
num of flexible agents: 168
num of flexible tasks: 368
Solving time: 0.00133177 seconds
plan limit 979
current timestep 297
num of flexible agents: 166
num of flexible tasks: 366
Solving time: 0.00134742 seconds
plan limit 979
current timestep 298
num of flexible agents: 163
num of flexible tasks: 363
Solving time: 0.00130995 seconds
plan limit 979
current timestep 299
num of flexible agents: 163
num of flexible tasks: 363
Solving time: 0.00134789 seconds
plan limit 979
current timestep 300
num of flexible agents: 172
num of flexible tasks: 372
Solving time: 0.00129287 seconds
plan limit 979
current timestep 301
num of flexible agents: 175
num of flexible tasks: 375
Solving time: 0.00124712 seconds
plan limit 979
current timestep 302
num of flexible agents: 175
num of flexible tasks: 375
Solving time: 0.00140209 seconds
plan limit 979
current timestep 303
num of flexible agents: 175
num of flexible tasks: 375
Solving time: 0.00121915 seconds
plan limit 979
current timestep 304
num of flexible agents: 175
num of flexible tasks: 375
Solving time: 0.00127376 seconds
plan limit 979
current timestep 305
num of flexible agents: 174
num of flexible tasks: 374
Solving time: 0.00125768 seconds
plan limit 979
current timestep 306
num of flexible agents: 180
num of flexible tasks: 380
Solving time: 0.00123306 seconds
plan limit 979
current timestep 307
num of flexible agents: 175
num of flexible tasks: 375
Solving time: 0.00132428 seconds
plan limit 979
current timestep 308
num of flexible agents: 178
num of flexible tasks: 378
Solving time: 0.00122833 seconds
plan limit 979
current timestep 309
num of flexible agents: 178
num of flexible tasks: 378
Solving time: 0.00126236 seconds
plan limit 979
current timestep 310
num of flexible agents: 180
num of flexible tasks: 380
Solving time: 0.0013081 seconds
plan limit 979
current timestep 311
num of flexible agents: 174
num of flexible tasks: 374
Solving time: 0.0013132 seconds
plan limit 979
current timestep 312
num of flexible agents: 169
num of flexible tasks: 369
Solving time: 0.00130136 seconds
plan limit 979
current timestep 313
num of flexible agents: 167
num of flexible tasks: 367
Solving time: 0.00137799 seconds
plan limit 979
current timestep 314
num of flexible agents: 164
num of flexible tasks: 364
Solving time: 0.00128168 seconds
plan limit 979
current timestep 315
num of flexible agents: 158
num of flexible tasks: 358
Solving time: 0.00115974 seconds
plan limit 979
current timestep 316
num of flexible agents: 154
num of flexible tasks: 354
Solving time: 0.00124572 seconds
plan limit 979
current timestep 317
num of flexible agents: 153
num of flexible tasks: 353
Solving time: 0.00117975 seconds
plan limit 979
current timestep 318
num of flexible agents: 149
num of flexible tasks: 349
Solving time: 0.00123207 seconds
plan limit 979
current timestep 319
num of flexible agents: 147
num of flexible tasks: 347
Solving time: 0.00130716 seconds
plan limit 979
current timestep 320
num of flexible agents: 153
num of flexible tasks: 353
Solving time: 0.00131087 seconds
plan limit 979
current timestep 321
num of flexible agents: 149
num of flexible tasks: 349
Solving time: 0.00120802 seconds
plan limit 979
current timestep 322
num of flexible agents: 145
num of flexible tasks: 345
Solving time: 0.00120267 seconds
plan limit 979
current timestep 323
num of flexible agents: 145
num of flexible tasks: 345
Solving time: 0.00120507 seconds
plan limit 979
current timestep 324
num of flexible agents: 144
num of flexible tasks: 344
Solving time: 0.00130671 seconds
plan limit 979
current timestep 325
num of flexible agents: 145
num of flexible tasks: 345
Solving time: 0.00128772 seconds
plan limit 979
current timestep 326
num of flexible agents: 149
num of flexible tasks: 349
Solving time: 0.00123588 seconds
plan limit 979
current timestep 327
num of flexible agents: 152
num of flexible tasks: 352
Solving time: 0.00127715 seconds
plan limit 979
current timestep 328
num of flexible agents: 156
num of flexible tasks: 356
Solving time: 0.00131174 seconds
plan limit 979
current timestep 329
num of flexible agents: 156
num of flexible tasks: 356
Solving time: 0.00121473 seconds
plan limit 979
current timestep 330
num of flexible agents: 160
num of flexible tasks: 360
Solving time: 0.00129228 seconds
plan limit 979
current timestep 331
num of flexible agents: 158
num of flexible tasks: 358
Solving time: 0.00126618 seconds
plan limit 979
current timestep 332
num of flexible agents: 161
num of flexible tasks: 361
Solving time: 0.00114468 seconds
plan limit 979
current timestep 333
num of flexible agents: 161
num of flexible tasks: 361
Solving time: 0.00137014 seconds
plan limit 979
current timestep 334
num of flexible agents: 161
num of flexible tasks: 361
Solving time: 0.00122816 seconds
plan limit 979
current timestep 335
num of flexible agents: 164
num of flexible tasks: 364
Solving time: 0.0012568 seconds
plan limit 979
current timestep 336
num of flexible agents: 159
num of flexible tasks: 359
Solving time: 0.00125392 seconds
plan limit 979
current timestep 337
num of flexible agents: 156
num of flexible tasks: 356
Solving time: 0.00126007 seconds
plan limit 979
current timestep 338
num of flexible agents: 160
num of flexible tasks: 360
Solving time: 0.00129737 seconds
plan limit 979
current timestep 339
num of flexible agents: 155
num of flexible tasks: 355
Solving time: 0.00129308 seconds
plan limit 979
current timestep 340
num of flexible agents: 158
num of flexible tasks: 358
Solving time: 0.00127443 seconds
plan limit 979
current timestep 341
num of flexible agents: 157
num of flexible tasks: 357
Solving time: 0.00135602 seconds
plan limit 979
current timestep 342
num of flexible agents: 159
num of flexible tasks: 359
Solving time: 0.00149454 seconds
plan limit 979
current timestep 343
num of flexible agents: 158
num of flexible tasks: 358
Solving time: 0.00123092 seconds
plan limit 979
current timestep 344
num of flexible agents: 161
num of flexible tasks: 361
Solving time: 0.00134407 seconds
plan limit 979
current timestep 345
num of flexible agents: 160
num of flexible tasks: 360
Solving time: 0.0012181 seconds
plan limit 979
current timestep 346
num of flexible agents: 155
num of flexible tasks: 355
Solving time: 0.00139298 seconds
plan limit 979
current timestep 347
num of flexible agents: 157
num of flexible tasks: 357
Solving time: 0.0012549 seconds
plan limit 979
current timestep 348
num of flexible agents: 157
num of flexible tasks: 357
Solving time: 0.00131088 seconds
plan limit 979
current timestep 349
num of flexible agents: 160
num of flexible tasks: 360
Solving time: 0.00137128 seconds
plan limit 979
current timestep 350
num of flexible agents: 161
num of flexible tasks: 361
Solving time: 0.00128952 seconds
plan limit 979
current timestep 351
num of flexible agents: 163
num of flexible tasks: 363
Solving time: 0.00139972 seconds
plan limit 979
current timestep 352
num of flexible agents: 166
num of flexible tasks: 366
Solving time: 0.00129212 seconds
plan limit 979
current timestep 353
num of flexible agents: 163
num of flexible tasks: 363
Solving time: 0.00140557 seconds
plan limit 979
current timestep 354
num of flexible agents: 167
num of flexible tasks: 367
Solving time: 0.00136286 seconds
plan limit 979
current timestep 355
num of flexible agents: 165
num of flexible tasks: 365
Solving time: 0.00137264 seconds
plan limit 979
current timestep 356
num of flexible agents: 170
num of flexible tasks: 370
Solving time: 0.00137167 seconds
plan limit 979
current timestep 357
num of flexible agents: 169
num of flexible tasks: 369
Solving time: 0.00141491 seconds
plan limit 979
current timestep 358
num of flexible agents: 171
num of flexible tasks: 371
Solving time: 0.00132755 seconds
plan limit 979
current timestep 359
num of flexible agents: 174
num of flexible tasks: 374
Solving time: 0.00135973 seconds
plan limit 979
current timestep 360
num of flexible agents: 171
num of flexible tasks: 371
Solving time: 0.00137445 seconds
plan limit 979
current timestep 361
num of flexible agents: 170
num of flexible tasks: 370
Solving time: 0.00127243 seconds
plan limit 979
current timestep 362
num of flexible agents: 170
num of flexible tasks: 370
Solving time: 0.00138664 seconds
plan limit 979
current timestep 363
num of flexible agents: 162
num of flexible tasks: 362
Solving time: 0.00130566 seconds
plan limit 979
current timestep 364
num of flexible agents: 164
num of flexible tasks: 364
Solving time: 0.00132188 seconds
plan limit 979
current timestep 365
num of flexible agents: 163
num of flexible tasks: 363
Solving time: 0.00134493 seconds
plan limit 979
current timestep 366
num of flexible agents: 161
num of flexible tasks: 361
Solving time: 0.00126312 seconds
plan limit 979
current timestep 367
num of flexible agents: 161
num of flexible tasks: 361
Solving time: 0.00127561 seconds
plan limit 979
current timestep 368
num of flexible agents: 161
num of flexible tasks: 361
Solving time: 0.00130144 seconds
plan limit 979
current timestep 369
num of flexible agents: 162
num of flexible tasks: 362
Solving time: 0.00131558 seconds
plan limit 979
current timestep 370
num of flexible agents: 167
num of flexible tasks: 367
Solving time: 0.00136007 seconds
plan limit 979
current timestep 371
num of flexible agents: 164
num of flexible tasks: 364
Solving time: 0.00130263 seconds
plan limit 979
current timestep 372
num of flexible agents: 164
num of flexible tasks: 364
Solving time: 0.00131516 seconds
plan limit 979
current timestep 373
num of flexible agents: 164
num of flexible tasks: 364
Solving time: 0.00148132 seconds
plan limit 979
current timestep 374
num of flexible agents: 164
num of flexible tasks: 364
Solving time: 0.00125428 seconds
plan limit 979
current timestep 375
num of flexible agents: 160
num of flexible tasks: 360
Solving time: 0.00128595 seconds
plan limit 979
current timestep 376
num of flexible agents: 161
num of flexible tasks: 361
Solving time: 0.00129706 seconds
plan limit 979
current timestep 377
num of flexible agents: 160
num of flexible tasks: 360
Solving time: 0.00116097 seconds
plan limit 979
current timestep 378
num of flexible agents: 167
num of flexible tasks: 367
Solving time: 0.00136258 seconds
plan limit 979
current timestep 379
num of flexible agents: 167
num of flexible tasks: 367
Solving time: 0.00149464 seconds
plan limit 979
current timestep 380
num of flexible agents: 173
num of flexible tasks: 373
Solving time: 0.00124211 seconds
plan limit 979
current timestep 381
num of flexible agents: 172
num of flexible tasks: 372
Solving time: 0.00124818 seconds
plan limit 979
current timestep 382
num of flexible agents: 178
num of flexible tasks: 378
Solving time: 0.00130772 seconds
plan limit 979
current timestep 383
num of flexible agents: 177
num of flexible tasks: 377
Solving time: 0.0012651 seconds
plan limit 979
current timestep 384
num of flexible agents: 176
num of flexible tasks: 376
Solving time: 0.00121146 seconds
plan limit 979
current timestep 385
num of flexible agents: 182
num of flexible tasks: 382
Solving time: 0.00131545 seconds
plan limit 979
current timestep 386
num of flexible agents: 188
num of flexible tasks: 388
Solving time: 0.00149364 seconds
plan limit 979
current timestep 387
num of flexible agents: 188
num of flexible tasks: 388
Solving time: 0.00131336 seconds
plan limit 979
current timestep 388
num of flexible agents: 182
num of flexible tasks: 382
Solving time: 0.00125752 seconds
plan limit 979
current timestep 389
num of flexible agents: 182
num of flexible tasks: 382
Solving time: 0.00127095 seconds
plan limit 979
current timestep 390
num of flexible agents: 179
num of flexible tasks: 379
Solving time: 0.00128039 seconds
plan limit 979
current timestep 391
num of flexible agents: 172
num of flexible tasks: 372
Solving time: 0.00125082 seconds
plan limit 979
current timestep 392
num of flexible agents: 173
num of flexible tasks: 373
Solving time: 0.00125493 seconds
plan limit 979
current timestep 393
num of flexible agents: 169
num of flexible tasks: 369
Solving time: 0.00132416 seconds
plan limit 979
current timestep 394
num of flexible agents: 167
num of flexible tasks: 367
Solving time: 0.00125673 seconds
plan limit 979
current timestep 395
num of flexible agents: 166
num of flexible tasks: 366
Solving time: 0.00136964 seconds
plan limit 979
current timestep 396
num of flexible agents: 171
num of flexible tasks: 371
Solving time: 0.00126687 seconds
plan limit 979
current timestep 397
num of flexible agents: 171
num of flexible tasks: 371
Solving time: 0.0012638 seconds
plan limit 979
current timestep 398
num of flexible agents: 170
num of flexible tasks: 370
Solving time: 0.001318 seconds
plan limit 979
current timestep 399
num of flexible agents: 173
num of flexible tasks: 373
Solving time: 0.00134066 seconds
plan limit 979
current timestep 400
num of flexible agents: 167
num of flexible tasks: 367
Solving time: 0.0012395 seconds
plan limit 979
current timestep 401
num of flexible agents: 169
num of flexible tasks: 369
Solving time: 0.00125912 seconds
plan limit 979
current timestep 402
num of flexible agents: 168
num of flexible tasks: 368
Solving time: 0.00125932 seconds
plan limit 979
current timestep 403
num of flexible agents: 161
num of flexible tasks: 361
Solving time: 0.00120133 seconds
plan limit 979
current timestep 404
num of flexible agents: 169
num of flexible tasks: 369
Solving time: 0.00130367 seconds
plan limit 979
current timestep 405
num of flexible agents: 170
num of flexible tasks: 370
Solving time: 0.00137302 seconds
plan limit 979
current timestep 406
num of flexible agents: 173
num of flexible tasks: 373
Solving time: 0.00123799 seconds
plan limit 979
current timestep 407
num of flexible agents: 176
num of flexible tasks: 376
Solving time: 0.00123726 seconds
plan limit 979
current timestep 408
num of flexible agents: 176
num of flexible tasks: 376
Solving time: 0.00129093 seconds
plan limit 979
current timestep 409
num of flexible agents: 174
num of flexible tasks: 374
Solving time: 0.00121741 seconds
plan limit 979
current timestep 410
num of flexible agents: 174
num of flexible tasks: 374
Solving time: 0.00129622 seconds
plan limit 979
current timestep 411
num of flexible agents: 173
num of flexible tasks: 373
Solving time: 0.00127119 seconds
plan limit 979
current timestep 412
num of flexible agents: 169
num of flexible tasks: 369
Solving time: 0.00129867 seconds
plan limit 979
current timestep 413
num of flexible agents: 168
num of flexible tasks: 368
Solving time: 0.00127971 seconds
plan limit 979
current timestep 414
num of flexible agents: 170
num of flexible tasks: 370
Solving time: 0.00119617 seconds
plan limit 979
current timestep 415
num of flexible agents: 170
num of flexible tasks: 370
Solving time: 0.00144937 seconds
plan limit 979
current timestep 416
num of flexible agents: 174
num of flexible tasks: 374
Solving time: 0.00127197 seconds
plan limit 979
current timestep 417
num of flexible agents: 177
num of flexible tasks: 377
Solving time: 0.00139094 seconds
plan limit 979
current timestep 418
num of flexible agents: 177
num of flexible tasks: 377
Solving time: 0.00125386 seconds
plan limit 979
current timestep 419
num of flexible agents: 182
num of flexible tasks: 382
Solving time: 0.00119608 seconds
plan limit 979
current timestep 420
num of flexible agents: 181
num of flexible tasks: 381
Solving time: 0.00134078 seconds
plan limit 979
current timestep 421
num of flexible agents: 181
num of flexible tasks: 381
Solving time: 0.00129392 seconds
plan limit 979
current timestep 422
num of flexible agents: 177
num of flexible tasks: 377
Solving time: 0.00133053 seconds
plan limit 979
current timestep 423
num of flexible agents: 169
num of flexible tasks: 369
Solving time: 0.00137566 seconds
plan limit 979
current timestep 424
num of flexible agents: 176
num of flexible tasks: 376
Solving time: 0.00138113 seconds
plan limit 979
current timestep 425
num of flexible agents: 175
num of flexible tasks: 375
Solving time: 0.00142647 seconds
plan limit 979
current timestep 426
num of flexible agents: 180
num of flexible tasks: 380
Solving time: 0.00148213 seconds
plan limit 979
current timestep 427
num of flexible agents: 179
num of flexible tasks: 379
Solving time: 0.00127481 seconds
plan limit 979
current timestep 428
num of flexible agents: 177
num of flexible tasks: 377
Solving time: 0.00133626 seconds
plan limit 979
current timestep 429
num of flexible agents: 172
num of flexible tasks: 372
Solving time: 0.00128753 seconds
plan limit 979
current timestep 430
num of flexible agents: 169
num of flexible tasks: 369
Solving time: 0.00128151 seconds
plan limit 979
current timestep 431
num of flexible agents: 168
num of flexible tasks: 368
Solving time: 0.00127115 seconds
plan limit 979
current timestep 432
num of flexible agents: 167
num of flexible tasks: 367
Solving time: 0.00122347 seconds
plan limit 979
current timestep 433
num of flexible agents: 162
num of flexible tasks: 362
Solving time: 0.00131335 seconds
plan limit 979
current timestep 434
num of flexible agents: 169
num of flexible tasks: 369
Solving time: 0.00141501 seconds
plan limit 979
current timestep 435
num of flexible agents: 173
num of flexible tasks: 373
Solving time: 0.00124553 seconds
plan limit 979
current timestep 436
num of flexible agents: 173
num of flexible tasks: 373
Solving time: 0.00125873 seconds
plan limit 979
current timestep 437
num of flexible agents: 171
num of flexible tasks: 371
Solving time: 0.00129027 seconds
plan limit 979
current timestep 438
num of flexible agents: 171
num of flexible tasks: 371
Solving time: 0.00131391 seconds
plan limit 979
current timestep 439
num of flexible agents: 173
num of flexible tasks: 373
Solving time: 0.00139023 seconds
plan limit 979
current timestep 440
num of flexible agents: 169
num of flexible tasks: 369
Solving time: 0.00122931 seconds
plan limit 979
current timestep 441
num of flexible agents: 166
num of flexible tasks: 366
Solving time: 0.00133601 seconds
plan limit 979
current timestep 442
num of flexible agents: 164
num of flexible tasks: 364
Solving time: 0.00128027 seconds
plan limit 979
current timestep 443
num of flexible agents: 157
num of flexible tasks: 357
Solving time: 0.00130107 seconds
plan limit 979
current timestep 444
num of flexible agents: 161
num of flexible tasks: 361
Solving time: 0.00134849 seconds
plan limit 979
current timestep 445
num of flexible agents: 163
num of flexible tasks: 363
Solving time: 0.00132751 seconds
plan limit 979
current timestep 446
num of flexible agents: 161
num of flexible tasks: 361
Solving time: 0.0013678 seconds
plan limit 979
current timestep 447
num of flexible agents: 166
num of flexible tasks: 366
Solving time: 0.00135516 seconds
plan limit 979
current timestep 448
num of flexible agents: 162
num of flexible tasks: 362
Solving time: 0.0013238 seconds
plan limit 979
current timestep 449
num of flexible agents: 158
num of flexible tasks: 358
Solving time: 0.00126852 seconds
plan limit 979
current timestep 450
num of flexible agents: 161
num of flexible tasks: 361
Solving time: 0.00130438 seconds
plan limit 979
current timestep 451
num of flexible agents: 160
num of flexible tasks: 360
Solving time: 0.00123927 seconds
plan limit 979
current timestep 452
num of flexible agents: 157
num of flexible tasks: 357
Solving time: 0.00134203 seconds
plan limit 979
current timestep 453
num of flexible agents: 156
num of flexible tasks: 356
Solving time: 0.00124223 seconds
plan limit 979
current timestep 454
num of flexible agents: 153
num of flexible tasks: 353
Solving time: 0.00121494 seconds
plan limit 979
current timestep 455
num of flexible agents: 155
num of flexible tasks: 355
Solving time: 0.00123661 seconds
plan limit 979
current timestep 456
num of flexible agents: 158
num of flexible tasks: 358
Solving time: 0.00130001 seconds
plan limit 979
current timestep 457
num of flexible agents: 162
num of flexible tasks: 362
Solving time: 0.00142673 seconds
plan limit 979
current timestep 458
num of flexible agents: 165
num of flexible tasks: 365
Solving time: 0.00126011 seconds
plan limit 979
current timestep 459
num of flexible agents: 165
num of flexible tasks: 365
Solving time: 0.00130185 seconds
plan limit 979
current timestep 460
num of flexible agents: 167
num of flexible tasks: 367
Solving time: 0.00128334 seconds
plan limit 979
current timestep 461
num of flexible agents: 170
num of flexible tasks: 370
Solving time: 0.00139094 seconds
plan limit 979
current timestep 462
num of flexible agents: 175
num of flexible tasks: 375
Solving time: 0.00124469 seconds
plan limit 979
current timestep 463
num of flexible agents: 174
num of flexible tasks: 374
Solving time: 0.00129286 seconds
plan limit 979
current timestep 464
num of flexible agents: 178
num of flexible tasks: 378
Solving time: 0.00123666 seconds
plan limit 979
current timestep 465
num of flexible agents: 176
num of flexible tasks: 376
Solving time: 0.00131193 seconds
plan limit 979
current timestep 466
num of flexible agents: 173
num of flexible tasks: 373
Solving time: 0.00134456 seconds
plan limit 979
current timestep 467
num of flexible agents: 174
num of flexible tasks: 374
Solving time: 0.00138393 seconds
plan limit 979
current timestep 468
num of flexible agents: 169
num of flexible tasks: 369
Solving time: 0.00137377 seconds
plan limit 979
current timestep 469
num of flexible agents: 170
num of flexible tasks: 370
Solving time: 0.00137765 seconds
plan limit 979
current timestep 470
num of flexible agents: 167
num of flexible tasks: 367
Solving time: 0.00147759 seconds
plan limit 979
current timestep 471
num of flexible agents: 165
num of flexible tasks: 365
Solving time: 0.00125451 seconds
plan limit 979
current timestep 472
num of flexible agents: 163
num of flexible tasks: 363
Solving time: 0.00124438 seconds
plan limit 979
current timestep 473
num of flexible agents: 160
num of flexible tasks: 360
Solving time: 0.00133067 seconds
plan limit 979
current timestep 474
num of flexible agents: 157
num of flexible tasks: 357
Solving time: 0.00127577 seconds
plan limit 979
current timestep 475
num of flexible agents: 156
num of flexible tasks: 356
Solving time: 0.00131123 seconds
plan limit 979
current timestep 476
num of flexible agents: 163
num of flexible tasks: 363
Solving time: 0.00134428 seconds
plan limit 979
current timestep 477
num of flexible agents: 161
num of flexible tasks: 361
Solving time: 0.00134531 seconds
plan limit 979
current timestep 478
num of flexible agents: 162
num of flexible tasks: 362
Solving time: 0.00128471 seconds
plan limit 979
current timestep 479
num of flexible agents: 160
num of flexible tasks: 360
Solving time: 0.00143665 seconds
plan limit 979
current timestep 480
num of flexible agents: 161
num of flexible tasks: 361
Solving time: 0.00130408 seconds
plan limit 979
current timestep 481
num of flexible agents: 159
num of flexible tasks: 359
Solving time: 0.00130492 seconds
plan limit 979
current timestep 482
num of flexible agents: 166
num of flexible tasks: 366
Solving time: 0.00132009 seconds
plan limit 979
current timestep 483
num of flexible agents: 163
num of flexible tasks: 363
Solving time: 0.00127723 seconds
plan limit 979
current timestep 484
num of flexible agents: 164
num of flexible tasks: 364
Solving time: 0.00121241 seconds
plan limit 979
current timestep 485
num of flexible agents: 163
num of flexible tasks: 363
Solving time: 0.00126856 seconds
plan limit 979
current timestep 486
num of flexible agents: 162
num of flexible tasks: 362
Solving time: 0.00124102 seconds
plan limit 979
current timestep 487
num of flexible agents: 159
num of flexible tasks: 359
Solving time: 0.00135418 seconds
plan limit 979
current timestep 488
num of flexible agents: 157
num of flexible tasks: 357
Solving time: 0.00134259 seconds
plan limit 979
current timestep 489
num of flexible agents: 157
num of flexible tasks: 357
Solving time: 0.00128052 seconds
plan limit 979
current timestep 490
num of flexible agents: 157
num of flexible tasks: 357
Solving time: 0.00126475 seconds
plan limit 979
current timestep 491
num of flexible agents: 157
num of flexible tasks: 357
Solving time: 0.00131705 seconds
plan limit 979
current timestep 492
num of flexible agents: 164
num of flexible tasks: 364
Solving time: 0.00140729 seconds
plan limit 979
current timestep 493
num of flexible agents: 165
num of flexible tasks: 365
Solving time: 0.00121521 seconds
plan limit 979
current timestep 494
num of flexible agents: 164
num of flexible tasks: 364
Solving time: 0.00132039 seconds
plan limit 979
current timestep 495
num of flexible agents: 161
num of flexible tasks: 361
Solving time: 0.00122127 seconds
plan limit 979
current timestep 496
num of flexible agents: 160
num of flexible tasks: 360
Solving time: 0.00124005 seconds
plan limit 979
current timestep 497
num of flexible agents: 160
num of flexible tasks: 360
Solving time: 0.00119567 seconds
plan limit 979
current timestep 498
num of flexible agents: 159
num of flexible tasks: 359
Solving time: 0.00126486 seconds
plan limit 979
current timestep 499
num of flexible agents: 158
num of flexible tasks: 358
Solving time: 0.00134983 seconds
plan limit 979
current timestep 500
num of flexible agents: 159
num of flexible tasks: 359
Solving time: 0.00122553 seconds
plan limit 979
current timestep 501
num of flexible agents: 157
num of flexible tasks: 357
Solving time: 0.0014548 seconds
plan limit 979
current timestep 502
num of flexible agents: 161
num of flexible tasks: 361
Solving time: 0.00122017 seconds
plan limit 979
current timestep 503
num of flexible agents: 158
num of flexible tasks: 358
Solving time: 0.00121714 seconds
plan limit 979
current timestep 504
num of flexible agents: 157
num of flexible tasks: 357
Solving time: 0.00119885 seconds
plan limit 979
current timestep 505
num of flexible agents: 157
num of flexible tasks: 357
Solving time: 0.00132151 seconds
plan limit 979
current timestep 506
num of flexible agents: 155
num of flexible tasks: 355
Solving time: 0.00130213 seconds
plan limit 979
current timestep 507
num of flexible agents: 157
num of flexible tasks: 357
Solving time: 0.00126981 seconds
plan limit 979
current timestep 508
num of flexible agents: 162
num of flexible tasks: 362
Solving time: 0.001203 seconds
plan limit 979
current timestep 509
num of flexible agents: 164
num of flexible tasks: 364
Solving time: 0.00123795 seconds
plan limit 979
current timestep 510
num of flexible agents: 166
num of flexible tasks: 366
Solving time: 0.00145367 seconds
plan limit 979
current timestep 511
num of flexible agents: 165
num of flexible tasks: 365
Solving time: 0.00130843 seconds
plan limit 979
current timestep 512
num of flexible agents: 159
num of flexible tasks: 359
Solving time: 0.00117237 seconds
plan limit 979
current timestep 513
num of flexible agents: 152
num of flexible tasks: 352
Solving time: 0.00127965 seconds
plan limit 979
current timestep 514
num of flexible agents: 153
num of flexible tasks: 353
Solving time: 0.00120826 seconds
plan limit 979
current timestep 515
num of flexible agents: 153
num of flexible tasks: 353
Solving time: 0.00121198 seconds
plan limit 979
current timestep 516
num of flexible agents: 156
num of flexible tasks: 356
Solving time: 0.00120311 seconds
plan limit 979
current timestep 517
num of flexible agents: 158
num of flexible tasks: 358
Solving time: 0.00117767 seconds
plan limit 979
current timestep 518
num of flexible agents: 162
num of flexible tasks: 362
Solving time: 0.00120114 seconds
plan limit 979
current timestep 519
num of flexible agents: 159
num of flexible tasks: 359
Solving time: 0.00124535 seconds
plan limit 979
current timestep 520
num of flexible agents: 159
num of flexible tasks: 359
Solving time: 0.00111415 seconds
plan limit 979
current timestep 521
num of flexible agents: 166
num of flexible tasks: 366
Solving time: 0.00121938 seconds
plan limit 979
current timestep 522
num of flexible agents: 161
num of flexible tasks: 361
Solving time: 0.00115113 seconds
plan limit 979
current timestep 523
num of flexible agents: 164
num of flexible tasks: 364
Solving time: 0.00124642 seconds
plan limit 979
current timestep 524
num of flexible agents: 165
num of flexible tasks: 365
Solving time: 0.00117961 seconds
plan limit 979
current timestep 525
num of flexible agents: 166
num of flexible tasks: 366
Solving time: 0.00126561 seconds
plan limit 979
current timestep 526
num of flexible agents: 166
num of flexible tasks: 366
Solving time: 0.00132633 seconds
plan limit 979
current timestep 527
num of flexible agents: 163
num of flexible tasks: 363
Solving time: 0.00117422 seconds
plan limit 979
current timestep 528
num of flexible agents: 166
num of flexible tasks: 366
Solving time: 0.00116753 seconds
plan limit 979
current timestep 529
num of flexible agents: 161
num of flexible tasks: 361
Solving time: 0.00133234 seconds
plan limit 979
current timestep 530
num of flexible agents: 162
num of flexible tasks: 362
Solving time: 0.00127762 seconds
plan limit 979
current timestep 531
num of flexible agents: 167
num of flexible tasks: 367
Solving time: 0.00123258 seconds
plan limit 979
current timestep 532
num of flexible agents: 166
num of flexible tasks: 366
Solving time: 0.00130674 seconds
plan limit 979
current timestep 533
num of flexible agents: 166
num of flexible tasks: 366
Solving time: 0.00128952 seconds
plan limit 979
current timestep 534
num of flexible agents: 176
num of flexible tasks: 376
Solving time: 0.00119009 seconds
plan limit 979
current timestep 535
num of flexible agents: 189
num of flexible tasks: 389
Solving time: 0.0013371 seconds
plan limit 979
current timestep 536
num of flexible agents: 180
num of flexible tasks: 380
Solving time: 0.00126296 seconds
plan limit 979
current timestep 537
num of flexible agents: 181
num of flexible tasks: 381
Solving time: 0.00127123 seconds
plan limit 979
current timestep 538
num of flexible agents: 182
num of flexible tasks: 382
Solving time: 0.00124844 seconds
plan limit 979
current timestep 539
num of flexible agents: 178
num of flexible tasks: 378
Solving time: 0.00131066 seconds
plan limit 979
current timestep 540
num of flexible agents: 178
num of flexible tasks: 378
Solving time: 0.00136281 seconds
plan limit 979
current timestep 541
num of flexible agents: 178
num of flexible tasks: 378
Solving time: 0.00135061 seconds
plan limit 979
current timestep 542
num of flexible agents: 179
num of flexible tasks: 379
Solving time: 0.00121117 seconds
plan limit 979
current timestep 543
num of flexible agents: 177
num of flexible tasks: 377
Solving time: 0.00135288 seconds
plan limit 979
current timestep 544
num of flexible agents: 170
num of flexible tasks: 370
Solving time: 0.00127349 seconds
plan limit 979
current timestep 545
num of flexible agents: 170
num of flexible tasks: 370
Solving time: 0.00131844 seconds
plan limit 979
current timestep 546
num of flexible agents: 166
num of flexible tasks: 366
Solving time: 0.00115989 seconds
plan limit 979
current timestep 547
num of flexible agents: 163
num of flexible tasks: 363
Solving time: 0.00125694 seconds
plan limit 979
current timestep 548
num of flexible agents: 158
num of flexible tasks: 358
Solving time: 0.00117194 seconds
plan limit 979
current timestep 549
num of flexible agents: 153
num of flexible tasks: 353
Solving time: 0.00127948 seconds
plan limit 979
current timestep 550
num of flexible agents: 151
num of flexible tasks: 351
Solving time: 0.00121037 seconds
plan limit 979
current timestep 551
num of flexible agents: 155
num of flexible tasks: 355
Solving time: 0.0012938 seconds
plan limit 979
current timestep 552
num of flexible agents: 157
num of flexible tasks: 357
Solving time: 0.00121097 seconds
plan limit 979
current timestep 553
num of flexible agents: 153
num of flexible tasks: 353
Solving time: 0.00114334 seconds
plan limit 979
current timestep 554
num of flexible agents: 154
num of flexible tasks: 354
Solving time: 0.00127077 seconds
plan limit 979
current timestep 555
num of flexible agents: 159
num of flexible tasks: 359
Solving time: 0.00121624 seconds
plan limit 979
current timestep 556
num of flexible agents: 154
num of flexible tasks: 354
Solving time: 0.00113826 seconds
plan limit 979
current timestep 557
num of flexible agents: 160
num of flexible tasks: 360
Solving time: 0.00116865 seconds
plan limit 979
current timestep 558
num of flexible agents: 160
num of flexible tasks: 360
Solving time: 0.00120022 seconds
plan limit 979
current timestep 559
num of flexible agents: 161
num of flexible tasks: 361
Solving time: 0.00125621 seconds
plan limit 979
current timestep 560
num of flexible agents: 162
num of flexible tasks: 362
Solving time: 0.00117722 seconds
plan limit 979
current timestep 561
num of flexible agents: 163
num of flexible tasks: 363
Solving time: 0.00114548 seconds
plan limit 979
current timestep 562
num of flexible agents: 161
num of flexible tasks: 361
Solving time: 0.00118815 seconds
plan limit 979
current timestep 563
num of flexible agents: 162
num of flexible tasks: 362
Solving time: 0.00124678 seconds
plan limit 979
current timestep 564
num of flexible agents: 160
num of flexible tasks: 360
Solving time: 0.00121316 seconds
plan limit 979
current timestep 565
num of flexible agents: 157
num of flexible tasks: 357
Solving time: 0.0011924 seconds
plan limit 979
current timestep 566
num of flexible agents: 151
num of flexible tasks: 351
Solving time: 0.00119036 seconds
plan limit 979
current timestep 567
num of flexible agents: 146
num of flexible tasks: 346
Solving time: 0.00113653 seconds
plan limit 979
current timestep 568
num of flexible agents: 144
num of flexible tasks: 344
Solving time: 0.00108017 seconds
plan limit 979
current timestep 569
num of flexible agents: 145
num of flexible tasks: 345
Solving time: 0.0012186 seconds
plan limit 979
current timestep 570
num of flexible agents: 146
num of flexible tasks: 346
Solving time: 0.00118598 seconds
plan limit 979
current timestep 571
num of flexible agents: 143
num of flexible tasks: 343
Solving time: 0.00117959 seconds
plan limit 979
current timestep 572
num of flexible agents: 147
num of flexible tasks: 347
Solving time: 0.00134055 seconds
plan limit 979
current timestep 573
num of flexible agents: 149
num of flexible tasks: 349
Solving time: 0.00119669 seconds
plan limit 979
current timestep 574
num of flexible agents: 152
num of flexible tasks: 352
Solving time: 0.00119323 seconds
plan limit 979
current timestep 575
num of flexible agents: 153
num of flexible tasks: 353
Solving time: 0.00127493 seconds
plan limit 979
current timestep 576
num of flexible agents: 150
num of flexible tasks: 350
Solving time: 0.00122583 seconds
plan limit 979
current timestep 577
num of flexible agents: 149
num of flexible tasks: 349
Solving time: 0.00119687 seconds
plan limit 979
current timestep 578
num of flexible agents: 145
num of flexible tasks: 345
Solving time: 0.00118645 seconds
plan limit 979
current timestep 579
num of flexible agents: 148
num of flexible tasks: 348
Solving time: 0.00112498 seconds
plan limit 979
current timestep 580
num of flexible agents: 148
num of flexible tasks: 348
Solving time: 0.00120972 seconds
plan limit 979
current timestep 581
num of flexible agents: 145
num of flexible tasks: 345
Solving time: 0.00117234 seconds
plan limit 979
current timestep 582
num of flexible agents: 155
num of flexible tasks: 355
Solving time: 0.00125775 seconds
plan limit 979
current timestep 583
num of flexible agents: 159
num of flexible tasks: 359
Solving time: 0.00121702 seconds
plan limit 979
current timestep 584
num of flexible agents: 158
num of flexible tasks: 358
Solving time: 0.00114874 seconds
plan limit 979
current timestep 585
num of flexible agents: 161
num of flexible tasks: 361
Solving time: 0.0013487 seconds
plan limit 979
current timestep 586
num of flexible agents: 162
num of flexible tasks: 362
Solving time: 0.00119988 seconds
plan limit 979
current timestep 587
num of flexible agents: 162
num of flexible tasks: 362
Solving time: 0.00124591 seconds
plan limit 979
current timestep 588
num of flexible agents: 159
num of flexible tasks: 359
Solving time: 0.00118129 seconds
plan limit 979
current timestep 589
num of flexible agents: 160
num of flexible tasks: 360
Solving time: 0.00126239 seconds
plan limit 979
current timestep 590
num of flexible agents: 160
num of flexible tasks: 360
Solving time: 0.00120069 seconds
plan limit 979
current timestep 591
num of flexible agents: 159
num of flexible tasks: 359
Solving time: 0.00121123 seconds
plan limit 979
current timestep 592
num of flexible agents: 157
num of flexible tasks: 357
Solving time: 0.00114372 seconds
plan limit 979
current timestep 593
num of flexible agents: 161
num of flexible tasks: 361
Solving time: 0.00125865 seconds
plan limit 979
current timestep 594
num of flexible agents: 157
num of flexible tasks: 357
Solving time: 0.00143384 seconds
plan limit 979
current timestep 595
num of flexible agents: 155
num of flexible tasks: 355
Solving time: 0.00123865 seconds
plan limit 979
current timestep 596
num of flexible agents: 157
num of flexible tasks: 357
Solving time: 0.00131644 seconds
plan limit 979
current timestep 597
num of flexible agents: 152
num of flexible tasks: 352
Solving time: 0.00127926 seconds
plan limit 979
current timestep 598
num of flexible agents: 152
num of flexible tasks: 352
Solving time: 0.00127581 seconds
plan limit 979
current timestep 599
num of flexible agents: 157
num of flexible tasks: 357
Solving time: 0.00119226 seconds
plan limit 979
current timestep 600
num of flexible agents: 156
num of flexible tasks: 356
Solving time: 0.00128978 seconds
plan limit 979
current timestep 601
num of flexible agents: 159
num of flexible tasks: 359
Solving time: 0.00121153 seconds
plan limit 979
current timestep 602
num of flexible agents: 162
num of flexible tasks: 362
Solving time: 0.00132237 seconds
plan limit 979
current timestep 603
num of flexible agents: 157
num of flexible tasks: 357
Solving time: 0.00128552 seconds
plan limit 979
current timestep 604
num of flexible agents: 160
num of flexible tasks: 360
Solving time: 0.00120307 seconds
plan limit 979
current timestep 605
num of flexible agents: 161
num of flexible tasks: 361
Solving time: 0.00128984 seconds
plan limit 979
current timestep 606
num of flexible agents: 158
num of flexible tasks: 358
Solving time: 0.00115067 seconds
plan limit 979
current timestep 607
num of flexible agents: 162
num of flexible tasks: 362
Solving time: 0.00139589 seconds
plan limit 979
current timestep 608
num of flexible agents: 166
num of flexible tasks: 366
Solving time: 0.00129407 seconds
plan limit 979
current timestep 609
num of flexible agents: 171
num of flexible tasks: 371
Solving time: 0.00124477 seconds
plan limit 979
current timestep 610
num of flexible agents: 173
num of flexible tasks: 373
Solving time: 0.00120119 seconds
plan limit 979
current timestep 611
num of flexible agents: 176
num of flexible tasks: 376
Solving time: 0.00124855 seconds
plan limit 979
current timestep 612
num of flexible agents: 172
num of flexible tasks: 372
Solving time: 0.00110009 seconds
plan limit 979
current timestep 613
num of flexible agents: 175
num of flexible tasks: 375
Solving time: 0.00111613 seconds
plan limit 979
current timestep 614
num of flexible agents: 171
num of flexible tasks: 371
Solving time: 0.00118903 seconds
plan limit 979
current timestep 615
num of flexible agents: 166
num of flexible tasks: 366
Solving time: 0.00116637 seconds
plan limit 979
current timestep 616
num of flexible agents: 168
num of flexible tasks: 368
Solving time: 0.00124776 seconds
plan limit 979
current timestep 617
num of flexible agents: 164
num of flexible tasks: 364
Solving time: 0.00112363 seconds
plan limit 979
current timestep 618
num of flexible agents: 164
num of flexible tasks: 364
Solving time: 0.00113508 seconds
plan limit 979
current timestep 619
num of flexible agents: 166
num of flexible tasks: 366
Solving time: 0.00113434 seconds
plan limit 979
current timestep 620
num of flexible agents: 162
num of flexible tasks: 362
Solving time: 0.00122547 seconds
plan limit 979
current timestep 621
num of flexible agents: 156
num of flexible tasks: 356
Solving time: 0.00120583 seconds
plan limit 979
current timestep 622
num of flexible agents: 151
num of flexible tasks: 351
Solving time: 0.00123953 seconds
plan limit 979
current timestep 623
num of flexible agents: 156
num of flexible tasks: 356
Solving time: 0.00115953 seconds
plan limit 979
current timestep 624
num of flexible agents: 155
num of flexible tasks: 355
Solving time: 0.00117412 seconds
plan limit 979
current timestep 625
num of flexible agents: 148
num of flexible tasks: 348
Solving time: 0.00130731 seconds
plan limit 979
current timestep 626
num of flexible agents: 148
num of flexible tasks: 348
Solving time: 0.00121155 seconds
plan limit 979
current timestep 627
num of flexible agents: 151
num of flexible tasks: 351
Solving time: 0.0012195 seconds
plan limit 979
current timestep 628
num of flexible agents: 150
num of flexible tasks: 350
Solving time: 0.00118907 seconds
plan limit 979
current timestep 629
num of flexible agents: 151
num of flexible tasks: 351
Solving time: 0.00118703 seconds
plan limit 979
current timestep 630
num of flexible agents: 154
num of flexible tasks: 354
Solving time: 0.00120085 seconds
plan limit 979
current timestep 631
num of flexible agents: 161
num of flexible tasks: 361
Solving time: 0.00123867 seconds
plan limit 979
current timestep 632
num of flexible agents: 163
num of flexible tasks: 363
Solving time: 0.00115877 seconds
plan limit 979
current timestep 633
num of flexible agents: 164
num of flexible tasks: 364
Solving time: 0.0011826 seconds
plan limit 979
current timestep 634
num of flexible agents: 159
num of flexible tasks: 359
Solving time: 0.00118503 seconds
plan limit 979
current timestep 635
num of flexible agents: 155
num of flexible tasks: 355
Solving time: 0.00115062 seconds
plan limit 979
current timestep 636
num of flexible agents: 155
num of flexible tasks: 355
Solving time: 0.00111905 seconds
plan limit 979
current timestep 637
num of flexible agents: 158
num of flexible tasks: 358
Solving time: 0.00112706 seconds
plan limit 979
current timestep 638
num of flexible agents: 160
num of flexible tasks: 360
Solving time: 0.0012535 seconds
plan limit 979
current timestep 639
num of flexible agents: 153
num of flexible tasks: 353
Solving time: 0.00113983 seconds
plan limit 979
current timestep 640
num of flexible agents: 158
num of flexible tasks: 358
Solving time: 0.00119796 seconds
plan limit 979
current timestep 641
num of flexible agents: 155
num of flexible tasks: 355
Solving time: 0.00119553 seconds
plan limit 979
current timestep 642
num of flexible agents: 157
num of flexible tasks: 357
Solving time: 0.0011138 seconds
plan limit 979
current timestep 643
num of flexible agents: 161
num of flexible tasks: 361
Solving time: 0.00117447 seconds
plan limit 979
current timestep 644
num of flexible agents: 167
num of flexible tasks: 367
Solving time: 0.00118592 seconds
plan limit 979
current timestep 645
num of flexible agents: 175
num of flexible tasks: 375
Solving time: 0.00111498 seconds
plan limit 979
current timestep 646
num of flexible agents: 176
num of flexible tasks: 376
Solving time: 0.00122766 seconds
plan limit 979
current timestep 647
num of flexible agents: 175
num of flexible tasks: 375
Solving time: 0.00127196 seconds
plan limit 979
current timestep 648
num of flexible agents: 177
num of flexible tasks: 377
Solving time: 0.00114546 seconds
plan limit 979
current timestep 649
num of flexible agents: 171
num of flexible tasks: 371
Solving time: 0.00119935 seconds
plan limit 979
current timestep 650
num of flexible agents: 169
num of flexible tasks: 369
Solving time: 0.0011974 seconds
plan limit 979
current timestep 651
num of flexible agents: 168
num of flexible tasks: 368
Solving time: 0.00130479 seconds
plan limit 979
current timestep 652
num of flexible agents: 171
num of flexible tasks: 371
Solving time: 0.00123581 seconds
plan limit 979
current timestep 653
num of flexible agents: 172
num of flexible tasks: 372
Solving time: 0.0011749 seconds
plan limit 979
current timestep 654
num of flexible agents: 176
num of flexible tasks: 376
Solving time: 0.00118051 seconds
plan limit 979
current timestep 655
num of flexible agents: 174
num of flexible tasks: 374
Solving time: 0.00117359 seconds
plan limit 979
current timestep 656
num of flexible agents: 173
num of flexible tasks: 373
Solving time: 0.00118653 seconds
plan limit 979
current timestep 657
num of flexible agents: 171
num of flexible tasks: 371
Solving time: 0.00124598 seconds
plan limit 979
current timestep 658
num of flexible agents: 169
num of flexible tasks: 369
Solving time: 0.00116537 seconds
plan limit 979
current timestep 659
num of flexible agents: 167
num of flexible tasks: 367
Solving time: 0.00120431 seconds
plan limit 979
current timestep 660
num of flexible agents: 166
num of flexible tasks: 366
Solving time: 0.00133709 seconds
plan limit 979
current timestep 661
num of flexible agents: 163
num of flexible tasks: 363
Solving time: 0.00108809 seconds
plan limit 979
current timestep 662
num of flexible agents: 160
num of flexible tasks: 360
Solving time: 0.00115629 seconds
plan limit 979
current timestep 663
num of flexible agents: 161
num of flexible tasks: 361
Solving time: 0.00117822 seconds
plan limit 979
current timestep 664
num of flexible agents: 159
num of flexible tasks: 359
Solving time: 0.00118842 seconds
plan limit 979
current timestep 665
num of flexible agents: 162
num of flexible tasks: 362
Solving time: 0.00122807 seconds
plan limit 979
current timestep 666
num of flexible agents: 159
num of flexible tasks: 359
Solving time: 0.00122089 seconds
plan limit 979
current timestep 667
num of flexible agents: 160
num of flexible tasks: 360
Solving time: 0.00116903 seconds
plan limit 979
current timestep 668
num of flexible agents: 161
num of flexible tasks: 361
Solving time: 0.00122066 seconds
plan limit 979
current timestep 669
num of flexible agents: 165
num of flexible tasks: 365
Solving time: 0.00133175 seconds
plan limit 979
current timestep 670
num of flexible agents: 162
num of flexible tasks: 362
Solving time: 0.00128935 seconds
plan limit 979
current timestep 671
num of flexible agents: 160
num of flexible tasks: 360
Solving time: 0.00123771 seconds
plan limit 979
current timestep 672
num of flexible agents: 161
num of flexible tasks: 361
Solving time: 0.00127133 seconds
plan limit 979
current timestep 673
num of flexible agents: 157
num of flexible tasks: 357
Solving time: 0.00127147 seconds
plan limit 979
current timestep 674
num of flexible agents: 155
num of flexible tasks: 355
Solving time: 0.00127405 seconds
plan limit 979
current timestep 675
num of flexible agents: 151
num of flexible tasks: 351
Solving time: 0.00127943 seconds
plan limit 979
current timestep 676
num of flexible agents: 159
num of flexible tasks: 359
Solving time: 0.00133282 seconds
plan limit 979
current timestep 677
num of flexible agents: 159
num of flexible tasks: 359
Solving time: 0.00123475 seconds
plan limit 979
current timestep 678
num of flexible agents: 158
num of flexible tasks: 358
Solving time: 0.00119479 seconds
plan limit 979
current timestep 679
num of flexible agents: 156
num of flexible tasks: 356
Solving time: 0.00123971 seconds
plan limit 979
current timestep 680
num of flexible agents: 157
num of flexible tasks: 357
Solving time: 0.00126389 seconds
plan limit 979
current timestep 681
num of flexible agents: 156
num of flexible tasks: 356
Solving time: 0.00119447 seconds
plan limit 979
current timestep 682
num of flexible agents: 156
num of flexible tasks: 356
Solving time: 0.00128842 seconds
plan limit 979
current timestep 683
num of flexible agents: 152
num of flexible tasks: 352
Solving time: 0.00130352 seconds
plan limit 979
current timestep 684
num of flexible agents: 153
num of flexible tasks: 353
Solving time: 0.00124065 seconds
plan limit 979
current timestep 685
num of flexible agents: 149
num of flexible tasks: 349
Solving time: 0.00118859 seconds
plan limit 979
current timestep 686
num of flexible agents: 152
num of flexible tasks: 352
Solving time: 0.00115846 seconds
plan limit 979
current timestep 687
num of flexible agents: 153
num of flexible tasks: 353
Solving time: 0.00128165 seconds
plan limit 979
current timestep 688
num of flexible agents: 156
num of flexible tasks: 356
Solving time: 0.00120706 seconds
plan limit 979
current timestep 689
num of flexible agents: 152
num of flexible tasks: 352
Solving time: 0.00127472 seconds
plan limit 979
current timestep 690
num of flexible agents: 156
num of flexible tasks: 356
Solving time: 0.0012206 seconds
plan limit 979
current timestep 691
num of flexible agents: 161
num of flexible tasks: 361
Solving time: 0.00129633 seconds
plan limit 979
current timestep 692
num of flexible agents: 164
num of flexible tasks: 364
Solving time: 0.00121676 seconds
plan limit 979
current timestep 693
num of flexible agents: 164
num of flexible tasks: 364
Solving time: 0.0011524 seconds
plan limit 979
current timestep 694
num of flexible agents: 162
num of flexible tasks: 362
Solving time: 0.00130957 seconds
plan limit 979
current timestep 695
num of flexible agents: 158
num of flexible tasks: 358
Solving time: 0.00123715 seconds
plan limit 979
current timestep 696
num of flexible agents: 158
num of flexible tasks: 358
Solving time: 0.00124517 seconds
plan limit 979
current timestep 697
num of flexible agents: 162
num of flexible tasks: 362
Solving time: 0.00122088 seconds
plan limit 979
current timestep 698
num of flexible agents: 159
num of flexible tasks: 359
Solving time: 0.00116495 seconds
plan limit 979
current timestep 699
num of flexible agents: 164
num of flexible tasks: 364
Solving time: 0.00119558 seconds
plan limit 979
current timestep 700
num of flexible agents: 173
num of flexible tasks: 373
Solving time: 0.00133064 seconds
plan limit 979
current timestep 701
num of flexible agents: 174
num of flexible tasks: 374
Solving time: 0.00123049 seconds
plan limit 979
current timestep 702
num of flexible agents: 173
num of flexible tasks: 373
Solving time: 0.00126467 seconds
plan limit 979
current timestep 703
num of flexible agents: 169
num of flexible tasks: 369
Solving time: 0.00117008 seconds
plan limit 979
current timestep 704
num of flexible agents: 168
num of flexible tasks: 368
Solving time: 0.00128359 seconds
plan limit 979
current timestep 705
num of flexible agents: 166
num of flexible tasks: 366
Solving time: 0.00121265 seconds
plan limit 979
current timestep 706
num of flexible agents: 167
num of flexible tasks: 367
Solving time: 0.00129019 seconds
plan limit 979
current timestep 707
num of flexible agents: 163
num of flexible tasks: 363
Solving time: 0.00117561 seconds
plan limit 979
current timestep 708
num of flexible agents: 164
num of flexible tasks: 364
Solving time: 0.00132884 seconds
plan limit 979
current timestep 709
num of flexible agents: 160
num of flexible tasks: 360
Solving time: 0.00115501 seconds
plan limit 979
current timestep 710
num of flexible agents: 162
num of flexible tasks: 362
Solving time: 0.00119383 seconds
plan limit 979
current timestep 711
num of flexible agents: 161
num of flexible tasks: 361
Solving time: 0.00119647 seconds
plan limit 979
current timestep 712
num of flexible agents: 163
num of flexible tasks: 363
Solving time: 0.00127042 seconds
plan limit 979
current timestep 713
num of flexible agents: 165
num of flexible tasks: 365
Solving time: 0.001248 seconds
plan limit 979
current timestep 714
num of flexible agents: 167
num of flexible tasks: 367
Solving time: 0.0012151 seconds
plan limit 979
current timestep 715
num of flexible agents: 171
num of flexible tasks: 371
Solving time: 0.00121171 seconds
plan limit 979
current timestep 716
num of flexible agents: 171
num of flexible tasks: 371
Solving time: 0.00122305 seconds
plan limit 979
current timestep 717
num of flexible agents: 172
num of flexible tasks: 372
Solving time: 0.00130046 seconds
plan limit 979
current timestep 718
num of flexible agents: 166
num of flexible tasks: 366
Solving time: 0.00122611 seconds
plan limit 979
current timestep 719
num of flexible agents: 164
num of flexible tasks: 364
Solving time: 0.00121389 seconds
plan limit 979
current timestep 720
num of flexible agents: 161
num of flexible tasks: 361
Solving time: 0.00121342 seconds
plan limit 979
current timestep 721
num of flexible agents: 166
num of flexible tasks: 366
Solving time: 0.00120791 seconds
plan limit 979
current timestep 722
num of flexible agents: 170
num of flexible tasks: 370
Solving time: 0.00116978 seconds
plan limit 979
current timestep 723
num of flexible agents: 170
num of flexible tasks: 370
Solving time: 0.00119172 seconds
plan limit 979
current timestep 724
num of flexible agents: 171
num of flexible tasks: 371
Solving time: 0.00115011 seconds
plan limit 979
current timestep 725
num of flexible agents: 169
num of flexible tasks: 369
Solving time: 0.00119216 seconds
plan limit 979
current timestep 726
num of flexible agents: 165
num of flexible tasks: 365
Solving time: 0.00122145 seconds
plan limit 979
current timestep 727
num of flexible agents: 166
num of flexible tasks: 366
Solving time: 0.00114769 seconds
plan limit 979
current timestep 728
num of flexible agents: 163
num of flexible tasks: 363
Solving time: 0.00118918 seconds
plan limit 979
current timestep 729
num of flexible agents: 168
num of flexible tasks: 368
Solving time: 0.00136611 seconds
plan limit 979
current timestep 730
num of flexible agents: 165
num of flexible tasks: 365
Solving time: 0.0011842 seconds
plan limit 979
current timestep 731
num of flexible agents: 164
num of flexible tasks: 364
Solving time: 0.00133341 seconds
plan limit 979
current timestep 732
num of flexible agents: 166
num of flexible tasks: 366
Solving time: 0.00122871 seconds
plan limit 979
current timestep 733
num of flexible agents: 162
num of flexible tasks: 362
Solving time: 0.00122613 seconds
plan limit 979
current timestep 734
num of flexible agents: 159
num of flexible tasks: 359
Solving time: 0.00124566 seconds
plan limit 979
current timestep 735
num of flexible agents: 154
num of flexible tasks: 354
Solving time: 0.0013328 seconds
plan limit 979
current timestep 736
num of flexible agents: 156
num of flexible tasks: 356
Solving time: 0.00111684 seconds
plan limit 979
current timestep 737
num of flexible agents: 160
num of flexible tasks: 360
Solving time: 0.00117013 seconds
plan limit 979
current timestep 738
num of flexible agents: 165
num of flexible tasks: 365
Solving time: 0.00112146 seconds
plan limit 979
current timestep 739
num of flexible agents: 166
num of flexible tasks: 366
Solving time: 0.00117453 seconds
plan limit 979
current timestep 740
num of flexible agents: 164
num of flexible tasks: 364
Solving time: 0.0012181 seconds
plan limit 979
current timestep 741
num of flexible agents: 160
num of flexible tasks: 360
Solving time: 0.00119593 seconds
plan limit 979
current timestep 742
num of flexible agents: 161
num of flexible tasks: 361
Solving time: 0.00111058 seconds
plan limit 979
current timestep 743
num of flexible agents: 169
num of flexible tasks: 369
Solving time: 0.00128224 seconds
plan limit 979
current timestep 744
num of flexible agents: 169
num of flexible tasks: 369
Solving time: 0.00133574 seconds
plan limit 979
current timestep 745
num of flexible agents: 164
num of flexible tasks: 364
Solving time: 0.00115933 seconds
plan limit 979
current timestep 746
num of flexible agents: 164
num of flexible tasks: 364
Solving time: 0.00121397 seconds
plan limit 979
current timestep 747
num of flexible agents: 164
num of flexible tasks: 364
Solving time: 0.00109147 seconds
plan limit 979
current timestep 748
num of flexible agents: 166
num of flexible tasks: 366
Solving time: 0.00118971 seconds
plan limit 979
current timestep 749
num of flexible agents: 166
num of flexible tasks: 366
Solving time: 0.00116679 seconds
plan limit 979
current timestep 750
num of flexible agents: 165
num of flexible tasks: 365
Solving time: 0.00116254 seconds
plan limit 979
current timestep 751
num of flexible agents: 164
num of flexible tasks: 364
Solving time: 0.00119971 seconds
plan limit 979
current timestep 752
num of flexible agents: 166
num of flexible tasks: 366
Solving time: 0.00127941 seconds
plan limit 979
current timestep 753
num of flexible agents: 166
num of flexible tasks: 366
Solving time: 0.00126478 seconds
plan limit 979
current timestep 754
num of flexible agents: 165
num of flexible tasks: 365
Solving time: 0.00115408 seconds
plan limit 979
current timestep 755
num of flexible agents: 162
num of flexible tasks: 362
Solving time: 0.00115457 seconds
plan limit 979
current timestep 756
num of flexible agents: 156
num of flexible tasks: 356
Solving time: 0.00111093 seconds
plan limit 979
current timestep 757
num of flexible agents: 155
num of flexible tasks: 355
Solving time: 0.00116743 seconds
plan limit 979
current timestep 758
num of flexible agents: 154
num of flexible tasks: 354
Solving time: 0.00114447 seconds
plan limit 979
current timestep 759
num of flexible agents: 159
num of flexible tasks: 359
Solving time: 0.00118493 seconds
plan limit 979
current timestep 760
num of flexible agents: 161
num of flexible tasks: 361
Solving time: 0.00109032 seconds
plan limit 979
current timestep 761
num of flexible agents: 161
num of flexible tasks: 361
Solving time: 0.00116054 seconds
plan limit 979
current timestep 762
num of flexible agents: 158
num of flexible tasks: 358
Solving time: 0.00122452 seconds
plan limit 979
current timestep 763
num of flexible agents: 159
num of flexible tasks: 359
Solving time: 0.00111091 seconds
plan limit 979
current timestep 764
num of flexible agents: 161
num of flexible tasks: 361
Solving time: 0.00117536 seconds
plan limit 979
current timestep 765
num of flexible agents: 158
num of flexible tasks: 358
Solving time: 0.00113355 seconds
plan limit 979
current timestep 766
num of flexible agents: 162
num of flexible tasks: 362
Solving time: 0.00125904 seconds
plan limit 979
current timestep 767
num of flexible agents: 164
num of flexible tasks: 364
Solving time: 0.00112899 seconds
plan limit 979
current timestep 768
num of flexible agents: 169
num of flexible tasks: 369
Solving time: 0.00123984 seconds
plan limit 979
current timestep 769
num of flexible agents: 177
num of flexible tasks: 377
Solving time: 0.00122645 seconds
plan limit 979
current timestep 770
num of flexible agents: 177
num of flexible tasks: 377
Solving time: 0.00127358 seconds
plan limit 979
current timestep 771
num of flexible agents: 175
num of flexible tasks: 375
Solving time: 0.00123119 seconds
plan limit 979
current timestep 772
num of flexible agents: 174
num of flexible tasks: 374
Solving time: 0.00128833 seconds
plan limit 979
current timestep 773
num of flexible agents: 172
num of flexible tasks: 372
Solving time: 0.00131821 seconds
plan limit 979
current timestep 774
num of flexible agents: 170
num of flexible tasks: 370
Solving time: 0.00125626 seconds
plan limit 979
current timestep 775
num of flexible agents: 168
num of flexible tasks: 368
Solving time: 0.00136714 seconds
plan limit 979
current timestep 776
num of flexible agents: 166
num of flexible tasks: 366
Solving time: 0.00124167 seconds
plan limit 979
current timestep 777
num of flexible agents: 165
num of flexible tasks: 365
Solving time: 0.0012592 seconds
plan limit 979
current timestep 778
num of flexible agents: 170
num of flexible tasks: 370
Solving time: 0.00122332 seconds
plan limit 979
current timestep 779
num of flexible agents: 175
num of flexible tasks: 375
Solving time: 0.00128335 seconds
plan limit 979
current timestep 780
num of flexible agents: 179
num of flexible tasks: 379
Solving time: 0.00120015 seconds
plan limit 979
current timestep 781
num of flexible agents: 176
num of flexible tasks: 376
Solving time: 0.00115942 seconds
plan limit 979
current timestep 782
num of flexible agents: 175
num of flexible tasks: 375
Solving time: 0.00121716 seconds
plan limit 979
current timestep 783
num of flexible agents: 180
num of flexible tasks: 380
Solving time: 0.00127963 seconds
plan limit 979
current timestep 784
num of flexible agents: 179
num of flexible tasks: 379
Solving time: 0.00143079 seconds
plan limit 979
current timestep 785
num of flexible agents: 178
num of flexible tasks: 378
Solving time: 0.00120091 seconds
plan limit 979
current timestep 786
num of flexible agents: 173
num of flexible tasks: 373
Solving time: 0.00112808 seconds
plan limit 979
current timestep 787
num of flexible agents: 171
num of flexible tasks: 371
Solving time: 0.00122218 seconds
plan limit 979
current timestep 788
num of flexible agents: 168
num of flexible tasks: 368
Solving time: 0.00117747 seconds
plan limit 979
current timestep 789
num of flexible agents: 169
num of flexible tasks: 369
Solving time: 0.00125814 seconds
plan limit 979
current timestep 790
num of flexible agents: 164
num of flexible tasks: 364
Solving time: 0.00130466 seconds
plan limit 979
current timestep 791
num of flexible agents: 164
num of flexible tasks: 364
Solving time: 0.0013272 seconds
plan limit 979
current timestep 792
num of flexible agents: 162
num of flexible tasks: 362
Solving time: 0.00127535 seconds
plan limit 979
current timestep 793
num of flexible agents: 159
num of flexible tasks: 359
Solving time: 0.00118861 seconds
plan limit 979
current timestep 794
num of flexible agents: 156
num of flexible tasks: 356
Solving time: 0.0011632 seconds
plan limit 979
current timestep 795
num of flexible agents: 152
num of flexible tasks: 352
Solving time: 0.00118788 seconds
plan limit 979
current timestep 796
num of flexible agents: 153
num of flexible tasks: 353
Solving time: 0.00119333 seconds
plan limit 979
current timestep 797
num of flexible agents: 154
num of flexible tasks: 354
Solving time: 0.00128649 seconds
plan limit 979
current timestep 798
num of flexible agents: 156
num of flexible tasks: 356
Solving time: 0.00111071 seconds
plan limit 979
current timestep 799
num of flexible agents: 157
num of flexible tasks: 357
Solving time: 0.001183 seconds
plan limit 979
current timestep 800
num of flexible agents: 157
num of flexible tasks: 357
Solving time: 0.00121971 seconds
plan limit 979
current timestep 801
num of flexible agents: 154
num of flexible tasks: 354
Solving time: 0.00114367 seconds
plan limit 979
current timestep 802
num of flexible agents: 157
num of flexible tasks: 357
Solving time: 0.00113477 seconds
plan limit 979
current timestep 803
num of flexible agents: 156
num of flexible tasks: 356
Solving time: 0.0012421 seconds
plan limit 979
current timestep 804
num of flexible agents: 163
num of flexible tasks: 363
Solving time: 0.00120523 seconds
plan limit 979
current timestep 805
num of flexible agents: 162
num of flexible tasks: 362
Solving time: 0.00122287 seconds
plan limit 979
current timestep 806
num of flexible agents: 157
num of flexible tasks: 357
Solving time: 0.00130232 seconds
plan limit 979
current timestep 807
num of flexible agents: 156
num of flexible tasks: 356
Solving time: 0.00137474 seconds
plan limit 979
current timestep 808
num of flexible agents: 156
num of flexible tasks: 356
Solving time: 0.00123491 seconds
plan limit 979
current timestep 809
num of flexible agents: 150
num of flexible tasks: 350
Solving time: 0.00132289 seconds
plan limit 979
current timestep 810
num of flexible agents: 151
num of flexible tasks: 351
Solving time: 0.00127037 seconds
plan limit 979
current timestep 811
num of flexible agents: 151
num of flexible tasks: 351
Solving time: 0.00128865 seconds
plan limit 979
current timestep 812
num of flexible agents: 149
num of flexible tasks: 349
Solving time: 0.00127072 seconds
plan limit 979
current timestep 813
num of flexible agents: 150
num of flexible tasks: 350
Solving time: 0.00117636 seconds
plan limit 979
current timestep 814
num of flexible agents: 149
num of flexible tasks: 349
Solving time: 0.00112408 seconds
plan limit 979
current timestep 815
num of flexible agents: 148
num of flexible tasks: 348
Solving time: 0.00120999 seconds
plan limit 979
current timestep 816
num of flexible agents: 147
num of flexible tasks: 347
Solving time: 0.00106814 seconds
plan limit 979
current timestep 817
num of flexible agents: 145
num of flexible tasks: 345
Solving time: 0.00122457 seconds
plan limit 979
current timestep 818
num of flexible agents: 144
num of flexible tasks: 344
Solving time: 0.00115142 seconds
plan limit 979
current timestep 819
num of flexible agents: 139
num of flexible tasks: 339
Solving time: 0.00131958 seconds
plan limit 979
current timestep 820
num of flexible agents: 142
num of flexible tasks: 342
Solving time: 0.00116519 seconds
plan limit 979
current timestep 821
num of flexible agents: 149
num of flexible tasks: 349
Solving time: 0.00125477 seconds
plan limit 979
current timestep 822
num of flexible agents: 150
num of flexible tasks: 350
Solving time: 0.00123836 seconds
plan limit 979
current timestep 823
num of flexible agents: 152
num of flexible tasks: 352
Solving time: 0.00124126 seconds
plan limit 979
current timestep 824
num of flexible agents: 152
num of flexible tasks: 352
Solving time: 0.00132343 seconds
plan limit 979
current timestep 825
num of flexible agents: 154
num of flexible tasks: 354
Solving time: 0.00121617 seconds
plan limit 979
current timestep 826
num of flexible agents: 155
num of flexible tasks: 355
Solving time: 0.00149995 seconds
plan limit 979
current timestep 827
num of flexible agents: 158
num of flexible tasks: 358
Solving time: 0.00119514 seconds
plan limit 979
current timestep 828
num of flexible agents: 159
num of flexible tasks: 359
Solving time: 0.00142897 seconds
plan limit 979
current timestep 829
num of flexible agents: 155
num of flexible tasks: 355
Solving time: 0.0011853 seconds
plan limit 979
current timestep 830
num of flexible agents: 158
num of flexible tasks: 358
Solving time: 0.00127715 seconds
plan limit 979
current timestep 831
num of flexible agents: 162
num of flexible tasks: 362
Solving time: 0.00131051 seconds
plan limit 979
current timestep 832
num of flexible agents: 158
num of flexible tasks: 358
Solving time: 0.00135905 seconds
plan limit 979
current timestep 833
num of flexible agents: 157
num of flexible tasks: 357
Solving time: 0.00130633 seconds
plan limit 979
current timestep 834
num of flexible agents: 157
num of flexible tasks: 357
Solving time: 0.00128254 seconds
plan limit 979
current timestep 835
num of flexible agents: 156
num of flexible tasks: 356
Solving time: 0.00112518 seconds
plan limit 979
current timestep 836
num of flexible agents: 153
num of flexible tasks: 353
Solving time: 0.0013541 seconds
plan limit 979
current timestep 837
num of flexible agents: 153
num of flexible tasks: 353
Solving time: 0.00140245 seconds
plan limit 979
current timestep 838
num of flexible agents: 160
num of flexible tasks: 360
Solving time: 0.00128783 seconds
plan limit 979
current timestep 839
num of flexible agents: 160
num of flexible tasks: 360
Solving time: 0.00121456 seconds
plan limit 979
current timestep 840
num of flexible agents: 165
num of flexible tasks: 365
Solving time: 0.00134434 seconds
plan limit 979
current timestep 841
num of flexible agents: 161
num of flexible tasks: 361
Solving time: 0.00131196 seconds
plan limit 979
current timestep 842
num of flexible agents: 164
num of flexible tasks: 364
Solving time: 0.00130427 seconds
plan limit 979
current timestep 843
num of flexible agents: 166
num of flexible tasks: 366
Solving time: 0.00127907 seconds
plan limit 979
current timestep 844
num of flexible agents: 168
num of flexible tasks: 368
Solving time: 0.0013213 seconds
plan limit 979
current timestep 845
num of flexible agents: 170
num of flexible tasks: 370
Solving time: 0.00136301 seconds
plan limit 979
current timestep 846
num of flexible agents: 171
num of flexible tasks: 371
Solving time: 0.00123822 seconds
plan limit 979
current timestep 847
num of flexible agents: 166
num of flexible tasks: 366
Solving time: 0.00134592 seconds
plan limit 979
current timestep 848
num of flexible agents: 167
num of flexible tasks: 367
Solving time: 0.00130251 seconds
plan limit 979
current timestep 849
num of flexible agents: 172
num of flexible tasks: 372
Solving time: 0.00121659 seconds
plan limit 979
current timestep 850
num of flexible agents: 174
num of flexible tasks: 374
Solving time: 0.00142229 seconds
plan limit 979
current timestep 851
num of flexible agents: 175
num of flexible tasks: 375
Solving time: 0.00125527 seconds
plan limit 979
current timestep 852
num of flexible agents: 175
num of flexible tasks: 375
Solving time: 0.00126223 seconds
plan limit 979
current timestep 853
num of flexible agents: 175
num of flexible tasks: 375
Solving time: 0.00123568 seconds
plan limit 979
current timestep 854
num of flexible agents: 170
num of flexible tasks: 370
Solving time: 0.00134381 seconds
plan limit 979
current timestep 855
num of flexible agents: 168
num of flexible tasks: 368
Solving time: 0.00120257 seconds
plan limit 979
current timestep 856
num of flexible agents: 171
num of flexible tasks: 371
Solving time: 0.00130597 seconds
plan limit 979
current timestep 857
num of flexible agents: 168
num of flexible tasks: 368
Solving time: 0.00116745 seconds
plan limit 979
current timestep 858
num of flexible agents: 172
num of flexible tasks: 372
Solving time: 0.00128295 seconds
plan limit 979
current timestep 859
num of flexible agents: 165
num of flexible tasks: 365
Solving time: 0.00133091 seconds
plan limit 979
current timestep 860
num of flexible agents: 166
num of flexible tasks: 366
Solving time: 0.00121837 seconds
plan limit 979
current timestep 861
num of flexible agents: 168
num of flexible tasks: 368
Solving time: 0.00129926 seconds
plan limit 979
current timestep 862
num of flexible agents: 169
num of flexible tasks: 369
Solving time: 0.00124425 seconds
plan limit 979
current timestep 863
num of flexible agents: 174
num of flexible tasks: 374
Solving time: 0.00121819 seconds
plan limit 979
current timestep 864
num of flexible agents: 175
num of flexible tasks: 375
Solving time: 0.0012809 seconds
plan limit 979
current timestep 865
num of flexible agents: 173
num of flexible tasks: 373
Solving time: 0.00140852 seconds
plan limit 979
current timestep 866
num of flexible agents: 172
num of flexible tasks: 372
Solving time: 0.00126275 seconds
plan limit 979
current timestep 867
num of flexible agents: 168
num of flexible tasks: 368
Solving time: 0.00128418 seconds
plan limit 979
current timestep 868
num of flexible agents: 162
num of flexible tasks: 362
Solving time: 0.00120185 seconds
plan limit 979
current timestep 869
num of flexible agents: 166
num of flexible tasks: 366
Solving time: 0.00120554 seconds
plan limit 979
current timestep 870
num of flexible agents: 163
num of flexible tasks: 363
Solving time: 0.00146061 seconds
plan limit 979
current timestep 871
num of flexible agents: 164
num of flexible tasks: 364
Solving time: 0.00126743 seconds
plan limit 979
current timestep 872
num of flexible agents: 165
num of flexible tasks: 365
Solving time: 0.00136855 seconds
plan limit 979
current timestep 873
num of flexible agents: 165
num of flexible tasks: 365
Solving time: 0.0012912 seconds
plan limit 979
current timestep 874
num of flexible agents: 164
num of flexible tasks: 364
Solving time: 0.00126233 seconds
plan limit 979
current timestep 875
num of flexible agents: 164
num of flexible tasks: 364
Solving time: 0.0012633 seconds
plan limit 979
current timestep 876
num of flexible agents: 166
num of flexible tasks: 366
Solving time: 0.00126015 seconds
plan limit 979
current timestep 877
num of flexible agents: 160
num of flexible tasks: 360
Solving time: 0.00121082 seconds
plan limit 979
current timestep 878
num of flexible agents: 159
num of flexible tasks: 359
Solving time: 0.00121339 seconds
plan limit 979
current timestep 879
num of flexible agents: 160
num of flexible tasks: 360
Solving time: 0.00126715 seconds
plan limit 979
current timestep 880
num of flexible agents: 159
num of flexible tasks: 359
Solving time: 0.00122209 seconds
plan limit 979
current timestep 881
num of flexible agents: 158
num of flexible tasks: 358
Solving time: 0.00145789 seconds
plan limit 979
current timestep 882
num of flexible agents: 159
num of flexible tasks: 359
Solving time: 0.00131202 seconds
plan limit 979
current timestep 883
num of flexible agents: 159
num of flexible tasks: 359
Solving time: 0.00125512 seconds
plan limit 979
current timestep 884
num of flexible agents: 161
num of flexible tasks: 361
Solving time: 0.00121227 seconds
plan limit 979
current timestep 885
num of flexible agents: 166
num of flexible tasks: 366
Solving time: 0.00124251 seconds
plan limit 979
current timestep 886
num of flexible agents: 165
num of flexible tasks: 365
Solving time: 0.00124769 seconds
plan limit 979
current timestep 887
num of flexible agents: 166
num of flexible tasks: 366
Solving time: 0.00125959 seconds
plan limit 979
current timestep 888
num of flexible agents: 165
num of flexible tasks: 365
Solving time: 0.00127568 seconds
plan limit 979
current timestep 889
num of flexible agents: 163
num of flexible tasks: 363
Solving time: 0.00129313 seconds
plan limit 979
current timestep 890
num of flexible agents: 160
num of flexible tasks: 360
Solving time: 0.00133502 seconds
plan limit 979
current timestep 891
num of flexible agents: 161
num of flexible tasks: 361
Solving time: 0.0012582 seconds
plan limit 979
current timestep 892
num of flexible agents: 163
num of flexible tasks: 363
Solving time: 0.00124289 seconds
plan limit 979
current timestep 893
num of flexible agents: 166
num of flexible tasks: 366
Solving time: 0.001305 seconds
plan limit 979
current timestep 894
num of flexible agents: 163
num of flexible tasks: 363
Solving time: 0.00124413 seconds
plan limit 979
current timestep 895
num of flexible agents: 164
num of flexible tasks: 364
Solving time: 0.00129089 seconds
plan limit 979
current timestep 896
num of flexible agents: 160
num of flexible tasks: 360
Solving time: 0.00126753 seconds
plan limit 979
current timestep 897
num of flexible agents: 161
num of flexible tasks: 361
Solving time: 0.00124123 seconds
plan limit 979
current timestep 898
num of flexible agents: 163
num of flexible tasks: 363
Solving time: 0.00138851 seconds
plan limit 979
current timestep 899
num of flexible agents: 164
num of flexible tasks: 364
Solving time: 0.00120259 seconds
plan limit 979
current timestep 900
num of flexible agents: 170
num of flexible tasks: 370
Solving time: 0.00131075 seconds
plan limit 979
current timestep 901
num of flexible agents: 173
num of flexible tasks: 373
Solving time: 0.00123154 seconds
plan limit 979
current timestep 902
num of flexible agents: 176
num of flexible tasks: 376
Solving time: 0.00133332 seconds
plan limit 979
current timestep 903
num of flexible agents: 173
num of flexible tasks: 373
Solving time: 0.00126615 seconds
plan limit 979
current timestep 904
num of flexible agents: 172
num of flexible tasks: 372
Solving time: 0.00134224 seconds
plan limit 979
current timestep 905
num of flexible agents: 169
num of flexible tasks: 369
Solving time: 0.00129764 seconds
plan limit 979
current timestep 906
num of flexible agents: 166
num of flexible tasks: 366
Solving time: 0.00125358 seconds
plan limit 979
current timestep 907
num of flexible agents: 169
num of flexible tasks: 369
Solving time: 0.00120408 seconds
plan limit 979
current timestep 908
num of flexible agents: 171
num of flexible tasks: 371
Solving time: 0.00125921 seconds
plan limit 979
current timestep 909
num of flexible agents: 176
num of flexible tasks: 376
Solving time: 0.00128326 seconds
plan limit 979
current timestep 910
num of flexible agents: 181
num of flexible tasks: 381
Solving time: 0.00135912 seconds
plan limit 979
current timestep 911
num of flexible agents: 179
num of flexible tasks: 379
Solving time: 0.00128154 seconds
plan limit 979
current timestep 912
num of flexible agents: 172
num of flexible tasks: 372
Solving time: 0.00139687 seconds
plan limit 979
current timestep 913
num of flexible agents: 171
num of flexible tasks: 371
Solving time: 0.00141161 seconds
plan limit 979
current timestep 914
num of flexible agents: 174
num of flexible tasks: 374
Solving time: 0.0013421 seconds
plan limit 979
current timestep 915
num of flexible agents: 174
num of flexible tasks: 374
Solving time: 0.00129637 seconds
plan limit 979
current timestep 916
num of flexible agents: 174
num of flexible tasks: 374
Solving time: 0.00130714 seconds
plan limit 979
current timestep 917
num of flexible agents: 171
num of flexible tasks: 371
Solving time: 0.00128769 seconds
plan limit 979
current timestep 918
num of flexible agents: 177
num of flexible tasks: 377
Solving time: 0.00135461 seconds
plan limit 979
current timestep 919
num of flexible agents: 177
num of flexible tasks: 377
Solving time: 0.00132882 seconds
plan limit 979
current timestep 920
num of flexible agents: 180
num of flexible tasks: 380
Solving time: 0.00131805 seconds
plan limit 979
current timestep 921
num of flexible agents: 176
num of flexible tasks: 376
Solving time: 0.00137947 seconds
plan limit 979
current timestep 922
num of flexible agents: 173
num of flexible tasks: 373
Solving time: 0.00128201 seconds
plan limit 979
current timestep 923
num of flexible agents: 175
num of flexible tasks: 375
Solving time: 0.00132718 seconds
plan limit 979
current timestep 924
num of flexible agents: 173
num of flexible tasks: 373
Solving time: 0.00127525 seconds
plan limit 979
current timestep 925
num of flexible agents: 168
num of flexible tasks: 368
Solving time: 0.00121366 seconds
plan limit 979
current timestep 926
num of flexible agents: 166
num of flexible tasks: 366
Solving time: 0.0011679 seconds
plan limit 979
current timestep 927
num of flexible agents: 169
num of flexible tasks: 369
Solving time: 0.00117093 seconds
plan limit 979
current timestep 928
num of flexible agents: 170
num of flexible tasks: 370
Solving time: 0.00119808 seconds
plan limit 979
current timestep 929
num of flexible agents: 165
num of flexible tasks: 365
Solving time: 0.00123474 seconds
plan limit 979
current timestep 930
num of flexible agents: 163
num of flexible tasks: 363
Solving time: 0.00122603 seconds
plan limit 979
current timestep 931
num of flexible agents: 169
num of flexible tasks: 369
Solving time: 0.00120885 seconds
plan limit 979
current timestep 932
num of flexible agents: 168
num of flexible tasks: 368
Solving time: 0.00115141 seconds
plan limit 979
current timestep 933
num of flexible agents: 165
num of flexible tasks: 365
Solving time: 0.00123931 seconds
plan limit 979
current timestep 934
num of flexible agents: 162
num of flexible tasks: 362
Solving time: 0.00122013 seconds
plan limit 979
current timestep 935
num of flexible agents: 160
num of flexible tasks: 360
Solving time: 0.00125499 seconds
plan limit 979
current timestep 936
num of flexible agents: 156
num of flexible tasks: 356
Solving time: 0.00124784 seconds
plan limit 979
current timestep 937
num of flexible agents: 153
num of flexible tasks: 353
Solving time: 0.00124929 seconds
plan limit 979
current timestep 938
num of flexible agents: 151
num of flexible tasks: 351
Solving time: 0.0011208 seconds
plan limit 979
current timestep 939
num of flexible agents: 146
num of flexible tasks: 346
Solving time: 0.00110948 seconds
plan limit 979
current timestep 940
num of flexible agents: 146
num of flexible tasks: 346
Solving time: 0.00129321 seconds
plan limit 979
current timestep 941
num of flexible agents: 145
num of flexible tasks: 345
Solving time: 0.00130399 seconds
plan limit 979
current timestep 942
num of flexible agents: 151
num of flexible tasks: 351
Solving time: 0.00115768 seconds
plan limit 979
current timestep 943
num of flexible agents: 154
num of flexible tasks: 354
Solving time: 0.00120176 seconds
plan limit 979
current timestep 944
num of flexible agents: 149
num of flexible tasks: 349
Solving time: 0.00103553 seconds
plan limit 979
current timestep 945
num of flexible agents: 149
num of flexible tasks: 349
Solving time: 0.00113399 seconds
plan limit 979
current timestep 946
num of flexible agents: 149
num of flexible tasks: 349
Solving time: 0.0012538 seconds
plan limit 979
current timestep 947
num of flexible agents: 144
num of flexible tasks: 344
Solving time: 0.00108941 seconds
plan limit 979
current timestep 948
num of flexible agents: 146
num of flexible tasks: 346
Solving time: 0.00107628 seconds
plan limit 979
current timestep 949
num of flexible agents: 150
num of flexible tasks: 350
Solving time: 0.00118997 seconds
plan limit 979
current timestep 950
num of flexible agents: 145
num of flexible tasks: 345
Solving time: 0.00120267 seconds
plan limit 979
current timestep 951
num of flexible agents: 143
num of flexible tasks: 343
Solving time: 0.00127411 seconds
plan limit 979
current timestep 952
num of flexible agents: 146
num of flexible tasks: 346
Solving time: 0.00129191 seconds
plan limit 979
current timestep 953
num of flexible agents: 146
num of flexible tasks: 346
Solving time: 0.00133738 seconds
plan limit 979
current timestep 954
num of flexible agents: 146
num of flexible tasks: 346
Solving time: 0.00115668 seconds
plan limit 979
current timestep 955
num of flexible agents: 146
num of flexible tasks: 346
Solving time: 0.00128159 seconds
plan limit 979
current timestep 956
num of flexible agents: 149
num of flexible tasks: 349
Solving time: 0.00129207 seconds
plan limit 979
current timestep 957
num of flexible agents: 145
num of flexible tasks: 345
Solving time: 0.00127271 seconds
plan limit 979
current timestep 958
num of flexible agents: 147
num of flexible tasks: 347
Solving time: 0.00134545 seconds
plan limit 979
current timestep 959
num of flexible agents: 146
num of flexible tasks: 346
Solving time: 0.00133549 seconds
plan limit 979
current timestep 960
num of flexible agents: 146
num of flexible tasks: 346
Solving time: 0.00127379 seconds
plan limit 979
current timestep 961
num of flexible agents: 146
num of flexible tasks: 346
Solving time: 0.00136069 seconds
plan limit 979
current timestep 962
num of flexible agents: 146
num of flexible tasks: 346
Solving time: 0.00120896 seconds
plan limit 979
current timestep 963
num of flexible agents: 147
num of flexible tasks: 347
Solving time: 0.00118036 seconds
plan limit 979
current timestep 964
num of flexible agents: 146
num of flexible tasks: 346
Solving time: 0.00118269 seconds
plan limit 979
current timestep 965
num of flexible agents: 147
num of flexible tasks: 347
Solving time: 0.00125071 seconds
plan limit 979
current timestep 966
num of flexible agents: 143
num of flexible tasks: 343
Solving time: 0.00135429 seconds
plan limit 979
current timestep 967
num of flexible agents: 147
num of flexible tasks: 347
Solving time: 0.0012067 seconds
plan limit 979
current timestep 968
num of flexible agents: 150
num of flexible tasks: 350
Solving time: 0.00121605 seconds
plan limit 979
current timestep 969
num of flexible agents: 149
num of flexible tasks: 349
Solving time: 0.00116624 seconds
plan limit 979
current timestep 970
num of flexible agents: 153
num of flexible tasks: 353
Solving time: 0.00121478 seconds
plan limit 979
current timestep 971
num of flexible agents: 161
num of flexible tasks: 361
Solving time: 0.00117111 seconds
plan limit 979
current timestep 972
num of flexible agents: 164
num of flexible tasks: 364
Solving time: 0.00117873 seconds
plan limit 979
current timestep 973
num of flexible agents: 166
num of flexible tasks: 366
Solving time: 0.00126319 seconds
plan limit 979
current timestep 974
num of flexible agents: 169
num of flexible tasks: 369
Solving time: 0.00118316 seconds
plan limit 979
current timestep 975
num of flexible agents: 164
num of flexible tasks: 364
Solving time: 0.0012322 seconds
plan limit 979
current timestep 976
num of flexible agents: 161
num of flexible tasks: 361
Solving time: 0.00116863 seconds
plan limit 979
current timestep 977
num of flexible agents: 162
num of flexible tasks: 362
Solving time: 0.00116168 seconds
plan limit 979
current timestep 978
num of flexible agents: 158
num of flexible tasks: 358
Solving time: 0.00113657 seconds
plan limit 979
current timestep 979
num of flexible agents: 163
num of flexible tasks: 363
Solving time: 0.00128204 seconds
plan limit 979
current timestep 980
num of flexible agents: 168
num of flexible tasks: 368
Solving time: 0.00117876 seconds
plan limit 979
current timestep 981
num of flexible agents: 169
num of flexible tasks: 369
Solving time: 0.00110442 seconds
plan limit 979
current timestep 982
num of flexible agents: 170
num of flexible tasks: 370
Solving time: 0.00124315 seconds
plan limit 979
current timestep 983
num of flexible agents: 170
num of flexible tasks: 370
Solving time: 0.0011981 seconds
plan limit 979
current timestep 984
num of flexible agents: 166
num of flexible tasks: 366
Solving time: 0.00119199 seconds
plan limit 979
current timestep 985
num of flexible agents: 168
num of flexible tasks: 368
Solving time: 0.00121366 seconds
plan limit 979
current timestep 986
num of flexible agents: 171
num of flexible tasks: 371
Solving time: 0.00121488 seconds
plan limit 979
current timestep 987
num of flexible agents: 173
num of flexible tasks: 373
Solving time: 0.00137388 seconds
plan limit 979
current timestep 988
num of flexible agents: 173
num of flexible tasks: 373
Solving time: 0.00122207 seconds
plan limit 979
current timestep 989
num of flexible agents: 174
num of flexible tasks: 374
Solving time: 0.00120884 seconds
plan limit 979
current timestep 990
num of flexible agents: 181
num of flexible tasks: 381
Solving time: 0.00119801 seconds
plan limit 979
current timestep 991
num of flexible agents: 176
num of flexible tasks: 376
Solving time: 0.00129643 seconds
plan limit 979
current timestep 992
num of flexible agents: 176
num of flexible tasks: 376
Solving time: 0.00117778 seconds
plan limit 979
current timestep 993
num of flexible agents: 176
num of flexible tasks: 376
Solving time: 0.00123653 seconds
plan limit 979
current timestep 994
num of flexible agents: 179
num of flexible tasks: 379
Solving time: 0.00126423 seconds
plan limit 979
current timestep 995
num of flexible agents: 178
num of flexible tasks: 378
Solving time: 0.00121822 seconds
plan limit 979
current timestep 996
num of flexible agents: 175
num of flexible tasks: 375
Solving time: 0.00129311 seconds
plan limit 979
current timestep 997
num of flexible agents: 170
num of flexible tasks: 370
Solving time: 0.00121351 seconds
plan limit 979
current timestep 998
num of flexible agents: 165
num of flexible tasks: 365
Solving time: 0.00119488 seconds
plan limit 979
current timestep 999
num of flexible agents: 166
num of flexible tasks: 366
Solving time: 0.00123559 seconds
plan limit 979
