Running w500_flow-traffic_t1000_trial1
current timestep 0
num of flexible agents: 500
num of flexible tasks: 750
Solving time: 0.0018408 seconds
plan limit 978
current timestep 1
num of flexible agents: 463
num of flexible tasks: 713
Solving time: 0.0017654 seconds
plan limit 978
current timestep 2
num of flexible agents: 429
num of flexible tasks: 679
Solving time: 0.0015485 seconds
plan limit 978
current timestep 3
num of flexible agents: 397
num of flexible tasks: 647
Solving time: 0.0014318 seconds
plan limit 979
current timestep 4
num of flexible agents: 362
num of flexible tasks: 612
Solving time: 0.0014184 seconds
plan limit 979
current timestep 5
num of flexible agents: 328
num of flexible tasks: 578
Solving time: 0.00136 seconds
plan limit 979
current timestep 6
num of flexible agents: 297
num of flexible tasks: 547
Solving time: 0.0012846 seconds
plan limit 979
current timestep 7
num of flexible agents: 269
num of flexible tasks: 519
Solving time: 0.0012166 seconds
plan limit 979
current timestep 8
num of flexible agents: 247
num of flexible tasks: 497
Solving time: 0.001263 seconds
plan limit 979
current timestep 9
num of flexible agents: 219
num of flexible tasks: 469
Solving time: 0.0015906 seconds
plan limit 978
current timestep 10
num of flexible agents: 197
num of flexible tasks: 447
Solving time: 0.0011799 seconds
plan limit 979
current timestep 11
num of flexible agents: 174
num of flexible tasks: 424
Solving time: 0.0012063 seconds
plan limit 979
current timestep 12
num of flexible agents: 156
num of flexible tasks: 406
Solving time: 0.0012424 seconds
plan limit 978
current timestep 13
num of flexible agents: 139
num of flexible tasks: 389
Solving time: 0.0011398 seconds
plan limit 979
current timestep 14
num of flexible agents: 122
num of flexible tasks: 372
Solving time: 0.0013115 seconds
plan limit 979
current timestep 15
num of flexible agents: 108
num of flexible tasks: 358
Solving time: 0.00109 seconds
plan limit 979
current timestep 16
num of flexible agents: 99
num of flexible tasks: 349
Solving time: 0.0011053 seconds
plan limit 979
current timestep 17
num of flexible agents: 88
num of flexible tasks: 338
Solving time: 0.0010543 seconds
plan limit 979
current timestep 18
num of flexible agents: 79
num of flexible tasks: 329
Solving time: 0.0012186 seconds
plan limit 979
current timestep 19
num of flexible agents: 70
num of flexible tasks: 320
Solving time: 0.0017334 seconds
plan limit 978
current timestep 20
num of flexible agents: 62
num of flexible tasks: 312
Solving time: 0.0010233 seconds
plan limit 979
current timestep 21
num of flexible agents: 60
num of flexible tasks: 310
Solving time: 0.0011204 seconds
plan limit 979
current timestep 22
num of flexible agents: 55
num of flexible tasks: 305
Solving time: 0.00121 seconds
plan limit 979
current timestep 23
num of flexible agents: 52
num of flexible tasks: 302
Solving time: 0.0013812 seconds
plan limit 979
current timestep 24
num of flexible agents: 57
num of flexible tasks: 307
Solving time: 0.0031045 seconds
plan limit 976
current timestep 25
num of flexible agents: 60
num of flexible tasks: 310
Solving time: 0.0010672 seconds
plan limit 979
current timestep 26
num of flexible agents: 61
num of flexible tasks: 311
Solving time: 0.0011689 seconds
plan limit 979
current timestep 27
num of flexible agents: 74
num of flexible tasks: 324
Solving time: 0.001122 seconds
plan limit 979
current timestep 28
num of flexible agents: 80
num of flexible tasks: 330
Solving time: 0.0010784 seconds
plan limit 979
current timestep 29
num of flexible agents: 82
num of flexible tasks: 332
Solving time: 0.0012803 seconds
plan limit 979
current timestep 30
num of flexible agents: 88
num of flexible tasks: 338
Solving time: 0.0011623 seconds
plan limit 979
current timestep 31
num of flexible agents: 94
num of flexible tasks: 344
Solving time: 0.00116 seconds
plan limit 979
current timestep 32
num of flexible agents: 98
num of flexible tasks: 348
Solving time: 0.0011334 seconds
plan limit 979
current timestep 33
num of flexible agents: 101
num of flexible tasks: 351
Solving time: 0.0011037 seconds
plan limit 979
current timestep 34
num of flexible agents: 105
num of flexible tasks: 355
Solving time: 0.001224 seconds
plan limit 979
current timestep 35
num of flexible agents: 106
num of flexible tasks: 356
Solving time: 0.0011353 seconds
plan limit 979
current timestep 36
num of flexible agents: 115
num of flexible tasks: 365
Solving time: 0.001521 seconds
plan limit 978
current timestep 37
num of flexible agents: 118
num of flexible tasks: 368
Solving time: 0.0011533 seconds
plan limit 979
current timestep 38
num of flexible agents: 121
num of flexible tasks: 371
Solving time: 0.0011387 seconds
plan limit 979
current timestep 39
num of flexible agents: 124
num of flexible tasks: 374
Solving time: 0.0013049 seconds
plan limit 979
current timestep 40
num of flexible agents: 125
num of flexible tasks: 375
Solving time: 0.0011328 seconds
plan limit 979
current timestep 41
num of flexible agents: 124
num of flexible tasks: 374
Solving time: 0.0012103 seconds
plan limit 979
current timestep 42
num of flexible agents: 122
num of flexible tasks: 372
Solving time: 0.0012073 seconds
plan limit 979
current timestep 43
num of flexible agents: 127
num of flexible tasks: 377
Solving time: 0.0012821 seconds
plan limit 979
current timestep 44
num of flexible agents: 128
num of flexible tasks: 378
Solving time: 0.0012201 seconds
plan limit 979
current timestep 45
num of flexible agents: 133
num of flexible tasks: 383
Solving time: 0.0011916 seconds
plan limit 979
current timestep 46
num of flexible agents: 140
num of flexible tasks: 390
Solving time: 0.0012029 seconds
plan limit 979
current timestep 47
num of flexible agents: 141
num of flexible tasks: 391
Solving time: 0.0013406 seconds
plan limit 979
current timestep 48
num of flexible agents: 142
num of flexible tasks: 392
Solving time: 0.0011646 seconds
plan limit 979
current timestep 49
num of flexible agents: 141
num of flexible tasks: 391
Solving time: 0.0017266 seconds
plan limit 978
current timestep 50
num of flexible agents: 149
num of flexible tasks: 399
Solving time: 0.0012733 seconds
plan limit 979
current timestep 51
num of flexible agents: 143
num of flexible tasks: 393
Solving time: 0.001683 seconds
plan limit 978
current timestep 52
num of flexible agents: 145
num of flexible tasks: 395
Solving time: 0.0011503 seconds
plan limit 979
current timestep 53
num of flexible agents: 148
num of flexible tasks: 398
Solving time: 0.0012217 seconds
plan limit 979
current timestep 54
num of flexible agents: 155
num of flexible tasks: 405
Solving time: 0.0014518 seconds
plan limit 979
current timestep 55
num of flexible agents: 154
num of flexible tasks: 404
Solving time: 0.0012252 seconds
plan limit 979
current timestep 56
num of flexible agents: 154
num of flexible tasks: 404
Solving time: 0.0012697 seconds
plan limit 979
current timestep 57
num of flexible agents: 161
num of flexible tasks: 411
Solving time: 0.001266 seconds
plan limit 979
current timestep 58
num of flexible agents: 164
num of flexible tasks: 414
Solving time: 0.0012614 seconds
plan limit 979
current timestep 59
num of flexible agents: 163
num of flexible tasks: 413
Solving time: 0.0019825 seconds
plan limit 978
current timestep 60
num of flexible agents: 162
num of flexible tasks: 412
Solving time: 0.001367 seconds
plan limit 979
current timestep 61
num of flexible agents: 160
num of flexible tasks: 410
Solving time: 0.0012346 seconds
plan limit 979
current timestep 62
num of flexible agents: 164
num of flexible tasks: 414
Solving time: 0.0012833 seconds
plan limit 979
current timestep 63
num of flexible agents: 163
num of flexible tasks: 413
Solving time: 0.0013519 seconds
plan limit 979
current timestep 64
num of flexible agents: 166
num of flexible tasks: 416
Solving time: 0.0013077 seconds
plan limit 979
current timestep 65
num of flexible agents: 168
num of flexible tasks: 418
Solving time: 0.0013445 seconds
plan limit 979
current timestep 66
num of flexible agents: 167
num of flexible tasks: 417
Solving time: 0.0013187 seconds
plan limit 979
current timestep 67
num of flexible agents: 173
num of flexible tasks: 423
Solving time: 0.0013289 seconds
plan limit 979
current timestep 68
num of flexible agents: 176
num of flexible tasks: 426
Solving time: 0.0013253 seconds
plan limit 979
current timestep 69
num of flexible agents: 174
num of flexible tasks: 424
Solving time: 0.0013371 seconds
plan limit 979
current timestep 70
num of flexible agents: 174
num of flexible tasks: 424
Solving time: 0.0013981 seconds
plan limit 979
current timestep 71
num of flexible agents: 173
num of flexible tasks: 423
Solving time: 0.0013306 seconds
plan limit 979
current timestep 72
num of flexible agents: 173
num of flexible tasks: 423
Solving time: 0.0013758 seconds
plan limit 979
current timestep 73
num of flexible agents: 167
num of flexible tasks: 417
Solving time: 0.0013707 seconds
plan limit 979
current timestep 74
num of flexible agents: 166
num of flexible tasks: 416
Solving time: 0.0013651 seconds
plan limit 979
current timestep 75
num of flexible agents: 165
num of flexible tasks: 415
Solving time: 0.001443 seconds
plan limit 978
current timestep 76
num of flexible agents: 169
num of flexible tasks: 419
Solving time: 0.0013581 seconds
plan limit 979
current timestep 77
num of flexible agents: 162
num of flexible tasks: 412
Solving time: 0.0013856 seconds
plan limit 979
current timestep 78
num of flexible agents: 162
num of flexible tasks: 412
Solving time: 0.0014213 seconds
plan limit 979
current timestep 79
num of flexible agents: 164
num of flexible tasks: 414
Solving time: 0.001405 seconds
plan limit 979
current timestep 80
num of flexible agents: 163
num of flexible tasks: 413
Solving time: 0.0015027 seconds
plan limit 978
current timestep 81
num of flexible agents: 162
num of flexible tasks: 412
Solving time: 0.0030115 seconds
plan limit 976
current timestep 82
num of flexible agents: 161
num of flexible tasks: 411
Solving time: 0.0022846 seconds
plan limit 978
current timestep 83
num of flexible agents: 162
num of flexible tasks: 412
Solving time: 0.0013752 seconds
plan limit 979
current timestep 84
num of flexible agents: 167
num of flexible tasks: 417
Solving time: 0.002069 seconds
plan limit 977
current timestep 85
num of flexible agents: 175
num of flexible tasks: 425
Solving time: 0.0021768 seconds
plan limit 977
current timestep 86
num of flexible agents: 178
num of flexible tasks: 428
Solving time: 0.0016856 seconds
plan limit 978
current timestep 87
num of flexible agents: 179
num of flexible tasks: 429
Solving time: 0.0014138 seconds
plan limit 978
current timestep 88
num of flexible agents: 181
num of flexible tasks: 431
Solving time: 0.0014858 seconds
plan limit 978
current timestep 89
num of flexible agents: 179
num of flexible tasks: 429
Solving time: 0.0016592 seconds
plan limit 978
current timestep 90
num of flexible agents: 181
num of flexible tasks: 431
Solving time: 0.0014604 seconds
plan limit 978
current timestep 91
num of flexible agents: 187
num of flexible tasks: 437
Solving time: 0.0015107 seconds
plan limit 978
current timestep 92
num of flexible agents: 183
num of flexible tasks: 433
Solving time: 0.0014567 seconds
plan limit 978
current timestep 93
num of flexible agents: 190
num of flexible tasks: 440
Solving time: 0.0016698 seconds
plan limit 978
current timestep 94
num of flexible agents: 191
num of flexible tasks: 441
Solving time: 0.0016169 seconds
plan limit 978
current timestep 95
num of flexible agents: 193
num of flexible tasks: 443
Solving time: 0.001439 seconds
plan limit 979
current timestep 96
num of flexible agents: 195
num of flexible tasks: 445
Solving time: 0.001441 seconds
plan limit 979
current timestep 97
num of flexible agents: 196
num of flexible tasks: 446
Solving time: 0.001502 seconds
plan limit 978
current timestep 98
num of flexible agents: 195
num of flexible tasks: 445
Solving time: 0.0015302 seconds
plan limit 978
current timestep 99
num of flexible agents: 193
num of flexible tasks: 443
Solving time: 0.0015398 seconds
plan limit 978
current timestep 100
num of flexible agents: 195
num of flexible tasks: 445
Solving time: 0.0017917 seconds
plan limit 978
current timestep 101
num of flexible agents: 201
num of flexible tasks: 451
Solving time: 0.0015581 seconds
plan limit 978
current timestep 102
num of flexible agents: 197
num of flexible tasks: 447
Solving time: 0.0016346 seconds
plan limit 978
current timestep 103
num of flexible agents: 204
num of flexible tasks: 454
Solving time: 0.0016672 seconds
plan limit 978
current timestep 104
num of flexible agents: 205
num of flexible tasks: 455
Solving time: 0.0017636 seconds
plan limit 978
current timestep 105
num of flexible agents: 199
num of flexible tasks: 449
Solving time: 0.0015638 seconds
plan limit 978
current timestep 106
num of flexible agents: 196
num of flexible tasks: 446
Solving time: 0.0015982 seconds
plan limit 978
current timestep 107
num of flexible agents: 198
num of flexible tasks: 448
Solving time: 0.0017674 seconds
plan limit 978
current timestep 108
num of flexible agents: 200
num of flexible tasks: 450
Solving time: 0.0015477 seconds
plan limit 978
current timestep 109
num of flexible agents: 202
num of flexible tasks: 452
Solving time: 0.0017193 seconds
plan limit 978
current timestep 110
num of flexible agents: 203
num of flexible tasks: 453
Solving time: 0.0019275 seconds
plan limit 978
current timestep 111
num of flexible agents: 206
num of flexible tasks: 456
Solving time: 0.0018489 seconds
plan limit 978
current timestep 112
num of flexible agents: 207
num of flexible tasks: 457
Solving time: 0.0016228 seconds
plan limit 978
current timestep 113
num of flexible agents: 207
num of flexible tasks: 457
Solving time: 0.0017078 seconds
plan limit 978
current timestep 114
num of flexible agents: 204
num of flexible tasks: 454
Solving time: 0.0016464 seconds
plan limit 978
current timestep 115
num of flexible agents: 210
num of flexible tasks: 460
Solving time: 0.0018337 seconds
plan limit 978
current timestep 116
num of flexible agents: 209
num of flexible tasks: 459
Solving time: 0.0017042 seconds
plan limit 978
current timestep 117
num of flexible agents: 208
num of flexible tasks: 458
Solving time: 0.0015927 seconds
plan limit 978
current timestep 118
num of flexible agents: 203
num of flexible tasks: 453
Solving time: 0.0015969 seconds
plan limit 978
current timestep 119
num of flexible agents: 201
num of flexible tasks: 451
Solving time: 0.0015889 seconds
plan limit 978
current timestep 120
num of flexible agents: 201
num of flexible tasks: 451
Solving time: 0.0016324 seconds
plan limit 978
current timestep 121
num of flexible agents: 199
num of flexible tasks: 449
Solving time: 0.0019287 seconds
plan limit 978
current timestep 122
num of flexible agents: 199
num of flexible tasks: 449
Solving time: 0.001693 seconds
plan limit 978
current timestep 123
num of flexible agents: 198
num of flexible tasks: 448
Solving time: 0.0016808 seconds
plan limit 978
current timestep 124
num of flexible agents: 190
num of flexible tasks: 440
Solving time: 0.0015716 seconds
plan limit 978
current timestep 125
num of flexible agents: 193
num of flexible tasks: 443
Solving time: 0.0015919 seconds
plan limit 978
current timestep 126
num of flexible agents: 192
num of flexible tasks: 442
Solving time: 0.0015611 seconds
plan limit 978
current timestep 127
num of flexible agents: 200
num of flexible tasks: 450
Solving time: 0.0016852 seconds
plan limit 978
current timestep 128
num of flexible agents: 206
num of flexible tasks: 456
Solving time: 0.0017778 seconds
plan limit 978
current timestep 129
num of flexible agents: 206
num of flexible tasks: 456
Solving time: 0.0017521 seconds
plan limit 978
current timestep 130
num of flexible agents: 212
num of flexible tasks: 462
Solving time: 0.0017804 seconds
plan limit 978
current timestep 131
num of flexible agents: 212
num of flexible tasks: 462
Solving time: 0.0017209 seconds
plan limit 978
current timestep 132
num of flexible agents: 213
num of flexible tasks: 463
Solving time: 0.0017594 seconds
plan limit 978
current timestep 133
num of flexible agents: 213
num of flexible tasks: 463
Solving time: 0.002017 seconds
plan limit 978
current timestep 134
num of flexible agents: 218
num of flexible tasks: 468
Solving time: 0.0043755 seconds
plan limit 975
current timestep 135
num of flexible agents: 221
num of flexible tasks: 471
Solving time: 0.0032282 seconds
plan limit 976
current timestep 136
num of flexible agents: 216
num of flexible tasks: 466
Solving time: 0.0025213 seconds
plan limit 977
current timestep 137
num of flexible agents: 217
num of flexible tasks: 467
Solving time: 0.0019477 seconds
plan limit 978
current timestep 138
num of flexible agents: 217
num of flexible tasks: 467
Solving time: 0.0019742 seconds
plan limit 978
current timestep 139
num of flexible agents: 216
num of flexible tasks: 466
Solving time: 0.0018267 seconds
plan limit 978
current timestep 140
num of flexible agents: 218
num of flexible tasks: 468
Solving time: 0.0017984 seconds
plan limit 978
current timestep 141
num of flexible agents: 216
num of flexible tasks: 466
Solving time: 0.0017414 seconds
plan limit 978
current timestep 142
num of flexible agents: 216
num of flexible tasks: 466
Solving time: 0.0018367 seconds
plan limit 978
current timestep 143
num of flexible agents: 214
num of flexible tasks: 464
Solving time: 0.0018238 seconds
plan limit 978
current timestep 144
num of flexible agents: 215
num of flexible tasks: 465
Solving time: 0.0017923 seconds
plan limit 978
current timestep 145
num of flexible agents: 210
num of flexible tasks: 460
Solving time: 0.0023698 seconds
plan limit 977
current timestep 146
num of flexible agents: 208
num of flexible tasks: 458
Solving time: 0.002895 seconds
plan limit 977
current timestep 147
num of flexible agents: 208
num of flexible tasks: 458
Solving time: 0.0024948 seconds
plan limit 977
current timestep 148
num of flexible agents: 207
num of flexible tasks: 457
Solving time: 0.0031396 seconds
plan limit 976
current timestep 149
num of flexible agents: 207
num of flexible tasks: 457
Solving time: 0.0021402 seconds
plan limit 978
current timestep 150
num of flexible agents: 205
num of flexible tasks: 455
Solving time: 0.0019615 seconds
plan limit 978
current timestep 151
num of flexible agents: 197
num of flexible tasks: 447
Solving time: 0.0020387 seconds
plan limit 978
current timestep 152
num of flexible agents: 201
num of flexible tasks: 451
Solving time: 0.0018349 seconds
plan limit 978
current timestep 153
num of flexible agents: 202
num of flexible tasks: 452
Solving time: 0.0022245 seconds
plan limit 978
current timestep 154
num of flexible agents: 205
num of flexible tasks: 455
Solving time: 0.0018776 seconds
plan limit 978
current timestep 155
num of flexible agents: 208
num of flexible tasks: 458
Solving time: 0.0018843 seconds
plan limit 978
current timestep 156
num of flexible agents: 205
num of flexible tasks: 455
Solving time: 0.001908 seconds
plan limit 978
current timestep 157
num of flexible agents: 206
num of flexible tasks: 456
Solving time: 0.0017443 seconds
plan limit 978
current timestep 158
num of flexible agents: 212
num of flexible tasks: 462
Solving time: 0.001859 seconds
plan limit 978
current timestep 159
num of flexible agents: 214
num of flexible tasks: 464
Solving time: 0.0019322 seconds
plan limit 978
current timestep 160
num of flexible agents: 212
num of flexible tasks: 462
Solving time: 0.0018348 seconds
plan limit 978
current timestep 161
num of flexible agents: 209
num of flexible tasks: 459
Solving time: 0.0017936 seconds
plan limit 978
current timestep 162
num of flexible agents: 212
num of flexible tasks: 462
Solving time: 0.0018848 seconds
plan limit 978
current timestep 163
num of flexible agents: 217
num of flexible tasks: 467
Solving time: 0.0018581 seconds
plan limit 978
current timestep 164
num of flexible agents: 218
num of flexible tasks: 468
Solving time: 0.001875 seconds
plan limit 978
current timestep 165
num of flexible agents: 217
num of flexible tasks: 467
Solving time: 0.0018853 seconds
plan limit 978
current timestep 166
num of flexible agents: 215
num of flexible tasks: 465
Solving time: 0.0018527 seconds
plan limit 978
current timestep 167
num of flexible agents: 216
num of flexible tasks: 466
Solving time: 0.0018584 seconds
plan limit 978
current timestep 168
num of flexible agents: 222
num of flexible tasks: 472
Solving time: 0.0018574 seconds
plan limit 978
current timestep 169
num of flexible agents: 226
num of flexible tasks: 476
Solving time: 0.0018833 seconds
plan limit 978
current timestep 170
num of flexible agents: 226
num of flexible tasks: 476
Solving time: 0.0019315 seconds
plan limit 978
current timestep 171
num of flexible agents: 226
num of flexible tasks: 476
Solving time: 0.0018858 seconds
plan limit 978
current timestep 172
num of flexible agents: 226
num of flexible tasks: 476
Solving time: 0.0018793 seconds
plan limit 978
current timestep 173
num of flexible agents: 222
num of flexible tasks: 472
Solving time: 0.0018865 seconds
plan limit 978
current timestep 174
num of flexible agents: 221
num of flexible tasks: 471
Solving time: 0.0018552 seconds
plan limit 978
current timestep 175
num of flexible agents: 224
num of flexible tasks: 474
Solving time: 0.0019814 seconds
plan limit 978
current timestep 176
num of flexible agents: 225
num of flexible tasks: 475
Solving time: 0.0019891 seconds
plan limit 978
current timestep 177
num of flexible agents: 226
num of flexible tasks: 476
Solving time: 0.0018937 seconds
plan limit 978
current timestep 178
num of flexible agents: 227
num of flexible tasks: 477
Solving time: 0.001837 seconds
plan limit 978
current timestep 179
num of flexible agents: 229
num of flexible tasks: 479
Solving time: 0.0018832 seconds
plan limit 978
current timestep 180
num of flexible agents: 239
num of flexible tasks: 489
Solving time: 0.0018671 seconds
plan limit 978
current timestep 181
num of flexible agents: 238
num of flexible tasks: 488
Solving time: 0.0020922 seconds
plan limit 978
current timestep 182
num of flexible agents: 235
num of flexible tasks: 485
Solving time: 0.0019248 seconds
plan limit 978
current timestep 183
num of flexible agents: 236
num of flexible tasks: 486
Solving time: 0.002033 seconds
plan limit 978
current timestep 184
num of flexible agents: 230
num of flexible tasks: 480
Solving time: 0.0019144 seconds
plan limit 978
current timestep 185
num of flexible agents: 228
num of flexible tasks: 478
Solving time: 0.0019117 seconds
plan limit 978
current timestep 186
num of flexible agents: 228
num of flexible tasks: 478
Solving time: 0.0018027 seconds
plan limit 978
current timestep 187
num of flexible agents: 225
num of flexible tasks: 475
Solving time: 0.0020254 seconds
plan limit 978
current timestep 188
num of flexible agents: 225
num of flexible tasks: 475
Solving time: 0.0018852 seconds
plan limit 978
current timestep 189
num of flexible agents: 224
num of flexible tasks: 474
Solving time: 0.001923 seconds
plan limit 978
current timestep 190
num of flexible agents: 223
num of flexible tasks: 473
Solving time: 0.0018655 seconds
plan limit 978
current timestep 191
num of flexible agents: 221
num of flexible tasks: 471
Solving time: 0.0020663 seconds
plan limit 978
current timestep 192
num of flexible agents: 228
num of flexible tasks: 478
Solving time: 0.0019994 seconds
plan limit 978
current timestep 193
num of flexible agents: 227
num of flexible tasks: 477
Solving time: 0.0018471 seconds
plan limit 978
current timestep 194
num of flexible agents: 229
num of flexible tasks: 479
Solving time: 0.0019178 seconds
plan limit 978
current timestep 195
num of flexible agents: 231
num of flexible tasks: 481
Solving time: 0.0018266 seconds
plan limit 978
current timestep 196
num of flexible agents: 232
num of flexible tasks: 482
Solving time: 0.0018746 seconds
plan limit 978
current timestep 197
num of flexible agents: 226
num of flexible tasks: 476
Solving time: 0.0019026 seconds
plan limit 978
current timestep 198
num of flexible agents: 230
num of flexible tasks: 480
Solving time: 0.0019056 seconds
plan limit 978
current timestep 199
num of flexible agents: 227
num of flexible tasks: 477
Solving time: 0.002771 seconds
plan limit 977
current timestep 200
num of flexible agents: 227
num of flexible tasks: 477
Solving time: 0.0019515 seconds
plan limit 978
current timestep 201
num of flexible agents: 223
num of flexible tasks: 473
Solving time: 0.0018186 seconds
plan limit 978
current timestep 202
num of flexible agents: 215
num of flexible tasks: 465
Solving time: 0.0018302 seconds
plan limit 978
current timestep 203
num of flexible agents: 211
num of flexible tasks: 461
Solving time: 0.001793 seconds
plan limit 978
current timestep 204
num of flexible agents: 212
num of flexible tasks: 462
Solving time: 0.0017325 seconds
plan limit 978
current timestep 205
num of flexible agents: 213
num of flexible tasks: 463
Solving time: 0.0017449 seconds
plan limit 978
current timestep 206
num of flexible agents: 211
num of flexible tasks: 461
Solving time: 0.0019415 seconds
plan limit 978
current timestep 207
num of flexible agents: 203
num of flexible tasks: 453
Solving time: 0.0018207 seconds
plan limit 978
current timestep 208
num of flexible agents: 202
num of flexible tasks: 452
Solving time: 0.0017514 seconds
plan limit 978
current timestep 209
num of flexible agents: 202
num of flexible tasks: 452
Solving time: 0.0017313 seconds
plan limit 978
current timestep 210
num of flexible agents: 200
num of flexible tasks: 450
Solving time: 0.0017367 seconds
plan limit 978
current timestep 211
num of flexible agents: 201
num of flexible tasks: 451
Solving time: 0.002027 seconds
plan limit 978
current timestep 212
num of flexible agents: 200
num of flexible tasks: 450
Solving time: 0.0018327 seconds
plan limit 978
current timestep 213
num of flexible agents: 201
num of flexible tasks: 451
Solving time: 0.0017894 seconds
plan limit 978
current timestep 214
num of flexible agents: 203
num of flexible tasks: 453
Solving time: 0.0018659 seconds
plan limit 978
current timestep 215
num of flexible agents: 200
num of flexible tasks: 450
Solving time: 0.0016913 seconds
plan limit 978
current timestep 216
num of flexible agents: 203
num of flexible tasks: 453
Solving time: 0.0017952 seconds
plan limit 978
current timestep 217
num of flexible agents: 202
num of flexible tasks: 452
Solving time: 0.0017921 seconds
plan limit 978
current timestep 218
num of flexible agents: 205
num of flexible tasks: 455
Solving time: 0.0017637 seconds
plan limit 978
current timestep 219
num of flexible agents: 198
num of flexible tasks: 448
Solving time: 0.001701 seconds
plan limit 978
current timestep 220
num of flexible agents: 193
num of flexible tasks: 443
Solving time: 0.0017112 seconds
plan limit 978
current timestep 221
num of flexible agents: 191
num of flexible tasks: 441
Solving time: 0.0017683 seconds
plan limit 978
current timestep 222
num of flexible agents: 190
num of flexible tasks: 440
Solving time: 0.0017712 seconds
plan limit 978
current timestep 223
num of flexible agents: 191
num of flexible tasks: 441
Solving time: 0.0017904 seconds
plan limit 978
current timestep 224
num of flexible agents: 192
num of flexible tasks: 442
Solving time: 0.0018757 seconds
plan limit 978
current timestep 225
num of flexible agents: 191
num of flexible tasks: 441
Solving time: 0.0017135 seconds
plan limit 978
current timestep 226
num of flexible agents: 191
num of flexible tasks: 441
Solving time: 0.0017928 seconds
plan limit 978
current timestep 227
num of flexible agents: 191
num of flexible tasks: 441
Solving time: 0.0017514 seconds
plan limit 978
current timestep 228
num of flexible agents: 197
num of flexible tasks: 447
Solving time: 0.0018031 seconds
plan limit 978
current timestep 229
num of flexible agents: 199
num of flexible tasks: 449
Solving time: 0.0017572 seconds
plan limit 978
current timestep 230
num of flexible agents: 199
num of flexible tasks: 449
Solving time: 0.0016879 seconds
plan limit 978
current timestep 231
num of flexible agents: 198
num of flexible tasks: 448
Solving time: 0.0017811 seconds
plan limit 978
current timestep 232
num of flexible agents: 201
num of flexible tasks: 451
Solving time: 0.0018653 seconds
plan limit 978
current timestep 233
num of flexible agents: 201
num of flexible tasks: 451
Solving time: 0.0019524 seconds
plan limit 978
current timestep 234
num of flexible agents: 197
num of flexible tasks: 447
Solving time: 0.0018611 seconds
plan limit 978
current timestep 235
num of flexible agents: 195
num of flexible tasks: 445
Solving time: 0.0021171 seconds
plan limit 978
current timestep 236
num of flexible agents: 196
num of flexible tasks: 446
Solving time: 0.001985 seconds
plan limit 978
current timestep 237
num of flexible agents: 191
num of flexible tasks: 441
Solving time: 0.0016798 seconds
plan limit 978
current timestep 238
num of flexible agents: 191
num of flexible tasks: 441
Solving time: 0.0020177 seconds
plan limit 978
current timestep 239
num of flexible agents: 189
num of flexible tasks: 439
Solving time: 0.0015783 seconds
plan limit 978
current timestep 240
num of flexible agents: 191
num of flexible tasks: 441
Solving time: 0.0018091 seconds
plan limit 978
current timestep 241
num of flexible agents: 191
num of flexible tasks: 441
Solving time: 0.0018111 seconds
plan limit 978
current timestep 242
num of flexible agents: 193
num of flexible tasks: 443
Solving time: 0.0019213 seconds
plan limit 978
current timestep 243
num of flexible agents: 198
num of flexible tasks: 448
Solving time: 0.0017685 seconds
plan limit 978
current timestep 244
num of flexible agents: 197
num of flexible tasks: 447
Solving time: 0.0018042 seconds
plan limit 978
current timestep 245
num of flexible agents: 196
num of flexible tasks: 446
Solving time: 0.0019024 seconds
plan limit 978
current timestep 246
num of flexible agents: 201
num of flexible tasks: 451
Solving time: 0.0020082 seconds
plan limit 978
current timestep 247
num of flexible agents: 195
num of flexible tasks: 445
Solving time: 0.0018518 seconds
plan limit 978
current timestep 248
num of flexible agents: 200
num of flexible tasks: 450
Solving time: 0.002071 seconds
plan limit 978
current timestep 249
num of flexible agents: 203
num of flexible tasks: 453
Solving time: 0.0018548 seconds
plan limit 978
current timestep 250
num of flexible agents: 201
num of flexible tasks: 451
Solving time: 0.0021306 seconds
plan limit 978
current timestep 251
num of flexible agents: 206
num of flexible tasks: 456
Solving time: 0.002126 seconds
plan limit 978
current timestep 252
num of flexible agents: 208
num of flexible tasks: 458
Solving time: 0.0020633 seconds
plan limit 978
current timestep 253
num of flexible agents: 210
num of flexible tasks: 460
Solving time: 0.0019609 seconds
plan limit 978
current timestep 254
num of flexible agents: 210
num of flexible tasks: 460
Solving time: 0.0017947 seconds
plan limit 978
current timestep 255
num of flexible agents: 214
num of flexible tasks: 464
Solving time: 0.0018254 seconds
plan limit 978
current timestep 256
num of flexible agents: 214
num of flexible tasks: 464
Solving time: 0.0019857 seconds
plan limit 978
current timestep 257
num of flexible agents: 212
num of flexible tasks: 462
Solving time: 0.00173 seconds
plan limit 978
current timestep 258
num of flexible agents: 212
num of flexible tasks: 462
Solving time: 0.0019183 seconds
plan limit 978
current timestep 259
num of flexible agents: 214
num of flexible tasks: 464
Solving time: 0.0017348 seconds
plan limit 978
current timestep 260
num of flexible agents: 215
num of flexible tasks: 465
Solving time: 0.0017725 seconds
plan limit 978
current timestep 261
num of flexible agents: 212
num of flexible tasks: 462
Solving time: 0.0017879 seconds
plan limit 978
current timestep 262
num of flexible agents: 207
num of flexible tasks: 457
Solving time: 0.0016692 seconds
plan limit 978
current timestep 263
num of flexible agents: 207
num of flexible tasks: 457
Solving time: 0.0016469 seconds
plan limit 978
current timestep 264
num of flexible agents: 204
num of flexible tasks: 454
Solving time: 0.0018355 seconds
plan limit 978
current timestep 265
num of flexible agents: 201
num of flexible tasks: 451
Solving time: 0.0017928 seconds
plan limit 978
current timestep 266
num of flexible agents: 197
num of flexible tasks: 447
Solving time: 0.0017428 seconds
plan limit 978
current timestep 267
num of flexible agents: 198
num of flexible tasks: 448
Solving time: 0.0017852 seconds
plan limit 978
current timestep 268
num of flexible agents: 200
num of flexible tasks: 450
Solving time: 0.0018191 seconds
plan limit 978
current timestep 269
num of flexible agents: 198
num of flexible tasks: 448
Solving time: 0.0017723 seconds
plan limit 978
current timestep 270
num of flexible agents: 198
num of flexible tasks: 448
Solving time: 0.0017567 seconds
plan limit 978
current timestep 271
num of flexible agents: 201
num of flexible tasks: 451
Solving time: 0.001836 seconds
plan limit 978
current timestep 272
num of flexible agents: 203
num of flexible tasks: 453
Solving time: 0.0022672 seconds
plan limit 977
current timestep 273
num of flexible agents: 202
num of flexible tasks: 452
Solving time: 0.0016742 seconds
plan limit 978
current timestep 274
num of flexible agents: 208
num of flexible tasks: 458
Solving time: 0.0017623 seconds
plan limit 978
current timestep 275
num of flexible agents: 203
num of flexible tasks: 453
Solving time: 0.0017701 seconds
plan limit 978
current timestep 276
num of flexible agents: 204
num of flexible tasks: 454
Solving time: 0.0019234 seconds
plan limit 978
current timestep 277
num of flexible agents: 203
num of flexible tasks: 453
Solving time: 0.0019224 seconds
plan limit 978
current timestep 278
num of flexible agents: 211
num of flexible tasks: 461
Solving time: 0.0017371 seconds
plan limit 978
current timestep 279
num of flexible agents: 215
num of flexible tasks: 465
Solving time: 0.0016876 seconds
plan limit 978
current timestep 280
num of flexible agents: 214
num of flexible tasks: 464
Solving time: 0.0018206 seconds
plan limit 978
current timestep 281
num of flexible agents: 210
num of flexible tasks: 460
Solving time: 0.0027854 seconds
plan limit 977
current timestep 282
num of flexible agents: 215
num of flexible tasks: 465
Solving time: 0.0017586 seconds
plan limit 978
current timestep 283
num of flexible agents: 216
num of flexible tasks: 466
Solving time: 0.0019851 seconds
plan limit 978
current timestep 284
num of flexible agents: 213
num of flexible tasks: 463
Solving time: 0.0016985 seconds
plan limit 978
current timestep 285
num of flexible agents: 215
num of flexible tasks: 465
Solving time: 0.002156 seconds
plan limit 978
current timestep 286
num of flexible agents: 215
num of flexible tasks: 465
Solving time: 0.00177 seconds
plan limit 978
current timestep 287
num of flexible agents: 213
num of flexible tasks: 463
Solving time: 0.0016798 seconds
plan limit 978
current timestep 288
num of flexible agents: 211
num of flexible tasks: 461
Solving time: 0.0017924 seconds
plan limit 978
current timestep 289
num of flexible agents: 210
num of flexible tasks: 460
Solving time: 0.0017933 seconds
plan limit 978
current timestep 290
num of flexible agents: 208
num of flexible tasks: 458
Solving time: 0.0017968 seconds
plan limit 978
current timestep 291
num of flexible agents: 208
num of flexible tasks: 458
Solving time: 0.0017594 seconds
plan limit 978
current timestep 292
num of flexible agents: 206
num of flexible tasks: 456
Solving time: 0.001808 seconds
plan limit 978
current timestep 293
num of flexible agents: 203
num of flexible tasks: 453
Solving time: 0.0016733 seconds
plan limit 978
current timestep 294
num of flexible agents: 200
num of flexible tasks: 450
Solving time: 0.0017871 seconds
plan limit 978
current timestep 295
num of flexible agents: 201
num of flexible tasks: 451
Solving time: 0.0018301 seconds
plan limit 978
current timestep 296
num of flexible agents: 200
num of flexible tasks: 450
Solving time: 0.0018991 seconds
plan limit 978
current timestep 297
num of flexible agents: 200
num of flexible tasks: 450
Solving time: 0.0018065 seconds
plan limit 978
current timestep 298
num of flexible agents: 203
num of flexible tasks: 453
Solving time: 0.0016883 seconds
plan limit 978
current timestep 299
num of flexible agents: 205
num of flexible tasks: 455
Solving time: 0.001978 seconds
plan limit 978
current timestep 300
num of flexible agents: 200
num of flexible tasks: 450
Solving time: 0.0019527 seconds
plan limit 978
current timestep 301
num of flexible agents: 198
num of flexible tasks: 448
Solving time: 0.0018997 seconds
plan limit 978
current timestep 302
num of flexible agents: 198
num of flexible tasks: 448
Solving time: 0.0018722 seconds
plan limit 978
current timestep 303
num of flexible agents: 203
num of flexible tasks: 453
Solving time: 0.0018399 seconds
plan limit 978
current timestep 304
num of flexible agents: 203
num of flexible tasks: 453
Solving time: 0.0019408 seconds
plan limit 978
current timestep 305
num of flexible agents: 207
num of flexible tasks: 457
Solving time: 0.0017949 seconds
plan limit 978
current timestep 306
num of flexible agents: 211
num of flexible tasks: 461
Solving time: 0.0018707 seconds
plan limit 978
current timestep 307
num of flexible agents: 215
num of flexible tasks: 465
Solving time: 0.0018371 seconds
plan limit 978
current timestep 308
num of flexible agents: 215
num of flexible tasks: 465
Solving time: 0.0018223 seconds
plan limit 978
current timestep 309
num of flexible agents: 216
num of flexible tasks: 466
Solving time: 0.0018779 seconds
plan limit 978
current timestep 310
num of flexible agents: 219
num of flexible tasks: 469
Solving time: 0.001881 seconds
plan limit 978
current timestep 311
num of flexible agents: 221
num of flexible tasks: 471
Solving time: 0.0020164 seconds
plan limit 978
current timestep 312
num of flexible agents: 225
num of flexible tasks: 475
Solving time: 0.0018535 seconds
plan limit 978
current timestep 313
num of flexible agents: 221
num of flexible tasks: 471
Solving time: 0.0019393 seconds
plan limit 978
current timestep 314
num of flexible agents: 220
num of flexible tasks: 470
Solving time: 0.0019985 seconds
plan limit 978
current timestep 315
num of flexible agents: 223
num of flexible tasks: 473
Solving time: 0.0018917 seconds
plan limit 978
current timestep 316
num of flexible agents: 221
num of flexible tasks: 471
Solving time: 0.0018295 seconds
plan limit 978
current timestep 317
num of flexible agents: 221
num of flexible tasks: 471
Solving time: 0.001869 seconds
plan limit 978
current timestep 318
num of flexible agents: 218
num of flexible tasks: 468
Solving time: 0.001834 seconds
plan limit 978
current timestep 319
num of flexible agents: 219
num of flexible tasks: 469
Solving time: 0.0020324 seconds
plan limit 978
current timestep 320
num of flexible agents: 215
num of flexible tasks: 465
Solving time: 0.0018777 seconds
plan limit 978
current timestep 321
num of flexible agents: 214
num of flexible tasks: 464
Solving time: 0.0021366 seconds
plan limit 978
current timestep 322
num of flexible agents: 213
num of flexible tasks: 463
Solving time: 0.0018236 seconds
plan limit 978
current timestep 323
num of flexible agents: 213
num of flexible tasks: 463
Solving time: 0.0019368 seconds
plan limit 978
current timestep 324
num of flexible agents: 213
num of flexible tasks: 463
Solving time: 0.0020701 seconds
plan limit 978
current timestep 325
num of flexible agents: 209
num of flexible tasks: 459
Solving time: 0.0021199 seconds
plan limit 978
current timestep 326
num of flexible agents: 208
num of flexible tasks: 458
Solving time: 0.0019319 seconds
plan limit 978
current timestep 327
num of flexible agents: 207
num of flexible tasks: 457
Solving time: 0.0018878 seconds
plan limit 978
current timestep 328
num of flexible agents: 203
num of flexible tasks: 453
Solving time: 0.0018442 seconds
plan limit 978
current timestep 329
num of flexible agents: 199
num of flexible tasks: 449
Solving time: 0.0018802 seconds
plan limit 978
current timestep 330
num of flexible agents: 194
num of flexible tasks: 444
Solving time: 0.0015876 seconds
plan limit 978
current timestep 331
num of flexible agents: 195
num of flexible tasks: 445
Solving time: 0.0018297 seconds
plan limit 978
current timestep 332
num of flexible agents: 193
num of flexible tasks: 443
Solving time: 0.0020229 seconds
plan limit 978
current timestep 333
num of flexible agents: 192
num of flexible tasks: 442
Solving time: 0.0073605 seconds
plan limit 971
current timestep 334
num of flexible agents: 191
num of flexible tasks: 441
Solving time: 0.0018687 seconds
plan limit 978
current timestep 335
num of flexible agents: 193
num of flexible tasks: 443
Solving time: 0.001892 seconds
plan limit 978
current timestep 336
num of flexible agents: 191
num of flexible tasks: 441
Solving time: 0.0021264 seconds
plan limit 978
current timestep 337
num of flexible agents: 200
num of flexible tasks: 450
Solving time: 0.0018635 seconds
plan limit 978
current timestep 338
num of flexible agents: 203
num of flexible tasks: 453
Solving time: 0.0019192 seconds
plan limit 978
current timestep 339
num of flexible agents: 205
num of flexible tasks: 455
Solving time: 0.0018194 seconds
plan limit 978
current timestep 340
num of flexible agents: 208
num of flexible tasks: 458
Solving time: 0.0018368 seconds
plan limit 978
current timestep 341
num of flexible agents: 207
num of flexible tasks: 457
Solving time: 0.0019216 seconds
plan limit 978
current timestep 342
num of flexible agents: 205
num of flexible tasks: 455
Solving time: 0.0019931 seconds
plan limit 978
current timestep 343
num of flexible agents: 199
num of flexible tasks: 449
Solving time: 0.0020302 seconds
plan limit 978
current timestep 344
num of flexible agents: 197
num of flexible tasks: 447
Solving time: 0.001758 seconds
plan limit 978
current timestep 345
num of flexible agents: 199
num of flexible tasks: 449
Solving time: 0.0020843 seconds
plan limit 978
current timestep 346
num of flexible agents: 192
num of flexible tasks: 442
Solving time: 0.0017285 seconds
plan limit 978
current timestep 347
num of flexible agents: 190
num of flexible tasks: 440
Solving time: 0.0019193 seconds
plan limit 978
current timestep 348
num of flexible agents: 189
num of flexible tasks: 439
Solving time: 0.0031489 seconds
plan limit 977
current timestep 349
num of flexible agents: 194
num of flexible tasks: 444
Solving time: 0.0019662 seconds
plan limit 978
current timestep 350
num of flexible agents: 192
num of flexible tasks: 442
Solving time: 0.0018434 seconds
plan limit 978
current timestep 351
num of flexible agents: 195
num of flexible tasks: 445
Solving time: 0.0018049 seconds
plan limit 978
current timestep 352
num of flexible agents: 196
num of flexible tasks: 446
Solving time: 0.0018641 seconds
plan limit 978
current timestep 353
num of flexible agents: 195
num of flexible tasks: 445
Solving time: 0.0018864 seconds
plan limit 978
current timestep 354
num of flexible agents: 201
num of flexible tasks: 451
Solving time: 0.0019209 seconds
plan limit 978
current timestep 355
num of flexible agents: 205
num of flexible tasks: 455
Solving time: 0.0018803 seconds
plan limit 978
current timestep 356
num of flexible agents: 207
num of flexible tasks: 457
Solving time: 0.0019463 seconds
plan limit 978
current timestep 357
num of flexible agents: 211
num of flexible tasks: 461
Solving time: 0.0020806 seconds
plan limit 978
current timestep 358
num of flexible agents: 216
num of flexible tasks: 466
Solving time: 0.0019758 seconds
plan limit 978
current timestep 359
num of flexible agents: 212
num of flexible tasks: 462
Solving time: 0.0018166 seconds
plan limit 978
current timestep 360
num of flexible agents: 213
num of flexible tasks: 463
Solving time: 0.0018609 seconds
plan limit 978
current timestep 361
num of flexible agents: 207
num of flexible tasks: 457
Solving time: 0.0018751 seconds
plan limit 978
current timestep 362
num of flexible agents: 207
num of flexible tasks: 457
Solving time: 0.0018703 seconds
plan limit 978
current timestep 363
num of flexible agents: 203
num of flexible tasks: 453
Solving time: 0.002153 seconds
plan limit 978
current timestep 364
num of flexible agents: 204
num of flexible tasks: 454
Solving time: 0.0018573 seconds
plan limit 978
current timestep 365
num of flexible agents: 202
num of flexible tasks: 452
Solving time: 0.0018421 seconds
plan limit 978
current timestep 366
num of flexible agents: 201
num of flexible tasks: 451
Solving time: 0.0025052 seconds
plan limit 977
current timestep 367
num of flexible agents: 204
num of flexible tasks: 454
Solving time: 0.0018168 seconds
plan limit 978
current timestep 368
num of flexible agents: 212
num of flexible tasks: 462
Solving time: 0.001877 seconds
plan limit 978
current timestep 369
num of flexible agents: 210
num of flexible tasks: 460
Solving time: 0.0017538 seconds
plan limit 978
current timestep 370
num of flexible agents: 210
num of flexible tasks: 460
Solving time: 0.001753 seconds
plan limit 978
current timestep 371
num of flexible agents: 211
num of flexible tasks: 461
Solving time: 0.0019947 seconds
plan limit 978
current timestep 372
num of flexible agents: 211
num of flexible tasks: 461
Solving time: 0.0019423 seconds
plan limit 978
current timestep 373
num of flexible agents: 211
num of flexible tasks: 461
Solving time: 0.0018265 seconds
plan limit 978
current timestep 374
num of flexible agents: 215
num of flexible tasks: 465
Solving time: 0.0018284 seconds
plan limit 978
current timestep 375
num of flexible agents: 215
num of flexible tasks: 465
Solving time: 0.001972 seconds
plan limit 978
current timestep 376
num of flexible agents: 216
num of flexible tasks: 466
Solving time: 0.0019493 seconds
plan limit 978
current timestep 377
num of flexible agents: 215
num of flexible tasks: 465
Solving time: 0.0019515 seconds
plan limit 978
current timestep 378
num of flexible agents: 209
num of flexible tasks: 459
Solving time: 0.001778 seconds
plan limit 978
current timestep 379
num of flexible agents: 213
num of flexible tasks: 463
Solving time: 0.0020079 seconds
plan limit 978
current timestep 380
num of flexible agents: 214
num of flexible tasks: 464
Solving time: 0.0018651 seconds
plan limit 978
current timestep 381
num of flexible agents: 216
num of flexible tasks: 466
Solving time: 0.0022698 seconds
plan limit 977
current timestep 382
num of flexible agents: 219
num of flexible tasks: 469
Solving time: 0.0020631 seconds
plan limit 978
current timestep 383
num of flexible agents: 221
num of flexible tasks: 471
Solving time: 0.001797 seconds
plan limit 978
current timestep 384
num of flexible agents: 221
num of flexible tasks: 471
Solving time: 0.0020465 seconds
plan limit 978
current timestep 385
num of flexible agents: 218
num of flexible tasks: 468
Solving time: 0.0019224 seconds
plan limit 978
current timestep 386
num of flexible agents: 211
num of flexible tasks: 461
Solving time: 0.001921 seconds
plan limit 978
current timestep 387
num of flexible agents: 204
num of flexible tasks: 454
Solving time: 0.0022327 seconds
plan limit 978
current timestep 388
num of flexible agents: 206
num of flexible tasks: 456
Solving time: 0.0019005 seconds
plan limit 978
current timestep 389
num of flexible agents: 203
num of flexible tasks: 453
Solving time: 0.0018811 seconds
plan limit 978
current timestep 390
num of flexible agents: 203
num of flexible tasks: 453
Solving time: 0.0019281 seconds
plan limit 978
current timestep 391
num of flexible agents: 201
num of flexible tasks: 451
Solving time: 0.0023519 seconds
plan limit 978
current timestep 392
num of flexible agents: 204
num of flexible tasks: 454
Solving time: 0.0020055 seconds
plan limit 978
current timestep 393
num of flexible agents: 202
num of flexible tasks: 452
Solving time: 0.0019175 seconds
plan limit 978
current timestep 394
num of flexible agents: 203
num of flexible tasks: 453
Solving time: 0.0020716 seconds
plan limit 978
current timestep 395
num of flexible agents: 204
num of flexible tasks: 454
Solving time: 0.001957 seconds
plan limit 978
current timestep 396
num of flexible agents: 201
num of flexible tasks: 451
Solving time: 0.0019763 seconds
plan limit 978
current timestep 397
num of flexible agents: 206
num of flexible tasks: 456
Solving time: 0.001753 seconds
plan limit 978
current timestep 398
num of flexible agents: 205
num of flexible tasks: 455
Solving time: 0.0020366 seconds
plan limit 978
current timestep 399
num of flexible agents: 201
num of flexible tasks: 451
Solving time: 0.0018341 seconds
plan limit 978
current timestep 400
num of flexible agents: 204
num of flexible tasks: 454
Solving time: 0.0017601 seconds
plan limit 978
current timestep 401
num of flexible agents: 203
num of flexible tasks: 453
Solving time: 0.0017263 seconds
plan limit 978
current timestep 402
num of flexible agents: 210
num of flexible tasks: 460
Solving time: 0.001723 seconds
plan limit 978
current timestep 403
num of flexible agents: 204
num of flexible tasks: 454
Solving time: 0.0018376 seconds
plan limit 978
current timestep 404
num of flexible agents: 199
num of flexible tasks: 449
Solving time: 0.0018202 seconds
plan limit 978
current timestep 405
num of flexible agents: 195
num of flexible tasks: 445
Solving time: 0.0020554 seconds
plan limit 978
current timestep 406
num of flexible agents: 192
num of flexible tasks: 442
Solving time: 0.0018571 seconds
plan limit 978
current timestep 407
num of flexible agents: 194
num of flexible tasks: 444
Solving time: 0.0018316 seconds
plan limit 978
current timestep 408
num of flexible agents: 187
num of flexible tasks: 437
Solving time: 0.0018335 seconds
plan limit 978
current timestep 409
num of flexible agents: 189
num of flexible tasks: 439
Solving time: 0.0018794 seconds
plan limit 978
current timestep 410
num of flexible agents: 191
num of flexible tasks: 441
Solving time: 0.001935 seconds
plan limit 978
current timestep 411
num of flexible agents: 195
num of flexible tasks: 445
Solving time: 0.0018557 seconds
plan limit 978
current timestep 412
num of flexible agents: 198
num of flexible tasks: 448
Solving time: 0.0020069 seconds
plan limit 978
current timestep 413
num of flexible agents: 207
num of flexible tasks: 457
Solving time: 0.0018948 seconds
plan limit 978
current timestep 414
num of flexible agents: 211
num of flexible tasks: 461
Solving time: 0.0019921 seconds
plan limit 978
current timestep 415
num of flexible agents: 207
num of flexible tasks: 457
Solving time: 0.0019191 seconds
plan limit 978
current timestep 416
num of flexible agents: 201
num of flexible tasks: 451
Solving time: 0.0019004 seconds
plan limit 978
current timestep 417
num of flexible agents: 203
num of flexible tasks: 453
Solving time: 0.0021228 seconds
plan limit 978
current timestep 418
num of flexible agents: 201
num of flexible tasks: 451
Solving time: 0.0020434 seconds
plan limit 978
current timestep 419
num of flexible agents: 199
num of flexible tasks: 449
Solving time: 0.0019602 seconds
plan limit 978
current timestep 420
num of flexible agents: 203
num of flexible tasks: 453
Solving time: 0.0017923 seconds
plan limit 978
current timestep 421
num of flexible agents: 200
num of flexible tasks: 450
Solving time: 0.0018414 seconds
plan limit 978
current timestep 422
num of flexible agents: 198
num of flexible tasks: 448
Solving time: 0.0022528 seconds
plan limit 978
current timestep 423
num of flexible agents: 203
num of flexible tasks: 453
Solving time: 0.003126 seconds
plan limit 976
current timestep 424
num of flexible agents: 204
num of flexible tasks: 454
Solving time: 0.0017681 seconds
plan limit 978
current timestep 425
num of flexible agents: 203
num of flexible tasks: 453
Solving time: 0.0018113 seconds
plan limit 978
current timestep 426
num of flexible agents: 198
num of flexible tasks: 448
Solving time: 0.0019241 seconds
plan limit 978
current timestep 427
num of flexible agents: 194
num of flexible tasks: 444
Solving time: 0.0018993 seconds
plan limit 978
current timestep 428
num of flexible agents: 195
num of flexible tasks: 445
Solving time: 0.0019307 seconds
plan limit 978
current timestep 429
num of flexible agents: 198
num of flexible tasks: 448
Solving time: 0.0020073 seconds
plan limit 978
current timestep 430
num of flexible agents: 194
num of flexible tasks: 444
Solving time: 0.0029868 seconds
plan limit 977
current timestep 431
num of flexible agents: 192
num of flexible tasks: 442
Solving time: 0.0018519 seconds
plan limit 978
current timestep 432
num of flexible agents: 194
num of flexible tasks: 444
Solving time: 0.0019243 seconds
plan limit 978
current timestep 433
num of flexible agents: 196
num of flexible tasks: 446
Solving time: 0.0018985 seconds
plan limit 978
current timestep 434
num of flexible agents: 196
num of flexible tasks: 446
Solving time: 0.0017512 seconds
plan limit 978
current timestep 435
num of flexible agents: 196
num of flexible tasks: 446
Solving time: 0.0018364 seconds
plan limit 978
current timestep 436
num of flexible agents: 190
num of flexible tasks: 440
Solving time: 0.0018755 seconds
plan limit 978
current timestep 437
num of flexible agents: 186
num of flexible tasks: 436
Solving time: 0.001791 seconds
plan limit 978
current timestep 438
num of flexible agents: 185
num of flexible tasks: 435
Solving time: 0.0018347 seconds
plan limit 978
current timestep 439
num of flexible agents: 190
num of flexible tasks: 440
Solving time: 0.0017818 seconds
plan limit 978
current timestep 440
num of flexible agents: 196
num of flexible tasks: 446
Solving time: 0.0017821 seconds
plan limit 978
current timestep 441
num of flexible agents: 197
num of flexible tasks: 447
Solving time: 0.0017669 seconds
plan limit 978
current timestep 442
num of flexible agents: 194
num of flexible tasks: 444
Solving time: 0.001867 seconds
plan limit 978
current timestep 443
num of flexible agents: 196
num of flexible tasks: 446
Solving time: 0.0017599 seconds
plan limit 978
current timestep 444
num of flexible agents: 194
num of flexible tasks: 444
Solving time: 0.0017713 seconds
plan limit 978
current timestep 445
num of flexible agents: 199
num of flexible tasks: 449
Solving time: 0.0018368 seconds
plan limit 978
current timestep 446
num of flexible agents: 200
num of flexible tasks: 450
Solving time: 0.001877 seconds
plan limit 978
current timestep 447
num of flexible agents: 201
num of flexible tasks: 451
Solving time: 0.0019353 seconds
plan limit 978
current timestep 448
num of flexible agents: 202
num of flexible tasks: 452
Solving time: 0.0019254 seconds
plan limit 978
current timestep 449
num of flexible agents: 200
num of flexible tasks: 450
Solving time: 0.0017951 seconds
plan limit 978
current timestep 450
num of flexible agents: 199
num of flexible tasks: 449
Solving time: 0.001954 seconds
plan limit 978
current timestep 451
num of flexible agents: 198
num of flexible tasks: 448
Solving time: 0.0018277 seconds
plan limit 978
current timestep 452
num of flexible agents: 199
num of flexible tasks: 449
Solving time: 0.0018881 seconds
plan limit 978
current timestep 453
num of flexible agents: 198
num of flexible tasks: 448
Solving time: 0.001903 seconds
plan limit 978
current timestep 454
num of flexible agents: 202
num of flexible tasks: 452
Solving time: 0.0018921 seconds
plan limit 978
current timestep 455
num of flexible agents: 201
num of flexible tasks: 451
Solving time: 0.0019586 seconds
plan limit 978
current timestep 456
num of flexible agents: 204
num of flexible tasks: 454
Solving time: 0.00192 seconds
plan limit 978
current timestep 457
num of flexible agents: 202
num of flexible tasks: 452
Solving time: 0.0019442 seconds
plan limit 978
current timestep 458
num of flexible agents: 199
num of flexible tasks: 449
Solving time: 0.0018958 seconds
plan limit 978
current timestep 459
num of flexible agents: 202
num of flexible tasks: 452
Solving time: 0.0018695 seconds
plan limit 978
current timestep 460
num of flexible agents: 199
num of flexible tasks: 449
Solving time: 0.0018504 seconds
plan limit 978
current timestep 461
num of flexible agents: 205
num of flexible tasks: 455
Solving time: 0.0018608 seconds
plan limit 978
current timestep 462
num of flexible agents: 202
num of flexible tasks: 452
Solving time: 0.0022862 seconds
plan limit 978
current timestep 463
num of flexible agents: 201
num of flexible tasks: 451
Solving time: 0.0020342 seconds
plan limit 978
current timestep 464
num of flexible agents: 200
num of flexible tasks: 450
Solving time: 0.0018986 seconds
plan limit 978
current timestep 465
num of flexible agents: 206
num of flexible tasks: 456
Solving time: 0.0019993 seconds
plan limit 978
current timestep 466
num of flexible agents: 204
num of flexible tasks: 454
Solving time: 0.0019801 seconds
plan limit 978
current timestep 467
num of flexible agents: 205
num of flexible tasks: 455
Solving time: 0.0019707 seconds
plan limit 978
current timestep 468
num of flexible agents: 203
num of flexible tasks: 453
Solving time: 0.0020374 seconds
plan limit 978
current timestep 469
num of flexible agents: 201
num of flexible tasks: 451
Solving time: 0.0019931 seconds
plan limit 978
current timestep 470
num of flexible agents: 205
num of flexible tasks: 455
Solving time: 0.0020103 seconds
plan limit 978
current timestep 471
num of flexible agents: 203
num of flexible tasks: 453
Solving time: 0.0019992 seconds
plan limit 978
current timestep 472
num of flexible agents: 201
num of flexible tasks: 451
Solving time: 0.0023641 seconds
plan limit 977
current timestep 473
num of flexible agents: 196
num of flexible tasks: 446
Solving time: 0.0018424 seconds
plan limit 978
current timestep 474
num of flexible agents: 193
num of flexible tasks: 443
Solving time: 0.0020026 seconds
plan limit 978
current timestep 475
num of flexible agents: 195
num of flexible tasks: 445
Solving time: 0.0019174 seconds
plan limit 978
current timestep 476
num of flexible agents: 201
num of flexible tasks: 451
Solving time: 0.0019088 seconds
plan limit 978
current timestep 477
num of flexible agents: 202
num of flexible tasks: 452
Solving time: 0.0029444 seconds
plan limit 977
current timestep 478
num of flexible agents: 201
num of flexible tasks: 451
Solving time: 0.002364 seconds
plan limit 977
current timestep 479
num of flexible agents: 205
num of flexible tasks: 455
Solving time: 0.0018349 seconds
plan limit 978
current timestep 480
num of flexible agents: 204
num of flexible tasks: 454
Solving time: 0.0019184 seconds
plan limit 978
current timestep 481
num of flexible agents: 204
num of flexible tasks: 454
Solving time: 0.0018712 seconds
plan limit 978
current timestep 482
num of flexible agents: 211
num of flexible tasks: 461
Solving time: 0.0018375 seconds
plan limit 978
current timestep 483
num of flexible agents: 214
num of flexible tasks: 464
Solving time: 0.0018619 seconds
plan limit 978
current timestep 484
num of flexible agents: 211
num of flexible tasks: 461
Solving time: 0.0017827 seconds
plan limit 978
current timestep 485
num of flexible agents: 214
num of flexible tasks: 464
Solving time: 0.0018877 seconds
plan limit 978
current timestep 486
num of flexible agents: 212
num of flexible tasks: 462
Solving time: 0.0018651 seconds
plan limit 978
current timestep 487
num of flexible agents: 213
num of flexible tasks: 463
Solving time: 0.0018122 seconds
plan limit 978
current timestep 488
num of flexible agents: 211
num of flexible tasks: 461
Solving time: 0.0018871 seconds
plan limit 978
current timestep 489
num of flexible agents: 216
num of flexible tasks: 466
Solving time: 0.001925 seconds
plan limit 978
current timestep 490
num of flexible agents: 216
num of flexible tasks: 466
Solving time: 0.0017998 seconds
plan limit 978
current timestep 491
num of flexible agents: 220
num of flexible tasks: 470
Solving time: 0.0019402 seconds
plan limit 978
current timestep 492
num of flexible agents: 215
num of flexible tasks: 465
Solving time: 0.001851 seconds
plan limit 978
current timestep 493
num of flexible agents: 214
num of flexible tasks: 464
Solving time: 0.0019563 seconds
plan limit 978
current timestep 494
num of flexible agents: 213
num of flexible tasks: 463
Solving time: 0.0019011 seconds
plan limit 978
current timestep 495
num of flexible agents: 212
num of flexible tasks: 462
Solving time: 0.0022216 seconds
plan limit 977
current timestep 496
num of flexible agents: 210
num of flexible tasks: 460
Solving time: 0.0019701 seconds
plan limit 978
current timestep 497
num of flexible agents: 209
num of flexible tasks: 459
Solving time: 0.003237 seconds
plan limit 976
current timestep 498
num of flexible agents: 209
num of flexible tasks: 459
Solving time: 0.0022431 seconds
plan limit 978
current timestep 499
num of flexible agents: 214
num of flexible tasks: 464
Solving time: 0.0019498 seconds
plan limit 978
current timestep 500
num of flexible agents: 214
num of flexible tasks: 464
Solving time: 0.0019313 seconds
plan limit 978
current timestep 501
num of flexible agents: 216
num of flexible tasks: 466
Solving time: 0.0020867 seconds
plan limit 978
current timestep 502
num of flexible agents: 218
num of flexible tasks: 468
Solving time: 0.0023241 seconds
plan limit 977
current timestep 503
num of flexible agents: 219
num of flexible tasks: 469
Solving time: 0.0019569 seconds
plan limit 978
current timestep 504
num of flexible agents: 215
num of flexible tasks: 465
Solving time: 0.0020575 seconds
plan limit 978
current timestep 505
num of flexible agents: 207
num of flexible tasks: 457
Solving time: 0.0019402 seconds
plan limit 978
current timestep 506
num of flexible agents: 211
num of flexible tasks: 461
Solving time: 0.0021424 seconds
plan limit 978
current timestep 507
num of flexible agents: 209
num of flexible tasks: 459
Solving time: 0.0019797 seconds
plan limit 978
current timestep 508
num of flexible agents: 207
num of flexible tasks: 457
Solving time: 0.0020348 seconds
plan limit 978
current timestep 509
num of flexible agents: 209
num of flexible tasks: 459
Solving time: 0.0019207 seconds
plan limit 978
current timestep 510
num of flexible agents: 209
num of flexible tasks: 459
Solving time: 0.0019262 seconds
plan limit 978
current timestep 511
num of flexible agents: 210
num of flexible tasks: 460
Solving time: 0.0019156 seconds
plan limit 978
current timestep 512
num of flexible agents: 213
num of flexible tasks: 463
Solving time: 0.001919 seconds
plan limit 978
current timestep 513
num of flexible agents: 213
num of flexible tasks: 463
Solving time: 0.0019528 seconds
plan limit 978
current timestep 514
num of flexible agents: 214
num of flexible tasks: 464
Solving time: 0.0020197 seconds
plan limit 978
current timestep 515
num of flexible agents: 214
num of flexible tasks: 464
Solving time: 0.0022896 seconds
plan limit 978
current timestep 516
num of flexible agents: 211
num of flexible tasks: 461
Solving time: 0.0019928 seconds
plan limit 978
current timestep 517
num of flexible agents: 212
num of flexible tasks: 462
Solving time: 0.0020557 seconds
plan limit 978
current timestep 518
num of flexible agents: 213
num of flexible tasks: 463
Solving time: 0.0022634 seconds
plan limit 978
current timestep 519
num of flexible agents: 214
num of flexible tasks: 464
Solving time: 0.001851 seconds
plan limit 978
current timestep 520
num of flexible agents: 212
num of flexible tasks: 462
Solving time: 0.0018463 seconds
plan limit 978
current timestep 521
num of flexible agents: 214
num of flexible tasks: 464
Solving time: 0.0021122 seconds
plan limit 978
current timestep 522
num of flexible agents: 219
num of flexible tasks: 469
Solving time: 0.0020739 seconds
plan limit 978
current timestep 523
num of flexible agents: 219
num of flexible tasks: 469
Solving time: 0.0020908 seconds
plan limit 978
current timestep 524
num of flexible agents: 223
num of flexible tasks: 473
Solving time: 0.0020228 seconds
plan limit 978
current timestep 525
num of flexible agents: 225
num of flexible tasks: 475
Solving time: 0.0021272 seconds
plan limit 978
current timestep 526
num of flexible agents: 217
num of flexible tasks: 467
Solving time: 0.0018342 seconds
plan limit 978
current timestep 527
num of flexible agents: 220
num of flexible tasks: 470
Solving time: 0.0018273 seconds
plan limit 978
current timestep 528
num of flexible agents: 220
num of flexible tasks: 470
Solving time: 0.0018398 seconds
plan limit 978
current timestep 529
num of flexible agents: 210
num of flexible tasks: 460
Solving time: 0.0019578 seconds
plan limit 978
current timestep 530
num of flexible agents: 211
num of flexible tasks: 461
Solving time: 0.0019386 seconds
plan limit 978
current timestep 531
num of flexible agents: 216
num of flexible tasks: 466
Solving time: 0.0017869 seconds
plan limit 978
current timestep 532
num of flexible agents: 216
num of flexible tasks: 466
Solving time: 0.0018248 seconds
plan limit 978
current timestep 533
num of flexible agents: 217
num of flexible tasks: 467
Solving time: 0.0017551 seconds
plan limit 978
current timestep 534
num of flexible agents: 212
num of flexible tasks: 462
Solving time: 0.0017195 seconds
plan limit 978
current timestep 535
num of flexible agents: 217
num of flexible tasks: 467
Solving time: 0.0018151 seconds
plan limit 978
current timestep 536
num of flexible agents: 211
num of flexible tasks: 461
Solving time: 0.001901 seconds
plan limit 978
current timestep 537
num of flexible agents: 209
num of flexible tasks: 459
Solving time: 0.0018331 seconds
plan limit 978
current timestep 538
num of flexible agents: 219
num of flexible tasks: 469
Solving time: 0.0018418 seconds
plan limit 978
current timestep 539
num of flexible agents: 215
num of flexible tasks: 465
Solving time: 0.0017632 seconds
plan limit 978
current timestep 540
num of flexible agents: 219
num of flexible tasks: 469
Solving time: 0.0018752 seconds
plan limit 978
current timestep 541
num of flexible agents: 219
num of flexible tasks: 469
Solving time: 0.0017814 seconds
plan limit 978
current timestep 542
num of flexible agents: 221
num of flexible tasks: 471
Solving time: 0.0018122 seconds
plan limit 978
current timestep 543
num of flexible agents: 220
num of flexible tasks: 470
Solving time: 0.0017314 seconds
plan limit 978
current timestep 544
num of flexible agents: 214
num of flexible tasks: 464
Solving time: 0.0017396 seconds
plan limit 978
current timestep 545
num of flexible agents: 219
num of flexible tasks: 469
Solving time: 0.0017757 seconds
plan limit 978
current timestep 546
num of flexible agents: 222
num of flexible tasks: 472
Solving time: 0.0019466 seconds
plan limit 978
current timestep 547
num of flexible agents: 218
num of flexible tasks: 468
Solving time: 0.0018782 seconds
plan limit 978
current timestep 548
num of flexible agents: 214
num of flexible tasks: 464
Solving time: 0.0019168 seconds
plan limit 978
current timestep 549
num of flexible agents: 216
num of flexible tasks: 466
Solving time: 0.0018337 seconds
plan limit 978
current timestep 550
num of flexible agents: 215
num of flexible tasks: 465
Solving time: 0.001918 seconds
plan limit 978
current timestep 551
num of flexible agents: 216
num of flexible tasks: 466
Solving time: 0.0017242 seconds
plan limit 978
current timestep 552
num of flexible agents: 211
num of flexible tasks: 461
Solving time: 0.0018114 seconds
plan limit 978
current timestep 553
num of flexible agents: 204
num of flexible tasks: 454
Solving time: 0.0016787 seconds
plan limit 978
current timestep 554
num of flexible agents: 203
num of flexible tasks: 453
Solving time: 0.0016024 seconds
plan limit 978
current timestep 555
num of flexible agents: 202
num of flexible tasks: 452
Solving time: 0.0016276 seconds
plan limit 978
current timestep 556
num of flexible agents: 206
num of flexible tasks: 456
Solving time: 0.0017661 seconds
plan limit 978
current timestep 557
num of flexible agents: 203
num of flexible tasks: 453
Solving time: 0.0017696 seconds
plan limit 978
current timestep 558
num of flexible agents: 207
num of flexible tasks: 457
Solving time: 0.001867 seconds
plan limit 978
current timestep 559
num of flexible agents: 206
num of flexible tasks: 456
Solving time: 0.0017083 seconds
plan limit 978
current timestep 560
num of flexible agents: 201
num of flexible tasks: 451
Solving time: 0.001655 seconds
plan limit 978
current timestep 561
num of flexible agents: 198
num of flexible tasks: 448
Solving time: 0.0018323 seconds
plan limit 978
current timestep 562
num of flexible agents: 196
num of flexible tasks: 446
Solving time: 0.0018838 seconds
plan limit 978
current timestep 563
num of flexible agents: 195
num of flexible tasks: 445
Solving time: 0.0017656 seconds
plan limit 978
current timestep 564
num of flexible agents: 195
num of flexible tasks: 445
Solving time: 0.0017499 seconds
plan limit 978
current timestep 565
num of flexible agents: 189
num of flexible tasks: 439
Solving time: 0.0017649 seconds
plan limit 978
current timestep 566
num of flexible agents: 184
num of flexible tasks: 434
Solving time: 0.0017701 seconds
plan limit 978
current timestep 567
num of flexible agents: 179
num of flexible tasks: 429
Solving time: 0.0018135 seconds
plan limit 978
current timestep 568
num of flexible agents: 177
num of flexible tasks: 427
Solving time: 0.0018108 seconds
plan limit 978
current timestep 569
num of flexible agents: 177
num of flexible tasks: 427
Solving time: 0.0017127 seconds
plan limit 978
current timestep 570
num of flexible agents: 172
num of flexible tasks: 422
Solving time: 0.0018788 seconds
plan limit 978
current timestep 571
num of flexible agents: 170
num of flexible tasks: 420
Solving time: 0.0017826 seconds
plan limit 978
current timestep 572
num of flexible agents: 169
num of flexible tasks: 419
Solving time: 0.0019762 seconds
plan limit 978
current timestep 573
num of flexible agents: 171
num of flexible tasks: 421
Solving time: 0.0019696 seconds
plan limit 978
current timestep 574
num of flexible agents: 168
num of flexible tasks: 418
Solving time: 0.0017013 seconds
plan limit 978
current timestep 575
num of flexible agents: 173
num of flexible tasks: 423
Solving time: 0.0018323 seconds
plan limit 978
current timestep 576
num of flexible agents: 174
num of flexible tasks: 424
Solving time: 0.0018188 seconds
plan limit 978
current timestep 577
num of flexible agents: 179
num of flexible tasks: 429
Solving time: 0.0018873 seconds
plan limit 978
current timestep 578
num of flexible agents: 178
num of flexible tasks: 428
Solving time: 0.0017203 seconds
plan limit 978
current timestep 579
num of flexible agents: 179
num of flexible tasks: 429
Solving time: 0.0017352 seconds
plan limit 978
current timestep 580
num of flexible agents: 181
num of flexible tasks: 431
Solving time: 0.0019041 seconds
plan limit 978
current timestep 581
num of flexible agents: 183
num of flexible tasks: 433
Solving time: 0.0017263 seconds
plan limit 978
current timestep 582
num of flexible agents: 182
num of flexible tasks: 432
Solving time: 0.0017807 seconds
plan limit 978
current timestep 583
num of flexible agents: 183
num of flexible tasks: 433
Solving time: 0.00167 seconds
plan limit 978
current timestep 584
num of flexible agents: 190
num of flexible tasks: 440
Solving time: 0.0016311 seconds
plan limit 978
current timestep 585
num of flexible agents: 193
num of flexible tasks: 443
Solving time: 0.0016985 seconds
plan limit 978
current timestep 586
num of flexible agents: 200
num of flexible tasks: 450
Solving time: 0.0017103 seconds
plan limit 978
current timestep 587
num of flexible agents: 199
num of flexible tasks: 449
Solving time: 0.0018338 seconds
plan limit 978
current timestep 588
num of flexible agents: 201
num of flexible tasks: 451
Solving time: 0.0017973 seconds
plan limit 978
current timestep 589
num of flexible agents: 194
num of flexible tasks: 444
Solving time: 0.0017963 seconds
plan limit 978
current timestep 590
num of flexible agents: 190
num of flexible tasks: 440
Solving time: 0.0018616 seconds
plan limit 978
current timestep 591
num of flexible agents: 184
num of flexible tasks: 434
Solving time: 0.0019068 seconds
plan limit 978
current timestep 592
num of flexible agents: 183
num of flexible tasks: 433
Solving time: 0.001825 seconds
plan limit 978
current timestep 593
num of flexible agents: 183
num of flexible tasks: 433
Solving time: 0.0018897 seconds
plan limit 978
current timestep 594
num of flexible agents: 183
num of flexible tasks: 433
Solving time: 0.0019201 seconds
plan limit 978
current timestep 595
num of flexible agents: 180
num of flexible tasks: 430
Solving time: 0.0018087 seconds
plan limit 978
current timestep 596
num of flexible agents: 183
num of flexible tasks: 433
Solving time: 0.0019851 seconds
plan limit 978
current timestep 597
num of flexible agents: 184
num of flexible tasks: 434
Solving time: 0.0020877 seconds
plan limit 978
current timestep 598
num of flexible agents: 190
num of flexible tasks: 440
Solving time: 0.0018701 seconds
plan limit 978
current timestep 599
num of flexible agents: 192
num of flexible tasks: 442
Solving time: 0.0018457 seconds
plan limit 978
current timestep 600
num of flexible agents: 198
num of flexible tasks: 448
Solving time: 0.0019749 seconds
plan limit 978
current timestep 601
num of flexible agents: 205
num of flexible tasks: 455
Solving time: 0.0019124 seconds
plan limit 978
current timestep 602
num of flexible agents: 214
num of flexible tasks: 464
Solving time: 0.002491 seconds
plan limit 977
current timestep 603
num of flexible agents: 216
num of flexible tasks: 466
Solving time: 0.001965 seconds
plan limit 978
current timestep 604
num of flexible agents: 216
num of flexible tasks: 466
Solving time: 0.0019533 seconds
plan limit 978
current timestep 605
num of flexible agents: 218
num of flexible tasks: 468
Solving time: 0.0021843 seconds
plan limit 978
current timestep 606
num of flexible agents: 213
num of flexible tasks: 463
Solving time: 0.0019136 seconds
plan limit 978
current timestep 607
num of flexible agents: 217
num of flexible tasks: 467
Solving time: 0.0020935 seconds
plan limit 978
current timestep 608
num of flexible agents: 216
num of flexible tasks: 466
Solving time: 0.0022424 seconds
plan limit 978
current timestep 609
num of flexible agents: 216
num of flexible tasks: 466
Solving time: 0.001966 seconds
plan limit 978
current timestep 610
num of flexible agents: 211
num of flexible tasks: 461
Solving time: 0.0020846 seconds
plan limit 978
current timestep 611
num of flexible agents: 208
num of flexible tasks: 458
Solving time: 0.0018532 seconds
plan limit 978
current timestep 612
num of flexible agents: 208
num of flexible tasks: 458
Solving time: 0.0019092 seconds
plan limit 978
current timestep 613
num of flexible agents: 208
num of flexible tasks: 458
Solving time: 0.0019331 seconds
plan limit 978
current timestep 614
num of flexible agents: 211
num of flexible tasks: 461
Solving time: 0.0020038 seconds
plan limit 978
current timestep 615
num of flexible agents: 208
num of flexible tasks: 458
Solving time: 0.0029352 seconds
plan limit 977
current timestep 616
num of flexible agents: 213
num of flexible tasks: 463
Solving time: 0.0019736 seconds
plan limit 978
current timestep 617
num of flexible agents: 212
num of flexible tasks: 462
Solving time: 0.0019448 seconds
plan limit 978
current timestep 618
num of flexible agents: 218
num of flexible tasks: 468
Solving time: 0.0020249 seconds
plan limit 978
current timestep 619
num of flexible agents: 220
num of flexible tasks: 470
Solving time: 0.0019147 seconds
plan limit 978
current timestep 620
num of flexible agents: 220
num of flexible tasks: 470
Solving time: 0.0019273 seconds
plan limit 978
current timestep 621
num of flexible agents: 221
num of flexible tasks: 471
Solving time: 0.0018445 seconds
plan limit 978
current timestep 622
num of flexible agents: 218
num of flexible tasks: 468
Solving time: 0.0019493 seconds
plan limit 978
current timestep 623
num of flexible agents: 219
num of flexible tasks: 469
Solving time: 0.0019757 seconds
plan limit 978
current timestep 624
num of flexible agents: 222
num of flexible tasks: 472
Solving time: 0.0019585 seconds
plan limit 978
current timestep 625
num of flexible agents: 225
num of flexible tasks: 475
Solving time: 0.0019779 seconds
plan limit 978
current timestep 626
num of flexible agents: 228
num of flexible tasks: 478
Solving time: 0.002124 seconds
plan limit 978
current timestep 627
num of flexible agents: 223
num of flexible tasks: 473
Solving time: 0.0020306 seconds
plan limit 978
current timestep 628
num of flexible agents: 226
num of flexible tasks: 476
Solving time: 0.0019491 seconds
plan limit 978
current timestep 629
num of flexible agents: 225
num of flexible tasks: 475
Solving time: 0.0018814 seconds
plan limit 978
current timestep 630
num of flexible agents: 230
num of flexible tasks: 480
Solving time: 0.0020083 seconds
plan limit 978
current timestep 631
num of flexible agents: 228
num of flexible tasks: 478
Solving time: 0.0020832 seconds
plan limit 978
current timestep 632
num of flexible agents: 232
num of flexible tasks: 482
Solving time: 0.0019909 seconds
plan limit 978
current timestep 633
num of flexible agents: 228
num of flexible tasks: 478
Solving time: 0.0018894 seconds
plan limit 978
current timestep 634
num of flexible agents: 224
num of flexible tasks: 474
Solving time: 0.0019243 seconds
plan limit 978
current timestep 635
num of flexible agents: 221
num of flexible tasks: 471
Solving time: 0.001943 seconds
plan limit 978
current timestep 636
num of flexible agents: 221
num of flexible tasks: 471
Solving time: 0.0018739 seconds
plan limit 978
current timestep 637
num of flexible agents: 220
num of flexible tasks: 470
Solving time: 0.0020961 seconds
plan limit 978
current timestep 638
num of flexible agents: 224
num of flexible tasks: 474
Solving time: 0.0020468 seconds
plan limit 978
current timestep 639
num of flexible agents: 220
num of flexible tasks: 470
Solving time: 0.0020003 seconds
plan limit 978
current timestep 640
num of flexible agents: 218
num of flexible tasks: 468
Solving time: 0.0020266 seconds
plan limit 978
current timestep 641
num of flexible agents: 220
num of flexible tasks: 470
Solving time: 0.0019997 seconds
plan limit 978
current timestep 642
num of flexible agents: 219
num of flexible tasks: 469
Solving time: 0.0022402 seconds
plan limit 978
current timestep 643
num of flexible agents: 225
num of flexible tasks: 475
Solving time: 0.0021889 seconds
plan limit 978
current timestep 644
num of flexible agents: 221
num of flexible tasks: 471
Solving time: 0.0021173 seconds
plan limit 978
current timestep 645
num of flexible agents: 215
num of flexible tasks: 465
Solving time: 0.0019779 seconds
plan limit 978
current timestep 646
num of flexible agents: 214
num of flexible tasks: 464
Solving time: 0.0019093 seconds
plan limit 978
current timestep 647
num of flexible agents: 215
num of flexible tasks: 465
Solving time: 0.001804 seconds
plan limit 978
current timestep 648
num of flexible agents: 216
num of flexible tasks: 466
Solving time: 0.0018867 seconds
plan limit 978
current timestep 649
num of flexible agents: 217
num of flexible tasks: 467
Solving time: 0.0019002 seconds
plan limit 978
current timestep 650
num of flexible agents: 214
num of flexible tasks: 464
Solving time: 0.0019239 seconds
plan limit 978
current timestep 651
num of flexible agents: 212
num of flexible tasks: 462
Solving time: 0.0021039 seconds
plan limit 978
current timestep 652
num of flexible agents: 210
num of flexible tasks: 460
Solving time: 0.0019259 seconds
plan limit 978
current timestep 653
num of flexible agents: 213
num of flexible tasks: 463
Solving time: 0.0018472 seconds
plan limit 978
current timestep 654
num of flexible agents: 213
num of flexible tasks: 463
Solving time: 0.0018757 seconds
plan limit 978
current timestep 655
num of flexible agents: 216
num of flexible tasks: 466
Solving time: 0.0018057 seconds
plan limit 978
current timestep 656
num of flexible agents: 215
num of flexible tasks: 465
Solving time: 0.0017746 seconds
plan limit 978
current timestep 657
num of flexible agents: 213
num of flexible tasks: 463
Solving time: 0.0018853 seconds
plan limit 978
current timestep 658
num of flexible agents: 208
num of flexible tasks: 458
Solving time: 0.0018348 seconds
plan limit 978
current timestep 659
num of flexible agents: 207
num of flexible tasks: 457
Solving time: 0.0017887 seconds
plan limit 978
current timestep 660
num of flexible agents: 211
num of flexible tasks: 461
Solving time: 0.0017633 seconds
plan limit 978
current timestep 661
num of flexible agents: 212
num of flexible tasks: 462
Solving time: 0.001738 seconds
plan limit 978
current timestep 662
num of flexible agents: 211
num of flexible tasks: 461
Solving time: 0.0019838 seconds
plan limit 978
current timestep 663
num of flexible agents: 214
num of flexible tasks: 464
Solving time: 0.0018381 seconds
plan limit 978
current timestep 664
num of flexible agents: 210
num of flexible tasks: 460
Solving time: 0.0017727 seconds
plan limit 978
current timestep 665
num of flexible agents: 212
num of flexible tasks: 462
Solving time: 0.001979 seconds
plan limit 978
current timestep 666
num of flexible agents: 213
num of flexible tasks: 463
Solving time: 0.0020032 seconds
plan limit 978
current timestep 667
num of flexible agents: 209
num of flexible tasks: 459
Solving time: 0.0019996 seconds
plan limit 978
current timestep 668
num of flexible agents: 211
num of flexible tasks: 461
Solving time: 0.002023 seconds
plan limit 978
current timestep 669
num of flexible agents: 207
num of flexible tasks: 457
Solving time: 0.0019057 seconds
plan limit 978
current timestep 670
num of flexible agents: 206
num of flexible tasks: 456
Solving time: 0.0020072 seconds
plan limit 978
current timestep 671
num of flexible agents: 206
num of flexible tasks: 456
Solving time: 0.0021466 seconds
plan limit 978
current timestep 672
num of flexible agents: 209
num of flexible tasks: 459
Solving time: 0.0019624 seconds
plan limit 978
current timestep 673
num of flexible agents: 208
num of flexible tasks: 458
Solving time: 0.0018921 seconds
plan limit 978
current timestep 674
num of flexible agents: 215
num of flexible tasks: 465
Solving time: 0.0019831 seconds
plan limit 978
current timestep 675
num of flexible agents: 216
num of flexible tasks: 466
Solving time: 0.0021011 seconds
plan limit 978
current timestep 676
num of flexible agents: 215
num of flexible tasks: 465
Solving time: 0.0020281 seconds
plan limit 978
current timestep 677
num of flexible agents: 216
num of flexible tasks: 466
Solving time: 0.001978 seconds
plan limit 978
current timestep 678
num of flexible agents: 212
num of flexible tasks: 462
Solving time: 0.001949 seconds
plan limit 978
current timestep 679
num of flexible agents: 217
num of flexible tasks: 467
Solving time: 0.0018721 seconds
plan limit 978
current timestep 680
num of flexible agents: 216
num of flexible tasks: 466
Solving time: 0.0019837 seconds
plan limit 978
current timestep 681
num of flexible agents: 215
num of flexible tasks: 465
Solving time: 0.0021216 seconds
plan limit 978
current timestep 682
num of flexible agents: 210
num of flexible tasks: 460
Solving time: 0.0018522 seconds
plan limit 978
current timestep 683
num of flexible agents: 210
num of flexible tasks: 460
Solving time: 0.0018827 seconds
plan limit 978
current timestep 684
num of flexible agents: 209
num of flexible tasks: 459
Solving time: 0.0019686 seconds
plan limit 978
current timestep 685
num of flexible agents: 213
num of flexible tasks: 463
Solving time: 0.0019164 seconds
plan limit 978
current timestep 686
num of flexible agents: 213
num of flexible tasks: 463
Solving time: 0.0020768 seconds
plan limit 978
current timestep 687
num of flexible agents: 214
num of flexible tasks: 464
Solving time: 0.0021598 seconds
plan limit 977
current timestep 688
num of flexible agents: 210
num of flexible tasks: 460
Solving time: 0.0021521 seconds
plan limit 978
current timestep 689
num of flexible agents: 211
num of flexible tasks: 461
Solving time: 0.0022248 seconds
plan limit 978
current timestep 690
num of flexible agents: 210
num of flexible tasks: 460
Solving time: 0.0020723 seconds
plan limit 978
current timestep 691
num of flexible agents: 206
num of flexible tasks: 456
Solving time: 0.0018367 seconds
plan limit 978
current timestep 692
num of flexible agents: 203
num of flexible tasks: 453
Solving time: 0.0019775 seconds
plan limit 978
current timestep 693
num of flexible agents: 205
num of flexible tasks: 455
Solving time: 0.0018786 seconds
plan limit 978
current timestep 694
num of flexible agents: 206
num of flexible tasks: 456
Solving time: 0.0018893 seconds
plan limit 978
current timestep 695
num of flexible agents: 208
num of flexible tasks: 458
Solving time: 0.0019367 seconds
plan limit 978
current timestep 696
num of flexible agents: 208
num of flexible tasks: 458
Solving time: 0.0018945 seconds
plan limit 978
current timestep 697
num of flexible agents: 210
num of flexible tasks: 460
Solving time: 0.0018934 seconds
plan limit 978
current timestep 698
num of flexible agents: 205
num of flexible tasks: 455
Solving time: 0.0024803 seconds
plan limit 977
current timestep 699
num of flexible agents: 205
num of flexible tasks: 455
Solving time: 0.0019181 seconds
plan limit 978
current timestep 700
num of flexible agents: 203
num of flexible tasks: 453
Solving time: 0.001944 seconds
plan limit 978
current timestep 701
num of flexible agents: 203
num of flexible tasks: 453
Solving time: 0.0020151 seconds
plan limit 978
current timestep 702
num of flexible agents: 203
num of flexible tasks: 453
Solving time: 0.0019227 seconds
plan limit 978
current timestep 703
num of flexible agents: 208
num of flexible tasks: 458
Solving time: 0.0021382 seconds
plan limit 978
current timestep 704
num of flexible agents: 203
num of flexible tasks: 453
Solving time: 0.002036 seconds
plan limit 978
current timestep 705
num of flexible agents: 200
num of flexible tasks: 450
Solving time: 0.0020219 seconds
plan limit 978
current timestep 706
num of flexible agents: 200
num of flexible tasks: 450
Solving time: 0.0018887 seconds
plan limit 978
current timestep 707
num of flexible agents: 199
num of flexible tasks: 449
Solving time: 0.0018099 seconds
plan limit 978
current timestep 708
num of flexible agents: 196
num of flexible tasks: 446
Solving time: 0.0019888 seconds
plan limit 978
current timestep 709
num of flexible agents: 195
num of flexible tasks: 445
Solving time: 0.0018459 seconds
plan limit 978
current timestep 710
num of flexible agents: 192
num of flexible tasks: 442
Solving time: 0.0018232 seconds
plan limit 978
current timestep 711
num of flexible agents: 188
num of flexible tasks: 438
Solving time: 0.0018855 seconds
plan limit 978
current timestep 712
num of flexible agents: 189
num of flexible tasks: 439
Solving time: 0.001877 seconds
plan limit 978
current timestep 713
num of flexible agents: 191
num of flexible tasks: 441
Solving time: 0.0017522 seconds
plan limit 978
current timestep 714
num of flexible agents: 190
num of flexible tasks: 440
Solving time: 0.0017735 seconds
plan limit 978
current timestep 715
num of flexible agents: 195
num of flexible tasks: 445
Solving time: 0.0019707 seconds
plan limit 978
current timestep 716
num of flexible agents: 199
num of flexible tasks: 449
Solving time: 0.0018929 seconds
plan limit 978
current timestep 717
num of flexible agents: 198
num of flexible tasks: 448
Solving time: 0.0024188 seconds
plan limit 977
current timestep 718
num of flexible agents: 201
num of flexible tasks: 451
Solving time: 0.0018733 seconds
plan limit 978
current timestep 719
num of flexible agents: 200
num of flexible tasks: 450
Solving time: 0.002045 seconds
plan limit 978
current timestep 720
num of flexible agents: 206
num of flexible tasks: 456
Solving time: 0.0019493 seconds
plan limit 978
current timestep 721
num of flexible agents: 207
num of flexible tasks: 457
Solving time: 0.0019097 seconds
plan limit 978
current timestep 722
num of flexible agents: 205
num of flexible tasks: 455
Solving time: 0.0021537 seconds
plan limit 978
current timestep 723
num of flexible agents: 207
num of flexible tasks: 457
Solving time: 0.0019442 seconds
plan limit 978
current timestep 724
num of flexible agents: 207
num of flexible tasks: 457
Solving time: 0.0019287 seconds
plan limit 978
current timestep 725
num of flexible agents: 216
num of flexible tasks: 466
Solving time: 0.0019564 seconds
plan limit 978
current timestep 726
num of flexible agents: 218
num of flexible tasks: 468
Solving time: 0.0019712 seconds
plan limit 978
current timestep 727
num of flexible agents: 215
num of flexible tasks: 465
Solving time: 0.0019973 seconds
plan limit 978
current timestep 728
num of flexible agents: 212
num of flexible tasks: 462
Solving time: 0.0018264 seconds
plan limit 978
current timestep 729
num of flexible agents: 209
num of flexible tasks: 459
Solving time: 0.0018981 seconds
plan limit 978
current timestep 730
num of flexible agents: 215
num of flexible tasks: 465
Solving time: 0.0020464 seconds
plan limit 978
current timestep 731
num of flexible agents: 217
num of flexible tasks: 467
Solving time: 0.0021183 seconds
plan limit 978
current timestep 732
num of flexible agents: 218
num of flexible tasks: 468
Solving time: 0.0019741 seconds
plan limit 978
current timestep 733
num of flexible agents: 217
num of flexible tasks: 467
Solving time: 0.002515 seconds
plan limit 977
current timestep 734
num of flexible agents: 217
num of flexible tasks: 467
Solving time: 0.0062569 seconds
plan limit 972
current timestep 735
num of flexible agents: 215
num of flexible tasks: 465
Solving time: 0.0022014 seconds
plan limit 978
current timestep 736
num of flexible agents: 208
num of flexible tasks: 458
Solving time: 0.0019549 seconds
plan limit 978
current timestep 737
num of flexible agents: 211
num of flexible tasks: 461
Solving time: 0.0019247 seconds
plan limit 978
current timestep 738
num of flexible agents: 211
num of flexible tasks: 461
Solving time: 0.0017448 seconds
plan limit 978
current timestep 739
num of flexible agents: 212
num of flexible tasks: 462
Solving time: 0.0018934 seconds
plan limit 978
current timestep 740
num of flexible agents: 207
num of flexible tasks: 457
Solving time: 0.0019537 seconds
plan limit 978
current timestep 741
num of flexible agents: 207
num of flexible tasks: 457
Solving time: 0.0018557 seconds
plan limit 978
current timestep 742
num of flexible agents: 205
num of flexible tasks: 455
Solving time: 0.0018485 seconds
plan limit 978
current timestep 743
num of flexible agents: 202
num of flexible tasks: 452
Solving time: 0.0017725 seconds
plan limit 978
current timestep 744
num of flexible agents: 204
num of flexible tasks: 454
Solving time: 0.0018436 seconds
plan limit 978
current timestep 745
num of flexible agents: 209
num of flexible tasks: 459
Solving time: 0.0020162 seconds
plan limit 978
current timestep 746
num of flexible agents: 210
num of flexible tasks: 460
Solving time: 0.0019283 seconds
plan limit 978
current timestep 747
num of flexible agents: 209
num of flexible tasks: 459
Solving time: 0.0017927 seconds
plan limit 978
current timestep 748
num of flexible agents: 208
num of flexible tasks: 458
Solving time: 0.0018075 seconds
plan limit 978
current timestep 749
num of flexible agents: 206
num of flexible tasks: 456
Solving time: 0.001834 seconds
plan limit 978
current timestep 750
num of flexible agents: 206
num of flexible tasks: 456
Solving time: 0.0017709 seconds
plan limit 978
current timestep 751
num of flexible agents: 210
num of flexible tasks: 460
Solving time: 0.001946 seconds
plan limit 978
current timestep 752
num of flexible agents: 207
num of flexible tasks: 457
Solving time: 0.0019056 seconds
plan limit 978
current timestep 753
num of flexible agents: 204
num of flexible tasks: 454
Solving time: 0.0019106 seconds
plan limit 978
current timestep 754
num of flexible agents: 203
num of flexible tasks: 453
Solving time: 0.0017988 seconds
plan limit 978
current timestep 755
num of flexible agents: 198
num of flexible tasks: 448
Solving time: 0.0017404 seconds
plan limit 978
current timestep 756
num of flexible agents: 196
num of flexible tasks: 446
Solving time: 0.0016863 seconds
plan limit 978
current timestep 757
num of flexible agents: 190
num of flexible tasks: 440
Solving time: 0.0017559 seconds
plan limit 978
current timestep 758
num of flexible agents: 189
num of flexible tasks: 439
Solving time: 0.0017055 seconds
plan limit 978
current timestep 759
num of flexible agents: 190
num of flexible tasks: 440
Solving time: 0.001759 seconds
plan limit 978
current timestep 760
num of flexible agents: 190
num of flexible tasks: 440
Solving time: 0.0016836 seconds
plan limit 978
current timestep 761
num of flexible agents: 185
num of flexible tasks: 435
Solving time: 0.0018015 seconds
plan limit 978
current timestep 762
num of flexible agents: 185
num of flexible tasks: 435
Solving time: 0.001814 seconds
plan limit 978
current timestep 763
num of flexible agents: 188
num of flexible tasks: 438
Solving time: 0.0018379 seconds
plan limit 978
current timestep 764
num of flexible agents: 187
num of flexible tasks: 437
Solving time: 0.001931 seconds
plan limit 978
current timestep 765
num of flexible agents: 189
num of flexible tasks: 439
Solving time: 0.0018186 seconds
plan limit 978
current timestep 766
num of flexible agents: 189
num of flexible tasks: 439
Solving time: 0.0020227 seconds
plan limit 978
current timestep 767
num of flexible agents: 191
num of flexible tasks: 441
Solving time: 0.0018546 seconds
plan limit 978
current timestep 768
num of flexible agents: 192
num of flexible tasks: 442
Solving time: 0.0018247 seconds
plan limit 978
current timestep 769
num of flexible agents: 194
num of flexible tasks: 444
Solving time: 0.0018572 seconds
plan limit 978
current timestep 770
num of flexible agents: 191
num of flexible tasks: 441
Solving time: 0.0020148 seconds
plan limit 978
current timestep 771
num of flexible agents: 188
num of flexible tasks: 438
Solving time: 0.0018811 seconds
plan limit 978
current timestep 772
num of flexible agents: 187
num of flexible tasks: 437
Solving time: 0.0019549 seconds
plan limit 978
current timestep 773
num of flexible agents: 192
num of flexible tasks: 442
Solving time: 0.0018191 seconds
plan limit 978
current timestep 774
num of flexible agents: 192
num of flexible tasks: 442
Solving time: 0.002025 seconds
plan limit 978
current timestep 775
num of flexible agents: 192
num of flexible tasks: 442
Solving time: 0.0019624 seconds
plan limit 978
current timestep 776
num of flexible agents: 192
num of flexible tasks: 442
Solving time: 0.0017578 seconds
plan limit 978
current timestep 777
num of flexible agents: 197
num of flexible tasks: 447
Solving time: 0.0019338 seconds
plan limit 978
current timestep 778
num of flexible agents: 193
num of flexible tasks: 443
Solving time: 0.0018976 seconds
plan limit 978
current timestep 779
num of flexible agents: 193
num of flexible tasks: 443
Solving time: 0.0019321 seconds
plan limit 978
current timestep 780
num of flexible agents: 192
num of flexible tasks: 442
Solving time: 0.001901 seconds
plan limit 978
current timestep 781
num of flexible agents: 193
num of flexible tasks: 443
Solving time: 0.0018466 seconds
plan limit 978
current timestep 782
num of flexible agents: 193
num of flexible tasks: 443
Solving time: 0.0017918 seconds
plan limit 978
current timestep 783
num of flexible agents: 191
num of flexible tasks: 441
Solving time: 0.0019601 seconds
plan limit 978
current timestep 784
num of flexible agents: 193
num of flexible tasks: 443
Solving time: 0.0017451 seconds
plan limit 978
current timestep 785
num of flexible agents: 188
num of flexible tasks: 438
Solving time: 0.0018138 seconds
plan limit 978
current timestep 786
num of flexible agents: 188
num of flexible tasks: 438
Solving time: 0.0018506 seconds
plan limit 978
current timestep 787
num of flexible agents: 188
num of flexible tasks: 438
Solving time: 0.0018656 seconds
plan limit 978
current timestep 788
num of flexible agents: 192
num of flexible tasks: 442
Solving time: 0.0018537 seconds
plan limit 978
current timestep 789
num of flexible agents: 197
num of flexible tasks: 447
Solving time: 0.0020001 seconds
plan limit 978
current timestep 790
num of flexible agents: 195
num of flexible tasks: 445
Solving time: 0.0027694 seconds
plan limit 977
current timestep 791
num of flexible agents: 194
num of flexible tasks: 444
Solving time: 0.0020094 seconds
plan limit 978
current timestep 792
num of flexible agents: 195
num of flexible tasks: 445
Solving time: 0.002047 seconds
plan limit 978
current timestep 793
num of flexible agents: 199
num of flexible tasks: 449
Solving time: 0.002218 seconds
plan limit 977
current timestep 794
num of flexible agents: 206
num of flexible tasks: 456
Solving time: 0.0019092 seconds
plan limit 978
current timestep 795
num of flexible agents: 211
num of flexible tasks: 461
Solving time: 0.0020891 seconds
plan limit 978
current timestep 796
num of flexible agents: 206
num of flexible tasks: 456
Solving time: 0.0019137 seconds
plan limit 978
current timestep 797
num of flexible agents: 205
num of flexible tasks: 455
Solving time: 0.0017851 seconds
plan limit 978
current timestep 798
num of flexible agents: 204
num of flexible tasks: 454
Solving time: 0.0018251 seconds
plan limit 978
current timestep 799
num of flexible agents: 203
num of flexible tasks: 453
Solving time: 0.0018094 seconds
plan limit 978
current timestep 800
num of flexible agents: 201
num of flexible tasks: 451
Solving time: 0.0019007 seconds
plan limit 978
current timestep 801
num of flexible agents: 205
num of flexible tasks: 455
Solving time: 0.0018043 seconds
plan limit 978
current timestep 802
num of flexible agents: 200
num of flexible tasks: 450
Solving time: 0.0018991 seconds
plan limit 978
current timestep 803
num of flexible agents: 199
num of flexible tasks: 449
Solving time: 0.0021382 seconds
plan limit 978
current timestep 804
num of flexible agents: 197
num of flexible tasks: 447
Solving time: 0.0018203 seconds
plan limit 978
current timestep 805
num of flexible agents: 198
num of flexible tasks: 448
Solving time: 0.0018616 seconds
plan limit 978
current timestep 806
num of flexible agents: 201
num of flexible tasks: 451
Solving time: 0.0020593 seconds
plan limit 978
current timestep 807
num of flexible agents: 201
num of flexible tasks: 451
Solving time: 0.0018833 seconds
plan limit 978
current timestep 808
num of flexible agents: 200
num of flexible tasks: 450
Solving time: 0.0019083 seconds
plan limit 978
current timestep 809
num of flexible agents: 198
num of flexible tasks: 448
Solving time: 0.0019623 seconds
plan limit 978
current timestep 810
num of flexible agents: 197
num of flexible tasks: 447
Solving time: 0.0019545 seconds
plan limit 978
current timestep 811
num of flexible agents: 197
num of flexible tasks: 447
Solving time: 0.0020051 seconds
plan limit 978
current timestep 812
num of flexible agents: 201
num of flexible tasks: 451
Solving time: 0.0020172 seconds
plan limit 978
current timestep 813
num of flexible agents: 203
num of flexible tasks: 453
Solving time: 0.0018496 seconds
plan limit 978
current timestep 814
num of flexible agents: 199
num of flexible tasks: 449
Solving time: 0.0017528 seconds
plan limit 978
current timestep 815
num of flexible agents: 199
num of flexible tasks: 449
Solving time: 0.0019047 seconds
plan limit 978
current timestep 816
num of flexible agents: 197
num of flexible tasks: 447
Solving time: 0.0018397 seconds
plan limit 978
current timestep 817
num of flexible agents: 197
num of flexible tasks: 447
Solving time: 0.0017674 seconds
plan limit 978
current timestep 818
num of flexible agents: 196
num of flexible tasks: 446
Solving time: 0.0017045 seconds
plan limit 978
current timestep 819
num of flexible agents: 192
num of flexible tasks: 442
Solving time: 0.0018183 seconds
plan limit 978
current timestep 820
num of flexible agents: 195
num of flexible tasks: 445
Solving time: 0.0017782 seconds
plan limit 978
current timestep 821
num of flexible agents: 194
num of flexible tasks: 444
Solving time: 0.0018541 seconds
plan limit 978
current timestep 822
num of flexible agents: 193
num of flexible tasks: 443
Solving time: 0.0018223 seconds
plan limit 978
current timestep 823
num of flexible agents: 189
num of flexible tasks: 439
Solving time: 0.0021549 seconds
plan limit 978
current timestep 824
num of flexible agents: 189
num of flexible tasks: 439
Solving time: 0.0018031 seconds
plan limit 978
current timestep 825
num of flexible agents: 189
num of flexible tasks: 439
Solving time: 0.0018598 seconds
plan limit 978
current timestep 826
num of flexible agents: 193
num of flexible tasks: 443
Solving time: 0.00193 seconds
plan limit 978
current timestep 827
num of flexible agents: 191
num of flexible tasks: 441
Solving time: 0.0020124 seconds
plan limit 978
current timestep 828
num of flexible agents: 193
num of flexible tasks: 443
Solving time: 0.0018562 seconds
plan limit 978
current timestep 829
num of flexible agents: 195
num of flexible tasks: 445
Solving time: 0.0017977 seconds
plan limit 978
current timestep 830
num of flexible agents: 193
num of flexible tasks: 443
Solving time: 0.0018813 seconds
plan limit 978
current timestep 831
num of flexible agents: 192
num of flexible tasks: 442
Solving time: 0.0018389 seconds
plan limit 978
current timestep 832
num of flexible agents: 192
num of flexible tasks: 442
Solving time: 0.0019186 seconds
plan limit 978
current timestep 833
num of flexible agents: 202
num of flexible tasks: 452
Solving time: 0.0018413 seconds
plan limit 978
current timestep 834
num of flexible agents: 200
num of flexible tasks: 450
Solving time: 0.0018135 seconds
plan limit 978
current timestep 835
num of flexible agents: 199
num of flexible tasks: 449
Solving time: 0.0017118 seconds
plan limit 978
current timestep 836
num of flexible agents: 197
num of flexible tasks: 447
Solving time: 0.0018907 seconds
plan limit 978
current timestep 837
num of flexible agents: 198
num of flexible tasks: 448
Solving time: 0.0017961 seconds
plan limit 978
current timestep 838
num of flexible agents: 198
num of flexible tasks: 448
Solving time: 0.001934 seconds
plan limit 978
current timestep 839
num of flexible agents: 201
num of flexible tasks: 451
Solving time: 0.0019398 seconds
plan limit 978
current timestep 840
num of flexible agents: 199
num of flexible tasks: 449
Solving time: 0.0016613 seconds
plan limit 978
current timestep 841
num of flexible agents: 200
num of flexible tasks: 450
Solving time: 0.0018474 seconds
plan limit 978
current timestep 842
num of flexible agents: 200
num of flexible tasks: 450
Solving time: 0.0018062 seconds
plan limit 978
current timestep 843
num of flexible agents: 202
num of flexible tasks: 452
Solving time: 0.0019027 seconds
plan limit 978
current timestep 844
num of flexible agents: 203
num of flexible tasks: 453
Solving time: 0.0019267 seconds
plan limit 978
current timestep 845
num of flexible agents: 203
num of flexible tasks: 453
Solving time: 0.001776 seconds
plan limit 978
current timestep 846
num of flexible agents: 199
num of flexible tasks: 449
Solving time: 0.0018293 seconds
plan limit 978
current timestep 847
num of flexible agents: 200
num of flexible tasks: 450
Solving time: 0.0019169 seconds
plan limit 978
current timestep 848
num of flexible agents: 196
num of flexible tasks: 446
Solving time: 0.0020639 seconds
plan limit 978
current timestep 849
num of flexible agents: 197
num of flexible tasks: 447
Solving time: 0.0017871 seconds
plan limit 978
current timestep 850
num of flexible agents: 202
num of flexible tasks: 452
Solving time: 0.0018661 seconds
plan limit 978
current timestep 851
num of flexible agents: 204
num of flexible tasks: 454
Solving time: 0.0018753 seconds
plan limit 978
current timestep 852
num of flexible agents: 197
num of flexible tasks: 447
Solving time: 0.0020333 seconds
plan limit 978
current timestep 853
num of flexible agents: 197
num of flexible tasks: 447
Solving time: 0.0017772 seconds
plan limit 978
current timestep 854
num of flexible agents: 193
num of flexible tasks: 443
Solving time: 0.001732 seconds
plan limit 978
current timestep 855
num of flexible agents: 193
num of flexible tasks: 443
Solving time: 0.0016867 seconds
plan limit 978
current timestep 856
num of flexible agents: 197
num of flexible tasks: 447
Solving time: 0.0018603 seconds
plan limit 978
current timestep 857
num of flexible agents: 194
num of flexible tasks: 444
Solving time: 0.002603 seconds
plan limit 977
current timestep 858
num of flexible agents: 193
num of flexible tasks: 443
Solving time: 0.0017597 seconds
plan limit 978
current timestep 859
num of flexible agents: 193
num of flexible tasks: 443
Solving time: 0.0016643 seconds
plan limit 978
current timestep 860
num of flexible agents: 194
num of flexible tasks: 444
Solving time: 0.0017488 seconds
plan limit 978
current timestep 861
num of flexible agents: 198
num of flexible tasks: 448
Solving time: 0.0017188 seconds
plan limit 978
current timestep 862
num of flexible agents: 197
num of flexible tasks: 447
Solving time: 0.0020013 seconds
plan limit 978
current timestep 863
num of flexible agents: 195
num of flexible tasks: 445
Solving time: 0.0017541 seconds
plan limit 978
current timestep 864
num of flexible agents: 192
num of flexible tasks: 442
Solving time: 0.0017223 seconds
plan limit 978
current timestep 865
num of flexible agents: 186
num of flexible tasks: 436
Solving time: 0.00163 seconds
plan limit 978
current timestep 866
num of flexible agents: 185
num of flexible tasks: 435
Solving time: 0.0018181 seconds
plan limit 978
current timestep 867
num of flexible agents: 184
num of flexible tasks: 434
Solving time: 0.0017601 seconds
plan limit 978
current timestep 868
num of flexible agents: 187
num of flexible tasks: 437
Solving time: 0.0018336 seconds
plan limit 978
current timestep 869
num of flexible agents: 189
num of flexible tasks: 439
Solving time: 0.0037214 seconds
plan limit 975
current timestep 870
num of flexible agents: 184
num of flexible tasks: 434
Solving time: 0.0017794 seconds
plan limit 978
current timestep 871
num of flexible agents: 181
num of flexible tasks: 431
Solving time: 0.001797 seconds
plan limit 978
current timestep 872
num of flexible agents: 183
num of flexible tasks: 433
Solving time: 0.0018074 seconds
plan limit 978
current timestep 873
num of flexible agents: 187
num of flexible tasks: 437
Solving time: 0.001917 seconds
plan limit 978
current timestep 874
num of flexible agents: 192
num of flexible tasks: 442
Solving time: 0.0018607 seconds
plan limit 978
current timestep 875
num of flexible agents: 194
num of flexible tasks: 444
Solving time: 0.0017348 seconds
plan limit 978
current timestep 876
num of flexible agents: 201
num of flexible tasks: 451
Solving time: 0.0017382 seconds
plan limit 978
current timestep 877
num of flexible agents: 197
num of flexible tasks: 447
Solving time: 0.0018982 seconds
plan limit 978
current timestep 878
num of flexible agents: 195
num of flexible tasks: 445
Solving time: 0.0020227 seconds
plan limit 978
current timestep 879
num of flexible agents: 199
num of flexible tasks: 449
Solving time: 0.0016923 seconds
plan limit 978
current timestep 880
num of flexible agents: 199
num of flexible tasks: 449
Solving time: 0.0018429 seconds
plan limit 978
current timestep 881
num of flexible agents: 197
num of flexible tasks: 447
Solving time: 0.0017624 seconds
plan limit 978
current timestep 882
num of flexible agents: 194
num of flexible tasks: 444
Solving time: 0.0018322 seconds
plan limit 978
current timestep 883
num of flexible agents: 196
num of flexible tasks: 446
Solving time: 0.0018137 seconds
plan limit 978
current timestep 884
num of flexible agents: 197
num of flexible tasks: 447
Solving time: 0.001803 seconds
plan limit 978
current timestep 885
num of flexible agents: 200
num of flexible tasks: 450
Solving time: 0.0017821 seconds
plan limit 978
current timestep 886
num of flexible agents: 202
num of flexible tasks: 452
Solving time: 0.0017772 seconds
plan limit 978
current timestep 887
num of flexible agents: 199
num of flexible tasks: 449
Solving time: 0.001796 seconds
plan limit 978
current timestep 888
num of flexible agents: 194
num of flexible tasks: 444
Solving time: 0.0017609 seconds
plan limit 978
current timestep 889
num of flexible agents: 199
num of flexible tasks: 449
Solving time: 0.0019007 seconds
plan limit 978
current timestep 890
num of flexible agents: 200
num of flexible tasks: 450
Solving time: 0.0019318 seconds
plan limit 978
current timestep 891
num of flexible agents: 206
num of flexible tasks: 456
Solving time: 0.0019112 seconds
plan limit 978
current timestep 892
num of flexible agents: 210
num of flexible tasks: 460
Solving time: 0.0018874 seconds
plan limit 978
current timestep 893
num of flexible agents: 211
num of flexible tasks: 461
Solving time: 0.0018733 seconds
plan limit 978
current timestep 894
num of flexible agents: 216
num of flexible tasks: 466
Solving time: 0.0021413 seconds
plan limit 978
current timestep 895
num of flexible agents: 221
num of flexible tasks: 471
Solving time: 0.0027658 seconds
plan limit 977
current timestep 896
num of flexible agents: 224
num of flexible tasks: 474
Solving time: 0.0022462 seconds
plan limit 978
current timestep 897
num of flexible agents: 222
num of flexible tasks: 472
Solving time: 0.0021212 seconds
plan limit 978
current timestep 898
num of flexible agents: 227
num of flexible tasks: 477
Solving time: 0.0020082 seconds
plan limit 978
current timestep 899
num of flexible agents: 225
num of flexible tasks: 475
Solving time: 0.0019106 seconds
plan limit 978
current timestep 900
num of flexible agents: 224
num of flexible tasks: 474
Solving time: 0.0022808 seconds
plan limit 978
current timestep 901
num of flexible agents: 217
num of flexible tasks: 467
Solving time: 0.0019668 seconds
plan limit 978
current timestep 902
num of flexible agents: 220
num of flexible tasks: 470
Solving time: 0.0020564 seconds
plan limit 978
current timestep 903
num of flexible agents: 222
num of flexible tasks: 472
Solving time: 0.0019252 seconds
plan limit 978
current timestep 904
num of flexible agents: 226
num of flexible tasks: 476
Solving time: 0.0018534 seconds
plan limit 978
current timestep 905
num of flexible agents: 222
num of flexible tasks: 472
Solving time: 0.0019103 seconds
plan limit 978
current timestep 906
num of flexible agents: 219
num of flexible tasks: 469
Solving time: 0.0018684 seconds
plan limit 978
current timestep 907
num of flexible agents: 216
num of flexible tasks: 466
Solving time: 0.0019971 seconds
plan limit 978
current timestep 908
num of flexible agents: 210
num of flexible tasks: 460
Solving time: 0.0019106 seconds
plan limit 978
current timestep 909
num of flexible agents: 211
num of flexible tasks: 461
Solving time: 0.0018974 seconds
plan limit 978
current timestep 910
num of flexible agents: 211
num of flexible tasks: 461
Solving time: 0.0020167 seconds
plan limit 978
current timestep 911
num of flexible agents: 209
num of flexible tasks: 459
Solving time: 0.0018263 seconds
plan limit 978
current timestep 912
num of flexible agents: 201
num of flexible tasks: 451
Solving time: 0.0019435 seconds
plan limit 978
current timestep 913
num of flexible agents: 199
num of flexible tasks: 449
Solving time: 0.0020103 seconds
plan limit 978
current timestep 914
num of flexible agents: 199
num of flexible tasks: 449
Solving time: 0.0018629 seconds
plan limit 978
current timestep 915
num of flexible agents: 202
num of flexible tasks: 452
Solving time: 0.0019326 seconds
plan limit 978
current timestep 916
num of flexible agents: 203
num of flexible tasks: 453
Solving time: 0.0018162 seconds
plan limit 978
current timestep 917
num of flexible agents: 203
num of flexible tasks: 453
Solving time: 0.0018758 seconds
plan limit 978
current timestep 918
num of flexible agents: 205
num of flexible tasks: 455
Solving time: 0.0019455 seconds
plan limit 978
current timestep 919
num of flexible agents: 205
num of flexible tasks: 455
Solving time: 0.0019162 seconds
plan limit 978
current timestep 920
num of flexible agents: 205
num of flexible tasks: 455
Solving time: 0.0019159 seconds
plan limit 978
current timestep 921
num of flexible agents: 202
num of flexible tasks: 452
Solving time: 0.001907 seconds
plan limit 978
current timestep 922
num of flexible agents: 201
num of flexible tasks: 451
Solving time: 0.0019485 seconds
plan limit 978
current timestep 923
num of flexible agents: 204
num of flexible tasks: 454
Solving time: 0.0019485 seconds
plan limit 978
current timestep 924
num of flexible agents: 199
num of flexible tasks: 449
Solving time: 0.0023887 seconds
plan limit 977
current timestep 925
num of flexible agents: 197
num of flexible tasks: 447
Solving time: 0.0017807 seconds
plan limit 978
current timestep 926
num of flexible agents: 196
num of flexible tasks: 446
Solving time: 0.0020124 seconds
plan limit 978
current timestep 927
num of flexible agents: 193
num of flexible tasks: 443
Solving time: 0.0019473 seconds
plan limit 978
current timestep 928
num of flexible agents: 195
num of flexible tasks: 445
Solving time: 0.0019107 seconds
plan limit 978
current timestep 929
num of flexible agents: 192
num of flexible tasks: 442
Solving time: 0.0018657 seconds
plan limit 978
current timestep 930
num of flexible agents: 195
num of flexible tasks: 445
Solving time: 0.001874 seconds
plan limit 978
current timestep 931
num of flexible agents: 196
num of flexible tasks: 446
Solving time: 0.0019097 seconds
plan limit 978
current timestep 932
num of flexible agents: 201
num of flexible tasks: 451
Solving time: 0.0018845 seconds
plan limit 978
current timestep 933
num of flexible agents: 203
num of flexible tasks: 453
Solving time: 0.0018336 seconds
plan limit 978
current timestep 934
num of flexible agents: 199
num of flexible tasks: 449
Solving time: 0.0022236 seconds
plan limit 978
current timestep 935
num of flexible agents: 201
num of flexible tasks: 451
Solving time: 0.0020771 seconds
plan limit 978
current timestep 936
num of flexible agents: 197
num of flexible tasks: 447
Solving time: 0.0023093 seconds
plan limit 977
current timestep 937
num of flexible agents: 198
num of flexible tasks: 448
Solving time: 0.0019703 seconds
plan limit 978
current timestep 938
num of flexible agents: 194
num of flexible tasks: 444
Solving time: 0.0020024 seconds
plan limit 978
current timestep 939
num of flexible agents: 192
num of flexible tasks: 442
Solving time: 0.0021657 seconds
plan limit 978
current timestep 940
num of flexible agents: 192
num of flexible tasks: 442
Solving time: 0.001949 seconds
plan limit 978
current timestep 941
num of flexible agents: 193
num of flexible tasks: 443
Solving time: 0.00184 seconds
plan limit 978
current timestep 942
num of flexible agents: 192
num of flexible tasks: 442
Solving time: 0.0020914 seconds
plan limit 978
current timestep 943
num of flexible agents: 191
num of flexible tasks: 441
Solving time: 0.0018998 seconds
plan limit 978
current timestep 944
num of flexible agents: 195
num of flexible tasks: 445
Solving time: 0.0019339 seconds
plan limit 978
current timestep 945
num of flexible agents: 199
num of flexible tasks: 449
Solving time: 0.0018453 seconds
plan limit 978
current timestep 946
num of flexible agents: 202
num of flexible tasks: 452
Solving time: 0.0019057 seconds
plan limit 978
current timestep 947
num of flexible agents: 197
num of flexible tasks: 447
Solving time: 0.0018666 seconds
plan limit 978
current timestep 948
num of flexible agents: 198
num of flexible tasks: 448
Solving time: 0.0018268 seconds
plan limit 978
current timestep 949
num of flexible agents: 201
num of flexible tasks: 451
Solving time: 0.0019284 seconds
plan limit 978
current timestep 950
num of flexible agents: 204
num of flexible tasks: 454
Solving time: 0.0019539 seconds
plan limit 978
current timestep 951
num of flexible agents: 208
num of flexible tasks: 458
Solving time: 0.0019789 seconds
plan limit 978
current timestep 952
num of flexible agents: 207
num of flexible tasks: 457
Solving time: 0.0019001 seconds
plan limit 978
current timestep 953
num of flexible agents: 203
num of flexible tasks: 453
Solving time: 0.0018896 seconds
plan limit 978
current timestep 954
num of flexible agents: 204
num of flexible tasks: 454
Solving time: 0.0018085 seconds
plan limit 978
current timestep 955
num of flexible agents: 204
num of flexible tasks: 454
Solving time: 0.0019076 seconds
plan limit 978
current timestep 956
num of flexible agents: 206
num of flexible tasks: 456
Solving time: 0.0018492 seconds
plan limit 978
current timestep 957
num of flexible agents: 208
num of flexible tasks: 458
Solving time: 0.0018697 seconds
plan limit 978
current timestep 958
num of flexible agents: 209
num of flexible tasks: 459
Solving time: 0.0021 seconds
plan limit 978
current timestep 959
num of flexible agents: 210
num of flexible tasks: 460
Solving time: 0.0019192 seconds
plan limit 978
current timestep 960
num of flexible agents: 210
num of flexible tasks: 460
Solving time: 0.0021896 seconds
plan limit 978
current timestep 961
num of flexible agents: 212
num of flexible tasks: 462
Solving time: 0.0019787 seconds
plan limit 978
current timestep 962
num of flexible agents: 217
num of flexible tasks: 467
Solving time: 0.0020158 seconds
plan limit 978
current timestep 963
num of flexible agents: 217
num of flexible tasks: 467
Solving time: 0.0019898 seconds
plan limit 978
current timestep 964
num of flexible agents: 218
num of flexible tasks: 468
Solving time: 0.0019725 seconds
plan limit 978
current timestep 965
num of flexible agents: 219
num of flexible tasks: 469
Solving time: 0.0019049 seconds
plan limit 978
current timestep 966
num of flexible agents: 223
num of flexible tasks: 473
Solving time: 0.0020349 seconds
plan limit 978
current timestep 967
num of flexible agents: 219
num of flexible tasks: 469
Solving time: 0.0020962 seconds
plan limit 978
current timestep 968
num of flexible agents: 217
num of flexible tasks: 467
Solving time: 0.0019296 seconds
plan limit 978
current timestep 969
num of flexible agents: 217
num of flexible tasks: 467
Solving time: 0.002017 seconds
plan limit 978
current timestep 970
num of flexible agents: 220
num of flexible tasks: 470
Solving time: 0.001989 seconds
plan limit 978
current timestep 971
num of flexible agents: 217
num of flexible tasks: 467
Solving time: 0.0020328 seconds
plan limit 978
current timestep 972
num of flexible agents: 218
num of flexible tasks: 468
Solving time: 0.0020521 seconds
plan limit 978
current timestep 973
num of flexible agents: 218
num of flexible tasks: 468
Solving time: 0.0020628 seconds
plan limit 978
current timestep 974
num of flexible agents: 221
num of flexible tasks: 471
Solving time: 0.0020934 seconds
plan limit 978
current timestep 975
num of flexible agents: 222
num of flexible tasks: 472
Solving time: 0.0019952 seconds
plan limit 978
current timestep 976
num of flexible agents: 226
num of flexible tasks: 476
Solving time: 0.0027808 seconds
plan limit 977
current timestep 977
num of flexible agents: 225
num of flexible tasks: 475
Solving time: 0.0019148 seconds
plan limit 978
current timestep 978
num of flexible agents: 223
num of flexible tasks: 473
Solving time: 0.0020911 seconds
plan limit 978
current timestep 979
num of flexible agents: 222
num of flexible tasks: 472
Solving time: 0.0019987 seconds
plan limit 978
current timestep 980
num of flexible agents: 223
num of flexible tasks: 473
Solving time: 0.001868 seconds
plan limit 978
current timestep 981
num of flexible agents: 221
num of flexible tasks: 471
Solving time: 0.0020159 seconds
plan limit 978
current timestep 982
num of flexible agents: 220
num of flexible tasks: 470
Solving time: 0.0020402 seconds
plan limit 978
current timestep 983
num of flexible agents: 216
num of flexible tasks: 466
Solving time: 0.002145 seconds
plan limit 978
current timestep 984
num of flexible agents: 215
num of flexible tasks: 465
Solving time: 0.0018203 seconds
plan limit 978
current timestep 985
num of flexible agents: 215
num of flexible tasks: 465
Solving time: 0.0018756 seconds
plan limit 978
current timestep 986
num of flexible agents: 216
num of flexible tasks: 466
Solving time: 0.0020598 seconds
plan limit 978
current timestep 987
num of flexible agents: 217
num of flexible tasks: 467
Solving time: 0.0018794 seconds
plan limit 978
current timestep 988
num of flexible agents: 216
num of flexible tasks: 466
Solving time: 0.0019823 seconds
plan limit 978
current timestep 989
num of flexible agents: 218
num of flexible tasks: 468
Solving time: 0.0019347 seconds
plan limit 978
current timestep 990
num of flexible agents: 215
num of flexible tasks: 465
Solving time: 0.0020994 seconds
plan limit 978
current timestep 991
num of flexible agents: 218
num of flexible tasks: 468
Solving time: 0.0020869 seconds
plan limit 978
current timestep 992
num of flexible agents: 219
num of flexible tasks: 469
Solving time: 0.0020434 seconds
plan limit 978
current timestep 993
num of flexible agents: 215
num of flexible tasks: 465
Solving time: 0.00189 seconds
plan limit 978
current timestep 994
num of flexible agents: 217
num of flexible tasks: 467
Solving time: 0.0019169 seconds
plan limit 978
current timestep 995
num of flexible agents: 222
num of flexible tasks: 472
Solving time: 0.0019117 seconds
plan limit 978
current timestep 996
num of flexible agents: 226
num of flexible tasks: 476
Solving time: 0.0019954 seconds
plan limit 978
current timestep 997
num of flexible agents: 223
num of flexible tasks: 473
Solving time: 0.0020141 seconds
plan limit 978
current timestep 998
num of flexible agents: 223
num of flexible tasks: 473
Solving time: 0.0020935 seconds
plan limit 978
current timestep 999
num of flexible agents: 223
num of flexible tasks: 473
Solving time: 0.0020794 seconds
plan limit 978
Running w500_taskmatcher-k50_t1000_trial1
current timestep 0
plan limit 936
current timestep 1
plan limit 947
current timestep 2
plan limit 949
current timestep 3
plan limit 957
current timestep 4
plan limit 960
current timestep 5
plan limit 963
current timestep 6
plan limit 965
current timestep 7
plan limit 956
current timestep 8
plan limit 968
current timestep 9
plan limit 970
current timestep 10
plan limit 971
current timestep 11
plan limit 972
current timestep 12
plan limit 973
current timestep 13
plan limit 974
current timestep 14
plan limit 975
current timestep 15
plan limit 975
current timestep 16
plan limit 975
current timestep 17
plan limit 975
current timestep 18
plan limit 975
current timestep 19
plan limit 975
current timestep 20
plan limit 975
current timestep 21
plan limit 975
current timestep 22
plan limit 975
current timestep 23
plan limit 973
current timestep 24
plan limit 975
current timestep 25
plan limit 974
current timestep 26
plan limit 974
current timestep 27
plan limit 973
current timestep 28
plan limit 972
current timestep 29
plan limit 971
current timestep 30
plan limit 971
current timestep 31
plan limit 968
current timestep 32
plan limit 970
current timestep 33
plan limit 969
current timestep 34
plan limit 969
current timestep 35
plan limit 969
current timestep 36
plan limit 969
current timestep 37
plan limit 967
current timestep 38
plan limit 965
current timestep 39
plan limit 967
current timestep 40
plan limit 967
current timestep 41
plan limit 966
current timestep 42
plan limit 965
current timestep 43
plan limit 965
current timestep 44
plan limit 965
current timestep 45
plan limit 963
current timestep 46
plan limit 964
current timestep 47
plan limit 964
current timestep 48
plan limit 965
current timestep 49
plan limit 965
current timestep 50
plan limit 965
current timestep 51
plan limit 965
current timestep 52
plan limit 963
current timestep 53
plan limit 963
current timestep 54
plan limit 963
current timestep 55
plan limit 963
current timestep 56
plan limit 961
current timestep 57
plan limit 960
current timestep 58
plan limit 959
current timestep 59
plan limit 961
current timestep 60
plan limit 961
current timestep 61
plan limit 961
current timestep 62
plan limit 960
current timestep 63
plan limit 956
current timestep 64
plan limit 960
current timestep 65
plan limit 959
current timestep 66
plan limit 959
current timestep 67
plan limit 960
current timestep 68
plan limit 959
current timestep 69
plan limit 960
current timestep 70
plan limit 960
current timestep 71
plan limit 960
current timestep 72
plan limit 959
current timestep 73
plan limit 959
current timestep 74
plan limit 957
current timestep 75
plan limit 960
current timestep 76
plan limit 961
current timestep 77
plan limit 961
current timestep 78
plan limit 961
current timestep 79
plan limit 959
current timestep 80
plan limit 958
current timestep 81
plan limit 960
current timestep 82
plan limit 961
current timestep 83
plan limit 961
current timestep 84
plan limit 959
current timestep 85
plan limit 960
current timestep 86
plan limit 958
current timestep 87
plan limit 960
current timestep 88
plan limit 960
current timestep 89
plan limit 961
current timestep 90
plan limit 960
current timestep 91
plan limit 960
current timestep 92
plan limit 960
current timestep 93
plan limit 960
current timestep 94
plan limit 954
current timestep 95
plan limit 959
current timestep 96
plan limit 960
current timestep 97
plan limit 958
current timestep 98
plan limit 959
current timestep 99
plan limit 958
current timestep 100
plan limit 958
current timestep 101
plan limit 960
current timestep 102
plan limit 960
current timestep 103
plan limit 960
current timestep 104
plan limit 958
current timestep 105
plan limit 959
current timestep 106
plan limit 956
current timestep 107
plan limit 958
current timestep 108
plan limit 956
current timestep 109
plan limit 957
current timestep 110
plan limit 957
current timestep 111
plan limit 952
current timestep 112
plan limit 959
current timestep 113
plan limit 957
current timestep 114
plan limit 958
current timestep 115
plan limit 957
current timestep 116
plan limit 958
current timestep 117
plan limit 955
current timestep 118
plan limit 953
current timestep 119
plan limit 957
current timestep 120
plan limit 955
current timestep 121
plan limit 956
current timestep 122
plan limit 955
current timestep 123
plan limit 951
current timestep 124
plan limit 953
current timestep 125
plan limit 955
current timestep 126
plan limit 955
current timestep 127
plan limit 954
current timestep 128
plan limit 954
current timestep 129
plan limit 952
current timestep 130
plan limit 954
current timestep 131
plan limit 951
current timestep 132
plan limit 953
current timestep 133
plan limit 952
current timestep 134
plan limit 951
current timestep 135
plan limit 952
current timestep 136
plan limit 951
current timestep 137
plan limit 952
current timestep 138
plan limit 951
current timestep 139
plan limit 950
current timestep 140
plan limit 951
current timestep 141
plan limit 950
current timestep 142
plan limit 950
current timestep 143
plan limit 949
current timestep 144
plan limit 950
current timestep 145
plan limit 950
current timestep 146
plan limit 951
current timestep 147
plan limit 951
current timestep 148
plan limit 949
current timestep 149
plan limit 948
current timestep 150
plan limit 949
current timestep 151
plan limit 950
current timestep 152
plan limit 948
current timestep 153
plan limit 949
current timestep 154
plan limit 950
current timestep 155
plan limit 950
current timestep 156
plan limit 949
current timestep 157
plan limit 951
current timestep 158
plan limit 950
current timestep 159
plan limit 947
current timestep 160
plan limit 953
current timestep 161
plan limit 947
current timestep 162
plan limit 953
current timestep 163
plan limit 952
current timestep 164
plan limit 954
current timestep 165
plan limit 952
current timestep 166
plan limit 952
current timestep 167
plan limit 954
current timestep 168
plan limit 954
current timestep 169
plan limit 957
current timestep 170
plan limit 956
current timestep 171
plan limit 953
current timestep 172
plan limit 951
current timestep 173
plan limit 953
current timestep 174
plan limit 951
current timestep 175
plan limit 952
current timestep 176
plan limit 952
current timestep 177
plan limit 953
current timestep 178
plan limit 950
current timestep 179
plan limit 948
current timestep 180
plan limit 953
current timestep 181
plan limit 953
current timestep 182
plan limit 955
current timestep 183
plan limit 954
current timestep 184
plan limit 956
current timestep 185
plan limit 951
current timestep 186
plan limit 954
current timestep 187
plan limit 951
current timestep 188
plan limit 955
current timestep 189
plan limit 954
current timestep 190
plan limit 953
current timestep 191
plan limit 955
current timestep 192
plan limit 954
current timestep 193
plan limit 955
current timestep 194
plan limit 956
current timestep 195
plan limit 954
current timestep 196
plan limit 955
current timestep 197
plan limit 950
current timestep 198
plan limit 955
current timestep 199
plan limit 957
current timestep 200
plan limit 957
current timestep 201
plan limit 955
current timestep 202
plan limit 957
current timestep 203
plan limit 956
current timestep 204
plan limit 958
current timestep 205
plan limit 958
current timestep 206
plan limit 955
current timestep 207
plan limit 958
current timestep 208
plan limit 957
current timestep 209
plan limit 956
current timestep 210
plan limit 958
current timestep 211
plan limit 957
current timestep 212
plan limit 958
current timestep 213
plan limit 957
current timestep 214
plan limit 959
current timestep 215
plan limit 956
current timestep 216
plan limit 959
current timestep 217
plan limit 958
current timestep 218
plan limit 959
current timestep 219
plan limit 958
current timestep 220
plan limit 958
current timestep 221
plan limit 959
current timestep 222
plan limit 958
current timestep 223
plan limit 958
current timestep 224
plan limit 958
current timestep 225
plan limit 942
current timestep 226
plan limit 959
current timestep 227
plan limit 959
current timestep 228
plan limit 959
current timestep 229
plan limit 958
current timestep 230
plan limit 958
current timestep 231
plan limit 957
current timestep 232
plan limit 957
current timestep 233
plan limit 957
current timestep 234
plan limit 957
current timestep 235
plan limit 957
current timestep 236
plan limit 957
current timestep 237
plan limit 956
current timestep 238
plan limit 955
current timestep 239
plan limit 959
current timestep 240
plan limit 957
current timestep 241
plan limit 957
current timestep 242
plan limit 956
current timestep 243
plan limit 956
current timestep 244
plan limit 956
current timestep 245
plan limit 956
current timestep 246
plan limit 957
current timestep 247
plan limit 956
current timestep 248
plan limit 957
current timestep 249
plan limit 955
current timestep 250
plan limit 958
current timestep 251
plan limit 957
current timestep 252
plan limit 958
current timestep 253
plan limit 958
current timestep 254
plan limit 958
current timestep 255
plan limit 958
current timestep 256
plan limit 958
current timestep 257
plan limit 959
current timestep 258
plan limit 960
current timestep 259
plan limit 960
current timestep 260
plan limit 959
current timestep 261
plan limit 959
current timestep 262
plan limit 959
current timestep 263
plan limit 959
current timestep 264
plan limit 959
current timestep 265
plan limit 958
current timestep 266
plan limit 960
current timestep 267
plan limit 959
current timestep 268
plan limit 960
current timestep 269
plan limit 960
current timestep 270
plan limit 959
current timestep 271
plan limit 960
current timestep 272
plan limit 960
current timestep 273
plan limit 959
current timestep 274
plan limit 960
current timestep 275
plan limit 959
current timestep 276
plan limit 959
current timestep 277
plan limit 958
current timestep 278
plan limit 958
current timestep 279
plan limit 957
current timestep 280
plan limit 957
current timestep 281
plan limit 956
current timestep 282
plan limit 958
current timestep 283
plan limit 957
current timestep 284
plan limit 957
current timestep 285
plan limit 956
current timestep 286
plan limit 953
current timestep 287
plan limit 955
current timestep 288
plan limit 954
current timestep 289
plan limit 954
current timestep 290
plan limit 919
current timestep 291
plan limit 955
current timestep 292
plan limit 954
current timestep 293
plan limit 954
current timestep 294
plan limit 954
current timestep 295
plan limit 952
current timestep 296
plan limit 951
current timestep 297
plan limit 952
current timestep 298
plan limit 953
current timestep 299
plan limit 952
current timestep 300
plan limit 952
current timestep 301
plan limit 952
current timestep 302
plan limit 949
current timestep 303
plan limit 949
current timestep 304
plan limit 951
current timestep 305
plan limit 950
current timestep 306
plan limit 950
current timestep 307
plan limit 949
current timestep 308
plan limit 950
current timestep 309
plan limit 948
current timestep 310
plan limit 947
current timestep 311
plan limit 948
current timestep 312
plan limit 947
current timestep 313
plan limit 949
current timestep 314
plan limit 944
current timestep 315
plan limit 948
current timestep 316
plan limit 946
current timestep 317
plan limit 949
current timestep 318
plan limit 949
current timestep 319
plan limit 950
current timestep 320
plan limit 950
current timestep 321
plan limit 949
current timestep 322
plan limit 951
current timestep 323
plan limit 949
current timestep 324
plan limit 952
current timestep 325
plan limit 952
current timestep 326
plan limit 953
current timestep 327
plan limit 954
current timestep 328
plan limit 955
current timestep 329
plan limit 955
current timestep 330
plan limit 954
current timestep 331
plan limit 954
current timestep 332
plan limit 954
current timestep 333
plan limit 955
current timestep 334
plan limit 954
current timestep 335
plan limit 954
current timestep 336
plan limit 955
current timestep 337
plan limit 955
current timestep 338
plan limit 955
current timestep 339
plan limit 954
current timestep 340
plan limit 954
current timestep 341
plan limit 955
current timestep 342
plan limit 956
current timestep 343
plan limit 955
current timestep 344
plan limit 955
current timestep 345
plan limit 953
current timestep 346
plan limit 952
current timestep 347
plan limit 956
current timestep 348
plan limit 956
current timestep 349
plan limit 958
current timestep 350
plan limit 956
current timestep 351
plan limit 956
current timestep 352
plan limit 956
current timestep 353
plan limit 955
current timestep 354
plan limit 957
current timestep 355
plan limit 957
current timestep 356
plan limit 958
current timestep 357
plan limit 955
current timestep 358
plan limit 957
current timestep 359
plan limit 956
current timestep 360
plan limit 957
current timestep 361
plan limit 956
current timestep 362
plan limit 954
current timestep 363
plan limit 957
current timestep 364
plan limit 956
current timestep 365
plan limit 958
current timestep 366
plan limit 956
current timestep 367
plan limit 957
current timestep 368
plan limit 957
current timestep 369
plan limit 958
current timestep 370
plan limit 959
current timestep 371
plan limit 956
current timestep 372
plan limit 954
current timestep 373
plan limit 956
current timestep 374
plan limit 957
current timestep 375
plan limit 957
current timestep 376
plan limit 957
current timestep 377
plan limit 958
current timestep 378
plan limit 957
current timestep 379
plan limit 957
current timestep 380
plan limit 955
current timestep 381
plan limit 953
current timestep 382
plan limit 958
current timestep 383
plan limit 958
current timestep 384
plan limit 958
current timestep 385
plan limit 957
current timestep 386
plan limit 957
current timestep 387
plan limit 957
current timestep 388
plan limit 956
current timestep 389
plan limit 956
current timestep 390
plan limit 955
current timestep 391
plan limit 955
current timestep 392
plan limit 954
current timestep 393
plan limit 953
current timestep 394
plan limit 953
current timestep 395
plan limit 953
current timestep 396
plan limit 952
current timestep 397
plan limit 952
current timestep 398
plan limit 953
current timestep 399
plan limit 948
current timestep 400
plan limit 953
current timestep 401
plan limit 952
current timestep 402
plan limit 952
current timestep 403
plan limit 952
current timestep 404
plan limit 952
current timestep 405
plan limit 953
current timestep 406
plan limit 953
current timestep 407
plan limit 953
current timestep 408
plan limit 953
current timestep 409
plan limit 954
current timestep 410
plan limit 953
current timestep 411
plan limit 954
current timestep 412
plan limit 955
current timestep 413
plan limit 954
current timestep 414
plan limit 955
current timestep 415
plan limit 954
current timestep 416
plan limit 954
current timestep 417
plan limit 955
current timestep 418
plan limit 957
current timestep 419
plan limit 956
current timestep 420
plan limit 955
current timestep 421
plan limit 956
current timestep 422
plan limit 954
current timestep 423
plan limit 956
current timestep 424
plan limit 958
current timestep 425
plan limit 932
current timestep 426
plan limit 958
current timestep 427
plan limit 959
current timestep 428
plan limit 957
current timestep 429
plan limit 957
current timestep 430
plan limit 958
current timestep 431
plan limit 956
current timestep 432
plan limit 957
current timestep 433
plan limit 957
current timestep 434
plan limit 956
current timestep 435
plan limit 957
current timestep 436
plan limit 934
current timestep 437
plan limit 957
current timestep 438
plan limit 957
current timestep 439
plan limit 919
current timestep 440
plan limit 954
current timestep 441
plan limit 957
current timestep 442
plan limit 957
current timestep 443
plan limit 957
current timestep 444
plan limit 956
current timestep 445
plan limit 956
current timestep 446
plan limit 942
current timestep 447
plan limit 956
current timestep 448
plan limit 956
current timestep 449
plan limit 958
current timestep 450
plan limit 959
current timestep 451
plan limit 958
current timestep 452
plan limit 959
current timestep 453
plan limit 959
current timestep 454
plan limit 959
current timestep 455
plan limit 960
current timestep 456
plan limit 958
current timestep 457
plan limit 959
current timestep 458
plan limit 959
current timestep 459
plan limit 959
current timestep 460
plan limit 956
current timestep 461
plan limit 956
current timestep 462
plan limit 957
current timestep 463
plan limit 956
current timestep 464
plan limit 955
current timestep 465
plan limit 956
current timestep 466
plan limit 956
current timestep 467
plan limit 955
current timestep 468
plan limit 955
current timestep 469
plan limit 956
current timestep 470
plan limit 956
current timestep 471
plan limit 956
current timestep 472
plan limit 955
current timestep 473
plan limit 955
current timestep 474
plan limit 953
current timestep 475
plan limit 953
current timestep 476
plan limit 950
current timestep 477
plan limit 952
current timestep 478
plan limit 952
current timestep 479
plan limit 951
current timestep 480
plan limit 953
current timestep 481
plan limit 951
current timestep 482
plan limit 944
current timestep 483
plan limit 952
current timestep 484
plan limit 953
current timestep 485
plan limit 952
current timestep 486
plan limit 953
current timestep 487
plan limit 952
current timestep 488
plan limit 952
current timestep 489
plan limit 953
current timestep 490
plan limit 951
current timestep 491
plan limit 952
current timestep 492
plan limit 952
current timestep 493
plan limit 953
current timestep 494
plan limit 953
current timestep 495
plan limit 954
current timestep 496
plan limit 953
current timestep 497
plan limit 953
current timestep 498
plan limit 955
current timestep 499
plan limit 955
current timestep 500
plan limit 954
current timestep 501
plan limit 956
current timestep 502
plan limit 954
current timestep 503
plan limit 952
current timestep 504
plan limit 954
current timestep 505
plan limit 955
current timestep 506
plan limit 952
current timestep 507
plan limit 955
current timestep 508
plan limit 955
current timestep 509
plan limit 955
current timestep 510
plan limit 954
current timestep 511
plan limit 953
current timestep 512
plan limit 956
current timestep 513
plan limit 955
current timestep 514
plan limit 956
current timestep 515
plan limit 955
current timestep 516
plan limit 955
current timestep 517
plan limit 956
current timestep 518
plan limit 957
current timestep 519
plan limit 957
current timestep 520
plan limit 958
current timestep 521
plan limit 957
current timestep 522
plan limit 957
current timestep 523
plan limit 956
current timestep 524
plan limit 958
current timestep 525
plan limit 957
current timestep 526
plan limit 957
current timestep 527
plan limit 956
current timestep 528
plan limit 957
current timestep 529
plan limit 957
current timestep 530
plan limit 959
current timestep 531
plan limit 958
current timestep 532
plan limit 957
current timestep 533
plan limit 958
current timestep 534
plan limit 957
current timestep 535
plan limit 958
current timestep 536
plan limit 956
current timestep 537
plan limit 957
current timestep 538
plan limit 956
current timestep 539
plan limit 956
current timestep 540
plan limit 956
current timestep 541
plan limit 958
current timestep 542
plan limit 957
current timestep 543
plan limit 956
current timestep 544
plan limit 955
current timestep 545
plan limit 954
current timestep 546
plan limit 955
current timestep 547
plan limit 957
current timestep 548
plan limit 955
current timestep 549
plan limit 953
current timestep 550
plan limit 952
current timestep 551
plan limit 954
current timestep 552
plan limit 953
current timestep 553
plan limit 954
current timestep 554
plan limit 953
current timestep 555
plan limit 952
current timestep 556
plan limit 954
current timestep 557
plan limit 954
current timestep 558
plan limit 954
current timestep 559
plan limit 953
current timestep 560
plan limit 953
current timestep 561
plan limit 954
current timestep 562
plan limit 952
current timestep 563
plan limit 954
current timestep 564
plan limit 955
current timestep 565
plan limit 956
current timestep 566
plan limit 956
current timestep 567
plan limit 957
current timestep 568
plan limit 957
current timestep 569
plan limit 956
current timestep 570
plan limit 956
current timestep 571
plan limit 954
current timestep 572
plan limit 956
current timestep 573
plan limit 957
current timestep 574
plan limit 958
current timestep 575
plan limit 959
current timestep 576
plan limit 958
current timestep 577
plan limit 958
current timestep 578
plan limit 958
current timestep 579
plan limit 959
current timestep 580
plan limit 959
current timestep 581
plan limit 958
current timestep 582
plan limit 957
current timestep 583
plan limit 958
current timestep 584
plan limit 957
current timestep 585
plan limit 958
current timestep 586
plan limit 958
current timestep 587
plan limit 957
current timestep 588
plan limit 958
current timestep 589
plan limit 956
current timestep 590
plan limit 959
current timestep 591
plan limit 957
current timestep 592
plan limit 958
current timestep 593
plan limit 956
current timestep 594
plan limit 957
current timestep 595
plan limit 958
current timestep 596
plan limit 958
current timestep 597
plan limit 957
current timestep 598
plan limit 956
current timestep 599
plan limit 958
current timestep 600
plan limit 957
current timestep 601
plan limit 959
current timestep 602
plan limit 958
current timestep 603
plan limit 958
current timestep 604
plan limit 957
current timestep 605
plan limit 955
current timestep 606
plan limit 954
current timestep 607
plan limit 950
current timestep 608
plan limit 953
current timestep 609
plan limit 953
current timestep 610
plan limit 954
current timestep 611
plan limit 954
current timestep 612
plan limit 952
current timestep 613
plan limit 953
current timestep 614
plan limit 953
current timestep 615
plan limit 955
current timestep 616
plan limit 954
current timestep 617
plan limit 954
current timestep 618
plan limit 951
current timestep 619
plan limit 954
current timestep 620
plan limit 954
current timestep 621
plan limit 955
current timestep 622
plan limit 954
current timestep 623
plan limit 947
current timestep 624
plan limit 952
current timestep 625
plan limit 953
current timestep 626
plan limit 952
current timestep 627
plan limit 954
current timestep 628
plan limit 954
current timestep 629
plan limit 956
current timestep 630
plan limit 956
current timestep 631
plan limit 956
current timestep 632
plan limit 956
current timestep 633
plan limit 956
current timestep 634
plan limit 956
current timestep 635
plan limit 957
current timestep 636
plan limit 955
current timestep 637
plan limit 956
current timestep 638
plan limit 952
current timestep 639
plan limit 955
current timestep 640
plan limit 956
current timestep 641
plan limit 952
current timestep 642
plan limit 954
current timestep 643
plan limit 954
current timestep 644
plan limit 953
current timestep 645
plan limit 950
current timestep 646
plan limit 952
current timestep 647
plan limit 952
current timestep 648
plan limit 952
current timestep 649
plan limit 953
current timestep 650
plan limit 953
current timestep 651
plan limit 953
current timestep 652
plan limit 955
current timestep 653
plan limit 955
current timestep 654
plan limit 954
current timestep 655
plan limit 952
current timestep 656
plan limit 954
current timestep 657
plan limit 952
current timestep 658
plan limit 954
current timestep 659
plan limit 954
current timestep 660
plan limit 955
current timestep 661
plan limit 952
current timestep 662
plan limit 956
current timestep 663
plan limit 957
current timestep 664
plan limit 955
current timestep 665
plan limit 954
current timestep 666
plan limit 954
current timestep 667
plan limit 955
current timestep 668
plan limit 956
current timestep 669
plan limit 955
current timestep 670
plan limit 957
current timestep 671
plan limit 956
current timestep 672
plan limit 955
current timestep 673
plan limit 956
current timestep 674
plan limit 956
current timestep 675
plan limit 956
current timestep 676
plan limit 956
current timestep 677
plan limit 956
current timestep 678
plan limit 956
current timestep 679
plan limit 957
current timestep 680
plan limit 957
current timestep 681
plan limit 957
current timestep 682
plan limit 956
current timestep 683
plan limit 956
current timestep 684
plan limit 956
current timestep 685
plan limit 956
current timestep 686
plan limit 958
current timestep 687
plan limit 957
current timestep 688
plan limit 956
current timestep 689
plan limit 955
current timestep 690
plan limit 955
current timestep 691
plan limit 955
current timestep 692
plan limit 954
current timestep 693
plan limit 955
current timestep 694
plan limit 953
current timestep 695
plan limit 954
current timestep 696
plan limit 951
current timestep 697
plan limit 950
current timestep 698
plan limit 951
current timestep 699
plan limit 952
current timestep 700
plan limit 955
current timestep 701
plan limit 955
current timestep 702
plan limit 955
current timestep 703
plan limit 957
current timestep 704
plan limit 957
current timestep 705
plan limit 956
current timestep 706
plan limit 956
current timestep 707
plan limit 956
current timestep 708
plan limit 953
current timestep 709
plan limit 955
current timestep 710
plan limit 952
current timestep 711
plan limit 954
current timestep 712
plan limit 955
current timestep 713
plan limit 953
current timestep 714
plan limit 953
current timestep 715
plan limit 947
current timestep 716
plan limit 955
current timestep 717
plan limit 952
current timestep 718
plan limit 949
current timestep 719
plan limit 953
current timestep 720
plan limit 952
current timestep 721
plan limit 953
current timestep 722
plan limit 952
current timestep 723
plan limit 952
current timestep 724
plan limit 952
current timestep 725
plan limit 952
current timestep 726
plan limit 954
current timestep 727
plan limit 954
current timestep 728
plan limit 955
current timestep 729
plan limit 954
current timestep 730
plan limit 954
current timestep 731
plan limit 954
current timestep 732
plan limit 937
current timestep 733
plan limit 953
current timestep 734
plan limit 952
current timestep 735
plan limit 953
current timestep 736
plan limit 951
current timestep 737
plan limit 952
current timestep 738
plan limit 951
current timestep 739
plan limit 952
current timestep 740
plan limit 951
current timestep 741
plan limit 951
current timestep 742
plan limit 947
current timestep 743
plan limit 950
current timestep 744
plan limit 951
current timestep 745
plan limit 950
current timestep 746
plan limit 952
current timestep 747
plan limit 950
current timestep 748
plan limit 952
current timestep 749
plan limit 951
current timestep 750
plan limit 952
current timestep 751
plan limit 952
current timestep 752
plan limit 954
current timestep 753
plan limit 955
current timestep 754
plan limit 955
current timestep 755
plan limit 953
current timestep 756
plan limit 953
current timestep 757
plan limit 952
current timestep 758
plan limit 955
current timestep 759
plan limit 953
current timestep 760
plan limit 955
current timestep 761
plan limit 954
current timestep 762
plan limit 953
current timestep 763
plan limit 954
current timestep 764
plan limit 952
current timestep 765
plan limit 955
current timestep 766
plan limit 929
current timestep 767
plan limit 954
current timestep 768
plan limit 953
current timestep 769
plan limit 954
current timestep 770
plan limit 954
current timestep 771
plan limit 955
current timestep 772
plan limit 950
current timestep 773
plan limit 952
current timestep 774
plan limit 951
current timestep 775
plan limit 952
current timestep 776
plan limit 953
current timestep 777
plan limit 954
current timestep 778
plan limit 953
current timestep 779
plan limit 952
current timestep 780
plan limit 953
current timestep 781
plan limit 954
current timestep 782
plan limit 953
current timestep 783
plan limit 953
current timestep 784
plan limit 953
current timestep 785
plan limit 952
current timestep 786
plan limit 951
current timestep 787
plan limit 954
current timestep 788
plan limit 954
current timestep 789
plan limit 954
current timestep 790
plan limit 953
current timestep 791
plan limit 953
current timestep 792
plan limit 953
current timestep 793
plan limit 953
current timestep 794
plan limit 953
current timestep 795
plan limit 953
current timestep 796
plan limit 952
current timestep 797
plan limit 951
current timestep 798
plan limit 952
current timestep 799
plan limit 952
current timestep 800
plan limit 949
current timestep 801
plan limit 952
current timestep 802
plan limit 951
current timestep 803
plan limit 952
current timestep 804
plan limit 953
current timestep 805
plan limit 953
current timestep 806
plan limit 951
current timestep 807
plan limit 951
current timestep 808
plan limit 953
current timestep 809
plan limit 951
current timestep 810
plan limit 954
current timestep 811
plan limit 955
current timestep 812
plan limit 955
current timestep 813
plan limit 916
current timestep 814
plan limit 956
current timestep 815
plan limit 956
current timestep 816
plan limit 955
current timestep 817
plan limit 955
current timestep 818
plan limit 955
current timestep 819
plan limit 955
current timestep 820
plan limit 957
current timestep 821
plan limit 954
current timestep 822
plan limit 955
current timestep 823
plan limit 954
current timestep 824
plan limit 953
current timestep 825
plan limit 954
current timestep 826
plan limit 954
current timestep 827
plan limit 952
current timestep 828
plan limit 952
current timestep 829
plan limit 954
current timestep 830
plan limit 953
current timestep 831
plan limit 952
current timestep 832
plan limit 951
current timestep 833
plan limit 952
current timestep 834
plan limit 954
current timestep 835
plan limit 953
current timestep 836
plan limit 955
current timestep 837
plan limit 955
current timestep 838
plan limit 953
current timestep 839
plan limit 954
current timestep 840
plan limit 955
current timestep 841
plan limit 952
current timestep 842
plan limit 954
current timestep 843
plan limit 954
current timestep 844
plan limit 953
current timestep 845
plan limit 953
current timestep 846
plan limit 954
current timestep 847
plan limit 952
current timestep 848
plan limit 952
current timestep 849
plan limit 954
current timestep 850
plan limit 954
current timestep 851
plan limit 956
current timestep 852
plan limit 955
current timestep 853
plan limit 955
current timestep 854
plan limit 953
current timestep 855
plan limit 954
current timestep 856
plan limit 956
current timestep 857
plan limit 956
current timestep 858
plan limit 956
current timestep 859
plan limit 956
current timestep 860
plan limit 953
current timestep 861
plan limit 955
current timestep 862
plan limit 956
current timestep 863
plan limit 957
current timestep 864
plan limit 955
current timestep 865
plan limit 955
current timestep 866
plan limit 955
current timestep 867
plan limit 955
current timestep 868
plan limit 954
current timestep 869
plan limit 953
current timestep 870
plan limit 955
current timestep 871
plan limit 955
current timestep 872
plan limit 953
current timestep 873
plan limit 954
current timestep 874
plan limit 955
current timestep 875
plan limit 955
current timestep 876
plan limit 953
current timestep 877
plan limit 934
current timestep 878
plan limit 954
current timestep 879
plan limit 952
current timestep 880
plan limit 955
current timestep 881
plan limit 954
current timestep 882
plan limit 954
current timestep 883
plan limit 954
current timestep 884
plan limit 956
current timestep 885
plan limit 956
current timestep 886
plan limit 956
current timestep 887
plan limit 957
current timestep 888
plan limit 956
current timestep 889
plan limit 955
current timestep 890
plan limit 953
current timestep 891
plan limit 955
current timestep 892
plan limit 953
current timestep 893
plan limit 955
current timestep 894
plan limit 954
current timestep 895
plan limit 954
current timestep 896
plan limit 954
current timestep 897
plan limit 953
current timestep 898
plan limit 954
current timestep 899
plan limit 954
current timestep 900
plan limit 953
current timestep 901
plan limit 952
current timestep 902
plan limit 954
current timestep 903
plan limit 954
current timestep 904
plan limit 951
current timestep 905
plan limit 955
current timestep 906
plan limit 953
current timestep 907
plan limit 954
current timestep 908
plan limit 953
current timestep 909
plan limit 954
current timestep 910
plan limit 952
current timestep 911
plan limit 952
current timestep 912
plan limit 954
current timestep 913
plan limit 954
current timestep 914
plan limit 953
current timestep 915
plan limit 953
current timestep 916
plan limit 950
current timestep 917
plan limit 951
current timestep 918
plan limit 951
current timestep 919
plan limit 949
current timestep 920
plan limit 954
current timestep 921
plan limit 954
current timestep 922
plan limit 955
current timestep 923
plan limit 956
current timestep 924
plan limit 955
current timestep 925
plan limit 953
current timestep 926
plan limit 953
current timestep 927
plan limit 952
current timestep 928
plan limit 952
current timestep 929
plan limit 952
current timestep 930
plan limit 951
current timestep 931
plan limit 952
current timestep 932
plan limit 950
current timestep 933
plan limit 953
current timestep 934
plan limit 953
current timestep 935
plan limit 953
current timestep 936
plan limit 953
current timestep 937
plan limit 953
current timestep 938
plan limit 952
current timestep 939
plan limit 953
current timestep 940
plan limit 953
current timestep 941
plan limit 954
current timestep 942
plan limit 953
current timestep 943
plan limit 953
current timestep 944
plan limit 954
current timestep 945
plan limit 955
current timestep 946
plan limit 954
current timestep 947
plan limit 949
current timestep 948
plan limit 951
current timestep 949
plan limit 951
current timestep 950
plan limit 951
current timestep 951
plan limit 947
current timestep 952
plan limit 950
current timestep 953
plan limit 950
current timestep 954
plan limit 950
current timestep 955
plan limit 951
current timestep 956
plan limit 949
current timestep 957
plan limit 952
current timestep 958
plan limit 948
current timestep 959
plan limit 949
current timestep 960
plan limit 951
current timestep 961
plan limit 950
current timestep 962
plan limit 949
current timestep 963
plan limit 947
current timestep 964
plan limit 950
current timestep 965
plan limit 950
current timestep 966
plan limit 951
current timestep 967
plan limit 951
current timestep 968
plan limit 951
current timestep 969
plan limit 951
current timestep 970
plan limit 949
current timestep 971
plan limit 949
current timestep 972
plan limit 951
current timestep 973
plan limit 953
current timestep 974
plan limit 953
current timestep 975
plan limit 952
current timestep 976
plan limit 954
current timestep 977
plan limit 956
current timestep 978
plan limit 956
current timestep 979
plan limit 955
current timestep 980
plan limit 956
current timestep 981
plan limit 955
current timestep 982
plan limit 955
current timestep 983
plan limit 956
current timestep 984
plan limit 955
current timestep 985
plan limit 955
current timestep 986
plan limit 955
current timestep 987
plan limit 955
current timestep 988
plan limit 953
current timestep 989
plan limit 954
current timestep 990
plan limit 954
current timestep 991
plan limit 953
current timestep 992
plan limit 954
current timestep 993
plan limit 952
current timestep 994
plan limit 955
current timestep 995
plan limit 953
current timestep 996
plan limit 956
current timestep 997
plan limit 954
current timestep 998
plan limit 956
current timestep 999
plan limit 956
Running w500_flow-traffic_t1000_trial2
current timestep 0
num of flexible agents: 500
num of flexible tasks: 750
Solving time: 0.0018666 seconds
plan limit 978
current timestep 1
num of flexible agents: 463
num of flexible tasks: 713
Solving time: 0.0017383 seconds
plan limit 978
current timestep 2
num of flexible agents: 428
num of flexible tasks: 678
Solving time: 0.0014425 seconds
plan limit 979
current timestep 3
num of flexible agents: 396
num of flexible tasks: 646
Solving time: 0.0015861 seconds
plan limit 978
current timestep 4
num of flexible agents: 363
num of flexible tasks: 613
Solving time: 0.0014317 seconds
plan limit 979
current timestep 5
num of flexible agents: 331
num of flexible tasks: 581
Solving time: 0.0013368 seconds
plan limit 979
current timestep 6
num of flexible agents: 300
num of flexible tasks: 550
Solving time: 0.0012958 seconds
plan limit 979
current timestep 7
num of flexible agents: 274
num of flexible tasks: 524
Solving time: 0.0012116 seconds
plan limit 979
current timestep 8
num of flexible agents: 247
num of flexible tasks: 497
Solving time: 0.0011649 seconds
plan limit 979
current timestep 9
num of flexible agents: 222
num of flexible tasks: 472
Solving time: 0.0011638 seconds
plan limit 979
current timestep 10
num of flexible agents: 199
num of flexible tasks: 449
Solving time: 0.0011188 seconds
plan limit 979
current timestep 11
num of flexible agents: 176
num of flexible tasks: 426
Solving time: 0.0011143 seconds
plan limit 979
current timestep 12
num of flexible agents: 156
num of flexible tasks: 406
Solving time: 0.0010572 seconds
plan limit 979
current timestep 13
num of flexible agents: 138
num of flexible tasks: 388
Solving time: 0.0010612 seconds
plan limit 979
current timestep 14
num of flexible agents: 123
num of flexible tasks: 373
Solving time: 0.0010757 seconds
plan limit 979
current timestep 15
num of flexible agents: 113
num of flexible tasks: 363
Solving time: 0.0010565 seconds
plan limit 979
current timestep 16
num of flexible agents: 101
num of flexible tasks: 351
Solving time: 0.0010904 seconds
plan limit 979
current timestep 17
num of flexible agents: 88
num of flexible tasks: 338
Solving time: 0.0011221 seconds
plan limit 979
current timestep 18
num of flexible agents: 80
num of flexible tasks: 330
Solving time: 0.0011657 seconds
plan limit 979
current timestep 19
num of flexible agents: 73
num of flexible tasks: 323
Solving time: 0.0010256 seconds
plan limit 979
current timestep 20
num of flexible agents: 67
num of flexible tasks: 317
Solving time: 0.0010481 seconds
plan limit 979
current timestep 21
num of flexible agents: 65
num of flexible tasks: 315
Solving time: 0.0010566 seconds
plan limit 979
current timestep 22
num of flexible agents: 60
num of flexible tasks: 310
Solving time: 0.0010464 seconds
plan limit 979
current timestep 23
num of flexible agents: 63
num of flexible tasks: 313
Solving time: 0.001378 seconds
plan limit 979
current timestep 24
num of flexible agents: 63
num of flexible tasks: 313
Solving time: 0.0010792 seconds
plan limit 979
current timestep 25
num of flexible agents: 61
num of flexible tasks: 311
Solving time: 0.0010754 seconds
plan limit 979
current timestep 26
num of flexible agents: 58
num of flexible tasks: 308
Solving time: 0.0010705 seconds
plan limit 979
current timestep 27
num of flexible agents: 61
num of flexible tasks: 311
Solving time: 0.001096 seconds
plan limit 979
current timestep 28
num of flexible agents: 62
num of flexible tasks: 312
Solving time: 0.0010474 seconds
plan limit 979
current timestep 29
num of flexible agents: 73
num of flexible tasks: 323
Solving time: 0.0011371 seconds
plan limit 979
current timestep 30
num of flexible agents: 79
num of flexible tasks: 329
Solving time: 0.0013086 seconds
plan limit 979
current timestep 31
num of flexible agents: 83
num of flexible tasks: 333
Solving time: 0.0011559 seconds
plan limit 979
current timestep 32
num of flexible agents: 82
num of flexible tasks: 332
Solving time: 0.0011981 seconds
plan limit 979
current timestep 33
num of flexible agents: 85
num of flexible tasks: 335
Solving time: 0.0016378 seconds
plan limit 978
current timestep 34
num of flexible agents: 95
num of flexible tasks: 345
Solving time: 0.0011593 seconds
plan limit 979
current timestep 35
num of flexible agents: 99
num of flexible tasks: 349
Solving time: 0.0011183 seconds
plan limit 979
current timestep 36
num of flexible agents: 102
num of flexible tasks: 352
Solving time: 0.0013013 seconds
plan limit 979
current timestep 37
num of flexible agents: 104
num of flexible tasks: 354
Solving time: 0.0013078 seconds
plan limit 979
current timestep 38
num of flexible agents: 109
num of flexible tasks: 359
Solving time: 0.001162 seconds
plan limit 979
current timestep 39
num of flexible agents: 113
num of flexible tasks: 363
Solving time: 0.0012214 seconds
plan limit 979
current timestep 40
num of flexible agents: 118
num of flexible tasks: 368
Solving time: 0.001347 seconds
plan limit 979
current timestep 41
num of flexible agents: 123
num of flexible tasks: 373
Solving time: 0.0013682 seconds
plan limit 979
current timestep 42
num of flexible agents: 125
num of flexible tasks: 375
Solving time: 0.001222 seconds
plan limit 979
current timestep 43
num of flexible agents: 127
num of flexible tasks: 377
Solving time: 0.0012352 seconds
plan limit 979
current timestep 44
num of flexible agents: 131
num of flexible tasks: 381
Solving time: 0.0012445 seconds
plan limit 979
current timestep 45
num of flexible agents: 136
num of flexible tasks: 386
Solving time: 0.0011844 seconds
plan limit 979
current timestep 46
num of flexible agents: 140
num of flexible tasks: 390
Solving time: 0.0012638 seconds
plan limit 979
current timestep 47
num of flexible agents: 144
num of flexible tasks: 394
Solving time: 0.0012256 seconds
plan limit 979
current timestep 48
num of flexible agents: 148
num of flexible tasks: 398
Solving time: 0.0013083 seconds
plan limit 978
current timestep 49
num of flexible agents: 151
num of flexible tasks: 401
Solving time: 0.0012752 seconds
plan limit 979
current timestep 50
num of flexible agents: 150
num of flexible tasks: 400
Solving time: 0.00127 seconds
plan limit 979
current timestep 51
num of flexible agents: 148
num of flexible tasks: 398
Solving time: 0.0014968 seconds
plan limit 978
current timestep 52
num of flexible agents: 152
num of flexible tasks: 402
Solving time: 0.0012125 seconds
plan limit 979
current timestep 53
num of flexible agents: 155
num of flexible tasks: 405
Solving time: 0.0012043 seconds
plan limit 979
current timestep 54
num of flexible agents: 160
num of flexible tasks: 410
Solving time: 0.0012384 seconds
plan limit 979
current timestep 55
num of flexible agents: 164
num of flexible tasks: 414
Solving time: 0.0013094 seconds
plan limit 979
current timestep 56
num of flexible agents: 166
num of flexible tasks: 416
Solving time: 0.0012709 seconds
plan limit 979
current timestep 57
num of flexible agents: 168
num of flexible tasks: 418
Solving time: 0.0012697 seconds
plan limit 979
current timestep 58
num of flexible agents: 179
num of flexible tasks: 429
Solving time: 0.001295 seconds
plan limit 979
current timestep 59
num of flexible agents: 181
num of flexible tasks: 431
Solving time: 0.0013277 seconds
plan limit 979
current timestep 60
num of flexible agents: 183
num of flexible tasks: 433
Solving time: 0.0013359 seconds
plan limit 979
current timestep 61
num of flexible agents: 186
num of flexible tasks: 436
Solving time: 0.0013941 seconds
plan limit 979
current timestep 62
num of flexible agents: 182
num of flexible tasks: 432
Solving time: 0.0014518 seconds
plan limit 979
current timestep 63
num of flexible agents: 184
num of flexible tasks: 434
Solving time: 0.001361 seconds
plan limit 979
current timestep 64
num of flexible agents: 178
num of flexible tasks: 428
Solving time: 0.0014466 seconds
plan limit 978
current timestep 65
num of flexible agents: 181
num of flexible tasks: 431
Solving time: 0.0013328 seconds
plan limit 979
current timestep 66
num of flexible agents: 178
num of flexible tasks: 428
Solving time: 0.001274 seconds
plan limit 979
current timestep 67
num of flexible agents: 178
num of flexible tasks: 428
Solving time: 0.0015423 seconds
plan limit 978
current timestep 68
num of flexible agents: 182
num of flexible tasks: 432
Solving time: 0.00138 seconds
plan limit 979
current timestep 69
num of flexible agents: 181
num of flexible tasks: 431
Solving time: 0.0015562 seconds
plan limit 978
current timestep 70
num of flexible agents: 181
num of flexible tasks: 431
Solving time: 0.0013963 seconds
plan limit 979
current timestep 71
num of flexible agents: 185
num of flexible tasks: 435
Solving time: 0.0015166 seconds
plan limit 978
current timestep 72
num of flexible agents: 185
num of flexible tasks: 435
Solving time: 0.0014629 seconds
plan limit 979
current timestep 73
num of flexible agents: 188
num of flexible tasks: 438
Solving time: 0.0012671 seconds
plan limit 979
current timestep 74
num of flexible agents: 188
num of flexible tasks: 438
Solving time: 0.0013862 seconds
plan limit 979
current timestep 75
num of flexible agents: 188
num of flexible tasks: 438
Solving time: 0.0013831 seconds
plan limit 979
current timestep 76
num of flexible agents: 188
num of flexible tasks: 438
Solving time: 0.001322 seconds
plan limit 979
current timestep 77
num of flexible agents: 186
num of flexible tasks: 436
Solving time: 0.0013504 seconds
plan limit 979
current timestep 78
num of flexible agents: 186
num of flexible tasks: 436
Solving time: 0.0014781 seconds
plan limit 978
current timestep 79
num of flexible agents: 188
num of flexible tasks: 438
Solving time: 0.0013723 seconds
plan limit 979
current timestep 80
num of flexible agents: 189
num of flexible tasks: 439
Solving time: 0.0014054 seconds
plan limit 979
current timestep 81
num of flexible agents: 192
num of flexible tasks: 442
Solving time: 0.0014825 seconds
plan limit 978
current timestep 82
num of flexible agents: 189
num of flexible tasks: 439
Solving time: 0.001497 seconds
plan limit 978
current timestep 83
num of flexible agents: 189
num of flexible tasks: 439
Solving time: 0.0014543 seconds
plan limit 979
current timestep 84
num of flexible agents: 190
num of flexible tasks: 440
Solving time: 0.0014411 seconds
plan limit 979
current timestep 85
num of flexible agents: 192
num of flexible tasks: 442
Solving time: 0.001371 seconds
plan limit 979
current timestep 86
num of flexible agents: 188
num of flexible tasks: 438
Solving time: 0.0014618 seconds
plan limit 979
current timestep 87
num of flexible agents: 189
num of flexible tasks: 439
Solving time: 0.0014695 seconds
plan limit 979
current timestep 88
num of flexible agents: 188
num of flexible tasks: 438
Solving time: 0.0013156 seconds
plan limit 979
current timestep 89
num of flexible agents: 189
num of flexible tasks: 439
Solving time: 0.0013675 seconds
plan limit 979
current timestep 90
num of flexible agents: 191
num of flexible tasks: 441
Solving time: 0.0014286 seconds
plan limit 979
current timestep 91
num of flexible agents: 185
num of flexible tasks: 435
Solving time: 0.0013874 seconds
plan limit 979
current timestep 92
num of flexible agents: 186
num of flexible tasks: 436
Solving time: 0.0014473 seconds
plan limit 979
current timestep 93
num of flexible agents: 188
num of flexible tasks: 438
Solving time: 0.0014521 seconds
plan limit 979
current timestep 94
num of flexible agents: 189
num of flexible tasks: 439
Solving time: 0.0014886 seconds
plan limit 978
current timestep 95
num of flexible agents: 192
num of flexible tasks: 442
Solving time: 0.0013762 seconds
plan limit 979
current timestep 96
num of flexible agents: 195
num of flexible tasks: 445
Solving time: 0.0013707 seconds
plan limit 978
current timestep 97
num of flexible agents: 192
num of flexible tasks: 442
Solving time: 0.0014419 seconds
plan limit 979
current timestep 98
num of flexible agents: 185
num of flexible tasks: 435
Solving time: 0.001374 seconds
plan limit 979
current timestep 99
num of flexible agents: 184
num of flexible tasks: 434
Solving time: 0.0014302 seconds
plan limit 979
current timestep 100
num of flexible agents: 184
num of flexible tasks: 434
Solving time: 0.0015511 seconds
plan limit 978
current timestep 101
num of flexible agents: 187
num of flexible tasks: 437
Solving time: 0.0019578 seconds
plan limit 978
current timestep 102
num of flexible agents: 189
num of flexible tasks: 439
Solving time: 0.0015113 seconds
plan limit 978
current timestep 103
num of flexible agents: 192
num of flexible tasks: 442
Solving time: 0.0014945 seconds
plan limit 978
current timestep 104
num of flexible agents: 191
num of flexible tasks: 441
Solving time: 0.0014706 seconds
plan limit 978
current timestep 105
num of flexible agents: 191
num of flexible tasks: 441
Solving time: 0.0015032 seconds
plan limit 978
current timestep 106
num of flexible agents: 188
num of flexible tasks: 438
Solving time: 0.001534 seconds
plan limit 978
current timestep 107
num of flexible agents: 195
num of flexible tasks: 445
Solving time: 0.0015562 seconds
plan limit 978
current timestep 108
num of flexible agents: 191
num of flexible tasks: 441
Solving time: 0.001605 seconds
plan limit 978
current timestep 109
num of flexible agents: 191
num of flexible tasks: 441
Solving time: 0.0015071 seconds
plan limit 978
current timestep 110
num of flexible agents: 191
num of flexible tasks: 441
Solving time: 0.0015731 seconds
plan limit 978
current timestep 111
num of flexible agents: 188
num of flexible tasks: 438
Solving time: 0.0015365 seconds
plan limit 978
current timestep 112
num of flexible agents: 192
num of flexible tasks: 442
Solving time: 0.0015329 seconds
plan limit 978
current timestep 113
num of flexible agents: 194
num of flexible tasks: 444
Solving time: 0.0016012 seconds
plan limit 978
current timestep 114
num of flexible agents: 194
num of flexible tasks: 444
Solving time: 0.0015619 seconds
plan limit 978
current timestep 115
num of flexible agents: 193
num of flexible tasks: 443
Solving time: 0.0015294 seconds
plan limit 978
current timestep 116
num of flexible agents: 194
num of flexible tasks: 444
Solving time: 0.0015224 seconds
plan limit 978
current timestep 117
num of flexible agents: 199
num of flexible tasks: 449
Solving time: 0.001533 seconds
plan limit 978
current timestep 118
num of flexible agents: 194
num of flexible tasks: 444
Solving time: 0.0015392 seconds
plan limit 978
current timestep 119
num of flexible agents: 192
num of flexible tasks: 442
Solving time: 0.0017736 seconds
plan limit 978
current timestep 120
num of flexible agents: 199
num of flexible tasks: 449
Solving time: 0.0016161 seconds
plan limit 978
current timestep 121
num of flexible agents: 206
num of flexible tasks: 456
Solving time: 0.0017923 seconds
plan limit 978
current timestep 122
num of flexible agents: 204
num of flexible tasks: 454
Solving time: 0.001826 seconds
plan limit 978
current timestep 123
num of flexible agents: 205
num of flexible tasks: 455
Solving time: 0.0016735 seconds
plan limit 978
current timestep 124
num of flexible agents: 202
num of flexible tasks: 452
Solving time: 0.0017209 seconds
plan limit 978
current timestep 125
num of flexible agents: 200
num of flexible tasks: 450
Solving time: 0.0016483 seconds
plan limit 978
current timestep 126
num of flexible agents: 206
num of flexible tasks: 456
Solving time: 0.0017424 seconds
plan limit 978
current timestep 127
num of flexible agents: 210
num of flexible tasks: 460
Solving time: 0.0016687 seconds
plan limit 978
current timestep 128
num of flexible agents: 206
num of flexible tasks: 456
Solving time: 0.0018514 seconds
plan limit 978
current timestep 129
num of flexible agents: 207
num of flexible tasks: 457
Solving time: 0.0016354 seconds
plan limit 978
current timestep 130
num of flexible agents: 208
num of flexible tasks: 458
Solving time: 0.0017191 seconds
plan limit 978
current timestep 131
num of flexible agents: 201
num of flexible tasks: 451
Solving time: 0.0019433 seconds
plan limit 978
current timestep 132
num of flexible agents: 202
num of flexible tasks: 452
Solving time: 0.0016631 seconds
plan limit 978
current timestep 133
num of flexible agents: 199
num of flexible tasks: 449
Solving time: 0.0017228 seconds
plan limit 978
current timestep 134
num of flexible agents: 199
num of flexible tasks: 449
Solving time: 0.0021965 seconds
plan limit 978
current timestep 135
num of flexible agents: 195
num of flexible tasks: 445
Solving time: 0.0020251 seconds
plan limit 978
current timestep 136
num of flexible agents: 187
num of flexible tasks: 437
Solving time: 0.0016836 seconds
plan limit 978
current timestep 137
num of flexible agents: 190
num of flexible tasks: 440
Solving time: 0.0017262 seconds
plan limit 978
current timestep 138
num of flexible agents: 192
num of flexible tasks: 442
Solving time: 0.0018989 seconds
plan limit 978
current timestep 139
num of flexible agents: 186
num of flexible tasks: 436
Solving time: 0.0017224 seconds
plan limit 978
current timestep 140
num of flexible agents: 187
num of flexible tasks: 437
Solving time: 0.0018477 seconds
plan limit 978
current timestep 141
num of flexible agents: 188
num of flexible tasks: 438
Solving time: 0.0017239 seconds
plan limit 978
current timestep 142
num of flexible agents: 186
num of flexible tasks: 436
Solving time: 0.0017778 seconds
plan limit 978
current timestep 143
num of flexible agents: 183
num of flexible tasks: 433
Solving time: 0.0018093 seconds
plan limit 978
current timestep 144
num of flexible agents: 184
num of flexible tasks: 434
Solving time: 0.0017516 seconds
plan limit 978
current timestep 145
num of flexible agents: 182
num of flexible tasks: 432
Solving time: 0.0017854 seconds
plan limit 978
current timestep 146
num of flexible agents: 181
num of flexible tasks: 431
Solving time: 0.0017998 seconds
plan limit 978
current timestep 147
num of flexible agents: 187
num of flexible tasks: 437
Solving time: 0.0016272 seconds
plan limit 978
current timestep 148
num of flexible agents: 189
num of flexible tasks: 439
Solving time: 0.0016824 seconds
plan limit 978
current timestep 149
num of flexible agents: 197
num of flexible tasks: 447
Solving time: 0.0018682 seconds
plan limit 978
current timestep 150
num of flexible agents: 195
num of flexible tasks: 445
Solving time: 0.0017065 seconds
plan limit 978
current timestep 151
num of flexible agents: 199
num of flexible tasks: 449
Solving time: 0.0018379 seconds
plan limit 978
current timestep 152
num of flexible agents: 200
num of flexible tasks: 450
Solving time: 0.0017918 seconds
plan limit 978
current timestep 153
num of flexible agents: 205
num of flexible tasks: 455
Solving time: 0.0017818 seconds
plan limit 978
current timestep 154
num of flexible agents: 202
num of flexible tasks: 452
Solving time: 0.0019524 seconds
plan limit 978
current timestep 155
num of flexible agents: 206
num of flexible tasks: 456
Solving time: 0.0017544 seconds
plan limit 978
current timestep 156
num of flexible agents: 212
num of flexible tasks: 462
Solving time: 0.0018723 seconds
plan limit 978
current timestep 157
num of flexible agents: 211
num of flexible tasks: 461
Solving time: 0.0017304 seconds
plan limit 978
current timestep 158
num of flexible agents: 214
num of flexible tasks: 464
Solving time: 0.001826 seconds
plan limit 978
current timestep 159
num of flexible agents: 212
num of flexible tasks: 462
Solving time: 0.0017858 seconds
plan limit 978
current timestep 160
num of flexible agents: 210
num of flexible tasks: 460
Solving time: 0.0019105 seconds
plan limit 978
current timestep 161
num of flexible agents: 214
num of flexible tasks: 464
Solving time: 0.0017947 seconds
plan limit 978
current timestep 162
num of flexible agents: 217
num of flexible tasks: 467
Solving time: 0.0019117 seconds
plan limit 978
current timestep 163
num of flexible agents: 220
num of flexible tasks: 470
Solving time: 0.0017673 seconds
plan limit 978
current timestep 164
num of flexible agents: 214
num of flexible tasks: 464
Solving time: 0.001804 seconds
plan limit 978
current timestep 165
num of flexible agents: 210
num of flexible tasks: 460
Solving time: 0.0018385 seconds
plan limit 978
current timestep 166
num of flexible agents: 209
num of flexible tasks: 459
Solving time: 0.0016831 seconds
plan limit 978
current timestep 167
num of flexible agents: 214
num of flexible tasks: 464
Solving time: 0.0023331 seconds
plan limit 978
current timestep 168
num of flexible agents: 214
num of flexible tasks: 464
Solving time: 0.0017958 seconds
plan limit 978
current timestep 169
num of flexible agents: 215
num of flexible tasks: 465
Solving time: 0.0017564 seconds
plan limit 978
current timestep 170
num of flexible agents: 211
num of flexible tasks: 461
Solving time: 0.0018483 seconds
plan limit 978
current timestep 171
num of flexible agents: 206
num of flexible tasks: 456
Solving time: 0.0016811 seconds
plan limit 978
current timestep 172
num of flexible agents: 211
num of flexible tasks: 461
Solving time: 0.0018425 seconds
plan limit 978
current timestep 173
num of flexible agents: 216
num of flexible tasks: 466
Solving time: 0.0018783 seconds
plan limit 978
current timestep 174
num of flexible agents: 217
num of flexible tasks: 467
Solving time: 0.0018312 seconds
plan limit 978
current timestep 175
num of flexible agents: 220
num of flexible tasks: 470
Solving time: 0.001729 seconds
plan limit 978
current timestep 176
num of flexible agents: 222
num of flexible tasks: 472
Solving time: 0.0018778 seconds
plan limit 978
current timestep 177
num of flexible agents: 218
num of flexible tasks: 468
Solving time: 0.0018062 seconds
plan limit 978
current timestep 178
num of flexible agents: 222
num of flexible tasks: 472
Solving time: 0.0018595 seconds
plan limit 978
current timestep 179
num of flexible agents: 222
num of flexible tasks: 472
Solving time: 0.0019136 seconds
plan limit 978
current timestep 180
num of flexible agents: 219
num of flexible tasks: 469
Solving time: 0.0017955 seconds
plan limit 978
current timestep 181
num of flexible agents: 224
num of flexible tasks: 474
Solving time: 0.0018326 seconds
plan limit 978
current timestep 182
num of flexible agents: 226
num of flexible tasks: 476
Solving time: 0.0018015 seconds
plan limit 978
current timestep 183
num of flexible agents: 226
num of flexible tasks: 476
Solving time: 0.0017965 seconds
plan limit 978
current timestep 184
num of flexible agents: 225
num of flexible tasks: 475
Solving time: 0.0017406 seconds
plan limit 978
current timestep 185
num of flexible agents: 223
num of flexible tasks: 473
Solving time: 0.0018804 seconds
plan limit 978
current timestep 186
num of flexible agents: 219
num of flexible tasks: 469
Solving time: 0.0019964 seconds
plan limit 978
current timestep 187
num of flexible agents: 216
num of flexible tasks: 466
Solving time: 0.0019199 seconds
plan limit 978
current timestep 188
num of flexible agents: 214
num of flexible tasks: 464
Solving time: 0.0019448 seconds
plan limit 978
current timestep 189
num of flexible agents: 212
num of flexible tasks: 462
Solving time: 0.0018662 seconds
plan limit 978
current timestep 190
num of flexible agents: 216
num of flexible tasks: 466
Solving time: 0.0021899 seconds
plan limit 978
current timestep 191
num of flexible agents: 217
num of flexible tasks: 467
Solving time: 0.0017072 seconds
plan limit 978
current timestep 192
num of flexible agents: 218
num of flexible tasks: 468
Solving time: 0.0018789 seconds
plan limit 978
current timestep 193
num of flexible agents: 226
num of flexible tasks: 476
Solving time: 0.0021159 seconds
plan limit 978
current timestep 194
num of flexible agents: 220
num of flexible tasks: 470
Solving time: 0.0017338 seconds
plan limit 978
current timestep 195
num of flexible agents: 216
num of flexible tasks: 466
Solving time: 0.0017533 seconds
plan limit 978
current timestep 196
num of flexible agents: 222
num of flexible tasks: 472
Solving time: 0.0018821 seconds
plan limit 978
current timestep 197
num of flexible agents: 223
num of flexible tasks: 473
Solving time: 0.0018317 seconds
plan limit 978
current timestep 198
num of flexible agents: 220
num of flexible tasks: 470
Solving time: 0.0018156 seconds
plan limit 978
current timestep 199
num of flexible agents: 218
num of flexible tasks: 468
Solving time: 0.0018335 seconds
plan limit 978
current timestep 200
num of flexible agents: 220
num of flexible tasks: 470
Solving time: 0.0018207 seconds
plan limit 978
current timestep 201
num of flexible agents: 224
num of flexible tasks: 474
Solving time: 0.0017937 seconds
plan limit 978
current timestep 202
num of flexible agents: 221
num of flexible tasks: 471
Solving time: 0.0018188 seconds
plan limit 978
current timestep 203
num of flexible agents: 219
num of flexible tasks: 469
Solving time: 0.0018056 seconds
plan limit 978
current timestep 204
num of flexible agents: 220
num of flexible tasks: 470
Solving time: 0.0018561 seconds
plan limit 978
current timestep 205
num of flexible agents: 222
num of flexible tasks: 472
Solving time: 0.0019865 seconds
plan limit 978
current timestep 206
num of flexible agents: 221
num of flexible tasks: 471
Solving time: 0.0018011 seconds
plan limit 978
current timestep 207
num of flexible agents: 223
num of flexible tasks: 473
Solving time: 0.0018735 seconds
plan limit 978
current timestep 208
num of flexible agents: 219
num of flexible tasks: 469
Solving time: 0.0018322 seconds
plan limit 978
current timestep 209
num of flexible agents: 217
num of flexible tasks: 467
Solving time: 0.0019132 seconds
plan limit 978
current timestep 210
num of flexible agents: 213
num of flexible tasks: 463
Solving time: 0.0017671 seconds
plan limit 978
current timestep 211
num of flexible agents: 208
num of flexible tasks: 458
Solving time: 0.0017073 seconds
plan limit 978
current timestep 212
num of flexible agents: 210
num of flexible tasks: 460
Solving time: 0.0017483 seconds
plan limit 978
current timestep 213
num of flexible agents: 208
num of flexible tasks: 458
Solving time: 0.0019654 seconds
plan limit 978
current timestep 214
num of flexible agents: 209
num of flexible tasks: 459
Solving time: 0.0017441 seconds
plan limit 978
current timestep 215
num of flexible agents: 209
num of flexible tasks: 459
Solving time: 0.001813 seconds
plan limit 978
current timestep 216
num of flexible agents: 205
num of flexible tasks: 455
Solving time: 0.0018862 seconds
plan limit 978
current timestep 217
num of flexible agents: 205
num of flexible tasks: 455
Solving time: 0.0017388 seconds
plan limit 978
current timestep 218
num of flexible agents: 200
num of flexible tasks: 450
Solving time: 0.0018775 seconds
plan limit 978
current timestep 219
num of flexible agents: 201
num of flexible tasks: 451
Solving time: 0.0017205 seconds
plan limit 978
current timestep 220
num of flexible agents: 198
num of flexible tasks: 448
Solving time: 0.0018049 seconds
plan limit 978
current timestep 221
num of flexible agents: 196
num of flexible tasks: 446
Solving time: 0.0016935 seconds
plan limit 978
current timestep 222
num of flexible agents: 200
num of flexible tasks: 450
Solving time: 0.001767 seconds
plan limit 978
current timestep 223
num of flexible agents: 198
num of flexible tasks: 448
Solving time: 0.0016348 seconds
plan limit 978
current timestep 224
num of flexible agents: 198
num of flexible tasks: 448
Solving time: 0.0016848 seconds
plan limit 978
current timestep 225
num of flexible agents: 196
num of flexible tasks: 446
Solving time: 0.0019813 seconds
plan limit 978
current timestep 226
num of flexible agents: 202
num of flexible tasks: 452
Solving time: 0.0017338 seconds
plan limit 978
current timestep 227
num of flexible agents: 201
num of flexible tasks: 451
Solving time: 0.0018008 seconds
plan limit 978
current timestep 228
num of flexible agents: 198
num of flexible tasks: 448
Solving time: 0.001822 seconds
plan limit 978
current timestep 229
num of flexible agents: 201
num of flexible tasks: 451
Solving time: 0.0018077 seconds
plan limit 978
current timestep 230
num of flexible agents: 196
num of flexible tasks: 446
Solving time: 0.0017751 seconds
plan limit 978
current timestep 231
num of flexible agents: 191
num of flexible tasks: 441
Solving time: 0.0017992 seconds
plan limit 978
current timestep 232
num of flexible agents: 193
num of flexible tasks: 443
Solving time: 0.0018012 seconds
plan limit 978
current timestep 233
num of flexible agents: 194
num of flexible tasks: 444
Solving time: 0.001754 seconds
plan limit 978
current timestep 234
num of flexible agents: 188
num of flexible tasks: 438
Solving time: 0.0017829 seconds
plan limit 978
current timestep 235
num of flexible agents: 187
num of flexible tasks: 437
Solving time: 0.0017614 seconds
plan limit 978
current timestep 236
num of flexible agents: 188
num of flexible tasks: 438
Solving time: 0.0017737 seconds
plan limit 978
current timestep 237
num of flexible agents: 187
num of flexible tasks: 437
Solving time: 0.0017307 seconds
plan limit 978
current timestep 238
num of flexible agents: 192
num of flexible tasks: 442
Solving time: 0.0018621 seconds
plan limit 978
current timestep 239
num of flexible agents: 197
num of flexible tasks: 447
Solving time: 0.0016549 seconds
plan limit 978
current timestep 240
num of flexible agents: 196
num of flexible tasks: 446
Solving time: 0.0017031 seconds
plan limit 978
current timestep 241
num of flexible agents: 196
num of flexible tasks: 446
Solving time: 0.001828 seconds
plan limit 978
current timestep 242
num of flexible agents: 195
num of flexible tasks: 445
Solving time: 0.0026541 seconds
plan limit 977
current timestep 243
num of flexible agents: 193
num of flexible tasks: 443
Solving time: 0.0018663 seconds
plan limit 978
current timestep 244
num of flexible agents: 201
num of flexible tasks: 451
Solving time: 0.0017682 seconds
plan limit 978
current timestep 245
num of flexible agents: 201
num of flexible tasks: 451
Solving time: 0.0018876 seconds
plan limit 978
current timestep 246
num of flexible agents: 199
num of flexible tasks: 449
Solving time: 0.0018128 seconds
plan limit 978
current timestep 247
num of flexible agents: 203
num of flexible tasks: 453
Solving time: 0.0018886 seconds
plan limit 978
current timestep 248
num of flexible agents: 203
num of flexible tasks: 453
Solving time: 0.0017401 seconds
plan limit 978
current timestep 249
num of flexible agents: 205
num of flexible tasks: 455
Solving time: 0.0018835 seconds
plan limit 978
current timestep 250
num of flexible agents: 207
num of flexible tasks: 457
Solving time: 0.0020932 seconds
plan limit 977
current timestep 251
num of flexible agents: 203
num of flexible tasks: 453
Solving time: 0.0018082 seconds
plan limit 978
current timestep 252
num of flexible agents: 204
num of flexible tasks: 454
Solving time: 0.0017387 seconds
plan limit 978
current timestep 253
num of flexible agents: 205
num of flexible tasks: 455
Solving time: 0.0018095 seconds
plan limit 978
current timestep 254
num of flexible agents: 209
num of flexible tasks: 459
Solving time: 0.0017569 seconds
plan limit 978
current timestep 255
num of flexible agents: 215
num of flexible tasks: 465
Solving time: 0.0018663 seconds
plan limit 978
current timestep 256
num of flexible agents: 212
num of flexible tasks: 462
Solving time: 0.0018499 seconds
plan limit 978
current timestep 257
num of flexible agents: 213
num of flexible tasks: 463
Solving time: 0.0018078 seconds
plan limit 978
current timestep 258
num of flexible agents: 214
num of flexible tasks: 464
Solving time: 0.0017547 seconds
plan limit 978
current timestep 259
num of flexible agents: 214
num of flexible tasks: 464
Solving time: 0.0018393 seconds
plan limit 978
current timestep 260
num of flexible agents: 210
num of flexible tasks: 460
Solving time: 0.0017041 seconds
plan limit 978
current timestep 261
num of flexible agents: 206
num of flexible tasks: 456
Solving time: 0.0017971 seconds
plan limit 978
current timestep 262
num of flexible agents: 211
num of flexible tasks: 461
Solving time: 0.0019111 seconds
plan limit 978
current timestep 263
num of flexible agents: 207
num of flexible tasks: 457
Solving time: 0.0017201 seconds
plan limit 978
current timestep 264
num of flexible agents: 208
num of flexible tasks: 458
Solving time: 0.0018089 seconds
plan limit 978
current timestep 265
num of flexible agents: 204
num of flexible tasks: 454
Solving time: 0.0017123 seconds
plan limit 978
current timestep 266
num of flexible agents: 198
num of flexible tasks: 448
Solving time: 0.0016571 seconds
plan limit 978
current timestep 267
num of flexible agents: 197
num of flexible tasks: 447
Solving time: 0.0017168 seconds
plan limit 978
current timestep 268
num of flexible agents: 196
num of flexible tasks: 446
Solving time: 0.0016911 seconds
plan limit 978
current timestep 269
num of flexible agents: 195
num of flexible tasks: 445
Solving time: 0.0017334 seconds
plan limit 978
current timestep 270
num of flexible agents: 195
num of flexible tasks: 445
Solving time: 0.0017432 seconds
plan limit 978
current timestep 271
num of flexible agents: 193
num of flexible tasks: 443
Solving time: 0.0017432 seconds
plan limit 978
current timestep 272
num of flexible agents: 195
num of flexible tasks: 445
Solving time: 0.001742 seconds
plan limit 978
current timestep 273
num of flexible agents: 197
num of flexible tasks: 447
Solving time: 0.0019361 seconds
plan limit 978
current timestep 274
num of flexible agents: 200
num of flexible tasks: 450
Solving time: 0.0019096 seconds
plan limit 978
current timestep 275
num of flexible agents: 201
num of flexible tasks: 451
Solving time: 0.0017145 seconds
plan limit 978
current timestep 276
num of flexible agents: 200
num of flexible tasks: 450
Solving time: 0.001809 seconds
plan limit 978
current timestep 277
num of flexible agents: 194
num of flexible tasks: 444
Solving time: 0.0017764 seconds
plan limit 978
current timestep 278
num of flexible agents: 196
num of flexible tasks: 446
Solving time: 0.0017466 seconds
plan limit 978
current timestep 279
num of flexible agents: 192
num of flexible tasks: 442
Solving time: 0.0017469 seconds
plan limit 978
current timestep 280
num of flexible agents: 190
num of flexible tasks: 440
Solving time: 0.0015978 seconds
plan limit 978
current timestep 281
num of flexible agents: 183
num of flexible tasks: 433
Solving time: 0.0017052 seconds
plan limit 978
current timestep 282
num of flexible agents: 181
num of flexible tasks: 431
Solving time: 0.0017479 seconds
plan limit 978
current timestep 283
num of flexible agents: 187
num of flexible tasks: 437
Solving time: 0.0017719 seconds
plan limit 978
current timestep 284
num of flexible agents: 186
num of flexible tasks: 436
Solving time: 0.00168 seconds
plan limit 978
current timestep 285
num of flexible agents: 183
num of flexible tasks: 433
Solving time: 0.0016499 seconds
plan limit 978
current timestep 286
num of flexible agents: 184
num of flexible tasks: 434
Solving time: 0.0017146 seconds
plan limit 978
current timestep 287
num of flexible agents: 192
num of flexible tasks: 442
Solving time: 0.0019895 seconds
plan limit 978
current timestep 288
num of flexible agents: 192
num of flexible tasks: 442
Solving time: 0.0020245 seconds
plan limit 978
current timestep 289
num of flexible agents: 199
num of flexible tasks: 449
Solving time: 0.0018398 seconds
plan limit 978
current timestep 290
num of flexible agents: 199
num of flexible tasks: 449
Solving time: 0.0018029 seconds
plan limit 978
current timestep 291
num of flexible agents: 201
num of flexible tasks: 451
Solving time: 0.0017867 seconds
plan limit 978
current timestep 292
num of flexible agents: 205
num of flexible tasks: 455
Solving time: 0.001939 seconds
plan limit 978
current timestep 293
num of flexible agents: 209
num of flexible tasks: 459
Solving time: 0.0018339 seconds
plan limit 978
current timestep 294
num of flexible agents: 209
num of flexible tasks: 459
Solving time: 0.0024767 seconds
plan limit 977
current timestep 295
num of flexible agents: 218
num of flexible tasks: 468
Solving time: 0.0020346 seconds
plan limit 978
current timestep 296
num of flexible agents: 217
num of flexible tasks: 467
Solving time: 0.0019472 seconds
plan limit 978
current timestep 297
num of flexible agents: 216
num of flexible tasks: 466
Solving time: 0.001928 seconds
plan limit 978
current timestep 298
num of flexible agents: 214
num of flexible tasks: 464
Solving time: 0.0020494 seconds
plan limit 978
current timestep 299
num of flexible agents: 216
num of flexible tasks: 466
Solving time: 0.0019473 seconds
plan limit 978
current timestep 300
num of flexible agents: 218
num of flexible tasks: 468
Solving time: 0.002052 seconds
plan limit 978
current timestep 301
num of flexible agents: 214
num of flexible tasks: 464
Solving time: 0.0020036 seconds
plan limit 978
current timestep 302
num of flexible agents: 216
num of flexible tasks: 466
Solving time: 0.0019282 seconds
plan limit 978
current timestep 303
num of flexible agents: 217
num of flexible tasks: 467
Solving time: 0.0019937 seconds
plan limit 978
current timestep 304
num of flexible agents: 214
num of flexible tasks: 464
Solving time: 0.0018825 seconds
plan limit 978
current timestep 305
num of flexible agents: 214
num of flexible tasks: 464
Solving time: 0.0020642 seconds
plan limit 978
current timestep 306
num of flexible agents: 216
num of flexible tasks: 466
Solving time: 0.0020159 seconds
plan limit 978
current timestep 307
num of flexible agents: 212
num of flexible tasks: 462
Solving time: 0.0020404 seconds
plan limit 978
current timestep 308
num of flexible agents: 210
num of flexible tasks: 460
Solving time: 0.0019548 seconds
plan limit 978
current timestep 309
num of flexible agents: 213
num of flexible tasks: 463
Solving time: 0.0018776 seconds
plan limit 978
current timestep 310
num of flexible agents: 211
num of flexible tasks: 461
Solving time: 0.001782 seconds
plan limit 978
current timestep 311
num of flexible agents: 205
num of flexible tasks: 455
Solving time: 0.0018416 seconds
plan limit 978
current timestep 312
num of flexible agents: 207
num of flexible tasks: 457
Solving time: 0.0018945 seconds
plan limit 978
current timestep 313
num of flexible agents: 204
num of flexible tasks: 454
Solving time: 0.0019112 seconds
plan limit 978
current timestep 314
num of flexible agents: 204
num of flexible tasks: 454
Solving time: 0.0019874 seconds
plan limit 978
current timestep 315
num of flexible agents: 211
num of flexible tasks: 461
Solving time: 0.0018457 seconds
plan limit 978
current timestep 316
num of flexible agents: 206
num of flexible tasks: 456
Solving time: 0.0017877 seconds
plan limit 978
current timestep 317
num of flexible agents: 202
num of flexible tasks: 452
Solving time: 0.0017976 seconds
plan limit 978
current timestep 318
num of flexible agents: 204
num of flexible tasks: 454
Solving time: 0.0019852 seconds
plan limit 978
current timestep 319
num of flexible agents: 205
num of flexible tasks: 455
Solving time: 0.0018926 seconds
plan limit 978
current timestep 320
num of flexible agents: 205
num of flexible tasks: 455
Solving time: 0.0018834 seconds
plan limit 978
current timestep 321
num of flexible agents: 211
num of flexible tasks: 461
Solving time: 0.0021292 seconds
plan limit 978
current timestep 322
num of flexible agents: 215
num of flexible tasks: 465
Solving time: 0.0047638 seconds
plan limit 974
current timestep 323
num of flexible agents: 215
num of flexible tasks: 465
Solving time: 0.00178 seconds
plan limit 978
current timestep 324
num of flexible agents: 212
num of flexible tasks: 462
Solving time: 0.0018172 seconds
plan limit 978
current timestep 325
num of flexible agents: 211
num of flexible tasks: 461
Solving time: 0.0019075 seconds
plan limit 978
current timestep 326
num of flexible agents: 211
num of flexible tasks: 461
Solving time: 0.0018279 seconds
plan limit 978
current timestep 327
num of flexible agents: 211
num of flexible tasks: 461
Solving time: 0.0018656 seconds
plan limit 978
current timestep 328
num of flexible agents: 210
num of flexible tasks: 460
Solving time: 0.0020206 seconds
plan limit 978
current timestep 329
num of flexible agents: 213
num of flexible tasks: 463
Solving time: 0.0019194 seconds
plan limit 978
current timestep 330
num of flexible agents: 211
num of flexible tasks: 461
Solving time: 0.0021904 seconds
plan limit 978
current timestep 331
num of flexible agents: 210
num of flexible tasks: 460
Solving time: 0.0018309 seconds
plan limit 978
current timestep 332
num of flexible agents: 214
num of flexible tasks: 464
Solving time: 0.0020902 seconds
plan limit 978
current timestep 333
num of flexible agents: 206
num of flexible tasks: 456
Solving time: 0.0019145 seconds
plan limit 978
current timestep 334
num of flexible agents: 201
num of flexible tasks: 451
Solving time: 0.0018028 seconds
plan limit 978
current timestep 335
num of flexible agents: 202
num of flexible tasks: 452
Solving time: 0.0018302 seconds
plan limit 978
current timestep 336
num of flexible agents: 203
num of flexible tasks: 453
Solving time: 0.0019535 seconds
plan limit 978
current timestep 337
num of flexible agents: 200
num of flexible tasks: 450
Solving time: 0.0018752 seconds
plan limit 978
current timestep 338
num of flexible agents: 195
num of flexible tasks: 445
Solving time: 0.0017963 seconds
plan limit 978
current timestep 339
num of flexible agents: 202
num of flexible tasks: 452
Solving time: 0.0022099 seconds
plan limit 978
current timestep 340
num of flexible agents: 202
num of flexible tasks: 452
Solving time: 0.0020644 seconds
plan limit 978
current timestep 341
num of flexible agents: 207
num of flexible tasks: 457
Solving time: 0.0019495 seconds
plan limit 978
current timestep 342
num of flexible agents: 209
num of flexible tasks: 459
Solving time: 0.0020724 seconds
plan limit 978
current timestep 343
num of flexible agents: 207
num of flexible tasks: 457
Solving time: 0.0018781 seconds
plan limit 978
current timestep 344
num of flexible agents: 216
num of flexible tasks: 466
Solving time: 0.0019881 seconds
plan limit 978
current timestep 345
num of flexible agents: 216
num of flexible tasks: 466
Solving time: 0.0018229 seconds
plan limit 978
current timestep 346
num of flexible agents: 217
num of flexible tasks: 467
Solving time: 0.0019216 seconds
plan limit 978
current timestep 347
num of flexible agents: 217
num of flexible tasks: 467
Solving time: 0.0017932 seconds
plan limit 978
current timestep 348
num of flexible agents: 214
num of flexible tasks: 464
Solving time: 0.0018203 seconds
plan limit 978
current timestep 349
num of flexible agents: 210
num of flexible tasks: 460
Solving time: 0.0018582 seconds
plan limit 978
current timestep 350
num of flexible agents: 208
num of flexible tasks: 458
Solving time: 0.0017621 seconds
plan limit 978
current timestep 351
num of flexible agents: 206
num of flexible tasks: 456
Solving time: 0.0018676 seconds
plan limit 978
current timestep 352
num of flexible agents: 205
num of flexible tasks: 455
Solving time: 0.0017899 seconds
plan limit 978
current timestep 353
num of flexible agents: 204
num of flexible tasks: 454
Solving time: 0.0018899 seconds
plan limit 978
current timestep 354
num of flexible agents: 205
num of flexible tasks: 455
Solving time: 0.0016315 seconds
plan limit 978
current timestep 355
num of flexible agents: 206
num of flexible tasks: 456
Solving time: 0.0019517 seconds
plan limit 978
current timestep 356
num of flexible agents: 209
num of flexible tasks: 459
Solving time: 0.0019925 seconds
plan limit 978
current timestep 357
num of flexible agents: 212
num of flexible tasks: 462
Solving time: 0.0018869 seconds
plan limit 978
current timestep 358
num of flexible agents: 209
num of flexible tasks: 459
Solving time: 0.0018941 seconds
plan limit 978
current timestep 359
num of flexible agents: 209
num of flexible tasks: 459
Solving time: 0.0018433 seconds
plan limit 978
current timestep 360
num of flexible agents: 210
num of flexible tasks: 460
Solving time: 0.0020476 seconds
plan limit 978
current timestep 361
num of flexible agents: 210
num of flexible tasks: 460
Solving time: 0.001783 seconds
plan limit 978
current timestep 362
num of flexible agents: 210
num of flexible tasks: 460
Solving time: 0.001937 seconds
plan limit 978
current timestep 363
num of flexible agents: 211
num of flexible tasks: 461
Solving time: 0.0019769 seconds
plan limit 978
current timestep 364
num of flexible agents: 214
num of flexible tasks: 464
Solving time: 0.0020582 seconds
plan limit 978
current timestep 365
num of flexible agents: 213
num of flexible tasks: 463
Solving time: 0.0020853 seconds
plan limit 978
current timestep 366
num of flexible agents: 217
num of flexible tasks: 467
Solving time: 0.001943 seconds
plan limit 978
current timestep 367
num of flexible agents: 221
num of flexible tasks: 471
Solving time: 0.0019151 seconds
plan limit 978
current timestep 368
num of flexible agents: 219
num of flexible tasks: 469
Solving time: 0.0019594 seconds
plan limit 978
current timestep 369
num of flexible agents: 219
num of flexible tasks: 469
Solving time: 0.0019171 seconds
plan limit 978
current timestep 370
num of flexible agents: 217
num of flexible tasks: 467
Solving time: 0.0018413 seconds
plan limit 978
current timestep 371
num of flexible agents: 220
num of flexible tasks: 470
Solving time: 0.0022383 seconds
plan limit 978
current timestep 372
num of flexible agents: 222
num of flexible tasks: 472
Solving time: 0.0023411 seconds
plan limit 977
current timestep 373
num of flexible agents: 222
num of flexible tasks: 472
Solving time: 0.0018634 seconds
plan limit 978
current timestep 374
num of flexible agents: 224
num of flexible tasks: 474
Solving time: 0.0019377 seconds
plan limit 978
current timestep 375
num of flexible agents: 226
num of flexible tasks: 476
Solving time: 0.001931 seconds
plan limit 978
current timestep 376
num of flexible agents: 219
num of flexible tasks: 469
Solving time: 0.0018747 seconds
plan limit 978
current timestep 377
num of flexible agents: 220
num of flexible tasks: 470
Solving time: 0.0018402 seconds
plan limit 978
current timestep 378
num of flexible agents: 219
num of flexible tasks: 469
Solving time: 0.0018437 seconds
plan limit 978
current timestep 379
num of flexible agents: 209
num of flexible tasks: 459
Solving time: 0.001836 seconds
plan limit 978
current timestep 380
num of flexible agents: 208
num of flexible tasks: 458
Solving time: 0.0019329 seconds
plan limit 978
current timestep 381
num of flexible agents: 207
num of flexible tasks: 457
Solving time: 0.0017889 seconds
plan limit 978
current timestep 382
num of flexible agents: 205
num of flexible tasks: 455
Solving time: 0.0018076 seconds
plan limit 978
current timestep 383
num of flexible agents: 200
num of flexible tasks: 450
Solving time: 0.0018541 seconds
plan limit 978
current timestep 384
num of flexible agents: 205
num of flexible tasks: 455
Solving time: 0.0019576 seconds
plan limit 978
current timestep 385
num of flexible agents: 202
num of flexible tasks: 452
Solving time: 0.0017266 seconds
plan limit 978
current timestep 386
num of flexible agents: 196
num of flexible tasks: 446
Solving time: 0.0018461 seconds
plan limit 978
current timestep 387
num of flexible agents: 195
num of flexible tasks: 445
Solving time: 0.002034 seconds
plan limit 978
current timestep 388
num of flexible agents: 197
num of flexible tasks: 447
Solving time: 0.0018545 seconds
plan limit 978
current timestep 389
num of flexible agents: 197
num of flexible tasks: 447
Solving time: 0.0017904 seconds
plan limit 978
current timestep 390
num of flexible agents: 199
num of flexible tasks: 449
Solving time: 0.0019163 seconds
plan limit 978
current timestep 391
num of flexible agents: 198
num of flexible tasks: 448
Solving time: 0.0018585 seconds
plan limit 978
current timestep 392
num of flexible agents: 201
num of flexible tasks: 451
Solving time: 0.0020316 seconds
plan limit 978
current timestep 393
num of flexible agents: 202
num of flexible tasks: 452
Solving time: 0.001838 seconds
plan limit 978
current timestep 394
num of flexible agents: 206
num of flexible tasks: 456
Solving time: 0.0020498 seconds
plan limit 978
current timestep 395
num of flexible agents: 208
num of flexible tasks: 458
Solving time: 0.0019381 seconds
plan limit 978
current timestep 396
num of flexible agents: 211
num of flexible tasks: 461
Solving time: 0.0018581 seconds
plan limit 978
current timestep 397
num of flexible agents: 211
num of flexible tasks: 461
Solving time: 0.0017629 seconds
plan limit 978
current timestep 398
num of flexible agents: 208
num of flexible tasks: 458
Solving time: 0.0018844 seconds
plan limit 978
current timestep 399
num of flexible agents: 207
num of flexible tasks: 457
Solving time: 0.0020612 seconds
plan limit 978
current timestep 400
num of flexible agents: 203
num of flexible tasks: 453
Solving time: 0.001861 seconds
plan limit 978
current timestep 401
num of flexible agents: 198
num of flexible tasks: 448
Solving time: 0.0018162 seconds
plan limit 978
current timestep 402
num of flexible agents: 195
num of flexible tasks: 445
Solving time: 0.0017482 seconds
plan limit 978
current timestep 403
num of flexible agents: 193
num of flexible tasks: 443
Solving time: 0.0019667 seconds
plan limit 978
current timestep 404
num of flexible agents: 198
num of flexible tasks: 448
Solving time: 0.0018122 seconds
plan limit 978
current timestep 405
num of flexible agents: 198
num of flexible tasks: 448
Solving time: 0.001735 seconds
plan limit 978
current timestep 406
num of flexible agents: 192
num of flexible tasks: 442
Solving time: 0.0020559 seconds
plan limit 978
current timestep 407
num of flexible agents: 192
num of flexible tasks: 442
Solving time: 0.001837 seconds
plan limit 978
current timestep 408
num of flexible agents: 190
num of flexible tasks: 440
Solving time: 0.0018488 seconds
plan limit 978
current timestep 409
num of flexible agents: 189
num of flexible tasks: 439
Solving time: 0.0018543 seconds
plan limit 978
current timestep 410
num of flexible agents: 191
num of flexible tasks: 441
Solving time: 0.0018159 seconds
plan limit 978
current timestep 411
num of flexible agents: 189
num of flexible tasks: 439
Solving time: 0.0018818 seconds
plan limit 978
current timestep 412
num of flexible agents: 183
num of flexible tasks: 433
Solving time: 0.0020353 seconds
plan limit 978
current timestep 413
num of flexible agents: 186
num of flexible tasks: 436
Solving time: 0.0017598 seconds
plan limit 978
current timestep 414
num of flexible agents: 187
num of flexible tasks: 437
Solving time: 0.0018447 seconds
plan limit 978
current timestep 415
num of flexible agents: 184
num of flexible tasks: 434
Solving time: 0.0018386 seconds
plan limit 978
current timestep 416
num of flexible agents: 183
num of flexible tasks: 433
Solving time: 0.0019204 seconds
plan limit 978
current timestep 417
num of flexible agents: 180
num of flexible tasks: 430
Solving time: 0.0019529 seconds
plan limit 978
current timestep 418
num of flexible agents: 183
num of flexible tasks: 433
Solving time: 0.0021186 seconds
plan limit 978
current timestep 419
num of flexible agents: 184
num of flexible tasks: 434
Solving time: 0.0019602 seconds
plan limit 978
current timestep 420
num of flexible agents: 184
num of flexible tasks: 434
Solving time: 0.0019963 seconds
plan limit 978
current timestep 421
num of flexible agents: 188
num of flexible tasks: 438
Solving time: 0.0019885 seconds
plan limit 978
current timestep 422
num of flexible agents: 192
num of flexible tasks: 442
Solving time: 0.0018703 seconds
plan limit 978
current timestep 423
num of flexible agents: 186
num of flexible tasks: 436
Solving time: 0.0021511 seconds
plan limit 978
current timestep 424
num of flexible agents: 186
num of flexible tasks: 436
Solving time: 0.0025194 seconds
plan limit 977
current timestep 425
num of flexible agents: 185
num of flexible tasks: 435
Solving time: 0.0019389 seconds
plan limit 978
current timestep 426
num of flexible agents: 190
num of flexible tasks: 440
Solving time: 0.0018827 seconds
plan limit 978
current timestep 427
num of flexible agents: 189
num of flexible tasks: 439
Solving time: 0.001798 seconds
plan limit 978
current timestep 428
num of flexible agents: 195
num of flexible tasks: 445
Solving time: 0.0018121 seconds
plan limit 978
current timestep 429
num of flexible agents: 197
num of flexible tasks: 447
Solving time: 0.0017541 seconds
plan limit 978
current timestep 430
num of flexible agents: 197
num of flexible tasks: 447
Solving time: 0.0018896 seconds
plan limit 978
current timestep 431
num of flexible agents: 199
num of flexible tasks: 449
Solving time: 0.0018079 seconds
plan limit 978
current timestep 432
num of flexible agents: 204
num of flexible tasks: 454
Solving time: 0.001801 seconds
plan limit 978
current timestep 433
num of flexible agents: 202
num of flexible tasks: 452
Solving time: 0.0019391 seconds
plan limit 978
current timestep 434
num of flexible agents: 200
num of flexible tasks: 450
Solving time: 0.0019275 seconds
plan limit 978
current timestep 435
num of flexible agents: 198
num of flexible tasks: 448
Solving time: 0.0018372 seconds
plan limit 978
current timestep 436
num of flexible agents: 197
num of flexible tasks: 447
Solving time: 0.0019278 seconds
plan limit 978
current timestep 437
num of flexible agents: 199
num of flexible tasks: 449
Solving time: 0.0018685 seconds
plan limit 978
current timestep 438
num of flexible agents: 202
num of flexible tasks: 452
Solving time: 0.0019181 seconds
plan limit 978
current timestep 439
num of flexible agents: 204
num of flexible tasks: 454
Solving time: 0.0018161 seconds
plan limit 978
current timestep 440
num of flexible agents: 202
num of flexible tasks: 452
Solving time: 0.0020216 seconds
plan limit 978
current timestep 441
num of flexible agents: 198
num of flexible tasks: 448
Solving time: 0.0017887 seconds
plan limit 978
current timestep 442
num of flexible agents: 197
num of flexible tasks: 447
Solving time: 0.0023868 seconds
plan limit 977
current timestep 443
num of flexible agents: 193
num of flexible tasks: 443
Solving time: 0.0017982 seconds
plan limit 978
current timestep 444
num of flexible agents: 191
num of flexible tasks: 441
Solving time: 0.0018862 seconds
plan limit 978
current timestep 445
num of flexible agents: 195
num of flexible tasks: 445
Solving time: 0.0019167 seconds
plan limit 978
current timestep 446
num of flexible agents: 198
num of flexible tasks: 448
Solving time: 0.0019048 seconds
plan limit 978
current timestep 447
num of flexible agents: 197
num of flexible tasks: 447
Solving time: 0.0018998 seconds
plan limit 978
current timestep 448
num of flexible agents: 192
num of flexible tasks: 442
Solving time: 0.0018619 seconds
plan limit 978
current timestep 449
num of flexible agents: 194
num of flexible tasks: 444
Solving time: 0.0018869 seconds
plan limit 978
current timestep 450
num of flexible agents: 201
num of flexible tasks: 451
Solving time: 0.0018452 seconds
plan limit 978
current timestep 451
num of flexible agents: 198
num of flexible tasks: 448
Solving time: 0.0018881 seconds
plan limit 978
current timestep 452
num of flexible agents: 203
num of flexible tasks: 453
Solving time: 0.0018501 seconds
plan limit 978
current timestep 453
num of flexible agents: 209
num of flexible tasks: 459
Solving time: 0.0018716 seconds
plan limit 978
current timestep 454
num of flexible agents: 206
num of flexible tasks: 456
Solving time: 0.0020552 seconds
plan limit 978
current timestep 455
num of flexible agents: 206
num of flexible tasks: 456
Solving time: 0.0036218 seconds
plan limit 976
current timestep 456
num of flexible agents: 207
num of flexible tasks: 457
Solving time: 0.0018878 seconds
plan limit 978
current timestep 457
num of flexible agents: 214
num of flexible tasks: 464
Solving time: 0.0018859 seconds
plan limit 978
current timestep 458
num of flexible agents: 215
num of flexible tasks: 465
Solving time: 0.0019165 seconds
plan limit 978
current timestep 459
num of flexible agents: 219
num of flexible tasks: 469
Solving time: 0.0019103 seconds
plan limit 978
current timestep 460
num of flexible agents: 219
num of flexible tasks: 469
Solving time: 0.0018857 seconds
plan limit 978
current timestep 461
num of flexible agents: 216
num of flexible tasks: 466
Solving time: 0.0020051 seconds
plan limit 978
current timestep 462
num of flexible agents: 217
num of flexible tasks: 467
Solving time: 0.0019218 seconds
plan limit 978
current timestep 463
num of flexible agents: 217
num of flexible tasks: 467
Solving time: 0.0018356 seconds
plan limit 978
current timestep 464
num of flexible agents: 216
num of flexible tasks: 466
Solving time: 0.00178 seconds
plan limit 978
current timestep 465
num of flexible agents: 216
num of flexible tasks: 466
Solving time: 0.0017353 seconds
plan limit 978
current timestep 466
num of flexible agents: 218
num of flexible tasks: 468
Solving time: 0.0017925 seconds
plan limit 978
current timestep 467
num of flexible agents: 213
num of flexible tasks: 463
Solving time: 0.0017748 seconds
plan limit 978
current timestep 468
num of flexible agents: 213
num of flexible tasks: 463
Solving time: 0.0018862 seconds
plan limit 978
current timestep 469
num of flexible agents: 211
num of flexible tasks: 461
Solving time: 0.0016838 seconds
plan limit 978
current timestep 470
num of flexible agents: 209
num of flexible tasks: 459
Solving time: 0.0017741 seconds
plan limit 978
current timestep 471
num of flexible agents: 207
num of flexible tasks: 457
Solving time: 0.0019399 seconds
plan limit 978
current timestep 472
num of flexible agents: 210
num of flexible tasks: 460
Solving time: 0.0021937 seconds
plan limit 978
current timestep 473
num of flexible agents: 216
num of flexible tasks: 466
Solving time: 0.001826 seconds
plan limit 978
current timestep 474
num of flexible agents: 219
num of flexible tasks: 469
Solving time: 0.0019498 seconds
plan limit 978
current timestep 475
num of flexible agents: 218
num of flexible tasks: 468
Solving time: 0.0018352 seconds
plan limit 978
current timestep 476
num of flexible agents: 213
num of flexible tasks: 463
Solving time: 0.0019486 seconds
plan limit 978
current timestep 477
num of flexible agents: 212
num of flexible tasks: 462
Solving time: 0.0019188 seconds
plan limit 978
current timestep 478
num of flexible agents: 212
num of flexible tasks: 462
Solving time: 0.0019497 seconds
plan limit 978
current timestep 479
num of flexible agents: 215
num of flexible tasks: 465
Solving time: 0.0019796 seconds
plan limit 978
current timestep 480
num of flexible agents: 214
num of flexible tasks: 464
Solving time: 0.0021258 seconds
plan limit 978
current timestep 481
num of flexible agents: 211
num of flexible tasks: 461
Solving time: 0.0018525 seconds
plan limit 978
current timestep 482
num of flexible agents: 207
num of flexible tasks: 457
Solving time: 0.0019794 seconds
plan limit 978
current timestep 483
num of flexible agents: 209
num of flexible tasks: 459
Solving time: 0.0019906 seconds
plan limit 978
current timestep 484
num of flexible agents: 211
num of flexible tasks: 461
Solving time: 0.0019156 seconds
plan limit 978
current timestep 485
num of flexible agents: 212
num of flexible tasks: 462
Solving time: 0.0019746 seconds
plan limit 978
current timestep 486
num of flexible agents: 210
num of flexible tasks: 460
Solving time: 0.0017622 seconds
plan limit 978
current timestep 487
num of flexible agents: 210
num of flexible tasks: 460
Solving time: 0.001878 seconds
plan limit 978
current timestep 488
num of flexible agents: 208
num of flexible tasks: 458
Solving time: 0.0017978 seconds
plan limit 978
current timestep 489
num of flexible agents: 206
num of flexible tasks: 456
Solving time: 0.0018458 seconds
plan limit 978
current timestep 490
num of flexible agents: 209
num of flexible tasks: 459
Solving time: 0.0022207 seconds
plan limit 978
current timestep 491
num of flexible agents: 208
num of flexible tasks: 458
Solving time: 0.002118 seconds
plan limit 978
current timestep 492
num of flexible agents: 210
num of flexible tasks: 460
Solving time: 0.0021501 seconds
plan limit 978
current timestep 493
num of flexible agents: 207
num of flexible tasks: 457
Solving time: 0.0018964 seconds
plan limit 978
current timestep 494
num of flexible agents: 214
num of flexible tasks: 464
Solving time: 0.0019421 seconds
plan limit 978
current timestep 495
num of flexible agents: 207
num of flexible tasks: 457
Solving time: 0.0020395 seconds
plan limit 978
current timestep 496
num of flexible agents: 204
num of flexible tasks: 454
Solving time: 0.0020919 seconds
plan limit 978
current timestep 497
num of flexible agents: 198
num of flexible tasks: 448
Solving time: 0.0019127 seconds
plan limit 978
current timestep 498
num of flexible agents: 198
num of flexible tasks: 448
Solving time: 0.0018247 seconds
plan limit 978
current timestep 499
num of flexible agents: 198
num of flexible tasks: 448
Solving time: 0.0018834 seconds
plan limit 978
current timestep 500
num of flexible agents: 198
num of flexible tasks: 448
Solving time: 0.0019165 seconds
plan limit 978
current timestep 501
num of flexible agents: 197
num of flexible tasks: 447
Solving time: 0.0019227 seconds
plan limit 978
current timestep 502
num of flexible agents: 197
num of flexible tasks: 447
Solving time: 0.0019785 seconds
plan limit 978
current timestep 503
num of flexible agents: 197
num of flexible tasks: 447
Solving time: 0.0019162 seconds
plan limit 978
current timestep 504
num of flexible agents: 199
num of flexible tasks: 449
Solving time: 0.0028377 seconds
plan limit 977
current timestep 505
num of flexible agents: 200
num of flexible tasks: 450
Solving time: 0.0019787 seconds
plan limit 978
current timestep 506
num of flexible agents: 202
num of flexible tasks: 452
Solving time: 0.0019866 seconds
plan limit 978
current timestep 507
num of flexible agents: 205
num of flexible tasks: 455
Solving time: 0.0018762 seconds
plan limit 978
current timestep 508
num of flexible agents: 203
num of flexible tasks: 453
Solving time: 0.0018219 seconds
plan limit 978
current timestep 509
num of flexible agents: 198
num of flexible tasks: 448
Solving time: 0.0018284 seconds
plan limit 978
current timestep 510
num of flexible agents: 202
num of flexible tasks: 452
Solving time: 0.0019085 seconds
plan limit 978
current timestep 511
num of flexible agents: 208
num of flexible tasks: 458
Solving time: 0.0020473 seconds
plan limit 978
current timestep 512
num of flexible agents: 214
num of flexible tasks: 464
Solving time: 0.0021382 seconds
plan limit 978
current timestep 513
num of flexible agents: 215
num of flexible tasks: 465
Solving time: 0.0019522 seconds
plan limit 978
current timestep 514
num of flexible agents: 215
num of flexible tasks: 465
Solving time: 0.0018507 seconds
plan limit 978
current timestep 515
num of flexible agents: 220
num of flexible tasks: 470
Solving time: 0.0019262 seconds
plan limit 978
current timestep 516
num of flexible agents: 226
num of flexible tasks: 476
Solving time: 0.0019971 seconds
plan limit 978
current timestep 517
num of flexible agents: 226
num of flexible tasks: 476
Solving time: 0.0020334 seconds
plan limit 978
current timestep 518
num of flexible agents: 226
num of flexible tasks: 476
Solving time: 0.0020888 seconds
plan limit 978
current timestep 519
num of flexible agents: 225
num of flexible tasks: 475
Solving time: 0.0018577 seconds
plan limit 978
current timestep 520
num of flexible agents: 226
num of flexible tasks: 476
Solving time: 0.0018888 seconds
plan limit 978
current timestep 521
num of flexible agents: 227
num of flexible tasks: 477
Solving time: 0.00195 seconds
plan limit 978
current timestep 522
num of flexible agents: 233
num of flexible tasks: 483
Solving time: 0.0018186 seconds
plan limit 978
current timestep 523
num of flexible agents: 233
num of flexible tasks: 483
Solving time: 0.0018894 seconds
plan limit 978
current timestep 524
num of flexible agents: 230
num of flexible tasks: 480
Solving time: 0.0017427 seconds
plan limit 978
current timestep 525
num of flexible agents: 228
num of flexible tasks: 478
Solving time: 0.0024918 seconds
plan limit 977
current timestep 526
num of flexible agents: 223
num of flexible tasks: 473
Solving time: 0.0018962 seconds
plan limit 978
current timestep 527
num of flexible agents: 218
num of flexible tasks: 468
Solving time: 0.001791 seconds
plan limit 978
current timestep 528
num of flexible agents: 221
num of flexible tasks: 471
Solving time: 0.001845 seconds
plan limit 978
current timestep 529
num of flexible agents: 219
num of flexible tasks: 469
Solving time: 0.0019004 seconds
plan limit 978
current timestep 530
num of flexible agents: 219
num of flexible tasks: 469
Solving time: 0.0018869 seconds
plan limit 978
current timestep 531
num of flexible agents: 215
num of flexible tasks: 465
Solving time: 0.0019623 seconds
plan limit 978
current timestep 532
num of flexible agents: 215
num of flexible tasks: 465
Solving time: 0.0019131 seconds
plan limit 978
current timestep 533
num of flexible agents: 213
num of flexible tasks: 463
Solving time: 0.0019859 seconds
plan limit 978
current timestep 534
num of flexible agents: 212
num of flexible tasks: 462
Solving time: 0.0023798 seconds
plan limit 977
current timestep 535
num of flexible agents: 213
num of flexible tasks: 463
Solving time: 0.0018253 seconds
plan limit 978
current timestep 536
num of flexible agents: 212
num of flexible tasks: 462
Solving time: 0.0017746 seconds
plan limit 978
current timestep 537
num of flexible agents: 206
num of flexible tasks: 456
Solving time: 0.0018613 seconds
plan limit 978
current timestep 538
num of flexible agents: 202
num of flexible tasks: 452
Solving time: 0.0018857 seconds
plan limit 978
current timestep 539
num of flexible agents: 208
num of flexible tasks: 458
Solving time: 0.0020716 seconds
plan limit 978
current timestep 540
num of flexible agents: 206
num of flexible tasks: 456
Solving time: 0.0018272 seconds
plan limit 978
current timestep 541
num of flexible agents: 201
num of flexible tasks: 451
Solving time: 0.0018802 seconds
plan limit 978
current timestep 542
num of flexible agents: 202
num of flexible tasks: 452
Solving time: 0.0018487 seconds
plan limit 978
current timestep 543
num of flexible agents: 200
num of flexible tasks: 450
Solving time: 0.001833 seconds
plan limit 978
current timestep 544
num of flexible agents: 202
num of flexible tasks: 452
Solving time: 0.001934 seconds
plan limit 978
current timestep 545
num of flexible agents: 204
num of flexible tasks: 454
Solving time: 0.0020015 seconds
plan limit 978
current timestep 546
num of flexible agents: 207
num of flexible tasks: 457
Solving time: 0.0018989 seconds
plan limit 978
current timestep 547
num of flexible agents: 207
num of flexible tasks: 457
Solving time: 0.0017821 seconds
plan limit 978
current timestep 548
num of flexible agents: 205
num of flexible tasks: 455
Solving time: 0.0017819 seconds
plan limit 978
current timestep 549
num of flexible agents: 200
num of flexible tasks: 450
Solving time: 0.001797 seconds
plan limit 978
current timestep 550
num of flexible agents: 204
num of flexible tasks: 454
Solving time: 0.0017098 seconds
plan limit 978
current timestep 551
num of flexible agents: 203
num of flexible tasks: 453
Solving time: 0.0017695 seconds
plan limit 978
current timestep 552
num of flexible agents: 198
num of flexible tasks: 448
Solving time: 0.001804 seconds
plan limit 978
current timestep 553
num of flexible agents: 202
num of flexible tasks: 452
Solving time: 0.0017734 seconds
plan limit 978
current timestep 554
num of flexible agents: 207
num of flexible tasks: 457
Solving time: 0.0017582 seconds
plan limit 978
current timestep 555
num of flexible agents: 210
num of flexible tasks: 460
Solving time: 0.0017878 seconds
plan limit 978
current timestep 556
num of flexible agents: 209
num of flexible tasks: 459
Solving time: 0.0018649 seconds
plan limit 978
current timestep 557
num of flexible agents: 202
num of flexible tasks: 452
Solving time: 0.0019237 seconds
plan limit 978
current timestep 558
num of flexible agents: 195
num of flexible tasks: 445
Solving time: 0.0017875 seconds
plan limit 978
current timestep 559
num of flexible agents: 194
num of flexible tasks: 444
Solving time: 0.0017763 seconds
plan limit 978
current timestep 560
num of flexible agents: 194
num of flexible tasks: 444
Solving time: 0.0017611 seconds
plan limit 978
current timestep 561
num of flexible agents: 197
num of flexible tasks: 447
Solving time: 0.0018221 seconds
plan limit 978
current timestep 562
num of flexible agents: 198
num of flexible tasks: 448
Solving time: 0.001886 seconds
plan limit 978
current timestep 563
num of flexible agents: 198
num of flexible tasks: 448
Solving time: 0.0018064 seconds
plan limit 978
current timestep 564
num of flexible agents: 196
num of flexible tasks: 446
Solving time: 0.0017882 seconds
plan limit 978
current timestep 565
num of flexible agents: 197
num of flexible tasks: 447
Solving time: 0.001912 seconds
plan limit 978
current timestep 566
num of flexible agents: 200
num of flexible tasks: 450
Solving time: 0.0018818 seconds
plan limit 978
current timestep 567
num of flexible agents: 203
num of flexible tasks: 453
Solving time: 0.0019429 seconds
plan limit 978
current timestep 568
num of flexible agents: 198
num of flexible tasks: 448
Solving time: 0.0018745 seconds
plan limit 978
current timestep 569
num of flexible agents: 200
num of flexible tasks: 450
Solving time: 0.0023896 seconds
plan limit 977
current timestep 570
num of flexible agents: 202
num of flexible tasks: 452
Solving time: 0.0022346 seconds
plan limit 978
current timestep 571
num of flexible agents: 206
num of flexible tasks: 456
Solving time: 0.0018812 seconds
plan limit 978
current timestep 572
num of flexible agents: 202
num of flexible tasks: 452
Solving time: 0.0018546 seconds
plan limit 978
current timestep 573
num of flexible agents: 203
num of flexible tasks: 453
Solving time: 0.0019573 seconds
plan limit 978
current timestep 574
num of flexible agents: 205
num of flexible tasks: 455
Solving time: 0.0019784 seconds
plan limit 978
current timestep 575
num of flexible agents: 205
num of flexible tasks: 455
Solving time: 0.0018512 seconds
plan limit 978
current timestep 576
num of flexible agents: 207
num of flexible tasks: 457
Solving time: 0.0018712 seconds
plan limit 978
current timestep 577
num of flexible agents: 207
num of flexible tasks: 457
Solving time: 0.0019129 seconds
plan limit 978
current timestep 578
num of flexible agents: 207
num of flexible tasks: 457
Solving time: 0.0018393 seconds
plan limit 978
current timestep 579
num of flexible agents: 206
num of flexible tasks: 456
Solving time: 0.0019912 seconds
plan limit 978
current timestep 580
num of flexible agents: 207
num of flexible tasks: 457
Solving time: 0.0022202 seconds
plan limit 978
current timestep 581
num of flexible agents: 209
num of flexible tasks: 459
Solving time: 0.0018782 seconds
plan limit 978
current timestep 582
num of flexible agents: 213
num of flexible tasks: 463
Solving time: 0.0020564 seconds
plan limit 978
current timestep 583
num of flexible agents: 212
num of flexible tasks: 462
Solving time: 0.0018824 seconds
plan limit 978
current timestep 584
num of flexible agents: 207
num of flexible tasks: 457
Solving time: 0.0018074 seconds
plan limit 978
current timestep 585
num of flexible agents: 204
num of flexible tasks: 454
Solving time: 0.0019611 seconds
plan limit 978
current timestep 586
num of flexible agents: 205
num of flexible tasks: 455
Solving time: 0.0017715 seconds
plan limit 978
current timestep 587
num of flexible agents: 214
num of flexible tasks: 464
Solving time: 0.0018838 seconds
plan limit 978
current timestep 588
num of flexible agents: 214
num of flexible tasks: 464
Solving time: 0.0018163 seconds
plan limit 978
current timestep 589
num of flexible agents: 214
num of flexible tasks: 464
Solving time: 0.0017846 seconds
plan limit 978
current timestep 590
num of flexible agents: 218
num of flexible tasks: 468
Solving time: 0.0019577 seconds
plan limit 978
current timestep 591
num of flexible agents: 216
num of flexible tasks: 466
Solving time: 0.0018634 seconds
plan limit 978
current timestep 592
num of flexible agents: 220
num of flexible tasks: 470
Solving time: 0.0018121 seconds
plan limit 978
current timestep 593
num of flexible agents: 224
num of flexible tasks: 474
Solving time: 0.0020653 seconds
plan limit 978
current timestep 594
num of flexible agents: 230
num of flexible tasks: 480
Solving time: 0.0022946 seconds
plan limit 977
current timestep 595
num of flexible agents: 234
num of flexible tasks: 484
Solving time: 0.001997 seconds
plan limit 978
current timestep 596
num of flexible agents: 232
num of flexible tasks: 482
Solving time: 0.0018452 seconds
plan limit 978
current timestep 597
num of flexible agents: 229
num of flexible tasks: 479
Solving time: 0.0017962 seconds
plan limit 978
current timestep 598
num of flexible agents: 230
num of flexible tasks: 480
Solving time: 0.0018986 seconds
plan limit 978
current timestep 599
num of flexible agents: 233
num of flexible tasks: 483
Solving time: 0.0018693 seconds
plan limit 978
current timestep 600
num of flexible agents: 232
num of flexible tasks: 482
Solving time: 0.0019866 seconds
plan limit 978
current timestep 601
num of flexible agents: 228
num of flexible tasks: 478
Solving time: 0.0019503 seconds
plan limit 978
current timestep 602
num of flexible agents: 224
num of flexible tasks: 474
Solving time: 0.0019067 seconds
plan limit 978
current timestep 603
num of flexible agents: 220
num of flexible tasks: 470
Solving time: 0.0017926 seconds
plan limit 978
current timestep 604
num of flexible agents: 214
num of flexible tasks: 464
Solving time: 0.0018369 seconds
plan limit 978
current timestep 605
num of flexible agents: 215
num of flexible tasks: 465
Solving time: 0.001813 seconds
plan limit 978
current timestep 606
num of flexible agents: 208
num of flexible tasks: 458
Solving time: 0.0019084 seconds
plan limit 978
current timestep 607
num of flexible agents: 207
num of flexible tasks: 457
Solving time: 0.0017465 seconds
plan limit 978
current timestep 608
num of flexible agents: 210
num of flexible tasks: 460
Solving time: 0.0019463 seconds
plan limit 978
current timestep 609
num of flexible agents: 213
num of flexible tasks: 463
Solving time: 0.0017597 seconds
plan limit 978
current timestep 610
num of flexible agents: 207
num of flexible tasks: 457
Solving time: 0.0018651 seconds
plan limit 978
current timestep 611
num of flexible agents: 201
num of flexible tasks: 451
Solving time: 0.0018608 seconds
plan limit 978
current timestep 612
num of flexible agents: 195
num of flexible tasks: 445
Solving time: 0.0016736 seconds
plan limit 978
current timestep 613
num of flexible agents: 198
num of flexible tasks: 448
Solving time: 0.0019577 seconds
plan limit 978
current timestep 614
num of flexible agents: 194
num of flexible tasks: 444
Solving time: 0.0017909 seconds
plan limit 978
current timestep 615
num of flexible agents: 196
num of flexible tasks: 446
Solving time: 0.0018629 seconds
plan limit 978
current timestep 616
num of flexible agents: 196
num of flexible tasks: 446
Solving time: 0.0019876 seconds
plan limit 978
current timestep 617
num of flexible agents: 194
num of flexible tasks: 444
Solving time: 0.0018703 seconds
plan limit 978
current timestep 618
num of flexible agents: 192
num of flexible tasks: 442
Solving time: 0.0018169 seconds
plan limit 978
current timestep 619
num of flexible agents: 186
num of flexible tasks: 436
Solving time: 0.0018889 seconds
plan limit 978
current timestep 620
num of flexible agents: 185
num of flexible tasks: 435
Solving time: 0.0018743 seconds
plan limit 978
current timestep 621
num of flexible agents: 183
num of flexible tasks: 433
Solving time: 0.0018655 seconds
plan limit 978
current timestep 622
num of flexible agents: 185
num of flexible tasks: 435
Solving time: 0.0016954 seconds
plan limit 978
current timestep 623
num of flexible agents: 184
num of flexible tasks: 434
Solving time: 0.0017668 seconds
plan limit 978
current timestep 624
num of flexible agents: 184
num of flexible tasks: 434
Solving time: 0.0021885 seconds
plan limit 978
current timestep 625
num of flexible agents: 187
num of flexible tasks: 437
Solving time: 0.0018232 seconds
plan limit 978
current timestep 626
num of flexible agents: 186
num of flexible tasks: 436
Solving time: 0.0018317 seconds
plan limit 978
current timestep 627
num of flexible agents: 181
num of flexible tasks: 431
Solving time: 0.0017979 seconds
plan limit 978
current timestep 628
num of flexible agents: 189
num of flexible tasks: 439
Solving time: 0.0017567 seconds
plan limit 978
current timestep 629
num of flexible agents: 194
num of flexible tasks: 444
Solving time: 0.0018089 seconds
plan limit 978
current timestep 630
num of flexible agents: 195
num of flexible tasks: 445
Solving time: 0.0018283 seconds
plan limit 978
current timestep 631
num of flexible agents: 195
num of flexible tasks: 445
Solving time: 0.0019894 seconds
plan limit 978
current timestep 632
num of flexible agents: 204
num of flexible tasks: 454
Solving time: 0.002007 seconds
plan limit 978
current timestep 633
num of flexible agents: 201
num of flexible tasks: 451
Solving time: 0.0019802 seconds
plan limit 978
current timestep 634
num of flexible agents: 203
num of flexible tasks: 453
Solving time: 0.0019512 seconds
plan limit 978
current timestep 635
num of flexible agents: 202
num of flexible tasks: 452
Solving time: 0.0019998 seconds
plan limit 978
current timestep 636
num of flexible agents: 200
num of flexible tasks: 450
Solving time: 0.0021095 seconds
plan limit 978
current timestep 637
num of flexible agents: 201
num of flexible tasks: 451
Solving time: 0.0020189 seconds
plan limit 978
current timestep 638
num of flexible agents: 205
num of flexible tasks: 455
Solving time: 0.0019087 seconds
plan limit 978
current timestep 639
num of flexible agents: 211
num of flexible tasks: 461
Solving time: 0.0018244 seconds
plan limit 978
current timestep 640
num of flexible agents: 211
num of flexible tasks: 461
Solving time: 0.0019436 seconds
plan limit 978
current timestep 641
num of flexible agents: 218
num of flexible tasks: 468
Solving time: 0.0018802 seconds
plan limit 978
current timestep 642
num of flexible agents: 218
num of flexible tasks: 468
Solving time: 0.001934 seconds
plan limit 978
current timestep 643
num of flexible agents: 217
num of flexible tasks: 467
Solving time: 0.0019956 seconds
plan limit 978
current timestep 644
num of flexible agents: 211
num of flexible tasks: 461
Solving time: 0.0018179 seconds
plan limit 978
current timestep 645
num of flexible agents: 209
num of flexible tasks: 459
Solving time: 0.0018567 seconds
plan limit 978
current timestep 646
num of flexible agents: 209
num of flexible tasks: 459
Solving time: 0.001903 seconds
plan limit 978
current timestep 647
num of flexible agents: 206
num of flexible tasks: 456
Solving time: 0.0020521 seconds
plan limit 978
current timestep 648
num of flexible agents: 208
num of flexible tasks: 458
Solving time: 0.002092 seconds
plan limit 978
current timestep 649
num of flexible agents: 207
num of flexible tasks: 457
Solving time: 0.0018893 seconds
plan limit 978
current timestep 650
num of flexible agents: 204
num of flexible tasks: 454
Solving time: 0.001878 seconds
plan limit 978
current timestep 651
num of flexible agents: 204
num of flexible tasks: 454
Solving time: 0.0019138 seconds
plan limit 978
current timestep 652
num of flexible agents: 200
num of flexible tasks: 450
Solving time: 0.002055 seconds
plan limit 978
current timestep 653
num of flexible agents: 196
num of flexible tasks: 446
Solving time: 0.0018917 seconds
plan limit 978
current timestep 654
num of flexible agents: 199
num of flexible tasks: 449
Solving time: 0.0018237 seconds
plan limit 978
current timestep 655
num of flexible agents: 200
num of flexible tasks: 450
Solving time: 0.0019068 seconds
plan limit 978
current timestep 656
num of flexible agents: 197
num of flexible tasks: 447
Solving time: 0.0017661 seconds
plan limit 978
current timestep 657
num of flexible agents: 196
num of flexible tasks: 446
Solving time: 0.0017325 seconds
plan limit 978
current timestep 658
num of flexible agents: 196
num of flexible tasks: 446
Solving time: 0.001911 seconds
plan limit 978
current timestep 659
num of flexible agents: 193
num of flexible tasks: 443
Solving time: 0.0018681 seconds
plan limit 978
current timestep 660
num of flexible agents: 195
num of flexible tasks: 445
Solving time: 0.0018521 seconds
plan limit 978
current timestep 661
num of flexible agents: 191
num of flexible tasks: 441
Solving time: 0.0019035 seconds
plan limit 978
current timestep 662
num of flexible agents: 194
num of flexible tasks: 444
Solving time: 0.0016931 seconds
plan limit 978
current timestep 663
num of flexible agents: 196
num of flexible tasks: 446
Solving time: 0.0016857 seconds
plan limit 978
current timestep 664
num of flexible agents: 186
num of flexible tasks: 436
Solving time: 0.0018609 seconds
plan limit 978
current timestep 665
num of flexible agents: 182
num of flexible tasks: 432
Solving time: 0.001934 seconds
plan limit 978
current timestep 666
num of flexible agents: 178
num of flexible tasks: 428
Solving time: 0.0018416 seconds
plan limit 978
current timestep 667
num of flexible agents: 182
num of flexible tasks: 432
Solving time: 0.0021002 seconds
plan limit 978
current timestep 668
num of flexible agents: 184
num of flexible tasks: 434
Solving time: 0.0021257 seconds
plan limit 978
current timestep 669
num of flexible agents: 188
num of flexible tasks: 438
Solving time: 0.0018412 seconds
plan limit 978
current timestep 670
num of flexible agents: 188
num of flexible tasks: 438
Solving time: 0.0019578 seconds
plan limit 978
current timestep 671
num of flexible agents: 185
num of flexible tasks: 435
Solving time: 0.0019107 seconds
plan limit 978
current timestep 672
num of flexible agents: 183
num of flexible tasks: 433
Solving time: 0.0018581 seconds
plan limit 978
current timestep 673
num of flexible agents: 182
num of flexible tasks: 432
Solving time: 0.0017918 seconds
plan limit 978
current timestep 674
num of flexible agents: 183
num of flexible tasks: 433
Solving time: 0.0018218 seconds
plan limit 978
current timestep 675
num of flexible agents: 183
num of flexible tasks: 433
Solving time: 0.0018422 seconds
plan limit 978
current timestep 676
num of flexible agents: 186
num of flexible tasks: 436
Solving time: 0.0017539 seconds
plan limit 978
current timestep 677
num of flexible agents: 184
num of flexible tasks: 434
Solving time: 0.0018666 seconds
plan limit 978
current timestep 678
num of flexible agents: 188
num of flexible tasks: 438
Solving time: 0.00169 seconds
plan limit 978
current timestep 679
num of flexible agents: 186
num of flexible tasks: 436
Solving time: 0.0018771 seconds
plan limit 978
current timestep 680
num of flexible agents: 185
num of flexible tasks: 435
Solving time: 0.0019584 seconds
plan limit 978
current timestep 681
num of flexible agents: 190
num of flexible tasks: 440
Solving time: 0.0020187 seconds
plan limit 978
current timestep 682
num of flexible agents: 193
num of flexible tasks: 443
Solving time: 0.0017878 seconds
plan limit 978
current timestep 683
num of flexible agents: 194
num of flexible tasks: 444
Solving time: 0.0019535 seconds
plan limit 978
current timestep 684
num of flexible agents: 195
num of flexible tasks: 445
Solving time: 0.0017316 seconds
plan limit 978
current timestep 685
num of flexible agents: 201
num of flexible tasks: 451
Solving time: 0.0018307 seconds
plan limit 978
current timestep 686
num of flexible agents: 198
num of flexible tasks: 448
Solving time: 0.0018027 seconds
plan limit 978
current timestep 687
num of flexible agents: 204
num of flexible tasks: 454
Solving time: 0.0018672 seconds
plan limit 978
current timestep 688
num of flexible agents: 208
num of flexible tasks: 458
Solving time: 0.0022283 seconds
plan limit 978
current timestep 689
num of flexible agents: 204
num of flexible tasks: 454
Solving time: 0.0017509 seconds
plan limit 978
current timestep 690
num of flexible agents: 203
num of flexible tasks: 453
Solving time: 0.0019478 seconds
plan limit 978
current timestep 691
num of flexible agents: 200
num of flexible tasks: 450
Solving time: 0.001852 seconds
plan limit 978
current timestep 692
num of flexible agents: 199
num of flexible tasks: 449
Solving time: 0.0018929 seconds
plan limit 978
current timestep 693
num of flexible agents: 203
num of flexible tasks: 453
Solving time: 0.0018546 seconds
plan limit 978
current timestep 694
num of flexible agents: 201
num of flexible tasks: 451
Solving time: 0.0018402 seconds
plan limit 978
current timestep 695
num of flexible agents: 197
num of flexible tasks: 447
Solving time: 0.0017944 seconds
plan limit 978
current timestep 696
num of flexible agents: 198
num of flexible tasks: 448
Solving time: 0.0018684 seconds
plan limit 978
current timestep 697
num of flexible agents: 196
num of flexible tasks: 446
Solving time: 0.0019679 seconds
plan limit 978
current timestep 698
num of flexible agents: 196
num of flexible tasks: 446
Solving time: 0.0021107 seconds
plan limit 978
current timestep 699
num of flexible agents: 195
num of flexible tasks: 445
Solving time: 0.0018893 seconds
plan limit 978
current timestep 700
num of flexible agents: 192
num of flexible tasks: 442
Solving time: 0.0018424 seconds
plan limit 978
current timestep 701
num of flexible agents: 194
num of flexible tasks: 444
Solving time: 0.0017962 seconds
plan limit 978
current timestep 702
num of flexible agents: 195
num of flexible tasks: 445
Solving time: 0.0019075 seconds
plan limit 978
current timestep 703
num of flexible agents: 194
num of flexible tasks: 444
Solving time: 0.0019168 seconds
plan limit 978
current timestep 704
num of flexible agents: 198
num of flexible tasks: 448
Solving time: 0.0018999 seconds
plan limit 978
current timestep 705
num of flexible agents: 198
num of flexible tasks: 448
Solving time: 0.0018825 seconds
plan limit 978
current timestep 706
num of flexible agents: 196
num of flexible tasks: 446
Solving time: 0.0019411 seconds
plan limit 978
current timestep 707
num of flexible agents: 197
num of flexible tasks: 447
Solving time: 0.0018636 seconds
plan limit 978
current timestep 708
num of flexible agents: 200
num of flexible tasks: 450
Solving time: 0.0018546 seconds
plan limit 978
current timestep 709
num of flexible agents: 200
num of flexible tasks: 450
Solving time: 0.0018675 seconds
plan limit 978
current timestep 710
num of flexible agents: 208
num of flexible tasks: 458
Solving time: 0.0019225 seconds
plan limit 978
current timestep 711
num of flexible agents: 204
num of flexible tasks: 454
Solving time: 0.0020051 seconds
plan limit 978
current timestep 712
num of flexible agents: 206
num of flexible tasks: 456
Solving time: 0.0019294 seconds
plan limit 978
current timestep 713
num of flexible agents: 202
num of flexible tasks: 452
Solving time: 0.0023839 seconds
plan limit 977
current timestep 714
num of flexible agents: 205
num of flexible tasks: 455
Solving time: 0.0019649 seconds
plan limit 978
current timestep 715
num of flexible agents: 208
num of flexible tasks: 458
Solving time: 0.0019392 seconds
plan limit 978
current timestep 716
num of flexible agents: 205
num of flexible tasks: 455
Solving time: 0.0019161 seconds
plan limit 978
current timestep 717
num of flexible agents: 203
num of flexible tasks: 453
Solving time: 0.0018545 seconds
plan limit 978
current timestep 718
num of flexible agents: 200
num of flexible tasks: 450
Solving time: 0.0020516 seconds
plan limit 978
current timestep 719
num of flexible agents: 203
num of flexible tasks: 453
Solving time: 0.0019627 seconds
plan limit 978
current timestep 720
num of flexible agents: 202
num of flexible tasks: 452
Solving time: 0.0019748 seconds
plan limit 978
current timestep 721
num of flexible agents: 197
num of flexible tasks: 447
Solving time: 0.0017898 seconds
plan limit 978
current timestep 722
num of flexible agents: 195
num of flexible tasks: 445
Solving time: 0.0019425 seconds
plan limit 978
current timestep 723
num of flexible agents: 199
num of flexible tasks: 449
Solving time: 0.0018941 seconds
plan limit 978
current timestep 724
num of flexible agents: 199
num of flexible tasks: 449
Solving time: 0.0022175 seconds
plan limit 978
current timestep 725
num of flexible agents: 194
num of flexible tasks: 444
Solving time: 0.0019201 seconds
plan limit 978
current timestep 726
num of flexible agents: 190
num of flexible tasks: 440
Solving time: 0.0019218 seconds
plan limit 978
current timestep 727
num of flexible agents: 189
num of flexible tasks: 439
Solving time: 0.0020008 seconds
plan limit 978
current timestep 728
num of flexible agents: 186
num of flexible tasks: 436
Solving time: 0.0017843 seconds
plan limit 978
current timestep 729
num of flexible agents: 189
num of flexible tasks: 439
Solving time: 0.0019116 seconds
plan limit 978
current timestep 730
num of flexible agents: 195
num of flexible tasks: 445
Solving time: 0.0018509 seconds
plan limit 978
current timestep 731
num of flexible agents: 198
num of flexible tasks: 448
Solving time: 0.001915 seconds
plan limit 978
current timestep 732
num of flexible agents: 201
num of flexible tasks: 451
Solving time: 0.00188 seconds
plan limit 978
current timestep 733
num of flexible agents: 198
num of flexible tasks: 448
Solving time: 0.0019585 seconds
plan limit 978
current timestep 734
num of flexible agents: 199
num of flexible tasks: 449
Solving time: 0.001929 seconds
plan limit 978
current timestep 735
num of flexible agents: 204
num of flexible tasks: 454
Solving time: 0.0018878 seconds
plan limit 978
current timestep 736
num of flexible agents: 208
num of flexible tasks: 458
Solving time: 0.0019992 seconds
plan limit 978
current timestep 737
num of flexible agents: 204
num of flexible tasks: 454
Solving time: 0.0018782 seconds
plan limit 978
current timestep 738
num of flexible agents: 205
num of flexible tasks: 455
Solving time: 0.0022293 seconds
plan limit 978
current timestep 739
num of flexible agents: 206
num of flexible tasks: 456
Solving time: 0.0020935 seconds
plan limit 978
current timestep 740
num of flexible agents: 208
num of flexible tasks: 458
Solving time: 0.0019941 seconds
plan limit 978
current timestep 741
num of flexible agents: 205
num of flexible tasks: 455
Solving time: 0.0019376 seconds
plan limit 978
current timestep 742
num of flexible agents: 202
num of flexible tasks: 452
Solving time: 0.0019609 seconds
plan limit 978
current timestep 743
num of flexible agents: 204
num of flexible tasks: 454
Solving time: 0.0019134 seconds
plan limit 978
current timestep 744
num of flexible agents: 205
num of flexible tasks: 455
Solving time: 0.0018886 seconds
plan limit 978
current timestep 745
num of flexible agents: 205
num of flexible tasks: 455
Solving time: 0.0020333 seconds
plan limit 978
current timestep 746
num of flexible agents: 204
num of flexible tasks: 454
Solving time: 0.0019268 seconds
plan limit 978
current timestep 747
num of flexible agents: 208
num of flexible tasks: 458
Solving time: 0.0019366 seconds
plan limit 978
current timestep 748
num of flexible agents: 208
num of flexible tasks: 458
Solving time: 0.0018442 seconds
plan limit 978
current timestep 749
num of flexible agents: 203
num of flexible tasks: 453
Solving time: 0.0018048 seconds
plan limit 978
current timestep 750
num of flexible agents: 205
num of flexible tasks: 455
Solving time: 0.0018545 seconds
plan limit 978
current timestep 751
num of flexible agents: 202
num of flexible tasks: 452
Solving time: 0.0026008 seconds
plan limit 977
current timestep 752
num of flexible agents: 203
num of flexible tasks: 453
Solving time: 0.0019315 seconds
plan limit 978
current timestep 753
num of flexible agents: 205
num of flexible tasks: 455
Solving time: 0.0020591 seconds
plan limit 978
current timestep 754
num of flexible agents: 199
num of flexible tasks: 449
Solving time: 0.0019415 seconds
plan limit 978
current timestep 755
num of flexible agents: 199
num of flexible tasks: 449
Solving time: 0.0019401 seconds
plan limit 978
current timestep 756
num of flexible agents: 198
num of flexible tasks: 448
Solving time: 0.0021012 seconds
plan limit 978
current timestep 757
num of flexible agents: 196
num of flexible tasks: 446
Solving time: 0.0020233 seconds
plan limit 978
current timestep 758
num of flexible agents: 194
num of flexible tasks: 444
Solving time: 0.0020172 seconds
plan limit 978
current timestep 759
num of flexible agents: 194
num of flexible tasks: 444
Solving time: 0.002103 seconds
plan limit 978
current timestep 760
num of flexible agents: 196
num of flexible tasks: 446
Solving time: 0.0019447 seconds
plan limit 978
current timestep 761
num of flexible agents: 194
num of flexible tasks: 444
Solving time: 0.001929 seconds
plan limit 978
current timestep 762
num of flexible agents: 194
num of flexible tasks: 444
Solving time: 0.0024538 seconds
plan limit 977
current timestep 763
num of flexible agents: 195
num of flexible tasks: 445
Solving time: 0.0020149 seconds
plan limit 978
current timestep 764
num of flexible agents: 192
num of flexible tasks: 442
Solving time: 0.001906 seconds
plan limit 978
current timestep 765
num of flexible agents: 193
num of flexible tasks: 443
Solving time: 0.0019471 seconds
plan limit 978
current timestep 766
num of flexible agents: 202
num of flexible tasks: 452
Solving time: 0.0020067 seconds
plan limit 978
current timestep 767
num of flexible agents: 208
num of flexible tasks: 458
Solving time: 0.002089 seconds
plan limit 978
current timestep 768
num of flexible agents: 210
num of flexible tasks: 460
Solving time: 0.0019355 seconds
plan limit 978
current timestep 769
num of flexible agents: 212
num of flexible tasks: 462
Solving time: 0.0019825 seconds
plan limit 978
current timestep 770
num of flexible agents: 213
num of flexible tasks: 463
Solving time: 0.0019125 seconds
plan limit 978
current timestep 771
num of flexible agents: 216
num of flexible tasks: 466
Solving time: 0.0020662 seconds
plan limit 978
current timestep 772
num of flexible agents: 213
num of flexible tasks: 463
Solving time: 0.0019315 seconds
plan limit 978
current timestep 773
num of flexible agents: 212
num of flexible tasks: 462
Solving time: 0.0019579 seconds
plan limit 978
current timestep 774
num of flexible agents: 214
num of flexible tasks: 464
Solving time: 0.0019244 seconds
plan limit 978
current timestep 775
num of flexible agents: 219
num of flexible tasks: 469
Solving time: 0.0019113 seconds
plan limit 978
current timestep 776
num of flexible agents: 222
num of flexible tasks: 472
Solving time: 0.0019206 seconds
plan limit 978
current timestep 777
num of flexible agents: 219
num of flexible tasks: 469
Solving time: 0.0020292 seconds
plan limit 978
current timestep 778
num of flexible agents: 226
num of flexible tasks: 476
Solving time: 0.0021492 seconds
plan limit 978
current timestep 779
num of flexible agents: 222
num of flexible tasks: 472
Solving time: 0.0020132 seconds
plan limit 978
current timestep 780
num of flexible agents: 216
num of flexible tasks: 466
Solving time: 0.0020781 seconds
plan limit 978
current timestep 781
num of flexible agents: 215
num of flexible tasks: 465
Solving time: 0.002082 seconds
plan limit 978
current timestep 782
num of flexible agents: 217
num of flexible tasks: 467
Solving time: 0.0018702 seconds
plan limit 978
current timestep 783
num of flexible agents: 220
num of flexible tasks: 470
Solving time: 0.0021207 seconds
plan limit 978
current timestep 784
num of flexible agents: 223
num of flexible tasks: 473
Solving time: 0.0022666 seconds
plan limit 978
current timestep 785
num of flexible agents: 225
num of flexible tasks: 475
Solving time: 0.0021256 seconds
plan limit 978
current timestep 786
num of flexible agents: 224
num of flexible tasks: 474
Solving time: 0.0019911 seconds
plan limit 978
current timestep 787
num of flexible agents: 224
num of flexible tasks: 474
Solving time: 0.002654 seconds
plan limit 977
current timestep 788
num of flexible agents: 221
num of flexible tasks: 471
Solving time: 0.0020029 seconds
plan limit 978
current timestep 789
num of flexible agents: 221
num of flexible tasks: 471
Solving time: 0.002083 seconds
plan limit 978
current timestep 790
num of flexible agents: 225
num of flexible tasks: 475
Solving time: 0.0020009 seconds
plan limit 978
current timestep 791
num of flexible agents: 217
num of flexible tasks: 467
Solving time: 0.0023083 seconds
plan limit 978
current timestep 792
num of flexible agents: 215
num of flexible tasks: 465
Solving time: 0.0021542 seconds
plan limit 978
current timestep 793
num of flexible agents: 216
num of flexible tasks: 466
Solving time: 0.0019323 seconds
plan limit 978
current timestep 794
num of flexible agents: 220
num of flexible tasks: 470
Solving time: 0.0021594 seconds
plan limit 978
current timestep 795
num of flexible agents: 211
num of flexible tasks: 461
Solving time: 0.0021181 seconds
plan limit 978
current timestep 796
num of flexible agents: 209
num of flexible tasks: 459
Solving time: 0.0020088 seconds
plan limit 978
current timestep 797
num of flexible agents: 207
num of flexible tasks: 457
Solving time: 0.0021531 seconds
plan limit 977
current timestep 798
num of flexible agents: 201
num of flexible tasks: 451
Solving time: 0.0021329 seconds
plan limit 978
current timestep 799
num of flexible agents: 201
num of flexible tasks: 451
Solving time: 0.0019673 seconds
plan limit 978
current timestep 800
num of flexible agents: 203
num of flexible tasks: 453
Solving time: 0.002053 seconds
plan limit 978
current timestep 801
num of flexible agents: 201
num of flexible tasks: 451
Solving time: 0.0020739 seconds
plan limit 978
current timestep 802
num of flexible agents: 206
num of flexible tasks: 456
Solving time: 0.0022249 seconds
plan limit 977
current timestep 803
num of flexible agents: 209
num of flexible tasks: 459
Solving time: 0.0025703 seconds
plan limit 977
current timestep 804
num of flexible agents: 207
num of flexible tasks: 457
Solving time: 0.0019371 seconds
plan limit 978
current timestep 805
num of flexible agents: 208
num of flexible tasks: 458
Solving time: 0.0019524 seconds
plan limit 978
current timestep 806
num of flexible agents: 207
num of flexible tasks: 457
Solving time: 0.0020797 seconds
plan limit 978
current timestep 807
num of flexible agents: 201
num of flexible tasks: 451
Solving time: 0.001937 seconds
plan limit 978
current timestep 808
num of flexible agents: 198
num of flexible tasks: 448
Solving time: 0.0019207 seconds
plan limit 978
current timestep 809
num of flexible agents: 197
num of flexible tasks: 447
Solving time: 0.002028 seconds
plan limit 978
current timestep 810
num of flexible agents: 196
num of flexible tasks: 446
Solving time: 0.0029266 seconds
plan limit 977
current timestep 811
num of flexible agents: 195
num of flexible tasks: 445
Solving time: 0.0018996 seconds
plan limit 978
current timestep 812
num of flexible agents: 194
num of flexible tasks: 444
Solving time: 0.0018618 seconds
plan limit 978
current timestep 813
num of flexible agents: 194
num of flexible tasks: 444
Solving time: 0.0020319 seconds
plan limit 978
current timestep 814
num of flexible agents: 194
num of flexible tasks: 444
Solving time: 0.0020312 seconds
plan limit 978
current timestep 815
num of flexible agents: 198
num of flexible tasks: 448
Solving time: 0.0019863 seconds
plan limit 978
current timestep 816
num of flexible agents: 197
num of flexible tasks: 447
Solving time: 0.001926 seconds
plan limit 978
current timestep 817
num of flexible agents: 201
num of flexible tasks: 451
Solving time: 0.0020615 seconds
plan limit 978
current timestep 818
num of flexible agents: 206
num of flexible tasks: 456
Solving time: 0.0019643 seconds
plan limit 978
current timestep 819
num of flexible agents: 207
num of flexible tasks: 457
Solving time: 0.002015 seconds
plan limit 978
current timestep 820
num of flexible agents: 207
num of flexible tasks: 457
Solving time: 0.0020526 seconds
plan limit 978
current timestep 821
num of flexible agents: 209
num of flexible tasks: 459
Solving time: 0.0019889 seconds
plan limit 978
current timestep 822
num of flexible agents: 215
num of flexible tasks: 465
Solving time: 0.0020161 seconds
plan limit 978
current timestep 823
num of flexible agents: 211
num of flexible tasks: 461
Solving time: 0.0020767 seconds
plan limit 978
current timestep 824
num of flexible agents: 212
num of flexible tasks: 462
Solving time: 0.0020196 seconds
plan limit 978
current timestep 825
num of flexible agents: 207
num of flexible tasks: 457
Solving time: 0.0019761 seconds
plan limit 978
current timestep 826
num of flexible agents: 206
num of flexible tasks: 456
Solving time: 0.0019501 seconds
plan limit 978
current timestep 827
num of flexible agents: 207
num of flexible tasks: 457
Solving time: 0.0019015 seconds
plan limit 978
current timestep 828
num of flexible agents: 206
num of flexible tasks: 456
Solving time: 0.0018049 seconds
plan limit 978
current timestep 829
num of flexible agents: 207
num of flexible tasks: 457
Solving time: 0.0019087 seconds
plan limit 978
current timestep 830
num of flexible agents: 200
num of flexible tasks: 450
Solving time: 0.0018587 seconds
plan limit 978
current timestep 831
num of flexible agents: 203
num of flexible tasks: 453
Solving time: 0.0020724 seconds
plan limit 978
current timestep 832
num of flexible agents: 206
num of flexible tasks: 456
Solving time: 0.0019048 seconds
plan limit 978
current timestep 833
num of flexible agents: 207
num of flexible tasks: 457
Solving time: 0.0019055 seconds
plan limit 978
current timestep 834
num of flexible agents: 209
num of flexible tasks: 459
Solving time: 0.0020049 seconds
plan limit 978
current timestep 835
num of flexible agents: 209
num of flexible tasks: 459
Solving time: 0.0023306 seconds
plan limit 978
current timestep 836
num of flexible agents: 204
num of flexible tasks: 454
Solving time: 0.0027204 seconds
plan limit 977
current timestep 837
num of flexible agents: 204
num of flexible tasks: 454
Solving time: 0.0021801 seconds
plan limit 978
current timestep 838
num of flexible agents: 206
num of flexible tasks: 456
Solving time: 0.0021596 seconds
plan limit 978
current timestep 839
num of flexible agents: 204
num of flexible tasks: 454
Solving time: 0.0021439 seconds
plan limit 978
current timestep 840
num of flexible agents: 211
num of flexible tasks: 461
Solving time: 0.0019676 seconds
plan limit 978
current timestep 841
num of flexible agents: 212
num of flexible tasks: 462
Solving time: 0.0019991 seconds
plan limit 978
current timestep 842
num of flexible agents: 206
num of flexible tasks: 456
Solving time: 0.0020971 seconds
plan limit 978
current timestep 843
num of flexible agents: 204
num of flexible tasks: 454
Solving time: 0.0019704 seconds
plan limit 978
current timestep 844
num of flexible agents: 209
num of flexible tasks: 459
Solving time: 0.0020832 seconds
plan limit 978
current timestep 845
num of flexible agents: 205
num of flexible tasks: 455
Solving time: 0.0019016 seconds
plan limit 978
current timestep 846
num of flexible agents: 206
num of flexible tasks: 456
Solving time: 0.0019637 seconds
plan limit 978
current timestep 847
num of flexible agents: 202
num of flexible tasks: 452
Solving time: 0.0017889 seconds
plan limit 978
current timestep 848
num of flexible agents: 202
num of flexible tasks: 452
Solving time: 0.0018058 seconds
plan limit 978
current timestep 849
num of flexible agents: 201
num of flexible tasks: 451
Solving time: 0.001745 seconds
plan limit 978
current timestep 850
num of flexible agents: 197
num of flexible tasks: 447
Solving time: 0.0018411 seconds
plan limit 978
current timestep 851
num of flexible agents: 193
num of flexible tasks: 443
Solving time: 0.0018716 seconds
plan limit 978
current timestep 852
num of flexible agents: 193
num of flexible tasks: 443
Solving time: 0.0019159 seconds
plan limit 978
current timestep 853
num of flexible agents: 193
num of flexible tasks: 443
Solving time: 0.0020714 seconds
plan limit 978
current timestep 854
num of flexible agents: 189
num of flexible tasks: 439
Solving time: 0.0022089 seconds
plan limit 978
current timestep 855
num of flexible agents: 196
num of flexible tasks: 446
Solving time: 0.001858 seconds
plan limit 978
current timestep 856
num of flexible agents: 195
num of flexible tasks: 445
Solving time: 0.0018657 seconds
plan limit 978
current timestep 857
num of flexible agents: 196
num of flexible tasks: 446
Solving time: 0.0018345 seconds
plan limit 978
current timestep 858
num of flexible agents: 193
num of flexible tasks: 443
Solving time: 0.0018108 seconds
plan limit 978
current timestep 859
num of flexible agents: 197
num of flexible tasks: 447
Solving time: 0.0020044 seconds
plan limit 978
current timestep 860
num of flexible agents: 197
num of flexible tasks: 447
Solving time: 0.0017284 seconds
plan limit 978
current timestep 861
num of flexible agents: 198
num of flexible tasks: 448
Solving time: 0.0017994 seconds
plan limit 978
current timestep 862
num of flexible agents: 204
num of flexible tasks: 454
Solving time: 0.0018016 seconds
plan limit 978
current timestep 863
num of flexible agents: 206
num of flexible tasks: 456
Solving time: 0.0018542 seconds
plan limit 978
current timestep 864
num of flexible agents: 208
num of flexible tasks: 458
Solving time: 0.002016 seconds
plan limit 978
current timestep 865
num of flexible agents: 208
num of flexible tasks: 458
Solving time: 0.0021205 seconds
plan limit 978
current timestep 866
num of flexible agents: 216
num of flexible tasks: 466
Solving time: 0.0018881 seconds
plan limit 978
current timestep 867
num of flexible agents: 214
num of flexible tasks: 464
Solving time: 0.0019467 seconds
plan limit 978
current timestep 868
num of flexible agents: 207
num of flexible tasks: 457
Solving time: 0.0018021 seconds
plan limit 978
current timestep 869
num of flexible agents: 216
num of flexible tasks: 466
Solving time: 0.0031775 seconds
plan limit 976
current timestep 870
num of flexible agents: 214
num of flexible tasks: 464
Solving time: 0.0019444 seconds
plan limit 978
current timestep 871
num of flexible agents: 217
num of flexible tasks: 467
Solving time: 0.0018077 seconds
plan limit 978
current timestep 872
num of flexible agents: 215
num of flexible tasks: 465
Solving time: 0.0018554 seconds
plan limit 978
current timestep 873
num of flexible agents: 206
num of flexible tasks: 456
Solving time: 0.0019171 seconds
plan limit 978
current timestep 874
num of flexible agents: 203
num of flexible tasks: 453
Solving time: 0.0017438 seconds
plan limit 978
current timestep 875
num of flexible agents: 209
num of flexible tasks: 459
Solving time: 0.0018767 seconds
plan limit 978
current timestep 876
num of flexible agents: 206
num of flexible tasks: 456
Solving time: 0.0018349 seconds
plan limit 978
current timestep 877
num of flexible agents: 204
num of flexible tasks: 454
Solving time: 0.0021777 seconds
plan limit 978
current timestep 878
num of flexible agents: 212
num of flexible tasks: 462
Solving time: 0.0018967 seconds
plan limit 978
current timestep 879
num of flexible agents: 210
num of flexible tasks: 460
Solving time: 0.0021025 seconds
plan limit 978
current timestep 880
num of flexible agents: 210
num of flexible tasks: 460
Solving time: 0.0020646 seconds
plan limit 978
current timestep 881
num of flexible agents: 210
num of flexible tasks: 460
Solving time: 0.0020083 seconds
plan limit 978
current timestep 882
num of flexible agents: 215
num of flexible tasks: 465
Solving time: 0.0019743 seconds
plan limit 978
current timestep 883
num of flexible agents: 208
num of flexible tasks: 458
Solving time: 0.0019587 seconds
plan limit 978
current timestep 884
num of flexible agents: 209
num of flexible tasks: 459
Solving time: 0.0019731 seconds
plan limit 978
current timestep 885
num of flexible agents: 211
num of flexible tasks: 461
Solving time: 0.0051089 seconds
plan limit 974
current timestep 886
num of flexible agents: 212
num of flexible tasks: 462
Solving time: 0.0021019 seconds
plan limit 978
current timestep 887
num of flexible agents: 213
num of flexible tasks: 463
Solving time: 0.002385 seconds
plan limit 977
current timestep 888
num of flexible agents: 212
num of flexible tasks: 462
Solving time: 0.0020047 seconds
plan limit 978
current timestep 889
num of flexible agents: 211
num of flexible tasks: 461
Solving time: 0.002108 seconds
plan limit 978
current timestep 890
num of flexible agents: 211
num of flexible tasks: 461
Solving time: 0.0019856 seconds
plan limit 978
current timestep 891
num of flexible agents: 217
num of flexible tasks: 467
Solving time: 0.0019113 seconds
plan limit 978
current timestep 892
num of flexible agents: 218
num of flexible tasks: 468
Solving time: 0.001977 seconds
plan limit 978
current timestep 893
num of flexible agents: 216
num of flexible tasks: 466
Solving time: 0.0019166 seconds
plan limit 978
current timestep 894
num of flexible agents: 218
num of flexible tasks: 468
Solving time: 0.0019809 seconds
plan limit 978
current timestep 895
num of flexible agents: 215
num of flexible tasks: 465
Solving time: 0.0019534 seconds
plan limit 978
current timestep 896
num of flexible agents: 208
num of flexible tasks: 458
Solving time: 0.0018262 seconds
plan limit 978
current timestep 897
num of flexible agents: 206
num of flexible tasks: 456
Solving time: 0.0019443 seconds
plan limit 978
current timestep 898
num of flexible agents: 202
num of flexible tasks: 452
Solving time: 0.0018564 seconds
plan limit 978
current timestep 899
num of flexible agents: 203
num of flexible tasks: 453
Solving time: 0.001929 seconds
plan limit 978
current timestep 900
num of flexible agents: 203
num of flexible tasks: 453
Solving time: 0.002097 seconds
plan limit 978
current timestep 901
num of flexible agents: 206
num of flexible tasks: 456
Solving time: 0.0019167 seconds
plan limit 978
current timestep 902
num of flexible agents: 208
num of flexible tasks: 458
Solving time: 0.0018725 seconds
plan limit 978
current timestep 903
num of flexible agents: 209
num of flexible tasks: 459
Solving time: 0.0019916 seconds
plan limit 978
current timestep 904
num of flexible agents: 210
num of flexible tasks: 460
Solving time: 0.0018947 seconds
plan limit 978
current timestep 905
num of flexible agents: 207
num of flexible tasks: 457
Solving time: 0.0019466 seconds
plan limit 978
current timestep 906
num of flexible agents: 207
num of flexible tasks: 457
Solving time: 0.0018574 seconds
plan limit 978
current timestep 907
num of flexible agents: 206
num of flexible tasks: 456
Solving time: 0.0018617 seconds
plan limit 978
current timestep 908
num of flexible agents: 206
num of flexible tasks: 456
Solving time: 0.0020229 seconds
plan limit 978
current timestep 909
num of flexible agents: 199
num of flexible tasks: 449
Solving time: 0.0022556 seconds
plan limit 977
current timestep 910
num of flexible agents: 202
num of flexible tasks: 452
Solving time: 0.0018552 seconds
plan limit 978
current timestep 911
num of flexible agents: 200
num of flexible tasks: 450
Solving time: 0.0017794 seconds
plan limit 978
current timestep 912
num of flexible agents: 197
num of flexible tasks: 447
Solving time: 0.0017855 seconds
plan limit 978
current timestep 913
num of flexible agents: 200
num of flexible tasks: 450
Solving time: 0.001887 seconds
plan limit 978
current timestep 914
num of flexible agents: 201
num of flexible tasks: 451
Solving time: 0.0019985 seconds
plan limit 978
current timestep 915
num of flexible agents: 202
num of flexible tasks: 452
Solving time: 0.0019198 seconds
plan limit 978
current timestep 916
num of flexible agents: 204
num of flexible tasks: 454
Solving time: 0.0018628 seconds
plan limit 978
current timestep 917
num of flexible agents: 203
num of flexible tasks: 453
Solving time: 0.0016974 seconds
plan limit 978
current timestep 918
num of flexible agents: 201
num of flexible tasks: 451
Solving time: 0.0018774 seconds
plan limit 978
current timestep 919
num of flexible agents: 193
num of flexible tasks: 443
Solving time: 0.0018837 seconds
plan limit 978
current timestep 920
num of flexible agents: 191
num of flexible tasks: 441
Solving time: 0.0018971 seconds
plan limit 978
current timestep 921
num of flexible agents: 191
num of flexible tasks: 441
Solving time: 0.0020029 seconds
plan limit 978
current timestep 922
num of flexible agents: 188
num of flexible tasks: 438
Solving time: 0.0017597 seconds
plan limit 978
current timestep 923
num of flexible agents: 192
num of flexible tasks: 442
Solving time: 0.0017928 seconds
plan limit 978
current timestep 924
num of flexible agents: 200
num of flexible tasks: 450
Solving time: 0.0017514 seconds
plan limit 978
current timestep 925
num of flexible agents: 196
num of flexible tasks: 446
Solving time: 0.0018155 seconds
plan limit 978
current timestep 926
num of flexible agents: 196
num of flexible tasks: 446
Solving time: 0.0018916 seconds
plan limit 978
current timestep 927
num of flexible agents: 198
num of flexible tasks: 448
Solving time: 0.0018667 seconds
plan limit 978
current timestep 928
num of flexible agents: 202
num of flexible tasks: 452
Solving time: 0.001791 seconds
plan limit 978
current timestep 929
num of flexible agents: 204
num of flexible tasks: 454
Solving time: 0.0018182 seconds
plan limit 978
current timestep 930
num of flexible agents: 205
num of flexible tasks: 455
Solving time: 0.0018614 seconds
plan limit 978
current timestep 931
num of flexible agents: 203
num of flexible tasks: 453
Solving time: 0.0018713 seconds
plan limit 978
current timestep 932
num of flexible agents: 204
num of flexible tasks: 454
Solving time: 0.0018294 seconds
plan limit 978
current timestep 933
num of flexible agents: 204
num of flexible tasks: 454
Solving time: 0.0018597 seconds
plan limit 978
current timestep 934
num of flexible agents: 200
num of flexible tasks: 450
Solving time: 0.0020035 seconds
plan limit 978
current timestep 935
num of flexible agents: 206
num of flexible tasks: 456
Solving time: 0.0019112 seconds
plan limit 978
current timestep 936
num of flexible agents: 206
num of flexible tasks: 456
Solving time: 0.0018538 seconds
plan limit 978
current timestep 937
num of flexible agents: 207
num of flexible tasks: 457
Solving time: 0.0019217 seconds
plan limit 978
current timestep 938
num of flexible agents: 204
num of flexible tasks: 454
Solving time: 0.0018539 seconds
plan limit 978
current timestep 939
num of flexible agents: 201
num of flexible tasks: 451
Solving time: 0.0018607 seconds
plan limit 978
current timestep 940
num of flexible agents: 208
num of flexible tasks: 458
Solving time: 0.0017564 seconds
plan limit 978
current timestep 941
num of flexible agents: 208
num of flexible tasks: 458
Solving time: 0.0017994 seconds
plan limit 978
current timestep 942
num of flexible agents: 210
num of flexible tasks: 460
Solving time: 0.0018046 seconds
plan limit 978
current timestep 943
num of flexible agents: 205
num of flexible tasks: 455
Solving time: 0.0018442 seconds
plan limit 978
current timestep 944
num of flexible agents: 203
num of flexible tasks: 453
Solving time: 0.0017565 seconds
plan limit 978
current timestep 945
num of flexible agents: 203
num of flexible tasks: 453
Solving time: 0.0016894 seconds
plan limit 978
current timestep 946
num of flexible agents: 203
num of flexible tasks: 453
Solving time: 0.0018705 seconds
plan limit 978
current timestep 947
num of flexible agents: 200
num of flexible tasks: 450
Solving time: 0.0018529 seconds
plan limit 978
current timestep 948
num of flexible agents: 199
num of flexible tasks: 449
Solving time: 0.0018668 seconds
plan limit 978
current timestep 949
num of flexible agents: 197
num of flexible tasks: 447
Solving time: 0.0018116 seconds
plan limit 978
current timestep 950
num of flexible agents: 202
num of flexible tasks: 452
Solving time: 0.0019069 seconds
plan limit 978
current timestep 951
num of flexible agents: 201
num of flexible tasks: 451
Solving time: 0.0019667 seconds
plan limit 978
current timestep 952
num of flexible agents: 197
num of flexible tasks: 447
Solving time: 0.0018011 seconds
plan limit 978
current timestep 953
num of flexible agents: 199
num of flexible tasks: 449
Solving time: 0.002122 seconds
plan limit 978
current timestep 954
num of flexible agents: 191
num of flexible tasks: 441
Solving time: 0.001918 seconds
plan limit 978
current timestep 955
num of flexible agents: 189
num of flexible tasks: 439
Solving time: 0.0019246 seconds
plan limit 978
current timestep 956
num of flexible agents: 183
num of flexible tasks: 433
Solving time: 0.0018968 seconds
plan limit 978
current timestep 957
num of flexible agents: 185
num of flexible tasks: 435
Solving time: 0.0018893 seconds
plan limit 978
current timestep 958
num of flexible agents: 185
num of flexible tasks: 435
Solving time: 0.001909 seconds
plan limit 978
current timestep 959
num of flexible agents: 191
num of flexible tasks: 441
Solving time: 0.0018281 seconds
plan limit 978
current timestep 960
num of flexible agents: 192
num of flexible tasks: 442
Solving time: 0.001824 seconds
plan limit 978
current timestep 961
num of flexible agents: 189
num of flexible tasks: 439
Solving time: 0.0018139 seconds
plan limit 978
current timestep 962
num of flexible agents: 190
num of flexible tasks: 440
Solving time: 0.0018771 seconds
plan limit 978
current timestep 963
num of flexible agents: 190
num of flexible tasks: 440
Solving time: 0.0018815 seconds
plan limit 978
current timestep 964
num of flexible agents: 190
num of flexible tasks: 440
Solving time: 0.002015 seconds
plan limit 978
current timestep 965
num of flexible agents: 191
num of flexible tasks: 441
Solving time: 0.0018083 seconds
plan limit 978
current timestep 966
num of flexible agents: 192
num of flexible tasks: 442
Solving time: 0.0018153 seconds
plan limit 978
current timestep 967
num of flexible agents: 191
num of flexible tasks: 441
Solving time: 0.0020893 seconds
plan limit 978
current timestep 968
num of flexible agents: 192
num of flexible tasks: 442
Solving time: 0.0018512 seconds
plan limit 978
current timestep 969
num of flexible agents: 191
num of flexible tasks: 441
Solving time: 0.0019373 seconds
plan limit 978
current timestep 970
num of flexible agents: 193
num of flexible tasks: 443
Solving time: 0.0019523 seconds
plan limit 978
current timestep 971
num of flexible agents: 196
num of flexible tasks: 446
Solving time: 0.0020872 seconds
plan limit 978
current timestep 972
num of flexible agents: 202
num of flexible tasks: 452
Solving time: 0.0018395 seconds
plan limit 978
current timestep 973
num of flexible agents: 200
num of flexible tasks: 450
Solving time: 0.0020824 seconds
plan limit 978
current timestep 974
num of flexible agents: 198
num of flexible tasks: 448
Solving time: 0.0018316 seconds
plan limit 978
current timestep 975
num of flexible agents: 199
num of flexible tasks: 449
Solving time: 0.0020267 seconds
plan limit 978
current timestep 976
num of flexible agents: 202
num of flexible tasks: 452
Solving time: 0.0020057 seconds
plan limit 978
current timestep 977
num of flexible agents: 202
num of flexible tasks: 452
Solving time: 0.001889 seconds
plan limit 978
current timestep 978
num of flexible agents: 203
num of flexible tasks: 453
Solving time: 0.0019506 seconds
plan limit 978
current timestep 979
num of flexible agents: 207
num of flexible tasks: 457
Solving time: 0.0018915 seconds
plan limit 978
current timestep 980
num of flexible agents: 210
num of flexible tasks: 460
Solving time: 0.0026347 seconds
plan limit 977
current timestep 981
num of flexible agents: 212
num of flexible tasks: 462
Solving time: 0.0017841 seconds
plan limit 978
current timestep 982
num of flexible agents: 212
num of flexible tasks: 462
Solving time: 0.0022408 seconds
plan limit 977
current timestep 983
num of flexible agents: 208
num of flexible tasks: 458
Solving time: 0.0023285 seconds
plan limit 977
current timestep 984
num of flexible agents: 208
num of flexible tasks: 458
Solving time: 0.0018893 seconds
plan limit 978
current timestep 985
num of flexible agents: 207
num of flexible tasks: 457
Solving time: 0.0019306 seconds
plan limit 978
current timestep 986
num of flexible agents: 211
num of flexible tasks: 461
Solving time: 0.0020822 seconds
plan limit 978
current timestep 987
num of flexible agents: 211
num of flexible tasks: 461
Solving time: 0.0022315 seconds
plan limit 978
current timestep 988
num of flexible agents: 212
num of flexible tasks: 462
Solving time: 0.0018899 seconds
plan limit 978
current timestep 989
num of flexible agents: 209
num of flexible tasks: 459
Solving time: 0.0027213 seconds
plan limit 977
current timestep 990
num of flexible agents: 204
num of flexible tasks: 454
Solving time: 0.0018701 seconds
plan limit 978
current timestep 991
num of flexible agents: 206
num of flexible tasks: 456
Solving time: 0.0020014 seconds
plan limit 978
current timestep 992
num of flexible agents: 207
num of flexible tasks: 457
Solving time: 0.0019379 seconds
plan limit 978
current timestep 993
num of flexible agents: 210
num of flexible tasks: 460
Solving time: 0.002306 seconds
plan limit 978
current timestep 994
num of flexible agents: 211
num of flexible tasks: 461
Solving time: 0.0019415 seconds
plan limit 978
current timestep 995
num of flexible agents: 212
num of flexible tasks: 462
Solving time: 0.0020464 seconds
plan limit 978
current timestep 996
num of flexible agents: 212
num of flexible tasks: 462
Solving time: 0.0020317 seconds
plan limit 978
current timestep 997
num of flexible agents: 208
num of flexible tasks: 458
Solving time: 0.0020136 seconds
plan limit 978
current timestep 998
num of flexible agents: 209
num of flexible tasks: 459
Solving time: 0.0026212 seconds
plan limit 977
current timestep 999
num of flexible agents: 214
num of flexible tasks: 464
Solving time: 0.0020015 seconds
plan limit 978
Running w500_taskmatcher-k50_t1000_trial2
current timestep 0
plan limit 936
current timestep 1
plan limit 946
current timestep 2
plan limit 952
current timestep 3
plan limit 955
current timestep 4
plan limit 960
current timestep 5
plan limit 962
current timestep 6
plan limit 965
current timestep 7
plan limit 967
current timestep 8
plan limit 968
current timestep 9
plan limit 970
current timestep 10
plan limit 970
current timestep 11
plan limit 972
current timestep 12
plan limit 972
current timestep 13
plan limit 973
current timestep 14
plan limit 974
current timestep 15
plan limit 975
current timestep 16
plan limit 975
current timestep 17
plan limit 975
current timestep 18
plan limit 976
current timestep 19
plan limit 976
current timestep 20
plan limit 976
current timestep 21
plan limit 976
current timestep 22
plan limit 975
current timestep 23
plan limit 975
current timestep 24
plan limit 974
current timestep 25
plan limit 974
current timestep 26
plan limit 973
current timestep 27
plan limit 974
current timestep 28
plan limit 972
current timestep 29
plan limit 972
current timestep 30
plan limit 972
current timestep 31
plan limit 971
current timestep 32
plan limit 970
current timestep 33
plan limit 970
current timestep 34
plan limit 970
current timestep 35
plan limit 969
current timestep 36
plan limit 969
current timestep 37
plan limit 968
current timestep 38
plan limit 967
current timestep 39
plan limit 966
current timestep 40
plan limit 966
current timestep 41
plan limit 966
current timestep 42
plan limit 965
current timestep 43
plan limit 965
current timestep 44
plan limit 964
current timestep 45
plan limit 964
current timestep 46
plan limit 964
current timestep 47
plan limit 964
current timestep 48
plan limit 964
current timestep 49
plan limit 964
current timestep 50
plan limit 965
current timestep 51
plan limit 964
current timestep 52
plan limit 962
current timestep 53
plan limit 962
current timestep 54
plan limit 963
current timestep 55
plan limit 964
current timestep 56
plan limit 962
current timestep 57
plan limit 962
current timestep 58
plan limit 962
current timestep 59
plan limit 962
current timestep 60
plan limit 960
current timestep 61
plan limit 959
current timestep 62
plan limit 959
current timestep 63
plan limit 959
current timestep 64
plan limit 959
current timestep 65
plan limit 959
current timestep 66
plan limit 960
current timestep 67
plan limit 959
current timestep 68
plan limit 957
current timestep 69
plan limit 959
current timestep 70
plan limit 960
current timestep 71
plan limit 961
current timestep 72
plan limit 961
current timestep 73
plan limit 960
current timestep 74
plan limit 960
current timestep 75
plan limit 960
current timestep 76
plan limit 960
current timestep 77
plan limit 961
current timestep 78
plan limit 961
current timestep 79
plan limit 959
current timestep 80
plan limit 961
current timestep 81
plan limit 960
current timestep 82
plan limit 957
current timestep 83
plan limit 959
current timestep 84
plan limit 959
current timestep 85
plan limit 960
current timestep 86
plan limit 960
current timestep 87
plan limit 959
current timestep 88
plan limit 958
current timestep 89
plan limit 959
current timestep 90
plan limit 959
current timestep 91
plan limit 958
current timestep 92
plan limit 957
current timestep 93
plan limit 957
current timestep 94
plan limit 957
current timestep 95
plan limit 957
current timestep 96
plan limit 958
current timestep 97
plan limit 956
current timestep 98
plan limit 958
current timestep 99
plan limit 958
current timestep 100
plan limit 958
current timestep 101
plan limit 958
current timestep 102
plan limit 959
current timestep 103
plan limit 957
current timestep 104
plan limit 959
current timestep 105
plan limit 959
current timestep 106
plan limit 958
current timestep 107
plan limit 957
current timestep 108
plan limit 958
current timestep 109
plan limit 958
current timestep 110
plan limit 958
current timestep 111
plan limit 956
current timestep 112
plan limit 958
current timestep 113
plan limit 957
current timestep 114
plan limit 956
current timestep 115
plan limit 958
current timestep 116
plan limit 959
current timestep 117
plan limit 960
current timestep 118
plan limit 958
current timestep 119
plan limit 959
current timestep 120
plan limit 958
current timestep 121
plan limit 958
current timestep 122
plan limit 936
current timestep 123
plan limit 957
current timestep 124
plan limit 957
current timestep 125
plan limit 957
current timestep 126
plan limit 957
current timestep 127
plan limit 957
current timestep 128
plan limit 957
current timestep 129
plan limit 956
current timestep 130
plan limit 953
current timestep 131
plan limit 955
current timestep 132
plan limit 954
current timestep 133
plan limit 955
current timestep 134
plan limit 954
current timestep 135
plan limit 956
current timestep 136
plan limit 956
current timestep 137
plan limit 956
current timestep 138
plan limit 956
current timestep 139
plan limit 955
current timestep 140
plan limit 955
current timestep 141
plan limit 957
current timestep 142
plan limit 957
current timestep 143
plan limit 954
current timestep 144
plan limit 955
current timestep 145
plan limit 955
current timestep 146
plan limit 955
current timestep 147
plan limit 956
current timestep 148
plan limit 956
current timestep 149
plan limit 955
current timestep 150
plan limit 956
current timestep 151
plan limit 956
current timestep 152
plan limit 955
current timestep 153
plan limit 955
current timestep 154
plan limit 955
current timestep 155
plan limit 954
current timestep 156
plan limit 955
current timestep 157
plan limit 955
current timestep 158
plan limit 955
current timestep 159
plan limit 954
current timestep 160
plan limit 956
current timestep 161
plan limit 954
current timestep 162
plan limit 954
current timestep 163
plan limit 955
current timestep 164
plan limit 955
current timestep 165
plan limit 954
current timestep 166
plan limit 953
current timestep 167
plan limit 954
current timestep 168
plan limit 952
current timestep 169
plan limit 951
current timestep 170
plan limit 931
current timestep 171
plan limit 951
current timestep 172
plan limit 951
current timestep 173
plan limit 952
current timestep 174
plan limit 952
current timestep 175
plan limit 952
current timestep 176
plan limit 953
current timestep 177
plan limit 954
current timestep 178
plan limit 953
current timestep 179
plan limit 953
current timestep 180
plan limit 950
current timestep 181
plan limit 956
current timestep 182
plan limit 956
current timestep 183
plan limit 953
current timestep 184
plan limit 955
current timestep 185
plan limit 955
current timestep 186
plan limit 955
current timestep 187
plan limit 956
current timestep 188
plan limit 956
current timestep 189
plan limit 955
current timestep 190
plan limit 956
current timestep 191
plan limit 953
current timestep 192
plan limit 954
current timestep 193
plan limit 954
current timestep 194
plan limit 954
current timestep 195
plan limit 954
current timestep 196
plan limit 955
current timestep 197
plan limit 954
current timestep 198
plan limit 953
current timestep 199
plan limit 955
current timestep 200
plan limit 954
current timestep 201
plan limit 951
current timestep 202
plan limit 954
current timestep 203
plan limit 952
current timestep 204
plan limit 952
current timestep 205
plan limit 952
current timestep 206
plan limit 954
current timestep 207
plan limit 953
current timestep 208
plan limit 956
current timestep 209
plan limit 955
current timestep 210
plan limit 953
current timestep 211
plan limit 955
current timestep 212
plan limit 953
current timestep 213
plan limit 955
current timestep 214
plan limit 955
current timestep 215
plan limit 955
current timestep 216
plan limit 953
current timestep 217
plan limit 954
current timestep 218
plan limit 956
current timestep 219
plan limit 954
current timestep 220
plan limit 955
current timestep 221
plan limit 955
current timestep 222
plan limit 956
current timestep 223
plan limit 956
current timestep 224
plan limit 953
current timestep 225
plan limit 956
current timestep 226
plan limit 957
current timestep 227
plan limit 957
current timestep 228
plan limit 956
current timestep 229
plan limit 956
current timestep 230
plan limit 955
current timestep 231
plan limit 956
current timestep 232
plan limit 957
current timestep 233
plan limit 956
current timestep 234
plan limit 957
current timestep 235
plan limit 956
current timestep 236
plan limit 955
current timestep 237
plan limit 955
current timestep 238
plan limit 953
current timestep 239
plan limit 955
current timestep 240
plan limit 957
current timestep 241
plan limit 947
current timestep 242
plan limit 956
current timestep 243
plan limit 956
current timestep 244
plan limit 956
current timestep 245
plan limit 958
current timestep 246
plan limit 955
current timestep 247
plan limit 957
current timestep 248
plan limit 957
current timestep 249
plan limit 957
current timestep 250
plan limit 957
current timestep 251
plan limit 956
current timestep 252
plan limit 958
current timestep 253
plan limit 959
current timestep 254
plan limit 960
current timestep 255
plan limit 959
current timestep 256
plan limit 960
current timestep 257
plan limit 960
current timestep 258
plan limit 959
current timestep 259
plan limit 961
current timestep 260
plan limit 960
current timestep 261
plan limit 961
current timestep 262
plan limit 960
current timestep 263
plan limit 961
current timestep 264
plan limit 961
current timestep 265
plan limit 961
current timestep 266
plan limit 962
current timestep 267
plan limit 960
current timestep 268
plan limit 959
current timestep 269
plan limit 959
current timestep 270
plan limit 956
current timestep 271
plan limit 957
current timestep 272
plan limit 958
current timestep 273
plan limit 959
current timestep 274
plan limit 959
current timestep 275
plan limit 957
current timestep 276
plan limit 956
current timestep 277
plan limit 958
current timestep 278
plan limit 958
current timestep 279
plan limit 958
current timestep 280
plan limit 959
current timestep 281
plan limit 958
current timestep 282
plan limit 957
current timestep 283
plan limit 958
current timestep 284
plan limit 958
current timestep 285
plan limit 957
current timestep 286
plan limit 956
current timestep 287
plan limit 956
current timestep 288
plan limit 956
current timestep 289
plan limit 956
current timestep 290
plan limit 955
current timestep 291
plan limit 954
current timestep 292
plan limit 954
current timestep 293
plan limit 952
current timestep 294
plan limit 952
current timestep 295
plan limit 951
current timestep 296
plan limit 952
current timestep 297
plan limit 951
current timestep 298
plan limit 952
current timestep 299
plan limit 951
current timestep 300
plan limit 951
current timestep 301
plan limit 951
current timestep 302
plan limit 951
current timestep 303
plan limit 952
current timestep 304
plan limit 952
current timestep 305
plan limit 953
current timestep 306
plan limit 951
current timestep 307
plan limit 951
current timestep 308
plan limit 950
current timestep 309
plan limit 951
current timestep 310
plan limit 952
current timestep 311
plan limit 951
current timestep 312
plan limit 952
current timestep 313
plan limit 951
current timestep 314
plan limit 950
current timestep 315
plan limit 952
current timestep 316
plan limit 952
current timestep 317
plan limit 951
current timestep 318
plan limit 951
current timestep 319
plan limit 951
current timestep 320
plan limit 949
current timestep 321
plan limit 951
current timestep 322
plan limit 951
current timestep 323
plan limit 950
current timestep 324
plan limit 950
current timestep 325
plan limit 951
current timestep 326
plan limit 952
current timestep 327
plan limit 951
current timestep 328
plan limit 951
current timestep 329
plan limit 951
current timestep 330
plan limit 953
current timestep 331
plan limit 952
current timestep 332
plan limit 953
current timestep 333
plan limit 952
current timestep 334
plan limit 951
current timestep 335
plan limit 953
current timestep 336
plan limit 952
current timestep 337
plan limit 952
current timestep 338
plan limit 952
current timestep 339
plan limit 952
current timestep 340
plan limit 952
current timestep 341
plan limit 951
current timestep 342
plan limit 953
current timestep 343
plan limit 955
current timestep 344
plan limit 954
current timestep 345
plan limit 953
current timestep 346
plan limit 954
current timestep 347
plan limit 954
current timestep 348
plan limit 955
current timestep 349
plan limit 956
current timestep 350
plan limit 955
current timestep 351
plan limit 957
current timestep 352
plan limit 957
current timestep 353
plan limit 956
current timestep 354
plan limit 957
current timestep 355
plan limit 959
current timestep 356
plan limit 958
current timestep 357
plan limit 958
current timestep 358
plan limit 959
current timestep 359
plan limit 958
current timestep 360
plan limit 957
current timestep 361
plan limit 955
current timestep 362
plan limit 957
current timestep 363
plan limit 957
current timestep 364
plan limit 957
current timestep 365
plan limit 957
current timestep 366
plan limit 958
current timestep 367
plan limit 958
current timestep 368
plan limit 959
current timestep 369
plan limit 958
current timestep 370
plan limit 957
current timestep 371
plan limit 958
current timestep 372
plan limit 957
current timestep 373
plan limit 957
current timestep 374
plan limit 957
current timestep 375
plan limit 957
current timestep 376
plan limit 958
current timestep 377
plan limit 956
current timestep 378
plan limit 957
current timestep 379
plan limit 958
current timestep 380
plan limit 956
current timestep 381
plan limit 956
current timestep 382
plan limit 956
current timestep 383
plan limit 955
current timestep 384
plan limit 954
current timestep 385
plan limit 955
current timestep 386
plan limit 955
current timestep 387
plan limit 955
current timestep 388
plan limit 954
current timestep 389
plan limit 954
current timestep 390
plan limit 954
current timestep 391
plan limit 955
current timestep 392
plan limit 956
current timestep 393
plan limit 956
current timestep 394
plan limit 956
current timestep 395
plan limit 956
current timestep 396
plan limit 955
current timestep 397
plan limit 955
current timestep 398
plan limit 956
current timestep 399
plan limit 955
current timestep 400
plan limit 955
current timestep 401
plan limit 955
current timestep 402
plan limit 955
current timestep 403
plan limit 954
current timestep 404
plan limit 954
current timestep 405
plan limit 953
current timestep 406
plan limit 952
current timestep 407
plan limit 951
current timestep 408
plan limit 952
current timestep 409
plan limit 950
current timestep 410
plan limit 954
current timestep 411
plan limit 953
current timestep 412
plan limit 954
current timestep 413
plan limit 924
current timestep 414
plan limit 953
current timestep 415
plan limit 953
current timestep 416
plan limit 952
current timestep 417
plan limit 951
current timestep 418
plan limit 952
current timestep 419
plan limit 952
current timestep 420
plan limit 953
current timestep 421
plan limit 952
current timestep 422
plan limit 952
current timestep 423
plan limit 954
current timestep 424
plan limit 953
current timestep 425
plan limit 953
current timestep 426
plan limit 954
current timestep 427
plan limit 954
current timestep 428
plan limit 953
current timestep 429
plan limit 953
current timestep 430
plan limit 953
current timestep 431
plan limit 952
current timestep 432
plan limit 952
current timestep 433
plan limit 954
current timestep 434
plan limit 954
current timestep 435
plan limit 955
current timestep 436
plan limit 955
current timestep 437
plan limit 955
current timestep 438
plan limit 955
current timestep 439
plan limit 956
current timestep 440
plan limit 955
current timestep 441
plan limit 954
current timestep 442
plan limit 956
current timestep 443
plan limit 954
current timestep 444
plan limit 955
current timestep 445
plan limit 956
current timestep 446
plan limit 955
current timestep 447
plan limit 955
current timestep 448
plan limit 956
current timestep 449
plan limit 957
current timestep 450
plan limit 955
current timestep 451
plan limit 955
current timestep 452
plan limit 955
current timestep 453
plan limit 953
current timestep 454
plan limit 954
current timestep 455
plan limit 955
current timestep 456
plan limit 953
current timestep 457
plan limit 953
current timestep 458
plan limit 953
current timestep 459
plan limit 954
current timestep 460
plan limit 955
current timestep 461
plan limit 953
current timestep 462
plan limit 955
current timestep 463
plan limit 954
current timestep 464
plan limit 954
current timestep 465
plan limit 955
current timestep 466
plan limit 955
current timestep 467
plan limit 954
current timestep 468
plan limit 954
current timestep 469
plan limit 956
current timestep 470
plan limit 954
current timestep 471
plan limit 951
current timestep 472
plan limit 954
current timestep 473
plan limit 954
current timestep 474
plan limit 954
current timestep 475
plan limit 953
current timestep 476
plan limit 953
current timestep 477
plan limit 953
current timestep 478
plan limit 954
current timestep 479
plan limit 952
current timestep 480
plan limit 950
current timestep 481
plan limit 940
current timestep 482
plan limit 947
current timestep 483
plan limit 942
current timestep 484
plan limit 947
current timestep 485
plan limit 949
current timestep 486
plan limit 949
current timestep 487
plan limit 949
current timestep 488
plan limit 951
current timestep 489
plan limit 951
current timestep 490
plan limit 951
current timestep 491
plan limit 949
current timestep 492
plan limit 950
current timestep 493
plan limit 948
current timestep 494
plan limit 951
current timestep 495
plan limit 951
current timestep 496
plan limit 950
current timestep 497
plan limit 947
current timestep 498
plan limit 951
current timestep 499
plan limit 948
current timestep 500
plan limit 951
current timestep 501
plan limit 950
current timestep 502
plan limit 952
current timestep 503
plan limit 950
current timestep 504
plan limit 949
current timestep 505
plan limit 951
current timestep 506
plan limit 952
current timestep 507
plan limit 950
current timestep 508
plan limit 952
current timestep 509
plan limit 953
current timestep 510
plan limit 953
current timestep 511
plan limit 955
current timestep 512
plan limit 955
current timestep 513
plan limit 954
current timestep 514
plan limit 952
current timestep 515
plan limit 954
current timestep 516
plan limit 951
current timestep 517
plan limit 953
current timestep 518
plan limit 952
current timestep 519
plan limit 951
current timestep 520
plan limit 951
current timestep 521
plan limit 950
current timestep 522
plan limit 951
current timestep 523
plan limit 951
current timestep 524
plan limit 952
current timestep 525
plan limit 951
current timestep 526
plan limit 953
current timestep 527
plan limit 954
current timestep 528
plan limit 954
current timestep 529
plan limit 956
current timestep 530
plan limit 956
current timestep 531
plan limit 957
current timestep 532
plan limit 954
current timestep 533
plan limit 956
current timestep 534
plan limit 957
current timestep 535
plan limit 956
current timestep 536
plan limit 956
current timestep 537
plan limit 954
current timestep 538
plan limit 957
current timestep 539
plan limit 956
current timestep 540
plan limit 956
current timestep 541
plan limit 955
current timestep 542
plan limit 955
current timestep 543
plan limit 954
current timestep 544
plan limit 952
current timestep 545
plan limit 954
current timestep 546
plan limit 955
current timestep 547
plan limit 952
current timestep 548
plan limit 954
current timestep 549
plan limit 954
current timestep 550
plan limit 954
current timestep 551
plan limit 955
current timestep 552
plan limit 956
current timestep 553
plan limit 954
current timestep 554
plan limit 954
current timestep 555
plan limit 955
current timestep 556
plan limit 955
current timestep 557
plan limit 956
current timestep 558
plan limit 955
current timestep 559
plan limit 955
current timestep 560
plan limit 954
current timestep 561
plan limit 954
current timestep 562
plan limit 953
current timestep 563
plan limit 954
current timestep 564
plan limit 955
current timestep 565
plan limit 954
current timestep 566
plan limit 956
current timestep 567
plan limit 952
current timestep 568
plan limit 955
current timestep 569
plan limit 954
current timestep 570
plan limit 954
current timestep 571
plan limit 951
current timestep 572
plan limit 952
current timestep 573
plan limit 954
current timestep 574
plan limit 955
current timestep 575
plan limit 956
current timestep 576
plan limit 953
current timestep 577
plan limit 955
current timestep 578
plan limit 956
current timestep 579
plan limit 956
current timestep 580
plan limit 957
current timestep 581
plan limit 957
current timestep 582
plan limit 957
current timestep 583
plan limit 957
current timestep 584
plan limit 956
current timestep 585
plan limit 954
current timestep 586
plan limit 955
current timestep 587
plan limit 956
current timestep 588
plan limit 957
current timestep 589
plan limit 955
current timestep 590
plan limit 954
current timestep 591
plan limit 954
current timestep 592
plan limit 952
current timestep 593
plan limit 954
current timestep 594
plan limit 954
current timestep 595
plan limit 955
current timestep 596
plan limit 954
current timestep 597
plan limit 951
current timestep 598
plan limit 952
current timestep 599
plan limit 952
current timestep 600
plan limit 951
current timestep 601
plan limit 952
current timestep 602
plan limit 946
current timestep 603
plan limit 954
current timestep 604
plan limit 954
current timestep 605
plan limit 952
current timestep 606
plan limit 953
current timestep 607
plan limit 954
current timestep 608
plan limit 953
current timestep 609
plan limit 954
current timestep 610
plan limit 953
current timestep 611
plan limit 952
current timestep 612
plan limit 955
current timestep 613
plan limit 955
current timestep 614
plan limit 956
current timestep 615
plan limit 955
current timestep 616
plan limit 956
current timestep 617
plan limit 954
current timestep 618
plan limit 952
current timestep 619
plan limit 952
current timestep 620
plan limit 952
current timestep 621
plan limit 954
current timestep 622
plan limit 953
current timestep 623
plan limit 954
current timestep 624
plan limit 953
current timestep 625
plan limit 953
current timestep 626
plan limit 955
current timestep 627
plan limit 954
current timestep 628
plan limit 953
current timestep 629
plan limit 952
current timestep 630
plan limit 954
current timestep 631
plan limit 952
current timestep 632
plan limit 953
current timestep 633
plan limit 954
current timestep 634
plan limit 955
current timestep 635
plan limit 955
current timestep 636
plan limit 955
current timestep 637
plan limit 956
current timestep 638
plan limit 955
current timestep 639
plan limit 955
current timestep 640
plan limit 955
current timestep 641
plan limit 952
current timestep 642
plan limit 955
current timestep 643
plan limit 954
current timestep 644
plan limit 953
current timestep 645
plan limit 951
current timestep 646
plan limit 954
current timestep 647
plan limit 953
current timestep 648
plan limit 954
current timestep 649
plan limit 953
current timestep 650
plan limit 953
current timestep 651
plan limit 954
current timestep 652
plan limit 950
current timestep 653
plan limit 954
current timestep 654
plan limit 954
current timestep 655
plan limit 956
current timestep 656
plan limit 955
current timestep 657
plan limit 957
current timestep 658
plan limit 957
current timestep 659
plan limit 954
current timestep 660
plan limit 956
current timestep 661
plan limit 955
current timestep 662
plan limit 957
current timestep 663
plan limit 956
current timestep 664
plan limit 958
current timestep 665
plan limit 949
current timestep 666
plan limit 955
current timestep 667
plan limit 956
current timestep 668
plan limit 955
current timestep 669
plan limit 957
current timestep 670
plan limit 956
current timestep 671
plan limit 956
current timestep 672
plan limit 956
current timestep 673
plan limit 956
current timestep 674
plan limit 956
current timestep 675
plan limit 955
current timestep 676
plan limit 955
current timestep 677
plan limit 954
current timestep 678
plan limit 955
current timestep 679
plan limit 955
current timestep 680
plan limit 957
current timestep 681
plan limit 957
current timestep 682
plan limit 958
current timestep 683
plan limit 957
current timestep 684
plan limit 955
current timestep 685
plan limit 956
current timestep 686
plan limit 956
current timestep 687
plan limit 957
current timestep 688
plan limit 958
current timestep 689
plan limit 958
current timestep 690
plan limit 958
current timestep 691
plan limit 957
current timestep 692
plan limit 958
current timestep 693
plan limit 958
current timestep 694
plan limit 958
current timestep 695
plan limit 958
current timestep 696
plan limit 957
current timestep 697
plan limit 958
current timestep 698
plan limit 957
current timestep 699
plan limit 958
current timestep 700
plan limit 956
current timestep 701
plan limit 956
current timestep 702
plan limit 956
current timestep 703
plan limit 957
current timestep 704
plan limit 956
current timestep 705
plan limit 957
current timestep 706
plan limit 957
current timestep 707
plan limit 956
current timestep 708
plan limit 956
current timestep 709
plan limit 956
current timestep 710
plan limit 957
current timestep 711
plan limit 956
current timestep 712
plan limit 957
current timestep 713
plan limit 957
current timestep 714
plan limit 952
current timestep 715
plan limit 955
current timestep 716
plan limit 956
current timestep 717
plan limit 956
current timestep 718
plan limit 955
current timestep 719
plan limit 956
current timestep 720
plan limit 956
current timestep 721
plan limit 956
current timestep 722
plan limit 937
current timestep 723
plan limit 954
current timestep 724
plan limit 956
current timestep 725
plan limit 954
current timestep 726
plan limit 952
current timestep 727
plan limit 955
current timestep 728
plan limit 955
current timestep 729
plan limit 955
current timestep 730
plan limit 954
current timestep 731
plan limit 955
current timestep 732
plan limit 952
current timestep 733
plan limit 953
current timestep 734
plan limit 955
current timestep 735
plan limit 954
current timestep 736
plan limit 951
current timestep 737
plan limit 952
current timestep 738
plan limit 952
current timestep 739
plan limit 951
current timestep 740
plan limit 953
current timestep 741
plan limit 953
current timestep 742
plan limit 953
current timestep 743
plan limit 949
current timestep 744
plan limit 951
current timestep 745
plan limit 950
current timestep 746
plan limit 951
current timestep 747
plan limit 953
current timestep 748
plan limit 952
current timestep 749
plan limit 953
current timestep 750
plan limit 954
current timestep 751
plan limit 955
current timestep 752
plan limit 954
current timestep 753
plan limit 954
current timestep 754
plan limit 955
current timestep 755
plan limit 955
current timestep 756
plan limit 954
current timestep 757
plan limit 954
current timestep 758
plan limit 952
current timestep 759
plan limit 954
current timestep 760
plan limit 954
current timestep 761
plan limit 954
current timestep 762
plan limit 954
current timestep 763
plan limit 954
current timestep 764
plan limit 953
current timestep 765
plan limit 954
current timestep 766
plan limit 953
current timestep 767
plan limit 951
current timestep 768
plan limit 950
current timestep 769
plan limit 952
current timestep 770
plan limit 954
current timestep 771
plan limit 952
current timestep 772
plan limit 952
current timestep 773
plan limit 952
current timestep 774
plan limit 953
current timestep 775
plan limit 953
current timestep 776
plan limit 951
current timestep 777
plan limit 954
current timestep 778
plan limit 953
current timestep 779
plan limit 953
current timestep 780
plan limit 952
current timestep 781
plan limit 952
current timestep 782
plan limit 953
current timestep 783
plan limit 950
current timestep 784
plan limit 952
current timestep 785
plan limit 952
current timestep 786
plan limit 953
current timestep 787
plan limit 951
current timestep 788
plan limit 951
current timestep 789
plan limit 950
current timestep 790
plan limit 950
current timestep 791
plan limit 948
current timestep 792
plan limit 949
current timestep 793
plan limit 949
current timestep 794
plan limit 951
current timestep 795
plan limit 951
current timestep 796
plan limit 952
current timestep 797
plan limit 953
current timestep 798
plan limit 950
current timestep 799
plan limit 951
current timestep 800
plan limit 952
current timestep 801
plan limit 950
current timestep 802
plan limit 948
current timestep 803
plan limit 947
current timestep 804
plan limit 948
current timestep 805
plan limit 950
current timestep 806
plan limit 950
current timestep 807
plan limit 951
current timestep 808
plan limit 950
current timestep 809
plan limit 949
current timestep 810
plan limit 950
current timestep 811
plan limit 953
current timestep 812
plan limit 953
current timestep 813
plan limit 953
current timestep 814
plan limit 953
current timestep 815
plan limit 952
current timestep 816
plan limit 953
current timestep 817
plan limit 954
current timestep 818
plan limit 953
current timestep 819
plan limit 952
current timestep 820
plan limit 951
current timestep 821
plan limit 952
current timestep 822
plan limit 953
current timestep 823
plan limit 951
current timestep 824
plan limit 953
current timestep 825
plan limit 954
current timestep 826
plan limit 953
current timestep 827
plan limit 954
current timestep 828
plan limit 955
current timestep 829
plan limit 955
current timestep 830
plan limit 955
current timestep 831
plan limit 953
current timestep 832
plan limit 952
current timestep 833
plan limit 952
current timestep 834
plan limit 953
current timestep 835
plan limit 952
current timestep 836
plan limit 950
current timestep 837
plan limit 953
current timestep 838
plan limit 952
current timestep 839
plan limit 953
current timestep 840
plan limit 950
current timestep 841
plan limit 954
current timestep 842
plan limit 951
current timestep 843
plan limit 953
current timestep 844
plan limit 953
current timestep 845
plan limit 953
current timestep 846
plan limit 953
current timestep 847
plan limit 953
current timestep 848
plan limit 955
current timestep 849
plan limit 954
current timestep 850
plan limit 955
current timestep 851
plan limit 957
current timestep 852
plan limit 955
current timestep 853
plan limit 957
current timestep 854
plan limit 956
current timestep 855
plan limit 957
current timestep 856
plan limit 956
current timestep 857
plan limit 956
current timestep 858
plan limit 955
current timestep 859
plan limit 957
current timestep 860
plan limit 958
current timestep 861
plan limit 958
current timestep 862
plan limit 958
current timestep 863
plan limit 957
current timestep 864
plan limit 957
current timestep 865
plan limit 956
current timestep 866
plan limit 957
current timestep 867
plan limit 956
current timestep 868
plan limit 957
current timestep 869
plan limit 956
current timestep 870
plan limit 956
current timestep 871
plan limit 955
current timestep 872
plan limit 955
current timestep 873
plan limit 955
current timestep 874
plan limit 954
current timestep 875
plan limit 954
current timestep 876
plan limit 954
current timestep 877
plan limit 954
current timestep 878
plan limit 952
current timestep 879
plan limit 952
current timestep 880
plan limit 952
current timestep 881
plan limit 952
current timestep 882
plan limit 954
current timestep 883
plan limit 953
current timestep 884
plan limit 952
current timestep 885
plan limit 950
current timestep 886
plan limit 954
current timestep 887
plan limit 955
current timestep 888
plan limit 955
current timestep 889
plan limit 956
current timestep 890
plan limit 955
current timestep 891
plan limit 954
current timestep 892
plan limit 956
current timestep 893
plan limit 955
current timestep 894
plan limit 954
current timestep 895
plan limit 955
current timestep 896
plan limit 957
current timestep 897
plan limit 956
current timestep 898
plan limit 958
current timestep 899
plan limit 956
current timestep 900
plan limit 957
current timestep 901
plan limit 957
current timestep 902
plan limit 956
current timestep 903
plan limit 956
current timestep 904
plan limit 957
current timestep 905
plan limit 956
current timestep 906
plan limit 958
current timestep 907
plan limit 951
current timestep 908
plan limit 956
current timestep 909
plan limit 957
current timestep 910
plan limit 957
current timestep 911
plan limit 955
current timestep 912
plan limit 956
current timestep 913
plan limit 955
current timestep 914
plan limit 958
current timestep 915
plan limit 958
current timestep 916
plan limit 958
current timestep 917
plan limit 959
current timestep 918
plan limit 958
current timestep 919
plan limit 948
current timestep 920
plan limit 957
current timestep 921
plan limit 954
current timestep 922
plan limit 956
current timestep 923
plan limit 957
current timestep 924
plan limit 956
current timestep 925
plan limit 952
current timestep 926
plan limit 956
current timestep 927
plan limit 955
current timestep 928
plan limit 954
current timestep 929
plan limit 954
current timestep 930
plan limit 954
current timestep 931
plan limit 953
current timestep 932
plan limit 951
current timestep 933
plan limit 953
current timestep 934
plan limit 953
current timestep 935
plan limit 953
current timestep 936
plan limit 952
current timestep 937
plan limit 953
current timestep 938
plan limit 954
current timestep 939
plan limit 953
current timestep 940
plan limit 956
current timestep 941
plan limit 953
current timestep 942
plan limit 955
current timestep 943
plan limit 953
current timestep 944
plan limit 955
current timestep 945
plan limit 954
current timestep 946
plan limit 952
current timestep 947
plan limit 953
current timestep 948
plan limit 948
current timestep 949
plan limit 951
current timestep 950
plan limit 952
current timestep 951
plan limit 953
current timestep 952
plan limit 952
current timestep 953
plan limit 953
current timestep 954
plan limit 953
current timestep 955
plan limit 952
current timestep 956
plan limit 952
current timestep 957
plan limit 948
current timestep 958
plan limit 944
current timestep 959
plan limit 949
current timestep 960
plan limit 949
current timestep 961
plan limit 950
current timestep 962
plan limit 947
current timestep 963
plan limit 948
current timestep 964
plan limit 946
current timestep 965
plan limit 947
current timestep 966
plan limit 946
current timestep 967
plan limit 948
current timestep 968
plan limit 950
current timestep 969
plan limit 949
current timestep 970
plan limit 949
current timestep 971
plan limit 950
current timestep 972
plan limit 950
current timestep 973
plan limit 949
current timestep 974
plan limit 951
current timestep 975
plan limit 950
current timestep 976
plan limit 949
current timestep 977
plan limit 951
current timestep 978
plan limit 951
current timestep 979
plan limit 952
current timestep 980
plan limit 953
current timestep 981
plan limit 952
current timestep 982
plan limit 952
current timestep 983
plan limit 954
current timestep 984
plan limit 953
current timestep 985
plan limit 953
current timestep 986
plan limit 954
current timestep 987
plan limit 953
current timestep 988
plan limit 953
current timestep 989
plan limit 952
current timestep 990
plan limit 953
current timestep 991
plan limit 951
current timestep 992
plan limit 948
current timestep 993
plan limit 949
current timestep 994
plan limit 950
current timestep 995
plan limit 949
current timestep 996
plan limit 952
current timestep 997
plan limit 953
current timestep 998
plan limit 951
current timestep 999
plan limit 952
Running w500_flow-traffic_t1000_trial3
current timestep 0
num of flexible agents: 500
num of flexible tasks: 750
Solving time: 0.0017488 seconds
plan limit 978
current timestep 1
num of flexible agents: 463
num of flexible tasks: 713
Solving time: 0.0016542 seconds
plan limit 978
current timestep 2
num of flexible agents: 430
num of flexible tasks: 680
Solving time: 0.00149 seconds
plan limit 979
current timestep 3
num of flexible agents: 398
num of flexible tasks: 648
Solving time: 0.0015122 seconds
plan limit 978
current timestep 4
num of flexible agents: 362
num of flexible tasks: 612
Solving time: 0.0014369 seconds
plan limit 979
current timestep 5
num of flexible agents: 327
num of flexible tasks: 577
Solving time: 0.0013707 seconds
plan limit 979
current timestep 6
num of flexible agents: 297
num of flexible tasks: 547
Solving time: 0.0012788 seconds
plan limit 979
current timestep 7
num of flexible agents: 267
num of flexible tasks: 517
Solving time: 0.0013028 seconds
plan limit 979
current timestep 8
num of flexible agents: 243
num of flexible tasks: 493
Solving time: 0.0011916 seconds
plan limit 979
current timestep 9
num of flexible agents: 221
num of flexible tasks: 471
Solving time: 0.001156 seconds
plan limit 979
current timestep 10
num of flexible agents: 200
num of flexible tasks: 450
Solving time: 0.001147 seconds
plan limit 979
current timestep 11
num of flexible agents: 182
num of flexible tasks: 432
Solving time: 0.0011516 seconds
plan limit 979
current timestep 12
num of flexible agents: 161
num of flexible tasks: 411
Solving time: 0.0011301 seconds
plan limit 979
current timestep 13
num of flexible agents: 141
num of flexible tasks: 391
Solving time: 0.001191 seconds
plan limit 979
current timestep 14
num of flexible agents: 123
num of flexible tasks: 373
Solving time: 0.0010586 seconds
plan limit 979
current timestep 15
num of flexible agents: 106
num of flexible tasks: 356
Solving time: 0.0010879 seconds
plan limit 979
current timestep 16
num of flexible agents: 90
num of flexible tasks: 340
Solving time: 0.0010056 seconds
plan limit 979
current timestep 17
num of flexible agents: 79
num of flexible tasks: 329
Solving time: 0.0010091 seconds
plan limit 979
current timestep 18
num of flexible agents: 75
num of flexible tasks: 325
Solving time: 0.0010734 seconds
plan limit 979
current timestep 19
num of flexible agents: 70
num of flexible tasks: 320
Solving time: 0.0010395 seconds
plan limit 979
current timestep 20
num of flexible agents: 64
num of flexible tasks: 314
Solving time: 0.0012926 seconds
plan limit 979
current timestep 21
num of flexible agents: 67
num of flexible tasks: 317
Solving time: 0.0011534 seconds
plan limit 979
current timestep 22
num of flexible agents: 64
num of flexible tasks: 314
Solving time: 0.0010438 seconds
plan limit 979
current timestep 23
num of flexible agents: 65
num of flexible tasks: 315
Solving time: 0.0010985 seconds
plan limit 979
current timestep 24
num of flexible agents: 68
num of flexible tasks: 318
Solving time: 0.0010149 seconds
plan limit 979
current timestep 25
num of flexible agents: 70
num of flexible tasks: 320
Solving time: 0.0010738 seconds
plan limit 979
current timestep 26
num of flexible agents: 71
num of flexible tasks: 321
Solving time: 0.001135 seconds
plan limit 979
current timestep 27
num of flexible agents: 74
num of flexible tasks: 324
Solving time: 0.0012658 seconds
plan limit 979
current timestep 28
num of flexible agents: 83
num of flexible tasks: 333
Solving time: 0.0011628 seconds
plan limit 979
current timestep 29
num of flexible agents: 87
num of flexible tasks: 337
Solving time: 0.0011543 seconds
plan limit 979
current timestep 30
num of flexible agents: 92
num of flexible tasks: 342
Solving time: 0.0010958 seconds
plan limit 979
current timestep 31
num of flexible agents: 96
num of flexible tasks: 346
Solving time: 0.0010752 seconds
plan limit 979
current timestep 32
num of flexible agents: 101
num of flexible tasks: 351
Solving time: 0.001036 seconds
plan limit 979
current timestep 33
num of flexible agents: 102
num of flexible tasks: 352
Solving time: 0.0010937 seconds
plan limit 979
current timestep 34
num of flexible agents: 110
num of flexible tasks: 360
Solving time: 0.0011546 seconds
plan limit 979
current timestep 35
num of flexible agents: 110
num of flexible tasks: 360
Solving time: 0.0011705 seconds
plan limit 979
current timestep 36
num of flexible agents: 113
num of flexible tasks: 363
Solving time: 0.001276 seconds
plan limit 979
current timestep 37
num of flexible agents: 115
num of flexible tasks: 365
Solving time: 0.0012451 seconds
plan limit 979
current timestep 38
num of flexible agents: 118
num of flexible tasks: 368
Solving time: 0.0017921 seconds
plan limit 978
current timestep 39
num of flexible agents: 124
num of flexible tasks: 374
Solving time: 0.0011635 seconds
plan limit 979
current timestep 40
num of flexible agents: 129
num of flexible tasks: 379
Solving time: 0.0011943 seconds
plan limit 979
current timestep 41
num of flexible agents: 133
num of flexible tasks: 383
Solving time: 0.0012431 seconds
plan limit 979
current timestep 42
num of flexible agents: 135
num of flexible tasks: 385
Solving time: 0.0012685 seconds
plan limit 979
current timestep 43
num of flexible agents: 136
num of flexible tasks: 386
Solving time: 0.0012336 seconds
plan limit 979
current timestep 44
num of flexible agents: 141
num of flexible tasks: 391
Solving time: 0.0011776 seconds
plan limit 979
current timestep 45
num of flexible agents: 143
num of flexible tasks: 393
Solving time: 0.0012181 seconds
plan limit 979
current timestep 46
num of flexible agents: 144
num of flexible tasks: 394
Solving time: 0.0012698 seconds
plan limit 979
current timestep 47
num of flexible agents: 139
num of flexible tasks: 389
Solving time: 0.0012456 seconds
plan limit 979
current timestep 48
num of flexible agents: 141
num of flexible tasks: 391
Solving time: 0.0019569 seconds
plan limit 978
current timestep 49
num of flexible agents: 141
num of flexible tasks: 391
Solving time: 0.0012076 seconds
plan limit 979
current timestep 50
num of flexible agents: 145
num of flexible tasks: 395
Solving time: 0.0012411 seconds
plan limit 979
current timestep 51
num of flexible agents: 151
num of flexible tasks: 401
Solving time: 0.001298 seconds
plan limit 979
current timestep 52
num of flexible agents: 155
num of flexible tasks: 405
Solving time: 0.0012566 seconds
plan limit 979
current timestep 53
num of flexible agents: 155
num of flexible tasks: 405
Solving time: 0.0011813 seconds
plan limit 979
current timestep 54
num of flexible agents: 160
num of flexible tasks: 410
Solving time: 0.0012259 seconds
plan limit 979
current timestep 55
num of flexible agents: 161
num of flexible tasks: 411
Solving time: 0.0012661 seconds
plan limit 979
current timestep 56
num of flexible agents: 163
num of flexible tasks: 413
Solving time: 0.0013955 seconds
plan limit 979
current timestep 57
num of flexible agents: 167
num of flexible tasks: 417
Solving time: 0.0012134 seconds
plan limit 979
current timestep 58
num of flexible agents: 169
num of flexible tasks: 419
Solving time: 0.0013675 seconds
plan limit 979
current timestep 59
num of flexible agents: 168
num of flexible tasks: 418
Solving time: 0.0012707 seconds
plan limit 979
current timestep 60
num of flexible agents: 166
num of flexible tasks: 416
Solving time: 0.0013954 seconds
plan limit 979
current timestep 61
num of flexible agents: 164
num of flexible tasks: 414
Solving time: 0.0014975 seconds
plan limit 978
current timestep 62
num of flexible agents: 169
num of flexible tasks: 419
Solving time: 0.0012989 seconds
plan limit 979
current timestep 63
num of flexible agents: 174
num of flexible tasks: 424
Solving time: 0.0017136 seconds
plan limit 978
current timestep 64
num of flexible agents: 173
num of flexible tasks: 423
Solving time: 0.0012939 seconds
plan limit 979
current timestep 65
num of flexible agents: 170
num of flexible tasks: 420
Solving time: 0.0013818 seconds
plan limit 979
current timestep 66
num of flexible agents: 172
num of flexible tasks: 422
Solving time: 0.0012867 seconds
plan limit 979
current timestep 67
num of flexible agents: 174
num of flexible tasks: 424
Solving time: 0.0012958 seconds
plan limit 979
current timestep 68
num of flexible agents: 170
num of flexible tasks: 420
Solving time: 0.0013383 seconds
plan limit 979
current timestep 69
num of flexible agents: 169
num of flexible tasks: 419
Solving time: 0.0012875 seconds
plan limit 979
current timestep 70
num of flexible agents: 173
num of flexible tasks: 423
Solving time: 0.0012868 seconds
plan limit 979
current timestep 71
num of flexible agents: 178
num of flexible tasks: 428
Solving time: 0.0012618 seconds
plan limit 979
current timestep 72
num of flexible agents: 179
num of flexible tasks: 429
Solving time: 0.0013387 seconds
plan limit 979
current timestep 73
num of flexible agents: 181
num of flexible tasks: 431
Solving time: 0.0013341 seconds
plan limit 979
current timestep 74
num of flexible agents: 180
num of flexible tasks: 430
Solving time: 0.0018785 seconds
plan limit 978
current timestep 75
num of flexible agents: 177
num of flexible tasks: 427
Solving time: 0.0013223 seconds
plan limit 979
current timestep 76
num of flexible agents: 183
num of flexible tasks: 433
Solving time: 0.0013834 seconds
plan limit 979
current timestep 77
num of flexible agents: 182
num of flexible tasks: 432
Solving time: 0.0013561 seconds
plan limit 979
current timestep 78
num of flexible agents: 182
num of flexible tasks: 432
Solving time: 0.001331 seconds
plan limit 979
current timestep 79
num of flexible agents: 181
num of flexible tasks: 431
Solving time: 0.0014654 seconds
plan limit 979
current timestep 80
num of flexible agents: 184
num of flexible tasks: 434
Solving time: 0.0013072 seconds
plan limit 979
current timestep 81
num of flexible agents: 181
num of flexible tasks: 431
Solving time: 0.0013431 seconds
plan limit 979
current timestep 82
num of flexible agents: 176
num of flexible tasks: 426
Solving time: 0.0013109 seconds
plan limit 979
current timestep 83
num of flexible agents: 177
num of flexible tasks: 427
Solving time: 0.0013271 seconds
plan limit 979
current timestep 84
num of flexible agents: 182
num of flexible tasks: 432
Solving time: 0.0013467 seconds
plan limit 979
current timestep 85
num of flexible agents: 186
num of flexible tasks: 436
Solving time: 0.001635 seconds
plan limit 978
current timestep 86
num of flexible agents: 193
num of flexible tasks: 443
Solving time: 0.0014436 seconds
plan limit 979
current timestep 87
num of flexible agents: 196
num of flexible tasks: 446
Solving time: 0.0013716 seconds
plan limit 979
current timestep 88
num of flexible agents: 200
num of flexible tasks: 450
Solving time: 0.0016046 seconds
plan limit 978
current timestep 89
num of flexible agents: 199
num of flexible tasks: 449
Solving time: 0.0015764 seconds
plan limit 978
current timestep 90
num of flexible agents: 196
num of flexible tasks: 446
Solving time: 0.0014453 seconds
plan limit 979
current timestep 91
num of flexible agents: 200
num of flexible tasks: 450
Solving time: 0.0014811 seconds
plan limit 979
current timestep 92
num of flexible agents: 196
num of flexible tasks: 446
Solving time: 0.0014222 seconds
plan limit 979
current timestep 93
num of flexible agents: 196
num of flexible tasks: 446
Solving time: 0.00152 seconds
plan limit 978
current timestep 94
num of flexible agents: 198
num of flexible tasks: 448
Solving time: 0.0014137 seconds
plan limit 979
current timestep 95
num of flexible agents: 199
num of flexible tasks: 449
Solving time: 0.0015566 seconds
plan limit 978
current timestep 96
num of flexible agents: 190
num of flexible tasks: 440
Solving time: 0.0014359 seconds
plan limit 979
current timestep 97
num of flexible agents: 190
num of flexible tasks: 440
Solving time: 0.0015355 seconds
plan limit 978
current timestep 98
num of flexible agents: 185
num of flexible tasks: 435
Solving time: 0.0014097 seconds
plan limit 978
current timestep 99
num of flexible agents: 185
num of flexible tasks: 435
Solving time: 0.001383 seconds
plan limit 978
current timestep 100
num of flexible agents: 192
num of flexible tasks: 442
Solving time: 0.0016156 seconds
plan limit 978
current timestep 101
num of flexible agents: 192
num of flexible tasks: 442
Solving time: 0.0015904 seconds
plan limit 978
current timestep 102
num of flexible agents: 191
num of flexible tasks: 441
Solving time: 0.0015454 seconds
plan limit 978
current timestep 103
num of flexible agents: 187
num of flexible tasks: 437
Solving time: 0.0015295 seconds
plan limit 978
current timestep 104
num of flexible agents: 188
num of flexible tasks: 438
Solving time: 0.0015079 seconds
plan limit 978
current timestep 105
num of flexible agents: 188
num of flexible tasks: 438
Solving time: 0.0014736 seconds
plan limit 977
current timestep 106
num of flexible agents: 190
num of flexible tasks: 440
Solving time: 0.0014903 seconds
plan limit 978
current timestep 107
num of flexible agents: 193
num of flexible tasks: 443
Solving time: 0.0016658 seconds
plan limit 978
current timestep 108
num of flexible agents: 194
num of flexible tasks: 444
Solving time: 0.0014884 seconds
plan limit 978
current timestep 109
num of flexible agents: 194
num of flexible tasks: 444
Solving time: 0.0017447 seconds
plan limit 978
current timestep 110
num of flexible agents: 192
num of flexible tasks: 442
Solving time: 0.0018866 seconds
plan limit 978
current timestep 111
num of flexible agents: 187
num of flexible tasks: 437
Solving time: 0.0021902 seconds
plan limit 977
current timestep 112
num of flexible agents: 190
num of flexible tasks: 440
Solving time: 0.0016113 seconds
plan limit 978
current timestep 113
num of flexible agents: 197
num of flexible tasks: 447
Solving time: 0.0016322 seconds
plan limit 978
current timestep 114
num of flexible agents: 201
num of flexible tasks: 451
Solving time: 0.0016129 seconds
plan limit 978
current timestep 115
num of flexible agents: 199
num of flexible tasks: 449
Solving time: 0.00155 seconds
plan limit 978
current timestep 116
num of flexible agents: 199
num of flexible tasks: 449
Solving time: 0.0017808 seconds
plan limit 978
current timestep 117
num of flexible agents: 192
num of flexible tasks: 442
Solving time: 0.0015552 seconds
plan limit 978
current timestep 118
num of flexible agents: 189
num of flexible tasks: 439
Solving time: 0.0016803 seconds
plan limit 978
current timestep 119
num of flexible agents: 184
num of flexible tasks: 434
Solving time: 0.0016872 seconds
plan limit 978
current timestep 120
num of flexible agents: 183
num of flexible tasks: 433
Solving time: 0.0016145 seconds
plan limit 978
current timestep 121
num of flexible agents: 184
num of flexible tasks: 434
Solving time: 0.0015428 seconds
plan limit 978
current timestep 122
num of flexible agents: 185
num of flexible tasks: 435
Solving time: 0.0017702 seconds
plan limit 978
current timestep 123
num of flexible agents: 183
num of flexible tasks: 433
Solving time: 0.001607 seconds
plan limit 978
current timestep 124
num of flexible agents: 190
num of flexible tasks: 440
Solving time: 0.0016841 seconds
plan limit 978
current timestep 125
num of flexible agents: 190
num of flexible tasks: 440
Solving time: 0.0019125 seconds
plan limit 978
current timestep 126
num of flexible agents: 194
num of flexible tasks: 444
Solving time: 0.0017477 seconds
plan limit 978
current timestep 127
num of flexible agents: 194
num of flexible tasks: 444
Solving time: 0.0017705 seconds
plan limit 978
current timestep 128
num of flexible agents: 191
num of flexible tasks: 441
Solving time: 0.0017344 seconds
plan limit 978
current timestep 129
num of flexible agents: 195
num of flexible tasks: 445
Solving time: 0.0017131 seconds
plan limit 978
current timestep 130
num of flexible agents: 194
num of flexible tasks: 444
Solving time: 0.0016571 seconds
plan limit 978
current timestep 131
num of flexible agents: 194
num of flexible tasks: 444
Solving time: 0.00175 seconds
plan limit 978
current timestep 132
num of flexible agents: 197
num of flexible tasks: 447
Solving time: 0.0019423 seconds
plan limit 978
current timestep 133
num of flexible agents: 195
num of flexible tasks: 445
Solving time: 0.0017161 seconds
plan limit 978
current timestep 134
num of flexible agents: 194
num of flexible tasks: 444
Solving time: 0.0016988 seconds
plan limit 978
current timestep 135
num of flexible agents: 192
num of flexible tasks: 442
Solving time: 0.0017508 seconds
plan limit 978
current timestep 136
num of flexible agents: 197
num of flexible tasks: 447
Solving time: 0.001681 seconds
plan limit 978
current timestep 137
num of flexible agents: 197
num of flexible tasks: 447
Solving time: 0.00196 seconds
plan limit 978
current timestep 138
num of flexible agents: 200
num of flexible tasks: 450
Solving time: 0.0027746 seconds
plan limit 977
current timestep 139
num of flexible agents: 197
num of flexible tasks: 447
Solving time: 0.0017212 seconds
plan limit 978
current timestep 140
num of flexible agents: 195
num of flexible tasks: 445
Solving time: 0.0018101 seconds
plan limit 978
current timestep 141
num of flexible agents: 194
num of flexible tasks: 444
Solving time: 0.0018394 seconds
plan limit 978
current timestep 142
num of flexible agents: 198
num of flexible tasks: 448
Solving time: 0.0017507 seconds
plan limit 978
current timestep 143
num of flexible agents: 205
num of flexible tasks: 455
Solving time: 0.001823 seconds
plan limit 978
current timestep 144
num of flexible agents: 202
num of flexible tasks: 452
Solving time: 0.001656 seconds
plan limit 978
current timestep 145
num of flexible agents: 196
num of flexible tasks: 446
Solving time: 0.0018254 seconds
plan limit 978
current timestep 146
num of flexible agents: 198
num of flexible tasks: 448
Solving time: 0.0017234 seconds
plan limit 978
current timestep 147
num of flexible agents: 199
num of flexible tasks: 449
Solving time: 0.0017782 seconds
plan limit 978
current timestep 148
num of flexible agents: 194
num of flexible tasks: 444
Solving time: 0.0017592 seconds
plan limit 978
current timestep 149
num of flexible agents: 201
num of flexible tasks: 451
Solving time: 0.0018113 seconds
plan limit 978
current timestep 150
num of flexible agents: 197
num of flexible tasks: 447
Solving time: 0.0018993 seconds
plan limit 978
current timestep 151
num of flexible agents: 193
num of flexible tasks: 443
Solving time: 0.001906 seconds
plan limit 978
current timestep 152
num of flexible agents: 197
num of flexible tasks: 447
Solving time: 0.0018837 seconds
plan limit 978
current timestep 153
num of flexible agents: 199
num of flexible tasks: 449
Solving time: 0.0020048 seconds
plan limit 978
current timestep 154
num of flexible agents: 203
num of flexible tasks: 453
Solving time: 0.0019505 seconds
plan limit 978
current timestep 155
num of flexible agents: 199
num of flexible tasks: 449
Solving time: 0.001908 seconds
plan limit 978
current timestep 156
num of flexible agents: 200
num of flexible tasks: 450
Solving time: 0.0018603 seconds
plan limit 978
current timestep 157
num of flexible agents: 198
num of flexible tasks: 448
Solving time: 0.0019306 seconds
plan limit 978
current timestep 158
num of flexible agents: 198
num of flexible tasks: 448
Solving time: 0.0016402 seconds
plan limit 978
current timestep 159
num of flexible agents: 201
num of flexible tasks: 451
Solving time: 0.0018066 seconds
plan limit 978
current timestep 160
num of flexible agents: 202
num of flexible tasks: 452
Solving time: 0.0017746 seconds
plan limit 978
current timestep 161
num of flexible agents: 205
num of flexible tasks: 455
Solving time: 0.0018955 seconds
plan limit 978
current timestep 162
num of flexible agents: 202
num of flexible tasks: 452
Solving time: 0.00196 seconds
plan limit 978
current timestep 163
num of flexible agents: 206
num of flexible tasks: 456
Solving time: 0.0017963 seconds
plan limit 978
current timestep 164
num of flexible agents: 205
num of flexible tasks: 455
Solving time: 0.0018597 seconds
plan limit 978
current timestep 165
num of flexible agents: 210
num of flexible tasks: 460
Solving time: 0.0019558 seconds
plan limit 978
current timestep 166
num of flexible agents: 213
num of flexible tasks: 463
Solving time: 0.0018792 seconds
plan limit 978
current timestep 167
num of flexible agents: 215
num of flexible tasks: 465
Solving time: 0.0018953 seconds
plan limit 978
current timestep 168
num of flexible agents: 215
num of flexible tasks: 465
Solving time: 0.001667 seconds
plan limit 978
current timestep 169
num of flexible agents: 212
num of flexible tasks: 462
Solving time: 0.0018246 seconds
plan limit 978
current timestep 170
num of flexible agents: 209
num of flexible tasks: 459
Solving time: 0.0017818 seconds
plan limit 978
current timestep 171
num of flexible agents: 209
num of flexible tasks: 459
Solving time: 0.001755 seconds
plan limit 978
current timestep 172
num of flexible agents: 212
num of flexible tasks: 462
Solving time: 0.0017388 seconds
plan limit 978
current timestep 173
num of flexible agents: 210
num of flexible tasks: 460
Solving time: 0.001878 seconds
plan limit 978
current timestep 174
num of flexible agents: 209
num of flexible tasks: 459
Solving time: 0.0017862 seconds
plan limit 978
current timestep 175
num of flexible agents: 206
num of flexible tasks: 456
Solving time: 0.0019105 seconds
plan limit 978
current timestep 176
num of flexible agents: 211
num of flexible tasks: 461
Solving time: 0.0019147 seconds
plan limit 978
current timestep 177
num of flexible agents: 206
num of flexible tasks: 456
Solving time: 0.0018751 seconds
plan limit 978
current timestep 178
num of flexible agents: 209
num of flexible tasks: 459
Solving time: 0.001883 seconds
plan limit 978
current timestep 179
num of flexible agents: 212
num of flexible tasks: 462
Solving time: 0.0018485 seconds
plan limit 978
current timestep 180
num of flexible agents: 209
num of flexible tasks: 459
Solving time: 0.0019814 seconds
plan limit 978
current timestep 181
num of flexible agents: 209
num of flexible tasks: 459
Solving time: 0.0017541 seconds
plan limit 978
current timestep 182
num of flexible agents: 207
num of flexible tasks: 457
Solving time: 0.0019304 seconds
plan limit 978
current timestep 183
num of flexible agents: 205
num of flexible tasks: 455
Solving time: 0.0019384 seconds
plan limit 978
current timestep 184
num of flexible agents: 208
num of flexible tasks: 458
Solving time: 0.0021225 seconds
plan limit 978
current timestep 185
num of flexible agents: 213
num of flexible tasks: 463
Solving time: 0.002015 seconds
plan limit 978
current timestep 186
num of flexible agents: 213
num of flexible tasks: 463
Solving time: 0.0017872 seconds
plan limit 978
current timestep 187
num of flexible agents: 212
num of flexible tasks: 462
Solving time: 0.0018505 seconds
plan limit 978
current timestep 188
num of flexible agents: 213
num of flexible tasks: 463
Solving time: 0.0019134 seconds
plan limit 978
current timestep 189
num of flexible agents: 215
num of flexible tasks: 465
Solving time: 0.0019021 seconds
plan limit 978
current timestep 190
num of flexible agents: 215
num of flexible tasks: 465
Solving time: 0.0018322 seconds
plan limit 978
current timestep 191
num of flexible agents: 214
num of flexible tasks: 464
Solving time: 0.0022322 seconds
plan limit 977
current timestep 192
num of flexible agents: 215
num of flexible tasks: 465
Solving time: 0.0020984 seconds
plan limit 978
current timestep 193
num of flexible agents: 215
num of flexible tasks: 465
Solving time: 0.0017932 seconds
plan limit 978
current timestep 194
num of flexible agents: 217
num of flexible tasks: 467
Solving time: 0.00184 seconds
plan limit 978
current timestep 195
num of flexible agents: 216
num of flexible tasks: 466
Solving time: 0.0017665 seconds
plan limit 978
current timestep 196
num of flexible agents: 214
num of flexible tasks: 464
Solving time: 0.0024234 seconds
plan limit 977
current timestep 197
num of flexible agents: 217
num of flexible tasks: 467
Solving time: 0.0019178 seconds
plan limit 978
current timestep 198
num of flexible agents: 216
num of flexible tasks: 466
Solving time: 0.0018032 seconds
plan limit 978
current timestep 199
num of flexible agents: 219
num of flexible tasks: 469
Solving time: 0.0018636 seconds
plan limit 978
current timestep 200
num of flexible agents: 216
num of flexible tasks: 466
Solving time: 0.0017779 seconds
plan limit 978
current timestep 201
num of flexible agents: 214
num of flexible tasks: 464
Solving time: 0.0017374 seconds
plan limit 978
current timestep 202
num of flexible agents: 211
num of flexible tasks: 461
Solving time: 0.0020647 seconds
plan limit 978
current timestep 203
num of flexible agents: 213
num of flexible tasks: 463
Solving time: 0.0016606 seconds
plan limit 978
current timestep 204
num of flexible agents: 209
num of flexible tasks: 459
Solving time: 0.0018421 seconds
plan limit 978
current timestep 205
num of flexible agents: 207
num of flexible tasks: 457
Solving time: 0.002254 seconds
plan limit 978
current timestep 206
num of flexible agents: 205
num of flexible tasks: 455
Solving time: 0.001767 seconds
plan limit 978
current timestep 207
num of flexible agents: 201
num of flexible tasks: 451
Solving time: 0.0019833 seconds
plan limit 978
current timestep 208
num of flexible agents: 205
num of flexible tasks: 455
Solving time: 0.0023361 seconds
plan limit 977
current timestep 209
num of flexible agents: 206
num of flexible tasks: 456
Solving time: 0.0023707 seconds
plan limit 977
current timestep 210
num of flexible agents: 207
num of flexible tasks: 457
Solving time: 0.0017151 seconds
plan limit 978
current timestep 211
num of flexible agents: 208
num of flexible tasks: 458
Solving time: 0.0019644 seconds
plan limit 978
current timestep 212
num of flexible agents: 216
num of flexible tasks: 466
Solving time: 0.0021053 seconds
plan limit 978
current timestep 213
num of flexible agents: 215
num of flexible tasks: 465
Solving time: 0.0017619 seconds
plan limit 978
current timestep 214
num of flexible agents: 216
num of flexible tasks: 466
Solving time: 0.0022994 seconds
plan limit 977
current timestep 215
num of flexible agents: 213
num of flexible tasks: 463
Solving time: 0.0019143 seconds
plan limit 978
current timestep 216
num of flexible agents: 207
num of flexible tasks: 457
Solving time: 0.0018817 seconds
plan limit 978
current timestep 217
num of flexible agents: 208
num of flexible tasks: 458
Solving time: 0.0019775 seconds
plan limit 978
current timestep 218
num of flexible agents: 210
num of flexible tasks: 460
Solving time: 0.0018321 seconds
plan limit 978
current timestep 219
num of flexible agents: 209
num of flexible tasks: 459
Solving time: 0.0018379 seconds
plan limit 978
current timestep 220
num of flexible agents: 205
num of flexible tasks: 455
Solving time: 0.0018146 seconds
plan limit 978
current timestep 221
num of flexible agents: 202
num of flexible tasks: 452
Solving time: 0.0016934 seconds
plan limit 978
current timestep 222
num of flexible agents: 204
num of flexible tasks: 454
Solving time: 0.0018564 seconds
plan limit 978
current timestep 223
num of flexible agents: 205
num of flexible tasks: 455
Solving time: 0.002065 seconds
plan limit 978
current timestep 224
num of flexible agents: 205
num of flexible tasks: 455
Solving time: 0.001953 seconds
plan limit 978
current timestep 225
num of flexible agents: 204
num of flexible tasks: 454
Solving time: 0.0020062 seconds
plan limit 978
current timestep 226
num of flexible agents: 201
num of flexible tasks: 451
Solving time: 0.0016783 seconds
plan limit 978
current timestep 227
num of flexible agents: 204
num of flexible tasks: 454
Solving time: 0.0018724 seconds
plan limit 978
current timestep 228
num of flexible agents: 200
num of flexible tasks: 450
Solving time: 0.002316 seconds
plan limit 977
current timestep 229
num of flexible agents: 201
num of flexible tasks: 451
Solving time: 0.0018673 seconds
plan limit 978
current timestep 230
num of flexible agents: 190
num of flexible tasks: 440
Solving time: 0.0018217 seconds
plan limit 978
current timestep 231
num of flexible agents: 191
num of flexible tasks: 441
Solving time: 0.0017537 seconds
plan limit 978
current timestep 232
num of flexible agents: 187
num of flexible tasks: 437
Solving time: 0.0023103 seconds
plan limit 977
current timestep 233
num of flexible agents: 181
num of flexible tasks: 431
Solving time: 0.0016485 seconds
plan limit 978
current timestep 234
num of flexible agents: 179
num of flexible tasks: 429
Solving time: 0.0017701 seconds
plan limit 978
current timestep 235
num of flexible agents: 177
num of flexible tasks: 427
Solving time: 0.0016538 seconds
plan limit 978
current timestep 236
num of flexible agents: 178
num of flexible tasks: 428
Solving time: 0.0017669 seconds
plan limit 978
current timestep 237
num of flexible agents: 179
num of flexible tasks: 429
Solving time: 0.0022834 seconds
plan limit 978
current timestep 238
num of flexible agents: 181
num of flexible tasks: 431
Solving time: 0.0017466 seconds
plan limit 978
current timestep 239
num of flexible agents: 184
num of flexible tasks: 434
Solving time: 0.0016784 seconds
plan limit 978
current timestep 240
num of flexible agents: 178
num of flexible tasks: 428
Solving time: 0.0017107 seconds
plan limit 978
current timestep 241
num of flexible agents: 183
num of flexible tasks: 433
Solving time: 0.0017776 seconds
plan limit 978
current timestep 242
num of flexible agents: 188
num of flexible tasks: 438
Solving time: 0.0017996 seconds
plan limit 978
current timestep 243
num of flexible agents: 186
num of flexible tasks: 436
Solving time: 0.0016006 seconds
plan limit 978
current timestep 244
num of flexible agents: 184
num of flexible tasks: 434
Solving time: 0.0015636 seconds
plan limit 978
current timestep 245
num of flexible agents: 188
num of flexible tasks: 438
Solving time: 0.001578 seconds
plan limit 978
current timestep 246
num of flexible agents: 190
num of flexible tasks: 440
Solving time: 0.0016836 seconds
plan limit 978
current timestep 247
num of flexible agents: 194
num of flexible tasks: 444
Solving time: 0.0018583 seconds
plan limit 978
current timestep 248
num of flexible agents: 191
num of flexible tasks: 441
Solving time: 0.0016996 seconds
plan limit 978
current timestep 249
num of flexible agents: 189
num of flexible tasks: 439
Solving time: 0.0016721 seconds
plan limit 978
current timestep 250
num of flexible agents: 190
num of flexible tasks: 440
Solving time: 0.0017375 seconds
plan limit 978
current timestep 251
num of flexible agents: 190
num of flexible tasks: 440
Solving time: 0.0018253 seconds
plan limit 978
current timestep 252
num of flexible agents: 190
num of flexible tasks: 440
Solving time: 0.0018423 seconds
plan limit 978
current timestep 253
num of flexible agents: 189
num of flexible tasks: 439
Solving time: 0.0018925 seconds
plan limit 978
current timestep 254
num of flexible agents: 187
num of flexible tasks: 437
Solving time: 0.0016658 seconds
plan limit 978
current timestep 255
num of flexible agents: 193
num of flexible tasks: 443
Solving time: 0.0017544 seconds
plan limit 978
current timestep 256
num of flexible agents: 191
num of flexible tasks: 441
Solving time: 0.001921 seconds
plan limit 978
current timestep 257
num of flexible agents: 195
num of flexible tasks: 445
Solving time: 0.0017139 seconds
plan limit 978
current timestep 258
num of flexible agents: 196
num of flexible tasks: 446
Solving time: 0.0018509 seconds
plan limit 978
current timestep 259
num of flexible agents: 199
num of flexible tasks: 449
Solving time: 0.0018685 seconds
plan limit 978
current timestep 260
num of flexible agents: 201
num of flexible tasks: 451
Solving time: 0.0019382 seconds
plan limit 978
current timestep 261
num of flexible agents: 198
num of flexible tasks: 448
Solving time: 0.0017578 seconds
plan limit 978
current timestep 262
num of flexible agents: 196
num of flexible tasks: 446
Solving time: 0.0017461 seconds
plan limit 978
current timestep 263
num of flexible agents: 196
num of flexible tasks: 446
Solving time: 0.0016814 seconds
plan limit 978
current timestep 264
num of flexible agents: 192
num of flexible tasks: 442
Solving time: 0.0017121 seconds
plan limit 978
current timestep 265
num of flexible agents: 194
num of flexible tasks: 444
Solving time: 0.0017838 seconds
plan limit 978
current timestep 266
num of flexible agents: 193
num of flexible tasks: 443
Solving time: 0.0016795 seconds
plan limit 978
current timestep 267
num of flexible agents: 192
num of flexible tasks: 442
Solving time: 0.0017781 seconds
plan limit 978
current timestep 268
num of flexible agents: 196
num of flexible tasks: 446
Solving time: 0.0017734 seconds
plan limit 978
current timestep 269
num of flexible agents: 197
num of flexible tasks: 447
Solving time: 0.0019869 seconds
plan limit 978
current timestep 270
num of flexible agents: 198
num of flexible tasks: 448
Solving time: 0.0017827 seconds
plan limit 978
current timestep 271
num of flexible agents: 198
num of flexible tasks: 448
Solving time: 0.0018301 seconds
plan limit 978
current timestep 272
num of flexible agents: 198
num of flexible tasks: 448
Solving time: 0.0018556 seconds
plan limit 978
current timestep 273
num of flexible agents: 200
num of flexible tasks: 450
Solving time: 0.001801 seconds
plan limit 978
current timestep 274
num of flexible agents: 198
num of flexible tasks: 448
Solving time: 0.0018616 seconds
plan limit 978
current timestep 275
num of flexible agents: 193
num of flexible tasks: 443
Solving time: 0.0018054 seconds
plan limit 978
current timestep 276
num of flexible agents: 194
num of flexible tasks: 444
Solving time: 0.0018888 seconds
plan limit 978
current timestep 277
num of flexible agents: 191
num of flexible tasks: 441
Solving time: 0.0017654 seconds
plan limit 978
current timestep 278
num of flexible agents: 188
num of flexible tasks: 438
Solving time: 0.0018543 seconds
plan limit 978
current timestep 279
num of flexible agents: 188
num of flexible tasks: 438
Solving time: 0.0018041 seconds
plan limit 978
current timestep 280
num of flexible agents: 191
num of flexible tasks: 441
Solving time: 0.0018954 seconds
plan limit 978
current timestep 281
num of flexible agents: 198
num of flexible tasks: 448
Solving time: 0.0018504 seconds
plan limit 978
current timestep 282
num of flexible agents: 201
num of flexible tasks: 451
Solving time: 0.001891 seconds
plan limit 978
current timestep 283
num of flexible agents: 201
num of flexible tasks: 451
Solving time: 0.0018199 seconds
plan limit 978
current timestep 284
num of flexible agents: 204
num of flexible tasks: 454
Solving time: 0.0020282 seconds
plan limit 978
current timestep 285
num of flexible agents: 207
num of flexible tasks: 457
Solving time: 0.001792 seconds
plan limit 978
current timestep 286
num of flexible agents: 210
num of flexible tasks: 460
Solving time: 0.0027942 seconds
plan limit 977
current timestep 287
num of flexible agents: 205
num of flexible tasks: 455
Solving time: 0.0019088 seconds
plan limit 978
current timestep 288
num of flexible agents: 206
num of flexible tasks: 456
Solving time: 0.001859 seconds
plan limit 978
current timestep 289
num of flexible agents: 208
num of flexible tasks: 458
Solving time: 0.0018835 seconds
plan limit 978
current timestep 290
num of flexible agents: 210
num of flexible tasks: 460
Solving time: 0.0019605 seconds
plan limit 978
current timestep 291
num of flexible agents: 220
num of flexible tasks: 470
Solving time: 0.0020937 seconds
plan limit 978
current timestep 292
num of flexible agents: 219
num of flexible tasks: 469
Solving time: 0.0019636 seconds
plan limit 978
current timestep 293
num of flexible agents: 220
num of flexible tasks: 470
Solving time: 0.0018897 seconds
plan limit 978
current timestep 294
num of flexible agents: 220
num of flexible tasks: 470
Solving time: 0.0019096 seconds
plan limit 978
current timestep 295
num of flexible agents: 220
num of flexible tasks: 470
Solving time: 0.0019191 seconds
plan limit 978
current timestep 296
num of flexible agents: 220
num of flexible tasks: 470
Solving time: 0.0018961 seconds
plan limit 978
current timestep 297
num of flexible agents: 224
num of flexible tasks: 474
Solving time: 0.0021064 seconds
plan limit 978
current timestep 298
num of flexible agents: 223
num of flexible tasks: 473
Solving time: 0.0020641 seconds
plan limit 978
current timestep 299
num of flexible agents: 222
num of flexible tasks: 472
Solving time: 0.0018782 seconds
plan limit 978
current timestep 300
num of flexible agents: 219
num of flexible tasks: 469
Solving time: 0.0019096 seconds
plan limit 978
current timestep 301
num of flexible agents: 224
num of flexible tasks: 474
Solving time: 0.0020296 seconds
plan limit 978
current timestep 302
num of flexible agents: 220
num of flexible tasks: 470
Solving time: 0.0019617 seconds
plan limit 978
current timestep 303
num of flexible agents: 217
num of flexible tasks: 467
Solving time: 0.0019963 seconds
plan limit 978
current timestep 304
num of flexible agents: 220
num of flexible tasks: 470
Solving time: 0.0019034 seconds
plan limit 978
current timestep 305
num of flexible agents: 224
num of flexible tasks: 474
Solving time: 0.0021341 seconds
plan limit 978
current timestep 306
num of flexible agents: 228
num of flexible tasks: 478
Solving time: 0.0020295 seconds
plan limit 978
current timestep 307
num of flexible agents: 223
num of flexible tasks: 473
Solving time: 0.0020118 seconds
plan limit 978
current timestep 308
num of flexible agents: 223
num of flexible tasks: 473
Solving time: 0.0019857 seconds
plan limit 978
current timestep 309
num of flexible agents: 223
num of flexible tasks: 473
Solving time: 0.0019896 seconds
plan limit 978
current timestep 310
num of flexible agents: 224
num of flexible tasks: 474
Solving time: 0.0018188 seconds
plan limit 978
current timestep 311
num of flexible agents: 228
num of flexible tasks: 478
Solving time: 0.0019051 seconds
plan limit 978
current timestep 312
num of flexible agents: 225
num of flexible tasks: 475
Solving time: 0.0019511 seconds
plan limit 978
current timestep 313
num of flexible agents: 223
num of flexible tasks: 473
Solving time: 0.0019352 seconds
plan limit 978
current timestep 314
num of flexible agents: 220
num of flexible tasks: 470
Solving time: 0.0018533 seconds
plan limit 978
current timestep 315
num of flexible agents: 222
num of flexible tasks: 472
Solving time: 0.0019844 seconds
plan limit 978
current timestep 316
num of flexible agents: 214
num of flexible tasks: 464
Solving time: 0.0021958 seconds
plan limit 978
current timestep 317
num of flexible agents: 211
num of flexible tasks: 461
Solving time: 0.0018355 seconds
plan limit 978
current timestep 318
num of flexible agents: 206
num of flexible tasks: 456
Solving time: 0.0019418 seconds
plan limit 978
current timestep 319
num of flexible agents: 206
num of flexible tasks: 456
Solving time: 0.0019541 seconds
plan limit 978
current timestep 320
num of flexible agents: 208
num of flexible tasks: 458
Solving time: 0.0020264 seconds
plan limit 978
current timestep 321
num of flexible agents: 210
num of flexible tasks: 460
Solving time: 0.0019742 seconds
plan limit 978
current timestep 322
num of flexible agents: 210
num of flexible tasks: 460
Solving time: 0.002565 seconds
plan limit 977
current timestep 323
num of flexible agents: 203
num of flexible tasks: 453
Solving time: 0.0019581 seconds
plan limit 978
current timestep 324
num of flexible agents: 203
num of flexible tasks: 453
Solving time: 0.0018412 seconds
plan limit 978
current timestep 325
num of flexible agents: 202
num of flexible tasks: 452
Solving time: 0.001968 seconds
plan limit 978
current timestep 326
num of flexible agents: 200
num of flexible tasks: 450
Solving time: 0.0018622 seconds
plan limit 978
current timestep 327
num of flexible agents: 208
num of flexible tasks: 458
Solving time: 0.0021251 seconds
plan limit 978
current timestep 328
num of flexible agents: 209
num of flexible tasks: 459
Solving time: 0.0018528 seconds
plan limit 978
current timestep 329
num of flexible agents: 212
num of flexible tasks: 462
Solving time: 0.001849 seconds
plan limit 978
current timestep 330
num of flexible agents: 212
num of flexible tasks: 462
Solving time: 0.0019952 seconds
plan limit 978
current timestep 331
num of flexible agents: 220
num of flexible tasks: 470
Solving time: 0.001926 seconds
plan limit 978
current timestep 332
num of flexible agents: 226
num of flexible tasks: 476
Solving time: 0.00196 seconds
plan limit 978
current timestep 333
num of flexible agents: 224
num of flexible tasks: 474
Solving time: 0.0018486 seconds
plan limit 978
current timestep 334
num of flexible agents: 224
num of flexible tasks: 474
Solving time: 0.001882 seconds
plan limit 978
current timestep 335
num of flexible agents: 220
num of flexible tasks: 470
Solving time: 0.001957 seconds
plan limit 978
current timestep 336
num of flexible agents: 222
num of flexible tasks: 472
Solving time: 0.0019258 seconds
plan limit 978
current timestep 337
num of flexible agents: 218
num of flexible tasks: 468
Solving time: 0.0018717 seconds
plan limit 978
current timestep 338
num of flexible agents: 215
num of flexible tasks: 465
Solving time: 0.0021713 seconds
plan limit 978
current timestep 339
num of flexible agents: 213
num of flexible tasks: 463
Solving time: 0.001923 seconds
plan limit 978
current timestep 340
num of flexible agents: 211
num of flexible tasks: 461
Solving time: 0.0019 seconds
plan limit 978
current timestep 341
num of flexible agents: 213
num of flexible tasks: 463
Solving time: 0.0019622 seconds
plan limit 978
current timestep 342
num of flexible agents: 208
num of flexible tasks: 458
Solving time: 0.0018238 seconds
plan limit 978
current timestep 343
num of flexible agents: 208
num of flexible tasks: 458
Solving time: 0.0018809 seconds
plan limit 978
current timestep 344
num of flexible agents: 211
num of flexible tasks: 461
Solving time: 0.0017705 seconds
plan limit 978
current timestep 345
num of flexible agents: 215
num of flexible tasks: 465
Solving time: 0.0017139 seconds
plan limit 978
current timestep 346
num of flexible agents: 221
num of flexible tasks: 471
Solving time: 0.0018359 seconds
plan limit 978
current timestep 347
num of flexible agents: 216
num of flexible tasks: 466
Solving time: 0.0019023 seconds
plan limit 978
current timestep 348
num of flexible agents: 207
num of flexible tasks: 457
Solving time: 0.0017451 seconds
plan limit 978
current timestep 349
num of flexible agents: 209
num of flexible tasks: 459
Solving time: 0.0018928 seconds
plan limit 978
current timestep 350
num of flexible agents: 208
num of flexible tasks: 458
Solving time: 0.0018541 seconds
plan limit 978
current timestep 351
num of flexible agents: 204
num of flexible tasks: 454
Solving time: 0.0017533 seconds
plan limit 978
current timestep 352
num of flexible agents: 202
num of flexible tasks: 452
Solving time: 0.0018362 seconds
plan limit 978
current timestep 353
num of flexible agents: 200
num of flexible tasks: 450
Solving time: 0.0017893 seconds
plan limit 978
current timestep 354
num of flexible agents: 197
num of flexible tasks: 447
Solving time: 0.0018454 seconds
plan limit 978
current timestep 355
num of flexible agents: 195
num of flexible tasks: 445
Solving time: 0.0018405 seconds
plan limit 978
current timestep 356
num of flexible agents: 198
num of flexible tasks: 448
Solving time: 0.001736 seconds
plan limit 978
current timestep 357
num of flexible agents: 198
num of flexible tasks: 448
Solving time: 0.0017877 seconds
plan limit 978
current timestep 358
num of flexible agents: 189
num of flexible tasks: 439
Solving time: 0.0018419 seconds
plan limit 978
current timestep 359
num of flexible agents: 188
num of flexible tasks: 438
Solving time: 0.0017246 seconds
plan limit 978
current timestep 360
num of flexible agents: 184
num of flexible tasks: 434
Solving time: 0.0018367 seconds
plan limit 978
current timestep 361
num of flexible agents: 185
num of flexible tasks: 435
Solving time: 0.0015906 seconds
plan limit 978
current timestep 362
num of flexible agents: 183
num of flexible tasks: 433
Solving time: 0.0016764 seconds
plan limit 978
current timestep 363
num of flexible agents: 188
num of flexible tasks: 438
Solving time: 0.0017741 seconds
plan limit 978
current timestep 364
num of flexible agents: 192
num of flexible tasks: 442
Solving time: 0.0017748 seconds
plan limit 978
current timestep 365
num of flexible agents: 198
num of flexible tasks: 448
Solving time: 0.0016922 seconds
plan limit 978
current timestep 366
num of flexible agents: 197
num of flexible tasks: 447
Solving time: 0.0017919 seconds
plan limit 978
current timestep 367
num of flexible agents: 200
num of flexible tasks: 450
Solving time: 0.0019343 seconds
plan limit 978
current timestep 368
num of flexible agents: 205
num of flexible tasks: 455
Solving time: 0.0018479 seconds
plan limit 978
current timestep 369
num of flexible agents: 200
num of flexible tasks: 450
Solving time: 0.0018569 seconds
plan limit 978
current timestep 370
num of flexible agents: 203
num of flexible tasks: 453
Solving time: 0.0018732 seconds
plan limit 978
current timestep 371
num of flexible agents: 202
num of flexible tasks: 452
Solving time: 0.0019869 seconds
plan limit 978
current timestep 372
num of flexible agents: 201
num of flexible tasks: 451
Solving time: 0.0018637 seconds
plan limit 978
current timestep 373
num of flexible agents: 200
num of flexible tasks: 450
Solving time: 0.003288 seconds
plan limit 976
current timestep 374
num of flexible agents: 199
num of flexible tasks: 449
Solving time: 0.0016853 seconds
plan limit 978
current timestep 375
num of flexible agents: 201
num of flexible tasks: 451
Solving time: 0.0027211 seconds
plan limit 977
current timestep 376
num of flexible agents: 202
num of flexible tasks: 452
Solving time: 0.0017697 seconds
plan limit 978
current timestep 377
num of flexible agents: 203
num of flexible tasks: 453
Solving time: 0.0017416 seconds
plan limit 978
current timestep 378
num of flexible agents: 198
num of flexible tasks: 448
Solving time: 0.0019767 seconds
plan limit 978
current timestep 379
num of flexible agents: 195
num of flexible tasks: 445
Solving time: 0.0019063 seconds
plan limit 978
current timestep 380
num of flexible agents: 189
num of flexible tasks: 439
Solving time: 0.0017246 seconds
plan limit 978
current timestep 381
num of flexible agents: 183
num of flexible tasks: 433
Solving time: 0.0018525 seconds
plan limit 978
current timestep 382
num of flexible agents: 182
num of flexible tasks: 432
Solving time: 0.0017919 seconds
plan limit 978
current timestep 383
num of flexible agents: 179
num of flexible tasks: 429
Solving time: 0.001939 seconds
plan limit 978
current timestep 384
num of flexible agents: 180
num of flexible tasks: 430
Solving time: 0.0019625 seconds
plan limit 978
current timestep 385
num of flexible agents: 181
num of flexible tasks: 431
Solving time: 0.0018726 seconds
plan limit 978
current timestep 386
num of flexible agents: 186
num of flexible tasks: 436
Solving time: 0.0018432 seconds
plan limit 978
current timestep 387
num of flexible agents: 185
num of flexible tasks: 435
Solving time: 0.0020131 seconds
plan limit 978
current timestep 388
num of flexible agents: 180
num of flexible tasks: 430
Solving time: 0.0018358 seconds
plan limit 978
current timestep 389
num of flexible agents: 180
num of flexible tasks: 430
Solving time: 0.001716 seconds
plan limit 978
current timestep 390
num of flexible agents: 182
num of flexible tasks: 432
Solving time: 0.0026229 seconds
plan limit 977
current timestep 391
num of flexible agents: 193
num of flexible tasks: 443
Solving time: 0.0018938 seconds
plan limit 978
current timestep 392
num of flexible agents: 193
num of flexible tasks: 443
Solving time: 0.0018376 seconds
plan limit 978
current timestep 393
num of flexible agents: 192
num of flexible tasks: 442
Solving time: 0.0020055 seconds
plan limit 978
current timestep 394
num of flexible agents: 194
num of flexible tasks: 444
Solving time: 0.0018137 seconds
plan limit 978
current timestep 395
num of flexible agents: 195
num of flexible tasks: 445
Solving time: 0.0017959 seconds
plan limit 978
current timestep 396
num of flexible agents: 194
num of flexible tasks: 444
Solving time: 0.0018504 seconds
plan limit 978
current timestep 397
num of flexible agents: 196
num of flexible tasks: 446
Solving time: 0.0017914 seconds
plan limit 978
current timestep 398
num of flexible agents: 195
num of flexible tasks: 445
Solving time: 0.0019986 seconds
plan limit 978
current timestep 399
num of flexible agents: 202
num of flexible tasks: 452
Solving time: 0.0018643 seconds
plan limit 978
current timestep 400
num of flexible agents: 197
num of flexible tasks: 447
Solving time: 0.0017775 seconds
plan limit 978
current timestep 401
num of flexible agents: 197
num of flexible tasks: 447
Solving time: 0.0018765 seconds
plan limit 978
current timestep 402
num of flexible agents: 195
num of flexible tasks: 445
Solving time: 0.0021539 seconds
plan limit 978
current timestep 403
num of flexible agents: 196
num of flexible tasks: 446
Solving time: 0.0020297 seconds
plan limit 978
current timestep 404
num of flexible agents: 202
num of flexible tasks: 452
Solving time: 0.002058 seconds
plan limit 978
current timestep 405
num of flexible agents: 202
num of flexible tasks: 452
Solving time: 0.0018467 seconds
plan limit 978
current timestep 406
num of flexible agents: 198
num of flexible tasks: 448
Solving time: 0.0020279 seconds
plan limit 978
current timestep 407
num of flexible agents: 205
num of flexible tasks: 455
Solving time: 0.0022621 seconds
plan limit 977
current timestep 408
num of flexible agents: 202
num of flexible tasks: 452
Solving time: 0.0018932 seconds
plan limit 978
current timestep 409
num of flexible agents: 202
num of flexible tasks: 452
Solving time: 0.0020598 seconds
plan limit 978
current timestep 410
num of flexible agents: 201
num of flexible tasks: 451
Solving time: 0.0017846 seconds
plan limit 978
current timestep 411
num of flexible agents: 203
num of flexible tasks: 453
Solving time: 0.0018301 seconds
plan limit 978
current timestep 412
num of flexible agents: 199
num of flexible tasks: 449
Solving time: 0.0018718 seconds
plan limit 978
current timestep 413
num of flexible agents: 203
num of flexible tasks: 453
Solving time: 0.0018202 seconds
plan limit 978
current timestep 414
num of flexible agents: 203
num of flexible tasks: 453
Solving time: 0.0019477 seconds
plan limit 978
current timestep 415
num of flexible agents: 201
num of flexible tasks: 451
Solving time: 0.0018168 seconds
plan limit 978
current timestep 416
num of flexible agents: 201
num of flexible tasks: 451
Solving time: 0.0019269 seconds
plan limit 978
current timestep 417
num of flexible agents: 202
num of flexible tasks: 452
Solving time: 0.0018294 seconds
plan limit 978
current timestep 418
num of flexible agents: 207
num of flexible tasks: 457
Solving time: 0.0019203 seconds
plan limit 978
current timestep 419
num of flexible agents: 207
num of flexible tasks: 457
Solving time: 0.0018337 seconds
plan limit 978
current timestep 420
num of flexible agents: 206
num of flexible tasks: 456
Solving time: 0.0021451 seconds
plan limit 978
current timestep 421
num of flexible agents: 206
num of flexible tasks: 456
Solving time: 0.001955 seconds
plan limit 978
current timestep 422
num of flexible agents: 203
num of flexible tasks: 453
Solving time: 0.0018809 seconds
plan limit 978
current timestep 423
num of flexible agents: 201
num of flexible tasks: 451
Solving time: 0.001887 seconds
plan limit 978
current timestep 424
num of flexible agents: 200
num of flexible tasks: 450
Solving time: 0.0018611 seconds
plan limit 978
current timestep 425
num of flexible agents: 196
num of flexible tasks: 446
Solving time: 0.0020247 seconds
plan limit 978
current timestep 426
num of flexible agents: 202
num of flexible tasks: 452
Solving time: 0.0020167 seconds
plan limit 978
current timestep 427
num of flexible agents: 204
num of flexible tasks: 454
Solving time: 0.0018413 seconds
plan limit 978
current timestep 428
num of flexible agents: 200
num of flexible tasks: 450
Solving time: 0.0019207 seconds
plan limit 978
current timestep 429
num of flexible agents: 199
num of flexible tasks: 449
Solving time: 0.001835 seconds
plan limit 978
current timestep 430
num of flexible agents: 200
num of flexible tasks: 450
Solving time: 0.0017789 seconds
plan limit 978
current timestep 431
num of flexible agents: 199
num of flexible tasks: 449
Solving time: 0.0017338 seconds
plan limit 978
current timestep 432
num of flexible agents: 200
num of flexible tasks: 450
Solving time: 0.0018054 seconds
plan limit 978
current timestep 433
num of flexible agents: 197
num of flexible tasks: 447
Solving time: 0.0018752 seconds
plan limit 978
current timestep 434
num of flexible agents: 202
num of flexible tasks: 452
Solving time: 0.0018547 seconds
plan limit 978
current timestep 435
num of flexible agents: 205
num of flexible tasks: 455
Solving time: 0.0018568 seconds
plan limit 978
current timestep 436
num of flexible agents: 202
num of flexible tasks: 452
Solving time: 0.0018029 seconds
plan limit 978
current timestep 437
num of flexible agents: 202
num of flexible tasks: 452
Solving time: 0.0018788 seconds
plan limit 978
current timestep 438
num of flexible agents: 205
num of flexible tasks: 455
Solving time: 0.0017898 seconds
plan limit 978
current timestep 439
num of flexible agents: 209
num of flexible tasks: 459
Solving time: 0.00193 seconds
plan limit 978
current timestep 440
num of flexible agents: 211
num of flexible tasks: 461
Solving time: 0.0018651 seconds
plan limit 978
current timestep 441
num of flexible agents: 204
num of flexible tasks: 454
Solving time: 0.0028845 seconds
plan limit 977
current timestep 442
num of flexible agents: 205
num of flexible tasks: 455
Solving time: 0.0019864 seconds
plan limit 978
current timestep 443
num of flexible agents: 205
num of flexible tasks: 455
Solving time: 0.0018996 seconds
plan limit 978
current timestep 444
num of flexible agents: 203
num of flexible tasks: 453
Solving time: 0.0018438 seconds
plan limit 978
current timestep 445
num of flexible agents: 206
num of flexible tasks: 456
Solving time: 0.0017469 seconds
plan limit 978
current timestep 446
num of flexible agents: 211
num of flexible tasks: 461
Solving time: 0.0022455 seconds
plan limit 978
current timestep 447
num of flexible agents: 211
num of flexible tasks: 461
Solving time: 0.0018318 seconds
plan limit 978
current timestep 448
num of flexible agents: 209
num of flexible tasks: 459
Solving time: 0.0018208 seconds
plan limit 978
current timestep 449
num of flexible agents: 201
num of flexible tasks: 451
Solving time: 0.0018921 seconds
plan limit 978
current timestep 450
num of flexible agents: 198
num of flexible tasks: 448
Solving time: 0.0017827 seconds
plan limit 978
current timestep 451
num of flexible agents: 198
num of flexible tasks: 448
Solving time: 0.0018403 seconds
plan limit 978
current timestep 452
num of flexible agents: 196
num of flexible tasks: 446
Solving time: 0.0017039 seconds
plan limit 978
current timestep 453
num of flexible agents: 193
num of flexible tasks: 443
Solving time: 0.0018028 seconds
plan limit 978
current timestep 454
num of flexible agents: 197
num of flexible tasks: 447
Solving time: 0.0017953 seconds
plan limit 978
current timestep 455
num of flexible agents: 197
num of flexible tasks: 447
Solving time: 0.0019495 seconds
plan limit 978
current timestep 456
num of flexible agents: 198
num of flexible tasks: 448
Solving time: 0.0017926 seconds
plan limit 978
current timestep 457
num of flexible agents: 199
num of flexible tasks: 449
Solving time: 0.001722 seconds
plan limit 978
current timestep 458
num of flexible agents: 196
num of flexible tasks: 446
Solving time: 0.001897 seconds
plan limit 978
current timestep 459
num of flexible agents: 197
num of flexible tasks: 447
Solving time: 0.0018315 seconds
plan limit 978
current timestep 460
num of flexible agents: 198
num of flexible tasks: 448
Solving time: 0.001908 seconds
plan limit 978
current timestep 461
num of flexible agents: 199
num of flexible tasks: 449
Solving time: 0.0019398 seconds
plan limit 978
current timestep 462
num of flexible agents: 199
num of flexible tasks: 449
Solving time: 0.0027045 seconds
plan limit 977
current timestep 463
num of flexible agents: 201
num of flexible tasks: 451
Solving time: 0.0020345 seconds
plan limit 978
current timestep 464
num of flexible agents: 204
num of flexible tasks: 454
Solving time: 0.0020966 seconds
plan limit 978
current timestep 465
num of flexible agents: 208
num of flexible tasks: 458
Solving time: 0.0020959 seconds
plan limit 978
current timestep 466
num of flexible agents: 207
num of flexible tasks: 457
Solving time: 0.0019961 seconds
plan limit 978
current timestep 467
num of flexible agents: 207
num of flexible tasks: 457
Solving time: 0.0021017 seconds
plan limit 978
current timestep 468
num of flexible agents: 200
num of flexible tasks: 450
Solving time: 0.0019703 seconds
plan limit 978
current timestep 469
num of flexible agents: 201
num of flexible tasks: 451
Solving time: 0.0020136 seconds
plan limit 978
current timestep 470
num of flexible agents: 202
num of flexible tasks: 452
Solving time: 0.0018518 seconds
plan limit 978
current timestep 471
num of flexible agents: 204
num of flexible tasks: 454
Solving time: 0.0018929 seconds
plan limit 978
current timestep 472
num of flexible agents: 205
num of flexible tasks: 455
Solving time: 0.0019886 seconds
plan limit 978
current timestep 473
num of flexible agents: 201
num of flexible tasks: 451
Solving time: 0.00197 seconds
plan limit 978
current timestep 474
num of flexible agents: 201
num of flexible tasks: 451
Solving time: 0.0017792 seconds
plan limit 978
current timestep 475
num of flexible agents: 199
num of flexible tasks: 449
Solving time: 0.0064204 seconds
plan limit 972
current timestep 476
num of flexible agents: 199
num of flexible tasks: 449
Solving time: 0.0024723 seconds
plan limit 977
current timestep 477
num of flexible agents: 197
num of flexible tasks: 447
Solving time: 0.0018899 seconds
plan limit 978
current timestep 478
num of flexible agents: 194
num of flexible tasks: 444
Solving time: 0.0019734 seconds
plan limit 978
current timestep 479
num of flexible agents: 194
num of flexible tasks: 444
Solving time: 0.0019322 seconds
plan limit 978
current timestep 480
num of flexible agents: 197
num of flexible tasks: 447
Solving time: 0.0019758 seconds
plan limit 978
current timestep 481
num of flexible agents: 195
num of flexible tasks: 445
Solving time: 0.0019623 seconds
plan limit 978
current timestep 482
num of flexible agents: 196
num of flexible tasks: 446
Solving time: 0.0018773 seconds
plan limit 978
current timestep 483
num of flexible agents: 196
num of flexible tasks: 446
Solving time: 0.0018832 seconds
plan limit 978
current timestep 484
num of flexible agents: 193
num of flexible tasks: 443
Solving time: 0.0019948 seconds
plan limit 978
current timestep 485
num of flexible agents: 193
num of flexible tasks: 443
Solving time: 0.0018967 seconds
plan limit 978
current timestep 486
num of flexible agents: 193
num of flexible tasks: 443
Solving time: 0.0019774 seconds
plan limit 978
current timestep 487
num of flexible agents: 194
num of flexible tasks: 444
Solving time: 0.0020147 seconds
plan limit 978
current timestep 488
num of flexible agents: 194
num of flexible tasks: 444
Solving time: 0.0018834 seconds
plan limit 978
current timestep 489
num of flexible agents: 197
num of flexible tasks: 447
Solving time: 0.0019424 seconds
plan limit 978
current timestep 490
num of flexible agents: 193
num of flexible tasks: 443
Solving time: 0.0018471 seconds
plan limit 978
current timestep 491
num of flexible agents: 190
num of flexible tasks: 440
Solving time: 0.0018829 seconds
plan limit 978
current timestep 492
num of flexible agents: 189
num of flexible tasks: 439
Solving time: 0.0020169 seconds
plan limit 978
current timestep 493
num of flexible agents: 196
num of flexible tasks: 446
Solving time: 0.0020325 seconds
plan limit 978
current timestep 494
num of flexible agents: 199
num of flexible tasks: 449
Solving time: 0.0020876 seconds
plan limit 978
current timestep 495
num of flexible agents: 199
num of flexible tasks: 449
Solving time: 0.0018375 seconds
plan limit 978
current timestep 496
num of flexible agents: 197
num of flexible tasks: 447
Solving time: 0.0019898 seconds
plan limit 978
current timestep 497
num of flexible agents: 202
num of flexible tasks: 452
Solving time: 0.0018885 seconds
plan limit 978
current timestep 498
num of flexible agents: 203
num of flexible tasks: 453
Solving time: 0.0018172 seconds
plan limit 978
current timestep 499
num of flexible agents: 207
num of flexible tasks: 457
Solving time: 0.0017732 seconds
plan limit 978
current timestep 500
num of flexible agents: 210
num of flexible tasks: 460
Solving time: 0.0018283 seconds
plan limit 978
current timestep 501
num of flexible agents: 212
num of flexible tasks: 462
Solving time: 0.0020164 seconds
plan limit 978
current timestep 502
num of flexible agents: 212
num of flexible tasks: 462
Solving time: 0.0018938 seconds
plan limit 978
current timestep 503
num of flexible agents: 208
num of flexible tasks: 458
Solving time: 0.0019324 seconds
plan limit 978
current timestep 504
num of flexible agents: 211
num of flexible tasks: 461
Solving time: 0.0018998 seconds
plan limit 978
current timestep 505
num of flexible agents: 209
num of flexible tasks: 459
Solving time: 0.0018387 seconds
plan limit 978
current timestep 506
num of flexible agents: 210
num of flexible tasks: 460
Solving time: 0.0020237 seconds
plan limit 978
current timestep 507
num of flexible agents: 210
num of flexible tasks: 460
Solving time: 0.0019446 seconds
plan limit 978
current timestep 508
num of flexible agents: 211
num of flexible tasks: 461
Solving time: 0.0019135 seconds
plan limit 978
current timestep 509
num of flexible agents: 211
num of flexible tasks: 461
Solving time: 0.0018419 seconds
plan limit 978
current timestep 510
num of flexible agents: 209
num of flexible tasks: 459
Solving time: 0.0018458 seconds
plan limit 978
current timestep 511
num of flexible agents: 210
num of flexible tasks: 460
Solving time: 0.0019025 seconds
plan limit 978
current timestep 512
num of flexible agents: 217
num of flexible tasks: 467
Solving time: 0.0021449 seconds
plan limit 978
current timestep 513
num of flexible agents: 221
num of flexible tasks: 471
Solving time: 0.0018847 seconds
plan limit 978
current timestep 514
num of flexible agents: 220
num of flexible tasks: 470
Solving time: 0.0018481 seconds
plan limit 978
current timestep 515
num of flexible agents: 225
num of flexible tasks: 475
Solving time: 0.0018197 seconds
plan limit 978
current timestep 516
num of flexible agents: 223
num of flexible tasks: 473
Solving time: 0.0017631 seconds
plan limit 978
current timestep 517
num of flexible agents: 225
num of flexible tasks: 475
Solving time: 0.0018491 seconds
plan limit 978
current timestep 518
num of flexible agents: 217
num of flexible tasks: 467
Solving time: 0.0017611 seconds
plan limit 978
current timestep 519
num of flexible agents: 219
num of flexible tasks: 469
Solving time: 0.0019271 seconds
plan limit 978
current timestep 520
num of flexible agents: 214
num of flexible tasks: 464
Solving time: 0.0018528 seconds
plan limit 978
current timestep 521
num of flexible agents: 215
num of flexible tasks: 465
Solving time: 0.0019199 seconds
plan limit 978
current timestep 522
num of flexible agents: 222
num of flexible tasks: 472
Solving time: 0.0018597 seconds
plan limit 978
current timestep 523
num of flexible agents: 226
num of flexible tasks: 476
Solving time: 0.0018395 seconds
plan limit 978
current timestep 524
num of flexible agents: 222
num of flexible tasks: 472
Solving time: 0.0018699 seconds
plan limit 978
current timestep 525
num of flexible agents: 226
num of flexible tasks: 476
Solving time: 0.0017458 seconds
plan limit 978
current timestep 526
num of flexible agents: 223
num of flexible tasks: 473
Solving time: 0.0020419 seconds
plan limit 978
current timestep 527
num of flexible agents: 225
num of flexible tasks: 475
Solving time: 0.0018737 seconds
plan limit 978
current timestep 528
num of flexible agents: 213
num of flexible tasks: 463
Solving time: 0.0018588 seconds
plan limit 978
current timestep 529
num of flexible agents: 215
num of flexible tasks: 465
Solving time: 0.0018755 seconds
plan limit 978
current timestep 530
num of flexible agents: 209
num of flexible tasks: 459
Solving time: 0.0017949 seconds
plan limit 978
current timestep 531
num of flexible agents: 206
num of flexible tasks: 456
Solving time: 0.0019052 seconds
plan limit 978
current timestep 532
num of flexible agents: 210
num of flexible tasks: 460
Solving time: 0.0017484 seconds
plan limit 978
current timestep 533
num of flexible agents: 213
num of flexible tasks: 463
Solving time: 0.0018071 seconds
plan limit 978
current timestep 534
num of flexible agents: 213
num of flexible tasks: 463
Solving time: 0.0017523 seconds
plan limit 978
current timestep 535
num of flexible agents: 214
num of flexible tasks: 464
Solving time: 0.0018625 seconds
plan limit 978
current timestep 536
num of flexible agents: 214
num of flexible tasks: 464
Solving time: 0.0017942 seconds
plan limit 978
current timestep 537
num of flexible agents: 214
num of flexible tasks: 464
Solving time: 0.0018618 seconds
plan limit 978
current timestep 538
num of flexible agents: 213
num of flexible tasks: 463
Solving time: 0.0017534 seconds
plan limit 978
current timestep 539
num of flexible agents: 208
num of flexible tasks: 458
Solving time: 0.001794 seconds
plan limit 978
current timestep 540
num of flexible agents: 218
num of flexible tasks: 468
Solving time: 0.0017901 seconds
plan limit 978
current timestep 541
num of flexible agents: 220
num of flexible tasks: 470
Solving time: 0.0017872 seconds
plan limit 978
current timestep 542
num of flexible agents: 219
num of flexible tasks: 469
Solving time: 0.002007 seconds
plan limit 978
current timestep 543
num of flexible agents: 221
num of flexible tasks: 471
Solving time: 0.0018326 seconds
plan limit 978
current timestep 544
num of flexible agents: 221
num of flexible tasks: 471
Solving time: 0.0017692 seconds
plan limit 978
current timestep 545
num of flexible agents: 215
num of flexible tasks: 465
Solving time: 0.0017052 seconds
plan limit 978
current timestep 546
num of flexible agents: 220
num of flexible tasks: 470
Solving time: 0.0017362 seconds
plan limit 978
current timestep 547
num of flexible agents: 213
num of flexible tasks: 463
Solving time: 0.0017245 seconds
plan limit 978
current timestep 548
num of flexible agents: 212
num of flexible tasks: 462
Solving time: 0.0017791 seconds
plan limit 978
current timestep 549
num of flexible agents: 207
num of flexible tasks: 457
Solving time: 0.0016861 seconds
plan limit 978
current timestep 550
num of flexible agents: 203
num of flexible tasks: 453
Solving time: 0.0016539 seconds
plan limit 978
current timestep 551
num of flexible agents: 202
num of flexible tasks: 452
Solving time: 0.0017112 seconds
plan limit 978
current timestep 552
num of flexible agents: 201
num of flexible tasks: 451
Solving time: 0.0019436 seconds
plan limit 978
current timestep 553
num of flexible agents: 205
num of flexible tasks: 455
Solving time: 0.0016782 seconds
plan limit 978
current timestep 554
num of flexible agents: 207
num of flexible tasks: 457
Solving time: 0.0017684 seconds
plan limit 978
current timestep 555
num of flexible agents: 207
num of flexible tasks: 457
Solving time: 0.0016038 seconds
plan limit 978
current timestep 556
num of flexible agents: 211
num of flexible tasks: 461
Solving time: 0.0018387 seconds
plan limit 978
current timestep 557
num of flexible agents: 217
num of flexible tasks: 467
Solving time: 0.002018 seconds
plan limit 978
current timestep 558
num of flexible agents: 220
num of flexible tasks: 470
Solving time: 0.0017733 seconds
plan limit 978
current timestep 559
num of flexible agents: 218
num of flexible tasks: 468
Solving time: 0.0018331 seconds
plan limit 978
current timestep 560
num of flexible agents: 212
num of flexible tasks: 462
Solving time: 0.0017755 seconds
plan limit 978
current timestep 561
num of flexible agents: 212
num of flexible tasks: 462
Solving time: 0.0018708 seconds
plan limit 978
current timestep 562
num of flexible agents: 209
num of flexible tasks: 459
Solving time: 0.0019293 seconds
plan limit 978
current timestep 563
num of flexible agents: 205
num of flexible tasks: 455
Solving time: 0.0018665 seconds
plan limit 978
current timestep 564
num of flexible agents: 204
num of flexible tasks: 454
Solving time: 0.0019174 seconds
plan limit 978
current timestep 565
num of flexible agents: 211
num of flexible tasks: 461
Solving time: 0.00176 seconds
plan limit 978
current timestep 566
num of flexible agents: 209
num of flexible tasks: 459
Solving time: 0.0019573 seconds
plan limit 978
current timestep 567
num of flexible agents: 209
num of flexible tasks: 459
Solving time: 0.0021798 seconds
plan limit 978
current timestep 568
num of flexible agents: 212
num of flexible tasks: 462
Solving time: 0.0027422 seconds
plan limit 977
current timestep 569
num of flexible agents: 216
num of flexible tasks: 466
Solving time: 0.0018432 seconds
plan limit 978
current timestep 570
num of flexible agents: 216
num of flexible tasks: 466
Solving time: 0.0018682 seconds
plan limit 978
current timestep 571
num of flexible agents: 221
num of flexible tasks: 471
Solving time: 0.0019088 seconds
plan limit 978
current timestep 572
num of flexible agents: 227
num of flexible tasks: 477
Solving time: 0.001881 seconds
plan limit 978
current timestep 573
num of flexible agents: 229
num of flexible tasks: 479
Solving time: 0.0018566 seconds
plan limit 978
current timestep 574
num of flexible agents: 230
num of flexible tasks: 480
Solving time: 0.0019049 seconds
plan limit 978
current timestep 575
num of flexible agents: 227
num of flexible tasks: 477
Solving time: 0.0043392 seconds
plan limit 975
current timestep 576
num of flexible agents: 225
num of flexible tasks: 475
Solving time: 0.0020101 seconds
plan limit 978
current timestep 577
num of flexible agents: 220
num of flexible tasks: 470
Solving time: 0.0017511 seconds
plan limit 978
current timestep 578
num of flexible agents: 220
num of flexible tasks: 470
Solving time: 0.0019544 seconds
plan limit 978
current timestep 579
num of flexible agents: 219
num of flexible tasks: 469
Solving time: 0.0019549 seconds
plan limit 978
current timestep 580
num of flexible agents: 221
num of flexible tasks: 471
Solving time: 0.0019113 seconds
plan limit 978
current timestep 581
num of flexible agents: 219
num of flexible tasks: 469
Solving time: 0.0017836 seconds
plan limit 978
current timestep 582
num of flexible agents: 218
num of flexible tasks: 468
Solving time: 0.0018508 seconds
plan limit 978
current timestep 583
num of flexible agents: 219
num of flexible tasks: 469
Solving time: 0.0020493 seconds
plan limit 978
current timestep 584
num of flexible agents: 216
num of flexible tasks: 466
Solving time: 0.0022909 seconds
plan limit 977
current timestep 585
num of flexible agents: 213
num of flexible tasks: 463
Solving time: 0.0017246 seconds
plan limit 978
current timestep 586
num of flexible agents: 214
num of flexible tasks: 464
Solving time: 0.0019028 seconds
plan limit 978
current timestep 587
num of flexible agents: 207
num of flexible tasks: 457
Solving time: 0.0019429 seconds
plan limit 978
current timestep 588
num of flexible agents: 205
num of flexible tasks: 455
Solving time: 0.0020429 seconds
plan limit 978
current timestep 589
num of flexible agents: 210
num of flexible tasks: 460
Solving time: 0.0019655 seconds
plan limit 978
current timestep 590
num of flexible agents: 206
num of flexible tasks: 456
Solving time: 0.001802 seconds
plan limit 978
current timestep 591
num of flexible agents: 209
num of flexible tasks: 459
Solving time: 0.0019004 seconds
plan limit 978
current timestep 592
num of flexible agents: 208
num of flexible tasks: 458
Solving time: 0.0018713 seconds
plan limit 978
current timestep 593
num of flexible agents: 205
num of flexible tasks: 455
Solving time: 0.0018282 seconds
plan limit 978
current timestep 594
num of flexible agents: 208
num of flexible tasks: 458
Solving time: 0.0017433 seconds
plan limit 978
current timestep 595
num of flexible agents: 209
num of flexible tasks: 459
Solving time: 0.001804 seconds
plan limit 978
current timestep 596
num of flexible agents: 206
num of flexible tasks: 456
Solving time: 0.0017563 seconds
plan limit 978
current timestep 597
num of flexible agents: 204
num of flexible tasks: 454
Solving time: 0.0017601 seconds
plan limit 978
current timestep 598
num of flexible agents: 208
num of flexible tasks: 458
Solving time: 0.0017346 seconds
plan limit 978
current timestep 599
num of flexible agents: 210
num of flexible tasks: 460
Solving time: 0.0017805 seconds
plan limit 978
current timestep 600
num of flexible agents: 212
num of flexible tasks: 462
Solving time: 0.0019098 seconds
plan limit 978
current timestep 601
num of flexible agents: 218
num of flexible tasks: 468
Solving time: 0.0017487 seconds
plan limit 978
current timestep 602
num of flexible agents: 223
num of flexible tasks: 473
Solving time: 0.0019721 seconds
plan limit 978
current timestep 603
num of flexible agents: 218
num of flexible tasks: 468
Solving time: 0.0017657 seconds
plan limit 978
current timestep 604
num of flexible agents: 215
num of flexible tasks: 465
Solving time: 0.0019768 seconds
plan limit 978
current timestep 605
num of flexible agents: 212
num of flexible tasks: 462
Solving time: 0.0017559 seconds
plan limit 978
current timestep 606
num of flexible agents: 212
num of flexible tasks: 462
Solving time: 0.0018506 seconds
plan limit 978
current timestep 607
num of flexible agents: 205
num of flexible tasks: 455
Solving time: 0.0017255 seconds
plan limit 978
current timestep 608
num of flexible agents: 202
num of flexible tasks: 452
Solving time: 0.0017526 seconds
plan limit 978
current timestep 609
num of flexible agents: 207
num of flexible tasks: 457
Solving time: 0.0017858 seconds
plan limit 978
current timestep 610
num of flexible agents: 200
num of flexible tasks: 450
Solving time: 0.0017511 seconds
plan limit 978
current timestep 611
num of flexible agents: 208
num of flexible tasks: 458
Solving time: 0.0018141 seconds
plan limit 978
current timestep 612
num of flexible agents: 211
num of flexible tasks: 461
Solving time: 0.0017433 seconds
plan limit 978
current timestep 613
num of flexible agents: 209
num of flexible tasks: 459
Solving time: 0.0017252 seconds
plan limit 978
current timestep 614
num of flexible agents: 212
num of flexible tasks: 462
Solving time: 0.0018363 seconds
plan limit 978
current timestep 615
num of flexible agents: 212
num of flexible tasks: 462
Solving time: 0.0018629 seconds
plan limit 978
current timestep 616
num of flexible agents: 208
num of flexible tasks: 458
Solving time: 0.0017292 seconds
plan limit 978
current timestep 617
num of flexible agents: 211
num of flexible tasks: 461
Solving time: 0.0018373 seconds
plan limit 978
current timestep 618
num of flexible agents: 206
num of flexible tasks: 456
Solving time: 0.0017885 seconds
plan limit 978
current timestep 619
num of flexible agents: 204
num of flexible tasks: 454
Solving time: 0.0017485 seconds
plan limit 978
current timestep 620
num of flexible agents: 203
num of flexible tasks: 453
Solving time: 0.0017457 seconds
plan limit 978
current timestep 621
num of flexible agents: 200
num of flexible tasks: 450
Solving time: 0.0020293 seconds
plan limit 978
current timestep 622
num of flexible agents: 203
num of flexible tasks: 453
Solving time: 0.0017464 seconds
plan limit 978
current timestep 623
num of flexible agents: 209
num of flexible tasks: 459
Solving time: 0.0018453 seconds
plan limit 978
current timestep 624
num of flexible agents: 206
num of flexible tasks: 456
Solving time: 0.0016763 seconds
plan limit 978
current timestep 625
num of flexible agents: 211
num of flexible tasks: 461
Solving time: 0.0020098 seconds
plan limit 978
current timestep 626
num of flexible agents: 214
num of flexible tasks: 464
Solving time: 0.0018677 seconds
plan limit 978
current timestep 627
num of flexible agents: 217
num of flexible tasks: 467
Solving time: 0.0019615 seconds
plan limit 978
current timestep 628
num of flexible agents: 218
num of flexible tasks: 468
Solving time: 0.0019813 seconds
plan limit 978
current timestep 629
num of flexible agents: 213
num of flexible tasks: 463
Solving time: 0.0019216 seconds
plan limit 978
current timestep 630
num of flexible agents: 215
num of flexible tasks: 465
Solving time: 0.0018558 seconds
plan limit 978
current timestep 631
num of flexible agents: 216
num of flexible tasks: 466
Solving time: 0.0018966 seconds
plan limit 978
current timestep 632
num of flexible agents: 216
num of flexible tasks: 466
Solving time: 0.0017677 seconds
plan limit 978
current timestep 633
num of flexible agents: 216
num of flexible tasks: 466
Solving time: 0.0018791 seconds
plan limit 978
current timestep 634
num of flexible agents: 210
num of flexible tasks: 460
Solving time: 0.001832 seconds
plan limit 978
current timestep 635
num of flexible agents: 208
num of flexible tasks: 458
Solving time: 0.0018005 seconds
plan limit 978
current timestep 636
num of flexible agents: 206
num of flexible tasks: 456
Solving time: 0.001785 seconds
plan limit 978
current timestep 637
num of flexible agents: 204
num of flexible tasks: 454
Solving time: 0.0016813 seconds
plan limit 978
current timestep 638
num of flexible agents: 206
num of flexible tasks: 456
Solving time: 0.0019076 seconds
plan limit 978
current timestep 639
num of flexible agents: 198
num of flexible tasks: 448
Solving time: 0.0017198 seconds
plan limit 978
current timestep 640
num of flexible agents: 197
num of flexible tasks: 447
Solving time: 0.0017003 seconds
plan limit 978
current timestep 641
num of flexible agents: 197
num of flexible tasks: 447
Solving time: 0.001816 seconds
plan limit 978
current timestep 642
num of flexible agents: 196
num of flexible tasks: 446
Solving time: 0.001779 seconds
plan limit 978
current timestep 643
num of flexible agents: 194
num of flexible tasks: 444
Solving time: 0.0017738 seconds
plan limit 978
current timestep 644
num of flexible agents: 192
num of flexible tasks: 442
Solving time: 0.0018228 seconds
plan limit 978
current timestep 645
num of flexible agents: 192
num of flexible tasks: 442
Solving time: 0.0017561 seconds
plan limit 978
current timestep 646
num of flexible agents: 193
num of flexible tasks: 443
Solving time: 0.0018276 seconds
plan limit 978
current timestep 647
num of flexible agents: 193
num of flexible tasks: 443
Solving time: 0.0017086 seconds
plan limit 978
current timestep 648
num of flexible agents: 195
num of flexible tasks: 445
Solving time: 0.0017887 seconds
plan limit 978
current timestep 649
num of flexible agents: 195
num of flexible tasks: 445
Solving time: 0.0017617 seconds
plan limit 978
current timestep 650
num of flexible agents: 199
num of flexible tasks: 449
Solving time: 0.0018266 seconds
plan limit 978
current timestep 651
num of flexible agents: 202
num of flexible tasks: 452
Solving time: 0.0017987 seconds
plan limit 978
current timestep 652
num of flexible agents: 200
num of flexible tasks: 450
Solving time: 0.0020477 seconds
plan limit 978
current timestep 653
num of flexible agents: 202
num of flexible tasks: 452
Solving time: 0.0017728 seconds
plan limit 978
current timestep 654
num of flexible agents: 203
num of flexible tasks: 453
Solving time: 0.0017651 seconds
plan limit 978
current timestep 655
num of flexible agents: 208
num of flexible tasks: 458
Solving time: 0.0017301 seconds
plan limit 978
current timestep 656
num of flexible agents: 203
num of flexible tasks: 453
Solving time: 0.0017859 seconds
plan limit 978
current timestep 657
num of flexible agents: 203
num of flexible tasks: 453
Solving time: 0.0017286 seconds
plan limit 978
current timestep 658
num of flexible agents: 202
num of flexible tasks: 452
Solving time: 0.0017065 seconds
plan limit 978
current timestep 659
num of flexible agents: 196
num of flexible tasks: 446
Solving time: 0.0017447 seconds
plan limit 978
current timestep 660
num of flexible agents: 198
num of flexible tasks: 448
Solving time: 0.0017071 seconds
plan limit 978
current timestep 661
num of flexible agents: 196
num of flexible tasks: 446
Solving time: 0.0018118 seconds
plan limit 978
current timestep 662
num of flexible agents: 199
num of flexible tasks: 449
Solving time: 0.0018381 seconds
plan limit 978
current timestep 663
num of flexible agents: 197
num of flexible tasks: 447
Solving time: 0.0018698 seconds
plan limit 978
current timestep 664
num of flexible agents: 192
num of flexible tasks: 442
Solving time: 0.0018296 seconds
plan limit 978
current timestep 665
num of flexible agents: 186
num of flexible tasks: 436
Solving time: 0.0017191 seconds
plan limit 978
current timestep 666
num of flexible agents: 187
num of flexible tasks: 437
Solving time: 0.0019012 seconds
plan limit 978
current timestep 667
num of flexible agents: 193
num of flexible tasks: 443
Solving time: 0.0019187 seconds
plan limit 978
current timestep 668
num of flexible agents: 193
num of flexible tasks: 443
Solving time: 0.0018207 seconds
plan limit 978
current timestep 669
num of flexible agents: 191
num of flexible tasks: 441
Solving time: 0.0045951 seconds
plan limit 975
current timestep 670
num of flexible agents: 192
num of flexible tasks: 442
Solving time: 0.001873 seconds
plan limit 978
current timestep 671
num of flexible agents: 192
num of flexible tasks: 442
Solving time: 0.0017984 seconds
plan limit 978
current timestep 672
num of flexible agents: 194
num of flexible tasks: 444
Solving time: 0.0018175 seconds
plan limit 978
current timestep 673
num of flexible agents: 193
num of flexible tasks: 443
Solving time: 0.0018297 seconds
plan limit 978
current timestep 674
num of flexible agents: 196
num of flexible tasks: 446
Solving time: 0.0016939 seconds
plan limit 978
current timestep 675
num of flexible agents: 197
num of flexible tasks: 447
Solving time: 0.0018971 seconds
plan limit 978
current timestep 676
num of flexible agents: 198
num of flexible tasks: 448
Solving time: 0.0019991 seconds
plan limit 978
current timestep 677
num of flexible agents: 194
num of flexible tasks: 444
Solving time: 0.0017702 seconds
plan limit 978
current timestep 678
num of flexible agents: 193
num of flexible tasks: 443
Solving time: 0.0017975 seconds
plan limit 978
current timestep 679
num of flexible agents: 190
num of flexible tasks: 440
Solving time: 0.0017933 seconds
plan limit 978
current timestep 680
num of flexible agents: 187
num of flexible tasks: 437
Solving time: 0.001878 seconds
plan limit 978
current timestep 681
num of flexible agents: 183
num of flexible tasks: 433
Solving time: 0.0017861 seconds
plan limit 978
current timestep 682
num of flexible agents: 186
num of flexible tasks: 436
Solving time: 0.001692 seconds
plan limit 978
current timestep 683
num of flexible agents: 183
num of flexible tasks: 433
Solving time: 0.0017805 seconds
plan limit 978
current timestep 684
num of flexible agents: 181
num of flexible tasks: 431
Solving time: 0.0019109 seconds
plan limit 978
current timestep 685
num of flexible agents: 183
num of flexible tasks: 433
Solving time: 0.0018072 seconds
plan limit 978
current timestep 686
num of flexible agents: 183
num of flexible tasks: 433
Solving time: 0.0018478 seconds
plan limit 978
current timestep 687
num of flexible agents: 191
num of flexible tasks: 441
Solving time: 0.0021106 seconds
plan limit 978
current timestep 688
num of flexible agents: 191
num of flexible tasks: 441
Solving time: 0.00183 seconds
plan limit 978
current timestep 689
num of flexible agents: 195
num of flexible tasks: 445
Solving time: 0.0018321 seconds
plan limit 978
current timestep 690
num of flexible agents: 192
num of flexible tasks: 442
Solving time: 0.0017572 seconds
plan limit 978
current timestep 691
num of flexible agents: 189
num of flexible tasks: 439
Solving time: 0.0021462 seconds
plan limit 978
current timestep 692
num of flexible agents: 187
num of flexible tasks: 437
Solving time: 0.0018054 seconds
plan limit 978
current timestep 693
num of flexible agents: 187
num of flexible tasks: 437
Solving time: 0.0018526 seconds
plan limit 978
current timestep 694
num of flexible agents: 189
num of flexible tasks: 439
Solving time: 0.0018817 seconds
plan limit 978
current timestep 695
num of flexible agents: 190
num of flexible tasks: 440
Solving time: 0.0017604 seconds
plan limit 978
current timestep 696
num of flexible agents: 187
num of flexible tasks: 437
Solving time: 0.0021246 seconds
plan limit 978
current timestep 697
num of flexible agents: 189
num of flexible tasks: 439
Solving time: 0.0019327 seconds
plan limit 978
current timestep 698
num of flexible agents: 185
num of flexible tasks: 435
Solving time: 0.0019447 seconds
plan limit 978
current timestep 699
num of flexible agents: 192
num of flexible tasks: 442
Solving time: 0.0024835 seconds
plan limit 977
current timestep 700
num of flexible agents: 194
num of flexible tasks: 444
Solving time: 0.0018788 seconds
plan limit 978
current timestep 701
num of flexible agents: 199
num of flexible tasks: 449
Solving time: 0.0022654 seconds
plan limit 978
current timestep 702
num of flexible agents: 197
num of flexible tasks: 447
Solving time: 0.0018322 seconds
plan limit 978
current timestep 703
num of flexible agents: 198
num of flexible tasks: 448
Solving time: 0.0022386 seconds
plan limit 978
current timestep 704
num of flexible agents: 197
num of flexible tasks: 447
Solving time: 0.0020854 seconds
plan limit 978
current timestep 705
num of flexible agents: 195
num of flexible tasks: 445
Solving time: 0.0019364 seconds
plan limit 978
current timestep 706
num of flexible agents: 197
num of flexible tasks: 447
Solving time: 0.0020825 seconds
plan limit 978
current timestep 707
num of flexible agents: 200
num of flexible tasks: 450
Solving time: 0.0019044 seconds
plan limit 978
current timestep 708
num of flexible agents: 194
num of flexible tasks: 444
Solving time: 0.0019429 seconds
plan limit 978
current timestep 709
num of flexible agents: 195
num of flexible tasks: 445
Solving time: 0.0020223 seconds
plan limit 978
current timestep 710
num of flexible agents: 201
num of flexible tasks: 451
Solving time: 0.0018988 seconds
plan limit 978
current timestep 711
num of flexible agents: 209
num of flexible tasks: 459
Solving time: 0.0018019 seconds
plan limit 978
current timestep 712
num of flexible agents: 210
num of flexible tasks: 460
Solving time: 0.0025092 seconds
plan limit 977
current timestep 713
num of flexible agents: 209
num of flexible tasks: 459
Solving time: 0.0017641 seconds
plan limit 978
current timestep 714
num of flexible agents: 208
num of flexible tasks: 458
Solving time: 0.0018302 seconds
plan limit 978
current timestep 715
num of flexible agents: 207
num of flexible tasks: 457
Solving time: 0.0022781 seconds
plan limit 977
current timestep 716
num of flexible agents: 204
num of flexible tasks: 454
Solving time: 0.0018615 seconds
plan limit 978
current timestep 717
num of flexible agents: 201
num of flexible tasks: 451
Solving time: 0.0018437 seconds
plan limit 978
current timestep 718
num of flexible agents: 195
num of flexible tasks: 445
Solving time: 0.0018073 seconds
plan limit 978
current timestep 719
num of flexible agents: 190
num of flexible tasks: 440
Solving time: 0.0020259 seconds
plan limit 978
current timestep 720
num of flexible agents: 194
num of flexible tasks: 444
Solving time: 0.0019123 seconds
plan limit 978
current timestep 721
num of flexible agents: 194
num of flexible tasks: 444
Solving time: 0.0017768 seconds
plan limit 978
current timestep 722
num of flexible agents: 195
num of flexible tasks: 445
Solving time: 0.001969 seconds
plan limit 978
current timestep 723
num of flexible agents: 200
num of flexible tasks: 450
Solving time: 0.00182 seconds
plan limit 978
current timestep 724
num of flexible agents: 199
num of flexible tasks: 449
Solving time: 0.0019413 seconds
plan limit 978
current timestep 725
num of flexible agents: 194
num of flexible tasks: 444
Solving time: 0.0018478 seconds
plan limit 978
current timestep 726
num of flexible agents: 190
num of flexible tasks: 440
Solving time: 0.0019553 seconds
plan limit 978
current timestep 727
num of flexible agents: 193
num of flexible tasks: 443
Solving time: 0.0018327 seconds
plan limit 978
current timestep 728
num of flexible agents: 199
num of flexible tasks: 449
Solving time: 0.0020229 seconds
plan limit 978
current timestep 729
num of flexible agents: 196
num of flexible tasks: 446
Solving time: 0.0017915 seconds
plan limit 978
current timestep 730
num of flexible agents: 196
num of flexible tasks: 446
Solving time: 0.0019369 seconds
plan limit 978
current timestep 731
num of flexible agents: 199
num of flexible tasks: 449
Solving time: 0.001891 seconds
plan limit 978
current timestep 732
num of flexible agents: 203
num of flexible tasks: 453
Solving time: 0.0019736 seconds
plan limit 978
current timestep 733
num of flexible agents: 201
num of flexible tasks: 451
Solving time: 0.0019035 seconds
plan limit 978
current timestep 734
num of flexible agents: 203
num of flexible tasks: 453
Solving time: 0.0019114 seconds
plan limit 978
current timestep 735
num of flexible agents: 198
num of flexible tasks: 448
Solving time: 0.0020658 seconds
plan limit 978
current timestep 736
num of flexible agents: 198
num of flexible tasks: 448
Solving time: 0.0018335 seconds
plan limit 978
current timestep 737
num of flexible agents: 197
num of flexible tasks: 447
Solving time: 0.0019171 seconds
plan limit 978
current timestep 738
num of flexible agents: 204
num of flexible tasks: 454
Solving time: 0.0018438 seconds
plan limit 978
current timestep 739
num of flexible agents: 207
num of flexible tasks: 457
Solving time: 0.0020049 seconds
plan limit 978
current timestep 740
num of flexible agents: 203
num of flexible tasks: 453
Solving time: 0.0020485 seconds
plan limit 978
current timestep 741
num of flexible agents: 202
num of flexible tasks: 452
Solving time: 0.0018563 seconds
plan limit 978
current timestep 742
num of flexible agents: 208
num of flexible tasks: 458
Solving time: 0.0020276 seconds
plan limit 978
current timestep 743
num of flexible agents: 217
num of flexible tasks: 467
Solving time: 0.0018544 seconds
plan limit 978
current timestep 744
num of flexible agents: 217
num of flexible tasks: 467
Solving time: 0.0019533 seconds
plan limit 978
current timestep 745
num of flexible agents: 215
num of flexible tasks: 465
Solving time: 0.0019349 seconds
plan limit 978
current timestep 746
num of flexible agents: 221
num of flexible tasks: 471
Solving time: 0.0023057 seconds
plan limit 977
current timestep 747
num of flexible agents: 220
num of flexible tasks: 470
Solving time: 0.0019883 seconds
plan limit 978
current timestep 748
num of flexible agents: 212
num of flexible tasks: 462
Solving time: 0.0019701 seconds
plan limit 978
current timestep 749
num of flexible agents: 206
num of flexible tasks: 456
Solving time: 0.0019078 seconds
plan limit 978
current timestep 750
num of flexible agents: 212
num of flexible tasks: 462
Solving time: 0.0020501 seconds
plan limit 978
current timestep 751
num of flexible agents: 209
num of flexible tasks: 459
Solving time: 0.0019985 seconds
plan limit 978
current timestep 752
num of flexible agents: 210
num of flexible tasks: 460
Solving time: 0.0020735 seconds
plan limit 978
current timestep 753
num of flexible agents: 209
num of flexible tasks: 459
Solving time: 0.0020252 seconds
plan limit 978
current timestep 754
num of flexible agents: 210
num of flexible tasks: 460
Solving time: 0.0019833 seconds
plan limit 978
current timestep 755
num of flexible agents: 213
num of flexible tasks: 463
Solving time: 0.0021064 seconds
plan limit 978
current timestep 756
num of flexible agents: 214
num of flexible tasks: 464
Solving time: 0.0022135 seconds
plan limit 978
current timestep 757
num of flexible agents: 211
num of flexible tasks: 461
Solving time: 0.0019559 seconds
plan limit 978
current timestep 758
num of flexible agents: 203
num of flexible tasks: 453
Solving time: 0.0017132 seconds
plan limit 978
current timestep 759
num of flexible agents: 198
num of flexible tasks: 448
Solving time: 0.0018721 seconds
plan limit 978
current timestep 760
num of flexible agents: 193
num of flexible tasks: 443
Solving time: 0.0018154 seconds
plan limit 978
current timestep 761
num of flexible agents: 195
num of flexible tasks: 445
Solving time: 0.0018457 seconds
plan limit 978
current timestep 762
num of flexible agents: 197
num of flexible tasks: 447
Solving time: 0.001909 seconds
plan limit 978
current timestep 763
num of flexible agents: 198
num of flexible tasks: 448
Solving time: 0.0020473 seconds
plan limit 978
current timestep 764
num of flexible agents: 191
num of flexible tasks: 441
Solving time: 0.0018319 seconds
plan limit 978
current timestep 765
num of flexible agents: 193
num of flexible tasks: 443
Solving time: 0.0018147 seconds
plan limit 978
current timestep 766
num of flexible agents: 194
num of flexible tasks: 444
Solving time: 0.0018213 seconds
plan limit 978
current timestep 767
num of flexible agents: 195
num of flexible tasks: 445
Solving time: 0.001854 seconds
plan limit 978
current timestep 768
num of flexible agents: 193
num of flexible tasks: 443
Solving time: 0.0020139 seconds
plan limit 978
current timestep 769
num of flexible agents: 197
num of flexible tasks: 447
Solving time: 0.0018331 seconds
plan limit 978
current timestep 770
num of flexible agents: 199
num of flexible tasks: 449
Solving time: 0.0018756 seconds
plan limit 978
current timestep 771
num of flexible agents: 195
num of flexible tasks: 445
Solving time: 0.001851 seconds
plan limit 978
current timestep 772
num of flexible agents: 198
num of flexible tasks: 448
Solving time: 0.0017844 seconds
plan limit 978
current timestep 773
num of flexible agents: 201
num of flexible tasks: 451
Solving time: 0.0017917 seconds
plan limit 978
current timestep 774
num of flexible agents: 205
num of flexible tasks: 455
Solving time: 0.001776 seconds
plan limit 978
current timestep 775
num of flexible agents: 205
num of flexible tasks: 455
Solving time: 0.0017058 seconds
plan limit 978
current timestep 776
num of flexible agents: 204
num of flexible tasks: 454
Solving time: 0.0018778 seconds
plan limit 978
current timestep 777
num of flexible agents: 207
num of flexible tasks: 457
Solving time: 0.0016615 seconds
plan limit 978
current timestep 778
num of flexible agents: 206
num of flexible tasks: 456
Solving time: 0.0017899 seconds
plan limit 978
current timestep 779
num of flexible agents: 203
num of flexible tasks: 453
Solving time: 0.002035 seconds
plan limit 978
current timestep 780
num of flexible agents: 204
num of flexible tasks: 454
Solving time: 0.0018892 seconds
plan limit 978
current timestep 781
num of flexible agents: 204
num of flexible tasks: 454
Solving time: 0.0022873 seconds
plan limit 978
current timestep 782
num of flexible agents: 207
num of flexible tasks: 457
Solving time: 0.0021563 seconds
plan limit 978
current timestep 783
num of flexible agents: 210
num of flexible tasks: 460
Solving time: 0.0018187 seconds
plan limit 978
current timestep 784
num of flexible agents: 212
num of flexible tasks: 462
Solving time: 0.0018155 seconds
plan limit 978
current timestep 785
num of flexible agents: 209
num of flexible tasks: 459
Solving time: 0.0017704 seconds
plan limit 978
current timestep 786
num of flexible agents: 210
num of flexible tasks: 460
Solving time: 0.0018069 seconds
plan limit 978
current timestep 787
num of flexible agents: 211
num of flexible tasks: 461
Solving time: 0.0017231 seconds
plan limit 978
current timestep 788
num of flexible agents: 212
num of flexible tasks: 462
Solving time: 0.0017767 seconds
plan limit 978
current timestep 789
num of flexible agents: 208
num of flexible tasks: 458
Solving time: 0.0017368 seconds
plan limit 978
current timestep 790
num of flexible agents: 202
num of flexible tasks: 452
Solving time: 0.0017957 seconds
plan limit 978
current timestep 791
num of flexible agents: 203
num of flexible tasks: 453
Solving time: 0.0018754 seconds
plan limit 978
current timestep 792
num of flexible agents: 203
num of flexible tasks: 453
Solving time: 0.0018083 seconds
plan limit 978
current timestep 793
num of flexible agents: 200
num of flexible tasks: 450
Solving time: 0.0018309 seconds
plan limit 978
current timestep 794
num of flexible agents: 199
num of flexible tasks: 449
Solving time: 0.001946 seconds
plan limit 978
current timestep 795
num of flexible agents: 201
num of flexible tasks: 451
Solving time: 0.0018029 seconds
plan limit 978
current timestep 796
num of flexible agents: 203
num of flexible tasks: 453
Solving time: 0.0017598 seconds
plan limit 978
current timestep 797
num of flexible agents: 204
num of flexible tasks: 454
Solving time: 0.0021308 seconds
plan limit 978
current timestep 798
num of flexible agents: 202
num of flexible tasks: 452
Solving time: 0.0017435 seconds
plan limit 978
current timestep 799
num of flexible agents: 204
num of flexible tasks: 454
Solving time: 0.0017797 seconds
plan limit 978
current timestep 800
num of flexible agents: 204
num of flexible tasks: 454
Solving time: 0.0017807 seconds
plan limit 978
current timestep 801
num of flexible agents: 204
num of flexible tasks: 454
Solving time: 0.0019188 seconds
plan limit 978
current timestep 802
num of flexible agents: 201
num of flexible tasks: 451
Solving time: 0.0018251 seconds
plan limit 978
current timestep 803
num of flexible agents: 197
num of flexible tasks: 447
Solving time: 0.0019535 seconds
plan limit 978
current timestep 804
num of flexible agents: 198
num of flexible tasks: 448
Solving time: 0.0018277 seconds
plan limit 978
current timestep 805
num of flexible agents: 200
num of flexible tasks: 450
Solving time: 0.0018072 seconds
plan limit 978
current timestep 806
num of flexible agents: 198
num of flexible tasks: 448
Solving time: 0.0019194 seconds
plan limit 978
current timestep 807
num of flexible agents: 196
num of flexible tasks: 446
Solving time: 0.0017472 seconds
plan limit 978
current timestep 808
num of flexible agents: 198
num of flexible tasks: 448
Solving time: 0.0018019 seconds
plan limit 978
current timestep 809
num of flexible agents: 199
num of flexible tasks: 449
Solving time: 0.001927 seconds
plan limit 978
current timestep 810
num of flexible agents: 195
num of flexible tasks: 445
Solving time: 0.0018937 seconds
plan limit 978
current timestep 811
num of flexible agents: 193
num of flexible tasks: 443
Solving time: 0.0025346 seconds
plan limit 977
current timestep 812
num of flexible agents: 192
num of flexible tasks: 442
Solving time: 0.0017504 seconds
plan limit 978
current timestep 813
num of flexible agents: 196
num of flexible tasks: 446
Solving time: 0.0019377 seconds
plan limit 978
current timestep 814
num of flexible agents: 195
num of flexible tasks: 445
Solving time: 0.0019569 seconds
plan limit 978
current timestep 815
num of flexible agents: 193
num of flexible tasks: 443
Solving time: 0.0019061 seconds
plan limit 978
current timestep 816
num of flexible agents: 188
num of flexible tasks: 438
Solving time: 0.0018618 seconds
plan limit 978
current timestep 817
num of flexible agents: 191
num of flexible tasks: 441
Solving time: 0.0020887 seconds
plan limit 978
current timestep 818
num of flexible agents: 191
num of flexible tasks: 441
Solving time: 0.0018605 seconds
plan limit 978
current timestep 819
num of flexible agents: 192
num of flexible tasks: 442
Solving time: 0.0019212 seconds
plan limit 978
current timestep 820
num of flexible agents: 200
num of flexible tasks: 450
Solving time: 0.0018329 seconds
plan limit 978
current timestep 821
num of flexible agents: 199
num of flexible tasks: 449
Solving time: 0.0018274 seconds
plan limit 978
current timestep 822
num of flexible agents: 203
num of flexible tasks: 453
Solving time: 0.0019653 seconds
plan limit 978
current timestep 823
num of flexible agents: 203
num of flexible tasks: 453
Solving time: 0.0018578 seconds
plan limit 978
current timestep 824
num of flexible agents: 202
num of flexible tasks: 452
Solving time: 0.0018652 seconds
plan limit 978
current timestep 825
num of flexible agents: 203
num of flexible tasks: 453
Solving time: 0.0020201 seconds
plan limit 978
current timestep 826
num of flexible agents: 208
num of flexible tasks: 458
Solving time: 0.0018549 seconds
plan limit 978
current timestep 827
num of flexible agents: 210
num of flexible tasks: 460
Solving time: 0.0019396 seconds
plan limit 978
current timestep 828
num of flexible agents: 210
num of flexible tasks: 460
Solving time: 0.0018788 seconds
plan limit 978
current timestep 829
num of flexible agents: 213
num of flexible tasks: 463
Solving time: 0.0018558 seconds
plan limit 978
current timestep 830
num of flexible agents: 209
num of flexible tasks: 459
Solving time: 0.0019462 seconds
plan limit 978
current timestep 831
num of flexible agents: 216
num of flexible tasks: 466
Solving time: 0.001864 seconds
plan limit 978
current timestep 832
num of flexible agents: 216
num of flexible tasks: 466
Solving time: 0.0018708 seconds
plan limit 978
current timestep 833
num of flexible agents: 216
num of flexible tasks: 466
Solving time: 0.0019239 seconds
plan limit 978
current timestep 834
num of flexible agents: 215
num of flexible tasks: 465
Solving time: 0.0018456 seconds
plan limit 978
current timestep 835
num of flexible agents: 219
num of flexible tasks: 469
Solving time: 0.0019489 seconds
plan limit 978
current timestep 836
num of flexible agents: 220
num of flexible tasks: 470
Solving time: 0.0018782 seconds
plan limit 978
current timestep 837
num of flexible agents: 214
num of flexible tasks: 464
Solving time: 0.0019512 seconds
plan limit 978
current timestep 838
num of flexible agents: 210
num of flexible tasks: 460
Solving time: 0.0018583 seconds
plan limit 978
current timestep 839
num of flexible agents: 211
num of flexible tasks: 461
Solving time: 0.001943 seconds
plan limit 978
current timestep 840
num of flexible agents: 207
num of flexible tasks: 457
Solving time: 0.0019871 seconds
plan limit 978
current timestep 841
num of flexible agents: 206
num of flexible tasks: 456
Solving time: 0.0017615 seconds
plan limit 978
current timestep 842
num of flexible agents: 208
num of flexible tasks: 458
Solving time: 0.0017853 seconds
plan limit 978
current timestep 843
num of flexible agents: 206
num of flexible tasks: 456
Solving time: 0.0017703 seconds
plan limit 978
current timestep 844
num of flexible agents: 202
num of flexible tasks: 452
Solving time: 0.0018722 seconds
plan limit 978
current timestep 845
num of flexible agents: 206
num of flexible tasks: 456
Solving time: 0.0017789 seconds
plan limit 978
current timestep 846
num of flexible agents: 206
num of flexible tasks: 456
Solving time: 0.0017992 seconds
plan limit 978
current timestep 847
num of flexible agents: 204
num of flexible tasks: 454
Solving time: 0.0017664 seconds
plan limit 978
current timestep 848
num of flexible agents: 203
num of flexible tasks: 453
Solving time: 0.0017305 seconds
plan limit 978
current timestep 849
num of flexible agents: 204
num of flexible tasks: 454
Solving time: 0.0016756 seconds
plan limit 978
current timestep 850
num of flexible agents: 210
num of flexible tasks: 460
Solving time: 0.0017749 seconds
plan limit 978
current timestep 851
num of flexible agents: 208
num of flexible tasks: 458
Solving time: 0.0017353 seconds
plan limit 978
current timestep 852
num of flexible agents: 202
num of flexible tasks: 452
Solving time: 0.0018225 seconds
plan limit 978
current timestep 853
num of flexible agents: 205
num of flexible tasks: 455
Solving time: 0.0019188 seconds
plan limit 978
current timestep 854
num of flexible agents: 205
num of flexible tasks: 455
Solving time: 0.0017987 seconds
plan limit 978
current timestep 855
num of flexible agents: 210
num of flexible tasks: 460
Solving time: 0.0017864 seconds
plan limit 978
current timestep 856
num of flexible agents: 212
num of flexible tasks: 462
Solving time: 0.0019738 seconds
plan limit 978
current timestep 857
num of flexible agents: 219
num of flexible tasks: 469
Solving time: 0.0020136 seconds
plan limit 978
current timestep 858
num of flexible agents: 224
num of flexible tasks: 474
Solving time: 0.0018432 seconds
plan limit 978
current timestep 859
num of flexible agents: 227
num of flexible tasks: 477
Solving time: 0.0018841 seconds
plan limit 978
current timestep 860
num of flexible agents: 226
num of flexible tasks: 476
Solving time: 0.0018307 seconds
plan limit 978
current timestep 861
num of flexible agents: 220
num of flexible tasks: 470
Solving time: 0.0018386 seconds
plan limit 978
current timestep 862
num of flexible agents: 223
num of flexible tasks: 473
Solving time: 0.001679 seconds
plan limit 978
current timestep 863
num of flexible agents: 219
num of flexible tasks: 469
Solving time: 0.0017228 seconds
plan limit 978
current timestep 864
num of flexible agents: 219
num of flexible tasks: 469
Solving time: 0.0017108 seconds
plan limit 978
current timestep 865
num of flexible agents: 216
num of flexible tasks: 466
Solving time: 0.0019064 seconds
plan limit 978
current timestep 866
num of flexible agents: 217
num of flexible tasks: 467
Solving time: 0.0018072 seconds
plan limit 978
current timestep 867
num of flexible agents: 214
num of flexible tasks: 464
Solving time: 0.001903 seconds
plan limit 978
current timestep 868
num of flexible agents: 215
num of flexible tasks: 465
Solving time: 0.0019737 seconds
plan limit 978
current timestep 869
num of flexible agents: 213
num of flexible tasks: 463
Solving time: 0.0020313 seconds
plan limit 978
current timestep 870
num of flexible agents: 211
num of flexible tasks: 461
Solving time: 0.0018626 seconds
plan limit 978
current timestep 871
num of flexible agents: 213
num of flexible tasks: 463
Solving time: 0.0017388 seconds
plan limit 978
current timestep 872
num of flexible agents: 209
num of flexible tasks: 459
Solving time: 0.0018458 seconds
plan limit 978
current timestep 873
num of flexible agents: 208
num of flexible tasks: 458
Solving time: 0.001894 seconds
plan limit 978
current timestep 874
num of flexible agents: 207
num of flexible tasks: 457
Solving time: 0.0019017 seconds
plan limit 978
current timestep 875
num of flexible agents: 205
num of flexible tasks: 455
Solving time: 0.0018201 seconds
plan limit 978
current timestep 876
num of flexible agents: 207
num of flexible tasks: 457
Solving time: 0.0019483 seconds
plan limit 978
current timestep 877
num of flexible agents: 209
num of flexible tasks: 459
Solving time: 0.0019263 seconds
plan limit 978
current timestep 878
num of flexible agents: 208
num of flexible tasks: 458
Solving time: 0.0020203 seconds
plan limit 978
current timestep 879
num of flexible agents: 205
num of flexible tasks: 455
Solving time: 0.0020878 seconds
plan limit 978
current timestep 880
num of flexible agents: 202
num of flexible tasks: 452
Solving time: 0.0022728 seconds
plan limit 978
current timestep 881
num of flexible agents: 205
num of flexible tasks: 455
Solving time: 0.001957 seconds
plan limit 978
current timestep 882
num of flexible agents: 209
num of flexible tasks: 459
Solving time: 0.0019915 seconds
plan limit 978
current timestep 883
num of flexible agents: 212
num of flexible tasks: 462
Solving time: 0.0018327 seconds
plan limit 978
current timestep 884
num of flexible agents: 207
num of flexible tasks: 457
Solving time: 0.0019651 seconds
plan limit 978
current timestep 885
num of flexible agents: 209
num of flexible tasks: 459
Solving time: 0.0017649 seconds
plan limit 978
current timestep 886
num of flexible agents: 210
num of flexible tasks: 460
Solving time: 0.0019066 seconds
plan limit 978
current timestep 887
num of flexible agents: 208
num of flexible tasks: 458
Solving time: 0.0018898 seconds
plan limit 978
current timestep 888
num of flexible agents: 205
num of flexible tasks: 455
Solving time: 0.0017197 seconds
plan limit 978
current timestep 889
num of flexible agents: 206
num of flexible tasks: 456
Solving time: 0.0020492 seconds
plan limit 978
current timestep 890
num of flexible agents: 208
num of flexible tasks: 458
Solving time: 0.002086 seconds
plan limit 978
current timestep 891
num of flexible agents: 213
num of flexible tasks: 463
Solving time: 0.0019296 seconds
plan limit 978
current timestep 892
num of flexible agents: 215
num of flexible tasks: 465
Solving time: 0.0018474 seconds
plan limit 978
current timestep 893
num of flexible agents: 218
num of flexible tasks: 468
Solving time: 0.001911 seconds
plan limit 978
current timestep 894
num of flexible agents: 215
num of flexible tasks: 465
Solving time: 0.0019092 seconds
plan limit 978
current timestep 895
num of flexible agents: 213
num of flexible tasks: 463
Solving time: 0.0020354 seconds
plan limit 978
current timestep 896
num of flexible agents: 206
num of flexible tasks: 456
Solving time: 0.0019791 seconds
plan limit 978
current timestep 897
num of flexible agents: 208
num of flexible tasks: 458
Solving time: 0.0018518 seconds
plan limit 978
current timestep 898
num of flexible agents: 211
num of flexible tasks: 461
Solving time: 0.0019199 seconds
plan limit 978
current timestep 899
num of flexible agents: 204
num of flexible tasks: 454
Solving time: 0.002094 seconds
plan limit 978
current timestep 900
num of flexible agents: 203
num of flexible tasks: 453
Solving time: 0.0021124 seconds
plan limit 978
current timestep 901
num of flexible agents: 203
num of flexible tasks: 453
Solving time: 0.0019149 seconds
plan limit 978
current timestep 902
num of flexible agents: 199
num of flexible tasks: 449
Solving time: 0.0019188 seconds
plan limit 978
current timestep 903
num of flexible agents: 200
num of flexible tasks: 450
Solving time: 0.0019307 seconds
plan limit 978
current timestep 904
num of flexible agents: 201
num of flexible tasks: 451
Solving time: 0.0017879 seconds
plan limit 978
current timestep 905
num of flexible agents: 205
num of flexible tasks: 455
Solving time: 0.0019486 seconds
plan limit 978
current timestep 906
num of flexible agents: 200
num of flexible tasks: 450
Solving time: 0.001752 seconds
plan limit 978
current timestep 907
num of flexible agents: 193
num of flexible tasks: 443
Solving time: 0.0018715 seconds
plan limit 978
current timestep 908
num of flexible agents: 193
num of flexible tasks: 443
Solving time: 0.0020215 seconds
plan limit 978
current timestep 909
num of flexible agents: 194
num of flexible tasks: 444
Solving time: 0.0018359 seconds
plan limit 978
current timestep 910
num of flexible agents: 190
num of flexible tasks: 440
Solving time: 0.0018945 seconds
plan limit 978
current timestep 911
num of flexible agents: 185
num of flexible tasks: 435
Solving time: 0.0020453 seconds
plan limit 978
current timestep 912
num of flexible agents: 186
num of flexible tasks: 436
Solving time: 0.0018766 seconds
plan limit 978
current timestep 913
num of flexible agents: 184
num of flexible tasks: 434
Solving time: 0.0017827 seconds
plan limit 978
current timestep 914
num of flexible agents: 183
num of flexible tasks: 433
Solving time: 0.001886 seconds
plan limit 978
current timestep 915
num of flexible agents: 182
num of flexible tasks: 432
Solving time: 0.0017621 seconds
plan limit 978
current timestep 916
num of flexible agents: 179
num of flexible tasks: 429
Solving time: 0.0018732 seconds
plan limit 978
current timestep 917
num of flexible agents: 179
num of flexible tasks: 429
Solving time: 0.0023598 seconds
plan limit 977
current timestep 918
num of flexible agents: 178
num of flexible tasks: 428
Solving time: 0.0020685 seconds
plan limit 978
current timestep 919
num of flexible agents: 177
num of flexible tasks: 427
Solving time: 0.0018884 seconds
plan limit 978
current timestep 920
num of flexible agents: 173
num of flexible tasks: 423
Solving time: 0.0018124 seconds
plan limit 978
current timestep 921
num of flexible agents: 179
num of flexible tasks: 429
Solving time: 0.0024027 seconds
plan limit 977
current timestep 922
num of flexible agents: 184
num of flexible tasks: 434
Solving time: 0.001972 seconds
plan limit 978
current timestep 923
num of flexible agents: 184
num of flexible tasks: 434
Solving time: 0.00191 seconds
plan limit 978
current timestep 924
num of flexible agents: 185
num of flexible tasks: 435
Solving time: 0.0017566 seconds
plan limit 978
current timestep 925
num of flexible agents: 183
num of flexible tasks: 433
Solving time: 0.001831 seconds
plan limit 978
current timestep 926
num of flexible agents: 186
num of flexible tasks: 436
Solving time: 0.0018049 seconds
plan limit 978
current timestep 927
num of flexible agents: 190
num of flexible tasks: 440
Solving time: 0.0018031 seconds
plan limit 978
current timestep 928
num of flexible agents: 193
num of flexible tasks: 443
Solving time: 0.0019444 seconds
plan limit 978
current timestep 929
num of flexible agents: 194
num of flexible tasks: 444
Solving time: 0.0020935 seconds
plan limit 978
current timestep 930
num of flexible agents: 193
num of flexible tasks: 443
Solving time: 0.0020329 seconds
plan limit 978
current timestep 931
num of flexible agents: 194
num of flexible tasks: 444
Solving time: 0.0017356 seconds
plan limit 978
current timestep 932
num of flexible agents: 197
num of flexible tasks: 447
Solving time: 0.0018353 seconds
plan limit 978
current timestep 933
num of flexible agents: 199
num of flexible tasks: 449
Solving time: 0.0019876 seconds
plan limit 978
current timestep 934
num of flexible agents: 203
num of flexible tasks: 453
Solving time: 0.0022163 seconds
plan limit 978
current timestep 935
num of flexible agents: 208
num of flexible tasks: 458
Solving time: 0.0021279 seconds
plan limit 978
current timestep 936
num of flexible agents: 209
num of flexible tasks: 459
Solving time: 0.0019748 seconds
plan limit 978
current timestep 937
num of flexible agents: 207
num of flexible tasks: 457
Solving time: 0.0020232 seconds
plan limit 978
current timestep 938
num of flexible agents: 212
num of flexible tasks: 462
Solving time: 0.0020467 seconds
plan limit 978
current timestep 939
num of flexible agents: 219
num of flexible tasks: 469
Solving time: 0.0019477 seconds
plan limit 978
current timestep 940
num of flexible agents: 218
num of flexible tasks: 468
Solving time: 0.0019865 seconds
plan limit 978
current timestep 941
num of flexible agents: 213
num of flexible tasks: 463
Solving time: 0.0020874 seconds
plan limit 978
current timestep 942
num of flexible agents: 209
num of flexible tasks: 459
Solving time: 0.0019476 seconds
plan limit 978
current timestep 943
num of flexible agents: 206
num of flexible tasks: 456
Solving time: 0.0017039 seconds
plan limit 978
current timestep 944
num of flexible agents: 206
num of flexible tasks: 456
Solving time: 0.0018891 seconds
plan limit 978
current timestep 945
num of flexible agents: 209
num of flexible tasks: 459
Solving time: 0.0019971 seconds
plan limit 978
current timestep 946
num of flexible agents: 214
num of flexible tasks: 464
Solving time: 0.0020624 seconds
plan limit 978
current timestep 947
num of flexible agents: 212
num of flexible tasks: 462
Solving time: 0.0019286 seconds
plan limit 978
current timestep 948
num of flexible agents: 208
num of flexible tasks: 458
Solving time: 0.0020403 seconds
plan limit 978
current timestep 949
num of flexible agents: 202
num of flexible tasks: 452
Solving time: 0.0019936 seconds
plan limit 978
current timestep 950
num of flexible agents: 205
num of flexible tasks: 455
Solving time: 0.0019973 seconds
plan limit 978
current timestep 951
num of flexible agents: 207
num of flexible tasks: 457
Solving time: 0.0019579 seconds
plan limit 978
current timestep 952
num of flexible agents: 208
num of flexible tasks: 458
Solving time: 0.0019348 seconds
plan limit 978
current timestep 953
num of flexible agents: 210
num of flexible tasks: 460
Solving time: 0.0019741 seconds
plan limit 978
current timestep 954
num of flexible agents: 211
num of flexible tasks: 461
Solving time: 0.0020308 seconds
plan limit 978
current timestep 955
num of flexible agents: 208
num of flexible tasks: 458
Solving time: 0.0018448 seconds
plan limit 978
current timestep 956
num of flexible agents: 205
num of flexible tasks: 455
Solving time: 0.0019352 seconds
plan limit 978
current timestep 957
num of flexible agents: 207
num of flexible tasks: 457
Solving time: 0.0018968 seconds
plan limit 978
current timestep 958
num of flexible agents: 213
num of flexible tasks: 463
Solving time: 0.0021498 seconds
plan limit 978
current timestep 959
num of flexible agents: 209
num of flexible tasks: 459
Solving time: 0.0020794 seconds
plan limit 978
current timestep 960
num of flexible agents: 213
num of flexible tasks: 463
Solving time: 0.002004 seconds
plan limit 978
current timestep 961
num of flexible agents: 217
num of flexible tasks: 467
Solving time: 0.0019579 seconds
plan limit 978
current timestep 962
num of flexible agents: 218
num of flexible tasks: 468
Solving time: 0.0021171 seconds
plan limit 978
current timestep 963
num of flexible agents: 213
num of flexible tasks: 463
Solving time: 0.0021046 seconds
plan limit 978
current timestep 964
num of flexible agents: 213
num of flexible tasks: 463
Solving time: 0.0026472 seconds
plan limit 977
current timestep 965
num of flexible agents: 212
num of flexible tasks: 462
Solving time: 0.001918 seconds
plan limit 978
current timestep 966
num of flexible agents: 209
num of flexible tasks: 459
Solving time: 0.0018813 seconds
plan limit 978
current timestep 967
num of flexible agents: 212
num of flexible tasks: 462
Solving time: 0.0018702 seconds
plan limit 978
current timestep 968
num of flexible agents: 213
num of flexible tasks: 463
Solving time: 0.0019873 seconds
plan limit 978
current timestep 969
num of flexible agents: 212
num of flexible tasks: 462
Solving time: 0.0018381 seconds
plan limit 978
current timestep 970
num of flexible agents: 211
num of flexible tasks: 461
Solving time: 0.0017724 seconds
plan limit 978
current timestep 971
num of flexible agents: 212
num of flexible tasks: 462
Solving time: 0.0021008 seconds
plan limit 978
current timestep 972
num of flexible agents: 214
num of flexible tasks: 464
Solving time: 0.0018569 seconds
plan limit 978
current timestep 973
num of flexible agents: 216
num of flexible tasks: 466
Solving time: 0.0020364 seconds
plan limit 978
current timestep 974
num of flexible agents: 217
num of flexible tasks: 467
Solving time: 0.0020019 seconds
plan limit 978
current timestep 975
num of flexible agents: 216
num of flexible tasks: 466
Solving time: 0.0018622 seconds
plan limit 978
current timestep 976
num of flexible agents: 215
num of flexible tasks: 465
Solving time: 0.002046 seconds
plan limit 978
current timestep 977
num of flexible agents: 214
num of flexible tasks: 464
Solving time: 0.0018531 seconds
plan limit 978
current timestep 978
num of flexible agents: 222
num of flexible tasks: 472
Solving time: 0.0020499 seconds
plan limit 978
current timestep 979
num of flexible agents: 223
num of flexible tasks: 473
Solving time: 0.0019315 seconds
plan limit 978
current timestep 980
num of flexible agents: 226
num of flexible tasks: 476
Solving time: 0.0019765 seconds
plan limit 978
current timestep 981
num of flexible agents: 224
num of flexible tasks: 474
Solving time: 0.0020801 seconds
plan limit 978
current timestep 982
num of flexible agents: 226
num of flexible tasks: 476
Solving time: 0.0019494 seconds
plan limit 978
current timestep 983
num of flexible agents: 221
num of flexible tasks: 471
Solving time: 0.0021554 seconds
plan limit 978
current timestep 984
num of flexible agents: 218
num of flexible tasks: 468
Solving time: 0.001988 seconds
plan limit 978
current timestep 985
num of flexible agents: 218
num of flexible tasks: 468
Solving time: 0.0018422 seconds
plan limit 978
current timestep 986
num of flexible agents: 216
num of flexible tasks: 466
Solving time: 0.0019354 seconds
plan limit 978
current timestep 987
num of flexible agents: 215
num of flexible tasks: 465
Solving time: 0.0018115 seconds
plan limit 978
current timestep 988
num of flexible agents: 215
num of flexible tasks: 465
Solving time: 0.0018111 seconds
plan limit 978
current timestep 989
num of flexible agents: 214
num of flexible tasks: 464
Solving time: 0.0019753 seconds
plan limit 978
current timestep 990
num of flexible agents: 212
num of flexible tasks: 462
Solving time: 0.0017702 seconds
plan limit 978
current timestep 991
num of flexible agents: 206
num of flexible tasks: 456
Solving time: 0.0018526 seconds
plan limit 978
current timestep 992
num of flexible agents: 203
num of flexible tasks: 453
Solving time: 0.0019269 seconds
plan limit 978
current timestep 993
num of flexible agents: 206
num of flexible tasks: 456
Solving time: 0.0017868 seconds
plan limit 978
current timestep 994
num of flexible agents: 205
num of flexible tasks: 455
Solving time: 0.0017605 seconds
plan limit 978
current timestep 995
num of flexible agents: 203
num of flexible tasks: 453
Solving time: 0.0017836 seconds
plan limit 978
current timestep 996
num of flexible agents: 212
num of flexible tasks: 462
Solving time: 0.001892 seconds
plan limit 978
current timestep 997
num of flexible agents: 210
num of flexible tasks: 460
Solving time: 0.0019379 seconds
plan limit 978
current timestep 998
num of flexible agents: 206
num of flexible tasks: 456
Solving time: 0.0019491 seconds
plan limit 978
current timestep 999
num of flexible agents: 207
num of flexible tasks: 457
Solving time: 0.0020085 seconds
plan limit 978
Running w500_taskmatcher-k50_t1000_trial3
current timestep 0
plan limit 937
current timestep 1
plan limit 947
current timestep 2
plan limit 952
current timestep 3
plan limit 957
current timestep 4
plan limit 960
current timestep 5
plan limit 962
current timestep 6
plan limit 964
current timestep 7
plan limit 966
current timestep 8
plan limit 968
current timestep 9
plan limit 970
current timestep 10
plan limit 971
current timestep 11
plan limit 971
current timestep 12
plan limit 972
current timestep 13
plan limit 973
current timestep 14
plan limit 974
current timestep 15
plan limit 973
current timestep 16
plan limit 975
current timestep 17
plan limit 975
current timestep 18
plan limit 976
current timestep 19
plan limit 976
current timestep 20
plan limit 976
current timestep 21
plan limit 976
current timestep 22
plan limit 975
current timestep 23
plan limit 975
current timestep 24
plan limit 975
current timestep 25
plan limit 974
current timestep 26
plan limit 973
current timestep 27
plan limit 973
current timestep 28
plan limit 973
current timestep 29
plan limit 972
current timestep 30
plan limit 971
current timestep 31
plan limit 971
current timestep 32
plan limit 971
current timestep 33
plan limit 971
current timestep 34
plan limit 970
current timestep 35
plan limit 970
current timestep 36
plan limit 968
current timestep 37
plan limit 968
current timestep 38
plan limit 967
current timestep 39
plan limit 967
current timestep 40
plan limit 967
current timestep 41
plan limit 966
current timestep 42
plan limit 965
current timestep 43
plan limit 964
current timestep 44
plan limit 965
current timestep 45
plan limit 963
current timestep 46
plan limit 964
current timestep 47
plan limit 963
current timestep 48
plan limit 963
current timestep 49
plan limit 963
current timestep 50
plan limit 963
current timestep 51
plan limit 963
current timestep 52
plan limit 961
current timestep 53
plan limit 963
current timestep 54
plan limit 962
current timestep 55
plan limit 962
current timestep 56
plan limit 963
current timestep 57
plan limit 963
current timestep 58
plan limit 962
current timestep 59
plan limit 962
current timestep 60
plan limit 963
current timestep 61
plan limit 961
current timestep 62
plan limit 962
current timestep 63
plan limit 962
current timestep 64
plan limit 962
current timestep 65
plan limit 962
current timestep 66
plan limit 960
current timestep 67
plan limit 960
current timestep 68
plan limit 962
current timestep 69
plan limit 962
current timestep 70
plan limit 963
current timestep 71
plan limit 963
current timestep 72
plan limit 961
current timestep 73
plan limit 963
current timestep 74
plan limit 963
current timestep 75
plan limit 963
current timestep 76
plan limit 964
current timestep 77
plan limit 963
current timestep 78
plan limit 962
current timestep 79
plan limit 960
current timestep 80
plan limit 962
current timestep 81
plan limit 962
current timestep 82
plan limit 962
current timestep 83
plan limit 963
current timestep 84
plan limit 957
current timestep 85
plan limit 962
current timestep 86
plan limit 960
current timestep 87
plan limit 962
current timestep 88
plan limit 960
current timestep 89
plan limit 960
current timestep 90
plan limit 961
current timestep 91
plan limit 961
current timestep 92
plan limit 962
current timestep 93
plan limit 960
current timestep 94
plan limit 960
current timestep 95
plan limit 961
current timestep 96
plan limit 960
current timestep 97
plan limit 961
current timestep 98
plan limit 961
current timestep 99
plan limit 961
current timestep 100
plan limit 959
current timestep 101
plan limit 961
current timestep 102
plan limit 961
current timestep 103
plan limit 960
current timestep 104
plan limit 956
current timestep 105
plan limit 961
current timestep 106
plan limit 960
current timestep 107
plan limit 961
current timestep 108
plan limit 962
current timestep 109
plan limit 958
current timestep 110
plan limit 961
current timestep 111
plan limit 959
current timestep 112
plan limit 959
current timestep 113
plan limit 959
current timestep 114
plan limit 958
current timestep 115
plan limit 957
current timestep 116
plan limit 957
current timestep 117
plan limit 957
current timestep 118
plan limit 955
current timestep 119
plan limit 950
current timestep 120
plan limit 952
current timestep 121
plan limit 956
current timestep 122
plan limit 957
current timestep 123
plan limit 956
current timestep 124
plan limit 954
current timestep 125
plan limit 950
current timestep 126
plan limit 951
current timestep 127
plan limit 953
current timestep 128
plan limit 956
current timestep 129
plan limit 956
current timestep 130
plan limit 957
current timestep 131
plan limit 956
current timestep 132
plan limit 957
current timestep 133
plan limit 956
current timestep 134
plan limit 956
current timestep 135
plan limit 958
current timestep 136
plan limit 957
current timestep 137
plan limit 957
current timestep 138
plan limit 958
current timestep 139
plan limit 958
current timestep 140
plan limit 958
current timestep 141
plan limit 958
current timestep 142
plan limit 957
current timestep 143
plan limit 957
current timestep 144
plan limit 957
current timestep 145
plan limit 957
current timestep 146
plan limit 955
current timestep 147
plan limit 955
current timestep 148
plan limit 955
current timestep 149
plan limit 954
current timestep 150
plan limit 954
current timestep 151
plan limit 953
current timestep 152
plan limit 953
current timestep 153
plan limit 954
current timestep 154
plan limit 954
current timestep 155
plan limit 954
current timestep 156
plan limit 953
current timestep 157
plan limit 953
current timestep 158
plan limit 953
current timestep 159
plan limit 952
current timestep 160
plan limit 952
current timestep 161
plan limit 954
current timestep 162
plan limit 953
current timestep 163
plan limit 953
current timestep 164
plan limit 954
current timestep 165
plan limit 953
current timestep 166
plan limit 953
current timestep 167
plan limit 952
current timestep 168
plan limit 952
current timestep 169
plan limit 953
current timestep 170
plan limit 953
current timestep 171
plan limit 949
current timestep 172
plan limit 953
current timestep 173
plan limit 952
current timestep 174
plan limit 951
current timestep 175
plan limit 950
current timestep 176
plan limit 950
current timestep 177
plan limit 951
current timestep 178
plan limit 949
current timestep 179
plan limit 950
current timestep 180
plan limit 950
current timestep 181
plan limit 950
current timestep 182
plan limit 949
current timestep 183
plan limit 952
current timestep 184
plan limit 952
current timestep 185
plan limit 952
current timestep 186
plan limit 951
current timestep 187
plan limit 952
current timestep 188
plan limit 951
current timestep 189
plan limit 952
current timestep 190
plan limit 953
current timestep 191
plan limit 952
current timestep 192
plan limit 951
current timestep 193
plan limit 952
current timestep 194
plan limit 952
current timestep 195
plan limit 951
current timestep 196
plan limit 953
current timestep 197
plan limit 953
current timestep 198
plan limit 951
current timestep 199
plan limit 951
current timestep 200
plan limit 929
current timestep 201
plan limit 948
current timestep 202
plan limit 954
current timestep 203
plan limit 954
current timestep 204
plan limit 954
current timestep 205
plan limit 953
current timestep 206
plan limit 955
current timestep 207
plan limit 954
current timestep 208
plan limit 956
current timestep 209
plan limit 955
current timestep 210
plan limit 954
current timestep 211
plan limit 955
current timestep 212
plan limit 952
current timestep 213
plan limit 954
current timestep 214
plan limit 955
current timestep 215
plan limit 954
current timestep 216
plan limit 955
current timestep 217
plan limit 955
current timestep 218
plan limit 955
current timestep 219
plan limit 955
current timestep 220
plan limit 955
current timestep 221
plan limit 955
current timestep 222
plan limit 955
current timestep 223
plan limit 955
current timestep 224
plan limit 955
current timestep 225
plan limit 956
current timestep 226
plan limit 955
current timestep 227
plan limit 956
current timestep 228
plan limit 957
current timestep 229
plan limit 956
current timestep 230
plan limit 957
current timestep 231
plan limit 956
current timestep 232
plan limit 956
current timestep 233
plan limit 950
current timestep 234
plan limit 956
current timestep 235
plan limit 955
current timestep 236
plan limit 952
current timestep 237
plan limit 954
current timestep 238
plan limit 954
current timestep 239
plan limit 956
current timestep 240
plan limit 953
current timestep 241
plan limit 954
current timestep 242
plan limit 952
current timestep 243
plan limit 955
current timestep 244
plan limit 955
current timestep 245
plan limit 956
current timestep 246
plan limit 956
current timestep 247
plan limit 957
current timestep 248
plan limit 955
current timestep 249
plan limit 955
current timestep 250
plan limit 957
current timestep 251
plan limit 956
current timestep 252
plan limit 957
current timestep 253
plan limit 956
current timestep 254
plan limit 956
current timestep 255
plan limit 956
current timestep 256
plan limit 956
current timestep 257
plan limit 956
current timestep 258
plan limit 956
current timestep 259
plan limit 954
current timestep 260
plan limit 955
current timestep 261
plan limit 957
current timestep 262
plan limit 958
current timestep 263
plan limit 957
current timestep 264
plan limit 957
current timestep 265
plan limit 957
current timestep 266
plan limit 957
current timestep 267
plan limit 957
current timestep 268
plan limit 957
current timestep 269
plan limit 957
current timestep 270
plan limit 955
current timestep 271
plan limit 957
current timestep 272
plan limit 957
current timestep 273
plan limit 957
current timestep 274
plan limit 957
current timestep 275
plan limit 957
current timestep 276
plan limit 957
current timestep 277
plan limit 955
current timestep 278
plan limit 957
current timestep 279
plan limit 957
current timestep 280
plan limit 957
current timestep 281
plan limit 955
current timestep 282
plan limit 954
current timestep 283
plan limit 955
current timestep 284
plan limit 956
current timestep 285
plan limit 956
current timestep 286
plan limit 956
current timestep 287
plan limit 955
current timestep 288
plan limit 956
current timestep 289
plan limit 955
current timestep 290
plan limit 956
current timestep 291
plan limit 955
current timestep 292
plan limit 955
current timestep 293
plan limit 957
current timestep 294
plan limit 957
current timestep 295
plan limit 956
current timestep 296
plan limit 957
current timestep 297
plan limit 956
current timestep 298
plan limit 955
current timestep 299
plan limit 954
current timestep 300
plan limit 953
current timestep 301
plan limit 953
current timestep 302
plan limit 955
current timestep 303
plan limit 954
current timestep 304
plan limit 952
current timestep 305
plan limit 950
current timestep 306
plan limit 953
current timestep 307
plan limit 953
current timestep 308
plan limit 952
current timestep 309
plan limit 953
current timestep 310
plan limit 952
current timestep 311
plan limit 951
current timestep 312
plan limit 953
current timestep 313
plan limit 953
current timestep 314
plan limit 952
current timestep 315
plan limit 954
current timestep 316
plan limit 951
current timestep 317
plan limit 952
current timestep 318
plan limit 949
current timestep 319
plan limit 951
current timestep 320
plan limit 951
current timestep 321
plan limit 951
current timestep 322
plan limit 950
current timestep 323
plan limit 949
current timestep 324
plan limit 951
current timestep 325
plan limit 952
current timestep 326
plan limit 953
current timestep 327
plan limit 951
current timestep 328
plan limit 951
current timestep 329
plan limit 952
current timestep 330
plan limit 951
current timestep 331
plan limit 953
current timestep 332
plan limit 952
current timestep 333
plan limit 953
current timestep 334
plan limit 955
current timestep 335
plan limit 955
current timestep 336
plan limit 953
current timestep 337
plan limit 953
current timestep 338
plan limit 953
current timestep 339
plan limit 953
current timestep 340
plan limit 954
current timestep 341
plan limit 955
current timestep 342
plan limit 956
current timestep 343
plan limit 954
current timestep 344
plan limit 953
current timestep 345
plan limit 952
current timestep 346
plan limit 953
current timestep 347
plan limit 953
current timestep 348
plan limit 953
current timestep 349
plan limit 954
current timestep 350
plan limit 953
current timestep 351
plan limit 954
current timestep 352
plan limit 954
current timestep 353
plan limit 954
current timestep 354
plan limit 956
current timestep 355
plan limit 957
current timestep 356
plan limit 957
current timestep 357
plan limit 956
current timestep 358
plan limit 956
current timestep 359
plan limit 955
current timestep 360
plan limit 956
current timestep 361
plan limit 956
current timestep 362
plan limit 957
current timestep 363
plan limit 959
current timestep 364
plan limit 957
current timestep 365
plan limit 956
current timestep 366
plan limit 956
current timestep 367
plan limit 956
current timestep 368
plan limit 958
current timestep 369
plan limit 956
current timestep 370
plan limit 957
current timestep 371
plan limit 956
current timestep 372
plan limit 956
current timestep 373
plan limit 955
current timestep 374
plan limit 955
current timestep 375
plan limit 953
current timestep 376
plan limit 954
current timestep 377
plan limit 955
current timestep 378
plan limit 953
current timestep 379
plan limit 955
current timestep 380
plan limit 955
current timestep 381
plan limit 957
current timestep 382
plan limit 956
current timestep 383
plan limit 957
current timestep 384
plan limit 957
current timestep 385
plan limit 957
current timestep 386
plan limit 959
current timestep 387
plan limit 959
current timestep 388
plan limit 959
current timestep 389
plan limit 958
current timestep 390
plan limit 958
current timestep 391
plan limit 958
current timestep 392
plan limit 958
current timestep 393
plan limit 959
current timestep 394
plan limit 958
current timestep 395
plan limit 958
current timestep 396
plan limit 957
current timestep 397
plan limit 958
current timestep 398
plan limit 957
current timestep 399
plan limit 956
current timestep 400
plan limit 957
current timestep 401
plan limit 955
current timestep 402
plan limit 956
current timestep 403
plan limit 956
current timestep 404
plan limit 955
current timestep 405
plan limit 954
current timestep 406
plan limit 955
current timestep 407
plan limit 956
current timestep 408
plan limit 956
current timestep 409
plan limit 955
current timestep 410
plan limit 956
current timestep 411
plan limit 956
current timestep 412
plan limit 956
current timestep 413
plan limit 955
current timestep 414
plan limit 955
current timestep 415
plan limit 955
current timestep 416
plan limit 954
current timestep 417
plan limit 951
current timestep 418
plan limit 955
current timestep 419
plan limit 953
current timestep 420
plan limit 954
current timestep 421
plan limit 954
current timestep 422
plan limit 952
current timestep 423
plan limit 952
current timestep 424
plan limit 952
current timestep 425
plan limit 952
current timestep 426
plan limit 951
current timestep 427
plan limit 951
current timestep 428
plan limit 951
current timestep 429
plan limit 951
current timestep 430
plan limit 950
current timestep 431
plan limit 951
current timestep 432
plan limit 950
current timestep 433
plan limit 950
current timestep 434
plan limit 948
current timestep 435
plan limit 950
current timestep 436
plan limit 949
current timestep 437
plan limit 948
current timestep 438
plan limit 946
current timestep 439
plan limit 950
current timestep 440
plan limit 950
current timestep 441
plan limit 951
current timestep 442
plan limit 952
current timestep 443
plan limit 951
current timestep 444
plan limit 953
current timestep 445
plan limit 953
current timestep 446
plan limit 952
current timestep 447
plan limit 953
current timestep 448
plan limit 951
current timestep 449
plan limit 951
current timestep 450
plan limit 950
current timestep 451
plan limit 950
current timestep 452
plan limit 950
current timestep 453
plan limit 950
current timestep 454
plan limit 951
current timestep 455
plan limit 952
current timestep 456
plan limit 950
current timestep 457
plan limit 948
current timestep 458
plan limit 951
current timestep 459
plan limit 952
current timestep 460
plan limit 952
current timestep 461
plan limit 950
current timestep 462
plan limit 951
current timestep 463
plan limit 953
current timestep 464
plan limit 952
current timestep 465
plan limit 954
current timestep 466
plan limit 954
current timestep 467
plan limit 953
current timestep 468
plan limit 955
current timestep 469
plan limit 956
current timestep 470
plan limit 956
current timestep 471
plan limit 954
current timestep 472
plan limit 956
current timestep 473
plan limit 956
current timestep 474
plan limit 956
current timestep 475
plan limit 956
current timestep 476
plan limit 954
current timestep 477
plan limit 956
current timestep 478
plan limit 954
current timestep 479
plan limit 954
current timestep 480
plan limit 955
current timestep 481
plan limit 955
current timestep 482
plan limit 954
current timestep 483
plan limit 951
current timestep 484
plan limit 953
current timestep 485
plan limit 953
current timestep 486
plan limit 954
current timestep 487
plan limit 956
current timestep 488
plan limit 954
current timestep 489
plan limit 954
current timestep 490
plan limit 955
current timestep 491
plan limit 956
current timestep 492
plan limit 957
current timestep 493
plan limit 956
current timestep 494
plan limit 956
current timestep 495
plan limit 955
current timestep 496
plan limit 955
current timestep 497
plan limit 954
current timestep 498
plan limit 953
current timestep 499
plan limit 954
current timestep 500
plan limit 954
current timestep 501
plan limit 954
current timestep 502
plan limit 954
current timestep 503
plan limit 954
current timestep 504
plan limit 953
current timestep 505
plan limit 954
current timestep 506
plan limit 952
current timestep 507
plan limit 954
current timestep 508
plan limit 954
current timestep 509
plan limit 954
current timestep 510
plan limit 953
current timestep 511
plan limit 955
current timestep 512
plan limit 956
current timestep 513
plan limit 955
current timestep 514
plan limit 954
current timestep 515
plan limit 954
current timestep 516
plan limit 954
current timestep 517
plan limit 955
current timestep 518
plan limit 954
current timestep 519
plan limit 954
current timestep 520
plan limit 954
current timestep 521
plan limit 956
current timestep 522
plan limit 956
current timestep 523
plan limit 957
current timestep 524
plan limit 955
current timestep 525
plan limit 954
current timestep 526
plan limit 954
current timestep 527
plan limit 956
current timestep 528
plan limit 957
current timestep 529
plan limit 957
current timestep 530
plan limit 958
current timestep 531
plan limit 958
current timestep 532
plan limit 958
current timestep 533
plan limit 958
current timestep 534
plan limit 956
current timestep 535
plan limit 958
current timestep 536
plan limit 959
current timestep 537
plan limit 958
current timestep 538
plan limit 958
current timestep 539
plan limit 956
current timestep 540
plan limit 959
current timestep 541
plan limit 958
current timestep 542
plan limit 959
current timestep 543
plan limit 957
current timestep 544
plan limit 958
current timestep 545
plan limit 958
current timestep 546
plan limit 957
current timestep 547
plan limit 957
current timestep 548
plan limit 959
current timestep 549
plan limit 959
current timestep 550
plan limit 958
current timestep 551
plan limit 955
current timestep 552
plan limit 957
current timestep 553
plan limit 958
current timestep 554
plan limit 958
current timestep 555
plan limit 957
current timestep 556
plan limit 957
current timestep 557
plan limit 957
current timestep 558
plan limit 956
current timestep 559
plan limit 956
current timestep 560
plan limit 956
current timestep 561
plan limit 955
current timestep 562
plan limit 955
current timestep 563
plan limit 953
current timestep 564
plan limit 954
current timestep 565
plan limit 954
current timestep 566
plan limit 954
current timestep 567
plan limit 954
current timestep 568
plan limit 953
current timestep 569
plan limit 954
current timestep 570
plan limit 952
current timestep 571
plan limit 951
current timestep 572
plan limit 953
current timestep 573
plan limit 955
current timestep 574
plan limit 955
current timestep 575
plan limit 954
current timestep 576
plan limit 953
current timestep 577
plan limit 952
current timestep 578
plan limit 955
current timestep 579
plan limit 952
current timestep 580
plan limit 954
current timestep 581
plan limit 955
current timestep 582
plan limit 953
current timestep 583
plan limit 954
current timestep 584
plan limit 952
current timestep 585
plan limit 954
current timestep 586
plan limit 952
current timestep 587
plan limit 951
current timestep 588
plan limit 955
current timestep 589
plan limit 955
current timestep 590
plan limit 956
current timestep 591
plan limit 955
current timestep 592
plan limit 956
current timestep 593
plan limit 956
current timestep 594
plan limit 956
current timestep 595
plan limit 955
current timestep 596
plan limit 955
current timestep 597
plan limit 954
current timestep 598
plan limit 953
current timestep 599
plan limit 954
current timestep 600
plan limit 953
current timestep 601
plan limit 954
current timestep 602
plan limit 953
current timestep 603
plan limit 954
current timestep 604
plan limit 955
current timestep 605
plan limit 954
current timestep 606
plan limit 954
current timestep 607
plan limit 953
current timestep 608
plan limit 954
current timestep 609
plan limit 947
current timestep 610
plan limit 951
current timestep 611
plan limit 951
current timestep 612
plan limit 952
current timestep 613
plan limit 952
current timestep 614
plan limit 953
current timestep 615
plan limit 952
current timestep 616
plan limit 950
current timestep 617
plan limit 950
current timestep 618
plan limit 951
current timestep 619
plan limit 951
current timestep 620
plan limit 952
current timestep 621
plan limit 948
current timestep 622
plan limit 951
current timestep 623
plan limit 950
current timestep 624
plan limit 951
current timestep 625
plan limit 952
current timestep 626
plan limit 952
current timestep 627
plan limit 951
current timestep 628
plan limit 950
current timestep 629
plan limit 944
current timestep 630
plan limit 949
current timestep 631
plan limit 951
current timestep 632
plan limit 949
current timestep 633
plan limit 952
current timestep 634
plan limit 952
current timestep 635
plan limit 952
current timestep 636
plan limit 950
current timestep 637
plan limit 950
current timestep 638
plan limit 949
current timestep 639
plan limit 950
current timestep 640
plan limit 952
current timestep 641
plan limit 951
current timestep 642
plan limit 951
current timestep 643
plan limit 949
current timestep 644
plan limit 949
current timestep 645
plan limit 951
current timestep 646
plan limit 950
current timestep 647
plan limit 950
current timestep 648
plan limit 950
current timestep 649
plan limit 949
current timestep 650
plan limit 949
current timestep 651
plan limit 949
current timestep 652
plan limit 951
current timestep 653
plan limit 950
current timestep 654
plan limit 951
current timestep 655
plan limit 950
current timestep 656
plan limit 950
current timestep 657
plan limit 950
current timestep 658
plan limit 949
current timestep 659
plan limit 948
current timestep 660
plan limit 949
current timestep 661
plan limit 949
current timestep 662
plan limit 948
current timestep 663
plan limit 949
current timestep 664
plan limit 948
current timestep 665
plan limit 949
current timestep 666
plan limit 951
current timestep 667
plan limit 951
current timestep 668
plan limit 951
current timestep 669
plan limit 951
current timestep 670
plan limit 951
current timestep 671
plan limit 951
current timestep 672
plan limit 950
current timestep 673
plan limit 950
current timestep 674
plan limit 952
current timestep 675
plan limit 953
current timestep 676
plan limit 950
current timestep 677
plan limit 952
current timestep 678
plan limit 953
current timestep 679
plan limit 954
current timestep 680
plan limit 954
current timestep 681
plan limit 954
current timestep 682
plan limit 954
current timestep 683
plan limit 953
current timestep 684
plan limit 955
current timestep 685
plan limit 954
current timestep 686
plan limit 954
current timestep 687
plan limit 953
current timestep 688
plan limit 954
current timestep 689
plan limit 952
current timestep 690
plan limit 953
current timestep 691
plan limit 954
current timestep 692
plan limit 952
current timestep 693
plan limit 954
current timestep 694
plan limit 951
current timestep 695
plan limit 952
current timestep 696
plan limit 951
current timestep 697
plan limit 953
current timestep 698
plan limit 953
current timestep 699
plan limit 953
current timestep 700
plan limit 955
current timestep 701
plan limit 954
current timestep 702
plan limit 954
current timestep 703
plan limit 955
current timestep 704
plan limit 955
current timestep 705
plan limit 956
current timestep 706
plan limit 956
current timestep 707
plan limit 955
current timestep 708
plan limit 955
current timestep 709
plan limit 956
current timestep 710
plan limit 955
current timestep 711
plan limit 956
current timestep 712
plan limit 956
current timestep 713
plan limit 953
current timestep 714
plan limit 956
current timestep 715
plan limit 958
current timestep 716
plan limit 958
current timestep 717
plan limit 956
current timestep 718
plan limit 956
current timestep 719
plan limit 954
current timestep 720
plan limit 955
current timestep 721
plan limit 956
current timestep 722
plan limit 954
current timestep 723
plan limit 954
current timestep 724
plan limit 954
current timestep 725
plan limit 954
current timestep 726
plan limit 953
current timestep 727
plan limit 955
current timestep 728
plan limit 952
current timestep 729
plan limit 953
current timestep 730
plan limit 954
current timestep 731
plan limit 954
current timestep 732
plan limit 956
current timestep 733
plan limit 955
current timestep 734
plan limit 957
current timestep 735
plan limit 957
current timestep 736
plan limit 957
current timestep 737
plan limit 957
current timestep 738
plan limit 935
current timestep 739
plan limit 958
current timestep 740
plan limit 957
current timestep 741
plan limit 958
current timestep 742
plan limit 956
current timestep 743
plan limit 958
current timestep 744
plan limit 957
current timestep 745
plan limit 956
current timestep 746
plan limit 956
current timestep 747
plan limit 957
current timestep 748
plan limit 956
current timestep 749
plan limit 957
current timestep 750
plan limit 958
current timestep 751
plan limit 957
current timestep 752
plan limit 958
current timestep 753
plan limit 958
current timestep 754
plan limit 959
current timestep 755
plan limit 958
current timestep 756
plan limit 959
current timestep 757
plan limit 958
current timestep 758
plan limit 957
current timestep 759
plan limit 957
current timestep 760
plan limit 958
current timestep 761
plan limit 956
current timestep 762
plan limit 958
current timestep 763
plan limit 957
current timestep 764
plan limit 957
current timestep 765
plan limit 957
current timestep 766
plan limit 959
current timestep 767
plan limit 956
current timestep 768
plan limit 956
current timestep 769
plan limit 959
current timestep 770
plan limit 957
current timestep 771
plan limit 954
current timestep 772
plan limit 954
current timestep 773
plan limit 955
current timestep 774
plan limit 953
current timestep 775
plan limit 956
current timestep 776
plan limit 956
current timestep 777
plan limit 955
current timestep 778
plan limit 954
current timestep 779
plan limit 956
current timestep 780
plan limit 955
current timestep 781
plan limit 954
current timestep 782
plan limit 954
current timestep 783
plan limit 954
current timestep 784
plan limit 954
current timestep 785
plan limit 953
current timestep 786
plan limit 951
current timestep 787
plan limit 951
current timestep 788
plan limit 951
current timestep 789
plan limit 951
current timestep 790
plan limit 950
current timestep 791
plan limit 950
current timestep 792
plan limit 951
current timestep 793
plan limit 951
current timestep 794
plan limit 950
current timestep 795
plan limit 950
current timestep 796
plan limit 953
current timestep 797
plan limit 952
current timestep 798
plan limit 952
current timestep 799
plan limit 953
current timestep 800
plan limit 953
current timestep 801
plan limit 953
current timestep 802
plan limit 952
current timestep 803
plan limit 953
current timestep 804
plan limit 954
current timestep 805
plan limit 954
current timestep 806
plan limit 951
current timestep 807
plan limit 951
current timestep 808
plan limit 952
current timestep 809
plan limit 953
current timestep 810
plan limit 953
current timestep 811
plan limit 953
current timestep 812
plan limit 952
current timestep 813
plan limit 952
current timestep 814
plan limit 954
current timestep 815
plan limit 954
current timestep 816
plan limit 954
current timestep 817
plan limit 954
current timestep 818
plan limit 954
current timestep 819
plan limit 954
current timestep 820
plan limit 949
current timestep 821
plan limit 954
current timestep 822
plan limit 952
current timestep 823
plan limit 952
current timestep 824
plan limit 953
current timestep 825
plan limit 952
current timestep 826
plan limit 947
current timestep 827
plan limit 950
current timestep 828
plan limit 951
current timestep 829
plan limit 952
current timestep 830
plan limit 952
current timestep 831
plan limit 952
current timestep 832
plan limit 952
current timestep 833
plan limit 952
current timestep 834
plan limit 953
current timestep 835
plan limit 954
current timestep 836
plan limit 953
current timestep 837
plan limit 954
current timestep 838
plan limit 954
current timestep 839
plan limit 953
current timestep 840
plan limit 954
current timestep 841
plan limit 954
current timestep 842
plan limit 954
current timestep 843
plan limit 953
current timestep 844
plan limit 954
current timestep 845
plan limit 953
current timestep 846
plan limit 954
current timestep 847
plan limit 955
current timestep 848
plan limit 955
current timestep 849
plan limit 956
current timestep 850
plan limit 956
current timestep 851
plan limit 957
current timestep 852
plan limit 957
current timestep 853
plan limit 959
current timestep 854
plan limit 957
current timestep 855
plan limit 958
current timestep 856
plan limit 959
current timestep 857
plan limit 957
current timestep 858
plan limit 958
current timestep 859
plan limit 958
current timestep 860
plan limit 960
current timestep 861
plan limit 959
current timestep 862
plan limit 959
current timestep 863
plan limit 959
current timestep 864
plan limit 959
current timestep 865
plan limit 959
current timestep 866
plan limit 960
current timestep 867
plan limit 960
current timestep 868
plan limit 957
current timestep 869
plan limit 958
current timestep 870
plan limit 956
current timestep 871
plan limit 951
current timestep 872
plan limit 956
current timestep 873
plan limit 957
current timestep 874
plan limit 958
current timestep 875
plan limit 958
current timestep 876
plan limit 958
current timestep 877
plan limit 958
current timestep 878
plan limit 957
current timestep 879
plan limit 959
current timestep 880
plan limit 959
current timestep 881
plan limit 958
current timestep 882
plan limit 959
current timestep 883
plan limit 959
current timestep 884
plan limit 958
current timestep 885
plan limit 957
current timestep 886
plan limit 956
current timestep 887
plan limit 955
current timestep 888
plan limit 955
current timestep 889
plan limit 956
current timestep 890
plan limit 957
current timestep 891
plan limit 955
current timestep 892
plan limit 956
current timestep 893
plan limit 954
current timestep 894
plan limit 949
current timestep 895
plan limit 954
current timestep 896
plan limit 956
current timestep 897
plan limit 956
current timestep 898
plan limit 955
current timestep 899
plan limit 957
current timestep 900
plan limit 957
current timestep 901
plan limit 957
current timestep 902
plan limit 956
current timestep 903
plan limit 957
current timestep 904
plan limit 957
current timestep 905
plan limit 954
current timestep 906
plan limit 956
current timestep 907
plan limit 956
current timestep 908
plan limit 955
current timestep 909
plan limit 955
current timestep 910
plan limit 954
current timestep 911
plan limit 954
current timestep 912
plan limit 954
current timestep 913
plan limit 955
current timestep 914
plan limit 953
current timestep 915
plan limit 954
current timestep 916
plan limit 955
current timestep 917
plan limit 955
current timestep 918
plan limit 954
current timestep 919
plan limit 953
current timestep 920
plan limit 954
current timestep 921
plan limit 954
current timestep 922
plan limit 940
current timestep 923
plan limit 954
current timestep 924
plan limit 955
current timestep 925
plan limit 956
current timestep 926
plan limit 954
current timestep 927
plan limit 955
current timestep 928
plan limit 952
current timestep 929
plan limit 953
current timestep 930
plan limit 954
current timestep 931
plan limit 954
current timestep 932
plan limit 955
current timestep 933
plan limit 938
current timestep 934
plan limit 955
current timestep 935
plan limit 954
current timestep 936
plan limit 955
current timestep 937
plan limit 955
current timestep 938
plan limit 956
current timestep 939
plan limit 955
current timestep 940
plan limit 954
current timestep 941
plan limit 953
current timestep 942
plan limit 953
current timestep 943
plan limit 953
current timestep 944
plan limit 952
current timestep 945
plan limit 953
current timestep 946
plan limit 953
current timestep 947
plan limit 951
current timestep 948
plan limit 952
current timestep 949
plan limit 951
current timestep 950
plan limit 951
current timestep 951
plan limit 951
current timestep 952
plan limit 951
current timestep 953
plan limit 952
current timestep 954
plan limit 952
current timestep 955
plan limit 952
current timestep 956
plan limit 952
current timestep 957
plan limit 951
current timestep 958
plan limit 951
current timestep 959
plan limit 952
current timestep 960
plan limit 952
current timestep 961
plan limit 952
current timestep 962
plan limit 951
current timestep 963
plan limit 952
current timestep 964
plan limit 951
current timestep 965
plan limit 951
current timestep 966
plan limit 951
current timestep 967
plan limit 953
current timestep 968
plan limit 952
current timestep 969
plan limit 952
current timestep 970
plan limit 952
current timestep 971
plan limit 952
current timestep 972
plan limit 952
current timestep 973
plan limit 953
current timestep 974
plan limit 953
current timestep 975
plan limit 953
current timestep 976
plan limit 952
current timestep 977
plan limit 950
current timestep 978
plan limit 953
current timestep 979
plan limit 952
current timestep 980
plan limit 951
current timestep 981
plan limit 949
current timestep 982
plan limit 951
current timestep 983
plan limit 951
current timestep 984
plan limit 950
current timestep 985
plan limit 950
current timestep 986
plan limit 950
current timestep 987
plan limit 949
current timestep 988
plan limit 948
current timestep 989
plan limit 950
current timestep 990
plan limit 950
current timestep 991
plan limit 951
current timestep 992
plan limit 949
current timestep 993
plan limit 949
current timestep 994
plan limit 949
current timestep 995
plan limit 948
current timestep 996
plan limit 951
current timestep 997
plan limit 949
current timestep 998
plan limit 949
current timestep 999
plan limit 950
