current timestep 0
num of flexible agents: 16000
num of flexible tasks: 24000
Solving time: 0.182572 seconds
plan limit 788
compute initial stop until 0
current timestep 1
num of flexible agents: 15604
num of flexible tasks: 23604
Solving time: 0.162261 seconds
plan limit 811
compute initial stop until 850
current timestep 2
num of flexible agents: 15275
num of flexible tasks: 23275
Solving time: 0.168108 seconds
plan limit 805
compute initial stop until 2143
current timestep 3
num of flexible agents: 14996
num of flexible tasks: 22996
Solving time: 0.155858 seconds
plan limit 817
compute initial stop until 2963
current timestep 4
num of flexible agents: 14697
num of flexible tasks: 22697
Solving time: 0.159084 seconds
plan limit 813
compute initial stop until 3352
current timestep 5
num of flexible agents: 14438
num of flexible tasks: 22438
Solving time: 0.161284 seconds
plan limit 811
compute initial stop until 3654
current timestep 6
num of flexible agents: 14201
num of flexible tasks: 22201
Solving time: 0.162161 seconds
plan limit 810
compute initial stop until 3882
current timestep 7
num of flexible agents: 13989
num of flexible tasks: 21989
Solving time: 0.148445 seconds
plan limit 824
compute initial stop until 4143
current timestep 8
num of flexible agents: 13773
num of flexible tasks: 21773
Solving time: 0.151457 seconds
plan limit 820
compute initial stop until 4345
current timestep 9
num of flexible agents: 13574
num of flexible tasks: 21574
Solving time: 0.142248 seconds
plan limit 830
compute initial stop until 4530
current timestep 10
num of flexible agents: 13348
num of flexible tasks: 21348
Solving time: 0.155651 seconds
plan limit 816
compute initial stop until 4687
current timestep 11
num of flexible agents: 13131
num of flexible tasks: 21131
Solving time: 0.142081 seconds
plan limit 830
compute initial stop until 4825
current timestep 12
num of flexible agents: 12939
num of flexible tasks: 20939
Solving time: 0.138457 seconds
plan limit 833
compute initial stop until 4997
current timestep 13
num of flexible agents: 12764
num of flexible tasks: 20764
Solving time: 0.13619 seconds
plan limit 835
compute initial stop until 5226
current timestep 14
num of flexible agents: 12576
num of flexible tasks: 20576
Solving time: 0.133737 seconds
plan limit 838
compute initial stop until 5315
current timestep 15
num of flexible agents: 12374
num of flexible tasks: 20374
Solving time: 0.14421 seconds
plan limit 827
compute initial stop until 5343
current timestep 16
num of flexible agents: 12169
num of flexible tasks: 20169
Solving time: 0.142224 seconds
plan limit 829
compute initial stop until 5400
current timestep 17
num of flexible agents: 11984
num of flexible tasks: 19984
Solving time: 0.136244 seconds
plan limit 835
compute initial stop until 5558
current timestep 18
num of flexible agents: 11781
num of flexible tasks: 19781
Solving time: 0.134683 seconds
plan limit 836
compute initial stop until 5670
current timestep 19
num of flexible agents: 11580
num of flexible tasks: 19580
Solving time: 0.139237 seconds
plan limit 831
compute initial stop until 5819
current timestep 20
num of flexible agents: 11392
num of flexible tasks: 19392
Solving time: 0.133291 seconds
plan limit 837
compute initial stop until 5926
current timestep 21
num of flexible agents: 11213
num of flexible tasks: 19213
Solving time: 0.125619 seconds
plan limit 845
compute initial stop until 6016
current timestep 22
num of flexible agents: 11044
num of flexible tasks: 19044
Solving time: 0.133065 seconds
plan limit 837
compute initial stop until 6115
current timestep 23
num of flexible agents: 10862
num of flexible tasks: 18862
Solving time: 0.125296 seconds
plan limit 845
compute initial stop until 6150
current timestep 24
num of flexible agents: 10700
num of flexible tasks: 18700
Solving time: 0.119789 seconds
plan limit 850
compute initial stop until 6195
current timestep 25
num of flexible agents: 10530
num of flexible tasks: 18530
Solving time: 0.117657 seconds
plan limit 853
compute initial stop until 6314
current timestep 26
num of flexible agents: 10367
num of flexible tasks: 18367
Solving time: 0.112013 seconds
plan limit 858
compute initial stop until 6397
current timestep 27
num of flexible agents: 10210
num of flexible tasks: 18210
Solving time: 0.117926 seconds
plan limit 851
compute initial stop until 6485
current timestep 28
num of flexible agents: 10056
num of flexible tasks: 18056
Solving time: 0.116182 seconds
plan limit 854
compute initial stop until 6552
current timestep 29
num of flexible agents: 9891
num of flexible tasks: 17891
Solving time: 0.12156 seconds
plan limit 848
compute initial stop until 6781
current timestep 30
num of flexible agents: 9749
num of flexible tasks: 17749
Solving time: 0.115404 seconds
plan limit 853
compute initial stop until 6793
current timestep 31
num of flexible agents: 9603
num of flexible tasks: 17603
Solving time: 0.115096 seconds
plan limit 854
compute initial stop until 6969
current timestep 32
num of flexible agents: 9453
num of flexible tasks: 17453
Solving time: 0.112059 seconds
plan limit 857
compute initial stop until 7032
current timestep 33
num of flexible agents: 9334
num of flexible tasks: 17334
Solving time: 0.108764 seconds
plan limit 861
compute initial stop until 7253
current timestep 34
num of flexible agents: 9185
num of flexible tasks: 17185
Solving time: 0.108529 seconds
plan limit 860
compute initial stop until 7307
current timestep 35
num of flexible agents: 9051
num of flexible tasks: 17051
Solving time: 0.106943 seconds
plan limit 862
compute initial stop until 7421
current timestep 36
num of flexible agents: 8925
num of flexible tasks: 16925
Solving time: 0.110067 seconds
plan limit 859
compute initial stop until 7583
current timestep 37
num of flexible agents: 8788
num of flexible tasks: 16788
Solving time: 0.103477 seconds
plan limit 866
compute initial stop until 7719
current timestep 38
num of flexible agents: 8669
num of flexible tasks: 16669
Solving time: 0.112416 seconds
plan limit 856
compute initial stop until 7855
current timestep 39
num of flexible agents: 8570
num of flexible tasks: 16570
Solving time: 0.101474 seconds
plan limit 868
compute initial stop until 8002
current timestep 40
num of flexible agents: 8447
num of flexible tasks: 16447
Solving time: 0.113223 seconds
plan limit 856
compute initial stop until 8121
current timestep 41
num of flexible agents: 8337
num of flexible tasks: 16337
Solving time: 0.106477 seconds
plan limit 862
compute initial stop until 8259
current timestep 42
num of flexible agents: 8223
num of flexible tasks: 16223
Solving time: 0.103546 seconds
plan limit 864
compute initial stop until 8388
current timestep 43
num of flexible agents: 8117
num of flexible tasks: 16117
Solving time: 0.100013 seconds
plan limit 869
compute initial stop until 8490
current timestep 44
num of flexible agents: 8008
num of flexible tasks: 16008
Solving time: 0.10151 seconds
plan limit 866
compute initial stop until 8651
current timestep 45
num of flexible agents: 7910
num of flexible tasks: 15910
Solving time: 0.101976 seconds
plan limit 866
compute initial stop until 8794
current timestep 46
num of flexible agents: 7812
num of flexible tasks: 15812
Solving time: 0.109779 seconds
plan limit 857
compute initial stop until 8896
current timestep 47
num of flexible agents: 7719
num of flexible tasks: 15719
Solving time: 0.0979842 seconds
plan limit 870
compute initial stop until 9019
current timestep 48
num of flexible agents: 7615
num of flexible tasks: 15615
Solving time: 0.0949065 seconds
plan limit 873
compute initial stop until 9105
current timestep 49
num of flexible agents: 7515
num of flexible tasks: 15515
Solving time: 0.101631 seconds
plan limit 865
compute initial stop until 9191
current timestep 50
num of flexible agents: 7428
num of flexible tasks: 15428
Solving time: 0.104783 seconds
plan limit 863
compute initial stop until 9333
current timestep 51
num of flexible agents: 7327
num of flexible tasks: 15327
Solving time: 0.101144 seconds
plan limit 866
compute initial stop until 9471
current timestep 52
num of flexible agents: 7234
num of flexible tasks: 15234
Solving time: 0.0936083 seconds
plan limit 873
compute initial stop until 9578
current timestep 53
num of flexible agents: 7160
num of flexible tasks: 15160
Solving time: 0.100335 seconds
plan limit 867
compute initial stop until 9737
current timestep 54
num of flexible agents: 7072
num of flexible tasks: 15072
Solving time: 0.0886488 seconds
plan limit 878
compute initial stop until 9839
current timestep 55
num of flexible agents: 6994
num of flexible tasks: 14994
Solving time: 0.0992064 seconds
plan limit 867
compute initial stop until 9976
current timestep 56
num of flexible agents: 6917
num of flexible tasks: 14917
Solving time: 0.0937018 seconds
plan limit 873
compute initial stop until 10075
current timestep 57
num of flexible agents: 6848
num of flexible tasks: 14848
Solving time: 0.0914134 seconds
plan limit 875
compute initial stop until 10255
current timestep 58
num of flexible agents: 6765
num of flexible tasks: 14765
Solving time: 0.0844736 seconds
plan limit 882
compute initial stop until 10382
current timestep 59
num of flexible agents: 6686
num of flexible tasks: 14686
Solving time: 0.0757134 seconds
plan limit 891
compute initial stop until 10546
current timestep 60
num of flexible agents: 6622
num of flexible tasks: 14622
Solving time: 0.0868592 seconds
plan limit 878
compute initial stop until 10696
current timestep 61
num of flexible agents: 6552
num of flexible tasks: 14552
Solving time: 0.0906907 seconds
plan limit 875
compute initial stop until 10812
current timestep 62
num of flexible agents: 6475
num of flexible tasks: 14475
Solving time: 0.0926186 seconds
plan limit 873
compute initial stop until 10928
current timestep 63
num of flexible agents: 6405
num of flexible tasks: 14405
Solving time: 0.0899904 seconds
plan limit 876
compute initial stop until 11068
current timestep 64
num of flexible agents: 6329
num of flexible tasks: 14329
Solving time: 0.0933826 seconds
plan limit 872
compute initial stop until 11179
current timestep 65
num of flexible agents: 6259
num of flexible tasks: 14259
Solving time: 0.091442 seconds
plan limit 874
compute initial stop until 11336
current timestep 66
num of flexible agents: 6193
num of flexible tasks: 14193
Solving time: 0.095919 seconds
plan limit 869
compute initial stop until 11440
current timestep 67
num of flexible agents: 6131
num of flexible tasks: 14131
Solving time: 0.0944807 seconds
plan limit 871
compute initial stop until 11577
current timestep 68
num of flexible agents: 6083
num of flexible tasks: 14083
Solving time: 0.10404 seconds
plan limit 861
compute initial stop until 11719
current timestep 69
num of flexible agents: 6020
num of flexible tasks: 14020
Solving time: 0.0947953 seconds
plan limit 870
compute initial stop until 11867
current timestep 70
num of flexible agents: 5955
num of flexible tasks: 13955
Solving time: 0.101034 seconds
plan limit 864
compute initial stop until 11966
current timestep 71
num of flexible agents: 5902
num of flexible tasks: 13902
Solving time: 0.10408 seconds
plan limit 860
compute initial stop until 12082
current timestep 72
num of flexible agents: 5835
num of flexible tasks: 13835
Solving time: 0.102998 seconds
plan limit 862
compute initial stop until 12189
current timestep 73
num of flexible agents: 5789
num of flexible tasks: 13789
Solving time: 0.0995088 seconds
plan limit 865
compute initial stop until 12361
current timestep 74
num of flexible agents: 5733
num of flexible tasks: 13733
Solving time: 0.0888972 seconds
plan limit 874
compute initial stop until 12473
current timestep 75
num of flexible agents: 5686
num of flexible tasks: 13686
Solving time: 0.0982592 seconds
plan limit 866
compute initial stop until 12631
current timestep 76
num of flexible agents: 5623
num of flexible tasks: 13623
Solving time: 0.0921234 seconds
plan limit 871
compute initial stop until 12769
current timestep 77
num of flexible agents: 5571
num of flexible tasks: 13571
Solving time: 0.0962354 seconds
plan limit 868
compute initial stop until 12839
current timestep 78
num of flexible agents: 5516
num of flexible tasks: 13516
Solving time: 0.0983794 seconds
plan limit 865
compute initial stop until 13008
current timestep 79
num of flexible agents: 5441
num of flexible tasks: 13441
Solving time: 0.0976722 seconds
plan limit 866
compute initial stop until 13051
current timestep 80
num of flexible agents: 5383
num of flexible tasks: 13383
Solving time: 0.0943082 seconds
plan limit 869
compute initial stop until 13177
current timestep 81
num of flexible agents: 5339
num of flexible tasks: 13339
Solving time: 0.0944932 seconds
plan limit 869
compute initial stop until 13303
current timestep 82
num of flexible agents: 5289
num of flexible tasks: 13289
Solving time: 0.0930871 seconds
plan limit 871
compute initial stop until 13419
current timestep 83
num of flexible agents: 5243
num of flexible tasks: 13243
Solving time: 0.0980328 seconds
plan limit 865
compute initial stop until 13560
current timestep 84
num of flexible agents: 5196
num of flexible tasks: 13196
Solving time: 0.10285 seconds
plan limit 860
compute initial stop until 13705
current timestep 85
num of flexible agents: 5146
num of flexible tasks: 13146
Solving time: 0.0982322 seconds
plan limit 865
compute initial stop until 13822
current timestep 86
num of flexible agents: 5106
num of flexible tasks: 13106
Solving time: 0.0925977 seconds
plan limit 870
compute initial stop until 13967
current timestep 87
num of flexible agents: 5059
num of flexible tasks: 13059
Solving time: 0.0949696 seconds
plan limit 868
compute initial stop until 14091
current timestep 88
num of flexible agents: 5021
num of flexible tasks: 13021
Solving time: 0.0969094 seconds
plan limit 866
compute initial stop until 14221
current timestep 89
num of flexible agents: 4977
num of flexible tasks: 12977
Solving time: 0.0974941 seconds
plan limit 865
compute initial stop until 14348
current timestep 90
num of flexible agents: 4929
num of flexible tasks: 12929
Solving time: 0.0947139 seconds
plan limit 869
compute initial stop until 14513
current timestep 91
num of flexible agents: 4882
num of flexible tasks: 12882
Solving time: 0.0974958 seconds
plan limit 865
compute initial stop until 14631
current timestep 92
num of flexible agents: 4841
num of flexible tasks: 12841
Solving time: 0.0960966 seconds
plan limit 866
compute initial stop until 14762
current timestep 93
num of flexible agents: 4800
num of flexible tasks: 12800
Solving time: 0.101736 seconds
plan limit 860
compute initial stop until 14876
current timestep 94
num of flexible agents: 4754
num of flexible tasks: 12754
Solving time: 0.0945923 seconds
plan limit 868
compute initial stop until 14992
current timestep 95
num of flexible agents: 4711
num of flexible tasks: 12711
Solving time: 0.0993067 seconds
plan limit 862
compute initial stop until 15100
current timestep 96
num of flexible agents: 4679
num of flexible tasks: 12679
Solving time: 0.0961542 seconds
plan limit 865
compute initial stop until 15185
current timestep 97
num of flexible agents: 4640
num of flexible tasks: 12640
Solving time: 0.10188 seconds
plan limit 860
compute initial stop until 15287
current timestep 98
num of flexible agents: 4600
num of flexible tasks: 12600
Solving time: 0.0917893 seconds
plan limit 870
compute initial stop until 15387
current timestep 99
num of flexible agents: 4566
num of flexible tasks: 12566
Solving time: 0.0950087 seconds
plan limit 866
compute initial stop until 15479
current timestep 100
num of flexible agents: 4542
num of flexible tasks: 12542
Solving time: 0.095005 seconds
plan limit 867
compute initial stop until 15692
current timestep 101
num of flexible agents: 4513
num of flexible tasks: 12513
Solving time: 0.0890467 seconds
plan limit 864
compute initial stop until 15900
current timestep 102
num of flexible agents: 4490
num of flexible tasks: 12490
Solving time: 0.0897056 seconds
plan limit 867
current timestep 103
num of flexible agents: 4458
num of flexible tasks: 12458
Solving time: 0.093782 seconds
plan limit 863
current timestep 104
num of flexible agents: 4414
num of flexible tasks: 12414
Solving time: 0.0882692 seconds
plan limit 868
current timestep 105
num of flexible agents: 4381
num of flexible tasks: 12381
Solving time: 0.0883185 seconds
plan limit 868
current timestep 106
num of flexible agents: 4344
num of flexible tasks: 12344
Solving time: 0.0873356 seconds
plan limit 870
current timestep 107
num of flexible agents: 4319
num of flexible tasks: 12319
Solving time: 0.0872821 seconds
plan limit 866
current timestep 108
num of flexible agents: 4293
num of flexible tasks: 12293
Solving time: 0.0902077 seconds
plan limit 862
current timestep 109
num of flexible agents: 4276
num of flexible tasks: 12276
Solving time: 0.0882413 seconds
plan limit 868
current timestep 110
num of flexible agents: 4245
num of flexible tasks: 12245
Solving time: 0.0931804 seconds
plan limit 860
current timestep 111
num of flexible agents: 4220
num of flexible tasks: 12220
Solving time: 0.0881415 seconds
plan limit 865
current timestep 112
num of flexible agents: 4183
num of flexible tasks: 12183
Solving time: 0.0942419 seconds
plan limit 862
current timestep 113
num of flexible agents: 4148
num of flexible tasks: 12148
Solving time: 0.0865796 seconds
plan limit 867
current timestep 114
num of flexible agents: 4119
num of flexible tasks: 12119
Solving time: 0.0945484 seconds
plan limit 856
current timestep 115
num of flexible agents: 4104
num of flexible tasks: 12104
Solving time: 0.0910472 seconds
plan limit 862
current timestep 116
num of flexible agents: 4069
num of flexible tasks: 12069
Solving time: 0.0905164 seconds
plan limit 860
current timestep 117
num of flexible agents: 4045
num of flexible tasks: 12045
Solving time: 0.0906359 seconds
plan limit 862
current timestep 118
num of flexible agents: 4013
num of flexible tasks: 12013
Solving time: 0.0899097 seconds
plan limit 863
current timestep 119
num of flexible agents: 3985
num of flexible tasks: 11985
Solving time: 0.0889943 seconds
plan limit 863
current timestep 120
num of flexible agents: 3956
num of flexible tasks: 11956
Solving time: 0.0879514 seconds
plan limit 865
current timestep 121
num of flexible agents: 3924
num of flexible tasks: 11924
Solving time: 0.091079 seconds
plan limit 861
current timestep 122
num of flexible agents: 3896
num of flexible tasks: 11896
Solving time: 0.0867622 seconds
plan limit 865
current timestep 123
num of flexible agents: 3884
num of flexible tasks: 11884
Solving time: 0.0899482 seconds
plan limit 866
current timestep 124
num of flexible agents: 3860
num of flexible tasks: 11860
Solving time: 0.0895386 seconds
plan limit 861
current timestep 125
num of flexible agents: 3835
num of flexible tasks: 11835
Solving time: 0.0931904 seconds
plan limit 858
current timestep 126
num of flexible agents: 3801
num of flexible tasks: 11801
Solving time: 0.0949889 seconds
plan limit 857
current timestep 127
num of flexible agents: 3787
num of flexible tasks: 11787
Solving time: 0.0933541 seconds
plan limit 859
current timestep 128
num of flexible agents: 3772
num of flexible tasks: 11772
Solving time: 0.0890623 seconds
plan limit 863
current timestep 129
num of flexible agents: 3751
num of flexible tasks: 11751
Solving time: 0.0964073 seconds
plan limit 859
current timestep 130
num of flexible agents: 3712
num of flexible tasks: 11712
Solving time: 0.0906136 seconds
plan limit 862
current timestep 131
num of flexible agents: 3683
num of flexible tasks: 11683
Solving time: 0.0971223 seconds
plan limit 853
current timestep 132
num of flexible agents: 3677
num of flexible tasks: 11677
Solving time: 0.0961489 seconds
plan limit 859
current timestep 133
num of flexible agents: 3644
num of flexible tasks: 11644
Solving time: 0.10268 seconds
plan limit 845
current timestep 134
num of flexible agents: 3625
num of flexible tasks: 11625
Solving time: 0.095288 seconds
plan limit 859
current timestep 135
num of flexible agents: 3623
num of flexible tasks: 11623
Solving time: 0.089595 seconds
plan limit 862
current timestep 136
num of flexible agents: 3608
num of flexible tasks: 11608
Solving time: 0.0906083 seconds
plan limit 860
current timestep 137
num of flexible agents: 3603
num of flexible tasks: 11603
Solving time: 0.0896662 seconds
plan limit 862
current timestep 138
num of flexible agents: 3595
num of flexible tasks: 11595
Solving time: 0.0875579 seconds
plan limit 867
current timestep 139
num of flexible agents: 3573
num of flexible tasks: 11573
Solving time: 0.0886028 seconds
plan limit 863
current timestep 140
num of flexible agents: 3571
num of flexible tasks: 11571
Solving time: 0.0903574 seconds
plan limit 861
current timestep 141
num of flexible agents: 3571
num of flexible tasks: 11571
Solving time: 0.0913117 seconds
plan limit 859
current timestep 142
num of flexible agents: 3559
num of flexible tasks: 11559
Solving time: 0.0948568 seconds
plan limit 856
current timestep 143
num of flexible agents: 3552
num of flexible tasks: 11552
Solving time: 0.0885928 seconds
plan limit 862
current timestep 144
num of flexible agents: 3557
num of flexible tasks: 11557
Solving time: 0.0903291 seconds
plan limit 860
current timestep 145
num of flexible agents: 3543
num of flexible tasks: 11543
Solving time: 0.0899029 seconds
plan limit 860
current timestep 146
num of flexible agents: 3536
num of flexible tasks: 11536
Solving time: 0.0967064 seconds
plan limit 853
current timestep 147
num of flexible agents: 3546
num of flexible tasks: 11546
Solving time: 0.0906405 seconds
plan limit 859
current timestep 148
num of flexible agents: 3532
num of flexible tasks: 11532
Solving time: 0.102636 seconds
plan limit 850
current timestep 149
num of flexible agents: 3525
num of flexible tasks: 11525
Solving time: 0.0939439 seconds
plan limit 856
current timestep 150
num of flexible agents: 3490
num of flexible tasks: 11490
Solving time: 0.0986377 seconds
plan limit 848
current timestep 151
num of flexible agents: 3486
num of flexible tasks: 11486
Solving time: 0.0896015 seconds
plan limit 861
current timestep 152
num of flexible agents: 3466
num of flexible tasks: 11466
Solving time: 0.089974 seconds
plan limit 861
current timestep 153
num of flexible agents: 3462
num of flexible tasks: 11462
Solving time: 0.0899462 seconds
plan limit 860
current timestep 154
num of flexible agents: 3457
num of flexible tasks: 11457
Solving time: 0.0887999 seconds
plan limit 862
current timestep 155
num of flexible agents: 3456
num of flexible tasks: 11456
Solving time: 0.0889025 seconds
plan limit 860
current timestep 156
num of flexible agents: 3441
num of flexible tasks: 11441
Solving time: 0.0871134 seconds
plan limit 863
current timestep 157
num of flexible agents: 3431
num of flexible tasks: 11431
Solving time: 0.089735 seconds
plan limit 860
current timestep 158
num of flexible agents: 3420
num of flexible tasks: 11420
Solving time: 0.0936903 seconds
plan limit 860
current timestep 159
num of flexible agents: 3419
num of flexible tasks: 11419
Solving time: 0.0902783 seconds
plan limit 860
current timestep 160
num of flexible agents: 3415
num of flexible tasks: 11415
Solving time: 0.0899952 seconds
plan limit 860
current timestep 161
num of flexible agents: 3413
num of flexible tasks: 11413
Solving time: 0.0936248 seconds
plan limit 854
current timestep 162
num of flexible agents: 3397
num of flexible tasks: 11397
Solving time: 0.0912069 seconds
plan limit 862
current timestep 163
num of flexible agents: 3389
num of flexible tasks: 11389
Solving time: 0.0960688 seconds
plan limit 853
current timestep 164
num of flexible agents: 3379
num of flexible tasks: 11379
Solving time: 0.0897751 seconds
plan limit 860
current timestep 165
num of flexible agents: 3367
num of flexible tasks: 11367
Solving time: 0.0997523 seconds
plan limit 853
current timestep 166
num of flexible agents: 3351
num of flexible tasks: 11351
Solving time: 0.0878311 seconds
plan limit 862
current timestep 167
num of flexible agents: 3349
num of flexible tasks: 11349
Solving time: 0.0958772 seconds
plan limit 853
current timestep 168
num of flexible agents: 3355
num of flexible tasks: 11355
Solving time: 0.0881146 seconds
plan limit 862
current timestep 169
num of flexible agents: 3369
num of flexible tasks: 11369
Solving time: 0.0943354 seconds
plan limit 851
current timestep 170
num of flexible agents: 3360
num of flexible tasks: 11360
Solving time: 0.0899534 seconds
plan limit 858
current timestep 171
num of flexible agents: 3362
num of flexible tasks: 11362
Solving time: 0.0916253 seconds
plan limit 856
current timestep 172
num of flexible agents: 3359
num of flexible tasks: 11359
Solving time: 0.0921891 seconds
plan limit 854
current timestep 173
num of flexible agents: 3355
num of flexible tasks: 11355
Solving time: 0.0888869 seconds
plan limit 861
current timestep 174
num of flexible agents: 3349
num of flexible tasks: 11349
Solving time: 0.0888633 seconds
plan limit 860
current timestep 175
num of flexible agents: 3347
num of flexible tasks: 11347
Solving time: 0.0893197 seconds
plan limit 861
current timestep 176
num of flexible agents: 3348
num of flexible tasks: 11348
Solving time: 0.0897802 seconds
plan limit 859
current timestep 177
num of flexible agents: 3353
num of flexible tasks: 11353
Solving time: 0.088169 seconds
plan limit 861
current timestep 178
num of flexible agents: 3363
num of flexible tasks: 11363
Solving time: 0.0877946 seconds
plan limit 861
current timestep 179
num of flexible agents: 3355
num of flexible tasks: 11355
Solving time: 0.091154 seconds
plan limit 857
current timestep 180
num of flexible agents: 3351
num of flexible tasks: 11351
Solving time: 0.093819 seconds
plan limit 854
current timestep 181
num of flexible agents: 3340
num of flexible tasks: 11340
Solving time: 0.0907676 seconds
plan limit 858
current timestep 182
num of flexible agents: 3323
num of flexible tasks: 11323
Solving time: 0.0973181 seconds
plan limit 852
current timestep 183
num of flexible agents: 3313
num of flexible tasks: 11313
Solving time: 0.0906532 seconds
plan limit 857
current timestep 184
num of flexible agents: 3300
num of flexible tasks: 11300
Solving time: 0.0992645 seconds
plan limit 849
current timestep 185
num of flexible agents: 3304
num of flexible tasks: 11304
Solving time: 0.0906751 seconds
plan limit 858
current timestep 186
num of flexible agents: 3307
num of flexible tasks: 11307
Solving time: 0.0919681 seconds
plan limit 853
current timestep 187
num of flexible agents: 3307
num of flexible tasks: 11307
Solving time: 0.0915707 seconds
plan limit 857
current timestep 188
num of flexible agents: 3294
num of flexible tasks: 11294
Solving time: 0.0980967 seconds
plan limit 847
current timestep 189
num of flexible agents: 3310
num of flexible tasks: 11310
Solving time: 0.0926696 seconds
plan limit 856
current timestep 190
num of flexible agents: 3305
num of flexible tasks: 11305
Solving time: 0.0920151 seconds
plan limit 856
current timestep 191
num of flexible agents: 3308
num of flexible tasks: 11308
Solving time: 0.09126 seconds
plan limit 857
current timestep 192
num of flexible agents: 3295
num of flexible tasks: 11295
Solving time: 0.0911779 seconds
plan limit 861
current timestep 193
num of flexible agents: 3290
num of flexible tasks: 11290
Solving time: 0.0942875 seconds
plan limit 857
current timestep 194
num of flexible agents: 3291
num of flexible tasks: 11291
Solving time: 0.0929592 seconds
plan limit 859
current timestep 195
num of flexible agents: 3276
num of flexible tasks: 11276
Solving time: 0.0938507 seconds
plan limit 856
current timestep 196
num of flexible agents: 3285
num of flexible tasks: 11285
Solving time: 0.0981971 seconds
plan limit 854
current timestep 197
num of flexible agents: 3284
num of flexible tasks: 11284
Solving time: 0.0992462 seconds
plan limit 851
current timestep 198
num of flexible agents: 3287
num of flexible tasks: 11287
Solving time: 0.0943999 seconds
plan limit 854
current timestep 199
num of flexible agents: 3285
num of flexible tasks: 11285
Solving time: 0.100859 seconds
plan limit 851
current timestep 200
num of flexible agents: 3287
num of flexible tasks: 11287
Solving time: 0.0907055 seconds
plan limit 861
current timestep 201
num of flexible agents: 3282
num of flexible tasks: 11282
Solving time: 0.0992445 seconds
plan limit 851
current timestep 202
num of flexible agents: 3286
num of flexible tasks: 11286
Solving time: 0.0913026 seconds
plan limit 861
current timestep 203
num of flexible agents: 3290
num of flexible tasks: 11290
Solving time: 0.0973813 seconds
plan limit 853
current timestep 204
num of flexible agents: 3288
num of flexible tasks: 11288
Solving time: 0.0933794 seconds
plan limit 854
current timestep 205
num of flexible agents: 3290
num of flexible tasks: 11290
Solving time: 0.0939324 seconds
plan limit 857
current timestep 206
num of flexible agents: 3294
num of flexible tasks: 11294
Solving time: 0.0910161 seconds
plan limit 861
current timestep 207
num of flexible agents: 3285
num of flexible tasks: 11285
Solving time: 0.102628 seconds
plan limit 849
current timestep 208
num of flexible agents: 3281
num of flexible tasks: 11281
Solving time: 0.0967847 seconds
plan limit 850
current timestep 209
num of flexible agents: 3275
num of flexible tasks: 11275
Solving time: 0.0938968 seconds
plan limit 857
current timestep 210
num of flexible agents: 3286
num of flexible tasks: 11286
Solving time: 0.0935814 seconds
plan limit 856
current timestep 211
num of flexible agents: 3284
num of flexible tasks: 11284
Solving time: 0.0929943 seconds
plan limit 859
current timestep 212
num of flexible agents: 3300
num of flexible tasks: 11300
Solving time: 0.0995238 seconds
plan limit 851
current timestep 213
num of flexible agents: 3295
num of flexible tasks: 11295
Solving time: 0.0945673 seconds
plan limit 856
current timestep 214
num of flexible agents: 3284
num of flexible tasks: 11284
Solving time: 0.103105 seconds
plan limit 848
current timestep 215
num of flexible agents: 3276
num of flexible tasks: 11276
Solving time: 0.0986212 seconds
plan limit 849
current timestep 216
num of flexible agents: 3267
num of flexible tasks: 11267
Solving time: 0.100591 seconds
plan limit 843
current timestep 217
num of flexible agents: 3249
num of flexible tasks: 11249
Solving time: 0.0977911 seconds
plan limit 849
current timestep 218
num of flexible agents: 3258
num of flexible tasks: 11258
Solving time: 0.0968851 seconds
plan limit 853
current timestep 219
num of flexible agents: 3270
num of flexible tasks: 11270
Solving time: 0.0962868 seconds
plan limit 851
current timestep 220
num of flexible agents: 3282
num of flexible tasks: 11282
Solving time: 0.0955574 seconds
plan limit 851
current timestep 221
num of flexible agents: 3280
num of flexible tasks: 11280
Solving time: 0.0956031 seconds
plan limit 851
current timestep 222
num of flexible agents: 3279
num of flexible tasks: 11279
Solving time: 0.0952813 seconds
plan limit 852
current timestep 223
num of flexible agents: 3285
num of flexible tasks: 11285
Solving time: 0.0958628 seconds
plan limit 856
current timestep 224
num of flexible agents: 3285
num of flexible tasks: 11285
Solving time: 0.0934093 seconds
plan limit 854
current timestep 225
num of flexible agents: 3291
num of flexible tasks: 11291
Solving time: 0.0911468 seconds
plan limit 854
current timestep 226
num of flexible agents: 3282
num of flexible tasks: 11282
Solving time: 0.0924091 seconds
plan limit 854
current timestep 227
num of flexible agents: 3276
num of flexible tasks: 11276
Solving time: 0.0946108 seconds
plan limit 852
current timestep 228
num of flexible agents: 3294
num of flexible tasks: 11294
Solving time: 0.0912647 seconds
plan limit 855
current timestep 229
num of flexible agents: 3294
num of flexible tasks: 11294
Solving time: 0.101673 seconds
plan limit 844
current timestep 230
num of flexible agents: 3294
num of flexible tasks: 11294
Solving time: 0.0964272 seconds
plan limit 851
current timestep 231
num of flexible agents: 3301
num of flexible tasks: 11301
Solving time: 0.102219 seconds
plan limit 844
current timestep 232
num of flexible agents: 3316
num of flexible tasks: 11316
Solving time: 0.0980896 seconds
plan limit 852
current timestep 233
num of flexible agents: 3317
num of flexible tasks: 11317
Solving time: 0.0965441 seconds
plan limit 846
current timestep 234
num of flexible agents: 3330
num of flexible tasks: 11330
Solving time: 0.093748 seconds
plan limit 852
current timestep 235
num of flexible agents: 3328
num of flexible tasks: 11328
Solving time: 0.0939624 seconds
plan limit 850
current timestep 236
num of flexible agents: 3336
num of flexible tasks: 11336
Solving time: 0.0937854 seconds
plan limit 853
current timestep 237
num of flexible agents: 3327
num of flexible tasks: 11327
Solving time: 0.09528 seconds
plan limit 851
current timestep 238
num of flexible agents: 3334
num of flexible tasks: 11334
Solving time: 0.0937591 seconds
plan limit 852
current timestep 239
num of flexible agents: 3327
num of flexible tasks: 11327
Solving time: 0.0961364 seconds
plan limit 855
current timestep 240
num of flexible agents: 3315
num of flexible tasks: 11315
Solving time: 0.0950097 seconds
plan limit 855
current timestep 241
num of flexible agents: 3326
num of flexible tasks: 11326
Solving time: 0.0919821 seconds
plan limit 853
current timestep 242
num of flexible agents: 3329
num of flexible tasks: 11329
Solving time: 0.0973757 seconds
plan limit 848
current timestep 243
num of flexible agents: 3328
num of flexible tasks: 11328
Solving time: 0.091727 seconds
plan limit 854
current timestep 244
num of flexible agents: 3327
num of flexible tasks: 11327
Solving time: 0.101569 seconds
plan limit 848
current timestep 245
num of flexible agents: 3328
num of flexible tasks: 11328
Solving time: 0.0947924 seconds
plan limit 855
current timestep 246
num of flexible agents: 3345
num of flexible tasks: 11345
Solving time: 0.101026 seconds
plan limit 843
current timestep 247
num of flexible agents: 3336
num of flexible tasks: 11336
Solving time: 0.0920622 seconds
plan limit 854
current timestep 248
num of flexible agents: 3342
num of flexible tasks: 11342
Solving time: 0.093866 seconds
plan limit 854
current timestep 249
num of flexible agents: 3338
num of flexible tasks: 11338
Solving time: 0.0926717 seconds
plan limit 853
current timestep 250
num of flexible agents: 3333
num of flexible tasks: 11333
Solving time: 0.0958049 seconds
plan limit 852
current timestep 251
num of flexible agents: 3342
num of flexible tasks: 11342
Solving time: 0.0942024 seconds
plan limit 855
current timestep 252
num of flexible agents: 3343
num of flexible tasks: 11343
Solving time: 0.0949091 seconds
plan limit 851
current timestep 253
num of flexible agents: 3335
num of flexible tasks: 11335
Solving time: 0.0915172 seconds
plan limit 854
current timestep 254
num of flexible agents: 3336
num of flexible tasks: 11336
Solving time: 0.093747 seconds
plan limit 852
current timestep 255
num of flexible agents: 3340
num of flexible tasks: 11340
Solving time: 0.096614 seconds
plan limit 845
current timestep 256
num of flexible agents: 3346
num of flexible tasks: 11346
Solving time: 0.0965018 seconds
plan limit 854
current timestep 257
num of flexible agents: 3350
num of flexible tasks: 11350
Solving time: 0.0969141 seconds
plan limit 848
current timestep 258
num of flexible agents: 3351
num of flexible tasks: 11351
Solving time: 0.0958959 seconds
plan limit 854
current timestep 259
num of flexible agents: 3370
num of flexible tasks: 11370
Solving time: 0.104644 seconds
plan limit 840
current timestep 260
num of flexible agents: 3364
num of flexible tasks: 11364
Solving time: 0.0975235 seconds
plan limit 846
current timestep 261
num of flexible agents: 3369
num of flexible tasks: 11369
Solving time: 0.10082 seconds
plan limit 847
current timestep 262
num of flexible agents: 3366
num of flexible tasks: 11366
Solving time: 0.097032 seconds
plan limit 852
current timestep 263
num of flexible agents: 3375
num of flexible tasks: 11375
Solving time: 0.0958615 seconds
plan limit 848
current timestep 264
num of flexible agents: 3376
num of flexible tasks: 11376
Solving time: 0.0967237 seconds
plan limit 848
current timestep 265
num of flexible agents: 3397
num of flexible tasks: 11397
Solving time: 0.098995 seconds
plan limit 844
current timestep 266
num of flexible agents: 3397
num of flexible tasks: 11397
Solving time: 0.100449 seconds
plan limit 845
current timestep 267
num of flexible agents: 3395
num of flexible tasks: 11395
Solving time: 0.0973437 seconds
plan limit 848
current timestep 268
num of flexible agents: 3394
num of flexible tasks: 11394
Solving time: 0.096434 seconds
plan limit 848
current timestep 269
num of flexible agents: 3401
num of flexible tasks: 11401
Solving time: 0.0954206 seconds
plan limit 850
current timestep 270
num of flexible agents: 3383
num of flexible tasks: 11383
Solving time: 0.106406 seconds
plan limit 836
current timestep 271
num of flexible agents: 3376
num of flexible tasks: 11376
Solving time: 0.0956067 seconds
plan limit 849
current timestep 272
num of flexible agents: 3368
num of flexible tasks: 11368
Solving time: 0.101461 seconds
plan limit 848
current timestep 273
num of flexible agents: 3363
num of flexible tasks: 11363
Solving time: 0.0961497 seconds
plan limit 849
current timestep 274
num of flexible agents: 3376
num of flexible tasks: 11376
Solving time: 0.100353 seconds
plan limit 844
current timestep 275
num of flexible agents: 3382
num of flexible tasks: 11382
Solving time: 0.104755 seconds
plan limit 840
current timestep 276
num of flexible agents: 3383
num of flexible tasks: 11383
Solving time: 0.0994075 seconds
plan limit 848
current timestep 277
num of flexible agents: 3397
num of flexible tasks: 11397
Solving time: 0.0985427 seconds
plan limit 852
current timestep 278
num of flexible agents: 3412
num of flexible tasks: 11412
Solving time: 0.105315 seconds
plan limit 837
current timestep 279
num of flexible agents: 3419
num of flexible tasks: 11419
Solving time: 0.0974779 seconds
plan limit 852
current timestep 280
num of flexible agents: 3418
num of flexible tasks: 11418
Solving time: 0.105888 seconds
plan limit 837
current timestep 281
num of flexible agents: 3418
num of flexible tasks: 11418
Solving time: 0.0956671 seconds
plan limit 848
current timestep 282
num of flexible agents: 3423
num of flexible tasks: 11423
Solving time: 0.0955467 seconds
plan limit 854
current timestep 283
num of flexible agents: 3423
num of flexible tasks: 11423
Solving time: 0.0999617 seconds
plan limit 842
current timestep 284
num of flexible agents: 3439
num of flexible tasks: 11439
Solving time: 0.0992796 seconds
plan limit 851
current timestep 285
num of flexible agents: 3460
num of flexible tasks: 11460
Solving time: 0.106357 seconds
plan limit 840
current timestep 286
num of flexible agents: 3467
num of flexible tasks: 11467
Solving time: 0.100325 seconds
plan limit 844
current timestep 287
num of flexible agents: 3478
num of flexible tasks: 11478
Solving time: 0.105445 seconds
plan limit 840
current timestep 288
num of flexible agents: 3484
num of flexible tasks: 11484
Solving time: 0.102093 seconds
plan limit 841
current timestep 289
num of flexible agents: 3488
num of flexible tasks: 11488
Solving time: 0.0996376 seconds
plan limit 841
current timestep 290
num of flexible agents: 3489
num of flexible tasks: 11489
Solving time: 0.0966054 seconds
plan limit 848
current timestep 291
num of flexible agents: 3494
num of flexible tasks: 11494
Solving time: 0.100279 seconds
plan limit 843
current timestep 292
num of flexible agents: 3503
num of flexible tasks: 11503
Solving time: 0.0960646 seconds
plan limit 849
current timestep 293
num of flexible agents: 3524
num of flexible tasks: 11524
Solving time: 0.0989889 seconds
plan limit 846
current timestep 294
num of flexible agents: 3527
num of flexible tasks: 11527
Solving time: 0.0969335 seconds
plan limit 853
current timestep 295
num of flexible agents: 3523
num of flexible tasks: 11523
Solving time: 0.103859 seconds
plan limit 845
current timestep 296
num of flexible agents: 3517
num of flexible tasks: 11517
Solving time: 0.10173 seconds
plan limit 840
current timestep 297
num of flexible agents: 3520
num of flexible tasks: 11520
Solving time: 0.0981468 seconds
plan limit 846
current timestep 298
num of flexible agents: 3529
num of flexible tasks: 11529
Solving time: 0.107676 seconds
plan limit 841
current timestep 299
num of flexible agents: 3543
num of flexible tasks: 11543
Solving time: 0.0971324 seconds
plan limit 852
current timestep 300
num of flexible agents: 3542
num of flexible tasks: 11542
Solving time: 0.105328 seconds
plan limit 843
current timestep 301
num of flexible agents: 3535
num of flexible tasks: 11535
Solving time: 0.0980679 seconds
plan limit 850
current timestep 302
num of flexible agents: 3525
num of flexible tasks: 11525
Solving time: 0.100594 seconds
plan limit 846
current timestep 303
num of flexible agents: 3532
num of flexible tasks: 11532
Solving time: 0.0970561 seconds
plan limit 853
current timestep 304
num of flexible agents: 3532
num of flexible tasks: 11532
Solving time: 0.0993069 seconds
plan limit 845
current timestep 305
num of flexible agents: 3545
num of flexible tasks: 11545
Solving time: 0.0990382 seconds
plan limit 845
current timestep 306
num of flexible agents: 3553
num of flexible tasks: 11553
Solving time: 0.0983507 seconds
plan limit 844
current timestep 307
num of flexible agents: 3544
num of flexible tasks: 11544
Solving time: 0.0976548 seconds
plan limit 846
current timestep 308
num of flexible agents: 3555
num of flexible tasks: 11555
Solving time: 0.0981025 seconds
plan limit 845
current timestep 309
num of flexible agents: 3574
num of flexible tasks: 11574
Solving time: 0.101484 seconds
plan limit 839
current timestep 310
num of flexible agents: 3588
num of flexible tasks: 11588
Solving time: 0.0985083 seconds
plan limit 845
current timestep 311
num of flexible agents: 3601
num of flexible tasks: 11601
Solving time: 0.105991 seconds
plan limit 837
current timestep 312
num of flexible agents: 3604
num of flexible tasks: 11604
Solving time: 0.0999681 seconds
plan limit 843
current timestep 313
num of flexible agents: 3604
num of flexible tasks: 11604
Solving time: 0.108864 seconds
plan limit 835
current timestep 314
num of flexible agents: 3600
num of flexible tasks: 11600
Solving time: 0.0982449 seconds
plan limit 844
current timestep 315
num of flexible agents: 3598
num of flexible tasks: 11598
Solving time: 0.104644 seconds
plan limit 835
current timestep 316
num of flexible agents: 3594
num of flexible tasks: 11594
Solving time: 0.0976167 seconds
plan limit 851
current timestep 317
num of flexible agents: 3599
num of flexible tasks: 11599
Solving time: 0.0989996 seconds
plan limit 849
current timestep 318
num of flexible agents: 3603
num of flexible tasks: 11603
Solving time: 0.101176 seconds
plan limit 848
current timestep 319
num of flexible agents: 3612
num of flexible tasks: 11612
Solving time: 0.112665 seconds
plan limit 835
current timestep 320
num of flexible agents: 3631
num of flexible tasks: 11631
Solving time: 0.105549 seconds
plan limit 842
current timestep 321
num of flexible agents: 3614
num of flexible tasks: 11614
Solving time: 0.10343 seconds
plan limit 846
current timestep 322
num of flexible agents: 3613
num of flexible tasks: 11613
Solving time: 0.106531 seconds
plan limit 834
current timestep 323
num of flexible agents: 3612
num of flexible tasks: 11612
Solving time: 0.0993248 seconds
plan limit 849
current timestep 324
num of flexible agents: 3618
num of flexible tasks: 11618
Solving time: 0.108515 seconds
plan limit 840
current timestep 325
num of flexible agents: 3643
num of flexible tasks: 11643
Solving time: 0.10389 seconds
plan limit 844
current timestep 326
num of flexible agents: 3662
num of flexible tasks: 11662
Solving time: 0.110978 seconds
plan limit 831
current timestep 327
num of flexible agents: 3664
num of flexible tasks: 11664
Solving time: 0.104343 seconds
plan limit 844
current timestep 328
num of flexible agents: 3667
num of flexible tasks: 11667
Solving time: 0.108073 seconds
plan limit 838
current timestep 329
num of flexible agents: 3684
num of flexible tasks: 11684
Solving time: 0.111174 seconds
plan limit 838
current timestep 330
num of flexible agents: 3687
num of flexible tasks: 11687
Solving time: 0.102218 seconds
plan limit 846
current timestep 331
num of flexible agents: 3695
num of flexible tasks: 11695
Solving time: 0.103959 seconds
plan limit 839
current timestep 332
num of flexible agents: 3693
num of flexible tasks: 11693
Solving time: 0.105818 seconds
plan limit 837
current timestep 333
num of flexible agents: 3699
num of flexible tasks: 11699
Solving time: 0.107338 seconds
plan limit 838
current timestep 334
num of flexible agents: 3714
num of flexible tasks: 11714
Solving time: 0.108112 seconds
plan limit 835
current timestep 335
num of flexible agents: 3725
num of flexible tasks: 11725
Solving time: 0.103646 seconds
plan limit 839
current timestep 336
num of flexible agents: 3724
num of flexible tasks: 11724
Solving time: 0.106734 seconds
plan limit 837
current timestep 337
num of flexible agents: 3717
num of flexible tasks: 11717
Solving time: 0.100441 seconds
plan limit 839
current timestep 338
num of flexible agents: 3720
num of flexible tasks: 11720
Solving time: 0.101632 seconds
plan limit 840
current timestep 339
num of flexible agents: 3715
num of flexible tasks: 11715
Solving time: 0.104782 seconds
plan limit 842
current timestep 340
num of flexible agents: 3720
num of flexible tasks: 11720
Solving time: 0.10351 seconds
plan limit 839
current timestep 341
num of flexible agents: 3706
num of flexible tasks: 11706
Solving time: 0.112273 seconds
plan limit 829
current timestep 342
num of flexible agents: 3716
num of flexible tasks: 11716
Solving time: 0.110691 seconds
plan limit 832
current timestep 343
num of flexible agents: 3711
num of flexible tasks: 11711
Solving time: 0.112426 seconds
plan limit 836
current timestep 344
num of flexible agents: 3715
num of flexible tasks: 11715
Solving time: 0.104809 seconds
plan limit 844
current timestep 345
num of flexible agents: 3715
num of flexible tasks: 11715
Solving time: 0.108628 seconds
plan limit 839
current timestep 346
num of flexible agents: 3729
num of flexible tasks: 11729
Solving time: 0.109865 seconds
plan limit 838
current timestep 347
num of flexible agents: 3733
num of flexible tasks: 11733
Solving time: 0.104042 seconds
plan limit 842
current timestep 348
num of flexible agents: 3713
num of flexible tasks: 11713
Solving time: 0.105287 seconds
plan limit 842
current timestep 349
num of flexible agents: 3713
num of flexible tasks: 11713
Solving time: 0.108559 seconds
plan limit 838
current timestep 350
num of flexible agents: 3730
num of flexible tasks: 11730
Solving time: 0.107559 seconds
plan limit 841
current timestep 351
num of flexible agents: 3754
num of flexible tasks: 11754
Solving time: 0.10731 seconds
plan limit 841
current timestep 352
num of flexible agents: 3737
num of flexible tasks: 11737
Solving time: 0.108014 seconds
plan limit 838
current timestep 353
num of flexible agents: 3743
num of flexible tasks: 11743
Solving time: 0.110593 seconds
plan limit 837
current timestep 354
num of flexible agents: 3738
num of flexible tasks: 11738
Solving time: 0.114955 seconds
plan limit 833
current timestep 355
num of flexible agents: 3722
num of flexible tasks: 11722
Solving time: 0.105325 seconds
plan limit 843
current timestep 356
num of flexible agents: 3723
num of flexible tasks: 11723
Solving time: 0.120131 seconds
plan limit 825
current timestep 357
num of flexible agents: 3735
num of flexible tasks: 11735
Solving time: 0.107256 seconds
plan limit 841
current timestep 358
num of flexible agents: 3741
num of flexible tasks: 11741
Solving time: 0.10646 seconds
plan limit 840
current timestep 359
num of flexible agents: 3738
num of flexible tasks: 11738
Solving time: 0.109944 seconds
plan limit 832
current timestep 360
num of flexible agents: 3736
num of flexible tasks: 11736
Solving time: 0.110867 seconds
plan limit 836
current timestep 361
num of flexible agents: 3739
num of flexible tasks: 11739
Solving time: 0.116019 seconds
plan limit 830
current timestep 362
num of flexible agents: 3752
num of flexible tasks: 11752
Solving time: 0.111821 seconds
plan limit 836
current timestep 363
num of flexible agents: 3760
num of flexible tasks: 11760
Solving time: 0.122224 seconds
plan limit 819
current timestep 364
num of flexible agents: 3763
num of flexible tasks: 11763
Solving time: 0.108851 seconds
plan limit 839
current timestep 365
num of flexible agents: 3779
num of flexible tasks: 11779
Solving time: 0.116728 seconds
plan limit 824
current timestep 366
num of flexible agents: 3778
num of flexible tasks: 11778
Solving time: 0.106763 seconds
plan limit 840
current timestep 367
num of flexible agents: 3794
num of flexible tasks: 11794
Solving time: 0.113238 seconds
plan limit 831
current timestep 368
num of flexible agents: 3795
num of flexible tasks: 11795
Solving time: 0.111774 seconds
plan limit 835
current timestep 369
num of flexible agents: 3802
num of flexible tasks: 11802
Solving time: 0.110785 seconds
plan limit 836
current timestep 370
num of flexible agents: 3823
num of flexible tasks: 11823
Solving time: 0.10982 seconds
plan limit 837
current timestep 371
num of flexible agents: 3830
num of flexible tasks: 11830
Solving time: 0.106027 seconds
plan limit 840
current timestep 372
num of flexible agents: 3826
num of flexible tasks: 11826
Solving time: 0.118625 seconds
plan limit 827
current timestep 373
num of flexible agents: 3827
num of flexible tasks: 11827
Solving time: 0.112052 seconds
plan limit 834
current timestep 374
num of flexible agents: 3836
num of flexible tasks: 11836
Solving time: 0.12098 seconds
plan limit 825
current timestep 375
num of flexible agents: 3833
num of flexible tasks: 11833
Solving time: 0.114398 seconds
plan limit 833
current timestep 376
num of flexible agents: 3846
num of flexible tasks: 11846
Solving time: 0.118504 seconds
plan limit 828
current timestep 377
num of flexible agents: 3844
num of flexible tasks: 11844
Solving time: 0.114742 seconds
plan limit 832
current timestep 378
num of flexible agents: 3844
num of flexible tasks: 11844
Solving time: 0.114561 seconds
plan limit 830
current timestep 379
num of flexible agents: 3843
num of flexible tasks: 11843
Solving time: 0.11866 seconds
plan limit 828
current timestep 380
num of flexible agents: 3855
num of flexible tasks: 11855
Solving time: 0.1175 seconds
plan limit 829
current timestep 381
num of flexible agents: 3858
num of flexible tasks: 11858
Solving time: 0.126634 seconds
plan limit 816
current timestep 382
num of flexible agents: 3862
num of flexible tasks: 11862
Solving time: 0.114474 seconds
plan limit 831
current timestep 383
num of flexible agents: 3881
num of flexible tasks: 11881
Solving time: 0.123087 seconds
plan limit 824
current timestep 384
num of flexible agents: 3898
num of flexible tasks: 11898
Solving time: 0.117146 seconds
plan limit 829
current timestep 385
num of flexible agents: 3898
num of flexible tasks: 11898
Solving time: 0.124873 seconds
plan limit 822
current timestep 386
num of flexible agents: 3893
num of flexible tasks: 11893
Solving time: 0.114626 seconds
plan limit 832
current timestep 387
num of flexible agents: 3897
num of flexible tasks: 11897
Solving time: 0.128539 seconds
plan limit 817
current timestep 388
num of flexible agents: 3891
num of flexible tasks: 11891
Solving time: 0.111002 seconds
plan limit 835
current timestep 389
num of flexible agents: 3883
num of flexible tasks: 11883
Solving time: 0.122353 seconds
plan limit 824
current timestep 390
num of flexible agents: 3889
num of flexible tasks: 11889
Solving time: 0.115086 seconds
plan limit 832
current timestep 391
num of flexible agents: 3884
num of flexible tasks: 11884
Solving time: 0.118232 seconds
plan limit 820
current timestep 392
num of flexible agents: 3894
num of flexible tasks: 11894
Solving time: 0.115957 seconds
plan limit 824
current timestep 393
num of flexible agents: 3903
num of flexible tasks: 11903
Solving time: 0.116235 seconds
plan limit 830
current timestep 394
num of flexible agents: 3917
num of flexible tasks: 11917
Solving time: 0.135497 seconds
plan limit 810
current timestep 395
num of flexible agents: 3920
num of flexible tasks: 11920
Solving time: 0.113674 seconds
plan limit 832
current timestep 396
num of flexible agents: 3934
num of flexible tasks: 11934
Solving time: 0.124571 seconds
plan limit 820
current timestep 397
num of flexible agents: 3932
num of flexible tasks: 11932
Solving time: 0.116879 seconds
plan limit 829
current timestep 398
num of flexible agents: 3942
num of flexible tasks: 11942
Solving time: 0.121238 seconds
plan limit 825
current timestep 399
num of flexible agents: 3951
num of flexible tasks: 11951
Solving time: 0.125704 seconds
plan limit 820
current timestep 400
num of flexible agents: 3969
num of flexible tasks: 11969
Solving time: 0.116242 seconds
plan limit 830
current timestep 401
num of flexible agents: 3978
num of flexible tasks: 11978
Solving time: 0.129469 seconds
plan limit 809
current timestep 402
num of flexible agents: 4003
num of flexible tasks: 12003
Solving time: 0.125309 seconds
plan limit 821
current timestep 403
num of flexible agents: 4017
num of flexible tasks: 12017
Solving time: 0.12943 seconds
plan limit 818
current timestep 404
num of flexible agents: 4021
num of flexible tasks: 12021
Solving time: 0.130774 seconds
plan limit 815
current timestep 405
num of flexible agents: 4020
num of flexible tasks: 12020
Solving time: 0.142715 seconds
plan limit 804
current timestep 406
num of flexible agents: 4023
num of flexible tasks: 12023
Solving time: 0.1357 seconds
plan limit 810
current timestep 407
num of flexible agents: 4027
num of flexible tasks: 12027
Solving time: 0.129975 seconds
plan limit 814
current timestep 408
num of flexible agents: 4045
num of flexible tasks: 12045
Solving time: 0.142244 seconds
plan limit 804
current timestep 409
num of flexible agents: 4048
num of flexible tasks: 12048
Solving time: 0.139088 seconds
plan limit 807
current timestep 410
num of flexible agents: 4059
num of flexible tasks: 12059
Solving time: 0.126267 seconds
plan limit 820
current timestep 411
num of flexible agents: 4064
num of flexible tasks: 12064
Solving time: 0.128961 seconds
plan limit 816
current timestep 412
num of flexible agents: 4068
num of flexible tasks: 12068
Solving time: 0.144933 seconds
plan limit 800
current timestep 413
num of flexible agents: 4083
num of flexible tasks: 12083
Solving time: 0.13878 seconds
plan limit 800
current timestep 414
num of flexible agents: 4088
num of flexible tasks: 12088
Solving time: 0.150691 seconds
plan limit 795
current timestep 415
num of flexible agents: 4086
num of flexible tasks: 12086
Solving time: 0.142047 seconds
plan limit 804
current timestep 416
num of flexible agents: 4099
num of flexible tasks: 12099
Solving time: 0.151851 seconds
plan limit 793
current timestep 417
num of flexible agents: 4088
num of flexible tasks: 12088
Solving time: 0.143277 seconds
plan limit 802
current timestep 418
num of flexible agents: 4097
num of flexible tasks: 12097
Solving time: 0.155563 seconds
plan limit 790
current timestep 419
num of flexible agents: 4108
num of flexible tasks: 12108
Solving time: 0.153766 seconds
plan limit 790
current timestep 420
num of flexible agents: 4127
num of flexible tasks: 12127
Solving time: 0.140074 seconds
plan limit 806
current timestep 421
num of flexible agents: 4144
num of flexible tasks: 12144
Solving time: 0.17055 seconds
plan limit 775
current timestep 422
num of flexible agents: 4164
num of flexible tasks: 12164
Solving time: 0.161566 seconds
plan limit 784
current timestep 423
num of flexible agents: 4155
num of flexible tasks: 12155
Solving time: 0.159565 seconds
plan limit 784
current timestep 424
num of flexible agents: 4164
num of flexible tasks: 12164
Solving time: 0.155086 seconds
plan limit 789
current timestep 425
num of flexible agents: 4175
num of flexible tasks: 12175
Solving time: 0.152077 seconds
plan limit 791
current timestep 426
num of flexible agents: 4182
num of flexible tasks: 12182
Solving time: 0.147622 seconds
plan limit 797
current timestep 427
num of flexible agents: 4184
num of flexible tasks: 12184
Solving time: 0.157971 seconds
plan limit 787
current timestep 428
num of flexible agents: 4180
num of flexible tasks: 12180
Solving time: 0.149359 seconds
plan limit 795
current timestep 429
num of flexible agents: 4187
num of flexible tasks: 12187
Solving time: 0.15226 seconds
plan limit 793
current timestep 430
num of flexible agents: 4189
num of flexible tasks: 12189
Solving time: 0.160498 seconds
plan limit 784
current timestep 431
num of flexible agents: 4198
num of flexible tasks: 12198
Solving time: 0.147523 seconds
plan limit 797
current timestep 432
num of flexible agents: 4193
num of flexible tasks: 12193
Solving time: 0.165684 seconds
plan limit 772
current timestep 433
num of flexible agents: 4198
num of flexible tasks: 12198
Solving time: 0.147059 seconds
plan limit 799
current timestep 434
num of flexible agents: 4199
num of flexible tasks: 12199
Solving time: 0.148437 seconds
plan limit 788
current timestep 435
num of flexible agents: 4187
num of flexible tasks: 12187
Solving time: 0.151417 seconds
plan limit 794
current timestep 436
num of flexible agents: 4189
num of flexible tasks: 12189
Solving time: 0.151267 seconds
plan limit 793
current timestep 437
num of flexible agents: 4191
num of flexible tasks: 12191
Solving time: 0.156853 seconds
plan limit 787
current timestep 438
num of flexible agents: 4204
num of flexible tasks: 12204
Solving time: 0.150099 seconds
plan limit 794
current timestep 439
num of flexible agents: 4220
num of flexible tasks: 12220
Solving time: 0.155674 seconds
plan limit 790
current timestep 440
num of flexible agents: 4225
num of flexible tasks: 12225
Solving time: 0.155539 seconds
plan limit 790
current timestep 441
num of flexible agents: 4235
num of flexible tasks: 12235
Solving time: 0.153221 seconds
plan limit 791
current timestep 442
num of flexible agents: 4227
num of flexible tasks: 12227
Solving time: 0.147254 seconds
plan limit 798
current timestep 443
num of flexible agents: 4237
num of flexible tasks: 12237
Solving time: 0.151901 seconds
plan limit 792
current timestep 444
num of flexible agents: 4252
num of flexible tasks: 12252
Solving time: 0.14487 seconds
plan limit 798
current timestep 445
num of flexible agents: 4261
num of flexible tasks: 12261
Solving time: 0.153388 seconds
plan limit 791
current timestep 446
num of flexible agents: 4251
num of flexible tasks: 12251
Solving time: 0.151046 seconds
plan limit 793
current timestep 447
num of flexible agents: 4249
num of flexible tasks: 12249
Solving time: 0.151318 seconds
plan limit 794
current timestep 448
num of flexible agents: 4240
num of flexible tasks: 12240
Solving time: 0.166601 seconds
plan limit 779
current timestep 449
num of flexible agents: 4239
num of flexible tasks: 12239
Solving time: 0.146512 seconds
plan limit 799
current timestep 450
num of flexible agents: 4233
num of flexible tasks: 12233
Solving time: 0.152884 seconds
plan limit 789
current timestep 451
num of flexible agents: 4227
num of flexible tasks: 12227
Solving time: 0.158539 seconds
plan limit 786
current timestep 452
num of flexible agents: 4226
num of flexible tasks: 12226
Solving time: 0.158996 seconds
plan limit 783
current timestep 453
num of flexible agents: 4223
num of flexible tasks: 12223
Solving time: 0.154112 seconds
plan limit 789
current timestep 454
num of flexible agents: 4229
num of flexible tasks: 12229
Solving time: 0.160315 seconds
plan limit 783
current timestep 455
num of flexible agents: 4224
num of flexible tasks: 12224
Solving time: 0.161113 seconds
plan limit 783
current timestep 456
num of flexible agents: 4232
num of flexible tasks: 12232
Solving time: 0.161578 seconds
plan limit 784
current timestep 457
num of flexible agents: 4241
num of flexible tasks: 12241
Solving time: 0.155981 seconds
plan limit 788
current timestep 458
num of flexible agents: 4241
num of flexible tasks: 12241
Solving time: 0.15763 seconds
plan limit 785
current timestep 459
num of flexible agents: 4251
num of flexible tasks: 12251
Solving time: 0.156025 seconds
plan limit 787
current timestep 460
num of flexible agents: 4262
num of flexible tasks: 12262
Solving time: 0.152351 seconds
plan limit 792
current timestep 461
num of flexible agents: 4272
num of flexible tasks: 12272
Solving time: 0.153192 seconds
plan limit 789
current timestep 462
num of flexible agents: 4268
num of flexible tasks: 12268
Solving time: 0.153975 seconds
plan limit 781
current timestep 463
num of flexible agents: 4286
num of flexible tasks: 12286
Solving time: 0.157024 seconds
plan limit 787
current timestep 464
num of flexible agents: 4292
num of flexible tasks: 12292
Solving time: 0.170699 seconds
plan limit 773
current timestep 465
num of flexible agents: 4303
num of flexible tasks: 12303
Solving time: 0.152243 seconds
plan limit 790
current timestep 466
num of flexible agents: 4327
num of flexible tasks: 12327
Solving time: 0.174346 seconds
plan limit 767
current timestep 467
num of flexible agents: 4314
num of flexible tasks: 12314
Solving time: 0.156439 seconds
plan limit 788
current timestep 468
num of flexible agents: 4322
num of flexible tasks: 12322
Solving time: 0.165513 seconds
plan limit 770
current timestep 469
num of flexible agents: 4335
num of flexible tasks: 12335
Solving time: 0.15964 seconds
plan limit 782
current timestep 470
num of flexible agents: 4337
num of flexible tasks: 12337
Solving time: 0.158833 seconds
plan limit 786
current timestep 471
num of flexible agents: 4332
num of flexible tasks: 12332
Solving time: 0.165452 seconds
plan limit 779
current timestep 472
num of flexible agents: 4334
num of flexible tasks: 12334
Solving time: 0.172333 seconds
plan limit 771
current timestep 473
num of flexible agents: 4332
num of flexible tasks: 12332
Solving time: 0.180464 seconds
plan limit 762
current timestep 474
num of flexible agents: 4333
num of flexible tasks: 12333
Solving time: 0.161961 seconds
plan limit 782
current timestep 475
num of flexible agents: 4347
num of flexible tasks: 12347
Solving time: 0.18413 seconds
plan limit 759
current timestep 476
num of flexible agents: 4360
num of flexible tasks: 12360
Solving time: 0.163776 seconds
plan limit 779
current timestep 477
num of flexible agents: 4358
num of flexible tasks: 12358
Solving time: 0.168545 seconds
plan limit 775
current timestep 478
num of flexible agents: 4363
num of flexible tasks: 12363
Solving time: 0.19016 seconds
plan limit 753
current timestep 479
num of flexible agents: 4363
num of flexible tasks: 12363
Solving time: 0.172848 seconds
plan limit 770
current timestep 480
num of flexible agents: 4380
num of flexible tasks: 12380
Solving time: 0.169835 seconds
plan limit 764
current timestep 481
num of flexible agents: 4403
num of flexible tasks: 12403
Solving time: 0.162153 seconds
plan limit 780
current timestep 482
num of flexible agents: 4403
num of flexible tasks: 12403
Solving time: 0.170461 seconds
plan limit 770
current timestep 483
num of flexible agents: 4399
num of flexible tasks: 12399
Solving time: 0.165839 seconds
plan limit 776
current timestep 484
num of flexible agents: 4403
num of flexible tasks: 12403
Solving time: 0.156042 seconds
plan limit 786
current timestep 485
num of flexible agents: 4423
num of flexible tasks: 12423
Solving time: 0.183746 seconds
plan limit 759
current timestep 486
num of flexible agents: 4430
num of flexible tasks: 12430
Solving time: 0.165821 seconds
plan limit 778
current timestep 487
num of flexible agents: 4435
num of flexible tasks: 12435
Solving time: 0.182873 seconds
plan limit 761
current timestep 488
num of flexible agents: 4433
num of flexible tasks: 12433
Solving time: 0.17217 seconds
plan limit 771
current timestep 489
num of flexible agents: 4433
num of flexible tasks: 12433
Solving time: 0.180361 seconds
plan limit 761
current timestep 490
num of flexible agents: 4444
num of flexible tasks: 12444
Solving time: 0.16842 seconds
plan limit 767
current timestep 491
num of flexible agents: 4453
num of flexible tasks: 12453
Solving time: 0.168105 seconds
plan limit 775
current timestep 492
num of flexible agents: 4450
num of flexible tasks: 12450
Solving time: 0.180651 seconds
plan limit 762
current timestep 493
num of flexible agents: 4459
num of flexible tasks: 12459
Solving time: 0.175782 seconds
plan limit 768
current timestep 494
num of flexible agents: 4454
num of flexible tasks: 12454
Solving time: 0.180561 seconds
plan limit 762
current timestep 495
num of flexible agents: 4456
num of flexible tasks: 12456
Solving time: 0.169412 seconds
plan limit 765
current timestep 496
num of flexible agents: 4455
num of flexible tasks: 12455
Solving time: 0.177018 seconds
plan limit 757
current timestep 497
num of flexible agents: 4451
num of flexible tasks: 12451
Solving time: 0.178022 seconds
plan limit 765
current timestep 498
num of flexible agents: 4446
num of flexible tasks: 12446
Solving time: 0.171003 seconds
plan limit 769
current timestep 499
num of flexible agents: 4440
num of flexible tasks: 12440
Solving time: 0.171928 seconds
plan limit 768
current timestep 500
num of flexible agents: 4435
num of flexible tasks: 12435
Solving time: 0.17274 seconds
plan limit 766
current timestep 501
num of flexible agents: 4440
num of flexible tasks: 12440
Solving time: 0.172121 seconds
plan limit 771
current timestep 502
num of flexible agents: 4446
num of flexible tasks: 12446
Solving time: 0.176183 seconds
plan limit 766
current timestep 503
num of flexible agents: 4461
num of flexible tasks: 12461
Solving time: 0.18588 seconds
plan limit 757
current timestep 504
num of flexible agents: 4470
num of flexible tasks: 12470
Solving time: 0.173741 seconds
plan limit 769
current timestep 505
num of flexible agents: 4470
num of flexible tasks: 12470
Solving time: 0.168923 seconds
plan limit 772
current timestep 506
num of flexible agents: 4467
num of flexible tasks: 12467
Solving time: 0.168773 seconds
plan limit 774
current timestep 507
num of flexible agents: 4477
num of flexible tasks: 12477
Solving time: 0.17166 seconds
plan limit 771
current timestep 508
num of flexible agents: 4468
num of flexible tasks: 12468
Solving time: 0.178486 seconds
plan limit 763
current timestep 509
num of flexible agents: 4484
num of flexible tasks: 12484
Solving time: 0.174391 seconds
plan limit 768
current timestep 510
num of flexible agents: 4504
num of flexible tasks: 12504
Solving time: 0.184669 seconds
plan limit 758
current timestep 511
num of flexible agents: 4521
num of flexible tasks: 12521
Solving time: 0.178028 seconds
plan limit 764
current timestep 512
num of flexible agents: 4519
num of flexible tasks: 12519
Solving time: 0.181804 seconds
plan limit 758
current timestep 513
num of flexible agents: 4535
num of flexible tasks: 12535
Solving time: 0.184238 seconds
plan limit 758
current timestep 514
num of flexible agents: 4538
num of flexible tasks: 12538
Solving time: 0.181959 seconds
plan limit 759
current timestep 515
num of flexible agents: 4554
num of flexible tasks: 12554
Solving time: 0.178315 seconds
plan limit 764
current timestep 516
num of flexible agents: 4575
num of flexible tasks: 12575
Solving time: 0.17188 seconds
plan limit 770
current timestep 517
num of flexible agents: 4583
num of flexible tasks: 12583
Solving time: 0.183243 seconds
plan limit 759
current timestep 518
num of flexible agents: 4585
num of flexible tasks: 12585
Solving time: 0.180295 seconds
plan limit 761
current timestep 519
num of flexible agents: 4600
num of flexible tasks: 12600
Solving time: 0.173484 seconds
plan limit 767
current timestep 520
num of flexible agents: 4618
num of flexible tasks: 12618
Solving time: 0.170311 seconds
plan limit 771
current timestep 521
num of flexible agents: 4633
num of flexible tasks: 12633
Solving time: 0.174594 seconds
plan limit 767
current timestep 522
num of flexible agents: 4650
num of flexible tasks: 12650
Solving time: 0.183482 seconds
plan limit 758
current timestep 523
num of flexible agents: 4668
num of flexible tasks: 12668
Solving time: 0.176017 seconds
plan limit 765
current timestep 524
num of flexible agents: 4658
num of flexible tasks: 12658
Solving time: 0.168396 seconds
plan limit 773
current timestep 525
num of flexible agents: 4655
num of flexible tasks: 12655
Solving time: 0.172256 seconds
plan limit 761
current timestep 526
num of flexible agents: 4662
num of flexible tasks: 12662
Solving time: 0.171976 seconds
plan limit 767
current timestep 527
num of flexible agents: 4657
num of flexible tasks: 12657
Solving time: 0.169179 seconds
plan limit 773
current timestep 528
num of flexible agents: 4680
num of flexible tasks: 12680
Solving time: 0.175504 seconds
plan limit 765
current timestep 529
num of flexible agents: 4682
num of flexible tasks: 12682
Solving time: 0.176443 seconds
plan limit 767
current timestep 530
num of flexible agents: 4669
num of flexible tasks: 12669
Solving time: 0.16946 seconds
plan limit 772
current timestep 531
num of flexible agents: 4661
num of flexible tasks: 12661
Solving time: 0.179599 seconds
plan limit 762
current timestep 532
num of flexible agents: 4662
num of flexible tasks: 12662
Solving time: 0.16705 seconds
plan limit 766
current timestep 533
num of flexible agents: 4653
num of flexible tasks: 12653
Solving time: 0.171351 seconds
plan limit 769
current timestep 534
num of flexible agents: 4650
num of flexible tasks: 12650
Solving time: 0.170129 seconds
plan limit 764
current timestep 535
num of flexible agents: 4649
num of flexible tasks: 12649
Solving time: 0.165373 seconds
plan limit 775
current timestep 536
num of flexible agents: 4655
num of flexible tasks: 12655
Solving time: 0.168912 seconds
plan limit 772
current timestep 537
num of flexible agents: 4656
num of flexible tasks: 12656
Solving time: 0.167716 seconds
plan limit 773
current timestep 538
num of flexible agents: 4664
num of flexible tasks: 12664
Solving time: 0.173173 seconds
plan limit 768
current timestep 539
num of flexible agents: 4662
num of flexible tasks: 12662
Solving time: 0.166199 seconds
plan limit 766
current timestep 540
num of flexible agents: 4671
num of flexible tasks: 12671
Solving time: 0.169646 seconds
plan limit 771
current timestep 541
num of flexible agents: 4680
num of flexible tasks: 12680
Solving time: 0.167041 seconds
plan limit 775
current timestep 542
num of flexible agents: 4700
num of flexible tasks: 12700
Solving time: 0.178013 seconds
plan limit 752
current timestep 543
num of flexible agents: 4703
num of flexible tasks: 12703
Solving time: 0.179302 seconds
plan limit 762
current timestep 544
num of flexible agents: 4699
num of flexible tasks: 12699
Solving time: 0.165736 seconds
plan limit 778
current timestep 545
num of flexible agents: 4709
num of flexible tasks: 12709
Solving time: 0.170041 seconds
plan limit 762
current timestep 546
num of flexible agents: 4717
num of flexible tasks: 12717
Solving time: 0.169203 seconds
plan limit 771
current timestep 547
num of flexible agents: 4719
num of flexible tasks: 12719
Solving time: 0.167091 seconds
plan limit 774
current timestep 548
num of flexible agents: 4716
num of flexible tasks: 12716
Solving time: 0.169773 seconds
plan limit 771
current timestep 549
num of flexible agents: 4731
num of flexible tasks: 12731
Solving time: 0.163477 seconds
plan limit 778
current timestep 550
num of flexible agents: 4756
num of flexible tasks: 12756
Solving time: 0.170357 seconds
plan limit 770
current timestep 551
num of flexible agents: 4760
num of flexible tasks: 12760
Solving time: 0.16692 seconds
plan limit 774
current timestep 552
num of flexible agents: 4758
num of flexible tasks: 12758
Solving time: 0.173879 seconds
plan limit 766
current timestep 553
num of flexible agents: 4758
num of flexible tasks: 12758
Solving time: 0.169709 seconds
plan limit 770
current timestep 554
num of flexible agents: 4758
num of flexible tasks: 12758
Solving time: 0.169412 seconds
plan limit 771
current timestep 555
num of flexible agents: 4771
num of flexible tasks: 12771
Solving time: 0.156947 seconds
plan limit 783
current timestep 556
num of flexible agents: 4773
num of flexible tasks: 12773
Solving time: 0.159376 seconds
plan limit 781
current timestep 557
num of flexible agents: 4791
num of flexible tasks: 12791
Solving time: 0.162451 seconds
plan limit 777
current timestep 558
num of flexible agents: 4800
num of flexible tasks: 12800
Solving time: 0.17705 seconds
plan limit 764
current timestep 559
num of flexible agents: 4818
num of flexible tasks: 12818
Solving time: 0.185944 seconds
plan limit 755
current timestep 560
num of flexible agents: 4815
num of flexible tasks: 12815
Solving time: 0.173212 seconds
plan limit 769
current timestep 561
num of flexible agents: 4825
num of flexible tasks: 12825
Solving time: 0.168039 seconds
plan limit 772
current timestep 562
num of flexible agents: 4842
num of flexible tasks: 12842
Solving time: 0.173663 seconds
plan limit 767
current timestep 563
num of flexible agents: 4839
num of flexible tasks: 12839
Solving time: 0.169225 seconds
plan limit 771
current timestep 564
num of flexible agents: 4825
num of flexible tasks: 12825
Solving time: 0.166256 seconds
plan limit 774
current timestep 565
num of flexible agents: 4822
num of flexible tasks: 12822
Solving time: 0.170188 seconds
plan limit 771
current timestep 566
num of flexible agents: 4836
num of flexible tasks: 12836
Solving time: 0.182055 seconds
plan limit 759
current timestep 567
num of flexible agents: 4827
num of flexible tasks: 12827
Solving time: 0.169242 seconds
plan limit 762
current timestep 568
num of flexible agents: 4835
num of flexible tasks: 12835
Solving time: 0.164711 seconds
plan limit 774
current timestep 569
num of flexible agents: 4842
num of flexible tasks: 12842
Solving time: 0.180058 seconds
plan limit 749
current timestep 570
num of flexible agents: 4843
num of flexible tasks: 12843
Solving time: 0.171528 seconds
plan limit 769
current timestep 571
num of flexible agents: 4825
num of flexible tasks: 12825
Solving time: 0.192238 seconds
plan limit 750
current timestep 572
num of flexible agents: 4822
num of flexible tasks: 12822
Solving time: 0.188355 seconds
plan limit 745
current timestep 573
num of flexible agents: 4837
num of flexible tasks: 12837
Solving time: 0.18156 seconds
plan limit 749
current timestep 574
num of flexible agents: 4827
num of flexible tasks: 12827
Solving time: 0.180795 seconds
plan limit 758
current timestep 575
num of flexible agents: 4831
num of flexible tasks: 12831
Solving time: 0.164787 seconds
plan limit 774
current timestep 576
num of flexible agents: 4825
num of flexible tasks: 12825
Solving time: 0.159662 seconds
plan limit 780
current timestep 577
num of flexible agents: 4821
num of flexible tasks: 12821
Solving time: 0.158656 seconds
plan limit 782
current timestep 578
num of flexible agents: 4820
num of flexible tasks: 12820
Solving time: 0.178071 seconds
plan limit 762
current timestep 579
num of flexible agents: 4839
num of flexible tasks: 12839
Solving time: 0.177079 seconds
plan limit 763
current timestep 580
num of flexible agents: 4859
num of flexible tasks: 12859
Solving time: 0.173077 seconds
plan limit 757
current timestep 581
num of flexible agents: 4856
num of flexible tasks: 12856
Solving time: 0.164779 seconds
plan limit 776
current timestep 582
num of flexible agents: 4867
num of flexible tasks: 12867
Solving time: 0.167617 seconds
plan limit 770
current timestep 583
num of flexible agents: 4866
num of flexible tasks: 12866
Solving time: 0.168655 seconds
plan limit 763
current timestep 584
num of flexible agents: 4857
num of flexible tasks: 12857
Solving time: 0.169732 seconds
plan limit 760
current timestep 585
num of flexible agents: 4870
num of flexible tasks: 12870
Solving time: 0.168143 seconds
plan limit 763
current timestep 586
num of flexible agents: 4882
num of flexible tasks: 12882
Solving time: 0.164261 seconds
plan limit 768
current timestep 587
num of flexible agents: 4871
num of flexible tasks: 12871
Solving time: 0.167738 seconds
plan limit 764
current timestep 588
num of flexible agents: 4867
num of flexible tasks: 12867
Solving time: 0.167996 seconds
plan limit 762
current timestep 589
num of flexible agents: 4879
num of flexible tasks: 12879
Solving time: 0.175139 seconds
plan limit 755
current timestep 590
num of flexible agents: 4877
num of flexible tasks: 12877
Solving time: 0.159413 seconds
plan limit 771
current timestep 591
num of flexible agents: 4875
num of flexible tasks: 12875
Solving time: 0.168229 seconds
plan limit 759
current timestep 592
num of flexible agents: 4888
num of flexible tasks: 12888
Solving time: 0.15944 seconds
plan limit 771
current timestep 593
num of flexible agents: 4894
num of flexible tasks: 12894
Solving time: 0.154234 seconds
plan limit 785
current timestep 594
num of flexible agents: 4897
num of flexible tasks: 12897
Solving time: 0.179272 seconds
plan limit 747
current timestep 595
num of flexible agents: 4907
num of flexible tasks: 12907
Solving time: 0.152854 seconds
plan limit 787
current timestep 596
num of flexible agents: 4903
num of flexible tasks: 12903
Solving time: 0.160161 seconds
plan limit 770
current timestep 597
num of flexible agents: 4912
num of flexible tasks: 12912
Solving time: 0.146755 seconds
plan limit 793
current timestep 598
num of flexible agents: 4921
num of flexible tasks: 12921
Solving time: 0.15315 seconds
plan limit 784
current timestep 599
num of flexible agents: 4932
num of flexible tasks: 12932
Solving time: 0.146945 seconds
plan limit 791
current timestep 600
num of flexible agents: 4941
num of flexible tasks: 12941
Solving time: 0.15226 seconds
plan limit 786
current timestep 601
num of flexible agents: 4945
num of flexible tasks: 12945
Solving time: 0.162762 seconds
plan limit 776
current timestep 602
num of flexible agents: 4948
num of flexible tasks: 12948
Solving time: 0.157092 seconds
plan limit 782
current timestep 603
num of flexible agents: 4953
num of flexible tasks: 12953
Solving time: 0.174956 seconds
plan limit 767
current timestep 604
num of flexible agents: 4949
num of flexible tasks: 12949
Solving time: 0.162344 seconds
plan limit 777
current timestep 605
num of flexible agents: 4941
num of flexible tasks: 12941
Solving time: 0.161723 seconds
plan limit 765
current timestep 606
num of flexible agents: 4936
num of flexible tasks: 12936
Solving time: 0.150182 seconds
plan limit 789
current timestep 607
num of flexible agents: 4925
num of flexible tasks: 12925
Solving time: 0.161749 seconds
plan limit 777
current timestep 608
num of flexible agents: 4926
num of flexible tasks: 12926
Solving time: 0.154788 seconds
plan limit 784
current timestep 609
num of flexible agents: 4933
num of flexible tasks: 12933
Solving time: 0.158002 seconds
plan limit 781
current timestep 610
num of flexible agents: 4939
num of flexible tasks: 12939
Solving time: 0.158535 seconds
plan limit 780
current timestep 611
num of flexible agents: 4930
num of flexible tasks: 12930
Solving time: 0.150186 seconds
plan limit 786
current timestep 612
num of flexible agents: 4932
num of flexible tasks: 12932
Solving time: 0.151399 seconds
plan limit 786
current timestep 613
num of flexible agents: 4937
num of flexible tasks: 12937
Solving time: 0.150132 seconds
plan limit 790
current timestep 614
num of flexible agents: 4938
num of flexible tasks: 12938
Solving time: 0.154175 seconds
plan limit 785
current timestep 615
num of flexible agents: 4927
num of flexible tasks: 12927
Solving time: 0.158714 seconds
plan limit 780
current timestep 616
num of flexible agents: 4918
num of flexible tasks: 12918
Solving time: 0.15666 seconds
plan limit 783
current timestep 617
num of flexible agents: 4910
num of flexible tasks: 12910
Solving time: 0.156239 seconds
plan limit 784
current timestep 618
num of flexible agents: 4912
num of flexible tasks: 12912
Solving time: 0.141755 seconds
plan limit 797
current timestep 619
num of flexible agents: 4903
num of flexible tasks: 12903
Solving time: 0.139535 seconds
plan limit 799
current timestep 620
num of flexible agents: 4895
num of flexible tasks: 12895
Solving time: 0.154343 seconds
plan limit 782
current timestep 621
num of flexible agents: 4903
num of flexible tasks: 12903
Solving time: 0.151926 seconds
plan limit 785
current timestep 622
num of flexible agents: 4908
num of flexible tasks: 12908
Solving time: 0.149242 seconds
plan limit 789
current timestep 623
num of flexible agents: 4910
num of flexible tasks: 12910
Solving time: 0.133294 seconds
plan limit 806
current timestep 624
num of flexible agents: 4918
num of flexible tasks: 12918
Solving time: 0.148402 seconds
plan limit 790
current timestep 625
num of flexible agents: 4911
num of flexible tasks: 12911
Solving time: 0.143306 seconds
plan limit 796
current timestep 626
num of flexible agents: 4922
num of flexible tasks: 12922
Solving time: 0.143608 seconds
plan limit 795
current timestep 627
num of flexible agents: 4901
num of flexible tasks: 12901
Solving time: 0.143871 seconds
plan limit 793
current timestep 628
num of flexible agents: 4904
num of flexible tasks: 12904
Solving time: 0.146021 seconds
plan limit 793
current timestep 629
num of flexible agents: 4898
num of flexible tasks: 12898
Solving time: 0.153832 seconds
plan limit 785
current timestep 630
num of flexible agents: 4909
num of flexible tasks: 12909
Solving time: 0.143998 seconds
plan limit 796
current timestep 631
num of flexible agents: 4919
num of flexible tasks: 12919
Solving time: 0.147259 seconds
plan limit 789
current timestep 632
num of flexible agents: 4923
num of flexible tasks: 12923
Solving time: 0.163608 seconds
plan limit 775
current timestep 633
num of flexible agents: 4908
num of flexible tasks: 12908
Solving time: 0.154581 seconds
plan limit 783
current timestep 634
num of flexible agents: 4909
num of flexible tasks: 12909
Solving time: 0.159537 seconds
plan limit 779
current timestep 635
num of flexible agents: 4915
num of flexible tasks: 12915
Solving time: 0.152925 seconds
plan limit 786
current timestep 636
num of flexible agents: 4926
num of flexible tasks: 12926
Solving time: 0.152575 seconds
plan limit 787
current timestep 637
num of flexible agents: 4930
num of flexible tasks: 12930
Solving time: 0.149994 seconds
plan limit 789
current timestep 638
num of flexible agents: 4924
num of flexible tasks: 12924
Solving time: 0.160339 seconds
plan limit 777
current timestep 639
num of flexible agents: 4929
num of flexible tasks: 12929
Solving time: 0.149102 seconds
plan limit 789
current timestep 640
num of flexible agents: 4919
num of flexible tasks: 12919
Solving time: 0.147205 seconds
plan limit 791
current timestep 641
num of flexible agents: 4902
num of flexible tasks: 12902
Solving time: 0.152766 seconds
plan limit 786
current timestep 642
num of flexible agents: 4898
num of flexible tasks: 12898
Solving time: 0.157702 seconds
plan limit 781
current timestep 643
num of flexible agents: 4880
num of flexible tasks: 12880
Solving time: 0.160596 seconds
plan limit 777
current timestep 644
num of flexible agents: 4859
num of flexible tasks: 12859
Solving time: 0.150938 seconds
plan limit 788
current timestep 645
num of flexible agents: 4858
num of flexible tasks: 12858
Solving time: 0.151888 seconds
plan limit 786
current timestep 646
num of flexible agents: 4864
num of flexible tasks: 12864
Solving time: 0.153857 seconds
plan limit 770
current timestep 647
num of flexible agents: 4860
num of flexible tasks: 12860
Solving time: 0.152297 seconds
plan limit 787
current timestep 648
num of flexible agents: 4854
num of flexible tasks: 12854
Solving time: 0.159911 seconds
plan limit 778
current timestep 649
num of flexible agents: 4847
num of flexible tasks: 12847
Solving time: 0.150013 seconds
plan limit 788
current timestep 650
num of flexible agents: 4857
num of flexible tasks: 12857
Solving time: 0.165127 seconds
plan limit 763
current timestep 651
num of flexible agents: 4854
num of flexible tasks: 12854
Solving time: 0.159848 seconds
plan limit 778
current timestep 652
num of flexible agents: 4854
num of flexible tasks: 12854
Solving time: 0.168223 seconds
plan limit 770
current timestep 653
num of flexible agents: 4858
num of flexible tasks: 12858
Solving time: 0.168516 seconds
plan limit 760
current timestep 654
num of flexible agents: 4866
num of flexible tasks: 12866
Solving time: 0.168026 seconds
plan limit 762
current timestep 655
num of flexible agents: 4865
num of flexible tasks: 12865
Solving time: 0.173408 seconds
plan limit 766
current timestep 656
num of flexible agents: 4866
num of flexible tasks: 12866
Solving time: 0.168438 seconds
plan limit 770
current timestep 657
num of flexible agents: 4865
num of flexible tasks: 12865
Solving time: 0.182974 seconds
plan limit 746
current timestep 658
num of flexible agents: 4860
num of flexible tasks: 12860
Solving time: 0.153317 seconds
plan limit 785
current timestep 659
num of flexible agents: 4872
num of flexible tasks: 12872
Solving time: 0.16945 seconds
plan limit 768
current timestep 660
num of flexible agents: 4887
num of flexible tasks: 12887
Solving time: 0.180445 seconds
plan limit 747
current timestep 661
num of flexible agents: 4883
num of flexible tasks: 12883
Solving time: 0.172218 seconds
plan limit 767
current timestep 662
num of flexible agents: 4880
num of flexible tasks: 12880
Solving time: 0.174525 seconds
plan limit 763
current timestep 663
num of flexible agents: 4877
num of flexible tasks: 12877
Solving time: 0.166654 seconds
plan limit 770
current timestep 664
num of flexible agents: 4878
num of flexible tasks: 12878
Solving time: 0.171813 seconds
plan limit 767
current timestep 665
num of flexible agents: 4872
num of flexible tasks: 12872
Solving time: 0.166995 seconds
plan limit 773
current timestep 666
num of flexible agents: 4870
num of flexible tasks: 12870
Solving time: 0.162962 seconds
plan limit 775
current timestep 667
num of flexible agents: 4883
num of flexible tasks: 12883
Solving time: 0.159801 seconds
plan limit 778
current timestep 668
num of flexible agents: 4887
num of flexible tasks: 12887
Solving time: 0.155293 seconds
plan limit 783
current timestep 669
num of flexible agents: 4872
num of flexible tasks: 12872
Solving time: 0.158313 seconds
plan limit 779
current timestep 670
num of flexible agents: 4854
num of flexible tasks: 12854
Solving time: 0.177786 seconds
plan limit 760
current timestep 671
num of flexible agents: 4845
num of flexible tasks: 12845
Solving time: 0.177731 seconds
plan limit 759
current timestep 672
num of flexible agents: 4856
num of flexible tasks: 12856
Solving time: 0.161142 seconds
plan limit 768
current timestep 673
num of flexible agents: 4870
num of flexible tasks: 12870
Solving time: 0.167383 seconds
plan limit 759
current timestep 674
num of flexible agents: 4872
num of flexible tasks: 12872
Solving time: 0.173503 seconds
plan limit 754
current timestep 675
num of flexible agents: 4860
num of flexible tasks: 12860
Solving time: 0.163436 seconds
plan limit 765
current timestep 676
num of flexible agents: 4855
num of flexible tasks: 12855
Solving time: 0.177507 seconds
plan limit 751
current timestep 677
num of flexible agents: 4874
num of flexible tasks: 12874
Solving time: 0.162737 seconds
plan limit 766
current timestep 678
num of flexible agents: 4868
num of flexible tasks: 12868
Solving time: 0.176091 seconds
plan limit 749
current timestep 679
num of flexible agents: 4864
num of flexible tasks: 12864
Solving time: 0.17225 seconds
plan limit 755
current timestep 680
num of flexible agents: 4858
num of flexible tasks: 12858
Solving time: 0.169448 seconds
plan limit 758
current timestep 681
num of flexible agents: 4871
num of flexible tasks: 12871
Solving time: 0.160432 seconds
plan limit 765
current timestep 682
num of flexible agents: 4877
num of flexible tasks: 12877
Solving time: 0.182652 seconds
plan limit 746
current timestep 683
num of flexible agents: 4871
num of flexible tasks: 12871
Solving time: 0.16623 seconds
plan limit 763
current timestep 684
num of flexible agents: 4862
num of flexible tasks: 12862
Solving time: 0.164785 seconds
plan limit 764
current timestep 685
num of flexible agents: 4858
num of flexible tasks: 12858
Solving time: 0.168224 seconds
plan limit 760
current timestep 686
num of flexible agents: 4848
num of flexible tasks: 12848
Solving time: 0.180127 seconds
plan limit 748
current timestep 687
num of flexible agents: 4858
num of flexible tasks: 12858
Solving time: 0.176828 seconds
plan limit 747
current timestep 688
num of flexible agents: 4864
num of flexible tasks: 12864
Solving time: 0.170422 seconds
plan limit 757
current timestep 689
num of flexible agents: 4870
num of flexible tasks: 12870
Solving time: 0.16842 seconds
plan limit 758
current timestep 690
num of flexible agents: 4884
num of flexible tasks: 12884
Solving time: 0.167534 seconds
plan limit 760
current timestep 691
num of flexible agents: 4876
num of flexible tasks: 12876
Solving time: 0.161139 seconds
plan limit 767
current timestep 692
num of flexible agents: 4871
num of flexible tasks: 12871
Solving time: 0.168724 seconds
plan limit 759
current timestep 693
num of flexible agents: 4880
num of flexible tasks: 12880
Solving time: 0.161098 seconds
plan limit 766
current timestep 694
num of flexible agents: 4882
num of flexible tasks: 12882
Solving time: 0.158394 seconds
plan limit 766
current timestep 695
num of flexible agents: 4879
num of flexible tasks: 12879
Solving time: 0.156304 seconds
plan limit 771
current timestep 696
num of flexible agents: 4874
num of flexible tasks: 12874
Solving time: 0.169959 seconds
plan limit 756
current timestep 697
num of flexible agents: 4856
num of flexible tasks: 12856
Solving time: 0.180216 seconds
plan limit 758
current timestep 698
num of flexible agents: 4866
num of flexible tasks: 12866
Solving time: 0.158577 seconds
plan limit 779
current timestep 699
num of flexible agents: 4873
num of flexible tasks: 12873
Solving time: 0.171601 seconds
plan limit 766
current timestep 700
num of flexible agents: 4869
num of flexible tasks: 12869
Solving time: 0.164856 seconds
plan limit 773
current timestep 701
num of flexible agents: 4857
num of flexible tasks: 12857
Solving time: 0.16644 seconds
plan limit 759
current timestep 702
num of flexible agents: 4861
num of flexible tasks: 12861
Solving time: 0.160469 seconds
plan limit 768
current timestep 703
num of flexible agents: 4861
num of flexible tasks: 12861
Solving time: 0.153375 seconds
plan limit 773
current timestep 704
num of flexible agents: 4854
num of flexible tasks: 12854
Solving time: 0.163074 seconds
plan limit 761
current timestep 705
num of flexible agents: 4855
num of flexible tasks: 12855
Solving time: 0.156829 seconds
plan limit 781
current timestep 706
num of flexible agents: 4857
num of flexible tasks: 12857
Solving time: 0.157476 seconds
plan limit 779
current timestep 707
num of flexible agents: 4838
num of flexible tasks: 12838
Solving time: 0.151476 seconds
plan limit 776
current timestep 708
num of flexible agents: 4832
num of flexible tasks: 12832
Solving time: 0.158983 seconds
plan limit 769
current timestep 709
num of flexible agents: 4825
num of flexible tasks: 12825
Solving time: 0.147093 seconds
plan limit 780
current timestep 710
num of flexible agents: 4832
num of flexible tasks: 12832
Solving time: 0.155046 seconds
plan limit 782
current timestep 711
num of flexible agents: 4820
num of flexible tasks: 12820
Solving time: 0.151191 seconds
plan limit 773
current timestep 712
num of flexible agents: 4821
num of flexible tasks: 12821
Solving time: 0.154161 seconds
plan limit 774
current timestep 713
num of flexible agents: 4807
num of flexible tasks: 12807
Solving time: 0.157815 seconds
plan limit 780
current timestep 714
num of flexible agents: 4798
num of flexible tasks: 12798
Solving time: 0.156698 seconds
plan limit 771
current timestep 715
num of flexible agents: 4793
num of flexible tasks: 12793
Solving time: 0.156618 seconds
plan limit 771
current timestep 716
num of flexible agents: 4802
num of flexible tasks: 12802
Solving time: 0.156253 seconds
plan limit 772
current timestep 717
num of flexible agents: 4809
num of flexible tasks: 12809
Solving time: 0.160158 seconds
plan limit 763
current timestep 718
num of flexible agents: 4809
num of flexible tasks: 12809
Solving time: 0.173375 seconds
plan limit 753
current timestep 719
num of flexible agents: 4799
num of flexible tasks: 12799
Solving time: 0.170726 seconds
plan limit 756
current timestep 720
num of flexible agents: 4810
num of flexible tasks: 12810
Solving time: 0.16563 seconds
plan limit 757
current timestep 721
num of flexible agents: 4816
num of flexible tasks: 12816
Solving time: 0.153607 seconds
plan limit 772
current timestep 722
num of flexible agents: 4810
num of flexible tasks: 12810
Solving time: 0.168476 seconds
plan limit 758
current timestep 723
num of flexible agents: 4809
num of flexible tasks: 12809
Solving time: 0.161862 seconds
plan limit 766
current timestep 724
num of flexible agents: 4819
num of flexible tasks: 12819
Solving time: 0.162954 seconds
plan limit 761
current timestep 725
num of flexible agents: 4821
num of flexible tasks: 12821
Solving time: 0.166638 seconds
plan limit 760
current timestep 726
num of flexible agents: 4829
num of flexible tasks: 12829
Solving time: 0.167557 seconds
plan limit 759
current timestep 727
num of flexible agents: 4836
num of flexible tasks: 12836
Solving time: 0.164164 seconds
plan limit 762
current timestep 728
num of flexible agents: 4839
num of flexible tasks: 12839
Solving time: 0.172394 seconds
plan limit 755
current timestep 729
num of flexible agents: 4849
num of flexible tasks: 12849
Solving time: 0.16492 seconds
plan limit 762
current timestep 730
num of flexible agents: 4858
num of flexible tasks: 12858
Solving time: 0.176735 seconds
plan limit 750
current timestep 731
num of flexible agents: 4853
num of flexible tasks: 12853
Solving time: 0.158433 seconds
plan limit 769
current timestep 732
num of flexible agents: 4850
num of flexible tasks: 12850
Solving time: 0.160389 seconds
plan limit 766
current timestep 733
num of flexible agents: 4847
num of flexible tasks: 12847
Solving time: 0.172399 seconds
plan limit 751
current timestep 734
num of flexible agents: 4852
num of flexible tasks: 12852
Solving time: 0.167427 seconds
plan limit 758
current timestep 735
num of flexible agents: 4869
num of flexible tasks: 12869
Solving time: 0.153631 seconds
plan limit 773
current timestep 736
num of flexible agents: 4867
num of flexible tasks: 12867
Solving time: 0.157411 seconds
plan limit 769
current timestep 737
num of flexible agents: 4867
num of flexible tasks: 12867
Solving time: 0.164992 seconds
plan limit 762
current timestep 738
num of flexible agents: 4873
num of flexible tasks: 12873
Solving time: 0.168211 seconds
plan limit 759
current timestep 739
num of flexible agents: 4879
num of flexible tasks: 12879
Solving time: 0.163841 seconds
plan limit 763
current timestep 740
num of flexible agents: 4875
num of flexible tasks: 12875
Solving time: 0.163604 seconds
plan limit 760
current timestep 741
num of flexible agents: 4876
num of flexible tasks: 12876
Solving time: 0.180346 seconds
plan limit 746
current timestep 742
num of flexible agents: 4878
num of flexible tasks: 12878
Solving time: 0.167845 seconds
plan limit 759
current timestep 743
num of flexible agents: 4878
num of flexible tasks: 12878
Solving time: 0.174944 seconds
plan limit 751
current timestep 744
num of flexible agents: 4883
num of flexible tasks: 12883
Solving time: 0.170864 seconds
plan limit 755
current timestep 745
num of flexible agents: 4895
num of flexible tasks: 12895
Solving time: 0.169619 seconds
plan limit 754
current timestep 746
num of flexible agents: 4897
num of flexible tasks: 12897
Solving time: 0.165617 seconds
plan limit 761
current timestep 747
num of flexible agents: 4890
num of flexible tasks: 12890
Solving time: 0.165008 seconds
plan limit 759
current timestep 748
num of flexible agents: 4894
num of flexible tasks: 12894
Solving time: 0.172486 seconds
plan limit 754
current timestep 749
num of flexible agents: 4883
num of flexible tasks: 12883
Solving time: 0.17782 seconds
plan limit 748
current timestep 750
num of flexible agents: 4888
num of flexible tasks: 12888
Solving time: 0.176355 seconds
plan limit 760
current timestep 751
num of flexible agents: 4887
num of flexible tasks: 12887
Solving time: 0.175114 seconds
plan limit 751
current timestep 752
num of flexible agents: 4901
num of flexible tasks: 12901
Solving time: 0.184079 seconds
plan limit 741
current timestep 753
num of flexible agents: 4916
num of flexible tasks: 12916
Solving time: 0.1768 seconds
plan limit 748
current timestep 754
num of flexible agents: 4928
num of flexible tasks: 12928
Solving time: 0.182705 seconds
plan limit 743
current timestep 755
num of flexible agents: 4921
num of flexible tasks: 12921
Solving time: 0.184964 seconds
plan limit 742
current timestep 756
num of flexible agents: 4916
num of flexible tasks: 12916
Solving time: 0.16916 seconds
plan limit 755
current timestep 757
num of flexible agents: 4912
num of flexible tasks: 12912
Solving time: 0.190036 seconds
plan limit 735
current timestep 758
num of flexible agents: 4910
num of flexible tasks: 12910
Solving time: 0.167224 seconds
plan limit 769
current timestep 759
num of flexible agents: 4914
num of flexible tasks: 12914
Solving time: 0.174748 seconds
plan limit 751
current timestep 760
num of flexible agents: 4937
num of flexible tasks: 12937
Solving time: 0.174869 seconds
plan limit 751
current timestep 761
num of flexible agents: 4926
num of flexible tasks: 12926
Solving time: 0.19459 seconds
plan limit 732
current timestep 762
num of flexible agents: 4937
num of flexible tasks: 12937
Solving time: 0.189393 seconds
plan limit 737
current timestep 763
num of flexible agents: 4930
num of flexible tasks: 12930
Solving time: 0.180734 seconds
plan limit 751
current timestep 764
num of flexible agents: 4917
num of flexible tasks: 12917
Solving time: 0.186758 seconds
plan limit 739
current timestep 765
num of flexible agents: 4916
num of flexible tasks: 12916
Solving time: 0.181055 seconds
plan limit 755
current timestep 766
num of flexible agents: 4905
num of flexible tasks: 12905
Solving time: 0.178342 seconds
plan limit 757
current timestep 767
num of flexible agents: 4920
num of flexible tasks: 12920
Solving time: 0.180266 seconds
plan limit 744
current timestep 768
num of flexible agents: 4914
num of flexible tasks: 12914
Solving time: 0.187437 seconds
plan limit 737
current timestep 769
num of flexible agents: 4928
num of flexible tasks: 12928
Solving time: 0.174812 seconds
plan limit 751
current timestep 770
num of flexible agents: 4935
num of flexible tasks: 12935
Solving time: 0.183761 seconds
plan limit 740
current timestep 771
num of flexible agents: 4947
num of flexible tasks: 12947
Solving time: 0.18939 seconds
plan limit 736
current timestep 772
num of flexible agents: 4936
num of flexible tasks: 12936
Solving time: 0.177872 seconds
plan limit 748
current timestep 773
num of flexible agents: 4941
num of flexible tasks: 12941
Solving time: 0.18856 seconds
plan limit 737
current timestep 774
num of flexible agents: 4926
num of flexible tasks: 12926
Solving time: 0.174513 seconds
plan limit 751
current timestep 775
num of flexible agents: 4924
num of flexible tasks: 12924
Solving time: 0.191832 seconds
plan limit 744
current timestep 776
num of flexible agents: 4924
num of flexible tasks: 12924
Solving time: 0.170157 seconds
plan limit 765
current timestep 777
num of flexible agents: 4925
num of flexible tasks: 12925
Solving time: 0.18751 seconds
plan limit 735
current timestep 778
num of flexible agents: 4916
num of flexible tasks: 12916
Solving time: 0.196091 seconds
plan limit 729
current timestep 779
num of flexible agents: 4916
num of flexible tasks: 12916
Solving time: 0.185683 seconds
plan limit 738
current timestep 780
num of flexible agents: 4919
num of flexible tasks: 12919
Solving time: 0.184668 seconds
plan limit 740
current timestep 781
num of flexible agents: 4921
num of flexible tasks: 12921
Solving time: 0.179415 seconds
plan limit 746
current timestep 782
num of flexible agents: 4929
num of flexible tasks: 12929
Solving time: 0.183835 seconds
plan limit 752
current timestep 783
num of flexible agents: 4945
num of flexible tasks: 12945
Solving time: 0.171357 seconds
plan limit 753
current timestep 784
num of flexible agents: 4951
num of flexible tasks: 12951
Solving time: 0.17361 seconds
plan limit 750
current timestep 785
num of flexible agents: 4947
num of flexible tasks: 12947
Solving time: 0.174961 seconds
plan limit 748
current timestep 786
num of flexible agents: 4927
num of flexible tasks: 12927
Solving time: 0.166782 seconds
plan limit 757
current timestep 787
num of flexible agents: 4919
num of flexible tasks: 12919
Solving time: 0.169434 seconds
plan limit 766
current timestep 788
num of flexible agents: 4907
num of flexible tasks: 12907
Solving time: 0.167648 seconds
plan limit 768
current timestep 789
num of flexible agents: 4911
num of flexible tasks: 12911
Solving time: 0.181155 seconds
plan limit 752
current timestep 790
num of flexible agents: 4909
num of flexible tasks: 12909
Solving time: 0.179166 seconds
plan limit 757
current timestep 791
num of flexible agents: 4906
num of flexible tasks: 12906
Solving time: 0.170016 seconds
plan limit 754
current timestep 792
num of flexible agents: 4911
num of flexible tasks: 12911
Solving time: 0.17846 seconds
plan limit 746
current timestep 793
num of flexible agents: 4899
num of flexible tasks: 12899
Solving time: 0.164221 seconds
plan limit 761
current timestep 794
num of flexible agents: 4891
num of flexible tasks: 12891
Solving time: 0.186301 seconds
plan limit 749
current timestep 795
num of flexible agents: 4882
num of flexible tasks: 12882
Solving time: 0.167115 seconds
plan limit 757
current timestep 796
num of flexible agents: 4894
num of flexible tasks: 12894
Solving time: 0.18278 seconds
plan limit 738
current timestep 797
num of flexible agents: 4898
num of flexible tasks: 12898
Solving time: 0.164097 seconds
plan limit 761
current timestep 798
num of flexible agents: 4893
num of flexible tasks: 12893
Solving time: 0.183184 seconds
plan limit 741
current timestep 799
num of flexible agents: 4899
num of flexible tasks: 12899
Solving time: 0.169211 seconds
plan limit 754
current timestep 800
num of flexible agents: 4905
num of flexible tasks: 12905
Solving time: 0.170905 seconds
plan limit 753
current timestep 801
num of flexible agents: 4890
num of flexible tasks: 12890
Solving time: 0.173351 seconds
plan limit 750
current timestep 802
num of flexible agents: 4909
num of flexible tasks: 12909
Solving time: 0.163685 seconds
plan limit 760
current timestep 803
num of flexible agents: 4913
num of flexible tasks: 12913
Solving time: 0.165124 seconds
plan limit 756
current timestep 804
num of flexible agents: 4922
num of flexible tasks: 12922
Solving time: 0.158026 seconds
plan limit 777
current timestep 805
num of flexible agents: 4928
num of flexible tasks: 12928
Solving time: 0.172879 seconds
plan limit 760
current timestep 806
num of flexible agents: 4927
num of flexible tasks: 12927
Solving time: 0.190842 seconds
plan limit 743
current timestep 807
num of flexible agents: 4939
num of flexible tasks: 12939
Solving time: 0.177337 seconds
plan limit 756
current timestep 808
num of flexible agents: 4929
num of flexible tasks: 12929
Solving time: 0.191575 seconds
plan limit 743
current timestep 809
num of flexible agents: 4933
num of flexible tasks: 12933
Solving time: 0.184373 seconds
plan limit 750
current timestep 810
num of flexible agents: 4934
num of flexible tasks: 12934
Solving time: 0.170574 seconds
plan limit 764
current timestep 811
num of flexible agents: 4936
num of flexible tasks: 12936
Solving time: 0.189029 seconds
plan limit 746
current timestep 812
num of flexible agents: 4948
num of flexible tasks: 12948
Solving time: 0.172191 seconds
plan limit 762
current timestep 813
num of flexible agents: 4964
num of flexible tasks: 12964
Solving time: 0.175785 seconds
plan limit 748
current timestep 814
num of flexible agents: 4959
num of flexible tasks: 12959
Solving time: 0.183947 seconds
plan limit 751
current timestep 815
num of flexible agents: 4956
num of flexible tasks: 12956
Solving time: 0.181118 seconds
plan limit 739
current timestep 816
num of flexible agents: 4942
num of flexible tasks: 12942
Solving time: 0.175256 seconds
plan limit 745
current timestep 817
num of flexible agents: 4943
num of flexible tasks: 12943
Solving time: 0.187937 seconds
plan limit 735
current timestep 818
num of flexible agents: 4952
num of flexible tasks: 12952
Solving time: 0.170494 seconds
plan limit 753
current timestep 819
num of flexible agents: 4959
num of flexible tasks: 12959
Solving time: 0.169666 seconds
plan limit 754
current timestep 820
num of flexible agents: 4953
num of flexible tasks: 12953
Solving time: 0.177792 seconds
plan limit 745
current timestep 821
num of flexible agents: 4959
num of flexible tasks: 12959
Solving time: 0.17099 seconds
plan limit 752
current timestep 822
num of flexible agents: 4965
num of flexible tasks: 12965
Solving time: 0.181102 seconds
plan limit 738
current timestep 823
num of flexible agents: 4963
num of flexible tasks: 12963
Solving time: 0.171315 seconds
plan limit 750
current timestep 824
num of flexible agents: 4976
num of flexible tasks: 12976
Solving time: 0.187053 seconds
plan limit 736
current timestep 825
num of flexible agents: 4963
num of flexible tasks: 12963
Solving time: 0.196388 seconds
plan limit 726
current timestep 826
num of flexible agents: 4968
num of flexible tasks: 12968
Solving time: 0.171561 seconds
plan limit 752
current timestep 827
num of flexible agents: 4975
num of flexible tasks: 12975
Solving time: 0.188172 seconds
plan limit 734
current timestep 828
num of flexible agents: 4968
num of flexible tasks: 12968
Solving time: 0.176505 seconds
plan limit 746
current timestep 829
num of flexible agents: 4975
num of flexible tasks: 12975
Solving time: 0.189791 seconds
plan limit 729
current timestep 830
num of flexible agents: 4994
num of flexible tasks: 12994
Solving time: 0.169612 seconds
plan limit 761
current timestep 831
num of flexible agents: 5000
num of flexible tasks: 13000
Solving time: 0.180714 seconds
plan limit 753
current timestep 832
num of flexible agents: 4997
num of flexible tasks: 12997
Solving time: 0.193718 seconds
plan limit 729
current timestep 833
num of flexible agents: 5005
num of flexible tasks: 13005
Solving time: 0.176494 seconds
plan limit 747
current timestep 834
num of flexible agents: 5012
num of flexible tasks: 13012
Solving time: 0.181803 seconds
plan limit 750
current timestep 835
num of flexible agents: 5022
num of flexible tasks: 13022
Solving time: 0.169012 seconds
plan limit 754
current timestep 836
num of flexible agents: 5023
num of flexible tasks: 13023
Solving time: 0.177617 seconds
plan limit 745
current timestep 837
num of flexible agents: 5007
num of flexible tasks: 13007
Solving time: 0.186034 seconds
plan limit 737
current timestep 838
num of flexible agents: 5014
num of flexible tasks: 13014
Solving time: 0.185237 seconds
plan limit 748
current timestep 839
num of flexible agents: 5014
num of flexible tasks: 13014
Solving time: 0.184194 seconds
plan limit 738
current timestep 840
num of flexible agents: 5008
num of flexible tasks: 13008
Solving time: 0.172776 seconds
plan limit 750
current timestep 841
num of flexible agents: 5014
num of flexible tasks: 13014
Solving time: 0.187919 seconds
plan limit 729
current timestep 842
num of flexible agents: 5015
num of flexible tasks: 13015
Solving time: 0.209541 seconds
plan limit 703
current timestep 843
num of flexible agents: 5037
num of flexible tasks: 13037
Solving time: 0.191111 seconds
plan limit 731
current timestep 844
num of flexible agents: 5043
num of flexible tasks: 13043
Solving time: 0.194009 seconds
plan limit 726
current timestep 845
num of flexible agents: 5037
num of flexible tasks: 13037
Solving time: 0.199344 seconds
plan limit 722
current timestep 846
num of flexible agents: 5025
num of flexible tasks: 13025
Solving time: 0.180873 seconds
plan limit 750
current timestep 847
num of flexible agents: 5029
num of flexible tasks: 13029
Solving time: 0.190678 seconds
plan limit 728
current timestep 848
num of flexible agents: 5053
num of flexible tasks: 13053
Solving time: 0.185378 seconds
plan limit 736
current timestep 849
num of flexible agents: 5066
num of flexible tasks: 13066
Solving time: 0.196023 seconds
plan limit 737
current timestep 850
num of flexible agents: 5067
num of flexible tasks: 13067
Solving time: 0.181199 seconds
plan limit 739
current timestep 851
num of flexible agents: 5071
num of flexible tasks: 13071
Solving time: 0.190802 seconds
plan limit 729
current timestep 852
num of flexible agents: 5067
num of flexible tasks: 13067
Solving time: 0.197589 seconds
plan limit 724
current timestep 853
num of flexible agents: 5064
num of flexible tasks: 13064
Solving time: 0.179542 seconds
plan limit 740
current timestep 854
num of flexible agents: 5062
num of flexible tasks: 13062
Solving time: 0.181361 seconds
plan limit 739
current timestep 855
num of flexible agents: 5055
num of flexible tasks: 13055
Solving time: 0.184938 seconds
plan limit 734
current timestep 856
num of flexible agents: 5063
num of flexible tasks: 13063
Solving time: 0.19812 seconds
plan limit 736
current timestep 857
num of flexible agents: 5068
num of flexible tasks: 13068
Solving time: 0.182183 seconds
plan limit 739
current timestep 858
num of flexible agents: 5057
num of flexible tasks: 13057
Solving time: 0.181008 seconds
plan limit 738
current timestep 859
num of flexible agents: 5074
num of flexible tasks: 13074
Solving time: 0.189108 seconds
plan limit 730
current timestep 860
num of flexible agents: 5079
num of flexible tasks: 13079
Solving time: 0.179035 seconds
plan limit 743
current timestep 861
num of flexible agents: 5098
num of flexible tasks: 13098
Solving time: 0.194256 seconds
plan limit 728
current timestep 862
num of flexible agents: 5090
num of flexible tasks: 13090
Solving time: 0.182852 seconds
plan limit 740
current timestep 863
num of flexible agents: 5102
num of flexible tasks: 13102
Solving time: 0.179513 seconds
plan limit 754
current timestep 864
num of flexible agents: 5093
num of flexible tasks: 13093
Solving time: 0.172992 seconds
plan limit 748
current timestep 865
num of flexible agents: 5091
num of flexible tasks: 13091
Solving time: 0.177764 seconds
plan limit 739
current timestep 866
num of flexible agents: 5096
num of flexible tasks: 13096
Solving time: 0.184754 seconds
plan limit 747
current timestep 867
num of flexible agents: 5107
num of flexible tasks: 13107
Solving time: 0.18907 seconds
plan limit 729
current timestep 868
num of flexible agents: 5116
num of flexible tasks: 13116
Solving time: 0.211206 seconds
plan limit 711
current timestep 869
num of flexible agents: 5108
num of flexible tasks: 13108
Solving time: 0.18495 seconds
plan limit 737
current timestep 870
num of flexible agents: 5105
num of flexible tasks: 13105
Solving time: 0.18254 seconds
plan limit 748
current timestep 871
num of flexible agents: 5109
num of flexible tasks: 13109
Solving time: 0.178296 seconds
plan limit 752
current timestep 872
num of flexible agents: 5118
num of flexible tasks: 13118
Solving time: 0.185162 seconds
plan limit 736
current timestep 873
num of flexible agents: 5107
num of flexible tasks: 13107
Solving time: 0.190046 seconds
plan limit 741
current timestep 874
num of flexible agents: 5107
num of flexible tasks: 13107
Solving time: 0.1798 seconds
plan limit 741
current timestep 875
num of flexible agents: 5111
num of flexible tasks: 13111
Solving time: 0.181616 seconds
plan limit 751
current timestep 876
num of flexible agents: 5109
num of flexible tasks: 13109
Solving time: 0.179265 seconds
plan limit 742
current timestep 877
num of flexible agents: 5117
num of flexible tasks: 13117
Solving time: 0.183477 seconds
plan limit 736
current timestep 878
num of flexible agents: 5128
num of flexible tasks: 13128
Solving time: 0.184313 seconds
plan limit 747
current timestep 879
num of flexible agents: 5116
num of flexible tasks: 13116
Solving time: 0.185327 seconds
plan limit 736
current timestep 880
num of flexible agents: 5126
num of flexible tasks: 13126
Solving time: 0.182256 seconds
plan limit 739
current timestep 881
num of flexible agents: 5123
num of flexible tasks: 13123
Solving time: 0.174141 seconds
plan limit 744
current timestep 882
num of flexible agents: 5106
num of flexible tasks: 13106
Solving time: 0.190007 seconds
plan limit 727
current timestep 883
num of flexible agents: 5113
num of flexible tasks: 13113
Solving time: 0.181171 seconds
plan limit 734
current timestep 884
num of flexible agents: 5108
num of flexible tasks: 13108
Solving time: 0.186766 seconds
plan limit 734
current timestep 885
num of flexible agents: 5111
num of flexible tasks: 13111
Solving time: 0.184009 seconds
plan limit 734
current timestep 886
num of flexible agents: 5126
num of flexible tasks: 13126
Solving time: 0.17617 seconds
plan limit 755
current timestep 887
num of flexible agents: 5120
num of flexible tasks: 13120
Solving time: 0.188989 seconds
plan limit 742
current timestep 888
num of flexible agents: 5115
num of flexible tasks: 13115
Solving time: 0.177853 seconds
plan limit 754
current timestep 889
num of flexible agents: 5114
num of flexible tasks: 13114
Solving time: 0.182429 seconds
plan limit 737
current timestep 890
num of flexible agents: 5109
num of flexible tasks: 13109
Solving time: 0.178332 seconds
plan limit 742
current timestep 891
num of flexible agents: 5110
num of flexible tasks: 13110
Solving time: 0.180488 seconds
plan limit 752
current timestep 892
num of flexible agents: 5118
num of flexible tasks: 13118
Solving time: 0.185363 seconds
plan limit 746
current timestep 893
num of flexible agents: 5117
num of flexible tasks: 13117
Solving time: 0.174102 seconds
plan limit 746
current timestep 894
num of flexible agents: 5109
num of flexible tasks: 13109
Solving time: 0.181623 seconds
plan limit 737
current timestep 895
num of flexible agents: 5123
num of flexible tasks: 13123
Solving time: 0.169973 seconds
plan limit 748
current timestep 896
num of flexible agents: 5120
num of flexible tasks: 13120
Solving time: 0.17703 seconds
plan limit 743
current timestep 897
num of flexible agents: 5112
num of flexible tasks: 13112
Solving time: 0.177398 seconds
plan limit 742
current timestep 898
num of flexible agents: 5122
num of flexible tasks: 13122
Solving time: 0.172322 seconds
plan limit 758
current timestep 899
num of flexible agents: 5133
num of flexible tasks: 13133
Solving time: 0.172002 seconds
plan limit 746
current timestep 900
num of flexible agents: 5146
num of flexible tasks: 13146
Solving time: 0.172222 seconds
plan limit 746
current timestep 901
num of flexible agents: 5165
num of flexible tasks: 13165
Solving time: 0.189682 seconds
plan limit 729
current timestep 902
num of flexible agents: 5172
num of flexible tasks: 13172
Solving time: 0.18285 seconds
plan limit 736
current timestep 903
num of flexible agents: 5177
num of flexible tasks: 13177
Solving time: 0.173745 seconds
plan limit 746
current timestep 904
num of flexible agents: 5171
num of flexible tasks: 13171
Solving time: 0.187064 seconds
plan limit 733
current timestep 905
num of flexible agents: 5178
num of flexible tasks: 13178
Solving time: 0.17779 seconds
plan limit 742
current timestep 906
num of flexible agents: 5191
num of flexible tasks: 13191
Solving time: 0.176992 seconds
plan limit 740
current timestep 907
num of flexible agents: 5201
num of flexible tasks: 13201
Solving time: 0.179784 seconds
plan limit 739
current timestep 908
num of flexible agents: 5213
num of flexible tasks: 13213
Solving time: 0.17966 seconds
plan limit 740
current timestep 909
num of flexible agents: 5221
num of flexible tasks: 13221
Solving time: 0.1882 seconds
plan limit 730
current timestep 910
num of flexible agents: 5227
num of flexible tasks: 13227
Solving time: 0.184467 seconds
plan limit 735
current timestep 911
num of flexible agents: 5222
num of flexible tasks: 13222
Solving time: 0.178012 seconds
plan limit 737
current timestep 912
num of flexible agents: 5217
num of flexible tasks: 13217
Solving time: 0.182859 seconds
plan limit 747
current timestep 913
num of flexible agents: 5207
num of flexible tasks: 13207
Solving time: 0.180338 seconds
plan limit 750
current timestep 914
num of flexible agents: 5206
num of flexible tasks: 13206
Solving time: 0.174276 seconds
plan limit 743
current timestep 915
num of flexible agents: 5217
num of flexible tasks: 13217
Solving time: 0.196043 seconds
plan limit 736
current timestep 916
num of flexible agents: 5220
num of flexible tasks: 13220
Solving time: 0.179399 seconds
plan limit 737
current timestep 917
num of flexible agents: 5230
num of flexible tasks: 13230
Solving time: 0.19712 seconds
plan limit 731
current timestep 918
num of flexible agents: 5244
num of flexible tasks: 13244
Solving time: 0.183105 seconds
plan limit 736
current timestep 919
num of flexible agents: 5245
num of flexible tasks: 13245
Solving time: 0.205195 seconds
plan limit 714
current timestep 920
num of flexible agents: 5234
num of flexible tasks: 13234
Solving time: 0.173744 seconds
plan limit 756
current timestep 921
num of flexible agents: 5240
num of flexible tasks: 13240
Solving time: 0.197537 seconds
plan limit 734
current timestep 922
num of flexible agents: 5246
num of flexible tasks: 13246
Solving time: 0.20065 seconds
plan limit 717
current timestep 923
num of flexible agents: 5238
num of flexible tasks: 13238
Solving time: 0.179642 seconds
plan limit 739
current timestep 924
num of flexible agents: 5237
num of flexible tasks: 13237
Solving time: 0.213724 seconds
plan limit 705
current timestep 925
num of flexible agents: 5238
num of flexible tasks: 13238
Solving time: 0.196293 seconds
plan limit 723
current timestep 926
num of flexible agents: 5239
num of flexible tasks: 13239
Solving time: 0.190267 seconds
plan limit 728
current timestep 927
num of flexible agents: 5244
num of flexible tasks: 13244
Solving time: 0.189747 seconds
plan limit 727
current timestep 928
num of flexible agents: 5239
num of flexible tasks: 13239
Solving time: 0.200887 seconds
plan limit 714
current timestep 929
num of flexible agents: 5250
num of flexible tasks: 13250
Solving time: 0.234256 seconds
plan limit 684
current timestep 930
num of flexible agents: 5263
num of flexible tasks: 13263
Solving time: 0.190115 seconds
plan limit 728
current timestep 931
num of flexible agents: 5262
num of flexible tasks: 13262
Solving time: 0.200841 seconds
plan limit 717
current timestep 932
num of flexible agents: 5267
num of flexible tasks: 13267
Solving time: 0.172494 seconds
plan limit 744
current timestep 933
num of flexible agents: 5267
num of flexible tasks: 13267
Solving time: 0.193992 seconds
plan limit 721
current timestep 934
num of flexible agents: 5266
num of flexible tasks: 13266
Solving time: 0.188896 seconds
plan limit 722
current timestep 935
num of flexible agents: 5263
num of flexible tasks: 13263
Solving time: 0.196193 seconds
plan limit 722
current timestep 936
num of flexible agents: 5270
num of flexible tasks: 13270
Solving time: 0.195519 seconds
plan limit 723
current timestep 937
num of flexible agents: 5269
num of flexible tasks: 13269
Solving time: 0.192281 seconds
plan limit 721
current timestep 938
num of flexible agents: 5267
num of flexible tasks: 13267
Solving time: 0.200795 seconds
plan limit 717
current timestep 939
num of flexible agents: 5269
num of flexible tasks: 13269
Solving time: 0.194502 seconds
plan limit 719
current timestep 940
num of flexible agents: 5277
num of flexible tasks: 13277
Solving time: 0.201426 seconds
plan limit 716
current timestep 941
num of flexible agents: 5292
num of flexible tasks: 13292
Solving time: 0.196873 seconds
plan limit 719
current timestep 942
num of flexible agents: 5289
num of flexible tasks: 13289
Solving time: 0.202941 seconds
plan limit 726
current timestep 943
num of flexible agents: 5322
num of flexible tasks: 13322
Solving time: 0.198903 seconds
plan limit 719
current timestep 944
num of flexible agents: 5335
num of flexible tasks: 13335
Solving time: 0.184245 seconds
plan limit 730
current timestep 945
num of flexible agents: 5334
num of flexible tasks: 13334
Solving time: 0.194099 seconds
plan limit 720
current timestep 946
num of flexible agents: 5326
num of flexible tasks: 13326
Solving time: 0.204532 seconds
plan limit 724
current timestep 947
num of flexible agents: 5335
num of flexible tasks: 13335
Solving time: 0.17228 seconds
plan limit 745
current timestep 948
num of flexible agents: 5348
num of flexible tasks: 13348
Solving time: 0.189921 seconds
plan limit 727
current timestep 949
num of flexible agents: 5353
num of flexible tasks: 13353
Solving time: 0.17724 seconds
plan limit 752
current timestep 950
num of flexible agents: 5362
num of flexible tasks: 13362
Solving time: 0.17973 seconds
plan limit 735
current timestep 951
num of flexible agents: 5354
num of flexible tasks: 13354
Solving time: 0.186166 seconds
plan limit 730
current timestep 952
num of flexible agents: 5365
num of flexible tasks: 13365
Solving time: 0.190882 seconds
plan limit 725
current timestep 953
num of flexible agents: 5372
num of flexible tasks: 13372
Solving time: 0.190095 seconds
plan limit 726
current timestep 954
num of flexible agents: 5367
num of flexible tasks: 13367
Solving time: 0.174825 seconds
plan limit 741
current timestep 955
num of flexible agents: 5379
num of flexible tasks: 13379
Solving time: 0.174734 seconds
plan limit 738
current timestep 956
num of flexible agents: 5375
num of flexible tasks: 13375
Solving time: 0.178798 seconds
plan limit 735
current timestep 957
num of flexible agents: 5382
num of flexible tasks: 13382
Solving time: 0.198157 seconds
plan limit 716
current timestep 958
num of flexible agents: 5395
num of flexible tasks: 13395
Solving time: 0.197074 seconds
plan limit 719
current timestep 959
num of flexible agents: 5390
num of flexible tasks: 13390
Solving time: 0.197687 seconds
plan limit 716
current timestep 960
num of flexible agents: 5398
num of flexible tasks: 13398
Solving time: 0.196866 seconds
plan limit 715
current timestep 961
num of flexible agents: 5394
num of flexible tasks: 13394
Solving time: 0.190001 seconds
plan limit 723
current timestep 962
num of flexible agents: 5391
num of flexible tasks: 13391
Solving time: 0.176355 seconds
plan limit 750
current timestep 963
num of flexible agents: 5386
num of flexible tasks: 13386
Solving time: 0.190148 seconds
plan limit 724
current timestep 964
num of flexible agents: 5384
num of flexible tasks: 13384
Solving time: 0.186478 seconds
plan limit 729
current timestep 965
num of flexible agents: 5364
num of flexible tasks: 13364
Solving time: 0.187512 seconds
plan limit 725
current timestep 966
num of flexible agents: 5363
num of flexible tasks: 13363
Solving time: 0.213575 seconds
plan limit 699
current timestep 967
num of flexible agents: 5365
num of flexible tasks: 13365
Solving time: 0.189701 seconds
plan limit 725
current timestep 968
num of flexible agents: 5354
num of flexible tasks: 13354
Solving time: 0.190136 seconds
plan limit 725
current timestep 969
num of flexible agents: 5363
num of flexible tasks: 13363
Solving time: 0.189572 seconds
plan limit 726
current timestep 970
num of flexible agents: 5373
num of flexible tasks: 13373
Solving time: 0.190678 seconds
plan limit 724
current timestep 971
num of flexible agents: 5366
num of flexible tasks: 13366
Solving time: 0.184204 seconds
plan limit 729
current timestep 972
num of flexible agents: 5376
num of flexible tasks: 13376
Solving time: 0.193645 seconds
plan limit 734
current timestep 973
num of flexible agents: 5371
num of flexible tasks: 13371
Solving time: 0.188051 seconds
plan limit 724
current timestep 974
num of flexible agents: 5371
num of flexible tasks: 13371
Solving time: 0.191783 seconds
plan limit 724
current timestep 975
num of flexible agents: 5376
num of flexible tasks: 13376
Solving time: 0.184505 seconds
plan limit 731
current timestep 976
num of flexible agents: 5361
num of flexible tasks: 13361
Solving time: 0.173902 seconds
plan limit 755
current timestep 977
num of flexible agents: 5356
num of flexible tasks: 13356
Solving time: 0.200812 seconds
plan limit 728
current timestep 978
num of flexible agents: 5355
num of flexible tasks: 13355
Solving time: 0.17475 seconds
plan limit 752
current timestep 979
num of flexible agents: 5355
num of flexible tasks: 13355
Solving time: 0.178337 seconds
plan limit 748
current timestep 980
num of flexible agents: 5350
num of flexible tasks: 13350
Solving time: 0.174474 seconds
plan limit 752
current timestep 981
num of flexible agents: 5357
num of flexible tasks: 13357
Solving time: 0.194032 seconds
plan limit 731
current timestep 982
num of flexible agents: 5370
num of flexible tasks: 13370
Solving time: 0.187178 seconds
plan limit 741
current timestep 983
num of flexible agents: 5369
num of flexible tasks: 13369
Solving time: 0.186786 seconds
plan limit 728
current timestep 984
num of flexible agents: 5356
num of flexible tasks: 13356
Solving time: 0.180059 seconds
plan limit 734
current timestep 985
num of flexible agents: 5355
num of flexible tasks: 13355
Solving time: 0.178518 seconds
plan limit 734
current timestep 986
num of flexible agents: 5357
num of flexible tasks: 13357
Solving time: 0.180144 seconds
plan limit 734
current timestep 987
num of flexible agents: 5349
num of flexible tasks: 13349
Solving time: 0.177074 seconds
plan limit 738
current timestep 988
num of flexible agents: 5345
num of flexible tasks: 13345
Solving time: 0.180063 seconds
plan limit 735
current timestep 989
num of flexible agents: 5339
num of flexible tasks: 13339
Solving time: 0.175048 seconds
plan limit 740
current timestep 990
num of flexible agents: 5346
num of flexible tasks: 13346
Solving time: 0.187474 seconds
plan limit 727
current timestep 991
num of flexible agents: 5335
num of flexible tasks: 13335
Solving time: 0.191693 seconds
plan limit 735
current timestep 992
num of flexible agents: 5332
num of flexible tasks: 13332
Solving time: 0.176765 seconds
plan limit 738
current timestep 993
num of flexible agents: 5322
num of flexible tasks: 13322
Solving time: 0.193557 seconds
plan limit 734
current timestep 994
num of flexible agents: 5320
num of flexible tasks: 13320
Solving time: 0.178345 seconds
plan limit 738
current timestep 995
num of flexible agents: 5307
num of flexible tasks: 13307
Solving time: 0.18809 seconds
plan limit 725
current timestep 996
num of flexible agents: 5300
num of flexible tasks: 13300
Solving time: 0.194412 seconds
plan limit 719
current timestep 997
num of flexible agents: 5306
num of flexible tasks: 13306
Solving time: 0.197339 seconds
plan limit 716
current timestep 998
num of flexible agents: 5310
num of flexible tasks: 13310
Solving time: 0.212817 seconds
plan limit 715
current timestep 999
num of flexible agents: 5322
num of flexible tasks: 13322
Solving time: 0.200418 seconds
plan limit 728
