current timestep 0
num of flexible agents: 16000
num of flexible tasks: 24000
Solving time: 0.168981 seconds
plan limit 802
compute initial stop until 0
current timestep 1
num of flexible agents: 15604
num of flexible tasks: 23604
Solving time: 0.15901 seconds
plan limit 814
compute initial stop until 919
current timestep 2
num of flexible agents: 15278
num of flexible tasks: 23278
Solving time: 0.151403 seconds
plan limit 822
compute initial stop until 2271
current timestep 3
num of flexible agents: 14993
num of flexible tasks: 22993
Solving time: 0.15133 seconds
plan limit 821
compute initial stop until 3097
current timestep 4
num of flexible agents: 14695
num of flexible tasks: 22695
Solving time: 0.155148 seconds
plan limit 817
compute initial stop until 3463
current timestep 5
num of flexible agents: 14453
num of flexible tasks: 22453
Solving time: 0.15542 seconds
plan limit 817
compute initial stop until 3828
current timestep 6
num of flexible agents: 14212
num of flexible tasks: 22212
Solving time: 0.149531 seconds
plan limit 823
compute initial stop until 4005
current timestep 7
num of flexible agents: 13996
num of flexible tasks: 21996
Solving time: 0.148396 seconds
plan limit 823
compute initial stop until 4286
current timestep 8
num of flexible agents: 13792
num of flexible tasks: 21792
Solving time: 0.148757 seconds
plan limit 823
compute initial stop until 4560
current timestep 9
num of flexible agents: 13577
num of flexible tasks: 21577
Solving time: 0.153117 seconds
plan limit 819
compute initial stop until 4756
current timestep 10
num of flexible agents: 13365
num of flexible tasks: 21365
Solving time: 0.142848 seconds
plan limit 829
compute initial stop until 4945
current timestep 11
num of flexible agents: 13141
num of flexible tasks: 21141
Solving time: 0.150004 seconds
plan limit 822
compute initial stop until 5015
current timestep 12
num of flexible agents: 12927
num of flexible tasks: 20927
Solving time: 0.143738 seconds
plan limit 828
compute initial stop until 5102
current timestep 13
num of flexible agents: 12715
num of flexible tasks: 20715
Solving time: 0.134489 seconds
plan limit 837
compute initial stop until 5160
current timestep 14
num of flexible agents: 12515
num of flexible tasks: 20515
Solving time: 0.14659 seconds
plan limit 824
compute initial stop until 5309
current timestep 15
num of flexible agents: 12324
num of flexible tasks: 20324
Solving time: 0.139776 seconds
plan limit 832
compute initial stop until 5436
current timestep 16
num of flexible agents: 12115
num of flexible tasks: 20115
Solving time: 0.143538 seconds
plan limit 827
compute initial stop until 5497
current timestep 17
num of flexible agents: 11921
num of flexible tasks: 19921
Solving time: 0.142258 seconds
plan limit 829
compute initial stop until 5575
current timestep 18
num of flexible agents: 11739
num of flexible tasks: 19739
Solving time: 0.147009 seconds
plan limit 824
compute initial stop until 5700
current timestep 19
num of flexible agents: 11554
num of flexible tasks: 19554
Solving time: 0.143217 seconds
plan limit 828
compute initial stop until 5807
current timestep 20
num of flexible agents: 11389
num of flexible tasks: 19389
Solving time: 0.137855 seconds
plan limit 833
compute initial stop until 5867
current timestep 21
num of flexible agents: 11218
num of flexible tasks: 19218
Solving time: 0.142042 seconds
plan limit 829
compute initial stop until 6026
current timestep 22
num of flexible agents: 11065
num of flexible tasks: 19065
Solving time: 0.128197 seconds
plan limit 842
compute initial stop until 6178
current timestep 23
num of flexible agents: 10884
num of flexible tasks: 18884
Solving time: 0.134368 seconds
plan limit 836
compute initial stop until 6281
current timestep 24
num of flexible agents: 10705
num of flexible tasks: 18705
Solving time: 0.12457 seconds
plan limit 845
compute initial stop until 6411
current timestep 25
num of flexible agents: 10538
num of flexible tasks: 18538
Solving time: 0.116453 seconds
plan limit 854
compute initial stop until 6538
current timestep 26
num of flexible agents: 10362
num of flexible tasks: 18362
Solving time: 0.113775 seconds
plan limit 856
compute initial stop until 6666
current timestep 27
num of flexible agents: 10201
num of flexible tasks: 18201
Solving time: 0.113314 seconds
plan limit 857
compute initial stop until 6800
current timestep 28
num of flexible agents: 10054
num of flexible tasks: 18054
Solving time: 0.117104 seconds
plan limit 852
compute initial stop until 6960
current timestep 29
num of flexible agents: 9898
num of flexible tasks: 17898
Solving time: 0.113509 seconds
plan limit 855
compute initial stop until 7135
current timestep 30
num of flexible agents: 9762
num of flexible tasks: 17762
Solving time: 0.116933 seconds
plan limit 853
compute initial stop until 7266
current timestep 31
num of flexible agents: 9617
num of flexible tasks: 17617
Solving time: 0.113514 seconds
plan limit 856
compute initial stop until 7391
current timestep 32
num of flexible agents: 9495
num of flexible tasks: 17495
Solving time: 0.118692 seconds
plan limit 850
compute initial stop until 7540
current timestep 33
num of flexible agents: 9363
num of flexible tasks: 17363
Solving time: 0.113126 seconds
plan limit 856
compute initial stop until 7674
current timestep 34
num of flexible agents: 9230
num of flexible tasks: 17230
Solving time: 0.112053 seconds
plan limit 857
compute initial stop until 7833
current timestep 35
num of flexible agents: 9091
num of flexible tasks: 17091
Solving time: 0.105175 seconds
plan limit 864
compute initial stop until 7953
current timestep 36
num of flexible agents: 8972
num of flexible tasks: 16972
Solving time: 0.105284 seconds
plan limit 864
compute initial stop until 8086
current timestep 37
num of flexible agents: 8867
num of flexible tasks: 16867
Solving time: 0.109723 seconds
plan limit 859
compute initial stop until 8243
current timestep 38
num of flexible agents: 8731
num of flexible tasks: 16731
Solving time: 0.103053 seconds
plan limit 866
compute initial stop until 8329
current timestep 39
num of flexible agents: 8608
num of flexible tasks: 16608
Solving time: 0.105298 seconds
plan limit 863
compute initial stop until 8501
current timestep 40
num of flexible agents: 8513
num of flexible tasks: 16513
Solving time: 0.102429 seconds
plan limit 866
compute initial stop until 8681
current timestep 41
num of flexible agents: 8418
num of flexible tasks: 16418
Solving time: 0.110063 seconds
plan limit 859
compute initial stop until 8867
current timestep 42
num of flexible agents: 8302
num of flexible tasks: 16302
Solving time: 0.104506 seconds
plan limit 864
compute initial stop until 8992
current timestep 43
num of flexible agents: 8208
num of flexible tasks: 16208
Solving time: 0.111863 seconds
plan limit 857
compute initial stop until 9164
current timestep 44
num of flexible agents: 8086
num of flexible tasks: 16086
Solving time: 0.106918 seconds
plan limit 861
compute initial stop until 9271
current timestep 45
num of flexible agents: 7985
num of flexible tasks: 15985
Solving time: 0.101134 seconds
plan limit 867
compute initial stop until 9450
current timestep 46
num of flexible agents: 7883
num of flexible tasks: 15883
Solving time: 0.105181 seconds
plan limit 863
compute initial stop until 9628
current timestep 47
num of flexible agents: 7787
num of flexible tasks: 15787
Solving time: 0.0939155 seconds
plan limit 874
compute initial stop until 9728
current timestep 48
num of flexible agents: 7685
num of flexible tasks: 15685
Solving time: 0.0940842 seconds
plan limit 874
compute initial stop until 9866
current timestep 49
num of flexible agents: 7584
num of flexible tasks: 15584
Solving time: 0.0922732 seconds
plan limit 876
compute initial stop until 10000
current timestep 50
num of flexible agents: 7491
num of flexible tasks: 15491
Solving time: 0.0900906 seconds
plan limit 877
compute initial stop until 10098
current timestep 51
num of flexible agents: 7406
num of flexible tasks: 15406
Solving time: 0.0838119 seconds
plan limit 884
compute initial stop until 10209
current timestep 52
num of flexible agents: 7318
num of flexible tasks: 15318
Solving time: 0.0861712 seconds
plan limit 881
compute initial stop until 10338
current timestep 53
num of flexible agents: 7213
num of flexible tasks: 15213
Solving time: 0.0868396 seconds
plan limit 880
compute initial stop until 10442
current timestep 54
num of flexible agents: 7152
num of flexible tasks: 15152
Solving time: 0.086585 seconds
plan limit 880
compute initial stop until 10585
current timestep 55
num of flexible agents: 7054
num of flexible tasks: 15054
Solving time: 0.077876 seconds
plan limit 889
compute initial stop until 10662
current timestep 56
num of flexible agents: 6978
num of flexible tasks: 14978
Solving time: 0.100462 seconds
plan limit 864
compute initial stop until 10751
current timestep 57
num of flexible agents: 6908
num of flexible tasks: 14908
Solving time: 0.0776383 seconds
plan limit 889
compute initial stop until 10899
current timestep 58
num of flexible agents: 6824
num of flexible tasks: 14824
Solving time: 0.083244 seconds
plan limit 883
compute initial stop until 11020
current timestep 59
num of flexible agents: 6736
num of flexible tasks: 14736
Solving time: 0.0773565 seconds
plan limit 890
compute initial stop until 11162
current timestep 60
num of flexible agents: 6661
num of flexible tasks: 14661
Solving time: 0.0806687 seconds
plan limit 886
compute initial stop until 11285
current timestep 61
num of flexible agents: 6581
num of flexible tasks: 14581
Solving time: 0.0713008 seconds
plan limit 894
compute initial stop until 11380
current timestep 62
num of flexible agents: 6505
num of flexible tasks: 14505
Solving time: 0.0778928 seconds
plan limit 888
compute initial stop until 11517
current timestep 63
num of flexible agents: 6418
num of flexible tasks: 14418
Solving time: 0.0756437 seconds
plan limit 890
compute initial stop until 11602
current timestep 64
num of flexible agents: 6347
num of flexible tasks: 14347
Solving time: 0.0712434 seconds
plan limit 895
compute initial stop until 11748
current timestep 65
num of flexible agents: 6261
num of flexible tasks: 14261
Solving time: 0.0753257 seconds
plan limit 891
compute initial stop until 11923
current timestep 66
num of flexible agents: 6189
num of flexible tasks: 14189
Solving time: 0.0824534 seconds
plan limit 882
compute initial stop until 12050
current timestep 67
num of flexible agents: 6126
num of flexible tasks: 14126
Solving time: 0.0898168 seconds
plan limit 876
compute initial stop until 12161
current timestep 68
num of flexible agents: 6048
num of flexible tasks: 14048
Solving time: 0.093456 seconds
plan limit 872
compute initial stop until 12234
current timestep 69
num of flexible agents: 5987
num of flexible tasks: 13987
Solving time: 0.0951877 seconds
plan limit 870
compute initial stop until 12373
current timestep 70
num of flexible agents: 5932
num of flexible tasks: 13932
Solving time: 0.0875799 seconds
plan limit 878
compute initial stop until 12460
current timestep 71
num of flexible agents: 5873
num of flexible tasks: 13873
Solving time: 0.0908514 seconds
plan limit 874
compute initial stop until 12625
current timestep 72
num of flexible agents: 5828
num of flexible tasks: 13828
Solving time: 0.0962286 seconds
plan limit 868
compute initial stop until 12835
current timestep 73
num of flexible agents: 5765
num of flexible tasks: 13765
Solving time: 0.104261 seconds
plan limit 860
compute initial stop until 12966
current timestep 74
num of flexible agents: 5724
num of flexible tasks: 13724
Solving time: 0.0963468 seconds
plan limit 868
compute initial stop until 13188
current timestep 75
num of flexible agents: 5669
num of flexible tasks: 13669
Solving time: 0.104754 seconds
plan limit 859
compute initial stop until 13351
current timestep 76
num of flexible agents: 5612
num of flexible tasks: 13612
Solving time: 0.0988683 seconds
plan limit 865
compute initial stop until 13501
current timestep 77
num of flexible agents: 5559
num of flexible tasks: 13559
Solving time: 0.100654 seconds
plan limit 863
compute initial stop until 13685
current timestep 78
num of flexible agents: 5502
num of flexible tasks: 13502
Solving time: 0.101635 seconds
plan limit 862
compute initial stop until 13842
current timestep 79
num of flexible agents: 5439
num of flexible tasks: 13439
Solving time: 0.108113 seconds
plan limit 856
compute initial stop until 14002
current timestep 80
num of flexible agents: 5401
num of flexible tasks: 13401
Solving time: 0.104533 seconds
plan limit 858
compute initial stop until 14187
current timestep 81
num of flexible agents: 5354
num of flexible tasks: 13354
Solving time: 0.105748 seconds
plan limit 857
compute initial stop until 14342
current timestep 82
num of flexible agents: 5295
num of flexible tasks: 13295
Solving time: 0.102737 seconds
plan limit 859
compute initial stop until 14497
current timestep 83
num of flexible agents: 5252
num of flexible tasks: 13252
Solving time: 0.104755 seconds
plan limit 858
compute initial stop until 14670
current timestep 84
num of flexible agents: 5201
num of flexible tasks: 13201
Solving time: 0.0995649 seconds
plan limit 864
compute initial stop until 14835
current timestep 85
num of flexible agents: 5143
num of flexible tasks: 13143
Solving time: 0.100581 seconds
plan limit 862
compute initial stop until 14951
current timestep 86
num of flexible agents: 5102
num of flexible tasks: 13102
Solving time: 0.0984441 seconds
plan limit 864
compute initial stop until 15124
current timestep 87
num of flexible agents: 5052
num of flexible tasks: 13052
Solving time: 0.098103 seconds
plan limit 864
compute initial stop until 15269
current timestep 88
num of flexible agents: 5004
num of flexible tasks: 13004
Solving time: 0.0958856 seconds
plan limit 867
compute initial stop until 15393
current timestep 89
num of flexible agents: 4954
num of flexible tasks: 12954
Solving time: 0.108901 seconds
plan limit 852
compute initial stop until 15520
current timestep 90
num of flexible agents: 4924
num of flexible tasks: 12924
Solving time: 0.0956667 seconds
plan limit 866
compute initial stop until 15671
current timestep 91
num of flexible agents: 4891
num of flexible tasks: 12891
Solving time: 0.0999127 seconds
plan limit 862
compute initial stop until 15822
current timestep 92
num of flexible agents: 4859
num of flexible tasks: 12859
Solving time: 0.100372 seconds
plan limit 862
compute initial stop until 15981
current timestep 93
num of flexible agents: 4821
num of flexible tasks: 12821
Solving time: 0.0979222 seconds
plan limit 863
current timestep 94
num of flexible agents: 4781
num of flexible tasks: 12781
Solving time: 0.0957348 seconds
plan limit 866
current timestep 95
num of flexible agents: 4739
num of flexible tasks: 12739
Solving time: 0.0954639 seconds
plan limit 866
current timestep 96
num of flexible agents: 4710
num of flexible tasks: 12710
Solving time: 0.0958963 seconds
plan limit 865
current timestep 97
num of flexible agents: 4676
num of flexible tasks: 12676
Solving time: 0.0925838 seconds
plan limit 870
current timestep 98
num of flexible agents: 4644
num of flexible tasks: 12644
Solving time: 0.0908443 seconds
plan limit 871
current timestep 99
num of flexible agents: 4612
num of flexible tasks: 12612
Solving time: 0.0901036 seconds
plan limit 872
current timestep 100
num of flexible agents: 4579
num of flexible tasks: 12579
Solving time: 0.093503 seconds
plan limit 867
current timestep 101
num of flexible agents: 4536
num of flexible tasks: 12536
Solving time: 0.0876706 seconds
plan limit 864
current timestep 102
num of flexible agents: 4498
num of flexible tasks: 12498
Solving time: 0.0947358 seconds
plan limit 863
current timestep 103
num of flexible agents: 4467
num of flexible tasks: 12467
Solving time: 0.0887542 seconds
plan limit 869
current timestep 104
num of flexible agents: 4430
num of flexible tasks: 12430
Solving time: 0.0993873 seconds
plan limit 858
current timestep 105
num of flexible agents: 4400
num of flexible tasks: 12400
Solving time: 0.0900733 seconds
plan limit 867
current timestep 106
num of flexible agents: 4390
num of flexible tasks: 12390
Solving time: 0.0922446 seconds
plan limit 863
current timestep 107
num of flexible agents: 4343
num of flexible tasks: 12343
Solving time: 0.0864345 seconds
plan limit 871
current timestep 108
num of flexible agents: 4316
num of flexible tasks: 12316
Solving time: 0.0844726 seconds
plan limit 869
current timestep 109
num of flexible agents: 4277
num of flexible tasks: 12277
Solving time: 0.0844306 seconds
plan limit 868
current timestep 110
num of flexible agents: 4247
num of flexible tasks: 12247
Solving time: 0.0845111 seconds
plan limit 868
current timestep 111
num of flexible agents: 4222
num of flexible tasks: 12222
Solving time: 0.0872839 seconds
plan limit 870
current timestep 112
num of flexible agents: 4199
num of flexible tasks: 12199
Solving time: 0.0859737 seconds
plan limit 867
current timestep 113
num of flexible agents: 4173
num of flexible tasks: 12173
Solving time: 0.0882666 seconds
plan limit 868
current timestep 114
num of flexible agents: 4129
num of flexible tasks: 12129
Solving time: 0.0917555 seconds
plan limit 865
current timestep 115
num of flexible agents: 4095
num of flexible tasks: 12095
Solving time: 0.0951054 seconds
plan limit 861
current timestep 116
num of flexible agents: 4067
num of flexible tasks: 12067
Solving time: 0.095702 seconds
plan limit 861
current timestep 117
num of flexible agents: 4045
num of flexible tasks: 12045
Solving time: 0.0968496 seconds
plan limit 859
current timestep 118
num of flexible agents: 4019
num of flexible tasks: 12019
Solving time: 0.0897569 seconds
plan limit 865
current timestep 119
num of flexible agents: 3981
num of flexible tasks: 11981
Solving time: 0.0973932 seconds
plan limit 859
current timestep 120
num of flexible agents: 3942
num of flexible tasks: 11942
Solving time: 0.093628 seconds
plan limit 862
current timestep 121
num of flexible agents: 3917
num of flexible tasks: 11917
Solving time: 0.0987852 seconds
plan limit 857
current timestep 122
num of flexible agents: 3883
num of flexible tasks: 11883
Solving time: 0.0858775 seconds
plan limit 866
current timestep 123
num of flexible agents: 3860
num of flexible tasks: 11860
Solving time: 0.0910544 seconds
plan limit 863
current timestep 124
num of flexible agents: 3835
num of flexible tasks: 11835
Solving time: 0.0892612 seconds
plan limit 866
current timestep 125
num of flexible agents: 3816
num of flexible tasks: 11816
Solving time: 0.0870779 seconds
plan limit 868
current timestep 126
num of flexible agents: 3788
num of flexible tasks: 11788
Solving time: 0.0907487 seconds
plan limit 861
current timestep 127
num of flexible agents: 3767
num of flexible tasks: 11767
Solving time: 0.087785 seconds
plan limit 864
current timestep 128
num of flexible agents: 3743
num of flexible tasks: 11743
Solving time: 0.0926627 seconds
plan limit 859
current timestep 129
num of flexible agents: 3739
num of flexible tasks: 11739
Solving time: 0.090576 seconds
plan limit 862
current timestep 130
num of flexible agents: 3732
num of flexible tasks: 11732
Solving time: 0.0900149 seconds
plan limit 862
current timestep 131
num of flexible agents: 3719
num of flexible tasks: 11719
Solving time: 0.0888177 seconds
plan limit 862
current timestep 132
num of flexible agents: 3706
num of flexible tasks: 11706
Solving time: 0.0896821 seconds
plan limit 863
current timestep 133
num of flexible agents: 3695
num of flexible tasks: 11695
Solving time: 0.0937385 seconds
plan limit 861
current timestep 134
num of flexible agents: 3685
num of flexible tasks: 11685
Solving time: 0.0977433 seconds
plan limit 853
current timestep 135
num of flexible agents: 3658
num of flexible tasks: 11658
Solving time: 0.0957568 seconds
plan limit 854
current timestep 136
num of flexible agents: 3635
num of flexible tasks: 11635
Solving time: 0.100198 seconds
plan limit 848
current timestep 137
num of flexible agents: 3623
num of flexible tasks: 11623
Solving time: 0.091456 seconds
plan limit 860
current timestep 138
num of flexible agents: 3623
num of flexible tasks: 11623
Solving time: 0.0996094 seconds
plan limit 848
current timestep 139
num of flexible agents: 3602
num of flexible tasks: 11602
Solving time: 0.0931661 seconds
plan limit 858
current timestep 140
num of flexible agents: 3578
num of flexible tasks: 11578
Solving time: 0.0936321 seconds
plan limit 855
current timestep 141
num of flexible agents: 3558
num of flexible tasks: 11558
Solving time: 0.0964406 seconds
plan limit 855
current timestep 142
num of flexible agents: 3539
num of flexible tasks: 11539
Solving time: 0.0974151 seconds
plan limit 853
current timestep 143
num of flexible agents: 3515
num of flexible tasks: 11515
Solving time: 0.0900781 seconds
plan limit 863
current timestep 144
num of flexible agents: 3510
num of flexible tasks: 11510
Solving time: 0.0975524 seconds
plan limit 852
current timestep 145
num of flexible agents: 3499
num of flexible tasks: 11499
Solving time: 0.0898208 seconds
plan limit 861
current timestep 146
num of flexible agents: 3482
num of flexible tasks: 11482
Solving time: 0.0941138 seconds
plan limit 856
current timestep 147
num of flexible agents: 3476
num of flexible tasks: 11476
Solving time: 0.0892353 seconds
plan limit 862
current timestep 148
num of flexible agents: 3470
num of flexible tasks: 11470
Solving time: 0.0935558 seconds
plan limit 857
current timestep 149
num of flexible agents: 3462
num of flexible tasks: 11462
Solving time: 0.0929459 seconds
plan limit 856
current timestep 150
num of flexible agents: 3449
num of flexible tasks: 11449
Solving time: 0.0925509 seconds
plan limit 857
current timestep 151
num of flexible agents: 3428
num of flexible tasks: 11428
Solving time: 0.0945627 seconds
plan limit 855
current timestep 152
num of flexible agents: 3420
num of flexible tasks: 11420
Solving time: 0.0899429 seconds
plan limit 860
current timestep 153
num of flexible agents: 3409
num of flexible tasks: 11409
Solving time: 0.0973673 seconds
plan limit 856
current timestep 154
num of flexible agents: 3390
num of flexible tasks: 11390
Solving time: 0.0943087 seconds
plan limit 856
current timestep 155
num of flexible agents: 3387
num of flexible tasks: 11387
Solving time: 0.100487 seconds
plan limit 853
current timestep 156
num of flexible agents: 3381
num of flexible tasks: 11381
Solving time: 0.0915924 seconds
plan limit 858
current timestep 157
num of flexible agents: 3368
num of flexible tasks: 11368
Solving time: 0.0930664 seconds
plan limit 855
current timestep 158
num of flexible agents: 3371
num of flexible tasks: 11371
Solving time: 0.0922376 seconds
plan limit 862
current timestep 159
num of flexible agents: 3375
num of flexible tasks: 11375
Solving time: 0.093336 seconds
plan limit 855
current timestep 160
num of flexible agents: 3369
num of flexible tasks: 11369
Solving time: 0.0951172 seconds
plan limit 855
current timestep 161
num of flexible agents: 3353
num of flexible tasks: 11353
Solving time: 0.0910462 seconds
plan limit 859
current timestep 162
num of flexible agents: 3341
num of flexible tasks: 11341
Solving time: 0.0911787 seconds
plan limit 859
current timestep 163
num of flexible agents: 3334
num of flexible tasks: 11334
Solving time: 0.0908859 seconds
plan limit 859
current timestep 164
num of flexible agents: 3325
num of flexible tasks: 11325
Solving time: 0.0923389 seconds
plan limit 858
current timestep 165
num of flexible agents: 3303
num of flexible tasks: 11303
Solving time: 0.0910601 seconds
plan limit 859
current timestep 166
num of flexible agents: 3307
num of flexible tasks: 11307
Solving time: 0.0944925 seconds
plan limit 853
current timestep 167
num of flexible agents: 3299
num of flexible tasks: 11299
Solving time: 0.101672 seconds
plan limit 847
current timestep 168
num of flexible agents: 3309
num of flexible tasks: 11309
Solving time: 0.0962784 seconds
plan limit 851
current timestep 169
num of flexible agents: 3303
num of flexible tasks: 11303
Solving time: 0.0964523 seconds
plan limit 853
current timestep 170
num of flexible agents: 3298
num of flexible tasks: 11298
Solving time: 0.0964887 seconds
plan limit 853
current timestep 171
num of flexible agents: 3280
num of flexible tasks: 11280
Solving time: 0.0958853 seconds
plan limit 857
current timestep 172
num of flexible agents: 3274
num of flexible tasks: 11274
Solving time: 0.105667 seconds
plan limit 848
current timestep 173
num of flexible agents: 3262
num of flexible tasks: 11262
Solving time: 0.0907594 seconds
plan limit 859
current timestep 174
num of flexible agents: 3258
num of flexible tasks: 11258
Solving time: 0.0948712 seconds
plan limit 850
current timestep 175
num of flexible agents: 3262
num of flexible tasks: 11262
Solving time: 0.0918595 seconds
plan limit 857
current timestep 176
num of flexible agents: 3258
num of flexible tasks: 11258
Solving time: 0.0965429 seconds
plan limit 851
current timestep 177
num of flexible agents: 3256
num of flexible tasks: 11256
Solving time: 0.0951319 seconds
plan limit 854
current timestep 178
num of flexible agents: 3270
num of flexible tasks: 11270
Solving time: 0.0905468 seconds
plan limit 858
current timestep 179
num of flexible agents: 3271
num of flexible tasks: 11271
Solving time: 0.0946523 seconds
plan limit 853
current timestep 180
num of flexible agents: 3269
num of flexible tasks: 11269
Solving time: 0.0910699 seconds
plan limit 858
current timestep 181
num of flexible agents: 3270
num of flexible tasks: 11270
Solving time: 0.0896947 seconds
plan limit 859
current timestep 182
num of flexible agents: 3283
num of flexible tasks: 11283
Solving time: 0.101704 seconds
plan limit 851
current timestep 183
num of flexible agents: 3285
num of flexible tasks: 11285
Solving time: 0.0954728 seconds
plan limit 855
current timestep 184
num of flexible agents: 3287
num of flexible tasks: 11287
Solving time: 0.104715 seconds
plan limit 843
current timestep 185
num of flexible agents: 3284
num of flexible tasks: 11284
Solving time: 0.0997613 seconds
plan limit 848
current timestep 186
num of flexible agents: 3273
num of flexible tasks: 11273
Solving time: 0.0944398 seconds
plan limit 854
current timestep 187
num of flexible agents: 3280
num of flexible tasks: 11280
Solving time: 0.101006 seconds
plan limit 847
current timestep 188
num of flexible agents: 3283
num of flexible tasks: 11283
Solving time: 0.0907501 seconds
plan limit 857
current timestep 189
num of flexible agents: 3284
num of flexible tasks: 11284
Solving time: 0.104307 seconds
plan limit 845
current timestep 190
num of flexible agents: 3279
num of flexible tasks: 11279
Solving time: 0.0922399 seconds
plan limit 856
current timestep 191
num of flexible agents: 3279
num of flexible tasks: 11279
Solving time: 0.100686 seconds
plan limit 845
current timestep 192
num of flexible agents: 3290
num of flexible tasks: 11290
Solving time: 0.0967093 seconds
plan limit 851
current timestep 193
num of flexible agents: 3296
num of flexible tasks: 11296
Solving time: 0.0977635 seconds
plan limit 849
current timestep 194
num of flexible agents: 3296
num of flexible tasks: 11296
Solving time: 0.0970992 seconds
plan limit 850
current timestep 195
num of flexible agents: 3287
num of flexible tasks: 11287
Solving time: 0.0959672 seconds
plan limit 852
current timestep 196
num of flexible agents: 3284
num of flexible tasks: 11284
Solving time: 0.0943177 seconds
plan limit 852
current timestep 197
num of flexible agents: 3279
num of flexible tasks: 11279
Solving time: 0.093378 seconds
plan limit 855
current timestep 198
num of flexible agents: 3279
num of flexible tasks: 11279
Solving time: 0.0996721 seconds
plan limit 847
current timestep 199
num of flexible agents: 3272
num of flexible tasks: 11272
Solving time: 0.0948396 seconds
plan limit 853
current timestep 200
num of flexible agents: 3281
num of flexible tasks: 11281
Solving time: 0.0929511 seconds
plan limit 852
current timestep 201
num of flexible agents: 3275
num of flexible tasks: 11275
Solving time: 0.0962209 seconds
plan limit 856
current timestep 202
num of flexible agents: 3271
num of flexible tasks: 11271
Solving time: 0.0974512 seconds
plan limit 850
current timestep 203
num of flexible agents: 3273
num of flexible tasks: 11273
Solving time: 0.0961165 seconds
plan limit 852
current timestep 204
num of flexible agents: 3270
num of flexible tasks: 11270
Solving time: 0.101345 seconds
plan limit 846
current timestep 205
num of flexible agents: 3267
num of flexible tasks: 11267
Solving time: 0.0917011 seconds
plan limit 855
current timestep 206
num of flexible agents: 3287
num of flexible tasks: 11287
Solving time: 0.0995782 seconds
plan limit 853
current timestep 207
num of flexible agents: 3297
num of flexible tasks: 11297
Solving time: 0.0938246 seconds
plan limit 858
current timestep 208
num of flexible agents: 3286
num of flexible tasks: 11286
Solving time: 0.095518 seconds
plan limit 849
current timestep 209
num of flexible agents: 3288
num of flexible tasks: 11288
Solving time: 0.0926727 seconds
plan limit 855
current timestep 210
num of flexible agents: 3276
num of flexible tasks: 11276
Solving time: 0.101525 seconds
plan limit 849
current timestep 211
num of flexible agents: 3266
num of flexible tasks: 11266
Solving time: 0.103272 seconds
plan limit 844
current timestep 212
num of flexible agents: 3265
num of flexible tasks: 11265
Solving time: 0.0986752 seconds
plan limit 848
current timestep 213
num of flexible agents: 3265
num of flexible tasks: 11265
Solving time: 0.0976346 seconds
plan limit 850
current timestep 214
num of flexible agents: 3258
num of flexible tasks: 11258
Solving time: 0.0982965 seconds
plan limit 849
current timestep 215
num of flexible agents: 3248
num of flexible tasks: 11248
Solving time: 0.0964423 seconds
plan limit 851
current timestep 216
num of flexible agents: 3265
num of flexible tasks: 11265
Solving time: 0.0943674 seconds
plan limit 853
current timestep 217
num of flexible agents: 3270
num of flexible tasks: 11270
Solving time: 0.0996839 seconds
plan limit 846
current timestep 218
num of flexible agents: 3272
num of flexible tasks: 11272
Solving time: 0.0951191 seconds
plan limit 852
current timestep 219
num of flexible agents: 3258
num of flexible tasks: 11258
Solving time: 0.0982786 seconds
plan limit 848
current timestep 220
num of flexible agents: 3256
num of flexible tasks: 11256
Solving time: 0.0961417 seconds
plan limit 849
current timestep 221
num of flexible agents: 3248
num of flexible tasks: 11248
Solving time: 0.10508 seconds
plan limit 841
current timestep 222
num of flexible agents: 3256
num of flexible tasks: 11256
Solving time: 0.096929 seconds
plan limit 849
current timestep 223
num of flexible agents: 3258
num of flexible tasks: 11258
Solving time: 0.101602 seconds
plan limit 843
current timestep 224
num of flexible agents: 3259
num of flexible tasks: 11259
Solving time: 0.0942013 seconds
plan limit 852
current timestep 225
num of flexible agents: 3259
num of flexible tasks: 11259
Solving time: 0.0994888 seconds
plan limit 845
current timestep 226
num of flexible agents: 3242
num of flexible tasks: 11242
Solving time: 0.0934775 seconds
plan limit 853
current timestep 227
num of flexible agents: 3247
num of flexible tasks: 11247
Solving time: 0.0981507 seconds
plan limit 848
current timestep 228
num of flexible agents: 3247
num of flexible tasks: 11247
Solving time: 0.0963051 seconds
plan limit 850
current timestep 229
num of flexible agents: 3241
num of flexible tasks: 11241
Solving time: 0.0969172 seconds
plan limit 849
current timestep 230
num of flexible agents: 3245
num of flexible tasks: 11245
Solving time: 0.097147 seconds
plan limit 849
current timestep 231
num of flexible agents: 3241
num of flexible tasks: 11241
Solving time: 0.0958243 seconds
plan limit 850
current timestep 232
num of flexible agents: 3258
num of flexible tasks: 11258
Solving time: 0.0991729 seconds
plan limit 852
current timestep 233
num of flexible agents: 3255
num of flexible tasks: 11255
Solving time: 0.100519 seconds
plan limit 846
current timestep 234
num of flexible agents: 3265
num of flexible tasks: 11265
Solving time: 0.095542 seconds
plan limit 850
current timestep 235
num of flexible agents: 3271
num of flexible tasks: 11271
Solving time: 0.093389 seconds
plan limit 853
current timestep 236
num of flexible agents: 3273
num of flexible tasks: 11273
Solving time: 0.101196 seconds
plan limit 845
current timestep 237
num of flexible agents: 3282
num of flexible tasks: 11282
Solving time: 0.0960402 seconds
plan limit 849
current timestep 238
num of flexible agents: 3281
num of flexible tasks: 11281
Solving time: 0.0987892 seconds
plan limit 847
current timestep 239
num of flexible agents: 3268
num of flexible tasks: 11268
Solving time: 0.0981627 seconds
plan limit 852
current timestep 240
num of flexible agents: 3280
num of flexible tasks: 11280
Solving time: 0.105349 seconds
plan limit 844
current timestep 241
num of flexible agents: 3284
num of flexible tasks: 11284
Solving time: 0.0972752 seconds
plan limit 854
current timestep 242
num of flexible agents: 3281
num of flexible tasks: 11281
Solving time: 0.101101 seconds
plan limit 849
current timestep 243
num of flexible agents: 3273
num of flexible tasks: 11273
Solving time: 0.0998659 seconds
plan limit 847
current timestep 244
num of flexible agents: 3279
num of flexible tasks: 11279
Solving time: 0.0982669 seconds
plan limit 846
current timestep 245
num of flexible agents: 3280
num of flexible tasks: 11280
Solving time: 0.101748 seconds
plan limit 843
current timestep 246
num of flexible agents: 3274
num of flexible tasks: 11274
Solving time: 0.0980398 seconds
plan limit 853
current timestep 247
num of flexible agents: 3273
num of flexible tasks: 11273
Solving time: 0.0970259 seconds
plan limit 853
current timestep 248
num of flexible agents: 3283
num of flexible tasks: 11283
Solving time: 0.0991173 seconds
plan limit 852
current timestep 249
num of flexible agents: 3281
num of flexible tasks: 11281
Solving time: 0.0995545 seconds
plan limit 850
current timestep 250
num of flexible agents: 3285
num of flexible tasks: 11285
Solving time: 0.0977447 seconds
plan limit 848
current timestep 251
num of flexible agents: 3282
num of flexible tasks: 11282
Solving time: 0.10447 seconds
plan limit 841
current timestep 252
num of flexible agents: 3288
num of flexible tasks: 11288
Solving time: 0.0959164 seconds
plan limit 850
current timestep 253
num of flexible agents: 3301
num of flexible tasks: 11301
Solving time: 0.102028 seconds
plan limit 849
current timestep 254
num of flexible agents: 3307
num of flexible tasks: 11307
Solving time: 0.0966722 seconds
plan limit 850
current timestep 255
num of flexible agents: 3306
num of flexible tasks: 11306
Solving time: 0.0921961 seconds
plan limit 858
current timestep 256
num of flexible agents: 3309
num of flexible tasks: 11309
Solving time: 0.0958478 seconds
plan limit 848
current timestep 257
num of flexible agents: 3309
num of flexible tasks: 11309
Solving time: 0.0969455 seconds
plan limit 848
current timestep 258
num of flexible agents: 3297
num of flexible tasks: 11297
Solving time: 0.0965309 seconds
plan limit 849
current timestep 259
num of flexible agents: 3306
num of flexible tasks: 11306
Solving time: 0.0993507 seconds
plan limit 851
current timestep 260
num of flexible agents: 3313
num of flexible tasks: 11313
Solving time: 0.0945467 seconds
plan limit 856
current timestep 261
num of flexible agents: 3308
num of flexible tasks: 11308
Solving time: 0.0993916 seconds
plan limit 850
current timestep 262
num of flexible agents: 3304
num of flexible tasks: 11304
Solving time: 0.0986602 seconds
plan limit 851
current timestep 263
num of flexible agents: 3307
num of flexible tasks: 11307
Solving time: 0.0989673 seconds
plan limit 851
current timestep 264
num of flexible agents: 3309
num of flexible tasks: 11309
Solving time: 0.10207 seconds
plan limit 843
current timestep 265
num of flexible agents: 3309
num of flexible tasks: 11309
Solving time: 0.0942385 seconds
plan limit 851
current timestep 266
num of flexible agents: 3311
num of flexible tasks: 11311
Solving time: 0.10523 seconds
plan limit 844
current timestep 267
num of flexible agents: 3323
num of flexible tasks: 11323
Solving time: 0.0994451 seconds
plan limit 850
current timestep 268
num of flexible agents: 3315
num of flexible tasks: 11315
Solving time: 0.10359 seconds
plan limit 839
current timestep 269
num of flexible agents: 3319
num of flexible tasks: 11319
Solving time: 0.0959476 seconds
plan limit 848
current timestep 270
num of flexible agents: 3319
num of flexible tasks: 11319
Solving time: 0.0916926 seconds
plan limit 853
current timestep 271
num of flexible agents: 3321
num of flexible tasks: 11321
Solving time: 0.0961736 seconds
plan limit 848
current timestep 272
num of flexible agents: 3322
num of flexible tasks: 11322
Solving time: 0.0935215 seconds
plan limit 856
current timestep 273
num of flexible agents: 3318
num of flexible tasks: 11318
Solving time: 0.0965564 seconds
plan limit 848
current timestep 274
num of flexible agents: 3319
num of flexible tasks: 11319
Solving time: 0.100067 seconds
plan limit 850
current timestep 275
num of flexible agents: 3331
num of flexible tasks: 11331
Solving time: 0.0985427 seconds
plan limit 850
current timestep 276
num of flexible agents: 3330
num of flexible tasks: 11330
Solving time: 0.0968955 seconds
plan limit 853
current timestep 277
num of flexible agents: 3327
num of flexible tasks: 11327
Solving time: 0.0989983 seconds
plan limit 851
current timestep 278
num of flexible agents: 3335
num of flexible tasks: 11335
Solving time: 0.0988794 seconds
plan limit 846
current timestep 279
num of flexible agents: 3352
num of flexible tasks: 11352
Solving time: 0.110341 seconds
plan limit 839
current timestep 280
num of flexible agents: 3354
num of flexible tasks: 11354
Solving time: 0.0985634 seconds
plan limit 846
current timestep 281
num of flexible agents: 3370
num of flexible tasks: 11370
Solving time: 0.103656 seconds
plan limit 837
current timestep 282
num of flexible agents: 3360
num of flexible tasks: 11360
Solving time: 0.0986054 seconds
plan limit 845
current timestep 283
num of flexible agents: 3371
num of flexible tasks: 11371
Solving time: 0.10366 seconds
plan limit 839
current timestep 284
num of flexible agents: 3369
num of flexible tasks: 11369
Solving time: 0.101384 seconds
plan limit 843
current timestep 285
num of flexible agents: 3360
num of flexible tasks: 11360
Solving time: 0.097778 seconds
plan limit 847
current timestep 286
num of flexible agents: 3380
num of flexible tasks: 11380
Solving time: 0.0996947 seconds
plan limit 845
current timestep 287
num of flexible agents: 3385
num of flexible tasks: 11385
Solving time: 0.096682 seconds
plan limit 848
current timestep 288
num of flexible agents: 3393
num of flexible tasks: 11393
Solving time: 0.101661 seconds
plan limit 842
current timestep 289
num of flexible agents: 3393
num of flexible tasks: 11393
Solving time: 0.100533 seconds
plan limit 849
current timestep 290
num of flexible agents: 3390
num of flexible tasks: 11390
Solving time: 0.10225 seconds
plan limit 841
current timestep 291
num of flexible agents: 3400
num of flexible tasks: 11400
Solving time: 0.0978004 seconds
plan limit 846
current timestep 292
num of flexible agents: 3405
num of flexible tasks: 11405
Solving time: 0.104113 seconds
plan limit 840
current timestep 293
num of flexible agents: 3410
num of flexible tasks: 11410
Solving time: 0.0976908 seconds
plan limit 847
current timestep 294
num of flexible agents: 3411
num of flexible tasks: 11411
Solving time: 0.109644 seconds
plan limit 840
current timestep 295
num of flexible agents: 3414
num of flexible tasks: 11414
Solving time: 0.0975065 seconds
plan limit 847
current timestep 296
num of flexible agents: 3415
num of flexible tasks: 11415
Solving time: 0.0976983 seconds
plan limit 841
current timestep 297
num of flexible agents: 3411
num of flexible tasks: 11411
Solving time: 0.100701 seconds
plan limit 848
current timestep 298
num of flexible agents: 3422
num of flexible tasks: 11422
Solving time: 0.0992805 seconds
plan limit 850
current timestep 299
num of flexible agents: 3426
num of flexible tasks: 11426
Solving time: 0.0992277 seconds
plan limit 850
current timestep 300
num of flexible agents: 3423
num of flexible tasks: 11423
Solving time: 0.100002 seconds
plan limit 849
current timestep 301
num of flexible agents: 3423
num of flexible tasks: 11423
Solving time: 0.0987006 seconds
plan limit 850
current timestep 302
num of flexible agents: 3422
num of flexible tasks: 11422
Solving time: 0.0982138 seconds
plan limit 845
current timestep 303
num of flexible agents: 3426
num of flexible tasks: 11426
Solving time: 0.100254 seconds
plan limit 848
current timestep 304
num of flexible agents: 3437
num of flexible tasks: 11437
Solving time: 0.101624 seconds
plan limit 842
current timestep 305
num of flexible agents: 3438
num of flexible tasks: 11438
Solving time: 0.106282 seconds
plan limit 843
current timestep 306
num of flexible agents: 3450
num of flexible tasks: 11450
Solving time: 0.0971864 seconds
plan limit 846
current timestep 307
num of flexible agents: 3440
num of flexible tasks: 11440
Solving time: 0.104589 seconds
plan limit 843
current timestep 308
num of flexible agents: 3456
num of flexible tasks: 11456
Solving time: 0.0993925 seconds
plan limit 844
current timestep 309
num of flexible agents: 3451
num of flexible tasks: 11451
Solving time: 0.098159 seconds
plan limit 844
current timestep 310
num of flexible agents: 3444
num of flexible tasks: 11444
Solving time: 0.0977628 seconds
plan limit 845
current timestep 311
num of flexible agents: 3442
num of flexible tasks: 11442
Solving time: 0.0990974 seconds
plan limit 844
current timestep 312
num of flexible agents: 3447
num of flexible tasks: 11447
Solving time: 0.0984339 seconds
plan limit 844
current timestep 313
num of flexible agents: 3448
num of flexible tasks: 11448
Solving time: 0.0993317 seconds
plan limit 844
current timestep 314
num of flexible agents: 3451
num of flexible tasks: 11451
Solving time: 0.097712 seconds
plan limit 844
current timestep 315
num of flexible agents: 3439
num of flexible tasks: 11439
Solving time: 0.0959411 seconds
plan limit 847
current timestep 316
num of flexible agents: 3450
num of flexible tasks: 11450
Solving time: 0.101381 seconds
plan limit 841
current timestep 317
num of flexible agents: 3459
num of flexible tasks: 11459
Solving time: 0.100423 seconds
plan limit 847
current timestep 318
num of flexible agents: 3466
num of flexible tasks: 11466
Solving time: 0.10622 seconds
plan limit 836
current timestep 319
num of flexible agents: 3464
num of flexible tasks: 11464
Solving time: 0.102203 seconds
plan limit 843
current timestep 320
num of flexible agents: 3476
num of flexible tasks: 11476
Solving time: 0.103957 seconds
plan limit 842
current timestep 321
num of flexible agents: 3491
num of flexible tasks: 11491
Solving time: 0.101935 seconds
plan limit 847
current timestep 322
num of flexible agents: 3490
num of flexible tasks: 11490
Solving time: 0.0995026 seconds
plan limit 849
current timestep 323
num of flexible agents: 3494
num of flexible tasks: 11494
Solving time: 0.0994817 seconds
plan limit 844
current timestep 324
num of flexible agents: 3511
num of flexible tasks: 11511
Solving time: 0.102084 seconds
plan limit 840
current timestep 325
num of flexible agents: 3505
num of flexible tasks: 11505
Solving time: 0.100113 seconds
plan limit 849
current timestep 326
num of flexible agents: 3513
num of flexible tasks: 11513
Solving time: 0.101417 seconds
plan limit 847
current timestep 327
num of flexible agents: 3519
num of flexible tasks: 11519
Solving time: 0.101207 seconds
plan limit 845
current timestep 328
num of flexible agents: 3525
num of flexible tasks: 11525
Solving time: 0.0991399 seconds
plan limit 850
current timestep 329
num of flexible agents: 3531
num of flexible tasks: 11531
Solving time: 0.108548 seconds
plan limit 838
current timestep 330
num of flexible agents: 3542
num of flexible tasks: 11542
Solving time: 0.102758 seconds
plan limit 846
current timestep 331
num of flexible agents: 3533
num of flexible tasks: 11533
Solving time: 0.107219 seconds
plan limit 841
current timestep 332
num of flexible agents: 3517
num of flexible tasks: 11517
Solving time: 0.0984264 seconds
plan limit 850
current timestep 333
num of flexible agents: 3522
num of flexible tasks: 11522
Solving time: 0.0956373 seconds
plan limit 845
current timestep 334
num of flexible agents: 3528
num of flexible tasks: 11528
Solving time: 0.0976236 seconds
plan limit 848
current timestep 335
num of flexible agents: 3553
num of flexible tasks: 11553
Solving time: 0.101409 seconds
plan limit 846
current timestep 336
num of flexible agents: 3547
num of flexible tasks: 11547
Solving time: 0.103453 seconds
plan limit 843
current timestep 337
num of flexible agents: 3556
num of flexible tasks: 11556
Solving time: 0.0998986 seconds
plan limit 848
current timestep 338
num of flexible agents: 3571
num of flexible tasks: 11571
Solving time: 0.105114 seconds
plan limit 841
current timestep 339
num of flexible agents: 3568
num of flexible tasks: 11568
Solving time: 0.102986 seconds
plan limit 845
current timestep 340
num of flexible agents: 3573
num of flexible tasks: 11573
Solving time: 0.109945 seconds
plan limit 838
current timestep 341
num of flexible agents: 3575
num of flexible tasks: 11575
Solving time: 0.101582 seconds
plan limit 846
current timestep 342
num of flexible agents: 3582
num of flexible tasks: 11582
Solving time: 0.110565 seconds
plan limit 836
current timestep 343
num of flexible agents: 3579
num of flexible tasks: 11579
Solving time: 0.101557 seconds
plan limit 847
current timestep 344
num of flexible agents: 3582
num of flexible tasks: 11582
Solving time: 0.103897 seconds
plan limit 844
current timestep 345
num of flexible agents: 3593
num of flexible tasks: 11593
Solving time: 0.103666 seconds
plan limit 845
current timestep 346
num of flexible agents: 3603
num of flexible tasks: 11603
Solving time: 0.0997859 seconds
plan limit 848
current timestep 347
num of flexible agents: 3626
num of flexible tasks: 11626
Solving time: 0.100425 seconds
plan limit 848
current timestep 348
num of flexible agents: 3640
num of flexible tasks: 11640
Solving time: 0.106221 seconds
plan limit 842
current timestep 349
num of flexible agents: 3645
num of flexible tasks: 11645
Solving time: 0.106741 seconds
plan limit 841
current timestep 350
num of flexible agents: 3645
num of flexible tasks: 11645
Solving time: 0.10412 seconds
plan limit 844
current timestep 351
num of flexible agents: 3658
num of flexible tasks: 11658
Solving time: 0.107493 seconds
plan limit 840
current timestep 352
num of flexible agents: 3657
num of flexible tasks: 11657
Solving time: 0.108272 seconds
plan limit 840
current timestep 353
num of flexible agents: 3669
num of flexible tasks: 11669
Solving time: 0.106361 seconds
plan limit 838
current timestep 354
num of flexible agents: 3685
num of flexible tasks: 11685
Solving time: 0.103658 seconds
plan limit 844
current timestep 355
num of flexible agents: 3697
num of flexible tasks: 11697
Solving time: 0.104102 seconds
plan limit 843
current timestep 356
num of flexible agents: 3710
num of flexible tasks: 11710
Solving time: 0.10587 seconds
plan limit 841
current timestep 357
num of flexible agents: 3688
num of flexible tasks: 11688
Solving time: 0.0994914 seconds
plan limit 847
current timestep 358
num of flexible agents: 3695
num of flexible tasks: 11695
Solving time: 0.106971 seconds
plan limit 839
current timestep 359
num of flexible agents: 3699
num of flexible tasks: 11699
Solving time: 0.111974 seconds
plan limit 836
current timestep 360
num of flexible agents: 3718
num of flexible tasks: 11718
Solving time: 0.11128 seconds
plan limit 836
current timestep 361
num of flexible agents: 3732
num of flexible tasks: 11732
Solving time: 0.105867 seconds
plan limit 842
current timestep 362
num of flexible agents: 3746
num of flexible tasks: 11746
Solving time: 0.113058 seconds
plan limit 835
current timestep 363
num of flexible agents: 3752
num of flexible tasks: 11752
Solving time: 0.107441 seconds
plan limit 840
current timestep 364
num of flexible agents: 3747
num of flexible tasks: 11747
Solving time: 0.112883 seconds
plan limit 833
current timestep 365
num of flexible agents: 3775
num of flexible tasks: 11775
Solving time: 0.106725 seconds
plan limit 841
current timestep 366
num of flexible agents: 3785
num of flexible tasks: 11785
Solving time: 0.106007 seconds
plan limit 841
current timestep 367
num of flexible agents: 3792
num of flexible tasks: 11792
Solving time: 0.10691 seconds
plan limit 841
current timestep 368
num of flexible agents: 3788
num of flexible tasks: 11788
Solving time: 0.103142 seconds
plan limit 844
current timestep 369
num of flexible agents: 3783
num of flexible tasks: 11783
Solving time: 0.117043 seconds
plan limit 829
current timestep 370
num of flexible agents: 3787
num of flexible tasks: 11787
Solving time: 0.100352 seconds
plan limit 846
current timestep 371
num of flexible agents: 3778
num of flexible tasks: 11778
Solving time: 0.110237 seconds
plan limit 836
current timestep 372
num of flexible agents: 3785
num of flexible tasks: 11785
Solving time: 0.102195 seconds
plan limit 844
current timestep 373
num of flexible agents: 3783
num of flexible tasks: 11783
Solving time: 0.112488 seconds
plan limit 835
current timestep 374
num of flexible agents: 3791
num of flexible tasks: 11791
Solving time: 0.103899 seconds
plan limit 842
current timestep 375
num of flexible agents: 3790
num of flexible tasks: 11790
Solving time: 0.112108 seconds
plan limit 833
current timestep 376
num of flexible agents: 3792
num of flexible tasks: 11792
Solving time: 0.112465 seconds
plan limit 834
current timestep 377
num of flexible agents: 3801
num of flexible tasks: 11801
Solving time: 0.103476 seconds
plan limit 843
current timestep 378
num of flexible agents: 3791
num of flexible tasks: 11791
Solving time: 0.105968 seconds
plan limit 841
current timestep 379
num of flexible agents: 3787
num of flexible tasks: 11787
Solving time: 0.106151 seconds
plan limit 840
current timestep 380
num of flexible agents: 3801
num of flexible tasks: 11801
Solving time: 0.114797 seconds
plan limit 831
current timestep 381
num of flexible agents: 3828
num of flexible tasks: 11828
Solving time: 0.113288 seconds
plan limit 832
current timestep 382
num of flexible agents: 3827
num of flexible tasks: 11827
Solving time: 0.116391 seconds
plan limit 830
current timestep 383
num of flexible agents: 3838
num of flexible tasks: 11838
Solving time: 0.123421 seconds
plan limit 823
current timestep 384
num of flexible agents: 3827
num of flexible tasks: 11827
Solving time: 0.120262 seconds
plan limit 816
current timestep 385
num of flexible agents: 3833
num of flexible tasks: 11833
Solving time: 0.110454 seconds
plan limit 830
current timestep 386
num of flexible agents: 3836
num of flexible tasks: 11836
Solving time: 0.113702 seconds
plan limit 832
current timestep 387
num of flexible agents: 3857
num of flexible tasks: 11857
Solving time: 0.10805 seconds
plan limit 839
current timestep 388
num of flexible agents: 3849
num of flexible tasks: 11849
Solving time: 0.110891 seconds
plan limit 837
current timestep 389
num of flexible agents: 3843
num of flexible tasks: 11843
Solving time: 0.117611 seconds
plan limit 827
current timestep 390
num of flexible agents: 3853
num of flexible tasks: 11853
Solving time: 0.109764 seconds
plan limit 837
current timestep 391
num of flexible agents: 3859
num of flexible tasks: 11859
Solving time: 0.121594 seconds
plan limit 824
current timestep 392
num of flexible agents: 3847
num of flexible tasks: 11847
Solving time: 0.113072 seconds
plan limit 833
current timestep 393
num of flexible agents: 3855
num of flexible tasks: 11855
Solving time: 0.118717 seconds
plan limit 827
current timestep 394
num of flexible agents: 3847
num of flexible tasks: 11847
Solving time: 0.117817 seconds
plan limit 828
current timestep 395
num of flexible agents: 3853
num of flexible tasks: 11853
Solving time: 0.117001 seconds
plan limit 828
current timestep 396
num of flexible agents: 3858
num of flexible tasks: 11858
Solving time: 0.118559 seconds
plan limit 828
current timestep 397
num of flexible agents: 3864
num of flexible tasks: 11864
Solving time: 0.125279 seconds
plan limit 820
current timestep 398
num of flexible agents: 3890
num of flexible tasks: 11890
Solving time: 0.126969 seconds
plan limit 816
current timestep 399
num of flexible agents: 3914
num of flexible tasks: 11914
Solving time: 0.127162 seconds
plan limit 818
current timestep 400
num of flexible agents: 3909
num of flexible tasks: 11909
Solving time: 0.132364 seconds
plan limit 807
current timestep 401
num of flexible agents: 3935
num of flexible tasks: 11935
Solving time: 0.133555 seconds
plan limit 813
current timestep 402
num of flexible agents: 3939
num of flexible tasks: 11939
Solving time: 0.154397 seconds
plan limit 792
current timestep 403
num of flexible agents: 3942
num of flexible tasks: 11942
Solving time: 0.135454 seconds
plan limit 811
current timestep 404
num of flexible agents: 3938
num of flexible tasks: 11938
Solving time: 0.133285 seconds
plan limit 812
current timestep 405
num of flexible agents: 3947
num of flexible tasks: 11947
Solving time: 0.13909 seconds
plan limit 807
current timestep 406
num of flexible agents: 3952
num of flexible tasks: 11952
Solving time: 0.138143 seconds
plan limit 807
current timestep 407
num of flexible agents: 3953
num of flexible tasks: 11953
Solving time: 0.139415 seconds
plan limit 804
current timestep 408
num of flexible agents: 3969
num of flexible tasks: 11969
Solving time: 0.131405 seconds
plan limit 815
current timestep 409
num of flexible agents: 3994
num of flexible tasks: 11994
Solving time: 0.14962 seconds
plan limit 797
current timestep 410
num of flexible agents: 4004
num of flexible tasks: 12004
Solving time: 0.147286 seconds
plan limit 799
current timestep 411
num of flexible agents: 3999
num of flexible tasks: 11999
Solving time: 0.147744 seconds
plan limit 798
current timestep 412
num of flexible agents: 4002
num of flexible tasks: 12002
Solving time: 0.157203 seconds
plan limit 788
current timestep 413
num of flexible agents: 4019
num of flexible tasks: 12019
Solving time: 0.154165 seconds
plan limit 782
current timestep 414
num of flexible agents: 4024
num of flexible tasks: 12024
Solving time: 0.154771 seconds
plan limit 792
current timestep 415
num of flexible agents: 4035
num of flexible tasks: 12035
Solving time: 0.153551 seconds
plan limit 790
current timestep 416
num of flexible agents: 4051
num of flexible tasks: 12051
Solving time: 0.153196 seconds
plan limit 790
current timestep 417
num of flexible agents: 4046
num of flexible tasks: 12046
Solving time: 0.161275 seconds
plan limit 784
current timestep 418
num of flexible agents: 4047
num of flexible tasks: 12047
Solving time: 0.160804 seconds
plan limit 785
current timestep 419
num of flexible agents: 4052
num of flexible tasks: 12052
Solving time: 0.153904 seconds
plan limit 785
current timestep 420
num of flexible agents: 4045
num of flexible tasks: 12045
Solving time: 0.169828 seconds
plan limit 775
current timestep 421
num of flexible agents: 4052
num of flexible tasks: 12052
Solving time: 0.151402 seconds
plan limit 795
current timestep 422
num of flexible agents: 4050
num of flexible tasks: 12050
Solving time: 0.164139 seconds
plan limit 779
current timestep 423
num of flexible agents: 4053
num of flexible tasks: 12053
Solving time: 0.155882 seconds
plan limit 790
current timestep 424
num of flexible agents: 4077
num of flexible tasks: 12077
Solving time: 0.149354 seconds
plan limit 796
current timestep 425
num of flexible agents: 4074
num of flexible tasks: 12074
Solving time: 0.147888 seconds
plan limit 788
current timestep 426
num of flexible agents: 4090
num of flexible tasks: 12090
Solving time: 0.165595 seconds
plan limit 773
current timestep 427
num of flexible agents: 4109
num of flexible tasks: 12109
Solving time: 0.161909 seconds
plan limit 783
current timestep 428
num of flexible agents: 4112
num of flexible tasks: 12112
Solving time: 0.155815 seconds
plan limit 789
current timestep 429
num of flexible agents: 4112
num of flexible tasks: 12112
Solving time: 0.172361 seconds
plan limit 772
current timestep 430
num of flexible agents: 4115
num of flexible tasks: 12115
Solving time: 0.167209 seconds
plan limit 775
current timestep 431
num of flexible agents: 4131
num of flexible tasks: 12131
Solving time: 0.164126 seconds
plan limit 777
current timestep 432
num of flexible agents: 4127
num of flexible tasks: 12127
Solving time: 0.169709 seconds
plan limit 775
current timestep 433
num of flexible agents: 4139
num of flexible tasks: 12139
Solving time: 0.152602 seconds
plan limit 792
current timestep 434
num of flexible agents: 4141
num of flexible tasks: 12141
Solving time: 0.165218 seconds
plan limit 779
current timestep 435
num of flexible agents: 4147
num of flexible tasks: 12147
Solving time: 0.16091 seconds
plan limit 784
current timestep 436
num of flexible agents: 4160
num of flexible tasks: 12160
Solving time: 0.173253 seconds
plan limit 772
current timestep 437
num of flexible agents: 4162
num of flexible tasks: 12162
Solving time: 0.152739 seconds
plan limit 792
current timestep 438
num of flexible agents: 4163
num of flexible tasks: 12163
Solving time: 0.171675 seconds
plan limit 773
current timestep 439
num of flexible agents: 4183
num of flexible tasks: 12183
Solving time: 0.159358 seconds
plan limit 786
current timestep 440
num of flexible agents: 4189
num of flexible tasks: 12189
Solving time: 0.160919 seconds
plan limit 782
current timestep 441
num of flexible agents: 4181
num of flexible tasks: 12181
Solving time: 0.157728 seconds
plan limit 787
current timestep 442
num of flexible agents: 4174
num of flexible tasks: 12174
Solving time: 0.164559 seconds
plan limit 780
current timestep 443
num of flexible agents: 4184
num of flexible tasks: 12184
Solving time: 0.168259 seconds
plan limit 776
current timestep 444
num of flexible agents: 4206
num of flexible tasks: 12206
Solving time: 0.167892 seconds
plan limit 777
current timestep 445
num of flexible agents: 4205
num of flexible tasks: 12205
Solving time: 0.163806 seconds
plan limit 779
current timestep 446
num of flexible agents: 4208
num of flexible tasks: 12208
Solving time: 0.161237 seconds
plan limit 780
current timestep 447
num of flexible agents: 4212
num of flexible tasks: 12212
Solving time: 0.179636 seconds
plan limit 764
current timestep 448
num of flexible agents: 4217
num of flexible tasks: 12217
Solving time: 0.159486 seconds
plan limit 784
current timestep 449
num of flexible agents: 4219
num of flexible tasks: 12219
Solving time: 0.16808 seconds
plan limit 776
current timestep 450
num of flexible agents: 4229
num of flexible tasks: 12229
Solving time: 0.162453 seconds
plan limit 780
current timestep 451
num of flexible agents: 4232
num of flexible tasks: 12232
Solving time: 0.172328 seconds
plan limit 772
current timestep 452
num of flexible agents: 4237
num of flexible tasks: 12237
Solving time: 0.167314 seconds
plan limit 766
current timestep 453
num of flexible agents: 4237
num of flexible tasks: 12237
Solving time: 0.164832 seconds
plan limit 779
current timestep 454
num of flexible agents: 4233
num of flexible tasks: 12233
Solving time: 0.167688 seconds
plan limit 776
current timestep 455
num of flexible agents: 4241
num of flexible tasks: 12241
Solving time: 0.15703 seconds
plan limit 788
current timestep 456
num of flexible agents: 4245
num of flexible tasks: 12245
Solving time: 0.15915 seconds
plan limit 783
current timestep 457
num of flexible agents: 4248
num of flexible tasks: 12248
Solving time: 0.156894 seconds
plan limit 788
current timestep 458
num of flexible agents: 4239
num of flexible tasks: 12239
Solving time: 0.152527 seconds
plan limit 792
current timestep 459
num of flexible agents: 4225
num of flexible tasks: 12225
Solving time: 0.156317 seconds
plan limit 787
current timestep 460
num of flexible agents: 4223
num of flexible tasks: 12223
Solving time: 0.161893 seconds
plan limit 782
current timestep 461
num of flexible agents: 4219
num of flexible tasks: 12219
Solving time: 0.170665 seconds
plan limit 771
current timestep 462
num of flexible agents: 4220
num of flexible tasks: 12220
Solving time: 0.169161 seconds
plan limit 775
current timestep 463
num of flexible agents: 4236
num of flexible tasks: 12236
Solving time: 0.16503 seconds
plan limit 779
current timestep 464
num of flexible agents: 4246
num of flexible tasks: 12246
Solving time: 0.180106 seconds
plan limit 763
current timestep 465
num of flexible agents: 4257
num of flexible tasks: 12257
Solving time: 0.169803 seconds
plan limit 772
current timestep 466
num of flexible agents: 4251
num of flexible tasks: 12251
Solving time: 0.174631 seconds
plan limit 766
current timestep 467
num of flexible agents: 4258
num of flexible tasks: 12258
Solving time: 0.166786 seconds
plan limit 776
current timestep 468
num of flexible agents: 4272
num of flexible tasks: 12272
Solving time: 0.16103 seconds
plan limit 783
current timestep 469
num of flexible agents: 4290
num of flexible tasks: 12290
Solving time: 0.176513 seconds
plan limit 766
current timestep 470
num of flexible agents: 4298
num of flexible tasks: 12298
Solving time: 0.180615 seconds
plan limit 763
current timestep 471
num of flexible agents: 4307
num of flexible tasks: 12307
Solving time: 0.17466 seconds
plan limit 770
current timestep 472
num of flexible agents: 4294
num of flexible tasks: 12294
Solving time: 0.172194 seconds
plan limit 768
current timestep 473
num of flexible agents: 4299
num of flexible tasks: 12299
Solving time: 0.168569 seconds
plan limit 775
current timestep 474
num of flexible agents: 4302
num of flexible tasks: 12302
Solving time: 0.182703 seconds
plan limit 760
current timestep 475
num of flexible agents: 4309
num of flexible tasks: 12309
Solving time: 0.178506 seconds
plan limit 765
current timestep 476
num of flexible agents: 4304
num of flexible tasks: 12304
Solving time: 0.166405 seconds
plan limit 778
current timestep 477
num of flexible agents: 4309
num of flexible tasks: 12309
Solving time: 0.173321 seconds
plan limit 770
current timestep 478
num of flexible agents: 4305
num of flexible tasks: 12305
Solving time: 0.175633 seconds
plan limit 768
current timestep 479
num of flexible agents: 4313
num of flexible tasks: 12313
Solving time: 0.175562 seconds
plan limit 766
current timestep 480
num of flexible agents: 4328
num of flexible tasks: 12328
Solving time: 0.167483 seconds
plan limit 776
current timestep 481
num of flexible agents: 4343
num of flexible tasks: 12343
Solving time: 0.169374 seconds
plan limit 766
current timestep 482
num of flexible agents: 4341
num of flexible tasks: 12341
Solving time: 0.175801 seconds
plan limit 766
current timestep 483
num of flexible agents: 4340
num of flexible tasks: 12340
Solving time: 0.178168 seconds
plan limit 763
current timestep 484
num of flexible agents: 4352
num of flexible tasks: 12352
Solving time: 0.183135 seconds
plan limit 759
current timestep 485
num of flexible agents: 4351
num of flexible tasks: 12351
Solving time: 0.167185 seconds
plan limit 776
current timestep 486
num of flexible agents: 4348
num of flexible tasks: 12348
Solving time: 0.181785 seconds
plan limit 761
current timestep 487
num of flexible agents: 4374
num of flexible tasks: 12374
Solving time: 0.163663 seconds
plan limit 779
current timestep 488
num of flexible agents: 4378
num of flexible tasks: 12378
Solving time: 0.177958 seconds
plan limit 763
current timestep 489
num of flexible agents: 4381
num of flexible tasks: 12381
Solving time: 0.176389 seconds
plan limit 762
current timestep 490
num of flexible agents: 4388
num of flexible tasks: 12388
Solving time: 0.166973 seconds
plan limit 775
current timestep 491
num of flexible agents: 4385
num of flexible tasks: 12385
Solving time: 0.183131 seconds
plan limit 759
current timestep 492
num of flexible agents: 4394
num of flexible tasks: 12394
Solving time: 0.172785 seconds
plan limit 769
current timestep 493
num of flexible agents: 4408
num of flexible tasks: 12408
Solving time: 0.180119 seconds
plan limit 763
current timestep 494
num of flexible agents: 4415
num of flexible tasks: 12415
Solving time: 0.176417 seconds
plan limit 766
current timestep 495
num of flexible agents: 4420
num of flexible tasks: 12420
Solving time: 0.189021 seconds
plan limit 752
current timestep 496
num of flexible agents: 4423
num of flexible tasks: 12423
Solving time: 0.185269 seconds
plan limit 757
current timestep 497
num of flexible agents: 4434
num of flexible tasks: 12434
Solving time: 0.180318 seconds
plan limit 762
current timestep 498
num of flexible agents: 4436
num of flexible tasks: 12436
Solving time: 0.190698 seconds
plan limit 753
current timestep 499
num of flexible agents: 4436
num of flexible tasks: 12436
Solving time: 0.18713 seconds
plan limit 755
current timestep 500
num of flexible agents: 4440
num of flexible tasks: 12440
Solving time: 0.189941 seconds
plan limit 753
current timestep 501
num of flexible agents: 4440
num of flexible tasks: 12440
Solving time: 0.192953 seconds
plan limit 750
current timestep 502
num of flexible agents: 4454
num of flexible tasks: 12454
Solving time: 0.188318 seconds
plan limit 751
current timestep 503
num of flexible agents: 4443
num of flexible tasks: 12443
Solving time: 0.179642 seconds
plan limit 762
current timestep 504
num of flexible agents: 4453
num of flexible tasks: 12453
Solving time: 0.191535 seconds
plan limit 751
current timestep 505
num of flexible agents: 4451
num of flexible tasks: 12451
Solving time: 0.197537 seconds
plan limit 742
current timestep 506
num of flexible agents: 4447
num of flexible tasks: 12447
Solving time: 0.186793 seconds
plan limit 755
current timestep 507
num of flexible agents: 4462
num of flexible tasks: 12462
Solving time: 0.185392 seconds
plan limit 756
current timestep 508
num of flexible agents: 4467
num of flexible tasks: 12467
Solving time: 0.181266 seconds
plan limit 760
current timestep 509
num of flexible agents: 4476
num of flexible tasks: 12476
Solving time: 0.177646 seconds
plan limit 765
current timestep 510
num of flexible agents: 4482
num of flexible tasks: 12482
Solving time: 0.179824 seconds
plan limit 764
current timestep 511
num of flexible agents: 4490
num of flexible tasks: 12490
Solving time: 0.185167 seconds
plan limit 758
current timestep 512
num of flexible agents: 4493
num of flexible tasks: 12493
Solving time: 0.203218 seconds
plan limit 737
current timestep 513
num of flexible agents: 4501
num of flexible tasks: 12501
Solving time: 0.164385 seconds
plan limit 769
current timestep 514
num of flexible agents: 4495
num of flexible tasks: 12495
Solving time: 0.182636 seconds
plan limit 760
current timestep 515
num of flexible agents: 4494
num of flexible tasks: 12494
Solving time: 0.178304 seconds
plan limit 754
current timestep 516
num of flexible agents: 4501
num of flexible tasks: 12501
Solving time: 0.182382 seconds
plan limit 747
current timestep 517
num of flexible agents: 4517
num of flexible tasks: 12517
Solving time: 0.164935 seconds
plan limit 768
current timestep 518
num of flexible agents: 4528
num of flexible tasks: 12528
Solving time: 0.168433 seconds
plan limit 763
current timestep 519
num of flexible agents: 4529
num of flexible tasks: 12529
Solving time: 0.184338 seconds
plan limit 746
current timestep 520
num of flexible agents: 4529
num of flexible tasks: 12529
Solving time: 0.171697 seconds
plan limit 768
current timestep 521
num of flexible agents: 4525
num of flexible tasks: 12525
Solving time: 0.174626 seconds
plan limit 766
current timestep 522
num of flexible agents: 4522
num of flexible tasks: 12522
Solving time: 0.168449 seconds
plan limit 773
current timestep 523
num of flexible agents: 4545
num of flexible tasks: 12545
Solving time: 0.186975 seconds
plan limit 754
current timestep 524
num of flexible agents: 4543
num of flexible tasks: 12543
Solving time: 0.175889 seconds
plan limit 765
current timestep 525
num of flexible agents: 4543
num of flexible tasks: 12543
Solving time: 0.187078 seconds
plan limit 752
current timestep 526
num of flexible agents: 4550
num of flexible tasks: 12550
Solving time: 0.16914 seconds
plan limit 773
current timestep 527
num of flexible agents: 4569
num of flexible tasks: 12569
Solving time: 0.168846 seconds
plan limit 773
current timestep 528
num of flexible agents: 4565
num of flexible tasks: 12565
Solving time: 0.160881 seconds
plan limit 780
current timestep 529
num of flexible agents: 4578
num of flexible tasks: 12578
Solving time: 0.158362 seconds
plan limit 774
current timestep 530
num of flexible agents: 4578
num of flexible tasks: 12578
Solving time: 0.168657 seconds
plan limit 773
current timestep 531
num of flexible agents: 4570
num of flexible tasks: 12570
Solving time: 0.172686 seconds
plan limit 765
current timestep 532
num of flexible agents: 4581
num of flexible tasks: 12581
Solving time: 0.18539 seconds
plan limit 744
current timestep 533
num of flexible agents: 4589
num of flexible tasks: 12589
Solving time: 0.173405 seconds
plan limit 769
current timestep 534
num of flexible agents: 4598
num of flexible tasks: 12598
Solving time: 0.171511 seconds
plan limit 768
current timestep 535
num of flexible agents: 4587
num of flexible tasks: 12587
Solving time: 0.173892 seconds
plan limit 766
current timestep 536
num of flexible agents: 4586
num of flexible tasks: 12586
Solving time: 0.162059 seconds
plan limit 770
current timestep 537
num of flexible agents: 4591
num of flexible tasks: 12591
Solving time: 0.170784 seconds
plan limit 762
current timestep 538
num of flexible agents: 4609
num of flexible tasks: 12609
Solving time: 0.166029 seconds
plan limit 765
current timestep 539
num of flexible agents: 4632
num of flexible tasks: 12632
Solving time: 0.170406 seconds
plan limit 762
current timestep 540
num of flexible agents: 4642
num of flexible tasks: 12642
Solving time: 0.174448 seconds
plan limit 757
current timestep 541
num of flexible agents: 4653
num of flexible tasks: 12653
Solving time: 0.160201 seconds
plan limit 771
current timestep 542
num of flexible agents: 4651
num of flexible tasks: 12651
Solving time: 0.176137 seconds
plan limit 753
current timestep 543
num of flexible agents: 4656
num of flexible tasks: 12656
Solving time: 0.157948 seconds
plan limit 775
current timestep 544
num of flexible agents: 4664
num of flexible tasks: 12664
Solving time: 0.174306 seconds
plan limit 759
current timestep 545
num of flexible agents: 4675
num of flexible tasks: 12675
Solving time: 0.161342 seconds
plan limit 771
current timestep 546
num of flexible agents: 4691
num of flexible tasks: 12691
Solving time: 0.165173 seconds
plan limit 776
current timestep 547
num of flexible agents: 4697
num of flexible tasks: 12697
Solving time: 0.157219 seconds
plan limit 783
current timestep 548
num of flexible agents: 4709
num of flexible tasks: 12709
Solving time: 0.165497 seconds
plan limit 773
current timestep 549
num of flexible agents: 4714
num of flexible tasks: 12714
Solving time: 0.161542 seconds
plan limit 780
current timestep 550
num of flexible agents: 4708
num of flexible tasks: 12708
Solving time: 0.174784 seconds
plan limit 765
current timestep 551
num of flexible agents: 4700
num of flexible tasks: 12700
Solving time: 0.166186 seconds
plan limit 775
current timestep 552
num of flexible agents: 4679
num of flexible tasks: 12679
Solving time: 0.174204 seconds
plan limit 767
current timestep 553
num of flexible agents: 4671
num of flexible tasks: 12671
Solving time: 0.181997 seconds
plan limit 757
current timestep 554
num of flexible agents: 4679
num of flexible tasks: 12679
Solving time: 0.160795 seconds
plan limit 779
current timestep 555
num of flexible agents: 4691
num of flexible tasks: 12691
Solving time: 0.165655 seconds
plan limit 773
current timestep 556
num of flexible agents: 4704
num of flexible tasks: 12704
Solving time: 0.170851 seconds
plan limit 769
current timestep 557
num of flexible agents: 4695
num of flexible tasks: 12695
Solving time: 0.169357 seconds
plan limit 771
current timestep 558
num of flexible agents: 4698
num of flexible tasks: 12698
Solving time: 0.180936 seconds
plan limit 760
current timestep 559
num of flexible agents: 4688
num of flexible tasks: 12688
Solving time: 0.179619 seconds
plan limit 763
current timestep 560
num of flexible agents: 4699
num of flexible tasks: 12699
Solving time: 0.166372 seconds
plan limit 774
current timestep 561
num of flexible agents: 4710
num of flexible tasks: 12710
Solving time: 0.162766 seconds
plan limit 768
current timestep 562
num of flexible agents: 4725
num of flexible tasks: 12725
Solving time: 0.165306 seconds
plan limit 773
current timestep 563
num of flexible agents: 4728
num of flexible tasks: 12728
Solving time: 0.165088 seconds
plan limit 767
current timestep 564
num of flexible agents: 4729
num of flexible tasks: 12729
Solving time: 0.157021 seconds
plan limit 773
current timestep 565
num of flexible agents: 4733
num of flexible tasks: 12733
Solving time: 0.167125 seconds
plan limit 774
current timestep 566
num of flexible agents: 4733
num of flexible tasks: 12733
Solving time: 0.159721 seconds
plan limit 780
current timestep 567
num of flexible agents: 4743
num of flexible tasks: 12743
Solving time: 0.172144 seconds
plan limit 769
current timestep 568
num of flexible agents: 4731
num of flexible tasks: 12731
Solving time: 0.15978 seconds
plan limit 780
current timestep 569
num of flexible agents: 4740
num of flexible tasks: 12740
Solving time: 0.165465 seconds
plan limit 772
current timestep 570
num of flexible agents: 4729
num of flexible tasks: 12729
Solving time: 0.16805 seconds
plan limit 773
current timestep 571
num of flexible agents: 4727
num of flexible tasks: 12727
Solving time: 0.168733 seconds
plan limit 762
current timestep 572
num of flexible agents: 4723
num of flexible tasks: 12723
Solving time: 0.189577 seconds
plan limit 750
current timestep 573
num of flexible agents: 4737
num of flexible tasks: 12737
Solving time: 0.165089 seconds
plan limit 769
current timestep 574
num of flexible agents: 4731
num of flexible tasks: 12731
Solving time: 0.167668 seconds
plan limit 773
current timestep 575
num of flexible agents: 4728
num of flexible tasks: 12728
Solving time: 0.161872 seconds
plan limit 778
current timestep 576
num of flexible agents: 4718
num of flexible tasks: 12718
Solving time: 0.163089 seconds
plan limit 774
current timestep 577
num of flexible agents: 4717
num of flexible tasks: 12717
Solving time: 0.158055 seconds
plan limit 783
current timestep 578
num of flexible agents: 4716
num of flexible tasks: 12716
Solving time: 0.160647 seconds
plan limit 770
current timestep 579
num of flexible agents: 4720
num of flexible tasks: 12720
Solving time: 0.184716 seconds
plan limit 756
current timestep 580
num of flexible agents: 4719
num of flexible tasks: 12719
Solving time: 0.170115 seconds
plan limit 768
current timestep 581
num of flexible agents: 4717
num of flexible tasks: 12717
Solving time: 0.172379 seconds
plan limit 768
current timestep 582
num of flexible agents: 4722
num of flexible tasks: 12722
Solving time: 0.166376 seconds
plan limit 774
current timestep 583
num of flexible agents: 4742
num of flexible tasks: 12742
Solving time: 0.167642 seconds
plan limit 771
current timestep 584
num of flexible agents: 4751
num of flexible tasks: 12751
Solving time: 0.163034 seconds
plan limit 767
current timestep 585
num of flexible agents: 4758
num of flexible tasks: 12758
Solving time: 0.164903 seconds
plan limit 775
current timestep 586
num of flexible agents: 4758
num of flexible tasks: 12758
Solving time: 0.181683 seconds
plan limit 759
current timestep 587
num of flexible agents: 4767
num of flexible tasks: 12767
Solving time: 0.170741 seconds
plan limit 770
current timestep 588
num of flexible agents: 4779
num of flexible tasks: 12779
Solving time: 0.173007 seconds
plan limit 767
current timestep 589
num of flexible agents: 4777
num of flexible tasks: 12777
Solving time: 0.16948 seconds
plan limit 770
current timestep 590
num of flexible agents: 4774
num of flexible tasks: 12774
Solving time: 0.173171 seconds
plan limit 765
current timestep 591
num of flexible agents: 4773
num of flexible tasks: 12773
Solving time: 0.1703 seconds
plan limit 767
current timestep 592
num of flexible agents: 4769
num of flexible tasks: 12769
Solving time: 0.170891 seconds
plan limit 769
current timestep 593
num of flexible agents: 4763
num of flexible tasks: 12763
Solving time: 0.178891 seconds
plan limit 761
current timestep 594
num of flexible agents: 4748
num of flexible tasks: 12748
Solving time: 0.158787 seconds
plan limit 780
current timestep 595
num of flexible agents: 4747
num of flexible tasks: 12747
Solving time: 0.186147 seconds
plan limit 753
current timestep 596
num of flexible agents: 4755
num of flexible tasks: 12755
Solving time: 0.166735 seconds
plan limit 773
current timestep 597
num of flexible agents: 4749
num of flexible tasks: 12749
Solving time: 0.168131 seconds
plan limit 761
current timestep 598
num of flexible agents: 4755
num of flexible tasks: 12755
Solving time: 0.172013 seconds
plan limit 765
current timestep 599
num of flexible agents: 4762
num of flexible tasks: 12762
Solving time: 0.175705 seconds
plan limit 764
current timestep 600
num of flexible agents: 4768
num of flexible tasks: 12768
Solving time: 0.1756 seconds
plan limit 754
current timestep 601
num of flexible agents: 4759
num of flexible tasks: 12759
Solving time: 0.170185 seconds
plan limit 769
current timestep 602
num of flexible agents: 4749
num of flexible tasks: 12749
Solving time: 0.173944 seconds
plan limit 756
current timestep 603
num of flexible agents: 4748
num of flexible tasks: 12748
Solving time: 0.171377 seconds
plan limit 767
current timestep 604
num of flexible agents: 4729
num of flexible tasks: 12729
Solving time: 0.169896 seconds
plan limit 769
current timestep 605
num of flexible agents: 4726
num of flexible tasks: 12726
Solving time: 0.168409 seconds
plan limit 771
current timestep 606
num of flexible agents: 4725
num of flexible tasks: 12725
Solving time: 0.175168 seconds
plan limit 764
current timestep 607
num of flexible agents: 4735
num of flexible tasks: 12735
Solving time: 0.168999 seconds
plan limit 761
current timestep 608
num of flexible agents: 4754
num of flexible tasks: 12754
Solving time: 0.160248 seconds
plan limit 779
current timestep 609
num of flexible agents: 4762
num of flexible tasks: 12762
Solving time: 0.170342 seconds
plan limit 760
current timestep 610
num of flexible agents: 4785
num of flexible tasks: 12785
Solving time: 0.162793 seconds
plan limit 776
current timestep 611
num of flexible agents: 4775
num of flexible tasks: 12775
Solving time: 0.157394 seconds
plan limit 782
current timestep 612
num of flexible agents: 4775
num of flexible tasks: 12775
Solving time: 0.168037 seconds
plan limit 769
current timestep 613
num of flexible agents: 4771
num of flexible tasks: 12771
Solving time: 0.159255 seconds
plan limit 778
current timestep 614
num of flexible agents: 4789
num of flexible tasks: 12789
Solving time: 0.172376 seconds
plan limit 755
current timestep 615
num of flexible agents: 4783
num of flexible tasks: 12783
Solving time: 0.162741 seconds
plan limit 776
current timestep 616
num of flexible agents: 4792
num of flexible tasks: 12792
Solving time: 0.161541 seconds
plan limit 777
current timestep 617
num of flexible agents: 4799
num of flexible tasks: 12799
Solving time: 0.158062 seconds
plan limit 782
current timestep 618
num of flexible agents: 4793
num of flexible tasks: 12793
Solving time: 0.154446 seconds
plan limit 785
current timestep 619
num of flexible agents: 4788
num of flexible tasks: 12788
Solving time: 0.155954 seconds
plan limit 783
current timestep 620
num of flexible agents: 4791
num of flexible tasks: 12791
Solving time: 0.173138 seconds
plan limit 757
current timestep 621
num of flexible agents: 4779
num of flexible tasks: 12779
Solving time: 0.172958 seconds
plan limit 766
current timestep 622
num of flexible agents: 4783
num of flexible tasks: 12783
Solving time: 0.165212 seconds
plan limit 763
current timestep 623
num of flexible agents: 4796
num of flexible tasks: 12796
Solving time: 0.169355 seconds
plan limit 758
current timestep 624
num of flexible agents: 4795
num of flexible tasks: 12795
Solving time: 0.175948 seconds
plan limit 764
current timestep 625
num of flexible agents: 4795
num of flexible tasks: 12795
Solving time: 0.160047 seconds
plan limit 779
current timestep 626
num of flexible agents: 4792
num of flexible tasks: 12792
Solving time: 0.166382 seconds
plan limit 772
current timestep 627
num of flexible agents: 4790
num of flexible tasks: 12790
Solving time: 0.155236 seconds
plan limit 784
current timestep 628
num of flexible agents: 4795
num of flexible tasks: 12795
Solving time: 0.179023 seconds
plan limit 760
current timestep 629
num of flexible agents: 4785
num of flexible tasks: 12785
Solving time: 0.170877 seconds
plan limit 767
current timestep 630
num of flexible agents: 4789
num of flexible tasks: 12789
Solving time: 0.178902 seconds
plan limit 758
current timestep 631
num of flexible agents: 4782
num of flexible tasks: 12782
Solving time: 0.174085 seconds
plan limit 765
current timestep 632
num of flexible agents: 4788
num of flexible tasks: 12788
Solving time: 0.170092 seconds
plan limit 769
current timestep 633
num of flexible agents: 4802
num of flexible tasks: 12802
Solving time: 0.178431 seconds
plan limit 760
current timestep 634
num of flexible agents: 4793
num of flexible tasks: 12793
Solving time: 0.16965 seconds
plan limit 769
current timestep 635
num of flexible agents: 4788
num of flexible tasks: 12788
Solving time: 0.180146 seconds
plan limit 759
current timestep 636
num of flexible agents: 4794
num of flexible tasks: 12794
Solving time: 0.173955 seconds
plan limit 755
current timestep 637
num of flexible agents: 4782
num of flexible tasks: 12782
Solving time: 0.173709 seconds
plan limit 763
current timestep 638
num of flexible agents: 4780
num of flexible tasks: 12780
Solving time: 0.170234 seconds
plan limit 769
current timestep 639
num of flexible agents: 4766
num of flexible tasks: 12766
Solving time: 0.175352 seconds
plan limit 761
current timestep 640
num of flexible agents: 4759
num of flexible tasks: 12759
Solving time: 0.175959 seconds
plan limit 763
current timestep 641
num of flexible agents: 4741
num of flexible tasks: 12741
Solving time: 0.164422 seconds
plan limit 775
current timestep 642
num of flexible agents: 4736
num of flexible tasks: 12736
Solving time: 0.17825 seconds
plan limit 761
current timestep 643
num of flexible agents: 4754
num of flexible tasks: 12754
Solving time: 0.160903 seconds
plan limit 778
current timestep 644
num of flexible agents: 4751
num of flexible tasks: 12751
Solving time: 0.162352 seconds
plan limit 776
current timestep 645
num of flexible agents: 4751
num of flexible tasks: 12751
Solving time: 0.164292 seconds
plan limit 773
current timestep 646
num of flexible agents: 4762
num of flexible tasks: 12762
Solving time: 0.166597 seconds
plan limit 763
current timestep 647
num of flexible agents: 4766
num of flexible tasks: 12766
Solving time: 0.175077 seconds
plan limit 764
current timestep 648
num of flexible agents: 4769
num of flexible tasks: 12769
Solving time: 0.173604 seconds
plan limit 756
current timestep 649
num of flexible agents: 4783
num of flexible tasks: 12783
Solving time: 0.168635 seconds
plan limit 770
current timestep 650
num of flexible agents: 4790
num of flexible tasks: 12790
Solving time: 0.166725 seconds
plan limit 772
current timestep 651
num of flexible agents: 4783
num of flexible tasks: 12783
Solving time: 0.18311 seconds
plan limit 754
current timestep 652
num of flexible agents: 4793
num of flexible tasks: 12793
Solving time: 0.183422 seconds
plan limit 745
current timestep 653
num of flexible agents: 4775
num of flexible tasks: 12775
Solving time: 0.183594 seconds
plan limit 756
current timestep 654
num of flexible agents: 4763
num of flexible tasks: 12763
Solving time: 0.177328 seconds
plan limit 751
current timestep 655
num of flexible agents: 4746
num of flexible tasks: 12746
Solving time: 0.169749 seconds
plan limit 769
current timestep 656
num of flexible agents: 4747
num of flexible tasks: 12747
Solving time: 0.180246 seconds
plan limit 758
current timestep 657
num of flexible agents: 4753
num of flexible tasks: 12753
Solving time: 0.168368 seconds
plan limit 771
current timestep 658
num of flexible agents: 4746
num of flexible tasks: 12746
Solving time: 0.166202 seconds
plan limit 772
current timestep 659
num of flexible agents: 4747
num of flexible tasks: 12747
Solving time: 0.180794 seconds
plan limit 748
current timestep 660
num of flexible agents: 4756
num of flexible tasks: 12756
Solving time: 0.178102 seconds
plan limit 750
current timestep 661
num of flexible agents: 4761
num of flexible tasks: 12761
Solving time: 0.190416 seconds
plan limit 738
current timestep 662
num of flexible agents: 4758
num of flexible tasks: 12758
Solving time: 0.178267 seconds
plan limit 749
current timestep 663
num of flexible agents: 4757
num of flexible tasks: 12757
Solving time: 0.189118 seconds
plan limit 739
current timestep 664
num of flexible agents: 4752
num of flexible tasks: 12752
Solving time: 0.175367 seconds
plan limit 763
current timestep 665
num of flexible agents: 4749
num of flexible tasks: 12749
Solving time: 0.177417 seconds
plan limit 760
current timestep 666
num of flexible agents: 4740
num of flexible tasks: 12740
Solving time: 0.178083 seconds
plan limit 759
current timestep 667
num of flexible agents: 4742
num of flexible tasks: 12742
Solving time: 0.175031 seconds
plan limit 753
current timestep 668
num of flexible agents: 4745
num of flexible tasks: 12745
Solving time: 0.175256 seconds
plan limit 754
current timestep 669
num of flexible agents: 4747
num of flexible tasks: 12747
Solving time: 0.176868 seconds
plan limit 762
current timestep 670
num of flexible agents: 4745
num of flexible tasks: 12745
Solving time: 0.188656 seconds
plan limit 740
current timestep 671
num of flexible agents: 4748
num of flexible tasks: 12748
Solving time: 0.172889 seconds
plan limit 756
current timestep 672
num of flexible agents: 4745
num of flexible tasks: 12745
Solving time: 0.178561 seconds
plan limit 747
current timestep 673
num of flexible agents: 4743
num of flexible tasks: 12743
Solving time: 0.17991 seconds
plan limit 748
current timestep 674
num of flexible agents: 4733
num of flexible tasks: 12733
Solving time: 0.16826 seconds
plan limit 760
current timestep 675
num of flexible agents: 4740
num of flexible tasks: 12740
Solving time: 0.186908 seconds
plan limit 742
current timestep 676
num of flexible agents: 4736
num of flexible tasks: 12736
Solving time: 0.178711 seconds
plan limit 749
current timestep 677
num of flexible agents: 4739
num of flexible tasks: 12739
Solving time: 0.179386 seconds
plan limit 750
current timestep 678
num of flexible agents: 4744
num of flexible tasks: 12744
Solving time: 0.173219 seconds
plan limit 755
current timestep 679
num of flexible agents: 4743
num of flexible tasks: 12743
Solving time: 0.16799 seconds
plan limit 759
current timestep 680
num of flexible agents: 4752
num of flexible tasks: 12752
Solving time: 0.173605 seconds
plan limit 752
current timestep 681
num of flexible agents: 4745
num of flexible tasks: 12745
Solving time: 0.178869 seconds
plan limit 748
current timestep 682
num of flexible agents: 4740
num of flexible tasks: 12740
Solving time: 0.167304 seconds
plan limit 760
current timestep 683
num of flexible agents: 4751
num of flexible tasks: 12751
Solving time: 0.175166 seconds
plan limit 763
current timestep 684
num of flexible agents: 4754
num of flexible tasks: 12754
Solving time: 0.181191 seconds
plan limit 746
current timestep 685
num of flexible agents: 4775
num of flexible tasks: 12775
Solving time: 0.177003 seconds
plan limit 752
current timestep 686
num of flexible agents: 4760
num of flexible tasks: 12760
Solving time: 0.175587 seconds
plan limit 752
current timestep 687
num of flexible agents: 4759
num of flexible tasks: 12759
Solving time: 0.174387 seconds
plan limit 753
current timestep 688
num of flexible agents: 4750
num of flexible tasks: 12750
Solving time: 0.173196 seconds
plan limit 753
current timestep 689
num of flexible agents: 4738
num of flexible tasks: 12738
Solving time: 0.174729 seconds
plan limit 751
current timestep 690
num of flexible agents: 4743
num of flexible tasks: 12743
Solving time: 0.16498 seconds
plan limit 763
current timestep 691
num of flexible agents: 4758
num of flexible tasks: 12758
Solving time: 0.181854 seconds
plan limit 756
current timestep 692
num of flexible agents: 4768
num of flexible tasks: 12768
Solving time: 0.173182 seconds
plan limit 764
current timestep 693
num of flexible agents: 4773
num of flexible tasks: 12773
Solving time: 0.178761 seconds
plan limit 750
current timestep 694
num of flexible agents: 4788
num of flexible tasks: 12788
Solving time: 0.161023 seconds
plan limit 768
current timestep 695
num of flexible agents: 4782
num of flexible tasks: 12782
Solving time: 0.166274 seconds
plan limit 770
current timestep 696
num of flexible agents: 4776
num of flexible tasks: 12776
Solving time: 0.170951 seconds
plan limit 768
current timestep 697
num of flexible agents: 4780
num of flexible tasks: 12780
Solving time: 0.17075 seconds
plan limit 757
current timestep 698
num of flexible agents: 4772
num of flexible tasks: 12772
Solving time: 0.168654 seconds
plan limit 759
current timestep 699
num of flexible agents: 4768
num of flexible tasks: 12768
Solving time: 0.167567 seconds
plan limit 761
current timestep 700
num of flexible agents: 4773
num of flexible tasks: 12773
Solving time: 0.182053 seconds
plan limit 745
current timestep 701
num of flexible agents: 4773
num of flexible tasks: 12773
Solving time: 0.168704 seconds
plan limit 770
current timestep 702
num of flexible agents: 4775
num of flexible tasks: 12775
Solving time: 0.170987 seconds
plan limit 765
current timestep 703
num of flexible agents: 4782
num of flexible tasks: 12782
Solving time: 0.16838 seconds
plan limit 770
current timestep 704
num of flexible agents: 4775
num of flexible tasks: 12775
Solving time: 0.167559 seconds
plan limit 759
current timestep 705
num of flexible agents: 4765
num of flexible tasks: 12765
Solving time: 0.169731 seconds
plan limit 758
current timestep 706
num of flexible agents: 4756
num of flexible tasks: 12756
Solving time: 0.157496 seconds
plan limit 780
current timestep 707
num of flexible agents: 4753
num of flexible tasks: 12753
Solving time: 0.168399 seconds
plan limit 759
current timestep 708
num of flexible agents: 4744
num of flexible tasks: 12744
Solving time: 0.161858 seconds
plan limit 765
current timestep 709
num of flexible agents: 4730
num of flexible tasks: 12730
Solving time: 0.160761 seconds
plan limit 764
current timestep 710
num of flexible agents: 4726
num of flexible tasks: 12726
Solving time: 0.159286 seconds
plan limit 768
current timestep 711
num of flexible agents: 4728
num of flexible tasks: 12728
Solving time: 0.1665 seconds
plan limit 761
current timestep 712
num of flexible agents: 4727
num of flexible tasks: 12727
Solving time: 0.16134 seconds
plan limit 765
current timestep 713
num of flexible agents: 4727
num of flexible tasks: 12727
Solving time: 0.164063 seconds
plan limit 760
current timestep 714
num of flexible agents: 4731
num of flexible tasks: 12731
Solving time: 0.159675 seconds
plan limit 768
current timestep 715
num of flexible agents: 4725
num of flexible tasks: 12725
Solving time: 0.156119 seconds
plan limit 772
current timestep 716
num of flexible agents: 4720
num of flexible tasks: 12720
Solving time: 0.163318 seconds
plan limit 764
current timestep 717
num of flexible agents: 4721
num of flexible tasks: 12721
Solving time: 0.173063 seconds
plan limit 755
current timestep 718
num of flexible agents: 4711
num of flexible tasks: 12711
Solving time: 0.157558 seconds
plan limit 768
current timestep 719
num of flexible agents: 4706
num of flexible tasks: 12706
Solving time: 0.170867 seconds
plan limit 755
current timestep 720
num of flexible agents: 4697
num of flexible tasks: 12697
Solving time: 0.168304 seconds
plan limit 758
current timestep 721
num of flexible agents: 4694
num of flexible tasks: 12694
Solving time: 0.176028 seconds
plan limit 752
current timestep 722
num of flexible agents: 4680
num of flexible tasks: 12680
Solving time: 0.174517 seconds
plan limit 752
current timestep 723
num of flexible agents: 4675
num of flexible tasks: 12675
Solving time: 0.166178 seconds
plan limit 762
current timestep 724
num of flexible agents: 4665
num of flexible tasks: 12665
Solving time: 0.161944 seconds
plan limit 766
current timestep 725
num of flexible agents: 4660
num of flexible tasks: 12660
Solving time: 0.159043 seconds
plan limit 776
current timestep 726
num of flexible agents: 4649
num of flexible tasks: 12649
Solving time: 0.153462 seconds
plan limit 785
current timestep 727
num of flexible agents: 4643
num of flexible tasks: 12643
Solving time: 0.151356 seconds
plan limit 776
current timestep 728
num of flexible agents: 4640
num of flexible tasks: 12640
Solving time: 0.147749 seconds
plan limit 780
current timestep 729
num of flexible agents: 4648
num of flexible tasks: 12648
Solving time: 0.155429 seconds
plan limit 771
current timestep 730
num of flexible agents: 4640
num of flexible tasks: 12640
Solving time: 0.160504 seconds
plan limit 766
current timestep 731
num of flexible agents: 4643
num of flexible tasks: 12643
Solving time: 0.152065 seconds
plan limit 784
current timestep 732
num of flexible agents: 4644
num of flexible tasks: 12644
Solving time: 0.16213 seconds
plan limit 773
current timestep 733
num of flexible agents: 4646
num of flexible tasks: 12646
Solving time: 0.164891 seconds
plan limit 773
current timestep 734
num of flexible agents: 4657
num of flexible tasks: 12657
Solving time: 0.155546 seconds
plan limit 780
current timestep 735
num of flexible agents: 4674
num of flexible tasks: 12674
Solving time: 0.164973 seconds
plan limit 772
current timestep 736
num of flexible agents: 4669
num of flexible tasks: 12669
Solving time: 0.16652 seconds
plan limit 770
current timestep 737
num of flexible agents: 4673
num of flexible tasks: 12673
Solving time: 0.170899 seconds
plan limit 767
current timestep 738
num of flexible agents: 4674
num of flexible tasks: 12674
Solving time: 0.152685 seconds
plan limit 785
current timestep 739
num of flexible agents: 4677
num of flexible tasks: 12677
Solving time: 0.159041 seconds
plan limit 777
current timestep 740
num of flexible agents: 4675
num of flexible tasks: 12675
Solving time: 0.162412 seconds
plan limit 775
current timestep 741
num of flexible agents: 4683
num of flexible tasks: 12683
Solving time: 0.151726 seconds
plan limit 786
current timestep 742
num of flexible agents: 4688
num of flexible tasks: 12688
Solving time: 0.1612 seconds
plan limit 777
current timestep 743
num of flexible agents: 4686
num of flexible tasks: 12686
Solving time: 0.158209 seconds
plan limit 779
current timestep 744
num of flexible agents: 4671
num of flexible tasks: 12671
Solving time: 0.168041 seconds
plan limit 759
current timestep 745
num of flexible agents: 4658
num of flexible tasks: 12658
Solving time: 0.153467 seconds
plan limit 784
current timestep 746
num of flexible agents: 4655
num of flexible tasks: 12655
Solving time: 0.154165 seconds
plan limit 782
current timestep 747
num of flexible agents: 4643
num of flexible tasks: 12643
Solving time: 0.167686 seconds
plan limit 768
current timestep 748
num of flexible agents: 4646
num of flexible tasks: 12646
Solving time: 0.161505 seconds
plan limit 776
current timestep 749
num of flexible agents: 4644
num of flexible tasks: 12644
Solving time: 0.169067 seconds
plan limit 768
current timestep 750
num of flexible agents: 4648
num of flexible tasks: 12648
Solving time: 0.169743 seconds
plan limit 758
current timestep 751
num of flexible agents: 4652
num of flexible tasks: 12652
Solving time: 0.165677 seconds
plan limit 760
current timestep 752
num of flexible agents: 4660
num of flexible tasks: 12660
Solving time: 0.167034 seconds
plan limit 760
current timestep 753
num of flexible agents: 4648
num of flexible tasks: 12648
Solving time: 0.159256 seconds
plan limit 775
current timestep 754
num of flexible agents: 4645
num of flexible tasks: 12645
Solving time: 0.166764 seconds
plan limit 759
current timestep 755
num of flexible agents: 4645
num of flexible tasks: 12645
Solving time: 0.168787 seconds
plan limit 757
current timestep 756
num of flexible agents: 4654
num of flexible tasks: 12654
Solving time: 0.171785 seconds
plan limit 751
current timestep 757
num of flexible agents: 4631
num of flexible tasks: 12631
Solving time: 0.159967 seconds
plan limit 767
current timestep 758
num of flexible agents: 4632
num of flexible tasks: 12632
Solving time: 0.169481 seconds
plan limit 757
current timestep 759
num of flexible agents: 4632
num of flexible tasks: 12632
Solving time: 0.159371 seconds
plan limit 767
current timestep 760
num of flexible agents: 4622
num of flexible tasks: 12622
Solving time: 0.163102 seconds
plan limit 760
current timestep 761
num of flexible agents: 4639
num of flexible tasks: 12639
Solving time: 0.15664 seconds
plan limit 780
current timestep 762
num of flexible agents: 4636
num of flexible tasks: 12636
Solving time: 0.160608 seconds
plan limit 766
current timestep 763
num of flexible agents: 4642
num of flexible tasks: 12642
Solving time: 0.166608 seconds
plan limit 770
current timestep 764
num of flexible agents: 4650
num of flexible tasks: 12650
Solving time: 0.16139 seconds
plan limit 766
current timestep 765
num of flexible agents: 4644
num of flexible tasks: 12644
Solving time: 0.169494 seconds
plan limit 758
current timestep 766
num of flexible agents: 4649
num of flexible tasks: 12649
Solving time: 0.161407 seconds
plan limit 765
current timestep 767
num of flexible agents: 4645
num of flexible tasks: 12645
Solving time: 0.165244 seconds
plan limit 757
current timestep 768
num of flexible agents: 4641
num of flexible tasks: 12641
Solving time: 0.168478 seconds
plan limit 767
current timestep 769
num of flexible agents: 4645
num of flexible tasks: 12645
Solving time: 0.167533 seconds
plan limit 757
current timestep 770
num of flexible agents: 4640
num of flexible tasks: 12640
Solving time: 0.164348 seconds
plan limit 770
current timestep 771
num of flexible agents: 4645
num of flexible tasks: 12645
Solving time: 0.166981 seconds
plan limit 760
current timestep 772
num of flexible agents: 4672
num of flexible tasks: 12672
Solving time: 0.174253 seconds
plan limit 762
current timestep 773
num of flexible agents: 4680
num of flexible tasks: 12680
Solving time: 0.159415 seconds
plan limit 777
current timestep 774
num of flexible agents: 4687
num of flexible tasks: 12687
Solving time: 0.184147 seconds
plan limit 741
current timestep 775
num of flexible agents: 4700
num of flexible tasks: 12700
Solving time: 0.161351 seconds
plan limit 762
current timestep 776
num of flexible agents: 4706
num of flexible tasks: 12706
Solving time: 0.180028 seconds
plan limit 746
current timestep 777
num of flexible agents: 4706
num of flexible tasks: 12706
Solving time: 0.169925 seconds
plan limit 756
current timestep 778
num of flexible agents: 4715
num of flexible tasks: 12715
Solving time: 0.169181 seconds
plan limit 757
current timestep 779
num of flexible agents: 4700
num of flexible tasks: 12700
Solving time: 0.176525 seconds
plan limit 749
current timestep 780
num of flexible agents: 4701
num of flexible tasks: 12701
Solving time: 0.162224 seconds
plan limit 773
current timestep 781
num of flexible agents: 4718
num of flexible tasks: 12718
Solving time: 0.166172 seconds
plan limit 755
current timestep 782
num of flexible agents: 4715
num of flexible tasks: 12715
Solving time: 0.165302 seconds
plan limit 760
current timestep 783
num of flexible agents: 4728
num of flexible tasks: 12728
Solving time: 0.160812 seconds
plan limit 765
current timestep 784
num of flexible agents: 4739
num of flexible tasks: 12739
Solving time: 0.167999 seconds
plan limit 756
current timestep 785
num of flexible agents: 4755
num of flexible tasks: 12755
Solving time: 0.160759 seconds
plan limit 765
current timestep 786
num of flexible agents: 4754
num of flexible tasks: 12754
Solving time: 0.17279 seconds
plan limit 750
current timestep 787
num of flexible agents: 4756
num of flexible tasks: 12756
Solving time: 0.16342 seconds
plan limit 761
current timestep 788
num of flexible agents: 4746
num of flexible tasks: 12746
Solving time: 0.160243 seconds
plan limit 762
current timestep 789
num of flexible agents: 4733
num of flexible tasks: 12733
Solving time: 0.176962 seconds
plan limit 749
current timestep 790
num of flexible agents: 4744
num of flexible tasks: 12744
Solving time: 0.160813 seconds
plan limit 762
current timestep 791
num of flexible agents: 4732
num of flexible tasks: 12732
Solving time: 0.166124 seconds
plan limit 768
current timestep 792
num of flexible agents: 4747
num of flexible tasks: 12747
Solving time: 0.168981 seconds
plan limit 756
current timestep 793
num of flexible agents: 4752
num of flexible tasks: 12752
Solving time: 0.174643 seconds
plan limit 750
current timestep 794
num of flexible agents: 4745
num of flexible tasks: 12745
Solving time: 0.170009 seconds
plan limit 755
current timestep 795
num of flexible agents: 4741
num of flexible tasks: 12741
Solving time: 0.169136 seconds
plan limit 754
current timestep 796
num of flexible agents: 4743
num of flexible tasks: 12743
Solving time: 0.164867 seconds
plan limit 772
current timestep 797
num of flexible agents: 4751
num of flexible tasks: 12751
Solving time: 0.160079 seconds
plan limit 776
current timestep 798
num of flexible agents: 4755
num of flexible tasks: 12755
Solving time: 0.175266 seconds
plan limit 758
current timestep 799
num of flexible agents: 4752
num of flexible tasks: 12752
Solving time: 0.171255 seconds
plan limit 754
current timestep 800
num of flexible agents: 4766
num of flexible tasks: 12766
Solving time: 0.171086 seconds
plan limit 755
current timestep 801
num of flexible agents: 4762
num of flexible tasks: 12762
Solving time: 0.164187 seconds
plan limit 760
current timestep 802
num of flexible agents: 4764
num of flexible tasks: 12764
Solving time: 0.170273 seconds
plan limit 751
current timestep 803
num of flexible agents: 4752
num of flexible tasks: 12752
Solving time: 0.167962 seconds
plan limit 757
current timestep 804
num of flexible agents: 4753
num of flexible tasks: 12753
Solving time: 0.165488 seconds
plan limit 759
current timestep 805
num of flexible agents: 4752
num of flexible tasks: 12752
Solving time: 0.173275 seconds
plan limit 760
current timestep 806
num of flexible agents: 4768
num of flexible tasks: 12768
Solving time: 0.174487 seconds
plan limit 750
current timestep 807
num of flexible agents: 4772
num of flexible tasks: 12772
Solving time: 0.177431 seconds
plan limit 748
current timestep 808
num of flexible agents: 4780
num of flexible tasks: 12780
Solving time: 0.171852 seconds
plan limit 753
current timestep 809
num of flexible agents: 4794
num of flexible tasks: 12794
Solving time: 0.179903 seconds
plan limit 753
current timestep 810
num of flexible agents: 4803
num of flexible tasks: 12803
Solving time: 0.179373 seconds
plan limit 756
current timestep 811
num of flexible agents: 4801
num of flexible tasks: 12801
Solving time: 0.167501 seconds
plan limit 768
current timestep 812
num of flexible agents: 4814
num of flexible tasks: 12814
Solving time: 0.193395 seconds
plan limit 742
current timestep 813
num of flexible agents: 4820
num of flexible tasks: 12820
Solving time: 0.180005 seconds
plan limit 754
current timestep 814
num of flexible agents: 4821
num of flexible tasks: 12821
Solving time: 0.183366 seconds
plan limit 740
current timestep 815
num of flexible agents: 4820
num of flexible tasks: 12820
Solving time: 0.184337 seconds
plan limit 740
current timestep 816
num of flexible agents: 4816
num of flexible tasks: 12816
Solving time: 0.179442 seconds
plan limit 742
current timestep 817
num of flexible agents: 4823
num of flexible tasks: 12823
Solving time: 0.18239 seconds
plan limit 751
current timestep 818
num of flexible agents: 4834
num of flexible tasks: 12834
Solving time: 0.165708 seconds
plan limit 756
current timestep 819
num of flexible agents: 4838
num of flexible tasks: 12838
Solving time: 0.193692 seconds
plan limit 731
current timestep 820
num of flexible agents: 4851
num of flexible tasks: 12851
Solving time: 0.183071 seconds
plan limit 752
current timestep 821
num of flexible agents: 4860
num of flexible tasks: 12860
Solving time: 0.191915 seconds
plan limit 739
current timestep 822
num of flexible agents: 4852
num of flexible tasks: 12852
Solving time: 0.183014 seconds
plan limit 751
current timestep 823
num of flexible agents: 4853
num of flexible tasks: 12853
Solving time: 0.180642 seconds
plan limit 753
current timestep 824
num of flexible agents: 4852
num of flexible tasks: 12852
Solving time: 0.189623 seconds
plan limit 733
current timestep 825
num of flexible agents: 4851
num of flexible tasks: 12851
Solving time: 0.182157 seconds
plan limit 753
current timestep 826
num of flexible agents: 4859
num of flexible tasks: 12859
Solving time: 0.194185 seconds
plan limit 730
current timestep 827
num of flexible agents: 4849
num of flexible tasks: 12849
Solving time: 0.172636 seconds
plan limit 750
current timestep 828
num of flexible agents: 4850
num of flexible tasks: 12850
Solving time: 0.177302 seconds
plan limit 744
current timestep 829
num of flexible agents: 4852
num of flexible tasks: 12852
Solving time: 0.178664 seconds
plan limit 744
current timestep 830
num of flexible agents: 4851
num of flexible tasks: 12851
Solving time: 0.176777 seconds
plan limit 746
current timestep 831
num of flexible agents: 4854
num of flexible tasks: 12854
Solving time: 0.182292 seconds
plan limit 741
current timestep 832
num of flexible agents: 4857
num of flexible tasks: 12857
Solving time: 0.178117 seconds
plan limit 746
current timestep 833
num of flexible agents: 4858
num of flexible tasks: 12858
Solving time: 0.186844 seconds
plan limit 747
current timestep 834
num of flexible agents: 4857
num of flexible tasks: 12857
Solving time: 0.18226 seconds
plan limit 742
current timestep 835
num of flexible agents: 4858
num of flexible tasks: 12858
Solving time: 0.181526 seconds
plan limit 752
current timestep 836
num of flexible agents: 4865
num of flexible tasks: 12865
Solving time: 0.186089 seconds
plan limit 738
current timestep 837
num of flexible agents: 4870
num of flexible tasks: 12870
Solving time: 0.19073 seconds
plan limit 733
current timestep 838
num of flexible agents: 4885
num of flexible tasks: 12885
Solving time: 0.179414 seconds
plan limit 744
current timestep 839
num of flexible agents: 4899
num of flexible tasks: 12899
Solving time: 0.179381 seconds
plan limit 743
current timestep 840
num of flexible agents: 4892
num of flexible tasks: 12892
Solving time: 0.19514 seconds
plan limit 728
current timestep 841
num of flexible agents: 4890
num of flexible tasks: 12890
Solving time: 0.181029 seconds
plan limit 743
current timestep 842
num of flexible agents: 4875
num of flexible tasks: 12875
Solving time: 0.185329 seconds
plan limit 736
current timestep 843
num of flexible agents: 4883
num of flexible tasks: 12883
Solving time: 0.178819 seconds
plan limit 745
current timestep 844
num of flexible agents: 4890
num of flexible tasks: 12890
Solving time: 0.176346 seconds
plan limit 745
current timestep 845
num of flexible agents: 4885
num of flexible tasks: 12885
Solving time: 0.18903 seconds
plan limit 744
current timestep 846
num of flexible agents: 4891
num of flexible tasks: 12891
Solving time: 0.188396 seconds
plan limit 734
current timestep 847
num of flexible agents: 4898
num of flexible tasks: 12898
Solving time: 0.188878 seconds
plan limit 735
current timestep 848
num of flexible agents: 4903
num of flexible tasks: 12903
Solving time: 0.184736 seconds
plan limit 738
current timestep 849
num of flexible agents: 4927
num of flexible tasks: 12927
Solving time: 0.176789 seconds
plan limit 739
current timestep 850
num of flexible agents: 4932
num of flexible tasks: 12932
Solving time: 0.179681 seconds
plan limit 754
current timestep 851
num of flexible agents: 4930
num of flexible tasks: 12930
Solving time: 0.173103 seconds
plan limit 761
current timestep 852
num of flexible agents: 4922
num of flexible tasks: 12922
Solving time: 0.178841 seconds
plan limit 755
current timestep 853
num of flexible agents: 4940
num of flexible tasks: 12940
Solving time: 0.174477 seconds
plan limit 749
current timestep 854
num of flexible agents: 4955
num of flexible tasks: 12955
Solving time: 0.189409 seconds
plan limit 745
current timestep 855
num of flexible agents: 4967
num of flexible tasks: 12967
Solving time: 0.182645 seconds
plan limit 751
current timestep 856
num of flexible agents: 4950
num of flexible tasks: 12950
Solving time: 0.17553 seconds
plan limit 745
current timestep 857
num of flexible agents: 4958
num of flexible tasks: 12958
Solving time: 0.181214 seconds
plan limit 741
current timestep 858
num of flexible agents: 4966
num of flexible tasks: 12966
Solving time: 0.176786 seconds
plan limit 746
current timestep 859
num of flexible agents: 4971
num of flexible tasks: 12971
Solving time: 0.185355 seconds
plan limit 735
current timestep 860
num of flexible agents: 4979
num of flexible tasks: 12979
Solving time: 0.170079 seconds
plan limit 753
current timestep 861
num of flexible agents: 4973
num of flexible tasks: 12973
Solving time: 0.181326 seconds
plan limit 740
current timestep 862
num of flexible agents: 4981
num of flexible tasks: 12981
Solving time: 0.178061 seconds
plan limit 756
current timestep 863
num of flexible agents: 4991
num of flexible tasks: 12991
Solving time: 0.169807 seconds
plan limit 763
current timestep 864
num of flexible agents: 4988
num of flexible tasks: 12988
Solving time: 0.17573 seconds
plan limit 746
current timestep 865
num of flexible agents: 4995
num of flexible tasks: 12995
Solving time: 0.169082 seconds
plan limit 763
current timestep 866
num of flexible agents: 4993
num of flexible tasks: 12993
Solving time: 0.17706 seconds
plan limit 745
current timestep 867
num of flexible agents: 4988
num of flexible tasks: 12988
Solving time: 0.176027 seconds
plan limit 757
current timestep 868
num of flexible agents: 4976
num of flexible tasks: 12976
Solving time: 0.169424 seconds
plan limit 761
current timestep 869
num of flexible agents: 4958
num of flexible tasks: 12958
Solving time: 0.173288 seconds
plan limit 761
current timestep 870
num of flexible agents: 4950
num of flexible tasks: 12950
Solving time: 0.167645 seconds
plan limit 754
current timestep 871
num of flexible agents: 4951
num of flexible tasks: 12951
Solving time: 0.180278 seconds
plan limit 743
current timestep 872
num of flexible agents: 4952
num of flexible tasks: 12952
Solving time: 0.171758 seconds
plan limit 762
current timestep 873
num of flexible agents: 4960
num of flexible tasks: 12960
Solving time: 0.186384 seconds
plan limit 748
current timestep 874
num of flexible agents: 4957
num of flexible tasks: 12957
Solving time: 0.178213 seconds
plan limit 745
current timestep 875
num of flexible agents: 4967
num of flexible tasks: 12967
Solving time: 0.175805 seconds
plan limit 745
current timestep 876
num of flexible agents: 4974
num of flexible tasks: 12974
Solving time: 0.178218 seconds
plan limit 744
current timestep 877
num of flexible agents: 4970
num of flexible tasks: 12970
Solving time: 0.176977 seconds
plan limit 743
current timestep 878
num of flexible agents: 4970
num of flexible tasks: 12970
Solving time: 0.187581 seconds
plan limit 735
current timestep 879
num of flexible agents: 4954
num of flexible tasks: 12954
Solving time: 0.177391 seconds
plan limit 744
current timestep 880
num of flexible agents: 4955
num of flexible tasks: 12955
Solving time: 0.186434 seconds
plan limit 746
current timestep 881
num of flexible agents: 4957
num of flexible tasks: 12957
Solving time: 0.171685 seconds
plan limit 762
current timestep 882
num of flexible agents: 4970
num of flexible tasks: 12970
Solving time: 0.191609 seconds
plan limit 741
current timestep 883
num of flexible agents: 4953
num of flexible tasks: 12953
Solving time: 0.186901 seconds
plan limit 735
current timestep 884
num of flexible agents: 4953
num of flexible tasks: 12953
Solving time: 0.178757 seconds
plan limit 755
current timestep 885
num of flexible agents: 4948
num of flexible tasks: 12948
Solving time: 0.174714 seconds
plan limit 748
current timestep 886
num of flexible agents: 4942
num of flexible tasks: 12942
Solving time: 0.173157 seconds
plan limit 750
current timestep 887
num of flexible agents: 4941
num of flexible tasks: 12941
Solving time: 0.172118 seconds
plan limit 747
current timestep 888
num of flexible agents: 4931
num of flexible tasks: 12931
Solving time: 0.173586 seconds
plan limit 746
current timestep 889
num of flexible agents: 4949
num of flexible tasks: 12949
Solving time: 0.176368 seconds
plan limit 745
current timestep 890
num of flexible agents: 4945
num of flexible tasks: 12945
Solving time: 0.173814 seconds
plan limit 747
current timestep 891
num of flexible agents: 4959
num of flexible tasks: 12959
Solving time: 0.165266 seconds
plan limit 756
current timestep 892
num of flexible agents: 4962
num of flexible tasks: 12962
Solving time: 0.181579 seconds
plan limit 741
current timestep 893
num of flexible agents: 4970
num of flexible tasks: 12970
Solving time: 0.180789 seconds
plan limit 741
current timestep 894
num of flexible agents: 4958
num of flexible tasks: 12958
Solving time: 0.176731 seconds
plan limit 743
current timestep 895
num of flexible agents: 4951
num of flexible tasks: 12951
Solving time: 0.176363 seconds
plan limit 744
current timestep 896
num of flexible agents: 4953
num of flexible tasks: 12953
Solving time: 0.17439 seconds
plan limit 759
current timestep 897
num of flexible agents: 4971
num of flexible tasks: 12971
Solving time: 0.17571 seconds
plan limit 756
current timestep 898
num of flexible agents: 4975
num of flexible tasks: 12975
Solving time: 0.179428 seconds
plan limit 754
current timestep 899
num of flexible agents: 4993
num of flexible tasks: 12993
Solving time: 0.187119 seconds
plan limit 745
current timestep 900
num of flexible agents: 4977
num of flexible tasks: 12977
Solving time: 0.183005 seconds
plan limit 751
current timestep 901
num of flexible agents: 4968
num of flexible tasks: 12968
Solving time: 0.17244 seconds
plan limit 761
current timestep 902
num of flexible agents: 4972
num of flexible tasks: 12972
Solving time: 0.193597 seconds
plan limit 740
current timestep 903
num of flexible agents: 4979
num of flexible tasks: 12979
Solving time: 0.176704 seconds
plan limit 745
current timestep 904
num of flexible agents: 4971
num of flexible tasks: 12971
Solving time: 0.187625 seconds
plan limit 745
current timestep 905
num of flexible agents: 4965
num of flexible tasks: 12965
Solving time: 0.167681 seconds
plan limit 764
current timestep 906
num of flexible agents: 4966
num of flexible tasks: 12966
Solving time: 0.175448 seconds
plan limit 756
current timestep 907
num of flexible agents: 4979
num of flexible tasks: 12979
Solving time: 0.185365 seconds
plan limit 747
current timestep 908
num of flexible agents: 4985
num of flexible tasks: 12985
Solving time: 0.178872 seconds
plan limit 742
current timestep 909
num of flexible agents: 4987
num of flexible tasks: 12987
Solving time: 0.19731 seconds
plan limit 724
current timestep 910
num of flexible agents: 4989
num of flexible tasks: 12989
Solving time: 0.180216 seconds
plan limit 742
current timestep 911
num of flexible agents: 4984
num of flexible tasks: 12984
Solving time: 0.181665 seconds
plan limit 749
current timestep 912
num of flexible agents: 4987
num of flexible tasks: 12987
Solving time: 0.17676 seconds
plan limit 755
current timestep 913
num of flexible agents: 4988
num of flexible tasks: 12988
Solving time: 0.179781 seconds
plan limit 754
current timestep 914
num of flexible agents: 4991
num of flexible tasks: 12991
Solving time: 0.182874 seconds
plan limit 737
current timestep 915
num of flexible agents: 4995
num of flexible tasks: 12995
Solving time: 0.17896 seconds
plan limit 753
current timestep 916
num of flexible agents: 4986
num of flexible tasks: 12986
Solving time: 0.193013 seconds
plan limit 738
current timestep 917
num of flexible agents: 4984
num of flexible tasks: 12984
Solving time: 0.182012 seconds
plan limit 752
current timestep 918
num of flexible agents: 4984
num of flexible tasks: 12984
Solving time: 0.17347 seconds
plan limit 759
current timestep 919
num of flexible agents: 4987
num of flexible tasks: 12987
Solving time: 0.176777 seconds
plan limit 744
current timestep 920
num of flexible agents: 4976
num of flexible tasks: 12976
Solving time: 0.177095 seconds
plan limit 745
current timestep 921
num of flexible agents: 4982
num of flexible tasks: 12982
Solving time: 0.184754 seconds
plan limit 737
current timestep 922
num of flexible agents: 4989
num of flexible tasks: 12989
Solving time: 0.167621 seconds
plan limit 751
current timestep 923
num of flexible agents: 4997
num of flexible tasks: 12997
Solving time: 0.17445 seconds
plan limit 755
current timestep 924
num of flexible agents: 4999
num of flexible tasks: 12999
Solving time: 0.170377 seconds
plan limit 760
current timestep 925
num of flexible agents: 5016
num of flexible tasks: 13016
Solving time: 0.173867 seconds
plan limit 748
current timestep 926
num of flexible agents: 5017
num of flexible tasks: 13017
Solving time: 0.178657 seconds
plan limit 740
current timestep 927
num of flexible agents: 5023
num of flexible tasks: 13023
Solving time: 0.186627 seconds
plan limit 734
current timestep 928
num of flexible agents: 5027
num of flexible tasks: 13027
Solving time: 0.184801 seconds
plan limit 735
current timestep 929
num of flexible agents: 5032
num of flexible tasks: 13032
Solving time: 0.177732 seconds
plan limit 744
current timestep 930
num of flexible agents: 5041
num of flexible tasks: 13041
Solving time: 0.171862 seconds
plan limit 760
current timestep 931
num of flexible agents: 5054
num of flexible tasks: 13054
Solving time: 0.170462 seconds
plan limit 760
current timestep 932
num of flexible agents: 5055
num of flexible tasks: 13055
Solving time: 0.18629 seconds
plan limit 746
current timestep 933
num of flexible agents: 5050
num of flexible tasks: 13050
Solving time: 0.180567 seconds
plan limit 740
current timestep 934
num of flexible agents: 5052
num of flexible tasks: 13052
Solving time: 0.177001 seconds
plan limit 755
current timestep 935
num of flexible agents: 5056
num of flexible tasks: 13056
Solving time: 0.182239 seconds
plan limit 738
current timestep 936
num of flexible agents: 5065
num of flexible tasks: 13065
Solving time: 0.189858 seconds
plan limit 730
current timestep 937
num of flexible agents: 5051
num of flexible tasks: 13051
Solving time: 0.177315 seconds
plan limit 743
current timestep 938
num of flexible agents: 5062
num of flexible tasks: 13062
Solving time: 0.185964 seconds
plan limit 734
current timestep 939
num of flexible agents: 5064
num of flexible tasks: 13064
Solving time: 0.181455 seconds
plan limit 738
current timestep 940
num of flexible agents: 5066
num of flexible tasks: 13066
Solving time: 0.18174 seconds
plan limit 750
current timestep 941
num of flexible agents: 5069
num of flexible tasks: 13069
Solving time: 0.184749 seconds
plan limit 748
current timestep 942
num of flexible agents: 5081
num of flexible tasks: 13081
Solving time: 0.17857 seconds
plan limit 742
current timestep 943
num of flexible agents: 5081
num of flexible tasks: 13081
Solving time: 0.178598 seconds
plan limit 742
current timestep 944
num of flexible agents: 5090
num of flexible tasks: 13090
Solving time: 0.177733 seconds
plan limit 742
current timestep 945
num of flexible agents: 5095
num of flexible tasks: 13095
Solving time: 0.192308 seconds
plan limit 729
current timestep 946
num of flexible agents: 5096
num of flexible tasks: 13096
Solving time: 0.175429 seconds
plan limit 745
current timestep 947
num of flexible agents: 5100
num of flexible tasks: 13100
Solving time: 0.186717 seconds
plan limit 730
current timestep 948
num of flexible agents: 5106
num of flexible tasks: 13106
Solving time: 0.176913 seconds
plan limit 741
current timestep 949
num of flexible agents: 5123
num of flexible tasks: 13123
Solving time: 0.173346 seconds
plan limit 747
current timestep 950
num of flexible agents: 5133
num of flexible tasks: 13133
Solving time: 0.185289 seconds
plan limit 733
current timestep 951
num of flexible agents: 5129
num of flexible tasks: 13129
Solving time: 0.180682 seconds
plan limit 739
current timestep 952
num of flexible agents: 5129
num of flexible tasks: 13129
Solving time: 0.210137 seconds
plan limit 709
current timestep 953
num of flexible agents: 5123
num of flexible tasks: 13123
Solving time: 0.18758 seconds
plan limit 732
current timestep 954
num of flexible agents: 5132
num of flexible tasks: 13132
Solving time: 0.184029 seconds
plan limit 735
current timestep 955
num of flexible agents: 5135
num of flexible tasks: 13135
Solving time: 0.202626 seconds
plan limit 718
current timestep 956
num of flexible agents: 5143
num of flexible tasks: 13143
Solving time: 0.18386 seconds
plan limit 736
current timestep 957
num of flexible agents: 5169
num of flexible tasks: 13169
Solving time: 0.197873 seconds
plan limit 719
current timestep 958
num of flexible agents: 5171
num of flexible tasks: 13171
Solving time: 0.172769 seconds
plan limit 758
current timestep 959
num of flexible agents: 5171
num of flexible tasks: 13171
Solving time: 0.189698 seconds
plan limit 727
current timestep 960
num of flexible agents: 5166
num of flexible tasks: 13166
Solving time: 0.173933 seconds
plan limit 758
current timestep 961
num of flexible agents: 5159
num of flexible tasks: 13159
Solving time: 0.194788 seconds
plan limit 737
current timestep 962
num of flexible agents: 5156
num of flexible tasks: 13156
Solving time: 0.192585 seconds
plan limit 740
current timestep 963
num of flexible agents: 5160
num of flexible tasks: 13160
Solving time: 0.186693 seconds
plan limit 745
current timestep 964
num of flexible agents: 5166
num of flexible tasks: 13166
Solving time: 0.190536 seconds
plan limit 738
current timestep 965
num of flexible agents: 5164
num of flexible tasks: 13164
Solving time: 0.184909 seconds
plan limit 732
current timestep 966
num of flexible agents: 5166
num of flexible tasks: 13166
Solving time: 0.181545 seconds
plan limit 737
current timestep 967
num of flexible agents: 5169
num of flexible tasks: 13169
Solving time: 0.187535 seconds
plan limit 744
current timestep 968
num of flexible agents: 5191
num of flexible tasks: 13191
Solving time: 0.188899 seconds
plan limit 742
current timestep 969
num of flexible agents: 5185
num of flexible tasks: 13185
Solving time: 0.183601 seconds
plan limit 734
current timestep 970
num of flexible agents: 5190
num of flexible tasks: 13190
Solving time: 0.190618 seconds
plan limit 729
current timestep 971
num of flexible agents: 5194
num of flexible tasks: 13194
Solving time: 0.180955 seconds
plan limit 737
current timestep 972
num of flexible agents: 5199
num of flexible tasks: 13199
Solving time: 0.193544 seconds
plan limit 725
current timestep 973
num of flexible agents: 5192
num of flexible tasks: 13192
Solving time: 0.170525 seconds
plan limit 749
current timestep 974
num of flexible agents: 5198
num of flexible tasks: 13198
Solving time: 0.18774 seconds
plan limit 744
current timestep 975
num of flexible agents: 5195
num of flexible tasks: 13195
Solving time: 0.174557 seconds
plan limit 744
current timestep 976
num of flexible agents: 5205
num of flexible tasks: 13205
Solving time: 0.184617 seconds
plan limit 731
current timestep 977
num of flexible agents: 5209
num of flexible tasks: 13209
Solving time: 0.186614 seconds
plan limit 730
current timestep 978
num of flexible agents: 5200
num of flexible tasks: 13200
Solving time: 0.180654 seconds
plan limit 737
current timestep 979
num of flexible agents: 5206
num of flexible tasks: 13206
Solving time: 0.193942 seconds
plan limit 737
current timestep 980
num of flexible agents: 5204
num of flexible tasks: 13204
Solving time: 0.180365 seconds
plan limit 736
current timestep 981
num of flexible agents: 5193
num of flexible tasks: 13193
Solving time: 0.194497 seconds
plan limit 724
current timestep 982
num of flexible agents: 5205
num of flexible tasks: 13205
Solving time: 0.17966 seconds
plan limit 740
current timestep 983
num of flexible agents: 5209
num of flexible tasks: 13209
Solving time: 0.183371 seconds
plan limit 735
current timestep 984
num of flexible agents: 5212
num of flexible tasks: 13212
Solving time: 0.184361 seconds
plan limit 733
current timestep 985
num of flexible agents: 5207
num of flexible tasks: 13207
Solving time: 0.183174 seconds
plan limit 735
current timestep 986
num of flexible agents: 5200
num of flexible tasks: 13200
Solving time: 0.198079 seconds
plan limit 721
current timestep 987
num of flexible agents: 5204
num of flexible tasks: 13204
Solving time: 0.192278 seconds
plan limit 727
current timestep 988
num of flexible agents: 5226
num of flexible tasks: 13226
Solving time: 0.177528 seconds
plan limit 739
current timestep 989
num of flexible agents: 5243
num of flexible tasks: 13243
Solving time: 0.200784 seconds
plan limit 715
current timestep 990
num of flexible agents: 5258
num of flexible tasks: 13258
Solving time: 0.187354 seconds
plan limit 732
current timestep 991
num of flexible agents: 5260
num of flexible tasks: 13260
Solving time: 0.184599 seconds
plan limit 734
current timestep 992
num of flexible agents: 5260
num of flexible tasks: 13260
Solving time: 0.189951 seconds
plan limit 729
current timestep 993
num of flexible agents: 5266
num of flexible tasks: 13266
Solving time: 0.198577 seconds
plan limit 720
current timestep 994
num of flexible agents: 5277
num of flexible tasks: 13277
Solving time: 0.183528 seconds
plan limit 745
current timestep 995
num of flexible agents: 5274
num of flexible tasks: 13274
Solving time: 0.178571 seconds
plan limit 752
current timestep 996
num of flexible agents: 5270
num of flexible tasks: 13270
Solving time: 0.199677 seconds
plan limit 731
current timestep 997
num of flexible agents: 5277
num of flexible tasks: 13277
Solving time: 0.179635 seconds
plan limit 750
current timestep 998
num of flexible agents: 5284
num of flexible tasks: 13284
Solving time: 0.194488 seconds
plan limit 736
current timestep 999
num of flexible agents: 5283
num of flexible tasks: 13283
Solving time: 0.182421 seconds
plan limit 736
