task_id,revealed_at,first_assigned_at,picked_up_at,completed_at,first_agent,reassignments,pickup_distance_at_assignment,pickup_local_degree,first_hop_local_degree,first_hop_opposing_flow,first_hop_vertex_flow,service_shortest_distance,empty_distance,loaded_distance,empty_wait_steps,loaded_wait_steps,active_wait_steps,assignment_wait,pickup_wait,completion_time,loaded_detour_ratio
0,0,31,31,103,144,0,0,3,-1,-1,-1,62,0,70,0,2,2,31,31,103,1.129032
1,0,1,2,40,336,0,1,2,2,0.000000,0.000000,28,1,38,0,0,0,1,2,40,1.357143
2,0,1,3,33,198,0,2,3,4,0.000000,0.000000,29,2,29,0,1,1,1,3,33,1.000000
3,0,3,56,128,294,0,5,4,4,2.000000,3.000000,62,10,70,1,2,3,3,56,128,1.129032
4,0,1,3,43,61,0,2,2,2,0.000000,0.000000,38,2,38,0,2,2,1,3,43,1.000000
5,0,21,29,83,120,0,4,3,4,0.000000,4.000000,50,7,54,0,0,0,21,29,83,1.080000
6,0,1,8,29,399,1,3,3,3,0.000000,0.000000,21,6,21,0,0,0,1,8,29,1.000000
7,0,99,103,164,137,0,4,3,3,0.000000,0.000000,53,4,61,0,0,0,99,103,164,1.150943
8,0,1,2,24,158,0,1,3,3,0.000000,0.000000,22,1,22,0,0,0,1,2,24,1.000000
9,0,13,17,73,40,0,2,3,4,1.000000,4.000000,49,4,55,0,1,1,13,17,73,1.122449
10,0,1,1,49,41,0,0,3,-1,-1.000000,-1.000000,46,0,48,0,0,0,1,1,49,1.043478
11,0,1,2,21,57,0,1,4,4,0.000000,0.000000,13,1,17,0,2,2,1,2,21,1.307692
12,0,1,2,78,83,0,1,3,3,0.000000,0.000000,69,1,75,0,1,1,1,2,78,1.086957
13,0,1,1,41,382,0,0,3,-1,-1.000000,-1.000000,36,0,40,0,0,0,1,1,41,1.111111
14,0,3,3,86,99,0,0,4,-1,-1.000000,-1.000000,52,0,80,0,3,3,3,3,86,1.538462
15,0,1,1,46,82,0,0,2,-1,-1.000000,-1.000000,43,0,45,0,0,0,1,1,46,1.046512
16,0,21,24,74,52,3,7,3,4,0.000000,1.000000,48,3,48,0,2,2,21,24,74,1.000000
17,0,1,45,95,149,1,1,4,4,0.000000,0.000000,48,9,50,1,0,1,1,45,95,1.041667
18,0,38,39,124,244,0,1,2,2,0.000000,0.000000,65,1,83,0,2,2,38,39,124,1.276923
19,0,1,1,36,173,0,0,4,-1,-1.000000,-1.000000,35,0,35,0,0,0,1,1,36,1.000000
20,0,1,1,30,182,0,0,3,-1,-1.000000,-1.000000,29,0,29,0,0,0,1,1,30,1.000000
21,0,1,1,16,49,0,0,4,-1,-1.000000,-1.000000,15,0,15,0,0,0,1,1,16,1.000000
22,0,1,4,15,127,0,3,4,3,0.000000,0.000000,11,3,11,0,0,0,1,4,15,1.000000
23,0,1,4,54,372,0,3,2,3,0.000000,0.000000,49,3,49,0,1,1,1,4,54,1.000000
24,0,1,3,51,179,0,2,3,4,0.000000,0.000000,38,2,44,0,4,4,1,3,51,1.157895
25,0,18,20,110,300,0,2,4,3,1.000000,1.000000,82,2,90,0,0,0,18,20,110,1.097561
26,0,1,4,22,17,0,3,4,4,0.000000,0.000000,12,3,18,0,0,0,1,4,22,1.500000
27,0,1,5,48,277,0,2,4,4,0.000000,0.000000,33,4,41,0,2,2,1,5,48,1.242424
28,0,1,2,52,321,0,1,4,4,0.000000,0.000000,46,1,50,0,0,0,1,2,52,1.086957
29,0,1,2,29,330,0,1,2,2,0.000000,0.000000,27,1,27,0,0,0,1,2,29,1.000000
30,0,93,96,176,219,0,3,2,2,1.000000,1.000000,76,3,78,0,2,2,93,96,176,1.026316
31,0,36,37,136,67,0,1,1,1,0.000000,0.000000,83,1,97,0,2,2,36,37,136,1.168675
32,0,54,125,208,341,0,7,4,3,0.000000,3.000000,74,2,80,0,3,3,54,125,208,1.081081
33,0,1,2,67,162,0,1,2,2,0.000000,0.000000,57,1,63,0,2,2,1,2,67,1.105263
34,0,1,1,51,66,0,0,3,-1,-1.000000,-1.000000,50,0,50,0,0,0,1,1,51,1.000000
35,0,1,1,63,78,0,0,1,-1,-1.000000,-1.000000,60,0,62,0,0,0,1,1,63,1.033333
36,0,1,3,33,337,0,2,4,3,0.000000,0.000000,27,2,29,0,1,1,1,3,33,1.074074
37,0,51,56,114,297,0,3,4,4,5.000000,10.000000,55,3,57,2,1,3,51,56,114,1.036364
38,0,121,126,212,331,0,3,3,4,2.000000,5.000000,80,5,84,0,2,2,121,126,212,1.050000
39,0,1,2,62,268,0,1,2,2,0.000000,0.000000,49,1,59,0,1,1,1,2,62,1.204082
40,0,1,41,88,334,0,7,3,4,0.000000,0.000000,40,7,46,1,1,2,1,41,88,1.150000
41,0,1,1,65,241,0,0,4,-1,-1.000000,-1.000000,64,0,64,0,0,0,1,1,65,1.000000
42,0,13,15,61,30,0,2,3,4,3.000000,10.000000,34,2,44,0,2,2,13,15,61,1.294118
43,0,25,28,82,373,0,1,4,4,3.000000,5.000000,45,3,53,0,1,1,25,28,82,1.177778
44,0,1,3,18,211,0,2,4,4,0.000000,0.000000,8,2,14,0,1,1,1,3,18,1.750000
45,0,103,103,165,387,0,0,2,-1,-1.000000,-1.000000,54,0,62,0,0,0,103,103,165,1.148148
46,0,1,1,69,29,0,0,2,-1,-1.000000,-1.000000,52,0,64,0,4,4,1,1,69,1.230769
47,0,1,3,17,152,1,4,4,3,0.000000,0.000000,14,2,14,0,0,0,1,3,17,1.000000
48,0,114,120,184,236,0,6,1,3,1.000000,1.000000,59,6,63,0,1,1,114,120,184,1.067797
49,0,1,2,15,157,0,1,3,3,0.000000,0.000000,9,1,11,0,2,2,1,2,15,1.222222
50,0,36,66,131,325,1,3,3,2,0.000000,7.000000,58,19,62,2,3,5,36,66,131,1.068966
51,0,1,2,62,347,0,1,3,3,0.000000,0.000000,56,1,58,0,2,2,1,2,62,1.035714
52,0,1,5,25,135,0,4,2,3,0.000000,0.000000,17,4,17,0,3,3,1,5,25,1.000000
53,0,1,3,26,322,0,2,3,4,0.000000,0.000000,22,2,22,0,1,1,1,3,26,1.000000
54,0,1,3,40,85,0,2,2,4,0.000000,0.000000,32,2,34,0,3,3,1,3,40,1.062500
55,0,1,2,21,360,0,1,3,3,0.000000,0.000000,15,1,19,0,0,0,1,2,21,1.266667
56,0,40,56,116,145,4,7,3,3,0.000000,7.000000,53,15,57,1,3,4,40,56,116,1.075472
57,0,1,1,32,37,0,0,4,-1,-1.000000,-1.000000,29,0,31,0,0,0,1,1,32,1.068966
58,0,1,4,67,19,0,3,3,4,0.000000,0.000000,49,3,59,0,4,4,1,4,67,1.204082
59,0,1,3,42,218,1,1,4,4,0.000000,0.000000,38,2,38,0,1,1,1,3,42,1.000000
60,0,1,2,20,71,0,1,4,4,0.000000,0.000000,15,1,17,0,1,1,1,2,20,1.133333
61,0,1,5,25,68,0,4,3,4,0.000000,0.000000,10,4,20,0,0,0,1,5,25,2.000000
62,0,1,2,27,109,0,1,3,3,0.000000,0.000000,20,1,22,0,3,3,1,2,27,1.100000
63,0,66,73,107,268,3,3,2,2,3.000000,3.000000,32,7,32,0,2,2,66,73,107,1.000000
64,0,22,23,71,386,0,1,3,3,2.000000,4.000000,37,1,43,0,5,5,22,23,71,1.162162
65,0,1,2,82,190,0,1,3,3,0.000000,0.000000,70,1,80,0,0,0,1,2,82,1.142857
66,0,1,3,10,285,0,2,3,4,0.000000,0.000000,7,2,7,0,0,0,1,3,10,1.000000
67,0,1,5,51,213,0,4,3,4,0.000000,0.000000,36,4,44,0,2,2,1,5,51,1.222222
68,0,1,2,42,46,0,1,4,4,0.000000,0.000000,35,1,37,0,3,3,1,2,42,1.057143
69,0,1,2,69,148,0,1,2,2,0.000000,0.000000,49,1,63,0,4,4,1,2,69,1.285714
70,0,1,5,67,36,0,4,3,4,0.000000,0.000000,51,4,59,0,3,3,1,5,67,1.156863
71,0,1,3,6,114,0,2,1,4,0.000000,0.000000,3,2,3,0,0,0,1,3,6,1.000000
72,0,1,46,100,275,0,3,3,4,0.000000,0.000000,42,3,52,0,2,2,1,46,100,1.238095
73,0,1,1,34,165,0,0,2,-1,-1.000000,-1.000000,27,0,33,0,0,0,1,1,34,1.222222
74,0,1,3,31,361,2,2,3,4,0.000000,0.000000,28,1,28,1,0,1,1,3,31,1.000000
75,0,51,56,136,294,0,5,2,4,0.000000,8.000000,72,5,80,0,0,0,51,56,136,1.111111
76,0,1,2,96,169,0,1,4,4,0.000000,0.000000,65,1,93,0,1,1,1,2,96,1.430769
77,0,1,2,20,290,1,3,3,3,0.000000,0.000000,16,1,18,0,0,0,1,2,20,1.125000
78,0,1,4,50,297,0,3,4,3,0.000000,0.000000,38,3,44,0,2,2,1,4,50,1.157895
79,0,1,4,29,28,0,3,4,4,0.000000,0.000000,16,3,24,0,1,1,1,4,29,1.500000
80,0,1,2,32,329,0,1,2,2,0.000000,0.000000,25,1,29,0,1,1,1,2,32,1.160000
81,0,1,9,71,50,5,6,3,4,0.000000,0.000000,55,7,59,1,3,4,1,9,71,1.072727
82,0,1,3,26,55,0,2,3,3,0.000000,0.000000,21,2,23,0,0,0,1,3,26,1.095238
83,0,162,194,289,257,0,4,4,2,0.000000,0.000000,95,6,95,0,0,0,162,194,289,1.000000
84,0,21,21,81,302,0,0,3,-1,-1.000000,-1.000000,54,0,56,0,4,4,21,21,81,1.037037
85,0,1,1,40,316,0,0,3,-1,-1.000000,-1.000000,34,0,38,0,1,1,1,1,40,1.117647
86,0,1,2,59,92,0,1,4,4,0.000000,0.000000,57,1,57,0,0,0,1,2,59,1.000000
87,0,37,38,123,395,0,1,3,3,2.000000,4.000000,58,1,78,0,7,7,37,38,123,1.344828
88,0,69,69,190,352,0,0,4,-1,-1.000000,-1.000000,117,0,121,0,0,0,69,69,190,1.034188
89,0,163,164,260,252,0,1,2,2,0.000000,0.000000,85,1,95,0,1,1,163,164,260,1.117647
90,0,1,3,39,365,0,2,3,4,0.000000,0.000000,24,2,34,0,2,2,1,3,39,1.416667
91,0,1,1,126,12,0,0,3,-1,-1.000000,-1.000000,99,0,125,0,0,0,1,1,126,1.262626
92,0,73,76,130,59,0,3,3,3,0.000000,3.000000,52,3,54,0,0,0,73,76,130,1.038462
93,0,119,124,223,179,1,3,3,4,1.000000,2.000000,82,5,98,0,1,1,119,124,223,1.195122
94,0,41,41,76,31,0,0,1,-1,-1.000000,-1.000000,31,0,35,0,0,0,41,41,76,1.129032
95,0,15,17,78,245,0,2,1,4,1.000000,1.000000,57,2,61,0,0,0,15,17,78,1.070175
96,0,1,2,31,226,0,1,4,4,0.000000,0.000000,29,1,29,0,0,0,1,2,31,1.000000
97,0,1,3,37,267,1,3,3,4,0.000000,0.000000,23,2,33,0,1,1,1,3,37,1.434783
98,0,1,3,94,119,0,2,2,3,0.000000,0.000000,80,2,88,0,3,3,1,3,94,1.100000
99,0,1,1,22,221,0,0,4,-1,-1.000000,-1.000000,20,0,20,0,1,1,1,1,22,1.000000
100,0,1,5,90,60,0,4,3,3,0.000000,0.000000,77,4,85,0,0,0,1,5,90,1.103896
101,0,1,2,64,58,0,1,4,4,0.000000,0.000000,52,1,62,0,0,0,1,2,64,1.192308
102,0,1,1,42,142,0,0,3,-1,-1.000000,-1.000000,35,0,41,0,0,0,1,1,42,1.171429
103,0,1,4,46,331,1,4,3,4,0.000000,0.000000,32,3,40,0,2,2,1,4,46,1.250000
104,0,1,4,14,314,0,3,3,3,0.000000,0.000000,9,3,9,0,1,1,1,4,14,1.000000
105,0,18,19,108,26,0,1,2,2,2.000000,2.000000,82,1,86,0,3,3,18,19,108,1.048780
106,0,34,34,84,303,0,0,3,-1,-1.000000,-1.000000,48,0,50,0,0,0,34,34,84,1.041667
107,0,1,2,71,161,0,1,4,4,0.000000,0.000000,59,1,67,0,2,2,1,2,71,1.135593
108,0,1,2,68,352,0,1,3,3,0.000000,0.000000,54,1,66,0,0,0,1,2,68,1.222222
109,0,1,2,33,387,0,1,3,3,0.000000,0.000000,31,1,31,0,0,0,1,2,33,1.000000
110,0,1,1,37,383,0,0,4,-1,-1.000000,-1.000000,31,0,35,0,1,1,1,1,37,1.129032
111,0,1,3,45,257,0,2,3,3,0.000000,0.000000,30,2,42,0,0,0,1,3,45,1.400000
112,0,1,9,89,250,3,6,4,2,0.000000,0.000000,68,8,78,0,2,2,1,9,89,1.147059
113,0,1,2,36,105,0,1,2,2,0.000000,0.000000,25,1,33,0,1,1,1,2,36,1.320000
114,0,28,51,108,79,5,8,3,3,0.000000,2.000000,51,18,55,1,2,3,28,51,108,1.078431
115,0,1,12,37,224,5,3,4,4,0.000000,0.000000,16,11,22,0,3,3,1,12,37,1.375000
116,0,1,1,72,324,0,0,3,-1,-1.000000,-1.000000,69,0,71,0,0,0,1,1,72,1.028986
117,0,1,1,68,121,0,0,4,-1,-1.000000,-1.000000,59,0,65,0,2,2,1,1,68,1.101695
118,0,1,2,16,310,0,1,4,4,0.000000,0.000000,14,1,14,0,0,0,1,2,16,1.000000
119,0,1,2,71,231,0,1,4,4,0.000000,0.000000,62,1,68,0,1,1,1,2,71,1.096774
120,0,1,3,32,243,0,2,2,4,0.000000,0.000000,23,2,29,0,0,0,1,3,32,1.260870
121,0,1,8,22,289,1,6,3,4,0.000000,0.000000,14,6,14,1,0,1,1,8,22,1.000000
122,0,16,20,67,157,0,4,4,3,2.000000,5.000000,36,4,46,0,1,1,16,20,67,1.277778
123,0,37,52,132,381,0,3,4,4,2.000000,3.000000,73,2,77,0,3,3,37,52,132,1.054795
124,0,1,3,61,227,0,2,3,3,0.000000,0.000000,54,2,58,0,0,0,1,3,61,1.074074
125,0,34,59,106,337,0,1,4,4,4.000000,6.000000,39,7,45,0,2,2,34,59,106,1.153846
126,0,1,2,8,279,0,1,4,4,0.000000,0.000000,6,1,6,0,0,0,1,2,8,1.000000
127,0,1,1,52,340,0,0,3,-1,-1.000000,-1.000000,45,0,51,0,0,0,1,1,52,1.133333
128,0,1,35,44,133,3,5,3,4,0.000000,0.000000,8,8,8,1,1,2,1,35,44,1.000000
129,0,50,55,108,39,0,5,3,4,2.000000,4.000000,50,5,52,0,1,1,50,55,108,1.040000
130,0,1,2,37,256,0,1,4,4,0.000000,0.000000,34,1,34,0,1,1,1,2,37,1.000000
131,0,1,2,100,203,0,1,4,4,0.000000,0.000000,91,1,97,0,1,1,1,2,100,1.065934
132,0,9,24,83,338,0,8,4,4,4.000000,6.000000,50,7,56,0,3,3,9,24,83,1.120000
133,0,3,7,98,304,0,4,3,3,0.000000,2.000000,79,4,85,0,6,6,3,7,98,1.075949
134,0,1,5,62,274,0,4,4,3,0.000000,0.000000,51,4,55,0,2,2,1,5,62,1.078431
135,0,74,77,138,260,0,2,4,4,0.000000,2.000000,55,2,61,1,0,1,74,77,138,1.109091
136,0,1,3,45,56,0,2,4,2,0.000000,0.000000,31,2,41,0,1,1,1,3,45,1.322581
137,0,1,1,65,344,0,0,4,-1,-1.000000,-1.000000,54,0,64,0,0,0,1,1,65,1.185185
138,0,1,4,103,242,0,3,2,3,0.000000,0.000000,66,3,98,0,1,1,1,4,103,1.484848
139,0,444,445,546,111,0,1,3,3,0.000000,0.000000,87,1,97,0,4,4,444,445,546,1.114943
140,0,31,50,152,368,2,17,3,3,0.000000,0.000000,96,7,100,0,2,2,31,50,152,1.041667
141,0,1,1,31,207,0,0,3,-1,-1.000000,-1.000000,30,0,30,0,0,0,1,1,31,1.000000
142,0,1,1,67,228,0,0,3,-1,-1.000000,-1.000000,60,0,66,0,0,0,1,1,67,1.100000
143,0,260,270,361,141,1,8,4,4,2.000000,3.000000,82,8,90,2,1,3,260,270,361,1.097561
144,0,1,3,40,65,0,2,4,3,0.000000,0.000000,33,2,37,0,0,0,1,3,40,1.121212
145,0,271,272,361,44,1,12,1,3,1.000000,2.000000,77,1,89,0,0,0,271,272,361,1.155844
146,0,77,81,166,97,0,4,3,3,1.000000,3.000000,80,4,82,0,3,3,77,81,166,1.025000
147,0,1,18,78,342,2,5,1,4,0.000000,0.000000,45,15,59,2,1,3,1,18,78,1.311111
148,0,1,3,42,202,0,2,3,3,0.000000,0.000000,38,2,38,0,1,1,1,3,42,1.000000
149,0,1,2,22,355,0,1,3,3,0.000000,0.000000,20,1,20,0,0,0,1,2,22,1.000000
150,0,1,1,23,151,0,0,4,-1,-1.000000,-1.000000,22,0,22,0,0,0,1,1,23,1.000000
151,0,1,1,50,75,0,0,4,-1,-1.000000,-1.000000,42,0,46,0,3,3,1,1,50,1.095238
152,0,1,1,74,123,0,0,2,-1,-1.000000,-1.000000,71,0,71,0,2,2,1,1,74,1.000000
153,0,1,1,27,79,0,0,3,-1,-1.000000,-1.000000,24,0,26,0,0,0,1,1,27,1.083333
154,0,1,6,84,183,0,5,2,4,0.000000,0.000000,67,5,77,0,1,1,1,6,84,1.149254
155,0,77,103,182,52,0,5,4,4,4.000000,6.000000,71,5,77,0,2,2,77,103,182,1.084507
156,0,121,122,189,367,0,1,2,2,0.000000,2.000000,61,1,67,0,0,0,121,122,189,1.098361
157,0,1,1,38,235,0,0,4,-1,-1.000000,-1.000000,37,0,37,0,0,0,1,1,38,1.000000
158,0,1,2,32,259,0,1,4,4,0.000000,0.000000,28,1,28,0,2,2,1,2,32,1.000000
159,0,1,4,57,301,0,3,2,2,0.000000,0.000000,48,3,52,0,1,1,1,4,57,1.083333
160,0,1,2,74,378,0,1,2,2,0.000000,0.000000,52,1,72,0,0,0,1,2,74,1.384615
161,0,25,25,75,308,0,0,3,-1,-1.000000,-1.000000,45,0,47,0,3,3,25,25,75,1.044444
162,0,1,3,53,366,0,2,4,3,0.000000,0.000000,47,2,47,0,3,3,1,3,53,1.000000
163,0,1,1,5,100,0,0,3,-1,-1.000000,-1.000000,4,0,4,0,0,0,1,1,5,1.000000
164,0,1,4,7,388,2,3,3,4,0.000000,0.000000,3,3,3,0,0,0,1,4,7,1.000000
165,0,1,1,29,72,0,0,2,-1,-1.000000,-1.000000,25,0,27,0,1,1,1,1,29,1.080000
166,0,1,1,25,317,0,0,1,-1,-1.000000,-1.000000,24,0,24,0,0,0,1,1,25,1.000000
167,0,24,32,116,163,0,6,3,3,0.000000,4.000000,70,5,84,0,0,0,24,32,116,1.200000
168,0,1,1,15,3,0,0,3,-1,-1.000000,-1.000000,14,0,14,0,0,0,1,1,15,1.000000
169,0,1,2,35,282,0,1,3,3,0.000000,0.000000,29,1,33,0,0,0,1,2,35,1.137931
170,0,1,2,100,176,0,1,3,3,0.000000,0.000000,78,1,98,0,0,0,1,2,100,1.256410
171,0,1,2,50,102,0,1,3,3,0.000000,0.000000,45,1,47,0,1,1,1,2,50,1.044444
172,0,27,27,106,322,0,0,2,-1,-1.000000,-1.000000,71,0,77,0,2,2,27,27,106,1.084507
173,0,1,1,72,59,0,0,2,-1,-1.000000,-1.000000,49,0,71,0,0,0,1,1,72,1.448980
174,0,211,212,319,262,1,1,4,4,1.000000,2.000000,101,1,107,0,0,0,211,212,319,1.059406
175,0,1,1,69,313,0,0,3,-1,-1.000000,-1.000000,65,0,67,0,1,1,1,1,69,1.030769
176,0,28,30,94,371,0,2,2,4,0.000000,2.000000,60,2,64,0,0,0,28,30,94,1.066667
177,0,1,9,51,270,0,5,4,3,0.000000,0.000000,29,5,39,0,3,3,1,9,51,1.344828
178,0,1,1,68,353,0,0,3,-1,-1.000000,-1.000000,61,0,67,0,0,0,1,1,68,1.098361
179,0,1,1,37,76,0,0,4,-1,-1.000000,-1.000000,31,0,35,0,1,1,1,1,37,1.129032
180,0,1,26,30,139,0,5,4,2,0.000000,0.000000,4,6,4,0,0,0,1,26,30,1.000000
181,0,1,3,23,137,0,2,3,2,0.000000,0.000000,15,2,17,0,3,3,1,3,23,1.133333
182,0,31,33,104,115,0,2,4,3,2.000000,2.000000,61,2,71,0,0,0,31,33,104,1.163934
183,0,1,31,61,238,1,4,3,3,0.000000,0.000000,30,5,30,0,0,0,1,31,61,1.000000
184,0,80,81,139,22,0,1,3,3,1.000000,2.000000,56,1,58,0,0,0,80,81,139,1.035714
185,0,30,30,104,72,0,0,3,-1,-1.000000,-1.000000,59,0,73,0,1,1,30,30,104,1.237288
186,0,132,189,293,34,0,13,1,4,1.000000,2.000000,104,4,104,0,0,0,132,189,293,1.000000
187,0,1,3,62,315,0,2,2,3,0.000000,0.000000,38,2,58,0,1,1,1,3,62,1.526316
188,0,66,71,180,399,0,5,2,3,0.000000,2.000000,97,5,107,0,2,2,66,71,180,1.103093
189,0,1,4,49,88,0,3,3,3,0.000000,0.000000,30,3,42,0,3,3,1,4,49,1.400000
190,0,1,2,12,40,0,1,3,3,0.000000,0.000000,10,1,10,0,0,0,1,2,12,1.000000
191,0,1,1,37,244,0,0,4,-1,-1.000000,-1.000000,33,0,35,0,1,1,1,1,37,1.060606
192,0,183,183,269,0,0,0,3,-1,-1.000000,-1.000000,76,0,84,0,2,2,183,183,269,1.105263
193,0,7,30,80,272,3,2,3,4,1.000000,10.000000,36,8,50,3,0,3,7,30,80,1.388889
194,0,1,7,73,93,1,3,4,3,0.000000,0.000000,64,5,64,1,2,3,1,7,73,1.000000
195,0,1,1,30,96,0,0,4,-1,-1.000000,-1.000000,29,0,29,0,0,0,1,1,30,1.000000
196,0,1,3,65,335,0,2,3,3,0.000000,0.000000,60,2,62,0,0,0,1,3,65,1.033333
197,0,36,36,72,337,0,0,3,-1,-1.000000,-1.000000,35,0,35,0,1,1,36,36,72,1.000000
198,0,20,23,59,211,0,3,2,2,0.000000,2.000000,36,3,36,0,0,0,20,23,59,1.000000
199,0,1,3,72,262,0,2,2,2,0.000000,0.000000,58,2,64,0,5,5,1,3,72,1.103448
200,0,1,5,32,397,1,5,3,2,0.000000,0.000000,27,4,27,0,0,0,1,5,32,1.000000
201,0,1,3,53,341,0,2,3,4,0.000000,0.000000,43,2,49,0,1,1,1,3,53,1.139535
202,0,1,1,53,349,0,0,3,-1,-1.000000,-1.000000,44,0,52,0,0,0,1,1,53,1.181818
203,0,26,33,114,317,0,3,3,2,3.000000,3.000000,64,7,80,0,1,1,26,33,114,1.250000
204,0,1,13,46,2,2,6,1,3,0.000000,0.000000,29,12,33,0,0,0,1,13,46,1.137931
205,0,40,40,117,1,0,0,3,-1,-1.000000,-1.000000,76,0,76,0,1,1,40,40,117,1.000000
206,0,18,19,68,249,0,1,3,3,4.000000,4.000000,48,1,48,0,1,1,18,19,68,1.000000
207,0,39,42,99,381,0,3,4,3,2.000000,2.000000,41,3,53,0,4,4,39,42,99,1.292683
208,0,1,3,32,16,0,2,3,4,0.000000,0.000000,25,2,27,0,2,2,1,3,32,1.080000
209,0,1,2,56,265,0,1,4,4,0.000000,0.000000,46,1,54,0,0,0,1,2,56,1.173913
210,0,1,1,31,258,0,0,3,-1,-1.000000,-1.000000,29,0,29,0,1,1,1,1,31,1.000000
211,0,1,1,32,62,0,0,2,-1,-1.000000,-1.000000,30,0,30,0,1,1,1,1,32,1.000000
212,0,1,2,10,291,1,3,3,3,0.000000,0.000000,8,1,8,0,0,0,1,2,10,1.000000
213,0,4,4,64,133,0,0,4,-1,-1.000000,-1.000000,56,0,60,0,0,0,4,4,64,1.071429
214,0,1,2,40,160,0,1,3,3,0.000000,0.000000,35,1,37,0,1,1,1,2,40,1.057143
215,0,1,3,14,245,0,2,3,3,0.000000,0.000000,11,2,11,0,0,0,1,3,14,1.000000
216,0,96,96,167,185,0,0,3,-1,-1.000000,-1.000000,56,0,64,0,7,7,96,96,167,1.142857
217,0,1,1,68,14,0,0,4,-1,-1.000000,-1.000000,67,0,67,0,0,0,1,1,68,1.000000
218,0,1,2,83,374,0,1,4,4,0.000000,0.000000,67,1,81,0,0,0,1,2,83,1.208955
219,0,1,3,36,215,0,1,3,3,0.000000,0.000000,23,1,31,1,2,3,1,3,36,1.347826
220,0,1,1,33,303,0,0,3,-1,-1.000000,-1.000000,30,0,32,0,0,0,1,1,33,1.066667
221,0,61,63,120,367,0,2,2,4,2.000000,4.000000,53,2,57,0,0,0,61,63,120,1.075472
222,0,1,2,22,69,0,1,4,4,0.000000,0.000000,20,1,20,0,0,0,1,2,22,1.000000
223,0,1,1,31,111,0,0,3,-1,-1.000000,-1.000000,30,0,30,0,0,0,1,1,31,1.000000
224,0,33,34,64,391,0,1,2,2,4.000000,4.000000,19,1,25,0,5,5,33,34,64,1.315789
225,0,67,141,168,241,3,6,4,4,2.000000,4.000000,24,7,24,2,3,5,67,141,168,1.000000
226,0,1,4,27,371,0,3,4,3,0.000000,0.000000,23,3,23,0,0,0,1,4,27,1.000000
227,0,1,3,62,80,0,2,3,2,0.000000,0.000000,43,2,57,0,2,2,1,3,62,1.325581
228,0,1,4,57,359,0,3,4,4,0.000000,0.000000,44,3,48,0,5,5,1,4,57,1.090909
229,0,1,4,49,293,0,3,3,2,0.000000,0.000000,38,3,42,0,3,3,1,4,49,1.105263
230,0,1,2,48,351,0,1,4,4,0.000000,0.000000,43,1,45,0,1,1,1,2,48,1.046512
231,0,1,13,50,294,0,7,3,3,0.000000,0.000000,19,7,33,3,4,7,1,13,50,1.736842
232,0,1,2,68,104,0,1,3,3,0.000000,0.000000,54,1,66,0,0,0,1,2,68,1.222222
233,0,1,1,39,4,0,0,3,-1,-1.000000,-1.000000,37,0,37,0,1,1,1,1,39,1.000000
234,0,149,149,203,30,0,0,4,-1,-1.000000,-1.000000,53,0,53,0,1,1,149,149,203,1.000000
235,0,1,1,65,15,0,0,4,-1,-1.000000,-1.000000,60,0,64,0,0,0,1,1,65,1.066667
236,0,1,4,21,174,0,3,3,3,0.000000,0.000000,17,3,17,0,0,0,1,4,21,1.000000
237,0,1,2,6,230,0,1,3,3,0.000000,0.000000,4,1,4,0,0,0,1,2,6,1.000000
238,0,1,2,23,358,1,2,4,4,0.000000,0.000000,17,1,19,0,2,2,1,2,23,1.117647
239,0,1,2,28,112,0,1,3,3,0.000000,0.000000,26,1,26,0,0,0,1,2,28,1.000000
240,0,163,214,268,9,0,7,3,2,6.000000,6.000000,50,3,52,0,2,2,163,214,268,1.040000
241,0,1,2,43,27,0,1,3,3,0.000000,0.000000,35,1,41,0,0,0,1,2,43,1.171429
242,0,54,56,151,349,0,2,2,3,0.000000,2.000000,78,2,92,0,3,3,54,56,151,1.179487
243,0,1,3,41,150,0,2,4,3,0.000000,0.000000,32,2,38,0,0,0,1,3,41,1.187500
244,0,1,1,53,7,0,0,2,-1,-1.000000,-1.000000,52,0,52,0,0,0,1,1,53,1.000000
245,0,1,1,46,305,0,0,4,-1,-1.000000,-1.000000,43,0,45,0,0,0,1,1,46,1.046512
246,0,1,5,17,363,0,4,4,4,0.000000,0.000000,9,4,11,0,1,1,1,5,17,1.222222
247,0,1,3,41,22,0,2,4,4,0.000000,0.000000,37,2,37,0,1,1,1,3,41,1.000000
248,0,1,2,35,67,0,1,2,2,0.000000,0.000000,33,1,33,0,0,0,1,2,35,1.000000
249,0,1,1,3,24,0,0,3,-1,-1.000000,-1.000000,2,0,2,0,0,0,1,1,3,1.000000
250,0,1,1,32,391,0,0,4,-1,-1.000000,-1.000000,27,0,31,0,0,0,1,1,32,1.148148
251,0,1,3,49,191,1,3,4,4,0.000000,0.000000,35,2,43,0,3,3,1,3,49,1.228571
252,0,1,3,46,295,0,2,3,4,0.000000,0.000000,35,2,41,0,2,2,1,3,46,1.171429
253,0,80,81,151,209,0,1,4,4,0.000000,2.000000,57,1,69,0,1,1,80,81,151,1.210526
254,0,17,19,94,310,0,2,3,4,3.000000,6.000000,58,2,74,0,1,1,17,19,94,1.275862
255,0,1,1,4,354,0,0,4,-1,-1.000000,-1.000000,3,0,3,0,0,0,1,1,4,1.000000
256,0,4,5,102,334,0,1,3,3,0.000000,4.000000,87,1,95,0,2,2,4,5,102,1.091954
257,0,41,43,122,256,0,1,2,2,0.000000,4.000000,67,0,77,1,2,3,41,43,122,1.149254
258,0,1,2,48,380,0,1,4,4,0.000000,0.000000,41,1,45,0,1,1,1,2,48,1.097561
259,0,1,1,54,146,0,0,4,-1,-1.000000,-1.000000,45,0,53,0,0,0,1,1,54,1.177778
260,0,35,37,75,192,0,1,2,2,3.000000,3.000000,29,1,35,1,3,4,35,37,75,1.206897
261,0,1,7,75,286,0,6,4,3,0.000000,0.000000,60,6,68,0,0,0,1,7,75,1.133333
262,0,1,1,59,13,0,0,4,-1,-1.000000,-1.000000,53,0,57,0,1,1,1,1,59,1.075472
263,0,23,23,101,42,0,0,3,-1,-1.000000,-1.000000,73,0,77,0,1,1,23,23,101,1.054795
264,0,55,57,137,118,0,2,3,3,0.000000,7.000000,74,2,78,0,2,2,55,57,137,1.054054
265,0,1,4,32,175,0,3,3,3,0.000000,0.000000,28,3,28,0,0,0,1,4,32,1.000000
266,0,27,42,134,368,3,16,3,4,0.000000,1.000000,89,15,91,0,1,1,27,42,134,1.022472
267,0,1,2,20,302,0,1,2,2,0.000000,0.000000,18,1,18,0,0,0,1,2,20,1.000000
268,0,1,5,31,140,0,4,4,3,0.000000,0.000000,23,4,25,0,1,1,1,5,31,1.086957
269,0,1,12,47,99,0,2,2,4,0.000000,0.000000,17,2,31,1,4,5,1,12,47,1.823529
270,0,37,39,121,139,0,2,4,4,0.000000,2.000000,73,2,79,0,3,3,37,39,121,1.082192
271,0,1,4,21,346,1,2,4,3,0.000000,0.000000,17,3,17,0,0,0,1,4,21,1.000000
272,0,33,37,56,205,0,4,3,4,0.000000,3.000000,19,4,19,0,0,0,33,37,56,1.000000
273,0,1,2,79,251,0,1,3,3,0.000000,0.000000,67,1,77,0,0,0,1,2,79,1.149254
274,0,16,16,114,127,0,0,3,-1,-1.000000,-1.000000,76,0,92,0,6,6,16,16,114,1.210526
275,0,24,32,80,57,4,5,3,3,0.000000,3.000000,42,7,46,1,2,3,24,32,80,1.095238
276,0,1,4,79,323,0,3,3,2,0.000000,0.000000,58,3,74,0,1,1,1,4,79,1.275862
277,0,1,1,38,197,0,0,4,-1,-1.000000,-1.000000,37,0,37,0,0,0,1,1,38,1.000000
278,0,1,3,65,237,0,2,3,4,0.000000,0.000000,60,2,60,0,2,2,1,3,65,1.000000
279,0,1,1,64,128,0,0,3,-1,-1.000000,-1.000000,56,0,62,0,1,1,1,1,64,1.107143
280,0,1,1,46,280,0,0,3,-1,-1.000000,-1.000000,39,0,43,0,2,2,1,1,46,1.102564
281,0,1,3,38,153,0,2,4,4,0.000000,0.000000,31,2,35,0,0,0,1,3,38,1.129032
282,0,26,28,104,68,0,2,3,3,5.000000,5.000000,69,2,71,0,5,5,26,28,104,1.028986
283,0,1,1,70,350,0,0,4,-1,-1.000000,-1.000000,64,0,68,0,1,1,1,1,70,1.062500
284,0,1,3,38,164,0,2,3,3,0.000000,0.000000,28,2,34,0,1,1,1,3,38,1.214286
285,0,71,83,169,147,2,5,2,4,3.000000,5.000000,74,9,82,3,4,7,71,83,169,1.108108
286,0,1,2,30,89,1,2,3,3,0.000000,0.000000,18,0,28,1,0,1,1,2,30,1.555556
287,0,1,1,59,367,0,0,4,-1,-1.000000,-1.000000,46,0,58,0,0,0,1,1,59,1.260870
288,0,1,4,57,188,0,3,2,3,0.000000,0.000000,43,3,51,0,2,2,1,4,57,1.186047
289,0,1,1,48,21,0,0,4,-1,-1.000000,-1.000000,43,0,47,0,0,0,1,1,48,1.093023
290,0,1,3,96,326,0,2,2,4,0.000000,0.000000,79,2,91,0,2,2,1,3,96,1.151899
291,0,1,2,53,398,0,1,3,3,0.000000,0.000000,41,1,51,0,0,0,1,2,53,1.243902
292,0,16,19,62,3,0,3,4,3,6.000000,6.000000,36,3,40,0,3,3,16,19,62,1.111111
293,0,1,1,34,125,0,0,3,-1,-1.000000,-1.000000,29,0,33,0,0,0,1,1,34,1.137931
294,0,1,2,59,248,0,1,4,4,0.000000,0.000000,51,1,55,0,2,2,1,2,59,1.078431
295,0,1,3,27,232,1,4,4,3,0.000000,0.000000,24,2,24,0,0,0,1,3,27,1.000000
296,0,1,4,16,300,0,3,2,3,0.000000,0.000000,11,3,11,0,1,1,1,4,16,1.000000
297,0,28,41,90,223,0,14,1,4,0.000000,5.000000,44,5,48,0,1,1,28,41,90,1.090909
298,0,310,320,400,63,2,10,3,3,0.000000,4.000000,74,10,80,0,0,0,310,320,400,1.081081
299,0,1,4,45,73,0,3,3,3,0.000000,0.000000,30,3,40,0,1,1,1,4,45,1.333333
300,0,507,507,615,244,0,0,4,-1,-1.000000,-1.000000,104,0,108,0,0,0,507,507,615,1.038462
301,0,7,11,67,230,0,3,3,4,0.000000,6.000000,53,3,55,1,1,2,7,11,67,1.037736
302,0,37,37,111,215,0,0,3,-1,-1.000000,-1.000000,65,0,69,0,5,5,37,37,111,1.061538
303,0,114,119,165,80,0,5,3,2,4.000000,4.000000,43,5,45,0,1,1,114,119,165,1.046512
304,0,224,225,317,28,0,1,3,3,4.000000,4.000000,78,1,86,0,6,6,224,225,317,1.102564
305,0,1,2,18,141,0,1,4,4,0.000000,0.000000,13,1,15,0,1,1,1,2,18,1.153846
306,0,1,13,30,357,0,6,3,4,0.000000,0.000000,17,11,17,0,0,0,1,13,30,1.000000
307,0,1,6,64,370,0,5,3,2,0.000000,0.000000,56,5,58,0,0,0,1,6,64,1.035714
308,0,1,2,59,159,0,1,3,3,0.000000,0.000000,54,1,56,0,1,1,1,2,59,1.037037
309,0,23,29,83,71,1,4,4,3,0.000000,4.000000,52,5,54,1,0,1,23,29,83,1.038462
310,0,1,2,43,390,0,1,4,4,0.000000,0.000000,37,1,39,0,2,2,1,2,43,1.054054
311,0,1,2,35,209,0,1,4,4,0.000000,0.000000,27,1,33,0,0,0,1,2,35,1.222222
312,0,62,75,130,253,0,5,2,4,0.000000,3.000000,48,7,54,0,1,1,62,75,130,1.125000
313,0,1,2,68,170,0,1,4,4,0.000000,0.000000,54,1,66,0,0,0,1,2,68,1.222222
314,0,1,2,56,377,0,1,2,2,0.000000,0.000000,52,1,54,0,0,0,1,2,56,1.038462
315,0,32,146,219,258,1,1,3,3,1.000000,2.000000,65,7,69,1,4,5,32,146,219,1.061538
316,0,41,74,136,396,0,5,4,4,2.000000,12.000000,61,16,61,5,1,6,41,74,136,1.000000
317,0,110,112,178,270,0,2,2,4,0.000000,5.000000,66,2,66,0,0,0,110,112,178,1.000000
318,0,1,3,44,178,0,2,4,3,0.000000,0.000000,38,2,40,0,1,1,1,3,44,1.052632
319,0,1,1,38,278,0,0,3,-1,-1.000000,-1.000000,37,0,37,0,0,0,1,1,38,1.000000
320,0,1,2,54,118,0,1,3,3,0.000000,0.000000,48,1,50,0,2,2,1,2,54,1.041667
321,0,1,2,61,206,0,1,2,2,0.000000,0.000000,40,1,58,0,1,1,1,2,61,1.450000
322,0,1,2,26,223,0,1,3,3,0.000000,0.000000,23,1,23,0,1,1,1,2,26,1.000000
323,0,1,3,73,91,0,2,2,4,0.000000,0.000000,57,2,69,0,1,1,1,3,73,1.210526
324,0,1,1,34,394,0,0,4,-1,-1.000000,-1.000000,32,0,32,0,1,1,1,1,34,1.000000
325,0,1,1,24,373,0,0,3,-1,-1.000000,-1.000000,23,0,23,0,0,0,1,1,24,1.000000
326,0,1,1,40,181,0,0,4,-1,-1.000000,-1.000000,31,0,39,0,0,0,1,1,40,1.258065
327,0,1,2,80,208,0,1,2,2,0.000000,0.000000,70,1,78,0,0,0,1,2,80,1.114286
328,0,84,85,162,9,0,1,3,3,0.000000,0.000000,58,1,76,0,1,1,84,85,162,1.310345
329,0,1,3,38,8,0,2,4,4,0.000000,0.000000,21,2,33,0,2,2,1,3,38,1.571429
330,0,1,5,43,193,0,4,4,2,0.000000,0.000000,34,4,38,0,0,0,1,5,43,1.117647
331,0,1,3,5,325,1,4,4,4,0.000000,0.000000,2,2,2,0,0,0,1,3,5,1.000000
332,0,3,3,80,358,0,0,4,-1,-1.000000,-1.000000,70,0,76,0,1,1,3,3,80,1.085714
333,0,1,1,73,172,0,0,3,-1,-1.000000,-1.000000,66,0,72,0,0,0,1,1,73,1.090909
334,0,24,25,98,137,0,1,3,3,0.000000,6.000000,61,1,71,0,2,2,24,25,98,1.163934
335,0,1,1,63,247,0,0,3,-1,-1.000000,-1.000000,55,0,61,0,1,1,1,1,63,1.109091
336,0,1,1,56,194,0,0,2,-1,-1.000000,-1.000000,53,0,55,0,0,0,1,1,56,1.037736
337,0,32,39,113,325,2,5,3,3,0.000000,5.000000,57,5,71,2,3,5,32,39,113,1.245614
338,0,1,1,36,81,0,0,3,-1,-1.000000,-1.000000,25,0,33,0,2,2,1,1,36,1.320000
339,0,1,2,76,328,0,1,4,4,0.000000,0.000000,54,1,74,0,0,0,1,2,76,1.370370
340,0,22,23,100,174,0,1,3,3,2.000000,2.000000,66,1,76,0,1,1,22,23,100,1.151515
341,0,33,33,115,258,0,0,4,-1,-1.000000,-1.000000,71,0,81,0,1,1,33,33,115,1.140845
342,0,1,2,73,43,0,1,4,4,0.000000,0.000000,56,1,68,0,3,3,1,2,73,1.214286
343,0,1,1,99,45,0,0,4,-1,-1.000000,-1.000000,89,0,95,0,3,3,1,1,99,1.067416
344,0,1,2,34,131,0,1,4,4,0.000000,0.000000,32,1,32,0,0,0,1,2,34,1.000000
345,0,1,3,24,64,0,2,4,4,0.000000,0.000000,18,2,20,0,1,1,1,3,24,1.111111
346,0,1,1,45,264,0,0,4,-1,-1.000000,-1.000000,41,0,41,0,3,3,1,1,45,1.000000
347,0,1,2,51,201,0,1,2,2,0.000000,0.000000,43,1,47,0,2,2,1,2,51,1.093023
348,0,360,672,774,157,0,1,4,4,0.000000,1.000000,90,1,102,0,0,0,360,672,774,1.133333
349,0,1,1,64,332,0,0,2,-1,-1.000000,-1.000000,53,0,63,0,0,0,1,1,64,1.188679
350,0,1,3,48,283,0,2,4,4,0.000000,0.000000,38,2,42,0,3,3,1,3,48,1.105263
351,0,1,3,45,110,0,2,4,4,0.000000,0.000000,38,2,42,0,0,0,1,3,45,1.105263
352,0,8,16,75,388,0,6,3,3,4.000000,7.000000,40,8,54,0,5,5,8,16,75,1.350000
353,0,1,3,80,136,0,2,3,4,0.000000,0.000000,68,2,72,0,5,5,1,3,80,1.058824
354,0,3,27,89,289,0,7,3,3,0.000000,2.000000,52,4,60,1,2,3,3,27,89,1.153846
355,0,1,4,53,54,0,3,3,3,0.000000,0.000000,43,3,49,0,0,0,1,4,53,1.139535
356,0,25,28,107,64,0,3,1,3,0.000000,2.000000,65,3,79,0,0,0,25,28,107,1.215385
357,0,1,3,45,339,0,2,4,3,0.000000,0.000000,35,2,41,0,1,1,1,3,45,1.171429
358,0,40,53,94,94,1,3,4,4,3.000000,4.000000,35,8,39,1,2,3,40,53,94,1.114286
359,0,1,2,27,312,0,1,4,4,0.000000,0.000000,21,1,25,0,0,0,1,2,27,1.190476
360,0,41,49,82,365,0,8,2,4,2.000000,5.000000,30,8,32,0,1,1,41,49,82,1.066667
361,0,1,1,39,94,0,0,3,-1,-1.000000,-1.000000,36,0,38,0,0,0,1,1,39,1.055556
362,0,1,3,8,338,0,2,3,4,0.000000,0.000000,5,2,5,0,0,0,1,3,8,1.000000
363,0,58,58,141,339,0,0,3,-1,-1.000000,-1.000000,75,0,83,0,0,0,58,58,141,1.106667
364,0,153,153,236,349,0,0,1,-1,-1.000000,-1.000000,77,0,83,0,0,0,153,153,236,1.077922
365,0,27,31,79,55,0,4,3,4,0.000000,1.000000,45,4,47,0,1,1,27,31,79,1.044444
366,0,1,1,45,276,0,0,1,-1,-1.000000,-1.000000,42,0,44,0,0,0,1,1,45,1.047619
367,0,1,1,54,101,0,0,3,-1,-1.000000,-1.000000,51,0,53,0,0,0,1,1,54,1.039216
368,0,1,2,38,144,1,1,3,3,0.000000,0.000000,32,1,32,0,4,4,1,2,38,1.000000
369,0,61,72,121,11,6,10,2,4,0.000000,5.000000,30,9,46,1,3,4,61,72,121,1.533333
370,0,82,84,144,222,0,2,3,4,1.000000,2.000000,58,2,60,0,0,0,82,84,144,1.034483
371,0,1,4,68,239,0,3,1,3,0.000000,0.000000,62,3,64,0,0,0,1,4,68,1.032258
372,0,32,35,75,207,0,2,4,4,0.000000,12.000000,34,2,36,1,4,5,32,35,75,1.058824
373,0,53,53,132,340,0,0,4,-1,-1.000000,-1.000000,64,0,76,0,3,3,53,53,132,1.187500
374,0,21,28,116,77,0,7,2,4,0.000000,8.000000,62,7,86,0,2,2,21,28,116,1.387097
375,0,17,30,64,249,1,3,4,4,0.000000,8.000000,31,4,33,1,1,2,17,30,64,1.064516
376,0,120,120,170,307,0,0,4,-1,-1.000000,-1.000000,46,0,48,0,2,2,120,120,170,1.043478
377,0,1,1,5,204,0,0,4,-1,-1.000000,-1.000000,4,0,4,0,0,0,1,1,5,1.000000
378,0,59,60,125,34,1,2,3,4,1.000000,5.000000,62,0,64,1,1,2,59,60,125,1.032258
379,0,21,21,144,246,0,0,2,-1,-1.000000,-1.000000,90,0,122,0,1,1,21,21,144,1.355556
380,0,55,56,122,108,0,1,3,3,2.000000,4.000000,57,1,65,0,1,1,55,56,122,1.140351
381,0,139,140,227,332,0,1,3,3,2.000000,2.000000,72,1,84,0,3,3,139,140,227,1.166667
382,0,1,1,24,236,0,0,4,-1,-1.000000,-1.000000,23,0,23,0,0,0,1,1,24,1.000000
383,0,4,6,36,139,0,2,3,4,0.000000,1.000000,30,2,30,0,0,0,4,6,36,1.000000
384,0,1,1,30,273,0,0,3,-1,-1.000000,-1.000000,29,0,29,0,0,0,1,1,30,1.000000
385,0,1,1,31,287,0,0,3,-1,-1.000000,-1.000000,30,0,30,0,0,0,1,1,31,1.000000
386,0,32,32,113,140,0,0,3,-1,-1.000000,-1.000000,71,0,81,0,0,0,32,32,113,1.140845
387,0,1,4,36,254,2,2,2,3,0.000000,0.000000,28,2,30,1,2,3,1,4,36,1.071429
388,0,46,46,98,154,0,0,4,-1,-1.000000,-1.000000,46,0,48,0,4,4,46,46,98,1.043478
389,0,1,3,40,31,0,2,3,4,0.000000,0.000000,36,2,36,0,1,1,1,3,40,1.000000
390,0,1,1,31,124,0,0,3,-1,-1.000000,-1.000000,29,0,29,0,1,1,1,1,31,1.000000
391,0,1,1,76,97,0,0,3,-1,-1.000000,-1.000000,67,0,75,0,0,0,1,1,76,1.119403
392,0,1,2,105,379,0,1,4,4,0.000000,0.000000,92,1,102,0,1,1,1,2,105,1.108696
393,0,33,35,138,16,0,2,4,4,0.000000,1.000000,98,2,102,0,1,1,33,35,138,1.040816
394,0,1,6,36,381,0,5,3,3,0.000000,0.000000,28,5,30,0,0,0,1,6,36,1.071429
395,0,1,5,20,52,0,4,4,3,0.000000,0.000000,15,4,15,0,0,0,1,5,20,1.000000
396,0,1,2,47,53,0,1,3,3,0.000000,0.000000,32,1,38,0,7,7,1,2,47,1.187500
397,0,1,1,37,98,0,0,4,-1,-1.000000,-1.000000,31,0,35,0,1,1,1,1,37,1.129032
398,0,1,1,80,240,0,0,3,-1,-1.000000,-1.000000,71,0,79,0,0,0,1,1,80,1.112676
399,0,1,5,34,192,0,4,3,4,0.000000,0.000000,29,4,29,0,0,0,1,5,34,1.000000
400,0,7,7,94,114,0,0,4,-1,-1.000000,-1.000000,80,0,84,0,3,3,7,7,94,1.050000
401,0,1,4,57,385,2,2,3,3,0.000000,0.000000,43,2,49,1,4,5,1,4,57,1.139535
402,0,1,2,16,318,0,1,4,4,0.000000,0.000000,14,1,14,0,0,0,1,2,16,1.000000
403,0,32,33,81,222,0,1,3,3,3.000000,3.000000,48,1,48,0,0,0,32,33,81,1.000000
404,0,1,2,49,384,0,1,3,3,0.000000,0.000000,47,1,47,0,0,0,1,2,49,1.000000
405,0,1,1,17,106,0,0,4,-1,-1.000000,-1.000000,16,0,16,0,0,0,1,1,17,1.000000
406,0,58,58,139,301,0,0,3,-1,-1.000000,-1.000000,73,0,81,0,0,0,58,58,139,1.109589
407,0,1,4,24,308,0,3,3,4,0.000000,0.000000,17,3,17,0,3,3,1,4,24,1.000000
408,0,1,5,88,225,2,8,2,3,0.000000,0.000000,71,4,83,0,0,0,1,5,88,1.169014
409,0,3,6,52,270,0,3,2,2,0.000000,1.000000,42,3,44,0,2,2,3,6,52,1.047619
410,0,1,3,44,20,0,2,3,3,0.000000,0.000000,40,2,40,0,1,1,1,3,44,1.000000
411,0,1,6,24,23,0,4,3,4,0.000000,0.000000,6,4,16,1,2,3,1,6,24,2.666667
412,0,1,7,53,252,2,6,2,3,0.000000,0.000000,42,6,42,0,4,4,1,7,53,1.000000
413,0,1,2,36,281,0,1,4,4,0.000000,0.000000,31,1,33,0,1,1,1,2,36,1.064516
414,0,4,11,59,325,0,7,4,4,1.000000,4.000000,37,4,45,0,3,3,4,11,59,1.216216
415,0,1,1,37,389,0,0,3,-1,-1.000000,-1.000000,36,0,36,0,0,0,1,1,37,1.000000
416,0,7,55,118,399,2,4,4,4,0.000000,4.000000,62,5,62,2,1,3,7,55,118,1.000000
417,0,1,1,31,47,0,0,2,-1,-1.000000,-1.000000,30,0,30,0,0,0,1,1,31,1.000000
418,0,1,2,72,166,0,1,3,3,0.000000,0.000000,60,1,70,0,0,0,1,2,72,1.166667
419,0,1,2,31,222,0,1,4,4,0.000000,0.000000,18,1,26,0,3,3,1,2,31,1.444444
420,0,1,3,30,115,0,2,4,4,0.000000,0.000000,25,2,27,0,0,0,1,3,30,1.080000
421,0,1,1,26,261,0,0,4,-1,-1.000000,-1.000000,23,0,25,0,0,0,1,1,26,1.086957
422,0,66,71,123,35,0,5,3,2,1.000000,2.000000,48,5,52,0,0,0,66,71,123,1.083333
423,0,49,60,123,295,2,3,4,4,2.000000,3.000000,50,11,62,0,1,1,49,60,123,1.240000
424,0,1,1,51,288,0,0,4,-1,-1.000000,-1.000000,48,0,50,0,0,0,1,1,51,1.041667
425,0,1,2,58,34,0,1,3,3,0.000000,0.000000,52,1,56,0,0,0,1,2,58,1.076923
426,0,1,1,90,155,0,0,4,-1,-1.000000,-1.000000,57,0,89,0,0,0,1,1,90,1.561404
427,0,1,1,38,33,0,0,4,-1,-1.000000,-1.000000,33,0,35,0,2,2,1,1,38,1.060606
428,0,69,71,131,329,0,2,3,2,1.000000,2.000000,49,2,59,0,1,1,69,71,131,1.204082
429,0,1,3,40,396,0,2,3,4,0.000000,0.000000,30,2,36,0,1,1,1,3,40,1.200000
430,0,1,1,50,284,0,0,4,-1,-1.000000,-1.000000,43,0,47,0,2,2,1,1,50,1.093023
431,0,1,1,34,11,0,0,4,-1,-1.000000,-1.000000,30,0,32,0,1,1,1,1,34,1.066667
432,0,43,43,96,269,0,0,4,-1,-1.000000,-1.000000,46,0,52,0,1,1,43,43,96,1.130435
433,0,28,35,123,311,0,4,4,4,3.000000,6.000000,73,6,87,1,1,2,28,35,123,1.191781
434,0,1,3,60,95,0,2,2,3,0.000000,0.000000,48,2,52,0,5,5,1,3,60,1.083333
435,0,30,34,118,28,0,4,3,4,0.000000,6.000000,79,4,83,0,1,1,30,34,118,1.050633
436,0,1,8,67,292,3,9,4,3,0.000000,0.000000,40,7,54,0,5,5,1,8,67,1.350000
437,0,1,2,22,122,0,1,4,4,0.000000,0.000000,20,1,20,0,0,0,1,2,22,1.000000
438,0,360,361,445,55,0,1,2,2,2.000000,2.000000,73,1,81,0,3,3,360,361,445,1.109589
439,0,5,181,276,354,0,12,3,2,0.000000,2.000000,87,2,91,0,4,4,5,181,276,1.045977
440,0,1,3,60,44,0,2,4,3,0.000000,0.000000,36,2,52,0,5,5,1,3,60,1.444444
441,0,1,1,72,117,0,0,3,-1,-1.000000,-1.000000,59,0,71,0,0,0,1,1,72,1.203390
442,0,1,1,28,327,0,0,3,-1,-1.000000,-1.000000,27,0,27,0,0,0,1,1,28,1.000000
443,0,14,22,107,376,0,8,3,3,0.000000,0.000000,82,8,84,0,1,1,14,22,107,1.024390
444,0,52,54,114,179,0,2,3,4,0.000000,10.000000,57,2,59,0,1,1,52,54,114,1.035088
445,0,1,5,36,364,0,4,3,3,0.000000,0.000000,29,4,29,0,2,2,1,5,36,1.000000
446,0,1,3,56,348,0,2,3,3,0.000000,0.000000,40,2,52,0,1,1,1,3,56,1.300000
447,0,1,4,68,180,2,3,1,3,0.000000,0.000000,60,3,64,0,0,0,1,4,68,1.066667
448,0,6,9,88,100,0,3,3,3,0.000000,3.000000,74,3,78,0,1,1,6,9,88,1.054054
449,0,3,6,80,232,0,3,3,3,1.000000,3.000000,69,3,73,0,1,1,3,6,80,1.057971
450,0,30,35,87,219,1,5,3,4,1.000000,5.000000,47,3,49,2,3,5,30,35,87,1.042553
451,0,142,151,203,319,0,3,4,3,4.000000,4.000000,52,5,52,0,0,0,142,151,203,1.000000
452,0,1,1,25,219,0,0,1,-1,-1.000000,-1.000000,24,0,24,0,0,0,1,1,25,1.000000
453,0,1,1,12,30,0,0,4,-1,-1.000000,-1.000000,11,0,11,0,0,0,1,1,12,1.000000
454,0,1,2,39,1,0,1,4,4,0.000000,0.000000,37,1,37,0,0,0,1,2,39,1.000000
455,0,1,1,56,369,0,0,3,-1,-1.000000,-1.000000,50,0,52,0,3,3,1,1,56,1.040000
456,0,25,29,75,158,0,4,4,3,0.000000,4.000000,41,4,43,0,3,3,25,29,75,1.048780
457,0,1,2,73,216,0,1,3,3,0.000000,0.000000,49,1,71,0,0,0,1,2,73,1.448980
458,0,1,5,13,376,0,4,2,2,0.000000,0.000000,8,4,8,0,0,0,1,5,13,1.000000
459,0,1,2,61,253,0,1,4,4,0.000000,0.000000,52,1,56,0,3,3,1,2,61,1.076923
460,0,1,1,28,185,0,0,3,-1,-1.000000,-1.000000,25,0,27,0,0,0,1,1,28,1.080000
461,0,1,2,11,234,0,1,4,4,0.000000,0.000000,9,1,9,0,0,0,1,2,11,1.000000
462,0,1,7,80,48,0,6,3,3,0.000000,0.000000,60,6,72,0,1,1,1,7,80,1.200000
463,0,107,126,196,327,0,9,3,3,3.000000,3.000000,63,7,69,0,1,1,107,126,196,1.095238
464,0,1,4,56,168,0,3,2,4,0.000000,0.000000,47,3,49,0,3,3,1,4,56,1.042553
465,0,137,141,230,347,0,4,3,3,0.000000,4.000000,86,4,88,0,1,1,137,141,230,1.023256
466,0,40,41,119,307,0,1,3,3,1.000000,8.000000,77,1,77,0,1,1,40,41,119,1.000000
467,0,1,3,36,395,0,2,2,4,0.000000,0.000000,31,2,31,0,2,2,1,3,36,1.000000
468,0,1,1,6,272,0,0,3,-1,-1.000000,-1.000000,5,0,5,0,0,0,1,1,6,1.000000
469,0,84,85,192,345,0,1,4,4,1.000000,1.000000,71,1,105,0,2,2,84,85,192,1.478873
470,0,1,1,12,87,0,0,4,-1,-1.000000,-1.000000,11,0,11,0,0,0,1,1,12,1.000000
471,0,1,3,37,296,0,2,3,4,0.000000,0.000000,32,2,34,0,0,0,1,3,37,1.062500
472,0,1,1,21,386,0,0,3,-1,-1.000000,-1.000000,20,0,20,0,0,0,1,1,21,1.000000
473,0,1,4,27,25,0,3,4,4,0.000000,0.000000,17,3,23,0,0,0,1,4,27,1.352941
474,0,17,74,130,300,0,5,3,4,0.000000,2.000000,46,3,56,0,0,0,17,74,130,1.217391
475,0,1,6,45,260,1,5,3,2,0.000000,0.000000,37,5,39,0,0,0,1,6,45,1.054054
476,0,26,26,107,135,0,0,4,-1,-1.000000,-1.000000,75,0,79,0,2,2,26,26,107,1.053333
477,0,35,40,97,394,0,5,3,4,0.000000,4.000000,50,5,54,0,3,3,35,40,97,1.080000
478,0,1,1,26,368,0,0,4,-1,-1.000000,-1.000000,23,0,25,0,0,0,1,1,26,1.086957
479,0,1,24,72,9,3,13,4,4,0.000000,0.000000,42,8,46,1,2,3,1,24,72,1.095238
480,0,1,4,74,266,0,3,2,3,0.000000,0.000000,57,3,67,0,3,3,1,4,74,1.175439
481,0,32,86,161,273,0,1,4,4,0.000000,4.000000,59,2,73,0,2,2,32,86,161,1.237288
482,0,1,1,60,309,0,0,3,-1,-1.000000,-1.000000,55,0,59,0,0,0,1,1,60,1.072727
483,0,1,1,41,200,0,0,2,-1,-1.000000,-1.000000,39,0,39,0,1,1,1,1,41,1.000000
484,0,1,4,43,210,2,3,4,4,0.000000,0.000000,26,3,38,0,1,1,1,4,43,1.461538
485,0,1,1,53,255,0,0,4,-1,-1.000000,-1.000000,46,0,52,0,0,0,1,1,53,1.130435
486,0,1,4,16,196,0,3,2,2,0.000000,0.000000,9,3,11,0,1,1,1,4,16,1.222222
487,0,1,1,67,103,0,0,2,-1,-1.000000,-1.000000,62,0,66,0,0,0,1,1,67,1.064516
488,0,1,4,33,186,1,1,3,3,0.000000,0.000000,22,3,28,0,1,1,1,4,33,1.272727
489,0,1,2,71,393,0,1,4,4,0.000000,0.000000,61,1,69,0,0,0,1,2,71,1.131148
490,0,1,2,18,375,0,1,3,3,0.000000,0.000000,14,1,16,0,0,0,1,2,18,1.142857
491,0,1,1,21,138,0,0,4,-1,-1.000000,-1.000000,20,0,20,0,0,0,1,1,21,1.000000
492,0,1,4,44,319,0,3,4,3,0.000000,0.000000,34,3,38,0,2,2,1,4,44,1.117647
493,0,1,3,60,343,0,2,4,3,0.000000,0.000000,49,2,57,0,0,0,1,3,60,1.163265
494,0,1,1,57,32,0,0,3,-1,-1.000000,-1.000000,47,0,55,0,1,1,1,1,57,1.170213
495,0,1,6,35,107,0,5,2,3,0.000000,0.000000,14,5,26,0,3,3,1,6,35,1.857143
496,0,1,2,105,214,0,1,3,3,0.000000,0.000000,93,1,101,0,2,2,1,2,105,1.086022
497,0,1,3,35,74,1,4,3,2,0.000000,0.000000,26,2,30,0,2,2,1,3,35,1.153846
498,0,9,9,65,272,0,0,4,-1,-1.000000,-1.000000,55,0,55,0,1,1,9,9,65,1.000000
499,0,39,39,110,33,0,0,3,-1,-1.000000,-1.000000,70,0,70,0,1,1,39,39,110,1.000000
500,0,1,1,20,120,0,0,4,-1,-1.000000,-1.000000,19,0,19,0,0,0,1,1,20,1.000000
501,0,1,3,78,299,0,2,1,4,0.000000,0.000000,71,2,75,0,0,0,1,3,78,1.056338
502,0,1,3,17,26,0,2,1,4,0.000000,0.000000,14,2,14,0,0,0,1,3,17,1.000000
503,0,43,49,95,331,2,3,4,3,0.000000,8.000000,43,4,45,2,1,3,43,49,95,1.046512
504,0,118,119,221,309,0,1,3,3,0.000000,3.000000,90,1,100,0,2,2,118,119,221,1.111111
505,0,1,3,49,356,0,2,3,3,0.000000,0.000000,46,2,46,0,0,0,1,3,49,1.000000
506,0,1,1,20,77,0,0,4,-1,-1.000000,-1.000000,19,0,19,0,0,0,1,1,20,1.000000
507,0,15,15,78,314,0,0,4,-1,-1.000000,-1.000000,58,0,60,0,3,3,15,15,78,1.034483
508,0,126,149,218,139,5,7,2,4,0.000000,3.000000,56,13,68,3,1,4,126,149,218,1.214286
509,0,47,50,120,295,1,4,3,3,0.000000,6.000000,66,3,66,0,4,4,47,50,120,1.000000
510,0,1,5,40,333,2,1,2,2,0.000000,0.000000,33,4,33,0,2,2,1,5,40,1.000000
511,0,24,29,91,149,0,5,3,4,1.000000,3.000000,56,5,62,0,0,0,24,29,91,1.107143
512,0,1,1,66,86,0,0,4,-1,-1.000000,-1.000000,59,0,65,0,0,0,1,1,66,1.101695
513,0,69,71,140,336,0,2,2,4,3.000000,3.000000,65,2,69,0,0,0,69,71,140,1.061538
514,0,1,4,60,246,1,1,3,3,0.000000,0.000000,46,3,56,0,0,0,1,4,60,1.217391
515,0,32,34,99,5,2,1,4,4,0.000000,9.000000,58,1,62,1,3,4,32,34,99,1.068966
516,0,1,3,27,6,0,2,3,3,0.000000,0.000000,19,2,21,0,3,3,1,3,27,1.105263
517,0,1,2,49,126,0,1,4,4,0.000000,0.000000,34,1,44,0,3,3,1,2,49,1.294118
518,0,1,5,41,187,0,4,3,3,0.000000,0.000000,25,4,33,0,3,3,1,5,41,1.320000
519,0,1,4,48,199,0,3,3,3,0.000000,0.000000,38,3,38,0,6,6,1,4,48,1.000000
520,0,1,1,16,249,0,0,4,-1,-1.000000,-1.000000,15,0,15,0,0,0,1,1,16,1.000000
521,0,1,2,63,306,0,1,3,3,0.000000,0.000000,52,1,58,0,3,3,1,2,63,1.115385
522,0,1,2,48,143,0,1,3,3,0.000000,0.000000,43,1,43,0,3,3,1,2,48,1.000000
523,0,1,3,70,298,0,2,3,3,0.000000,0.000000,66,2,66,0,1,1,1,3,70,1.000000
524,0,1,2,39,145,0,1,4,4,0.000000,0.000000,32,1,36,0,1,1,1,2,39,1.125000
525,0,1,4,43,217,0,3,2,3,0.000000,0.000000,27,3,39,0,0,0,1,4,43,1.444444
526,0,4,10,99,289,0,5,4,4,0.000000,8.000000,72,5,82,1,7,8,4,10,99,1.138889
527,0,1,1,39,307,0,0,4,-1,-1.000000,-1.000000,36,0,38,0,0,0,1,1,39,1.055556
528,0,1,3,98,18,2,2,2,3,0.000000,0.000000,74,2,94,0,1,1,1,3,98,1.270270
529,0,1,2,31,5,0,1,3,3,0.000000,0.000000,29,1,29,0,0,0,1,2,31,1.000000
530,0,1,2,42,189,0,1,2,2,0.000000,0.000000,35,1,37,0,3,3,1,2,42,1.057143
531,0,1,5,56,39,1,3,3,4,0.000000,0.000000,40,4,48,0,3,3,1,5,56,1.200000
532,0,1,1,18,362,0,0,4,-1,-1.000000,-1.000000,17,0,17,0,0,0,1,1,18,1.000000
533,0,28,36,79,120,0,2,4,4,0.000000,1.000000,43,1,43,0,0,0,28,36,79,1.000000
534,0,1,6,44,184,0,5,3,4,0.000000,0.000000,34,5,38,0,0,0,1,6,44,1.117647
535,0,3,4,66,238,0,1,3,3,0.000000,2.000000,55,1,61,0,1,1,3,4,66,1.109091
536,0,1,1,26,229,0,0,3,-1,-1.000000,-1.000000,25,0,25,0,0,0,1,1,26,1.000000
537,0,115,119,196,179,1,8,2,3,0.000000,2.000000,69,4,77,0,0,0,115,119,196,1.115942
538,0,1,9,46,130,0,5,3,2,0.000000,0.000000,28,7,36,1,1,2,1,9,46,1.285714
539,0,1,1,26,320,0,0,4,-1,-1.000000,-1.000000,21,0,25,0,0,0,1,1,26,1.190476
540,0,1,4,80,212,0,3,2,2,0.000000,0.000000,52,3,76,0,0,0,1,4,80,1.461538
541,0,1,1,35,271,0,0,3,-1,-1.000000,-1.000000,25,0,33,0,1,1,1,1,35,1.320000
542,0,1,4,65,35,0,3,3,4,0.000000,0.000000,45,3,59,0,2,2,1,4,65,1.311111
543,0,1,4,45,220,0,3,3,4,0.000000,0.000000,35,3,41,0,0,0,1,4,45,1.171429
544,0,1,1,40,171,0,0,3,-1,-1.000000,-1.000000,31,0,39,0,0,0,1,1,40,1.258065
545,0,1,2,56,263,0,1,4,4,0.000000,0.000000,48,1,52,0,2,2,1,2,56,1.083333
546,0,42,99,162,51,2,9,2,4,1.000000,3.000000,60,13,60,0,3,3,42,99,162,1.000000
547,0,1,2,41,63,1,2,4,4,0.000000,0.000000,30,1,38,0,1,1,1,2,41,1.266667
548,0,1,2,22,42,0,1,2,2,0.000000,0.000000,20,1,20,0,0,0,1,2,22,1.000000
549,0,56,269,351,398,1,14,1,3,0.000000,8.000000,71,6,79,2,3,5,56,269,351,1.112676
550,0,1,4,29,10,0,3,3,3,0.000000,0.000000,24,3,24,0,1,1,1,4,29,1.000000
551,0,13,17,70,87,0,4,2,3,2.000000,7.000000,35,4,47,0,6,6,13,17,70,1.342857
552,0,38,42,76,389,0,4,3,3,0.000000,2.000000,32,4,34,0,0,0,38,42,76,1.062500
553,0,31,34,124,225,0,3,3,4,2.000000,5.000000,88,3,90,0,0,0,31,34,124,1.022727
554,0,1,2,27,129,0,1,3,3,0.000000,0.000000,24,1,24,0,1,1,1,2,27,1.000000
555,0,1,3,31,90,1,1,4,4,0.000000,0.000000,28,2,28,0,0,0,1,3,31,1.000000
556,0,1,1,54,84,0,0,2,-1,-1.000000,-1.000000,43,0,53,0,0,0,1,1,54,1.232558
557,0,135,135,240,46,0,0,3,-1,-1.000000,-1.000000,86,0,104,0,1,1,135,135,240,1.209302
558,0,1,1,28,167,0,0,4,-1,-1.000000,-1.000000,25,0,27,0,0,0,1,1,28,1.080000
559,0,1,2,48,70,0,1,3,3,0.000000,0.000000,40,1,46,0,0,0,1,2,48,1.150000
560,0,496,499,611,363,0,3,4,4,1.000000,3.000000,102,2,112,0,0,0,496,499,611,1.098039
561,0,29,49,126,122,5,10,3,4,0.000000,4.000000,74,15,76,5,1,6,29,49,126,1.027027
562,0,1,5,36,113,1,2,3,2,0.000000,0.000000,24,4,30,0,1,1,1,5,36,1.250000
563,0,35,44,84,291,0,4,4,2,7.000000,7.000000,34,7,36,0,4,4,35,44,84,1.058824
564,0,1,1,53,392,0,0,4,-1,-1.000000,-1.000000,52,0,52,0,0,0,1,1,53,1.000000
565,0,69,223,303,121,0,7,2,4,2.000000,2.000000,68,2,80,0,0,0,69,223,303,1.176471
566,0,37,38,123,281,0,1,4,4,1.000000,2.000000,81,1,85,0,0,0,37,38,123,1.049383
567,0,1,1,26,177,0,0,1,-1,-1.000000,-1.000000,23,0,25,0,0,0,1,1,26,1.086957
568,0,1,1,67,134,0,0,3,-1,-1.000000,-1.000000,62,0,66,0,0,0,1,1,67,1.064516
569,0,30,41,75,330,0,1,2,2,6.000000,6.000000,23,5,33,0,1,1,30,41,75,1.434783
570,0,1,3,42,269,0,2,2,3,0.000000,0.000000,33,2,37,0,2,2,1,3,42,1.121212
571,0,38,67,119,256,1,3,4,2,1.000000,3.000000,45,7,51,1,1,2,38,67,119,1.133333
572,0,1,9,23,345,1,10,2,3,0.000000,0.000000,7,8,13,0,1,1,1,9,23,1.857143
573,0,41,47,124,94,0,1,4,4,1.000000,1.000000,77,3,77,1,0,1,41,47,124,1.000000
574,0,42,45,134,382,0,3,3,4,0.000000,4.000000,87,3,89,0,0,0,42,45,134,1.022989
575,0,19,22,77,141,0,3,2,3,3.000000,5.000000,47,3,53,0,2,2,19,22,77,1.127660
576,0,19,22,86,49,0,3,4,3,0.000000,6.000000,57,3,61,0,3,3,19,22,86,1.070175
577,0,1,1,61,116,0,0,4,-1,-1.000000,-1.000000,58,0,60,0,0,0,1,1,61,1.034483
578,0,81,83,138,212,0,2,2,4,0.000000,1.000000,53,2,55,0,0,0,81,83,138,1.037736
579,0,1,5,23,163,0,4,3,3,0.000000,0.000000,16,4,18,0,0,0,1,5,23,1.125000
580,0,1,1,58,132,0,0,3,-1,-1.000000,-1.000000,52,0,56,0,1,1,1,1,58,1.076923
581,0,12,22,73,234,0,4,3,2,1.000000,3.000000,48,8,50,2,1,3,12,22,73,1.041667
582,0,1,1,30,156,0,0,2,-1,-1.000000,-1.000000,29,0,29,0,0,0,1,1,30,1.000000
583,0,1,2,42,233,0,1,3,3,0.000000,0.000000,38,1,40,0,0,0,1,2,42,1.052632
584,0,1,3,27,311,0,2,1,4,0.000000,0.000000,20,2,24,0,0,0,1,3,27,1.200000
585,0,59,62,177,188,1,4,4,3,1.000000,1.000000,94,3,114,0,1,1,59,62,177,1.212766
586,0,1,1,54,38,0,0,3,-1,-1.000000,-1.000000,53,0,53,0,0,0,1,1,54,1.000000
587,0,1,8,44,205,1,4,3,3,0.000000,0.000000,29,7,35,0,1,1,1,8,44,1.206897
588,0,24,27,59,151,0,3,4,4,3.000000,6.000000,32,3,32,0,0,0,24,27,59,1.000000
589,0,1,2,54,108,0,1,3,3,0.000000,0.000000,39,1,47,0,5,5,1,2,54,1.205128
590,0,1,63,115,51,0,3,3,4,0.000000,0.000000,47,3,51,0,1,1,1,63,115,1.085106
591,0,1,4,45,154,0,3,1,2,0.000000,0.000000,39,3,41,0,0,0,1,4,45,1.051282
592,0,1,1,38,0,0,0,3,-1,-1.000000,-1.000000,37,0,37,0,0,0,1,1,38,1.000000
593,0,1,2,52,304,1,9,4,2,0.000000,0.000000,40,1,48,0,2,2,1,2,52,1.200000
594,0,1,7,83,147,1,4,2,3,0.000000,0.000000,57,6,75,0,1,1,1,7,83,1.315789
595,0,39,42,137,278,0,3,4,4,0.000000,4.000000,83,3,95,0,0,0,39,42,137,1.144578
596,0,163,166,268,215,0,3,1,3,0.000000,1.000000,84,3,98,0,4,4,163,166,268,1.166667
597,0,69,78,153,0,0,3,3,2,3.000000,3.000000,57,1,71,1,4,5,69,78,153,1.245614
598,0,1,2,46,195,0,1,4,4,0.000000,0.000000,32,1,40,0,4,4,1,2,46,1.250000
599,0,6,11,78,204,0,4,4,2,6.000000,6.000000,65,4,65,1,2,3,6,11,78,1.000000
600,3,50,54,119,295,0,3,4,4,1.000000,4.000000,59,3,61,1,4,5,47,51,116,1.033898
601,4,11,12,49,285,0,1,3,3,0.000000,3.000000,24,1,36,0,1,1,7,8,45,1.500000
602,5,6,6,35,354,0,0,2,-1,-1.000000,-1.000000,28,0,28,0,1,1,1,1,30,1.000000
603,5,22,23,69,267,0,1,3,3,2.000000,8.000000,42,1,46,0,0,0,17,18,64,1.095238
604,5,18,31,114,363,0,10,3,3,0.000000,0.000000,78,12,82,1,1,2,13,26,109,1.051282
605,6,258,261,363,52,0,3,2,3,0.000000,1.000000,96,3,100,0,2,2,252,255,357,1.041667
606,6,32,37,97,111,0,4,4,3,0.000000,4.000000,57,4,59,1,1,2,26,31,91,1.035088
607,6,19,23,67,362,0,2,4,4,0.000000,6.000000,40,4,42,0,2,2,13,17,61,1.050000
608,7,54,54,109,255,0,0,4,-1,-1.000000,-1.000000,39,0,55,0,0,0,47,47,102,1.410256
609,8,9,9,52,279,0,0,4,-1,-1.000000,-1.000000,42,0,42,0,1,1,1,1,44,1.000000
610,8,22,23,90,138,0,1,4,4,0.000000,6.000000,58,1,66,0,1,1,14,15,82,1.137931
611,10,117,137,201,259,1,10,3,3,0.000000,1.000000,63,15,63,2,1,3,107,127,191,1.000000
612,10,11,14,82,338,0,2,2,4,1.000000,7.000000,66,2,68,1,0,1,1,4,72,1.030303
613,11,41,55,93,181,2,9,3,4,1.000000,3.000000,28,13,38,1,0,1,30,44,82,1.357143
614,12,140,140,216,59,0,0,2,-1,-1.000000,-1.000000,71,0,73,0,3,3,128,128,204,1.028169
615,12,94,95,156,98,0,1,3,3,0.000000,1.000000,54,1,60,0,1,1,82,83,144,1.111111
616,12,19,19,39,375,0,0,3,-1,-1.000000,-1.000000,17,0,17,0,3,3,7,7,27,1.000000
617,13,93,93,182,277,0,0,2,-1,-1.000000,-1.000000,69,0,87,0,2,2,80,80,169,1.260870
618,14,27,29,31,229,0,2,3,3,3.000000,3.000000,2,2,2,0,0,0,13,15,17,1.000000
619,14,27,29,75,122,1,8,3,4,0.000000,4.000000,44,1,46,1,0,1,13,15,61,1.045455
620,15,34,45,83,387,3,10,3,4,0.000000,1.000000,38,10,38,1,0,1,19,30,68,1.000000
621,15,57,70,115,263,3,4,1,3,4.000000,8.000000,42,12,44,1,1,2,42,55,100,1.047619
622,15,35,61,108,11,1,4,3,3,4.000000,7.000000,34,4,46,1,1,2,20,46,93,1.352941
623,16,18,24,86,106,0,6,3,3,0.000000,7.000000,54,6,58,0,4,4,2,8,70,1.074074
624,16,19,29,86,211,0,4,4,3,2.000000,2.000000,48,4,54,1,3,4,3,13,70,1.125000
625,16,28,34,63,6,0,5,2,4,0.000000,9.000000,29,4,29,1,0,1,12,18,47,1.000000
626,16,22,22,51,360,0,0,3,-1,-1.000000,-1.000000,28,0,28,0,1,1,6,6,35,1.000000
627,16,18,21,74,224,0,3,4,4,0.000000,0.000000,52,3,52,0,1,1,2,5,58,1.000000
628,16,36,38,98,107,0,2,4,4,0.000000,2.000000,59,2,59,0,1,1,20,22,82,1.000000
629,17,45,53,109,184,0,6,3,4,3.000000,4.000000,54,8,56,0,0,0,28,36,92,1.037037
630,17,27,27,59,261,0,0,3,-1,-1.000000,-1.000000,31,0,31,0,1,1,10,10,42,1.000000
631,17,70,77,142,121,0,6,3,3,2.000000,2.000000,49,6,65,1,0,1,53,60,125,1.326531
632,17,61,92,143,372,0,10,4,3,0.000000,5.000000,48,10,48,1,3,4,44,75,126,1.000000
633,18,23,29,50,152,0,3,2,4,0.000000,6.000000,17,1,21,0,0,0,5,11,32,1.235294
634,18,23,25,92,17,0,2,4,4,0.000000,6.000000,57,2,67,0,0,0,5,7,74,1.175439
635,18,145,184,257,246,6,9,4,4,0.000000,2.000000,72,15,72,0,1,1,127,166,239,1.000000
636,18,28,31,85,312,0,3,4,3,0.000000,4.000000,40,2,52,0,2,2,10,13,67,1.300000
637,20,27,28,49,177,0,1,4,4,0.000000,2.000000,18,1,20,0,1,1,7,8,29,1.111111
638,20,48,69,84,79,0,9,3,3,0.000000,4.000000,13,2,15,0,0,0,28,49,64,1.153846
639,20,29,82,145,6,2,3,4,4,0.000000,6.000000,60,7,62,0,1,1,9,62,125,1.033333
640,20,21,25,87,196,0,3,3,4,0.000000,4.000000,47,3,61,1,1,2,1,5,67,1.297872
641,20,127,129,197,75,0,2,3,3,3.000000,3.000000,62,2,66,0,2,2,107,109,177,1.064516
642,20,24,26,33,147,0,2,3,3,1.000000,1.000000,7,2,7,0,0,0,4,6,13,1.000000
643,21,139,144,182,84,0,3,2,2,0.000000,0.000000,36,5,38,0,0,0,118,123,161,1.055556
644,21,69,72,110,180,0,3,3,3,0.000000,0.000000,32,3,38,0,0,0,48,51,89,1.187500
645,21,31,35,79,156,0,4,3,4,0.000000,5.000000,34,4,40,0,4,4,10,14,58,1.176471
646,21,84,88,180,120,0,4,4,2,1.000000,1.000000,87,4,91,0,1,1,63,67,159,1.045977
647,21,22,27,72,52,0,5,4,4,0.000000,5.000000,41,5,45,0,0,0,1,6,51,1.097561
648,21,43,45,84,202,0,2,2,3,1.000000,1.000000,36,2,38,0,1,1,22,24,63,1.055556
649,22,34,43,68,147,3,4,4,4,0.000000,2.000000,25,8,25,0,0,0,12,21,46,1.000000
650,22,32,48,74,368,2,18,2,3,0.000000,0.000000,26,10,26,0,0,0,10,26,52,1.000000
651,22,53,58,109,270,0,1,2,2,3.000000,3.000000,45,5,49,0,2,2,31,36,87,1.088889
652,22,149,149,225,29,0,0,3,-1,-1.000000,-1.000000,70,0,72,0,4,4,127,127,203,1.028571
653,22,32,44,60,226,0,7,3,3,2.000000,4.000000,15,9,15,3,1,4,10,22,38,1.000000
654,22,29,42,58,223,0,9,4,3,5.000000,5.000000,16,4,16,1,0,1,7,20,36,1.000000
655,22,25,42,133,236,3,17,2,2,0.000000,0.000000,84,17,90,0,1,1,3,20,111,1.071429
656,23,39,40,58,235,0,1,2,2,0.000000,1.000000,16,1,18,0,0,0,16,17,35,1.125000
657,23,37,41,56,74,0,4,4,4,2.000000,6.000000,13,4,15,0,0,0,14,18,33,1.153846
658,23,49,272,350,181,1,2,3,4,0.000000,0.000000,67,10,77,2,1,3,26,249,327,1.149254
659,23,27,32,74,223,1,8,3,4,3.000000,4.000000,40,5,40,0,2,2,4,9,51,1.000000
660,23,28,28,65,129,0,0,3,-1,-1.000000,-1.000000,24,0,34,0,3,3,5,5,42,1.416667
661,24,33,38,70,5,0,7,2,3,0.000000,7.000000,30,0,32,1,0,1,9,14,46,1.066667
662,24,70,71,102,29,0,1,3,3,0.000000,2.000000,13,1,29,0,2,2,46,47,78,2.230769
663,24,39,93,132,113,0,15,2,3,0.000000,2.000000,37,1,39,0,0,0,15,69,108,1.054054
664,24,32,33,99,47,0,1,2,2,0.000000,0.000000,56,1,64,0,2,2,8,9,75,1.142857
665,24,31,31,74,221,0,0,3,-1,-1.000000,-1.000000,34,0,42,0,1,1,7,7,50,1.235294
666,24,29,34,95,185,0,5,3,2,3.000000,3.000000,58,5,60,0,1,1,5,10,71,1.034483
667,25,43,84,130,197,0,14,1,3,0.000000,3.000000,40,13,46,0,0,0,18,59,105,1.150000
668,25,26,30,84,163,0,4,2,3,0.000000,3.000000,44,4,52,0,2,2,1,5,59,1.181818
669,25,55,262,314,146,0,7,4,4,0.000000,4.000000,41,5,47,1,5,6,30,237,289,1.146341
670,25,330,336,430,393,0,6,1,3,0.000000,2.000000,94,6,94,0,0,0,305,311,405,1.000000
671,26,183,183,270,124,0,0,4,-1,-1.000000,-1.000000,70,0,86,0,1,1,157,157,244,1.228571
672,26,101,101,156,102,0,0,3,-1,-1.000000,-1.000000,48,0,54,0,1,1,75,75,130,1.125000
673,26,81,86,119,358,2,3,3,3,1.000000,1.000000,31,4,33,1,0,1,55,60,93,1.064516
674,26,33,33,63,37,0,0,3,-1,-1.000000,-1.000000,25,0,29,0,1,1,7,7,37,1.160000
675,26,29,158,218,312,0,5,3,4,0.000000,4.000000,55,1,57,0,3,3,3,132,192,1.036364
676,26,45,53,103,63,0,8,4,3,1.000000,1.000000,41,8,49,0,1,1,19,27,77,1.195122
677,26,388,392,462,344,0,4,4,3,0.000000,1.000000,63,4,69,0,1,1,362,366,436,1.095238
678,26,31,32,91,273,1,1,4,4,0.000000,3.000000,56,0,58,1,1,2,5,6,65,1.035714
679,27,28,29,91,25,0,1,4,4,3.000000,15.000000,53,1,61,0,1,1,1,2,64,1.150943
680,27,68,84,141,171,0,6,4,4,0.000000,8.000000,49,0,55,1,2,3,41,57,114,1.122449
681,27,169,237,313,196,0,4,3,3,1.000000,2.000000,70,7,74,0,2,2,142,210,286,1.057143
682,27,94,94,169,32,0,0,4,-1,-1.000000,-1.000000,75,0,75,0,0,0,67,67,142,1.000000
683,27,33,33,45,62,0,0,3,-1,-1.000000,-1.000000,12,0,12,0,0,0,6,6,18,1.000000
684,27,63,64,142,7,0,1,3,3,0.000000,2.000000,68,1,78,0,0,0,36,37,115,1.147059
685,27,30,36,86,122,1,11,4,3,1.000000,2.000000,47,6,49,0,1,1,3,9,59,1.042553
686,27,51,57,100,284,0,2,2,3,4.000000,4.000000,40,6,42,0,1,1,24,30,73,1.050000
687,27,122,189,261,298,0,3,3,2,5.000000,6.000000,65,9,71,0,1,1,95,162,234,1.092308
688,28,36,65,128,131,2,5,3,3,1.000000,4.000000,56,10,58,0,5,5,8,37,100,1.035714
689,28,32,40,77,287,0,8,3,4,4.000000,6.000000,35,8,35,0,2,2,4,12,49,1.000000
690,28,31,32,72,96,0,1,3,3,1.000000,3.000000,37,1,39,0,1,1,3,4,44,1.054054
691,28,219,497,594,240,0,4,3,4,0.000000,1.000000,83,2,93,0,4,4,191,469,566,1.120482
692,29,43,44,107,46,0,1,4,4,0.000000,3.000000,56,1,60,0,3,3,14,15,78,1.071429
693,29,41,41,106,316,0,0,4,-1,-1.000000,-1.000000,51,0,63,0,2,2,12,12,77,1.235294
694,29,177,182,243,156,0,5,2,3,0.000000,4.000000,51,5,59,0,2,2,148,153,214,1.156863
695,29,30,33,79,223,0,1,4,4,0.000000,5.000000,43,1,43,2,3,5,1,4,50,1.000000
696,29,34,35,77,198,0,1,4,4,0.000000,4.000000,41,1,41,0,1,1,5,6,48,1.000000
697,30,45,47,158,20,0,2,4,4,0.000000,3.000000,74,2,110,0,1,1,15,17,128,1.486486
698,30,34,46,91,291,0,5,3,4,0.000000,13.000000,44,7,44,1,1,2,4,16,61,1.000000
699,30,43,48,114,189,0,5,2,3,0.000000,1.000000,62,5,64,0,2,2,13,18,84,1.032258
700,30,57,67,97,194,0,8,2,4,0.000000,5.000000,30,7,30,1,0,1,27,37,67,1.000000
701,30,33,33,116,259,0,0,4,-1,-1.000000,-1.000000,79,0,83,0,0,0,3,3,86,1.050633
702,30,35,38,115,131,1,3,3,4,5.000000,7.000000,74,3,76,0,1,1,5,8,85,1.027027
703,30,39,46,68,387,0,11,3,4,0.000000,3.000000,11,5,17,0,5,5,9,16,38,1.545455
704,30,40,41,70,375,0,1,4,4,3.000000,6.000000,28,1,28,0,1,1,10,11,40,1.000000
705,31,41,41,67,171,0,0,3,-1,-1.000000,-1.000000,19,0,23,0,3,3,10,10,36,1.210526
706,31,87,92,141,125,0,5,4,3,2.000000,3.000000,43,5,47,0,2,2,56,61,110,1.093023
707,31,46,46,111,73,0,0,3,-1,-1.000000,-1.000000,54,0,64,0,1,1,15,15,80,1.185185
708,31,35,37,88,165,0,2,4,4,0.000000,5.000000,31,2,51,0,0,0,4,6,57,1.645161
709,31,38,43,131,296,0,5,4,4,1.000000,2.000000,66,5,86,0,2,2,7,12,100,1.303030
710,31,46,46,70,62,0,0,4,-1,-1.000000,-1.000000,24,0,24,0,0,0,15,15,39,1.000000
711,31,89,91,191,165,0,2,4,4,0.000000,8.000000,91,2,97,0,3,3,58,60,160,1.065934
712,31,35,37,85,125,0,2,4,4,1.000000,2.000000,41,2,47,0,1,1,4,6,54,1.146341
713,31,41,63,80,336,0,5,2,3,0.000000,2.000000,10,1,16,0,1,1,10,32,49,1.600000
714,31,67,68,98,86,0,1,3,3,0.000000,2.000000,30,1,30,0,0,0,36,37,67,1.000000
715,31,48,48,104,53,0,0,2,-1,-1.000000,-1.000000,46,0,54,0,2,2,17,17,73,1.173913
716,31,114,120,195,201,0,6,2,3,0.000000,3.000000,66,6,74,0,1,1,83,89,164,1.121212
717,31,39,41,99,8,0,2,4,4,0.000000,4.000000,50,2,56,0,2,2,8,10,68,1.120000
718,32,85,91,147,235,0,6,4,4,0.000000,1.000000,51,6,55,0,1,1,53,59,115,1.078431
719,32,208,226,331,42,0,2,4,2,0.000000,0.000000,75,1,103,1,2,3,176,194,299,1.373333
720,32,151,151,272,247,0,0,3,-1,-1.000000,-1.000000,92,0,120,0,1,1,119,119,240,1.304348
721,32,33,33,89,273,0,0,4,-1,-1.000000,-1.000000,53,0,53,0,3,3,1,1,57,1.000000
722,32,138,145,187,324,1,9,2,3,0.000000,0.000000,39,7,41,0,1,1,106,113,155,1.051282
723,32,33,34,81,219,1,9,4,4,2.000000,5.000000,41,1,41,0,6,6,1,2,49,1.000000
724,32,33,37,84,243,0,4,2,4,3.000000,8.000000,42,4,46,0,1,1,1,5,52,1.095238
725,32,90,90,109,69,0,0,4,-1,-1.000000,-1.000000,15,0,17,0,2,2,58,58,77,1.133333
726,32,33,44,88,330,2,2,4,4,0.000000,5.000000,41,6,43,3,1,4,1,12,56,1.048780
727,33,57,57,103,168,0,0,3,-1,-1.000000,-1.000000,38,0,46,0,0,0,24,24,70,1.210526
728,33,46,53,92,276,3,5,4,3,3.000000,6.000000,38,5,38,2,1,3,13,20,59,1.000000
729,33,34,55,83,219,1,10,2,3,1.000000,1.000000,23,11,27,2,1,3,1,22,50,1.173913
730,33,34,35,68,329,0,1,4,4,1.000000,3.000000,28,1,32,0,1,1,1,2,35,1.142857
731,33,44,44,92,27,0,0,4,-1,-1.000000,-1.000000,48,0,48,0,0,0,11,11,59,1.000000
732,33,37,38,116,254,0,1,3,3,0.000000,5.000000,62,1,78,0,0,0,4,5,83,1.258065
733,34,38,39,100,383,0,1,3,3,1.000000,7.000000,59,1,59,0,2,2,4,5,66,1.000000
734,34,47,51,55,2,0,4,4,4,1.000000,2.000000,4,4,4,0,0,0,13,17,21,1.000000
735,34,42,42,105,187,0,0,3,-1,-1.000000,-1.000000,55,0,63,0,0,0,8,8,71,1.145455
736,34,69,76,100,102,0,5,4,3,3.000000,4.000000,24,7,24,0,0,0,35,42,66,1.000000
737,34,230,234,308,41,0,4,2,3,0.000000,2.000000,64,4,74,0,0,0,196,200,274,1.156250
738,34,75,75,132,123,0,0,3,-1,-1.000000,-1.000000,51,0,57,0,0,0,41,41,98,1.117647
739,35,111,111,177,203,0,0,3,-1,-1.000000,-1.000000,54,0,66,0,0,0,76,76,142,1.222222
740,35,36,36,57,147,0,0,2,-1,-1.000000,-1.000000,20,0,20,0,1,1,1,1,22,1.000000
741,35,66,70,123,237,0,4,2,3,0.000000,2.000000,47,4,51,0,2,2,31,35,88,1.085106
742,35,36,36,59,11,0,0,2,-1,-1.000000,-1.000000,6,0,18,0,5,5,1,1,24,3.000000
743,35,44,44,86,217,0,0,4,-1,-1.000000,-1.000000,37,0,41,0,1,1,9,9,51,1.108108
744,35,46,46,72,264,0,0,2,-1,-1.000000,-1.000000,19,0,25,0,1,1,11,11,37,1.315789
745,35,38,43,67,50,0,4,3,3,1.000000,4.000000,20,4,22,1,2,3,3,8,32,1.100000
746,36,37,47,131,105,0,9,2,4,1.000000,2.000000,69,9,83,1,1,2,1,11,95,1.202899
747,36,37,39,117,131,0,2,3,4,3.000000,8.000000,61,2,77,0,1,1,1,3,81,1.262295
748,36,226,229,282,99,0,3,3,4,0.000000,1.000000,53,3,53,0,0,0,190,193,246,1.000000
749,36,47,66,118,390,0,8,2,4,0.000000,6.000000,45,10,49,1,3,4,11,30,82,1.088889
750,36,68,82,88,132,1,7,3,4,0.000000,6.000000,6,12,6,0,0,0,32,46,52,1.000000
751,36,37,41,113,182,1,7,3,2,0.000000,0.000000,68,4,72,0,0,0,1,5,77,1.058824
752,36,39,40,67,153,0,1,3,3,1.000000,2.000000,27,1,27,0,0,0,3,4,31,1.000000
753,36,39,41,93,98,0,1,4,4,0.000000,5.000000,45,1,51,1,1,2,3,5,57,1.133333
754,36,37,37,65,173,0,0,2,-1,-1.000000,-1.000000,23,0,27,0,1,1,1,1,29,1.173913
755,36,42,49,65,90,0,6,3,2,2.000000,5.000000,14,4,16,0,0,0,6,13,29,1.142857
756,36,52,52,113,201,0,0,4,-1,-1.000000,-1.000000,57,0,59,0,2,2,16,16,77,1.035088
757,37,76,115,182,71,1,3,3,3,0.000000,2.000000,65,10,65,2,2,4,39,78,145,1.000000
758,37,71,71,98,375,0,0,4,-1,-1.000000,-1.000000,21,0,25,0,2,2,34,34,61,1.190476
759,37,55,60,85,101,0,5,2,3,0.000000,2.000000,22,5,24,0,1,1,18,23,48,1.090909
760,37,38,39,133,122,0,1,4,4,0.000000,7.000000,77,1,93,0,1,1,1,2,96,1.207792
761,37,78,78,166,287,0,0,3,-1,-1.000000,-1.000000,84,0,88,0,0,0,41,41,129,1.047619
762,37,39,40,68,0,0,1,2,2,0.000000,1.000000,22,1,28,0,0,0,2,3,31,1.272727
763,37,99,119,195,331,0,3,3,4,2.000000,6.000000,71,4,75,0,1,1,62,82,158,1.056338
764,37,38,43,92,219,0,4,4,3,1.000000,3.000000,44,4,48,1,1,2,1,6,55,1.090909
765,37,38,39,68,182,0,1,3,3,0.000000,0.000000,26,1,28,0,1,1,1,2,31,1.076923
766,38,51,52,126,75,0,1,4,4,1.000000,4.000000,64,1,74,0,0,0,13,14,88,1.156250
767,38,66,207,243,263,0,8,4,4,0.000000,2.000000,34,10,36,0,0,0,28,169,205,1.058824
768,38,48,51,97,396,0,2,4,4,3.000000,4.000000,39,2,43,1,3,4,10,13,59,1.102564
769,38,133,139,207,340,0,6,2,4,0.000000,0.000000,59,6,67,0,1,1,95,101,169,1.135593
770,38,40,50,59,4,0,6,2,4,0.000000,5.000000,9,8,9,2,0,2,2,12,21,1.000000
771,38,46,59,84,257,0,6,4,3,0.000000,2.000000,20,4,24,0,1,1,8,21,46,1.200000
772,38,42,50,79,22,0,4,3,4,3.000000,3.000000,28,6,28,2,1,3,4,12,41,1.000000
773,38,52,52,99,213,0,0,3,-1,-1.000000,-1.000000,35,0,45,0,2,2,14,14,61,1.285714
774,38,122,122,218,144,0,0,3,-1,-1.000000,-1.000000,85,0,95,0,1,1,84,84,180,1.117647
775,39,42,54,117,200,0,11,3,3,0.000000,5.000000,55,9,63,0,0,0,3,15,78,1.145455
776,39,40,51,115,113,0,7,4,3,0.000000,2.000000,52,5,64,1,0,1,1,12,76,1.230769
777,39,83,85,128,36,0,2,2,2,2.000000,2.000000,42,2,42,0,1,1,44,46,89,1.000000
778,39,67,67,108,238,0,0,3,-1,-1.000000,-1.000000,35,0,41,0,0,0,28,28,69,1.171429
779,39,59,62,98,76,0,2,3,4,2.000000,4.000000,36,2,36,1,0,1,20,23,59,1.000000
780,39,40,48,102,387,0,8,3,4,2.000000,2.000000,50,8,52,0,2,2,1,9,63,1.040000
781,39,97,98,146,357,0,1,3,3,0.000000,4.000000,42,1,46,0,2,2,58,59,107,1.095238
782,40,65,151,239,399,0,14,4,3,0.000000,2.000000,76,3,86,0,2,2,25,111,199,1.131579
783,40,45,50,63,397,0,5,4,4,4.000000,7.000000,11,5,13,0,0,0,5,10,23,1.181818
784,40,56,57,112,2,0,1,3,3,0.000000,3.000000,51,1,55,0,0,0,16,17,72,1.078431
785,40,48,54,76,186,0,2,4,3,0.000000,4.000000,21,6,21,0,1,1,8,14,36,1.000000
786,40,144,146,197,319,0,2,2,4,1.000000,2.000000,46,2,50,0,1,1,104,106,157,1.086957
787,40,72,76,83,9,0,4,1,4,0.000000,1.000000,7,4,7,0,0,0,32,36,43,1.000000
788,40,64,67,124,37,0,3,4,4,0.000000,3.000000,47,3,53,0,4,4,24,27,84,1.127660
789,40,47,49,131,218,0,2,2,3,0.000000,0.000000,71,2,81,0,1,1,7,9,91,1.140845
790,40,46,47,57,339,0,1,3,3,3.000000,3.000000,8,1,10,0,0,0,6,7,17,1.250000
791,40,41,47,63,160,0,6,4,2,1.000000,3.000000,16,6,16,0,0,0,1,7,23,1.000000
792,41,103,106,181,29,1,3,4,3,1.000000,2.000000,71,3,71,0,4,4,62,65,140,1.000000
793,41,42,42,92,113,0,0,3,-1,-1.000000,-1.000000,44,0,50,0,0,0,1,1,51,1.136364
794,41,42,52,68,65,0,7,4,3,7.000000,7.000000,12,5,16,1,0,1,1,11,27,1.333333
795,41,69,70,121,150,0,1,2,2,3.000000,3.000000,39,1,47,0,4,4,28,29,80,1.205128
796,41,156,156,194,188,0,0,2,-1,-1.000000,-1.000000,33,0,37,0,1,1,115,115,153,1.121212
797,41,52,57,120,288,0,5,4,3,0.000000,2.000000,60,5,62,0,1,1,11,16,79,1.033333
798,42,44,50,71,210,0,6,3,3,5.000000,5.000000,21,6,21,0,0,0,2,8,29,1.000000
799,42,44,44,75,61,0,0,4,-1,-1.000000,-1.000000,28,0,28,0,3,3,2,2,33,1.000000
800,42,43,46,101,142,0,3,4,4,0.000000,2.000000,49,3,53,0,2,2,1,4,59,1.081633
801,42,47,56,190,220,0,9,3,2,0.000000,1.000000,116,9,132,0,2,2,5,14,148,1.137931
802,42,50,50,103,356,0,0,4,-1,-1.000000,-1.000000,51,0,51,0,2,2,8,8,61,1.000000
803,42,46,102,225,220,0,13,2,2,1.000000,2.000000,103,12,115,0,8,8,4,60,183,1.116505
804,42,43,45,89,90,0,2,3,4,2.000000,5.000000,41,2,43,0,1,1,1,3,47,1.048780
805,43,58,71,113,348,1,7,3,4,0.000000,4.000000,32,12,42,1,0,1,15,28,70,1.312500
806,43,50,51,96,177,0,1,3,3,1.000000,2.000000,37,1,43,0,2,2,7,8,53,1.162162
807,43,48,50,109,257,0,2,4,3,1.000000,2.000000,47,2,59,0,0,0,5,7,66,1.255319
808,43,58,60,115,146,0,2,4,4,0.000000,6.000000,53,2,53,0,2,2,15,17,72,1.000000
809,43,58,98,182,392,1,14,4,3,6.000000,8.000000,76,11,82,0,2,2,15,55,139,1.078947
810,43,44,54,102,197,2,12,4,3,0.000000,4.000000,48,10,48,0,0,0,1,11,59,1.000000
811,44,57,59,132,191,0,2,4,3,4.000000,4.000000,70,2,72,0,1,1,13,15,88,1.028571
812,44,45,48,109,233,0,3,2,3,2.000000,2.000000,58,3,60,0,1,1,1,4,65,1.034483
813,44,53,54,101,321,0,1,2,2,2.000000,2.000000,42,1,46,0,1,1,9,10,57,1.095238
814,44,68,68,149,230,0,0,3,-1,-1.000000,-1.000000,79,0,81,0,0,0,24,24,105,1.025316
815,44,54,56,89,252,0,2,3,4,1.000000,3.000000,30,2,32,0,1,1,10,12,45,1.066667
816,44,46,54,125,200,0,5,4,2,4.000000,4.000000,63,5,67,0,4,4,2,10,81,1.063492
817,45,46,47,83,93,0,1,4,4,0.000000,4.000000,34,1,36,0,0,0,1,2,38,1.058824
818,45,98,98,187,71,0,0,3,-1,-1.000000,-1.000000,79,0,87,0,2,2,53,53,142,1.101266
819,45,46,52,107,51,0,6,3,3,0.000000,0.000000,39,6,53,0,2,2,1,7,62,1.358974
820,45,64,68,151,6,0,3,2,4,2.000000,3.000000,71,3,83,1,0,1,19,23,106,1.169014
821,45,64,65,89,247,0,1,3,3,0.000000,3.000000,23,1,23,0,1,1,19,20,44,1.000000
822,45,60,60,113,4,0,0,4,-1,-1.000000,-1.000000,50,0,52,0,1,1,15,15,68,1.040000
823,45,49,52,76,283,0,3,4,4,0.000000,6.000000,24,3,24,0,0,0,4,7,31,1.000000
824,45,80,84,159,211,1,7,4,4,4.000000,8.000000,71,4,75,0,0,0,35,39,114,1.056338
825,45,47,51,64,82,0,4,3,3,2.000000,6.000000,6,4,10,0,3,3,2,6,19,1.666667
826,45,49,53,103,143,0,4,3,4,0.000000,6.000000,44,4,50,0,0,0,4,8,58,1.136364
827,45,46,48,79,110,0,2,4,3,0.000000,2.000000,31,2,31,0,0,0,1,3,34,1.000000
828,46,208,289,350,258,3,2,1,4,3.000000,4.000000,60,10,60,0,1,1,162,243,304,1.000000
829,46,47,48,139,65,0,1,3,3,0.000000,9.000000,81,1,89,0,2,2,1,2,93,1.098765
830,46,92,157,198,277,1,5,3,2,3.000000,3.000000,30,8,40,0,1,1,46,111,152,1.333333
831,46,53,63,91,277,2,6,3,3,4.000000,4.000000,27,10,27,0,1,1,7,17,45,1.000000
832,46,53,56,97,333,0,3,4,4,0.000000,3.000000,34,3,40,0,1,1,7,10,51,1.176471
833,46,50,52,96,384,0,2,3,4,0.000000,2.000000,42,2,44,0,0,0,4,6,50,1.047619
834,46,47,50,73,200,1,3,3,4,0.000000,5.000000,19,2,23,1,0,1,1,4,27,1.210526
835,46,96,105,153,331,1,4,2,4,1.000000,3.000000,42,4,46,0,2,2,50,59,107,1.095238
836,47,54,59,98,54,0,4,3,3,0.000000,3.000000,33,4,37,1,2,3,7,12,51,1.121212
837,47,57,60,142,369,0,3,4,3,0.000000,3.000000,75,3,81,0,1,1,10,13,95,1.080000
838,48,53,58,119,279,0,5,3,3,3.000000,4.000000,55,5,57,0,4,4,5,10,71,1.036364
839,48,71,74,104,171,0,3,3,3,0.000000,5.000000,23,3,27,0,3,3,23,26,56,1.173913
840,48,57,59,110,377,0,2,4,3,0.000000,2.000000,47,2,49,0,2,2,9,11,62,1.042553
841,48,49,75,161,277,2,3,3,2,2.000000,3.000000,77,14,85,2,1,3,1,27,113,1.103896
842,48,71,72,98,350,0,1,3,3,0.000000,3.000000,26,1,26,0,0,0,23,24,50,1.000000
843,48,52,63,106,360,1,4,3,4,0.000000,5.000000,41,9,43,2,0,2,4,15,58,1.048780
844,48,55,65,111,38,0,10,3,3,3.000000,3.000000,40,10,44,0,2,2,7,17,63,1.100000
845,48,76,136,239,286,3,3,4,4,1.000000,1.000000,102,12,102,0,1,1,28,88,191,1.000000
846,49,58,88,133,32,1,3,2,4,0.000000,3.000000,45,10,45,1,0,1,9,39,84,1.000000
847,49,66,66,111,344,0,0,3,-1,-1.000000,-1.000000,41,0,45,0,0,0,17,17,62,1.097561
848,49,61,70,94,392,1,8,2,3,2.000000,8.000000,19,8,23,1,1,2,12,21,45,1.210526
849,49,50,52,92,21,0,2,3,3,0.000000,7.000000,32,2,38,0,2,2,1,3,43,1.187500
850,49,126,133,180,384,0,7,1,4,1.000000,2.000000,36,7,44,0,3,3,77,84,131,1.222222
851,49,55,55,138,84,0,0,3,-1,-1.000000,-1.000000,73,0,81,0,2,2,6,6,89,1.109589
852,49,73,76,149,147,0,2,2,4,0.000000,8.000000,64,2,70,0,3,3,24,27,100,1.093750
853,49,93,93,151,249,0,0,3,-1,-1.000000,-1.000000,54,0,58,0,0,0,44,44,102,1.074074
854,49,50,54,82,79,0,4,4,4,1.000000,3.000000,22,4,28,0,0,0,1,5,33,1.272727
855,50,61,226,248,309,1,3,3,3,2.000000,2.000000,20,8,22,2,0,2,11,176,198,1.100000
856,50,51,66,108,305,0,7,4,4,0.000000,12.000000,41,13,41,2,1,3,1,16,58,1.000000
857,50,62,63,93,109,0,1,4,4,0.000000,2.000000,26,1,28,0,2,2,12,13,43,1.076923
858,50,76,79,157,207,0,3,3,3,1.000000,1.000000,67,3,77,0,1,1,26,29,107,1.149254
859,50,94,98,179,181,0,4,1,3,2.000000,2.000000,75,4,81,0,0,0,44,48,129,1.080000
860,50,51,58,106,197,2,4,3,3,1.000000,1.000000,43,5,45,2,3,5,1,8,56,1.046512
861,51,60,65,105,92,0,5,4,4,6.000000,6.000000,40,5,40,0,0,0,9,14,54,1.000000
862,51,149,189,259,88,1,6,2,3,2.000000,2.000000,65,12,69,2,1,3,98,138,208,1.061538
863,51,68,72,115,162,0,4,3,4,1.000000,3.000000,39,4,43,0,0,0,17,21,64,1.102564
864,51,58,61,110,205,0,3,4,4,3.000000,6.000000,46,3,48,0,1,1,7,10,59,1.043478
865,51,52,64,90,197,2,13,4,3,1.000000,1.000000,19,8,25,2,1,3,1,13,39,1.315789
866,51,66,72,156,160,0,7,4,3,1.000000,3.000000,61,3,83,0,1,1,15,21,105,1.360656
867,51,97,101,125,384,0,2,2,3,4.000000,4.000000,18,4,24,0,0,0,46,50,74,1.333333
868,52,61,68,124,343,0,4,3,4,1.000000,5.000000,54,6,56,1,0,1,9,16,72,1.037037
869,52,124,139,182,78,0,4,3,4,0.000000,5.000000,35,3,41,0,2,2,72,87,130,1.171429
870,52,76,79,101,61,0,1,3,3,2.000000,2.000000,20,3,20,0,2,2,24,27,49,1.000000
871,52,57,60,70,205,1,3,3,3,0.000000,2.000000,10,3,10,0,0,0,5,8,18,1.000000
872,52,60,80,110,34,2,8,4,4,2.000000,5.000000,26,12,28,3,2,5,8,28,58,1.076923
873,53,64,66,83,397,0,2,2,4,0.000000,4.000000,17,2,17,0,0,0,11,13,30,1.000000
874,53,168,168,255,381,0,0,2,-1,-1.000000,-1.000000,83,0,85,0,2,2,115,115,202,1.024096
875,53,64,66,73,160,1,6,3,3,0.000000,7.000000,7,2,7,0,0,0,11,13,20,1.000000
876,53,112,161,204,187,0,3,3,4,0.000000,3.000000,33,4,41,1,2,3,59,108,151,1.242424
877,53,75,77,156,275,0,2,4,3,0.000000,0.000000,70,2,76,0,3,3,22,24,103,1.085714
878,53,57,62,116,265,0,4,3,3,6.000000,7.000000,41,4,53,1,1,2,4,9,63,1.292683
879,53,54,63,79,282,1,5,3,3,4.000000,4.000000,12,8,14,1,2,3,1,10,26,1.166667
880,53,54,68,112,392,2,6,3,2,1.000000,4.000000,39,12,43,2,1,3,1,15,59,1.102564
881,53,139,150,211,313,6,10,1,3,0.000000,1.000000,57,11,61,0,0,0,86,97,158,1.070175
882,54,143,146,190,63,0,2,4,4,0.000000,8.000000,43,1,43,0,1,1,89,92,136,1.000000
883,54,91,91,175,60,0,0,3,-1,-1.000000,-1.000000,62,0,80,0,4,4,37,37,121,1.290323
884,54,58,64,82,194,0,7,2,4,4.000000,6.000000,16,3,18,0,0,0,4,10,28,1.125000
885,54,98,99,170,111,0,1,3,3,0.000000,3.000000,64,1,70,0,1,1,44,45,116,1.093750
886,54,90,90,150,247,0,0,1,-1,-1.000000,-1.000000,55,0,59,0,1,1,36,36,96,1.072727
887,54,55,55,121,293,0,0,3,-1,-1.000000,-1.000000,50,0,64,0,2,2,1,1,67,1.280000
888,54,60,61,131,282,0,1,4,4,0.000000,6.000000,65,1,69,0,1,1,6,7,77,1.061538
889,55,56,58,62,7,0,2,3,4,2.000000,4.000000,4,2,4,0,0,0,1,3,7,1.000000
890,56,73,76,109,96,0,2,3,3,0.000000,1.000000,32,2,32,1,1,2,17,20,53,1.000000
891,56,57,76,116,24,0,7,3,3,0.000000,0.000000,32,14,40,0,0,0,1,20,60,1.250000
892,56,60,145,249,367,0,2,4,2,2.000000,2.000000,89,10,103,0,1,1,4,89,193,1.157303
893,56,57,215,240,146,0,7,3,4,0.000000,3.000000,16,2,24,0,1,1,1,159,184,1.500000
894,56,61,61,126,290,0,0,4,-1,-1.000000,-1.000000,58,0,64,0,1,1,5,5,70,1.103448
895,56,65,65,108,128,0,0,4,-1,-1.000000,-1.000000,40,0,42,0,1,1,9,9,52,1.050000
896,56,61,70,84,95,1,7,2,4,3.000000,4.000000,8,8,12,1,2,3,5,14,28,1.500000
897,56,84,94,188,190,0,8,3,2,0.000000,2.000000,84,10,94,0,0,0,28,38,132,1.119048
898,56,57,62,89,390,0,2,4,4,1.000000,6.000000,24,4,26,1,1,2,1,6,33,1.083333
899,56,58,67,114,188,0,9,4,3,4.000000,5.000000,43,8,47,0,0,0,2,11,58,1.093023
900,57,72,76,146,231,0,7,3,2,5.000000,5.000000,59,3,63,0,7,7,15,19,89,1.067797
901,57,79,87,134,204,2,5,2,3,2.000000,2.000000,38,6,46,2,1,3,22,30,77,1.210526
902,57,58,97,124,359,2,10,4,3,0.000000,3.000000,27,12,27,0,0,0,1,40,67,1.000000
903,57,69,92,152,14,0,9,2,4,0.000000,4.000000,60,7,60,0,0,0,12,35,95,1.000000
904,57,65,83,117,58,0,7,3,4,0.000000,2.000000,31,11,33,0,1,1,8,26,60,1.064516
905,57,85,87,139,303,0,2,4,4,1.000000,2.000000,50,2,52,0,0,0,28,30,82,1.040000
906,57,77,77,95,186,0,0,3,-1,-1.000000,-1.000000,9,0,17,0,1,1,20,20,38,1.888889
907,58,59,61,67,132,0,2,3,4,1.000000,3.000000,6,2,6,0,0,0,1,3,9,1.000000
908,58,71,94,128,74,2,7,4,4,2.000000,3.000000,28,20,32,2,2,4,13,36,70,1.142857
909,58,75,79,107,221,0,4,4,3,2.000000,3.000000,27,4,27,0,1,1,17,21,49,1.000000
910,58,65,72,108,332,1,3,3,3,2.000000,2.000000,30,7,34,0,2,2,7,14,50,1.133333
911,59,64,68,104,274,0,4,4,3,1.000000,2.000000,33,4,35,0,1,1,5,9,45,1.060606
912,59,72,72,142,161,0,0,3,-1,-1.000000,-1.000000,67,0,69,0,1,1,13,13,83,1.029851
913,59,69,69,143,239,0,0,4,-1,-1.000000,-1.000000,63,0,73,0,1,1,10,10,84,1.158730
914,59,85,123,182,85,0,1,3,3,0.000000,4.000000,57,4,59,3,0,3,26,64,123,1.035088
915,59,60,62,76,399,1,2,4,3,0.000000,2.000000,12,2,14,0,0,0,1,3,17,1.166667
916,59,69,71,92,249,0,2,3,3,0.000000,1.000000,19,2,21,0,0,0,10,12,33,1.105263
917,59,60,61,93,32,0,1,4,4,0.000000,4.000000,30,1,32,0,0,0,1,2,34,1.066667
918,59,60,77,100,385,2,9,4,4,1.000000,3.000000,18,16,22,1,1,2,1,18,41,1.222222
919,59,68,69,153,19,0,1,3,3,0.000000,4.000000,75,1,81,0,3,3,9,10,94,1.080000
920,59,64,64,72,306,0,0,3,-1,-1.000000,-1.000000,8,0,8,0,0,0,5,5,13,1.000000
921,59,66,134,158,335,1,5,2,2,4.000000,5.000000,23,7,23,1,1,2,7,75,99,1.000000
922,60,65,68,91,95,1,7,4,4,3.000000,4.000000,21,3,23,0,0,0,5,8,31,1.095238
923,60,111,112,174,116,0,1,4,4,3.000000,4.000000,49,1,59,0,3,3,51,52,114,1.204082
924,60,76,82,120,43,0,6,4,4,0.000000,7.000000,37,6,37,0,1,1,16,22,60,1.000000
925,60,62,73,88,24,0,8,3,4,0.000000,2.000000,13,10,15,1,0,1,2,13,28,1.153846
926,60,75,90,179,147,1,5,3,3,0.000000,0.000000,67,14,89,1,0,1,15,30,119,1.328358
927,60,74,77,103,172,0,3,4,4,0.000000,4.000000,22,3,26,0,0,0,14,17,43,1.181818
928,61,65,65,113,370,0,0,3,-1,-1.000000,-1.000000,42,0,48,0,0,0,4,4,52,1.142857
929,61,62,67,101,11,3,5,3,4,2.000000,2.000000,23,5,31,0,3,3,1,6,40,1.347826
930,61,62,67,129,227,1,2,3,4,0.000000,4.000000,55,5,59,0,3,3,1,6,68,1.072727
931,61,66,66,70,129,0,0,4,-1,-1.000000,-1.000000,4,0,4,0,0,0,5,5,9,1.000000
932,61,81,83,123,57,0,1,3,3,0.000000,3.000000,34,1,40,1,0,1,20,22,62,1.176471
933,61,347,350,386,109,0,3,3,3,1.000000,5.000000,35,3,35,0,1,1,286,289,325,1.000000
934,62,63,72,82,253,1,6,3,3,2.000000,4.000000,9,9,9,0,1,1,1,10,20,1.000000
935,62,63,65,101,348,0,2,3,3,1.000000,3.000000,30,2,32,0,4,4,1,3,39,1.066667
936,62,152,209,288,349,0,2,3,3,1.000000,1.000000,57,2,75,0,4,4,90,147,226,1.315789
937,62,85,100,180,243,4,16,3,3,0.000000,2.000000,68,15,80,0,0,0,23,38,118,1.176471
938,62,66,71,132,272,0,5,3,3,1.000000,2.000000,57,5,61,0,0,0,4,9,70,1.070175
939,62,68,69,117,253,0,1,2,2,0.000000,1.000000,46,1,48,0,0,0,6,7,55,1.043478
940,62,63,69,134,147,1,7,3,4,0.000000,4.000000,60,6,62,0,3,3,1,7,72,1.033333
941,63,64,74,82,372,2,7,1,4,0.000000,5.000000,8,9,8,1,0,1,1,11,19,1.000000
942,63,73,73,136,262,0,0,3,-1,-1.000000,-1.000000,43,0,61,0,2,2,10,10,73,1.418605
943,63,64,81,109,44,0,6,4,3,0.000000,1.000000,28,7,28,1,0,1,1,18,46,1.000000
944,63,150,151,228,119,0,1,4,4,4.000000,6.000000,74,1,76,0,1,1,87,88,165,1.027027
945,63,134,134,256,122,0,0,3,-1,-1.000000,-1.000000,100,0,120,0,2,2,71,71,193,1.200000
946,63,83,83,185,358,0,0,3,-1,-1.000000,-1.000000,77,0,99,0,3,3,20,20,122,1.285714
947,63,73,73,115,133,0,0,1,-1,-1.000000,-1.000000,41,0,41,0,1,1,10,10,52,1.000000
948,64,179,181,216,138,0,2,3,3,1.000000,2.000000,33,2,35,0,0,0,115,117,152,1.060606
949,64,65,80,120,133,2,7,1,4,0.000000,1.000000,40,13,40,2,0,2,1,16,56,1.000000
950,64,68,68,108,228,0,0,4,-1,-1.000000,-1.000000,38,0,40,0,0,0,4,4,44,1.052632
951,64,65,65,102,44,0,0,3,-1,-1.000000,-1.000000,32,0,36,0,1,1,1,1,38,1.125000
952,64,65,66,78,391,0,1,4,4,2.000000,2.000000,12,1,12,0,0,0,1,2,14,1.000000
953,64,68,69,106,332,0,1,4,4,0.000000,4.000000,27,1,37,0,0,0,4,5,42,1.370370
954,64,66,90,170,95,2,7,4,4,3.000000,4.000000,71,13,75,1,5,6,2,26,106,1.056338
955,64,99,100,138,350,0,1,3,3,0.000000,3.000000,23,1,31,0,7,7,35,36,74,1.347826
956,65,68,70,136,153,0,2,3,3,0.000000,0.000000,50,2,64,0,2,2,3,5,71,1.280000
957,65,68,74,104,50,2,9,4,3,0.000000,1.000000,27,6,27,0,3,3,3,9,39,1.000000
958,65,73,76,140,318,0,3,3,3,0.000000,4.000000,55,3,63,0,1,1,8,11,75,1.145455
959,65,90,93,114,292,0,3,2,3,1.000000,2.000000,19,3,21,0,0,0,25,28,49,1.105263
960,65,68,71,135,362,0,3,3,4,3.000000,4.000000,62,3,64,0,0,0,3,6,70,1.032258
961,65,124,124,185,311,0,0,3,-1,-1.000000,-1.000000,56,0,60,0,1,1,59,59,120,1.071429
962,65,74,77,160,234,0,3,3,3,1.000000,2.000000,76,3,82,0,1,1,9,12,95,1.078947
963,65,66,71,150,11,0,5,2,4,1.000000,2.000000,72,5,78,0,1,1,1,6,85,1.083333
964,65,68,74,137,134,0,4,3,3,3.000000,5.000000,56,6,60,0,3,3,3,9,72,1.071429
965,65,217,225,284,280,2,5,4,4,1.000000,4.000000,53,8,57,0,2,2,152,160,219,1.075472
966,66,71,79,121,298,0,8,2,3,2.000000,2.000000,30,8,40,0,2,2,5,13,55,1.333333
967,66,80,80,130,323,0,0,4,-1,-1.000000,-1.000000,39,0,49,0,1,1,14,14,64,1.256410
968,67,157,157,277,129,0,0,2,-1,-1.000000,-1.000000,95,0,119,0,1,1,90,90,210,1.252632
969,67,68,70,133,385,0,2,3,3,2.000000,5.000000,57,2,63,0,0,0,1,3,66,1.105263
970,67,75,75,100,224,0,0,4,-1,-1.000000,-1.000000,25,0,25,0,0,0,8,8,33,1.000000
971,67,184,210,266,390,0,7,2,3,1.000000,4.000000,41,0,55,1,1,2,117,143,199,1.341463
972,67,126,131,139,200,1,5,4,4,0.000000,2.000000,4,4,8,1,0,1,59,64,72,2.000000
973,67,75,131,166,40,0,15,4,4,0.000000,5.000000,32,8,34,0,1,1,8,64,99,1.062500
974,67,68,69,112,398,0,1,3,3,0.000000,2.000000,31,1,39,0,4,4,1,2,45,1.258065
975,67,70,72,138,148,0,2,4,4,3.000000,4.000000,57,2,65,0,1,1,3,5,71,1.140351
976,67,105,106,189,72,0,1,2,2,3.000000,3.000000,74,1,82,0,1,1,38,39,122,1.108108
977,67,76,76,165,388,0,0,3,-1,-1.000000,-1.000000,85,0,87,0,2,2,9,9,98,1.023529
978,67,83,85,199,190,2,9,3,2,0.000000,2.000000,95,2,113,0,1,1,16,18,132,1.189474
979,67,106,107,196,214,0,1,2,2,1.000000,1.000000,73,1,85,0,4,4,39,40,129,1.164384
980,67,101,106,147,217,0,5,4,4,1.000000,2.000000,40,5,40,0,1,1,34,39,80,1.000000
981,67,85,85,149,183,0,0,3,-1,-1.000000,-1.000000,61,0,63,0,1,1,18,18,82,1.032787
982,68,91,92,177,138,0,1,3,3,0.000000,2.000000,78,1,82,0,3,3,23,24,109,1.051282
983,68,69,79,159,372,0,4,3,4,0.000000,5.000000,78,6,80,0,0,0,1,11,91,1.025641
984,68,73,83,156,264,1,4,3,4,1.000000,2.000000,69,9,71,1,2,3,5,15,88,1.028986
985,68,69,73,110,173,1,9,2,3,7.000000,7.000000,32,4,36,0,1,1,1,5,42,1.125000
986,68,74,104,111,41,0,3,4,3,4.000000,4.000000,7,8,7,0,0,0,6,36,43,1.000000
987,68,70,72,133,170,0,2,3,3,0.000000,2.000000,59,2,61,0,0,0,2,4,65,1.033898
988,68,69,70,119,159,0,1,3,3,0.000000,4.000000,40,1,48,0,1,1,1,2,51,1.200000
989,68,69,69,177,58,0,0,2,-1,-1.000000,-1.000000,98,0,106,0,2,2,1,1,109,1.081633
990,68,73,75,92,324,1,2,3,4,0.000000,4.000000,9,1,15,1,2,3,5,7,24,1.666667
991,68,77,86,136,286,2,7,3,3,0.000000,0.000000,44,9,48,0,2,2,9,18,68,1.090909
992,68,89,91,140,198,0,1,2,2,0.000000,4.000000,43,1,47,1,2,3,21,23,72,1.093023
993,68,70,74,139,267,0,4,4,4,3.000000,4.000000,56,4,60,0,5,5,2,6,71,1.071429
994,68,81,110,132,320,0,4,4,4,2.000000,4.000000,20,8,22,0,0,0,13,42,64,1.100000
995,68,109,125,140,238,1,4,4,3,2.000000,4.000000,14,14,14,2,1,3,41,57,72,1.000000
996,68,69,83,136,170,1,3,3,4,0.000000,4.000000,48,5,52,0,1,1,1,15,68,1.083333
997,69,81,118,181,208,7,6,3,4,1.000000,5.000000,57,21,63,0,0,0,12,49,112,1.105263
998,69,71,71,146,62,0,0,4,-1,-1.000000,-1.000000,67,0,75,0,0,0,2,2,77,1.119403
999,69,70,81,116,160,4,5,3,4,4.000000,8.000000,34,11,34,0,1,1,1,12,47,1.000000
1000,69,70,78,116,95,1,4,3,4,0.000000,4.000000,31,6,37,2,1,3,1,9,47,1.193548
1001,70,71,75,130,160,0,4,3,4,0.000000,8.000000,47,4,53,0,2,2,1,5,60,1.127660
1002,70,72,98,148,386,1,6,4,3,0.000000,3.000000,44,11,50,0,0,0,2,28,78,1.136364
1003,70,80,118,170,110,5,10,3,3,4.000000,6.000000,47,26,49,1,3,4,10,48,100,1.042553
1004,70,200,296,360,166,0,4,2,4,0.000000,1.000000,64,12,64,0,0,0,130,226,290,1.000000
1005,70,73,74,92,263,0,1,4,4,0.000000,6.000000,13,1,15,0,3,3,3,4,22,1.153846
1006,70,83,84,165,338,1,12,3,3,0.000000,4.000000,65,1,81,0,0,0,13,14,95,1.246154
1007,70,180,204,271,164,0,5,2,2,0.000000,3.000000,62,2,66,0,1,1,110,134,201,1.064516
1008,70,111,117,210,221,0,3,4,4,0.000000,3.000000,92,2,92,0,1,1,41,47,140,1.000000
1009,71,73,79,148,306,3,8,3,3,3.000000,5.000000,60,6,66,0,3,3,2,8,77,1.100000
1010,71,77,79,156,31,0,2,3,4,3.000000,6.000000,72,2,74,0,3,3,6,8,85,1.027778
1011,71,72,76,137,50,0,4,1,3,0.000000,1.000000,56,4,58,0,3,3,1,5,66,1.035714
1012,71,72,73,107,132,0,1,4,4,0.000000,2.000000,30,1,32,0,2,2,1,2,36,1.066667
1013,71,72,72,103,95,0,0,4,-1,-1.000000,-1.000000,29,0,31,0,0,0,1,1,32,1.068966
1014,71,121,151,186,259,9,8,3,4,0.000000,3.000000,29,26,31,2,4,6,50,80,115,1.068966
1015,72,73,74,162,231,0,1,4,4,1.000000,4.000000,80,1,86,0,2,2,1,2,90,1.075000
1016,72,88,91,106,124,0,3,4,4,0.000000,6.000000,15,3,15,0,0,0,16,19,34,1.000000
1017,72,86,147,169,125,1,8,4,4,2.000000,3.000000,22,6,22,0,0,0,14,75,97,1.000000
1018,72,122,122,180,150,0,0,4,-1,-1.000000,-1.000000,56,0,56,0,2,2,50,50,108,1.000000
1019,72,86,88,116,101,0,2,4,4,1.000000,4.000000,27,2,27,0,1,1,14,16,44,1.000000
1020,72,121,137,175,159,2,7,3,3,0.000000,2.000000,33,8,35,0,3,3,49,65,103,1.060606
1021,72,79,79,120,391,0,0,4,-1,-1.000000,-1.000000,38,0,40,0,1,1,7,7,48,1.052632
1022,72,102,105,176,61,0,3,3,4,3.000000,4.000000,59,3,71,0,0,0,30,33,104,1.203390
1023,72,76,80,140,192,0,4,4,4,0.000000,6.000000,51,4,55,0,5,5,4,8,68,1.078431
1024,72,73,75,101,0,0,2,3,4,0.000000,5.000000,19,2,25,0,1,1,1,3,29,1.315789
1025,72,210,210,287,42,0,0,3,-1,-1.000000,-1.000000,69,0,75,0,2,2,138,138,215,1.086957
1026,73,214,214,286,307,0,0,4,-1,-1.000000,-1.000000,68,0,72,0,0,0,141,141,213,1.058824
1027,73,104,108,147,356,0,2,2,4,0.000000,8.000000,32,4,38,0,1,1,31,35,74,1.187500
1028,73,75,84,129,152,0,9,1,3,1.000000,1.000000,39,9,45,0,0,0,2,11,56,1.153846
1029,73,127,128,190,145,0,1,4,4,0.000000,2.000000,53,1,61,0,1,1,54,55,117,1.150943
1030,73,82,96,160,302,0,5,3,3,1.000000,1.000000,56,4,64,0,0,0,9,23,87,1.142857
1031,73,135,141,187,361,1,4,4,3,1.000000,2.000000,40,6,46,0,0,0,62,68,114,1.150000
1032,73,104,107,137,142,0,3,4,3,0.000000,2.000000,25,3,29,0,1,1,31,34,64,1.160000
1033,73,74,78,151,306,0,10,4,3,3.000000,3.000000,62,2,68,0,5,5,1,5,78,1.096774
1034,73,74,74,147,386,0,0,3,-1,-1.000000,-1.000000,58,0,68,0,5,5,1,1,74,1.172414
1035,74,101,200,260,203,0,10,2,2,0.000000,1.000000,58,10,60,0,0,0,27,126,186,1.034483
1036,74,75,123,176,378,5,6,4,3,0.000000,4.000000,44,32,52,5,1,6,1,49,102,1.181818
1037,74,76,77,96,308,0,1,1,1,0.000000,0.000000,19,1,19,0,0,0,2,3,22,1.000000
1038,74,79,80,146,342,0,1,4,4,1.000000,3.000000,57,1,65,0,1,1,5,6,72,1.140351
1039,74,95,98,165,223,0,2,4,3,3.000000,3.000000,50,2,66,1,1,2,21,24,91,1.320000
1040,74,91,96,152,155,0,5,3,4,1.000000,3.000000,52,5,56,0,0,0,17,22,78,1.076923
1041,74,82,83,126,83,0,1,4,4,3.000000,6.000000,35,1,39,0,4,4,8,9,52,1.114286
1042,74,75,75,139,91,0,0,4,-1,-1.000000,-1.000000,61,0,63,0,1,1,1,1,65,1.032787
1043,75,76,79,100,41,0,3,2,3,0.000000,4.000000,19,3,21,0,0,0,1,4,25,1.105263
1044,75,79,122,146,299,0,4,3,4,6.000000,7.000000,22,6,24,1,0,1,4,47,71,1.090909
1045,75,76,77,142,14,0,1,3,3,0.000000,1.000000,61,1,63,0,2,2,1,2,67,1.032787
1046,75,85,86,137,299,0,1,4,4,0.000000,4.000000,44,1,48,0,3,3,10,11,62,1.090909
1047,75,76,77,123,166,0,1,2,2,0.000000,2.000000,37,1,41,0,5,5,1,2,48,1.108108
1048,75,92,97,144,56,2,3,4,4,1.000000,6.000000,44,5,46,0,1,1,17,22,69,1.045455
1049,75,76,76,149,74,0,0,2,-1,-1.000000,-1.000000,65,0,69,0,4,4,1,1,74,1.061538
1050,75,123,126,155,298,0,3,3,2,1.000000,1.000000,29,3,29,0,0,0,48,51,80,1.000000
1051,75,272,274,364,138,0,2,3,3,0.000000,2.000000,59,2,85,0,5,5,197,199,289,1.440678
1052,76,77,112,183,306,3,9,4,3,1.000000,5.000000,61,8,69,1,2,3,1,36,107,1.131148
1053,76,83,97,150,365,0,4,4,4,0.000000,5.000000,36,10,52,2,1,3,7,21,74,1.444444
1054,76,95,97,115,119,0,2,3,3,4.000000,4.000000,17,2,17,0,1,1,19,21,39,1.000000
1055,76,80,80,94,223,0,0,3,-1,-1.000000,-1.000000,10,0,14,0,0,0,4,4,18,1.400000
1056,76,167,175,260,263,1,10,2,4,2.000000,5.000000,72,6,84,0,1,1,91,99,184,1.166667
1057,76,77,80,97,266,0,3,4,4,0.000000,5.000000,13,3,17,0,0,0,1,4,21,1.307692
1058,76,77,79,97,71,0,2,3,4,1.000000,2.000000,13,2,15,0,3,3,1,3,21,1.153846
1059,77,89,102,152,164,0,7,3,4,2.000000,3.000000,46,11,48,2,2,4,12,25,75,1.043478
1060,77,81,96,118,314,4,2,3,4,0.000000,6.000000,22,11,22,2,0,2,4,19,41,1.000000
1061,77,80,85,100,156,0,5,4,4,0.000000,4.000000,8,5,14,0,1,1,3,8,23,1.750000
1062,78,79,80,143,245,0,1,3,3,0.000000,4.000000,55,1,63,0,0,0,1,2,65,1.145455
1063,78,85,86,144,10,0,1,3,3,0.000000,1.000000,58,1,58,0,0,0,7,8,66,1.000000
1064,78,113,129,202,205,3,5,2,4,2.000000,2.000000,63,10,71,2,2,4,35,51,124,1.126984
1065,78,81,82,147,315,0,1,3,3,4.000000,5.000000,63,1,63,0,2,2,3,4,69,1.000000
1066,78,216,219,332,183,0,3,4,4,0.000000,4.000000,103,3,111,0,2,2,138,141,254,1.077670
1067,78,80,87,123,55,0,6,2,4,0.000000,7.000000,28,6,34,1,2,3,2,9,45,1.214286
1068,78,116,116,182,133,0,0,4,-1,-1.000000,-1.000000,62,0,64,0,2,2,38,38,104,1.032258
1069,79,86,90,162,312,1,5,2,3,0.000000,2.000000,63,3,71,1,1,2,7,11,83,1.126984
1070,79,83,83,176,373,0,0,4,-1,-1.000000,-1.000000,85,0,93,0,0,0,4,4,97,1.094118
1071,79,80,101,150,198,9,7,2,4,1.000000,3.000000,37,20,47,1,2,3,1,22,71,1.270270
1072,79,81,82,92,48,0,1,3,3,2.000000,2.000000,10,1,10,0,0,0,2,3,13,1.000000
1073,79,104,105,172,143,0,1,4,4,0.000000,2.000000,61,1,63,0,4,4,25,26,93,1.032787
1074,79,81,87,114,251,2,7,3,4,0.000000,9.000000,24,6,26,0,1,1,2,8,35,1.083333
1075,79,80,85,146,378,2,1,3,3,2.000000,4.000000,55,5,59,0,2,2,1,6,67,1.072727
1076,79,84,89,144,302,0,3,4,4,1.000000,1.000000,47,5,55,0,0,0,5,10,65,1.170213
1077,79,105,106,144,68,0,1,3,3,0.000000,4.000000,34,1,38,0,0,0,26,27,65,1.117647
1078,80,83,88,141,372,1,7,3,3,4.000000,4.000000,49,5,51,0,2,2,3,8,61,1.040816
1079,80,144,152,220,339,6,8,4,3,0.000000,3.000000,52,8,66,0,2,2,64,72,140,1.269231
1080,80,88,92,116,175,0,3,2,4,3.000000,3.000000,24,3,24,1,0,1,8,12,36,1.000000
1081,80,104,104,189,229,0,0,3,-1,-1.000000,-1.000000,70,0,82,0,3,3,24,24,109,1.171429
1082,80,87,87,123,106,0,0,4,-1,-1.000000,-1.000000,20,0,34,0,2,2,7,7,43,1.700000
1083,80,81,84,116,52,0,3,4,4,0.000000,3.000000,30,3,30,0,2,2,1,4,36,1.000000
1084,80,83,85,110,116,0,2,4,4,1.000000,3.000000,24,2,24,0,1,1,3,5,30,1.000000
1085,80,81,93,162,306,0,6,4,3,3.000000,4.000000,57,4,67,0,2,2,1,13,82,1.175439
1086,80,92,99,126,229,0,6,4,3,1.000000,3.000000,25,3,27,0,0,0,12,19,46,1.080000
1087,80,103,119,172,360,0,7,3,4,1.000000,6.000000,50,6,52,0,1,1,23,39,92,1.040000
1088,81,97,99,156,331,1,2,4,4,0.000000,5.000000,48,2,52,0,5,5,16,18,75,1.083333
1089,81,105,107,147,53,0,2,4,3,3.000000,4.000000,36,2,40,0,0,0,24,26,66,1.111111
1090,81,318,319,408,262,0,1,3,3,0.000000,2.000000,83,1,89,0,0,0,237,238,327,1.072289
1091,82,84,87,153,397,0,3,3,4,3.000000,5.000000,61,3,65,0,1,1,2,5,71,1.065574
1092,82,94,117,141,365,0,3,4,4,5.000000,5.000000,24,2,24,0,0,0,12,35,59,1.000000
1093,82,178,192,245,251,0,7,3,2,4.000000,4.000000,46,2,50,0,3,3,96,110,163,1.086957
1094,82,133,133,187,348,0,0,2,-1,-1.000000,-1.000000,39,0,49,0,5,5,51,51,105,1.256410
1095,82,125,126,196,343,0,1,3,3,3.000000,3.000000,63,1,69,0,1,1,43,44,114,1.095238
1096,82,100,104,146,5,0,4,2,4,0.000000,0.000000,39,4,39,0,3,3,18,22,64,1.000000
1097,82,84,105,183,306,2,3,3,3,0.000000,3.000000,70,15,78,3,0,3,2,23,101,1.114286
1098,82,83,83,155,240,0,0,3,-1,-1.000000,-1.000000,59,0,69,0,3,3,1,1,73,1.169492
1099,83,108,113,135,322,0,3,3,3,0.000000,1.000000,22,5,22,0,0,0,25,30,52,1.000000
1100,83,103,186,245,142,0,5,3,3,1.000000,1.000000,51,6,57,0,2,2,20,103,162,1.117647
1101,83,106,118,174,187,2,12,3,4,1.000000,6.000000,45,9,55,2,1,3,23,35,91,1.222222
1102,83,86,96,138,79,0,7,3,3,2.000000,2.000000,33,9,41,1,1,2,3,13,55,1.242424
1103,83,84,116,131,372,0,10,4,4,0.000000,4.000000,14,6,14,0,1,1,1,33,48,1.000000
1104,83,93,108,132,103,0,8,3,3,2.000000,3.000000,22,10,24,0,0,0,10,25,49,1.090909
1105,83,87,96,160,99,3,6,3,3,1.000000,2.000000,59,9,63,0,1,1,4,13,77,1.067797
1106,83,84,98,178,374,2,5,3,3,0.000000,0.000000,71,14,77,0,3,3,1,15,95,1.084507
1107,83,85,95,154,372,0,10,1,3,0.000000,3.000000,53,10,55,0,4,4,2,12,71,1.037736
1108,83,255,257,359,246,0,2,3,3,2.000000,2.000000,81,2,99,0,3,3,172,174,276,1.222222
1109,84,119,128,216,112,2,8,3,4,2.000000,4.000000,84,7,88,1,0,1,35,44,132,1.047619
1110,84,101,105,148,174,1,7,3,3,1.000000,2.000000,17,4,41,0,2,2,17,21,64,2.411765
1111,84,108,108,149,51,0,0,2,-1,-1.000000,-1.000000,39,0,41,0,0,0,24,24,65,1.051282
1112,84,104,106,168,95,0,2,4,4,0.000000,5.000000,55,2,61,0,1,1,20,22,84,1.109091
1113,84,87,90,159,49,0,2,3,3,0.000000,1.000000,62,2,66,1,3,4,3,6,75,1.064516
1114,84,85,87,165,202,0,2,1,3,1.000000,1.000000,73,2,77,0,1,1,1,3,81,1.054795
1115,84,145,147,203,63,0,2,4,4,0.000000,6.000000,49,2,55,0,1,1,61,63,119,1.122449
1116,84,96,97,109,81,0,1,4,4,2.000000,4.000000,12,1,12,0,0,0,12,13,25,1.000000
1117,84,85,86,116,320,0,1,2,2,0.000000,5.000000,24,1,28,0,2,2,1,2,32,1.166667
1118,85,99,107,154,227,0,5,3,3,2.000000,3.000000,41,7,47,1,0,1,14,22,69,1.146341
1119,85,103,105,159,334,2,1,4,4,1.000000,4.000000,48,2,54,0,0,0,18,20,74,1.125000
1120,85,86,88,149,306,0,2,3,3,1.000000,2.000000,52,2,60,0,1,1,1,3,64,1.153846
1121,86,87,88,95,110,0,1,3,3,2.000000,5.000000,7,1,7,0,0,0,1,2,9,1.000000
1122,86,87,99,117,163,0,1,2,2,4.000000,4.000000,16,9,16,3,2,5,1,13,31,1.000000
1123,86,87,91,105,211,0,3,3,4,0.000000,5.000000,14,3,14,1,0,1,1,5,19,1.000000
1124,86,107,107,198,316,0,0,4,-1,-1.000000,-1.000000,68,0,88,0,3,3,21,21,112,1.294118
1125,86,92,93,183,25,0,1,4,4,2.000000,2.000000,63,1,87,0,3,3,6,7,97,1.380952
1126,86,87,90,100,217,0,3,4,3,0.000000,3.000000,9,3,9,0,1,1,1,4,14,1.000000
1127,87,88,90,122,23,0,2,4,3,1.000000,5.000000,29,2,29,0,3,3,1,3,35,1.000000
1128,87,97,97,189,269,0,0,3,-1,-1.000000,-1.000000,82,0,90,0,2,2,10,10,102,1.097561
1129,88,176,176,242,368,0,0,3,-1,-1.000000,-1.000000,50,0,64,0,2,2,88,88,154,1.280000
1130,88,101,101,129,178,0,0,4,-1,-1.000000,-1.000000,21,0,27,0,1,1,13,13,41,1.285714
1131,88,188,205,308,257,1,7,4,4,0.000000,5.000000,89,6,101,0,2,2,100,117,220,1.134831
1132,88,93,97,138,263,2,2,4,4,1.000000,6.000000,33,4,39,0,2,2,5,9,50,1.181818
1133,88,243,247,293,397,0,4,3,4,0.000000,1.000000,40,4,46,0,0,0,155,159,205,1.150000
1134,88,89,107,154,158,3,2,2,4,0.000000,6.000000,36,14,44,4,3,7,1,19,66,1.222222
1135,88,111,153,221,205,3,7,3,3,0.000000,1.000000,65,20,67,0,1,1,23,65,133,1.030769
1136,89,90,91,112,271,0,1,3,3,0.000000,1.000000,17,1,19,0,2,2,1,2,23,1.117647
1137,89,95,97,181,114,0,2,4,4,2.000000,3.000000,65,2,83,0,1,1,6,8,92,1.276923
1138,89,101,106,176,224,0,3,4,4,2.000000,3.000000,58,5,66,0,4,4,12,17,87,1.137931
1139,89,92,95,194,149,0,3,3,2,0.000000,0.000000,93,3,99,0,0,0,3,6,105,1.064516
1140,89,108,118,195,327,1,6,2,3,0.000000,3.000000,66,9,74,1,3,4,19,29,106,1.121212
1141,89,98,100,143,266,0,2,4,3,1.000000,6.000000,42,2,42,0,1,1,9,11,54,1.000000
1142,89,90,90,123,195,0,0,4,-1,-1.000000,-1.000000,28,0,32,0,1,1,1,1,34,1.142857
1143,90,119,122,205,82,1,5,4,3,1.000000,1.000000,70,3,82,0,1,1,29,32,115,1.171429
1144,90,102,109,164,156,1,7,4,4,1.000000,5.000000,48,6,54,1,1,2,12,19,74,1.125000
1145,90,91,96,135,390,0,5,3,3,0.000000,2.000000,33,5,39,0,0,0,1,6,45,1.181818
1146,90,91,101,162,90,2,8,3,4,2.000000,4.000000,57,10,59,0,2,2,1,11,72,1.035088
1147,90,95,98,168,273,0,3,4,3,1.000000,6.000000,44,3,68,0,2,2,5,8,78,1.545455
1148,91,133,137,228,66,0,4,2,3,0.000000,1.000000,75,4,91,0,0,0,42,46,137,1.213333
1149,91,92,97,145,206,1,6,3,4,2.000000,2.000000,38,5,46,0,2,2,1,6,54,1.210526
1150,91,186,192,255,39,0,4,4,3,1.000000,2.000000,60,5,62,0,1,1,95,101,164,1.033333
1151,91,93,99,186,48,0,6,3,3,0.000000,1.000000,72,6,84,0,3,3,2,8,95,1.166667
1152,91,101,106,157,176,0,5,4,4,0.000000,3.000000,47,5,51,0,0,0,10,15,66,1.085106
1153,91,95,107,144,371,0,11,4,3,7.000000,7.000000,31,7,37,1,0,1,4,16,53,1.193548
1154,92,93,95,134,21,0,2,3,4,0.000000,5.000000,37,2,37,0,2,2,1,3,42,1.000000
1155,92,169,170,220,221,0,1,4,4,0.000000,7.000000,43,1,47,0,3,3,77,78,128,1.093023
1156,92,93,103,129,206,0,7,3,3,3.000000,4.000000,20,6,24,1,2,3,1,11,37,1.200000
1157,92,139,166,196,79,0,6,4,4,3.000000,7.000000,30,6,30,0,0,0,47,74,104,1.000000
1158,92,93,95,157,338,0,2,2,3,0.000000,0.000000,55,2,59,0,3,3,1,3,65,1.072727
1159,92,165,165,203,239,0,0,2,-1,-1.000000,-1.000000,34,0,38,0,0,0,73,73,111,1.117647
1160,92,99,108,142,169,0,9,1,4,0.000000,7.000000,30,9,34,0,0,0,7,16,50,1.133333
1161,92,116,116,199,264,0,0,4,-1,-1.000000,-1.000000,82,0,82,0,1,1,24,24,107,1.000000
1162,92,110,141,208,264,0,7,3,3,0.000000,1.000000,62,11,66,1,1,2,18,49,116,1.064516
1163,92,98,99,103,396,0,1,4,4,2.000000,6.000000,4,1,4,0,0,0,6,7,11,1.000000
1164,93,134,135,172,228,0,1,2,2,4.000000,5.000000,32,1,36,0,1,1,41,42,79,1.125000
1165,93,104,114,145,144,0,8,4,2,2.000000,2.000000,25,8,29,0,2,2,11,21,52,1.160000
1166,93,97,129,194,169,2,5,4,3,2.000000,3.000000,61,20,65,3,0,3,4,36,101,1.065574
1167,93,126,132,191,248,0,6,2,3,0.000000,1.000000,53,6,59,0,0,0,33,39,98,1.113208
1168,94,98,100,133,227,1,2,3,4,2.000000,2.000000,33,2,33,0,0,0,4,6,39,1.000000
1169,94,112,116,147,180,0,4,2,3,2.000000,4.000000,29,4,31,0,0,0,18,22,53,1.068966
1170,94,95,100,103,229,0,4,3,2,1.000000,2.000000,3,4,3,1,0,1,1,6,9,1.000000
1171,94,113,113,139,238,0,0,4,-1,-1.000000,-1.000000,26,0,26,0,0,0,19,19,45,1.000000
1172,94,114,120,197,140,0,2,4,4,0.000000,3.000000,71,6,75,0,2,2,20,26,103,1.056338
1173,94,96,100,214,186,0,4,4,4,0.000000,1.000000,102,4,112,0,2,2,2,6,120,1.098039
1174,94,147,190,257,357,0,2,4,3,0.000000,4.000000,62,4,66,1,1,2,53,96,163,1.064516
1175,95,97,106,129,103,0,6,3,2,1.000000,2.000000,18,8,20,1,3,4,2,11,34,1.111111
1176,95,187,187,289,391,0,0,3,-1,-1.000000,-1.000000,78,0,100,0,2,2,92,92,194,1.282051
1177,95,101,107,137,324,0,6,4,3,5.000000,6.000000,25,6,29,0,1,1,6,12,42,1.160000
1178,95,96,100,114,206,0,4,4,3,4.000000,4.000000,14,4,14,0,0,0,1,5,19,1.000000
1179,95,171,174,274,363,0,3,3,3,0.000000,0.000000,81,3,99,0,1,1,76,79,179,1.222222
1180,96,98,106,191,333,0,8,3,3,2.000000,2.000000,76,8,84,0,1,1,2,10,95,1.105263
1181,96,127,154,178,391,2,10,4,4,0.000000,12.000000,21,6,23,0,1,1,31,58,82,1.095238
1182,96,101,103,119,156,1,6,3,3,2.000000,4.000000,11,2,15,0,1,1,5,7,23,1.363636
1183,96,104,108,131,168,0,4,4,3,1.000000,4.000000,21,4,23,0,0,0,8,12,35,1.095238
1184,96,97,106,142,177,1,12,3,3,2.000000,3.000000,22,8,32,1,4,5,1,10,46,1.454545
1185,96,105,106,187,115,0,1,4,4,0.000000,5.000000,70,1,80,0,1,1,9,10,91,1.142857
1186,97,98,99,168,196,0,1,3,3,0.000000,5.000000,63,1,69,0,0,0,1,2,71,1.095238
1187,97,99,99,139,304,0,0,3,-1,-1.000000,-1.000000,37,0,39,0,1,1,2,2,42,1.054054
1188,97,115,117,161,398,0,6,4,2,0.000000,11.000000,41,1,43,0,1,1,18,20,64,1.048780
1189,97,163,163,226,85,0,0,3,-1,-1.000000,-1.000000,49,0,63,0,0,0,66,66,129,1.285714
1190,97,98,100,113,364,0,2,3,2,0.000000,0.000000,13,2,13,0,0,0,1,3,16,1.000000
1191,97,101,109,131,383,1,6,4,4,0.000000,4.000000,21,6,21,2,1,3,4,12,34,1.000000
1192,97,98,116,149,130,1,10,3,4,0.000000,3.000000,33,2,33,0,0,0,1,19,52,1.000000
1193,98,99,109,136,347,0,8,4,3,1.000000,3.000000,27,10,27,0,0,0,1,11,38,1.000000
1194,98,139,155,190,64,0,6,3,2,0.000000,0.000000,24,9,34,1,1,2,41,57,92,1.416667
1195,98,108,109,156,221,1,5,3,4,0.000000,2.000000,43,0,47,1,0,1,10,11,58,1.093023
1196,98,99,102,175,130,0,3,3,4,0.000000,3.000000,67,3,73,0,0,0,1,4,77,1.089552
1197,98,100,119,147,381,4,9,3,4,0.000000,8.000000,25,11,27,0,1,1,2,21,49,1.080000
1198,98,99,103,137,76,0,4,2,2,0.000000,2.000000,34,4,34,0,0,0,1,5,39,1.000000
1199,98,107,113,123,124,0,3,3,2,6.000000,6.000000,10,5,10,1,0,1,9,15,25,1.000000
1200,98,100,109,134,8,0,5,4,2,2.000000,2.000000,21,6,25,0,0,0,2,11,36,1.190476
1201,98,100,100,188,45,0,0,3,-1,-1.000000,-1.000000,81,0,87,0,1,1,2,2,90,1.074074
1202,98,99,105,131,54,3,6,4,4,0.000000,1.000000,24,5,24,1,2,3,1,7,33,1.000000
1203,99,147,150,179,5,0,3,2,3,2.000000,2.000000,26,3,28,0,1,1,48,51,80,1.076923
1204,99,100,108,120,331,0,4,3,4,3.000000,6.000000,11,7,11,0,1,1,1,9,21,1.000000
1205,99,129,130,194,290,0,1,3,3,0.000000,2.000000,59,1,61,0,3,3,30,31,95,1.033898
1206,99,117,117,194,265,0,0,3,-1,-1.000000,-1.000000,67,0,75,0,2,2,18,18,95,1.119403
1207,99,155,193,256,372,0,4,4,3,8.000000,8.000000,59,9,61,1,2,3,56,94,157,1.033898
1208,99,305,306,365,362,0,1,4,4,0.000000,8.000000,58,1,58,0,1,1,206,207,266,1.000000
1209,99,110,122,167,96,2,7,3,4,5.000000,6.000000,42,11,44,1,1,2,11,23,68,1.047619
1210,100,102,121,187,371,4,9,3,3,0.000000,4.000000,58,11,62,1,4,5,2,21,87,1.068966
1211,100,112,118,151,73,0,6,4,4,0.000000,5.000000,31,6,33,0,0,0,12,18,51,1.064516
1212,100,117,122,233,354,0,4,3,4,1.000000,2.000000,103,4,111,1,0,1,17,22,133,1.077670
1213,100,112,112,165,38,0,0,3,-1,-1.000000,-1.000000,47,0,51,0,2,2,12,12,65,1.085106
1214,100,106,112,121,144,0,6,3,4,0.000000,3.000000,5,6,9,0,0,0,6,12,21,1.800000
1215,100,101,103,197,109,0,2,3,4,0.000000,2.000000,81,2,89,0,5,5,1,3,97,1.098765
1216,100,116,125,199,96,1,7,3,4,5.000000,9.000000,68,5,72,1,2,3,16,25,99,1.058824
1217,100,197,201,255,279,0,4,2,3,0.000000,4.000000,49,4,53,0,1,1,97,101,155,1.081633
1218,100,129,130,176,351,0,1,4,4,0.000000,3.000000,40,1,46,0,0,0,29,30,76,1.150000
1219,100,142,163,214,339,12,8,4,3,0.000000,3.000000,49,21,51,0,0,0,42,63,114,1.040816
1220,100,113,141,162,2,7,4,4,4,0.000000,7.000000,21,21,21,0,0,0,13,41,62,1.000000
1221,100,101,107,137,284,0,6,2,3,0.000000,3.000000,30,6,30,0,0,0,1,7,37,1.000000
1222,101,102,103,138,359,0,1,3,3,0.000000,4.000000,26,1,30,0,5,5,1,2,37,1.153846
1223,101,155,158,204,213,0,1,4,4,3.000000,6.000000,42,3,46,0,0,0,54,57,103,1.095238
1224,101,102,113,139,142,0,6,4,3,3.000000,3.000000,22,6,24,0,2,2,1,12,38,1.090909
1225,101,132,151,239,64,0,10,2,3,2.000000,2.000000,83,1,87,1,1,2,31,50,138,1.048193
1226,101,187,190,273,206,0,3,2,2,4.000000,4.000000,80,3,82,0,1,1,86,89,172,1.025000
1227,101,117,121,190,117,0,4,3,3,1.000000,3.000000,67,4,69,0,0,0,16,20,89,1.029851
1228,101,109,124,214,26,2,3,2,4,0.000000,2.000000,86,9,88,6,2,8,8,23,113,1.023256
1229,102,103,108,138,54,1,14,4,4,0.000000,5.000000,28,5,30,0,0,0,1,6,36,1.071429
1230,102,104,108,158,177,1,11,2,3,0.000000,2.000000,43,4,49,0,1,1,2,6,56,1.139535
1231,102,107,111,166,197,0,1,4,4,4.000000,7.000000,48,3,50,1,5,6,5,9,64,1.041667
1232,102,242,245,352,65,0,3,3,3,0.000000,3.000000,97,3,105,0,2,2,140,143,250,1.082474
1233,102,119,121,201,158,0,2,4,4,1.000000,2.000000,78,2,80,0,0,0,17,19,99,1.025641
1234,103,104,111,171,321,1,5,3,3,1.000000,1.000000,44,6,60,1,0,1,1,8,68,1.363636
1235,103,114,115,159,370,1,1,4,4,0.000000,6.000000,42,1,44,0,0,0,11,12,56,1.047619
1236,103,109,110,127,228,0,1,4,4,0.000000,2.000000,17,1,17,0,0,0,6,7,24,1.000000
1237,103,120,120,142,295,0,0,3,-1,-1.000000,-1.000000,19,0,19,0,3,3,17,17,39,1.000000
1238,103,114,138,157,364,0,7,4,3,0.000000,6.000000,19,2,19,0,0,0,11,35,54,1.000000
1239,103,104,105,167,381,0,1,3,3,0.000000,5.000000,60,1,62,0,0,0,1,2,64,1.033333
1240,103,105,116,161,210,0,8,3,4,2.000000,5.000000,39,3,45,0,0,0,2,13,58,1.153846
1241,103,109,112,162,126,0,3,2,2,0.000000,1.000000,35,3,45,0,5,5,6,9,59,1.285714
1242,103,108,114,162,132,1,6,2,4,2.000000,4.000000,39,5,47,1,1,2,5,11,59,1.205128
1243,103,104,108,161,41,0,2,3,3,3.000000,3.000000,46,4,52,0,1,1,1,5,58,1.130435
1244,104,116,118,178,241,0,2,2,3,2.000000,3.000000,52,2,58,0,2,2,12,14,74,1.115385
1245,104,105,107,148,8,0,2,2,2,0.000000,5.000000,35,2,41,0,0,0,1,3,44,1.171429
1246,104,105,116,163,177,0,9,1,3,0.000000,6.000000,46,11,46,0,1,1,1,12,59,1.000000
1247,104,107,110,138,332,0,3,3,3,0.000000,1.000000,24,3,26,0,2,2,3,6,34,1.083333
1248,104,111,111,166,300,0,0,3,-1,-1.000000,-1.000000,42,0,54,0,1,1,7,7,62,1.285714
1249,104,110,115,161,257,0,5,3,2,0.000000,2.000000,42,5,46,0,0,0,6,11,57,1.095238
1250,104,118,132,155,163,1,11,4,4,0.000000,2.000000,23,5,23,0,0,0,14,28,51,1.000000
1251,105,106,108,170,92,0,2,3,3,0.000000,1.000000,51,2,61,0,1,1,1,3,65,1.196078
1252,105,106,109,163,171,0,1,3,3,1.000000,3.000000,49,3,53,0,1,1,1,4,58,1.081633
1253,105,108,273,305,379,0,7,2,3,0.000000,1.000000,32,8,32,1,0,1,3,168,200,1.000000
1254,105,113,118,167,221,0,5,4,3,0.000000,1.000000,45,5,47,0,2,2,8,13,62,1.044444
1255,105,111,170,237,250,0,5,4,2,0.000000,0.000000,56,3,66,1,1,2,6,65,132,1.178571
1256,106,107,110,161,366,1,6,4,4,1.000000,3.000000,40,3,50,0,1,1,1,4,55,1.250000
1257,106,115,117,212,370,1,4,4,3,0.000000,4.000000,85,2,95,0,0,0,9,11,106,1.117647
1258,106,158,161,179,208,0,2,4,4,2.000000,6.000000,18,2,18,1,0,1,52,55,73,1.000000
1259,106,109,110,157,128,0,1,4,4,0.000000,3.000000,45,1,45,0,2,2,3,4,51,1.000000
1260,106,160,160,248,173,0,0,3,-1,-1.000000,-1.000000,79,0,87,0,1,1,54,54,142,1.101266
1261,106,107,110,162,156,0,3,4,3,0.000000,3.000000,42,3,52,0,0,0,1,4,56,1.238095
1262,106,211,214,237,125,0,3,3,3,0.000000,4.000000,20,3,20,0,3,3,105,108,131,1.000000
1263,107,109,124,151,383,0,7,3,3,4.000000,4.000000,27,5,27,0,0,0,2,17,44,1.000000
1264,107,108,114,168,383,2,4,4,4,4.000000,5.000000,53,6,53,0,1,1,1,7,61,1.000000
1265,107,248,250,339,278,0,2,4,2,0.000000,0.000000,83,2,87,0,2,2,141,143,232,1.048193
1266,107,113,120,145,305,0,7,3,4,2.000000,2.000000,24,7,24,0,1,1,6,13,38,1.000000
1267,107,142,146,202,192,0,4,3,4,0.000000,4.000000,56,2,56,0,0,0,35,39,95,1.000000
1268,107,109,210,277,226,0,6,2,3,1.000000,3.000000,64,17,66,1,1,2,2,103,170,1.031250
1269,107,113,139,179,392,0,11,3,4,0.000000,12.000000,32,3,38,1,2,3,6,32,72,1.187500
1270,107,110,121,197,255,2,15,4,4,2.000000,6.000000,70,11,74,0,2,2,3,14,90,1.057143
1271,108,113,122,164,398,3,6,3,3,1.000000,3.000000,39,9,41,0,1,1,5,14,56,1.051282
1272,108,110,112,172,69,0,2,4,4,0.000000,5.000000,57,2,59,0,1,1,2,4,64,1.035088
1273,108,110,110,146,81,0,0,3,-1,-1.000000,-1.000000,29,0,33,0,3,3,2,2,38,1.137931
1274,108,112,114,162,394,0,2,2,3,4.000000,4.000000,46,2,46,0,2,2,4,6,54,1.000000
1275,108,110,110,189,184,0,0,3,-1,-1.000000,-1.000000,75,0,77,0,2,2,2,2,81,1.026667
1276,108,139,141,160,263,0,2,2,4,0.000000,5.000000,17,2,19,0,0,0,31,33,52,1.117647
1277,108,212,217,309,307,0,3,3,4,6.000000,7.000000,87,2,91,0,1,1,104,109,201,1.045977
1278,108,109,131,177,221,1,8,4,4,1.000000,1.000000,44,7,46,1,0,1,1,23,69,1.045455
1279,108,109,116,153,321,0,7,4,3,0.000000,6.000000,31,7,33,0,4,4,1,8,45,1.064516
1280,109,110,112,142,289,0,2,3,3,0.000000,1.000000,27,2,29,0,1,1,1,3,33,1.074074
1281,109,118,185,241,141,0,10,2,4,0.000000,5.000000,49,2,55,0,1,1,9,76,132,1.122449
1282,109,216,216,269,274,0,0,3,-1,-1.000000,-1.000000,42,0,50,0,3,3,107,107,160,1.190476
1283,109,110,110,148,157,0,0,3,-1,-1.000000,-1.000000,32,0,38,0,0,0,1,1,39,1.187500
1284,109,110,114,176,211,0,4,3,3,0.000000,3.000000,58,4,62,0,0,0,1,5,67,1.068966
1285,109,110,110,166,226,0,0,2,-1,-1.000000,-1.000000,55,0,55,0,1,1,1,1,57,1.000000
1286,109,132,139,176,168,0,7,2,3,0.000000,2.000000,37,4,37,0,0,0,23,30,67,1.000000
1287,109,169,172,221,327,0,3,4,4,5.000000,7.000000,45,3,47,0,2,2,60,63,112,1.044444
1288,109,150,150,215,377,0,0,3,-1,-1.000000,-1.000000,59,0,63,0,2,2,41,41,106,1.067797
1289,110,152,157,194,249,0,5,3,4,1.000000,4.000000,34,5,36,0,1,1,42,47,84,1.058824
1290,110,133,136,162,360,0,3,3,4,1.000000,5.000000,26,3,26,0,0,0,23,26,52,1.000000
1291,110,111,121,139,366,0,12,2,3,0.000000,1.000000,18,8,18,0,0,0,1,11,29,1.000000
1292,110,111,111,149,377,0,0,3,-1,-1.000000,-1.000000,33,0,37,0,1,1,1,1,39,1.121212
1293,110,140,143,210,91,0,3,4,4,0.000000,0.000000,57,3,65,0,2,2,30,33,100,1.140351
1294,110,123,217,295,256,0,2,2,4,1.000000,2.000000,57,8,77,2,1,3,13,107,185,1.350877
1295,110,131,131,163,323,0,0,4,-1,-1.000000,-1.000000,30,0,30,0,2,2,21,21,53,1.000000
1296,110,115,117,170,363,0,2,3,3,0.000000,3.000000,45,2,53,0,0,0,5,7,60,1.177778
1297,111,112,112,168,327,0,0,2,-1,-1.000000,-1.000000,47,0,53,0,3,3,1,1,57,1.127660
1298,111,112,112,170,250,0,0,3,-1,-1.000000,-1.000000,58,0,58,0,0,0,1,1,59,1.000000
1299,111,112,115,168,366,0,3,4,3,1.000000,1.000000,46,3,52,0,1,1,1,4,57,1.130435
1300,111,141,141,207,318,0,0,3,-1,-1.000000,-1.000000,60,0,64,0,2,2,30,30,96,1.066667
1301,111,152,179,242,42,0,4,4,3,1.000000,4.000000,44,7,62,1,1,2,41,68,131,1.409091
1302,112,157,159,185,39,0,2,4,3,0.000000,4.000000,26,2,26,0,0,0,45,47,73,1.000000
1303,112,115,124,155,188,0,8,4,4,1.000000,3.000000,25,8,31,1,0,1,3,12,43,1.240000
1304,112,115,125,198,297,4,9,4,4,1.000000,2.000000,62,9,68,1,5,6,3,13,86,1.096774
1305,112,168,169,212,226,1,12,4,4,1.000000,4.000000,36,0,42,1,1,2,56,57,100,1.166667
1306,113,124,125,162,237,0,1,4,4,0.000000,3.000000,27,1,35,0,2,2,11,12,49,1.296296
1307,113,117,119,135,320,0,2,4,4,0.000000,4.000000,15,2,15,0,1,1,4,6,22,1.000000
1308,113,121,134,225,288,0,3,3,3,0.000000,3.000000,82,10,88,1,3,4,8,21,112,1.073171
1309,113,114,129,136,4,0,6,4,4,7.000000,11.000000,7,12,7,3,0,3,1,16,23,1.000000
1310,113,137,145,164,153,2,7,3,3,3.000000,3.000000,18,8,18,0,1,1,24,32,51,1.000000
1311,113,163,168,227,126,0,5,4,3,1.000000,2.000000,52,5,56,0,3,3,50,55,114,1.076923
1312,113,216,217,301,17,0,1,3,3,0.000000,0.000000,82,1,84,0,0,0,103,104,188,1.024390
1313,113,139,139,154,392,0,0,4,-1,-1.000000,-1.000000,14,0,14,0,1,1,26,26,41,1.000000
1314,114,115,131,142,353,5,10,3,4,4.000000,4.000000,9,15,11,1,0,1,1,17,28,1.222222
1315,114,115,124,182,292,0,9,3,3,6.000000,6.000000,41,8,57,0,1,1,1,10,68,1.390244
1316,114,116,116,117,309,0,0,4,-1,-1.000000,-1.000000,1,0,1,0,0,0,2,2,3,1.000000
1317,114,115,121,168,364,0,4,3,3,3.000000,5.000000,36,4,46,2,1,3,1,7,54,1.277778
1318,114,132,132,163,18,0,0,3,-1,-1.000000,-1.000000,27,0,31,0,0,0,18,18,49,1.148148
1319,114,120,126,199,112,5,8,3,4,1.000000,4.000000,67,6,71,0,2,2,6,12,85,1.059701
1320,114,115,117,163,189,0,2,4,4,0.000000,4.000000,44,2,46,0,0,0,1,3,49,1.045455
1321,114,145,156,232,339,5,7,4,3,1.000000,2.000000,56,10,74,0,2,2,31,42,118,1.321429
1322,114,162,166,204,101,0,4,3,3,1.000000,1.000000,34,4,38,0,0,0,48,52,90,1.117647
1323,114,115,115,184,2,0,0,3,-1,-1.000000,-1.000000,53,0,67,0,2,2,1,1,70,1.264151
1324,115,116,119,213,317,0,3,2,3,0.000000,2.000000,91,3,93,0,1,1,1,4,98,1.021978
1325,115,117,122,172,206,1,13,3,3,6.000000,6.000000,41,5,49,0,1,1,2,7,57,1.195122
1326,115,253,256,351,216,0,3,4,4,1.000000,1.000000,94,3,94,0,1,1,138,141,236,1.000000
1327,115,116,116,219,297,0,0,3,-1,-1.000000,-1.000000,95,0,103,0,0,0,1,1,104,1.084211
1328,115,120,126,169,167,0,6,2,3,0.000000,8.000000,40,6,42,0,1,1,5,11,54,1.050000
1329,115,116,121,176,255,0,5,1,3,0.000000,3.000000,38,5,52,0,3,3,1,6,61,1.368421
1330,115,117,122,241,88,1,8,3,2,0.000000,0.000000,101,5,117,0,2,2,2,7,126,1.158416
1331,115,139,139,158,396,0,0,3,-1,-1.000000,-1.000000,18,0,18,0,1,1,24,24,43,1.000000
1332,115,116,116,139,162,0,0,4,-1,-1.000000,-1.000000,15,0,23,0,0,0,1,1,24,1.533333
1333,116,136,137,179,17,0,1,3,3,3.000000,6.000000,35,1,39,0,3,3,20,21,63,1.114286
1334,116,127,151,194,290,0,3,2,3,7.000000,7.000000,41,9,41,0,2,2,11,35,78,1.000000
1335,116,117,127,167,353,1,6,4,4,1.000000,5.000000,32,6,36,1,4,5,1,11,51,1.125000
1336,116,123,127,154,23,0,2,3,4,2.000000,6.000000,24,4,26,0,1,1,7,11,38,1.083333
1337,116,165,169,206,78,0,3,4,2,1.000000,3.000000,32,3,36,1,1,2,49,53,90,1.125000
1338,116,117,124,181,254,0,7,1,4,0.000000,3.000000,53,7,57,0,0,0,1,8,65,1.075472
1339,116,121,124,140,199,0,1,4,4,0.000000,3.000000,16,3,16,0,0,0,5,8,24,1.000000
1340,116,149,150,203,357,0,1,3,3,0.000000,7.000000,47,1,53,0,0,0,33,34,87,1.127660
1341,116,312,312,378,174,0,0,3,-1,-1.000000,-1.000000,61,0,65,0,1,1,196,196,262,1.065574
1342,116,118,120,149,380,0,2,3,4,0.000000,4.000000,29,2,29,0,0,0,2,4,33,1.000000
1343,116,120,128,172,271,1,9,4,4,0.000000,5.000000,24,5,38,0,6,6,4,12,56,1.583333
1344,116,117,118,160,392,1,6,3,2,3.000000,3.000000,38,1,40,0,2,2,1,2,44,1.052632
1345,116,117,150,182,292,0,7,3,3,0.000000,5.000000,29,3,31,0,1,1,1,34,66,1.068966
1346,117,122,133,216,276,3,14,3,3,0.000000,0.000000,78,10,80,1,3,4,5,16,99,1.025641
1347,117,148,149,164,315,0,1,4,4,0.000000,2.000000,15,1,15,0,0,0,31,32,47,1.000000
1348,117,219,239,318,55,0,3,4,3,2.000000,3.000000,67,13,79,1,0,1,102,122,201,1.179104
1349,117,140,143,149,313,1,12,3,4,0.000000,1.000000,4,3,6,0,0,0,23,26,32,1.500000
1350,117,118,120,138,392,0,2,2,4,3.000000,4.000000,17,2,17,0,1,1,1,3,21,1.000000
1351,117,140,140,202,162,0,0,3,-1,-1.000000,-1.000000,56,0,62,0,0,0,23,23,85,1.107143
1352,117,157,157,260,275,0,0,2,-1,-1.000000,-1.000000,95,0,99,0,4,4,40,40,143,1.042105
1353,118,499,502,591,327,0,3,1,3,0.000000,0.000000,89,3,89,0,0,0,381,384,473,1.000000
1354,118,161,164,252,353,0,3,1,2,2.000000,2.000000,82,3,88,0,0,0,43,46,134,1.073171
1355,118,150,171,199,94,0,13,4,3,0.000000,2.000000,28,6,28,0,0,0,32,53,81,1.000000
1356,118,224,224,297,253,0,0,3,-1,-1.000000,-1.000000,63,0,73,0,0,0,106,106,179,1.158730
1357,119,130,132,211,178,0,2,3,4,0.000000,7.000000,62,2,74,0,5,5,11,13,92,1.193548
1358,119,134,134,162,170,0,0,3,-1,-1.000000,-1.000000,20,0,28,0,0,0,15,15,43,1.400000
1359,119,124,125,182,124,0,1,3,3,0.000000,3.000000,49,1,57,0,0,0,5,6,63,1.163265
1360,119,120,124,165,206,1,11,3,4,0.000000,6.000000,40,4,40,0,1,1,1,5,46,1.000000
1361,119,356,361,453,157,1,3,4,3,0.000000,1.000000,83,4,91,0,1,1,237,242,334,1.096386
1362,119,122,129,163,288,0,3,2,3,6.000000,6.000000,34,5,34,2,0,2,3,10,44,1.000000
1363,119,120,133,186,344,1,2,4,3,2.000000,3.000000,43,13,53,0,0,0,1,14,67,1.232558
1364,120,121,126,157,43,0,5,3,4,0.000000,2.000000,27,5,29,0,2,2,1,6,37,1.074074
1365,120,206,208,223,105,0,2,3,4,4.000000,6.000000,15,2,15,0,0,0,86,88,103,1.000000
1366,120,125,129,149,94,0,4,1,3,0.000000,1.000000,18,4,20,0,0,0,5,9,29,1.111111
1367,120,138,290,355,153,0,6,3,3,2.000000,3.000000,64,10,64,2,1,3,18,170,235,1.000000
1368,120,162,172,247,164,0,6,3,3,7.000000,7.000000,61,3,73,0,2,2,42,52,127,1.196721
1369,120,130,165,195,152,2,14,1,4,2.000000,5.000000,25,9,29,3,1,4,10,45,75,1.160000
1370,120,121,124,175,344,0,3,4,4,0.000000,2.000000,47,3,49,0,2,2,1,4,55,1.042553
1371,121,122,124,213,259,0,2,3,3,0.000000,1.000000,78,2,88,0,1,1,1,3,92,1.128205
1372,121,133,144,195,17,2,5,4,3,6.000000,6.000000,42,6,50,1,1,2,12,23,74,1.190476
1373,121,125,147,200,108,0,13,3,3,1.000000,4.000000,51,7,53,1,0,1,4,26,79,1.039216
1374,121,147,151,163,342,0,4,3,3,0.000000,2.000000,12,4,12,0,0,0,26,30,42,1.000000
1375,121,131,134,207,393,0,3,2,3,0.000000,2.000000,69,3,73,0,0,0,10,13,86,1.057971
1376,121,122,144,189,205,8,7,2,3,0.000000,0.000000,41,22,43,0,2,2,1,23,68,1.048780
1377,122,130,135,182,103,0,5,4,3,0.000000,3.000000,40,5,46,0,1,1,8,13,60,1.150000
1378,122,140,142,186,325,0,2,4,3,0.000000,5.000000,42,2,44,0,0,0,18,20,64,1.047619
1379,122,123,135,163,271,1,9,3,4,1.000000,2.000000,22,12,28,0,0,0,1,13,41,1.272727
1380,123,124,125,156,256,0,1,4,4,1.000000,3.000000,25,1,29,0,2,2,1,2,33,1.160000
1381,123,169,171,219,359,0,1,3,3,3.000000,5.000000,41,1,47,1,1,2,46,48,96,1.146341
1382,123,125,130,223,159,0,5,4,4,0.000000,3.000000,71,5,93,0,0,0,2,7,100,1.309859
1383,123,330,338,387,56,0,5,2,4,0.000000,5.000000,47,7,49,1,0,1,207,215,264,1.042553
1384,123,210,210,272,39,0,0,4,-1,-1.000000,-1.000000,54,0,60,0,2,2,87,87,149,1.111111
1385,123,124,132,178,106,0,8,3,2,0.000000,2.000000,46,8,46,0,0,0,1,9,55,1.000000
1386,123,124,132,222,35,0,8,3,3,0.000000,3.000000,88,8,90,0,0,0,1,9,99,1.022727
1387,123,150,161,184,378,1,10,4,3,3.000000,3.000000,22,11,22,0,1,1,27,38,61,1.000000
1388,123,125,141,169,57,2,5,3,4,1.000000,4.000000,28,8,28,0,0,0,2,18,46,1.000000
1389,123,136,139,179,390,0,3,2,4,2.000000,4.000000,38,3,40,0,0,0,13,16,56,1.052632
1390,123,137,215,259,262,0,1,3,3,6.000000,6.000000,33,5,43,0,1,1,14,92,136,1.303030
1391,123,329,-1,-1,393,0,6,4,4,0.000000,2.000000,111,1,0,0,0,0,206,-1,-1,0.000000
1392,124,132,133,213,282,0,1,3,3,3.000000,3.000000,70,1,78,0,2,2,8,9,89,1.114286
1393,124,125,126,164,78,0,1,3,3,4.000000,6.000000,35,1,37,0,1,1,1,2,40,1.057143
1394,124,147,178,219,246,4,10,3,2,0.000000,0.000000,37,12,41,1,0,1,23,54,95,1.108108
1395,124,288,290,341,254,0,2,3,4,0.000000,4.000000,45,2,51,0,0,0,164,166,217,1.133333
1396,124,132,154,187,187,0,10,2,4,0.000000,6.000000,32,10,32,0,1,1,8,30,63,1.000000
1397,124,132,138,155,329,2,6,3,4,2.000000,4.000000,16,6,16,0,1,1,8,14,31,1.000000
1398,125,129,130,209,36,0,1,4,4,3.000000,4.000000,73,1,75,0,4,4,4,5,84,1.027397
1399,125,144,146,206,266,0,2,3,3,4.000000,5.000000,48,2,58,0,2,2,19,21,81,1.208333
1400,125,136,139,212,362,0,3,3,3,0.000000,3.000000,68,3,72,0,1,1,11,14,87,1.058824
1401,126,150,151,249,230,0,1,3,3,1.000000,1.000000,88,1,96,0,2,2,24,25,123,1.090909
1402,126,127,127,173,108,0,0,4,-1,-1.000000,-1.000000,44,0,46,0,0,0,1,1,47,1.045455
1403,126,127,133,186,83,3,6,4,3,0.000000,6.000000,51,5,53,1,0,1,1,7,60,1.039216
1404,126,246,246,255,334,0,0,4,-1,-1.000000,-1.000000,9,0,9,0,0,0,120,120,129,1.000000
1405,126,137,147,204,261,3,5,3,4,0.000000,6.000000,46,8,56,2,1,3,11,21,78,1.217391
1406,126,130,130,188,107,0,0,4,-1,-1.000000,-1.000000,48,0,54,0,4,4,4,4,62,1.125000
1407,127,128,165,215,228,1,5,3,4,4.000000,4.000000,48,14,50,0,0,0,1,38,88,1.041667
1408,128,132,149,181,276,3,14,4,3,2.000000,3.000000,27,15,31,0,1,1,4,21,53,1.148148
1409,128,134,134,230,385,0,0,4,-1,-1.000000,-1.000000,84,0,96,0,0,0,6,6,102,1.142857
1410,128,173,176,217,70,0,3,3,2,0.000000,1.000000,35,3,41,0,0,0,45,48,89,1.171429
1411,128,129,148,181,391,3,7,2,4,5.000000,8.000000,31,16,33,3,0,3,1,20,53,1.064516
1412,129,150,151,200,369,0,1,2,2,1.000000,1.000000,41,1,47,0,2,2,21,22,71,1.146341
1413,129,141,144,178,233,0,3,2,3,0.000000,5.000000,33,3,33,0,1,1,12,15,49,1.000000
1414,129,130,135,180,276,3,6,3,3,0.000000,2.000000,45,5,45,0,0,0,1,6,51,1.000000
1415,129,136,141,205,322,0,3,3,4,3.000000,7.000000,53,5,63,0,1,1,7,12,76,1.188679
1416,129,133,149,170,123,1,7,3,3,0.000000,4.000000,19,14,21,2,0,2,4,20,41,1.105263
1417,130,142,153,228,267,3,11,3,3,4.000000,4.000000,66,11,72,0,3,3,12,23,98,1.090909
1418,130,174,174,239,108,0,0,3,-1,-1.000000,-1.000000,56,0,62,0,3,3,44,44,109,1.107143
1419,130,139,146,213,284,0,4,3,4,0.000000,6.000000,65,4,67,0,0,0,9,16,83,1.030769
1420,130,131,133,208,160,1,4,3,4,1.000000,4.000000,66,2,74,0,1,1,1,3,78,1.121212
1421,130,131,134,138,271,0,3,3,4,3.000000,7.000000,4,3,4,0,0,0,1,4,8,1.000000
1422,130,164,165,225,323,0,1,4,4,3.000000,3.000000,52,1,60,0,0,0,34,35,95,1.153846
1423,131,136,143,212,320,0,4,3,4,0.000000,7.000000,51,6,65,1,4,5,5,12,81,1.274510
1424,131,132,137,176,105,0,5,2,4,0.000000,2.000000,35,5,37,0,2,2,1,6,45,1.057143
1425,131,144,190,225,63,0,3,4,4,1.000000,7.000000,33,4,35,0,0,0,13,59,94,1.060606
1426,131,135,165,205,329,4,3,3,4,1.000000,4.000000,36,15,36,1,4,5,4,34,74,1.000000
1427,131,177,179,247,278,0,2,4,3,3.000000,5.000000,57,2,67,0,1,1,46,48,116,1.175439
1428,131,132,133,170,110,0,1,4,4,0.000000,2.000000,37,1,37,0,0,0,1,2,39,1.000000
1429,131,137,143,193,294,0,7,3,4,1.000000,5.000000,46,5,50,0,0,0,6,12,62,1.086957
1430,131,138,141,183,361,0,3,3,3,0.000000,2.000000,39,3,41,0,1,1,7,10,52,1.051282
1431,131,142,142,149,125,0,0,3,-1,-1.000000,-1.000000,7,0,7,0,0,0,11,11,18,1.000000
1432,131,143,147,189,295,0,4,3,3,0.000000,4.000000,36,4,42,0,0,0,12,16,58,1.166667
1433,132,163,165,169,156,0,2,4,4,0.000000,4.000000,4,2,4,0,0,0,31,33,37,1.000000
1434,132,133,134,170,276,0,1,3,3,1.000000,1.000000,34,1,36,0,0,0,1,2,38,1.058824
1435,132,133,139,184,160,0,2,2,3,3.000000,3.000000,37,6,45,0,0,0,1,7,52,1.216216
1436,132,133,134,147,200,0,1,4,4,0.000000,5.000000,13,1,13,0,0,0,1,2,15,1.000000
1437,132,145,162,219,222,5,24,3,4,0.000000,0.000000,49,9,57,0,0,0,13,30,87,1.163265
1438,132,133,144,210,296,3,20,3,4,0.000000,1.000000,63,11,65,0,1,1,1,12,78,1.031746
1439,132,133,137,240,225,0,6,3,3,0.000000,0.000000,95,3,99,0,4,4,1,5,108,1.042105
1440,132,134,143,202,368,1,6,4,4,0.000000,7.000000,51,7,59,2,0,2,2,11,70,1.156863
1441,133,134,136,191,218,0,2,4,3,1.000000,1.000000,51,2,55,0,0,0,1,3,58,1.078431
1442,133,186,186,267,136,0,0,4,-1,-1.000000,-1.000000,71,0,77,0,4,4,53,53,134,1.084507
1443,133,138,160,190,76,0,1,3,3,5.000000,5.000000,30,5,30,1,0,1,5,27,57,1.000000
1444,133,134,139,218,34,0,5,3,2,0.000000,0.000000,70,5,78,0,1,1,1,6,85,1.114286
1445,133,138,148,178,204,0,4,3,4,2.000000,5.000000,29,6,29,2,1,3,5,15,45,1.000000
1446,133,134,144,199,104,4,6,4,4,0.000000,4.000000,52,10,52,0,3,3,1,11,66,1.000000
1447,134,277,283,384,264,1,8,3,3,0.000000,3.000000,95,6,99,0,2,2,143,149,250,1.042105
1448,134,180,185,253,233,0,5,3,3,0.000000,3.000000,57,5,65,0,3,3,46,51,119,1.140351
1449,134,165,198,299,371,0,1,4,4,0.000000,1.000000,83,0,101,1,0,1,31,64,165,1.216867
1450,134,148,148,231,386,0,0,1,-1,-1.000000,-1.000000,76,0,82,0,1,1,14,14,97,1.078947
1451,134,209,214,286,152,0,5,2,3,3.000000,4.000000,69,5,71,0,1,1,75,80,152,1.028986
1452,134,135,141,190,313,4,8,3,3,0.000000,0.000000,47,6,49,0,0,0,1,7,56,1.042553
1453,135,136,145,197,296,2,7,4,2,0.000000,1.000000,52,8,52,1,0,1,1,10,62,1.000000
1454,135,141,159,176,199,0,6,3,4,0.000000,6.000000,14,5,16,0,1,1,6,24,41,1.142857
1455,135,136,142,174,64,1,7,2,4,0.000000,3.000000,20,6,32,0,0,0,1,7,39,1.600000
1456,135,158,167,209,207,0,5,3,4,4.000000,6.000000,35,7,39,2,3,5,23,32,74,1.114286
1457,136,151,151,185,136,0,0,4,-1,-1.000000,-1.000000,27,0,33,0,1,1,15,15,49,1.222222
1458,136,138,143,161,187,0,5,4,4,0.000000,1.000000,16,5,18,0,0,0,2,7,25,1.125000
1459,136,165,167,247,315,0,2,2,4,1.000000,3.000000,74,2,80,0,0,0,29,31,111,1.081081
1460,136,151,162,177,336,3,7,4,3,0.000000,8.000000,13,11,15,0,0,0,15,26,41,1.153846
1461,136,140,144,206,271,0,3,4,3,0.000000,6.000000,57,3,59,1,3,4,4,8,70,1.035088
1462,136,143,149,198,123,0,4,3,3,6.000000,6.000000,47,6,47,0,2,2,7,13,62,1.000000
1463,136,137,147,162,67,2,10,3,3,0.000000,2.000000,15,10,15,0,0,0,1,11,26,1.000000
1464,136,171,174,225,15,0,3,4,3,2.000000,4.000000,41,3,49,0,2,2,35,38,89,1.195122
1465,136,140,143,211,22,0,3,4,4,0.000000,4.000000,62,3,68,0,0,0,4,7,75,1.096774
1466,137,138,145,159,134,0,7,3,3,1.000000,2.000000,14,7,14,0,0,0,1,8,22,1.000000
1467,137,141,141,151,198,0,0,3,-1,-1.000000,-1.000000,10,0,10,0,0,0,4,4,14,1.000000
1468,137,201,201,215,55,0,0,3,-1,-1.000000,-1.000000,11,0,11,0,3,3,64,64,78,1.000000
1469,137,146,148,186,314,0,2,2,3,0.000000,2.000000,36,2,38,0,0,0,9,11,49,1.055556
1470,137,140,142,223,376,0,1,3,3,5.000000,6.000000,76,1,80,0,1,1,3,5,86,1.052632
1471,137,163,164,220,135,0,1,4,4,0.000000,7.000000,50,1,52,0,4,4,26,27,83,1.040000
1472,137,140,142,164,262,0,2,4,4,0.000000,5.000000,17,2,21,0,1,1,3,5,27,1.235294
1473,137,209,209,284,342,0,0,4,-1,-1.000000,-1.000000,68,0,74,0,1,1,72,72,147,1.088235
1474,137,141,145,185,192,1,4,3,4,2.000000,4.000000,34,4,38,0,2,2,4,8,48,1.117647
1475,138,139,144,150,4,1,6,4,4,0.000000,5.000000,5,5,5,0,1,1,1,6,12,1.000000
1476,138,139,169,212,83,6,9,3,4,0.000000,6.000000,38,20,42,1,1,2,1,31,74,1.105263
1477,138,190,193,259,229,0,2,4,4,0.000000,3.000000,62,2,64,1,2,3,52,55,121,1.032258
1478,138,173,179,261,341,1,6,3,3,2.000000,2.000000,73,6,81,0,1,1,35,41,123,1.109589
1479,138,447,447,542,72,0,0,4,-1,-1.000000,-1.000000,95,0,95,0,0,0,309,309,404,1.000000
1480,138,163,164,227,394,0,1,3,3,0.000000,2.000000,58,1,60,0,3,3,25,26,89,1.034483
1481,138,159,166,179,164,0,2,3,2,5.000000,5.000000,13,4,13,1,0,1,21,28,41,1.000000
1482,138,164,169,204,170,0,5,1,3,0.000000,3.000000,33,5,35,0,0,0,26,31,66,1.060606
1483,138,139,143,172,294,0,4,3,4,0.000000,4.000000,25,4,29,0,0,0,1,5,34,1.160000
1484,138,145,157,244,68,0,4,4,3,1.000000,5.000000,64,11,78,0,9,9,7,19,106,1.218750
1485,138,139,146,254,142,0,7,4,3,1.000000,1.000000,84,7,106,0,2,2,1,8,116,1.261905
1486,138,139,141,187,21,0,2,4,3,1.000000,1.000000,38,2,46,0,0,0,1,3,49,1.210526
1487,138,215,259,317,235,1,7,3,4,3.000000,4.000000,57,8,57,1,1,2,77,121,179,1.000000
1488,139,150,153,183,183,0,3,3,3,0.000000,9.000000,27,2,29,0,1,1,11,14,44,1.074074
1489,139,140,140,214,284,0,0,4,-1,-1.000000,-1.000000,68,0,72,0,2,2,1,1,75,1.058824
1490,139,140,144,180,104,3,4,3,4,3.000000,3.000000,32,4,36,0,0,0,1,5,41,1.125000
1491,139,140,145,225,330,1,4,4,3,0.000000,4.000000,73,5,79,0,1,1,1,6,86,1.082192
1492,139,143,145,242,161,0,8,2,3,3.000000,4.000000,73,1,95,0,2,2,4,6,103,1.301370
1493,139,140,142,211,324,0,2,3,3,4.000000,4.000000,65,2,69,0,0,0,1,3,72,1.061538
1494,139,140,143,216,79,0,3,1,3,0.000000,4.000000,64,3,72,0,1,1,1,4,77,1.125000
1495,139,147,149,176,216,0,2,3,3,1.000000,3.000000,12,2,26,0,1,1,8,10,37,2.166667
1496,139,140,140,194,153,0,0,3,-1,-1.000000,-1.000000,49,0,53,0,1,1,1,1,55,1.081633
1497,139,183,186,212,103,0,3,2,4,2.000000,6.000000,20,3,26,0,0,0,44,47,73,1.300000
1498,139,173,173,254,52,0,0,4,-1,-1.000000,-1.000000,65,0,77,0,4,4,34,34,115,1.184615
1499,139,307,307,365,163,0,0,2,-1,-1.000000,-1.000000,49,0,53,0,5,5,168,168,226,1.081633
1500,140,141,144,180,376,1,2,2,4,0.000000,3.000000,33,2,35,1,1,2,1,4,40,1.060606
1501,140,143,169,224,313,8,8,4,3,0.000000,2.000000,52,19,54,0,1,1,3,29,84,1.038462
1502,140,198,216,281,188,0,3,3,4,1.000000,5.000000,58,8,64,3,1,4,58,76,141,1.103448
1503,140,152,154,176,198,0,2,3,4,3.000000,8.000000,20,2,22,0,0,0,12,14,36,1.100000
1504,140,148,149,182,180,0,1,3,3,4.000000,10.000000,26,1,32,0,1,1,8,9,42,1.230769
1505,140,180,185,243,350,0,5,4,3,1.000000,2.000000,53,5,57,0,1,1,40,45,103,1.075472
1506,141,156,158,187,329,0,2,4,3,0.000000,5.000000,29,2,29,0,0,0,15,17,46,1.000000
1507,141,143,152,199,304,1,3,3,2,5.000000,5.000000,44,9,46,0,1,1,2,11,58,1.045455
1508,141,179,187,265,243,0,6,3,4,3.000000,6.000000,70,8,78,0,0,0,38,46,124,1.114286
1509,141,143,145,223,330,0,2,3,4,0.000000,6.000000,76,2,78,0,0,0,2,4,82,1.026316
1510,141,142,144,175,368,0,2,3,2,0.000000,4.000000,29,2,31,0,0,0,1,3,34,1.068966
1511,142,166,166,274,371,0,0,3,-1,-1.000000,-1.000000,88,0,106,0,2,2,24,24,132,1.204545
1512,142,143,152,232,65,1,8,2,3,1.000000,1.000000,72,9,80,0,0,0,1,10,90,1.111111
1513,142,145,167,210,10,0,7,3,3,0.000000,4.000000,39,10,43,1,0,1,3,25,68,1.102564
1514,142,160,161,222,134,0,1,3,3,2.000000,5.000000,46,1,60,0,1,1,18,19,80,1.304348
1515,142,485,485,594,366,0,0,2,-1,-1.000000,-1.000000,101,0,109,0,0,0,343,343,452,1.079208
1516,142,153,154,172,70,0,1,3,3,0.000000,0.000000,12,1,18,0,0,0,11,12,30,1.500000
1517,142,148,148,167,356,0,0,3,-1,-1.000000,-1.000000,15,0,17,0,2,2,6,6,25,1.133333
1518,142,241,242,281,202,0,1,4,4,0.000000,2.000000,38,1,38,0,1,1,99,100,139,1.000000
1519,142,154,170,176,89,0,18,4,3,1.000000,3.000000,6,11,6,0,0,0,12,28,34,1.000000
1520,142,280,280,355,167,0,0,4,-1,-1.000000,-1.000000,58,0,72,0,3,3,138,138,213,1.241379
1521,143,163,163,213,237,0,0,3,-1,-1.000000,-1.000000,44,0,50,0,0,0,20,20,70,1.136364
1522,143,284,291,386,106,0,5,3,4,4.000000,5.000000,72,7,92,0,3,3,141,148,243,1.277778
1523,143,144,147,177,299,0,3,3,3,0.000000,2.000000,30,3,30,0,0,0,1,4,34,1.000000
1524,143,144,145,213,296,0,1,4,4,1.000000,3.000000,62,1,66,0,2,2,1,2,70,1.064516
1525,144,145,152,227,121,2,4,3,4,0.000000,4.000000,68,7,72,0,3,3,1,8,83,1.058824
1526,144,164,196,249,27,0,6,1,4,3.000000,6.000000,50,4,52,0,1,1,20,52,105,1.040000
1527,144,190,193,239,184,0,3,1,4,0.000000,2.000000,42,3,46,0,0,0,46,49,95,1.095238
1528,144,157,159,192,98,0,2,4,4,0.000000,2.000000,30,2,32,0,1,1,13,15,48,1.066667
1529,144,292,299,354,365,0,19,1,3,5.000000,5.000000,52,4,54,1,1,2,148,155,210,1.038462
1530,144,180,180,262,181,0,0,4,-1,-1.000000,-1.000000,76,0,82,0,0,0,36,36,118,1.078947
1531,144,162,162,167,187,0,0,3,-1,-1.000000,-1.000000,5,0,5,0,0,0,18,18,23,1.000000
1532,145,146,146,191,64,0,0,3,-1,-1.000000,-1.000000,41,0,45,0,0,0,1,1,46,1.097561
1533,145,170,184,210,238,0,10,4,3,0.000000,2.000000,24,12,26,2,0,2,25,39,65,1.083333
1534,145,147,153,228,81,0,6,3,2,0.000000,2.000000,72,6,74,0,1,1,2,8,83,1.027778
1535,145,169,170,247,18,0,1,4,4,0.000000,2.000000,70,1,74,0,3,3,24,25,102,1.057143
1536,146,152,157,207,328,0,5,3,3,3.000000,4.000000,44,5,48,0,2,2,6,11,61,1.090909
1537,146,164,164,208,342,0,0,4,-1,-1.000000,-1.000000,40,0,44,0,0,0,18,18,62,1.100000
1538,146,168,188,228,221,0,4,4,4,4.000000,8.000000,40,6,40,0,0,0,22,42,82,1.000000
1539,146,205,206,272,49,0,1,3,3,1.000000,3.000000,57,1,65,0,1,1,59,60,126,1.140351
1540,146,156,156,171,389,0,0,4,-1,-1.000000,-1.000000,12,0,14,0,1,1,10,10,25,1.166667
1541,146,147,155,184,62,0,8,1,4,1.000000,3.000000,22,8,28,0,1,1,1,9,38,1.272727
1542,146,160,160,235,232,0,0,3,-1,-1.000000,-1.000000,71,0,73,0,2,2,14,14,89,1.028169
1543,146,151,156,189,365,0,5,4,2,0.000000,2.000000,30,5,32,0,1,1,5,10,43,1.066667
1544,147,152,158,181,6,0,1,2,2,4.000000,4.000000,23,5,23,1,0,1,5,11,34,1.000000
1545,147,170,174,265,147,0,4,2,3,0.000000,2.000000,81,4,89,0,2,2,23,27,118,1.098765
1546,147,183,183,305,398,0,0,2,-1,-1.000000,-1.000000,96,0,122,0,0,0,36,36,158,1.270833
1547,147,150,152,210,125,0,2,3,2,1.000000,3.000000,49,2,57,0,1,1,3,5,63,1.163265
1548,147,164,188,215,18,2,7,3,3,1.000000,3.000000,26,10,26,1,1,2,17,41,68,1.000000
1549,147,151,155,240,380,0,4,3,4,0.000000,3.000000,81,4,85,0,0,0,4,8,93,1.049383
1550,147,148,150,197,339,1,3,4,4,0.000000,6.000000,43,2,47,0,0,0,1,3,50,1.093023
1551,147,172,176,219,92,0,2,4,4,0.000000,7.000000,34,2,42,0,1,1,25,29,72,1.235294
1552,147,164,166,192,171,0,2,4,4,2.000000,2.000000,26,2,26,0,0,0,17,19,45,1.000000
1553,148,154,160,189,321,0,6,2,3,0.000000,0.000000,24,6,28,0,1,1,6,12,41,1.166667
1554,148,149,155,188,302,2,2,4,3,0.000000,6.000000,31,5,31,1,2,3,1,7,40,1.000000
1555,148,163,192,222,170,0,7,3,3,3.000000,6.000000,29,2,29,0,1,1,15,44,74,1.000000
1556,148,157,157,205,375,0,0,2,-1,-1.000000,-1.000000,39,0,45,0,3,3,9,9,57,1.153846
1557,148,171,179,214,251,1,4,3,2,1.000000,1.000000,31,7,33,1,2,3,23,31,66,1.064516
1558,149,157,232,261,256,0,7,2,4,5.000000,6.000000,20,4,26,0,3,3,8,83,112,1.300000
1559,149,155,160,178,392,0,5,4,4,2.000000,4.000000,12,5,16,0,2,2,6,11,29,1.333333
1560,149,248,256,310,310,0,8,2,3,0.000000,2.000000,49,8,53,0,1,1,99,107,161,1.081633
1561,149,153,153,158,164,0,0,4,-1,-1.000000,-1.000000,5,0,5,0,0,0,4,4,9,1.000000
1562,149,150,154,240,380,1,8,3,3,0.000000,2.000000,68,4,86,0,0,0,1,5,91,1.264706
1563,149,161,162,167,127,0,1,3,3,0.000000,3.000000,5,1,5,0,0,0,12,13,18,1.000000
1564,149,150,154,177,56,0,4,3,3,1.000000,1.000000,23,4,23,0,0,0,1,5,28,1.000000
1565,149,150,155,202,267,0,5,4,3,2.000000,5.000000,47,5,47,0,0,0,1,6,53,1.000000
1566,149,150,179,213,157,1,15,4,4,0.000000,2.000000,29,13,33,1,1,2,1,30,64,1.137931
1567,149,168,171,223,356,0,3,4,4,1.000000,5.000000,46,3,50,0,2,2,19,22,74,1.086957
1568,149,150,155,239,65,0,5,3,4,1.000000,1.000000,72,5,84,0,0,0,1,6,90,1.166667
1569,149,183,277,308,292,3,3,3,3,2.000000,2.000000,25,14,31,1,0,1,34,128,159,1.240000
1570,150,153,167,191,155,0,7,4,4,0.000000,6.000000,12,13,20,1,4,5,3,17,41,1.666667
1571,150,151,201,238,94,0,5,3,3,2.000000,2.000000,32,3,36,1,1,2,1,51,88,1.125000
1572,150,151,157,223,268,4,4,4,4,0.000000,3.000000,60,4,64,2,2,4,1,7,73,1.066667
1573,150,152,153,181,209,0,1,4,4,0.000000,3.000000,24,1,26,0,2,2,2,3,31,1.083333
1574,150,216,219,281,165,0,3,3,4,0.000000,6.000000,58,3,60,0,2,2,66,69,131,1.034483
1575,151,166,172,221,388,0,6,3,3,0.000000,1.000000,40,6,46,0,3,3,15,21,70,1.150000
1576,151,152,171,211,94,0,3,3,3,1.000000,1.000000,31,2,37,0,3,3,1,20,60,1.193548
1577,151,214,214,273,259,0,0,3,-1,-1.000000,-1.000000,58,0,58,0,1,1,63,63,122,1.000000
1578,151,153,155,222,10,0,2,4,4,1.000000,5.000000,61,2,65,0,2,2,2,4,71,1.065574
1579,151,187,265,348,48,4,7,4,3,0.000000,3.000000,72,15,82,1,1,2,36,114,197,1.138889
1580,151,217,219,271,138,0,2,4,3,1.000000,2.000000,50,2,52,0,0,0,66,68,120,1.040000
1581,151,152,158,174,51,0,6,3,3,3.000000,3.000000,15,6,15,0,1,1,1,7,23,1.000000
1582,151,152,187,227,183,0,2,3,3,0.000000,9.000000,37,10,37,2,3,5,1,36,76,1.000000
1583,152,153,155,207,305,0,2,3,4,0.000000,4.000000,49,2,51,0,1,1,1,3,55,1.040816
1584,152,153,154,215,291,0,1,3,3,0.000000,4.000000,55,1,57,0,4,4,1,2,63,1.036364
1585,152,156,168,195,378,0,8,3,4,0.000000,0.000000,27,9,27,0,0,0,4,16,43,1.000000
1586,152,207,243,266,396,0,1,4,4,0.000000,2.000000,21,5,21,1,2,3,55,91,114,1.000000
1587,153,222,223,286,280,0,1,3,3,0.000000,5.000000,57,1,59,0,4,4,69,70,133,1.035088
1588,153,162,164,229,41,0,2,2,3,3.000000,4.000000,58,2,64,0,1,1,9,11,76,1.103448
1589,153,154,162,204,94,0,2,4,3,1.000000,1.000000,42,8,42,0,0,0,1,9,51,1.000000
1590,153,179,207,264,389,0,3,3,3,4.000000,4.000000,47,9,57,2,0,2,26,54,111,1.212766
1591,153,158,159,203,256,0,1,4,4,0.000000,7.000000,44,1,44,0,0,0,5,6,50,1.000000
1592,154,319,328,382,37,0,6,3,4,0.000000,7.000000,54,8,54,0,0,0,165,174,228,1.000000
1593,154,155,162,243,157,0,10,4,4,0.000000,4.000000,69,1,79,0,2,2,1,8,89,1.144928
1594,154,157,160,266,212,0,2,4,4,0.000000,4.000000,97,2,103,1,3,4,3,6,112,1.061856
1595,154,182,188,242,131,0,4,2,4,4.000000,6.000000,52,2,52,1,2,3,28,34,88,1.000000
1596,154,212,213,265,358,0,1,1,1,0.000000,0.000000,41,1,51,0,1,1,58,59,111,1.243902
1597,155,179,182,186,204,0,3,4,4,2.000000,2.000000,4,3,4,0,0,0,24,27,31,1.000000
1598,155,156,177,220,157,1,6,3,3,0.000000,2.000000,43,14,43,0,0,0,1,22,65,1.000000
1599,155,156,168,233,89,0,8,4,3,0.000000,2.000000,62,9,64,2,1,3,1,13,78,1.032258
1600,155,163,163,253,360,0,0,4,-1,-1.000000,-1.000000,75,0,87,0,3,3,8,8,98,1.160000
1601,155,172,177,187,156,1,8,3,4,0.000000,5.000000,10,4,10,1,0,1,17,22,32,1.000000
1602,156,158,161,199,44,1,13,4,3,3.000000,5.000000,38,3,38,0,0,0,2,5,43,1.000000
1603,156,157,158,218,240,0,1,3,3,1.000000,4.000000,50,1,58,0,2,2,1,2,62,1.160000
1604,156,157,158,224,87,0,1,3,3,0.000000,1.000000,55,1,65,0,1,1,1,2,68,1.181818
1605,156,204,205,238,53,0,1,4,4,4.000000,6.000000,23,1,31,0,2,2,48,49,82,1.347826
1606,156,157,159,252,157,0,2,4,3,2.000000,2.000000,80,2,92,0,1,1,1,3,96,1.150000
1607,156,207,207,276,27,0,0,3,-1,-1.000000,-1.000000,66,0,68,0,1,1,51,51,120,1.030303
1608,156,157,157,207,42,0,0,3,-1,-1.000000,-1.000000,46,0,50,0,0,0,1,1,51,1.086957
1609,156,160,188,214,44,1,11,2,4,0.000000,1.000000,19,7,25,1,1,2,4,32,58,1.315789
1610,156,229,233,258,302,0,4,2,3,2.000000,3.000000,23,4,23,0,2,2,73,77,102,1.000000
1611,157,161,186,237,27,0,3,3,3,4.000000,4.000000,39,8,49,2,2,4,4,29,80,1.256410
1612,157,158,163,211,23,0,5,3,3,0.000000,4.000000,45,5,47,0,1,1,1,6,54,1.044444
1613,157,159,161,202,20,0,2,4,4,0.000000,2.000000,33,2,39,0,2,2,2,4,45,1.181818
1614,157,158,171,206,378,1,6,3,4,0.000000,2.000000,26,12,34,1,1,2,1,14,49,1.307692
1615,157,166,171,223,253,0,5,3,2,1.000000,1.000000,47,5,51,0,1,1,9,14,66,1.085106
1616,157,159,161,229,272,0,2,3,4,0.000000,8.000000,60,2,66,0,2,2,2,4,72,1.100000
1617,158,159,171,184,245,1,4,3,3,3.000000,3.000000,13,11,13,1,0,1,1,13,26,1.000000
1618,158,178,237,307,341,0,7,4,3,4.000000,4.000000,61,1,69,1,1,2,20,79,149,1.131148
1619,158,166,171,216,38,0,5,2,3,0.000000,2.000000,36,5,44,0,1,1,8,13,58,1.222222
1620,158,176,191,263,143,0,12,3,4,0.000000,2.000000,69,8,71,0,1,1,18,33,105,1.028986
1621,158,182,182,224,114,0,0,4,-1,-1.000000,-1.000000,42,0,42,0,0,0,24,24,66,1.000000
1622,159,177,181,235,216,2,6,2,4,0.000000,2.000000,41,4,47,0,7,7,18,22,76,1.146341
1623,159,290,292,412,70,0,2,2,2,0.000000,0.000000,111,2,119,0,1,1,131,133,253,1.072072
1624,159,165,167,210,262,0,2,3,3,1.000000,1.000000,28,2,42,0,1,1,6,8,51,1.500000
1625,159,160,166,189,127,0,3,3,4,0.000000,6.000000,22,4,22,0,1,1,1,7,30,1.000000
1626,159,163,164,206,90,0,1,3,3,0.000000,5.000000,32,1,40,0,2,2,4,5,47,1.250000
1627,159,170,170,221,32,0,0,2,-1,-1.000000,-1.000000,41,0,47,0,4,4,11,11,62,1.146341
1628,160,169,175,225,99,0,6,3,4,3.000000,4.000000,39,6,49,0,1,1,9,15,65,1.256410
1629,160,162,170,221,135,0,4,4,4,0.000000,6.000000,48,7,50,0,1,1,2,10,61,1.041667
1630,160,168,171,186,127,0,3,1,3,1.000000,5.000000,15,3,15,0,0,0,8,11,26,1.000000
1631,160,161,163,217,176,0,2,3,4,3.000000,3.000000,42,2,52,0,2,2,1,3,57,1.238095
1632,160,181,186,254,211,0,5,4,4,0.000000,2.000000,61,5,67,0,1,1,21,26,94,1.098361
1633,161,162,165,209,89,1,4,3,3,3.000000,6.000000,41,3,43,0,1,1,1,4,48,1.048780
1634,161,198,199,213,384,0,1,4,4,0.000000,6.000000,14,1,14,0,0,0,37,38,52,1.000000
1635,161,173,177,225,228,0,4,4,3,1.000000,2.000000,42,4,48,0,0,0,12,16,64,1.142857
1636,161,162,163,219,378,0,1,4,4,1.000000,1.000000,47,1,55,0,1,1,1,2,58,1.170213
1637,161,184,187,215,183,0,3,3,3,0.000000,3.000000,25,3,27,0,1,1,23,26,54,1.080000
1638,161,167,172,236,97,0,5,4,4,0.000000,3.000000,45,5,63,0,1,1,6,11,75,1.400000
1639,161,183,184,275,277,0,1,4,4,0.000000,3.000000,73,1,87,0,4,4,22,23,114,1.191781
1640,161,178,179,279,203,0,1,1,1,0.000000,0.000000,96,1,98,0,2,2,17,18,118,1.020833
1641,162,164,164,196,154,0,0,4,-1,-1.000000,-1.000000,28,0,32,0,0,0,2,2,34,1.142857
1642,162,166,171,240,202,2,3,3,3,1.000000,5.000000,64,5,68,0,1,1,4,9,78,1.062500
1643,162,204,213,286,182,0,9,4,4,1.000000,4.000000,65,9,69,0,4,4,42,51,124,1.061538
1644,162,172,182,223,389,2,4,3,3,4.000000,6.000000,38,10,40,0,1,1,10,20,61,1.052632
1645,162,181,194,269,67,1,11,4,3,0.000000,2.000000,72,8,72,0,3,3,19,32,107,1.000000
1646,162,167,167,215,300,0,0,3,-1,-1.000000,-1.000000,47,0,47,0,1,1,5,5,53,1.000000
1647,162,177,177,206,351,0,0,3,-1,-1.000000,-1.000000,23,0,27,0,2,2,15,15,44,1.173913
1648,162,163,170,179,234,0,7,4,3,3.000000,4.000000,9,7,9,0,0,0,1,8,17,1.000000
1649,162,176,180,225,169,1,2,3,4,1.000000,6.000000,38,4,42,0,3,3,14,18,63,1.105263
1650,162,173,175,230,141,0,2,3,4,0.000000,4.000000,47,2,55,0,0,0,11,13,68,1.170213
1651,162,175,175,192,51,0,0,3,-1,-1.000000,-1.000000,17,0,17,0,0,0,13,13,30,1.000000
1652,162,215,218,245,12,0,3,3,4,0.000000,7.000000,19,3,25,0,2,2,53,56,83,1.315789
1653,162,166,168,209,223,0,2,4,4,2.000000,4.000000,40,2,40,0,1,1,4,6,47,1.000000
1654,162,291,292,316,13,0,1,2,2,2.000000,2.000000,17,1,21,0,3,3,129,130,154,1.235294
1655,162,163,173,247,99,2,8,3,4,2.000000,5.000000,73,10,73,0,1,1,1,11,85,1.000000
1656,163,164,165,206,44,1,6,4,4,0.000000,5.000000,35,0,41,1,0,1,1,2,43,1.171429
1657,163,164,168,188,231,0,3,4,4,1.000000,2.000000,19,3,19,1,1,2,1,5,25,1.000000
1658,163,166,172,224,80,0,8,3,3,1.000000,1.000000,48,5,52,0,0,0,3,9,61,1.083333
1659,163,164,169,186,257,0,5,4,3,0.000000,0.000000,15,5,17,0,0,0,1,6,23,1.133333
1660,163,164,170,248,31,0,4,4,4,0.000000,3.000000,65,6,73,0,5,5,1,7,85,1.123077
1661,163,182,185,264,254,0,3,3,4,1.000000,1.000000,67,3,77,0,2,2,19,22,101,1.149254
1662,163,215,220,267,284,0,5,3,3,1.000000,2.000000,36,5,46,0,1,1,52,57,104,1.277778
1663,163,164,168,201,372,0,4,3,4,2.000000,6.000000,26,4,32,0,1,1,1,5,38,1.230769
1664,164,168,168,200,55,0,0,4,-1,-1.000000,-1.000000,27,0,31,0,1,1,4,4,36,1.148148
1665,164,165,165,206,210,0,0,4,-1,-1.000000,-1.000000,34,0,40,0,1,1,1,1,42,1.176471
1666,164,238,238,324,204,0,0,4,-1,-1.000000,-1.000000,79,0,85,0,1,1,74,74,160,1.075949
1667,164,165,168,197,261,0,3,4,4,0.000000,7.000000,27,3,29,0,0,0,1,4,33,1.074074
1668,164,168,187,255,185,1,7,3,3,5.000000,5.000000,58,13,68,2,0,2,4,23,91,1.172414
1669,164,249,249,341,29,0,0,1,-1,-1.000000,-1.000000,83,0,91,0,1,1,85,85,177,1.096386
1670,164,169,174,243,273,0,3,3,4,2.000000,2.000000,55,5,67,0,2,2,5,10,79,1.218182
1671,165,181,183,197,384,0,2,3,4,3.000000,3.000000,12,2,12,0,2,2,16,18,32,1.000000
1672,165,166,179,197,9,0,7,3,3,3.000000,5.000000,16,9,18,1,0,1,1,14,32,1.125000
1673,165,166,173,215,387,1,9,2,3,0.000000,9.000000,37,7,41,0,1,1,1,8,50,1.108108
1674,165,166,166,210,43,0,0,4,-1,-1.000000,-1.000000,36,0,40,0,4,4,1,1,45,1.111111
1675,165,185,187,238,160,0,2,3,2,4.000000,4.000000,46,2,48,0,3,3,20,22,73,1.043478
1676,165,208,208,273,396,0,0,3,-1,-1.000000,-1.000000,59,0,65,0,0,0,43,43,108,1.101695
1677,165,180,185,252,337,1,4,3,3,0.000000,4.000000,63,3,67,2,0,2,15,20,87,1.063492
1678,165,177,179,257,33,0,2,3,3,1.000000,7.000000,77,2,77,0,1,1,12,14,92,1.000000
1679,166,295,568,635,182,0,1,4,4,4.000000,7.000000,58,1,66,1,1,2,129,402,469,1.137931
1680,166,167,170,242,80,0,3,4,4,0.000000,1.000000,59,3,71,0,1,1,1,4,76,1.203390
1681,166,174,178,189,294,0,4,4,4,0.000000,5.000000,5,4,9,0,2,2,8,12,23,1.800000
1682,166,190,191,219,244,0,1,3,3,4.000000,6.000000,28,1,28,0,0,0,24,25,53,1.000000
1683,166,212,217,258,324,0,5,2,3,0.000000,2.000000,24,5,40,0,1,1,46,51,92,1.666667
1684,166,180,183,205,208,0,3,3,2,0.000000,2.000000,18,3,22,0,0,0,14,17,39,1.222222
1685,167,168,168,227,187,0,0,3,-1,-1.000000,-1.000000,51,0,59,0,0,0,1,1,60,1.156863
1686,167,184,192,214,379,0,5,3,3,2.000000,2.000000,20,2,22,0,0,0,17,25,47,1.100000
1687,167,169,175,247,366,0,4,4,3,3.000000,3.000000,66,6,72,0,0,0,2,8,80,1.090909
1688,167,171,189,242,387,0,2,3,4,0.000000,8.000000,51,12,53,1,0,1,4,22,75,1.039216
1689,167,169,180,224,137,0,10,4,4,2.000000,2.000000,43,10,43,1,1,2,2,13,57,1.000000
1690,167,171,175,207,250,0,4,3,2,0.000000,0.000000,31,4,31,0,1,1,4,8,40,1.000000
1691,167,232,235,278,51,0,2,3,4,2.000000,3.000000,35,2,41,1,2,3,65,68,111,1.171429
1692,167,207,208,290,58,0,1,2,2,0.000000,2.000000,69,1,81,0,1,1,40,41,123,1.173913
1693,168,195,195,215,1,0,0,4,-1,-1.000000,-1.000000,19,0,19,0,1,1,27,27,47,1.000000
1694,168,169,180,199,226,0,9,2,4,1.000000,4.000000,17,11,19,0,0,0,1,12,31,1.117647
1695,168,197,201,245,28,1,1,2,2,2.000000,2.000000,33,4,43,0,1,1,29,33,77,1.303030
1696,168,222,245,285,327,1,3,1,4,0.000000,8.000000,37,11,39,0,1,1,54,77,117,1.054054
1697,168,400,402,474,239,0,2,3,4,2.000000,3.000000,69,2,69,0,3,3,232,234,306,1.000000
1698,168,175,176,207,258,0,1,3,3,1.000000,1.000000,31,1,31,0,0,0,7,8,39,1.000000
1699,168,171,179,226,169,2,3,4,3,3.000000,5.000000,40,7,46,1,1,2,3,11,58,1.150000
1700,168,335,335,411,67,0,0,2,-1,-1.000000,-1.000000,67,0,75,0,1,1,167,167,243,1.119403
1701,169,234,234,263,218,0,0,4,-1,-1.000000,-1.000000,24,0,26,0,3,3,65,65,94,1.083333
1702,169,170,191,222,364,3,9,4,3,0.000000,4.000000,30,9,30,1,1,2,1,22,53,1.000000
1703,169,182,184,207,6,0,2,4,4,0.000000,4.000000,20,2,22,0,1,1,13,15,38,1.100000
1704,169,173,185,197,143,1,5,4,4,0.000000,3.000000,11,9,11,3,1,4,4,16,28,1.000000
1705,169,283,286,331,31,0,3,2,3,0.000000,6.000000,35,3,41,0,4,4,114,117,162,1.171429
1706,169,212,217,287,262,0,5,3,4,1.000000,1.000000,63,5,69,0,1,1,43,48,118,1.095238
1707,170,171,175,240,196,0,4,3,3,2.000000,3.000000,52,4,64,0,1,1,1,5,70,1.230769
1708,170,171,183,216,364,2,3,4,3,2.000000,3.000000,31,8,33,1,0,1,1,13,46,1.064516
1709,170,196,196,216,280,0,0,4,-1,-1.000000,-1.000000,20,0,20,0,0,0,26,26,46,1.000000
1710,170,197,208,266,106,0,2,3,3,0.000000,0.000000,52,6,58,0,0,0,27,38,96,1.115385
1711,170,177,179,187,102,0,2,3,4,0.000000,4.000000,6,2,8,0,0,0,7,9,17,1.333333
1712,170,184,185,249,361,0,1,4,4,0.000000,0.000000,49,1,61,0,3,3,14,15,79,1.244898
1713,170,200,200,263,293,0,0,3,-1,-1.000000,-1.000000,63,0,63,0,0,0,30,30,93,1.000000
1714,170,205,207,240,101,0,2,2,3,5.000000,5.000000,33,2,33,0,0,0,35,37,70,1.000000
1715,170,187,209,257,148,0,4,4,4,2.000000,8.000000,44,5,46,1,2,3,17,39,87,1.045455
1716,170,177,177,202,373,0,0,2,-1,-1.000000,-1.000000,25,0,25,0,0,0,7,7,32,1.000000
1717,171,241,242,320,184,0,1,4,4,1.000000,5.000000,72,1,76,0,2,2,70,71,149,1.055556
1718,171,191,191,245,352,0,0,3,-1,-1.000000,-1.000000,48,0,52,0,2,2,20,20,74,1.083333
1719,172,173,175,221,185,0,2,4,3,0.000000,5.000000,38,2,46,0,0,0,1,3,49,1.210526
1720,172,241,251,332,321,0,11,3,3,0.000000,5.000000,71,8,79,0,2,2,69,79,160,1.112676
1721,172,173,184,241,294,0,5,4,4,0.000000,3.000000,48,4,56,0,1,1,1,12,69,1.166667
1722,172,173,175,207,9,0,1,3,3,1.000000,2.000000,21,1,29,1,3,4,1,3,35,1.380952
1723,172,182,200,223,191,0,8,2,3,0.000000,4.000000,17,16,21,2,2,4,10,28,51,1.235294
1724,172,173,174,200,387,0,1,3,3,0.000000,4.000000,24,1,26,0,0,0,1,2,28,1.083333
1725,172,173,173,230,364,0,0,3,-1,-1.000000,-1.000000,57,0,57,0,0,0,1,1,58,1.000000
1726,172,208,209,213,305,0,1,3,3,3.000000,4.000000,2,1,4,0,0,0,36,37,41,2.000000
1727,173,178,191,209,58,1,1,3,3,0.000000,0.000000,18,8,18,0,0,0,5,18,36,1.000000
1728,174,194,194,265,303,0,0,4,-1,-1.000000,-1.000000,62,0,68,0,3,3,20,20,91,1.096774
1729,174,233,239,283,218,0,2,3,4,1.000000,2.000000,37,2,43,0,1,1,59,65,109,1.162162
1730,174,175,178,238,16,0,2,2,4,0.000000,10.000000,48,1,60,1,0,1,1,4,64,1.250000
1731,174,183,185,247,286,0,2,4,3,1.000000,2.000000,59,2,61,0,1,1,9,11,73,1.033898
1732,175,209,224,270,382,0,5,2,4,1.000000,4.000000,37,9,41,0,5,5,34,49,95,1.108108
1733,175,179,179,196,106,0,0,3,-1,-1.000000,-1.000000,15,0,17,0,0,0,4,4,21,1.133333
1734,175,213,213,263,263,0,0,2,-1,-1.000000,-1.000000,40,0,48,0,2,2,38,38,88,1.200000
1735,175,177,185,205,105,2,4,3,3,0.000000,3.000000,15,6,17,2,3,5,2,10,30,1.133333
1736,175,224,228,264,296,0,3,4,3,0.000000,3.000000,33,3,33,1,3,4,49,53,89,1.000000
1737,176,228,321,411,126,0,5,4,3,0.000000,2.000000,83,3,89,1,1,2,52,145,235,1.072289
1738,176,182,194,229,209,0,2,2,4,1.000000,4.000000,26,3,34,0,1,1,6,18,53,1.307692
1739,176,177,210,242,116,2,5,4,3,1.000000,2.000000,30,16,32,2,0,2,1,34,66,1.066667
1740,176,192,198,257,248,0,6,3,3,2.000000,3.000000,53,6,55,0,4,4,16,22,81,1.037736
1741,176,180,201,273,216,3,4,1,3,1.000000,3.000000,68,12,72,5,0,5,4,25,97,1.058824
1742,176,190,208,283,127,0,4,4,4,0.000000,2.000000,71,8,73,0,2,2,14,32,107,1.028169
1743,176,250,293,383,297,1,5,3,4,3.000000,5.000000,79,10,89,0,1,1,74,117,207,1.126582
1744,176,177,184,210,130,0,7,3,4,0.000000,4.000000,26,7,26,0,0,0,1,8,34,1.000000
1745,176,186,188,234,292,0,2,3,4,0.000000,3.000000,43,2,45,0,1,1,10,12,58,1.046512
1746,176,177,184,260,211,1,4,3,3,0.000000,2.000000,67,7,75,0,1,1,1,8,84,1.119403
1747,176,211,246,312,91,0,5,2,4,3.000000,10.000000,42,7,66,3,0,3,35,70,136,1.571429
1748,176,268,268,315,284,0,0,3,-1,-1.000000,-1.000000,41,0,47,0,0,0,92,92,139,1.146341
1749,176,179,195,235,198,0,9,3,3,0.000000,5.000000,36,6,38,1,2,3,3,19,59,1.055556
1750,176,224,226,313,176,0,2,3,3,2.000000,4.000000,81,2,87,0,0,0,48,50,137,1.074074
1751,177,878,878,970,231,0,0,2,-1,-1.000000,-1.000000,87,0,91,0,1,1,701,701,793,1.045977
1752,177,178,180,216,143,1,1,4,4,4.000000,5.000000,34,2,34,0,2,2,1,3,39,1.000000
1753,177,183,183,216,180,0,0,4,-1,-1.000000,-1.000000,31,0,33,0,0,0,6,6,39,1.064516
1754,177,178,181,202,56,0,3,3,4,0.000000,4.000000,14,3,20,0,1,1,1,4,25,1.428571
1755,177,195,202,207,188,2,7,2,3,0.000000,1.000000,4,7,4,0,1,1,18,25,30,1.000000
1756,177,184,186,290,242,0,2,3,4,0.000000,0.000000,94,2,104,0,0,0,7,9,113,1.106383
1757,177,217,217,268,270,0,0,4,-1,-1.000000,-1.000000,49,0,51,0,0,0,40,40,91,1.040816
1758,177,178,208,291,151,1,9,4,4,0.000000,2.000000,77,19,81,0,2,2,1,31,114,1.051948
1759,178,336,337,429,195,0,1,3,3,0.000000,0.000000,81,1,91,0,1,1,158,159,251,1.123457
1760,178,179,191,229,251,2,6,4,4,1.000000,3.000000,32,11,36,1,2,3,1,13,51,1.125000
1761,178,195,274,355,265,0,9,2,3,3.000000,3.000000,67,12,77,0,4,4,17,96,177,1.149254
1762,178,191,191,253,193,0,0,3,-1,-1.000000,-1.000000,60,0,60,0,2,2,13,13,75,1.000000
1763,178,179,179,196,116,0,0,3,-1,-1.000000,-1.000000,17,0,17,0,0,0,1,1,18,1.000000
1764,178,179,187,265,241,0,4,3,3,1.000000,1.000000,75,4,77,0,1,1,1,9,87,1.026667
1765,178,179,179,183,58,0,0,2,-1,-1.000000,-1.000000,4,0,4,0,0,0,1,1,5,1.000000
1766,178,182,187,221,172,0,4,4,4,2.000000,5.000000,33,4,33,1,1,2,4,9,43,1.000000
1767,179,239,243,268,93,0,2,2,4,0.000000,5.000000,22,3,22,0,3,3,60,64,89,1.000000
1768,179,210,212,315,207,0,2,4,4,0.000000,4.000000,71,2,101,0,2,2,31,33,136,1.422535
1769,179,259,259,308,302,0,0,4,-1,-1.000000,-1.000000,41,0,47,0,2,2,80,80,129,1.146341
1770,179,183,184,231,308,0,1,4,4,1.000000,2.000000,37,1,47,0,0,0,4,5,52,1.270270
1771,179,180,182,226,151,0,2,3,4,1.000000,1.000000,38,2,44,0,0,0,1,3,47,1.157895
1772,179,200,206,235,264,2,3,3,4,1.000000,3.000000,28,5,28,1,1,2,21,27,56,1.000000
1773,179,193,195,208,98,0,2,4,4,0.000000,4.000000,13,2,13,0,0,0,14,16,29,1.000000
1774,179,180,185,215,341,0,5,4,4,0.000000,3.000000,27,5,29,0,1,1,1,6,36,1.074074
1775,179,180,183,229,198,0,3,3,4,0.000000,8.000000,44,3,46,0,0,0,1,4,50,1.045455
1776,180,183,183,216,84,0,0,3,-1,-1.000000,-1.000000,21,0,31,0,2,2,3,3,36,1.476190
1777,180,202,227,266,139,0,8,3,4,0.000000,8.000000,31,6,35,0,4,4,22,47,86,1.129032
1778,180,186,187,227,199,0,1,3,3,0.000000,4.000000,40,1,40,0,0,0,6,7,47,1.000000
1779,180,181,184,208,234,1,13,3,3,1.000000,3.000000,22,3,24,0,0,0,1,4,28,1.090909
1780,180,181,187,197,150,0,6,3,3,7.000000,7.000000,10,6,10,0,0,0,1,7,17,1.000000
1781,180,187,187,206,58,0,0,2,-1,-1.000000,-1.000000,14,0,18,0,1,1,7,7,26,1.285714
1782,180,181,181,223,241,0,0,4,-1,-1.000000,-1.000000,42,0,42,0,0,0,1,1,43,1.000000
1783,180,181,183,252,216,0,1,3,3,2.000000,4.000000,61,1,69,1,0,1,1,3,72,1.131148
1784,181,182,198,316,121,1,10,4,4,1.000000,2.000000,102,4,118,0,0,0,1,17,135,1.156863
1785,181,205,205,253,170,0,0,3,-1,-1.000000,-1.000000,46,0,48,0,0,0,24,24,72,1.043478
1786,181,216,218,309,1,0,2,2,3,0.000000,2.000000,78,2,90,0,1,1,35,37,128,1.153846
1787,181,344,367,438,147,0,6,4,3,0.000000,2.000000,59,1,67,0,4,4,163,186,257,1.135593
1788,181,199,205,291,150,0,6,3,4,0.000000,6.000000,66,6,84,0,2,2,18,24,110,1.272727
1789,181,204,206,249,357,0,2,4,3,2.000000,6.000000,41,2,41,0,2,2,23,25,68,1.000000
1790,181,220,220,257,378,0,0,3,-1,-1.000000,-1.000000,35,0,37,0,0,0,39,39,76,1.057143
1791,181,187,193,237,204,0,6,4,4,0.000000,4.000000,44,6,44,0,0,0,6,12,56,1.000000
1792,182,183,190,257,121,1,10,2,2,0.000000,2.000000,67,6,67,1,0,1,1,8,75,1.000000
1793,182,185,191,212,131,1,5,3,3,1.000000,4.000000,20,6,20,0,1,1,3,9,30,1.000000
1794,182,186,187,252,311,0,1,3,3,0.000000,3.000000,59,1,63,0,2,2,4,5,70,1.067797
1795,182,183,194,295,234,0,7,3,4,3.000000,4.000000,84,9,100,2,1,3,1,12,113,1.190476
1796,182,186,189,211,358,0,3,4,3,0.000000,5.000000,16,3,22,0,0,0,4,7,29,1.375000
1797,182,188,191,208,348,0,3,3,3,0.000000,1.000000,12,3,16,0,1,1,6,9,26,1.333333
1798,182,216,223,307,291,0,4,4,4,2.000000,4.000000,73,4,83,1,1,2,34,41,125,1.136986
1799,182,189,192,227,19,2,2,4,4,1.000000,4.000000,27,3,31,0,4,4,7,10,45,1.148148
1800,182,187,195,229,325,0,8,3,3,2.000000,3.000000,28,8,32,0,2,2,5,13,47,1.142857
1801,182,191,208,245,19,0,2,4,4,1.000000,4.000000,35,1,35,1,2,3,9,26,63,1.000000
1802,182,185,187,267,197,0,2,4,3,1.000000,1.000000,74,2,80,0,0,0,3,5,85,1.081081
1803,182,207,210,294,271,0,3,3,4,3.000000,6.000000,81,3,83,0,1,1,25,28,112,1.024691
1804,182,183,187,218,209,0,1,2,2,2.000000,2.000000,19,3,25,1,6,7,1,5,36,1.315789
1805,183,228,247,281,103,0,6,3,4,4.000000,5.000000,31,10,33,1,1,2,45,64,98,1.064516
1806,183,184,185,219,76,0,1,3,3,0.000000,6.000000,28,1,34,0,0,0,1,2,36,1.214286
1807,183,192,192,236,155,0,0,2,-1,-1.000000,-1.000000,40,0,42,0,2,2,9,9,53,1.050000
1808,183,301,312,340,112,0,5,3,2,5.000000,5.000000,27,6,27,1,1,2,118,129,157,1.000000
1809,183,197,197,217,343,0,0,3,-1,-1.000000,-1.000000,20,0,20,0,0,0,14,14,34,1.000000
1810,183,323,329,422,395,0,6,3,3,2.000000,2.000000,82,6,92,0,1,1,140,146,239,1.121951
1811,184,185,187,202,143,0,2,4,4,0.000000,2.000000,15,2,15,0,0,0,1,3,18,1.000000
1812,184,198,202,249,7,0,4,4,3,2.000000,2.000000,44,4,44,0,3,3,14,18,65,1.000000
1813,184,185,188,212,337,0,3,4,4,0.000000,4.000000,19,3,23,0,1,1,1,4,28,1.210526
1814,184,223,227,279,35,1,4,4,4,3.000000,4.000000,43,4,49,0,3,3,39,43,95,1.139535
1815,184,185,188,252,236,0,3,3,3,0.000000,6.000000,55,3,63,0,1,1,1,4,68,1.145455
1816,184,185,191,202,61,0,6,2,3,0.000000,1.000000,11,6,11,0,0,0,1,7,18,1.000000
1817,185,191,223,269,67,0,4,3,4,5.000000,7.000000,39,5,43,1,3,4,6,38,84,1.102564
1818,185,206,207,251,208,0,1,4,4,2.000000,7.000000,42,1,44,0,0,0,21,22,66,1.047619
1819,185,190,200,226,295,0,6,4,4,0.000000,5.000000,22,5,24,4,2,6,5,15,41,1.090909
1820,185,190,192,204,326,0,2,3,4,2.000000,8.000000,10,2,12,0,0,0,5,7,19,1.200000
1821,185,190,192,271,72,0,2,3,3,4.000000,4.000000,71,2,77,0,2,2,5,7,86,1.084507
1822,186,216,216,306,276,0,0,2,-1,-1.000000,-1.000000,72,0,90,0,0,0,30,30,120,1.250000
1823,186,196,199,249,290,0,3,3,4,0.000000,7.000000,44,3,46,0,4,4,10,13,63,1.045455
1824,186,224,224,260,376,0,0,3,-1,-1.000000,-1.000000,36,0,36,0,0,0,38,38,74,1.000000
1825,186,187,189,286,127,1,1,3,3,1.000000,2.000000,91,2,95,0,2,2,1,3,100,1.043956
1826,186,262,263,360,162,0,1,1,1,0.000000,0.000000,92,1,96,0,1,1,76,77,174,1.043478
1827,186,200,200,284,374,0,0,3,-1,-1.000000,-1.000000,77,0,83,0,1,1,14,14,98,1.077922
1828,186,190,191,235,294,0,1,3,3,4.000000,4.000000,40,1,44,0,0,0,4,5,49,1.100000
1829,186,188,193,242,251,1,4,3,4,0.000000,2.000000,43,4,47,1,2,3,2,7,56,1.093023
1830,186,197,197,257,113,0,0,4,-1,-1.000000,-1.000000,52,0,60,0,0,0,11,11,71,1.153846
1831,187,188,192,233,48,0,4,3,4,0.000000,3.000000,37,4,39,0,2,2,1,5,46,1.054054
1832,187,195,198,278,249,0,3,2,3,0.000000,1.000000,72,3,80,0,0,0,8,11,91,1.111111
1833,187,204,207,256,63,0,3,3,3,0.000000,0.000000,48,3,48,0,1,1,17,20,69,1.000000
1834,187,188,192,226,121,0,4,3,3,0.000000,4.000000,34,4,34,0,0,0,1,5,39,1.000000
1835,187,188,191,252,62,2,5,4,4,3.000000,5.000000,54,2,60,1,1,2,1,4,65,1.111111
1836,187,188,210,291,219,3,9,3,2,0.000000,2.000000,75,14,79,1,2,3,1,23,104,1.053333
1837,187,188,192,223,118,1,3,4,4,2.000000,5.000000,28,4,30,0,1,1,1,5,36,1.071429
1838,187,434,443,474,83,0,5,3,4,2.000000,5.000000,27,6,31,0,0,0,247,256,287,1.148148
1839,187,188,195,231,390,1,7,3,3,1.000000,2.000000,27,4,35,0,1,1,1,8,44,1.296296
1840,187,193,199,232,218,0,4,4,4,0.000000,11.000000,29,6,33,0,0,0,6,12,45,1.137931
1841,187,188,193,258,127,1,4,3,4,0.000000,2.000000,63,5,63,0,2,2,1,6,71,1.000000
1842,188,200,202,238,93,0,2,4,3,2.000000,3.000000,31,2,35,0,1,1,12,14,50,1.129032
1843,188,189,195,222,190,0,6,3,3,0.000000,2.000000,25,6,27,0,0,0,1,7,34,1.080000
1844,188,189,202,258,257,0,12,4,4,2.000000,6.000000,48,3,54,1,2,3,1,14,70,1.125000
1845,188,199,203,335,123,0,4,3,3,0.000000,0.000000,105,4,131,0,1,1,11,15,147,1.247619
1846,188,198,204,212,168,0,4,3,2,6.000000,6.000000,3,6,7,0,1,1,10,16,24,2.333333
1847,189,205,248,310,83,0,10,4,4,0.000000,5.000000,53,6,61,1,1,2,16,59,121,1.150943
1848,189,207,208,228,375,0,1,3,3,1.000000,4.000000,18,1,20,0,0,0,18,19,39,1.111111
1849,189,190,198,281,257,1,6,4,4,2.000000,4.000000,81,8,83,0,0,0,1,9,92,1.024691
1850,189,192,192,215,165,0,0,3,-1,-1.000000,-1.000000,21,0,23,0,0,0,3,3,26,1.095238
1851,189,204,212,248,56,2,7,4,4,0.000000,3.000000,32,8,34,0,2,2,15,23,59,1.062500
1852,189,199,202,242,397,0,2,3,4,0.000000,9.000000,36,2,40,1,0,1,10,13,53,1.111111
1853,189,191,192,246,220,0,1,3,3,0.000000,1.000000,47,1,53,0,1,1,2,3,57,1.127660
1854,189,196,196,223,100,0,0,4,-1,-1.000000,-1.000000,20,0,26,0,1,1,7,7,34,1.300000
1855,189,193,193,231,51,0,0,3,-1,-1.000000,-1.000000,34,0,36,0,2,2,4,4,42,1.058824
1856,189,192,232,268,218,3,9,3,4,3.000000,4.000000,36,15,36,2,0,2,3,43,79,1.000000
1857,189,190,191,221,219,1,9,3,3,1.000000,2.000000,28,1,28,0,2,2,1,2,32,1.000000
1858,190,-1,-1,-1,-1,0,-1,-1,-1,-1.000000,-1.000000,105,0,0,0,0,0,-1,-1,-1,0.000000
1859,190,191,194,249,131,0,3,4,3,0.000000,4.000000,43,3,53,0,2,2,1,4,59,1.232558
1860,190,191,195,232,127,0,4,2,3,1.000000,1.000000,34,4,36,0,1,1,1,5,42,1.058824
1861,190,220,245,285,76,1,4,4,3,0.000000,2.000000,38,12,40,0,0,0,30,55,95,1.052632
1862,190,195,199,268,290,1,2,4,4,6.000000,7.000000,58,4,64,0,5,5,5,9,78,1.103448
1863,190,191,206,266,45,0,11,4,4,2.000000,3.000000,58,5,58,0,2,2,1,16,76,1.000000
1864,190,203,220,255,61,4,6,4,3,1.000000,1.000000,35,15,35,2,0,2,13,30,65,1.000000
1865,190,225,243,289,96,0,4,2,3,0.000000,3.000000,44,9,46,0,0,0,35,53,99,1.045455
1866,191,192,200,239,321,4,6,4,3,0.000000,3.000000,39,8,39,0,0,0,1,9,48,1.000000
1867,191,195,200,248,153,0,5,4,3,2.000000,2.000000,41,5,45,0,3,3,4,9,57,1.097561
1868,191,204,205,254,256,0,1,4,4,2.000000,5.000000,44,1,48,0,1,1,13,14,63,1.090909
1869,191,209,218,249,340,0,6,3,3,0.000000,3.000000,28,8,30,0,1,1,18,27,58,1.071429
1870,191,203,206,261,162,0,3,4,4,0.000000,4.000000,40,3,52,0,3,3,12,15,70,1.300000
1871,191,229,345,410,126,0,5,3,4,1.000000,6.000000,60,8,64,0,1,1,38,154,219,1.066667
1872,192,203,204,317,373,0,1,2,2,1.000000,1.000000,106,1,112,0,1,1,11,12,125,1.056604
1873,192,218,225,277,70,2,2,3,4,0.000000,10.000000,48,7,50,0,2,2,26,33,85,1.041667
1874,192,198,203,216,60,0,5,2,3,1.000000,2.000000,9,5,13,0,0,0,6,11,24,1.444444
1875,192,193,200,260,219,0,5,2,4,0.000000,4.000000,50,7,58,0,2,2,1,8,68,1.160000
1876,193,194,195,276,45,0,1,3,3,0.000000,1.000000,73,1,79,0,2,2,1,2,83,1.082192
1877,194,197,199,235,177,0,2,2,4,0.000000,2.000000,25,2,31,0,5,5,3,5,41,1.240000
1878,194,195,198,267,304,0,3,3,3,0.000000,2.000000,63,3,69,0,0,0,1,4,73,1.095238
1879,194,284,288,341,392,0,1,3,3,7.000000,7.000000,49,3,53,1,0,1,90,94,147,1.081633
1880,194,269,270,337,336,0,1,4,4,1.000000,4.000000,59,1,67,0,0,0,75,76,143,1.135593
1881,194,199,203,302,283,0,4,3,4,0.000000,5.000000,92,4,98,0,1,1,5,9,108,1.065217
1882,194,197,200,269,67,0,3,3,4,0.000000,4.000000,61,3,67,0,2,2,3,6,75,1.098361
1883,194,243,243,303,80,0,0,3,-1,-1.000000,-1.000000,55,0,57,0,3,3,49,49,109,1.036364
1884,194,195,197,238,345,0,2,4,2,0.000000,1.000000,34,2,38,0,3,3,1,3,44,1.117647
1885,195,244,244,296,350,0,0,2,-1,-1.000000,-1.000000,48,0,50,0,2,2,49,49,101,1.041667
1886,195,208,243,312,340,3,5,3,4,0.000000,5.000000,55,21,67,0,2,2,13,48,117,1.218182
1887,195,196,199,263,257,0,3,2,4,2.000000,2.000000,51,3,61,0,3,3,1,4,68,1.196078
1888,195,211,211,236,288,0,0,2,-1,-1.000000,-1.000000,21,0,23,0,2,2,16,16,41,1.095238
1889,195,201,201,259,387,0,0,4,-1,-1.000000,-1.000000,55,0,57,0,1,1,6,6,64,1.036364
1890,195,197,200,291,214,0,3,4,3,1.000000,4.000000,72,3,88,0,3,3,2,5,96,1.222222
1891,196,198,200,271,370,0,2,2,3,0.000000,2.000000,43,2,71,0,0,0,2,4,75,1.651163
1892,196,221,221,242,95,0,0,3,-1,-1.000000,-1.000000,19,0,21,0,0,0,25,25,46,1.105263
1893,196,199,208,276,75,0,6,4,4,0.000000,3.000000,59,8,67,1,1,2,3,12,80,1.135593
1894,196,211,215,266,43,0,2,4,4,0.000000,3.000000,51,2,51,2,0,2,15,19,70,1.000000
1895,196,216,219,281,341,0,3,4,3,2.000000,2.000000,44,3,62,0,0,0,20,23,85,1.409091
1896,196,197,198,229,154,0,1,3,3,0.000000,8.000000,19,1,27,0,4,4,1,2,33,1.421053
1897,196,244,254,310,326,1,8,3,4,2.000000,6.000000,47,9,55,1,1,2,48,58,114,1.170213
1898,196,198,201,271,109,0,3,3,4,0.000000,4.000000,60,3,68,0,2,2,2,5,75,1.133333
1899,197,230,233,315,198,0,3,2,4,2.000000,3.000000,82,3,82,0,0,0,33,36,118,1.000000
1900,197,255,387,456,260,0,5,4,4,0.000000,3.000000,62,2,68,0,1,1,58,190,259,1.096774
1901,197,198,262,282,150,1,12,3,3,0.000000,7.000000,16,9,18,0,2,2,1,65,85,1.125000
1902,197,306,309,359,34,0,3,3,4,0.000000,2.000000,39,3,49,0,1,1,109,112,162,1.256410
1903,197,233,237,265,272,0,4,3,4,0.000000,3.000000,22,4,26,0,2,2,36,40,68,1.181818
1904,197,200,208,238,226,0,7,3,4,1.000000,4.000000,27,7,29,1,1,2,3,11,41,1.074074
1905,197,198,201,270,261,0,3,3,4,1.000000,7.000000,61,3,69,0,0,0,1,4,73,1.131148
1906,197,198,234,281,319,0,3,2,3,0.000000,6.000000,38,1,44,0,3,3,1,37,84,1.157895
1907,197,198,198,245,106,0,0,3,-1,-1.000000,-1.000000,42,0,42,0,5,5,1,1,48,1.000000
1908,197,220,280,328,91,0,4,3,3,0.000000,3.000000,42,0,44,1,4,5,23,83,131,1.047619
1909,197,210,211,262,223,0,1,4,4,5.000000,5.000000,46,1,50,0,1,1,13,14,65,1.086957
1910,197,200,203,245,334,0,1,2,2,0.000000,2.000000,40,3,42,0,0,0,3,6,48,1.050000
1911,198,199,202,250,132,0,3,3,4,0.000000,2.000000,45,3,47,0,1,1,1,4,52,1.044444
1912,198,215,219,242,296,1,6,3,3,1.000000,4.000000,21,4,23,0,0,0,17,21,44,1.095238
1913,198,222,228,291,32,0,2,3,3,0.000000,4.000000,53,6,63,0,0,0,24,30,93,1.188679
1914,198,199,200,223,28,0,1,3,3,0.000000,4.000000,21,1,23,0,0,0,1,2,25,1.095238
1915,199,203,224,262,56,3,8,4,4,5.000000,6.000000,38,16,38,1,0,1,4,25,63,1.000000
1916,199,206,209,297,322,0,3,3,4,0.000000,2.000000,78,3,86,0,2,2,7,10,98,1.102564
1917,199,205,206,288,213,0,1,1,1,0.000000,0.000000,82,1,82,0,0,0,6,7,89,1.000000
1918,199,222,226,282,172,0,4,3,4,0.000000,0.000000,54,4,54,0,2,2,23,27,83,1.000000
1919,199,226,232,270,24,0,6,3,3,1.000000,2.000000,37,6,37,0,1,1,27,33,71,1.000000
1920,199,244,247,292,146,0,3,2,3,0.000000,2.000000,43,3,45,0,0,0,45,48,93,1.046512
1921,199,201,211,296,355,0,11,3,4,0.000000,2.000000,76,5,84,0,1,1,2,12,97,1.105263
1922,199,206,209,284,61,0,3,3,4,0.000000,6.000000,54,1,70,0,5,5,7,10,85,1.296296
1923,199,255,711,795,52,0,7,3,3,0.000000,3.000000,78,5,84,0,0,0,56,512,596,1.076923
1924,200,201,201,271,62,0,0,4,-1,-1.000000,-1.000000,68,0,70,0,0,0,1,1,71,1.029412
1925,200,224,227,251,191,0,3,2,3,0.000000,5.000000,19,3,23,0,1,1,24,27,51,1.210526
1926,200,250,251,319,131,0,1,1,1,0.000000,0.000000,66,1,68,0,0,0,50,51,119,1.030303
1927,200,203,212,264,264,0,4,4,4,0.000000,5.000000,52,1,52,0,0,0,3,12,64,1.000000
1928,201,212,215,295,23,1,3,2,4,0.000000,2.000000,72,3,74,0,6,6,11,14,94,1.027778
1929,201,202,209,282,355,0,6,2,3,0.000000,3.000000,63,6,73,1,0,1,1,8,81,1.158730
1930,201,211,211,245,77,0,0,2,-1,-1.000000,-1.000000,30,0,34,0,0,0,10,10,44,1.133333
1931,202,494,496,552,51,0,2,3,3,2.000000,9.000000,52,2,56,0,0,0,292,294,350,1.076923
1932,202,209,214,238,175,0,5,3,4,3.000000,6.000000,22,5,22,0,2,2,7,12,36,1.000000
1933,202,262,262,306,64,0,0,3,-1,-1.000000,-1.000000,43,0,43,0,1,1,60,60,104,1.000000
1934,202,217,264,336,59,1,7,2,3,5.000000,5.000000,52,2,70,0,2,2,15,62,134,1.346154
1935,202,203,215,257,205,0,7,4,4,0.000000,3.000000,38,2,42,0,0,0,1,13,55,1.105263
1936,202,219,219,289,70,0,0,3,-1,-1.000000,-1.000000,59,0,67,0,3,3,17,17,87,1.135593
1937,202,247,257,285,352,0,12,4,3,2.000000,2.000000,20,3,28,0,0,0,45,55,83,1.400000
1938,202,207,209,250,210,0,2,1,4,0.000000,7.000000,41,2,41,0,0,0,5,7,48,1.000000
1939,202,214,228,296,317,0,5,1,3,0.000000,4.000000,55,8,61,0,7,7,12,26,94,1.109091
1940,202,207,207,221,351,0,0,4,-1,-1.000000,-1.000000,14,0,14,0,0,0,5,5,19,1.000000
1941,203,204,205,282,139,0,1,3,3,0.000000,7.000000,67,1,77,0,0,0,1,2,79,1.149254
1942,203,217,224,271,112,0,7,2,3,4.000000,4.000000,45,7,47,0,0,0,14,21,68,1.044444
1943,203,204,205,299,205,0,1,4,4,2.000000,2.000000,87,1,91,0,3,3,1,2,96,1.045977
1944,203,204,206,245,166,0,2,3,4,0.000000,2.000000,36,2,38,0,1,1,1,3,42,1.055556
1945,203,220,221,251,244,0,1,3,3,2.000000,8.000000,27,1,29,0,1,1,17,18,48,1.074074
1946,203,206,214,315,20,0,8,3,3,0.000000,0.000000,97,8,101,0,0,0,3,11,112,1.041237
1947,204,214,214,261,384,0,0,3,-1,-1.000000,-1.000000,41,0,47,0,0,0,10,10,57,1.146341
1948,204,209,215,258,98,0,4,3,4,0.000000,6.000000,40,6,42,0,1,1,5,11,54,1.050000
1949,204,227,230,238,121,0,1,4,4,3.000000,7.000000,6,3,8,0,0,0,23,26,34,1.333333
1950,204,217,219,276,84,0,1,4,4,1.000000,3.000000,52,1,54,1,3,4,13,15,72,1.038462
1951,204,223,229,272,148,1,11,4,2,0.000000,0.000000,38,6,40,0,3,3,19,25,68,1.052632
1952,204,211,216,254,260,0,5,1,4,1.000000,10.000000,37,5,37,0,1,1,7,12,50,1.000000
1953,204,416,458,510,339,0,1,3,3,5.000000,8.000000,49,3,51,1,1,2,212,254,306,1.040816
1954,205,213,289,317,362,0,4,3,3,0.000000,0.000000,28,7,28,0,0,0,8,84,112,1.000000
1955,205,206,213,227,375,1,1,3,3,0.000000,2.000000,13,7,13,0,1,1,1,8,22,1.000000
1956,205,239,256,297,121,2,3,3,3,0.000000,7.000000,41,14,41,3,0,3,34,51,92,1.000000
1957,205,277,277,333,258,0,0,4,-1,-1.000000,-1.000000,50,0,54,0,2,2,72,72,128,1.080000
1958,205,214,268,411,37,0,1,4,4,0.000000,2.000000,107,1,141,0,2,2,9,63,206,1.317757
1959,205,209,210,284,195,0,1,2,2,1.000000,1.000000,73,1,73,0,1,1,4,5,79,1.000000
1960,206,207,213,281,289,0,6,2,4,0.000000,3.000000,57,6,63,0,5,5,1,7,75,1.105263
1961,206,245,257,283,151,1,12,3,4,2.000000,5.000000,25,11,25,1,1,2,39,51,77,1.000000
1962,206,207,231,273,61,6,3,3,2,3.000000,3.000000,38,20,42,1,0,1,1,25,67,1.105263
1963,206,336,336,449,172,0,0,4,-1,-1.000000,-1.000000,108,0,112,0,1,1,130,130,243,1.037037
1964,206,207,222,269,44,0,8,4,4,0.000000,6.000000,38,4,46,0,1,1,1,16,63,1.210526
1965,206,284,285,327,377,0,1,2,2,5.000000,5.000000,36,1,42,0,0,0,78,79,121,1.166667
1966,206,207,209,287,83,0,2,4,4,0.000000,5.000000,72,2,78,0,0,0,1,3,81,1.083333
1967,206,207,212,254,372,0,3,4,4,1.000000,3.000000,36,3,40,2,2,4,1,6,48,1.111111
1968,206,213,213,284,168,0,0,3,-1,-1.000000,-1.000000,67,0,69,0,2,2,7,7,78,1.029851
1969,207,208,211,276,318,0,3,4,4,3.000000,3.000000,60,3,64,0,1,1,1,4,69,1.066667
1970,207,210,218,295,36,0,8,3,3,0.000000,2.000000,70,8,74,0,3,3,3,11,88,1.057143
1971,207,254,254,306,360,0,0,4,-1,-1.000000,-1.000000,43,0,51,0,1,1,47,47,99,1.186047
1972,207,246,246,270,77,0,0,3,-1,-1.000000,-1.000000,22,0,22,0,2,2,39,39,63,1.000000
1973,207,224,226,288,356,0,2,3,4,2.000000,3.000000,56,2,58,0,4,4,17,19,81,1.035714
1974,207,234,235,303,89,0,1,3,3,0.000000,2.000000,64,1,66,0,2,2,27,28,96,1.031250
1975,207,240,279,399,225,2,5,3,4,2.000000,3.000000,99,4,119,1,1,2,33,72,192,1.202020
1976,207,208,208,222,9,0,0,2,-1,-1.000000,-1.000000,12,0,12,0,2,2,1,1,15,1.000000
1977,207,345,345,388,280,0,0,4,-1,-1.000000,-1.000000,34,0,40,0,3,3,138,138,181,1.176471
1978,207,208,303,369,188,1,1,3,3,4.000000,4.000000,51,6,63,2,3,5,1,96,162,1.235294
1979,207,249,251,316,56,1,5,3,3,1.000000,4.000000,57,2,63,0,2,2,42,44,109,1.105263
1980,208,209,212,270,348,0,3,2,3,0.000000,3.000000,50,3,56,0,2,2,1,4,62,1.120000
1981,208,222,224,292,309,0,2,3,4,1.000000,2.000000,63,2,67,0,1,1,14,16,84,1.063492
1982,208,241,244,294,3,0,3,3,3,4.000000,4.000000,46,3,50,0,0,0,33,36,86,1.086957
1983,208,215,236,293,145,0,7,4,2,1.000000,1.000000,50,6,54,1,3,4,7,28,85,1.080000
1984,208,217,219,310,79,0,2,3,3,0.000000,5.000000,77,2,91,0,0,0,9,11,102,1.181818
1985,208,323,325,410,140,0,2,4,4,4.000000,6.000000,64,2,84,0,1,1,115,117,202,1.312500
1986,208,209,209,239,188,0,0,4,-1,-1.000000,-1.000000,28,0,28,0,2,2,1,1,31,1.000000
1987,209,217,232,291,73,0,2,3,4,0.000000,7.000000,55,1,57,0,2,2,8,23,82,1.036364
1988,209,225,225,246,245,0,0,3,-1,-1.000000,-1.000000,21,0,21,0,0,0,16,16,37,1.000000
1989,209,226,227,295,15,0,1,2,2,0.000000,2.000000,56,1,66,0,2,2,17,18,86,1.178571
1990,209,212,212,262,22,0,0,4,-1,-1.000000,-1.000000,39,0,49,0,1,1,3,3,53,1.256410
1991,209,214,216,295,69,0,2,4,2,0.000000,1.000000,75,2,77,0,2,2,5,7,86,1.026667
1992,210,224,224,290,330,0,0,1,-1,-1.000000,-1.000000,56,0,66,0,0,0,14,14,80,1.178571
1993,210,228,229,330,90,0,1,3,3,0.000000,4.000000,89,1,97,0,4,4,18,19,120,1.089888
1994,210,227,227,277,91,0,0,4,-1,-1.000000,-1.000000,48,0,48,0,2,2,17,17,67,1.000000
1995,210,212,216,281,6,0,4,4,4,0.000000,1.000000,53,4,65,0,0,0,2,6,71,1.226415
1996,210,213,215,271,320,0,2,4,4,2.000000,3.000000,52,2,54,0,2,2,3,5,61,1.038462
1997,210,220,224,289,346,0,4,3,4,3.000000,4.000000,52,4,62,0,3,3,10,14,79,1.192308
1998,210,240,248,296,321,1,5,3,4,0.000000,10.000000,39,8,47,0,1,1,30,38,86,1.205128
1999,210,269,269,332,221,0,0,3,-1,-1.000000,-1.000000,60,0,62,0,1,1,59,59,122,1.033333
2000,210,229,229,259,81,0,0,1,-1,-1.000000,-1.000000,28,0,30,0,0,0,19,19,49,1.071429
2001,211,219,221,271,338,0,2,3,4,2.000000,3.000000,50,2,50,0,0,0,8,10,60,1.000000
2002,211,223,228,274,190,1,4,3,3,3.000000,4.000000,41,4,43,1,3,4,12,17,63,1.048780
2003,211,225,232,287,114,0,5,3,4,5.000000,5.000000,54,7,54,0,1,1,14,21,76,1.000000
2004,211,218,239,299,301,1,6,3,4,3.000000,7.000000,50,11,58,1,2,3,7,28,88,1.160000
2005,211,285,288,348,264,0,3,2,3,1.000000,2.000000,49,3,59,0,1,1,74,77,137,1.204082
2006,211,215,216,251,186,0,1,3,3,0.000000,0.000000,33,1,35,0,0,0,4,5,40,1.060606
2007,211,240,242,299,160,0,2,3,3,2.000000,4.000000,54,2,56,0,1,1,29,31,88,1.037037
2008,212,219,233,286,144,0,16,3,4,0.000000,3.000000,46,10,52,0,1,1,7,21,74,1.130435
2009,212,214,229,288,103,0,8,3,3,0.000000,6.000000,44,9,56,0,3,3,2,17,76,1.272727
2010,212,213,213,274,40,0,0,2,-1,-1.000000,-1.000000,49,0,61,0,0,0,1,1,62,1.244898
2011,212,213,215,280,23,0,2,2,4,0.000000,2.000000,46,2,64,0,1,1,1,3,68,1.391304
2012,212,337,337,388,61,0,0,2,-1,-1.000000,-1.000000,45,0,49,0,2,2,125,125,176,1.088889
2013,212,213,217,234,340,1,3,3,3,0.000000,2.000000,16,3,16,1,1,2,1,5,22,1.000000
2014,212,216,216,286,340,0,0,4,-1,-1.000000,-1.000000,62,0,68,0,2,2,4,4,74,1.096774
2015,212,213,221,282,145,0,5,3,2,2.000000,2.000000,47,4,59,0,2,2,1,9,70,1.255319
2016,212,213,213,240,383,0,0,3,-1,-1.000000,-1.000000,25,0,27,0,0,0,1,1,28,1.080000
2017,212,224,225,279,105,0,1,3,3,0.000000,6.000000,39,1,53,0,1,1,12,13,67,1.358974
2018,213,223,224,247,118,1,1,3,3,0.000000,3.000000,17,1,21,0,2,2,10,11,34,1.235294
2019,213,220,221,259,359,0,1,3,3,0.000000,2.000000,26,1,36,0,2,2,7,8,46,1.384615
2020,213,215,221,286,395,0,4,4,3,3.000000,3.000000,59,4,63,2,2,4,2,8,73,1.067797
2021,213,220,223,279,167,0,3,4,3,0.000000,2.000000,42,3,54,0,2,2,7,10,66,1.285714
2022,213,260,260,310,347,0,0,2,-1,-1.000000,-1.000000,44,0,50,0,0,0,47,47,97,1.136364
2023,213,229,231,296,119,0,2,4,4,0.000000,2.000000,58,2,64,0,1,1,16,18,83,1.103448
2024,213,382,385,442,44,0,3,4,2,0.000000,0.000000,43,3,55,0,2,2,169,172,229,1.279070
2025,213,253,306,399,353,0,2,2,3,0.000000,1.000000,87,9,93,0,0,0,40,93,186,1.068966
2026,213,297,297,336,321,0,0,3,-1,-1.000000,-1.000000,31,0,39,0,0,0,84,84,123,1.258065
2027,214,261,261,371,111,0,0,3,-1,-1.000000,-1.000000,78,0,106,0,4,4,47,47,157,1.358974
2028,214,288,288,361,96,0,0,4,-1,-1.000000,-1.000000,67,0,71,0,2,2,74,74,147,1.059701
2029,214,219,223,274,313,0,4,3,2,0.000000,2.000000,41,4,49,0,2,2,5,9,60,1.195122
2030,214,250,251,280,149,0,1,4,4,5.000000,7.000000,20,1,28,0,1,1,36,37,66,1.400000
2031,214,217,231,280,60,1,3,4,3,7.000000,7.000000,38,8,48,1,1,2,3,17,66,1.263158
2032,214,215,220,261,37,0,2,3,4,0.000000,2.000000,35,4,41,1,0,1,1,6,47,1.171429
2033,214,218,234,249,280,0,8,3,4,0.000000,4.000000,15,6,15,0,0,0,4,20,35,1.000000
2034,215,246,250,306,8,0,2,4,4,0.000000,4.000000,43,4,53,0,3,3,31,35,91,1.232558
2035,215,216,217,260,317,0,1,3,3,3.000000,3.000000,43,1,43,0,0,0,1,2,45,1.000000
2036,215,216,217,234,258,0,1,2,2,1.000000,1.000000,17,1,17,0,0,0,1,2,19,1.000000
2037,215,266,266,337,147,0,0,2,-1,-1.000000,-1.000000,69,0,71,0,0,0,51,51,122,1.028986
2038,215,250,250,332,50,0,0,3,-1,-1.000000,-1.000000,64,0,80,0,2,2,35,35,117,1.250000
2039,215,216,221,236,235,0,5,4,4,1.000000,4.000000,14,5,14,0,1,1,1,6,21,1.000000
2040,215,216,222,283,301,3,3,3,2,2.000000,2.000000,56,5,60,1,1,2,1,7,68,1.071429
2041,215,227,232,244,151,0,5,4,4,1.000000,4.000000,11,5,11,0,1,1,12,17,29,1.000000
2042,215,216,223,279,55,0,5,3,3,4.000000,5.000000,47,4,53,1,3,4,1,8,64,1.127660
2043,215,227,240,270,29,0,2,2,3,0.000000,10.000000,30,2,30,0,0,0,12,25,55,1.000000
2044,215,233,261,305,127,0,4,4,4,6.000000,7.000000,39,8,41,2,3,5,18,46,90,1.051282
2045,216,224,227,290,13,0,3,2,4,6.000000,9.000000,58,3,60,0,3,3,8,11,74,1.034483
2046,216,248,251,295,190,0,3,4,4,0.000000,3.000000,41,3,43,0,1,1,32,35,79,1.048780
2047,216,220,238,258,285,0,4,3,4,0.000000,6.000000,20,16,20,2,0,2,4,22,42,1.000000
2048,216,307,311,368,285,0,4,1,3,1.000000,3.000000,39,4,53,0,4,4,91,95,152,1.358974
2049,216,270,287,332,67,1,8,4,3,0.000000,2.000000,41,6,45,0,0,0,54,71,116,1.097561
2050,216,255,383,433,269,0,4,3,3,6.000000,6.000000,46,4,48,0,2,2,39,167,217,1.043478
2051,216,217,218,236,362,0,1,3,3,0.000000,0.000000,17,1,17,0,1,1,1,2,20,1.000000
2052,216,221,227,245,343,0,11,4,4,0.000000,0.000000,18,2,18,0,0,0,5,11,29,1.000000
2053,216,217,224,227,103,0,5,4,4,0.000000,7.000000,3,7,3,0,0,0,1,8,11,1.000000
2054,216,223,233,324,10,0,4,2,3,5.000000,5.000000,80,9,90,0,1,1,7,17,108,1.125000
2055,216,248,298,321,121,0,7,3,3,4.000000,6.000000,16,4,22,0,1,1,32,82,105,1.375000
2056,216,225,225,259,137,0,0,3,-1,-1.000000,-1.000000,32,0,34,0,0,0,9,9,43,1.062500
2057,217,219,261,316,34,0,19,4,4,0.000000,2.000000,47,9,53,0,2,2,2,44,99,1.127660
2058,217,218,218,252,73,0,0,4,-1,-1.000000,-1.000000,33,0,33,0,1,1,1,1,35,1.000000
2059,217,249,250,288,173,0,1,3,3,0.000000,1.000000,34,1,38,0,0,0,32,33,71,1.117647
2060,218,311,320,400,291,0,7,3,4,1.000000,2.000000,80,9,80,0,0,0,93,102,182,1.000000
2061,218,219,227,277,44,1,4,3,3,0.000000,4.000000,35,8,47,0,3,3,1,9,59,1.342857
2062,218,239,245,272,74,0,5,3,4,1.000000,2.000000,25,5,27,1,0,1,21,27,54,1.080000
2063,218,219,219,254,180,0,0,4,-1,-1.000000,-1.000000,28,0,32,0,3,3,1,1,36,1.142857
2064,218,229,234,286,174,0,9,3,4,4.000000,4.000000,48,3,50,0,2,2,11,16,68,1.041667
2065,218,240,246,275,16,0,5,3,3,0.000000,1.000000,28,5,28,1,1,2,22,28,57,1.000000
2066,219,261,261,327,104,0,0,4,-1,-1.000000,-1.000000,60,0,66,0,0,0,42,42,108,1.100000
2067,219,959,959,-1,278,0,0,4,-1,-1.000000,-1.000000,79,0,40,0,1,1,740,740,-1,0.506329
2068,219,231,236,259,141,0,3,3,3,0.000000,0.000000,23,3,23,2,0,2,12,17,40,1.000000
2069,219,228,243,270,332,0,13,4,3,2.000000,2.000000,27,7,27,0,0,0,9,24,51,1.000000
2070,219,220,282,370,240,0,2,4,4,1.000000,2.000000,74,2,86,0,2,2,1,63,151,1.162162
2071,219,228,231,288,217,0,3,4,3,0.000000,1.000000,49,3,57,0,0,0,9,12,69,1.163265
2072,219,220,223,249,297,0,3,3,3,0.000000,3.000000,22,3,26,0,0,0,1,4,30,1.181818
2073,219,231,234,296,364,0,3,2,3,1.000000,1.000000,60,3,62,0,0,0,12,15,77,1.033333
2074,219,239,241,321,175,0,2,4,4,1.000000,4.000000,64,2,78,0,2,2,20,22,102,1.218750
2075,220,425,429,527,123,0,4,2,3,0.000000,4.000000,94,2,96,0,2,2,205,209,307,1.021277
2076,220,221,227,257,92,0,6,3,3,0.000000,1.000000,29,6,29,0,1,1,1,7,37,1.000000
2077,220,224,224,303,82,0,0,3,-1,-1.000000,-1.000000,69,0,75,0,4,4,4,4,83,1.086957
2078,220,221,286,348,91,0,4,2,3,1.000000,6.000000,60,6,60,1,2,3,1,66,128,1.000000
2079,221,222,223,243,60,0,1,3,3,3.000000,4.000000,17,1,19,0,1,1,1,2,22,1.117647
2080,221,222,222,268,221,0,0,4,-1,-1.000000,-1.000000,43,0,43,0,3,3,1,1,47,1.000000
2081,221,222,223,272,351,0,1,3,3,1.000000,6.000000,47,1,47,0,2,2,1,2,51,1.000000
2082,221,225,229,293,87,0,4,2,4,3.000000,6.000000,58,4,62,0,2,2,4,8,72,1.068966
2083,221,222,256,284,328,2,7,3,4,0.000000,3.000000,24,12,28,2,0,2,1,35,63,1.166667
2084,221,222,227,292,388,0,3,2,3,1.000000,3.000000,40,5,62,0,3,3,1,6,71,1.550000
2085,221,283,285,349,98,0,2,3,3,1.000000,2.000000,46,2,64,0,0,0,62,64,128,1.391304
2086,221,222,232,239,128,3,6,3,4,6.000000,7.000000,7,7,7,3,0,3,1,11,18,1.000000
2087,221,230,251,273,251,0,8,2,4,1.000000,3.000000,14,4,20,1,2,3,9,30,52,1.428571
2088,221,222,225,234,240,0,3,4,4,1.000000,2.000000,9,3,9,0,0,0,1,4,13,1.000000
2089,222,223,230,259,306,0,3,3,4,4.000000,6.000000,26,7,28,0,1,1,1,8,37,1.076923
2090,222,240,324,407,65,0,6,1,4,0.000000,2.000000,78,6,82,0,1,1,18,102,185,1.051282
2091,222,226,227,303,281,0,1,4,4,2.000000,4.000000,73,1,75,0,1,1,4,5,81,1.027397
2092,222,250,255,286,361,0,3,3,3,1.000000,2.000000,29,5,31,0,0,0,28,33,64,1.068966
2093,222,240,241,292,184,1,5,2,4,5.000000,10.000000,41,1,51,0,0,0,18,19,70,1.243902
2094,222,317,317,413,116,0,0,2,-1,-1.000000,-1.000000,82,0,96,0,0,0,95,95,191,1.170732
2095,222,223,223,243,327,0,0,4,-1,-1.000000,-1.000000,16,0,18,0,2,2,1,1,21,1.125000
2096,223,224,231,278,134,0,2,3,4,7.000000,13.000000,34,6,44,1,3,4,1,8,55,1.294118
2097,223,236,241,289,232,0,3,4,3,0.000000,5.000000,37,3,45,2,3,5,13,18,66,1.216216
2098,223,226,231,257,287,0,5,3,4,0.000000,8.000000,22,5,24,0,2,2,3,8,34,1.090909
2099,223,295,331,338,3,0,2,3,4,1.000000,8.000000,6,16,6,5,1,6,72,108,115,1.000000
2100,223,258,260,279,248,0,2,1,3,2.000000,2.000000,18,2,18,0,1,1,35,37,56,1.000000
2101,223,383,386,423,377,0,3,3,3,1.000000,2.000000,30,3,32,0,5,5,160,163,200,1.066667
2102,223,233,235,254,246,0,2,4,3,1.000000,4.000000,19,1,19,0,0,0,10,12,31,1.000000
2103,223,224,227,278,59,0,3,3,2,1.000000,1.000000,50,3,50,0,1,1,1,4,55,1.000000
2104,223,224,228,258,328,0,2,3,4,4.000000,5.000000,24,4,28,0,2,2,1,5,35,1.166667
2105,223,231,238,313,385,0,7,3,4,0.000000,4.000000,59,7,71,0,4,4,8,15,90,1.203390
2106,223,258,258,296,282,0,0,3,-1,-1.000000,-1.000000,36,0,38,0,0,0,35,35,73,1.055556
2107,223,253,255,327,269,1,1,3,3,5.000000,5.000000,61,2,69,0,3,3,30,32,104,1.131148
2108,223,229,231,288,66,0,2,4,3,1.000000,2.000000,49,2,55,0,2,2,6,8,65,1.122449
2109,223,224,226,304,34,0,2,4,4,0.000000,1.000000,75,2,77,0,1,1,1,3,81,1.026667
2110,224,226,226,300,323,0,0,4,-1,-1.000000,-1.000000,63,0,73,0,1,1,2,2,76,1.158730
2111,224,246,256,296,321,2,5,3,2,2.000000,2.000000,28,10,38,0,2,2,22,32,72,1.357143
2112,224,234,262,287,246,0,3,3,4,0.000000,3.000000,19,2,25,0,0,0,10,38,63,1.315789
2113,224,236,289,359,294,0,3,2,3,0.000000,2.000000,63,2,69,0,1,1,12,65,135,1.095238
2114,224,225,228,271,144,0,3,2,3,0.000000,0.000000,42,3,42,0,1,1,1,4,47,1.000000
2115,225,236,237,276,264,0,1,2,2,4.000000,4.000000,35,1,37,0,2,2,11,12,51,1.057143
2116,225,226,238,263,343,0,3,4,3,2.000000,7.000000,25,11,25,1,0,1,1,13,38,1.000000
2117,225,239,259,325,16,0,5,4,4,1.000000,5.000000,60,3,64,0,2,2,14,34,100,1.066667
2118,225,251,258,303,321,1,1,3,3,4.000000,4.000000,39,6,43,1,2,3,26,33,78,1.102564
2119,225,246,283,343,352,2,9,2,3,3.000000,5.000000,52,7,60,3,0,3,21,58,118,1.153846
2120,225,228,231,269,199,0,3,3,3,0.000000,5.000000,30,3,36,0,2,2,3,6,44,1.200000
2121,225,230,232,265,325,0,2,3,3,0.000000,6.000000,32,2,32,0,1,1,5,7,40,1.000000
2122,225,260,260,323,137,0,0,3,-1,-1.000000,-1.000000,63,0,63,0,0,0,35,35,98,1.000000
2123,225,256,257,303,334,0,1,3,3,2.000000,2.000000,36,1,40,0,6,6,31,32,78,1.111111
2124,225,249,403,471,153,1,4,2,3,2.000000,5.000000,59,11,63,0,5,5,24,178,246,1.067797
2125,226,255,258,319,244,0,3,3,3,0.000000,2.000000,57,3,59,0,2,2,29,32,93,1.035088
2126,226,315,327,420,133,2,13,1,4,0.000000,2.000000,88,12,90,0,3,3,89,101,194,1.022727
2127,226,240,245,278,312,0,5,3,3,0.000000,2.000000,29,5,33,0,0,0,14,19,52,1.137931
2128,226,234,268,338,354,0,4,3,4,0.000000,3.000000,65,5,67,0,3,3,8,42,112,1.030769
2129,226,235,236,272,258,0,1,3,3,0.000000,2.000000,33,1,35,0,1,1,9,10,46,1.060606
2130,227,237,250,303,155,0,14,4,3,0.000000,2.000000,48,3,52,0,1,1,10,23,76,1.083333
2131,227,228,229,248,29,0,1,4,4,3.000000,5.000000,19,1,19,0,0,0,1,2,21,1.000000
2132,227,250,262,349,237,0,8,4,3,0.000000,0.000000,73,12,87,0,0,0,23,35,122,1.191781
2133,227,228,231,266,224,0,3,2,3,1.000000,4.000000,34,3,34,0,1,1,1,4,39,1.000000
2134,227,271,274,351,24,0,1,2,2,4.000000,4.000000,70,3,74,0,3,3,44,47,124,1.057143
2135,227,241,244,302,46,0,3,3,4,1.000000,2.000000,49,3,57,0,1,1,14,17,75,1.163265
2136,227,262,273,330,384,0,10,2,3,0.000000,2.000000,52,5,54,0,3,3,35,46,103,1.038462
2137,227,348,348,464,303,0,0,2,-1,-1.000000,-1.000000,105,0,113,0,3,3,121,121,237,1.076190
2138,227,228,230,284,19,0,2,3,4,0.000000,5.000000,52,2,52,0,2,2,1,3,57,1.000000
2139,227,246,250,285,12,0,3,3,4,0.000000,1.000000,27,3,33,1,2,3,19,23,58,1.222222
2140,228,259,260,302,73,0,1,4,4,4.000000,9.000000,38,1,40,0,2,2,31,32,74,1.052632
2141,228,229,230,287,96,0,1,2,2,0.000000,0.000000,48,1,56,0,1,1,1,2,59,1.166667
2142,228,229,233,263,394,0,4,3,2,2.000000,2.000000,30,4,30,0,0,0,1,5,35,1.000000
2143,228,229,240,281,375,0,2,4,3,0.000000,5.000000,37,3,37,0,4,4,1,12,53,1.000000
2144,228,231,252,314,154,1,9,4,2,2.000000,4.000000,47,8,61,1,1,2,3,24,86,1.297872
2145,228,229,235,298,332,0,6,2,4,1.000000,1.000000,56,6,62,0,1,1,1,7,70,1.107143
2146,229,368,368,428,223,0,0,3,-1,-1.000000,-1.000000,58,0,60,0,0,0,139,139,199,1.034483
2147,229,230,233,259,10,1,8,3,3,0.000000,3.000000,21,3,25,0,1,1,1,4,30,1.190476
2148,229,271,292,366,215,0,4,3,2,0.000000,0.000000,70,1,72,0,2,2,42,63,137,1.028571
2149,229,230,232,312,295,0,2,3,4,0.000000,4.000000,75,2,77,0,3,3,1,3,83,1.026667
2150,229,230,230,309,128,0,0,4,-1,-1.000000,-1.000000,73,0,77,0,2,2,1,1,80,1.054795
2151,229,230,232,293,126,0,1,3,3,0.000000,6.000000,60,1,60,1,1,2,1,3,64,1.000000
2152,229,285,344,406,311,0,4,3,4,0.000000,5.000000,53,7,59,0,3,3,56,115,177,1.113208
2153,230,239,254,340,160,0,2,3,3,0.000000,3.000000,68,1,84,0,2,2,9,24,110,1.235294
2154,230,231,231,271,375,0,0,4,-1,-1.000000,-1.000000,36,0,38,0,2,2,1,1,41,1.055556
2155,230,258,258,307,21,0,0,4,-1,-1.000000,-1.000000,43,0,45,0,4,4,28,28,77,1.046512
2156,230,236,237,267,231,0,1,3,3,4.000000,7.000000,30,1,30,0,0,0,6,7,37,1.000000
2157,231,268,269,343,275,0,1,3,3,1.000000,1.000000,72,1,72,0,2,2,37,38,112,1.000000
2158,231,273,299,384,72,0,6,3,4,0.000000,6.000000,77,2,81,0,4,4,42,68,153,1.051948
2159,231,235,241,310,240,0,6,1,4,1.000000,2.000000,61,6,69,0,0,0,4,10,79,1.131148
2160,231,260,267,301,359,0,5,3,3,0.000000,2.000000,25,7,33,0,1,1,29,36,70,1.320000
2161,232,495,619,679,348,0,3,3,4,2.000000,4.000000,56,1,58,1,2,3,263,387,447,1.035714
2162,232,244,245,309,327,0,1,4,4,0.000000,4.000000,54,1,64,0,0,0,12,13,77,1.185185
2163,232,252,301,391,208,0,9,1,4,0.000000,2.000000,78,7,90,0,0,0,20,69,159,1.153846
2164,232,233,244,294,148,0,7,3,3,5.000000,5.000000,48,6,50,0,0,0,1,12,62,1.041667
2165,233,255,256,356,142,0,1,3,3,4.000000,4.000000,66,1,100,0,0,0,22,23,123,1.515152
2166,233,242,245,328,164,0,3,2,3,0.000000,5.000000,63,3,83,0,0,0,9,12,95,1.317460
2167,233,234,297,345,127,0,4,4,3,6.000000,6.000000,45,7,47,1,1,2,1,64,112,1.044444
2168,234,235,236,327,251,0,1,3,3,1.000000,1.000000,69,1,91,0,0,0,1,2,93,1.318841
2169,234,303,303,332,51,0,0,3,-1,-1.000000,-1.000000,23,0,27,0,2,2,69,69,98,1.173913
2170,234,240,286,309,108,1,4,3,2,0.000000,4.000000,18,12,22,0,1,1,6,52,75,1.222222
2171,234,237,237,260,288,0,0,3,-1,-1.000000,-1.000000,23,0,23,0,0,0,3,3,26,1.000000
2172,235,239,241,294,345,1,6,4,4,3.000000,5.000000,42,2,52,0,1,1,4,6,59,1.238095
2173,235,237,238,257,362,0,1,2,2,0.000000,1.000000,15,1,17,0,2,2,2,3,22,1.133333
2174,235,236,238,311,354,0,2,3,3,0.000000,4.000000,61,2,71,0,2,2,1,3,76,1.163934
2175,235,236,243,328,120,0,4,2,3,0.000000,5.000000,77,5,83,1,2,3,1,8,93,1.077922
2176,235,236,242,259,154,0,2,3,4,5.000000,7.000000,17,6,17,0,0,0,1,7,24,1.000000
2177,235,240,240,291,188,0,0,3,-1,-1.000000,-1.000000,42,0,50,0,1,1,5,5,56,1.190476
2178,236,243,251,270,54,0,6,2,4,2.000000,4.000000,15,8,19,0,0,0,7,15,34,1.266667
2179,236,294,298,381,314,0,4,3,4,0.000000,2.000000,71,4,79,0,4,4,58,62,145,1.112676
2180,236,243,250,292,71,0,5,3,3,0.000000,5.000000,34,7,40,0,2,2,7,14,56,1.176471
2181,236,241,246,370,196,1,10,4,3,1.000000,3.000000,107,5,121,0,3,3,5,10,134,1.130841
2182,236,267,271,343,267,0,4,4,4,0.000000,2.000000,60,4,72,0,0,0,31,35,107,1.200000
2183,236,239,241,295,226,0,2,2,4,0.000000,4.000000,53,2,53,0,1,1,3,5,59,1.000000
2184,237,238,239,290,148,0,1,4,4,3.000000,8.000000,46,1,50,0,1,1,1,2,53,1.086957
2185,237,336,340,391,289,0,4,2,3,1.000000,1.000000,49,4,49,0,2,2,99,103,154,1.000000
2186,237,238,242,316,155,0,4,3,3,0.000000,4.000000,68,4,72,0,2,2,1,5,79,1.058824
2187,237,247,248,296,220,0,1,1,1,0.000000,0.000000,44,1,46,0,2,2,10,11,59,1.045455
2188,238,242,244,302,26,0,2,3,3,0.000000,4.000000,55,2,57,0,1,1,4,6,64,1.036364
2189,238,242,271,338,196,0,12,2,4,0.000000,2.000000,65,21,65,2,2,4,4,33,100,1.000000
2190,238,259,265,306,285,0,3,4,4,3.000000,4.000000,38,5,40,1,1,2,21,27,68,1.052632
2191,238,257,269,337,333,0,6,2,4,2.000000,5.000000,60,5,66,0,2,2,19,31,99,1.100000
2192,238,244,244,315,273,0,0,4,-1,-1.000000,-1.000000,66,0,70,0,1,1,6,6,77,1.060606
2193,238,240,255,312,120,0,6,4,3,4.000000,6.000000,36,6,56,0,1,1,2,17,74,1.555556
2194,238,274,284,383,255,0,7,3,3,1.000000,3.000000,82,9,98,1,1,2,36,46,145,1.195122
2195,238,288,291,365,225,0,3,3,2,4.000000,4.000000,66,3,72,0,2,2,50,53,127,1.090909
2196,238,243,253,310,143,0,9,3,3,1.000000,1.000000,44,9,56,1,1,2,5,15,72,1.272727
2197,239,243,244,331,368,0,1,3,3,0.000000,5.000000,80,1,86,0,1,1,4,5,92,1.075000
2198,239,241,247,282,335,0,2,4,3,0.000000,2.000000,35,4,35,2,0,2,2,8,43,1.000000
2199,239,240,245,257,93,1,1,4,4,1.000000,4.000000,10,4,12,1,0,1,1,6,18,1.200000
2200,239,240,240,293,294,0,0,3,-1,-1.000000,-1.000000,51,0,53,0,0,0,1,1,54,1.039216
2201,239,248,248,274,14,0,0,1,-1,-1.000000,-1.000000,26,0,26,0,0,0,9,9,35,1.000000
2202,239,253,316,325,157,0,7,3,4,1.000000,2.000000,7,18,9,1,0,1,14,77,86,1.285714
2203,239,240,242,307,127,0,2,4,4,3.000000,8.000000,60,2,62,0,3,3,1,3,68,1.033333
2204,239,333,333,393,50,0,0,1,-1,-1.000000,-1.000000,57,0,59,0,1,1,94,94,154,1.035088
2205,239,286,296,376,345,0,5,3,3,1.000000,2.000000,65,9,79,1,1,2,47,57,137,1.215385
2206,240,243,247,310,227,0,4,3,4,0.000000,2.000000,61,4,61,0,2,2,3,7,70,1.000000
2207,240,250,261,277,171,1,5,3,3,2.000000,3.000000,16,9,16,1,0,1,10,21,37,1.000000
2208,240,305,326,338,34,1,3,4,4,1.000000,9.000000,10,10,10,2,2,4,65,86,98,1.000000
2209,240,250,255,318,230,0,5,3,4,0.000000,5.000000,59,5,61,0,2,2,10,15,78,1.033898
2210,240,241,244,287,225,0,2,3,2,0.000000,1.000000,39,2,43,1,0,1,1,4,47,1.102564
2211,240,250,255,305,357,0,5,4,4,0.000000,0.000000,37,5,47,0,3,3,10,15,65,1.270270
2212,240,253,253,284,311,0,0,3,-1,-1.000000,-1.000000,25,0,31,0,0,0,13,13,44,1.240000
2213,240,276,287,320,256,0,5,4,3,5.000000,5.000000,29,2,31,0,2,2,36,47,80,1.068966
2214,240,277,298,371,299,3,6,4,3,2.000000,2.000000,55,16,71,0,2,2,37,58,131,1.290909
2215,241,258,265,350,383,2,7,4,3,0.000000,1.000000,74,7,82,0,3,3,17,24,109,1.108108
2216,241,253,259,314,73,1,5,2,3,3.000000,3.000000,41,5,53,1,2,3,12,18,73,1.292683
2217,241,248,248,298,18,0,0,4,-1,-1.000000,-1.000000,50,0,50,0,0,0,7,7,57,1.000000
2218,242,258,260,304,362,0,2,4,4,0.000000,2.000000,30,2,40,0,4,4,16,18,62,1.333333
2219,242,244,262,313,60,0,3,3,3,0.000000,2.000000,43,11,51,2,0,2,2,20,71,1.186047
2220,242,243,251,269,108,0,5,2,4,1.000000,3.000000,16,6,18,1,0,1,1,9,27,1.125000
2221,242,265,266,287,254,0,1,4,4,2.000000,7.000000,18,1,20,0,1,1,23,24,45,1.111111
2222,242,243,251,308,300,0,3,3,4,1.000000,4.000000,54,5,56,3,1,4,1,9,66,1.037037
2223,242,251,262,306,210,0,3,2,2,4.000000,4.000000,41,11,41,0,3,3,9,20,64,1.000000
2224,242,339,342,386,302,0,3,2,2,2.000000,2.000000,40,3,42,0,2,2,97,100,144,1.050000
2225,242,255,299,319,372,0,4,4,4,4.000000,5.000000,20,6,20,1,0,1,13,57,77,1.000000
2226,242,255,259,275,256,0,4,4,4,0.000000,5.000000,11,4,15,0,1,1,13,17,33,1.363636
2227,242,243,258,290,47,0,7,3,4,0.000000,2.000000,21,15,31,0,1,1,1,16,48,1.476190
2228,242,258,258,312,399,0,0,2,-1,-1.000000,-1.000000,47,0,53,0,1,1,16,16,70,1.127660
2229,243,244,249,318,321,1,3,4,4,0.000000,3.000000,56,4,66,1,3,4,1,6,75,1.178571
2230,243,288,354,435,219,2,6,3,3,4.000000,6.000000,80,24,80,3,1,4,45,111,192,1.000000
2231,243,244,247,291,156,0,3,2,4,0.000000,3.000000,41,3,43,0,1,1,1,4,48,1.048780
2232,243,397,397,465,139,0,0,3,-1,-1.000000,-1.000000,55,0,65,0,3,3,154,154,222,1.181818
2233,243,263,275,342,384,0,7,3,3,0.000000,2.000000,63,7,65,0,2,2,20,32,99,1.031746
2234,243,287,572,590,182,0,4,4,3,0.000000,5.000000,18,20,18,4,0,4,44,329,347,1.000000
2235,243,354,364,419,277,0,6,4,4,0.000000,4.000000,50,9,54,0,1,1,111,121,176,1.080000
2236,244,246,250,328,393,0,4,4,3,0.000000,4.000000,67,4,77,0,1,1,2,6,84,1.149254
2237,244,311,327,427,63,2,10,4,2,0.000000,3.000000,93,16,95,0,5,5,67,83,183,1.021505
2238,245,264,264,344,293,0,0,2,-1,-1.000000,-1.000000,65,0,77,0,3,3,19,19,99,1.184615
2239,245,256,260,291,381,0,3,4,3,2.000000,4.000000,31,3,31,1,0,1,11,15,46,1.000000
2240,245,299,304,379,332,1,4,3,3,0.000000,1.000000,66,4,74,0,1,1,54,59,134,1.121212
2241,245,673,673,768,292,0,0,1,-1,-1.000000,-1.000000,79,0,95,0,0,0,428,428,523,1.202532
2242,245,246,247,268,196,0,1,3,3,2.000000,2.000000,19,1,21,0,0,0,1,2,23,1.105263
2243,245,246,254,263,151,0,8,3,4,0.000000,6.000000,9,8,9,0,0,0,1,9,18,1.000000
2244,245,261,265,341,288,0,4,3,4,0.000000,1.000000,60,4,76,0,0,0,16,20,96,1.266667
2245,245,273,273,326,169,0,0,4,-1,-1.000000,-1.000000,48,0,52,0,1,1,28,28,81,1.083333
2246,245,339,345,395,160,1,5,3,3,6.000000,6.000000,49,5,49,1,1,2,94,100,150,1.000000
2247,245,298,302,379,326,1,3,4,3,0.000000,2.000000,62,4,74,0,3,3,53,57,134,1.193548
2248,245,249,252,269,31,0,3,4,3,0.000000,4.000000,14,3,16,0,1,1,4,7,24,1.142857
2249,246,261,261,318,317,0,0,4,-1,-1.000000,-1.000000,51,0,57,0,0,0,15,15,72,1.117647
2250,246,252,252,314,186,0,0,3,-1,-1.000000,-1.000000,49,0,61,0,1,1,6,6,68,1.244898
2251,247,254,258,325,193,0,4,3,3,0.000000,1.000000,60,4,66,0,1,1,7,11,78,1.100000
2252,247,252,258,304,244,1,6,3,4,1.000000,2.000000,41,6,45,0,1,1,5,11,57,1.097561
2253,247,268,268,316,136,0,0,3,-1,-1.000000,-1.000000,45,0,47,0,1,1,21,21,69,1.044444
2254,247,272,299,383,370,3,6,1,4,1.000000,5.000000,64,18,84,1,0,1,25,52,136,1.312500
2255,247,300,302,349,326,0,2,3,4,0.000000,4.000000,37,2,45,0,2,2,53,55,102,1.216216
2256,247,308,308,398,130,0,0,1,-1,-1.000000,-1.000000,81,0,89,0,1,1,61,61,151,1.098765
2257,247,260,270,274,387,1,12,4,4,2.000000,2.000000,4,10,4,0,0,0,13,23,27,1.000000
2258,247,259,352,377,333,0,6,4,3,0.000000,2.000000,25,4,25,0,0,0,12,105,130,1.000000
2259,248,250,252,314,7,0,2,2,4,5.000000,7.000000,59,2,61,0,1,1,2,4,66,1.033898
2260,248,271,273,366,0,0,2,3,4,1.000000,2.000000,85,1,91,0,2,2,23,25,118,1.070588
2261,248,269,271,349,301,0,2,3,4,0.000000,4.000000,65,2,77,0,1,1,21,23,101,1.184615
2262,248,256,260,306,163,0,4,2,3,0.000000,4.000000,40,4,44,0,2,2,8,12,58,1.100000
2263,248,255,265,339,211,2,9,4,2,2.000000,2.000000,64,9,72,1,2,3,7,17,91,1.125000
2264,248,249,249,292,68,0,0,3,-1,-1.000000,-1.000000,39,0,43,0,0,0,1,1,44,1.102564
2265,249,264,265,303,257,0,1,3,3,4.000000,8.000000,31,1,33,0,5,5,15,16,54,1.064516
2266,249,263,267,318,22,0,4,4,4,0.000000,4.000000,41,4,49,0,2,2,14,18,69,1.195122
2267,249,272,279,315,62,0,3,2,2,3.000000,3.000000,22,7,34,0,2,2,23,30,66,1.545455
2268,249,267,267,296,224,0,0,3,-1,-1.000000,-1.000000,23,0,29,0,0,0,18,18,47,1.260870
2269,249,253,256,322,236,0,3,3,3,0.000000,2.000000,59,3,65,0,1,1,4,7,73,1.101695
2270,249,269,271,297,93,0,2,3,3,5.000000,5.000000,23,2,25,0,1,1,20,22,48,1.086957
2271,249,256,261,277,133,1,5,3,3,1.000000,2.000000,16,5,16,0,0,0,7,12,28,1.000000
2272,249,259,261,282,316,0,2,4,4,4.000000,4.000000,20,2,20,0,1,1,10,12,33,1.000000
2273,249,250,270,323,326,1,8,3,4,1.000000,5.000000,39,18,51,1,2,3,1,21,74,1.307692
2274,249,274,275,280,396,0,1,3,3,0.000000,3.000000,5,1,5,0,0,0,25,26,31,1.000000
2275,249,250,252,287,245,0,2,3,3,0.000000,4.000000,27,2,33,0,2,2,1,3,38,1.222222
2276,250,258,258,330,344,0,0,4,-1,-1.000000,-1.000000,69,0,69,0,3,3,8,8,80,1.000000
2277,250,251,268,292,56,0,10,4,3,4.000000,5.000000,24,9,24,0,0,0,1,18,42,1.000000
2278,251,252,252,277,366,0,0,3,-1,-1.000000,-1.000000,23,0,25,0,0,0,1,1,26,1.086957
2279,251,252,252,284,352,0,0,3,-1,-1.000000,-1.000000,28,0,28,0,4,4,1,1,33,1.000000
2280,251,257,262,303,122,0,11,4,3,1.000000,1.000000,32,3,40,0,1,1,6,11,52,1.250000
2281,251,312,394,462,158,0,11,1,2,0.000000,1.000000,60,1,68,1,0,1,61,143,211,1.133333
2282,252,256,307,338,38,0,4,3,3,0.000000,2.000000,29,4,29,0,2,2,4,55,86,1.000000
2283,252,276,279,378,16,0,3,3,3,0.000000,1.000000,88,3,96,0,3,3,24,27,126,1.090909
2284,252,253,255,294,60,0,2,4,3,5.000000,5.000000,37,2,37,0,2,2,1,3,42,1.000000
2285,252,260,261,301,329,0,1,4,4,0.000000,4.000000,26,1,38,0,2,2,8,9,49,1.461538
2286,252,253,263,329,56,0,4,2,3,4.000000,5.000000,49,10,63,0,3,3,1,11,77,1.285714
2287,252,253,261,301,286,0,4,4,2,2.000000,2.000000,40,8,40,0,0,0,1,9,49,1.000000
2288,252,259,266,283,324,0,7,3,3,2.000000,3.000000,9,7,17,0,0,0,7,14,31,1.888889
2289,252,271,273,332,349,0,2,3,4,1.000000,3.000000,55,2,59,0,0,0,19,21,80,1.072727
2290,253,266,267,343,243,0,1,3,3,0.000000,2.000000,63,1,75,0,1,1,13,14,90,1.190476
2291,253,272,350,418,109,0,9,3,3,1.000000,4.000000,62,6,66,1,2,3,19,97,165,1.064516
2292,253,264,264,315,218,0,0,4,-1,-1.000000,-1.000000,35,0,51,0,0,0,11,11,62,1.457143
2293,253,318,318,390,231,0,0,3,-1,-1.000000,-1.000000,66,0,68,0,4,4,65,65,137,1.030303
2294,254,308,310,358,384,0,2,3,4,0.000000,3.000000,43,2,47,0,1,1,54,56,104,1.093023
2295,254,256,261,306,279,0,5,1,4,0.000000,9.000000,35,5,43,0,2,2,2,7,52,1.228571
2296,254,263,287,354,299,2,6,3,3,0.000000,2.000000,57,20,61,4,6,10,9,33,100,1.070175
2297,254,347,351,396,375,0,4,3,3,0.000000,4.000000,38,4,42,0,3,3,93,97,142,1.105263
2298,254,255,259,361,208,0,4,3,4,1.000000,4.000000,86,4,102,0,0,0,1,5,107,1.186047
2299,254,259,268,328,379,1,11,3,4,0.000000,3.000000,56,4,58,0,2,2,5,14,74,1.035714
2300,254,293,321,372,365,3,24,3,3,4.000000,4.000000,49,15,49,1,2,3,39,67,118,1.000000
2301,254,338,341,373,302,1,4,3,4,3.000000,5.000000,16,3,30,0,2,2,84,87,119,1.875000
2302,255,256,256,305,372,0,0,3,-1,-1.000000,-1.000000,41,0,47,0,2,2,1,1,50,1.146341
2303,255,267,270,302,229,0,3,4,4,0.000000,3.000000,32,3,32,0,0,0,12,15,47,1.000000
2304,255,270,271,353,199,0,1,4,4,0.000000,4.000000,62,1,80,0,2,2,15,16,98,1.290323
2305,255,350,356,391,73,0,6,2,3,4.000000,4.000000,31,6,33,0,2,2,95,101,136,1.064516
2306,255,267,267,303,161,0,0,4,-1,-1.000000,-1.000000,35,0,35,0,1,1,12,12,48,1.000000
2307,255,277,277,357,5,0,0,2,-1,-1.000000,-1.000000,68,0,80,0,0,0,22,22,102,1.176471
2308,256,284,284,334,324,0,0,3,-1,-1.000000,-1.000000,46,0,48,0,2,2,28,28,78,1.043478
2309,256,281,287,354,149,1,4,3,3,4.000000,4.000000,56,3,66,1,1,2,25,31,98,1.178571
2310,256,270,270,328,9,0,0,3,-1,-1.000000,-1.000000,48,0,56,0,2,2,14,14,72,1.166667
2311,257,345,346,397,43,0,1,4,4,2.000000,4.000000,42,1,48,0,3,3,88,89,140,1.142857
2312,257,258,259,307,38,0,1,3,3,0.000000,3.000000,42,1,48,0,0,0,1,2,50,1.142857
2313,257,258,267,357,266,0,9,2,3,0.000000,2.000000,77,9,89,0,1,1,1,10,100,1.155844
2314,257,258,259,293,157,0,1,4,4,0.000000,1.000000,32,1,32,0,2,2,1,2,36,1.000000
2315,257,286,341,385,311,0,6,3,4,0.000000,4.000000,42,3,44,1,0,1,29,84,128,1.047619
2316,257,258,258,371,33,0,0,2,-1,-1.000000,-1.000000,89,0,113,0,0,0,1,1,114,1.269663
2317,257,275,278,364,313,0,3,3,4,1.000000,3.000000,81,3,85,0,1,1,18,21,107,1.049383
2318,257,258,268,307,122,1,6,4,4,1.000000,3.000000,36,10,38,0,1,1,1,11,50,1.055556
2319,257,341,342,388,170,0,1,2,2,2.000000,2.000000,36,1,42,0,4,4,84,85,131,1.166667
2320,257,258,259,313,92,0,1,4,4,0.000000,6.000000,51,1,53,0,1,1,1,2,56,1.039216
2321,257,274,288,324,389,0,8,3,4,4.000000,6.000000,34,1,34,0,2,2,17,31,67,1.000000
2322,257,277,277,336,318,0,0,4,-1,-1.000000,-1.000000,59,0,59,0,0,0,20,20,79,1.000000
2323,257,273,273,296,39,0,0,2,-1,-1.000000,-1.000000,20,0,22,0,1,1,16,16,39,1.100000
2324,258,262,276,346,299,1,10,2,3,0.000000,2.000000,65,9,69,0,1,1,4,18,88,1.061538
2325,258,259,261,323,297,1,3,2,3,0.000000,1.000000,54,1,60,1,2,3,1,3,65,1.111111
2326,258,282,282,370,202,0,0,4,-1,-1.000000,-1.000000,72,0,86,0,2,2,24,24,112,1.194444
2327,258,270,275,282,31,0,5,3,3,2.000000,4.000000,6,5,6,0,1,1,12,17,24,1.000000
2328,258,274,285,297,49,1,3,4,3,0.000000,2.000000,9,6,11,0,1,1,16,27,39,1.222222
2329,258,289,294,333,217,0,7,2,3,2.000000,3.000000,37,3,37,0,2,2,31,36,75,1.000000
2330,258,265,318,370,265,0,6,2,3,5.000000,5.000000,42,1,50,0,2,2,7,60,112,1.190476
2331,259,263,279,334,223,1,7,4,4,3.000000,5.000000,49,12,55,1,0,1,4,20,75,1.122449
2332,259,274,295,385,259,0,7,3,3,1.000000,2.000000,74,9,84,0,6,6,15,36,126,1.135135
2333,259,286,288,297,63,0,2,4,3,2.000000,5.000000,7,2,9,0,0,0,27,29,38,1.285714
2334,259,261,269,326,275,1,7,3,2,0.000000,1.000000,56,8,56,0,1,1,2,10,67,1.000000
2335,259,260,261,328,81,1,4,3,3,1.000000,4.000000,52,1,66,0,1,1,1,2,69,1.269231
2336,259,265,270,328,88,0,4,4,4,0.000000,7.000000,54,4,58,1,0,1,6,11,69,1.074074
2337,259,262,269,318,37,0,7,2,4,0.000000,6.000000,41,7,47,0,2,2,3,10,59,1.146341
2338,259,261,264,285,376,0,3,3,4,2.000000,2.000000,20,3,20,0,1,1,2,5,26,1.000000
2339,259,376,376,395,166,0,0,3,-1,-1.000000,-1.000000,16,0,18,0,1,1,117,117,136,1.125000
2340,259,264,285,343,263,0,4,4,4,1.000000,3.000000,53,2,55,1,3,4,5,26,84,1.037736
2341,259,262,267,306,233,0,5,4,4,0.000000,2.000000,36,5,38,0,1,1,3,8,47,1.055556
2342,260,297,297,347,119,0,0,2,-1,-1.000000,-1.000000,38,0,48,0,2,2,37,37,87,1.263158
2343,260,261,268,294,81,0,2,2,3,4.000000,4.000000,24,6,24,1,2,3,1,8,34,1.000000
2344,260,319,319,364,74,0,0,4,-1,-1.000000,-1.000000,43,0,45,0,0,0,59,59,104,1.046512
2345,260,261,264,321,306,0,3,4,3,0.000000,5.000000,54,3,56,0,1,1,1,4,61,1.037037
2346,260,270,276,296,0,1,6,3,3,0.000000,0.000000,18,6,20,0,0,0,10,16,36,1.111111
2347,260,263,273,331,78,0,7,2,3,4.000000,4.000000,49,2,55,1,3,4,3,13,71,1.122449
2348,260,262,426,469,333,0,3,2,4,3.000000,4.000000,38,6,42,0,1,1,2,166,209,1.105263
2349,260,296,299,376,331,0,3,3,4,0.000000,2.000000,69,1,77,0,0,0,36,39,116,1.115942
2350,260,261,263,312,153,0,2,3,3,2.000000,2.000000,44,2,46,0,3,3,1,3,52,1.045455
2351,261,271,273,286,54,0,2,2,4,0.000000,3.000000,11,2,13,0,0,0,10,12,25,1.181818
2352,261,262,271,299,141,0,9,4,3,0.000000,2.000000,27,9,27,0,1,1,1,10,38,1.000000
2353,261,275,308,368,363,0,8,2,3,2.000000,2.000000,59,11,59,2,1,3,14,47,107,1.000000
2354,261,319,320,359,55,0,1,3,3,0.000000,7.000000,34,1,38,0,1,1,58,59,98,1.117647
2355,261,273,326,368,258,0,2,2,4,1.000000,6.000000,40,1,40,0,2,2,12,65,107,1.000000
2356,261,264,273,325,115,0,2,4,4,2.000000,3.000000,47,3,51,0,1,1,3,12,64,1.085106
2357,262,414,418,502,132,0,3,3,2,0.000000,2.000000,82,2,84,0,0,0,152,156,240,1.024390
2358,262,283,290,294,335,0,4,2,4,5.000000,6.000000,4,6,4,1,0,1,21,28,32,1.000000
2359,262,273,276,318,74,0,3,3,4,0.000000,6.000000,28,3,40,0,2,2,11,14,56,1.428571
2360,262,271,283,337,348,0,8,2,2,0.000000,1.000000,54,4,54,0,0,0,9,21,75,1.000000
2361,263,275,281,340,299,1,6,3,3,1.000000,3.000000,50,6,58,0,1,1,12,18,77,1.160000
2362,263,281,289,343,396,0,7,3,4,2.000000,4.000000,46,7,52,1,2,3,18,26,80,1.130435
2363,263,281,287,307,363,1,5,3,3,0.000000,5.000000,20,6,20,0,0,0,18,24,44,1.000000
2364,263,292,293,371,188,0,1,2,2,0.000000,2.000000,78,1,78,0,0,0,29,30,108,1.000000
2365,263,266,269,325,303,1,4,4,4,3.000000,5.000000,53,3,55,0,1,1,3,6,62,1.037736
2366,263,264,264,325,151,0,0,4,-1,-1.000000,-1.000000,51,0,61,0,0,0,1,1,62,1.196078
2367,263,307,307,342,233,0,0,4,-1,-1.000000,-1.000000,29,0,35,0,0,0,44,44,79,1.206897
2368,263,264,266,309,122,0,2,3,4,0.000000,3.000000,42,2,42,0,1,1,1,3,46,1.000000
2369,264,265,265,317,296,0,0,3,-1,-1.000000,-1.000000,50,0,52,0,0,0,1,1,53,1.040000
2370,264,274,338,414,206,2,4,2,4,1.000000,1.000000,73,14,73,2,3,5,10,74,150,1.000000
2371,264,338,338,361,11,0,0,4,-1,-1.000000,-1.000000,23,0,23,0,0,0,74,74,97,1.000000
2372,264,283,284,335,172,0,1,4,4,4.000000,7.000000,47,1,51,0,0,0,19,20,71,1.085106
2373,265,268,269,323,231,1,1,2,2,3.000000,3.000000,49,1,51,0,3,3,3,4,58,1.040816
2374,265,279,280,333,312,0,1,4,4,0.000000,4.000000,49,1,53,0,0,0,14,15,68,1.081633
2375,265,266,286,321,265,0,5,3,4,0.000000,4.000000,32,12,32,1,3,4,1,21,56,1.000000
2376,265,283,286,350,355,0,3,2,4,0.000000,2.000000,63,3,63,0,1,1,18,21,85,1.000000
2377,265,266,270,327,263,0,4,4,4,0.000000,3.000000,52,4,56,0,1,1,1,5,62,1.076923
2378,265,266,273,339,78,0,2,4,3,1.000000,2.000000,60,6,64,1,2,3,1,8,74,1.066667
2379,265,266,267,295,223,0,1,4,4,0.000000,6.000000,24,1,26,0,2,2,1,2,30,1.083333
2380,266,267,283,335,241,0,5,4,4,5.000000,7.000000,48,5,52,0,0,0,1,17,69,1.083333
2381,266,270,271,314,108,0,1,4,4,0.000000,4.000000,42,1,42,0,1,1,4,5,48,1.000000
2382,266,289,290,366,356,0,1,4,4,3.000000,3.000000,71,1,75,0,1,1,23,24,100,1.056338
2383,266,313,322,358,153,2,9,3,3,2.000000,4.000000,36,9,36,0,0,0,47,56,92,1.000000
2384,266,297,315,355,261,0,5,3,4,1.000000,2.000000,34,1,40,0,0,0,31,49,89,1.176471
2385,266,273,275,317,49,0,2,3,3,1.000000,3.000000,35,1,39,0,3,3,7,9,51,1.114286
2386,266,272,286,341,67,1,8,3,4,0.000000,5.000000,47,12,53,2,2,4,6,20,75,1.127660
2387,266,267,270,271,43,0,3,4,2,2.000000,2.000000,1,3,1,0,0,0,1,4,5,1.000000
2388,267,282,285,349,363,0,3,2,3,0.000000,3.000000,52,3,62,0,2,2,15,18,82,1.192308
2389,267,329,330,392,9,0,1,1,1,0.000000,0.000000,49,1,59,0,3,3,62,63,125,1.204082
2390,267,270,280,311,44,4,14,4,3,1.000000,2.000000,24,8,30,2,1,3,3,13,44,1.250000
2391,267,269,275,330,231,1,6,3,4,1.000000,5.000000,49,6,55,0,0,0,2,8,63,1.122449
2392,267,315,346,400,173,2,11,4,3,0.000000,5.000000,52,8,54,2,0,2,48,79,133,1.038462
2393,268,269,269,347,303,0,0,3,-1,-1.000000,-1.000000,62,0,78,0,0,0,1,1,79,1.258065
2394,268,269,282,292,215,1,5,2,4,2.000000,2.000000,7,8,9,0,1,1,1,14,24,1.285714
2395,268,273,282,322,351,0,4,3,3,0.000000,3.000000,37,3,37,1,3,4,5,14,54,1.000000
2396,268,272,283,329,43,1,7,1,4,0.000000,2.000000,43,11,43,0,3,3,4,15,61,1.000000
2397,268,286,300,370,352,2,7,4,3,1.000000,6.000000,62,13,66,1,4,5,18,32,102,1.064516
2398,268,281,283,311,174,0,2,4,3,0.000000,4.000000,27,2,27,0,1,1,13,15,43,1.000000
2399,268,276,280,357,277,1,5,2,4,0.000000,3.000000,76,3,76,1,1,2,8,12,89,1.000000
2400,268,277,283,322,256,0,4,3,3,0.000000,3.000000,35,6,37,0,2,2,9,15,54,1.057143
2401,269,283,285,361,139,0,2,3,3,0.000000,1.000000,76,2,76,0,0,0,14,16,92,1.000000
2402,269,287,288,348,200,0,1,3,3,0.000000,1.000000,48,1,58,0,2,2,18,19,79,1.208333
2403,269,308,309,374,235,0,1,3,3,2.000000,3.000000,55,1,63,0,2,2,39,40,105,1.145455
2404,269,275,275,355,371,0,0,3,-1,-1.000000,-1.000000,79,0,79,0,1,1,6,6,86,1.000000
2405,269,271,279,303,124,0,7,4,4,2.000000,3.000000,22,7,22,1,2,3,2,10,34,1.000000
2406,269,272,272,331,265,0,0,3,-1,-1.000000,-1.000000,50,0,58,0,1,1,3,3,62,1.160000
2407,269,272,292,298,0,0,7,4,4,1.000000,1.000000,6,9,6,1,0,1,3,23,29,1.000000
2408,269,283,285,343,316,0,2,2,3,0.000000,1.000000,53,2,57,0,1,1,14,16,74,1.075472
2409,269,298,318,336,261,1,2,4,3,0.000000,3.000000,17,11,17,1,1,2,29,49,67,1.000000
2410,270,294,294,326,397,0,0,4,-1,-1.000000,-1.000000,30,0,32,0,0,0,24,24,56,1.066667
2411,270,278,283,383,299,0,7,4,2,2.000000,2.000000,97,3,97,0,3,3,8,13,113,1.000000
2412,270,272,273,312,338,0,1,4,4,0.000000,1.000000,31,1,39,0,0,0,2,3,42,1.258065
2413,270,350,351,418,326,0,1,3,3,0.000000,2.000000,58,1,66,0,1,1,80,81,148,1.137931
2414,270,289,292,314,173,0,3,4,3,1.000000,4.000000,21,3,21,0,1,1,19,22,44,1.000000
2415,270,272,275,288,112,1,5,3,2,0.000000,0.000000,8,3,12,0,1,1,2,5,18,1.500000
2416,270,285,300,302,374,0,6,3,2,0.000000,3.000000,2,12,2,0,0,0,15,30,32,1.000000
2417,270,309,313,349,154,0,4,4,3,0.000000,3.000000,33,4,35,0,1,1,39,43,79,1.060606
2418,270,326,350,453,379,2,8,4,2,1.000000,1.000000,102,19,102,0,1,1,56,80,183,1.000000
2419,271,272,281,317,320,0,6,3,3,0.000000,4.000000,34,8,36,0,0,0,1,10,46,1.058824
2420,271,272,277,313,144,1,5,2,4,0.000000,1.000000,34,5,36,0,0,0,1,6,42,1.058824
2421,271,272,274,282,270,0,2,3,4,1.000000,3.000000,7,2,7,0,1,1,1,3,11,1.000000
2422,271,274,277,300,112,0,3,3,3,0.000000,4.000000,20,3,22,0,1,1,3,6,29,1.100000
2423,271,348,348,405,86,0,0,3,-1,-1.000000,-1.000000,54,0,56,0,1,1,77,77,134,1.037037
2424,271,287,287,344,280,0,0,3,-1,-1.000000,-1.000000,57,0,57,0,0,0,16,16,73,1.000000
2425,271,422,422,558,230,0,0,3,-1,-1.000000,-1.000000,116,0,136,0,0,0,151,151,287,1.172414
2426,271,272,272,301,239,0,0,3,-1,-1.000000,-1.000000,25,0,29,0,0,0,1,1,30,1.160000
2427,271,272,274,317,231,0,2,3,3,4.000000,4.000000,37,2,41,0,2,2,1,3,46,1.108108
2428,271,272,275,381,297,0,3,3,4,0.000000,4.000000,91,3,97,0,9,9,1,4,110,1.065934
2429,271,272,282,374,192,0,5,4,4,2.000000,5.000000,78,4,92,0,0,0,1,11,103,1.179487
2430,271,272,276,300,215,0,4,2,3,0.000000,0.000000,24,4,24,0,0,0,1,5,29,1.000000
2431,272,306,306,353,398,0,0,4,-1,-1.000000,-1.000000,39,0,47,0,0,0,34,34,81,1.205128
2432,272,273,273,287,97,0,0,3,-1,-1.000000,-1.000000,12,0,14,0,0,0,1,1,15,1.166667
2433,272,279,286,370,268,0,7,4,3,2.000000,4.000000,77,7,81,0,3,3,7,14,98,1.051948
2434,272,301,303,367,215,0,2,3,4,2.000000,3.000000,55,2,61,0,3,3,29,31,95,1.109091
2435,272,278,286,334,287,1,7,3,3,0.000000,6.000000,41,7,47,1,1,2,6,14,62,1.146341
2436,272,382,385,450,314,0,3,2,4,0.000000,3.000000,60,3,62,0,3,3,110,113,178,1.033333
2437,272,283,326,421,270,1,8,3,3,0.000000,3.000000,85,24,93,1,2,3,11,54,149,1.094118
2438,273,344,377,381,206,0,1,4,4,0.000000,6.000000,4,2,4,0,0,0,71,104,108,1.000000
2439,273,274,275,359,370,0,1,4,4,0.000000,4.000000,78,1,80,0,4,4,1,2,86,1.025641
2440,273,285,286,381,319,0,1,4,4,1.000000,2.000000,84,1,94,0,1,1,12,13,108,1.119048
2441,273,280,291,331,55,0,7,3,4,0.000000,4.000000,38,3,40,0,0,0,7,18,58,1.052632
2442,273,274,277,313,320,0,3,4,4,1.000000,3.000000,32,3,36,0,0,0,1,4,40,1.125000
2443,273,274,280,347,109,1,2,4,3,3.000000,3.000000,61,6,65,0,2,2,1,7,74,1.065574
2444,274,278,281,339,135,0,3,4,4,0.000000,4.000000,47,3,57,0,1,1,4,7,65,1.212766
2445,274,329,331,379,377,0,2,4,4,0.000000,4.000000,36,2,48,0,0,0,55,57,105,1.333333
2446,274,278,284,346,30,0,4,4,3,3.000000,3.000000,57,6,61,0,1,1,4,10,72,1.070175
2447,274,323,327,382,236,0,4,3,3,4.000000,4.000000,44,4,48,0,7,7,49,53,108,1.090909
2448,274,275,276,326,389,0,1,4,4,0.000000,5.000000,46,1,46,0,4,4,1,2,52,1.000000
2449,274,285,289,335,195,0,3,4,4,4.000000,4.000000,39,3,45,1,1,2,11,15,61,1.153846
2450,274,275,276,350,72,0,1,4,4,5.000000,5.000000,68,1,74,0,0,0,1,2,76,1.088235
2451,275,293,293,321,309,0,0,4,-1,-1.000000,-1.000000,24,0,28,0,0,0,18,18,46,1.166667
2452,275,276,277,287,192,0,1,4,4,1.000000,3.000000,10,1,10,0,0,0,1,2,12,1.000000
2453,275,320,323,383,131,0,1,2,2,4.000000,4.000000,56,3,60,0,0,0,45,48,108,1.071429
2454,276,277,277,295,351,0,0,4,-1,-1.000000,-1.000000,18,0,18,0,0,0,1,1,19,1.000000
2455,276,279,328,336,51,0,5,4,4,1.000000,5.000000,8,6,8,2,0,2,3,52,60,1.000000
2456,276,277,288,355,40,0,3,1,4,0.000000,1.000000,49,4,65,1,2,3,1,12,79,1.326531
2457,276,294,321,368,87,1,6,3,4,1.000000,1.000000,47,8,47,0,0,0,18,45,92,1.000000
2458,276,278,281,346,109,0,3,4,4,0.000000,6.000000,59,3,63,0,2,2,2,5,70,1.067797
2459,276,277,280,311,44,1,5,2,2,1.000000,4.000000,23,3,31,0,0,0,1,4,35,1.347826
2460,276,366,372,425,214,0,5,4,3,6.000000,6.000000,50,5,52,1,1,2,90,96,149,1.040000
2461,277,278,282,297,259,0,4,4,3,0.000000,1.000000,13,4,15,0,0,0,1,5,20,1.153846
2462,277,278,289,381,129,0,5,4,3,0.000000,2.000000,79,6,89,0,3,3,1,12,104,1.126582
2463,277,286,298,362,12,0,9,3,2,2.000000,2.000000,41,11,61,1,3,4,9,21,85,1.487805
2464,277,278,285,317,75,0,1,4,4,0.000000,4.000000,29,5,31,2,1,3,1,8,40,1.068966
2465,277,278,278,342,206,0,0,4,-1,-1.000000,-1.000000,51,0,61,0,3,3,1,1,65,1.196078
2466,277,304,306,391,80,0,2,3,3,0.000000,4.000000,81,2,83,0,2,2,27,29,114,1.024691
2467,277,291,291,314,47,0,0,3,-1,-1.000000,-1.000000,18,0,22,0,1,1,14,14,37,1.222222
2468,277,279,284,355,249,0,4,4,3,1.000000,4.000000,66,4,70,1,1,2,2,7,78,1.060606
2469,278,329,331,404,159,0,2,2,4,0.000000,3.000000,69,2,73,0,0,0,51,53,126,1.057971
2470,278,288,294,316,187,0,6,3,4,0.000000,1.000000,21,6,21,0,1,1,10,16,38,1.000000
2471,278,291,306,400,58,0,5,3,3,1.000000,3.000000,90,5,92,0,2,2,13,28,122,1.022222
2472,278,279,280,361,134,0,1,3,3,1.000000,1.000000,74,1,80,0,1,1,1,2,83,1.081081
2473,278,406,425,520,385,1,8,3,4,0.000000,4.000000,95,6,95,0,0,0,128,147,242,1.000000
2474,279,282,283,336,53,0,1,3,3,3.000000,3.000000,51,1,53,0,0,0,3,4,57,1.039216
2475,279,342,342,390,92,0,0,3,-1,-1.000000,-1.000000,44,0,46,0,2,2,63,63,111,1.045455
2476,279,314,363,417,126,6,1,3,3,1.000000,4.000000,48,13,52,1,2,3,35,84,138,1.083333
2477,279,684,686,806,332,0,2,2,2,0.000000,0.000000,107,2,119,0,1,1,405,407,527,1.112150
2478,279,302,303,336,261,0,1,3,3,0.000000,3.000000,30,1,32,0,1,1,23,24,57,1.066667
2479,279,280,280,365,299,0,0,3,-1,-1.000000,-1.000000,77,0,85,0,0,0,1,1,86,1.103896
2480,280,281,286,333,23,0,8,1,3,0.000000,5.000000,47,3,47,0,0,0,1,6,53,1.000000
2481,280,293,294,372,27,0,1,3,3,1.000000,1.000000,68,1,78,0,0,0,13,14,92,1.147059
2482,280,296,303,380,234,0,5,2,3,3.000000,3.000000,71,7,77,0,0,0,16,23,100,1.084507
2483,280,285,294,324,168,0,9,4,4,0.000000,4.000000,26,9,30,0,0,0,5,14,44,1.153846
2484,281,288,292,340,308,0,4,4,3,0.000000,3.000000,39,3,45,0,3,3,7,11,59,1.153846
2485,281,299,303,374,341,0,4,3,4,2.000000,3.000000,55,4,71,0,0,0,18,22,93,1.290909
2486,281,294,326,364,126,1,13,4,4,0.000000,8.000000,37,17,37,1,1,2,13,45,83,1.000000
2487,281,296,300,341,15,0,4,4,3,0.000000,0.000000,39,4,41,0,0,0,15,19,60,1.051282
2488,281,-1,-1,-1,-1,0,-1,-1,-1,-1.000000,-1.000000,95,0,0,0,0,0,-1,-1,-1,0.000000
2489,281,282,290,371,341,1,6,4,2,0.000000,1.000000,75,7,79,1,2,3,1,9,90,1.053333
2490,281,373,373,439,19,0,0,4,-1,-1.000000,-1.000000,59,0,65,0,1,1,92,92,158,1.101695
2491,281,345,346,421,293,0,1,2,2,0.000000,1.000000,69,1,75,0,0,0,64,65,140,1.086957
2492,281,282,291,318,55,0,6,3,4,3.000000,4.000000,23,8,25,1,2,3,1,10,37,1.086957
2493,281,282,283,319,23,0,1,2,2,2.000000,2.000000,36,1,36,0,0,0,1,2,38,1.000000
2494,282,286,315,362,209,4,7,4,3,0.000000,2.000000,40,6,46,1,1,2,4,33,80,1.150000
2495,282,283,284,315,129,0,1,2,2,1.000000,1.000000,31,1,31,0,0,0,1,2,33,1.000000
2496,282,301,312,377,322,2,12,3,3,1.000000,1.000000,65,10,65,1,0,1,19,30,95,1.000000
2497,282,288,296,310,262,0,5,3,2,0.000000,2.000000,14,7,14,1,0,1,6,14,28,1.000000
2498,282,342,344,396,287,0,2,3,4,0.000000,7.000000,45,2,51,0,1,1,60,62,114,1.133333
2499,282,283,285,346,165,0,2,3,3,0.000000,0.000000,44,2,60,0,1,1,1,3,64,1.363636
2500,282,401,402,465,356,0,1,4,4,2.000000,5.000000,55,1,61,0,2,2,119,120,183,1.109091
2501,282,469,472,551,114,0,3,3,4,0.000000,7.000000,63,3,77,0,2,2,187,190,269,1.222222
2502,282,372,372,383,254,0,0,3,-1,-1.000000,-1.000000,11,0,11,0,0,0,90,90,101,1.000000
2503,282,287,288,348,361,0,1,4,4,0.000000,5.000000,55,1,57,0,3,3,5,6,66,1.036364
2504,283,293,302,335,209,0,4,3,4,0.000000,8.000000,29,8,33,1,0,1,10,19,52,1.137931
2505,283,284,284,302,51,0,0,3,-1,-1.000000,-1.000000,16,0,16,0,2,2,1,1,19,1.000000
2506,283,314,316,346,320,0,2,3,3,0.000000,5.000000,24,2,28,0,2,2,31,33,63,1.166667
2507,283,558,558,620,150,0,0,4,-1,-1.000000,-1.000000,60,0,62,0,0,0,275,275,337,1.033333
2508,283,289,293,333,390,1,5,4,3,0.000000,3.000000,37,3,39,1,1,2,6,10,50,1.054054
2509,284,296,300,349,69,0,3,3,4,0.000000,4.000000,41,3,45,1,4,5,12,16,65,1.097561
2510,284,316,319,371,198,1,1,4,4,1.000000,6.000000,40,2,48,1,4,5,32,35,87,1.200000
2511,284,285,293,327,352,1,9,4,4,0.000000,6.000000,26,6,32,0,2,2,1,9,43,1.230769
2512,284,291,295,314,148,0,4,3,3,0.000000,3.000000,17,4,19,0,0,0,7,11,30,1.117647
2513,284,290,298,321,125,0,6,4,2,2.000000,2.000000,20,8,22,0,1,1,6,14,37,1.100000
2514,284,285,286,336,61,0,1,4,4,1.000000,3.000000,41,1,49,0,1,1,1,2,52,1.195122
2515,284,370,371,387,294,0,1,3,3,1.000000,3.000000,16,1,16,0,0,0,86,87,103,1.000000
2516,284,426,475,558,295,0,8,4,3,0.000000,4.000000,72,8,80,0,3,3,142,191,274,1.111111
2517,284,285,299,387,85,0,5,3,3,1.000000,2.000000,76,6,86,0,2,2,1,15,103,1.131579
2518,284,357,357,378,218,0,0,2,-1,-1.000000,-1.000000,17,0,21,0,0,0,73,73,94,1.235294
2519,285,286,287,339,14,0,1,2,2,0.000000,3.000000,47,1,51,0,1,1,1,2,54,1.085106
2520,285,287,288,306,152,0,1,4,4,0.000000,4.000000,17,1,17,0,1,1,2,3,21,1.000000
2521,285,287,414,444,54,0,5,4,4,0.000000,5.000000,28,2,30,0,0,0,2,129,159,1.071429
2522,285,339,343,362,394,0,4,3,3,1.000000,1.000000,18,4,18,0,1,1,54,58,77,1.000000
2523,285,289,306,374,66,0,13,4,4,0.000000,5.000000,57,3,67,0,1,1,4,21,89,1.175439
2524,286,324,324,382,7,0,0,4,-1,-1.000000,-1.000000,42,0,52,0,6,6,38,38,96,1.238095
2525,286,310,310,401,122,0,0,3,-1,-1.000000,-1.000000,87,0,89,0,2,2,24,24,115,1.022989
2526,286,287,293,340,209,1,5,4,4,2.000000,5.000000,45,6,47,0,0,0,1,7,54,1.044444
2527,286,290,292,344,346,0,2,3,3,0.000000,4.000000,44,2,52,0,0,0,4,6,58,1.181818
2528,286,316,321,354,284,0,4,4,3,1.000000,4.000000,31,4,33,1,0,1,30,35,68,1.064516
2529,286,287,300,375,44,0,10,2,2,0.000000,2.000000,68,11,74,1,1,2,1,14,89,1.088235
2530,286,296,303,358,36,0,7,4,4,0.000000,4.000000,51,6,51,0,4,4,10,17,72,1.000000
2531,286,287,290,362,270,0,3,3,3,1.000000,3.000000,62,3,70,0,2,2,1,4,76,1.129032
2532,286,313,314,403,399,0,1,4,4,2.000000,6.000000,80,1,88,0,1,1,27,28,117,1.100000
2533,286,293,300,380,191,0,4,3,2,0.000000,3.000000,74,6,80,1,0,1,7,14,94,1.081081
2534,286,489,490,561,161,0,1,4,4,2.000000,4.000000,59,1,67,0,4,4,203,204,275,1.135593
2535,287,301,301,366,54,0,0,2,-1,-1.000000,-1.000000,61,0,63,0,2,2,14,14,79,1.032787
2536,287,293,299,328,68,0,5,4,2,4.000000,4.000000,24,5,28,1,1,2,6,12,41,1.166667
2537,287,328,352,446,377,0,3,2,3,0.000000,3.000000,90,2,92,0,2,2,41,65,159,1.022222
2538,287,290,302,334,365,1,18,3,3,5.000000,5.000000,30,9,30,3,2,5,3,15,47,1.000000
2539,287,412,416,468,163,0,4,2,4,2.000000,3.000000,44,4,48,0,4,4,125,129,181,1.090909
2540,287,288,296,324,307,1,4,4,4,1.000000,3.000000,25,8,27,0,1,1,1,9,37,1.080000
2541,287,288,290,322,395,0,2,3,3,0.000000,3.000000,27,2,31,0,1,1,1,3,35,1.148148
2542,287,306,311,400,2,3,8,4,4,0.000000,4.000000,69,5,85,0,4,4,19,24,113,1.231884
2543,287,288,288,300,54,0,0,3,-1,-1.000000,-1.000000,12,0,12,0,0,0,1,1,13,1.000000
2544,287,313,315,323,1,1,9,1,4,0.000000,4.000000,7,2,7,0,1,1,26,28,36,1.000000
2545,287,294,296,355,157,0,2,3,4,3.000000,8.000000,53,2,57,0,2,2,7,9,68,1.075472
2546,288,302,303,340,329,0,1,3,3,4.000000,5.000000,36,1,36,0,1,1,14,15,52,1.000000
2547,288,318,366,399,296,3,7,4,4,4.000000,5.000000,33,13,33,1,0,1,30,78,111,1.000000
2548,288,299,301,333,190,0,2,2,4,4.000000,5.000000,32,2,32,0,0,0,11,13,45,1.000000
2549,288,354,354,437,37,0,0,2,-1,-1.000000,-1.000000,81,0,83,0,0,0,66,66,149,1.024691
2550,288,314,321,362,117,0,7,4,3,0.000000,2.000000,35,6,39,0,2,2,26,33,74,1.114286
2551,288,289,291,353,311,0,2,4,4,0.000000,6.000000,58,2,60,0,2,2,1,3,65,1.034483
2552,288,403,404,492,210,0,1,4,4,3.000000,6.000000,74,1,82,0,6,6,115,116,204,1.108108
2553,288,341,344,393,390,0,3,3,4,0.000000,5.000000,45,3,49,0,0,0,53,56,105,1.088889
2554,289,290,298,333,390,0,6,4,3,2.000000,2.000000,22,8,34,0,1,1,1,9,44,1.545455
2555,289,297,302,402,177,0,5,4,3,0.000000,3.000000,91,5,99,0,1,1,8,13,113,1.087912
2556,289,292,292,363,214,0,0,4,-1,-1.000000,-1.000000,64,0,68,0,3,3,3,3,74,1.062500
2557,289,302,305,364,332,2,1,4,4,1.000000,2.000000,58,3,58,0,1,1,13,16,75,1.000000
2558,289,290,293,358,217,0,3,3,3,2.000000,3.000000,59,3,65,0,0,0,1,4,69,1.101695
2559,289,295,298,303,60,0,2,3,4,3.000000,7.000000,5,2,5,1,0,1,6,9,14,1.000000
2560,290,292,299,347,386,0,3,3,3,1.000000,2.000000,41,7,45,0,3,3,2,9,57,1.097561
2561,290,295,295,343,81,0,0,2,-1,-1.000000,-1.000000,43,0,47,0,1,1,5,5,53,1.093023
2562,290,291,295,319,330,0,4,4,3,1.000000,2.000000,14,4,22,0,2,2,1,5,29,1.571429
2563,290,308,312,381,291,1,7,3,3,0.000000,0.000000,68,3,68,0,1,1,18,22,91,1.000000
2564,290,307,310,339,360,0,3,3,4,0.000000,6.000000,28,3,28,0,1,1,17,20,49,1.000000
2565,290,291,292,348,114,0,1,4,4,1.000000,3.000000,46,1,52,0,4,4,1,2,58,1.130435
2566,291,300,303,368,226,0,3,3,4,0.000000,4.000000,56,3,64,0,1,1,9,12,77,1.142857
2567,291,488,602,722,324,0,1,4,4,0.000000,5.000000,88,4,118,0,2,2,197,311,431,1.340909
2568,291,316,320,388,129,0,4,4,3,4.000000,5.000000,67,4,67,0,1,1,25,29,97,1.000000
2569,291,326,327,392,193,0,1,2,2,0.000000,0.000000,60,1,62,0,3,3,35,36,101,1.033333
2570,291,390,400,442,304,1,6,3,3,3.000000,5.000000,37,7,39,3,3,6,99,109,151,1.054054
2571,291,292,292,339,32,0,0,2,-1,-1.000000,-1.000000,42,0,46,0,1,1,1,1,48,1.095238
2572,291,300,301,372,205,1,3,3,3,1.000000,4.000000,57,1,67,0,4,4,9,10,81,1.175439
2573,291,307,307,360,279,0,0,2,-1,-1.000000,-1.000000,44,0,50,0,3,3,16,16,69,1.136364
2574,291,292,296,353,381,1,8,4,4,2.000000,2.000000,52,4,56,0,1,1,1,5,62,1.076923
2575,292,295,297,330,380,0,2,4,4,0.000000,6.000000,31,2,31,0,2,2,3,5,38,1.000000
2576,292,418,424,516,40,0,4,2,4,0.000000,5.000000,78,6,90,0,2,2,126,132,224,1.153846
2577,292,296,402,454,226,0,4,2,3,0.000000,0.000000,46,12,50,0,2,2,4,110,162,1.086957
2578,292,310,318,425,128,0,6,4,4,2.000000,4.000000,89,1,103,0,4,4,18,26,133,1.157303
2579,292,304,324,407,185,0,6,4,2,1.000000,1.000000,76,3,82,0,1,1,12,32,115,1.078947
2580,292,293,297,303,381,0,5,4,3,4.000000,6.000000,6,3,6,0,0,0,1,5,11,1.000000
2581,292,293,302,337,146,2,8,4,4,2.000000,4.000000,28,9,32,0,3,3,1,10,45,1.142857
2582,292,297,315,322,350,2,5,3,4,4.000000,5.000000,6,14,6,2,1,3,5,23,30,1.000000
2583,293,294,316,354,146,4,10,4,4,3.000000,6.000000,28,21,36,1,2,3,1,23,61,1.285714
2584,293,298,299,307,63,0,1,3,3,3.000000,3.000000,6,1,8,0,0,0,5,6,14,1.333333
2585,293,314,314,352,277,0,0,3,-1,-1.000000,-1.000000,31,0,37,0,1,1,21,21,59,1.193548
2586,293,294,297,386,219,0,3,3,2,0.000000,0.000000,80,3,88,0,1,1,1,4,93,1.100000
2587,293,295,300,351,95,0,5,4,3,0.000000,3.000000,47,5,49,0,2,2,2,7,58,1.042553
2588,293,319,319,380,317,0,0,4,-1,-1.000000,-1.000000,51,0,59,0,2,2,26,26,87,1.156863
2589,293,294,348,384,294,2,19,3,4,2.000000,2.000000,29,6,35,0,1,1,1,55,91,1.206897
2590,294,296,309,349,292,2,6,4,4,0.000000,5.000000,38,7,38,0,2,2,2,15,55,1.000000
2591,294,295,299,313,126,0,3,4,4,2.000000,6.000000,11,3,13,1,1,2,1,5,19,1.181818
2592,294,297,300,354,39,0,3,4,4,1.000000,2.000000,52,3,52,0,2,2,3,6,60,1.000000
2593,294,295,296,339,87,0,1,3,3,1.000000,1.000000,34,1,38,0,5,5,1,2,45,1.117647
2594,294,337,339,392,343,0,2,3,4,0.000000,3.000000,40,2,48,0,5,5,43,45,98,1.200000
2595,294,332,340,446,194,2,8,3,4,0.000000,1.000000,85,8,105,0,1,1,38,46,152,1.235294
2596,294,327,327,377,397,0,0,3,-1,-1.000000,-1.000000,40,0,50,0,0,0,33,33,83,1.250000
2597,295,302,314,404,239,0,7,2,2,6.000000,6.000000,82,7,90,0,0,0,7,19,109,1.097561
2598,295,322,334,425,59,1,1,4,4,7.000000,7.000000,84,10,90,2,1,3,27,39,130,1.071429
2599,295,297,300,350,220,2,2,4,4,0.000000,4.000000,39,2,49,1,1,2,2,5,55,1.256410
2600,295,297,303,381,224,0,4,3,3,2.000000,3.000000,68,4,76,2,2,4,2,8,86,1.117647
2601,295,298,310,389,352,1,6,3,4,0.000000,5.000000,74,6,78,0,1,1,3,15,94,1.054054
2602,295,315,315,345,367,0,0,4,-1,-1.000000,-1.000000,28,0,28,0,2,2,20,20,50,1.000000
2603,295,296,296,351,381,0,0,4,-1,-1.000000,-1.000000,43,0,55,0,0,0,1,1,56,1.279070
2604,295,317,320,363,171,0,3,4,3,0.000000,3.000000,35,3,37,0,6,6,22,25,68,1.057143
2605,295,296,312,354,294,5,10,4,3,6.000000,6.000000,41,14,41,2,1,3,1,17,59,1.000000
2606,295,296,296,368,351,0,0,4,-1,-1.000000,-1.000000,63,0,71,0,1,1,1,1,73,1.126984
2607,296,297,301,354,238,1,14,3,2,4.000000,4.000000,42,4,52,0,1,1,1,5,58,1.238095
2608,296,297,364,437,331,0,2,4,4,0.000000,4.000000,64,4,70,2,3,5,1,68,141,1.093750
2609,296,304,306,354,322,0,11,3,3,1.000000,5.000000,45,1,45,0,3,3,8,10,58,1.000000
2610,296,297,298,368,292,0,1,4,4,0.000000,7.000000,62,1,68,0,2,2,1,2,72,1.096774
2611,296,360,362,453,246,0,2,4,3,1.000000,2.000000,85,2,91,0,0,0,64,66,157,1.070588
2612,296,308,311,356,21,0,3,4,3,2.000000,3.000000,39,3,43,0,2,2,12,15,60,1.102564
2613,296,316,316,335,62,0,0,2,-1,-1.000000,-1.000000,15,0,17,0,2,2,20,20,39,1.133333
2614,296,302,303,366,286,0,1,4,4,0.000000,3.000000,49,1,61,0,2,2,6,7,70,1.244898
2615,296,311,317,396,334,2,6,2,3,0.000000,4.000000,66,6,76,0,3,3,15,21,100,1.151515
2616,296,305,352,439,185,1,5,3,4,0.000000,2.000000,70,12,86,0,1,1,9,56,143,1.228571
2617,296,367,368,451,325,0,1,3,3,0.000000,3.000000,75,1,83,0,0,0,71,72,155,1.106667
2618,296,297,306,348,365,2,14,3,3,0.000000,3.000000,36,9,42,0,0,0,1,10,52,1.166667
2619,297,362,368,440,96,0,6,2,4,0.000000,6.000000,57,6,69,0,3,3,65,71,143,1.210526
2620,297,311,333,383,227,6,10,3,4,0.000000,3.000000,42,14,50,8,0,8,14,36,86,1.190476
2621,297,309,310,335,302,0,1,3,3,0.000000,6.000000,18,1,22,0,3,3,12,13,38,1.222222
2622,297,298,298,360,282,0,0,2,-1,-1.000000,-1.000000,57,0,61,0,1,1,1,1,63,1.070175
2623,297,298,298,376,350,0,0,3,-1,-1.000000,-1.000000,72,0,76,0,2,2,1,1,79,1.055556
2624,297,304,306,389,161,0,2,4,4,0.000000,4.000000,70,2,82,0,1,1,7,9,92,1.171429
2625,297,298,305,369,294,0,7,3,3,1.000000,3.000000,55,7,63,0,1,1,1,8,72,1.145455
2626,298,313,313,378,338,0,0,3,-1,-1.000000,-1.000000,61,0,63,0,2,2,15,15,80,1.032787
2627,298,318,318,344,43,0,0,4,-1,-1.000000,-1.000000,26,0,26,0,0,0,20,20,46,1.000000
2628,298,304,308,375,334,1,5,4,3,4.000000,5.000000,55,3,67,1,0,1,6,10,77,1.218182
2629,299,308,315,340,63,1,7,3,4,1.000000,3.000000,21,7,23,0,2,2,9,16,41,1.095238
2630,299,300,303,345,259,0,2,4,4,5.000000,8.000000,41,2,41,1,1,2,1,4,46,1.000000
2631,299,303,306,378,229,0,3,4,3,0.000000,3.000000,63,3,69,0,3,3,4,7,79,1.095238
2632,299,300,302,354,271,0,2,2,3,2.000000,2.000000,45,2,51,0,1,1,1,3,55,1.133333
2633,299,322,326,389,175,0,2,4,4,0.000000,1.000000,46,3,60,0,3,3,23,27,90,1.304348
2634,300,328,331,356,263,0,3,3,2,2.000000,2.000000,22,3,24,0,1,1,28,31,56,1.090909
2635,300,316,321,356,218,0,5,3,3,2.000000,2.000000,32,5,34,0,1,1,16,21,56,1.062500
2636,300,321,324,351,376,0,3,4,3,0.000000,4.000000,16,3,24,0,3,3,21,24,51,1.500000
2637,300,301,324,327,36,3,4,4,4,0.000000,2.000000,3,11,3,4,0,4,1,24,27,1.000000
2638,301,392,393,464,364,1,8,3,4,4.000000,4.000000,70,1,70,0,1,1,91,92,163,1.000000
2639,301,401,402,462,147,0,1,3,3,1.000000,4.000000,53,1,59,0,1,1,100,101,161,1.113208
2640,301,314,316,368,378,0,2,4,4,2.000000,4.000000,42,2,48,0,4,4,13,15,67,1.142857
2641,301,306,316,355,372,1,6,4,3,0.000000,4.000000,35,10,39,0,0,0,5,15,54,1.114286
2642,301,302,304,324,3,0,2,2,4,0.000000,8.000000,18,2,20,0,0,0,1,3,23,1.111111
2643,302,372,375,438,38,0,3,4,3,0.000000,4.000000,54,3,60,0,3,3,70,73,136,1.111111
2644,302,303,308,342,112,1,1,3,3,1.000000,5.000000,30,4,32,1,2,3,1,6,40,1.066667
2645,302,319,319,347,136,0,0,4,-1,-1.000000,-1.000000,22,0,24,0,4,4,17,17,45,1.090909
2646,302,303,303,381,365,0,0,2,-1,-1.000000,-1.000000,72,0,76,0,2,2,1,1,79,1.055556
2647,302,333,335,372,19,0,2,3,4,0.000000,4.000000,31,2,33,0,4,4,31,33,70,1.064516
2648,302,303,307,370,359,0,4,2,4,0.000000,4.000000,58,4,60,0,3,3,1,5,68,1.034483
2649,302,303,306,371,17,0,3,4,4,2.000000,3.000000,51,3,59,0,6,6,1,4,69,1.156863
2650,303,304,313,338,189,0,6,4,4,0.000000,5.000000,23,8,25,1,0,1,1,10,35,1.086957
2651,303,304,307,374,89,1,4,2,3,2.000000,6.000000,59,3,65,0,2,2,1,4,71,1.101695
2652,303,304,310,362,154,2,7,3,2,2.000000,2.000000,52,6,52,0,0,0,1,7,59,1.000000
2653,303,307,311,374,152,0,4,4,3,0.000000,4.000000,56,4,62,0,1,1,4,8,71,1.107143
2654,303,331,335,387,344,0,2,4,4,1.000000,3.000000,42,4,50,0,2,2,28,32,84,1.190476
2655,303,397,399,474,334,0,2,4,3,0.000000,2.000000,63,2,75,0,0,0,94,96,171,1.190476
2656,303,304,304,375,281,0,0,3,-1,-1.000000,-1.000000,62,0,70,0,1,1,1,1,72,1.129032
2657,303,316,317,355,273,0,1,3,3,0.000000,4.000000,34,1,36,0,2,2,13,14,52,1.058824
2658,303,371,380,453,292,0,8,3,4,1.000000,4.000000,70,8,72,1,1,2,68,77,150,1.028571
2659,303,304,322,371,332,2,8,1,3,3.000000,3.000000,41,18,47,0,2,2,1,19,68,1.146341
2660,303,341,348,423,329,2,3,3,3,4.000000,4.000000,63,7,71,0,4,4,38,45,120,1.126984
2661,303,316,317,369,210,0,1,4,4,2.000000,4.000000,47,1,49,0,3,3,13,14,66,1.042553
2662,303,304,312,358,60,0,4,3,4,0.000000,9.000000,44,4,44,1,2,3,1,9,55,1.000000
2663,303,368,369,419,203,0,1,2,2,0.000000,2.000000,43,1,49,0,1,1,65,66,116,1.139535
2664,304,305,311,360,26,1,9,2,2,2.000000,4.000000,46,6,48,0,1,1,1,7,56,1.043478
2665,304,305,312,344,322,0,7,4,3,1.000000,5.000000,27,7,29,0,3,3,1,8,40,1.074074
2666,304,331,339,349,274,0,8,3,3,1.000000,1.000000,10,8,10,0,0,0,27,35,45,1.000000
2667,305,311,312,367,240,0,1,3,3,5.000000,6.000000,27,1,53,0,2,2,6,7,62,1.962963
2668,305,402,403,509,355,0,1,3,3,1.000000,1.000000,90,1,106,0,0,0,97,98,204,1.177778
2669,305,413,413,451,71,0,0,3,-1,-1.000000,-1.000000,36,0,38,0,0,0,108,108,146,1.055556
2670,305,306,472,559,238,0,3,2,3,6.000000,7.000000,71,1,85,0,2,2,1,167,254,1.197183
2671,305,320,322,360,330,0,2,3,3,0.000000,7.000000,36,2,38,0,0,0,15,17,55,1.055556
2672,306,309,314,321,291,1,8,3,4,0.000000,2.000000,7,5,7,0,0,0,3,8,15,1.000000
2673,306,309,313,397,158,2,4,4,2,1.000000,1.000000,79,4,83,0,1,1,3,7,91,1.050633
2674,306,369,370,447,351,0,1,2,2,2.000000,2.000000,75,1,75,0,2,2,63,64,141,1.000000
2675,306,416,416,462,347,0,0,4,-1,-1.000000,-1.000000,40,0,44,0,2,2,110,110,156,1.100000
2676,306,309,337,378,300,1,7,4,4,0.000000,2.000000,27,4,37,1,4,5,3,31,72,1.370370
2677,306,307,313,374,73,1,2,2,4,0.000000,8.000000,59,6,61,0,0,0,1,7,68,1.033898
2678,306,307,307,349,60,0,0,3,-1,-1.000000,-1.000000,37,0,41,0,1,1,1,1,43,1.108108
2679,306,307,463,520,238,1,3,2,2,6.000000,6.000000,52,12,56,0,1,1,1,157,214,1.076923
2680,306,307,313,331,185,0,3,3,3,1.000000,3.000000,18,5,18,1,0,1,1,7,25,1.000000
2681,306,307,307,370,276,0,0,3,-1,-1.000000,-1.000000,61,0,63,0,0,0,1,1,64,1.032787
2682,307,323,331,366,173,0,8,2,3,0.000000,5.000000,33,8,35,0,0,0,16,24,59,1.060606
2683,307,325,325,376,204,0,0,3,-1,-1.000000,-1.000000,44,0,50,0,1,1,18,18,69,1.136364
2684,307,308,311,371,38,0,3,3,4,0.000000,2.000000,52,3,58,0,2,2,1,4,64,1.115385
2685,307,328,328,351,180,0,0,3,-1,-1.000000,-1.000000,17,0,23,0,0,0,21,21,44,1.352941
2686,307,308,330,396,257,5,6,3,3,1.000000,1.000000,62,19,64,2,2,4,1,23,89,1.032258
2687,307,375,376,463,8,0,1,3,3,2.000000,3.000000,77,1,85,0,2,2,68,69,156,1.103896
2688,307,346,346,403,187,0,0,3,-1,-1.000000,-1.000000,55,0,57,0,0,0,39,39,96,1.036364
2689,307,310,323,380,86,1,17,3,3,0.000000,3.000000,50,12,56,1,1,2,3,16,73,1.120000
2690,308,339,344,411,189,0,3,4,3,0.000000,2.000000,57,5,63,0,4,4,31,36,103,1.105263
2691,308,313,318,384,84,0,5,3,3,1.000000,3.000000,54,5,66,0,0,0,5,10,76,1.222222
2692,308,338,372,415,147,1,2,1,4,2.000000,4.000000,41,7,43,0,0,0,30,64,107,1.048780
2693,308,309,313,390,2,0,4,2,3,0.000000,1.000000,67,4,75,0,2,2,1,5,82,1.119403
2694,308,359,360,406,36,0,1,4,4,0.000000,2.000000,40,1,42,0,4,4,51,52,98,1.050000
2695,309,315,318,389,176,0,3,3,3,0.000000,1.000000,62,3,68,0,3,3,6,9,80,1.096774
2696,309,311,312,406,143,0,1,3,3,0.000000,1.000000,92,1,94,0,0,0,2,3,97,1.021739
2697,309,314,314,317,92,0,0,2,-1,-1.000000,-1.000000,3,0,3,0,0,0,5,5,8,1.000000
2698,309,366,372,481,362,0,7,2,4,2.000000,5.000000,97,1,109,0,0,0,57,63,172,1.123711
2699,309,324,326,384,241,0,2,4,4,0.000000,3.000000,54,2,54,0,4,4,15,17,75,1.000000
2700,309,358,361,458,157,2,3,3,3,0.000000,0.000000,76,2,96,1,1,2,49,52,149,1.263158
2701,310,311,315,351,79,0,4,1,3,0.000000,5.000000,26,4,36,0,0,0,1,5,41,1.384615
2702,310,341,342,400,308,0,1,3,3,2.000000,2.000000,49,1,57,0,1,1,31,32,90,1.163265
2703,310,378,381,466,397,0,3,2,3,0.000000,1.000000,77,3,85,0,0,0,68,71,156,1.103896
2704,310,384,386,481,317,0,2,3,4,0.000000,0.000000,85,2,95,0,0,0,74,76,171,1.117647
2705,310,317,319,357,13,0,2,3,4,0.000000,7.000000,38,2,38,0,0,0,7,9,47,1.000000
2706,310,340,355,392,337,2,7,4,3,6.000000,6.000000,32,14,36,1,1,2,30,45,82,1.125000
2707,310,311,313,406,128,0,2,4,3,3.000000,3.000000,68,2,90,0,3,3,1,3,96,1.323529
2708,310,353,405,441,277,0,7,2,4,0.000000,3.000000,35,8,35,3,1,4,43,95,131,1.000000
2709,310,325,329,392,10,0,4,3,3,0.000000,2.000000,61,4,63,0,0,0,15,19,82,1.032787
2710,311,312,332,378,327,3,10,2,3,4.000000,4.000000,40,17,44,0,2,2,1,21,67,1.100000
2711,311,319,319,351,107,0,0,4,-1,-1.000000,-1.000000,32,0,32,0,0,0,8,8,40,1.000000
2712,311,337,339,388,391,0,2,2,3,0.000000,5.000000,45,2,45,0,4,4,26,28,77,1.000000
2713,311,338,415,528,242,0,8,2,4,2.000000,2.000000,95,5,111,0,2,2,27,104,217,1.168421
2714,312,329,330,398,252,0,1,4,4,0.000000,6.000000,60,1,66,0,2,2,17,18,86,1.100000
2715,312,313,316,337,11,0,3,3,4,2.000000,5.000000,21,3,21,0,0,0,1,4,25,1.000000
2716,312,316,320,387,20,0,1,4,4,3.000000,4.000000,62,3,66,1,1,2,4,8,75,1.064516
2717,312,315,315,372,126,0,0,4,-1,-1.000000,-1.000000,52,0,54,0,3,3,3,3,60,1.038462
2718,312,313,313,352,158,0,0,4,-1,-1.000000,-1.000000,33,0,37,0,2,2,1,1,40,1.121212
2719,312,314,320,370,290,4,1,4,4,0.000000,4.000000,50,5,50,1,0,1,2,8,58,1.000000
2720,312,344,354,366,267,0,4,3,4,0.000000,4.000000,12,6,12,2,0,2,32,42,54,1.000000
2721,313,314,322,347,86,0,8,4,3,0.000000,5.000000,25,8,25,0,0,0,1,9,34,1.000000
2722,313,334,338,372,190,0,3,3,3,0.000000,8.000000,33,3,33,1,1,2,21,25,59,1.000000
2723,313,404,408,423,208,0,4,4,3,5.000000,6.000000,12,4,14,0,1,1,91,95,110,1.166667
2724,313,315,327,367,1,3,14,3,3,0.000000,1.000000,37,12,39,0,1,1,2,14,54,1.054054
2725,313,324,405,488,137,2,7,4,2,0.000000,2.000000,70,12,82,0,1,1,11,92,175,1.171429
2726,313,396,396,468,380,0,0,3,-1,-1.000000,-1.000000,60,0,70,0,2,2,83,83,155,1.166667
2727,313,328,328,375,66,0,0,4,-1,-1.000000,-1.000000,38,0,44,0,3,3,15,15,62,1.157895
2728,313,314,320,393,327,0,3,4,4,1.000000,3.000000,53,5,73,1,0,1,1,7,80,1.377358
2729,314,344,354,420,99,0,9,3,3,0.000000,2.000000,61,9,65,1,1,2,30,40,106,1.065574
2730,314,400,404,445,210,1,2,3,4,1.000000,2.000000,23,4,37,0,4,4,86,90,131,1.608696
2731,314,347,381,424,247,0,5,4,3,0.000000,6.000000,38,5,42,1,1,2,33,67,110,1.105263
2732,314,315,322,405,100,0,4,3,3,1.000000,1.000000,81,6,81,1,2,3,1,8,91,1.000000
2733,314,334,342,380,390,1,3,3,3,3.000000,5.000000,37,7,37,1,1,2,20,28,66,1.000000
2734,314,430,461,538,27,1,7,3,2,1.000000,2.000000,63,7,77,0,0,0,116,147,224,1.222222
2735,314,315,319,355,110,0,4,4,4,0.000000,2.000000,33,4,35,0,1,1,1,5,41,1.060606
2736,314,315,320,390,222,1,8,4,4,1.000000,6.000000,64,5,70,0,0,0,1,6,76,1.093750
2737,314,389,390,421,391,0,1,3,3,4.000000,4.000000,31,1,31,0,0,0,75,76,107,1.000000
2738,315,345,385,426,329,1,4,3,4,4.000000,4.000000,39,12,41,0,0,0,30,70,111,1.051282
2739,315,323,331,432,222,0,8,3,3,0.000000,2.000000,85,7,99,0,2,2,8,16,117,1.164706
2740,315,322,323,362,309,0,1,3,3,0.000000,5.000000,37,1,39,0,0,0,7,8,47,1.054054
2741,315,579,579,676,90,0,0,1,-1,-1.000000,-1.000000,94,0,96,0,1,1,264,264,361,1.021277
2742,315,318,321,324,92,0,3,3,4,0.000000,2.000000,3,3,3,0,0,0,3,6,9,1.000000
2743,315,324,325,370,382,0,1,4,4,0.000000,5.000000,39,1,43,0,2,2,9,10,55,1.102564
2744,315,325,345,398,58,3,10,4,3,0.000000,3.000000,46,13,52,1,1,2,10,30,83,1.130435
2745,315,317,318,344,187,0,1,2,2,0.000000,0.000000,17,1,25,0,1,1,2,3,29,1.470588
2746,316,425,425,457,330,0,0,3,-1,-1.000000,-1.000000,31,0,31,0,1,1,109,109,141,1.000000
2747,316,318,318,423,373,0,0,2,-1,-1.000000,-1.000000,97,0,105,0,0,0,2,2,107,1.082474
2748,316,318,318,401,28,0,0,3,-1,-1.000000,-1.000000,76,0,80,0,3,3,2,2,85,1.052632
2749,316,344,417,429,243,0,3,4,3,3.000000,8.000000,12,6,12,1,0,1,28,101,113,1.000000
2750,316,317,320,407,207,0,3,3,3,0.000000,2.000000,81,3,85,0,2,2,1,4,91,1.049383
2751,316,357,377,414,142,6,18,4,4,1.000000,1.000000,27,19,37,1,0,1,41,61,98,1.370370
2752,316,397,399,495,269,0,2,2,4,3.000000,3.000000,93,2,95,0,1,1,81,83,179,1.021505
2753,317,426,524,588,32,0,6,3,3,8.000000,10.000000,61,4,63,1,1,2,109,207,271,1.032787
2754,317,318,327,389,257,2,7,3,3,3.000000,3.000000,56,9,60,0,2,2,1,10,72,1.071429
2755,317,329,332,356,164,0,3,4,4,3.000000,5.000000,16,3,24,0,0,0,12,15,39,1.500000
2756,317,348,368,409,32,0,2,3,4,2.000000,8.000000,39,12,39,3,2,5,31,51,92,1.000000
2757,317,334,335,419,179,0,1,3,3,1.000000,2.000000,72,1,84,0,0,0,17,18,102,1.166667
2758,317,321,322,371,184,0,1,4,4,1.000000,1.000000,49,1,49,0,0,0,4,5,54,1.000000
2759,317,363,364,424,12,0,1,3,3,0.000000,7.000000,52,1,58,0,2,2,46,47,107,1.115385
2760,317,330,331,376,118,0,1,2,2,1.000000,3.000000,38,1,44,0,1,1,13,14,59,1.157895
2761,317,322,325,367,223,0,3,2,3,4.000000,4.000000,35,3,41,0,1,1,5,8,50,1.171429
2762,317,322,327,383,125,0,5,3,3,0.000000,0.000000,49,5,55,0,1,1,5,10,66,1.122449
2763,318,320,332,384,182,0,7,4,4,1.000000,2.000000,35,2,47,0,5,5,2,14,66,1.342857
2764,318,346,346,403,367,0,0,4,-1,-1.000000,-1.000000,55,0,55,0,2,2,28,28,85,1.000000
2765,318,319,329,406,328,7,11,4,4,1.000000,4.000000,57,10,75,0,2,2,1,11,88,1.315789
2766,318,367,368,400,356,0,1,2,2,0.000000,1.000000,27,1,31,0,1,1,49,50,82,1.148148
2767,318,355,356,436,357,1,11,1,3,3.000000,4.000000,75,1,79,0,1,1,37,38,118,1.053333
2768,318,379,379,435,338,0,0,4,-1,-1.000000,-1.000000,49,0,55,0,1,1,61,61,117,1.122449
2769,318,388,420,532,245,0,8,4,2,1.000000,1.000000,101,4,109,0,3,3,70,102,214,1.079208
2770,318,319,326,364,22,1,4,4,3,1.000000,3.000000,31,6,35,1,3,4,1,8,46,1.129032
2771,319,322,331,393,306,0,9,3,4,0.000000,4.000000,55,9,59,0,3,3,3,12,74,1.072727
2772,319,337,362,415,209,0,7,1,3,0.000000,1.000000,51,9,53,1,0,1,18,43,96,1.039216
2773,319,338,372,424,333,0,9,4,4,2.000000,4.000000,49,3,49,0,3,3,19,53,105,1.000000
2774,319,332,337,416,185,0,3,4,4,3.000000,3.000000,58,5,74,0,5,5,13,18,97,1.275862
2775,319,320,327,356,155,0,6,4,2,2.000000,2.000000,23,6,29,1,0,1,1,8,37,1.260870
2776,319,470,492,566,280,0,4,4,3,0.000000,1.000000,69,6,73,0,1,1,151,173,247,1.057971
2777,320,321,329,373,296,1,5,3,4,3.000000,6.000000,38,7,42,1,2,3,1,9,53,1.105263
2778,320,329,330,389,88,0,1,3,3,0.000000,0.000000,51,1,59,0,0,0,9,10,69,1.156863
2779,321,333,338,368,349,0,5,4,4,1.000000,5.000000,30,5,30,0,0,0,12,17,47,1.000000
2780,321,323,326,365,256,0,3,2,3,0.000000,6.000000,30,3,38,0,1,1,2,5,44,1.266667
2781,321,322,324,367,182,0,2,1,4,0.000000,2.000000,34,2,42,0,1,1,1,3,46,1.235294
2782,321,389,389,476,64,0,0,2,-1,-1.000000,-1.000000,73,0,87,0,0,0,68,68,155,1.191781
2783,321,324,331,354,230,0,7,3,2,1.000000,1.000000,23,7,23,0,0,0,3,10,33,1.000000
2784,321,339,348,361,212,2,7,4,4,5.000000,8.000000,7,7,11,2,2,4,18,27,40,1.571429
2785,321,344,347,367,396,0,3,1,3,4.000000,4.000000,20,3,20,0,0,0,23,26,46,1.000000
2786,322,342,344,371,254,0,2,4,2,0.000000,4.000000,24,2,26,0,1,1,20,22,49,1.083333
2787,322,362,375,410,208,2,8,3,3,3.000000,5.000000,32,11,34,1,1,2,40,53,88,1.062500
2788,322,324,325,341,175,1,2,2,4,0.000000,1.000000,5,1,15,0,1,1,2,3,19,3.000000
2789,322,323,331,392,227,1,5,3,4,0.000000,4.000000,54,6,56,2,5,7,1,9,70,1.037037
2790,322,327,330,410,194,1,5,3,2,0.000000,2.000000,72,3,78,0,2,2,5,8,88,1.083333
2791,323,341,343,393,112,0,2,1,4,3.000000,3.000000,48,2,50,0,0,0,18,20,70,1.041667
2792,323,378,379,425,212,0,1,3,3,0.000000,4.000000,40,1,46,0,0,0,55,56,102,1.150000
2793,323,344,351,411,316,0,2,2,4,1.000000,5.000000,58,6,58,1,2,3,21,28,88,1.000000
2794,323,338,338,399,336,0,0,4,-1,-1.000000,-1.000000,51,0,57,0,4,4,15,15,76,1.117647
2795,323,355,358,376,253,0,1,4,4,0.000000,8.000000,16,3,18,0,0,0,32,35,53,1.125000
2796,324,344,344,385,81,0,0,3,-1,-1.000000,-1.000000,39,0,39,0,2,2,20,20,61,1.000000
2797,324,325,329,389,124,1,8,4,4,0.000000,6.000000,53,4,57,0,3,3,1,5,65,1.075472
2798,324,337,359,422,258,3,13,3,3,1.000000,4.000000,59,14,63,2,0,2,13,35,98,1.067797
2799,324,327,356,400,124,0,17,3,4,0.000000,1.000000,36,8,42,0,2,2,3,32,76,1.166667
2800,324,331,336,424,90,0,4,4,2,0.000000,0.000000,77,2,81,1,7,8,7,12,100,1.051948
2801,324,328,348,361,104,0,14,2,4,0.000000,3.000000,11,9,13,0,0,0,4,24,37,1.181818
2802,324,325,325,353,37,0,0,2,-1,-1.000000,-1.000000,15,0,27,0,1,1,1,1,29,1.800000
2803,325,355,358,382,284,0,3,3,3,0.000000,4.000000,23,3,23,0,1,1,30,33,57,1.000000
2804,325,326,336,377,151,2,10,3,4,0.000000,1.000000,41,10,41,0,0,0,1,11,52,1.000000
2805,325,342,344,391,15,0,2,4,4,0.000000,2.000000,36,2,46,0,1,1,17,19,66,1.277778
2806,325,333,340,375,166,0,7,2,3,0.000000,4.000000,30,7,32,0,3,3,8,15,50,1.066667
2807,325,341,352,370,45,2,6,4,3,1.000000,2.000000,18,11,18,0,0,0,16,27,45,1.000000
2808,325,339,346,456,242,0,6,2,2,0.000000,0.000000,96,5,110,1,0,1,14,21,131,1.145833
2809,326,381,381,434,248,0,0,4,-1,-1.000000,-1.000000,47,0,51,0,2,2,55,55,108,1.085106
2810,326,339,340,369,59,0,1,4,4,0.000000,10.000000,22,1,28,0,1,1,13,14,43,1.272727
2811,326,355,380,401,271,1,5,4,4,3.000000,5.000000,14,5,20,1,1,2,29,54,75,1.428571
2812,326,369,369,396,148,0,0,4,-1,-1.000000,-1.000000,21,0,27,0,0,0,43,43,70,1.285714
2813,327,328,330,373,251,0,2,4,2,0.000000,1.000000,38,2,40,0,3,3,1,3,46,1.052632
2814,327,351,359,401,355,0,4,4,3,0.000000,0.000000,37,8,41,0,1,1,24,32,74,1.108108
2815,327,332,332,404,368,0,0,3,-1,-1.000000,-1.000000,69,0,69,0,3,3,5,5,77,1.000000
2816,327,331,332,390,380,0,1,2,2,3.000000,3.000000,47,1,57,0,1,1,4,5,63,1.212766
2817,327,328,331,386,296,0,3,4,3,0.000000,1.000000,45,3,53,0,2,2,1,4,59,1.177778
2818,327,334,336,386,369,0,2,3,3,1.000000,2.000000,43,2,47,0,3,3,7,9,59,1.093023
2819,327,332,333,392,232,1,4,4,3,1.000000,3.000000,54,1,58,0,1,1,5,6,65,1.074074
2820,328,329,335,364,58,0,5,4,3,1.000000,3.000000,27,5,29,1,0,1,1,7,36,1.074074
2821,328,344,359,437,45,1,3,2,3,1.000000,2.000000,78,6,78,1,0,1,16,31,109,1.000000
2822,328,329,330,351,124,0,1,4,4,0.000000,4.000000,21,1,21,0,0,0,1,2,23,1.000000
2823,328,329,336,365,169,0,7,2,4,0.000000,9.000000,29,7,29,0,0,0,1,8,37,1.000000
2824,328,329,329,394,68,0,0,3,-1,-1.000000,-1.000000,57,0,63,0,2,2,1,1,66,1.105263
2825,328,329,331,365,151,1,6,4,4,0.000000,4.000000,32,2,32,0,2,2,1,3,37,1.000000
2826,328,329,331,340,137,0,2,4,4,0.000000,1.000000,7,2,9,0,0,0,1,3,12,1.285714
2827,328,333,356,396,90,0,4,4,4,1.000000,4.000000,36,3,40,0,0,0,5,28,68,1.111111
2828,328,329,342,345,48,1,5,3,4,0.000000,5.000000,3,11,3,0,0,0,1,14,17,1.000000
2829,329,331,334,342,196,0,3,4,4,3.000000,8.000000,8,3,8,0,0,0,2,5,13,1.000000
2830,329,376,393,432,295,1,8,3,4,0.000000,4.000000,33,9,39,1,0,1,47,64,103,1.181818
2831,330,366,469,526,58,0,5,4,4,0.000000,5.000000,50,3,52,0,5,5,36,139,196,1.040000
2832,330,332,335,346,247,0,3,4,3,1.000000,2.000000,7,3,9,0,2,2,2,5,16,1.285714
2833,330,333,333,407,48,0,0,3,-1,-1.000000,-1.000000,70,0,72,0,2,2,3,3,77,1.028571
2834,330,364,371,423,239,1,5,4,4,0.000000,7.000000,46,7,50,0,2,2,34,41,93,1.086957
2835,330,334,338,351,258,1,9,3,3,0.000000,3.000000,11,4,11,0,2,2,4,8,21,1.000000
2836,331,366,366,404,299,0,0,4,-1,-1.000000,-1.000000,35,0,37,0,1,1,35,35,73,1.057143
2837,331,524,524,545,100,0,0,4,-1,-1.000000,-1.000000,21,0,21,0,0,0,193,193,214,1.000000
2838,331,346,348,377,212,0,2,3,4,0.000000,6.000000,21,2,27,0,2,2,15,17,46,1.285714
2839,331,340,340,374,278,0,0,4,-1,-1.000000,-1.000000,33,0,33,0,1,1,9,9,43,1.000000
2840,331,338,359,404,337,0,8,2,3,1.000000,6.000000,34,9,44,0,1,1,7,28,73,1.294118
2841,331,397,397,444,375,0,0,4,-1,-1.000000,-1.000000,39,0,45,0,2,2,66,66,113,1.153846
2842,331,334,336,366,312,0,2,4,4,0.000000,5.000000,30,2,30,0,0,0,3,5,35,1.000000
2843,332,333,339,396,31,0,6,4,4,3.000000,4.000000,49,6,57,0,0,0,1,7,64,1.163265
2844,332,350,352,382,363,0,2,3,3,0.000000,8.000000,24,2,28,0,2,2,18,20,50,1.166667
2845,332,337,337,379,261,0,0,3,-1,-1.000000,-1.000000,38,0,42,0,0,0,5,5,47,1.105263
2846,332,335,337,377,348,0,2,2,3,0.000000,0.000000,38,2,40,0,0,0,3,5,45,1.052632
2847,332,357,358,404,263,0,1,3,3,4.000000,4.000000,37,1,45,0,1,1,25,26,72,1.216216
2848,332,333,337,356,51,3,7,3,4,2.000000,6.000000,15,4,17,0,2,2,1,5,24,1.133333
2849,332,333,334,403,104,0,1,2,2,2.000000,2.000000,55,1,69,0,0,0,1,2,71,1.254545
2850,333,334,336,433,183,0,2,3,3,0.000000,0.000000,77,2,97,0,0,0,1,3,100,1.259740
2851,333,336,367,385,123,1,10,4,4,0.000000,3.000000,16,4,18,1,0,1,3,34,52,1.125000
2852,333,354,356,458,199,0,2,4,4,0.000000,1.000000,75,2,101,0,1,1,21,23,125,1.346667
2853,333,361,361,433,162,0,0,2,-1,-1.000000,-1.000000,64,0,72,0,0,0,28,28,100,1.125000
2854,333,456,458,550,142,0,2,3,4,0.000000,2.000000,84,2,90,0,2,2,123,125,217,1.071429
2855,333,406,408,465,288,0,2,2,2,3.000000,4.000000,37,2,53,0,4,4,73,75,132,1.432432
2856,333,342,349,407,137,0,7,2,3,2.000000,2.000000,49,7,57,0,1,1,9,16,74,1.163265
2857,334,349,350,439,119,0,1,3,3,0.000000,3.000000,75,1,87,0,2,2,15,16,105,1.160000
2858,334,338,344,367,203,0,3,4,4,1.000000,4.000000,16,5,22,1,1,2,4,10,33,1.375000
2859,334,337,341,369,102,0,4,4,4,2.000000,2.000000,22,4,28,0,0,0,3,7,35,1.272727
2860,334,337,342,360,318,0,5,3,4,0.000000,5.000000,16,5,18,0,0,0,3,8,26,1.125000
2861,335,336,351,382,302,0,7,4,3,1.000000,2.000000,29,8,31,0,0,0,1,16,47,1.068966
2862,335,391,407,463,380,1,5,3,4,0.000000,8.000000,42,16,56,0,0,0,56,72,128,1.333333
2863,335,351,371,468,274,1,14,3,3,0.000000,2.000000,94,10,96,1,1,2,16,36,133,1.021277
2864,335,350,354,424,301,2,4,2,3,3.000000,3.000000,65,4,69,0,1,1,15,19,89,1.061538
2865,335,474,517,571,275,3,5,3,4,0.000000,5.000000,48,8,52,0,2,2,139,182,236,1.083333
2866,335,825,833,893,345,0,3,3,4,0.000000,2.000000,55,7,59,1,1,2,490,498,558,1.072727
2867,335,352,356,415,95,0,4,3,4,2.000000,2.000000,54,4,56,0,3,3,17,21,80,1.037037
2868,336,339,347,380,123,0,8,1,3,0.000000,1.000000,30,8,32,0,1,1,3,11,44,1.066667
2869,336,337,342,380,324,0,5,4,3,0.000000,3.000000,27,5,35,0,3,3,1,6,44,1.296296
2870,336,337,340,407,379,0,3,3,4,0.000000,2.000000,63,3,65,0,2,2,1,4,71,1.031746
2871,336,361,362,441,318,0,1,3,3,3.000000,3.000000,71,1,77,0,2,2,25,26,105,1.084507
2872,336,340,358,397,32,1,5,2,3,0.000000,6.000000,35,13,39,1,0,1,4,22,61,1.114286
2873,336,357,365,412,164,0,1,2,2,2.000000,2.000000,42,7,46,1,1,2,21,29,76,1.095238
2874,336,375,805,865,353,0,6,2,3,0.000000,3.000000,60,8,60,2,0,2,39,469,529,1.000000
2875,336,337,338,356,51,0,1,4,4,1.000000,3.000000,10,1,16,0,2,2,1,2,20,1.600000
2876,337,341,341,376,71,0,0,3,-1,-1.000000,-1.000000,33,0,33,0,2,2,4,4,39,1.000000
2877,337,356,359,381,249,0,3,3,4,0.000000,2.000000,20,3,22,0,0,0,19,22,44,1.100000
2878,337,450,451,529,256,0,1,3,3,3.000000,3.000000,66,1,74,0,4,4,113,114,192,1.121212
2879,337,356,357,370,273,0,1,4,4,2.000000,6.000000,10,1,12,0,1,1,19,20,33,1.200000
2880,337,340,394,480,211,0,7,3,3,0.000000,4.000000,72,5,82,0,4,4,3,57,143,1.138889
2881,337,352,352,409,376,0,0,3,-1,-1.000000,-1.000000,52,0,56,0,1,1,15,15,72,1.076923
2882,338,340,351,413,78,0,6,2,4,6.000000,9.000000,58,4,58,0,4,4,2,13,75,1.000000
2883,338,341,352,384,32,2,4,3,3,2.000000,4.000000,32,9,32,2,0,2,3,14,46,1.000000
2884,338,379,380,447,227,0,1,2,2,4.000000,4.000000,65,1,65,0,2,2,41,42,109,1.000000
2885,338,345,368,405,187,0,1,4,4,0.000000,4.000000,27,4,33,0,4,4,7,30,67,1.222222
2886,338,348,359,380,119,0,5,3,3,0.000000,3.000000,21,1,21,0,0,0,10,21,42,1.000000
2887,338,375,375,413,374,0,0,4,-1,-1.000000,-1.000000,38,0,38,0,0,0,37,37,75,1.000000
2888,339,349,356,407,115,0,7,4,4,0.000000,0.000000,50,7,50,0,1,1,10,17,68,1.000000
2889,339,341,351,427,258,1,13,3,3,0.000000,8.000000,62,9,76,0,0,0,2,12,88,1.225806
2890,339,340,341,367,209,0,1,3,3,0.000000,7.000000,23,1,25,0,1,1,1,2,28,1.086957
2891,339,340,344,375,135,0,4,3,4,0.000000,2.000000,27,4,29,0,2,2,1,5,36,1.074074
2892,339,382,383,441,365,0,1,4,4,0.000000,4.000000,51,1,55,0,3,3,43,44,102,1.078431
2893,339,345,345,403,346,0,0,3,-1,-1.000000,-1.000000,41,0,57,0,1,1,6,6,64,1.390244
2894,339,340,352,362,333,3,2,4,4,2.000000,4.000000,10,12,10,0,0,0,1,13,23,1.000000
2895,339,355,365,381,18,0,8,4,4,1.000000,4.000000,16,10,16,0,0,0,16,26,42,1.000000
2896,340,490,492,580,79,0,2,4,3,2.000000,8.000000,72,2,86,0,2,2,150,152,240,1.194444
2897,340,352,352,434,180,0,0,3,-1,-1.000000,-1.000000,66,0,82,0,0,0,12,12,94,1.242424
2898,340,349,359,379,200,0,5,3,3,2.000000,7.000000,16,4,18,0,2,2,9,19,39,1.125000
2899,340,349,356,424,132,1,6,2,3,0.000000,4.000000,54,6,66,1,2,3,9,16,84,1.222222
2900,340,365,366,410,74,0,1,4,4,1.000000,2.000000,35,1,43,0,1,1,25,26,70,1.228571
2901,340,343,355,421,196,0,5,4,3,1.000000,2.000000,57,4,65,0,1,1,3,15,81,1.140351
2902,340,341,367,434,242,4,7,1,3,0.000000,5.000000,64,23,66,0,1,1,1,27,94,1.031250
2903,340,341,343,442,211,0,2,2,4,2.000000,4.000000,93,2,97,0,2,2,1,3,102,1.043011
2904,341,342,342,386,333,0,0,3,-1,-1.000000,-1.000000,34,0,44,0,0,0,1,1,45,1.294118
2905,341,352,352,401,107,0,0,4,-1,-1.000000,-1.000000,42,0,46,0,3,3,11,11,60,1.095238
2906,341,357,360,419,168,0,3,4,4,0.000000,4.000000,53,3,59,0,0,0,16,19,78,1.113208
2907,341,385,410,479,310,0,9,2,4,0.000000,1.000000,66,7,68,0,1,1,44,69,138,1.030303
2908,341,343,345,370,64,0,2,4,4,2.000000,3.000000,16,2,24,0,1,1,2,4,29,1.500000
2909,341,356,358,435,97,0,2,3,4,1.000000,2.000000,66,2,74,0,3,3,15,17,94,1.121212
2910,341,377,380,524,331,0,3,2,3,0.000000,0.000000,120,3,144,0,0,0,36,39,183,1.200000
2911,342,343,344,394,78,0,1,3,3,2.000000,2.000000,33,1,49,0,1,1,1,2,52,1.484848
2912,342,633,697,767,49,0,7,3,3,0.000000,2.000000,65,18,69,1,1,2,291,355,425,1.061538
2913,342,349,371,434,386,6,8,2,4,2.000000,6.000000,52,19,62,3,1,4,7,29,92,1.192308
2914,342,349,352,401,342,0,3,3,4,0.000000,0.000000,44,3,48,0,1,1,7,10,59,1.090909
2915,342,343,347,400,305,0,3,4,4,0.000000,0.000000,51,3,53,1,0,1,1,5,58,1.039216
2916,343,348,353,371,386,1,8,4,4,0.000000,5.000000,18,3,18,2,0,2,5,10,28,1.000000
2917,343,456,456,519,237,0,0,4,-1,-1.000000,-1.000000,57,0,63,0,0,0,113,113,176,1.105263
2918,343,369,372,397,205,0,3,3,3,0.000000,1.000000,23,3,25,0,0,0,26,29,54,1.086957
2919,343,483,485,620,162,0,1,3,3,0.000000,3.000000,95,1,135,1,0,1,140,142,277,1.421053
2920,343,344,350,398,360,0,5,1,3,0.000000,2.000000,37,5,47,1,1,2,1,7,55,1.270270
2921,343,353,359,397,158,0,4,3,3,0.000000,2.000000,37,6,37,0,1,1,10,16,54,1.000000
2922,343,377,379,412,71,0,1,3,3,0.000000,3.000000,31,1,31,1,2,3,34,36,69,1.000000
2923,343,361,362,368,250,0,1,4,4,1.000000,3.000000,5,1,5,0,1,1,18,19,25,1.000000
2924,344,352,354,416,381,0,2,3,4,0.000000,9.000000,55,2,61,0,1,1,8,10,72,1.109091
2925,344,356,358,379,167,0,2,2,3,0.000000,2.000000,19,2,21,0,0,0,12,14,35,1.105263
2926,344,351,352,380,220,0,1,4,4,3.000000,8.000000,26,1,28,0,0,0,7,8,36,1.076923
2927,344,345,345,400,147,0,0,3,-1,-1.000000,-1.000000,42,0,54,0,1,1,1,1,56,1.285714
2928,344,350,355,384,320,0,5,4,3,3.000000,4.000000,27,5,27,0,2,2,6,11,40,1.000000
2929,344,351,352,416,383,0,1,4,4,0.000000,2.000000,64,1,64,0,0,0,7,8,72,1.000000
2930,345,361,399,438,239,0,8,3,4,1.000000,3.000000,35,2,39,0,0,0,16,54,93,1.114286
2931,345,348,349,392,366,0,1,3,3,1.000000,1.000000,38,1,42,0,1,1,3,4,47,1.105263
2932,345,362,363,374,374,0,1,4,4,3.000000,6.000000,11,1,11,0,0,0,17,18,29,1.000000
2933,345,350,354,357,237,0,4,4,3,0.000000,1.000000,3,4,3,0,0,0,5,9,12,1.000000
2934,346,347,348,380,196,0,1,3,3,0.000000,3.000000,31,1,31,0,1,1,1,2,34,1.000000
2935,346,353,354,412,65,0,1,3,3,2.000000,2.000000,51,1,57,0,1,1,7,8,66,1.117647
2936,346,355,383,402,124,0,5,4,3,0.000000,4.000000,16,7,18,0,1,1,9,37,56,1.125000
2937,346,347,349,368,258,0,2,3,3,0.000000,4.000000,16,2,18,0,1,1,1,3,22,1.125000
2938,346,382,384,420,121,0,2,4,4,0.000000,6.000000,24,2,30,0,6,6,36,38,74,1.250000
2939,346,363,363,450,270,0,0,3,-1,-1.000000,-1.000000,64,0,86,0,1,1,17,17,104,1.343750
2940,347,348,348,407,243,0,0,3,-1,-1.000000,-1.000000,58,0,58,0,1,1,1,1,60,1.000000
2941,347,355,361,399,340,0,2,3,4,0.000000,6.000000,37,4,37,2,1,3,8,14,52,1.000000
2942,347,388,394,431,105,1,4,3,4,0.000000,2.000000,37,5,37,1,0,1,41,47,84,1.000000
2943,347,432,433,478,98,0,1,2,2,0.000000,3.000000,43,1,43,0,2,2,85,86,131,1.000000
2944,347,348,375,414,30,2,7,2,3,0.000000,2.000000,37,7,39,1,0,1,1,28,67,1.054054
2945,347,374,375,457,323,0,1,3,3,1.000000,1.000000,77,1,81,0,1,1,27,28,110,1.051948
2946,348,364,366,376,214,1,8,4,3,2.000000,2.000000,9,2,9,0,1,1,16,18,28,1.000000
2947,348,385,388,456,156,0,3,2,3,0.000000,0.000000,63,3,67,0,1,1,37,40,108,1.063492
2948,348,361,364,401,279,0,3,4,4,1.000000,4.000000,37,3,37,0,0,0,13,16,53,1.000000
2949,348,349,349,405,288,0,0,4,-1,-1.000000,-1.000000,48,0,56,0,0,0,1,1,57,1.166667
2950,348,466,480,582,241,0,5,4,4,0.000000,2.000000,92,4,100,1,2,3,118,132,234,1.086957
2951,348,456,459,467,372,1,6,4,4,0.000000,5.000000,8,3,8,0,0,0,108,111,119,1.000000
2952,348,350,358,381,154,0,8,2,3,1.000000,4.000000,17,8,23,0,0,0,2,10,33,1.352941
2953,349,352,355,382,358,0,3,4,4,1.000000,3.000000,26,3,26,0,1,1,3,6,33,1.000000
2954,349,351,354,389,301,1,4,4,3,1.000000,1.000000,35,3,35,0,0,0,2,5,40,1.000000
2955,349,365,371,430,244,0,6,2,3,0.000000,1.000000,54,6,58,0,1,1,16,22,81,1.074074
2956,349,376,376,445,281,0,0,3,-1,-1.000000,-1.000000,62,0,68,0,1,1,27,27,96,1.096774
2957,349,401,406,454,283,0,5,3,4,2.000000,6.000000,44,3,46,0,2,2,52,57,105,1.045455
2958,349,352,359,436,24,0,7,2,3,0.000000,2.000000,71,7,77,0,0,0,3,10,87,1.084507
2959,349,371,373,423,23,0,2,2,4,2.000000,6.000000,45,2,49,0,1,1,22,24,74,1.088889
2960,349,415,416,484,333,0,1,3,3,1.000000,4.000000,63,1,65,0,3,3,66,67,135,1.031746
2961,349,354,359,402,311,0,5,4,3,0.000000,3.000000,43,5,43,0,0,0,5,10,53,1.000000
2962,349,362,387,449,392,2,4,3,4,0.000000,6.000000,56,14,62,0,0,0,13,38,100,1.107143
2963,350,356,357,387,105,0,1,1,1,0.000000,0.000000,26,1,30,0,0,0,6,7,37,1.153846
2964,350,351,357,379,60,2,8,2,4,1.000000,4.000000,19,3,21,0,1,1,1,7,29,1.105263
2965,350,359,360,468,13,0,1,3,3,4.000000,4.000000,96,1,104,0,4,4,9,10,118,1.083333
2966,350,411,413,473,140,0,2,4,2,0.000000,0.000000,54,2,60,0,0,0,61,63,123,1.111111
2967,350,356,358,386,124,1,6,3,4,0.000000,2.000000,27,2,27,0,1,1,6,8,36,1.000000
2968,350,357,365,450,21,1,7,3,4,4.000000,4.000000,72,8,84,0,1,1,7,15,100,1.166667
2969,351,352,360,393,60,0,4,3,4,4.000000,7.000000,27,8,31,0,2,2,1,9,42,1.148148
2970,351,407,409,530,143,0,2,3,3,0.000000,3.000000,104,2,120,0,1,1,56,58,179,1.153846
2971,351,362,367,399,239,2,4,4,3,0.000000,3.000000,29,5,31,0,1,1,11,16,48,1.068966
2972,351,375,375,419,251,0,0,4,-1,-1.000000,-1.000000,41,0,43,0,1,1,24,24,68,1.048780
2973,351,352,369,393,124,1,8,4,3,0.000000,2.000000,24,14,24,0,0,0,1,18,42,1.000000
2974,351,352,352,395,247,0,0,4,-1,-1.000000,-1.000000,34,0,42,0,1,1,1,1,44,1.235294
2975,351,369,391,485,258,1,3,3,4,0.000000,4.000000,84,10,90,2,4,6,18,40,134,1.071429
2976,351,414,415,477,299,0,1,4,4,1.000000,6.000000,60,1,60,0,2,2,63,64,126,1.000000
2977,351,407,409,510,236,0,2,3,2,0.000000,0.000000,92,2,100,0,1,1,56,58,159,1.086957
2978,351,354,354,436,398,0,0,4,-1,-1.000000,-1.000000,65,0,81,0,1,1,3,3,85,1.246154
2979,351,409,411,494,385,0,2,3,4,0.000000,4.000000,78,2,80,0,3,3,58,60,143,1.025641
2980,352,367,369,408,173,0,2,3,4,2.000000,4.000000,33,2,37,0,2,2,15,17,56,1.121212
2981,352,353,376,438,132,1,10,3,3,3.000000,3.000000,51,16,59,0,3,3,1,24,86,1.156863
2982,352,353,360,446,83,1,4,3,3,0.000000,3.000000,83,7,85,0,1,1,1,8,94,1.024096
2983,353,358,384,404,13,3,5,4,4,0.000000,3.000000,14,20,20,2,0,2,5,31,51,1.428571
2984,353,383,384,431,358,0,1,4,4,1.000000,4.000000,36,1,46,0,1,1,30,31,78,1.277778
2985,353,376,376,452,146,0,0,4,-1,-1.000000,-1.000000,58,0,74,0,2,2,23,23,99,1.275862
2986,353,357,379,432,51,3,11,4,4,2.000000,6.000000,45,11,51,0,2,2,4,26,79,1.133333
2987,353,503,503,541,318,0,0,4,-1,-1.000000,-1.000000,33,0,35,0,3,3,150,150,188,1.060606
2988,354,379,416,443,53,0,7,4,4,0.000000,4.000000,20,6,24,0,3,3,25,62,89,1.200000
2989,354,355,355,392,85,0,0,4,-1,-1.000000,-1.000000,33,0,37,0,0,0,1,1,38,1.121212
2990,354,380,395,437,377,0,2,1,3,2.000000,3.000000,41,2,41,1,1,2,26,41,83,1.000000
2991,354,356,365,401,357,0,8,2,3,0.000000,2.000000,36,8,36,1,0,1,2,11,47,1.000000
2992,354,359,359,401,46,0,0,4,-1,-1.000000,-1.000000,37,0,41,0,1,1,5,5,47,1.108108
2993,354,450,450,513,129,0,0,3,-1,-1.000000,-1.000000,52,0,62,0,1,1,96,96,159,1.192308
2994,354,360,370,388,374,0,2,3,3,4.000000,4.000000,13,7,15,0,3,3,6,16,34,1.153846
2995,354,360,364,413,370,0,4,3,4,0.000000,2.000000,46,4,48,0,1,1,6,10,59,1.043478
2996,354,398,399,458,264,0,1,3,3,3.000000,4.000000,50,1,56,0,3,3,44,45,104,1.120000
2997,354,374,396,438,353,0,8,4,4,0.000000,6.000000,36,13,40,0,2,2,20,42,84,1.111111
2998,354,373,400,455,27,0,13,3,4,0.000000,2.000000,50,2,52,0,3,3,19,46,101,1.040000
2999,355,356,357,402,271,0,1,3,3,1.000000,4.000000,42,1,44,0,1,1,1,2,47,1.047619
3000,355,468,471,513,225,0,2,1,4,0.000000,3.000000,40,2,40,1,2,3,113,116,158,1.000000
3001,355,359,360,438,153,0,1,3,3,1.000000,2.000000,71,1,75,0,3,3,4,5,83,1.056338
3002,355,356,360,382,132,1,7,4,3,0.000000,6.000000,20,4,20,0,2,2,1,5,27,1.000000
3003,355,356,365,421,216,0,16,3,2,0.000000,0.000000,50,7,54,0,2,2,1,10,66,1.080000
3004,355,356,356,466,332,0,0,3,-1,-1.000000,-1.000000,89,0,107,0,3,3,1,1,111,1.202247
3005,355,361,365,366,282,0,4,4,2,1.000000,2.000000,0,4,0,0,1,1,6,10,11,
3006,355,361,371,398,277,0,3,4,4,0.000000,3.000000,26,5,26,0,1,1,6,16,43,1.000000
3007,355,375,377,394,6,0,2,3,4,0.000000,3.000000,15,2,17,0,0,0,20,22,39,1.133333
3008,355,372,376,421,188,0,4,4,3,1.000000,3.000000,36,4,44,0,1,1,17,21,66,1.222222
3009,355,356,362,415,371,1,5,4,4,3.000000,3.000000,49,6,51,0,2,2,1,7,60,1.040816
3010,356,433,434,525,222,0,1,3,3,0.000000,3.000000,83,1,89,0,2,2,77,78,169,1.072289
3011,356,387,387,476,106,0,0,3,-1,-1.000000,-1.000000,76,0,88,0,1,1,31,31,120,1.157895
3012,356,365,366,427,313,0,1,4,4,0.000000,1.000000,56,1,58,0,3,3,9,10,71,1.035714
3013,356,372,378,384,295,1,3,4,4,1.000000,3.000000,5,5,5,1,1,2,16,22,28,1.000000
3014,356,362,364,454,25,0,2,3,4,0.000000,1.000000,78,2,90,0,0,0,6,8,98,1.153846
3015,356,367,373,466,54,0,4,4,4,1.000000,3.000000,78,3,90,0,3,3,11,17,110,1.153846
3016,356,368,369,426,389,0,1,4,4,0.000000,2.000000,55,1,55,0,2,2,12,13,70,1.000000
3017,356,458,465,512,258,0,6,4,3,0.000000,6.000000,38,4,46,1,1,2,102,109,156,1.210526
3018,357,369,375,405,285,2,6,2,4,0.000000,4.000000,29,6,29,0,1,1,12,18,48,1.000000
3019,357,358,365,393,51,0,7,3,3,3.000000,3.000000,20,7,26,0,2,2,1,8,36,1.300000
3020,357,389,393,462,315,1,5,3,3,0.000000,1.000000,59,4,67,0,2,2,32,36,105,1.135593
3021,357,393,394,484,366,0,1,3,3,2.000000,4.000000,76,1,86,0,4,4,36,37,127,1.131579
3022,357,420,421,470,339,0,1,2,2,4.000000,4.000000,46,1,46,0,3,3,63,64,113,1.000000
3023,358,359,371,408,142,2,7,4,3,0.000000,2.000000,34,11,36,1,1,2,1,13,50,1.058824
3024,358,370,371,441,250,1,5,4,3,1.000000,1.000000,61,1,69,0,1,1,12,13,83,1.131148
3025,358,559,572,639,274,1,7,2,4,0.000000,1.000000,60,13,66,0,1,1,201,214,281,1.100000
3026,358,359,361,379,266,0,2,3,4,1.000000,2.000000,18,2,18,0,0,0,1,3,21,1.000000
3027,358,359,375,422,274,1,10,4,4,0.000000,2.000000,38,13,46,1,1,2,1,17,64,1.210526
3028,359,546,546,589,71,0,0,4,-1,-1.000000,-1.000000,40,0,40,0,3,3,187,187,230,1.000000
3029,359,402,404,468,283,0,2,4,4,0.000000,5.000000,56,2,62,0,2,2,43,45,109,1.107143
3030,359,362,362,401,11,0,0,3,-1,-1.000000,-1.000000,35,0,39,0,0,0,3,3,42,1.114286
3031,359,360,369,437,142,0,9,3,4,0.000000,3.000000,59,9,67,0,1,1,1,10,78,1.135593
3032,359,371,371,435,273,0,0,4,-1,-1.000000,-1.000000,58,0,62,0,2,2,12,12,76,1.068966
3033,360,412,412,499,197,0,0,3,-1,-1.000000,-1.000000,78,0,84,0,3,3,52,52,139,1.076923
3034,360,371,371,390,276,0,0,4,-1,-1.000000,-1.000000,18,0,18,0,1,1,11,11,30,1.000000
3035,360,365,366,389,328,0,1,4,4,3.000000,5.000000,22,1,22,0,1,1,5,6,29,1.000000
3036,360,520,520,562,231,0,0,2,-1,-1.000000,-1.000000,31,0,35,0,7,7,160,160,202,1.129032
3037,360,469,486,558,364,0,5,2,4,0.000000,3.000000,61,6,71,0,1,1,109,126,198,1.163934
3038,360,361,375,444,274,3,2,2,3,0.000000,2.000000,67,13,69,1,0,1,1,15,84,1.029851
3039,360,363,363,400,309,0,0,3,-1,-1.000000,-1.000000,33,0,37,0,0,0,3,3,40,1.121212
3040,361,366,372,414,256,0,2,3,3,5.000000,7.000000,31,6,41,0,1,1,5,11,53,1.322581
3041,361,383,399,475,7,1,6,3,3,0.000000,5.000000,74,8,74,1,2,3,22,38,114,1.000000
3042,361,516,518,544,250,0,2,2,4,3.000000,5.000000,25,2,25,0,1,1,155,157,183,1.000000
3043,361,384,385,484,345,0,1,3,3,1.000000,1.000000,91,1,95,0,4,4,23,24,123,1.043956
3044,361,362,379,469,139,0,7,3,3,1.000000,2.000000,79,4,87,0,3,3,1,18,108,1.101266
3045,361,400,476,512,182,0,2,3,4,0.000000,3.000000,33,1,33,0,3,3,39,115,151,1.000000
3046,361,363,368,414,41,0,3,4,3,4.000000,5.000000,39,2,45,2,1,3,2,7,53,1.153846
3047,361,362,362,412,275,0,0,3,-1,-1.000000,-1.000000,44,0,50,0,0,0,1,1,51,1.136364
3048,361,368,440,495,134,0,8,3,4,0.000000,6.000000,52,2,54,0,1,1,7,79,134,1.038462
3049,362,371,373,428,268,0,2,2,3,0.000000,0.000000,47,2,53,0,2,2,9,11,66,1.127660
3050,362,363,368,389,124,0,5,4,3,1.000000,1.000000,21,5,21,0,0,0,1,6,27,1.000000
3051,362,366,372,417,169,1,15,3,4,0.000000,4.000000,43,6,43,0,2,2,4,10,55,1.000000
3052,362,364,369,402,52,0,5,2,3,2.000000,2.000000,31,5,33,0,0,0,2,7,40,1.064516
3053,362,375,379,439,235,0,4,4,2,0.000000,2.000000,52,4,58,0,2,2,13,17,77,1.115385
3054,362,544,553,593,312,1,10,2,3,1.000000,2.000000,30,9,36,0,4,4,182,191,231,1.200000
3055,362,384,386,431,91,0,2,2,3,0.000000,0.000000,39,2,45,0,0,0,22,24,69,1.153846
3056,362,363,366,412,132,0,3,3,3,2.000000,2.000000,39,3,45,0,1,1,1,4,50,1.153846
3057,363,364,367,403,208,0,3,4,3,2.000000,2.000000,33,3,35,0,1,1,1,4,40,1.060606
3058,363,364,368,424,41,0,3,4,4,0.000000,3.000000,40,1,50,0,6,6,1,5,61,1.250000
3059,363,364,371,396,139,0,5,4,4,2.000000,4.000000,16,7,24,0,1,1,1,8,33,1.500000
3060,364,365,380,442,330,1,6,2,4,1.000000,3.000000,50,3,62,0,0,0,1,16,78,1.240000
3061,364,368,373,424,386,1,3,4,4,0.000000,1.000000,42,5,50,0,1,1,4,9,60,1.190476
3062,364,367,367,434,0,0,0,3,-1,-1.000000,-1.000000,57,0,63,0,4,4,3,3,70,1.105263
3063,364,393,393,475,337,0,0,3,-1,-1.000000,-1.000000,70,0,82,0,0,0,29,29,111,1.171429
3064,364,405,460,512,299,0,2,4,3,6.000000,6.000000,45,10,51,0,1,1,41,96,148,1.133333
3065,364,365,374,417,259,0,6,4,3,0.000000,3.000000,42,8,42,1,1,2,1,10,53,1.000000
3066,364,373,466,552,323,0,1,4,4,0.000000,2.000000,84,5,86,0,0,0,9,102,188,1.023810
3067,365,425,452,511,305,0,4,4,4,2.000000,6.000000,58,6,58,0,1,1,60,87,146,1.000000
3068,365,370,377,417,40,0,7,3,3,1.000000,2.000000,32,7,38,0,2,2,5,12,52,1.187500
3069,365,370,370,467,102,0,0,4,-1,-1.000000,-1.000000,73,0,93,0,4,4,5,5,102,1.273973
3070,365,370,385,413,210,0,7,3,4,0.000000,3.000000,26,2,28,0,0,0,5,20,48,1.076923
3071,365,369,374,418,250,2,5,2,3,1.000000,1.000000,35,5,41,0,3,3,4,9,53,1.171429
3072,365,368,369,399,182,0,1,3,3,5.000000,5.000000,27,1,29,0,1,1,3,4,34,1.074074
3073,365,386,394,447,282,0,8,2,4,2.000000,3.000000,47,8,53,0,0,0,21,29,82,1.127660
3074,366,476,476,561,337,0,0,2,-1,-1.000000,-1.000000,80,0,84,0,1,1,110,110,195,1.050000
3075,366,378,384,437,69,0,6,4,4,0.000000,4.000000,51,6,51,0,2,2,12,18,71,1.000000
3076,366,372,378,425,361,0,6,4,4,0.000000,4.000000,44,6,46,0,1,1,6,12,59,1.045455
3077,366,367,369,399,267,0,2,2,3,6.000000,6.000000,23,2,29,0,1,1,1,3,33,1.260870
3078,366,367,367,410,163,0,0,3,-1,-1.000000,-1.000000,43,0,43,0,0,0,1,1,44,1.000000
3079,366,371,371,404,352,0,0,3,-1,-1.000000,-1.000000,31,0,31,0,2,2,5,5,38,1.000000
3080,366,432,432,461,310,0,0,3,-1,-1.000000,-1.000000,27,0,27,0,2,2,66,66,95,1.000000
3081,366,371,373,451,298,0,2,2,3,0.000000,0.000000,72,2,78,0,0,0,5,7,85,1.083333
3082,366,367,381,423,321,3,8,3,3,0.000000,1.000000,40,13,40,1,2,3,1,15,57,1.000000
3083,367,391,396,458,81,0,4,3,4,0.000000,3.000000,51,4,61,1,1,2,24,29,91,1.196078
3084,367,435,435,457,343,0,0,4,-1,-1.000000,-1.000000,21,0,21,0,1,1,68,68,90,1.000000
3085,367,374,375,422,3,0,1,4,4,0.000000,7.000000,44,1,46,0,1,1,7,8,55,1.045455
3086,367,383,385,406,236,0,2,3,4,1.000000,5.000000,19,2,21,0,0,0,16,18,39,1.105263
3087,367,368,370,438,54,0,2,4,4,1.000000,1.000000,65,2,67,0,1,1,1,3,71,1.030769
3088,367,392,396,473,289,0,4,4,4,0.000000,6.000000,71,4,75,0,2,2,25,29,106,1.056338
3089,367,368,370,441,312,0,2,2,4,0.000000,3.000000,56,2,70,0,1,1,1,3,74,1.250000
3090,367,369,376,411,349,0,7,4,4,0.000000,4.000000,33,7,35,0,0,0,2,9,44,1.060606
3091,368,369,382,426,396,2,13,1,3,0.000000,0.000000,44,13,44,0,0,0,1,14,58,1.000000
3092,368,369,376,449,274,0,3,3,3,3.000000,3.000000,65,6,73,0,0,0,1,8,81,1.123077
3093,368,377,385,431,204,1,7,1,4,4.000000,6.000000,37,8,45,0,1,1,9,17,63,1.216216
3094,368,420,420,480,251,0,0,3,-1,-1.000000,-1.000000,57,0,59,0,1,1,52,52,112,1.035088
3095,368,373,373,405,385,0,0,4,-1,-1.000000,-1.000000,26,0,32,0,0,0,5,5,37,1.230769
3096,368,384,384,448,254,0,0,3,-1,-1.000000,-1.000000,51,0,59,0,5,5,16,16,80,1.156863
3097,368,384,385,459,156,1,1,2,2,0.000000,0.000000,69,1,73,0,1,1,16,17,91,1.057971
3098,368,371,379,441,250,0,8,2,3,1.000000,2.000000,58,8,60,0,2,2,3,11,73,1.034483
3099,368,369,382,424,292,0,8,4,3,4.000000,4.000000,39,4,41,0,1,1,1,14,56,1.051282
3100,368,395,403,449,6,0,8,3,3,0.000000,3.000000,46,8,46,0,0,0,27,35,81,1.000000
3101,368,397,400,478,39,0,3,4,4,2.000000,6.000000,75,3,77,0,1,1,29,32,110,1.026667
3102,369,370,378,481,290,1,4,2,3,0.000000,0.000000,94,8,102,0,1,1,1,9,112,1.085106
3103,369,370,370,427,321,0,0,4,-1,-1.000000,-1.000000,55,0,57,0,0,0,1,1,58,1.036364
3104,369,375,378,448,82,0,3,2,2,1.000000,2.000000,65,3,69,0,1,1,6,9,79,1.061538
3105,369,372,372,431,228,0,0,4,-1,-1.000000,-1.000000,42,0,56,0,3,3,3,3,62,1.333333
3106,369,500,500,598,3,0,0,4,-1,-1.000000,-1.000000,84,0,98,0,0,0,131,131,229,1.166667
3107,370,413,416,477,132,0,1,3,3,1.000000,4.000000,52,2,60,0,1,1,43,46,107,1.153846
3108,370,390,392,414,257,0,2,3,3,0.000000,2.000000,15,2,21,0,1,1,20,22,44,1.400000
3109,370,371,371,388,64,0,0,4,-1,-1.000000,-1.000000,17,0,17,0,0,0,1,1,18,1.000000
3110,370,380,380,404,261,0,0,4,-1,-1.000000,-1.000000,22,0,24,0,0,0,10,10,34,1.090909
3111,370,375,375,441,152,0,0,4,-1,-1.000000,-1.000000,62,0,66,0,0,0,5,5,71,1.064516
3112,370,379,382,449,16,1,3,2,3,3.000000,6.000000,56,2,66,1,1,2,9,12,79,1.178571
3113,370,388,392,438,294,0,4,3,4,3.000000,6.000000,29,4,45,0,1,1,18,22,68,1.551724
3114,370,377,397,412,345,2,4,3,3,0.000000,2.000000,14,15,14,2,1,3,7,27,42,1.000000
3115,370,391,392,434,129,0,1,2,2,0.000000,2.000000,37,1,39,0,3,3,21,22,64,1.054054
3116,370,381,470,535,196,0,5,3,4,1.000000,3.000000,52,4,62,2,3,5,11,100,165,1.192308
3117,370,372,379,400,359,0,7,1,3,0.000000,2.000000,17,7,21,0,0,0,2,9,30,1.235294
3118,370,371,375,411,382,0,4,4,4,2.000000,5.000000,35,4,35,0,1,1,1,5,41,1.000000
3119,370,371,372,449,134,0,1,3,3,1.000000,3.000000,73,1,77,0,0,0,1,2,79,1.054795
3120,371,377,391,454,350,1,2,2,2,2.000000,2.000000,52,13,62,1,1,2,6,20,83,1.192308
3121,371,469,471,523,373,0,2,3,4,0.000000,7.000000,47,2,51,0,1,1,98,100,152,1.085106
3122,371,372,372,442,111,0,0,3,-1,-1.000000,-1.000000,67,0,69,0,1,1,1,1,71,1.029851
3123,371,372,387,459,79,2,2,3,3,0.000000,2.000000,67,14,71,1,1,2,1,16,88,1.059701
3124,371,372,377,415,339,0,5,3,4,0.000000,7.000000,29,5,35,0,3,3,1,6,44,1.206897
3125,371,380,387,414,229,0,7,3,4,1.000000,2.000000,23,7,27,0,0,0,9,16,43,1.173913
3126,371,408,413,461,261,0,2,3,4,0.000000,3.000000,43,4,47,1,1,2,37,42,90,1.093023
3127,371,466,474,546,54,0,8,4,3,0.000000,0.000000,65,8,71,0,1,1,95,103,175,1.092308
3128,371,380,388,471,396,1,4,3,3,0.000000,2.000000,73,8,81,0,2,2,9,17,100,1.109589
3129,371,525,526,628,331,0,1,3,3,0.000000,0.000000,92,1,102,0,0,0,154,155,257,1.108696
3130,371,386,387,418,87,0,1,3,3,0.000000,4.000000,24,1,30,0,1,1,15,16,47,1.250000
3131,371,372,376,399,210,0,4,2,4,1.000000,2.000000,16,4,22,0,1,1,1,5,28,1.375000
3132,372,376,376,409,135,0,0,3,-1,-1.000000,-1.000000,30,0,32,0,1,1,4,4,37,1.066667
3133,372,378,384,455,151,0,6,4,3,2.000000,2.000000,57,6,71,0,0,0,6,12,83,1.245614
3134,372,382,383,455,192,0,1,3,3,0.000000,3.000000,72,1,72,0,0,0,10,11,83,1.000000
3135,372,382,387,405,224,0,5,4,4,0.000000,0.000000,18,5,18,0,0,0,10,15,33,1.000000
3136,372,427,442,475,212,0,5,3,4,0.000000,4.000000,32,5,32,0,1,1,55,70,103,1.000000
3137,372,373,374,445,126,0,1,4,4,1.000000,2.000000,71,1,71,0,0,0,1,2,73,1.000000
3138,373,374,377,402,258,0,3,4,4,1.000000,2.000000,18,3,24,0,1,1,1,4,29,1.333333
3139,373,405,411,439,261,1,3,4,3,1.000000,2.000000,28,6,28,0,0,0,32,38,66,1.000000
3140,373,383,387,450,322,0,4,4,4,0.000000,4.000000,60,4,62,0,1,1,10,14,77,1.033333
3141,374,381,387,457,317,1,4,3,4,0.000000,1.000000,61,5,67,1,3,4,7,13,83,1.098361
3142,374,401,401,433,114,0,0,3,-1,-1.000000,-1.000000,28,0,30,0,2,2,27,27,59,1.071429
3143,374,382,384,407,154,0,2,3,3,0.000000,4.000000,23,2,23,0,0,0,8,10,33,1.000000
3144,374,419,422,481,326,0,2,3,3,0.000000,5.000000,46,2,56,0,3,3,45,48,107,1.217391
3145,374,377,385,405,295,0,8,2,4,1.000000,3.000000,16,8,20,0,0,0,3,11,31,1.250000
3146,374,379,380,463,378,0,1,3,3,0.000000,6.000000,66,1,78,0,5,5,5,6,89,1.181818
3147,374,469,472,535,280,1,6,1,4,0.000000,1.000000,57,3,63,0,0,0,95,98,161,1.105263
3148,374,401,406,450,63,0,5,3,4,0.000000,2.000000,35,5,41,0,3,3,27,32,76,1.171429
3149,374,375,385,428,27,1,6,4,3,0.000000,4.000000,39,9,43,0,0,0,1,11,54,1.102564
3150,375,427,438,474,377,2,12,2,3,5.000000,5.000000,31,10,33,1,3,4,52,63,99,1.064516
3151,375,404,405,502,187,0,1,4,4,0.000000,6.000000,76,1,96,0,1,1,29,30,127,1.263158
3152,375,380,382,412,266,0,2,3,4,1.000000,2.000000,26,2,30,0,0,0,5,7,37,1.153846
3153,375,376,378,428,27,1,2,4,4,0.000000,4.000000,46,2,48,0,2,2,1,3,53,1.043478
3154,375,376,396,467,145,1,2,3,3,0.000000,5.000000,65,13,69,1,2,3,1,21,92,1.061538
3155,375,389,399,425,245,3,5,3,3,0.000000,2.000000,23,10,25,0,1,1,14,24,50,1.086957
3156,376,536,538,619,55,0,2,4,4,0.000000,5.000000,70,2,78,0,3,3,160,162,243,1.114286
3157,376,392,393,427,73,0,1,3,3,2.000000,4.000000,31,1,31,0,3,3,16,17,51,1.000000
3158,376,402,403,435,279,0,1,3,3,1.000000,2.000000,29,1,31,0,1,1,26,27,59,1.068966
3159,376,377,378,417,118,0,1,3,3,0.000000,2.000000,36,1,38,0,1,1,1,2,41,1.055556
3160,376,380,380,458,213,0,0,4,-1,-1.000000,-1.000000,61,0,77,0,1,1,4,4,82,1.262295
3161,376,381,383,405,160,1,5,4,4,0.000000,11.000000,22,2,22,0,0,0,5,7,29,1.000000
3162,376,556,809,880,332,0,3,3,4,0.000000,3.000000,67,6,69,1,2,3,180,433,504,1.029851
3163,376,430,443,505,267,0,4,4,2,1.000000,1.000000,54,11,62,1,0,1,54,67,129,1.148148
3164,377,380,388,487,167,1,5,3,3,0.000000,0.000000,87,7,95,0,4,4,3,11,110,1.091954
3165,377,378,398,465,310,1,9,4,4,0.000000,1.000000,63,20,67,0,0,0,1,21,88,1.063492
3166,377,395,397,465,68,0,2,2,4,1.000000,5.000000,56,2,66,0,2,2,18,20,88,1.178571
3167,377,393,395,422,193,0,2,3,3,1.000000,2.000000,26,2,26,0,1,1,16,18,45,1.000000
3168,377,389,403,424,129,0,2,2,4,0.000000,5.000000,21,4,21,0,0,0,12,26,47,1.000000
3169,377,392,394,434,80,1,2,4,3,1.000000,3.000000,36,2,38,0,2,2,15,17,57,1.055556
3170,378,379,384,411,145,0,5,3,3,0.000000,0.000000,23,5,27,0,0,0,1,6,33,1.173913
3171,378,380,412,469,53,2,6,3,3,5.000000,6.000000,46,7,52,0,5,5,2,34,91,1.130435
3172,378,384,388,395,255,1,12,4,4,0.000000,4.000000,7,4,7,0,0,0,6,10,17,1.000000
3173,378,390,390,442,124,0,0,3,-1,-1.000000,-1.000000,45,0,51,0,1,1,12,12,64,1.133333
3174,378,385,387,408,320,0,2,4,4,0.000000,1.000000,13,2,19,0,2,2,7,9,30,1.461538
3175,378,404,405,444,104,0,1,3,3,1.000000,2.000000,32,1,38,0,1,1,26,27,66,1.187500
3176,378,382,384,426,249,0,2,4,3,0.000000,7.000000,34,2,40,0,2,2,4,6,48,1.176471
3177,379,381,381,385,234,0,0,3,-1,-1.000000,-1.000000,4,0,4,0,0,0,2,2,6,1.000000
3178,379,458,460,495,118,0,2,3,4,0.000000,4.000000,27,2,35,0,0,0,79,81,116,1.296296
3179,379,381,383,457,220,0,3,2,3,5.000000,5.000000,65,0,73,1,1,2,2,4,78,1.123077
3180,379,425,425,529,319,0,0,3,-1,-1.000000,-1.000000,103,0,103,0,1,1,46,46,150,1.000000
3181,379,388,403,452,350,0,8,3,3,0.000000,0.000000,46,14,48,1,1,2,9,24,73,1.043478
3182,379,380,385,414,204,0,4,4,4,1.000000,3.000000,23,2,25,0,4,4,1,6,35,1.086957
3183,379,381,388,437,191,0,8,4,3,0.000000,1.000000,46,3,48,1,1,2,2,9,58,1.043478
3184,379,382,384,450,18,0,2,3,4,4.000000,8.000000,60,2,60,0,6,6,3,5,71,1.000000
3185,380,382,402,414,297,1,14,3,4,0.000000,4.000000,12,11,12,1,0,1,2,22,34,1.000000
3186,380,381,382,431,53,0,1,4,4,0.000000,4.000000,39,1,47,0,2,2,1,2,51,1.205128
3187,380,383,383,479,108,0,0,3,-1,-1.000000,-1.000000,89,0,95,0,1,1,3,3,99,1.067416
3188,380,440,440,544,119,0,0,4,-1,-1.000000,-1.000000,89,0,101,0,3,3,60,60,164,1.134831
3189,380,483,494,556,89,0,5,3,3,0.000000,3.000000,58,8,62,0,0,0,103,114,176,1.068966
3190,380,392,397,485,245,0,5,3,2,2.000000,2.000000,86,5,88,0,0,0,12,17,105,1.023256
3191,380,385,398,418,191,1,12,3,3,0.000000,2.000000,17,13,19,0,1,1,5,18,38,1.117647
3192,380,381,385,445,353,0,4,4,4,2.000000,8.000000,48,4,60,0,0,0,1,5,65,1.250000
3193,380,412,415,446,198,0,3,3,3,0.000000,3.000000,25,3,29,0,2,2,32,35,66,1.160000
3194,380,381,382,409,204,0,1,4,4,0.000000,6.000000,27,1,27,0,0,0,1,2,29,1.000000
3195,381,457,517,580,372,0,4,3,3,0.000000,5.000000,57,8,61,1,2,3,76,136,199,1.070175
3196,381,382,395,472,167,0,2,4,2,0.000000,0.000000,74,3,74,0,3,3,1,14,91,1.000000
3197,381,382,383,413,220,0,1,4,4,0.000000,4.000000,30,1,30,0,0,0,1,2,32,1.000000
3198,381,421,468,528,326,0,5,3,3,2.000000,4.000000,47,5,57,2,3,5,40,87,147,1.212766
3199,381,442,453,524,340,0,2,2,3,2.000000,5.000000,55,2,69,1,2,3,61,72,143,1.254545
3200,381,382,383,413,16,0,1,2,2,1.000000,1.000000,26,1,30,0,0,0,1,2,32,1.153846
3201,381,383,386,408,57,0,3,3,2,0.000000,2.000000,17,3,21,0,1,1,2,5,27,1.235294
3202,381,405,411,452,240,0,5,3,4,3.000000,6.000000,37,5,41,1,0,1,24,30,71,1.108108
3203,381,385,385,463,241,0,0,3,-1,-1.000000,-1.000000,74,0,78,0,0,0,4,4,82,1.054054
3204,381,382,395,405,191,2,10,3,4,1.000000,2.000000,8,12,10,1,0,1,1,14,24,1.250000
3205,381,384,384,492,125,0,0,3,-1,-1.000000,-1.000000,92,0,106,0,2,2,3,3,111,1.152174
3206,382,412,412,457,145,0,0,4,-1,-1.000000,-1.000000,34,0,44,0,1,1,30,30,75,1.294118
3207,382,383,385,417,184,0,2,3,2,3.000000,3.000000,32,2,32,0,0,0,1,3,35,1.000000
3208,382,406,407,495,363,0,1,2,2,0.000000,2.000000,80,1,86,0,2,2,24,25,113,1.075000
3209,382,447,452,472,96,0,2,3,4,1.000000,6.000000,20,4,20,1,0,1,65,70,90,1.000000
3210,382,383,397,435,160,0,8,2,4,1.000000,6.000000,30,4,34,0,4,4,1,15,53,1.133333
3211,382,387,391,472,302,0,2,3,4,5.000000,7.000000,77,3,79,0,2,2,5,9,90,1.025974
3212,382,395,395,457,85,0,0,2,-1,-1.000000,-1.000000,54,0,56,0,6,6,13,13,75,1.037037
3213,382,400,404,478,181,0,2,3,4,1.000000,1.000000,74,4,74,0,0,0,18,22,96,1.000000
3214,383,384,388,432,167,0,4,2,3,0.000000,0.000000,39,4,41,0,3,3,1,5,49,1.051282
3215,383,385,406,481,255,2,19,2,4,0.000000,3.000000,60,19,72,2,3,5,2,23,98,1.200000
3216,383,384,386,406,7,0,2,4,4,3.000000,5.000000,20,2,20,0,0,0,1,3,23,1.000000
3217,383,416,436,460,132,0,3,4,3,1.000000,2.000000,17,2,23,1,1,2,33,53,77,1.352941
3218,383,384,385,425,324,1,5,4,3,3.000000,4.000000,35,1,39,0,1,1,1,2,42,1.114286
3219,383,390,424,454,176,1,8,4,3,4.000000,5.000000,22,10,26,1,4,5,7,41,71,1.181818
3220,383,385,421,450,4,0,6,4,3,0.000000,4.000000,19,16,27,4,2,6,2,38,67,1.421053
3221,383,416,418,437,95,0,2,3,3,0.000000,0.000000,19,2,19,0,0,0,33,35,54,1.000000
3222,384,402,406,458,66,0,4,3,2,0.000000,1.000000,48,4,50,0,2,2,18,22,74,1.041667
3223,384,477,477,559,20,0,0,4,-1,-1.000000,-1.000000,69,0,77,0,5,5,93,93,175,1.115942
3224,384,399,400,469,130,0,1,4,4,0.000000,7.000000,64,1,66,0,3,3,15,16,85,1.031250
3225,384,458,473,528,156,0,7,4,3,0.000000,1.000000,54,1,54,0,1,1,74,89,144,1.000000
3226,384,401,404,482,359,0,3,4,4,3.000000,6.000000,65,3,75,0,3,3,17,20,98,1.153846
3227,384,404,406,469,291,0,2,3,3,6.000000,6.000000,59,2,59,0,4,4,20,22,85,1.000000
3228,384,401,413,431,291,3,5,4,3,5.000000,6.000000,18,10,18,2,0,2,17,29,47,1.000000
3229,384,421,426,510,168,0,5,3,4,0.000000,4.000000,78,5,84,0,0,0,37,42,126,1.076923
3230,384,385,437,483,160,2,7,4,3,1.000000,4.000000,38,7,42,1,4,5,1,53,99,1.105263
3231,385,386,389,443,191,0,3,4,3,1.000000,1.000000,50,3,54,0,0,0,1,4,58,1.080000
3232,385,388,402,483,22,0,7,3,4,0.000000,2.000000,78,11,80,0,1,1,3,17,98,1.025641
3233,385,386,399,435,160,1,6,4,3,1.000000,4.000000,35,11,35,2,1,3,1,14,50,1.000000
3234,385,454,454,482,77,0,0,3,-1,-1.000000,-1.000000,24,0,28,0,0,0,69,69,97,1.166667
3235,385,427,439,454,150,2,3,2,3,0.000000,3.000000,15,12,15,0,0,0,42,54,69,1.000000
3236,386,408,411,449,115,0,3,3,3,0.000000,5.000000,38,2,38,0,0,0,22,25,63,1.000000
3237,386,387,401,467,234,3,10,4,4,4.000000,6.000000,63,11,65,1,1,2,1,15,81,1.031746
3238,386,387,393,431,310,0,6,3,3,0.000000,1.000000,32,6,38,0,0,0,1,7,45,1.187500
3239,386,389,397,442,61,0,6,4,4,2.000000,2.000000,45,8,45,0,0,0,3,11,56,1.000000
3240,386,387,399,478,333,1,4,3,4,4.000000,7.000000,64,11,78,1,1,2,1,13,92,1.218750
3241,386,387,394,439,109,0,4,4,2,2.000000,2.000000,37,6,41,1,4,5,1,8,53,1.108108
3242,386,387,387,450,144,0,0,4,-1,-1.000000,-1.000000,61,0,61,0,2,2,1,1,64,1.000000
3243,386,392,393,470,15,0,1,4,4,0.000000,0.000000,66,1,76,0,1,1,6,7,84,1.151515
3244,387,653,653,705,182,0,0,4,-1,-1.000000,-1.000000,48,0,52,0,0,0,266,266,318,1.083333
3245,387,390,393,427,328,0,3,3,3,1.000000,3.000000,29,3,33,0,1,1,3,6,40,1.137931
3246,387,388,389,466,234,0,1,4,4,2.000000,5.000000,72,1,76,0,1,1,1,2,79,1.055556
3247,387,430,471,553,362,2,5,3,4,0.000000,4.000000,70,13,80,0,2,2,43,84,166,1.142857
3248,387,398,399,443,158,0,1,3,3,1.000000,2.000000,42,1,44,0,0,0,11,12,56,1.047619
3249,387,401,401,448,182,0,0,4,-1,-1.000000,-1.000000,46,0,46,0,1,1,14,14,61,1.000000
3250,388,391,400,443,276,0,6,3,3,2.000000,4.000000,42,8,42,0,1,1,3,12,55,1.000000
3251,388,391,396,450,75,0,5,2,4,1.000000,2.000000,44,5,54,0,0,0,3,8,62,1.227273
3252,388,394,395,473,306,0,1,4,4,2.000000,4.000000,68,1,74,0,4,4,6,7,85,1.088235
3253,388,393,395,466,221,0,2,3,2,0.000000,2.000000,58,2,64,0,7,7,5,7,78,1.103448
3254,388,434,434,470,183,0,0,4,-1,-1.000000,-1.000000,26,0,34,0,2,2,46,46,82,1.307692
3255,388,405,405,475,263,0,0,3,-1,-1.000000,-1.000000,68,0,68,0,2,2,17,17,87,1.000000
3256,388,454,456,497,268,0,2,4,3,0.000000,4.000000,35,2,39,0,2,2,66,68,109,1.114286
3257,389,390,390,471,297,0,0,3,-1,-1.000000,-1.000000,64,0,80,0,1,1,1,1,82,1.250000
3258,389,390,425,448,160,5,6,3,3,0.000000,2.000000,21,30,23,1,0,1,1,36,59,1.095238
3259,389,395,398,470,80,0,3,2,2,2.000000,3.000000,61,3,71,0,1,1,6,9,81,1.163934
3260,389,399,402,414,304,0,3,3,3,2.000000,3.000000,12,3,12,0,0,0,10,13,25,1.000000
3261,389,424,427,512,23,0,3,3,2,1.000000,1.000000,66,3,84,0,1,1,35,38,123,1.272727
3262,389,406,446,462,138,0,5,3,4,6.000000,7.000000,14,2,14,0,2,2,17,57,73,1.000000
3263,389,431,474,499,301,0,5,2,3,0.000000,3.000000,23,3,25,0,0,0,42,85,110,1.086957
3264,389,407,409,479,138,0,1,3,3,1.000000,2.000000,58,1,64,1,6,7,18,20,90,1.103448
3265,389,393,400,435,80,1,5,2,4,0.000000,5.000000,32,6,34,1,1,2,4,11,46,1.062500
3266,389,390,397,455,175,2,7,4,4,0.000000,4.000000,52,7,56,0,2,2,1,8,66,1.076923
3267,390,412,418,434,316,0,5,2,4,0.000000,4.000000,16,5,16,1,0,1,22,28,44,1.000000
3268,390,391,444,471,272,0,10,3,4,3.000000,8.000000,27,1,27,2,0,2,1,54,81,1.000000
3269,390,403,403,495,253,0,0,3,-1,-1.000000,-1.000000,67,0,85,0,7,7,13,13,105,1.268657
3270,390,393,417,456,333,0,6,4,3,0.000000,3.000000,39,7,39,1,0,1,3,27,66,1.000000
3271,390,393,394,438,10,0,1,4,4,0.000000,1.000000,42,1,42,0,2,2,3,4,48,1.000000
3272,390,391,396,456,88,0,9,1,3,0.000000,1.000000,57,3,59,0,1,1,1,6,66,1.035088
3273,391,393,430,455,85,2,2,3,4,2.000000,5.000000,17,6,25,0,0,0,2,39,64,1.470588
3274,391,405,407,440,360,0,2,4,4,0.000000,6.000000,32,2,32,0,1,1,14,16,49,1.000000
3275,391,407,412,476,186,0,3,3,3,2.000000,3.000000,55,5,61,0,3,3,16,21,85,1.109091
3276,391,399,447,492,252,0,5,4,3,0.000000,8.000000,42,1,44,0,1,1,8,56,101,1.047619
3277,391,392,393,465,22,0,1,4,4,1.000000,2.000000,62,1,70,0,2,2,1,2,74,1.129032
3278,392,394,402,458,80,0,9,2,3,2.000000,4.000000,43,3,55,0,1,1,2,10,66,1.279070
3279,392,393,393,462,272,0,0,3,-1,-1.000000,-1.000000,64,0,66,0,3,3,1,1,70,1.031250
3280,392,397,409,479,364,0,11,4,3,1.000000,1.000000,65,3,69,0,1,1,5,17,87,1.061538
3281,392,453,454,504,350,0,1,4,4,0.000000,2.000000,45,1,47,0,3,3,61,62,112,1.044444
3282,392,409,409,459,320,0,0,3,-1,-1.000000,-1.000000,42,0,48,0,2,2,17,17,67,1.142857
3283,392,398,398,475,205,0,0,3,-1,-1.000000,-1.000000,73,0,77,0,0,0,6,6,83,1.054795
3284,392,394,397,436,176,2,3,4,4,0.000000,8.000000,39,3,39,0,0,0,2,5,44,1.000000
3285,392,418,418,490,217,0,0,3,-1,-1.000000,-1.000000,55,0,71,0,1,1,26,26,98,1.290909
3286,392,393,396,453,276,0,3,2,3,2.000000,4.000000,42,3,52,0,5,5,1,4,61,1.238095
3287,393,394,402,459,42,1,5,3,4,0.000000,3.000000,52,7,54,1,3,4,1,9,66,1.038462
3288,393,394,400,429,327,0,6,1,2,0.000000,4.000000,25,6,27,0,2,2,1,7,36,1.080000
3289,393,402,426,462,342,1,3,4,4,5.000000,10.000000,36,10,36,0,0,0,9,33,69,1.000000
3290,393,423,423,503,121,0,0,2,-1,-1.000000,-1.000000,73,0,79,0,1,1,30,30,110,1.082192
3291,393,403,405,494,177,0,2,4,4,0.000000,2.000000,71,2,87,0,2,2,10,12,101,1.225352
3292,393,397,399,440,148,0,2,4,4,0.000000,6.000000,35,2,39,0,2,2,4,6,47,1.114286
3293,393,409,420,446,115,0,4,3,4,5.000000,7.000000,19,2,23,0,3,3,16,27,53,1.210526
3294,393,402,402,453,46,0,0,3,-1,-1.000000,-1.000000,43,0,47,0,4,4,9,9,60,1.093023
3295,394,400,422,428,43,2,7,4,2,1.000000,1.000000,6,16,6,1,0,1,6,28,34,1.000000
3296,394,396,422,462,300,0,7,4,3,3.000000,3.000000,34,4,38,1,2,3,2,28,68,1.117647
3297,394,403,403,469,271,0,0,4,-1,-1.000000,-1.000000,58,0,66,0,0,0,9,9,75,1.137931
3298,395,402,411,472,357,0,9,3,3,1.000000,2.000000,54,9,58,0,3,3,7,16,77,1.074074
3299,395,396,400,465,84,0,4,2,4,0.000000,3.000000,58,4,64,0,1,1,1,5,70,1.103448
3300,395,493,494,537,194,0,1,3,3,2.000000,4.000000,40,1,40,0,3,3,98,99,142,1.000000
3301,395,410,416,444,376,0,6,2,4,1.000000,2.000000,27,3,27,0,1,1,15,21,49,1.000000
3302,396,406,407,441,285,0,1,4,4,0.000000,11.000000,34,1,34,0,0,0,10,11,45,1.000000
3303,396,400,402,475,300,0,2,4,4,0.000000,6.000000,70,2,72,0,1,1,4,6,79,1.028571
3304,396,397,401,414,333,0,4,3,3,0.000000,3.000000,10,4,12,0,1,1,1,5,18,1.200000
3305,396,407,409,478,128,0,2,3,4,2.000000,2.000000,56,2,68,0,1,1,11,13,82,1.214286
3306,396,445,449,507,375,0,2,4,3,4.000000,4.000000,56,4,56,0,2,2,49,53,111,1.000000
3307,396,398,400,433,4,0,2,3,4,0.000000,7.000000,32,2,32,0,1,1,2,4,37,1.000000
3308,396,397,400,426,31,0,2,3,4,1.000000,2.000000,24,2,26,1,0,1,1,4,30,1.083333
3309,396,400,407,429,267,0,5,2,3,1.000000,1.000000,20,7,22,0,0,0,4,11,33,1.100000
3310,397,512,513,574,203,0,1,3,3,1.000000,2.000000,53,1,57,0,4,4,115,116,177,1.075472
3311,397,398,399,417,51,0,1,3,3,0.000000,3.000000,17,1,17,0,1,1,1,2,20,1.000000
3312,397,420,422,505,179,0,2,3,3,0.000000,5.000000,76,2,82,0,1,1,23,25,108,1.078947
3313,397,479,480,545,218,0,1,3,3,0.000000,2.000000,65,1,65,0,0,0,82,83,148,1.000000
3314,397,398,410,462,364,1,10,4,4,0.000000,4.000000,47,10,49,2,3,5,1,13,65,1.042553
3315,398,425,429,485,90,0,4,4,3,4.000000,4.000000,56,4,56,0,0,0,27,31,87,1.000000
3316,398,422,424,453,77,0,2,4,3,0.000000,5.000000,23,2,27,0,2,2,24,26,55,1.173913
3317,398,418,506,551,150,0,9,4,4,0.000000,3.000000,42,13,44,2,1,3,20,108,153,1.047619
3318,398,426,431,487,123,1,5,3,2,2.000000,2.000000,51,5,55,0,1,1,28,33,89,1.078431
3319,398,408,439,502,178,0,9,2,3,0.000000,8.000000,54,15,62,0,1,1,10,41,104,1.148148
3320,399,468,480,545,71,0,5,4,3,2.000000,2.000000,54,4,60,0,5,5,69,81,146,1.111111
3321,399,446,446,492,281,0,0,3,-1,-1.000000,-1.000000,42,0,44,0,2,2,47,47,93,1.047619
3322,399,427,427,459,389,0,0,4,-1,-1.000000,-1.000000,30,0,32,0,0,0,28,28,60,1.066667
3323,399,401,408,445,309,0,7,3,4,1.000000,2.000000,32,7,36,0,1,1,2,9,46,1.125000
3324,399,401,459,513,308,0,6,4,3,0.000000,2.000000,48,12,54,0,0,0,2,60,114,1.125000
3325,399,400,404,467,364,0,3,3,3,1.000000,2.000000,57,3,61,1,2,3,1,5,68,1.070175
3326,399,400,417,446,336,0,8,3,4,0.000000,5.000000,24,4,28,0,1,1,1,18,47,1.166667
3327,399,486,490,579,133,0,4,1,4,1.000000,2.000000,83,4,89,0,0,0,87,91,180,1.072289
3328,399,485,485,593,234,0,0,3,-1,-1.000000,-1.000000,102,0,108,0,0,0,86,86,194,1.058824
3329,400,404,406,449,399,2,5,2,3,1.000000,1.000000,39,2,43,0,0,0,4,6,49,1.102564
3330,400,407,408,429,7,0,1,3,3,0.000000,3.000000,19,1,19,0,2,2,7,8,29,1.000000
3331,400,470,471,543,391,0,1,2,2,0.000000,0.000000,66,1,70,0,2,2,70,71,143,1.060606
3332,400,417,433,490,381,0,5,4,4,0.000000,5.000000,55,6,55,0,2,2,17,33,90,1.000000
3333,400,419,424,499,381,0,3,4,4,2.000000,2.000000,63,3,71,2,4,6,19,24,99,1.126984
3334,400,406,423,474,399,4,6,4,4,0.000000,1.000000,44,6,48,3,3,6,6,23,74,1.090909
3335,400,444,448,493,191,0,4,3,3,2.000000,5.000000,35,4,39,0,6,6,44,48,93,1.114286
3336,400,402,404,439,11,0,1,3,3,3.000000,4.000000,29,1,33,1,2,3,2,4,39,1.137931
3337,400,403,407,470,52,0,4,2,3,0.000000,3.000000,57,4,59,0,4,4,3,7,70,1.035088
3338,400,401,414,486,127,1,6,4,4,0.000000,2.000000,62,13,68,0,4,4,1,14,86,1.096774
3339,400,561,602,636,332,0,1,2,2,3.000000,3.000000,32,2,32,0,2,2,161,202,236,1.000000
3340,400,403,407,457,258,0,4,3,3,1.000000,2.000000,44,4,48,0,2,2,3,7,57,1.090909
3341,401,497,501,537,343,0,3,3,4,0.000000,8.000000,28,3,34,1,2,3,96,100,136,1.214286
3342,401,431,431,485,133,0,0,4,-1,-1.000000,-1.000000,50,0,52,0,2,2,30,30,84,1.040000
3343,401,402,406,459,336,0,4,3,4,0.000000,4.000000,41,4,47,0,6,6,1,5,58,1.146341
3344,401,419,422,498,233,0,3,4,4,3.000000,6.000000,62,3,74,0,2,2,18,21,97,1.193548
3345,401,434,435,450,162,0,1,3,3,0.000000,3.000000,11,1,13,0,2,2,33,34,49,1.181818
3346,401,423,423,433,83,0,0,3,-1,-1.000000,-1.000000,8,0,10,0,0,0,22,22,32,1.250000
3347,401,482,504,561,247,0,5,3,3,1.000000,6.000000,51,2,57,0,0,0,81,103,160,1.117647
3348,401,415,418,457,41,0,3,2,4,2.000000,4.000000,33,3,37,0,2,2,14,17,56,1.121212
3349,401,405,407,458,159,0,2,3,4,2.000000,4.000000,47,2,51,0,0,0,4,6,57,1.085106
3350,401,465,467,482,219,0,2,3,4,3.000000,7.000000,15,2,15,0,0,0,64,66,81,1.000000
3351,402,404,408,458,367,0,4,3,4,0.000000,4.000000,47,4,47,0,3,3,2,6,56,1.000000
3352,402,422,427,477,1,0,5,2,2,0.000000,2.000000,42,5,44,0,6,6,20,25,75,1.047619
3353,402,406,407,479,101,0,1,3,3,0.000000,3.000000,60,1,70,0,2,2,4,5,77,1.166667
3354,402,429,433,462,73,1,6,4,4,1.000000,4.000000,25,2,27,1,2,3,27,31,60,1.080000
3355,402,410,418,474,135,0,6,2,3,2.000000,2.000000,48,8,54,0,2,2,8,16,72,1.125000
3356,402,413,417,432,65,0,4,2,4,0.000000,6.000000,8,4,14,0,1,1,11,15,30,1.750000
3357,403,421,457,504,203,6,13,4,3,1.000000,1.000000,40,18,44,0,3,3,18,54,101,1.100000
3358,403,407,407,473,36,0,0,4,-1,-1.000000,-1.000000,65,0,65,0,1,1,4,4,70,1.000000
3359,403,413,417,474,266,0,4,4,3,0.000000,4.000000,52,4,54,0,3,3,10,14,71,1.038462
3360,403,437,445,509,24,0,2,3,3,1.000000,2.000000,54,8,60,0,4,4,34,42,106,1.111111
3361,403,408,412,468,48,0,4,3,3,0.000000,0.000000,55,4,55,0,1,1,5,9,65,1.000000
3362,403,404,404,472,342,0,0,3,-1,-1.000000,-1.000000,63,0,67,0,1,1,1,1,69,1.063492
3363,404,414,420,462,220,0,6,4,3,3.000000,3.000000,39,4,41,0,1,1,10,16,58,1.051282
3364,404,433,438,517,65,2,7,2,3,1.000000,2.000000,74,5,78,0,1,1,29,34,113,1.054054
3365,404,518,587,619,231,0,1,4,4,4.000000,7.000000,32,3,32,0,0,0,114,183,215,1.000000
3366,404,469,472,496,148,0,3,2,4,0.000000,4.000000,15,3,21,0,3,3,65,68,92,1.400000
3367,404,405,405,438,43,0,0,4,-1,-1.000000,-1.000000,31,0,33,0,0,0,1,1,34,1.064516
3368,404,405,406,467,308,0,1,4,4,0.000000,2.000000,52,1,60,0,1,1,1,2,63,1.153846
3369,404,475,478,517,96,0,2,3,3,2.000000,4.000000,34,2,38,1,1,2,71,74,113,1.117647
3370,404,406,406,480,224,0,0,4,-1,-1.000000,-1.000000,72,0,72,0,2,2,2,2,76,1.000000
3371,404,435,436,505,244,0,1,3,3,0.000000,4.000000,66,1,66,0,3,3,31,32,101,1.000000
3372,405,406,406,413,352,0,0,2,-1,-1.000000,-1.000000,7,0,7,0,0,0,1,1,8,1.000000
3373,405,406,406,424,295,0,0,3,-1,-1.000000,-1.000000,13,0,17,0,1,1,1,1,19,1.307692
3374,405,411,414,432,163,1,4,4,4,0.000000,4.000000,16,3,18,0,0,0,6,9,27,1.125000
3375,405,436,436,488,161,0,0,4,-1,-1.000000,-1.000000,38,0,48,0,4,4,31,31,83,1.263158
3376,405,426,426,539,214,0,0,4,-1,-1.000000,-1.000000,102,0,110,0,3,3,21,21,134,1.078431
3377,405,416,484,523,169,0,5,4,4,3.000000,6.000000,37,5,37,1,2,3,11,79,118,1.000000
3378,405,411,418,457,74,2,9,4,3,0.000000,6.000000,35,3,39,1,0,1,6,13,52,1.114286
3379,405,409,411,435,262,0,2,4,4,4.000000,6.000000,24,2,24,0,0,0,4,6,30,1.000000
3380,405,406,409,474,127,0,3,3,4,0.000000,4.000000,61,3,65,0,0,0,1,4,69,1.065574
3381,405,449,450,579,182,0,1,2,2,0.000000,1.000000,116,1,128,0,1,1,44,45,174,1.103448
3382,406,407,411,461,385,1,5,3,4,0.000000,3.000000,49,4,49,0,1,1,1,5,55,1.000000
3383,406,407,439,524,14,2,4,3,3,0.000000,2.000000,79,15,85,1,0,1,1,33,118,1.075949
3384,406,408,413,455,372,0,4,3,2,3.000000,3.000000,40,4,42,1,0,1,2,7,49,1.050000
3385,406,411,476,601,206,0,15,4,4,0.000000,2.000000,103,14,125,0,0,0,5,70,195,1.213592
3386,406,407,407,444,200,0,0,4,-1,-1.000000,-1.000000,27,0,35,0,2,2,1,1,38,1.296296
3387,406,413,425,526,70,0,5,3,4,0.000000,4.000000,87,11,101,1,0,1,7,19,120,1.160920
3388,406,408,411,450,379,0,3,4,4,0.000000,5.000000,39,3,39,0,0,0,2,5,44,1.000000
3389,407,409,414,489,45,0,3,3,4,1.000000,7.000000,68,5,74,0,1,1,2,7,82,1.088235
3390,407,424,444,502,293,0,8,2,3,0.000000,2.000000,49,3,55,0,3,3,17,37,95,1.122449
3391,407,432,432,450,91,0,0,4,-1,-1.000000,-1.000000,14,0,16,0,2,2,25,25,43,1.142857
3392,407,408,409,480,243,0,1,3,3,0.000000,0.000000,58,1,70,0,1,1,1,2,73,1.206897
3393,407,413,414,471,287,0,1,4,4,1.000000,3.000000,55,1,55,0,2,2,6,7,64,1.000000
3394,407,415,418,475,169,0,11,4,2,4.000000,4.000000,51,2,57,0,0,0,8,11,68,1.117647
3395,407,420,422,478,218,0,2,3,4,0.000000,3.000000,51,2,55,0,1,1,13,15,71,1.078431
3396,407,465,475,495,58,0,2,3,4,2.000000,6.000000,19,4,19,0,1,1,58,68,88,1.000000
3397,407,415,442,456,131,0,14,2,4,0.000000,2.000000,12,9,14,0,0,0,8,35,49,1.166667
3398,408,409,431,489,178,0,10,4,4,3.000000,6.000000,41,4,55,0,3,3,1,23,81,1.341463
3399,408,410,412,462,204,0,2,4,4,7.000000,8.000000,44,2,48,0,2,2,2,4,54,1.090909
3400,408,409,415,473,173,0,5,3,4,1.000000,5.000000,44,5,54,1,4,5,1,7,65,1.227273
3401,408,414,414,451,370,0,0,2,-1,-1.000000,-1.000000,34,0,36,0,1,1,6,6,43,1.058824
3402,408,439,440,511,286,0,1,1,1,0.000000,0.000000,59,1,71,0,0,0,31,32,103,1.203390
3403,409,422,423,436,188,0,1,3,3,1.000000,2.000000,13,1,13,0,0,0,13,14,27,1.000000
3404,409,429,434,447,223,1,18,3,3,2.000000,2.000000,13,5,13,0,0,0,20,25,38,1.000000
3405,409,410,412,457,178,0,2,3,4,0.000000,3.000000,41,2,43,0,2,2,1,3,48,1.048780
3406,409,448,450,514,351,0,2,2,4,2.000000,6.000000,56,2,64,0,0,0,39,41,105,1.142857
3407,410,414,462,496,26,0,19,4,4,0.000000,2.000000,28,14,34,1,0,1,4,52,86,1.214286
3408,410,424,424,486,208,0,0,4,-1,-1.000000,-1.000000,52,0,62,0,0,0,14,14,76,1.192308
3409,410,451,452,509,270,0,1,4,4,0.000000,6.000000,50,1,56,0,1,1,41,42,99,1.120000
3410,410,415,419,449,256,0,4,4,3,1.000000,3.000000,30,4,30,0,0,0,5,9,39,1.000000
3411,410,412,429,527,349,1,8,3,3,0.000000,1.000000,84,4,98,0,0,0,2,19,117,1.166667
3412,410,411,470,523,120,1,3,3,4,2.000000,2.000000,50,8,52,0,1,1,1,60,113,1.040000
3413,411,415,419,433,229,0,4,3,4,0.000000,13.000000,6,4,12,0,2,2,4,8,22,2.000000
3414,411,429,480,551,396,0,5,3,3,4.000000,5.000000,60,2,70,1,1,2,18,69,140,1.166667
3415,411,414,454,509,349,0,8,4,4,0.000000,9.000000,46,1,52,0,3,3,3,43,98,1.130435
3416,411,451,461,504,18,0,9,2,3,0.000000,2.000000,43,9,43,1,0,1,40,50,93,1.000000
3417,411,483,491,556,255,0,7,3,4,1.000000,8.000000,57,7,63,1,2,3,72,80,145,1.105263
3418,411,412,415,430,120,0,3,3,4,0.000000,1.000000,15,3,15,0,0,0,1,4,19,1.000000
3419,411,419,424,440,201,0,5,3,4,0.000000,4.000000,11,5,15,0,1,1,8,13,29,1.363636
3420,411,424,487,569,3,1,9,4,4,2.000000,3.000000,67,15,81,2,1,3,13,76,158,1.208955
3421,412,414,419,477,116,0,5,2,4,1.000000,2.000000,51,5,55,0,3,3,2,7,65,1.078431
3422,412,413,414,430,14,0,1,3,3,0.000000,6.000000,13,1,15,0,1,1,1,2,18,1.153846
3423,412,424,428,500,394,0,1,4,4,5.000000,7.000000,53,3,71,1,1,2,12,16,88,1.339623
3424,412,413,413,469,399,0,0,3,-1,-1.000000,-1.000000,41,0,55,0,1,1,1,1,57,1.341463
3425,412,413,413,473,275,0,0,3,-1,-1.000000,-1.000000,55,0,59,0,1,1,1,1,61,1.072727
3426,412,413,414,489,79,0,1,4,4,0.000000,3.000000,51,1,73,0,2,2,1,2,77,1.431373
3427,412,420,421,470,277,0,1,2,2,0.000000,3.000000,44,1,48,0,1,1,8,9,58,1.090909
3428,412,423,434,506,395,0,11,4,3,0.000000,0.000000,60,11,72,0,0,0,11,22,94,1.200000
3429,413,415,420,468,257,0,2,3,4,2.000000,3.000000,46,4,46,1,2,3,2,7,55,1.000000
3430,413,414,421,447,368,1,9,3,4,2.000000,7.000000,23,7,25,0,1,1,1,8,34,1.086957
3431,413,429,429,473,348,0,0,3,-1,-1.000000,-1.000000,42,0,42,0,2,2,16,16,60,1.000000
3432,413,414,414,449,374,0,0,4,-1,-1.000000,-1.000000,29,0,35,0,0,0,1,1,36,1.206897
3433,413,422,456,537,391,0,3,3,4,2.000000,3.000000,75,3,81,0,0,0,9,43,124,1.080000
3434,413,419,429,484,26,3,14,3,3,2.000000,2.000000,55,10,55,0,0,0,6,16,71,1.000000
3435,413,418,430,452,189,1,7,3,4,3.000000,6.000000,14,3,22,1,0,1,5,17,39,1.571429
3436,413,419,425,468,218,0,6,4,3,4.000000,4.000000,38,2,42,0,1,1,6,12,55,1.105263
3437,414,518,520,563,139,0,2,3,3,0.000000,9.000000,40,2,42,0,1,1,104,106,149,1.050000
3438,414,458,462,495,262,0,4,4,3,1.000000,6.000000,18,3,30,0,3,3,44,48,81,1.666667
3439,414,438,443,523,398,0,5,3,3,0.000000,2.000000,70,5,80,0,0,0,24,29,109,1.142857
3440,414,443,443,488,211,0,0,4,-1,-1.000000,-1.000000,31,0,43,0,2,2,29,29,74,1.387097
3441,414,415,416,449,352,0,1,4,4,0.000000,1.000000,33,1,33,0,0,0,1,2,35,1.000000
3442,414,424,429,481,215,0,5,3,4,1.000000,1.000000,47,5,51,0,1,1,10,15,67,1.085106
3443,414,415,422,526,206,0,7,3,3,1.000000,2.000000,99,7,103,0,1,1,1,8,112,1.040404
3444,414,415,448,463,62,1,5,4,3,0.000000,2.000000,14,8,14,3,1,4,1,34,49,1.000000
3445,414,461,463,502,372,0,2,4,3,0.000000,6.000000,37,2,39,0,0,0,47,49,88,1.054054
3446,414,415,429,462,220,3,6,3,4,3.000000,6.000000,27,6,31,1,2,3,1,15,48,1.148148
3447,414,415,416,444,349,0,1,2,2,4.000000,4.000000,26,1,28,0,0,0,1,2,30,1.076923
3448,415,416,420,465,21,0,4,4,3,1.000000,3.000000,42,4,42,0,3,3,1,5,50,1.000000
3449,415,421,432,445,121,1,3,3,4,3.000000,7.000000,10,11,12,0,1,1,6,17,30,1.200000
3450,415,425,431,465,12,0,4,4,4,2.000000,5.000000,27,6,33,0,1,1,10,16,50,1.222222
3451,415,416,416,445,62,0,0,3,-1,-1.000000,-1.000000,24,0,28,0,1,1,1,1,30,1.166667
3452,415,511,513,581,89,0,5,2,4,2.000000,4.000000,58,1,68,0,0,0,96,98,166,1.172414
3453,416,475,493,542,313,0,3,4,4,3.000000,8.000000,40,1,48,0,1,1,59,77,126,1.200000
3454,416,436,438,462,160,0,2,3,4,0.000000,4.000000,22,2,22,0,2,2,20,22,46,1.000000
3455,416,425,425,459,17,0,0,2,-1,-1.000000,-1.000000,25,0,31,0,3,3,9,9,43,1.240000
3456,417,418,420,463,184,0,2,2,3,1.000000,2.000000,28,2,42,0,1,1,1,3,46,1.500000
3457,417,450,453,519,134,0,3,4,4,0.000000,1.000000,57,3,63,0,3,3,33,36,102,1.105263
3458,417,444,481,512,164,0,3,3,4,0.000000,8.000000,8,11,26,1,5,6,27,64,95,3.250000
3459,417,426,431,499,88,0,5,2,3,0.000000,1.000000,63,5,67,0,1,1,9,14,82,1.063492
3460,417,443,445,468,61,0,2,1,4,0.000000,3.000000,16,2,22,0,1,1,26,28,51,1.375000
3461,417,432,446,476,244,1,4,2,4,2.000000,6.000000,27,10,27,0,3,3,15,29,59,1.000000
3462,417,418,424,488,169,0,4,2,3,0.000000,7.000000,60,6,64,0,0,0,1,7,71,1.066667
3463,418,575,628,685,287,0,3,3,4,1.000000,2.000000,42,6,54,0,3,3,157,210,267,1.285714
3464,418,419,419,464,131,0,0,3,-1,-1.000000,-1.000000,44,0,44,0,1,1,1,1,46,1.000000
3465,418,425,434,499,295,0,12,2,2,0.000000,5.000000,59,3,65,0,0,0,7,16,81,1.101695
3466,418,442,444,521,152,0,2,3,4,0.000000,4.000000,70,2,76,0,1,1,24,26,103,1.085714
3467,418,457,609,678,156,0,10,3,4,0.000000,1.000000,62,3,66,0,3,3,39,191,260,1.064516
3468,419,445,445,527,376,0,0,2,-1,-1.000000,-1.000000,74,0,82,0,0,0,26,26,108,1.108108
3469,419,436,438,513,273,0,2,4,3,0.000000,3.000000,71,2,73,0,2,2,17,19,94,1.028169
3470,419,423,435,488,3,1,7,4,4,0.000000,3.000000,53,3,53,1,0,1,4,16,69,1.000000
3471,419,430,468,528,321,2,8,3,4,0.000000,3.000000,46,15,58,0,2,2,11,49,109,1.260870
3472,419,616,616,673,8,0,0,3,-1,-1.000000,-1.000000,53,0,55,0,2,2,197,197,254,1.037736
3473,420,467,467,575,347,0,0,3,-1,-1.000000,-1.000000,98,0,104,0,4,4,47,47,155,1.061224
3474,420,433,435,496,295,0,2,4,2,0.000000,0.000000,51,2,59,0,2,2,13,15,76,1.156863
3475,420,464,467,494,241,1,3,4,3,0.000000,0.000000,25,3,27,0,0,0,44,47,74,1.080000
3476,421,446,446,496,290,0,0,3,-1,-1.000000,-1.000000,45,0,49,0,1,1,25,25,75,1.088889
3477,421,427,427,476,278,0,0,2,-1,-1.000000,-1.000000,40,0,46,0,3,3,6,6,55,1.150000
3478,421,435,441,482,89,0,6,4,4,1.000000,5.000000,31,6,41,0,0,0,14,20,61,1.322581
3479,421,553,553,594,45,0,0,2,-1,-1.000000,-1.000000,31,0,39,0,2,2,132,132,173,1.258065
3480,421,423,437,459,362,2,11,3,4,0.000000,7.000000,22,8,22,0,0,0,2,16,38,1.000000
3481,421,435,438,489,248,0,3,3,4,1.000000,2.000000,34,3,48,0,3,3,14,17,68,1.411765
3482,422,425,434,468,301,1,9,4,3,5.000000,5.000000,34,4,34,0,0,0,3,12,46,1.000000
3483,422,433,436,504,167,0,3,2,4,0.000000,2.000000,62,3,66,0,2,2,11,14,82,1.064516
3484,422,436,449,504,65,0,9,3,4,1.000000,5.000000,45,7,53,0,2,2,14,27,82,1.177778
3485,422,426,442,493,49,0,12,3,3,4.000000,4.000000,36,16,48,0,3,3,4,20,71,1.333333
3486,422,429,442,483,386,1,7,3,3,0.000000,0.000000,39,7,41,0,0,0,7,20,61,1.051282
3487,423,441,466,480,96,0,5,4,3,0.000000,3.000000,14,8,14,0,0,0,18,43,57,1.000000
3488,423,439,442,505,38,0,1,4,4,2.000000,4.000000,57,3,63,0,0,0,16,19,82,1.105263
3489,423,430,-1,-1,7,0,5,4,3,2.000000,4.000000,42,9,0,0,0,0,7,-1,-1,0.000000
3490,423,424,427,467,391,0,3,3,2,0.000000,0.000000,40,3,40,0,0,0,1,4,44,1.000000
3491,423,426,434,535,47,0,8,4,3,1.000000,3.000000,91,8,101,0,0,0,3,11,112,1.109890
3492,423,442,445,485,59,0,3,2,3,2.000000,2.000000,38,3,40,0,0,0,19,22,62,1.052632
3493,423,426,438,471,361,1,9,2,2,2.000000,2.000000,25,4,33,0,0,0,3,15,48,1.320000
3494,424,483,490,530,247,0,3,3,4,1.000000,7.000000,39,7,39,0,1,1,59,66,106,1.000000
3495,424,425,434,465,203,6,9,4,4,1.000000,6.000000,28,9,30,0,1,1,1,10,41,1.071429
3496,424,431,434,498,223,1,11,2,4,2.000000,3.000000,54,3,64,0,0,0,7,10,74,1.185185
3497,424,431,431,490,120,0,0,3,-1,-1.000000,-1.000000,56,0,58,0,1,1,7,7,66,1.035714
3498,424,430,430,475,150,0,0,2,-1,-1.000000,-1.000000,42,0,44,0,1,1,6,6,51,1.047619
3499,424,454,455,516,276,0,1,2,2,0.000000,2.000000,56,1,60,0,1,1,30,31,92,1.071429
3500,424,506,507,590,38,0,1,3,3,0.000000,1.000000,72,1,80,0,3,3,82,83,166,1.111111
3501,424,439,440,480,10,0,1,1,1,0.000000,0.000000,35,1,37,0,3,3,15,16,56,1.057143
3502,424,460,461,505,97,0,1,4,4,0.000000,3.000000,38,1,44,0,0,0,36,37,81,1.157895
3503,424,450,450,497,50,0,0,3,-1,-1.000000,-1.000000,42,0,46,0,1,1,26,26,73,1.095238
3504,424,445,446,505,200,0,1,3,3,2.000000,4.000000,58,1,58,0,1,1,21,22,81,1.000000
3505,425,427,451,486,396,2,6,3,3,4.000000,5.000000,31,12,33,1,2,3,2,26,61,1.064516
3506,425,536,536,569,262,0,0,3,-1,-1.000000,-1.000000,31,0,31,0,2,2,111,111,144,1.000000
3507,425,438,443,473,110,0,5,3,3,0.000000,5.000000,22,5,26,0,4,4,13,18,48,1.181818
3508,425,432,439,449,89,1,6,3,3,4.000000,4.000000,10,6,10,1,0,1,7,14,24,1.000000
3509,425,436,437,449,50,0,1,2,2,3.000000,3.000000,12,1,12,0,0,0,11,12,24,1.000000
3510,425,445,462,482,229,1,5,4,3,0.000000,8.000000,20,12,20,4,0,4,20,37,57,1.000000
3511,425,426,435,473,293,1,5,3,4,0.000000,3.000000,34,9,38,0,0,0,1,10,48,1.117647
3512,426,450,450,532,352,0,0,2,-1,-1.000000,-1.000000,76,0,80,0,2,2,24,24,106,1.052632
3513,426,432,438,540,358,0,6,3,3,3.000000,3.000000,95,6,101,0,1,1,6,12,114,1.063158
3514,426,439,443,494,354,0,4,4,4,1.000000,1.000000,43,4,47,0,4,4,13,17,68,1.093023
3515,426,427,430,456,31,0,3,3,3,0.000000,4.000000,19,3,23,0,3,3,1,4,30,1.210526
3516,426,445,959,-1,290,0,5,4,2,4.000000,4.000000,43,1,39,0,2,2,19,533,-1,0.906977
3517,427,428,429,479,249,0,1,3,3,2.000000,3.000000,44,1,48,0,2,2,1,2,52,1.090909
3518,427,435,436,486,316,0,1,3,3,1.000000,2.000000,46,1,48,0,2,2,8,9,59,1.043478
3519,427,466,471,495,288,0,4,4,2,2.000000,2.000000,24,3,24,0,0,0,39,44,68,1.000000
3520,427,442,446,505,312,0,4,4,3,0.000000,2.000000,50,4,58,0,1,1,15,19,78,1.160000
3521,427,428,437,483,321,2,7,3,4,0.000000,5.000000,44,9,44,0,2,2,1,10,56,1.000000
3522,427,428,431,454,377,0,3,3,3,0.000000,6.000000,19,3,21,0,2,2,1,4,27,1.105263
3523,428,445,445,490,164,0,0,4,-1,-1.000000,-1.000000,36,0,42,0,3,3,17,17,62,1.166667
3524,428,429,434,470,361,1,8,3,3,1.000000,1.000000,32,5,36,0,0,0,1,6,42,1.125000
3525,428,481,486,548,315,0,5,4,3,3.000000,4.000000,44,5,62,0,0,0,53,58,120,1.409091
3526,428,481,481,561,284,0,0,3,-1,-1.000000,-1.000000,73,0,79,0,1,1,53,53,133,1.082192
3527,428,436,447,480,279,0,3,2,2,5.000000,5.000000,31,9,31,2,2,4,8,19,52,1.000000
3528,429,432,441,518,361,0,9,4,4,0.000000,0.000000,64,5,70,0,7,7,3,12,89,1.093750
3529,429,430,438,498,327,0,2,4,3,5.000000,5.000000,55,6,57,2,3,5,1,9,69,1.036364
3530,429,434,439,477,4,0,5,3,4,0.000000,4.000000,36,5,38,0,0,0,5,10,48,1.055556
3531,429,438,444,475,69,0,6,4,3,0.000000,6.000000,24,6,30,0,1,1,9,15,46,1.250000
3532,429,430,439,460,3,1,5,4,4,0.000000,3.000000,17,9,21,0,0,0,1,10,31,1.235294
3533,430,431,436,510,386,2,5,2,3,2.000000,2.000000,61,5,73,0,1,1,1,6,80,1.196721
3534,430,579,602,620,376,0,3,2,2,3.000000,3.000000,16,5,16,0,2,2,149,172,190,1.000000
3535,430,431,437,450,73,2,6,4,4,0.000000,5.000000,13,4,13,2,0,2,1,7,20,1.000000
3536,430,469,476,549,13,0,7,3,4,0.000000,0.000000,59,3,73,0,0,0,39,46,119,1.237288
3537,431,446,450,477,193,0,4,4,4,0.000000,7.000000,25,4,27,0,0,0,15,19,46,1.080000
3538,431,443,450,485,155,0,4,4,2,0.000000,2.000000,32,2,34,1,1,2,12,19,54,1.062500
3539,431,446,450,492,126,0,3,4,4,0.000000,4.000000,39,3,39,1,3,4,15,19,61,1.000000
3540,431,432,433,464,107,0,1,3,3,4.000000,5.000000,29,1,29,0,2,2,1,2,33,1.000000
3541,431,448,448,510,282,0,0,3,-1,-1.000000,-1.000000,54,0,62,0,0,0,17,17,79,1.148148
3542,431,432,432,489,27,0,0,2,-1,-1.000000,-1.000000,51,0,57,0,0,0,1,1,58,1.117647
3543,431,448,453,518,62,0,5,4,4,1.000000,2.000000,55,5,63,0,2,2,17,22,87,1.145455
3544,431,459,460,565,213,0,1,2,2,0.000000,1.000000,92,1,102,0,3,3,28,29,134,1.108696
3545,432,442,444,491,285,0,2,3,4,2.000000,3.000000,30,2,42,0,5,5,10,12,59,1.400000
3546,432,434,461,528,229,0,2,3,4,3.000000,4.000000,63,11,67,1,0,1,2,29,96,1.063492
3547,432,581,583,671,146,0,2,4,3,1.000000,1.000000,76,2,88,0,0,0,149,151,239,1.157895
3548,432,452,470,511,370,1,3,3,3,0.000000,1.000000,40,5,40,0,1,1,20,38,79,1.000000
3549,432,433,434,480,301,0,1,3,3,0.000000,3.000000,44,1,46,0,0,0,1,2,48,1.045455
3550,432,436,438,470,35,0,2,3,4,0.000000,4.000000,27,2,31,0,1,1,4,6,38,1.148148
3551,433,630,630,678,269,0,0,3,-1,-1.000000,-1.000000,39,0,47,0,1,1,197,197,245,1.205128
3552,433,440,446,473,11,0,6,4,4,3.000000,5.000000,27,6,27,0,0,0,7,13,40,1.000000
3553,433,458,459,558,85,0,1,1,1,0.000000,0.000000,77,1,99,0,0,0,25,26,125,1.285714
3554,433,451,461,487,371,0,7,2,3,3.000000,4.000000,26,9,26,1,0,1,18,28,54,1.000000
3555,433,434,434,475,228,0,0,3,-1,-1.000000,-1.000000,39,0,41,0,0,0,1,1,42,1.051282
3556,433,485,490,560,345,0,5,4,3,0.000000,0.000000,59,5,67,0,3,3,52,57,127,1.135593
3557,433,434,435,475,14,0,1,3,3,0.000000,2.000000,22,1,38,0,2,2,1,2,42,1.727273
3558,434,440,466,566,176,0,14,3,3,0.000000,2.000000,88,6,100,0,0,0,6,32,132,1.136364
3559,434,451,452,492,379,0,1,2,2,1.000000,1.000000,34,1,40,0,0,0,17,18,58,1.176471
3560,434,475,479,501,266,0,4,3,3,0.000000,3.000000,19,4,21,0,1,1,41,45,67,1.105263
3561,434,435,445,536,386,3,2,2,2,2.000000,2.000000,79,10,89,0,2,2,1,11,102,1.126582
3562,434,435,437,484,73,0,2,4,4,0.000000,4.000000,36,2,44,0,3,3,1,3,50,1.222222
3563,434,435,436,509,396,0,1,3,3,4.000000,6.000000,70,1,72,0,1,1,1,2,75,1.028571
3564,434,450,472,536,198,0,7,2,3,4.000000,6.000000,58,8,64,0,0,0,16,38,102,1.103448
3565,434,435,443,497,361,0,7,2,4,0.000000,5.000000,44,7,50,1,4,5,1,9,63,1.136364
3566,435,453,460,506,268,0,4,3,4,0.000000,8.000000,33,4,45,0,1,1,18,25,71,1.363636
3567,435,438,441,455,142,0,2,4,3,0.000000,2.000000,14,2,14,1,0,1,3,6,20,1.000000
3568,435,440,446,491,207,0,6,2,3,2.000000,2.000000,37,6,45,0,0,0,5,11,56,1.216216
3569,435,486,576,634,90,0,5,3,3,0.000000,4.000000,53,14,55,2,3,5,51,141,199,1.037736
3570,435,438,447,464,83,1,9,3,4,0.000000,6.000000,15,9,17,0,0,0,3,12,29,1.133333
3571,435,438,440,461,95,0,2,3,3,0.000000,6.000000,21,2,21,0,0,0,3,5,26,1.000000
3572,435,436,438,480,7,1,2,4,4,0.000000,6.000000,33,2,41,0,1,1,1,3,45,1.242424
3573,435,436,442,476,20,0,6,3,2,0.000000,1.000000,28,6,30,0,4,4,1,7,41,1.071429
3574,435,437,437,480,7,0,0,4,-1,-1.000000,-1.000000,39,0,41,0,2,2,2,2,45,1.051282
3575,436,437,443,466,65,0,4,3,3,3.000000,4.000000,17,6,23,0,0,0,1,7,30,1.352941
3576,436,469,470,519,48,0,1,3,3,0.000000,6.000000,38,1,48,0,1,1,33,34,83,1.263158
3577,436,440,444,510,335,0,4,4,4,1.000000,4.000000,58,4,64,0,2,2,4,8,74,1.103448
3578,436,438,449,499,180,0,7,4,4,0.000000,4.000000,44,9,50,2,0,2,2,13,63,1.136364
3579,436,437,437,457,262,0,0,4,-1,-1.000000,-1.000000,17,0,19,0,1,1,1,1,21,1.117647
3580,437,468,512,549,391,0,2,3,4,5.000000,7.000000,27,2,35,0,2,2,31,75,112,1.296296
3581,437,460,463,487,389,0,3,3,3,0.000000,2.000000,24,3,24,0,0,0,23,26,50,1.000000
3582,437,458,470,537,192,1,5,4,4,1.000000,3.000000,63,12,67,0,0,0,21,33,100,1.063492
3583,437,481,483,545,325,0,2,2,4,0.000000,5.000000,54,2,58,0,4,4,44,46,108,1.074074
3584,437,447,449,453,388,0,2,4,3,0.000000,0.000000,4,2,4,0,0,0,10,12,16,1.000000
3585,437,438,438,523,37,0,0,3,-1,-1.000000,-1.000000,73,0,85,0,0,0,1,1,86,1.164384
3586,437,438,445,492,267,1,4,4,2,0.000000,1.000000,45,7,47,0,0,0,1,8,55,1.044444
3587,437,458,458,525,388,0,0,3,-1,-1.000000,-1.000000,58,0,66,0,1,1,21,21,88,1.137931
3588,438,455,462,520,368,0,5,4,3,0.000000,4.000000,54,3,56,0,2,2,17,24,82,1.037037
3589,438,439,442,471,34,0,3,4,4,0.000000,3.000000,26,3,28,0,1,1,1,4,33,1.076923
3590,438,462,501,563,310,2,8,2,3,1.000000,3.000000,55,9,59,0,3,3,24,63,125,1.072727
3591,438,462,480,539,166,1,10,4,4,0.000000,7.000000,53,3,57,0,2,2,24,42,101,1.075472
3592,438,439,457,530,153,0,6,3,4,4.000000,5.000000,58,1,72,1,1,2,1,19,92,1.241379
3593,438,609,687,754,198,0,4,2,4,2.000000,5.000000,49,3,67,0,0,0,171,249,316,1.367347
3594,438,442,443,531,365,0,1,3,3,0.000000,0.000000,72,1,86,0,2,2,4,5,93,1.194444
3595,438,468,472,529,308,0,4,4,4,0.000000,7.000000,45,4,55,0,2,2,30,34,91,1.222222
3596,438,450,452,491,6,0,2,2,4,0.000000,1.000000,28,2,36,0,3,3,12,14,53,1.285714
3597,438,469,475,511,241,0,6,2,4,1.000000,3.000000,31,6,35,0,1,1,31,37,73,1.129032
3598,439,440,445,489,153,0,5,3,4,3.000000,4.000000,36,5,44,0,0,0,1,6,50,1.222222
3599,439,441,443,468,148,0,2,4,3,2.000000,2.000000,22,2,22,0,3,3,2,4,29,1.000000
3600,439,441,447,477,360,1,8,2,4,0.000000,4.000000,30,6,30,0,0,0,2,8,38,1.000000
3601,439,440,440,465,54,0,0,4,-1,-1.000000,-1.000000,22,0,24,0,1,1,1,1,26,1.090909
3602,439,440,467,506,235,1,9,4,3,0.000000,2.000000,39,13,39,1,0,1,1,28,67,1.000000
3603,439,590,591,656,307,0,1,3,3,0.000000,0.000000,59,1,65,0,0,0,151,152,217,1.101695
3604,439,444,444,521,158,0,0,4,-1,-1.000000,-1.000000,57,0,75,0,2,2,5,5,82,1.315789
3605,440,442,443,455,250,0,1,3,3,3.000000,6.000000,12,1,12,0,0,0,2,3,15,1.000000
3606,440,441,456,578,176,0,7,4,3,2.000000,2.000000,104,5,122,0,0,0,1,16,138,1.173077
3607,440,539,539,582,160,0,0,3,-1,-1.000000,-1.000000,35,0,41,0,2,2,99,99,142,1.171429
3608,440,450,454,485,274,0,4,4,3,0.000000,2.000000,31,4,31,0,0,0,10,14,45,1.000000
3609,441,446,448,522,62,1,3,4,4,1.000000,2.000000,62,2,74,0,0,0,5,7,81,1.193548
3610,441,442,444,493,392,0,2,2,4,1.000000,5.000000,30,2,46,0,3,3,1,3,52,1.533333
3611,441,443,454,537,176,0,6,2,4,0.000000,3.000000,74,5,78,0,5,5,2,13,96,1.054054
3612,441,533,533,567,173,0,0,2,-1,-1.000000,-1.000000,32,0,34,0,0,0,92,92,126,1.062500
3613,441,443,444,537,111,1,2,3,4,0.000000,4.000000,79,1,93,0,0,0,2,3,96,1.177215
3614,441,484,489,547,265,0,5,3,4,0.000000,3.000000,56,5,56,0,2,2,43,48,106,1.000000
3615,441,442,446,493,96,1,4,4,4,4.000000,4.000000,40,4,46,0,1,1,1,5,52,1.150000
3616,441,459,459,499,159,0,0,3,-1,-1.000000,-1.000000,38,0,40,0,0,0,18,18,58,1.052632
3617,442,536,536,619,5,0,0,3,-1,-1.000000,-1.000000,71,0,79,0,4,4,94,94,177,1.112676
3618,442,452,453,499,298,0,1,4,4,0.000000,3.000000,33,1,43,0,3,3,10,11,57,1.303030
3619,442,712,712,789,205,0,0,3,-1,-1.000000,-1.000000,68,0,74,0,3,3,270,270,347,1.088235
3620,442,443,444,470,360,0,1,4,4,0.000000,2.000000,24,1,26,0,0,0,1,2,28,1.083333
3621,442,452,454,477,325,0,2,4,4,0.000000,4.000000,20,2,22,0,1,1,10,12,35,1.100000
3622,442,443,443,490,340,0,0,2,-1,-1.000000,-1.000000,45,0,45,0,2,2,1,1,48,1.000000
3623,442,-1,-1,-1,-1,0,-1,-1,-1,-1.000000,-1.000000,41,0,0,0,0,0,-1,-1,-1,0.000000
3624,443,444,455,498,176,1,2,3,3,1.000000,2.000000,38,10,42,1,1,2,1,12,55,1.105263
3625,443,444,447,464,235,0,3,4,4,0.000000,3.000000,12,3,16,0,1,1,1,4,21,1.333333
3626,443,469,471,527,202,0,2,2,3,0.000000,2.000000,51,2,55,0,1,1,26,28,84,1.078431
3627,443,481,488,548,243,1,4,3,3,0.000000,4.000000,51,2,59,0,1,1,38,45,105,1.156863
3628,444,830,830,883,137,0,0,2,-1,-1.000000,-1.000000,43,0,53,0,0,0,386,386,439,1.232558
3629,444,445,450,468,349,0,5,3,3,0.000000,2.000000,18,5,18,0,0,0,1,6,24,1.000000
3630,444,588,742,841,344,1,16,2,3,0.000000,1.000000,91,5,97,0,2,2,144,298,397,1.065934
3631,444,447,458,537,198,3,5,4,3,4.000000,4.000000,67,9,79,2,0,2,3,14,93,1.179104
3632,444,449,449,553,229,0,0,3,-1,-1.000000,-1.000000,86,0,102,0,2,2,5,5,109,1.186047
3633,444,463,465,483,265,0,2,4,3,2.000000,2.000000,16,2,18,0,0,0,19,21,39,1.125000
3634,444,445,456,463,113,3,6,4,3,1.000000,3.000000,6,10,6,1,1,2,1,12,19,1.000000
3635,445,446,446,475,155,0,0,4,-1,-1.000000,-1.000000,25,0,29,0,0,0,1,1,30,1.160000
3636,445,462,499,524,314,2,6,3,3,5.000000,5.000000,19,19,25,0,0,0,17,54,79,1.315789
3637,445,447,456,541,87,0,5,3,4,0.000000,6.000000,79,6,81,0,4,4,2,11,96,1.025316
3638,445,448,477,534,227,0,2,2,4,2.000000,2.000000,44,3,54,0,3,3,3,32,89,1.227273
3639,445,478,504,569,83,0,8,2,3,1.000000,2.000000,64,22,64,4,1,5,33,59,124,1.000000
3640,445,654,654,710,92,0,0,4,-1,-1.000000,-1.000000,53,0,55,0,1,1,209,209,265,1.037736
3641,445,464,690,749,63,0,6,3,3,1.000000,1.000000,57,9,57,1,2,3,19,245,304,1.000000
3642,445,451,480,557,314,0,5,2,4,4.000000,5.000000,70,12,76,0,1,1,6,35,112,1.085714
3643,446,454,456,472,46,0,2,3,4,3.000000,4.000000,15,2,15,0,1,1,8,10,26,1.000000
3644,446,463,467,534,220,0,4,2,4,0.000000,2.000000,63,4,67,0,0,0,17,21,88,1.063492
3645,446,451,458,508,16,0,7,1,3,3.000000,4.000000,43,7,49,0,1,1,5,12,62,1.139535
3646,446,448,453,509,87,0,5,3,4,1.000000,3.000000,53,5,55,0,1,1,2,7,63,1.037736
3647,446,447,452,506,304,0,5,4,4,0.000000,6.000000,44,5,50,0,4,4,1,6,60,1.136364
3648,446,449,455,493,51,0,4,3,3,6.000000,7.000000,38,6,38,0,0,0,3,9,47,1.000000
3649,447,450,451,514,172,0,1,4,4,1.000000,1.000000,58,1,60,0,3,3,3,4,67,1.034483
3650,447,486,491,570,245,0,5,3,2,1.000000,1.000000,79,5,79,0,0,0,39,44,123,1.000000
3651,447,520,521,615,48,0,1,4,4,2.000000,4.000000,80,1,94,0,0,0,73,74,168,1.175000
3652,447,451,459,532,113,0,3,4,4,1.000000,3.000000,69,4,71,1,2,3,4,12,85,1.028986
3653,447,470,470,556,184,0,0,3,-1,-1.000000,-1.000000,75,0,83,0,3,3,23,23,109,1.106667
3654,448,494,494,531,191,0,0,4,-1,-1.000000,-1.000000,30,0,36,0,1,1,46,46,83,1.200000
3655,448,471,529,577,277,1,6,3,4,0.000000,1.000000,44,9,46,0,2,2,23,81,129,1.045455
3656,448,474,503,527,96,0,4,3,4,0.000000,6.000000,23,4,23,0,1,1,26,55,79,1.000000
3657,448,515,528,624,172,1,2,4,3,3.000000,3.000000,92,8,96,1,0,1,67,80,176,1.043478
3658,449,457,458,503,387,0,1,3,3,4.000000,4.000000,41,1,45,0,0,0,8,9,54,1.097561
3659,449,474,477,563,289,0,3,4,4,1.000000,2.000000,78,3,84,0,2,2,25,28,114,1.076923
3660,449,458,467,535,94,0,9,4,4,0.000000,4.000000,64,3,66,0,2,2,9,18,86,1.031250
3661,449,451,454,504,91,0,2,4,2,1.000000,1.000000,42,2,50,1,0,1,2,5,55,1.190476
3662,449,459,461,542,41,0,2,4,4,0.000000,3.000000,77,2,77,0,4,4,10,12,93,1.000000
3663,449,476,480,603,92,0,4,3,3,0.000000,2.000000,109,4,123,0,0,0,27,31,154,1.128440
3664,449,451,452,495,75,0,1,2,2,0.000000,1.000000,35,1,39,0,4,4,2,3,46,1.114286
3665,449,455,457,527,56,0,2,4,3,0.000000,1.000000,66,2,70,0,0,0,6,8,78,1.060606
3666,449,459,459,511,367,0,0,4,-1,-1.000000,-1.000000,46,0,48,0,4,4,10,10,62,1.043478
3667,449,579,584,678,146,1,2,2,3,1.000000,1.000000,84,5,94,0,0,0,130,135,229,1.119048
3668,449,450,450,461,227,0,0,3,-1,-1.000000,-1.000000,9,0,9,0,2,2,1,1,12,1.000000
3669,449,450,450,527,254,0,0,3,-1,-1.000000,-1.000000,49,0,73,0,4,4,1,1,78,1.489796
3670,449,454,454,499,292,0,0,3,-1,-1.000000,-1.000000,41,0,45,0,0,0,5,5,50,1.097561
3671,450,476,480,559,14,0,4,3,3,1.000000,3.000000,70,4,78,0,1,1,26,30,109,1.114286
3672,450,470,474,575,8,0,4,4,3,0.000000,4.000000,83,4,101,0,0,0,20,24,125,1.216867
3673,450,477,480,551,106,0,1,4,4,0.000000,9.000000,66,1,68,2,3,5,27,30,101,1.030303
3674,450,479,481,533,98,0,2,4,3,2.000000,2.000000,45,2,51,0,1,1,29,31,83,1.133333
3675,450,458,462,480,323,0,1,4,4,0.000000,6.000000,16,1,18,3,0,3,8,12,30,1.125000
3676,450,451,451,486,82,0,0,4,-1,-1.000000,-1.000000,30,0,34,0,1,1,1,1,36,1.133333
3677,450,455,458,492,252,0,3,4,4,1.000000,4.000000,34,3,34,0,0,0,5,8,42,1.000000
3678,450,452,454,517,369,0,2,3,3,0.000000,2.000000,53,2,61,0,2,2,2,4,67,1.150943
3679,450,453,453,526,240,0,0,4,-1,-1.000000,-1.000000,66,0,72,0,1,1,3,3,76,1.090909
3680,450,451,459,515,369,0,3,3,3,0.000000,2.000000,52,4,54,0,2,2,1,9,65,1.038462
3681,450,454,467,524,388,0,4,4,3,4.000000,4.000000,51,8,57,0,0,0,4,17,74,1.117647
3682,450,455,460,527,377,0,3,4,2,1.000000,2.000000,65,3,65,2,2,4,5,10,77,1.000000
3683,450,451,459,483,100,0,5,3,4,0.000000,3.000000,17,7,23,1,1,2,1,9,33,1.352941
3684,451,512,516,569,241,0,2,3,4,0.000000,4.000000,44,2,52,2,1,3,61,65,118,1.181818
3685,451,454,540,554,237,0,3,2,3,2.000000,2.000000,13,1,13,1,1,2,3,89,103,1.000000
3686,451,458,463,540,178,1,6,3,4,1.000000,5.000000,74,5,76,0,1,1,7,12,89,1.027027
3687,451,453,463,481,198,0,11,4,3,0.000000,3.000000,18,9,18,0,0,0,2,12,30,1.000000
3688,452,455,455,475,346,0,0,3,-1,-1.000000,-1.000000,18,0,20,0,0,0,3,3,23,1.111111
3689,452,496,496,554,75,0,0,4,-1,-1.000000,-1.000000,46,0,56,0,2,2,44,44,102,1.217391
3690,452,453,453,502,370,0,0,4,-1,-1.000000,-1.000000,42,0,48,0,1,1,1,1,50,1.142857
3691,452,463,465,538,160,0,2,4,3,1.000000,3.000000,65,2,69,0,4,4,11,13,86,1.061538
3692,453,469,473,497,283,0,4,4,3,1.000000,1.000000,19,4,23,0,1,1,16,20,44,1.210526
3693,453,460,470,539,330,0,6,2,3,0.000000,0.000000,57,7,67,0,2,2,7,17,86,1.175439
3694,453,459,459,521,157,0,0,3,-1,-1.000000,-1.000000,54,0,60,0,2,2,6,6,68,1.111111
3695,453,454,455,467,71,0,1,4,4,4.000000,5.000000,12,1,12,0,0,0,1,2,14,1.000000
3696,453,456,469,510,198,2,7,4,3,0.000000,2.000000,34,13,40,0,1,1,3,16,57,1.176471
3697,453,458,464,538,284,1,5,4,2,0.000000,0.000000,70,6,72,0,2,2,5,11,85,1.028571
3698,453,454,458,477,393,0,4,1,4,0.000000,4.000000,19,4,19,0,0,0,1,5,24,1.000000
3699,453,461,463,532,53,0,2,3,4,0.000000,2.000000,65,2,69,0,0,0,8,10,79,1.061538
3700,454,456,464,552,192,0,5,2,4,3.000000,5.000000,60,3,86,0,2,2,2,10,98,1.433333
3701,454,463,466,509,344,0,3,3,3,1.000000,4.000000,29,3,41,0,2,2,9,12,55,1.413793
3702,454,604,645,673,373,0,5,3,3,0.000000,2.000000,26,4,26,1,2,3,150,191,219,1.000000
3703,454,464,470,547,204,0,6,3,2,0.000000,0.000000,56,6,74,0,3,3,10,16,93,1.321429
3704,454,456,468,481,151,0,6,4,3,0.000000,4.000000,13,5,13,0,0,0,2,14,27,1.000000
3705,454,455,462,515,63,1,5,4,4,0.000000,3.000000,47,7,49,0,4,4,1,8,61,1.042553
3706,454,475,475,517,349,0,0,3,-1,-1.000000,-1.000000,34,0,42,0,0,0,21,21,63,1.235294
3707,455,472,475,574,287,0,3,4,4,0.000000,8.000000,92,3,96,0,3,3,17,20,119,1.043478
3708,455,456,458,472,212,0,2,3,3,0.000000,2.000000,14,2,14,0,0,0,1,3,17,1.000000
3709,455,474,474,487,110,0,0,3,-1,-1.000000,-1.000000,13,0,13,0,0,0,19,19,32,1.000000
3710,455,456,456,462,113,0,0,4,-1,-1.000000,-1.000000,5,0,5,0,1,1,1,1,7,1.000000
3711,455,456,464,467,25,1,6,2,2,1.000000,1.000000,3,7,3,1,0,1,1,9,12,1.000000
3712,455,459,462,531,264,0,3,4,3,1.000000,3.000000,51,3,69,0,0,0,4,7,76,1.352941
3713,455,481,484,570,60,0,3,1,3,0.000000,2.000000,71,3,85,0,1,1,26,29,115,1.197183
3714,455,462,462,505,227,0,0,3,-1,-1.000000,-1.000000,39,0,43,0,0,0,7,7,50,1.102564
3715,456,465,479,539,260,0,3,4,3,2.000000,3.000000,51,5,59,0,1,1,9,23,83,1.156863
3716,456,470,472,541,291,0,2,3,4,0.000000,4.000000,60,2,66,0,3,3,14,16,85,1.100000
3717,456,468,468,506,102,0,0,3,-1,-1.000000,-1.000000,36,0,38,0,0,0,12,12,50,1.055556
3718,456,474,540,607,173,0,7,3,3,1.000000,4.000000,56,3,64,0,3,3,18,84,151,1.142857
3719,456,457,459,492,390,0,1,3,3,0.000000,3.000000,17,1,31,1,2,3,1,3,36,1.823529
3720,456,613,615,722,243,0,2,4,2,0.000000,1.000000,93,2,103,0,4,4,157,159,266,1.107527
3721,456,458,468,504,41,0,8,3,3,4.000000,4.000000,33,8,35,1,1,2,2,12,48,1.060606
3722,457,480,484,516,249,0,4,1,4,0.000000,9.000000,26,4,32,0,0,0,23,27,59,1.230769
3723,457,464,470,499,8,1,6,4,3,1.000000,1.000000,27,6,29,0,0,0,7,13,42,1.074074
3724,457,472,476,562,141,0,4,3,3,0.000000,4.000000,85,4,85,0,1,1,15,19,105,1.000000
3725,457,473,474,511,46,0,1,3,3,1.000000,1.000000,36,1,36,0,1,1,16,17,54,1.000000
3726,457,472,477,503,52,0,4,3,4,1.000000,4.000000,24,4,24,1,2,3,15,20,46,1.000000
3727,457,497,497,528,295,0,0,2,-1,-1.000000,-1.000000,29,0,31,0,0,0,40,40,71,1.068966
3728,457,465,473,482,131,3,3,3,2,8.000000,8.000000,9,6,9,2,0,2,8,16,25,1.000000
3729,457,459,459,488,66,0,0,3,-1,-1.000000,-1.000000,27,0,29,0,0,0,2,2,31,1.074074
3730,457,463,-1,-1,104,0,8,1,4,1.000000,5.000000,45,10,0,1,0,1,6,-1,-1,0.000000
3731,457,458,461,496,343,0,1,4,4,4.000000,7.000000,29,3,33,0,2,2,1,4,39,1.137931
3732,457,464,507,541,260,4,5,4,4,2.000000,5.000000,29,9,33,1,1,2,7,50,84,1.137931
3733,457,466,477,530,84,0,7,2,3,2.000000,2.000000,42,4,50,1,3,4,9,20,73,1.190476
3734,458,464,475,513,184,1,3,2,3,2.000000,2.000000,35,10,37,1,1,2,6,17,55,1.057143
3735,458,459,467,494,242,0,8,3,3,1.000000,1.000000,23,8,27,0,0,0,1,9,36,1.173913
3736,458,459,472,491,103,0,12,3,2,1.000000,1.000000,15,8,19,0,0,0,1,14,33,1.266667
3737,458,478,478,526,4,0,0,3,-1,-1.000000,-1.000000,46,0,48,0,0,0,20,20,68,1.043478
3738,458,459,466,507,156,0,7,2,3,0.000000,1.000000,40,7,40,0,1,1,1,8,49,1.000000
3739,458,459,461,498,94,0,2,4,4,0.000000,3.000000,31,2,35,0,2,2,1,3,40,1.129032
3740,458,489,490,572,384,0,1,3,3,0.000000,4.000000,70,1,80,0,2,2,31,32,114,1.142857
3741,458,474,475,525,26,0,1,2,2,1.000000,1.000000,47,1,49,0,1,1,16,17,67,1.042553
3742,458,499,499,519,196,0,0,3,-1,-1.000000,-1.000000,18,0,18,0,2,2,41,41,61,1.000000
3743,459,476,477,515,69,0,1,3,3,0.000000,4.000000,33,1,33,0,5,5,17,18,56,1.000000
3744,459,471,478,501,339,0,7,2,3,1.000000,2.000000,21,7,23,0,0,0,12,19,42,1.095238
3745,459,473,475,494,96,1,4,4,4,2.000000,5.000000,15,2,17,0,2,2,14,16,35,1.133333
3746,459,469,473,512,163,0,3,2,4,3.000000,7.000000,37,3,37,1,2,3,10,14,53,1.000000
3747,459,470,471,536,130,0,1,3,3,0.000000,3.000000,58,1,64,0,1,1,11,12,77,1.103448
3748,459,555,556,600,84,1,3,2,4,0.000000,3.000000,38,1,42,0,2,2,96,97,141,1.105263
3749,459,461,470,511,0,1,5,3,4,0.000000,4.000000,30,9,36,0,5,5,2,11,52,1.200000
3750,459,460,460,530,103,0,0,4,-1,-1.000000,-1.000000,68,0,70,0,0,0,1,1,71,1.029412
3751,460,476,477,542,185,0,1,3,3,4.000000,4.000000,60,1,64,0,1,1,16,17,82,1.066667
3752,460,461,571,604,262,0,2,2,4,0.000000,7.000000,23,1,31,0,2,2,1,111,144,1.347826
3753,461,585,585,617,224,0,0,3,-1,-1.000000,-1.000000,29,0,29,0,3,3,124,124,156,1.000000
3754,461,463,471,562,113,0,7,3,4,0.000000,3.000000,85,7,91,1,0,1,2,10,101,1.070588
3755,461,464,465,522,309,0,1,4,4,0.000000,4.000000,51,1,55,0,2,2,3,4,61,1.078431
3756,461,476,476,535,205,0,0,4,-1,-1.000000,-1.000000,53,0,59,0,0,0,15,15,74,1.113208
3757,461,474,478,541,306,0,4,3,3,1.000000,2.000000,56,4,62,0,1,1,13,17,80,1.107143
3758,462,511,512,586,344,0,1,4,4,0.000000,6.000000,72,1,72,0,2,2,49,50,124,1.000000
3759,462,463,483,507,305,0,1,4,4,0.000000,5.000000,19,2,21,1,3,4,1,21,45,1.105263
3760,462,463,466,534,178,0,3,3,4,0.000000,5.000000,60,3,68,0,0,0,1,4,72,1.133333
3761,462,463,470,517,330,1,7,1,3,1.000000,2.000000,45,7,47,0,0,0,1,8,55,1.044444
3762,462,493,493,594,210,0,0,2,-1,-1.000000,-1.000000,92,0,98,0,3,3,31,31,132,1.065217
3763,462,471,475,509,360,0,4,2,3,0.000000,2.000000,26,4,34,0,0,0,9,13,47,1.307692
3764,462,488,508,557,154,0,16,2,3,0.000000,5.000000,47,7,49,0,0,0,26,46,95,1.042553
3765,462,489,491,539,274,0,1,3,3,7.000000,8.000000,40,1,46,0,2,2,27,29,77,1.150000
3766,462,463,465,489,204,1,6,3,4,0.000000,3.000000,24,2,24,0,0,0,1,3,27,1.000000
3767,462,463,466,496,166,0,3,3,4,0.000000,7.000000,30,2,30,0,0,0,1,4,34,1.000000
3768,462,463,469,525,310,0,1,3,3,3.000000,4.000000,52,5,54,1,2,3,1,7,63,1.038462
3769,462,471,477,513,52,0,6,4,3,3.000000,4.000000,31,3,33,1,3,4,9,15,51,1.064516
3770,462,478,478,534,299,0,0,4,-1,-1.000000,-1.000000,50,0,56,0,0,0,16,16,72,1.120000
3771,462,467,467,555,332,0,0,1,-1,-1.000000,-1.000000,78,0,88,0,0,0,5,5,93,1.128205
3772,462,466,470,547,356,0,4,2,3,0.000000,5.000000,76,4,76,0,1,1,4,8,85,1.000000
3773,462,467,468,502,221,0,1,3,3,2.000000,4.000000,17,1,31,0,3,3,5,6,40,1.823529
3774,463,482,483,535,216,0,1,3,3,0.000000,1.000000,46,1,52,0,0,0,19,20,72,1.130435
3775,463,469,474,529,61,0,2,2,4,1.000000,2.000000,47,4,53,1,2,3,6,11,66,1.127660
3776,463,466,467,521,149,0,1,3,3,0.000000,3.000000,44,1,52,0,2,2,3,4,58,1.181818
3777,463,476,479,561,300,0,3,2,4,0.000000,1.000000,63,3,81,0,1,1,13,16,98,1.285714
3778,463,498,499,576,50,0,1,3,3,1.000000,1.000000,68,1,74,0,3,3,35,36,113,1.088235
3779,463,464,466,527,166,1,1,3,3,1.000000,3.000000,51,2,61,0,0,0,1,3,64,1.196078
3780,463,464,464,490,305,0,0,4,-1,-1.000000,-1.000000,25,0,25,0,1,1,1,1,27,1.000000
3781,464,487,490,554,82,1,2,3,4,1.000000,4.000000,62,3,64,0,0,0,23,26,90,1.032258
3782,464,480,484,568,238,0,4,4,4,1.000000,2.000000,73,3,83,0,1,1,16,20,104,1.136986
3783,464,536,537,565,22,0,1,2,2,0.000000,3.000000,24,1,28,0,0,0,72,73,101,1.166667
3784,464,472,478,514,311,0,14,2,3,0.000000,2.000000,28,5,34,0,2,2,8,14,50,1.214286
3785,464,472,480,498,34,0,8,3,3,2.000000,2.000000,18,8,18,0,0,0,8,16,34,1.000000
3786,464,465,470,521,314,0,5,4,4,2.000000,4.000000,39,5,51,0,0,0,1,6,57,1.307692
3787,465,467,468,484,234,0,1,2,2,1.000000,1.000000,16,1,16,0,0,0,2,3,19,1.000000
3788,465,473,482,551,357,0,7,3,2,0.000000,4.000000,59,9,65,0,4,4,8,17,86,1.101695
3789,465,466,467,503,260,0,1,4,4,1.000000,2.000000,36,1,36,0,0,0,1,2,38,1.000000
3790,465,466,487,547,0,0,6,4,3,1.000000,4.000000,50,6,54,1,6,7,1,22,82,1.080000
3791,465,468,473,517,231,0,5,4,3,0.000000,1.000000,42,5,44,0,0,0,3,8,52,1.047619
3792,465,467,469,509,0,1,6,4,3,0.000000,2.000000,37,1,39,1,1,2,2,4,44,1.054054
3793,465,535,537,578,368,0,2,3,4,3.000000,4.000000,36,2,38,0,3,3,70,72,113,1.055556
3794,465,488,491,573,316,0,2,2,4,0.000000,7.000000,70,2,80,1,2,3,23,26,108,1.142857
3795,465,480,482,524,116,0,10,3,4,0.000000,7.000000,41,1,41,0,1,1,15,17,59,1.000000
3796,465,466,468,507,68,0,2,3,3,0.000000,2.000000,33,2,39,0,0,0,1,3,42,1.181818
3797,465,475,483,538,74,0,6,4,4,0.000000,5.000000,44,8,52,0,3,3,10,18,73,1.181818
3798,466,476,480,540,346,0,2,3,4,3.000000,4.000000,52,4,58,0,2,2,10,14,74,1.115385
3799,466,488,498,557,389,0,9,2,4,0.000000,3.000000,46,8,56,1,3,4,22,32,91,1.217391
3800,466,494,502,552,389,0,8,3,4,0.000000,5.000000,43,1,47,0,3,3,28,36,86,1.093023
3801,466,467,471,518,63,1,2,4,4,0.000000,2.000000,39,3,45,1,2,3,1,5,52,1.153846
3802,466,467,468,487,58,0,1,3,3,1.000000,2.000000,16,1,18,0,1,1,1,2,21,1.125000
3803,466,467,469,530,105,0,2,2,4,0.000000,4.000000,53,2,59,0,2,2,1,3,64,1.113208
3804,467,470,489,507,209,5,7,4,3,4.000000,4.000000,17,16,17,3,1,4,3,22,40,1.000000
3805,467,480,484,542,138,0,4,2,3,0.000000,3.000000,54,4,56,0,2,2,13,17,75,1.037037
3806,467,500,605,644,298,0,3,4,3,0.000000,2.000000,33,4,35,3,4,7,33,138,177,1.060606
3807,467,468,472,496,0,0,4,4,4,0.000000,2.000000,22,4,22,0,2,2,1,5,29,1.000000
3808,467,469,473,505,288,1,2,3,4,2.000000,3.000000,27,4,31,0,1,1,2,6,38,1.148148
3809,467,489,490,509,66,0,1,4,4,0.000000,4.000000,16,1,18,0,1,1,22,23,42,1.125000
3810,467,476,476,499,257,0,0,2,-1,-1.000000,-1.000000,20,0,22,0,1,1,9,9,32,1.100000
3811,467,493,493,582,281,0,0,3,-1,-1.000000,-1.000000,85,0,89,0,0,0,26,26,115,1.047059
3812,467,538,544,609,47,0,6,3,2,0.000000,2.000000,59,6,65,0,0,0,71,77,142,1.101695
3813,468,490,498,531,274,0,2,3,4,0.000000,12.000000,29,1,31,1,2,3,22,30,63,1.068966
3814,468,469,469,509,63,0,0,2,-1,-1.000000,-1.000000,34,0,40,0,0,0,1,1,41,1.176471
3815,468,475,475,485,334,0,0,4,-1,-1.000000,-1.000000,10,0,10,0,0,0,7,7,17,1.000000
3816,468,475,477,581,275,0,2,4,2,0.000000,0.000000,97,2,101,0,3,3,7,9,113,1.041237
3817,468,514,517,585,219,0,3,3,4,0.000000,3.000000,51,3,61,0,7,7,46,49,117,1.196078
3818,468,474,481,566,212,0,6,4,4,0.000000,6.000000,78,4,82,0,3,3,6,13,98,1.051282
3819,468,471,518,579,80,0,7,4,3,0.000000,0.000000,54,5,56,0,5,5,3,50,111,1.037037
3820,468,533,534,574,53,0,1,2,2,2.000000,2.000000,32,1,38,0,2,2,65,66,106,1.187500
3821,468,469,470,474,349,0,1,3,3,0.000000,3.000000,4,1,4,0,0,0,1,2,6,1.000000
3822,468,493,499,539,126,0,6,4,4,9.000000,13.000000,39,4,39,0,1,1,25,31,71,1.000000
3823,468,553,629,646,129,0,5,4,3,4.000000,4.000000,17,9,17,2,0,2,85,161,178,1.000000
3824,468,483,484,513,219,0,1,3,3,0.000000,4.000000,23,1,29,0,0,0,15,16,45,1.260870
3825,469,509,542,614,16,2,6,4,4,0.000000,5.000000,70,10,72,0,0,0,40,73,145,1.028571
3826,469,472,472,523,78,0,0,3,-1,-1.000000,-1.000000,41,0,49,0,2,2,3,3,54,1.195122
3827,469,541,541,599,370,0,0,3,-1,-1.000000,-1.000000,53,0,57,0,1,1,72,72,130,1.075472
3828,469,542,542,569,277,0,0,3,-1,-1.000000,-1.000000,19,0,25,0,2,2,73,73,100,1.315789
3829,469,476,479,511,150,0,3,1,3,1.000000,3.000000,30,3,30,0,2,2,7,10,42,1.000000
3830,469,471,481,525,35,0,8,3,3,6.000000,6.000000,36,10,44,0,0,0,2,12,56,1.222222
3831,469,470,470,520,13,0,0,4,-1,-1.000000,-1.000000,46,0,50,0,0,0,1,1,51,1.086957
3832,470,769,769,799,164,0,0,2,-1,-1.000000,-1.000000,26,0,30,0,0,0,299,299,329,1.153846
3833,470,480,488,535,154,1,17,3,3,2.000000,2.000000,44,8,46,0,1,1,10,18,65,1.045455
3834,470,490,490,530,27,0,0,3,-1,-1.000000,-1.000000,38,0,40,0,0,0,20,20,60,1.052632
3835,470,511,516,582,270,0,3,2,3,1.000000,8.000000,62,5,66,0,0,0,41,46,112,1.064516
3836,470,491,492,505,164,0,1,4,4,0.000000,4.000000,13,1,13,0,0,0,21,22,35,1.000000
3837,470,471,477,554,84,0,1,3,3,1.000000,1.000000,64,5,74,1,3,4,1,7,84,1.156250
3838,470,473,487,576,60,0,4,4,4,1.000000,5.000000,78,5,88,1,1,2,3,17,106,1.128205
3839,470,555,563,588,51,1,7,2,4,0.000000,3.000000,25,5,25,0,0,0,85,93,118,1.000000
3840,470,471,471,526,362,0,0,4,-1,-1.000000,-1.000000,54,0,54,0,1,1,1,1,56,1.000000
3841,471,480,514,568,108,0,13,1,3,0.000000,0.000000,53,8,53,0,1,1,9,43,97,1.000000
3842,471,473,473,536,288,0,0,2,-1,-1.000000,-1.000000,57,0,61,0,2,2,2,2,65,1.070175
3843,471,479,479,510,128,0,0,4,-1,-1.000000,-1.000000,26,0,28,0,3,3,8,8,39,1.076923
3844,471,484,486,546,329,0,2,3,3,6.000000,10.000000,55,2,59,0,1,1,13,15,75,1.072727
3845,471,473,477,504,71,0,4,4,2,0.000000,2.000000,8,4,22,0,5,5,2,6,33,2.750000
3846,471,538,539,618,117,0,1,4,4,1.000000,2.000000,70,1,76,0,3,3,67,68,147,1.085714
3847,471,477,482,568,190,0,5,4,4,0.000000,1.000000,77,5,85,0,1,1,6,11,97,1.103896
3848,472,503,503,569,132,0,0,4,-1,-1.000000,-1.000000,56,0,66,0,0,0,31,31,97,1.178571
3849,472,485,486,532,73,0,1,4,4,0.000000,5.000000,38,1,44,0,2,2,13,14,60,1.157895
3850,472,473,473,541,277,0,0,2,-1,-1.000000,-1.000000,66,0,68,0,0,0,1,1,69,1.030303
3851,472,477,485,516,278,0,2,3,4,2.000000,8.000000,23,5,27,0,4,4,5,13,44,1.173913
3852,472,481,486,528,188,0,3,3,2,2.000000,3.000000,30,3,38,2,4,6,9,14,56,1.266667
3853,472,477,496,586,64,0,4,3,3,0.000000,2.000000,83,4,89,0,1,1,5,24,114,1.072289
3854,472,501,502,559,394,0,1,2,2,0.000000,0.000000,46,1,54,0,3,3,29,30,87,1.173913
3855,473,483,483,511,77,0,0,3,-1,-1.000000,-1.000000,28,0,28,0,0,0,10,10,38,1.000000
3856,473,486,488,543,59,0,2,4,3,4.000000,4.000000,45,2,53,0,2,2,13,15,70,1.177778
3857,473,474,926,982,104,0,3,4,3,5.000000,6.000000,49,8,55,0,1,1,1,453,509,1.122449
3858,473,476,478,548,136,0,2,3,4,0.000000,5.000000,68,2,70,0,0,0,3,5,75,1.029412
3859,473,481,501,551,116,0,11,3,3,5.000000,6.000000,39,2,47,0,3,3,8,28,78,1.205128
3860,473,476,499,600,228,0,10,3,3,0.000000,0.000000,86,3,98,0,3,3,3,26,127,1.139535
3861,473,474,501,546,209,0,8,3,3,3.000000,4.000000,35,17,43,0,2,2,1,28,73,1.228571
3862,473,474,476,519,140,0,2,4,4,0.000000,2.000000,41,2,43,0,0,0,1,3,46,1.048780
3863,473,485,485,532,333,0,0,2,-1,-1.000000,-1.000000,35,0,47,0,0,0,12,12,59,1.342857
3864,473,475,478,494,127,0,3,4,4,0.000000,1.000000,14,3,16,0,0,0,2,5,21,1.142857
3865,474,506,516,594,233,4,3,4,4,0.000000,2.000000,67,10,77,0,1,1,32,42,120,1.149254
3866,474,794,794,863,365,0,0,3,-1,-1.000000,-1.000000,64,0,68,0,1,1,320,320,389,1.062500
3867,474,476,478,557,80,0,2,2,3,0.000000,1.000000,69,2,77,0,2,2,2,4,83,1.115942
3868,474,508,517,612,322,1,7,4,2,0.000000,2.000000,84,9,94,0,1,1,34,43,138,1.119048
3869,474,483,507,558,209,0,5,4,3,1.000000,2.000000,45,11,51,0,0,0,9,33,84,1.133333
3870,474,644,644,691,16,0,0,3,-1,-1.000000,-1.000000,41,0,47,0,0,0,170,170,217,1.146341
3871,474,481,484,534,224,0,3,4,4,5.000000,9.000000,48,3,50,0,0,0,7,10,60,1.041667
3872,474,478,482,546,1,0,3,2,3,1.000000,2.000000,58,3,64,1,0,1,4,8,72,1.103448
3873,474,482,487,526,307,0,4,3,3,1.000000,1.000000,32,4,38,1,1,2,8,13,52,1.187500
3874,475,563,564,598,332,0,1,3,3,0.000000,3.000000,28,1,32,0,2,2,88,89,123,1.142857
3875,475,499,500,600,34,0,1,3,3,1.000000,2.000000,82,1,94,0,6,6,24,25,125,1.146341
3876,475,486,512,576,374,2,6,3,3,4.000000,4.000000,51,11,61,2,3,5,11,37,101,1.196078
3877,475,518,523,534,368,0,4,4,4,0.000000,4.000000,8,4,10,0,1,1,43,48,59,1.250000
3878,475,481,528,616,238,0,4,2,3,2.000000,2.000000,79,10,87,0,1,1,6,53,141,1.101266
3879,475,550,552,619,187,0,2,4,3,0.000000,3.000000,61,2,65,0,2,2,75,77,144,1.065574
3880,475,476,481,541,313,0,2,3,3,3.000000,6.000000,48,4,58,1,2,3,1,6,66,1.208333
3881,475,491,494,523,195,0,3,2,2,0.000000,0.000000,25,3,29,0,0,0,16,19,48,1.160000
3882,475,479,479,546,181,0,0,4,-1,-1.000000,-1.000000,62,0,64,0,3,3,4,4,71,1.032258
3883,475,476,480,532,173,0,4,4,3,0.000000,0.000000,39,4,49,0,3,3,1,5,57,1.256410
3884,475,478,482,542,193,0,4,3,4,3.000000,4.000000,57,4,59,0,1,1,3,7,67,1.035088
3885,475,480,482,543,101,0,2,4,3,0.000000,3.000000,53,2,59,0,2,2,5,7,68,1.113208
3886,475,486,508,556,274,0,1,3,3,2.000000,3.000000,40,5,46,1,2,3,11,33,81,1.150000
3887,476,529,530,564,188,0,1,4,4,0.000000,4.000000,31,1,33,0,1,1,53,54,88,1.064516
3888,476,481,481,512,279,0,0,3,-1,-1.000000,-1.000000,22,0,28,0,3,3,5,5,36,1.272727
3889,476,490,496,501,153,1,6,4,4,1.000000,3.000000,5,2,5,3,0,3,14,20,25,1.000000
3890,476,477,478,496,228,0,1,4,4,0.000000,1.000000,14,1,18,0,0,0,1,2,20,1.285714
3891,476,478,506,557,116,2,9,4,4,5.000000,7.000000,43,18,49,1,2,3,2,30,81,1.139535
3892,476,477,488,560,209,4,4,3,4,0.000000,3.000000,64,7,72,4,0,4,1,12,84,1.125000
3893,477,478,482,505,212,0,3,3,4,4.000000,5.000000,21,3,23,1,0,1,1,5,28,1.095238
3894,477,529,529,578,90,0,0,3,-1,-1.000000,-1.000000,49,0,49,0,0,0,52,52,101,1.000000
3895,477,520,522,565,196,0,2,2,4,0.000000,5.000000,37,2,43,0,0,0,43,45,88,1.162162
3896,477,489,490,551,371,0,1,2,2,5.000000,5.000000,55,1,59,0,2,2,12,13,74,1.072727
3897,477,478,479,514,104,0,1,3,3,0.000000,7.000000,29,1,33,0,2,2,1,2,37,1.137931
3898,477,496,496,535,262,0,0,4,-1,-1.000000,-1.000000,35,0,39,0,0,0,19,19,58,1.114286
3899,477,493,493,534,252,0,0,4,-1,-1.000000,-1.000000,37,0,41,0,0,0,16,16,57,1.108108
3900,477,552,560,600,129,0,4,3,4,0.000000,6.000000,30,6,38,1,2,3,75,83,123,1.266667
3901,477,554,561,615,138,0,2,3,3,0.000000,5.000000,36,6,50,1,4,5,77,84,138,1.388889
3902,478,489,490,526,169,0,1,2,2,2.000000,2.000000,32,1,32,0,4,4,11,12,48,1.000000
3903,478,529,531,555,30,0,1,4,4,0.000000,4.000000,20,1,22,1,2,3,51,53,77,1.100000
3904,478,491,497,546,153,1,4,4,4,2.000000,4.000000,47,5,49,1,0,1,13,19,68,1.042553
3905,478,488,528,605,328,0,13,2,3,0.000000,8.000000,57,4,77,0,0,0,10,50,127,1.350877
3906,478,491,496,540,305,2,1,3,3,2.000000,3.000000,31,4,41,1,3,4,13,18,62,1.322581
3907,478,566,618,716,181,0,2,3,3,0.000000,2.000000,95,2,97,0,1,1,88,140,238,1.021053
3908,479,490,491,552,45,0,1,3,3,2.000000,5.000000,51,1,57,0,4,4,11,12,73,1.117647
3909,479,504,510,560,121,0,4,4,3,4.000000,4.000000,44,6,50,0,0,0,25,31,81,1.136364
3910,479,494,497,535,392,0,3,1,4,0.000000,10.000000,34,3,36,0,2,2,15,18,56,1.058824
3911,479,504,507,597,387,0,3,4,4,0.000000,1.000000,88,3,88,0,2,2,25,28,118,1.000000
3912,479,495,496,548,21,0,1,3,3,2.000000,2.000000,44,1,50,0,2,2,16,17,69,1.136364
3913,479,503,507,548,187,0,4,3,3,2.000000,2.000000,39,4,39,0,2,2,24,28,69,1.000000
3914,480,481,486,504,251,0,5,4,3,3.000000,4.000000,14,5,16,0,2,2,1,6,24,1.142857
3915,480,487,492,535,208,0,2,3,4,0.000000,2.000000,43,2,43,1,0,1,7,12,55,1.000000
3916,480,488,495,540,371,1,2,2,4,2.000000,8.000000,36,7,42,0,3,3,8,15,60,1.166667
3917,480,484,489,574,42,0,2,3,4,0.000000,2.000000,72,4,84,1,1,2,4,9,94,1.166667
3918,480,527,527,569,169,0,0,2,-1,-1.000000,-1.000000,37,0,41,0,1,1,47,47,89,1.108108
3919,480,493,499,566,379,0,6,2,3,0.000000,1.000000,51,6,65,0,2,2,13,19,86,1.274510
3920,480,486,486,556,2,0,0,4,-1,-1.000000,-1.000000,63,0,65,0,5,5,6,6,76,1.031746
3921,480,481,496,505,64,0,3,3,4,2.000000,3.000000,9,7,9,8,0,8,1,16,25,1.000000
3922,480,482,486,537,317,0,4,4,4,0.000000,2.000000,38,4,48,0,3,3,2,6,57,1.263158
3923,480,490,493,520,208,0,2,3,4,0.000000,2.000000,27,2,27,1,0,1,10,13,40,1.000000
3924,480,482,485,572,255,1,6,3,3,0.000000,5.000000,84,3,86,0,1,1,2,5,92,1.023810
3925,481,557,561,621,137,0,4,2,4,1.000000,4.000000,52,4,60,0,0,0,76,80,140,1.153846
3926,481,482,485,514,243,0,3,3,3,2.000000,4.000000,28,3,28,0,1,1,1,4,33,1.000000
3927,481,482,482,521,116,0,0,3,-1,-1.000000,-1.000000,33,0,37,0,2,2,1,1,40,1.121212
3928,481,503,508,542,372,1,5,3,4,0.000000,1.000000,19,5,33,0,1,1,22,27,61,1.736842
3929,481,543,544,624,185,0,1,4,4,0.000000,5.000000,73,1,77,0,3,3,62,63,143,1.054795
3930,481,493,498,605,125,0,5,3,4,0.000000,2.000000,89,5,105,0,2,2,12,17,124,1.179775
3931,481,528,529,558,56,0,1,4,4,2.000000,4.000000,26,1,28,0,1,1,47,48,77,1.076923
3932,481,495,499,530,177,0,4,4,3,2.000000,3.000000,28,4,30,0,1,1,14,18,49,1.071429
3933,482,508,509,537,156,0,1,2,2,0.000000,3.000000,27,1,27,0,1,1,26,27,55,1.000000
3934,482,559,561,641,85,0,2,2,4,6.000000,6.000000,74,2,78,0,2,2,77,79,159,1.054054
3935,482,484,485,539,321,0,1,4,4,0.000000,4.000000,44,1,48,0,6,6,2,3,57,1.090909
3936,482,612,612,692,198,0,0,4,-1,-1.000000,-1.000000,74,0,76,0,4,4,130,130,210,1.027027
3937,482,496,518,590,127,0,6,3,3,0.000000,5.000000,66,2,72,0,0,0,14,36,108,1.090909
3938,482,579,583,688,315,0,4,3,3,0.000000,2.000000,86,4,104,0,1,1,97,101,206,1.209302
3939,483,487,489,520,154,1,15,3,2,5.000000,5.000000,23,2,29,0,2,2,4,6,37,1.260870
3940,483,486,489,539,334,0,3,2,3,0.000000,1.000000,42,3,48,0,2,2,3,6,56,1.142857
3941,483,491,493,577,217,0,2,3,3,0.000000,1.000000,70,2,82,0,2,2,8,10,94,1.171429
3942,483,487,542,594,86,0,8,2,3,2.000000,3.000000,49,1,49,0,3,3,4,59,111,1.000000
3943,483,497,497,546,0,0,0,4,-1,-1.000000,-1.000000,36,0,44,0,5,5,14,14,63,1.222222
3944,483,488,489,545,86,0,1,4,4,0.000000,6.000000,46,1,56,0,0,0,5,6,62,1.217391
3945,484,510,515,552,246,0,5,3,3,3.000000,6.000000,34,5,36,0,1,1,26,31,68,1.058824
3946,484,520,528,595,338,1,5,2,4,0.000000,2.000000,65,8,65,0,2,2,36,44,111,1.000000
3947,484,506,509,552,244,1,5,3,4,2.000000,2.000000,35,3,41,0,2,2,22,25,68,1.171429
3948,484,485,487,506,109,0,1,4,4,2.000000,3.000000,19,1,19,1,0,1,1,3,22,1.000000
3949,484,503,504,540,370,0,1,4,4,3.000000,6.000000,30,1,32,0,4,4,19,20,56,1.066667
3950,484,542,549,611,306,0,1,3,3,5.000000,5.000000,53,2,61,2,1,3,58,65,127,1.150943
3951,485,567,571,648,181,0,4,1,3,5.000000,5.000000,69,4,77,0,0,0,82,86,163,1.115942
3952,485,515,515,546,104,0,0,4,-1,-1.000000,-1.000000,31,0,31,0,0,0,30,30,61,1.000000
3953,485,523,534,613,383,1,5,3,4,0.000000,2.000000,67,7,75,0,4,4,38,49,128,1.119403
3954,485,492,497,533,6,2,5,4,4,1.000000,2.000000,28,5,32,0,4,4,7,12,48,1.142857
3955,485,497,498,588,228,0,1,3,3,0.000000,0.000000,83,1,89,0,1,1,12,13,103,1.072289
3956,485,524,524,580,360,0,0,4,-1,-1.000000,-1.000000,46,0,52,0,4,4,39,39,95,1.130435
3957,485,495,496,559,385,0,1,4,4,0.000000,4.000000,53,1,61,0,2,2,10,11,74,1.150943
3958,485,857,862,913,99,0,5,2,3,2.000000,5.000000,29,5,49,0,2,2,372,377,428,1.689655
3959,486,487,490,534,108,0,3,4,4,1.000000,2.000000,38,3,42,0,2,2,1,4,48,1.105263
3960,486,549,561,632,303,0,8,4,2,4.000000,4.000000,67,4,71,0,0,0,63,75,146,1.059701
3961,486,526,526,558,388,0,0,4,-1,-1.000000,-1.000000,27,0,31,0,1,1,40,40,72,1.148148
3962,486,487,488,510,89,0,1,4,4,3.000000,4.000000,17,1,19,0,3,3,1,2,24,1.117647
3963,486,500,501,563,381,1,6,3,4,0.000000,2.000000,55,1,59,0,3,3,14,15,77,1.072727
3964,487,498,500,570,283,0,2,4,4,0.000000,4.000000,61,2,67,0,3,3,11,13,83,1.098361
3965,487,496,505,573,153,0,8,3,3,0.000000,3.000000,68,4,68,0,0,0,9,18,86,1.000000
3966,487,495,496,556,328,1,4,3,4,0.000000,4.000000,41,1,59,0,1,1,8,9,69,1.439024
3967,487,521,556,584,368,0,1,4,4,0.000000,8.000000,28,5,28,1,0,1,34,69,97,1.000000
3968,487,489,509,539,374,0,5,2,4,0.000000,1.000000,28,14,30,2,0,2,2,22,52,1.071429
3969,487,564,564,595,254,0,0,2,-1,-1.000000,-1.000000,28,0,30,0,1,1,77,77,108,1.071429
3970,488,535,545,599,108,0,5,4,3,0.000000,2.000000,50,1,54,0,0,0,47,57,111,1.080000
3971,488,491,493,499,90,0,2,3,3,2.000000,3.000000,6,2,6,0,0,0,3,5,11,1.000000
3972,488,494,506,510,353,3,14,4,3,1.000000,1.000000,4,12,4,0,0,0,6,18,22,1.000000
3973,488,521,521,586,175,0,0,3,-1,-1.000000,-1.000000,54,0,62,0,3,3,33,33,98,1.148148
3974,488,565,742,781,395,0,3,4,4,0.000000,8.000000,34,4,36,0,3,3,77,254,293,1.058824
3975,488,500,503,554,292,0,3,4,3,1.000000,2.000000,49,3,51,0,0,0,12,15,66,1.040816
3976,489,942,942,-1,165,0,0,4,-1,-1.000000,-1.000000,66,0,56,0,2,2,453,453,-1,0.848485
3977,489,497,514,547,201,0,4,3,4,2.000000,4.000000,26,4,32,3,1,4,8,25,58,1.230769
3978,489,490,492,522,248,0,2,4,2,0.000000,2.000000,23,2,29,0,1,1,1,3,33,1.260870
3979,489,562,565,639,161,0,3,4,4,4.000000,4.000000,66,2,66,0,8,8,73,76,150,1.000000
3980,489,491,501,516,120,0,7,3,4,1.000000,7.000000,15,9,15,1,0,1,2,12,27,1.000000
3981,489,521,561,589,301,0,3,3,3,5.000000,5.000000,26,4,26,0,2,2,32,72,100,1.000000
3982,489,490,499,535,324,1,2,4,2,0.000000,0.000000,35,9,35,0,1,1,1,10,46,1.000000
3983,490,491,503,542,340,0,7,4,4,0.000000,3.000000,39,11,39,1,0,1,1,13,52,1.000000
3984,490,678,678,740,239,0,0,3,-1,-1.000000,-1.000000,55,0,61,0,1,1,188,188,250,1.109091
3985,490,525,526,606,226,0,1,2,2,0.000000,1.000000,71,1,77,0,3,3,35,36,116,1.084507
3986,490,543,548,584,72,1,6,4,3,1.000000,3.000000,31,5,35,0,1,1,53,58,94,1.129032
3987,490,510,511,575,131,0,1,4,4,0.000000,6.000000,51,1,61,0,3,3,20,21,85,1.196078
3988,490,506,506,559,200,0,0,3,-1,-1.000000,-1.000000,29,0,51,0,2,2,16,16,69,1.758621
3989,491,492,497,548,154,0,5,3,2,0.000000,10.000000,47,5,51,0,0,0,1,6,57,1.085106
3990,491,511,552,641,87,11,4,4,3,4.000000,4.000000,74,25,88,2,1,3,20,61,150,1.189189
3991,491,531,531,571,186,0,0,2,-1,-1.000000,-1.000000,32,0,38,0,2,2,40,40,80,1.187500
3992,491,526,526,610,222,0,0,4,-1,-1.000000,-1.000000,75,0,83,0,1,1,35,35,119,1.106667
3993,492,495,500,571,242,1,17,4,3,0.000000,3.000000,68,5,70,0,1,1,3,8,79,1.029412
3994,492,510,526,560,344,0,5,1,2,0.000000,3.000000,26,1,32,0,2,2,18,34,68,1.230769
3995,492,500,506,541,12,0,3,4,4,3.000000,4.000000,31,1,33,0,2,2,8,14,49,1.064516
3996,492,498,501,549,268,0,3,2,3,1.000000,1.000000,44,3,46,0,2,2,6,9,57,1.045455
3997,492,506,510,539,322,1,10,4,4,0.000000,4.000000,25,4,27,0,2,2,14,18,47,1.080000
3998,492,530,530,630,336,0,0,3,-1,-1.000000,-1.000000,78,0,98,0,2,2,38,38,138,1.256410
3999,492,494,496,525,305,1,3,2,3,0.000000,5.000000,25,1,27,1,2,3,2,4,33,1.080000
4000,492,631,656,760,59,0,4,3,4,0.000000,2.000000,93,6,101,0,3,3,139,164,268,1.086022
4001,492,547,551,590,378,0,4,4,3,0.000000,3.000000,38,4,38,0,1,1,55,59,98,1.000000
4002,493,494,494,546,378,0,0,4,-1,-1.000000,-1.000000,47,0,51,0,1,1,1,1,53,1.085106
4003,493,523,530,600,276,0,9,4,4,0.000000,6.000000,54,3,62,0,8,8,30,37,107,1.148148
4004,493,512,517,571,341,0,5,2,4,2.000000,6.000000,48,5,54,0,0,0,19,24,78,1.125000
4005,493,496,512,562,118,0,10,2,4,4.000000,7.000000,49,8,49,1,1,2,3,19,69,1.000000
4006,493,524,531,565,76,0,5,4,3,2.000000,4.000000,27,7,33,0,1,1,31,38,72,1.222222
4007,494,495,507,561,354,1,12,2,4,2.000000,8.000000,42,11,52,1,2,3,1,13,67,1.238095
4008,494,505,508,574,17,0,2,3,3,0.000000,5.000000,63,2,63,1,3,4,11,14,80,1.000000
4009,494,505,514,589,91,1,7,2,4,3.000000,6.000000,66,8,72,0,3,3,11,20,95,1.090909
4010,494,498,501,583,127,0,3,4,3,1.000000,3.000000,79,3,81,0,1,1,4,7,89,1.025316
4011,494,496,496,566,374,0,0,4,-1,-1.000000,-1.000000,65,0,69,0,1,1,2,2,72,1.061538
4012,494,501,520,612,197,0,9,3,3,0.000000,3.000000,75,9,87,0,5,5,7,26,118,1.160000
4013,494,517,517,596,249,0,0,3,-1,-1.000000,-1.000000,69,0,77,0,2,2,23,23,102,1.115942
4014,495,543,543,605,348,0,0,2,-1,-1.000000,-1.000000,51,0,59,0,3,3,48,48,110,1.156863
4015,495,540,540,574,321,0,0,4,-1,-1.000000,-1.000000,31,0,33,0,1,1,45,45,79,1.064516
4016,495,631,634,705,336,0,3,2,2,1.000000,1.000000,53,3,71,0,0,0,136,139,210,1.339623
4017,495,499,499,552,94,0,0,3,-1,-1.000000,-1.000000,47,0,49,0,4,4,4,4,57,1.042553
4018,495,506,507,571,15,0,1,3,3,0.000000,3.000000,48,1,64,0,0,0,11,12,76,1.333333
4019,495,496,500,517,19,0,4,4,4,1.000000,7.000000,15,4,17,0,0,0,1,5,22,1.133333
4020,495,499,504,544,174,0,5,4,4,0.000000,0.000000,39,5,39,0,1,1,4,9,49,1.000000
4021,495,497,544,589,126,0,2,4,3,3.000000,4.000000,36,11,42,0,3,3,2,49,94,1.166667
4022,495,497,505,591,118,1,5,2,4,2.000000,6.000000,82,5,84,0,2,2,2,10,96,1.024390
4023,496,497,502,528,290,2,9,4,3,6.000000,6.000000,25,4,25,1,1,2,1,6,32,1.000000
4024,496,497,498,542,348,0,1,4,4,0.000000,8.000000,43,1,43,0,1,1,1,2,46,1.000000
4025,496,498,505,538,361,0,6,4,4,0.000000,6.000000,30,6,32,1,1,2,2,9,42,1.066667
4026,496,531,534,574,177,0,3,3,4,0.000000,5.000000,33,3,39,0,1,1,35,38,78,1.181818
4027,496,497,499,522,242,0,2,3,3,0.000000,2.000000,19,2,21,0,2,2,1,3,26,1.105263
4028,496,506,637,699,227,1,3,4,3,13.000000,16.000000,58,22,62,0,0,0,10,141,203,1.068966
4029,496,505,511,614,322,1,7,2,2,0.000000,0.000000,83,6,103,0,0,0,9,15,118,1.240964
4030,496,527,538,573,240,0,3,2,3,4.000000,7.000000,32,9,34,2,1,3,31,42,77,1.062500
4031,497,518,518,583,96,0,0,3,-1,-1.000000,-1.000000,50,0,62,0,3,3,21,21,86,1.240000
4032,497,505,506,522,44,0,1,2,2,1.000000,1.000000,13,1,15,0,1,1,8,9,25,1.153846
4033,497,528,529,581,128,0,1,3,3,3.000000,8.000000,50,1,50,0,2,2,31,32,84,1.000000
4034,497,508,508,561,68,0,0,1,-1,-1.000000,-1.000000,39,0,47,0,6,6,11,11,64,1.205128
4035,498,506,514,553,91,3,5,4,3,0.000000,3.000000,28,7,36,1,3,4,8,16,55,1.285714
4036,498,592,639,738,252,0,4,2,2,2.000000,3.000000,85,11,99,1,0,1,94,141,240,1.164706
4037,498,540,671,734,302,0,9,3,3,3.000000,4.000000,53,10,61,2,2,4,42,173,236,1.150943
4038,498,500,504,576,88,0,4,3,3,0.000000,4.000000,70,4,70,0,2,2,2,6,78,1.000000
4039,498,583,590,624,224,1,2,3,3,1.000000,2.000000,31,7,31,0,3,3,85,92,126,1.000000
4040,498,556,560,624,51,0,4,3,3,0.000000,1.000000,59,4,61,0,3,3,58,62,126,1.033898
4041,499,514,520,572,368,1,2,3,3,0.000000,6.000000,47,5,49,1,3,4,15,21,73,1.042553
4042,499,500,502,554,354,0,2,4,3,0.000000,6.000000,41,2,51,0,1,1,1,3,55,1.243902
4043,499,510,510,583,396,0,0,3,-1,-1.000000,-1.000000,68,0,72,0,1,1,11,11,84,1.058824
4044,499,626,627,681,209,0,1,2,2,0.000000,0.000000,52,1,54,0,0,0,127,128,182,1.038462
4045,499,500,500,584,118,0,0,4,-1,-1.000000,-1.000000,76,0,82,0,2,2,1,1,85,1.078947
4046,499,505,515,551,71,1,5,3,3,7.000000,7.000000,35,9,35,1,1,2,6,16,52,1.000000
4047,499,512,512,553,28,0,0,3,-1,-1.000000,-1.000000,36,0,40,0,1,1,13,13,54,1.111111
4048,499,519,557,616,172,0,2,3,4,2.000000,7.000000,55,5,57,0,2,2,20,58,117,1.036364
4049,499,574,574,645,311,0,0,2,-1,-1.000000,-1.000000,69,0,71,0,0,0,75,75,146,1.028986
4050,499,511,515,604,282,0,4,3,3,0.000000,2.000000,81,4,89,0,0,0,12,16,105,1.098765
4051,499,503,507,546,165,0,4,3,3,0.000000,1.000000,37,4,39,0,0,0,4,8,47,1.054054
4052,499,564,567,645,170,0,3,2,3,0.000000,2.000000,74,3,76,0,2,2,65,68,146,1.027027
4053,500,639,699,777,379,0,4,4,2,0.000000,0.000000,75,3,77,0,1,1,139,199,277,1.026667
4054,501,502,513,530,381,0,7,3,4,0.000000,4.000000,15,11,17,0,0,0,1,12,29,1.133333
4055,501,507,507,552,304,0,0,3,-1,-1.000000,-1.000000,41,0,43,0,2,2,6,6,51,1.048780
4056,501,507,508,560,395,0,1,3,3,0.000000,1.000000,51,1,51,0,1,1,6,7,59,1.000000
4057,502,511,524,553,128,1,11,4,4,2.000000,4.000000,25,10,27,3,2,5,9,22,51,1.080000
4058,502,503,508,550,298,0,3,4,4,0.000000,5.000000,39,1,41,1,1,2,1,6,48,1.051282
4059,502,519,522,585,43,0,3,3,3,4.000000,4.000000,52,3,60,0,3,3,17,20,83,1.153846
4060,502,518,522,538,18,0,4,4,4,1.000000,6.000000,16,4,16,0,0,0,16,20,36,1.000000
4061,502,514,519,545,71,0,4,3,4,4.000000,8.000000,26,4,26,1,0,1,12,17,43,1.000000
4062,502,566,646,660,22,0,5,2,4,0.000000,9.000000,13,1,13,1,1,2,64,144,158,1.000000
4063,502,503,518,555,201,0,4,4,3,0.000000,6.000000,24,2,30,0,7,7,1,16,53,1.250000
4064,503,526,535,578,44,0,9,3,3,0.000000,2.000000,41,9,43,0,0,0,23,32,75,1.048780
4065,503,506,510,574,267,0,4,2,3,0.000000,5.000000,55,4,61,0,3,3,3,7,71,1.109091
4066,503,508,510,573,311,0,1,4,4,0.000000,8.000000,58,1,62,1,1,2,5,7,70,1.068966
4067,503,504,504,569,201,0,0,3,-1,-1.000000,-1.000000,52,0,62,0,3,3,1,1,66,1.192308
4068,504,546,551,629,100,0,3,3,3,0.000000,2.000000,65,2,77,0,1,1,42,47,125,1.184615
4069,504,505,510,546,290,0,5,3,3,0.000000,4.000000,36,5,36,0,0,0,1,6,42,1.000000
4070,504,508,517,589,323,2,4,3,4,2.000000,5.000000,58,8,68,1,4,5,4,13,85,1.172414
4071,504,505,513,581,350,0,6,3,3,1.000000,1.000000,66,8,68,0,0,0,1,9,77,1.030303
4072,504,637,641,673,168,0,3,3,3,1.000000,2.000000,27,3,31,1,1,2,133,137,169,1.148148
4073,504,541,543,593,57,1,8,4,3,2.000000,3.000000,44,2,50,0,0,0,37,39,89,1.136364
4074,504,506,509,542,179,0,3,3,4,2.000000,3.000000,31,3,31,0,2,2,2,5,38,1.000000
4075,504,512,516,598,286,2,4,2,3,1.000000,2.000000,72,4,82,0,0,0,8,12,94,1.138889
4076,504,879,886,967,247,2,10,4,4,1.000000,4.000000,68,5,78,1,3,4,375,382,463,1.147059
4077,505,609,666,711,53,0,1,3,3,3.000000,3.000000,45,2,45,0,0,0,104,161,206,1.000000
4078,505,511,519,577,168,0,3,2,3,0.000000,5.000000,58,7,58,1,0,1,6,14,72,1.000000
4079,505,522,531,546,314,2,16,4,4,0.000000,2.000000,14,7,14,2,1,3,17,26,41,1.000000
4080,505,569,644,723,258,0,15,3,4,0.000000,3.000000,58,4,78,0,1,1,64,139,218,1.344828
4081,505,510,516,614,322,0,6,3,3,1.000000,2.000000,79,6,91,0,7,7,5,11,109,1.151899
4082,505,506,511,587,372,0,5,3,3,0.000000,0.000000,65,5,73,0,3,3,1,6,82,1.123077
4083,505,532,543,618,49,1,17,3,4,2.000000,2.000000,68,4,74,0,1,1,27,38,113,1.088235
4084,505,510,518,586,355,0,8,3,3,0.000000,1.000000,57,8,65,0,3,3,5,13,81,1.140351
4085,505,506,507,568,197,0,1,4,4,0.000000,6.000000,47,1,59,0,2,2,1,2,63,1.255319
4086,505,585,586,629,28,0,1,3,3,3.000000,3.000000,40,1,42,0,1,1,80,81,124,1.050000
4087,505,631,632,659,333,0,1,4,4,3.000000,5.000000,24,1,26,0,1,1,126,127,154,1.083333
4088,505,507,508,577,151,0,1,3,3,0.000000,5.000000,58,1,68,0,1,1,2,3,72,1.172414
4089,506,553,560,644,142,1,6,4,4,1.000000,4.000000,68,6,82,1,2,3,47,54,138,1.205882
4090,506,551,561,577,142,2,8,3,2,2.000000,2.000000,14,10,16,0,0,0,45,55,71,1.142857
4091,506,556,562,625,84,0,6,2,4,0.000000,3.000000,51,6,55,0,8,8,50,56,119,1.078431
4092,506,543,555,622,41,0,10,2,4,2.000000,2.000000,62,7,66,1,1,2,37,49,116,1.064516
4093,506,573,574,646,108,0,1,4,4,3.000000,4.000000,66,1,70,0,2,2,67,68,140,1.060606
4094,506,521,567,630,208,0,2,3,4,0.000000,5.000000,57,6,61,2,2,4,15,61,124,1.070175
4095,507,511,515,526,145,2,17,3,3,3.000000,3.000000,8,4,8,0,3,3,4,8,19,1.000000
4096,507,510,530,577,87,0,8,3,3,6.000000,6.000000,46,1,46,1,1,2,3,23,70,1.000000
4097,507,530,541,615,308,0,12,3,3,0.000000,2.000000,72,4,74,1,0,1,23,34,108,1.027778
4098,507,569,572,650,197,0,3,4,4,0.000000,4.000000,70,3,76,0,2,2,62,65,143,1.085714
4099,507,520,524,620,237,0,4,3,4,1.000000,2.000000,86,4,96,0,0,0,13,17,113,1.116279
4100,508,514,521,555,137,0,7,4,3,0.000000,4.000000,27,7,33,0,1,1,6,13,47,1.222222
4101,509,510,512,584,227,0,2,3,3,0.000000,7.000000,66,2,70,0,2,2,1,3,75,1.060606
4102,509,640,649,711,280,3,10,3,2,0.000000,0.000000,58,7,58,2,4,6,131,140,202,1.000000
4103,509,513,531,565,145,2,16,4,2,0.000000,3.000000,33,12,33,1,1,2,4,22,56,1.000000
4104,509,548,592,618,265,3,7,3,3,2.000000,6.000000,24,10,26,2,0,2,39,83,109,1.083333
4105,509,528,532,574,30,0,2,4,3,1.000000,1.000000,35,1,41,0,1,1,19,23,65,1.171429
4106,509,-1,-1,-1,-1,0,-1,-1,-1,-1.000000,-1.000000,40,0,0,0,0,0,-1,-1,-1,0.000000
4107,509,510,511,523,360,0,1,4,4,4.000000,5.000000,12,1,12,0,0,0,1,2,14,1.000000
4108,509,513,525,582,16,0,5,4,3,0.000000,2.000000,50,4,56,0,1,1,4,16,73,1.120000
4109,509,553,553,634,304,0,0,4,-1,-1.000000,-1.000000,62,0,80,0,1,1,44,44,125,1.290323
4110,509,538,815,851,31,0,10,2,3,1.000000,5.000000,34,2,36,0,0,0,29,306,342,1.058824
4111,509,587,597,646,382,0,8,2,4,0.000000,4.000000,46,2,46,0,3,3,78,88,137,1.000000
4112,510,511,535,601,18,0,10,3,3,0.000000,3.000000,66,8,66,1,0,1,1,25,91,1.000000
4113,510,511,516,559,198,0,5,4,3,0.000000,4.000000,38,5,42,0,1,1,1,6,49,1.105263
4114,510,511,511,591,102,0,0,3,-1,-1.000000,-1.000000,67,0,79,0,1,1,1,1,81,1.179104
4115,510,511,512,558,236,0,1,4,4,0.000000,3.000000,45,1,45,0,1,1,1,2,48,1.000000
4116,510,511,512,566,335,0,1,4,4,0.000000,2.000000,47,1,53,0,1,1,1,2,56,1.127660
4117,510,529,562,595,70,1,5,3,3,0.000000,4.000000,25,15,33,1,0,1,19,52,85,1.320000
4118,510,515,525,543,212,1,2,3,4,1.000000,4.000000,17,4,17,0,1,1,5,15,33,1.000000
4119,510,537,539,603,47,1,6,3,4,2.000000,4.000000,64,2,64,0,0,0,27,29,93,1.000000
4120,510,512,525,557,367,3,13,2,4,0.000000,1.000000,26,11,30,2,2,4,2,15,47,1.153846
4121,510,511,511,585,24,0,0,4,-1,-1.000000,-1.000000,64,0,74,0,0,0,1,1,75,1.156250
4122,511,528,595,617,254,0,2,3,4,0.000000,7.000000,19,4,19,0,3,3,17,84,106,1.000000
4123,511,512,518,549,46,0,4,4,3,3.000000,3.000000,20,6,30,0,1,1,1,7,38,1.500000
4124,511,521,523,570,192,0,1,3,3,0.000000,1.000000,40,1,46,1,1,2,10,12,59,1.150000
4125,511,513,514,544,399,0,1,3,3,0.000000,3.000000,20,1,30,0,0,0,2,3,33,1.500000
4126,511,516,525,542,69,3,8,4,3,3.000000,3.000000,15,7,15,2,2,4,5,14,31,1.000000
4127,511,512,519,586,18,1,6,3,4,1.000000,3.000000,52,7,66,0,1,1,1,8,75,1.269231
4128,511,516,532,597,5,1,10,3,4,0.000000,6.000000,53,16,63,0,2,2,5,21,86,1.188679
4129,511,512,512,597,77,0,0,4,-1,-1.000000,-1.000000,73,0,85,0,0,0,1,1,86,1.164384
4130,511,597,597,633,99,0,0,4,-1,-1.000000,-1.000000,32,0,36,0,0,0,86,86,122,1.125000
4131,512,524,538,572,44,0,8,4,3,4.000000,5.000000,33,5,33,0,1,1,12,26,60,1.000000
4132,512,536,538,635,205,0,2,4,4,1.000000,7.000000,94,2,96,0,1,1,24,26,123,1.021277
4133,512,514,515,576,225,0,1,4,4,1.000000,5.000000,56,1,60,0,1,1,2,3,64,1.071429
4134,512,515,530,605,323,3,5,2,4,0.000000,5.000000,66,9,72,0,3,3,3,18,93,1.090909
4135,512,513,513,564,367,0,0,3,-1,-1.000000,-1.000000,51,0,51,0,0,0,1,1,52,1.000000
4136,512,513,516,591,320,0,3,3,4,0.000000,1.000000,69,3,75,0,0,0,1,4,79,1.086957
4137,512,515,565,595,243,1,7,3,4,0.000000,3.000000,24,9,28,1,2,3,3,53,83,1.166667
4138,513,514,518,594,66,0,4,3,4,0.000000,7.000000,70,4,72,0,4,4,1,5,81,1.028571
4139,513,533,535,610,259,1,5,3,3,0.000000,0.000000,64,2,74,0,1,1,20,22,97,1.156250
4140,513,522,529,567,158,0,7,4,4,1.000000,2.000000,31,7,37,0,1,1,9,16,54,1.193548
4141,513,514,522,550,16,0,6,4,3,0.000000,2.000000,21,4,27,2,1,3,1,9,37,1.285714
4142,513,519,523,604,62,0,4,4,2,2.000000,6.000000,65,4,81,0,0,0,6,10,91,1.246154
4143,513,517,523,592,40,1,6,3,4,0.000000,4.000000,67,5,69,1,0,1,4,10,79,1.029851
4144,513,514,520,574,145,3,6,2,3,0.000000,2.000000,46,6,54,0,0,0,1,7,61,1.173913
4145,514,559,559,602,388,0,0,3,-1,-1.000000,-1.000000,37,0,41,0,2,2,45,45,88,1.108108
4146,514,536,540,602,235,1,5,4,4,0.000000,3.000000,43,4,61,0,1,1,22,26,88,1.418605
4147,514,702,704,756,385,0,2,3,3,3.000000,3.000000,49,2,51,0,1,1,188,190,242,1.040816
4148,514,572,572,585,386,0,0,4,-1,-1.000000,-1.000000,13,0,13,0,0,0,58,58,71,1.000000
4149,514,706,827,855,186,2,7,3,2,2.000000,2.000000,24,16,26,2,2,4,192,313,341,1.083333
4150,515,516,516,544,239,0,0,3,-1,-1.000000,-1.000000,23,0,27,0,1,1,1,1,29,1.173913
4151,515,527,531,556,362,0,2,3,4,3.000000,4.000000,21,4,25,0,0,0,12,16,41,1.190476
4152,515,540,540,586,126,0,0,4,-1,-1.000000,-1.000000,41,0,43,0,3,3,25,25,71,1.048780
4153,516,610,612,658,53,0,2,2,4,6.000000,8.000000,43,2,43,0,3,3,94,96,142,1.000000
4154,516,517,534,564,81,5,14,3,3,0.000000,2.000000,24,16,28,1,2,3,1,18,48,1.166667
4155,516,530,534,554,256,0,4,3,4,0.000000,4.000000,20,4,20,0,0,0,14,18,38,1.000000
4156,516,520,523,615,380,1,13,4,3,0.000000,1.000000,86,3,92,0,0,0,4,7,99,1.069767
4157,516,581,582,631,381,0,1,3,3,1.000000,2.000000,41,1,47,0,2,2,65,66,115,1.146341
4158,517,521,526,559,13,0,5,3,4,4.000000,6.000000,26,5,32,0,1,1,4,9,42,1.230769
4159,517,518,533,612,69,1,8,4,4,1.000000,4.000000,66,9,78,0,1,1,1,16,95,1.181818
4160,517,532,549,630,191,0,7,3,4,1.000000,3.000000,73,5,77,0,4,4,15,32,113,1.054795
4161,517,519,526,589,81,0,7,4,2,0.000000,4.000000,54,7,60,0,3,3,2,9,72,1.111111
4162,517,524,524,533,195,0,0,4,-1,-1.000000,-1.000000,9,0,9,0,0,0,7,7,16,1.000000
4163,517,524,527,577,248,0,3,3,3,2.000000,4.000000,43,3,49,0,1,1,7,10,60,1.139535
4164,517,518,521,569,338,1,3,4,4,0.000000,2.000000,43,3,47,0,1,1,1,4,52,1.093023
4165,518,522,541,582,149,4,4,4,4,0.000000,4.000000,30,17,36,0,5,5,4,23,64,1.200000
4166,518,519,520,529,40,0,1,4,4,0.000000,4.000000,9,1,9,0,0,0,1,2,11,1.000000
4167,518,536,536,642,271,0,0,3,-1,-1.000000,-1.000000,94,0,100,0,6,6,18,18,124,1.063830
4168,519,522,531,586,152,0,9,3,4,0.000000,5.000000,48,9,52,0,3,3,3,12,67,1.083333
4169,519,529,539,576,261,0,9,2,4,0.000000,3.000000,37,9,37,1,0,1,10,20,57,1.000000
4170,519,520,523,556,276,1,7,3,2,0.000000,8.000000,29,3,33,0,0,0,1,4,37,1.137931
4171,519,521,525,596,99,0,4,4,4,1.000000,2.000000,65,4,71,0,0,0,2,6,77,1.092308
4172,519,528,530,589,202,0,2,3,4,0.000000,4.000000,55,2,57,0,2,2,9,11,70,1.036364
4173,520,521,526,568,110,0,9,3,4,2.000000,4.000000,39,3,41,0,1,1,1,6,48,1.051282
4174,520,529,531,563,254,0,2,3,3,5.000000,5.000000,31,2,31,0,1,1,9,11,43,1.000000
4175,520,589,593,635,330,1,2,2,4,1.000000,9.000000,40,3,40,1,2,3,69,73,115,1.000000
4176,520,531,544,554,247,0,8,3,3,1.000000,2.000000,10,12,10,1,0,1,11,24,34,1.000000
4177,520,566,568,633,395,0,2,1,4,0.000000,4.000000,58,2,64,0,1,1,46,48,113,1.103448
4178,520,557,557,627,329,0,0,2,-1,-1.000000,-1.000000,67,0,69,0,1,1,37,37,107,1.029851
4179,521,529,537,585,382,0,6,3,3,0.000000,1.000000,41,8,47,0,1,1,8,16,64,1.146341
4180,521,564,564,649,12,0,0,4,-1,-1.000000,-1.000000,78,0,84,0,1,1,43,43,128,1.076923
4181,521,550,552,561,268,0,2,4,4,1.000000,3.000000,8,2,8,0,1,1,29,31,40,1.000000
4182,521,533,533,561,333,0,0,4,-1,-1.000000,-1.000000,20,0,28,0,0,0,12,12,40,1.400000
4183,521,552,552,584,278,0,0,3,-1,-1.000000,-1.000000,27,0,31,0,1,1,31,31,63,1.148148
4184,521,524,526,614,37,0,2,3,4,0.000000,1.000000,84,2,88,0,0,0,3,5,93,1.047619
4185,522,523,540,555,380,5,9,4,4,1.000000,4.000000,11,17,15,0,0,0,1,18,33,1.363636
4186,522,524,527,599,373,0,3,3,3,0.000000,3.000000,70,3,72,0,0,0,2,5,77,1.028571
4187,522,572,572,608,155,0,0,4,-1,-1.000000,-1.000000,29,0,31,0,5,5,50,50,86,1.068966
4188,522,523,524,568,69,0,1,4,4,0.000000,1.000000,39,1,43,0,1,1,1,2,46,1.102564
4189,522,523,528,572,110,0,5,3,4,0.000000,4.000000,33,5,41,0,3,3,1,6,50,1.242424
4190,523,539,540,609,361,0,1,4,4,2.000000,2.000000,58,1,68,0,1,1,16,17,86,1.172414
4191,523,526,528,592,26,0,2,4,3,0.000000,0.000000,56,2,64,0,0,0,3,5,69,1.142857
4192,523,524,537,563,128,0,8,3,3,3.000000,3.000000,26,11,26,1,0,1,1,14,40,1.000000
4193,523,524,527,624,383,0,3,1,4,2.000000,4.000000,75,3,95,0,2,2,1,4,101,1.266667
4194,523,526,532,581,157,0,6,4,3,0.000000,2.000000,41,6,47,0,2,2,3,9,58,1.146341
4195,523,540,543,613,334,0,3,2,2,0.000000,0.000000,68,3,70,0,0,0,17,20,90,1.029412
4196,523,542,574,628,313,0,10,2,3,0.000000,0.000000,48,3,52,0,2,2,19,51,105,1.083333
4197,523,555,557,590,58,0,2,3,4,1.000000,2.000000,29,2,33,0,0,0,32,34,67,1.137931
4198,524,525,529,581,149,0,4,3,4,2.000000,2.000000,48,4,50,0,2,2,1,5,57,1.041667
4199,524,528,529,582,380,1,12,2,4,2.000000,4.000000,50,1,52,0,1,1,4,5,58,1.040000
4200,524,525,545,576,380,7,8,4,3,0.000000,1.000000,17,19,27,1,4,5,1,21,52,1.588235
4201,524,527,527,537,31,0,0,3,-1,-1.000000,-1.000000,7,0,9,0,1,1,3,3,13,1.285714
4202,524,527,535,559,70,2,6,4,3,4.000000,4.000000,24,8,24,0,0,0,3,11,35,1.000000
4203,524,525,530,588,276,0,5,3,3,0.000000,5.000000,45,5,57,0,1,1,1,6,64,1.266667
4204,525,538,542,583,343,1,3,3,4,0.000000,0.000000,38,4,40,0,1,1,13,17,58,1.052632
4205,525,534,537,578,195,0,3,3,3,1.000000,2.000000,37,3,39,0,2,2,9,12,53,1.054054
4206,525,528,529,578,376,0,1,4,4,0.000000,3.000000,45,1,49,0,0,0,3,4,53,1.088889
4207,525,583,589,660,130,0,6,3,3,0.000000,2.000000,69,6,71,0,0,0,58,64,135,1.028986
4208,525,528,537,580,273,1,13,4,4,2.000000,3.000000,39,9,39,0,4,4,3,12,55,1.000000
4209,525,722,762,795,17,1,8,4,4,0.000000,5.000000,33,9,33,1,0,1,197,237,270,1.000000
4210,526,601,603,625,120,0,2,3,3,2.000000,3.000000,19,2,21,0,1,1,75,77,99,1.105263
4211,526,527,565,622,314,1,7,3,4,0.000000,4.000000,43,5,53,1,4,5,1,39,96,1.232558
4212,526,592,599,679,296,0,7,3,3,1.000000,2.000000,66,7,80,0,0,0,66,73,153,1.212121
4213,526,566,573,645,9,1,3,3,4,3.000000,4.000000,63,7,69,0,3,3,40,47,119,1.095238
4214,526,531,536,575,381,1,4,3,3,0.000000,2.000000,39,5,39,0,0,0,5,10,49,1.000000
4215,526,562,568,666,337,0,2,3,3,3.000000,3.000000,80,6,98,0,0,0,36,42,140,1.225000
4216,526,543,544,612,340,0,1,3,3,2.000000,3.000000,65,1,67,0,1,1,17,18,86,1.030769
4217,526,535,536,618,178,0,1,3,3,4.000000,4.000000,72,1,82,0,0,0,9,10,92,1.138889
4218,526,552,557,611,279,0,5,3,3,0.000000,5.000000,50,5,52,0,2,2,26,31,85,1.040000
4219,527,548,555,572,356,0,2,3,3,3.000000,3.000000,17,6,17,1,0,1,21,28,45,1.000000
4220,527,535,541,571,155,0,6,3,4,0.000000,2.000000,29,5,29,0,1,1,8,14,44,1.000000
4221,527,539,581,636,57,0,5,2,4,0.000000,2.000000,55,4,55,0,0,0,12,54,109,1.000000
4222,527,567,570,628,189,1,4,1,3,1.000000,2.000000,57,3,57,0,1,1,40,43,101,1.000000
4223,527,540,707,741,9,0,4,2,4,0.000000,3.000000,30,6,32,0,2,2,13,180,214,1.066667
4224,527,555,560,618,65,0,2,4,3,5.000000,5.000000,48,4,58,1,0,1,28,33,91,1.208333
4225,527,531,534,588,103,0,3,4,2,2.000000,2.000000,41,3,53,0,1,1,4,7,61,1.292683
4226,527,528,530,604,314,0,2,2,4,0.000000,5.000000,71,2,71,0,3,3,1,3,77,1.000000
4227,527,537,538,623,397,0,1,3,3,0.000000,0.000000,76,1,80,0,5,5,10,11,96,1.052632
4228,528,529,532,589,307,0,3,4,4,2.000000,5.000000,54,3,56,0,1,1,1,4,61,1.037037
4229,528,534,539,565,6,0,5,4,4,0.000000,6.000000,25,5,25,0,1,1,6,11,37,1.000000
4230,528,529,532,559,123,1,6,3,3,0.000000,3.000000,23,3,25,0,2,2,1,4,31,1.086957
4231,528,604,681,779,92,0,4,3,3,3.000000,3.000000,90,4,96,0,2,2,76,153,251,1.066667
4232,528,529,530,570,295,0,1,3,3,0.000000,2.000000,37,1,39,0,1,1,1,2,42,1.054054
4233,528,541,543,583,305,0,2,2,2,0.000000,0.000000,35,2,39,0,1,1,13,15,55,1.114286
4234,528,579,583,602,148,0,4,3,4,0.000000,5.000000,16,4,18,0,1,1,51,55,74,1.125000
4235,528,554,611,665,229,1,5,2,4,1.000000,4.000000,52,8,52,1,2,3,26,83,137,1.000000
4236,529,540,544,599,375,0,4,4,3,0.000000,4.000000,47,4,55,0,0,0,11,15,70,1.170213
4237,529,533,543,587,199,0,7,3,3,2.000000,2.000000,34,9,42,1,2,3,4,14,58,1.235294
4238,529,561,574,618,198,0,4,4,3,2.000000,3.000000,39,3,43,1,1,2,32,45,89,1.102564
4239,529,530,549,570,5,0,3,4,4,0.000000,8.000000,20,7,20,4,1,5,1,20,41,1.000000
4240,529,531,535,556,206,0,4,4,3,2.000000,5.000000,20,4,20,0,1,1,2,6,27,1.000000
4241,530,531,534,603,33,0,3,3,2,0.000000,4.000000,68,3,68,0,1,1,1,4,73,1.000000
4242,530,540,548,566,155,0,4,4,4,3.000000,3.000000,18,3,18,0,0,0,10,18,36,1.000000
4243,530,531,536,577,4,0,2,3,4,1.000000,3.000000,39,4,41,1,0,1,1,6,47,1.051282
4244,530,534,582,648,98,0,6,3,4,1.000000,4.000000,62,8,62,1,4,5,4,52,118,1.000000
4245,530,544,544,620,306,0,0,4,-1,-1.000000,-1.000000,65,0,75,0,1,1,14,14,90,1.153846
4246,530,550,556,593,46,1,10,3,4,2.000000,6.000000,30,5,36,1,1,2,20,26,63,1.200000
4247,530,675,678,724,131,0,3,3,4,0.000000,16.000000,41,2,45,0,1,1,145,148,194,1.097561
4248,530,532,534,578,148,0,2,4,4,0.000000,4.000000,37,2,43,0,1,1,2,4,48,1.162162
4249,530,609,609,680,155,0,0,4,-1,-1.000000,-1.000000,63,0,69,0,2,2,79,79,150,1.095238
4250,531,535,542,600,259,1,8,4,3,0.000000,3.000000,58,6,58,1,0,1,4,11,69,1.000000
4251,531,538,544,565,29,0,6,4,3,0.000000,4.000000,18,6,18,0,3,3,7,13,34,1.000000
4252,531,641,641,686,18,0,0,3,-1,-1.000000,-1.000000,39,0,43,0,2,2,110,110,155,1.102564
4253,531,570,597,625,188,0,2,4,4,3.000000,5.000000,26,3,28,0,0,0,39,66,94,1.076923
4254,532,536,539,597,216,1,7,3,4,0.000000,2.000000,50,3,54,0,4,4,4,7,65,1.080000
4255,532,533,545,638,273,0,5,4,3,0.000000,2.000000,78,1,92,0,1,1,1,13,106,1.179487
4256,532,533,533,592,49,0,0,3,-1,-1.000000,-1.000000,58,0,58,0,1,1,1,1,60,1.000000
4257,532,533,539,540,308,0,6,3,3,0.000000,1.000000,1,6,1,0,0,0,1,7,8,1.000000
4258,532,598,603,657,32,0,5,2,4,3.000000,4.000000,49,5,51,0,3,3,66,71,125,1.040816
4259,532,533,541,634,123,5,1,4,4,0.000000,3.000000,69,7,93,1,0,1,1,9,102,1.347826
4260,532,587,591,666,126,0,4,4,3,0.000000,3.000000,75,3,75,0,0,0,55,59,134,1.000000
4261,533,536,539,557,285,0,3,2,3,0.000000,4.000000,18,3,18,0,0,0,3,6,24,1.000000
4262,533,539,555,615,74,2,5,4,3,4.000000,4.000000,58,7,60,2,0,2,6,22,82,1.034483
4263,533,534,540,569,273,0,4,3,4,2.000000,5.000000,25,6,27,0,2,2,1,7,36,1.080000
4264,534,730,740,798,381,0,5,3,3,0.000000,2.000000,51,9,57,1,1,2,196,206,264,1.117647
4265,534,536,551,569,47,0,14,4,3,0.000000,4.000000,18,3,18,0,0,0,2,17,35,1.000000
4266,534,535,535,579,191,0,0,4,-1,-1.000000,-1.000000,36,0,44,0,0,0,1,1,45,1.222222
4267,534,546,550,570,218,0,4,1,4,0.000000,3.000000,20,4,20,0,0,0,12,16,36,1.000000
4268,534,547,548,577,377,0,1,4,4,0.000000,4.000000,27,1,29,0,0,0,13,14,43,1.074074
4269,534,560,560,620,297,0,0,3,-1,-1.000000,-1.000000,53,0,55,0,5,5,26,26,86,1.037736
4270,534,535,536,589,98,0,1,4,4,5.000000,8.000000,49,1,53,0,0,0,1,2,55,1.081633
4271,534,535,549,582,252,1,16,4,4,2.000000,5.000000,25,10,33,1,0,1,1,15,48,1.320000
4272,535,536,544,572,123,0,8,4,4,0.000000,3.000000,27,8,27,0,1,1,1,9,37,1.000000
4273,535,536,536,571,108,0,0,3,-1,-1.000000,-1.000000,28,0,32,0,3,3,1,1,36,1.142857
4274,535,537,544,592,288,0,7,2,3,0.000000,5.000000,45,7,47,0,1,1,2,9,57,1.044444
4275,535,569,571,600,335,0,2,3,2,3.000000,3.000000,24,2,28,0,1,1,34,36,65,1.166667
4276,535,540,548,595,235,2,8,3,4,1.000000,1.000000,34,8,44,0,3,3,5,13,60,1.294118
4277,535,540,558,565,223,0,11,2,3,5.000000,5.000000,6,12,6,0,1,1,5,23,30,1.000000
4278,535,542,622,711,259,3,10,3,4,2.000000,2.000000,79,13,89,1,0,1,7,87,176,1.126582
4279,535,536,547,590,73,4,11,2,3,0.000000,2.000000,37,11,41,0,2,2,1,12,55,1.108108
4280,535,536,540,586,392,0,4,3,4,0.000000,5.000000,41,4,45,0,1,1,1,5,51,1.097561
4281,535,575,577,638,177,0,2,1,3,0.000000,4.000000,53,2,61,0,0,0,40,42,103,1.150943
4282,535,549,577,608,187,0,5,4,3,0.000000,7.000000,27,7,29,1,2,3,14,42,73,1.074074
4283,536,538,544,591,296,0,6,2,4,0.000000,2.000000,38,6,46,0,1,1,2,8,55,1.210526
4284,536,555,555,644,256,0,0,3,-1,-1.000000,-1.000000,85,0,89,0,0,0,19,19,108,1.047059
4285,536,562,562,628,268,0,0,4,-1,-1.000000,-1.000000,64,0,64,0,2,2,26,26,92,1.000000
4286,536,543,545,583,193,0,1,3,3,1.000000,3.000000,35,1,35,1,3,4,7,9,47,1.000000
4287,537,570,572,593,140,0,2,3,4,0.000000,1.000000,21,2,21,0,0,0,33,35,56,1.000000
4288,537,538,556,628,216,1,10,4,4,0.000000,5.000000,56,10,70,0,2,2,1,19,91,1.250000
4289,537,541,558,604,308,4,9,2,4,0.000000,5.000000,44,13,44,3,2,5,4,21,67,1.000000
4290,537,574,578,608,76,1,3,4,4,0.000000,2.000000,24,4,30,0,0,0,37,41,71,1.250000
4291,537,608,658,706,198,0,6,3,3,3.000000,3.000000,38,5,48,0,0,0,71,121,169,1.263158
4292,537,541,548,621,343,2,5,4,4,1.000000,2.000000,60,7,72,0,1,1,4,11,84,1.200000
4293,537,539,550,643,259,3,8,4,2,2.000000,2.000000,67,11,93,0,0,0,2,13,106,1.388060
4294,537,586,591,650,219,0,5,2,4,0.000000,2.000000,44,5,58,0,1,1,49,54,113,1.318182
4295,537,541,573,651,299,5,19,3,3,1.000000,2.000000,62,24,76,3,2,5,4,36,114,1.225806
4296,537,538,560,622,73,8,13,1,4,0.000000,1.000000,57,21,61,0,1,1,1,23,85,1.070175
4297,538,606,608,648,373,0,2,4,3,0.000000,4.000000,31,2,39,0,1,1,68,70,110,1.258065
4298,538,553,553,654,94,0,0,3,-1,-1.000000,-1.000000,81,0,101,0,0,0,15,15,116,1.246914
4299,538,539,555,603,299,6,21,1,2,0.000000,0.000000,43,16,45,0,3,3,1,17,65,1.046512
4300,538,696,697,766,66,0,1,3,3,4.000000,4.000000,65,1,67,0,2,2,158,159,228,1.030769
4301,538,542,544,602,233,0,2,3,4,1.000000,4.000000,55,2,57,0,1,1,4,6,64,1.036364
4302,538,546,552,571,393,0,3,3,2,1.000000,3.000000,19,5,19,1,0,1,8,14,33,1.000000
4303,539,545,545,606,239,0,0,4,-1,-1.000000,-1.000000,50,0,60,0,1,1,6,6,67,1.200000
4304,539,540,546,601,274,2,2,3,3,0.000000,2.000000,51,5,55,1,0,1,1,7,62,1.078431
4305,539,547,553,618,54,0,6,3,3,6.000000,6.000000,62,6,64,0,1,1,8,14,79,1.032258
4306,539,540,545,582,130,0,5,3,4,4.000000,5.000000,32,5,36,0,1,1,1,6,43,1.125000
4307,539,580,581,651,195,0,1,3,3,0.000000,3.000000,60,1,68,0,2,2,41,42,112,1.133333
4308,539,563,624,655,167,0,8,3,4,1.000000,3.000000,27,8,31,1,0,1,24,85,116,1.148148
4309,539,540,543,561,73,1,2,4,4,1.000000,2.000000,16,3,18,0,0,0,1,4,22,1.125000
4310,539,566,567,610,242,0,1,4,4,1.000000,2.000000,39,1,43,0,0,0,27,28,71,1.102564
4311,539,547,554,624,1,0,4,4,4,0.000000,6.000000,65,6,69,1,1,2,8,15,85,1.061538
4312,539,540,544,603,216,0,2,3,4,0.000000,7.000000,45,4,57,0,2,2,1,5,64,1.266667
4313,540,542,551,622,291,0,4,3,3,0.000000,3.000000,67,8,69,1,2,3,2,11,82,1.029851
4314,540,979,979,-1,78,0,0,1,-1,-1.000000,-1.000000,69,0,20,0,1,1,439,439,-1,0.289855
4315,540,541,544,621,346,0,3,4,4,4.000000,4.000000,75,3,75,0,2,2,1,4,81,1.000000
4316,540,565,576,649,367,0,6,4,4,4.000000,5.000000,65,6,71,0,2,2,25,36,109,1.092308
4317,540,546,567,612,86,0,6,3,4,1.000000,4.000000,35,15,43,3,2,5,6,27,72,1.228571
4318,540,541,551,631,171,2,8,3,4,0.000000,4.000000,77,9,79,1,1,2,1,11,91,1.025974
4319,540,541,543,553,274,0,2,3,4,3.000000,3.000000,7,2,9,0,1,1,1,3,13,1.285714
4320,541,546,558,662,252,5,21,2,4,2.000000,3.000000,83,10,103,0,1,1,5,17,121,1.240964
4321,541,542,550,581,302,1,7,3,3,6.000000,6.000000,28,7,28,1,3,4,1,9,40,1.000000
4322,541,561,562,623,184,0,1,3,3,0.000000,2.000000,54,1,54,0,7,7,20,21,82,1.000000
4323,541,549,559,628,215,1,5,4,4,3.000000,4.000000,63,10,67,0,2,2,8,18,87,1.063492
4324,541,542,544,588,317,0,2,4,3,1.000000,3.000000,39,2,41,0,3,3,1,3,47,1.051282
4325,541,543,545,553,138,0,2,3,4,5.000000,5.000000,8,2,8,0,0,0,2,4,12,1.000000
4326,541,586,597,678,43,0,9,4,3,6.000000,6.000000,77,3,79,0,2,2,45,56,137,1.025974
4327,541,547,552,640,0,0,5,3,4,0.000000,3.000000,77,5,85,0,3,3,6,11,99,1.103896
4328,542,545,591,658,259,1,12,4,4,0.000000,0.000000,56,11,64,0,3,3,3,49,116,1.142857
4329,542,543,543,565,9,0,0,3,-1,-1.000000,-1.000000,21,0,21,0,1,1,1,1,23,1.000000
4330,542,543,547,627,57,0,4,3,3,1.000000,5.000000,62,4,80,0,0,0,1,5,85,1.290323
4331,542,563,584,628,161,0,4,3,4,2.000000,4.000000,41,2,43,0,1,1,21,42,86,1.048780
4332,542,544,544,584,391,0,0,1,-1,-1.000000,-1.000000,38,0,40,0,0,0,2,2,42,1.052632
4333,542,549,549,618,21,0,0,4,-1,-1.000000,-1.000000,66,0,68,0,1,1,7,7,76,1.030303
4334,542,740,742,768,304,1,2,3,3,5.000000,5.000000,24,1,26,1,0,1,198,200,226,1.083333
4335,542,560,566,603,198,0,8,3,2,3.000000,3.000000,27,4,33,0,4,4,18,24,61,1.222222
4336,542,649,653,722,392,0,4,3,4,1.000000,3.000000,53,4,67,0,2,2,107,111,180,1.264151
4337,542,563,570,646,113,0,5,3,2,3.000000,3.000000,74,7,74,0,2,2,21,28,104,1.000000
4338,542,545,553,584,308,3,8,3,4,4.000000,5.000000,25,7,29,1,2,3,3,11,42,1.160000
4339,543,544,547,605,179,0,2,3,4,1.000000,2.000000,43,2,55,1,3,4,1,4,62,1.279070
4340,543,640,640,730,379,0,0,3,-1,-1.000000,-1.000000,77,0,89,0,1,1,97,97,187,1.155844
4341,543,554,566,623,274,1,3,3,4,1.000000,5.000000,50,12,56,0,1,1,11,23,80,1.120000
4342,543,544,585,663,59,0,5,2,3,4.000000,5.000000,67,9,77,1,1,2,1,42,120,1.149254
4343,544,545,545,594,313,0,0,3,-1,-1.000000,-1.000000,45,0,49,0,0,0,1,1,50,1.088889
4344,544,553,561,601,159,1,12,3,4,2.000000,7.000000,37,5,37,0,3,3,9,17,57,1.000000
4345,544,610,628,672,47,0,8,3,3,0.000000,2.000000,44,5,44,1,0,1,66,84,128,1.000000
4346,544,557,558,597,32,0,1,3,3,0.000000,1.000000,34,1,38,0,1,1,13,14,53,1.117647
4347,544,640,659,743,161,0,14,4,4,4.000000,4.000000,84,14,84,0,0,0,96,115,199,1.000000
4348,545,546,550,605,176,0,4,4,3,1.000000,2.000000,47,4,53,0,2,2,1,5,60,1.127660
4349,545,613,613,655,60,0,0,4,-1,-1.000000,-1.000000,39,0,41,0,1,1,68,68,110,1.051282
4350,545,546,549,563,302,0,3,3,3,2.000000,2.000000,14,3,14,0,0,0,1,4,18,1.000000
4351,545,584,584,634,11,0,0,3,-1,-1.000000,-1.000000,38,0,48,0,2,2,39,39,89,1.263158
4352,545,573,573,632,207,0,0,2,-1,-1.000000,-1.000000,54,0,58,0,1,1,28,28,87,1.074074
4353,545,546,547,577,250,0,1,3,3,2.000000,3.000000,22,1,28,0,2,2,1,2,32,1.272727
4354,546,547,549,583,209,0,2,4,2,2.000000,2.000000,23,2,33,0,1,1,1,3,37,1.434783
4355,546,845,931,983,28,0,1,4,4,0.000000,4.000000,40,3,48,0,4,4,299,385,437,1.200000
4356,546,556,573,638,380,1,5,4,4,0.000000,5.000000,62,10,62,1,3,4,10,27,92,1.000000
4357,546,547,548,549,115,0,1,3,3,0.000000,1.000000,1,1,1,0,0,0,1,2,3,1.000000
4358,546,575,578,642,264,0,3,4,4,0.000000,6.000000,56,3,64,0,0,0,29,32,96,1.142857
4359,546,583,592,642,157,0,6,3,4,3.000000,7.000000,43,3,45,2,5,7,37,46,96,1.046512
4360,546,557,557,596,255,0,0,4,-1,-1.000000,-1.000000,37,0,39,0,0,0,11,11,50,1.054054
4361,546,547,548,601,303,1,10,4,3,1.000000,3.000000,50,1,52,0,1,1,1,2,55,1.040000
4362,546,547,548,588,101,0,1,4,4,0.000000,5.000000,39,1,39,0,1,1,1,2,42,1.000000
4363,546,547,549,556,329,0,1,4,4,3.000000,5.000000,7,1,7,1,0,1,1,3,10,1.000000
4364,546,547,548,641,259,0,1,4,4,0.000000,0.000000,88,1,92,0,1,1,1,2,95,1.045455
4365,546,548,548,636,204,0,0,3,-1,-1.000000,-1.000000,82,0,88,0,0,0,2,2,90,1.073171
4366,546,603,603,671,214,0,0,3,-1,-1.000000,-1.000000,60,0,66,0,2,2,57,57,125,1.100000
4367,547,570,573,616,132,0,1,3,3,2.000000,4.000000,40,3,42,0,1,1,23,26,69,1.050000
4368,547,558,593,651,167,0,3,2,2,0.000000,4.000000,52,4,56,0,2,2,11,46,104,1.076923
4369,547,558,559,589,80,0,1,4,4,1.000000,3.000000,26,1,30,0,0,0,11,12,42,1.153846
4370,547,548,548,594,41,0,0,4,-1,-1.000000,-1.000000,44,0,46,0,0,0,1,1,47,1.045455
4371,547,554,557,604,78,0,1,3,3,6.000000,7.000000,41,3,47,0,0,0,7,10,57,1.146341
4372,548,552,553,603,211,0,1,4,4,3.000000,4.000000,42,1,48,0,2,2,4,5,55,1.142857
4373,548,552,552,676,114,0,0,2,-1,-1.000000,-1.000000,115,0,123,0,1,1,4,4,128,1.069565
4374,548,587,590,655,253,1,5,3,2,4.000000,4.000000,56,2,64,1,1,2,39,42,107,1.142857
4375,548,581,587,658,360,0,6,3,3,0.000000,4.000000,61,6,69,0,2,2,33,39,110,1.131148
4376,548,549,549,578,315,0,0,3,-1,-1.000000,-1.000000,29,0,29,0,0,0,1,1,30,1.000000
4377,548,553,555,607,215,0,2,3,3,2.000000,3.000000,44,2,52,0,0,0,5,7,59,1.181818
4378,549,550,558,672,358,2,13,1,3,0.000000,1.000000,110,8,114,0,0,0,1,9,123,1.036364
4379,549,553,560,622,339,0,7,2,3,0.000000,2.000000,53,7,61,0,1,1,4,11,73,1.150943
4380,549,557,567,600,142,1,6,4,2,0.000000,2.000000,27,10,31,0,2,2,8,18,51,1.148148
4381,549,558,563,576,39,0,5,2,3,0.000000,2.000000,13,5,13,0,0,0,9,14,27,1.000000
4382,549,577,580,653,347,0,3,4,3,3.000000,3.000000,67,3,73,0,0,0,28,31,104,1.089552
4383,550,551,557,619,358,0,5,3,3,0.000000,1.000000,59,5,61,1,1,2,1,7,69,1.033898
4384,550,551,556,616,46,0,5,2,4,0.000000,6.000000,49,5,55,0,5,5,1,6,66,1.122449
4385,550,551,563,623,252,4,16,3,4,2.000000,4.000000,41,12,59,0,1,1,1,13,73,1.439024
4386,551,552,561,671,159,2,9,3,4,0.000000,3.000000,92,9,110,0,0,0,1,10,120,1.195652
4387,551,561,564,596,326,0,3,3,3,1.000000,4.000000,22,3,30,0,2,2,10,13,45,1.363636
4388,551,557,557,608,183,0,0,2,-1,-1.000000,-1.000000,51,0,51,0,0,0,6,6,57,1.000000
4389,551,560,566,606,251,0,6,2,3,1.000000,2.000000,35,6,39,0,1,1,9,15,55,1.114286
4390,551,552,552,614,106,0,0,3,-1,-1.000000,-1.000000,54,0,62,0,0,0,1,1,63,1.148148
4391,551,552,552,600,86,0,0,4,-1,-1.000000,-1.000000,37,0,45,0,3,3,1,1,49,1.216216
4392,551,841,845,856,65,0,2,3,4,5.000000,7.000000,9,3,11,0,0,0,290,294,305,1.222222
4393,551,585,586,650,96,0,1,3,3,2.000000,4.000000,56,1,62,0,2,2,34,35,99,1.107143
4394,552,554,567,644,65,0,6,2,3,0.000000,1.000000,75,9,75,0,2,2,2,15,92,1.000000
4395,552,562,562,597,180,0,0,4,-1,-1.000000,-1.000000,31,0,35,0,0,0,10,10,45,1.129032
4396,552,560,561,597,20,0,1,4,4,0.000000,1.000000,34,1,36,0,0,0,8,9,45,1.058824
4397,552,572,608,617,393,0,7,4,2,2.000000,2.000000,9,16,9,0,0,0,20,56,65,1.000000
4398,552,553,559,620,246,1,17,3,4,0.000000,4.000000,59,6,61,0,0,0,1,7,68,1.033898
4399,552,607,609,653,92,0,2,2,3,1.000000,3.000000,40,2,44,0,0,0,55,57,101,1.100000
4400,552,790,794,868,336,1,3,2,4,7.000000,8.000000,73,4,73,0,1,1,238,242,316,1.000000
4401,552,560,561,584,385,0,1,4,4,1.000000,3.000000,21,1,23,0,0,0,8,9,32,1.095238
4402,552,554,556,583,11,0,2,3,4,0.000000,3.000000,22,2,26,0,1,1,2,4,31,1.181818
4403,553,554,560,626,290,0,5,3,3,0.000000,1.000000,52,5,66,1,0,1,1,7,73,1.269231
4404,553,555,557,603,247,0,2,3,4,2.000000,3.000000,42,2,42,0,4,4,2,4,50,1.000000
4405,553,570,573,605,238,2,9,3,4,3.000000,3.000000,27,2,29,1,3,4,17,20,52,1.074074
4406,553,563,564,587,52,0,1,4,4,0.000000,0.000000,21,1,23,0,0,0,10,11,34,1.095238
4407,553,641,641,663,169,0,0,2,-1,-1.000000,-1.000000,16,0,22,0,0,0,88,88,110,1.375000
4408,553,569,571,636,190,0,2,3,3,0.000000,1.000000,52,2,62,0,3,3,16,18,83,1.192308
4409,553,635,638,739,62,0,3,3,3,2.000000,4.000000,95,3,99,0,2,2,82,85,186,1.042105
4410,554,612,913,970,60,0,2,4,4,3.000000,7.000000,50,2,56,0,1,1,58,359,416,1.120000
4411,554,555,557,640,229,0,2,3,4,0.000000,3.000000,79,2,83,0,0,0,1,3,86,1.050633
4412,554,574,575,655,240,0,1,2,2,0.000000,0.000000,72,1,78,0,2,2,20,21,101,1.083333
4413,554,555,565,649,36,1,9,4,3,0.000000,1.000000,75,8,81,0,3,3,1,11,95,1.080000
4414,554,555,557,588,330,0,2,3,4,1.000000,2.000000,29,2,29,0,2,2,1,3,34,1.000000
4415,554,568,582,673,158,1,6,3,4,3.000000,3.000000,89,12,91,0,0,0,14,28,119,1.022472
4416,554,558,583,618,285,0,5,1,3,7.000000,7.000000,34,2,34,4,1,5,4,29,64,1.000000
4417,554,556,561,625,137,1,3,4,3,0.000000,3.000000,54,5,60,0,4,4,2,7,71,1.111111
4418,555,556,561,591,252,0,2,3,4,0.000000,3.000000,27,4,29,1,1,2,1,6,36,1.074074
4419,555,615,674,727,7,0,1,3,3,5.000000,5.000000,44,10,52,1,1,2,60,119,172,1.181818
4420,555,589,594,624,276,0,4,4,3,0.000000,1.000000,30,4,30,1,0,1,34,39,69,1.000000
4421,555,601,725,741,86,0,4,4,3,6.000000,6.000000,11,6,15,0,1,1,46,170,186,1.363636
4422,555,567,567,614,7,0,0,3,-1,-1.000000,-1.000000,37,0,47,0,0,0,12,12,59,1.270270
4423,556,573,574,671,241,0,1,3,3,0.000000,2.000000,68,1,94,0,3,3,17,18,115,1.382353
4424,556,564,565,615,289,0,1,4,4,0.000000,4.000000,46,1,50,0,0,0,8,9,59,1.086957
4425,556,599,601,640,169,0,2,2,4,0.000000,1.000000,38,2,38,0,1,1,43,45,84,1.000000
4426,556,557,559,606,309,0,2,4,3,3.000000,4.000000,31,2,45,0,2,2,1,3,50,1.451613
4427,556,621,764,795,86,0,2,4,3,6.000000,6.000000,20,1,30,2,1,3,65,208,239,1.500000
4428,556,564,566,627,302,0,2,4,4,0.000000,3.000000,51,2,59,0,2,2,8,10,71,1.156863
4429,556,557,561,623,246,1,12,2,4,0.000000,2.000000,49,4,59,0,3,3,1,5,67,1.204082
4430,556,560,565,602,13,0,5,4,3,0.000000,4.000000,32,5,36,0,1,1,4,9,46,1.125000
4431,556,558,559,628,389,0,1,2,2,0.000000,4.000000,65,1,67,0,2,2,2,3,72,1.030769
4432,556,566,568,591,196,0,2,3,4,3.000000,4.000000,20,2,22,0,1,1,10,12,35,1.100000
4433,557,561,566,621,121,0,1,4,4,0.000000,3.000000,49,0,53,1,2,3,4,9,64,1.081633
4434,557,577,577,663,39,0,0,1,-1,-1.000000,-1.000000,86,0,86,0,0,0,20,20,106,1.000000
4435,557,559,561,593,167,1,6,2,4,3.000000,6.000000,23,2,31,0,1,1,2,4,36,1.347826
4436,557,561,563,634,345,0,2,3,4,0.000000,2.000000,60,2,66,0,5,5,4,6,77,1.100000
4437,557,569,570,617,9,0,1,4,4,2.000000,6.000000,47,1,47,0,0,0,12,13,60,1.000000
4438,557,564,565,603,342,0,1,3,3,1.000000,4.000000,35,1,37,0,1,1,7,8,46,1.057143
4439,557,621,624,687,150,0,1,3,3,2.000000,2.000000,55,3,63,0,0,0,64,67,130,1.145455
4440,558,560,563,629,394,0,3,3,3,2.000000,2.000000,63,3,63,0,3,3,2,5,71,1.000000
4441,558,559,568,613,380,0,3,3,4,1.000000,4.000000,36,9,42,0,3,3,1,10,55,1.166667
4442,558,575,611,654,145,0,4,4,3,0.000000,8.000000,37,8,41,1,2,3,17,53,96,1.108108
4443,558,572,572,604,15,0,0,2,-1,-1.000000,-1.000000,32,0,32,0,0,0,14,14,46,1.000000
4444,558,583,587,627,121,0,4,3,4,0.000000,8.000000,37,4,39,0,1,1,25,29,69,1.054054
4445,558,559,564,644,36,2,3,3,3,0.000000,2.000000,60,5,78,0,2,2,1,6,86,1.300000
4446,558,561,578,598,35,1,7,3,3,1.000000,4.000000,20,10,20,0,0,0,3,20,40,1.000000
4447,558,579,582,622,195,1,3,4,3,4.000000,5.000000,37,3,39,0,1,1,21,24,64,1.054054
4448,559,571,571,618,245,0,0,3,-1,-1.000000,-1.000000,37,0,47,0,0,0,12,12,59,1.270270
4449,559,590,590,648,98,0,0,3,-1,-1.000000,-1.000000,48,0,58,0,0,0,31,31,89,1.208333
4450,559,560,567,633,236,0,5,3,4,1.000000,3.000000,58,7,64,0,2,2,1,8,74,1.103448
4451,559,566,569,600,35,0,3,2,3,0.000000,4.000000,29,3,31,0,0,0,7,10,41,1.068966
4452,559,573,574,612,123,0,1,3,3,0.000000,4.000000,35,1,37,0,1,1,14,15,53,1.057143
4453,559,580,583,652,293,1,6,3,4,0.000000,1.000000,69,3,69,0,0,0,21,24,93,1.000000
4454,559,589,593,693,253,0,4,1,4,0.000000,7.000000,93,4,95,0,5,5,30,34,134,1.021505
4455,559,625,637,701,175,0,9,2,4,0.000000,2.000000,63,11,63,1,1,2,66,78,142,1.000000
4456,559,560,564,626,246,2,4,4,3,0.000000,3.000000,55,4,59,0,3,3,1,5,67,1.072727
4457,559,570,570,651,201,0,0,4,-1,-1.000000,-1.000000,78,0,80,0,1,1,11,11,92,1.025641
4458,560,563,568,614,141,0,4,3,3,0.000000,2.000000,41,4,45,1,1,2,3,8,54,1.097561
4459,560,567,567,652,325,0,0,3,-1,-1.000000,-1.000000,78,0,82,0,3,3,7,7,92,1.051282
4460,560,609,618,698,317,0,8,2,3,0.000000,2.000000,77,8,79,1,1,2,49,58,138,1.025974
4461,560,562,563,610,284,0,1,2,2,0.000000,1.000000,36,1,46,0,1,1,2,3,50,1.277778
4462,560,622,631,675,343,3,2,4,2,3.000000,3.000000,40,9,44,0,0,0,62,71,115,1.100000
4463,561,586,586,635,386,0,0,4,-1,-1.000000,-1.000000,38,0,46,0,3,3,25,25,74,1.210526
4464,561,562,578,616,285,0,5,2,3,3.000000,4.000000,32,15,34,1,4,5,1,17,55,1.062500
4465,561,577,585,632,167,0,3,4,4,3.000000,6.000000,37,5,43,3,4,7,16,24,71,1.162162
4466,561,575,598,661,167,0,6,2,4,2.000000,5.000000,50,6,60,1,3,4,14,37,100,1.200000
4467,561,562,569,591,300,0,5,4,4,2.000000,4.000000,15,7,17,0,5,5,1,8,30,1.133333
4468,561,562,566,582,121,0,1,4,4,2.000000,5.000000,11,3,13,1,3,4,1,5,21,1.181818
4469,561,562,562,579,263,0,0,2,-1,-1.000000,-1.000000,17,0,17,0,0,0,1,1,18,1.000000
4470,561,562,633,726,246,1,17,3,4,1.000000,1.000000,71,16,93,0,0,0,1,72,165,1.309859
4471,561,575,580,615,267,1,5,3,4,0.000000,6.000000,29,5,35,0,0,0,14,19,54,1.206897
4472,561,569,572,624,328,0,3,3,4,3.000000,4.000000,34,3,48,0,4,4,8,11,63,1.411765
4473,562,566,568,637,213,0,2,4,3,2.000000,2.000000,61,2,69,0,0,0,4,6,75,1.131148
4474,562,567,585,698,374,0,13,4,4,2.000000,2.000000,88,13,110,0,3,3,5,23,136,1.250000
4475,562,563,563,631,95,0,0,4,-1,-1.000000,-1.000000,68,0,68,0,0,0,1,1,69,1.000000
4476,562,598,598,675,77,0,0,3,-1,-1.000000,-1.000000,70,0,74,0,3,3,36,36,113,1.057143
4477,563,565,573,594,143,0,8,3,4,0.000000,8.000000,20,8,20,0,1,1,2,10,31,1.000000
4478,563,564,565,598,257,0,1,4,4,5.000000,5.000000,29,1,31,0,2,2,1,2,35,1.068966
4479,563,577,582,610,88,0,5,1,3,2.000000,2.000000,21,5,27,0,1,1,14,19,47,1.285714
4480,563,564,567,574,167,0,3,3,4,0.000000,4.000000,7,3,7,0,0,0,1,4,11,1.000000
4481,563,570,583,642,258,0,18,2,3,0.000000,6.000000,51,4,59,0,0,0,7,20,79,1.156863
4482,563,589,592,666,101,0,3,2,4,2.000000,2.000000,62,3,74,0,0,0,26,29,103,1.193548
4483,563,564,566,607,198,0,2,3,3,3.000000,4.000000,33,2,37,0,4,4,1,3,44,1.121212
4484,564,566,578,621,6,2,10,4,4,3.000000,6.000000,41,11,43,0,0,0,2,14,57,1.048780
4485,564,568,589,641,173,0,5,3,4,4.000000,5.000000,44,9,48,1,4,5,4,25,77,1.090909
4486,564,573,587,606,359,0,10,4,4,0.000000,2.000000,19,9,19,1,0,1,9,23,42,1.000000
4487,565,571,575,609,283,0,4,3,3,0.000000,6.000000,20,4,32,0,2,2,6,10,44,1.600000
4488,565,618,618,636,320,0,0,4,-1,-1.000000,-1.000000,17,0,17,0,1,1,53,53,71,1.000000
4489,565,566,581,594,76,1,1,4,4,0.000000,4.000000,9,7,13,0,0,0,1,16,29,1.444444
4490,565,578,606,700,341,0,11,4,3,1.000000,1.000000,79,10,91,0,3,3,13,41,135,1.151899
4491,565,582,596,662,128,0,7,3,3,1.000000,2.000000,54,6,64,0,2,2,17,31,97,1.185185
4492,565,605,608,698,30,0,3,2,3,0.000000,0.000000,82,3,90,0,0,0,40,43,133,1.097561
4493,565,577,586,642,50,0,7,4,4,2.000000,4.000000,48,9,54,0,2,2,12,21,77,1.125000
4494,565,582,616,673,350,0,3,3,4,4.000000,7.000000,55,8,55,0,2,2,17,51,108,1.000000
4495,565,572,584,637,108,0,1,4,4,0.000000,4.000000,52,1,52,0,1,1,7,19,72,1.000000
4496,566,601,604,670,107,0,3,4,4,0.000000,6.000000,59,3,65,0,1,1,35,38,104,1.101695
4497,566,567,567,601,367,0,0,4,-1,-1.000000,-1.000000,26,0,32,0,2,2,1,1,35,1.230769
4498,566,567,567,573,76,0,0,4,-1,-1.000000,-1.000000,6,0,6,0,0,0,1,1,7,1.000000
4499,566,567,573,628,109,1,4,3,3,0.000000,2.000000,49,5,53,1,2,3,1,7,62,1.081633
4500,566,579,587,646,131,0,6,3,2,0.000000,2.000000,50,6,54,1,5,6,13,21,80,1.080000
4501,566,567,570,607,22,0,3,3,4,0.000000,10.000000,31,3,35,0,2,2,1,4,41,1.129032
4502,566,570,593,635,241,0,4,3,3,2.000000,2.000000,40,11,40,3,2,5,4,27,69,1.000000
4503,567,569,574,606,238,2,5,4,4,0.000000,4.000000,28,5,30,0,2,2,2,7,39,1.071429
4504,567,582,583,651,157,1,3,3,2,8.000000,8.000000,59,1,65,0,3,3,15,16,84,1.101695
4505,568,570,575,624,189,0,5,4,3,0.000000,1.000000,43,5,47,0,2,2,2,7,56,1.093023
4506,568,580,582,640,133,0,2,3,4,0.000000,4.000000,52,2,58,0,0,0,12,14,72,1.115385
4507,568,580,647,701,351,0,2,3,4,3.000000,4.000000,49,2,53,0,1,1,12,79,133,1.081633
4508,568,595,596,619,143,0,1,3,3,0.000000,3.000000,17,1,23,0,0,0,27,28,51,1.352941
4509,568,569,573,608,173,0,4,3,3,0.000000,2.000000,32,4,34,0,1,1,1,5,40,1.062500
4510,568,575,578,659,321,0,3,3,4,2.000000,5.000000,74,2,80,0,1,1,7,10,91,1.081081
4511,569,570,572,637,10,0,2,2,4,0.000000,3.000000,62,2,64,0,1,1,1,3,68,1.032258
4512,569,576,582,633,267,0,6,4,3,0.000000,3.000000,48,6,50,0,1,1,7,13,64,1.041667
4513,569,570,576,586,158,1,4,3,4,1.000000,1.000000,10,6,10,0,0,0,1,7,17,1.000000
4514,569,572,604,611,341,0,10,2,2,4.000000,4.000000,7,6,7,1,0,1,3,35,42,1.000000
4515,569,606,607,664,179,0,1,3,3,0.000000,3.000000,50,1,56,0,1,1,37,38,95,1.120000
4516,569,571,571,626,295,0,0,4,-1,-1.000000,-1.000000,48,0,52,0,3,3,2,2,57,1.083333
4517,569,584,584,667,305,0,0,2,-1,-1.000000,-1.000000,75,0,81,0,2,2,15,15,98,1.080000
4518,569,590,594,630,364,0,4,3,3,0.000000,2.000000,30,4,34,0,2,2,21,25,61,1.133333
4519,569,587,590,666,344,1,17,3,4,0.000000,1.000000,74,3,76,0,0,0,18,21,97,1.027027
4520,569,643,643,724,390,0,0,2,-1,-1.000000,-1.000000,78,0,80,0,1,1,74,74,155,1.025641
4521,569,570,571,642,139,0,1,3,3,2.000000,3.000000,51,1,69,0,2,2,1,2,73,1.352941
4522,570,597,601,678,255,0,4,2,3,2.000000,3.000000,67,4,77,0,0,0,27,31,108,1.149254
4523,570,571,576,627,6,0,3,3,4,0.000000,6.000000,34,5,44,0,7,7,1,6,57,1.294118
4524,570,585,585,601,385,0,0,4,-1,-1.000000,-1.000000,15,0,15,0,1,1,15,15,31,1.000000
4525,570,608,611,668,215,0,3,4,4,0.000000,3.000000,49,3,57,0,0,0,38,41,98,1.163265
4526,570,590,595,651,81,0,5,3,3,1.000000,1.000000,44,5,54,0,2,2,20,25,81,1.227273
4527,570,578,589,655,338,0,6,4,3,2.000000,4.000000,63,7,65,0,1,1,8,19,85,1.031746
4528,570,571,625,705,258,0,13,2,4,0.000000,3.000000,71,3,75,1,5,6,1,55,135,1.056338
4529,571,572,574,597,169,0,2,2,4,0.000000,4.000000,21,2,23,0,0,0,1,3,26,1.095238
4530,571,572,580,635,374,0,6,4,3,0.000000,1.000000,49,7,53,0,2,2,1,9,64,1.081633
4531,571,574,574,635,316,0,0,3,-1,-1.000000,-1.000000,56,0,58,0,3,3,3,3,64,1.035714
4532,571,613,618,635,340,0,12,4,3,2.000000,5.000000,17,3,17,0,0,0,42,47,64,1.000000
4533,571,584,590,624,376,0,2,4,3,6.000000,6.000000,33,6,33,0,1,1,13,19,53,1.000000
4534,571,585,592,686,227,1,8,2,3,0.000000,3.000000,74,7,92,0,2,2,14,21,115,1.243243
4535,571,572,582,653,218,0,8,2,3,0.000000,4.000000,61,10,67,0,4,4,1,11,82,1.098361
4536,571,573,578,680,384,0,5,3,4,0.000000,3.000000,97,5,101,0,1,1,2,7,109,1.041237
4537,572,578,579,600,248,0,1,4,4,1.000000,3.000000,21,1,21,0,0,0,6,7,28,1.000000
4538,572,573,578,656,258,2,5,2,3,1.000000,1.000000,61,5,75,0,3,3,1,6,84,1.229508
4539,572,587,587,632,355,0,0,4,-1,-1.000000,-1.000000,38,0,44,0,1,1,15,15,60,1.157895
4540,572,596,596,630,235,0,0,2,-1,-1.000000,-1.000000,32,0,32,0,2,2,24,24,58,1.000000
4541,572,573,575,599,356,0,2,1,3,0.000000,0.000000,19,2,23,0,1,1,1,3,27,1.210526
4542,572,590,590,683,71,0,0,3,-1,-1.000000,-1.000000,92,0,92,0,1,1,18,18,111,1.000000
4543,572,573,573,623,393,0,0,4,-1,-1.000000,-1.000000,48,0,50,0,0,0,1,1,51,1.041667
4544,573,574,577,669,83,0,3,2,4,0.000000,1.000000,84,3,88,0,4,4,1,4,96,1.047619
4545,573,575,597,666,53,0,9,4,3,2.000000,4.000000,54,2,64,1,5,6,2,24,93,1.185185
4546,573,619,619,668,327,0,0,4,-1,-1.000000,-1.000000,45,0,47,0,2,2,46,46,95,1.044444
4547,573,605,610,680,282,0,5,3,3,2.000000,4.000000,66,5,68,0,2,2,32,37,107,1.030303
4548,573,574,579,623,258,1,4,4,4,1.000000,3.000000,38,5,44,0,0,0,1,6,50,1.157895
4549,574,575,578,611,60,0,3,4,3,0.000000,6.000000,27,3,31,0,2,2,1,4,37,1.148148
4550,574,584,588,625,209,0,4,3,3,1.000000,1.000000,37,4,37,0,0,0,10,14,51,1.000000
4551,574,604,606,666,342,0,2,3,4,0.000000,3.000000,44,2,58,0,2,2,30,32,92,1.318182
4552,574,591,593,668,378,0,2,2,4,5.000000,10.000000,63,2,71,0,4,4,17,19,94,1.126984
4553,574,575,578,626,203,0,2,3,3,0.000000,1.000000,43,2,47,1,1,2,1,4,52,1.093023
4554,574,576,585,667,158,2,3,4,4,1.000000,3.000000,64,9,82,0,0,0,2,11,93,1.281250
4555,574,575,585,632,359,0,8,3,3,2.000000,2.000000,42,10,46,0,1,1,1,11,58,1.095238
4556,574,633,633,660,359,0,0,2,-1,-1.000000,-1.000000,26,0,26,0,1,1,59,59,86,1.000000
4557,574,576,589,614,347,5,5,3,3,1.000000,3.000000,19,13,25,0,0,0,2,15,40,1.315789
4558,574,588,591,612,199,0,3,4,4,4.000000,4.000000,17,3,21,0,0,0,14,17,38,1.235294
4559,574,589,590,645,103,0,1,3,3,1.000000,3.000000,55,1,55,0,0,0,15,16,71,1.000000
4560,575,588,598,624,175,0,8,3,4,6.000000,7.000000,18,10,24,0,2,2,13,23,49,1.333333
4561,575,578,588,607,319,0,7,1,4,4.000000,6.000000,19,9,19,1,0,1,3,13,32,1.000000
4562,575,578,579,611,217,0,1,2,2,3.000000,4.000000,25,1,31,0,1,1,3,4,36,1.240000
4563,575,636,636,679,374,0,0,4,-1,-1.000000,-1.000000,35,0,41,0,2,2,61,61,104,1.171429
4564,576,577,578,608,53,0,1,4,4,6.000000,8.000000,20,1,30,0,0,0,1,2,32,1.500000
4565,576,578,581,654,4,0,2,2,4,1.000000,5.000000,62,2,70,1,3,4,2,5,78,1.129032
4566,576,591,658,705,58,0,2,4,3,0.000000,2.000000,42,16,46,2,1,3,15,82,129,1.095238
4567,576,585,587,622,278,0,2,3,4,0.000000,2.000000,26,2,32,0,3,3,9,11,46,1.230769
4568,576,577,578,607,225,0,1,3,3,0.000000,1.000000,29,1,29,0,0,0,1,2,31,1.000000
4569,576,577,587,628,390,3,10,2,4,0.000000,1.000000,35,10,39,0,2,2,1,11,52,1.114286
4570,576,578,583,620,151,0,5,3,3,0.000000,2.000000,32,5,36,0,1,1,2,7,44,1.125000
4571,576,748,753,801,168,0,5,2,4,0.000000,9.000000,46,5,48,0,0,0,172,177,225,1.043478
4572,577,619,624,643,287,0,9,4,3,4.000000,4.000000,13,4,17,0,2,2,42,47,66,1.307692
4573,577,578,579,610,287,0,1,3,3,0.000000,0.000000,31,1,31,0,0,0,1,2,33,1.000000
4574,577,600,606,682,174,0,5,4,3,3.000000,3.000000,64,5,76,1,0,1,23,29,105,1.187500
4575,577,603,608,655,13,0,5,3,2,1.000000,1.000000,41,5,45,0,2,2,26,31,78,1.097561
4576,577,578,584,613,19,0,5,3,4,4.000000,5.000000,27,5,29,1,0,1,1,7,36,1.074074
4577,577,578,578,624,145,0,0,3,-1,-1.000000,-1.000000,41,0,45,0,1,1,1,1,47,1.097561
4578,577,578,581,663,158,0,3,4,3,1.000000,1.000000,58,3,82,0,0,0,1,4,86,1.413793
4579,577,649,649,684,26,0,0,2,-1,-1.000000,-1.000000,28,0,32,0,3,3,72,72,107,1.142857
4580,577,579,640,703,341,0,9,4,4,0.000000,4.000000,61,11,63,1,0,1,2,63,126,1.032787
4581,577,681,685,797,384,0,4,4,2,0.000000,3.000000,107,4,111,0,1,1,104,108,220,1.037383
4582,578,592,596,608,327,0,4,4,3,0.000000,4.000000,12,4,12,0,0,0,14,18,30,1.000000
4583,578,624,624,657,335,0,0,3,-1,-1.000000,-1.000000,30,0,32,0,1,1,46,46,79,1.066667
4584,578,660,660,731,194,0,0,3,-1,-1.000000,-1.000000,63,0,67,0,4,4,82,82,153,1.063492
4585,578,583,583,613,398,0,0,3,-1,-1.000000,-1.000000,28,0,28,0,2,2,5,5,35,1.000000
4586,578,585,591,642,390,2,6,4,4,0.000000,3.000000,38,6,50,0,1,1,7,13,64,1.315789
4587,578,583,584,665,270,0,1,2,2,0.000000,4.000000,65,1,81,0,0,0,5,6,87,1.246154
4588,578,579,585,633,352,0,6,4,4,1.000000,1.000000,37,6,47,0,1,1,1,7,55,1.270270
4589,578,590,622,667,227,4,19,2,3,1.000000,2.000000,38,22,44,0,1,1,12,44,89,1.157895
4590,579,588,590,636,372,0,2,3,4,5.000000,6.000000,43,2,45,0,1,1,9,11,57,1.046512
4591,579,595,606,655,366,1,4,3,3,3.000000,3.000000,39,11,45,0,4,4,16,27,76,1.153846
4592,579,586,586,653,24,0,0,4,-1,-1.000000,-1.000000,62,0,66,0,1,1,7,7,74,1.064516
4593,579,598,605,653,169,0,4,4,4,1.000000,2.000000,41,4,47,0,1,1,19,26,74,1.146341
4594,579,587,588,627,152,0,1,4,4,0.000000,2.000000,37,1,37,0,2,2,8,9,48,1.000000
4595,580,606,610,660,310,1,7,3,4,0.000000,4.000000,49,3,49,1,1,2,26,30,80,1.000000
4596,580,596,612,621,254,3,7,3,4,3.000000,4.000000,9,16,9,0,0,0,16,32,41,1.000000
4597,580,627,635,676,203,0,8,3,4,0.000000,5.000000,37,8,41,0,0,0,47,55,96,1.108108
4598,580,636,642,686,386,2,4,4,3,2.000000,5.000000,38,5,42,1,2,3,56,62,106,1.105263
4599,581,586,592,625,382,0,6,3,4,0.000000,5.000000,33,5,33,0,0,0,5,11,44,1.000000
4600,581,582,587,611,312,0,5,3,4,2.000000,3.000000,24,5,24,0,0,0,1,6,30,1.000000
4601,581,602,608,644,100,1,7,3,3,2.000000,3.000000,36,6,36,0,0,0,21,27,63,1.000000
4602,581,582,585,621,263,0,3,3,3,2.000000,2.000000,32,3,36,0,0,0,1,4,40,1.125000
4603,581,611,631,704,222,0,6,3,3,0.000000,3.000000,64,5,70,2,3,5,30,50,123,1.093750
4604,581,582,585,651,149,0,3,2,3,0.000000,2.000000,57,3,65,0,1,1,1,4,70,1.140351
4605,581,582,582,622,261,0,0,2,-1,-1.000000,-1.000000,36,0,40,0,0,0,1,1,41,1.111111
4606,582,583,585,628,131,0,2,3,3,0.000000,4.000000,36,2,42,0,1,1,1,3,46,1.166667
4607,582,608,609,636,22,0,1,3,3,0.000000,2.000000,27,1,27,0,0,0,26,27,54,1.000000
4608,582,593,594,632,49,0,1,4,4,5.000000,8.000000,34,1,38,0,0,0,11,12,50,1.117647
4609,582,584,585,624,396,0,1,3,3,1.000000,2.000000,35,1,39,0,0,0,2,3,42,1.114286
4610,582,598,604,624,180,1,5,3,3,1.000000,1.000000,17,5,19,1,1,2,16,22,42,1.117647
4611,582,608,609,623,319,0,1,4,4,3.000000,6.000000,12,1,14,0,0,0,26,27,41,1.166667
4612,582,642,659,714,259,1,7,3,3,0.000000,4.000000,54,15,54,2,1,3,60,77,132,1.000000
4613,582,590,597,669,31,0,6,3,3,3.000000,3.000000,48,6,70,1,2,3,8,15,87,1.458333
4614,582,594,594,637,119,0,0,3,-1,-1.000000,-1.000000,42,0,42,0,1,1,12,12,55,1.000000
4615,582,583,587,607,128,0,4,4,4,1.000000,3.000000,17,4,19,0,1,1,1,5,25,1.117647
4616,583,592,598,644,323,0,2,3,4,0.000000,5.000000,42,3,46,1,0,1,9,15,61,1.095238
4617,583,584,586,604,122,0,2,2,4,3.000000,3.000000,13,2,17,0,1,1,1,3,21,1.307692
4618,583,-1,-1,-1,-1,0,-1,-1,-1,-1.000000,-1.000000,88,0,0,0,0,0,-1,-1,-1,0.000000
4619,583,689,689,764,374,0,0,4,-1,-1.000000,-1.000000,75,0,75,0,0,0,106,106,181,1.000000
4620,583,584,588,627,341,0,4,4,3,0.000000,2.000000,38,4,38,0,1,1,1,5,44,1.000000
4621,583,592,613,685,260,1,24,2,3,1.000000,1.000000,59,19,71,0,1,1,9,30,102,1.203390
4622,583,585,594,601,391,0,7,3,3,1.000000,3.000000,7,9,7,0,0,0,2,11,18,1.000000
4623,583,629,725,803,154,2,4,3,2,7.000000,7.000000,57,17,77,1,1,2,46,142,220,1.350877
4624,584,604,608,655,180,0,4,3,4,0.000000,2.000000,33,4,47,0,0,0,20,24,71,1.424242
4625,584,-1,-1,-1,-1,0,-1,-1,-1,-1.000000,-1.000000,77,0,0,0,0,0,-1,-1,-1,0.000000
4626,584,593,594,648,26,0,1,2,2,0.000000,1.000000,52,1,54,0,0,0,9,10,64,1.038462
4627,584,593,617,685,87,0,8,4,2,5.000000,5.000000,58,4,68,0,0,0,9,33,101,1.172414
4628,584,623,645,682,136,1,4,2,2,0.000000,3.000000,34,2,34,2,3,5,39,61,98,1.000000
4629,584,594,600,621,16,0,6,4,3,1.000000,3.000000,18,6,20,0,1,1,10,16,37,1.111111
4630,584,727,729,782,101,0,2,2,3,2.000000,4.000000,52,2,52,0,1,1,143,145,198,1.000000
4631,584,585,590,619,74,0,5,3,4,2.000000,6.000000,22,5,28,0,1,1,1,6,35,1.272727
4632,585,601,607,653,35,0,4,3,4,0.000000,2.000000,41,4,45,2,1,3,16,22,68,1.097561
4633,585,606,606,660,348,0,0,4,-1,-1.000000,-1.000000,49,0,49,0,5,5,21,21,75,1.000000
4634,585,689,689,725,355,0,0,2,-1,-1.000000,-1.000000,34,0,36,0,0,0,104,104,140,1.058824
4635,585,668,672,726,359,1,4,3,4,2.000000,4.000000,47,3,51,1,3,4,83,87,141,1.085106
4636,585,589,607,642,126,4,5,3,3,0.000000,3.000000,32,11,34,0,1,1,4,22,57,1.062500
4637,586,641,644,686,260,0,3,4,4,0.000000,3.000000,35,3,39,0,3,3,55,58,100,1.114286
4638,586,587,587,604,308,0,0,3,-1,-1.000000,-1.000000,17,0,17,0,0,0,1,1,18,1.000000
4639,586,594,594,656,369,0,0,4,-1,-1.000000,-1.000000,58,0,62,0,0,0,8,8,70,1.068966
4640,586,587,587,612,392,0,0,3,-1,-1.000000,-1.000000,19,0,25,0,0,0,1,1,26,1.315789
4641,586,595,595,599,166,0,0,3,-1,-1.000000,-1.000000,4,0,4,0,0,0,9,9,13,1.000000
4642,586,587,590,629,350,0,3,4,4,0.000000,6.000000,30,3,34,0,5,5,1,4,43,1.133333
4643,586,693,760,809,323,0,3,4,4,2.000000,4.000000,37,2,47,0,2,2,107,174,223,1.270270
4644,586,587,603,662,43,1,5,4,4,0.000000,4.000000,49,14,57,2,2,4,1,17,76,1.163265
4645,586,646,646,667,25,0,0,3,-1,-1.000000,-1.000000,17,0,19,0,2,2,60,60,81,1.117647
4646,587,589,591,608,317,0,2,2,4,3.000000,5.000000,16,2,16,0,1,1,2,4,21,1.000000
4647,587,605,607,641,314,1,7,2,3,1.000000,2.000000,32,2,34,0,0,0,18,20,54,1.062500
4648,587,678,819,855,361,4,1,4,4,1.000000,4.000000,30,13,34,1,2,3,91,232,268,1.133333
4649,588,600,608,622,373,1,5,2,3,2.000000,2.000000,13,8,13,0,1,1,12,20,34,1.000000
4650,588,602,602,630,59,0,0,3,-1,-1.000000,-1.000000,19,0,25,0,3,3,14,14,42,1.315789
4651,588,667,668,737,337,0,1,2,2,0.000000,0.000000,64,1,68,0,1,1,79,80,149,1.062500
4652,588,591,594,641,38,0,3,4,3,1.000000,1.000000,46,3,46,0,1,1,3,6,53,1.000000
4653,588,589,606,672,227,2,14,4,3,0.000000,2.000000,63,17,65,0,1,1,1,18,84,1.031746
4654,588,589,594,674,344,2,4,3,4,0.000000,1.000000,73,4,79,1,1,2,1,6,86,1.082192
4655,588,595,598,634,87,1,10,4,4,1.000000,1.000000,34,3,34,0,2,2,7,10,46,1.000000
4656,588,633,633,737,303,0,0,4,-1,-1.000000,-1.000000,74,0,102,0,2,2,45,45,149,1.378378
4657,589,599,602,648,250,0,1,4,4,1.000000,9.000000,41,3,43,0,3,3,10,13,59,1.048780
4658,589,608,613,698,257,0,5,2,4,0.000000,0.000000,77,5,85,0,0,0,19,24,109,1.103896
4659,589,595,600,625,210,0,5,4,3,0.000000,1.000000,21,5,25,0,0,0,6,11,36,1.190476
4660,589,601,603,623,335,0,2,4,4,4.000000,7.000000,18,2,18,0,2,2,12,14,34,1.000000
4661,589,590,601,690,344,0,4,4,4,0.000000,1.000000,73,7,89,0,0,0,1,12,101,1.219178
4662,589,802,803,892,181,0,1,3,3,0.000000,0.000000,85,1,89,0,0,0,213,214,303,1.047059
4663,589,595,598,618,45,0,3,4,3,0.000000,5.000000,16,3,18,0,2,2,6,9,29,1.125000
4664,589,595,596,632,212,0,1,2,2,0.000000,2.000000,30,1,36,0,0,0,6,7,43,1.200000
4665,589,593,594,629,288,0,1,4,4,0.000000,6.000000,34,1,34,0,1,1,4,5,40,1.000000
4666,589,590,591,666,301,0,1,4,4,2.000000,2.000000,66,1,74,0,1,1,1,2,77,1.121212
4667,590,591,593,659,330,0,2,4,4,2.000000,3.000000,64,2,66,0,0,0,1,3,69,1.031250
4668,590,596,600,614,294,0,4,3,4,4.000000,7.000000,14,4,14,0,0,0,6,10,24,1.000000
4669,590,622,623,653,7,0,1,4,4,1.000000,5.000000,29,1,29,0,1,1,32,33,63,1.000000
4670,590,591,591,658,344,0,0,4,-1,-1.000000,-1.000000,63,0,67,0,0,0,1,1,68,1.063492
4671,590,600,636,687,332,1,7,4,4,0.000000,10.000000,43,14,49,1,2,3,10,46,97,1.139535
4672,590,608,612,692,225,0,3,4,4,0.000000,1.000000,72,2,80,0,0,0,18,22,102,1.111111
4673,591,601,601,640,18,0,0,3,-1,-1.000000,-1.000000,35,0,37,0,2,2,10,10,49,1.057143
4674,591,594,600,637,208,0,6,3,4,0.000000,0.000000,32,6,36,0,1,1,3,9,46,1.125000
4675,591,610,614,647,361,0,4,4,4,0.000000,7.000000,29,4,31,0,2,2,19,23,56,1.068966
4676,591,592,604,626,227,1,13,3,4,1.000000,2.000000,20,10,22,2,0,2,1,13,35,1.100000
4677,591,642,973,-1,85,4,11,2,4,2.000000,4.000000,45,50,27,4,0,4,51,382,-1,0.600000
4678,591,603,604,694,34,0,1,4,4,0.000000,4.000000,76,1,88,0,2,2,12,13,103,1.157895
4679,591,592,593,648,58,0,1,3,3,0.000000,7.000000,43,1,51,0,4,4,1,2,57,1.186047
4680,591,592,595,650,300,0,3,3,3,2.000000,3.000000,54,3,54,0,1,1,1,4,59,1.000000
4681,592,598,605,694,387,0,3,4,4,3.000000,4.000000,87,7,87,0,2,2,6,13,102,1.000000
4682,592,609,611,675,173,0,2,3,3,1.000000,2.000000,49,2,57,0,7,7,17,19,83,1.163265
4683,592,598,599,630,156,0,1,1,1,0.000000,0.000000,29,1,31,0,0,0,6,7,38,1.068966
4684,592,593,603,686,349,0,10,3,4,1.000000,1.000000,70,10,80,0,3,3,1,11,94,1.142857
4685,593,594,601,629,252,0,4,3,3,0.000000,2.000000,17,6,25,1,3,4,1,8,36,1.470588
4686,593,617,617,653,285,0,0,3,-1,-1.000000,-1.000000,28,0,34,0,2,2,24,24,60,1.214286
4687,593,601,601,633,129,0,0,3,-1,-1.000000,-1.000000,26,0,28,0,4,4,8,8,40,1.076923
4688,593,597,597,648,249,0,0,4,-1,-1.000000,-1.000000,51,0,51,0,0,0,4,4,55,1.000000
4689,593,594,596,666,200,0,2,4,3,1.000000,5.000000,63,2,69,0,1,1,1,3,73,1.095238
4690,593,601,606,612,34,1,2,4,4,1.000000,5.000000,5,4,5,1,1,2,8,13,19,1.000000
4691,594,635,635,687,365,0,0,3,-1,-1.000000,-1.000000,38,0,52,0,0,0,41,41,93,1.368421
4692,594,609,612,683,183,0,1,4,4,2.000000,8.000000,65,3,71,0,0,0,15,18,89,1.092308
4693,594,604,701,759,266,1,2,4,4,1.000000,6.000000,48,6,58,0,0,0,10,107,165,1.208333
4694,594,601,602,630,68,0,1,4,4,1.000000,5.000000,27,1,27,0,1,1,7,8,36,1.000000
4695,594,599,606,618,3,0,6,3,4,0.000000,2.000000,11,6,11,1,1,2,5,12,24,1.000000
4696,594,605,608,706,308,0,3,2,3,0.000000,2.000000,71,3,97,0,1,1,11,14,112,1.366197
4697,594,600,600,669,370,0,0,3,-1,-1.000000,-1.000000,65,0,67,0,2,2,6,6,75,1.030769
4698,594,619,620,674,245,0,1,3,3,1.000000,5.000000,43,1,49,0,5,5,25,26,80,1.139535
4699,594,602,608,661,43,0,6,3,4,1.000000,3.000000,50,6,50,0,3,3,8,14,67,1.000000
4700,594,628,630,695,341,1,10,3,3,0.000000,2.000000,56,2,64,0,1,1,34,36,101,1.142857
4701,594,670,670,721,285,0,0,4,-1,-1.000000,-1.000000,47,0,49,0,2,2,76,76,127,1.042553
4702,595,635,638,701,273,0,2,2,4,1.000000,8.000000,50,2,60,1,3,4,40,43,106,1.200000
4703,595,620,622,701,55,0,2,4,4,2.000000,2.000000,77,2,79,0,0,0,25,27,106,1.025974
4704,595,596,598,666,234,0,2,4,4,1.000000,2.000000,56,2,66,0,2,2,1,3,71,1.178571
4705,595,616,624,701,289,0,2,3,3,3.000000,3.000000,73,8,75,0,2,2,21,29,106,1.027397
4706,595,602,619,679,367,0,7,2,3,4.000000,5.000000,52,8,56,1,4,5,7,24,84,1.076923
4707,596,620,623,642,143,0,2,3,4,2.000000,4.000000,16,2,18,1,1,2,24,27,46,1.125000
4708,596,753,760,855,265,3,7,1,3,0.000000,2.000000,90,7,94,0,1,1,157,164,259,1.044444
4709,596,597,604,640,260,0,7,3,4,0.000000,1.000000,28,7,34,0,2,2,1,8,44,1.214286
4710,596,606,618,689,385,0,8,3,4,0.000000,3.000000,64,2,70,0,1,1,10,22,93,1.093750
4711,597,606,615,666,153,1,4,3,3,8.000000,8.000000,49,9,51,0,0,0,9,18,69,1.040816
4712,597,626,671,745,382,1,6,4,3,1.000000,5.000000,63,26,71,3,3,6,29,74,148,1.126984
4713,597,598,600,627,20,0,2,4,3,1.000000,1.000000,20,2,26,0,1,1,1,3,30,1.300000
4714,597,599,604,649,286,0,3,3,4,5.000000,6.000000,43,5,45,0,0,0,2,7,52,1.046512
4715,597,635,635,681,326,0,0,4,-1,-1.000000,-1.000000,41,0,43,0,3,3,38,38,84,1.048780
4716,597,603,626,699,148,0,12,2,3,0.000000,2.000000,59,13,71,0,2,2,6,29,102,1.203390
4717,597,602,606,652,254,0,4,4,3,2.000000,2.000000,39,4,45,0,1,1,5,9,55,1.153846
4718,597,669,691,706,305,0,20,3,3,1.000000,3.000000,14,1,14,0,1,1,72,94,109,1.000000
4719,598,609,620,642,225,3,5,3,3,0.000000,0.000000,21,8,21,2,1,3,11,22,44,1.000000
4720,598,604,605,689,216,0,1,4,4,0.000000,2.000000,73,1,83,0,1,1,6,7,91,1.136986
4721,598,612,612,661,312,0,0,4,-1,-1.000000,-1.000000,40,0,48,0,1,1,14,14,63,1.200000
4722,598,603,612,683,332,0,3,3,4,0.000000,5.000000,68,9,70,0,1,1,5,14,85,1.029412
4723,598,611,615,645,88,0,4,2,3,0.000000,2.000000,25,4,29,0,1,1,13,17,47,1.160000
4724,599,602,605,630,266,2,1,4,4,2.000000,5.000000,24,3,24,0,1,1,3,6,31,1.000000
4725,599,605,612,656,122,0,5,3,4,1.000000,2.000000,40,7,44,0,0,0,6,13,57,1.100000
4726,599,647,649,713,236,0,2,4,3,4.000000,4.000000,59,2,63,0,1,1,48,50,114,1.067797
4727,599,600,605,634,87,0,5,4,3,1.000000,2.000000,23,5,29,0,0,0,1,6,35,1.260870
4728,599,626,632,679,120,1,12,4,3,1.000000,5.000000,36,6,42,0,5,5,27,33,80,1.166667
4729,599,600,604,646,102,0,4,3,3,1.000000,1.000000,25,4,37,0,5,5,1,5,47,1.480000
4730,600,619,622,710,294,0,3,3,3,0.000000,2.000000,61,3,85,0,3,3,19,22,110,1.393443
4731,600,831,896,961,167,0,2,4,3,0.000000,1.000000,52,10,62,1,3,4,231,296,361,1.192308
4732,600,629,638,718,112,0,9,3,4,0.000000,5.000000,63,8,79,0,1,1,29,38,118,1.253968
4733,600,601,619,624,166,1,9,4,4,0.000000,5.000000,5,16,5,2,0,2,1,19,24,1.000000
4734,600,601,603,694,248,0,2,3,4,0.000000,2.000000,70,2,88,0,3,3,1,3,94,1.257143
4735,600,910,910,949,269,0,0,2,-1,-1.000000,-1.000000,35,0,39,0,0,0,310,310,349,1.114286
4736,600,606,607,639,176,0,1,4,4,0.000000,5.000000,26,1,28,0,4,4,6,7,39,1.076923
4737,600,624,626,665,136,0,2,3,4,1.000000,3.000000,31,2,37,0,2,2,24,26,65,1.193548
4738,600,607,612,645,238,0,5,4,4,2.000000,6.000000,26,1,32,0,1,1,7,12,45,1.230769
4739,600,613,633,703,354,2,7,2,3,4.000000,5.000000,63,9,67,2,3,5,13,33,103,1.063492
4740,600,623,625,653,299,0,2,3,4,0.000000,5.000000,24,2,28,0,0,0,23,25,53,1.166667
4741,601,608,611,677,239,0,3,4,4,0.000000,3.000000,50,3,64,0,2,2,7,10,76,1.280000
4742,601,604,629,680,247,1,8,4,4,2.000000,6.000000,48,7,50,0,1,1,3,28,79,1.041667
4743,601,604,604,630,333,0,0,3,-1,-1.000000,-1.000000,20,0,24,0,2,2,3,3,29,1.200000
4744,601,615,615,705,64,0,0,4,-1,-1.000000,-1.000000,82,0,90,0,0,0,14,14,104,1.097561
4745,601,605,605,656,15,0,0,4,-1,-1.000000,-1.000000,40,0,46,0,5,5,4,4,55,1.150000
4746,601,673,673,734,396,0,0,1,-1,-1.000000,-1.000000,57,0,59,0,2,2,72,72,133,1.035088
4747,601,642,642,736,171,0,0,3,-1,-1.000000,-1.000000,78,0,94,0,0,0,41,41,135,1.205128
4748,601,690,690,741,117,0,0,2,-1,-1.000000,-1.000000,46,0,48,0,3,3,89,89,140,1.043478
4749,602,615,619,638,322,0,4,3,4,3.000000,4.000000,19,4,19,0,0,0,13,17,36,1.000000
4750,602,606,617,632,116,0,6,3,3,0.000000,2.000000,11,10,15,1,0,1,4,15,30,1.363636
4751,602,607,610,661,239,1,7,3,2,0.000000,3.000000,42,2,48,1,3,4,5,8,59,1.142857
4752,602,607,610,682,226,0,3,2,2,0.000000,0.000000,62,3,68,0,4,4,5,8,80,1.096774
4753,602,619,626,685,110,2,7,3,3,3.000000,3.000000,53,7,59,0,0,0,17,24,83,1.113208
4754,603,605,606,634,62,0,1,3,3,0.000000,2.000000,24,1,26,0,2,2,2,3,31,1.083333
4755,603,689,691,752,277,0,2,3,3,0.000000,1.000000,59,2,59,0,2,2,86,88,149,1.000000
4756,603,659,661,728,211,0,2,4,4,0.000000,1.000000,60,2,64,0,3,3,56,58,125,1.066667
4757,603,721,721,768,348,0,0,3,-1,-1.000000,-1.000000,38,0,46,0,1,1,118,118,165,1.210526
4758,603,625,625,687,185,0,0,4,-1,-1.000000,-1.000000,50,0,62,0,0,0,22,22,84,1.240000
4759,603,604,620,646,148,2,11,2,4,1.000000,3.000000,24,9,26,1,0,1,1,17,43,1.083333
4760,603,612,615,662,363,0,2,4,4,0.000000,1.000000,38,2,46,1,1,2,9,12,59,1.210526
4761,603,604,608,668,100,0,4,4,3,3.000000,3.000000,49,4,59,0,1,1,1,5,65,1.204082
4762,603,624,625,661,353,0,1,4,4,0.000000,2.000000,26,1,34,0,2,2,21,22,58,1.307692
4763,604,689,694,763,244,0,5,3,4,0.000000,0.000000,66,5,68,0,1,1,85,90,159,1.030303
4764,604,667,679,734,149,0,6,4,4,0.000000,9.000000,50,10,54,2,1,3,63,75,130,1.080000
4765,604,617,747,786,138,0,4,2,3,2.000000,5.000000,27,5,33,1,6,7,13,143,182,1.222222
4766,604,609,619,671,17,3,5,3,3,1.000000,2.000000,42,9,48,1,4,5,5,15,67,1.142857
4767,604,647,652,711,311,0,5,2,2,0.000000,1.000000,52,5,58,0,1,1,43,48,107,1.115385
4768,604,618,625,654,313,0,6,4,3,1.000000,4.000000,23,6,27,1,2,3,14,21,50,1.173913
4769,604,617,628,708,284,2,9,3,3,1.000000,1.000000,72,11,78,0,2,2,13,24,104,1.083333
4770,604,643,658,720,85,7,14,3,3,0.000000,3.000000,52,13,62,1,0,1,39,54,116,1.192308
4771,604,605,607,632,78,0,2,3,4,0.000000,2.000000,25,2,25,0,0,0,1,3,28,1.000000
4772,605,607,613,682,251,1,9,4,4,0.000000,2.000000,60,6,66,0,3,3,2,8,77,1.100000
4773,605,607,609,663,309,0,2,3,3,2.000000,2.000000,46,2,54,0,0,0,2,4,58,1.173913
4774,605,611,623,681,284,3,6,3,4,2.000000,5.000000,56,9,58,3,0,3,6,18,76,1.035714
4775,605,644,652,727,139,0,8,3,3,0.000000,3.000000,75,7,75,0,0,0,39,47,122,1.000000
4776,605,606,606,646,166,0,0,4,-1,-1.000000,-1.000000,36,0,38,0,2,2,1,1,41,1.055556
4777,605,622,622,699,346,0,0,2,-1,-1.000000,-1.000000,61,0,77,0,0,0,17,17,94,1.262295
4778,605,607,608,658,211,0,1,4,4,0.000000,6.000000,35,1,45,0,5,5,2,3,53,1.285714
4779,606,607,631,701,385,1,6,3,2,1.000000,1.000000,68,11,70,0,0,0,1,25,95,1.029412
4780,606,615,627,665,19,0,11,3,4,0.000000,3.000000,31,4,37,0,1,1,9,21,59,1.193548
4781,606,607,614,640,148,0,3,3,3,2.000000,5.000000,14,7,24,0,2,2,1,8,34,1.714286
4782,606,639,659,772,87,2,8,3,4,0.000000,3.000000,105,18,113,0,0,0,33,53,166,1.076190
4783,606,609,612,626,277,1,2,3,3,3.000000,3.000000,14,2,14,1,0,1,3,6,20,1.000000
4784,606,647,654,697,166,1,15,1,4,1.000000,1.000000,43,6,43,1,0,1,41,48,91,1.000000
4785,607,613,618,648,392,2,5,2,4,2.000000,3.000000,21,5,29,0,1,1,6,11,41,1.380952
4786,607,611,617,673,287,1,5,4,4,1.000000,5.000000,55,5,55,1,1,2,4,10,66,1.000000
4787,607,616,625,688,244,2,7,1,2,1.000000,1.000000,61,9,61,0,2,2,9,18,81,1.000000
4788,607,619,619,698,54,0,0,4,-1,-1.000000,-1.000000,72,0,78,0,1,1,12,12,91,1.083333
4789,607,651,651,727,197,0,0,2,-1,-1.000000,-1.000000,58,0,76,0,0,0,44,44,120,1.310345
4790,607,636,639,665,379,1,2,2,3,1.000000,3.000000,22,3,22,0,4,4,29,32,58,1.000000
4791,607,608,610,677,238,0,2,4,4,1.000000,5.000000,60,2,64,0,3,3,1,3,70,1.066667
4792,608,623,627,664,339,0,3,4,4,4.000000,8.000000,29,3,33,1,4,5,15,19,56,1.137931
4793,608,624,631,650,319,0,4,2,3,3.000000,6.000000,17,6,17,1,2,3,16,23,42,1.000000
4794,608,624,627,676,265,1,3,3,3,3.000000,4.000000,30,3,46,0,3,3,16,19,68,1.533333
4795,608,623,624,663,291,0,1,2,2,1.000000,1.000000,39,1,39,0,0,0,15,16,55,1.000000
4796,608,609,612,658,125,0,1,3,3,1.000000,2.000000,45,3,45,0,1,1,1,4,50,1.000000
4797,608,652,657,737,195,0,3,1,2,2.000000,2.000000,73,5,77,0,3,3,44,49,129,1.054795
4798,608,620,622,700,23,0,2,4,3,3.000000,3.000000,72,2,78,0,0,0,12,14,92,1.083333
4799,608,609,616,618,327,0,5,4,4,0.000000,4.000000,2,7,2,0,0,0,1,8,10,1.000000
4800,609,906,906,-1,13,0,0,4,-1,-1.000000,-1.000000,81,0,93,0,1,1,297,297,-1,1.148148
4801,609,625,625,639,33,0,0,3,-1,-1.000000,-1.000000,14,0,14,0,0,0,16,16,30,1.000000
4802,609,616,622,663,242,0,6,3,3,0.000000,2.000000,36,6,40,0,1,1,7,13,54,1.111111
4803,610,612,614,645,25,0,2,4,3,3.000000,3.000000,26,2,30,0,1,1,2,4,35,1.153846
4804,610,620,622,670,187,0,2,3,3,0.000000,1.000000,47,2,47,0,1,1,10,12,60,1.000000
4805,610,614,615,630,398,0,1,4,4,0.000000,2.000000,15,1,15,0,0,0,4,5,20,1.000000
4806,610,611,650,717,310,0,5,3,2,0.000000,0.000000,60,10,66,0,1,1,1,40,107,1.100000
4807,610,611,614,655,153,0,3,4,4,3.000000,6.000000,40,3,40,0,1,1,1,4,45,1.000000
4808,610,612,616,688,277,0,4,3,3,0.000000,4.000000,60,4,70,0,2,2,2,6,78,1.166667
4809,611,614,615,692,380,0,1,3,3,2.000000,2.000000,65,1,77,0,0,0,3,4,81,1.184615
4810,611,641,653,699,161,0,12,3,3,0.000000,3.000000,43,12,45,0,1,1,30,42,88,1.046512
4811,611,623,631,709,191,0,4,3,4,0.000000,9.000000,75,8,75,0,3,3,12,20,98,1.000000
4812,611,616,617,683,223,0,1,3,3,0.000000,2.000000,64,1,64,0,2,2,5,6,72,1.000000
4813,611,612,613,656,310,0,1,3,3,0.000000,1.000000,40,1,42,0,1,1,1,2,45,1.050000
4814,611,614,618,634,27,0,4,3,4,2.000000,4.000000,11,4,15,0,1,1,3,7,23,1.363636
4815,611,624,627,690,230,0,2,4,3,0.000000,1.000000,62,2,62,1,1,2,13,16,79,1.000000
4816,612,613,615,705,47,0,2,2,4,1.000000,3.000000,81,2,89,0,1,1,1,3,93,1.098765
4817,612,613,616,643,17,0,3,3,4,1.000000,3.000000,23,3,27,0,0,0,1,4,31,1.173913
4818,612,635,635,695,345,0,0,3,-1,-1.000000,-1.000000,59,0,59,0,1,1,23,23,83,1.000000
4819,612,615,629,669,293,1,3,3,4,2.000000,3.000000,32,13,40,1,0,1,3,17,57,1.250000
4820,612,613,614,697,251,0,1,3,3,1.000000,2.000000,66,1,82,0,1,1,1,2,85,1.242424
4821,612,627,653,690,393,0,5,2,4,6.000000,7.000000,33,4,37,0,0,0,15,41,78,1.121212
4822,612,620,636,706,110,2,4,4,4,1.000000,7.000000,61,15,69,1,1,2,8,24,94,1.131148
4823,612,665,665,741,179,0,0,3,-1,-1.000000,-1.000000,70,0,74,0,2,2,53,53,129,1.057143
4824,612,619,619,663,21,0,0,3,-1,-1.000000,-1.000000,36,0,44,0,0,0,7,7,51,1.222222
4825,613,615,623,702,279,0,10,1,4,2.000000,2.000000,67,3,79,0,0,0,2,10,89,1.179104
4826,613,614,615,687,334,0,1,4,4,0.000000,2.000000,66,1,70,0,2,2,1,2,74,1.060606
4827,613,614,621,630,392,1,7,4,3,0.000000,1.000000,9,6,9,1,0,1,1,8,17,1.000000
4828,613,615,646,692,106,5,12,2,2,0.000000,0.000000,46,19,46,1,0,1,2,33,79,1.000000
4829,613,637,706,798,398,1,9,3,3,0.000000,0.000000,78,9,92,0,0,0,24,93,185,1.179487
4830,614,617,619,649,272,0,2,2,4,0.000000,2.000000,30,2,30,0,0,0,3,5,35,1.000000
4831,614,618,622,655,9,0,4,4,4,4.000000,8.000000,30,4,32,0,1,1,4,8,41,1.066667
4832,614,625,626,655,247,0,1,3,3,1.000000,3.000000,29,1,29,0,0,0,11,12,41,1.000000
4833,614,622,631,648,263,0,7,3,4,0.000000,6.000000,13,6,17,0,0,0,8,17,34,1.307692
4834,614,619,619,731,97,0,0,3,-1,-1.000000,-1.000000,90,0,112,0,0,0,5,5,117,1.244444
4835,614,627,632,681,295,0,5,2,3,0.000000,4.000000,37,5,41,0,8,8,13,18,67,1.108108
4836,614,615,616,683,199,0,1,3,3,1.000000,2.000000,61,1,65,0,2,2,1,2,69,1.065574
4837,614,619,622,686,3,0,3,4,4,2.000000,4.000000,60,3,62,0,2,2,5,8,72,1.033333
4838,614,619,619,645,45,0,0,3,-1,-1.000000,-1.000000,22,0,26,0,0,0,5,5,31,1.181818
4839,615,616,620,637,340,0,4,4,3,0.000000,3.000000,11,4,17,0,0,0,1,5,22,1.545455
4840,615,651,666,723,263,1,4,4,3,0.000000,3.000000,52,9,56,1,1,2,36,51,108,1.076923
4841,615,621,645,715,5,5,11,4,3,0.000000,3.000000,65,13,69,0,1,1,6,30,100,1.061538
4842,615,616,627,668,138,2,3,3,3,2.000000,6.000000,33,9,39,2,2,4,1,12,53,1.181818
4843,615,620,621,694,5,1,5,3,4,0.000000,4.000000,67,1,73,0,0,0,5,6,79,1.089552
4844,615,616,616,640,222,0,0,3,-1,-1.000000,-1.000000,24,0,24,0,0,0,1,1,25,1.000000
4845,615,625,625,652,189,0,0,3,-1,-1.000000,-1.000000,23,0,25,0,2,2,10,10,37,1.086957
4846,615,632,641,667,381,1,5,4,4,2.000000,3.000000,19,9,25,0,1,1,17,26,52,1.315789
4847,616,713,713,723,67,0,0,3,-1,-1.000000,-1.000000,8,0,8,0,2,2,97,97,107,1.000000
4848,616,706,707,787,215,0,1,4,4,0.000000,4.000000,67,1,77,0,3,3,90,91,171,1.149254
4849,616,621,628,665,354,0,4,4,4,0.000000,8.000000,36,6,36,1,1,2,5,12,49,1.000000
4850,616,634,639,683,116,0,4,4,4,0.000000,2.000000,41,4,43,1,1,2,18,23,67,1.048780
4851,616,633,644,733,398,3,9,4,3,1.000000,1.000000,77,9,87,1,2,3,17,28,117,1.129870
4852,617,624,624,704,42,0,0,4,-1,-1.000000,-1.000000,64,0,80,0,0,0,7,7,87,1.250000
4853,617,621,621,717,237,0,0,3,-1,-1.000000,-1.000000,87,0,95,0,1,1,4,4,100,1.091954
4854,617,621,627,655,297,0,6,4,3,2.000000,4.000000,25,6,27,0,1,1,4,10,38,1.080000
4855,617,628,632,696,302,1,4,3,3,1.000000,3.000000,61,3,63,0,1,1,11,15,79,1.032787
4856,618,619,623,689,117,0,4,4,4,0.000000,6.000000,57,4,65,0,1,1,1,5,71,1.140351
4857,618,657,679,704,9,0,2,3,4,3.000000,4.000000,24,9,24,0,1,1,39,61,86,1.000000
4858,618,718,721,803,362,0,3,3,3,4.000000,5.000000,77,3,81,0,1,1,100,103,185,1.051948
4859,618,846,846,873,28,0,0,3,-1,-1.000000,-1.000000,27,0,27,0,0,0,228,228,255,1.000000
4860,618,698,698,752,265,0,0,3,-1,-1.000000,-1.000000,52,0,52,0,2,2,80,80,134,1.000000
4861,618,630,640,684,252,0,13,3,4,3.000000,6.000000,38,7,44,0,0,0,12,22,66,1.157895
4862,618,623,726,786,137,0,11,3,4,0.000000,2.000000,54,10,56,0,4,4,5,108,168,1.037037
4863,618,667,673,734,359,2,4,4,3,2.000000,2.000000,50,5,60,1,1,2,49,55,116,1.200000
4864,618,619,624,675,284,0,5,4,3,0.000000,3.000000,44,5,48,0,3,3,1,6,57,1.090909
4865,618,627,631,680,91,0,2,2,3,0.000000,2.000000,49,4,49,0,0,0,9,13,62,1.000000
4866,618,622,623,652,385,1,14,2,4,0.000000,4.000000,29,1,29,0,0,0,4,5,34,1.000000
4867,618,624,628,686,184,0,4,4,3,4.000000,4.000000,57,4,57,0,1,1,6,10,68,1.000000
4868,618,619,623,649,106,0,4,3,2,0.000000,1.000000,23,4,25,0,1,1,1,5,31,1.086957
4869,619,620,634,668,358,3,5,4,4,2.000000,4.000000,33,14,33,0,1,1,1,15,49,1.000000
4870,619,623,626,655,115,0,3,3,3,4.000000,4.000000,28,3,28,0,1,1,4,7,36,1.000000
4871,619,623,631,728,263,0,3,3,2,2.000000,3.000000,72,5,96,0,1,1,4,12,109,1.333333
4872,619,622,623,662,29,0,1,3,3,0.000000,5.000000,39,1,39,0,0,0,3,4,43,1.000000
4873,619,691,782,828,66,0,2,4,3,3.000000,3.000000,42,13,44,0,2,2,72,163,209,1.047619
4874,619,643,645,750,271,0,2,4,4,1.000000,3.000000,93,2,105,0,0,0,24,26,131,1.129032
4875,619,626,635,660,14,0,8,2,4,3.000000,5.000000,21,8,25,1,0,1,7,16,41,1.190476
4876,620,621,626,671,287,0,5,3,4,0.000000,3.000000,38,5,40,0,5,5,1,6,51,1.052632
4877,620,628,634,704,121,2,6,4,4,1.000000,2.000000,61,5,65,1,5,6,8,14,84,1.065574
4878,620,635,636,669,27,0,1,3,3,0.000000,6.000000,30,1,30,0,3,3,15,16,49,1.000000
4879,620,621,627,653,196,0,4,4,4,1.000000,4.000000,26,4,26,2,0,2,1,7,33,1.000000
4880,620,636,636,655,129,0,0,3,-1,-1.000000,-1.000000,17,0,19,0,0,0,16,16,35,1.117647
4881,620,633,660,686,355,1,3,4,4,0.000000,6.000000,22,6,24,2,2,4,13,40,66,1.090909
4882,620,621,623,664,306,0,2,4,2,0.000000,2.000000,40,2,40,0,1,1,1,3,44,1.000000
4883,620,629,633,658,302,1,3,3,3,3.000000,3.000000,25,4,25,0,0,0,9,13,38,1.000000
4884,621,628,629,704,6,0,1,3,3,0.000000,7.000000,64,1,72,0,3,3,7,8,83,1.125000
4885,621,625,626,665,265,0,1,3,3,0.000000,3.000000,25,1,37,0,2,2,4,5,44,1.480000
4886,621,622,622,706,2,0,0,3,-1,-1.000000,-1.000000,72,0,82,0,2,2,1,1,85,1.138889
4887,621,742,743,791,304,0,1,3,3,3.000000,4.000000,39,1,47,0,1,1,121,122,170,1.205128
4888,621,634,641,681,129,0,3,3,4,0.000000,3.000000,31,2,37,0,3,3,13,20,60,1.193548
4889,621,655,702,751,149,1,8,2,4,0.000000,12.000000,48,5,48,0,1,1,34,81,130,1.000000
4890,621,646,646,732,103,0,0,3,-1,-1.000000,-1.000000,73,0,83,0,3,3,25,25,111,1.136986
4891,621,738,738,755,14,0,0,3,-1,-1.000000,-1.000000,17,0,17,0,0,0,117,117,134,1.000000
4892,622,633,647,692,116,1,8,4,3,0.000000,2.000000,33,5,43,0,2,2,11,25,70,1.303030
4893,622,654,654,713,218,0,0,4,-1,-1.000000,-1.000000,54,0,58,0,1,1,32,32,91,1.074074
4894,622,631,642,722,394,3,8,2,2,2.000000,2.000000,73,8,77,1,3,4,9,20,100,1.054795
4895,622,625,627,724,145,0,2,3,3,0.000000,1.000000,93,2,95,0,2,2,3,5,102,1.021505
4896,622,623,632,676,5,0,7,3,2,2.000000,2.000000,40,5,44,0,0,0,1,10,54,1.100000
4897,622,625,634,652,51,0,4,3,3,0.000000,3.000000,17,8,17,1,1,2,3,12,30,1.000000
4898,622,672,673,760,146,0,1,4,4,0.000000,1.000000,71,1,87,0,0,0,50,51,138,1.225352
4899,622,847,848,932,223,0,1,3,3,0.000000,1.000000,74,1,82,0,2,2,225,226,310,1.108108
4900,622,629,630,683,268,0,1,3,3,4.000000,4.000000,45,1,53,0,0,0,7,8,61,1.177778
4901,623,625,627,670,231,0,2,3,4,0.000000,4.000000,39,2,41,0,2,2,2,4,47,1.051282
4902,623,676,676,745,284,0,0,3,-1,-1.000000,-1.000000,64,0,68,0,1,1,53,53,122,1.062500
4903,623,625,628,704,343,2,2,4,4,3.000000,4.000000,71,2,73,1,3,4,2,5,81,1.028169
4904,623,624,624,654,261,0,0,3,-1,-1.000000,-1.000000,25,0,29,0,1,1,1,1,31,1.160000
4905,623,664,664,724,169,0,0,4,-1,-1.000000,-1.000000,58,0,60,0,0,0,41,41,101,1.034483
4906,623,647,654,710,371,0,7,3,3,0.000000,4.000000,51,7,55,0,1,1,24,31,87,1.078431
4907,623,657,826,867,124,0,10,3,2,1.000000,1.000000,35,5,41,0,0,0,34,203,244,1.171429
4908,623,633,650,705,167,0,2,2,3,1.000000,2.000000,49,0,55,1,0,1,10,27,82,1.122449
4909,623,624,624,651,86,0,0,3,-1,-1.000000,-1.000000,26,0,26,0,1,1,1,1,28,1.000000
4910,624,625,650,663,137,1,12,4,4,0.000000,5.000000,13,18,13,2,0,2,1,26,39,1.000000
4911,624,640,704,808,381,1,3,3,4,2.000000,2.000000,88,10,100,0,4,4,16,80,184,1.136364
4912,624,627,628,710,290,0,1,3,3,0.000000,2.000000,75,1,81,0,1,1,3,4,86,1.080000
4913,624,633,644,684,298,1,9,3,4,0.000000,4.000000,40,11,40,0,0,0,9,20,60,1.000000
4914,624,634,635,688,355,0,1,4,4,1.000000,4.000000,50,1,52,0,1,1,10,11,64,1.040000
4915,624,626,639,686,362,0,6,2,4,1.000000,3.000000,39,3,45,0,2,2,2,15,62,1.153846
4916,624,625,627,669,74,0,1,4,4,3.000000,7.000000,34,1,36,1,6,7,1,3,45,1.058824
4917,624,626,630,670,84,0,3,2,3,1.000000,2.000000,33,3,39,1,1,2,2,6,46,1.181818
4918,624,631,636,712,364,1,6,4,4,1.000000,1.000000,61,5,71,0,5,5,7,12,88,1.163934
4919,624,634,634,723,167,0,0,3,-1,-1.000000,-1.000000,81,0,85,0,4,4,10,10,99,1.049383
4920,624,641,678,707,398,0,5,4,3,0.000000,2.000000,29,18,29,1,0,1,17,54,83,1.000000
4921,624,636,636,710,316,0,0,4,-1,-1.000000,-1.000000,72,0,72,0,2,2,12,12,86,1.000000
4922,624,704,727,771,229,1,9,3,4,3.000000,5.000000,42,4,44,0,0,0,80,103,147,1.047619
4923,624,625,625,641,5,0,0,4,-1,-1.000000,-1.000000,13,0,15,0,1,1,1,1,17,1.153846
4924,624,625,626,674,172,0,1,3,3,0.000000,0.000000,42,1,48,0,0,0,1,2,50,1.142857
4925,625,643,668,725,139,11,11,2,4,0.000000,4.000000,44,24,56,0,1,1,18,43,100,1.272727
4926,625,738,740,848,136,0,2,4,4,0.000000,1.000000,98,2,106,0,2,2,113,115,223,1.081633
4927,625,657,677,745,240,1,5,3,3,0.000000,6.000000,51,10,67,2,1,3,32,52,120,1.313725
4928,625,815,818,862,5,1,6,3,3,0.000000,5.000000,36,3,44,0,0,0,190,193,237,1.222222
4929,625,637,637,654,372,0,0,3,-1,-1.000000,-1.000000,15,0,15,0,2,2,12,12,29,1.000000
4930,625,626,662,709,137,0,7,3,3,0.000000,4.000000,39,7,47,1,0,1,1,37,84,1.205128
4931,625,632,656,680,104,2,5,2,3,2.000000,5.000000,22,13,24,0,0,0,7,31,55,1.090909
4932,626,672,769,818,287,0,2,3,4,0.000000,7.000000,45,2,47,0,2,2,46,143,192,1.044444
4933,626,660,661,733,330,0,1,4,4,0.000000,1.000000,66,1,72,0,0,0,34,35,107,1.090909
4934,626,627,651,698,165,2,10,2,2,0.000000,4.000000,44,17,46,1,1,2,1,25,72,1.045455
4935,626,630,639,674,331,0,8,4,4,0.000000,3.000000,33,8,35,1,0,1,4,13,48,1.060606
4936,626,654,654,669,196,0,0,3,-1,-1.000000,-1.000000,13,0,13,0,2,2,28,28,43,1.000000
4937,626,628,634,682,57,0,6,4,3,0.000000,1.000000,41,6,47,0,1,1,2,8,56,1.146341
4938,627,631,633,705,302,0,2,3,3,3.000000,4.000000,70,2,70,0,2,2,4,6,78,1.000000
4939,627,682,687,720,295,0,1,4,4,0.000000,8.000000,32,2,32,0,1,1,55,60,93,1.000000
4940,627,651,656,715,219,0,2,3,4,4.000000,5.000000,42,4,58,1,1,2,24,29,88,1.380952
4941,627,631,639,676,298,0,8,2,3,2.000000,2.000000,28,7,32,0,5,5,4,12,49,1.142857
4942,627,628,632,637,137,0,4,3,4,4.000000,5.000000,5,4,5,0,0,0,1,5,10,1.000000
4943,627,628,630,707,210,1,2,4,4,3.000000,4.000000,70,2,72,0,5,5,1,3,80,1.028571
4944,627,628,628,650,362,0,0,2,-1,-1.000000,-1.000000,21,0,21,0,1,1,1,1,23,1.000000
4945,627,686,693,743,134,0,7,4,4,1.000000,2.000000,46,7,48,0,2,2,59,66,116,1.043478
4946,628,630,635,704,341,0,5,3,3,1.000000,2.000000,69,5,69,0,0,0,2,7,76,1.000000
4947,628,633,633,674,131,0,0,4,-1,-1.000000,-1.000000,37,0,39,0,2,2,5,5,46,1.054054
4948,628,637,638,660,40,0,1,2,2,2.000000,2.000000,11,1,19,0,3,3,9,10,32,1.727273
4949,628,665,789,897,188,0,1,4,4,4.000000,4.000000,94,2,108,0,0,0,37,161,269,1.148936
4950,628,629,638,718,246,2,8,2,3,1.000000,2.000000,57,9,79,0,1,1,1,10,90,1.385965
4951,628,630,639,720,210,0,7,4,4,0.000000,4.000000,67,9,77,0,4,4,2,11,92,1.149254
4952,628,660,661,674,333,0,1,4,4,0.000000,6.000000,12,1,12,0,1,1,32,33,46,1.000000
4953,628,654,658,669,285,0,2,4,3,1.000000,4.000000,10,2,10,2,1,3,26,30,41,1.000000
4954,628,631,634,665,266,0,3,4,4,2.000000,6.000000,31,3,31,0,0,0,3,6,37,1.000000
4955,628,657,659,673,247,0,2,3,4,1.000000,3.000000,13,2,13,0,1,1,29,31,45,1.000000
4956,628,629,634,664,118,0,5,3,4,1.000000,9.000000,26,5,26,0,4,4,1,6,36,1.000000
4957,629,630,631,692,393,0,1,4,4,0.000000,6.000000,51,1,59,0,2,2,1,2,63,1.156863
4958,629,662,666,745,43,0,4,1,4,3.000000,7.000000,76,4,78,0,1,1,33,37,116,1.026316
4959,629,634,689,762,236,0,3,3,3,1.000000,5.000000,62,18,72,2,1,3,5,60,133,1.161290
4960,629,635,636,670,11,0,1,4,4,1.000000,4.000000,28,1,32,0,2,2,6,7,41,1.142857
4961,629,631,710,782,68,0,11,3,4,0.000000,5.000000,60,7,70,0,2,2,2,81,153,1.166667
4962,629,630,632,713,121,0,2,3,4,1.000000,2.000000,64,2,80,0,1,1,1,3,84,1.250000
4963,630,631,635,677,111,0,4,2,4,0.000000,2.000000,40,4,42,0,0,0,1,5,47,1.050000
4964,630,635,639,719,87,1,8,3,3,0.000000,1.000000,74,4,80,0,0,0,5,9,89,1.081081
4965,630,631,636,684,142,0,3,3,4,4.000000,5.000000,48,5,48,0,0,0,1,6,54,1.000000
4966,630,633,638,714,207,0,5,3,3,0.000000,2.000000,64,5,74,0,2,2,3,8,84,1.156250
4967,630,631,643,695,165,6,9,2,4,1.000000,5.000000,41,10,51,2,1,3,1,13,65,1.243902
4968,630,677,678,739,322,0,1,4,4,0.000000,3.000000,55,1,59,0,2,2,47,48,109,1.072727
4969,630,704,713,792,175,0,5,4,3,1.000000,1.000000,70,9,78,0,1,1,74,83,162,1.114286
4970,630,844,844,901,139,0,0,4,-1,-1.000000,-1.000000,53,0,55,0,2,2,214,214,271,1.037736
4971,630,664,664,713,291,0,0,4,-1,-1.000000,-1.000000,45,0,47,0,2,2,34,34,83,1.044444
4972,630,631,632,670,20,0,1,4,4,2.000000,5.000000,37,1,37,0,1,1,1,2,40,1.000000
4973,630,719,724,823,112,0,5,3,3,0.000000,2.000000,68,4,98,0,1,1,89,94,193,1.441176
4974,630,656,658,694,153,0,2,4,4,0.000000,6.000000,32,2,34,0,2,2,26,28,64,1.062500
4975,631,632,640,695,252,0,3,3,4,0.000000,3.000000,51,7,53,1,2,3,1,9,64,1.039216
4976,631,632,638,689,364,0,4,4,3,0.000000,0.000000,42,6,48,0,3,3,1,7,58,1.142857
4977,631,633,658,725,112,3,5,3,3,0.000000,7.000000,49,22,65,1,2,3,2,27,94,1.326531
4978,632,637,638,689,204,0,1,3,3,3.000000,3.000000,41,1,51,0,0,0,5,6,57,1.243902
4979,632,634,634,690,352,0,0,2,-1,-1.000000,-1.000000,43,0,55,0,1,1,2,2,58,1.279070
4980,632,641,751,816,133,0,9,3,4,3.000000,8.000000,61,14,65,3,0,3,9,119,184,1.065574
4981,632,633,639,681,165,4,7,4,3,0.000000,5.000000,34,6,40,0,2,2,1,7,49,1.176471
4982,632,652,657,664,149,2,3,2,2,3.000000,3.000000,7,5,7,0,0,0,20,25,32,1.000000
4983,632,643,643,758,73,0,0,3,-1,-1.000000,-1.000000,79,0,113,0,2,2,11,11,126,1.430380
4984,632,634,647,686,78,0,8,3,3,1.000000,2.000000,35,12,35,1,4,5,2,15,54,1.000000
4985,632,714,716,763,88,1,2,4,4,0.000000,5.000000,46,2,46,0,1,1,82,84,131,1.000000
4986,632,723,725,863,243,0,2,2,3,0.000000,5.000000,96,2,138,0,0,0,91,93,231,1.437500
4987,633,656,661,689,240,2,5,4,4,0.000000,4.000000,24,4,26,1,2,3,23,28,56,1.083333
4988,633,650,652,699,263,1,8,4,3,3.000000,7.000000,44,2,44,0,3,3,17,19,66,1.000000
4989,633,641,651,673,148,0,2,4,3,6.000000,6.000000,22,7,22,1,0,1,8,18,40,1.000000
4990,633,638,648,695,340,1,7,4,4,1.000000,4.000000,43,10,47,0,0,0,5,15,62,1.093023
4991,633,634,635,730,152,0,1,2,2,0.000000,3.000000,80,1,92,0,3,3,1,2,97,1.150000
4992,633,640,651,684,386,4,2,3,4,0.000000,8.000000,33,9,33,2,0,2,7,18,51,1.000000
4993,634,645,659,709,256,0,4,4,4,1.000000,5.000000,44,5,48,2,2,4,11,25,75,1.090909
4994,634,663,668,723,188,0,5,4,3,3.000000,3.000000,48,3,52,0,3,3,29,34,89,1.083333
4995,634,664,665,694,89,0,1,3,3,3.000000,3.000000,27,1,27,0,2,2,30,31,60,1.000000
4996,634,653,656,695,254,0,1,3,3,5.000000,5.000000,36,3,38,0,1,1,19,22,61,1.055556
4997,634,636,639,648,350,1,15,2,3,4.000000,4.000000,9,3,9,0,0,0,2,5,14,1.000000
4998,634,637,639,689,320,0,2,4,3,0.000000,2.000000,41,2,49,0,1,1,3,5,55,1.195122
4999,634,695,746,836,357,2,9,3,4,1.000000,3.000000,70,25,90,0,0,0,61,112,202,1.285714
5000,634,635,639,721,68,0,4,3,4,0.000000,2.000000,62,4,82,0,0,0,1,5,87,1.322581
5001,634,643,649,677,137,0,6,2,2,0.000000,2.000000,28,6,28,0,0,0,9,15,43,1.000000
5002,635,665,668,697,149,1,4,3,4,1.000000,6.000000,29,2,29,1,0,1,30,33,62,1.000000
5003,635,700,700,765,35,0,0,4,-1,-1.000000,-1.000000,62,0,62,0,3,3,65,65,130,1.000000
5004,635,677,687,729,129,1,5,2,3,5.000000,5.000000,38,8,40,1,2,3,42,52,94,1.052632
5005,635,649,649,701,368,0,0,3,-1,-1.000000,-1.000000,50,0,50,0,2,2,14,14,66,1.000000
5006,635,657,657,682,310,0,0,3,-1,-1.000000,-1.000000,21,0,23,0,2,2,22,22,47,1.095238
5007,635,638,642,704,213,0,4,3,2,2.000000,2.000000,53,4,61,0,1,1,3,7,69,1.150943
5008,635,656,667,691,247,0,2,3,4,2.000000,4.000000,22,4,22,0,2,2,21,32,56,1.000000
5009,635,643,643,699,72,0,0,3,-1,-1.000000,-1.000000,49,0,53,0,3,3,8,8,64,1.081633
5010,636,687,687,747,18,0,0,3,-1,-1.000000,-1.000000,46,0,56,0,4,4,51,51,111,1.217391
5011,636,639,675,688,177,0,12,4,4,0.000000,6.000000,13,5,13,0,0,0,3,39,52,1.000000
5012,636,647,658,741,102,3,10,3,3,0.000000,2.000000,69,11,81,0,2,2,11,22,105,1.173913
5013,636,637,646,687,22,1,7,3,3,3.000000,5.000000,36,8,40,1,1,2,1,10,51,1.111111
5014,636,637,659,728,165,2,8,4,4,0.000000,4.000000,52,18,66,4,3,7,1,23,92,1.269231
5015,636,638,685,740,73,0,9,2,3,0.000000,4.000000,43,2,53,0,2,2,2,49,104,1.232558
5016,636,658,664,714,15,0,6,3,4,0.000000,6.000000,48,6,50,0,0,0,22,28,78,1.041667
5017,637,645,652,709,280,0,6,4,3,0.000000,6.000000,48,6,54,1,3,4,8,15,72,1.125000
5018,637,647,653,726,41,1,7,2,3,1.000000,6.000000,65,6,73,0,0,0,10,16,89,1.123077
5019,637,642,649,689,38,2,6,4,3,3.000000,4.000000,35,7,39,0,1,1,5,12,52,1.114286
5020,637,643,643,672,50,0,0,3,-1,-1.000000,-1.000000,29,0,29,0,0,0,6,6,35,1.000000
5021,637,648,655,677,38,1,6,4,4,0.000000,8.000000,15,6,21,1,1,2,11,18,40,1.400000
5022,637,654,658,669,7,0,4,4,4,0.000000,2.000000,11,4,11,0,0,0,17,21,32,1.000000
5023,637,652,654,703,109,0,2,2,4,0.000000,4.000000,49,2,49,0,0,0,15,17,66,1.000000
5024,638,639,640,682,262,0,1,3,3,2.000000,2.000000,38,1,42,0,0,0,1,2,44,1.105263
5025,638,697,723,814,5,0,6,4,4,1.000000,3.000000,82,1,90,0,1,1,59,85,176,1.097561
5026,638,655,655,667,372,0,0,4,-1,-1.000000,-1.000000,12,0,12,0,0,0,17,17,29,1.000000
5027,638,648,653,689,148,0,5,4,3,4.000000,4.000000,33,5,35,0,1,1,10,15,51,1.060606
5028,639,672,673,729,48,0,1,4,4,0.000000,4.000000,46,1,56,0,0,0,33,34,90,1.217391
5029,639,640,643,673,73,1,6,2,4,0.000000,4.000000,27,3,27,0,3,3,1,4,34,1.000000
5030,639,670,672,757,31,0,2,2,4,0.000000,3.000000,76,2,84,0,1,1,31,33,118,1.105263
5031,639,647,652,739,108,0,4,1,4,0.000000,5.000000,83,4,87,1,0,1,8,13,100,1.048193
5032,640,641,644,730,340,0,3,4,4,0.000000,3.000000,74,3,84,0,2,2,1,4,90,1.135135
5033,640,656,664,724,356,0,2,2,4,1.000000,3.000000,57,3,59,0,1,1,16,24,84,1.035088
5034,640,647,650,702,279,0,3,3,3,4.000000,4.000000,50,3,52,0,0,0,7,10,62,1.040000
5035,640,652,663,727,67,0,8,1,3,3.000000,3.000000,60,8,64,0,0,0,12,23,87,1.066667
5036,640,646,652,684,88,0,3,4,4,0.000000,5.000000,27,5,29,1,3,4,6,12,44,1.074074
5037,640,671,674,733,11,0,1,4,4,1.000000,6.000000,55,2,57,0,2,2,31,34,93,1.036364
5038,640,641,647,729,33,1,7,3,2,0.000000,1.000000,80,5,82,1,0,1,1,7,89,1.025000
5039,640,650,652,705,186,0,2,2,3,2.000000,3.000000,49,2,51,0,2,2,10,12,65,1.040816
5040,641,642,642,696,5,0,0,3,-1,-1.000000,-1.000000,40,0,52,0,2,2,1,1,55,1.300000
5041,641,642,642,711,205,0,0,4,-1,-1.000000,-1.000000,64,0,66,0,3,3,1,1,70,1.031250
5042,641,667,671,711,306,0,4,3,4,1.000000,1.000000,34,4,38,0,2,2,26,30,70,1.117647
5043,641,661,666,713,45,0,4,4,3,0.000000,4.000000,45,4,45,1,2,3,20,25,72,1.000000
5044,641,645,648,659,194,0,3,4,4,4.000000,5.000000,8,3,10,0,1,1,4,7,18,1.250000
5045,641,645,652,710,36,0,5,2,3,2.000000,2.000000,54,7,58,0,0,0,4,11,69,1.074074
5046,641,661,663,716,40,0,2,2,4,0.000000,3.000000,52,2,52,0,1,1,20,22,75,1.000000
5047,642,643,648,668,22,0,5,4,3,0.000000,5.000000,14,5,18,0,2,2,1,6,26,1.285714
5048,642,643,649,714,33,1,10,1,4,1.000000,2.000000,59,6,65,0,0,0,1,7,72,1.101695
5049,642,763,768,780,140,0,3,3,3,3.000000,6.000000,9,5,9,0,3,3,121,126,138,1.000000
5050,642,643,643,702,176,0,0,3,-1,-1.000000,-1.000000,58,0,58,0,1,1,1,1,60,1.000000
5051,642,644,646,717,17,0,2,3,3,2.000000,3.000000,56,2,66,0,5,5,2,4,75,1.178571
5052,642,664,666,686,39,0,2,2,3,0.000000,6.000000,17,2,19,0,1,1,22,24,44,1.117647
5053,642,643,643,671,104,0,0,3,-1,-1.000000,-1.000000,22,0,28,0,0,0,1,1,29,1.272727
5054,642,643,645,681,49,0,2,2,4,3.000000,3.000000,32,2,36,0,0,0,1,3,39,1.125000
5055,642,658,671,687,9,0,4,3,2,2.000000,2.000000,15,11,15,0,1,1,16,29,45,1.000000
5056,642,649,688,741,58,1,4,3,2,0.000000,3.000000,53,5,53,2,0,2,7,46,99,1.000000
5057,643,644,645,677,350,0,1,4,4,1.000000,4.000000,29,1,31,0,1,1,1,2,34,1.068966
5058,643,662,680,738,353,0,5,3,3,0.000000,1.000000,49,10,57,0,1,1,19,37,95,1.163265
5059,643,653,653,693,51,0,0,4,-1,-1.000000,-1.000000,38,0,38,0,2,2,10,10,50,1.000000
5060,644,655,658,677,94,0,3,4,4,0.000000,4.000000,15,3,19,0,0,0,11,14,33,1.266667
5061,644,665,705,717,339,3,11,3,4,0.000000,6.000000,10,10,12,2,0,2,21,61,73,1.200000
5062,644,670,698,720,151,1,5,3,4,2.000000,4.000000,20,13,22,0,0,0,26,54,76,1.100000
5063,644,-1,-1,-1,-1,0,-1,-1,-1,-1.000000,-1.000000,32,0,0,0,0,0,-1,-1,-1,0.000000
5064,644,647,652,699,113,0,9,3,3,1.000000,4.000000,37,4,47,0,0,0,3,8,55,1.270270
5065,644,645,646,724,0,0,1,3,3,0.000000,1.000000,70,1,78,0,0,0,1,2,80,1.114286
5066,644,645,649,656,133,0,4,3,4,4.000000,6.000000,7,4,7,0,0,0,1,5,12,1.000000
5067,645,656,662,705,9,0,4,3,2,4.000000,4.000000,36,3,40,0,3,3,11,17,60,1.111111
5068,645,654,661,697,35,0,5,4,3,3.000000,4.000000,35,5,35,2,1,3,9,16,52,1.000000
5069,645,646,664,725,311,1,8,2,4,0.000000,7.000000,49,5,57,0,4,4,1,19,80,1.163265
5070,645,666,675,728,265,0,3,3,4,1.000000,5.000000,51,3,51,0,2,2,21,30,83,1.000000
5071,645,646,647,650,323,0,1,1,1,0.000000,0.000000,3,1,3,0,0,0,1,2,5,1.000000
5072,645,646,651,697,170,0,4,3,4,0.000000,2.000000,42,4,46,1,0,1,1,6,52,1.095238
5073,645,649,663,699,165,0,8,2,4,0.000000,4.000000,27,6,35,0,1,1,4,18,54,1.296296
5074,645,652,683,721,81,1,8,3,2,0.000000,2.000000,28,6,34,2,4,6,7,38,76,1.214286
5075,646,661,665,741,53,0,4,2,3,1.000000,2.000000,72,4,74,0,2,2,15,19,95,1.027778
5076,646,649,655,731,98,0,6,4,2,1.000000,1.000000,65,6,73,0,3,3,3,9,85,1.123077
5077,646,651,670,687,41,0,15,3,3,1.000000,4.000000,16,16,16,2,1,3,5,24,41,1.000000
5078,646,666,674,722,322,1,6,4,4,0.000000,4.000000,38,6,46,1,2,3,20,28,76,1.210526
5079,646,647,649,667,256,0,2,4,3,0.000000,1.000000,16,2,18,0,0,0,1,3,21,1.125000
5080,646,649,655,688,250,0,6,2,3,3.000000,6.000000,25,6,33,0,0,0,3,9,42,1.320000
5081,646,649,656,724,263,2,7,3,3,0.000000,2.000000,55,7,67,0,1,1,3,10,78,1.218182
5082,646,670,670,710,83,0,0,3,-1,-1.000000,-1.000000,21,0,39,0,1,1,24,24,64,1.857143
5083,647,649,649,748,373,0,0,4,-1,-1.000000,-1.000000,95,0,97,0,2,2,2,2,101,1.021053
5084,648,674,677,734,151,0,3,3,2,1.000000,6.000000,54,3,56,0,1,1,26,29,86,1.037037
5085,648,649,654,691,113,0,3,3,3,3.000000,3.000000,34,4,36,0,1,1,1,6,43,1.058824
5086,648,657,658,715,133,0,1,4,4,0.000000,3.000000,57,1,57,0,0,0,9,10,67,1.000000
5087,648,650,657,728,12,0,7,3,3,0.000000,1.000000,58,7,70,0,1,1,2,9,80,1.206897
5088,648,649,653,774,33,0,4,4,4,0.000000,3.000000,117,4,121,0,0,0,1,5,126,1.034188
5089,648,855,855,946,57,0,0,2,-1,-1.000000,-1.000000,85,0,91,0,0,0,207,207,298,1.070588
5090,648,692,692,723,113,0,0,3,-1,-1.000000,-1.000000,24,0,28,0,3,3,44,44,75,1.166667
5091,648,749,749,858,373,0,0,3,-1,-1.000000,-1.000000,99,0,109,0,0,0,101,101,210,1.101010
5092,648,729,729,781,137,0,0,3,-1,-1.000000,-1.000000,52,0,52,0,0,0,81,81,133,1.000000
5093,648,669,673,775,378,0,4,3,3,1.000000,1.000000,82,4,102,0,0,0,21,25,127,1.243902
5094,648,649,654,685,249,0,5,1,3,2.000000,2.000000,31,5,31,0,0,0,1,6,37,1.000000
5095,649,659,671,732,281,0,5,1,4,0.000000,3.000000,57,3,61,0,0,0,10,22,83,1.070175
5096,649,663,665,698,391,0,1,4,4,0.000000,3.000000,29,1,31,1,2,3,14,16,49,1.068966
5097,649,650,666,700,58,0,7,3,4,2.000000,3.000000,23,0,33,1,1,2,1,17,51,1.434783
5098,649,670,681,768,339,0,9,2,4,0.000000,4.000000,80,11,86,0,1,1,21,32,119,1.075000
5099,649,653,656,676,259,1,7,4,4,0.000000,6.000000,20,3,20,0,0,0,4,7,27,1.000000
5100,649,662,693,780,76,0,4,3,4,1.000000,2.000000,77,7,87,1,0,1,13,44,131,1.129870
5101,650,651,653,710,113,1,1,4,4,0.000000,4.000000,52,2,56,0,1,1,1,3,60,1.076923
5102,650,651,651,687,127,0,0,3,-1,-1.000000,-1.000000,35,0,35,0,1,1,1,1,37,1.000000
5103,650,653,659,696,189,0,5,3,2,0.000000,1.000000,32,5,36,1,1,2,3,9,46,1.125000
5104,650,658,659,668,32,0,1,3,3,0.000000,4.000000,9,1,9,0,0,0,8,9,18,1.000000
5105,650,658,662,750,382,0,3,2,4,0.000000,3.000000,82,3,84,1,4,5,8,12,100,1.024390
5106,650,669,675,725,32,0,5,3,4,0.000000,4.000000,48,5,48,1,2,3,19,25,75,1.000000
5107,650,651,652,720,165,0,1,4,4,0.000000,4.000000,59,1,65,0,3,3,1,2,70,1.101695
5108,651,719,721,785,333,0,2,3,3,0.000000,2.000000,54,2,64,0,0,0,68,70,134,1.185185
5109,651,652,654,685,58,0,2,3,3,0.000000,7.000000,31,1,31,0,0,0,1,3,34,1.000000
5110,651,652,657,693,41,2,16,4,3,0.000000,3.000000,31,4,35,0,1,1,1,6,42,1.129032
5111,651,652,660,710,80,4,3,3,3,1.000000,2.000000,30,8,50,0,0,0,1,9,59,1.666667
5112,651,677,680,764,50,0,3,4,4,0.000000,2.000000,68,3,84,0,0,0,26,29,113,1.235294
5113,651,653,653,691,325,0,0,2,-1,-1.000000,-1.000000,25,0,35,0,3,3,2,2,40,1.400000
5114,651,654,658,711,299,0,4,3,3,8.000000,10.000000,51,4,53,0,0,0,3,7,60,1.039216
5115,651,652,652,672,106,0,0,4,-1,-1.000000,-1.000000,16,0,20,0,0,0,1,1,21,1.250000
5116,652,661,663,737,14,0,2,3,4,2.000000,2.000000,69,2,73,0,1,1,9,11,85,1.057971
5117,652,653,657,721,323,2,4,4,4,4.000000,6.000000,59,4,63,0,1,1,1,5,69,1.067797
5118,652,653,653,670,147,0,0,4,-1,-1.000000,-1.000000,14,0,16,0,1,1,1,1,18,1.142857
5119,652,672,675,748,241,0,3,4,4,1.000000,3.000000,62,3,72,0,1,1,20,23,96,1.161290
5120,652,653,670,693,58,0,2,2,3,6.000000,6.000000,23,6,23,0,0,0,1,18,41,1.000000
5121,652,653,653,668,81,0,0,3,-1,-1.000000,-1.000000,14,0,14,0,1,1,1,1,16,1.000000
5122,653,682,692,729,326,2,6,4,4,3.000000,6.000000,36,10,36,0,1,1,29,39,76,1.000000
5123,653,654,654,737,80,0,0,4,-1,-1.000000,-1.000000,73,0,81,0,2,2,1,1,84,1.109589
5124,653,676,677,742,173,0,1,3,3,2.000000,2.000000,54,1,64,0,1,1,23,24,89,1.185185
5125,653,805,807,850,26,0,2,4,4,3.000000,7.000000,39,2,41,0,2,2,152,154,197,1.051282
5126,653,677,691,698,298,1,1,4,4,4.000000,8.000000,6,12,6,2,1,3,24,38,45,1.000000
5127,653,659,664,714,125,0,5,3,4,2.000000,6.000000,45,5,49,0,1,1,6,11,61,1.088889
5128,653,656,661,669,297,0,5,3,3,0.000000,8.000000,8,5,8,0,0,0,3,8,16,1.000000
5129,653,664,669,725,158,0,5,3,3,0.000000,2.000000,50,5,54,0,2,2,11,16,72,1.080000
5130,653,696,775,813,78,1,8,4,4,0.000000,5.000000,34,6,38,2,0,2,43,122,160,1.117647
5131,653,673,673,768,227,0,0,4,-1,-1.000000,-1.000000,91,0,95,0,0,0,20,20,115,1.043956
5132,654,656,665,718,13,0,6,4,4,1.000000,4.000000,50,8,52,1,1,2,2,11,64,1.040000
5133,654,655,655,736,85,0,0,3,-1,-1.000000,-1.000000,79,0,81,0,0,0,1,1,82,1.025316
5134,654,668,668,722,25,0,0,4,-1,-1.000000,-1.000000,51,0,53,0,1,1,14,14,68,1.039216
5135,654,660,666,723,321,0,6,4,2,0.000000,0.000000,55,6,57,0,0,0,6,12,69,1.036364
5136,654,676,682,720,131,0,2,4,3,0.000000,12.000000,31,1,37,0,1,1,22,28,66,1.193548
5137,654,661,664,726,130,1,8,4,3,0.000000,8.000000,54,3,60,0,2,2,7,10,72,1.111111
5138,655,744,750,819,301,1,5,2,3,0.000000,1.000000,66,6,68,0,1,1,89,95,164,1.030303
5139,655,874,972,-1,133,0,5,3,4,1.000000,2.000000,87,6,28,0,0,0,219,317,-1,0.321839
5140,655,718,735,840,343,3,6,3,4,0.000000,2.000000,96,13,104,1,1,2,63,80,185,1.083333
5141,655,656,660,692,323,0,4,3,4,0.000000,6.000000,30,4,30,0,2,2,1,5,37,1.000000
5142,655,656,661,728,259,0,5,3,4,0.000000,5.000000,60,5,66,0,1,1,1,6,73,1.100000
5143,655,765,767,854,49,1,8,4,4,0.000000,3.000000,82,2,84,0,3,3,110,112,199,1.024390
5144,655,656,665,700,382,3,6,4,3,4.000000,4.000000,33,9,35,0,0,0,1,10,45,1.060606
5145,655,656,662,748,124,1,5,1,3,1.000000,3.000000,77,6,83,0,3,3,1,7,93,1.077922
5146,655,698,699,785,69,0,1,3,3,1.000000,2.000000,80,1,84,0,2,2,43,44,130,1.050000
5147,655,696,718,767,229,1,8,1,4,0.000000,6.000000,45,18,49,1,0,1,41,63,112,1.088889
5148,655,838,840,880,37,0,2,3,3,0.000000,4.000000,38,2,38,0,2,2,183,185,225,1.000000
5149,655,656,659,687,67,0,3,3,2,2.000000,2.000000,20,3,28,0,0,0,1,4,32,1.400000
5150,655,673,685,709,11,0,2,4,4,1.000000,5.000000,22,1,24,0,0,0,18,30,54,1.090909
5151,655,656,657,719,115,0,1,4,4,0.000000,3.000000,42,1,62,0,0,0,1,2,64,1.476190
5152,656,686,686,760,128,0,0,2,-1,-1.000000,-1.000000,71,0,73,0,1,1,30,30,104,1.028169
5153,656,688,688,714,185,0,0,3,-1,-1.000000,-1.000000,24,0,26,0,0,0,32,32,58,1.083333
5154,656,664,666,737,144,0,2,2,4,0.000000,4.000000,67,2,69,0,2,2,8,10,81,1.029851
5155,656,682,682,762,255,0,0,4,-1,-1.000000,-1.000000,71,0,77,0,3,3,26,26,106,1.084507
5156,656,687,689,753,260,0,2,2,4,4.000000,5.000000,61,2,61,0,3,3,31,33,97,1.000000
5157,656,668,673,712,256,0,5,4,4,0.000000,2.000000,37,5,37,0,2,2,12,17,56,1.000000
5158,656,724,724,753,345,0,0,4,-1,-1.000000,-1.000000,28,0,28,0,1,1,68,68,97,1.000000
5159,657,658,658,720,261,0,0,2,-1,-1.000000,-1.000000,48,0,60,0,2,2,1,1,63,1.250000
5160,657,658,659,719,228,0,1,2,2,0.000000,1.000000,52,1,58,0,2,2,1,2,62,1.115385
5161,658,733,733,787,30,0,0,3,-1,-1.000000,-1.000000,45,0,51,0,3,3,75,75,129,1.133333
5162,658,661,665,720,348,0,4,4,4,0.000000,2.000000,47,4,53,0,2,2,3,7,62,1.127660
5163,658,666,670,677,354,0,4,3,4,3.000000,4.000000,4,4,6,0,1,1,8,12,19,1.500000
5164,658,730,736,739,304,0,5,3,3,0.000000,3.000000,3,5,3,1,0,1,72,78,81,1.000000
5165,658,659,667,709,208,0,5,2,4,0.000000,7.000000,25,2,39,0,3,3,1,9,51,1.560000
5166,658,665,671,696,359,1,6,1,2,3.000000,3.000000,24,5,24,1,1,2,7,13,38,1.000000
5167,658,690,700,774,120,0,4,3,4,3.000000,6.000000,70,5,72,0,2,2,32,42,116,1.028571
5168,659,756,-1,-1,14,0,3,3,4,2.000000,5.000000,14,5,0,0,0,0,97,-1,-1,0.000000
5169,659,669,670,724,246,1,6,3,4,4.000000,8.000000,29,0,49,1,5,6,10,11,65,1.689655
5170,659,673,701,786,50,3,2,3,3,2.000000,2.000000,78,13,82,0,3,3,14,42,127,1.051282
5171,659,661,664,718,122,0,3,3,4,4.000000,6.000000,45,2,53,0,1,1,2,5,59,1.177778
5172,660,672,672,750,104,0,0,2,-1,-1.000000,-1.000000,71,0,77,0,1,1,12,12,90,1.084507
5173,660,661,665,716,208,0,2,2,4,6.000000,7.000000,49,4,51,0,0,0,1,5,56,1.040816
5174,660,932,933,-1,105,0,1,4,4,1.000000,1.000000,101,1,66,0,1,1,272,273,-1,0.653465
5175,660,667,669,740,301,0,2,3,4,2.000000,4.000000,65,2,69,0,2,2,7,9,80,1.061538
5176,660,676,676,740,77,0,0,2,-1,-1.000000,-1.000000,60,0,62,0,2,2,16,16,80,1.033333
5177,660,664,706,735,21,0,5,4,4,0.000000,4.000000,29,5,29,1,0,1,4,46,75,1.000000
5178,660,666,669,733,188,0,3,3,4,1.000000,2.000000,61,3,63,0,1,1,6,9,73,1.032787
5179,661,667,669,703,274,0,2,4,4,2.000000,3.000000,31,2,33,0,1,1,6,8,42,1.064516
5180,661,662,666,670,122,2,2,4,4,0.000000,4.000000,4,3,4,1,0,1,1,5,9,1.000000
5181,661,663,668,695,29,2,4,3,4,0.000000,4.000000,15,5,25,0,2,2,2,7,34,1.666667
5182,661,666,669,735,242,1,8,4,3,1.000000,3.000000,61,3,65,0,1,1,5,8,74,1.065574
5183,661,679,679,712,79,0,0,3,-1,-1.000000,-1.000000,30,0,32,0,1,1,18,18,51,1.066667
5184,662,731,731,789,152,0,0,3,-1,-1.000000,-1.000000,56,0,58,0,0,0,69,69,127,1.035714
5185,662,663,666,729,363,0,7,3,3,1.000000,4.000000,59,2,63,0,0,0,1,4,67,1.067797
5186,662,710,721,840,347,4,19,1,3,0.000000,0.000000,104,9,116,1,3,4,48,59,178,1.115385
5187,662,663,676,718,130,1,10,2,3,8.000000,8.000000,38,8,40,1,2,3,1,14,56,1.052632
5188,662,686,705,802,249,3,7,2,4,1.000000,5.000000,97,12,97,1,0,1,24,43,140,1.000000
5189,663,680,684,737,27,0,4,3,3,0.000000,0.000000,30,4,50,0,3,3,17,21,74,1.666667
5190,663,677,677,688,90,0,0,3,-1,-1.000000,-1.000000,10,0,10,0,1,1,14,14,25,1.000000
5191,663,664,665,709,29,0,1,4,4,0.000000,2.000000,33,1,43,0,1,1,1,2,46,1.303030
5192,663,664,674,765,130,2,7,3,4,6.000000,6.000000,76,10,88,0,3,3,1,11,102,1.157895
5193,663,667,676,725,339,3,10,3,4,2.000000,4.000000,36,9,46,0,3,3,4,13,62,1.277778
5194,663,664,664,739,76,0,0,4,-1,-1.000000,-1.000000,64,0,74,0,1,1,1,1,76,1.156250
5195,663,787,834,869,140,2,5,4,4,0.000000,5.000000,29,13,31,1,4,5,124,171,206,1.068966
5196,663,699,702,768,164,0,3,3,3,0.000000,0.000000,60,3,64,0,2,2,36,39,105,1.066667
5197,663,799,799,838,381,0,0,3,-1,-1.000000,-1.000000,35,0,37,0,2,2,136,136,175,1.057143
5198,664,679,689,731,255,1,3,2,4,0.000000,4.000000,36,7,40,1,2,3,15,25,67,1.111111
5199,664,666,668,737,270,0,2,2,3,2.000000,6.000000,58,2,68,0,1,1,2,4,73,1.172414
5200,664,693,699,737,4,0,5,3,3,0.000000,4.000000,27,5,33,1,5,6,29,35,73,1.222222
5201,664,671,676,727,231,0,5,3,4,0.000000,3.000000,43,5,49,0,2,2,7,12,63,1.139535
5202,664,674,681,728,168,0,6,3,3,2.000000,2.000000,44,5,46,0,1,1,10,17,64,1.045455
5203,665,666,666,758,240,0,0,3,-1,-1.000000,-1.000000,64,0,92,0,0,0,1,1,93,1.437500
5204,665,680,686,725,351,0,6,1,3,0.000000,0.000000,29,6,37,0,2,2,15,21,60,1.275862
5205,665,670,671,748,370,0,1,3,3,0.000000,2.000000,76,1,76,0,1,1,5,6,83,1.000000
5206,665,666,669,721,353,0,2,3,3,1.000000,1.000000,48,2,50,1,2,3,1,4,56,1.041667
5207,665,668,671,721,275,0,3,4,2,0.000000,3.000000,41,3,49,0,1,1,3,6,56,1.195122
5208,665,712,718,749,118,1,13,3,3,0.000000,1.000000,25,6,29,0,2,2,47,53,84,1.160000
5209,665,683,689,739,174,0,6,4,3,1.000000,2.000000,46,6,50,0,0,0,18,24,74,1.086957
5210,665,667,685,714,101,3,6,3,3,0.000000,2.000000,29,15,29,3,0,3,2,20,49,1.000000
5211,666,675,675,712,245,0,0,2,-1,-1.000000,-1.000000,30,0,36,0,1,1,9,9,46,1.200000
5212,666,667,670,688,242,0,3,3,3,0.000000,2.000000,8,3,18,0,0,0,1,4,22,2.250000
5213,666,667,667,732,21,0,0,4,-1,-1.000000,-1.000000,56,0,64,0,1,1,1,1,66,1.142857
5214,666,669,675,721,81,1,10,3,4,2.000000,6.000000,35,5,41,1,5,6,3,9,55,1.171429
5215,666,668,672,686,123,0,4,3,4,1.000000,5.000000,11,4,13,0,1,1,2,6,20,1.181818
5216,666,704,713,784,279,0,2,3,4,3.000000,4.000000,56,7,68,0,3,3,38,47,118,1.214286
5217,666,667,677,758,234,0,6,4,4,0.000000,4.000000,67,8,75,2,6,8,1,11,92,1.119403
5218,666,693,694,764,349,0,1,4,4,0.000000,4.000000,67,1,69,0,1,1,27,28,98,1.029851
5219,666,667,669,693,200,1,10,3,2,3.000000,3.000000,23,2,23,0,1,1,1,3,27,1.000000
5220,666,679,686,728,137,0,7,3,2,0.000000,1.000000,30,7,42,0,0,0,13,20,62,1.400000
5221,667,669,707,770,215,1,8,2,4,2.000000,3.000000,53,5,63,1,0,1,2,40,103,1.188679
5222,667,684,688,710,71,0,4,4,3,4.000000,4.000000,20,4,20,0,2,2,17,21,43,1.000000
5223,667,681,682,715,329,0,1,3,3,0.000000,3.000000,30,1,32,0,1,1,14,15,48,1.066667
5224,667,683,737,758,262,1,5,2,4,0.000000,3.000000,19,13,19,2,2,4,16,70,91,1.000000
5225,667,677,677,704,157,0,0,4,-1,-1.000000,-1.000000,24,0,26,0,1,1,10,10,37,1.083333
5226,667,668,671,696,322,1,4,4,3,0.000000,5.000000,23,3,25,0,0,0,1,4,29,1.086957
5227,667,683,690,739,226,0,7,3,3,0.000000,0.000000,43,7,49,0,0,0,16,23,72,1.139535
5228,668,675,683,727,221,0,6,4,3,1.000000,3.000000,44,8,44,0,0,0,7,15,59,1.000000
5229,668,680,680,726,376,0,0,3,-1,-1.000000,-1.000000,38,0,46,0,0,0,12,12,58,1.210526
5230,668,724,725,776,67,0,1,4,4,4.000000,8.000000,43,1,47,0,4,4,56,57,108,1.093023
5231,668,677,685,706,328,0,6,3,3,0.000000,4.000000,19,8,19,0,2,2,9,17,38,1.000000
5232,668,678,678,746,238,0,0,3,-1,-1.000000,-1.000000,54,0,66,0,2,2,10,10,78,1.222222
5233,668,669,670,708,200,0,1,3,3,0.000000,1.000000,37,1,37,0,1,1,1,2,40,1.000000
5234,668,714,715,776,236,0,1,4,4,4.000000,4.000000,53,1,59,0,2,2,46,47,108,1.113208
5235,668,674,681,742,63,0,5,4,4,0.000000,3.000000,60,7,60,0,1,1,6,13,74,1.000000
5236,668,674,683,700,266,0,9,3,4,1.000000,2.000000,17,9,17,0,0,0,6,15,32,1.000000
5237,669,670,691,697,130,1,12,3,4,0.000000,5.000000,4,9,4,0,2,2,1,22,28,1.000000
5238,669,687,692,713,39,0,2,4,4,0.000000,5.000000,17,4,21,1,0,1,18,23,44,1.235294
5239,669,671,677,711,107,0,6,3,4,0.000000,4.000000,26,6,32,0,2,2,2,8,42,1.230769
5240,669,922,922,981,140,0,0,3,-1,-1.000000,-1.000000,50,0,54,0,5,5,253,253,312,1.080000
5241,669,670,697,739,27,0,9,3,3,1.000000,3.000000,35,13,41,0,1,1,1,28,70,1.171429
5242,669,697,700,788,52,0,3,2,3,0.000000,2.000000,78,3,86,0,2,2,28,31,119,1.102564
5243,669,685,689,743,8,0,4,4,3,0.000000,1.000000,32,4,52,0,2,2,16,20,74,1.625000
5244,669,677,680,736,203,0,3,2,3,0.000000,3.000000,52,3,56,0,0,0,8,11,67,1.076923
5245,669,720,722,767,115,0,2,4,4,0.000000,4.000000,43,2,45,0,0,0,51,53,98,1.046512
5246,669,674,675,684,8,0,1,4,4,1.000000,2.000000,9,1,9,0,0,0,5,6,15,1.000000
5247,670,679,679,716,361,0,0,4,-1,-1.000000,-1.000000,37,0,37,0,0,0,9,9,46,1.000000
5248,670,686,688,726,298,0,2,2,4,3.000000,6.000000,33,2,37,0,1,1,16,18,56,1.121212
5249,670,671,674,676,297,0,3,3,3,0.000000,1.000000,2,3,2,0,0,0,1,4,6,1.000000
5250,670,701,701,735,335,0,0,4,-1,-1.000000,-1.000000,27,0,33,0,1,1,31,31,65,1.222222
5251,670,674,676,718,221,1,4,4,3,0.000000,4.000000,35,2,41,0,1,1,4,6,48,1.171429
5252,670,673,674,716,106,0,1,3,3,0.000000,2.000000,35,1,41,0,1,1,3,4,46,1.171429
5253,670,671,675,740,215,1,4,4,4,0.000000,2.000000,57,3,63,1,2,3,1,5,70,1.105263
5254,670,671,673,732,246,0,2,3,4,3.000000,7.000000,58,2,58,0,1,1,1,3,62,1.000000
5255,671,680,685,688,374,0,5,4,4,3.000000,6.000000,3,5,3,0,0,0,9,14,17,1.000000
5256,671,680,682,777,141,0,2,3,3,0.000000,5.000000,87,2,95,0,0,0,9,11,106,1.091954
5257,671,678,680,755,297,0,2,2,3,0.000000,3.000000,67,1,75,0,0,0,7,9,84,1.119403
5258,671,675,677,724,140,0,1,4,4,1.000000,4.000000,41,1,45,1,2,3,4,6,53,1.097561
5259,671,679,687,741,233,2,6,4,3,0.000000,4.000000,45,8,53,0,1,1,8,16,70,1.177778
5260,671,743,746,789,84,0,2,2,4,3.000000,6.000000,29,2,39,1,4,5,72,75,118,1.344828
5261,671,711,713,785,290,0,2,4,3,1.000000,1.000000,60,2,70,0,2,2,40,42,114,1.166667
5262,672,674,680,742,215,0,7,4,4,2.000000,2.000000,53,4,59,0,3,3,2,8,70,1.113208
5263,672,771,771,853,59,0,0,3,-1,-1.000000,-1.000000,73,0,81,0,1,1,99,99,181,1.109589
5264,672,682,682,763,282,0,0,3,-1,-1.000000,-1.000000,74,0,80,0,1,1,10,10,91,1.081081
5265,672,673,679,714,101,2,1,3,3,0.000000,1.000000,28,6,34,0,1,1,1,7,42,1.214286
5266,672,708,722,816,343,4,11,3,3,1.000000,2.000000,89,14,91,0,3,3,36,50,144,1.022472
5267,673,685,731,750,57,2,9,2,4,0.000000,3.000000,18,17,18,1,1,2,12,58,77,1.000000
5268,673,690,691,714,38,0,1,4,4,0.000000,6.000000,23,1,23,0,0,0,17,18,41,1.000000
5269,673,674,680,702,135,0,3,2,3,2.000000,5.000000,17,5,21,1,1,2,1,7,29,1.235294
5270,673,690,690,776,320,0,0,4,-1,-1.000000,-1.000000,73,0,85,0,1,1,17,17,103,1.164384
5271,673,679,685,702,111,0,4,4,4,6.000000,12.000000,17,6,17,0,0,0,6,12,29,1.000000
5272,673,688,690,712,67,0,2,3,4,0.000000,3.000000,19,2,21,0,1,1,15,17,39,1.105263
5273,673,705,708,786,42,0,3,3,2,0.000000,0.000000,67,3,77,0,1,1,32,35,113,1.149254
5274,673,817,820,902,50,0,3,3,4,3.000000,3.000000,76,3,82,0,0,0,144,147,229,1.078947
5275,673,675,678,725,20,0,3,3,4,0.000000,3.000000,42,3,46,0,1,1,2,5,52,1.095238
5276,674,693,696,790,150,0,3,3,2,1.000000,2.000000,58,3,94,0,0,0,19,22,116,1.620690
5277,674,692,693,740,242,0,1,4,4,0.000000,10.000000,37,1,47,0,0,0,18,19,66,1.270270
5278,674,675,675,745,172,0,0,3,-1,-1.000000,-1.000000,60,0,70,0,0,0,1,1,71,1.166667
5279,674,679,687,750,269,0,1,3,3,0.000000,4.000000,56,1,60,0,3,3,5,13,76,1.071429
5280,674,705,705,746,6,0,0,3,-1,-1.000000,-1.000000,39,0,41,0,0,0,31,31,72,1.051282
5281,674,675,676,711,168,0,1,4,4,0.000000,3.000000,31,1,35,0,0,0,1,2,37,1.129032
5282,675,684,686,761,199,0,2,3,3,0.000000,4.000000,69,2,73,0,2,2,9,11,86,1.057971
5283,675,677,684,755,114,0,7,4,3,0.000000,1.000000,64,7,68,0,3,3,2,9,80,1.062500
5284,675,678,685,720,354,0,7,3,3,0.000000,2.000000,28,7,32,0,3,3,3,10,45,1.142857
5285,675,676,677,757,130,0,1,2,2,0.000000,0.000000,74,1,78,0,2,2,1,2,82,1.054054
5286,676,699,700,722,257,0,1,3,3,3.000000,3.000000,18,1,20,0,2,2,23,24,46,1.111111
5287,676,705,717,763,157,0,6,4,3,1.000000,2.000000,46,5,46,0,0,0,29,41,87,1.000000
5288,676,677,690,739,215,2,3,2,4,2.000000,2.000000,43,8,49,1,0,1,1,14,63,1.139535
5289,676,698,699,752,251,0,1,4,4,0.000000,1.000000,43,1,53,0,0,0,22,23,76,1.232558
5290,676,678,726,817,94,1,6,2,4,1.000000,1.000000,79,11,89,1,2,3,2,50,141,1.126582
5291,676,678,682,727,350,0,4,3,3,0.000000,1.000000,41,4,45,0,0,0,2,6,51,1.097561
5292,676,677,678,718,143,0,1,4,4,0.000000,4.000000,36,1,38,0,2,2,1,2,42,1.055556
5293,676,681,706,739,91,2,6,3,3,4.000000,4.000000,29,16,33,0,0,0,5,30,63,1.137931
5294,677,690,711,771,150,0,6,4,3,1.000000,5.000000,51,10,59,0,1,1,13,34,94,1.156863
5295,677,678,678,705,215,0,0,4,-1,-1.000000,-1.000000,24,0,26,0,1,1,1,1,28,1.083333
5296,677,692,692,703,309,0,0,2,-1,-1.000000,-1.000000,11,0,11,0,0,0,15,15,26,1.000000
5297,677,710,744,791,191,2,9,1,3,1.000000,1.000000,44,13,46,0,1,1,33,67,114,1.045455
5298,677,697,715,797,138,1,10,3,4,2.000000,3.000000,74,4,82,0,0,0,20,38,120,1.108108
5299,677,678,685,724,137,0,6,3,3,2.000000,4.000000,30,4,38,1,1,2,1,8,47,1.266667
5300,677,722,762,866,353,0,1,4,4,0.000000,1.000000,104,2,104,0,0,0,45,85,189,1.000000
5301,677,684,685,756,223,0,1,3,3,3.000000,3.000000,53,1,67,0,4,4,7,8,79,1.264151
5302,678,695,695,768,327,0,0,3,-1,-1.000000,-1.000000,65,0,71,0,2,2,17,17,90,1.092308
5303,678,865,868,916,276,0,1,3,3,3.000000,5.000000,43,3,45,0,3,3,187,190,238,1.046512
5304,678,729,731,813,232,0,2,3,3,0.000000,3.000000,78,2,82,0,0,0,51,53,135,1.051282
5305,678,682,705,721,222,2,6,4,2,0.000000,2.000000,13,13,13,0,3,3,4,27,43,1.000000
5306,678,679,684,701,331,0,3,3,2,3.000000,3.000000,17,5,17,0,0,0,1,6,23,1.000000
5307,679,706,728,786,343,6,11,3,3,0.000000,1.000000,56,22,58,0,0,0,27,49,107,1.035714
5308,679,716,728,790,1,0,6,3,4,1.000000,5.000000,54,5,58,0,4,4,37,49,111,1.074074
5309,679,684,692,751,116,0,7,4,4,0.000000,2.000000,52,7,58,1,1,2,5,13,72,1.115385
5310,679,706,712,751,356,0,3,4,4,0.000000,3.000000,37,5,37,1,2,3,27,33,72,1.000000
5311,679,680,685,714,269,0,3,4,4,1.000000,3.000000,27,5,29,0,0,0,1,6,35,1.074074
5312,680,693,694,750,380,0,1,2,2,0.000000,0.000000,48,1,54,0,2,2,13,14,70,1.125000
5313,680,682,689,753,91,0,5,4,4,0.000000,6.000000,54,7,64,0,0,0,2,9,73,1.185185
5314,680,694,696,751,262,0,2,2,4,0.000000,8.000000,52,2,52,0,3,3,14,16,71,1.000000
5315,680,693,694,764,225,0,1,3,3,2.000000,3.000000,65,1,69,0,1,1,13,14,84,1.061538
5316,680,998,998,-1,394,0,0,4,-1,-1.000000,-1.000000,61,0,2,0,0,0,318,318,-1,0.032787
5317,680,764,765,857,282,0,1,2,2,1.000000,1.000000,66,1,82,0,10,10,84,85,177,1.242424
5318,681,690,701,740,364,0,3,4,4,1.000000,5.000000,38,3,38,0,1,1,9,20,59,1.000000
5319,681,691,692,739,305,0,1,3,3,0.000000,3.000000,37,1,47,0,0,0,10,11,58,1.270270
5320,681,684,690,743,268,0,6,3,4,1.000000,6.000000,48,6,50,0,3,3,3,9,62,1.041667
5321,681,689,695,738,242,1,3,2,2,0.000000,8.000000,40,6,42,0,1,1,8,14,57,1.050000
5322,681,682,685,715,206,0,3,3,3,0.000000,0.000000,23,3,29,0,1,1,1,4,34,1.260870
5323,681,717,720,787,40,0,3,2,3,0.000000,3.000000,57,3,67,0,0,0,36,39,106,1.175439
5324,681,682,685,717,362,0,3,4,4,5.000000,6.000000,32,3,32,0,0,0,1,4,36,1.000000
5325,682,685,694,724,142,1,7,3,2,2.000000,2.000000,23,6,29,0,1,1,3,12,42,1.260870
5326,682,712,712,753,178,0,0,4,-1,-1.000000,-1.000000,31,0,37,0,4,4,30,30,71,1.193548
5327,682,706,707,781,47,1,8,2,3,0.000000,2.000000,70,1,74,0,0,0,24,25,99,1.057143
5328,682,725,784,845,263,0,1,3,3,0.000000,0.000000,58,9,60,1,1,2,43,102,163,1.034483
5329,682,686,692,718,58,0,6,4,3,0.000000,5.000000,21,6,25,0,1,1,4,10,36,1.190476
5330,682,685,685,723,129,0,0,4,-1,-1.000000,-1.000000,34,0,36,0,2,2,3,3,41,1.058824
5331,682,683,683,685,295,0,0,4,-1,-1.000000,-1.000000,2,0,2,0,0,0,1,1,3,1.000000
5332,683,687,689,759,123,0,2,4,4,0.000000,6.000000,70,2,70,0,0,0,4,6,76,1.000000
5333,683,811,813,882,307,1,8,3,4,1.000000,4.000000,66,2,68,0,1,1,128,130,199,1.030303
5334,683,684,686,754,209,0,2,3,4,0.000000,7.000000,61,2,67,0,1,1,1,3,71,1.098361
5335,683,688,694,764,127,1,9,3,3,0.000000,4.000000,55,6,67,0,3,3,5,11,81,1.218182
5336,683,686,693,767,110,0,7,2,2,0.000000,1.000000,53,7,73,0,1,1,3,10,84,1.377358
5337,683,711,711,776,36,0,0,3,-1,-1.000000,-1.000000,57,0,61,0,4,4,28,28,93,1.070175
5338,683,687,688,731,184,0,1,3,3,0.000000,0.000000,25,1,43,0,0,0,4,5,48,1.720000
5339,684,688,692,766,264,0,4,4,4,2.000000,2.000000,54,4,72,0,2,2,4,8,82,1.333333
5340,684,693,702,776,204,0,4,3,4,0.000000,5.000000,66,5,72,0,2,2,9,18,92,1.090909
5341,684,689,690,763,90,0,1,4,4,1.000000,4.000000,71,1,73,0,0,0,5,6,79,1.028169
5342,684,791,952,-1,365,1,3,4,3,0.000000,4.000000,56,9,45,0,3,3,107,268,-1,0.803571
5343,684,687,693,801,4,1,3,4,4,0.000000,4.000000,89,4,107,2,1,3,3,9,117,1.202247
5344,684,699,706,747,54,1,5,4,4,0.000000,3.000000,32,7,40,0,1,1,15,22,63,1.250000
5345,684,691,698,719,201,2,2,4,4,4.000000,8.000000,18,7,20,0,1,1,7,14,35,1.111111
5346,685,689,689,735,214,0,0,4,-1,-1.000000,-1.000000,41,0,43,0,3,3,4,4,50,1.048780
5347,685,686,689,736,57,0,3,2,4,0.000000,1.000000,43,3,45,0,2,2,1,4,51,1.046512
5348,685,-1,-1,-1,-1,0,-1,-1,-1,-1.000000,-1.000000,90,0,0,0,0,0,-1,-1,-1,0.000000
5349,685,704,707,768,109,0,3,2,3,1.000000,1.000000,53,3,59,0,2,2,19,22,83,1.113208
5350,685,718,721,761,3,0,3,4,3,0.000000,2.000000,38,3,38,0,2,2,33,36,76,1.000000
5351,685,734,787,828,330,1,6,4,4,1.000000,3.000000,38,15,40,1,1,2,49,102,143,1.052632
5352,685,792,792,834,277,0,0,3,-1,-1.000000,-1.000000,40,0,40,0,2,2,107,107,149,1.000000
5353,686,687,690,768,119,0,3,3,3,1.000000,3.000000,68,3,76,0,2,2,1,4,82,1.117647
5354,686,697,697,755,156,0,0,3,-1,-1.000000,-1.000000,52,0,54,0,4,4,11,11,69,1.038462
5355,686,719,721,767,100,0,2,3,3,0.000000,1.000000,43,2,45,0,1,1,33,35,81,1.046512
5356,686,690,699,764,204,0,7,1,4,0.000000,2.000000,65,3,65,0,0,0,4,13,78,1.000000
5357,686,687,687,726,183,0,0,4,-1,-1.000000,-1.000000,35,0,39,0,0,0,1,1,40,1.114286
5358,686,687,694,730,222,0,4,4,3,4.000000,4.000000,35,6,35,1,1,2,1,8,44,1.000000
5359,686,687,688,717,3,0,1,4,4,1.000000,3.000000,21,1,27,0,2,2,1,2,31,1.285714
5360,686,722,724,754,278,0,2,2,3,2.000000,4.000000,30,2,30,0,0,0,36,38,68,1.000000
5361,686,746,749,788,43,0,3,3,3,1.000000,3.000000,36,3,38,0,1,1,60,63,102,1.055556
5362,686,687,699,715,349,1,1,3,3,3.000000,5.000000,5,10,15,1,1,2,1,13,29,3.000000
5363,686,734,741,818,200,0,4,3,4,0.000000,3.000000,75,6,77,1,0,1,48,55,132,1.026667
5364,686,925,-1,-1,205,0,6,1,3,0.000000,0.000000,77,2,0,0,0,0,239,-1,-1,0.000000
5365,687,712,716,761,306,0,4,3,4,3.000000,5.000000,45,4,45,0,0,0,25,29,74,1.000000
5366,687,688,695,739,120,0,6,1,4,3.000000,4.000000,42,5,44,1,0,1,1,8,52,1.047619
5367,687,690,690,750,216,0,0,3,-1,-1.000000,-1.000000,51,0,59,0,1,1,3,3,63,1.156863
5368,687,729,737,782,287,0,8,3,4,0.000000,4.000000,32,8,44,0,1,1,42,50,95,1.375000
5369,687,858,870,910,215,0,6,2,3,1.000000,8.000000,30,9,38,2,2,4,171,183,223,1.266667
5370,687,696,696,756,252,0,0,3,-1,-1.000000,-1.000000,58,0,60,0,0,0,9,9,69,1.034483
5371,687,856,859,930,250,0,3,1,3,2.000000,2.000000,62,3,70,0,1,1,169,172,243,1.129032
5372,687,689,695,740,262,1,2,4,4,0.000000,6.000000,34,3,44,0,1,1,2,8,53,1.294118
5373,687,857,879,951,350,0,5,4,3,0.000000,4.000000,64,10,70,1,2,3,170,192,264,1.093750
5374,687,698,704,771,148,1,4,2,3,1.000000,4.000000,62,6,66,0,1,1,11,17,84,1.064516
5375,688,689,690,723,127,0,1,4,4,0.000000,4.000000,31,1,33,0,0,0,1,2,35,1.064516
5376,688,736,738,792,136,1,5,4,4,1.000000,4.000000,46,2,54,0,0,0,48,50,104,1.173913
5377,688,700,709,713,148,0,6,4,3,1.000000,4.000000,4,8,4,1,0,1,12,21,25,1.000000
5378,688,695,696,759,201,1,1,3,3,4.000000,5.000000,62,0,62,1,1,2,7,8,71,1.000000
5379,688,689,689,791,41,0,0,2,-1,-1.000000,-1.000000,90,0,100,0,2,2,1,1,103,1.111111
5380,688,703,706,779,279,0,3,3,4,2.000000,4.000000,57,2,71,0,2,2,15,18,91,1.245614
5381,688,689,689,770,315,0,0,3,-1,-1.000000,-1.000000,72,0,78,0,3,3,1,1,82,1.083333
5382,688,714,719,743,39,0,4,4,4,0.000000,5.000000,23,4,23,1,1,2,26,31,55,1.000000
5383,688,690,693,729,132,0,3,3,4,0.000000,3.000000,30,3,34,0,2,2,2,5,41,1.133333
5384,689,723,726,755,17,0,3,3,3,0.000000,3.000000,29,3,29,0,0,0,34,37,66,1.000000
5385,689,698,698,734,170,0,0,3,-1,-1.000000,-1.000000,30,0,34,0,2,2,9,9,45,1.133333
5386,689,715,715,797,38,0,0,3,-1,-1.000000,-1.000000,71,0,81,0,1,1,26,26,108,1.140845
5387,689,702,709,743,314,0,7,2,3,1.000000,2.000000,28,4,32,0,2,2,13,20,54,1.142857
5388,689,741,741,792,267,0,0,4,-1,-1.000000,-1.000000,46,0,48,0,3,3,52,52,103,1.043478
5389,689,690,695,737,44,0,5,3,3,2.000000,4.000000,36,5,40,0,2,2,1,6,48,1.111111
5390,689,690,695,724,334,0,5,3,4,1.000000,4.000000,29,5,29,0,0,0,1,6,35,1.000000
5391,689,697,711,787,229,0,3,3,3,3.000000,3.000000,67,8,73,2,3,5,8,22,98,1.089552
5392,689,694,700,825,253,0,6,4,4,1.000000,3.000000,92,6,124,0,1,1,5,11,136,1.347826
5393,690,691,694,800,352,0,3,4,4,0.000000,0.000000,98,3,104,0,2,2,1,4,110,1.061224
5394,690,691,691,722,283,0,0,3,-1,-1.000000,-1.000000,28,0,30,0,1,1,1,1,32,1.071429
5395,690,700,703,724,324,0,3,4,4,1.000000,4.000000,15,3,17,0,4,4,10,13,34,1.133333
5396,690,719,720,761,78,0,1,3,3,0.000000,4.000000,32,1,40,0,1,1,29,30,71,1.250000
5397,691,692,693,729,364,0,1,4,4,1.000000,4.000000,31,1,35,0,1,1,1,2,38,1.129032
5398,691,693,696,788,198,0,3,3,4,1.000000,3.000000,71,3,91,0,1,1,2,5,97,1.281690
5399,691,699,701,732,30,0,2,3,3,0.000000,1.000000,29,2,31,0,0,0,8,10,41,1.068966
5400,691,715,797,881,191,3,4,4,4,1.000000,5.000000,80,11,84,1,0,1,24,106,190,1.050000
5401,692,712,719,773,311,0,3,3,3,2.000000,2.000000,43,7,49,0,5,5,20,27,81,1.139535
5402,692,706,708,729,302,1,8,4,2,2.000000,2.000000,14,2,20,0,1,1,14,16,37,1.428571
5403,692,702,707,766,397,0,5,3,3,0.000000,7.000000,48,3,56,0,3,3,10,15,74,1.166667
5404,692,748,748,798,191,0,0,3,-1,-1.000000,-1.000000,47,0,49,0,1,1,56,56,106,1.042553
5405,692,693,698,718,78,2,3,4,4,1.000000,8.000000,16,4,18,1,2,3,1,6,26,1.125000
5406,692,706,717,799,383,0,8,3,2,2.000000,3.000000,73,7,81,0,1,1,14,25,107,1.109589
5407,692,700,724,742,72,1,4,3,3,1.000000,5.000000,17,6,17,0,1,1,8,32,50,1.000000
5408,693,736,757,834,272,9,15,2,4,2.000000,3.000000,71,21,75,0,2,2,43,64,141,1.056338
5409,693,723,723,768,25,0,0,2,-1,-1.000000,-1.000000,42,0,44,0,1,1,30,30,75,1.047619
5410,693,732,733,780,98,0,1,3,3,3.000000,3.000000,40,1,46,0,1,1,39,40,87,1.150000
5411,693,696,719,725,224,2,8,3,4,1.000000,1.000000,6,19,6,1,0,1,3,26,32,1.000000
5412,693,702,704,753,55,0,2,2,4,0.000000,2.000000,42,2,48,0,1,1,9,11,60,1.142857
5413,694,702,702,734,273,0,0,4,-1,-1.000000,-1.000000,31,0,31,0,1,1,8,8,40,1.000000
5414,694,706,707,749,274,0,1,4,4,0.000000,2.000000,37,1,41,0,1,1,12,13,55,1.108108
5415,694,705,713,752,81,0,3,3,3,3.000000,3.000000,36,7,36,1,3,4,11,19,58,1.000000
5416,694,758,856,919,294,0,3,4,4,0.000000,4.000000,62,1,62,0,1,1,64,162,225,1.000000
5417,694,700,706,742,319,0,3,2,4,2.000000,3.000000,30,5,36,1,0,1,6,12,48,1.200000
5418,694,701,703,768,23,0,2,3,4,1.000000,2.000000,60,2,64,0,1,1,7,9,74,1.066667
5419,695,696,698,723,345,0,2,4,4,4.000000,6.000000,18,2,22,0,3,3,1,3,28,1.222222
5420,695,721,726,759,261,0,5,4,3,0.000000,3.000000,25,5,31,0,2,2,26,31,64,1.240000
5421,695,704,707,731,274,1,2,4,3,3.000000,4.000000,23,3,23,0,1,1,9,12,36,1.000000
5422,695,696,698,758,28,0,2,3,4,2.000000,2.000000,48,2,60,0,0,0,1,3,63,1.250000
5423,695,750,752,813,142,0,2,4,2,0.000000,4.000000,50,2,60,0,1,1,55,57,118,1.200000
5424,695,710,717,772,88,0,5,4,3,0.000000,8.000000,48,5,52,0,3,3,15,22,77,1.083333
5425,695,725,725,786,169,0,0,3,-1,-1.000000,-1.000000,52,0,60,0,1,1,30,30,91,1.153846
5426,696,793,797,868,257,0,4,4,4,0.000000,2.000000,57,4,67,0,4,4,97,101,172,1.175439
5427,696,700,704,738,388,0,4,4,2,0.000000,3.000000,33,4,33,0,1,1,4,8,42,1.000000
5428,696,738,741,794,44,0,2,3,3,1.000000,2.000000,49,2,53,1,0,1,42,45,98,1.081633
5429,696,699,707,744,317,0,9,3,3,0.000000,5.000000,30,6,34,0,3,3,3,11,48,1.133333
5430,696,697,699,742,365,0,2,4,4,0.000000,6.000000,43,2,43,0,0,0,1,3,46,1.000000
5431,697,698,750,784,5,1,6,4,4,0.000000,2.000000,30,20,32,1,2,3,1,53,87,1.066667
5432,697,698,698,746,190,0,0,4,-1,-1.000000,-1.000000,46,0,48,0,0,0,1,1,49,1.043478
5433,697,701,707,795,314,1,8,4,3,1.000000,1.000000,73,6,83,0,5,5,4,10,98,1.136986
5434,697,699,704,760,258,0,5,2,3,0.000000,1.000000,48,5,54,0,2,2,2,7,63,1.125000
5435,697,707,711,792,276,0,4,3,2,0.000000,1.000000,79,4,81,0,0,0,10,14,95,1.025316
5436,697,698,701,747,34,0,3,4,3,1.000000,2.000000,40,3,44,0,2,2,1,4,50,1.100000
5437,698,711,716,739,302,0,5,4,4,3.000000,9.000000,20,5,22,0,1,1,13,18,41,1.100000
5438,698,807,807,884,153,0,0,2,-1,-1.000000,-1.000000,73,0,75,0,2,2,109,109,186,1.027397
5439,698,812,820,924,307,0,8,3,4,1.000000,4.000000,87,8,103,0,1,1,114,122,226,1.183908
5440,698,705,707,755,341,0,2,4,4,1.000000,4.000000,36,2,48,0,0,0,7,9,57,1.333333
5441,698,702,714,780,175,2,3,3,3,0.000000,2.000000,59,12,63,0,3,3,4,16,82,1.067797
5442,698,699,700,728,5,0,1,3,3,5.000000,5.000000,27,1,27,0,1,1,1,2,30,1.000000
5443,698,781,822,913,98,0,4,3,4,2.000000,4.000000,82,12,90,0,1,1,83,124,215,1.097561
5444,698,752,752,815,196,0,0,3,-1,-1.000000,-1.000000,57,0,61,0,2,2,54,54,117,1.070175
5445,699,705,710,740,395,0,4,3,3,0.000000,2.000000,29,4,29,1,1,2,6,11,41,1.000000
5446,699,700,701,749,357,1,9,3,3,1.000000,3.000000,40,0,48,1,0,1,1,2,50,1.200000
5447,699,-1,-1,-1,-1,0,-1,-1,-1,-1.000000,-1.000000,60,0,0,0,0,0,-1,-1,-1,0.000000
5448,699,700,703,780,138,0,3,3,4,0.000000,3.000000,74,3,76,0,1,1,1,4,81,1.027027
5449,699,700,705,777,346,0,5,3,3,7.000000,7.000000,69,5,71,0,1,1,1,6,78,1.028986
5450,699,700,702,755,317,0,2,3,4,0.000000,5.000000,47,2,51,0,2,2,1,3,56,1.085106
5451,699,730,829,893,136,1,6,4,3,2.000000,2.000000,52,11,62,1,2,3,31,130,194,1.192308
5452,699,705,712,741,82,0,7,1,3,0.000000,1.000000,24,7,28,0,1,1,6,13,42,1.166667
5453,700,723,723,736,7,0,0,4,-1,-1.000000,-1.000000,11,0,13,0,0,0,23,23,36,1.181818
5454,700,710,716,754,369,0,10,4,4,0.000000,5.000000,37,3,37,0,1,1,10,16,54,1.000000
5455,700,724,732,806,162,0,3,3,3,0.000000,4.000000,50,7,72,1,2,3,24,32,106,1.440000
5456,700,737,744,801,171,1,6,4,4,1.000000,1.000000,41,5,55,2,2,4,37,44,101,1.341463
5457,700,703,710,786,54,0,7,3,4,0.000000,1.000000,49,7,75,0,1,1,3,10,86,1.530612
5458,701,712,713,721,299,0,1,2,2,0.000000,2.000000,8,1,8,0,0,0,11,12,20,1.000000
5459,701,704,712,765,309,0,3,4,4,2.000000,4.000000,52,2,52,0,1,1,3,11,64,1.000000
5460,701,711,715,740,71,0,2,3,3,8.000000,8.000000,25,4,25,0,0,0,10,14,39,1.000000
5461,701,702,708,717,72,0,3,4,4,2.000000,6.000000,9,5,9,1,0,1,1,7,16,1.000000
5462,701,702,703,775,56,0,1,3,3,1.000000,3.000000,60,1,70,0,2,2,1,2,74,1.166667
5463,701,710,717,789,280,1,7,3,4,0.000000,5.000000,63,7,69,0,3,3,9,16,88,1.095238
5464,701,711,713,771,83,0,2,2,4,0.000000,4.000000,47,2,57,0,1,1,10,12,70,1.212766
5465,701,899,901,-1,56,0,2,3,4,0.000000,2.000000,86,2,98,0,1,1,198,200,-1,1.139535
5466,702,728,733,827,197,0,2,3,4,3.000000,6.000000,77,4,93,1,1,2,26,31,125,1.207792
5467,702,703,708,741,357,0,5,2,3,2.000000,2.000000,31,5,33,0,0,0,1,6,39,1.064516
5468,702,725,726,734,334,1,4,3,3,0.000000,2.000000,5,1,7,0,1,1,23,24,32,1.400000
5469,702,744,746,829,24,0,2,4,3,0.000000,2.000000,71,2,83,0,0,0,42,44,127,1.169014
5470,702,703,707,723,153,0,4,4,3,4.000000,6.000000,11,4,13,0,3,3,1,5,21,1.181818
5471,703,712,712,746,19,0,0,3,-1,-1.000000,-1.000000,32,0,34,0,0,0,9,9,43,1.062500
5472,703,704,713,742,289,0,8,3,4,2.000000,2.000000,20,8,26,1,3,4,1,10,39,1.300000
5473,703,713,715,735,220,1,6,4,2,0.000000,4.000000,17,2,19,0,1,1,10,12,32,1.117647
5474,703,713,718,785,79,0,5,3,4,2.000000,2.000000,46,5,66,0,1,1,10,15,82,1.434783
5475,703,705,714,759,343,1,8,3,3,0.000000,1.000000,37,9,45,0,0,0,2,11,56,1.216216
5476,704,718,745,824,213,0,8,4,2,1.000000,2.000000,75,10,77,0,2,2,14,41,120,1.026667
5477,704,746,828,878,284,1,17,3,2,0.000000,3.000000,50,14,50,0,0,0,42,124,174,1.000000
5478,704,705,707,742,309,0,2,4,3,0.000000,2.000000,23,2,33,0,2,2,1,3,38,1.434783
5479,704,732,733,777,192,0,1,4,4,0.000000,3.000000,42,1,44,0,0,0,28,29,73,1.047619
5480,704,723,726,786,353,0,3,2,4,1.000000,2.000000,57,3,57,0,3,3,19,22,82,1.000000
5481,704,707,709,775,60,0,2,4,3,3.000000,4.000000,59,2,65,0,1,1,3,5,71,1.101695
5482,704,705,706,769,224,0,1,3,3,0.000000,1.000000,55,1,57,0,6,6,1,2,65,1.036364
5483,704,720,732,772,17,2,11,2,4,1.000000,2.000000,39,12,39,0,1,1,16,28,68,1.000000
5484,704,742,742,768,96,0,0,4,-1,-1.000000,-1.000000,26,0,26,0,0,0,38,38,64,1.000000
5485,705,707,716,764,302,1,8,4,3,0.000000,2.000000,46,9,48,0,0,0,2,11,59,1.043478
5486,705,717,731,740,1,1,5,2,3,3.000000,3.000000,9,10,9,4,0,4,12,26,35,1.000000
5487,705,760,760,825,89,0,0,2,-1,-1.000000,-1.000000,62,0,64,0,1,1,55,55,120,1.032258
5488,705,725,728,762,140,0,3,3,4,2.000000,4.000000,22,3,32,0,2,2,20,23,57,1.454545
5489,705,711,742,808,47,0,11,4,4,0.000000,2.000000,61,1,65,0,1,1,6,37,103,1.065574
5490,705,726,727,742,307,0,1,3,3,0.000000,5.000000,14,1,14,0,1,1,21,22,37,1.000000
5491,705,715,716,738,125,0,1,4,4,2.000000,5.000000,20,1,20,0,2,2,10,11,33,1.000000
5492,705,710,734,772,220,3,9,4,3,1.000000,3.000000,34,10,38,0,0,0,5,29,67,1.117647
5493,705,722,724,773,68,0,2,4,3,0.000000,2.000000,49,2,49,0,0,0,17,19,68,1.000000
5494,705,754,763,816,251,0,5,3,3,1.000000,1.000000,47,7,53,0,0,0,49,58,111,1.127660
5495,705,744,750,785,53,2,9,2,4,0.000000,6.000000,14,6,34,0,1,1,39,45,80,2.428571
5496,706,707,714,810,47,2,7,3,3,0.000000,3.000000,93,7,95,0,1,1,1,8,104,1.021505
5497,706,712,715,742,168,0,3,3,3,0.000000,2.000000,26,3,26,0,1,1,6,9,36,1.000000
5498,706,721,723,784,51,0,2,4,3,0.000000,0.000000,55,2,57,0,4,4,15,17,78,1.036364
5499,706,724,735,808,321,3,10,3,2,0.000000,1.000000,70,10,72,1,1,2,18,29,102,1.028571
5500,706,713,714,735,59,0,1,4,4,0.000000,3.000000,19,1,21,0,0,0,7,8,29,1.105263
5501,706,707,717,796,383,2,7,1,4,1.000000,3.000000,71,9,77,1,2,3,1,11,90,1.084507
5502,707,709,719,733,200,0,8,1,4,0.000000,4.000000,14,7,14,0,0,0,2,12,26,1.000000
5503,707,738,773,823,316,0,7,4,3,0.000000,2.000000,43,15,47,2,3,5,31,66,116,1.093023
5504,708,747,747,842,190,0,0,3,-1,-1.000000,-1.000000,90,0,94,0,1,1,39,39,134,1.044444
5505,708,715,716,763,15,0,1,3,3,2.000000,2.000000,46,1,46,0,1,1,7,8,55,1.000000
5506,709,806,806,834,13,0,0,4,-1,-1.000000,-1.000000,19,0,25,0,3,3,97,97,125,1.315789
5507,709,710,711,778,157,0,1,4,4,1.000000,2.000000,58,1,62,0,5,5,1,2,69,1.068966
5508,709,734,747,820,321,4,5,2,3,0.000000,3.000000,56,13,72,0,1,1,25,38,111,1.285714
5509,709,728,731,797,153,0,3,3,2,5.000000,5.000000,66,3,66,0,0,0,19,22,88,1.000000
5510,709,769,771,808,255,0,2,2,4,0.000000,2.000000,33,2,37,0,0,0,60,62,99,1.121212
5511,709,719,726,786,343,6,5,3,3,0.000000,4.000000,56,6,60,1,0,1,10,17,77,1.071429
5512,709,711,712,787,294,1,3,4,3,0.000000,3.000000,59,1,75,0,0,0,2,3,78,1.271186
5513,710,763,779,851,57,1,7,2,3,0.000000,3.000000,65,15,71,1,1,2,53,69,141,1.092308
5514,710,711,715,771,383,2,9,3,4,0.000000,3.000000,46,4,54,0,2,2,1,5,61,1.173913
5515,710,726,728,792,355,1,3,4,4,2.000000,3.000000,58,2,64,0,0,0,16,18,82,1.103448
5516,710,712,717,740,186,0,5,3,2,3.000000,3.000000,19,5,19,0,4,4,2,7,30,1.000000
5517,710,711,737,778,369,0,9,4,3,2.000000,3.000000,34,12,38,0,3,3,1,27,68,1.117647
5518,710,711,719,746,280,0,8,3,4,4.000000,4.000000,25,8,27,0,0,0,1,9,36,1.080000
5519,710,716,723,765,329,0,4,3,3,1.000000,3.000000,38,6,42,1,0,1,6,13,55,1.105263
5520,710,711,716,732,316,0,4,4,3,2.000000,4.000000,15,4,15,1,1,2,1,6,22,1.000000
5521,710,731,731,808,379,0,0,3,-1,-1.000000,-1.000000,52,0,76,0,1,1,21,21,98,1.461538
5522,710,713,717,770,245,1,6,3,4,0.000000,3.000000,43,3,53,0,0,0,3,7,60,1.232558
5523,711,713,721,789,256,0,6,3,4,2.000000,4.000000,66,8,68,0,0,0,2,10,78,1.030303
5524,711,715,715,749,94,0,0,4,-1,-1.000000,-1.000000,32,0,34,0,0,0,4,4,38,1.062500
5525,711,723,724,752,375,0,1,2,2,2.000000,2.000000,27,1,27,0,1,1,12,13,41,1.000000
5526,711,730,730,802,328,0,0,4,-1,-1.000000,-1.000000,72,0,72,0,0,0,19,19,91,1.000000
5527,711,-1,-1,-1,-1,0,-1,-1,-1,-1.000000,-1.000000,36,0,0,0,0,0,-1,-1,-1,0.000000
5528,711,712,716,799,347,0,4,2,3,1.000000,1.000000,74,4,80,0,3,3,1,5,88,1.081081
5529,711,722,727,760,299,0,5,3,3,0.000000,0.000000,29,5,33,0,0,0,11,16,49,1.137931
5530,711,732,734,771,184,0,2,2,3,0.000000,3.000000,35,2,37,0,0,0,21,23,60,1.057143
5531,711,712,725,773,369,1,4,3,4,0.000000,4.000000,40,11,46,2,2,4,1,14,62,1.150000
5532,712,761,763,781,106,0,2,4,4,4.000000,7.000000,17,2,17,0,1,1,49,51,69,1.000000
5533,712,715,715,759,269,0,0,4,-1,-1.000000,-1.000000,43,0,43,0,1,1,3,3,47,1.000000
5534,712,713,719,759,176,4,5,3,4,0.000000,1.000000,34,6,38,0,2,2,1,7,47,1.117647
5535,712,715,717,780,185,0,2,3,3,1.000000,3.000000,55,2,63,0,0,0,3,5,68,1.145455
5536,712,714,719,747,191,0,4,3,2,1.000000,3.000000,25,1,27,0,1,1,2,7,35,1.080000
5537,713,793,793,864,276,0,0,2,-1,-1.000000,-1.000000,69,0,71,0,0,0,80,80,151,1.028986
5538,713,714,719,757,294,1,4,3,3,2.000000,2.000000,28,5,38,0,0,0,1,6,44,1.357143
5539,713,719,720,747,58,0,1,4,4,2.000000,4.000000,21,1,25,0,2,2,6,7,34,1.190476
5540,713,718,725,790,17,1,4,2,3,2.000000,4.000000,52,6,60,1,5,6,5,12,77,1.153846
5541,713,720,727,752,201,0,7,3,3,0.000000,4.000000,25,7,25,0,0,0,7,14,39,1.000000
5542,713,715,725,770,220,0,5,3,3,0.000000,4.000000,45,9,45,1,0,1,2,12,57,1.000000
5543,713,744,797,847,182,1,3,3,4,0.000000,4.000000,35,13,49,0,1,1,31,84,134,1.400000
5544,714,716,722,757,294,0,6,3,3,0.000000,2.000000,31,6,33,0,2,2,2,8,43,1.064516
5545,714,733,742,792,103,0,2,4,3,1.000000,1.000000,48,6,50,3,0,3,19,28,78,1.041667
5546,714,729,739,824,10,1,6,2,2,0.000000,1.000000,60,10,84,0,1,1,15,25,110,1.400000
5547,714,719,729,770,177,2,2,4,3,3.000000,3.000000,30,10,38,0,3,3,5,15,56,1.266667
5548,714,715,733,753,278,0,6,2,2,2.000000,2.000000,20,8,20,0,0,0,1,19,39,1.000000
5549,714,951,953,-1,193,1,10,1,2,0.000000,0.000000,71,2,47,0,0,0,237,239,-1,0.661972
5550,714,738,743,771,372,1,6,3,3,4.000000,5.000000,24,5,26,0,2,2,24,29,57,1.083333
5551,714,717,720,759,106,0,2,2,3,1.000000,4.000000,35,2,39,1,0,1,3,6,45,1.114286
5552,714,715,724,761,245,0,9,3,4,0.000000,4.000000,32,8,36,0,1,1,1,10,47,1.125000
5553,714,727,734,829,99,1,3,3,4,1.000000,3.000000,88,6,92,1,3,4,13,20,115,1.045455
5554,715,722,725,750,275,0,3,3,3,4.000000,4.000000,24,3,24,0,1,1,7,10,35,1.000000
5555,715,718,721,757,177,0,3,4,4,4.000000,6.000000,28,1,34,0,2,2,3,6,42,1.214286
5556,715,722,728,783,285,1,4,2,3,1.000000,2.000000,43,5,55,1,0,1,7,13,68,1.279070
5557,715,848,851,939,254,0,3,3,4,0.000000,4.000000,86,3,88,0,0,0,133,136,224,1.023256
5558,715,719,721,752,13,0,2,4,3,0.000000,4.000000,25,2,29,0,2,2,4,6,37,1.160000
5559,715,728,730,777,342,0,2,3,4,1.000000,4.000000,40,2,46,0,1,1,13,15,62,1.150000
5560,716,717,725,842,118,0,10,4,4,1.000000,2.000000,102,1,116,0,1,1,1,9,126,1.137255
5561,716,717,722,801,181,0,1,3,3,6.000000,7.000000,74,3,78,2,1,3,1,6,85,1.054054
5562,716,727,730,757,183,0,3,3,4,0.000000,4.000000,24,3,26,0,1,1,11,14,41,1.083333
5563,716,834,834,872,167,0,0,4,-1,-1.000000,-1.000000,34,0,36,0,2,2,118,118,156,1.058824
5564,716,729,735,796,389,0,4,4,4,0.000000,3.000000,52,6,60,0,1,1,13,19,80,1.153846
5565,717,722,733,814,313,0,7,2,4,2.000000,2.000000,68,11,78,0,3,3,5,16,97,1.147059
5566,717,735,736,824,273,0,1,4,4,3.000000,5.000000,81,1,87,0,1,1,18,19,107,1.074074
5567,717,718,720,746,118,0,2,1,4,1.000000,2.000000,23,2,25,0,1,1,1,3,29,1.086957
5568,717,730,733,806,326,0,3,3,4,4.000000,4.000000,62,3,72,0,1,1,13,16,89,1.161290
5569,717,728,757,786,350,1,5,2,3,4.000000,4.000000,23,13,29,0,0,0,11,40,69,1.260870
5570,717,738,747,788,171,0,7,2,4,3.000000,3.000000,33,9,41,0,0,0,21,30,71,1.242424
5571,717,724,725,780,338,0,1,4,4,0.000000,4.000000,45,1,51,0,4,4,7,8,63,1.133333
5572,718,811,811,818,262,0,0,2,-1,-1.000000,-1.000000,7,0,7,0,0,0,93,93,100,1.000000
5573,718,726,726,804,354,0,0,4,-1,-1.000000,-1.000000,77,0,77,0,1,1,8,8,86,1.000000
5574,718,797,820,909,75,1,14,3,4,2.000000,5.000000,87,6,89,1,0,1,79,102,191,1.022989
5575,718,722,728,775,162,2,5,2,2,6.000000,6.000000,47,5,47,1,0,1,4,10,57,1.000000
5576,718,769,771,836,31,0,2,4,4,0.000000,7.000000,57,2,63,0,2,2,51,53,118,1.105263
5577,718,783,785,847,101,0,2,4,3,0.000000,1.000000,58,2,62,0,0,0,65,67,129,1.068966
5578,718,719,730,785,45,2,17,2,4,1.000000,4.000000,53,11,55,0,0,0,1,12,67,1.037736
5579,718,719,726,744,143,0,7,3,4,0.000000,3.000000,16,7,18,0,0,0,1,8,26,1.125000
5580,718,719,734,796,207,0,2,3,4,2.000000,4.000000,52,9,62,0,0,0,1,16,78,1.192308
5581,719,720,725,775,72,0,5,3,4,1.000000,8.000000,48,5,50,0,0,0,1,6,56,1.041667
5582,719,725,728,758,145,2,3,2,3,1.000000,1.000000,29,3,29,0,1,1,6,9,39,1.000000
5583,719,724,726,764,257,0,2,3,3,1.000000,3.000000,38,2,38,0,0,0,5,7,45,1.000000
5584,719,733,746,768,187,0,10,1,3,1.000000,2.000000,20,9,20,1,2,3,14,27,49,1.000000
5585,720,761,763,877,207,0,2,4,3,0.000000,2.000000,94,2,114,0,0,0,41,43,157,1.212766
5586,720,721,723,779,133,0,2,3,4,1.000000,1.000000,53,2,55,0,1,1,1,3,59,1.037736
5587,720,721,735,772,165,1,13,3,4,0.000000,3.000000,29,9,35,1,2,3,1,15,52,1.206897
5588,720,721,722,758,207,0,1,4,4,0.000000,5.000000,32,1,34,0,2,2,1,2,38,1.062500
5589,720,721,724,764,49,0,2,3,4,0.000000,5.000000,39,2,39,1,1,2,1,4,44,1.000000
5590,720,725,726,775,155,0,1,3,3,1.000000,1.000000,47,1,49,0,0,0,5,6,55,1.042553
5591,720,721,738,777,217,1,7,1,4,0.000000,3.000000,39,14,39,3,0,3,1,18,57,1.000000
5592,720,728,738,786,285,2,6,3,3,2.000000,2.000000,37,5,43,1,5,6,8,18,66,1.162162
5593,720,763,774,816,255,1,6,4,3,3.000000,3.000000,40,11,40,0,2,2,43,54,96,1.000000
5594,721,787,790,875,126,0,3,2,2,0.000000,4.000000,57,3,83,0,2,2,66,69,154,1.456140
5595,721,773,774,858,148,0,1,4,4,0.000000,3.000000,83,1,83,0,1,1,52,53,137,1.000000
5596,721,727,770,874,298,0,7,1,4,0.000000,5.000000,84,10,104,0,0,0,6,49,153,1.238095
5597,721,734,738,806,21,0,4,3,3,0.000000,4.000000,57,4,67,0,1,1,13,17,85,1.175439
5598,721,738,743,781,270,0,5,4,2,3.000000,3.000000,32,5,38,0,0,0,17,22,60,1.187500
5599,721,736,743,816,22,0,1,4,4,5.000000,7.000000,65,4,71,0,2,2,15,22,95,1.092308
5600,721,730,767,826,364,0,9,4,4,4.000000,8.000000,59,7,59,1,0,1,9,46,105,1.000000
5601,721,723,725,755,283,0,2,3,4,3.000000,4.000000,24,2,28,0,2,2,2,4,34,1.166667
5602,721,726,729,763,293,0,3,2,3,0.000000,2.000000,28,3,32,0,2,2,5,8,42,1.142857
5603,722,735,738,784,372,1,3,3,4,0.000000,2.000000,42,2,46,1,0,1,13,16,62,1.095238
5604,722,723,732,823,310,0,3,3,4,2.000000,3.000000,78,7,88,2,3,5,1,10,101,1.128205
5605,722,927,971,-1,148,2,6,2,3,1.000000,4.000000,96,8,28,0,1,1,205,249,-1,0.291667
5606,722,725,731,796,393,0,2,4,4,4.000000,5.000000,57,5,63,0,2,2,3,9,74,1.105263
5607,722,740,740,782,330,0,0,4,-1,-1.000000,-1.000000,40,0,42,0,0,0,18,18,60,1.050000
5608,722,723,724,765,257,1,3,4,4,0.000000,2.000000,39,1,41,0,0,0,1,2,43,1.051282
5609,722,723,724,768,1,0,1,4,4,0.000000,6.000000,42,1,44,0,0,0,1,2,46,1.047619
5610,722,728,739,797,393,0,1,4,4,0.000000,8.000000,58,1,58,0,0,0,6,17,75,1.000000
5611,723,724,802,865,288,11,6,3,4,0.000000,5.000000,63,52,63,1,0,1,1,79,142,1.000000
5612,723,738,745,815,394,1,4,2,4,2.000000,5.000000,66,7,70,0,0,0,15,22,92,1.060606
5613,723,776,777,812,60,0,1,3,3,0.000000,2.000000,28,1,34,0,1,1,53,54,89,1.214286
5614,723,724,729,803,342,1,3,2,3,2.000000,2.000000,71,5,71,0,3,3,1,6,80,1.000000
5615,723,856,858,920,265,0,2,3,3,1.000000,1.000000,54,2,62,0,0,0,133,135,197,1.148148
5616,723,743,743,760,307,0,0,3,-1,-1.000000,-1.000000,17,0,17,0,0,0,20,20,37,1.000000
5617,723,857,857,936,275,0,0,2,-1,-1.000000,-1.000000,69,0,79,0,0,0,134,134,213,1.144928
5618,723,724,732,734,165,1,13,3,3,0.000000,1.000000,2,6,2,0,0,0,1,9,11,1.000000
5619,723,725,728,782,131,2,3,3,3,6.000000,6.000000,44,3,52,0,2,2,2,5,59,1.181818
5620,723,724,731,783,219,2,5,3,4,0.000000,5.000000,38,7,52,0,0,0,1,8,60,1.368421
5621,723,957,-1,-1,133,0,2,1,4,4.000000,6.000000,42,2,0,0,0,0,234,-1,-1,0.000000
5622,724,757,757,810,120,0,0,3,-1,-1.000000,-1.000000,34,0,48,0,5,5,33,33,86,1.411765
5623,724,725,725,784,392,0,0,3,-1,-1.000000,-1.000000,54,0,56,0,3,3,1,1,60,1.037037
5624,724,725,743,803,93,0,5,4,4,1.000000,3.000000,48,17,60,1,0,1,1,19,79,1.250000
5625,724,740,760,789,302,5,10,2,4,0.000000,3.000000,29,17,29,2,0,2,16,36,65,1.000000
5626,724,741,751,799,77,0,10,3,3,0.000000,6.000000,28,10,46,0,2,2,17,27,75,1.642857
5627,724,725,728,784,324,0,3,4,4,0.000000,0.000000,52,3,56,0,0,0,1,4,60,1.076923
5628,724,753,755,816,251,1,3,4,4,0.000000,2.000000,59,2,61,0,0,0,29,31,92,1.033898
5629,724,758,765,829,130,0,7,3,2,0.000000,2.000000,54,7,62,0,2,2,34,41,105,1.148148
5630,724,732,732,768,336,0,0,3,-1,-1.000000,-1.000000,31,0,35,0,1,1,8,8,44,1.129032
5631,724,773,815,872,227,2,7,3,4,2.000000,2.000000,49,15,55,0,2,2,49,91,148,1.122449
5632,724,815,824,879,142,1,2,4,4,0.000000,4.000000,48,6,52,1,3,4,91,100,155,1.083333
5633,724,726,729,753,334,0,2,2,4,0.000000,6.000000,17,1,23,0,1,1,2,5,29,1.352941
5634,724,726,729,792,32,0,2,4,4,1.000000,3.000000,57,2,63,1,0,1,2,5,68,1.105263
5635,725,735,744,824,321,0,9,4,4,0.000000,2.000000,72,9,80,0,0,0,10,19,99,1.111111
5636,725,737,737,781,7,0,0,4,-1,-1.000000,-1.000000,40,0,44,0,0,0,12,12,56,1.100000
5637,725,726,728,755,351,0,1,4,4,0.000000,6.000000,18,1,26,1,1,2,1,3,30,1.444444
5638,725,734,734,748,188,0,0,3,-1,-1.000000,-1.000000,13,0,13,0,1,1,9,9,23,1.000000
5639,725,728,734,800,99,0,4,4,4,0.000000,5.000000,60,6,64,0,2,2,3,9,75,1.066667
5640,725,734,738,791,394,1,3,3,4,0.000000,3.000000,47,4,51,0,2,2,9,13,66,1.085106
5641,725,776,778,847,155,0,2,3,3,1.000000,2.000000,62,2,68,0,1,1,51,53,122,1.096774
5642,725,775,775,782,126,0,0,3,-1,-1.000000,-1.000000,7,0,7,0,0,0,50,50,57,1.000000
5643,725,727,746,789,154,0,7,2,3,0.000000,3.000000,36,8,40,1,3,4,2,21,64,1.111111
5644,725,726,727,770,263,0,1,3,3,0.000000,0.000000,32,1,40,0,3,3,1,2,45,1.250000
5645,726,735,779,816,160,0,9,3,4,3.000000,4.000000,34,7,36,2,1,3,9,53,90,1.058824
5646,726,727,731,823,45,0,4,4,3,0.000000,0.000000,87,4,91,0,1,1,1,5,97,1.045977
5647,726,727,729,777,334,0,2,4,4,0.000000,3.000000,41,2,47,0,1,1,1,3,51,1.146341
5648,726,727,729,770,127,0,2,2,3,1.000000,1.000000,36,2,40,0,1,1,1,3,44,1.111111
5649,726,752,754,779,271,0,2,4,3,0.000000,3.000000,25,2,25,0,0,0,26,28,53,1.000000
5650,726,727,734,763,321,1,9,2,4,0.000000,1.000000,26,7,28,0,1,1,1,8,37,1.076923
5651,726,765,765,816,50,0,0,2,-1,-1.000000,-1.000000,45,0,51,0,0,0,39,39,90,1.133333
5652,727,729,732,811,259,0,3,3,3,2.000000,2.000000,70,3,78,0,1,1,2,5,84,1.114286
5653,727,740,741,756,120,0,1,3,3,0.000000,5.000000,15,1,15,0,0,0,13,14,29,1.000000
5654,727,738,738,756,337,0,0,4,-1,-1.000000,-1.000000,16,0,16,0,2,2,11,11,29,1.000000
5655,727,728,736,824,0,1,14,2,4,1.000000,2.000000,84,8,88,0,0,0,1,9,97,1.047619
5656,727,728,752,772,158,4,18,2,4,1.000000,3.000000,16,24,20,0,0,0,1,25,45,1.250000
5657,727,737,751,764,57,1,2,4,4,0.000000,4.000000,13,5,13,4,0,4,10,24,37,1.000000
5658,727,925,937,-1,37,1,8,3,3,6.000000,6.000000,67,11,61,1,2,3,198,210,-1,0.910448
5659,728,735,740,783,170,0,2,3,4,2.000000,5.000000,40,4,42,1,1,2,7,12,55,1.050000
5660,728,751,751,777,275,0,0,3,-1,-1.000000,-1.000000,24,0,26,0,0,0,23,23,49,1.083333
5661,728,729,738,771,355,0,7,2,4,0.000000,4.000000,30,9,32,0,1,1,1,10,43,1.066667
5662,728,740,742,757,62,0,1,3,3,0.000000,1.000000,13,1,15,1,0,1,12,14,29,1.153846
5663,728,729,734,771,298,0,5,2,4,0.000000,6.000000,37,4,37,0,0,0,1,6,43,1.000000
5664,728,729,734,792,158,0,5,2,3,0.000000,1.000000,56,5,56,0,2,2,1,6,64,1.000000
5665,728,735,771,816,396,0,10,3,3,1.000000,1.000000,34,8,44,1,1,2,7,43,88,1.294118
5666,728,740,756,825,272,5,12,3,3,4.000000,4.000000,58,15,68,0,1,1,12,28,97,1.172414
5667,728,741,749,791,301,3,8,1,3,0.000000,6.000000,40,8,42,0,0,0,13,21,63,1.050000
5668,729,730,770,832,298,1,4,2,3,0.000000,2.000000,44,6,58,0,4,4,1,41,103,1.318182
5669,729,730,811,852,48,2,4,4,3,3.000000,4.000000,41,17,41,3,0,3,1,82,123,1.000000
5670,729,-1,-1,-1,-1,0,-1,-1,-1,-1.000000,-1.000000,94,0,0,0,0,0,-1,-1,-1,0.000000
5671,729,731,737,813,222,1,10,4,3,0.000000,1.000000,70,6,76,0,0,0,2,8,84,1.085714
5672,729,754,754,808,194,0,0,3,-1,-1.000000,-1.000000,48,0,54,0,0,0,25,25,79,1.125000
5673,729,735,741,779,151,0,6,3,4,0.000000,3.000000,31,6,37,0,1,1,6,12,50,1.193548
5674,729,751,758,785,104,0,7,3,3,0.000000,4.000000,25,7,27,0,0,0,22,29,56,1.080000
5675,729,938,961,-1,158,0,3,3,4,1.000000,4.000000,55,2,37,0,2,2,209,232,-1,0.672727
5676,730,746,749,790,182,0,1,4,4,2.000000,4.000000,41,3,41,0,0,0,16,19,60,1.000000
5677,730,737,804,870,85,6,4,4,3,0.000000,2.000000,63,32,65,0,1,1,7,74,140,1.031746
5678,730,735,735,791,132,0,0,4,-1,-1.000000,-1.000000,56,0,56,0,0,0,5,5,61,1.000000
5679,730,732,741,808,350,0,4,4,4,1.000000,8.000000,53,4,63,0,4,4,2,11,78,1.188679
5680,731,784,784,837,219,0,0,4,-1,-1.000000,-1.000000,49,0,53,0,0,0,53,53,106,1.081633
5681,731,768,773,844,249,0,5,3,4,2.000000,3.000000,70,5,70,0,1,1,37,42,113,1.000000
5682,731,732,732,814,213,0,0,4,-1,-1.000000,-1.000000,75,0,81,0,1,1,1,1,83,1.080000
5683,731,732,733,746,48,0,1,3,3,3.000000,3.000000,12,1,12,0,1,1,1,2,15,1.000000
5684,731,732,737,817,97,0,5,3,4,0.000000,2.000000,68,5,80,0,0,0,1,6,86,1.176471
5685,731,739,755,818,272,9,13,4,4,4.000000,5.000000,47,16,61,0,2,2,8,24,87,1.297872
5686,732,733,741,781,154,0,3,2,4,1.000000,5.000000,40,7,40,1,0,1,1,9,49,1.000000
5687,732,968,980,-1,60,0,10,3,3,0.000000,1.000000,65,12,20,0,0,0,236,248,-1,0.307692
5688,732,741,785,852,398,2,8,3,2,1.000000,1.000000,56,18,62,1,5,6,9,53,120,1.107143
5689,732,743,771,807,63,0,7,3,4,0.000000,6.000000,35,2,35,0,1,1,11,39,75,1.000000
5690,732,759,761,799,145,0,2,3,4,4.000000,6.000000,37,2,37,0,1,1,27,29,67,1.000000
5691,732,760,761,854,123,0,1,3,3,0.000000,0.000000,83,1,91,0,2,2,28,29,122,1.096386
5692,733,811,821,894,124,2,8,4,3,0.000000,3.000000,56,8,70,2,3,5,78,88,161,1.250000
5693,733,924,924,975,161,0,0,4,-1,-1.000000,-1.000000,51,0,51,0,0,0,191,191,242,1.000000
5694,733,751,802,856,179,0,14,2,3,0.000000,4.000000,51,4,53,0,1,1,18,69,123,1.039216
5695,733,744,750,794,63,1,6,4,3,0.000000,4.000000,43,5,43,1,1,2,11,17,61,1.000000
5696,733,744,744,788,268,0,0,4,-1,-1.000000,-1.000000,41,0,43,0,1,1,11,11,55,1.048780
5697,734,738,738,823,80,0,0,4,-1,-1.000000,-1.000000,74,0,84,0,1,1,4,4,89,1.135135
5698,734,735,736,790,350,0,1,3,3,0.000000,9.000000,44,1,52,0,2,2,1,2,56,1.181818
5699,734,741,742,811,323,0,1,2,2,0.000000,3.000000,62,1,66,0,3,3,7,8,77,1.064516
5700,734,744,749,780,173,0,5,2,4,0.000000,3.000000,30,3,30,0,1,1,10,15,46,1.000000
5701,734,741,745,832,239,0,4,4,3,0.000000,7.000000,79,4,83,0,4,4,7,11,98,1.050633
5702,734,859,860,938,372,0,1,3,3,0.000000,2.000000,74,1,76,0,2,2,125,126,204,1.027027
5703,734,735,747,762,359,2,7,3,4,0.000000,2.000000,11,12,13,0,2,2,1,13,28,1.181818
5704,734,759,761,793,183,1,4,4,4,1.000000,8.000000,28,2,30,0,2,2,25,27,59,1.071429
5705,734,742,746,768,233,0,3,3,4,0.000000,4.000000,19,3,21,1,1,2,8,12,34,1.105263
5706,735,759,765,812,28,0,6,4,3,0.000000,4.000000,43,6,45,0,2,2,24,30,77,1.046512
5707,735,770,770,831,224,0,0,3,-1,-1.000000,-1.000000,54,0,60,0,1,1,35,35,96,1.111111
5708,735,740,777,814,160,1,5,4,2,1.000000,6.000000,31,4,35,1,2,3,5,42,79,1.129032
5709,735,736,740,810,396,1,3,4,3,1.000000,2.000000,66,4,70,0,0,0,1,5,75,1.060606
5710,735,738,738,762,57,0,0,4,-1,-1.000000,-1.000000,24,0,24,0,0,0,3,3,27,1.000000
5711,735,744,758,862,359,2,2,4,4,1.000000,2.000000,91,7,103,0,1,1,9,23,127,1.131868
5712,736,740,742,789,314,0,2,4,4,2.000000,2.000000,41,2,45,0,2,2,4,6,53,1.097561
5713,736,760,769,780,247,0,4,2,3,0.000000,5.000000,10,8,10,1,1,2,24,33,44,1.000000
5714,736,737,737,774,340,0,0,3,-1,-1.000000,-1.000000,30,0,36,0,1,1,1,1,38,1.200000
5715,736,762,762,827,78,0,0,2,-1,-1.000000,-1.000000,46,0,62,0,3,3,26,26,91,1.347826
5716,736,737,737,810,187,0,0,2,-1,-1.000000,-1.000000,66,0,72,0,1,1,1,1,74,1.090909
5717,737,802,802,855,168,0,0,4,-1,-1.000000,-1.000000,50,0,52,0,1,1,65,65,118,1.040000
5718,737,738,741,796,85,0,3,4,4,1.000000,2.000000,51,3,55,0,0,0,1,4,59,1.078431
5719,737,931,950,-1,68,0,4,4,3,0.000000,3.000000,75,3,49,0,1,1,194,213,-1,0.653333
5720,737,739,740,836,202,0,1,3,3,1.000000,2.000000,92,1,96,0,0,0,2,3,99,1.043478
5721,737,767,770,824,322,0,3,4,3,4.000000,5.000000,53,3,53,0,1,1,30,33,87,1.000000
5722,737,761,769,808,19,0,5,2,4,0.000000,5.000000,39,7,39,1,0,1,24,32,71,1.000000
5723,737,738,745,787,364,0,6,4,4,4.000000,10.000000,41,3,41,1,1,2,1,8,50,1.000000
5724,737,762,763,825,306,0,1,2,2,0.000000,4.000000,42,1,60,0,2,2,25,26,88,1.428571
5725,737,755,757,774,26,0,2,4,3,0.000000,1.000000,15,2,17,0,0,0,18,20,37,1.133333
5726,737,739,747,798,364,1,3,4,4,5.000000,9.000000,41,7,49,1,2,3,2,10,61,1.195122
5727,738,739,753,793,396,2,16,3,4,0.000000,2.000000,38,13,40,0,0,0,1,15,55,1.052632
5728,738,756,757,798,283,0,1,4,4,0.000000,4.000000,38,1,40,0,1,1,18,19,60,1.052632
5729,738,765,768,794,114,0,1,2,2,0.000000,4.000000,23,3,25,0,1,1,27,30,56,1.086957
5730,738,739,754,785,316,3,6,4,4,0.000000,5.000000,28,15,30,0,1,1,1,16,47,1.071429
5731,738,740,741,789,363,0,1,4,4,0.000000,4.000000,48,1,48,0,0,0,2,3,51,1.000000
5732,739,745,762,840,182,1,1,3,3,0.000000,3.000000,62,3,74,1,4,5,6,23,101,1.193548
5733,739,740,745,818,105,1,3,3,3,4.000000,5.000000,59,5,71,0,2,2,1,6,79,1.203390
5734,739,740,766,772,396,6,16,4,3,0.000000,0.000000,4,26,6,0,0,0,1,27,33,1.500000
5735,739,747,747,806,280,0,0,3,-1,-1.000000,-1.000000,55,0,59,0,0,0,8,8,67,1.072727
5736,739,740,744,770,59,0,4,4,2,0.000000,1.000000,24,4,26,0,0,0,1,5,31,1.083333
5737,739,915,915,994,216,0,0,2,-1,-1.000000,-1.000000,64,0,78,0,1,1,176,176,255,1.218750
5738,739,752,752,814,116,0,0,3,-1,-1.000000,-1.000000,51,0,61,0,1,1,13,13,75,1.196078
5739,739,777,899,962,227,0,7,3,4,2.000000,6.000000,54,4,60,0,3,3,38,160,223,1.111111
5740,739,751,753,775,271,1,1,2,2,2.000000,2.000000,20,2,22,0,0,0,12,14,36,1.100000
5741,739,746,750,811,172,0,4,2,3,1.000000,1.000000,47,4,55,0,6,6,7,11,72,1.170213
5742,739,748,749,762,34,0,1,2,2,0.000000,5.000000,6,1,12,0,1,1,9,10,23,2.000000
5743,739,740,753,794,226,5,9,4,4,5.000000,10.000000,37,12,39,1,2,3,1,14,55,1.054054
5744,739,740,745,769,214,1,4,2,4,0.000000,3.000000,19,4,21,0,3,3,1,6,30,1.105263
5745,740,741,784,807,160,0,3,3,3,1.000000,6.000000,20,2,22,1,1,2,1,44,67,1.100000
5746,740,741,748,823,16,3,5,2,3,0.000000,2.000000,69,7,75,0,0,0,1,8,83,1.086957
5747,740,866,869,938,211,0,3,3,3,1.000000,4.000000,61,3,65,0,4,4,126,129,198,1.065574
5748,740,756,757,813,156,0,1,3,3,1.000000,2.000000,53,1,55,0,1,1,16,17,73,1.037736
5749,740,783,785,833,287,0,2,2,4,0.000000,5.000000,45,2,45,0,3,3,43,45,93,1.000000
5750,740,741,746,752,186,0,5,3,3,2.000000,2.000000,6,5,6,0,0,0,1,6,12,1.000000
5751,740,741,761,835,11,6,4,3,3,0.000000,1.000000,68,19,72,1,2,3,1,21,95,1.058824
5752,740,741,745,774,126,0,4,3,2,1.000000,1.000000,27,4,29,0,0,0,1,5,34,1.074074
5753,740,752,759,817,356,0,7,4,4,0.000000,1.000000,45,7,57,0,1,1,12,19,77,1.266667
5754,740,741,747,771,226,0,5,2,2,1.000000,2.000000,23,5,23,1,1,2,1,7,31,1.000000
5755,740,756,757,772,341,0,1,3,3,3.000000,4.000000,14,1,14,0,1,1,16,17,32,1.000000
5756,740,758,760,819,183,1,4,4,4,3.000000,4.000000,57,2,59,0,0,0,18,20,79,1.035088
5757,741,782,786,853,98,2,4,3,4,0.000000,1.000000,65,4,67,0,0,0,41,45,112,1.030769
5758,741,742,745,766,322,0,3,4,3,1.000000,4.000000,21,3,21,0,0,0,1,4,25,1.000000
5759,741,751,756,783,216,0,5,2,3,2.000000,2.000000,22,5,26,0,1,1,10,15,42,1.181818
5760,741,742,745,827,160,0,3,4,3,4.000000,5.000000,77,3,81,0,1,1,1,4,86,1.051948
5761,741,768,776,875,397,0,4,3,3,0.000000,1.000000,84,6,98,0,1,1,27,35,134,1.166667
5762,741,742,753,784,179,2,6,2,3,0.000000,2.000000,22,11,30,0,1,1,1,12,43,1.363636
5763,741,757,759,832,337,0,2,3,2,3.000000,3.000000,71,2,71,0,2,2,16,18,91,1.000000
5764,741,742,742,793,316,0,0,4,-1,-1.000000,-1.000000,44,0,50,0,1,1,1,1,52,1.136364
5765,741,742,745,773,16,0,3,3,4,0.000000,3.000000,26,3,28,0,0,0,1,4,32,1.076923
5766,741,742,744,826,357,0,2,4,3,0.000000,5.000000,64,2,82,0,0,0,1,3,85,1.281250
5767,742,857,860,900,65,0,3,4,4,3.000000,4.000000,34,3,36,0,4,4,115,118,158,1.058824
5768,742,943,-1,-1,235,0,1,4,4,5.000000,9.000000,39,2,0,0,0,0,201,-1,-1,0.000000
5769,742,908,909,982,24,0,1,2,2,0.000000,0.000000,59,1,73,0,0,0,166,167,240,1.237288
5770,742,743,749,758,105,0,2,2,3,4.000000,4.000000,9,6,9,0,0,0,1,7,16,1.000000
5771,742,743,752,781,319,1,8,4,2,0.000000,0.000000,20,9,28,0,1,1,1,10,39,1.400000
5772,742,743,750,782,289,1,4,3,3,0.000000,5.000000,28,6,32,0,0,0,1,8,40,1.142857
5773,742,772,779,819,298,0,4,3,4,2.000000,4.000000,35,6,39,1,1,2,30,37,77,1.114286
5774,742,766,766,858,35,0,0,3,-1,-1.000000,-1.000000,85,0,89,0,3,3,24,24,116,1.047059
5775,742,769,771,832,76,0,2,3,3,0.000000,1.000000,55,2,59,0,2,2,27,29,90,1.072727
5776,742,743,748,801,53,0,12,4,3,2.000000,4.000000,52,4,52,0,1,1,1,6,59,1.000000
5777,743,769,776,832,348,0,7,2,4,0.000000,5.000000,42,7,50,0,6,6,26,33,89,1.190476
5778,743,753,756,791,277,0,3,3,3,5.000000,6.000000,35,3,35,0,0,0,10,13,48,1.000000
5779,743,753,758,795,201,0,3,3,4,4.000000,5.000000,36,5,36,0,1,1,10,15,52,1.000000
5780,743,744,747,807,309,0,3,3,3,0.000000,1.000000,50,3,60,0,0,0,1,4,64,1.200000
5781,743,750,915,964,274,0,11,3,4,0.000000,3.000000,42,6,48,0,1,1,7,172,221,1.142857
5782,743,819,867,943,262,0,5,4,3,0.000000,3.000000,76,5,76,0,0,0,76,124,200,1.000000
5783,744,751,772,784,196,0,3,4,3,0.000000,6.000000,11,4,11,0,1,1,7,28,40,1.000000
5784,744,747,761,817,396,2,13,3,3,0.000000,3.000000,51,10,55,0,1,1,3,17,73,1.078431
5785,745,747,749,772,238,0,2,4,3,0.000000,3.000000,21,2,23,0,0,0,2,4,27,1.095238
5786,745,804,807,859,362,0,3,2,2,0.000000,3.000000,46,3,52,0,0,0,59,62,114,1.130435
5787,745,774,775,782,127,1,10,1,4,0.000000,2.000000,7,1,7,0,0,0,29,30,37,1.000000
5788,745,746,749,805,11,0,26,4,3,2.000000,3.000000,47,2,53,0,3,3,1,4,60,1.127660
5789,745,822,824,904,262,0,2,2,3,0.000000,0.000000,71,2,79,0,1,1,77,79,159,1.112676
5790,746,759,761,771,207,1,6,3,3,0.000000,3.000000,8,2,10,0,0,0,13,15,25,1.250000
5791,746,747,758,776,63,0,7,4,4,2.000000,8.000000,16,9,16,2,2,4,1,12,30,1.000000
5792,746,758,759,832,62,0,1,4,4,0.000000,2.000000,71,1,73,0,0,0,12,13,86,1.028169
5793,746,747,751,799,6,0,4,3,4,5.000000,6.000000,44,4,48,0,0,0,1,5,53,1.090909
5794,746,747,747,759,247,0,0,4,-1,-1.000000,-1.000000,12,0,12,0,0,0,1,1,13,1.000000
5795,746,747,748,797,372,0,1,2,2,0.000000,3.000000,39,1,49,0,0,0,1,2,51,1.256410
5796,746,747,749,787,118,0,2,2,4,2.000000,2.000000,33,2,35,0,3,3,1,3,41,1.060606
5797,747,769,770,832,339,0,1,4,4,0.000000,3.000000,60,1,62,0,0,0,22,23,85,1.033333
5798,747,758,769,790,31,1,5,3,2,4.000000,4.000000,21,7,21,2,0,2,11,22,43,1.000000
5799,747,761,770,801,183,0,4,4,3,0.000000,5.000000,28,8,30,1,1,2,14,23,54,1.071429
5800,747,748,753,821,82,1,2,4,3,4.000000,4.000000,49,4,65,1,3,4,1,6,74,1.326531
5801,747,748,754,903,312,0,6,3,3,0.000000,2.000000,116,6,148,0,1,1,1,7,156,1.275862
5802,748,764,764,825,15,0,0,4,-1,-1.000000,-1.000000,51,0,61,0,0,0,16,16,77,1.196078
5803,748,749,756,861,367,0,6,2,4,0.000000,1.000000,103,6,105,1,0,1,1,8,113,1.019417
5804,748,771,774,818,281,0,3,3,2,2.000000,5.000000,41,3,43,0,1,1,23,26,70,1.048780
5805,748,750,766,805,18,4,8,3,4,0.000000,5.000000,32,15,36,1,3,4,2,18,57,1.125000
5806,748,756,760,801,351,0,2,3,4,2.000000,3.000000,37,4,41,0,0,0,8,12,53,1.108108
5807,749,750,755,815,319,0,5,4,4,0.000000,2.000000,47,5,59,0,1,1,1,6,66,1.255319
5808,749,756,756,815,17,0,0,4,-1,-1.000000,-1.000000,53,0,57,0,2,2,7,7,66,1.075472
5809,749,940,943,-1,166,0,3,4,4,0.000000,4.000000,76,3,54,0,3,3,191,194,-1,0.710526
5810,749,750,758,812,58,2,5,4,4,2.000000,3.000000,48,8,52,0,2,2,1,9,63,1.083333
5811,749,754,785,862,345,0,6,4,2,4.000000,4.000000,70,10,76,0,1,1,5,36,113,1.085714
5812,750,751,755,814,242,1,7,2,2,3.000000,3.000000,58,4,58,0,1,1,1,5,64,1.000000
5813,750,753,757,811,81,0,4,2,3,2.000000,2.000000,42,4,50,0,4,4,3,7,61,1.190476
5814,750,757,757,846,223,0,0,3,-1,-1.000000,-1.000000,79,0,89,0,0,0,7,7,96,1.126582
5815,750,754,756,786,55,0,2,3,4,0.000000,4.000000,30,2,30,0,0,0,4,6,36,1.000000
5816,750,751,758,824,18,1,3,4,4,0.000000,4.000000,63,6,65,1,1,2,1,8,74,1.031746
5817,750,760,762,798,176,0,2,4,4,5.000000,5.000000,34,2,36,0,0,0,10,12,48,1.058824
5818,750,816,830,909,60,0,3,3,3,0.000000,2.000000,79,5,79,0,0,0,66,80,159,1.000000
5819,750,751,767,821,274,0,9,3,4,0.000000,2.000000,39,10,53,2,1,3,1,17,71,1.358974
5820,751,772,782,881,148,1,2,2,4,0.000000,3.000000,71,4,87,1,12,13,21,31,130,1.225352
5821,751,755,766,794,209,0,10,3,3,0.000000,2.000000,23,2,27,0,1,1,4,15,43,1.173913
5822,751,752,759,816,53,0,5,4,3,0.000000,5.000000,50,1,56,0,1,1,1,8,65,1.120000
5823,751,752,763,788,284,2,9,4,3,2.000000,2.000000,24,11,24,0,1,1,1,12,37,1.000000
5824,752,753,756,833,186,0,2,4,4,1.000000,4.000000,71,2,75,1,2,3,1,4,81,1.056338
5825,752,756,758,764,114,0,2,3,3,0.000000,2.000000,6,2,6,0,0,0,4,6,12,1.000000
5826,752,753,754,798,58,0,1,3,3,0.000000,1.000000,44,1,44,0,0,0,1,2,46,1.000000
5827,752,753,761,793,11,2,5,4,4,2.000000,4.000000,31,7,31,1,1,2,1,9,41,1.000000
5828,752,772,791,853,184,1,8,1,4,2.000000,4.000000,60,9,62,0,0,0,20,39,101,1.033333
5829,752,753,754,837,53,0,1,3,3,3.000000,4.000000,81,1,83,0,0,0,1,2,85,1.024691
5830,752,856,874,907,275,0,5,3,2,2.000000,2.000000,30,4,32,0,1,1,104,122,155,1.066667
5831,752,772,782,810,355,1,4,3,3,2.000000,4.000000,27,9,27,1,1,2,20,30,58,1.000000
5832,753,754,760,796,265,1,5,4,3,6.000000,6.000000,34,4,34,0,2,2,1,7,43,1.000000
5833,753,764,764,809,90,0,0,3,-1,-1.000000,-1.000000,42,0,44,0,1,1,11,11,56,1.047619
5834,753,754,758,778,18,0,2,3,4,3.000000,5.000000,19,4,19,0,1,1,1,5,25,1.000000
5835,753,754,767,812,396,4,4,2,3,0.000000,4.000000,42,12,44,1,1,2,1,14,59,1.047619
5836,753,781,783,823,338,0,2,3,4,2.000000,4.000000,33,2,39,0,1,1,28,30,70,1.181818
5837,753,756,756,833,317,0,0,4,-1,-1.000000,-1.000000,75,0,77,0,0,0,3,3,80,1.026667
5838,753,760,788,850,106,1,2,3,3,5.000000,6.000000,55,2,61,0,1,1,7,35,97,1.109091
5839,754,842,864,898,159,0,3,3,4,3.000000,5.000000,23,6,31,0,3,3,88,110,144,1.347826
5840,754,755,756,807,274,0,1,4,4,0.000000,4.000000,47,1,49,0,2,2,1,2,53,1.042553
5841,754,767,776,867,66,0,9,3,3,5.000000,5.000000,77,9,91,0,0,0,13,22,113,1.181818
5842,754,771,-1,-1,95,0,2,3,4,4.000000,5.000000,26,3,0,0,0,0,17,-1,-1,0.000000
5843,755,756,776,824,91,1,9,3,4,0.000000,3.000000,41,11,45,1,3,4,1,21,69,1.097561
5844,755,765,766,807,289,0,1,3,3,1.000000,3.000000,40,1,40,0,1,1,10,11,52,1.000000
5845,755,756,757,863,291,0,1,4,4,2.000000,2.000000,102,1,106,0,0,0,1,2,108,1.039216
5846,755,802,813,860,44,2,6,2,4,0.000000,5.000000,45,9,47,1,0,1,47,58,105,1.044444
5847,755,759,768,815,335,0,4,3,4,1.000000,2.000000,41,8,47,1,0,1,4,13,60,1.146341
5848,755,776,786,808,355,1,10,2,2,3.000000,3.000000,19,10,21,0,1,1,21,31,53,1.105263
5849,755,756,757,793,251,0,1,3,3,0.000000,2.000000,32,1,34,0,2,2,1,2,38,1.062500
5850,755,756,763,807,209,0,7,1,4,0.000000,2.000000,36,7,44,0,0,0,1,8,52,1.222222
5851,755,775,778,860,340,1,3,3,4,0.000000,4.000000,73,3,81,0,1,1,20,23,105,1.109589
5852,756,777,787,855,36,0,9,2,3,2.000000,2.000000,64,1,68,0,0,0,21,31,99,1.062500
5853,756,760,760,822,261,0,0,3,-1,-1.000000,-1.000000,54,0,62,0,0,0,4,4,66,1.148148
5854,756,757,758,784,94,0,1,4,4,0.000000,5.000000,22,1,24,0,2,2,1,2,28,1.090909
5855,756,757,763,783,385,0,6,3,3,0.000000,6.000000,20,5,20,0,0,0,1,7,27,1.000000
5856,756,768,778,820,115,0,6,4,3,0.000000,6.000000,41,8,41,2,1,3,12,22,64,1.000000
5857,757,758,761,789,179,0,3,4,4,0.000000,1.000000,26,3,28,0,0,0,1,4,32,1.076923
5858,757,771,772,853,315,0,1,3,3,0.000000,3.000000,67,1,81,0,0,0,14,15,96,1.208955
5859,757,769,773,861,327,0,4,1,4,1.000000,3.000000,75,4,87,0,1,1,12,16,104,1.160000
5860,757,758,767,810,161,3,5,3,3,2.000000,2.000000,43,9,43,0,0,0,1,10,53,1.000000
5861,757,760,760,806,64,0,0,4,-1,-1.000000,-1.000000,40,0,46,0,0,0,3,3,49,1.150000
5862,757,766,772,841,382,0,6,2,4,0.000000,3.000000,65,5,67,0,2,2,9,15,84,1.030769
5863,757,810,814,869,307,1,5,3,4,0.000000,1.000000,39,3,53,1,2,3,53,57,112,1.358974
5864,758,897,897,951,391,0,0,4,-1,-1.000000,-1.000000,46,0,52,0,2,2,139,139,193,1.130435
5865,758,759,762,788,161,0,3,4,3,0.000000,1.000000,19,3,23,0,3,3,1,4,30,1.210526
5866,758,786,787,855,275,0,1,4,4,0.000000,4.000000,61,1,65,0,3,3,28,29,97,1.065574
5867,758,760,761,782,19,1,6,2,3,0.000000,3.000000,18,1,20,0,1,1,2,3,24,1.111111
5868,758,759,780,837,385,0,3,3,3,1.000000,6.000000,54,5,56,1,1,2,1,22,79,1.037037
5869,758,860,860,901,234,0,0,3,-1,-1.000000,-1.000000,35,0,39,0,2,2,102,102,143,1.114286
5870,758,786,793,813,51,1,19,3,3,0.000000,1.000000,20,7,20,0,0,0,28,35,55,1.000000
5871,758,783,788,798,311,0,5,3,3,0.000000,1.000000,10,5,10,0,0,0,25,30,40,1.000000
5872,759,764,769,797,129,0,2,4,3,3.000000,3.000000,26,4,26,1,2,3,5,10,38,1.000000
5873,759,784,784,805,216,0,0,2,-1,-1.000000,-1.000000,17,0,21,0,0,0,25,25,46,1.235294
5874,759,881,881,968,381,0,0,2,-1,-1.000000,-1.000000,83,0,85,0,2,2,122,122,209,1.024096
5875,759,773,776,787,165,0,3,3,3,1.000000,4.000000,7,3,11,0,0,0,14,17,28,1.571429
5876,759,760,771,811,31,1,4,3,4,0.000000,2.000000,33,8,37,3,3,6,1,12,52,1.121212
5877,759,760,782,872,260,1,11,4,4,1.000000,2.000000,70,12,88,0,2,2,1,23,113,1.257143
5878,759,763,765,810,163,0,2,3,3,0.000000,4.000000,41,2,45,0,0,0,4,6,51,1.097561
5879,759,761,768,782,258,0,5,3,4,2.000000,5.000000,12,7,14,0,0,0,2,9,23,1.166667
5880,759,760,768,815,345,0,5,3,3,3.000000,3.000000,39,7,45,1,2,3,1,9,56,1.153846
5881,760,765,803,868,382,2,4,1,4,0.000000,4.000000,57,11,65,1,0,1,5,43,108,1.140351
5882,760,778,778,823,46,0,0,4,-1,-1.000000,-1.000000,43,0,43,0,2,2,18,18,63,1.000000
5883,760,781,781,853,386,0,0,3,-1,-1.000000,-1.000000,62,0,72,0,0,0,21,21,93,1.161290
5884,760,765,768,787,225,0,3,2,4,0.000000,4.000000,16,3,18,0,1,1,5,8,27,1.125000
5885,760,797,799,872,393,0,1,3,3,0.000000,4.000000,64,1,68,1,5,6,37,39,112,1.062500
5886,760,782,795,855,297,4,8,1,3,2.000000,3.000000,55,11,59,1,1,2,22,35,95,1.072727
5887,761,766,768,818,329,0,2,3,2,2.000000,3.000000,50,2,50,0,0,0,5,7,57,1.000000
5888,761,766,768,840,360,0,1,4,4,0.000000,5.000000,65,1,69,1,3,4,5,7,79,1.061538
5889,761,762,764,768,260,0,2,3,4,0.000000,3.000000,4,2,4,0,0,0,1,3,7,1.000000
5890,761,766,772,807,124,0,6,3,3,0.000000,1.000000,32,6,34,0,1,1,5,11,46,1.062500
5891,761,762,777,820,391,0,15,3,3,0.000000,3.000000,32,15,40,0,3,3,1,16,59,1.250000
5892,762,764,764,859,208,0,0,4,-1,-1.000000,-1.000000,89,0,93,0,2,2,2,2,97,1.044944
5893,762,763,765,781,297,0,2,3,3,0.000000,2.000000,16,2,16,0,0,0,1,3,19,1.000000
5894,762,765,766,831,86,0,1,4,4,2.000000,2.000000,58,1,64,0,1,1,3,4,69,1.103448
5895,762,763,763,810,8,0,0,4,-1,-1.000000,-1.000000,40,0,46,0,1,1,1,1,48,1.150000
5896,762,765,784,796,257,4,10,2,3,0.000000,4.000000,8,18,10,1,2,3,3,22,34,1.250000
5897,762,786,798,890,69,3,21,3,4,0.000000,2.000000,84,10,90,1,2,3,24,36,128,1.071429
5898,763,782,782,808,270,0,0,4,-1,-1.000000,-1.000000,24,0,26,0,0,0,19,19,45,1.083333
5899,763,772,777,829,146,0,5,4,2,2.000000,2.000000,43,5,51,0,1,1,9,14,66,1.186047
5900,763,775,775,837,121,0,0,3,-1,-1.000000,-1.000000,59,0,61,0,1,1,12,12,74,1.033898
5901,763,764,766,813,206,1,3,2,3,1.000000,3.000000,38,2,44,0,3,3,1,3,50,1.157895
5902,763,771,778,812,263,0,11,4,4,1.000000,4.000000,27,5,33,1,1,2,8,15,49,1.222222
5903,763,770,773,836,204,0,3,2,3,0.000000,1.000000,60,3,62,0,1,1,7,10,73,1.033333
5904,763,764,769,811,382,1,9,3,2,7.000000,7.000000,31,5,39,0,3,3,1,6,48,1.258065
5905,763,788,788,857,118,0,0,4,-1,-1.000000,-1.000000,50,0,66,0,3,3,25,25,94,1.320000
5906,764,771,773,786,127,1,2,3,4,0.000000,3.000000,9,1,13,1,0,1,7,9,22,1.444444
5907,764,773,785,791,257,2,11,3,3,0.000000,4.000000,6,12,6,0,0,0,9,21,27,1.000000
5908,764,792,795,827,336,0,3,4,2,1.000000,1.000000,28,3,30,0,2,2,28,31,63,1.071429
5909,764,778,783,812,192,0,5,4,3,1.000000,3.000000,27,5,27,0,2,2,14,19,48,1.000000
5910,764,769,772,810,109,0,3,3,4,1.000000,3.000000,30,3,36,0,2,2,5,8,46,1.200000
5911,764,775,778,813,159,0,13,4,2,0.000000,0.000000,33,1,35,0,0,0,11,14,49,1.060606
5912,764,772,778,858,83,0,5,3,3,0.000000,4.000000,67,5,79,1,1,2,8,14,94,1.179104
5913,764,769,774,846,23,2,5,4,3,1.000000,4.000000,63,5,69,0,3,3,5,10,82,1.095238
5914,764,774,777,839,269,0,3,3,3,0.000000,2.000000,57,3,59,0,3,3,10,13,75,1.035088
5915,764,765,771,783,244,0,6,4,4,1.000000,2.000000,12,6,12,0,0,0,1,7,19,1.000000
5916,764,765,769,788,374,0,4,3,4,1.000000,3.000000,19,4,19,0,0,0,1,5,24,1.000000
5917,765,804,830,870,353,0,6,4,4,3.000000,7.000000,30,7,40,0,0,0,39,65,105,1.333333
5918,765,774,819,837,336,2,6,4,3,1.000000,2.000000,18,13,18,0,0,0,9,54,72,1.000000
5919,765,838,839,925,219,0,1,3,3,0.000000,1.000000,75,1,85,0,1,1,73,74,160,1.133333
5920,765,784,785,793,244,0,1,3,3,0.000000,4.000000,8,1,8,0,0,0,19,20,28,1.000000
5921,765,-1,-1,-1,-1,0,-1,-1,-1,-1.000000,-1.000000,23,0,0,0,0,0,-1,-1,-1,0.000000
5922,766,773,775,799,341,0,2,4,3,1.000000,2.000000,21,2,23,0,1,1,7,9,33,1.095238
5923,766,786,830,885,102,0,7,4,4,1.000000,2.000000,49,10,53,1,2,3,20,64,119,1.081633
5924,766,768,773,813,111,0,1,4,4,5.000000,6.000000,37,5,39,0,1,1,2,7,47,1.054054
5925,766,772,780,793,300,0,6,3,2,0.000000,0.000000,13,8,13,0,0,0,6,14,27,1.000000
5926,767,784,-1,-1,385,0,5,3,2,0.000000,5.000000,67,1,0,0,0,0,17,-1,-1,0.000000
5927,767,817,831,862,113,1,11,4,4,1.000000,3.000000,22,12,30,2,1,3,50,64,95,1.363636
5928,767,768,772,818,110,0,4,3,4,2.000000,4.000000,42,4,44,0,2,2,1,5,51,1.047619
5929,767,771,773,798,34,1,4,3,3,0.000000,3.000000,23,2,23,0,2,2,4,6,31,1.000000
5930,767,790,792,855,364,0,2,3,4,1.000000,5.000000,55,2,63,0,0,0,23,25,88,1.145455
5931,768,778,781,785,275,0,1,4,4,3.000000,4.000000,4,3,4,0,0,0,10,13,17,1.000000
5932,768,-1,-1,-1,-1,0,-1,-1,-1,-1.000000,-1.000000,34,0,0,0,0,0,-1,-1,-1,0.000000
5933,768,798,817,855,331,0,13,3,3,1.000000,1.000000,35,17,37,2,1,3,30,49,87,1.057143
5934,768,769,778,793,227,3,10,3,2,4.000000,4.000000,9,8,15,1,0,1,1,10,25,1.666667
5935,768,779,799,830,157,1,7,3,4,2.000000,5.000000,30,15,30,0,1,1,11,31,62,1.000000
5936,768,818,819,890,356,0,1,3,3,0.000000,0.000000,57,1,69,0,2,2,50,51,122,1.210526
5937,768,778,778,850,342,0,0,3,-1,-1.000000,-1.000000,68,0,70,0,2,2,10,10,82,1.029412
5938,768,769,777,837,260,0,10,3,3,1.000000,1.000000,57,7,59,0,1,1,1,9,69,1.035088
5939,768,770,779,838,371,2,8,2,3,0.000000,2.000000,46,8,56,0,3,3,2,11,70,1.217391
5940,768,769,771,851,264,0,2,3,4,0.000000,4.000000,60,2,78,0,2,2,1,3,83,1.300000
5941,768,779,782,791,211,0,3,1,3,0.000000,4.000000,8,3,8,0,1,1,11,14,23,1.000000
5942,768,769,773,824,96,0,4,3,3,0.000000,4.000000,43,4,51,0,0,0,1,5,56,1.186047
5943,768,820,883,911,398,6,15,4,4,1.000000,5.000000,28,18,28,3,0,3,52,115,143,1.000000
5944,768,789,790,873,133,0,1,4,4,4.000000,7.000000,74,1,80,0,3,3,21,22,105,1.081081
5945,768,828,828,939,160,0,0,3,-1,-1.000000,-1.000000,100,0,110,0,1,1,60,60,171,1.100000
5946,768,843,843,931,390,0,0,3,-1,-1.000000,-1.000000,77,0,87,0,1,1,75,75,163,1.129870
5947,768,784,788,831,221,0,4,1,4,0.000000,3.000000,41,4,43,0,0,0,16,20,63,1.048780
5948,769,781,792,829,185,0,6,3,3,1.000000,5.000000,33,9,37,1,0,1,12,23,60,1.121212
5949,769,778,782,828,340,0,4,1,4,0.000000,2.000000,40,4,46,0,0,0,9,13,59,1.150000
5950,770,786,788,826,82,0,2,4,4,5.000000,6.000000,38,2,38,0,0,0,16,18,56,1.000000
5951,770,787,789,834,169,0,2,3,4,1.000000,6.000000,32,2,42,0,3,3,17,19,64,1.312500
5952,770,788,800,817,364,2,3,4,4,2.000000,3.000000,12,12,14,0,3,3,18,30,47,1.166667
5953,770,778,780,818,141,0,2,4,4,0.000000,1.000000,27,2,37,0,1,1,8,10,48,1.370370
5954,770,774,793,867,16,0,5,4,4,0.000000,4.000000,71,7,71,0,3,3,4,23,97,1.000000
5955,770,775,777,804,26,0,1,3,3,0.000000,5.000000,23,1,25,1,2,3,5,7,34,1.086957
5956,770,796,796,850,245,0,0,3,-1,-1.000000,-1.000000,50,0,54,0,0,0,26,26,80,1.080000
5957,770,771,775,806,119,0,2,4,4,3.000000,9.000000,27,4,31,0,0,0,1,5,36,1.148148
5958,771,776,776,839,378,0,0,3,-1,-1.000000,-1.000000,55,0,63,0,0,0,5,5,68,1.145455
5959,771,813,813,834,263,0,0,2,-1,-1.000000,-1.000000,19,0,21,0,0,0,42,42,63,1.105263
5960,771,804,817,889,210,0,4,3,3,1.000000,4.000000,62,2,70,1,2,3,33,46,118,1.129032
5961,771,783,787,852,297,3,7,3,3,2.000000,3.000000,56,3,60,1,5,6,12,16,81,1.071429
5962,771,774,779,857,121,0,4,3,2,4.000000,4.000000,76,4,76,0,2,2,3,8,86,1.000000
5963,771,772,779,855,34,0,7,2,3,1.000000,3.000000,72,7,74,0,2,2,1,8,84,1.027778
5964,771,843,847,908,285,0,4,3,3,3.000000,5.000000,56,4,60,0,1,1,72,76,137,1.071429
5965,771,880,884,957,44,0,4,4,4,0.000000,4.000000,53,4,67,0,6,6,109,113,186,1.264151
5966,771,772,777,812,23,1,4,2,4,2.000000,6.000000,30,5,34,0,1,1,1,6,41,1.133333
5967,771,773,791,831,269,0,5,4,4,3.000000,5.000000,39,1,39,0,1,1,2,20,60,1.000000
5968,771,-1,-1,-1,-1,0,-1,-1,-1,-1.000000,-1.000000,95,0,0,0,0,0,-1,-1,-1,0.000000
5969,772,790,840,905,387,0,10,3,4,0.000000,3.000000,57,6,63,0,2,2,18,68,133,1.105263
5970,772,773,774,801,184,0,1,4,4,0.000000,2.000000,25,1,27,0,0,0,1,2,29,1.080000
5971,772,878,881,928,286,0,3,2,2,0.000000,1.000000,41,3,47,0,0,0,106,109,156,1.146341
5972,772,782,782,786,137,0,0,4,-1,-1.000000,-1.000000,4,0,4,0,0,0,10,10,14,1.000000
5973,772,853,868,902,154,1,12,4,3,0.000000,1.000000,32,10,34,0,0,0,81,96,130,1.062500
5974,772,786,797,839,135,0,7,3,3,2.000000,2.000000,31,11,39,0,3,3,14,25,67,1.258065
5975,772,789,793,855,43,0,4,4,3,1.000000,2.000000,57,4,61,0,1,1,17,21,83,1.070175
5976,772,773,773,852,88,0,0,2,-1,-1.000000,-1.000000,74,0,78,0,1,1,1,1,80,1.054054
5977,772,810,815,906,147,0,5,3,4,0.000000,3.000000,85,5,91,0,0,0,38,43,134,1.070588
5978,773,777,781,887,320,0,4,3,4,0.000000,2.000000,95,4,105,0,1,1,4,8,114,1.105263
5979,773,787,793,888,238,0,4,2,4,1.000000,4.000000,73,6,93,0,2,2,14,20,115,1.273973
5980,773,795,804,850,375,0,4,4,3,3.000000,4.000000,40,8,44,1,2,3,22,31,77,1.100000
5981,773,803,826,890,27,0,4,3,4,0.000000,3.000000,61,10,63,0,1,1,30,53,117,1.032787
5982,774,775,776,858,166,0,1,3,3,2.000000,2.000000,78,1,82,0,0,0,1,2,84,1.051282
5983,774,791,794,880,182,0,3,3,4,0.000000,5.000000,78,3,84,0,2,2,17,20,106,1.076923
5984,774,794,794,872,235,0,0,3,-1,-1.000000,-1.000000,69,0,73,0,5,5,20,20,98,1.057971
5985,774,816,821,867,116,0,5,2,4,0.000000,10.000000,32,5,44,0,2,2,42,47,93,1.375000
5986,774,779,785,793,18,0,3,4,3,2.000000,2.000000,7,5,7,1,1,2,5,11,19,1.000000
5987,774,775,781,847,254,0,4,3,3,2.000000,3.000000,59,6,65,0,1,1,1,7,73,1.101695
5988,775,781,784,831,180,0,3,3,4,1.000000,4.000000,40,3,46,0,1,1,6,9,56,1.150000
5989,775,776,776,877,231,0,0,2,-1,-1.000000,-1.000000,98,0,100,0,1,1,1,1,102,1.020408
5990,775,778,779,789,336,0,1,3,3,0.000000,5.000000,9,1,9,0,1,1,3,4,14,1.000000
5991,775,776,791,837,260,3,8,3,4,0.000000,3.000000,44,15,46,0,0,0,1,16,62,1.045455
5992,775,776,784,841,285,0,5,2,3,0.000000,1.000000,43,5,55,0,2,2,1,9,66,1.279070
5993,775,781,788,849,140,2,5,4,3,0.000000,5.000000,56,7,60,0,1,1,6,13,74,1.071429
5994,775,777,781,803,236,0,4,4,4,0.000000,5.000000,20,4,22,0,0,0,2,6,28,1.100000
5995,776,917,919,936,161,1,1,4,4,0.000000,5.000000,14,2,16,0,1,1,141,143,160,1.142857
5996,776,778,790,844,159,2,7,3,3,0.000000,1.000000,48,9,52,1,2,3,2,14,68,1.083333
5997,776,777,780,842,285,2,3,3,3,0.000000,1.000000,57,3,59,0,3,3,1,4,66,1.035088
5998,776,780,785,861,271,2,7,4,4,0.000000,4.000000,67,5,75,0,1,1,4,9,85,1.119403
5999,776,777,777,811,63,0,0,3,-1,-1.000000,-1.000000,34,0,34,0,0,0,1,1,35,1.000000
6000,776,777,780,813,16,0,3,3,3,0.000000,2.000000,31,3,31,0,2,2,1,4,37,1.000000
6001,777,789,803,856,353,4,10,3,4,0.000000,6.000000,47,12,51,1,2,3,12,26,79,1.085106
6002,777,778,782,834,36,0,4,4,3,1.000000,3.000000,44,4,52,0,0,0,1,5,57,1.181818
6003,777,798,805,859,129,1,5,3,4,0.000000,5.000000,47,7,53,0,1,1,21,28,82,1.127660
6004,777,854,857,929,40,0,3,2,3,0.000000,0.000000,64,3,72,0,0,0,77,80,152,1.125000
6005,777,780,789,807,133,3,12,4,2,2.000000,2.000000,13,9,17,0,1,1,3,12,30,1.307692
6006,777,786,799,871,74,7,6,3,2,1.000000,1.000000,65,12,67,1,5,6,9,22,94,1.030769
6007,777,805,811,889,94,0,6,2,3,0.000000,2.000000,62,6,78,0,0,0,28,34,112,1.258065
6008,777,778,780,877,286,0,2,4,2,1.000000,1.000000,92,2,96,0,1,1,1,3,100,1.043478
6009,778,785,796,863,355,0,6,3,4,0.000000,3.000000,60,4,66,0,1,1,7,18,85,1.100000
6010,778,782,787,860,7,0,5,3,3,3.000000,3.000000,72,5,72,0,1,1,4,9,82,1.000000
6011,778,783,799,856,258,9,8,1,3,6.000000,6.000000,56,16,56,0,1,1,5,21,78,1.000000
6012,779,780,781,819,257,1,1,4,4,0.000000,3.000000,30,1,38,0,0,0,1,2,40,1.266667
6013,779,787,792,823,42,0,5,4,2,0.000000,3.000000,29,5,31,0,0,0,8,13,44,1.068966
6014,779,780,780,810,220,0,0,3,-1,-1.000000,-1.000000,29,0,29,0,1,1,1,1,31,1.000000
6015,779,839,840,925,18,0,1,4,4,1.000000,5.000000,80,1,82,0,3,3,60,61,146,1.025000
6016,779,793,796,811,303,1,10,4,3,0.000000,4.000000,15,3,15,0,0,0,14,17,32,1.000000
6017,780,787,790,813,237,0,3,4,4,0.000000,3.000000,22,3,22,0,1,1,7,10,33,1.000000
6018,780,798,798,858,372,0,0,4,-1,-1.000000,-1.000000,56,0,60,0,0,0,18,18,78,1.071429
6019,780,785,822,856,133,1,8,4,4,0.000000,6.000000,27,3,33,1,1,2,5,42,76,1.222222
6020,780,787,791,829,137,0,4,3,3,2.000000,2.000000,33,4,37,0,1,1,7,11,49,1.121212
6021,780,818,818,857,303,0,0,4,-1,-1.000000,-1.000000,38,0,38,0,1,1,38,38,77,1.000000
6022,780,785,790,851,324,2,5,3,2,0.000000,3.000000,59,5,61,0,0,0,5,10,71,1.033898
6023,780,781,781,835,346,0,0,4,-1,-1.000000,-1.000000,51,0,53,0,1,1,1,1,55,1.039216
6024,780,781,786,809,173,1,4,3,3,4.000000,5.000000,19,4,21,1,2,3,1,6,29,1.105263
6025,780,927,-1,-1,68,0,7,3,3,0.000000,3.000000,69,2,0,0,0,0,147,-1,-1,0.000000
6026,781,782,785,868,271,0,2,4,4,0.000000,4.000000,68,2,78,1,5,6,1,4,87,1.147059
6027,781,796,802,838,293,0,3,2,3,4.000000,4.000000,32,4,36,1,0,1,15,21,57,1.125000
6028,781,821,828,875,30,0,2,1,4,1.000000,1.000000,39,6,47,1,0,1,40,47,94,1.205128
6029,781,789,793,852,52,0,4,4,4,0.000000,3.000000,53,4,59,0,0,0,8,12,71,1.113208
6030,781,782,784,852,127,0,2,3,3,1.000000,1.000000,56,2,68,0,0,0,1,3,71,1.214286
6031,781,783,826,881,48,0,5,4,4,1.000000,2.000000,40,5,52,0,3,3,2,45,100,1.300000
6032,781,785,804,837,297,3,11,4,3,1.000000,4.000000,25,17,33,2,0,2,4,23,56,1.320000
6033,781,903,905,973,268,0,2,4,3,1.000000,1.000000,62,2,68,0,0,0,122,124,192,1.096774
6034,781,826,828,891,253,0,2,3,4,3.000000,4.000000,58,2,62,0,1,1,45,47,110,1.068966
6035,782,783,784,848,227,0,1,2,2,0.000000,0.000000,58,1,64,0,0,0,1,2,66,1.103448
6036,782,785,791,839,385,0,5,4,4,1.000000,5.000000,44,5,46,1,2,3,3,9,57,1.045455
6037,782,788,792,820,30,0,3,1,2,2.000000,2.000000,19,3,25,1,3,4,6,10,38,1.315789
6038,782,783,785,851,230,0,2,4,4,1.000000,2.000000,57,2,63,0,3,3,1,3,69,1.105263
6039,782,795,800,868,134,0,5,4,2,1.000000,3.000000,50,5,64,0,4,4,13,18,86,1.280000
6040,782,783,796,854,126,0,6,3,4,0.000000,4.000000,52,5,56,1,2,3,1,14,72,1.076923
6041,782,796,799,836,44,0,9,4,4,0.000000,7.000000,35,1,37,1,0,1,14,17,54,1.057143
6042,782,787,789,853,387,1,8,4,4,0.000000,3.000000,61,2,63,0,1,1,5,7,71,1.032787
6043,782,814,814,836,156,0,0,2,-1,-1.000000,-1.000000,19,0,21,0,1,1,32,32,54,1.105263
6044,782,785,804,833,392,3,8,3,4,0.000000,3.000000,22,14,28,0,1,1,3,22,51,1.272727
6045,783,791,792,856,350,0,1,3,3,1.000000,1.000000,61,1,63,0,1,1,8,9,73,1.032787
6046,783,791,840,886,20,9,17,4,4,0.000000,3.000000,44,24,46,0,0,0,8,57,103,1.045455
6047,783,784,790,828,157,1,4,2,4,0.000000,4.000000,37,6,37,0,1,1,1,7,45,1.000000
6048,783,787,791,837,193,2,6,4,4,0.000000,5.000000,44,1,46,3,0,3,4,8,54,1.045455
6049,783,787,994,-1,54,1,6,2,4,0.000000,4.000000,65,8,5,0,1,1,4,211,-1,0.076923
6050,783,855,855,888,141,0,0,3,-1,-1.000000,-1.000000,29,0,31,0,2,2,72,72,105,1.068966
6051,784,867,872,938,334,0,5,3,2,0.000000,1.000000,59,4,65,0,1,1,83,88,154,1.101695
6052,784,793,802,870,32,0,8,4,4,4.000000,10.000000,61,8,67,1,1,2,9,18,86,1.098361
6053,784,830,832,878,122,0,2,4,3,6.000000,6.000000,36,2,44,0,2,2,46,48,94,1.222222
6054,784,785,787,804,48,0,2,3,3,0.000000,3.000000,17,2,17,0,0,0,1,3,20,1.000000
6055,784,785,788,804,94,0,3,3,2,0.000000,3.000000,10,3,14,0,2,2,1,4,20,1.400000
6056,784,799,832,907,27,0,6,2,4,0.000000,3.000000,72,6,74,0,1,1,15,48,123,1.027778
6057,784,785,788,803,388,0,3,4,4,2.000000,11.000000,13,3,15,0,0,0,1,4,19,1.153846
6058,784,785,786,807,131,0,1,3,3,1.000000,1.000000,13,1,21,0,0,0,1,2,23,1.615385
6059,784,785,789,844,173,0,4,3,4,0.000000,4.000000,46,4,54,0,1,1,1,5,60,1.173913
6060,785,786,788,813,157,0,2,3,4,1.000000,4.000000,22,2,22,0,3,3,1,3,28,1.000000
6061,785,807,821,829,119,0,7,4,3,0.000000,3.000000,8,10,8,2,0,2,22,36,44,1.000000
6062,785,801,802,869,352,0,1,3,3,0.000000,1.000000,55,1,65,0,2,2,16,17,84,1.181818
6063,785,786,800,868,258,5,6,3,3,3.000000,3.000000,58,12,64,2,4,6,1,15,83,1.103448
6064,785,827,832,900,82,0,5,2,3,2.000000,3.000000,63,5,67,0,1,1,42,47,115,1.063492
6065,785,841,855,919,177,0,4,3,3,0.000000,1.000000,63,5,63,0,1,1,56,70,134,1.000000
6066,785,862,862,969,367,0,0,4,-1,-1.000000,-1.000000,103,0,107,0,0,0,77,77,184,1.038835
6067,785,790,803,843,256,0,10,2,3,1.000000,1.000000,28,8,38,0,2,2,5,18,58,1.357143
6068,785,786,798,871,297,0,10,4,3,0.000000,3.000000,62,12,72,0,1,1,1,13,86,1.161290
6069,786,803,806,876,328,0,3,2,4,3.000000,4.000000,63,3,69,0,1,1,17,20,90,1.095238
6070,786,787,788,891,333,0,1,4,4,0.000000,0.000000,85,1,103,0,0,0,1,2,105,1.211765
6071,786,787,791,840,69,1,5,2,4,0.000000,4.000000,37,4,47,0,2,2,1,5,54,1.270270
6072,786,787,791,804,51,0,4,3,4,0.000000,1.000000,10,4,12,0,1,1,1,5,18,1.200000
6073,786,788,789,858,225,0,1,4,4,1.000000,3.000000,61,1,69,0,0,0,2,3,72,1.131148
6074,786,787,793,823,104,3,5,3,4,1.000000,5.000000,24,5,28,1,2,3,1,7,37,1.166667
6075,786,794,799,865,244,0,5,3,3,0.000000,4.000000,55,5,65,0,1,1,8,13,79,1.181818
6076,786,813,822,871,60,1,5,4,3,1.000000,3.000000,47,7,47,0,2,2,27,36,85,1.000000
6077,786,863,867,907,232,0,4,3,3,0.000000,2.000000,34,4,38,0,2,2,77,81,121,1.117647
6078,786,792,803,858,211,2,7,3,3,2.000000,4.000000,49,8,53,1,2,3,6,17,72,1.081633
6079,786,794,798,855,41,1,4,4,4,0.000000,4.000000,52,2,54,0,3,3,8,12,69,1.038462
6080,786,799,799,823,325,0,0,2,-1,-1.000000,-1.000000,24,0,24,0,0,0,13,13,37,1.000000
6081,786,792,793,873,27,1,10,3,3,0.000000,3.000000,70,1,78,0,2,2,6,7,87,1.114286
6082,786,787,790,812,392,0,1,4,4,3.000000,6.000000,20,3,20,0,2,2,1,4,26,1.000000
6083,787,789,791,821,324,1,2,4,3,2.000000,2.000000,30,2,30,0,0,0,2,4,34,1.000000
6084,787,800,803,830,58,0,3,4,4,3.000000,5.000000,24,3,24,0,3,3,13,16,43,1.000000
6085,787,788,789,854,355,0,1,4,4,1.000000,3.000000,57,1,63,0,2,2,1,2,67,1.105263
6086,787,788,798,825,27,1,13,4,3,0.000000,1.000000,25,10,25,0,2,2,1,11,38,1.000000
6087,787,857,861,912,98,0,4,3,4,1.000000,7.000000,50,4,50,0,1,1,70,74,125,1.000000
6088,787,788,798,848,107,0,10,4,4,0.000000,2.000000,48,10,48,0,2,2,1,11,61,1.000000
6089,787,799,836,882,58,0,2,4,4,0.000000,5.000000,36,4,44,0,2,2,12,49,95,1.222222
6090,787,-1,-1,-1,-1,0,-1,-1,-1,-1.000000,-1.000000,83,0,0,0,0,0,-1,-1,-1,0.000000
6091,787,788,793,870,193,0,5,3,4,1.000000,5.000000,61,5,73,0,4,4,1,6,83,1.196721
6092,788,799,814,843,293,1,4,4,3,0.000000,3.000000,24,3,28,1,1,2,11,26,55,1.166667
6093,788,801,806,856,99,0,5,3,4,3.000000,5.000000,46,5,50,0,0,0,13,18,68,1.086957
6094,788,789,793,832,54,0,4,2,3,0.000000,2.000000,39,4,39,0,0,0,1,5,44,1.000000
6095,788,790,791,860,92,0,1,3,3,3.000000,3.000000,63,1,69,0,0,0,2,3,72,1.095238
6096,788,793,797,839,376,0,4,2,4,0.000000,2.000000,39,4,41,0,1,1,5,9,51,1.051282
6097,788,820,858,946,359,0,1,3,3,0.000000,2.000000,70,1,86,0,2,2,32,70,158,1.228571
6098,788,789,792,862,290,1,2,3,4,0.000000,0.000000,59,3,69,0,1,1,1,4,74,1.169492
6099,788,790,856,886,302,0,7,3,4,1.000000,2.000000,22,7,30,1,0,1,2,68,98,1.363636
6100,789,796,809,866,331,2,10,3,3,2.000000,2.000000,51,13,57,0,0,0,7,20,77,1.117647
6101,789,790,792,838,284,0,2,3,4,2.000000,3.000000,45,2,45,0,1,1,1,3,49,1.000000
6102,789,794,794,838,18,0,0,3,-1,-1.000000,-1.000000,33,0,43,0,1,1,5,5,49,1.303030
6103,789,819,854,869,392,2,21,4,3,2.000000,2.000000,14,13,14,0,1,1,30,65,80,1.000000
6104,789,829,829,855,138,0,0,3,-1,-1.000000,-1.000000,22,0,24,0,2,2,40,40,66,1.090909
6105,789,790,793,859,363,0,3,3,2,0.000000,3.000000,59,3,65,0,1,1,1,4,70,1.101695
6106,789,790,791,868,205,0,1,3,3,0.000000,2.000000,71,1,77,0,0,0,1,2,79,1.084507
6107,789,804,809,865,211,0,4,1,4,0.000000,4.000000,53,4,55,1,1,2,15,20,76,1.037736
6108,789,939,949,-1,166,0,4,3,2,0.000000,1.000000,81,1,50,0,1,1,150,160,-1,0.617284
6109,789,790,798,889,268,0,8,3,3,1.000000,2.000000,84,8,90,0,1,1,1,9,100,1.071429
6110,789,790,796,815,374,0,6,3,2,0.000000,1.000000,17,6,19,0,0,0,1,7,26,1.117647
6111,790,822,822,869,240,0,0,2,-1,-1.000000,-1.000000,39,0,47,0,0,0,32,32,79,1.205128
6112,790,797,811,869,44,1,8,4,4,0.000000,6.000000,55,9,57,0,1,1,7,21,79,1.036364
6113,790,793,806,882,302,0,6,3,4,0.000000,3.000000,62,9,74,0,2,2,3,16,92,1.193548
6114,790,800,806,897,6,0,5,1,4,2.000000,4.000000,73,5,89,1,2,3,10,16,107,1.219178
6115,790,-1,-1,-1,-1,0,-1,-1,-1,-1.000000,-1.000000,49,0,0,0,0,0,-1,-1,-1,0.000000
6116,790,811,824,836,119,0,5,4,4,1.000000,3.000000,12,7,12,1,0,1,21,34,46,1.000000
6117,791,792,801,828,387,0,9,2,2,0.000000,0.000000,24,9,26,0,1,1,1,10,37,1.083333
6118,791,814,871,912,142,0,3,3,4,0.000000,4.000000,41,4,41,0,0,0,23,80,121,1.000000
6119,791,792,793,857,215,0,1,4,4,0.000000,2.000000,48,1,62,0,2,2,1,2,66,1.291667
6120,791,793,794,851,214,0,1,3,3,0.000000,5.000000,52,1,56,0,1,1,2,3,60,1.076923
6121,791,792,801,808,4,2,6,3,3,0.000000,5.000000,7,8,7,1,0,1,1,10,17,1.000000
6122,791,793,823,839,158,4,6,2,3,0.000000,4.000000,16,18,16,2,0,2,2,32,48,1.000000
6123,791,792,804,818,122,3,9,3,4,1.000000,5.000000,14,12,14,0,0,0,1,13,27,1.000000
6124,791,923,923,-1,188,0,0,4,-1,-1.000000,-1.000000,68,0,76,0,1,1,132,132,-1,1.117647
6125,791,818,822,894,73,0,4,4,4,0.000000,4.000000,63,4,67,0,5,5,27,31,103,1.063492
6126,792,794,796,809,307,0,2,4,4,1.000000,3.000000,9,2,13,0,0,0,2,4,17,1.444444
6127,792,793,793,829,122,0,0,4,-1,-1.000000,-1.000000,29,0,33,0,3,3,1,1,37,1.137931
6128,792,829,838,923,357,0,2,3,4,2.000000,3.000000,82,5,84,2,1,3,37,46,131,1.024390
6129,792,854,927,982,141,2,7,3,2,5.000000,5.000000,50,9,54,0,1,1,62,135,190,1.080000
6130,792,793,809,837,41,8,6,4,2,0.000000,5.000000,21,15,25,1,3,4,1,17,45,1.190476
6131,792,802,809,933,183,0,5,4,4,0.000000,5.000000,89,6,123,0,1,1,10,17,141,1.382022
6132,792,794,810,847,251,0,4,4,4,0.000000,7.000000,33,8,35,5,2,7,2,18,55,1.060606
6133,792,816,818,864,374,0,2,3,3,0.000000,0.000000,40,2,46,0,0,0,24,26,72,1.150000
6134,793,794,807,855,84,2,3,2,3,3.000000,4.000000,36,12,42,1,6,7,1,14,62,1.166667
6135,793,819,828,904,394,1,8,3,4,0.000000,2.000000,65,9,75,0,1,1,26,35,111,1.153846
6136,793,797,842,862,383,8,3,3,4,8.000000,9.000000,17,30,19,3,1,4,4,49,69,1.117647
6137,793,794,794,873,302,0,0,4,-1,-1.000000,-1.000000,65,0,77,0,2,2,1,1,80,1.184615
6138,793,795,799,860,290,0,3,4,3,0.000000,0.000000,58,2,60,0,1,1,2,6,67,1.034483
6139,793,794,800,897,288,0,6,3,4,0.000000,2.000000,93,6,95,0,2,2,1,7,104,1.021505
6140,793,794,796,878,371,0,2,2,2,1.000000,2.000000,66,2,80,0,2,2,1,3,85,1.212121
6141,793,804,806,851,388,0,2,4,3,0.000000,4.000000,42,2,44,0,1,1,11,13,58,1.047619
6142,793,795,798,834,114,0,3,4,3,0.000000,2.000000,28,3,36,0,0,0,2,5,41,1.285714
6143,794,824,840,920,112,0,3,4,4,1.000000,2.000000,70,10,80,0,0,0,30,46,126,1.142857
6144,794,795,803,857,256,0,4,4,3,0.000000,3.000000,48,6,54,2,0,2,1,9,63,1.125000
6145,794,795,798,839,103,0,3,3,4,4.000000,6.000000,33,3,37,0,4,4,1,4,45,1.121212
6146,794,795,804,863,179,0,9,3,4,1.000000,1.000000,57,9,59,0,0,0,1,10,69,1.035088
6147,794,845,845,892,236,0,0,4,-1,-1.000000,-1.000000,44,0,46,0,1,1,51,51,98,1.045455
6148,795,889,889,976,379,0,0,2,-1,-1.000000,-1.000000,75,0,87,0,0,0,94,94,181,1.160000
6149,795,796,812,854,1,4,6,3,4,1.000000,5.000000,38,16,40,0,2,2,1,17,59,1.052632
6150,795,832,835,897,357,0,3,4,4,0.000000,2.000000,60,3,62,0,0,0,37,40,102,1.033333
6151,795,796,797,887,290,0,1,3,3,0.000000,1.000000,72,1,88,0,2,2,1,2,92,1.222222
6152,795,808,809,870,209,0,1,4,4,0.000000,4.000000,47,1,59,0,2,2,13,14,75,1.255319
6153,796,797,799,842,158,0,2,4,2,1.000000,2.000000,31,2,41,0,2,2,1,3,46,1.322581
6154,796,797,797,841,251,0,0,3,-1,-1.000000,-1.000000,37,0,43,0,1,1,1,1,45,1.162162
6155,796,833,834,888,78,0,1,4,4,0.000000,6.000000,43,1,51,0,3,3,37,38,92,1.186047
6156,796,797,802,822,300,1,9,3,4,0.000000,2.000000,20,5,20,0,0,0,1,6,26,1.000000
6157,796,804,808,844,236,0,4,4,3,2.000000,2.000000,30,4,32,0,4,4,8,12,48,1.066667
6158,796,797,801,859,234,0,4,2,3,0.000000,2.000000,55,4,57,0,1,1,1,5,63,1.036364
6159,796,809,813,854,194,0,4,2,4,0.000000,6.000000,34,4,40,0,1,1,13,17,58,1.176471
6160,797,800,817,851,347,0,13,1,4,0.000000,3.000000,30,17,32,0,2,2,3,20,54,1.066667
6161,797,805,809,908,354,1,15,4,3,0.000000,0.000000,82,4,98,0,1,1,8,12,111,1.195122
6162,797,800,800,867,145,0,0,3,-1,-1.000000,-1.000000,62,0,66,0,1,1,3,3,70,1.064516
6163,797,798,800,806,75,0,2,4,3,0.000000,4.000000,4,2,6,0,0,0,1,3,9,1.500000
6164,797,809,870,910,368,1,9,2,2,2.000000,2.000000,32,16,38,0,2,2,12,73,113,1.187500
6165,797,799,820,851,311,0,7,4,3,0.000000,2.000000,25,8,25,1,6,7,2,23,54,1.000000
6166,797,802,808,878,144,0,5,4,3,0.000000,4.000000,61,5,67,1,3,4,5,11,81,1.098361
6167,798,808,810,873,131,0,2,2,4,0.000000,0.000000,53,2,63,0,0,0,10,12,75,1.188679
6168,798,806,810,847,370,0,4,3,4,0.000000,5.000000,33,4,33,0,4,4,8,12,49,1.000000
6169,798,804,807,843,139,0,3,2,3,2.000000,2.000000,29,3,35,0,1,1,6,9,45,1.206897
6170,798,799,809,813,300,0,10,3,3,0.000000,3.000000,3,10,3,0,1,1,1,11,15,1.000000
6171,798,852,852,885,343,0,0,4,-1,-1.000000,-1.000000,26,0,32,0,1,1,54,54,87,1.230769
6172,798,808,809,883,353,0,1,4,4,1.000000,5.000000,71,1,73,0,1,1,10,11,85,1.028169
6173,798,802,808,915,366,0,5,4,3,2.000000,2.000000,102,2,106,0,1,1,4,10,117,1.039216
6174,798,888,923,997,12,1,3,4,4,1.000000,3.000000,62,7,72,1,2,3,90,125,199,1.161290
6175,798,845,847,871,69,0,2,3,4,0.000000,4.000000,18,2,20,0,4,4,47,49,73,1.111111
6176,799,820,839,940,151,0,7,3,3,1.000000,1.000000,78,6,100,0,1,1,21,40,141,1.282051
6177,799,807,809,838,162,0,2,4,3,0.000000,2.000000,25,2,29,0,0,0,8,10,39,1.160000
6178,799,800,800,816,77,0,0,4,-1,-1.000000,-1.000000,14,0,16,0,0,0,1,1,17,1.142857
6179,799,808,808,898,309,0,0,3,-1,-1.000000,-1.000000,81,0,89,0,1,1,9,9,99,1.098765
6180,799,800,802,885,85,0,2,3,3,0.000000,3.000000,76,2,82,0,1,1,1,3,86,1.078947
6181,799,800,830,858,383,0,4,4,3,4.000000,6.000000,21,16,27,1,1,2,1,31,59,1.285714
6182,799,800,802,814,84,0,2,3,4,1.000000,6.000000,11,2,11,0,1,1,1,3,15,1.000000
6183,800,814,819,842,237,1,10,4,4,0.000000,6.000000,21,5,23,0,0,0,14,19,42,1.095238
6184,800,801,808,840,65,0,5,3,4,4.000000,6.000000,22,5,30,2,2,4,1,8,40,1.363636
6185,801,867,867,946,51,0,0,4,-1,-1.000000,-1.000000,70,0,78,0,1,1,66,66,145,1.114286
6186,801,804,814,882,71,0,8,3,4,0.000000,5.000000,63,8,65,2,3,5,3,13,81,1.031746
6187,801,802,820,859,304,5,6,3,4,1.000000,1.000000,37,17,39,1,0,1,1,19,58,1.054054
6188,801,814,816,858,172,0,2,4,4,0.000000,7.000000,41,2,41,0,1,1,13,15,57,1.000000
6189,801,918,926,983,209,1,5,3,4,4.000000,5.000000,49,8,57,0,0,0,117,125,182,1.163265
6190,801,809,824,839,379,0,7,3,3,1.000000,2.000000,13,4,15,0,0,0,8,23,38,1.153846
6191,801,807,814,836,75,1,14,4,4,1.000000,5.000000,21,5,21,0,1,1,6,13,35,1.000000
6192,801,805,805,844,48,0,0,3,-1,-1.000000,-1.000000,33,0,37,0,2,2,4,4,43,1.121212
6193,802,809,885,920,195,0,6,4,4,1.000000,2.000000,27,10,35,0,0,0,7,83,118,1.296296
6194,802,807,808,836,21,0,1,3,3,0.000000,3.000000,24,1,26,0,2,2,5,6,34,1.083333
6195,803,804,810,858,184,2,4,3,3,0.000000,1.000000,43,6,47,0,1,1,1,7,55,1.093023
6196,803,809,814,886,255,0,5,3,4,2.000000,2.000000,67,5,71,0,1,1,6,11,83,1.059701
6197,803,809,832,859,129,0,7,3,4,4.000000,10.000000,25,6,27,0,0,0,6,29,56,1.080000
6198,803,809,811,849,246,0,2,2,4,0.000000,3.000000,34,2,36,0,2,2,6,8,46,1.058824
6199,803,845,847,862,48,0,2,3,4,0.000000,5.000000,10,2,14,0,1,1,42,44,59,1.400000
6200,803,852,854,877,388,0,2,4,3,1.000000,3.000000,21,2,23,0,0,0,49,51,74,1.095238
6201,804,811,812,902,47,0,1,3,3,0.000000,2.000000,81,1,87,0,3,3,7,8,98,1.074074
6202,804,805,812,836,283,1,10,4,4,2.000000,5.000000,24,7,24,0,0,0,1,8,32,1.000000
6203,804,844,845,879,376,0,1,2,2,0.000000,3.000000,26,1,32,0,2,2,40,41,75,1.230769
6204,804,805,816,827,143,0,7,3,4,5.000000,9.000000,11,11,11,0,0,0,1,12,23,1.000000
6205,804,805,806,871,311,0,1,3,3,0.000000,3.000000,59,1,61,0,4,4,1,2,67,1.033898
6206,805,811,811,889,163,0,0,3,-1,-1.000000,-1.000000,67,0,73,0,5,5,6,6,84,1.089552
6207,805,853,855,923,127,0,2,4,4,0.000000,2.000000,59,2,65,0,3,3,48,50,118,1.101695
6208,805,-1,-1,-1,-1,0,-1,-1,-1,-1.000000,-1.000000,58,0,0,0,0,0,-1,-1,-1,0.000000
6209,806,807,814,862,216,3,4,3,4,0.000000,7.000000,42,7,46,0,2,2,1,8,56,1.095238
6210,806,812,812,882,3,0,0,3,-1,-1.000000,-1.000000,58,0,66,0,4,4,6,6,76,1.137931
6211,806,817,819,850,87,0,2,4,4,0.000000,3.000000,31,2,31,0,0,0,11,13,44,1.000000
6212,806,807,819,927,64,1,2,3,3,1.000000,2.000000,103,10,107,1,1,2,1,13,121,1.038835
6213,806,808,808,860,289,0,0,3,-1,-1.000000,-1.000000,47,0,51,0,1,1,2,2,54,1.085106
6214,806,811,817,822,120,0,6,3,4,0.000000,5.000000,5,6,5,0,0,0,5,11,16,1.000000
6215,806,807,822,932,332,6,7,3,3,0.000000,2.000000,81,15,109,0,1,1,1,16,126,1.345679
6216,806,812,830,919,233,1,4,3,3,0.000000,5.000000,68,4,88,1,1,2,6,24,113,1.294118
6217,807,848,852,906,61,0,4,2,3,2.000000,2.000000,49,4,53,0,1,1,41,45,99,1.081633
6218,807,823,824,872,120,0,1,4,4,0.000000,1.000000,40,1,46,0,2,2,16,17,65,1.150000
6219,807,808,809,861,384,1,10,4,4,0.000000,3.000000,49,0,51,1,1,2,1,2,54,1.040816
6220,807,809,810,831,22,0,1,4,4,1.000000,7.000000,21,1,21,0,0,0,2,3,24,1.000000
6221,807,809,816,852,270,0,5,2,4,2.000000,4.000000,30,5,34,0,2,2,2,9,45,1.133333
6222,807,808,814,844,351,1,11,3,3,0.000000,1.000000,26,3,30,0,0,0,1,7,37,1.153846
6223,807,866,869,918,74,1,7,4,4,0.000000,6.000000,42,3,48,0,1,1,59,62,111,1.142857
6224,807,808,812,837,51,1,13,4,3,0.000000,0.000000,22,4,24,0,1,1,1,5,30,1.090909
6225,807,835,837,929,36,0,2,2,4,1.000000,3.000000,83,2,91,0,1,1,28,30,122,1.096386
6226,808,826,900,988,115,1,3,2,3,0.000000,2.000000,80,12,86,0,2,2,18,92,180,1.075000
6227,808,821,831,905,115,2,10,3,4,0.000000,5.000000,67,10,73,0,1,1,13,23,97,1.089552
6228,808,809,816,902,384,0,5,2,3,1.000000,1.000000,86,7,86,0,0,0,1,8,94,1.000000
6229,808,809,811,845,75,0,2,4,3,2.000000,5.000000,28,2,34,0,0,0,1,3,37,1.214286
6230,808,811,815,863,283,1,5,2,4,3.000000,5.000000,43,4,43,0,5,5,3,7,55,1.000000
6231,808,809,809,857,274,0,0,4,-1,-1.000000,-1.000000,48,0,48,0,0,0,1,1,49,1.000000
6232,808,810,844,946,90,3,1,3,3,4.000000,4.000000,97,16,99,0,3,3,2,36,138,1.020619
6233,808,871,934,-1,349,4,1,4,4,1.000000,2.000000,78,15,66,0,0,0,63,126,-1,0.846154
6234,808,812,817,871,206,1,4,3,4,4.000000,8.000000,44,3,52,2,2,4,4,9,63,1.181818
6235,808,809,819,863,283,4,4,4,4,0.000000,4.000000,42,10,44,0,0,0,1,11,55,1.047619
6236,808,814,816,843,157,0,2,4,4,0.000000,2.000000,17,2,25,0,2,2,6,8,35,1.470588
6237,809,827,827,859,299,0,0,3,-1,-1.000000,-1.000000,19,0,31,0,1,1,18,18,50,1.631579
6238,809,812,819,843,323,0,6,4,4,0.000000,7.000000,19,6,23,1,1,2,3,10,34,1.210526
6239,809,813,817,883,81,1,12,3,4,0.000000,5.000000,60,3,62,0,4,4,4,8,74,1.033333
6240,809,816,816,863,17,0,0,3,-1,-1.000000,-1.000000,39,0,45,0,2,2,7,7,54,1.153846
6241,810,817,820,855,196,0,3,2,2,1.000000,1.000000,35,3,35,0,0,0,7,10,45,1.000000
6242,810,814,817,862,232,0,3,2,3,3.000000,4.000000,39,3,45,0,0,0,4,7,52,1.153846
6243,810,839,839,888,156,0,0,3,-1,-1.000000,-1.000000,46,0,48,0,1,1,29,29,78,1.043478
6244,810,819,840,902,398,0,15,2,4,1.000000,5.000000,52,3,60,0,2,2,9,30,92,1.153846
6245,810,812,888,926,379,0,6,2,4,3.000000,5.000000,35,22,37,2,1,3,2,78,116,1.057143
6246,810,813,816,868,396,1,4,1,4,5.000000,8.000000,46,3,50,0,2,2,3,6,58,1.086957
6247,810,819,822,853,141,0,3,3,4,0.000000,4.000000,24,3,30,0,1,1,9,12,43,1.250000
6248,810,815,815,860,295,0,0,3,-1,-1.000000,-1.000000,42,0,44,0,1,1,5,5,50,1.047619
6249,810,811,845,892,8,6,6,3,3,1.000000,5.000000,42,22,46,0,1,1,1,35,82,1.095238
6250,810,811,811,840,129,0,0,4,-1,-1.000000,-1.000000,23,0,29,0,0,0,1,1,30,1.260870
6251,811,812,820,881,64,0,4,3,2,1.000000,1.000000,51,8,61,0,0,0,1,9,70,1.196078
6252,811,816,827,878,396,3,14,3,4,0.000000,3.000000,49,10,51,1,0,1,5,16,67,1.040816
6253,811,839,843,880,381,0,3,2,4,0.000000,4.000000,32,3,36,1,1,2,28,32,69,1.125000
6254,811,812,819,866,51,2,7,4,4,0.000000,0.000000,45,7,45,0,2,2,1,8,55,1.000000
6255,811,814,818,878,111,0,4,4,4,2.000000,5.000000,56,4,60,0,0,0,3,7,67,1.071429
6256,811,812,812,872,195,0,0,4,-1,-1.000000,-1.000000,40,0,60,0,0,0,1,1,61,1.500000
6257,811,812,818,916,332,0,4,4,3,1.000000,3.000000,85,6,95,0,3,3,1,7,105,1.117647
6258,811,833,836,856,54,0,3,4,2,1.000000,2.000000,18,3,18,0,2,2,22,25,45,1.000000
6259,812,813,814,865,8,0,1,4,4,4.000000,4.000000,45,1,49,0,2,2,1,2,53,1.088889
6260,812,881,881,968,182,0,0,3,-1,-1.000000,-1.000000,79,0,87,0,0,0,69,69,156,1.101266
6261,812,817,851,909,206,0,11,4,2,1.000000,2.000000,42,7,56,0,2,2,5,39,97,1.333333
6262,812,836,847,868,169,2,18,3,3,0.000000,3.000000,20,10,20,1,1,2,24,35,56,1.000000
6263,812,813,814,843,119,1,3,3,4,2.000000,4.000000,27,1,27,0,2,2,1,2,31,1.000000
6264,812,813,817,876,113,2,6,4,4,0.000000,8.000000,53,4,57,0,2,2,1,5,64,1.075472
6265,812,840,843,934,378,0,3,4,4,1.000000,5.000000,83,3,87,0,4,4,28,31,122,1.048193
6266,812,814,825,850,102,1,10,3,2,1.000000,1.000000,24,8,24,3,1,4,2,13,38,1.000000
6267,813,837,841,899,169,1,11,3,3,0.000000,2.000000,56,4,56,0,2,2,24,28,86,1.000000
6268,813,860,869,937,354,0,5,2,2,0.000000,2.000000,64,3,66,0,2,2,47,56,124,1.031250
6269,813,814,835,869,19,0,4,3,4,0.000000,2.000000,32,15,34,1,0,1,1,22,56,1.062500
6270,813,814,822,914,283,4,5,4,3,0.000000,3.000000,70,8,80,0,12,12,1,9,101,1.142857
6271,813,840,847,889,396,1,6,3,4,0.000000,6.000000,39,6,41,0,1,1,27,34,76,1.051282
6272,813,824,829,886,325,0,5,4,4,1.000000,3.000000,57,5,57,0,0,0,11,16,73,1.000000
6273,813,837,837,868,212,0,0,3,-1,-1.000000,-1.000000,29,0,31,0,0,0,24,24,55,1.068966
6274,813,821,822,886,12,0,1,2,2,0.000000,2.000000,46,1,64,0,0,0,8,9,73,1.391304
6275,813,815,822,901,67,0,3,3,3,5.000000,6.000000,75,7,77,0,2,2,2,9,88,1.026667
6276,813,837,839,860,202,0,2,2,2,0.000000,0.000000,17,2,21,0,0,0,24,26,47,1.235294
6277,813,920,937,-1,277,0,3,3,4,0.000000,6.000000,87,2,62,1,1,2,107,124,-1,0.712644
6278,813,814,814,865,51,0,0,4,-1,-1.000000,-1.000000,44,0,48,0,3,3,1,1,52,1.090909
6279,813,814,819,862,81,0,5,4,3,1.000000,6.000000,31,5,33,0,10,10,1,6,49,1.064516
6280,814,860,860,887,11,0,0,3,-1,-1.000000,-1.000000,27,0,27,0,0,0,46,46,73,1.000000
6281,814,907,909,973,272,0,2,2,2,0.000000,0.000000,49,2,55,0,9,9,93,95,159,1.122449
6282,814,815,816,863,213,0,1,3,3,0.000000,2.000000,42,1,44,0,3,3,1,2,49,1.047619
6283,814,815,816,861,109,0,1,3,3,3.000000,4.000000,32,1,42,0,3,3,1,2,47,1.312500
6284,814,815,824,883,203,2,9,3,3,2.000000,2.000000,58,9,58,0,1,1,1,10,69,1.000000
6285,814,838,839,901,5,0,1,2,2,2.000000,2.000000,55,1,61,0,1,1,24,25,87,1.109091
6286,814,825,835,873,70,1,10,2,4,1.000000,2.000000,37,10,37,0,1,1,11,21,59,1.000000
6287,815,869,881,931,257,0,3,4,4,0.000000,6.000000,45,8,47,1,3,4,54,66,116,1.044444
6288,815,852,865,924,91,1,1,3,3,1.000000,3.000000,59,7,59,0,0,0,37,50,109,1.000000
6289,815,859,860,896,172,0,1,3,3,2.000000,2.000000,34,1,36,0,0,0,44,45,81,1.058824
6290,815,856,857,883,138,0,1,3,3,1.000000,1.000000,26,1,26,0,0,0,41,42,68,1.000000
6291,815,856,858,882,196,0,2,2,3,1.000000,1.000000,18,2,24,0,0,0,41,43,67,1.333333
6292,815,816,816,851,91,0,0,3,-1,-1.000000,-1.000000,33,0,33,0,2,2,1,1,36,1.000000
6293,815,841,841,902,358,0,0,4,-1,-1.000000,-1.000000,57,0,61,0,0,0,26,26,87,1.070175
6294,816,826,826,906,272,0,0,2,-1,-1.000000,-1.000000,57,0,73,0,7,7,10,10,90,1.280702
6295,816,832,832,864,150,0,0,4,-1,-1.000000,-1.000000,30,0,32,0,0,0,16,16,48,1.066667
6296,816,825,825,882,322,0,0,3,-1,-1.000000,-1.000000,45,0,55,0,2,2,9,9,66,1.222222
6297,816,820,823,882,294,0,3,2,3,0.000000,6.000000,47,3,59,0,0,0,4,7,66,1.255319
6298,816,819,819,885,188,0,0,3,-1,-1.000000,-1.000000,58,0,64,0,2,2,3,3,69,1.103448
6299,816,821,822,874,359,0,1,4,4,0.000000,2.000000,46,1,50,0,2,2,5,6,58,1.086957
6300,816,825,826,889,321,0,1,3,3,0.000000,3.000000,60,1,62,0,1,1,9,10,73,1.033333
6301,816,844,848,908,95,0,4,4,3,4.000000,5.000000,44,4,58,0,2,2,28,32,92,1.318182
6302,816,859,862,889,184,0,3,4,4,0.000000,4.000000,26,3,26,0,1,1,43,46,73,1.000000
6303,816,819,837,864,192,2,16,4,4,2.000000,3.000000,25,18,27,0,0,0,3,21,48,1.080000
6304,816,817,825,901,392,3,7,4,2,0.000000,3.000000,62,8,76,0,0,0,1,9,85,1.225806
6305,817,818,869,908,319,2,7,4,4,0.000000,3.000000,36,6,38,0,1,1,1,52,91,1.055556
6306,817,840,843,875,103,0,3,4,4,1.000000,2.000000,27,3,31,0,1,1,23,26,58,1.148148
6307,817,825,825,840,222,0,0,4,-1,-1.000000,-1.000000,15,0,15,0,0,0,8,8,23,1.000000
6308,817,825,832,923,273,0,7,3,4,0.000000,1.000000,82,7,88,0,3,3,8,15,106,1.073171
6309,817,818,821,828,206,0,3,4,4,0.000000,4.000000,7,3,7,0,0,0,1,4,11,1.000000
6310,818,822,823,847,61,0,1,3,3,3.000000,3.000000,18,1,22,0,2,2,4,5,29,1.222222
6311,818,824,825,895,310,0,1,4,4,3.000000,5.000000,52,1,66,0,4,4,6,7,77,1.269231
6312,818,-1,-1,-1,-1,0,-1,-1,-1,-1.000000,-1.000000,82,0,0,0,0,0,-1,-1,-1,0.000000
6313,818,855,855,871,228,0,0,4,-1,-1.000000,-1.000000,14,0,16,0,0,0,37,37,53,1.142857
6314,818,819,831,843,124,1,3,3,4,2.000000,4.000000,9,12,11,0,1,1,1,13,25,1.222222
6315,818,819,826,871,368,0,3,3,3,3.000000,4.000000,41,5,43,2,2,4,1,8,53,1.048780
6316,818,827,827,828,357,0,0,4,-1,-1.000000,-1.000000,1,0,1,0,0,0,9,9,10,1.000000
6317,818,845,847,891,173,0,2,3,4,2.000000,3.000000,36,2,42,0,2,2,27,29,73,1.166667
6318,818,837,837,872,117,0,0,3,-1,-1.000000,-1.000000,27,0,33,0,2,2,19,19,54,1.222222
6319,818,819,823,895,203,1,5,3,3,0.000000,5.000000,67,4,71,0,1,1,1,5,77,1.059701
6320,819,825,829,876,96,0,4,4,4,1.000000,5.000000,44,4,46,0,1,1,6,10,57,1.045455
6321,819,820,820,884,300,0,0,4,-1,-1.000000,-1.000000,56,0,62,0,2,2,1,1,65,1.107143
6322,819,918,918,962,41,0,0,3,-1,-1.000000,-1.000000,34,0,42,0,2,2,99,99,143,1.235294
6323,819,820,821,888,200,0,1,3,3,1.000000,3.000000,53,1,65,0,2,2,1,2,69,1.226415
6324,820,821,825,940,217,0,4,2,2,1.000000,1.000000,91,4,113,0,2,2,1,5,120,1.241758
6325,820,821,841,891,298,1,8,3,4,2.000000,6.000000,41,19,49,1,1,2,1,21,71,1.195122
6326,820,884,885,981,335,0,1,4,4,0.000000,3.000000,94,1,96,0,0,0,64,65,161,1.021277
6327,820,821,827,930,392,0,6,3,2,0.000000,3.000000,95,6,101,0,2,2,1,7,110,1.063158
6328,821,829,835,877,206,1,9,2,3,0.000000,4.000000,40,6,42,0,0,0,8,14,56,1.050000
6329,821,822,835,889,178,1,7,1,4,0.000000,5.000000,38,12,46,1,8,9,1,14,68,1.210526
6330,821,822,840,941,318,4,13,3,4,0.000000,2.000000,101,15,101,1,0,1,1,19,120,1.000000
6331,822,825,833,854,151,0,8,3,3,1.000000,3.000000,18,8,20,0,1,1,3,11,32,1.111111
6332,822,823,843,858,318,9,10,4,4,0.000000,2.000000,15,20,15,0,0,0,1,21,36,1.000000
6333,822,826,864,902,89,1,8,3,4,0.000000,7.000000,35,11,37,2,1,3,4,42,80,1.057143
6334,823,832,834,886,86,0,2,2,3,3.000000,3.000000,41,2,51,0,1,1,9,11,63,1.243902
6335,823,832,844,877,224,0,11,4,4,1.000000,4.000000,32,1,32,0,1,1,9,21,54,1.000000
6336,823,826,826,856,15,0,0,3,-1,-1.000000,-1.000000,24,0,30,0,0,0,3,3,33,1.250000
6337,823,844,846,885,323,0,2,4,4,2.000000,5.000000,32,2,38,0,1,1,21,23,62,1.187500
6338,823,888,894,951,290,1,6,1,3,0.000000,5.000000,53,5,57,0,0,0,65,71,128,1.075472
6339,823,824,831,852,46,0,7,4,3,0.000000,5.000000,16,7,20,0,1,1,1,8,29,1.250000
6340,823,842,842,893,382,0,0,3,-1,-1.000000,-1.000000,47,0,51,0,0,0,19,19,70,1.085106
6341,823,839,854,919,169,0,16,3,4,0.000000,3.000000,61,8,65,0,0,0,16,31,96,1.065574
6342,823,828,836,866,78,1,1,3,3,7.000000,7.000000,29,7,29,1,1,2,5,13,43,1.000000
6343,823,826,827,851,124,0,1,4,4,0.000000,6.000000,24,1,24,0,0,0,3,4,28,1.000000
6344,823,824,826,864,258,0,2,3,4,6.000000,10.000000,38,2,38,0,0,0,1,3,41,1.000000
6345,824,825,866,901,361,1,10,3,2,3.000000,3.000000,29,10,35,2,0,2,1,42,77,1.206897
6346,824,830,840,934,130,1,7,3,3,5.000000,5.000000,78,10,90,0,4,4,6,16,110,1.153846
6347,824,837,848,865,31,1,7,4,4,0.000000,1.000000,15,11,17,0,0,0,13,24,41,1.133333
6348,824,946,946,-1,153,0,0,4,-1,-1.000000,-1.000000,67,0,51,0,3,3,122,122,-1,0.761194
6349,824,825,826,830,319,0,1,3,3,1.000000,5.000000,4,1,4,0,0,0,1,2,6,1.000000
6350,824,833,836,854,228,0,3,2,2,8.000000,8.000000,17,3,17,0,1,1,9,12,30,1.000000
6351,824,831,834,891,319,2,2,3,4,3.000000,3.000000,56,2,56,1,1,2,7,10,67,1.000000
6352,824,825,826,924,174,0,1,2,2,0.000000,1.000000,95,1,97,0,1,1,1,2,100,1.021053
6353,824,968,975,-1,275,0,7,1,4,1.000000,2.000000,89,7,25,0,0,0,144,151,-1,0.280899
6354,825,826,842,929,361,0,9,1,4,0.000000,4.000000,82,8,86,1,1,2,1,17,104,1.048780
6355,825,826,833,861,39,0,7,4,4,0.000000,3.000000,28,7,28,0,0,0,1,8,36,1.000000
6356,825,-1,-1,-1,-1,0,-1,-1,-1,-1.000000,-1.000000,63,0,0,0,0,0,-1,-1,-1,0.000000
6357,825,840,892,960,376,2,3,3,3,2.000000,2.000000,62,13,66,1,2,3,15,67,135,1.064516
6358,825,841,844,868,129,0,2,3,4,0.000000,4.000000,20,2,24,1,0,1,16,19,43,1.200000
6359,825,836,864,913,346,1,3,3,4,1.000000,3.000000,49,4,49,2,0,2,11,39,88,1.000000
6360,826,858,866,917,282,0,8,3,3,0.000000,5.000000,40,8,44,0,7,7,32,40,91,1.100000
6361,826,907,907,998,270,0,0,4,-1,-1.000000,-1.000000,83,0,91,0,0,0,81,81,172,1.096386
6362,826,833,837,884,339,0,4,2,3,2.000000,5.000000,34,4,46,0,1,1,7,11,58,1.352941
6363,827,832,839,894,22,0,19,4,4,1.000000,4.000000,43,4,51,0,4,4,5,12,67,1.186047
6364,827,828,836,872,226,0,8,3,3,0.000000,3.000000,27,8,35,0,1,1,1,9,45,1.296296
6365,827,-1,-1,-1,-1,0,-1,-1,-1,-1.000000,-1.000000,15,0,0,0,0,0,-1,-1,-1,0.000000
6366,827,828,842,860,192,2,11,1,3,0.000000,2.000000,18,14,18,0,0,0,1,15,33,1.000000
6367,827,832,834,902,221,0,2,3,3,1.000000,3.000000,64,2,68,0,0,0,5,7,75,1.062500
6368,828,901,903,971,151,0,1,3,3,0.000000,2.000000,61,1,65,1,3,4,73,75,143,1.065574
6369,828,854,889,920,59,0,7,1,4,0.000000,8.000000,25,3,25,0,6,6,26,61,92,1.000000
6370,828,840,880,942,135,3,5,4,3,7.000000,7.000000,47,13,59,1,3,4,12,52,114,1.255319
6371,828,829,836,917,318,3,9,3,3,0.000000,2.000000,78,7,80,0,1,1,1,8,89,1.025641
6372,828,829,831,879,89,0,2,4,3,0.000000,4.000000,42,2,46,0,2,2,1,3,51,1.095238
6373,828,830,831,886,119,0,1,3,3,3.000000,4.000000,51,1,55,0,0,0,2,3,58,1.078431
6374,828,837,856,871,156,0,2,3,3,0.000000,2.000000,12,5,14,1,1,2,9,28,43,1.166667
6375,829,830,831,901,146,0,1,2,2,2.000000,2.000000,69,1,69,0,1,1,1,2,72,1.000000
6376,829,833,836,878,337,0,3,2,4,2.000000,2.000000,41,3,41,0,1,1,4,7,49,1.000000
6377,829,854,861,904,210,0,4,4,4,2.000000,2.000000,40,6,42,1,1,2,25,32,75,1.050000
6378,829,840,840,888,379,0,0,4,-1,-1.000000,-1.000000,42,0,46,0,2,2,11,11,59,1.095238
6379,829,832,864,890,180,0,9,3,4,1.000000,1.000000,22,3,26,0,0,0,3,35,61,1.181818
6380,829,855,856,881,123,0,1,4,4,0.000000,4.000000,25,1,25,0,0,0,26,27,52,1.000000
6381,829,860,863,915,299,0,3,3,3,1.000000,2.000000,41,3,51,0,1,1,31,34,86,1.243902
6382,829,831,849,933,70,6,12,4,4,3.000000,6.000000,71,18,81,0,3,3,2,20,104,1.140845
6383,830,841,845,897,149,0,2,2,4,0.000000,3.000000,47,4,49,0,3,3,11,15,67,1.042553
6384,830,835,835,896,380,0,0,4,-1,-1.000000,-1.000000,54,0,60,0,1,1,5,5,66,1.111111
6385,830,831,843,891,340,0,7,3,3,2.000000,2.000000,46,11,48,1,0,1,1,13,61,1.043478
6386,831,832,846,940,143,4,9,3,3,0.000000,1.000000,88,14,92,0,2,2,1,15,109,1.045455
6387,831,846,853,886,31,0,7,4,3,0.000000,1.000000,22,7,30,0,3,3,15,22,55,1.363636
6388,831,836,851,879,180,0,12,3,4,1.000000,2.000000,28,3,28,0,0,0,5,20,48,1.000000
6389,831,899,899,942,318,0,0,2,-1,-1.000000,-1.000000,38,0,42,0,1,1,68,68,111,1.105263
6390,831,835,842,879,114,0,5,3,3,1.000000,2.000000,33,7,35,0,2,2,4,11,48,1.060606
6391,831,-1,-1,-1,-1,0,-1,-1,-1,-1.000000,-1.000000,111,0,0,0,0,0,-1,-1,-1,0.000000
6392,832,841,843,918,360,0,2,3,4,1.000000,3.000000,70,2,74,0,1,1,9,11,86,1.057143
6393,832,834,840,882,224,0,12,3,3,3.000000,3.000000,35,3,41,0,1,1,2,8,50,1.171429
6394,832,833,834,874,319,1,4,3,4,0.000000,5.000000,37,1,39,0,1,1,1,2,42,1.054054
6395,832,-1,-1,-1,-1,0,-1,-1,-1,-1.000000,-1.000000,45,0,0,0,0,0,-1,-1,-1,0.000000
6396,832,833,842,877,180,1,11,2,4,1.000000,4.000000,32,9,34,0,1,1,1,10,45,1.062500
6397,832,833,873,891,224,0,12,3,3,0.000000,3.000000,16,5,16,1,2,3,1,41,59,1.000000
6398,832,833,834,917,348,0,1,4,4,2.000000,3.000000,73,1,83,0,0,0,1,2,85,1.136986
6399,832,880,882,943,114,0,2,3,3,0.000000,2.000000,48,2,58,0,3,3,48,50,111,1.208333
6400,833,834,834,908,361,0,0,3,-1,-1.000000,-1.000000,68,0,72,0,2,2,1,1,75,1.058824
6401,833,849,849,949,227,0,0,3,-1,-1.000000,-1.000000,88,0,100,0,0,0,16,16,116,1.136364
6402,833,834,841,887,22,0,14,4,4,1.000000,4.000000,44,3,44,0,2,2,1,8,54,1.000000
6403,833,834,844,905,178,3,2,4,4,3.000000,6.000000,51,8,59,2,2,4,1,11,72,1.156863
6404,834,933,933,942,392,0,0,4,-1,-1.000000,-1.000000,9,0,9,0,0,0,99,99,108,1.000000
6405,834,835,842,889,239,0,7,3,3,0.000000,3.000000,46,7,46,0,1,1,1,8,55,1.000000
6406,834,872,873,929,42,1,2,4,3,1.000000,3.000000,48,0,52,1,4,5,38,39,95,1.083333
6407,834,836,844,892,263,1,8,3,4,1.000000,6.000000,48,7,48,0,0,0,2,10,58,1.000000
6408,834,835,835,863,22,0,0,4,-1,-1.000000,-1.000000,27,0,27,0,1,1,1,1,29,1.000000
6409,834,920,922,-1,168,0,2,4,4,0.000000,2.000000,84,2,77,0,1,1,86,88,-1,0.916667
6410,834,914,914,950,48,0,0,3,-1,-1.000000,-1.000000,35,0,35,0,1,1,80,80,116,1.000000
6411,835,836,843,882,106,3,15,2,4,4.000000,6.000000,31,7,35,0,4,4,1,8,47,1.129032
6412,835,837,837,882,204,0,0,2,-1,-1.000000,-1.000000,41,0,45,0,0,0,2,2,47,1.097561
6413,836,841,846,883,2,0,3,2,3,3.000000,3.000000,33,0,35,1,2,3,5,10,47,1.060606
6414,836,837,848,893,106,2,8,3,3,3.000000,3.000000,45,10,45,1,0,1,1,12,57,1.000000
6415,836,849,850,911,107,0,1,3,3,1.000000,5.000000,53,1,61,0,0,0,13,14,75,1.150943
6416,836,852,867,893,347,1,3,3,4,0.000000,2.000000,19,13,25,2,1,3,16,31,57,1.315789
6417,836,839,859,931,266,2,6,3,3,6.000000,6.000000,66,10,70,0,2,2,3,23,95,1.060606
6418,836,837,847,904,224,1,5,3,4,3.000000,4.000000,56,10,56,0,1,1,1,11,68,1.000000
6419,836,838,-1,-1,224,0,6,3,4,0.000000,4.000000,65,4,0,0,0,0,2,-1,-1,0.000000
6420,836,857,858,931,191,0,1,3,3,2.000000,3.000000,66,1,72,0,1,1,21,22,95,1.090909
6421,836,837,844,848,180,0,10,3,3,1.000000,1.000000,4,3,4,0,0,0,1,8,12,1.000000
6422,836,853,853,918,91,0,0,4,-1,-1.000000,-1.000000,52,0,64,0,1,1,17,17,82,1.230769
6423,837,838,845,903,0,0,8,3,4,1.000000,2.000000,51,6,57,0,1,1,1,8,66,1.117647
6424,837,838,843,886,169,2,5,2,4,0.000000,0.000000,35,5,41,0,2,2,1,6,49,1.171429
6425,837,878,884,919,132,0,6,4,3,1.000000,4.000000,33,6,35,0,0,0,41,47,82,1.060606
6426,837,932,932,970,69,0,0,3,-1,-1.000000,-1.000000,36,0,38,0,0,0,95,95,133,1.055556
6427,837,866,873,938,166,0,6,4,4,1.000000,1.000000,57,2,65,0,0,0,29,36,101,1.140351
6428,837,852,860,900,214,1,8,4,3,0.000000,4.000000,37,8,39,0,1,1,15,23,63,1.054054
6429,837,853,856,902,210,1,5,3,4,3.000000,4.000000,46,2,46,1,0,1,16,19,65,1.000000
6430,837,917,920,963,332,0,2,3,4,1.000000,4.000000,39,2,41,1,2,3,80,83,126,1.051282
6431,837,840,848,857,266,0,7,3,3,3.000000,3.000000,7,6,7,1,2,3,3,11,20,1.000000
6432,837,889,895,942,12,0,4,3,4,2.000000,7.000000,36,6,46,0,1,1,52,58,105,1.277778
6433,837,843,850,854,180,0,9,4,4,0.000000,4.000000,4,3,4,0,0,0,6,13,17,1.000000
6434,838,839,852,890,171,0,11,3,4,1.000000,5.000000,34,8,38,0,0,0,1,14,52,1.117647
6435,838,842,874,927,251,5,9,2,4,1.000000,4.000000,37,21,45,2,8,10,4,36,89,1.216216
6436,838,839,845,858,70,1,5,4,4,0.000000,2.000000,13,6,13,0,0,0,1,7,20,1.000000
6437,838,859,887,945,72,7,11,3,3,0.000000,2.000000,49,16,57,2,1,3,21,49,107,1.163265
6438,838,839,842,909,318,1,5,3,3,3.000000,3.000000,63,3,65,0,2,2,1,4,71,1.031746
6439,838,839,842,939,344,1,7,3,3,1.000000,1.000000,95,3,97,0,0,0,1,4,101,1.021053
6440,839,844,848,903,16,0,2,4,4,1.000000,3.000000,51,4,53,0,2,2,5,9,64,1.039216
6441,839,840,847,898,344,0,7,4,3,1.000000,1.000000,51,7,51,0,0,0,1,8,59,1.000000
6442,839,876,876,952,2,0,0,4,-1,-1.000000,-1.000000,71,0,75,0,1,1,37,37,113,1.056338
6443,839,840,844,875,385,0,2,3,4,3.000000,6.000000,30,4,30,0,1,1,1,5,36,1.000000
6444,839,840,847,928,79,0,7,3,3,0.000000,0.000000,70,7,80,0,1,1,1,8,89,1.142857
6445,839,844,844,873,164,0,0,3,-1,-1.000000,-1.000000,29,0,29,0,0,0,5,5,34,1.000000
6446,839,848,860,918,370,5,5,4,3,0.000000,3.000000,52,11,58,1,0,1,9,21,79,1.115385
6447,839,959,962,-1,252,0,3,3,4,1.000000,4.000000,95,1,32,0,6,6,120,123,-1,0.336842
6448,840,883,890,962,178,3,8,3,4,0.000000,4.000000,57,7,65,0,7,7,43,50,122,1.140351
6449,840,864,881,974,291,0,3,4,4,0.000000,4.000000,83,8,93,0,0,0,24,41,134,1.120482
6450,840,947,955,-1,143,0,6,1,4,0.000000,1.000000,76,4,44,0,1,1,107,115,-1,0.578947
6451,840,889,897,973,238,0,8,2,4,2.000000,3.000000,69,8,73,0,3,3,49,57,133,1.057971
6452,840,841,841,898,318,0,0,3,-1,-1.000000,-1.000000,47,0,57,0,0,0,1,1,58,1.212766
6453,840,841,849,905,171,0,7,4,4,0.000000,2.000000,52,6,56,0,0,0,1,9,65,1.076923
6454,840,841,844,859,68,0,1,3,3,1.000000,3.000000,14,1,14,2,1,3,1,4,19,1.000000
6455,840,843,865,889,10,1,4,2,2,1.000000,1.000000,20,9,24,0,0,0,3,25,49,1.200000
6456,841,842,843,888,177,0,1,3,3,0.000000,3.000000,35,1,45,0,0,0,1,2,47,1.285714
6457,841,842,845,875,2,0,1,4,4,1.000000,5.000000,27,3,29,0,1,1,1,4,34,1.074074
6458,841,842,860,876,180,4,9,4,4,0.000000,5.000000,16,11,16,2,0,2,1,19,35,1.000000
6459,841,866,869,960,75,0,2,2,4,1.000000,3.000000,74,2,88,1,3,4,25,28,119,1.189189
6460,842,843,848,861,396,0,3,4,4,0.000000,3.000000,13,1,13,0,0,0,1,6,19,1.000000
6461,842,885,895,952,247,0,10,4,4,0.000000,3.000000,57,9,57,0,0,0,43,53,110,1.000000
6462,842,853,859,909,260,0,8,3,4,1.000000,5.000000,47,4,49,1,1,2,11,17,67,1.042553
6463,842,843,851,868,158,0,6,3,3,1.000000,1.000000,15,8,15,0,2,2,1,9,26,1.000000
6464,842,889,909,957,290,1,5,4,3,1.000000,1.000000,41,15,45,1,3,4,47,67,115,1.097561
6465,843,844,845,917,70,0,1,4,4,1.000000,3.000000,62,1,72,0,0,0,1,2,74,1.161290
6466,843,844,847,861,157,0,3,3,4,3.000000,6.000000,14,3,14,0,0,0,1,4,18,1.000000
6467,843,844,846,858,159,0,2,3,3,0.000000,3.000000,10,2,10,0,2,2,1,3,15,1.000000
6468,843,893,893,904,10,0,0,3,-1,-1.000000,-1.000000,11,0,11,0,0,0,50,50,61,1.000000
6469,843,899,901,937,144,0,2,2,3,1.000000,1.000000,36,2,36,0,0,0,56,58,94,1.000000
6470,843,848,848,928,101,0,0,3,-1,-1.000000,-1.000000,76,0,78,0,2,2,5,5,85,1.026316
6471,843,853,857,916,52,0,4,4,4,1.000000,4.000000,50,4,58,0,1,1,10,14,73,1.160000
6472,844,856,902,923,41,0,10,4,3,1.000000,2.000000,17,3,19,0,2,2,12,58,79,1.117647
6473,844,863,867,935,242,0,4,4,4,0.000000,1.000000,68,4,68,0,0,0,19,23,91,1.000000
6474,844,851,865,902,342,1,8,3,4,2.000000,2.000000,34,6,36,1,1,2,7,21,58,1.058824
6475,844,852,856,861,49,0,3,4,3,2.000000,3.000000,5,3,5,1,0,1,8,12,17,1.000000
6476,844,850,859,906,140,1,9,3,4,3.000000,6.000000,38,8,44,1,3,4,6,15,62,1.157895
6477,844,892,894,959,333,0,2,4,4,3.000000,4.000000,62,2,64,0,1,1,48,50,115,1.032258
6478,845,846,856,934,142,1,11,3,3,0.000000,1.000000,73,10,77,0,1,1,1,11,89,1.054795
6479,845,-1,-1,-1,-1,0,-1,-1,-1,-1.000000,-1.000000,95,0,0,0,0,0,-1,-1,-1,0.000000
6480,846,865,874,935,166,0,9,3,3,0.000000,4.000000,58,1,60,0,1,1,19,28,89,1.034483
6481,846,926,967,980,355,0,2,3,2,4.000000,4.000000,13,6,13,0,0,0,80,121,134,1.000000
6482,847,856,877,913,220,0,4,1,4,0.000000,3.000000,33,11,35,0,1,1,9,30,66,1.060606
6483,847,870,871,901,257,0,1,3,3,0.000000,5.000000,25,1,29,0,1,1,23,24,54,1.160000
6484,847,-1,-1,-1,-1,0,-1,-1,-1,-1.000000,-1.000000,64,0,0,0,0,0,-1,-1,-1,0.000000
6485,847,852,856,942,264,0,4,4,3,0.000000,2.000000,84,4,86,0,0,0,5,9,95,1.023810
6486,847,848,848,888,251,0,0,4,-1,-1.000000,-1.000000,38,0,40,0,0,0,1,1,41,1.052632
6487,847,850,862,926,246,0,5,3,3,3.000000,5.000000,57,3,61,0,3,3,3,15,79,1.070175
6488,847,864,866,908,179,0,2,3,3,1.000000,9.000000,27,2,41,0,1,1,17,19,61,1.518519
6489,848,853,853,924,314,0,0,4,-1,-1.000000,-1.000000,68,0,70,0,1,1,5,5,76,1.029412
6490,848,849,855,891,370,2,6,3,4,0.000000,5.000000,32,6,36,0,0,0,1,7,43,1.125000
6491,848,859,862,949,278,1,6,4,4,1.000000,5.000000,73,2,85,0,2,2,11,14,101,1.164384
6492,848,852,854,938,324,0,2,2,4,0.000000,2.000000,73,2,83,0,1,1,4,6,90,1.136986
6493,849,853,862,933,342,0,10,3,4,0.000000,3.000000,65,2,67,0,4,4,4,13,84,1.030769
6494,849,932,936,-1,312,0,4,1,4,1.000000,2.000000,64,4,58,0,6,6,83,87,-1,0.906250
6495,850,851,862,879,165,2,8,3,3,0.000000,2.000000,12,10,16,1,1,2,1,12,29,1.333333
6496,850,851,851,906,245,0,0,3,-1,-1.000000,-1.000000,49,0,55,0,0,0,1,1,56,1.122449
6497,850,882,889,917,261,0,5,2,4,2.000000,4.000000,20,7,24,0,4,4,32,39,67,1.200000
6498,850,861,876,953,214,0,6,4,4,0.000000,3.000000,65,3,77,0,0,0,11,26,103,1.184615
6499,850,-1,-1,-1,-1,0,-1,-1,-1,-1.000000,-1.000000,49,0,0,0,0,0,-1,-1,-1,0.000000
6500,850,851,855,892,246,0,4,2,4,3.000000,5.000000,33,4,35,0,2,2,1,5,42,1.060606
6501,850,856,868,921,43,2,8,4,4,0.000000,2.000000,52,9,52,0,1,1,6,18,71,1.000000
6502,851,856,861,925,331,1,4,3,2,0.000000,0.000000,58,5,64,0,0,0,5,10,74,1.103448
6503,851,859,861,884,159,0,2,3,4,0.000000,6.000000,20,2,22,0,1,1,8,10,33,1.100000
6504,851,885,887,924,339,0,2,3,3,0.000000,5.000000,26,2,34,0,3,3,34,36,73,1.307692
6505,851,852,870,925,155,0,5,4,3,3.000000,3.000000,53,3,53,1,2,3,1,19,74,1.000000
6506,851,852,867,900,108,2,8,4,4,0.000000,3.000000,29,14,31,0,2,2,1,16,49,1.068966
6507,851,856,857,904,19,0,1,3,3,3.000000,3.000000,44,1,46,0,1,1,5,6,53,1.045455
6508,851,889,890,971,156,0,1,3,3,0.000000,3.000000,70,1,80,0,1,1,38,39,120,1.142857
6509,851,853,897,978,375,6,7,3,4,0.000000,5.000000,76,32,80,2,1,3,2,46,127,1.052632
6510,851,869,870,901,20,0,1,3,3,1.000000,4.000000,29,1,31,0,0,0,18,19,50,1.068966
6511,851,884,884,982,353,0,0,3,-1,-1.000000,-1.000000,88,0,98,0,0,0,33,33,131,1.113636
6512,851,854,872,953,386,2,20,2,4,1.000000,1.000000,72,12,80,2,1,3,3,21,102,1.111111
6513,852,873,874,921,45,0,1,3,3,6.000000,7.000000,39,1,45,0,2,2,21,22,69,1.153846
6514,852,862,863,915,157,0,1,3,3,0.000000,5.000000,46,1,50,0,2,2,10,11,63,1.086957
6515,852,979,993,-1,67,2,12,2,4,0.000000,2.000000,101,14,7,0,0,0,127,141,-1,0.069307
6516,852,940,942,958,278,0,2,3,3,0.000000,3.000000,12,2,14,0,2,2,88,90,106,1.166667
6517,852,856,857,879,278,1,8,3,4,1.000000,4.000000,15,1,21,0,1,1,4,5,27,1.400000
6518,852,878,883,923,388,0,5,4,2,2.000000,2.000000,38,5,38,0,2,2,26,31,71,1.000000
6519,852,855,870,876,214,4,9,4,3,0.000000,0.000000,6,14,6,1,0,1,3,18,24,1.000000
6520,852,960,961,-1,96,0,1,4,4,1.000000,4.000000,58,1,39,0,0,0,108,109,-1,0.672414
6521,853,859,859,907,377,0,0,3,-1,-1.000000,-1.000000,44,0,48,0,0,0,6,6,54,1.090909
6522,853,861,947,-1,334,0,4,3,2,3.000000,3.000000,72,9,52,1,1,2,8,94,-1,0.722222
6523,853,854,879,918,342,3,5,3,3,0.000000,2.000000,30,10,36,0,3,3,1,26,65,1.200000
6524,853,854,859,929,136,4,2,4,4,0.000000,2.000000,62,4,68,1,2,3,1,6,76,1.096774
6525,853,854,871,940,375,1,3,3,4,3.000000,3.000000,68,14,68,1,1,2,1,18,87,1.000000
6526,853,860,863,917,363,0,3,1,3,0.000000,2.000000,50,3,50,0,4,4,7,10,64,1.000000
6527,853,921,924,976,280,0,3,1,4,1.000000,3.000000,42,3,50,0,2,2,68,71,123,1.190476
6528,854,855,859,890,342,0,4,4,3,0.000000,0.000000,30,4,30,0,1,1,1,5,36,1.000000
6529,854,855,862,918,355,0,5,1,4,0.000000,1.000000,52,7,56,0,0,0,1,8,64,1.076923
6530,854,855,855,932,46,0,0,4,-1,-1.000000,-1.000000,76,0,76,0,1,1,1,1,78,1.000000
6531,854,855,859,864,108,1,6,3,4,0.000000,4.000000,5,4,5,0,0,0,1,5,10,1.000000
6532,854,861,869,911,289,1,6,3,2,2.000000,2.000000,41,8,41,0,1,1,7,15,57,1.000000
6533,854,855,858,884,142,0,3,4,3,0.000000,1.000000,24,3,26,0,0,0,1,4,30,1.083333
6534,854,855,859,938,369,1,4,3,3,0.000000,3.000000,72,2,76,2,3,5,1,5,84,1.055556
6535,854,970,972,-1,12,1,3,4,3,5.000000,6.000000,70,1,28,1,0,1,116,118,-1,0.400000
6536,854,855,855,906,341,0,0,3,-1,-1.000000,-1.000000,44,0,50,0,1,1,1,1,52,1.136364
6537,855,863,864,906,270,0,1,4,4,0.000000,1.000000,40,1,42,0,0,0,8,9,51,1.050000
6538,855,862,871,916,39,0,6,4,3,4.000000,4.000000,40,8,42,1,3,4,7,16,61,1.050000
6539,855,856,861,923,59,0,5,3,4,1.000000,9.000000,57,5,57,0,5,5,1,6,68,1.000000
6540,855,872,873,885,230,0,1,4,4,0.000000,4.000000,12,1,12,0,0,0,17,18,30,1.000000
6541,855,856,858,881,88,0,2,1,4,1.000000,2.000000,22,2,22,0,1,1,1,3,26,1.000000
6542,855,899,899,976,309,0,0,3,-1,-1.000000,-1.000000,71,0,77,0,0,0,44,44,121,1.084507
6543,855,861,862,899,202,0,1,4,4,0.000000,5.000000,30,1,36,0,1,1,6,7,44,1.200000
6544,855,882,883,910,296,0,1,2,2,2.000000,2.000000,23,1,25,0,2,2,27,28,55,1.086957
6545,855,856,858,946,124,0,2,2,3,1.000000,3.000000,81,2,87,0,1,1,1,3,91,1.074074
6546,855,883,885,987,322,0,2,2,3,0.000000,0.000000,96,2,100,0,2,2,28,30,132,1.041667
6547,855,858,860,916,266,0,2,3,2,0.000000,5.000000,49,2,55,0,1,1,3,5,61,1.122449
6548,855,872,874,906,368,0,2,3,3,3.000000,3.000000,26,2,30,0,2,2,17,19,51,1.153846
6549,855,856,860,957,34,0,2,3,4,0.000000,1.000000,81,3,97,0,0,0,1,5,102,1.197531
6550,855,858,859,903,72,1,8,4,4,0.000000,2.000000,43,1,43,0,1,1,3,4,48,1.000000
6551,855,892,892,928,283,0,0,4,-1,-1.000000,-1.000000,34,0,34,0,2,2,37,37,73,1.000000
6552,856,865,871,901,192,0,6,4,4,2.000000,4.000000,26,6,30,0,0,0,9,15,45,1.153846
6553,856,863,884,908,398,0,4,2,4,1.000000,2.000000,24,6,24,1,0,1,7,28,52,1.000000
6554,856,860,864,902,375,0,1,4,4,4.000000,6.000000,31,3,37,1,1,2,4,8,46,1.193548
6555,856,857,859,890,152,0,2,3,4,2.000000,2.000000,29,2,31,0,0,0,1,3,34,1.068966
6556,856,857,864,917,41,0,6,2,4,0.000000,4.000000,39,4,51,0,2,2,1,8,61,1.307692
6557,856,866,874,916,51,0,3,3,3,2.000000,5.000000,31,6,39,1,3,4,10,18,60,1.258065
6558,856,882,889,914,96,0,7,2,3,0.000000,8.000000,20,7,24,0,1,1,26,33,58,1.200000
6559,856,857,858,871,108,0,1,4,4,2.000000,4.000000,12,1,12,0,1,1,1,2,15,1.000000
6560,856,-1,-1,-1,-1,0,-1,-1,-1,-1.000000,-1.000000,49,0,0,0,0,0,-1,-1,-1,0.000000
6561,857,919,920,925,355,0,1,4,4,0.000000,4.000000,5,1,5,0,0,0,62,63,68,1.000000
6562,857,858,864,943,34,2,1,3,3,0.000000,0.000000,68,6,78,0,1,1,1,7,86,1.147059
6563,857,858,862,867,279,2,5,3,4,6.000000,6.000000,5,4,5,0,0,0,1,5,10,1.000000
6564,857,858,871,896,43,6,6,3,4,0.000000,3.000000,23,13,25,0,0,0,1,14,39,1.086957
6565,857,858,862,920,303,0,4,4,3,0.000000,2.000000,47,4,57,0,1,1,1,5,63,1.212766
6566,857,858,862,899,136,2,11,4,4,0.000000,1.000000,29,4,37,0,0,0,1,5,42,1.275862
6567,857,860,865,913,214,2,5,4,4,0.000000,2.000000,46,5,46,0,2,2,3,8,56,1.000000
6568,857,859,878,955,35,3,17,3,3,1.000000,2.000000,72,18,76,1,1,2,2,21,98,1.055556
6569,858,872,953,980,69,0,8,3,3,3.000000,3.000000,25,8,27,1,0,1,14,95,122,1.080000
6570,858,871,914,929,304,1,8,4,4,1.000000,3.000000,12,13,14,3,1,4,13,56,71,1.166667
6571,858,861,865,910,295,0,4,3,4,0.000000,5.000000,32,4,44,0,1,1,3,7,52,1.375000
6572,858,865,879,941,109,5,26,4,3,0.000000,1.000000,60,12,62,1,0,1,7,21,83,1.033333
6573,858,859,859,888,220,0,0,4,-1,-1.000000,-1.000000,24,0,28,0,1,1,1,1,30,1.166667
6574,858,867,872,932,29,0,5,3,3,4.000000,5.000000,58,5,60,0,0,0,9,14,74,1.034483
6575,858,863,865,909,394,0,2,3,3,3.000000,4.000000,40,2,44,0,0,0,5,7,51,1.100000
6576,858,859,885,919,279,3,10,3,3,0.000000,3.000000,31,21,33,0,1,1,1,27,61,1.064516
6577,858,963,967,-1,297,0,4,3,3,1.000000,2.000000,58,4,32,0,1,1,105,109,-1,0.551724
6578,858,863,864,933,198,0,1,4,4,0.000000,6.000000,61,1,67,0,2,2,5,6,75,1.098361
6579,858,907,916,993,245,0,4,4,3,3.000000,3.000000,72,6,76,3,1,4,49,58,135,1.055556
6580,858,860,-1,-1,215,0,4,4,3,6.000000,8.000000,50,1,0,0,0,0,2,-1,-1,0.000000
6581,858,859,872,890,41,1,5,3,4,1.000000,4.000000,15,10,17,1,1,2,1,14,32,1.133333
6582,858,861,866,903,218,0,4,3,3,0.000000,5.000000,37,4,37,1,0,1,3,8,45,1.000000
6583,859,860,861,914,72,0,1,3,3,0.000000,3.000000,49,1,53,0,0,0,1,2,55,1.081633
6584,859,860,881,944,140,0,8,3,4,0.000000,3.000000,55,12,61,0,2,2,1,22,85,1.109091
6585,859,867,874,915,291,3,4,3,3,1.000000,2.000000,27,6,39,1,2,3,8,15,56,1.444444
6586,859,868,872,902,145,1,6,4,4,0.000000,5.000000,21,4,27,0,3,3,9,13,43,1.285714
6587,859,885,893,964,33,1,7,3,3,6.000000,6.000000,57,8,71,0,0,0,26,34,105,1.245614
6588,859,867,879,943,166,0,9,2,3,1.000000,1.000000,58,9,64,1,0,1,8,20,84,1.103448
6589,859,860,870,921,279,2,8,4,3,0.000000,2.000000,42,10,50,0,1,1,1,11,62,1.190476
6590,859,865,890,939,336,0,4,3,3,2.000000,4.000000,47,6,47,0,2,2,6,31,80,1.000000
6591,859,860,861,907,350,0,1,4,4,0.000000,5.000000,44,1,44,0,2,2,1,2,48,1.000000
6592,860,919,919,-1,74,0,0,3,-1,-1.000000,-1.000000,54,0,80,0,1,1,59,59,-1,1.481481
6593,860,861,864,935,369,2,6,4,3,0.000000,1.000000,69,3,71,0,0,0,1,4,75,1.028986
6594,860,861,862,962,274,0,1,4,4,0.000000,2.000000,97,1,99,0,1,1,1,2,102,1.020619
6595,860,862,866,928,27,0,4,2,4,0.000000,5.000000,52,4,56,0,6,6,2,6,68,1.076923
6596,860,883,885,939,76,0,2,1,4,4.000000,4.000000,41,2,51,0,3,3,23,25,79,1.243902
6597,860,874,878,884,164,0,3,4,4,4.000000,4.000000,4,3,6,1,0,1,14,18,24,1.500000
6598,860,861,877,926,35,8,13,3,2,0.000000,0.000000,43,16,47,0,2,2,1,17,66,1.093023
6599,860,861,867,936,278,2,6,4,3,1.000000,2.000000,62,5,68,1,1,2,1,7,76,1.096774
6600,860,930,930,-1,196,0,0,4,-1,-1.000000,-1.000000,75,0,69,0,1,1,70,70,-1,0.920000
6601,861,864,890,900,201,1,6,3,3,0.000000,4.000000,10,10,10,1,0,1,3,29,39,1.000000
6602,861,862,863,911,347,0,1,4,4,3.000000,5.000000,38,1,46,0,2,2,1,2,50,1.210526
6603,861,862,862,919,168,0,0,3,-1,-1.000000,-1.000000,50,0,54,0,3,3,1,1,58,1.080000
6604,861,873,874,942,235,0,1,3,3,0.000000,1.000000,55,1,67,0,1,1,12,13,81,1.218182
6605,861,894,907,932,197,0,3,4,3,5.000000,5.000000,23,1,25,0,0,0,33,46,71,1.086957
6606,861,862,865,961,35,0,3,4,3,0.000000,0.000000,80,3,96,0,0,0,1,4,100,1.200000
6607,861,870,870,939,240,0,0,3,-1,-1.000000,-1.000000,66,0,68,0,1,1,9,9,78,1.030303
6608,861,880,884,941,165,0,4,3,4,1.000000,2.000000,46,4,56,0,1,1,19,23,80,1.217391
6609,861,895,895,916,197,0,0,2,-1,-1.000000,-1.000000,19,0,21,0,0,0,34,34,55,1.105263
6610,862,934,937,968,104,0,3,2,2,1.000000,1.000000,23,3,27,0,4,4,72,75,106,1.173913
6611,862,868,874,924,331,0,13,3,2,1.000000,1.000000,39,3,47,0,3,3,6,12,62,1.205128
6612,862,863,863,915,354,0,0,3,-1,-1.000000,-1.000000,45,0,49,0,3,3,1,1,53,1.088889
6613,862,870,871,904,185,0,1,4,4,1.000000,2.000000,33,1,33,0,0,0,8,9,42,1.000000
6614,862,863,872,905,208,0,9,3,4,0.000000,1.000000,26,9,32,0,1,1,1,10,43,1.230769
6615,862,886,890,944,153,0,4,3,4,2.000000,6.000000,47,4,53,0,1,1,24,28,82,1.127660
6616,862,877,884,944,328,1,2,3,4,2.000000,6.000000,60,7,60,0,0,0,15,22,82,1.000000
6617,862,863,869,882,43,0,4,3,4,2.000000,2.000000,13,6,13,0,0,0,1,7,20,1.000000
6618,862,866,926,996,243,4,6,4,4,1.000000,4.000000,61,18,67,3,3,6,4,64,134,1.098361
6619,862,869,870,913,271,0,1,2,2,3.000000,3.000000,36,1,42,0,1,1,7,8,51,1.166667
6620,863,864,902,977,247,9,6,3,4,0.000000,4.000000,69,25,73,2,2,4,1,39,114,1.057971
6621,863,874,874,919,302,0,0,4,-1,-1.000000,-1.000000,42,0,44,0,1,1,11,11,56,1.047619
6622,863,890,899,955,292,1,9,2,3,0.000000,2.000000,41,8,55,1,1,2,27,36,92,1.341463
6623,863,864,881,995,243,4,13,2,4,0.000000,3.000000,111,17,113,0,1,1,1,18,132,1.018018
6624,863,874,883,931,267,1,4,3,4,0.000000,2.000000,28,8,48,1,0,1,11,20,68,1.714286
6625,863,864,867,891,283,0,3,3,4,1.000000,4.000000,22,3,24,0,0,0,1,4,28,1.090909
6626,863,972,982,-1,47,0,5,3,3,2.000000,4.000000,32,8,17,1,1,2,109,119,-1,0.531250
6627,863,888,889,937,320,0,1,2,2,1.000000,1.000000,41,1,47,0,1,1,25,26,74,1.146341
6628,863,864,865,904,398,0,1,3,3,0.000000,2.000000,39,1,39,0,0,0,1,2,41,1.000000
6629,863,866,871,920,8,0,5,4,4,1.000000,4.000000,48,5,48,0,1,1,3,8,57,1.000000
6630,864,865,869,885,155,0,4,1,4,0.000000,9.000000,15,4,15,0,1,1,1,5,21,1.000000
6631,864,871,871,917,209,0,0,3,-1,-1.000000,-1.000000,42,0,44,0,2,2,7,7,53,1.047619
6632,864,878,891,954,305,4,6,4,3,2.000000,4.000000,61,12,63,1,0,1,14,27,90,1.032787
6633,864,865,870,914,216,2,4,3,3,0.000000,2.000000,41,4,41,1,3,4,1,6,50,1.000000
6634,864,-1,-1,-1,-1,0,-1,-1,-1,-1.000000,-1.000000,14,0,0,0,0,0,-1,-1,-1,0.000000
6635,864,869,880,927,45,0,4,4,3,4.000000,4.000000,42,7,44,0,3,3,5,16,63,1.047619
6636,865,866,889,944,244,0,8,4,3,0.000000,2.000000,47,1,55,0,0,0,1,24,79,1.170213
6637,865,891,895,922,301,0,4,3,3,1.000000,2.000000,25,4,27,0,0,0,26,30,57,1.080000
6638,865,866,869,929,83,0,3,4,4,4.000000,4.000000,45,3,59,0,1,1,1,4,64,1.311111
6639,865,869,869,950,248,0,0,4,-1,-1.000000,-1.000000,73,0,81,0,0,0,4,4,85,1.109589
6640,865,883,883,-1,3,0,0,1,-1,-1.000000,-1.000000,96,0,117,0,0,0,18,18,-1,1.218750
6641,865,868,868,901,116,0,0,4,-1,-1.000000,-1.000000,28,0,32,0,1,1,3,3,36,1.142857
6642,865,873,874,948,393,0,1,3,3,3.000000,3.000000,64,1,70,0,4,4,8,9,83,1.093750
6643,866,867,870,940,244,0,3,4,4,0.000000,1.000000,65,3,69,0,1,1,1,4,74,1.061538
6644,866,867,869,909,336,0,2,3,2,3.000000,3.000000,38,2,38,0,2,2,1,3,43,1.000000
6645,866,880,904,979,305,3,7,4,3,2.000000,4.000000,72,14,72,0,3,3,14,38,113,1.000000
6646,866,867,922,977,243,0,18,3,3,0.000000,1.000000,47,11,53,1,2,3,1,56,111,1.127660
6647,867,873,873,904,120,0,0,3,-1,-1.000000,-1.000000,23,0,31,0,0,0,6,6,37,1.347826
6648,867,868,868,878,247,0,0,4,-1,-1.000000,-1.000000,9,0,9,0,1,1,1,1,11,1.000000
6649,867,872,880,925,311,0,14,3,3,0.000000,4.000000,38,5,40,0,5,5,5,13,58,1.052632
6650,867,869,871,924,205,0,2,3,4,0.000000,4.000000,47,2,53,0,0,0,2,4,57,1.127660
6651,867,891,891,908,145,0,0,3,-1,-1.000000,-1.000000,17,0,17,0,0,0,24,24,41,1.000000
6652,867,982,983,-1,213,0,1,3,3,1.000000,5.000000,19,1,16,0,1,1,115,116,-1,0.842105
6653,868,869,873,914,134,3,2,4,4,2.000000,2.000000,40,4,40,0,1,1,1,5,46,1.000000
6654,868,869,872,889,331,1,8,2,3,0.000000,3.000000,17,2,17,1,0,1,1,4,21,1.000000
6655,868,886,887,971,343,0,1,3,3,8.000000,8.000000,73,1,83,0,1,1,18,19,103,1.136986
6656,868,882,883,928,64,0,1,4,4,1.000000,5.000000,35,1,43,0,2,2,14,15,60,1.228571
6657,868,869,874,893,109,0,5,4,4,0.000000,3.000000,19,5,19,0,0,0,1,6,25,1.000000
6658,868,869,871,928,389,2,2,3,3,0.000000,0.000000,48,2,56,0,1,1,1,3,60,1.166667
6659,868,869,877,894,62,1,9,4,3,1.000000,2.000000,15,8,17,0,0,0,1,9,26,1.133333
6660,868,869,875,962,212,3,7,4,2,1.000000,2.000000,65,6,85,0,2,2,1,7,94,1.307692
6661,868,906,910,980,38,0,2,3,3,1.000000,2.000000,67,4,69,0,1,1,38,42,112,1.029851
6662,868,869,898,938,291,0,4,3,4,1.000000,5.000000,36,9,40,0,0,0,1,30,70,1.111111
6663,868,942,943,969,365,0,1,3,3,3.000000,6.000000,26,1,26,0,0,0,74,75,101,1.000000
6664,868,869,874,918,74,0,5,4,4,1.000000,5.000000,27,5,43,0,1,1,1,6,50,1.592593
6665,869,880,885,930,376,0,5,4,4,1.000000,4.000000,34,5,42,0,3,3,11,16,61,1.235294
6666,869,921,921,-1,277,0,0,4,-1,-1.000000,-1.000000,79,0,77,0,2,2,52,52,-1,0.974684
6667,869,870,889,923,55,7,17,4,2,0.000000,0.000000,27,18,29,1,5,6,1,20,54,1.074074
6668,869,870,874,942,212,2,4,3,2,1.000000,1.000000,58,4,66,0,2,2,1,5,73,1.137931
6669,869,920,923,-1,25,0,3,1,2,0.000000,0.000000,83,3,76,0,1,1,51,54,-1,0.915663
6670,869,876,890,972,397,1,8,3,4,0.000000,2.000000,55,10,79,1,3,4,7,21,103,1.436364
6671,869,880,883,896,391,0,3,3,3,0.000000,4.000000,12,3,12,0,1,1,11,14,27,1.000000
6672,870,928,928,947,7,0,0,3,-1,-1.000000,-1.000000,16,0,18,0,1,1,58,58,77,1.125000
6673,870,872,893,939,60,0,7,2,3,2.000000,6.000000,37,8,45,1,1,2,2,23,69,1.216216
6674,870,873,912,954,226,2,6,4,4,4.000000,5.000000,36,12,40,2,2,4,3,42,84,1.111111
6675,870,-1,-1,-1,-1,0,-1,-1,-1,-1.000000,-1.000000,46,0,0,0,0,0,-1,-1,-1,0.000000
6676,870,879,884,951,102,1,5,3,4,0.000000,5.000000,59,2,65,0,2,2,9,14,81,1.101695
6677,871,872,874,944,32,0,2,3,3,1.000000,2.000000,63,2,67,0,3,3,1,3,73,1.063492
6678,871,872,872,959,331,0,0,3,-1,-1.000000,-1.000000,77,0,83,0,4,4,1,1,88,1.077922
6679,871,888,888,954,293,0,0,4,-1,-1.000000,-1.000000,58,0,64,0,2,2,17,17,83,1.103448
6680,871,872,883,942,62,1,10,4,4,0.000000,1.000000,59,11,59,0,0,0,1,12,71,1.000000
6681,871,903,904,909,375,0,1,4,4,0.000000,6.000000,5,1,5,0,0,0,32,33,38,1.000000
6682,871,879,880,916,337,0,1,3,3,0.000000,5.000000,28,1,34,0,2,2,8,9,45,1.214286
6683,871,873,874,898,56,0,1,2,2,2.000000,2.000000,24,1,24,0,0,0,2,3,27,1.000000
6684,871,872,873,901,291,0,1,3,3,3.000000,4.000000,18,1,24,0,4,4,1,2,30,1.333333
6685,871,875,880,938,317,0,5,3,4,2.000000,7.000000,51,5,57,0,1,1,4,9,67,1.117647
6686,871,872,875,895,373,0,3,3,3,1.000000,2.000000,20,3,20,0,0,0,1,4,24,1.000000
6687,872,875,879,970,359,1,6,4,4,0.000000,1.000000,66,4,90,0,1,1,3,7,98,1.363636
6688,872,899,902,957,344,1,1,3,3,6.000000,6.000000,51,3,53,0,2,2,27,30,85,1.039216
6689,872,873,876,920,55,1,15,4,4,0.000000,0.000000,43,3,43,0,1,1,1,4,48,1.000000
6690,872,886,891,922,188,0,4,3,2,1.000000,1.000000,31,4,31,1,0,1,14,19,50,1.000000
6691,872,882,882,919,399,0,0,3,-1,-1.000000,-1.000000,35,0,37,0,0,0,10,10,47,1.057143
6692,872,902,906,978,67,0,1,2,2,0.000000,1.000000,69,3,71,1,1,2,30,34,106,1.028986
6693,872,879,879,898,144,0,0,4,-1,-1.000000,-1.000000,19,0,19,0,0,0,7,7,26,1.000000
6694,872,876,879,908,385,0,3,2,4,0.000000,3.000000,17,3,27,0,2,2,4,7,36,1.588235
6695,872,951,951,997,172,0,0,2,-1,-1.000000,-1.000000,33,0,43,0,3,3,79,79,125,1.303030
6696,873,987,989,-1,302,0,2,1,3,4.000000,4.000000,37,2,11,0,0,0,114,116,-1,0.297297
6697,873,874,882,960,167,0,3,3,3,0.000000,5.000000,69,6,77,0,1,1,1,9,87,1.115942
6698,873,892,896,927,319,0,4,3,4,1.000000,2.000000,31,4,31,0,0,0,19,23,54,1.000000
6699,873,874,878,920,311,1,9,4,3,0.000000,2.000000,40,4,42,0,0,0,1,5,47,1.050000
6700,873,895,928,998,128,2,11,2,4,0.000000,2.000000,67,9,67,1,3,4,22,55,125,1.000000
6701,873,925,925,956,108,0,0,4,-1,-1.000000,-1.000000,24,0,30,0,1,1,52,52,83,1.250000
6702,873,892,961,991,370,0,13,4,3,1.000000,2.000000,30,5,30,1,0,1,19,88,118,1.000000
6703,874,902,912,937,192,0,6,4,4,4.000000,6.000000,20,2,24,0,1,1,28,38,63,1.200000
6704,874,875,887,898,55,0,11,4,4,0.000000,0.000000,11,11,11,1,0,1,1,13,24,1.000000
6705,874,886,890,928,85,0,4,2,4,0.000000,4.000000,35,4,37,0,1,1,12,16,54,1.057143
6706,875,902,909,982,258,0,4,3,3,0.000000,1.000000,63,5,71,0,2,2,27,34,107,1.126984
6707,875,876,880,938,176,0,2,3,4,1.000000,3.000000,52,4,58,0,0,0,1,5,63,1.115385
6708,875,876,877,920,226,0,1,4,4,0.000000,7.000000,31,1,41,0,2,2,1,2,45,1.322581
6709,875,876,884,904,311,0,7,4,4,0.000000,8.000000,20,7,20,1,0,1,1,9,29,1.000000
6710,875,892,892,961,253,0,0,3,-1,-1.000000,-1.000000,52,0,66,0,3,3,17,17,86,1.269231
6711,875,877,893,899,96,0,9,3,3,0.000000,5.000000,6,7,6,0,0,0,2,18,24,1.000000
6712,876,905,965,-1,120,1,5,4,4,0.000000,3.000000,49,9,35,0,0,0,29,89,-1,0.714286
6713,876,878,896,960,62,0,6,3,4,4.000000,6.000000,63,1,63,0,1,1,2,20,84,1.000000
6714,876,883,888,935,71,0,2,2,3,3.000000,3.000000,33,4,43,1,4,5,7,12,59,1.303030
6715,876,-1,-1,-1,-1,0,-1,-1,-1,-1.000000,-1.000000,44,0,0,0,0,0,-1,-1,-1,0.000000
6716,876,878,880,907,267,0,2,2,4,0.000000,5.000000,25,2,25,0,2,2,2,4,31,1.000000
6717,877,878,882,958,96,1,6,4,4,5.000000,5.000000,72,4,74,0,2,2,1,5,81,1.027778
6718,877,878,879,929,133,0,1,3,3,0.000000,0.000000,48,1,48,0,2,2,1,2,52,1.000000
6719,877,878,886,924,158,1,5,4,3,0.000000,2.000000,38,7,38,1,0,1,1,9,47,1.000000
6720,877,905,921,-1,311,0,5,3,4,2.000000,4.000000,71,8,78,0,1,1,28,44,-1,1.098592
6721,877,879,881,941,111,0,2,4,2,2.000000,2.000000,48,2,58,0,2,2,2,4,64,1.208333
6722,877,987,988,-1,307,0,1,3,3,2.000000,2.000000,21,1,12,0,0,0,110,111,-1,0.571429
6723,877,880,883,928,89,0,3,2,3,0.000000,4.000000,17,3,37,0,8,8,3,6,51,2.176471
6724,878,879,881,907,60,0,2,3,3,0.000000,5.000000,24,2,24,0,2,2,1,3,29,1.000000
6725,878,892,900,960,255,0,5,3,4,2.000000,4.000000,57,5,59,3,1,4,14,22,82,1.035088
6726,878,915,920,923,72,1,1,3,3,3.000000,4.000000,2,4,2,1,1,2,37,42,45,1.000000
6727,878,884,884,907,138,0,0,3,-1,-1.000000,-1.000000,18,0,22,0,1,1,6,6,29,1.222222
6728,878,896,903,969,310,0,2,4,4,2.000000,4.000000,62,3,64,0,2,2,18,25,91,1.032258
6729,878,954,956,993,157,0,2,3,3,0.000000,1.000000,37,2,37,0,0,0,76,78,115,1.000000
6730,878,890,891,950,54,0,1,2,2,2.000000,5.000000,48,1,54,0,5,5,12,13,72,1.125000
6731,878,879,881,949,62,0,2,4,3,2.000000,2.000000,59,2,65,0,3,3,1,3,71,1.101695
6732,879,880,888,930,102,1,4,2,3,0.000000,3.000000,37,8,39,0,3,3,1,9,51,1.054054
6733,879,880,891,906,397,2,5,3,4,0.000000,2.000000,15,11,15,0,0,0,1,12,27,1.000000
6734,879,907,907,965,80,0,0,2,-1,-1.000000,-1.000000,40,0,52,0,6,6,28,28,86,1.300000
6735,879,887,889,906,169,0,2,3,4,0.000000,5.000000,15,2,15,0,2,2,8,10,27,1.000000
6736,879,929,929,963,286,0,0,4,-1,-1.000000,-1.000000,33,0,33,0,1,1,50,50,84,1.000000
6737,879,899,899,986,310,0,0,4,-1,-1.000000,-1.000000,83,0,87,0,0,0,20,20,107,1.048193
6738,879,883,891,924,294,3,5,2,3,5.000000,5.000000,26,8,32,0,1,1,4,12,45,1.230769
6739,880,881,889,925,207,2,9,4,2,0.000000,0.000000,30,7,36,1,0,1,1,9,45,1.200000
6740,880,881,901,963,131,1,3,3,4,1.000000,5.000000,53,10,59,0,3,3,1,21,83,1.113208
6741,880,898,949,-1,288,1,7,1,4,0.000000,2.000000,68,11,49,1,2,3,18,69,-1,0.720588
6742,880,883,895,983,204,2,7,4,3,1.000000,2.000000,71,10,87,1,1,2,3,15,103,1.225352
6743,881,939,978,-1,324,0,7,3,4,2.000000,3.000000,79,7,22,2,0,2,58,97,-1,0.278481
6744,881,882,890,918,371,0,5,3,4,1.000000,1.000000,26,7,26,1,2,3,1,9,37,1.000000
6745,881,974,980,-1,12,0,6,3,3,0.000000,3.000000,43,6,20,0,0,0,93,99,-1,0.465116
6746,881,882,888,962,224,1,5,3,2,1.000000,1.000000,67,6,73,0,1,1,1,7,81,1.089552
6747,881,-1,-1,-1,-1,0,-1,-1,-1,-1.000000,-1.000000,42,0,0,0,0,0,-1,-1,-1,0.000000
6748,881,930,930,981,346,0,0,3,-1,-1.000000,-1.000000,41,0,49,0,2,2,49,49,100,1.195122
6749,882,885,894,934,159,2,9,3,3,0.000000,5.000000,36,8,38,1,2,3,3,12,52,1.055556
6750,882,925,927,-1,209,0,2,3,3,0.000000,3.000000,81,2,73,0,0,0,43,45,-1,0.901235
6751,882,968,-1,-1,305,0,4,2,3,0.000000,1.000000,87,2,0,0,0,0,86,-1,-1,0.000000
6752,882,883,883,924,369,0,0,4,-1,-1.000000,-1.000000,34,0,40,0,1,1,1,1,42,1.176471
6753,882,902,902,942,20,0,0,4,-1,-1.000000,-1.000000,31,0,39,0,1,1,20,20,60,1.258065
6754,882,883,883,901,131,0,0,3,-1,-1.000000,-1.000000,14,0,16,0,2,2,1,1,19,1.142857
6755,882,884,891,897,305,0,7,2,3,0.000000,2.000000,4,7,6,0,0,0,2,9,15,1.500000
6756,882,903,966,-1,9,1,6,3,4,0.000000,2.000000,94,11,33,0,1,1,21,84,-1,0.351064
6757,882,898,910,964,345,0,12,4,3,0.000000,1.000000,49,2,51,0,3,3,16,28,82,1.040816
6758,882,883,918,1000,207,0,6,4,3,1.000000,1.000000,77,21,81,0,1,1,1,36,118,1.051948
6759,882,933,935,-1,29,0,2,3,2,0.000000,1.000000,81,2,65,0,0,0,51,53,-1,0.802469
6760,882,910,913,951,112,0,3,4,2,2.000000,2.000000,32,3,38,0,0,0,28,31,69,1.187500
6761,883,884,900,979,178,1,7,2,3,3.000000,4.000000,67,10,77,1,2,3,1,17,96,1.149254
6762,883,894,898,960,396,0,4,3,3,0.000000,7.000000,60,4,60,0,2,2,11,15,77,1.000000
6763,883,884,887,908,43,1,10,3,2,0.000000,0.000000,17,3,21,0,0,0,1,4,25,1.235294
6764,883,889,891,970,200,0,2,3,4,1.000000,1.000000,75,2,79,0,0,0,6,8,87,1.053333
6765,883,890,896,902,184,0,5,2,3,0.000000,2.000000,4,5,6,1,0,1,7,13,19,1.500000
6766,883,892,898,935,21,0,5,4,3,1.000000,3.000000,33,5,35,1,2,3,9,15,52,1.060606
6767,884,930,963,991,356,0,12,2,3,1.000000,5.000000,22,7,24,0,4,4,46,79,107,1.090909
6768,884,887,890,982,12,0,2,4,3,0.000000,2.000000,71,2,91,0,1,1,3,6,98,1.281690
6769,884,895,969,-1,237,0,2,4,3,0.000000,2.000000,41,1,31,1,0,1,11,85,-1,0.756098
6770,884,885,890,942,204,3,5,4,2,1.000000,2.000000,37,5,51,0,1,1,1,6,58,1.378378
6771,884,885,885,934,43,0,0,3,-1,-1.000000,-1.000000,38,0,48,0,1,1,1,1,50,1.263158
6772,884,885,885,920,397,0,0,3,-1,-1.000000,-1.000000,28,0,34,0,1,1,1,1,36,1.214286
6773,885,891,894,908,342,0,3,4,3,1.000000,2.000000,13,3,13,0,1,1,6,9,23,1.000000
6774,885,895,923,952,106,5,17,4,3,0.000000,2.000000,27,27,29,1,0,1,10,38,67,1.074074
6775,885,886,893,940,159,0,3,3,4,5.000000,8.000000,44,7,46,0,1,1,1,8,55,1.045455
6776,885,888,891,912,11,0,3,3,4,1.000000,4.000000,21,3,21,0,0,0,3,6,27,1.000000
6777,885,925,927,967,152,0,2,3,4,0.000000,6.000000,31,2,39,0,1,1,40,42,82,1.258065
6778,885,887,892,934,224,0,4,3,4,2.000000,2.000000,40,4,40,1,2,3,2,7,49,1.000000
6779,885,886,888,912,326,0,2,3,4,0.000000,1.000000,22,2,24,0,0,0,1,3,27,1.090909
6780,886,908,908,922,232,0,0,3,-1,-1.000000,-1.000000,10,0,14,0,0,0,22,22,36,1.400000
6781,886,904,909,930,312,0,5,2,4,0.000000,1.000000,14,5,20,0,1,1,18,23,44,1.428571
6782,886,887,892,937,204,1,6,4,2,0.000000,1.000000,42,5,44,0,1,1,1,6,51,1.047619
6783,886,898,915,989,292,2,3,3,3,3.000000,3.000000,61,13,73,0,1,1,12,29,103,1.196721
6784,886,887,910,-1,323,0,15,4,3,1.000000,2.000000,102,5,89,0,1,1,1,24,-1,0.872549
6785,886,905,914,967,10,1,5,3,4,2.000000,3.000000,46,7,52,2,1,3,19,28,81,1.130435
6786,886,939,940,-1,4,0,1,2,2,1.000000,1.000000,78,1,58,0,2,2,53,54,-1,0.743590
6787,886,898,903,967,305,0,5,4,4,3.000000,5.000000,59,5,63,0,1,1,12,17,81,1.067797
6788,886,889,892,969,294,0,2,3,3,3.000000,3.000000,66,1,76,1,1,2,3,6,83,1.151515
6789,887,894,896,950,382,0,2,4,4,1.000000,6.000000,41,2,51,0,3,3,7,9,63,1.243902
6790,887,945,945,984,141,0,0,3,-1,-1.000000,-1.000000,35,0,37,0,2,2,58,58,97,1.057143
6791,887,892,894,938,4,0,2,4,4,0.000000,3.000000,44,2,44,0,0,0,5,7,51,1.000000
6792,887,889,891,961,251,0,2,2,3,0.000000,0.000000,67,2,69,0,1,1,2,4,74,1.029851
6793,888,891,896,917,81,0,5,3,3,5.000000,5.000000,20,5,20,0,1,1,3,8,29,1.000000
6794,888,894,894,962,109,0,0,3,-1,-1.000000,-1.000000,59,0,67,0,1,1,6,6,74,1.135593
6795,888,905,909,-1,50,0,2,3,4,0.000000,3.000000,84,3,91,0,0,0,17,21,-1,1.083333
6796,888,915,916,933,104,0,1,4,4,0.000000,5.000000,16,1,16,0,1,1,27,28,45,1.000000
6797,888,906,906,918,208,0,0,3,-1,-1.000000,-1.000000,12,0,12,0,0,0,18,18,30,1.000000
6798,888,896,905,988,373,0,6,4,3,1.000000,4.000000,73,6,81,1,2,3,8,17,100,1.109589
6799,888,902,905,934,146,0,1,4,4,2.000000,3.000000,27,1,27,2,2,4,14,17,46,1.000000
6800,888,890,896,929,135,1,8,3,4,0.000000,2.000000,28,6,32,0,1,1,2,8,41,1.142857
6801,888,916,918,954,349,0,2,4,4,2.000000,4.000000,35,2,35,0,1,1,28,30,66,1.000000
6802,889,890,901,983,94,0,11,4,4,1.000000,2.000000,74,6,82,0,0,0,1,12,94,1.108108
6803,889,908,918,-1,138,1,5,3,4,1.000000,2.000000,81,9,81,1,1,2,19,29,-1,1.000000
6804,889,890,891,911,220,0,1,2,2,1.000000,1.000000,19,1,19,0,1,1,1,2,22,1.000000
6805,889,897,904,937,181,0,7,3,3,1.000000,2.000000,31,7,33,0,0,0,8,15,48,1.064516
6806,889,893,898,930,246,0,4,3,3,0.000000,8.000000,28,4,30,1,2,3,4,9,41,1.071429
6807,889,-1,-1,-1,-1,0,-1,-1,-1,-1.000000,-1.000000,40,0,0,0,0,0,-1,-1,-1,0.000000
6808,889,983,986,-1,36,0,2,3,4,1.000000,4.000000,27,2,11,1,3,4,94,97,-1,0.407407
6809,889,890,892,916,239,0,2,3,2,0.000000,1.000000,20,2,22,0,2,2,1,3,27,1.100000
6810,889,893,894,989,236,0,1,3,3,0.000000,2.000000,82,1,94,0,1,1,4,5,100,1.146341
6811,889,890,893,910,325,0,3,4,2,0.000000,3.000000,15,3,17,0,0,0,1,4,21,1.133333
6812,889,890,890,946,351,0,0,4,-1,-1.000000,-1.000000,44,0,52,0,4,4,1,1,57,1.181818
6813,890,894,901,921,345,1,9,4,3,1.000000,2.000000,19,7,19,0,1,1,4,11,31,1.000000
6814,890,892,900,947,340,0,5,4,2,1.000000,2.000000,43,7,45,1,2,3,2,10,57,1.046512
6815,890,950,959,-1,62,1,8,3,4,6.000000,6.000000,55,7,38,2,3,5,60,69,-1,0.690909
6816,890,891,895,906,323,0,4,2,3,1.000000,2.000000,11,4,11,0,0,0,1,5,16,1.000000
6817,890,891,892,936,228,0,1,3,3,4.000000,7.000000,39,1,43,0,1,1,1,2,46,1.102564
6818,890,908,908,955,350,0,0,4,-1,-1.000000,-1.000000,42,0,46,0,1,1,18,18,65,1.095238
6819,890,925,935,961,232,0,4,4,4,0.000000,12.000000,22,5,26,1,0,1,35,45,71,1.181818
6820,890,962,965,976,90,0,3,3,4,0.000000,3.000000,10,3,10,0,1,1,72,75,86,1.000000
6821,891,892,893,969,321,0,1,3,3,0.000000,8.000000,71,1,75,0,1,1,1,2,78,1.056338
6822,891,901,905,991,288,0,4,2,4,0.000000,2.000000,72,4,86,0,0,0,10,14,100,1.194444
6823,891,903,910,958,213,1,8,3,3,1.000000,4.000000,44,7,46,0,2,2,12,19,67,1.045455
6824,891,918,925,970,282,0,10,3,3,0.000000,3.000000,36,5,44,0,1,1,27,34,79,1.222222
6825,891,893,898,993,190,0,5,3,3,0.000000,2.000000,91,5,95,0,0,0,2,7,102,1.043956
6826,891,951,952,-1,398,0,1,1,1,0.000000,0.000000,92,1,47,0,1,1,60,61,-1,0.510870
6827,891,931,966,-1,392,0,1,3,3,1.000000,4.000000,77,8,33,2,1,3,40,75,-1,0.428571
6828,891,907,909,953,120,0,2,3,3,0.000000,4.000000,40,2,42,0,2,2,16,18,62,1.050000
6829,891,931,934,979,295,0,3,3,4,3.000000,3.000000,43,3,43,0,2,2,40,43,88,1.000000
6830,892,920,921,986,302,0,1,4,4,0.000000,2.000000,52,1,64,0,1,1,28,29,94,1.230769
6831,892,893,898,950,268,1,5,3,3,0.000000,2.000000,37,4,51,1,1,2,1,6,58,1.378378
6832,892,897,897,979,237,0,0,2,-1,-1.000000,-1.000000,72,0,82,0,0,0,5,5,87,1.138889
6833,892,907,925,990,341,3,14,3,2,0.000000,0.000000,48,14,62,1,3,4,15,33,98,1.291667
6834,892,893,894,930,94,0,1,3,3,0.000000,1.000000,34,1,36,0,0,0,1,2,38,1.058824
6835,893,894,904,959,88,2,10,4,3,3.000000,3.000000,54,10,54,0,1,1,1,11,66,1.000000
6836,893,894,923,-1,370,1,11,3,4,0.000000,5.000000,75,18,73,0,4,4,1,30,-1,0.973333
6837,893,909,916,948,210,0,3,4,4,0.000000,5.000000,28,5,30,2,2,4,16,23,55,1.071429
6838,893,-1,-1,-1,-1,0,-1,-1,-1,-1.000000,-1.000000,27,0,0,0,0,0,-1,-1,-1,0.000000
6839,893,895,897,940,73,0,2,3,3,0.000000,3.000000,27,2,41,0,2,2,2,4,47,1.518519
6840,893,916,917,953,157,0,1,4,4,3.000000,5.000000,29,1,35,0,1,1,23,24,60,1.206897
6841,894,900,906,978,202,2,9,3,3,0.000000,1.000000,63,5,71,0,1,1,6,12,84,1.126984
6842,894,924,926,963,388,0,2,4,4,3.000000,6.000000,31,2,33,0,4,4,30,32,69,1.064516
6843,894,909,910,938,179,0,1,3,3,0.000000,4.000000,25,1,27,0,1,1,15,16,44,1.080000
6844,894,-1,-1,-1,-1,0,-1,-1,-1,-1.000000,-1.000000,48,0,0,0,0,0,-1,-1,-1,0.000000
6845,895,905,927,-1,185,1,8,3,4,0.000000,1.000000,105,16,72,1,1,2,10,32,-1,0.685714
6846,895,943,943,969,14,0,0,3,-1,-1.000000,-1.000000,3,0,23,0,3,3,48,48,74,7.666667
6847,895,904,911,971,330,0,7,4,3,1.000000,4.000000,53,7,59,0,1,1,9,16,76,1.113208
6848,896,918,920,944,383,0,2,3,3,0.000000,4.000000,18,2,24,0,0,0,22,24,48,1.333333
6849,896,897,909,-1,128,4,5,4,2,3.000000,3.000000,81,11,89,1,2,3,1,13,-1,1.098765
6850,896,907,911,935,368,0,4,3,3,0.000000,0.000000,21,4,23,0,1,1,11,15,39,1.095238
6851,896,902,908,946,131,0,6,4,4,0.000000,2.000000,32,6,38,0,0,0,6,12,50,1.187500
6852,897,908,910,948,193,0,2,3,4,0.000000,7.000000,36,2,38,0,0,0,11,13,51,1.055556
6853,897,903,904,959,184,0,1,3,3,0.000000,1.000000,47,1,51,0,4,4,6,7,62,1.085106
6854,897,902,903,927,291,0,1,4,4,0.000000,4.000000,20,1,24,0,0,0,5,6,30,1.200000
6855,897,909,909,949,145,0,0,3,-1,-1.000000,-1.000000,34,0,36,0,4,4,12,12,52,1.058824
6856,897,901,925,962,65,4,8,3,4,0.000000,3.000000,36,12,36,1,1,2,4,28,65,1.000000
6857,897,898,899,927,6,0,1,3,3,1.000000,4.000000,28,1,28,0,0,0,1,2,30,1.000000
6858,898,-1,-1,-1,-1,0,-1,-1,-1,-1.000000,-1.000000,105,0,0,0,0,0,-1,-1,-1,0.000000
6859,898,905,905,951,113,0,0,4,-1,-1.000000,-1.000000,43,0,45,0,1,1,7,7,53,1.046512
6860,898,899,920,954,345,4,10,2,3,0.000000,2.000000,34,14,34,1,0,1,1,22,56,1.000000
6861,898,899,903,943,362,0,4,4,4,1.000000,5.000000,38,4,38,0,2,2,1,5,45,1.000000
6862,898,900,913,973,330,3,6,4,2,0.000000,2.000000,58,11,60,2,0,2,2,15,75,1.034483
6863,898,901,910,973,128,0,10,4,4,0.000000,2.000000,58,1,60,0,3,3,3,12,75,1.034483
6864,898,904,912,952,218,2,7,4,4,1.000000,5.000000,35,8,39,0,1,1,6,14,54,1.114286
6865,899,929,933,982,389,0,4,2,3,2.000000,4.000000,44,4,48,0,1,1,30,34,83,1.090909
6866,899,900,904,952,370,0,4,4,4,0.000000,4.000000,39,4,47,0,1,1,1,5,53,1.205128
6867,899,904,904,950,222,0,0,4,-1,-1.000000,-1.000000,41,0,45,0,1,1,5,5,51,1.097561
6868,899,906,908,979,175,0,2,4,3,1.000000,5.000000,44,2,68,0,3,3,7,9,80,1.545455
6869,900,903,912,944,50,0,4,3,4,0.000000,5.000000,28,7,32,0,0,0,3,12,44,1.142857
6870,900,901,908,950,345,0,10,4,4,2.000000,2.000000,40,5,40,0,2,2,1,8,50,1.000000
6871,900,903,905,973,154,0,2,3,4,0.000000,4.000000,60,2,68,0,0,0,3,5,73,1.133333
6872,900,908,909,-1,267,0,1,2,2,2.000000,2.000000,106,1,89,0,2,2,8,9,-1,0.839623
6873,900,959,959,-1,323,0,0,3,-1,-1.000000,-1.000000,48,0,38,0,3,3,59,59,-1,0.791667
6874,901,902,930,939,65,0,12,2,3,0.000000,1.000000,9,13,9,0,0,0,1,29,38,1.000000
6875,901,902,913,968,5,3,7,2,4,0.000000,6.000000,50,11,54,0,1,1,1,12,67,1.080000
6876,901,902,907,983,106,0,5,3,3,0.000000,1.000000,73,5,73,0,3,3,1,6,82,1.000000
6877,901,902,902,935,257,0,0,2,-1,-1.000000,-1.000000,25,0,31,0,2,2,1,1,34,1.240000
6878,901,902,905,975,202,0,3,3,3,1.000000,1.000000,63,3,69,0,1,1,1,4,74,1.095238
6879,901,994,995,-1,157,0,1,3,3,2.000000,5.000000,49,1,5,0,0,0,93,94,-1,0.102041
6880,901,902,902,976,373,0,0,4,-1,-1.000000,-1.000000,59,0,73,0,1,1,1,1,75,1.237288
6881,901,902,905,-1,234,1,3,3,3,0.000000,0.000000,92,2,92,1,3,4,1,4,-1,1.000000
6882,901,909,915,981,385,3,6,3,2,3.000000,3.000000,61,6,65,0,1,1,8,14,80,1.065574
6883,901,-1,-1,-1,-1,0,-1,-1,-1,-1.000000,-1.000000,55,0,0,0,0,0,-1,-1,-1,0.000000
6884,901,902,911,950,256,0,8,4,4,0.000000,2.000000,34,6,36,1,3,4,1,10,49,1.058824
6885,901,912,912,965,189,0,0,2,-1,-1.000000,-1.000000,48,0,52,0,1,1,11,11,64,1.083333
6886,901,926,932,991,18,0,4,3,4,0.000000,1.000000,55,6,57,0,2,2,25,31,90,1.036364
6887,902,903,903,962,338,0,0,2,-1,-1.000000,-1.000000,51,0,57,0,2,2,1,1,60,1.117647
6888,902,912,922,949,311,1,6,2,2,1.000000,3.000000,21,7,27,3,0,3,10,20,47,1.285714
6889,902,908,908,967,60,0,0,4,-1,-1.000000,-1.000000,55,0,59,0,0,0,6,6,65,1.072727
6890,902,903,903,975,384,0,0,4,-1,-1.000000,-1.000000,72,0,72,0,0,0,1,1,73,1.000000
6891,902,906,906,961,115,0,0,2,-1,-1.000000,-1.000000,43,0,53,0,2,2,4,4,59,1.232558
6892,902,903,905,927,192,0,2,3,4,1.000000,2.000000,19,2,19,0,3,3,1,3,25,1.000000
6893,902,903,903,971,47,0,0,4,-1,-1.000000,-1.000000,59,0,65,0,3,3,1,1,69,1.101695
6894,902,903,909,969,345,0,6,4,3,1.000000,4.000000,51,6,59,0,1,1,1,7,67,1.156863
6895,902,914,920,971,241,0,6,4,4,0.000000,2.000000,44,6,50,0,1,1,12,18,69,1.136364
6896,902,903,904,929,344,1,1,3,3,0.000000,7.000000,19,1,23,0,2,2,1,2,27,1.210526
6897,902,917,923,970,201,4,6,3,4,0.000000,5.000000,47,6,47,0,0,0,15,21,68,1.000000
6898,902,933,937,-1,97,0,3,3,4,2.000000,7.000000,60,3,62,1,1,2,31,35,-1,1.033333
6899,902,903,903,992,292,0,0,2,-1,-1.000000,-1.000000,82,0,86,0,3,3,1,1,90,1.048780
6900,903,904,909,984,53,0,5,4,3,6.000000,6.000000,62,5,70,0,5,5,1,6,81,1.129032
6901,903,953,966,985,112,1,4,3,3,1.000000,4.000000,16,8,16,3,3,6,50,63,82,1.000000
6902,903,911,929,971,289,0,4,3,2,1.000000,2.000000,39,6,41,0,1,1,8,26,68,1.051282
6903,903,914,917,949,129,0,3,3,4,3.000000,6.000000,22,3,28,0,4,4,11,14,46,1.272727
6904,903,933,935,973,223,0,2,3,4,0.000000,4.000000,27,2,33,0,5,5,30,32,70,1.222222
6905,904,907,925,990,61,0,5,3,4,4.000000,9.000000,61,6,65,0,0,0,3,21,86,1.065574
6906,904,982,986,-1,346,0,2,2,4,0.000000,9.000000,38,4,13,0,1,1,78,82,-1,0.342105
6907,904,905,907,953,258,1,1,3,3,0.000000,0.000000,42,1,44,1,2,3,1,3,49,1.047619
6908,904,909,909,953,66,0,0,3,-1,-1.000000,-1.000000,42,0,42,0,2,2,5,5,49,1.000000
6909,904,910,915,963,342,0,3,4,4,2.000000,6.000000,46,1,48,0,0,0,6,11,59,1.043478
6910,904,912,912,957,347,0,0,2,-1,-1.000000,-1.000000,40,0,44,0,1,1,8,8,53,1.100000
6911,904,905,918,970,256,2,5,3,4,0.000000,3.000000,45,11,49,1,3,4,1,14,66,1.088889
6912,904,-1,-1,-1,-1,0,-1,-1,-1,-1.000000,-1.000000,21,0,0,0,0,0,-1,-1,-1,0.000000
6913,904,938,938,993,320,0,0,3,-1,-1.000000,-1.000000,53,0,55,0,0,0,34,34,89,1.037736
6914,904,935,941,963,158,2,6,3,3,0.000000,3.000000,21,6,21,0,1,1,31,37,59,1.000000
6915,905,909,935,975,341,3,13,4,3,1.000000,1.000000,38,18,40,0,0,0,4,30,70,1.052632
6916,905,906,908,990,234,0,2,3,4,0.000000,0.000000,78,2,82,0,0,0,1,3,85,1.051282
6917,905,919,920,-1,100,0,1,1,1,0.000000,0.000000,82,1,76,0,4,4,14,15,-1,0.926829
6918,905,906,908,965,9,0,2,3,3,1.000000,1.000000,54,2,56,0,1,1,1,3,60,1.037037
6919,905,928,933,972,295,2,9,3,4,1.000000,6.000000,37,5,37,0,2,2,23,28,67,1.000000
6920,906,936,938,986,17,0,2,2,4,2.000000,3.000000,43,2,45,0,3,3,30,32,80,1.046512
6921,906,907,936,-1,128,0,11,3,3,1.000000,2.000000,76,4,63,1,1,2,1,30,-1,0.828947
6922,906,907,926,983,218,3,2,3,3,2.000000,3.000000,54,16,56,3,1,4,1,20,77,1.037037
6923,906,955,961,-1,103,0,6,3,3,2.000000,4.000000,78,6,37,0,2,2,49,55,-1,0.474359
6924,906,907,909,983,221,0,1,4,4,1.000000,2.000000,68,1,72,1,2,3,1,3,77,1.058824
6925,906,919,932,951,91,0,7,2,4,0.000000,6.000000,19,6,19,2,0,2,13,26,45,1.000000
6926,906,932,965,-1,356,2,9,1,4,0.000000,5.000000,66,16,29,0,6,6,26,59,-1,0.439394
6927,906,907,907,961,90,0,0,4,-1,-1.000000,-1.000000,52,0,54,0,0,0,1,1,55,1.038462
6928,906,909,909,984,285,0,0,2,-1,-1.000000,-1.000000,72,0,74,0,1,1,3,3,78,1.027778
6929,906,924,930,999,30,0,6,2,3,1.000000,3.000000,63,6,69,0,0,0,18,24,93,1.095238
6930,906,919,926,962,225,0,7,2,3,0.000000,2.000000,30,7,36,0,0,0,13,20,56,1.200000
6931,907,-1,-1,-1,-1,0,-1,-1,-1,-1.000000,-1.000000,52,0,0,0,0,0,-1,-1,-1,0.000000
6932,907,909,914,942,95,0,5,3,4,3.000000,5.000000,22,5,28,0,0,0,2,7,35,1.272727
6933,907,909,916,959,361,0,7,3,4,1.000000,5.000000,43,2,43,0,0,0,2,9,52,1.000000
6934,907,909,917,976,395,0,13,2,4,0.000000,3.000000,52,7,58,0,1,1,2,10,69,1.115385
6935,907,909,911,953,128,1,10,4,4,0.000000,4.000000,38,2,38,0,4,4,2,4,46,1.000000
6936,907,956,957,-1,357,0,1,3,3,0.000000,3.000000,59,1,37,0,6,6,49,50,-1,0.627119
6937,907,910,921,952,375,0,2,4,3,3.000000,5.000000,20,10,30,1,1,2,3,14,45,1.500000
6938,907,913,913,958,65,0,0,1,-1,-1.000000,-1.000000,41,0,43,0,2,2,6,6,51,1.048780
6939,908,921,927,986,8,0,6,1,3,0.000000,2.000000,55,6,59,0,0,0,13,19,78,1.072727
6940,908,921,925,942,14,0,4,4,2,2.000000,2.000000,14,4,16,0,1,1,13,17,34,1.142857
6941,908,930,931,1000,136,0,1,3,3,4.000000,4.000000,67,1,67,0,2,2,22,23,92,1.000000
6942,908,920,934,989,132,0,6,2,3,4.000000,4.000000,45,12,55,2,0,2,12,26,81,1.222222
6943,908,909,909,1000,328,0,0,4,-1,-1.000000,-1.000000,87,0,91,0,0,0,1,1,92,1.045977
6944,908,920,920,966,308,0,0,3,-1,-1.000000,-1.000000,36,0,44,0,2,2,12,12,58,1.222222
6945,908,917,918,945,337,0,1,3,3,0.000000,6.000000,27,1,27,0,0,0,9,10,37,1.000000
6946,908,910,910,-1,316,0,0,3,-1,-1.000000,-1.000000,97,0,90,0,0,0,2,2,-1,0.927835
6947,908,-1,-1,-1,-1,0,-1,-1,-1,-1.000000,-1.000000,41,0,0,0,0,0,-1,-1,-1,0.000000
6948,908,909,913,967,342,0,4,3,4,0.000000,6.000000,40,3,48,0,6,6,1,5,59,1.200000
6949,908,931,931,938,94,0,0,4,-1,-1.000000,-1.000000,6,0,6,0,1,1,23,23,30,1.000000
6950,909,913,914,972,11,0,1,4,4,2.000000,4.000000,52,1,56,0,2,2,4,5,63,1.076923
6951,909,910,910,956,256,0,0,4,-1,-1.000000,-1.000000,38,0,44,0,2,2,1,1,47,1.157895
6952,909,927,929,968,232,0,2,1,4,1.000000,6.000000,37,2,37,0,2,2,18,20,59,1.000000
6953,909,930,930,981,61,0,0,3,-1,-1.000000,-1.000000,49,0,49,0,2,2,21,21,72,1.000000
6954,909,910,913,941,361,0,3,3,3,1.000000,2.000000,28,3,28,0,0,0,1,4,32,1.000000
6955,909,911,911,926,295,0,0,3,-1,-1.000000,-1.000000,13,0,13,0,2,2,2,2,17,1.000000
6956,909,922,945,988,201,0,2,3,3,0.000000,6.000000,41,8,41,1,2,3,13,36,79,1.000000
6957,909,-1,-1,-1,-1,0,-1,-1,-1,-1.000000,-1.000000,50,0,0,0,0,0,-1,-1,-1,0.000000
6958,910,933,950,-1,46,1,7,4,4,1.000000,3.000000,107,16,50,0,0,0,23,40,-1,0.467290
6959,910,929,932,-1,283,0,3,2,3,0.000000,4.000000,73,3,67,0,1,1,19,22,-1,0.917808
6960,910,911,917,987,128,0,6,2,4,2.000000,4.000000,57,6,69,0,1,1,1,7,77,1.210526
6961,910,916,965,997,299,5,8,3,4,0.000000,7.000000,25,18,31,1,1,2,6,55,87,1.240000
6962,910,911,913,951,336,1,5,3,4,2.000000,7.000000,38,2,38,0,0,0,1,3,41,1.000000
6963,911,984,984,-1,219,0,0,4,-1,-1.000000,-1.000000,108,0,14,0,2,2,73,73,-1,0.129630
6964,911,912,915,964,336,0,3,4,3,1.000000,4.000000,38,3,44,0,5,5,1,4,53,1.157895
6965,911,978,996,-1,287,0,3,2,4,0.000000,2.000000,36,3,3,0,1,1,67,85,-1,0.083333
6966,911,912,916,994,395,0,4,4,4,0.000000,5.000000,72,4,78,0,0,0,1,5,83,1.083333
6967,911,914,923,962,99,0,7,4,3,0.000000,4.000000,36,6,38,2,1,3,3,12,51,1.055556
6968,912,970,970,-1,14,0,0,3,-1,-1.000000,-1.000000,67,0,28,0,2,2,58,58,-1,0.417910
6969,912,913,916,981,326,0,3,4,4,0.000000,6.000000,60,3,62,0,3,3,1,4,69,1.033333
6970,912,913,913,985,185,0,0,3,-1,-1.000000,-1.000000,70,0,72,0,0,0,1,1,73,1.028571
6971,912,972,972,-1,330,0,0,4,-1,-1.000000,-1.000000,43,0,28,0,0,0,60,60,-1,0.651163
6972,913,915,963,986,289,0,5,3,4,1.000000,6.000000,22,5,22,0,1,1,2,50,73,1.000000
6973,913,914,919,979,215,0,5,3,2,1.000000,1.000000,56,5,58,0,2,2,1,6,66,1.035714
6974,913,943,943,-1,199,0,0,3,-1,-1.000000,-1.000000,64,0,56,0,1,1,30,30,-1,0.875000
6975,913,929,929,-1,311,0,0,3,-1,-1.000000,-1.000000,99,0,68,0,3,3,16,16,-1,0.686869
6976,913,943,946,958,95,0,3,2,3,0.000000,3.000000,12,3,12,0,0,0,30,33,45,1.000000
6977,913,-1,-1,-1,-1,0,-1,-1,-1,-1.000000,-1.000000,34,0,0,0,0,0,-1,-1,-1,0.000000
6978,914,995,-1,-1,395,0,5,3,3,0.000000,3.000000,51,1,0,0,0,0,81,-1,-1,0.000000
6979,914,918,918,986,363,0,0,3,-1,-1.000000,-1.000000,57,0,67,0,1,1,4,4,72,1.175439
6980,914,916,920,978,354,0,2,2,4,2.000000,3.000000,50,4,56,0,2,2,2,6,64,1.120000
6981,914,921,930,996,287,2,8,3,3,4.000000,6.000000,63,9,65,0,1,1,7,16,82,1.031746
6982,914,920,922,985,26,0,2,3,4,4.000000,5.000000,46,2,60,0,3,3,6,8,71,1.304348
6983,915,918,928,984,99,0,4,4,4,0.000000,4.000000,50,9,52,0,4,4,3,13,69,1.040000
6984,915,919,920,-1,360,0,1,3,3,0.000000,2.000000,77,1,79,0,1,1,4,5,-1,1.025974
6985,915,-1,-1,-1,-1,0,-1,-1,-1,-1.000000,-1.000000,64,0,0,0,0,0,-1,-1,-1,0.000000
6986,915,919,965,995,371,0,9,4,4,0.000000,6.000000,28,2,30,0,0,0,4,50,80,1.071429
6987,915,927,927,999,386,0,0,3,-1,-1.000000,-1.000000,55,0,69,0,3,3,12,12,84,1.254545
6988,916,-1,-1,-1,-1,0,-1,-1,-1,-1.000000,-1.000000,21,0,0,0,0,0,-1,-1,-1,0.000000
6989,916,917,945,-1,299,0,5,2,3,0.000000,4.000000,56,3,49,0,6,6,1,29,-1,0.875000
6990,916,918,918,968,70,0,0,4,-1,-1.000000,-1.000000,39,0,49,0,1,1,2,2,52,1.256410
6991,916,917,921,1000,52,0,4,4,4,2.000000,8.000000,75,4,75,0,4,4,1,5,84,1.000000
6992,916,928,936,-1,313,1,6,1,3,0.000000,3.000000,56,5,62,0,2,2,12,20,-1,1.107143
6993,916,926,930,-1,148,2,2,3,4,0.000000,3.000000,89,3,69,1,1,2,10,14,-1,0.775281
6994,916,980,982,-1,295,0,1,4,4,0.000000,10.000000,48,1,17,1,1,2,64,66,-1,0.354167
6995,916,917,919,981,107,0,2,4,3,0.000000,1.000000,53,2,59,0,3,3,1,3,65,1.113208
6996,916,936,943,998,368,1,5,4,4,2.000000,4.000000,52,7,54,0,1,1,20,27,82,1.038462
6997,917,918,918,984,299,0,0,3,-1,-1.000000,-1.000000,52,0,60,0,6,6,1,1,67,1.153846
6998,917,931,935,986,246,0,4,3,3,1.000000,3.000000,39,4,47,0,4,4,14,18,69,1.205128
6999,917,985,989,-1,141,0,4,3,4,3.000000,4.000000,60,4,11,0,0,0,68,72,-1,0.183333
7000,917,939,939,975,364,0,0,1,-1,-1.000000,-1.000000,28,0,34,0,2,2,22,22,58,1.214286
7001,917,940,944,994,181,1,11,3,2,0.000000,3.000000,50,4,50,0,0,0,23,27,77,1.000000
7002,917,918,919,963,289,0,1,3,3,0.000000,7.000000,41,1,43,0,1,1,1,2,46,1.048780
7003,917,924,939,997,346,0,7,3,3,1.000000,1.000000,54,6,58,0,0,0,7,22,80,1.074074
7004,917,918,923,975,197,0,5,3,2,2.000000,2.000000,50,4,52,0,0,0,1,6,58,1.040000
7005,917,957,-1,-1,112,1,1,2,2,7.000000,7.000000,49,10,0,3,0,3,40,-1,-1,0.000000
7006,918,919,921,962,366,0,2,3,4,0.000000,0.000000,33,2,41,0,0,0,1,3,44,1.242424
7007,918,938,943,-1,181,0,12,3,2,0.000000,1.000000,54,1,53,0,4,4,20,25,-1,0.981481
7008,918,920,930,981,348,1,14,3,3,0.000000,2.000000,46,10,50,0,1,1,2,12,63,1.086957
7009,918,919,926,972,261,0,6,3,3,3.000000,4.000000,44,6,44,1,2,3,1,8,54,1.000000
7010,918,923,923,978,301,0,0,2,-1,-1.000000,-1.000000,49,0,55,0,0,0,5,5,60,1.122449
7011,918,919,924,987,282,0,2,2,4,2.000000,5.000000,46,4,62,1,1,2,1,6,69,1.347826
7012,918,969,970,-1,182,0,1,2,2,3.000000,3.000000,45,1,30,0,0,0,51,52,-1,0.666667
7013,918,925,937,955,150,0,3,3,3,4.000000,6.000000,16,11,18,1,0,1,7,19,37,1.125000
7014,918,924,928,999,279,0,4,4,3,0.000000,7.000000,62,4,66,0,5,5,6,10,81,1.064516
7015,919,920,923,974,99,0,2,3,4,0.000000,6.000000,47,2,49,1,2,3,1,4,55,1.042553
7016,919,937,937,966,72,0,0,3,-1,-1.000000,-1.000000,25,0,29,0,0,0,18,18,47,1.160000
7017,919,936,936,990,257,0,0,3,-1,-1.000000,-1.000000,39,0,47,0,7,7,17,17,71,1.205128
7018,919,926,939,958,87,0,3,3,3,0.000000,4.000000,17,1,19,0,0,0,7,20,39,1.117647
7019,919,930,930,956,133,0,0,3,-1,-1.000000,-1.000000,26,0,26,0,0,0,11,11,37,1.000000
7020,919,922,949,-1,380,1,7,4,4,4.000000,4.000000,59,11,49,2,2,4,3,30,-1,0.830508
7021,919,930,930,982,36,0,0,4,-1,-1.000000,-1.000000,42,0,52,0,0,0,11,11,63,1.238095
7022,919,975,975,-1,176,0,0,2,-1,-1.000000,-1.000000,44,0,23,0,2,2,56,56,-1,0.522727
7023,919,925,926,986,307,0,1,4,4,0.000000,0.000000,58,1,58,0,2,2,6,7,67,1.000000
7024,920,924,953,1000,59,0,8,4,3,1.000000,1.000000,43,18,47,1,0,1,4,33,80,1.093023
7025,920,930,932,-1,263,0,2,2,3,0.000000,1.000000,87,2,67,0,1,1,10,12,-1,0.770115
7026,920,992,994,-1,337,0,2,3,4,0.000000,11.000000,31,2,6,0,0,0,72,74,-1,0.193548
7027,920,961,966,-1,331,0,6,3,4,1.000000,2.000000,78,3,34,0,0,0,41,46,-1,0.435897
7028,920,965,972,-1,255,0,5,4,4,0.000000,1.000000,67,7,27,0,1,1,45,52,-1,0.402985
7029,920,921,926,979,397,0,5,3,3,0.000000,5.000000,41,5,51,0,2,2,1,6,59,1.243902
7030,920,946,947,969,12,0,1,4,4,4.000000,6.000000,20,1,22,0,0,0,26,27,49,1.100000
7031,920,921,928,979,30,3,7,4,4,1.000000,3.000000,38,6,46,1,5,6,1,8,59,1.210526
7032,920,925,933,972,314,0,5,3,4,0.000000,2.000000,35,7,37,1,2,3,5,13,52,1.057143
7033,920,928,934,951,37,2,16,3,3,1.000000,5.000000,15,6,17,0,0,0,8,14,31,1.133333
7034,921,928,956,-1,127,0,10,4,4,4.000000,5.000000,43,6,44,0,0,0,7,35,-1,1.023256
7035,921,922,926,977,287,0,4,3,4,0.000000,3.000000,43,4,49,0,2,2,1,5,56,1.139535
7036,921,938,939,962,296,0,1,2,2,0.000000,2.000000,17,1,23,0,0,0,17,18,41,1.352941
7037,921,947,947,-1,124,0,0,2,-1,-1.000000,-1.000000,69,0,53,0,0,0,26,26,-1,0.768116
7038,922,923,954,-1,31,0,12,3,4,0.000000,6.000000,64,6,44,1,2,3,1,32,-1,0.687500
7039,922,939,941,959,334,0,2,4,3,1.000000,5.000000,14,2,18,0,0,0,17,19,37,1.285714
7040,922,926,926,983,219,0,0,3,-1,-1.000000,-1.000000,56,0,56,0,1,1,4,4,61,1.000000
7041,923,929,931,944,27,0,2,4,3,0.000000,6.000000,11,2,13,0,0,0,6,8,21,1.181818
7042,923,945,-1,-1,153,0,2,3,3,0.000000,2.000000,47,0,0,1,0,1,22,-1,-1,0.000000
7043,923,924,932,964,273,0,8,2,4,0.000000,3.000000,30,3,32,0,0,0,1,9,41,1.066667
7044,923,944,949,988,374,0,5,4,4,2.000000,5.000000,39,5,39,0,0,0,21,26,65,1.000000
7045,923,924,928,991,31,0,4,2,3,0.000000,7.000000,58,4,62,0,1,1,1,5,68,1.068966
7046,923,942,961,-1,306,0,8,4,3,2.000000,2.000000,41,11,36,0,3,3,19,38,-1,0.878049
7047,923,951,952,978,222,0,1,3,3,0.000000,4.000000,20,1,26,0,0,0,28,29,55,1.300000
7048,923,958,961,-1,347,0,3,1,3,0.000000,2.000000,39,3,37,0,2,2,35,38,-1,0.948718
7049,924,925,927,975,380,0,2,4,3,1.000000,7.000000,41,2,47,0,1,1,1,3,51,1.146341
7050,924,962,962,-1,88,0,0,3,-1,-1.000000,-1.000000,46,0,38,0,0,0,38,38,-1,0.826087
7051,924,925,933,956,273,0,7,3,4,3.000000,3.000000,17,7,23,0,0,0,1,9,32,1.352941
7052,924,928,929,948,117,0,1,4,4,0.000000,7.000000,18,1,18,0,1,1,4,5,24,1.000000
7053,924,925,929,932,91,0,2,4,3,4.000000,4.000000,3,4,3,0,0,0,1,5,8,1.000000
7054,924,992,999,-1,288,0,5,2,4,6.000000,6.000000,80,7,1,0,0,0,68,75,-1,0.012500
7055,924,956,961,977,150,0,4,3,3,4.000000,4.000000,16,4,16,1,0,1,32,37,53,1.000000
7056,924,929,933,971,64,0,4,3,3,0.000000,5.000000,32,4,36,0,2,2,5,9,47,1.125000
7057,924,925,938,993,348,0,11,4,2,0.000000,0.000000,47,13,55,0,0,0,1,14,69,1.170213
7058,924,925,926,965,369,0,1,4,4,4.000000,5.000000,33,1,35,0,4,4,1,2,41,1.060606
7059,925,995,998,-1,216,0,3,3,3,1.000000,2.000000,34,3,2,0,0,0,70,73,-1,0.058824
7060,925,970,972,-1,367,0,2,3,2,0.000000,0.000000,80,2,28,0,0,0,45,47,-1,0.350000
7061,925,926,939,976,387,0,9,3,3,2.000000,2.000000,35,11,35,2,2,4,1,14,51,1.000000
7062,925,932,934,963,191,0,2,3,3,3.000000,4.000000,25,2,27,0,2,2,7,9,38,1.080000
7063,925,931,933,966,170,0,2,4,4,2.000000,3.000000,28,2,32,0,1,1,6,8,41,1.142857
7064,925,974,978,-1,268,1,1,3,3,7.000000,7.000000,48,4,19,0,3,3,49,53,-1,0.395833
7065,925,940,940,968,230,0,0,3,-1,-1.000000,-1.000000,28,0,28,0,0,0,15,15,43,1.000000
7066,926,927,-1,-1,196,0,2,4,4,2.000000,3.000000,60,2,0,1,0,1,1,-1,-1,0.000000
7067,926,-1,-1,-1,-1,0,-1,-1,-1,-1.000000,-1.000000,79,0,0,0,0,0,-1,-1,-1,0.000000
7068,926,927,928,951,205,0,1,3,3,2.000000,3.000000,23,1,23,0,0,0,1,2,25,1.000000
7069,926,927,931,964,273,0,3,4,3,0.000000,4.000000,27,3,31,1,2,3,1,5,38,1.148148
7070,927,934,939,-1,183,0,5,4,4,0.000000,2.000000,74,5,57,0,4,4,7,12,-1,0.770270
7071,927,935,944,-1,378,1,6,4,3,0.000000,3.000000,49,6,56,0,0,0,8,17,-1,1.142857
7072,927,930,930,954,40,0,0,3,-1,-1.000000,-1.000000,22,0,24,0,0,0,3,3,27,1.090909
7073,927,941,943,-1,254,0,2,2,4,0.000000,1.000000,60,2,57,0,0,0,14,16,-1,0.950000
7074,927,-1,-1,-1,-1,0,-1,-1,-1,-1.000000,-1.000000,64,0,0,0,0,0,-1,-1,-1,0.000000
7075,927,-1,-1,-1,-1,0,-1,-1,-1,-1.000000,-1.000000,94,0,0,0,0,0,-1,-1,-1,0.000000
7076,927,928,929,960,59,0,1,3,3,2.000000,2.000000,29,1,31,0,0,0,1,2,33,1.068966
7077,928,943,945,-1,212,1,7,3,3,2.000000,6.000000,69,2,55,0,0,0,15,17,-1,0.797101
7078,928,936,937,998,242,0,1,2,2,0.000000,4.000000,60,1,60,0,1,1,8,9,70,1.000000
7079,928,940,943,965,6,1,3,3,3,0.000000,4.000000,17,2,21,1,1,2,12,15,37,1.235294
7080,928,931,937,985,358,0,6,4,4,1.000000,9.000000,43,5,47,0,1,1,3,9,57,1.093023
7081,928,951,966,-1,7,0,5,3,2,3.000000,3.000000,47,6,33,0,1,1,23,38,-1,0.702128
7082,928,933,936,999,169,0,2,2,4,0.000000,14.000000,58,2,62,1,1,2,5,8,71,1.068966
7083,928,929,943,973,341,0,5,3,3,0.000000,1.000000,24,8,30,0,0,0,1,15,45,1.250000
7084,928,929,929,973,313,0,0,2,-1,-1.000000,-1.000000,40,0,42,0,2,2,1,1,45,1.050000
7085,928,-1,-1,-1,-1,0,-1,-1,-1,-1.000000,-1.000000,46,0,0,0,0,0,-1,-1,-1,0.000000
7086,929,930,945,953,358,2,6,3,4,1.000000,4.000000,7,14,7,1,1,2,1,16,24,1.000000
7087,929,934,944,958,252,0,10,2,3,1.000000,1.000000,14,10,14,0,0,0,5,15,29,1.000000
7088,929,931,939,950,101,0,6,4,4,1.000000,1.000000,9,6,11,0,0,0,2,10,21,1.222222
7089,929,941,941,969,244,0,0,3,-1,-1.000000,-1.000000,26,0,28,0,0,0,12,12,40,1.076923
7090,929,938,940,-1,144,0,2,1,3,2.000000,2.000000,78,2,59,0,1,1,9,11,-1,0.756410
7091,929,953,959,-1,248,0,6,4,3,3.000000,3.000000,73,6,41,0,0,0,24,30,-1,0.561644
7092,929,955,955,989,293,0,0,3,-1,-1.000000,-1.000000,29,0,33,0,1,1,26,26,60,1.137931
7093,929,936,936,986,71,0,0,2,-1,-1.000000,-1.000000,41,0,49,0,1,1,7,7,57,1.195122
7094,929,965,971,-1,300,2,4,2,3,0.000000,2.000000,82,3,29,3,0,3,36,42,-1,0.353659
7095,929,944,945,961,114,0,1,4,4,5.000000,7.000000,16,1,16,0,0,0,15,16,32,1.000000
7096,930,955,-1,-1,62,0,13,3,4,1.000000,4.000000,34,7,0,0,0,0,25,-1,-1,0.000000
7097,930,931,936,980,127,0,5,4,4,0.000000,6.000000,37,5,41,0,3,3,1,6,50,1.108108
7098,930,-1,-1,-1,-1,0,-1,-1,-1,-1.000000,-1.000000,22,0,0,0,0,0,-1,-1,-1,0.000000
7099,930,948,956,962,7,0,4,3,2,2.000000,3.000000,6,5,6,0,0,0,18,26,32,1.000000
7100,930,968,-1,-1,40,5,7,1,4,0.000000,5.000000,18,19,0,2,0,2,38,-1,-1,0.000000
7101,930,-1,-1,-1,-1,0,-1,-1,-1,-1.000000,-1.000000,30,0,0,0,0,0,-1,-1,-1,0.000000
7102,930,931,937,957,37,0,6,4,3,0.000000,3.000000,19,6,19,0,1,1,1,7,27,1.000000
7103,931,932,935,992,85,1,2,3,3,3.000000,3.000000,50,3,56,0,1,1,1,4,61,1.120000
7104,931,932,948,976,79,0,3,3,4,1.000000,4.000000,24,5,28,0,0,0,1,17,45,1.166667
7105,931,932,936,-1,390,0,2,3,3,0.000000,8.000000,59,4,64,0,0,0,1,5,-1,1.084746
7106,931,954,954,999,249,0,0,3,-1,-1.000000,-1.000000,36,0,42,0,3,3,23,23,68,1.166667
7107,931,942,967,-1,361,0,2,3,4,0.000000,8.000000,61,2,32,1,1,2,11,36,-1,0.524590
7108,932,938,946,-1,284,1,10,4,4,0.000000,4.000000,49,8,54,0,0,0,6,14,-1,1.102041
7109,932,962,963,-1,253,0,1,4,4,0.000000,0.000000,75,1,37,0,0,0,30,31,-1,0.493333
7110,932,933,937,-1,91,0,4,4,4,0.000000,5.000000,63,4,61,0,2,2,1,5,-1,0.968254
7111,932,933,968,-1,356,2,10,3,2,0.000000,4.000000,28,9,32,0,0,0,1,36,-1,1.142857
7112,932,934,941,961,46,1,9,3,4,2.000000,3.000000,19,7,19,0,1,1,2,9,29,1.000000
7113,932,933,935,1000,341,0,2,2,3,0.000000,1.000000,63,2,65,0,0,0,1,3,68,1.031746
7114,933,939,941,987,372,0,2,2,3,0.000000,0.000000,42,2,44,0,2,2,6,8,54,1.047619
7115,933,941,949,990,73,0,8,2,4,0.000000,2.000000,35,6,39,0,2,2,8,16,57,1.114286
7116,933,934,939,968,358,0,5,4,2,1.000000,3.000000,25,5,29,0,0,0,1,6,35,1.160000
7117,933,945,958,-1,212,2,10,4,3,3.000000,6.000000,60,13,41,0,1,1,12,25,-1,0.683333
7118,933,952,952,993,119,0,0,3,-1,-1.000000,-1.000000,39,0,41,0,0,0,19,19,60,1.051282
7119,934,955,-1,-1,178,2,7,2,4,0.000000,5.000000,52,4,0,1,0,1,21,-1,-1,0.000000
7120,934,935,938,970,224,0,3,3,3,0.000000,2.000000,30,1,30,0,2,2,1,4,36,1.000000
7121,934,935,938,972,356,0,3,3,2,3.000000,3.000000,32,3,34,0,0,0,1,4,38,1.062500
7122,934,972,991,-1,64,0,2,3,3,2.000000,6.000000,63,3,9,2,0,2,38,57,-1,0.142857
7123,934,943,944,992,392,0,1,3,3,2.000000,3.000000,36,1,46,0,2,2,9,10,58,1.277778
7124,934,-1,-1,-1,-1,0,-1,-1,-1,-1.000000,-1.000000,59,0,0,0,0,0,-1,-1,-1,0.000000
7125,934,944,-1,-1,228,2,8,3,4,0.000000,2.000000,57,6,0,2,0,2,10,-1,-1,0.000000
7126,935,-1,-1,-1,-1,0,-1,-1,-1,-1.000000,-1.000000,88,0,0,0,0,0,-1,-1,-1,0.000000
7127,935,940,942,979,240,0,2,3,4,0.000000,2.000000,29,2,35,0,2,2,5,7,44,1.206897
7128,935,992,-1,-1,73,0,12,3,3,0.000000,5.000000,65,6,0,0,0,0,57,-1,-1,0.000000
7129,935,936,936,971,21,0,0,3,-1,-1.000000,-1.000000,33,0,35,0,0,0,1,1,36,1.060606
7130,935,972,976,-1,241,0,4,4,4,0.000000,4.000000,48,4,24,0,0,0,37,41,-1,0.500000
7131,935,973,973,993,261,0,0,4,-1,-1.000000,-1.000000,19,0,19,0,1,1,38,38,58,1.000000
7132,935,937,953,-1,275,0,9,4,4,2.000000,3.000000,73,8,45,0,2,2,2,18,-1,0.616438
7133,936,937,950,985,146,0,9,2,3,1.000000,5.000000,34,6,34,0,1,1,1,14,49,1.000000
7134,936,949,973,-1,193,0,6,2,4,0.000000,1.000000,70,6,27,0,0,0,13,37,-1,0.385714
7135,936,937,939,998,378,0,2,3,3,1.000000,1.000000,49,2,57,0,2,2,1,3,62,1.163265
7136,936,939,977,-1,317,1,8,2,4,0.000000,1.000000,52,5,23,0,0,0,3,41,-1,0.442308
7137,937,-1,-1,-1,-1,0,-1,-1,-1,-1.000000,-1.000000,105,0,0,0,0,0,-1,-1,-1,0.000000
7138,937,938,939,996,146,0,1,3,3,2.000000,7.000000,52,1,52,0,5,5,1,2,59,1.000000
7139,937,940,941,977,76,0,1,3,3,3.000000,4.000000,27,1,35,0,1,1,3,4,40,1.296296
7140,937,952,953,992,250,0,1,4,4,4.000000,6.000000,38,1,38,0,1,1,15,16,55,1.000000
7141,937,947,-1,-1,212,2,17,2,3,0.000000,1.000000,48,8,0,0,0,0,10,-1,-1,0.000000
7142,937,938,942,973,376,0,4,3,2,0.000000,0.000000,30,4,30,0,1,1,1,5,36,1.000000
7143,938,964,-1,-1,191,0,4,4,3,0.000000,1.000000,37,0,0,1,0,1,26,-1,-1,0.000000
7144,938,971,987,-1,69,1,8,4,3,0.000000,1.000000,47,8,13,1,0,1,33,49,-1,0.276596
7145,938,966,966,-1,227,0,0,2,-1,-1.000000,-1.000000,56,0,33,0,1,1,28,28,-1,0.589286
7146,938,-1,-1,-1,-1,0,-1,-1,-1,-1.000000,-1.000000,58,0,0,0,0,0,-1,-1,-1,0.000000
7147,938,939,951,974,176,0,3,3,4,4.000000,7.000000,21,11,23,1,0,1,1,13,36,1.095238
7148,938,947,951,-1,118,0,4,3,2,0.000000,1.000000,70,4,49,0,0,0,9,13,-1,0.700000
7149,938,943,946,-1,368,0,1,3,3,1.000000,3.000000,75,3,53,0,1,1,5,8,-1,0.706667
7150,938,964,981,-1,42,0,6,4,4,1.000000,3.000000,73,5,18,0,1,1,26,43,-1,0.246575
7151,938,960,961,-1,333,0,1,3,3,0.000000,5.000000,60,1,38,0,1,1,22,23,-1,0.633333
7152,938,943,945,-1,361,0,2,3,4,0.000000,6.000000,53,2,53,0,2,2,5,7,-1,1.000000
7153,938,939,952,-1,181,2,10,3,3,1.000000,2.000000,68,3,48,0,0,0,1,14,-1,0.705882
7154,938,945,945,987,383,0,0,4,-1,-1.000000,-1.000000,36,0,38,0,4,4,7,7,49,1.055556
7155,939,962,962,-1,251,0,0,4,-1,-1.000000,-1.000000,43,0,38,0,0,0,23,23,-1,0.883721
7156,939,940,941,981,86,0,1,3,3,3.000000,5.000000,30,1,38,0,2,2,1,2,42,1.266667
7157,939,940,941,-1,317,0,1,3,3,0.000000,1.000000,72,1,59,0,0,0,1,2,-1,0.819444
7158,939,943,955,-1,304,0,8,3,4,2.000000,8.000000,77,12,45,0,0,0,4,16,-1,0.584416
7159,939,940,951,-1,0,1,12,1,3,0.000000,4.000000,61,10,49,1,0,1,1,12,-1,0.803279
7160,939,992,994,-1,18,0,2,3,4,3.000000,7.000000,25,2,6,0,0,0,53,55,-1,0.240000
7161,939,-1,-1,-1,-1,0,-1,-1,-1,-1.000000,-1.000000,56,0,0,0,0,0,-1,-1,-1,0.000000
7162,939,962,963,-1,114,0,1,4,4,0.000000,6.000000,54,1,35,0,2,2,23,24,-1,0.648148
7163,940,977,-1,-1,379,3,5,1,3,1.000000,1.000000,78,14,0,0,0,0,37,-1,-1,0.000000
7164,940,941,950,1000,284,1,15,3,4,0.000000,2.000000,48,8,48,1,2,3,1,10,60,1.000000
7165,940,943,944,-1,264,0,1,3,3,0.000000,5.000000,66,1,56,0,0,0,3,4,-1,0.848485
7166,940,941,945,-1,160,0,4,2,4,1.000000,4.000000,63,4,55,0,0,0,1,5,-1,0.873016
7167,940,-1,-1,-1,-1,0,-1,-1,-1,-1.000000,-1.000000,45,0,0,0,0,0,-1,-1,-1,0.000000
7168,940,941,941,-1,324,0,0,3,-1,-1.000000,-1.000000,69,0,59,0,0,0,1,1,-1,0.855072
7169,940,948,949,981,340,0,1,3,3,0.000000,3.000000,23,1,31,0,1,1,8,9,41,1.347826
7170,941,942,945,965,162,0,3,3,3,0.000000,3.000000,18,3,18,0,2,2,1,4,24,1.000000
7171,941,942,944,967,275,0,2,3,3,0.000000,2.000000,23,2,23,0,0,0,1,3,26,1.000000
7172,941,947,950,1000,131,0,3,4,4,0.000000,4.000000,42,3,48,0,2,2,6,9,59,1.142857
7173,941,942,950,965,284,2,12,2,4,0.000000,3.000000,15,7,15,1,0,1,1,9,24,1.000000
7174,941,963,964,-1,274,0,1,3,3,0.000000,3.000000,61,1,34,0,2,2,22,23,-1,0.557377
7175,942,999,1000,-1,378,0,1,2,2,5.000000,5.000000,77,1,0,0,0,0,57,58,-1,0.000000
7176,942,950,956,973,269,0,5,3,4,2.000000,4.000000,17,5,17,1,0,1,8,14,31,1.000000
7177,942,996,996,-1,286,0,0,3,-1,-1.000000,-1.000000,42,0,4,0,0,0,54,54,-1,0.095238
7178,942,947,947,966,51,0,0,2,-1,-1.000000,-1.000000,15,0,19,0,0,0,5,5,24,1.266667
7179,942,943,958,-1,0,1,7,3,4,0.000000,5.000000,71,11,42,2,0,2,1,16,-1,0.591549
7180,942,-1,-1,-1,-1,0,-1,-1,-1,-1.000000,-1.000000,34,0,0,0,0,0,-1,-1,-1,0.000000
7181,942,943,978,-1,284,2,8,4,4,0.000000,1.000000,107,4,21,0,1,1,1,36,-1,0.196262
7182,942,977,983,-1,202,0,17,4,4,1.000000,2.000000,60,2,17,0,0,0,35,41,-1,0.283333
7183,942,952,969,-1,102,2,8,2,3,2.000000,3.000000,53,5,29,1,2,3,10,27,-1,0.547170
7184,942,969,-1,-1,381,0,3,4,3,6.000000,6.000000,46,6,0,1,0,1,27,-1,-1,0.000000
7185,942,995,995,-1,159,0,0,2,-1,-1.000000,-1.000000,49,0,5,0,0,0,53,53,-1,0.102041
7186,942,952,959,-1,248,0,8,3,4,0.000000,5.000000,68,3,39,0,2,2,10,17,-1,0.573529
7187,943,960,961,-1,184,0,1,1,1,0.000000,0.000000,44,1,36,0,3,3,17,18,-1,0.818182
7188,943,944,949,-1,306,0,5,3,3,0.000000,4.000000,55,5,48,0,3,3,1,6,-1,0.872727
7189,943,944,952,-1,284,0,8,2,4,3.000000,4.000000,65,8,48,0,0,0,1,9,-1,0.738462
7190,943,947,957,-1,121,2,13,4,4,2.000000,3.000000,38,8,43,0,0,0,4,14,-1,1.131579
7191,943,-1,-1,-1,-1,0,-1,-1,-1,-1.000000,-1.000000,60,0,0,0,0,0,-1,-1,-1,0.000000
7192,944,973,973,-1,259,0,0,4,-1,-1.000000,-1.000000,66,0,26,0,1,1,29,29,-1,0.393939
7193,944,945,948,992,235,0,1,4,4,1.000000,7.000000,36,3,42,0,2,2,1,4,48,1.166667
7194,944,953,954,-1,247,0,1,3,3,4.000000,4.000000,82,1,46,0,0,0,9,10,-1,0.560976
7195,944,983,985,-1,151,0,2,3,3,1.000000,3.000000,66,2,15,0,0,0,39,41,-1,0.227273
7196,944,945,950,-1,377,1,6,3,3,0.000000,2.000000,44,5,50,0,0,0,1,6,-1,1.136364
7197,944,983,-1,-1,339,0,1,3,3,0.000000,4.000000,80,8,0,0,0,0,39,-1,-1,0.000000
7198,944,946,951,990,337,0,5,4,4,0.000000,5.000000,35,5,37,0,2,2,2,7,46,1.057143
7199,944,959,967,980,164,1,8,4,3,2.000000,4.000000,10,5,12,0,1,1,15,23,36,1.200000
7200,945,954,957,-1,120,0,3,3,3,0.000000,0.000000,51,3,43,0,0,0,9,12,-1,0.843137
7201,945,951,967,998,101,1,6,1,4,0.000000,0.000000,26,9,30,0,1,1,6,22,53,1.153846
7202,946,-1,-1,-1,-1,0,-1,-1,-1,-1.000000,-1.000000,7,0,0,0,0,0,-1,-1,-1,0.000000
7203,946,955,956,-1,276,0,1,4,4,0.000000,6.000000,60,1,42,0,2,2,9,10,-1,0.700000
7204,946,-1,-1,-1,-1,0,-1,-1,-1,-1.000000,-1.000000,57,0,0,0,0,0,-1,-1,-1,0.000000
7205,946,-1,-1,-1,-1,0,-1,-1,-1,-1.000000,-1.000000,65,0,0,0,0,0,-1,-1,-1,0.000000
7206,946,958,963,-1,116,0,4,3,4,0.000000,4.000000,61,4,37,1,0,1,12,17,-1,0.606557
7207,946,951,964,981,82,4,14,3,4,2.000000,4.000000,16,10,16,2,1,3,5,18,35,1.000000
7208,946,953,958,975,375,0,2,4,3,1.000000,2.000000,10,4,16,1,1,2,7,12,29,1.600000
7209,947,951,963,-1,248,0,8,3,3,0.000000,3.000000,59,3,35,0,2,2,4,16,-1,0.593220
7210,947,948,950,989,143,0,2,3,3,1.000000,4.000000,39,2,39,0,0,0,1,3,42,1.000000
7211,948,949,949,999,0,0,0,4,-1,-1.000000,-1.000000,37,0,49,0,1,1,1,1,51,1.324324
7212,948,949,956,984,212,2,9,3,4,1.000000,3.000000,25,7,27,0,1,1,1,8,36,1.080000
7213,948,-1,-1,-1,-1,0,-1,-1,-1,-1.000000,-1.000000,29,0,0,0,0,0,-1,-1,-1,0.000000
7214,948,950,972,-1,145,0,6,4,4,0.000000,2.000000,55,9,26,0,2,2,2,24,-1,0.472727
7215,949,967,967,-1,72,0,0,4,-1,-1.000000,-1.000000,74,0,33,0,0,0,18,18,-1,0.445946
7216,949,979,979,-1,262,0,0,2,-1,-1.000000,-1.000000,41,0,20,0,1,1,30,30,-1,0.487805
7217,949,-1,-1,-1,-1,0,-1,-1,-1,-1.000000,-1.000000,50,0,0,0,0,0,-1,-1,-1,0.000000
7218,949,953,969,-1,2,0,6,4,4,1.000000,3.000000,30,4,28,0,3,3,4,20,-1,0.933333
7219,949,950,956,-1,155,0,4,3,3,1.000000,3.000000,43,6,43,0,1,1,1,7,-1,1.000000
7220,949,963,965,983,85,0,2,2,3,1.000000,2.000000,16,2,18,0,0,0,14,16,34,1.125000
7221,949,952,952,981,213,0,0,4,-1,-1.000000,-1.000000,18,0,26,0,3,3,3,3,32,1.444444
7222,950,-1,-1,-1,-1,0,-1,-1,-1,-1.000000,-1.000000,54,0,0,0,0,0,-1,-1,-1,0.000000
7223,950,955,962,-1,164,1,8,2,2,0.000000,2.000000,41,7,37,0,1,1,5,12,-1,0.902439
7224,950,-1,-1,-1,-1,0,-1,-1,-1,-1.000000,-1.000000,40,0,0,0,0,0,-1,-1,-1,0.000000
7225,950,-1,-1,-1,-1,0,-1,-1,-1,-1.000000,-1.000000,20,0,0,0,0,0,-1,-1,-1,0.000000
7226,950,973,976,990,64,0,1,4,4,4.000000,8.000000,11,3,13,0,1,1,23,26,40,1.181818
7227,950,952,963,994,112,0,7,3,4,1.000000,3.000000,21,6,31,1,0,1,2,13,44,1.476190
7228,950,969,973,-1,70,0,4,2,4,0.000000,4.000000,47,4,26,0,1,1,19,23,-1,0.553191
7229,950,951,956,-1,117,0,2,4,4,1.000000,2.000000,56,4,41,1,3,4,1,6,-1,0.732143
7230,950,968,978,-1,130,1,6,3,4,1.000000,3.000000,80,10,19,0,3,3,18,28,-1,0.237500
7231,951,952,963,-1,89,2,10,2,4,0.000000,8.000000,41,9,37,1,0,1,1,12,-1,0.902439
7232,951,954,-1,-1,187,3,10,3,4,1.000000,1.000000,55,7,0,0,0,0,3,-1,-1,0.000000
7233,951,974,984,-1,269,1,6,3,4,0.000000,4.000000,63,8,16,0,0,0,23,33,-1,0.253968
7234,951,-1,-1,-1,-1,0,-1,-1,-1,-1.000000,-1.000000,18,0,0,0,0,0,-1,-1,-1,0.000000
7235,951,-1,-1,-1,-1,0,-1,-1,-1,-1.000000,-1.000000,50,0,0,0,0,0,-1,-1,-1,0.000000
7236,951,952,959,-1,82,5,4,4,3,2.000000,6.000000,67,7,37,0,4,4,1,8,-1,0.552239
7237,951,-1,-1,-1,-1,0,-1,-1,-1,-1.000000,-1.000000,93,0,0,0,0,0,-1,-1,-1,0.000000
7238,951,961,961,-1,329,0,0,2,-1,-1.000000,-1.000000,65,0,36,0,3,3,10,10,-1,0.553846
7239,951,958,967,1000,44,0,5,4,4,3.000000,4.000000,31,3,31,0,2,2,7,16,49,1.000000
7240,951,987,989,-1,177,0,1,3,3,0.000000,2.000000,66,1,11,1,0,1,36,38,-1,0.166667
7241,952,-1,-1,-1,-1,0,-1,-1,-1,-1.000000,-1.000000,79,0,0,0,0,0,-1,-1,-1,0.000000
7242,952,963,966,986,33,0,3,3,3,0.000000,1.000000,19,3,19,0,1,1,11,14,34,1.000000
7243,952,953,953,962,82,0,0,3,-1,-1.000000,-1.000000,9,0,9,0,0,0,1,1,10,1.000000
7244,952,953,954,-1,101,0,1,3,3,0.000000,0.000000,60,1,46,0,0,0,1,2,-1,0.766667
7245,952,957,957,-1,256,0,0,4,-1,-1.000000,-1.000000,48,0,42,0,1,1,5,5,-1,0.875000
7246,952,966,966,-1,9,0,0,3,-1,-1.000000,-1.000000,49,0,32,0,2,2,14,14,-1,0.653061
7247,953,954,967,-1,351,1,10,4,4,1.000000,4.000000,62,8,33,0,0,0,1,14,-1,0.532258
7248,953,954,961,976,212,0,5,4,3,1.000000,3.000000,14,5,14,2,1,3,1,8,23,1.000000
7249,953,960,960,-1,334,0,0,4,-1,-1.000000,-1.000000,51,0,39,0,1,1,7,7,-1,0.764706
7250,953,963,963,-1,366,0,0,3,-1,-1.000000,-1.000000,49,0,36,0,1,1,10,10,-1,0.734694
7251,953,961,965,-1,396,0,4,3,3,1.000000,1.000000,60,4,34,0,1,1,8,12,-1,0.566667
7252,953,970,975,-1,294,0,5,3,3,1.000000,1.000000,41,5,25,0,0,0,17,22,-1,0.609756
7253,953,954,955,-1,2,0,1,3,3,0.000000,3.000000,45,1,42,0,3,3,1,2,-1,0.933333
7254,953,956,965,-1,193,1,7,1,4,1.000000,2.000000,64,9,34,0,1,1,3,12,-1,0.531250
7255,954,955,993,-1,187,0,13,3,4,3.000000,5.000000,37,10,6,0,1,1,1,39,-1,0.162162
7256,954,-1,-1,-1,-1,0,-1,-1,-1,-1.000000,-1.000000,81,0,0,0,0,0,-1,-1,-1,0.000000
7257,954,955,957,961,145,0,2,4,4,0.000000,3.000000,4,2,4,0,0,0,1,3,7,1.000000
7258,954,967,-1,-1,51,0,3,4,4,0.000000,2.000000,25,1,0,0,0,0,13,-1,-1,0.000000
7259,954,955,962,-1,351,0,6,2,4,2.000000,4.000000,59,6,37,1,1,2,1,8,-1,0.627119
7260,954,-1,-1,-1,-1,0,-1,-1,-1,-1.000000,-1.000000,85,0,0,0,0,0,-1,-1,-1,0.000000
7261,955,962,965,-1,115,0,3,3,4,0.000000,2.000000,65,3,35,0,0,0,7,10,-1,0.538462
7262,955,956,964,-1,28,0,8,2,3,0.000000,4.000000,40,8,34,0,2,2,1,9,-1,0.850000
7263,955,960,964,-1,164,0,4,4,2,1.000000,1.000000,64,2,34,0,2,2,5,9,-1,0.531250
7264,955,956,962,-1,350,0,4,3,4,1.000000,3.000000,39,6,37,0,1,1,1,7,-1,0.948718
7265,956,963,964,995,338,0,1,3,3,1.000000,4.000000,31,1,31,0,0,0,7,8,39,1.000000
7266,956,-1,-1,-1,-1,0,-1,-1,-1,-1.000000,-1.000000,41,0,0,0,0,0,-1,-1,-1,0.000000
7267,956,984,985,-1,221,0,1,2,2,6.000000,6.000000,22,1,14,0,1,1,28,29,-1,0.636364
7268,956,962,969,-1,164,1,5,3,2,1.000000,1.000000,23,6,31,0,0,0,6,13,-1,1.347826
7269,957,958,961,-1,22,0,3,3,4,2.000000,4.000000,59,3,39,0,0,0,1,4,-1,0.661017
7270,957,960,971,997,252,1,4,3,4,2.000000,5.000000,23,11,25,0,1,1,3,14,40,1.086957
7271,957,972,976,992,54,1,5,3,4,0.000000,6.000000,16,4,16,0,0,0,15,19,35,1.000000
7272,957,982,994,-1,140,0,7,4,4,4.000000,6.000000,20,7,6,0,0,0,25,37,-1,0.300000
7273,957,958,970,-1,62,0,10,3,4,0.000000,2.000000,39,9,30,0,0,0,1,13,-1,0.769231
7274,957,958,966,971,167,1,8,3,2,0.000000,0.000000,5,8,5,0,0,0,1,9,14,1.000000
7275,958,959,961,992,15,1,4,3,4,1.000000,4.000000,27,1,31,1,0,1,1,3,34,1.148148
7276,958,984,989,-1,140,0,3,4,4,2.000000,5.000000,69,2,7,0,4,4,26,31,-1,0.101449
7277,958,959,960,996,391,0,1,4,4,1.000000,4.000000,24,1,32,0,4,4,1,2,38,1.333333
7278,958,971,975,-1,126,0,4,3,4,1.000000,2.000000,23,4,24,0,1,1,13,17,-1,1.043478
7279,958,959,960,989,370,0,1,3,3,2.000000,3.000000,28,1,28,0,1,1,1,2,31,1.000000
7280,958,962,965,-1,1,0,1,4,4,0.000000,2.000000,32,3,35,0,0,0,4,7,-1,1.093750
7281,958,959,963,-1,123,0,4,1,4,0.000000,1.000000,60,4,35,0,2,2,1,5,-1,0.583333
7282,959,-1,-1,-1,-1,0,-1,-1,-1,-1.000000,-1.000000,29,0,0,0,0,0,-1,-1,-1,0.000000
7283,959,963,968,-1,296,0,5,3,3,0.000000,2.000000,88,5,32,0,0,0,4,9,-1,0.363636
7284,959,960,962,-1,44,0,2,4,4,0.000000,3.000000,37,2,37,0,1,1,1,3,-1,1.000000
7285,959,963,969,997,109,1,11,4,3,0.000000,5.000000,26,4,28,2,0,2,4,10,38,1.076923
7286,959,960,967,-1,34,0,7,2,4,2.000000,5.000000,49,7,29,0,4,4,1,8,-1,0.591837
7287,959,961,970,-1,62,0,8,4,3,5.000000,7.000000,40,1,29,0,1,1,2,11,-1,0.725000
7288,960,961,-1,-1,179,1,2,3,3,2.000000,3.000000,9,4,0,0,0,0,1,-1,-1,0.000000
7289,960,961,963,-1,167,0,2,3,4,0.000000,2.000000,55,2,36,0,1,1,1,3,-1,0.654545
7290,960,962,976,-1,85,1,1,3,3,0.000000,1.000000,63,10,23,2,1,3,2,16,-1,0.365079
7291,960,984,986,-1,208,0,2,3,3,5.000000,5.000000,62,2,13,0,1,1,24,26,-1,0.209677
7292,960,961,962,-1,15,0,1,4,4,0.000000,4.000000,35,1,34,0,4,4,1,2,-1,0.971429
7293,960,983,986,-1,258,0,3,3,2,0.000000,1.000000,66,3,14,0,0,0,23,26,-1,0.212121
7294,960,-1,-1,-1,-1,0,-1,-1,-1,-1.000000,-1.000000,43,0,0,0,0,0,-1,-1,-1,0.000000
7295,961,963,969,-1,82,0,6,1,2,4.000000,4.000000,35,6,30,0,1,1,2,8,-1,0.857143
7296,961,962,970,-1,145,1,7,3,4,4.000000,4.000000,57,8,30,0,0,0,1,9,-1,0.526316
7297,961,962,965,-1,187,0,3,3,3,0.000000,3.000000,38,3,34,0,1,1,1,4,-1,0.894737
7298,961,975,983,-1,272,2,5,3,2,1.000000,1.000000,86,7,17,1,0,1,14,22,-1,0.197674
7299,961,962,966,-1,62,1,4,3,4,0.000000,4.000000,56,3,33,1,1,2,1,5,-1,0.589286
7300,961,969,-1,-1,358,0,4,3,3,1.000000,5.000000,49,11,0,0,0,0,8,-1,-1,0.000000
7301,961,-1,-1,-1,-1,0,-1,-1,-1,-1.000000,-1.000000,16,0,0,0,0,0,-1,-1,-1,0.000000
7302,961,963,964,-1,266,0,1,3,3,3.000000,4.000000,41,1,35,0,1,1,2,3,-1,0.853659
7303,961,962,968,1000,344,0,4,4,4,3.000000,4.000000,32,6,32,0,0,0,1,7,39,1.000000
7304,961,971,972,-1,224,0,1,4,4,0.000000,7.000000,62,1,25,0,3,3,10,11,-1,0.403226
7305,962,-1,-1,-1,-1,0,-1,-1,-1,-1.000000,-1.000000,31,0,0,0,0,0,-1,-1,-1,0.000000
7306,962,991,991,-1,64,0,0,4,-1,-1.000000,-1.000000,35,0,8,0,1,1,29,29,-1,0.228571
7307,962,968,977,-1,138,0,9,2,2,3.000000,4.000000,68,9,23,0,0,0,6,15,-1,0.338235
7308,962,-1,-1,-1,-1,0,-1,-1,-1,-1.000000,-1.000000,46,0,0,0,0,0,-1,-1,-1,0.000000
7309,962,991,1000,-1,142,1,7,3,2,3.000000,3.000000,56,2,0,0,0,0,29,38,-1,0.000000
7310,962,963,975,-1,41,2,4,3,3,5.000000,5.000000,48,10,23,1,2,3,1,13,-1,0.479167
7311,962,992,992,-1,31,0,0,4,-1,-1.000000,-1.000000,42,0,8,0,0,0,30,30,-1,0.190476
7312,962,999,-1,-1,270,0,2,3,3,1.000000,2.000000,42,1,0,0,0,0,37,-1,-1,0.000000
7313,962,966,969,-1,162,0,3,2,3,0.000000,4.000000,77,3,29,0,2,2,4,7,-1,0.376623
7314,962,963,963,-1,35,0,0,4,-1,-1.000000,-1.000000,32,0,33,0,4,4,1,1,-1,1.031250
7315,962,985,992,-1,66,0,7,3,4,0.000000,7.000000,42,7,8,0,0,0,23,30,-1,0.190476
7316,962,963,967,-1,331,0,3,2,3,1.000000,2.000000,89,3,31,1,2,3,1,5,-1,0.348315
7317,962,980,-1,-1,397,0,3,3,4,0.000000,2.000000,81,1,0,0,0,0,18,-1,-1,0.000000
7318,962,965,975,-1,281,0,8,4,3,0.000000,2.000000,36,8,25,0,0,0,3,13,-1,0.694444
7319,962,965,980,-1,109,0,10,2,4,5.000000,5.000000,36,8,20,0,0,0,3,18,-1,0.555556
7320,963,980,982,-1,192,0,2,4,3,0.000000,2.000000,51,2,17,0,1,1,17,19,-1,0.333333
7321,963,991,-1,-1,337,0,7,3,3,0.000000,8.000000,34,1,0,0,0,0,28,-1,-1,0.000000
7322,963,982,982,-1,326,0,0,4,-1,-1.000000,-1.000000,59,0,17,0,1,1,19,19,-1,0.288136
7323,963,964,968,989,41,1,2,2,3,3.000000,3.000000,20,4,20,0,1,1,1,5,26,1.000000
7324,963,964,-1,-1,203,0,9,2,4,2.000000,5.000000,65,8,0,0,0,0,1,-1,-1,0.000000
7325,963,964,970,-1,40,1,4,2,3,1.000000,1.000000,54,5,29,1,1,2,1,7,-1,0.537037
7326,963,980,984,-1,175,0,4,4,4,0.000000,8.000000,72,4,13,0,3,3,17,21,-1,0.180556
7327,963,978,984,990,212,0,4,3,4,4.000000,6.000000,6,6,6,0,0,0,15,21,27,1.000000
7328,964,969,983,995,41,0,8,4,4,2.000000,3.000000,9,7,11,0,1,1,5,19,31,1.222222
7329,964,-1,-1,-1,-1,0,-1,-1,-1,-1.000000,-1.000000,37,0,0,0,0,0,-1,-1,-1,0.000000
7330,964,993,-1,-1,194,0,5,2,4,0.000000,6.000000,42,2,0,0,0,0,29,-1,-1,0.000000
7331,964,965,973,-1,42,1,6,4,4,0.000000,2.000000,49,7,25,0,2,2,1,9,-1,0.510204
7332,964,985,985,-1,53,0,0,3,-1,-1.000000,-1.000000,74,0,14,0,1,1,21,21,-1,0.189189
7333,964,965,-1,-1,191,0,5,4,4,4.000000,6.000000,7,12,0,1,0,1,1,-1,-1,0.000000
7334,965,971,974,-1,201,0,3,3,4,0.000000,0.000000,56,3,26,0,0,0,6,9,-1,0.464286
7335,965,966,976,-1,109,0,8,3,4,5.000000,5.000000,52,6,23,1,1,2,1,11,-1,0.442308
7336,965,977,979,-1,280,0,2,4,3,3.000000,3.000000,54,2,20,0,1,1,12,14,-1,0.370370
7337,965,968,984,-1,308,1,11,2,4,0.000000,4.000000,41,10,15,1,1,2,3,19,-1,0.365854
7338,965,966,975,1000,399,0,2,3,4,0.000000,5.000000,20,4,22,1,3,4,1,10,35,1.100000
7339,965,981,983,1000,38,0,2,3,3,0.000000,6.000000,16,2,16,0,1,1,16,18,35,1.000000
7340,965,966,969,-1,111,0,3,4,4,0.000000,4.000000,53,3,29,0,2,2,1,4,-1,0.547170
7341,966,974,978,-1,376,3,4,4,4,0.000000,1.000000,36,4,22,0,0,0,8,12,-1,0.611111
7342,966,-1,-1,-1,-1,0,-1,-1,-1,-1.000000,-1.000000,38,0,0,0,0,0,-1,-1,-1,0.000000
7343,966,967,973,998,109,0,6,2,4,4.000000,4.000000,24,6,24,0,1,1,1,7,32,1.000000
7344,966,-1,-1,-1,-1,0,-1,-1,-1,-1.000000,-1.000000,43,0,0,0,0,0,-1,-1,-1,0.000000
7345,967,973,975,-1,356,0,2,4,4,0.000000,5.000000,54,2,25,0,0,0,6,8,-1,0.462963
7346,967,982,989,-1,174,0,5,3,3,2.000000,2.000000,18,7,10,0,1,1,15,22,-1,0.555556
7347,967,977,984,-1,384,1,5,2,4,1.000000,1.000000,49,5,16,0,0,0,10,17,-1,0.326531
7348,967,977,983,-1,238,0,5,2,3,2.000000,2.000000,38,5,15,1,2,3,10,16,-1,0.394737
7349,967,972,991,-1,87,3,4,3,4,0.000000,2.000000,69,6,8,3,1,4,5,24,-1,0.115942
7350,967,-1,-1,-1,-1,0,-1,-1,-1,-1.000000,-1.000000,44,0,0,0,0,0,-1,-1,-1,0.000000
7351,967,968,969,980,51,0,1,2,2,0.000000,2.000000,11,1,11,0,0,0,1,2,13,1.000000
7352,968,-1,-1,-1,-1,0,-1,-1,-1,-1.000000,-1.000000,27,0,0,0,0,0,-1,-1,-1,0.000000
7353,968,989,991,-1,298,0,2,2,3,4.000000,4.000000,59,2,9,0,0,0,21,23,-1,0.152542
7354,968,-1,-1,-1,-1,0,-1,-1,-1,-1.000000,-1.000000,34,0,0,0,0,0,-1,-1,-1,0.000000
7355,968,972,972,-1,21,0,0,2,-1,-1.000000,-1.000000,40,0,25,0,3,3,4,4,-1,0.625000
7356,968,973,980,-1,12,1,5,4,3,1.000000,3.000000,47,3,18,0,2,2,5,12,-1,0.382979
7357,968,-1,-1,-1,-1,0,-1,-1,-1,-1.000000,-1.000000,82,0,0,0,0,0,-1,-1,-1,0.000000
7358,968,-1,-1,-1,-1,0,-1,-1,-1,-1.000000,-1.000000,4,0,0,0,0,0,-1,-1,-1,0.000000
7359,968,970,974,-1,191,0,2,3,3,2.000000,5.000000,28,4,26,0,0,0,2,6,-1,0.928571
7360,969,977,985,-1,98,1,6,2,3,2.000000,2.000000,54,8,14,0,1,1,8,16,-1,0.259259
7361,969,971,971,-1,358,0,0,3,-1,-1.000000,-1.000000,50,0,28,0,1,1,2,2,-1,0.560000
7362,969,974,978,-1,313,0,4,3,4,0.000000,5.000000,46,4,21,0,1,1,5,9,-1,0.456522
7363,969,970,972,1000,149,0,2,3,3,0.000000,1.000000,20,2,26,0,2,2,1,3,31,1.300000
7364,969,-1,-1,-1,-1,0,-1,-1,-1,-1.000000,-1.000000,78,0,0,0,0,0,-1,-1,-1,0.000000
7365,969,987,992,-1,265,0,3,4,4,0.000000,7.000000,53,3,8,2,0,2,18,23,-1,0.150943
7366,969,970,973,-1,315,0,3,4,4,0.000000,2.000000,51,3,26,0,1,1,1,4,-1,0.509804
7367,969,-1,-1,-1,-1,0,-1,-1,-1,-1.000000,-1.000000,29,0,0,0,0,0,-1,-1,-1,0.000000
7368,969,970,980,-1,281,2,3,3,3,0.000000,2.000000,42,7,20,0,0,0,1,11,-1,0.476190
7369,970,976,977,-1,380,0,1,3,3,2.000000,2.000000,50,1,21,0,2,2,6,7,-1,0.420000
7370,970,-1,-1,-1,-1,0,-1,-1,-1,-1.000000,-1.000000,73,0,0,0,0,0,-1,-1,-1,0.000000
7371,970,-1,-1,-1,-1,0,-1,-1,-1,-1.000000,-1.000000,23,0,0,0,0,0,-1,-1,-1,0.000000
7372,970,-1,-1,-1,-1,0,-1,-1,-1,-1.000000,-1.000000,47,0,0,0,0,0,-1,-1,-1,0.000000
7373,970,971,975,-1,308,1,5,2,3,1.000000,4.000000,49,4,23,0,2,2,1,5,-1,0.469388
7374,970,980,982,-1,240,0,1,4,4,4.000000,6.000000,49,1,17,1,1,2,10,12,-1,0.346939
7375,970,974,979,-1,223,0,4,3,4,3.000000,4.000000,32,4,18,1,3,4,4,9,-1,0.562500
7376,970,971,973,-1,220,0,2,2,4,1.000000,2.000000,63,2,27,0,0,0,1,3,-1,0.428571
7377,970,971,972,-1,231,0,1,4,4,3.000000,6.000000,52,1,24,0,4,4,1,2,-1,0.461538
7378,971,974,981,-1,238,1,5,4,2,2.000000,2.000000,60,6,17,0,2,2,3,10,-1,0.283333
7379,971,972,976,-1,42,0,3,4,4,1.000000,3.000000,24,3,23,1,1,2,1,5,-1,0.958333
7380,971,974,985,-1,327,4,5,4,4,0.000000,4.000000,48,11,14,0,1,1,3,14,-1,0.291667
7381,971,972,985,-1,69,0,9,4,3,0.000000,1.000000,42,5,15,0,0,0,1,14,-1,0.357143
7382,971,980,982,-1,55,0,2,4,4,0.000000,4.000000,71,2,18,0,0,0,9,11,-1,0.253521
7383,971,991,995,-1,239,1,4,3,4,0.000000,9.000000,36,2,5,2,0,2,20,24,-1,0.138889
7384,971,976,977,-1,238,1,7,3,4,3.000000,4.000000,34,1,21,0,2,2,5,6,-1,0.617647
7385,971,972,975,-1,41,0,3,3,3,0.000000,3.000000,35,3,23,0,2,2,1,4,-1,0.657143
7386,971,973,987,-1,321,0,6,3,3,4.000000,4.000000,47,6,13,0,0,0,2,16,-1,0.276596
7387,971,973,980,981,314,0,4,4,3,3.000000,4.000000,1,6,1,1,0,1,2,9,10,1.000000
7388,972,981,986,-1,122,0,5,2,4,1.000000,3.000000,52,5,13,0,1,1,9,14,-1,0.250000
7389,972,-1,-1,-1,-1,0,-1,-1,-1,-1.000000,-1.000000,49,0,0,0,0,0,-1,-1,-1,0.000000
7390,972,977,992,-1,373,0,8,4,3,0.000000,2.000000,24,10,8,1,0,1,5,20,-1,0.333333
7391,972,973,977,-1,308,0,3,3,3,0.000000,4.000000,49,3,23,1,0,1,1,5,-1,0.469388
7392,972,986,-1,-1,86,0,4,4,4,0.000000,6.000000,52,9,0,2,0,2,14,-1,-1,0.000000
7393,972,988,988,-1,383,0,0,3,-1,-1.000000,-1.000000,62,0,11,0,1,1,16,16,-1,0.177419
7394,973,976,985,994,197,1,8,2,4,0.000000,3.000000,7,9,9,0,0,0,3,12,21,1.285714
7395,973,974,975,-1,69,0,1,3,3,0.000000,1.000000,37,1,25,0,0,0,1,2,-1,0.675676
7396,973,974,975,-1,244,0,1,1,1,0.000000,0.000000,43,1,24,0,1,1,1,2,-1,0.558140
7397,973,984,987,-1,85,0,3,4,3,0.000000,5.000000,62,3,13,0,0,0,11,14,-1,0.209677
7398,973,977,977,-1,90,0,0,4,-1,-1.000000,-1.000000,27,0,21,0,2,2,4,4,-1,0.777778
7399,973,975,977,-1,99,0,2,2,2,4.000000,4.000000,76,2,23,0,0,0,2,4,-1,0.302632
7400,973,-1,-1,-1,-1,0,-1,-1,-1,-1.000000,-1.000000,35,0,0,0,0,0,-1,-1,-1,0.000000
7401,973,975,977,-1,154,2,5,3,4,0.000000,1.000000,76,2,23,0,0,0,2,4,-1,0.302632
7402,973,974,976,-1,130,0,2,3,4,1.000000,4.000000,48,2,24,0,0,0,1,3,-1,0.500000
7403,973,988,989,-1,128,0,1,3,3,1.000000,2.000000,55,1,11,0,0,0,15,16,-1,0.200000
7404,973,974,977,-1,87,0,3,3,4,0.000000,2.000000,79,3,23,0,0,0,1,4,-1,0.291139
7405,974,998,998,-1,135,0,0,4,-1,-1.000000,-1.000000,22,0,2,0,0,0,24,24,-1,0.090909
7406,974,975,983,-1,54,0,5,3,2,0.000000,3.000000,50,5,14,3,3,6,1,9,-1,0.280000
7407,974,975,978,985,359,0,3,4,2,0.000000,0.000000,6,3,6,0,1,1,1,4,11,1.000000
7408,975,989,989,-1,374,0,0,2,-1,-1.000000,-1.000000,53,0,10,0,1,1,14,14,-1,0.188679
7409,975,986,987,-1,43,0,1,4,4,0.000000,5.000000,17,1,13,0,0,0,11,12,-1,0.764706
7410,975,-1,-1,-1,-1,0,-1,-1,-1,-1.000000,-1.000000,30,0,0,0,0,0,-1,-1,-1,0.000000
7411,975,988,989,-1,77,0,1,4,4,3.000000,5.000000,97,1,11,0,0,0,13,14,-1,0.113402
7412,975,976,977,-1,161,0,1,4,4,0.000000,1.000000,31,1,22,0,1,1,1,2,-1,0.709677
7413,975,-1,-1,-1,-1,0,-1,-1,-1,-1.000000,-1.000000,58,0,0,0,0,0,-1,-1,-1,0.000000
7414,975,981,986,-1,375,0,5,4,3,3.000000,5.000000,21,5,14,0,0,0,6,11,-1,0.666667
7415,975,976,977,985,364,0,1,3,3,2.000000,3.000000,8,1,8,0,0,0,1,2,10,1.000000
7416,976,980,984,986,151,1,6,3,4,0.000000,3.000000,2,4,2,0,0,0,4,8,10,1.000000
7417,976,-1,-1,-1,-1,0,-1,-1,-1,-1.000000,-1.000000,33,0,0,0,0,0,-1,-1,-1,0.000000
7418,976,999,-1,-1,242,0,14,4,4,0.000000,2.000000,102,1,0,0,0,0,23,-1,-1,0.000000
7419,976,982,985,-1,314,0,3,3,3,0.000000,4.000000,34,3,13,0,2,2,6,9,-1,0.382353
7420,976,977,983,-1,79,0,6,2,4,0.000000,2.000000,34,6,17,0,0,0,1,7,-1,0.500000
7421,976,977,979,988,269,0,2,3,4,0.000000,4.000000,7,2,9,0,0,0,1,3,12,1.285714
7422,976,979,984,-1,222,0,5,3,3,4.000000,4.000000,20,5,15,0,1,1,3,8,-1,0.750000
7423,976,977,997,-1,375,0,3,3,4,3.000000,6.000000,54,13,3,1,0,1,1,21,-1,0.055556
7424,976,-1,-1,-1,-1,0,-1,-1,-1,-1.000000,-1.000000,57,0,0,0,0,0,-1,-1,-1,0.000000
7425,977,-1,-1,-1,-1,0,-1,-1,-1,-1.000000,-1.000000,116,0,0,0,0,0,-1,-1,-1,0.000000
7426,977,982,-1,-1,86,0,8,3,3,0.000000,3.000000,25,1,0,0,0,0,5,-1,-1,0.000000
7427,977,978,984,-1,327,0,5,3,3,0.000000,6.000000,37,4,16,0,0,0,1,7,-1,0.432432
7428,977,981,983,-1,397,0,2,3,4,0.000000,3.000000,91,2,17,0,0,0,4,6,-1,0.186813
7429,977,978,984,-1,154,2,6,4,3,0.000000,1.000000,78,6,16,0,0,0,1,7,-1,0.205128
7430,978,994,995,-1,245,0,1,2,2,0.000000,0.000000,24,1,5,0,0,0,16,17,-1,0.208333
7431,978,979,982,-1,287,0,3,4,4,0.000000,2.000000,39,3,17,0,1,1,1,4,-1,0.435897
7432,978,983,983,998,92,0,0,3,-1,-1.000000,-1.000000,12,0,12,0,3,3,5,5,20,1.000000
7433,978,979,-1,-1,376,0,7,4,4,0.000000,2.000000,77,2,0,0,0,0,1,-1,-1,0.000000
7434,978,983,984,-1,353,0,1,3,3,1.000000,1.000000,55,1,15,0,1,1,5,6,-1,0.272727
7435,978,980,987,-1,163,0,7,3,3,0.000000,6.000000,41,7,13,0,0,0,2,9,-1,0.317073
7436,979,-1,-1,-1,-1,0,-1,-1,-1,-1.000000,-1.000000,60,0,0,0,0,0,-1,-1,-1,0.000000
7437,979,982,986,-1,61,0,2,3,3,0.000000,3.000000,85,2,13,0,1,1,3,7,-1,0.152941
7438,979,987,998,-1,363,0,7,4,3,0.000000,5.000000,4,11,2,0,0,0,8,19,-1,0.500000
7439,979,-1,-1,-1,-1,0,-1,-1,-1,-1.000000,-1.000000,78,0,0,0,0,0,-1,-1,-1,0.000000
7440,979,980,982,-1,202,0,2,4,3,0.000000,1.000000,84,2,18,0,0,0,1,3,-1,0.214286
7441,979,981,982,-1,127,0,1,3,3,0.000000,4.000000,38,1,17,0,1,1,2,3,-1,0.447368
7442,979,985,994,-1,265,1,2,4,3,4.000000,6.000000,32,7,5,2,1,3,6,15,-1,0.156250
7443,979,-1,-1,-1,-1,0,-1,-1,-1,-1.000000,-1.000000,61,0,0,0,0,0,-1,-1,-1,0.000000
7444,979,980,984,-1,354,0,4,4,3,2.000000,2.000000,47,4,16,0,0,0,1,5,-1,0.340426
7445,980,-1,-1,-1,-1,0,-1,-1,-1,-1.000000,-1.000000,36,0,0,0,0,0,-1,-1,-1,0.000000
7446,980,-1,-1,-1,-1,0,-1,-1,-1,-1.000000,-1.000000,57,0,0,0,0,0,-1,-1,-1,0.000000
7447,980,-1,-1,-1,-1,0,-1,-1,-1,-1.000000,-1.000000,44,0,0,0,0,0,-1,-1,-1,0.000000
7448,980,-1,-1,-1,-1,0,-1,-1,-1,-1.000000,-1.000000,46,0,0,0,0,0,-1,-1,-1,0.000000
7449,980,981,986,-1,369,4,4,4,4,0.000000,2.000000,39,5,10,0,4,4,1,6,-1,0.256410
7450,980,982,990,-1,214,1,5,4,4,3.000000,5.000000,68,5,10,0,0,0,2,10,-1,0.147059
7451,981,997,997,-1,186,0,0,4,-1,-1.000000,-1.000000,24,0,3,0,0,0,16,16,-1,0.125000
7452,981,982,983,993,154,1,2,4,3,0.000000,1.000000,10,1,10,0,0,0,1,2,12,1.000000
7453,981,-1,-1,-1,-1,0,-1,-1,-1,-1.000000,-1.000000,56,0,0,0,0,0,-1,-1,-1,0.000000
7454,981,984,986,-1,134,0,2,4,3,5.000000,5.000000,18,2,14,0,0,0,3,5,-1,0.777778
7455,981,-1,-1,-1,-1,0,-1,-1,-1,-1.000000,-1.000000,8,0,0,0,0,0,-1,-1,-1,0.000000
7456,981,985,989,-1,299,0,4,1,3,1.000000,2.000000,49,4,10,0,1,1,4,8,-1,0.204082
7457,981,983,990,-1,389,0,7,3,4,0.000000,2.000000,47,7,10,0,0,0,2,9,-1,0.212766
7458,981,998,-1,-1,172,0,5,4,4,0.000000,1.000000,59,1,0,1,0,1,17,-1,-1,0.000000
7459,981,983,992,-1,373,0,3,2,2,4.000000,4.000000,23,9,8,0,0,0,2,11,-1,0.347826
7460,981,994,998,-1,352,0,4,4,4,3.000000,6.000000,50,4,2,0,0,0,13,17,-1,0.040000
7461,981,990,997,-1,370,0,6,4,4,4.000000,8.000000,13,6,3,1,0,1,9,16,-1,0.230769
7462,981,983,1000,-1,61,0,4,4,4,3.000000,6.000000,79,9,0,0,0,0,2,19,-1,0.000000
7463,981,993,998,-1,392,0,5,3,4,1.000000,6.000000,41,5,2,0,0,0,12,17,-1,0.048780
7464,982,983,986,-1,369,1,3,4,4,0.000000,3.000000,29,2,14,1,0,1,1,4,-1,0.482759
7465,982,-1,-1,-1,-1,0,-1,-1,-1,-1.000000,-1.000000,51,0,0,0,0,0,-1,-1,-1,0.000000
7466,982,1000,-1,-1,169,0,7,3,4,1.000000,2.000000,81,0,0,0,0,0,18,-1,-1,0.000000
7467,982,995,995,-1,112,0,0,3,-1,-1.000000,-1.000000,18,0,5,0,0,0,13,13,-1,0.277778
7468,982,983,986,-1,24,0,3,4,4,2.000000,4.000000,66,3,14,0,0,0,1,4,-1,0.212121
7469,982,983,985,-1,214,0,2,2,4,0.000000,3.000000,69,2,15,0,0,0,1,3,-1,0.217391
7470,982,988,988,-1,322,0,0,3,-1,-1.000000,-1.000000,21,0,11,0,1,1,6,6,-1,0.523810
7471,982,984,992,-1,67,1,7,3,3,0.000000,1.000000,90,8,8,0,0,0,2,10,-1,0.088889
7472,983,987,-1,-1,246,1,6,3,3,4.000000,4.000000,74,8,0,0,0,0,4,-1,-1,0.000000
7473,983,-1,-1,-1,-1,0,-1,-1,-1,-1.000000,-1.000000,95,0,0,0,0,0,-1,-1,-1,0.000000
7474,983,989,990,-1,94,0,1,3,3,0.000000,3.000000,51,1,10,0,0,0,6,7,-1,0.196078
7475,983,-1,-1,-1,-1,0,-1,-1,-1,-1.000000,-1.000000,44,0,0,0,0,0,-1,-1,-1,0.000000
7476,983,984,985,-1,339,0,1,3,3,0.000000,4.000000,48,1,13,0,2,2,1,2,-1,0.270833
7477,983,-1,-1,-1,-1,0,-1,-1,-1,-1.000000,-1.000000,107,0,0,0,0,0,-1,-1,-1,0.000000
7478,983,-1,-1,-1,-1,0,-1,-1,-1,-1.000000,-1.000000,30,0,0,0,0,0,-1,-1,-1,0.000000
7479,983,984,987,-1,106,0,3,3,3,0.000000,2.000000,77,3,13,0,0,0,1,4,-1,0.168831
7480,983,984,986,-1,204,0,2,1,4,2.000000,2.000000,47,2,14,0,0,0,1,3,-1,0.297872
7481,984,995,996,-1,301,0,1,3,3,1.000000,1.000000,68,1,4,0,0,0,11,12,-1,0.058824
7482,984,990,996,-1,147,0,4,2,2,5.000000,5.000000,71,6,3,0,1,1,6,12,-1,0.042254
7483,984,985,987,-1,51,0,2,4,4,0.000000,6.000000,26,2,12,0,1,1,1,3,-1,0.461538
7484,984,1000,-1,-1,338,0,9,4,4,4.000000,8.000000,39,0,0,0,0,0,16,-1,-1,0.000000
7485,984,986,990,-1,359,0,4,3,4,0.000000,3.000000,55,4,8,0,2,2,2,6,-1,0.145455
7486,984,999,-1,-1,20,0,8,4,2,0.000000,3.000000,37,1,0,0,0,0,15,-1,-1,0.000000
7487,985,991,1000,-1,257,0,9,4,3,0.000000,5.000000,39,9,0,0,0,0,6,15,-1,0.000000
7488,985,-1,-1,-1,-1,0,-1,-1,-1,-1.000000,-1.000000,95,0,0,0,0,0,-1,-1,-1,0.000000
7489,985,988,990,-1,372,0,2,4,4,0.000000,2.000000,75,2,9,0,1,1,3,5,-1,0.120000
7490,985,-1,-1,-1,-1,0,-1,-1,-1,-1.000000,-1.000000,59,0,0,0,0,0,-1,-1,-1,0.000000
7491,985,-1,-1,-1,-1,0,-1,-1,-1,-1.000000,-1.000000,69,0,0,0,0,0,-1,-1,-1,0.000000
7492,985,986,-1,-1,185,0,9,3,3,1.000000,4.000000,23,5,0,1,0,1,1,-1,-1,0.000000
7493,985,986,986,-1,140,0,0,2,-1,-1.000000,-1.000000,36,0,12,0,2,2,1,1,-1,0.333333
7494,986,993,994,-1,235,0,1,4,4,0.000000,3.000000,40,1,6,0,0,0,7,8,-1,0.150000
7495,986,987,994,-1,33,2,10,2,3,1.000000,3.000000,31,7,6,0,0,0,1,8,-1,0.193548
7496,986,-1,-1,-1,-1,0,-1,-1,-1,-1.000000,-1.000000,65,0,0,0,0,0,-1,-1,-1,0.000000
7497,986,-1,-1,-1,-1,0,-1,-1,-1,-1.000000,-1.000000,14,0,0,0,0,0,-1,-1,-1,0.000000
7498,986,-1,-1,-1,-1,0,-1,-1,-1,-1.000000,-1.000000,45,0,0,0,0,0,-1,-1,-1,0.000000
7499,986,987,988,-1,229,0,1,3,3,0.000000,0.000000,44,1,11,0,1,1,1,2,-1,0.250000
7500,986,-1,-1,-1,-1,0,-1,-1,-1,-1.000000,-1.000000,55,0,0,0,0,0,-1,-1,-1,0.000000
7501,986,-1,-1,-1,-1,0,-1,-1,-1,-1.000000,-1.000000,63,0,0,0,0,0,-1,-1,-1,0.000000
7502,986,-1,-1,-1,-1,0,-1,-1,-1,-1.000000,-1.000000,11,0,0,0,0,0,-1,-1,-1,0.000000
7503,986,990,992,-1,364,0,2,4,3,0.000000,5.000000,55,2,8,0,0,0,4,6,-1,0.145455
7504,986,-1,-1,-1,-1,0,-1,-1,-1,-1.000000,-1.000000,29,0,0,0,0,0,-1,-1,-1,0.000000
7505,987,-1,-1,-1,-1,0,-1,-1,-1,-1.000000,-1.000000,16,0,0,0,0,0,-1,-1,-1,0.000000
7506,987,-1,-1,-1,-1,0,-1,-1,-1,-1.000000,-1.000000,24,0,0,0,0,0,-1,-1,-1,0.000000
7507,987,-1,-1,-1,-1,0,-1,-1,-1,-1.000000,-1.000000,60,0,0,0,0,0,-1,-1,-1,0.000000
7508,987,993,1000,-1,16,0,1,4,4,4.000000,5.000000,37,7,0,0,0,0,6,13,-1,0.000000
7509,987,999,-1,-1,92,0,4,3,4,0.000000,2.000000,41,1,0,0,0,0,12,-1,-1,0.000000
7510,988,993,-1,-1,292,0,1,4,4,0.000000,5.000000,40,1,0,0,0,0,5,-1,-1,0.000000
7511,988,993,-1,-1,250,0,7,4,4,4.000000,6.000000,26,7,0,0,0,0,5,-1,-1,0.000000
7512,988,990,-1,-1,285,1,3,3,3,0.000000,2.000000,17,8,0,2,0,2,2,-1,-1,0.000000
7513,988,-1,-1,-1,-1,0,-1,-1,-1,-1.000000,-1.000000,20,0,0,0,0,0,-1,-1,-1,0.000000
7514,988,990,994,-1,132,0,4,4,3,3.000000,3.000000,41,4,6,0,0,0,2,6,-1,0.146341
7515,989,-1,-1,-1,-1,0,-1,-1,-1,-1.000000,-1.000000,16,0,0,0,0,0,-1,-1,-1,0.000000
7516,989,991,997,-1,137,0,6,4,2,0.000000,2.000000,72,6,3,0,0,0,2,8,-1,0.041667
7517,989,996,-1,-1,338,1,10,3,3,1.000000,3.000000,76,4,0,0,0,0,7,-1,-1,0.000000
7518,989,-1,-1,-1,-1,0,-1,-1,-1,-1.000000,-1.000000,17,0,0,0,0,0,-1,-1,-1,0.000000
7519,989,996,-1,-1,243,1,13,2,4,0.000000,2.000000,47,4,0,0,0,0,7,-1,-1,0.000000
7520,989,-1,-1,-1,-1,0,-1,-1,-1,-1.000000,-1.000000,17,0,0,0,0,0,-1,-1,-1,0.000000
7521,989,-1,-1,-1,-1,0,-1,-1,-1,-1.000000,-1.000000,28,0,0,0,0,0,-1,-1,-1,0.000000
7522,990,-1,-1,-1,-1,0,-1,-1,-1,-1.000000,-1.000000,18,0,0,0,0,0,-1,-1,-1,0.000000
7523,990,994,998,-1,190,0,4,4,4,1.000000,2.000000,57,4,2,0,0,0,4,8,-1,0.035088
7524,990,-1,-1,-1,-1,0,-1,-1,-1,-1.000000,-1.000000,42,0,0,0,0,0,-1,-1,-1,0.000000
7525,990,996,999,-1,395,0,3,3,4,4.000000,6.000000,87,3,1,0,0,0,6,9,-1,0.011494
7526,990,-1,-1,-1,-1,0,-1,-1,-1,-1.000000,-1.000000,45,0,0,0,0,0,-1,-1,-1,0.000000
7527,990,996,996,-1,197,0,0,3,-1,-1.000000,-1.000000,44,0,4,0,0,0,6,6,-1,0.090909
7528,990,-1,-1,-1,-1,0,-1,-1,-1,-1.000000,-1.000000,31,0,0,0,0,0,-1,-1,-1,0.000000
7529,990,991,997,-1,234,1,3,2,3,0.000000,1.000000,68,6,2,0,1,1,1,7,-1,0.029412
7530,991,992,998,-1,185,0,6,4,4,3.000000,6.000000,51,6,2,0,0,0,1,7,-1,0.039216
7531,991,992,993,-1,33,0,1,3,3,1.000000,2.000000,62,1,7,0,0,0,1,2,-1,0.112903
7532,991,998,999,-1,355,0,1,4,4,0.000000,6.000000,80,1,1,0,0,0,7,8,-1,0.012500
7533,991,997,-1,-1,391,0,6,3,2,3.000000,4.000000,74,3,0,0,0,0,6,-1,-1,0.000000
7534,991,-1,-1,-1,-1,0,-1,-1,-1,-1.000000,-1.000000,59,0,0,0,0,0,-1,-1,-1,0.000000
7535,992,-1,-1,-1,-1,0,-1,-1,-1,-1.000000,-1.000000,61,0,0,0,0,0,-1,-1,-1,0.000000
7536,992,-1,-1,-1,-1,0,-1,-1,-1,-1.000000,-1.000000,24,0,0,0,0,0,-1,-1,-1,0.000000
7537,992,-1,-1,-1,-1,0,-1,-1,-1,-1.000000,-1.000000,90,0,0,0,0,0,-1,-1,-1,0.000000
7538,992,993,995,-1,234,0,2,3,3,0.000000,5.000000,30,2,5,0,0,0,1,3,-1,0.166667
7539,992,-1,-1,-1,-1,0,-1,-1,-1,-1.000000,-1.000000,44,0,0,0,0,0,-1,-1,-1,0.000000
7540,992,994,-1,-1,119,0,7,4,3,0.000000,1.000000,25,6,0,0,0,0,2,-1,-1,0.000000
7541,992,998,998,-1,178,0,0,3,-1,-1.000000,-1.000000,27,0,2,0,0,0,6,6,-1,0.074074
7542,993,-1,-1,-1,-1,0,-1,-1,-1,-1.000000,-1.000000,69,0,0,0,0,0,-1,-1,-1,0.000000
7543,993,994,996,-1,95,0,2,3,3,4.000000,4.000000,12,2,4,0,0,0,1,3,-1,0.333333
7544,993,994,-1,-1,269,1,6,1,4,3.000000,6.000000,7,5,0,1,0,1,1,-1,-1,0.000000
7545,993,994,997,-1,239,0,1,3,3,2.000000,4.000000,53,1,3,2,0,2,1,4,-1,0.056604
7546,993,-1,-1,-1,-1,0,-1,-1,-1,-1.000000,-1.000000,36,0,0,0,0,0,-1,-1,-1,0.000000
7547,993,-1,-1,-1,-1,0,-1,-1,-1,-1.000000,-1.000000,33,0,0,0,0,0,-1,-1,-1,0.000000
7548,993,994,994,-1,292,0,0,2,-1,-1.000000,-1.000000,32,0,6,0,0,0,1,1,-1,0.187500
7549,993,-1,-1,-1,-1,0,-1,-1,-1,-1.000000,-1.000000,81,0,0,0,0,0,-1,-1,-1,0.000000
7550,994,995,999,-1,113,0,4,4,4,0.000000,5.000000,35,2,1,0,0,0,1,5,-1,0.028571
7551,994,995,-1,-1,194,0,4,4,4,0.000000,5.000000,58,4,0,0,0,0,1,-1,-1,0.000000
7552,994,-1,-1,-1,-1,0,-1,-1,-1,-1.000000,-1.000000,74,0,0,0,0,0,-1,-1,-1,0.000000
7553,994,-1,-1,-1,-1,0,-1,-1,-1,-1.000000,-1.000000,45,0,0,0,0,0,-1,-1,-1,0.000000
7554,994,997,-1,-1,146,0,6,4,3,0.000000,2.000000,22,2,0,0,0,0,3,-1,-1,0.000000
7555,995,997,-1,-1,246,0,3,4,4,0.000000,3.000000,91,3,0,0,0,0,2,-1,-1,0.000000
7556,995,996,-1,-1,246,0,5,4,3,0.000000,4.000000,64,1,0,0,0,0,1,-1,-1,0.000000
7557,995,-1,-1,-1,-1,0,-1,-1,-1,-1.000000,-1.000000,58,0,0,0,0,0,-1,-1,-1,0.000000
7558,995,-1,-1,-1,-1,0,-1,-1,-1,-1.000000,-1.000000,59,0,0,0,0,0,-1,-1,-1,0.000000
7559,996,-1,-1,-1,-1,0,-1,-1,-1,-1.000000,-1.000000,5,0,0,0,0,0,-1,-1,-1,0.000000
7560,996,1000,-1,-1,386,0,3,3,3,1.000000,2.000000,41,0,0,0,0,0,4,-1,-1,0.000000
7561,996,999,999,-1,109,0,0,2,-1,-1.000000,-1.000000,43,0,1,0,0,0,3,3,-1,0.023256
7562,996,-1,-1,-1,-1,0,-1,-1,-1,-1.000000,-1.000000,14,0,0,0,0,0,-1,-1,-1,0.000000
7563,997,-1,-1,-1,-1,0,-1,-1,-1,-1.000000,-1.000000,68,0,0,0,0,0,-1,-1,-1,0.000000
7564,997,-1,-1,-1,-1,0,-1,-1,-1,-1.000000,-1.000000,28,0,0,0,0,0,-1,-1,-1,0.000000
7565,997,1000,-1,-1,30,0,1,4,4,1.000000,3.000000,46,0,0,0,0,0,3,-1,-1,0.000000
7566,997,998,-1,-1,73,0,4,3,3,2.000000,2.000000,56,2,0,0,0,0,1,-1,-1,0.000000
7567,997,-1,-1,-1,-1,0,-1,-1,-1,-1.000000,-1.000000,88,0,0,0,0,0,-1,-1,-1,0.000000
7568,997,-1,-1,-1,-1,0,-1,-1,-1,-1.000000,-1.000000,67,0,0,0,0,0,-1,-1,-1,0.000000
7569,998,-1,-1,-1,-1,0,-1,-1,-1,-1.000000,-1.000000,60,0,0,0,0,0,-1,-1,-1,0.000000
7570,998,-1,-1,-1,-1,0,-1,-1,-1,-1.000000,-1.000000,37,0,0,0,0,0,-1,-1,-1,0.000000
7571,998,-1,-1,-1,-1,0,-1,-1,-1,-1.000000,-1.000000,42,0,0,0,0,0,-1,-1,-1,0.000000
7572,998,-1,-1,-1,-1,0,-1,-1,-1,-1.000000,-1.000000,57,0,0,0,0,0,-1,-1,-1,0.000000
7573,998,-1,-1,-1,-1,0,-1,-1,-1,-1.000000,-1.000000,44,0,0,0,0,0,-1,-1,-1,0.000000
7574,998,-1,-1,-1,-1,0,-1,-1,-1,-1.000000,-1.000000,52,0,0,0,0,0,-1,-1,-1,0.000000
7575,998,999,999,-1,194,0,0,4,-1,-1.000000,-1.000000,31,0,1,0,0,0,1,1,-1,0.032258
7576,998,999,1000,-1,146,0,1,2,2,0.000000,1.000000,78,1,0,0,0,0,1,2,-1,0.000000
7577,999,-1,-1,-1,-1,0,-1,-1,-1,-1.000000,-1.000000,46,0,0,0,0,0,-1,-1,-1,0.000000
7578,999,-1,-1,-1,-1,0,-1,-1,-1,-1.000000,-1.000000,89,0,0,0,0,0,-1,-1,-1,0.000000
7579,999,-1,-1,-1,-1,0,-1,-1,-1,-1.000000,-1.000000,76,0,0,0,0,0,-1,-1,-1,0.000000
7580,999,-1,-1,-1,-1,0,-1,-1,-1,-1.000000,-1.000000,6,0,0,0,0,0,-1,-1,-1,0.000000
7581,999,-1,-1,-1,-1,0,-1,-1,-1,-1.000000,-1.000000,28,0,0,0,0,0,-1,-1,-1,0.000000
7582,999,-1,-1,-1,-1,0,-1,-1,-1,-1.000000,-1.000000,6,0,0,0,0,0,-1,-1,-1,0.000000
7583,1000,-1,-1,-1,-1,0,-1,-1,-1,-1.000000,-1.000000,28,0,0,0,0,0,-1,-1,-1,0.000000
7584,1000,-1,-1,-1,-1,0,-1,-1,-1,-1.000000,-1.000000,6,0,0,0,0,0,-1,-1,-1,0.000000
7585,1000,-1,-1,-1,-1,0,-1,-1,-1,-1.000000,-1.000000,31,0,0,0,0,0,-1,-1,-1,0.000000
7586,1000,-1,-1,-1,-1,0,-1,-1,-1,-1.000000,-1.000000,80,0,0,0,0,0,-1,-1,-1,0.000000
7587,1000,-1,-1,-1,-1,0,-1,-1,-1,-1.000000,-1.000000,47,0,0,0,0,0,-1,-1,-1,0.000000
7588,1000,-1,-1,-1,-1,0,-1,-1,-1,-1.000000,-1.000000,51,0,0,0,0,0,-1,-1,-1,0.000000
7589,1000,-1,-1,-1,-1,0,-1,-1,-1,-1.000000,-1.000000,29,0,0,0,0,0,-1,-1,-1,0.000000
7590,1000,-1,-1,-1,-1,0,-1,-1,-1,-1.000000,-1.000000,38,0,0,0,0,0,-1,-1,-1,0.000000
7591,1000,-1,-1,-1,-1,0,-1,-1,-1,-1.000000,-1.000000,11,0,0,0,0,0,-1,-1,-1,0.000000
7592,1000,-1,-1,-1,-1,0,-1,-1,-1,-1.000000,-1.000000,52,0,0,0,0,0,-1,-1,-1,0.000000
7593,1000,-1,-1,-1,-1,0,-1,-1,-1,-1.000000,-1.000000,34,0,0,0,0,0,-1,-1,-1,0.000000
7594,1000,-1,-1,-1,-1,0,-1,-1,-1,-1.000000,-1.000000,40,0,0,0,0,0,-1,-1,-1,0.000000
7595,1000,-1,-1,-1,-1,0,-1,-1,-1,-1.000000,-1.000000,85,0,0,0,0,0,-1,-1,-1,0.000000
