task_id,revealed_at,first_assigned_at,picked_up_at,completed_at,first_agent,reassignments,pickup_distance_at_assignment,pickup_local_degree,first_hop_local_degree,first_hop_opposing_flow,first_hop_vertex_flow,service_shortest_distance,empty_distance,loaded_distance,empty_wait_steps,loaded_wait_steps,active_wait_steps,assignment_wait,pickup_wait,completion_time,loaded_detour_ratio
0,0,24,-1,-1,63,741,64,3,2,0,0,53,732,0,186,0,186,24,-1,-1,0.000000
1,0,-1,-1,-1,-1,0,-1,-1,-1,-1.000000,-1.000000,147,0,0,0,0,0,-1,-1,-1,0.000000
2,0,-1,-1,-1,-1,0,-1,-1,-1,-1.000000,-1.000000,107,0,0,0,0,0,-1,-1,-1,0.000000
3,0,-1,-1,-1,-1,0,-1,-1,-1,-1.000000,-1.000000,217,0,0,0,0,0,-1,-1,-1,0.000000
4,0,282,-1,-1,552,1,25,3,4,0.000000,0.000000,87,20,0,8,0,8,282,-1,-1,0.000000
5,0,-1,-1,-1,-1,0,-1,-1,-1,-1.000000,-1.000000,219,0,0,0,0,0,-1,-1,-1,0.000000
6,0,-1,-1,-1,-1,0,-1,-1,-1,-1.000000,-1.000000,165,0,0,0,0,0,-1,-1,-1,0.000000
7,0,-1,-1,-1,-1,0,-1,-1,-1,-1.000000,-1.000000,425,0,0,0,0,0,-1,-1,-1,0.000000
8,0,-1,-1,-1,-1,0,-1,-1,-1,-1.000000,-1.000000,474,0,0,0,0,0,-1,-1,-1,0.000000
9,0,18,-1,-1,1786,652,68,3,2,0.000000,0.000000,13,770,0,211,0,211,18,-1,-1,0.000000
10,0,-1,-1,-1,-1,0,-1,-1,-1,-1.000000,-1.000000,202,0,0,0,0,0,-1,-1,-1,0.000000
11,0,265,-1,-1,5384,0,26,3,2,0.000000,0.000000,87,1,0,2,0,2,265,-1,-1,0.000000
12,0,25,-1,-1,2908,678,63,3,4,0.000000,0.000000,61,680,0,289,0,289,25,-1,-1,0.000000
13,0,-1,-1,-1,-1,0,-1,-1,-1,-1.000000,-1.000000,340,0,0,0,0,0,-1,-1,-1,0.000000
14,0,-1,-1,-1,-1,0,-1,-1,-1,-1.000000,-1.000000,65,0,0,0,0,0,-1,-1,-1,0.000000
15,0,-1,-1,-1,-1,0,-1,-1,-1,-1.000000,-1.000000,132,0,0,0,0,0,-1,-1,-1,0.000000
16,0,-1,-1,-1,-1,0,-1,-1,-1,-1.000000,-1.000000,133,0,0,0,0,0,-1,-1,-1,0.000000
17,0,-1,-1,-1,-1,0,-1,-1,-1,-1.000000,-1.000000,165,0,0,0,0,0,-1,-1,-1,0.000000
18,0,-1,-1,-1,-1,0,-1,-1,-1,-1.000000,-1.000000,107,0,0,0,0,0,-1,-1,-1,0.000000
19,0,-1,-1,-1,-1,0,-1,-1,-1,-1.000000,-1.000000,211,0,0,0,0,0,-1,-1,-1,0.000000
20,0,-1,-1,-1,-1,0,-1,-1,-1,-1.000000,-1.000000,199,0,0,0,0,0,-1,-1,-1,0.000000
21,0,-1,-1,-1,-1,0,-1,-1,-1,-1.000000,-1.000000,107,0,0,0,0,0,-1,-1,-1,0.000000
22,0,22,-1,-1,1467,666,66,3,2,0.000000,0.000000,19,804,0,174,0,174,22,-1,-1,0.000000
23,0,61,-1,-1,2860,1,44,3,2,0.000000,0.000000,91,7,0,3,0,3,61,-1,-1,0.000000
24,0,-1,-1,-1,-1,0,-1,-1,-1,-1.000000,-1.000000,169,0,0,0,0,0,-1,-1,-1,0.000000
25,0,-1,-1,-1,-1,0,-1,-1,-1,-1.000000,-1.000000,134,0,0,0,0,0,-1,-1,-1,0.000000
26,0,-1,-1,-1,-1,0,-1,-1,-1,-1.000000,-1.000000,149,0,0,0,0,0,-1,-1,-1,0.000000
27,0,-1,-1,-1,-1,0,-1,-1,-1,-1.000000,-1.000000,257,0,0,0,0,0,-1,-1,-1,0.000000
28,0,25,-1,-1,698,583,62,3,2,0.000000,0.000000,79,639,0,197,0,197,25,-1,-1,0.000000
29,0,-1,-1,-1,-1,0,-1,-1,-1,-1.000000,-1.000000,241,0,0,0,0,0,-1,-1,-1,0.000000
30,0,-1,-1,-1,-1,0,-1,-1,-1,-1.000000,-1.000000,287,0,0,0,0,0,-1,-1,-1,0.000000
31,0,66,-1,-1,760,3,47,3,4,0.000000,0.000000,85,9,0,6,0,6,66,-1,-1,0.000000
32,0,-1,-1,-1,-1,0,-1,-1,-1,-1.000000,-1.000000,497,0,0,0,0,0,-1,-1,-1,0.000000
33,0,21,-1,-1,2423,740,66,3,2,0.000000,0.000000,25,728,0,251,0,251,21,-1,-1,0.000000
34,0,18,-1,-1,5129,679,69,3,4,0.000000,0.000000,31,684,0,297,0,297,18,-1,-1,0.000000
35,0,23,-1,-1,3939,663,64,3,2,0.000000,0.000000,45,714,0,141,0,141,23,-1,-1,0.000000
36,0,-1,-1,-1,-1,0,-1,-1,-1,-1.000000,-1.000000,151,0,0,0,0,0,-1,-1,-1,0.000000
37,0,-1,-1,-1,-1,0,-1,-1,-1,-1.000000,-1.000000,103,0,0,0,0,0,-1,-1,-1,0.000000
38,0,25,-1,-1,507,758,60,3,2,0.000000,0.000000,43,668,0,258,0,258,25,-1,-1,0.000000
39,0,-1,-1,-1,-1,0,-1,-1,-1,-1.000000,-1.000000,205,0,0,0,0,0,-1,-1,-1,0.000000
40,0,-1,-1,-1,-1,0,-1,-1,-1,-1.000000,-1.000000,277,0,0,0,0,0,-1,-1,-1,0.000000
41,0,-1,-1,-1,-1,0,-1,-1,-1,-1.000000,-1.000000,467,0,0,0,0,0,-1,-1,-1,0.000000
42,0,-1,-1,-1,-1,0,-1,-1,-1,-1.000000,-1.000000,344,0,0,0,0,0,-1,-1,-1,0.000000
43,0,-1,-1,-1,-1,0,-1,-1,-1,-1.000000,-1.000000,279,0,0,0,0,0,-1,-1,-1,0.000000
44,0,-1,-1,-1,-1,0,-1,-1,-1,-1.000000,-1.000000,453,0,0,0,0,0,-1,-1,-1,0.000000
45,0,-1,-1,-1,-1,0,-1,-1,-1,-1.000000,-1.000000,415,0,0,0,0,0,-1,-1,-1,0.000000
46,0,-1,-1,-1,-1,0,-1,-1,-1,-1.000000,-1.000000,172,0,0,0,0,0,-1,-1,-1,0.000000
47,0,-1,-1,-1,-1,0,-1,-1,-1,-1.000000,-1.000000,133,0,0,0,0,0,-1,-1,-1,0.000000
48,0,-1,-1,-1,-1,0,-1,-1,-1,-1.000000,-1.000000,193,0,0,0,0,0,-1,-1,-1,0.000000
49,0,91,-1,-1,1004,712,39,3,4,0.000000,0.000000,43,735,0,118,0,118,91,-1,-1,0.000000
50,0,-1,-1,-1,-1,0,-1,-1,-1,-1.000000,-1.000000,310,0,0,0,0,0,-1,-1,-1,0.000000
51,0,-1,-1,-1,-1,0,-1,-1,-1,-1.000000,-1.000000,351,0,0,0,0,0,-1,-1,-1,0.000000
52,0,-1,-1,-1,-1,0,-1,-1,-1,-1.000000,-1.000000,302,0,0,0,0,0,-1,-1,-1,0.000000
53,0,-1,-1,-1,-1,0,-1,-1,-1,-1.000000,-1.000000,69,0,0,0,0,0,-1,-1,-1,0.000000
54,0,202,-1,-1,5423,433,29,3,4,0.000000,0.000000,57,532,0,89,0,89,202,-1,-1,0.000000
55,0,27,-1,-1,2319,871,61,3,4,0.000000,0.000000,57,732,0,230,0,230,27,-1,-1,0.000000
56,0,441,-1,-1,1880,78,20,3,4,0.000000,0.000000,60,145,0,24,0,24,441,-1,-1,0.000000
57,0,-1,-1,-1,-1,0,-1,-1,-1,-1.000000,-1.000000,448,0,0,0,0,0,-1,-1,-1,0.000000
58,0,-1,-1,-1,-1,0,-1,-1,-1,-1.000000,-1.000000,356,0,0,0,0,0,-1,-1,-1,0.000000
59,0,-1,-1,-1,-1,0,-1,-1,-1,-1.000000,-1.000000,475,0,0,0,0,0,-1,-1,-1,0.000000
60,0,-1,-1,-1,-1,0,-1,-1,-1,-1.000000,-1.000000,149,0,0,0,0,0,-1,-1,-1,0.000000
61,0,-1,-1,-1,-1,0,-1,-1,-1,-1.000000,-1.000000,136,0,0,0,0,0,-1,-1,-1,0.000000
62,0,-1,-1,-1,-1,0,-1,-1,-1,-1.000000,-1.000000,222,0,0,0,0,0,-1,-1,-1,0.000000
63,0,245,-1,-1,6333,0,26,3,4,0.000000,0.000000,144,1,0,2,0,2,245,-1,-1,0.000000
64,0,52,-1,-1,5141,41,46,3,2,0.000000,0.000000,83,110,0,39,0,39,52,-1,-1,0.000000
65,0,-1,-1,-1,-1,0,-1,-1,-1,-1.000000,-1.000000,335,0,0,0,0,0,-1,-1,-1,0.000000
66,0,-1,-1,-1,-1,0,-1,-1,-1,-1.000000,-1.000000,286,0,0,0,0,0,-1,-1,-1,0.000000
67,0,-1,-1,-1,-1,0,-1,-1,-1,-1.000000,-1.000000,339,0,0,0,0,0,-1,-1,-1,0.000000
68,0,-1,-1,-1,-1,0,-1,-1,-1,-1.000000,-1.000000,282,0,0,0,0,0,-1,-1,-1,0.000000
69,0,-1,-1,-1,-1,0,-1,-1,-1,-1.000000,-1.000000,94,0,0,0,0,0,-1,-1,-1,0.000000
70,0,-1,-1,-1,-1,0,-1,-1,-1,-1.000000,-1.000000,91,0,0,0,0,0,-1,-1,-1,0.000000
71,0,-1,-1,-1,-1,0,-1,-1,-1,-1.000000,-1.000000,264,0,0,0,0,0,-1,-1,-1,0.000000
72,0,-1,-1,-1,-1,0,-1,-1,-1,-1.000000,-1.000000,221,0,0,0,0,0,-1,-1,-1,0.000000
73,0,-1,-1,-1,-1,0,-1,-1,-1,-1.000000,-1.000000,282,0,0,0,0,0,-1,-1,-1,0.000000
74,0,-1,-1,-1,-1,0,-1,-1,-1,-1.000000,-1.000000,177,0,0,0,0,0,-1,-1,-1,0.000000
75,0,-1,-1,-1,-1,0,-1,-1,-1,-1.000000,-1.000000,519,0,0,0,0,0,-1,-1,-1,0.000000
76,0,17,-1,-1,6513,706,70,3,2,0.000000,0.000000,13,720,0,262,0,262,17,-1,-1,0.000000
77,0,28,-1,-1,6838,718,57,3,4,0.000000,0.000000,47,703,0,203,0,203,28,-1,-1,0.000000
78,0,-1,-1,-1,-1,0,-1,-1,-1,-1.000000,-1.000000,349,0,0,0,0,0,-1,-1,-1,0.000000
79,0,-1,-1,-1,-1,0,-1,-1,-1,-1.000000,-1.000000,285,0,0,0,0,0,-1,-1,-1,0.000000
80,0,104,-1,-1,4523,0,37,3,4,0.000000,0.000000,73,1,0,1,0,1,104,-1,-1,0.000000
81,0,-1,-1,-1,-1,0,-1,-1,-1,-1.000000,-1.000000,195,0,0,0,0,0,-1,-1,-1,0.000000
82,0,-1,-1,-1,-1,0,-1,-1,-1,-1.000000,-1.000000,281,0,0,0,0,0,-1,-1,-1,0.000000
83,0,-1,-1,-1,-1,0,-1,-1,-1,-1.000000,-1.000000,427,0,0,0,0,0,-1,-1,-1,0.000000
84,0,-1,-1,-1,-1,0,-1,-1,-1,-1.000000,-1.000000,195,0,0,0,0,0,-1,-1,-1,0.000000
85,0,-1,-1,-1,-1,0,-1,-1,-1,-1.000000,-1.000000,188,0,0,0,0,0,-1,-1,-1,0.000000
86,0,-1,-1,-1,-1,0,-1,-1,-1,-1.000000,-1.000000,491,0,0,0,0,0,-1,-1,-1,0.000000
87,0,-1,-1,-1,-1,0,-1,-1,-1,-1.000000,-1.000000,111,0,0,0,0,0,-1,-1,-1,0.000000
88,0,-1,-1,-1,-1,0,-1,-1,-1,-1.000000,-1.000000,375,0,0,0,0,0,-1,-1,-1,0.000000
89,0,-1,-1,-1,-1,0,-1,-1,-1,-1.000000,-1.000000,249,0,0,0,0,0,-1,-1,-1,0.000000
90,0,-1,-1,-1,-1,0,-1,-1,-1,-1.000000,-1.000000,279,0,0,0,0,0,-1,-1,-1,0.000000
91,0,-1,-1,-1,-1,0,-1,-1,-1,-1.000000,-1.000000,361,0,0,0,0,0,-1,-1,-1,0.000000
92,0,-1,-1,-1,-1,0,-1,-1,-1,-1.000000,-1.000000,268,0,0,0,0,0,-1,-1,-1,0.000000
93,0,29,-1,-1,5708,696,56,3,2,0.000000,0.000000,67,721,0,200,0,200,29,-1,-1,0.000000
94,0,-1,-1,-1,-1,0,-1,-1,-1,-1.000000,-1.000000,99,0,0,0,0,0,-1,-1,-1,0.000000
95,0,24,-1,-1,5902,562,62,3,2,0.000000,0.000000,27,684,0,291,0,291,24,-1,-1,0.000000
96,0,-1,-1,-1,-1,0,-1,-1,-1,-1.000000,-1.000000,377,0,0,0,0,0,-1,-1,-1,0.000000
97,0,-1,-1,-1,-1,0,-1,-1,-1,-1.000000,-1.000000,127,0,0,0,0,0,-1,-1,-1,0.000000
98,0,-1,-1,-1,-1,0,-1,-1,-1,-1.000000,-1.000000,211,0,0,0,0,0,-1,-1,-1,0.000000
99,0,-1,-1,-1,-1,0,-1,-1,-1,-1.000000,-1.000000,459,0,0,0,0,0,-1,-1,-1,0.000000
100,0,841,-1,-1,2152,2,15,3,4,0.000000,0.000000,99,11,0,2,0,2,841,-1,-1,0.000000
101,0,-1,-1,-1,-1,0,-1,-1,-1,-1.000000,-1.000000,423,0,0,0,0,0,-1,-1,-1,0.000000
102,0,48,-1,-1,7496,116,48,3,2,0.000000,0.000000,67,224,0,68,0,68,48,-1,-1,0.000000
103,0,67,-1,-1,3272,52,43,3,4,0.000000,0.000000,85,103,0,50,0,50,67,-1,-1,0.000000
104,0,-1,-1,-1,-1,0,-1,-1,-1,-1.000000,-1.000000,160,0,0,0,0,0,-1,-1,-1,0.000000
105,0,31,-1,-1,6230,152,55,3,4,0.000000,0.000000,59,242,0,83,0,83,31,-1,-1,0.000000
106,0,28,-1,-1,6132,260,57,3,4,0.000000,0.000000,59,359,0,107,0,107,28,-1,-1,0.000000
107,0,-1,-1,-1,-1,0,-1,-1,-1,-1.000000,-1.000000,239,0,0,0,0,0,-1,-1,-1,0.000000
108,0,-1,-1,-1,-1,0,-1,-1,-1,-1.000000,-1.000000,211,0,0,0,0,0,-1,-1,-1,0.000000
109,0,-1,-1,-1,-1,0,-1,-1,-1,-1.000000,-1.000000,231,0,0,0,0,0,-1,-1,-1,0.000000
110,0,-1,-1,-1,-1,0,-1,-1,-1,-1.000000,-1.000000,119,0,0,0,0,0,-1,-1,-1,0.000000
111,0,22,-1,-1,7981,835,65,3,4,0.000000,0.000000,25,743,0,231,0,231,22,-1,-1,0.000000
112,0,24,-1,-1,2004,646,64,3,2,0.000000,0.000000,51,643,0,222,0,222,24,-1,-1,0.000000
113,0,-1,-1,-1,-1,0,-1,-1,-1,-1.000000,-1.000000,99,0,0,0,0,0,-1,-1,-1,0.000000
114,0,24,-1,-1,1184,280,66,3,2,0.000000,0.000000,69,397,0,109,0,109,24,-1,-1,0.000000
115,0,-1,-1,-1,-1,0,-1,-1,-1,-1.000000,-1.000000,359,0,0,0,0,0,-1,-1,-1,0.000000
116,0,-1,-1,-1,-1,0,-1,-1,-1,-1.000000,-1.000000,81,0,0,0,0,0,-1,-1,-1,0.000000
117,0,-1,-1,-1,-1,0,-1,-1,-1,-1.000000,-1.000000,339,0,0,0,0,0,-1,-1,-1,0.000000
118,0,436,-1,-1,5087,0,19,3,4,0.000000,0.000000,95,3,0,0,0,0,436,-1,-1,0.000000
119,0,-1,-1,-1,-1,0,-1,-1,-1,-1.000000,-1.000000,211,0,0,0,0,0,-1,-1,-1,0.000000
120,0,-1,-1,-1,-1,0,-1,-1,-1,-1.000000,-1.000000,351,0,0,0,0,0,-1,-1,-1,0.000000
121,0,-1,-1,-1,-1,0,-1,-1,-1,-1.000000,-1.000000,422,0,0,0,0,0,-1,-1,-1,0.000000
122,0,231,-1,-1,4276,91,27,3,2,0.000000,0.000000,76,192,0,53,0,53,231,-1,-1,0.000000
123,0,-1,-1,-1,-1,0,-1,-1,-1,-1.000000,-1.000000,335,0,0,0,0,0,-1,-1,-1,0.000000
124,0,5,-1,-1,1345,586,69,3,4,0.000000,0.000000,19,719,0,270,0,270,5,-1,-1,0.000000
125,0,-1,-1,-1,-1,0,-1,-1,-1,-1.000000,-1.000000,423,0,0,0,0,0,-1,-1,-1,0.000000
126,0,-1,-1,-1,-1,0,-1,-1,-1,-1.000000,-1.000000,119,0,0,0,0,0,-1,-1,-1,0.000000
127,0,61,-1,-1,1711,7,47,3,4,0.000000,0.000000,93,20,0,9,0,9,61,-1,-1,0.000000
128,0,-1,-1,-1,-1,0,-1,-1,-1,-1.000000,-1.000000,341,0,0,0,0,0,-1,-1,-1,0.000000
129,0,-1,-1,-1,-1,0,-1,-1,-1,-1.000000,-1.000000,170,0,0,0,0,0,-1,-1,-1,0.000000
130,0,-1,-1,-1,-1,0,-1,-1,-1,-1.000000,-1.000000,461,0,0,0,0,0,-1,-1,-1,0.000000
131,0,-1,-1,-1,-1,0,-1,-1,-1,-1.000000,-1.000000,482,0,0,0,0,0,-1,-1,-1,0.000000
132,0,-1,-1,-1,-1,0,-1,-1,-1,-1.000000,-1.000000,186,0,0,0,0,0,-1,-1,-1,0.000000
133,0,55,-1,-1,4654,710,50,3,4,0.000000,0.000000,32,787,0,101,0,101,55,-1,-1,0.000000
134,0,-1,-1,-1,-1,0,-1,-1,-1,-1.000000,-1.000000,353,0,0,0,0,0,-1,-1,-1,0.000000
135,0,85,-1,-1,756,495,40,3,2,0.000000,0.000000,59,598,0,105,0,105,85,-1,-1,0.000000
136,0,-1,-1,-1,-1,0,-1,-1,-1,-1.000000,-1.000000,325,0,0,0,0,0,-1,-1,-1,0.000000
137,0,-1,-1,-1,-1,0,-1,-1,-1,-1.000000,-1.000000,313,0,0,0,0,0,-1,-1,-1,0.000000
138,0,-1,-1,-1,-1,0,-1,-1,-1,-1.000000,-1.000000,181,0,0,0,0,0,-1,-1,-1,0.000000
139,0,14,-1,-1,6670,555,68,3,2,0.000000,0.000000,29,768,0,181,0,181,14,-1,-1,0.000000
140,0,28,-1,-1,3818,611,58,3,2,0.000000,0.000000,53,673,0,195,0,195,28,-1,-1,0.000000
141,0,-1,-1,-1,-1,0,-1,-1,-1,-1.000000,-1.000000,105,0,0,0,0,0,-1,-1,-1,0.000000
142,0,-1,-1,-1,-1,0,-1,-1,-1,-1.000000,-1.000000,445,0,0,0,0,0,-1,-1,-1,0.000000
143,0,-1,-1,-1,-1,0,-1,-1,-1,-1.000000,-1.000000,373,0,0,0,0,0,-1,-1,-1,0.000000
144,0,-1,-1,-1,-1,0,-1,-1,-1,-1.000000,-1.000000,241,0,0,0,0,0,-1,-1,-1,0.000000
145,0,-1,-1,-1,-1,0,-1,-1,-1,-1.000000,-1.000000,121,0,0,0,0,0,-1,-1,-1,0.000000
146,0,-1,-1,-1,-1,0,-1,-1,-1,-1.000000,-1.000000,131,0,0,0,0,0,-1,-1,-1,0.000000
147,0,-1,-1,-1,-1,0,-1,-1,-1,-1.000000,-1.000000,444,0,0,0,0,0,-1,-1,-1,0.000000
148,0,-1,-1,-1,-1,0,-1,-1,-1,-1.000000,-1.000000,169,0,0,0,0,0,-1,-1,-1,0.000000
149,0,-1,-1,-1,-1,0,-1,-1,-1,-1.000000,-1.000000,249,0,0,0,0,0,-1,-1,-1,0.000000
150,0,-1,-1,-1,-1,0,-1,-1,-1,-1.000000,-1.000000,271,0,0,0,0,0,-1,-1,-1,0.000000
151,0,29,-1,-1,939,156,57,3,4,0.000000,0.000000,51,258,0,96,0,96,29,-1,-1,0.000000
152,0,-1,-1,-1,-1,0,-1,-1,-1,-1.000000,-1.000000,357,0,0,0,0,0,-1,-1,-1,0.000000
153,0,34,-1,-1,2342,237,53,3,4,0.000000,0.000000,55,320,0,110,0,110,34,-1,-1,0.000000
154,0,-1,-1,-1,-1,0,-1,-1,-1,-1.000000,-1.000000,329,0,0,0,0,0,-1,-1,-1,0.000000
155,0,-1,-1,-1,-1,0,-1,-1,-1,-1.000000,-1.000000,101,0,0,0,0,0,-1,-1,-1,0.000000
156,0,-1,-1,-1,-1,0,-1,-1,-1,-1.000000,-1.000000,407,0,0,0,0,0,-1,-1,-1,0.000000
157,0,22,-1,-1,2574,645,67,3,4,0.000000,0.000000,45,683,0,295,0,295,22,-1,-1,0.000000
158,0,-1,-1,-1,-1,0,-1,-1,-1,-1.000000,-1.000000,279,0,0,0,0,0,-1,-1,-1,0.000000
159,0,-1,-1,-1,-1,0,-1,-1,-1,-1.000000,-1.000000,127,0,0,0,0,0,-1,-1,-1,0.000000
160,0,-1,-1,-1,-1,0,-1,-1,-1,-1.000000,-1.000000,287,0,0,0,0,0,-1,-1,-1,0.000000
161,0,-1,-1,-1,-1,0,-1,-1,-1,-1.000000,-1.000000,447,0,0,0,0,0,-1,-1,-1,0.000000
162,0,-1,-1,-1,-1,0,-1,-1,-1,-1.000000,-1.000000,167,0,0,0,0,0,-1,-1,-1,0.000000
163,0,19,-1,-1,571,752,67,3,2,0.000000,0.000000,40,789,0,188,0,188,19,-1,-1,0.000000
164,0,-1,-1,-1,-1,0,-1,-1,-1,-1.000000,-1.000000,405,0,0,0,0,0,-1,-1,-1,0.000000
165,0,896,-1,-1,3670,0,13,3,2,0.000000,0.000000,74,2,0,0,0,0,896,-1,-1,0.000000
166,0,-1,-1,-1,-1,0,-1,-1,-1,-1.000000,-1.000000,125,0,0,0,0,0,-1,-1,-1,0.000000
167,0,-1,-1,-1,-1,0,-1,-1,-1,-1.000000,-1.000000,232,0,0,0,0,0,-1,-1,-1,0.000000
168,0,-1,-1,-1,-1,0,-1,-1,-1,-1.000000,-1.000000,249,0,0,0,0,0,-1,-1,-1,0.000000
169,0,26,-1,-1,3209,594,60,3,2,0.000000,0.000000,49,639,0,153,0,153,26,-1,-1,0.000000
170,0,-1,-1,-1,-1,0,-1,-1,-1,-1.000000,-1.000000,451,0,0,0,0,0,-1,-1,-1,0.000000
171,0,-1,-1,-1,-1,0,-1,-1,-1,-1.000000,-1.000000,231,0,0,0,0,0,-1,-1,-1,0.000000
172,0,-1,-1,-1,-1,0,-1,-1,-1,-1.000000,-1.000000,417,0,0,0,0,0,-1,-1,-1,0.000000
173,0,-1,-1,-1,-1,0,-1,-1,-1,-1.000000,-1.000000,195,0,0,0,0,0,-1,-1,-1,0.000000
174,0,-1,-1,-1,-1,0,-1,-1,-1,-1.000000,-1.000000,233,0,0,0,0,0,-1,-1,-1,0.000000
175,0,-1,-1,-1,-1,0,-1,-1,-1,-1.000000,-1.000000,191,0,0,0,0,0,-1,-1,-1,0.000000
176,0,-1,-1,-1,-1,0,-1,-1,-1,-1.000000,-1.000000,517,0,0,0,0,0,-1,-1,-1,0.000000
177,0,-1,-1,-1,-1,0,-1,-1,-1,-1.000000,-1.000000,289,0,0,0,0,0,-1,-1,-1,0.000000
178,0,-1,-1,-1,-1,0,-1,-1,-1,-1.000000,-1.000000,167,0,0,0,0,0,-1,-1,-1,0.000000
179,0,340,-1,-1,4877,382,24,3,2,0.000000,0.000000,39,552,0,84,0,84,340,-1,-1,0.000000
180,0,-1,-1,-1,-1,0,-1,-1,-1,-1.000000,-1.000000,297,0,0,0,0,0,-1,-1,-1,0.000000
181,0,-1,-1,-1,-1,0,-1,-1,-1,-1.000000,-1.000000,141,0,0,0,0,0,-1,-1,-1,0.000000
182,0,-1,-1,-1,-1,0,-1,-1,-1,-1.000000,-1.000000,478,0,0,0,0,0,-1,-1,-1,0.000000
183,0,42,-1,-1,6197,170,52,3,2,0.000000,0.000000,87,292,0,78,0,78,42,-1,-1,0.000000
184,0,-1,-1,-1,-1,0,-1,-1,-1,-1.000000,-1.000000,105,0,0,0,0,0,-1,-1,-1,0.000000
185,0,-1,-1,-1,-1,0,-1,-1,-1,-1.000000,-1.000000,243,0,0,0,0,0,-1,-1,-1,0.000000
186,0,26,-1,-1,7151,718,62,3,2,0.000000,0.000000,49,704,0,195,0,195,26,-1,-1,0.000000
187,0,-1,-1,-1,-1,0,-1,-1,-1,-1.000000,-1.000000,345,0,0,0,0,0,-1,-1,-1,0.000000
188,0,-1,-1,-1,-1,0,-1,-1,-1,-1.000000,-1.000000,340,0,0,0,0,0,-1,-1,-1,0.000000
189,0,-1,-1,-1,-1,0,-1,-1,-1,-1.000000,-1.000000,163,0,0,0,0,0,-1,-1,-1,0.000000
190,0,-1,-1,-1,-1,0,-1,-1,-1,-1.000000,-1.000000,404,0,0,0,0,0,-1,-1,-1,0.000000
191,0,-1,-1,-1,-1,0,-1,-1,-1,-1.000000,-1.000000,167,0,0,0,0,0,-1,-1,-1,0.000000
192,0,222,-1,-1,2949,57,28,3,2,0.000000,0.000000,71,151,0,38,0,38,222,-1,-1,0.000000
193,0,24,-1,-1,6469,277,64,3,2,0.000000,0.000000,61,352,0,109,0,109,24,-1,-1,0.000000
194,0,-1,-1,-1,-1,0,-1,-1,-1,-1.000000,-1.000000,269,0,0,0,0,0,-1,-1,-1,0.000000
195,0,-1,-1,-1,-1,0,-1,-1,-1,-1.000000,-1.000000,307,0,0,0,0,0,-1,-1,-1,0.000000
196,0,35,-1,-1,4500,374,52,3,2,0.000000,0.000000,79,482,0,128,0,128,35,-1,-1,0.000000
197,0,-1,-1,-1,-1,0,-1,-1,-1,-1.000000,-1.000000,275,0,0,0,0,0,-1,-1,-1,0.000000
198,0,63,-1,-1,1060,0,45,3,4,0.000000,0.000000,75,3,0,0,0,0,63,-1,-1,0.000000
199,0,-1,-1,-1,-1,0,-1,-1,-1,-1.000000,-1.000000,289,0,0,0,0,0,-1,-1,-1,0.000000
200,0,-1,-1,-1,-1,0,-1,-1,-1,-1.000000,-1.000000,111,0,0,0,0,0,-1,-1,-1,0.000000
201,0,63,-1,-1,6996,5,46,3,2,0.000000,0.000000,65,27,0,3,0,3,63,-1,-1,0.000000
202,0,-1,-1,-1,-1,0,-1,-1,-1,-1.000000,-1.000000,195,0,0,0,0,0,-1,-1,-1,0.000000
203,0,91,-1,-1,1377,473,39,3,2,0.000000,0.000000,54,585,0,194,0,194,91,-1,-1,0.000000
204,0,-1,-1,-1,-1,0,-1,-1,-1,-1.000000,-1.000000,183,0,0,0,0,0,-1,-1,-1,0.000000
205,0,-1,-1,-1,-1,0,-1,-1,-1,-1.000000,-1.000000,448,0,0,0,0,0,-1,-1,-1,0.000000
206,0,-1,-1,-1,-1,0,-1,-1,-1,-1.000000,-1.000000,171,0,0,0,0,0,-1,-1,-1,0.000000
207,0,-1,-1,-1,-1,0,-1,-1,-1,-1.000000,-1.000000,109,0,0,0,0,0,-1,-1,-1,0.000000
208,0,-1,-1,-1,-1,0,-1,-1,-1,-1.000000,-1.000000,308,0,0,0,0,0,-1,-1,-1,0.000000
209,0,-1,-1,-1,-1,0,-1,-1,-1,-1.000000,-1.000000,394,0,0,0,0,0,-1,-1,-1,0.000000
210,0,-1,-1,-1,-1,0,-1,-1,-1,-1.000000,-1.000000,135,0,0,0,0,0,-1,-1,-1,0.000000
211,0,-1,-1,-1,-1,0,-1,-1,-1,-1.000000,-1.000000,171,0,0,0,0,0,-1,-1,-1,0.000000
212,0,444,-1,-1,6049,252,20,3,4,0.000000,0.000000,22,386,0,43,0,43,444,-1,-1,0.000000
213,0,-1,-1,-1,-1,0,-1,-1,-1,-1.000000,-1.000000,530,0,0,0,0,0,-1,-1,-1,0.000000
214,0,-1,-1,-1,-1,0,-1,-1,-1,-1.000000,-1.000000,207,0,0,0,0,0,-1,-1,-1,0.000000
215,0,-1,-1,-1,-1,0,-1,-1,-1,-1.000000,-1.000000,302,0,0,0,0,0,-1,-1,-1,0.000000
216,0,-1,-1,-1,-1,0,-1,-1,-1,-1.000000,-1.000000,181,0,0,0,0,0,-1,-1,-1,0.000000
217,0,-1,-1,-1,-1,0,-1,-1,-1,-1.000000,-1.000000,379,0,0,0,0,0,-1,-1,-1,0.000000
218,0,-1,-1,-1,-1,0,-1,-1,-1,-1.000000,-1.000000,205,0,0,0,0,0,-1,-1,-1,0.000000
219,0,-1,-1,-1,-1,0,-1,-1,-1,-1.000000,-1.000000,341,0,0,0,0,0,-1,-1,-1,0.000000
220,0,-1,-1,-1,-1,0,-1,-1,-1,-1.000000,-1.000000,121,0,0,0,0,0,-1,-1,-1,0.000000
221,0,-1,-1,-1,-1,0,-1,-1,-1,-1.000000,-1.000000,141,0,0,0,0,0,-1,-1,-1,0.000000
222,0,-1,-1,-1,-1,0,-1,-1,-1,-1.000000,-1.000000,231,0,0,0,0,0,-1,-1,-1,0.000000
223,0,-1,-1,-1,-1,0,-1,-1,-1,-1.000000,-1.000000,287,0,0,0,0,0,-1,-1,-1,0.000000
224,0,-1,-1,-1,-1,0,-1,-1,-1,-1.000000,-1.000000,273,0,0,0,0,0,-1,-1,-1,0.000000
225,0,-1,-1,-1,-1,0,-1,-1,-1,-1.000000,-1.000000,121,0,0,0,0,0,-1,-1,-1,0.000000
226,0,-1,-1,-1,-1,0,-1,-1,-1,-1.000000,-1.000000,187,0,0,0,0,0,-1,-1,-1,0.000000
227,0,-1,-1,-1,-1,0,-1,-1,-1,-1.000000,-1.000000,129,0,0,0,0,0,-1,-1,-1,0.000000
228,0,-1,-1,-1,-1,0,-1,-1,-1,-1.000000,-1.000000,193,0,0,0,0,0,-1,-1,-1,0.000000
229,0,-1,-1,-1,-1,0,-1,-1,-1,-1.000000,-1.000000,275,0,0,0,0,0,-1,-1,-1,0.000000
230,0,-1,-1,-1,-1,0,-1,-1,-1,-1.000000,-1.000000,281,0,0,0,0,0,-1,-1,-1,0.000000
231,0,-1,-1,-1,-1,0,-1,-1,-1,-1.000000,-1.000000,139,0,0,0,0,0,-1,-1,-1,0.000000
232,0,-1,-1,-1,-1,0,-1,-1,-1,-1.000000,-1.000000,216,0,0,0,0,0,-1,-1,-1,0.000000
233,0,-1,-1,-1,-1,0,-1,-1,-1,-1.000000,-1.000000,340,0,0,0,0,0,-1,-1,-1,0.000000
234,0,-1,-1,-1,-1,0,-1,-1,-1,-1.000000,-1.000000,95,0,0,0,0,0,-1,-1,-1,0.000000
235,0,-1,-1,-1,-1,0,-1,-1,-1,-1.000000,-1.000000,196,0,0,0,0,0,-1,-1,-1,0.000000
236,0,-1,-1,-1,-1,0,-1,-1,-1,-1.000000,-1.000000,259,0,0,0,0,0,-1,-1,-1,0.000000
237,0,-1,-1,-1,-1,0,-1,-1,-1,-1.000000,-1.000000,405,0,0,0,0,0,-1,-1,-1,0.000000
238,0,-1,-1,-1,-1,0,-1,-1,-1,-1.000000,-1.000000,217,0,0,0,0,0,-1,-1,-1,0.000000
239,0,-1,-1,-1,-1,0,-1,-1,-1,-1.000000,-1.000000,227,0,0,0,0,0,-1,-1,-1,0.000000
240,0,52,-1,-1,4879,12,46,3,4,0.000000,0.000000,58,39,0,16,0,16,52,-1,-1,0.000000
241,0,-1,-1,-1,-1,0,-1,-1,-1,-1.000000,-1.000000,347,0,0,0,0,0,-1,-1,-1,0.000000
242,0,-1,-1,-1,-1,0,-1,-1,-1,-1.000000,-1.000000,147,0,0,0,0,0,-1,-1,-1,0.000000
243,0,24,-1,-1,1318,406,63,3,4,0.000000,0.000000,55,526,0,122,0,122,24,-1,-1,0.000000
244,0,57,-1,-1,6647,25,49,3,4,0.000000,0.000000,81,95,0,32,0,32,57,-1,-1,0.000000
245,0,-1,-1,-1,-1,0,-1,-1,-1,-1.000000,-1.000000,143,0,0,0,0,0,-1,-1,-1,0.000000
246,0,-1,-1,-1,-1,0,-1,-1,-1,-1.000000,-1.000000,151,0,0,0,0,0,-1,-1,-1,0.000000
247,0,27,-1,-1,3220,739,60,3,4,0.000000,0.000000,44,734,0,167,0,167,27,-1,-1,0.000000
248,0,-1,-1,-1,-1,0,-1,-1,-1,-1.000000,-1.000000,163,0,0,0,0,0,-1,-1,-1,0.000000
249,0,723,-1,-1,4315,0,15,3,4,0.000000,0.000000,93,1,0,0,0,0,723,-1,-1,0.000000
250,0,-1,-1,-1,-1,0,-1,-1,-1,-1.000000,-1.000000,178,0,0,0,0,0,-1,-1,-1,0.000000
251,0,-1,-1,-1,-1,0,-1,-1,-1,-1.000000,-1.000000,99,0,0,0,0,0,-1,-1,-1,0.000000
252,0,-1,-1,-1,-1,0,-1,-1,-1,-1.000000,-1.000000,441,0,0,0,0,0,-1,-1,-1,0.000000
253,0,-1,-1,-1,-1,0,-1,-1,-1,-1.000000,-1.000000,450,0,0,0,0,0,-1,-1,-1,0.000000
254,0,-1,-1,-1,-1,0,-1,-1,-1,-1.000000,-1.000000,219,0,0,0,0,0,-1,-1,-1,0.000000
255,0,-1,-1,-1,-1,0,-1,-1,-1,-1.000000,-1.000000,429,0,0,0,0,0,-1,-1,-1,0.000000
256,0,27,-1,-1,7998,0,59,3,4,0.000000,0.000000,67,8,0,3,0,3,27,-1,-1,0.000000
257,0,-1,-1,-1,-1,0,-1,-1,-1,-1.000000,-1.000000,366,0,0,0,0,0,-1,-1,-1,0.000000
258,0,-1,-1,-1,-1,0,-1,-1,-1,-1.000000,-1.000000,126,0,0,0,0,0,-1,-1,-1,0.000000
259,0,356,-1,-1,5743,354,24,3,4,0.000000,0.000000,50,395,0,106,0,106,356,-1,-1,0.000000
260,0,63,-1,-1,963,339,44,3,2,0.000000,0.000000,49,497,0,72,0,72,63,-1,-1,0.000000
261,0,-1,-1,-1,-1,0,-1,-1,-1,-1.000000,-1.000000,160,0,0,0,0,0,-1,-1,-1,0.000000
262,0,-1,-1,-1,-1,0,-1,-1,-1,-1.000000,-1.000000,143,0,0,0,0,0,-1,-1,-1,0.000000
263,0,-1,-1,-1,-1,0,-1,-1,-1,-1.000000,-1.000000,153,0,0,0,0,0,-1,-1,-1,0.000000
264,0,-1,-1,-1,-1,0,-1,-1,-1,-1.000000,-1.000000,219,0,0,0,0,0,-1,-1,-1,0.000000
265,0,-1,-1,-1,-1,0,-1,-1,-1,-1.000000,-1.000000,105,0,0,0,0,0,-1,-1,-1,0.000000
266,0,-1,-1,-1,-1,0,-1,-1,-1,-1.000000,-1.000000,151,0,0,0,0,0,-1,-1,-1,0.000000
267,0,-1,-1,-1,-1,0,-1,-1,-1,-1.000000,-1.000000,175,0,0,0,0,0,-1,-1,-1,0.000000
268,0,-1,-1,-1,-1,0,-1,-1,-1,-1.000000,-1.000000,217,0,0,0,0,0,-1,-1,-1,0.000000
269,0,34,-1,-1,6162,654,55,3,2,0.000000,0.000000,20,820,0,145,0,145,34,-1,-1,0.000000
270,0,-1,-1,-1,-1,0,-1,-1,-1,-1.000000,-1.000000,394,0,0,0,0,0,-1,-1,-1,0.000000
271,0,-1,-1,-1,-1,0,-1,-1,-1,-1.000000,-1.000000,223,0,0,0,0,0,-1,-1,-1,0.000000
272,0,-1,-1,-1,-1,0,-1,-1,-1,-1.000000,-1.000000,412,0,0,0,0,0,-1,-1,-1,0.000000
273,0,-1,-1,-1,-1,0,-1,-1,-1,-1.000000,-1.000000,243,0,0,0,0,0,-1,-1,-1,0.000000
274,0,-1,-1,-1,-1,0,-1,-1,-1,-1.000000,-1.000000,231,0,0,0,0,0,-1,-1,-1,0.000000
275,0,-1,-1,-1,-1,0,-1,-1,-1,-1.000000,-1.000000,121,0,0,0,0,0,-1,-1,-1,0.000000
276,0,-1,-1,-1,-1,0,-1,-1,-1,-1.000000,-1.000000,345,0,0,0,0,0,-1,-1,-1,0.000000
277,0,-1,-1,-1,-1,0,-1,-1,-1,-1.000000,-1.000000,200,0,0,0,0,0,-1,-1,-1,0.000000
278,0,-1,-1,-1,-1,0,-1,-1,-1,-1.000000,-1.000000,191,0,0,0,0,0,-1,-1,-1,0.000000
279,0,-1,-1,-1,-1,0,-1,-1,-1,-1.000000,-1.000000,247,0,0,0,0,0,-1,-1,-1,0.000000
280,0,26,-1,-1,7998,20,60,3,2,0.000000,0.000000,61,58,0,19,0,19,26,-1,-1,0.000000
281,0,88,-1,-1,1758,2,39,3,4,0.000000,0.000000,71,9,0,5,0,5,88,-1,-1,0.000000
282,0,-1,-1,-1,-1,0,-1,-1,-1,-1.000000,-1.000000,399,0,0,0,0,0,-1,-1,-1,0.000000
283,0,-1,-1,-1,-1,0,-1,-1,-1,-1.000000,-1.000000,97,0,0,0,0,0,-1,-1,-1,0.000000
284,0,-1,-1,-1,-1,0,-1,-1,-1,-1.000000,-1.000000,325,0,0,0,0,0,-1,-1,-1,0.000000
285,0,-1,-1,-1,-1,0,-1,-1,-1,-1.000000,-1.000000,293,0,0,0,0,0,-1,-1,-1,0.000000
286,0,32,-1,-1,6964,4,55,3,4,0.000000,0.000000,93,15,0,2,0,2,32,-1,-1,0.000000
287,0,33,-1,-1,2356,387,56,3,2,0.000000,0.000000,69,476,0,140,0,140,33,-1,-1,0.000000
288,0,17,-1,-1,5732,646,68,3,2,0.000000,0.000000,19,788,0,194,0,194,17,-1,-1,0.000000
289,0,-1,-1,-1,-1,0,-1,-1,-1,-1.000000,-1.000000,385,0,0,0,0,0,-1,-1,-1,0.000000
290,0,-1,-1,-1,-1,0,-1,-1,-1,-1.000000,-1.000000,235,0,0,0,0,0,-1,-1,-1,0.000000
291,0,-1,-1,-1,-1,0,-1,-1,-1,-1.000000,-1.000000,103,0,0,0,0,0,-1,-1,-1,0.000000
292,0,-1,-1,-1,-1,0,-1,-1,-1,-1.000000,-1.000000,203,0,0,0,0,0,-1,-1,-1,0.000000
293,0,-1,-1,-1,-1,0,-1,-1,-1,-1.000000,-1.000000,179,0,0,0,0,0,-1,-1,-1,0.000000
294,0,-1,-1,-1,-1,0,-1,-1,-1,-1.000000,-1.000000,131,0,0,0,0,0,-1,-1,-1,0.000000
295,0,-1,-1,-1,-1,0,-1,-1,-1,-1.000000,-1.000000,197,0,0,0,0,0,-1,-1,-1,0.000000
296,0,-1,-1,-1,-1,0,-1,-1,-1,-1.000000,-1.000000,172,0,0,0,0,0,-1,-1,-1,0.000000
297,0,-1,-1,-1,-1,0,-1,-1,-1,-1.000000,-1.000000,118,0,0,0,0,0,-1,-1,-1,0.000000
298,0,-1,-1,-1,-1,0,-1,-1,-1,-1.000000,-1.000000,107,0,0,0,0,0,-1,-1,-1,0.000000
299,0,-1,-1,-1,-1,0,-1,-1,-1,-1.000000,-1.000000,113,0,0,0,0,0,-1,-1,-1,0.000000
300,0,-1,-1,-1,-1,0,-1,-1,-1,-1.000000,-1.000000,246,0,0,0,0,0,-1,-1,-1,0.000000
301,0,-1,-1,-1,-1,0,-1,-1,-1,-1.000000,-1.000000,121,0,0,0,0,0,-1,-1,-1,0.000000
302,0,-1,-1,-1,-1,0,-1,-1,-1,-1.000000,-1.000000,191,0,0,0,0,0,-1,-1,-1,0.000000
303,0,-1,-1,-1,-1,0,-1,-1,-1,-1.000000,-1.000000,232,0,0,0,0,0,-1,-1,-1,0.000000
304,0,-1,-1,-1,-1,0,-1,-1,-1,-1.000000,-1.000000,331,0,0,0,0,0,-1,-1,-1,0.000000
305,0,-1,-1,-1,-1,0,-1,-1,-1,-1.000000,-1.000000,273,0,0,0,0,0,-1,-1,-1,0.000000
306,0,-1,-1,-1,-1,0,-1,-1,-1,-1.000000,-1.000000,185,0,0,0,0,0,-1,-1,-1,0.000000
307,0,-1,-1,-1,-1,0,-1,-1,-1,-1.000000,-1.000000,177,0,0,0,0,0,-1,-1,-1,0.000000
308,0,-1,-1,-1,-1,0,-1,-1,-1,-1.000000,-1.000000,428,0,0,0,0,0,-1,-1,-1,0.000000
309,0,-1,-1,-1,-1,0,-1,-1,-1,-1.000000,-1.000000,121,0,0,0,0,0,-1,-1,-1,0.000000
310,0,22,-1,-1,220,823,65,3,4,0.000000,0.000000,41,784,0,184,0,184,22,-1,-1,0.000000
311,0,-1,-1,-1,-1,0,-1,-1,-1,-1.000000,-1.000000,122,0,0,0,0,0,-1,-1,-1,0.000000
312,0,-1,-1,-1,-1,0,-1,-1,-1,-1.000000,-1.000000,424,0,0,0,0,0,-1,-1,-1,0.000000
313,0,30,-1,-1,7249,124,56,3,2,0.000000,0.000000,69,215,0,67,0,67,30,-1,-1,0.000000
314,0,1,-1,-1,2868,571,69,3,4,0.000000,0.000000,15,677,0,312,0,312,1,-1,-1,0.000000
315,0,24,-1,-1,4874,71,62,3,2,0.000000,0.000000,75,119,0,38,0,38,24,-1,-1,0.000000
316,0,-1,-1,-1,-1,0,-1,-1,-1,-1.000000,-1.000000,406,0,0,0,0,0,-1,-1,-1,0.000000
317,0,-1,-1,-1,-1,0,-1,-1,-1,-1.000000,-1.000000,335,0,0,0,0,0,-1,-1,-1,0.000000
318,0,-1,-1,-1,-1,0,-1,-1,-1,-1.000000,-1.000000,215,0,0,0,0,0,-1,-1,-1,0.000000
319,0,-1,-1,-1,-1,0,-1,-1,-1,-1.000000,-1.000000,223,0,0,0,0,0,-1,-1,-1,0.000000
320,0,406,-1,-1,4025,0,21,3,4,0.000000,0.000000,81,5,0,2,0,2,406,-1,-1,0.000000
321,0,24,-1,-1,2439,818,64,3,2,0.000000,0.000000,39,766,0,210,0,210,24,-1,-1,0.000000
322,0,-1,-1,-1,-1,0,-1,-1,-1,-1.000000,-1.000000,327,0,0,0,0,0,-1,-1,-1,0.000000
323,0,-1,-1,-1,-1,0,-1,-1,-1,-1.000000,-1.000000,115,0,0,0,0,0,-1,-1,-1,0.000000
324,0,-1,-1,-1,-1,0,-1,-1,-1,-1.000000,-1.000000,463,0,0,0,0,0,-1,-1,-1,0.000000
325,0,-1,-1,-1,-1,0,-1,-1,-1,-1.000000,-1.000000,227,0,0,0,0,0,-1,-1,-1,0.000000
326,0,28,-1,-1,5465,26,58,3,2,0.000000,0.000000,47,58,0,19,0,19,28,-1,-1,0.000000
327,0,-1,-1,-1,-1,0,-1,-1,-1,-1.000000,-1.000000,185,0,0,0,0,0,-1,-1,-1,0.000000
328,0,22,-1,-1,5600,594,66,3,2,0.000000,0.000000,39,716,0,258,0,258,22,-1,-1,0.000000
329,0,-1,-1,-1,-1,0,-1,-1,-1,-1.000000,-1.000000,369,0,0,0,0,0,-1,-1,-1,0.000000
330,0,-1,-1,-1,-1,0,-1,-1,-1,-1.000000,-1.000000,265,0,0,0,0,0,-1,-1,-1,0.000000
331,0,-1,-1,-1,-1,0,-1,-1,-1,-1.000000,-1.000000,369,0,0,0,0,0,-1,-1,-1,0.000000
332,0,241,-1,-1,3874,0,27,3,2,0.000000,0.000000,88,4,0,1,0,1,241,-1,-1,0.000000
333,0,-1,-1,-1,-1,0,-1,-1,-1,-1.000000,-1.000000,419,0,0,0,0,0,-1,-1,-1,0.000000
334,0,-1,-1,-1,-1,0,-1,-1,-1,-1.000000,-1.000000,245,0,0,0,0,0,-1,-1,-1,0.000000
335,0,-1,-1,-1,-1,0,-1,-1,-1,-1.000000,-1.000000,91,0,0,0,0,0,-1,-1,-1,0.000000
336,0,-1,-1,-1,-1,0,-1,-1,-1,-1.000000,-1.000000,254,0,0,0,0,0,-1,-1,-1,0.000000
337,0,-1,-1,-1,-1,0,-1,-1,-1,-1.000000,-1.000000,207,0,0,0,0,0,-1,-1,-1,0.000000
338,0,39,-1,-1,4971,667,53,3,2,0.000000,0.000000,6,819,0,141,0,141,39,-1,-1,0.000000
339,0,-1,-1,-1,-1,0,-1,-1,-1,-1.000000,-1.000000,394,0,0,0,0,0,-1,-1,-1,0.000000
340,0,-1,-1,-1,-1,0,-1,-1,-1,-1.000000,-1.000000,403,0,0,0,0,0,-1,-1,-1,0.000000
341,0,-1,-1,-1,-1,0,-1,-1,-1,-1.000000,-1.000000,145,0,0,0,0,0,-1,-1,-1,0.000000
342,0,-1,-1,-1,-1,0,-1,-1,-1,-1.000000,-1.000000,193,0,0,0,0,0,-1,-1,-1,0.000000
343,0,-1,-1,-1,-1,0,-1,-1,-1,-1.000000,-1.000000,105,0,0,0,0,0,-1,-1,-1,0.000000
344,0,-1,-1,-1,-1,0,-1,-1,-1,-1.000000,-1.000000,272,0,0,0,0,0,-1,-1,-1,0.000000
345,0,-1,-1,-1,-1,0,-1,-1,-1,-1.000000,-1.000000,233,0,0,0,0,0,-1,-1,-1,0.000000
346,0,-1,-1,-1,-1,0,-1,-1,-1,-1.000000,-1.000000,486,0,0,0,0,0,-1,-1,-1,0.000000
347,0,-1,-1,-1,-1,0,-1,-1,-1,-1.000000,-1.000000,89,0,0,0,0,0,-1,-1,-1,0.000000
348,0,-1,-1,-1,-1,0,-1,-1,-1,-1.000000,-1.000000,205,0,0,0,0,0,-1,-1,-1,0.000000
349,0,-1,-1,-1,-1,0,-1,-1,-1,-1.000000,-1.000000,317,0,0,0,0,0,-1,-1,-1,0.000000
350,0,-1,-1,-1,-1,0,-1,-1,-1,-1.000000,-1.000000,91,0,0,0,0,0,-1,-1,-1,0.000000
351,0,-1,-1,-1,-1,0,-1,-1,-1,-1.000000,-1.000000,300,0,0,0,0,0,-1,-1,-1,0.000000
352,0,84,-1,-1,2064,6,40,3,2,0.000000,0.000000,109,31,0,9,0,9,84,-1,-1,0.000000
353,0,-1,-1,-1,-1,0,-1,-1,-1,-1.000000,-1.000000,343,0,0,0,0,0,-1,-1,-1,0.000000
354,0,-1,-1,-1,-1,0,-1,-1,-1,-1.000000,-1.000000,79,0,0,0,0,0,-1,-1,-1,0.000000
355,0,-1,-1,-1,-1,0,-1,-1,-1,-1.000000,-1.000000,373,0,0,0,0,0,-1,-1,-1,0.000000
356,0,-1,-1,-1,-1,0,-1,-1,-1,-1.000000,-1.000000,212,0,0,0,0,0,-1,-1,-1,0.000000
357,0,28,-1,-1,7909,173,60,3,2,0.000000,0.000000,61,280,0,76,0,76,28,-1,-1,0.000000
358,0,-1,-1,-1,-1,0,-1,-1,-1,-1.000000,-1.000000,368,0,0,0,0,0,-1,-1,-1,0.000000
359,0,30,-1,-1,6806,346,56,3,2,0.000000,0.000000,67,473,0,130,0,130,30,-1,-1,0.000000
360,0,-1,-1,-1,-1,0,-1,-1,-1,-1.000000,-1.000000,85,0,0,0,0,0,-1,-1,-1,0.000000
361,0,-1,-1,-1,-1,0,-1,-1,-1,-1.000000,-1.000000,206,0,0,0,0,0,-1,-1,-1,0.000000
362,0,-1,-1,-1,-1,0,-1,-1,-1,-1.000000,-1.000000,78,0,0,0,0,0,-1,-1,-1,0.000000
363,0,22,-1,-1,3544,632,65,3,4,0.000000,0.000000,15,731,0,243,0,243,22,-1,-1,0.000000
364,0,-1,-1,-1,-1,0,-1,-1,-1,-1.000000,-1.000000,415,0,0,0,0,0,-1,-1,-1,0.000000
365,0,-1,-1,-1,-1,0,-1,-1,-1,-1.000000,-1.000000,337,0,0,0,0,0,-1,-1,-1,0.000000
366,0,-1,-1,-1,-1,0,-1,-1,-1,-1.000000,-1.000000,61,0,0,0,0,0,-1,-1,-1,0.000000
367,0,-1,-1,-1,-1,0,-1,-1,-1,-1.000000,-1.000000,357,0,0,0,0,0,-1,-1,-1,0.000000
368,0,-1,-1,-1,-1,0,-1,-1,-1,-1.000000,-1.000000,241,0,0,0,0,0,-1,-1,-1,0.000000
369,0,-1,-1,-1,-1,0,-1,-1,-1,-1.000000,-1.000000,409,0,0,0,0,0,-1,-1,-1,0.000000
370,0,-1,-1,-1,-1,0,-1,-1,-1,-1.000000,-1.000000,227,0,0,0,0,0,-1,-1,-1,0.000000
371,0,-1,-1,-1,-1,0,-1,-1,-1,-1.000000,-1.000000,171,0,0,0,0,0,-1,-1,-1,0.000000
372,0,-1,-1,-1,-1,0,-1,-1,-1,-1.000000,-1.000000,125,0,0,0,0,0,-1,-1,-1,0.000000
373,0,-1,-1,-1,-1,0,-1,-1,-1,-1.000000,-1.000000,264,0,0,0,0,0,-1,-1,-1,0.000000
374,0,-1,-1,-1,-1,0,-1,-1,-1,-1.000000,-1.000000,263,0,0,0,0,0,-1,-1,-1,0.000000
375,0,-1,-1,-1,-1,0,-1,-1,-1,-1.000000,-1.000000,292,0,0,0,0,0,-1,-1,-1,0.000000
376,0,-1,-1,-1,-1,0,-1,-1,-1,-1.000000,-1.000000,379,0,0,0,0,0,-1,-1,-1,0.000000
377,0,-1,-1,-1,-1,0,-1,-1,-1,-1.000000,-1.000000,263,0,0,0,0,0,-1,-1,-1,0.000000
378,0,-1,-1,-1,-1,0,-1,-1,-1,-1.000000,-1.000000,125,0,0,0,0,0,-1,-1,-1,0.000000
379,0,-1,-1,-1,-1,0,-1,-1,-1,-1.000000,-1.000000,324,0,0,0,0,0,-1,-1,-1,0.000000
380,0,29,-1,-1,4321,592,59,3,4,0.000000,0.000000,57,656,0,305,0,305,29,-1,-1,0.000000
381,0,-1,-1,-1,-1,0,-1,-1,-1,-1.000000,-1.000000,117,0,0,0,0,0,-1,-1,-1,0.000000
382,0,-1,-1,-1,-1,0,-1,-1,-1,-1.000000,-1.000000,400,0,0,0,0,0,-1,-1,-1,0.000000
383,0,-1,-1,-1,-1,0,-1,-1,-1,-1.000000,-1.000000,280,0,0,0,0,0,-1,-1,-1,0.000000
384,0,35,-1,-1,5795,514,52,3,2,0.000000,0.000000,57,583,0,164,0,164,35,-1,-1,0.000000
385,0,26,-1,-1,3801,670,60,3,2,0.000000,0.000000,53,707,0,262,0,262,26,-1,-1,0.000000
386,0,-1,-1,-1,-1,0,-1,-1,-1,-1.000000,-1.000000,289,0,0,0,0,0,-1,-1,-1,0.000000
387,0,-1,-1,-1,-1,0,-1,-1,-1,-1.000000,-1.000000,161,0,0,0,0,0,-1,-1,-1,0.000000
388,0,-1,-1,-1,-1,0,-1,-1,-1,-1.000000,-1.000000,133,0,0,0,0,0,-1,-1,-1,0.000000
389,0,-1,-1,-1,-1,0,-1,-1,-1,-1.000000,-1.000000,129,0,0,0,0,0,-1,-1,-1,0.000000
390,0,-1,-1,-1,-1,0,-1,-1,-1,-1.000000,-1.000000,344,0,0,0,0,0,-1,-1,-1,0.000000
391,0,-1,-1,-1,-1,0,-1,-1,-1,-1.000000,-1.000000,169,0,0,0,0,0,-1,-1,-1,0.000000
392,0,-1,-1,-1,-1,0,-1,-1,-1,-1.000000,-1.000000,305,0,0,0,0,0,-1,-1,-1,0.000000
393,0,-1,-1,-1,-1,0,-1,-1,-1,-1.000000,-1.000000,243,0,0,0,0,0,-1,-1,-1,0.000000
394,0,-1,-1,-1,-1,0,-1,-1,-1,-1.000000,-1.000000,409,0,0,0,0,0,-1,-1,-1,0.000000
395,0,-1,-1,-1,-1,0,-1,-1,-1,-1.000000,-1.000000,303,0,0,0,0,0,-1,-1,-1,0.000000
396,0,28,-1,-1,1185,202,59,3,4,0.000000,0.000000,75,263,0,98,0,98,28,-1,-1,0.000000
397,0,-1,-1,-1,-1,0,-1,-1,-1,-1.000000,-1.000000,137,0,0,0,0,0,-1,-1,-1,0.000000
398,0,25,-1,-1,7685,809,63,3,4,0.000000,0.000000,21,767,0,207,0,207,25,-1,-1,0.000000
399,0,-1,-1,-1,-1,0,-1,-1,-1,-1.000000,-1.000000,216,0,0,0,0,0,-1,-1,-1,0.000000
400,0,66,-1,-1,2022,40,45,3,4,0.000000,0.000000,81,117,0,42,0,42,66,-1,-1,0.000000
401,0,-1,-1,-1,-1,0,-1,-1,-1,-1.000000,-1.000000,149,0,0,0,0,0,-1,-1,-1,0.000000
402,0,-1,-1,-1,-1,0,-1,-1,-1,-1.000000,-1.000000,237,0,0,0,0,0,-1,-1,-1,0.000000
403,0,-1,-1,-1,-1,0,-1,-1,-1,-1.000000,-1.000000,486,0,0,0,0,0,-1,-1,-1,0.000000
404,0,-1,-1,-1,-1,0,-1,-1,-1,-1.000000,-1.000000,131,0,0,0,0,0,-1,-1,-1,0.000000
405,0,-1,-1,-1,-1,0,-1,-1,-1,-1.000000,-1.000000,165,0,0,0,0,0,-1,-1,-1,0.000000
406,0,-1,-1,-1,-1,0,-1,-1,-1,-1.000000,-1.000000,339,0,0,0,0,0,-1,-1,-1,0.000000
407,0,-1,-1,-1,-1,0,-1,-1,-1,-1.000000,-1.000000,301,0,0,0,0,0,-1,-1,-1,0.000000
408,0,409,-1,-1,7410,5,20,3,2,0.000000,0.000000,81,39,0,7,0,7,409,-1,-1,0.000000
409,0,-1,-1,-1,-1,0,-1,-1,-1,-1.000000,-1.000000,94,0,0,0,0,0,-1,-1,-1,0.000000
410,0,645,-1,-1,6940,0,19,3,4,0.000000,0.000000,79,1,0,0,0,0,645,-1,-1,0.000000
411,0,-1,-1,-1,-1,0,-1,-1,-1,-1.000000,-1.000000,105,0,0,0,0,0,-1,-1,-1,0.000000
412,0,-1,-1,-1,-1,0,-1,-1,-1,-1.000000,-1.000000,258,0,0,0,0,0,-1,-1,-1,0.000000
413,0,-1,-1,-1,-1,0,-1,-1,-1,-1.000000,-1.000000,341,0,0,0,0,0,-1,-1,-1,0.000000
414,0,-1,-1,-1,-1,0,-1,-1,-1,-1.000000,-1.000000,337,0,0,0,0,0,-1,-1,-1,0.000000
415,0,-1,-1,-1,-1,0,-1,-1,-1,-1.000000,-1.000000,225,0,0,0,0,0,-1,-1,-1,0.000000
416,0,-1,-1,-1,-1,0,-1,-1,-1,-1.000000,-1.000000,256,0,0,0,0,0,-1,-1,-1,0.000000
417,0,-1,-1,-1,-1,0,-1,-1,-1,-1.000000,-1.000000,161,0,0,0,0,0,-1,-1,-1,0.000000
418,0,-1,-1,-1,-1,0,-1,-1,-1,-1.000000,-1.000000,374,0,0,0,0,0,-1,-1,-1,0.000000
419,0,-1,-1,-1,-1,0,-1,-1,-1,-1.000000,-1.000000,331,0,0,0,0,0,-1,-1,-1,0.000000
420,0,-1,-1,-1,-1,0,-1,-1,-1,-1.000000,-1.000000,245,0,0,0,0,0,-1,-1,-1,0.000000
421,0,-1,-1,-1,-1,0,-1,-1,-1,-1.000000,-1.000000,227,0,0,0,0,0,-1,-1,-1,0.000000
422,0,-1,-1,-1,-1,0,-1,-1,-1,-1.000000,-1.000000,400,0,0,0,0,0,-1,-1,-1,0.000000
423,0,-1,-1,-1,-1,0,-1,-1,-1,-1.000000,-1.000000,169,0,0,0,0,0,-1,-1,-1,0.000000
424,0,39,-1,-1,3273,827,53,3,4,0.000000,0.000000,31,716,0,213,0,213,39,-1,-1,0.000000
425,0,32,-1,-1,7165,153,57,3,2,0.000000,0.000000,44,235,0,75,0,75,32,-1,-1,0.000000
426,0,-1,-1,-1,-1,0,-1,-1,-1,-1.000000,-1.000000,263,0,0,0,0,0,-1,-1,-1,0.000000
427,0,-1,-1,-1,-1,0,-1,-1,-1,-1.000000,-1.000000,186,0,0,0,0,0,-1,-1,-1,0.000000
428,0,28,-1,-1,806,696,58,3,2,0.000000,0.000000,47,673,0,241,0,241,28,-1,-1,0.000000
429,0,16,-1,-1,2645,600,68,3,2,0.000000,0.000000,23,709,0,273,0,273,16,-1,-1,0.000000
430,0,-1,-1,-1,-1,0,-1,-1,-1,-1.000000,-1.000000,267,0,0,0,0,0,-1,-1,-1,0.000000
431,0,-1,-1,-1,-1,0,-1,-1,-1,-1.000000,-1.000000,113,0,0,0,0,0,-1,-1,-1,0.000000
432,0,-1,-1,-1,-1,0,-1,-1,-1,-1.000000,-1.000000,319,0,0,0,0,0,-1,-1,-1,0.000000
433,0,110,-1,-1,441,0,36,3,4,0.000000,0.000000,116,9,0,7,0,7,110,-1,-1,0.000000
434,0,336,-1,-1,3204,28,23,3,2,0.000000,0.000000,86,92,0,22,0,22,336,-1,-1,0.000000
435,0,-1,-1,-1,-1,0,-1,-1,-1,-1.000000,-1.000000,87,0,0,0,0,0,-1,-1,-1,0.000000
436,0,30,-1,-1,7053,423,58,3,2,0.000000,0.000000,65,477,0,182,0,182,30,-1,-1,0.000000
437,0,-1,-1,-1,-1,0,-1,-1,-1,-1.000000,-1.000000,272,0,0,0,0,0,-1,-1,-1,0.000000
438,0,611,-1,-1,425,81,20,3,2,0.000000,0.000000,51,133,0,33,0,33,611,-1,-1,0.000000
439,0,-1,-1,-1,-1,0,-1,-1,-1,-1.000000,-1.000000,181,0,0,0,0,0,-1,-1,-1,0.000000
440,0,-1,-1,-1,-1,0,-1,-1,-1,-1.000000,-1.000000,155,0,0,0,0,0,-1,-1,-1,0.000000
441,0,708,-1,-1,7204,33,15,3,4,0.000000,0.000000,21,78,0,10,0,10,708,-1,-1,0.000000
442,0,23,-1,-1,5110,578,64,3,2,0.000000,0.000000,31,774,0,201,0,201,23,-1,-1,0.000000
443,0,-1,-1,-1,-1,0,-1,-1,-1,-1.000000,-1.000000,147,0,0,0,0,0,-1,-1,-1,0.000000
444,0,-1,-1,-1,-1,0,-1,-1,-1,-1.000000,-1.000000,503,0,0,0,0,0,-1,-1,-1,0.000000
445,0,-1,-1,-1,-1,0,-1,-1,-1,-1.000000,-1.000000,239,0,0,0,0,0,-1,-1,-1,0.000000
446,0,-1,-1,-1,-1,0,-1,-1,-1,-1.000000,-1.000000,413,0,0,0,0,0,-1,-1,-1,0.000000
447,0,-1,-1,-1,-1,0,-1,-1,-1,-1.000000,-1.000000,249,0,0,0,0,0,-1,-1,-1,0.000000
448,0,-1,-1,-1,-1,0,-1,-1,-1,-1.000000,-1.000000,504,0,0,0,0,0,-1,-1,-1,0.000000
449,0,-1,-1,-1,-1,0,-1,-1,-1,-1.000000,-1.000000,191,0,0,0,0,0,-1,-1,-1,0.000000
450,0,-1,-1,-1,-1,0,-1,-1,-1,-1.000000,-1.000000,308,0,0,0,0,0,-1,-1,-1,0.000000
451,0,22,-1,-1,5685,806,65,3,4,0.000000,0.000000,45,748,0,220,0,220,22,-1,-1,0.000000
452,0,-1,-1,-1,-1,0,-1,-1,-1,-1.000000,-1.000000,441,0,0,0,0,0,-1,-1,-1,0.000000
453,0,24,-1,-1,6033,732,64,3,2,0.000000,0.000000,41,746,0,144,0,144,24,-1,-1,0.000000
454,0,-1,-1,-1,-1,0,-1,-1,-1,-1.000000,-1.000000,295,0,0,0,0,0,-1,-1,-1,0.000000
455,0,-1,-1,-1,-1,0,-1,-1,-1,-1.000000,-1.000000,222,0,0,0,0,0,-1,-1,-1,0.000000
456,0,-1,-1,-1,-1,0,-1,-1,-1,-1.000000,-1.000000,508,0,0,0,0,0,-1,-1,-1,0.000000
457,0,-1,-1,-1,-1,0,-1,-1,-1,-1.000000,-1.000000,135,0,0,0,0,0,-1,-1,-1,0.000000
458,0,-1,-1,-1,-1,0,-1,-1,-1,-1.000000,-1.000000,207,0,0,0,0,0,-1,-1,-1,0.000000
459,0,-1,-1,-1,-1,0,-1,-1,-1,-1.000000,-1.000000,219,0,0,0,0,0,-1,-1,-1,0.000000
460,0,-1,-1,-1,-1,0,-1,-1,-1,-1.000000,-1.000000,388,0,0,0,0,0,-1,-1,-1,0.000000
461,0,-1,-1,-1,-1,0,-1,-1,-1,-1.000000,-1.000000,149,0,0,0,0,0,-1,-1,-1,0.000000
462,0,284,-1,-1,3048,0,24,3,4,0.000000,0.000000,110,1,0,0,0,0,284,-1,-1,0.000000
463,0,-1,-1,-1,-1,0,-1,-1,-1,-1.000000,-1.000000,399,0,0,0,0,0,-1,-1,-1,0.000000
464,0,-1,-1,-1,-1,0,-1,-1,-1,-1.000000,-1.000000,448,0,0,0,0,0,-1,-1,-1,0.000000
465,0,-1,-1,-1,-1,0,-1,-1,-1,-1.000000,-1.000000,155,0,0,0,0,0,-1,-1,-1,0.000000
466,0,-1,-1,-1,-1,0,-1,-1,-1,-1.000000,-1.000000,393,0,0,0,0,0,-1,-1,-1,0.000000
467,0,-1,-1,-1,-1,0,-1,-1,-1,-1.000000,-1.000000,155,0,0,0,0,0,-1,-1,-1,0.000000
468,0,-1,-1,-1,-1,0,-1,-1,-1,-1.000000,-1.000000,197,0,0,0,0,0,-1,-1,-1,0.000000
469,0,-1,-1,-1,-1,0,-1,-1,-1,-1.000000,-1.000000,157,0,0,0,0,0,-1,-1,-1,0.000000
470,0,-1,-1,-1,-1,0,-1,-1,-1,-1.000000,-1.000000,319,0,0,0,0,0,-1,-1,-1,0.000000
471,0,-1,-1,-1,-1,0,-1,-1,-1,-1.000000,-1.000000,113,0,0,0,0,0,-1,-1,-1,0.000000
472,0,-1,-1,-1,-1,0,-1,-1,-1,-1.000000,-1.000000,97,0,0,0,0,0,-1,-1,-1,0.000000
473,0,-1,-1,-1,-1,0,-1,-1,-1,-1.000000,-1.000000,430,0,0,0,0,0,-1,-1,-1,0.000000
474,0,-1,-1,-1,-1,0,-1,-1,-1,-1.000000,-1.000000,327,0,0,0,0,0,-1,-1,-1,0.000000
475,0,-1,-1,-1,-1,0,-1,-1,-1,-1.000000,-1.000000,514,0,0,0,0,0,-1,-1,-1,0.000000
476,0,-1,-1,-1,-1,0,-1,-1,-1,-1.000000,-1.000000,102,0,0,0,0,0,-1,-1,-1,0.000000
477,0,-1,-1,-1,-1,0,-1,-1,-1,-1.000000,-1.000000,75,0,0,0,0,0,-1,-1,-1,0.000000
478,0,-1,-1,-1,-1,0,-1,-1,-1,-1.000000,-1.000000,467,0,0,0,0,0,-1,-1,-1,0.000000
479,0,-1,-1,-1,-1,0,-1,-1,-1,-1.000000,-1.000000,357,0,0,0,0,0,-1,-1,-1,0.000000
480,0,-1,-1,-1,-1,0,-1,-1,-1,-1.000000,-1.000000,139,0,0,0,0,0,-1,-1,-1,0.000000
481,0,-1,-1,-1,-1,0,-1,-1,-1,-1.000000,-1.000000,286,0,0,0,0,0,-1,-1,-1,0.000000
482,0,-1,-1,-1,-1,0,-1,-1,-1,-1.000000,-1.000000,85,0,0,0,0,0,-1,-1,-1,0.000000
483,0,-1,-1,-1,-1,0,-1,-1,-1,-1.000000,-1.000000,185,0,0,0,0,0,-1,-1,-1,0.000000
484,0,-1,-1,-1,-1,0,-1,-1,-1,-1.000000,-1.000000,488,0,0,0,0,0,-1,-1,-1,0.000000
485,0,-1,-1,-1,-1,0,-1,-1,-1,-1.000000,-1.000000,167,0,0,0,0,0,-1,-1,-1,0.000000
486,0,-1,-1,-1,-1,0,-1,-1,-1,-1.000000,-1.000000,401,0,0,0,0,0,-1,-1,-1,0.000000
487,0,-1,-1,-1,-1,0,-1,-1,-1,-1.000000,-1.000000,311,0,0,0,0,0,-1,-1,-1,0.000000
488,0,23,-1,-1,4001,630,64,3,2,0.000000,0.000000,45,649,0,161,0,161,23,-1,-1,0.000000
489,0,-1,-1,-1,-1,0,-1,-1,-1,-1.000000,-1.000000,325,0,0,0,0,0,-1,-1,-1,0.000000
490,0,-1,-1,-1,-1,0,-1,-1,-1,-1.000000,-1.000000,255,0,0,0,0,0,-1,-1,-1,0.000000
491,0,-1,-1,-1,-1,0,-1,-1,-1,-1.000000,-1.000000,263,0,0,0,0,0,-1,-1,-1,0.000000
492,0,-1,-1,-1,-1,0,-1,-1,-1,-1.000000,-1.000000,81,0,0,0,0,0,-1,-1,-1,0.000000
493,0,115,-1,-1,547,647,39,3,2,0.000000,0.000000,62,692,0,146,0,146,115,-1,-1,0.000000
494,0,-1,-1,-1,-1,0,-1,-1,-1,-1.000000,-1.000000,139,0,0,0,0,0,-1,-1,-1,0.000000
495,0,-1,-1,-1,-1,0,-1,-1,-1,-1.000000,-1.000000,305,0,0,0,0,0,-1,-1,-1,0.000000
496,0,266,-1,-1,4724,23,25,3,4,0.000000,0.000000,87,126,0,16,0,16,266,-1,-1,0.000000
497,0,-1,-1,-1,-1,0,-1,-1,-1,-1.000000,-1.000000,123,0,0,0,0,0,-1,-1,-1,0.000000
498,0,-1,-1,-1,-1,0,-1,-1,-1,-1.000000,-1.000000,105,0,0,0,0,0,-1,-1,-1,0.000000
499,0,-1,-1,-1,-1,0,-1,-1,-1,-1.000000,-1.000000,381,0,0,0,0,0,-1,-1,-1,0.000000
500,0,-1,-1,-1,-1,0,-1,-1,-1,-1.000000,-1.000000,300,0,0,0,0,0,-1,-1,-1,0.000000
501,0,-1,-1,-1,-1,0,-1,-1,-1,-1.000000,-1.000000,125,0,0,0,0,0,-1,-1,-1,0.000000
502,0,-1,-1,-1,-1,0,-1,-1,-1,-1.000000,-1.000000,93,0,0,0,0,0,-1,-1,-1,0.000000
503,0,28,-1,-1,4230,188,59,3,4,0.000000,0.000000,65,367,0,72,0,72,28,-1,-1,0.000000
504,0,-1,-1,-1,-1,0,-1,-1,-1,-1.000000,-1.000000,334,0,0,0,0,0,-1,-1,-1,0.000000
505,0,-1,-1,-1,-1,0,-1,-1,-1,-1.000000,-1.000000,99,0,0,0,0,0,-1,-1,-1,0.000000
506,0,66,-1,-1,2119,5,43,3,4,0.000000,0.000000,83,31,0,9,0,9,66,-1,-1,0.000000
507,0,-1,-1,-1,-1,0,-1,-1,-1,-1.000000,-1.000000,187,0,0,0,0,0,-1,-1,-1,0.000000
508,0,252,-1,-1,514,0,28,3,2,0.000000,0.000000,93,3,0,1,0,1,252,-1,-1,0.000000
509,0,-1,-1,-1,-1,0,-1,-1,-1,-1.000000,-1.000000,367,0,0,0,0,0,-1,-1,-1,0.000000
510,0,-1,-1,-1,-1,0,-1,-1,-1,-1.000000,-1.000000,325,0,0,0,0,0,-1,-1,-1,0.000000
511,0,-1,-1,-1,-1,0,-1,-1,-1,-1.000000,-1.000000,249,0,0,0,0,0,-1,-1,-1,0.000000
512,0,-1,-1,-1,-1,0,-1,-1,-1,-1.000000,-1.000000,125,0,0,0,0,0,-1,-1,-1,0.000000
513,0,24,-1,-1,1566,503,62,3,2,0.000000,0.000000,49,577,0,131,0,131,24,-1,-1,0.000000
514,0,-1,-1,-1,-1,0,-1,-1,-1,-1.000000,-1.000000,305,0,0,0,0,0,-1,-1,-1,0.000000
515,0,-1,-1,-1,-1,0,-1,-1,-1,-1.000000,-1.000000,151,0,0,0,0,0,-1,-1,-1,0.000000
516,0,63,-1,-1,1862,60,45,3,4,0.000000,0.000000,69,132,0,74,0,74,63,-1,-1,0.000000
517,0,-1,-1,-1,-1,0,-1,-1,-1,-1.000000,-1.000000,255,0,0,0,0,0,-1,-1,-1,0.000000
518,0,-1,-1,-1,-1,0,-1,-1,-1,-1.000000,-1.000000,349,0,0,0,0,0,-1,-1,-1,0.000000
519,0,32,-1,-1,4357,652,55,3,4,0.000000,0.000000,57,645,0,206,0,206,32,-1,-1,0.000000
520,0,-1,-1,-1,-1,0,-1,-1,-1,-1.000000,-1.000000,155,0,0,0,0,0,-1,-1,-1,0.000000
521,0,-1,-1,-1,-1,0,-1,-1,-1,-1.000000,-1.000000,203,0,0,0,0,0,-1,-1,-1,0.000000
522,0,-1,-1,-1,-1,0,-1,-1,-1,-1.000000,-1.000000,89,0,0,0,0,0,-1,-1,-1,0.000000
523,0,-1,-1,-1,-1,0,-1,-1,-1,-1.000000,-1.000000,233,0,0,0,0,0,-1,-1,-1,0.000000
524,0,-1,-1,-1,-1,0,-1,-1,-1,-1.000000,-1.000000,99,0,0,0,0,0,-1,-1,-1,0.000000
525,0,35,-1,-1,1850,704,54,3,4,0.000000,0.000000,68,736,0,145,0,145,35,-1,-1,0.000000
526,0,-1,-1,-1,-1,0,-1,-1,-1,-1.000000,-1.000000,143,0,0,0,0,0,-1,-1,-1,0.000000
527,0,180,-1,-1,1942,0,34,3,2,0.000000,0.000000,101,3,0,1,0,1,180,-1,-1,0.000000
528,0,-1,-1,-1,-1,0,-1,-1,-1,-1.000000,-1.000000,205,0,0,0,0,0,-1,-1,-1,0.000000
529,0,-1,-1,-1,-1,0,-1,-1,-1,-1.000000,-1.000000,482,0,0,0,0,0,-1,-1,-1,0.000000
530,0,-1,-1,-1,-1,0,-1,-1,-1,-1.000000,-1.000000,460,0,0,0,0,0,-1,-1,-1,0.000000
531,0,27,-1,-1,3517,346,60,3,2,0.000000,0.000000,47,445,0,102,0,102,27,-1,-1,0.000000
532,0,45,-1,-1,2885,711,51,3,4,0.000000,0.000000,11,807,0,148,0,148,45,-1,-1,0.000000
533,0,-1,-1,-1,-1,0,-1,-1,-1,-1.000000,-1.000000,345,0,0,0,0,0,-1,-1,-1,0.000000
534,0,-1,-1,-1,-1,0,-1,-1,-1,-1.000000,-1.000000,97,0,0,0,0,0,-1,-1,-1,0.000000
535,0,-1,-1,-1,-1,0,-1,-1,-1,-1.000000,-1.000000,125,0,0,0,0,0,-1,-1,-1,0.000000
536,0,-1,-1,-1,-1,0,-1,-1,-1,-1.000000,-1.000000,319,0,0,0,0,0,-1,-1,-1,0.000000
537,0,-1,-1,-1,-1,0,-1,-1,-1,-1.000000,-1.000000,297,0,0,0,0,0,-1,-1,-1,0.000000
538,0,192,-1,-1,7133,0,29,3,4,0.000000,0.000000,75,0,0,1,0,1,192,-1,-1,0.000000
539,0,-1,-1,-1,-1,0,-1,-1,-1,-1.000000,-1.000000,215,0,0,0,0,0,-1,-1,-1,0.000000
540,0,19,-1,-1,2793,671,68,3,2,0.000000,0.000000,29,820,0,159,0,159,19,-1,-1,0.000000
541,0,28,-1,-1,5202,263,57,3,4,0.000000,0.000000,69,435,0,104,0,104,28,-1,-1,0.000000
542,0,-1,-1,-1,-1,0,-1,-1,-1,-1.000000,-1.000000,271,0,0,0,0,0,-1,-1,-1,0.000000
543,0,-1,-1,-1,-1,0,-1,-1,-1,-1.000000,-1.000000,317,0,0,0,0,0,-1,-1,-1,0.000000
544,0,-1,-1,-1,-1,0,-1,-1,-1,-1.000000,-1.000000,117,0,0,0,0,0,-1,-1,-1,0.000000
545,0,-1,-1,-1,-1,0,-1,-1,-1,-1.000000,-1.000000,261,0,0,0,0,0,-1,-1,-1,0.000000
546,0,-1,-1,-1,-1,0,-1,-1,-1,-1.000000,-1.000000,219,0,0,0,0,0,-1,-1,-1,0.000000
547,0,-1,-1,-1,-1,0,-1,-1,-1,-1.000000,-1.000000,347,0,0,0,0,0,-1,-1,-1,0.000000
548,0,-1,-1,-1,-1,0,-1,-1,-1,-1.000000,-1.000000,400,0,0,0,0,0,-1,-1,-1,0.000000
549,0,-1,-1,-1,-1,0,-1,-1,-1,-1.000000,-1.000000,357,0,0,0,0,0,-1,-1,-1,0.000000
550,0,-1,-1,-1,-1,0,-1,-1,-1,-1.000000,-1.000000,321,0,0,0,0,0,-1,-1,-1,0.000000
551,0,-1,-1,-1,-1,0,-1,-1,-1,-1.000000,-1.000000,394,0,0,0,0,0,-1,-1,-1,0.000000
552,0,-1,-1,-1,-1,0,-1,-1,-1,-1.000000,-1.000000,225,0,0,0,0,0,-1,-1,-1,0.000000
553,0,-1,-1,-1,-1,0,-1,-1,-1,-1.000000,-1.000000,445,0,0,0,0,0,-1,-1,-1,0.000000
554,0,-1,-1,-1,-1,0,-1,-1,-1,-1.000000,-1.000000,177,0,0,0,0,0,-1,-1,-1,0.000000
555,0,26,-1,-1,2291,549,62,3,2,0.000000,0.000000,29,681,0,293,0,293,26,-1,-1,0.000000
556,0,503,-1,-1,7204,72,21,3,4,0.000000,0.000000,27,133,0,17,0,17,503,-1,-1,0.000000
557,0,-1,-1,-1,-1,0,-1,-1,-1,-1.000000,-1.000000,203,0,0,0,0,0,-1,-1,-1,0.000000
558,0,-1,-1,-1,-1,0,-1,-1,-1,-1.000000,-1.000000,179,0,0,0,0,0,-1,-1,-1,0.000000
559,0,130,-1,-1,5489,581,36,3,4,0.000000,0.000000,24,743,0,112,0,112,130,-1,-1,0.000000
560,0,-1,-1,-1,-1,0,-1,-1,-1,-1.000000,-1.000000,201,0,0,0,0,0,-1,-1,-1,0.000000
561,0,-1,-1,-1,-1,0,-1,-1,-1,-1.000000,-1.000000,205,0,0,0,0,0,-1,-1,-1,0.000000
562,0,-1,-1,-1,-1,0,-1,-1,-1,-1.000000,-1.000000,142,0,0,0,0,0,-1,-1,-1,0.000000
563,0,24,-1,-1,6977,873,63,3,4,0.000000,0.000000,59,738,0,231,0,231,24,-1,-1,0.000000
564,0,-1,-1,-1,-1,0,-1,-1,-1,-1.000000,-1.000000,137,0,0,0,0,0,-1,-1,-1,0.000000
565,0,132,-1,-1,2180,661,37,3,2,0.000000,0.000000,36,637,0,154,0,154,132,-1,-1,0.000000
566,0,-1,-1,-1,-1,0,-1,-1,-1,-1.000000,-1.000000,303,0,0,0,0,0,-1,-1,-1,0.000000
567,0,50,-1,-1,3971,8,47,3,4,0.000000,0.000000,101,26,0,12,0,12,50,-1,-1,0.000000
568,0,24,-1,-1,6642,748,63,3,4,0.000000,0.000000,41,737,0,169,0,169,24,-1,-1,0.000000
569,0,24,-1,-1,3424,653,63,3,4,0.000000,0.000000,41,694,0,210,0,210,24,-1,-1,0.000000
570,0,-1,-1,-1,-1,0,-1,-1,-1,-1.000000,-1.000000,487,0,0,0,0,0,-1,-1,-1,0.000000
571,0,-1,-1,-1,-1,0,-1,-1,-1,-1.000000,-1.000000,160,0,0,0,0,0,-1,-1,-1,0.000000
572,0,-1,-1,-1,-1,0,-1,-1,-1,-1.000000,-1.000000,333,0,0,0,0,0,-1,-1,-1,0.000000
573,0,-1,-1,-1,-1,0,-1,-1,-1,-1.000000,-1.000000,423,0,0,0,0,0,-1,-1,-1,0.000000
574,0,-1,-1,-1,-1,0,-1,-1,-1,-1.000000,-1.000000,99,0,0,0,0,0,-1,-1,-1,0.000000
575,0,-1,-1,-1,-1,0,-1,-1,-1,-1.000000,-1.000000,374,0,0,0,0,0,-1,-1,-1,0.000000
576,0,-1,-1,-1,-1,0,-1,-1,-1,-1.000000,-1.000000,327,0,0,0,0,0,-1,-1,-1,0.000000
577,0,-1,-1,-1,-1,0,-1,-1,-1,-1.000000,-1.000000,406,0,0,0,0,0,-1,-1,-1,0.000000
578,0,-1,-1,-1,-1,0,-1,-1,-1,-1.000000,-1.000000,261,0,0,0,0,0,-1,-1,-1,0.000000
579,0,-1,-1,-1,-1,0,-1,-1,-1,-1.000000,-1.000000,176,0,0,0,0,0,-1,-1,-1,0.000000
580,0,23,-1,-1,6305,809,64,3,2,0.000000,0.000000,37,800,0,145,0,145,23,-1,-1,0.000000
581,0,-1,-1,-1,-1,0,-1,-1,-1,-1.000000,-1.000000,197,0,0,0,0,0,-1,-1,-1,0.000000
582,0,-1,-1,-1,-1,0,-1,-1,-1,-1.000000,-1.000000,225,0,0,0,0,0,-1,-1,-1,0.000000
583,0,-1,-1,-1,-1,0,-1,-1,-1,-1.000000,-1.000000,318,0,0,0,0,0,-1,-1,-1,0.000000
584,0,-1,-1,-1,-1,0,-1,-1,-1,-1.000000,-1.000000,101,0,0,0,0,0,-1,-1,-1,0.000000
585,0,-1,-1,-1,-1,0,-1,-1,-1,-1.000000,-1.000000,335,0,0,0,0,0,-1,-1,-1,0.000000
586,0,-1,-1,-1,-1,0,-1,-1,-1,-1.000000,-1.000000,263,0,0,0,0,0,-1,-1,-1,0.000000
587,0,-1,-1,-1,-1,0,-1,-1,-1,-1.000000,-1.000000,483,0,0,0,0,0,-1,-1,-1,0.000000
588,0,-1,-1,-1,-1,0,-1,-1,-1,-1.000000,-1.000000,478,0,0,0,0,0,-1,-1,-1,0.000000
589,0,-1,-1,-1,-1,0,-1,-1,-1,-1.000000,-1.000000,231,0,0,0,0,0,-1,-1,-1,0.000000
590,0,-1,-1,-1,-1,0,-1,-1,-1,-1.000000,-1.000000,203,0,0,0,0,0,-1,-1,-1,0.000000
591,0,21,-1,-1,1925,532,67,3,4,0.000000,0.000000,21,669,0,310,0,310,21,-1,-1,0.000000
592,0,-1,-1,-1,-1,0,-1,-1,-1,-1.000000,-1.000000,250,0,0,0,0,0,-1,-1,-1,0.000000
593,0,-1,-1,-1,-1,0,-1,-1,-1,-1.000000,-1.000000,119,0,0,0,0,0,-1,-1,-1,0.000000
594,0,-1,-1,-1,-1,0,-1,-1,-1,-1.000000,-1.000000,238,0,0,0,0,0,-1,-1,-1,0.000000
595,0,-1,-1,-1,-1,0,-1,-1,-1,-1.000000,-1.000000,301,0,0,0,0,0,-1,-1,-1,0.000000
596,0,-1,-1,-1,-1,0,-1,-1,-1,-1.000000,-1.000000,197,0,0,0,0,0,-1,-1,-1,0.000000
597,0,248,-1,-1,5111,384,27,3,2,0.000000,0.000000,46,449,0,82,0,82,248,-1,-1,0.000000
598,0,129,-1,-1,834,19,34,3,4,0.000000,0.000000,66,52,0,15,0,15,129,-1,-1,0.000000
599,0,-1,-1,-1,-1,0,-1,-1,-1,-1.000000,-1.000000,285,0,0,0,0,0,-1,-1,-1,0.000000
600,0,-1,-1,-1,-1,0,-1,-1,-1,-1.000000,-1.000000,416,0,0,0,0,0,-1,-1,-1,0.000000
601,0,-1,-1,-1,-1,0,-1,-1,-1,-1.000000,-1.000000,415,0,0,0,0,0,-1,-1,-1,0.000000
602,0,-1,-1,-1,-1,0,-1,-1,-1,-1.000000,-1.000000,341,0,0,0,0,0,-1,-1,-1,0.000000
603,0,-1,-1,-1,-1,0,-1,-1,-1,-1.000000,-1.000000,195,0,0,0,0,0,-1,-1,-1,0.000000
604,0,-1,-1,-1,-1,0,-1,-1,-1,-1.000000,-1.000000,111,0,0,0,0,0,-1,-1,-1,0.000000
605,0,-1,-1,-1,-1,0,-1,-1,-1,-1.000000,-1.000000,217,0,0,0,0,0,-1,-1,-1,0.000000
606,0,-1,-1,-1,-1,0,-1,-1,-1,-1.000000,-1.000000,254,0,0,0,0,0,-1,-1,-1,0.000000
607,0,-1,-1,-1,-1,0,-1,-1,-1,-1.000000,-1.000000,185,0,0,0,0,0,-1,-1,-1,0.000000
608,0,-1,-1,-1,-1,0,-1,-1,-1,-1.000000,-1.000000,352,0,0,0,0,0,-1,-1,-1,0.000000
609,0,-1,-1,-1,-1,0,-1,-1,-1,-1.000000,-1.000000,137,0,0,0,0,0,-1,-1,-1,0.000000
610,0,-1,-1,-1,-1,0,-1,-1,-1,-1.000000,-1.000000,474,0,0,0,0,0,-1,-1,-1,0.000000
611,0,-1,-1,-1,-1,0,-1,-1,-1,-1.000000,-1.000000,457,0,0,0,0,0,-1,-1,-1,0.000000
612,0,-1,-1,-1,-1,0,-1,-1,-1,-1.000000,-1.000000,386,0,0,0,0,0,-1,-1,-1,0.000000
613,0,-1,-1,-1,-1,0,-1,-1,-1,-1.000000,-1.000000,274,0,0,0,0,0,-1,-1,-1,0.000000
614,0,-1,-1,-1,-1,0,-1,-1,-1,-1.000000,-1.000000,179,0,0,0,0,0,-1,-1,-1,0.000000
615,0,-1,-1,-1,-1,0,-1,-1,-1,-1.000000,-1.000000,371,0,0,0,0,0,-1,-1,-1,0.000000
616,0,-1,-1,-1,-1,0,-1,-1,-1,-1.000000,-1.000000,477,0,0,0,0,0,-1,-1,-1,0.000000
617,0,-1,-1,-1,-1,0,-1,-1,-1,-1.000000,-1.000000,113,0,0,0,0,0,-1,-1,-1,0.000000
618,0,-1,-1,-1,-1,0,-1,-1,-1,-1.000000,-1.000000,373,0,0,0,0,0,-1,-1,-1,0.000000
619,0,-1,-1,-1,-1,0,-1,-1,-1,-1.000000,-1.000000,239,0,0,0,0,0,-1,-1,-1,0.000000
620,0,29,-1,-1,5651,636,56,3,2,0.000000,0.000000,41,674,0,178,0,178,29,-1,-1,0.000000
621,0,-1,-1,-1,-1,0,-1,-1,-1,-1.000000,-1.000000,477,0,0,0,0,0,-1,-1,-1,0.000000
622,0,-1,-1,-1,-1,0,-1,-1,-1,-1.000000,-1.000000,246,0,0,0,0,0,-1,-1,-1,0.000000
623,0,29,-1,-1,7769,772,58,3,2,0.000000,0.000000,43,709,0,259,0,259,29,-1,-1,0.000000
624,0,-1,-1,-1,-1,0,-1,-1,-1,-1.000000,-1.000000,450,0,0,0,0,0,-1,-1,-1,0.000000
625,0,-1,-1,-1,-1,0,-1,-1,-1,-1.000000,-1.000000,395,0,0,0,0,0,-1,-1,-1,0.000000
626,0,-1,-1,-1,-1,0,-1,-1,-1,-1.000000,-1.000000,219,0,0,0,0,0,-1,-1,-1,0.000000
627,0,-1,-1,-1,-1,0,-1,-1,-1,-1.000000,-1.000000,257,0,0,0,0,0,-1,-1,-1,0.000000
628,0,-1,-1,-1,-1,0,-1,-1,-1,-1.000000,-1.000000,420,0,0,0,0,0,-1,-1,-1,0.000000
629,0,-1,-1,-1,-1,0,-1,-1,-1,-1.000000,-1.000000,368,0,0,0,0,0,-1,-1,-1,0.000000
630,0,-1,-1,-1,-1,0,-1,-1,-1,-1.000000,-1.000000,263,0,0,0,0,0,-1,-1,-1,0.000000
631,0,26,-1,-1,4966,750,60,3,2,0.000000,0.000000,63,719,0,221,0,221,26,-1,-1,0.000000
632,0,-1,-1,-1,-1,0,-1,-1,-1,-1.000000,-1.000000,117,0,0,0,0,0,-1,-1,-1,0.000000
633,0,-1,-1,-1,-1,0,-1,-1,-1,-1.000000,-1.000000,294,0,0,0,0,0,-1,-1,-1,0.000000
634,0,-1,-1,-1,-1,0,-1,-1,-1,-1.000000,-1.000000,265,0,0,0,0,0,-1,-1,-1,0.000000
635,0,-1,-1,-1,-1,0,-1,-1,-1,-1.000000,-1.000000,143,0,0,0,0,0,-1,-1,-1,0.000000
636,0,-1,-1,-1,-1,0,-1,-1,-1,-1.000000,-1.000000,424,0,0,0,0,0,-1,-1,-1,0.000000
637,0,-1,-1,-1,-1,0,-1,-1,-1,-1.000000,-1.000000,137,0,0,0,0,0,-1,-1,-1,0.000000
638,0,-1,-1,-1,-1,0,-1,-1,-1,-1.000000,-1.000000,362,0,0,0,0,0,-1,-1,-1,0.000000
639,0,-1,-1,-1,-1,0,-1,-1,-1,-1.000000,-1.000000,474,0,0,0,0,0,-1,-1,-1,0.000000
640,0,-1,-1,-1,-1,0,-1,-1,-1,-1.000000,-1.000000,67,0,0,0,0,0,-1,-1,-1,0.000000
641,0,-1,-1,-1,-1,0,-1,-1,-1,-1.000000,-1.000000,400,0,0,0,0,0,-1,-1,-1,0.000000
642,0,-1,-1,-1,-1,0,-1,-1,-1,-1.000000,-1.000000,380,0,0,0,0,0,-1,-1,-1,0.000000
643,0,-1,-1,-1,-1,0,-1,-1,-1,-1.000000,-1.000000,38,0,0,0,0,0,-1,-1,-1,0.000000
644,0,24,-1,-1,5077,633,64,3,2,0.000000,0.000000,29,745,0,229,0,229,24,-1,-1,0.000000
645,0,-1,-1,-1,-1,0,-1,-1,-1,-1.000000,-1.000000,482,0,0,0,0,0,-1,-1,-1,0.000000
646,0,-1,-1,-1,-1,0,-1,-1,-1,-1.000000,-1.000000,135,0,0,0,0,0,-1,-1,-1,0.000000
647,0,-1,-1,-1,-1,0,-1,-1,-1,-1.000000,-1.000000,191,0,0,0,0,0,-1,-1,-1,0.000000
648,0,-1,-1,-1,-1,0,-1,-1,-1,-1.000000,-1.000000,193,0,0,0,0,0,-1,-1,-1,0.000000
649,0,-1,-1,-1,-1,0,-1,-1,-1,-1.000000,-1.000000,106,0,0,0,0,0,-1,-1,-1,0.000000
650,0,-1,-1,-1,-1,0,-1,-1,-1,-1.000000,-1.000000,150,0,0,0,0,0,-1,-1,-1,0.000000
651,0,-1,-1,-1,-1,0,-1,-1,-1,-1.000000,-1.000000,500,0,0,0,0,0,-1,-1,-1,0.000000
652,0,-1,-1,-1,-1,0,-1,-1,-1,-1.000000,-1.000000,289,0,0,0,0,0,-1,-1,-1,0.000000
653,0,-1,-1,-1,-1,0,-1,-1,-1,-1.000000,-1.000000,261,0,0,0,0,0,-1,-1,-1,0.000000
654,0,22,-1,-1,4977,735,65,3,4,0.000000,0.000000,33,800,0,163,0,163,22,-1,-1,0.000000
655,0,-1,-1,-1,-1,0,-1,-1,-1,-1.000000,-1.000000,271,0,0,0,0,0,-1,-1,-1,0.000000
656,0,-1,-1,-1,-1,0,-1,-1,-1,-1.000000,-1.000000,259,0,0,0,0,0,-1,-1,-1,0.000000
657,0,-1,-1,-1,-1,0,-1,-1,-1,-1.000000,-1.000000,217,0,0,0,0,0,-1,-1,-1,0.000000
658,0,-1,-1,-1,-1,0,-1,-1,-1,-1.000000,-1.000000,411,0,0,0,0,0,-1,-1,-1,0.000000
659,0,-1,-1,-1,-1,0,-1,-1,-1,-1.000000,-1.000000,123,0,0,0,0,0,-1,-1,-1,0.000000
660,0,-1,-1,-1,-1,0,-1,-1,-1,-1.000000,-1.000000,309,0,0,0,0,0,-1,-1,-1,0.000000
661,0,22,-1,-1,7640,885,68,3,2,0.000000,0.000000,35,801,0,163,0,163,22,-1,-1,0.000000
662,0,-1,-1,-1,-1,0,-1,-1,-1,-1.000000,-1.000000,249,0,0,0,0,0,-1,-1,-1,0.000000
663,0,-1,-1,-1,-1,0,-1,-1,-1,-1.000000,-1.000000,89,0,0,0,0,0,-1,-1,-1,0.000000
664,0,-1,-1,-1,-1,0,-1,-1,-1,-1.000000,-1.000000,193,0,0,0,0,0,-1,-1,-1,0.000000
665,0,-1,-1,-1,-1,0,-1,-1,-1,-1.000000,-1.000000,316,0,0,0,0,0,-1,-1,-1,0.000000
666,0,-1,-1,-1,-1,0,-1,-1,-1,-1.000000,-1.000000,187,0,0,0,0,0,-1,-1,-1,0.000000
667,0,-1,-1,-1,-1,0,-1,-1,-1,-1.000000,-1.000000,391,0,0,0,0,0,-1,-1,-1,0.000000
668,0,-1,-1,-1,-1,0,-1,-1,-1,-1.000000,-1.000000,88,0,0,0,0,0,-1,-1,-1,0.000000
669,0,-1,-1,-1,-1,0,-1,-1,-1,-1.000000,-1.000000,335,0,0,0,0,0,-1,-1,-1,0.000000
670,0,-1,-1,-1,-1,0,-1,-1,-1,-1.000000,-1.000000,153,0,0,0,0,0,-1,-1,-1,0.000000
671,0,20,-1,-1,1275,696,69,3,4,0.000000,0.000000,11,810,0,169,0,169,20,-1,-1,0.000000
672,0,22,-1,-1,4501,679,66,3,2,0.000000,0.000000,43,669,0,292,0,292,22,-1,-1,0.000000
673,0,-1,-1,-1,-1,0,-1,-1,-1,-1.000000,-1.000000,221,0,0,0,0,0,-1,-1,-1,0.000000
674,0,-1,-1,-1,-1,0,-1,-1,-1,-1.000000,-1.000000,432,0,0,0,0,0,-1,-1,-1,0.000000
675,0,-1,-1,-1,-1,0,-1,-1,-1,-1.000000,-1.000000,300,0,0,0,0,0,-1,-1,-1,0.000000
676,0,-1,-1,-1,-1,0,-1,-1,-1,-1.000000,-1.000000,307,0,0,0,0,0,-1,-1,-1,0.000000
677,0,-1,-1,-1,-1,0,-1,-1,-1,-1.000000,-1.000000,187,0,0,0,0,0,-1,-1,-1,0.000000
678,0,-1,-1,-1,-1,0,-1,-1,-1,-1.000000,-1.000000,275,0,0,0,0,0,-1,-1,-1,0.000000
679,0,-1,-1,-1,-1,0,-1,-1,-1,-1.000000,-1.000000,139,0,0,0,0,0,-1,-1,-1,0.000000
680,0,-1,-1,-1,-1,0,-1,-1,-1,-1.000000,-1.000000,334,0,0,0,0,0,-1,-1,-1,0.000000
681,0,-1,-1,-1,-1,0,-1,-1,-1,-1.000000,-1.000000,123,0,0,0,0,0,-1,-1,-1,0.000000
682,0,-1,-1,-1,-1,0,-1,-1,-1,-1.000000,-1.000000,456,0,0,0,0,0,-1,-1,-1,0.000000
683,0,29,-1,-1,4235,328,58,3,2,0.000000,0.000000,51,472,0,90,0,90,29,-1,-1,0.000000
684,0,4,-1,-1,4544,614,69,3,4,0.000000,0.000000,15,701,0,289,0,289,4,-1,-1,0.000000
685,0,-1,-1,-1,-1,0,-1,-1,-1,-1.000000,-1.000000,263,0,0,0,0,0,-1,-1,-1,0.000000
686,0,169,-1,-1,4743,141,31,3,2,0.000000,0.000000,94,240,0,60,0,60,169,-1,-1,0.000000
687,0,-1,-1,-1,-1,0,-1,-1,-1,-1.000000,-1.000000,271,0,0,0,0,0,-1,-1,-1,0.000000
688,0,-1,-1,-1,-1,0,-1,-1,-1,-1.000000,-1.000000,90,0,0,0,0,0,-1,-1,-1,0.000000
689,0,33,-1,-1,1141,182,56,3,2,0.000000,0.000000,63,347,0,43,0,43,33,-1,-1,0.000000
690,0,-1,-1,-1,-1,0,-1,-1,-1,-1.000000,-1.000000,117,0,0,0,0,0,-1,-1,-1,0.000000
691,0,-1,-1,-1,-1,0,-1,-1,-1,-1.000000,-1.000000,203,0,0,0,0,0,-1,-1,-1,0.000000
692,0,-1,-1,-1,-1,0,-1,-1,-1,-1.000000,-1.000000,176,0,0,0,0,0,-1,-1,-1,0.000000
693,0,-1,-1,-1,-1,0,-1,-1,-1,-1.000000,-1.000000,390,0,0,0,0,0,-1,-1,-1,0.000000
694,0,-1,-1,-1,-1,0,-1,-1,-1,-1.000000,-1.000000,163,0,0,0,0,0,-1,-1,-1,0.000000
695,0,-1,-1,-1,-1,0,-1,-1,-1,-1.000000,-1.000000,139,0,0,0,0,0,-1,-1,-1,0.000000
696,0,-1,-1,-1,-1,0,-1,-1,-1,-1.000000,-1.000000,189,0,0,0,0,0,-1,-1,-1,0.000000
697,0,-1,-1,-1,-1,0,-1,-1,-1,-1.000000,-1.000000,145,0,0,0,0,0,-1,-1,-1,0.000000
698,0,-1,-1,-1,-1,0,-1,-1,-1,-1.000000,-1.000000,374,0,0,0,0,0,-1,-1,-1,0.000000
699,0,-1,-1,-1,-1,0,-1,-1,-1,-1.000000,-1.000000,468,0,0,0,0,0,-1,-1,-1,0.000000
700,0,27,-1,-1,3184,889,61,3,2,0.000000,0.000000,22,799,0,171,0,171,27,-1,-1,0.000000
701,0,-1,-1,-1,-1,0,-1,-1,-1,-1.000000,-1.000000,132,0,0,0,0,0,-1,-1,-1,0.000000
702,0,-1,-1,-1,-1,0,-1,-1,-1,-1.000000,-1.000000,464,0,0,0,0,0,-1,-1,-1,0.000000
703,0,-1,-1,-1,-1,0,-1,-1,-1,-1.000000,-1.000000,259,0,0,0,0,0,-1,-1,-1,0.000000
704,0,-1,-1,-1,-1,0,-1,-1,-1,-1.000000,-1.000000,200,0,0,0,0,0,-1,-1,-1,0.000000
705,0,-1,-1,-1,-1,0,-1,-1,-1,-1.000000,-1.000000,465,0,0,0,0,0,-1,-1,-1,0.000000
706,0,-1,-1,-1,-1,0,-1,-1,-1,-1.000000,-1.000000,139,0,0,0,0,0,-1,-1,-1,0.000000
707,0,-1,-1,-1,-1,0,-1,-1,-1,-1.000000,-1.000000,87,0,0,0,0,0,-1,-1,-1,0.000000
708,0,-1,-1,-1,-1,0,-1,-1,-1,-1.000000,-1.000000,337,0,0,0,0,0,-1,-1,-1,0.000000
709,0,24,-1,-1,1487,841,65,3,4,0.000000,0.000000,27,797,0,166,0,166,24,-1,-1,0.000000
710,0,-1,-1,-1,-1,0,-1,-1,-1,-1.000000,-1.000000,173,0,0,0,0,0,-1,-1,-1,0.000000
711,0,-1,-1,-1,-1,0,-1,-1,-1,-1.000000,-1.000000,151,0,0,0,0,0,-1,-1,-1,0.000000
712,0,-1,-1,-1,-1,0,-1,-1,-1,-1.000000,-1.000000,141,0,0,0,0,0,-1,-1,-1,0.000000
713,0,-1,-1,-1,-1,0,-1,-1,-1,-1.000000,-1.000000,201,0,0,0,0,0,-1,-1,-1,0.000000
714,0,-1,-1,-1,-1,0,-1,-1,-1,-1.000000,-1.000000,267,0,0,0,0,0,-1,-1,-1,0.000000
715,0,-1,-1,-1,-1,0,-1,-1,-1,-1.000000,-1.000000,309,0,0,0,0,0,-1,-1,-1,0.000000
716,0,-1,-1,-1,-1,0,-1,-1,-1,-1.000000,-1.000000,179,0,0,0,0,0,-1,-1,-1,0.000000
717,0,-1,-1,-1,-1,0,-1,-1,-1,-1.000000,-1.000000,393,0,0,0,0,0,-1,-1,-1,0.000000
718,0,-1,-1,-1,-1,0,-1,-1,-1,-1.000000,-1.000000,512,0,0,0,0,0,-1,-1,-1,0.000000
719,0,-1,-1,-1,-1,0,-1,-1,-1,-1.000000,-1.000000,335,0,0,0,0,0,-1,-1,-1,0.000000
720,0,-1,-1,-1,-1,0,-1,-1,-1,-1.000000,-1.000000,411,0,0,0,0,0,-1,-1,-1,0.000000
721,0,-1,-1,-1,-1,0,-1,-1,-1,-1.000000,-1.000000,71,0,0,0,0,0,-1,-1,-1,0.000000
722,0,-1,-1,-1,-1,0,-1,-1,-1,-1.000000,-1.000000,139,0,0,0,0,0,-1,-1,-1,0.000000
723,0,37,-1,-1,6881,560,52,3,2,0.000000,0.000000,69,575,0,243,0,243,37,-1,-1,0.000000
724,0,-1,-1,-1,-1,0,-1,-1,-1,-1.000000,-1.000000,243,0,0,0,0,0,-1,-1,-1,0.000000
725,0,-1,-1,-1,-1,0,-1,-1,-1,-1.000000,-1.000000,466,0,0,0,0,0,-1,-1,-1,0.000000
726,0,-1,-1,-1,-1,0,-1,-1,-1,-1.000000,-1.000000,131,0,0,0,0,0,-1,-1,-1,0.000000
727,0,28,-1,-1,7281,59,61,3,4,0.000000,0.000000,81,134,0,32,0,32,28,-1,-1,0.000000
728,0,24,-1,-1,1474,807,62,3,2,0.000000,0.000000,39,669,0,266,0,266,24,-1,-1,0.000000
729,0,28,-1,-1,3392,49,57,3,4,0.000000,0.000000,61,107,0,21,0,21,28,-1,-1,0.000000
730,0,-1,-1,-1,-1,0,-1,-1,-1,-1.000000,-1.000000,385,0,0,0,0,0,-1,-1,-1,0.000000
731,0,-1,-1,-1,-1,0,-1,-1,-1,-1.000000,-1.000000,263,0,0,0,0,0,-1,-1,-1,0.000000
732,0,-1,-1,-1,-1,0,-1,-1,-1,-1.000000,-1.000000,323,0,0,0,0,0,-1,-1,-1,0.000000
733,0,31,-1,-1,3783,47,55,3,4,0.000000,0.000000,65,124,0,39,0,39,31,-1,-1,0.000000
734,0,-1,-1,-1,-1,0,-1,-1,-1,-1.000000,-1.000000,151,0,0,0,0,0,-1,-1,-1,0.000000
735,0,35,-1,-1,2877,12,53,3,4,0.000000,0.000000,99,39,0,17,0,17,35,-1,-1,0.000000
736,0,-1,-1,-1,-1,0,-1,-1,-1,-1.000000,-1.000000,179,0,0,0,0,0,-1,-1,-1,0.000000
737,0,-1,-1,-1,-1,0,-1,-1,-1,-1.000000,-1.000000,411,0,0,0,0,0,-1,-1,-1,0.000000
738,0,528,-1,-1,1921,0,17,3,4,0.000000,0.000000,71,1,0,1,0,1,528,-1,-1,0.000000
739,0,-1,-1,-1,-1,0,-1,-1,-1,-1.000000,-1.000000,202,0,0,0,0,0,-1,-1,-1,0.000000
740,0,-1,-1,-1,-1,0,-1,-1,-1,-1.000000,-1.000000,287,0,0,0,0,0,-1,-1,-1,0.000000
741,0,114,-1,-1,5112,103,39,3,4,0.000000,0.000000,45,223,0,42,0,42,114,-1,-1,0.000000
742,0,-1,-1,-1,-1,0,-1,-1,-1,-1.000000,-1.000000,289,0,0,0,0,0,-1,-1,-1,0.000000
743,0,-1,-1,-1,-1,0,-1,-1,-1,-1.000000,-1.000000,247,0,0,0,0,0,-1,-1,-1,0.000000
744,0,-1,-1,-1,-1,0,-1,-1,-1,-1.000000,-1.000000,95,0,0,0,0,0,-1,-1,-1,0.000000
745,0,-1,-1,-1,-1,0,-1,-1,-1,-1.000000,-1.000000,191,0,0,0,0,0,-1,-1,-1,0.000000
746,0,-1,-1,-1,-1,0,-1,-1,-1,-1.000000,-1.000000,328,0,0,0,0,0,-1,-1,-1,0.000000
747,0,15,-1,-1,7455,583,68,3,2,0.000000,0.000000,21,745,0,235,0,235,15,-1,-1,0.000000
748,0,-1,-1,-1,-1,0,-1,-1,-1,-1.000000,-1.000000,233,0,0,0,0,0,-1,-1,-1,0.000000
749,0,-1,-1,-1,-1,0,-1,-1,-1,-1.000000,-1.000000,316,0,0,0,0,0,-1,-1,-1,0.000000
750,0,-1,-1,-1,-1,0,-1,-1,-1,-1.000000,-1.000000,457,0,0,0,0,0,-1,-1,-1,0.000000
751,0,-1,-1,-1,-1,0,-1,-1,-1,-1.000000,-1.000000,127,0,0,0,0,0,-1,-1,-1,0.000000
752,0,12,-1,-1,6871,586,68,3,2,0.000000,0.000000,25,737,0,249,0,249,12,-1,-1,0.000000
753,0,70,-1,-1,3877,1,42,3,2,0.000000,0.000000,85,20,0,4,0,4,70,-1,-1,0.000000
754,0,-1,-1,-1,-1,0,-1,-1,-1,-1.000000,-1.000000,327,0,0,0,0,0,-1,-1,-1,0.000000
755,0,-1,-1,-1,-1,0,-1,-1,-1,-1.000000,-1.000000,276,0,0,0,0,0,-1,-1,-1,0.000000
756,0,-1,-1,-1,-1,0,-1,-1,-1,-1.000000,-1.000000,381,0,0,0,0,0,-1,-1,-1,0.000000
757,0,28,-1,-1,1048,23,57,3,4,0.000000,0.000000,81,77,0,39,0,39,28,-1,-1,0.000000
758,0,-1,-1,-1,-1,0,-1,-1,-1,-1.000000,-1.000000,455,0,0,0,0,0,-1,-1,-1,0.000000
759,0,-1,-1,-1,-1,0,-1,-1,-1,-1.000000,-1.000000,334,0,0,0,0,0,-1,-1,-1,0.000000
760,0,192,-1,-1,4448,1,31,3,4,0.000000,0.000000,65,12,0,3,0,3,192,-1,-1,0.000000
761,0,-1,-1,-1,-1,0,-1,-1,-1,-1.000000,-1.000000,173,0,0,0,0,0,-1,-1,-1,0.000000
762,0,-1,-1,-1,-1,0,-1,-1,-1,-1.000000,-1.000000,271,0,0,0,0,0,-1,-1,-1,0.000000
763,0,-1,-1,-1,-1,0,-1,-1,-1,-1.000000,-1.000000,190,0,0,0,0,0,-1,-1,-1,0.000000
764,0,-1,-1,-1,-1,0,-1,-1,-1,-1.000000,-1.000000,123,0,0,0,0,0,-1,-1,-1,0.000000
765,0,-1,-1,-1,-1,0,-1,-1,-1,-1.000000,-1.000000,147,0,0,0,0,0,-1,-1,-1,0.000000
766,0,-1,-1,-1,-1,0,-1,-1,-1,-1.000000,-1.000000,273,0,0,0,0,0,-1,-1,-1,0.000000
767,0,-1,-1,-1,-1,0,-1,-1,-1,-1.000000,-1.000000,219,0,0,0,0,0,-1,-1,-1,0.000000
768,0,-1,-1,-1,-1,0,-1,-1,-1,-1.000000,-1.000000,231,0,0,0,0,0,-1,-1,-1,0.000000
769,0,-1,-1,-1,-1,0,-1,-1,-1,-1.000000,-1.000000,299,0,0,0,0,0,-1,-1,-1,0.000000
770,0,-1,-1,-1,-1,0,-1,-1,-1,-1.000000,-1.000000,395,0,0,0,0,0,-1,-1,-1,0.000000
771,0,-1,-1,-1,-1,0,-1,-1,-1,-1.000000,-1.000000,351,0,0,0,0,0,-1,-1,-1,0.000000
772,0,-1,-1,-1,-1,0,-1,-1,-1,-1.000000,-1.000000,215,0,0,0,0,0,-1,-1,-1,0.000000
773,0,-1,-1,-1,-1,0,-1,-1,-1,-1.000000,-1.000000,372,0,0,0,0,0,-1,-1,-1,0.000000
774,0,-1,-1,-1,-1,0,-1,-1,-1,-1.000000,-1.000000,298,0,0,0,0,0,-1,-1,-1,0.000000
775,0,-1,-1,-1,-1,0,-1,-1,-1,-1.000000,-1.000000,304,0,0,0,0,0,-1,-1,-1,0.000000
776,0,-1,-1,-1,-1,0,-1,-1,-1,-1.000000,-1.000000,287,0,0,0,0,0,-1,-1,-1,0.000000
777,0,-1,-1,-1,-1,0,-1,-1,-1,-1.000000,-1.000000,217,0,0,0,0,0,-1,-1,-1,0.000000
778,0,-1,-1,-1,-1,0,-1,-1,-1,-1.000000,-1.000000,409,0,0,0,0,0,-1,-1,-1,0.000000
779,0,-1,-1,-1,-1,0,-1,-1,-1,-1.000000,-1.000000,219,0,0,0,0,0,-1,-1,-1,0.000000
780,0,-1,-1,-1,-1,0,-1,-1,-1,-1.000000,-1.000000,133,0,0,0,0,0,-1,-1,-1,0.000000
781,0,-1,-1,-1,-1,0,-1,-1,-1,-1.000000,-1.000000,222,0,0,0,0,0,-1,-1,-1,0.000000
782,0,-1,-1,-1,-1,0,-1,-1,-1,-1.000000,-1.000000,406,0,0,0,0,0,-1,-1,-1,0.000000
783,0,611,-1,-1,4950,0,16,3,4,0.000000,0.000000,78,0,0,1,0,1,611,-1,-1,0.000000
784,0,-1,-1,-1,-1,0,-1,-1,-1,-1.000000,-1.000000,333,0,0,0,0,0,-1,-1,-1,0.000000
785,0,-1,-1,-1,-1,0,-1,-1,-1,-1.000000,-1.000000,304,0,0,0,0,0,-1,-1,-1,0.000000
786,0,-1,-1,-1,-1,0,-1,-1,-1,-1.000000,-1.000000,127,0,0,0,0,0,-1,-1,-1,0.000000
787,0,27,-1,-1,3592,809,59,3,4,0.000000,0.000000,53,713,0,206,0,206,27,-1,-1,0.000000
788,0,-1,-1,-1,-1,0,-1,-1,-1,-1.000000,-1.000000,275,0,0,0,0,0,-1,-1,-1,0.000000
789,0,-1,-1,-1,-1,0,-1,-1,-1,-1.000000,-1.000000,408,0,0,0,0,0,-1,-1,-1,0.000000
790,0,246,-1,-1,4454,492,30,3,4,0.000000,0.000000,34,633,0,96,0,96,246,-1,-1,0.000000
791,0,-1,-1,-1,-1,0,-1,-1,-1,-1.000000,-1.000000,150,0,0,0,0,0,-1,-1,-1,0.000000
792,0,-1,-1,-1,-1,0,-1,-1,-1,-1.000000,-1.000000,189,0,0,0,0,0,-1,-1,-1,0.000000
793,0,53,-1,-1,2780,15,46,3,2,0.000000,0.000000,97,88,0,17,0,17,53,-1,-1,0.000000
794,0,-1,-1,-1,-1,0,-1,-1,-1,-1.000000,-1.000000,91,0,0,0,0,0,-1,-1,-1,0.000000
795,0,-1,-1,-1,-1,0,-1,-1,-1,-1.000000,-1.000000,257,0,0,0,0,0,-1,-1,-1,0.000000
796,0,-1,-1,-1,-1,0,-1,-1,-1,-1.000000,-1.000000,117,0,0,0,0,0,-1,-1,-1,0.000000
797,0,-1,-1,-1,-1,0,-1,-1,-1,-1.000000,-1.000000,269,0,0,0,0,0,-1,-1,-1,0.000000
798,0,-1,-1,-1,-1,0,-1,-1,-1,-1.000000,-1.000000,249,0,0,0,0,0,-1,-1,-1,0.000000
799,0,-1,-1,-1,-1,0,-1,-1,-1,-1.000000,-1.000000,379,0,0,0,0,0,-1,-1,-1,0.000000
800,0,-1,-1,-1,-1,0,-1,-1,-1,-1.000000,-1.000000,400,0,0,0,0,0,-1,-1,-1,0.000000
801,0,-1,-1,-1,-1,0,-1,-1,-1,-1.000000,-1.000000,141,0,0,0,0,0,-1,-1,-1,0.000000
802,0,27,-1,-1,5065,409,61,3,4,0.000000,0.000000,59,453,0,178,0,178,27,-1,-1,0.000000
803,0,-1,-1,-1,-1,0,-1,-1,-1,-1.000000,-1.000000,167,0,0,0,0,0,-1,-1,-1,0.000000
804,0,-1,-1,-1,-1,0,-1,-1,-1,-1.000000,-1.000000,213,0,0,0,0,0,-1,-1,-1,0.000000
805,0,-1,-1,-1,-1,0,-1,-1,-1,-1.000000,-1.000000,320,0,0,0,0,0,-1,-1,-1,0.000000
806,0,26,-1,-1,6239,840,60,3,2,0.000000,0.000000,61,769,0,192,0,192,26,-1,-1,0.000000
807,0,-1,-1,-1,-1,0,-1,-1,-1,-1.000000,-1.000000,480,0,0,0,0,0,-1,-1,-1,0.000000
808,0,-1,-1,-1,-1,0,-1,-1,-1,-1.000000,-1.000000,103,0,0,0,0,0,-1,-1,-1,0.000000
809,0,114,-1,-1,6007,182,38,3,4,0.000000,0.000000,88,300,0,76,0,76,114,-1,-1,0.000000
810,0,-1,-1,-1,-1,0,-1,-1,-1,-1.000000,-1.000000,155,0,0,0,0,0,-1,-1,-1,0.000000
811,0,29,-1,-1,63,504,57,3,4,0.000000,0.000000,63,547,0,205,0,205,29,-1,-1,0.000000
812,0,-1,-1,-1,-1,0,-1,-1,-1,-1.000000,-1.000000,366,0,0,0,0,0,-1,-1,-1,0.000000
813,0,-1,-1,-1,-1,0,-1,-1,-1,-1.000000,-1.000000,133,0,0,0,0,0,-1,-1,-1,0.000000
814,0,-1,-1,-1,-1,0,-1,-1,-1,-1.000000,-1.000000,413,0,0,0,0,0,-1,-1,-1,0.000000
815,0,-1,-1,-1,-1,0,-1,-1,-1,-1.000000,-1.000000,95,0,0,0,0,0,-1,-1,-1,0.000000
816,0,-1,-1,-1,-1,0,-1,-1,-1,-1.000000,-1.000000,167,0,0,0,0,0,-1,-1,-1,0.000000
817,0,-1,-1,-1,-1,0,-1,-1,-1,-1.000000,-1.000000,209,0,0,0,0,0,-1,-1,-1,0.000000
818,0,-1,-1,-1,-1,0,-1,-1,-1,-1.000000,-1.000000,121,0,0,0,0,0,-1,-1,-1,0.000000
819,0,-1,-1,-1,-1,0,-1,-1,-1,-1.000000,-1.000000,134,0,0,0,0,0,-1,-1,-1,0.000000
820,0,-1,-1,-1,-1,0,-1,-1,-1,-1.000000,-1.000000,241,0,0,0,0,0,-1,-1,-1,0.000000
821,0,-1,-1,-1,-1,0,-1,-1,-1,-1.000000,-1.000000,130,0,0,0,0,0,-1,-1,-1,0.000000
822,0,-1,-1,-1,-1,0,-1,-1,-1,-1.000000,-1.000000,295,0,0,0,0,0,-1,-1,-1,0.000000
823,0,-1,-1,-1,-1,0,-1,-1,-1,-1.000000,-1.000000,173,0,0,0,0,0,-1,-1,-1,0.000000
824,0,29,-1,-1,1220,53,56,3,2,0.000000,0.000000,73,127,0,39,0,39,29,-1,-1,0.000000
825,0,-1,-1,-1,-1,0,-1,-1,-1,-1.000000,-1.000000,391,0,0,0,0,0,-1,-1,-1,0.000000
826,0,-1,-1,-1,-1,0,-1,-1,-1,-1.000000,-1.000000,248,0,0,0,0,0,-1,-1,-1,0.000000
827,0,-1,-1,-1,-1,0,-1,-1,-1,-1.000000,-1.000000,101,0,0,0,0,0,-1,-1,-1,0.000000
828,0,-1,-1,-1,-1,0,-1,-1,-1,-1.000000,-1.000000,239,0,0,0,0,0,-1,-1,-1,0.000000
829,0,-1,-1,-1,-1,0,-1,-1,-1,-1.000000,-1.000000,129,0,0,0,0,0,-1,-1,-1,0.000000
830,0,-1,-1,-1,-1,0,-1,-1,-1,-1.000000,-1.000000,258,0,0,0,0,0,-1,-1,-1,0.000000
831,0,26,-1,-1,3222,782,62,3,2,0.000000,0.000000,33,705,0,214,0,214,26,-1,-1,0.000000
832,0,-1,-1,-1,-1,0,-1,-1,-1,-1.000000,-1.000000,165,0,0,0,0,0,-1,-1,-1,0.000000
833,0,-1,-1,-1,-1,0,-1,-1,-1,-1.000000,-1.000000,207,0,0,0,0,0,-1,-1,-1,0.000000
834,0,-1,-1,-1,-1,0,-1,-1,-1,-1.000000,-1.000000,437,0,0,0,0,0,-1,-1,-1,0.000000
835,0,51,-1,-1,3125,70,47,3,4,0.000000,0.000000,61,148,0,53,0,53,51,-1,-1,0.000000
836,0,24,-1,-1,4827,737,64,3,2,0.000000,0.000000,45,769,0,135,0,135,24,-1,-1,0.000000
837,0,-1,-1,-1,-1,0,-1,-1,-1,-1.000000,-1.000000,144,0,0,0,0,0,-1,-1,-1,0.000000
838,0,-1,-1,-1,-1,0,-1,-1,-1,-1.000000,-1.000000,437,0,0,0,0,0,-1,-1,-1,0.000000
839,0,-1,-1,-1,-1,0,-1,-1,-1,-1.000000,-1.000000,197,0,0,0,0,0,-1,-1,-1,0.000000
840,0,-1,-1,-1,-1,0,-1,-1,-1,-1.000000,-1.000000,337,0,0,0,0,0,-1,-1,-1,0.000000
841,0,-1,-1,-1,-1,0,-1,-1,-1,-1.000000,-1.000000,316,0,0,0,0,0,-1,-1,-1,0.000000
842,0,24,-1,-1,7703,755,62,3,2,0.000000,0.000000,25,730,0,238,0,238,24,-1,-1,0.000000
843,0,-1,-1,-1,-1,0,-1,-1,-1,-1.000000,-1.000000,387,0,0,0,0,0,-1,-1,-1,0.000000
844,0,-1,-1,-1,-1,0,-1,-1,-1,-1.000000,-1.000000,443,0,0,0,0,0,-1,-1,-1,0.000000
845,0,-1,-1,-1,-1,0,-1,-1,-1,-1.000000,-1.000000,374,0,0,0,0,0,-1,-1,-1,0.000000
846,0,-1,-1,-1,-1,0,-1,-1,-1,-1.000000,-1.000000,343,0,0,0,0,0,-1,-1,-1,0.000000
847,0,-1,-1,-1,-1,0,-1,-1,-1,-1.000000,-1.000000,151,0,0,0,0,0,-1,-1,-1,0.000000
848,0,22,-1,-1,1538,782,68,3,2,0.000000,0.000000,53,738,0,184,0,184,22,-1,-1,0.000000
849,0,-1,-1,-1,-1,0,-1,-1,-1,-1.000000,-1.000000,141,0,0,0,0,0,-1,-1,-1,0.000000
850,0,-1,-1,-1,-1,0,-1,-1,-1,-1.000000,-1.000000,179,0,0,0,0,0,-1,-1,-1,0.000000
851,0,-1,-1,-1,-1,0,-1,-1,-1,-1.000000,-1.000000,313,0,0,0,0,0,-1,-1,-1,0.000000
852,0,24,-1,-1,4344,815,65,3,4,0.000000,0.000000,31,785,0,189,0,189,24,-1,-1,0.000000
853,0,-1,-1,-1,-1,0,-1,-1,-1,-1.000000,-1.000000,296,0,0,0,0,0,-1,-1,-1,0.000000
854,0,-1,-1,-1,-1,0,-1,-1,-1,-1.000000,-1.000000,255,0,0,0,0,0,-1,-1,-1,0.000000
855,0,-1,-1,-1,-1,0,-1,-1,-1,-1.000000,-1.000000,171,0,0,0,0,0,-1,-1,-1,0.000000
856,0,-1,-1,-1,-1,0,-1,-1,-1,-1.000000,-1.000000,126,0,0,0,0,0,-1,-1,-1,0.000000
857,0,-1,-1,-1,-1,0,-1,-1,-1,-1.000000,-1.000000,368,0,0,0,0,0,-1,-1,-1,0.000000
858,0,-1,-1,-1,-1,0,-1,-1,-1,-1.000000,-1.000000,79,0,0,0,0,0,-1,-1,-1,0.000000
859,0,-1,-1,-1,-1,0,-1,-1,-1,-1.000000,-1.000000,384,0,0,0,0,0,-1,-1,-1,0.000000
860,0,-1,-1,-1,-1,0,-1,-1,-1,-1.000000,-1.000000,105,0,0,0,0,0,-1,-1,-1,0.000000
861,0,218,-1,-1,558,1,28,3,2,0.000000,0.000000,87,5,0,2,0,2,218,-1,-1,0.000000
862,0,-1,-1,-1,-1,0,-1,-1,-1,-1.000000,-1.000000,327,0,0,0,0,0,-1,-1,-1,0.000000
863,0,-1,-1,-1,-1,0,-1,-1,-1,-1.000000,-1.000000,53,0,0,0,0,0,-1,-1,-1,0.000000
864,0,-1,-1,-1,-1,0,-1,-1,-1,-1.000000,-1.000000,458,0,0,0,0,0,-1,-1,-1,0.000000
865,0,-1,-1,-1,-1,0,-1,-1,-1,-1.000000,-1.000000,151,0,0,0,0,0,-1,-1,-1,0.000000
866,0,-1,-1,-1,-1,0,-1,-1,-1,-1.000000,-1.000000,318,0,0,0,0,0,-1,-1,-1,0.000000
867,0,-1,-1,-1,-1,0,-1,-1,-1,-1.000000,-1.000000,448,0,0,0,0,0,-1,-1,-1,0.000000
868,0,-1,-1,-1,-1,0,-1,-1,-1,-1.000000,-1.000000,117,0,0,0,0,0,-1,-1,-1,0.000000
869,0,-1,-1,-1,-1,0,-1,-1,-1,-1.000000,-1.000000,207,0,0,0,0,0,-1,-1,-1,0.000000
870,0,-1,-1,-1,-1,0,-1,-1,-1,-1.000000,-1.000000,263,0,0,0,0,0,-1,-1,-1,0.000000
871,0,29,-1,-1,4326,608,57,3,4,0.000000,0.000000,45,593,0,212,0,212,29,-1,-1,0.000000
872,0,-1,-1,-1,-1,0,-1,-1,-1,-1.000000,-1.000000,299,0,0,0,0,0,-1,-1,-1,0.000000
873,0,-1,-1,-1,-1,0,-1,-1,-1,-1.000000,-1.000000,447,0,0,0,0,0,-1,-1,-1,0.000000
874,0,-1,-1,-1,-1,0,-1,-1,-1,-1.000000,-1.000000,187,0,0,0,0,0,-1,-1,-1,0.000000
875,0,73,-1,-1,2298,4,43,3,4,0.000000,0.000000,89,34,0,14,0,14,73,-1,-1,0.000000
876,0,-1,-1,-1,-1,0,-1,-1,-1,-1.000000,-1.000000,445,0,0,0,0,0,-1,-1,-1,0.000000
877,0,-1,-1,-1,-1,0,-1,-1,-1,-1.000000,-1.000000,207,0,0,0,0,0,-1,-1,-1,0.000000
878,0,-1,-1,-1,-1,0,-1,-1,-1,-1.000000,-1.000000,231,0,0,0,0,0,-1,-1,-1,0.000000
879,0,-1,-1,-1,-1,0,-1,-1,-1,-1.000000,-1.000000,147,0,0,0,0,0,-1,-1,-1,0.000000
880,0,-1,-1,-1,-1,0,-1,-1,-1,-1.000000,-1.000000,395,0,0,0,0,0,-1,-1,-1,0.000000
881,0,-1,-1,-1,-1,0,-1,-1,-1,-1.000000,-1.000000,476,0,0,0,0,0,-1,-1,-1,0.000000
882,0,60,-1,-1,7123,665,50,3,4,0.000000,0.000000,26,785,0,149,0,149,60,-1,-1,0.000000
883,0,-1,-1,-1,-1,0,-1,-1,-1,-1.000000,-1.000000,437,0,0,0,0,0,-1,-1,-1,0.000000
884,0,24,-1,-1,7581,459,62,3,2,0.000000,0.000000,45,536,0,136,0,136,24,-1,-1,0.000000
885,0,-1,-1,-1,-1,0,-1,-1,-1,-1.000000,-1.000000,241,0,0,0,0,0,-1,-1,-1,0.000000
886,0,-1,-1,-1,-1,0,-1,-1,-1,-1.000000,-1.000000,157,0,0,0,0,0,-1,-1,-1,0.000000
887,0,-1,-1,-1,-1,0,-1,-1,-1,-1.000000,-1.000000,455,0,0,0,0,0,-1,-1,-1,0.000000
888,0,-1,-1,-1,-1,0,-1,-1,-1,-1.000000,-1.000000,194,0,0,0,0,0,-1,-1,-1,0.000000
889,0,28,-1,-1,3152,479,59,3,4,0.000000,0.000000,59,557,0,134,0,134,28,-1,-1,0.000000
890,0,-1,-1,-1,-1,0,-1,-1,-1,-1.000000,-1.000000,239,0,0,0,0,0,-1,-1,-1,0.000000
891,0,-1,-1,-1,-1,0,-1,-1,-1,-1.000000,-1.000000,207,0,0,0,0,0,-1,-1,-1,0.000000
892,0,54,-1,-1,1153,805,48,3,2,0.000000,0.000000,25,773,0,143,0,143,54,-1,-1,0.000000
893,0,-1,-1,-1,-1,0,-1,-1,-1,-1.000000,-1.000000,437,0,0,0,0,0,-1,-1,-1,0.000000
894,0,-1,-1,-1,-1,0,-1,-1,-1,-1.000000,-1.000000,253,0,0,0,0,0,-1,-1,-1,0.000000
895,0,149,-1,-1,3454,606,35,3,2,0.000000,0.000000,14,744,0,100,0,100,149,-1,-1,0.000000
896,0,32,-1,-1,5243,353,55,3,4,0.000000,0.000000,69,397,0,184,0,184,32,-1,-1,0.000000
897,0,39,-1,-1,5304,110,51,3,2,0.000000,0.000000,86,163,0,82,0,82,39,-1,-1,0.000000
898,0,-1,-1,-1,-1,0,-1,-1,-1,-1.000000,-1.000000,317,0,0,0,0,0,-1,-1,-1,0.000000
899,0,-1,-1,-1,-1,0,-1,-1,-1,-1.000000,-1.000000,237,0,0,0,0,0,-1,-1,-1,0.000000
900,0,-1,-1,-1,-1,0,-1,-1,-1,-1.000000,-1.000000,369,0,0,0,0,0,-1,-1,-1,0.000000
901,0,28,-1,-1,4738,57,58,3,2,0.000000,0.000000,69,159,0,44,0,44,28,-1,-1,0.000000
902,0,-1,-1,-1,-1,0,-1,-1,-1,-1.000000,-1.000000,279,0,0,0,0,0,-1,-1,-1,0.000000
903,0,-1,-1,-1,-1,0,-1,-1,-1,-1.000000,-1.000000,109,0,0,0,0,0,-1,-1,-1,0.000000
904,0,-1,-1,-1,-1,0,-1,-1,-1,-1.000000,-1.000000,362,0,0,0,0,0,-1,-1,-1,0.000000
905,0,-1,-1,-1,-1,0,-1,-1,-1,-1.000000,-1.000000,449,0,0,0,0,0,-1,-1,-1,0.000000
906,0,-1,-1,-1,-1,0,-1,-1,-1,-1.000000,-1.000000,230,0,0,0,0,0,-1,-1,-1,0.000000
907,0,-1,-1,-1,-1,0,-1,-1,-1,-1.000000,-1.000000,442,0,0,0,0,0,-1,-1,-1,0.000000
908,0,51,-1,-1,3478,9,47,3,4,0.000000,0.000000,71,40,0,21,0,21,51,-1,-1,0.000000
909,0,26,-1,-1,2092,836,60,3,2,0.000000,0.000000,41,727,0,244,0,244,26,-1,-1,0.000000
910,0,-1,-1,-1,-1,0,-1,-1,-1,-1.000000,-1.000000,416,0,0,0,0,0,-1,-1,-1,0.000000
911,0,-1,-1,-1,-1,0,-1,-1,-1,-1.000000,-1.000000,123,0,0,0,0,0,-1,-1,-1,0.000000
912,0,30,-1,-1,1700,0,56,3,2,0.000000,0.000000,79,8,0,1,0,1,30,-1,-1,0.000000
913,0,-1,-1,-1,-1,0,-1,-1,-1,-1.000000,-1.000000,223,0,0,0,0,0,-1,-1,-1,0.000000
914,0,-1,-1,-1,-1,0,-1,-1,-1,-1.000000,-1.000000,91,0,0,0,0,0,-1,-1,-1,0.000000
915,0,28,-1,-1,6766,667,59,3,4,0.000000,0.000000,29,695,0,274,0,274,28,-1,-1,0.000000
916,0,35,-1,-1,6359,4,52,3,2,0.000000,0.000000,57,27,0,9,0,9,35,-1,-1,0.000000
917,0,-1,-1,-1,-1,0,-1,-1,-1,-1.000000,-1.000000,203,0,0,0,0,0,-1,-1,-1,0.000000
918,0,-1,-1,-1,-1,0,-1,-1,-1,-1.000000,-1.000000,115,0,0,0,0,0,-1,-1,-1,0.000000
919,0,27,-1,-1,5778,675,59,3,4,0.000000,0.000000,47,704,0,241,0,241,27,-1,-1,0.000000
920,0,-1,-1,-1,-1,0,-1,-1,-1,-1.000000,-1.000000,215,0,0,0,0,0,-1,-1,-1,0.000000
921,0,23,-1,-1,6534,745,64,3,2,0.000000,0.000000,63,752,0,180,0,180,23,-1,-1,0.000000
922,0,33,-1,-1,3390,11,54,3,2,0.000000,0.000000,85,63,0,12,0,12,33,-1,-1,0.000000
923,0,-1,-1,-1,-1,0,-1,-1,-1,-1.000000,-1.000000,233,0,0,0,0,0,-1,-1,-1,0.000000
924,0,-1,-1,-1,-1,0,-1,-1,-1,-1.000000,-1.000000,137,0,0,0,0,0,-1,-1,-1,0.000000
925,0,-1,-1,-1,-1,0,-1,-1,-1,-1.000000,-1.000000,187,0,0,0,0,0,-1,-1,-1,0.000000
926,0,-1,-1,-1,-1,0,-1,-1,-1,-1.000000,-1.000000,230,0,0,0,0,0,-1,-1,-1,0.000000
927,0,-1,-1,-1,-1,0,-1,-1,-1,-1.000000,-1.000000,191,0,0,0,0,0,-1,-1,-1,0.000000
928,0,-1,-1,-1,-1,0,-1,-1,-1,-1.000000,-1.000000,433,0,0,0,0,0,-1,-1,-1,0.000000
929,0,756,-1,-1,425,25,17,3,2,0.000000,0.000000,68,49,0,14,0,14,756,-1,-1,0.000000
930,0,25,-1,-1,4720,730,63,3,4,0.000000,0.000000,55,748,0,197,0,197,25,-1,-1,0.000000
931,0,-1,-1,-1,-1,0,-1,-1,-1,-1.000000,-1.000000,290,0,0,0,0,0,-1,-1,-1,0.000000
932,0,-1,-1,-1,-1,0,-1,-1,-1,-1.000000,-1.000000,77,0,0,0,0,0,-1,-1,-1,0.000000
933,0,28,-1,-1,1261,45,57,3,4,0.000000,0.000000,77,96,0,27,0,27,28,-1,-1,0.000000
934,0,-1,-1,-1,-1,0,-1,-1,-1,-1.000000,-1.000000,257,0,0,0,0,0,-1,-1,-1,0.000000
935,0,283,-1,-1,852,7,26,3,4,0.000000,0.000000,82,30,0,21,0,21,283,-1,-1,0.000000
936,0,24,-1,-1,6011,829,63,3,4,0.000000,0.000000,43,723,0,216,0,216,24,-1,-1,0.000000
937,0,-1,-1,-1,-1,0,-1,-1,-1,-1.000000,-1.000000,209,0,0,0,0,0,-1,-1,-1,0.000000
938,0,-1,-1,-1,-1,0,-1,-1,-1,-1.000000,-1.000000,353,0,0,0,0,0,-1,-1,-1,0.000000
939,0,-1,-1,-1,-1,0,-1,-1,-1,-1.000000,-1.000000,198,0,0,0,0,0,-1,-1,-1,0.000000
940,0,-1,-1,-1,-1,0,-1,-1,-1,-1.000000,-1.000000,201,0,0,0,0,0,-1,-1,-1,0.000000
941,0,-1,-1,-1,-1,0,-1,-1,-1,-1.000000,-1.000000,67,0,0,0,0,0,-1,-1,-1,0.000000
942,0,-1,-1,-1,-1,0,-1,-1,-1,-1.000000,-1.000000,265,0,0,0,0,0,-1,-1,-1,0.000000
943,0,-1,-1,-1,-1,0,-1,-1,-1,-1.000000,-1.000000,129,0,0,0,0,0,-1,-1,-1,0.000000
944,0,-1,-1,-1,-1,0,-1,-1,-1,-1.000000,-1.000000,163,0,0,0,0,0,-1,-1,-1,0.000000
945,0,28,-1,-1,1501,721,58,3,2,0.000000,0.000000,63,754,0,180,0,180,28,-1,-1,0.000000
946,0,-1,-1,-1,-1,0,-1,-1,-1,-1.000000,-1.000000,349,0,0,0,0,0,-1,-1,-1,0.000000
947,0,-1,-1,-1,-1,0,-1,-1,-1,-1.000000,-1.000000,180,0,0,0,0,0,-1,-1,-1,0.000000
948,0,-1,-1,-1,-1,0,-1,-1,-1,-1.000000,-1.000000,359,0,0,0,0,0,-1,-1,-1,0.000000
949,0,-1,-1,-1,-1,0,-1,-1,-1,-1.000000,-1.000000,215,0,0,0,0,0,-1,-1,-1,0.000000
950,0,-1,-1,-1,-1,0,-1,-1,-1,-1.000000,-1.000000,103,0,0,0,0,0,-1,-1,-1,0.000000
951,0,-1,-1,-1,-1,0,-1,-1,-1,-1.000000,-1.000000,181,0,0,0,0,0,-1,-1,-1,0.000000
952,0,-1,-1,-1,-1,0,-1,-1,-1,-1.000000,-1.000000,391,0,0,0,0,0,-1,-1,-1,0.000000
953,0,-1,-1,-1,-1,0,-1,-1,-1,-1.000000,-1.000000,160,0,0,0,0,0,-1,-1,-1,0.000000
954,0,-1,-1,-1,-1,0,-1,-1,-1,-1.000000,-1.000000,262,0,0,0,0,0,-1,-1,-1,0.000000
955,0,-1,-1,-1,-1,0,-1,-1,-1,-1.000000,-1.000000,141,0,0,0,0,0,-1,-1,-1,0.000000
956,0,-1,-1,-1,-1,0,-1,-1,-1,-1.000000,-1.000000,181,0,0,0,0,0,-1,-1,-1,0.000000
957,0,-1,-1,-1,-1,0,-1,-1,-1,-1.000000,-1.000000,99,0,0,0,0,0,-1,-1,-1,0.000000
958,0,29,-1,-1,2215,18,59,3,4,0.000000,0.000000,63,47,0,16,0,16,29,-1,-1,0.000000
959,0,-1,-1,-1,-1,0,-1,-1,-1,-1.000000,-1.000000,500,0,0,0,0,0,-1,-1,-1,0.000000
960,0,-1,-1,-1,-1,0,-1,-1,-1,-1.000000,-1.000000,115,0,0,0,0,0,-1,-1,-1,0.000000
961,0,-1,-1,-1,-1,0,-1,-1,-1,-1.000000,-1.000000,434,0,0,0,0,0,-1,-1,-1,0.000000
962,0,-1,-1,-1,-1,0,-1,-1,-1,-1.000000,-1.000000,252,0,0,0,0,0,-1,-1,-1,0.000000
963,0,-1,-1,-1,-1,0,-1,-1,-1,-1.000000,-1.000000,165,0,0,0,0,0,-1,-1,-1,0.000000
964,0,-1,-1,-1,-1,0,-1,-1,-1,-1.000000,-1.000000,400,0,0,0,0,0,-1,-1,-1,0.000000
965,0,-1,-1,-1,-1,0,-1,-1,-1,-1.000000,-1.000000,203,0,0,0,0,0,-1,-1,-1,0.000000
966,0,-1,-1,-1,-1,0,-1,-1,-1,-1.000000,-1.000000,99,0,0,0,0,0,-1,-1,-1,0.000000
967,0,-1,-1,-1,-1,0,-1,-1,-1,-1.000000,-1.000000,238,0,0,0,0,0,-1,-1,-1,0.000000
968,0,-1,-1,-1,-1,0,-1,-1,-1,-1.000000,-1.000000,247,0,0,0,0,0,-1,-1,-1,0.000000
969,0,-1,-1,-1,-1,0,-1,-1,-1,-1.000000,-1.000000,362,0,0,0,0,0,-1,-1,-1,0.000000
970,0,-1,-1,-1,-1,0,-1,-1,-1,-1.000000,-1.000000,361,0,0,0,0,0,-1,-1,-1,0.000000
971,0,-1,-1,-1,-1,0,-1,-1,-1,-1.000000,-1.000000,108,0,0,0,0,0,-1,-1,-1,0.000000
972,0,-1,-1,-1,-1,0,-1,-1,-1,-1.000000,-1.000000,273,0,0,0,0,0,-1,-1,-1,0.000000
973,0,-1,-1,-1,-1,0,-1,-1,-1,-1.000000,-1.000000,305,0,0,0,0,0,-1,-1,-1,0.000000
974,0,-1,-1,-1,-1,0,-1,-1,-1,-1.000000,-1.000000,290,0,0,0,0,0,-1,-1,-1,0.000000
975,0,-1,-1,-1,-1,0,-1,-1,-1,-1.000000,-1.000000,291,0,0,0,0,0,-1,-1,-1,0.000000
976,0,-1,-1,-1,-1,0,-1,-1,-1,-1.000000,-1.000000,123,0,0,0,0,0,-1,-1,-1,0.000000
977,0,-1,-1,-1,-1,0,-1,-1,-1,-1.000000,-1.000000,358,0,0,0,0,0,-1,-1,-1,0.000000
978,0,-1,-1,-1,-1,0,-1,-1,-1,-1.000000,-1.000000,161,0,0,0,0,0,-1,-1,-1,0.000000
979,0,-1,-1,-1,-1,0,-1,-1,-1,-1.000000,-1.000000,372,0,0,0,0,0,-1,-1,-1,0.000000
980,0,-1,-1,-1,-1,0,-1,-1,-1,-1.000000,-1.000000,299,0,0,0,0,0,-1,-1,-1,0.000000
981,0,-1,-1,-1,-1,0,-1,-1,-1,-1.000000,-1.000000,215,0,0,0,0,0,-1,-1,-1,0.000000
982,0,52,-1,-1,4502,21,46,3,2,0.000000,0.000000,101,87,0,31,0,31,52,-1,-1,0.000000
983,0,-1,-1,-1,-1,0,-1,-1,-1,-1.000000,-1.000000,121,0,0,0,0,0,-1,-1,-1,0.000000
984,0,-1,-1,-1,-1,0,-1,-1,-1,-1.000000,-1.000000,275,0,0,0,0,0,-1,-1,-1,0.000000
985,0,27,-1,-1,1741,52,59,3,4,0.000000,0.000000,63,142,0,49,0,49,27,-1,-1,0.000000
986,0,-1,-1,-1,-1,0,-1,-1,-1,-1.000000,-1.000000,125,0,0,0,0,0,-1,-1,-1,0.000000
987,0,-1,-1,-1,-1,0,-1,-1,-1,-1.000000,-1.000000,191,0,0,0,0,0,-1,-1,-1,0.000000
988,0,-1,-1,-1,-1,0,-1,-1,-1,-1.000000,-1.000000,343,0,0,0,0,0,-1,-1,-1,0.000000
989,0,-1,-1,-1,-1,0,-1,-1,-1,-1.000000,-1.000000,213,0,0,0,0,0,-1,-1,-1,0.000000
990,0,-1,-1,-1,-1,0,-1,-1,-1,-1.000000,-1.000000,230,0,0,0,0,0,-1,-1,-1,0.000000
991,0,-1,-1,-1,-1,0,-1,-1,-1,-1.000000,-1.000000,151,0,0,0,0,0,-1,-1,-1,0.000000
992,0,-1,-1,-1,-1,0,-1,-1,-1,-1.000000,-1.000000,77,0,0,0,0,0,-1,-1,-1,0.000000
993,0,-1,-1,-1,-1,0,-1,-1,-1,-1.000000,-1.000000,448,0,0,0,0,0,-1,-1,-1,0.000000
994,0,-1,-1,-1,-1,0,-1,-1,-1,-1.000000,-1.000000,423,0,0,0,0,0,-1,-1,-1,0.000000
995,0,-1,-1,-1,-1,0,-1,-1,-1,-1.000000,-1.000000,349,0,0,0,0,0,-1,-1,-1,0.000000
996,0,-1,-1,-1,-1,0,-1,-1,-1,-1.000000,-1.000000,257,0,0,0,0,0,-1,-1,-1,0.000000
997,0,25,-1,-1,2004,654,61,3,4,0.000000,0.000000,51,697,0,253,0,253,25,-1,-1,0.000000
998,0,58,-1,-1,5407,1,46,3,2,0.000000,0.000000,99,17,0,2,0,2,58,-1,-1,0.000000
999,0,-1,-1,-1,-1,0,-1,-1,-1,-1.000000,-1.000000,183,0,0,0,0,0,-1,-1,-1,0.000000
1000,0,-1,-1,-1,-1,0,-1,-1,-1,-1.000000,-1.000000,167,0,0,0,0,0,-1,-1,-1,0.000000
1001,0,-1,-1,-1,-1,0,-1,-1,-1,-1.000000,-1.000000,353,0,0,0,0,0,-1,-1,-1,0.000000
1002,0,19,-1,-1,2844,539,68,3,2,0.000000,0.000000,13,601,0,379,0,379,19,-1,-1,0.000000
1003,0,-1,-1,-1,-1,0,-1,-1,-1,-1.000000,-1.000000,115,0,0,0,0,0,-1,-1,-1,0.000000
1004,0,-1,-1,-1,-1,0,-1,-1,-1,-1.000000,-1.000000,171,0,0,0,0,0,-1,-1,-1,0.000000
1005,0,-1,-1,-1,-1,0,-1,-1,-1,-1.000000,-1.000000,115,0,0,0,0,0,-1,-1,-1,0.000000
1006,0,33,-1,-1,2509,615,56,3,2,0.000000,0.000000,39,665,0,117,0,117,33,-1,-1,0.000000
1007,0,28,-1,-1,3274,1,58,3,2,0.000000,0.000000,89,10,0,1,0,1,28,-1,-1,0.000000
1008,0,-1,-1,-1,-1,0,-1,-1,-1,-1.000000,-1.000000,107,0,0,0,0,0,-1,-1,-1,0.000000
1009,0,-1,-1,-1,-1,0,-1,-1,-1,-1.000000,-1.000000,177,0,0,0,0,0,-1,-1,-1,0.000000
1010,0,-1,-1,-1,-1,0,-1,-1,-1,-1.000000,-1.000000,385,0,0,0,0,0,-1,-1,-1,0.000000
1011,0,-1,-1,-1,-1,0,-1,-1,-1,-1.000000,-1.000000,87,0,0,0,0,0,-1,-1,-1,0.000000
1012,0,-1,-1,-1,-1,0,-1,-1,-1,-1.000000,-1.000000,237,0,0,0,0,0,-1,-1,-1,0.000000
1013,0,61,-1,-1,1632,7,47,3,4,0.000000,0.000000,69,15,0,4,0,4,61,-1,-1,0.000000
1014,0,-1,-1,-1,-1,0,-1,-1,-1,-1.000000,-1.000000,329,0,0,0,0,0,-1,-1,-1,0.000000
1015,0,-1,-1,-1,-1,0,-1,-1,-1,-1.000000,-1.000000,203,0,0,0,0,0,-1,-1,-1,0.000000
1016,0,-1,-1,-1,-1,0,-1,-1,-1,-1.000000,-1.000000,55,0,0,0,0,0,-1,-1,-1,0.000000
1017,0,-1,-1,-1,-1,0,-1,-1,-1,-1.000000,-1.000000,165,0,0,0,0,0,-1,-1,-1,0.000000
1018,0,32,-1,-1,1375,487,55,3,4,0.000000,0.000000,43,506,0,161,0,161,32,-1,-1,0.000000
1019,0,-1,-1,-1,-1,0,-1,-1,-1,-1.000000,-1.000000,425,0,0,0,0,0,-1,-1,-1,0.000000
1020,0,-1,-1,-1,-1,0,-1,-1,-1,-1.000000,-1.000000,335,0,0,0,0,0,-1,-1,-1,0.000000
1021,0,-1,-1,-1,-1,0,-1,-1,-1,-1.000000,-1.000000,289,0,0,0,0,0,-1,-1,-1,0.000000
1022,0,22,-1,-1,1786,816,66,3,2,0.000000,0.000000,19,737,0,239,0,239,22,-1,-1,0.000000
1023,0,-1,-1,-1,-1,0,-1,-1,-1,-1.000000,-1.000000,417,0,0,0,0,0,-1,-1,-1,0.000000
1024,0,-1,-1,-1,-1,0,-1,-1,-1,-1.000000,-1.000000,445,0,0,0,0,0,-1,-1,-1,0.000000
1025,0,-1,-1,-1,-1,0,-1,-1,-1,-1.000000,-1.000000,131,0,0,0,0,0,-1,-1,-1,0.000000
1026,0,-1,-1,-1,-1,0,-1,-1,-1,-1.000000,-1.000000,355,0,0,0,0,0,-1,-1,-1,0.000000
1027,0,26,-1,-1,1430,646,59,3,2,0.000000,0.000000,22,775,0,179,0,179,26,-1,-1,0.000000
1028,0,-1,-1,-1,-1,0,-1,-1,-1,-1.000000,-1.000000,457,0,0,0,0,0,-1,-1,-1,0.000000
1029,0,-1,-1,-1,-1,0,-1,-1,-1,-1.000000,-1.000000,123,0,0,0,0,0,-1,-1,-1,0.000000
1030,0,114,-1,-1,3202,410,38,3,4,0.000000,0.000000,68,506,0,122,0,122,114,-1,-1,0.000000
1031,0,-1,-1,-1,-1,0,-1,-1,-1,-1.000000,-1.000000,460,0,0,0,0,0,-1,-1,-1,0.000000
1032,0,-1,-1,-1,-1,0,-1,-1,-1,-1.000000,-1.000000,78,0,0,0,0,0,-1,-1,-1,0.000000
1033,0,27,-1,-1,505,124,59,3,4,0.000000,0.000000,65,195,0,68,0,68,27,-1,-1,0.000000
1034,0,-1,-1,-1,-1,0,-1,-1,-1,-1.000000,-1.000000,163,0,0,0,0,0,-1,-1,-1,0.000000
1035,0,-1,-1,-1,-1,0,-1,-1,-1,-1.000000,-1.000000,163,0,0,0,0,0,-1,-1,-1,0.000000
1036,0,-1,-1,-1,-1,0,-1,-1,-1,-1.000000,-1.000000,109,0,0,0,0,0,-1,-1,-1,0.000000
1037,0,-1,-1,-1,-1,0,-1,-1,-1,-1.000000,-1.000000,57,0,0,0,0,0,-1,-1,-1,0.000000
1038,0,-1,-1,-1,-1,0,-1,-1,-1,-1.000000,-1.000000,397,0,0,0,0,0,-1,-1,-1,0.000000
1039,0,-1,-1,-1,-1,0,-1,-1,-1,-1.000000,-1.000000,219,0,0,0,0,0,-1,-1,-1,0.000000
1040,0,-1,-1,-1,-1,0,-1,-1,-1,-1.000000,-1.000000,213,0,0,0,0,0,-1,-1,-1,0.000000
1041,0,-1,-1,-1,-1,0,-1,-1,-1,-1.000000,-1.000000,39,0,0,0,0,0,-1,-1,-1,0.000000
1042,0,-1,-1,-1,-1,0,-1,-1,-1,-1.000000,-1.000000,464,0,0,0,0,0,-1,-1,-1,0.000000
1043,0,-1,-1,-1,-1,0,-1,-1,-1,-1.000000,-1.000000,181,0,0,0,0,0,-1,-1,-1,0.000000
1044,0,-1,-1,-1,-1,0,-1,-1,-1,-1.000000,-1.000000,290,0,0,0,0,0,-1,-1,-1,0.000000
1045,0,-1,-1,-1,-1,0,-1,-1,-1,-1.000000,-1.000000,375,0,0,0,0,0,-1,-1,-1,0.000000
1046,0,-1,-1,-1,-1,0,-1,-1,-1,-1.000000,-1.000000,297,0,0,0,0,0,-1,-1,-1,0.000000
1047,0,117,-1,-1,7622,2,38,3,2,0.000000,0.000000,73,14,0,6,0,6,117,-1,-1,0.000000
1048,0,-1,-1,-1,-1,0,-1,-1,-1,-1.000000,-1.000000,76,0,0,0,0,0,-1,-1,-1,0.000000
1049,0,-1,-1,-1,-1,0,-1,-1,-1,-1.000000,-1.000000,237,0,0,0,0,0,-1,-1,-1,0.000000
1050,0,-1,-1,-1,-1,0,-1,-1,-1,-1.000000,-1.000000,171,0,0,0,0,0,-1,-1,-1,0.000000
1051,0,-1,-1,-1,-1,0,-1,-1,-1,-1.000000,-1.000000,235,0,0,0,0,0,-1,-1,-1,0.000000
1052,0,-1,-1,-1,-1,0,-1,-1,-1,-1.000000,-1.000000,229,0,0,0,0,0,-1,-1,-1,0.000000
1053,0,-1,-1,-1,-1,0,-1,-1,-1,-1.000000,-1.000000,91,0,0,0,0,0,-1,-1,-1,0.000000
1054,0,-1,-1,-1,-1,0,-1,-1,-1,-1.000000,-1.000000,373,0,0,0,0,0,-1,-1,-1,0.000000
1055,0,-1,-1,-1,-1,0,-1,-1,-1,-1.000000,-1.000000,121,0,0,0,0,0,-1,-1,-1,0.000000
1056,0,-1,-1,-1,-1,0,-1,-1,-1,-1.000000,-1.000000,213,0,0,0,0,0,-1,-1,-1,0.000000
1057,0,25,-1,-1,63,733,61,3,4,0.000000,0.000000,53,713,0,238,0,238,25,-1,-1,0.000000
1058,0,-1,-1,-1,-1,0,-1,-1,-1,-1.000000,-1.000000,168,0,0,0,0,0,-1,-1,-1,0.000000
1059,0,-1,-1,-1,-1,0,-1,-1,-1,-1.000000,-1.000000,243,0,0,0,0,0,-1,-1,-1,0.000000
1060,0,-1,-1,-1,-1,0,-1,-1,-1,-1.000000,-1.000000,327,0,0,0,0,0,-1,-1,-1,0.000000
1061,0,-1,-1,-1,-1,0,-1,-1,-1,-1.000000,-1.000000,475,0,0,0,0,0,-1,-1,-1,0.000000
1062,0,-1,-1,-1,-1,0,-1,-1,-1,-1.000000,-1.000000,396,0,0,0,0,0,-1,-1,-1,0.000000
1063,0,-1,-1,-1,-1,0,-1,-1,-1,-1.000000,-1.000000,359,0,0,0,0,0,-1,-1,-1,0.000000
1064,0,-1,-1,-1,-1,0,-1,-1,-1,-1.000000,-1.000000,341,0,0,0,0,0,-1,-1,-1,0.000000
1065,0,58,-1,-1,7312,9,45,3,4,0.000000,0.000000,93,38,0,9,0,9,58,-1,-1,0.000000
1066,0,-1,-1,-1,-1,0,-1,-1,-1,-1.000000,-1.000000,251,0,0,0,0,0,-1,-1,-1,0.000000
1067,0,6,-1,-1,4643,644,69,3,4,0.000000,0.000000,35,771,0,208,0,208,6,-1,-1,0.000000
1068,0,-1,-1,-1,-1,0,-1,-1,-1,-1.000000,-1.000000,125,0,0,0,0,0,-1,-1,-1,0.000000
1069,0,-1,-1,-1,-1,0,-1,-1,-1,-1.000000,-1.000000,75,0,0,0,0,0,-1,-1,-1,0.000000
1070,0,-1,-1,-1,-1,0,-1,-1,-1,-1.000000,-1.000000,129,0,0,0,0,0,-1,-1,-1,0.000000
1071,0,-1,-1,-1,-1,0,-1,-1,-1,-1.000000,-1.000000,175,0,0,0,0,0,-1,-1,-1,0.000000
1072,0,-1,-1,-1,-1,0,-1,-1,-1,-1.000000,-1.000000,239,0,0,0,0,0,-1,-1,-1,0.000000
1073,0,-1,-1,-1,-1,0,-1,-1,-1,-1.000000,-1.000000,256,0,0,0,0,0,-1,-1,-1,0.000000
1074,0,-1,-1,-1,-1,0,-1,-1,-1,-1.000000,-1.000000,131,0,0,0,0,0,-1,-1,-1,0.000000
1075,0,-1,-1,-1,-1,0,-1,-1,-1,-1.000000,-1.000000,151,0,0,0,0,0,-1,-1,-1,0.000000
1076,0,-1,-1,-1,-1,0,-1,-1,-1,-1.000000,-1.000000,118,0,0,0,0,0,-1,-1,-1,0.000000
1077,0,35,-1,-1,7611,105,53,3,4,0.000000,0.000000,87,212,0,63,0,63,35,-1,-1,0.000000
1078,0,-1,-1,-1,-1,0,-1,-1,-1,-1.000000,-1.000000,253,0,0,0,0,0,-1,-1,-1,0.000000
1079,0,-1,-1,-1,-1,0,-1,-1,-1,-1.000000,-1.000000,325,0,0,0,0,0,-1,-1,-1,0.000000
1080,0,-1,-1,-1,-1,0,-1,-1,-1,-1.000000,-1.000000,239,0,0,0,0,0,-1,-1,-1,0.000000
1081,0,-1,-1,-1,-1,0,-1,-1,-1,-1.000000,-1.000000,180,0,0,0,0,0,-1,-1,-1,0.000000
1082,0,-1,-1,-1,-1,0,-1,-1,-1,-1.000000,-1.000000,376,0,0,0,0,0,-1,-1,-1,0.000000
1083,0,-1,-1,-1,-1,0,-1,-1,-1,-1.000000,-1.000000,384,0,0,0,0,0,-1,-1,-1,0.000000
1084,0,-1,-1,-1,-1,0,-1,-1,-1,-1.000000,-1.000000,89,0,0,0,0,0,-1,-1,-1,0.000000
1085,0,-1,-1,-1,-1,0,-1,-1,-1,-1.000000,-1.000000,134,0,0,0,0,0,-1,-1,-1,0.000000
1086,0,-1,-1,-1,-1,0,-1,-1,-1,-1.000000,-1.000000,281,0,0,0,0,0,-1,-1,-1,0.000000
1087,0,-1,-1,-1,-1,0,-1,-1,-1,-1.000000,-1.000000,300,0,0,0,0,0,-1,-1,-1,0.000000
1088,0,-1,-1,-1,-1,0,-1,-1,-1,-1.000000,-1.000000,149,0,0,0,0,0,-1,-1,-1,0.000000
1089,0,24,-1,-1,1041,541,63,3,4,0.000000,0.000000,53,639,0,123,0,123,24,-1,-1,0.000000
1090,0,-1,-1,-1,-1,0,-1,-1,-1,-1.000000,-1.000000,203,0,0,0,0,0,-1,-1,-1,0.000000
1091,0,27,-1,-1,4326,741,59,3,4,0.000000,0.000000,33,686,0,266,0,266,27,-1,-1,0.000000
1092,0,26,-1,-1,5799,705,61,3,4,0.000000,0.000000,41,696,0,205,0,205,26,-1,-1,0.000000
1093,0,-1,-1,-1,-1,0,-1,-1,-1,-1.000000,-1.000000,105,0,0,0,0,0,-1,-1,-1,0.000000
1094,0,-1,-1,-1,-1,0,-1,-1,-1,-1.000000,-1.000000,327,0,0,0,0,0,-1,-1,-1,0.000000
1095,0,-1,-1,-1,-1,0,-1,-1,-1,-1.000000,-1.000000,137,0,0,0,0,0,-1,-1,-1,0.000000
1096,0,-1,-1,-1,-1,0,-1,-1,-1,-1.000000,-1.000000,402,0,0,0,0,0,-1,-1,-1,0.000000
1097,0,-1,-1,-1,-1,0,-1,-1,-1,-1.000000,-1.000000,166,0,0,0,0,0,-1,-1,-1,0.000000
1098,0,22,-1,-1,4001,801,65,3,4,0.000000,0.000000,35,791,0,174,0,174,22,-1,-1,0.000000
1099,0,-1,-1,-1,-1,0,-1,-1,-1,-1.000000,-1.000000,269,0,0,0,0,0,-1,-1,-1,0.000000
1100,0,-1,-1,-1,-1,0,-1,-1,-1,-1.000000,-1.000000,455,0,0,0,0,0,-1,-1,-1,0.000000
1101,0,-1,-1,-1,-1,0,-1,-1,-1,-1.000000,-1.000000,89,0,0,0,0,0,-1,-1,-1,0.000000
1102,0,-1,-1,-1,-1,0,-1,-1,-1,-1.000000,-1.000000,345,0,0,0,0,0,-1,-1,-1,0.000000
1103,0,-1,-1,-1,-1,0,-1,-1,-1,-1.000000,-1.000000,97,0,0,0,0,0,-1,-1,-1,0.000000
1104,0,22,-1,-1,2721,589,65,3,4,0.000000,0.000000,41,722,0,104,0,104,22,-1,-1,0.000000
1105,0,26,-1,-1,4108,427,60,3,2,0.000000,0.000000,47,483,0,167,0,167,26,-1,-1,0.000000
1106,0,-1,-1,-1,-1,0,-1,-1,-1,-1.000000,-1.000000,239,0,0,0,0,0,-1,-1,-1,0.000000
1107,0,-1,-1,-1,-1,0,-1,-1,-1,-1.000000,-1.000000,233,0,0,0,0,0,-1,-1,-1,0.000000
1108,0,-1,-1,-1,-1,0,-1,-1,-1,-1.000000,-1.000000,151,0,0,0,0,0,-1,-1,-1,0.000000
1109,0,-1,-1,-1,-1,0,-1,-1,-1,-1.000000,-1.000000,263,0,0,0,0,0,-1,-1,-1,0.000000
1110,0,-1,-1,-1,-1,0,-1,-1,-1,-1.000000,-1.000000,97,0,0,0,0,0,-1,-1,-1,0.000000
1111,0,6,-1,-1,5626,593,69,3,4,0.000000,0.000000,25,749,0,239,0,239,6,-1,-1,0.000000
1112,0,31,-1,-1,4116,552,56,3,2,0.000000,0.000000,67,562,0,190,0,190,31,-1,-1,0.000000
1113,0,-1,-1,-1,-1,0,-1,-1,-1,-1.000000,-1.000000,271,0,0,0,0,0,-1,-1,-1,0.000000
1114,0,-1,-1,-1,-1,0,-1,-1,-1,-1.000000,-1.000000,107,0,0,0,0,0,-1,-1,-1,0.000000
1115,0,-1,-1,-1,-1,0,-1,-1,-1,-1.000000,-1.000000,313,0,0,0,0,0,-1,-1,-1,0.000000
1116,0,-1,-1,-1,-1,0,-1,-1,-1,-1.000000,-1.000000,315,0,0,0,0,0,-1,-1,-1,0.000000
1117,0,748,-1,-1,7780,0,16,3,4,0.000000,0.000000,76,6,0,3,0,3,748,-1,-1,0.000000
1118,0,-1,-1,-1,-1,0,-1,-1,-1,-1.000000,-1.000000,111,0,0,0,0,0,-1,-1,-1,0.000000
1119,0,-1,-1,-1,-1,0,-1,-1,-1,-1.000000,-1.000000,124,0,0,0,0,0,-1,-1,-1,0.000000
1120,0,-1,-1,-1,-1,0,-1,-1,-1,-1.000000,-1.000000,125,0,0,0,0,0,-1,-1,-1,0.000000
1121,0,-1,-1,-1,-1,0,-1,-1,-1,-1.000000,-1.000000,221,0,0,0,0,0,-1,-1,-1,0.000000
1122,0,-1,-1,-1,-1,0,-1,-1,-1,-1.000000,-1.000000,211,0,0,0,0,0,-1,-1,-1,0.000000
1123,0,-1,-1,-1,-1,0,-1,-1,-1,-1.000000,-1.000000,139,0,0,0,0,0,-1,-1,-1,0.000000
1124,0,-1,-1,-1,-1,0,-1,-1,-1,-1.000000,-1.000000,213,0,0,0,0,0,-1,-1,-1,0.000000
1125,0,-1,-1,-1,-1,0,-1,-1,-1,-1.000000,-1.000000,271,0,0,0,0,0,-1,-1,-1,0.000000
1126,0,52,-1,-1,5464,351,47,3,4,0.000000,0.000000,53,445,0,124,0,124,52,-1,-1,0.000000
1127,0,-1,-1,-1,-1,0,-1,-1,-1,-1.000000,-1.000000,347,0,0,0,0,0,-1,-1,-1,0.000000
1128,0,-1,-1,-1,-1,0,-1,-1,-1,-1.000000,-1.000000,109,0,0,0,0,0,-1,-1,-1,0.000000
1129,0,26,-1,-1,4866,798,62,3,2,0.000000,0.000000,55,714,0,221,0,221,26,-1,-1,0.000000
1130,0,-1,-1,-1,-1,0,-1,-1,-1,-1.000000,-1.000000,361,0,0,0,0,0,-1,-1,-1,0.000000
1131,0,-1,-1,-1,-1,0,-1,-1,-1,-1.000000,-1.000000,309,0,0,0,0,0,-1,-1,-1,0.000000
1132,0,26,-1,-1,3130,793,62,3,2,0.000000,0.000000,37,798,0,144,0,144,26,-1,-1,0.000000
1133,0,22,-1,-1,7907,720,65,3,4,0.000000,0.000000,63,656,0,312,0,312,22,-1,-1,0.000000
1134,0,-1,-1,-1,-1,0,-1,-1,-1,-1.000000,-1.000000,229,0,0,0,0,0,-1,-1,-1,0.000000
1135,0,-1,-1,-1,-1,0,-1,-1,-1,-1.000000,-1.000000,399,0,0,0,0,0,-1,-1,-1,0.000000
1136,0,-1,-1,-1,-1,0,-1,-1,-1,-1.000000,-1.000000,219,0,0,0,0,0,-1,-1,-1,0.000000
1137,0,-1,-1,-1,-1,0,-1,-1,-1,-1.000000,-1.000000,149,0,0,0,0,0,-1,-1,-1,0.000000
1138,0,-1,-1,-1,-1,0,-1,-1,-1,-1.000000,-1.000000,331,0,0,0,0,0,-1,-1,-1,0.000000
1139,0,-1,-1,-1,-1,0,-1,-1,-1,-1.000000,-1.000000,448,0,0,0,0,0,-1,-1,-1,0.000000
1140,0,-1,-1,-1,-1,0,-1,-1,-1,-1.000000,-1.000000,244,0,0,0,0,0,-1,-1,-1,0.000000
1141,0,-1,-1,-1,-1,0,-1,-1,-1,-1.000000,-1.000000,153,0,0,0,0,0,-1,-1,-1,0.000000
1142,0,-1,-1,-1,-1,0,-1,-1,-1,-1.000000,-1.000000,431,0,0,0,0,0,-1,-1,-1,0.000000
1143,0,-1,-1,-1,-1,0,-1,-1,-1,-1.000000,-1.000000,105,0,0,0,0,0,-1,-1,-1,0.000000
1144,0,-1,-1,-1,-1,0,-1,-1,-1,-1.000000,-1.000000,169,0,0,0,0,0,-1,-1,-1,0.000000
1145,0,-1,-1,-1,-1,0,-1,-1,-1,-1.000000,-1.000000,255,0,0,0,0,0,-1,-1,-1,0.000000
1146,0,-1,-1,-1,-1,0,-1,-1,-1,-1.000000,-1.000000,494,0,0,0,0,0,-1,-1,-1,0.000000
1147,0,-1,-1,-1,-1,0,-1,-1,-1,-1.000000,-1.000000,209,0,0,0,0,0,-1,-1,-1,0.000000
1148,0,-1,-1,-1,-1,0,-1,-1,-1,-1.000000,-1.000000,339,0,0,0,0,0,-1,-1,-1,0.000000
1149,0,-1,-1,-1,-1,0,-1,-1,-1,-1.000000,-1.000000,163,0,0,0,0,0,-1,-1,-1,0.000000
1150,0,-1,-1,-1,-1,0,-1,-1,-1,-1.000000,-1.000000,293,0,0,0,0,0,-1,-1,-1,0.000000
1151,0,-1,-1,-1,-1,0,-1,-1,-1,-1.000000,-1.000000,265,0,0,0,0,0,-1,-1,-1,0.000000
1152,0,-1,-1,-1,-1,0,-1,-1,-1,-1.000000,-1.000000,380,0,0,0,0,0,-1,-1,-1,0.000000
1153,0,-1,-1,-1,-1,0,-1,-1,-1,-1.000000,-1.000000,317,0,0,0,0,0,-1,-1,-1,0.000000
1154,0,149,-1,-1,6914,0,33,3,2,0.000000,0.000000,102,20,0,6,0,6,149,-1,-1,0.000000
1155,0,-1,-1,-1,-1,0,-1,-1,-1,-1.000000,-1.000000,323,0,0,0,0,0,-1,-1,-1,0.000000
1156,0,-1,-1,-1,-1,0,-1,-1,-1,-1.000000,-1.000000,353,0,0,0,0,0,-1,-1,-1,0.000000
1157,0,-1,-1,-1,-1,0,-1,-1,-1,-1.000000,-1.000000,221,0,0,0,0,0,-1,-1,-1,0.000000
1158,0,41,-1,-1,6823,462,50,3,2,0.000000,0.000000,81,519,0,145,0,145,41,-1,-1,0.000000
1159,0,-1,-1,-1,-1,0,-1,-1,-1,-1.000000,-1.000000,117,0,0,0,0,0,-1,-1,-1,0.000000
1160,0,-1,-1,-1,-1,0,-1,-1,-1,-1.000000,-1.000000,299,0,0,0,0,0,-1,-1,-1,0.000000
1161,0,-1,-1,-1,-1,0,-1,-1,-1,-1.000000,-1.000000,299,0,0,0,0,0,-1,-1,-1,0.000000
1162,0,-1,-1,-1,-1,0,-1,-1,-1,-1.000000,-1.000000,136,0,0,0,0,0,-1,-1,-1,0.000000
1163,0,-1,-1,-1,-1,0,-1,-1,-1,-1.000000,-1.000000,187,0,0,0,0,0,-1,-1,-1,0.000000
1164,0,-1,-1,-1,-1,0,-1,-1,-1,-1.000000,-1.000000,165,0,0,0,0,0,-1,-1,-1,0.000000
1165,0,-1,-1,-1,-1,0,-1,-1,-1,-1.000000,-1.000000,342,0,0,0,0,0,-1,-1,-1,0.000000
1166,0,-1,-1,-1,-1,0,-1,-1,-1,-1.000000,-1.000000,165,0,0,0,0,0,-1,-1,-1,0.000000
1167,0,52,-1,-1,1360,6,49,3,4,0.000000,0.000000,79,22,0,5,0,5,52,-1,-1,0.000000
1168,0,-1,-1,-1,-1,0,-1,-1,-1,-1.000000,-1.000000,109,0,0,0,0,0,-1,-1,-1,0.000000
1169,0,-1,-1,-1,-1,0,-1,-1,-1,-1.000000,-1.000000,428,0,0,0,0,0,-1,-1,-1,0.000000
1170,0,-1,-1,-1,-1,0,-1,-1,-1,-1.000000,-1.000000,393,0,0,0,0,0,-1,-1,-1,0.000000
1171,0,-1,-1,-1,-1,0,-1,-1,-1,-1.000000,-1.000000,215,0,0,0,0,0,-1,-1,-1,0.000000
1172,0,-1,-1,-1,-1,0,-1,-1,-1,-1.000000,-1.000000,92,0,0,0,0,0,-1,-1,-1,0.000000
1173,0,31,-1,-1,6799,140,56,3,2,0.000000,0.000000,51,223,0,83,0,83,31,-1,-1,0.000000
1174,0,-1,-1,-1,-1,0,-1,-1,-1,-1.000000,-1.000000,135,0,0,0,0,0,-1,-1,-1,0.000000
1175,0,486,-1,-1,4733,0,18,3,4,0.000000,0.000000,110,0,0,1,0,1,486,-1,-1,0.000000
1176,0,-1,-1,-1,-1,0,-1,-1,-1,-1.000000,-1.000000,430,0,0,0,0,0,-1,-1,-1,0.000000
1177,0,34,-1,-1,98,4,53,3,4,0.000000,0.000000,75,22,0,5,0,5,34,-1,-1,0.000000
1178,0,-1,-1,-1,-1,0,-1,-1,-1,-1.000000,-1.000000,207,0,0,0,0,0,-1,-1,-1,0.000000
1179,0,-1,-1,-1,-1,0,-1,-1,-1,-1.000000,-1.000000,233,0,0,0,0,0,-1,-1,-1,0.000000
1180,0,-1,-1,-1,-1,0,-1,-1,-1,-1.000000,-1.000000,317,0,0,0,0,0,-1,-1,-1,0.000000
1181,0,-1,-1,-1,-1,0,-1,-1,-1,-1.000000,-1.000000,265,0,0,0,0,0,-1,-1,-1,0.000000
1182,0,-1,-1,-1,-1,0,-1,-1,-1,-1.000000,-1.000000,215,0,0,0,0,0,-1,-1,-1,0.000000
1183,0,-1,-1,-1,-1,0,-1,-1,-1,-1.000000,-1.000000,310,0,0,0,0,0,-1,-1,-1,0.000000
1184,0,-1,-1,-1,-1,0,-1,-1,-1,-1.000000,-1.000000,89,0,0,0,0,0,-1,-1,-1,0.000000
1185,0,78,-1,-1,4953,103,41,3,2,0.000000,0.000000,64,222,0,54,0,54,78,-1,-1,0.000000
1186,0,670,-1,-1,827,0,16,3,2,0.000000,0.000000,91,1,0,1,0,1,670,-1,-1,0.000000
1187,0,-1,-1,-1,-1,0,-1,-1,-1,-1.000000,-1.000000,472,0,0,0,0,0,-1,-1,-1,0.000000
1188,0,-1,-1,-1,-1,0,-1,-1,-1,-1.000000,-1.000000,470,0,0,0,0,0,-1,-1,-1,0.000000
1189,0,-1,-1,-1,-1,0,-1,-1,-1,-1.000000,-1.000000,175,0,0,0,0,0,-1,-1,-1,0.000000
1190,0,-1,-1,-1,-1,0,-1,-1,-1,-1.000000,-1.000000,230,0,0,0,0,0,-1,-1,-1,0.000000
1191,0,-1,-1,-1,-1,0,-1,-1,-1,-1.000000,-1.000000,169,0,0,0,0,0,-1,-1,-1,0.000000
1192,0,23,-1,-1,1758,568,64,3,2,0.000000,0.000000,47,639,0,120,0,120,23,-1,-1,0.000000
1193,0,22,-1,-1,917,857,66,3,2,0.000000,0.000000,15,760,0,216,0,216,22,-1,-1,0.000000
1194,0,-1,-1,-1,-1,0,-1,-1,-1,-1.000000,-1.000000,233,0,0,0,0,0,-1,-1,-1,0.000000
1195,0,23,-1,-1,7940,826,64,3,2,0.000000,0.000000,27,715,0,261,0,261,23,-1,-1,0.000000
1196,0,-1,-1,-1,-1,0,-1,-1,-1,-1.000000,-1.000000,273,0,0,0,0,0,-1,-1,-1,0.000000
1197,0,-1,-1,-1,-1,0,-1,-1,-1,-1.000000,-1.000000,141,0,0,0,0,0,-1,-1,-1,0.000000
1198,0,-1,-1,-1,-1,0,-1,-1,-1,-1.000000,-1.000000,195,0,0,0,0,0,-1,-1,-1,0.000000
1199,0,21,-1,-1,7256,604,69,3,4,0.000000,0.000000,15,721,0,258,0,258,21,-1,-1,0.000000
1200,0,-1,-1,-1,-1,0,-1,-1,-1,-1.000000,-1.000000,243,0,0,0,0,0,-1,-1,-1,0.000000
1201,0,41,-1,-1,6683,34,51,3,2,0.000000,0.000000,74,93,0,28,0,28,41,-1,-1,0.000000
1202,0,-1,-1,-1,-1,0,-1,-1,-1,-1.000000,-1.000000,181,0,0,0,0,0,-1,-1,-1,0.000000
1203,0,27,-1,-1,5663,566,61,3,4,0.000000,0.000000,29,584,0,142,0,142,27,-1,-1,0.000000
1204,0,443,-1,-1,4939,33,23,3,2,0.000000,0.000000,76,97,0,19,0,19,443,-1,-1,0.000000
1205,0,-1,-1,-1,-1,0,-1,-1,-1,-1.000000,-1.000000,209,0,0,0,0,0,-1,-1,-1,0.000000
1206,0,-1,-1,-1,-1,0,-1,-1,-1,-1.000000,-1.000000,179,0,0,0,0,0,-1,-1,-1,0.000000
1207,0,21,-1,-1,5551,666,67,3,2,0.000000,0.000000,12,807,0,172,0,172,21,-1,-1,0.000000
1208,0,-1,-1,-1,-1,0,-1,-1,-1,-1.000000,-1.000000,259,0,0,0,0,0,-1,-1,-1,0.000000
1209,0,-1,-1,-1,-1,0,-1,-1,-1,-1.000000,-1.000000,197,0,0,0,0,0,-1,-1,-1,0.000000
1210,0,-1,-1,-1,-1,0,-1,-1,-1,-1.000000,-1.000000,69,0,0,0,0,0,-1,-1,-1,0.000000
1211,0,-1,-1,-1,-1,0,-1,-1,-1,-1.000000,-1.000000,177,0,0,0,0,0,-1,-1,-1,0.000000
1212,0,-1,-1,-1,-1,0,-1,-1,-1,-1.000000,-1.000000,383,0,0,0,0,0,-1,-1,-1,0.000000
1213,0,-1,-1,-1,-1,0,-1,-1,-1,-1.000000,-1.000000,345,0,0,0,0,0,-1,-1,-1,0.000000
1214,0,-1,-1,-1,-1,0,-1,-1,-1,-1.000000,-1.000000,227,0,0,0,0,0,-1,-1,-1,0.000000
1215,0,-1,-1,-1,-1,0,-1,-1,-1,-1.000000,-1.000000,405,0,0,0,0,0,-1,-1,-1,0.000000
1216,0,-1,-1,-1,-1,0,-1,-1,-1,-1.000000,-1.000000,164,0,0,0,0,0,-1,-1,-1,0.000000
1217,0,-1,-1,-1,-1,0,-1,-1,-1,-1.000000,-1.000000,249,0,0,0,0,0,-1,-1,-1,0.000000
1218,0,-1,-1,-1,-1,0,-1,-1,-1,-1.000000,-1.000000,122,0,0,0,0,0,-1,-1,-1,0.000000
1219,0,-1,-1,-1,-1,0,-1,-1,-1,-1.000000,-1.000000,200,0,0,0,0,0,-1,-1,-1,0.000000
1220,0,-1,-1,-1,-1,0,-1,-1,-1,-1.000000,-1.000000,137,0,0,0,0,0,-1,-1,-1,0.000000
1221,0,-1,-1,-1,-1,0,-1,-1,-1,-1.000000,-1.000000,313,0,0,0,0,0,-1,-1,-1,0.000000
1222,0,-1,-1,-1,-1,0,-1,-1,-1,-1.000000,-1.000000,123,0,0,0,0,0,-1,-1,-1,0.000000
1223,0,-1,-1,-1,-1,0,-1,-1,-1,-1.000000,-1.000000,217,0,0,0,0,0,-1,-1,-1,0.000000
1224,0,-1,-1,-1,-1,0,-1,-1,-1,-1.000000,-1.000000,239,0,0,0,0,0,-1,-1,-1,0.000000
1225,0,-1,-1,-1,-1,0,-1,-1,-1,-1.000000,-1.000000,63,0,0,0,0,0,-1,-1,-1,0.000000
1226,0,-1,-1,-1,-1,0,-1,-1,-1,-1.000000,-1.000000,510,0,0,0,0,0,-1,-1,-1,0.000000
1227,0,28,-1,-1,4799,415,58,3,2,0.000000,0.000000,45,552,0,93,0,93,28,-1,-1,0.000000
1228,0,-1,-1,-1,-1,0,-1,-1,-1,-1.000000,-1.000000,141,0,0,0,0,0,-1,-1,-1,0.000000
1229,0,-1,-1,-1,-1,0,-1,-1,-1,-1.000000,-1.000000,105,0,0,0,0,0,-1,-1,-1,0.000000
1230,0,-1,-1,-1,-1,0,-1,-1,-1,-1.000000,-1.000000,245,0,0,0,0,0,-1,-1,-1,0.000000
1231,0,174,-1,-1,7963,7,35,3,2,0.000000,0.000000,92,20,0,9,0,9,174,-1,-1,0.000000
1232,0,-1,-1,-1,-1,0,-1,-1,-1,-1.000000,-1.000000,182,0,0,0,0,0,-1,-1,-1,0.000000
1233,0,-1,-1,-1,-1,0,-1,-1,-1,-1.000000,-1.000000,179,0,0,0,0,0,-1,-1,-1,0.000000
1234,0,29,-1,-1,2888,479,56,3,2,0.000000,0.000000,67,570,0,153,0,153,29,-1,-1,0.000000
1235,0,-1,-1,-1,-1,0,-1,-1,-1,-1.000000,-1.000000,161,0,0,0,0,0,-1,-1,-1,0.000000
1236,0,-1,-1,-1,-1,0,-1,-1,-1,-1.000000,-1.000000,387,0,0,0,0,0,-1,-1,-1,0.000000
1237,0,-1,-1,-1,-1,0,-1,-1,-1,-1.000000,-1.000000,424,0,0,0,0,0,-1,-1,-1,0.000000
1238,0,-1,-1,-1,-1,0,-1,-1,-1,-1.000000,-1.000000,94,0,0,0,0,0,-1,-1,-1,0.000000
1239,0,-1,-1,-1,-1,0,-1,-1,-1,-1.000000,-1.000000,349,0,0,0,0,0,-1,-1,-1,0.000000
1240,0,-1,-1,-1,-1,0,-1,-1,-1,-1.000000,-1.000000,413,0,0,0,0,0,-1,-1,-1,0.000000
1241,0,-1,-1,-1,-1,0,-1,-1,-1,-1.000000,-1.000000,335,0,0,0,0,0,-1,-1,-1,0.000000
1242,0,-1,-1,-1,-1,0,-1,-1,-1,-1.000000,-1.000000,311,0,0,0,0,0,-1,-1,-1,0.000000
1243,0,-1,-1,-1,-1,0,-1,-1,-1,-1.000000,-1.000000,283,0,0,0,0,0,-1,-1,-1,0.000000
1244,0,869,-1,-1,6743,10,17,3,2,0.000000,0.000000,64,24,0,3,0,3,869,-1,-1,0.000000
1245,0,-1,-1,-1,-1,0,-1,-1,-1,-1.000000,-1.000000,223,0,0,0,0,0,-1,-1,-1,0.000000
1246,0,-1,-1,-1,-1,0,-1,-1,-1,-1.000000,-1.000000,133,0,0,0,0,0,-1,-1,-1,0.000000
1247,0,-1,-1,-1,-1,0,-1,-1,-1,-1.000000,-1.000000,117,0,0,0,0,0,-1,-1,-1,0.000000
1248,0,-1,-1,-1,-1,0,-1,-1,-1,-1.000000,-1.000000,281,0,0,0,0,0,-1,-1,-1,0.000000
1249,0,-1,-1,-1,-1,0,-1,-1,-1,-1.000000,-1.000000,249,0,0,0,0,0,-1,-1,-1,0.000000
1250,0,-1,-1,-1,-1,0,-1,-1,-1,-1.000000,-1.000000,254,0,0,0,0,0,-1,-1,-1,0.000000
1251,0,-1,-1,-1,-1,0,-1,-1,-1,-1.000000,-1.000000,115,0,0,0,0,0,-1,-1,-1,0.000000
1252,0,-1,-1,-1,-1,0,-1,-1,-1,-1.000000,-1.000000,125,0,0,0,0,0,-1,-1,-1,0.000000
1253,0,-1,-1,-1,-1,0,-1,-1,-1,-1.000000,-1.000000,228,0,0,0,0,0,-1,-1,-1,0.000000
1254,0,-1,-1,-1,-1,0,-1,-1,-1,-1.000000,-1.000000,101,0,0,0,0,0,-1,-1,-1,0.000000
1255,0,47,-1,-1,547,589,51,3,4,0.000000,0.000000,53,633,0,153,0,153,47,-1,-1,0.000000
1256,0,-1,-1,-1,-1,0,-1,-1,-1,-1.000000,-1.000000,165,0,0,0,0,0,-1,-1,-1,0.000000
1257,0,-1,-1,-1,-1,0,-1,-1,-1,-1.000000,-1.000000,267,0,0,0,0,0,-1,-1,-1,0.000000
1258,0,-1,-1,-1,-1,0,-1,-1,-1,-1.000000,-1.000000,259,0,0,0,0,0,-1,-1,-1,0.000000
1259,0,-1,-1,-1,-1,0,-1,-1,-1,-1.000000,-1.000000,229,0,0,0,0,0,-1,-1,-1,0.000000
1260,0,-1,-1,-1,-1,0,-1,-1,-1,-1.000000,-1.000000,369,0,0,0,0,0,-1,-1,-1,0.000000
1261,0,-1,-1,-1,-1,0,-1,-1,-1,-1.000000,-1.000000,105,0,0,0,0,0,-1,-1,-1,0.000000
1262,0,-1,-1,-1,-1,0,-1,-1,-1,-1.000000,-1.000000,143,0,0,0,0,0,-1,-1,-1,0.000000
1263,0,-1,-1,-1,-1,0,-1,-1,-1,-1.000000,-1.000000,140,0,0,0,0,0,-1,-1,-1,0.000000
1264,0,20,-1,-1,5686,584,67,3,4,0.000000,0.000000,37,667,0,313,0,313,20,-1,-1,0.000000
1265,0,-1,-1,-1,-1,0,-1,-1,-1,-1.000000,-1.000000,339,0,0,0,0,0,-1,-1,-1,0.000000
1266,0,-1,-1,-1,-1,0,-1,-1,-1,-1.000000,-1.000000,295,0,0,0,0,0,-1,-1,-1,0.000000
1267,0,34,-1,-1,5108,7,55,3,4,0.000000,0.000000,69,39,0,6,0,6,34,-1,-1,0.000000
1268,0,-1,-1,-1,-1,0,-1,-1,-1,-1.000000,-1.000000,168,0,0,0,0,0,-1,-1,-1,0.000000
1269,0,-1,-1,-1,-1,0,-1,-1,-1,-1.000000,-1.000000,247,0,0,0,0,0,-1,-1,-1,0.000000
1270,0,-1,-1,-1,-1,0,-1,-1,-1,-1.000000,-1.000000,141,0,0,0,0,0,-1,-1,-1,0.000000
1271,0,-1,-1,-1,-1,0,-1,-1,-1,-1.000000,-1.000000,151,0,0,0,0,0,-1,-1,-1,0.000000
1272,0,50,-1,-1,216,836,48,3,2,0.000000,0.000000,35,761,0,173,0,173,50,-1,-1,0.000000
1273,0,-1,-1,-1,-1,0,-1,-1,-1,-1.000000,-1.000000,128,0,0,0,0,0,-1,-1,-1,0.000000
1274,0,-1,-1,-1,-1,0,-1,-1,-1,-1.000000,-1.000000,275,0,0,0,0,0,-1,-1,-1,0.000000
1275,0,-1,-1,-1,-1,0,-1,-1,-1,-1.000000,-1.000000,363,0,0,0,0,0,-1,-1,-1,0.000000
1276,0,-1,-1,-1,-1,0,-1,-1,-1,-1.000000,-1.000000,317,0,0,0,0,0,-1,-1,-1,0.000000
1277,0,-1,-1,-1,-1,0,-1,-1,-1,-1.000000,-1.000000,316,0,0,0,0,0,-1,-1,-1,0.000000
1278,0,-1,-1,-1,-1,0,-1,-1,-1,-1.000000,-1.000000,472,0,0,0,0,0,-1,-1,-1,0.000000
1279,0,-1,-1,-1,-1,0,-1,-1,-1,-1.000000,-1.000000,317,0,0,0,0,0,-1,-1,-1,0.000000
1280,0,-1,-1,-1,-1,0,-1,-1,-1,-1.000000,-1.000000,332,0,0,0,0,0,-1,-1,-1,0.000000
1281,0,-1,-1,-1,-1,0,-1,-1,-1,-1.000000,-1.000000,271,0,0,0,0,0,-1,-1,-1,0.000000
1282,0,-1,-1,-1,-1,0,-1,-1,-1,-1.000000,-1.000000,306,0,0,0,0,0,-1,-1,-1,0.000000
1283,0,33,-1,-1,17,0,54,3,2,0.000000,0.000000,93,4,0,0,0,0,33,-1,-1,0.000000
1284,0,-1,-1,-1,-1,0,-1,-1,-1,-1.000000,-1.000000,85,0,0,0,0,0,-1,-1,-1,0.000000
1285,0,-1,-1,-1,-1,0,-1,-1,-1,-1.000000,-1.000000,139,0,0,0,0,0,-1,-1,-1,0.000000
1286,0,26,-1,-1,4784,810,60,3,2,0.000000,0.000000,51,716,0,229,0,229,26,-1,-1,0.000000
1287,0,-1,-1,-1,-1,0,-1,-1,-1,-1.000000,-1.000000,86,0,0,0,0,0,-1,-1,-1,0.000000
1288,0,-1,-1,-1,-1,0,-1,-1,-1,-1.000000,-1.000000,107,0,0,0,0,0,-1,-1,-1,0.000000
1289,0,-1,-1,-1,-1,0,-1,-1,-1,-1.000000,-1.000000,343,0,0,0,0,0,-1,-1,-1,0.000000
1290,0,295,-1,-1,4710,0,26,3,2,0.000000,0.000000,85,6,0,8,0,8,295,-1,-1,0.000000
1291,0,-1,-1,-1,-1,0,-1,-1,-1,-1.000000,-1.000000,267,0,0,0,0,0,-1,-1,-1,0.000000
1292,0,-1,-1,-1,-1,0,-1,-1,-1,-1.000000,-1.000000,413,0,0,0,0,0,-1,-1,-1,0.000000
1293,0,-1,-1,-1,-1,0,-1,-1,-1,-1.000000,-1.000000,161,0,0,0,0,0,-1,-1,-1,0.000000
1294,0,24,-1,-1,4459,685,63,3,4,0.000000,0.000000,31,712,0,187,0,187,24,-1,-1,0.000000
1295,0,-1,-1,-1,-1,0,-1,-1,-1,-1.000000,-1.000000,99,0,0,0,0,0,-1,-1,-1,0.000000
1296,0,-1,-1,-1,-1,0,-1,-1,-1,-1.000000,-1.000000,421,0,0,0,0,0,-1,-1,-1,0.000000
1297,0,-1,-1,-1,-1,0,-1,-1,-1,-1.000000,-1.000000,172,0,0,0,0,0,-1,-1,-1,0.000000
1298,0,-1,-1,-1,-1,0,-1,-1,-1,-1.000000,-1.000000,257,0,0,0,0,0,-1,-1,-1,0.000000
1299,0,22,-1,-1,7818,805,66,3,2,0.000000,0.000000,31,767,0,211,0,211,22,-1,-1,0.000000
1300,0,-1,-1,-1,-1,0,-1,-1,-1,-1.000000,-1.000000,83,0,0,0,0,0,-1,-1,-1,0.000000
1301,0,-1,-1,-1,-1,0,-1,-1,-1,-1.000000,-1.000000,272,0,0,0,0,0,-1,-1,-1,0.000000
1302,0,-1,-1,-1,-1,0,-1,-1,-1,-1.000000,-1.000000,443,0,0,0,0,0,-1,-1,-1,0.000000
1303,0,18,-1,-1,839,616,70,3,2,0.000000,0.000000,21,701,0,280,0,280,18,-1,-1,0.000000
1304,0,-1,-1,-1,-1,0,-1,-1,-1,-1.000000,-1.000000,121,0,0,0,0,0,-1,-1,-1,0.000000
1305,0,-1,-1,-1,-1,0,-1,-1,-1,-1.000000,-1.000000,398,0,0,0,0,0,-1,-1,-1,0.000000
1306,0,-1,-1,-1,-1,0,-1,-1,-1,-1.000000,-1.000000,151,0,0,0,0,0,-1,-1,-1,0.000000
1307,0,-1,-1,-1,-1,0,-1,-1,-1,-1.000000,-1.000000,85,0,0,0,0,0,-1,-1,-1,0.000000
1308,0,-1,-1,-1,-1,0,-1,-1,-1,-1.000000,-1.000000,291,0,0,0,0,0,-1,-1,-1,0.000000
1309,0,-1,-1,-1,-1,0,-1,-1,-1,-1.000000,-1.000000,195,0,0,0,0,0,-1,-1,-1,0.000000
1310,0,-1,-1,-1,-1,0,-1,-1,-1,-1.000000,-1.000000,141,0,0,0,0,0,-1,-1,-1,0.000000
1311,0,-1,-1,-1,-1,0,-1,-1,-1,-1.000000,-1.000000,496,0,0,0,0,0,-1,-1,-1,0.000000
1312,0,-1,-1,-1,-1,0,-1,-1,-1,-1.000000,-1.000000,159,0,0,0,0,0,-1,-1,-1,0.000000
1313,0,-1,-1,-1,-1,0,-1,-1,-1,-1.000000,-1.000000,99,0,0,0,0,0,-1,-1,-1,0.000000
1314,0,-1,-1,-1,-1,0,-1,-1,-1,-1.000000,-1.000000,155,0,0,0,0,0,-1,-1,-1,0.000000
1315,0,-1,-1,-1,-1,0,-1,-1,-1,-1.000000,-1.000000,488,0,0,0,0,0,-1,-1,-1,0.000000
1316,0,-1,-1,-1,-1,0,-1,-1,-1,-1.000000,-1.000000,421,0,0,0,0,0,-1,-1,-1,0.000000
1317,0,-1,-1,-1,-1,0,-1,-1,-1,-1.000000,-1.000000,137,0,0,0,0,0,-1,-1,-1,0.000000
1318,0,88,-1,-1,6175,0,39,3,4,0.000000,0.000000,77,0,0,1,0,1,88,-1,-1,0.000000
1319,0,-1,-1,-1,-1,0,-1,-1,-1,-1.000000,-1.000000,177,0,0,0,0,0,-1,-1,-1,0.000000
1320,0,-1,-1,-1,-1,0,-1,-1,-1,-1.000000,-1.000000,263,0,0,0,0,0,-1,-1,-1,0.000000
1321,0,-1,-1,-1,-1,0,-1,-1,-1,-1.000000,-1.000000,131,0,0,0,0,0,-1,-1,-1,0.000000
1322,0,160,-1,-1,838,27,34,3,2,0.000000,0.000000,87,80,0,36,0,36,160,-1,-1,0.000000
1323,0,-1,-1,-1,-1,0,-1,-1,-1,-1.000000,-1.000000,209,0,0,0,0,0,-1,-1,-1,0.000000
1324,0,12,-1,-1,2141,690,68,3,2,0.000000,0.000000,9,750,0,232,0,232,12,-1,-1,0.000000
1325,0,-1,-1,-1,-1,0,-1,-1,-1,-1.000000,-1.000000,245,0,0,0,0,0,-1,-1,-1,0.000000
1326,0,-1,-1,-1,-1,0,-1,-1,-1,-1.000000,-1.000000,254,0,0,0,0,0,-1,-1,-1,0.000000
1327,0,-1,-1,-1,-1,0,-1,-1,-1,-1.000000,-1.000000,163,0,0,0,0,0,-1,-1,-1,0.000000
1328,0,-1,-1,-1,-1,0,-1,-1,-1,-1.000000,-1.000000,141,0,0,0,0,0,-1,-1,-1,0.000000
1329,0,-1,-1,-1,-1,0,-1,-1,-1,-1.000000,-1.000000,121,0,0,0,0,0,-1,-1,-1,0.000000
1330,0,-1,-1,-1,-1,0,-1,-1,-1,-1.000000,-1.000000,279,0,0,0,0,0,-1,-1,-1,0.000000
1331,0,-1,-1,-1,-1,0,-1,-1,-1,-1.000000,-1.000000,311,0,0,0,0,0,-1,-1,-1,0.000000
1332,0,-1,-1,-1,-1,0,-1,-1,-1,-1.000000,-1.000000,447,0,0,0,0,0,-1,-1,-1,0.000000
1333,0,-1,-1,-1,-1,0,-1,-1,-1,-1.000000,-1.000000,297,0,0,0,0,0,-1,-1,-1,0.000000
1334,0,-1,-1,-1,-1,0,-1,-1,-1,-1.000000,-1.000000,301,0,0,0,0,0,-1,-1,-1,0.000000
1335,0,-1,-1,-1,-1,0,-1,-1,-1,-1.000000,-1.000000,231,0,0,0,0,0,-1,-1,-1,0.000000
1336,0,-1,-1,-1,-1,0,-1,-1,-1,-1.000000,-1.000000,221,0,0,0,0,0,-1,-1,-1,0.000000
1337,0,-1,-1,-1,-1,0,-1,-1,-1,-1.000000,-1.000000,312,0,0,0,0,0,-1,-1,-1,0.000000
1338,0,-1,-1,-1,-1,0,-1,-1,-1,-1.000000,-1.000000,121,0,0,0,0,0,-1,-1,-1,0.000000
1339,0,-1,-1,-1,-1,0,-1,-1,-1,-1.000000,-1.000000,243,0,0,0,0,0,-1,-1,-1,0.000000
1340,0,22,-1,-1,7061,812,65,3,4,0.000000,0.000000,37,735,0,221,0,221,22,-1,-1,0.000000
1341,0,-1,-1,-1,-1,0,-1,-1,-1,-1.000000,-1.000000,131,0,0,0,0,0,-1,-1,-1,0.000000
1342,0,-1,-1,-1,-1,0,-1,-1,-1,-1.000000,-1.000000,283,0,0,0,0,0,-1,-1,-1,0.000000
1343,0,-1,-1,-1,-1,0,-1,-1,-1,-1.000000,-1.000000,241,0,0,0,0,0,-1,-1,-1,0.000000
1344,0,-1,-1,-1,-1,0,-1,-1,-1,-1.000000,-1.000000,203,0,0,0,0,0,-1,-1,-1,0.000000
1345,0,-1,-1,-1,-1,0,-1,-1,-1,-1.000000,-1.000000,494,0,0,0,0,0,-1,-1,-1,0.000000
1346,0,-1,-1,-1,-1,0,-1,-1,-1,-1.000000,-1.000000,327,0,0,0,0,0,-1,-1,-1,0.000000
1347,0,-1,-1,-1,-1,0,-1,-1,-1,-1.000000,-1.000000,195,0,0,0,0,0,-1,-1,-1,0.000000
1348,0,-1,-1,-1,-1,0,-1,-1,-1,-1.000000,-1.000000,265,0,0,0,0,0,-1,-1,-1,0.000000
1349,0,-1,-1,-1,-1,0,-1,-1,-1,-1.000000,-1.000000,389,0,0,0,0,0,-1,-1,-1,0.000000
1350,0,-1,-1,-1,-1,0,-1,-1,-1,-1.000000,-1.000000,324,0,0,0,0,0,-1,-1,-1,0.000000
1351,0,-1,-1,-1,-1,0,-1,-1,-1,-1.000000,-1.000000,249,0,0,0,0,0,-1,-1,-1,0.000000
1352,0,-1,-1,-1,-1,0,-1,-1,-1,-1.000000,-1.000000,179,0,0,0,0,0,-1,-1,-1,0.000000
1353,0,-1,-1,-1,-1,0,-1,-1,-1,-1.000000,-1.000000,488,0,0,0,0,0,-1,-1,-1,0.000000
1354,0,-1,-1,-1,-1,0,-1,-1,-1,-1.000000,-1.000000,105,0,0,0,0,0,-1,-1,-1,0.000000
1355,0,-1,-1,-1,-1,0,-1,-1,-1,-1.000000,-1.000000,401,0,0,0,0,0,-1,-1,-1,0.000000
1356,0,-1,-1,-1,-1,0,-1,-1,-1,-1.000000,-1.000000,114,0,0,0,0,0,-1,-1,-1,0.000000
1357,0,-1,-1,-1,-1,0,-1,-1,-1,-1.000000,-1.000000,337,0,0,0,0,0,-1,-1,-1,0.000000
1358,0,-1,-1,-1,-1,0,-1,-1,-1,-1.000000,-1.000000,163,0,0,0,0,0,-1,-1,-1,0.000000
1359,0,-1,-1,-1,-1,0,-1,-1,-1,-1.000000,-1.000000,327,0,0,0,0,0,-1,-1,-1,0.000000
1360,0,7,-1,-1,6622,882,69,3,4,0.000000,0.000000,17,782,0,204,0,204,7,-1,-1,0.000000
1361,0,29,-1,-1,5304,864,59,3,2,0.000000,0.000000,36,774,0,176,0,176,29,-1,-1,0.000000
1362,0,-1,-1,-1,-1,0,-1,-1,-1,-1.000000,-1.000000,53,0,0,0,0,0,-1,-1,-1,0.000000
1363,0,-1,-1,-1,-1,0,-1,-1,-1,-1.000000,-1.000000,93,0,0,0,0,0,-1,-1,-1,0.000000
1364,0,15,-1,-1,4917,558,70,3,2,0.000000,0.000000,17,696,0,288,0,288,15,-1,-1,0.000000
1365,0,-1,-1,-1,-1,0,-1,-1,-1,-1.000000,-1.000000,231,0,0,0,0,0,-1,-1,-1,0.000000
1366,0,-1,-1,-1,-1,0,-1,-1,-1,-1.000000,-1.000000,313,0,0,0,0,0,-1,-1,-1,0.000000
1367,0,-1,-1,-1,-1,0,-1,-1,-1,-1.000000,-1.000000,383,0,0,0,0,0,-1,-1,-1,0.000000
1368,0,-1,-1,-1,-1,0,-1,-1,-1,-1.000000,-1.000000,285,0,0,0,0,0,-1,-1,-1,0.000000
1369,0,59,-1,-1,7856,0,45,3,4,0.000000,0.000000,99,1,0,0,0,0,59,-1,-1,0.000000
1370,0,-1,-1,-1,-1,0,-1,-1,-1,-1.000000,-1.000000,211,0,0,0,0,0,-1,-1,-1,0.000000
1371,0,-1,-1,-1,-1,0,-1,-1,-1,-1.000000,-1.000000,289,0,0,0,0,0,-1,-1,-1,0.000000
1372,0,-1,-1,-1,-1,0,-1,-1,-1,-1.000000,-1.000000,186,0,0,0,0,0,-1,-1,-1,0.000000
1373,0,-1,-1,-1,-1,0,-1,-1,-1,-1.000000,-1.000000,316,0,0,0,0,0,-1,-1,-1,0.000000
1374,0,-1,-1,-1,-1,0,-1,-1,-1,-1.000000,-1.000000,77,0,0,0,0,0,-1,-1,-1,0.000000
1375,0,-1,-1,-1,-1,0,-1,-1,-1,-1.000000,-1.000000,368,0,0,0,0,0,-1,-1,-1,0.000000
1376,0,-1,-1,-1,-1,0,-1,-1,-1,-1.000000,-1.000000,178,0,0,0,0,0,-1,-1,-1,0.000000
1377,0,25,-1,-1,1261,224,60,3,2,0.000000,0.000000,71,326,0,107,0,107,25,-1,-1,0.000000
1378,0,-1,-1,-1,-1,0,-1,-1,-1,-1.000000,-1.000000,506,0,0,0,0,0,-1,-1,-1,0.000000
1379,0,-1,-1,-1,-1,0,-1,-1,-1,-1.000000,-1.000000,175,0,0,0,0,0,-1,-1,-1,0.000000
1380,0,-1,-1,-1,-1,0,-1,-1,-1,-1.000000,-1.000000,215,0,0,0,0,0,-1,-1,-1,0.000000
1381,0,-1,-1,-1,-1,0,-1,-1,-1,-1.000000,-1.000000,115,0,0,0,0,0,-1,-1,-1,0.000000
1382,0,206,-1,-1,5797,551,30,3,2,0.000000,0.000000,25,686,0,82,0,82,206,-1,-1,0.000000
1383,0,-1,-1,-1,-1,0,-1,-1,-1,-1.000000,-1.000000,424,0,0,0,0,0,-1,-1,-1,0.000000
1384,0,-1,-1,-1,-1,0,-1,-1,-1,-1.000000,-1.000000,350,0,0,0,0,0,-1,-1,-1,0.000000
1385,0,-1,-1,-1,-1,0,-1,-1,-1,-1.000000,-1.000000,486,0,0,0,0,0,-1,-1,-1,0.000000
1386,0,-1,-1,-1,-1,0,-1,-1,-1,-1.000000,-1.000000,219,0,0,0,0,0,-1,-1,-1,0.000000
1387,0,27,-1,-1,3024,416,58,3,2,0.000000,0.000000,57,512,0,138,0,138,27,-1,-1,0.000000
1388,0,-1,-1,-1,-1,0,-1,-1,-1,-1.000000,-1.000000,159,0,0,0,0,0,-1,-1,-1,0.000000
1389,0,-1,-1,-1,-1,0,-1,-1,-1,-1.000000,-1.000000,424,0,0,0,0,0,-1,-1,-1,0.000000
1390,0,-1,-1,-1,-1,0,-1,-1,-1,-1.000000,-1.000000,351,0,0,0,0,0,-1,-1,-1,0.000000
1391,0,-1,-1,-1,-1,0,-1,-1,-1,-1.000000,-1.000000,145,0,0,0,0,0,-1,-1,-1,0.000000
1392,0,-1,-1,-1,-1,0,-1,-1,-1,-1.000000,-1.000000,452,0,0,0,0,0,-1,-1,-1,0.000000
1393,0,-1,-1,-1,-1,0,-1,-1,-1,-1.000000,-1.000000,281,0,0,0,0,0,-1,-1,-1,0.000000
1394,0,-1,-1,-1,-1,0,-1,-1,-1,-1.000000,-1.000000,455,0,0,0,0,0,-1,-1,-1,0.000000
1395,0,-1,-1,-1,-1,0,-1,-1,-1,-1.000000,-1.000000,73,0,0,0,0,0,-1,-1,-1,0.000000
1396,0,-1,-1,-1,-1,0,-1,-1,-1,-1.000000,-1.000000,353,0,0,0,0,0,-1,-1,-1,0.000000
1397,0,-1,-1,-1,-1,0,-1,-1,-1,-1.000000,-1.000000,297,0,0,0,0,0,-1,-1,-1,0.000000
1398,0,-1,-1,-1,-1,0,-1,-1,-1,-1.000000,-1.000000,306,0,0,0,0,0,-1,-1,-1,0.000000
1399,0,-1,-1,-1,-1,0,-1,-1,-1,-1.000000,-1.000000,105,0,0,0,0,0,-1,-1,-1,0.000000
1400,0,368,-1,-1,7248,132,24,3,4,0.000000,0.000000,64,244,0,45,0,45,368,-1,-1,0.000000
1401,0,-1,-1,-1,-1,0,-1,-1,-1,-1.000000,-1.000000,215,0,0,0,0,0,-1,-1,-1,0.000000
1402,0,-1,-1,-1,-1,0,-1,-1,-1,-1.000000,-1.000000,311,0,0,0,0,0,-1,-1,-1,0.000000
1403,0,-1,-1,-1,-1,0,-1,-1,-1,-1.000000,-1.000000,113,0,0,0,0,0,-1,-1,-1,0.000000
1404,0,-1,-1,-1,-1,0,-1,-1,-1,-1.000000,-1.000000,97,0,0,0,0,0,-1,-1,-1,0.000000
1405,0,-1,-1,-1,-1,0,-1,-1,-1,-1.000000,-1.000000,245,0,0,0,0,0,-1,-1,-1,0.000000
1406,0,269,-1,-1,5717,11,27,3,4,0.000000,0.000000,59,37,0,17,0,17,269,-1,-1,0.000000
1407,0,-1,-1,-1,-1,0,-1,-1,-1,-1.000000,-1.000000,159,0,0,0,0,0,-1,-1,-1,0.000000
1408,0,91,-1,-1,6253,16,39,3,4,0.000000,0.000000,79,33,0,16,0,16,91,-1,-1,0.000000
1409,0,-1,-1,-1,-1,0,-1,-1,-1,-1.000000,-1.000000,451,0,0,0,0,0,-1,-1,-1,0.000000
1410,0,-1,-1,-1,-1,0,-1,-1,-1,-1.000000,-1.000000,243,0,0,0,0,0,-1,-1,-1,0.000000
1411,0,-1,-1,-1,-1,0,-1,-1,-1,-1.000000,-1.000000,483,0,0,0,0,0,-1,-1,-1,0.000000
1412,0,-1,-1,-1,-1,0,-1,-1,-1,-1.000000,-1.000000,97,0,0,0,0,0,-1,-1,-1,0.000000
1413,0,38,-1,-1,4848,140,53,3,4,0.000000,0.000000,67,236,0,93,0,93,38,-1,-1,0.000000
1414,0,-1,-1,-1,-1,0,-1,-1,-1,-1.000000,-1.000000,95,0,0,0,0,0,-1,-1,-1,0.000000
1415,0,151,-1,-1,402,72,34,3,4,0.000000,0.000000,82,163,0,28,0,28,151,-1,-1,0.000000
1416,0,-1,-1,-1,-1,0,-1,-1,-1,-1.000000,-1.000000,413,0,0,0,0,0,-1,-1,-1,0.000000
1417,0,-1,-1,-1,-1,0,-1,-1,-1,-1.000000,-1.000000,259,0,0,0,0,0,-1,-1,-1,0.000000
1418,0,-1,-1,-1,-1,0,-1,-1,-1,-1.000000,-1.000000,357,0,0,0,0,0,-1,-1,-1,0.000000
1419,0,-1,-1,-1,-1,0,-1,-1,-1,-1.000000,-1.000000,351,0,0,0,0,0,-1,-1,-1,0.000000
1420,0,-1,-1,-1,-1,0,-1,-1,-1,-1.000000,-1.000000,144,0,0,0,0,0,-1,-1,-1,0.000000
1421,0,-1,-1,-1,-1,0,-1,-1,-1,-1.000000,-1.000000,352,0,0,0,0,0,-1,-1,-1,0.000000
1422,0,105,-1,-1,7952,8,38,3,2,0.000000,0.000000,79,24,0,10,0,10,105,-1,-1,0.000000
1423,0,-1,-1,-1,-1,0,-1,-1,-1,-1.000000,-1.000000,343,0,0,0,0,0,-1,-1,-1,0.000000
1424,0,-1,-1,-1,-1,0,-1,-1,-1,-1.000000,-1.000000,177,0,0,0,0,0,-1,-1,-1,0.000000
1425,0,-1,-1,-1,-1,0,-1,-1,-1,-1.000000,-1.000000,217,0,0,0,0,0,-1,-1,-1,0.000000
1426,0,-1,-1,-1,-1,0,-1,-1,-1,-1.000000,-1.000000,177,0,0,0,0,0,-1,-1,-1,0.000000
1427,0,-1,-1,-1,-1,0,-1,-1,-1,-1.000000,-1.000000,299,0,0,0,0,0,-1,-1,-1,0.000000
1428,0,-1,-1,-1,-1,0,-1,-1,-1,-1.000000,-1.000000,482,0,0,0,0,0,-1,-1,-1,0.000000
1429,0,-1,-1,-1,-1,0,-1,-1,-1,-1.000000,-1.000000,349,0,0,0,0,0,-1,-1,-1,0.000000
1430,0,-1,-1,-1,-1,0,-1,-1,-1,-1.000000,-1.000000,167,0,0,0,0,0,-1,-1,-1,0.000000
1431,0,-1,-1,-1,-1,0,-1,-1,-1,-1.000000,-1.000000,228,0,0,0,0,0,-1,-1,-1,0.000000
1432,0,-1,-1,-1,-1,0,-1,-1,-1,-1.000000,-1.000000,147,0,0,0,0,0,-1,-1,-1,0.000000
1433,0,-1,-1,-1,-1,0,-1,-1,-1,-1.000000,-1.000000,331,0,0,0,0,0,-1,-1,-1,0.000000
1434,0,-1,-1,-1,-1,0,-1,-1,-1,-1.000000,-1.000000,317,0,0,0,0,0,-1,-1,-1,0.000000
1435,0,-1,-1,-1,-1,0,-1,-1,-1,-1.000000,-1.000000,408,0,0,0,0,0,-1,-1,-1,0.000000
1436,0,22,-1,-1,571,666,68,3,4,0.000000,0.000000,14,815,0,163,0,163,22,-1,-1,0.000000
1437,0,48,-1,-1,2004,95,48,3,2,0.000000,0.000000,63,150,0,74,0,74,48,-1,-1,0.000000
1438,0,-1,-1,-1,-1,0,-1,-1,-1,-1.000000,-1.000000,213,0,0,0,0,0,-1,-1,-1,0.000000
1439,0,-1,-1,-1,-1,0,-1,-1,-1,-1.000000,-1.000000,221,0,0,0,0,0,-1,-1,-1,0.000000
1440,0,-1,-1,-1,-1,0,-1,-1,-1,-1.000000,-1.000000,253,0,0,0,0,0,-1,-1,-1,0.000000
1441,0,-1,-1,-1,-1,0,-1,-1,-1,-1.000000,-1.000000,183,0,0,0,0,0,-1,-1,-1,0.000000
1442,0,66,-1,-1,4592,1,43,3,4,0.000000,0.000000,81,2,0,0,0,0,66,-1,-1,0.000000
1443,0,-1,-1,-1,-1,0,-1,-1,-1,-1.000000,-1.000000,135,0,0,0,0,0,-1,-1,-1,0.000000
1444,0,-1,-1,-1,-1,0,-1,-1,-1,-1.000000,-1.000000,293,0,0,0,0,0,-1,-1,-1,0.000000
1445,0,-1,-1,-1,-1,0,-1,-1,-1,-1.000000,-1.000000,323,0,0,0,0,0,-1,-1,-1,0.000000
1446,0,-1,-1,-1,-1,0,-1,-1,-1,-1.000000,-1.000000,177,0,0,0,0,0,-1,-1,-1,0.000000
1447,0,-1,-1,-1,-1,0,-1,-1,-1,-1.000000,-1.000000,155,0,0,0,0,0,-1,-1,-1,0.000000
1448,0,-1,-1,-1,-1,0,-1,-1,-1,-1.000000,-1.000000,219,0,0,0,0,0,-1,-1,-1,0.000000
1449,0,-1,-1,-1,-1,0,-1,-1,-1,-1.000000,-1.000000,317,0,0,0,0,0,-1,-1,-1,0.000000
1450,0,-1,-1,-1,-1,0,-1,-1,-1,-1.000000,-1.000000,363,0,0,0,0,0,-1,-1,-1,0.000000
1451,0,-1,-1,-1,-1,0,-1,-1,-1,-1.000000,-1.000000,253,0,0,0,0,0,-1,-1,-1,0.000000
1452,0,-1,-1,-1,-1,0,-1,-1,-1,-1.000000,-1.000000,157,0,0,0,0,0,-1,-1,-1,0.000000
1453,0,-1,-1,-1,-1,0,-1,-1,-1,-1.000000,-1.000000,147,0,0,0,0,0,-1,-1,-1,0.000000
1454,0,-1,-1,-1,-1,0,-1,-1,-1,-1.000000,-1.000000,111,0,0,0,0,0,-1,-1,-1,0.000000
1455,0,-1,-1,-1,-1,0,-1,-1,-1,-1.000000,-1.000000,173,0,0,0,0,0,-1,-1,-1,0.000000
1456,0,-1,-1,-1,-1,0,-1,-1,-1,-1.000000,-1.000000,287,0,0,0,0,0,-1,-1,-1,0.000000
1457,0,-1,-1,-1,-1,0,-1,-1,-1,-1.000000,-1.000000,147,0,0,0,0,0,-1,-1,-1,0.000000
1458,0,33,-1,-1,7151,213,58,3,2,0.000000,0.000000,55,309,0,84,0,84,33,-1,-1,0.000000
1459,0,49,-1,-1,2885,661,50,3,2,0.000000,0.000000,17,786,0,164,0,164,49,-1,-1,0.000000
1460,0,-1,-1,-1,-1,0,-1,-1,-1,-1.000000,-1.000000,144,0,0,0,0,0,-1,-1,-1,0.000000
1461,0,-1,-1,-1,-1,0,-1,-1,-1,-1.000000,-1.000000,127,0,0,0,0,0,-1,-1,-1,0.000000
1462,0,22,-1,-1,5991,751,66,3,2,0.000000,0.000000,41,780,0,195,0,195,22,-1,-1,0.000000
1463,0,-1,-1,-1,-1,0,-1,-1,-1,-1.000000,-1.000000,68,0,0,0,0,0,-1,-1,-1,0.000000
1464,0,-1,-1,-1,-1,0,-1,-1,-1,-1.000000,-1.000000,123,0,0,0,0,0,-1,-1,-1,0.000000
1465,0,-1,-1,-1,-1,0,-1,-1,-1,-1.000000,-1.000000,93,0,0,0,0,0,-1,-1,-1,0.000000
1466,0,-1,-1,-1,-1,0,-1,-1,-1,-1.000000,-1.000000,296,0,0,0,0,0,-1,-1,-1,0.000000
1467,0,-1,-1,-1,-1,0,-1,-1,-1,-1.000000,-1.000000,105,0,0,0,0,0,-1,-1,-1,0.000000
1468,0,95,-1,-1,3815,0,38,3,2,0.000000,0.000000,63,11,0,4,0,4,95,-1,-1,0.000000
1469,0,-1,-1,-1,-1,0,-1,-1,-1,-1.000000,-1.000000,263,0,0,0,0,0,-1,-1,-1,0.000000
1470,0,67,-1,-1,5867,0,43,3,4,0.000000,0.000000,67,4,0,0,0,0,67,-1,-1,0.000000
1471,0,-1,-1,-1,-1,0,-1,-1,-1,-1.000000,-1.000000,229,0,0,0,0,0,-1,-1,-1,0.000000
1472,0,360,-1,-1,753,0,22,3,2,0.000000,0.000000,69,6,0,1,0,1,360,-1,-1,0.000000
1473,0,-1,-1,-1,-1,0,-1,-1,-1,-1.000000,-1.000000,180,0,0,0,0,0,-1,-1,-1,0.000000
1474,0,-1,-1,-1,-1,0,-1,-1,-1,-1.000000,-1.000000,231,0,0,0,0,0,-1,-1,-1,0.000000
1475,0,-1,-1,-1,-1,0,-1,-1,-1,-1.000000,-1.000000,235,0,0,0,0,0,-1,-1,-1,0.000000
1476,0,-1,-1,-1,-1,0,-1,-1,-1,-1.000000,-1.000000,329,0,0,0,0,0,-1,-1,-1,0.000000
1477,0,-1,-1,-1,-1,0,-1,-1,-1,-1.000000,-1.000000,423,0,0,0,0,0,-1,-1,-1,0.000000
1478,0,-1,-1,-1,-1,0,-1,-1,-1,-1.000000,-1.000000,149,0,0,0,0,0,-1,-1,-1,0.000000
1479,0,-1,-1,-1,-1,0,-1,-1,-1,-1.000000,-1.000000,209,0,0,0,0,0,-1,-1,-1,0.000000
1480,0,745,-1,-1,1797,104,16,3,4,0.000000,0.000000,14,142,0,21,0,21,745,-1,-1,0.000000
1481,0,-1,-1,-1,-1,0,-1,-1,-1,-1.000000,-1.000000,181,0,0,0,0,0,-1,-1,-1,0.000000
1482,0,-1,-1,-1,-1,0,-1,-1,-1,-1.000000,-1.000000,399,0,0,0,0,0,-1,-1,-1,0.000000
1483,0,22,-1,-1,2631,486,65,3,4,0.000000,0.000000,47,738,0,217,0,217,22,-1,-1,0.000000
1484,0,-1,-1,-1,-1,0,-1,-1,-1,-1.000000,-1.000000,458,0,0,0,0,0,-1,-1,-1,0.000000
1485,0,29,-1,-1,2006,551,57,3,4,0.000000,0.000000,79,598,0,154,0,154,29,-1,-1,0.000000
1486,0,-1,-1,-1,-1,0,-1,-1,-1,-1.000000,-1.000000,210,0,0,0,0,0,-1,-1,-1,0.000000
1487,0,-1,-1,-1,-1,0,-1,-1,-1,-1.000000,-1.000000,251,0,0,0,0,0,-1,-1,-1,0.000000
1488,0,-1,-1,-1,-1,0,-1,-1,-1,-1.000000,-1.000000,195,0,0,0,0,0,-1,-1,-1,0.000000
1489,0,-1,-1,-1,-1,0,-1,-1,-1,-1.000000,-1.000000,204,0,0,0,0,0,-1,-1,-1,0.000000
1490,0,-1,-1,-1,-1,0,-1,-1,-1,-1.000000,-1.000000,276,0,0,0,0,0,-1,-1,-1,0.000000
1491,0,-1,-1,-1,-1,0,-1,-1,-1,-1.000000,-1.000000,285,0,0,0,0,0,-1,-1,-1,0.000000
1492,0,-1,-1,-1,-1,0,-1,-1,-1,-1.000000,-1.000000,251,0,0,0,0,0,-1,-1,-1,0.000000
1493,0,145,-1,-1,4193,637,35,3,2,0.000000,0.000000,22,767,0,80,0,80,145,-1,-1,0.000000
1494,0,-1,-1,-1,-1,0,-1,-1,-1,-1.000000,-1.000000,333,0,0,0,0,0,-1,-1,-1,0.000000
1495,0,-1,-1,-1,-1,0,-1,-1,-1,-1.000000,-1.000000,425,0,0,0,0,0,-1,-1,-1,0.000000
1496,0,-1,-1,-1,-1,0,-1,-1,-1,-1.000000,-1.000000,322,0,0,0,0,0,-1,-1,-1,0.000000
1497,0,-1,-1,-1,-1,0,-1,-1,-1,-1.000000,-1.000000,253,0,0,0,0,0,-1,-1,-1,0.000000
1498,0,-1,-1,-1,-1,0,-1,-1,-1,-1.000000,-1.000000,221,0,0,0,0,0,-1,-1,-1,0.000000
1499,0,-1,-1,-1,-1,0,-1,-1,-1,-1.000000,-1.000000,415,0,0,0,0,0,-1,-1,-1,0.000000
1500,0,-1,-1,-1,-1,0,-1,-1,-1,-1.000000,-1.000000,498,0,0,0,0,0,-1,-1,-1,0.000000
1501,0,-1,-1,-1,-1,0,-1,-1,-1,-1.000000,-1.000000,372,0,0,0,0,0,-1,-1,-1,0.000000
1502,0,23,-1,-1,7772,658,65,3,4,0.000000,0.000000,67,773,0,185,0,185,23,-1,-1,0.000000
1503,0,-1,-1,-1,-1,0,-1,-1,-1,-1.000000,-1.000000,223,0,0,0,0,0,-1,-1,-1,0.000000
1504,0,-1,-1,-1,-1,0,-1,-1,-1,-1.000000,-1.000000,109,0,0,0,0,0,-1,-1,-1,0.000000
1505,0,-1,-1,-1,-1,0,-1,-1,-1,-1.000000,-1.000000,121,0,0,0,0,0,-1,-1,-1,0.000000
1506,0,-1,-1,-1,-1,0,-1,-1,-1,-1.000000,-1.000000,478,0,0,0,0,0,-1,-1,-1,0.000000
1507,0,-1,-1,-1,-1,0,-1,-1,-1,-1.000000,-1.000000,237,0,0,0,0,0,-1,-1,-1,0.000000
1508,0,-1,-1,-1,-1,0,-1,-1,-1,-1.000000,-1.000000,157,0,0,0,0,0,-1,-1,-1,0.000000
1509,0,-1,-1,-1,-1,0,-1,-1,-1,-1.000000,-1.000000,259,0,0,0,0,0,-1,-1,-1,0.000000
1510,0,571,-1,-1,546,0,17,3,4,0.000000,0.000000,107,1,0,1,0,1,571,-1,-1,0.000000
1511,0,-1,-1,-1,-1,0,-1,-1,-1,-1.000000,-1.000000,214,0,0,0,0,0,-1,-1,-1,0.000000
1512,0,-1,-1,-1,-1,0,-1,-1,-1,-1.000000,-1.000000,335,0,0,0,0,0,-1,-1,-1,0.000000
1513,0,-1,-1,-1,-1,0,-1,-1,-1,-1.000000,-1.000000,142,0,0,0,0,0,-1,-1,-1,0.000000
1514,0,-1,-1,-1,-1,0,-1,-1,-1,-1.000000,-1.000000,93,0,0,0,0,0,-1,-1,-1,0.000000
1515,0,-1,-1,-1,-1,0,-1,-1,-1,-1.000000,-1.000000,279,0,0,0,0,0,-1,-1,-1,0.000000
1516,0,-1,-1,-1,-1,0,-1,-1,-1,-1.000000,-1.000000,89,0,0,0,0,0,-1,-1,-1,0.000000
1517,0,-1,-1,-1,-1,0,-1,-1,-1,-1.000000,-1.000000,213,0,0,0,0,0,-1,-1,-1,0.000000
1518,0,-1,-1,-1,-1,0,-1,-1,-1,-1.000000,-1.000000,233,0,0,0,0,0,-1,-1,-1,0.000000
1519,0,-1,-1,-1,-1,0,-1,-1,-1,-1.000000,-1.000000,340,0,0,0,0,0,-1,-1,-1,0.000000
1520,0,-1,-1,-1,-1,0,-1,-1,-1,-1.000000,-1.000000,213,0,0,0,0,0,-1,-1,-1,0.000000
1521,0,-1,-1,-1,-1,0,-1,-1,-1,-1.000000,-1.000000,211,0,0,0,0,0,-1,-1,-1,0.000000
1522,0,34,-1,-1,1306,746,53,3,4,0.000000,0.000000,45,767,0,198,0,198,34,-1,-1,0.000000
1523,0,28,-1,-1,3023,79,58,3,2,0.000000,0.000000,73,137,0,37,0,37,28,-1,-1,0.000000
1524,0,-1,-1,-1,-1,0,-1,-1,-1,-1.000000,-1.000000,365,0,0,0,0,0,-1,-1,-1,0.000000
1525,0,-1,-1,-1,-1,0,-1,-1,-1,-1.000000,-1.000000,237,0,0,0,0,0,-1,-1,-1,0.000000
1526,0,-1,-1,-1,-1,0,-1,-1,-1,-1.000000,-1.000000,110,0,0,0,0,0,-1,-1,-1,0.000000
1527,0,22,-1,-1,2629,573,65,3,4,0.000000,0.000000,33,765,0,204,0,204,22,-1,-1,0.000000
1528,0,-1,-1,-1,-1,0,-1,-1,-1,-1.000000,-1.000000,127,0,0,0,0,0,-1,-1,-1,0.000000
1529,0,-1,-1,-1,-1,0,-1,-1,-1,-1.000000,-1.000000,251,0,0,0,0,0,-1,-1,-1,0.000000
1530,0,-1,-1,-1,-1,0,-1,-1,-1,-1.000000,-1.000000,464,0,0,0,0,0,-1,-1,-1,0.000000
1531,0,24,-1,-1,1860,658,65,3,4,0.000000,0.000000,35,678,0,147,0,147,24,-1,-1,0.000000
1532,0,-1,-1,-1,-1,0,-1,-1,-1,-1.000000,-1.000000,171,0,0,0,0,0,-1,-1,-1,0.000000
1533,0,-1,-1,-1,-1,0,-1,-1,-1,-1.000000,-1.000000,249,0,0,0,0,0,-1,-1,-1,0.000000
1534,0,28,-1,-1,1045,22,57,3,4,0.000000,0.000000,75,45,0,22,0,22,28,-1,-1,0.000000
1535,0,-1,-1,-1,-1,0,-1,-1,-1,-1.000000,-1.000000,409,0,0,0,0,0,-1,-1,-1,0.000000
1536,0,33,-1,-1,4168,803,56,3,2,0.000000,0.000000,29,777,0,180,0,180,33,-1,-1,0.000000
1537,0,-1,-1,-1,-1,0,-1,-1,-1,-1.000000,-1.000000,287,0,0,0,0,0,-1,-1,-1,0.000000
1538,0,-1,-1,-1,-1,0,-1,-1,-1,-1.000000,-1.000000,328,0,0,0,0,0,-1,-1,-1,0.000000
1539,0,-1,-1,-1,-1,0,-1,-1,-1,-1.000000,-1.000000,369,0,0,0,0,0,-1,-1,-1,0.000000
1540,0,25,-1,-1,6799,420,62,3,2,0.000000,0.000000,51,521,0,129,0,129,25,-1,-1,0.000000
1541,0,-1,-1,-1,-1,0,-1,-1,-1,-1.000000,-1.000000,99,0,0,0,0,0,-1,-1,-1,0.000000
1542,0,-1,-1,-1,-1,0,-1,-1,-1,-1.000000,-1.000000,101,0,0,0,0,0,-1,-1,-1,0.000000
1543,0,-1,-1,-1,-1,0,-1,-1,-1,-1.000000,-1.000000,468,0,0,0,0,0,-1,-1,-1,0.000000
1544,0,-1,-1,-1,-1,0,-1,-1,-1,-1.000000,-1.000000,233,0,0,0,0,0,-1,-1,-1,0.000000
1545,0,-1,-1,-1,-1,0,-1,-1,-1,-1.000000,-1.000000,419,0,0,0,0,0,-1,-1,-1,0.000000
1546,0,-1,-1,-1,-1,0,-1,-1,-1,-1.000000,-1.000000,391,0,0,0,0,0,-1,-1,-1,0.000000
1547,0,32,-1,-1,1624,566,57,3,4,0.000000,0.000000,53,582,0,181,0,181,32,-1,-1,0.000000
1548,0,-1,-1,-1,-1,0,-1,-1,-1,-1.000000,-1.000000,293,0,0,0,0,0,-1,-1,-1,0.000000
1549,0,86,-1,-1,3354,0,42,3,2,0.000000,0.000000,91,2,0,1,0,1,86,-1,-1,0.000000
1550,0,-1,-1,-1,-1,0,-1,-1,-1,-1.000000,-1.000000,389,0,0,0,0,0,-1,-1,-1,0.000000
1551,0,-1,-1,-1,-1,0,-1,-1,-1,-1.000000,-1.000000,313,0,0,0,0,0,-1,-1,-1,0.000000
1552,0,-1,-1,-1,-1,0,-1,-1,-1,-1.000000,-1.000000,285,0,0,0,0,0,-1,-1,-1,0.000000
1553,0,-1,-1,-1,-1,0,-1,-1,-1,-1.000000,-1.000000,442,0,0,0,0,0,-1,-1,-1,0.000000
1554,0,-1,-1,-1,-1,0,-1,-1,-1,-1.000000,-1.000000,482,0,0,0,0,0,-1,-1,-1,0.000000
1555,0,-1,-1,-1,-1,0,-1,-1,-1,-1.000000,-1.000000,371,0,0,0,0,0,-1,-1,-1,0.000000
1556,0,206,-1,-1,5821,1,28,3,4,0.000000,0.000000,96,5,0,2,0,2,206,-1,-1,0.000000
1557,0,-1,-1,-1,-1,0,-1,-1,-1,-1.000000,-1.000000,143,0,0,0,0,0,-1,-1,-1,0.000000
1558,0,-1,-1,-1,-1,0,-1,-1,-1,-1.000000,-1.000000,101,0,0,0,0,0,-1,-1,-1,0.000000
1559,0,-1,-1,-1,-1,0,-1,-1,-1,-1.000000,-1.000000,475,0,0,0,0,0,-1,-1,-1,0.000000
1560,0,-1,-1,-1,-1,0,-1,-1,-1,-1.000000,-1.000000,207,0,0,0,0,0,-1,-1,-1,0.000000
1561,0,-1,-1,-1,-1,0,-1,-1,-1,-1.000000,-1.000000,229,0,0,0,0,0,-1,-1,-1,0.000000
1562,0,-1,-1,-1,-1,0,-1,-1,-1,-1.000000,-1.000000,297,0,0,0,0,0,-1,-1,-1,0.000000
1563,0,-1,-1,-1,-1,0,-1,-1,-1,-1.000000,-1.000000,247,0,0,0,0,0,-1,-1,-1,0.000000
1564,0,-1,-1,-1,-1,0,-1,-1,-1,-1.000000,-1.000000,360,0,0,0,0,0,-1,-1,-1,0.000000
1565,0,-1,-1,-1,-1,0,-1,-1,-1,-1.000000,-1.000000,111,0,0,0,0,0,-1,-1,-1,0.000000
1566,0,-1,-1,-1,-1,0,-1,-1,-1,-1.000000,-1.000000,123,0,0,0,0,0,-1,-1,-1,0.000000
1567,0,-1,-1,-1,-1,0,-1,-1,-1,-1.000000,-1.000000,175,0,0,0,0,0,-1,-1,-1,0.000000
1568,0,-1,-1,-1,-1,0,-1,-1,-1,-1.000000,-1.000000,185,0,0,0,0,0,-1,-1,-1,0.000000
1569,0,38,-1,-1,5959,136,53,3,4,0.000000,0.000000,81,212,0,76,0,76,38,-1,-1,0.000000
1570,0,-1,-1,-1,-1,0,-1,-1,-1,-1.000000,-1.000000,95,0,0,0,0,0,-1,-1,-1,0.000000
1571,0,-1,-1,-1,-1,0,-1,-1,-1,-1.000000,-1.000000,392,0,0,0,0,0,-1,-1,-1,0.000000
1572,0,-1,-1,-1,-1,0,-1,-1,-1,-1.000000,-1.000000,183,0,0,0,0,0,-1,-1,-1,0.000000
1573,0,-1,-1,-1,-1,0,-1,-1,-1,-1.000000,-1.000000,99,0,0,0,0,0,-1,-1,-1,0.000000
1574,0,-1,-1,-1,-1,0,-1,-1,-1,-1.000000,-1.000000,175,0,0,0,0,0,-1,-1,-1,0.000000
1575,0,-1,-1,-1,-1,0,-1,-1,-1,-1.000000,-1.000000,336,0,0,0,0,0,-1,-1,-1,0.000000
1576,0,-1,-1,-1,-1,0,-1,-1,-1,-1.000000,-1.000000,478,0,0,0,0,0,-1,-1,-1,0.000000
1577,0,-1,-1,-1,-1,0,-1,-1,-1,-1.000000,-1.000000,426,0,0,0,0,0,-1,-1,-1,0.000000
1578,0,-1,-1,-1,-1,0,-1,-1,-1,-1.000000,-1.000000,100,0,0,0,0,0,-1,-1,-1,0.000000
1579,0,-1,-1,-1,-1,0,-1,-1,-1,-1.000000,-1.000000,481,0,0,0,0,0,-1,-1,-1,0.000000
1580,0,-1,-1,-1,-1,0,-1,-1,-1,-1.000000,-1.000000,152,0,0,0,0,0,-1,-1,-1,0.000000
1581,0,-1,-1,-1,-1,0,-1,-1,-1,-1.000000,-1.000000,123,0,0,0,0,0,-1,-1,-1,0.000000
1582,0,-1,-1,-1,-1,0,-1,-1,-1,-1.000000,-1.000000,285,0,0,0,0,0,-1,-1,-1,0.000000
1583,0,-1,-1,-1,-1,0,-1,-1,-1,-1.000000,-1.000000,417,0,0,0,0,0,-1,-1,-1,0.000000
1584,0,-1,-1,-1,-1,0,-1,-1,-1,-1.000000,-1.000000,168,0,0,0,0,0,-1,-1,-1,0.000000
1585,0,-1,-1,-1,-1,0,-1,-1,-1,-1.000000,-1.000000,462,0,0,0,0,0,-1,-1,-1,0.000000
1586,0,48,-1,-1,5444,32,51,3,4,0.000000,0.000000,71,82,0,31,0,31,48,-1,-1,0.000000
1587,0,47,-1,-1,4160,454,50,3,4,0.000000,0.000000,74,506,0,211,0,211,47,-1,-1,0.000000
1588,0,-1,-1,-1,-1,0,-1,-1,-1,-1.000000,-1.000000,360,0,0,0,0,0,-1,-1,-1,0.000000
1589,0,-1,-1,-1,-1,0,-1,-1,-1,-1.000000,-1.000000,195,0,0,0,0,0,-1,-1,-1,0.000000
1590,0,-1,-1,-1,-1,0,-1,-1,-1,-1.000000,-1.000000,379,0,0,0,0,0,-1,-1,-1,0.000000
1591,0,-1,-1,-1,-1,0,-1,-1,-1,-1.000000,-1.000000,418,0,0,0,0,0,-1,-1,-1,0.000000
1592,0,-1,-1,-1,-1,0,-1,-1,-1,-1.000000,-1.000000,133,0,0,0,0,0,-1,-1,-1,0.000000
1593,0,-1,-1,-1,-1,0,-1,-1,-1,-1.000000,-1.000000,113,0,0,0,0,0,-1,-1,-1,0.000000
1594,0,-1,-1,-1,-1,0,-1,-1,-1,-1.000000,-1.000000,201,0,0,0,0,0,-1,-1,-1,0.000000
1595,0,-1,-1,-1,-1,0,-1,-1,-1,-1.000000,-1.000000,167,0,0,0,0,0,-1,-1,-1,0.000000
1596,0,-1,-1,-1,-1,0,-1,-1,-1,-1.000000,-1.000000,319,0,0,0,0,0,-1,-1,-1,0.000000
1597,0,-1,-1,-1,-1,0,-1,-1,-1,-1.000000,-1.000000,209,0,0,0,0,0,-1,-1,-1,0.000000
1598,0,-1,-1,-1,-1,0,-1,-1,-1,-1.000000,-1.000000,343,0,0,0,0,0,-1,-1,-1,0.000000
1599,0,-1,-1,-1,-1,0,-1,-1,-1,-1.000000,-1.000000,356,0,0,0,0,0,-1,-1,-1,0.000000
1600,0,-1,-1,-1,-1,0,-1,-1,-1,-1.000000,-1.000000,181,0,0,0,0,0,-1,-1,-1,0.000000
1601,0,-1,-1,-1,-1,0,-1,-1,-1,-1.000000,-1.000000,261,0,0,0,0,0,-1,-1,-1,0.000000
1602,0,-1,-1,-1,-1,0,-1,-1,-1,-1.000000,-1.000000,549,0,0,0,0,0,-1,-1,-1,0.000000
1603,0,-1,-1,-1,-1,0,-1,-1,-1,-1.000000,-1.000000,364,0,0,0,0,0,-1,-1,-1,0.000000
1604,0,-1,-1,-1,-1,0,-1,-1,-1,-1.000000,-1.000000,323,0,0,0,0,0,-1,-1,-1,0.000000
1605,0,-1,-1,-1,-1,0,-1,-1,-1,-1.000000,-1.000000,329,0,0,0,0,0,-1,-1,-1,0.000000
1606,0,-1,-1,-1,-1,0,-1,-1,-1,-1.000000,-1.000000,107,0,0,0,0,0,-1,-1,-1,0.000000
1607,0,73,-1,-1,4034,19,42,3,2,0.000000,0.000000,89,69,0,8,0,8,73,-1,-1,0.000000
1608,0,23,-1,-1,5204,819,64,3,2,0.000000,0.000000,31,765,0,210,0,210,23,-1,-1,0.000000
1609,0,-1,-1,-1,-1,0,-1,-1,-1,-1.000000,-1.000000,279,0,0,0,0,0,-1,-1,-1,0.000000
1610,0,-1,-1,-1,-1,0,-1,-1,-1,-1.000000,-1.000000,298,0,0,0,0,0,-1,-1,-1,0.000000
1611,0,-1,-1,-1,-1,0,-1,-1,-1,-1.000000,-1.000000,115,0,0,0,0,0,-1,-1,-1,0.000000
1612,0,52,-1,-1,3908,4,46,3,2,0.000000,0.000000,89,25,0,9,0,9,52,-1,-1,0.000000
1613,0,-1,-1,-1,-1,0,-1,-1,-1,-1.000000,-1.000000,226,0,0,0,0,0,-1,-1,-1,0.000000
1614,0,-1,-1,-1,-1,0,-1,-1,-1,-1.000000,-1.000000,197,0,0,0,0,0,-1,-1,-1,0.000000
1615,0,-1,-1,-1,-1,0,-1,-1,-1,-1.000000,-1.000000,167,0,0,0,0,0,-1,-1,-1,0.000000
1616,0,24,-1,-1,7565,542,63,3,4,0.000000,0.000000,35,670,0,97,0,97,24,-1,-1,0.000000
1617,0,-1,-1,-1,-1,0,-1,-1,-1,-1.000000,-1.000000,119,0,0,0,0,0,-1,-1,-1,0.000000
1618,0,-1,-1,-1,-1,0,-1,-1,-1,-1.000000,-1.000000,319,0,0,0,0,0,-1,-1,-1,0.000000
1619,0,-1,-1,-1,-1,0,-1,-1,-1,-1.000000,-1.000000,308,0,0,0,0,0,-1,-1,-1,0.000000
1620,0,-1,-1,-1,-1,0,-1,-1,-1,-1.000000,-1.000000,107,0,0,0,0,0,-1,-1,-1,0.000000
1621,0,-1,-1,-1,-1,0,-1,-1,-1,-1.000000,-1.000000,177,0,0,0,0,0,-1,-1,-1,0.000000
1622,0,-1,-1,-1,-1,0,-1,-1,-1,-1.000000,-1.000000,253,0,0,0,0,0,-1,-1,-1,0.000000
1623,0,-1,-1,-1,-1,0,-1,-1,-1,-1.000000,-1.000000,122,0,0,0,0,0,-1,-1,-1,0.000000
1624,0,16,-1,-1,1466,618,69,3,4,0.000000,0.000000,17,730,0,254,0,254,16,-1,-1,0.000000
1625,0,-1,-1,-1,-1,0,-1,-1,-1,-1.000000,-1.000000,265,0,0,0,0,0,-1,-1,-1,0.000000
1626,0,-1,-1,-1,-1,0,-1,-1,-1,-1.000000,-1.000000,454,0,0,0,0,0,-1,-1,-1,0.000000
1627,0,-1,-1,-1,-1,0,-1,-1,-1,-1.000000,-1.000000,173,0,0,0,0,0,-1,-1,-1,0.000000
1628,0,-1,-1,-1,-1,0,-1,-1,-1,-1.000000,-1.000000,225,0,0,0,0,0,-1,-1,-1,0.000000
1629,0,-1,-1,-1,-1,0,-1,-1,-1,-1.000000,-1.000000,335,0,0,0,0,0,-1,-1,-1,0.000000
1630,0,-1,-1,-1,-1,0,-1,-1,-1,-1.000000,-1.000000,387,0,0,0,0,0,-1,-1,-1,0.000000
1631,0,-1,-1,-1,-1,0,-1,-1,-1,-1.000000,-1.000000,271,0,0,0,0,0,-1,-1,-1,0.000000
1632,0,-1,-1,-1,-1,0,-1,-1,-1,-1.000000,-1.000000,412,0,0,0,0,0,-1,-1,-1,0.000000
1633,0,-1,-1,-1,-1,0,-1,-1,-1,-1.000000,-1.000000,253,0,0,0,0,0,-1,-1,-1,0.000000
1634,0,-1,-1,-1,-1,0,-1,-1,-1,-1.000000,-1.000000,241,0,0,0,0,0,-1,-1,-1,0.000000
1635,0,-1,-1,-1,-1,0,-1,-1,-1,-1.000000,-1.000000,301,0,0,0,0,0,-1,-1,-1,0.000000
1636,0,-1,-1,-1,-1,0,-1,-1,-1,-1.000000,-1.000000,204,0,0,0,0,0,-1,-1,-1,0.000000
1637,0,-1,-1,-1,-1,0,-1,-1,-1,-1.000000,-1.000000,161,0,0,0,0,0,-1,-1,-1,0.000000
1638,0,-1,-1,-1,-1,0,-1,-1,-1,-1.000000,-1.000000,201,0,0,0,0,0,-1,-1,-1,0.000000
1639,0,-1,-1,-1,-1,0,-1,-1,-1,-1.000000,-1.000000,133,0,0,0,0,0,-1,-1,-1,0.000000
1640,0,-1,-1,-1,-1,0,-1,-1,-1,-1.000000,-1.000000,231,0,0,0,0,0,-1,-1,-1,0.000000
1641,0,-1,-1,-1,-1,0,-1,-1,-1,-1.000000,-1.000000,325,0,0,0,0,0,-1,-1,-1,0.000000
1642,0,-1,-1,-1,-1,0,-1,-1,-1,-1.000000,-1.000000,494,0,0,0,0,0,-1,-1,-1,0.000000
1643,0,-1,-1,-1,-1,0,-1,-1,-1,-1.000000,-1.000000,112,0,0,0,0,0,-1,-1,-1,0.000000
1644,0,-1,-1,-1,-1,0,-1,-1,-1,-1.000000,-1.000000,352,0,0,0,0,0,-1,-1,-1,0.000000
1645,0,-1,-1,-1,-1,0,-1,-1,-1,-1.000000,-1.000000,263,0,0,0,0,0,-1,-1,-1,0.000000
1646,0,22,-1,-1,3281,636,66,3,2,0.000000,0.000000,15,781,0,197,0,197,22,-1,-1,0.000000
1647,0,-1,-1,-1,-1,0,-1,-1,-1,-1.000000,-1.000000,241,0,0,0,0,0,-1,-1,-1,0.000000
1648,0,29,-1,-1,822,42,56,3,2,0.000000,0.000000,67,122,0,41,0,41,29,-1,-1,0.000000
1649,0,-1,-1,-1,-1,0,-1,-1,-1,-1.000000,-1.000000,65,0,0,0,0,0,-1,-1,-1,0.000000
1650,0,100,-1,-1,4605,58,38,3,4,0.000000,0.000000,64,111,0,42,0,42,100,-1,-1,0.000000
1651,0,-1,-1,-1,-1,0,-1,-1,-1,-1.000000,-1.000000,187,0,0,0,0,0,-1,-1,-1,0.000000
1652,0,-1,-1,-1,-1,0,-1,-1,-1,-1.000000,-1.000000,137,0,0,0,0,0,-1,-1,-1,0.000000
1653,0,-1,-1,-1,-1,0,-1,-1,-1,-1.000000,-1.000000,231,0,0,0,0,0,-1,-1,-1,0.000000
1654,0,-1,-1,-1,-1,0,-1,-1,-1,-1.000000,-1.000000,243,0,0,0,0,0,-1,-1,-1,0.000000
1655,0,82,-1,-1,3430,12,40,3,2,0.000000,0.000000,81,34,0,15,0,15,82,-1,-1,0.000000
1656,0,-1,-1,-1,-1,0,-1,-1,-1,-1.000000,-1.000000,175,0,0,0,0,0,-1,-1,-1,0.000000
1657,0,-1,-1,-1,-1,0,-1,-1,-1,-1.000000,-1.000000,321,0,0,0,0,0,-1,-1,-1,0.000000
1658,0,-1,-1,-1,-1,0,-1,-1,-1,-1.000000,-1.000000,456,0,0,0,0,0,-1,-1,-1,0.000000
1659,0,-1,-1,-1,-1,0,-1,-1,-1,-1.000000,-1.000000,207,0,0,0,0,0,-1,-1,-1,0.000000
1660,0,74,-1,-1,547,163,42,3,2,0.000000,0.000000,83,346,0,44,0,44,74,-1,-1,0.000000
1661,0,187,-1,-1,488,0,30,3,2,0.000000,0.000000,75,1,0,0,0,0,187,-1,-1,0.000000
1662,0,-1,-1,-1,-1,0,-1,-1,-1,-1.000000,-1.000000,227,0,0,0,0,0,-1,-1,-1,0.000000
1663,0,-1,-1,-1,-1,0,-1,-1,-1,-1.000000,-1.000000,111,0,0,0,0,0,-1,-1,-1,0.000000
1664,0,12,-1,-1,6860,640,68,3,2,0.000000,0.000000,37,774,0,208,0,208,12,-1,-1,0.000000
1665,0,-1,-1,-1,-1,0,-1,-1,-1,-1.000000,-1.000000,281,0,0,0,0,0,-1,-1,-1,0.000000
1666,0,-1,-1,-1,-1,0,-1,-1,-1,-1.000000,-1.000000,337,0,0,0,0,0,-1,-1,-1,0.000000
1667,0,-1,-1,-1,-1,0,-1,-1,-1,-1.000000,-1.000000,153,0,0,0,0,0,-1,-1,-1,0.000000
1668,0,-1,-1,-1,-1,0,-1,-1,-1,-1.000000,-1.000000,417,0,0,0,0,0,-1,-1,-1,0.000000
1669,0,-1,-1,-1,-1,0,-1,-1,-1,-1.000000,-1.000000,179,0,0,0,0,0,-1,-1,-1,0.000000
1670,0,-1,-1,-1,-1,0,-1,-1,-1,-1.000000,-1.000000,442,0,0,0,0,0,-1,-1,-1,0.000000
1671,0,-1,-1,-1,-1,0,-1,-1,-1,-1.000000,-1.000000,143,0,0,0,0,0,-1,-1,-1,0.000000
1672,0,15,-1,-1,5898,695,68,3,2,0.000000,0.000000,23,774,0,208,0,208,15,-1,-1,0.000000
1673,0,-1,-1,-1,-1,0,-1,-1,-1,-1.000000,-1.000000,295,0,0,0,0,0,-1,-1,-1,0.000000
1674,0,-1,-1,-1,-1,0,-1,-1,-1,-1.000000,-1.000000,95,0,0,0,0,0,-1,-1,-1,0.000000
1675,0,-1,-1,-1,-1,0,-1,-1,-1,-1.000000,-1.000000,423,0,0,0,0,0,-1,-1,-1,0.000000
1676,0,-1,-1,-1,-1,0,-1,-1,-1,-1.000000,-1.000000,255,0,0,0,0,0,-1,-1,-1,0.000000
1677,0,-1,-1,-1,-1,0,-1,-1,-1,-1.000000,-1.000000,169,0,0,0,0,0,-1,-1,-1,0.000000
1678,0,-1,-1,-1,-1,0,-1,-1,-1,-1.000000,-1.000000,87,0,0,0,0,0,-1,-1,-1,0.000000
1679,0,-1,-1,-1,-1,0,-1,-1,-1,-1.000000,-1.000000,217,0,0,0,0,0,-1,-1,-1,0.000000
1680,0,-1,-1,-1,-1,0,-1,-1,-1,-1.000000,-1.000000,368,0,0,0,0,0,-1,-1,-1,0.000000
1681,0,-1,-1,-1,-1,0,-1,-1,-1,-1.000000,-1.000000,313,0,0,0,0,0,-1,-1,-1,0.000000
1682,0,-1,-1,-1,-1,0,-1,-1,-1,-1.000000,-1.000000,340,0,0,0,0,0,-1,-1,-1,0.000000
1683,0,-1,-1,-1,-1,0,-1,-1,-1,-1.000000,-1.000000,115,0,0,0,0,0,-1,-1,-1,0.000000
1684,0,731,-1,-1,2125,0,15,3,4,0.000000,0.000000,115,3,0,1,0,1,731,-1,-1,0.000000
1685,0,-1,-1,-1,-1,0,-1,-1,-1,-1.000000,-1.000000,156,0,0,0,0,0,-1,-1,-1,0.000000
1686,0,-1,-1,-1,-1,0,-1,-1,-1,-1.000000,-1.000000,169,0,0,0,0,0,-1,-1,-1,0.000000
1687,0,-1,-1,-1,-1,0,-1,-1,-1,-1.000000,-1.000000,411,0,0,0,0,0,-1,-1,-1,0.000000
1688,0,15,-1,-1,3919,659,70,3,2,0.000000,0.000000,13,737,0,247,0,247,15,-1,-1,0.000000
1689,0,262,-1,-1,3617,29,26,3,2,0.000000,0.000000,81,93,0,32,0,32,262,-1,-1,0.000000
1690,0,-1,-1,-1,-1,0,-1,-1,-1,-1.000000,-1.000000,332,0,0,0,0,0,-1,-1,-1,0.000000
1691,0,-1,-1,-1,-1,0,-1,-1,-1,-1.000000,-1.000000,111,0,0,0,0,0,-1,-1,-1,0.000000
1692,0,-1,-1,-1,-1,0,-1,-1,-1,-1.000000,-1.000000,177,0,0,0,0,0,-1,-1,-1,0.000000
1693,0,22,-1,-1,1037,647,65,3,4,0.000000,0.000000,31,801,0,175,0,175,22,-1,-1,0.000000
1694,0,-1,-1,-1,-1,0,-1,-1,-1,-1.000000,-1.000000,193,0,0,0,0,0,-1,-1,-1,0.000000
1695,0,-1,-1,-1,-1,0,-1,-1,-1,-1.000000,-1.000000,71,0,0,0,0,0,-1,-1,-1,0.000000
1696,0,-1,-1,-1,-1,0,-1,-1,-1,-1.000000,-1.000000,311,0,0,0,0,0,-1,-1,-1,0.000000
1697,0,-1,-1,-1,-1,0,-1,-1,-1,-1.000000,-1.000000,153,0,0,0,0,0,-1,-1,-1,0.000000
1698,0,-1,-1,-1,-1,0,-1,-1,-1,-1.000000,-1.000000,155,0,0,0,0,0,-1,-1,-1,0.000000
1699,0,-1,-1,-1,-1,0,-1,-1,-1,-1.000000,-1.000000,424,0,0,0,0,0,-1,-1,-1,0.000000
1700,0,-1,-1,-1,-1,0,-1,-1,-1,-1.000000,-1.000000,187,0,0,0,0,0,-1,-1,-1,0.000000
1701,0,-1,-1,-1,-1,0,-1,-1,-1,-1.000000,-1.000000,167,0,0,0,0,0,-1,-1,-1,0.000000
1702,0,-1,-1,-1,-1,0,-1,-1,-1,-1.000000,-1.000000,179,0,0,0,0,0,-1,-1,-1,0.000000
1703,0,-1,-1,-1,-1,0,-1,-1,-1,-1.000000,-1.000000,209,0,0,0,0,0,-1,-1,-1,0.000000
1704,0,-1,-1,-1,-1,0,-1,-1,-1,-1.000000,-1.000000,175,0,0,0,0,0,-1,-1,-1,0.000000
1705,0,-1,-1,-1,-1,0,-1,-1,-1,-1.000000,-1.000000,215,0,0,0,0,0,-1,-1,-1,0.000000
1706,0,-1,-1,-1,-1,0,-1,-1,-1,-1.000000,-1.000000,416,0,0,0,0,0,-1,-1,-1,0.000000
1707,0,-1,-1,-1,-1,0,-1,-1,-1,-1.000000,-1.000000,364,0,0,0,0,0,-1,-1,-1,0.000000
1708,0,-1,-1,-1,-1,0,-1,-1,-1,-1.000000,-1.000000,227,0,0,0,0,0,-1,-1,-1,0.000000
1709,0,-1,-1,-1,-1,0,-1,-1,-1,-1.000000,-1.000000,295,0,0,0,0,0,-1,-1,-1,0.000000
1710,0,-1,-1,-1,-1,0,-1,-1,-1,-1.000000,-1.000000,301,0,0,0,0,0,-1,-1,-1,0.000000
1711,0,-1,-1,-1,-1,0,-1,-1,-1,-1.000000,-1.000000,115,0,0,0,0,0,-1,-1,-1,0.000000
1712,0,-1,-1,-1,-1,0,-1,-1,-1,-1.000000,-1.000000,427,0,0,0,0,0,-1,-1,-1,0.000000
1713,0,-1,-1,-1,-1,0,-1,-1,-1,-1.000000,-1.000000,273,0,0,0,0,0,-1,-1,-1,0.000000
1714,0,-1,-1,-1,-1,0,-1,-1,-1,-1.000000,-1.000000,382,0,0,0,0,0,-1,-1,-1,0.000000
1715,0,-1,-1,-1,-1,0,-1,-1,-1,-1.000000,-1.000000,275,0,0,0,0,0,-1,-1,-1,0.000000
1716,0,-1,-1,-1,-1,0,-1,-1,-1,-1.000000,-1.000000,247,0,0,0,0,0,-1,-1,-1,0.000000
1717,0,-1,-1,-1,-1,0,-1,-1,-1,-1.000000,-1.000000,317,0,0,0,0,0,-1,-1,-1,0.000000
1718,0,-1,-1,-1,-1,0,-1,-1,-1,-1.000000,-1.000000,321,0,0,0,0,0,-1,-1,-1,0.000000
1719,0,148,-1,-1,7123,635,36,3,2,0.000000,0.000000,29,702,0,139,0,139,148,-1,-1,0.000000
1720,0,409,-1,-1,1803,64,20,3,2,0.000000,0.000000,67,152,0,20,0,20,409,-1,-1,0.000000
1721,0,61,-1,-1,5208,13,44,3,2,0.000000,0.000000,87,52,0,16,0,16,61,-1,-1,0.000000
1722,0,-1,-1,-1,-1,0,-1,-1,-1,-1.000000,-1.000000,502,0,0,0,0,0,-1,-1,-1,0.000000
1723,0,-1,-1,-1,-1,0,-1,-1,-1,-1.000000,-1.000000,365,0,0,0,0,0,-1,-1,-1,0.000000
1724,0,-1,-1,-1,-1,0,-1,-1,-1,-1.000000,-1.000000,289,0,0,0,0,0,-1,-1,-1,0.000000
1725,0,-1,-1,-1,-1,0,-1,-1,-1,-1.000000,-1.000000,303,0,0,0,0,0,-1,-1,-1,0.000000
1726,0,29,-1,-1,354,200,59,3,4,0.000000,0.000000,47,330,0,75,0,75,29,-1,-1,0.000000
1727,0,-1,-1,-1,-1,0,-1,-1,-1,-1.000000,-1.000000,233,0,0,0,0,0,-1,-1,-1,0.000000
1728,0,-1,-1,-1,-1,0,-1,-1,-1,-1.000000,-1.000000,181,0,0,0,0,0,-1,-1,-1,0.000000
1729,0,53,-1,-1,7723,90,47,3,4,0.000000,0.000000,77,170,0,73,0,73,53,-1,-1,0.000000
1730,0,-1,-1,-1,-1,0,-1,-1,-1,-1.000000,-1.000000,367,0,0,0,0,0,-1,-1,-1,0.000000
1731,0,-1,-1,-1,-1,0,-1,-1,-1,-1.000000,-1.000000,133,0,0,0,0,0,-1,-1,-1,0.000000
1732,0,-1,-1,-1,-1,0,-1,-1,-1,-1.000000,-1.000000,151,0,0,0,0,0,-1,-1,-1,0.000000
1733,0,-1,-1,-1,-1,0,-1,-1,-1,-1.000000,-1.000000,367,0,0,0,0,0,-1,-1,-1,0.000000
1734,0,-1,-1,-1,-1,0,-1,-1,-1,-1.000000,-1.000000,155,0,0,0,0,0,-1,-1,-1,0.000000
1735,0,-1,-1,-1,-1,0,-1,-1,-1,-1.000000,-1.000000,332,0,0,0,0,0,-1,-1,-1,0.000000
1736,0,-1,-1,-1,-1,0,-1,-1,-1,-1.000000,-1.000000,283,0,0,0,0,0,-1,-1,-1,0.000000
1737,0,-1,-1,-1,-1,0,-1,-1,-1,-1.000000,-1.000000,139,0,0,0,0,0,-1,-1,-1,0.000000
1738,0,-1,-1,-1,-1,0,-1,-1,-1,-1.000000,-1.000000,482,0,0,0,0,0,-1,-1,-1,0.000000
1739,0,-1,-1,-1,-1,0,-1,-1,-1,-1.000000,-1.000000,289,0,0,0,0,0,-1,-1,-1,0.000000
1740,0,-1,-1,-1,-1,0,-1,-1,-1,-1.000000,-1.000000,250,0,0,0,0,0,-1,-1,-1,0.000000
1741,0,-1,-1,-1,-1,0,-1,-1,-1,-1.000000,-1.000000,135,0,0,0,0,0,-1,-1,-1,0.000000
1742,0,-1,-1,-1,-1,0,-1,-1,-1,-1.000000,-1.000000,373,0,0,0,0,0,-1,-1,-1,0.000000
1743,0,-1,-1,-1,-1,0,-1,-1,-1,-1.000000,-1.000000,223,0,0,0,0,0,-1,-1,-1,0.000000
1744,0,23,-1,-1,1630,800,66,3,2,0.000000,0.000000,43,776,0,195,0,195,23,-1,-1,0.000000
1745,0,41,-1,-1,4875,606,52,3,2,0.000000,0.000000,21,742,0,216,0,216,41,-1,-1,0.000000
1746,0,-1,-1,-1,-1,0,-1,-1,-1,-1.000000,-1.000000,413,0,0,0,0,0,-1,-1,-1,0.000000
1747,0,-1,-1,-1,-1,0,-1,-1,-1,-1.000000,-1.000000,351,0,0,0,0,0,-1,-1,-1,0.000000
1748,0,22,-1,-1,5568,879,66,3,2,0.000000,0.000000,15,753,0,224,0,224,22,-1,-1,0.000000
1749,0,131,-1,-1,6358,20,36,3,2,0.000000,0.000000,81,51,0,22,0,22,131,-1,-1,0.000000
1750,0,-1,-1,-1,-1,0,-1,-1,-1,-1.000000,-1.000000,129,0,0,0,0,0,-1,-1,-1,0.000000
1751,0,-1,-1,-1,-1,0,-1,-1,-1,-1.000000,-1.000000,209,0,0,0,0,0,-1,-1,-1,0.000000
1752,0,-1,-1,-1,-1,0,-1,-1,-1,-1.000000,-1.000000,321,0,0,0,0,0,-1,-1,-1,0.000000
1753,0,26,-1,-1,4874,418,62,3,2,0.000000,0.000000,69,568,0,84,0,84,26,-1,-1,0.000000
1754,0,-1,-1,-1,-1,0,-1,-1,-1,-1.000000,-1.000000,195,0,0,0,0,0,-1,-1,-1,0.000000
1755,0,-1,-1,-1,-1,0,-1,-1,-1,-1.000000,-1.000000,211,0,0,0,0,0,-1,-1,-1,0.000000
1756,0,-1,-1,-1,-1,0,-1,-1,-1,-1.000000,-1.000000,137,0,0,0,0,0,-1,-1,-1,0.000000
1757,0,324,-1,-1,2864,0,25,3,4,0.000000,0.000000,103,1,0,1,0,1,324,-1,-1,0.000000
1758,0,-1,-1,-1,-1,0,-1,-1,-1,-1.000000,-1.000000,346,0,0,0,0,0,-1,-1,-1,0.000000
1759,0,-1,-1,-1,-1,0,-1,-1,-1,-1.000000,-1.000000,415,0,0,0,0,0,-1,-1,-1,0.000000
1760,0,22,-1,-1,6324,638,68,3,2,0.000000,0.000000,19,740,0,238,0,238,22,-1,-1,0.000000
1761,0,-1,-1,-1,-1,0,-1,-1,-1,-1.000000,-1.000000,186,0,0,0,0,0,-1,-1,-1,0.000000
1762,0,-1,-1,-1,-1,0,-1,-1,-1,-1.000000,-1.000000,127,0,0,0,0,0,-1,-1,-1,0.000000
1763,0,-1,-1,-1,-1,0,-1,-1,-1,-1.000000,-1.000000,191,0,0,0,0,0,-1,-1,-1,0.000000
1764,0,-1,-1,-1,-1,0,-1,-1,-1,-1.000000,-1.000000,217,0,0,0,0,0,-1,-1,-1,0.000000
1765,0,-1,-1,-1,-1,0,-1,-1,-1,-1.000000,-1.000000,143,0,0,0,0,0,-1,-1,-1,0.000000
1766,0,-1,-1,-1,-1,0,-1,-1,-1,-1.000000,-1.000000,528,0,0,0,0,0,-1,-1,-1,0.000000
1767,0,-1,-1,-1,-1,0,-1,-1,-1,-1.000000,-1.000000,481,0,0,0,0,0,-1,-1,-1,0.000000
1768,0,-1,-1,-1,-1,0,-1,-1,-1,-1.000000,-1.000000,335,0,0,0,0,0,-1,-1,-1,0.000000
1769,0,-1,-1,-1,-1,0,-1,-1,-1,-1.000000,-1.000000,239,0,0,0,0,0,-1,-1,-1,0.000000
1770,0,-1,-1,-1,-1,0,-1,-1,-1,-1.000000,-1.000000,73,0,0,0,0,0,-1,-1,-1,0.000000
1771,0,-1,-1,-1,-1,0,-1,-1,-1,-1.000000,-1.000000,189,0,0,0,0,0,-1,-1,-1,0.000000
1772,0,737,-1,-1,7203,1,15,3,2,0.000000,0.000000,80,5,0,3,0,3,737,-1,-1,0.000000
1773,0,-1,-1,-1,-1,0,-1,-1,-1,-1.000000,-1.000000,189,0,0,0,0,0,-1,-1,-1,0.000000
1774,0,-1,-1,-1,-1,0,-1,-1,-1,-1.000000,-1.000000,380,0,0,0,0,0,-1,-1,-1,0.000000
1775,0,-1,-1,-1,-1,0,-1,-1,-1,-1.000000,-1.000000,554,0,0,0,0,0,-1,-1,-1,0.000000
1776,0,-1,-1,-1,-1,0,-1,-1,-1,-1.000000,-1.000000,141,0,0,0,0,0,-1,-1,-1,0.000000
1777,0,419,-1,-1,4002,261,21,3,4,0.000000,0.000000,73,316,0,61,0,61,419,-1,-1,0.000000
1778,0,-1,-1,-1,-1,0,-1,-1,-1,-1.000000,-1.000000,277,0,0,0,0,0,-1,-1,-1,0.000000
1779,0,-1,-1,-1,-1,0,-1,-1,-1,-1.000000,-1.000000,98,0,0,0,0,0,-1,-1,-1,0.000000
1780,0,48,-1,-1,6582,710,50,3,4,0.000000,0.000000,40,708,0,227,0,227,48,-1,-1,0.000000
1781,0,-1,-1,-1,-1,0,-1,-1,-1,-1.000000,-1.000000,432,0,0,0,0,0,-1,-1,-1,0.000000
1782,0,-1,-1,-1,-1,0,-1,-1,-1,-1.000000,-1.000000,182,0,0,0,0,0,-1,-1,-1,0.000000
1783,0,-1,-1,-1,-1,0,-1,-1,-1,-1.000000,-1.000000,378,0,0,0,0,0,-1,-1,-1,0.000000
1784,0,-1,-1,-1,-1,0,-1,-1,-1,-1.000000,-1.000000,477,0,0,0,0,0,-1,-1,-1,0.000000
1785,0,-1,-1,-1,-1,0,-1,-1,-1,-1.000000,-1.000000,230,0,0,0,0,0,-1,-1,-1,0.000000
1786,0,-1,-1,-1,-1,0,-1,-1,-1,-1.000000,-1.000000,235,0,0,0,0,0,-1,-1,-1,0.000000
1787,0,-1,-1,-1,-1,0,-1,-1,-1,-1.000000,-1.000000,239,0,0,0,0,0,-1,-1,-1,0.000000
1788,0,23,-1,-1,971,711,68,3,2,0.000000,0.000000,9,795,0,182,0,182,23,-1,-1,0.000000
1789,0,-1,-1,-1,-1,0,-1,-1,-1,-1.000000,-1.000000,232,0,0,0,0,0,-1,-1,-1,0.000000
1790,0,-1,-1,-1,-1,0,-1,-1,-1,-1.000000,-1.000000,426,0,0,0,0,0,-1,-1,-1,0.000000
1791,0,-1,-1,-1,-1,0,-1,-1,-1,-1.000000,-1.000000,103,0,0,0,0,0,-1,-1,-1,0.000000
1792,0,-1,-1,-1,-1,0,-1,-1,-1,-1.000000,-1.000000,73,0,0,0,0,0,-1,-1,-1,0.000000
1793,0,-1,-1,-1,-1,0,-1,-1,-1,-1.000000,-1.000000,99,0,0,0,0,0,-1,-1,-1,0.000000
1794,0,-1,-1,-1,-1,0,-1,-1,-1,-1.000000,-1.000000,205,0,0,0,0,0,-1,-1,-1,0.000000
1795,0,-1,-1,-1,-1,0,-1,-1,-1,-1.000000,-1.000000,364,0,0,0,0,0,-1,-1,-1,0.000000
1796,0,-1,-1,-1,-1,0,-1,-1,-1,-1.000000,-1.000000,126,0,0,0,0,0,-1,-1,-1,0.000000
1797,0,-1,-1,-1,-1,0,-1,-1,-1,-1.000000,-1.000000,222,0,0,0,0,0,-1,-1,-1,0.000000
1798,0,-1,-1,-1,-1,0,-1,-1,-1,-1.000000,-1.000000,178,0,0,0,0,0,-1,-1,-1,0.000000
1799,0,-1,-1,-1,-1,0,-1,-1,-1,-1.000000,-1.000000,171,0,0,0,0,0,-1,-1,-1,0.000000
1800,0,-1,-1,-1,-1,0,-1,-1,-1,-1.000000,-1.000000,340,0,0,0,0,0,-1,-1,-1,0.000000
1801,0,-1,-1,-1,-1,0,-1,-1,-1,-1.000000,-1.000000,131,0,0,0,0,0,-1,-1,-1,0.000000
1802,0,393,-1,-1,4368,0,21,3,4,0.000000,0.000000,67,2,0,0,0,0,393,-1,-1,0.000000
1803,0,-1,-1,-1,-1,0,-1,-1,-1,-1.000000,-1.000000,241,0,0,0,0,0,-1,-1,-1,0.000000
1804,0,-1,-1,-1,-1,0,-1,-1,-1,-1.000000,-1.000000,109,0,0,0,0,0,-1,-1,-1,0.000000
1805,0,-1,-1,-1,-1,0,-1,-1,-1,-1.000000,-1.000000,359,0,0,0,0,0,-1,-1,-1,0.000000
1806,0,110,-1,-1,4109,1,37,3,2,0.000000,0.000000,106,18,0,7,0,7,110,-1,-1,0.000000
1807,0,-1,-1,-1,-1,0,-1,-1,-1,-1.000000,-1.000000,375,0,0,0,0,0,-1,-1,-1,0.000000
1808,0,243,-1,-1,747,0,26,3,2,0.000000,0.000000,93,0,0,1,0,1,243,-1,-1,0.000000
1809,0,27,-1,-1,2342,778,60,3,2,0.000000,0.000000,41,708,0,229,0,229,27,-1,-1,0.000000
1810,0,-1,-1,-1,-1,0,-1,-1,-1,-1.000000,-1.000000,118,0,0,0,0,0,-1,-1,-1,0.000000
1811,0,-1,-1,-1,-1,0,-1,-1,-1,-1.000000,-1.000000,99,0,0,0,0,0,-1,-1,-1,0.000000
1812,0,-1,-1,-1,-1,0,-1,-1,-1,-1.000000,-1.000000,446,0,0,0,0,0,-1,-1,-1,0.000000
1813,0,-1,-1,-1,-1,0,-1,-1,-1,-1.000000,-1.000000,204,0,0,0,0,0,-1,-1,-1,0.000000
1814,0,-1,-1,-1,-1,0,-1,-1,-1,-1.000000,-1.000000,388,0,0,0,0,0,-1,-1,-1,0.000000
1815,0,-1,-1,-1,-1,0,-1,-1,-1,-1.000000,-1.000000,403,0,0,0,0,0,-1,-1,-1,0.000000
1816,0,-1,-1,-1,-1,0,-1,-1,-1,-1.000000,-1.000000,401,0,0,0,0,0,-1,-1,-1,0.000000
1817,0,-1,-1,-1,-1,0,-1,-1,-1,-1.000000,-1.000000,215,0,0,0,0,0,-1,-1,-1,0.000000
1818,0,68,-1,-1,5437,11,43,3,4,0.000000,0.000000,81,46,0,17,0,17,68,-1,-1,0.000000
1819,0,-1,-1,-1,-1,0,-1,-1,-1,-1.000000,-1.000000,185,0,0,0,0,0,-1,-1,-1,0.000000
1820,0,-1,-1,-1,-1,0,-1,-1,-1,-1.000000,-1.000000,295,0,0,0,0,0,-1,-1,-1,0.000000
1821,0,-1,-1,-1,-1,0,-1,-1,-1,-1.000000,-1.000000,485,0,0,0,0,0,-1,-1,-1,0.000000
1822,0,-1,-1,-1,-1,0,-1,-1,-1,-1.000000,-1.000000,215,0,0,0,0,0,-1,-1,-1,0.000000
1823,0,-1,-1,-1,-1,0,-1,-1,-1,-1.000000,-1.000000,464,0,0,0,0,0,-1,-1,-1,0.000000
1824,0,-1,-1,-1,-1,0,-1,-1,-1,-1.000000,-1.000000,167,0,0,0,0,0,-1,-1,-1,0.000000
1825,0,108,-1,-1,2678,459,38,3,4,0.000000,0.000000,70,648,0,125,0,125,108,-1,-1,0.000000
1826,0,24,-1,-1,2687,680,63,3,4,0.000000,0.000000,39,722,0,182,0,182,24,-1,-1,0.000000
1827,0,-1,-1,-1,-1,0,-1,-1,-1,-1.000000,-1.000000,111,0,0,0,0,0,-1,-1,-1,0.000000
1828,0,-1,-1,-1,-1,0,-1,-1,-1,-1.000000,-1.000000,199,0,0,0,0,0,-1,-1,-1,0.000000
1829,0,26,-1,-1,4463,795,60,3,2,0.000000,0.000000,37,719,0,245,0,245,26,-1,-1,0.000000
1830,0,-1,-1,-1,-1,0,-1,-1,-1,-1.000000,-1.000000,259,0,0,0,0,0,-1,-1,-1,0.000000
1831,0,-1,-1,-1,-1,0,-1,-1,-1,-1.000000,-1.000000,225,0,0,0,0,0,-1,-1,-1,0.000000
1832,0,24,-1,-1,2219,528,62,3,2,0.000000,0.000000,69,594,0,176,0,176,24,-1,-1,0.000000
1833,0,203,-1,-1,4157,0,29,3,2,0.000000,0.000000,116,4,0,1,0,1,203,-1,-1,0.000000
1834,0,65,-1,-1,5268,27,45,3,4,0.000000,0.000000,77,76,0,39,0,39,65,-1,-1,0.000000
1835,0,-1,-1,-1,-1,0,-1,-1,-1,-1.000000,-1.000000,183,0,0,0,0,0,-1,-1,-1,0.000000
1836,0,48,-1,-1,2287,644,49,3,4,0.000000,0.000000,33,692,0,171,0,171,48,-1,-1,0.000000
1837,0,-1,-1,-1,-1,0,-1,-1,-1,-1.000000,-1.000000,131,0,0,0,0,0,-1,-1,-1,0.000000
1838,0,-1,-1,-1,-1,0,-1,-1,-1,-1.000000,-1.000000,115,0,0,0,0,0,-1,-1,-1,0.000000
1839,0,124,-1,-1,3214,0,35,3,4,0.000000,0.000000,79,2,0,2,0,2,124,-1,-1,0.000000
1840,0,-1,-1,-1,-1,0,-1,-1,-1,-1.000000,-1.000000,295,0,0,0,0,0,-1,-1,-1,0.000000
1841,0,29,-1,-1,4116,749,58,3,2,0.000000,0.000000,63,699,0,219,0,219,29,-1,-1,0.000000
1842,0,-1,-1,-1,-1,0,-1,-1,-1,-1.000000,-1.000000,337,0,0,0,0,0,-1,-1,-1,0.000000
1843,0,-1,-1,-1,-1,0,-1,-1,-1,-1.000000,-1.000000,201,0,0,0,0,0,-1,-1,-1,0.000000
1844,0,-1,-1,-1,-1,0,-1,-1,-1,-1.000000,-1.000000,347,0,0,0,0,0,-1,-1,-1,0.000000
1845,0,-1,-1,-1,-1,0,-1,-1,-1,-1.000000,-1.000000,66,0,0,0,0,0,-1,-1,-1,0.000000
1846,0,-1,-1,-1,-1,0,-1,-1,-1,-1.000000,-1.000000,183,0,0,0,0,0,-1,-1,-1,0.000000
1847,0,-1,-1,-1,-1,0,-1,-1,-1,-1.000000,-1.000000,241,0,0,0,0,0,-1,-1,-1,0.000000
1848,0,-1,-1,-1,-1,0,-1,-1,-1,-1.000000,-1.000000,224,0,0,0,0,0,-1,-1,-1,0.000000
1849,0,384,-1,-1,2633,196,21,3,2,0.000000,0.000000,50,352,0,40,0,40,384,-1,-1,0.000000
1850,0,-1,-1,-1,-1,0,-1,-1,-1,-1.000000,-1.000000,103,0,0,0,0,0,-1,-1,-1,0.000000
1851,0,-1,-1,-1,-1,0,-1,-1,-1,-1.000000,-1.000000,107,0,0,0,0,0,-1,-1,-1,0.000000
1852,0,-1,-1,-1,-1,0,-1,-1,-1,-1.000000,-1.000000,489,0,0,0,0,0,-1,-1,-1,0.000000
1853,0,-1,-1,-1,-1,0,-1,-1,-1,-1.000000,-1.000000,113,0,0,0,0,0,-1,-1,-1,0.000000
1854,0,-1,-1,-1,-1,0,-1,-1,-1,-1.000000,-1.000000,287,0,0,0,0,0,-1,-1,-1,0.000000
1855,0,-1,-1,-1,-1,0,-1,-1,-1,-1.000000,-1.000000,195,0,0,0,0,0,-1,-1,-1,0.000000
1856,0,-1,-1,-1,-1,0,-1,-1,-1,-1.000000,-1.000000,139,0,0,0,0,0,-1,-1,-1,0.000000
1857,0,-1,-1,-1,-1,0,-1,-1,-1,-1.000000,-1.000000,287,0,0,0,0,0,-1,-1,-1,0.000000
1858,0,-1,-1,-1,-1,0,-1,-1,-1,-1.000000,-1.000000,129,0,0,0,0,0,-1,-1,-1,0.000000
1859,0,-1,-1,-1,-1,0,-1,-1,-1,-1.000000,-1.000000,422,0,0,0,0,0,-1,-1,-1,0.000000
1860,0,-1,-1,-1,-1,0,-1,-1,-1,-1.000000,-1.000000,153,0,0,0,0,0,-1,-1,-1,0.000000
1861,0,-1,-1,-1,-1,0,-1,-1,-1,-1.000000,-1.000000,318,0,0,0,0,0,-1,-1,-1,0.000000
1862,0,-1,-1,-1,-1,0,-1,-1,-1,-1.000000,-1.000000,355,0,0,0,0,0,-1,-1,-1,0.000000
1863,0,-1,-1,-1,-1,0,-1,-1,-1,-1.000000,-1.000000,100,0,0,0,0,0,-1,-1,-1,0.000000
1864,0,-1,-1,-1,-1,0,-1,-1,-1,-1.000000,-1.000000,245,0,0,0,0,0,-1,-1,-1,0.000000
1865,0,-1,-1,-1,-1,0,-1,-1,-1,-1.000000,-1.000000,199,0,0,0,0,0,-1,-1,-1,0.000000
1866,0,-1,-1,-1,-1,0,-1,-1,-1,-1.000000,-1.000000,93,0,0,0,0,0,-1,-1,-1,0.000000
1867,0,-1,-1,-1,-1,0,-1,-1,-1,-1.000000,-1.000000,225,0,0,0,0,0,-1,-1,-1,0.000000
1868,0,38,-1,-1,7383,1,54,3,2,0.000000,0.000000,77,20,0,5,0,5,38,-1,-1,0.000000
1869,0,-1,-1,-1,-1,0,-1,-1,-1,-1.000000,-1.000000,387,0,0,0,0,0,-1,-1,-1,0.000000
1870,0,-1,-1,-1,-1,0,-1,-1,-1,-1.000000,-1.000000,93,0,0,0,0,0,-1,-1,-1,0.000000
1871,0,28,-1,-1,5165,517,57,3,4,0.000000,0.000000,51,569,0,208,0,208,28,-1,-1,0.000000
1872,0,-1,-1,-1,-1,0,-1,-1,-1,-1.000000,-1.000000,159,0,0,0,0,0,-1,-1,-1,0.000000
1873,0,25,-1,-1,5756,738,61,3,4,0.000000,0.000000,25,701,0,163,0,163,25,-1,-1,0.000000
1874,0,-1,-1,-1,-1,0,-1,-1,-1,-1.000000,-1.000000,138,0,0,0,0,0,-1,-1,-1,0.000000
1875,0,-1,-1,-1,-1,0,-1,-1,-1,-1.000000,-1.000000,231,0,0,0,0,0,-1,-1,-1,0.000000
1876,0,-1,-1,-1,-1,0,-1,-1,-1,-1.000000,-1.000000,525,0,0,0,0,0,-1,-1,-1,0.000000
1877,0,-1,-1,-1,-1,0,-1,-1,-1,-1.000000,-1.000000,363,0,0,0,0,0,-1,-1,-1,0.000000
1878,0,-1,-1,-1,-1,0,-1,-1,-1,-1.000000,-1.000000,131,0,0,0,0,0,-1,-1,-1,0.000000
1879,0,24,-1,-1,7043,761,62,3,2,0.000000,0.000000,55,746,0,186,0,186,24,-1,-1,0.000000
1880,0,-1,-1,-1,-1,0,-1,-1,-1,-1.000000,-1.000000,141,0,0,0,0,0,-1,-1,-1,0.000000
1881,0,-1,-1,-1,-1,0,-1,-1,-1,-1.000000,-1.000000,249,0,0,0,0,0,-1,-1,-1,0.000000
1882,0,-1,-1,-1,-1,0,-1,-1,-1,-1.000000,-1.000000,125,0,0,0,0,0,-1,-1,-1,0.000000
1883,0,-1,-1,-1,-1,0,-1,-1,-1,-1.000000,-1.000000,251,0,0,0,0,0,-1,-1,-1,0.000000
1884,0,-1,-1,-1,-1,0,-1,-1,-1,-1.000000,-1.000000,377,0,0,0,0,0,-1,-1,-1,0.000000
1885,0,60,-1,-1,7550,709,47,3,2,0.000000,0.000000,34,708,0,160,0,160,60,-1,-1,0.000000
1886,0,-1,-1,-1,-1,0,-1,-1,-1,-1.000000,-1.000000,395,0,0,0,0,0,-1,-1,-1,0.000000
1887,0,23,-1,-1,3089,710,64,3,2,0.000000,0.000000,27,811,0,163,0,163,23,-1,-1,0.000000
1888,0,-1,-1,-1,-1,0,-1,-1,-1,-1.000000,-1.000000,231,0,0,0,0,0,-1,-1,-1,0.000000
1889,0,-1,-1,-1,-1,0,-1,-1,-1,-1.000000,-1.000000,479,0,0,0,0,0,-1,-1,-1,0.000000
1890,0,-1,-1,-1,-1,0,-1,-1,-1,-1.000000,-1.000000,371,0,0,0,0,0,-1,-1,-1,0.000000
1891,0,-1,-1,-1,-1,0,-1,-1,-1,-1.000000,-1.000000,253,0,0,0,0,0,-1,-1,-1,0.000000
1892,0,-1,-1,-1,-1,0,-1,-1,-1,-1.000000,-1.000000,287,0,0,0,0,0,-1,-1,-1,0.000000
1893,0,-1,-1,-1,-1,0,-1,-1,-1,-1.000000,-1.000000,399,0,0,0,0,0,-1,-1,-1,0.000000
1894,0,191,-1,-1,1022,487,31,3,2,0.000000,0.000000,26,677,0,53,0,53,191,-1,-1,0.000000
1895,0,-1,-1,-1,-1,0,-1,-1,-1,-1.000000,-1.000000,114,0,0,0,0,0,-1,-1,-1,0.000000
1896,0,-1,-1,-1,-1,0,-1,-1,-1,-1.000000,-1.000000,176,0,0,0,0,0,-1,-1,-1,0.000000
1897,0,-1,-1,-1,-1,0,-1,-1,-1,-1.000000,-1.000000,235,0,0,0,0,0,-1,-1,-1,0.000000
1898,0,-1,-1,-1,-1,0,-1,-1,-1,-1.000000,-1.000000,427,0,0,0,0,0,-1,-1,-1,0.000000
1899,0,-1,-1,-1,-1,0,-1,-1,-1,-1.000000,-1.000000,135,0,0,0,0,0,-1,-1,-1,0.000000
1900,0,394,-1,-1,1241,1,21,3,2,0.000000,0.000000,62,12,0,3,0,3,394,-1,-1,0.000000
1901,0,-1,-1,-1,-1,0,-1,-1,-1,-1.000000,-1.000000,228,0,0,0,0,0,-1,-1,-1,0.000000
1902,0,-1,-1,-1,-1,0,-1,-1,-1,-1.000000,-1.000000,263,0,0,0,0,0,-1,-1,-1,0.000000
1903,0,-1,-1,-1,-1,0,-1,-1,-1,-1.000000,-1.000000,146,0,0,0,0,0,-1,-1,-1,0.000000
1904,0,43,-1,-1,4881,93,50,3,2,0.000000,0.000000,67,214,0,62,0,62,43,-1,-1,0.000000
1905,0,49,-1,-1,4643,54,48,3,2,0.000000,0.000000,67,130,0,41,0,41,49,-1,-1,0.000000
1906,0,-1,-1,-1,-1,0,-1,-1,-1,-1.000000,-1.000000,153,0,0,0,0,0,-1,-1,-1,0.000000
1907,0,-1,-1,-1,-1,0,-1,-1,-1,-1.000000,-1.000000,372,0,0,0,0,0,-1,-1,-1,0.000000
1908,0,24,-1,-1,1273,669,62,3,2,0.000000,0.000000,51,641,0,270,0,270,24,-1,-1,0.000000
1909,0,-1,-1,-1,-1,0,-1,-1,-1,-1.000000,-1.000000,147,0,0,0,0,0,-1,-1,-1,0.000000
1910,0,-1,-1,-1,-1,0,-1,-1,-1,-1.000000,-1.000000,407,0,0,0,0,0,-1,-1,-1,0.000000
1911,0,-1,-1,-1,-1,0,-1,-1,-1,-1.000000,-1.000000,113,0,0,0,0,0,-1,-1,-1,0.000000
1912,0,-1,-1,-1,-1,0,-1,-1,-1,-1.000000,-1.000000,125,0,0,0,0,0,-1,-1,-1,0.000000
1913,0,-1,-1,-1,-1,0,-1,-1,-1,-1.000000,-1.000000,34,0,0,0,0,0,-1,-1,-1,0.000000
1914,0,-1,-1,-1,-1,0,-1,-1,-1,-1.000000,-1.000000,173,0,0,0,0,0,-1,-1,-1,0.000000
1915,0,13,-1,-1,7661,677,68,3,2,0.000000,0.000000,25,702,0,283,0,283,13,-1,-1,0.000000
1916,0,19,-1,-1,945,705,68,3,2,0.000000,0.000000,23,813,0,168,0,168,19,-1,-1,0.000000
1917,0,389,-1,-1,2582,1,23,3,2,0.000000,0.000000,102,8,0,2,0,2,389,-1,-1,0.000000
1918,0,-1,-1,-1,-1,0,-1,-1,-1,-1.000000,-1.000000,104,0,0,0,0,0,-1,-1,-1,0.000000
1919,0,-1,-1,-1,-1,0,-1,-1,-1,-1.000000,-1.000000,277,0,0,0,0,0,-1,-1,-1,0.000000
1920,0,-1,-1,-1,-1,0,-1,-1,-1,-1.000000,-1.000000,191,0,0,0,0,0,-1,-1,-1,0.000000
1921,0,-1,-1,-1,-1,0,-1,-1,-1,-1.000000,-1.000000,197,0,0,0,0,0,-1,-1,-1,0.000000
1922,0,-1,-1,-1,-1,0,-1,-1,-1,-1.000000,-1.000000,259,0,0,0,0,0,-1,-1,-1,0.000000
1923,0,-1,-1,-1,-1,0,-1,-1,-1,-1.000000,-1.000000,458,0,0,0,0,0,-1,-1,-1,0.000000
1924,0,-1,-1,-1,-1,0,-1,-1,-1,-1.000000,-1.000000,393,0,0,0,0,0,-1,-1,-1,0.000000
1925,0,-1,-1,-1,-1,0,-1,-1,-1,-1.000000,-1.000000,355,0,0,0,0,0,-1,-1,-1,0.000000
1926,0,-1,-1,-1,-1,0,-1,-1,-1,-1.000000,-1.000000,440,0,0,0,0,0,-1,-1,-1,0.000000
1927,0,-1,-1,-1,-1,0,-1,-1,-1,-1.000000,-1.000000,151,0,0,0,0,0,-1,-1,-1,0.000000
1928,0,-1,-1,-1,-1,0,-1,-1,-1,-1.000000,-1.000000,497,0,0,0,0,0,-1,-1,-1,0.000000
1929,0,48,-1,-1,6508,4,51,3,4,0.000000,0.000000,71,10,0,4,0,4,48,-1,-1,0.000000
1930,0,-1,-1,-1,-1,0,-1,-1,-1,-1.000000,-1.000000,273,0,0,0,0,0,-1,-1,-1,0.000000
1931,0,28,-1,-1,3159,413,59,3,4,0.000000,0.000000,55,501,0,173,0,173,28,-1,-1,0.000000
1932,0,750,-1,-1,425,134,17,3,2,0.000000,0.000000,8,169,0,27,0,27,750,-1,-1,0.000000
1933,0,418,-1,-1,6979,15,20,3,4,0.000000,0.000000,58,65,0,14,0,14,418,-1,-1,0.000000
1934,0,-1,-1,-1,-1,0,-1,-1,-1,-1.000000,-1.000000,258,0,0,0,0,0,-1,-1,-1,0.000000
1935,0,-1,-1,-1,-1,0,-1,-1,-1,-1.000000,-1.000000,246,0,0,0,0,0,-1,-1,-1,0.000000
1936,0,-1,-1,-1,-1,0,-1,-1,-1,-1.000000,-1.000000,227,0,0,0,0,0,-1,-1,-1,0.000000
1937,0,-1,-1,-1,-1,0,-1,-1,-1,-1.000000,-1.000000,153,0,0,0,0,0,-1,-1,-1,0.000000
1938,0,-1,-1,-1,-1,0,-1,-1,-1,-1.000000,-1.000000,267,0,0,0,0,0,-1,-1,-1,0.000000
1939,0,-1,-1,-1,-1,0,-1,-1,-1,-1.000000,-1.000000,115,0,0,0,0,0,-1,-1,-1,0.000000
1940,0,-1,-1,-1,-1,0,-1,-1,-1,-1.000000,-1.000000,221,0,0,0,0,0,-1,-1,-1,0.000000
1941,0,-1,-1,-1,-1,0,-1,-1,-1,-1.000000,-1.000000,427,0,0,0,0,0,-1,-1,-1,0.000000
1942,0,-1,-1,-1,-1,0,-1,-1,-1,-1.000000,-1.000000,99,0,0,0,0,0,-1,-1,-1,0.000000
1943,0,-1,-1,-1,-1,0,-1,-1,-1,-1.000000,-1.000000,249,0,0,0,0,0,-1,-1,-1,0.000000
1944,0,-1,-1,-1,-1,0,-1,-1,-1,-1.000000,-1.000000,437,0,0,0,0,0,-1,-1,-1,0.000000
1945,0,148,-1,-1,2198,210,33,3,2,0.000000,0.000000,80,315,0,72,0,72,148,-1,-1,0.000000
1946,0,85,-1,-1,4099,62,42,3,2,0.000000,0.000000,63,184,0,30,0,30,85,-1,-1,0.000000
1947,0,-1,-1,-1,-1,0,-1,-1,-1,-1.000000,-1.000000,219,0,0,0,0,0,-1,-1,-1,0.000000
1948,0,-1,-1,-1,-1,0,-1,-1,-1,-1.000000,-1.000000,321,0,0,0,0,0,-1,-1,-1,0.000000
1949,0,-1,-1,-1,-1,0,-1,-1,-1,-1.000000,-1.000000,274,0,0,0,0,0,-1,-1,-1,0.000000
1950,0,3,-1,-1,3009,609,69,3,4,0.000000,0.000000,13,749,0,239,0,239,3,-1,-1,0.000000
1951,0,-1,-1,-1,-1,0,-1,-1,-1,-1.000000,-1.000000,519,0,0,0,0,0,-1,-1,-1,0.000000
1952,0,-1,-1,-1,-1,0,-1,-1,-1,-1.000000,-1.000000,111,0,0,0,0,0,-1,-1,-1,0.000000
1953,0,84,-1,-1,6602,259,40,3,2,0.000000,0.000000,43,416,0,46,0,46,84,-1,-1,0.000000
1954,0,-1,-1,-1,-1,0,-1,-1,-1,-1.000000,-1.000000,180,0,0,0,0,0,-1,-1,-1,0.000000
1955,0,-1,-1,-1,-1,0,-1,-1,-1,-1.000000,-1.000000,223,0,0,0,0,0,-1,-1,-1,0.000000
1956,0,32,-1,-1,5000,513,57,3,4,0.000000,0.000000,75,518,0,185,0,185,32,-1,-1,0.000000
1957,0,-1,-1,-1,-1,0,-1,-1,-1,-1.000000,-1.000000,308,0,0,0,0,0,-1,-1,-1,0.000000
1958,0,34,-1,-1,4626,348,53,3,4,0.000000,0.000000,61,415,0,184,0,184,34,-1,-1,0.000000
1959,0,-1,-1,-1,-1,0,-1,-1,-1,-1.000000,-1.000000,145,0,0,0,0,0,-1,-1,-1,0.000000
1960,0,-1,-1,-1,-1,0,-1,-1,-1,-1.000000,-1.000000,396,0,0,0,0,0,-1,-1,-1,0.000000
1961,0,28,-1,-1,586,587,59,3,2,0.000000,0.000000,82,606,0,190,0,190,28,-1,-1,0.000000
1962,0,-1,-1,-1,-1,0,-1,-1,-1,-1.000000,-1.000000,255,0,0,0,0,0,-1,-1,-1,0.000000
1963,0,-1,-1,-1,-1,0,-1,-1,-1,-1.000000,-1.000000,181,0,0,0,0,0,-1,-1,-1,0.000000
1964,0,-1,-1,-1,-1,0,-1,-1,-1,-1.000000,-1.000000,165,0,0,0,0,0,-1,-1,-1,0.000000
1965,0,34,-1,-1,6776,428,53,3,4,0.000000,0.000000,65,508,0,172,0,172,34,-1,-1,0.000000
1966,0,153,-1,-1,6582,0,34,3,4,0.000000,0.000000,90,4,0,2,0,2,153,-1,-1,0.000000
1967,0,-1,-1,-1,-1,0,-1,-1,-1,-1.000000,-1.000000,359,0,0,0,0,0,-1,-1,-1,0.000000
1968,0,-1,-1,-1,-1,0,-1,-1,-1,-1.000000,-1.000000,168,0,0,0,0,0,-1,-1,-1,0.000000
1969,0,-1,-1,-1,-1,0,-1,-1,-1,-1.000000,-1.000000,109,0,0,0,0,0,-1,-1,-1,0.000000
1970,0,-1,-1,-1,-1,0,-1,-1,-1,-1.000000,-1.000000,256,0,0,0,0,0,-1,-1,-1,0.000000
1971,0,21,-1,-1,3141,546,66,3,2,0.000000,0.000000,27,749,0,230,0,230,21,-1,-1,0.000000
1972,0,-1,-1,-1,-1,0,-1,-1,-1,-1.000000,-1.000000,298,0,0,0,0,0,-1,-1,-1,0.000000
1973,0,-1,-1,-1,-1,0,-1,-1,-1,-1.000000,-1.000000,286,0,0,0,0,0,-1,-1,-1,0.000000
1974,0,-1,-1,-1,-1,0,-1,-1,-1,-1.000000,-1.000000,279,0,0,0,0,0,-1,-1,-1,0.000000
1975,0,-1,-1,-1,-1,0,-1,-1,-1,-1.000000,-1.000000,252,0,0,0,0,0,-1,-1,-1,0.000000
1976,0,-1,-1,-1,-1,0,-1,-1,-1,-1.000000,-1.000000,313,0,0,0,0,0,-1,-1,-1,0.000000
1977,0,29,-1,-1,6132,56,56,3,2,0.000000,0.000000,77,117,0,39,0,39,29,-1,-1,0.000000
1978,0,-1,-1,-1,-1,0,-1,-1,-1,-1.000000,-1.000000,117,0,0,0,0,0,-1,-1,-1,0.000000
1979,0,-1,-1,-1,-1,0,-1,-1,-1,-1.000000,-1.000000,131,0,0,0,0,0,-1,-1,-1,0.000000
1980,0,-1,-1,-1,-1,0,-1,-1,-1,-1.000000,-1.000000,173,0,0,0,0,0,-1,-1,-1,0.000000
1981,0,-1,-1,-1,-1,0,-1,-1,-1,-1.000000,-1.000000,207,0,0,0,0,0,-1,-1,-1,0.000000
1982,0,22,-1,-1,3214,804,65,3,4,0.000000,0.000000,31,777,0,200,0,200,22,-1,-1,0.000000
1983,0,-1,-1,-1,-1,0,-1,-1,-1,-1.000000,-1.000000,439,0,0,0,0,0,-1,-1,-1,0.000000
1984,0,-1,-1,-1,-1,0,-1,-1,-1,-1.000000,-1.000000,310,0,0,0,0,0,-1,-1,-1,0.000000
1985,0,21,-1,-1,2688,664,67,3,4,0.000000,0.000000,23,752,0,227,0,227,21,-1,-1,0.000000
1986,0,22,-1,-1,7069,700,67,3,4,0.000000,0.000000,31,721,0,257,0,257,22,-1,-1,0.000000
1987,0,27,-1,-1,7630,380,61,3,4,0.000000,0.000000,51,500,0,99,0,99,27,-1,-1,0.000000
1988,0,163,-1,-1,7123,234,34,3,4,0.000000,0.000000,66,398,0,67,0,67,163,-1,-1,0.000000
1989,0,-1,-1,-1,-1,0,-1,-1,-1,-1.000000,-1.000000,435,0,0,0,0,0,-1,-1,-1,0.000000
1990,0,-1,-1,-1,-1,0,-1,-1,-1,-1.000000,-1.000000,148,0,0,0,0,0,-1,-1,-1,0.000000
1991,0,-1,-1,-1,-1,0,-1,-1,-1,-1.000000,-1.000000,167,0,0,0,0,0,-1,-1,-1,0.000000
1992,0,23,-1,-1,1944,815,64,3,2,0.000000,0.000000,45,770,0,174,0,174,23,-1,-1,0.000000
1993,0,-1,-1,-1,-1,0,-1,-1,-1,-1.000000,-1.000000,157,0,0,0,0,0,-1,-1,-1,0.000000
1994,0,-1,-1,-1,-1,0,-1,-1,-1,-1.000000,-1.000000,202,0,0,0,0,0,-1,-1,-1,0.000000
1995,0,-1,-1,-1,-1,0,-1,-1,-1,-1.000000,-1.000000,189,0,0,0,0,0,-1,-1,-1,0.000000
1996,0,-1,-1,-1,-1,0,-1,-1,-1,-1.000000,-1.000000,127,0,0,0,0,0,-1,-1,-1,0.000000
1997,0,29,-1,-1,1627,639,57,3,4,0.000000,0.000000,61,652,0,214,0,214,29,-1,-1,0.000000
1998,0,-1,-1,-1,-1,0,-1,-1,-1,-1.000000,-1.000000,295,0,0,0,0,0,-1,-1,-1,0.000000
1999,0,488,-1,-1,326,0,20,3,2,0.000000,0.000000,71,0,0,1,0,1,488,-1,-1,0.000000
2000,0,-1,-1,-1,-1,0,-1,-1,-1,-1.000000,-1.000000,221,0,0,0,0,0,-1,-1,-1,0.000000
2001,0,35,-1,-1,2112,490,52,3,2,0.000000,0.000000,69,519,0,164,0,164,35,-1,-1,0.000000
2002,0,-1,-1,-1,-1,0,-1,-1,-1,-1.000000,-1.000000,187,0,0,0,0,0,-1,-1,-1,0.000000
2003,0,-1,-1,-1,-1,0,-1,-1,-1,-1.000000,-1.000000,113,0,0,0,0,0,-1,-1,-1,0.000000
2004,0,-1,-1,-1,-1,0,-1,-1,-1,-1.000000,-1.000000,344,0,0,0,0,0,-1,-1,-1,0.000000
2005,0,139,-1,-1,7314,0,34,3,2,0.000000,0.000000,91,1,0,0,0,0,139,-1,-1,0.000000
2006,0,6,-1,-1,5847,657,70,3,2,0.000000,0.000000,11,815,0,175,0,175,6,-1,-1,0.000000
2007,0,-1,-1,-1,-1,0,-1,-1,-1,-1.000000,-1.000000,105,0,0,0,0,0,-1,-1,-1,0.000000
2008,0,-1,-1,-1,-1,0,-1,-1,-1,-1.000000,-1.000000,351,0,0,0,0,0,-1,-1,-1,0.000000
2009,0,-1,-1,-1,-1,0,-1,-1,-1,-1.000000,-1.000000,397,0,0,0,0,0,-1,-1,-1,0.000000
2010,0,-1,-1,-1,-1,0,-1,-1,-1,-1.000000,-1.000000,91,0,0,0,0,0,-1,-1,-1,0.000000
2011,0,-1,-1,-1,-1,0,-1,-1,-1,-1.000000,-1.000000,109,0,0,0,0,0,-1,-1,-1,0.000000
2012,0,-1,-1,-1,-1,0,-1,-1,-1,-1.000000,-1.000000,115,0,0,0,0,0,-1,-1,-1,0.000000
2013,0,24,-1,-1,5158,533,66,3,2,0.000000,0.000000,59,594,0,141,0,141,24,-1,-1,0.000000
2014,0,-1,-1,-1,-1,0,-1,-1,-1,-1.000000,-1.000000,117,0,0,0,0,0,-1,-1,-1,0.000000
2015,0,-1,-1,-1,-1,0,-1,-1,-1,-1.000000,-1.000000,331,0,0,0,0,0,-1,-1,-1,0.000000
2016,0,-1,-1,-1,-1,0,-1,-1,-1,-1.000000,-1.000000,353,0,0,0,0,0,-1,-1,-1,0.000000
2017,0,-1,-1,-1,-1,0,-1,-1,-1,-1.000000,-1.000000,185,0,0,0,0,0,-1,-1,-1,0.000000
2018,0,-1,-1,-1,-1,0,-1,-1,-1,-1.000000,-1.000000,305,0,0,0,0,0,-1,-1,-1,0.000000
2019,0,-1,-1,-1,-1,0,-1,-1,-1,-1.000000,-1.000000,131,0,0,0,0,0,-1,-1,-1,0.000000
2020,0,-1,-1,-1,-1,0,-1,-1,-1,-1.000000,-1.000000,491,0,0,0,0,0,-1,-1,-1,0.000000
2021,0,-1,-1,-1,-1,0,-1,-1,-1,-1.000000,-1.000000,179,0,0,0,0,0,-1,-1,-1,0.000000
2022,0,-1,-1,-1,-1,0,-1,-1,-1,-1.000000,-1.000000,418,0,0,0,0,0,-1,-1,-1,0.000000
2023,0,-1,-1,-1,-1,0,-1,-1,-1,-1.000000,-1.000000,97,0,0,0,0,0,-1,-1,-1,0.000000
2024,0,-1,-1,-1,-1,0,-1,-1,-1,-1.000000,-1.000000,355,0,0,0,0,0,-1,-1,-1,0.000000
2025,0,-1,-1,-1,-1,0,-1,-1,-1,-1.000000,-1.000000,331,0,0,0,0,0,-1,-1,-1,0.000000
2026,0,-1,-1,-1,-1,0,-1,-1,-1,-1.000000,-1.000000,275,0,0,0,0,0,-1,-1,-1,0.000000
2027,0,909,-1,-1,7773,0,13,3,4,0.000000,0.000000,83,1,0,0,0,0,909,-1,-1,0.000000
2028,0,110,-1,-1,6482,38,38,3,4,0.000000,0.000000,70,82,0,33,0,33,110,-1,-1,0.000000
2029,0,-1,-1,-1,-1,0,-1,-1,-1,-1.000000,-1.000000,303,0,0,0,0,0,-1,-1,-1,0.000000
2030,0,-1,-1,-1,-1,0,-1,-1,-1,-1.000000,-1.000000,175,0,0,0,0,0,-1,-1,-1,0.000000
2031,0,-1,-1,-1,-1,0,-1,-1,-1,-1.000000,-1.000000,190,0,0,0,0,0,-1,-1,-1,0.000000
2032,0,-1,-1,-1,-1,0,-1,-1,-1,-1.000000,-1.000000,136,0,0,0,0,0,-1,-1,-1,0.000000
2033,0,-1,-1,-1,-1,0,-1,-1,-1,-1.000000,-1.000000,255,0,0,0,0,0,-1,-1,-1,0.000000
2034,0,-1,-1,-1,-1,0,-1,-1,-1,-1.000000,-1.000000,429,0,0,0,0,0,-1,-1,-1,0.000000
2035,0,-1,-1,-1,-1,0,-1,-1,-1,-1.000000,-1.000000,395,0,0,0,0,0,-1,-1,-1,0.000000
2036,0,-1,-1,-1,-1,0,-1,-1,-1,-1.000000,-1.000000,200,0,0,0,0,0,-1,-1,-1,0.000000
2037,0,-1,-1,-1,-1,0,-1,-1,-1,-1.000000,-1.000000,113,0,0,0,0,0,-1,-1,-1,0.000000
2038,0,666,-1,-1,7204,97,17,3,4,0.000000,0.000000,15,202,0,17,0,17,666,-1,-1,0.000000
2039,0,-1,-1,-1,-1,0,-1,-1,-1,-1.000000,-1.000000,143,0,0,0,0,0,-1,-1,-1,0.000000
2040,0,-1,-1,-1,-1,0,-1,-1,-1,-1.000000,-1.000000,153,0,0,0,0,0,-1,-1,-1,0.000000
2041,0,33,-1,-1,6329,34,54,3,2,0.000000,0.000000,107,103,0,32,0,32,33,-1,-1,0.000000
2042,0,-1,-1,-1,-1,0,-1,-1,-1,-1.000000,-1.000000,376,0,0,0,0,0,-1,-1,-1,0.000000
2043,0,-1,-1,-1,-1,0,-1,-1,-1,-1.000000,-1.000000,315,0,0,0,0,0,-1,-1,-1,0.000000
2044,0,-1,-1,-1,-1,0,-1,-1,-1,-1.000000,-1.000000,205,0,0,0,0,0,-1,-1,-1,0.000000
2045,0,-1,-1,-1,-1,0,-1,-1,-1,-1.000000,-1.000000,380,0,0,0,0,0,-1,-1,-1,0.000000
2046,0,-1,-1,-1,-1,0,-1,-1,-1,-1.000000,-1.000000,179,0,0,0,0,0,-1,-1,-1,0.000000
2047,0,-1,-1,-1,-1,0,-1,-1,-1,-1.000000,-1.000000,235,0,0,0,0,0,-1,-1,-1,0.000000
2048,0,-1,-1,-1,-1,0,-1,-1,-1,-1.000000,-1.000000,265,0,0,0,0,0,-1,-1,-1,0.000000
2049,0,-1,-1,-1,-1,0,-1,-1,-1,-1.000000,-1.000000,107,0,0,0,0,0,-1,-1,-1,0.000000
2050,0,-1,-1,-1,-1,0,-1,-1,-1,-1.000000,-1.000000,433,0,0,0,0,0,-1,-1,-1,0.000000
2051,0,-1,-1,-1,-1,0,-1,-1,-1,-1.000000,-1.000000,287,0,0,0,0,0,-1,-1,-1,0.000000
2052,0,-1,-1,-1,-1,0,-1,-1,-1,-1.000000,-1.000000,358,0,0,0,0,0,-1,-1,-1,0.000000
2053,0,-1,-1,-1,-1,0,-1,-1,-1,-1.000000,-1.000000,359,0,0,0,0,0,-1,-1,-1,0.000000
2054,0,60,-1,-1,6359,0,45,3,4,0.000000,0.000000,75,9,0,2,0,2,60,-1,-1,0.000000
2055,0,-1,-1,-1,-1,0,-1,-1,-1,-1.000000,-1.000000,196,0,0,0,0,0,-1,-1,-1,0.000000
2056,0,33,-1,-1,3197,152,55,3,4,0.000000,0.000000,69,233,0,84,0,84,33,-1,-1,0.000000
2057,0,-1,-1,-1,-1,0,-1,-1,-1,-1.000000,-1.000000,179,0,0,0,0,0,-1,-1,-1,0.000000
2058,0,-1,-1,-1,-1,0,-1,-1,-1,-1.000000,-1.000000,173,0,0,0,0,0,-1,-1,-1,0.000000
2059,0,-1,-1,-1,-1,0,-1,-1,-1,-1.000000,-1.000000,149,0,0,0,0,0,-1,-1,-1,0.000000
2060,0,24,-1,-1,1810,514,64,3,2,0.000000,0.000000,51,607,0,93,0,93,24,-1,-1,0.000000
2061,0,-1,-1,-1,-1,0,-1,-1,-1,-1.000000,-1.000000,212,0,0,0,0,0,-1,-1,-1,0.000000
2062,0,30,-1,-1,2544,463,57,3,4,0.000000,0.000000,49,513,0,207,0,207,30,-1,-1,0.000000
2063,0,-1,-1,-1,-1,0,-1,-1,-1,-1.000000,-1.000000,253,0,0,0,0,0,-1,-1,-1,0.000000
2064,0,-1,-1,-1,-1,0,-1,-1,-1,-1.000000,-1.000000,157,0,0,0,0,0,-1,-1,-1,0.000000
2065,0,24,-1,-1,3578,759,63,3,4,0.000000,0.000000,49,753,0,216,0,216,24,-1,-1,0.000000
2066,0,-1,-1,-1,-1,0,-1,-1,-1,-1.000000,-1.000000,125,0,0,0,0,0,-1,-1,-1,0.000000
2067,0,-1,-1,-1,-1,0,-1,-1,-1,-1.000000,-1.000000,328,0,0,0,0,0,-1,-1,-1,0.000000
2068,0,-1,-1,-1,-1,0,-1,-1,-1,-1.000000,-1.000000,316,0,0,0,0,0,-1,-1,-1,0.000000
2069,0,-1,-1,-1,-1,0,-1,-1,-1,-1.000000,-1.000000,246,0,0,0,0,0,-1,-1,-1,0.000000
2070,0,-1,-1,-1,-1,0,-1,-1,-1,-1.000000,-1.000000,319,0,0,0,0,0,-1,-1,-1,0.000000
2071,0,22,-1,-1,3963,773,67,3,4,0.000000,0.000000,33,781,0,197,0,197,22,-1,-1,0.000000
2072,0,-1,-1,-1,-1,0,-1,-1,-1,-1.000000,-1.000000,143,0,0,0,0,0,-1,-1,-1,0.000000
2073,0,-1,-1,-1,-1,0,-1,-1,-1,-1.000000,-1.000000,107,0,0,0,0,0,-1,-1,-1,0.000000
2074,0,-1,-1,-1,-1,0,-1,-1,-1,-1.000000,-1.000000,236,0,0,0,0,0,-1,-1,-1,0.000000
2075,0,-1,-1,-1,-1,0,-1,-1,-1,-1.000000,-1.000000,350,0,0,0,0,0,-1,-1,-1,0.000000
2076,0,-1,-1,-1,-1,0,-1,-1,-1,-1.000000,-1.000000,291,0,0,0,0,0,-1,-1,-1,0.000000
2077,0,-1,-1,-1,-1,0,-1,-1,-1,-1.000000,-1.000000,239,0,0,0,0,0,-1,-1,-1,0.000000
2078,0,105,-1,-1,300,99,37,3,4,0.000000,0.000000,61,203,0,53,0,53,105,-1,-1,0.000000
2079,0,-1,-1,-1,-1,0,-1,-1,-1,-1.000000,-1.000000,332,0,0,0,0,0,-1,-1,-1,0.000000
2080,0,-1,-1,-1,-1,0,-1,-1,-1,-1.000000,-1.000000,195,0,0,0,0,0,-1,-1,-1,0.000000
2081,0,25,-1,-1,2795,627,60,3,2,0.000000,0.000000,43,664,0,164,0,164,25,-1,-1,0.000000
2082,0,36,-1,-1,3282,80,52,3,2,0.000000,0.000000,53,169,0,43,0,43,36,-1,-1,0.000000
2083,0,-1,-1,-1,-1,0,-1,-1,-1,-1.000000,-1.000000,186,0,0,0,0,0,-1,-1,-1,0.000000
2084,0,-1,-1,-1,-1,0,-1,-1,-1,-1.000000,-1.000000,153,0,0,0,0,0,-1,-1,-1,0.000000
2085,0,153,-1,-1,5214,0,32,3,4,0.000000,0.000000,120,1,0,1,0,1,153,-1,-1,0.000000
2086,0,-1,-1,-1,-1,0,-1,-1,-1,-1.000000,-1.000000,255,0,0,0,0,0,-1,-1,-1,0.000000
2087,0,-1,-1,-1,-1,0,-1,-1,-1,-1.000000,-1.000000,269,0,0,0,0,0,-1,-1,-1,0.000000
2088,0,21,-1,-1,4725,703,68,3,2,0.000000,0.000000,25,823,0,154,0,154,21,-1,-1,0.000000
2089,0,-1,-1,-1,-1,0,-1,-1,-1,-1.000000,-1.000000,163,0,0,0,0,0,-1,-1,-1,0.000000
2090,0,23,-1,-1,3013,920,64,3,2,0.000000,0.000000,25,764,0,211,0,211,23,-1,-1,0.000000
2091,0,24,-1,-1,7890,477,62,3,2,0.000000,0.000000,61,555,0,152,0,152,24,-1,-1,0.000000
2092,0,25,-1,-1,4924,644,61,3,4,0.000000,0.000000,53,670,0,208,0,208,25,-1,-1,0.000000
2093,0,-1,-1,-1,-1,0,-1,-1,-1,-1.000000,-1.000000,159,0,0,0,0,0,-1,-1,-1,0.000000
2094,0,-1,-1,-1,-1,0,-1,-1,-1,-1.000000,-1.000000,95,0,0,0,0,0,-1,-1,-1,0.000000
2095,0,-1,-1,-1,-1,0,-1,-1,-1,-1.000000,-1.000000,123,0,0,0,0,0,-1,-1,-1,0.000000
2096,0,-1,-1,-1,-1,0,-1,-1,-1,-1.000000,-1.000000,371,0,0,0,0,0,-1,-1,-1,0.000000
2097,0,-1,-1,-1,-1,0,-1,-1,-1,-1.000000,-1.000000,257,0,0,0,0,0,-1,-1,-1,0.000000
2098,0,-1,-1,-1,-1,0,-1,-1,-1,-1.000000,-1.000000,455,0,0,0,0,0,-1,-1,-1,0.000000
2099,0,-1,-1,-1,-1,0,-1,-1,-1,-1.000000,-1.000000,282,0,0,0,0,0,-1,-1,-1,0.000000
2100,0,-1,-1,-1,-1,0,-1,-1,-1,-1.000000,-1.000000,463,0,0,0,0,0,-1,-1,-1,0.000000
2101,0,-1,-1,-1,-1,0,-1,-1,-1,-1.000000,-1.000000,169,0,0,0,0,0,-1,-1,-1,0.000000
2102,0,-1,-1,-1,-1,0,-1,-1,-1,-1.000000,-1.000000,235,0,0,0,0,0,-1,-1,-1,0.000000
2103,0,29,-1,-1,2092,793,57,3,4,0.000000,0.000000,65,745,0,196,0,196,29,-1,-1,0.000000
2104,0,-1,-1,-1,-1,0,-1,-1,-1,-1.000000,-1.000000,410,0,0,0,0,0,-1,-1,-1,0.000000
2105,0,-1,-1,-1,-1,0,-1,-1,-1,-1.000000,-1.000000,265,0,0,0,0,0,-1,-1,-1,0.000000
2106,0,122,-1,-1,3153,0,37,3,4,0.000000,0.000000,89,1,0,1,0,1,122,-1,-1,0.000000
2107,0,-1,-1,-1,-1,0,-1,-1,-1,-1.000000,-1.000000,394,0,0,0,0,0,-1,-1,-1,0.000000
2108,0,-1,-1,-1,-1,0,-1,-1,-1,-1.000000,-1.000000,287,0,0,0,0,0,-1,-1,-1,0.000000
2109,0,-1,-1,-1,-1,0,-1,-1,-1,-1.000000,-1.000000,86,0,0,0,0,0,-1,-1,-1,0.000000
2110,0,24,-1,-1,6605,786,66,3,2,0.000000,0.000000,45,780,0,161,0,161,24,-1,-1,0.000000
2111,0,-1,-1,-1,-1,0,-1,-1,-1,-1.000000,-1.000000,205,0,0,0,0,0,-1,-1,-1,0.000000
2112,0,-1,-1,-1,-1,0,-1,-1,-1,-1.000000,-1.000000,241,0,0,0,0,0,-1,-1,-1,0.000000
2113,0,-1,-1,-1,-1,0,-1,-1,-1,-1.000000,-1.000000,247,0,0,0,0,0,-1,-1,-1,0.000000
2114,0,-1,-1,-1,-1,0,-1,-1,-1,-1.000000,-1.000000,445,0,0,0,0,0,-1,-1,-1,0.000000
2115,0,-1,-1,-1,-1,0,-1,-1,-1,-1.000000,-1.000000,165,0,0,0,0,0,-1,-1,-1,0.000000
2116,0,-1,-1,-1,-1,0,-1,-1,-1,-1.000000,-1.000000,169,0,0,0,0,0,-1,-1,-1,0.000000
2117,0,-1,-1,-1,-1,0,-1,-1,-1,-1.000000,-1.000000,151,0,0,0,0,0,-1,-1,-1,0.000000
2118,0,-1,-1,-1,-1,0,-1,-1,-1,-1.000000,-1.000000,177,0,0,0,0,0,-1,-1,-1,0.000000
2119,0,35,-1,-1,547,299,55,3,4,0.000000,0.000000,61,441,0,116,0,116,35,-1,-1,0.000000
2120,0,38,-1,-1,3197,71,55,3,4,0.000000,0.000000,77,120,0,35,0,35,38,-1,-1,0.000000
2121,0,-1,-1,-1,-1,0,-1,-1,-1,-1.000000,-1.000000,235,0,0,0,0,0,-1,-1,-1,0.000000
2122,0,-1,-1,-1,-1,0,-1,-1,-1,-1.000000,-1.000000,321,0,0,0,0,0,-1,-1,-1,0.000000
2123,0,-1,-1,-1,-1,0,-1,-1,-1,-1.000000,-1.000000,175,0,0,0,0,0,-1,-1,-1,0.000000
2124,0,-1,-1,-1,-1,0,-1,-1,-1,-1.000000,-1.000000,351,0,0,0,0,0,-1,-1,-1,0.000000
2125,0,58,-1,-1,2270,2,45,3,4,0.000000,0.000000,75,12,0,8,0,8,58,-1,-1,0.000000
2126,0,-1,-1,-1,-1,0,-1,-1,-1,-1.000000,-1.000000,462,0,0,0,0,0,-1,-1,-1,0.000000
2127,0,-1,-1,-1,-1,0,-1,-1,-1,-1.000000,-1.000000,121,0,0,0,0,0,-1,-1,-1,0.000000
2128,0,-1,-1,-1,-1,0,-1,-1,-1,-1.000000,-1.000000,131,0,0,0,0,0,-1,-1,-1,0.000000
2129,0,-1,-1,-1,-1,0,-1,-1,-1,-1.000000,-1.000000,384,0,0,0,0,0,-1,-1,-1,0.000000
2130,0,-1,-1,-1,-1,0,-1,-1,-1,-1.000000,-1.000000,277,0,0,0,0,0,-1,-1,-1,0.000000
2131,0,-1,-1,-1,-1,0,-1,-1,-1,-1.000000,-1.000000,161,0,0,0,0,0,-1,-1,-1,0.000000
2132,0,-1,-1,-1,-1,0,-1,-1,-1,-1.000000,-1.000000,273,0,0,0,0,0,-1,-1,-1,0.000000
2133,0,-1,-1,-1,-1,0,-1,-1,-1,-1.000000,-1.000000,384,0,0,0,0,0,-1,-1,-1,0.000000
2134,0,-1,-1,-1,-1,0,-1,-1,-1,-1.000000,-1.000000,454,0,0,0,0,0,-1,-1,-1,0.000000
2135,0,-1,-1,-1,-1,0,-1,-1,-1,-1.000000,-1.000000,399,0,0,0,0,0,-1,-1,-1,0.000000
2136,0,-1,-1,-1,-1,0,-1,-1,-1,-1.000000,-1.000000,460,0,0,0,0,0,-1,-1,-1,0.000000
2137,0,-1,-1,-1,-1,0,-1,-1,-1,-1.000000,-1.000000,201,0,0,0,0,0,-1,-1,-1,0.000000
2138,0,-1,-1,-1,-1,0,-1,-1,-1,-1.000000,-1.000000,219,0,0,0,0,0,-1,-1,-1,0.000000
2139,0,497,-1,-1,7493,0,18,3,2,0.000000,0.000000,95,3,0,1,0,1,497,-1,-1,0.000000
2140,0,-1,-1,-1,-1,0,-1,-1,-1,-1.000000,-1.000000,370,0,0,0,0,0,-1,-1,-1,0.000000
2141,0,-1,-1,-1,-1,0,-1,-1,-1,-1.000000,-1.000000,100,0,0,0,0,0,-1,-1,-1,0.000000
2142,0,-1,-1,-1,-1,0,-1,-1,-1,-1.000000,-1.000000,145,0,0,0,0,0,-1,-1,-1,0.000000
2143,0,-1,-1,-1,-1,0,-1,-1,-1,-1.000000,-1.000000,346,0,0,0,0,0,-1,-1,-1,0.000000
2144,0,25,-1,-1,5609,356,64,3,2,0.000000,0.000000,51,425,0,142,0,142,25,-1,-1,0.000000
2145,0,-1,-1,-1,-1,0,-1,-1,-1,-1.000000,-1.000000,325,0,0,0,0,0,-1,-1,-1,0.000000
2146,0,-1,-1,-1,-1,0,-1,-1,-1,-1.000000,-1.000000,167,0,0,0,0,0,-1,-1,-1,0.000000
2147,0,-1,-1,-1,-1,0,-1,-1,-1,-1.000000,-1.000000,289,0,0,0,0,0,-1,-1,-1,0.000000
2148,0,-1,-1,-1,-1,0,-1,-1,-1,-1.000000,-1.000000,355,0,0,0,0,0,-1,-1,-1,0.000000
2149,0,-1,-1,-1,-1,0,-1,-1,-1,-1.000000,-1.000000,265,0,0,0,0,0,-1,-1,-1,0.000000
2150,0,-1,-1,-1,-1,0,-1,-1,-1,-1.000000,-1.000000,117,0,0,0,0,0,-1,-1,-1,0.000000
2151,0,-1,-1,-1,-1,0,-1,-1,-1,-1.000000,-1.000000,289,0,0,0,0,0,-1,-1,-1,0.000000
2152,0,-1,-1,-1,-1,0,-1,-1,-1,-1.000000,-1.000000,379,0,0,0,0,0,-1,-1,-1,0.000000
2153,0,-1,-1,-1,-1,0,-1,-1,-1,-1.000000,-1.000000,157,0,0,0,0,0,-1,-1,-1,0.000000
2154,0,-1,-1,-1,-1,0,-1,-1,-1,-1.000000,-1.000000,121,0,0,0,0,0,-1,-1,-1,0.000000
2155,0,-1,-1,-1,-1,0,-1,-1,-1,-1.000000,-1.000000,151,0,0,0,0,0,-1,-1,-1,0.000000
2156,0,-1,-1,-1,-1,0,-1,-1,-1,-1.000000,-1.000000,298,0,0,0,0,0,-1,-1,-1,0.000000
2157,0,-1,-1,-1,-1,0,-1,-1,-1,-1.000000,-1.000000,167,0,0,0,0,0,-1,-1,-1,0.000000
2158,0,-1,-1,-1,-1,0,-1,-1,-1,-1.000000,-1.000000,139,0,0,0,0,0,-1,-1,-1,0.000000
2159,0,-1,-1,-1,-1,0,-1,-1,-1,-1.000000,-1.000000,101,0,0,0,0,0,-1,-1,-1,0.000000
2160,0,-1,-1,-1,-1,0,-1,-1,-1,-1.000000,-1.000000,189,0,0,0,0,0,-1,-1,-1,0.000000
2161,0,82,-1,-1,3035,7,42,3,2,0.000000,0.000000,71,31,0,8,0,8,82,-1,-1,0.000000
2162,0,-1,-1,-1,-1,0,-1,-1,-1,-1.000000,-1.000000,167,0,0,0,0,0,-1,-1,-1,0.000000
2163,0,-1,-1,-1,-1,0,-1,-1,-1,-1.000000,-1.000000,181,0,0,0,0,0,-1,-1,-1,0.000000
2164,0,48,-1,-1,4683,34,48,3,2,0.000000,0.000000,97,116,0,22,0,22,48,-1,-1,0.000000
2165,0,25,-1,-1,7151,755,63,3,4,0.000000,0.000000,47,743,0,156,0,156,25,-1,-1,0.000000
2166,0,-1,-1,-1,-1,0,-1,-1,-1,-1.000000,-1.000000,105,0,0,0,0,0,-1,-1,-1,0.000000
2167,0,-1,-1,-1,-1,0,-1,-1,-1,-1.000000,-1.000000,113,0,0,0,0,0,-1,-1,-1,0.000000
2168,0,-1,-1,-1,-1,0,-1,-1,-1,-1.000000,-1.000000,445,0,0,0,0,0,-1,-1,-1,0.000000
2169,0,-1,-1,-1,-1,0,-1,-1,-1,-1.000000,-1.000000,225,0,0,0,0,0,-1,-1,-1,0.000000
2170,0,20,-1,-1,7661,751,69,3,4,0.000000,0.000000,21,697,0,282,0,282,20,-1,-1,0.000000
2171,0,-1,-1,-1,-1,0,-1,-1,-1,-1.000000,-1.000000,108,0,0,0,0,0,-1,-1,-1,0.000000
2172,0,371,-1,-1,2633,411,24,3,4,0.000000,0.000000,18,577,0,26,0,26,371,-1,-1,0.000000
2173,0,-1,-1,-1,-1,0,-1,-1,-1,-1.000000,-1.000000,247,0,0,0,0,0,-1,-1,-1,0.000000
2174,0,53,-1,-1,158,198,46,3,4,0.000000,0.000000,94,330,0,102,0,102,53,-1,-1,0.000000
2175,0,-1,-1,-1,-1,0,-1,-1,-1,-1.000000,-1.000000,351,0,0,0,0,0,-1,-1,-1,0.000000
2176,0,-1,-1,-1,-1,0,-1,-1,-1,-1.000000,-1.000000,177,0,0,0,0,0,-1,-1,-1,0.000000
2177,0,-1,-1,-1,-1,0,-1,-1,-1,-1.000000,-1.000000,238,0,0,0,0,0,-1,-1,-1,0.000000
2178,0,50,-1,-1,626,17,47,3,4,0.000000,0.000000,71,42,0,24,0,24,50,-1,-1,0.000000
2179,0,-1,-1,-1,-1,0,-1,-1,-1,-1.000000,-1.000000,451,0,0,0,0,0,-1,-1,-1,0.000000
2180,0,-1,-1,-1,-1,0,-1,-1,-1,-1.000000,-1.000000,223,0,0,0,0,0,-1,-1,-1,0.000000
2181,0,-1,-1,-1,-1,0,-1,-1,-1,-1.000000,-1.000000,448,0,0,0,0,0,-1,-1,-1,0.000000
2182,0,-1,-1,-1,-1,0,-1,-1,-1,-1.000000,-1.000000,225,0,0,0,0,0,-1,-1,-1,0.000000
2183,0,27,-1,-1,6239,665,59,3,4,0.000000,0.000000,63,644,0,217,0,217,27,-1,-1,0.000000
2184,0,-1,-1,-1,-1,0,-1,-1,-1,-1.000000,-1.000000,233,0,0,0,0,0,-1,-1,-1,0.000000
2185,0,-1,-1,-1,-1,0,-1,-1,-1,-1.000000,-1.000000,391,0,0,0,0,0,-1,-1,-1,0.000000
2186,0,32,-1,-1,6733,690,56,3,2,0.000000,0.000000,27,770,0,165,0,165,32,-1,-1,0.000000
2187,0,-1,-1,-1,-1,0,-1,-1,-1,-1.000000,-1.000000,465,0,0,0,0,0,-1,-1,-1,0.000000
2188,0,-1,-1,-1,-1,0,-1,-1,-1,-1.000000,-1.000000,95,0,0,0,0,0,-1,-1,-1,0.000000
2189,0,-1,-1,-1,-1,0,-1,-1,-1,-1.000000,-1.000000,231,0,0,0,0,0,-1,-1,-1,0.000000
2190,0,-1,-1,-1,-1,0,-1,-1,-1,-1.000000,-1.000000,343,0,0,0,0,0,-1,-1,-1,0.000000
2191,0,-1,-1,-1,-1,0,-1,-1,-1,-1.000000,-1.000000,363,0,0,0,0,0,-1,-1,-1,0.000000
2192,0,-1,-1,-1,-1,0,-1,-1,-1,-1.000000,-1.000000,444,0,0,0,0,0,-1,-1,-1,0.000000
2193,0,-1,-1,-1,-1,0,-1,-1,-1,-1.000000,-1.000000,121,0,0,0,0,0,-1,-1,-1,0.000000
2194,0,-1,-1,-1,-1,0,-1,-1,-1,-1.000000,-1.000000,237,0,0,0,0,0,-1,-1,-1,0.000000
2195,0,-1,-1,-1,-1,0,-1,-1,-1,-1.000000,-1.000000,129,0,0,0,0,0,-1,-1,-1,0.000000
2196,0,770,-1,-1,552,0,17,3,4,0.000000,0.000000,89,2,0,0,0,0,770,-1,-1,0.000000
2197,0,-1,-1,-1,-1,0,-1,-1,-1,-1.000000,-1.000000,165,0,0,0,0,0,-1,-1,-1,0.000000
2198,0,18,-1,-1,6165,651,70,3,2,0.000000,0.000000,19,821,0,161,0,161,18,-1,-1,0.000000
2199,0,-1,-1,-1,-1,0,-1,-1,-1,-1.000000,-1.000000,287,0,0,0,0,0,-1,-1,-1,0.000000
2200,0,-1,-1,-1,-1,0,-1,-1,-1,-1.000000,-1.000000,347,0,0,0,0,0,-1,-1,-1,0.000000
2201,0,-1,-1,-1,-1,0,-1,-1,-1,-1.000000,-1.000000,167,0,0,0,0,0,-1,-1,-1,0.000000
2202,0,-1,-1,-1,-1,0,-1,-1,-1,-1.000000,-1.000000,284,0,0,0,0,0,-1,-1,-1,0.000000
2203,0,28,-1,-1,4497,621,59,3,2,0.000000,0.000000,34,633,0,179,0,179,28,-1,-1,0.000000
2204,0,-1,-1,-1,-1,0,-1,-1,-1,-1.000000,-1.000000,303,0,0,0,0,0,-1,-1,-1,0.000000
2205,0,-1,-1,-1,-1,0,-1,-1,-1,-1.000000,-1.000000,137,0,0,0,0,0,-1,-1,-1,0.000000
2206,0,-1,-1,-1,-1,0,-1,-1,-1,-1.000000,-1.000000,408,0,0,0,0,0,-1,-1,-1,0.000000
2207,0,-1,-1,-1,-1,0,-1,-1,-1,-1.000000,-1.000000,111,0,0,0,0,0,-1,-1,-1,0.000000
2208,0,-1,-1,-1,-1,0,-1,-1,-1,-1.000000,-1.000000,269,0,0,0,0,0,-1,-1,-1,0.000000
2209,0,-1,-1,-1,-1,0,-1,-1,-1,-1.000000,-1.000000,360,0,0,0,0,0,-1,-1,-1,0.000000
2210,0,-1,-1,-1,-1,0,-1,-1,-1,-1.000000,-1.000000,420,0,0,0,0,0,-1,-1,-1,0.000000
2211,0,-1,-1,-1,-1,0,-1,-1,-1,-1.000000,-1.000000,270,0,0,0,0,0,-1,-1,-1,0.000000
2212,0,-1,-1,-1,-1,0,-1,-1,-1,-1.000000,-1.000000,79,0,0,0,0,0,-1,-1,-1,0.000000
2213,0,-1,-1,-1,-1,0,-1,-1,-1,-1.000000,-1.000000,219,0,0,0,0,0,-1,-1,-1,0.000000
2214,0,-1,-1,-1,-1,0,-1,-1,-1,-1.000000,-1.000000,122,0,0,0,0,0,-1,-1,-1,0.000000
2215,0,-1,-1,-1,-1,0,-1,-1,-1,-1.000000,-1.000000,309,0,0,0,0,0,-1,-1,-1,0.000000
2216,0,46,-1,-1,4702,408,49,3,2,0.000000,0.000000,60,488,0,106,0,106,46,-1,-1,0.000000
2217,0,-1,-1,-1,-1,0,-1,-1,-1,-1.000000,-1.000000,114,0,0,0,0,0,-1,-1,-1,0.000000
2218,0,-1,-1,-1,-1,0,-1,-1,-1,-1.000000,-1.000000,254,0,0,0,0,0,-1,-1,-1,0.000000
2219,0,-1,-1,-1,-1,0,-1,-1,-1,-1.000000,-1.000000,181,0,0,0,0,0,-1,-1,-1,0.000000
2220,0,88,-1,-1,1939,0,41,3,4,0.000000,0.000000,93,1,0,0,0,0,88,-1,-1,0.000000
2221,0,-1,-1,-1,-1,0,-1,-1,-1,-1.000000,-1.000000,243,0,0,0,0,0,-1,-1,-1,0.000000
2222,0,118,-1,-1,7756,1,37,3,4,0.000000,0.000000,97,19,0,14,0,14,118,-1,-1,0.000000
2223,0,-1,-1,-1,-1,0,-1,-1,-1,-1.000000,-1.000000,227,0,0,0,0,0,-1,-1,-1,0.000000
2224,0,29,-1,-1,2349,414,57,3,4,0.000000,0.000000,47,477,0,134,0,134,29,-1,-1,0.000000
2225,0,-1,-1,-1,-1,0,-1,-1,-1,-1.000000,-1.000000,83,0,0,0,0,0,-1,-1,-1,0.000000
2226,0,-1,-1,-1,-1,0,-1,-1,-1,-1.000000,-1.000000,135,0,0,0,0,0,-1,-1,-1,0.000000
2227,0,-1,-1,-1,-1,0,-1,-1,-1,-1.000000,-1.000000,160,0,0,0,0,0,-1,-1,-1,0.000000
2228,0,17,-1,-1,2425,692,70,3,2,0.000000,0.000000,29,792,0,189,0,189,17,-1,-1,0.000000
2229,0,41,-1,-1,1317,211,51,3,2,0.000000,0.000000,76,307,0,83,0,83,41,-1,-1,0.000000
2230,0,-1,-1,-1,-1,0,-1,-1,-1,-1.000000,-1.000000,367,0,0,0,0,0,-1,-1,-1,0.000000
2231,0,-1,-1,-1,-1,0,-1,-1,-1,-1.000000,-1.000000,135,0,0,0,0,0,-1,-1,-1,0.000000
2232,0,22,-1,-1,4876,856,68,3,2,0.000000,0.000000,17,736,0,242,0,242,22,-1,-1,0.000000
2233,0,-1,-1,-1,-1,0,-1,-1,-1,-1.000000,-1.000000,237,0,0,0,0,0,-1,-1,-1,0.000000
2234,0,-1,-1,-1,-1,0,-1,-1,-1,-1.000000,-1.000000,502,0,0,0,0,0,-1,-1,-1,0.000000
2235,0,-1,-1,-1,-1,0,-1,-1,-1,-1.000000,-1.000000,135,0,0,0,0,0,-1,-1,-1,0.000000
2236,0,-1,-1,-1,-1,0,-1,-1,-1,-1.000000,-1.000000,231,0,0,0,0,0,-1,-1,-1,0.000000
2237,0,208,-1,-1,3154,0,28,3,2,0.000000,0.000000,59,2,0,1,0,1,208,-1,-1,0.000000
2238,0,-1,-1,-1,-1,0,-1,-1,-1,-1.000000,-1.000000,124,0,0,0,0,0,-1,-1,-1,0.000000
2239,0,-1,-1,-1,-1,0,-1,-1,-1,-1.000000,-1.000000,313,0,0,0,0,0,-1,-1,-1,0.000000
2240,0,-1,-1,-1,-1,0,-1,-1,-1,-1.000000,-1.000000,329,0,0,0,0,0,-1,-1,-1,0.000000
2241,0,-1,-1,-1,-1,0,-1,-1,-1,-1.000000,-1.000000,151,0,0,0,0,0,-1,-1,-1,0.000000
2242,0,24,-1,-1,3927,521,64,3,2,0.000000,0.000000,49,580,0,138,0,138,24,-1,-1,0.000000
2243,0,-1,-1,-1,-1,0,-1,-1,-1,-1.000000,-1.000000,47,0,0,0,0,0,-1,-1,-1,0.000000
2244,0,34,-1,-1,1865,343,53,3,4,0.000000,0.000000,49,434,0,160,0,160,34,-1,-1,0.000000
2245,0,-1,-1,-1,-1,0,-1,-1,-1,-1.000000,-1.000000,420,0,0,0,0,0,-1,-1,-1,0.000000
2246,0,-1,-1,-1,-1,0,-1,-1,-1,-1.000000,-1.000000,131,0,0,0,0,0,-1,-1,-1,0.000000
2247,0,-1,-1,-1,-1,0,-1,-1,-1,-1.000000,-1.000000,319,0,0,0,0,0,-1,-1,-1,0.000000
2248,0,-1,-1,-1,-1,0,-1,-1,-1,-1.000000,-1.000000,99,0,0,0,0,0,-1,-1,-1,0.000000
2249,0,353,-1,-1,7954,50,23,3,2,0.000000,0.000000,86,134,0,30,0,30,353,-1,-1,0.000000
2250,0,-1,-1,-1,-1,0,-1,-1,-1,-1.000000,-1.000000,355,0,0,0,0,0,-1,-1,-1,0.000000
2251,0,883,-1,-1,3766,18,15,3,2,0.000000,0.000000,22,41,0,1,0,1,883,-1,-1,0.000000
2252,0,-1,-1,-1,-1,0,-1,-1,-1,-1.000000,-1.000000,184,0,0,0,0,0,-1,-1,-1,0.000000
2253,0,-1,-1,-1,-1,0,-1,-1,-1,-1.000000,-1.000000,291,0,0,0,0,0,-1,-1,-1,0.000000
2254,0,-1,-1,-1,-1,0,-1,-1,-1,-1.000000,-1.000000,183,0,0,0,0,0,-1,-1,-1,0.000000
2255,0,-1,-1,-1,-1,0,-1,-1,-1,-1.000000,-1.000000,181,0,0,0,0,0,-1,-1,-1,0.000000
2256,0,250,-1,-1,6302,31,26,3,4,0.000000,0.000000,98,118,0,23,0,23,250,-1,-1,0.000000
2257,0,30,-1,-1,3273,588,56,3,2,0.000000,0.000000,15,819,0,150,0,150,30,-1,-1,0.000000
2258,0,26,-1,-1,6714,44,61,3,4,0.000000,0.000000,63,108,0,34,0,34,26,-1,-1,0.000000
2259,0,-1,-1,-1,-1,0,-1,-1,-1,-1.000000,-1.000000,129,0,0,0,0,0,-1,-1,-1,0.000000
2260,0,-1,-1,-1,-1,0,-1,-1,-1,-1.000000,-1.000000,101,0,0,0,0,0,-1,-1,-1,0.000000
2261,0,-1,-1,-1,-1,0,-1,-1,-1,-1.000000,-1.000000,289,0,0,0,0,0,-1,-1,-1,0.000000
2262,0,-1,-1,-1,-1,0,-1,-1,-1,-1.000000,-1.000000,438,0,0,0,0,0,-1,-1,-1,0.000000
2263,0,-1,-1,-1,-1,0,-1,-1,-1,-1.000000,-1.000000,219,0,0,0,0,0,-1,-1,-1,0.000000
2264,0,-1,-1,-1,-1,0,-1,-1,-1,-1.000000,-1.000000,441,0,0,0,0,0,-1,-1,-1,0.000000
2265,0,-1,-1,-1,-1,0,-1,-1,-1,-1.000000,-1.000000,291,0,0,0,0,0,-1,-1,-1,0.000000
2266,0,-1,-1,-1,-1,0,-1,-1,-1,-1.000000,-1.000000,109,0,0,0,0,0,-1,-1,-1,0.000000
2267,0,-1,-1,-1,-1,0,-1,-1,-1,-1.000000,-1.000000,339,0,0,0,0,0,-1,-1,-1,0.000000
2268,0,-1,-1,-1,-1,0,-1,-1,-1,-1.000000,-1.000000,222,0,0,0,0,0,-1,-1,-1,0.000000
2269,0,-1,-1,-1,-1,0,-1,-1,-1,-1.000000,-1.000000,365,0,0,0,0,0,-1,-1,-1,0.000000
2270,0,-1,-1,-1,-1,0,-1,-1,-1,-1.000000,-1.000000,195,0,0,0,0,0,-1,-1,-1,0.000000
2271,0,28,-1,-1,6547,656,60,3,2,0.000000,0.000000,15,829,0,139,0,139,28,-1,-1,0.000000
2272,0,-1,-1,-1,-1,0,-1,-1,-1,-1.000000,-1.000000,187,0,0,0,0,0,-1,-1,-1,0.000000
2273,0,-1,-1,-1,-1,0,-1,-1,-1,-1.000000,-1.000000,279,0,0,0,0,0,-1,-1,-1,0.000000
2274,0,-1,-1,-1,-1,0,-1,-1,-1,-1.000000,-1.000000,289,0,0,0,0,0,-1,-1,-1,0.000000
2275,0,-1,-1,-1,-1,0,-1,-1,-1,-1.000000,-1.000000,133,0,0,0,0,0,-1,-1,-1,0.000000
2276,0,-1,-1,-1,-1,0,-1,-1,-1,-1.000000,-1.000000,373,0,0,0,0,0,-1,-1,-1,0.000000
2277,0,-1,-1,-1,-1,0,-1,-1,-1,-1.000000,-1.000000,227,0,0,0,0,0,-1,-1,-1,0.000000
2278,0,-1,-1,-1,-1,0,-1,-1,-1,-1.000000,-1.000000,465,0,0,0,0,0,-1,-1,-1,0.000000
2279,0,-1,-1,-1,-1,0,-1,-1,-1,-1.000000,-1.000000,148,0,0,0,0,0,-1,-1,-1,0.000000
2280,0,126,-1,-1,7519,0,36,3,2,0.000000,0.000000,77,4,0,0,0,0,126,-1,-1,0.000000
2281,0,20,-1,-1,5624,645,67,3,4,0.000000,0.000000,19,823,0,156,0,156,20,-1,-1,0.000000
2282,0,-1,-1,-1,-1,0,-1,-1,-1,-1.000000,-1.000000,412,0,0,0,0,0,-1,-1,-1,0.000000
2283,0,131,-1,-1,2699,0,34,3,2,0.000000,0.000000,101,1,0,2,0,2,131,-1,-1,0.000000
2284,0,-1,-1,-1,-1,0,-1,-1,-1,-1.000000,-1.000000,367,0,0,0,0,0,-1,-1,-1,0.000000
2285,0,48,-1,-1,3133,29,49,3,4,0.000000,0.000000,77,67,0,34,0,34,48,-1,-1,0.000000
2286,0,-1,-1,-1,-1,0,-1,-1,-1,-1.000000,-1.000000,283,0,0,0,0,0,-1,-1,-1,0.000000
2287,0,-1,-1,-1,-1,0,-1,-1,-1,-1.000000,-1.000000,421,0,0,0,0,0,-1,-1,-1,0.000000
2288,0,-1,-1,-1,-1,0,-1,-1,-1,-1.000000,-1.000000,107,0,0,0,0,0,-1,-1,-1,0.000000
2289,0,-1,-1,-1,-1,0,-1,-1,-1,-1.000000,-1.000000,397,0,0,0,0,0,-1,-1,-1,0.000000
2290,0,-1,-1,-1,-1,0,-1,-1,-1,-1.000000,-1.000000,67,0,0,0,0,0,-1,-1,-1,0.000000
2291,0,-1,-1,-1,-1,0,-1,-1,-1,-1.000000,-1.000000,222,0,0,0,0,0,-1,-1,-1,0.000000
2292,0,-1,-1,-1,-1,0,-1,-1,-1,-1.000000,-1.000000,351,0,0,0,0,0,-1,-1,-1,0.000000
2293,0,24,-1,-1,2621,491,62,3,2,0.000000,0.000000,59,605,0,155,0,155,24,-1,-1,0.000000
2294,0,-1,-1,-1,-1,0,-1,-1,-1,-1.000000,-1.000000,244,0,0,0,0,0,-1,-1,-1,0.000000
2295,0,-1,-1,-1,-1,0,-1,-1,-1,-1.000000,-1.000000,141,0,0,0,0,0,-1,-1,-1,0.000000
2296,0,-1,-1,-1,-1,0,-1,-1,-1,-1.000000,-1.000000,403,0,0,0,0,0,-1,-1,-1,0.000000
2297,0,-1,-1,-1,-1,0,-1,-1,-1,-1.000000,-1.000000,277,0,0,0,0,0,-1,-1,-1,0.000000
2298,0,-1,-1,-1,-1,0,-1,-1,-1,-1.000000,-1.000000,102,0,0,0,0,0,-1,-1,-1,0.000000
2299,0,-1,-1,-1,-1,0,-1,-1,-1,-1.000000,-1.000000,265,0,0,0,0,0,-1,-1,-1,0.000000
2300,0,-1,-1,-1,-1,0,-1,-1,-1,-1.000000,-1.000000,331,0,0,0,0,0,-1,-1,-1,0.000000
2301,0,-1,-1,-1,-1,0,-1,-1,-1,-1.000000,-1.000000,136,0,0,0,0,0,-1,-1,-1,0.000000
2302,0,-1,-1,-1,-1,0,-1,-1,-1,-1.000000,-1.000000,338,0,0,0,0,0,-1,-1,-1,0.000000
2303,0,53,-1,-1,7870,19,49,3,4,0.000000,0.000000,55,37,0,6,0,6,53,-1,-1,0.000000
2304,0,71,-1,-1,6155,0,44,3,2,0.000000,0.000000,93,4,0,1,0,1,71,-1,-1,0.000000
2305,0,-1,-1,-1,-1,0,-1,-1,-1,-1.000000,-1.000000,139,0,0,0,0,0,-1,-1,-1,0.000000
2306,0,-1,-1,-1,-1,0,-1,-1,-1,-1.000000,-1.000000,223,0,0,0,0,0,-1,-1,-1,0.000000
2307,0,-1,-1,-1,-1,0,-1,-1,-1,-1.000000,-1.000000,377,0,0,0,0,0,-1,-1,-1,0.000000
2308,0,-1,-1,-1,-1,0,-1,-1,-1,-1.000000,-1.000000,145,0,0,0,0,0,-1,-1,-1,0.000000
2309,0,-1,-1,-1,-1,0,-1,-1,-1,-1.000000,-1.000000,136,0,0,0,0,0,-1,-1,-1,0.000000
2310,0,-1,-1,-1,-1,0,-1,-1,-1,-1.000000,-1.000000,153,0,0,0,0,0,-1,-1,-1,0.000000
2311,0,-1,-1,-1,-1,0,-1,-1,-1,-1.000000,-1.000000,87,0,0,0,0,0,-1,-1,-1,0.000000
2312,0,22,-1,-1,928,649,65,3,4,0.000000,0.000000,35,828,0,147,0,147,22,-1,-1,0.000000
2313,0,33,-1,-1,5963,155,56,3,2,0.000000,0.000000,57,238,0,81,0,81,33,-1,-1,0.000000
2314,0,-1,-1,-1,-1,0,-1,-1,-1,-1.000000,-1.000000,235,0,0,0,0,0,-1,-1,-1,0.000000
2315,0,-1,-1,-1,-1,0,-1,-1,-1,-1.000000,-1.000000,105,0,0,0,0,0,-1,-1,-1,0.000000
2316,0,-1,-1,-1,-1,0,-1,-1,-1,-1.000000,-1.000000,393,0,0,0,0,0,-1,-1,-1,0.000000
2317,0,-1,-1,-1,-1,0,-1,-1,-1,-1.000000,-1.000000,143,0,0,0,0,0,-1,-1,-1,0.000000
2318,0,-1,-1,-1,-1,0,-1,-1,-1,-1.000000,-1.000000,135,0,0,0,0,0,-1,-1,-1,0.000000
2319,0,-1,-1,-1,-1,0,-1,-1,-1,-1.000000,-1.000000,129,0,0,0,0,0,-1,-1,-1,0.000000
2320,0,-1,-1,-1,-1,0,-1,-1,-1,-1.000000,-1.000000,199,0,0,0,0,0,-1,-1,-1,0.000000
2321,0,-1,-1,-1,-1,0,-1,-1,-1,-1.000000,-1.000000,458,0,0,0,0,0,-1,-1,-1,0.000000
2322,0,-1,-1,-1,-1,0,-1,-1,-1,-1.000000,-1.000000,173,0,0,0,0,0,-1,-1,-1,0.000000
2323,0,-1,-1,-1,-1,0,-1,-1,-1,-1.000000,-1.000000,245,0,0,0,0,0,-1,-1,-1,0.000000
2324,0,-1,-1,-1,-1,0,-1,-1,-1,-1.000000,-1.000000,255,0,0,0,0,0,-1,-1,-1,0.000000
2325,0,-1,-1,-1,-1,0,-1,-1,-1,-1.000000,-1.000000,274,0,0,0,0,0,-1,-1,-1,0.000000
2326,0,-1,-1,-1,-1,0,-1,-1,-1,-1.000000,-1.000000,241,0,0,0,0,0,-1,-1,-1,0.000000
2327,0,-1,-1,-1,-1,0,-1,-1,-1,-1.000000,-1.000000,229,0,0,0,0,0,-1,-1,-1,0.000000
2328,0,-1,-1,-1,-1,0,-1,-1,-1,-1.000000,-1.000000,496,0,0,0,0,0,-1,-1,-1,0.000000
2329,0,24,-1,-1,3066,357,63,3,4,0.000000,0.000000,49,472,0,124,0,124,24,-1,-1,0.000000
2330,0,721,-1,-1,3459,2,17,3,2,0.000000,0.000000,66,24,0,2,0,2,721,-1,-1,0.000000
2331,0,15,-1,-1,3029,710,70,3,2,0.000000,0.000000,35,799,0,171,0,171,15,-1,-1,0.000000
2332,0,-1,-1,-1,-1,0,-1,-1,-1,-1.000000,-1.000000,374,0,0,0,0,0,-1,-1,-1,0.000000
2333,0,-1,-1,-1,-1,0,-1,-1,-1,-1.000000,-1.000000,79,0,0,0,0,0,-1,-1,-1,0.000000
2334,0,-1,-1,-1,-1,0,-1,-1,-1,-1.000000,-1.000000,485,0,0,0,0,0,-1,-1,-1,0.000000
2335,0,-1,-1,-1,-1,0,-1,-1,-1,-1.000000,-1.000000,349,0,0,0,0,0,-1,-1,-1,0.000000
2336,0,-1,-1,-1,-1,0,-1,-1,-1,-1.000000,-1.000000,318,0,0,0,0,0,-1,-1,-1,0.000000
2337,0,481,-1,-1,3670,290,21,3,2,0.000000,0.000000,26,378,0,49,0,49,481,-1,-1,0.000000
2338,0,-1,-1,-1,-1,0,-1,-1,-1,-1.000000,-1.000000,248,0,0,0,0,0,-1,-1,-1,0.000000
2339,0,-1,-1,-1,-1,0,-1,-1,-1,-1.000000,-1.000000,303,0,0,0,0,0,-1,-1,-1,0.000000
2340,0,-1,-1,-1,-1,0,-1,-1,-1,-1.000000,-1.000000,115,0,0,0,0,0,-1,-1,-1,0.000000
2341,0,61,-1,-1,3500,222,44,3,4,0.000000,0.000000,56,339,0,79,0,79,61,-1,-1,0.000000
2342,0,-1,-1,-1,-1,0,-1,-1,-1,-1.000000,-1.000000,147,0,0,0,0,0,-1,-1,-1,0.000000
2343,0,-1,-1,-1,-1,0,-1,-1,-1,-1.000000,-1.000000,108,0,0,0,0,0,-1,-1,-1,0.000000
2344,0,-1,-1,-1,-1,0,-1,-1,-1,-1.000000,-1.000000,407,0,0,0,0,0,-1,-1,-1,0.000000
2345,0,-1,-1,-1,-1,0,-1,-1,-1,-1.000000,-1.000000,193,0,0,0,0,0,-1,-1,-1,0.000000
2346,0,-1,-1,-1,-1,0,-1,-1,-1,-1.000000,-1.000000,107,0,0,0,0,0,-1,-1,-1,0.000000
2347,0,22,-1,-1,5732,777,65,3,4,0.000000,0.000000,43,762,0,146,0,146,22,-1,-1,0.000000
2348,0,39,-1,-1,4797,87,51,3,4,0.000000,0.000000,101,197,0,53,0,53,39,-1,-1,0.000000
2349,0,-1,-1,-1,-1,0,-1,-1,-1,-1.000000,-1.000000,336,0,0,0,0,0,-1,-1,-1,0.000000
2350,0,-1,-1,-1,-1,0,-1,-1,-1,-1.000000,-1.000000,267,0,0,0,0,0,-1,-1,-1,0.000000
2351,0,33,-1,-1,6230,23,54,3,2,0.000000,0.000000,67,48,0,33,0,33,33,-1,-1,0.000000
2352,0,28,-1,-1,4126,77,58,3,2,0.000000,0.000000,67,188,0,44,0,44,28,-1,-1,0.000000
2353,0,-1,-1,-1,-1,0,-1,-1,-1,-1.000000,-1.000000,414,0,0,0,0,0,-1,-1,-1,0.000000
2354,0,-1,-1,-1,-1,0,-1,-1,-1,-1.000000,-1.000000,410,0,0,0,0,0,-1,-1,-1,0.000000
2355,0,-1,-1,-1,-1,0,-1,-1,-1,-1.000000,-1.000000,348,0,0,0,0,0,-1,-1,-1,0.000000
2356,0,83,-1,-1,3492,520,40,3,2,0.000000,0.000000,51,642,0,128,0,128,83,-1,-1,0.000000
2357,0,-1,-1,-1,-1,0,-1,-1,-1,-1.000000,-1.000000,129,0,0,0,0,0,-1,-1,-1,0.000000
2358,0,68,-1,-1,7984,606,45,3,4,0.000000,0.000000,49,723,0,135,0,135,68,-1,-1,0.000000
2359,0,-1,-1,-1,-1,0,-1,-1,-1,-1.000000,-1.000000,403,0,0,0,0,0,-1,-1,-1,0.000000
2360,0,-1,-1,-1,-1,0,-1,-1,-1,-1.000000,-1.000000,375,0,0,0,0,0,-1,-1,-1,0.000000
2361,0,-1,-1,-1,-1,0,-1,-1,-1,-1.000000,-1.000000,213,0,0,0,0,0,-1,-1,-1,0.000000
2362,0,-1,-1,-1,-1,0,-1,-1,-1,-1.000000,-1.000000,468,0,0,0,0,0,-1,-1,-1,0.000000
2363,0,-1,-1,-1,-1,0,-1,-1,-1,-1.000000,-1.000000,91,0,0,0,0,0,-1,-1,-1,0.000000
2364,0,-1,-1,-1,-1,0,-1,-1,-1,-1.000000,-1.000000,109,0,0,0,0,0,-1,-1,-1,0.000000
2365,0,-1,-1,-1,-1,0,-1,-1,-1,-1.000000,-1.000000,193,0,0,0,0,0,-1,-1,-1,0.000000
2366,0,-1,-1,-1,-1,0,-1,-1,-1,-1.000000,-1.000000,261,0,0,0,0,0,-1,-1,-1,0.000000
2367,0,-1,-1,-1,-1,0,-1,-1,-1,-1.000000,-1.000000,229,0,0,0,0,0,-1,-1,-1,0.000000
2368,0,-1,-1,-1,-1,0,-1,-1,-1,-1.000000,-1.000000,147,0,0,0,0,0,-1,-1,-1,0.000000
2369,0,-1,-1,-1,-1,0,-1,-1,-1,-1.000000,-1.000000,135,0,0,0,0,0,-1,-1,-1,0.000000
2370,0,-1,-1,-1,-1,0,-1,-1,-1,-1.000000,-1.000000,338,0,0,0,0,0,-1,-1,-1,0.000000
2371,0,-1,-1,-1,-1,0,-1,-1,-1,-1.000000,-1.000000,227,0,0,0,0,0,-1,-1,-1,0.000000
2372,0,-1,-1,-1,-1,0,-1,-1,-1,-1.000000,-1.000000,263,0,0,0,0,0,-1,-1,-1,0.000000
2373,0,-1,-1,-1,-1,0,-1,-1,-1,-1.000000,-1.000000,95,0,0,0,0,0,-1,-1,-1,0.000000
2374,0,-1,-1,-1,-1,0,-1,-1,-1,-1.000000,-1.000000,445,0,0,0,0,0,-1,-1,-1,0.000000
2375,0,22,-1,-1,4626,704,65,3,4,0.000000,0.000000,55,699,0,270,0,270,22,-1,-1,0.000000
2376,0,386,-1,-1,6017,288,22,3,4,0.000000,0.000000,34,448,0,41,0,41,386,-1,-1,0.000000
2377,0,-1,-1,-1,-1,0,-1,-1,-1,-1.000000,-1.000000,143,0,0,0,0,0,-1,-1,-1,0.000000
2378,0,-1,-1,-1,-1,0,-1,-1,-1,-1.000000,-1.000000,173,0,0,0,0,0,-1,-1,-1,0.000000
2379,0,-1,-1,-1,-1,0,-1,-1,-1,-1.000000,-1.000000,484,0,0,0,0,0,-1,-1,-1,0.000000
2380,0,-1,-1,-1,-1,0,-1,-1,-1,-1.000000,-1.000000,137,0,0,0,0,0,-1,-1,-1,0.000000
2381,0,-1,-1,-1,-1,0,-1,-1,-1,-1.000000,-1.000000,394,0,0,0,0,0,-1,-1,-1,0.000000
2382,0,-1,-1,-1,-1,0,-1,-1,-1,-1.000000,-1.000000,159,0,0,0,0,0,-1,-1,-1,0.000000
2383,0,-1,-1,-1,-1,0,-1,-1,-1,-1.000000,-1.000000,367,0,0,0,0,0,-1,-1,-1,0.000000
2384,0,-1,-1,-1,-1,0,-1,-1,-1,-1.000000,-1.000000,161,0,0,0,0,0,-1,-1,-1,0.000000
2385,0,-1,-1,-1,-1,0,-1,-1,-1,-1.000000,-1.000000,163,0,0,0,0,0,-1,-1,-1,0.000000
2386,0,-1,-1,-1,-1,0,-1,-1,-1,-1.000000,-1.000000,204,0,0,0,0,0,-1,-1,-1,0.000000
2387,0,-1,-1,-1,-1,0,-1,-1,-1,-1.000000,-1.000000,99,0,0,0,0,0,-1,-1,-1,0.000000
2388,0,-1,-1,-1,-1,0,-1,-1,-1,-1.000000,-1.000000,295,0,0,0,0,0,-1,-1,-1,0.000000
2389,0,33,-1,-1,7632,13,54,3,2,0.000000,0.000000,79,54,0,29,0,29,33,-1,-1,0.000000
2390,0,-1,-1,-1,-1,0,-1,-1,-1,-1.000000,-1.000000,235,0,0,0,0,0,-1,-1,-1,0.000000
2391,0,-1,-1,-1,-1,0,-1,-1,-1,-1.000000,-1.000000,150,0,0,0,0,0,-1,-1,-1,0.000000
2392,0,-1,-1,-1,-1,0,-1,-1,-1,-1.000000,-1.000000,264,0,0,0,0,0,-1,-1,-1,0.000000
2393,0,-1,-1,-1,-1,0,-1,-1,-1,-1.000000,-1.000000,133,0,0,0,0,0,-1,-1,-1,0.000000
2394,0,-1,-1,-1,-1,0,-1,-1,-1,-1.000000,-1.000000,159,0,0,0,0,0,-1,-1,-1,0.000000
2395,0,239,-1,-1,7550,360,29,3,2,0.000000,0.000000,58,445,0,92,0,92,239,-1,-1,0.000000
2396,0,-1,-1,-1,-1,0,-1,-1,-1,-1.000000,-1.000000,134,0,0,0,0,0,-1,-1,-1,0.000000
2397,0,-1,-1,-1,-1,0,-1,-1,-1,-1.000000,-1.000000,129,0,0,0,0,0,-1,-1,-1,0.000000
2398,0,-1,-1,-1,-1,0,-1,-1,-1,-1.000000,-1.000000,146,0,0,0,0,0,-1,-1,-1,0.000000
2399,0,-1,-1,-1,-1,0,-1,-1,-1,-1.000000,-1.000000,279,0,0,0,0,0,-1,-1,-1,0.000000
2400,0,-1,-1,-1,-1,0,-1,-1,-1,-1.000000,-1.000000,329,0,0,0,0,0,-1,-1,-1,0.000000
2401,0,-1,-1,-1,-1,0,-1,-1,-1,-1.000000,-1.000000,131,0,0,0,0,0,-1,-1,-1,0.000000
2402,0,65,-1,-1,189,1,46,3,2,0.000000,0.000000,69,21,0,10,0,10,65,-1,-1,0.000000
2403,0,-1,-1,-1,-1,0,-1,-1,-1,-1.000000,-1.000000,448,0,0,0,0,0,-1,-1,-1,0.000000
2404,0,29,-1,-1,1178,559,58,3,2,0.000000,0.000000,47,583,0,163,0,163,29,-1,-1,0.000000
2405,0,24,-1,-1,3711,722,63,3,4,0.000000,0.000000,69,643,0,281,0,281,24,-1,-1,0.000000
2406,0,-1,-1,-1,-1,0,-1,-1,-1,-1.000000,-1.000000,111,0,0,0,0,0,-1,-1,-1,0.000000
2407,0,-1,-1,-1,-1,0,-1,-1,-1,-1.000000,-1.000000,107,0,0,0,0,0,-1,-1,-1,0.000000
2408,0,-1,-1,-1,-1,0,-1,-1,-1,-1.000000,-1.000000,137,0,0,0,0,0,-1,-1,-1,0.000000
2409,0,-1,-1,-1,-1,0,-1,-1,-1,-1.000000,-1.000000,249,0,0,0,0,0,-1,-1,-1,0.000000
2410,0,-1,-1,-1,-1,0,-1,-1,-1,-1.000000,-1.000000,383,0,0,0,0,0,-1,-1,-1,0.000000
2411,0,-1,-1,-1,-1,0,-1,-1,-1,-1.000000,-1.000000,154,0,0,0,0,0,-1,-1,-1,0.000000
2412,0,-1,-1,-1,-1,0,-1,-1,-1,-1.000000,-1.000000,289,0,0,0,0,0,-1,-1,-1,0.000000
2413,0,-1,-1,-1,-1,0,-1,-1,-1,-1.000000,-1.000000,105,0,0,0,0,0,-1,-1,-1,0.000000
2414,0,-1,-1,-1,-1,0,-1,-1,-1,-1.000000,-1.000000,405,0,0,0,0,0,-1,-1,-1,0.000000
2415,0,26,-1,-1,4720,721,62,3,2,0.000000,0.000000,49,769,0,172,0,172,26,-1,-1,0.000000
2416,0,-1,-1,-1,-1,0,-1,-1,-1,-1.000000,-1.000000,215,0,0,0,0,0,-1,-1,-1,0.000000
2417,0,-1,-1,-1,-1,0,-1,-1,-1,-1.000000,-1.000000,97,0,0,0,0,0,-1,-1,-1,0.000000
2418,0,-1,-1,-1,-1,0,-1,-1,-1,-1.000000,-1.000000,227,0,0,0,0,0,-1,-1,-1,0.000000
2419,0,-1,-1,-1,-1,0,-1,-1,-1,-1.000000,-1.000000,417,0,0,0,0,0,-1,-1,-1,0.000000
2420,0,58,-1,-1,5903,7,45,3,4,0.000000,0.000000,71,37,0,10,0,10,58,-1,-1,0.000000
2421,0,116,-1,-1,3796,15,36,3,2,0.000000,0.000000,53,70,0,18,0,18,116,-1,-1,0.000000
2422,0,-1,-1,-1,-1,0,-1,-1,-1,-1.000000,-1.000000,206,0,0,0,0,0,-1,-1,-1,0.000000
2423,0,-1,-1,-1,-1,0,-1,-1,-1,-1.000000,-1.000000,341,0,0,0,0,0,-1,-1,-1,0.000000
2424,0,-1,-1,-1,-1,0,-1,-1,-1,-1.000000,-1.000000,446,0,0,0,0,0,-1,-1,-1,0.000000
2425,0,-1,-1,-1,-1,0,-1,-1,-1,-1.000000,-1.000000,209,0,0,0,0,0,-1,-1,-1,0.000000
2426,0,-1,-1,-1,-1,0,-1,-1,-1,-1.000000,-1.000000,341,0,0,0,0,0,-1,-1,-1,0.000000
2427,0,-1,-1,-1,-1,0,-1,-1,-1,-1.000000,-1.000000,298,0,0,0,0,0,-1,-1,-1,0.000000
2428,0,32,-1,-1,207,33,58,3,2,0.000000,0.000000,67,80,0,43,0,43,32,-1,-1,0.000000
2429,0,160,-1,-1,858,0,32,3,2,0.000000,0.000000,81,3,0,0,0,0,160,-1,-1,0.000000
2430,0,-1,-1,-1,-1,0,-1,-1,-1,-1.000000,-1.000000,345,0,0,0,0,0,-1,-1,-1,0.000000
2431,0,-1,-1,-1,-1,0,-1,-1,-1,-1.000000,-1.000000,145,0,0,0,0,0,-1,-1,-1,0.000000
2432,0,-1,-1,-1,-1,0,-1,-1,-1,-1.000000,-1.000000,399,0,0,0,0,0,-1,-1,-1,0.000000
2433,0,-1,-1,-1,-1,0,-1,-1,-1,-1.000000,-1.000000,468,0,0,0,0,0,-1,-1,-1,0.000000
2434,0,219,-1,-1,6014,1,29,3,4,0.000000,0.000000,99,2,0,3,0,3,219,-1,-1,0.000000
2435,0,-1,-1,-1,-1,0,-1,-1,-1,-1.000000,-1.000000,506,0,0,0,0,0,-1,-1,-1,0.000000
2436,0,-1,-1,-1,-1,0,-1,-1,-1,-1.000000,-1.000000,209,0,0,0,0,0,-1,-1,-1,0.000000
2437,0,-1,-1,-1,-1,0,-1,-1,-1,-1.000000,-1.000000,299,0,0,0,0,0,-1,-1,-1,0.000000
2438,0,24,-1,-1,3717,535,63,3,4,0.000000,0.000000,51,585,0,146,0,146,24,-1,-1,0.000000
2439,0,27,-1,-1,214,61,63,3,4,0.000000,0.000000,49,144,0,36,0,36,27,-1,-1,0.000000
2440,0,-1,-1,-1,-1,0,-1,-1,-1,-1.000000,-1.000000,352,0,0,0,0,0,-1,-1,-1,0.000000
2441,0,30,-1,-1,2427,725,57,3,4,0.000000,0.000000,47,758,0,169,0,169,30,-1,-1,0.000000
2442,0,-1,-1,-1,-1,0,-1,-1,-1,-1.000000,-1.000000,329,0,0,0,0,0,-1,-1,-1,0.000000
2443,0,-1,-1,-1,-1,0,-1,-1,-1,-1.000000,-1.000000,362,0,0,0,0,0,-1,-1,-1,0.000000
2444,0,-1,-1,-1,-1,0,-1,-1,-1,-1.000000,-1.000000,150,0,0,0,0,0,-1,-1,-1,0.000000
2445,0,-1,-1,-1,-1,0,-1,-1,-1,-1.000000,-1.000000,456,0,0,0,0,0,-1,-1,-1,0.000000
2446,0,-1,-1,-1,-1,0,-1,-1,-1,-1.000000,-1.000000,149,0,0,0,0,0,-1,-1,-1,0.000000
2447,0,-1,-1,-1,-1,0,-1,-1,-1,-1.000000,-1.000000,265,0,0,0,0,0,-1,-1,-1,0.000000
2448,0,-1,-1,-1,-1,0,-1,-1,-1,-1.000000,-1.000000,299,0,0,0,0,0,-1,-1,-1,0.000000
2449,0,-1,-1,-1,-1,0,-1,-1,-1,-1.000000,-1.000000,215,0,0,0,0,0,-1,-1,-1,0.000000
2450,0,-1,-1,-1,-1,0,-1,-1,-1,-1.000000,-1.000000,198,0,0,0,0,0,-1,-1,-1,0.000000
2451,0,-1,-1,-1,-1,0,-1,-1,-1,-1.000000,-1.000000,113,0,0,0,0,0,-1,-1,-1,0.000000
2452,0,-1,-1,-1,-1,0,-1,-1,-1,-1.000000,-1.000000,271,0,0,0,0,0,-1,-1,-1,0.000000
2453,0,24,-1,-1,806,587,64,3,2,0.000000,0.000000,13,780,0,195,0,195,24,-1,-1,0.000000
2454,0,-1,-1,-1,-1,0,-1,-1,-1,-1.000000,-1.000000,323,0,0,0,0,0,-1,-1,-1,0.000000
2455,0,-1,-1,-1,-1,0,-1,-1,-1,-1.000000,-1.000000,386,0,0,0,0,0,-1,-1,-1,0.000000
2456,0,-1,-1,-1,-1,0,-1,-1,-1,-1.000000,-1.000000,314,0,0,0,0,0,-1,-1,-1,0.000000
2457,0,33,-1,-1,507,225,54,3,2,0.000000,0.000000,71,378,0,104,0,104,33,-1,-1,0.000000
2458,0,-1,-1,-1,-1,0,-1,-1,-1,-1.000000,-1.000000,447,0,0,0,0,0,-1,-1,-1,0.000000
2459,0,-1,-1,-1,-1,0,-1,-1,-1,-1.000000,-1.000000,137,0,0,0,0,0,-1,-1,-1,0.000000
2460,0,-1,-1,-1,-1,0,-1,-1,-1,-1.000000,-1.000000,291,0,0,0,0,0,-1,-1,-1,0.000000
2461,0,-1,-1,-1,-1,0,-1,-1,-1,-1.000000,-1.000000,239,0,0,0,0,0,-1,-1,-1,0.000000
2462,0,22,-1,-1,7409,704,66,3,2,0.000000,0.000000,15,754,0,223,0,223,22,-1,-1,0.000000
2463,0,-1,-1,-1,-1,0,-1,-1,-1,-1.000000,-1.000000,232,0,0,0,0,0,-1,-1,-1,0.000000
2464,0,27,-1,-1,3579,46,59,3,4,0.000000,0.000000,71,120,0,38,0,38,27,-1,-1,0.000000
2465,0,-1,-1,-1,-1,0,-1,-1,-1,-1.000000,-1.000000,380,0,0,0,0,0,-1,-1,-1,0.000000
2466,0,-1,-1,-1,-1,0,-1,-1,-1,-1.000000,-1.000000,310,0,0,0,0,0,-1,-1,-1,0.000000
2467,0,-1,-1,-1,-1,0,-1,-1,-1,-1.000000,-1.000000,111,0,0,0,0,0,-1,-1,-1,0.000000
2468,0,-1,-1,-1,-1,0,-1,-1,-1,-1.000000,-1.000000,350,0,0,0,0,0,-1,-1,-1,0.000000
2469,0,-1,-1,-1,-1,0,-1,-1,-1,-1.000000,-1.000000,242,0,0,0,0,0,-1,-1,-1,0.000000
2470,0,-1,-1,-1,-1,0,-1,-1,-1,-1.000000,-1.000000,460,0,0,0,0,0,-1,-1,-1,0.000000
2471,0,-1,-1,-1,-1,0,-1,-1,-1,-1.000000,-1.000000,442,0,0,0,0,0,-1,-1,-1,0.000000
2472,0,-1,-1,-1,-1,0,-1,-1,-1,-1.000000,-1.000000,239,0,0,0,0,0,-1,-1,-1,0.000000
2473,0,-1,-1,-1,-1,0,-1,-1,-1,-1.000000,-1.000000,93,0,0,0,0,0,-1,-1,-1,0.000000
2474,0,-1,-1,-1,-1,0,-1,-1,-1,-1.000000,-1.000000,175,0,0,0,0,0,-1,-1,-1,0.000000
2475,0,-1,-1,-1,-1,0,-1,-1,-1,-1.000000,-1.000000,241,0,0,0,0,0,-1,-1,-1,0.000000
2476,0,-1,-1,-1,-1,0,-1,-1,-1,-1.000000,-1.000000,327,0,0,0,0,0,-1,-1,-1,0.000000
2477,0,-1,-1,-1,-1,0,-1,-1,-1,-1.000000,-1.000000,137,0,0,0,0,0,-1,-1,-1,0.000000
2478,0,25,-1,-1,1700,499,61,3,4,0.000000,0.000000,53,595,0,114,0,114,25,-1,-1,0.000000
2479,0,-1,-1,-1,-1,0,-1,-1,-1,-1.000000,-1.000000,135,0,0,0,0,0,-1,-1,-1,0.000000
2480,0,-1,-1,-1,-1,0,-1,-1,-1,-1.000000,-1.000000,324,0,0,0,0,0,-1,-1,-1,0.000000
2481,0,22,-1,-1,1579,772,69,3,4,0.000000,0.000000,15,794,0,184,0,184,22,-1,-1,0.000000
2482,0,-1,-1,-1,-1,0,-1,-1,-1,-1.000000,-1.000000,299,0,0,0,0,0,-1,-1,-1,0.000000
2483,0,28,-1,-1,2056,182,59,3,4,0.000000,0.000000,67,274,0,94,0,94,28,-1,-1,0.000000
2484,0,28,-1,-1,2577,801,58,3,2,0.000000,0.000000,41,766,0,181,0,181,28,-1,-1,0.000000
2485,0,-1,-1,-1,-1,0,-1,-1,-1,-1.000000,-1.000000,93,0,0,0,0,0,-1,-1,-1,0.000000
2486,0,-1,-1,-1,-1,0,-1,-1,-1,-1.000000,-1.000000,320,0,0,0,0,0,-1,-1,-1,0.000000
2487,0,-1,-1,-1,-1,0,-1,-1,-1,-1.000000,-1.000000,233,0,0,0,0,0,-1,-1,-1,0.000000
2488,0,131,-1,-1,7845,2,36,3,4,0.000000,0.000000,122,13,0,9,0,9,131,-1,-1,0.000000
2489,0,66,-1,-1,3525,0,43,3,4,0.000000,0.000000,99,1,0,1,0,1,66,-1,-1,0.000000
2490,0,-1,-1,-1,-1,0,-1,-1,-1,-1.000000,-1.000000,219,0,0,0,0,0,-1,-1,-1,0.000000
2491,0,-1,-1,-1,-1,0,-1,-1,-1,-1.000000,-1.000000,177,0,0,0,0,0,-1,-1,-1,0.000000
2492,0,504,-1,-1,7382,25,21,3,4,0.000000,0.000000,85,67,0,12,0,12,504,-1,-1,0.000000
2493,0,113,-1,-1,4933,4,37,3,4,0.000000,0.000000,69,18,0,8,0,8,113,-1,-1,0.000000
2494,0,-1,-1,-1,-1,0,-1,-1,-1,-1.000000,-1.000000,362,0,0,0,0,0,-1,-1,-1,0.000000
2495,0,-1,-1,-1,-1,0,-1,-1,-1,-1.000000,-1.000000,476,0,0,0,0,0,-1,-1,-1,0.000000
2496,0,-1,-1,-1,-1,0,-1,-1,-1,-1.000000,-1.000000,243,0,0,0,0,0,-1,-1,-1,0.000000
2497,0,-1,-1,-1,-1,0,-1,-1,-1,-1.000000,-1.000000,355,0,0,0,0,0,-1,-1,-1,0.000000
2498,0,976,-1,-1,877,0,14,3,4,0.000000,0.000000,142,0,0,1,0,1,976,-1,-1,0.000000
2499,0,-1,-1,-1,-1,0,-1,-1,-1,-1.000000,-1.000000,480,0,0,0,0,0,-1,-1,-1,0.000000
2500,0,-1,-1,-1,-1,0,-1,-1,-1,-1.000000,-1.000000,113,0,0,0,0,0,-1,-1,-1,0.000000
2501,0,-1,-1,-1,-1,0,-1,-1,-1,-1.000000,-1.000000,213,0,0,0,0,0,-1,-1,-1,0.000000
2502,0,-1,-1,-1,-1,0,-1,-1,-1,-1.000000,-1.000000,305,0,0,0,0,0,-1,-1,-1,0.000000
2503,0,-1,-1,-1,-1,0,-1,-1,-1,-1.000000,-1.000000,418,0,0,0,0,0,-1,-1,-1,0.000000
2504,0,-1,-1,-1,-1,0,-1,-1,-1,-1.000000,-1.000000,141,0,0,0,0,0,-1,-1,-1,0.000000
2505,0,-1,-1,-1,-1,0,-1,-1,-1,-1.000000,-1.000000,235,0,0,0,0,0,-1,-1,-1,0.000000
2506,0,618,-1,-1,2524,2,16,3,4,0.000000,0.000000,70,26,0,8,0,8,618,-1,-1,0.000000
2507,0,-1,-1,-1,-1,0,-1,-1,-1,-1.000000,-1.000000,181,0,0,0,0,0,-1,-1,-1,0.000000
2508,0,-1,-1,-1,-1,0,-1,-1,-1,-1.000000,-1.000000,147,0,0,0,0,0,-1,-1,-1,0.000000
2509,0,-1,-1,-1,-1,0,-1,-1,-1,-1.000000,-1.000000,399,0,0,0,0,0,-1,-1,-1,0.000000
2510,0,-1,-1,-1,-1,0,-1,-1,-1,-1.000000,-1.000000,355,0,0,0,0,0,-1,-1,-1,0.000000
2511,0,-1,-1,-1,-1,0,-1,-1,-1,-1.000000,-1.000000,394,0,0,0,0,0,-1,-1,-1,0.000000
2512,0,18,-1,-1,390,651,68,3,2,0.000000,0.000000,23,790,0,191,0,191,18,-1,-1,0.000000
2513,0,-1,-1,-1,-1,0,-1,-1,-1,-1.000000,-1.000000,203,0,0,0,0,0,-1,-1,-1,0.000000
2514,0,-1,-1,-1,-1,0,-1,-1,-1,-1.000000,-1.000000,472,0,0,0,0,0,-1,-1,-1,0.000000
2515,0,-1,-1,-1,-1,0,-1,-1,-1,-1.000000,-1.000000,429,0,0,0,0,0,-1,-1,-1,0.000000
2516,0,-1,-1,-1,-1,0,-1,-1,-1,-1.000000,-1.000000,253,0,0,0,0,0,-1,-1,-1,0.000000
2517,0,-1,-1,-1,-1,0,-1,-1,-1,-1.000000,-1.000000,179,0,0,0,0,0,-1,-1,-1,0.000000
2518,0,-1,-1,-1,-1,0,-1,-1,-1,-1.000000,-1.000000,253,0,0,0,0,0,-1,-1,-1,0.000000
2519,0,-1,-1,-1,-1,0,-1,-1,-1,-1.000000,-1.000000,255,0,0,0,0,0,-1,-1,-1,0.000000
2520,0,16,-1,-1,3591,672,70,3,2,0.000000,0.000000,13,761,0,222,0,222,16,-1,-1,0.000000
2521,0,-1,-1,-1,-1,0,-1,-1,-1,-1.000000,-1.000000,171,0,0,0,0,0,-1,-1,-1,0.000000
2522,0,23,-1,-1,676,748,64,3,2,0.000000,0.000000,41,729,0,212,0,212,23,-1,-1,0.000000
2523,0,22,-1,-1,3346,577,67,3,4,0.000000,0.000000,47,681,0,295,0,295,22,-1,-1,0.000000
2524,0,-1,-1,-1,-1,0,-1,-1,-1,-1.000000,-1.000000,149,0,0,0,0,0,-1,-1,-1,0.000000
2525,0,-1,-1,-1,-1,0,-1,-1,-1,-1.000000,-1.000000,251,0,0,0,0,0,-1,-1,-1,0.000000
2526,0,-1,-1,-1,-1,0,-1,-1,-1,-1.000000,-1.000000,219,0,0,0,0,0,-1,-1,-1,0.000000
2527,0,33,-1,-1,5669,1,54,3,2,0.000000,0.000000,97,5,0,0,0,0,33,-1,-1,0.000000
2528,0,150,-1,-1,3847,658,37,3,2,0.000000,0.000000,42,639,0,114,0,114,150,-1,-1,0.000000
2529,0,-1,-1,-1,-1,0,-1,-1,-1,-1.000000,-1.000000,327,0,0,0,0,0,-1,-1,-1,0.000000
2530,0,-1,-1,-1,-1,0,-1,-1,-1,-1.000000,-1.000000,277,0,0,0,0,0,-1,-1,-1,0.000000
2531,0,-1,-1,-1,-1,0,-1,-1,-1,-1.000000,-1.000000,212,0,0,0,0,0,-1,-1,-1,0.000000
2532,0,-1,-1,-1,-1,0,-1,-1,-1,-1.000000,-1.000000,203,0,0,0,0,0,-1,-1,-1,0.000000
2533,0,-1,-1,-1,-1,0,-1,-1,-1,-1.000000,-1.000000,257,0,0,0,0,0,-1,-1,-1,0.000000
2534,0,115,-1,-1,2678,177,36,3,4,0.000000,0.000000,74,316,0,71,0,71,115,-1,-1,0.000000
2535,0,-1,-1,-1,-1,0,-1,-1,-1,-1.000000,-1.000000,139,0,0,0,0,0,-1,-1,-1,0.000000
2536,0,18,-1,-1,6982,640,68,3,2,0.000000,0.000000,11,690,0,291,0,291,18,-1,-1,0.000000
2537,0,-1,-1,-1,-1,0,-1,-1,-1,-1.000000,-1.000000,151,0,0,0,0,0,-1,-1,-1,0.000000
2538,0,124,-1,-1,7984,71,36,3,4,0.000000,0.000000,64,169,0,43,0,43,124,-1,-1,0.000000
2539,0,-1,-1,-1,-1,0,-1,-1,-1,-1.000000,-1.000000,353,0,0,0,0,0,-1,-1,-1,0.000000
2540,0,-1,-1,-1,-1,0,-1,-1,-1,-1.000000,-1.000000,173,0,0,0,0,0,-1,-1,-1,0.000000
2541,0,24,-1,-1,2428,878,64,3,2,0.000000,0.000000,33,720,0,254,0,254,24,-1,-1,0.000000
2542,0,-1,-1,-1,-1,0,-1,-1,-1,-1.000000,-1.000000,199,0,0,0,0,0,-1,-1,-1,0.000000
2543,0,-1,-1,-1,-1,0,-1,-1,-1,-1.000000,-1.000000,115,0,0,0,0,0,-1,-1,-1,0.000000
2544,0,210,-1,-1,4099,9,28,3,2,0.000000,0.000000,57,46,0,6,0,6,210,-1,-1,0.000000
2545,0,-1,-1,-1,-1,0,-1,-1,-1,-1.000000,-1.000000,291,0,0,0,0,0,-1,-1,-1,0.000000
2546,0,-1,-1,-1,-1,0,-1,-1,-1,-1.000000,-1.000000,343,0,0,0,0,0,-1,-1,-1,0.000000
2547,0,-1,-1,-1,-1,0,-1,-1,-1,-1.000000,-1.000000,335,0,0,0,0,0,-1,-1,-1,0.000000
2548,0,-1,-1,-1,-1,0,-1,-1,-1,-1.000000,-1.000000,287,0,0,0,0,0,-1,-1,-1,0.000000
2549,0,-1,-1,-1,-1,0,-1,-1,-1,-1.000000,-1.000000,293,0,0,0,0,0,-1,-1,-1,0.000000
2550,0,-1,-1,-1,-1,0,-1,-1,-1,-1.000000,-1.000000,417,0,0,0,0,0,-1,-1,-1,0.000000
2551,0,28,-1,-1,4311,643,58,3,2,0.000000,0.000000,67,619,0,243,0,243,28,-1,-1,0.000000
2552,0,7,-1,-1,4361,716,69,3,4,0.000000,0.000000,21,807,0,180,0,180,7,-1,-1,0.000000
2553,0,25,-1,-1,2829,383,60,3,2,0.000000,0.000000,49,485,0,104,0,104,25,-1,-1,0.000000
2554,0,-1,-1,-1,-1,0,-1,-1,-1,-1.000000,-1.000000,327,0,0,0,0,0,-1,-1,-1,0.000000
2555,0,-1,-1,-1,-1,0,-1,-1,-1,-1.000000,-1.000000,281,0,0,0,0,0,-1,-1,-1,0.000000
2556,0,-1,-1,-1,-1,0,-1,-1,-1,-1.000000,-1.000000,173,0,0,0,0,0,-1,-1,-1,0.000000
2557,0,28,-1,-1,1217,171,58,3,2,0.000000,0.000000,57,295,0,58,0,58,28,-1,-1,0.000000
2558,0,-1,-1,-1,-1,0,-1,-1,-1,-1.000000,-1.000000,189,0,0,0,0,0,-1,-1,-1,0.000000
2559,0,-1,-1,-1,-1,0,-1,-1,-1,-1.000000,-1.000000,372,0,0,0,0,0,-1,-1,-1,0.000000
2560,0,-1,-1,-1,-1,0,-1,-1,-1,-1.000000,-1.000000,377,0,0,0,0,0,-1,-1,-1,0.000000
2561,0,-1,-1,-1,-1,0,-1,-1,-1,-1.000000,-1.000000,221,0,0,0,0,0,-1,-1,-1,0.000000
2562,0,22,-1,-1,3906,802,68,3,2,0.000000,0.000000,17,746,0,228,0,228,22,-1,-1,0.000000
2563,0,-1,-1,-1,-1,0,-1,-1,-1,-1.000000,-1.000000,73,0,0,0,0,0,-1,-1,-1,0.000000
2564,0,-1,-1,-1,-1,0,-1,-1,-1,-1.000000,-1.000000,380,0,0,0,0,0,-1,-1,-1,0.000000
2565,0,-1,-1,-1,-1,0,-1,-1,-1,-1.000000,-1.000000,477,0,0,0,0,0,-1,-1,-1,0.000000
2566,0,-1,-1,-1,-1,0,-1,-1,-1,-1.000000,-1.000000,463,0,0,0,0,0,-1,-1,-1,0.000000
2567,0,384,-1,-1,3675,1,21,3,4,0.000000,0.000000,99,5,0,2,0,2,384,-1,-1,0.000000
2568,0,-1,-1,-1,-1,0,-1,-1,-1,-1.000000,-1.000000,145,0,0,0,0,0,-1,-1,-1,0.000000
2569,0,12,-1,-1,4977,642,68,3,2,0.000000,0.000000,23,827,0,156,0,156,12,-1,-1,0.000000
2570,0,47,-1,-1,3675,434,51,3,4,0.000000,0.000000,77,541,0,139,0,139,47,-1,-1,0.000000
2571,0,22,-1,-1,368,616,67,3,4,0.000000,0.000000,29,692,0,285,0,285,22,-1,-1,0.000000
2572,0,-1,-1,-1,-1,0,-1,-1,-1,-1.000000,-1.000000,301,0,0,0,0,0,-1,-1,-1,0.000000
2573,0,-1,-1,-1,-1,0,-1,-1,-1,-1.000000,-1.000000,269,0,0,0,0,0,-1,-1,-1,0.000000
2574,0,21,-1,-1,7452,680,71,3,4,0.000000,0.000000,9,685,0,294,0,294,21,-1,-1,0.000000
2575,0,-1,-1,-1,-1,0,-1,-1,-1,-1.000000,-1.000000,201,0,0,0,0,0,-1,-1,-1,0.000000
2576,0,-1,-1,-1,-1,0,-1,-1,-1,-1.000000,-1.000000,472,0,0,0,0,0,-1,-1,-1,0.000000
2577,0,-1,-1,-1,-1,0,-1,-1,-1,-1.000000,-1.000000,73,0,0,0,0,0,-1,-1,-1,0.000000
2578,0,-1,-1,-1,-1,0,-1,-1,-1,-1.000000,-1.000000,107,0,0,0,0,0,-1,-1,-1,0.000000
2579,0,-1,-1,-1,-1,0,-1,-1,-1,-1.000000,-1.000000,333,0,0,0,0,0,-1,-1,-1,0.000000
2580,0,-1,-1,-1,-1,0,-1,-1,-1,-1.000000,-1.000000,131,0,0,0,0,0,-1,-1,-1,0.000000
2581,0,-1,-1,-1,-1,0,-1,-1,-1,-1.000000,-1.000000,249,0,0,0,0,0,-1,-1,-1,0.000000
2582,0,-1,-1,-1,-1,0,-1,-1,-1,-1.000000,-1.000000,331,0,0,0,0,0,-1,-1,-1,0.000000
2583,0,48,-1,-1,2272,654,50,3,2,0.000000,0.000000,21,825,0,114,0,114,48,-1,-1,0.000000
2584,0,-1,-1,-1,-1,0,-1,-1,-1,-1.000000,-1.000000,399,0,0,0,0,0,-1,-1,-1,0.000000
2585,0,20,-1,-1,4245,730,69,3,4,0.000000,0.000000,13,750,0,230,0,230,20,-1,-1,0.000000
2586,0,-1,-1,-1,-1,0,-1,-1,-1,-1.000000,-1.000000,313,0,0,0,0,0,-1,-1,-1,0.000000
2587,0,-1,-1,-1,-1,0,-1,-1,-1,-1.000000,-1.000000,418,0,0,0,0,0,-1,-1,-1,0.000000
2588,0,-1,-1,-1,-1,0,-1,-1,-1,-1.000000,-1.000000,421,0,0,0,0,0,-1,-1,-1,0.000000
2589,0,24,-1,-1,5788,823,64,3,2,0.000000,0.000000,37,778,0,166,0,166,24,-1,-1,0.000000
2590,0,-1,-1,-1,-1,0,-1,-1,-1,-1.000000,-1.000000,207,0,0,0,0,0,-1,-1,-1,0.000000
2591,0,51,-1,-1,7677,10,47,3,4,0.000000,0.000000,77,46,0,20,0,20,51,-1,-1,0.000000
2592,0,-1,-1,-1,-1,0,-1,-1,-1,-1.000000,-1.000000,366,0,0,0,0,0,-1,-1,-1,0.000000
2593,0,-1,-1,-1,-1,0,-1,-1,-1,-1.000000,-1.000000,73,0,0,0,0,0,-1,-1,-1,0.000000
2594,0,27,-1,-1,5955,246,59,3,4,0.000000,0.000000,59,353,0,95,0,95,27,-1,-1,0.000000
2595,0,28,-1,-1,2477,668,58,3,2,0.000000,0.000000,75,740,0,152,0,152,28,-1,-1,0.000000
2596,0,29,-1,-1,7363,67,59,3,4,0.000000,0.000000,49,138,0,55,0,55,29,-1,-1,0.000000
2597,0,202,-1,-1,5337,372,31,3,2,0.000000,0.000000,46,453,0,80,0,80,202,-1,-1,0.000000
2598,0,24,-1,-1,7315,660,62,3,2,0.000000,0.000000,39,708,0,151,0,151,24,-1,-1,0.000000
2599,0,-1,-1,-1,-1,0,-1,-1,-1,-1.000000,-1.000000,191,0,0,0,0,0,-1,-1,-1,0.000000
2600,0,-1,-1,-1,-1,0,-1,-1,-1,-1.000000,-1.000000,255,0,0,0,0,0,-1,-1,-1,0.000000
2601,0,-1,-1,-1,-1,0,-1,-1,-1,-1.000000,-1.000000,283,0,0,0,0,0,-1,-1,-1,0.000000
2602,0,-1,-1,-1,-1,0,-1,-1,-1,-1.000000,-1.000000,450,0,0,0,0,0,-1,-1,-1,0.000000
2603,0,-1,-1,-1,-1,0,-1,-1,-1,-1.000000,-1.000000,413,0,0,0,0,0,-1,-1,-1,0.000000
2604,0,220,-1,-1,6743,32,28,3,2,0.000000,0.000000,91,122,0,29,0,29,220,-1,-1,0.000000
2605,0,-1,-1,-1,-1,0,-1,-1,-1,-1.000000,-1.000000,165,0,0,0,0,0,-1,-1,-1,0.000000
2606,0,666,-1,-1,7092,217,18,3,2,0.000000,0.000000,31,235,0,41,0,41,666,-1,-1,0.000000
2607,0,39,-1,-1,3241,362,53,3,2,0.000000,0.000000,76,476,0,97,0,97,39,-1,-1,0.000000
2608,0,35,-1,-1,93,386,56,3,2,0.000000,0.000000,47,515,0,99,0,99,35,-1,-1,0.000000
2609,0,-1,-1,-1,-1,0,-1,-1,-1,-1.000000,-1.000000,159,0,0,0,0,0,-1,-1,-1,0.000000
2610,0,-1,-1,-1,-1,0,-1,-1,-1,-1.000000,-1.000000,70,0,0,0,0,0,-1,-1,-1,0.000000
2611,0,-1,-1,-1,-1,0,-1,-1,-1,-1.000000,-1.000000,94,0,0,0,0,0,-1,-1,-1,0.000000
2612,0,-1,-1,-1,-1,0,-1,-1,-1,-1.000000,-1.000000,86,0,0,0,0,0,-1,-1,-1,0.000000
2613,0,-1,-1,-1,-1,0,-1,-1,-1,-1.000000,-1.000000,82,0,0,0,0,0,-1,-1,-1,0.000000
2614,0,-1,-1,-1,-1,0,-1,-1,-1,-1.000000,-1.000000,187,0,0,0,0,0,-1,-1,-1,0.000000
2615,0,-1,-1,-1,-1,0,-1,-1,-1,-1.000000,-1.000000,333,0,0,0,0,0,-1,-1,-1,0.000000
2616,0,731,-1,-1,2755,0,17,3,4,0.000000,0.000000,129,3,0,0,0,0,731,-1,-1,0.000000
2617,0,-1,-1,-1,-1,0,-1,-1,-1,-1.000000,-1.000000,335,0,0,0,0,0,-1,-1,-1,0.000000
2618,0,-1,-1,-1,-1,0,-1,-1,-1,-1.000000,-1.000000,25,0,0,0,0,0,-1,-1,-1,0.000000
2619,0,-1,-1,-1,-1,0,-1,-1,-1,-1.000000,-1.000000,213,0,0,0,0,0,-1,-1,-1,0.000000
2620,0,43,-1,-1,4901,188,51,3,4,0.000000,0.000000,69,321,0,93,0,93,43,-1,-1,0.000000
2621,0,-1,-1,-1,-1,0,-1,-1,-1,-1.000000,-1.000000,239,0,0,0,0,0,-1,-1,-1,0.000000
2622,0,-1,-1,-1,-1,0,-1,-1,-1,-1.000000,-1.000000,235,0,0,0,0,0,-1,-1,-1,0.000000
2623,0,-1,-1,-1,-1,0,-1,-1,-1,-1.000000,-1.000000,291,0,0,0,0,0,-1,-1,-1,0.000000
2624,0,-1,-1,-1,-1,0,-1,-1,-1,-1.000000,-1.000000,241,0,0,0,0,0,-1,-1,-1,0.000000
2625,0,-1,-1,-1,-1,0,-1,-1,-1,-1.000000,-1.000000,159,0,0,0,0,0,-1,-1,-1,0.000000
2626,0,-1,-1,-1,-1,0,-1,-1,-1,-1.000000,-1.000000,371,0,0,0,0,0,-1,-1,-1,0.000000
2627,0,-1,-1,-1,-1,0,-1,-1,-1,-1.000000,-1.000000,207,0,0,0,0,0,-1,-1,-1,0.000000
2628,0,-1,-1,-1,-1,0,-1,-1,-1,-1.000000,-1.000000,447,0,0,0,0,0,-1,-1,-1,0.000000
2629,0,28,-1,-1,5783,718,58,3,2,0.000000,0.000000,53,670,0,297,0,297,28,-1,-1,0.000000
2630,0,-1,-1,-1,-1,0,-1,-1,-1,-1.000000,-1.000000,147,0,0,0,0,0,-1,-1,-1,0.000000
2631,0,-1,-1,-1,-1,0,-1,-1,-1,-1.000000,-1.000000,107,0,0,0,0,0,-1,-1,-1,0.000000
2632,0,-1,-1,-1,-1,0,-1,-1,-1,-1.000000,-1.000000,301,0,0,0,0,0,-1,-1,-1,0.000000
2633,0,-1,-1,-1,-1,0,-1,-1,-1,-1.000000,-1.000000,340,0,0,0,0,0,-1,-1,-1,0.000000
2634,0,-1,-1,-1,-1,0,-1,-1,-1,-1.000000,-1.000000,282,0,0,0,0,0,-1,-1,-1,0.000000
2635,0,68,-1,-1,4829,33,43,3,4,0.000000,0.000000,85,71,0,32,0,32,68,-1,-1,0.000000
2636,0,24,-1,-1,4208,779,65,3,4,0.000000,0.000000,35,759,0,157,0,157,24,-1,-1,0.000000
2637,0,28,-1,-1,7199,45,60,3,2,0.000000,0.000000,67,98,0,34,0,34,28,-1,-1,0.000000
2638,0,-1,-1,-1,-1,0,-1,-1,-1,-1.000000,-1.000000,287,0,0,0,0,0,-1,-1,-1,0.000000
2639,0,-1,-1,-1,-1,0,-1,-1,-1,-1.000000,-1.000000,143,0,0,0,0,0,-1,-1,-1,0.000000
2640,0,-1,-1,-1,-1,0,-1,-1,-1,-1.000000,-1.000000,105,0,0,0,0,0,-1,-1,-1,0.000000
2641,0,-1,-1,-1,-1,0,-1,-1,-1,-1.000000,-1.000000,206,0,0,0,0,0,-1,-1,-1,0.000000
2642,0,-1,-1,-1,-1,0,-1,-1,-1,-1.000000,-1.000000,289,0,0,0,0,0,-1,-1,-1,0.000000
2643,0,-1,-1,-1,-1,0,-1,-1,-1,-1.000000,-1.000000,305,0,0,0,0,0,-1,-1,-1,0.000000
2644,0,-1,-1,-1,-1,0,-1,-1,-1,-1.000000,-1.000000,436,0,0,0,0,0,-1,-1,-1,0.000000
2645,0,-1,-1,-1,-1,0,-1,-1,-1,-1.000000,-1.000000,71,0,0,0,0,0,-1,-1,-1,0.000000
2646,0,-1,-1,-1,-1,0,-1,-1,-1,-1.000000,-1.000000,137,0,0,0,0,0,-1,-1,-1,0.000000
2647,0,-1,-1,-1,-1,0,-1,-1,-1,-1.000000,-1.000000,242,0,0,0,0,0,-1,-1,-1,0.000000
2648,0,-1,-1,-1,-1,0,-1,-1,-1,-1.000000,-1.000000,239,0,0,0,0,0,-1,-1,-1,0.000000
2649,0,-1,-1,-1,-1,0,-1,-1,-1,-1.000000,-1.000000,265,0,0,0,0,0,-1,-1,-1,0.000000
2650,0,-1,-1,-1,-1,0,-1,-1,-1,-1.000000,-1.000000,144,0,0,0,0,0,-1,-1,-1,0.000000
2651,0,57,-1,-1,2822,22,46,3,2,0.000000,0.000000,83,74,0,30,0,30,57,-1,-1,0.000000
2652,0,-1,-1,-1,-1,0,-1,-1,-1,-1.000000,-1.000000,385,0,0,0,0,0,-1,-1,-1,0.000000
2653,0,-1,-1,-1,-1,0,-1,-1,-1,-1.000000,-1.000000,329,0,0,0,0,0,-1,-1,-1,0.000000
2654,0,-1,-1,-1,-1,0,-1,-1,-1,-1.000000,-1.000000,209,0,0,0,0,0,-1,-1,-1,0.000000
2655,0,-1,-1,-1,-1,0,-1,-1,-1,-1.000000,-1.000000,95,0,0,0,0,0,-1,-1,-1,0.000000
2656,0,-1,-1,-1,-1,0,-1,-1,-1,-1.000000,-1.000000,135,0,0,0,0,0,-1,-1,-1,0.000000
2657,0,-1,-1,-1,-1,0,-1,-1,-1,-1.000000,-1.000000,236,0,0,0,0,0,-1,-1,-1,0.000000
2658,0,-1,-1,-1,-1,0,-1,-1,-1,-1.000000,-1.000000,239,0,0,0,0,0,-1,-1,-1,0.000000
2659,0,-1,-1,-1,-1,0,-1,-1,-1,-1.000000,-1.000000,335,0,0,0,0,0,-1,-1,-1,0.000000
2660,0,-1,-1,-1,-1,0,-1,-1,-1,-1.000000,-1.000000,135,0,0,0,0,0,-1,-1,-1,0.000000
2661,0,-1,-1,-1,-1,0,-1,-1,-1,-1.000000,-1.000000,353,0,0,0,0,0,-1,-1,-1,0.000000
2662,0,-1,-1,-1,-1,0,-1,-1,-1,-1.000000,-1.000000,67,0,0,0,0,0,-1,-1,-1,0.000000
2663,0,948,-1,-1,2327,0,12,3,4,0.000000,0.000000,100,1,0,0,0,0,948,-1,-1,0.000000
2664,0,-1,-1,-1,-1,0,-1,-1,-1,-1.000000,-1.000000,373,0,0,0,0,0,-1,-1,-1,0.000000
2665,0,21,-1,-1,4179,581,66,3,2,0.000000,0.000000,31,631,0,347,0,347,21,-1,-1,0.000000
2666,0,-1,-1,-1,-1,0,-1,-1,-1,-1.000000,-1.000000,107,0,0,0,0,0,-1,-1,-1,0.000000
2667,0,-1,-1,-1,-1,0,-1,-1,-1,-1.000000,-1.000000,342,0,0,0,0,0,-1,-1,-1,0.000000
2668,0,-1,-1,-1,-1,0,-1,-1,-1,-1.000000,-1.000000,156,0,0,0,0,0,-1,-1,-1,0.000000
2669,0,-1,-1,-1,-1,0,-1,-1,-1,-1.000000,-1.000000,373,0,0,0,0,0,-1,-1,-1,0.000000
2670,0,33,-1,-1,931,665,54,3,2,0.000000,0.000000,57,683,0,187,0,187,33,-1,-1,0.000000
2671,0,-1,-1,-1,-1,0,-1,-1,-1,-1.000000,-1.000000,331,0,0,0,0,0,-1,-1,-1,0.000000
2672,0,-1,-1,-1,-1,0,-1,-1,-1,-1.000000,-1.000000,397,0,0,0,0,0,-1,-1,-1,0.000000
2673,0,63,-1,-1,282,82,45,3,4,0.000000,0.000000,77,140,0,46,0,46,63,-1,-1,0.000000
2674,0,-1,-1,-1,-1,0,-1,-1,-1,-1.000000,-1.000000,349,0,0,0,0,0,-1,-1,-1,0.000000
2675,0,-1,-1,-1,-1,0,-1,-1,-1,-1.000000,-1.000000,189,0,0,0,0,0,-1,-1,-1,0.000000
2676,0,-1,-1,-1,-1,0,-1,-1,-1,-1.000000,-1.000000,134,0,0,0,0,0,-1,-1,-1,0.000000
2677,0,-1,-1,-1,-1,0,-1,-1,-1,-1.000000,-1.000000,431,0,0,0,0,0,-1,-1,-1,0.000000
2678,0,-1,-1,-1,-1,0,-1,-1,-1,-1.000000,-1.000000,114,0,0,0,0,0,-1,-1,-1,0.000000
2679,0,-1,-1,-1,-1,0,-1,-1,-1,-1.000000,-1.000000,289,0,0,0,0,0,-1,-1,-1,0.000000
2680,0,-1,-1,-1,-1,0,-1,-1,-1,-1.000000,-1.000000,367,0,0,0,0,0,-1,-1,-1,0.000000
2681,0,-1,-1,-1,-1,0,-1,-1,-1,-1.000000,-1.000000,385,0,0,0,0,0,-1,-1,-1,0.000000
2682,0,-1,-1,-1,-1,0,-1,-1,-1,-1.000000,-1.000000,319,0,0,0,0,0,-1,-1,-1,0.000000
2683,0,-1,-1,-1,-1,0,-1,-1,-1,-1.000000,-1.000000,189,0,0,0,0,0,-1,-1,-1,0.000000
2684,0,66,-1,-1,1575,0,43,3,4,0.000000,0.000000,89,1,0,2,0,2,66,-1,-1,0.000000
2685,0,12,-1,-1,4213,787,68,3,2,0.000000,0.000000,21,765,0,216,0,216,12,-1,-1,0.000000
2686,0,-1,-1,-1,-1,0,-1,-1,-1,-1.000000,-1.000000,149,0,0,0,0,0,-1,-1,-1,0.000000
2687,0,-1,-1,-1,-1,0,-1,-1,-1,-1.000000,-1.000000,319,0,0,0,0,0,-1,-1,-1,0.000000
2688,0,-1,-1,-1,-1,0,-1,-1,-1,-1.000000,-1.000000,189,0,0,0,0,0,-1,-1,-1,0.000000
2689,0,-1,-1,-1,-1,0,-1,-1,-1,-1.000000,-1.000000,434,0,0,0,0,0,-1,-1,-1,0.000000
2690,0,-1,-1,-1,-1,0,-1,-1,-1,-1.000000,-1.000000,203,0,0,0,0,0,-1,-1,-1,0.000000
2691,0,-1,-1,-1,-1,0,-1,-1,-1,-1.000000,-1.000000,102,0,0,0,0,0,-1,-1,-1,0.000000
2692,0,26,-1,-1,994,180,61,3,4,0.000000,0.000000,43,308,0,70,0,70,26,-1,-1,0.000000
2693,0,-1,-1,-1,-1,0,-1,-1,-1,-1.000000,-1.000000,158,0,0,0,0,0,-1,-1,-1,0.000000
2694,0,-1,-1,-1,-1,0,-1,-1,-1,-1.000000,-1.000000,341,0,0,0,0,0,-1,-1,-1,0.000000
2695,0,48,-1,-1,1571,694,48,3,4,0.000000,0.000000,38,705,0,149,0,149,48,-1,-1,0.000000
2696,0,-1,-1,-1,-1,0,-1,-1,-1,-1.000000,-1.000000,402,0,0,0,0,0,-1,-1,-1,0.000000
2697,0,25,-1,-1,4869,250,62,3,2,0.000000,0.000000,61,346,0,85,0,85,25,-1,-1,0.000000
2698,0,-1,-1,-1,-1,0,-1,-1,-1,-1.000000,-1.000000,275,0,0,0,0,0,-1,-1,-1,0.000000
2699,0,-1,-1,-1,-1,0,-1,-1,-1,-1.000000,-1.000000,371,0,0,0,0,0,-1,-1,-1,0.000000
2700,0,-1,-1,-1,-1,0,-1,-1,-1,-1.000000,-1.000000,276,0,0,0,0,0,-1,-1,-1,0.000000
2701,0,-1,-1,-1,-1,0,-1,-1,-1,-1.000000,-1.000000,359,0,0,0,0,0,-1,-1,-1,0.000000
2702,0,-1,-1,-1,-1,0,-1,-1,-1,-1.000000,-1.000000,371,0,0,0,0,0,-1,-1,-1,0.000000
2703,0,22,-1,-1,6141,841,66,3,2,0.000000,0.000000,37,758,0,212,0,212,22,-1,-1,0.000000
2704,0,-1,-1,-1,-1,0,-1,-1,-1,-1.000000,-1.000000,325,0,0,0,0,0,-1,-1,-1,0.000000
2705,0,-1,-1,-1,-1,0,-1,-1,-1,-1.000000,-1.000000,151,0,0,0,0,0,-1,-1,-1,0.000000
2706,0,-1,-1,-1,-1,0,-1,-1,-1,-1.000000,-1.000000,219,0,0,0,0,0,-1,-1,-1,0.000000
2707,0,52,-1,-1,2468,11,49,3,2,0.000000,0.000000,56,46,0,14,0,14,52,-1,-1,0.000000
2708,0,-1,-1,-1,-1,0,-1,-1,-1,-1.000000,-1.000000,285,0,0,0,0,0,-1,-1,-1,0.000000
2709,0,-1,-1,-1,-1,0,-1,-1,-1,-1.000000,-1.000000,273,0,0,0,0,0,-1,-1,-1,0.000000
2710,0,-1,-1,-1,-1,0,-1,-1,-1,-1.000000,-1.000000,406,0,0,0,0,0,-1,-1,-1,0.000000
2711,0,-1,-1,-1,-1,0,-1,-1,-1,-1.000000,-1.000000,235,0,0,0,0,0,-1,-1,-1,0.000000
2712,0,-1,-1,-1,-1,0,-1,-1,-1,-1.000000,-1.000000,294,0,0,0,0,0,-1,-1,-1,0.000000
2713,0,-1,-1,-1,-1,0,-1,-1,-1,-1.000000,-1.000000,203,0,0,0,0,0,-1,-1,-1,0.000000
2714,0,-1,-1,-1,-1,0,-1,-1,-1,-1.000000,-1.000000,118,0,0,0,0,0,-1,-1,-1,0.000000
2715,0,-1,-1,-1,-1,0,-1,-1,-1,-1.000000,-1.000000,480,0,0,0,0,0,-1,-1,-1,0.000000
2716,0,26,-1,-1,7295,832,60,3,2,0.000000,0.000000,65,698,0,265,0,265,26,-1,-1,0.000000
2717,0,-1,-1,-1,-1,0,-1,-1,-1,-1.000000,-1.000000,333,0,0,0,0,0,-1,-1,-1,0.000000
2718,0,-1,-1,-1,-1,0,-1,-1,-1,-1.000000,-1.000000,289,0,0,0,0,0,-1,-1,-1,0.000000
2719,0,-1,-1,-1,-1,0,-1,-1,-1,-1.000000,-1.000000,358,0,0,0,0,0,-1,-1,-1,0.000000
2720,0,22,-1,-1,5592,842,67,3,4,0.000000,0.000000,45,750,0,228,0,228,22,-1,-1,0.000000
2721,0,-1,-1,-1,-1,0,-1,-1,-1,-1.000000,-1.000000,392,0,0,0,0,0,-1,-1,-1,0.000000
2722,0,-1,-1,-1,-1,0,-1,-1,-1,-1.000000,-1.000000,207,0,0,0,0,0,-1,-1,-1,0.000000
2723,0,-1,-1,-1,-1,0,-1,-1,-1,-1.000000,-1.000000,211,0,0,0,0,0,-1,-1,-1,0.000000
2724,0,29,-1,-1,3122,403,58,3,2,0.000000,0.000000,75,468,0,146,0,146,29,-1,-1,0.000000
2725,0,24,-1,-1,2411,662,62,3,2,0.000000,0.000000,51,667,0,205,0,205,24,-1,-1,0.000000
2726,0,97,-1,-1,7764,1,41,3,4,0.000000,0.000000,73,7,0,2,0,2,97,-1,-1,0.000000
2727,0,20,-1,-1,2115,702,67,3,4,0.000000,0.000000,37,775,0,200,0,200,20,-1,-1,0.000000
2728,0,52,-1,-1,4516,0,48,3,4,0.000000,0.000000,72,4,0,4,0,4,52,-1,-1,0.000000
2729,0,-1,-1,-1,-1,0,-1,-1,-1,-1.000000,-1.000000,427,0,0,0,0,0,-1,-1,-1,0.000000
2730,0,-1,-1,-1,-1,0,-1,-1,-1,-1.000000,-1.000000,229,0,0,0,0,0,-1,-1,-1,0.000000
2731,0,-1,-1,-1,-1,0,-1,-1,-1,-1.000000,-1.000000,492,0,0,0,0,0,-1,-1,-1,0.000000
2732,0,-1,-1,-1,-1,0,-1,-1,-1,-1.000000,-1.000000,337,0,0,0,0,0,-1,-1,-1,0.000000
2733,0,-1,-1,-1,-1,0,-1,-1,-1,-1.000000,-1.000000,133,0,0,0,0,0,-1,-1,-1,0.000000
2734,0,-1,-1,-1,-1,0,-1,-1,-1,-1.000000,-1.000000,119,0,0,0,0,0,-1,-1,-1,0.000000
2735,0,25,-1,-1,7696,764,63,3,4,0.000000,0.000000,59,686,0,225,0,225,25,-1,-1,0.000000
2736,0,67,-1,-1,1462,8,43,3,4,0.000000,0.000000,79,20,0,6,0,6,67,-1,-1,0.000000
2737,0,120,-1,-1,3060,200,38,3,2,0.000000,0.000000,61,286,0,78,0,78,120,-1,-1,0.000000
2738,0,24,-1,-1,7543,333,66,3,2,0.000000,0.000000,57,403,0,117,0,117,24,-1,-1,0.000000
2739,0,51,-1,-1,1546,7,47,3,4,0.000000,0.000000,71,23,0,5,0,5,51,-1,-1,0.000000
2740,0,-1,-1,-1,-1,0,-1,-1,-1,-1.000000,-1.000000,407,0,0,0,0,0,-1,-1,-1,0.000000
2741,0,-1,-1,-1,-1,0,-1,-1,-1,-1.000000,-1.000000,351,0,0,0,0,0,-1,-1,-1,0.000000
2742,0,-1,-1,-1,-1,0,-1,-1,-1,-1.000000,-1.000000,273,0,0,0,0,0,-1,-1,-1,0.000000
2743,0,33,-1,-1,368,604,57,3,4,0.000000,0.000000,73,623,0,168,0,168,33,-1,-1,0.000000
2744,0,-1,-1,-1,-1,0,-1,-1,-1,-1.000000,-1.000000,467,0,0,0,0,0,-1,-1,-1,0.000000
2745,0,38,-1,-1,93,489,53,3,4,0.000000,0.000000,51,653,0,115,0,115,38,-1,-1,0.000000
2746,0,172,-1,-1,2624,479,32,3,4,0.000000,0.000000,52,522,0,124,0,124,172,-1,-1,0.000000
2747,0,-1,-1,-1,-1,0,-1,-1,-1,-1.000000,-1.000000,220,0,0,0,0,0,-1,-1,-1,0.000000
2748,0,152,-1,-1,1772,1,36,3,2,0.000000,0.000000,87,2,0,0,0,0,152,-1,-1,0.000000
2749,0,-1,-1,-1,-1,0,-1,-1,-1,-1.000000,-1.000000,101,0,0,0,0,0,-1,-1,-1,0.000000
2750,0,-1,-1,-1,-1,0,-1,-1,-1,-1.000000,-1.000000,377,0,0,0,0,0,-1,-1,-1,0.000000
2751,0,22,-1,-1,1129,834,65,3,4,0.000000,0.000000,29,764,0,174,0,174,22,-1,-1,0.000000
2752,0,-1,-1,-1,-1,0,-1,-1,-1,-1.000000,-1.000000,350,0,0,0,0,0,-1,-1,-1,0.000000
2753,0,-1,-1,-1,-1,0,-1,-1,-1,-1.000000,-1.000000,87,0,0,0,0,0,-1,-1,-1,0.000000
2754,0,23,-1,-1,1865,826,64,3,2,0.000000,0.000000,15,714,0,260,0,260,23,-1,-1,0.000000
2755,0,-1,-1,-1,-1,0,-1,-1,-1,-1.000000,-1.000000,103,0,0,0,0,0,-1,-1,-1,0.000000
2756,0,-1,-1,-1,-1,0,-1,-1,-1,-1.000000,-1.000000,381,0,0,0,0,0,-1,-1,-1,0.000000
2757,0,-1,-1,-1,-1,0,-1,-1,-1,-1.000000,-1.000000,235,0,0,0,0,0,-1,-1,-1,0.000000
2758,0,-1,-1,-1,-1,0,-1,-1,-1,-1.000000,-1.000000,496,0,0,0,0,0,-1,-1,-1,0.000000
2759,0,-1,-1,-1,-1,0,-1,-1,-1,-1.000000,-1.000000,303,0,0,0,0,0,-1,-1,-1,0.000000
2760,0,-1,-1,-1,-1,0,-1,-1,-1,-1.000000,-1.000000,406,0,0,0,0,0,-1,-1,-1,0.000000
2761,0,-1,-1,-1,-1,0,-1,-1,-1,-1.000000,-1.000000,298,0,0,0,0,0,-1,-1,-1,0.000000
2762,0,31,-1,-1,2298,389,57,3,4,0.000000,0.000000,81,505,0,143,0,143,31,-1,-1,0.000000
2763,0,-1,-1,-1,-1,0,-1,-1,-1,-1.000000,-1.000000,193,0,0,0,0,0,-1,-1,-1,0.000000
2764,0,22,-1,-1,2030,734,66,3,2,0.000000,0.000000,55,748,0,173,0,173,22,-1,-1,0.000000
2765,0,-1,-1,-1,-1,0,-1,-1,-1,-1.000000,-1.000000,500,0,0,0,0,0,-1,-1,-1,0.000000
2766,0,12,-1,-1,4439,603,68,3,2,0.000000,0.000000,21,679,0,308,0,308,12,-1,-1,0.000000
2767,0,-1,-1,-1,-1,0,-1,-1,-1,-1.000000,-1.000000,137,0,0,0,0,0,-1,-1,-1,0.000000
2768,0,-1,-1,-1,-1,0,-1,-1,-1,-1.000000,-1.000000,196,0,0,0,0,0,-1,-1,-1,0.000000
2769,0,-1,-1,-1,-1,0,-1,-1,-1,-1.000000,-1.000000,107,0,0,0,0,0,-1,-1,-1,0.000000
2770,0,-1,-1,-1,-1,0,-1,-1,-1,-1.000000,-1.000000,138,0,0,0,0,0,-1,-1,-1,0.000000
2771,0,-1,-1,-1,-1,0,-1,-1,-1,-1.000000,-1.000000,245,0,0,0,0,0,-1,-1,-1,0.000000
2772,0,-1,-1,-1,-1,0,-1,-1,-1,-1.000000,-1.000000,163,0,0,0,0,0,-1,-1,-1,0.000000
2773,0,-1,-1,-1,-1,0,-1,-1,-1,-1.000000,-1.000000,154,0,0,0,0,0,-1,-1,-1,0.000000
2774,0,-1,-1,-1,-1,0,-1,-1,-1,-1.000000,-1.000000,181,0,0,0,0,0,-1,-1,-1,0.000000
2775,0,-1,-1,-1,-1,0,-1,-1,-1,-1.000000,-1.000000,307,0,0,0,0,0,-1,-1,-1,0.000000
2776,0,-1,-1,-1,-1,0,-1,-1,-1,-1.000000,-1.000000,298,0,0,0,0,0,-1,-1,-1,0.000000
2777,0,-1,-1,-1,-1,0,-1,-1,-1,-1.000000,-1.000000,291,0,0,0,0,0,-1,-1,-1,0.000000
2778,0,-1,-1,-1,-1,0,-1,-1,-1,-1.000000,-1.000000,125,0,0,0,0,0,-1,-1,-1,0.000000
2779,0,-1,-1,-1,-1,0,-1,-1,-1,-1.000000,-1.000000,275,0,0,0,0,0,-1,-1,-1,0.000000
2780,0,-1,-1,-1,-1,0,-1,-1,-1,-1.000000,-1.000000,327,0,0,0,0,0,-1,-1,-1,0.000000
2781,0,-1,-1,-1,-1,0,-1,-1,-1,-1.000000,-1.000000,187,0,0,0,0,0,-1,-1,-1,0.000000
2782,0,-1,-1,-1,-1,0,-1,-1,-1,-1.000000,-1.000000,103,0,0,0,0,0,-1,-1,-1,0.000000
2783,0,-1,-1,-1,-1,0,-1,-1,-1,-1.000000,-1.000000,451,0,0,0,0,0,-1,-1,-1,0.000000
2784,0,-1,-1,-1,-1,0,-1,-1,-1,-1.000000,-1.000000,113,0,0,0,0,0,-1,-1,-1,0.000000
2785,0,-1,-1,-1,-1,0,-1,-1,-1,-1.000000,-1.000000,130,0,0,0,0,0,-1,-1,-1,0.000000
2786,0,-1,-1,-1,-1,0,-1,-1,-1,-1.000000,-1.000000,189,0,0,0,0,0,-1,-1,-1,0.000000
2787,0,36,-1,-1,2272,650,52,3,2,0.000000,0.000000,35,758,0,103,0,103,36,-1,-1,0.000000
2788,0,-1,-1,-1,-1,0,-1,-1,-1,-1.000000,-1.000000,414,0,0,0,0,0,-1,-1,-1,0.000000
2789,0,-1,-1,-1,-1,0,-1,-1,-1,-1.000000,-1.000000,508,0,0,0,0,0,-1,-1,-1,0.000000
2790,0,-1,-1,-1,-1,0,-1,-1,-1,-1.000000,-1.000000,243,0,0,0,0,0,-1,-1,-1,0.000000
2791,0,-1,-1,-1,-1,0,-1,-1,-1,-1.000000,-1.000000,203,0,0,0,0,0,-1,-1,-1,0.000000
2792,0,166,-1,-1,437,2,34,3,2,0.000000,0.000000,67,11,0,3,0,3,166,-1,-1,0.000000
2793,0,121,-1,-1,6331,0,37,3,4,0.000000,0.000000,75,1,0,0,0,0,121,-1,-1,0.000000
2794,0,23,-1,-1,5472,691,64,3,4,0.000000,0.000000,10,779,0,198,0,198,23,-1,-1,0.000000
2795,0,-1,-1,-1,-1,0,-1,-1,-1,-1.000000,-1.000000,155,0,0,0,0,0,-1,-1,-1,0.000000
2796,0,-1,-1,-1,-1,0,-1,-1,-1,-1.000000,-1.000000,181,0,0,0,0,0,-1,-1,-1,0.000000
2797,0,29,-1,-1,3502,132,56,3,2,0.000000,0.000000,67,226,0,63,0,63,29,-1,-1,0.000000
2798,0,-1,-1,-1,-1,0,-1,-1,-1,-1.000000,-1.000000,210,0,0,0,0,0,-1,-1,-1,0.000000
2799,0,-1,-1,-1,-1,0,-1,-1,-1,-1.000000,-1.000000,265,0,0,0,0,0,-1,-1,-1,0.000000
2800,0,-1,-1,-1,-1,0,-1,-1,-1,-1.000000,-1.000000,235,0,0,0,0,0,-1,-1,-1,0.000000
2801,0,-1,-1,-1,-1,0,-1,-1,-1,-1.000000,-1.000000,381,0,0,0,0,0,-1,-1,-1,0.000000
2802,0,-1,-1,-1,-1,0,-1,-1,-1,-1.000000,-1.000000,117,0,0,0,0,0,-1,-1,-1,0.000000
2803,0,-1,-1,-1,-1,0,-1,-1,-1,-1.000000,-1.000000,389,0,0,0,0,0,-1,-1,-1,0.000000
2804,0,-1,-1,-1,-1,0,-1,-1,-1,-1.000000,-1.000000,193,0,0,0,0,0,-1,-1,-1,0.000000
2805,0,-1,-1,-1,-1,0,-1,-1,-1,-1.000000,-1.000000,343,0,0,0,0,0,-1,-1,-1,0.000000
2806,0,24,-1,-1,6899,454,63,3,4,0.000000,0.000000,45,533,0,132,0,132,24,-1,-1,0.000000
2807,0,-1,-1,-1,-1,0,-1,-1,-1,-1.000000,-1.000000,447,0,0,0,0,0,-1,-1,-1,0.000000
2808,0,-1,-1,-1,-1,0,-1,-1,-1,-1.000000,-1.000000,183,0,0,0,0,0,-1,-1,-1,0.000000
2809,0,-1,-1,-1,-1,0,-1,-1,-1,-1.000000,-1.000000,115,0,0,0,0,0,-1,-1,-1,0.000000
2810,0,30,-1,-1,1469,10,59,3,4,0.000000,0.000000,67,48,0,11,0,11,30,-1,-1,0.000000
2811,0,-1,-1,-1,-1,0,-1,-1,-1,-1.000000,-1.000000,157,0,0,0,0,0,-1,-1,-1,0.000000
2812,0,-1,-1,-1,-1,0,-1,-1,-1,-1.000000,-1.000000,298,0,0,0,0,0,-1,-1,-1,0.000000
2813,0,-1,-1,-1,-1,0,-1,-1,-1,-1.000000,-1.000000,287,0,0,0,0,0,-1,-1,-1,0.000000
2814,0,-1,-1,-1,-1,0,-1,-1,-1,-1.000000,-1.000000,505,0,0,0,0,0,-1,-1,-1,0.000000
2815,0,9,-1,-1,7738,703,68,3,2,0.000000,0.000000,13,734,0,252,0,252,9,-1,-1,0.000000
2816,0,42,-1,-1,6631,6,50,3,2,0.000000,0.000000,83,16,0,3,0,3,42,-1,-1,0.000000
2817,0,-1,-1,-1,-1,0,-1,-1,-1,-1.000000,-1.000000,221,0,0,0,0,0,-1,-1,-1,0.000000
2818,0,24,-1,-1,7911,709,64,3,2,0.000000,0.000000,37,733,0,240,0,240,24,-1,-1,0.000000
2819,0,-1,-1,-1,-1,0,-1,-1,-1,-1.000000,-1.000000,203,0,0,0,0,0,-1,-1,-1,0.000000
2820,0,-1,-1,-1,-1,0,-1,-1,-1,-1.000000,-1.000000,241,0,0,0,0,0,-1,-1,-1,0.000000
2821,0,-1,-1,-1,-1,0,-1,-1,-1,-1.000000,-1.000000,259,0,0,0,0,0,-1,-1,-1,0.000000
2822,0,-1,-1,-1,-1,0,-1,-1,-1,-1.000000,-1.000000,215,0,0,0,0,0,-1,-1,-1,0.000000
2823,0,-1,-1,-1,-1,0,-1,-1,-1,-1.000000,-1.000000,279,0,0,0,0,0,-1,-1,-1,0.000000
2824,0,-1,-1,-1,-1,0,-1,-1,-1,-1.000000,-1.000000,111,0,0,0,0,0,-1,-1,-1,0.000000
2825,0,-1,-1,-1,-1,0,-1,-1,-1,-1.000000,-1.000000,464,0,0,0,0,0,-1,-1,-1,0.000000
2826,0,-1,-1,-1,-1,0,-1,-1,-1,-1.000000,-1.000000,187,0,0,0,0,0,-1,-1,-1,0.000000
2827,0,-1,-1,-1,-1,0,-1,-1,-1,-1.000000,-1.000000,145,0,0,0,0,0,-1,-1,-1,0.000000
2828,0,-1,-1,-1,-1,0,-1,-1,-1,-1.000000,-1.000000,115,0,0,0,0,0,-1,-1,-1,0.000000
2829,0,-1,-1,-1,-1,0,-1,-1,-1,-1.000000,-1.000000,199,0,0,0,0,0,-1,-1,-1,0.000000
2830,0,-1,-1,-1,-1,0,-1,-1,-1,-1.000000,-1.000000,139,0,0,0,0,0,-1,-1,-1,0.000000
2831,0,975,-1,-1,3951,0,12,3,4,0.000000,0.000000,92,1,0,0,0,0,975,-1,-1,0.000000
2832,0,-1,-1,-1,-1,0,-1,-1,-1,-1.000000,-1.000000,161,0,0,0,0,0,-1,-1,-1,0.000000
2833,0,25,-1,-1,1317,676,63,3,4,0.000000,0.000000,9,798,0,177,0,177,25,-1,-1,0.000000
2834,0,22,-1,-1,1977,757,66,3,2,0.000000,0.000000,43,752,0,225,0,225,22,-1,-1,0.000000
2835,0,26,-1,-1,4690,756,60,3,2,0.000000,0.000000,57,679,0,284,0,284,26,-1,-1,0.000000
2836,0,406,-1,-1,4029,0,20,3,4,0.000000,0.000000,76,0,0,1,0,1,406,-1,-1,0.000000
2837,0,-1,-1,-1,-1,0,-1,-1,-1,-1.000000,-1.000000,135,0,0,0,0,0,-1,-1,-1,0.000000
2838,0,-1,-1,-1,-1,0,-1,-1,-1,-1.000000,-1.000000,107,0,0,0,0,0,-1,-1,-1,0.000000
2839,0,-1,-1,-1,-1,0,-1,-1,-1,-1.000000,-1.000000,269,0,0,0,0,0,-1,-1,-1,0.000000
2840,0,454,-1,-1,6298,204,19,3,2,0.000000,0.000000,70,302,0,63,0,63,454,-1,-1,0.000000
2841,0,24,-1,-1,7131,825,64,3,2,0.000000,0.000000,31,760,0,208,0,208,24,-1,-1,0.000000
2842,0,24,-1,-1,4052,771,62,3,2,0.000000,0.000000,33,752,0,158,0,158,24,-1,-1,0.000000
2843,0,-1,-1,-1,-1,0,-1,-1,-1,-1.000000,-1.000000,105,0,0,0,0,0,-1,-1,-1,0.000000
2844,0,-1,-1,-1,-1,0,-1,-1,-1,-1.000000,-1.000000,187,0,0,0,0,0,-1,-1,-1,0.000000
2845,0,-1,-1,-1,-1,0,-1,-1,-1,-1.000000,-1.000000,225,0,0,0,0,0,-1,-1,-1,0.000000
2846,0,-1,-1,-1,-1,0,-1,-1,-1,-1.000000,-1.000000,207,0,0,0,0,0,-1,-1,-1,0.000000
2847,0,-1,-1,-1,-1,0,-1,-1,-1,-1.000000,-1.000000,145,0,0,0,0,0,-1,-1,-1,0.000000
2848,0,-1,-1,-1,-1,0,-1,-1,-1,-1.000000,-1.000000,197,0,0,0,0,0,-1,-1,-1,0.000000
2849,0,-1,-1,-1,-1,0,-1,-1,-1,-1.000000,-1.000000,320,0,0,0,0,0,-1,-1,-1,0.000000
2850,0,63,-1,-1,7627,21,45,3,4,0.000000,0.000000,83,80,0,22,0,22,63,-1,-1,0.000000
2851,0,-1,-1,-1,-1,0,-1,-1,-1,-1.000000,-1.000000,71,0,0,0,0,0,-1,-1,-1,0.000000
2852,0,-1,-1,-1,-1,0,-1,-1,-1,-1.000000,-1.000000,171,0,0,0,0,0,-1,-1,-1,0.000000
2853,0,-1,-1,-1,-1,0,-1,-1,-1,-1.000000,-1.000000,277,0,0,0,0,0,-1,-1,-1,0.000000
2854,0,-1,-1,-1,-1,0,-1,-1,-1,-1.000000,-1.000000,215,0,0,0,0,0,-1,-1,-1,0.000000
2855,0,-1,-1,-1,-1,0,-1,-1,-1,-1.000000,-1.000000,345,0,0,0,0,0,-1,-1,-1,0.000000
2856,0,68,-1,-1,2287,232,43,3,4,0.000000,0.000000,61,319,0,101,0,101,68,-1,-1,0.000000
2857,0,26,-1,-1,4799,726,60,3,2,0.000000,0.000000,41,734,0,129,0,129,26,-1,-1,0.000000
2858,0,-1,-1,-1,-1,0,-1,-1,-1,-1.000000,-1.000000,301,0,0,0,0,0,-1,-1,-1,0.000000
2859,0,-1,-1,-1,-1,0,-1,-1,-1,-1.000000,-1.000000,259,0,0,0,0,0,-1,-1,-1,0.000000
2860,0,159,-1,-1,3759,566,35,3,4,0.000000,0.000000,15,745,0,87,0,87,159,-1,-1,0.000000
2861,0,73,-1,-1,4084,20,42,3,2,0.000000,0.000000,85,86,0,31,0,31,73,-1,-1,0.000000
2862,0,-1,-1,-1,-1,0,-1,-1,-1,-1.000000,-1.000000,243,0,0,0,0,0,-1,-1,-1,0.000000
2863,0,139,-1,-1,4053,0,34,3,2,0.000000,0.000000,95,2,0,0,0,0,139,-1,-1,0.000000
2864,0,-1,-1,-1,-1,0,-1,-1,-1,-1.000000,-1.000000,423,0,0,0,0,0,-1,-1,-1,0.000000
2865,0,-1,-1,-1,-1,0,-1,-1,-1,-1.000000,-1.000000,300,0,0,0,0,0,-1,-1,-1,0.000000
2866,0,-1,-1,-1,-1,0,-1,-1,-1,-1.000000,-1.000000,488,0,0,0,0,0,-1,-1,-1,0.000000
2867,0,-1,-1,-1,-1,0,-1,-1,-1,-1.000000,-1.000000,182,0,0,0,0,0,-1,-1,-1,0.000000
2868,0,-1,-1,-1,-1,0,-1,-1,-1,-1.000000,-1.000000,366,0,0,0,0,0,-1,-1,-1,0.000000
2869,0,-1,-1,-1,-1,0,-1,-1,-1,-1.000000,-1.000000,215,0,0,0,0,0,-1,-1,-1,0.000000
2870,0,279,-1,-1,6280,527,28,3,4,0.000000,0.000000,30,551,0,87,0,87,279,-1,-1,0.000000
2871,0,-1,-1,-1,-1,0,-1,-1,-1,-1.000000,-1.000000,203,0,0,0,0,0,-1,-1,-1,0.000000
2872,0,-1,-1,-1,-1,0,-1,-1,-1,-1.000000,-1.000000,221,0,0,0,0,0,-1,-1,-1,0.000000
2873,0,-1,-1,-1,-1,0,-1,-1,-1,-1.000000,-1.000000,406,0,0,0,0,0,-1,-1,-1,0.000000
2874,0,-1,-1,-1,-1,0,-1,-1,-1,-1.000000,-1.000000,108,0,0,0,0,0,-1,-1,-1,0.000000
2875,0,-1,-1,-1,-1,0,-1,-1,-1,-1.000000,-1.000000,177,0,0,0,0,0,-1,-1,-1,0.000000
2876,0,-1,-1,-1,-1,0,-1,-1,-1,-1.000000,-1.000000,333,0,0,0,0,0,-1,-1,-1,0.000000
2877,0,-1,-1,-1,-1,0,-1,-1,-1,-1.000000,-1.000000,252,0,0,0,0,0,-1,-1,-1,0.000000
2878,0,488,-1,-1,4561,0,18,3,2,0.000000,0.000000,71,1,0,0,0,0,488,-1,-1,0.000000
2879,0,-1,-1,-1,-1,0,-1,-1,-1,-1.000000,-1.000000,233,0,0,0,0,0,-1,-1,-1,0.000000
2880,0,25,-1,-1,774,732,61,3,4,0.000000,0.000000,73,657,0,295,0,295,25,-1,-1,0.000000
2881,0,528,-1,-1,3262,260,19,3,2,0.000000,0.000000,12,332,0,34,0,34,528,-1,-1,0.000000
2882,0,-1,-1,-1,-1,0,-1,-1,-1,-1.000000,-1.000000,127,0,0,0,0,0,-1,-1,-1,0.000000
2883,0,-1,-1,-1,-1,0,-1,-1,-1,-1.000000,-1.000000,122,0,0,0,0,0,-1,-1,-1,0.000000
2884,0,-1,-1,-1,-1,0,-1,-1,-1,-1.000000,-1.000000,267,0,0,0,0,0,-1,-1,-1,0.000000
2885,0,-1,-1,-1,-1,0,-1,-1,-1,-1.000000,-1.000000,330,0,0,0,0,0,-1,-1,-1,0.000000
2886,0,-1,-1,-1,-1,0,-1,-1,-1,-1.000000,-1.000000,130,0,0,0,0,0,-1,-1,-1,0.000000
2887,0,-1,-1,-1,-1,0,-1,-1,-1,-1.000000,-1.000000,169,0,0,0,0,0,-1,-1,-1,0.000000
2888,0,28,-1,-1,5177,773,58,3,2,0.000000,0.000000,29,762,0,156,0,156,28,-1,-1,0.000000
2889,0,-1,-1,-1,-1,0,-1,-1,-1,-1.000000,-1.000000,103,0,0,0,0,0,-1,-1,-1,0.000000
2890,0,-1,-1,-1,-1,0,-1,-1,-1,-1.000000,-1.000000,271,0,0,0,0,0,-1,-1,-1,0.000000
2891,0,-1,-1,-1,-1,0,-1,-1,-1,-1.000000,-1.000000,211,0,0,0,0,0,-1,-1,-1,0.000000
2892,0,-1,-1,-1,-1,0,-1,-1,-1,-1.000000,-1.000000,251,0,0,0,0,0,-1,-1,-1,0.000000
2893,0,24,-1,-1,5719,725,65,3,4,0.000000,0.000000,47,766,0,149,0,149,24,-1,-1,0.000000
2894,0,-1,-1,-1,-1,0,-1,-1,-1,-1.000000,-1.000000,192,0,0,0,0,0,-1,-1,-1,0.000000
2895,0,-1,-1,-1,-1,0,-1,-1,-1,-1.000000,-1.000000,129,0,0,0,0,0,-1,-1,-1,0.000000
2896,0,72,-1,-1,3956,484,42,3,2,0.000000,0.000000,59,577,0,127,0,127,72,-1,-1,0.000000
2897,0,-1,-1,-1,-1,0,-1,-1,-1,-1.000000,-1.000000,260,0,0,0,0,0,-1,-1,-1,0.000000
2898,0,22,-1,-1,2405,758,66,3,2,0.000000,0.000000,53,729,0,247,0,247,22,-1,-1,0.000000
2899,0,-1,-1,-1,-1,0,-1,-1,-1,-1.000000,-1.000000,137,0,0,0,0,0,-1,-1,-1,0.000000
2900,0,-1,-1,-1,-1,0,-1,-1,-1,-1.000000,-1.000000,335,0,0,0,0,0,-1,-1,-1,0.000000
2901,0,292,-1,-1,4743,99,25,3,2,0.000000,0.000000,62,163,0,44,0,44,292,-1,-1,0.000000
2902,0,-1,-1,-1,-1,0,-1,-1,-1,-1.000000,-1.000000,321,0,0,0,0,0,-1,-1,-1,0.000000
2903,0,-1,-1,-1,-1,0,-1,-1,-1,-1.000000,-1.000000,119,0,0,0,0,0,-1,-1,-1,0.000000
2904,0,61,-1,-1,2965,6,44,3,2,0.000000,0.000000,71,30,0,16,0,16,61,-1,-1,0.000000
2905,0,19,-1,-1,4087,692,68,3,2,0.000000,0.000000,31,819,0,160,0,160,19,-1,-1,0.000000
2906,0,-1,-1,-1,-1,0,-1,-1,-1,-1.000000,-1.000000,267,0,0,0,0,0,-1,-1,-1,0.000000
2907,0,-1,-1,-1,-1,0,-1,-1,-1,-1.000000,-1.000000,127,0,0,0,0,0,-1,-1,-1,0.000000
2908,0,-1,-1,-1,-1,0,-1,-1,-1,-1.000000,-1.000000,325,0,0,0,0,0,-1,-1,-1,0.000000
2909,0,-1,-1,-1,-1,0,-1,-1,-1,-1.000000,-1.000000,293,0,0,0,0,0,-1,-1,-1,0.000000
2910,0,-1,-1,-1,-1,0,-1,-1,-1,-1.000000,-1.000000,287,0,0,0,0,0,-1,-1,-1,0.000000
2911,0,-1,-1,-1,-1,0,-1,-1,-1,-1.000000,-1.000000,170,0,0,0,0,0,-1,-1,-1,0.000000
2912,0,-1,-1,-1,-1,0,-1,-1,-1,-1.000000,-1.000000,297,0,0,0,0,0,-1,-1,-1,0.000000
2913,0,-1,-1,-1,-1,0,-1,-1,-1,-1.000000,-1.000000,157,0,0,0,0,0,-1,-1,-1,0.000000
2914,0,44,-1,-1,3559,4,50,3,2,0.000000,0.000000,81,21,0,12,0,12,44,-1,-1,0.000000
2915,0,-1,-1,-1,-1,0,-1,-1,-1,-1.000000,-1.000000,105,0,0,0,0,0,-1,-1,-1,0.000000
2916,0,-1,-1,-1,-1,0,-1,-1,-1,-1.000000,-1.000000,107,0,0,0,0,0,-1,-1,-1,0.000000
2917,0,-1,-1,-1,-1,0,-1,-1,-1,-1.000000,-1.000000,199,0,0,0,0,0,-1,-1,-1,0.000000
2918,0,-1,-1,-1,-1,0,-1,-1,-1,-1.000000,-1.000000,219,0,0,0,0,0,-1,-1,-1,0.000000
2919,0,-1,-1,-1,-1,0,-1,-1,-1,-1.000000,-1.000000,377,0,0,0,0,0,-1,-1,-1,0.000000
2920,0,-1,-1,-1,-1,0,-1,-1,-1,-1.000000,-1.000000,265,0,0,0,0,0,-1,-1,-1,0.000000
2921,0,-1,-1,-1,-1,0,-1,-1,-1,-1.000000,-1.000000,125,0,0,0,0,0,-1,-1,-1,0.000000
2922,0,-1,-1,-1,-1,0,-1,-1,-1,-1.000000,-1.000000,99,0,0,0,0,0,-1,-1,-1,0.000000
2923,0,-1,-1,-1,-1,0,-1,-1,-1,-1.000000,-1.000000,365,0,0,0,0,0,-1,-1,-1,0.000000
2924,0,-1,-1,-1,-1,0,-1,-1,-1,-1.000000,-1.000000,99,0,0,0,0,0,-1,-1,-1,0.000000
2925,0,-1,-1,-1,-1,0,-1,-1,-1,-1.000000,-1.000000,211,0,0,0,0,0,-1,-1,-1,0.000000
2926,0,-1,-1,-1,-1,0,-1,-1,-1,-1.000000,-1.000000,158,0,0,0,0,0,-1,-1,-1,0.000000
2927,0,-1,-1,-1,-1,0,-1,-1,-1,-1.000000,-1.000000,144,0,0,0,0,0,-1,-1,-1,0.000000
2928,0,-1,-1,-1,-1,0,-1,-1,-1,-1.000000,-1.000000,95,0,0,0,0,0,-1,-1,-1,0.000000
2929,0,-1,-1,-1,-1,0,-1,-1,-1,-1.000000,-1.000000,153,0,0,0,0,0,-1,-1,-1,0.000000
2930,0,-1,-1,-1,-1,0,-1,-1,-1,-1.000000,-1.000000,239,0,0,0,0,0,-1,-1,-1,0.000000
2931,0,-1,-1,-1,-1,0,-1,-1,-1,-1.000000,-1.000000,256,0,0,0,0,0,-1,-1,-1,0.000000
2932,0,-1,-1,-1,-1,0,-1,-1,-1,-1.000000,-1.000000,179,0,0,0,0,0,-1,-1,-1,0.000000
2933,0,-1,-1,-1,-1,0,-1,-1,-1,-1.000000,-1.000000,352,0,0,0,0,0,-1,-1,-1,0.000000
2934,0,-1,-1,-1,-1,0,-1,-1,-1,-1.000000,-1.000000,128,0,0,0,0,0,-1,-1,-1,0.000000
2935,0,-1,-1,-1,-1,0,-1,-1,-1,-1.000000,-1.000000,83,0,0,0,0,0,-1,-1,-1,0.000000
2936,0,-1,-1,-1,-1,0,-1,-1,-1,-1.000000,-1.000000,479,0,0,0,0,0,-1,-1,-1,0.000000
2937,0,-1,-1,-1,-1,0,-1,-1,-1,-1.000000,-1.000000,185,0,0,0,0,0,-1,-1,-1,0.000000
2938,0,-1,-1,-1,-1,0,-1,-1,-1,-1.000000,-1.000000,136,0,0,0,0,0,-1,-1,-1,0.000000
2939,0,-1,-1,-1,-1,0,-1,-1,-1,-1.000000,-1.000000,311,0,0,0,0,0,-1,-1,-1,0.000000
2940,0,-1,-1,-1,-1,0,-1,-1,-1,-1.000000,-1.000000,155,0,0,0,0,0,-1,-1,-1,0.000000
2941,0,-1,-1,-1,-1,0,-1,-1,-1,-1.000000,-1.000000,233,0,0,0,0,0,-1,-1,-1,0.000000
2942,0,-1,-1,-1,-1,0,-1,-1,-1,-1.000000,-1.000000,406,0,0,0,0,0,-1,-1,-1,0.000000
2943,0,-1,-1,-1,-1,0,-1,-1,-1,-1.000000,-1.000000,420,0,0,0,0,0,-1,-1,-1,0.000000
2944,0,-1,-1,-1,-1,0,-1,-1,-1,-1.000000,-1.000000,297,0,0,0,0,0,-1,-1,-1,0.000000
2945,0,-1,-1,-1,-1,0,-1,-1,-1,-1.000000,-1.000000,247,0,0,0,0,0,-1,-1,-1,0.000000
2946,0,-1,-1,-1,-1,0,-1,-1,-1,-1.000000,-1.000000,125,0,0,0,0,0,-1,-1,-1,0.000000
2947,0,35,-1,-1,5759,484,55,3,4,0.000000,0.000000,47,593,0,112,0,112,35,-1,-1,0.000000
2948,0,-1,-1,-1,-1,0,-1,-1,-1,-1.000000,-1.000000,127,0,0,0,0,0,-1,-1,-1,0.000000
2949,0,-1,-1,-1,-1,0,-1,-1,-1,-1.000000,-1.000000,335,0,0,0,0,0,-1,-1,-1,0.000000
2950,0,-1,-1,-1,-1,0,-1,-1,-1,-1.000000,-1.000000,150,0,0,0,0,0,-1,-1,-1,0.000000
2951,0,33,-1,-1,2364,3,55,3,4,0.000000,0.000000,85,10,0,11,0,11,33,-1,-1,0.000000
2952,0,351,-1,-1,2183,0,22,3,4,0.000000,0.000000,90,1,0,1,0,1,351,-1,-1,0.000000
2953,0,-1,-1,-1,-1,0,-1,-1,-1,-1.000000,-1.000000,296,0,0,0,0,0,-1,-1,-1,0.000000
2954,0,-1,-1,-1,-1,0,-1,-1,-1,-1.000000,-1.000000,225,0,0,0,0,0,-1,-1,-1,0.000000
2955,0,-1,-1,-1,-1,0,-1,-1,-1,-1.000000,-1.000000,275,0,0,0,0,0,-1,-1,-1,0.000000
2956,0,-1,-1,-1,-1,0,-1,-1,-1,-1.000000,-1.000000,69,0,0,0,0,0,-1,-1,-1,0.000000
2957,0,-1,-1,-1,-1,0,-1,-1,-1,-1.000000,-1.000000,199,0,0,0,0,0,-1,-1,-1,0.000000
2958,0,-1,-1,-1,-1,0,-1,-1,-1,-1.000000,-1.000000,195,0,0,0,0,0,-1,-1,-1,0.000000
2959,0,33,-1,-1,1204,736,58,3,2,0.000000,0.000000,33,752,0,211,0,211,33,-1,-1,0.000000
2960,0,-1,-1,-1,-1,0,-1,-1,-1,-1.000000,-1.000000,209,0,0,0,0,0,-1,-1,-1,0.000000
2961,0,48,-1,-1,2017,23,48,3,2,0.000000,0.000000,81,57,0,16,0,16,48,-1,-1,0.000000
2962,0,-1,-1,-1,-1,0,-1,-1,-1,-1.000000,-1.000000,393,0,0,0,0,0,-1,-1,-1,0.000000
2963,0,-1,-1,-1,-1,0,-1,-1,-1,-1.000000,-1.000000,359,0,0,0,0,0,-1,-1,-1,0.000000
2964,0,-1,-1,-1,-1,0,-1,-1,-1,-1.000000,-1.000000,89,0,0,0,0,0,-1,-1,-1,0.000000
2965,0,-1,-1,-1,-1,0,-1,-1,-1,-1.000000,-1.000000,377,0,0,0,0,0,-1,-1,-1,0.000000
2966,0,-1,-1,-1,-1,0,-1,-1,-1,-1.000000,-1.000000,302,0,0,0,0,0,-1,-1,-1,0.000000
2967,0,-1,-1,-1,-1,0,-1,-1,-1,-1.000000,-1.000000,107,0,0,0,0,0,-1,-1,-1,0.000000
2968,0,-1,-1,-1,-1,0,-1,-1,-1,-1.000000,-1.000000,205,0,0,0,0,0,-1,-1,-1,0.000000
2969,0,-1,-1,-1,-1,0,-1,-1,-1,-1.000000,-1.000000,89,0,0,0,0,0,-1,-1,-1,0.000000
2970,0,-1,-1,-1,-1,0,-1,-1,-1,-1.000000,-1.000000,138,0,0,0,0,0,-1,-1,-1,0.000000
2971,0,-1,-1,-1,-1,0,-1,-1,-1,-1.000000,-1.000000,317,0,0,0,0,0,-1,-1,-1,0.000000
2972,0,-1,-1,-1,-1,0,-1,-1,-1,-1.000000,-1.000000,177,0,0,0,0,0,-1,-1,-1,0.000000
2973,0,-1,-1,-1,-1,0,-1,-1,-1,-1.000000,-1.000000,295,0,0,0,0,0,-1,-1,-1,0.000000
2974,0,-1,-1,-1,-1,0,-1,-1,-1,-1.000000,-1.000000,461,0,0,0,0,0,-1,-1,-1,0.000000
2975,0,68,-1,-1,4410,1,43,3,4,0.000000,0.000000,71,6,0,2,0,2,68,-1,-1,0.000000
2976,0,39,-1,-1,2376,161,51,3,4,0.000000,0.000000,63,265,0,81,0,81,39,-1,-1,0.000000
2977,0,-1,-1,-1,-1,0,-1,-1,-1,-1.000000,-1.000000,286,0,0,0,0,0,-1,-1,-1,0.000000
2978,0,-1,-1,-1,-1,0,-1,-1,-1,-1.000000,-1.000000,361,0,0,0,0,0,-1,-1,-1,0.000000
2979,0,-1,-1,-1,-1,0,-1,-1,-1,-1.000000,-1.000000,107,0,0,0,0,0,-1,-1,-1,0.000000
2980,0,-1,-1,-1,-1,0,-1,-1,-1,-1.000000,-1.000000,229,0,0,0,0,0,-1,-1,-1,0.000000
2981,0,-1,-1,-1,-1,0,-1,-1,-1,-1.000000,-1.000000,153,0,0,0,0,0,-1,-1,-1,0.000000
2982,0,-1,-1,-1,-1,0,-1,-1,-1,-1.000000,-1.000000,95,0,0,0,0,0,-1,-1,-1,0.000000
2983,0,33,-1,-1,4763,9,54,3,2,0.000000,0.000000,63,22,0,9,0,9,33,-1,-1,0.000000
2984,0,-1,-1,-1,-1,0,-1,-1,-1,-1.000000,-1.000000,189,0,0,0,0,0,-1,-1,-1,0.000000
2985,0,-1,-1,-1,-1,0,-1,-1,-1,-1.000000,-1.000000,371,0,0,0,0,0,-1,-1,-1,0.000000
2986,0,-1,-1,-1,-1,0,-1,-1,-1,-1.000000,-1.000000,122,0,0,0,0,0,-1,-1,-1,0.000000
2987,0,-1,-1,-1,-1,0,-1,-1,-1,-1.000000,-1.000000,121,0,0,0,0,0,-1,-1,-1,0.000000
2988,0,-1,-1,-1,-1,0,-1,-1,-1,-1.000000,-1.000000,453,0,0,0,0,0,-1,-1,-1,0.000000
2989,0,-1,-1,-1,-1,0,-1,-1,-1,-1.000000,-1.000000,183,0,0,0,0,0,-1,-1,-1,0.000000
2990,0,-1,-1,-1,-1,0,-1,-1,-1,-1.000000,-1.000000,189,0,0,0,0,0,-1,-1,-1,0.000000
2991,0,-1,-1,-1,-1,0,-1,-1,-1,-1.000000,-1.000000,159,0,0,0,0,0,-1,-1,-1,0.000000
2992,0,-1,-1,-1,-1,0,-1,-1,-1,-1.000000,-1.000000,481,0,0,0,0,0,-1,-1,-1,0.000000
2993,0,-1,-1,-1,-1,0,-1,-1,-1,-1.000000,-1.000000,205,0,0,0,0,0,-1,-1,-1,0.000000
2994,0,416,-1,-1,6082,0,21,3,4,0.000000,0.000000,73,10,0,0,0,0,416,-1,-1,0.000000
2995,0,-1,-1,-1,-1,0,-1,-1,-1,-1.000000,-1.000000,199,0,0,0,0,0,-1,-1,-1,0.000000
2996,0,20,-1,-1,367,643,67,3,4,0.000000,0.000000,47,640,0,338,0,338,20,-1,-1,0.000000
2997,0,-1,-1,-1,-1,0,-1,-1,-1,-1.000000,-1.000000,263,0,0,0,0,0,-1,-1,-1,0.000000
2998,0,-1,-1,-1,-1,0,-1,-1,-1,-1.000000,-1.000000,417,0,0,0,0,0,-1,-1,-1,0.000000
2999,0,-1,-1,-1,-1,0,-1,-1,-1,-1.000000,-1.000000,145,0,0,0,0,0,-1,-1,-1,0.000000
3000,0,21,-1,-1,7632,554,66,3,2,0.000000,0.000000,65,575,0,295,0,295,21,-1,-1,0.000000
3001,0,-1,-1,-1,-1,0,-1,-1,-1,-1.000000,-1.000000,375,0,0,0,0,0,-1,-1,-1,0.000000
3002,0,-1,-1,-1,-1,0,-1,-1,-1,-1.000000,-1.000000,113,0,0,0,0,0,-1,-1,-1,0.000000
3003,0,-1,-1,-1,-1,0,-1,-1,-1,-1.000000,-1.000000,404,0,0,0,0,0,-1,-1,-1,0.000000
3004,0,-1,-1,-1,-1,0,-1,-1,-1,-1.000000,-1.000000,167,0,0,0,0,0,-1,-1,-1,0.000000
3005,0,-1,-1,-1,-1,0,-1,-1,-1,-1.000000,-1.000000,371,0,0,0,0,0,-1,-1,-1,0.000000
3006,0,18,-1,-1,6320,696,68,3,2,0.000000,0.000000,21,812,0,168,0,168,18,-1,-1,0.000000
3007,0,22,-1,-1,5476,677,67,3,4,0.000000,0.000000,37,714,0,230,0,230,22,-1,-1,0.000000
3008,0,-1,-1,-1,-1,0,-1,-1,-1,-1.000000,-1.000000,307,0,0,0,0,0,-1,-1,-1,0.000000
3009,0,-1,-1,-1,-1,0,-1,-1,-1,-1.000000,-1.000000,89,0,0,0,0,0,-1,-1,-1,0.000000
3010,0,-1,-1,-1,-1,0,-1,-1,-1,-1.000000,-1.000000,409,0,0,0,0,0,-1,-1,-1,0.000000
3011,0,-1,-1,-1,-1,0,-1,-1,-1,-1.000000,-1.000000,319,0,0,0,0,0,-1,-1,-1,0.000000
3012,0,-1,-1,-1,-1,0,-1,-1,-1,-1.000000,-1.000000,205,0,0,0,0,0,-1,-1,-1,0.000000
3013,0,-1,-1,-1,-1,0,-1,-1,-1,-1.000000,-1.000000,249,0,0,0,0,0,-1,-1,-1,0.000000
3014,0,-1,-1,-1,-1,0,-1,-1,-1,-1.000000,-1.000000,465,0,0,0,0,0,-1,-1,-1,0.000000
3015,0,-1,-1,-1,-1,0,-1,-1,-1,-1.000000,-1.000000,111,0,0,0,0,0,-1,-1,-1,0.000000
3016,0,-1,-1,-1,-1,0,-1,-1,-1,-1.000000,-1.000000,193,0,0,0,0,0,-1,-1,-1,0.000000
3017,0,-1,-1,-1,-1,0,-1,-1,-1,-1.000000,-1.000000,99,0,0,0,0,0,-1,-1,-1,0.000000
3018,0,-1,-1,-1,-1,0,-1,-1,-1,-1.000000,-1.000000,193,0,0,0,0,0,-1,-1,-1,0.000000
3019,0,-1,-1,-1,-1,0,-1,-1,-1,-1.000000,-1.000000,319,0,0,0,0,0,-1,-1,-1,0.000000
3020,0,-1,-1,-1,-1,0,-1,-1,-1,-1.000000,-1.000000,331,0,0,0,0,0,-1,-1,-1,0.000000
3021,0,-1,-1,-1,-1,0,-1,-1,-1,-1.000000,-1.000000,436,0,0,0,0,0,-1,-1,-1,0.000000
3022,0,-1,-1,-1,-1,0,-1,-1,-1,-1.000000,-1.000000,141,0,0,0,0,0,-1,-1,-1,0.000000
3023,0,76,-1,-1,4311,5,43,3,4,0.000000,0.000000,105,28,0,11,0,11,76,-1,-1,0.000000
3024,0,-1,-1,-1,-1,0,-1,-1,-1,-1.000000,-1.000000,454,0,0,0,0,0,-1,-1,-1,0.000000
3025,0,33,-1,-1,5115,4,54,3,2,0.000000,0.000000,69,17,0,8,0,8,33,-1,-1,0.000000
3026,0,-1,-1,-1,-1,0,-1,-1,-1,-1.000000,-1.000000,131,0,0,0,0,0,-1,-1,-1,0.000000
3027,0,22,-1,-1,2576,713,65,3,4,0.000000,0.000000,35,813,0,159,0,159,22,-1,-1,0.000000
3028,0,-1,-1,-1,-1,0,-1,-1,-1,-1.000000,-1.000000,192,0,0,0,0,0,-1,-1,-1,0.000000
3029,0,27,-1,-1,1568,760,59,3,4,0.000000,0.000000,41,751,0,200,0,200,27,-1,-1,0.000000
3030,0,-1,-1,-1,-1,0,-1,-1,-1,-1.000000,-1.000000,239,0,0,0,0,0,-1,-1,-1,0.000000
3031,0,-1,-1,-1,-1,0,-1,-1,-1,-1.000000,-1.000000,309,0,0,0,0,0,-1,-1,-1,0.000000
3032,0,-1,-1,-1,-1,0,-1,-1,-1,-1.000000,-1.000000,234,0,0,0,0,0,-1,-1,-1,0.000000
3033,0,-1,-1,-1,-1,0,-1,-1,-1,-1.000000,-1.000000,343,0,0,0,0,0,-1,-1,-1,0.000000
3034,0,-1,-1,-1,-1,0,-1,-1,-1,-1.000000,-1.000000,259,0,0,0,0,0,-1,-1,-1,0.000000
3035,0,-1,-1,-1,-1,0,-1,-1,-1,-1.000000,-1.000000,275,0,0,0,0,0,-1,-1,-1,0.000000
3036,0,169,-1,-1,2676,0,33,3,4,0.000000,0.000000,93,0,0,1,0,1,169,-1,-1,0.000000
3037,0,-1,-1,-1,-1,0,-1,-1,-1,-1.000000,-1.000000,269,0,0,0,0,0,-1,-1,-1,0.000000
3038,0,-1,-1,-1,-1,0,-1,-1,-1,-1.000000,-1.000000,135,0,0,0,0,0,-1,-1,-1,0.000000
3039,0,-1,-1,-1,-1,0,-1,-1,-1,-1.000000,-1.000000,198,0,0,0,0,0,-1,-1,-1,0.000000
3040,0,-1,-1,-1,-1,0,-1,-1,-1,-1.000000,-1.000000,107,0,0,0,0,0,-1,-1,-1,0.000000
3041,0,-1,-1,-1,-1,0,-1,-1,-1,-1.000000,-1.000000,355,0,0,0,0,0,-1,-1,-1,0.000000
3042,0,26,-1,-1,4762,828,60,3,2,0.000000,0.000000,43,763,0,194,0,194,26,-1,-1,0.000000
3043,0,-1,-1,-1,-1,0,-1,-1,-1,-1.000000,-1.000000,429,0,0,0,0,0,-1,-1,-1,0.000000
3044,0,-1,-1,-1,-1,0,-1,-1,-1,-1.000000,-1.000000,177,0,0,0,0,0,-1,-1,-1,0.000000
3045,0,-1,-1,-1,-1,0,-1,-1,-1,-1.000000,-1.000000,124,0,0,0,0,0,-1,-1,-1,0.000000
3046,0,-1,-1,-1,-1,0,-1,-1,-1,-1.000000,-1.000000,261,0,0,0,0,0,-1,-1,-1,0.000000
3047,0,-1,-1,-1,-1,0,-1,-1,-1,-1.000000,-1.000000,393,0,0,0,0,0,-1,-1,-1,0.000000
3048,0,33,-1,-1,6331,185,54,3,2,0.000000,0.000000,65,264,0,95,0,95,33,-1,-1,0.000000
3049,0,-1,-1,-1,-1,0,-1,-1,-1,-1.000000,-1.000000,203,0,0,0,0,0,-1,-1,-1,0.000000
3050,0,-1,-1,-1,-1,0,-1,-1,-1,-1.000000,-1.000000,321,0,0,0,0,0,-1,-1,-1,0.000000
3051,0,-1,-1,-1,-1,0,-1,-1,-1,-1.000000,-1.000000,432,0,0,0,0,0,-1,-1,-1,0.000000
3052,0,24,-1,-1,6394,77,62,3,2,0.000000,0.000000,63,210,0,37,0,37,24,-1,-1,0.000000
3053,0,-1,-1,-1,-1,0,-1,-1,-1,-1.000000,-1.000000,291,0,0,0,0,0,-1,-1,-1,0.000000
3054,0,-1,-1,-1,-1,0,-1,-1,-1,-1.000000,-1.000000,223,0,0,0,0,0,-1,-1,-1,0.000000
3055,0,33,-1,-1,5434,684,56,3,2,0.000000,0.000000,45,728,0,134,0,134,33,-1,-1,0.000000
3056,0,25,-1,-1,548,625,61,3,4,0.000000,0.000000,51,664,0,304,0,304,25,-1,-1,0.000000
3057,0,-1,-1,-1,-1,0,-1,-1,-1,-1.000000,-1.000000,351,0,0,0,0,0,-1,-1,-1,0.000000
3058,0,22,-1,-1,1781,517,66,3,2,0.000000,0.000000,55,601,0,139,0,139,22,-1,-1,0.000000
3059,0,-1,-1,-1,-1,0,-1,-1,-1,-1.000000,-1.000000,441,0,0,0,0,0,-1,-1,-1,0.000000
3060,0,-1,-1,-1,-1,0,-1,-1,-1,-1.000000,-1.000000,165,0,0,0,0,0,-1,-1,-1,0.000000
3061,0,-1,-1,-1,-1,0,-1,-1,-1,-1.000000,-1.000000,192,0,0,0,0,0,-1,-1,-1,0.000000
3062,0,7,-1,-1,4822,642,69,3,4,0.000000,0.000000,29,765,0,222,0,222,7,-1,-1,0.000000
3063,0,-1,-1,-1,-1,0,-1,-1,-1,-1.000000,-1.000000,249,0,0,0,0,0,-1,-1,-1,0.000000
3064,0,-1,-1,-1,-1,0,-1,-1,-1,-1.000000,-1.000000,83,0,0,0,0,0,-1,-1,-1,0.000000
3065,0,-1,-1,-1,-1,0,-1,-1,-1,-1.000000,-1.000000,277,0,0,0,0,0,-1,-1,-1,0.000000
3066,0,-1,-1,-1,-1,0,-1,-1,-1,-1.000000,-1.000000,441,0,0,0,0,0,-1,-1,-1,0.000000
3067,0,20,-1,-1,6340,860,68,3,2,0.000000,0.000000,11,757,0,221,0,221,20,-1,-1,0.000000
3068,0,-1,-1,-1,-1,0,-1,-1,-1,-1.000000,-1.000000,240,0,0,0,0,0,-1,-1,-1,0.000000
3069,0,-1,-1,-1,-1,0,-1,-1,-1,-1.000000,-1.000000,291,0,0,0,0,0,-1,-1,-1,0.000000
3070,0,-1,-1,-1,-1,0,-1,-1,-1,-1.000000,-1.000000,128,0,0,0,0,0,-1,-1,-1,0.000000
3071,0,-1,-1,-1,-1,0,-1,-1,-1,-1.000000,-1.000000,173,0,0,0,0,0,-1,-1,-1,0.000000
3072,0,-1,-1,-1,-1,0,-1,-1,-1,-1.000000,-1.000000,492,0,0,0,0,0,-1,-1,-1,0.000000
3073,0,-1,-1,-1,-1,0,-1,-1,-1,-1.000000,-1.000000,378,0,0,0,0,0,-1,-1,-1,0.000000
3074,0,-1,-1,-1,-1,0,-1,-1,-1,-1.000000,-1.000000,205,0,0,0,0,0,-1,-1,-1,0.000000
3075,0,-1,-1,-1,-1,0,-1,-1,-1,-1.000000,-1.000000,411,0,0,0,0,0,-1,-1,-1,0.000000
3076,0,-1,-1,-1,-1,0,-1,-1,-1,-1.000000,-1.000000,347,0,0,0,0,0,-1,-1,-1,0.000000
3077,0,433,-1,-1,6280,386,26,3,2,0.000000,0.000000,33,461,0,89,0,89,433,-1,-1,0.000000
3078,0,-1,-1,-1,-1,0,-1,-1,-1,-1.000000,-1.000000,259,0,0,0,0,0,-1,-1,-1,0.000000
3079,0,-1,-1,-1,-1,0,-1,-1,-1,-1.000000,-1.000000,205,0,0,0,0,0,-1,-1,-1,0.000000
3080,0,-1,-1,-1,-1,0,-1,-1,-1,-1.000000,-1.000000,175,0,0,0,0,0,-1,-1,-1,0.000000
3081,0,-1,-1,-1,-1,0,-1,-1,-1,-1.000000,-1.000000,454,0,0,0,0,0,-1,-1,-1,0.000000
3082,0,26,-1,-1,4377,888,62,3,2,0.000000,0.000000,35,715,0,256,0,256,26,-1,-1,0.000000
3083,0,-1,-1,-1,-1,0,-1,-1,-1,-1.000000,-1.000000,287,0,0,0,0,0,-1,-1,-1,0.000000
3084,0,-1,-1,-1,-1,0,-1,-1,-1,-1.000000,-1.000000,263,0,0,0,0,0,-1,-1,-1,0.000000
3085,0,-1,-1,-1,-1,0,-1,-1,-1,-1.000000,-1.000000,163,0,0,0,0,0,-1,-1,-1,0.000000
3086,0,952,-1,-1,2135,15,14,3,2,0.000000,0.000000,25,20,0,7,0,7,952,-1,-1,0.000000
3087,0,-1,-1,-1,-1,0,-1,-1,-1,-1.000000,-1.000000,385,0,0,0,0,0,-1,-1,-1,0.000000
3088,0,-1,-1,-1,-1,0,-1,-1,-1,-1.000000,-1.000000,353,0,0,0,0,0,-1,-1,-1,0.000000
3089,0,46,-1,-1,5974,31,49,3,4,0.000000,0.000000,71,81,0,37,0,37,46,-1,-1,0.000000
3090,0,-1,-1,-1,-1,0,-1,-1,-1,-1.000000,-1.000000,231,0,0,0,0,0,-1,-1,-1,0.000000
3091,0,-1,-1,-1,-1,0,-1,-1,-1,-1.000000,-1.000000,201,0,0,0,0,0,-1,-1,-1,0.000000
3092,0,23,-1,-1,6331,760,64,3,2,0.000000,0.000000,41,793,0,177,0,177,23,-1,-1,0.000000
3093,0,-1,-1,-1,-1,0,-1,-1,-1,-1.000000,-1.000000,244,0,0,0,0,0,-1,-1,-1,0.000000
3094,0,-1,-1,-1,-1,0,-1,-1,-1,-1.000000,-1.000000,279,0,0,0,0,0,-1,-1,-1,0.000000
3095,0,-1,-1,-1,-1,0,-1,-1,-1,-1.000000,-1.000000,127,0,0,0,0,0,-1,-1,-1,0.000000
3096,0,-1,-1,-1,-1,0,-1,-1,-1,-1.000000,-1.000000,339,0,0,0,0,0,-1,-1,-1,0.000000
3097,0,-1,-1,-1,-1,0,-1,-1,-1,-1.000000,-1.000000,163,0,0,0,0,0,-1,-1,-1,0.000000
3098,0,-1,-1,-1,-1,0,-1,-1,-1,-1.000000,-1.000000,333,0,0,0,0,0,-1,-1,-1,0.000000
3099,0,-1,-1,-1,-1,0,-1,-1,-1,-1.000000,-1.000000,199,0,0,0,0,0,-1,-1,-1,0.000000
3100,0,-1,-1,-1,-1,0,-1,-1,-1,-1.000000,-1.000000,240,0,0,0,0,0,-1,-1,-1,0.000000
3101,0,-1,-1,-1,-1,0,-1,-1,-1,-1.000000,-1.000000,216,0,0,0,0,0,-1,-1,-1,0.000000
3102,0,-1,-1,-1,-1,0,-1,-1,-1,-1.000000,-1.000000,403,0,0,0,0,0,-1,-1,-1,0.000000
3103,0,-1,-1,-1,-1,0,-1,-1,-1,-1.000000,-1.000000,340,0,0,0,0,0,-1,-1,-1,0.000000
3104,0,-1,-1,-1,-1,0,-1,-1,-1,-1.000000,-1.000000,163,0,0,0,0,0,-1,-1,-1,0.000000
3105,0,-1,-1,-1,-1,0,-1,-1,-1,-1.000000,-1.000000,169,0,0,0,0,0,-1,-1,-1,0.000000
3106,0,-1,-1,-1,-1,0,-1,-1,-1,-1.000000,-1.000000,183,0,0,0,0,0,-1,-1,-1,0.000000
3107,0,43,-1,-1,359,11,49,3,4,0.000000,0.000000,61,34,0,10,0,10,43,-1,-1,0.000000
3108,0,-1,-1,-1,-1,0,-1,-1,-1,-1.000000,-1.000000,412,0,0,0,0,0,-1,-1,-1,0.000000
3109,0,-1,-1,-1,-1,0,-1,-1,-1,-1.000000,-1.000000,350,0,0,0,0,0,-1,-1,-1,0.000000
3110,0,-1,-1,-1,-1,0,-1,-1,-1,-1.000000,-1.000000,289,0,0,0,0,0,-1,-1,-1,0.000000
3111,0,-1,-1,-1,-1,0,-1,-1,-1,-1.000000,-1.000000,143,0,0,0,0,0,-1,-1,-1,0.000000
3112,0,-1,-1,-1,-1,0,-1,-1,-1,-1.000000,-1.000000,147,0,0,0,0,0,-1,-1,-1,0.000000
3113,0,-1,-1,-1,-1,0,-1,-1,-1,-1.000000,-1.000000,131,0,0,0,0,0,-1,-1,-1,0.000000
3114,0,-1,-1,-1,-1,0,-1,-1,-1,-1.000000,-1.000000,136,0,0,0,0,0,-1,-1,-1,0.000000
3115,0,-1,-1,-1,-1,0,-1,-1,-1,-1.000000,-1.000000,349,0,0,0,0,0,-1,-1,-1,0.000000
3116,0,-1,-1,-1,-1,0,-1,-1,-1,-1.000000,-1.000000,125,0,0,0,0,0,-1,-1,-1,0.000000
3117,0,-1,-1,-1,-1,0,-1,-1,-1,-1.000000,-1.000000,352,0,0,0,0,0,-1,-1,-1,0.000000
3118,0,-1,-1,-1,-1,0,-1,-1,-1,-1.000000,-1.000000,281,0,0,0,0,0,-1,-1,-1,0.000000
3119,0,22,-1,-1,431,777,65,3,4,0.000000,0.000000,23,759,0,213,0,213,22,-1,-1,0.000000
3120,0,32,-1,-1,2923,113,55,3,4,0.000000,0.000000,79,198,0,73,0,73,32,-1,-1,0.000000
3121,0,-1,-1,-1,-1,0,-1,-1,-1,-1.000000,-1.000000,315,0,0,0,0,0,-1,-1,-1,0.000000
3122,0,-1,-1,-1,-1,0,-1,-1,-1,-1.000000,-1.000000,141,0,0,0,0,0,-1,-1,-1,0.000000
3123,0,-1,-1,-1,-1,0,-1,-1,-1,-1.000000,-1.000000,131,0,0,0,0,0,-1,-1,-1,0.000000
3124,0,-1,-1,-1,-1,0,-1,-1,-1,-1.000000,-1.000000,250,0,0,0,0,0,-1,-1,-1,0.000000
3125,0,-1,-1,-1,-1,0,-1,-1,-1,-1.000000,-1.000000,267,0,0,0,0,0,-1,-1,-1,0.000000
3126,0,71,-1,-1,1661,9,43,3,4,0.000000,0.000000,75,23,0,10,0,10,71,-1,-1,0.000000
3127,0,-1,-1,-1,-1,0,-1,-1,-1,-1.000000,-1.000000,319,0,0,0,0,0,-1,-1,-1,0.000000
3128,0,-1,-1,-1,-1,0,-1,-1,-1,-1.000000,-1.000000,389,0,0,0,0,0,-1,-1,-1,0.000000
3129,0,-1,-1,-1,-1,0,-1,-1,-1,-1.000000,-1.000000,395,0,0,0,0,0,-1,-1,-1,0.000000
3130,0,-1,-1,-1,-1,0,-1,-1,-1,-1.000000,-1.000000,145,0,0,0,0,0,-1,-1,-1,0.000000
3131,0,-1,-1,-1,-1,0,-1,-1,-1,-1.000000,-1.000000,333,0,0,0,0,0,-1,-1,-1,0.000000
3132,0,-1,-1,-1,-1,0,-1,-1,-1,-1.000000,-1.000000,285,0,0,0,0,0,-1,-1,-1,0.000000
3133,0,26,-1,-1,5627,583,60,3,2,0.000000,0.000000,71,642,0,164,0,164,26,-1,-1,0.000000
3134,0,-1,-1,-1,-1,0,-1,-1,-1,-1.000000,-1.000000,149,0,0,0,0,0,-1,-1,-1,0.000000
3135,0,-1,-1,-1,-1,0,-1,-1,-1,-1.000000,-1.000000,97,0,0,0,0,0,-1,-1,-1,0.000000
3136,0,-1,-1,-1,-1,0,-1,-1,-1,-1.000000,-1.000000,291,0,0,0,0,0,-1,-1,-1,0.000000
3137,0,-1,-1,-1,-1,0,-1,-1,-1,-1.000000,-1.000000,93,0,0,0,0,0,-1,-1,-1,0.000000
3138,0,27,-1,-1,1037,698,60,3,2,0.000000,0.000000,43,720,0,156,0,156,27,-1,-1,0.000000
3139,0,-1,-1,-1,-1,0,-1,-1,-1,-1.000000,-1.000000,111,0,0,0,0,0,-1,-1,-1,0.000000
3140,0,-1,-1,-1,-1,0,-1,-1,-1,-1.000000,-1.000000,158,0,0,0,0,0,-1,-1,-1,0.000000
3141,0,196,-1,-1,7902,16,29,3,4,0.000000,0.000000,79,46,0,12,0,12,196,-1,-1,0.000000
3142,0,-1,-1,-1,-1,0,-1,-1,-1,-1.000000,-1.000000,313,0,0,0,0,0,-1,-1,-1,0.000000
3143,0,-1,-1,-1,-1,0,-1,-1,-1,-1.000000,-1.000000,311,0,0,0,0,0,-1,-1,-1,0.000000
3144,0,-1,-1,-1,-1,0,-1,-1,-1,-1.000000,-1.000000,180,0,0,0,0,0,-1,-1,-1,0.000000
3145,0,58,-1,-1,4355,89,48,3,4,0.000000,0.000000,78,195,0,42,0,42,58,-1,-1,0.000000
3146,0,-1,-1,-1,-1,0,-1,-1,-1,-1.000000,-1.000000,445,0,0,0,0,0,-1,-1,-1,0.000000
3147,0,-1,-1,-1,-1,0,-1,-1,-1,-1.000000,-1.000000,251,0,0,0,0,0,-1,-1,-1,0.000000
3148,0,-1,-1,-1,-1,0,-1,-1,-1,-1.000000,-1.000000,329,0,0,0,0,0,-1,-1,-1,0.000000
3149,0,-1,-1,-1,-1,0,-1,-1,-1,-1.000000,-1.000000,449,0,0,0,0,0,-1,-1,-1,0.000000
3150,0,-1,-1,-1,-1,0,-1,-1,-1,-1.000000,-1.000000,199,0,0,0,0,0,-1,-1,-1,0.000000
3151,0,-1,-1,-1,-1,0,-1,-1,-1,-1.000000,-1.000000,247,0,0,0,0,0,-1,-1,-1,0.000000
3152,0,-1,-1,-1,-1,0,-1,-1,-1,-1.000000,-1.000000,303,0,0,0,0,0,-1,-1,-1,0.000000
3153,0,-1,-1,-1,-1,0,-1,-1,-1,-1.000000,-1.000000,115,0,0,0,0,0,-1,-1,-1,0.000000
3154,0,-1,-1,-1,-1,0,-1,-1,-1,-1.000000,-1.000000,135,0,0,0,0,0,-1,-1,-1,0.000000
3155,0,-1,-1,-1,-1,0,-1,-1,-1,-1.000000,-1.000000,201,0,0,0,0,0,-1,-1,-1,0.000000
3156,0,-1,-1,-1,-1,0,-1,-1,-1,-1.000000,-1.000000,145,0,0,0,0,0,-1,-1,-1,0.000000
3157,0,294,-1,-1,6302,221,27,3,4,0.000000,0.000000,55,352,0,41,0,41,294,-1,-1,0.000000
3158,0,-1,-1,-1,-1,0,-1,-1,-1,-1.000000,-1.000000,257,0,0,0,0,0,-1,-1,-1,0.000000
3159,0,-1,-1,-1,-1,0,-1,-1,-1,-1.000000,-1.000000,93,0,0,0,0,0,-1,-1,-1,0.000000
3160,0,-1,-1,-1,-1,0,-1,-1,-1,-1.000000,-1.000000,453,0,0,0,0,0,-1,-1,-1,0.000000
3161,0,-1,-1,-1,-1,0,-1,-1,-1,-1.000000,-1.000000,100,0,0,0,0,0,-1,-1,-1,0.000000
3162,0,-1,-1,-1,-1,0,-1,-1,-1,-1.000000,-1.000000,270,0,0,0,0,0,-1,-1,-1,0.000000
3163,0,127,-1,-1,2753,18,39,3,2,0.000000,0.000000,84,74,0,19,0,19,127,-1,-1,0.000000
3164,0,-1,-1,-1,-1,0,-1,-1,-1,-1.000000,-1.000000,157,0,0,0,0,0,-1,-1,-1,0.000000
3165,0,-1,-1,-1,-1,0,-1,-1,-1,-1.000000,-1.000000,263,0,0,0,0,0,-1,-1,-1,0.000000
3166,0,231,-1,-1,3138,0,27,3,4,0.000000,0.000000,85,2,0,0,0,0,231,-1,-1,0.000000
3167,0,-1,-1,-1,-1,0,-1,-1,-1,-1.000000,-1.000000,321,0,0,0,0,0,-1,-1,-1,0.000000
3168,0,-1,-1,-1,-1,0,-1,-1,-1,-1.000000,-1.000000,151,0,0,0,0,0,-1,-1,-1,0.000000
3169,0,-1,-1,-1,-1,0,-1,-1,-1,-1.000000,-1.000000,111,0,0,0,0,0,-1,-1,-1,0.000000
3170,0,-1,-1,-1,-1,0,-1,-1,-1,-1.000000,-1.000000,145,0,0,0,0,0,-1,-1,-1,0.000000
3171,0,-1,-1,-1,-1,0,-1,-1,-1,-1.000000,-1.000000,325,0,0,0,0,0,-1,-1,-1,0.000000
3172,0,561,-1,-1,4785,0,17,3,4,0.000000,0.000000,109,1,0,0,0,0,561,-1,-1,0.000000
3173,0,29,-1,-1,3036,595,56,3,2,0.000000,0.000000,45,636,0,173,0,173,29,-1,-1,0.000000
3174,0,-1,-1,-1,-1,0,-1,-1,-1,-1.000000,-1.000000,298,0,0,0,0,0,-1,-1,-1,0.000000
3175,0,-1,-1,-1,-1,0,-1,-1,-1,-1.000000,-1.000000,391,0,0,0,0,0,-1,-1,-1,0.000000
3176,0,-1,-1,-1,-1,0,-1,-1,-1,-1.000000,-1.000000,129,0,0,0,0,0,-1,-1,-1,0.000000
3177,0,-1,-1,-1,-1,0,-1,-1,-1,-1.000000,-1.000000,390,0,0,0,0,0,-1,-1,-1,0.000000
3178,0,-1,-1,-1,-1,0,-1,-1,-1,-1.000000,-1.000000,273,0,0,0,0,0,-1,-1,-1,0.000000
3179,0,-1,-1,-1,-1,0,-1,-1,-1,-1.000000,-1.000000,449,0,0,0,0,0,-1,-1,-1,0.000000
3180,0,13,-1,-1,2115,613,68,3,2,0.000000,0.000000,13,685,0,298,0,298,13,-1,-1,0.000000
3181,0,-1,-1,-1,-1,0,-1,-1,-1,-1.000000,-1.000000,113,0,0,0,0,0,-1,-1,-1,0.000000
3182,0,-1,-1,-1,-1,0,-1,-1,-1,-1.000000,-1.000000,156,0,0,0,0,0,-1,-1,-1,0.000000
3183,0,-1,-1,-1,-1,0,-1,-1,-1,-1.000000,-1.000000,383,0,0,0,0,0,-1,-1,-1,0.000000
3184,0,32,-1,-1,7186,277,55,3,4,0.000000,0.000000,61,359,0,107,0,107,32,-1,-1,0.000000
3185,0,-1,-1,-1,-1,0,-1,-1,-1,-1.000000,-1.000000,137,0,0,0,0,0,-1,-1,-1,0.000000
3186,0,-1,-1,-1,-1,0,-1,-1,-1,-1.000000,-1.000000,424,0,0,0,0,0,-1,-1,-1,0.000000
3187,0,-1,-1,-1,-1,0,-1,-1,-1,-1.000000,-1.000000,223,0,0,0,0,0,-1,-1,-1,0.000000
3188,0,-1,-1,-1,-1,0,-1,-1,-1,-1.000000,-1.000000,166,0,0,0,0,0,-1,-1,-1,0.000000
3189,0,-1,-1,-1,-1,0,-1,-1,-1,-1.000000,-1.000000,342,0,0,0,0,0,-1,-1,-1,0.000000
3190,0,-1,-1,-1,-1,0,-1,-1,-1,-1.000000,-1.000000,109,0,0,0,0,0,-1,-1,-1,0.000000
3191,0,-1,-1,-1,-1,0,-1,-1,-1,-1.000000,-1.000000,128,0,0,0,0,0,-1,-1,-1,0.000000
3192,0,-1,-1,-1,-1,0,-1,-1,-1,-1.000000,-1.000000,235,0,0,0,0,0,-1,-1,-1,0.000000
3193,0,51,-1,-1,1512,6,47,3,4,0.000000,0.000000,95,20,0,11,0,11,51,-1,-1,0.000000
3194,0,-1,-1,-1,-1,0,-1,-1,-1,-1.000000,-1.000000,223,0,0,0,0,0,-1,-1,-1,0.000000
3195,0,-1,-1,-1,-1,0,-1,-1,-1,-1.000000,-1.000000,117,0,0,0,0,0,-1,-1,-1,0.000000
3196,0,-1,-1,-1,-1,0,-1,-1,-1,-1.000000,-1.000000,225,0,0,0,0,0,-1,-1,-1,0.000000
3197,0,-1,-1,-1,-1,0,-1,-1,-1,-1.000000,-1.000000,151,0,0,0,0,0,-1,-1,-1,0.000000
3198,0,-1,-1,-1,-1,0,-1,-1,-1,-1.000000,-1.000000,281,0,0,0,0,0,-1,-1,-1,0.000000
3199,0,-1,-1,-1,-1,0,-1,-1,-1,-1.000000,-1.000000,149,0,0,0,0,0,-1,-1,-1,0.000000
3200,0,-1,-1,-1,-1,0,-1,-1,-1,-1.000000,-1.000000,207,0,0,0,0,0,-1,-1,-1,0.000000
3201,0,-1,-1,-1,-1,0,-1,-1,-1,-1.000000,-1.000000,239,0,0,0,0,0,-1,-1,-1,0.000000
3202,0,-1,-1,-1,-1,0,-1,-1,-1,-1.000000,-1.000000,119,0,0,0,0,0,-1,-1,-1,0.000000
3203,0,-1,-1,-1,-1,0,-1,-1,-1,-1.000000,-1.000000,117,0,0,0,0,0,-1,-1,-1,0.000000
3204,0,-1,-1,-1,-1,0,-1,-1,-1,-1.000000,-1.000000,329,0,0,0,0,0,-1,-1,-1,0.000000
3205,0,-1,-1,-1,-1,0,-1,-1,-1,-1.000000,-1.000000,329,0,0,0,0,0,-1,-1,-1,0.000000
3206,0,34,-1,-1,5651,104,53,3,4,0.000000,0.000000,71,213,0,69,0,69,34,-1,-1,0.000000
3207,0,-1,-1,-1,-1,0,-1,-1,-1,-1.000000,-1.000000,297,0,0,0,0,0,-1,-1,-1,0.000000
3208,0,21,-1,-1,1007,810,66,3,2,0.000000,0.000000,35,741,0,230,0,230,21,-1,-1,0.000000
3209,0,-1,-1,-1,-1,0,-1,-1,-1,-1.000000,-1.000000,112,0,0,0,0,0,-1,-1,-1,0.000000
3210,0,-1,-1,-1,-1,0,-1,-1,-1,-1.000000,-1.000000,177,0,0,0,0,0,-1,-1,-1,0.000000
3211,0,-1,-1,-1,-1,0,-1,-1,-1,-1.000000,-1.000000,113,0,0,0,0,0,-1,-1,-1,0.000000
3212,0,-1,-1,-1,-1,0,-1,-1,-1,-1.000000,-1.000000,362,0,0,0,0,0,-1,-1,-1,0.000000
3213,0,-1,-1,-1,-1,0,-1,-1,-1,-1.000000,-1.000000,435,0,0,0,0,0,-1,-1,-1,0.000000
3214,0,26,-1,-1,725,767,61,3,2,0.000000,0.000000,12,827,0,147,0,147,26,-1,-1,0.000000
3215,0,-1,-1,-1,-1,0,-1,-1,-1,-1.000000,-1.000000,231,0,0,0,0,0,-1,-1,-1,0.000000
3216,0,-1,-1,-1,-1,0,-1,-1,-1,-1.000000,-1.000000,182,0,0,0,0,0,-1,-1,-1,0.000000
3217,0,-1,-1,-1,-1,0,-1,-1,-1,-1.000000,-1.000000,339,0,0,0,0,0,-1,-1,-1,0.000000
3218,0,-1,-1,-1,-1,0,-1,-1,-1,-1.000000,-1.000000,303,0,0,0,0,0,-1,-1,-1,0.000000
3219,0,-1,-1,-1,-1,0,-1,-1,-1,-1.000000,-1.000000,427,0,0,0,0,0,-1,-1,-1,0.000000
3220,0,-1,-1,-1,-1,0,-1,-1,-1,-1.000000,-1.000000,171,0,0,0,0,0,-1,-1,-1,0.000000
3221,0,-1,-1,-1,-1,0,-1,-1,-1,-1.000000,-1.000000,86,0,0,0,0,0,-1,-1,-1,0.000000
3222,0,-1,-1,-1,-1,0,-1,-1,-1,-1.000000,-1.000000,341,0,0,0,0,0,-1,-1,-1,0.000000
3223,0,-1,-1,-1,-1,0,-1,-1,-1,-1.000000,-1.000000,185,0,0,0,0,0,-1,-1,-1,0.000000
3224,0,-1,-1,-1,-1,0,-1,-1,-1,-1.000000,-1.000000,188,0,0,0,0,0,-1,-1,-1,0.000000
3225,0,-1,-1,-1,-1,0,-1,-1,-1,-1.000000,-1.000000,229,0,0,0,0,0,-1,-1,-1,0.000000
3226,0,-1,-1,-1,-1,0,-1,-1,-1,-1.000000,-1.000000,245,0,0,0,0,0,-1,-1,-1,0.000000
3227,0,24,-1,-1,6823,767,64,3,2,0.000000,0.000000,39,790,0,183,0,183,24,-1,-1,0.000000
3228,0,-1,-1,-1,-1,0,-1,-1,-1,-1.000000,-1.000000,431,0,0,0,0,0,-1,-1,-1,0.000000
3229,0,-1,-1,-1,-1,0,-1,-1,-1,-1.000000,-1.000000,471,0,0,0,0,0,-1,-1,-1,0.000000
3230,0,-1,-1,-1,-1,0,-1,-1,-1,-1.000000,-1.000000,215,0,0,0,0,0,-1,-1,-1,0.000000
3231,0,-1,-1,-1,-1,0,-1,-1,-1,-1.000000,-1.000000,281,0,0,0,0,0,-1,-1,-1,0.000000
3232,0,-1,-1,-1,-1,0,-1,-1,-1,-1.000000,-1.000000,147,0,0,0,0,0,-1,-1,-1,0.000000
3233,0,-1,-1,-1,-1,0,-1,-1,-1,-1.000000,-1.000000,407,0,0,0,0,0,-1,-1,-1,0.000000
3234,0,-1,-1,-1,-1,0,-1,-1,-1,-1.000000,-1.000000,333,0,0,0,0,0,-1,-1,-1,0.000000
3235,0,-1,-1,-1,-1,0,-1,-1,-1,-1.000000,-1.000000,233,0,0,0,0,0,-1,-1,-1,0.000000
3236,0,-1,-1,-1,-1,0,-1,-1,-1,-1.000000,-1.000000,89,0,0,0,0,0,-1,-1,-1,0.000000
3237,0,-1,-1,-1,-1,0,-1,-1,-1,-1.000000,-1.000000,268,0,0,0,0,0,-1,-1,-1,0.000000
3238,0,-1,-1,-1,-1,0,-1,-1,-1,-1.000000,-1.000000,98,0,0,0,0,0,-1,-1,-1,0.000000
3239,0,-1,-1,-1,-1,0,-1,-1,-1,-1.000000,-1.000000,474,0,0,0,0,0,-1,-1,-1,0.000000
3240,0,-1,-1,-1,-1,0,-1,-1,-1,-1.000000,-1.000000,147,0,0,0,0,0,-1,-1,-1,0.000000
3241,0,-1,-1,-1,-1,0,-1,-1,-1,-1.000000,-1.000000,287,0,0,0,0,0,-1,-1,-1,0.000000
3242,0,-1,-1,-1,-1,0,-1,-1,-1,-1.000000,-1.000000,131,0,0,0,0,0,-1,-1,-1,0.000000
3243,0,-1,-1,-1,-1,0,-1,-1,-1,-1.000000,-1.000000,145,0,0,0,0,0,-1,-1,-1,0.000000
3244,0,-1,-1,-1,-1,0,-1,-1,-1,-1.000000,-1.000000,345,0,0,0,0,0,-1,-1,-1,0.000000
3245,0,22,-1,-1,2710,672,65,3,4,0.000000,0.000000,21,764,0,214,0,214,22,-1,-1,0.000000
3246,0,-1,-1,-1,-1,0,-1,-1,-1,-1.000000,-1.000000,144,0,0,0,0,0,-1,-1,-1,0.000000
3247,0,-1,-1,-1,-1,0,-1,-1,-1,-1.000000,-1.000000,207,0,0,0,0,0,-1,-1,-1,0.000000
3248,0,87,-1,-1,5489,550,41,3,4,0.000000,0.000000,39,624,0,106,0,106,87,-1,-1,0.000000
3249,0,-1,-1,-1,-1,0,-1,-1,-1,-1.000000,-1.000000,409,0,0,0,0,0,-1,-1,-1,0.000000
3250,0,-1,-1,-1,-1,0,-1,-1,-1,-1.000000,-1.000000,141,0,0,0,0,0,-1,-1,-1,0.000000
3251,0,-1,-1,-1,-1,0,-1,-1,-1,-1.000000,-1.000000,173,0,0,0,0,0,-1,-1,-1,0.000000
3252,0,-1,-1,-1,-1,0,-1,-1,-1,-1.000000,-1.000000,183,0,0,0,0,0,-1,-1,-1,0.000000
3253,0,-1,-1,-1,-1,0,-1,-1,-1,-1.000000,-1.000000,183,0,0,0,0,0,-1,-1,-1,0.000000
3254,0,-1,-1,-1,-1,0,-1,-1,-1,-1.000000,-1.000000,465,0,0,0,0,0,-1,-1,-1,0.000000
3255,0,-1,-1,-1,-1,0,-1,-1,-1,-1.000000,-1.000000,123,0,0,0,0,0,-1,-1,-1,0.000000
3256,0,-1,-1,-1,-1,0,-1,-1,-1,-1.000000,-1.000000,188,0,0,0,0,0,-1,-1,-1,0.000000
3257,0,-1,-1,-1,-1,0,-1,-1,-1,-1.000000,-1.000000,120,0,0,0,0,0,-1,-1,-1,0.000000
3258,0,-1,-1,-1,-1,0,-1,-1,-1,-1.000000,-1.000000,204,0,0,0,0,0,-1,-1,-1,0.000000
3259,0,-1,-1,-1,-1,0,-1,-1,-1,-1.000000,-1.000000,363,0,0,0,0,0,-1,-1,-1,0.000000
3260,0,-1,-1,-1,-1,0,-1,-1,-1,-1.000000,-1.000000,145,0,0,0,0,0,-1,-1,-1,0.000000
3261,0,-1,-1,-1,-1,0,-1,-1,-1,-1.000000,-1.000000,217,0,0,0,0,0,-1,-1,-1,0.000000
3262,0,-1,-1,-1,-1,0,-1,-1,-1,-1.000000,-1.000000,415,0,0,0,0,0,-1,-1,-1,0.000000
3263,0,-1,-1,-1,-1,0,-1,-1,-1,-1.000000,-1.000000,79,0,0,0,0,0,-1,-1,-1,0.000000
3264,0,-1,-1,-1,-1,0,-1,-1,-1,-1.000000,-1.000000,417,0,0,0,0,0,-1,-1,-1,0.000000
3265,0,24,-1,-1,5963,698,63,3,4,0.000000,0.000000,41,695,0,215,0,215,24,-1,-1,0.000000
3266,0,-1,-1,-1,-1,0,-1,-1,-1,-1.000000,-1.000000,303,0,0,0,0,0,-1,-1,-1,0.000000
3267,0,26,-1,-1,1369,628,60,3,4,0.000000,0.000000,16,833,0,138,0,138,26,-1,-1,0.000000
3268,0,67,-1,-1,1478,694,43,3,2,0.000000,0.000000,54,715,0,142,0,142,67,-1,-1,0.000000
3269,0,-1,-1,-1,-1,0,-1,-1,-1,-1.000000,-1.000000,384,0,0,0,0,0,-1,-1,-1,0.000000
3270,0,-1,-1,-1,-1,0,-1,-1,-1,-1.000000,-1.000000,165,0,0,0,0,0,-1,-1,-1,0.000000
3271,0,-1,-1,-1,-1,0,-1,-1,-1,-1.000000,-1.000000,339,0,0,0,0,0,-1,-1,-1,0.000000
3272,0,36,-1,-1,5756,98,52,3,2,0.000000,0.000000,55,178,0,46,0,46,36,-1,-1,0.000000
3273,0,-1,-1,-1,-1,0,-1,-1,-1,-1.000000,-1.000000,163,0,0,0,0,0,-1,-1,-1,0.000000
3274,0,-1,-1,-1,-1,0,-1,-1,-1,-1.000000,-1.000000,359,0,0,0,0,0,-1,-1,-1,0.000000
3275,0,-1,-1,-1,-1,0,-1,-1,-1,-1.000000,-1.000000,227,0,0,0,0,0,-1,-1,-1,0.000000
3276,0,-1,-1,-1,-1,0,-1,-1,-1,-1.000000,-1.000000,117,0,0,0,0,0,-1,-1,-1,0.000000
3277,0,-1,-1,-1,-1,0,-1,-1,-1,-1.000000,-1.000000,407,0,0,0,0,0,-1,-1,-1,0.000000
3278,0,-1,-1,-1,-1,0,-1,-1,-1,-1.000000,-1.000000,525,0,0,0,0,0,-1,-1,-1,0.000000
3279,0,-1,-1,-1,-1,0,-1,-1,-1,-1.000000,-1.000000,149,0,0,0,0,0,-1,-1,-1,0.000000
3280,0,-1,-1,-1,-1,0,-1,-1,-1,-1.000000,-1.000000,347,0,0,0,0,0,-1,-1,-1,0.000000
3281,0,-1,-1,-1,-1,0,-1,-1,-1,-1.000000,-1.000000,197,0,0,0,0,0,-1,-1,-1,0.000000
3282,0,-1,-1,-1,-1,0,-1,-1,-1,-1.000000,-1.000000,391,0,0,0,0,0,-1,-1,-1,0.000000
3283,0,-1,-1,-1,-1,0,-1,-1,-1,-1.000000,-1.000000,157,0,0,0,0,0,-1,-1,-1,0.000000
3284,0,-1,-1,-1,-1,0,-1,-1,-1,-1.000000,-1.000000,498,0,0,0,0,0,-1,-1,-1,0.000000
3285,0,33,-1,-1,3070,8,57,3,4,0.000000,0.000000,55,15,0,4,0,4,33,-1,-1,0.000000
3286,0,-1,-1,-1,-1,0,-1,-1,-1,-1.000000,-1.000000,200,0,0,0,0,0,-1,-1,-1,0.000000
3287,0,-1,-1,-1,-1,0,-1,-1,-1,-1.000000,-1.000000,493,0,0,0,0,0,-1,-1,-1,0.000000
3288,0,-1,-1,-1,-1,0,-1,-1,-1,-1.000000,-1.000000,486,0,0,0,0,0,-1,-1,-1,0.000000
3289,0,-1,-1,-1,-1,0,-1,-1,-1,-1.000000,-1.000000,163,0,0,0,0,0,-1,-1,-1,0.000000
3290,0,-1,-1,-1,-1,0,-1,-1,-1,-1.000000,-1.000000,125,0,0,0,0,0,-1,-1,-1,0.000000
3291,0,-1,-1,-1,-1,0,-1,-1,-1,-1.000000,-1.000000,339,0,0,0,0,0,-1,-1,-1,0.000000
3292,0,-1,-1,-1,-1,0,-1,-1,-1,-1.000000,-1.000000,97,0,0,0,0,0,-1,-1,-1,0.000000
3293,0,-1,-1,-1,-1,0,-1,-1,-1,-1.000000,-1.000000,318,0,0,0,0,0,-1,-1,-1,0.000000
3294,0,-1,-1,-1,-1,0,-1,-1,-1,-1.000000,-1.000000,133,0,0,0,0,0,-1,-1,-1,0.000000
3295,0,-1,-1,-1,-1,0,-1,-1,-1,-1.000000,-1.000000,165,0,0,0,0,0,-1,-1,-1,0.000000
3296,0,-1,-1,-1,-1,0,-1,-1,-1,-1.000000,-1.000000,149,0,0,0,0,0,-1,-1,-1,0.000000
3297,0,-1,-1,-1,-1,0,-1,-1,-1,-1.000000,-1.000000,157,0,0,0,0,0,-1,-1,-1,0.000000
3298,0,-1,-1,-1,-1,0,-1,-1,-1,-1.000000,-1.000000,341,0,0,0,0,0,-1,-1,-1,0.000000
3299,0,-1,-1,-1,-1,0,-1,-1,-1,-1.000000,-1.000000,241,0,0,0,0,0,-1,-1,-1,0.000000
3300,0,-1,-1,-1,-1,0,-1,-1,-1,-1.000000,-1.000000,301,0,0,0,0,0,-1,-1,-1,0.000000
3301,0,-1,-1,-1,-1,0,-1,-1,-1,-1.000000,-1.000000,121,0,0,0,0,0,-1,-1,-1,0.000000
3302,0,-1,-1,-1,-1,0,-1,-1,-1,-1.000000,-1.000000,153,0,0,0,0,0,-1,-1,-1,0.000000
3303,0,-1,-1,-1,-1,0,-1,-1,-1,-1.000000,-1.000000,314,0,0,0,0,0,-1,-1,-1,0.000000
3304,0,-1,-1,-1,-1,0,-1,-1,-1,-1.000000,-1.000000,275,0,0,0,0,0,-1,-1,-1,0.000000
3305,0,-1,-1,-1,-1,0,-1,-1,-1,-1.000000,-1.000000,195,0,0,0,0,0,-1,-1,-1,0.000000
3306,0,48,-1,-1,5177,507,50,3,4,0.000000,0.000000,64,589,0,170,0,170,48,-1,-1,0.000000
3307,0,-1,-1,-1,-1,0,-1,-1,-1,-1.000000,-1.000000,172,0,0,0,0,0,-1,-1,-1,0.000000
3308,0,-1,-1,-1,-1,0,-1,-1,-1,-1.000000,-1.000000,137,0,0,0,0,0,-1,-1,-1,0.000000
3309,0,-1,-1,-1,-1,0,-1,-1,-1,-1.000000,-1.000000,298,0,0,0,0,0,-1,-1,-1,0.000000
3310,0,-1,-1,-1,-1,0,-1,-1,-1,-1.000000,-1.000000,177,0,0,0,0,0,-1,-1,-1,0.000000
3311,0,-1,-1,-1,-1,0,-1,-1,-1,-1.000000,-1.000000,165,0,0,0,0,0,-1,-1,-1,0.000000
3312,0,-1,-1,-1,-1,0,-1,-1,-1,-1.000000,-1.000000,377,0,0,0,0,0,-1,-1,-1,0.000000
3313,0,-1,-1,-1,-1,0,-1,-1,-1,-1.000000,-1.000000,449,0,0,0,0,0,-1,-1,-1,0.000000
3314,0,-1,-1,-1,-1,0,-1,-1,-1,-1.000000,-1.000000,174,0,0,0,0,0,-1,-1,-1,0.000000
3315,0,-1,-1,-1,-1,0,-1,-1,-1,-1.000000,-1.000000,382,0,0,0,0,0,-1,-1,-1,0.000000
3316,0,-1,-1,-1,-1,0,-1,-1,-1,-1.000000,-1.000000,261,0,0,0,0,0,-1,-1,-1,0.000000
3317,0,-1,-1,-1,-1,0,-1,-1,-1,-1.000000,-1.000000,133,0,0,0,0,0,-1,-1,-1,0.000000
3318,0,-1,-1,-1,-1,0,-1,-1,-1,-1.000000,-1.000000,283,0,0,0,0,0,-1,-1,-1,0.000000
3319,0,159,-1,-1,3454,151,32,3,2,0.000000,0.000000,85,293,0,69,0,69,159,-1,-1,0.000000
3320,0,-1,-1,-1,-1,0,-1,-1,-1,-1.000000,-1.000000,310,0,0,0,0,0,-1,-1,-1,0.000000
3321,0,-1,-1,-1,-1,0,-1,-1,-1,-1.000000,-1.000000,335,0,0,0,0,0,-1,-1,-1,0.000000
3322,0,-1,-1,-1,-1,0,-1,-1,-1,-1.000000,-1.000000,321,0,0,0,0,0,-1,-1,-1,0.000000
3323,0,-1,-1,-1,-1,0,-1,-1,-1,-1.000000,-1.000000,442,0,0,0,0,0,-1,-1,-1,0.000000
3324,0,-1,-1,-1,-1,0,-1,-1,-1,-1.000000,-1.000000,196,0,0,0,0,0,-1,-1,-1,0.000000
3325,0,441,-1,-1,3465,10,19,3,2,0.000000,0.000000,70,42,0,9,0,9,441,-1,-1,0.000000
3326,0,-1,-1,-1,-1,0,-1,-1,-1,-1.000000,-1.000000,271,0,0,0,0,0,-1,-1,-1,0.000000
3327,0,17,-1,-1,3379,799,68,3,2,0.000000,0.000000,27,746,0,234,0,234,17,-1,-1,0.000000
3328,0,24,-1,-1,699,702,64,3,2,0.000000,0.000000,41,767,0,202,0,202,24,-1,-1,0.000000
3329,0,-1,-1,-1,-1,0,-1,-1,-1,-1.000000,-1.000000,241,0,0,0,0,0,-1,-1,-1,0.000000
3330,0,-1,-1,-1,-1,0,-1,-1,-1,-1.000000,-1.000000,356,0,0,0,0,0,-1,-1,-1,0.000000
3331,0,-1,-1,-1,-1,0,-1,-1,-1,-1.000000,-1.000000,246,0,0,0,0,0,-1,-1,-1,0.000000
3332,0,-1,-1,-1,-1,0,-1,-1,-1,-1.000000,-1.000000,355,0,0,0,0,0,-1,-1,-1,0.000000
3333,0,28,-1,-1,3449,32,58,3,2,0.000000,0.000000,93,90,0,29,0,29,28,-1,-1,0.000000
3334,0,210,-1,-1,2252,316,28,3,2,0.000000,0.000000,49,438,0,76,0,76,210,-1,-1,0.000000
3335,0,-1,-1,-1,-1,0,-1,-1,-1,-1.000000,-1.000000,107,0,0,0,0,0,-1,-1,-1,0.000000
3336,0,-1,-1,-1,-1,0,-1,-1,-1,-1.000000,-1.000000,301,0,0,0,0,0,-1,-1,-1,0.000000
3337,0,-1,-1,-1,-1,0,-1,-1,-1,-1.000000,-1.000000,393,0,0,0,0,0,-1,-1,-1,0.000000
3338,0,-1,-1,-1,-1,0,-1,-1,-1,-1.000000,-1.000000,287,0,0,0,0,0,-1,-1,-1,0.000000
3339,0,32,-1,-1,6498,61,55,3,4,0.000000,0.000000,67,132,0,44,0,44,32,-1,-1,0.000000
3340,0,-1,-1,-1,-1,0,-1,-1,-1,-1.000000,-1.000000,195,0,0,0,0,0,-1,-1,-1,0.000000
3341,0,-1,-1,-1,-1,0,-1,-1,-1,-1.000000,-1.000000,271,0,0,0,0,0,-1,-1,-1,0.000000
3342,0,46,-1,-1,4240,781,49,3,2,0.000000,0.000000,30,736,0,199,0,199,46,-1,-1,0.000000
3343,0,-1,-1,-1,-1,0,-1,-1,-1,-1.000000,-1.000000,191,0,0,0,0,0,-1,-1,-1,0.000000
3344,0,-1,-1,-1,-1,0,-1,-1,-1,-1.000000,-1.000000,255,0,0,0,0,0,-1,-1,-1,0.000000
3345,0,27,-1,-1,2645,616,61,3,4,0.000000,0.000000,63,694,0,183,0,183,27,-1,-1,0.000000
3346,0,-1,-1,-1,-1,0,-1,-1,-1,-1.000000,-1.000000,318,0,0,0,0,0,-1,-1,-1,0.000000
3347,0,-1,-1,-1,-1,0,-1,-1,-1,-1.000000,-1.000000,249,0,0,0,0,0,-1,-1,-1,0.000000
3348,0,-1,-1,-1,-1,0,-1,-1,-1,-1.000000,-1.000000,327,0,0,0,0,0,-1,-1,-1,0.000000
3349,0,-1,-1,-1,-1,0,-1,-1,-1,-1.000000,-1.000000,219,0,0,0,0,0,-1,-1,-1,0.000000
3350,0,-1,-1,-1,-1,0,-1,-1,-1,-1.000000,-1.000000,281,0,0,0,0,0,-1,-1,-1,0.000000
3351,0,-1,-1,-1,-1,0,-1,-1,-1,-1.000000,-1.000000,454,0,0,0,0,0,-1,-1,-1,0.000000
3352,0,-1,-1,-1,-1,0,-1,-1,-1,-1.000000,-1.000000,181,0,0,0,0,0,-1,-1,-1,0.000000
3353,0,23,-1,-1,5564,618,67,3,4,0.000000,0.000000,17,789,0,183,0,183,23,-1,-1,0.000000
3354,0,-1,-1,-1,-1,0,-1,-1,-1,-1.000000,-1.000000,85,0,0,0,0,0,-1,-1,-1,0.000000
3355,0,-1,-1,-1,-1,0,-1,-1,-1,-1.000000,-1.000000,279,0,0,0,0,0,-1,-1,-1,0.000000
3356,0,-1,-1,-1,-1,0,-1,-1,-1,-1.000000,-1.000000,165,0,0,0,0,0,-1,-1,-1,0.000000
3357,0,-1,-1,-1,-1,0,-1,-1,-1,-1.000000,-1.000000,260,0,0,0,0,0,-1,-1,-1,0.000000
3358,0,-1,-1,-1,-1,0,-1,-1,-1,-1.000000,-1.000000,399,0,0,0,0,0,-1,-1,-1,0.000000
3359,0,-1,-1,-1,-1,0,-1,-1,-1,-1.000000,-1.000000,191,0,0,0,0,0,-1,-1,-1,0.000000
3360,0,-1,-1,-1,-1,0,-1,-1,-1,-1.000000,-1.000000,379,0,0,0,0,0,-1,-1,-1,0.000000
3361,0,-1,-1,-1,-1,0,-1,-1,-1,-1.000000,-1.000000,479,0,0,0,0,0,-1,-1,-1,0.000000
3362,0,51,-1,-1,389,93,47,3,4,0.000000,0.000000,97,196,0,64,0,64,51,-1,-1,0.000000
3363,0,-1,-1,-1,-1,0,-1,-1,-1,-1.000000,-1.000000,137,0,0,0,0,0,-1,-1,-1,0.000000
3364,0,-1,-1,-1,-1,0,-1,-1,-1,-1.000000,-1.000000,343,0,0,0,0,0,-1,-1,-1,0.000000
3365,0,-1,-1,-1,-1,0,-1,-1,-1,-1.000000,-1.000000,425,0,0,0,0,0,-1,-1,-1,0.000000
3366,0,-1,-1,-1,-1,0,-1,-1,-1,-1.000000,-1.000000,127,0,0,0,0,0,-1,-1,-1,0.000000
3367,0,-1,-1,-1,-1,0,-1,-1,-1,-1.000000,-1.000000,354,0,0,0,0,0,-1,-1,-1,0.000000
3368,0,-1,-1,-1,-1,0,-1,-1,-1,-1.000000,-1.000000,218,0,0,0,0,0,-1,-1,-1,0.000000
3369,0,-1,-1,-1,-1,0,-1,-1,-1,-1.000000,-1.000000,143,0,0,0,0,0,-1,-1,-1,0.000000
3370,0,-1,-1,-1,-1,0,-1,-1,-1,-1.000000,-1.000000,526,0,0,0,0,0,-1,-1,-1,0.000000
3371,0,-1,-1,-1,-1,0,-1,-1,-1,-1.000000,-1.000000,356,0,0,0,0,0,-1,-1,-1,0.000000
3372,0,73,-1,-1,5237,1,43,3,4,0.000000,0.000000,85,2,0,0,0,0,73,-1,-1,0.000000
3373,0,-1,-1,-1,-1,0,-1,-1,-1,-1.000000,-1.000000,341,0,0,0,0,0,-1,-1,-1,0.000000
3374,0,29,-1,-1,3209,73,57,3,4,0.000000,0.000000,85,168,0,63,0,63,29,-1,-1,0.000000
3375,0,-1,-1,-1,-1,0,-1,-1,-1,-1.000000,-1.000000,155,0,0,0,0,0,-1,-1,-1,0.000000
3376,0,-1,-1,-1,-1,0,-1,-1,-1,-1.000000,-1.000000,403,0,0,0,0,0,-1,-1,-1,0.000000
3377,0,-1,-1,-1,-1,0,-1,-1,-1,-1.000000,-1.000000,255,0,0,0,0,0,-1,-1,-1,0.000000
3378,0,-1,-1,-1,-1,0,-1,-1,-1,-1.000000,-1.000000,134,0,0,0,0,0,-1,-1,-1,0.000000
3379,0,80,-1,-1,5300,0,40,3,2,0.000000,0.000000,111,8,0,2,0,2,80,-1,-1,0.000000
3380,0,-1,-1,-1,-1,0,-1,-1,-1,-1.000000,-1.000000,133,0,0,0,0,0,-1,-1,-1,0.000000
3381,0,-1,-1,-1,-1,0,-1,-1,-1,-1.000000,-1.000000,221,0,0,0,0,0,-1,-1,-1,0.000000
3382,0,-1,-1,-1,-1,0,-1,-1,-1,-1.000000,-1.000000,430,0,0,0,0,0,-1,-1,-1,0.000000
3383,0,-1,-1,-1,-1,0,-1,-1,-1,-1.000000,-1.000000,385,0,0,0,0,0,-1,-1,-1,0.000000
3384,0,-1,-1,-1,-1,0,-1,-1,-1,-1.000000,-1.000000,251,0,0,0,0,0,-1,-1,-1,0.000000
3385,0,-1,-1,-1,-1,0,-1,-1,-1,-1.000000,-1.000000,313,0,0,0,0,0,-1,-1,-1,0.000000
3386,0,-1,-1,-1,-1,0,-1,-1,-1,-1.000000,-1.000000,267,0,0,0,0,0,-1,-1,-1,0.000000
3387,0,-1,-1,-1,-1,0,-1,-1,-1,-1.000000,-1.000000,383,0,0,0,0,0,-1,-1,-1,0.000000
3388,0,-1,-1,-1,-1,0,-1,-1,-1,-1.000000,-1.000000,348,0,0,0,0,0,-1,-1,-1,0.000000
3389,0,-1,-1,-1,-1,0,-1,-1,-1,-1.000000,-1.000000,147,0,0,0,0,0,-1,-1,-1,0.000000
3390,0,24,-1,-1,1955,703,62,3,2,0.000000,0.000000,11,818,0,157,0,157,24,-1,-1,0.000000
3391,0,24,-1,-1,5101,733,62,3,2,0.000000,0.000000,27,788,0,173,0,173,24,-1,-1,0.000000
3392,0,-1,-1,-1,-1,0,-1,-1,-1,-1.000000,-1.000000,267,0,0,0,0,0,-1,-1,-1,0.000000
3393,0,-1,-1,-1,-1,0,-1,-1,-1,-1.000000,-1.000000,333,0,0,0,0,0,-1,-1,-1,0.000000
3394,0,-1,-1,-1,-1,0,-1,-1,-1,-1.000000,-1.000000,293,0,0,0,0,0,-1,-1,-1,0.000000
3395,0,-1,-1,-1,-1,0,-1,-1,-1,-1.000000,-1.000000,287,0,0,0,0,0,-1,-1,-1,0.000000
3396,0,-1,-1,-1,-1,0,-1,-1,-1,-1.000000,-1.000000,197,0,0,0,0,0,-1,-1,-1,0.000000
3397,0,29,-1,-1,5098,109,57,3,4,0.000000,0.000000,55,217,0,77,0,77,29,-1,-1,0.000000
3398,0,17,-1,-1,2444,814,68,3,2,0.000000,0.000000,43,722,0,254,0,254,17,-1,-1,0.000000
3399,0,-1,-1,-1,-1,0,-1,-1,-1,-1.000000,-1.000000,145,0,0,0,0,0,-1,-1,-1,0.000000
3400,0,-1,-1,-1,-1,0,-1,-1,-1,-1.000000,-1.000000,386,0,0,0,0,0,-1,-1,-1,0.000000
3401,0,-1,-1,-1,-1,0,-1,-1,-1,-1.000000,-1.000000,417,0,0,0,0,0,-1,-1,-1,0.000000
3402,0,-1,-1,-1,-1,0,-1,-1,-1,-1.000000,-1.000000,480,0,0,0,0,0,-1,-1,-1,0.000000
3403,0,28,-1,-1,5690,701,58,3,2,0.000000,0.000000,49,712,0,205,0,205,28,-1,-1,0.000000
3404,0,-1,-1,-1,-1,0,-1,-1,-1,-1.000000,-1.000000,125,0,0,0,0,0,-1,-1,-1,0.000000
3405,0,148,-1,-1,6645,4,33,3,4,0.000000,0.000000,93,9,0,4,0,4,148,-1,-1,0.000000
3406,0,-1,-1,-1,-1,0,-1,-1,-1,-1.000000,-1.000000,458,0,0,0,0,0,-1,-1,-1,0.000000
3407,0,-1,-1,-1,-1,0,-1,-1,-1,-1.000000,-1.000000,405,0,0,0,0,0,-1,-1,-1,0.000000
3408,0,-1,-1,-1,-1,0,-1,-1,-1,-1.000000,-1.000000,243,0,0,0,0,0,-1,-1,-1,0.000000
3409,0,-1,-1,-1,-1,0,-1,-1,-1,-1.000000,-1.000000,365,0,0,0,0,0,-1,-1,-1,0.000000
3410,0,-1,-1,-1,-1,0,-1,-1,-1,-1.000000,-1.000000,387,0,0,0,0,0,-1,-1,-1,0.000000
3411,0,-1,-1,-1,-1,0,-1,-1,-1,-1.000000,-1.000000,175,0,0,0,0,0,-1,-1,-1,0.000000
3412,0,-1,-1,-1,-1,0,-1,-1,-1,-1.000000,-1.000000,287,0,0,0,0,0,-1,-1,-1,0.000000
3413,0,-1,-1,-1,-1,0,-1,-1,-1,-1.000000,-1.000000,372,0,0,0,0,0,-1,-1,-1,0.000000
3414,0,-1,-1,-1,-1,0,-1,-1,-1,-1.000000,-1.000000,259,0,0,0,0,0,-1,-1,-1,0.000000
3415,0,28,-1,-1,7638,832,59,3,4,0.000000,0.000000,17,792,0,170,0,170,28,-1,-1,0.000000
3416,0,-1,-1,-1,-1,0,-1,-1,-1,-1.000000,-1.000000,209,0,0,0,0,0,-1,-1,-1,0.000000
3417,0,-1,-1,-1,-1,0,-1,-1,-1,-1.000000,-1.000000,353,0,0,0,0,0,-1,-1,-1,0.000000
3418,0,66,-1,-1,2374,2,45,3,4,0.000000,0.000000,89,12,0,10,0,10,66,-1,-1,0.000000
3419,0,-1,-1,-1,-1,0,-1,-1,-1,-1.000000,-1.000000,459,0,0,0,0,0,-1,-1,-1,0.000000
3420,0,18,-1,-1,5528,652,71,3,4,0.000000,0.000000,17,700,0,282,0,282,18,-1,-1,0.000000
3421,0,25,-1,-1,152,78,61,3,4,0.000000,0.000000,53,154,0,48,0,48,25,-1,-1,0.000000
3422,0,-1,-1,-1,-1,0,-1,-1,-1,-1.000000,-1.000000,163,0,0,0,0,0,-1,-1,-1,0.000000
3423,0,-1,-1,-1,-1,0,-1,-1,-1,-1.000000,-1.000000,217,0,0,0,0,0,-1,-1,-1,0.000000
3424,0,-1,-1,-1,-1,0,-1,-1,-1,-1.000000,-1.000000,251,0,0,0,0,0,-1,-1,-1,0.000000
3425,0,29,-1,-1,2219,150,57,3,4,0.000000,0.000000,79,282,0,77,0,77,29,-1,-1,0.000000
3426,0,-1,-1,-1,-1,0,-1,-1,-1,-1.000000,-1.000000,433,0,0,0,0,0,-1,-1,-1,0.000000
3427,0,-1,-1,-1,-1,0,-1,-1,-1,-1.000000,-1.000000,497,0,0,0,0,0,-1,-1,-1,0.000000
3428,0,-1,-1,-1,-1,0,-1,-1,-1,-1.000000,-1.000000,301,0,0,0,0,0,-1,-1,-1,0.000000
3429,0,-1,-1,-1,-1,0,-1,-1,-1,-1.000000,-1.000000,60,0,0,0,0,0,-1,-1,-1,0.000000
3430,0,-1,-1,-1,-1,0,-1,-1,-1,-1.000000,-1.000000,201,0,0,0,0,0,-1,-1,-1,0.000000
3431,0,-1,-1,-1,-1,0,-1,-1,-1,-1.000000,-1.000000,166,0,0,0,0,0,-1,-1,-1,0.000000
3432,0,-1,-1,-1,-1,0,-1,-1,-1,-1.000000,-1.000000,165,0,0,0,0,0,-1,-1,-1,0.000000
3433,0,-1,-1,-1,-1,0,-1,-1,-1,-1.000000,-1.000000,454,0,0,0,0,0,-1,-1,-1,0.000000
3434,0,-1,-1,-1,-1,0,-1,-1,-1,-1.000000,-1.000000,203,0,0,0,0,0,-1,-1,-1,0.000000
3435,0,-1,-1,-1,-1,0,-1,-1,-1,-1.000000,-1.000000,121,0,0,0,0,0,-1,-1,-1,0.000000
3436,0,-1,-1,-1,-1,0,-1,-1,-1,-1.000000,-1.000000,308,0,0,0,0,0,-1,-1,-1,0.000000
3437,0,-1,-1,-1,-1,0,-1,-1,-1,-1.000000,-1.000000,297,0,0,0,0,0,-1,-1,-1,0.000000
3438,0,-1,-1,-1,-1,0,-1,-1,-1,-1.000000,-1.000000,201,0,0,0,0,0,-1,-1,-1,0.000000
3439,0,-1,-1,-1,-1,0,-1,-1,-1,-1.000000,-1.000000,407,0,0,0,0,0,-1,-1,-1,0.000000
3440,0,-1,-1,-1,-1,0,-1,-1,-1,-1.000000,-1.000000,257,0,0,0,0,0,-1,-1,-1,0.000000
3441,0,-1,-1,-1,-1,0,-1,-1,-1,-1.000000,-1.000000,364,0,0,0,0,0,-1,-1,-1,0.000000
3442,0,-1,-1,-1,-1,0,-1,-1,-1,-1.000000,-1.000000,220,0,0,0,0,0,-1,-1,-1,0.000000
3443,0,-1,-1,-1,-1,0,-1,-1,-1,-1.000000,-1.000000,119,0,0,0,0,0,-1,-1,-1,0.000000
3444,0,-1,-1,-1,-1,0,-1,-1,-1,-1.000000,-1.000000,34,0,0,0,0,0,-1,-1,-1,0.000000
3445,0,-1,-1,-1,-1,0,-1,-1,-1,-1.000000,-1.000000,440,0,0,0,0,0,-1,-1,-1,0.000000
3446,0,29,-1,-1,5056,8,57,3,4,0.000000,0.000000,69,40,0,11,0,11,29,-1,-1,0.000000
3447,0,-1,-1,-1,-1,0,-1,-1,-1,-1.000000,-1.000000,195,0,0,0,0,0,-1,-1,-1,0.000000
3448,0,26,-1,-1,5750,585,61,3,4,0.000000,0.000000,57,647,0,177,0,177,26,-1,-1,0.000000
3449,0,-1,-1,-1,-1,0,-1,-1,-1,-1.000000,-1.000000,344,0,0,0,0,0,-1,-1,-1,0.000000
3450,0,-1,-1,-1,-1,0,-1,-1,-1,-1.000000,-1.000000,193,0,0,0,0,0,-1,-1,-1,0.000000
3451,0,-1,-1,-1,-1,0,-1,-1,-1,-1.000000,-1.000000,138,0,0,0,0,0,-1,-1,-1,0.000000
3452,0,-1,-1,-1,-1,0,-1,-1,-1,-1.000000,-1.000000,178,0,0,0,0,0,-1,-1,-1,0.000000
3453,0,-1,-1,-1,-1,0,-1,-1,-1,-1.000000,-1.000000,267,0,0,0,0,0,-1,-1,-1,0.000000
3454,0,-1,-1,-1,-1,0,-1,-1,-1,-1.000000,-1.000000,288,0,0,0,0,0,-1,-1,-1,0.000000
3455,0,-1,-1,-1,-1,0,-1,-1,-1,-1.000000,-1.000000,188,0,0,0,0,0,-1,-1,-1,0.000000
3456,0,-1,-1,-1,-1,0,-1,-1,-1,-1.000000,-1.000000,151,0,0,0,0,0,-1,-1,-1,0.000000
3457,0,-1,-1,-1,-1,0,-1,-1,-1,-1.000000,-1.000000,274,0,0,0,0,0,-1,-1,-1,0.000000
3458,0,-1,-1,-1,-1,0,-1,-1,-1,-1.000000,-1.000000,177,0,0,0,0,0,-1,-1,-1,0.000000
3459,0,-1,-1,-1,-1,0,-1,-1,-1,-1.000000,-1.000000,480,0,0,0,0,0,-1,-1,-1,0.000000
3460,0,48,-1,-1,93,486,49,3,4,0.000000,0.000000,63,615,0,111,0,111,48,-1,-1,0.000000
3461,0,-1,-1,-1,-1,0,-1,-1,-1,-1.000000,-1.000000,259,0,0,0,0,0,-1,-1,-1,0.000000
3462,0,-1,-1,-1,-1,0,-1,-1,-1,-1.000000,-1.000000,300,0,0,0,0,0,-1,-1,-1,0.000000
3463,0,-1,-1,-1,-1,0,-1,-1,-1,-1.000000,-1.000000,301,0,0,0,0,0,-1,-1,-1,0.000000
3464,0,304,-1,-1,6302,297,27,3,2,0.000000,0.000000,44,379,0,53,0,53,304,-1,-1,0.000000
3465,0,-1,-1,-1,-1,0,-1,-1,-1,-1.000000,-1.000000,324,0,0,0,0,0,-1,-1,-1,0.000000
3466,0,-1,-1,-1,-1,0,-1,-1,-1,-1.000000,-1.000000,385,0,0,0,0,0,-1,-1,-1,0.000000
3467,0,-1,-1,-1,-1,0,-1,-1,-1,-1.000000,-1.000000,275,0,0,0,0,0,-1,-1,-1,0.000000
3468,0,-1,-1,-1,-1,0,-1,-1,-1,-1.000000,-1.000000,81,0,0,0,0,0,-1,-1,-1,0.000000
3469,0,-1,-1,-1,-1,0,-1,-1,-1,-1.000000,-1.000000,231,0,0,0,0,0,-1,-1,-1,0.000000
3470,0,24,-1,-1,6179,670,63,3,4,0.000000,0.000000,27,747,0,205,0,205,24,-1,-1,0.000000
3471,0,-1,-1,-1,-1,0,-1,-1,-1,-1.000000,-1.000000,197,0,0,0,0,0,-1,-1,-1,0.000000
3472,0,111,-1,-1,2852,690,36,3,2,0.000000,0.000000,15,758,0,89,0,89,111,-1,-1,0.000000
3473,0,-1,-1,-1,-1,0,-1,-1,-1,-1.000000,-1.000000,209,0,0,0,0,0,-1,-1,-1,0.000000
3474,0,170,-1,-1,6874,1,31,3,4,0.000000,0.000000,81,14,0,3,0,3,170,-1,-1,0.000000
3475,0,24,-1,-1,2596,874,65,3,4,0.000000,0.000000,35,744,0,231,0,231,24,-1,-1,0.000000
3476,0,-1,-1,-1,-1,0,-1,-1,-1,-1.000000,-1.000000,314,0,0,0,0,0,-1,-1,-1,0.000000
3477,0,28,-1,-1,7012,482,57,3,4,0.000000,0.000000,41,510,0,202,0,202,28,-1,-1,0.000000
3478,0,-1,-1,-1,-1,0,-1,-1,-1,-1.000000,-1.000000,161,0,0,0,0,0,-1,-1,-1,0.000000
3479,0,-1,-1,-1,-1,0,-1,-1,-1,-1.000000,-1.000000,520,0,0,0,0,0,-1,-1,-1,0.000000
3480,0,-1,-1,-1,-1,0,-1,-1,-1,-1.000000,-1.000000,221,0,0,0,0,0,-1,-1,-1,0.000000
3481,0,-1,-1,-1,-1,0,-1,-1,-1,-1.000000,-1.000000,147,0,0,0,0,0,-1,-1,-1,0.000000
3482,0,-1,-1,-1,-1,0,-1,-1,-1,-1.000000,-1.000000,223,0,0,0,0,0,-1,-1,-1,0.000000
3483,0,-1,-1,-1,-1,0,-1,-1,-1,-1.000000,-1.000000,125,0,0,0,0,0,-1,-1,-1,0.000000
3484,0,-1,-1,-1,-1,0,-1,-1,-1,-1.000000,-1.000000,161,0,0,0,0,0,-1,-1,-1,0.000000
3485,0,168,-1,-1,4126,0,33,3,4,0.000000,0.000000,75,4,0,0,0,0,168,-1,-1,0.000000
3486,0,-1,-1,-1,-1,0,-1,-1,-1,-1.000000,-1.000000,480,0,0,0,0,0,-1,-1,-1,0.000000
3487,0,-1,-1,-1,-1,0,-1,-1,-1,-1.000000,-1.000000,476,0,0,0,0,0,-1,-1,-1,0.000000
3488,0,-1,-1,-1,-1,0,-1,-1,-1,-1.000000,-1.000000,173,0,0,0,0,0,-1,-1,-1,0.000000
3489,0,-1,-1,-1,-1,0,-1,-1,-1,-1.000000,-1.000000,183,0,0,0,0,0,-1,-1,-1,0.000000
3490,0,-1,-1,-1,-1,0,-1,-1,-1,-1.000000,-1.000000,147,0,0,0,0,0,-1,-1,-1,0.000000
3491,0,-1,-1,-1,-1,0,-1,-1,-1,-1.000000,-1.000000,281,0,0,0,0,0,-1,-1,-1,0.000000
3492,0,38,-1,-1,5251,1,52,3,2,0.000000,0.000000,69,12,0,6,0,6,38,-1,-1,0.000000
3493,0,108,-1,-1,5494,607,39,3,2,0.000000,0.000000,18,799,0,88,0,88,108,-1,-1,0.000000
3494,0,-1,-1,-1,-1,0,-1,-1,-1,-1.000000,-1.000000,169,0,0,0,0,0,-1,-1,-1,0.000000
3495,0,-1,-1,-1,-1,0,-1,-1,-1,-1.000000,-1.000000,359,0,0,0,0,0,-1,-1,-1,0.000000
3496,0,-1,-1,-1,-1,0,-1,-1,-1,-1.000000,-1.000000,157,0,0,0,0,0,-1,-1,-1,0.000000
3497,0,-1,-1,-1,-1,0,-1,-1,-1,-1.000000,-1.000000,229,0,0,0,0,0,-1,-1,-1,0.000000
3498,0,-1,-1,-1,-1,0,-1,-1,-1,-1.000000,-1.000000,325,0,0,0,0,0,-1,-1,-1,0.000000
3499,0,-1,-1,-1,-1,0,-1,-1,-1,-1.000000,-1.000000,220,0,0,0,0,0,-1,-1,-1,0.000000
3500,0,120,-1,-1,2115,0,38,3,2,0.000000,0.000000,79,1,0,0,0,0,120,-1,-1,0.000000
3501,0,122,-1,-1,5255,0,35,3,4,0.000000,0.000000,79,0,0,1,0,1,122,-1,-1,0.000000
3502,0,26,-1,-1,5220,371,63,3,4,0.000000,0.000000,59,490,0,133,0,133,26,-1,-1,0.000000
3503,0,-1,-1,-1,-1,0,-1,-1,-1,-1.000000,-1.000000,502,0,0,0,0,0,-1,-1,-1,0.000000
3504,0,-1,-1,-1,-1,0,-1,-1,-1,-1.000000,-1.000000,410,0,0,0,0,0,-1,-1,-1,0.000000
3505,0,29,-1,-1,3298,675,59,3,4,0.000000,0.000000,41,686,0,167,0,167,29,-1,-1,0.000000
3506,0,-1,-1,-1,-1,0,-1,-1,-1,-1.000000,-1.000000,167,0,0,0,0,0,-1,-1,-1,0.000000
3507,0,-1,-1,-1,-1,0,-1,-1,-1,-1.000000,-1.000000,241,0,0,0,0,0,-1,-1,-1,0.000000
3508,0,-1,-1,-1,-1,0,-1,-1,-1,-1.000000,-1.000000,143,0,0,0,0,0,-1,-1,-1,0.000000
3509,0,-1,-1,-1,-1,0,-1,-1,-1,-1.000000,-1.000000,385,0,0,0,0,0,-1,-1,-1,0.000000
3510,0,-1,-1,-1,-1,0,-1,-1,-1,-1.000000,-1.000000,153,0,0,0,0,0,-1,-1,-1,0.000000
3511,0,-1,-1,-1,-1,0,-1,-1,-1,-1.000000,-1.000000,335,0,0,0,0,0,-1,-1,-1,0.000000
3512,0,-1,-1,-1,-1,0,-1,-1,-1,-1.000000,-1.000000,145,0,0,0,0,0,-1,-1,-1,0.000000
3513,0,-1,-1,-1,-1,0,-1,-1,-1,-1.000000,-1.000000,157,0,0,0,0,0,-1,-1,-1,0.000000
3514,0,-1,-1,-1,-1,0,-1,-1,-1,-1.000000,-1.000000,191,0,0,0,0,0,-1,-1,-1,0.000000
3515,0,53,-1,-1,6195,3,49,3,4,0.000000,0.000000,65,7,0,2,0,2,53,-1,-1,0.000000
3516,0,-1,-1,-1,-1,0,-1,-1,-1,-1.000000,-1.000000,327,0,0,0,0,0,-1,-1,-1,0.000000
3517,0,-1,-1,-1,-1,0,-1,-1,-1,-1.000000,-1.000000,186,0,0,0,0,0,-1,-1,-1,0.000000
3518,0,-1,-1,-1,-1,0,-1,-1,-1,-1.000000,-1.000000,147,0,0,0,0,0,-1,-1,-1,0.000000
3519,0,34,-1,-1,4767,115,53,3,4,0.000000,0.000000,81,204,0,72,0,72,34,-1,-1,0.000000
3520,0,25,-1,-1,5505,853,62,3,2,0.000000,0.000000,31,727,0,248,0,248,25,-1,-1,0.000000
3521,0,-1,-1,-1,-1,0,-1,-1,-1,-1.000000,-1.000000,269,0,0,0,0,0,-1,-1,-1,0.000000
3522,0,-1,-1,-1,-1,0,-1,-1,-1,-1.000000,-1.000000,254,0,0,0,0,0,-1,-1,-1,0.000000
3523,0,-1,-1,-1,-1,0,-1,-1,-1,-1.000000,-1.000000,92,0,0,0,0,0,-1,-1,-1,0.000000
3524,0,-1,-1,-1,-1,0,-1,-1,-1,-1.000000,-1.000000,197,0,0,0,0,0,-1,-1,-1,0.000000
3525,0,24,-1,-1,1159,830,65,3,4,0.000000,0.000000,25,725,0,251,0,251,24,-1,-1,0.000000
3526,0,-1,-1,-1,-1,0,-1,-1,-1,-1.000000,-1.000000,383,0,0,0,0,0,-1,-1,-1,0.000000
3527,0,28,-1,-1,6737,180,61,3,4,0.000000,0.000000,79,303,0,96,0,96,28,-1,-1,0.000000
3528,0,-1,-1,-1,-1,0,-1,-1,-1,-1.000000,-1.000000,281,0,0,0,0,0,-1,-1,-1,0.000000
3529,0,-1,-1,-1,-1,0,-1,-1,-1,-1.000000,-1.000000,119,0,0,0,0,0,-1,-1,-1,0.000000
3530,0,-1,-1,-1,-1,0,-1,-1,-1,-1.000000,-1.000000,340,0,0,0,0,0,-1,-1,-1,0.000000
3531,0,-1,-1,-1,-1,0,-1,-1,-1,-1.000000,-1.000000,253,0,0,0,0,0,-1,-1,-1,0.000000
3532,0,-1,-1,-1,-1,0,-1,-1,-1,-1.000000,-1.000000,231,0,0,0,0,0,-1,-1,-1,0.000000
3533,0,28,-1,-1,7443,50,57,3,4,0.000000,0.000000,93,160,0,43,0,43,28,-1,-1,0.000000
3534,0,-1,-1,-1,-1,0,-1,-1,-1,-1.000000,-1.000000,239,0,0,0,0,0,-1,-1,-1,0.000000
3535,0,-1,-1,-1,-1,0,-1,-1,-1,-1.000000,-1.000000,293,0,0,0,0,0,-1,-1,-1,0.000000
3536,0,29,-1,-1,4478,594,57,3,4,0.000000,0.000000,63,644,0,176,0,176,29,-1,-1,0.000000
3537,0,634,-1,-1,6427,60,18,3,4,0.000000,0.000000,66,94,0,22,0,22,634,-1,-1,0.000000
3538,0,-1,-1,-1,-1,0,-1,-1,-1,-1.000000,-1.000000,243,0,0,0,0,0,-1,-1,-1,0.000000
3539,0,-1,-1,-1,-1,0,-1,-1,-1,-1.000000,-1.000000,123,0,0,0,0,0,-1,-1,-1,0.000000
3540,0,23,-1,-1,6329,779,64,3,2,0.000000,0.000000,59,742,0,211,0,211,23,-1,-1,0.000000
3541,0,-1,-1,-1,-1,0,-1,-1,-1,-1.000000,-1.000000,447,0,0,0,0,0,-1,-1,-1,0.000000
3542,0,-1,-1,-1,-1,0,-1,-1,-1,-1.000000,-1.000000,283,0,0,0,0,0,-1,-1,-1,0.000000
3543,0,-1,-1,-1,-1,0,-1,-1,-1,-1.000000,-1.000000,309,0,0,0,0,0,-1,-1,-1,0.000000
3544,0,-1,-1,-1,-1,0,-1,-1,-1,-1.000000,-1.000000,292,0,0,0,0,0,-1,-1,-1,0.000000
3545,0,-1,-1,-1,-1,0,-1,-1,-1,-1.000000,-1.000000,253,0,0,0,0,0,-1,-1,-1,0.000000
3546,0,-1,-1,-1,-1,0,-1,-1,-1,-1.000000,-1.000000,362,0,0,0,0,0,-1,-1,-1,0.000000
3547,0,-1,-1,-1,-1,0,-1,-1,-1,-1.000000,-1.000000,283,0,0,0,0,0,-1,-1,-1,0.000000
3548,0,-1,-1,-1,-1,0,-1,-1,-1,-1.000000,-1.000000,365,0,0,0,0,0,-1,-1,-1,0.000000
3549,0,-1,-1,-1,-1,0,-1,-1,-1,-1.000000,-1.000000,195,0,0,0,0,0,-1,-1,-1,0.000000
3550,0,47,-1,-1,4916,300,49,3,4,0.000000,0.000000,73,439,0,98,0,98,47,-1,-1,0.000000
3551,0,-1,-1,-1,-1,0,-1,-1,-1,-1.000000,-1.000000,268,0,0,0,0,0,-1,-1,-1,0.000000
3552,0,-1,-1,-1,-1,0,-1,-1,-1,-1.000000,-1.000000,263,0,0,0,0,0,-1,-1,-1,0.000000
3553,0,52,-1,-1,3215,124,46,3,4,0.000000,0.000000,64,247,0,60,0,60,52,-1,-1,0.000000
3554,0,-1,-1,-1,-1,0,-1,-1,-1,-1.000000,-1.000000,219,0,0,0,0,0,-1,-1,-1,0.000000
3555,0,-1,-1,-1,-1,0,-1,-1,-1,-1.000000,-1.000000,341,0,0,0,0,0,-1,-1,-1,0.000000
3556,0,-1,-1,-1,-1,0,-1,-1,-1,-1.000000,-1.000000,235,0,0,0,0,0,-1,-1,-1,0.000000
3557,0,-1,-1,-1,-1,0,-1,-1,-1,-1.000000,-1.000000,363,0,0,0,0,0,-1,-1,-1,0.000000
3558,0,-1,-1,-1,-1,0,-1,-1,-1,-1.000000,-1.000000,292,0,0,0,0,0,-1,-1,-1,0.000000
3559,0,-1,-1,-1,-1,0,-1,-1,-1,-1.000000,-1.000000,191,0,0,0,0,0,-1,-1,-1,0.000000
3560,0,-1,-1,-1,-1,0,-1,-1,-1,-1.000000,-1.000000,440,0,0,0,0,0,-1,-1,-1,0.000000
3561,0,-1,-1,-1,-1,0,-1,-1,-1,-1.000000,-1.000000,496,0,0,0,0,0,-1,-1,-1,0.000000
3562,0,-1,-1,-1,-1,0,-1,-1,-1,-1.000000,-1.000000,121,0,0,0,0,0,-1,-1,-1,0.000000
3563,0,-1,-1,-1,-1,0,-1,-1,-1,-1.000000,-1.000000,244,0,0,0,0,0,-1,-1,-1,0.000000
3564,0,-1,-1,-1,-1,0,-1,-1,-1,-1.000000,-1.000000,217,0,0,0,0,0,-1,-1,-1,0.000000
3565,0,-1,-1,-1,-1,0,-1,-1,-1,-1.000000,-1.000000,153,0,0,0,0,0,-1,-1,-1,0.000000
3566,0,-1,-1,-1,-1,0,-1,-1,-1,-1.000000,-1.000000,273,0,0,0,0,0,-1,-1,-1,0.000000
3567,0,-1,-1,-1,-1,0,-1,-1,-1,-1.000000,-1.000000,170,0,0,0,0,0,-1,-1,-1,0.000000
3568,0,-1,-1,-1,-1,0,-1,-1,-1,-1.000000,-1.000000,143,0,0,0,0,0,-1,-1,-1,0.000000
3569,0,-1,-1,-1,-1,0,-1,-1,-1,-1.000000,-1.000000,353,0,0,0,0,0,-1,-1,-1,0.000000
3570,0,-1,-1,-1,-1,0,-1,-1,-1,-1.000000,-1.000000,231,0,0,0,0,0,-1,-1,-1,0.000000
3571,0,-1,-1,-1,-1,0,-1,-1,-1,-1.000000,-1.000000,351,0,0,0,0,0,-1,-1,-1,0.000000
3572,0,-1,-1,-1,-1,0,-1,-1,-1,-1.000000,-1.000000,228,0,0,0,0,0,-1,-1,-1,0.000000
3573,0,-1,-1,-1,-1,0,-1,-1,-1,-1.000000,-1.000000,293,0,0,0,0,0,-1,-1,-1,0.000000
3574,0,-1,-1,-1,-1,0,-1,-1,-1,-1.000000,-1.000000,176,0,0,0,0,0,-1,-1,-1,0.000000
3575,0,-1,-1,-1,-1,0,-1,-1,-1,-1.000000,-1.000000,413,0,0,0,0,0,-1,-1,-1,0.000000
3576,0,-1,-1,-1,-1,0,-1,-1,-1,-1.000000,-1.000000,125,0,0,0,0,0,-1,-1,-1,0.000000
3577,0,27,-1,-1,1369,743,59,3,2,0.000000,0.000000,28,716,0,189,0,189,27,-1,-1,0.000000
3578,0,-1,-1,-1,-1,0,-1,-1,-1,-1.000000,-1.000000,393,0,0,0,0,0,-1,-1,-1,0.000000
3579,0,-1,-1,-1,-1,0,-1,-1,-1,-1.000000,-1.000000,153,0,0,0,0,0,-1,-1,-1,0.000000
3580,0,-1,-1,-1,-1,0,-1,-1,-1,-1.000000,-1.000000,267,0,0,0,0,0,-1,-1,-1,0.000000
3581,0,-1,-1,-1,-1,0,-1,-1,-1,-1.000000,-1.000000,175,0,0,0,0,0,-1,-1,-1,0.000000
3582,0,-1,-1,-1,-1,0,-1,-1,-1,-1.000000,-1.000000,109,0,0,0,0,0,-1,-1,-1,0.000000
3583,0,-1,-1,-1,-1,0,-1,-1,-1,-1.000000,-1.000000,163,0,0,0,0,0,-1,-1,-1,0.000000
3584,0,-1,-1,-1,-1,0,-1,-1,-1,-1.000000,-1.000000,349,0,0,0,0,0,-1,-1,-1,0.000000
3585,0,-1,-1,-1,-1,0,-1,-1,-1,-1.000000,-1.000000,195,0,0,0,0,0,-1,-1,-1,0.000000
3586,0,335,-1,-1,4560,9,26,3,2,0.000000,0.000000,79,15,0,9,0,9,335,-1,-1,0.000000
3587,0,-1,-1,-1,-1,0,-1,-1,-1,-1.000000,-1.000000,331,0,0,0,0,0,-1,-1,-1,0.000000
3588,0,-1,-1,-1,-1,0,-1,-1,-1,-1.000000,-1.000000,85,0,0,0,0,0,-1,-1,-1,0.000000
3589,0,-1,-1,-1,-1,0,-1,-1,-1,-1.000000,-1.000000,480,0,0,0,0,0,-1,-1,-1,0.000000
3590,0,-1,-1,-1,-1,0,-1,-1,-1,-1.000000,-1.000000,229,0,0,0,0,0,-1,-1,-1,0.000000
3591,0,71,-1,-1,4500,19,43,3,4,0.000000,0.000000,91,78,0,26,0,26,71,-1,-1,0.000000
3592,0,73,-1,-1,6513,92,44,3,2,0.000000,0.000000,63,161,0,84,0,84,73,-1,-1,0.000000
3593,0,23,-1,-1,1333,834,64,3,2,0.000000,0.000000,39,793,0,175,0,175,23,-1,-1,0.000000
3594,0,-1,-1,-1,-1,0,-1,-1,-1,-1.000000,-1.000000,177,0,0,0,0,0,-1,-1,-1,0.000000
3595,0,-1,-1,-1,-1,0,-1,-1,-1,-1.000000,-1.000000,149,0,0,0,0,0,-1,-1,-1,0.000000
3596,0,51,-1,-1,6154,143,49,3,4,0.000000,0.000000,47,260,0,65,0,65,51,-1,-1,0.000000
3597,0,78,-1,-1,5494,606,43,3,2,0.000000,0.000000,28,770,0,144,0,144,78,-1,-1,0.000000
3598,0,-1,-1,-1,-1,0,-1,-1,-1,-1.000000,-1.000000,339,0,0,0,0,0,-1,-1,-1,0.000000
3599,0,-1,-1,-1,-1,0,-1,-1,-1,-1.000000,-1.000000,219,0,0,0,0,0,-1,-1,-1,0.000000
3600,0,-1,-1,-1,-1,0,-1,-1,-1,-1.000000,-1.000000,135,0,0,0,0,0,-1,-1,-1,0.000000
3601,0,-1,-1,-1,-1,0,-1,-1,-1,-1.000000,-1.000000,117,0,0,0,0,0,-1,-1,-1,0.000000
3602,0,-1,-1,-1,-1,0,-1,-1,-1,-1.000000,-1.000000,265,0,0,0,0,0,-1,-1,-1,0.000000
3603,0,461,-1,-1,5513,4,22,3,4,0.000000,0.000000,72,37,0,10,0,10,461,-1,-1,0.000000
3604,0,-1,-1,-1,-1,0,-1,-1,-1,-1.000000,-1.000000,87,0,0,0,0,0,-1,-1,-1,0.000000
3605,0,-1,-1,-1,-1,0,-1,-1,-1,-1.000000,-1.000000,139,0,0,0,0,0,-1,-1,-1,0.000000
3606,0,-1,-1,-1,-1,0,-1,-1,-1,-1.000000,-1.000000,227,0,0,0,0,0,-1,-1,-1,0.000000
3607,0,-1,-1,-1,-1,0,-1,-1,-1,-1.000000,-1.000000,93,0,0,0,0,0,-1,-1,-1,0.000000
3608,0,-1,-1,-1,-1,0,-1,-1,-1,-1.000000,-1.000000,283,0,0,0,0,0,-1,-1,-1,0.000000
3609,0,-1,-1,-1,-1,0,-1,-1,-1,-1.000000,-1.000000,196,0,0,0,0,0,-1,-1,-1,0.000000
3610,0,24,-1,-1,655,806,62,3,2,0.000000,0.000000,55,746,0,178,0,178,24,-1,-1,0.000000
3611,0,33,-1,-1,103,796,55,3,4,0.000000,0.000000,53,724,0,181,0,181,33,-1,-1,0.000000
3612,0,-1,-1,-1,-1,0,-1,-1,-1,-1.000000,-1.000000,411,0,0,0,0,0,-1,-1,-1,0.000000
3613,0,-1,-1,-1,-1,0,-1,-1,-1,-1.000000,-1.000000,101,0,0,0,0,0,-1,-1,-1,0.000000
3614,0,-1,-1,-1,-1,0,-1,-1,-1,-1.000000,-1.000000,131,0,0,0,0,0,-1,-1,-1,0.000000
3615,0,-1,-1,-1,-1,0,-1,-1,-1,-1.000000,-1.000000,436,0,0,0,0,0,-1,-1,-1,0.000000
3616,0,-1,-1,-1,-1,0,-1,-1,-1,-1.000000,-1.000000,119,0,0,0,0,0,-1,-1,-1,0.000000
3617,0,-1,-1,-1,-1,0,-1,-1,-1,-1.000000,-1.000000,185,0,0,0,0,0,-1,-1,-1,0.000000
3618,0,-1,-1,-1,-1,0,-1,-1,-1,-1.000000,-1.000000,137,0,0,0,0,0,-1,-1,-1,0.000000
3619,0,-1,-1,-1,-1,0,-1,-1,-1,-1.000000,-1.000000,321,0,0,0,0,0,-1,-1,-1,0.000000
3620,0,248,-1,-1,1866,491,28,3,2,0.000000,0.000000,27,619,0,99,0,99,248,-1,-1,0.000000
3621,0,-1,-1,-1,-1,0,-1,-1,-1,-1.000000,-1.000000,149,0,0,0,0,0,-1,-1,-1,0.000000
3622,0,-1,-1,-1,-1,0,-1,-1,-1,-1.000000,-1.000000,279,0,0,0,0,0,-1,-1,-1,0.000000
3623,0,-1,-1,-1,-1,0,-1,-1,-1,-1.000000,-1.000000,242,0,0,0,0,0,-1,-1,-1,0.000000
3624,0,23,-1,-1,6998,804,64,3,2,0.000000,0.000000,39,779,0,161,0,161,23,-1,-1,0.000000
3625,0,-1,-1,-1,-1,0,-1,-1,-1,-1.000000,-1.000000,311,0,0,0,0,0,-1,-1,-1,0.000000
3626,0,-1,-1,-1,-1,0,-1,-1,-1,-1.000000,-1.000000,221,0,0,0,0,0,-1,-1,-1,0.000000
3627,0,-1,-1,-1,-1,0,-1,-1,-1,-1.000000,-1.000000,121,0,0,0,0,0,-1,-1,-1,0.000000
3628,0,38,-1,-1,1925,375,51,3,4,0.000000,0.000000,63,460,0,163,0,163,38,-1,-1,0.000000
3629,0,-1,-1,-1,-1,0,-1,-1,-1,-1.000000,-1.000000,319,0,0,0,0,0,-1,-1,-1,0.000000
3630,0,-1,-1,-1,-1,0,-1,-1,-1,-1.000000,-1.000000,353,0,0,0,0,0,-1,-1,-1,0.000000
3631,0,-1,-1,-1,-1,0,-1,-1,-1,-1.000000,-1.000000,376,0,0,0,0,0,-1,-1,-1,0.000000
3632,0,-1,-1,-1,-1,0,-1,-1,-1,-1.000000,-1.000000,397,0,0,0,0,0,-1,-1,-1,0.000000
3633,0,-1,-1,-1,-1,0,-1,-1,-1,-1.000000,-1.000000,343,0,0,0,0,0,-1,-1,-1,0.000000
3634,0,51,-1,-1,2075,120,47,3,4,0.000000,0.000000,59,208,0,99,0,99,51,-1,-1,0.000000
3635,0,-1,-1,-1,-1,0,-1,-1,-1,-1.000000,-1.000000,150,0,0,0,0,0,-1,-1,-1,0.000000
3636,0,-1,-1,-1,-1,0,-1,-1,-1,-1.000000,-1.000000,273,0,0,0,0,0,-1,-1,-1,0.000000
3637,0,-1,-1,-1,-1,0,-1,-1,-1,-1.000000,-1.000000,357,0,0,0,0,0,-1,-1,-1,0.000000
3638,0,-1,-1,-1,-1,0,-1,-1,-1,-1.000000,-1.000000,201,0,0,0,0,0,-1,-1,-1,0.000000
3639,0,-1,-1,-1,-1,0,-1,-1,-1,-1.000000,-1.000000,261,0,0,0,0,0,-1,-1,-1,0.000000
3640,0,-1,-1,-1,-1,0,-1,-1,-1,-1.000000,-1.000000,267,0,0,0,0,0,-1,-1,-1,0.000000
3641,0,-1,-1,-1,-1,0,-1,-1,-1,-1.000000,-1.000000,99,0,0,0,0,0,-1,-1,-1,0.000000
3642,0,36,-1,-1,1248,116,54,3,2,0.000000,0.000000,51,239,0,57,0,57,36,-1,-1,0.000000
3643,0,-1,-1,-1,-1,0,-1,-1,-1,-1.000000,-1.000000,205,0,0,0,0,0,-1,-1,-1,0.000000
3644,0,366,-1,-1,2883,1,23,3,4,0.000000,0.000000,99,13,0,5,0,5,366,-1,-1,0.000000
3645,0,-1,-1,-1,-1,0,-1,-1,-1,-1.000000,-1.000000,263,0,0,0,0,0,-1,-1,-1,0.000000
3646,0,-1,-1,-1,-1,0,-1,-1,-1,-1.000000,-1.000000,390,0,0,0,0,0,-1,-1,-1,0.000000
3647,0,-1,-1,-1,-1,0,-1,-1,-1,-1.000000,-1.000000,415,0,0,0,0,0,-1,-1,-1,0.000000
3648,0,27,-1,-1,4756,252,59,3,4,0.000000,0.000000,49,352,0,90,0,90,27,-1,-1,0.000000
3649,0,22,-1,-1,2390,802,65,3,4,0.000000,0.000000,27,782,0,195,0,195,22,-1,-1,0.000000
3650,0,-1,-1,-1,-1,0,-1,-1,-1,-1.000000,-1.000000,291,0,0,0,0,0,-1,-1,-1,0.000000
3651,0,-1,-1,-1,-1,0,-1,-1,-1,-1.000000,-1.000000,282,0,0,0,0,0,-1,-1,-1,0.000000
3652,0,-1,-1,-1,-1,0,-1,-1,-1,-1.000000,-1.000000,201,0,0,0,0,0,-1,-1,-1,0.000000
3653,0,-1,-1,-1,-1,0,-1,-1,-1,-1.000000,-1.000000,113,0,0,0,0,0,-1,-1,-1,0.000000
3654,0,-1,-1,-1,-1,0,-1,-1,-1,-1.000000,-1.000000,367,0,0,0,0,0,-1,-1,-1,0.000000
3655,0,21,-1,-1,1361,818,68,3,2,0.000000,0.000000,33,812,0,155,0,155,21,-1,-1,0.000000
3656,0,22,-1,-1,2425,777,65,3,4,0.000000,0.000000,39,757,0,154,0,154,22,-1,-1,0.000000
3657,0,614,-1,-1,4693,235,18,3,2,0.000000,0.000000,25,307,0,37,0,37,614,-1,-1,0.000000
3658,0,-1,-1,-1,-1,0,-1,-1,-1,-1.000000,-1.000000,141,0,0,0,0,0,-1,-1,-1,0.000000
3659,0,-1,-1,-1,-1,0,-1,-1,-1,-1.000000,-1.000000,341,0,0,0,0,0,-1,-1,-1,0.000000
3660,0,-1,-1,-1,-1,0,-1,-1,-1,-1.000000,-1.000000,341,0,0,0,0,0,-1,-1,-1,0.000000
3661,0,-1,-1,-1,-1,0,-1,-1,-1,-1.000000,-1.000000,181,0,0,0,0,0,-1,-1,-1,0.000000
3662,0,-1,-1,-1,-1,0,-1,-1,-1,-1.000000,-1.000000,177,0,0,0,0,0,-1,-1,-1,0.000000
3663,0,-1,-1,-1,-1,0,-1,-1,-1,-1.000000,-1.000000,309,0,0,0,0,0,-1,-1,-1,0.000000
3664,0,-1,-1,-1,-1,0,-1,-1,-1,-1.000000,-1.000000,337,0,0,0,0,0,-1,-1,-1,0.000000
3665,0,24,-1,-1,6964,489,63,3,4,0.000000,0.000000,63,558,0,138,0,138,24,-1,-1,0.000000
3666,0,-1,-1,-1,-1,0,-1,-1,-1,-1.000000,-1.000000,363,0,0,0,0,0,-1,-1,-1,0.000000
3667,0,39,-1,-1,1130,215,51,3,4,0.000000,0.000000,67,313,0,107,0,107,39,-1,-1,0.000000
3668,0,-1,-1,-1,-1,0,-1,-1,-1,-1.000000,-1.000000,407,0,0,0,0,0,-1,-1,-1,0.000000
3669,0,-1,-1,-1,-1,0,-1,-1,-1,-1.000000,-1.000000,227,0,0,0,0,0,-1,-1,-1,0.000000
3670,0,-1,-1,-1,-1,0,-1,-1,-1,-1.000000,-1.000000,269,0,0,0,0,0,-1,-1,-1,0.000000
3671,0,-1,-1,-1,-1,0,-1,-1,-1,-1.000000,-1.000000,397,0,0,0,0,0,-1,-1,-1,0.000000
3672,0,148,-1,-1,5392,0,33,3,4,0.000000,0.000000,107,4,0,0,0,0,148,-1,-1,0.000000
3673,0,-1,-1,-1,-1,0,-1,-1,-1,-1.000000,-1.000000,315,0,0,0,0,0,-1,-1,-1,0.000000
3674,0,339,-1,-1,7254,26,23,3,2,0.000000,0.000000,76,50,0,13,0,13,339,-1,-1,0.000000
3675,0,269,-1,-1,6069,336,27,3,2,0.000000,0.000000,30,588,0,35,0,35,269,-1,-1,0.000000
3676,0,-1,-1,-1,-1,0,-1,-1,-1,-1.000000,-1.000000,168,0,0,0,0,0,-1,-1,-1,0.000000
3677,0,-1,-1,-1,-1,0,-1,-1,-1,-1.000000,-1.000000,268,0,0,0,0,0,-1,-1,-1,0.000000
3678,0,-1,-1,-1,-1,0,-1,-1,-1,-1.000000,-1.000000,89,0,0,0,0,0,-1,-1,-1,0.000000
3679,0,-1,-1,-1,-1,0,-1,-1,-1,-1.000000,-1.000000,137,0,0,0,0,0,-1,-1,-1,0.000000
3680,0,-1,-1,-1,-1,0,-1,-1,-1,-1.000000,-1.000000,137,0,0,0,0,0,-1,-1,-1,0.000000
3681,0,-1,-1,-1,-1,0,-1,-1,-1,-1.000000,-1.000000,231,0,0,0,0,0,-1,-1,-1,0.000000
3682,0,-1,-1,-1,-1,0,-1,-1,-1,-1.000000,-1.000000,51,0,0,0,0,0,-1,-1,-1,0.000000
3683,0,-1,-1,-1,-1,0,-1,-1,-1,-1.000000,-1.000000,381,0,0,0,0,0,-1,-1,-1,0.000000
3684,0,-1,-1,-1,-1,0,-1,-1,-1,-1.000000,-1.000000,297,0,0,0,0,0,-1,-1,-1,0.000000
3685,0,27,-1,-1,1185,440,60,3,2,0.000000,0.000000,71,545,0,129,0,129,27,-1,-1,0.000000
3686,0,-1,-1,-1,-1,0,-1,-1,-1,-1.000000,-1.000000,232,0,0,0,0,0,-1,-1,-1,0.000000
3687,0,-1,-1,-1,-1,0,-1,-1,-1,-1.000000,-1.000000,171,0,0,0,0,0,-1,-1,-1,0.000000
3688,0,-1,-1,-1,-1,0,-1,-1,-1,-1.000000,-1.000000,402,0,0,0,0,0,-1,-1,-1,0.000000
3689,0,-1,-1,-1,-1,0,-1,-1,-1,-1.000000,-1.000000,81,0,0,0,0,0,-1,-1,-1,0.000000
3690,0,-1,-1,-1,-1,0,-1,-1,-1,-1.000000,-1.000000,285,0,0,0,0,0,-1,-1,-1,0.000000
3691,0,-1,-1,-1,-1,0,-1,-1,-1,-1.000000,-1.000000,261,0,0,0,0,0,-1,-1,-1,0.000000
3692,0,-1,-1,-1,-1,0,-1,-1,-1,-1.000000,-1.000000,302,0,0,0,0,0,-1,-1,-1,0.000000
3693,0,-1,-1,-1,-1,0,-1,-1,-1,-1.000000,-1.000000,106,0,0,0,0,0,-1,-1,-1,0.000000
3694,0,68,-1,-1,4402,152,43,3,4,0.000000,0.000000,55,249,0,93,0,93,68,-1,-1,0.000000
3695,0,-1,-1,-1,-1,0,-1,-1,-1,-1.000000,-1.000000,423,0,0,0,0,0,-1,-1,-1,0.000000
3696,0,15,-1,-1,4587,600,68,3,2,0.000000,0.000000,19,670,0,313,0,313,15,-1,-1,0.000000
3697,0,-1,-1,-1,-1,0,-1,-1,-1,-1.000000,-1.000000,167,0,0,0,0,0,-1,-1,-1,0.000000
3698,0,236,-1,-1,5748,0,29,3,4,0.000000,0.000000,95,7,0,4,0,4,236,-1,-1,0.000000
3699,0,-1,-1,-1,-1,0,-1,-1,-1,-1.000000,-1.000000,165,0,0,0,0,0,-1,-1,-1,0.000000
3700,0,-1,-1,-1,-1,0,-1,-1,-1,-1.000000,-1.000000,305,0,0,0,0,0,-1,-1,-1,0.000000
3701,0,-1,-1,-1,-1,0,-1,-1,-1,-1.000000,-1.000000,149,0,0,0,0,0,-1,-1,-1,0.000000
3702,0,-1,-1,-1,-1,0,-1,-1,-1,-1.000000,-1.000000,255,0,0,0,0,0,-1,-1,-1,0.000000
3703,0,-1,-1,-1,-1,0,-1,-1,-1,-1.000000,-1.000000,159,0,0,0,0,0,-1,-1,-1,0.000000
3704,0,82,-1,-1,641,345,40,3,4,0.000000,0.000000,52,500,0,109,0,109,82,-1,-1,0.000000
3705,0,-1,-1,-1,-1,0,-1,-1,-1,-1.000000,-1.000000,445,0,0,0,0,0,-1,-1,-1,0.000000
3706,0,23,-1,-1,5633,658,67,3,4,0.000000,0.000000,37,686,0,152,0,152,23,-1,-1,0.000000
3707,0,-1,-1,-1,-1,0,-1,-1,-1,-1.000000,-1.000000,568,0,0,0,0,0,-1,-1,-1,0.000000
3708,0,-1,-1,-1,-1,0,-1,-1,-1,-1.000000,-1.000000,285,0,0,0,0,0,-1,-1,-1,0.000000
3709,0,-1,-1,-1,-1,0,-1,-1,-1,-1.000000,-1.000000,413,0,0,0,0,0,-1,-1,-1,0.000000
3710,0,-1,-1,-1,-1,0,-1,-1,-1,-1.000000,-1.000000,135,0,0,0,0,0,-1,-1,-1,0.000000
3711,0,85,-1,-1,357,0,40,3,2,0.000000,0.000000,81,2,0,1,0,1,85,-1,-1,0.000000
3712,0,-1,-1,-1,-1,0,-1,-1,-1,-1.000000,-1.000000,175,0,0,0,0,0,-1,-1,-1,0.000000
3713,0,-1,-1,-1,-1,0,-1,-1,-1,-1.000000,-1.000000,259,0,0,0,0,0,-1,-1,-1,0.000000
3714,0,-1,-1,-1,-1,0,-1,-1,-1,-1.000000,-1.000000,245,0,0,0,0,0,-1,-1,-1,0.000000
3715,0,28,-1,-1,357,41,58,3,2,0.000000,0.000000,65,78,0,30,0,30,28,-1,-1,0.000000
3716,0,-1,-1,-1,-1,0,-1,-1,-1,-1.000000,-1.000000,333,0,0,0,0,0,-1,-1,-1,0.000000
3717,0,-1,-1,-1,-1,0,-1,-1,-1,-1.000000,-1.000000,167,0,0,0,0,0,-1,-1,-1,0.000000
3718,0,-1,-1,-1,-1,0,-1,-1,-1,-1.000000,-1.000000,207,0,0,0,0,0,-1,-1,-1,0.000000
3719,0,19,-1,-1,2877,835,69,3,4,0.000000,0.000000,29,741,0,239,0,239,19,-1,-1,0.000000
3720,0,-1,-1,-1,-1,0,-1,-1,-1,-1.000000,-1.000000,245,0,0,0,0,0,-1,-1,-1,0.000000
3721,0,34,-1,-1,6105,789,55,3,4,0.000000,0.000000,47,743,0,204,0,204,34,-1,-1,0.000000
3722,0,-1,-1,-1,-1,0,-1,-1,-1,-1.000000,-1.000000,211,0,0,0,0,0,-1,-1,-1,0.000000
3723,0,-1,-1,-1,-1,0,-1,-1,-1,-1.000000,-1.000000,251,0,0,0,0,0,-1,-1,-1,0.000000
3724,0,-1,-1,-1,-1,0,-1,-1,-1,-1.000000,-1.000000,327,0,0,0,0,0,-1,-1,-1,0.000000
3725,0,-1,-1,-1,-1,0,-1,-1,-1,-1.000000,-1.000000,277,0,0,0,0,0,-1,-1,-1,0.000000
3726,0,-1,-1,-1,-1,0,-1,-1,-1,-1.000000,-1.000000,69,0,0,0,0,0,-1,-1,-1,0.000000
3727,0,-1,-1,-1,-1,0,-1,-1,-1,-1.000000,-1.000000,406,0,0,0,0,0,-1,-1,-1,0.000000
3728,0,193,-1,-1,6847,0,31,3,4,0.000000,0.000000,65,9,0,5,0,5,193,-1,-1,0.000000
3729,0,33,-1,-1,3958,234,55,3,4,0.000000,0.000000,73,417,0,55,0,55,33,-1,-1,0.000000
3730,0,-1,-1,-1,-1,0,-1,-1,-1,-1.000000,-1.000000,197,0,0,0,0,0,-1,-1,-1,0.000000
3731,0,70,-1,-1,5056,0,42,3,2,0.000000,0.000000,75,2,0,0,0,0,70,-1,-1,0.000000
3732,0,-1,-1,-1,-1,0,-1,-1,-1,-1.000000,-1.000000,93,0,0,0,0,0,-1,-1,-1,0.000000
3733,0,-1,-1,-1,-1,0,-1,-1,-1,-1.000000,-1.000000,179,0,0,0,0,0,-1,-1,-1,0.000000
3734,0,-1,-1,-1,-1,0,-1,-1,-1,-1.000000,-1.000000,432,0,0,0,0,0,-1,-1,-1,0.000000
3735,0,-1,-1,-1,-1,0,-1,-1,-1,-1.000000,-1.000000,395,0,0,0,0,0,-1,-1,-1,0.000000
3736,0,-1,-1,-1,-1,0,-1,-1,-1,-1.000000,-1.000000,301,0,0,0,0,0,-1,-1,-1,0.000000
3737,0,-1,-1,-1,-1,0,-1,-1,-1,-1.000000,-1.000000,165,0,0,0,0,0,-1,-1,-1,0.000000
3738,0,-1,-1,-1,-1,0,-1,-1,-1,-1.000000,-1.000000,287,0,0,0,0,0,-1,-1,-1,0.000000
3739,0,-1,-1,-1,-1,0,-1,-1,-1,-1.000000,-1.000000,443,0,0,0,0,0,-1,-1,-1,0.000000
3740,0,-1,-1,-1,-1,0,-1,-1,-1,-1.000000,-1.000000,299,0,0,0,0,0,-1,-1,-1,0.000000
3741,0,-1,-1,-1,-1,0,-1,-1,-1,-1.000000,-1.000000,189,0,0,0,0,0,-1,-1,-1,0.000000
3742,0,-1,-1,-1,-1,0,-1,-1,-1,-1.000000,-1.000000,249,0,0,0,0,0,-1,-1,-1,0.000000
3743,0,-1,-1,-1,-1,0,-1,-1,-1,-1.000000,-1.000000,249,0,0,0,0,0,-1,-1,-1,0.000000
3744,0,35,-1,-1,5921,164,53,3,4,0.000000,0.000000,81,305,0,79,0,79,35,-1,-1,0.000000
3745,0,-1,-1,-1,-1,0,-1,-1,-1,-1.000000,-1.000000,402,0,0,0,0,0,-1,-1,-1,0.000000
3746,0,-1,-1,-1,-1,0,-1,-1,-1,-1.000000,-1.000000,129,0,0,0,0,0,-1,-1,-1,0.000000
3747,0,-1,-1,-1,-1,0,-1,-1,-1,-1.000000,-1.000000,171,0,0,0,0,0,-1,-1,-1,0.000000
3748,0,-1,-1,-1,-1,0,-1,-1,-1,-1.000000,-1.000000,131,0,0,0,0,0,-1,-1,-1,0.000000
3749,0,-1,-1,-1,-1,0,-1,-1,-1,-1.000000,-1.000000,188,0,0,0,0,0,-1,-1,-1,0.000000
3750,0,-1,-1,-1,-1,0,-1,-1,-1,-1.000000,-1.000000,135,0,0,0,0,0,-1,-1,-1,0.000000
3751,0,-1,-1,-1,-1,0,-1,-1,-1,-1.000000,-1.000000,112,0,0,0,0,0,-1,-1,-1,0.000000
3752,0,-1,-1,-1,-1,0,-1,-1,-1,-1.000000,-1.000000,302,0,0,0,0,0,-1,-1,-1,0.000000
3753,0,-1,-1,-1,-1,0,-1,-1,-1,-1.000000,-1.000000,165,0,0,0,0,0,-1,-1,-1,0.000000
3754,0,-1,-1,-1,-1,0,-1,-1,-1,-1.000000,-1.000000,278,0,0,0,0,0,-1,-1,-1,0.000000
3755,0,-1,-1,-1,-1,0,-1,-1,-1,-1.000000,-1.000000,311,0,0,0,0,0,-1,-1,-1,0.000000
3756,0,82,-1,-1,205,0,40,3,2,0.000000,0.000000,61,5,0,3,0,3,82,-1,-1,0.000000
3757,0,-1,-1,-1,-1,0,-1,-1,-1,-1.000000,-1.000000,181,0,0,0,0,0,-1,-1,-1,0.000000
3758,0,-1,-1,-1,-1,0,-1,-1,-1,-1.000000,-1.000000,278,0,0,0,0,0,-1,-1,-1,0.000000
3759,0,-1,-1,-1,-1,0,-1,-1,-1,-1.000000,-1.000000,129,0,0,0,0,0,-1,-1,-1,0.000000
3760,0,-1,-1,-1,-1,0,-1,-1,-1,-1.000000,-1.000000,177,0,0,0,0,0,-1,-1,-1,0.000000
3761,0,-1,-1,-1,-1,0,-1,-1,-1,-1.000000,-1.000000,392,0,0,0,0,0,-1,-1,-1,0.000000
3762,0,-1,-1,-1,-1,0,-1,-1,-1,-1.000000,-1.000000,305,0,0,0,0,0,-1,-1,-1,0.000000
3763,0,-1,-1,-1,-1,0,-1,-1,-1,-1.000000,-1.000000,323,0,0,0,0,0,-1,-1,-1,0.000000
3764,0,-1,-1,-1,-1,0,-1,-1,-1,-1.000000,-1.000000,373,0,0,0,0,0,-1,-1,-1,0.000000
3765,0,-1,-1,-1,-1,0,-1,-1,-1,-1.000000,-1.000000,159,0,0,0,0,0,-1,-1,-1,0.000000
3766,0,-1,-1,-1,-1,0,-1,-1,-1,-1.000000,-1.000000,308,0,0,0,0,0,-1,-1,-1,0.000000
3767,0,27,-1,-1,6996,239,60,3,2,0.000000,0.000000,55,373,0,102,0,102,27,-1,-1,0.000000
3768,0,-1,-1,-1,-1,0,-1,-1,-1,-1.000000,-1.000000,151,0,0,0,0,0,-1,-1,-1,0.000000
3769,0,-1,-1,-1,-1,0,-1,-1,-1,-1.000000,-1.000000,203,0,0,0,0,0,-1,-1,-1,0.000000
3770,0,-1,-1,-1,-1,0,-1,-1,-1,-1.000000,-1.000000,115,0,0,0,0,0,-1,-1,-1,0.000000
3771,0,21,-1,-1,3013,899,66,3,2,0.000000,0.000000,17,746,0,232,0,232,21,-1,-1,0.000000
3772,0,-1,-1,-1,-1,0,-1,-1,-1,-1.000000,-1.000000,414,0,0,0,0,0,-1,-1,-1,0.000000
3773,0,-1,-1,-1,-1,0,-1,-1,-1,-1.000000,-1.000000,161,0,0,0,0,0,-1,-1,-1,0.000000
3774,0,-1,-1,-1,-1,0,-1,-1,-1,-1.000000,-1.000000,27,0,0,0,0,0,-1,-1,-1,0.000000
3775,0,-1,-1,-1,-1,0,-1,-1,-1,-1.000000,-1.000000,232,0,0,0,0,0,-1,-1,-1,0.000000
3776,0,-1,-1,-1,-1,0,-1,-1,-1,-1.000000,-1.000000,129,0,0,0,0,0,-1,-1,-1,0.000000
3777,0,28,-1,-1,5243,816,60,3,2,0.000000,0.000000,41,716,0,228,0,228,28,-1,-1,0.000000
3778,0,-1,-1,-1,-1,0,-1,-1,-1,-1.000000,-1.000000,217,0,0,0,0,0,-1,-1,-1,0.000000
3779,0,-1,-1,-1,-1,0,-1,-1,-1,-1.000000,-1.000000,170,0,0,0,0,0,-1,-1,-1,0.000000
3780,0,-1,-1,-1,-1,0,-1,-1,-1,-1.000000,-1.000000,273,0,0,0,0,0,-1,-1,-1,0.000000
3781,0,-1,-1,-1,-1,0,-1,-1,-1,-1.000000,-1.000000,271,0,0,0,0,0,-1,-1,-1,0.000000
3782,0,-1,-1,-1,-1,0,-1,-1,-1,-1.000000,-1.000000,276,0,0,0,0,0,-1,-1,-1,0.000000
3783,0,27,-1,-1,1143,564,59,3,4,0.000000,0.000000,55,650,0,128,0,128,27,-1,-1,0.000000
3784,0,-1,-1,-1,-1,0,-1,-1,-1,-1.000000,-1.000000,367,0,0,0,0,0,-1,-1,-1,0.000000
3785,0,-1,-1,-1,-1,0,-1,-1,-1,-1.000000,-1.000000,323,0,0,0,0,0,-1,-1,-1,0.000000
3786,0,-1,-1,-1,-1,0,-1,-1,-1,-1.000000,-1.000000,261,0,0,0,0,0,-1,-1,-1,0.000000
3787,0,-1,-1,-1,-1,0,-1,-1,-1,-1.000000,-1.000000,151,0,0,0,0,0,-1,-1,-1,0.000000
3788,0,-1,-1,-1,-1,0,-1,-1,-1,-1.000000,-1.000000,184,0,0,0,0,0,-1,-1,-1,0.000000
3789,0,-1,-1,-1,-1,0,-1,-1,-1,-1.000000,-1.000000,309,0,0,0,0,0,-1,-1,-1,0.000000
3790,0,-1,-1,-1,-1,0,-1,-1,-1,-1.000000,-1.000000,300,0,0,0,0,0,-1,-1,-1,0.000000
3791,0,-1,-1,-1,-1,0,-1,-1,-1,-1.000000,-1.000000,177,0,0,0,0,0,-1,-1,-1,0.000000
3792,0,-1,-1,-1,-1,0,-1,-1,-1,-1.000000,-1.000000,287,0,0,0,0,0,-1,-1,-1,0.000000
3793,0,29,-1,-1,3224,161,57,3,4,0.000000,0.000000,37,257,0,76,0,76,29,-1,-1,0.000000
3794,0,-1,-1,-1,-1,0,-1,-1,-1,-1.000000,-1.000000,280,0,0,0,0,0,-1,-1,-1,0.000000
3795,0,-1,-1,-1,-1,0,-1,-1,-1,-1.000000,-1.000000,323,0,0,0,0,0,-1,-1,-1,0.000000
3796,0,-1,-1,-1,-1,0,-1,-1,-1,-1.000000,-1.000000,506,0,0,0,0,0,-1,-1,-1,0.000000
3797,0,-1,-1,-1,-1,0,-1,-1,-1,-1.000000,-1.000000,225,0,0,0,0,0,-1,-1,-1,0.000000
3798,0,108,-1,-1,6093,0,39,3,4,0.000000,0.000000,81,5,0,2,0,2,108,-1,-1,0.000000
3799,0,-1,-1,-1,-1,0,-1,-1,-1,-1.000000,-1.000000,217,0,0,0,0,0,-1,-1,-1,0.000000
3800,0,-1,-1,-1,-1,0,-1,-1,-1,-1.000000,-1.000000,269,0,0,0,0,0,-1,-1,-1,0.000000
3801,0,-1,-1,-1,-1,0,-1,-1,-1,-1.000000,-1.000000,161,0,0,0,0,0,-1,-1,-1,0.000000
3802,0,-1,-1,-1,-1,0,-1,-1,-1,-1.000000,-1.000000,49,0,0,0,0,0,-1,-1,-1,0.000000
3803,0,-1,-1,-1,-1,0,-1,-1,-1,-1.000000,-1.000000,103,0,0,0,0,0,-1,-1,-1,0.000000
3804,0,-1,-1,-1,-1,0,-1,-1,-1,-1.000000,-1.000000,329,0,0,0,0,0,-1,-1,-1,0.000000
3805,0,246,-1,-1,6069,506,27,3,4,0.000000,0.000000,27,667,0,66,0,66,246,-1,-1,0.000000
3806,0,-1,-1,-1,-1,0,-1,-1,-1,-1.000000,-1.000000,175,0,0,0,0,0,-1,-1,-1,0.000000
3807,0,-1,-1,-1,-1,0,-1,-1,-1,-1.000000,-1.000000,119,0,0,0,0,0,-1,-1,-1,0.000000
3808,0,-1,-1,-1,-1,0,-1,-1,-1,-1.000000,-1.000000,454,0,0,0,0,0,-1,-1,-1,0.000000
3809,0,-1,-1,-1,-1,0,-1,-1,-1,-1.000000,-1.000000,241,0,0,0,0,0,-1,-1,-1,0.000000
3810,0,-1,-1,-1,-1,0,-1,-1,-1,-1.000000,-1.000000,277,0,0,0,0,0,-1,-1,-1,0.000000
3811,0,-1,-1,-1,-1,0,-1,-1,-1,-1.000000,-1.000000,438,0,0,0,0,0,-1,-1,-1,0.000000
3812,0,-1,-1,-1,-1,0,-1,-1,-1,-1.000000,-1.000000,369,0,0,0,0,0,-1,-1,-1,0.000000
3813,0,-1,-1,-1,-1,0,-1,-1,-1,-1.000000,-1.000000,362,0,0,0,0,0,-1,-1,-1,0.000000
3814,0,-1,-1,-1,-1,0,-1,-1,-1,-1.000000,-1.000000,301,0,0,0,0,0,-1,-1,-1,0.000000
3815,0,-1,-1,-1,-1,0,-1,-1,-1,-1.000000,-1.000000,179,0,0,0,0,0,-1,-1,-1,0.000000
3816,0,-1,-1,-1,-1,0,-1,-1,-1,-1.000000,-1.000000,272,0,0,0,0,0,-1,-1,-1,0.000000
3817,0,-1,-1,-1,-1,0,-1,-1,-1,-1.000000,-1.000000,179,0,0,0,0,0,-1,-1,-1,0.000000
3818,0,-1,-1,-1,-1,0,-1,-1,-1,-1.000000,-1.000000,380,0,0,0,0,0,-1,-1,-1,0.000000
3819,0,-1,-1,-1,-1,0,-1,-1,-1,-1.000000,-1.000000,492,0,0,0,0,0,-1,-1,-1,0.000000
3820,0,-1,-1,-1,-1,0,-1,-1,-1,-1.000000,-1.000000,119,0,0,0,0,0,-1,-1,-1,0.000000
3821,0,-1,-1,-1,-1,0,-1,-1,-1,-1.000000,-1.000000,103,0,0,0,0,0,-1,-1,-1,0.000000
3822,0,35,-1,-1,2427,395,52,3,2,0.000000,0.000000,55,489,0,133,0,133,35,-1,-1,0.000000
3823,0,251,-1,-1,7638,0,29,3,4,0.000000,0.000000,55,7,0,1,0,1,251,-1,-1,0.000000
3824,0,-1,-1,-1,-1,0,-1,-1,-1,-1.000000,-1.000000,219,0,0,0,0,0,-1,-1,-1,0.000000
3825,0,-1,-1,-1,-1,0,-1,-1,-1,-1.000000,-1.000000,462,0,0,0,0,0,-1,-1,-1,0.000000
3826,0,-1,-1,-1,-1,0,-1,-1,-1,-1.000000,-1.000000,177,0,0,0,0,0,-1,-1,-1,0.000000
3827,0,-1,-1,-1,-1,0,-1,-1,-1,-1.000000,-1.000000,169,0,0,0,0,0,-1,-1,-1,0.000000
3828,0,24,-1,-1,6929,626,62,3,2,0.000000,0.000000,43,661,0,152,0,152,24,-1,-1,0.000000
3829,0,-1,-1,-1,-1,0,-1,-1,-1,-1.000000,-1.000000,482,0,0,0,0,0,-1,-1,-1,0.000000
3830,0,-1,-1,-1,-1,0,-1,-1,-1,-1.000000,-1.000000,145,0,0,0,0,0,-1,-1,-1,0.000000
3831,0,-1,-1,-1,-1,0,-1,-1,-1,-1.000000,-1.000000,117,0,0,0,0,0,-1,-1,-1,0.000000
3832,0,-1,-1,-1,-1,0,-1,-1,-1,-1.000000,-1.000000,314,0,0,0,0,0,-1,-1,-1,0.000000
3833,0,-1,-1,-1,-1,0,-1,-1,-1,-1.000000,-1.000000,186,0,0,0,0,0,-1,-1,-1,0.000000
3834,0,-1,-1,-1,-1,0,-1,-1,-1,-1.000000,-1.000000,95,0,0,0,0,0,-1,-1,-1,0.000000
3835,0,-1,-1,-1,-1,0,-1,-1,-1,-1.000000,-1.000000,181,0,0,0,0,0,-1,-1,-1,0.000000
3836,0,-1,-1,-1,-1,0,-1,-1,-1,-1.000000,-1.000000,105,0,0,0,0,0,-1,-1,-1,0.000000
3837,0,-1,-1,-1,-1,0,-1,-1,-1,-1.000000,-1.000000,283,0,0,0,0,0,-1,-1,-1,0.000000
3838,0,-1,-1,-1,-1,0,-1,-1,-1,-1.000000,-1.000000,235,0,0,0,0,0,-1,-1,-1,0.000000
3839,0,-1,-1,-1,-1,0,-1,-1,-1,-1.000000,-1.000000,197,0,0,0,0,0,-1,-1,-1,0.000000
3840,0,-1,-1,-1,-1,0,-1,-1,-1,-1.000000,-1.000000,262,0,0,0,0,0,-1,-1,-1,0.000000
3841,0,-1,-1,-1,-1,0,-1,-1,-1,-1.000000,-1.000000,517,0,0,0,0,0,-1,-1,-1,0.000000
3842,0,-1,-1,-1,-1,0,-1,-1,-1,-1.000000,-1.000000,423,0,0,0,0,0,-1,-1,-1,0.000000
3843,0,-1,-1,-1,-1,0,-1,-1,-1,-1.000000,-1.000000,316,0,0,0,0,0,-1,-1,-1,0.000000
3844,0,-1,-1,-1,-1,0,-1,-1,-1,-1.000000,-1.000000,44,0,0,0,0,0,-1,-1,-1,0.000000
3845,0,-1,-1,-1,-1,0,-1,-1,-1,-1.000000,-1.000000,323,0,0,0,0,0,-1,-1,-1,0.000000
3846,0,-1,-1,-1,-1,0,-1,-1,-1,-1.000000,-1.000000,157,0,0,0,0,0,-1,-1,-1,0.000000
3847,0,24,-1,-1,3782,760,62,3,2,0.000000,0.000000,45,768,0,170,0,170,24,-1,-1,0.000000
3848,0,-1,-1,-1,-1,0,-1,-1,-1,-1.000000,-1.000000,286,0,0,0,0,0,-1,-1,-1,0.000000
3849,0,-1,-1,-1,-1,0,-1,-1,-1,-1.000000,-1.000000,257,0,0,0,0,0,-1,-1,-1,0.000000
3850,0,-1,-1,-1,-1,0,-1,-1,-1,-1.000000,-1.000000,243,0,0,0,0,0,-1,-1,-1,0.000000
3851,0,-1,-1,-1,-1,0,-1,-1,-1,-1.000000,-1.000000,222,0,0,0,0,0,-1,-1,-1,0.000000
3852,0,-1,-1,-1,-1,0,-1,-1,-1,-1.000000,-1.000000,79,0,0,0,0,0,-1,-1,-1,0.000000
3853,0,-1,-1,-1,-1,0,-1,-1,-1,-1.000000,-1.000000,375,0,0,0,0,0,-1,-1,-1,0.000000
3854,0,-1,-1,-1,-1,0,-1,-1,-1,-1.000000,-1.000000,109,0,0,0,0,0,-1,-1,-1,0.000000
3855,0,-1,-1,-1,-1,0,-1,-1,-1,-1.000000,-1.000000,417,0,0,0,0,0,-1,-1,-1,0.000000
3856,0,967,-1,-1,5960,0,12,3,4,0.000000,0.000000,92,1,0,0,0,0,967,-1,-1,0.000000
3857,0,-1,-1,-1,-1,0,-1,-1,-1,-1.000000,-1.000000,109,0,0,0,0,0,-1,-1,-1,0.000000
3858,0,29,-1,-1,3014,695,59,3,4,0.000000,0.000000,39,712,0,243,0,243,29,-1,-1,0.000000
3859,0,-1,-1,-1,-1,0,-1,-1,-1,-1.000000,-1.000000,169,0,0,0,0,0,-1,-1,-1,0.000000
3860,0,-1,-1,-1,-1,0,-1,-1,-1,-1.000000,-1.000000,498,0,0,0,0,0,-1,-1,-1,0.000000
3861,0,-1,-1,-1,-1,0,-1,-1,-1,-1.000000,-1.000000,133,0,0,0,0,0,-1,-1,-1,0.000000
3862,0,274,-1,-1,5539,0,27,3,4,0.000000,0.000000,79,0,0,2,0,2,274,-1,-1,0.000000
3863,0,61,-1,-1,4875,317,44,3,2,0.000000,0.000000,77,468,0,112,0,112,61,-1,-1,0.000000
3864,0,-1,-1,-1,-1,0,-1,-1,-1,-1.000000,-1.000000,109,0,0,0,0,0,-1,-1,-1,0.000000
3865,0,-1,-1,-1,-1,0,-1,-1,-1,-1.000000,-1.000000,181,0,0,0,0,0,-1,-1,-1,0.000000
3866,0,-1,-1,-1,-1,0,-1,-1,-1,-1.000000,-1.000000,364,0,0,0,0,0,-1,-1,-1,0.000000
3867,0,-1,-1,-1,-1,0,-1,-1,-1,-1.000000,-1.000000,182,0,0,0,0,0,-1,-1,-1,0.000000
3868,0,-1,-1,-1,-1,0,-1,-1,-1,-1.000000,-1.000000,213,0,0,0,0,0,-1,-1,-1,0.000000
3869,0,83,-1,-1,280,644,40,3,4,0.000000,0.000000,62,651,0,143,0,143,83,-1,-1,0.000000
3870,0,-1,-1,-1,-1,0,-1,-1,-1,-1.000000,-1.000000,379,0,0,0,0,0,-1,-1,-1,0.000000
3871,0,-1,-1,-1,-1,0,-1,-1,-1,-1.000000,-1.000000,274,0,0,0,0,0,-1,-1,-1,0.000000
3872,0,-1,-1,-1,-1,0,-1,-1,-1,-1.000000,-1.000000,362,0,0,0,0,0,-1,-1,-1,0.000000
3873,0,28,-1,-1,7668,30,61,3,4,0.000000,0.000000,63,54,0,15,0,15,28,-1,-1,0.000000
3874,0,-1,-1,-1,-1,0,-1,-1,-1,-1.000000,-1.000000,289,0,0,0,0,0,-1,-1,-1,0.000000
3875,0,-1,-1,-1,-1,0,-1,-1,-1,-1.000000,-1.000000,215,0,0,0,0,0,-1,-1,-1,0.000000
3876,0,-1,-1,-1,-1,0,-1,-1,-1,-1.000000,-1.000000,151,0,0,0,0,0,-1,-1,-1,0.000000
3877,0,31,-1,-1,7141,152,59,3,4,0.000000,0.000000,33,253,0,61,0,61,31,-1,-1,0.000000
3878,0,294,-1,-1,3759,6,24,3,4,0.000000,0.000000,88,29,0,5,0,5,294,-1,-1,0.000000
3879,0,-1,-1,-1,-1,0,-1,-1,-1,-1.000000,-1.000000,173,0,0,0,0,0,-1,-1,-1,0.000000
3880,0,116,-1,-1,6558,38,38,3,2,0.000000,0.000000,89,71,0,27,0,27,116,-1,-1,0.000000
3881,0,-1,-1,-1,-1,0,-1,-1,-1,-1.000000,-1.000000,127,0,0,0,0,0,-1,-1,-1,0.000000
3882,0,81,-1,-1,3853,30,40,3,4,0.000000,0.000000,84,69,0,25,0,25,81,-1,-1,0.000000
3883,0,-1,-1,-1,-1,0,-1,-1,-1,-1.000000,-1.000000,148,0,0,0,0,0,-1,-1,-1,0.000000
3884,0,-1,-1,-1,-1,0,-1,-1,-1,-1.000000,-1.000000,129,0,0,0,0,0,-1,-1,-1,0.000000
3885,0,-1,-1,-1,-1,0,-1,-1,-1,-1.000000,-1.000000,454,0,0,0,0,0,-1,-1,-1,0.000000
3886,0,-1,-1,-1,-1,0,-1,-1,-1,-1.000000,-1.000000,121,0,0,0,0,0,-1,-1,-1,0.000000
3887,0,-1,-1,-1,-1,0,-1,-1,-1,-1.000000,-1.000000,339,0,0,0,0,0,-1,-1,-1,0.000000
3888,0,-1,-1,-1,-1,0,-1,-1,-1,-1.000000,-1.000000,357,0,0,0,0,0,-1,-1,-1,0.000000
3889,0,-1,-1,-1,-1,0,-1,-1,-1,-1.000000,-1.000000,198,0,0,0,0,0,-1,-1,-1,0.000000
3890,0,-1,-1,-1,-1,0,-1,-1,-1,-1.000000,-1.000000,197,0,0,0,0,0,-1,-1,-1,0.000000
3891,0,-1,-1,-1,-1,0,-1,-1,-1,-1.000000,-1.000000,292,0,0,0,0,0,-1,-1,-1,0.000000
3892,0,-1,-1,-1,-1,0,-1,-1,-1,-1.000000,-1.000000,225,0,0,0,0,0,-1,-1,-1,0.000000
3893,0,24,-1,-1,3496,126,65,3,4,0.000000,0.000000,63,197,0,54,0,54,24,-1,-1,0.000000
3894,0,-1,-1,-1,-1,0,-1,-1,-1,-1.000000,-1.000000,225,0,0,0,0,0,-1,-1,-1,0.000000
3895,0,24,-1,-1,4907,334,66,3,2,0.000000,0.000000,51,445,0,119,0,119,24,-1,-1,0.000000
3896,0,67,-1,-1,6107,0,44,3,2,0.000000,0.000000,103,2,0,1,0,1,67,-1,-1,0.000000
3897,0,-1,-1,-1,-1,0,-1,-1,-1,-1.000000,-1.000000,149,0,0,0,0,0,-1,-1,-1,0.000000
3898,0,-1,-1,-1,-1,0,-1,-1,-1,-1.000000,-1.000000,475,0,0,0,0,0,-1,-1,-1,0.000000
3899,0,561,-1,-1,7391,306,19,3,4,0.000000,0.000000,11,325,0,61,0,61,561,-1,-1,0.000000
3900,0,-1,-1,-1,-1,0,-1,-1,-1,-1.000000,-1.000000,187,0,0,0,0,0,-1,-1,-1,0.000000
3901,0,32,-1,-1,5304,486,55,3,2,0.000000,0.000000,68,523,0,181,0,181,32,-1,-1,0.000000
3902,0,-1,-1,-1,-1,0,-1,-1,-1,-1.000000,-1.000000,269,0,0,0,0,0,-1,-1,-1,0.000000
3903,0,373,-1,-1,3066,0,25,3,4,0.000000,0.000000,73,0,0,1,0,1,373,-1,-1,0.000000
3904,0,-1,-1,-1,-1,0,-1,-1,-1,-1.000000,-1.000000,348,0,0,0,0,0,-1,-1,-1,0.000000
3905,0,-1,-1,-1,-1,0,-1,-1,-1,-1.000000,-1.000000,209,0,0,0,0,0,-1,-1,-1,0.000000
3906,0,-1,-1,-1,-1,0,-1,-1,-1,-1.000000,-1.000000,131,0,0,0,0,0,-1,-1,-1,0.000000
3907,0,-1,-1,-1,-1,0,-1,-1,-1,-1.000000,-1.000000,148,0,0,0,0,0,-1,-1,-1,0.000000
3908,0,-1,-1,-1,-1,0,-1,-1,-1,-1.000000,-1.000000,197,0,0,0,0,0,-1,-1,-1,0.000000
3909,0,-1,-1,-1,-1,0,-1,-1,-1,-1.000000,-1.000000,229,0,0,0,0,0,-1,-1,-1,0.000000
3910,0,-1,-1,-1,-1,0,-1,-1,-1,-1.000000,-1.000000,231,0,0,0,0,0,-1,-1,-1,0.000000
3911,0,-1,-1,-1,-1,0,-1,-1,-1,-1.000000,-1.000000,157,0,0,0,0,0,-1,-1,-1,0.000000
3912,0,-1,-1,-1,-1,0,-1,-1,-1,-1.000000,-1.000000,163,0,0,0,0,0,-1,-1,-1,0.000000
3913,0,-1,-1,-1,-1,0,-1,-1,-1,-1.000000,-1.000000,166,0,0,0,0,0,-1,-1,-1,0.000000
3914,0,74,-1,-1,401,322,42,3,4,0.000000,0.000000,78,448,0,104,0,104,74,-1,-1,0.000000
3915,0,-1,-1,-1,-1,0,-1,-1,-1,-1.000000,-1.000000,299,0,0,0,0,0,-1,-1,-1,0.000000
3916,0,-1,-1,-1,-1,0,-1,-1,-1,-1.000000,-1.000000,511,0,0,0,0,0,-1,-1,-1,0.000000
3917,0,-1,-1,-1,-1,0,-1,-1,-1,-1.000000,-1.000000,327,0,0,0,0,0,-1,-1,-1,0.000000
3918,0,-1,-1,-1,-1,0,-1,-1,-1,-1.000000,-1.000000,251,0,0,0,0,0,-1,-1,-1,0.000000
3919,0,-1,-1,-1,-1,0,-1,-1,-1,-1.000000,-1.000000,139,0,0,0,0,0,-1,-1,-1,0.000000
3920,0,-1,-1,-1,-1,0,-1,-1,-1,-1.000000,-1.000000,369,0,0,0,0,0,-1,-1,-1,0.000000
3921,0,-1,-1,-1,-1,0,-1,-1,-1,-1.000000,-1.000000,408,0,0,0,0,0,-1,-1,-1,0.000000
3922,0,-1,-1,-1,-1,0,-1,-1,-1,-1.000000,-1.000000,88,0,0,0,0,0,-1,-1,-1,0.000000
3923,0,-1,-1,-1,-1,0,-1,-1,-1,-1.000000,-1.000000,213,0,0,0,0,0,-1,-1,-1,0.000000
3924,0,-1,-1,-1,-1,0,-1,-1,-1,-1.000000,-1.000000,295,0,0,0,0,0,-1,-1,-1,0.000000
3925,0,-1,-1,-1,-1,0,-1,-1,-1,-1.000000,-1.000000,372,0,0,0,0,0,-1,-1,-1,0.000000
3926,0,-1,-1,-1,-1,0,-1,-1,-1,-1.000000,-1.000000,196,0,0,0,0,0,-1,-1,-1,0.000000
3927,0,-1,-1,-1,-1,0,-1,-1,-1,-1.000000,-1.000000,478,0,0,0,0,0,-1,-1,-1,0.000000
3928,0,-1,-1,-1,-1,0,-1,-1,-1,-1.000000,-1.000000,207,0,0,0,0,0,-1,-1,-1,0.000000
3929,0,-1,-1,-1,-1,0,-1,-1,-1,-1.000000,-1.000000,234,0,0,0,0,0,-1,-1,-1,0.000000
3930,0,2,-1,-1,4698,714,69,3,4,0.000000,0.000000,21,784,0,197,0,197,2,-1,-1,0.000000
3931,0,-1,-1,-1,-1,0,-1,-1,-1,-1.000000,-1.000000,415,0,0,0,0,0,-1,-1,-1,0.000000
3932,0,43,-1,-1,4759,12,54,3,2,0.000000,0.000000,65,38,0,11,0,11,43,-1,-1,0.000000
3933,0,-1,-1,-1,-1,0,-1,-1,-1,-1.000000,-1.000000,105,0,0,0,0,0,-1,-1,-1,0.000000
3934,0,96,-1,-1,5764,5,41,3,4,0.000000,0.000000,61,36,0,9,0,9,96,-1,-1,0.000000
3935,0,-1,-1,-1,-1,0,-1,-1,-1,-1.000000,-1.000000,117,0,0,0,0,0,-1,-1,-1,0.000000
3936,0,-1,-1,-1,-1,0,-1,-1,-1,-1.000000,-1.000000,221,0,0,0,0,0,-1,-1,-1,0.000000
3937,0,-1,-1,-1,-1,0,-1,-1,-1,-1.000000,-1.000000,294,0,0,0,0,0,-1,-1,-1,0.000000
3938,0,49,-1,-1,2722,224,48,3,2,0.000000,0.000000,81,352,0,118,0,118,49,-1,-1,0.000000
3939,0,-1,-1,-1,-1,0,-1,-1,-1,-1.000000,-1.000000,247,0,0,0,0,0,-1,-1,-1,0.000000
3940,0,-1,-1,-1,-1,0,-1,-1,-1,-1.000000,-1.000000,301,0,0,0,0,0,-1,-1,-1,0.000000
3941,0,-1,-1,-1,-1,0,-1,-1,-1,-1.000000,-1.000000,215,0,0,0,0,0,-1,-1,-1,0.000000
3942,0,-1,-1,-1,-1,0,-1,-1,-1,-1.000000,-1.000000,313,0,0,0,0,0,-1,-1,-1,0.000000
3943,0,479,-1,-1,5150,0,18,3,2,0.000000,0.000000,77,4,0,2,0,2,479,-1,-1,0.000000
3944,0,-1,-1,-1,-1,0,-1,-1,-1,-1.000000,-1.000000,152,0,0,0,0,0,-1,-1,-1,0.000000
3945,0,-1,-1,-1,-1,0,-1,-1,-1,-1.000000,-1.000000,219,0,0,0,0,0,-1,-1,-1,0.000000
3946,0,-1,-1,-1,-1,0,-1,-1,-1,-1.000000,-1.000000,163,0,0,0,0,0,-1,-1,-1,0.000000
3947,0,55,-1,-1,7767,275,49,3,2,0.000000,0.000000,74,408,0,100,0,100,55,-1,-1,0.000000
3948,0,-1,-1,-1,-1,0,-1,-1,-1,-1.000000,-1.000000,109,0,0,0,0,0,-1,-1,-1,0.000000
3949,0,-1,-1,-1,-1,0,-1,-1,-1,-1.000000,-1.000000,117,0,0,0,0,0,-1,-1,-1,0.000000
3950,0,214,-1,-1,6520,0,30,3,2,0.000000,0.000000,75,1,0,0,0,0,214,-1,-1,0.000000
3951,0,-1,-1,-1,-1,0,-1,-1,-1,-1.000000,-1.000000,201,0,0,0,0,0,-1,-1,-1,0.000000
3952,0,-1,-1,-1,-1,0,-1,-1,-1,-1.000000,-1.000000,120,0,0,0,0,0,-1,-1,-1,0.000000
3953,0,-1,-1,-1,-1,0,-1,-1,-1,-1.000000,-1.000000,349,0,0,0,0,0,-1,-1,-1,0.000000
3954,0,-1,-1,-1,-1,0,-1,-1,-1,-1.000000,-1.000000,117,0,0,0,0,0,-1,-1,-1,0.000000
3955,0,-1,-1,-1,-1,0,-1,-1,-1,-1.000000,-1.000000,147,0,0,0,0,0,-1,-1,-1,0.000000
3956,0,-1,-1,-1,-1,0,-1,-1,-1,-1.000000,-1.000000,373,0,0,0,0,0,-1,-1,-1,0.000000
3957,0,-1,-1,-1,-1,0,-1,-1,-1,-1.000000,-1.000000,181,0,0,0,0,0,-1,-1,-1,0.000000
3958,0,-1,-1,-1,-1,0,-1,-1,-1,-1.000000,-1.000000,383,0,0,0,0,0,-1,-1,-1,0.000000
3959,0,66,-1,-1,6497,0,43,3,4,0.000000,0.000000,83,1,0,0,0,0,66,-1,-1,0.000000
3960,0,26,-1,-1,7298,118,60,3,2,0.000000,0.000000,59,209,0,61,0,61,26,-1,-1,0.000000
3961,0,-1,-1,-1,-1,0,-1,-1,-1,-1.000000,-1.000000,333,0,0,0,0,0,-1,-1,-1,0.000000
3962,0,-1,-1,-1,-1,0,-1,-1,-1,-1.000000,-1.000000,401,0,0,0,0,0,-1,-1,-1,0.000000
3963,0,85,-1,-1,3000,259,42,3,4,0.000000,0.000000,60,350,0,108,0,108,85,-1,-1,0.000000
3964,0,-1,-1,-1,-1,0,-1,-1,-1,-1.000000,-1.000000,199,0,0,0,0,0,-1,-1,-1,0.000000
3965,0,-1,-1,-1,-1,0,-1,-1,-1,-1.000000,-1.000000,199,0,0,0,0,0,-1,-1,-1,0.000000
3966,0,-1,-1,-1,-1,0,-1,-1,-1,-1.000000,-1.000000,155,0,0,0,0,0,-1,-1,-1,0.000000
3967,0,-1,-1,-1,-1,0,-1,-1,-1,-1.000000,-1.000000,223,0,0,0,0,0,-1,-1,-1,0.000000
3968,0,-1,-1,-1,-1,0,-1,-1,-1,-1.000000,-1.000000,293,0,0,0,0,0,-1,-1,-1,0.000000
3969,0,-1,-1,-1,-1,0,-1,-1,-1,-1.000000,-1.000000,367,0,0,0,0,0,-1,-1,-1,0.000000
3970,0,-1,-1,-1,-1,0,-1,-1,-1,-1.000000,-1.000000,93,0,0,0,0,0,-1,-1,-1,0.000000
3971,0,-1,-1,-1,-1,0,-1,-1,-1,-1.000000,-1.000000,428,0,0,0,0,0,-1,-1,-1,0.000000
3972,0,-1,-1,-1,-1,0,-1,-1,-1,-1.000000,-1.000000,139,0,0,0,0,0,-1,-1,-1,0.000000
3973,0,-1,-1,-1,-1,0,-1,-1,-1,-1.000000,-1.000000,95,0,0,0,0,0,-1,-1,-1,0.000000
3974,0,-1,-1,-1,-1,0,-1,-1,-1,-1.000000,-1.000000,433,0,0,0,0,0,-1,-1,-1,0.000000
3975,0,-1,-1,-1,-1,0,-1,-1,-1,-1.000000,-1.000000,371,0,0,0,0,0,-1,-1,-1,0.000000
3976,0,-1,-1,-1,-1,0,-1,-1,-1,-1.000000,-1.000000,192,0,0,0,0,0,-1,-1,-1,0.000000
3977,0,-1,-1,-1,-1,0,-1,-1,-1,-1.000000,-1.000000,139,0,0,0,0,0,-1,-1,-1,0.000000
3978,0,-1,-1,-1,-1,0,-1,-1,-1,-1.000000,-1.000000,345,0,0,0,0,0,-1,-1,-1,0.000000
3979,0,-1,-1,-1,-1,0,-1,-1,-1,-1.000000,-1.000000,202,0,0,0,0,0,-1,-1,-1,0.000000
3980,0,31,-1,-1,7599,209,56,3,2,0.000000,0.000000,75,333,0,131,0,131,31,-1,-1,0.000000
3981,0,-1,-1,-1,-1,0,-1,-1,-1,-1.000000,-1.000000,360,0,0,0,0,0,-1,-1,-1,0.000000
3982,0,-1,-1,-1,-1,0,-1,-1,-1,-1.000000,-1.000000,287,0,0,0,0,0,-1,-1,-1,0.000000
3983,0,-1,-1,-1,-1,0,-1,-1,-1,-1.000000,-1.000000,133,0,0,0,0,0,-1,-1,-1,0.000000
3984,0,-1,-1,-1,-1,0,-1,-1,-1,-1.000000,-1.000000,101,0,0,0,0,0,-1,-1,-1,0.000000
3985,0,-1,-1,-1,-1,0,-1,-1,-1,-1.000000,-1.000000,176,0,0,0,0,0,-1,-1,-1,0.000000
3986,0,-1,-1,-1,-1,0,-1,-1,-1,-1.000000,-1.000000,272,0,0,0,0,0,-1,-1,-1,0.000000
3987,0,132,-1,-1,3519,0,36,3,2,0.000000,0.000000,89,2,0,0,0,0,132,-1,-1,0.000000
3988,0,-1,-1,-1,-1,0,-1,-1,-1,-1.000000,-1.000000,139,0,0,0,0,0,-1,-1,-1,0.000000
3989,0,100,-1,-1,3624,566,38,3,2,0.000000,0.000000,49,581,0,145,0,145,100,-1,-1,0.000000
3990,0,-1,-1,-1,-1,0,-1,-1,-1,-1.000000,-1.000000,347,0,0,0,0,0,-1,-1,-1,0.000000
3991,0,25,-1,-1,1640,275,63,3,4,0.000000,0.000000,63,432,0,86,0,86,25,-1,-1,0.000000
3992,0,-1,-1,-1,-1,0,-1,-1,-1,-1.000000,-1.000000,218,0,0,0,0,0,-1,-1,-1,0.000000
3993,0,-1,-1,-1,-1,0,-1,-1,-1,-1.000000,-1.000000,297,0,0,0,0,0,-1,-1,-1,0.000000
3994,0,-1,-1,-1,-1,0,-1,-1,-1,-1.000000,-1.000000,209,0,0,0,0,0,-1,-1,-1,0.000000
3995,0,33,-1,-1,915,310,54,3,2,0.000000,0.000000,41,419,0,106,0,106,33,-1,-1,0.000000
3996,0,-1,-1,-1,-1,0,-1,-1,-1,-1.000000,-1.000000,301,0,0,0,0,0,-1,-1,-1,0.000000
3997,0,-1,-1,-1,-1,0,-1,-1,-1,-1.000000,-1.000000,275,0,0,0,0,0,-1,-1,-1,0.000000
3998,0,-1,-1,-1,-1,0,-1,-1,-1,-1.000000,-1.000000,351,0,0,0,0,0,-1,-1,-1,0.000000
3999,0,-1,-1,-1,-1,0,-1,-1,-1,-1.000000,-1.000000,175,0,0,0,0,0,-1,-1,-1,0.000000
4000,0,51,-1,-1,3988,9,47,3,4,0.000000,0.000000,71,26,0,5,0,5,51,-1,-1,0.000000
4001,0,141,-1,-1,2430,88,36,3,4,0.000000,0.000000,100,179,0,74,0,74,141,-1,-1,0.000000
4002,0,25,-1,-1,895,589,62,3,2,0.000000,0.000000,71,678,0,140,0,140,25,-1,-1,0.000000
4003,0,-1,-1,-1,-1,0,-1,-1,-1,-1.000000,-1.000000,121,0,0,0,0,0,-1,-1,-1,0.000000
4004,0,-1,-1,-1,-1,0,-1,-1,-1,-1.000000,-1.000000,69,0,0,0,0,0,-1,-1,-1,0.000000
4005,0,-1,-1,-1,-1,0,-1,-1,-1,-1.000000,-1.000000,147,0,0,0,0,0,-1,-1,-1,0.000000
4006,0,-1,-1,-1,-1,0,-1,-1,-1,-1.000000,-1.000000,321,0,0,0,0,0,-1,-1,-1,0.000000
4007,0,373,-1,-1,5526,0,23,3,4,0.000000,0.000000,79,1,0,0,0,0,373,-1,-1,0.000000
4008,0,-1,-1,-1,-1,0,-1,-1,-1,-1.000000,-1.000000,233,0,0,0,0,0,-1,-1,-1,0.000000
4009,0,-1,-1,-1,-1,0,-1,-1,-1,-1.000000,-1.000000,368,0,0,0,0,0,-1,-1,-1,0.000000
4010,0,-1,-1,-1,-1,0,-1,-1,-1,-1.000000,-1.000000,166,0,0,0,0,0,-1,-1,-1,0.000000
4011,0,-1,-1,-1,-1,0,-1,-1,-1,-1.000000,-1.000000,211,0,0,0,0,0,-1,-1,-1,0.000000
4012,0,-1,-1,-1,-1,0,-1,-1,-1,-1.000000,-1.000000,279,0,0,0,0,0,-1,-1,-1,0.000000
4013,0,-1,-1,-1,-1,0,-1,-1,-1,-1.000000,-1.000000,135,0,0,0,0,0,-1,-1,-1,0.000000
4014,0,-1,-1,-1,-1,0,-1,-1,-1,-1.000000,-1.000000,123,0,0,0,0,0,-1,-1,-1,0.000000
4015,0,-1,-1,-1,-1,0,-1,-1,-1,-1.000000,-1.000000,105,0,0,0,0,0,-1,-1,-1,0.000000
4016,0,22,-1,-1,4296,810,66,3,2,0.000000,0.000000,17,767,0,209,0,209,22,-1,-1,0.000000
4017,0,386,-1,-1,2263,405,23,3,4,0.000000,0.000000,9,511,0,100,0,100,386,-1,-1,0.000000
4018,0,-1,-1,-1,-1,0,-1,-1,-1,-1.000000,-1.000000,448,0,0,0,0,0,-1,-1,-1,0.000000
4019,0,-1,-1,-1,-1,0,-1,-1,-1,-1.000000,-1.000000,183,0,0,0,0,0,-1,-1,-1,0.000000
4020,0,-1,-1,-1,-1,0,-1,-1,-1,-1.000000,-1.000000,309,0,0,0,0,0,-1,-1,-1,0.000000
4021,0,-1,-1,-1,-1,0,-1,-1,-1,-1.000000,-1.000000,175,0,0,0,0,0,-1,-1,-1,0.000000
4022,0,-1,-1,-1,-1,0,-1,-1,-1,-1.000000,-1.000000,456,0,0,0,0,0,-1,-1,-1,0.000000
4023,0,28,-1,-1,1823,8,59,3,4,0.000000,0.000000,53,29,0,14,0,14,28,-1,-1,0.000000
4024,0,-1,-1,-1,-1,0,-1,-1,-1,-1.000000,-1.000000,217,0,0,0,0,0,-1,-1,-1,0.000000
4025,0,-1,-1,-1,-1,0,-1,-1,-1,-1.000000,-1.000000,277,0,0,0,0,0,-1,-1,-1,0.000000
4026,0,-1,-1,-1,-1,0,-1,-1,-1,-1.000000,-1.000000,123,0,0,0,0,0,-1,-1,-1,0.000000
4027,0,-1,-1,-1,-1,0,-1,-1,-1,-1.000000,-1.000000,189,0,0,0,0,0,-1,-1,-1,0.000000
4028,0,38,-1,-1,3087,588,54,3,2,0.000000,0.000000,29,654,0,124,0,124,38,-1,-1,0.000000
4029,0,-1,-1,-1,-1,0,-1,-1,-1,-1.000000,-1.000000,285,0,0,0,0,0,-1,-1,-1,0.000000
4030,0,-1,-1,-1,-1,0,-1,-1,-1,-1.000000,-1.000000,351,0,0,0,0,0,-1,-1,-1,0.000000
4031,0,112,-1,-1,6007,34,38,3,4,0.000000,0.000000,100,106,0,18,0,18,112,-1,-1,0.000000
4032,0,-1,-1,-1,-1,0,-1,-1,-1,-1.000000,-1.000000,356,0,0,0,0,0,-1,-1,-1,0.000000
4033,0,29,-1,-1,2910,4,57,3,4,0.000000,0.000000,75,11,0,3,0,3,29,-1,-1,0.000000
4034,0,-1,-1,-1,-1,0,-1,-1,-1,-1.000000,-1.000000,223,0,0,0,0,0,-1,-1,-1,0.000000
4035,0,-1,-1,-1,-1,0,-1,-1,-1,-1.000000,-1.000000,253,0,0,0,0,0,-1,-1,-1,0.000000
4036,0,-1,-1,-1,-1,0,-1,-1,-1,-1.000000,-1.000000,142,0,0,0,0,0,-1,-1,-1,0.000000
4037,0,-1,-1,-1,-1,0,-1,-1,-1,-1.000000,-1.000000,171,0,0,0,0,0,-1,-1,-1,0.000000
4038,0,-1,-1,-1,-1,0,-1,-1,-1,-1.000000,-1.000000,131,0,0,0,0,0,-1,-1,-1,0.000000
4039,0,28,-1,-1,5101,618,58,3,2,0.000000,0.000000,53,657,0,142,0,142,28,-1,-1,0.000000
4040,0,-1,-1,-1,-1,0,-1,-1,-1,-1.000000,-1.000000,251,0,0,0,0,0,-1,-1,-1,0.000000
4041,0,-1,-1,-1,-1,0,-1,-1,-1,-1.000000,-1.000000,127,0,0,0,0,0,-1,-1,-1,0.000000
4042,0,-1,-1,-1,-1,0,-1,-1,-1,-1.000000,-1.000000,373,0,0,0,0,0,-1,-1,-1,0.000000
4043,0,-1,-1,-1,-1,0,-1,-1,-1,-1.000000,-1.000000,225,0,0,0,0,0,-1,-1,-1,0.000000
4044,0,-1,-1,-1,-1,0,-1,-1,-1,-1.000000,-1.000000,121,0,0,0,0,0,-1,-1,-1,0.000000
4045,0,-1,-1,-1,-1,0,-1,-1,-1,-1.000000,-1.000000,381,0,0,0,0,0,-1,-1,-1,0.000000
4046,0,-1,-1,-1,-1,0,-1,-1,-1,-1.000000,-1.000000,357,0,0,0,0,0,-1,-1,-1,0.000000
4047,0,-1,-1,-1,-1,0,-1,-1,-1,-1.000000,-1.000000,205,0,0,0,0,0,-1,-1,-1,0.000000
4048,0,-1,-1,-1,-1,0,-1,-1,-1,-1.000000,-1.000000,269,0,0,0,0,0,-1,-1,-1,0.000000
4049,0,-1,-1,-1,-1,0,-1,-1,-1,-1.000000,-1.000000,479,0,0,0,0,0,-1,-1,-1,0.000000
4050,0,-1,-1,-1,-1,0,-1,-1,-1,-1.000000,-1.000000,121,0,0,0,0,0,-1,-1,-1,0.000000
4051,0,-1,-1,-1,-1,0,-1,-1,-1,-1.000000,-1.000000,502,0,0,0,0,0,-1,-1,-1,0.000000
4052,0,-1,-1,-1,-1,0,-1,-1,-1,-1.000000,-1.000000,271,0,0,0,0,0,-1,-1,-1,0.000000
4053,0,333,-1,-1,763,4,25,3,4,0.000000,0.000000,95,21,0,8,0,8,333,-1,-1,0.000000
4054,0,-1,-1,-1,-1,0,-1,-1,-1,-1.000000,-1.000000,427,0,0,0,0,0,-1,-1,-1,0.000000
4055,0,-1,-1,-1,-1,0,-1,-1,-1,-1.000000,-1.000000,269,0,0,0,0,0,-1,-1,-1,0.000000
4056,0,-1,-1,-1,-1,0,-1,-1,-1,-1.000000,-1.000000,257,0,0,0,0,0,-1,-1,-1,0.000000
4057,0,-1,-1,-1,-1,0,-1,-1,-1,-1.000000,-1.000000,321,0,0,0,0,0,-1,-1,-1,0.000000
4058,0,-1,-1,-1,-1,0,-1,-1,-1,-1.000000,-1.000000,99,0,0,0,0,0,-1,-1,-1,0.000000
4059,0,-1,-1,-1,-1,0,-1,-1,-1,-1.000000,-1.000000,109,0,0,0,0,0,-1,-1,-1,0.000000
4060,0,29,-1,-1,7593,17,57,3,4,0.000000,0.000000,81,32,0,16,0,16,29,-1,-1,0.000000
4061,0,-1,-1,-1,-1,0,-1,-1,-1,-1.000000,-1.000000,135,0,0,0,0,0,-1,-1,-1,0.000000
4062,0,-1,-1,-1,-1,0,-1,-1,-1,-1.000000,-1.000000,245,0,0,0,0,0,-1,-1,-1,0.000000
4063,0,-1,-1,-1,-1,0,-1,-1,-1,-1.000000,-1.000000,331,0,0,0,0,0,-1,-1,-1,0.000000
4064,0,-1,-1,-1,-1,0,-1,-1,-1,-1.000000,-1.000000,480,0,0,0,0,0,-1,-1,-1,0.000000
4065,0,-1,-1,-1,-1,0,-1,-1,-1,-1.000000,-1.000000,128,0,0,0,0,0,-1,-1,-1,0.000000
4066,0,-1,-1,-1,-1,0,-1,-1,-1,-1.000000,-1.000000,307,0,0,0,0,0,-1,-1,-1,0.000000
4067,0,-1,-1,-1,-1,0,-1,-1,-1,-1.000000,-1.000000,219,0,0,0,0,0,-1,-1,-1,0.000000
4068,0,-1,-1,-1,-1,0,-1,-1,-1,-1.000000,-1.000000,287,0,0,0,0,0,-1,-1,-1,0.000000
4069,0,32,-1,-1,5177,749,59,3,2,0.000000,0.000000,48,815,0,129,0,129,32,-1,-1,0.000000
4070,0,-1,-1,-1,-1,0,-1,-1,-1,-1.000000,-1.000000,253,0,0,0,0,0,-1,-1,-1,0.000000
4071,0,-1,-1,-1,-1,0,-1,-1,-1,-1.000000,-1.000000,153,0,0,0,0,0,-1,-1,-1,0.000000
4072,0,-1,-1,-1,-1,0,-1,-1,-1,-1.000000,-1.000000,271,0,0,0,0,0,-1,-1,-1,0.000000
4073,0,-1,-1,-1,-1,0,-1,-1,-1,-1.000000,-1.000000,209,0,0,0,0,0,-1,-1,-1,0.000000
4074,0,-1,-1,-1,-1,0,-1,-1,-1,-1.000000,-1.000000,289,0,0,0,0,0,-1,-1,-1,0.000000
4075,0,-1,-1,-1,-1,0,-1,-1,-1,-1.000000,-1.000000,183,0,0,0,0,0,-1,-1,-1,0.000000
4076,0,696,-1,-1,2415,0,15,3,4,0.000000,0.000000,97,2,0,1,0,1,696,-1,-1,0.000000
4077,0,-1,-1,-1,-1,0,-1,-1,-1,-1.000000,-1.000000,266,0,0,0,0,0,-1,-1,-1,0.000000
4078,0,-1,-1,-1,-1,0,-1,-1,-1,-1.000000,-1.000000,159,0,0,0,0,0,-1,-1,-1,0.000000
4079,0,-1,-1,-1,-1,0,-1,-1,-1,-1.000000,-1.000000,248,0,0,0,0,0,-1,-1,-1,0.000000
4080,0,-1,-1,-1,-1,0,-1,-1,-1,-1.000000,-1.000000,109,0,0,0,0,0,-1,-1,-1,0.000000
4081,0,-1,-1,-1,-1,0,-1,-1,-1,-1.000000,-1.000000,323,0,0,0,0,0,-1,-1,-1,0.000000
4082,0,-1,-1,-1,-1,0,-1,-1,-1,-1.000000,-1.000000,388,0,0,0,0,0,-1,-1,-1,0.000000
4083,0,159,-1,-1,552,337,32,3,2,0.000000,0.000000,39,437,0,74,0,74,159,-1,-1,0.000000
4084,0,51,-1,-1,4557,66,47,3,4,0.000000,0.000000,75,154,0,53,0,53,51,-1,-1,0.000000
4085,0,-1,-1,-1,-1,0,-1,-1,-1,-1.000000,-1.000000,177,0,0,0,0,0,-1,-1,-1,0.000000
4086,0,-1,-1,-1,-1,0,-1,-1,-1,-1.000000,-1.000000,165,0,0,0,0,0,-1,-1,-1,0.000000
4087,0,-1,-1,-1,-1,0,-1,-1,-1,-1.000000,-1.000000,81,0,0,0,0,0,-1,-1,-1,0.000000
4088,0,-1,-1,-1,-1,0,-1,-1,-1,-1.000000,-1.000000,189,0,0,0,0,0,-1,-1,-1,0.000000
4089,0,-1,-1,-1,-1,0,-1,-1,-1,-1.000000,-1.000000,331,0,0,0,0,0,-1,-1,-1,0.000000
4090,0,-1,-1,-1,-1,0,-1,-1,-1,-1.000000,-1.000000,468,0,0,0,0,0,-1,-1,-1,0.000000
4091,0,-1,-1,-1,-1,0,-1,-1,-1,-1.000000,-1.000000,484,0,0,0,0,0,-1,-1,-1,0.000000
4092,0,-1,-1,-1,-1,0,-1,-1,-1,-1.000000,-1.000000,207,0,0,0,0,0,-1,-1,-1,0.000000
4093,0,-1,-1,-1,-1,0,-1,-1,-1,-1.000000,-1.000000,291,0,0,0,0,0,-1,-1,-1,0.000000
4094,0,-1,-1,-1,-1,0,-1,-1,-1,-1.000000,-1.000000,363,0,0,0,0,0,-1,-1,-1,0.000000
4095,0,-1,-1,-1,-1,0,-1,-1,-1,-1.000000,-1.000000,343,0,0,0,0,0,-1,-1,-1,0.000000
4096,0,-1,-1,-1,-1,0,-1,-1,-1,-1.000000,-1.000000,484,0,0,0,0,0,-1,-1,-1,0.000000
4097,0,-1,-1,-1,-1,0,-1,-1,-1,-1.000000,-1.000000,259,0,0,0,0,0,-1,-1,-1,0.000000
4098,0,-1,-1,-1,-1,0,-1,-1,-1,-1.000000,-1.000000,207,0,0,0,0,0,-1,-1,-1,0.000000
4099,0,-1,-1,-1,-1,0,-1,-1,-1,-1.000000,-1.000000,308,0,0,0,0,0,-1,-1,-1,0.000000
4100,0,13,-1,-1,6903,650,70,3,2,0.000000,0.000000,7,754,0,230,0,230,13,-1,-1,0.000000
4101,0,-1,-1,-1,-1,0,-1,-1,-1,-1.000000,-1.000000,87,0,0,0,0,0,-1,-1,-1,0.000000
4102,0,-1,-1,-1,-1,0,-1,-1,-1,-1.000000,-1.000000,283,0,0,0,0,0,-1,-1,-1,0.000000
4103,0,-1,-1,-1,-1,0,-1,-1,-1,-1.000000,-1.000000,357,0,0,0,0,0,-1,-1,-1,0.000000
4104,0,-1,-1,-1,-1,0,-1,-1,-1,-1.000000,-1.000000,299,0,0,0,0,0,-1,-1,-1,0.000000
4105,0,-1,-1,-1,-1,0,-1,-1,-1,-1.000000,-1.000000,327,0,0,0,0,0,-1,-1,-1,0.000000
4106,0,54,-1,-1,502,54,46,3,2,0.000000,0.000000,87,129,0,31,0,31,54,-1,-1,0.000000
4107,0,-1,-1,-1,-1,0,-1,-1,-1,-1.000000,-1.000000,123,0,0,0,0,0,-1,-1,-1,0.000000
4108,0,-1,-1,-1,-1,0,-1,-1,-1,-1.000000,-1.000000,87,0,0,0,0,0,-1,-1,-1,0.000000
4109,0,43,-1,-1,7183,108,52,3,2,0.000000,0.000000,69,164,0,63,0,63,43,-1,-1,0.000000
4110,0,-1,-1,-1,-1,0,-1,-1,-1,-1.000000,-1.000000,83,0,0,0,0,0,-1,-1,-1,0.000000
4111,0,25,-1,-1,6854,808,64,3,2,0.000000,0.000000,27,776,0,163,0,163,25,-1,-1,0.000000
4112,0,-1,-1,-1,-1,0,-1,-1,-1,-1.000000,-1.000000,161,0,0,0,0,0,-1,-1,-1,0.000000
4113,0,24,-1,-1,7178,865,64,3,2,0.000000,0.000000,41,751,0,217,0,217,24,-1,-1,0.000000
4114,0,-1,-1,-1,-1,0,-1,-1,-1,-1.000000,-1.000000,191,0,0,0,0,0,-1,-1,-1,0.000000
4115,0,-1,-1,-1,-1,0,-1,-1,-1,-1.000000,-1.000000,327,0,0,0,0,0,-1,-1,-1,0.000000
4116,0,-1,-1,-1,-1,0,-1,-1,-1,-1.000000,-1.000000,303,0,0,0,0,0,-1,-1,-1,0.000000
4117,0,-1,-1,-1,-1,0,-1,-1,-1,-1.000000,-1.000000,460,0,0,0,0,0,-1,-1,-1,0.000000
4118,0,-1,-1,-1,-1,0,-1,-1,-1,-1.000000,-1.000000,188,0,0,0,0,0,-1,-1,-1,0.000000
4119,0,24,-1,-1,2310,709,64,3,2,0.000000,0.000000,15,810,0,166,0,166,24,-1,-1,0.000000
4120,0,-1,-1,-1,-1,0,-1,-1,-1,-1.000000,-1.000000,459,0,0,0,0,0,-1,-1,-1,0.000000
4121,0,-1,-1,-1,-1,0,-1,-1,-1,-1.000000,-1.000000,371,0,0,0,0,0,-1,-1,-1,0.000000
4122,0,-1,-1,-1,-1,0,-1,-1,-1,-1.000000,-1.000000,399,0,0,0,0,0,-1,-1,-1,0.000000
4123,0,24,-1,-1,3271,778,65,3,2,0.000000,0.000000,40,775,0,201,0,201,24,-1,-1,0.000000
4124,0,-1,-1,-1,-1,0,-1,-1,-1,-1.000000,-1.000000,165,0,0,0,0,0,-1,-1,-1,0.000000
4125,0,-1,-1,-1,-1,0,-1,-1,-1,-1.000000,-1.000000,124,0,0,0,0,0,-1,-1,-1,0.000000
4126,0,-1,-1,-1,-1,0,-1,-1,-1,-1.000000,-1.000000,205,0,0,0,0,0,-1,-1,-1,0.000000
4127,0,218,-1,-1,6883,0,30,3,2,0.000000,0.000000,115,1,0,0,0,0,218,-1,-1,0.000000
4128,0,-1,-1,-1,-1,0,-1,-1,-1,-1.000000,-1.000000,171,0,0,0,0,0,-1,-1,-1,0.000000
4129,0,-1,-1,-1,-1,0,-1,-1,-1,-1.000000,-1.000000,325,0,0,0,0,0,-1,-1,-1,0.000000
4130,0,25,-1,-1,1815,479,61,3,4,0.000000,0.000000,59,578,0,111,0,111,25,-1,-1,0.000000
4131,0,22,-1,-1,2049,817,64,3,2,0.000000,0.000000,31,727,0,236,0,236,22,-1,-1,0.000000
4132,0,-1,-1,-1,-1,0,-1,-1,-1,-1.000000,-1.000000,255,0,0,0,0,0,-1,-1,-1,0.000000
4133,0,-1,-1,-1,-1,0,-1,-1,-1,-1.000000,-1.000000,371,0,0,0,0,0,-1,-1,-1,0.000000
4134,0,-1,-1,-1,-1,0,-1,-1,-1,-1.000000,-1.000000,216,0,0,0,0,0,-1,-1,-1,0.000000
4135,0,22,-1,-1,6871,715,68,3,2,0.000000,0.000000,11,767,0,211,0,211,22,-1,-1,0.000000
4136,0,53,-1,-1,7984,729,49,3,4,0.000000,0.000000,23,766,0,180,0,180,53,-1,-1,0.000000
4137,0,-1,-1,-1,-1,0,-1,-1,-1,-1.000000,-1.000000,211,0,0,0,0,0,-1,-1,-1,0.000000
4138,0,-1,-1,-1,-1,0,-1,-1,-1,-1.000000,-1.000000,468,0,0,0,0,0,-1,-1,-1,0.000000
4139,0,-1,-1,-1,-1,0,-1,-1,-1,-1.000000,-1.000000,291,0,0,0,0,0,-1,-1,-1,0.000000
4140,0,-1,-1,-1,-1,0,-1,-1,-1,-1.000000,-1.000000,401,0,0,0,0,0,-1,-1,-1,0.000000
4141,0,27,-1,-1,2556,616,60,3,2,0.000000,0.000000,35,703,0,160,0,160,27,-1,-1,0.000000
4142,0,88,-1,-1,2926,26,41,3,4,0.000000,0.000000,61,68,0,20,0,20,88,-1,-1,0.000000
4143,0,-1,-1,-1,-1,0,-1,-1,-1,-1.000000,-1.000000,139,0,0,0,0,0,-1,-1,-1,0.000000
4144,0,-1,-1,-1,-1,0,-1,-1,-1,-1.000000,-1.000000,254,0,0,0,0,0,-1,-1,-1,0.000000
4145,0,24,-1,-1,4771,629,64,3,2,0.000000,0.000000,37,631,0,176,0,176,24,-1,-1,0.000000
4146,0,21,-1,-1,698,683,66,3,2,0.000000,0.000000,51,671,0,302,0,302,21,-1,-1,0.000000
4147,0,-1,-1,-1,-1,0,-1,-1,-1,-1.000000,-1.000000,107,0,0,0,0,0,-1,-1,-1,0.000000
4148,0,58,-1,-1,1482,63,45,3,4,0.000000,0.000000,49,155,0,48,0,48,58,-1,-1,0.000000
4149,0,-1,-1,-1,-1,0,-1,-1,-1,-1.000000,-1.000000,163,0,0,0,0,0,-1,-1,-1,0.000000
4150,0,-1,-1,-1,-1,0,-1,-1,-1,-1.000000,-1.000000,177,0,0,0,0,0,-1,-1,-1,0.000000
4151,0,-1,-1,-1,-1,0,-1,-1,-1,-1.000000,-1.000000,139,0,0,0,0,0,-1,-1,-1,0.000000
4152,0,693,-1,-1,2524,6,16,3,4,0.000000,0.000000,62,38,0,6,0,6,693,-1,-1,0.000000
4153,0,-1,-1,-1,-1,0,-1,-1,-1,-1.000000,-1.000000,101,0,0,0,0,0,-1,-1,-1,0.000000
4154,0,-1,-1,-1,-1,0,-1,-1,-1,-1.000000,-1.000000,472,0,0,0,0,0,-1,-1,-1,0.000000
4155,0,-1,-1,-1,-1,0,-1,-1,-1,-1.000000,-1.000000,388,0,0,0,0,0,-1,-1,-1,0.000000
4156,0,-1,-1,-1,-1,0,-1,-1,-1,-1.000000,-1.000000,117,0,0,0,0,0,-1,-1,-1,0.000000
4157,0,20,-1,-1,2009,629,67,3,4,0.000000,0.000000,31,749,0,230,0,230,20,-1,-1,0.000000
4158,0,-1,-1,-1,-1,0,-1,-1,-1,-1.000000,-1.000000,169,0,0,0,0,0,-1,-1,-1,0.000000
4159,0,-1,-1,-1,-1,0,-1,-1,-1,-1.000000,-1.000000,372,0,0,0,0,0,-1,-1,-1,0.000000
4160,0,-1,-1,-1,-1,0,-1,-1,-1,-1.000000,-1.000000,195,0,0,0,0,0,-1,-1,-1,0.000000
4161,0,-1,-1,-1,-1,0,-1,-1,-1,-1.000000,-1.000000,101,0,0,0,0,0,-1,-1,-1,0.000000
4162,0,31,-1,-1,2025,684,58,3,4,0.000000,0.000000,10,784,0,185,0,185,31,-1,-1,0.000000
4163,0,137,-1,-1,2613,11,35,3,4,0.000000,0.000000,73,16,0,21,0,21,137,-1,-1,0.000000
4164,0,-1,-1,-1,-1,0,-1,-1,-1,-1.000000,-1.000000,366,0,0,0,0,0,-1,-1,-1,0.000000
4165,0,-1,-1,-1,-1,0,-1,-1,-1,-1.000000,-1.000000,171,0,0,0,0,0,-1,-1,-1,0.000000
4166,0,-1,-1,-1,-1,0,-1,-1,-1,-1.000000,-1.000000,206,0,0,0,0,0,-1,-1,-1,0.000000
4167,0,-1,-1,-1,-1,0,-1,-1,-1,-1.000000,-1.000000,281,0,0,0,0,0,-1,-1,-1,0.000000
4168,0,-1,-1,-1,-1,0,-1,-1,-1,-1.000000,-1.000000,247,0,0,0,0,0,-1,-1,-1,0.000000
4169,0,-1,-1,-1,-1,0,-1,-1,-1,-1.000000,-1.000000,416,0,0,0,0,0,-1,-1,-1,0.000000
4170,0,-1,-1,-1,-1,0,-1,-1,-1,-1.000000,-1.000000,442,0,0,0,0,0,-1,-1,-1,0.000000
4171,0,-1,-1,-1,-1,0,-1,-1,-1,-1.000000,-1.000000,275,0,0,0,0,0,-1,-1,-1,0.000000
4172,0,21,-1,-1,4042,660,66,3,2,0.000000,0.000000,51,769,0,210,0,210,21,-1,-1,0.000000
4173,0,-1,-1,-1,-1,0,-1,-1,-1,-1.000000,-1.000000,290,0,0,0,0,0,-1,-1,-1,0.000000
4174,0,-1,-1,-1,-1,0,-1,-1,-1,-1.000000,-1.000000,299,0,0,0,0,0,-1,-1,-1,0.000000
4175,0,966,-1,-1,6036,0,14,3,4,0.000000,0.000000,72,3,0,0,0,0,966,-1,-1,0.000000
4176,0,-1,-1,-1,-1,0,-1,-1,-1,-1.000000,-1.000000,117,0,0,0,0,0,-1,-1,-1,0.000000
4177,0,-1,-1,-1,-1,0,-1,-1,-1,-1.000000,-1.000000,111,0,0,0,0,0,-1,-1,-1,0.000000
4178,0,-1,-1,-1,-1,0,-1,-1,-1,-1.000000,-1.000000,253,0,0,0,0,0,-1,-1,-1,0.000000
4179,0,-1,-1,-1,-1,0,-1,-1,-1,-1.000000,-1.000000,291,0,0,0,0,0,-1,-1,-1,0.000000
4180,0,-1,-1,-1,-1,0,-1,-1,-1,-1.000000,-1.000000,378,0,0,0,0,0,-1,-1,-1,0.000000
4181,0,-1,-1,-1,-1,0,-1,-1,-1,-1.000000,-1.000000,333,0,0,0,0,0,-1,-1,-1,0.000000
4182,0,-1,-1,-1,-1,0,-1,-1,-1,-1.000000,-1.000000,208,0,0,0,0,0,-1,-1,-1,0.000000
4183,0,-1,-1,-1,-1,0,-1,-1,-1,-1.000000,-1.000000,313,0,0,0,0,0,-1,-1,-1,0.000000
4184,0,-1,-1,-1,-1,0,-1,-1,-1,-1.000000,-1.000000,141,0,0,0,0,0,-1,-1,-1,0.000000
4185,0,-1,-1,-1,-1,0,-1,-1,-1,-1.000000,-1.000000,209,0,0,0,0,0,-1,-1,-1,0.000000
4186,0,28,-1,-1,5262,41,58,3,2,0.000000,0.000000,59,136,0,34,0,34,28,-1,-1,0.000000
4187,0,-1,-1,-1,-1,0,-1,-1,-1,-1.000000,-1.000000,173,0,0,0,0,0,-1,-1,-1,0.000000
4188,0,-1,-1,-1,-1,0,-1,-1,-1,-1.000000,-1.000000,127,0,0,0,0,0,-1,-1,-1,0.000000
4189,0,-1,-1,-1,-1,0,-1,-1,-1,-1.000000,-1.000000,210,0,0,0,0,0,-1,-1,-1,0.000000
4190,0,-1,-1,-1,-1,0,-1,-1,-1,-1.000000,-1.000000,129,0,0,0,0,0,-1,-1,-1,0.000000
4191,0,-1,-1,-1,-1,0,-1,-1,-1,-1.000000,-1.000000,372,0,0,0,0,0,-1,-1,-1,0.000000
4192,0,39,-1,-1,4084,487,51,3,4,0.000000,0.000000,63,538,0,170,0,170,39,-1,-1,0.000000
4193,0,-1,-1,-1,-1,0,-1,-1,-1,-1.000000,-1.000000,117,0,0,0,0,0,-1,-1,-1,0.000000
4194,0,28,-1,-1,3184,818,59,3,4,0.000000,0.000000,19,762,0,209,0,209,28,-1,-1,0.000000
4195,0,88,-1,-1,6162,50,39,3,4,0.000000,0.000000,83,143,0,33,0,33,88,-1,-1,0.000000
4196,0,-1,-1,-1,-1,0,-1,-1,-1,-1.000000,-1.000000,235,0,0,0,0,0,-1,-1,-1,0.000000
4197,0,-1,-1,-1,-1,0,-1,-1,-1,-1.000000,-1.000000,264,0,0,0,0,0,-1,-1,-1,0.000000
4198,0,-1,-1,-1,-1,0,-1,-1,-1,-1.000000,-1.000000,233,0,0,0,0,0,-1,-1,-1,0.000000
4199,0,-1,-1,-1,-1,0,-1,-1,-1,-1.000000,-1.000000,145,0,0,0,0,0,-1,-1,-1,0.000000
4200,0,-1,-1,-1,-1,0,-1,-1,-1,-1.000000,-1.000000,275,0,0,0,0,0,-1,-1,-1,0.000000
4201,0,-1,-1,-1,-1,0,-1,-1,-1,-1.000000,-1.000000,231,0,0,0,0,0,-1,-1,-1,0.000000
4202,0,-1,-1,-1,-1,0,-1,-1,-1,-1.000000,-1.000000,227,0,0,0,0,0,-1,-1,-1,0.000000
4203,0,-1,-1,-1,-1,0,-1,-1,-1,-1.000000,-1.000000,442,0,0,0,0,0,-1,-1,-1,0.000000
4204,0,-1,-1,-1,-1,0,-1,-1,-1,-1.000000,-1.000000,319,0,0,0,0,0,-1,-1,-1,0.000000
4205,0,-1,-1,-1,-1,0,-1,-1,-1,-1.000000,-1.000000,498,0,0,0,0,0,-1,-1,-1,0.000000
4206,0,-1,-1,-1,-1,0,-1,-1,-1,-1.000000,-1.000000,365,0,0,0,0,0,-1,-1,-1,0.000000
4207,0,-1,-1,-1,-1,0,-1,-1,-1,-1.000000,-1.000000,173,0,0,0,0,0,-1,-1,-1,0.000000
4208,0,-1,-1,-1,-1,0,-1,-1,-1,-1.000000,-1.000000,140,0,0,0,0,0,-1,-1,-1,0.000000
4209,0,-1,-1,-1,-1,0,-1,-1,-1,-1.000000,-1.000000,237,0,0,0,0,0,-1,-1,-1,0.000000
4210,0,-1,-1,-1,-1,0,-1,-1,-1,-1.000000,-1.000000,395,0,0,0,0,0,-1,-1,-1,0.000000
4211,0,-1,-1,-1,-1,0,-1,-1,-1,-1.000000,-1.000000,303,0,0,0,0,0,-1,-1,-1,0.000000
4212,0,-1,-1,-1,-1,0,-1,-1,-1,-1.000000,-1.000000,109,0,0,0,0,0,-1,-1,-1,0.000000
4213,0,32,-1,-1,676,503,55,3,4,0.000000,0.000000,43,543,0,175,0,175,32,-1,-1,0.000000
4214,0,-1,-1,-1,-1,0,-1,-1,-1,-1.000000,-1.000000,207,0,0,0,0,0,-1,-1,-1,0.000000
4215,0,-1,-1,-1,-1,0,-1,-1,-1,-1.000000,-1.000000,456,0,0,0,0,0,-1,-1,-1,0.000000
4216,0,110,-1,-1,2874,5,36,3,4,0.000000,0.000000,82,23,0,10,0,10,110,-1,-1,0.000000
4217,0,23,-1,-1,2056,791,64,3,2,0.000000,0.000000,39,732,0,204,0,204,23,-1,-1,0.000000
4218,0,-1,-1,-1,-1,0,-1,-1,-1,-1.000000,-1.000000,277,0,0,0,0,0,-1,-1,-1,0.000000
4219,0,-1,-1,-1,-1,0,-1,-1,-1,-1.000000,-1.000000,137,0,0,0,0,0,-1,-1,-1,0.000000
4220,0,22,-1,-1,2444,723,67,3,4,0.000000,0.000000,53,704,0,231,0,231,22,-1,-1,0.000000
4221,0,31,-1,-1,5776,32,55,3,4,0.000000,0.000000,91,68,0,17,0,17,31,-1,-1,0.000000
4222,0,-1,-1,-1,-1,0,-1,-1,-1,-1.000000,-1.000000,248,0,0,0,0,0,-1,-1,-1,0.000000
4223,0,-1,-1,-1,-1,0,-1,-1,-1,-1.000000,-1.000000,105,0,0,0,0,0,-1,-1,-1,0.000000
4224,0,-1,-1,-1,-1,0,-1,-1,-1,-1.000000,-1.000000,175,0,0,0,0,0,-1,-1,-1,0.000000
4225,0,-1,-1,-1,-1,0,-1,-1,-1,-1.000000,-1.000000,145,0,0,0,0,0,-1,-1,-1,0.000000
4226,0,-1,-1,-1,-1,0,-1,-1,-1,-1.000000,-1.000000,317,0,0,0,0,0,-1,-1,-1,0.000000
4227,0,14,-1,-1,5187,641,68,3,2,0.000000,0.000000,27,764,0,219,0,219,14,-1,-1,0.000000
4228,0,25,-1,-1,4459,441,62,3,2,0.000000,0.000000,31,515,0,144,0,144,25,-1,-1,0.000000
4229,0,-1,-1,-1,-1,0,-1,-1,-1,-1.000000,-1.000000,223,0,0,0,0,0,-1,-1,-1,0.000000
4230,0,53,-1,-1,128,21,50,3,4,0.000000,0.000000,88,54,0,22,0,22,53,-1,-1,0.000000
4231,0,-1,-1,-1,-1,0,-1,-1,-1,-1.000000,-1.000000,329,0,0,0,0,0,-1,-1,-1,0.000000
4232,0,49,-1,-1,3732,30,50,3,2,0.000000,0.000000,79,104,0,32,0,32,49,-1,-1,0.000000
4233,0,-1,-1,-1,-1,0,-1,-1,-1,-1.000000,-1.000000,265,0,0,0,0,0,-1,-1,-1,0.000000
4234,0,-1,-1,-1,-1,0,-1,-1,-1,-1.000000,-1.000000,332,0,0,0,0,0,-1,-1,-1,0.000000
4235,0,-1,-1,-1,-1,0,-1,-1,-1,-1.000000,-1.000000,427,0,0,0,0,0,-1,-1,-1,0.000000
4236,0,-1,-1,-1,-1,0,-1,-1,-1,-1.000000,-1.000000,412,0,0,0,0,0,-1,-1,-1,0.000000
4237,0,-1,-1,-1,-1,0,-1,-1,-1,-1.000000,-1.000000,494,0,0,0,0,0,-1,-1,-1,0.000000
4238,0,-1,-1,-1,-1,0,-1,-1,-1,-1.000000,-1.000000,159,0,0,0,0,0,-1,-1,-1,0.000000
4239,0,762,-1,-1,3524,0,15,3,4,0.000000,0.000000,83,1,0,0,0,0,762,-1,-1,0.000000
4240,0,-1,-1,-1,-1,0,-1,-1,-1,-1.000000,-1.000000,321,0,0,0,0,0,-1,-1,-1,0.000000
4241,0,353,-1,-1,6743,427,26,3,4,0.000000,0.000000,38,530,0,88,0,88,353,-1,-1,0.000000
4242,0,-1,-1,-1,-1,0,-1,-1,-1,-1.000000,-1.000000,135,0,0,0,0,0,-1,-1,-1,0.000000
4243,0,-1,-1,-1,-1,0,-1,-1,-1,-1.000000,-1.000000,269,0,0,0,0,0,-1,-1,-1,0.000000
4244,0,-1,-1,-1,-1,0,-1,-1,-1,-1.000000,-1.000000,101,0,0,0,0,0,-1,-1,-1,0.000000
4245,0,-1,-1,-1,-1,0,-1,-1,-1,-1.000000,-1.000000,332,0,0,0,0,0,-1,-1,-1,0.000000
4246,0,-1,-1,-1,-1,0,-1,-1,-1,-1.000000,-1.000000,178,0,0,0,0,0,-1,-1,-1,0.000000
4247,0,-1,-1,-1,-1,0,-1,-1,-1,-1.000000,-1.000000,267,0,0,0,0,0,-1,-1,-1,0.000000
4248,0,-1,-1,-1,-1,0,-1,-1,-1,-1.000000,-1.000000,182,0,0,0,0,0,-1,-1,-1,0.000000
4249,0,23,-1,-1,2376,570,64,3,2,0.000000,0.000000,17,762,0,215,0,215,23,-1,-1,0.000000
4250,0,-1,-1,-1,-1,0,-1,-1,-1,-1.000000,-1.000000,219,0,0,0,0,0,-1,-1,-1,0.000000
4251,0,-1,-1,-1,-1,0,-1,-1,-1,-1.000000,-1.000000,162,0,0,0,0,0,-1,-1,-1,0.000000
4252,0,21,-1,-1,5732,781,66,3,2,0.000000,0.000000,39,793,0,176,0,176,21,-1,-1,0.000000
4253,0,-1,-1,-1,-1,0,-1,-1,-1,-1.000000,-1.000000,119,0,0,0,0,0,-1,-1,-1,0.000000
4254,0,-1,-1,-1,-1,0,-1,-1,-1,-1.000000,-1.000000,152,0,0,0,0,0,-1,-1,-1,0.000000
4255,0,-1,-1,-1,-1,0,-1,-1,-1,-1.000000,-1.000000,397,0,0,0,0,0,-1,-1,-1,0.000000
4256,0,-1,-1,-1,-1,0,-1,-1,-1,-1.000000,-1.000000,290,0,0,0,0,0,-1,-1,-1,0.000000
4257,0,-1,-1,-1,-1,0,-1,-1,-1,-1.000000,-1.000000,442,0,0,0,0,0,-1,-1,-1,0.000000
4258,0,-1,-1,-1,-1,0,-1,-1,-1,-1.000000,-1.000000,160,0,0,0,0,0,-1,-1,-1,0.000000
4259,0,778,-1,-1,6619,27,16,3,2,0.000000,0.000000,23,47,0,11,0,11,778,-1,-1,0.000000
4260,0,381,-1,-1,7507,0,23,3,4,0.000000,0.000000,101,0,0,2,0,2,381,-1,-1,0.000000
4261,0,-1,-1,-1,-1,0,-1,-1,-1,-1.000000,-1.000000,222,0,0,0,0,0,-1,-1,-1,0.000000
4262,0,-1,-1,-1,-1,0,-1,-1,-1,-1.000000,-1.000000,356,0,0,0,0,0,-1,-1,-1,0.000000
4263,0,-1,-1,-1,-1,0,-1,-1,-1,-1.000000,-1.000000,307,0,0,0,0,0,-1,-1,-1,0.000000
4264,0,-1,-1,-1,-1,0,-1,-1,-1,-1.000000,-1.000000,129,0,0,0,0,0,-1,-1,-1,0.000000
4265,0,-1,-1,-1,-1,0,-1,-1,-1,-1.000000,-1.000000,303,0,0,0,0,0,-1,-1,-1,0.000000
4266,0,-1,-1,-1,-1,0,-1,-1,-1,-1.000000,-1.000000,119,0,0,0,0,0,-1,-1,-1,0.000000
4267,0,-1,-1,-1,-1,0,-1,-1,-1,-1.000000,-1.000000,129,0,0,0,0,0,-1,-1,-1,0.000000
4268,0,-1,-1,-1,-1,0,-1,-1,-1,-1.000000,-1.000000,548,0,0,0,0,0,-1,-1,-1,0.000000
4269,0,-1,-1,-1,-1,0,-1,-1,-1,-1.000000,-1.000000,332,0,0,0,0,0,-1,-1,-1,0.000000
4270,0,-1,-1,-1,-1,0,-1,-1,-1,-1.000000,-1.000000,295,0,0,0,0,0,-1,-1,-1,0.000000
4271,0,-1,-1,-1,-1,0,-1,-1,-1,-1.000000,-1.000000,449,0,0,0,0,0,-1,-1,-1,0.000000
4272,0,-1,-1,-1,-1,0,-1,-1,-1,-1.000000,-1.000000,107,0,0,0,0,0,-1,-1,-1,0.000000
4273,0,-1,-1,-1,-1,0,-1,-1,-1,-1.000000,-1.000000,71,0,0,0,0,0,-1,-1,-1,0.000000
4274,0,-1,-1,-1,-1,0,-1,-1,-1,-1.000000,-1.000000,513,0,0,0,0,0,-1,-1,-1,0.000000
4275,0,-1,-1,-1,-1,0,-1,-1,-1,-1.000000,-1.000000,127,0,0,0,0,0,-1,-1,-1,0.000000
4276,0,-1,-1,-1,-1,0,-1,-1,-1,-1.000000,-1.000000,295,0,0,0,0,0,-1,-1,-1,0.000000
4277,0,-1,-1,-1,-1,0,-1,-1,-1,-1.000000,-1.000000,193,0,0,0,0,0,-1,-1,-1,0.000000
4278,0,-1,-1,-1,-1,0,-1,-1,-1,-1.000000,-1.000000,299,0,0,0,0,0,-1,-1,-1,0.000000
4279,0,-1,-1,-1,-1,0,-1,-1,-1,-1.000000,-1.000000,257,0,0,0,0,0,-1,-1,-1,0.000000
4280,0,-1,-1,-1,-1,0,-1,-1,-1,-1.000000,-1.000000,530,0,0,0,0,0,-1,-1,-1,0.000000
4281,0,-1,-1,-1,-1,0,-1,-1,-1,-1.000000,-1.000000,363,0,0,0,0,0,-1,-1,-1,0.000000
4282,0,-1,-1,-1,-1,0,-1,-1,-1,-1.000000,-1.000000,164,0,0,0,0,0,-1,-1,-1,0.000000
4283,0,-1,-1,-1,-1,0,-1,-1,-1,-1.000000,-1.000000,281,0,0,0,0,0,-1,-1,-1,0.000000
4284,0,-1,-1,-1,-1,0,-1,-1,-1,-1.000000,-1.000000,10,0,0,0,0,0,-1,-1,-1,0.000000
4285,0,174,-1,-1,1669,67,33,3,2,0.000000,0.000000,84,161,0,32,0,32,174,-1,-1,0.000000
4286,0,-1,-1,-1,-1,0,-1,-1,-1,-1.000000,-1.000000,159,0,0,0,0,0,-1,-1,-1,0.000000
4287,0,-1,-1,-1,-1,0,-1,-1,-1,-1.000000,-1.000000,141,0,0,0,0,0,-1,-1,-1,0.000000
4288,0,-1,-1,-1,-1,0,-1,-1,-1,-1.000000,-1.000000,143,0,0,0,0,0,-1,-1,-1,0.000000
4289,0,-1,-1,-1,-1,0,-1,-1,-1,-1.000000,-1.000000,111,0,0,0,0,0,-1,-1,-1,0.000000
4290,0,-1,-1,-1,-1,0,-1,-1,-1,-1.000000,-1.000000,175,0,0,0,0,0,-1,-1,-1,0.000000
4291,0,145,-1,-1,3658,0,33,3,4,0.000000,0.000000,97,5,0,0,0,0,145,-1,-1,0.000000
4292,0,-1,-1,-1,-1,0,-1,-1,-1,-1.000000,-1.000000,351,0,0,0,0,0,-1,-1,-1,0.000000
4293,0,-1,-1,-1,-1,0,-1,-1,-1,-1.000000,-1.000000,271,0,0,0,0,0,-1,-1,-1,0.000000
4294,0,24,-1,-1,6854,758,63,3,4,0.000000,0.000000,33,724,0,188,0,188,24,-1,-1,0.000000
4295,0,-1,-1,-1,-1,0,-1,-1,-1,-1.000000,-1.000000,354,0,0,0,0,0,-1,-1,-1,0.000000
4296,0,22,-1,-1,5686,702,67,3,4,0.000000,0.000000,37,676,0,302,0,302,22,-1,-1,0.000000
4297,0,-1,-1,-1,-1,0,-1,-1,-1,-1.000000,-1.000000,75,0,0,0,0,0,-1,-1,-1,0.000000
4298,0,-1,-1,-1,-1,0,-1,-1,-1,-1.000000,-1.000000,285,0,0,0,0,0,-1,-1,-1,0.000000
4299,0,-1,-1,-1,-1,0,-1,-1,-1,-1.000000,-1.000000,153,0,0,0,0,0,-1,-1,-1,0.000000
4300,0,-1,-1,-1,-1,0,-1,-1,-1,-1.000000,-1.000000,411,0,0,0,0,0,-1,-1,-1,0.000000
4301,0,-1,-1,-1,-1,0,-1,-1,-1,-1.000000,-1.000000,187,0,0,0,0,0,-1,-1,-1,0.000000
4302,0,-1,-1,-1,-1,0,-1,-1,-1,-1.000000,-1.000000,279,0,0,0,0,0,-1,-1,-1,0.000000
4303,0,-1,-1,-1,-1,0,-1,-1,-1,-1.000000,-1.000000,390,0,0,0,0,0,-1,-1,-1,0.000000
4304,0,-1,-1,-1,-1,0,-1,-1,-1,-1.000000,-1.000000,378,0,0,0,0,0,-1,-1,-1,0.000000
4305,0,-1,-1,-1,-1,0,-1,-1,-1,-1.000000,-1.000000,249,0,0,0,0,0,-1,-1,-1,0.000000
4306,0,-1,-1,-1,-1,0,-1,-1,-1,-1.000000,-1.000000,210,0,0,0,0,0,-1,-1,-1,0.000000
4307,0,-1,-1,-1,-1,0,-1,-1,-1,-1.000000,-1.000000,161,0,0,0,0,0,-1,-1,-1,0.000000
4308,0,179,-1,-1,4323,2,32,3,2,0.000000,0.000000,111,2,0,2,0,2,179,-1,-1,0.000000
4309,0,-1,-1,-1,-1,0,-1,-1,-1,-1.000000,-1.000000,345,0,0,0,0,0,-1,-1,-1,0.000000
4310,0,-1,-1,-1,-1,0,-1,-1,-1,-1.000000,-1.000000,438,0,0,0,0,0,-1,-1,-1,0.000000
4311,0,-1,-1,-1,-1,0,-1,-1,-1,-1.000000,-1.000000,123,0,0,0,0,0,-1,-1,-1,0.000000
4312,0,-1,-1,-1,-1,0,-1,-1,-1,-1.000000,-1.000000,139,0,0,0,0,0,-1,-1,-1,0.000000
4313,0,-1,-1,-1,-1,0,-1,-1,-1,-1.000000,-1.000000,217,0,0,0,0,0,-1,-1,-1,0.000000
4314,0,-1,-1,-1,-1,0,-1,-1,-1,-1.000000,-1.000000,223,0,0,0,0,0,-1,-1,-1,0.000000
4315,0,-1,-1,-1,-1,0,-1,-1,-1,-1.000000,-1.000000,197,0,0,0,0,0,-1,-1,-1,0.000000
4316,0,-1,-1,-1,-1,0,-1,-1,-1,-1.000000,-1.000000,277,0,0,0,0,0,-1,-1,-1,0.000000
4317,0,-1,-1,-1,-1,0,-1,-1,-1,-1.000000,-1.000000,225,0,0,0,0,0,-1,-1,-1,0.000000
4318,0,-1,-1,-1,-1,0,-1,-1,-1,-1.000000,-1.000000,379,0,0,0,0,0,-1,-1,-1,0.000000
4319,0,-1,-1,-1,-1,0,-1,-1,-1,-1.000000,-1.000000,243,0,0,0,0,0,-1,-1,-1,0.000000
4320,0,-1,-1,-1,-1,0,-1,-1,-1,-1.000000,-1.000000,133,0,0,0,0,0,-1,-1,-1,0.000000
4321,0,-1,-1,-1,-1,0,-1,-1,-1,-1.000000,-1.000000,294,0,0,0,0,0,-1,-1,-1,0.000000
4322,0,-1,-1,-1,-1,0,-1,-1,-1,-1.000000,-1.000000,159,0,0,0,0,0,-1,-1,-1,0.000000
4323,0,-1,-1,-1,-1,0,-1,-1,-1,-1.000000,-1.000000,101,0,0,0,0,0,-1,-1,-1,0.000000
4324,0,117,-1,-1,427,7,36,3,2,0.000000,0.000000,111,43,0,7,0,7,117,-1,-1,0.000000
4325,0,57,-1,-1,2908,29,46,3,2,0.000000,0.000000,73,72,0,29,0,29,57,-1,-1,0.000000
4326,0,19,-1,-1,5914,739,69,3,4,0.000000,0.000000,15,716,0,265,0,265,19,-1,-1,0.000000
4327,0,-1,-1,-1,-1,0,-1,-1,-1,-1.000000,-1.000000,164,0,0,0,0,0,-1,-1,-1,0.000000
4328,0,38,-1,-1,7371,81,53,3,4,0.000000,0.000000,67,175,0,45,0,45,38,-1,-1,0.000000
4329,0,30,-1,-1,2477,349,56,3,2,0.000000,0.000000,75,449,0,142,0,142,30,-1,-1,0.000000
4330,0,-1,-1,-1,-1,0,-1,-1,-1,-1.000000,-1.000000,417,0,0,0,0,0,-1,-1,-1,0.000000
4331,0,-1,-1,-1,-1,0,-1,-1,-1,-1.000000,-1.000000,111,0,0,0,0,0,-1,-1,-1,0.000000
4332,0,-1,-1,-1,-1,0,-1,-1,-1,-1.000000,-1.000000,127,0,0,0,0,0,-1,-1,-1,0.000000
4333,0,195,-1,-1,2685,217,31,3,4,0.000000,0.000000,73,327,0,99,0,99,195,-1,-1,0.000000
4334,0,-1,-1,-1,-1,0,-1,-1,-1,-1.000000,-1.000000,119,0,0,0,0,0,-1,-1,-1,0.000000
4335,0,-1,-1,-1,-1,0,-1,-1,-1,-1.000000,-1.000000,131,0,0,0,0,0,-1,-1,-1,0.000000
4336,0,124,-1,-1,2633,669,39,3,4,0.000000,0.000000,25,701,0,100,0,100,124,-1,-1,0.000000
4337,0,-1,-1,-1,-1,0,-1,-1,-1,-1.000000,-1.000000,111,0,0,0,0,0,-1,-1,-1,0.000000
4338,0,-1,-1,-1,-1,0,-1,-1,-1,-1.000000,-1.000000,40,0,0,0,0,0,-1,-1,-1,0.000000
4339,0,-1,-1,-1,-1,0,-1,-1,-1,-1.000000,-1.000000,208,0,0,0,0,0,-1,-1,-1,0.000000
4340,0,-1,-1,-1,-1,0,-1,-1,-1,-1.000000,-1.000000,185,0,0,0,0,0,-1,-1,-1,0.000000
4341,0,-1,-1,-1,-1,0,-1,-1,-1,-1.000000,-1.000000,147,0,0,0,0,0,-1,-1,-1,0.000000
4342,0,-1,-1,-1,-1,0,-1,-1,-1,-1.000000,-1.000000,475,0,0,0,0,0,-1,-1,-1,0.000000
4343,0,-1,-1,-1,-1,0,-1,-1,-1,-1.000000,-1.000000,149,0,0,0,0,0,-1,-1,-1,0.000000
4344,0,743,-1,-1,534,0,16,3,4,0.000000,0.000000,116,1,0,1,0,1,743,-1,-1,0.000000
4345,0,-1,-1,-1,-1,0,-1,-1,-1,-1.000000,-1.000000,199,0,0,0,0,0,-1,-1,-1,0.000000
4346,0,-1,-1,-1,-1,0,-1,-1,-1,-1.000000,-1.000000,282,0,0,0,0,0,-1,-1,-1,0.000000
4347,0,-1,-1,-1,-1,0,-1,-1,-1,-1.000000,-1.000000,516,0,0,0,0,0,-1,-1,-1,0.000000
4348,0,-1,-1,-1,-1,0,-1,-1,-1,-1.000000,-1.000000,129,0,0,0,0,0,-1,-1,-1,0.000000
4349,0,-1,-1,-1,-1,0,-1,-1,-1,-1.000000,-1.000000,530,0,0,0,0,0,-1,-1,-1,0.000000
4350,0,-1,-1,-1,-1,0,-1,-1,-1,-1.000000,-1.000000,323,0,0,0,0,0,-1,-1,-1,0.000000
4351,0,26,-1,-1,5841,202,60,3,2,0.000000,0.000000,53,329,0,69,0,69,26,-1,-1,0.000000
4352,0,-1,-1,-1,-1,0,-1,-1,-1,-1.000000,-1.000000,430,0,0,0,0,0,-1,-1,-1,0.000000
4353,0,-1,-1,-1,-1,0,-1,-1,-1,-1.000000,-1.000000,235,0,0,0,0,0,-1,-1,-1,0.000000
4354,0,-1,-1,-1,-1,0,-1,-1,-1,-1.000000,-1.000000,203,0,0,0,0,0,-1,-1,-1,0.000000
4355,0,-1,-1,-1,-1,0,-1,-1,-1,-1.000000,-1.000000,157,0,0,0,0,0,-1,-1,-1,0.000000
4356,0,-1,-1,-1,-1,0,-1,-1,-1,-1.000000,-1.000000,185,0,0,0,0,0,-1,-1,-1,0.000000
4357,0,-1,-1,-1,-1,0,-1,-1,-1,-1.000000,-1.000000,401,0,0,0,0,0,-1,-1,-1,0.000000
4358,0,-1,-1,-1,-1,0,-1,-1,-1,-1.000000,-1.000000,494,0,0,0,0,0,-1,-1,-1,0.000000
4359,0,-1,-1,-1,-1,0,-1,-1,-1,-1.000000,-1.000000,135,0,0,0,0,0,-1,-1,-1,0.000000
4360,0,-1,-1,-1,-1,0,-1,-1,-1,-1.000000,-1.000000,205,0,0,0,0,0,-1,-1,-1,0.000000
4361,0,-1,-1,-1,-1,0,-1,-1,-1,-1.000000,-1.000000,121,0,0,0,0,0,-1,-1,-1,0.000000
4362,0,-1,-1,-1,-1,0,-1,-1,-1,-1.000000,-1.000000,245,0,0,0,0,0,-1,-1,-1,0.000000
4363,0,24,-1,-1,4439,665,63,3,4,0.000000,0.000000,63,671,0,223,0,223,24,-1,-1,0.000000
4364,0,-1,-1,-1,-1,0,-1,-1,-1,-1.000000,-1.000000,317,0,0,0,0,0,-1,-1,-1,0.000000
4365,0,39,-1,-1,507,81,51,3,4,0.000000,0.000000,85,172,0,56,0,56,39,-1,-1,0.000000
4366,0,-1,-1,-1,-1,0,-1,-1,-1,-1.000000,-1.000000,249,0,0,0,0,0,-1,-1,-1,0.000000
4367,0,-1,-1,-1,-1,0,-1,-1,-1,-1.000000,-1.000000,105,0,0,0,0,0,-1,-1,-1,0.000000
4368,0,-1,-1,-1,-1,0,-1,-1,-1,-1.000000,-1.000000,415,0,0,0,0,0,-1,-1,-1,0.000000
4369,0,-1,-1,-1,-1,0,-1,-1,-1,-1.000000,-1.000000,232,0,0,0,0,0,-1,-1,-1,0.000000
4370,0,24,-1,-1,6108,711,65,3,4,0.000000,0.000000,37,758,0,213,0,213,24,-1,-1,0.000000
4371,0,-1,-1,-1,-1,0,-1,-1,-1,-1.000000,-1.000000,181,0,0,0,0,0,-1,-1,-1,0.000000
4372,0,-1,-1,-1,-1,0,-1,-1,-1,-1.000000,-1.000000,415,0,0,0,0,0,-1,-1,-1,0.000000
4373,0,-1,-1,-1,-1,0,-1,-1,-1,-1.000000,-1.000000,194,0,0,0,0,0,-1,-1,-1,0.000000
4374,0,-1,-1,-1,-1,0,-1,-1,-1,-1.000000,-1.000000,297,0,0,0,0,0,-1,-1,-1,0.000000
4375,0,-1,-1,-1,-1,0,-1,-1,-1,-1.000000,-1.000000,304,0,0,0,0,0,-1,-1,-1,0.000000
4376,0,-1,-1,-1,-1,0,-1,-1,-1,-1.000000,-1.000000,289,0,0,0,0,0,-1,-1,-1,0.000000
4377,0,-1,-1,-1,-1,0,-1,-1,-1,-1.000000,-1.000000,349,0,0,0,0,0,-1,-1,-1,0.000000
4378,0,25,-1,-1,67,648,63,3,4,0.000000,0.000000,71,638,0,286,0,286,25,-1,-1,0.000000
4379,0,-1,-1,-1,-1,0,-1,-1,-1,-1.000000,-1.000000,131,0,0,0,0,0,-1,-1,-1,0.000000
4380,0,-1,-1,-1,-1,0,-1,-1,-1,-1.000000,-1.000000,179,0,0,0,0,0,-1,-1,-1,0.000000
4381,0,-1,-1,-1,-1,0,-1,-1,-1,-1.000000,-1.000000,371,0,0,0,0,0,-1,-1,-1,0.000000
4382,0,-1,-1,-1,-1,0,-1,-1,-1,-1.000000,-1.000000,257,0,0,0,0,0,-1,-1,-1,0.000000
4383,0,623,-1,-1,5162,230,19,3,2,0.000000,0.000000,10,298,0,33,0,33,623,-1,-1,0.000000
4384,0,-1,-1,-1,-1,0,-1,-1,-1,-1.000000,-1.000000,229,0,0,0,0,0,-1,-1,-1,0.000000
4385,0,-1,-1,-1,-1,0,-1,-1,-1,-1.000000,-1.000000,151,0,0,0,0,0,-1,-1,-1,0.000000
4386,0,-1,-1,-1,-1,0,-1,-1,-1,-1.000000,-1.000000,271,0,0,0,0,0,-1,-1,-1,0.000000
4387,0,117,-1,-1,7911,13,37,3,4,0.000000,0.000000,83,47,0,24,0,24,117,-1,-1,0.000000
4388,0,-1,-1,-1,-1,0,-1,-1,-1,-1.000000,-1.000000,181,0,0,0,0,0,-1,-1,-1,0.000000
4389,0,-1,-1,-1,-1,0,-1,-1,-1,-1.000000,-1.000000,149,0,0,0,0,0,-1,-1,-1,0.000000
4390,0,22,-1,-1,5953,709,66,3,2,0.000000,0.000000,47,684,0,248,0,248,22,-1,-1,0.000000
4391,0,-1,-1,-1,-1,0,-1,-1,-1,-1.000000,-1.000000,376,0,0,0,0,0,-1,-1,-1,0.000000
4392,0,-1,-1,-1,-1,0,-1,-1,-1,-1.000000,-1.000000,478,0,0,0,0,0,-1,-1,-1,0.000000
4393,0,-1,-1,-1,-1,0,-1,-1,-1,-1.000000,-1.000000,131,0,0,0,0,0,-1,-1,-1,0.000000
4394,0,-1,-1,-1,-1,0,-1,-1,-1,-1.000000,-1.000000,115,0,0,0,0,0,-1,-1,-1,0.000000
4395,0,-1,-1,-1,-1,0,-1,-1,-1,-1.000000,-1.000000,149,0,0,0,0,0,-1,-1,-1,0.000000
4396,0,-1,-1,-1,-1,0,-1,-1,-1,-1.000000,-1.000000,125,0,0,0,0,0,-1,-1,-1,0.000000
4397,0,24,-1,-1,6969,633,64,3,2,0.000000,0.000000,25,768,0,208,0,208,24,-1,-1,0.000000
4398,0,-1,-1,-1,-1,0,-1,-1,-1,-1.000000,-1.000000,175,0,0,0,0,0,-1,-1,-1,0.000000
4399,0,-1,-1,-1,-1,0,-1,-1,-1,-1.000000,-1.000000,283,0,0,0,0,0,-1,-1,-1,0.000000
4400,0,-1,-1,-1,-1,0,-1,-1,-1,-1.000000,-1.000000,390,0,0,0,0,0,-1,-1,-1,0.000000
4401,0,-1,-1,-1,-1,0,-1,-1,-1,-1.000000,-1.000000,423,0,0,0,0,0,-1,-1,-1,0.000000
4402,0,-1,-1,-1,-1,0,-1,-1,-1,-1.000000,-1.000000,395,0,0,0,0,0,-1,-1,-1,0.000000
4403,0,-1,-1,-1,-1,0,-1,-1,-1,-1.000000,-1.000000,139,0,0,0,0,0,-1,-1,-1,0.000000
4404,0,-1,-1,-1,-1,0,-1,-1,-1,-1.000000,-1.000000,339,0,0,0,0,0,-1,-1,-1,0.000000
4405,0,-1,-1,-1,-1,0,-1,-1,-1,-1.000000,-1.000000,168,0,0,0,0,0,-1,-1,-1,0.000000
4406,0,132,-1,-1,5403,12,34,3,2,0.000000,0.000000,85,52,0,12,0,12,132,-1,-1,0.000000
4407,0,-1,-1,-1,-1,0,-1,-1,-1,-1.000000,-1.000000,199,0,0,0,0,0,-1,-1,-1,0.000000
4408,0,-1,-1,-1,-1,0,-1,-1,-1,-1.000000,-1.000000,283,0,0,0,0,0,-1,-1,-1,0.000000
4409,0,-1,-1,-1,-1,0,-1,-1,-1,-1.000000,-1.000000,305,0,0,0,0,0,-1,-1,-1,0.000000
4410,0,-1,-1,-1,-1,0,-1,-1,-1,-1.000000,-1.000000,443,0,0,0,0,0,-1,-1,-1,0.000000
4411,0,-1,-1,-1,-1,0,-1,-1,-1,-1.000000,-1.000000,357,0,0,0,0,0,-1,-1,-1,0.000000
4412,0,-1,-1,-1,-1,0,-1,-1,-1,-1.000000,-1.000000,231,0,0,0,0,0,-1,-1,-1,0.000000
4413,0,-1,-1,-1,-1,0,-1,-1,-1,-1.000000,-1.000000,191,0,0,0,0,0,-1,-1,-1,0.000000
4414,0,25,-1,-1,2104,756,63,3,4,0.000000,0.000000,39,757,0,170,0,170,25,-1,-1,0.000000
4415,0,-1,-1,-1,-1,0,-1,-1,-1,-1.000000,-1.000000,193,0,0,0,0,0,-1,-1,-1,0.000000
4416,0,-1,-1,-1,-1,0,-1,-1,-1,-1.000000,-1.000000,139,0,0,0,0,0,-1,-1,-1,0.000000
4417,0,279,-1,-1,2086,576,26,3,2,0.000000,0.000000,27,571,0,96,0,96,279,-1,-1,0.000000
4418,0,-1,-1,-1,-1,0,-1,-1,-1,-1.000000,-1.000000,171,0,0,0,0,0,-1,-1,-1,0.000000
4419,0,-1,-1,-1,-1,0,-1,-1,-1,-1.000000,-1.000000,195,0,0,0,0,0,-1,-1,-1,0.000000
4420,0,15,-1,-1,3157,704,68,3,2,0.000000,0.000000,15,756,0,225,0,225,15,-1,-1,0.000000
4421,0,-1,-1,-1,-1,0,-1,-1,-1,-1.000000,-1.000000,110,0,0,0,0,0,-1,-1,-1,0.000000
4422,0,-1,-1,-1,-1,0,-1,-1,-1,-1.000000,-1.000000,237,0,0,0,0,0,-1,-1,-1,0.000000
4423,0,-1,-1,-1,-1,0,-1,-1,-1,-1.000000,-1.000000,287,0,0,0,0,0,-1,-1,-1,0.000000
4424,0,-1,-1,-1,-1,0,-1,-1,-1,-1.000000,-1.000000,461,0,0,0,0,0,-1,-1,-1,0.000000
4425,0,-1,-1,-1,-1,0,-1,-1,-1,-1.000000,-1.000000,174,0,0,0,0,0,-1,-1,-1,0.000000
4426,0,-1,-1,-1,-1,0,-1,-1,-1,-1.000000,-1.000000,334,0,0,0,0,0,-1,-1,-1,0.000000
4427,0,24,-1,-1,5446,623,62,3,2,0.000000,0.000000,29,780,0,195,0,195,24,-1,-1,0.000000
4428,0,-1,-1,-1,-1,0,-1,-1,-1,-1.000000,-1.000000,387,0,0,0,0,0,-1,-1,-1,0.000000
4429,0,-1,-1,-1,-1,0,-1,-1,-1,-1.000000,-1.000000,332,0,0,0,0,0,-1,-1,-1,0.000000
4430,0,38,-1,-1,6242,397,54,3,2,0.000000,0.000000,67,466,0,161,0,161,38,-1,-1,0.000000
4431,0,-1,-1,-1,-1,0,-1,-1,-1,-1.000000,-1.000000,197,0,0,0,0,0,-1,-1,-1,0.000000
4432,0,-1,-1,-1,-1,0,-1,-1,-1,-1.000000,-1.000000,133,0,0,0,0,0,-1,-1,-1,0.000000
4433,0,-1,-1,-1,-1,0,-1,-1,-1,-1.000000,-1.000000,73,0,0,0,0,0,-1,-1,-1,0.000000
4434,0,-1,-1,-1,-1,0,-1,-1,-1,-1.000000,-1.000000,393,0,0,0,0,0,-1,-1,-1,0.000000
4435,0,-1,-1,-1,-1,0,-1,-1,-1,-1.000000,-1.000000,177,0,0,0,0,0,-1,-1,-1,0.000000
4436,0,-1,-1,-1,-1,0,-1,-1,-1,-1.000000,-1.000000,233,0,0,0,0,0,-1,-1,-1,0.000000
4437,0,-1,-1,-1,-1,0,-1,-1,-1,-1.000000,-1.000000,261,0,0,0,0,0,-1,-1,-1,0.000000
4438,0,-1,-1,-1,-1,0,-1,-1,-1,-1.000000,-1.000000,123,0,0,0,0,0,-1,-1,-1,0.000000
4439,0,-1,-1,-1,-1,0,-1,-1,-1,-1.000000,-1.000000,257,0,0,0,0,0,-1,-1,-1,0.000000
4440,0,28,-1,-1,1369,364,58,3,4,0.000000,0.000000,36,470,0,106,0,106,28,-1,-1,0.000000
4441,0,-1,-1,-1,-1,0,-1,-1,-1,-1.000000,-1.000000,103,0,0,0,0,0,-1,-1,-1,0.000000
4442,0,146,-1,-1,4939,619,34,3,4,0.000000,0.000000,16,754,0,71,0,71,146,-1,-1,0.000000
4443,0,-1,-1,-1,-1,0,-1,-1,-1,-1.000000,-1.000000,522,0,0,0,0,0,-1,-1,-1,0.000000
4444,0,-1,-1,-1,-1,0,-1,-1,-1,-1.000000,-1.000000,317,0,0,0,0,0,-1,-1,-1,0.000000
4445,0,-1,-1,-1,-1,0,-1,-1,-1,-1.000000,-1.000000,269,0,0,0,0,0,-1,-1,-1,0.000000
4446,0,-1,-1,-1,-1,0,-1,-1,-1,-1.000000,-1.000000,203,0,0,0,0,0,-1,-1,-1,0.000000
4447,0,63,-1,-1,5297,0,46,3,2,0.000000,0.000000,93,6,0,2,0,2,63,-1,-1,0.000000
4448,0,-1,-1,-1,-1,0,-1,-1,-1,-1.000000,-1.000000,215,0,0,0,0,0,-1,-1,-1,0.000000
4449,0,-1,-1,-1,-1,0,-1,-1,-1,-1.000000,-1.000000,115,0,0,0,0,0,-1,-1,-1,0.000000
4450,0,-1,-1,-1,-1,0,-1,-1,-1,-1.000000,-1.000000,95,0,0,0,0,0,-1,-1,-1,0.000000
4451,0,-1,-1,-1,-1,0,-1,-1,-1,-1.000000,-1.000000,343,0,0,0,0,0,-1,-1,-1,0.000000
4452,0,-1,-1,-1,-1,0,-1,-1,-1,-1.000000,-1.000000,255,0,0,0,0,0,-1,-1,-1,0.000000
4453,0,419,-1,-1,1573,20,20,3,4,0.000000,0.000000,66,59,0,11,0,11,419,-1,-1,0.000000
4454,0,-1,-1,-1,-1,0,-1,-1,-1,-1.000000,-1.000000,302,0,0,0,0,0,-1,-1,-1,0.000000
4455,0,-1,-1,-1,-1,0,-1,-1,-1,-1.000000,-1.000000,125,0,0,0,0,0,-1,-1,-1,0.000000
4456,0,-1,-1,-1,-1,0,-1,-1,-1,-1.000000,-1.000000,382,0,0,0,0,0,-1,-1,-1,0.000000
4457,0,721,-1,-1,2582,147,19,3,4,0.000000,0.000000,35,187,0,18,0,18,721,-1,-1,0.000000
4458,0,-1,-1,-1,-1,0,-1,-1,-1,-1.000000,-1.000000,229,0,0,0,0,0,-1,-1,-1,0.000000
4459,0,-1,-1,-1,-1,0,-1,-1,-1,-1.000000,-1.000000,255,0,0,0,0,0,-1,-1,-1,0.000000
4460,0,-1,-1,-1,-1,0,-1,-1,-1,-1.000000,-1.000000,227,0,0,0,0,0,-1,-1,-1,0.000000
4461,0,63,-1,-1,6099,83,45,3,4,0.000000,0.000000,45,174,0,49,0,49,63,-1,-1,0.000000
4462,0,-1,-1,-1,-1,0,-1,-1,-1,-1.000000,-1.000000,163,0,0,0,0,0,-1,-1,-1,0.000000
4463,0,101,-1,-1,141,339,41,3,2,0.000000,0.000000,44,487,0,91,0,91,101,-1,-1,0.000000
4464,0,-1,-1,-1,-1,0,-1,-1,-1,-1.000000,-1.000000,438,0,0,0,0,0,-1,-1,-1,0.000000
4465,0,215,-1,-1,4232,7,28,3,2,0.000000,0.000000,75,36,0,10,0,10,215,-1,-1,0.000000
4466,0,25,-1,-1,6570,836,64,3,2,0.000000,0.000000,13,756,0,219,0,219,25,-1,-1,0.000000
4467,0,-1,-1,-1,-1,0,-1,-1,-1,-1.000000,-1.000000,411,0,0,0,0,0,-1,-1,-1,0.000000
4468,0,-1,-1,-1,-1,0,-1,-1,-1,-1.000000,-1.000000,366,0,0,0,0,0,-1,-1,-1,0.000000
4469,0,-1,-1,-1,-1,0,-1,-1,-1,-1.000000,-1.000000,117,0,0,0,0,0,-1,-1,-1,0.000000
4470,0,-1,-1,-1,-1,0,-1,-1,-1,-1.000000,-1.000000,85,0,0,0,0,0,-1,-1,-1,0.000000
4471,0,-1,-1,-1,-1,0,-1,-1,-1,-1.000000,-1.000000,121,0,0,0,0,0,-1,-1,-1,0.000000
4472,0,-1,-1,-1,-1,0,-1,-1,-1,-1.000000,-1.000000,387,0,0,0,0,0,-1,-1,-1,0.000000
4473,0,-1,-1,-1,-1,0,-1,-1,-1,-1.000000,-1.000000,325,0,0,0,0,0,-1,-1,-1,0.000000
4474,0,33,-1,-1,3273,766,55,3,4,0.000000,0.000000,37,768,0,189,0,189,33,-1,-1,0.000000
4475,0,22,-1,-1,5930,785,65,3,4,0.000000,0.000000,43,776,0,157,0,157,22,-1,-1,0.000000
4476,0,32,-1,-1,3952,187,55,3,4,0.000000,0.000000,87,356,0,69,0,69,32,-1,-1,0.000000
4477,0,-1,-1,-1,-1,0,-1,-1,-1,-1.000000,-1.000000,143,0,0,0,0,0,-1,-1,-1,0.000000
4478,0,-1,-1,-1,-1,0,-1,-1,-1,-1.000000,-1.000000,273,0,0,0,0,0,-1,-1,-1,0.000000
4479,0,-1,-1,-1,-1,0,-1,-1,-1,-1.000000,-1.000000,211,0,0,0,0,0,-1,-1,-1,0.000000
4480,0,-1,-1,-1,-1,0,-1,-1,-1,-1.000000,-1.000000,373,0,0,0,0,0,-1,-1,-1,0.000000
4481,0,-1,-1,-1,-1,0,-1,-1,-1,-1.000000,-1.000000,117,0,0,0,0,0,-1,-1,-1,0.000000
4482,0,31,-1,-1,1258,675,56,3,2,0.000000,0.000000,49,717,0,146,0,146,31,-1,-1,0.000000
4483,0,-1,-1,-1,-1,0,-1,-1,-1,-1.000000,-1.000000,317,0,0,0,0,0,-1,-1,-1,0.000000
4484,0,-1,-1,-1,-1,0,-1,-1,-1,-1.000000,-1.000000,295,0,0,0,0,0,-1,-1,-1,0.000000
4485,0,-1,-1,-1,-1,0,-1,-1,-1,-1.000000,-1.000000,246,0,0,0,0,0,-1,-1,-1,0.000000
4486,0,-1,-1,-1,-1,0,-1,-1,-1,-1.000000,-1.000000,225,0,0,0,0,0,-1,-1,-1,0.000000
4487,0,22,-1,-1,3345,762,65,3,4,0.000000,0.000000,55,745,0,180,0,180,22,-1,-1,0.000000
4488,0,-1,-1,-1,-1,0,-1,-1,-1,-1.000000,-1.000000,324,0,0,0,0,0,-1,-1,-1,0.000000
4489,0,24,-1,-1,6373,646,66,3,2,0.000000,0.000000,19,703,0,272,0,272,24,-1,-1,0.000000
4490,0,-1,-1,-1,-1,0,-1,-1,-1,-1.000000,-1.000000,488,0,0,0,0,0,-1,-1,-1,0.000000
4491,0,23,-1,-1,1462,812,64,3,2,0.000000,0.000000,29,768,0,197,0,197,23,-1,-1,0.000000
4492,0,-1,-1,-1,-1,0,-1,-1,-1,-1.000000,-1.000000,221,0,0,0,0,0,-1,-1,-1,0.000000
4493,0,-1,-1,-1,-1,0,-1,-1,-1,-1.000000,-1.000000,504,0,0,0,0,0,-1,-1,-1,0.000000
4494,0,-1,-1,-1,-1,0,-1,-1,-1,-1.000000,-1.000000,143,0,0,0,0,0,-1,-1,-1,0.000000
4495,0,-1,-1,-1,-1,0,-1,-1,-1,-1.000000,-1.000000,93,0,0,0,0,0,-1,-1,-1,0.000000
4496,0,66,-1,-1,5759,7,43,3,4,0.000000,0.000000,53,34,0,5,0,5,66,-1,-1,0.000000
4497,0,-1,-1,-1,-1,0,-1,-1,-1,-1.000000,-1.000000,181,0,0,0,0,0,-1,-1,-1,0.000000
4498,0,24,-1,-1,3405,678,64,3,2,0.000000,0.000000,15,836,0,140,0,140,24,-1,-1,0.000000
4499,0,22,-1,-1,3939,779,65,3,4,0.000000,0.000000,39,779,0,173,0,173,22,-1,-1,0.000000
4500,0,-1,-1,-1,-1,0,-1,-1,-1,-1.000000,-1.000000,113,0,0,0,0,0,-1,-1,-1,0.000000
4501,0,-1,-1,-1,-1,0,-1,-1,-1,-1.000000,-1.000000,207,0,0,0,0,0,-1,-1,-1,0.000000
4502,0,-1,-1,-1,-1,0,-1,-1,-1,-1.000000,-1.000000,419,0,0,0,0,0,-1,-1,-1,0.000000
4503,0,-1,-1,-1,-1,0,-1,-1,-1,-1.000000,-1.000000,213,0,0,0,0,0,-1,-1,-1,0.000000
4504,0,39,-1,-1,3675,587,53,3,4,0.000000,0.000000,57,636,0,159,0,159,39,-1,-1,0.000000
4505,0,24,-1,-1,1115,796,65,3,4,0.000000,0.000000,35,769,0,138,0,138,24,-1,-1,0.000000
4506,0,-1,-1,-1,-1,0,-1,-1,-1,-1.000000,-1.000000,84,0,0,0,0,0,-1,-1,-1,0.000000
4507,0,26,-1,-1,2928,402,61,3,4,0.000000,0.000000,59,507,0,125,0,125,26,-1,-1,0.000000
4508,0,-1,-1,-1,-1,0,-1,-1,-1,-1.000000,-1.000000,208,0,0,0,0,0,-1,-1,-1,0.000000
4509,0,-1,-1,-1,-1,0,-1,-1,-1,-1.000000,-1.000000,191,0,0,0,0,0,-1,-1,-1,0.000000
4510,0,-1,-1,-1,-1,0,-1,-1,-1,-1.000000,-1.000000,379,0,0,0,0,0,-1,-1,-1,0.000000
4511,0,-1,-1,-1,-1,0,-1,-1,-1,-1.000000,-1.000000,127,0,0,0,0,0,-1,-1,-1,0.000000
4512,0,275,-1,-1,6688,3,25,3,4,0.000000,0.000000,119,13,0,2,0,2,275,-1,-1,0.000000
4513,0,-1,-1,-1,-1,0,-1,-1,-1,-1.000000,-1.000000,283,0,0,0,0,0,-1,-1,-1,0.000000
4514,0,-1,-1,-1,-1,0,-1,-1,-1,-1.000000,-1.000000,463,0,0,0,0,0,-1,-1,-1,0.000000
4515,0,-1,-1,-1,-1,0,-1,-1,-1,-1.000000,-1.000000,322,0,0,0,0,0,-1,-1,-1,0.000000
4516,0,21,-1,-1,1037,684,66,3,2,0.000000,0.000000,11,773,0,205,0,205,21,-1,-1,0.000000
4517,0,-1,-1,-1,-1,0,-1,-1,-1,-1.000000,-1.000000,352,0,0,0,0,0,-1,-1,-1,0.000000
4518,0,-1,-1,-1,-1,0,-1,-1,-1,-1.000000,-1.000000,233,0,0,0,0,0,-1,-1,-1,0.000000
4519,0,53,-1,-1,367,2,46,3,2,0.000000,0.000000,79,14,0,8,0,8,53,-1,-1,0.000000
4520,0,-1,-1,-1,-1,0,-1,-1,-1,-1.000000,-1.000000,247,0,0,0,0,0,-1,-1,-1,0.000000
4521,0,-1,-1,-1,-1,0,-1,-1,-1,-1.000000,-1.000000,89,0,0,0,0,0,-1,-1,-1,0.000000
4522,0,-1,-1,-1,-1,0,-1,-1,-1,-1.000000,-1.000000,101,0,0,0,0,0,-1,-1,-1,0.000000
4523,0,-1,-1,-1,-1,0,-1,-1,-1,-1.000000,-1.000000,135,0,0,0,0,0,-1,-1,-1,0.000000
4524,0,-1,-1,-1,-1,0,-1,-1,-1,-1.000000,-1.000000,157,0,0,0,0,0,-1,-1,-1,0.000000
4525,0,-1,-1,-1,-1,0,-1,-1,-1,-1.000000,-1.000000,311,0,0,0,0,0,-1,-1,-1,0.000000
4526,0,-1,-1,-1,-1,0,-1,-1,-1,-1.000000,-1.000000,336,0,0,0,0,0,-1,-1,-1,0.000000
4527,0,-1,-1,-1,-1,0,-1,-1,-1,-1.000000,-1.000000,501,0,0,0,0,0,-1,-1,-1,0.000000
4528,0,-1,-1,-1,-1,0,-1,-1,-1,-1.000000,-1.000000,95,0,0,0,0,0,-1,-1,-1,0.000000
4529,0,-1,-1,-1,-1,0,-1,-1,-1,-1.000000,-1.000000,351,0,0,0,0,0,-1,-1,-1,0.000000
4530,0,-1,-1,-1,-1,0,-1,-1,-1,-1.000000,-1.000000,247,0,0,0,0,0,-1,-1,-1,0.000000
4531,0,-1,-1,-1,-1,0,-1,-1,-1,-1.000000,-1.000000,165,0,0,0,0,0,-1,-1,-1,0.000000
4532,0,24,-1,-1,2262,830,64,3,2,0.000000,0.000000,25,769,0,200,0,200,24,-1,-1,0.000000
4533,0,-1,-1,-1,-1,0,-1,-1,-1,-1.000000,-1.000000,160,0,0,0,0,0,-1,-1,-1,0.000000
4534,0,66,-1,-1,1988,27,43,3,4,0.000000,0.000000,95,76,0,25,0,25,66,-1,-1,0.000000
4535,0,153,-1,-1,5512,0,34,3,2,0.000000,0.000000,103,6,0,1,0,1,153,-1,-1,0.000000
4536,0,-1,-1,-1,-1,0,-1,-1,-1,-1.000000,-1.000000,329,0,0,0,0,0,-1,-1,-1,0.000000
4537,0,-1,-1,-1,-1,0,-1,-1,-1,-1.000000,-1.000000,217,0,0,0,0,0,-1,-1,-1,0.000000
4538,0,-1,-1,-1,-1,0,-1,-1,-1,-1.000000,-1.000000,297,0,0,0,0,0,-1,-1,-1,0.000000
4539,0,117,-1,-1,1036,0,37,3,4,0.000000,0.000000,83,1,0,1,0,1,117,-1,-1,0.000000
4540,0,-1,-1,-1,-1,0,-1,-1,-1,-1.000000,-1.000000,136,0,0,0,0,0,-1,-1,-1,0.000000
4541,0,-1,-1,-1,-1,0,-1,-1,-1,-1.000000,-1.000000,221,0,0,0,0,0,-1,-1,-1,0.000000
4542,0,-1,-1,-1,-1,0,-1,-1,-1,-1.000000,-1.000000,271,0,0,0,0,0,-1,-1,-1,0.000000
4543,0,-1,-1,-1,-1,0,-1,-1,-1,-1.000000,-1.000000,439,0,0,0,0,0,-1,-1,-1,0.000000
4544,0,-1,-1,-1,-1,0,-1,-1,-1,-1.000000,-1.000000,400,0,0,0,0,0,-1,-1,-1,0.000000
4545,0,-1,-1,-1,-1,0,-1,-1,-1,-1.000000,-1.000000,303,0,0,0,0,0,-1,-1,-1,0.000000
4546,0,-1,-1,-1,-1,0,-1,-1,-1,-1.000000,-1.000000,155,0,0,0,0,0,-1,-1,-1,0.000000
4547,0,248,-1,-1,2582,243,26,3,4,0.000000,0.000000,60,332,0,84,0,84,248,-1,-1,0.000000
4548,0,-1,-1,-1,-1,0,-1,-1,-1,-1.000000,-1.000000,200,0,0,0,0,0,-1,-1,-1,0.000000
4549,0,-1,-1,-1,-1,0,-1,-1,-1,-1.000000,-1.000000,147,0,0,0,0,0,-1,-1,-1,0.000000
4550,0,-1,-1,-1,-1,0,-1,-1,-1,-1.000000,-1.000000,276,0,0,0,0,0,-1,-1,-1,0.000000
4551,0,-1,-1,-1,-1,0,-1,-1,-1,-1.000000,-1.000000,265,0,0,0,0,0,-1,-1,-1,0.000000
4552,0,-1,-1,-1,-1,0,-1,-1,-1,-1.000000,-1.000000,56,0,0,0,0,0,-1,-1,-1,0.000000
4553,0,263,-1,-1,7350,0,26,3,2,0.000000,0.000000,87,7,0,2,0,2,263,-1,-1,0.000000
4554,0,-1,-1,-1,-1,0,-1,-1,-1,-1.000000,-1.000000,109,0,0,0,0,0,-1,-1,-1,0.000000
4555,0,-1,-1,-1,-1,0,-1,-1,-1,-1.000000,-1.000000,212,0,0,0,0,0,-1,-1,-1,0.000000
4556,0,-1,-1,-1,-1,0,-1,-1,-1,-1.000000,-1.000000,209,0,0,0,0,0,-1,-1,-1,0.000000
4557,0,-1,-1,-1,-1,0,-1,-1,-1,-1.000000,-1.000000,227,0,0,0,0,0,-1,-1,-1,0.000000
4558,0,449,-1,-1,2850,5,21,3,4,0.000000,0.000000,69,28,0,3,0,3,449,-1,-1,0.000000
4559,0,-1,-1,-1,-1,0,-1,-1,-1,-1.000000,-1.000000,365,0,0,0,0,0,-1,-1,-1,0.000000
4560,0,-1,-1,-1,-1,0,-1,-1,-1,-1.000000,-1.000000,123,0,0,0,0,0,-1,-1,-1,0.000000
4561,0,9,-1,-1,1305,651,68,3,2,0.000000,0.000000,25,747,0,238,0,238,9,-1,-1,0.000000
4562,0,-1,-1,-1,-1,0,-1,-1,-1,-1.000000,-1.000000,195,0,0,0,0,0,-1,-1,-1,0.000000
4563,0,29,-1,-1,2722,620,57,3,4,0.000000,0.000000,79,667,0,182,0,182,29,-1,-1,0.000000
4564,0,-1,-1,-1,-1,0,-1,-1,-1,-1.000000,-1.000000,189,0,0,0,0,0,-1,-1,-1,0.000000
4565,0,-1,-1,-1,-1,0,-1,-1,-1,-1.000000,-1.000000,429,0,0,0,0,0,-1,-1,-1,0.000000
4566,0,307,-1,-1,561,10,26,3,2,0.000000,0.000000,101,52,0,13,0,13,307,-1,-1,0.000000
4567,0,-1,-1,-1,-1,0,-1,-1,-1,-1.000000,-1.000000,420,0,0,0,0,0,-1,-1,-1,0.000000
4568,0,58,-1,-1,3617,635,46,3,2,0.000000,0.000000,57,667,0,148,0,148,58,-1,-1,0.000000
4569,0,-1,-1,-1,-1,0,-1,-1,-1,-1.000000,-1.000000,407,0,0,0,0,0,-1,-1,-1,0.000000
4570,0,-1,-1,-1,-1,0,-1,-1,-1,-1.000000,-1.000000,301,0,0,0,0,0,-1,-1,-1,0.000000
4571,0,-1,-1,-1,-1,0,-1,-1,-1,-1.000000,-1.000000,233,0,0,0,0,0,-1,-1,-1,0.000000
4572,0,-1,-1,-1,-1,0,-1,-1,-1,-1.000000,-1.000000,168,0,0,0,0,0,-1,-1,-1,0.000000
4573,0,-1,-1,-1,-1,0,-1,-1,-1,-1.000000,-1.000000,51,0,0,0,0,0,-1,-1,-1,0.000000
4574,0,-1,-1,-1,-1,0,-1,-1,-1,-1.000000,-1.000000,496,0,0,0,0,0,-1,-1,-1,0.000000
4575,0,-1,-1,-1,-1,0,-1,-1,-1,-1.000000,-1.000000,135,0,0,0,0,0,-1,-1,-1,0.000000
4576,0,-1,-1,-1,-1,0,-1,-1,-1,-1.000000,-1.000000,259,0,0,0,0,0,-1,-1,-1,0.000000
4577,0,-1,-1,-1,-1,0,-1,-1,-1,-1.000000,-1.000000,165,0,0,0,0,0,-1,-1,-1,0.000000
4578,0,-1,-1,-1,-1,0,-1,-1,-1,-1.000000,-1.000000,197,0,0,0,0,0,-1,-1,-1,0.000000
4579,0,-1,-1,-1,-1,0,-1,-1,-1,-1.000000,-1.000000,146,0,0,0,0,0,-1,-1,-1,0.000000
4580,0,-1,-1,-1,-1,0,-1,-1,-1,-1.000000,-1.000000,191,0,0,0,0,0,-1,-1,-1,0.000000
4581,0,531,-1,-1,2949,4,17,3,4,0.000000,0.000000,85,15,0,6,0,6,531,-1,-1,0.000000
4582,0,49,-1,-1,4375,5,50,3,2,0.000000,0.000000,61,8,0,3,0,3,49,-1,-1,0.000000
4583,0,-1,-1,-1,-1,0,-1,-1,-1,-1.000000,-1.000000,229,0,0,0,0,0,-1,-1,-1,0.000000
4584,0,-1,-1,-1,-1,0,-1,-1,-1,-1.000000,-1.000000,193,0,0,0,0,0,-1,-1,-1,0.000000
4585,0,-1,-1,-1,-1,0,-1,-1,-1,-1.000000,-1.000000,305,0,0,0,0,0,-1,-1,-1,0.000000
4586,0,-1,-1,-1,-1,0,-1,-1,-1,-1.000000,-1.000000,147,0,0,0,0,0,-1,-1,-1,0.000000
4587,0,-1,-1,-1,-1,0,-1,-1,-1,-1.000000,-1.000000,397,0,0,0,0,0,-1,-1,-1,0.000000
4588,0,104,-1,-1,368,73,37,3,4,0.000000,0.000000,83,101,0,42,0,42,104,-1,-1,0.000000
4589,0,-1,-1,-1,-1,0,-1,-1,-1,-1.000000,-1.000000,456,0,0,0,0,0,-1,-1,-1,0.000000
4590,0,-1,-1,-1,-1,0,-1,-1,-1,-1.000000,-1.000000,167,0,0,0,0,0,-1,-1,-1,0.000000
4591,0,-1,-1,-1,-1,0,-1,-1,-1,-1.000000,-1.000000,107,0,0,0,0,0,-1,-1,-1,0.000000
4592,0,-1,-1,-1,-1,0,-1,-1,-1,-1.000000,-1.000000,243,0,0,0,0,0,-1,-1,-1,0.000000
4593,0,-1,-1,-1,-1,0,-1,-1,-1,-1.000000,-1.000000,337,0,0,0,0,0,-1,-1,-1,0.000000
4594,0,-1,-1,-1,-1,0,-1,-1,-1,-1.000000,-1.000000,366,0,0,0,0,0,-1,-1,-1,0.000000
4595,0,-1,-1,-1,-1,0,-1,-1,-1,-1.000000,-1.000000,423,0,0,0,0,0,-1,-1,-1,0.000000
4596,0,-1,-1,-1,-1,0,-1,-1,-1,-1.000000,-1.000000,192,0,0,0,0,0,-1,-1,-1,0.000000
4597,0,-1,-1,-1,-1,0,-1,-1,-1,-1.000000,-1.000000,237,0,0,0,0,0,-1,-1,-1,0.000000
4598,0,-1,-1,-1,-1,0,-1,-1,-1,-1.000000,-1.000000,398,0,0,0,0,0,-1,-1,-1,0.000000
4599,0,-1,-1,-1,-1,0,-1,-1,-1,-1.000000,-1.000000,207,0,0,0,0,0,-1,-1,-1,0.000000
4600,0,-1,-1,-1,-1,0,-1,-1,-1,-1.000000,-1.000000,131,0,0,0,0,0,-1,-1,-1,0.000000
4601,0,-1,-1,-1,-1,0,-1,-1,-1,-1.000000,-1.000000,339,0,0,0,0,0,-1,-1,-1,0.000000
4602,0,-1,-1,-1,-1,0,-1,-1,-1,-1.000000,-1.000000,394,0,0,0,0,0,-1,-1,-1,0.000000
4603,0,-1,-1,-1,-1,0,-1,-1,-1,-1.000000,-1.000000,209,0,0,0,0,0,-1,-1,-1,0.000000
4604,0,-1,-1,-1,-1,0,-1,-1,-1,-1.000000,-1.000000,265,0,0,0,0,0,-1,-1,-1,0.000000
4605,0,-1,-1,-1,-1,0,-1,-1,-1,-1.000000,-1.000000,197,0,0,0,0,0,-1,-1,-1,0.000000
4606,0,24,-1,-1,3117,809,63,3,4,0.000000,0.000000,17,757,0,193,0,193,24,-1,-1,0.000000
4607,0,-1,-1,-1,-1,0,-1,-1,-1,-1.000000,-1.000000,353,0,0,0,0,0,-1,-1,-1,0.000000
4608,0,-1,-1,-1,-1,0,-1,-1,-1,-1.000000,-1.000000,383,0,0,0,0,0,-1,-1,-1,0.000000
4609,0,-1,-1,-1,-1,0,-1,-1,-1,-1.000000,-1.000000,86,0,0,0,0,0,-1,-1,-1,0.000000
4610,0,-1,-1,-1,-1,0,-1,-1,-1,-1.000000,-1.000000,165,0,0,0,0,0,-1,-1,-1,0.000000
4611,0,28,-1,-1,3430,478,57,3,4,0.000000,0.000000,79,629,0,101,0,101,28,-1,-1,0.000000
4612,0,-1,-1,-1,-1,0,-1,-1,-1,-1.000000,-1.000000,99,0,0,0,0,0,-1,-1,-1,0.000000
4613,0,49,-1,-1,4252,1,48,3,2,0.000000,0.000000,97,5,0,6,0,6,49,-1,-1,0.000000
4614,0,-1,-1,-1,-1,0,-1,-1,-1,-1.000000,-1.000000,451,0,0,0,0,0,-1,-1,-1,0.000000
4615,0,-1,-1,-1,-1,0,-1,-1,-1,-1.000000,-1.000000,145,0,0,0,0,0,-1,-1,-1,0.000000
4616,0,-1,-1,-1,-1,0,-1,-1,-1,-1.000000,-1.000000,235,0,0,0,0,0,-1,-1,-1,0.000000
4617,0,-1,-1,-1,-1,0,-1,-1,-1,-1.000000,-1.000000,175,0,0,0,0,0,-1,-1,-1,0.000000
4618,0,116,-1,-1,552,596,37,3,4,0.000000,0.000000,11,729,0,136,0,136,116,-1,-1,0.000000
4619,0,98,-1,-1,4549,7,40,3,2,0.000000,0.000000,77,36,0,12,0,12,98,-1,-1,0.000000
4620,0,28,-1,-1,4324,226,58,3,2,0.000000,0.000000,83,356,0,105,0,105,28,-1,-1,0.000000
4621,0,-1,-1,-1,-1,0,-1,-1,-1,-1.000000,-1.000000,337,0,0,0,0,0,-1,-1,-1,0.000000
4622,0,-1,-1,-1,-1,0,-1,-1,-1,-1.000000,-1.000000,240,0,0,0,0,0,-1,-1,-1,0.000000
4623,0,-1,-1,-1,-1,0,-1,-1,-1,-1.000000,-1.000000,508,0,0,0,0,0,-1,-1,-1,0.000000
4624,0,-1,-1,-1,-1,0,-1,-1,-1,-1.000000,-1.000000,285,0,0,0,0,0,-1,-1,-1,0.000000
4625,0,-1,-1,-1,-1,0,-1,-1,-1,-1.000000,-1.000000,433,0,0,0,0,0,-1,-1,-1,0.000000
4626,0,28,-1,-1,3772,107,58,3,2,0.000000,0.000000,67,226,0,54,0,54,28,-1,-1,0.000000
4627,0,-1,-1,-1,-1,0,-1,-1,-1,-1.000000,-1.000000,483,0,0,0,0,0,-1,-1,-1,0.000000
4628,0,-1,-1,-1,-1,0,-1,-1,-1,-1.000000,-1.000000,329,0,0,0,0,0,-1,-1,-1,0.000000
4629,0,-1,-1,-1,-1,0,-1,-1,-1,-1.000000,-1.000000,421,0,0,0,0,0,-1,-1,-1,0.000000
4630,0,24,-1,-1,2153,217,62,3,2,0.000000,0.000000,57,305,0,102,0,102,24,-1,-1,0.000000
4631,0,-1,-1,-1,-1,0,-1,-1,-1,-1.000000,-1.000000,341,0,0,0,0,0,-1,-1,-1,0.000000
4632,0,-1,-1,-1,-1,0,-1,-1,-1,-1.000000,-1.000000,203,0,0,0,0,0,-1,-1,-1,0.000000
4633,0,32,-1,-1,7772,399,56,3,2,0.000000,0.000000,83,533,0,90,0,90,32,-1,-1,0.000000
4634,0,-1,-1,-1,-1,0,-1,-1,-1,-1.000000,-1.000000,84,0,0,0,0,0,-1,-1,-1,0.000000
4635,0,-1,-1,-1,-1,0,-1,-1,-1,-1.000000,-1.000000,387,0,0,0,0,0,-1,-1,-1,0.000000
4636,0,-1,-1,-1,-1,0,-1,-1,-1,-1.000000,-1.000000,374,0,0,0,0,0,-1,-1,-1,0.000000
4637,0,-1,-1,-1,-1,0,-1,-1,-1,-1.000000,-1.000000,155,0,0,0,0,0,-1,-1,-1,0.000000
4638,0,-1,-1,-1,-1,0,-1,-1,-1,-1.000000,-1.000000,228,0,0,0,0,0,-1,-1,-1,0.000000
4639,0,-1,-1,-1,-1,0,-1,-1,-1,-1.000000,-1.000000,109,0,0,0,0,0,-1,-1,-1,0.000000
4640,0,-1,-1,-1,-1,0,-1,-1,-1,-1.000000,-1.000000,107,0,0,0,0,0,-1,-1,-1,0.000000
4641,0,-1,-1,-1,-1,0,-1,-1,-1,-1.000000,-1.000000,183,0,0,0,0,0,-1,-1,-1,0.000000
4642,0,-1,-1,-1,-1,0,-1,-1,-1,-1.000000,-1.000000,109,0,0,0,0,0,-1,-1,-1,0.000000
4643,0,48,-1,-1,7807,6,49,3,4,0.000000,0.000000,69,24,0,16,0,16,48,-1,-1,0.000000
4644,0,67,-1,-1,1648,130,45,3,4,0.000000,0.000000,55,197,0,56,0,56,67,-1,-1,0.000000
4645,0,-1,-1,-1,-1,0,-1,-1,-1,-1.000000,-1.000000,176,0,0,0,0,0,-1,-1,-1,0.000000
4646,0,43,-1,-1,6605,25,50,3,2,0.000000,0.000000,81,96,0,29,0,29,43,-1,-1,0.000000
4647,0,24,-1,-1,6718,630,64,3,2,0.000000,0.000000,49,734,0,112,0,112,24,-1,-1,0.000000
4648,0,22,-1,-1,5345,818,68,3,2,0.000000,0.000000,35,752,0,226,0,226,22,-1,-1,0.000000
4649,0,793,-1,-1,2582,0,16,3,4,0.000000,0.000000,58,7,0,0,0,0,793,-1,-1,0.000000
4650,0,21,-1,-1,5431,616,66,3,2,0.000000,0.000000,13,692,0,287,0,287,21,-1,-1,0.000000
4651,0,52,-1,-1,3796,678,48,3,2,0.000000,0.000000,13,852,0,81,0,81,52,-1,-1,0.000000
4652,0,-1,-1,-1,-1,0,-1,-1,-1,-1.000000,-1.000000,177,0,0,0,0,0,-1,-1,-1,0.000000
4653,0,-1,-1,-1,-1,0,-1,-1,-1,-1.000000,-1.000000,282,0,0,0,0,0,-1,-1,-1,0.000000
4654,0,24,-1,-1,1129,609,63,3,4,0.000000,0.000000,45,624,0,170,0,170,24,-1,-1,0.000000
4655,0,-1,-1,-1,-1,0,-1,-1,-1,-1.000000,-1.000000,464,0,0,0,0,0,-1,-1,-1,0.000000
4656,0,-1,-1,-1,-1,0,-1,-1,-1,-1.000000,-1.000000,490,0,0,0,0,0,-1,-1,-1,0.000000
4657,0,-1,-1,-1,-1,0,-1,-1,-1,-1.000000,-1.000000,79,0,0,0,0,0,-1,-1,-1,0.000000
4658,0,132,-1,-1,4801,0,38,3,2,0.000000,0.000000,89,2,0,1,0,1,132,-1,-1,0.000000
4659,0,64,-1,-1,2427,0,46,3,2,0.000000,0.000000,91,27,0,7,0,7,64,-1,-1,0.000000
4660,0,-1,-1,-1,-1,0,-1,-1,-1,-1.000000,-1.000000,370,0,0,0,0,0,-1,-1,-1,0.000000
4661,0,-1,-1,-1,-1,0,-1,-1,-1,-1.000000,-1.000000,137,0,0,0,0,0,-1,-1,-1,0.000000
4662,0,-1,-1,-1,-1,0,-1,-1,-1,-1.000000,-1.000000,249,0,0,0,0,0,-1,-1,-1,0.000000
4663,0,-1,-1,-1,-1,0,-1,-1,-1,-1.000000,-1.000000,113,0,0,0,0,0,-1,-1,-1,0.000000
4664,0,-1,-1,-1,-1,0,-1,-1,-1,-1.000000,-1.000000,127,0,0,0,0,0,-1,-1,-1,0.000000
4665,0,956,-1,-1,6306,0,12,3,4,0.000000,0.000000,112,1,0,0,0,0,956,-1,-1,0.000000
4666,0,24,-1,-1,5720,832,65,3,4,0.000000,0.000000,29,775,0,199,0,199,24,-1,-1,0.000000
4667,0,-1,-1,-1,-1,0,-1,-1,-1,-1.000000,-1.000000,525,0,0,0,0,0,-1,-1,-1,0.000000
4668,0,-1,-1,-1,-1,0,-1,-1,-1,-1.000000,-1.000000,410,0,0,0,0,0,-1,-1,-1,0.000000
4669,0,-1,-1,-1,-1,0,-1,-1,-1,-1.000000,-1.000000,137,0,0,0,0,0,-1,-1,-1,0.000000
4670,0,-1,-1,-1,-1,0,-1,-1,-1,-1.000000,-1.000000,209,0,0,0,0,0,-1,-1,-1,0.000000
4671,0,-1,-1,-1,-1,0,-1,-1,-1,-1.000000,-1.000000,171,0,0,0,0,0,-1,-1,-1,0.000000
4672,0,-1,-1,-1,-1,0,-1,-1,-1,-1.000000,-1.000000,103,0,0,0,0,0,-1,-1,-1,0.000000
4673,0,-1,-1,-1,-1,0,-1,-1,-1,-1.000000,-1.000000,111,0,0,0,0,0,-1,-1,-1,0.000000
4674,0,-1,-1,-1,-1,0,-1,-1,-1,-1.000000,-1.000000,247,0,0,0,0,0,-1,-1,-1,0.000000
4675,0,-1,-1,-1,-1,0,-1,-1,-1,-1.000000,-1.000000,191,0,0,0,0,0,-1,-1,-1,0.000000
4676,0,-1,-1,-1,-1,0,-1,-1,-1,-1.000000,-1.000000,231,0,0,0,0,0,-1,-1,-1,0.000000
4677,0,-1,-1,-1,-1,0,-1,-1,-1,-1.000000,-1.000000,129,0,0,0,0,0,-1,-1,-1,0.000000
4678,0,-1,-1,-1,-1,0,-1,-1,-1,-1.000000,-1.000000,363,0,0,0,0,0,-1,-1,-1,0.000000
4679,0,-1,-1,-1,-1,0,-1,-1,-1,-1.000000,-1.000000,199,0,0,0,0,0,-1,-1,-1,0.000000
4680,0,-1,-1,-1,-1,0,-1,-1,-1,-1.000000,-1.000000,201,0,0,0,0,0,-1,-1,-1,0.000000
4681,0,-1,-1,-1,-1,0,-1,-1,-1,-1.000000,-1.000000,157,0,0,0,0,0,-1,-1,-1,0.000000
4682,0,73,-1,-1,7144,1,44,3,2,0.000000,0.000000,91,0,0,2,0,2,73,-1,-1,0.000000
4683,0,-1,-1,-1,-1,0,-1,-1,-1,-1.000000,-1.000000,361,0,0,0,0,0,-1,-1,-1,0.000000
4684,0,-1,-1,-1,-1,0,-1,-1,-1,-1.000000,-1.000000,109,0,0,0,0,0,-1,-1,-1,0.000000
4685,0,-1,-1,-1,-1,0,-1,-1,-1,-1.000000,-1.000000,131,0,0,0,0,0,-1,-1,-1,0.000000
4686,0,175,-1,-1,1022,256,31,3,4,0.000000,0.000000,37,405,0,60,0,60,175,-1,-1,0.000000
4687,0,-1,-1,-1,-1,0,-1,-1,-1,-1.000000,-1.000000,109,0,0,0,0,0,-1,-1,-1,0.000000
4688,0,-1,-1,-1,-1,0,-1,-1,-1,-1.000000,-1.000000,101,0,0,0,0,0,-1,-1,-1,0.000000
4689,0,-1,-1,-1,-1,0,-1,-1,-1,-1.000000,-1.000000,195,0,0,0,0,0,-1,-1,-1,0.000000
4690,0,-1,-1,-1,-1,0,-1,-1,-1,-1.000000,-1.000000,422,0,0,0,0,0,-1,-1,-1,0.000000
4691,0,18,-1,-1,3620,664,68,3,2,0.000000,0.000000,11,808,0,171,0,171,18,-1,-1,0.000000
4692,0,-1,-1,-1,-1,0,-1,-1,-1,-1.000000,-1.000000,198,0,0,0,0,0,-1,-1,-1,0.000000
4693,0,-1,-1,-1,-1,0,-1,-1,-1,-1.000000,-1.000000,299,0,0,0,0,0,-1,-1,-1,0.000000
4694,0,33,-1,-1,7249,25,56,3,2,0.000000,0.000000,69,71,0,31,0,31,33,-1,-1,0.000000
4695,0,-1,-1,-1,-1,0,-1,-1,-1,-1.000000,-1.000000,256,0,0,0,0,0,-1,-1,-1,0.000000
4696,0,159,-1,-1,4829,468,33,3,4,0.000000,0.000000,67,609,0,98,0,98,159,-1,-1,0.000000
4697,0,18,-1,-1,4142,742,69,3,4,0.000000,0.000000,15,762,0,220,0,220,18,-1,-1,0.000000
4698,0,-1,-1,-1,-1,0,-1,-1,-1,-1.000000,-1.000000,308,0,0,0,0,0,-1,-1,-1,0.000000
4699,0,-1,-1,-1,-1,0,-1,-1,-1,-1.000000,-1.000000,153,0,0,0,0,0,-1,-1,-1,0.000000
4700,0,-1,-1,-1,-1,0,-1,-1,-1,-1.000000,-1.000000,133,0,0,0,0,0,-1,-1,-1,0.000000
4701,0,-1,-1,-1,-1,0,-1,-1,-1,-1.000000,-1.000000,121,0,0,0,0,0,-1,-1,-1,0.000000
4702,0,-1,-1,-1,-1,0,-1,-1,-1,-1.000000,-1.000000,401,0,0,0,0,0,-1,-1,-1,0.000000
4703,0,-1,-1,-1,-1,0,-1,-1,-1,-1.000000,-1.000000,403,0,0,0,0,0,-1,-1,-1,0.000000
4704,0,-1,-1,-1,-1,0,-1,-1,-1,-1.000000,-1.000000,182,0,0,0,0,0,-1,-1,-1,0.000000
4705,0,29,-1,-1,5455,690,59,3,4,0.000000,0.000000,51,778,0,118,0,118,29,-1,-1,0.000000
4706,0,-1,-1,-1,-1,0,-1,-1,-1,-1.000000,-1.000000,53,0,0,0,0,0,-1,-1,-1,0.000000
4707,0,-1,-1,-1,-1,0,-1,-1,-1,-1.000000,-1.000000,291,0,0,0,0,0,-1,-1,-1,0.000000
4708,0,-1,-1,-1,-1,0,-1,-1,-1,-1.000000,-1.000000,227,0,0,0,0,0,-1,-1,-1,0.000000
4709,0,-1,-1,-1,-1,0,-1,-1,-1,-1.000000,-1.000000,140,0,0,0,0,0,-1,-1,-1,0.000000
4710,0,-1,-1,-1,-1,0,-1,-1,-1,-1.000000,-1.000000,103,0,0,0,0,0,-1,-1,-1,0.000000
4711,0,-1,-1,-1,-1,0,-1,-1,-1,-1.000000,-1.000000,121,0,0,0,0,0,-1,-1,-1,0.000000
4712,0,22,-1,-1,287,815,67,3,4,0.000000,0.000000,31,779,0,198,0,198,22,-1,-1,0.000000
4713,0,-1,-1,-1,-1,0,-1,-1,-1,-1.000000,-1.000000,95,0,0,0,0,0,-1,-1,-1,0.000000
4714,0,-1,-1,-1,-1,0,-1,-1,-1,-1.000000,-1.000000,267,0,0,0,0,0,-1,-1,-1,0.000000
4715,0,-1,-1,-1,-1,0,-1,-1,-1,-1.000000,-1.000000,361,0,0,0,0,0,-1,-1,-1,0.000000
4716,0,9,-1,-1,5685,619,70,3,2,0.000000,0.000000,9,714,0,273,0,273,9,-1,-1,0.000000
4717,0,-1,-1,-1,-1,0,-1,-1,-1,-1.000000,-1.000000,113,0,0,0,0,0,-1,-1,-1,0.000000
4718,0,34,-1,-1,2493,8,53,3,4,0.000000,0.000000,85,24,0,3,0,3,34,-1,-1,0.000000
4719,0,-1,-1,-1,-1,0,-1,-1,-1,-1.000000,-1.000000,271,0,0,0,0,0,-1,-1,-1,0.000000
4720,0,-1,-1,-1,-1,0,-1,-1,-1,-1.000000,-1.000000,223,0,0,0,0,0,-1,-1,-1,0.000000
4721,0,-1,-1,-1,-1,0,-1,-1,-1,-1.000000,-1.000000,313,0,0,0,0,0,-1,-1,-1,0.000000
4722,0,-1,-1,-1,-1,0,-1,-1,-1,-1.000000,-1.000000,360,0,0,0,0,0,-1,-1,-1,0.000000
4723,0,-1,-1,-1,-1,0,-1,-1,-1,-1.000000,-1.000000,454,0,0,0,0,0,-1,-1,-1,0.000000
4724,0,-1,-1,-1,-1,0,-1,-1,-1,-1.000000,-1.000000,318,0,0,0,0,0,-1,-1,-1,0.000000
4725,0,39,-1,-1,6823,767,53,3,4,0.000000,0.000000,47,695,0,195,0,195,39,-1,-1,0.000000
4726,0,978,-1,-1,963,0,14,3,4,0.000000,0.000000,54,3,0,0,0,0,978,-1,-1,0.000000
4727,0,-1,-1,-1,-1,0,-1,-1,-1,-1.000000,-1.000000,208,0,0,0,0,0,-1,-1,-1,0.000000
4728,0,-1,-1,-1,-1,0,-1,-1,-1,-1.000000,-1.000000,377,0,0,0,0,0,-1,-1,-1,0.000000
4729,0,-1,-1,-1,-1,0,-1,-1,-1,-1.000000,-1.000000,183,0,0,0,0,0,-1,-1,-1,0.000000
4730,0,-1,-1,-1,-1,0,-1,-1,-1,-1.000000,-1.000000,262,0,0,0,0,0,-1,-1,-1,0.000000
4731,0,-1,-1,-1,-1,0,-1,-1,-1,-1.000000,-1.000000,362,0,0,0,0,0,-1,-1,-1,0.000000
4732,0,18,-1,-1,5477,653,68,3,2,0.000000,0.000000,21,736,0,245,0,245,18,-1,-1,0.000000
4733,0,-1,-1,-1,-1,0,-1,-1,-1,-1.000000,-1.000000,155,0,0,0,0,0,-1,-1,-1,0.000000
4734,0,-1,-1,-1,-1,0,-1,-1,-1,-1.000000,-1.000000,319,0,0,0,0,0,-1,-1,-1,0.000000
4735,0,-1,-1,-1,-1,0,-1,-1,-1,-1.000000,-1.000000,224,0,0,0,0,0,-1,-1,-1,0.000000
4736,0,32,-1,-1,2022,407,55,3,4,0.000000,0.000000,53,471,0,176,0,176,32,-1,-1,0.000000
4737,0,-1,-1,-1,-1,0,-1,-1,-1,-1.000000,-1.000000,130,0,0,0,0,0,-1,-1,-1,0.000000
4738,0,-1,-1,-1,-1,0,-1,-1,-1,-1.000000,-1.000000,185,0,0,0,0,0,-1,-1,-1,0.000000
4739,0,-1,-1,-1,-1,0,-1,-1,-1,-1.000000,-1.000000,87,0,0,0,0,0,-1,-1,-1,0.000000
4740,0,50,-1,-1,7853,28,49,3,4,0.000000,0.000000,67,101,0,28,0,28,50,-1,-1,0.000000
4741,0,-1,-1,-1,-1,0,-1,-1,-1,-1.000000,-1.000000,447,0,0,0,0,0,-1,-1,-1,0.000000
4742,0,-1,-1,-1,-1,0,-1,-1,-1,-1.000000,-1.000000,278,0,0,0,0,0,-1,-1,-1,0.000000
4743,0,-1,-1,-1,-1,0,-1,-1,-1,-1.000000,-1.000000,197,0,0,0,0,0,-1,-1,-1,0.000000
4744,0,23,-1,-1,3700,642,67,3,4,0.000000,0.000000,41,736,0,134,0,134,23,-1,-1,0.000000
4745,0,-1,-1,-1,-1,0,-1,-1,-1,-1.000000,-1.000000,321,0,0,0,0,0,-1,-1,-1,0.000000
4746,0,-1,-1,-1,-1,0,-1,-1,-1,-1.000000,-1.000000,232,0,0,0,0,0,-1,-1,-1,0.000000
4747,0,-1,-1,-1,-1,0,-1,-1,-1,-1.000000,-1.000000,159,0,0,0,0,0,-1,-1,-1,0.000000
4748,0,-1,-1,-1,-1,0,-1,-1,-1,-1.000000,-1.000000,175,0,0,0,0,0,-1,-1,-1,0.000000
4749,0,-1,-1,-1,-1,0,-1,-1,-1,-1.000000,-1.000000,97,0,0,0,0,0,-1,-1,-1,0.000000
4750,0,-1,-1,-1,-1,0,-1,-1,-1,-1.000000,-1.000000,387,0,0,0,0,0,-1,-1,-1,0.000000
4751,0,-1,-1,-1,-1,0,-1,-1,-1,-1.000000,-1.000000,123,0,0,0,0,0,-1,-1,-1,0.000000
4752,0,-1,-1,-1,-1,0,-1,-1,-1,-1.000000,-1.000000,277,0,0,0,0,0,-1,-1,-1,0.000000
4753,0,-1,-1,-1,-1,0,-1,-1,-1,-1.000000,-1.000000,499,0,0,0,0,0,-1,-1,-1,0.000000
4754,0,-1,-1,-1,-1,0,-1,-1,-1,-1.000000,-1.000000,165,0,0,0,0,0,-1,-1,-1,0.000000
4755,0,-1,-1,-1,-1,0,-1,-1,-1,-1.000000,-1.000000,111,0,0,0,0,0,-1,-1,-1,0.000000
4756,0,-1,-1,-1,-1,0,-1,-1,-1,-1.000000,-1.000000,209,0,0,0,0,0,-1,-1,-1,0.000000
4757,0,-1,-1,-1,-1,0,-1,-1,-1,-1.000000,-1.000000,139,0,0,0,0,0,-1,-1,-1,0.000000
4758,0,-1,-1,-1,-1,0,-1,-1,-1,-1.000000,-1.000000,219,0,0,0,0,0,-1,-1,-1,0.000000
4759,0,-1,-1,-1,-1,0,-1,-1,-1,-1.000000,-1.000000,517,0,0,0,0,0,-1,-1,-1,0.000000
4760,0,-1,-1,-1,-1,0,-1,-1,-1,-1.000000,-1.000000,222,0,0,0,0,0,-1,-1,-1,0.000000
4761,0,-1,-1,-1,-1,0,-1,-1,-1,-1.000000,-1.000000,391,0,0,0,0,0,-1,-1,-1,0.000000
4762,0,-1,-1,-1,-1,0,-1,-1,-1,-1.000000,-1.000000,193,0,0,0,0,0,-1,-1,-1,0.000000
4763,0,-1,-1,-1,-1,0,-1,-1,-1,-1.000000,-1.000000,269,0,0,0,0,0,-1,-1,-1,0.000000
4764,0,-1,-1,-1,-1,0,-1,-1,-1,-1.000000,-1.000000,429,0,0,0,0,0,-1,-1,-1,0.000000
4765,0,-1,-1,-1,-1,0,-1,-1,-1,-1.000000,-1.000000,291,0,0,0,0,0,-1,-1,-1,0.000000
4766,0,-1,-1,-1,-1,0,-1,-1,-1,-1.000000,-1.000000,321,0,0,0,0,0,-1,-1,-1,0.000000
4767,0,-1,-1,-1,-1,0,-1,-1,-1,-1.000000,-1.000000,103,0,0,0,0,0,-1,-1,-1,0.000000
4768,0,29,-1,-1,6237,25,57,3,4,0.000000,0.000000,67,66,0,15,0,15,29,-1,-1,0.000000
4769,0,-1,-1,-1,-1,0,-1,-1,-1,-1.000000,-1.000000,71,0,0,0,0,0,-1,-1,-1,0.000000
4770,0,-1,-1,-1,-1,0,-1,-1,-1,-1.000000,-1.000000,209,0,0,0,0,0,-1,-1,-1,0.000000
4771,0,-1,-1,-1,-1,0,-1,-1,-1,-1.000000,-1.000000,251,0,0,0,0,0,-1,-1,-1,0.000000
4772,0,-1,-1,-1,-1,0,-1,-1,-1,-1.000000,-1.000000,157,0,0,0,0,0,-1,-1,-1,0.000000
4773,0,-1,-1,-1,-1,0,-1,-1,-1,-1.000000,-1.000000,215,0,0,0,0,0,-1,-1,-1,0.000000
4774,0,-1,-1,-1,-1,0,-1,-1,-1,-1.000000,-1.000000,139,0,0,0,0,0,-1,-1,-1,0.000000
4775,0,36,-1,-1,1410,290,52,3,2,0.000000,0.000000,65,374,0,114,0,114,36,-1,-1,0.000000
4776,0,565,-1,-1,5790,0,17,3,4,0.000000,0.000000,89,1,0,0,0,0,565,-1,-1,0.000000
4777,0,-1,-1,-1,-1,0,-1,-1,-1,-1.000000,-1.000000,187,0,0,0,0,0,-1,-1,-1,0.000000
4778,0,38,-1,-1,1980,10,51,3,4,0.000000,0.000000,69,34,0,17,0,17,38,-1,-1,0.000000
4779,0,-1,-1,-1,-1,0,-1,-1,-1,-1.000000,-1.000000,309,0,0,0,0,0,-1,-1,-1,0.000000
4780,0,-1,-1,-1,-1,0,-1,-1,-1,-1.000000,-1.000000,203,0,0,0,0,0,-1,-1,-1,0.000000
4781,0,-1,-1,-1,-1,0,-1,-1,-1,-1.000000,-1.000000,338,0,0,0,0,0,-1,-1,-1,0.000000
4782,0,-1,-1,-1,-1,0,-1,-1,-1,-1.000000,-1.000000,340,0,0,0,0,0,-1,-1,-1,0.000000
4783,0,-1,-1,-1,-1,0,-1,-1,-1,-1.000000,-1.000000,229,0,0,0,0,0,-1,-1,-1,0.000000
4784,0,-1,-1,-1,-1,0,-1,-1,-1,-1.000000,-1.000000,177,0,0,0,0,0,-1,-1,-1,0.000000
4785,0,-1,-1,-1,-1,0,-1,-1,-1,-1.000000,-1.000000,275,0,0,0,0,0,-1,-1,-1,0.000000
4786,0,63,-1,-1,4297,6,45,3,4,0.000000,0.000000,81,26,0,5,0,5,63,-1,-1,0.000000
4787,0,-1,-1,-1,-1,0,-1,-1,-1,-1.000000,-1.000000,209,0,0,0,0,0,-1,-1,-1,0.000000
4788,0,-1,-1,-1,-1,0,-1,-1,-1,-1.000000,-1.000000,304,0,0,0,0,0,-1,-1,-1,0.000000
4789,0,-1,-1,-1,-1,0,-1,-1,-1,-1.000000,-1.000000,458,0,0,0,0,0,-1,-1,-1,0.000000
4790,0,-1,-1,-1,-1,0,-1,-1,-1,-1.000000,-1.000000,360,0,0,0,0,0,-1,-1,-1,0.000000
4791,0,-1,-1,-1,-1,0,-1,-1,-1,-1.000000,-1.000000,131,0,0,0,0,0,-1,-1,-1,0.000000
4792,0,-1,-1,-1,-1,0,-1,-1,-1,-1.000000,-1.000000,380,0,0,0,0,0,-1,-1,-1,0.000000
4793,0,-1,-1,-1,-1,0,-1,-1,-1,-1.000000,-1.000000,331,0,0,0,0,0,-1,-1,-1,0.000000
4794,0,-1,-1,-1,-1,0,-1,-1,-1,-1.000000,-1.000000,173,0,0,0,0,0,-1,-1,-1,0.000000
4795,0,24,-1,-1,7980,310,63,3,4,0.000000,0.000000,43,420,0,123,0,123,24,-1,-1,0.000000
4796,0,-1,-1,-1,-1,0,-1,-1,-1,-1.000000,-1.000000,288,0,0,0,0,0,-1,-1,-1,0.000000
4797,0,33,-1,-1,4571,13,57,3,4,0.000000,0.000000,65,46,0,16,0,16,33,-1,-1,0.000000
4798,0,-1,-1,-1,-1,0,-1,-1,-1,-1.000000,-1.000000,259,0,0,0,0,0,-1,-1,-1,0.000000
4799,0,24,-1,-1,1082,699,62,3,2,0.000000,0.000000,47,729,0,206,0,206,24,-1,-1,0.000000
4800,0,26,-1,-1,6717,807,61,3,4,0.000000,0.000000,15,766,0,207,0,207,26,-1,-1,0.000000
4801,0,-1,-1,-1,-1,0,-1,-1,-1,-1.000000,-1.000000,330,0,0,0,0,0,-1,-1,-1,0.000000
4802,0,-1,-1,-1,-1,0,-1,-1,-1,-1.000000,-1.000000,339,0,0,0,0,0,-1,-1,-1,0.000000
4803,0,-1,-1,-1,-1,0,-1,-1,-1,-1.000000,-1.000000,127,0,0,0,0,0,-1,-1,-1,0.000000
4804,0,-1,-1,-1,-1,0,-1,-1,-1,-1.000000,-1.000000,248,0,0,0,0,0,-1,-1,-1,0.000000
4805,0,-1,-1,-1,-1,0,-1,-1,-1,-1.000000,-1.000000,109,0,0,0,0,0,-1,-1,-1,0.000000
4806,0,-1,-1,-1,-1,0,-1,-1,-1,-1.000000,-1.000000,95,0,0,0,0,0,-1,-1,-1,0.000000
4807,0,-1,-1,-1,-1,0,-1,-1,-1,-1.000000,-1.000000,195,0,0,0,0,0,-1,-1,-1,0.000000
4808,0,80,-1,-1,2575,344,40,3,2,0.000000,0.000000,39,480,0,63,0,63,80,-1,-1,0.000000
4809,0,-1,-1,-1,-1,0,-1,-1,-1,-1.000000,-1.000000,362,0,0,0,0,0,-1,-1,-1,0.000000
4810,0,-1,-1,-1,-1,0,-1,-1,-1,-1.000000,-1.000000,309,0,0,0,0,0,-1,-1,-1,0.000000
4811,0,766,-1,-1,2135,0,16,3,2,0.000000,0.000000,35,9,0,0,0,0,766,-1,-1,0.000000
4812,0,-1,-1,-1,-1,0,-1,-1,-1,-1.000000,-1.000000,199,0,0,0,0,0,-1,-1,-1,0.000000
4813,0,35,-1,-1,5791,8,52,3,2,0.000000,0.000000,57,16,0,9,0,9,35,-1,-1,0.000000
4814,0,-1,-1,-1,-1,0,-1,-1,-1,-1.000000,-1.000000,409,0,0,0,0,0,-1,-1,-1,0.000000
4815,0,43,-1,-1,6493,167,52,3,2,0.000000,0.000000,91,289,0,99,0,99,43,-1,-1,0.000000
4816,0,-1,-1,-1,-1,0,-1,-1,-1,-1.000000,-1.000000,81,0,0,0,0,0,-1,-1,-1,0.000000
4817,0,-1,-1,-1,-1,0,-1,-1,-1,-1.000000,-1.000000,255,0,0,0,0,0,-1,-1,-1,0.000000
4818,0,-1,-1,-1,-1,0,-1,-1,-1,-1.000000,-1.000000,186,0,0,0,0,0,-1,-1,-1,0.000000
4819,0,-1,-1,-1,-1,0,-1,-1,-1,-1.000000,-1.000000,289,0,0,0,0,0,-1,-1,-1,0.000000
4820,0,-1,-1,-1,-1,0,-1,-1,-1,-1.000000,-1.000000,247,0,0,0,0,0,-1,-1,-1,0.000000
4821,0,-1,-1,-1,-1,0,-1,-1,-1,-1.000000,-1.000000,375,0,0,0,0,0,-1,-1,-1,0.000000
4822,0,-1,-1,-1,-1,0,-1,-1,-1,-1.000000,-1.000000,387,0,0,0,0,0,-1,-1,-1,0.000000
4823,0,28,-1,-1,85,686,60,3,2,0.000000,0.000000,65,689,0,179,0,179,28,-1,-1,0.000000
4824,0,-1,-1,-1,-1,0,-1,-1,-1,-1.000000,-1.000000,121,0,0,0,0,0,-1,-1,-1,0.000000
4825,0,-1,-1,-1,-1,0,-1,-1,-1,-1.000000,-1.000000,308,0,0,0,0,0,-1,-1,-1,0.000000
4826,0,-1,-1,-1,-1,0,-1,-1,-1,-1.000000,-1.000000,254,0,0,0,0,0,-1,-1,-1,0.000000
4827,0,30,-1,-1,5955,47,56,3,2,0.000000,0.000000,75,136,0,26,0,26,30,-1,-1,0.000000
4828,0,-1,-1,-1,-1,0,-1,-1,-1,-1.000000,-1.000000,208,0,0,0,0,0,-1,-1,-1,0.000000
4829,0,-1,-1,-1,-1,0,-1,-1,-1,-1.000000,-1.000000,199,0,0,0,0,0,-1,-1,-1,0.000000
4830,0,-1,-1,-1,-1,0,-1,-1,-1,-1.000000,-1.000000,145,0,0,0,0,0,-1,-1,-1,0.000000
4831,0,-1,-1,-1,-1,0,-1,-1,-1,-1.000000,-1.000000,401,0,0,0,0,0,-1,-1,-1,0.000000
4832,0,-1,-1,-1,-1,0,-1,-1,-1,-1.000000,-1.000000,411,0,0,0,0,0,-1,-1,-1,0.000000
4833,0,-1,-1,-1,-1,0,-1,-1,-1,-1.000000,-1.000000,303,0,0,0,0,0,-1,-1,-1,0.000000
4834,0,-1,-1,-1,-1,0,-1,-1,-1,-1.000000,-1.000000,205,0,0,0,0,0,-1,-1,-1,0.000000
4835,0,801,-1,-1,40,1,15,3,4,0.000000,0.000000,97,15,0,0,0,0,801,-1,-1,0.000000
4836,0,-1,-1,-1,-1,0,-1,-1,-1,-1.000000,-1.000000,267,0,0,0,0,0,-1,-1,-1,0.000000
4837,0,39,-1,-1,4314,278,53,3,4,0.000000,0.000000,65,394,0,126,0,126,39,-1,-1,0.000000
4838,0,-1,-1,-1,-1,0,-1,-1,-1,-1.000000,-1.000000,419,0,0,0,0,0,-1,-1,-1,0.000000
4839,0,-1,-1,-1,-1,0,-1,-1,-1,-1.000000,-1.000000,265,0,0,0,0,0,-1,-1,-1,0.000000
4840,0,-1,-1,-1,-1,0,-1,-1,-1,-1.000000,-1.000000,476,0,0,0,0,0,-1,-1,-1,0.000000
4841,0,-1,-1,-1,-1,0,-1,-1,-1,-1.000000,-1.000000,520,0,0,0,0,0,-1,-1,-1,0.000000
4842,0,436,-1,-1,3366,0,19,3,4,0.000000,0.000000,79,5,0,2,0,2,436,-1,-1,0.000000
4843,0,-1,-1,-1,-1,0,-1,-1,-1,-1.000000,-1.000000,213,0,0,0,0,0,-1,-1,-1,0.000000
4844,0,22,-1,-1,6048,621,67,3,4,0.000000,0.000000,23,794,0,182,0,182,22,-1,-1,0.000000
4845,0,-1,-1,-1,-1,0,-1,-1,-1,-1.000000,-1.000000,133,0,0,0,0,0,-1,-1,-1,0.000000
4846,0,-1,-1,-1,-1,0,-1,-1,-1,-1.000000,-1.000000,388,0,0,0,0,0,-1,-1,-1,0.000000
4847,0,-1,-1,-1,-1,0,-1,-1,-1,-1.000000,-1.000000,251,0,0,0,0,0,-1,-1,-1,0.000000
4848,0,-1,-1,-1,-1,0,-1,-1,-1,-1.000000,-1.000000,149,0,0,0,0,0,-1,-1,-1,0.000000
4849,0,-1,-1,-1,-1,0,-1,-1,-1,-1.000000,-1.000000,437,0,0,0,0,0,-1,-1,-1,0.000000
4850,0,-1,-1,-1,-1,0,-1,-1,-1,-1.000000,-1.000000,232,0,0,0,0,0,-1,-1,-1,0.000000
4851,0,97,-1,-1,756,146,38,3,2,0.000000,0.000000,63,282,0,57,0,57,97,-1,-1,0.000000
4852,0,-1,-1,-1,-1,0,-1,-1,-1,-1.000000,-1.000000,341,0,0,0,0,0,-1,-1,-1,0.000000
4853,0,-1,-1,-1,-1,0,-1,-1,-1,-1.000000,-1.000000,446,0,0,0,0,0,-1,-1,-1,0.000000
4854,0,-1,-1,-1,-1,0,-1,-1,-1,-1.000000,-1.000000,398,0,0,0,0,0,-1,-1,-1,0.000000
4855,0,50,-1,-1,107,2,47,3,4,0.000000,0.000000,63,10,0,0,0,0,50,-1,-1,0.000000
4856,0,-1,-1,-1,-1,0,-1,-1,-1,-1.000000,-1.000000,327,0,0,0,0,0,-1,-1,-1,0.000000
4857,0,-1,-1,-1,-1,0,-1,-1,-1,-1.000000,-1.000000,204,0,0,0,0,0,-1,-1,-1,0.000000
4858,0,-1,-1,-1,-1,0,-1,-1,-1,-1.000000,-1.000000,242,0,0,0,0,0,-1,-1,-1,0.000000
4859,0,-1,-1,-1,-1,0,-1,-1,-1,-1.000000,-1.000000,118,0,0,0,0,0,-1,-1,-1,0.000000
4860,0,-1,-1,-1,-1,0,-1,-1,-1,-1.000000,-1.000000,321,0,0,0,0,0,-1,-1,-1,0.000000
4861,0,-1,-1,-1,-1,0,-1,-1,-1,-1.000000,-1.000000,336,0,0,0,0,0,-1,-1,-1,0.000000
4862,0,104,-1,-1,6370,649,39,3,4,0.000000,0.000000,25,688,0,99,0,99,104,-1,-1,0.000000
4863,0,-1,-1,-1,-1,0,-1,-1,-1,-1.000000,-1.000000,405,0,0,0,0,0,-1,-1,-1,0.000000
4864,0,-1,-1,-1,-1,0,-1,-1,-1,-1.000000,-1.000000,173,0,0,0,0,0,-1,-1,-1,0.000000
4865,0,61,-1,-1,3405,18,46,3,2,0.000000,0.000000,89,77,0,24,0,24,61,-1,-1,0.000000
4866,0,-1,-1,-1,-1,0,-1,-1,-1,-1.000000,-1.000000,291,0,0,0,0,0,-1,-1,-1,0.000000
4867,0,-1,-1,-1,-1,0,-1,-1,-1,-1.000000,-1.000000,311,0,0,0,0,0,-1,-1,-1,0.000000
4868,0,-1,-1,-1,-1,0,-1,-1,-1,-1.000000,-1.000000,237,0,0,0,0,0,-1,-1,-1,0.000000
4869,0,-1,-1,-1,-1,0,-1,-1,-1,-1.000000,-1.000000,403,0,0,0,0,0,-1,-1,-1,0.000000
4870,0,-1,-1,-1,-1,0,-1,-1,-1,-1.000000,-1.000000,131,0,0,0,0,0,-1,-1,-1,0.000000
4871,0,-1,-1,-1,-1,0,-1,-1,-1,-1.000000,-1.000000,138,0,0,0,0,0,-1,-1,-1,0.000000
4872,0,-1,-1,-1,-1,0,-1,-1,-1,-1.000000,-1.000000,215,0,0,0,0,0,-1,-1,-1,0.000000
4873,0,-1,-1,-1,-1,0,-1,-1,-1,-1.000000,-1.000000,171,0,0,0,0,0,-1,-1,-1,0.000000
4874,0,108,-1,-1,3884,729,39,3,4,0.000000,0.000000,31,708,0,147,0,147,108,-1,-1,0.000000
4875,0,64,-1,-1,7575,0,44,3,2,0.000000,0.000000,97,2,0,0,0,0,64,-1,-1,0.000000
4876,0,-1,-1,-1,-1,0,-1,-1,-1,-1.000000,-1.000000,297,0,0,0,0,0,-1,-1,-1,0.000000
4877,0,-1,-1,-1,-1,0,-1,-1,-1,-1.000000,-1.000000,173,0,0,0,0,0,-1,-1,-1,0.000000
4878,0,-1,-1,-1,-1,0,-1,-1,-1,-1.000000,-1.000000,205,0,0,0,0,0,-1,-1,-1,0.000000
4879,0,-1,-1,-1,-1,0,-1,-1,-1,-1.000000,-1.000000,456,0,0,0,0,0,-1,-1,-1,0.000000
4880,0,-1,-1,-1,-1,0,-1,-1,-1,-1.000000,-1.000000,137,0,0,0,0,0,-1,-1,-1,0.000000
4881,0,-1,-1,-1,-1,0,-1,-1,-1,-1.000000,-1.000000,309,0,0,0,0,0,-1,-1,-1,0.000000
4882,0,24,-1,-1,4177,436,64,3,2,0.000000,0.000000,55,513,0,122,0,122,24,-1,-1,0.000000
4883,0,562,-1,-1,2263,251,19,3,2,0.000000,0.000000,38,287,0,46,0,46,562,-1,-1,0.000000
4884,0,22,-1,-1,5623,695,66,3,2,0.000000,0.000000,13,833,0,145,0,145,22,-1,-1,0.000000
4885,0,-1,-1,-1,-1,0,-1,-1,-1,-1.000000,-1.000000,227,0,0,0,0,0,-1,-1,-1,0.000000
4886,0,-1,-1,-1,-1,0,-1,-1,-1,-1.000000,-1.000000,327,0,0,0,0,0,-1,-1,-1,0.000000
4887,0,-1,-1,-1,-1,0,-1,-1,-1,-1.000000,-1.000000,101,0,0,0,0,0,-1,-1,-1,0.000000
4888,0,-1,-1,-1,-1,0,-1,-1,-1,-1.000000,-1.000000,105,0,0,0,0,0,-1,-1,-1,0.000000
4889,0,23,-1,-1,7538,735,64,3,2,0.000000,0.000000,21,752,0,225,0,225,23,-1,-1,0.000000
4890,0,-1,-1,-1,-1,0,-1,-1,-1,-1.000000,-1.000000,298,0,0,0,0,0,-1,-1,-1,0.000000
4891,0,-1,-1,-1,-1,0,-1,-1,-1,-1.000000,-1.000000,219,0,0,0,0,0,-1,-1,-1,0.000000
4892,0,-1,-1,-1,-1,0,-1,-1,-1,-1.000000,-1.000000,125,0,0,0,0,0,-1,-1,-1,0.000000
4893,0,-1,-1,-1,-1,0,-1,-1,-1,-1.000000,-1.000000,311,0,0,0,0,0,-1,-1,-1,0.000000
4894,0,35,-1,-1,291,32,53,3,4,0.000000,0.000000,57,79,0,30,0,30,35,-1,-1,0.000000
4895,0,-1,-1,-1,-1,0,-1,-1,-1,-1.000000,-1.000000,293,0,0,0,0,0,-1,-1,-1,0.000000
4896,0,-1,-1,-1,-1,0,-1,-1,-1,-1.000000,-1.000000,89,0,0,0,0,0,-1,-1,-1,0.000000
4897,0,-1,-1,-1,-1,0,-1,-1,-1,-1.000000,-1.000000,420,0,0,0,0,0,-1,-1,-1,0.000000
4898,0,78,-1,-1,4067,79,41,3,4,0.000000,0.000000,77,169,0,68,0,68,78,-1,-1,0.000000
4899,0,-1,-1,-1,-1,0,-1,-1,-1,-1.000000,-1.000000,266,0,0,0,0,0,-1,-1,-1,0.000000
4900,0,-1,-1,-1,-1,0,-1,-1,-1,-1.000000,-1.000000,268,0,0,0,0,0,-1,-1,-1,0.000000
4901,0,-1,-1,-1,-1,0,-1,-1,-1,-1.000000,-1.000000,281,0,0,0,0,0,-1,-1,-1,0.000000
4902,0,-1,-1,-1,-1,0,-1,-1,-1,-1.000000,-1.000000,432,0,0,0,0,0,-1,-1,-1,0.000000
4903,0,-1,-1,-1,-1,0,-1,-1,-1,-1.000000,-1.000000,129,0,0,0,0,0,-1,-1,-1,0.000000
4904,0,-1,-1,-1,-1,0,-1,-1,-1,-1.000000,-1.000000,150,0,0,0,0,0,-1,-1,-1,0.000000
4905,0,-1,-1,-1,-1,0,-1,-1,-1,-1.000000,-1.000000,178,0,0,0,0,0,-1,-1,-1,0.000000
4906,0,29,-1,-1,6593,68,57,3,4,0.000000,0.000000,59,137,0,42,0,42,29,-1,-1,0.000000
4907,0,-1,-1,-1,-1,0,-1,-1,-1,-1.000000,-1.000000,476,0,0,0,0,0,-1,-1,-1,0.000000
4908,0,10,-1,-1,6821,652,68,3,2,0.000000,0.000000,35,747,0,238,0,238,10,-1,-1,0.000000
4909,0,68,-1,-1,2589,61,44,3,4,0.000000,0.000000,78,144,0,46,0,46,68,-1,-1,0.000000
4910,0,-1,-1,-1,-1,0,-1,-1,-1,-1.000000,-1.000000,82,0,0,0,0,0,-1,-1,-1,0.000000
4911,0,-1,-1,-1,-1,0,-1,-1,-1,-1.000000,-1.000000,346,0,0,0,0,0,-1,-1,-1,0.000000
4912,0,-1,-1,-1,-1,0,-1,-1,-1,-1.000000,-1.000000,373,0,0,0,0,0,-1,-1,-1,0.000000
4913,0,26,-1,-1,7448,790,60,3,2,0.000000,0.000000,59,715,0,246,0,246,26,-1,-1,0.000000
4914,0,28,-1,-1,1244,130,60,3,2,0.000000,0.000000,51,215,0,70,0,70,28,-1,-1,0.000000
4915,0,-1,-1,-1,-1,0,-1,-1,-1,-1.000000,-1.000000,133,0,0,0,0,0,-1,-1,-1,0.000000
4916,0,-1,-1,-1,-1,0,-1,-1,-1,-1.000000,-1.000000,150,0,0,0,0,0,-1,-1,-1,0.000000
4917,0,-1,-1,-1,-1,0,-1,-1,-1,-1.000000,-1.000000,301,0,0,0,0,0,-1,-1,-1,0.000000
4918,0,-1,-1,-1,-1,0,-1,-1,-1,-1.000000,-1.000000,341,0,0,0,0,0,-1,-1,-1,0.000000
4919,0,-1,-1,-1,-1,0,-1,-1,-1,-1.000000,-1.000000,183,0,0,0,0,0,-1,-1,-1,0.000000
4920,0,108,-1,-1,6521,50,37,3,2,0.000000,0.000000,86,129,0,37,0,37,108,-1,-1,0.000000
4921,0,-1,-1,-1,-1,0,-1,-1,-1,-1.000000,-1.000000,343,0,0,0,0,0,-1,-1,-1,0.000000
4922,0,-1,-1,-1,-1,0,-1,-1,-1,-1.000000,-1.000000,197,0,0,0,0,0,-1,-1,-1,0.000000
4923,0,-1,-1,-1,-1,0,-1,-1,-1,-1.000000,-1.000000,263,0,0,0,0,0,-1,-1,-1,0.000000
4924,0,74,-1,-1,2088,58,42,3,2,0.000000,0.000000,63,108,0,56,0,56,74,-1,-1,0.000000
4925,0,-1,-1,-1,-1,0,-1,-1,-1,-1.000000,-1.000000,335,0,0,0,0,0,-1,-1,-1,0.000000
4926,0,-1,-1,-1,-1,0,-1,-1,-1,-1.000000,-1.000000,308,0,0,0,0,0,-1,-1,-1,0.000000
4927,0,-1,-1,-1,-1,0,-1,-1,-1,-1.000000,-1.000000,304,0,0,0,0,0,-1,-1,-1,0.000000
4928,0,-1,-1,-1,-1,0,-1,-1,-1,-1.000000,-1.000000,155,0,0,0,0,0,-1,-1,-1,0.000000
4929,0,-1,-1,-1,-1,0,-1,-1,-1,-1.000000,-1.000000,143,0,0,0,0,0,-1,-1,-1,0.000000
4930,0,306,-1,-1,3884,1,26,3,4,0.000000,0.000000,106,9,0,1,0,1,306,-1,-1,0.000000
4931,0,22,-1,-1,2216,824,68,3,2,0.000000,0.000000,21,768,0,209,0,209,22,-1,-1,0.000000
4932,0,-1,-1,-1,-1,0,-1,-1,-1,-1.000000,-1.000000,199,0,0,0,0,0,-1,-1,-1,0.000000
4933,0,32,-1,-1,4142,87,55,3,4,0.000000,0.000000,63,155,0,51,0,51,32,-1,-1,0.000000
4934,0,-1,-1,-1,-1,0,-1,-1,-1,-1.000000,-1.000000,309,0,0,0,0,0,-1,-1,-1,0.000000
4935,0,-1,-1,-1,-1,0,-1,-1,-1,-1.000000,-1.000000,210,0,0,0,0,0,-1,-1,-1,0.000000
4936,0,24,-1,-1,137,566,64,3,2,0.000000,0.000000,45,593,0,143,0,143,24,-1,-1,0.000000
4937,0,-1,-1,-1,-1,0,-1,-1,-1,-1.000000,-1.000000,259,0,0,0,0,0,-1,-1,-1,0.000000
4938,0,23,-1,-1,5476,808,67,3,4,0.000000,0.000000,23,817,0,157,0,157,23,-1,-1,0.000000
4939,0,-1,-1,-1,-1,0,-1,-1,-1,-1.000000,-1.000000,193,0,0,0,0,0,-1,-1,-1,0.000000
4940,0,-1,-1,-1,-1,0,-1,-1,-1,-1.000000,-1.000000,97,0,0,0,0,0,-1,-1,-1,0.000000
4941,0,-1,-1,-1,-1,0,-1,-1,-1,-1.000000,-1.000000,388,0,0,0,0,0,-1,-1,-1,0.000000
4942,0,-1,-1,-1,-1,0,-1,-1,-1,-1.000000,-1.000000,361,0,0,0,0,0,-1,-1,-1,0.000000
4943,0,-1,-1,-1,-1,0,-1,-1,-1,-1.000000,-1.000000,119,0,0,0,0,0,-1,-1,-1,0.000000
4944,0,-1,-1,-1,-1,0,-1,-1,-1,-1.000000,-1.000000,193,0,0,0,0,0,-1,-1,-1,0.000000
4945,0,-1,-1,-1,-1,0,-1,-1,-1,-1.000000,-1.000000,95,0,0,0,0,0,-1,-1,-1,0.000000
4946,0,-1,-1,-1,-1,0,-1,-1,-1,-1.000000,-1.000000,271,0,0,0,0,0,-1,-1,-1,0.000000
4947,0,-1,-1,-1,-1,0,-1,-1,-1,-1.000000,-1.000000,299,0,0,0,0,0,-1,-1,-1,0.000000
4948,0,-1,-1,-1,-1,0,-1,-1,-1,-1.000000,-1.000000,392,0,0,0,0,0,-1,-1,-1,0.000000
4949,0,-1,-1,-1,-1,0,-1,-1,-1,-1.000000,-1.000000,181,0,0,0,0,0,-1,-1,-1,0.000000
4950,0,-1,-1,-1,-1,0,-1,-1,-1,-1.000000,-1.000000,236,0,0,0,0,0,-1,-1,-1,0.000000
4951,0,-1,-1,-1,-1,0,-1,-1,-1,-1.000000,-1.000000,183,0,0,0,0,0,-1,-1,-1,0.000000
4952,0,-1,-1,-1,-1,0,-1,-1,-1,-1.000000,-1.000000,251,0,0,0,0,0,-1,-1,-1,0.000000
4953,0,-1,-1,-1,-1,0,-1,-1,-1,-1.000000,-1.000000,139,0,0,0,0,0,-1,-1,-1,0.000000
4954,0,-1,-1,-1,-1,0,-1,-1,-1,-1.000000,-1.000000,334,0,0,0,0,0,-1,-1,-1,0.000000
4955,0,-1,-1,-1,-1,0,-1,-1,-1,-1.000000,-1.000000,231,0,0,0,0,0,-1,-1,-1,0.000000
4956,0,-1,-1,-1,-1,0,-1,-1,-1,-1.000000,-1.000000,408,0,0,0,0,0,-1,-1,-1,0.000000
4957,0,252,-1,-1,3317,235,26,3,4,0.000000,0.000000,38,490,0,67,0,67,252,-1,-1,0.000000
4958,0,-1,-1,-1,-1,0,-1,-1,-1,-1.000000,-1.000000,364,0,0,0,0,0,-1,-1,-1,0.000000
4959,0,-1,-1,-1,-1,0,-1,-1,-1,-1.000000,-1.000000,355,0,0,0,0,0,-1,-1,-1,0.000000
4960,0,-1,-1,-1,-1,0,-1,-1,-1,-1.000000,-1.000000,103,0,0,0,0,0,-1,-1,-1,0.000000
4961,0,265,-1,-1,2086,527,27,3,4,0.000000,0.000000,19,647,0,58,0,58,265,-1,-1,0.000000
4962,0,-1,-1,-1,-1,0,-1,-1,-1,-1.000000,-1.000000,339,0,0,0,0,0,-1,-1,-1,0.000000
4963,0,341,-1,-1,1267,471,26,3,2,0.000000,0.000000,23,587,0,58,0,58,341,-1,-1,0.000000
4964,0,-1,-1,-1,-1,0,-1,-1,-1,-1.000000,-1.000000,377,0,0,0,0,0,-1,-1,-1,0.000000
4965,0,21,-1,-1,3346,569,66,3,2,0.000000,0.000000,37,739,0,240,0,240,21,-1,-1,0.000000
4966,0,-1,-1,-1,-1,0,-1,-1,-1,-1.000000,-1.000000,323,0,0,0,0,0,-1,-1,-1,0.000000
4967,0,-1,-1,-1,-1,0,-1,-1,-1,-1.000000,-1.000000,99,0,0,0,0,0,-1,-1,-1,0.000000
4968,0,-1,-1,-1,-1,0,-1,-1,-1,-1.000000,-1.000000,239,0,0,0,0,0,-1,-1,-1,0.000000
4969,0,-1,-1,-1,-1,0,-1,-1,-1,-1.000000,-1.000000,147,0,0,0,0,0,-1,-1,-1,0.000000
4970,0,-1,-1,-1,-1,0,-1,-1,-1,-1.000000,-1.000000,241,0,0,0,0,0,-1,-1,-1,0.000000
4971,0,-1,-1,-1,-1,0,-1,-1,-1,-1.000000,-1.000000,382,0,0,0,0,0,-1,-1,-1,0.000000
4972,0,-1,-1,-1,-1,0,-1,-1,-1,-1.000000,-1.000000,294,0,0,0,0,0,-1,-1,-1,0.000000
4973,0,-1,-1,-1,-1,0,-1,-1,-1,-1.000000,-1.000000,189,0,0,0,0,0,-1,-1,-1,0.000000
4974,0,-1,-1,-1,-1,0,-1,-1,-1,-1.000000,-1.000000,137,0,0,0,0,0,-1,-1,-1,0.000000
4975,0,-1,-1,-1,-1,0,-1,-1,-1,-1.000000,-1.000000,60,0,0,0,0,0,-1,-1,-1,0.000000
4976,0,28,-1,-1,1502,841,59,3,4,0.000000,0.000000,29,742,0,223,0,223,28,-1,-1,0.000000
4977,0,-1,-1,-1,-1,0,-1,-1,-1,-1.000000,-1.000000,383,0,0,0,0,0,-1,-1,-1,0.000000
4978,0,-1,-1,-1,-1,0,-1,-1,-1,-1.000000,-1.000000,131,0,0,0,0,0,-1,-1,-1,0.000000
4979,0,-1,-1,-1,-1,0,-1,-1,-1,-1.000000,-1.000000,161,0,0,0,0,0,-1,-1,-1,0.000000
4980,0,-1,-1,-1,-1,0,-1,-1,-1,-1.000000,-1.000000,323,0,0,0,0,0,-1,-1,-1,0.000000
4981,0,-1,-1,-1,-1,0,-1,-1,-1,-1.000000,-1.000000,473,0,0,0,0,0,-1,-1,-1,0.000000
4982,0,-1,-1,-1,-1,0,-1,-1,-1,-1.000000,-1.000000,202,0,0,0,0,0,-1,-1,-1,0.000000
4983,0,-1,-1,-1,-1,0,-1,-1,-1,-1.000000,-1.000000,330,0,0,0,0,0,-1,-1,-1,0.000000
4984,0,22,-1,-1,7909,790,66,3,2,0.000000,0.000000,41,763,0,163,0,163,22,-1,-1,0.000000
4985,0,-1,-1,-1,-1,0,-1,-1,-1,-1.000000,-1.000000,369,0,0,0,0,0,-1,-1,-1,0.000000
4986,0,537,-1,-1,4101,2,21,3,2,0.000000,0.000000,44,23,0,2,0,2,537,-1,-1,0.000000
4987,0,-1,-1,-1,-1,0,-1,-1,-1,-1.000000,-1.000000,185,0,0,0,0,0,-1,-1,-1,0.000000
4988,0,22,-1,-1,2724,502,65,3,4,0.000000,0.000000,21,611,0,367,0,367,22,-1,-1,0.000000
4989,0,33,-1,-1,3098,486,57,3,4,0.000000,0.000000,59,570,0,121,0,121,33,-1,-1,0.000000
4990,0,9,-1,-1,4871,603,68,3,2,0.000000,0.000000,37,787,0,196,0,196,9,-1,-1,0.000000
4991,0,-1,-1,-1,-1,0,-1,-1,-1,-1.000000,-1.000000,441,0,0,0,0,0,-1,-1,-1,0.000000
4992,0,22,-1,-1,4313,690,68,3,2,0.000000,0.000000,31,728,0,250,0,250,22,-1,-1,0.000000
4993,0,-1,-1,-1,-1,0,-1,-1,-1,-1.000000,-1.000000,456,0,0,0,0,0,-1,-1,-1,0.000000
4994,0,-1,-1,-1,-1,0,-1,-1,-1,-1.000000,-1.000000,135,0,0,0,0,0,-1,-1,-1,0.000000
4995,0,29,-1,-1,5133,735,58,3,2,0.000000,0.000000,29,710,0,218,0,218,29,-1,-1,0.000000
4996,0,-1,-1,-1,-1,0,-1,-1,-1,-1.000000,-1.000000,139,0,0,0,0,0,-1,-1,-1,0.000000
4997,0,-1,-1,-1,-1,0,-1,-1,-1,-1.000000,-1.000000,143,0,0,0,0,0,-1,-1,-1,0.000000
4998,0,-1,-1,-1,-1,0,-1,-1,-1,-1.000000,-1.000000,245,0,0,0,0,0,-1,-1,-1,0.000000
4999,0,-1,-1,-1,-1,0,-1,-1,-1,-1.000000,-1.000000,369,0,0,0,0,0,-1,-1,-1,0.000000
5000,0,-1,-1,-1,-1,0,-1,-1,-1,-1.000000,-1.000000,131,0,0,0,0,0,-1,-1,-1,0.000000
5001,0,20,-1,-1,4917,618,69,3,4,0.000000,0.000000,13,709,0,270,0,270,20,-1,-1,0.000000
5002,0,-1,-1,-1,-1,0,-1,-1,-1,-1.000000,-1.000000,205,0,0,0,0,0,-1,-1,-1,0.000000
5003,0,217,-1,-1,7648,663,30,3,2,0.000000,0.000000,35,662,0,96,0,96,217,-1,-1,0.000000
5004,0,-1,-1,-1,-1,0,-1,-1,-1,-1.000000,-1.000000,153,0,0,0,0,0,-1,-1,-1,0.000000
5005,0,-1,-1,-1,-1,0,-1,-1,-1,-1.000000,-1.000000,188,0,0,0,0,0,-1,-1,-1,0.000000
5006,0,-1,-1,-1,-1,0,-1,-1,-1,-1.000000,-1.000000,275,0,0,0,0,0,-1,-1,-1,0.000000
5007,0,-1,-1,-1,-1,0,-1,-1,-1,-1.000000,-1.000000,153,0,0,0,0,0,-1,-1,-1,0.000000
5008,0,706,-1,-1,7638,0,15,3,4,0.000000,0.000000,83,3,0,1,0,1,706,-1,-1,0.000000
5009,0,-1,-1,-1,-1,0,-1,-1,-1,-1.000000,-1.000000,211,0,0,0,0,0,-1,-1,-1,0.000000
5010,0,-1,-1,-1,-1,0,-1,-1,-1,-1.000000,-1.000000,93,0,0,0,0,0,-1,-1,-1,0.000000
5011,0,88,-1,-1,2918,20,41,3,4,0.000000,0.000000,81,83,0,18,0,18,88,-1,-1,0.000000
5012,0,-1,-1,-1,-1,0,-1,-1,-1,-1.000000,-1.000000,393,0,0,0,0,0,-1,-1,-1,0.000000
5013,0,11,-1,-1,5037,739,68,3,2,0.000000,0.000000,27,747,0,238,0,238,11,-1,-1,0.000000
5014,0,-1,-1,-1,-1,0,-1,-1,-1,-1.000000,-1.000000,407,0,0,0,0,0,-1,-1,-1,0.000000
5015,0,-1,-1,-1,-1,0,-1,-1,-1,-1.000000,-1.000000,131,0,0,0,0,0,-1,-1,-1,0.000000
5016,0,-1,-1,-1,-1,0,-1,-1,-1,-1.000000,-1.000000,409,0,0,0,0,0,-1,-1,-1,0.000000
5017,0,136,-1,-1,5332,0,35,3,4,0.000000,0.000000,121,2,0,1,0,1,136,-1,-1,0.000000
5018,0,-1,-1,-1,-1,0,-1,-1,-1,-1.000000,-1.000000,260,0,0,0,0,0,-1,-1,-1,0.000000
5019,0,25,-1,-1,2918,522,62,3,2,0.000000,0.000000,55,548,0,211,0,211,25,-1,-1,0.000000
5020,0,-1,-1,-1,-1,0,-1,-1,-1,-1.000000,-1.000000,229,0,0,0,0,0,-1,-1,-1,0.000000
5021,0,20,-1,-1,77,567,67,3,4,0.000000,0.000000,37,742,0,237,0,237,20,-1,-1,0.000000
5022,0,-1,-1,-1,-1,0,-1,-1,-1,-1.000000,-1.000000,247,0,0,0,0,0,-1,-1,-1,0.000000
5023,0,-1,-1,-1,-1,0,-1,-1,-1,-1.000000,-1.000000,167,0,0,0,0,0,-1,-1,-1,0.000000
5024,0,-1,-1,-1,-1,0,-1,-1,-1,-1.000000,-1.000000,419,0,0,0,0,0,-1,-1,-1,0.000000
5025,0,-1,-1,-1,-1,0,-1,-1,-1,-1.000000,-1.000000,361,0,0,0,0,0,-1,-1,-1,0.000000
5026,0,33,-1,-1,2025,680,56,3,4,0.000000,0.000000,54,709,0,142,0,142,33,-1,-1,0.000000
5027,0,-1,-1,-1,-1,0,-1,-1,-1,-1.000000,-1.000000,359,0,0,0,0,0,-1,-1,-1,0.000000
5028,0,-1,-1,-1,-1,0,-1,-1,-1,-1.000000,-1.000000,239,0,0,0,0,0,-1,-1,-1,0.000000
5029,0,-1,-1,-1,-1,0,-1,-1,-1,-1.000000,-1.000000,195,0,0,0,0,0,-1,-1,-1,0.000000
5030,0,26,-1,-1,7903,61,60,3,2,0.000000,0.000000,79,117,0,28,0,28,26,-1,-1,0.000000
5031,0,-1,-1,-1,-1,0,-1,-1,-1,-1.000000,-1.000000,181,0,0,0,0,0,-1,-1,-1,0.000000
5032,0,26,-1,-1,1143,783,60,3,2,0.000000,0.000000,43,765,0,192,0,192,26,-1,-1,0.000000
5033,0,-1,-1,-1,-1,0,-1,-1,-1,-1.000000,-1.000000,457,0,0,0,0,0,-1,-1,-1,0.000000
5034,0,-1,-1,-1,-1,0,-1,-1,-1,-1.000000,-1.000000,101,0,0,0,0,0,-1,-1,-1,0.000000
5035,0,-1,-1,-1,-1,0,-1,-1,-1,-1.000000,-1.000000,207,0,0,0,0,0,-1,-1,-1,0.000000
5036,0,-1,-1,-1,-1,0,-1,-1,-1,-1.000000,-1.000000,173,0,0,0,0,0,-1,-1,-1,0.000000
5037,0,304,-1,-1,6618,445,26,3,4,0.000000,0.000000,34,554,0,59,0,59,304,-1,-1,0.000000
5038,0,-1,-1,-1,-1,0,-1,-1,-1,-1.000000,-1.000000,349,0,0,0,0,0,-1,-1,-1,0.000000
5039,0,-1,-1,-1,-1,0,-1,-1,-1,-1.000000,-1.000000,87,0,0,0,0,0,-1,-1,-1,0.000000
5040,0,-1,-1,-1,-1,0,-1,-1,-1,-1.000000,-1.000000,91,0,0,0,0,0,-1,-1,-1,0.000000
5041,0,-1,-1,-1,-1,0,-1,-1,-1,-1.000000,-1.000000,193,0,0,0,0,0,-1,-1,-1,0.000000
5042,0,-1,-1,-1,-1,0,-1,-1,-1,-1.000000,-1.000000,134,0,0,0,0,0,-1,-1,-1,0.000000
5043,0,-1,-1,-1,-1,0,-1,-1,-1,-1.000000,-1.000000,205,0,0,0,0,0,-1,-1,-1,0.000000
5044,0,48,-1,-1,7178,21,49,3,4,0.000000,0.000000,83,73,0,22,0,22,48,-1,-1,0.000000
5045,0,-1,-1,-1,-1,0,-1,-1,-1,-1.000000,-1.000000,44,0,0,0,0,0,-1,-1,-1,0.000000
5046,0,-1,-1,-1,-1,0,-1,-1,-1,-1.000000,-1.000000,457,0,0,0,0,0,-1,-1,-1,0.000000
5047,0,588,-1,-1,713,0,17,3,2,0.000000,0.000000,76,5,0,0,0,0,588,-1,-1,0.000000
5048,0,561,-1,-1,7948,0,17,3,4,0.000000,0.000000,103,0,0,3,0,3,561,-1,-1,0.000000
5049,0,-1,-1,-1,-1,0,-1,-1,-1,-1.000000,-1.000000,465,0,0,0,0,0,-1,-1,-1,0.000000
5050,0,-1,-1,-1,-1,0,-1,-1,-1,-1.000000,-1.000000,452,0,0,0,0,0,-1,-1,-1,0.000000
5051,0,-1,-1,-1,-1,0,-1,-1,-1,-1.000000,-1.000000,99,0,0,0,0,0,-1,-1,-1,0.000000
5052,0,-1,-1,-1,-1,0,-1,-1,-1,-1.000000,-1.000000,295,0,0,0,0,0,-1,-1,-1,0.000000
5053,0,-1,-1,-1,-1,0,-1,-1,-1,-1.000000,-1.000000,353,0,0,0,0,0,-1,-1,-1,0.000000
5054,0,-1,-1,-1,-1,0,-1,-1,-1,-1.000000,-1.000000,89,0,0,0,0,0,-1,-1,-1,0.000000
5055,0,-1,-1,-1,-1,0,-1,-1,-1,-1.000000,-1.000000,83,0,0,0,0,0,-1,-1,-1,0.000000
5056,0,-1,-1,-1,-1,0,-1,-1,-1,-1.000000,-1.000000,209,0,0,0,0,0,-1,-1,-1,0.000000
5057,0,-1,-1,-1,-1,0,-1,-1,-1,-1.000000,-1.000000,195,0,0,0,0,0,-1,-1,-1,0.000000
5058,0,39,-1,-1,3626,89,51,3,4,0.000000,0.000000,55,160,0,73,0,73,39,-1,-1,0.000000
5059,0,-1,-1,-1,-1,0,-1,-1,-1,-1.000000,-1.000000,308,0,0,0,0,0,-1,-1,-1,0.000000
5060,0,-1,-1,-1,-1,0,-1,-1,-1,-1.000000,-1.000000,137,0,0,0,0,0,-1,-1,-1,0.000000
5061,0,-1,-1,-1,-1,0,-1,-1,-1,-1.000000,-1.000000,179,0,0,0,0,0,-1,-1,-1,0.000000
5062,0,-1,-1,-1,-1,0,-1,-1,-1,-1.000000,-1.000000,301,0,0,0,0,0,-1,-1,-1,0.000000
5063,0,-1,-1,-1,-1,0,-1,-1,-1,-1.000000,-1.000000,189,0,0,0,0,0,-1,-1,-1,0.000000
5064,0,-1,-1,-1,-1,0,-1,-1,-1,-1.000000,-1.000000,320,0,0,0,0,0,-1,-1,-1,0.000000
5065,0,237,-1,-1,4134,13,27,3,4,0.000000,0.000000,59,44,0,13,0,13,237,-1,-1,0.000000
5066,0,-1,-1,-1,-1,0,-1,-1,-1,-1.000000,-1.000000,62,0,0,0,0,0,-1,-1,-1,0.000000
5067,0,-1,-1,-1,-1,0,-1,-1,-1,-1.000000,-1.000000,123,0,0,0,0,0,-1,-1,-1,0.000000
5068,0,-1,-1,-1,-1,0,-1,-1,-1,-1.000000,-1.000000,129,0,0,0,0,0,-1,-1,-1,0.000000
5069,0,-1,-1,-1,-1,0,-1,-1,-1,-1.000000,-1.000000,308,0,0,0,0,0,-1,-1,-1,0.000000
5070,0,-1,-1,-1,-1,0,-1,-1,-1,-1.000000,-1.000000,139,0,0,0,0,0,-1,-1,-1,0.000000
5071,0,-1,-1,-1,-1,0,-1,-1,-1,-1.000000,-1.000000,175,0,0,0,0,0,-1,-1,-1,0.000000
5072,0,-1,-1,-1,-1,0,-1,-1,-1,-1.000000,-1.000000,329,0,0,0,0,0,-1,-1,-1,0.000000
5073,0,-1,-1,-1,-1,0,-1,-1,-1,-1.000000,-1.000000,203,0,0,0,0,0,-1,-1,-1,0.000000
5074,0,36,-1,-1,1306,834,52,3,2,0.000000,0.000000,47,746,0,199,0,199,36,-1,-1,0.000000
5075,0,-1,-1,-1,-1,0,-1,-1,-1,-1.000000,-1.000000,205,0,0,0,0,0,-1,-1,-1,0.000000
5076,0,-1,-1,-1,-1,0,-1,-1,-1,-1.000000,-1.000000,478,0,0,0,0,0,-1,-1,-1,0.000000
5077,0,22,-1,-1,426,801,66,3,2,0.000000,0.000000,31,785,0,178,0,178,22,-1,-1,0.000000
5078,0,-1,-1,-1,-1,0,-1,-1,-1,-1.000000,-1.000000,97,0,0,0,0,0,-1,-1,-1,0.000000
5079,0,162,-1,-1,72,562,34,3,2,0.000000,0.000000,43,666,0,77,0,77,162,-1,-1,0.000000
5080,0,-1,-1,-1,-1,0,-1,-1,-1,-1.000000,-1.000000,324,0,0,0,0,0,-1,-1,-1,0.000000
5081,0,-1,-1,-1,-1,0,-1,-1,-1,-1.000000,-1.000000,210,0,0,0,0,0,-1,-1,-1,0.000000
5082,0,-1,-1,-1,-1,0,-1,-1,-1,-1.000000,-1.000000,103,0,0,0,0,0,-1,-1,-1,0.000000
5083,0,-1,-1,-1,-1,0,-1,-1,-1,-1.000000,-1.000000,147,0,0,0,0,0,-1,-1,-1,0.000000
5084,0,59,-1,-1,1153,768,45,3,4,0.000000,0.000000,37,719,0,191,0,191,59,-1,-1,0.000000
5085,0,-1,-1,-1,-1,0,-1,-1,-1,-1.000000,-1.000000,142,0,0,0,0,0,-1,-1,-1,0.000000
5086,0,76,-1,-1,5494,674,42,3,2,0.000000,0.000000,39,679,0,193,0,193,76,-1,-1,0.000000
5087,0,-1,-1,-1,-1,0,-1,-1,-1,-1.000000,-1.000000,257,0,0,0,0,0,-1,-1,-1,0.000000
5088,0,-1,-1,-1,-1,0,-1,-1,-1,-1.000000,-1.000000,212,0,0,0,0,0,-1,-1,-1,0.000000
5089,0,-1,-1,-1,-1,0,-1,-1,-1,-1.000000,-1.000000,155,0,0,0,0,0,-1,-1,-1,0.000000
5090,0,-1,-1,-1,-1,0,-1,-1,-1,-1.000000,-1.000000,115,0,0,0,0,0,-1,-1,-1,0.000000
5091,0,27,-1,-1,5296,823,60,3,2,0.000000,0.000000,17,793,0,173,0,173,27,-1,-1,0.000000
5092,0,-1,-1,-1,-1,0,-1,-1,-1,-1.000000,-1.000000,390,0,0,0,0,0,-1,-1,-1,0.000000
5093,0,-1,-1,-1,-1,0,-1,-1,-1,-1.000000,-1.000000,553,0,0,0,0,0,-1,-1,-1,0.000000
5094,0,-1,-1,-1,-1,0,-1,-1,-1,-1.000000,-1.000000,167,0,0,0,0,0,-1,-1,-1,0.000000
5095,0,-1,-1,-1,-1,0,-1,-1,-1,-1.000000,-1.000000,455,0,0,0,0,0,-1,-1,-1,0.000000
5096,0,-1,-1,-1,-1,0,-1,-1,-1,-1.000000,-1.000000,336,0,0,0,0,0,-1,-1,-1,0.000000
5097,0,-1,-1,-1,-1,0,-1,-1,-1,-1.000000,-1.000000,250,0,0,0,0,0,-1,-1,-1,0.000000
5098,0,-1,-1,-1,-1,0,-1,-1,-1,-1.000000,-1.000000,219,0,0,0,0,0,-1,-1,-1,0.000000
5099,0,-1,-1,-1,-1,0,-1,-1,-1,-1.000000,-1.000000,307,0,0,0,0,0,-1,-1,-1,0.000000
5100,0,-1,-1,-1,-1,0,-1,-1,-1,-1.000000,-1.000000,219,0,0,0,0,0,-1,-1,-1,0.000000
5101,0,49,-1,-1,5710,97,50,3,4,0.000000,0.000000,98,177,0,55,0,55,49,-1,-1,0.000000
5102,0,-1,-1,-1,-1,0,-1,-1,-1,-1.000000,-1.000000,239,0,0,0,0,0,-1,-1,-1,0.000000
5103,0,57,-1,-1,1693,0,47,3,4,0.000000,0.000000,77,0,0,2,0,2,57,-1,-1,0.000000
5104,0,-1,-1,-1,-1,0,-1,-1,-1,-1.000000,-1.000000,397,0,0,0,0,0,-1,-1,-1,0.000000
5105,0,-1,-1,-1,-1,0,-1,-1,-1,-1.000000,-1.000000,277,0,0,0,0,0,-1,-1,-1,0.000000
5106,0,28,-1,-1,2006,713,60,3,2,0.000000,0.000000,67,677,0,194,0,194,28,-1,-1,0.000000
5107,0,43,-1,-1,5730,296,50,3,2,0.000000,0.000000,57,348,0,139,0,139,43,-1,-1,0.000000
5108,0,110,-1,-1,6306,556,38,3,4,0.000000,0.000000,68,612,0,109,0,109,110,-1,-1,0.000000
5109,0,30,-1,-1,2349,63,57,3,4,0.000000,0.000000,57,160,0,55,0,55,30,-1,-1,0.000000
5110,0,-1,-1,-1,-1,0,-1,-1,-1,-1.000000,-1.000000,333,0,0,0,0,0,-1,-1,-1,0.000000
5111,0,27,-1,-1,5929,533,60,3,2,0.000000,0.000000,45,590,0,130,0,130,27,-1,-1,0.000000
5112,0,-1,-1,-1,-1,0,-1,-1,-1,-1.000000,-1.000000,180,0,0,0,0,0,-1,-1,-1,0.000000
5113,0,-1,-1,-1,-1,0,-1,-1,-1,-1.000000,-1.000000,332,0,0,0,0,0,-1,-1,-1,0.000000
5114,0,-1,-1,-1,-1,0,-1,-1,-1,-1.000000,-1.000000,91,0,0,0,0,0,-1,-1,-1,0.000000
5115,0,22,-1,-1,3061,723,71,3,4,0.000000,0.000000,25,736,0,242,0,242,22,-1,-1,0.000000
5116,0,-1,-1,-1,-1,0,-1,-1,-1,-1.000000,-1.000000,347,0,0,0,0,0,-1,-1,-1,0.000000
5117,0,-1,-1,-1,-1,0,-1,-1,-1,-1.000000,-1.000000,323,0,0,0,0,0,-1,-1,-1,0.000000
5118,0,-1,-1,-1,-1,0,-1,-1,-1,-1.000000,-1.000000,185,0,0,0,0,0,-1,-1,-1,0.000000
5119,0,-1,-1,-1,-1,0,-1,-1,-1,-1.000000,-1.000000,362,0,0,0,0,0,-1,-1,-1,0.000000
5120,0,-1,-1,-1,-1,0,-1,-1,-1,-1.000000,-1.000000,464,0,0,0,0,0,-1,-1,-1,0.000000
5121,0,25,-1,-1,3905,208,63,3,4,0.000000,0.000000,65,283,0,102,0,102,25,-1,-1,0.000000
5122,0,-1,-1,-1,-1,0,-1,-1,-1,-1.000000,-1.000000,245,0,0,0,0,0,-1,-1,-1,0.000000
5123,0,300,-1,-1,5797,199,26,3,4,0.000000,0.000000,62,318,0,50,0,50,300,-1,-1,0.000000
5124,0,264,-1,-1,6103,0,27,3,4,0.000000,0.000000,107,1,0,0,0,0,264,-1,-1,0.000000
5125,0,-1,-1,-1,-1,0,-1,-1,-1,-1.000000,-1.000000,241,0,0,0,0,0,-1,-1,-1,0.000000
5126,0,-1,-1,-1,-1,0,-1,-1,-1,-1.000000,-1.000000,286,0,0,0,0,0,-1,-1,-1,0.000000
5127,0,-1,-1,-1,-1,0,-1,-1,-1,-1.000000,-1.000000,172,0,0,0,0,0,-1,-1,-1,0.000000
5128,0,27,-1,-1,7025,851,61,3,4,0.000000,0.000000,33,753,0,198,0,198,27,-1,-1,0.000000
5129,0,-1,-1,-1,-1,0,-1,-1,-1,-1.000000,-1.000000,165,0,0,0,0,0,-1,-1,-1,0.000000
5130,0,270,-1,-1,5649,371,27,3,4,0.000000,0.000000,57,416,0,91,0,91,270,-1,-1,0.000000
5131,0,-1,-1,-1,-1,0,-1,-1,-1,-1.000000,-1.000000,121,0,0,0,0,0,-1,-1,-1,0.000000
5132,0,-1,-1,-1,-1,0,-1,-1,-1,-1.000000,-1.000000,411,0,0,0,0,0,-1,-1,-1,0.000000
5133,0,182,-1,-1,6853,0,32,3,2,0.000000,0.000000,103,1,0,0,0,0,182,-1,-1,0.000000
5134,0,23,-1,-1,7975,786,66,3,2,0.000000,0.000000,41,743,0,216,0,216,23,-1,-1,0.000000
5135,0,-1,-1,-1,-1,0,-1,-1,-1,-1.000000,-1.000000,399,0,0,0,0,0,-1,-1,-1,0.000000
5136,0,639,-1,-1,7480,0,16,3,2,0.000000,0.000000,71,1,0,0,0,0,639,-1,-1,0.000000
5137,0,-1,-1,-1,-1,0,-1,-1,-1,-1.000000,-1.000000,165,0,0,0,0,0,-1,-1,-1,0.000000
5138,0,-1,-1,-1,-1,0,-1,-1,-1,-1.000000,-1.000000,146,0,0,0,0,0,-1,-1,-1,0.000000
5139,0,21,-1,-1,3125,691,66,3,2,0.000000,0.000000,35,684,0,294,0,294,21,-1,-1,0.000000
5140,0,-1,-1,-1,-1,0,-1,-1,-1,-1.000000,-1.000000,255,0,0,0,0,0,-1,-1,-1,0.000000
5141,0,-1,-1,-1,-1,0,-1,-1,-1,-1.000000,-1.000000,278,0,0,0,0,0,-1,-1,-1,0.000000
5142,0,-1,-1,-1,-1,0,-1,-1,-1,-1.000000,-1.000000,557,0,0,0,0,0,-1,-1,-1,0.000000
5143,0,-1,-1,-1,-1,0,-1,-1,-1,-1.000000,-1.000000,335,0,0,0,0,0,-1,-1,-1,0.000000
5144,0,-1,-1,-1,-1,0,-1,-1,-1,-1.000000,-1.000000,119,0,0,0,0,0,-1,-1,-1,0.000000
5145,0,-1,-1,-1,-1,0,-1,-1,-1,-1.000000,-1.000000,227,0,0,0,0,0,-1,-1,-1,0.000000
5146,0,173,-1,-1,4481,0,31,3,4,0.000000,0.000000,103,1,0,0,0,0,173,-1,-1,0.000000
5147,0,-1,-1,-1,-1,0,-1,-1,-1,-1.000000,-1.000000,462,0,0,0,0,0,-1,-1,-1,0.000000
5148,0,-1,-1,-1,-1,0,-1,-1,-1,-1.000000,-1.000000,210,0,0,0,0,0,-1,-1,-1,0.000000
5149,0,-1,-1,-1,-1,0,-1,-1,-1,-1.000000,-1.000000,203,0,0,0,0,0,-1,-1,-1,0.000000
5150,0,-1,-1,-1,-1,0,-1,-1,-1,-1.000000,-1.000000,201,0,0,0,0,0,-1,-1,-1,0.000000
5151,0,-1,-1,-1,-1,0,-1,-1,-1,-1.000000,-1.000000,109,0,0,0,0,0,-1,-1,-1,0.000000
5152,0,-1,-1,-1,-1,0,-1,-1,-1,-1.000000,-1.000000,117,0,0,0,0,0,-1,-1,-1,0.000000
5153,0,-1,-1,-1,-1,0,-1,-1,-1,-1.000000,-1.000000,255,0,0,0,0,0,-1,-1,-1,0.000000
5154,0,-1,-1,-1,-1,0,-1,-1,-1,-1.000000,-1.000000,159,0,0,0,0,0,-1,-1,-1,0.000000
5155,0,-1,-1,-1,-1,0,-1,-1,-1,-1.000000,-1.000000,131,0,0,0,0,0,-1,-1,-1,0.000000
5156,0,-1,-1,-1,-1,0,-1,-1,-1,-1.000000,-1.000000,323,0,0,0,0,0,-1,-1,-1,0.000000
5157,0,-1,-1,-1,-1,0,-1,-1,-1,-1.000000,-1.000000,412,0,0,0,0,0,-1,-1,-1,0.000000
5158,0,-1,-1,-1,-1,0,-1,-1,-1,-1.000000,-1.000000,154,0,0,0,0,0,-1,-1,-1,0.000000
5159,0,-1,-1,-1,-1,0,-1,-1,-1,-1.000000,-1.000000,228,0,0,0,0,0,-1,-1,-1,0.000000
5160,0,-1,-1,-1,-1,0,-1,-1,-1,-1.000000,-1.000000,139,0,0,0,0,0,-1,-1,-1,0.000000
5161,0,-1,-1,-1,-1,0,-1,-1,-1,-1.000000,-1.000000,235,0,0,0,0,0,-1,-1,-1,0.000000
5162,0,-1,-1,-1,-1,0,-1,-1,-1,-1.000000,-1.000000,273,0,0,0,0,0,-1,-1,-1,0.000000
5163,0,-1,-1,-1,-1,0,-1,-1,-1,-1.000000,-1.000000,153,0,0,0,0,0,-1,-1,-1,0.000000
5164,0,-1,-1,-1,-1,0,-1,-1,-1,-1.000000,-1.000000,113,0,0,0,0,0,-1,-1,-1,0.000000
5165,0,8,-1,-1,4433,594,68,3,2,0.000000,0.000000,21,711,0,275,0,275,8,-1,-1,0.000000
5166,0,-1,-1,-1,-1,0,-1,-1,-1,-1.000000,-1.000000,152,0,0,0,0,0,-1,-1,-1,0.000000
5167,0,-1,-1,-1,-1,0,-1,-1,-1,-1.000000,-1.000000,169,0,0,0,0,0,-1,-1,-1,0.000000
5168,0,451,-1,-1,2484,35,21,3,2,0.000000,0.000000,54,100,0,15,0,15,451,-1,-1,0.000000
5169,0,-1,-1,-1,-1,0,-1,-1,-1,-1.000000,-1.000000,219,0,0,0,0,0,-1,-1,-1,0.000000
5170,0,-1,-1,-1,-1,0,-1,-1,-1,-1.000000,-1.000000,342,0,0,0,0,0,-1,-1,-1,0.000000
5171,0,47,-1,-1,2885,852,50,3,2,0.000000,0.000000,19,778,0,174,0,174,47,-1,-1,0.000000
5172,0,271,-1,-1,621,0,28,3,2,0.000000,0.000000,93,1,0,0,0,0,271,-1,-1,0.000000
5173,0,-1,-1,-1,-1,0,-1,-1,-1,-1.000000,-1.000000,271,0,0,0,0,0,-1,-1,-1,0.000000
5174,0,-1,-1,-1,-1,0,-1,-1,-1,-1.000000,-1.000000,325,0,0,0,0,0,-1,-1,-1,0.000000
5175,0,26,-1,-1,4738,421,60,3,2,0.000000,0.000000,51,501,0,170,0,170,26,-1,-1,0.000000
5176,0,-1,-1,-1,-1,0,-1,-1,-1,-1.000000,-1.000000,93,0,0,0,0,0,-1,-1,-1,0.000000
5177,0,63,-1,-1,3013,3,47,3,4,0.000000,0.000000,93,7,0,4,0,4,63,-1,-1,0.000000
5178,0,-1,-1,-1,-1,0,-1,-1,-1,-1.000000,-1.000000,355,0,0,0,0,0,-1,-1,-1,0.000000
5179,0,-1,-1,-1,-1,0,-1,-1,-1,-1.000000,-1.000000,206,0,0,0,0,0,-1,-1,-1,0.000000
5180,0,-1,-1,-1,-1,0,-1,-1,-1,-1.000000,-1.000000,478,0,0,0,0,0,-1,-1,-1,0.000000
5181,0,-1,-1,-1,-1,0,-1,-1,-1,-1.000000,-1.000000,341,0,0,0,0,0,-1,-1,-1,0.000000
5182,0,-1,-1,-1,-1,0,-1,-1,-1,-1.000000,-1.000000,229,0,0,0,0,0,-1,-1,-1,0.000000
5183,0,-1,-1,-1,-1,0,-1,-1,-1,-1.000000,-1.000000,138,0,0,0,0,0,-1,-1,-1,0.000000
5184,0,-1,-1,-1,-1,0,-1,-1,-1,-1.000000,-1.000000,163,0,0,0,0,0,-1,-1,-1,0.000000
5185,0,-1,-1,-1,-1,0,-1,-1,-1,-1.000000,-1.000000,448,0,0,0,0,0,-1,-1,-1,0.000000
5186,0,-1,-1,-1,-1,0,-1,-1,-1,-1.000000,-1.000000,225,0,0,0,0,0,-1,-1,-1,0.000000
5187,0,-1,-1,-1,-1,0,-1,-1,-1,-1.000000,-1.000000,267,0,0,0,0,0,-1,-1,-1,0.000000
5188,0,-1,-1,-1,-1,0,-1,-1,-1,-1.000000,-1.000000,464,0,0,0,0,0,-1,-1,-1,0.000000
5189,0,-1,-1,-1,-1,0,-1,-1,-1,-1.000000,-1.000000,133,0,0,0,0,0,-1,-1,-1,0.000000
5190,0,-1,-1,-1,-1,0,-1,-1,-1,-1.000000,-1.000000,175,0,0,0,0,0,-1,-1,-1,0.000000
5191,0,30,-1,-1,4661,661,58,3,4,0.000000,0.000000,58,644,0,171,0,171,30,-1,-1,0.000000
5192,0,-1,-1,-1,-1,0,-1,-1,-1,-1.000000,-1.000000,121,0,0,0,0,0,-1,-1,-1,0.000000
5193,0,-1,-1,-1,-1,0,-1,-1,-1,-1.000000,-1.000000,290,0,0,0,0,0,-1,-1,-1,0.000000
5194,0,28,-1,-1,7239,169,60,3,2,0.000000,0.000000,77,289,0,105,0,105,28,-1,-1,0.000000
5195,0,-1,-1,-1,-1,0,-1,-1,-1,-1.000000,-1.000000,201,0,0,0,0,0,-1,-1,-1,0.000000
5196,0,-1,-1,-1,-1,0,-1,-1,-1,-1.000000,-1.000000,361,0,0,0,0,0,-1,-1,-1,0.000000
5197,0,-1,-1,-1,-1,0,-1,-1,-1,-1.000000,-1.000000,289,0,0,0,0,0,-1,-1,-1,0.000000
5198,0,-1,-1,-1,-1,0,-1,-1,-1,-1.000000,-1.000000,193,0,0,0,0,0,-1,-1,-1,0.000000
5199,0,-1,-1,-1,-1,0,-1,-1,-1,-1.000000,-1.000000,293,0,0,0,0,0,-1,-1,-1,0.000000
5200,0,-1,-1,-1,-1,0,-1,-1,-1,-1.000000,-1.000000,452,0,0,0,0,0,-1,-1,-1,0.000000
5201,0,211,-1,-1,103,3,29,3,4,0.000000,0.000000,93,18,0,11,0,11,211,-1,-1,0.000000
5202,0,38,-1,-1,2004,504,52,3,2,0.000000,0.000000,59,612,0,127,0,127,38,-1,-1,0.000000
5203,0,-1,-1,-1,-1,0,-1,-1,-1,-1.000000,-1.000000,221,0,0,0,0,0,-1,-1,-1,0.000000
5204,0,32,-1,-1,3930,315,56,3,2,0.000000,0.000000,59,382,0,115,0,115,32,-1,-1,0.000000
5205,0,-1,-1,-1,-1,0,-1,-1,-1,-1.000000,-1.000000,143,0,0,0,0,0,-1,-1,-1,0.000000
5206,0,24,-1,-1,1026,207,62,3,2,0.000000,0.000000,67,396,0,80,0,80,24,-1,-1,0.000000
5207,0,23,-1,-1,7570,610,64,3,2,0.000000,0.000000,21,780,0,196,0,196,23,-1,-1,0.000000
5208,0,-1,-1,-1,-1,0,-1,-1,-1,-1.000000,-1.000000,311,0,0,0,0,0,-1,-1,-1,0.000000
5209,0,-1,-1,-1,-1,0,-1,-1,-1,-1.000000,-1.000000,237,0,0,0,0,0,-1,-1,-1,0.000000
5210,0,-1,-1,-1,-1,0,-1,-1,-1,-1.000000,-1.000000,351,0,0,0,0,0,-1,-1,-1,0.000000
5211,0,23,-1,-1,1311,628,64,3,2,0.000000,0.000000,39,663,0,157,0,157,23,-1,-1,0.000000
5212,0,-1,-1,-1,-1,0,-1,-1,-1,-1.000000,-1.000000,277,0,0,0,0,0,-1,-1,-1,0.000000
5213,0,303,-1,-1,3091,2,24,3,2,0.000000,0.000000,79,42,0,2,0,2,303,-1,-1,0.000000
5214,0,-1,-1,-1,-1,0,-1,-1,-1,-1.000000,-1.000000,195,0,0,0,0,0,-1,-1,-1,0.000000
5215,0,-1,-1,-1,-1,0,-1,-1,-1,-1.000000,-1.000000,151,0,0,0,0,0,-1,-1,-1,0.000000
5216,0,-1,-1,-1,-1,0,-1,-1,-1,-1.000000,-1.000000,305,0,0,0,0,0,-1,-1,-1,0.000000
5217,0,-1,-1,-1,-1,0,-1,-1,-1,-1.000000,-1.000000,492,0,0,0,0,0,-1,-1,-1,0.000000
5218,0,73,-1,-1,2270,17,43,3,4,0.000000,0.000000,79,77,0,33,0,33,73,-1,-1,0.000000
5219,0,24,-1,-1,548,656,64,3,2,0.000000,0.000000,45,646,0,219,0,219,24,-1,-1,0.000000
5220,0,-1,-1,-1,-1,0,-1,-1,-1,-1.000000,-1.000000,111,0,0,0,0,0,-1,-1,-1,0.000000
5221,0,-1,-1,-1,-1,0,-1,-1,-1,-1.000000,-1.000000,103,0,0,0,0,0,-1,-1,-1,0.000000
5222,0,38,-1,-1,3790,123,51,3,4,0.000000,0.000000,87,246,0,88,0,88,38,-1,-1,0.000000
5223,0,-1,-1,-1,-1,0,-1,-1,-1,-1.000000,-1.000000,321,0,0,0,0,0,-1,-1,-1,0.000000
5224,0,-1,-1,-1,-1,0,-1,-1,-1,-1.000000,-1.000000,199,0,0,0,0,0,-1,-1,-1,0.000000
5225,0,-1,-1,-1,-1,0,-1,-1,-1,-1.000000,-1.000000,374,0,0,0,0,0,-1,-1,-1,0.000000
5226,0,-1,-1,-1,-1,0,-1,-1,-1,-1.000000,-1.000000,471,0,0,0,0,0,-1,-1,-1,0.000000
5227,0,-1,-1,-1,-1,0,-1,-1,-1,-1.000000,-1.000000,537,0,0,0,0,0,-1,-1,-1,0.000000
5228,0,-1,-1,-1,-1,0,-1,-1,-1,-1.000000,-1.000000,165,0,0,0,0,0,-1,-1,-1,0.000000
5229,0,-1,-1,-1,-1,0,-1,-1,-1,-1.000000,-1.000000,222,0,0,0,0,0,-1,-1,-1,0.000000
5230,0,180,-1,-1,4993,0,30,3,2,0.000000,0.000000,81,3,0,2,0,2,180,-1,-1,0.000000
5231,0,-1,-1,-1,-1,0,-1,-1,-1,-1.000000,-1.000000,395,0,0,0,0,0,-1,-1,-1,0.000000
5232,0,33,-1,-1,93,672,57,3,2,0.000000,0.000000,14,763,0,204,0,204,33,-1,-1,0.000000
5233,0,77,-1,-1,2525,0,41,3,4,0.000000,0.000000,99,8,0,2,0,2,77,-1,-1,0.000000
5234,0,-1,-1,-1,-1,0,-1,-1,-1,-1.000000,-1.000000,214,0,0,0,0,0,-1,-1,-1,0.000000
5235,0,-1,-1,-1,-1,0,-1,-1,-1,-1.000000,-1.000000,514,0,0,0,0,0,-1,-1,-1,0.000000
5236,0,-1,-1,-1,-1,0,-1,-1,-1,-1.000000,-1.000000,286,0,0,0,0,0,-1,-1,-1,0.000000
5237,0,-1,-1,-1,-1,0,-1,-1,-1,-1.000000,-1.000000,255,0,0,0,0,0,-1,-1,-1,0.000000
5238,0,-1,-1,-1,-1,0,-1,-1,-1,-1.000000,-1.000000,262,0,0,0,0,0,-1,-1,-1,0.000000
5239,0,39,-1,-1,5300,56,51,3,4,0.000000,0.000000,105,129,0,26,0,26,39,-1,-1,0.000000
5240,0,-1,-1,-1,-1,0,-1,-1,-1,-1.000000,-1.000000,183,0,0,0,0,0,-1,-1,-1,0.000000
5241,0,-1,-1,-1,-1,0,-1,-1,-1,-1.000000,-1.000000,311,0,0,0,0,0,-1,-1,-1,0.000000
5242,0,-1,-1,-1,-1,0,-1,-1,-1,-1.000000,-1.000000,273,0,0,0,0,0,-1,-1,-1,0.000000
5243,0,-1,-1,-1,-1,0,-1,-1,-1,-1.000000,-1.000000,89,0,0,0,0,0,-1,-1,-1,0.000000
5244,0,91,-1,-1,4829,352,39,3,2,0.000000,0.000000,68,436,0,99,0,99,91,-1,-1,0.000000
5245,0,-1,-1,-1,-1,0,-1,-1,-1,-1.000000,-1.000000,369,0,0,0,0,0,-1,-1,-1,0.000000
5246,0,-1,-1,-1,-1,0,-1,-1,-1,-1.000000,-1.000000,321,0,0,0,0,0,-1,-1,-1,0.000000
5247,0,-1,-1,-1,-1,0,-1,-1,-1,-1.000000,-1.000000,383,0,0,0,0,0,-1,-1,-1,0.000000
5248,0,-1,-1,-1,-1,0,-1,-1,-1,-1.000000,-1.000000,79,0,0,0,0,0,-1,-1,-1,0.000000
5249,0,25,-1,-1,6540,252,63,3,4,0.000000,0.000000,41,363,0,83,0,83,25,-1,-1,0.000000
5250,0,20,-1,-1,5917,732,67,3,4,0.000000,0.000000,27,789,0,190,0,190,20,-1,-1,0.000000
5251,0,33,-1,-1,3782,659,54,3,2,0.000000,0.000000,57,682,0,120,0,120,33,-1,-1,0.000000
5252,0,-1,-1,-1,-1,0,-1,-1,-1,-1.000000,-1.000000,181,0,0,0,0,0,-1,-1,-1,0.000000
5253,0,-1,-1,-1,-1,0,-1,-1,-1,-1.000000,-1.000000,119,0,0,0,0,0,-1,-1,-1,0.000000
5254,0,-1,-1,-1,-1,0,-1,-1,-1,-1.000000,-1.000000,297,0,0,0,0,0,-1,-1,-1,0.000000
5255,0,-1,-1,-1,-1,0,-1,-1,-1,-1.000000,-1.000000,221,0,0,0,0,0,-1,-1,-1,0.000000
5256,0,-1,-1,-1,-1,0,-1,-1,-1,-1.000000,-1.000000,287,0,0,0,0,0,-1,-1,-1,0.000000
5257,0,-1,-1,-1,-1,0,-1,-1,-1,-1.000000,-1.000000,131,0,0,0,0,0,-1,-1,-1,0.000000
5258,0,-1,-1,-1,-1,0,-1,-1,-1,-1.000000,-1.000000,117,0,0,0,0,0,-1,-1,-1,0.000000
5259,0,-1,-1,-1,-1,0,-1,-1,-1,-1.000000,-1.000000,109,0,0,0,0,0,-1,-1,-1,0.000000
5260,0,-1,-1,-1,-1,0,-1,-1,-1,-1.000000,-1.000000,383,0,0,0,0,0,-1,-1,-1,0.000000
5261,0,-1,-1,-1,-1,0,-1,-1,-1,-1.000000,-1.000000,197,0,0,0,0,0,-1,-1,-1,0.000000
5262,0,-1,-1,-1,-1,0,-1,-1,-1,-1.000000,-1.000000,127,0,0,0,0,0,-1,-1,-1,0.000000
5263,0,-1,-1,-1,-1,0,-1,-1,-1,-1.000000,-1.000000,312,0,0,0,0,0,-1,-1,-1,0.000000
5264,0,-1,-1,-1,-1,0,-1,-1,-1,-1.000000,-1.000000,108,0,0,0,0,0,-1,-1,-1,0.000000
5265,0,-1,-1,-1,-1,0,-1,-1,-1,-1.000000,-1.000000,323,0,0,0,0,0,-1,-1,-1,0.000000
5266,0,-1,-1,-1,-1,0,-1,-1,-1,-1.000000,-1.000000,193,0,0,0,0,0,-1,-1,-1,0.000000
5267,0,-1,-1,-1,-1,0,-1,-1,-1,-1.000000,-1.000000,139,0,0,0,0,0,-1,-1,-1,0.000000
5268,0,-1,-1,-1,-1,0,-1,-1,-1,-1.000000,-1.000000,390,0,0,0,0,0,-1,-1,-1,0.000000
5269,0,-1,-1,-1,-1,0,-1,-1,-1,-1.000000,-1.000000,205,0,0,0,0,0,-1,-1,-1,0.000000
5270,0,-1,-1,-1,-1,0,-1,-1,-1,-1.000000,-1.000000,453,0,0,0,0,0,-1,-1,-1,0.000000
5271,0,-1,-1,-1,-1,0,-1,-1,-1,-1.000000,-1.000000,100,0,0,0,0,0,-1,-1,-1,0.000000
5272,0,-1,-1,-1,-1,0,-1,-1,-1,-1.000000,-1.000000,391,0,0,0,0,0,-1,-1,-1,0.000000
5273,0,-1,-1,-1,-1,0,-1,-1,-1,-1.000000,-1.000000,460,0,0,0,0,0,-1,-1,-1,0.000000
5274,0,-1,-1,-1,-1,0,-1,-1,-1,-1.000000,-1.000000,230,0,0,0,0,0,-1,-1,-1,0.000000
5275,0,-1,-1,-1,-1,0,-1,-1,-1,-1.000000,-1.000000,487,0,0,0,0,0,-1,-1,-1,0.000000
5276,0,-1,-1,-1,-1,0,-1,-1,-1,-1.000000,-1.000000,194,0,0,0,0,0,-1,-1,-1,0.000000
5277,0,23,-1,-1,2167,765,64,3,2,0.000000,0.000000,37,775,0,187,0,187,23,-1,-1,0.000000
5278,0,31,-1,-1,7180,656,58,3,2,0.000000,0.000000,61,658,0,214,0,214,31,-1,-1,0.000000
5279,0,-1,-1,-1,-1,0,-1,-1,-1,-1.000000,-1.000000,117,0,0,0,0,0,-1,-1,-1,0.000000
5280,0,-1,-1,-1,-1,0,-1,-1,-1,-1.000000,-1.000000,433,0,0,0,0,0,-1,-1,-1,0.000000
5281,0,42,-1,-1,2311,644,52,3,4,0.000000,0.000000,30,854,0,83,0,83,42,-1,-1,0.000000
5282,0,-1,-1,-1,-1,0,-1,-1,-1,-1.000000,-1.000000,187,0,0,0,0,0,-1,-1,-1,0.000000
5283,0,-1,-1,-1,-1,0,-1,-1,-1,-1.000000,-1.000000,520,0,0,0,0,0,-1,-1,-1,0.000000
5284,0,-1,-1,-1,-1,0,-1,-1,-1,-1.000000,-1.000000,119,0,0,0,0,0,-1,-1,-1,0.000000
5285,0,-1,-1,-1,-1,0,-1,-1,-1,-1.000000,-1.000000,110,0,0,0,0,0,-1,-1,-1,0.000000
5286,0,-1,-1,-1,-1,0,-1,-1,-1,-1.000000,-1.000000,323,0,0,0,0,0,-1,-1,-1,0.000000
5287,0,-1,-1,-1,-1,0,-1,-1,-1,-1.000000,-1.000000,253,0,0,0,0,0,-1,-1,-1,0.000000
5288,0,-1,-1,-1,-1,0,-1,-1,-1,-1.000000,-1.000000,437,0,0,0,0,0,-1,-1,-1,0.000000
5289,0,-1,-1,-1,-1,0,-1,-1,-1,-1.000000,-1.000000,373,0,0,0,0,0,-1,-1,-1,0.000000
5290,0,-1,-1,-1,-1,0,-1,-1,-1,-1.000000,-1.000000,381,0,0,0,0,0,-1,-1,-1,0.000000
5291,0,23,-1,-1,1091,745,64,3,2,0.000000,0.000000,37,759,0,123,0,123,23,-1,-1,0.000000
5292,0,-1,-1,-1,-1,0,-1,-1,-1,-1.000000,-1.000000,387,0,0,0,0,0,-1,-1,-1,0.000000
5293,0,139,-1,-1,7092,241,34,3,2,0.000000,0.000000,53,345,0,89,0,89,139,-1,-1,0.000000
5294,0,-1,-1,-1,-1,0,-1,-1,-1,-1.000000,-1.000000,79,0,0,0,0,0,-1,-1,-1,0.000000
5295,0,-1,-1,-1,-1,0,-1,-1,-1,-1.000000,-1.000000,105,0,0,0,0,0,-1,-1,-1,0.000000
5296,0,-1,-1,-1,-1,0,-1,-1,-1,-1.000000,-1.000000,233,0,0,0,0,0,-1,-1,-1,0.000000
5297,0,-1,-1,-1,-1,0,-1,-1,-1,-1.000000,-1.000000,149,0,0,0,0,0,-1,-1,-1,0.000000
5298,0,41,-1,-1,3983,65,50,3,4,0.000000,0.000000,104,133,0,39,0,39,41,-1,-1,0.000000
5299,0,-1,-1,-1,-1,0,-1,-1,-1,-1.000000,-1.000000,317,0,0,0,0,0,-1,-1,-1,0.000000
5300,0,-1,-1,-1,-1,0,-1,-1,-1,-1.000000,-1.000000,107,0,0,0,0,0,-1,-1,-1,0.000000
5301,0,-1,-1,-1,-1,0,-1,-1,-1,-1.000000,-1.000000,383,0,0,0,0,0,-1,-1,-1,0.000000
5302,0,-1,-1,-1,-1,0,-1,-1,-1,-1.000000,-1.000000,203,0,0,0,0,0,-1,-1,-1,0.000000
5303,0,-1,-1,-1,-1,0,-1,-1,-1,-1.000000,-1.000000,251,0,0,0,0,0,-1,-1,-1,0.000000
5304,0,-1,-1,-1,-1,0,-1,-1,-1,-1.000000,-1.000000,134,0,0,0,0,0,-1,-1,-1,0.000000
5305,0,28,-1,-1,4097,171,59,3,4,0.000000,0.000000,67,279,0,80,0,80,28,-1,-1,0.000000
5306,0,-1,-1,-1,-1,0,-1,-1,-1,-1.000000,-1.000000,241,0,0,0,0,0,-1,-1,-1,0.000000
5307,0,20,-1,-1,1875,656,67,3,4,0.000000,0.000000,27,762,0,217,0,217,20,-1,-1,0.000000
5308,0,-1,-1,-1,-1,0,-1,-1,-1,-1.000000,-1.000000,143,0,0,0,0,0,-1,-1,-1,0.000000
5309,0,-1,-1,-1,-1,0,-1,-1,-1,-1.000000,-1.000000,460,0,0,0,0,0,-1,-1,-1,0.000000
5310,0,22,-1,-1,7650,767,66,3,2,0.000000,0.000000,41,755,0,215,0,215,22,-1,-1,0.000000
5311,0,-1,-1,-1,-1,0,-1,-1,-1,-1.000000,-1.000000,236,0,0,0,0,0,-1,-1,-1,0.000000
5312,0,54,-1,-1,455,0,47,3,4,0.000000,0.000000,97,2,0,3,0,3,54,-1,-1,0.000000
5313,0,601,-1,-1,5794,5,19,3,2,0.000000,0.000000,72,36,0,6,0,6,601,-1,-1,0.000000
5314,0,-1,-1,-1,-1,0,-1,-1,-1,-1.000000,-1.000000,195,0,0,0,0,0,-1,-1,-1,0.000000
5315,0,-1,-1,-1,-1,0,-1,-1,-1,-1.000000,-1.000000,157,0,0,0,0,0,-1,-1,-1,0.000000
5316,0,-1,-1,-1,-1,0,-1,-1,-1,-1.000000,-1.000000,234,0,0,0,0,0,-1,-1,-1,0.000000
5317,0,-1,-1,-1,-1,0,-1,-1,-1,-1.000000,-1.000000,251,0,0,0,0,0,-1,-1,-1,0.000000
5318,0,-1,-1,-1,-1,0,-1,-1,-1,-1.000000,-1.000000,481,0,0,0,0,0,-1,-1,-1,0.000000
5319,0,18,-1,-1,409,670,68,3,2,0.000000,0.000000,19,802,0,179,0,179,18,-1,-1,0.000000
5320,0,-1,-1,-1,-1,0,-1,-1,-1,-1.000000,-1.000000,283,0,0,0,0,0,-1,-1,-1,0.000000
5321,0,543,-1,-1,3921,0,17,3,4,0.000000,0.000000,97,2,0,0,0,0,543,-1,-1,0.000000
5322,0,-1,-1,-1,-1,0,-1,-1,-1,-1.000000,-1.000000,95,0,0,0,0,0,-1,-1,-1,0.000000
5323,0,25,-1,-1,3018,884,65,3,4,0.000000,0.000000,23,725,0,250,0,250,25,-1,-1,0.000000
5324,0,-1,-1,-1,-1,0,-1,-1,-1,-1.000000,-1.000000,210,0,0,0,0,0,-1,-1,-1,0.000000
5325,0,-1,-1,-1,-1,0,-1,-1,-1,-1.000000,-1.000000,277,0,0,0,0,0,-1,-1,-1,0.000000
5326,0,117,-1,-1,7676,0,38,3,2,0.000000,0.000000,81,12,0,2,0,2,117,-1,-1,0.000000
5327,0,-1,-1,-1,-1,0,-1,-1,-1,-1.000000,-1.000000,355,0,0,0,0,0,-1,-1,-1,0.000000
5328,0,-1,-1,-1,-1,0,-1,-1,-1,-1.000000,-1.000000,255,0,0,0,0,0,-1,-1,-1,0.000000
5329,0,45,-1,-1,5783,382,49,3,4,0.000000,0.000000,81,463,0,131,0,131,45,-1,-1,0.000000
5330,0,-1,-1,-1,-1,0,-1,-1,-1,-1.000000,-1.000000,127,0,0,0,0,0,-1,-1,-1,0.000000
5331,0,-1,-1,-1,-1,0,-1,-1,-1,-1.000000,-1.000000,121,0,0,0,0,0,-1,-1,-1,0.000000
5332,0,-1,-1,-1,-1,0,-1,-1,-1,-1.000000,-1.000000,502,0,0,0,0,0,-1,-1,-1,0.000000
5333,0,-1,-1,-1,-1,0,-1,-1,-1,-1.000000,-1.000000,282,0,0,0,0,0,-1,-1,-1,0.000000
5334,0,-1,-1,-1,-1,0,-1,-1,-1,-1.000000,-1.000000,247,0,0,0,0,0,-1,-1,-1,0.000000
5335,0,-1,-1,-1,-1,0,-1,-1,-1,-1.000000,-1.000000,271,0,0,0,0,0,-1,-1,-1,0.000000
5336,0,-1,-1,-1,-1,0,-1,-1,-1,-1.000000,-1.000000,294,0,0,0,0,0,-1,-1,-1,0.000000
5337,0,-1,-1,-1,-1,0,-1,-1,-1,-1.000000,-1.000000,117,0,0,0,0,0,-1,-1,-1,0.000000
5338,0,33,-1,-1,3066,0,54,3,2,0.000000,0.000000,85,5,0,2,0,2,33,-1,-1,0.000000
5339,0,-1,-1,-1,-1,0,-1,-1,-1,-1.000000,-1.000000,32,0,0,0,0,0,-1,-1,-1,0.000000
5340,0,-1,-1,-1,-1,0,-1,-1,-1,-1.000000,-1.000000,375,0,0,0,0,0,-1,-1,-1,0.000000
5341,0,-1,-1,-1,-1,0,-1,-1,-1,-1.000000,-1.000000,143,0,0,0,0,0,-1,-1,-1,0.000000
5342,0,-1,-1,-1,-1,0,-1,-1,-1,-1.000000,-1.000000,127,0,0,0,0,0,-1,-1,-1,0.000000
5343,0,-1,-1,-1,-1,0,-1,-1,-1,-1.000000,-1.000000,113,0,0,0,0,0,-1,-1,-1,0.000000
5344,0,-1,-1,-1,-1,0,-1,-1,-1,-1.000000,-1.000000,225,0,0,0,0,0,-1,-1,-1,0.000000
5345,0,-1,-1,-1,-1,0,-1,-1,-1,-1.000000,-1.000000,436,0,0,0,0,0,-1,-1,-1,0.000000
5346,0,-1,-1,-1,-1,0,-1,-1,-1,-1.000000,-1.000000,295,0,0,0,0,0,-1,-1,-1,0.000000
5347,0,24,-1,-1,7160,648,63,3,4,0.000000,0.000000,35,674,0,294,0,294,24,-1,-1,0.000000
5348,0,-1,-1,-1,-1,0,-1,-1,-1,-1.000000,-1.000000,185,0,0,0,0,0,-1,-1,-1,0.000000
5349,0,43,-1,-1,654,97,50,3,2,0.000000,0.000000,71,189,0,78,0,78,43,-1,-1,0.000000
5350,0,-1,-1,-1,-1,0,-1,-1,-1,-1.000000,-1.000000,241,0,0,0,0,0,-1,-1,-1,0.000000
5351,0,-1,-1,-1,-1,0,-1,-1,-1,-1.000000,-1.000000,311,0,0,0,0,0,-1,-1,-1,0.000000
5352,0,51,-1,-1,6540,151,47,3,4,0.000000,0.000000,65,287,0,57,0,57,51,-1,-1,0.000000
5353,0,43,-1,-1,4357,146,50,3,2,0.000000,0.000000,59,260,0,75,0,75,43,-1,-1,0.000000
5354,0,80,-1,-1,2025,30,41,3,2,0.000000,0.000000,82,117,0,34,0,34,80,-1,-1,0.000000
5355,0,-1,-1,-1,-1,0,-1,-1,-1,-1.000000,-1.000000,187,0,0,0,0,0,-1,-1,-1,0.000000
5356,0,206,-1,-1,2582,95,29,3,2,0.000000,0.000000,84,195,0,56,0,56,206,-1,-1,0.000000
5357,0,-1,-1,-1,-1,0,-1,-1,-1,-1.000000,-1.000000,388,0,0,0,0,0,-1,-1,-1,0.000000
5358,0,-1,-1,-1,-1,0,-1,-1,-1,-1.000000,-1.000000,365,0,0,0,0,0,-1,-1,-1,0.000000
5359,0,-1,-1,-1,-1,0,-1,-1,-1,-1.000000,-1.000000,311,0,0,0,0,0,-1,-1,-1,0.000000
5360,0,32,-1,-1,3214,171,55,3,4,0.000000,0.000000,83,329,0,81,0,81,32,-1,-1,0.000000
5361,0,-1,-1,-1,-1,0,-1,-1,-1,-1.000000,-1.000000,121,0,0,0,0,0,-1,-1,-1,0.000000
5362,0,-1,-1,-1,-1,0,-1,-1,-1,-1.000000,-1.000000,191,0,0,0,0,0,-1,-1,-1,0.000000
5363,0,-1,-1,-1,-1,0,-1,-1,-1,-1.000000,-1.000000,296,0,0,0,0,0,-1,-1,-1,0.000000
5364,0,-1,-1,-1,-1,0,-1,-1,-1,-1.000000,-1.000000,125,0,0,0,0,0,-1,-1,-1,0.000000
5365,0,-1,-1,-1,-1,0,-1,-1,-1,-1.000000,-1.000000,330,0,0,0,0,0,-1,-1,-1,0.000000
5366,0,-1,-1,-1,-1,0,-1,-1,-1,-1.000000,-1.000000,237,0,0,0,0,0,-1,-1,-1,0.000000
5367,0,-1,-1,-1,-1,0,-1,-1,-1,-1.000000,-1.000000,155,0,0,0,0,0,-1,-1,-1,0.000000
5368,0,-1,-1,-1,-1,0,-1,-1,-1,-1.000000,-1.000000,208,0,0,0,0,0,-1,-1,-1,0.000000
5369,0,94,-1,-1,3952,0,40,3,2,0.000000,0.000000,75,8,0,4,0,4,94,-1,-1,0.000000
5370,0,-1,-1,-1,-1,0,-1,-1,-1,-1.000000,-1.000000,153,0,0,0,0,0,-1,-1,-1,0.000000
5371,0,28,-1,-1,7580,674,58,3,2,0.000000,0.000000,55,737,0,155,0,155,28,-1,-1,0.000000
5372,0,976,-1,-1,1852,0,15,3,2,0.000000,0.000000,84,1,0,0,0,0,976,-1,-1,0.000000
5373,0,-1,-1,-1,-1,0,-1,-1,-1,-1.000000,-1.000000,450,0,0,0,0,0,-1,-1,-1,0.000000
5374,0,-1,-1,-1,-1,0,-1,-1,-1,-1.000000,-1.000000,159,0,0,0,0,0,-1,-1,-1,0.000000
5375,0,-1,-1,-1,-1,0,-1,-1,-1,-1.000000,-1.000000,121,0,0,0,0,0,-1,-1,-1,0.000000
5376,0,22,-1,-1,3743,835,66,3,2,0.000000,0.000000,37,766,0,204,0,204,22,-1,-1,0.000000
5377,0,-1,-1,-1,-1,0,-1,-1,-1,-1.000000,-1.000000,296,0,0,0,0,0,-1,-1,-1,0.000000
5378,0,-1,-1,-1,-1,0,-1,-1,-1,-1.000000,-1.000000,223,0,0,0,0,0,-1,-1,-1,0.000000
5379,0,57,-1,-1,3675,528,46,3,2,0.000000,0.000000,59,610,0,140,0,140,57,-1,-1,0.000000
5380,0,-1,-1,-1,-1,0,-1,-1,-1,-1.000000,-1.000000,225,0,0,0,0,0,-1,-1,-1,0.000000
5381,0,34,-1,-1,6582,763,55,3,4,0.000000,0.000000,19,807,0,158,0,158,34,-1,-1,0.000000
5382,0,-1,-1,-1,-1,0,-1,-1,-1,-1.000000,-1.000000,357,0,0,0,0,0,-1,-1,-1,0.000000
5383,0,-1,-1,-1,-1,0,-1,-1,-1,-1.000000,-1.000000,297,0,0,0,0,0,-1,-1,-1,0.000000
5384,0,-1,-1,-1,-1,0,-1,-1,-1,-1.000000,-1.000000,81,0,0,0,0,0,-1,-1,-1,0.000000
5385,0,-1,-1,-1,-1,0,-1,-1,-1,-1.000000,-1.000000,85,0,0,0,0,0,-1,-1,-1,0.000000
5386,0,-1,-1,-1,-1,0,-1,-1,-1,-1.000000,-1.000000,154,0,0,0,0,0,-1,-1,-1,0.000000
5387,0,28,-1,-1,4316,12,60,3,2,0.000000,0.000000,71,70,0,16,0,16,28,-1,-1,0.000000
5388,0,-1,-1,-1,-1,0,-1,-1,-1,-1.000000,-1.000000,380,0,0,0,0,0,-1,-1,-1,0.000000
5389,0,407,-1,-1,2400,91,23,3,2,0.000000,0.000000,62,181,0,40,0,40,407,-1,-1,0.000000
5390,0,-1,-1,-1,-1,0,-1,-1,-1,-1.000000,-1.000000,203,0,0,0,0,0,-1,-1,-1,0.000000
5391,0,-1,-1,-1,-1,0,-1,-1,-1,-1.000000,-1.000000,99,0,0,0,0,0,-1,-1,-1,0.000000
5392,0,-1,-1,-1,-1,0,-1,-1,-1,-1.000000,-1.000000,233,0,0,0,0,0,-1,-1,-1,0.000000
5393,0,-1,-1,-1,-1,0,-1,-1,-1,-1.000000,-1.000000,213,0,0,0,0,0,-1,-1,-1,0.000000
5394,0,-1,-1,-1,-1,0,-1,-1,-1,-1.000000,-1.000000,107,0,0,0,0,0,-1,-1,-1,0.000000
5395,0,27,-1,-1,1206,533,61,3,4,0.000000,0.000000,69,580,0,161,0,161,27,-1,-1,0.000000
5396,0,242,-1,-1,2426,0,27,3,2,0.000000,0.000000,80,7,0,2,0,2,242,-1,-1,0.000000
5397,0,-1,-1,-1,-1,0,-1,-1,-1,-1.000000,-1.000000,261,0,0,0,0,0,-1,-1,-1,0.000000
5398,0,-1,-1,-1,-1,0,-1,-1,-1,-1.000000,-1.000000,324,0,0,0,0,0,-1,-1,-1,0.000000
5399,0,-1,-1,-1,-1,0,-1,-1,-1,-1.000000,-1.000000,171,0,0,0,0,0,-1,-1,-1,0.000000
5400,0,-1,-1,-1,-1,0,-1,-1,-1,-1.000000,-1.000000,261,0,0,0,0,0,-1,-1,-1,0.000000
5401,0,-1,-1,-1,-1,0,-1,-1,-1,-1.000000,-1.000000,343,0,0,0,0,0,-1,-1,-1,0.000000
5402,0,28,-1,-1,2596,670,59,3,4,0.000000,0.000000,63,607,0,296,0,296,28,-1,-1,0.000000
5403,0,-1,-1,-1,-1,0,-1,-1,-1,-1.000000,-1.000000,202,0,0,0,0,0,-1,-1,-1,0.000000
5404,0,-1,-1,-1,-1,0,-1,-1,-1,-1.000000,-1.000000,146,0,0,0,0,0,-1,-1,-1,0.000000
5405,0,-1,-1,-1,-1,0,-1,-1,-1,-1.000000,-1.000000,293,0,0,0,0,0,-1,-1,-1,0.000000
5406,0,-1,-1,-1,-1,0,-1,-1,-1,-1.000000,-1.000000,326,0,0,0,0,0,-1,-1,-1,0.000000
5407,0,-1,-1,-1,-1,0,-1,-1,-1,-1.000000,-1.000000,367,0,0,0,0,0,-1,-1,-1,0.000000
5408,0,-1,-1,-1,-1,0,-1,-1,-1,-1.000000,-1.000000,129,0,0,0,0,0,-1,-1,-1,0.000000
5409,0,26,-1,-1,627,831,63,3,4,0.000000,0.000000,41,735,0,214,0,214,26,-1,-1,0.000000
5410,0,-1,-1,-1,-1,0,-1,-1,-1,-1.000000,-1.000000,351,0,0,0,0,0,-1,-1,-1,0.000000
5411,0,-1,-1,-1,-1,0,-1,-1,-1,-1.000000,-1.000000,155,0,0,0,0,0,-1,-1,-1,0.000000
5412,0,-1,-1,-1,-1,0,-1,-1,-1,-1.000000,-1.000000,260,0,0,0,0,0,-1,-1,-1,0.000000
5413,0,-1,-1,-1,-1,0,-1,-1,-1,-1.000000,-1.000000,202,0,0,0,0,0,-1,-1,-1,0.000000
5414,0,-1,-1,-1,-1,0,-1,-1,-1,-1.000000,-1.000000,336,0,0,0,0,0,-1,-1,-1,0.000000
5415,0,-1,-1,-1,-1,0,-1,-1,-1,-1.000000,-1.000000,369,0,0,0,0,0,-1,-1,-1,0.000000
5416,0,-1,-1,-1,-1,0,-1,-1,-1,-1.000000,-1.000000,326,0,0,0,0,0,-1,-1,-1,0.000000
5417,0,-1,-1,-1,-1,0,-1,-1,-1,-1.000000,-1.000000,105,0,0,0,0,0,-1,-1,-1,0.000000
5418,0,-1,-1,-1,-1,0,-1,-1,-1,-1.000000,-1.000000,103,0,0,0,0,0,-1,-1,-1,0.000000
5419,0,-1,-1,-1,-1,0,-1,-1,-1,-1.000000,-1.000000,392,0,0,0,0,0,-1,-1,-1,0.000000
5420,0,-1,-1,-1,-1,0,-1,-1,-1,-1.000000,-1.000000,365,0,0,0,0,0,-1,-1,-1,0.000000
5421,0,-1,-1,-1,-1,0,-1,-1,-1,-1.000000,-1.000000,462,0,0,0,0,0,-1,-1,-1,0.000000
5422,0,-1,-1,-1,-1,0,-1,-1,-1,-1.000000,-1.000000,219,0,0,0,0,0,-1,-1,-1,0.000000
5423,0,-1,-1,-1,-1,0,-1,-1,-1,-1.000000,-1.000000,219,0,0,0,0,0,-1,-1,-1,0.000000
5424,0,20,-1,-1,1579,595,67,3,4,0.000000,0.000000,13,766,0,214,0,214,20,-1,-1,0.000000
5425,0,-1,-1,-1,-1,0,-1,-1,-1,-1.000000,-1.000000,132,0,0,0,0,0,-1,-1,-1,0.000000
5426,0,-1,-1,-1,-1,0,-1,-1,-1,-1.000000,-1.000000,260,0,0,0,0,0,-1,-1,-1,0.000000
5427,0,327,-1,-1,3795,0,23,3,4,0.000000,0.000000,91,1,0,1,0,1,327,-1,-1,0.000000
5428,0,-1,-1,-1,-1,0,-1,-1,-1,-1.000000,-1.000000,361,0,0,0,0,0,-1,-1,-1,0.000000
5429,0,-1,-1,-1,-1,0,-1,-1,-1,-1.000000,-1.000000,243,0,0,0,0,0,-1,-1,-1,0.000000
5430,0,-1,-1,-1,-1,0,-1,-1,-1,-1.000000,-1.000000,143,0,0,0,0,0,-1,-1,-1,0.000000
5431,0,-1,-1,-1,-1,0,-1,-1,-1,-1.000000,-1.000000,375,0,0,0,0,0,-1,-1,-1,0.000000
5432,0,-1,-1,-1,-1,0,-1,-1,-1,-1.000000,-1.000000,211,0,0,0,0,0,-1,-1,-1,0.000000
5433,0,-1,-1,-1,-1,0,-1,-1,-1,-1.000000,-1.000000,257,0,0,0,0,0,-1,-1,-1,0.000000
5434,0,-1,-1,-1,-1,0,-1,-1,-1,-1.000000,-1.000000,107,0,0,0,0,0,-1,-1,-1,0.000000
5435,0,-1,-1,-1,-1,0,-1,-1,-1,-1.000000,-1.000000,357,0,0,0,0,0,-1,-1,-1,0.000000
5436,0,-1,-1,-1,-1,0,-1,-1,-1,-1.000000,-1.000000,220,0,0,0,0,0,-1,-1,-1,0.000000
5437,0,-1,-1,-1,-1,0,-1,-1,-1,-1.000000,-1.000000,201,0,0,0,0,0,-1,-1,-1,0.000000
5438,0,-1,-1,-1,-1,0,-1,-1,-1,-1.000000,-1.000000,405,0,0,0,0,0,-1,-1,-1,0.000000
5439,0,-1,-1,-1,-1,0,-1,-1,-1,-1.000000,-1.000000,385,0,0,0,0,0,-1,-1,-1,0.000000
5440,0,-1,-1,-1,-1,0,-1,-1,-1,-1.000000,-1.000000,478,0,0,0,0,0,-1,-1,-1,0.000000
5441,0,-1,-1,-1,-1,0,-1,-1,-1,-1.000000,-1.000000,343,0,0,0,0,0,-1,-1,-1,0.000000
5442,0,142,-1,-1,7915,616,33,3,2,0.000000,0.000000,34,677,0,158,0,158,142,-1,-1,0.000000
5443,0,-1,-1,-1,-1,0,-1,-1,-1,-1.000000,-1.000000,253,0,0,0,0,0,-1,-1,-1,0.000000
5444,0,-1,-1,-1,-1,0,-1,-1,-1,-1.000000,-1.000000,169,0,0,0,0,0,-1,-1,-1,0.000000
5445,0,-1,-1,-1,-1,0,-1,-1,-1,-1.000000,-1.000000,135,0,0,0,0,0,-1,-1,-1,0.000000
5446,0,22,-1,-1,1338,814,65,3,4,0.000000,0.000000,15,756,0,222,0,222,22,-1,-1,0.000000
5447,0,183,-1,-1,5649,548,32,3,2,0.000000,0.000000,27,727,0,72,0,72,183,-1,-1,0.000000
5448,0,237,-1,-1,5337,100,30,3,4,0.000000,0.000000,66,209,0,26,0,26,237,-1,-1,0.000000
5449,0,-1,-1,-1,-1,0,-1,-1,-1,-1.000000,-1.000000,364,0,0,0,0,0,-1,-1,-1,0.000000
5450,0,-1,-1,-1,-1,0,-1,-1,-1,-1.000000,-1.000000,315,0,0,0,0,0,-1,-1,-1,0.000000
5451,0,-1,-1,-1,-1,0,-1,-1,-1,-1.000000,-1.000000,241,0,0,0,0,0,-1,-1,-1,0.000000
5452,0,-1,-1,-1,-1,0,-1,-1,-1,-1.000000,-1.000000,115,0,0,0,0,0,-1,-1,-1,0.000000
5453,0,-1,-1,-1,-1,0,-1,-1,-1,-1.000000,-1.000000,149,0,0,0,0,0,-1,-1,-1,0.000000
5454,0,-1,-1,-1,-1,0,-1,-1,-1,-1.000000,-1.000000,121,0,0,0,0,0,-1,-1,-1,0.000000
5455,0,-1,-1,-1,-1,0,-1,-1,-1,-1.000000,-1.000000,261,0,0,0,0,0,-1,-1,-1,0.000000
5456,0,-1,-1,-1,-1,0,-1,-1,-1,-1.000000,-1.000000,303,0,0,0,0,0,-1,-1,-1,0.000000
5457,0,-1,-1,-1,-1,0,-1,-1,-1,-1.000000,-1.000000,167,0,0,0,0,0,-1,-1,-1,0.000000
5458,0,-1,-1,-1,-1,0,-1,-1,-1,-1.000000,-1.000000,207,0,0,0,0,0,-1,-1,-1,0.000000
5459,0,-1,-1,-1,-1,0,-1,-1,-1,-1.000000,-1.000000,518,0,0,0,0,0,-1,-1,-1,0.000000
5460,0,22,-1,-1,1318,709,65,3,4,0.000000,0.000000,39,723,0,217,0,217,22,-1,-1,0.000000
5461,0,-1,-1,-1,-1,0,-1,-1,-1,-1.000000,-1.000000,167,0,0,0,0,0,-1,-1,-1,0.000000
5462,0,-1,-1,-1,-1,0,-1,-1,-1,-1.000000,-1.000000,188,0,0,0,0,0,-1,-1,-1,0.000000
5463,0,-1,-1,-1,-1,0,-1,-1,-1,-1.000000,-1.000000,169,0,0,0,0,0,-1,-1,-1,0.000000
5464,0,-1,-1,-1,-1,0,-1,-1,-1,-1.000000,-1.000000,135,0,0,0,0,0,-1,-1,-1,0.000000
5465,0,-1,-1,-1,-1,0,-1,-1,-1,-1.000000,-1.000000,373,0,0,0,0,0,-1,-1,-1,0.000000
5466,0,-1,-1,-1,-1,0,-1,-1,-1,-1.000000,-1.000000,215,0,0,0,0,0,-1,-1,-1,0.000000
5467,0,24,-1,-1,2427,560,63,3,4,0.000000,0.000000,25,743,0,233,0,233,24,-1,-1,0.000000
5468,0,-1,-1,-1,-1,0,-1,-1,-1,-1.000000,-1.000000,298,0,0,0,0,0,-1,-1,-1,0.000000
5469,0,-1,-1,-1,-1,0,-1,-1,-1,-1.000000,-1.000000,81,0,0,0,0,0,-1,-1,-1,0.000000
5470,0,-1,-1,-1,-1,0,-1,-1,-1,-1.000000,-1.000000,373,0,0,0,0,0,-1,-1,-1,0.000000
5471,0,27,-1,-1,1909,351,59,3,4,0.000000,0.000000,63,435,0,149,0,149,27,-1,-1,0.000000
5472,0,-1,-1,-1,-1,0,-1,-1,-1,-1.000000,-1.000000,452,0,0,0,0,0,-1,-1,-1,0.000000
5473,0,-1,-1,-1,-1,0,-1,-1,-1,-1.000000,-1.000000,321,0,0,0,0,0,-1,-1,-1,0.000000
5474,0,-1,-1,-1,-1,0,-1,-1,-1,-1.000000,-1.000000,101,0,0,0,0,0,-1,-1,-1,0.000000
5475,0,-1,-1,-1,-1,0,-1,-1,-1,-1.000000,-1.000000,315,0,0,0,0,0,-1,-1,-1,0.000000
5476,0,-1,-1,-1,-1,0,-1,-1,-1,-1.000000,-1.000000,437,0,0,0,0,0,-1,-1,-1,0.000000
5477,0,-1,-1,-1,-1,0,-1,-1,-1,-1.000000,-1.000000,237,0,0,0,0,0,-1,-1,-1,0.000000
5478,0,-1,-1,-1,-1,0,-1,-1,-1,-1.000000,-1.000000,376,0,0,0,0,0,-1,-1,-1,0.000000
5479,0,912,-1,-1,2012,0,13,3,4,0.000000,0.000000,143,1,0,0,0,0,912,-1,-1,0.000000
5480,0,-1,-1,-1,-1,0,-1,-1,-1,-1.000000,-1.000000,131,0,0,0,0,0,-1,-1,-1,0.000000
5481,0,-1,-1,-1,-1,0,-1,-1,-1,-1.000000,-1.000000,182,0,0,0,0,0,-1,-1,-1,0.000000
5482,0,-1,-1,-1,-1,0,-1,-1,-1,-1.000000,-1.000000,89,0,0,0,0,0,-1,-1,-1,0.000000
5483,0,22,-1,-1,6309,809,68,3,2,0.000000,0.000000,33,729,0,240,0,240,22,-1,-1,0.000000
5484,0,-1,-1,-1,-1,0,-1,-1,-1,-1.000000,-1.000000,392,0,0,0,0,0,-1,-1,-1,0.000000
5485,0,-1,-1,-1,-1,0,-1,-1,-1,-1.000000,-1.000000,351,0,0,0,0,0,-1,-1,-1,0.000000
5486,0,-1,-1,-1,-1,0,-1,-1,-1,-1.000000,-1.000000,355,0,0,0,0,0,-1,-1,-1,0.000000
5487,0,-1,-1,-1,-1,0,-1,-1,-1,-1.000000,-1.000000,163,0,0,0,0,0,-1,-1,-1,0.000000
5488,0,-1,-1,-1,-1,0,-1,-1,-1,-1.000000,-1.000000,223,0,0,0,0,0,-1,-1,-1,0.000000
5489,0,-1,-1,-1,-1,0,-1,-1,-1,-1.000000,-1.000000,271,0,0,0,0,0,-1,-1,-1,0.000000
5490,0,57,-1,-1,3801,184,45,3,4,0.000000,0.000000,89,287,0,80,0,80,57,-1,-1,0.000000
5491,0,841,-1,-1,2108,2,15,3,4,0.000000,0.000000,69,13,0,1,0,1,841,-1,-1,0.000000
5492,0,-1,-1,-1,-1,0,-1,-1,-1,-1.000000,-1.000000,253,0,0,0,0,0,-1,-1,-1,0.000000
5493,0,-1,-1,-1,-1,0,-1,-1,-1,-1.000000,-1.000000,251,0,0,0,0,0,-1,-1,-1,0.000000
5494,0,31,-1,-1,7782,327,56,3,2,0.000000,0.000000,53,417,0,110,0,110,31,-1,-1,0.000000
5495,0,23,-1,-1,1185,734,64,3,2,0.000000,0.000000,55,768,0,166,0,166,23,-1,-1,0.000000
5496,0,53,-1,-1,6733,160,46,3,2,0.000000,0.000000,51,287,0,55,0,55,53,-1,-1,0.000000
5497,0,-1,-1,-1,-1,0,-1,-1,-1,-1.000000,-1.000000,323,0,0,0,0,0,-1,-1,-1,0.000000
5498,0,24,-1,-1,5399,698,64,3,2,0.000000,0.000000,61,705,0,165,0,165,24,-1,-1,0.000000
5499,0,-1,-1,-1,-1,0,-1,-1,-1,-1.000000,-1.000000,129,0,0,0,0,0,-1,-1,-1,0.000000
5500,0,-1,-1,-1,-1,0,-1,-1,-1,-1.000000,-1.000000,364,0,0,0,0,0,-1,-1,-1,0.000000
5501,0,-1,-1,-1,-1,0,-1,-1,-1,-1.000000,-1.000000,181,0,0,0,0,0,-1,-1,-1,0.000000
5502,0,262,-1,-1,1022,451,28,3,2,0.000000,0.000000,41,507,0,76,0,76,262,-1,-1,0.000000
5503,0,-1,-1,-1,-1,0,-1,-1,-1,-1.000000,-1.000000,182,0,0,0,0,0,-1,-1,-1,0.000000
5504,0,-1,-1,-1,-1,0,-1,-1,-1,-1.000000,-1.000000,477,0,0,0,0,0,-1,-1,-1,0.000000
5505,0,-1,-1,-1,-1,0,-1,-1,-1,-1.000000,-1.000000,419,0,0,0,0,0,-1,-1,-1,0.000000
5506,0,-1,-1,-1,-1,0,-1,-1,-1,-1.000000,-1.000000,145,0,0,0,0,0,-1,-1,-1,0.000000
5507,0,-1,-1,-1,-1,0,-1,-1,-1,-1.000000,-1.000000,147,0,0,0,0,0,-1,-1,-1,0.000000
5508,0,88,-1,-1,3884,655,42,3,2,0.000000,0.000000,15,793,0,117,0,117,88,-1,-1,0.000000
5509,0,-1,-1,-1,-1,0,-1,-1,-1,-1.000000,-1.000000,95,0,0,0,0,0,-1,-1,-1,0.000000
5510,0,-1,-1,-1,-1,0,-1,-1,-1,-1.000000,-1.000000,183,0,0,0,0,0,-1,-1,-1,0.000000
5511,0,-1,-1,-1,-1,0,-1,-1,-1,-1.000000,-1.000000,385,0,0,0,0,0,-1,-1,-1,0.000000
5512,0,27,-1,-1,1317,737,60,3,4,0.000000,0.000000,20,866,0,107,0,107,27,-1,-1,0.000000
5513,0,28,-1,-1,3851,379,57,3,4,0.000000,0.000000,75,450,0,161,0,161,28,-1,-1,0.000000
5514,0,-1,-1,-1,-1,0,-1,-1,-1,-1.000000,-1.000000,185,0,0,0,0,0,-1,-1,-1,0.000000
5515,0,49,-1,-1,7263,63,49,3,4,0.000000,0.000000,69,143,0,43,0,43,49,-1,-1,0.000000
5516,0,128,-1,-1,2949,421,35,3,2,0.000000,0.000000,50,518,0,129,0,129,128,-1,-1,0.000000
5517,0,-1,-1,-1,-1,0,-1,-1,-1,-1.000000,-1.000000,363,0,0,0,0,0,-1,-1,-1,0.000000
5518,0,-1,-1,-1,-1,0,-1,-1,-1,-1.000000,-1.000000,129,0,0,0,0,0,-1,-1,-1,0.000000
5519,0,-1,-1,-1,-1,0,-1,-1,-1,-1.000000,-1.000000,311,0,0,0,0,0,-1,-1,-1,0.000000
5520,0,-1,-1,-1,-1,0,-1,-1,-1,-1.000000,-1.000000,199,0,0,0,0,0,-1,-1,-1,0.000000
5521,0,-1,-1,-1,-1,0,-1,-1,-1,-1.000000,-1.000000,103,0,0,0,0,0,-1,-1,-1,0.000000
5522,0,53,-1,-1,4800,1,46,3,2,0.000000,0.000000,83,10,0,6,0,6,53,-1,-1,0.000000
5523,0,-1,-1,-1,-1,0,-1,-1,-1,-1.000000,-1.000000,151,0,0,0,0,0,-1,-1,-1,0.000000
5524,0,24,-1,-1,7076,115,63,3,4,0.000000,0.000000,79,196,0,58,0,58,24,-1,-1,0.000000
5525,0,-1,-1,-1,-1,0,-1,-1,-1,-1.000000,-1.000000,141,0,0,0,0,0,-1,-1,-1,0.000000
5526,0,-1,-1,-1,-1,0,-1,-1,-1,-1.000000,-1.000000,113,0,0,0,0,0,-1,-1,-1,0.000000
5527,0,-1,-1,-1,-1,0,-1,-1,-1,-1.000000,-1.000000,119,0,0,0,0,0,-1,-1,-1,0.000000
5528,0,-1,-1,-1,-1,0,-1,-1,-1,-1.000000,-1.000000,310,0,0,0,0,0,-1,-1,-1,0.000000
5529,0,-1,-1,-1,-1,0,-1,-1,-1,-1.000000,-1.000000,205,0,0,0,0,0,-1,-1,-1,0.000000
5530,0,-1,-1,-1,-1,0,-1,-1,-1,-1.000000,-1.000000,107,0,0,0,0,0,-1,-1,-1,0.000000
5531,0,-1,-1,-1,-1,0,-1,-1,-1,-1.000000,-1.000000,99,0,0,0,0,0,-1,-1,-1,0.000000
5532,0,24,-1,-1,5731,814,65,3,4,0.000000,0.000000,35,785,0,177,0,177,24,-1,-1,0.000000
5533,0,-1,-1,-1,-1,0,-1,-1,-1,-1.000000,-1.000000,189,0,0,0,0,0,-1,-1,-1,0.000000
5534,0,-1,-1,-1,-1,0,-1,-1,-1,-1.000000,-1.000000,81,0,0,0,0,0,-1,-1,-1,0.000000
5535,0,-1,-1,-1,-1,0,-1,-1,-1,-1.000000,-1.000000,299,0,0,0,0,0,-1,-1,-1,0.000000
5536,0,-1,-1,-1,-1,0,-1,-1,-1,-1.000000,-1.000000,339,0,0,0,0,0,-1,-1,-1,0.000000
5537,0,22,-1,-1,3938,868,65,3,4,0.000000,0.000000,29,747,0,227,0,227,22,-1,-1,0.000000
5538,0,-1,-1,-1,-1,0,-1,-1,-1,-1.000000,-1.000000,255,0,0,0,0,0,-1,-1,-1,0.000000
5539,0,-1,-1,-1,-1,0,-1,-1,-1,-1.000000,-1.000000,41,0,0,0,0,0,-1,-1,-1,0.000000
5540,0,-1,-1,-1,-1,0,-1,-1,-1,-1.000000,-1.000000,415,0,0,0,0,0,-1,-1,-1,0.000000
5541,0,-1,-1,-1,-1,0,-1,-1,-1,-1.000000,-1.000000,171,0,0,0,0,0,-1,-1,-1,0.000000
5542,0,-1,-1,-1,-1,0,-1,-1,-1,-1.000000,-1.000000,474,0,0,0,0,0,-1,-1,-1,0.000000
5543,0,-1,-1,-1,-1,0,-1,-1,-1,-1.000000,-1.000000,283,0,0,0,0,0,-1,-1,-1,0.000000
5544,0,618,-1,-1,7303,165,17,3,2,0.000000,0.000000,16,230,0,39,0,39,618,-1,-1,0.000000
5545,0,-1,-1,-1,-1,0,-1,-1,-1,-1.000000,-1.000000,434,0,0,0,0,0,-1,-1,-1,0.000000
5546,0,-1,-1,-1,-1,0,-1,-1,-1,-1.000000,-1.000000,331,0,0,0,0,0,-1,-1,-1,0.000000
5547,0,-1,-1,-1,-1,0,-1,-1,-1,-1.000000,-1.000000,240,0,0,0,0,0,-1,-1,-1,0.000000
5548,0,-1,-1,-1,-1,0,-1,-1,-1,-1.000000,-1.000000,383,0,0,0,0,0,-1,-1,-1,0.000000
5549,0,-1,-1,-1,-1,0,-1,-1,-1,-1.000000,-1.000000,217,0,0,0,0,0,-1,-1,-1,0.000000
5550,0,-1,-1,-1,-1,0,-1,-1,-1,-1.000000,-1.000000,311,0,0,0,0,0,-1,-1,-1,0.000000
5551,0,-1,-1,-1,-1,0,-1,-1,-1,-1.000000,-1.000000,158,0,0,0,0,0,-1,-1,-1,0.000000
5552,0,146,-1,-1,552,565,35,3,4,0.000000,0.000000,37,617,0,86,0,86,146,-1,-1,0.000000
5553,0,-1,-1,-1,-1,0,-1,-1,-1,-1.000000,-1.000000,352,0,0,0,0,0,-1,-1,-1,0.000000
5554,0,-1,-1,-1,-1,0,-1,-1,-1,-1.000000,-1.000000,382,0,0,0,0,0,-1,-1,-1,0.000000
5555,0,-1,-1,-1,-1,0,-1,-1,-1,-1.000000,-1.000000,295,0,0,0,0,0,-1,-1,-1,0.000000
5556,0,-1,-1,-1,-1,0,-1,-1,-1,-1.000000,-1.000000,317,0,0,0,0,0,-1,-1,-1,0.000000
5557,0,746,-1,-1,5423,66,16,3,2,0.000000,0.000000,9,116,0,20,0,20,746,-1,-1,0.000000
5558,0,28,-1,-1,2349,770,58,3,2,0.000000,0.000000,41,748,0,175,0,175,28,-1,-1,0.000000
5559,0,30,-1,-1,3772,10,58,3,2,0.000000,0.000000,69,59,0,18,0,18,30,-1,-1,0.000000
5560,0,22,-1,-1,7921,670,66,3,2,0.000000,0.000000,17,754,0,223,0,223,22,-1,-1,0.000000
5561,0,-1,-1,-1,-1,0,-1,-1,-1,-1.000000,-1.000000,223,0,0,0,0,0,-1,-1,-1,0.000000
5562,0,-1,-1,-1,-1,0,-1,-1,-1,-1.000000,-1.000000,245,0,0,0,0,0,-1,-1,-1,0.000000
5563,0,-1,-1,-1,-1,0,-1,-1,-1,-1.000000,-1.000000,477,0,0,0,0,0,-1,-1,-1,0.000000
5564,0,25,-1,-1,5686,750,62,3,2,0.000000,0.000000,73,686,0,256,0,256,25,-1,-1,0.000000
5565,0,22,-1,-1,5431,874,67,3,4,0.000000,0.000000,15,733,0,245,0,245,22,-1,-1,0.000000
5566,0,-1,-1,-1,-1,0,-1,-1,-1,-1.000000,-1.000000,217,0,0,0,0,0,-1,-1,-1,0.000000
5567,0,-1,-1,-1,-1,0,-1,-1,-1,-1.000000,-1.000000,172,0,0,0,0,0,-1,-1,-1,0.000000
5568,0,-1,-1,-1,-1,0,-1,-1,-1,-1.000000,-1.000000,287,0,0,0,0,0,-1,-1,-1,0.000000
5569,0,-1,-1,-1,-1,0,-1,-1,-1,-1.000000,-1.000000,191,0,0,0,0,0,-1,-1,-1,0.000000
5570,0,313,-1,-1,3194,0,28,3,2,0.000000,0.000000,71,14,0,3,0,3,313,-1,-1,0.000000
5571,0,168,-1,-1,6278,0,33,3,4,0.000000,0.000000,107,11,0,2,0,2,168,-1,-1,0.000000
5572,0,-1,-1,-1,-1,0,-1,-1,-1,-1.000000,-1.000000,266,0,0,0,0,0,-1,-1,-1,0.000000
5573,0,-1,-1,-1,-1,0,-1,-1,-1,-1.000000,-1.000000,397,0,0,0,0,0,-1,-1,-1,0.000000
5574,0,-1,-1,-1,-1,0,-1,-1,-1,-1.000000,-1.000000,167,0,0,0,0,0,-1,-1,-1,0.000000
5575,0,-1,-1,-1,-1,0,-1,-1,-1,-1.000000,-1.000000,268,0,0,0,0,0,-1,-1,-1,0.000000
5576,0,-1,-1,-1,-1,0,-1,-1,-1,-1.000000,-1.000000,175,0,0,0,0,0,-1,-1,-1,0.000000
5577,0,-1,-1,-1,-1,0,-1,-1,-1,-1.000000,-1.000000,374,0,0,0,0,0,-1,-1,-1,0.000000
5578,0,-1,-1,-1,-1,0,-1,-1,-1,-1.000000,-1.000000,105,0,0,0,0,0,-1,-1,-1,0.000000
5579,0,-1,-1,-1,-1,0,-1,-1,-1,-1.000000,-1.000000,102,0,0,0,0,0,-1,-1,-1,0.000000
5580,0,53,-1,-1,2108,699,47,3,4,0.000000,0.000000,43,744,0,115,0,115,53,-1,-1,0.000000
5581,0,-1,-1,-1,-1,0,-1,-1,-1,-1.000000,-1.000000,379,0,0,0,0,0,-1,-1,-1,0.000000
5582,0,-1,-1,-1,-1,0,-1,-1,-1,-1.000000,-1.000000,58,0,0,0,0,0,-1,-1,-1,0.000000
5583,0,-1,-1,-1,-1,0,-1,-1,-1,-1.000000,-1.000000,528,0,0,0,0,0,-1,-1,-1,0.000000
5584,0,353,-1,-1,6765,15,24,3,4,0.000000,0.000000,72,63,0,15,0,15,353,-1,-1,0.000000
5585,0,-1,-1,-1,-1,0,-1,-1,-1,-1.000000,-1.000000,317,0,0,0,0,0,-1,-1,-1,0.000000
5586,0,-1,-1,-1,-1,0,-1,-1,-1,-1.000000,-1.000000,253,0,0,0,0,0,-1,-1,-1,0.000000
5587,0,-1,-1,-1,-1,0,-1,-1,-1,-1.000000,-1.000000,291,0,0,0,0,0,-1,-1,-1,0.000000
5588,0,-1,-1,-1,-1,0,-1,-1,-1,-1.000000,-1.000000,413,0,0,0,0,0,-1,-1,-1,0.000000
5589,0,-1,-1,-1,-1,0,-1,-1,-1,-1.000000,-1.000000,91,0,0,0,0,0,-1,-1,-1,0.000000
5590,0,-1,-1,-1,-1,0,-1,-1,-1,-1.000000,-1.000000,167,0,0,0,0,0,-1,-1,-1,0.000000
5591,0,-1,-1,-1,-1,0,-1,-1,-1,-1.000000,-1.000000,143,0,0,0,0,0,-1,-1,-1,0.000000
5592,0,159,-1,-1,7550,652,34,3,2,0.000000,0.000000,35,640,0,138,0,138,159,-1,-1,0.000000
5593,0,-1,-1,-1,-1,0,-1,-1,-1,-1.000000,-1.000000,486,0,0,0,0,0,-1,-1,-1,0.000000
5594,0,-1,-1,-1,-1,0,-1,-1,-1,-1.000000,-1.000000,235,0,0,0,0,0,-1,-1,-1,0.000000
5595,0,17,-1,-1,5266,571,68,3,2,0.000000,0.000000,29,750,0,231,0,231,17,-1,-1,0.000000
5596,0,-1,-1,-1,-1,0,-1,-1,-1,-1.000000,-1.000000,457,0,0,0,0,0,-1,-1,-1,0.000000
5597,0,-1,-1,-1,-1,0,-1,-1,-1,-1.000000,-1.000000,159,0,0,0,0,0,-1,-1,-1,0.000000
5598,0,-1,-1,-1,-1,0,-1,-1,-1,-1.000000,-1.000000,245,0,0,0,0,0,-1,-1,-1,0.000000
5599,0,-1,-1,-1,-1,0,-1,-1,-1,-1.000000,-1.000000,166,0,0,0,0,0,-1,-1,-1,0.000000
5600,0,-1,-1,-1,-1,0,-1,-1,-1,-1.000000,-1.000000,69,0,0,0,0,0,-1,-1,-1,0.000000
5601,0,-1,-1,-1,-1,0,-1,-1,-1,-1.000000,-1.000000,221,0,0,0,0,0,-1,-1,-1,0.000000
5602,0,32,-1,-1,4370,538,55,3,2,0.000000,0.000000,40,680,0,166,0,166,32,-1,-1,0.000000
5603,0,-1,-1,-1,-1,0,-1,-1,-1,-1.000000,-1.000000,241,0,0,0,0,0,-1,-1,-1,0.000000
5604,0,-1,-1,-1,-1,0,-1,-1,-1,-1.000000,-1.000000,304,0,0,0,0,0,-1,-1,-1,0.000000
5605,0,-1,-1,-1,-1,0,-1,-1,-1,-1.000000,-1.000000,525,0,0,0,0,0,-1,-1,-1,0.000000
5606,0,42,-1,-1,963,548,51,3,2,0.000000,0.000000,46,623,0,164,0,164,42,-1,-1,0.000000
5607,0,-1,-1,-1,-1,0,-1,-1,-1,-1.000000,-1.000000,309,0,0,0,0,0,-1,-1,-1,0.000000
5608,0,-1,-1,-1,-1,0,-1,-1,-1,-1.000000,-1.000000,377,0,0,0,0,0,-1,-1,-1,0.000000
5609,0,-1,-1,-1,-1,0,-1,-1,-1,-1.000000,-1.000000,139,0,0,0,0,0,-1,-1,-1,0.000000
5610,0,-1,-1,-1,-1,0,-1,-1,-1,-1.000000,-1.000000,107,0,0,0,0,0,-1,-1,-1,0.000000
5611,0,-1,-1,-1,-1,0,-1,-1,-1,-1.000000,-1.000000,432,0,0,0,0,0,-1,-1,-1,0.000000
5612,0,-1,-1,-1,-1,0,-1,-1,-1,-1.000000,-1.000000,374,0,0,0,0,0,-1,-1,-1,0.000000
5613,0,24,-1,-1,2443,659,62,3,2,0.000000,0.000000,19,778,0,197,0,197,24,-1,-1,0.000000
5614,0,-1,-1,-1,-1,0,-1,-1,-1,-1.000000,-1.000000,382,0,0,0,0,0,-1,-1,-1,0.000000
5615,0,-1,-1,-1,-1,0,-1,-1,-1,-1.000000,-1.000000,109,0,0,0,0,0,-1,-1,-1,0.000000
5616,0,20,-1,-1,698,658,69,3,4,0.000000,0.000000,29,708,0,272,0,272,20,-1,-1,0.000000
5617,0,-1,-1,-1,-1,0,-1,-1,-1,-1.000000,-1.000000,209,0,0,0,0,0,-1,-1,-1,0.000000
5618,0,-1,-1,-1,-1,0,-1,-1,-1,-1.000000,-1.000000,149,0,0,0,0,0,-1,-1,-1,0.000000
5619,0,-1,-1,-1,-1,0,-1,-1,-1,-1.000000,-1.000000,251,0,0,0,0,0,-1,-1,-1,0.000000
5620,0,-1,-1,-1,-1,0,-1,-1,-1,-1.000000,-1.000000,77,0,0,0,0,0,-1,-1,-1,0.000000
5621,0,-1,-1,-1,-1,0,-1,-1,-1,-1.000000,-1.000000,254,0,0,0,0,0,-1,-1,-1,0.000000
5622,0,-1,-1,-1,-1,0,-1,-1,-1,-1.000000,-1.000000,195,0,0,0,0,0,-1,-1,-1,0.000000
5623,0,-1,-1,-1,-1,0,-1,-1,-1,-1.000000,-1.000000,139,0,0,0,0,0,-1,-1,-1,0.000000
5624,0,-1,-1,-1,-1,0,-1,-1,-1,-1.000000,-1.000000,130,0,0,0,0,0,-1,-1,-1,0.000000
5625,0,-1,-1,-1,-1,0,-1,-1,-1,-1.000000,-1.000000,321,0,0,0,0,0,-1,-1,-1,0.000000
5626,0,-1,-1,-1,-1,0,-1,-1,-1,-1.000000,-1.000000,396,0,0,0,0,0,-1,-1,-1,0.000000
5627,0,-1,-1,-1,-1,0,-1,-1,-1,-1.000000,-1.000000,123,0,0,0,0,0,-1,-1,-1,0.000000
5628,0,110,-1,-1,7498,2,37,3,2,0.000000,0.000000,108,14,0,9,0,9,110,-1,-1,0.000000
5629,0,-1,-1,-1,-1,0,-1,-1,-1,-1.000000,-1.000000,162,0,0,0,0,0,-1,-1,-1,0.000000
5630,0,-1,-1,-1,-1,0,-1,-1,-1,-1.000000,-1.000000,203,0,0,0,0,0,-1,-1,-1,0.000000
5631,0,38,-1,-1,6881,58,51,3,4,0.000000,0.000000,89,179,0,56,0,56,38,-1,-1,0.000000
5632,0,-1,-1,-1,-1,0,-1,-1,-1,-1.000000,-1.000000,471,0,0,0,0,0,-1,-1,-1,0.000000
5633,0,-1,-1,-1,-1,0,-1,-1,-1,-1.000000,-1.000000,335,0,0,0,0,0,-1,-1,-1,0.000000
5634,0,-1,-1,-1,-1,0,-1,-1,-1,-1.000000,-1.000000,225,0,0,0,0,0,-1,-1,-1,0.000000
5635,0,-1,-1,-1,-1,0,-1,-1,-1,-1.000000,-1.000000,121,0,0,0,0,0,-1,-1,-1,0.000000
5636,0,-1,-1,-1,-1,0,-1,-1,-1,-1.000000,-1.000000,109,0,0,0,0,0,-1,-1,-1,0.000000
5637,0,47,-1,-1,6367,11,49,3,4,0.000000,0.000000,47,62,0,19,0,19,47,-1,-1,0.000000
5638,0,-1,-1,-1,-1,0,-1,-1,-1,-1.000000,-1.000000,217,0,0,0,0,0,-1,-1,-1,0.000000
5639,0,-1,-1,-1,-1,0,-1,-1,-1,-1.000000,-1.000000,207,0,0,0,0,0,-1,-1,-1,0.000000
5640,0,-1,-1,-1,-1,0,-1,-1,-1,-1.000000,-1.000000,398,0,0,0,0,0,-1,-1,-1,0.000000
5641,0,-1,-1,-1,-1,0,-1,-1,-1,-1.000000,-1.000000,315,0,0,0,0,0,-1,-1,-1,0.000000
5642,0,-1,-1,-1,-1,0,-1,-1,-1,-1.000000,-1.000000,397,0,0,0,0,0,-1,-1,-1,0.000000
5643,0,262,-1,-1,548,5,27,3,4,0.000000,0.000000,83,14,0,4,0,4,262,-1,-1,0.000000
5644,0,-1,-1,-1,-1,0,-1,-1,-1,-1.000000,-1.000000,353,0,0,0,0,0,-1,-1,-1,0.000000
5645,0,23,-1,-1,4105,830,66,3,2,0.000000,0.000000,37,814,0,125,0,125,23,-1,-1,0.000000
5646,0,103,-1,-1,538,432,39,3,4,0.000000,0.000000,47,547,0,80,0,80,103,-1,-1,0.000000
5647,0,-1,-1,-1,-1,0,-1,-1,-1,-1.000000,-1.000000,171,0,0,0,0,0,-1,-1,-1,0.000000
5648,0,-1,-1,-1,-1,0,-1,-1,-1,-1.000000,-1.000000,301,0,0,0,0,0,-1,-1,-1,0.000000
5649,0,39,-1,-1,996,376,51,3,4,0.000000,0.000000,53,453,0,156,0,156,39,-1,-1,0.000000
5650,0,-1,-1,-1,-1,0,-1,-1,-1,-1.000000,-1.000000,273,0,0,0,0,0,-1,-1,-1,0.000000
5651,0,-1,-1,-1,-1,0,-1,-1,-1,-1.000000,-1.000000,431,0,0,0,0,0,-1,-1,-1,0.000000
5652,0,-1,-1,-1,-1,0,-1,-1,-1,-1.000000,-1.000000,53,0,0,0,0,0,-1,-1,-1,0.000000
5653,0,-1,-1,-1,-1,0,-1,-1,-1,-1.000000,-1.000000,243,0,0,0,0,0,-1,-1,-1,0.000000
5654,0,-1,-1,-1,-1,0,-1,-1,-1,-1.000000,-1.000000,399,0,0,0,0,0,-1,-1,-1,0.000000
5655,0,-1,-1,-1,-1,0,-1,-1,-1,-1.000000,-1.000000,147,0,0,0,0,0,-1,-1,-1,0.000000
5656,0,-1,-1,-1,-1,0,-1,-1,-1,-1.000000,-1.000000,241,0,0,0,0,0,-1,-1,-1,0.000000
5657,0,-1,-1,-1,-1,0,-1,-1,-1,-1.000000,-1.000000,218,0,0,0,0,0,-1,-1,-1,0.000000
5658,0,-1,-1,-1,-1,0,-1,-1,-1,-1.000000,-1.000000,361,0,0,0,0,0,-1,-1,-1,0.000000
5659,0,-1,-1,-1,-1,0,-1,-1,-1,-1.000000,-1.000000,411,0,0,0,0,0,-1,-1,-1,0.000000
5660,0,-1,-1,-1,-1,0,-1,-1,-1,-1.000000,-1.000000,191,0,0,0,0,0,-1,-1,-1,0.000000
5661,0,-1,-1,-1,-1,0,-1,-1,-1,-1.000000,-1.000000,329,0,0,0,0,0,-1,-1,-1,0.000000
5662,0,35,-1,-1,4978,61,52,3,2,0.000000,0.000000,61,119,0,30,0,30,35,-1,-1,0.000000
5663,0,-1,-1,-1,-1,0,-1,-1,-1,-1.000000,-1.000000,393,0,0,0,0,0,-1,-1,-1,0.000000
5664,0,-1,-1,-1,-1,0,-1,-1,-1,-1.000000,-1.000000,337,0,0,0,0,0,-1,-1,-1,0.000000
5665,0,20,-1,-1,1410,635,68,3,2,0.000000,0.000000,25,725,0,253,0,253,20,-1,-1,0.000000
5666,0,-1,-1,-1,-1,0,-1,-1,-1,-1.000000,-1.000000,474,0,0,0,0,0,-1,-1,-1,0.000000
5667,0,-1,-1,-1,-1,0,-1,-1,-1,-1.000000,-1.000000,167,0,0,0,0,0,-1,-1,-1,0.000000
5668,0,-1,-1,-1,-1,0,-1,-1,-1,-1.000000,-1.000000,386,0,0,0,0,0,-1,-1,-1,0.000000
5669,0,26,-1,-1,1693,262,61,3,4,0.000000,0.000000,47,370,0,114,0,114,26,-1,-1,0.000000
5670,0,-1,-1,-1,-1,0,-1,-1,-1,-1.000000,-1.000000,409,0,0,0,0,0,-1,-1,-1,0.000000
5671,0,-1,-1,-1,-1,0,-1,-1,-1,-1.000000,-1.000000,215,0,0,0,0,0,-1,-1,-1,0.000000
5672,0,-1,-1,-1,-1,0,-1,-1,-1,-1.000000,-1.000000,289,0,0,0,0,0,-1,-1,-1,0.000000
5673,0,-1,-1,-1,-1,0,-1,-1,-1,-1.000000,-1.000000,175,0,0,0,0,0,-1,-1,-1,0.000000
5674,0,23,-1,-1,220,795,64,3,2,0.000000,0.000000,47,774,0,152,0,152,23,-1,-1,0.000000
5675,0,-1,-1,-1,-1,0,-1,-1,-1,-1.000000,-1.000000,139,0,0,0,0,0,-1,-1,-1,0.000000
5676,0,-1,-1,-1,-1,0,-1,-1,-1,-1.000000,-1.000000,237,0,0,0,0,0,-1,-1,-1,0.000000
5677,0,-1,-1,-1,-1,0,-1,-1,-1,-1.000000,-1.000000,167,0,0,0,0,0,-1,-1,-1,0.000000
5678,0,61,-1,-1,1518,18,47,3,4,0.000000,0.000000,67,54,0,23,0,23,61,-1,-1,0.000000
5679,0,-1,-1,-1,-1,0,-1,-1,-1,-1.000000,-1.000000,197,0,0,0,0,0,-1,-1,-1,0.000000
5680,0,-1,-1,-1,-1,0,-1,-1,-1,-1.000000,-1.000000,285,0,0,0,0,0,-1,-1,-1,0.000000
5681,0,-1,-1,-1,-1,0,-1,-1,-1,-1.000000,-1.000000,195,0,0,0,0,0,-1,-1,-1,0.000000
5682,0,-1,-1,-1,-1,0,-1,-1,-1,-1.000000,-1.000000,137,0,0,0,0,0,-1,-1,-1,0.000000
5683,0,-1,-1,-1,-1,0,-1,-1,-1,-1.000000,-1.000000,300,0,0,0,0,0,-1,-1,-1,0.000000
5684,0,-1,-1,-1,-1,0,-1,-1,-1,-1.000000,-1.000000,153,0,0,0,0,0,-1,-1,-1,0.000000
5685,0,-1,-1,-1,-1,0,-1,-1,-1,-1.000000,-1.000000,141,0,0,0,0,0,-1,-1,-1,0.000000
5686,0,-1,-1,-1,-1,0,-1,-1,-1,-1.000000,-1.000000,353,0,0,0,0,0,-1,-1,-1,0.000000
5687,0,28,-1,-1,7932,735,59,3,4,0.000000,0.000000,47,707,0,186,0,186,28,-1,-1,0.000000
5688,0,-1,-1,-1,-1,0,-1,-1,-1,-1.000000,-1.000000,263,0,0,0,0,0,-1,-1,-1,0.000000
5689,0,-1,-1,-1,-1,0,-1,-1,-1,-1.000000,-1.000000,241,0,0,0,0,0,-1,-1,-1,0.000000
5690,0,-1,-1,-1,-1,0,-1,-1,-1,-1.000000,-1.000000,107,0,0,0,0,0,-1,-1,-1,0.000000
5691,0,-1,-1,-1,-1,0,-1,-1,-1,-1.000000,-1.000000,235,0,0,0,0,0,-1,-1,-1,0.000000
5692,0,-1,-1,-1,-1,0,-1,-1,-1,-1.000000,-1.000000,83,0,0,0,0,0,-1,-1,-1,0.000000
5693,0,-1,-1,-1,-1,0,-1,-1,-1,-1.000000,-1.000000,205,0,0,0,0,0,-1,-1,-1,0.000000
5694,0,-1,-1,-1,-1,0,-1,-1,-1,-1.000000,-1.000000,309,0,0,0,0,0,-1,-1,-1,0.000000
5695,0,-1,-1,-1,-1,0,-1,-1,-1,-1.000000,-1.000000,229,0,0,0,0,0,-1,-1,-1,0.000000
5696,0,180,-1,-1,2303,0,30,3,2,0.000000,0.000000,75,10,0,4,0,4,180,-1,-1,0.000000
5697,0,-1,-1,-1,-1,0,-1,-1,-1,-1.000000,-1.000000,213,0,0,0,0,0,-1,-1,-1,0.000000
5698,0,-1,-1,-1,-1,0,-1,-1,-1,-1.000000,-1.000000,283,0,0,0,0,0,-1,-1,-1,0.000000
5699,0,-1,-1,-1,-1,0,-1,-1,-1,-1.000000,-1.000000,123,0,0,0,0,0,-1,-1,-1,0.000000
5700,0,-1,-1,-1,-1,0,-1,-1,-1,-1.000000,-1.000000,345,0,0,0,0,0,-1,-1,-1,0.000000
5701,0,-1,-1,-1,-1,0,-1,-1,-1,-1.000000,-1.000000,265,0,0,0,0,0,-1,-1,-1,0.000000
5702,0,-1,-1,-1,-1,0,-1,-1,-1,-1.000000,-1.000000,107,0,0,0,0,0,-1,-1,-1,0.000000
5703,0,-1,-1,-1,-1,0,-1,-1,-1,-1.000000,-1.000000,117,0,0,0,0,0,-1,-1,-1,0.000000
5704,0,27,-1,-1,2390,466,60,3,2,0.000000,0.000000,55,532,0,176,0,176,27,-1,-1,0.000000
5705,0,-1,-1,-1,-1,0,-1,-1,-1,-1.000000,-1.000000,183,0,0,0,0,0,-1,-1,-1,0.000000
5706,0,-1,-1,-1,-1,0,-1,-1,-1,-1.000000,-1.000000,139,0,0,0,0,0,-1,-1,-1,0.000000
5707,0,-1,-1,-1,-1,0,-1,-1,-1,-1.000000,-1.000000,377,0,0,0,0,0,-1,-1,-1,0.000000
5708,0,485,-1,-1,4101,7,20,3,2,0.000000,0.000000,89,46,0,5,0,5,485,-1,-1,0.000000
5709,0,-1,-1,-1,-1,0,-1,-1,-1,-1.000000,-1.000000,507,0,0,0,0,0,-1,-1,-1,0.000000
5710,0,-1,-1,-1,-1,0,-1,-1,-1,-1.000000,-1.000000,129,0,0,0,0,0,-1,-1,-1,0.000000
5711,0,25,-1,-1,3726,225,64,3,2,0.000000,0.000000,61,352,0,100,0,100,25,-1,-1,0.000000
5712,0,-1,-1,-1,-1,0,-1,-1,-1,-1.000000,-1.000000,211,0,0,0,0,0,-1,-1,-1,0.000000
5713,0,26,-1,-1,4230,779,63,3,4,0.000000,0.000000,35,739,0,164,0,164,26,-1,-1,0.000000
5714,0,136,-1,-1,2401,0,36,3,2,0.000000,0.000000,99,4,0,2,0,2,136,-1,-1,0.000000
5715,0,-1,-1,-1,-1,0,-1,-1,-1,-1.000000,-1.000000,265,0,0,0,0,0,-1,-1,-1,0.000000
5716,0,-1,-1,-1,-1,0,-1,-1,-1,-1.000000,-1.000000,183,0,0,0,0,0,-1,-1,-1,0.000000
5717,0,-1,-1,-1,-1,0,-1,-1,-1,-1.000000,-1.000000,357,0,0,0,0,0,-1,-1,-1,0.000000
5718,0,-1,-1,-1,-1,0,-1,-1,-1,-1.000000,-1.000000,219,0,0,0,0,0,-1,-1,-1,0.000000
5719,0,-1,-1,-1,-1,0,-1,-1,-1,-1.000000,-1.000000,217,0,0,0,0,0,-1,-1,-1,0.000000
5720,0,28,-1,-1,7214,785,58,3,2,0.000000,0.000000,49,744,0,218,0,218,28,-1,-1,0.000000
5721,0,237,-1,-1,5797,524,28,3,2,0.000000,0.000000,43,618,0,62,0,62,237,-1,-1,0.000000
5722,0,-1,-1,-1,-1,0,-1,-1,-1,-1.000000,-1.000000,119,0,0,0,0,0,-1,-1,-1,0.000000
5723,0,-1,-1,-1,-1,0,-1,-1,-1,-1.000000,-1.000000,209,0,0,0,0,0,-1,-1,-1,0.000000
5724,0,-1,-1,-1,-1,0,-1,-1,-1,-1.000000,-1.000000,286,0,0,0,0,0,-1,-1,-1,0.000000
5725,0,262,-1,-1,3317,63,26,3,4,0.000000,0.000000,42,207,0,30,0,30,262,-1,-1,0.000000
5726,0,-1,-1,-1,-1,0,-1,-1,-1,-1.000000,-1.000000,95,0,0,0,0,0,-1,-1,-1,0.000000
5727,0,61,-1,-1,6547,22,47,3,4,0.000000,0.000000,59,74,0,17,0,17,61,-1,-1,0.000000
5728,0,-1,-1,-1,-1,0,-1,-1,-1,-1.000000,-1.000000,437,0,0,0,0,0,-1,-1,-1,0.000000
5729,0,-1,-1,-1,-1,0,-1,-1,-1,-1.000000,-1.000000,135,0,0,0,0,0,-1,-1,-1,0.000000
5730,0,-1,-1,-1,-1,0,-1,-1,-1,-1.000000,-1.000000,393,0,0,0,0,0,-1,-1,-1,0.000000
5731,0,21,-1,-1,7572,615,68,3,2,0.000000,0.000000,19,722,0,257,0,257,21,-1,-1,0.000000
5732,0,-1,-1,-1,-1,0,-1,-1,-1,-1.000000,-1.000000,83,0,0,0,0,0,-1,-1,-1,0.000000
5733,0,274,-1,-1,2145,18,25,3,2,0.000000,0.000000,86,51,0,15,0,15,274,-1,-1,0.000000
5734,0,-1,-1,-1,-1,0,-1,-1,-1,-1.000000,-1.000000,315,0,0,0,0,0,-1,-1,-1,0.000000
5735,0,-1,-1,-1,-1,0,-1,-1,-1,-1.000000,-1.000000,161,0,0,0,0,0,-1,-1,-1,0.000000
5736,0,-1,-1,-1,-1,0,-1,-1,-1,-1.000000,-1.000000,241,0,0,0,0,0,-1,-1,-1,0.000000
5737,0,-1,-1,-1,-1,0,-1,-1,-1,-1.000000,-1.000000,394,0,0,0,0,0,-1,-1,-1,0.000000
5738,0,3,-1,-1,6141,660,69,3,4,0.000000,0.000000,19,791,0,198,0,198,3,-1,-1,0.000000
5739,0,-1,-1,-1,-1,0,-1,-1,-1,-1.000000,-1.000000,433,0,0,0,0,0,-1,-1,-1,0.000000
5740,0,-1,-1,-1,-1,0,-1,-1,-1,-1.000000,-1.000000,421,0,0,0,0,0,-1,-1,-1,0.000000
5741,0,-1,-1,-1,-1,0,-1,-1,-1,-1.000000,-1.000000,221,0,0,0,0,0,-1,-1,-1,0.000000
5742,0,17,-1,-1,5963,776,68,3,2,0.000000,0.000000,19,770,0,209,0,209,17,-1,-1,0.000000
5743,0,-1,-1,-1,-1,0,-1,-1,-1,-1.000000,-1.000000,107,0,0,0,0,0,-1,-1,-1,0.000000
5744,0,-1,-1,-1,-1,0,-1,-1,-1,-1.000000,-1.000000,315,0,0,0,0,0,-1,-1,-1,0.000000
5745,0,-1,-1,-1,-1,0,-1,-1,-1,-1.000000,-1.000000,294,0,0,0,0,0,-1,-1,-1,0.000000
5746,0,-1,-1,-1,-1,0,-1,-1,-1,-1.000000,-1.000000,152,0,0,0,0,0,-1,-1,-1,0.000000
5747,0,-1,-1,-1,-1,0,-1,-1,-1,-1.000000,-1.000000,413,0,0,0,0,0,-1,-1,-1,0.000000
5748,0,-1,-1,-1,-1,0,-1,-1,-1,-1.000000,-1.000000,443,0,0,0,0,0,-1,-1,-1,0.000000
5749,0,-1,-1,-1,-1,0,-1,-1,-1,-1.000000,-1.000000,263,0,0,0,0,0,-1,-1,-1,0.000000
5750,0,-1,-1,-1,-1,0,-1,-1,-1,-1.000000,-1.000000,215,0,0,0,0,0,-1,-1,-1,0.000000
5751,0,-1,-1,-1,-1,0,-1,-1,-1,-1.000000,-1.000000,510,0,0,0,0,0,-1,-1,-1,0.000000
5752,0,-1,-1,-1,-1,0,-1,-1,-1,-1.000000,-1.000000,171,0,0,0,0,0,-1,-1,-1,0.000000
5753,0,-1,-1,-1,-1,0,-1,-1,-1,-1.000000,-1.000000,471,0,0,0,0,0,-1,-1,-1,0.000000
5754,0,39,-1,-1,400,395,51,3,4,0.000000,0.000000,69,470,0,181,0,181,39,-1,-1,0.000000
5755,0,-1,-1,-1,-1,0,-1,-1,-1,-1.000000,-1.000000,123,0,0,0,0,0,-1,-1,-1,0.000000
5756,0,26,-1,-1,7658,595,62,3,2,0.000000,0.000000,45,651,0,170,0,170,26,-1,-1,0.000000
5757,0,-1,-1,-1,-1,0,-1,-1,-1,-1.000000,-1.000000,341,0,0,0,0,0,-1,-1,-1,0.000000
5758,0,-1,-1,-1,-1,0,-1,-1,-1,-1.000000,-1.000000,477,0,0,0,0,0,-1,-1,-1,0.000000
5759,0,-1,-1,-1,-1,0,-1,-1,-1,-1.000000,-1.000000,133,0,0,0,0,0,-1,-1,-1,0.000000
5760,0,51,-1,-1,4314,53,47,3,4,0.000000,0.000000,67,132,0,52,0,52,51,-1,-1,0.000000
5761,0,-1,-1,-1,-1,0,-1,-1,-1,-1.000000,-1.000000,397,0,0,0,0,0,-1,-1,-1,0.000000
5762,0,-1,-1,-1,-1,0,-1,-1,-1,-1.000000,-1.000000,10,0,0,0,0,0,-1,-1,-1,0.000000
5763,0,26,-1,-1,3774,675,61,3,4,0.000000,0.000000,49,676,0,192,0,192,26,-1,-1,0.000000
5764,0,-1,-1,-1,-1,0,-1,-1,-1,-1.000000,-1.000000,263,0,0,0,0,0,-1,-1,-1,0.000000
5765,0,-1,-1,-1,-1,0,-1,-1,-1,-1.000000,-1.000000,219,0,0,0,0,0,-1,-1,-1,0.000000
5766,0,-1,-1,-1,-1,0,-1,-1,-1,-1.000000,-1.000000,181,0,0,0,0,0,-1,-1,-1,0.000000
5767,0,-1,-1,-1,-1,0,-1,-1,-1,-1.000000,-1.000000,363,0,0,0,0,0,-1,-1,-1,0.000000
5768,0,-1,-1,-1,-1,0,-1,-1,-1,-1.000000,-1.000000,433,0,0,0,0,0,-1,-1,-1,0.000000
5769,0,-1,-1,-1,-1,0,-1,-1,-1,-1.000000,-1.000000,275,0,0,0,0,0,-1,-1,-1,0.000000
5770,0,-1,-1,-1,-1,0,-1,-1,-1,-1.000000,-1.000000,129,0,0,0,0,0,-1,-1,-1,0.000000
5771,0,27,-1,-1,662,800,59,3,4,0.000000,0.000000,41,782,0,164,0,164,27,-1,-1,0.000000
5772,0,-1,-1,-1,-1,0,-1,-1,-1,-1.000000,-1.000000,358,0,0,0,0,0,-1,-1,-1,0.000000
5773,0,-1,-1,-1,-1,0,-1,-1,-1,-1.000000,-1.000000,411,0,0,0,0,0,-1,-1,-1,0.000000
5774,0,-1,-1,-1,-1,0,-1,-1,-1,-1.000000,-1.000000,175,0,0,0,0,0,-1,-1,-1,0.000000
5775,0,-1,-1,-1,-1,0,-1,-1,-1,-1.000000,-1.000000,455,0,0,0,0,0,-1,-1,-1,0.000000
5776,0,-1,-1,-1,-1,0,-1,-1,-1,-1.000000,-1.000000,301,0,0,0,0,0,-1,-1,-1,0.000000
5777,0,-1,-1,-1,-1,0,-1,-1,-1,-1.000000,-1.000000,231,0,0,0,0,0,-1,-1,-1,0.000000
5778,0,-1,-1,-1,-1,0,-1,-1,-1,-1.000000,-1.000000,438,0,0,0,0,0,-1,-1,-1,0.000000
5779,0,-1,-1,-1,-1,0,-1,-1,-1,-1.000000,-1.000000,376,0,0,0,0,0,-1,-1,-1,0.000000
5780,0,-1,-1,-1,-1,0,-1,-1,-1,-1.000000,-1.000000,203,0,0,0,0,0,-1,-1,-1,0.000000
5781,0,-1,-1,-1,-1,0,-1,-1,-1,-1.000000,-1.000000,280,0,0,0,0,0,-1,-1,-1,0.000000
5782,0,-1,-1,-1,-1,0,-1,-1,-1,-1.000000,-1.000000,347,0,0,0,0,0,-1,-1,-1,0.000000
5783,0,-1,-1,-1,-1,0,-1,-1,-1,-1.000000,-1.000000,311,0,0,0,0,0,-1,-1,-1,0.000000
5784,0,-1,-1,-1,-1,0,-1,-1,-1,-1.000000,-1.000000,95,0,0,0,0,0,-1,-1,-1,0.000000
5785,0,42,-1,-1,2272,802,53,3,2,0.000000,0.000000,24,760,0,188,0,188,42,-1,-1,0.000000
5786,0,-1,-1,-1,-1,0,-1,-1,-1,-1.000000,-1.000000,398,0,0,0,0,0,-1,-1,-1,0.000000
5787,0,26,-1,-1,4771,589,65,3,4,0.000000,0.000000,37,607,0,157,0,157,26,-1,-1,0.000000
5788,0,-1,-1,-1,-1,0,-1,-1,-1,-1.000000,-1.000000,445,0,0,0,0,0,-1,-1,-1,0.000000
5789,0,-1,-1,-1,-1,0,-1,-1,-1,-1.000000,-1.000000,139,0,0,0,0,0,-1,-1,-1,0.000000
5790,0,-1,-1,-1,-1,0,-1,-1,-1,-1.000000,-1.000000,244,0,0,0,0,0,-1,-1,-1,0.000000
5791,0,-1,-1,-1,-1,0,-1,-1,-1,-1.000000,-1.000000,105,0,0,0,0,0,-1,-1,-1,0.000000
5792,0,-1,-1,-1,-1,0,-1,-1,-1,-1.000000,-1.000000,155,0,0,0,0,0,-1,-1,-1,0.000000
5793,0,-1,-1,-1,-1,0,-1,-1,-1,-1.000000,-1.000000,279,0,0,0,0,0,-1,-1,-1,0.000000
5794,0,-1,-1,-1,-1,0,-1,-1,-1,-1.000000,-1.000000,95,0,0,0,0,0,-1,-1,-1,0.000000
5795,0,-1,-1,-1,-1,0,-1,-1,-1,-1.000000,-1.000000,289,0,0,0,0,0,-1,-1,-1,0.000000
5796,0,-1,-1,-1,-1,0,-1,-1,-1,-1.000000,-1.000000,121,0,0,0,0,0,-1,-1,-1,0.000000
5797,0,48,-1,-1,2794,166,48,3,2,0.000000,0.000000,79,310,0,85,0,85,48,-1,-1,0.000000
5798,0,48,-1,-1,2112,240,48,3,2,0.000000,0.000000,85,393,0,108,0,108,48,-1,-1,0.000000
5799,0,20,-1,-1,1602,839,67,3,4,0.000000,0.000000,33,674,0,303,0,303,20,-1,-1,0.000000
5800,0,-1,-1,-1,-1,0,-1,-1,-1,-1.000000,-1.000000,245,0,0,0,0,0,-1,-1,-1,0.000000
5801,0,238,-1,-1,1415,519,29,3,4,0.000000,0.000000,19,663,0,75,0,75,238,-1,-1,0.000000
5802,0,-1,-1,-1,-1,0,-1,-1,-1,-1.000000,-1.000000,339,0,0,0,0,0,-1,-1,-1,0.000000
5803,0,-1,-1,-1,-1,0,-1,-1,-1,-1.000000,-1.000000,147,0,0,0,0,0,-1,-1,-1,0.000000
5804,0,-1,-1,-1,-1,0,-1,-1,-1,-1.000000,-1.000000,111,0,0,0,0,0,-1,-1,-1,0.000000
5805,0,-1,-1,-1,-1,0,-1,-1,-1,-1.000000,-1.000000,109,0,0,0,0,0,-1,-1,-1,0.000000
5806,0,-1,-1,-1,-1,0,-1,-1,-1,-1.000000,-1.000000,183,0,0,0,0,0,-1,-1,-1,0.000000
5807,0,-1,-1,-1,-1,0,-1,-1,-1,-1.000000,-1.000000,339,0,0,0,0,0,-1,-1,-1,0.000000
5808,0,-1,-1,-1,-1,0,-1,-1,-1,-1.000000,-1.000000,157,0,0,0,0,0,-1,-1,-1,0.000000
5809,0,-1,-1,-1,-1,0,-1,-1,-1,-1.000000,-1.000000,193,0,0,0,0,0,-1,-1,-1,0.000000
5810,0,-1,-1,-1,-1,0,-1,-1,-1,-1.000000,-1.000000,163,0,0,0,0,0,-1,-1,-1,0.000000
5811,0,-1,-1,-1,-1,0,-1,-1,-1,-1.000000,-1.000000,365,0,0,0,0,0,-1,-1,-1,0.000000
5812,0,-1,-1,-1,-1,0,-1,-1,-1,-1.000000,-1.000000,191,0,0,0,0,0,-1,-1,-1,0.000000
5813,0,-1,-1,-1,-1,0,-1,-1,-1,-1.000000,-1.000000,133,0,0,0,0,0,-1,-1,-1,0.000000
5814,0,-1,-1,-1,-1,0,-1,-1,-1,-1.000000,-1.000000,338,0,0,0,0,0,-1,-1,-1,0.000000
5815,0,-1,-1,-1,-1,0,-1,-1,-1,-1.000000,-1.000000,223,0,0,0,0,0,-1,-1,-1,0.000000
5816,0,-1,-1,-1,-1,0,-1,-1,-1,-1.000000,-1.000000,205,0,0,0,0,0,-1,-1,-1,0.000000
5817,0,-1,-1,-1,-1,0,-1,-1,-1,-1.000000,-1.000000,341,0,0,0,0,0,-1,-1,-1,0.000000
5818,0,-1,-1,-1,-1,0,-1,-1,-1,-1.000000,-1.000000,257,0,0,0,0,0,-1,-1,-1,0.000000
5819,0,-1,-1,-1,-1,0,-1,-1,-1,-1.000000,-1.000000,145,0,0,0,0,0,-1,-1,-1,0.000000
5820,0,-1,-1,-1,-1,0,-1,-1,-1,-1.000000,-1.000000,373,0,0,0,0,0,-1,-1,-1,0.000000
5821,0,-1,-1,-1,-1,0,-1,-1,-1,-1.000000,-1.000000,357,0,0,0,0,0,-1,-1,-1,0.000000
5822,0,-1,-1,-1,-1,0,-1,-1,-1,-1.000000,-1.000000,307,0,0,0,0,0,-1,-1,-1,0.000000
5823,0,-1,-1,-1,-1,0,-1,-1,-1,-1.000000,-1.000000,245,0,0,0,0,0,-1,-1,-1,0.000000
5824,0,28,-1,-1,7475,488,57,3,4,0.000000,0.000000,53,556,0,184,0,184,28,-1,-1,0.000000
5825,0,-1,-1,-1,-1,0,-1,-1,-1,-1.000000,-1.000000,188,0,0,0,0,0,-1,-1,-1,0.000000
5826,0,-1,-1,-1,-1,0,-1,-1,-1,-1.000000,-1.000000,342,0,0,0,0,0,-1,-1,-1,0.000000
5827,0,-1,-1,-1,-1,0,-1,-1,-1,-1.000000,-1.000000,111,0,0,0,0,0,-1,-1,-1,0.000000
5828,0,-1,-1,-1,-1,0,-1,-1,-1,-1.000000,-1.000000,452,0,0,0,0,0,-1,-1,-1,0.000000
5829,0,127,-1,-1,2761,41,35,3,2,0.000000,0.000000,64,86,0,30,0,30,127,-1,-1,0.000000
5830,0,29,-1,-1,363,817,59,3,4,0.000000,0.000000,37,796,0,147,0,147,29,-1,-1,0.000000
5831,0,35,-1,-1,6373,200,53,3,4,0.000000,0.000000,81,306,0,103,0,103,35,-1,-1,0.000000
5832,0,-1,-1,-1,-1,0,-1,-1,-1,-1.000000,-1.000000,300,0,0,0,0,0,-1,-1,-1,0.000000
5833,0,621,-1,-1,5162,271,19,3,2,0.000000,0.000000,16,305,0,36,0,36,621,-1,-1,0.000000
5834,0,-1,-1,-1,-1,0,-1,-1,-1,-1.000000,-1.000000,180,0,0,0,0,0,-1,-1,-1,0.000000
5835,0,106,-1,-1,5432,0,37,3,4,0.000000,0.000000,87,0,0,1,0,1,106,-1,-1,0.000000
5836,0,29,-1,-1,128,656,61,3,4,0.000000,0.000000,13,796,0,174,0,174,29,-1,-1,0.000000
5837,0,284,-1,-1,3664,13,26,3,4,0.000000,0.000000,78,59,0,9,0,9,284,-1,-1,0.000000
5838,0,-1,-1,-1,-1,0,-1,-1,-1,-1.000000,-1.000000,165,0,0,0,0,0,-1,-1,-1,0.000000
5839,0,-1,-1,-1,-1,0,-1,-1,-1,-1.000000,-1.000000,385,0,0,0,0,0,-1,-1,-1,0.000000
5840,0,-1,-1,-1,-1,0,-1,-1,-1,-1.000000,-1.000000,131,0,0,0,0,0,-1,-1,-1,0.000000
5841,0,-1,-1,-1,-1,0,-1,-1,-1,-1.000000,-1.000000,229,0,0,0,0,0,-1,-1,-1,0.000000
5842,0,-1,-1,-1,-1,0,-1,-1,-1,-1.000000,-1.000000,265,0,0,0,0,0,-1,-1,-1,0.000000
5843,0,-1,-1,-1,-1,0,-1,-1,-1,-1.000000,-1.000000,275,0,0,0,0,0,-1,-1,-1,0.000000
5844,0,-1,-1,-1,-1,0,-1,-1,-1,-1.000000,-1.000000,71,0,0,0,0,0,-1,-1,-1,0.000000
5845,0,-1,-1,-1,-1,0,-1,-1,-1,-1.000000,-1.000000,142,0,0,0,0,0,-1,-1,-1,0.000000
5846,0,-1,-1,-1,-1,0,-1,-1,-1,-1.000000,-1.000000,385,0,0,0,0,0,-1,-1,-1,0.000000
5847,0,-1,-1,-1,-1,0,-1,-1,-1,-1.000000,-1.000000,197,0,0,0,0,0,-1,-1,-1,0.000000
5848,0,-1,-1,-1,-1,0,-1,-1,-1,-1.000000,-1.000000,91,0,0,0,0,0,-1,-1,-1,0.000000
5849,0,-1,-1,-1,-1,0,-1,-1,-1,-1.000000,-1.000000,249,0,0,0,0,0,-1,-1,-1,0.000000
5850,0,-1,-1,-1,-1,0,-1,-1,-1,-1.000000,-1.000000,117,0,0,0,0,0,-1,-1,-1,0.000000
5851,0,-1,-1,-1,-1,0,-1,-1,-1,-1.000000,-1.000000,311,0,0,0,0,0,-1,-1,-1,0.000000
5852,0,-1,-1,-1,-1,0,-1,-1,-1,-1.000000,-1.000000,415,0,0,0,0,0,-1,-1,-1,0.000000
5853,0,-1,-1,-1,-1,0,-1,-1,-1,-1.000000,-1.000000,297,0,0,0,0,0,-1,-1,-1,0.000000
5854,0,-1,-1,-1,-1,0,-1,-1,-1,-1.000000,-1.000000,199,0,0,0,0,0,-1,-1,-1,0.000000
5855,0,-1,-1,-1,-1,0,-1,-1,-1,-1.000000,-1.000000,121,0,0,0,0,0,-1,-1,-1,0.000000
5856,0,-1,-1,-1,-1,0,-1,-1,-1,-1.000000,-1.000000,283,0,0,0,0,0,-1,-1,-1,0.000000
5857,0,48,-1,-1,4496,454,50,3,4,0.000000,0.000000,62,560,0,129,0,129,48,-1,-1,0.000000
5858,0,-1,-1,-1,-1,0,-1,-1,-1,-1.000000,-1.000000,197,0,0,0,0,0,-1,-1,-1,0.000000
5859,0,-1,-1,-1,-1,0,-1,-1,-1,-1.000000,-1.000000,201,0,0,0,0,0,-1,-1,-1,0.000000
5860,0,25,-1,-1,508,785,63,3,2,0.000000,0.000000,48,758,0,174,0,174,25,-1,-1,0.000000
5861,0,-1,-1,-1,-1,0,-1,-1,-1,-1.000000,-1.000000,289,0,0,0,0,0,-1,-1,-1,0.000000
5862,0,-1,-1,-1,-1,0,-1,-1,-1,-1.000000,-1.000000,265,0,0,0,0,0,-1,-1,-1,0.000000
5863,0,-1,-1,-1,-1,0,-1,-1,-1,-1.000000,-1.000000,179,0,0,0,0,0,-1,-1,-1,0.000000
5864,0,-1,-1,-1,-1,0,-1,-1,-1,-1.000000,-1.000000,185,0,0,0,0,0,-1,-1,-1,0.000000
5865,0,-1,-1,-1,-1,0,-1,-1,-1,-1.000000,-1.000000,95,0,0,0,0,0,-1,-1,-1,0.000000
5866,0,-1,-1,-1,-1,0,-1,-1,-1,-1.000000,-1.000000,233,0,0,0,0,0,-1,-1,-1,0.000000
5867,0,-1,-1,-1,-1,0,-1,-1,-1,-1.000000,-1.000000,119,0,0,0,0,0,-1,-1,-1,0.000000
5868,0,-1,-1,-1,-1,0,-1,-1,-1,-1.000000,-1.000000,157,0,0,0,0,0,-1,-1,-1,0.000000
5869,0,-1,-1,-1,-1,0,-1,-1,-1,-1.000000,-1.000000,421,0,0,0,0,0,-1,-1,-1,0.000000
5870,0,-1,-1,-1,-1,0,-1,-1,-1,-1.000000,-1.000000,199,0,0,0,0,0,-1,-1,-1,0.000000
5871,0,-1,-1,-1,-1,0,-1,-1,-1,-1.000000,-1.000000,304,0,0,0,0,0,-1,-1,-1,0.000000
5872,0,-1,-1,-1,-1,0,-1,-1,-1,-1.000000,-1.000000,335,0,0,0,0,0,-1,-1,-1,0.000000
5873,0,20,-1,-1,6085,644,67,3,4,0.000000,0.000000,21,717,0,263,0,263,20,-1,-1,0.000000
5874,0,-1,-1,-1,-1,0,-1,-1,-1,-1.000000,-1.000000,209,0,0,0,0,0,-1,-1,-1,0.000000
5875,0,-1,-1,-1,-1,0,-1,-1,-1,-1.000000,-1.000000,107,0,0,0,0,0,-1,-1,-1,0.000000
5876,0,-1,-1,-1,-1,0,-1,-1,-1,-1.000000,-1.000000,285,0,0,0,0,0,-1,-1,-1,0.000000
5877,0,-1,-1,-1,-1,0,-1,-1,-1,-1.000000,-1.000000,235,0,0,0,0,0,-1,-1,-1,0.000000
5878,0,-1,-1,-1,-1,0,-1,-1,-1,-1.000000,-1.000000,249,0,0,0,0,0,-1,-1,-1,0.000000
5879,0,27,-1,-1,4498,678,59,3,4,0.000000,0.000000,53,618,0,207,0,207,27,-1,-1,0.000000
5880,0,-1,-1,-1,-1,0,-1,-1,-1,-1.000000,-1.000000,335,0,0,0,0,0,-1,-1,-1,0.000000
5881,0,-1,-1,-1,-1,0,-1,-1,-1,-1.000000,-1.000000,185,0,0,0,0,0,-1,-1,-1,0.000000
5882,0,22,-1,-1,7738,817,65,3,4,0.000000,0.000000,19,739,0,239,0,239,22,-1,-1,0.000000
5883,0,-1,-1,-1,-1,0,-1,-1,-1,-1.000000,-1.000000,243,0,0,0,0,0,-1,-1,-1,0.000000
5884,0,28,-1,-1,7788,311,58,3,2,0.000000,0.000000,81,382,0,157,0,157,28,-1,-1,0.000000
5885,0,-1,-1,-1,-1,0,-1,-1,-1,-1.000000,-1.000000,115,0,0,0,0,0,-1,-1,-1,0.000000
5886,0,-1,-1,-1,-1,0,-1,-1,-1,-1.000000,-1.000000,325,0,0,0,0,0,-1,-1,-1,0.000000
5887,0,108,-1,-1,5484,567,37,3,4,0.000000,0.000000,29,655,0,96,0,96,108,-1,-1,0.000000
5888,0,-1,-1,-1,-1,0,-1,-1,-1,-1.000000,-1.000000,444,0,0,0,0,0,-1,-1,-1,0.000000
5889,0,-1,-1,-1,-1,0,-1,-1,-1,-1.000000,-1.000000,195,0,0,0,0,0,-1,-1,-1,0.000000
5890,0,-1,-1,-1,-1,0,-1,-1,-1,-1.000000,-1.000000,123,0,0,0,0,0,-1,-1,-1,0.000000
5891,0,-1,-1,-1,-1,0,-1,-1,-1,-1.000000,-1.000000,88,0,0,0,0,0,-1,-1,-1,0.000000
5892,0,-1,-1,-1,-1,0,-1,-1,-1,-1.000000,-1.000000,179,0,0,0,0,0,-1,-1,-1,0.000000
5893,0,-1,-1,-1,-1,0,-1,-1,-1,-1.000000,-1.000000,267,0,0,0,0,0,-1,-1,-1,0.000000
5894,0,-1,-1,-1,-1,0,-1,-1,-1,-1.000000,-1.000000,205,0,0,0,0,0,-1,-1,-1,0.000000
5895,0,-1,-1,-1,-1,0,-1,-1,-1,-1.000000,-1.000000,269,0,0,0,0,0,-1,-1,-1,0.000000
5896,0,-1,-1,-1,-1,0,-1,-1,-1,-1.000000,-1.000000,289,0,0,0,0,0,-1,-1,-1,0.000000
5897,0,-1,-1,-1,-1,0,-1,-1,-1,-1.000000,-1.000000,277,0,0,0,0,0,-1,-1,-1,0.000000
5898,0,-1,-1,-1,-1,0,-1,-1,-1,-1.000000,-1.000000,93,0,0,0,0,0,-1,-1,-1,0.000000
5899,0,-1,-1,-1,-1,0,-1,-1,-1,-1.000000,-1.000000,472,0,0,0,0,0,-1,-1,-1,0.000000
5900,0,-1,-1,-1,-1,0,-1,-1,-1,-1.000000,-1.000000,175,0,0,0,0,0,-1,-1,-1,0.000000
5901,0,-1,-1,-1,-1,0,-1,-1,-1,-1.000000,-1.000000,496,0,0,0,0,0,-1,-1,-1,0.000000
5902,0,-1,-1,-1,-1,0,-1,-1,-1,-1.000000,-1.000000,484,0,0,0,0,0,-1,-1,-1,0.000000
5903,0,-1,-1,-1,-1,0,-1,-1,-1,-1.000000,-1.000000,125,0,0,0,0,0,-1,-1,-1,0.000000
5904,0,-1,-1,-1,-1,0,-1,-1,-1,-1.000000,-1.000000,203,0,0,0,0,0,-1,-1,-1,0.000000
5905,0,-1,-1,-1,-1,0,-1,-1,-1,-1.000000,-1.000000,453,0,0,0,0,0,-1,-1,-1,0.000000
5906,0,-1,-1,-1,-1,0,-1,-1,-1,-1.000000,-1.000000,169,0,0,0,0,0,-1,-1,-1,0.000000
5907,0,26,-1,-1,5770,730,61,3,4,0.000000,0.000000,63,758,0,187,0,187,26,-1,-1,0.000000
5908,0,-1,-1,-1,-1,0,-1,-1,-1,-1.000000,-1.000000,322,0,0,0,0,0,-1,-1,-1,0.000000
5909,0,294,-1,-1,3519,133,26,3,4,0.000000,0.000000,48,299,0,24,0,24,294,-1,-1,0.000000
5910,0,-1,-1,-1,-1,0,-1,-1,-1,-1.000000,-1.000000,140,0,0,0,0,0,-1,-1,-1,0.000000
5911,0,-1,-1,-1,-1,0,-1,-1,-1,-1.000000,-1.000000,81,0,0,0,0,0,-1,-1,-1,0.000000
5912,0,-1,-1,-1,-1,0,-1,-1,-1,-1.000000,-1.000000,133,0,0,0,0,0,-1,-1,-1,0.000000
5913,0,27,-1,-1,4741,627,61,3,4,0.000000,0.000000,35,749,0,152,0,152,27,-1,-1,0.000000
5914,0,-1,-1,-1,-1,0,-1,-1,-1,-1.000000,-1.000000,319,0,0,0,0,0,-1,-1,-1,0.000000
5915,0,-1,-1,-1,-1,0,-1,-1,-1,-1.000000,-1.000000,215,0,0,0,0,0,-1,-1,-1,0.000000
5916,0,-1,-1,-1,-1,0,-1,-1,-1,-1.000000,-1.000000,327,0,0,0,0,0,-1,-1,-1,0.000000
5917,0,-1,-1,-1,-1,0,-1,-1,-1,-1.000000,-1.000000,508,0,0,0,0,0,-1,-1,-1,0.000000
5918,0,-1,-1,-1,-1,0,-1,-1,-1,-1.000000,-1.000000,381,0,0,0,0,0,-1,-1,-1,0.000000
5919,0,-1,-1,-1,-1,0,-1,-1,-1,-1.000000,-1.000000,124,0,0,0,0,0,-1,-1,-1,0.000000
5920,0,-1,-1,-1,-1,0,-1,-1,-1,-1.000000,-1.000000,453,0,0,0,0,0,-1,-1,-1,0.000000
5921,0,-1,-1,-1,-1,0,-1,-1,-1,-1.000000,-1.000000,422,0,0,0,0,0,-1,-1,-1,0.000000
5922,0,-1,-1,-1,-1,0,-1,-1,-1,-1.000000,-1.000000,472,0,0,0,0,0,-1,-1,-1,0.000000
5923,0,-1,-1,-1,-1,0,-1,-1,-1,-1.000000,-1.000000,335,0,0,0,0,0,-1,-1,-1,0.000000
5924,0,-1,-1,-1,-1,0,-1,-1,-1,-1.000000,-1.000000,85,0,0,0,0,0,-1,-1,-1,0.000000
5925,0,38,-1,-1,2606,135,51,3,2,0.000000,0.000000,88,241,0,86,0,86,38,-1,-1,0.000000
5926,0,-1,-1,-1,-1,0,-1,-1,-1,-1.000000,-1.000000,421,0,0,0,0,0,-1,-1,-1,0.000000
5927,0,19,-1,-1,4582,648,67,3,4,0.000000,0.000000,29,768,0,212,0,212,19,-1,-1,0.000000
5928,0,-1,-1,-1,-1,0,-1,-1,-1,-1.000000,-1.000000,145,0,0,0,0,0,-1,-1,-1,0.000000
5929,0,-1,-1,-1,-1,0,-1,-1,-1,-1.000000,-1.000000,103,0,0,0,0,0,-1,-1,-1,0.000000
5930,0,25,-1,-1,2965,840,63,3,4,0.000000,0.000000,25,806,0,139,0,139,25,-1,-1,0.000000
5931,0,-1,-1,-1,-1,0,-1,-1,-1,-1.000000,-1.000000,83,0,0,0,0,0,-1,-1,-1,0.000000
5932,0,-1,-1,-1,-1,0,-1,-1,-1,-1.000000,-1.000000,297,0,0,0,0,0,-1,-1,-1,0.000000
5933,0,28,-1,-1,3125,751,59,3,4,0.000000,0.000000,53,688,0,256,0,256,28,-1,-1,0.000000
5934,0,24,-1,-1,62,638,64,3,2,0.000000,0.000000,45,667,0,175,0,175,24,-1,-1,0.000000
5935,0,-1,-1,-1,-1,0,-1,-1,-1,-1.000000,-1.000000,344,0,0,0,0,0,-1,-1,-1,0.000000
5936,0,-1,-1,-1,-1,0,-1,-1,-1,-1.000000,-1.000000,203,0,0,0,0,0,-1,-1,-1,0.000000
5937,0,33,-1,-1,5296,461,54,3,2,0.000000,0.000000,55,546,0,117,0,117,33,-1,-1,0.000000
5938,0,-1,-1,-1,-1,0,-1,-1,-1,-1.000000,-1.000000,305,0,0,0,0,0,-1,-1,-1,0.000000
5939,0,237,-1,-1,2852,0,27,3,4,0.000000,0.000000,69,5,0,1,0,1,237,-1,-1,0.000000
5940,0,26,-1,-1,839,670,62,3,2,0.000000,0.000000,55,585,0,383,0,383,26,-1,-1,0.000000
5941,0,30,-1,-1,4100,198,57,3,4,0.000000,0.000000,65,281,0,100,0,100,30,-1,-1,0.000000
5942,0,32,-1,-1,4974,36,55,3,4,0.000000,0.000000,69,114,0,48,0,48,32,-1,-1,0.000000
5943,0,-1,-1,-1,-1,0,-1,-1,-1,-1.000000,-1.000000,470,0,0,0,0,0,-1,-1,-1,0.000000
5944,0,-1,-1,-1,-1,0,-1,-1,-1,-1.000000,-1.000000,292,0,0,0,0,0,-1,-1,-1,0.000000
5945,0,-1,-1,-1,-1,0,-1,-1,-1,-1.000000,-1.000000,371,0,0,0,0,0,-1,-1,-1,0.000000
5946,0,-1,-1,-1,-1,0,-1,-1,-1,-1.000000,-1.000000,299,0,0,0,0,0,-1,-1,-1,0.000000
5947,0,22,-1,-1,1068,852,65,3,4,0.000000,0.000000,11,759,0,219,0,219,22,-1,-1,0.000000
5948,0,-1,-1,-1,-1,0,-1,-1,-1,-1.000000,-1.000000,405,0,0,0,0,0,-1,-1,-1,0.000000
5949,0,196,-1,-1,7331,12,30,3,2,0.000000,0.000000,99,47,0,16,0,16,196,-1,-1,0.000000
5950,0,24,-1,-1,7118,641,62,3,2,0.000000,0.000000,47,690,0,144,0,144,24,-1,-1,0.000000
5951,0,-1,-1,-1,-1,0,-1,-1,-1,-1.000000,-1.000000,233,0,0,0,0,0,-1,-1,-1,0.000000
5952,0,-1,-1,-1,-1,0,-1,-1,-1,-1.000000,-1.000000,370,0,0,0,0,0,-1,-1,-1,0.000000
5953,0,-1,-1,-1,-1,0,-1,-1,-1,-1.000000,-1.000000,143,0,0,0,0,0,-1,-1,-1,0.000000
5954,0,123,-1,-1,2589,660,38,3,2,0.000000,0.000000,43,642,0,186,0,186,123,-1,-1,0.000000
5955,0,-1,-1,-1,-1,0,-1,-1,-1,-1.000000,-1.000000,199,0,0,0,0,0,-1,-1,-1,0.000000
5956,0,-1,-1,-1,-1,0,-1,-1,-1,-1.000000,-1.000000,281,0,0,0,0,0,-1,-1,-1,0.000000
5957,0,-1,-1,-1,-1,0,-1,-1,-1,-1.000000,-1.000000,127,0,0,0,0,0,-1,-1,-1,0.000000
5958,0,837,-1,-1,2108,0,16,3,4,0.000000,0.000000,78,1,0,0,0,0,837,-1,-1,0.000000
5959,0,31,-1,-1,1955,804,55,3,4,0.000000,0.000000,37,697,0,228,0,228,31,-1,-1,0.000000
5960,0,-1,-1,-1,-1,0,-1,-1,-1,-1.000000,-1.000000,117,0,0,0,0,0,-1,-1,-1,0.000000
5961,0,-1,-1,-1,-1,0,-1,-1,-1,-1.000000,-1.000000,189,0,0,0,0,0,-1,-1,-1,0.000000
5962,0,-1,-1,-1,-1,0,-1,-1,-1,-1.000000,-1.000000,159,0,0,0,0,0,-1,-1,-1,0.000000
5963,0,-1,-1,-1,-1,0,-1,-1,-1,-1.000000,-1.000000,259,0,0,0,0,0,-1,-1,-1,0.000000
5964,0,25,-1,-1,7511,502,64,3,2,0.000000,0.000000,65,549,0,148,0,148,25,-1,-1,0.000000
5965,0,196,-1,-1,2180,552,32,3,2,0.000000,0.000000,43,576,0,102,0,102,196,-1,-1,0.000000
5966,0,-1,-1,-1,-1,0,-1,-1,-1,-1.000000,-1.000000,127,0,0,0,0,0,-1,-1,-1,0.000000
5967,0,-1,-1,-1,-1,0,-1,-1,-1,-1.000000,-1.000000,393,0,0,0,0,0,-1,-1,-1,0.000000
5968,0,-1,-1,-1,-1,0,-1,-1,-1,-1.000000,-1.000000,374,0,0,0,0,0,-1,-1,-1,0.000000
5969,0,24,-1,-1,4617,584,63,3,4,0.000000,0.000000,51,733,0,116,0,116,24,-1,-1,0.000000
5970,0,-1,-1,-1,-1,0,-1,-1,-1,-1.000000,-1.000000,157,0,0,0,0,0,-1,-1,-1,0.000000
5971,0,-1,-1,-1,-1,0,-1,-1,-1,-1.000000,-1.000000,359,0,0,0,0,0,-1,-1,-1,0.000000
5972,0,-1,-1,-1,-1,0,-1,-1,-1,-1.000000,-1.000000,385,0,0,0,0,0,-1,-1,-1,0.000000
5973,0,61,-1,-1,6630,0,46,3,2,0.000000,0.000000,101,3,0,0,0,0,61,-1,-1,0.000000
5974,0,23,-1,-1,3711,706,64,3,2,0.000000,0.000000,51,701,0,274,0,274,23,-1,-1,0.000000
5975,0,-1,-1,-1,-1,0,-1,-1,-1,-1.000000,-1.000000,277,0,0,0,0,0,-1,-1,-1,0.000000
5976,0,-1,-1,-1,-1,0,-1,-1,-1,-1.000000,-1.000000,127,0,0,0,0,0,-1,-1,-1,0.000000
5977,0,-1,-1,-1,-1,0,-1,-1,-1,-1.000000,-1.000000,171,0,0,0,0,0,-1,-1,-1,0.000000
5978,0,-1,-1,-1,-1,0,-1,-1,-1,-1.000000,-1.000000,206,0,0,0,0,0,-1,-1,-1,0.000000
5979,0,-1,-1,-1,-1,0,-1,-1,-1,-1.000000,-1.000000,217,0,0,0,0,0,-1,-1,-1,0.000000
5980,0,-1,-1,-1,-1,0,-1,-1,-1,-1.000000,-1.000000,449,0,0,0,0,0,-1,-1,-1,0.000000
5981,0,-1,-1,-1,-1,0,-1,-1,-1,-1.000000,-1.000000,179,0,0,0,0,0,-1,-1,-1,0.000000
5982,0,-1,-1,-1,-1,0,-1,-1,-1,-1.000000,-1.000000,407,0,0,0,0,0,-1,-1,-1,0.000000
5983,0,-1,-1,-1,-1,0,-1,-1,-1,-1.000000,-1.000000,464,0,0,0,0,0,-1,-1,-1,0.000000
5984,0,-1,-1,-1,-1,0,-1,-1,-1,-1.000000,-1.000000,235,0,0,0,0,0,-1,-1,-1,0.000000
5985,0,-1,-1,-1,-1,0,-1,-1,-1,-1.000000,-1.000000,235,0,0,0,0,0,-1,-1,-1,0.000000
5986,0,-1,-1,-1,-1,0,-1,-1,-1,-1.000000,-1.000000,408,0,0,0,0,0,-1,-1,-1,0.000000
5987,0,8,-1,-1,1287,653,70,3,2,0.000000,0.000000,21,726,0,262,0,262,8,-1,-1,0.000000
5988,0,48,-1,-1,2283,630,51,3,2,0.000000,0.000000,10,817,0,135,0,135,48,-1,-1,0.000000
5989,0,22,-1,-1,1666,770,66,3,2,0.000000,0.000000,53,697,0,279,0,279,22,-1,-1,0.000000
5990,0,-1,-1,-1,-1,0,-1,-1,-1,-1.000000,-1.000000,137,0,0,0,0,0,-1,-1,-1,0.000000
5991,0,-1,-1,-1,-1,0,-1,-1,-1,-1.000000,-1.000000,123,0,0,0,0,0,-1,-1,-1,0.000000
5992,0,-1,-1,-1,-1,0,-1,-1,-1,-1.000000,-1.000000,201,0,0,0,0,0,-1,-1,-1,0.000000
5993,0,-1,-1,-1,-1,0,-1,-1,-1,-1.000000,-1.000000,101,0,0,0,0,0,-1,-1,-1,0.000000
5994,0,-1,-1,-1,-1,0,-1,-1,-1,-1.000000,-1.000000,433,0,0,0,0,0,-1,-1,-1,0.000000
5995,0,-1,-1,-1,-1,0,-1,-1,-1,-1.000000,-1.000000,365,0,0,0,0,0,-1,-1,-1,0.000000
5996,0,-1,-1,-1,-1,0,-1,-1,-1,-1.000000,-1.000000,137,0,0,0,0,0,-1,-1,-1,0.000000
5997,0,-1,-1,-1,-1,0,-1,-1,-1,-1.000000,-1.000000,479,0,0,0,0,0,-1,-1,-1,0.000000
5998,0,-1,-1,-1,-1,0,-1,-1,-1,-1.000000,-1.000000,263,0,0,0,0,0,-1,-1,-1,0.000000
5999,0,-1,-1,-1,-1,0,-1,-1,-1,-1.000000,-1.000000,107,0,0,0,0,0,-1,-1,-1,0.000000
6000,0,33,-1,-1,6318,6,54,3,2,0.000000,0.000000,71,30,0,9,0,9,33,-1,-1,0.000000
6001,0,-1,-1,-1,-1,0,-1,-1,-1,-1.000000,-1.000000,432,0,0,0,0,0,-1,-1,-1,0.000000
6002,0,96,-1,-1,5914,5,40,3,2,0.000000,0.000000,99,12,0,8,0,8,96,-1,-1,0.000000
6003,0,-1,-1,-1,-1,0,-1,-1,-1,-1.000000,-1.000000,297,0,0,0,0,0,-1,-1,-1,0.000000
6004,0,22,-1,-1,4048,745,66,3,2,0.000000,0.000000,27,793,0,182,0,182,22,-1,-1,0.000000
6005,0,-1,-1,-1,-1,0,-1,-1,-1,-1.000000,-1.000000,341,0,0,0,0,0,-1,-1,-1,0.000000
6006,0,45,-1,-1,1306,153,49,3,4,0.000000,0.000000,93,348,0,88,0,88,45,-1,-1,0.000000
6007,0,124,-1,-1,3195,4,37,3,4,0.000000,0.000000,73,21,0,15,0,15,124,-1,-1,0.000000
6008,0,-1,-1,-1,-1,0,-1,-1,-1,-1.000000,-1.000000,109,0,0,0,0,0,-1,-1,-1,0.000000
6009,0,-1,-1,-1,-1,0,-1,-1,-1,-1.000000,-1.000000,338,0,0,0,0,0,-1,-1,-1,0.000000
6010,0,-1,-1,-1,-1,0,-1,-1,-1,-1.000000,-1.000000,107,0,0,0,0,0,-1,-1,-1,0.000000
6011,0,-1,-1,-1,-1,0,-1,-1,-1,-1.000000,-1.000000,329,0,0,0,0,0,-1,-1,-1,0.000000
6012,0,264,-1,-1,6280,504,27,3,2,0.000000,0.000000,26,643,0,55,0,55,264,-1,-1,0.000000
6013,0,-1,-1,-1,-1,0,-1,-1,-1,-1.000000,-1.000000,283,0,0,0,0,0,-1,-1,-1,0.000000
6014,0,28,-1,-1,5253,793,59,3,4,0.000000,0.000000,59,693,0,267,0,267,28,-1,-1,0.000000
6015,0,-1,-1,-1,-1,0,-1,-1,-1,-1.000000,-1.000000,287,0,0,0,0,0,-1,-1,-1,0.000000
6016,0,24,-1,-1,3458,802,62,3,2,0.000000,0.000000,37,699,0,268,0,268,24,-1,-1,0.000000
6017,0,-1,-1,-1,-1,0,-1,-1,-1,-1.000000,-1.000000,97,0,0,0,0,0,-1,-1,-1,0.000000
6018,0,-1,-1,-1,-1,0,-1,-1,-1,-1.000000,-1.000000,509,0,0,0,0,0,-1,-1,-1,0.000000
6019,0,-1,-1,-1,-1,0,-1,-1,-1,-1.000000,-1.000000,429,0,0,0,0,0,-1,-1,-1,0.000000
6020,0,-1,-1,-1,-1,0,-1,-1,-1,-1.000000,-1.000000,318,0,0,0,0,0,-1,-1,-1,0.000000
6021,0,-1,-1,-1,-1,0,-1,-1,-1,-1.000000,-1.000000,271,0,0,0,0,0,-1,-1,-1,0.000000
6022,0,-1,-1,-1,-1,0,-1,-1,-1,-1.000000,-1.000000,177,0,0,0,0,0,-1,-1,-1,0.000000
6023,0,-1,-1,-1,-1,0,-1,-1,-1,-1.000000,-1.000000,211,0,0,0,0,0,-1,-1,-1,0.000000
6024,0,-1,-1,-1,-1,0,-1,-1,-1,-1.000000,-1.000000,309,0,0,0,0,0,-1,-1,-1,0.000000
6025,0,243,-1,-1,7279,429,28,3,2,0.000000,0.000000,45,538,0,105,0,105,243,-1,-1,0.000000
6026,0,-1,-1,-1,-1,0,-1,-1,-1,-1.000000,-1.000000,140,0,0,0,0,0,-1,-1,-1,0.000000
6027,0,-1,-1,-1,-1,0,-1,-1,-1,-1.000000,-1.000000,241,0,0,0,0,0,-1,-1,-1,0.000000
6028,0,-1,-1,-1,-1,0,-1,-1,-1,-1.000000,-1.000000,332,0,0,0,0,0,-1,-1,-1,0.000000
6029,0,24,-1,-1,5791,614,63,3,4,0.000000,0.000000,41,669,0,132,0,132,24,-1,-1,0.000000
6030,0,-1,-1,-1,-1,0,-1,-1,-1,-1.000000,-1.000000,139,0,0,0,0,0,-1,-1,-1,0.000000
6031,0,-1,-1,-1,-1,0,-1,-1,-1,-1.000000,-1.000000,388,0,0,0,0,0,-1,-1,-1,0.000000
6032,0,-1,-1,-1,-1,0,-1,-1,-1,-1.000000,-1.000000,161,0,0,0,0,0,-1,-1,-1,0.000000
6033,0,-1,-1,-1,-1,0,-1,-1,-1,-1.000000,-1.000000,163,0,0,0,0,0,-1,-1,-1,0.000000
6034,0,-1,-1,-1,-1,0,-1,-1,-1,-1.000000,-1.000000,105,0,0,0,0,0,-1,-1,-1,0.000000
6035,0,-1,-1,-1,-1,0,-1,-1,-1,-1.000000,-1.000000,143,0,0,0,0,0,-1,-1,-1,0.000000
6036,0,-1,-1,-1,-1,0,-1,-1,-1,-1.000000,-1.000000,121,0,0,0,0,0,-1,-1,-1,0.000000
6037,0,-1,-1,-1,-1,0,-1,-1,-1,-1.000000,-1.000000,227,0,0,0,0,0,-1,-1,-1,0.000000
6038,0,-1,-1,-1,-1,0,-1,-1,-1,-1.000000,-1.000000,197,0,0,0,0,0,-1,-1,-1,0.000000
6039,0,-1,-1,-1,-1,0,-1,-1,-1,-1.000000,-1.000000,163,0,0,0,0,0,-1,-1,-1,0.000000
6040,0,-1,-1,-1,-1,0,-1,-1,-1,-1.000000,-1.000000,140,0,0,0,0,0,-1,-1,-1,0.000000
6041,0,77,-1,-1,5311,0,41,3,4,0.000000,0.000000,99,4,0,0,0,0,77,-1,-1,0.000000
6042,0,33,-1,-1,903,333,54,3,2,0.000000,0.000000,67,421,0,155,0,155,33,-1,-1,0.000000
6043,0,-1,-1,-1,-1,0,-1,-1,-1,-1.000000,-1.000000,161,0,0,0,0,0,-1,-1,-1,0.000000
6044,0,-1,-1,-1,-1,0,-1,-1,-1,-1.000000,-1.000000,339,0,0,0,0,0,-1,-1,-1,0.000000
6045,0,-1,-1,-1,-1,0,-1,-1,-1,-1.000000,-1.000000,319,0,0,0,0,0,-1,-1,-1,0.000000
6046,0,107,-1,-1,5494,720,40,3,4,0.000000,0.000000,20,731,0,133,0,133,107,-1,-1,0.000000
6047,0,-1,-1,-1,-1,0,-1,-1,-1,-1.000000,-1.000000,285,0,0,0,0,0,-1,-1,-1,0.000000
6048,0,-1,-1,-1,-1,0,-1,-1,-1,-1.000000,-1.000000,233,0,0,0,0,0,-1,-1,-1,0.000000
6049,0,24,-1,-1,133,651,64,3,2,0.000000,0.000000,61,681,0,158,0,158,24,-1,-1,0.000000
6050,0,-1,-1,-1,-1,0,-1,-1,-1,-1.000000,-1.000000,307,0,0,0,0,0,-1,-1,-1,0.000000
6051,0,-1,-1,-1,-1,0,-1,-1,-1,-1.000000,-1.000000,249,0,0,0,0,0,-1,-1,-1,0.000000
6052,0,-1,-1,-1,-1,0,-1,-1,-1,-1.000000,-1.000000,388,0,0,0,0,0,-1,-1,-1,0.000000
6053,0,-1,-1,-1,-1,0,-1,-1,-1,-1.000000,-1.000000,159,0,0,0,0,0,-1,-1,-1,0.000000
6054,0,-1,-1,-1,-1,0,-1,-1,-1,-1.000000,-1.000000,233,0,0,0,0,0,-1,-1,-1,0.000000
6055,0,-1,-1,-1,-1,0,-1,-1,-1,-1.000000,-1.000000,137,0,0,0,0,0,-1,-1,-1,0.000000
6056,0,-1,-1,-1,-1,0,-1,-1,-1,-1.000000,-1.000000,359,0,0,0,0,0,-1,-1,-1,0.000000
6057,0,-1,-1,-1,-1,0,-1,-1,-1,-1.000000,-1.000000,141,0,0,0,0,0,-1,-1,-1,0.000000
6058,0,25,-1,-1,947,850,62,3,2,0.000000,0.000000,25,761,0,185,0,185,25,-1,-1,0.000000
6059,0,-1,-1,-1,-1,0,-1,-1,-1,-1.000000,-1.000000,233,0,0,0,0,0,-1,-1,-1,0.000000
6060,0,-1,-1,-1,-1,0,-1,-1,-1,-1.000000,-1.000000,179,0,0,0,0,0,-1,-1,-1,0.000000
6061,0,-1,-1,-1,-1,0,-1,-1,-1,-1.000000,-1.000000,233,0,0,0,0,0,-1,-1,-1,0.000000
6062,0,-1,-1,-1,-1,0,-1,-1,-1,-1.000000,-1.000000,369,0,0,0,0,0,-1,-1,-1,0.000000
6063,0,-1,-1,-1,-1,0,-1,-1,-1,-1.000000,-1.000000,191,0,0,0,0,0,-1,-1,-1,0.000000
6064,0,-1,-1,-1,-1,0,-1,-1,-1,-1.000000,-1.000000,179,0,0,0,0,0,-1,-1,-1,0.000000
6065,0,24,-1,-1,409,725,64,3,2,0.000000,0.000000,47,749,0,131,0,131,24,-1,-1,0.000000
6066,0,110,-1,-1,280,52,40,3,4,0.000000,0.000000,100,112,0,50,0,50,110,-1,-1,0.000000
6067,0,24,-1,-1,2280,363,65,3,4,0.000000,0.000000,67,463,0,144,0,144,24,-1,-1,0.000000
6068,0,206,-1,-1,5673,0,28,3,2,0.000000,0.000000,85,5,0,3,0,3,206,-1,-1,0.000000
6069,0,-1,-1,-1,-1,0,-1,-1,-1,-1.000000,-1.000000,135,0,0,0,0,0,-1,-1,-1,0.000000
6070,0,-1,-1,-1,-1,0,-1,-1,-1,-1.000000,-1.000000,140,0,0,0,0,0,-1,-1,-1,0.000000
6071,0,23,-1,-1,133,860,65,3,4,0.000000,0.000000,35,764,0,206,0,206,23,-1,-1,0.000000
6072,0,-1,-1,-1,-1,0,-1,-1,-1,-1.000000,-1.000000,219,0,0,0,0,0,-1,-1,-1,0.000000
6073,0,43,-1,-1,4801,85,50,3,2,0.000000,0.000000,83,176,0,54,0,54,43,-1,-1,0.000000
6074,0,-1,-1,-1,-1,0,-1,-1,-1,-1.000000,-1.000000,276,0,0,0,0,0,-1,-1,-1,0.000000
6075,0,-1,-1,-1,-1,0,-1,-1,-1,-1.000000,-1.000000,353,0,0,0,0,0,-1,-1,-1,0.000000
6076,0,23,-1,-1,5273,688,64,3,2,0.000000,0.000000,45,697,0,276,0,276,23,-1,-1,0.000000
6077,0,-1,-1,-1,-1,0,-1,-1,-1,-1.000000,-1.000000,247,0,0,0,0,0,-1,-1,-1,0.000000
6078,0,-1,-1,-1,-1,0,-1,-1,-1,-1.000000,-1.000000,395,0,0,0,0,0,-1,-1,-1,0.000000
6079,0,-1,-1,-1,-1,0,-1,-1,-1,-1.000000,-1.000000,254,0,0,0,0,0,-1,-1,-1,0.000000
6080,0,-1,-1,-1,-1,0,-1,-1,-1,-1.000000,-1.000000,219,0,0,0,0,0,-1,-1,-1,0.000000
6081,0,-1,-1,-1,-1,0,-1,-1,-1,-1.000000,-1.000000,261,0,0,0,0,0,-1,-1,-1,0.000000
6082,0,-1,-1,-1,-1,0,-1,-1,-1,-1.000000,-1.000000,213,0,0,0,0,0,-1,-1,-1,0.000000
6083,0,-1,-1,-1,-1,0,-1,-1,-1,-1.000000,-1.000000,182,0,0,0,0,0,-1,-1,-1,0.000000
6084,0,-1,-1,-1,-1,0,-1,-1,-1,-1.000000,-1.000000,499,0,0,0,0,0,-1,-1,-1,0.000000
6085,0,213,-1,-1,384,537,30,3,4,0.000000,0.000000,42,638,0,113,0,113,213,-1,-1,0.000000
6086,0,26,-1,-1,4236,350,60,3,2,0.000000,0.000000,53,449,0,111,0,111,26,-1,-1,0.000000
6087,0,-1,-1,-1,-1,0,-1,-1,-1,-1.000000,-1.000000,169,0,0,0,0,0,-1,-1,-1,0.000000
6088,0,-1,-1,-1,-1,0,-1,-1,-1,-1.000000,-1.000000,137,0,0,0,0,0,-1,-1,-1,0.000000
6089,0,-1,-1,-1,-1,0,-1,-1,-1,-1.000000,-1.000000,102,0,0,0,0,0,-1,-1,-1,0.000000
6090,0,-1,-1,-1,-1,0,-1,-1,-1,-1.000000,-1.000000,311,0,0,0,0,0,-1,-1,-1,0.000000
6091,0,-1,-1,-1,-1,0,-1,-1,-1,-1.000000,-1.000000,323,0,0,0,0,0,-1,-1,-1,0.000000
6092,0,141,-1,-1,5489,564,36,3,2,0.000000,0.000000,25,720,0,129,0,129,141,-1,-1,0.000000
6093,0,28,-1,-1,7295,409,58,3,2,0.000000,0.000000,91,532,0,128,0,128,28,-1,-1,0.000000
6094,0,22,-1,-1,676,764,65,3,4,0.000000,0.000000,15,793,0,183,0,183,22,-1,-1,0.000000
6095,0,-1,-1,-1,-1,0,-1,-1,-1,-1.000000,-1.000000,185,0,0,0,0,0,-1,-1,-1,0.000000
6096,0,-1,-1,-1,-1,0,-1,-1,-1,-1.000000,-1.000000,287,0,0,0,0,0,-1,-1,-1,0.000000
6097,0,24,-1,-1,3325,621,65,3,4,0.000000,0.000000,29,677,0,150,0,150,24,-1,-1,0.000000
6098,0,-1,-1,-1,-1,0,-1,-1,-1,-1.000000,-1.000000,151,0,0,0,0,0,-1,-1,-1,0.000000
6099,0,-1,-1,-1,-1,0,-1,-1,-1,-1.000000,-1.000000,416,0,0,0,0,0,-1,-1,-1,0.000000
6100,0,-1,-1,-1,-1,0,-1,-1,-1,-1.000000,-1.000000,375,0,0,0,0,0,-1,-1,-1,0.000000
6101,0,-1,-1,-1,-1,0,-1,-1,-1,-1.000000,-1.000000,123,0,0,0,0,0,-1,-1,-1,0.000000
6102,0,-1,-1,-1,-1,0,-1,-1,-1,-1.000000,-1.000000,342,0,0,0,0,0,-1,-1,-1,0.000000
6103,0,-1,-1,-1,-1,0,-1,-1,-1,-1.000000,-1.000000,177,0,0,0,0,0,-1,-1,-1,0.000000
6104,0,-1,-1,-1,-1,0,-1,-1,-1,-1.000000,-1.000000,103,0,0,0,0,0,-1,-1,-1,0.000000
6105,0,-1,-1,-1,-1,0,-1,-1,-1,-1.000000,-1.000000,301,0,0,0,0,0,-1,-1,-1,0.000000
6106,0,-1,-1,-1,-1,0,-1,-1,-1,-1.000000,-1.000000,121,0,0,0,0,0,-1,-1,-1,0.000000
6107,0,-1,-1,-1,-1,0,-1,-1,-1,-1.000000,-1.000000,157,0,0,0,0,0,-1,-1,-1,0.000000
6108,0,27,-1,-1,1086,833,64,3,4,0.000000,0.000000,22,822,0,151,0,151,27,-1,-1,0.000000
6109,0,-1,-1,-1,-1,0,-1,-1,-1,-1.000000,-1.000000,129,0,0,0,0,0,-1,-1,-1,0.000000
6110,0,-1,-1,-1,-1,0,-1,-1,-1,-1.000000,-1.000000,221,0,0,0,0,0,-1,-1,-1,0.000000
6111,0,-1,-1,-1,-1,0,-1,-1,-1,-1.000000,-1.000000,257,0,0,0,0,0,-1,-1,-1,0.000000
6112,0,43,-1,-1,4875,735,50,3,2,0.000000,0.000000,49,712,0,231,0,231,43,-1,-1,0.000000
6113,0,-1,-1,-1,-1,0,-1,-1,-1,-1.000000,-1.000000,141,0,0,0,0,0,-1,-1,-1,0.000000
6114,0,-1,-1,-1,-1,0,-1,-1,-1,-1.000000,-1.000000,101,0,0,0,0,0,-1,-1,-1,0.000000
6115,0,-1,-1,-1,-1,0,-1,-1,-1,-1.000000,-1.000000,71,0,0,0,0,0,-1,-1,-1,0.000000
6116,0,-1,-1,-1,-1,0,-1,-1,-1,-1.000000,-1.000000,187,0,0,0,0,0,-1,-1,-1,0.000000
6117,0,53,-1,-1,1640,0,46,3,2,0.000000,0.000000,87,5,0,1,0,1,53,-1,-1,0.000000
6118,0,-1,-1,-1,-1,0,-1,-1,-1,-1.000000,-1.000000,293,0,0,0,0,0,-1,-1,-1,0.000000
6119,0,-1,-1,-1,-1,0,-1,-1,-1,-1.000000,-1.000000,181,0,0,0,0,0,-1,-1,-1,0.000000
6120,0,25,-1,-1,5322,794,63,3,4,0.000000,0.000000,45,679,0,296,0,296,25,-1,-1,0.000000
6121,0,-1,-1,-1,-1,0,-1,-1,-1,-1.000000,-1.000000,97,0,0,0,0,0,-1,-1,-1,0.000000
6122,0,-1,-1,-1,-1,0,-1,-1,-1,-1.000000,-1.000000,83,0,0,0,0,0,-1,-1,-1,0.000000
6123,0,-1,-1,-1,-1,0,-1,-1,-1,-1.000000,-1.000000,123,0,0,0,0,0,-1,-1,-1,0.000000
6124,0,-1,-1,-1,-1,0,-1,-1,-1,-1.000000,-1.000000,251,0,0,0,0,0,-1,-1,-1,0.000000
6125,0,82,-1,-1,4720,1,40,3,2,0.000000,0.000000,87,5,0,0,0,0,82,-1,-1,0.000000
6126,0,-1,-1,-1,-1,0,-1,-1,-1,-1.000000,-1.000000,143,0,0,0,0,0,-1,-1,-1,0.000000
6127,0,-1,-1,-1,-1,0,-1,-1,-1,-1.000000,-1.000000,317,0,0,0,0,0,-1,-1,-1,0.000000
6128,0,-1,-1,-1,-1,0,-1,-1,-1,-1.000000,-1.000000,145,0,0,0,0,0,-1,-1,-1,0.000000
6129,0,689,-1,-1,4613,0,17,3,4,0.000000,0.000000,83,0,0,1,0,1,689,-1,-1,0.000000
6130,0,-1,-1,-1,-1,0,-1,-1,-1,-1.000000,-1.000000,197,0,0,0,0,0,-1,-1,-1,0.000000
6131,0,382,-1,-1,1082,4,24,3,2,0.000000,0.000000,83,11,0,3,0,3,382,-1,-1,0.000000
6132,0,-1,-1,-1,-1,0,-1,-1,-1,-1.000000,-1.000000,133,0,0,0,0,0,-1,-1,-1,0.000000
6133,0,-1,-1,-1,-1,0,-1,-1,-1,-1.000000,-1.000000,224,0,0,0,0,0,-1,-1,-1,0.000000
6134,0,-1,-1,-1,-1,0,-1,-1,-1,-1.000000,-1.000000,494,0,0,0,0,0,-1,-1,-1,0.000000
6135,0,-1,-1,-1,-1,0,-1,-1,-1,-1.000000,-1.000000,136,0,0,0,0,0,-1,-1,-1,0.000000
6136,0,-1,-1,-1,-1,0,-1,-1,-1,-1.000000,-1.000000,85,0,0,0,0,0,-1,-1,-1,0.000000
6137,0,-1,-1,-1,-1,0,-1,-1,-1,-1.000000,-1.000000,180,0,0,0,0,0,-1,-1,-1,0.000000
6138,0,-1,-1,-1,-1,0,-1,-1,-1,-1.000000,-1.000000,96,0,0,0,0,0,-1,-1,-1,0.000000
6139,0,-1,-1,-1,-1,0,-1,-1,-1,-1.000000,-1.000000,197,0,0,0,0,0,-1,-1,-1,0.000000
6140,0,-1,-1,-1,-1,0,-1,-1,-1,-1.000000,-1.000000,122,0,0,0,0,0,-1,-1,-1,0.000000
6141,0,-1,-1,-1,-1,0,-1,-1,-1,-1.000000,-1.000000,269,0,0,0,0,0,-1,-1,-1,0.000000
6142,0,-1,-1,-1,-1,0,-1,-1,-1,-1.000000,-1.000000,158,0,0,0,0,0,-1,-1,-1,0.000000
6143,0,-1,-1,-1,-1,0,-1,-1,-1,-1.000000,-1.000000,409,0,0,0,0,0,-1,-1,-1,0.000000
6144,0,-1,-1,-1,-1,0,-1,-1,-1,-1.000000,-1.000000,405,0,0,0,0,0,-1,-1,-1,0.000000
6145,0,199,-1,-1,1866,24,31,3,4,0.000000,0.000000,83,90,0,27,0,27,199,-1,-1,0.000000
6146,0,-1,-1,-1,-1,0,-1,-1,-1,-1.000000,-1.000000,241,0,0,0,0,0,-1,-1,-1,0.000000
6147,0,-1,-1,-1,-1,0,-1,-1,-1,-1.000000,-1.000000,289,0,0,0,0,0,-1,-1,-1,0.000000
6148,0,-1,-1,-1,-1,0,-1,-1,-1,-1.000000,-1.000000,367,0,0,0,0,0,-1,-1,-1,0.000000
6149,0,-1,-1,-1,-1,0,-1,-1,-1,-1.000000,-1.000000,199,0,0,0,0,0,-1,-1,-1,0.000000
6150,0,-1,-1,-1,-1,0,-1,-1,-1,-1.000000,-1.000000,285,0,0,0,0,0,-1,-1,-1,0.000000
6151,0,95,-1,-1,1785,662,40,3,4,0.000000,0.000000,16,773,0,124,0,124,95,-1,-1,0.000000
6152,0,473,-1,-1,5973,0,20,3,4,0.000000,0.000000,110,0,0,1,0,1,473,-1,-1,0.000000
6153,0,-1,-1,-1,-1,0,-1,-1,-1,-1.000000,-1.000000,243,0,0,0,0,0,-1,-1,-1,0.000000
6154,0,-1,-1,-1,-1,0,-1,-1,-1,-1.000000,-1.000000,117,0,0,0,0,0,-1,-1,-1,0.000000
6155,0,-1,-1,-1,-1,0,-1,-1,-1,-1.000000,-1.000000,229,0,0,0,0,0,-1,-1,-1,0.000000
6156,0,-1,-1,-1,-1,0,-1,-1,-1,-1.000000,-1.000000,103,0,0,0,0,0,-1,-1,-1,0.000000
6157,0,-1,-1,-1,-1,0,-1,-1,-1,-1.000000,-1.000000,277,0,0,0,0,0,-1,-1,-1,0.000000
6158,0,24,-1,-1,1648,601,63,3,4,0.000000,0.000000,37,723,0,241,0,241,24,-1,-1,0.000000
6159,0,46,-1,-1,1912,42,49,3,4,0.000000,0.000000,75,117,0,38,0,38,46,-1,-1,0.000000
6160,0,-1,-1,-1,-1,0,-1,-1,-1,-1.000000,-1.000000,467,0,0,0,0,0,-1,-1,-1,0.000000
6161,0,-1,-1,-1,-1,0,-1,-1,-1,-1.000000,-1.000000,243,0,0,0,0,0,-1,-1,-1,0.000000
6162,0,-1,-1,-1,-1,0,-1,-1,-1,-1.000000,-1.000000,302,0,0,0,0,0,-1,-1,-1,0.000000
6163,0,-1,-1,-1,-1,0,-1,-1,-1,-1.000000,-1.000000,149,0,0,0,0,0,-1,-1,-1,0.000000
6164,0,-1,-1,-1,-1,0,-1,-1,-1,-1.000000,-1.000000,157,0,0,0,0,0,-1,-1,-1,0.000000
6165,0,-1,-1,-1,-1,0,-1,-1,-1,-1.000000,-1.000000,317,0,0,0,0,0,-1,-1,-1,0.000000
6166,0,-1,-1,-1,-1,0,-1,-1,-1,-1.000000,-1.000000,269,0,0,0,0,0,-1,-1,-1,0.000000
6167,0,23,-1,-1,4962,795,66,3,2,0.000000,0.000000,39,747,0,188,0,188,23,-1,-1,0.000000
6168,0,-1,-1,-1,-1,0,-1,-1,-1,-1.000000,-1.000000,353,0,0,0,0,0,-1,-1,-1,0.000000
6169,0,-1,-1,-1,-1,0,-1,-1,-1,-1.000000,-1.000000,136,0,0,0,0,0,-1,-1,-1,0.000000
6170,0,-1,-1,-1,-1,0,-1,-1,-1,-1.000000,-1.000000,301,0,0,0,0,0,-1,-1,-1,0.000000
6171,0,-1,-1,-1,-1,0,-1,-1,-1,-1.000000,-1.000000,185,0,0,0,0,0,-1,-1,-1,0.000000
6172,0,327,-1,-1,6427,2,23,3,4,0.000000,0.000000,107,10,0,0,0,0,327,-1,-1,0.000000
6173,0,31,-1,-1,2509,801,57,3,4,0.000000,0.000000,29,775,0,142,0,142,31,-1,-1,0.000000
6174,0,-1,-1,-1,-1,0,-1,-1,-1,-1.000000,-1.000000,203,0,0,0,0,0,-1,-1,-1,0.000000
6175,0,-1,-1,-1,-1,0,-1,-1,-1,-1.000000,-1.000000,81,0,0,0,0,0,-1,-1,-1,0.000000
6176,0,30,-1,-1,3523,324,58,3,2,0.000000,0.000000,59,466,0,71,0,71,30,-1,-1,0.000000
6177,0,-1,-1,-1,-1,0,-1,-1,-1,-1.000000,-1.000000,430,0,0,0,0,0,-1,-1,-1,0.000000
6178,0,-1,-1,-1,-1,0,-1,-1,-1,-1.000000,-1.000000,155,0,0,0,0,0,-1,-1,-1,0.000000
6179,0,32,-1,-1,3141,540,55,3,4,0.000000,0.000000,53,594,0,199,0,199,32,-1,-1,0.000000
6180,0,-1,-1,-1,-1,0,-1,-1,-1,-1.000000,-1.000000,219,0,0,0,0,0,-1,-1,-1,0.000000
6181,0,-1,-1,-1,-1,0,-1,-1,-1,-1.000000,-1.000000,185,0,0,0,0,0,-1,-1,-1,0.000000
6182,0,-1,-1,-1,-1,0,-1,-1,-1,-1.000000,-1.000000,329,0,0,0,0,0,-1,-1,-1,0.000000
6183,0,71,-1,-1,1989,627,44,3,2,0.000000,0.000000,33,726,0,92,0,92,71,-1,-1,0.000000
6184,0,-1,-1,-1,-1,0,-1,-1,-1,-1.000000,-1.000000,373,0,0,0,0,0,-1,-1,-1,0.000000
6185,0,-1,-1,-1,-1,0,-1,-1,-1,-1.000000,-1.000000,185,0,0,0,0,0,-1,-1,-1,0.000000
6186,0,28,-1,-1,7822,757,60,3,2,0.000000,0.000000,49,761,0,196,0,196,28,-1,-1,0.000000
6187,0,-1,-1,-1,-1,0,-1,-1,-1,-1.000000,-1.000000,195,0,0,0,0,0,-1,-1,-1,0.000000
6188,0,-1,-1,-1,-1,0,-1,-1,-1,-1.000000,-1.000000,152,0,0,0,0,0,-1,-1,-1,0.000000
6189,0,42,-1,-1,5555,230,50,3,2,0.000000,0.000000,67,368,0,90,0,90,42,-1,-1,0.000000
6190,0,-1,-1,-1,-1,0,-1,-1,-1,-1.000000,-1.000000,241,0,0,0,0,0,-1,-1,-1,0.000000
6191,0,-1,-1,-1,-1,0,-1,-1,-1,-1.000000,-1.000000,177,0,0,0,0,0,-1,-1,-1,0.000000
6192,0,-1,-1,-1,-1,0,-1,-1,-1,-1.000000,-1.000000,199,0,0,0,0,0,-1,-1,-1,0.000000
6193,0,-1,-1,-1,-1,0,-1,-1,-1,-1.000000,-1.000000,160,0,0,0,0,0,-1,-1,-1,0.000000
6194,0,-1,-1,-1,-1,0,-1,-1,-1,-1.000000,-1.000000,323,0,0,0,0,0,-1,-1,-1,0.000000
6195,0,-1,-1,-1,-1,0,-1,-1,-1,-1.000000,-1.000000,269,0,0,0,0,0,-1,-1,-1,0.000000
6196,0,24,-1,-1,7144,712,62,3,2,0.000000,0.000000,53,719,0,151,0,151,24,-1,-1,0.000000
6197,0,-1,-1,-1,-1,0,-1,-1,-1,-1.000000,-1.000000,142,0,0,0,0,0,-1,-1,-1,0.000000
6198,0,-1,-1,-1,-1,0,-1,-1,-1,-1.000000,-1.000000,233,0,0,0,0,0,-1,-1,-1,0.000000
6199,0,48,-1,-1,4881,1,51,3,4,0.000000,0.000000,77,12,0,3,0,3,48,-1,-1,0.000000
6200,0,-1,-1,-1,-1,0,-1,-1,-1,-1.000000,-1.000000,228,0,0,0,0,0,-1,-1,-1,0.000000
6201,0,-1,-1,-1,-1,0,-1,-1,-1,-1.000000,-1.000000,241,0,0,0,0,0,-1,-1,-1,0.000000
6202,0,160,-1,-1,4474,57,33,3,4,0.000000,0.000000,47,167,0,34,0,34,160,-1,-1,0.000000
6203,0,-1,-1,-1,-1,0,-1,-1,-1,-1.000000,-1.000000,175,0,0,0,0,0,-1,-1,-1,0.000000
6204,0,-1,-1,-1,-1,0,-1,-1,-1,-1.000000,-1.000000,151,0,0,0,0,0,-1,-1,-1,0.000000
6205,0,-1,-1,-1,-1,0,-1,-1,-1,-1.000000,-1.000000,419,0,0,0,0,0,-1,-1,-1,0.000000
6206,0,-1,-1,-1,-1,0,-1,-1,-1,-1.000000,-1.000000,429,0,0,0,0,0,-1,-1,-1,0.000000
6207,0,19,-1,-1,6630,630,67,3,4,0.000000,0.000000,39,761,0,219,0,219,19,-1,-1,0.000000
6208,0,237,-1,-1,5340,236,27,3,4,0.000000,0.000000,55,395,0,50,0,50,237,-1,-1,0.000000
6209,0,-1,-1,-1,-1,0,-1,-1,-1,-1.000000,-1.000000,301,0,0,0,0,0,-1,-1,-1,0.000000
6210,0,23,-1,-1,2390,750,64,3,2,0.000000,0.000000,37,715,0,229,0,229,23,-1,-1,0.000000
6211,0,76,-1,-1,5433,14,41,3,4,0.000000,0.000000,83,56,0,25,0,25,76,-1,-1,0.000000
6212,0,-1,-1,-1,-1,0,-1,-1,-1,-1.000000,-1.000000,127,0,0,0,0,0,-1,-1,-1,0.000000
6213,0,-1,-1,-1,-1,0,-1,-1,-1,-1.000000,-1.000000,321,0,0,0,0,0,-1,-1,-1,0.000000
6214,0,-1,-1,-1,-1,0,-1,-1,-1,-1.000000,-1.000000,113,0,0,0,0,0,-1,-1,-1,0.000000
6215,0,-1,-1,-1,-1,0,-1,-1,-1,-1.000000,-1.000000,197,0,0,0,0,0,-1,-1,-1,0.000000
6216,0,-1,-1,-1,-1,0,-1,-1,-1,-1.000000,-1.000000,357,0,0,0,0,0,-1,-1,-1,0.000000
6217,0,-1,-1,-1,-1,0,-1,-1,-1,-1.000000,-1.000000,211,0,0,0,0,0,-1,-1,-1,0.000000
6218,0,-1,-1,-1,-1,0,-1,-1,-1,-1.000000,-1.000000,160,0,0,0,0,0,-1,-1,-1,0.000000
6219,0,-1,-1,-1,-1,0,-1,-1,-1,-1.000000,-1.000000,363,0,0,0,0,0,-1,-1,-1,0.000000
6220,0,-1,-1,-1,-1,0,-1,-1,-1,-1.000000,-1.000000,159,0,0,0,0,0,-1,-1,-1,0.000000
6221,0,-1,-1,-1,-1,0,-1,-1,-1,-1.000000,-1.000000,99,0,0,0,0,0,-1,-1,-1,0.000000
6222,0,-1,-1,-1,-1,0,-1,-1,-1,-1.000000,-1.000000,368,0,0,0,0,0,-1,-1,-1,0.000000
6223,0,43,-1,-1,6721,2,49,3,4,0.000000,0.000000,91,23,0,10,0,10,43,-1,-1,0.000000
6224,0,-1,-1,-1,-1,0,-1,-1,-1,-1.000000,-1.000000,257,0,0,0,0,0,-1,-1,-1,0.000000
6225,0,-1,-1,-1,-1,0,-1,-1,-1,-1.000000,-1.000000,303,0,0,0,0,0,-1,-1,-1,0.000000
6226,0,-1,-1,-1,-1,0,-1,-1,-1,-1.000000,-1.000000,87,0,0,0,0,0,-1,-1,-1,0.000000
6227,0,-1,-1,-1,-1,0,-1,-1,-1,-1.000000,-1.000000,259,0,0,0,0,0,-1,-1,-1,0.000000
6228,0,-1,-1,-1,-1,0,-1,-1,-1,-1.000000,-1.000000,109,0,0,0,0,0,-1,-1,-1,0.000000
6229,0,-1,-1,-1,-1,0,-1,-1,-1,-1.000000,-1.000000,176,0,0,0,0,0,-1,-1,-1,0.000000
6230,0,-1,-1,-1,-1,0,-1,-1,-1,-1.000000,-1.000000,124,0,0,0,0,0,-1,-1,-1,0.000000
6231,0,-1,-1,-1,-1,0,-1,-1,-1,-1.000000,-1.000000,404,0,0,0,0,0,-1,-1,-1,0.000000
6232,0,-1,-1,-1,-1,0,-1,-1,-1,-1.000000,-1.000000,253,0,0,0,0,0,-1,-1,-1,0.000000
6233,0,-1,-1,-1,-1,0,-1,-1,-1,-1.000000,-1.000000,315,0,0,0,0,0,-1,-1,-1,0.000000
6234,0,-1,-1,-1,-1,0,-1,-1,-1,-1.000000,-1.000000,109,0,0,0,0,0,-1,-1,-1,0.000000
6235,0,-1,-1,-1,-1,0,-1,-1,-1,-1.000000,-1.000000,211,0,0,0,0,0,-1,-1,-1,0.000000
6236,0,-1,-1,-1,-1,0,-1,-1,-1,-1.000000,-1.000000,146,0,0,0,0,0,-1,-1,-1,0.000000
6237,0,-1,-1,-1,-1,0,-1,-1,-1,-1.000000,-1.000000,345,0,0,0,0,0,-1,-1,-1,0.000000
6238,0,-1,-1,-1,-1,0,-1,-1,-1,-1.000000,-1.000000,455,0,0,0,0,0,-1,-1,-1,0.000000
6239,0,23,-1,-1,4344,787,64,3,2,0.000000,0.000000,47,763,0,202,0,202,23,-1,-1,0.000000
6240,0,-1,-1,-1,-1,0,-1,-1,-1,-1.000000,-1.000000,177,0,0,0,0,0,-1,-1,-1,0.000000
6241,0,-1,-1,-1,-1,0,-1,-1,-1,-1.000000,-1.000000,123,0,0,0,0,0,-1,-1,-1,0.000000
6242,0,-1,-1,-1,-1,0,-1,-1,-1,-1.000000,-1.000000,280,0,0,0,0,0,-1,-1,-1,0.000000
6243,0,-1,-1,-1,-1,0,-1,-1,-1,-1.000000,-1.000000,375,0,0,0,0,0,-1,-1,-1,0.000000
6244,0,-1,-1,-1,-1,0,-1,-1,-1,-1.000000,-1.000000,183,0,0,0,0,0,-1,-1,-1,0.000000
6245,0,-1,-1,-1,-1,0,-1,-1,-1,-1.000000,-1.000000,302,0,0,0,0,0,-1,-1,-1,0.000000
6246,0,39,-1,-1,4417,408,51,3,4,0.000000,0.000000,63,501,0,173,0,173,39,-1,-1,0.000000
6247,0,-1,-1,-1,-1,0,-1,-1,-1,-1.000000,-1.000000,266,0,0,0,0,0,-1,-1,-1,0.000000
6248,0,-1,-1,-1,-1,0,-1,-1,-1,-1.000000,-1.000000,263,0,0,0,0,0,-1,-1,-1,0.000000
6249,0,-1,-1,-1,-1,0,-1,-1,-1,-1.000000,-1.000000,120,0,0,0,0,0,-1,-1,-1,0.000000
6250,0,-1,-1,-1,-1,0,-1,-1,-1,-1.000000,-1.000000,237,0,0,0,0,0,-1,-1,-1,0.000000
6251,0,-1,-1,-1,-1,0,-1,-1,-1,-1.000000,-1.000000,199,0,0,0,0,0,-1,-1,-1,0.000000
6252,0,23,-1,-1,5555,744,65,3,4,0.000000,0.000000,47,686,0,283,0,283,23,-1,-1,0.000000
6253,0,18,-1,-1,5568,755,68,3,2,0.000000,0.000000,13,777,0,204,0,204,18,-1,-1,0.000000
6254,0,-1,-1,-1,-1,0,-1,-1,-1,-1.000000,-1.000000,93,0,0,0,0,0,-1,-1,-1,0.000000
6255,0,-1,-1,-1,-1,0,-1,-1,-1,-1.000000,-1.000000,361,0,0,0,0,0,-1,-1,-1,0.000000
6256,0,-1,-1,-1,-1,0,-1,-1,-1,-1.000000,-1.000000,137,0,0,0,0,0,-1,-1,-1,0.000000
6257,0,-1,-1,-1,-1,0,-1,-1,-1,-1.000000,-1.000000,253,0,0,0,0,0,-1,-1,-1,0.000000
6258,0,-1,-1,-1,-1,0,-1,-1,-1,-1.000000,-1.000000,524,0,0,0,0,0,-1,-1,-1,0.000000
6259,0,-1,-1,-1,-1,0,-1,-1,-1,-1.000000,-1.000000,169,0,0,0,0,0,-1,-1,-1,0.000000
6260,0,-1,-1,-1,-1,0,-1,-1,-1,-1.000000,-1.000000,179,0,0,0,0,0,-1,-1,-1,0.000000
6261,0,-1,-1,-1,-1,0,-1,-1,-1,-1.000000,-1.000000,310,0,0,0,0,0,-1,-1,-1,0.000000
6262,0,-1,-1,-1,-1,0,-1,-1,-1,-1.000000,-1.000000,161,0,0,0,0,0,-1,-1,-1,0.000000
6263,0,-1,-1,-1,-1,0,-1,-1,-1,-1.000000,-1.000000,139,0,0,0,0,0,-1,-1,-1,0.000000
6264,0,-1,-1,-1,-1,0,-1,-1,-1,-1.000000,-1.000000,252,0,0,0,0,0,-1,-1,-1,0.000000
6265,0,-1,-1,-1,-1,0,-1,-1,-1,-1.000000,-1.000000,220,0,0,0,0,0,-1,-1,-1,0.000000
6266,0,-1,-1,-1,-1,0,-1,-1,-1,-1.000000,-1.000000,163,0,0,0,0,0,-1,-1,-1,0.000000
6267,0,-1,-1,-1,-1,0,-1,-1,-1,-1.000000,-1.000000,99,0,0,0,0,0,-1,-1,-1,0.000000
6268,0,485,-1,-1,3670,132,21,3,2,0.000000,0.000000,32,216,0,19,0,19,485,-1,-1,0.000000
6269,0,-1,-1,-1,-1,0,-1,-1,-1,-1.000000,-1.000000,211,0,0,0,0,0,-1,-1,-1,0.000000
6270,0,-1,-1,-1,-1,0,-1,-1,-1,-1.000000,-1.000000,239,0,0,0,0,0,-1,-1,-1,0.000000
6271,0,11,-1,-1,5702,681,71,3,4,0.000000,0.000000,13,752,0,235,0,235,11,-1,-1,0.000000
6272,0,-1,-1,-1,-1,0,-1,-1,-1,-1.000000,-1.000000,265,0,0,0,0,0,-1,-1,-1,0.000000
6273,0,-1,-1,-1,-1,0,-1,-1,-1,-1.000000,-1.000000,337,0,0,0,0,0,-1,-1,-1,0.000000
6274,0,-1,-1,-1,-1,0,-1,-1,-1,-1.000000,-1.000000,113,0,0,0,0,0,-1,-1,-1,0.000000
6275,0,-1,-1,-1,-1,0,-1,-1,-1,-1.000000,-1.000000,121,0,0,0,0,0,-1,-1,-1,0.000000
6276,0,-1,-1,-1,-1,0,-1,-1,-1,-1.000000,-1.000000,253,0,0,0,0,0,-1,-1,-1,0.000000
6277,0,-1,-1,-1,-1,0,-1,-1,-1,-1.000000,-1.000000,356,0,0,0,0,0,-1,-1,-1,0.000000
6278,0,-1,-1,-1,-1,0,-1,-1,-1,-1.000000,-1.000000,125,0,0,0,0,0,-1,-1,-1,0.000000
6279,0,-1,-1,-1,-1,0,-1,-1,-1,-1.000000,-1.000000,89,0,0,0,0,0,-1,-1,-1,0.000000
6280,0,-1,-1,-1,-1,0,-1,-1,-1,-1.000000,-1.000000,168,0,0,0,0,0,-1,-1,-1,0.000000
6281,0,22,-1,-1,409,816,66,3,2,0.000000,0.000000,39,802,0,168,0,168,22,-1,-1,0.000000
6282,0,-1,-1,-1,-1,0,-1,-1,-1,-1.000000,-1.000000,268,0,0,0,0,0,-1,-1,-1,0.000000
6283,0,63,-1,-1,1962,0,46,3,2,0.000000,0.000000,85,12,0,4,0,4,63,-1,-1,0.000000
6284,0,-1,-1,-1,-1,0,-1,-1,-1,-1.000000,-1.000000,215,0,0,0,0,0,-1,-1,-1,0.000000
6285,0,-1,-1,-1,-1,0,-1,-1,-1,-1.000000,-1.000000,398,0,0,0,0,0,-1,-1,-1,0.000000
6286,0,-1,-1,-1,-1,0,-1,-1,-1,-1.000000,-1.000000,176,0,0,0,0,0,-1,-1,-1,0.000000
6287,0,-1,-1,-1,-1,0,-1,-1,-1,-1.000000,-1.000000,189,0,0,0,0,0,-1,-1,-1,0.000000
6288,0,-1,-1,-1,-1,0,-1,-1,-1,-1.000000,-1.000000,448,0,0,0,0,0,-1,-1,-1,0.000000
6289,0,11,-1,-1,5601,696,70,3,2,0.000000,0.000000,21,749,0,236,0,236,11,-1,-1,0.000000
6290,0,-1,-1,-1,-1,0,-1,-1,-1,-1.000000,-1.000000,197,0,0,0,0,0,-1,-1,-1,0.000000
6291,0,-1,-1,-1,-1,0,-1,-1,-1,-1.000000,-1.000000,147,0,0,0,0,0,-1,-1,-1,0.000000
6292,0,-1,-1,-1,-1,0,-1,-1,-1,-1.000000,-1.000000,50,0,0,0,0,0,-1,-1,-1,0.000000
6293,0,-1,-1,-1,-1,0,-1,-1,-1,-1.000000,-1.000000,396,0,0,0,0,0,-1,-1,-1,0.000000
6294,0,-1,-1,-1,-1,0,-1,-1,-1,-1.000000,-1.000000,375,0,0,0,0,0,-1,-1,-1,0.000000
6295,0,-1,-1,-1,-1,0,-1,-1,-1,-1.000000,-1.000000,268,0,0,0,0,0,-1,-1,-1,0.000000
6296,0,-1,-1,-1,-1,0,-1,-1,-1,-1.000000,-1.000000,367,0,0,0,0,0,-1,-1,-1,0.000000
6297,0,-1,-1,-1,-1,0,-1,-1,-1,-1.000000,-1.000000,506,0,0,0,0,0,-1,-1,-1,0.000000
6298,0,-1,-1,-1,-1,0,-1,-1,-1,-1.000000,-1.000000,259,0,0,0,0,0,-1,-1,-1,0.000000
6299,0,-1,-1,-1,-1,0,-1,-1,-1,-1.000000,-1.000000,533,0,0,0,0,0,-1,-1,-1,0.000000
6300,0,-1,-1,-1,-1,0,-1,-1,-1,-1.000000,-1.000000,175,0,0,0,0,0,-1,-1,-1,0.000000
6301,0,26,-1,-1,7118,123,63,3,4,0.000000,0.000000,51,225,0,63,0,63,26,-1,-1,0.000000
6302,0,136,-1,-1,7446,62,35,3,4,0.000000,0.000000,51,125,0,37,0,37,136,-1,-1,0.000000
6303,0,-1,-1,-1,-1,0,-1,-1,-1,-1.000000,-1.000000,261,0,0,0,0,0,-1,-1,-1,0.000000
6304,0,-1,-1,-1,-1,0,-1,-1,-1,-1.000000,-1.000000,198,0,0,0,0,0,-1,-1,-1,0.000000
6305,0,-1,-1,-1,-1,0,-1,-1,-1,-1.000000,-1.000000,175,0,0,0,0,0,-1,-1,-1,0.000000
6306,0,63,-1,-1,4168,494,44,3,2,0.000000,0.000000,45,568,0,148,0,148,63,-1,-1,0.000000
6307,0,-1,-1,-1,-1,0,-1,-1,-1,-1.000000,-1.000000,331,0,0,0,0,0,-1,-1,-1,0.000000
6308,0,-1,-1,-1,-1,0,-1,-1,-1,-1.000000,-1.000000,250,0,0,0,0,0,-1,-1,-1,0.000000
6309,0,-1,-1,-1,-1,0,-1,-1,-1,-1.000000,-1.000000,249,0,0,0,0,0,-1,-1,-1,0.000000
6310,0,-1,-1,-1,-1,0,-1,-1,-1,-1.000000,-1.000000,463,0,0,0,0,0,-1,-1,-1,0.000000
6311,0,-1,-1,-1,-1,0,-1,-1,-1,-1.000000,-1.000000,505,0,0,0,0,0,-1,-1,-1,0.000000
6312,0,-1,-1,-1,-1,0,-1,-1,-1,-1.000000,-1.000000,139,0,0,0,0,0,-1,-1,-1,0.000000
6313,0,31,-1,-1,2424,619,58,3,2,0.000000,0.000000,65,622,0,183,0,183,31,-1,-1,0.000000
6314,0,-1,-1,-1,-1,0,-1,-1,-1,-1.000000,-1.000000,163,0,0,0,0,0,-1,-1,-1,0.000000
6315,0,1,-1,-1,4051,679,69,3,4,0.000000,0.000000,19,771,0,219,0,219,1,-1,-1,0.000000
6316,0,-1,-1,-1,-1,0,-1,-1,-1,-1.000000,-1.000000,472,0,0,0,0,0,-1,-1,-1,0.000000
6317,0,-1,-1,-1,-1,0,-1,-1,-1,-1.000000,-1.000000,230,0,0,0,0,0,-1,-1,-1,0.000000
6318,0,-1,-1,-1,-1,0,-1,-1,-1,-1.000000,-1.000000,267,0,0,0,0,0,-1,-1,-1,0.000000
6319,0,-1,-1,-1,-1,0,-1,-1,-1,-1.000000,-1.000000,297,0,0,0,0,0,-1,-1,-1,0.000000
6320,0,-1,-1,-1,-1,0,-1,-1,-1,-1.000000,-1.000000,348,0,0,0,0,0,-1,-1,-1,0.000000
6321,0,-1,-1,-1,-1,0,-1,-1,-1,-1.000000,-1.000000,105,0,0,0,0,0,-1,-1,-1,0.000000
6322,0,-1,-1,-1,-1,0,-1,-1,-1,-1.000000,-1.000000,311,0,0,0,0,0,-1,-1,-1,0.000000
6323,0,-1,-1,-1,-1,0,-1,-1,-1,-1.000000,-1.000000,265,0,0,0,0,0,-1,-1,-1,0.000000
6324,0,-1,-1,-1,-1,0,-1,-1,-1,-1.000000,-1.000000,189,0,0,0,0,0,-1,-1,-1,0.000000
6325,0,-1,-1,-1,-1,0,-1,-1,-1,-1.000000,-1.000000,105,0,0,0,0,0,-1,-1,-1,0.000000
6326,0,-1,-1,-1,-1,0,-1,-1,-1,-1.000000,-1.000000,181,0,0,0,0,0,-1,-1,-1,0.000000
6327,0,-1,-1,-1,-1,0,-1,-1,-1,-1.000000,-1.000000,260,0,0,0,0,0,-1,-1,-1,0.000000
6328,0,22,-1,-1,833,814,66,3,2,0.000000,0.000000,33,804,0,171,0,171,22,-1,-1,0.000000
6329,0,-1,-1,-1,-1,0,-1,-1,-1,-1.000000,-1.000000,119,0,0,0,0,0,-1,-1,-1,0.000000
6330,0,-1,-1,-1,-1,0,-1,-1,-1,-1.000000,-1.000000,151,0,0,0,0,0,-1,-1,-1,0.000000
6331,0,22,-1,-1,701,723,68,3,2,0.000000,0.000000,9,801,0,177,0,177,22,-1,-1,0.000000
6332,0,-1,-1,-1,-1,0,-1,-1,-1,-1.000000,-1.000000,434,0,0,0,0,0,-1,-1,-1,0.000000
6333,0,-1,-1,-1,-1,0,-1,-1,-1,-1.000000,-1.000000,341,0,0,0,0,0,-1,-1,-1,0.000000
6334,0,-1,-1,-1,-1,0,-1,-1,-1,-1.000000,-1.000000,478,0,0,0,0,0,-1,-1,-1,0.000000
6335,0,-1,-1,-1,-1,0,-1,-1,-1,-1.000000,-1.000000,147,0,0,0,0,0,-1,-1,-1,0.000000
6336,0,-1,-1,-1,-1,0,-1,-1,-1,-1.000000,-1.000000,397,0,0,0,0,0,-1,-1,-1,0.000000
6337,0,-1,-1,-1,-1,0,-1,-1,-1,-1.000000,-1.000000,233,0,0,0,0,0,-1,-1,-1,0.000000
6338,0,-1,-1,-1,-1,0,-1,-1,-1,-1.000000,-1.000000,208,0,0,0,0,0,-1,-1,-1,0.000000
6339,0,211,-1,-1,5206,4,30,3,2,0.000000,0.000000,53,32,0,5,0,5,211,-1,-1,0.000000
6340,0,35,-1,-1,5703,0,55,3,4,0.000000,0.000000,75,7,0,5,0,5,35,-1,-1,0.000000
6341,0,-1,-1,-1,-1,0,-1,-1,-1,-1.000000,-1.000000,167,0,0,0,0,0,-1,-1,-1,0.000000
6342,0,-1,-1,-1,-1,0,-1,-1,-1,-1.000000,-1.000000,161,0,0,0,0,0,-1,-1,-1,0.000000
6343,0,-1,-1,-1,-1,0,-1,-1,-1,-1.000000,-1.000000,355,0,0,0,0,0,-1,-1,-1,0.000000
6344,0,-1,-1,-1,-1,0,-1,-1,-1,-1.000000,-1.000000,215,0,0,0,0,0,-1,-1,-1,0.000000
6345,0,-1,-1,-1,-1,0,-1,-1,-1,-1.000000,-1.000000,105,0,0,0,0,0,-1,-1,-1,0.000000
6346,0,-1,-1,-1,-1,0,-1,-1,-1,-1.000000,-1.000000,427,0,0,0,0,0,-1,-1,-1,0.000000
6347,0,-1,-1,-1,-1,0,-1,-1,-1,-1.000000,-1.000000,231,0,0,0,0,0,-1,-1,-1,0.000000
6348,0,-1,-1,-1,-1,0,-1,-1,-1,-1.000000,-1.000000,135,0,0,0,0,0,-1,-1,-1,0.000000
6349,0,192,-1,-1,4376,0,29,3,4,0.000000,0.000000,91,2,0,2,0,2,192,-1,-1,0.000000
6350,0,-1,-1,-1,-1,0,-1,-1,-1,-1.000000,-1.000000,135,0,0,0,0,0,-1,-1,-1,0.000000
6351,0,-1,-1,-1,-1,0,-1,-1,-1,-1.000000,-1.000000,324,0,0,0,0,0,-1,-1,-1,0.000000
6352,0,-1,-1,-1,-1,0,-1,-1,-1,-1.000000,-1.000000,85,0,0,0,0,0,-1,-1,-1,0.000000
6353,0,-1,-1,-1,-1,0,-1,-1,-1,-1.000000,-1.000000,421,0,0,0,0,0,-1,-1,-1,0.000000
6354,0,-1,-1,-1,-1,0,-1,-1,-1,-1.000000,-1.000000,243,0,0,0,0,0,-1,-1,-1,0.000000
6355,0,-1,-1,-1,-1,0,-1,-1,-1,-1.000000,-1.000000,341,0,0,0,0,0,-1,-1,-1,0.000000
6356,0,-1,-1,-1,-1,0,-1,-1,-1,-1.000000,-1.000000,87,0,0,0,0,0,-1,-1,-1,0.000000
6357,0,-1,-1,-1,-1,0,-1,-1,-1,-1.000000,-1.000000,427,0,0,0,0,0,-1,-1,-1,0.000000
6358,0,-1,-1,-1,-1,0,-1,-1,-1,-1.000000,-1.000000,366,0,0,0,0,0,-1,-1,-1,0.000000
6359,0,-1,-1,-1,-1,0,-1,-1,-1,-1.000000,-1.000000,402,0,0,0,0,0,-1,-1,-1,0.000000
6360,0,-1,-1,-1,-1,0,-1,-1,-1,-1.000000,-1.000000,280,0,0,0,0,0,-1,-1,-1,0.000000
6361,0,24,-1,-1,2968,792,65,3,4,0.000000,0.000000,43,750,0,220,0,220,24,-1,-1,0.000000
6362,0,-1,-1,-1,-1,0,-1,-1,-1,-1.000000,-1.000000,453,0,0,0,0,0,-1,-1,-1,0.000000
6363,0,-1,-1,-1,-1,0,-1,-1,-1,-1.000000,-1.000000,327,0,0,0,0,0,-1,-1,-1,0.000000
6364,0,-1,-1,-1,-1,0,-1,-1,-1,-1.000000,-1.000000,462,0,0,0,0,0,-1,-1,-1,0.000000
6365,0,-1,-1,-1,-1,0,-1,-1,-1,-1.000000,-1.000000,449,0,0,0,0,0,-1,-1,-1,0.000000
6366,0,-1,-1,-1,-1,0,-1,-1,-1,-1.000000,-1.000000,303,0,0,0,0,0,-1,-1,-1,0.000000
6367,0,29,-1,-1,7239,329,57,3,4,0.000000,0.000000,87,505,0,76,0,76,29,-1,-1,0.000000
6368,0,-1,-1,-1,-1,0,-1,-1,-1,-1.000000,-1.000000,431,0,0,0,0,0,-1,-1,-1,0.000000
6369,0,-1,-1,-1,-1,0,-1,-1,-1,-1.000000,-1.000000,287,0,0,0,0,0,-1,-1,-1,0.000000
6370,0,-1,-1,-1,-1,0,-1,-1,-1,-1.000000,-1.000000,169,0,0,0,0,0,-1,-1,-1,0.000000
6371,0,-1,-1,-1,-1,0,-1,-1,-1,-1.000000,-1.000000,190,0,0,0,0,0,-1,-1,-1,0.000000
6372,0,-1,-1,-1,-1,0,-1,-1,-1,-1.000000,-1.000000,367,0,0,0,0,0,-1,-1,-1,0.000000
6373,0,-1,-1,-1,-1,0,-1,-1,-1,-1.000000,-1.000000,125,0,0,0,0,0,-1,-1,-1,0.000000
6374,0,-1,-1,-1,-1,0,-1,-1,-1,-1.000000,-1.000000,183,0,0,0,0,0,-1,-1,-1,0.000000
6375,0,-1,-1,-1,-1,0,-1,-1,-1,-1.000000,-1.000000,207,0,0,0,0,0,-1,-1,-1,0.000000
6376,0,24,-1,-1,6809,716,64,3,4,0.000000,0.000000,10,784,0,192,0,192,24,-1,-1,0.000000
6377,0,-1,-1,-1,-1,0,-1,-1,-1,-1.000000,-1.000000,247,0,0,0,0,0,-1,-1,-1,0.000000
6378,0,-1,-1,-1,-1,0,-1,-1,-1,-1.000000,-1.000000,179,0,0,0,0,0,-1,-1,-1,0.000000
6379,0,-1,-1,-1,-1,0,-1,-1,-1,-1.000000,-1.000000,415,0,0,0,0,0,-1,-1,-1,0.000000
6380,0,29,-1,-1,548,401,57,3,4,0.000000,0.000000,65,559,0,95,0,95,29,-1,-1,0.000000
6381,0,225,-1,-1,2677,0,27,3,4,0.000000,0.000000,93,1,0,0,0,0,225,-1,-1,0.000000
6382,0,-1,-1,-1,-1,0,-1,-1,-1,-1.000000,-1.000000,446,0,0,0,0,0,-1,-1,-1,0.000000
6383,0,-1,-1,-1,-1,0,-1,-1,-1,-1.000000,-1.000000,237,0,0,0,0,0,-1,-1,-1,0.000000
6384,0,28,-1,-1,3493,508,59,3,4,0.000000,0.000000,51,533,0,164,0,164,28,-1,-1,0.000000
6385,0,-1,-1,-1,-1,0,-1,-1,-1,-1.000000,-1.000000,205,0,0,0,0,0,-1,-1,-1,0.000000
6386,0,-1,-1,-1,-1,0,-1,-1,-1,-1.000000,-1.000000,153,0,0,0,0,0,-1,-1,-1,0.000000
6387,0,-1,-1,-1,-1,0,-1,-1,-1,-1.000000,-1.000000,316,0,0,0,0,0,-1,-1,-1,0.000000
6388,0,47,-1,-1,5266,196,49,3,4,0.000000,0.000000,61,287,0,101,0,101,47,-1,-1,0.000000
6389,0,-1,-1,-1,-1,0,-1,-1,-1,-1.000000,-1.000000,152,0,0,0,0,0,-1,-1,-1,0.000000
6390,0,-1,-1,-1,-1,0,-1,-1,-1,-1.000000,-1.000000,159,0,0,0,0,0,-1,-1,-1,0.000000
6391,0,-1,-1,-1,-1,0,-1,-1,-1,-1.000000,-1.000000,381,0,0,0,0,0,-1,-1,-1,0.000000
6392,0,88,-1,-1,5484,249,41,3,4,0.000000,0.000000,41,397,0,55,0,55,88,-1,-1,0.000000
6393,0,-1,-1,-1,-1,0,-1,-1,-1,-1.000000,-1.000000,205,0,0,0,0,0,-1,-1,-1,0.000000
6394,0,-1,-1,-1,-1,0,-1,-1,-1,-1.000000,-1.000000,393,0,0,0,0,0,-1,-1,-1,0.000000
6395,0,-1,-1,-1,-1,0,-1,-1,-1,-1.000000,-1.000000,177,0,0,0,0,0,-1,-1,-1,0.000000
6396,0,-1,-1,-1,-1,0,-1,-1,-1,-1.000000,-1.000000,262,0,0,0,0,0,-1,-1,-1,0.000000
6397,0,-1,-1,-1,-1,0,-1,-1,-1,-1.000000,-1.000000,331,0,0,0,0,0,-1,-1,-1,0.000000
6398,0,-1,-1,-1,-1,0,-1,-1,-1,-1.000000,-1.000000,213,0,0,0,0,0,-1,-1,-1,0.000000
6399,0,-1,-1,-1,-1,0,-1,-1,-1,-1.000000,-1.000000,177,0,0,0,0,0,-1,-1,-1,0.000000
6400,0,-1,-1,-1,-1,0,-1,-1,-1,-1.000000,-1.000000,163,0,0,0,0,0,-1,-1,-1,0.000000
6401,0,-1,-1,-1,-1,0,-1,-1,-1,-1.000000,-1.000000,160,0,0,0,0,0,-1,-1,-1,0.000000
6402,0,-1,-1,-1,-1,0,-1,-1,-1,-1.000000,-1.000000,146,0,0,0,0,0,-1,-1,-1,0.000000
6403,0,-1,-1,-1,-1,0,-1,-1,-1,-1.000000,-1.000000,348,0,0,0,0,0,-1,-1,-1,0.000000
6404,0,-1,-1,-1,-1,0,-1,-1,-1,-1.000000,-1.000000,421,0,0,0,0,0,-1,-1,-1,0.000000
6405,0,-1,-1,-1,-1,0,-1,-1,-1,-1.000000,-1.000000,436,0,0,0,0,0,-1,-1,-1,0.000000
6406,0,-1,-1,-1,-1,0,-1,-1,-1,-1.000000,-1.000000,371,0,0,0,0,0,-1,-1,-1,0.000000
6407,0,26,-1,-1,6605,718,62,3,2,0.000000,0.000000,65,741,0,144,0,144,26,-1,-1,0.000000
6408,0,-1,-1,-1,-1,0,-1,-1,-1,-1.000000,-1.000000,512,0,0,0,0,0,-1,-1,-1,0.000000
6409,0,-1,-1,-1,-1,0,-1,-1,-1,-1.000000,-1.000000,145,0,0,0,0,0,-1,-1,-1,0.000000
6410,0,-1,-1,-1,-1,0,-1,-1,-1,-1.000000,-1.000000,247,0,0,0,0,0,-1,-1,-1,0.000000
6411,0,-1,-1,-1,-1,0,-1,-1,-1,-1.000000,-1.000000,93,0,0,0,0,0,-1,-1,-1,0.000000
6412,0,32,-1,-1,3195,245,56,3,2,0.000000,0.000000,47,338,0,120,0,120,32,-1,-1,0.000000
6413,0,33,-1,-1,3824,3,58,3,2,0.000000,0.000000,57,24,0,6,0,6,33,-1,-1,0.000000
6414,0,25,-1,-1,3050,277,61,3,4,0.000000,0.000000,61,374,0,101,0,101,25,-1,-1,0.000000
6415,0,158,-1,-1,5494,138,33,3,4,0.000000,0.000000,81,241,0,67,0,67,158,-1,-1,0.000000
6416,0,29,-1,-1,3952,155,56,3,2,0.000000,0.000000,83,263,0,102,0,102,29,-1,-1,0.000000
6417,0,-1,-1,-1,-1,0,-1,-1,-1,-1.000000,-1.000000,167,0,0,0,0,0,-1,-1,-1,0.000000
6418,0,26,-1,-1,5133,790,59,3,4,0.000000,0.000000,17,770,0,200,0,200,26,-1,-1,0.000000
6419,0,-1,-1,-1,-1,0,-1,-1,-1,-1.000000,-1.000000,121,0,0,0,0,0,-1,-1,-1,0.000000
6420,0,-1,-1,-1,-1,0,-1,-1,-1,-1.000000,-1.000000,473,0,0,0,0,0,-1,-1,-1,0.000000
6421,0,-1,-1,-1,-1,0,-1,-1,-1,-1.000000,-1.000000,275,0,0,0,0,0,-1,-1,-1,0.000000
6422,0,-1,-1,-1,-1,0,-1,-1,-1,-1.000000,-1.000000,120,0,0,0,0,0,-1,-1,-1,0.000000
6423,0,28,-1,-1,5399,33,58,3,2,0.000000,0.000000,83,81,0,40,0,40,28,-1,-1,0.000000
6424,0,-1,-1,-1,-1,0,-1,-1,-1,-1.000000,-1.000000,143,0,0,0,0,0,-1,-1,-1,0.000000
6425,0,-1,-1,-1,-1,0,-1,-1,-1,-1.000000,-1.000000,191,0,0,0,0,0,-1,-1,-1,0.000000
6426,0,-1,-1,-1,-1,0,-1,-1,-1,-1.000000,-1.000000,470,0,0,0,0,0,-1,-1,-1,0.000000
6427,0,-1,-1,-1,-1,0,-1,-1,-1,-1.000000,-1.000000,111,0,0,0,0,0,-1,-1,-1,0.000000
6428,0,33,-1,-1,6048,353,54,3,2,0.000000,0.000000,61,462,0,158,0,158,33,-1,-1,0.000000
6429,0,-1,-1,-1,-1,0,-1,-1,-1,-1.000000,-1.000000,423,0,0,0,0,0,-1,-1,-1,0.000000
6430,0,-1,-1,-1,-1,0,-1,-1,-1,-1.000000,-1.000000,187,0,0,0,0,0,-1,-1,-1,0.000000
6431,0,29,-1,-1,3098,805,56,3,2,0.000000,0.000000,47,759,0,179,0,179,29,-1,-1,0.000000
6432,0,-1,-1,-1,-1,0,-1,-1,-1,-1.000000,-1.000000,259,0,0,0,0,0,-1,-1,-1,0.000000
6433,0,-1,-1,-1,-1,0,-1,-1,-1,-1.000000,-1.000000,512,0,0,0,0,0,-1,-1,-1,0.000000
6434,0,-1,-1,-1,-1,0,-1,-1,-1,-1.000000,-1.000000,219,0,0,0,0,0,-1,-1,-1,0.000000
6435,0,-1,-1,-1,-1,0,-1,-1,-1,-1.000000,-1.000000,178,0,0,0,0,0,-1,-1,-1,0.000000
6436,0,-1,-1,-1,-1,0,-1,-1,-1,-1.000000,-1.000000,265,0,0,0,0,0,-1,-1,-1,0.000000
6437,0,-1,-1,-1,-1,0,-1,-1,-1,-1.000000,-1.000000,124,0,0,0,0,0,-1,-1,-1,0.000000
6438,0,24,-1,-1,5692,152,62,3,2,0.000000,0.000000,59,276,0,58,0,58,24,-1,-1,0.000000
6439,0,213,-1,-1,3523,13,29,3,4,0.000000,0.000000,73,55,0,16,0,16,213,-1,-1,0.000000
6440,0,-1,-1,-1,-1,0,-1,-1,-1,-1.000000,-1.000000,465,0,0,0,0,0,-1,-1,-1,0.000000
6441,0,-1,-1,-1,-1,0,-1,-1,-1,-1.000000,-1.000000,115,0,0,0,0,0,-1,-1,-1,0.000000
6442,0,-1,-1,-1,-1,0,-1,-1,-1,-1.000000,-1.000000,269,0,0,0,0,0,-1,-1,-1,0.000000
6443,0,-1,-1,-1,-1,0,-1,-1,-1,-1.000000,-1.000000,470,0,0,0,0,0,-1,-1,-1,0.000000
6444,0,-1,-1,-1,-1,0,-1,-1,-1,-1.000000,-1.000000,99,0,0,0,0,0,-1,-1,-1,0.000000
6445,0,-1,-1,-1,-1,0,-1,-1,-1,-1.000000,-1.000000,212,0,0,0,0,0,-1,-1,-1,0.000000
6446,0,-1,-1,-1,-1,0,-1,-1,-1,-1.000000,-1.000000,331,0,0,0,0,0,-1,-1,-1,0.000000
6447,0,-1,-1,-1,-1,0,-1,-1,-1,-1.000000,-1.000000,279,0,0,0,0,0,-1,-1,-1,0.000000
6448,0,-1,-1,-1,-1,0,-1,-1,-1,-1.000000,-1.000000,140,0,0,0,0,0,-1,-1,-1,0.000000
6449,0,41,-1,-1,4661,90,50,3,4,0.000000,0.000000,108,163,0,65,0,65,41,-1,-1,0.000000
6450,0,42,-1,-1,1454,140,52,3,2,0.000000,0.000000,49,256,0,65,0,65,42,-1,-1,0.000000
6451,0,-1,-1,-1,-1,0,-1,-1,-1,-1.000000,-1.000000,143,0,0,0,0,0,-1,-1,-1,0.000000
6452,0,-1,-1,-1,-1,0,-1,-1,-1,-1.000000,-1.000000,139,0,0,0,0,0,-1,-1,-1,0.000000
6453,0,-1,-1,-1,-1,0,-1,-1,-1,-1.000000,-1.000000,303,0,0,0,0,0,-1,-1,-1,0.000000
6454,0,-1,-1,-1,-1,0,-1,-1,-1,-1.000000,-1.000000,207,0,0,0,0,0,-1,-1,-1,0.000000
6455,0,-1,-1,-1,-1,0,-1,-1,-1,-1.000000,-1.000000,283,0,0,0,0,0,-1,-1,-1,0.000000
6456,0,24,-1,-1,3282,540,64,3,2,0.000000,0.000000,37,757,0,195,0,195,24,-1,-1,0.000000
6457,0,-1,-1,-1,-1,0,-1,-1,-1,-1.000000,-1.000000,103,0,0,0,0,0,-1,-1,-1,0.000000
6458,0,-1,-1,-1,-1,0,-1,-1,-1,-1.000000,-1.000000,309,0,0,0,0,0,-1,-1,-1,0.000000
6459,0,29,-1,-1,7127,53,58,3,2,0.000000,0.000000,85,124,0,32,0,32,29,-1,-1,0.000000
6460,0,-1,-1,-1,-1,0,-1,-1,-1,-1.000000,-1.000000,318,0,0,0,0,0,-1,-1,-1,0.000000
6461,0,-1,-1,-1,-1,0,-1,-1,-1,-1.000000,-1.000000,257,0,0,0,0,0,-1,-1,-1,0.000000
6462,0,-1,-1,-1,-1,0,-1,-1,-1,-1.000000,-1.000000,355,0,0,0,0,0,-1,-1,-1,0.000000
6463,0,24,-1,-1,6799,817,63,3,4,0.000000,0.000000,33,743,0,182,0,182,24,-1,-1,0.000000
6464,0,-1,-1,-1,-1,0,-1,-1,-1,-1.000000,-1.000000,197,0,0,0,0,0,-1,-1,-1,0.000000
6465,0,-1,-1,-1,-1,0,-1,-1,-1,-1.000000,-1.000000,448,0,0,0,0,0,-1,-1,-1,0.000000
6466,0,-1,-1,-1,-1,0,-1,-1,-1,-1.000000,-1.000000,189,0,0,0,0,0,-1,-1,-1,0.000000
6467,0,-1,-1,-1,-1,0,-1,-1,-1,-1.000000,-1.000000,436,0,0,0,0,0,-1,-1,-1,0.000000
6468,0,-1,-1,-1,-1,0,-1,-1,-1,-1.000000,-1.000000,283,0,0,0,0,0,-1,-1,-1,0.000000
6469,0,26,-1,-1,137,65,64,3,2,0.000000,0.000000,83,133,0,53,0,53,26,-1,-1,0.000000
6470,0,518,-1,-1,2850,272,19,3,4,0.000000,0.000000,17,282,0,53,0,53,518,-1,-1,0.000000
6471,0,454,-1,-1,3114,0,21,3,4,0.000000,0.000000,125,2,0,0,0,0,454,-1,-1,0.000000
6472,0,-1,-1,-1,-1,0,-1,-1,-1,-1.000000,-1.000000,183,0,0,0,0,0,-1,-1,-1,0.000000
6473,0,-1,-1,-1,-1,0,-1,-1,-1,-1.000000,-1.000000,127,0,0,0,0,0,-1,-1,-1,0.000000
6474,0,150,-1,-1,6007,7,32,3,4,0.000000,0.000000,106,32,0,8,0,8,150,-1,-1,0.000000
6475,0,-1,-1,-1,-1,0,-1,-1,-1,-1.000000,-1.000000,339,0,0,0,0,0,-1,-1,-1,0.000000
6476,0,-1,-1,-1,-1,0,-1,-1,-1,-1.000000,-1.000000,195,0,0,0,0,0,-1,-1,-1,0.000000
6477,0,-1,-1,-1,-1,0,-1,-1,-1,-1.000000,-1.000000,215,0,0,0,0,0,-1,-1,-1,0.000000
6478,0,-1,-1,-1,-1,0,-1,-1,-1,-1.000000,-1.000000,195,0,0,0,0,0,-1,-1,-1,0.000000
6479,0,33,-1,-1,822,0,57,3,4,0.000000,0.000000,81,2,0,2,0,2,33,-1,-1,0.000000
6480,0,24,-1,-1,2132,277,63,3,4,0.000000,0.000000,55,400,0,97,0,97,24,-1,-1,0.000000
6481,0,-1,-1,-1,-1,0,-1,-1,-1,-1.000000,-1.000000,403,0,0,0,0,0,-1,-1,-1,0.000000
6482,0,-1,-1,-1,-1,0,-1,-1,-1,-1.000000,-1.000000,289,0,0,0,0,0,-1,-1,-1,0.000000
6483,0,-1,-1,-1,-1,0,-1,-1,-1,-1.000000,-1.000000,345,0,0,0,0,0,-1,-1,-1,0.000000
6484,0,-1,-1,-1,-1,0,-1,-1,-1,-1.000000,-1.000000,245,0,0,0,0,0,-1,-1,-1,0.000000
6485,0,21,-1,-1,2974,817,66,3,2,0.000000,0.000000,45,787,0,171,0,171,21,-1,-1,0.000000
6486,0,-1,-1,-1,-1,0,-1,-1,-1,-1.000000,-1.000000,388,0,0,0,0,0,-1,-1,-1,0.000000
6487,0,-1,-1,-1,-1,0,-1,-1,-1,-1.000000,-1.000000,65,0,0,0,0,0,-1,-1,-1,0.000000
6488,0,-1,-1,-1,-1,0,-1,-1,-1,-1.000000,-1.000000,328,0,0,0,0,0,-1,-1,-1,0.000000
6489,0,-1,-1,-1,-1,0,-1,-1,-1,-1.000000,-1.000000,242,0,0,0,0,0,-1,-1,-1,0.000000
6490,0,-1,-1,-1,-1,0,-1,-1,-1,-1.000000,-1.000000,221,0,0,0,0,0,-1,-1,-1,0.000000
6491,0,-1,-1,-1,-1,0,-1,-1,-1,-1.000000,-1.000000,224,0,0,0,0,0,-1,-1,-1,0.000000
6492,0,-1,-1,-1,-1,0,-1,-1,-1,-1.000000,-1.000000,253,0,0,0,0,0,-1,-1,-1,0.000000
6493,0,-1,-1,-1,-1,0,-1,-1,-1,-1.000000,-1.000000,295,0,0,0,0,0,-1,-1,-1,0.000000
6494,0,-1,-1,-1,-1,0,-1,-1,-1,-1.000000,-1.000000,439,0,0,0,0,0,-1,-1,-1,0.000000
6495,0,-1,-1,-1,-1,0,-1,-1,-1,-1.000000,-1.000000,207,0,0,0,0,0,-1,-1,-1,0.000000
6496,0,-1,-1,-1,-1,0,-1,-1,-1,-1.000000,-1.000000,75,0,0,0,0,0,-1,-1,-1,0.000000
6497,0,-1,-1,-1,-1,0,-1,-1,-1,-1.000000,-1.000000,397,0,0,0,0,0,-1,-1,-1,0.000000
6498,0,-1,-1,-1,-1,0,-1,-1,-1,-1.000000,-1.000000,161,0,0,0,0,0,-1,-1,-1,0.000000
6499,0,-1,-1,-1,-1,0,-1,-1,-1,-1.000000,-1.000000,122,0,0,0,0,0,-1,-1,-1,0.000000
6500,0,-1,-1,-1,-1,0,-1,-1,-1,-1.000000,-1.000000,418,0,0,0,0,0,-1,-1,-1,0.000000
6501,0,-1,-1,-1,-1,0,-1,-1,-1,-1.000000,-1.000000,125,0,0,0,0,0,-1,-1,-1,0.000000
6502,0,-1,-1,-1,-1,0,-1,-1,-1,-1.000000,-1.000000,201,0,0,0,0,0,-1,-1,-1,0.000000
6503,0,-1,-1,-1,-1,0,-1,-1,-1,-1.000000,-1.000000,159,0,0,0,0,0,-1,-1,-1,0.000000
6504,0,-1,-1,-1,-1,0,-1,-1,-1,-1.000000,-1.000000,240,0,0,0,0,0,-1,-1,-1,0.000000
6505,0,-1,-1,-1,-1,0,-1,-1,-1,-1.000000,-1.000000,281,0,0,0,0,0,-1,-1,-1,0.000000
6506,0,-1,-1,-1,-1,0,-1,-1,-1,-1.000000,-1.000000,433,0,0,0,0,0,-1,-1,-1,0.000000
6507,0,-1,-1,-1,-1,0,-1,-1,-1,-1.000000,-1.000000,225,0,0,0,0,0,-1,-1,-1,0.000000
6508,0,-1,-1,-1,-1,0,-1,-1,-1,-1.000000,-1.000000,204,0,0,0,0,0,-1,-1,-1,0.000000
6509,0,-1,-1,-1,-1,0,-1,-1,-1,-1.000000,-1.000000,205,0,0,0,0,0,-1,-1,-1,0.000000
6510,0,-1,-1,-1,-1,0,-1,-1,-1,-1.000000,-1.000000,449,0,0,0,0,0,-1,-1,-1,0.000000
6511,0,-1,-1,-1,-1,0,-1,-1,-1,-1.000000,-1.000000,353,0,0,0,0,0,-1,-1,-1,0.000000
6512,0,-1,-1,-1,-1,0,-1,-1,-1,-1.000000,-1.000000,145,0,0,0,0,0,-1,-1,-1,0.000000
6513,0,-1,-1,-1,-1,0,-1,-1,-1,-1.000000,-1.000000,209,0,0,0,0,0,-1,-1,-1,0.000000
6514,0,29,-1,-1,2140,4,58,3,2,0.000000,0.000000,71,14,0,3,0,3,29,-1,-1,0.000000
6515,0,172,-1,-1,2383,0,33,3,4,0.000000,0.000000,91,1,0,0,0,0,172,-1,-1,0.000000
6516,0,72,-1,-1,1478,607,43,3,4,0.000000,0.000000,31,775,0,147,0,147,72,-1,-1,0.000000
6517,0,-1,-1,-1,-1,0,-1,-1,-1,-1.000000,-1.000000,141,0,0,0,0,0,-1,-1,-1,0.000000
6518,0,-1,-1,-1,-1,0,-1,-1,-1,-1.000000,-1.000000,321,0,0,0,0,0,-1,-1,-1,0.000000
6519,0,-1,-1,-1,-1,0,-1,-1,-1,-1.000000,-1.000000,161,0,0,0,0,0,-1,-1,-1,0.000000
6520,0,-1,-1,-1,-1,0,-1,-1,-1,-1.000000,-1.000000,336,0,0,0,0,0,-1,-1,-1,0.000000
6521,0,-1,-1,-1,-1,0,-1,-1,-1,-1.000000,-1.000000,86,0,0,0,0,0,-1,-1,-1,0.000000
6522,0,-1,-1,-1,-1,0,-1,-1,-1,-1.000000,-1.000000,40,0,0,0,0,0,-1,-1,-1,0.000000
6523,0,-1,-1,-1,-1,0,-1,-1,-1,-1.000000,-1.000000,127,0,0,0,0,0,-1,-1,-1,0.000000
6524,0,-1,-1,-1,-1,0,-1,-1,-1,-1.000000,-1.000000,205,0,0,0,0,0,-1,-1,-1,0.000000
6525,0,31,-1,-1,6374,269,56,3,2,0.000000,0.000000,81,441,0,82,0,82,31,-1,-1,0.000000
6526,0,37,-1,-1,2311,722,54,3,2,0.000000,0.000000,17,822,0,138,0,138,37,-1,-1,0.000000
6527,0,-1,-1,-1,-1,0,-1,-1,-1,-1.000000,-1.000000,179,0,0,0,0,0,-1,-1,-1,0.000000
6528,0,-1,-1,-1,-1,0,-1,-1,-1,-1.000000,-1.000000,333,0,0,0,0,0,-1,-1,-1,0.000000
6529,0,-1,-1,-1,-1,0,-1,-1,-1,-1.000000,-1.000000,267,0,0,0,0,0,-1,-1,-1,0.000000
6530,0,-1,-1,-1,-1,0,-1,-1,-1,-1.000000,-1.000000,265,0,0,0,0,0,-1,-1,-1,0.000000
6531,0,-1,-1,-1,-1,0,-1,-1,-1,-1.000000,-1.000000,213,0,0,0,0,0,-1,-1,-1,0.000000
6532,0,-1,-1,-1,-1,0,-1,-1,-1,-1.000000,-1.000000,267,0,0,0,0,0,-1,-1,-1,0.000000
6533,0,-1,-1,-1,-1,0,-1,-1,-1,-1.000000,-1.000000,93,0,0,0,0,0,-1,-1,-1,0.000000
6534,0,-1,-1,-1,-1,0,-1,-1,-1,-1.000000,-1.000000,434,0,0,0,0,0,-1,-1,-1,0.000000
6535,0,-1,-1,-1,-1,0,-1,-1,-1,-1.000000,-1.000000,149,0,0,0,0,0,-1,-1,-1,0.000000
6536,0,25,-1,-1,5246,145,61,3,4,0.000000,0.000000,55,264,0,82,0,82,25,-1,-1,0.000000
6537,0,-1,-1,-1,-1,0,-1,-1,-1,-1.000000,-1.000000,323,0,0,0,0,0,-1,-1,-1,0.000000
6538,0,-1,-1,-1,-1,0,-1,-1,-1,-1.000000,-1.000000,83,0,0,0,0,0,-1,-1,-1,0.000000
6539,0,-1,-1,-1,-1,0,-1,-1,-1,-1.000000,-1.000000,201,0,0,0,0,0,-1,-1,-1,0.000000
6540,0,-1,-1,-1,-1,0,-1,-1,-1,-1.000000,-1.000000,287,0,0,0,0,0,-1,-1,-1,0.000000
6541,0,63,-1,-1,2638,0,44,3,2,0.000000,0.000000,93,4,0,1,0,1,63,-1,-1,0.000000
6542,0,-1,-1,-1,-1,0,-1,-1,-1,-1.000000,-1.000000,215,0,0,0,0,0,-1,-1,-1,0.000000
6543,0,-1,-1,-1,-1,0,-1,-1,-1,-1.000000,-1.000000,496,0,0,0,0,0,-1,-1,-1,0.000000
6544,0,-1,-1,-1,-1,0,-1,-1,-1,-1.000000,-1.000000,319,0,0,0,0,0,-1,-1,-1,0.000000
6545,0,-1,-1,-1,-1,0,-1,-1,-1,-1.000000,-1.000000,375,0,0,0,0,0,-1,-1,-1,0.000000
6546,0,-1,-1,-1,-1,0,-1,-1,-1,-1.000000,-1.000000,179,0,0,0,0,0,-1,-1,-1,0.000000
6547,0,23,-1,-1,7870,370,66,3,2,0.000000,0.000000,31,504,0,86,0,86,23,-1,-1,0.000000
6548,0,-1,-1,-1,-1,0,-1,-1,-1,-1.000000,-1.000000,99,0,0,0,0,0,-1,-1,-1,0.000000
6549,0,-1,-1,-1,-1,0,-1,-1,-1,-1.000000,-1.000000,262,0,0,0,0,0,-1,-1,-1,0.000000
6550,0,-1,-1,-1,-1,0,-1,-1,-1,-1.000000,-1.000000,117,0,0,0,0,0,-1,-1,-1,0.000000
6551,0,-1,-1,-1,-1,0,-1,-1,-1,-1.000000,-1.000000,438,0,0,0,0,0,-1,-1,-1,0.000000
6552,0,-1,-1,-1,-1,0,-1,-1,-1,-1.000000,-1.000000,294,0,0,0,0,0,-1,-1,-1,0.000000
6553,0,-1,-1,-1,-1,0,-1,-1,-1,-1.000000,-1.000000,459,0,0,0,0,0,-1,-1,-1,0.000000
6554,0,-1,-1,-1,-1,0,-1,-1,-1,-1.000000,-1.000000,249,0,0,0,0,0,-1,-1,-1,0.000000
6555,0,-1,-1,-1,-1,0,-1,-1,-1,-1.000000,-1.000000,159,0,0,0,0,0,-1,-1,-1,0.000000
6556,0,-1,-1,-1,-1,0,-1,-1,-1,-1.000000,-1.000000,147,0,0,0,0,0,-1,-1,-1,0.000000
6557,0,-1,-1,-1,-1,0,-1,-1,-1,-1.000000,-1.000000,119,0,0,0,0,0,-1,-1,-1,0.000000
6558,0,-1,-1,-1,-1,0,-1,-1,-1,-1.000000,-1.000000,330,0,0,0,0,0,-1,-1,-1,0.000000
6559,0,-1,-1,-1,-1,0,-1,-1,-1,-1.000000,-1.000000,352,0,0,0,0,0,-1,-1,-1,0.000000
6560,0,-1,-1,-1,-1,0,-1,-1,-1,-1.000000,-1.000000,262,0,0,0,0,0,-1,-1,-1,0.000000
6561,0,-1,-1,-1,-1,0,-1,-1,-1,-1.000000,-1.000000,123,0,0,0,0,0,-1,-1,-1,0.000000
6562,0,-1,-1,-1,-1,0,-1,-1,-1,-1.000000,-1.000000,271,0,0,0,0,0,-1,-1,-1,0.000000
6563,0,-1,-1,-1,-1,0,-1,-1,-1,-1.000000,-1.000000,331,0,0,0,0,0,-1,-1,-1,0.000000
6564,0,-1,-1,-1,-1,0,-1,-1,-1,-1.000000,-1.000000,167,0,0,0,0,0,-1,-1,-1,0.000000
6565,0,24,-1,-1,2963,299,64,3,2,0.000000,0.000000,59,397,0,124,0,124,24,-1,-1,0.000000
6566,0,-1,-1,-1,-1,0,-1,-1,-1,-1.000000,-1.000000,121,0,0,0,0,0,-1,-1,-1,0.000000
6567,0,-1,-1,-1,-1,0,-1,-1,-1,-1.000000,-1.000000,323,0,0,0,0,0,-1,-1,-1,0.000000
6568,0,-1,-1,-1,-1,0,-1,-1,-1,-1.000000,-1.000000,137,0,0,0,0,0,-1,-1,-1,0.000000
6569,0,-1,-1,-1,-1,0,-1,-1,-1,-1.000000,-1.000000,256,0,0,0,0,0,-1,-1,-1,0.000000
6570,0,-1,-1,-1,-1,0,-1,-1,-1,-1.000000,-1.000000,121,0,0,0,0,0,-1,-1,-1,0.000000
6571,0,-1,-1,-1,-1,0,-1,-1,-1,-1.000000,-1.000000,305,0,0,0,0,0,-1,-1,-1,0.000000
6572,0,28,-1,-1,2987,789,58,3,2,0.000000,0.000000,43,709,0,234,0,234,28,-1,-1,0.000000
6573,0,-1,-1,-1,-1,0,-1,-1,-1,-1.000000,-1.000000,203,0,0,0,0,0,-1,-1,-1,0.000000
6574,0,-1,-1,-1,-1,0,-1,-1,-1,-1.000000,-1.000000,315,0,0,0,0,0,-1,-1,-1,0.000000
6575,0,-1,-1,-1,-1,0,-1,-1,-1,-1.000000,-1.000000,285,0,0,0,0,0,-1,-1,-1,0.000000
6576,0,-1,-1,-1,-1,0,-1,-1,-1,-1.000000,-1.000000,133,0,0,0,0,0,-1,-1,-1,0.000000
6577,0,-1,-1,-1,-1,0,-1,-1,-1,-1.000000,-1.000000,337,0,0,0,0,0,-1,-1,-1,0.000000
6578,0,-1,-1,-1,-1,0,-1,-1,-1,-1.000000,-1.000000,85,0,0,0,0,0,-1,-1,-1,0.000000
6579,0,-1,-1,-1,-1,0,-1,-1,-1,-1.000000,-1.000000,437,0,0,0,0,0,-1,-1,-1,0.000000
6580,0,-1,-1,-1,-1,0,-1,-1,-1,-1.000000,-1.000000,145,0,0,0,0,0,-1,-1,-1,0.000000
6581,0,-1,-1,-1,-1,0,-1,-1,-1,-1.000000,-1.000000,478,0,0,0,0,0,-1,-1,-1,0.000000
6582,0,354,-1,-1,6457,0,24,3,2,0.000000,0.000000,109,1,0,0,0,0,354,-1,-1,0.000000
6583,0,22,-1,-1,5149,740,65,3,4,0.000000,0.000000,49,773,0,196,0,196,22,-1,-1,0.000000
6584,0,-1,-1,-1,-1,0,-1,-1,-1,-1.000000,-1.000000,187,0,0,0,0,0,-1,-1,-1,0.000000
6585,0,-1,-1,-1,-1,0,-1,-1,-1,-1.000000,-1.000000,479,0,0,0,0,0,-1,-1,-1,0.000000
6586,0,112,-1,-1,5980,180,36,3,2,0.000000,0.000000,69,300,0,84,0,84,112,-1,-1,0.000000
6587,0,-1,-1,-1,-1,0,-1,-1,-1,-1.000000,-1.000000,397,0,0,0,0,0,-1,-1,-1,0.000000
6588,0,-1,-1,-1,-1,0,-1,-1,-1,-1.000000,-1.000000,209,0,0,0,0,0,-1,-1,-1,0.000000
6589,0,-1,-1,-1,-1,0,-1,-1,-1,-1.000000,-1.000000,115,0,0,0,0,0,-1,-1,-1,0.000000
6590,0,-1,-1,-1,-1,0,-1,-1,-1,-1.000000,-1.000000,209,0,0,0,0,0,-1,-1,-1,0.000000
6591,0,-1,-1,-1,-1,0,-1,-1,-1,-1.000000,-1.000000,426,0,0,0,0,0,-1,-1,-1,0.000000
6592,0,15,-1,-1,5251,610,70,3,2,0.000000,0.000000,19,755,0,227,0,227,15,-1,-1,0.000000
6593,0,-1,-1,-1,-1,0,-1,-1,-1,-1.000000,-1.000000,155,0,0,0,0,0,-1,-1,-1,0.000000
6594,0,-1,-1,-1,-1,0,-1,-1,-1,-1.000000,-1.000000,307,0,0,0,0,0,-1,-1,-1,0.000000
6595,0,-1,-1,-1,-1,0,-1,-1,-1,-1.000000,-1.000000,295,0,0,0,0,0,-1,-1,-1,0.000000
6596,0,-1,-1,-1,-1,0,-1,-1,-1,-1.000000,-1.000000,251,0,0,0,0,0,-1,-1,-1,0.000000
6597,0,-1,-1,-1,-1,0,-1,-1,-1,-1.000000,-1.000000,447,0,0,0,0,0,-1,-1,-1,0.000000
6598,0,-1,-1,-1,-1,0,-1,-1,-1,-1.000000,-1.000000,109,0,0,0,0,0,-1,-1,-1,0.000000
6599,0,-1,-1,-1,-1,0,-1,-1,-1,-1.000000,-1.000000,233,0,0,0,0,0,-1,-1,-1,0.000000
6600,0,-1,-1,-1,-1,0,-1,-1,-1,-1.000000,-1.000000,271,0,0,0,0,0,-1,-1,-1,0.000000
6601,0,-1,-1,-1,-1,0,-1,-1,-1,-1.000000,-1.000000,101,0,0,0,0,0,-1,-1,-1,0.000000
6602,0,-1,-1,-1,-1,0,-1,-1,-1,-1.000000,-1.000000,134,0,0,0,0,0,-1,-1,-1,0.000000
6603,0,-1,-1,-1,-1,0,-1,-1,-1,-1.000000,-1.000000,294,0,0,0,0,0,-1,-1,-1,0.000000
6604,0,-1,-1,-1,-1,0,-1,-1,-1,-1.000000,-1.000000,227,0,0,0,0,0,-1,-1,-1,0.000000
6605,0,-1,-1,-1,-1,0,-1,-1,-1,-1.000000,-1.000000,197,0,0,0,0,0,-1,-1,-1,0.000000
6606,0,-1,-1,-1,-1,0,-1,-1,-1,-1.000000,-1.000000,253,0,0,0,0,0,-1,-1,-1,0.000000
6607,0,-1,-1,-1,-1,0,-1,-1,-1,-1.000000,-1.000000,400,0,0,0,0,0,-1,-1,-1,0.000000
6608,0,-1,-1,-1,-1,0,-1,-1,-1,-1.000000,-1.000000,306,0,0,0,0,0,-1,-1,-1,0.000000
6609,0,-1,-1,-1,-1,0,-1,-1,-1,-1.000000,-1.000000,127,0,0,0,0,0,-1,-1,-1,0.000000
6610,0,-1,-1,-1,-1,0,-1,-1,-1,-1.000000,-1.000000,117,0,0,0,0,0,-1,-1,-1,0.000000
6611,0,-1,-1,-1,-1,0,-1,-1,-1,-1.000000,-1.000000,117,0,0,0,0,0,-1,-1,-1,0.000000
6612,0,-1,-1,-1,-1,0,-1,-1,-1,-1.000000,-1.000000,241,0,0,0,0,0,-1,-1,-1,0.000000
6613,0,-1,-1,-1,-1,0,-1,-1,-1,-1.000000,-1.000000,303,0,0,0,0,0,-1,-1,-1,0.000000
6614,0,-1,-1,-1,-1,0,-1,-1,-1,-1.000000,-1.000000,154,0,0,0,0,0,-1,-1,-1,0.000000
6615,0,-1,-1,-1,-1,0,-1,-1,-1,-1.000000,-1.000000,161,0,0,0,0,0,-1,-1,-1,0.000000
6616,0,-1,-1,-1,-1,0,-1,-1,-1,-1.000000,-1.000000,119,0,0,0,0,0,-1,-1,-1,0.000000
6617,0,-1,-1,-1,-1,0,-1,-1,-1,-1.000000,-1.000000,412,0,0,0,0,0,-1,-1,-1,0.000000
6618,0,-1,-1,-1,-1,0,-1,-1,-1,-1.000000,-1.000000,141,0,0,0,0,0,-1,-1,-1,0.000000
6619,0,-1,-1,-1,-1,0,-1,-1,-1,-1.000000,-1.000000,208,0,0,0,0,0,-1,-1,-1,0.000000
6620,0,-1,-1,-1,-1,0,-1,-1,-1,-1.000000,-1.000000,105,0,0,0,0,0,-1,-1,-1,0.000000
6621,0,-1,-1,-1,-1,0,-1,-1,-1,-1.000000,-1.000000,490,0,0,0,0,0,-1,-1,-1,0.000000
6622,0,-1,-1,-1,-1,0,-1,-1,-1,-1.000000,-1.000000,239,0,0,0,0,0,-1,-1,-1,0.000000
6623,0,-1,-1,-1,-1,0,-1,-1,-1,-1.000000,-1.000000,354,0,0,0,0,0,-1,-1,-1,0.000000
6624,0,-1,-1,-1,-1,0,-1,-1,-1,-1.000000,-1.000000,310,0,0,0,0,0,-1,-1,-1,0.000000
6625,0,-1,-1,-1,-1,0,-1,-1,-1,-1.000000,-1.000000,119,0,0,0,0,0,-1,-1,-1,0.000000
6626,0,-1,-1,-1,-1,0,-1,-1,-1,-1.000000,-1.000000,97,0,0,0,0,0,-1,-1,-1,0.000000
6627,0,-1,-1,-1,-1,0,-1,-1,-1,-1.000000,-1.000000,233,0,0,0,0,0,-1,-1,-1,0.000000
6628,0,-1,-1,-1,-1,0,-1,-1,-1,-1.000000,-1.000000,177,0,0,0,0,0,-1,-1,-1,0.000000
6629,0,-1,-1,-1,-1,0,-1,-1,-1,-1.000000,-1.000000,365,0,0,0,0,0,-1,-1,-1,0.000000
6630,0,-1,-1,-1,-1,0,-1,-1,-1,-1.000000,-1.000000,117,0,0,0,0,0,-1,-1,-1,0.000000
6631,0,-1,-1,-1,-1,0,-1,-1,-1,-1.000000,-1.000000,329,0,0,0,0,0,-1,-1,-1,0.000000
6632,0,-1,-1,-1,-1,0,-1,-1,-1,-1.000000,-1.000000,179,0,0,0,0,0,-1,-1,-1,0.000000
6633,0,394,-1,-1,2086,450,24,3,4,0.000000,0.000000,26,527,0,67,0,67,394,-1,-1,0.000000
6634,0,-1,-1,-1,-1,0,-1,-1,-1,-1.000000,-1.000000,303,0,0,0,0,0,-1,-1,-1,0.000000
6635,0,170,-1,-1,4904,1,31,3,4,0.000000,0.000000,71,3,0,5,0,5,170,-1,-1,0.000000
6636,0,-1,-1,-1,-1,0,-1,-1,-1,-1.000000,-1.000000,221,0,0,0,0,0,-1,-1,-1,0.000000
6637,0,-1,-1,-1,-1,0,-1,-1,-1,-1.000000,-1.000000,143,0,0,0,0,0,-1,-1,-1,0.000000
6638,0,116,-1,-1,5439,0,38,3,2,0.000000,0.000000,79,1,0,1,0,1,116,-1,-1,0.000000
6639,0,741,-1,-1,6302,0,18,3,4,0.000000,0.000000,102,1,0,2,0,2,741,-1,-1,0.000000
6640,0,-1,-1,-1,-1,0,-1,-1,-1,-1.000000,-1.000000,134,0,0,0,0,0,-1,-1,-1,0.000000
6641,0,-1,-1,-1,-1,0,-1,-1,-1,-1.000000,-1.000000,191,0,0,0,0,0,-1,-1,-1,0.000000
6642,0,-1,-1,-1,-1,0,-1,-1,-1,-1.000000,-1.000000,227,0,0,0,0,0,-1,-1,-1,0.000000
6643,0,-1,-1,-1,-1,0,-1,-1,-1,-1.000000,-1.000000,151,0,0,0,0,0,-1,-1,-1,0.000000
6644,0,-1,-1,-1,-1,0,-1,-1,-1,-1.000000,-1.000000,286,0,0,0,0,0,-1,-1,-1,0.000000
6645,0,-1,-1,-1,-1,0,-1,-1,-1,-1.000000,-1.000000,289,0,0,0,0,0,-1,-1,-1,0.000000
6646,0,-1,-1,-1,-1,0,-1,-1,-1,-1.000000,-1.000000,101,0,0,0,0,0,-1,-1,-1,0.000000
6647,0,-1,-1,-1,-1,0,-1,-1,-1,-1.000000,-1.000000,143,0,0,0,0,0,-1,-1,-1,0.000000
6648,0,-1,-1,-1,-1,0,-1,-1,-1,-1.000000,-1.000000,116,0,0,0,0,0,-1,-1,-1,0.000000
6649,0,-1,-1,-1,-1,0,-1,-1,-1,-1.000000,-1.000000,26,0,0,0,0,0,-1,-1,-1,0.000000
6650,0,-1,-1,-1,-1,0,-1,-1,-1,-1.000000,-1.000000,261,0,0,0,0,0,-1,-1,-1,0.000000
6651,0,-1,-1,-1,-1,0,-1,-1,-1,-1.000000,-1.000000,165,0,0,0,0,0,-1,-1,-1,0.000000
6652,0,49,-1,-1,7150,70,50,3,2,0.000000,0.000000,89,159,0,47,0,47,49,-1,-1,0.000000
6653,0,-1,-1,-1,-1,0,-1,-1,-1,-1.000000,-1.000000,267,0,0,0,0,0,-1,-1,-1,0.000000
6654,0,-1,-1,-1,-1,0,-1,-1,-1,-1.000000,-1.000000,274,0,0,0,0,0,-1,-1,-1,0.000000
6655,0,-1,-1,-1,-1,0,-1,-1,-1,-1.000000,-1.000000,283,0,0,0,0,0,-1,-1,-1,0.000000
6656,0,-1,-1,-1,-1,0,-1,-1,-1,-1.000000,-1.000000,223,0,0,0,0,0,-1,-1,-1,0.000000
6657,0,-1,-1,-1,-1,0,-1,-1,-1,-1.000000,-1.000000,545,0,0,0,0,0,-1,-1,-1,0.000000
6658,0,-1,-1,-1,-1,0,-1,-1,-1,-1.000000,-1.000000,221,0,0,0,0,0,-1,-1,-1,0.000000
6659,0,43,-1,-1,2566,29,50,3,2,0.000000,0.000000,91,93,0,42,0,42,43,-1,-1,0.000000
6660,0,-1,-1,-1,-1,0,-1,-1,-1,-1.000000,-1.000000,111,0,0,0,0,0,-1,-1,-1,0.000000
6661,0,265,-1,-1,6463,0,25,3,4,0.000000,0.000000,91,2,0,1,0,1,265,-1,-1,0.000000
6662,0,-1,-1,-1,-1,0,-1,-1,-1,-1.000000,-1.000000,259,0,0,0,0,0,-1,-1,-1,0.000000
6663,0,-1,-1,-1,-1,0,-1,-1,-1,-1.000000,-1.000000,411,0,0,0,0,0,-1,-1,-1,0.000000
6664,0,-1,-1,-1,-1,0,-1,-1,-1,-1.000000,-1.000000,416,0,0,0,0,0,-1,-1,-1,0.000000
6665,0,24,-1,-1,1258,790,63,3,4,0.000000,0.000000,37,773,0,167,0,167,24,-1,-1,0.000000
6666,0,26,-1,-1,894,712,60,3,2,0.000000,0.000000,55,670,0,266,0,266,26,-1,-1,0.000000
6667,0,-1,-1,-1,-1,0,-1,-1,-1,-1.000000,-1.000000,231,0,0,0,0,0,-1,-1,-1,0.000000
6668,0,-1,-1,-1,-1,0,-1,-1,-1,-1.000000,-1.000000,427,0,0,0,0,0,-1,-1,-1,0.000000
6669,0,-1,-1,-1,-1,0,-1,-1,-1,-1.000000,-1.000000,439,0,0,0,0,0,-1,-1,-1,0.000000
6670,0,-1,-1,-1,-1,0,-1,-1,-1,-1.000000,-1.000000,235,0,0,0,0,0,-1,-1,-1,0.000000
6671,0,-1,-1,-1,-1,0,-1,-1,-1,-1.000000,-1.000000,174,0,0,0,0,0,-1,-1,-1,0.000000
6672,0,-1,-1,-1,-1,0,-1,-1,-1,-1.000000,-1.000000,175,0,0,0,0,0,-1,-1,-1,0.000000
6673,0,-1,-1,-1,-1,0,-1,-1,-1,-1.000000,-1.000000,399,0,0,0,0,0,-1,-1,-1,0.000000
6674,0,-1,-1,-1,-1,0,-1,-1,-1,-1.000000,-1.000000,137,0,0,0,0,0,-1,-1,-1,0.000000
6675,0,-1,-1,-1,-1,0,-1,-1,-1,-1.000000,-1.000000,45,0,0,0,0,0,-1,-1,-1,0.000000
6676,0,-1,-1,-1,-1,0,-1,-1,-1,-1.000000,-1.000000,474,0,0,0,0,0,-1,-1,-1,0.000000
6677,0,-1,-1,-1,-1,0,-1,-1,-1,-1.000000,-1.000000,477,0,0,0,0,0,-1,-1,-1,0.000000
6678,0,-1,-1,-1,-1,0,-1,-1,-1,-1.000000,-1.000000,127,0,0,0,0,0,-1,-1,-1,0.000000
6679,0,28,-1,-1,6885,82,58,3,2,0.000000,0.000000,63,142,0,32,0,32,28,-1,-1,0.000000
6680,0,-1,-1,-1,-1,0,-1,-1,-1,-1.000000,-1.000000,373,0,0,0,0,0,-1,-1,-1,0.000000
6681,0,-1,-1,-1,-1,0,-1,-1,-1,-1.000000,-1.000000,285,0,0,0,0,0,-1,-1,-1,0.000000
6682,0,-1,-1,-1,-1,0,-1,-1,-1,-1.000000,-1.000000,117,0,0,0,0,0,-1,-1,-1,0.000000
6683,0,179,-1,-1,5405,1,30,3,2,0.000000,0.000000,97,3,0,0,0,0,179,-1,-1,0.000000
6684,0,-1,-1,-1,-1,0,-1,-1,-1,-1.000000,-1.000000,113,0,0,0,0,0,-1,-1,-1,0.000000
6685,0,-1,-1,-1,-1,0,-1,-1,-1,-1.000000,-1.000000,494,0,0,0,0,0,-1,-1,-1,0.000000
6686,0,30,-1,-1,7277,524,56,3,2,0.000000,0.000000,59,583,0,133,0,133,30,-1,-1,0.000000
6687,0,-1,-1,-1,-1,0,-1,-1,-1,-1.000000,-1.000000,143,0,0,0,0,0,-1,-1,-1,0.000000
6688,0,-1,-1,-1,-1,0,-1,-1,-1,-1.000000,-1.000000,273,0,0,0,0,0,-1,-1,-1,0.000000
6689,0,-1,-1,-1,-1,0,-1,-1,-1,-1.000000,-1.000000,408,0,0,0,0,0,-1,-1,-1,0.000000
6690,0,22,-1,-1,1953,870,66,3,2,0.000000,0.000000,21,777,0,196,0,196,22,-1,-1,0.000000
6691,0,-1,-1,-1,-1,0,-1,-1,-1,-1.000000,-1.000000,307,0,0,0,0,0,-1,-1,-1,0.000000
6692,0,759,-1,-1,2444,0,15,3,4,0.000000,0.000000,79,0,0,1,0,1,759,-1,-1,0.000000
6693,0,24,-1,-1,3726,721,65,3,4,0.000000,0.000000,41,725,0,164,0,164,24,-1,-1,0.000000
6694,0,24,-1,-1,4325,852,63,3,4,0.000000,0.000000,43,722,0,253,0,253,24,-1,-1,0.000000
6695,0,-1,-1,-1,-1,0,-1,-1,-1,-1.000000,-1.000000,284,0,0,0,0,0,-1,-1,-1,0.000000
6696,0,-1,-1,-1,-1,0,-1,-1,-1,-1.000000,-1.000000,163,0,0,0,0,0,-1,-1,-1,0.000000
6697,0,-1,-1,-1,-1,0,-1,-1,-1,-1.000000,-1.000000,173,0,0,0,0,0,-1,-1,-1,0.000000
6698,0,-1,-1,-1,-1,0,-1,-1,-1,-1.000000,-1.000000,83,0,0,0,0,0,-1,-1,-1,0.000000
6699,0,-1,-1,-1,-1,0,-1,-1,-1,-1.000000,-1.000000,209,0,0,0,0,0,-1,-1,-1,0.000000
6700,0,32,-1,-1,2390,155,55,3,4,0.000000,0.000000,57,252,0,92,0,92,32,-1,-1,0.000000
6701,0,10,-1,-1,6847,660,69,3,4,0.000000,0.000000,19,726,0,260,0,260,10,-1,-1,0.000000
6702,0,-1,-1,-1,-1,0,-1,-1,-1,-1.000000,-1.000000,133,0,0,0,0,0,-1,-1,-1,0.000000
6703,0,-1,-1,-1,-1,0,-1,-1,-1,-1.000000,-1.000000,124,0,0,0,0,0,-1,-1,-1,0.000000
6704,0,-1,-1,-1,-1,0,-1,-1,-1,-1.000000,-1.000000,125,0,0,0,0,0,-1,-1,-1,0.000000
6705,0,24,-1,-1,4529,808,62,3,2,0.000000,0.000000,37,732,0,198,0,198,24,-1,-1,0.000000
6706,0,454,-1,-1,2154,18,19,3,4,0.000000,0.000000,79,54,0,7,0,7,454,-1,-1,0.000000
6707,0,-1,-1,-1,-1,0,-1,-1,-1,-1.000000,-1.000000,175,0,0,0,0,0,-1,-1,-1,0.000000
6708,0,28,-1,-1,203,72,60,3,2,0.000000,0.000000,65,162,0,46,0,46,28,-1,-1,0.000000
6709,0,-1,-1,-1,-1,0,-1,-1,-1,-1.000000,-1.000000,109,0,0,0,0,0,-1,-1,-1,0.000000
6710,0,-1,-1,-1,-1,0,-1,-1,-1,-1.000000,-1.000000,404,0,0,0,0,0,-1,-1,-1,0.000000
6711,0,-1,-1,-1,-1,0,-1,-1,-1,-1.000000,-1.000000,151,0,0,0,0,0,-1,-1,-1,0.000000
6712,0,-1,-1,-1,-1,0,-1,-1,-1,-1.000000,-1.000000,167,0,0,0,0,0,-1,-1,-1,0.000000
6713,0,22,-1,-1,2821,753,65,3,4,0.000000,0.000000,47,724,0,211,0,211,22,-1,-1,0.000000
6714,0,-1,-1,-1,-1,0,-1,-1,-1,-1.000000,-1.000000,285,0,0,0,0,0,-1,-1,-1,0.000000
6715,0,-1,-1,-1,-1,0,-1,-1,-1,-1.000000,-1.000000,119,0,0,0,0,0,-1,-1,-1,0.000000
6716,0,-1,-1,-1,-1,0,-1,-1,-1,-1.000000,-1.000000,113,0,0,0,0,0,-1,-1,-1,0.000000
6717,0,-1,-1,-1,-1,0,-1,-1,-1,-1.000000,-1.000000,303,0,0,0,0,0,-1,-1,-1,0.000000
6718,0,44,-1,-1,4143,2,52,3,2,0.000000,0.000000,83,8,0,4,0,4,44,-1,-1,0.000000
6719,0,88,-1,-1,6335,0,39,3,4,0.000000,0.000000,99,5,0,5,0,5,88,-1,-1,0.000000
6720,0,-1,-1,-1,-1,0,-1,-1,-1,-1.000000,-1.000000,226,0,0,0,0,0,-1,-1,-1,0.000000
6721,0,-1,-1,-1,-1,0,-1,-1,-1,-1.000000,-1.000000,165,0,0,0,0,0,-1,-1,-1,0.000000
6722,0,-1,-1,-1,-1,0,-1,-1,-1,-1.000000,-1.000000,228,0,0,0,0,0,-1,-1,-1,0.000000
6723,0,-1,-1,-1,-1,0,-1,-1,-1,-1.000000,-1.000000,111,0,0,0,0,0,-1,-1,-1,0.000000
6724,0,24,-1,-1,3078,831,66,3,2,0.000000,0.000000,41,764,0,185,0,185,24,-1,-1,0.000000
6725,0,-1,-1,-1,-1,0,-1,-1,-1,-1.000000,-1.000000,109,0,0,0,0,0,-1,-1,-1,0.000000
6726,0,-1,-1,-1,-1,0,-1,-1,-1,-1.000000,-1.000000,281,0,0,0,0,0,-1,-1,-1,0.000000
6727,0,-1,-1,-1,-1,0,-1,-1,-1,-1.000000,-1.000000,181,0,0,0,0,0,-1,-1,-1,0.000000
6728,0,-1,-1,-1,-1,0,-1,-1,-1,-1.000000,-1.000000,301,0,0,0,0,0,-1,-1,-1,0.000000
6729,0,-1,-1,-1,-1,0,-1,-1,-1,-1.000000,-1.000000,402,0,0,0,0,0,-1,-1,-1,0.000000
6730,0,-1,-1,-1,-1,0,-1,-1,-1,-1.000000,-1.000000,486,0,0,0,0,0,-1,-1,-1,0.000000
6731,0,-1,-1,-1,-1,0,-1,-1,-1,-1.000000,-1.000000,337,0,0,0,0,0,-1,-1,-1,0.000000
6732,0,-1,-1,-1,-1,0,-1,-1,-1,-1.000000,-1.000000,373,0,0,0,0,0,-1,-1,-1,0.000000
6733,0,-1,-1,-1,-1,0,-1,-1,-1,-1.000000,-1.000000,117,0,0,0,0,0,-1,-1,-1,0.000000
6734,0,-1,-1,-1,-1,0,-1,-1,-1,-1.000000,-1.000000,313,0,0,0,0,0,-1,-1,-1,0.000000
6735,0,-1,-1,-1,-1,0,-1,-1,-1,-1.000000,-1.000000,357,0,0,0,0,0,-1,-1,-1,0.000000
6736,0,-1,-1,-1,-1,0,-1,-1,-1,-1.000000,-1.000000,248,0,0,0,0,0,-1,-1,-1,0.000000
6737,0,-1,-1,-1,-1,0,-1,-1,-1,-1.000000,-1.000000,137,0,0,0,0,0,-1,-1,-1,0.000000
6738,0,-1,-1,-1,-1,0,-1,-1,-1,-1.000000,-1.000000,323,0,0,0,0,0,-1,-1,-1,0.000000
6739,0,-1,-1,-1,-1,0,-1,-1,-1,-1.000000,-1.000000,476,0,0,0,0,0,-1,-1,-1,0.000000
6740,0,-1,-1,-1,-1,0,-1,-1,-1,-1.000000,-1.000000,379,0,0,0,0,0,-1,-1,-1,0.000000
6741,0,-1,-1,-1,-1,0,-1,-1,-1,-1.000000,-1.000000,520,0,0,0,0,0,-1,-1,-1,0.000000
6742,0,26,-1,-1,2767,735,60,3,2,0.000000,0.000000,79,624,0,312,0,312,26,-1,-1,0.000000
6743,0,-1,-1,-1,-1,0,-1,-1,-1,-1.000000,-1.000000,121,0,0,0,0,0,-1,-1,-1,0.000000
6744,0,-1,-1,-1,-1,0,-1,-1,-1,-1.000000,-1.000000,387,0,0,0,0,0,-1,-1,-1,0.000000
6745,0,21,-1,-1,5816,788,67,3,4,0.000000,0.000000,43,756,0,217,0,217,21,-1,-1,0.000000
6746,0,-1,-1,-1,-1,0,-1,-1,-1,-1.000000,-1.000000,91,0,0,0,0,0,-1,-1,-1,0.000000
6747,0,-1,-1,-1,-1,0,-1,-1,-1,-1.000000,-1.000000,369,0,0,0,0,0,-1,-1,-1,0.000000
6748,0,-1,-1,-1,-1,0,-1,-1,-1,-1.000000,-1.000000,217,0,0,0,0,0,-1,-1,-1,0.000000
6749,0,25,-1,-1,3525,476,60,3,2,0.000000,0.000000,55,533,0,168,0,168,25,-1,-1,0.000000
6750,0,-1,-1,-1,-1,0,-1,-1,-1,-1.000000,-1.000000,315,0,0,0,0,0,-1,-1,-1,0.000000
6751,0,-1,-1,-1,-1,0,-1,-1,-1,-1.000000,-1.000000,85,0,0,0,0,0,-1,-1,-1,0.000000
6752,0,-1,-1,-1,-1,0,-1,-1,-1,-1.000000,-1.000000,236,0,0,0,0,0,-1,-1,-1,0.000000
6753,0,59,-1,-1,4971,681,49,3,4,0.000000,0.000000,13,746,0,194,0,194,59,-1,-1,0.000000
6754,0,-1,-1,-1,-1,0,-1,-1,-1,-1.000000,-1.000000,237,0,0,0,0,0,-1,-1,-1,0.000000
6755,0,-1,-1,-1,-1,0,-1,-1,-1,-1.000000,-1.000000,327,0,0,0,0,0,-1,-1,-1,0.000000
6756,0,27,-1,-1,7632,226,60,3,2,0.000000,0.000000,71,349,0,119,0,119,27,-1,-1,0.000000
6757,0,-1,-1,-1,-1,0,-1,-1,-1,-1.000000,-1.000000,123,0,0,0,0,0,-1,-1,-1,0.000000
6758,0,-1,-1,-1,-1,0,-1,-1,-1,-1.000000,-1.000000,187,0,0,0,0,0,-1,-1,-1,0.000000
6759,0,-1,-1,-1,-1,0,-1,-1,-1,-1.000000,-1.000000,213,0,0,0,0,0,-1,-1,-1,0.000000
6760,0,-1,-1,-1,-1,0,-1,-1,-1,-1.000000,-1.000000,385,0,0,0,0,0,-1,-1,-1,0.000000
6761,0,-1,-1,-1,-1,0,-1,-1,-1,-1.000000,-1.000000,245,0,0,0,0,0,-1,-1,-1,0.000000
6762,0,-1,-1,-1,-1,0,-1,-1,-1,-1.000000,-1.000000,255,0,0,0,0,0,-1,-1,-1,0.000000
6763,0,-1,-1,-1,-1,0,-1,-1,-1,-1.000000,-1.000000,472,0,0,0,0,0,-1,-1,-1,0.000000
6764,0,-1,-1,-1,-1,0,-1,-1,-1,-1.000000,-1.000000,109,0,0,0,0,0,-1,-1,-1,0.000000
6765,0,-1,-1,-1,-1,0,-1,-1,-1,-1.000000,-1.000000,115,0,0,0,0,0,-1,-1,-1,0.000000
6766,0,-1,-1,-1,-1,0,-1,-1,-1,-1.000000,-1.000000,356,0,0,0,0,0,-1,-1,-1,0.000000
6767,0,-1,-1,-1,-1,0,-1,-1,-1,-1.000000,-1.000000,411,0,0,0,0,0,-1,-1,-1,0.000000
6768,0,-1,-1,-1,-1,0,-1,-1,-1,-1.000000,-1.000000,439,0,0,0,0,0,-1,-1,-1,0.000000
6769,0,-1,-1,-1,-1,0,-1,-1,-1,-1.000000,-1.000000,193,0,0,0,0,0,-1,-1,-1,0.000000
6770,0,-1,-1,-1,-1,0,-1,-1,-1,-1.000000,-1.000000,137,0,0,0,0,0,-1,-1,-1,0.000000
6771,0,-1,-1,-1,-1,0,-1,-1,-1,-1.000000,-1.000000,157,0,0,0,0,0,-1,-1,-1,0.000000
6772,0,-1,-1,-1,-1,0,-1,-1,-1,-1.000000,-1.000000,423,0,0,0,0,0,-1,-1,-1,0.000000
6773,0,-1,-1,-1,-1,0,-1,-1,-1,-1.000000,-1.000000,277,0,0,0,0,0,-1,-1,-1,0.000000
6774,0,-1,-1,-1,-1,0,-1,-1,-1,-1.000000,-1.000000,327,0,0,0,0,0,-1,-1,-1,0.000000
6775,0,-1,-1,-1,-1,0,-1,-1,-1,-1.000000,-1.000000,247,0,0,0,0,0,-1,-1,-1,0.000000
6776,0,-1,-1,-1,-1,0,-1,-1,-1,-1.000000,-1.000000,269,0,0,0,0,0,-1,-1,-1,0.000000
6777,0,650,-1,-1,6258,0,16,3,2,0.000000,0.000000,61,2,0,0,0,0,650,-1,-1,0.000000
6778,0,-1,-1,-1,-1,0,-1,-1,-1,-1.000000,-1.000000,169,0,0,0,0,0,-1,-1,-1,0.000000
6779,0,-1,-1,-1,-1,0,-1,-1,-1,-1.000000,-1.000000,163,0,0,0,0,0,-1,-1,-1,0.000000
6780,0,35,-1,-1,2761,676,54,3,2,0.000000,0.000000,27,849,0,114,0,114,35,-1,-1,0.000000
6781,0,-1,-1,-1,-1,0,-1,-1,-1,-1.000000,-1.000000,311,0,0,0,0,0,-1,-1,-1,0.000000
6782,0,-1,-1,-1,-1,0,-1,-1,-1,-1.000000,-1.000000,231,0,0,0,0,0,-1,-1,-1,0.000000
6783,0,-1,-1,-1,-1,0,-1,-1,-1,-1.000000,-1.000000,345,0,0,0,0,0,-1,-1,-1,0.000000
6784,0,-1,-1,-1,-1,0,-1,-1,-1,-1.000000,-1.000000,143,0,0,0,0,0,-1,-1,-1,0.000000
6785,0,-1,-1,-1,-1,0,-1,-1,-1,-1.000000,-1.000000,467,0,0,0,0,0,-1,-1,-1,0.000000
6786,0,-1,-1,-1,-1,0,-1,-1,-1,-1.000000,-1.000000,375,0,0,0,0,0,-1,-1,-1,0.000000
6787,0,-1,-1,-1,-1,0,-1,-1,-1,-1.000000,-1.000000,115,0,0,0,0,0,-1,-1,-1,0.000000
6788,0,-1,-1,-1,-1,0,-1,-1,-1,-1.000000,-1.000000,388,0,0,0,0,0,-1,-1,-1,0.000000
6789,0,-1,-1,-1,-1,0,-1,-1,-1,-1.000000,-1.000000,217,0,0,0,0,0,-1,-1,-1,0.000000
6790,0,-1,-1,-1,-1,0,-1,-1,-1,-1.000000,-1.000000,323,0,0,0,0,0,-1,-1,-1,0.000000
6791,0,-1,-1,-1,-1,0,-1,-1,-1,-1.000000,-1.000000,271,0,0,0,0,0,-1,-1,-1,0.000000
6792,0,-1,-1,-1,-1,0,-1,-1,-1,-1.000000,-1.000000,189,0,0,0,0,0,-1,-1,-1,0.000000
6793,0,-1,-1,-1,-1,0,-1,-1,-1,-1.000000,-1.000000,303,0,0,0,0,0,-1,-1,-1,0.000000
6794,0,-1,-1,-1,-1,0,-1,-1,-1,-1.000000,-1.000000,201,0,0,0,0,0,-1,-1,-1,0.000000
6795,0,-1,-1,-1,-1,0,-1,-1,-1,-1.000000,-1.000000,120,0,0,0,0,0,-1,-1,-1,0.000000
6796,0,-1,-1,-1,-1,0,-1,-1,-1,-1.000000,-1.000000,210,0,0,0,0,0,-1,-1,-1,0.000000
6797,0,-1,-1,-1,-1,0,-1,-1,-1,-1.000000,-1.000000,372,0,0,0,0,0,-1,-1,-1,0.000000
6798,0,-1,-1,-1,-1,0,-1,-1,-1,-1.000000,-1.000000,179,0,0,0,0,0,-1,-1,-1,0.000000
6799,0,-1,-1,-1,-1,0,-1,-1,-1,-1.000000,-1.000000,318,0,0,0,0,0,-1,-1,-1,0.000000
6800,0,58,-1,-1,2119,25,45,3,4,0.000000,0.000000,63,59,0,31,0,31,58,-1,-1,0.000000
6801,0,63,-1,-1,2915,5,44,3,2,0.000000,0.000000,85,37,0,15,0,15,63,-1,-1,0.000000
6802,0,-1,-1,-1,-1,0,-1,-1,-1,-1.000000,-1.000000,73,0,0,0,0,0,-1,-1,-1,0.000000
6803,0,-1,-1,-1,-1,0,-1,-1,-1,-1.000000,-1.000000,336,0,0,0,0,0,-1,-1,-1,0.000000
6804,0,78,-1,-1,1478,702,43,3,4,0.000000,0.000000,17,809,0,109,0,109,78,-1,-1,0.000000
6805,0,43,-1,-1,6718,114,49,3,4,0.000000,0.000000,61,193,0,62,0,62,43,-1,-1,0.000000
6806,0,43,-1,-1,2468,134,50,3,4,0.000000,0.000000,48,234,0,73,0,73,43,-1,-1,0.000000
6807,0,-1,-1,-1,-1,0,-1,-1,-1,-1.000000,-1.000000,88,0,0,0,0,0,-1,-1,-1,0.000000
6808,0,-1,-1,-1,-1,0,-1,-1,-1,-1.000000,-1.000000,401,0,0,0,0,0,-1,-1,-1,0.000000
6809,0,-1,-1,-1,-1,0,-1,-1,-1,-1.000000,-1.000000,281,0,0,0,0,0,-1,-1,-1,0.000000
6810,0,-1,-1,-1,-1,0,-1,-1,-1,-1.000000,-1.000000,439,0,0,0,0,0,-1,-1,-1,0.000000
6811,0,-1,-1,-1,-1,0,-1,-1,-1,-1.000000,-1.000000,361,0,0,0,0,0,-1,-1,-1,0.000000
6812,0,271,-1,-1,4454,18,25,3,2,0.000000,0.000000,82,61,0,25,0,25,271,-1,-1,0.000000
6813,0,-1,-1,-1,-1,0,-1,-1,-1,-1.000000,-1.000000,500,0,0,0,0,0,-1,-1,-1,0.000000
6814,0,-1,-1,-1,-1,0,-1,-1,-1,-1.000000,-1.000000,353,0,0,0,0,0,-1,-1,-1,0.000000
6815,0,-1,-1,-1,-1,0,-1,-1,-1,-1.000000,-1.000000,209,0,0,0,0,0,-1,-1,-1,0.000000
6816,0,-1,-1,-1,-1,0,-1,-1,-1,-1.000000,-1.000000,121,0,0,0,0,0,-1,-1,-1,0.000000
6817,0,-1,-1,-1,-1,0,-1,-1,-1,-1.000000,-1.000000,221,0,0,0,0,0,-1,-1,-1,0.000000
6818,0,-1,-1,-1,-1,0,-1,-1,-1,-1.000000,-1.000000,277,0,0,0,0,0,-1,-1,-1,0.000000
6819,0,-1,-1,-1,-1,0,-1,-1,-1,-1.000000,-1.000000,231,0,0,0,0,0,-1,-1,-1,0.000000
6820,0,-1,-1,-1,-1,0,-1,-1,-1,-1.000000,-1.000000,158,0,0,0,0,0,-1,-1,-1,0.000000
6821,0,-1,-1,-1,-1,0,-1,-1,-1,-1.000000,-1.000000,119,0,0,0,0,0,-1,-1,-1,0.000000
6822,0,-1,-1,-1,-1,0,-1,-1,-1,-1.000000,-1.000000,175,0,0,0,0,0,-1,-1,-1,0.000000
6823,0,-1,-1,-1,-1,0,-1,-1,-1,-1.000000,-1.000000,95,0,0,0,0,0,-1,-1,-1,0.000000
6824,0,-1,-1,-1,-1,0,-1,-1,-1,-1.000000,-1.000000,261,0,0,0,0,0,-1,-1,-1,0.000000
6825,0,-1,-1,-1,-1,0,-1,-1,-1,-1.000000,-1.000000,278,0,0,0,0,0,-1,-1,-1,0.000000
6826,0,43,-1,-1,400,6,49,3,4,0.000000,0.000000,83,38,0,10,0,10,43,-1,-1,0.000000
6827,0,-1,-1,-1,-1,0,-1,-1,-1,-1.000000,-1.000000,377,0,0,0,0,0,-1,-1,-1,0.000000
6828,0,52,-1,-1,7062,10,49,3,2,0.000000,0.000000,106,21,0,17,0,17,52,-1,-1,0.000000
6829,0,-1,-1,-1,-1,0,-1,-1,-1,-1.000000,-1.000000,354,0,0,0,0,0,-1,-1,-1,0.000000
6830,0,-1,-1,-1,-1,0,-1,-1,-1,-1.000000,-1.000000,179,0,0,0,0,0,-1,-1,-1,0.000000
6831,0,-1,-1,-1,-1,0,-1,-1,-1,-1.000000,-1.000000,493,0,0,0,0,0,-1,-1,-1,0.000000
6832,0,26,-1,-1,4924,334,60,3,2,0.000000,0.000000,59,465,0,98,0,98,26,-1,-1,0.000000
6833,0,-1,-1,-1,-1,0,-1,-1,-1,-1.000000,-1.000000,340,0,0,0,0,0,-1,-1,-1,0.000000
6834,0,-1,-1,-1,-1,0,-1,-1,-1,-1.000000,-1.000000,469,0,0,0,0,0,-1,-1,-1,0.000000
6835,0,-1,-1,-1,-1,0,-1,-1,-1,-1.000000,-1.000000,165,0,0,0,0,0,-1,-1,-1,0.000000
6836,0,-1,-1,-1,-1,0,-1,-1,-1,-1.000000,-1.000000,97,0,0,0,0,0,-1,-1,-1,0.000000
6837,0,-1,-1,-1,-1,0,-1,-1,-1,-1.000000,-1.000000,538,0,0,0,0,0,-1,-1,-1,0.000000
6838,0,148,-1,-1,6358,1,33,3,4,0.000000,0.000000,97,3,0,4,0,4,148,-1,-1,0.000000
6839,0,-1,-1,-1,-1,0,-1,-1,-1,-1.000000,-1.000000,546,0,0,0,0,0,-1,-1,-1,0.000000
6840,0,-1,-1,-1,-1,0,-1,-1,-1,-1.000000,-1.000000,157,0,0,0,0,0,-1,-1,-1,0.000000
6841,0,-1,-1,-1,-1,0,-1,-1,-1,-1.000000,-1.000000,105,0,0,0,0,0,-1,-1,-1,0.000000
6842,0,-1,-1,-1,-1,0,-1,-1,-1,-1.000000,-1.000000,245,0,0,0,0,0,-1,-1,-1,0.000000
6843,0,104,-1,-1,3884,201,39,3,4,0.000000,0.000000,45,324,0,71,0,71,104,-1,-1,0.000000
6844,0,26,-1,-1,5603,391,60,3,2,0.000000,0.000000,51,490,0,112,0,112,26,-1,-1,0.000000
6845,0,-1,-1,-1,-1,0,-1,-1,-1,-1.000000,-1.000000,207,0,0,0,0,0,-1,-1,-1,0.000000
6846,0,-1,-1,-1,-1,0,-1,-1,-1,-1.000000,-1.000000,344,0,0,0,0,0,-1,-1,-1,0.000000
6847,0,-1,-1,-1,-1,0,-1,-1,-1,-1.000000,-1.000000,137,0,0,0,0,0,-1,-1,-1,0.000000
6848,0,-1,-1,-1,-1,0,-1,-1,-1,-1.000000,-1.000000,287,0,0,0,0,0,-1,-1,-1,0.000000
6849,0,-1,-1,-1,-1,0,-1,-1,-1,-1.000000,-1.000000,307,0,0,0,0,0,-1,-1,-1,0.000000
6850,0,-1,-1,-1,-1,0,-1,-1,-1,-1.000000,-1.000000,143,0,0,0,0,0,-1,-1,-1,0.000000
6851,0,-1,-1,-1,-1,0,-1,-1,-1,-1.000000,-1.000000,133,0,0,0,0,0,-1,-1,-1,0.000000
6852,0,-1,-1,-1,-1,0,-1,-1,-1,-1.000000,-1.000000,151,0,0,0,0,0,-1,-1,-1,0.000000
6853,0,-1,-1,-1,-1,0,-1,-1,-1,-1.000000,-1.000000,317,0,0,0,0,0,-1,-1,-1,0.000000
6854,0,-1,-1,-1,-1,0,-1,-1,-1,-1.000000,-1.000000,187,0,0,0,0,0,-1,-1,-1,0.000000
6855,0,-1,-1,-1,-1,0,-1,-1,-1,-1.000000,-1.000000,83,0,0,0,0,0,-1,-1,-1,0.000000
6856,0,-1,-1,-1,-1,0,-1,-1,-1,-1.000000,-1.000000,109,0,0,0,0,0,-1,-1,-1,0.000000
6857,0,-1,-1,-1,-1,0,-1,-1,-1,-1.000000,-1.000000,160,0,0,0,0,0,-1,-1,-1,0.000000
6858,0,-1,-1,-1,-1,0,-1,-1,-1,-1.000000,-1.000000,367,0,0,0,0,0,-1,-1,-1,0.000000
6859,0,22,-1,-1,5975,586,67,3,4,0.000000,0.000000,25,764,0,214,0,214,22,-1,-1,0.000000
6860,0,24,-1,-1,483,454,65,3,4,0.000000,0.000000,49,566,0,102,0,102,24,-1,-1,0.000000
6861,0,-1,-1,-1,-1,0,-1,-1,-1,-1.000000,-1.000000,185,0,0,0,0,0,-1,-1,-1,0.000000
6862,0,-1,-1,-1,-1,0,-1,-1,-1,-1.000000,-1.000000,366,0,0,0,0,0,-1,-1,-1,0.000000
6863,0,-1,-1,-1,-1,0,-1,-1,-1,-1.000000,-1.000000,394,0,0,0,0,0,-1,-1,-1,0.000000
6864,0,-1,-1,-1,-1,0,-1,-1,-1,-1.000000,-1.000000,111,0,0,0,0,0,-1,-1,-1,0.000000
6865,0,-1,-1,-1,-1,0,-1,-1,-1,-1.000000,-1.000000,89,0,0,0,0,0,-1,-1,-1,0.000000
6866,0,-1,-1,-1,-1,0,-1,-1,-1,-1.000000,-1.000000,349,0,0,0,0,0,-1,-1,-1,0.000000
6867,0,-1,-1,-1,-1,0,-1,-1,-1,-1.000000,-1.000000,207,0,0,0,0,0,-1,-1,-1,0.000000
6868,0,-1,-1,-1,-1,0,-1,-1,-1,-1.000000,-1.000000,410,0,0,0,0,0,-1,-1,-1,0.000000
6869,0,-1,-1,-1,-1,0,-1,-1,-1,-1.000000,-1.000000,253,0,0,0,0,0,-1,-1,-1,0.000000
6870,0,-1,-1,-1,-1,0,-1,-1,-1,-1.000000,-1.000000,191,0,0,0,0,0,-1,-1,-1,0.000000
6871,0,-1,-1,-1,-1,0,-1,-1,-1,-1.000000,-1.000000,181,0,0,0,0,0,-1,-1,-1,0.000000
6872,0,-1,-1,-1,-1,0,-1,-1,-1,-1.000000,-1.000000,191,0,0,0,0,0,-1,-1,-1,0.000000
6873,0,26,-1,-1,338,330,60,3,2,0.000000,0.000000,47,411,0,142,0,142,26,-1,-1,0.000000
6874,0,-1,-1,-1,-1,0,-1,-1,-1,-1.000000,-1.000000,195,0,0,0,0,0,-1,-1,-1,0.000000
6875,0,-1,-1,-1,-1,0,-1,-1,-1,-1.000000,-1.000000,245,0,0,0,0,0,-1,-1,-1,0.000000
6876,0,-1,-1,-1,-1,0,-1,-1,-1,-1.000000,-1.000000,261,0,0,0,0,0,-1,-1,-1,0.000000
6877,0,-1,-1,-1,-1,0,-1,-1,-1,-1.000000,-1.000000,196,0,0,0,0,0,-1,-1,-1,0.000000
6878,0,-1,-1,-1,-1,0,-1,-1,-1,-1.000000,-1.000000,95,0,0,0,0,0,-1,-1,-1,0.000000
6879,0,-1,-1,-1,-1,0,-1,-1,-1,-1.000000,-1.000000,144,0,0,0,0,0,-1,-1,-1,0.000000
6880,0,-1,-1,-1,-1,0,-1,-1,-1,-1.000000,-1.000000,271,0,0,0,0,0,-1,-1,-1,0.000000
6881,0,-1,-1,-1,-1,0,-1,-1,-1,-1.000000,-1.000000,181,0,0,0,0,0,-1,-1,-1,0.000000
6882,0,-1,-1,-1,-1,0,-1,-1,-1,-1.000000,-1.000000,459,0,0,0,0,0,-1,-1,-1,0.000000
6883,0,-1,-1,-1,-1,0,-1,-1,-1,-1.000000,-1.000000,251,0,0,0,0,0,-1,-1,-1,0.000000
6884,0,-1,-1,-1,-1,0,-1,-1,-1,-1.000000,-1.000000,278,0,0,0,0,0,-1,-1,-1,0.000000
6885,0,-1,-1,-1,-1,0,-1,-1,-1,-1.000000,-1.000000,361,0,0,0,0,0,-1,-1,-1,0.000000
6886,0,-1,-1,-1,-1,0,-1,-1,-1,-1.000000,-1.000000,414,0,0,0,0,0,-1,-1,-1,0.000000
6887,0,22,-1,-1,864,797,66,3,2,0.000000,0.000000,21,791,0,185,0,185,22,-1,-1,0.000000
6888,0,-1,-1,-1,-1,0,-1,-1,-1,-1.000000,-1.000000,380,0,0,0,0,0,-1,-1,-1,0.000000
6889,0,916,-1,-1,4398,0,15,3,2,0.000000,0.000000,104,2,0,2,0,2,916,-1,-1,0.000000
6890,0,-1,-1,-1,-1,0,-1,-1,-1,-1.000000,-1.000000,263,0,0,0,0,0,-1,-1,-1,0.000000
6891,0,-1,-1,-1,-1,0,-1,-1,-1,-1.000000,-1.000000,213,0,0,0,0,0,-1,-1,-1,0.000000
6892,0,-1,-1,-1,-1,0,-1,-1,-1,-1.000000,-1.000000,399,0,0,0,0,0,-1,-1,-1,0.000000
6893,0,-1,-1,-1,-1,0,-1,-1,-1,-1.000000,-1.000000,155,0,0,0,0,0,-1,-1,-1,0.000000
6894,0,-1,-1,-1,-1,0,-1,-1,-1,-1.000000,-1.000000,359,0,0,0,0,0,-1,-1,-1,0.000000
6895,0,-1,-1,-1,-1,0,-1,-1,-1,-1.000000,-1.000000,205,0,0,0,0,0,-1,-1,-1,0.000000
6896,0,-1,-1,-1,-1,0,-1,-1,-1,-1.000000,-1.000000,283,0,0,0,0,0,-1,-1,-1,0.000000
6897,0,-1,-1,-1,-1,0,-1,-1,-1,-1.000000,-1.000000,283,0,0,0,0,0,-1,-1,-1,0.000000
6898,0,-1,-1,-1,-1,0,-1,-1,-1,-1.000000,-1.000000,50,0,0,0,0,0,-1,-1,-1,0.000000
6899,0,-1,-1,-1,-1,0,-1,-1,-1,-1.000000,-1.000000,197,0,0,0,0,0,-1,-1,-1,0.000000
6900,0,-1,-1,-1,-1,0,-1,-1,-1,-1.000000,-1.000000,437,0,0,0,0,0,-1,-1,-1,0.000000
6901,0,-1,-1,-1,-1,0,-1,-1,-1,-1.000000,-1.000000,167,0,0,0,0,0,-1,-1,-1,0.000000
6902,0,-1,-1,-1,-1,0,-1,-1,-1,-1.000000,-1.000000,394,0,0,0,0,0,-1,-1,-1,0.000000
6903,0,-1,-1,-1,-1,0,-1,-1,-1,-1.000000,-1.000000,117,0,0,0,0,0,-1,-1,-1,0.000000
6904,0,-1,-1,-1,-1,0,-1,-1,-1,-1.000000,-1.000000,275,0,0,0,0,0,-1,-1,-1,0.000000
6905,0,404,-1,-1,4926,0,21,3,4,0.000000,0.000000,95,0,0,1,0,1,404,-1,-1,0.000000
6906,0,-1,-1,-1,-1,0,-1,-1,-1,-1.000000,-1.000000,191,0,0,0,0,0,-1,-1,-1,0.000000
6907,0,-1,-1,-1,-1,0,-1,-1,-1,-1.000000,-1.000000,154,0,0,0,0,0,-1,-1,-1,0.000000
6908,0,-1,-1,-1,-1,0,-1,-1,-1,-1.000000,-1.000000,123,0,0,0,0,0,-1,-1,-1,0.000000
6909,0,-1,-1,-1,-1,0,-1,-1,-1,-1.000000,-1.000000,414,0,0,0,0,0,-1,-1,-1,0.000000
6910,0,-1,-1,-1,-1,0,-1,-1,-1,-1.000000,-1.000000,281,0,0,0,0,0,-1,-1,-1,0.000000
6911,0,-1,-1,-1,-1,0,-1,-1,-1,-1.000000,-1.000000,135,0,0,0,0,0,-1,-1,-1,0.000000
6912,0,-1,-1,-1,-1,0,-1,-1,-1,-1.000000,-1.000000,191,0,0,0,0,0,-1,-1,-1,0.000000
6913,0,60,-1,-1,7095,112,45,3,4,0.000000,0.000000,81,232,0,69,0,69,60,-1,-1,0.000000
6914,0,-1,-1,-1,-1,0,-1,-1,-1,-1.000000,-1.000000,187,0,0,0,0,0,-1,-1,-1,0.000000
6915,0,-1,-1,-1,-1,0,-1,-1,-1,-1.000000,-1.000000,423,0,0,0,0,0,-1,-1,-1,0.000000
6916,0,-1,-1,-1,-1,0,-1,-1,-1,-1.000000,-1.000000,133,0,0,0,0,0,-1,-1,-1,0.000000
6917,0,-1,-1,-1,-1,0,-1,-1,-1,-1.000000,-1.000000,412,0,0,0,0,0,-1,-1,-1,0.000000
6918,0,-1,-1,-1,-1,0,-1,-1,-1,-1.000000,-1.000000,173,0,0,0,0,0,-1,-1,-1,0.000000
6919,0,-1,-1,-1,-1,0,-1,-1,-1,-1.000000,-1.000000,487,0,0,0,0,0,-1,-1,-1,0.000000
6920,0,-1,-1,-1,-1,0,-1,-1,-1,-1.000000,-1.000000,227,0,0,0,0,0,-1,-1,-1,0.000000
6921,0,-1,-1,-1,-1,0,-1,-1,-1,-1.000000,-1.000000,303,0,0,0,0,0,-1,-1,-1,0.000000
6922,0,29,-1,-1,3794,81,58,3,2,0.000000,0.000000,67,172,0,43,0,43,29,-1,-1,0.000000
6923,0,-1,-1,-1,-1,0,-1,-1,-1,-1.000000,-1.000000,213,0,0,0,0,0,-1,-1,-1,0.000000
6924,0,-1,-1,-1,-1,0,-1,-1,-1,-1.000000,-1.000000,123,0,0,0,0,0,-1,-1,-1,0.000000
6925,0,-1,-1,-1,-1,0,-1,-1,-1,-1.000000,-1.000000,213,0,0,0,0,0,-1,-1,-1,0.000000
6926,0,-1,-1,-1,-1,0,-1,-1,-1,-1.000000,-1.000000,95,0,0,0,0,0,-1,-1,-1,0.000000
6927,0,-1,-1,-1,-1,0,-1,-1,-1,-1.000000,-1.000000,175,0,0,0,0,0,-1,-1,-1,0.000000
6928,0,18,-1,-1,874,600,68,3,2,0.000000,0.000000,21,691,0,291,0,291,18,-1,-1,0.000000
6929,0,-1,-1,-1,-1,0,-1,-1,-1,-1.000000,-1.000000,329,0,0,0,0,0,-1,-1,-1,0.000000
6930,0,53,-1,-1,6162,112,46,3,2,0.000000,0.000000,79,238,0,59,0,59,53,-1,-1,0.000000
6931,0,-1,-1,-1,-1,0,-1,-1,-1,-1.000000,-1.000000,148,0,0,0,0,0,-1,-1,-1,0.000000
6932,0,29,-1,-1,2043,701,56,3,2,0.000000,0.000000,63,672,0,207,0,207,29,-1,-1,0.000000
6933,0,-1,-1,-1,-1,0,-1,-1,-1,-1.000000,-1.000000,97,0,0,0,0,0,-1,-1,-1,0.000000
6934,0,-1,-1,-1,-1,0,-1,-1,-1,-1.000000,-1.000000,115,0,0,0,0,0,-1,-1,-1,0.000000
6935,0,-1,-1,-1,-1,0,-1,-1,-1,-1.000000,-1.000000,189,0,0,0,0,0,-1,-1,-1,0.000000
6936,0,-1,-1,-1,-1,0,-1,-1,-1,-1.000000,-1.000000,381,0,0,0,0,0,-1,-1,-1,0.000000
6937,0,-1,-1,-1,-1,0,-1,-1,-1,-1.000000,-1.000000,117,0,0,0,0,0,-1,-1,-1,0.000000
6938,0,-1,-1,-1,-1,0,-1,-1,-1,-1.000000,-1.000000,117,0,0,0,0,0,-1,-1,-1,0.000000
6939,0,25,-1,-1,4177,74,65,3,4,0.000000,0.000000,67,148,0,36,0,36,25,-1,-1,0.000000
6940,0,-1,-1,-1,-1,0,-1,-1,-1,-1.000000,-1.000000,114,0,0,0,0,0,-1,-1,-1,0.000000
6941,0,28,-1,-1,2725,249,58,3,2,0.000000,0.000000,79,346,0,168,0,168,28,-1,-1,0.000000
6942,0,-1,-1,-1,-1,0,-1,-1,-1,-1.000000,-1.000000,99,0,0,0,0,0,-1,-1,-1,0.000000
6943,0,-1,-1,-1,-1,0,-1,-1,-1,-1.000000,-1.000000,217,0,0,0,0,0,-1,-1,-1,0.000000
6944,0,-1,-1,-1,-1,0,-1,-1,-1,-1.000000,-1.000000,262,0,0,0,0,0,-1,-1,-1,0.000000
6945,0,16,-1,-1,2405,689,70,3,2,0.000000,0.000000,11,701,0,282,0,282,16,-1,-1,0.000000
6946,0,-1,-1,-1,-1,0,-1,-1,-1,-1.000000,-1.000000,219,0,0,0,0,0,-1,-1,-1,0.000000
6947,0,-1,-1,-1,-1,0,-1,-1,-1,-1.000000,-1.000000,129,0,0,0,0,0,-1,-1,-1,0.000000
6948,0,68,-1,-1,1142,0,45,3,2,0.000000,0.000000,118,4,0,4,0,4,68,-1,-1,0.000000
6949,0,-1,-1,-1,-1,0,-1,-1,-1,-1.000000,-1.000000,277,0,0,0,0,0,-1,-1,-1,0.000000
6950,0,-1,-1,-1,-1,0,-1,-1,-1,-1.000000,-1.000000,77,0,0,0,0,0,-1,-1,-1,0.000000
6951,0,22,-1,-1,7980,789,65,3,4,0.000000,0.000000,33,770,0,173,0,173,22,-1,-1,0.000000
6952,0,33,-1,-1,3367,241,56,3,2,0.000000,0.000000,77,391,0,95,0,95,33,-1,-1,0.000000
6953,0,-1,-1,-1,-1,0,-1,-1,-1,-1.000000,-1.000000,353,0,0,0,0,0,-1,-1,-1,0.000000
6954,0,-1,-1,-1,-1,0,-1,-1,-1,-1.000000,-1.000000,139,0,0,0,0,0,-1,-1,-1,0.000000
6955,0,-1,-1,-1,-1,0,-1,-1,-1,-1.000000,-1.000000,239,0,0,0,0,0,-1,-1,-1,0.000000
6956,0,112,-1,-1,5891,2,36,3,2,0.000000,0.000000,79,25,0,11,0,11,112,-1,-1,0.000000
6957,0,-1,-1,-1,-1,0,-1,-1,-1,-1.000000,-1.000000,127,0,0,0,0,0,-1,-1,-1,0.000000
6958,0,21,-1,-1,2687,766,66,3,2,0.000000,0.000000,25,762,0,216,0,216,21,-1,-1,0.000000
6959,0,24,-1,-1,6402,736,65,3,4,0.000000,0.000000,27,745,0,231,0,231,24,-1,-1,0.000000
6960,0,32,-1,-1,6752,10,55,3,4,0.000000,0.000000,73,28,0,4,0,4,32,-1,-1,0.000000
6961,0,-1,-1,-1,-1,0,-1,-1,-1,-1.000000,-1.000000,161,0,0,0,0,0,-1,-1,-1,0.000000
6962,0,-1,-1,-1,-1,0,-1,-1,-1,-1.000000,-1.000000,115,0,0,0,0,0,-1,-1,-1,0.000000
6963,0,-1,-1,-1,-1,0,-1,-1,-1,-1.000000,-1.000000,171,0,0,0,0,0,-1,-1,-1,0.000000
6964,0,-1,-1,-1,-1,0,-1,-1,-1,-1.000000,-1.000000,257,0,0,0,0,0,-1,-1,-1,0.000000
6965,0,-1,-1,-1,-1,0,-1,-1,-1,-1.000000,-1.000000,315,0,0,0,0,0,-1,-1,-1,0.000000
6966,0,227,-1,-1,686,0,30,3,2,0.000000,0.000000,125,1,0,1,0,1,227,-1,-1,0.000000
6967,0,-1,-1,-1,-1,0,-1,-1,-1,-1.000000,-1.000000,329,0,0,0,0,0,-1,-1,-1,0.000000
6968,0,39,-1,-1,1924,5,53,3,4,0.000000,0.000000,89,33,0,17,0,17,39,-1,-1,0.000000
6969,0,626,-1,-1,5516,0,17,3,4,0.000000,0.000000,93,2,0,0,0,0,626,-1,-1,0.000000
6970,0,-1,-1,-1,-1,0,-1,-1,-1,-1.000000,-1.000000,329,0,0,0,0,0,-1,-1,-1,0.000000
6971,0,-1,-1,-1,-1,0,-1,-1,-1,-1.000000,-1.000000,233,0,0,0,0,0,-1,-1,-1,0.000000
6972,0,-1,-1,-1,-1,0,-1,-1,-1,-1.000000,-1.000000,429,0,0,0,0,0,-1,-1,-1,0.000000
6973,0,-1,-1,-1,-1,0,-1,-1,-1,-1.000000,-1.000000,161,0,0,0,0,0,-1,-1,-1,0.000000
6974,0,-1,-1,-1,-1,0,-1,-1,-1,-1.000000,-1.000000,133,0,0,0,0,0,-1,-1,-1,0.000000
6975,0,-1,-1,-1,-1,0,-1,-1,-1,-1.000000,-1.000000,209,0,0,0,0,0,-1,-1,-1,0.000000
6976,0,-1,-1,-1,-1,0,-1,-1,-1,-1.000000,-1.000000,297,0,0,0,0,0,-1,-1,-1,0.000000
6977,0,-1,-1,-1,-1,0,-1,-1,-1,-1.000000,-1.000000,279,0,0,0,0,0,-1,-1,-1,0.000000
6978,0,-1,-1,-1,-1,0,-1,-1,-1,-1.000000,-1.000000,191,0,0,0,0,0,-1,-1,-1,0.000000
6979,0,50,-1,-1,756,776,52,3,2,0.000000,0.000000,19,815,0,132,0,132,50,-1,-1,0.000000
6980,0,-1,-1,-1,-1,0,-1,-1,-1,-1.000000,-1.000000,227,0,0,0,0,0,-1,-1,-1,0.000000
6981,0,-1,-1,-1,-1,0,-1,-1,-1,-1.000000,-1.000000,237,0,0,0,0,0,-1,-1,-1,0.000000
6982,0,-1,-1,-1,-1,0,-1,-1,-1,-1.000000,-1.000000,127,0,0,0,0,0,-1,-1,-1,0.000000
6983,0,-1,-1,-1,-1,0,-1,-1,-1,-1.000000,-1.000000,219,0,0,0,0,0,-1,-1,-1,0.000000
6984,0,34,-1,-1,2356,16,53,3,4,0.000000,0.000000,101,65,0,29,0,29,34,-1,-1,0.000000
6985,0,-1,-1,-1,-1,0,-1,-1,-1,-1.000000,-1.000000,107,0,0,0,0,0,-1,-1,-1,0.000000
6986,0,-1,-1,-1,-1,0,-1,-1,-1,-1.000000,-1.000000,153,0,0,0,0,0,-1,-1,-1,0.000000
6987,0,-1,-1,-1,-1,0,-1,-1,-1,-1.000000,-1.000000,161,0,0,0,0,0,-1,-1,-1,0.000000
6988,0,33,-1,-1,1512,183,56,3,2,0.000000,0.000000,55,267,0,95,0,95,33,-1,-1,0.000000
6989,0,-1,-1,-1,-1,0,-1,-1,-1,-1.000000,-1.000000,329,0,0,0,0,0,-1,-1,-1,0.000000
6990,0,-1,-1,-1,-1,0,-1,-1,-1,-1.000000,-1.000000,149,0,0,0,0,0,-1,-1,-1,0.000000
6991,0,-1,-1,-1,-1,0,-1,-1,-1,-1.000000,-1.000000,247,0,0,0,0,0,-1,-1,-1,0.000000
6992,0,-1,-1,-1,-1,0,-1,-1,-1,-1.000000,-1.000000,368,0,0,0,0,0,-1,-1,-1,0.000000
6993,0,-1,-1,-1,-1,0,-1,-1,-1,-1.000000,-1.000000,180,0,0,0,0,0,-1,-1,-1,0.000000
6994,0,609,-1,-1,3225,0,16,3,4,0.000000,0.000000,138,1,0,0,0,0,609,-1,-1,0.000000
6995,0,-1,-1,-1,-1,0,-1,-1,-1,-1.000000,-1.000000,420,0,0,0,0,0,-1,-1,-1,0.000000
6996,0,-1,-1,-1,-1,0,-1,-1,-1,-1.000000,-1.000000,479,0,0,0,0,0,-1,-1,-1,0.000000
6997,0,466,-1,-1,4901,0,21,3,4,0.000000,0.000000,77,4,0,1,0,1,466,-1,-1,0.000000
6998,0,-1,-1,-1,-1,0,-1,-1,-1,-1.000000,-1.000000,285,0,0,0,0,0,-1,-1,-1,0.000000
6999,0,-1,-1,-1,-1,0,-1,-1,-1,-1.000000,-1.000000,394,0,0,0,0,0,-1,-1,-1,0.000000
7000,0,-1,-1,-1,-1,0,-1,-1,-1,-1.000000,-1.000000,363,0,0,0,0,0,-1,-1,-1,0.000000
7001,0,-1,-1,-1,-1,0,-1,-1,-1,-1.000000,-1.000000,434,0,0,0,0,0,-1,-1,-1,0.000000
7002,0,24,-1,-1,2722,817,64,3,2,0.000000,0.000000,47,695,0,280,0,280,24,-1,-1,0.000000
7003,0,-1,-1,-1,-1,0,-1,-1,-1,-1.000000,-1.000000,107,0,0,0,0,0,-1,-1,-1,0.000000
7004,0,-1,-1,-1,-1,0,-1,-1,-1,-1.000000,-1.000000,141,0,0,0,0,0,-1,-1,-1,0.000000
7005,0,-1,-1,-1,-1,0,-1,-1,-1,-1.000000,-1.000000,476,0,0,0,0,0,-1,-1,-1,0.000000
7006,0,29,-1,-1,4370,607,58,3,4,0.000000,0.000000,16,781,0,184,0,184,29,-1,-1,0.000000
7007,0,-1,-1,-1,-1,0,-1,-1,-1,-1.000000,-1.000000,98,0,0,0,0,0,-1,-1,-1,0.000000
7008,0,24,-1,-1,6340,784,64,3,2,0.000000,0.000000,43,781,0,155,0,155,24,-1,-1,0.000000
7009,0,104,-1,-1,6551,0,37,3,4,0.000000,0.000000,73,0,0,1,0,1,104,-1,-1,0.000000
7010,0,-1,-1,-1,-1,0,-1,-1,-1,-1.000000,-1.000000,124,0,0,0,0,0,-1,-1,-1,0.000000
7011,0,349,-1,-1,4496,0,22,3,4,0.000000,0.000000,94,7,0,1,0,1,349,-1,-1,0.000000
7012,0,-1,-1,-1,-1,0,-1,-1,-1,-1.000000,-1.000000,115,0,0,0,0,0,-1,-1,-1,0.000000
7013,0,-1,-1,-1,-1,0,-1,-1,-1,-1.000000,-1.000000,125,0,0,0,0,0,-1,-1,-1,0.000000
7014,0,-1,-1,-1,-1,0,-1,-1,-1,-1.000000,-1.000000,133,0,0,0,0,0,-1,-1,-1,0.000000
7015,0,-1,-1,-1,-1,0,-1,-1,-1,-1.000000,-1.000000,134,0,0,0,0,0,-1,-1,-1,0.000000
7016,0,-1,-1,-1,-1,0,-1,-1,-1,-1.000000,-1.000000,205,0,0,0,0,0,-1,-1,-1,0.000000
7017,0,-1,-1,-1,-1,0,-1,-1,-1,-1.000000,-1.000000,415,0,0,0,0,0,-1,-1,-1,0.000000
7018,0,78,-1,-1,4474,404,42,3,2,0.000000,0.000000,41,565,0,59,0,59,78,-1,-1,0.000000
7019,0,-1,-1,-1,-1,0,-1,-1,-1,-1.000000,-1.000000,255,0,0,0,0,0,-1,-1,-1,0.000000
7020,0,-1,-1,-1,-1,0,-1,-1,-1,-1.000000,-1.000000,192,0,0,0,0,0,-1,-1,-1,0.000000
7021,0,-1,-1,-1,-1,0,-1,-1,-1,-1.000000,-1.000000,289,0,0,0,0,0,-1,-1,-1,0.000000
7022,0,-1,-1,-1,-1,0,-1,-1,-1,-1.000000,-1.000000,219,0,0,0,0,0,-1,-1,-1,0.000000
7023,0,-1,-1,-1,-1,0,-1,-1,-1,-1.000000,-1.000000,291,0,0,0,0,0,-1,-1,-1,0.000000
7024,0,-1,-1,-1,-1,0,-1,-1,-1,-1.000000,-1.000000,329,0,0,0,0,0,-1,-1,-1,0.000000
7025,0,-1,-1,-1,-1,0,-1,-1,-1,-1.000000,-1.000000,99,0,0,0,0,0,-1,-1,-1,0.000000
7026,0,-1,-1,-1,-1,0,-1,-1,-1,-1.000000,-1.000000,145,0,0,0,0,0,-1,-1,-1,0.000000
7027,0,-1,-1,-1,-1,0,-1,-1,-1,-1.000000,-1.000000,246,0,0,0,0,0,-1,-1,-1,0.000000
7028,0,-1,-1,-1,-1,0,-1,-1,-1,-1.000000,-1.000000,157,0,0,0,0,0,-1,-1,-1,0.000000
7029,0,-1,-1,-1,-1,0,-1,-1,-1,-1.000000,-1.000000,159,0,0,0,0,0,-1,-1,-1,0.000000
7030,0,-1,-1,-1,-1,0,-1,-1,-1,-1.000000,-1.000000,386,0,0,0,0,0,-1,-1,-1,0.000000
7031,0,403,-1,-1,6017,379,22,3,2,0.000000,0.000000,25,455,0,48,0,48,403,-1,-1,0.000000
7032,0,-1,-1,-1,-1,0,-1,-1,-1,-1.000000,-1.000000,161,0,0,0,0,0,-1,-1,-1,0.000000
7033,0,-1,-1,-1,-1,0,-1,-1,-1,-1.000000,-1.000000,291,0,0,0,0,0,-1,-1,-1,0.000000
7034,0,-1,-1,-1,-1,0,-1,-1,-1,-1.000000,-1.000000,295,0,0,0,0,0,-1,-1,-1,0.000000
7035,0,-1,-1,-1,-1,0,-1,-1,-1,-1.000000,-1.000000,279,0,0,0,0,0,-1,-1,-1,0.000000
7036,0,-1,-1,-1,-1,0,-1,-1,-1,-1.000000,-1.000000,171,0,0,0,0,0,-1,-1,-1,0.000000
7037,0,22,-1,-1,4974,595,65,3,4,0.000000,0.000000,49,723,0,130,0,130,22,-1,-1,0.000000
7038,0,-1,-1,-1,-1,0,-1,-1,-1,-1.000000,-1.000000,128,0,0,0,0,0,-1,-1,-1,0.000000
7039,0,-1,-1,-1,-1,0,-1,-1,-1,-1.000000,-1.000000,260,0,0,0,0,0,-1,-1,-1,0.000000
7040,0,-1,-1,-1,-1,0,-1,-1,-1,-1.000000,-1.000000,239,0,0,0,0,0,-1,-1,-1,0.000000
7041,0,-1,-1,-1,-1,0,-1,-1,-1,-1.000000,-1.000000,402,0,0,0,0,0,-1,-1,-1,0.000000
7042,0,-1,-1,-1,-1,0,-1,-1,-1,-1.000000,-1.000000,296,0,0,0,0,0,-1,-1,-1,0.000000
7043,0,-1,-1,-1,-1,0,-1,-1,-1,-1.000000,-1.000000,177,0,0,0,0,0,-1,-1,-1,0.000000
7044,0,-1,-1,-1,-1,0,-1,-1,-1,-1.000000,-1.000000,337,0,0,0,0,0,-1,-1,-1,0.000000
7045,0,-1,-1,-1,-1,0,-1,-1,-1,-1.000000,-1.000000,91,0,0,0,0,0,-1,-1,-1,0.000000
7046,0,59,-1,-1,3796,661,45,3,4,0.000000,0.000000,33,757,0,120,0,120,59,-1,-1,0.000000
7047,0,-1,-1,-1,-1,0,-1,-1,-1,-1.000000,-1.000000,139,0,0,0,0,0,-1,-1,-1,0.000000
7048,0,-1,-1,-1,-1,0,-1,-1,-1,-1.000000,-1.000000,311,0,0,0,0,0,-1,-1,-1,0.000000
7049,0,371,-1,-1,7391,209,25,3,2,0.000000,0.000000,40,355,0,30,0,30,371,-1,-1,0.000000
7050,0,-1,-1,-1,-1,0,-1,-1,-1,-1.000000,-1.000000,176,0,0,0,0,0,-1,-1,-1,0.000000
7051,0,-1,-1,-1,-1,0,-1,-1,-1,-1.000000,-1.000000,484,0,0,0,0,0,-1,-1,-1,0.000000
7052,0,-1,-1,-1,-1,0,-1,-1,-1,-1.000000,-1.000000,155,0,0,0,0,0,-1,-1,-1,0.000000
7053,0,-1,-1,-1,-1,0,-1,-1,-1,-1.000000,-1.000000,189,0,0,0,0,0,-1,-1,-1,0.000000
7054,0,-1,-1,-1,-1,0,-1,-1,-1,-1.000000,-1.000000,111,0,0,0,0,0,-1,-1,-1,0.000000
7055,0,-1,-1,-1,-1,0,-1,-1,-1,-1.000000,-1.000000,343,0,0,0,0,0,-1,-1,-1,0.000000
7056,0,-1,-1,-1,-1,0,-1,-1,-1,-1.000000,-1.000000,175,0,0,0,0,0,-1,-1,-1,0.000000
7057,0,-1,-1,-1,-1,0,-1,-1,-1,-1.000000,-1.000000,171,0,0,0,0,0,-1,-1,-1,0.000000
7058,0,-1,-1,-1,-1,0,-1,-1,-1,-1.000000,-1.000000,163,0,0,0,0,0,-1,-1,-1,0.000000
7059,0,-1,-1,-1,-1,0,-1,-1,-1,-1.000000,-1.000000,118,0,0,0,0,0,-1,-1,-1,0.000000
7060,0,-1,-1,-1,-1,0,-1,-1,-1,-1.000000,-1.000000,344,0,0,0,0,0,-1,-1,-1,0.000000
7061,0,-1,-1,-1,-1,0,-1,-1,-1,-1.000000,-1.000000,441,0,0,0,0,0,-1,-1,-1,0.000000
7062,0,-1,-1,-1,-1,0,-1,-1,-1,-1.000000,-1.000000,219,0,0,0,0,0,-1,-1,-1,0.000000
7063,0,-1,-1,-1,-1,0,-1,-1,-1,-1.000000,-1.000000,241,0,0,0,0,0,-1,-1,-1,0.000000
7064,0,20,-1,-1,7069,744,67,3,4,0.000000,0.000000,37,746,0,232,0,232,20,-1,-1,0.000000
7065,0,59,-1,-1,6314,5,45,3,4,0.000000,0.000000,105,18,0,13,0,13,59,-1,-1,0.000000
7066,0,-1,-1,-1,-1,0,-1,-1,-1,-1.000000,-1.000000,167,0,0,0,0,0,-1,-1,-1,0.000000
7067,0,30,-1,-1,5276,67,58,3,2,0.000000,0.000000,59,100,0,40,0,40,30,-1,-1,0.000000
7068,0,51,-1,-1,2680,64,47,3,4,0.000000,0.000000,77,151,0,50,0,50,51,-1,-1,0.000000
7069,0,-1,-1,-1,-1,0,-1,-1,-1,-1.000000,-1.000000,177,0,0,0,0,0,-1,-1,-1,0.000000
7070,0,-1,-1,-1,-1,0,-1,-1,-1,-1.000000,-1.000000,115,0,0,0,0,0,-1,-1,-1,0.000000
7071,0,-1,-1,-1,-1,0,-1,-1,-1,-1.000000,-1.000000,309,0,0,0,0,0,-1,-1,-1,0.000000
7072,0,-1,-1,-1,-1,0,-1,-1,-1,-1.000000,-1.000000,113,0,0,0,0,0,-1,-1,-1,0.000000
7073,0,76,-1,-1,4496,451,43,3,2,0.000000,0.000000,44,761,0,118,0,118,76,-1,-1,0.000000
7074,0,-1,-1,-1,-1,0,-1,-1,-1,-1.000000,-1.000000,309,0,0,0,0,0,-1,-1,-1,0.000000
7075,0,-1,-1,-1,-1,0,-1,-1,-1,-1.000000,-1.000000,333,0,0,0,0,0,-1,-1,-1,0.000000
7076,0,-1,-1,-1,-1,0,-1,-1,-1,-1.000000,-1.000000,99,0,0,0,0,0,-1,-1,-1,0.000000
7077,0,-1,-1,-1,-1,0,-1,-1,-1,-1.000000,-1.000000,244,0,0,0,0,0,-1,-1,-1,0.000000
7078,0,-1,-1,-1,-1,0,-1,-1,-1,-1.000000,-1.000000,109,0,0,0,0,0,-1,-1,-1,0.000000
7079,0,-1,-1,-1,-1,0,-1,-1,-1,-1.000000,-1.000000,165,0,0,0,0,0,-1,-1,-1,0.000000
7080,0,-1,-1,-1,-1,0,-1,-1,-1,-1.000000,-1.000000,145,0,0,0,0,0,-1,-1,-1,0.000000
7081,0,-1,-1,-1,-1,0,-1,-1,-1,-1.000000,-1.000000,275,0,0,0,0,0,-1,-1,-1,0.000000
7082,0,-1,-1,-1,-1,0,-1,-1,-1,-1.000000,-1.000000,161,0,0,0,0,0,-1,-1,-1,0.000000
7083,0,24,-1,-1,4784,830,62,3,2,0.000000,0.000000,51,744,0,228,0,228,24,-1,-1,0.000000
7084,0,-1,-1,-1,-1,0,-1,-1,-1,-1.000000,-1.000000,133,0,0,0,0,0,-1,-1,-1,0.000000
7085,0,-1,-1,-1,-1,0,-1,-1,-1,-1.000000,-1.000000,263,0,0,0,0,0,-1,-1,-1,0.000000
7086,0,-1,-1,-1,-1,0,-1,-1,-1,-1.000000,-1.000000,111,0,0,0,0,0,-1,-1,-1,0.000000
7087,0,-1,-1,-1,-1,0,-1,-1,-1,-1.000000,-1.000000,183,0,0,0,0,0,-1,-1,-1,0.000000
7088,0,-1,-1,-1,-1,0,-1,-1,-1,-1.000000,-1.000000,411,0,0,0,0,0,-1,-1,-1,0.000000
7089,0,-1,-1,-1,-1,0,-1,-1,-1,-1.000000,-1.000000,287,0,0,0,0,0,-1,-1,-1,0.000000
7090,0,728,-1,-1,1004,3,15,3,4,0.000000,0.000000,85,16,0,1,0,1,728,-1,-1,0.000000
7091,0,-1,-1,-1,-1,0,-1,-1,-1,-1.000000,-1.000000,68,0,0,0,0,0,-1,-1,-1,0.000000
7092,0,-1,-1,-1,-1,0,-1,-1,-1,-1.000000,-1.000000,167,0,0,0,0,0,-1,-1,-1,0.000000
7093,0,-1,-1,-1,-1,0,-1,-1,-1,-1.000000,-1.000000,177,0,0,0,0,0,-1,-1,-1,0.000000
7094,0,-1,-1,-1,-1,0,-1,-1,-1,-1.000000,-1.000000,276,0,0,0,0,0,-1,-1,-1,0.000000
7095,0,-1,-1,-1,-1,0,-1,-1,-1,-1.000000,-1.000000,135,0,0,0,0,0,-1,-1,-1,0.000000
7096,0,-1,-1,-1,-1,0,-1,-1,-1,-1.000000,-1.000000,275,0,0,0,0,0,-1,-1,-1,0.000000
7097,0,-1,-1,-1,-1,0,-1,-1,-1,-1.000000,-1.000000,127,0,0,0,0,0,-1,-1,-1,0.000000
7098,0,-1,-1,-1,-1,0,-1,-1,-1,-1.000000,-1.000000,367,0,0,0,0,0,-1,-1,-1,0.000000
7099,0,-1,-1,-1,-1,0,-1,-1,-1,-1.000000,-1.000000,493,0,0,0,0,0,-1,-1,-1,0.000000
7100,0,-1,-1,-1,-1,0,-1,-1,-1,-1.000000,-1.000000,280,0,0,0,0,0,-1,-1,-1,0.000000
7101,0,24,-1,-1,1248,777,64,3,2,0.000000,0.000000,27,794,0,161,0,161,24,-1,-1,0.000000
7102,0,-1,-1,-1,-1,0,-1,-1,-1,-1.000000,-1.000000,296,0,0,0,0,0,-1,-1,-1,0.000000
7103,0,-1,-1,-1,-1,0,-1,-1,-1,-1.000000,-1.000000,277,0,0,0,0,0,-1,-1,-1,0.000000
7104,0,-1,-1,-1,-1,0,-1,-1,-1,-1.000000,-1.000000,233,0,0,0,0,0,-1,-1,-1,0.000000
7105,0,49,-1,-1,5539,35,50,3,2,0.000000,0.000000,71,68,0,20,0,20,49,-1,-1,0.000000
7106,0,-1,-1,-1,-1,0,-1,-1,-1,-1.000000,-1.000000,437,0,0,0,0,0,-1,-1,-1,0.000000
7107,0,-1,-1,-1,-1,0,-1,-1,-1,-1.000000,-1.000000,284,0,0,0,0,0,-1,-1,-1,0.000000
7108,0,80,-1,-1,4496,75,40,3,4,0.000000,0.000000,66,173,0,45,0,45,80,-1,-1,0.000000
7109,0,-1,-1,-1,-1,0,-1,-1,-1,-1.000000,-1.000000,415,0,0,0,0,0,-1,-1,-1,0.000000
7110,0,-1,-1,-1,-1,0,-1,-1,-1,-1.000000,-1.000000,97,0,0,0,0,0,-1,-1,-1,0.000000
7111,0,-1,-1,-1,-1,0,-1,-1,-1,-1.000000,-1.000000,410,0,0,0,0,0,-1,-1,-1,0.000000
7112,0,-1,-1,-1,-1,0,-1,-1,-1,-1.000000,-1.000000,164,0,0,0,0,0,-1,-1,-1,0.000000
7113,0,-1,-1,-1,-1,0,-1,-1,-1,-1.000000,-1.000000,213,0,0,0,0,0,-1,-1,-1,0.000000
7114,0,-1,-1,-1,-1,0,-1,-1,-1,-1.000000,-1.000000,372,0,0,0,0,0,-1,-1,-1,0.000000
7115,0,-1,-1,-1,-1,0,-1,-1,-1,-1.000000,-1.000000,193,0,0,0,0,0,-1,-1,-1,0.000000
7116,0,67,-1,-1,5419,1,43,3,4,0.000000,0.000000,105,1,0,2,0,2,67,-1,-1,0.000000
7117,0,31,-1,-1,3062,187,56,3,4,0.000000,0.000000,68,286,0,88,0,88,31,-1,-1,0.000000
7118,0,-1,-1,-1,-1,0,-1,-1,-1,-1.000000,-1.000000,462,0,0,0,0,0,-1,-1,-1,0.000000
7119,0,-1,-1,-1,-1,0,-1,-1,-1,-1.000000,-1.000000,387,0,0,0,0,0,-1,-1,-1,0.000000
7120,0,-1,-1,-1,-1,0,-1,-1,-1,-1.000000,-1.000000,287,0,0,0,0,0,-1,-1,-1,0.000000
7121,0,-1,-1,-1,-1,0,-1,-1,-1,-1.000000,-1.000000,233,0,0,0,0,0,-1,-1,-1,0.000000
7122,0,-1,-1,-1,-1,0,-1,-1,-1,-1.000000,-1.000000,121,0,0,0,0,0,-1,-1,-1,0.000000
7123,0,-1,-1,-1,-1,0,-1,-1,-1,-1.000000,-1.000000,242,0,0,0,0,0,-1,-1,-1,0.000000
7124,0,-1,-1,-1,-1,0,-1,-1,-1,-1.000000,-1.000000,229,0,0,0,0,0,-1,-1,-1,0.000000
7125,0,-1,-1,-1,-1,0,-1,-1,-1,-1.000000,-1.000000,89,0,0,0,0,0,-1,-1,-1,0.000000
7126,0,-1,-1,-1,-1,0,-1,-1,-1,-1.000000,-1.000000,103,0,0,0,0,0,-1,-1,-1,0.000000
7127,0,-1,-1,-1,-1,0,-1,-1,-1,-1.000000,-1.000000,87,0,0,0,0,0,-1,-1,-1,0.000000
7128,0,-1,-1,-1,-1,0,-1,-1,-1,-1.000000,-1.000000,111,0,0,0,0,0,-1,-1,-1,0.000000
7129,0,25,-1,-1,300,619,60,3,2,0.000000,0.000000,41,779,0,191,0,191,25,-1,-1,0.000000
7130,0,-1,-1,-1,-1,0,-1,-1,-1,-1.000000,-1.000000,287,0,0,0,0,0,-1,-1,-1,0.000000
7131,0,-1,-1,-1,-1,0,-1,-1,-1,-1.000000,-1.000000,271,0,0,0,0,0,-1,-1,-1,0.000000
7132,0,-1,-1,-1,-1,0,-1,-1,-1,-1.000000,-1.000000,274,0,0,0,0,0,-1,-1,-1,0.000000
7133,0,96,-1,-1,67,36,39,3,4,0.000000,0.000000,103,81,0,18,0,18,96,-1,-1,0.000000
7134,0,-1,-1,-1,-1,0,-1,-1,-1,-1.000000,-1.000000,422,0,0,0,0,0,-1,-1,-1,0.000000
7135,0,80,-1,-1,4474,634,42,3,2,0.000000,0.000000,13,787,0,113,0,113,80,-1,-1,0.000000
7136,0,-1,-1,-1,-1,0,-1,-1,-1,-1.000000,-1.000000,105,0,0,0,0,0,-1,-1,-1,0.000000
7137,0,-1,-1,-1,-1,0,-1,-1,-1,-1.000000,-1.000000,447,0,0,0,0,0,-1,-1,-1,0.000000
7138,0,-1,-1,-1,-1,0,-1,-1,-1,-1.000000,-1.000000,285,0,0,0,0,0,-1,-1,-1,0.000000
7139,0,-1,-1,-1,-1,0,-1,-1,-1,-1.000000,-1.000000,207,0,0,0,0,0,-1,-1,-1,0.000000
7140,0,-1,-1,-1,-1,0,-1,-1,-1,-1.000000,-1.000000,179,0,0,0,0,0,-1,-1,-1,0.000000
7141,0,24,-1,-1,4921,13,66,3,2,0.000000,0.000000,57,54,0,14,0,14,24,-1,-1,0.000000
7142,0,-1,-1,-1,-1,0,-1,-1,-1,-1.000000,-1.000000,442,0,0,0,0,0,-1,-1,-1,0.000000
7143,0,-1,-1,-1,-1,0,-1,-1,-1,-1.000000,-1.000000,176,0,0,0,0,0,-1,-1,-1,0.000000
7144,0,-1,-1,-1,-1,0,-1,-1,-1,-1.000000,-1.000000,173,0,0,0,0,0,-1,-1,-1,0.000000
7145,0,-1,-1,-1,-1,0,-1,-1,-1,-1.000000,-1.000000,130,0,0,0,0,0,-1,-1,-1,0.000000
7146,0,-1,-1,-1,-1,0,-1,-1,-1,-1.000000,-1.000000,151,0,0,0,0,0,-1,-1,-1,0.000000
7147,0,-1,-1,-1,-1,0,-1,-1,-1,-1.000000,-1.000000,359,0,0,0,0,0,-1,-1,-1,0.000000
7148,0,-1,-1,-1,-1,0,-1,-1,-1,-1.000000,-1.000000,187,0,0,0,0,0,-1,-1,-1,0.000000
7149,0,26,-1,-1,1593,437,63,3,4,0.000000,0.000000,55,470,0,159,0,159,26,-1,-1,0.000000
7150,0,22,-1,-1,2251,816,66,3,2,0.000000,0.000000,27,721,0,257,0,257,22,-1,-1,0.000000
7151,0,30,-1,-1,5010,658,56,3,2,0.000000,0.000000,39,623,0,211,0,211,30,-1,-1,0.000000
7152,0,-1,-1,-1,-1,0,-1,-1,-1,-1.000000,-1.000000,171,0,0,0,0,0,-1,-1,-1,0.000000
7153,0,-1,-1,-1,-1,0,-1,-1,-1,-1.000000,-1.000000,101,0,0,0,0,0,-1,-1,-1,0.000000
7154,0,-1,-1,-1,-1,0,-1,-1,-1,-1.000000,-1.000000,233,0,0,0,0,0,-1,-1,-1,0.000000
7155,0,-1,-1,-1,-1,0,-1,-1,-1,-1.000000,-1.000000,354,0,0,0,0,0,-1,-1,-1,0.000000
7156,0,-1,-1,-1,-1,0,-1,-1,-1,-1.000000,-1.000000,241,0,0,0,0,0,-1,-1,-1,0.000000
7157,0,-1,-1,-1,-1,0,-1,-1,-1,-1.000000,-1.000000,145,0,0,0,0,0,-1,-1,-1,0.000000
7158,0,-1,-1,-1,-1,0,-1,-1,-1,-1.000000,-1.000000,117,0,0,0,0,0,-1,-1,-1,0.000000
7159,0,-1,-1,-1,-1,0,-1,-1,-1,-1.000000,-1.000000,361,0,0,0,0,0,-1,-1,-1,0.000000
7160,0,-1,-1,-1,-1,0,-1,-1,-1,-1.000000,-1.000000,350,0,0,0,0,0,-1,-1,-1,0.000000
7161,0,-1,-1,-1,-1,0,-1,-1,-1,-1.000000,-1.000000,259,0,0,0,0,0,-1,-1,-1,0.000000
7162,0,-1,-1,-1,-1,0,-1,-1,-1,-1.000000,-1.000000,283,0,0,0,0,0,-1,-1,-1,0.000000
7163,0,-1,-1,-1,-1,0,-1,-1,-1,-1.000000,-1.000000,103,0,0,0,0,0,-1,-1,-1,0.000000
7164,0,22,-1,-1,7014,726,66,3,2,0.000000,0.000000,15,796,0,182,0,182,22,-1,-1,0.000000
7165,0,-1,-1,-1,-1,0,-1,-1,-1,-1.000000,-1.000000,137,0,0,0,0,0,-1,-1,-1,0.000000
7166,0,-1,-1,-1,-1,0,-1,-1,-1,-1.000000,-1.000000,139,0,0,0,0,0,-1,-1,-1,0.000000
7167,0,-1,-1,-1,-1,0,-1,-1,-1,-1.000000,-1.000000,255,0,0,0,0,0,-1,-1,-1,0.000000
7168,0,-1,-1,-1,-1,0,-1,-1,-1,-1.000000,-1.000000,247,0,0,0,0,0,-1,-1,-1,0.000000
7169,0,-1,-1,-1,-1,0,-1,-1,-1,-1.000000,-1.000000,295,0,0,0,0,0,-1,-1,-1,0.000000
7170,0,-1,-1,-1,-1,0,-1,-1,-1,-1.000000,-1.000000,353,0,0,0,0,0,-1,-1,-1,0.000000
7171,0,-1,-1,-1,-1,0,-1,-1,-1,-1.000000,-1.000000,134,0,0,0,0,0,-1,-1,-1,0.000000
7172,0,-1,-1,-1,-1,0,-1,-1,-1,-1.000000,-1.000000,389,0,0,0,0,0,-1,-1,-1,0.000000
7173,0,-1,-1,-1,-1,0,-1,-1,-1,-1.000000,-1.000000,287,0,0,0,0,0,-1,-1,-1,0.000000
7174,0,-1,-1,-1,-1,0,-1,-1,-1,-1.000000,-1.000000,115,0,0,0,0,0,-1,-1,-1,0.000000
7175,0,-1,-1,-1,-1,0,-1,-1,-1,-1.000000,-1.000000,342,0,0,0,0,0,-1,-1,-1,0.000000
7176,0,63,-1,-1,4117,0,45,3,4,0.000000,0.000000,101,0,0,1,0,1,63,-1,-1,0.000000
7177,0,65,-1,-1,7123,793,46,3,2,0.000000,0.000000,41,768,0,158,0,158,65,-1,-1,0.000000
7178,0,28,-1,-1,3596,116,59,3,4,0.000000,0.000000,79,222,0,90,0,90,28,-1,-1,0.000000
7179,0,-1,-1,-1,-1,0,-1,-1,-1,-1.000000,-1.000000,167,0,0,0,0,0,-1,-1,-1,0.000000
7180,0,-1,-1,-1,-1,0,-1,-1,-1,-1.000000,-1.000000,397,0,0,0,0,0,-1,-1,-1,0.000000
7181,0,28,-1,-1,5276,156,59,3,4,0.000000,0.000000,55,230,0,65,0,65,28,-1,-1,0.000000
7182,0,-1,-1,-1,-1,0,-1,-1,-1,-1.000000,-1.000000,517,0,0,0,0,0,-1,-1,-1,0.000000
7183,0,-1,-1,-1,-1,0,-1,-1,-1,-1.000000,-1.000000,231,0,0,0,0,0,-1,-1,-1,0.000000
7184,0,-1,-1,-1,-1,0,-1,-1,-1,-1.000000,-1.000000,153,0,0,0,0,0,-1,-1,-1,0.000000
7185,0,38,-1,-1,4299,772,53,3,4,0.000000,0.000000,51,800,0,153,0,153,38,-1,-1,0.000000
7186,0,-1,-1,-1,-1,0,-1,-1,-1,-1.000000,-1.000000,217,0,0,0,0,0,-1,-1,-1,0.000000
7187,0,-1,-1,-1,-1,0,-1,-1,-1,-1.000000,-1.000000,309,0,0,0,0,0,-1,-1,-1,0.000000
7188,0,249,-1,-1,4401,0,26,3,2,0.000000,0.000000,69,4,0,2,0,2,249,-1,-1,0.000000
7189,0,-1,-1,-1,-1,0,-1,-1,-1,-1.000000,-1.000000,95,0,0,0,0,0,-1,-1,-1,0.000000
7190,0,-1,-1,-1,-1,0,-1,-1,-1,-1.000000,-1.000000,97,0,0,0,0,0,-1,-1,-1,0.000000
7191,0,-1,-1,-1,-1,0,-1,-1,-1,-1.000000,-1.000000,191,0,0,0,0,0,-1,-1,-1,0.000000
7192,0,212,-1,-1,6641,0,28,3,2,0.000000,0.000000,105,1,0,0,0,0,212,-1,-1,0.000000
7193,0,-1,-1,-1,-1,0,-1,-1,-1,-1.000000,-1.000000,367,0,0,0,0,0,-1,-1,-1,0.000000
7194,0,-1,-1,-1,-1,0,-1,-1,-1,-1.000000,-1.000000,254,0,0,0,0,0,-1,-1,-1,0.000000
7195,0,-1,-1,-1,-1,0,-1,-1,-1,-1.000000,-1.000000,257,0,0,0,0,0,-1,-1,-1,0.000000
7196,0,-1,-1,-1,-1,0,-1,-1,-1,-1.000000,-1.000000,209,0,0,0,0,0,-1,-1,-1,0.000000
7197,0,-1,-1,-1,-1,0,-1,-1,-1,-1.000000,-1.000000,189,0,0,0,0,0,-1,-1,-1,0.000000
7198,0,-1,-1,-1,-1,0,-1,-1,-1,-1.000000,-1.000000,498,0,0,0,0,0,-1,-1,-1,0.000000
7199,0,-1,-1,-1,-1,0,-1,-1,-1,-1.000000,-1.000000,199,0,0,0,0,0,-1,-1,-1,0.000000
7200,0,-1,-1,-1,-1,0,-1,-1,-1,-1.000000,-1.000000,134,0,0,0,0,0,-1,-1,-1,0.000000
7201,0,-1,-1,-1,-1,0,-1,-1,-1,-1.000000,-1.000000,106,0,0,0,0,0,-1,-1,-1,0.000000
7202,0,-1,-1,-1,-1,0,-1,-1,-1,-1.000000,-1.000000,379,0,0,0,0,0,-1,-1,-1,0.000000
7203,0,-1,-1,-1,-1,0,-1,-1,-1,-1.000000,-1.000000,293,0,0,0,0,0,-1,-1,-1,0.000000
7204,0,273,-1,-1,2484,156,25,3,4,0.000000,0.000000,75,316,0,33,0,33,273,-1,-1,0.000000
7205,0,-1,-1,-1,-1,0,-1,-1,-1,-1.000000,-1.000000,137,0,0,0,0,0,-1,-1,-1,0.000000
7206,0,-1,-1,-1,-1,0,-1,-1,-1,-1.000000,-1.000000,407,0,0,0,0,0,-1,-1,-1,0.000000
7207,0,34,-1,-1,5088,120,53,3,4,0.000000,0.000000,57,265,0,55,0,55,34,-1,-1,0.000000
7208,0,-1,-1,-1,-1,0,-1,-1,-1,-1.000000,-1.000000,311,0,0,0,0,0,-1,-1,-1,0.000000
7209,0,-1,-1,-1,-1,0,-1,-1,-1,-1.000000,-1.000000,315,0,0,0,0,0,-1,-1,-1,0.000000
7210,0,-1,-1,-1,-1,0,-1,-1,-1,-1.000000,-1.000000,240,0,0,0,0,0,-1,-1,-1,0.000000
7211,0,-1,-1,-1,-1,0,-1,-1,-1,-1.000000,-1.000000,155,0,0,0,0,0,-1,-1,-1,0.000000
7212,0,-1,-1,-1,-1,0,-1,-1,-1,-1.000000,-1.000000,187,0,0,0,0,0,-1,-1,-1,0.000000
7213,0,-1,-1,-1,-1,0,-1,-1,-1,-1.000000,-1.000000,453,0,0,0,0,0,-1,-1,-1,0.000000
7214,0,-1,-1,-1,-1,0,-1,-1,-1,-1.000000,-1.000000,249,0,0,0,0,0,-1,-1,-1,0.000000
7215,0,-1,-1,-1,-1,0,-1,-1,-1,-1.000000,-1.000000,342,0,0,0,0,0,-1,-1,-1,0.000000
7216,0,624,-1,-1,51,80,21,3,2,0.000000,0.000000,20,160,0,15,0,15,624,-1,-1,0.000000
7217,0,-1,-1,-1,-1,0,-1,-1,-1,-1.000000,-1.000000,211,0,0,0,0,0,-1,-1,-1,0.000000
7218,0,35,-1,-1,5733,79,52,3,2,0.000000,0.000000,57,149,0,55,0,55,35,-1,-1,0.000000
7219,0,-1,-1,-1,-1,0,-1,-1,-1,-1.000000,-1.000000,243,0,0,0,0,0,-1,-1,-1,0.000000
7220,0,-1,-1,-1,-1,0,-1,-1,-1,-1.000000,-1.000000,139,0,0,0,0,0,-1,-1,-1,0.000000
7221,0,-1,-1,-1,-1,0,-1,-1,-1,-1.000000,-1.000000,175,0,0,0,0,0,-1,-1,-1,0.000000
7222,0,-1,-1,-1,-1,0,-1,-1,-1,-1.000000,-1.000000,285,0,0,0,0,0,-1,-1,-1,0.000000
7223,0,-1,-1,-1,-1,0,-1,-1,-1,-1.000000,-1.000000,183,0,0,0,0,0,-1,-1,-1,0.000000
7224,0,-1,-1,-1,-1,0,-1,-1,-1,-1.000000,-1.000000,314,0,0,0,0,0,-1,-1,-1,0.000000
7225,0,-1,-1,-1,-1,0,-1,-1,-1,-1.000000,-1.000000,241,0,0,0,0,0,-1,-1,-1,0.000000
7226,0,-1,-1,-1,-1,0,-1,-1,-1,-1.000000,-1.000000,101,0,0,0,0,0,-1,-1,-1,0.000000
7227,0,35,-1,-1,7842,70,55,3,4,0.000000,0.000000,107,161,0,68,0,68,35,-1,-1,0.000000
7228,0,26,-1,-1,2677,828,62,3,2,0.000000,0.000000,35,712,0,258,0,258,26,-1,-1,0.000000
7229,0,28,-1,-1,1540,295,58,3,2,0.000000,0.000000,71,424,0,111,0,111,28,-1,-1,0.000000
7230,0,-1,-1,-1,-1,0,-1,-1,-1,-1.000000,-1.000000,177,0,0,0,0,0,-1,-1,-1,0.000000
7231,0,25,-1,-1,3173,730,63,3,4,0.000000,0.000000,39,698,0,222,0,222,25,-1,-1,0.000000
7232,0,-1,-1,-1,-1,0,-1,-1,-1,-1.000000,-1.000000,262,0,0,0,0,0,-1,-1,-1,0.000000
7233,0,122,-1,-1,2352,7,35,3,4,0.000000,0.000000,99,30,0,8,0,8,122,-1,-1,0.000000
7234,0,-1,-1,-1,-1,0,-1,-1,-1,-1.000000,-1.000000,142,0,0,0,0,0,-1,-1,-1,0.000000
7235,0,-1,-1,-1,-1,0,-1,-1,-1,-1.000000,-1.000000,227,0,0,0,0,0,-1,-1,-1,0.000000
7236,0,-1,-1,-1,-1,0,-1,-1,-1,-1.000000,-1.000000,301,0,0,0,0,0,-1,-1,-1,0.000000
7237,0,121,-1,-1,5494,600,38,3,2,0.000000,0.000000,17,767,0,111,0,111,121,-1,-1,0.000000
7238,0,-1,-1,-1,-1,0,-1,-1,-1,-1.000000,-1.000000,123,0,0,0,0,0,-1,-1,-1,0.000000
7239,0,104,-1,-1,3748,1,37,3,4,0.000000,0.000000,77,15,0,2,0,2,104,-1,-1,0.000000
7240,0,-1,-1,-1,-1,0,-1,-1,-1,-1.000000,-1.000000,188,0,0,0,0,0,-1,-1,-1,0.000000
7241,0,88,-1,-1,5273,58,41,3,4,0.000000,0.000000,89,143,0,43,0,43,88,-1,-1,0.000000
7242,0,-1,-1,-1,-1,0,-1,-1,-1,-1.000000,-1.000000,261,0,0,0,0,0,-1,-1,-1,0.000000
7243,0,152,-1,-1,4227,51,32,3,4,0.000000,0.000000,102,132,0,38,0,38,152,-1,-1,0.000000
7244,0,-1,-1,-1,-1,0,-1,-1,-1,-1.000000,-1.000000,89,0,0,0,0,0,-1,-1,-1,0.000000
7245,0,90,-1,-1,2113,0,39,3,4,0.000000,0.000000,83,3,0,1,0,1,90,-1,-1,0.000000
7246,0,-1,-1,-1,-1,0,-1,-1,-1,-1.000000,-1.000000,284,0,0,0,0,0,-1,-1,-1,0.000000
7247,0,-1,-1,-1,-1,0,-1,-1,-1,-1.000000,-1.000000,414,0,0,0,0,0,-1,-1,-1,0.000000
7248,0,-1,-1,-1,-1,0,-1,-1,-1,-1.000000,-1.000000,462,0,0,0,0,0,-1,-1,-1,0.000000
7249,0,-1,-1,-1,-1,0,-1,-1,-1,-1.000000,-1.000000,291,0,0,0,0,0,-1,-1,-1,0.000000
7250,0,982,-1,-1,5658,0,14,3,4,0.000000,0.000000,122,1,0,0,0,0,982,-1,-1,0.000000
7251,0,-1,-1,-1,-1,0,-1,-1,-1,-1.000000,-1.000000,463,0,0,0,0,0,-1,-1,-1,0.000000
7252,0,-1,-1,-1,-1,0,-1,-1,-1,-1.000000,-1.000000,437,0,0,0,0,0,-1,-1,-1,0.000000
7253,0,-1,-1,-1,-1,0,-1,-1,-1,-1.000000,-1.000000,113,0,0,0,0,0,-1,-1,-1,0.000000
7254,0,-1,-1,-1,-1,0,-1,-1,-1,-1.000000,-1.000000,323,0,0,0,0,0,-1,-1,-1,0.000000
7255,0,-1,-1,-1,-1,0,-1,-1,-1,-1.000000,-1.000000,296,0,0,0,0,0,-1,-1,-1,0.000000
7256,0,22,-1,-1,994,453,65,3,4,0.000000,0.000000,39,604,0,98,0,98,22,-1,-1,0.000000
7257,0,-1,-1,-1,-1,0,-1,-1,-1,-1.000000,-1.000000,447,0,0,0,0,0,-1,-1,-1,0.000000
7258,0,-1,-1,-1,-1,0,-1,-1,-1,-1.000000,-1.000000,107,0,0,0,0,0,-1,-1,-1,0.000000
7259,0,-1,-1,-1,-1,0,-1,-1,-1,-1.000000,-1.000000,181,0,0,0,0,0,-1,-1,-1,0.000000
7260,0,-1,-1,-1,-1,0,-1,-1,-1,-1.000000,-1.000000,263,0,0,0,0,0,-1,-1,-1,0.000000
7261,0,-1,-1,-1,-1,0,-1,-1,-1,-1.000000,-1.000000,360,0,0,0,0,0,-1,-1,-1,0.000000
7262,0,-1,-1,-1,-1,0,-1,-1,-1,-1.000000,-1.000000,129,0,0,0,0,0,-1,-1,-1,0.000000
7263,0,-1,-1,-1,-1,0,-1,-1,-1,-1.000000,-1.000000,223,0,0,0,0,0,-1,-1,-1,0.000000
7264,0,22,-1,-1,7801,646,65,3,4,0.000000,0.000000,19,778,0,200,0,200,22,-1,-1,0.000000
7265,0,-1,-1,-1,-1,0,-1,-1,-1,-1.000000,-1.000000,201,0,0,0,0,0,-1,-1,-1,0.000000
7266,0,150,-1,-1,3461,725,35,3,2,0.000000,0.000000,24,733,0,89,0,89,150,-1,-1,0.000000
7267,0,-1,-1,-1,-1,0,-1,-1,-1,-1.000000,-1.000000,139,0,0,0,0,0,-1,-1,-1,0.000000
7268,0,-1,-1,-1,-1,0,-1,-1,-1,-1.000000,-1.000000,269,0,0,0,0,0,-1,-1,-1,0.000000
7269,0,-1,-1,-1,-1,0,-1,-1,-1,-1.000000,-1.000000,332,0,0,0,0,0,-1,-1,-1,0.000000
7270,0,-1,-1,-1,-1,0,-1,-1,-1,-1.000000,-1.000000,171,0,0,0,0,0,-1,-1,-1,0.000000
7271,0,-1,-1,-1,-1,0,-1,-1,-1,-1.000000,-1.000000,258,0,0,0,0,0,-1,-1,-1,0.000000
7272,0,-1,-1,-1,-1,0,-1,-1,-1,-1.000000,-1.000000,329,0,0,0,0,0,-1,-1,-1,0.000000
7273,0,478,-1,-1,1622,9,18,3,4,0.000000,0.000000,86,19,0,8,0,8,478,-1,-1,0.000000
7274,0,82,-1,-1,5056,1,40,3,2,0.000000,0.000000,67,5,0,2,0,2,82,-1,-1,0.000000
7275,0,826,-1,-1,4002,17,14,3,4,0.000000,0.000000,74,33,0,10,0,10,826,-1,-1,0.000000
7276,0,-1,-1,-1,-1,0,-1,-1,-1,-1.000000,-1.000000,129,0,0,0,0,0,-1,-1,-1,0.000000
7277,0,164,-1,-1,3814,1,32,3,2,0.000000,0.000000,99,4,0,1,0,1,164,-1,-1,0.000000
7278,0,-1,-1,-1,-1,0,-1,-1,-1,-1.000000,-1.000000,463,0,0,0,0,0,-1,-1,-1,0.000000
7279,0,-1,-1,-1,-1,0,-1,-1,-1,-1.000000,-1.000000,152,0,0,0,0,0,-1,-1,-1,0.000000
7280,0,-1,-1,-1,-1,0,-1,-1,-1,-1.000000,-1.000000,93,0,0,0,0,0,-1,-1,-1,0.000000
7281,0,-1,-1,-1,-1,0,-1,-1,-1,-1.000000,-1.000000,440,0,0,0,0,0,-1,-1,-1,0.000000
7282,0,-1,-1,-1,-1,0,-1,-1,-1,-1.000000,-1.000000,125,0,0,0,0,0,-1,-1,-1,0.000000
7283,0,-1,-1,-1,-1,0,-1,-1,-1,-1.000000,-1.000000,294,0,0,0,0,0,-1,-1,-1,0.000000
7284,0,-1,-1,-1,-1,0,-1,-1,-1,-1.000000,-1.000000,481,0,0,0,0,0,-1,-1,-1,0.000000
7285,0,-1,-1,-1,-1,0,-1,-1,-1,-1.000000,-1.000000,264,0,0,0,0,0,-1,-1,-1,0.000000
7286,0,25,-1,-1,2822,638,62,3,2,0.000000,0.000000,23,766,0,209,0,209,25,-1,-1,0.000000
7287,0,-1,-1,-1,-1,0,-1,-1,-1,-1.000000,-1.000000,391,0,0,0,0,0,-1,-1,-1,0.000000
7288,0,-1,-1,-1,-1,0,-1,-1,-1,-1.000000,-1.000000,151,0,0,0,0,0,-1,-1,-1,0.000000
7289,0,-1,-1,-1,-1,0,-1,-1,-1,-1.000000,-1.000000,189,0,0,0,0,0,-1,-1,-1,0.000000
7290,0,20,-1,-1,1584,803,67,3,4,0.000000,0.000000,25,769,0,186,0,186,20,-1,-1,0.000000
7291,0,-1,-1,-1,-1,0,-1,-1,-1,-1.000000,-1.000000,79,0,0,0,0,0,-1,-1,-1,0.000000
7292,0,-1,-1,-1,-1,0,-1,-1,-1,-1.000000,-1.000000,235,0,0,0,0,0,-1,-1,-1,0.000000
7293,0,-1,-1,-1,-1,0,-1,-1,-1,-1.000000,-1.000000,239,0,0,0,0,0,-1,-1,-1,0.000000
7294,0,-1,-1,-1,-1,0,-1,-1,-1,-1.000000,-1.000000,145,0,0,0,0,0,-1,-1,-1,0.000000
7295,0,-1,-1,-1,-1,0,-1,-1,-1,-1.000000,-1.000000,427,0,0,0,0,0,-1,-1,-1,0.000000
7296,0,-1,-1,-1,-1,0,-1,-1,-1,-1.000000,-1.000000,404,0,0,0,0,0,-1,-1,-1,0.000000
7297,0,21,-1,-1,4428,671,67,3,4,0.000000,0.000000,31,817,0,159,0,159,21,-1,-1,0.000000
7298,0,-1,-1,-1,-1,0,-1,-1,-1,-1.000000,-1.000000,391,0,0,0,0,0,-1,-1,-1,0.000000
7299,0,22,-1,-1,2229,689,65,3,4,0.000000,0.000000,23,750,0,226,0,226,22,-1,-1,0.000000
7300,0,-1,-1,-1,-1,0,-1,-1,-1,-1.000000,-1.000000,480,0,0,0,0,0,-1,-1,-1,0.000000
7301,0,-1,-1,-1,-1,0,-1,-1,-1,-1.000000,-1.000000,283,0,0,0,0,0,-1,-1,-1,0.000000
7302,0,-1,-1,-1,-1,0,-1,-1,-1,-1.000000,-1.000000,252,0,0,0,0,0,-1,-1,-1,0.000000
7303,0,-1,-1,-1,-1,0,-1,-1,-1,-1.000000,-1.000000,265,0,0,0,0,0,-1,-1,-1,0.000000
7304,0,-1,-1,-1,-1,0,-1,-1,-1,-1.000000,-1.000000,251,0,0,0,0,0,-1,-1,-1,0.000000
7305,0,34,-1,-1,128,714,55,3,2,0.000000,0.000000,48,686,0,165,0,165,34,-1,-1,0.000000
7306,0,-1,-1,-1,-1,0,-1,-1,-1,-1.000000,-1.000000,175,0,0,0,0,0,-1,-1,-1,0.000000
7307,0,-1,-1,-1,-1,0,-1,-1,-1,-1.000000,-1.000000,462,0,0,0,0,0,-1,-1,-1,0.000000
7308,0,-1,-1,-1,-1,0,-1,-1,-1,-1.000000,-1.000000,223,0,0,0,0,0,-1,-1,-1,0.000000
7309,0,-1,-1,-1,-1,0,-1,-1,-1,-1.000000,-1.000000,197,0,0,0,0,0,-1,-1,-1,0.000000
7310,0,27,-1,-1,3214,784,60,3,2,0.000000,0.000000,53,736,0,198,0,198,27,-1,-1,0.000000
7311,0,-1,-1,-1,-1,0,-1,-1,-1,-1.000000,-1.000000,244,0,0,0,0,0,-1,-1,-1,0.000000
7312,0,-1,-1,-1,-1,0,-1,-1,-1,-1.000000,-1.000000,171,0,0,0,0,0,-1,-1,-1,0.000000
7313,0,-1,-1,-1,-1,0,-1,-1,-1,-1.000000,-1.000000,385,0,0,0,0,0,-1,-1,-1,0.000000
7314,0,24,-1,-1,4294,820,62,3,2,0.000000,0.000000,21,745,0,227,0,227,24,-1,-1,0.000000
7315,0,-1,-1,-1,-1,0,-1,-1,-1,-1.000000,-1.000000,523,0,0,0,0,0,-1,-1,-1,0.000000
7316,0,-1,-1,-1,-1,0,-1,-1,-1,-1.000000,-1.000000,202,0,0,0,0,0,-1,-1,-1,0.000000
7317,0,284,-1,-1,7147,161,27,3,4,0.000000,0.000000,83,265,0,63,0,63,284,-1,-1,0.000000
7318,0,-1,-1,-1,-1,0,-1,-1,-1,-1.000000,-1.000000,295,0,0,0,0,0,-1,-1,-1,0.000000
7319,0,-1,-1,-1,-1,0,-1,-1,-1,-1.000000,-1.000000,350,0,0,0,0,0,-1,-1,-1,0.000000
7320,0,-1,-1,-1,-1,0,-1,-1,-1,-1.000000,-1.000000,137,0,0,0,0,0,-1,-1,-1,0.000000
7321,0,-1,-1,-1,-1,0,-1,-1,-1,-1.000000,-1.000000,141,0,0,0,0,0,-1,-1,-1,0.000000
7322,0,-1,-1,-1,-1,0,-1,-1,-1,-1.000000,-1.000000,175,0,0,0,0,0,-1,-1,-1,0.000000
7323,0,-1,-1,-1,-1,0,-1,-1,-1,-1.000000,-1.000000,129,0,0,0,0,0,-1,-1,-1,0.000000
7324,0,-1,-1,-1,-1,0,-1,-1,-1,-1.000000,-1.000000,423,0,0,0,0,0,-1,-1,-1,0.000000
7325,0,-1,-1,-1,-1,0,-1,-1,-1,-1.000000,-1.000000,301,0,0,0,0,0,-1,-1,-1,0.000000
7326,0,-1,-1,-1,-1,0,-1,-1,-1,-1.000000,-1.000000,111,0,0,0,0,0,-1,-1,-1,0.000000
7327,0,-1,-1,-1,-1,0,-1,-1,-1,-1.000000,-1.000000,365,0,0,0,0,0,-1,-1,-1,0.000000
7328,0,-1,-1,-1,-1,0,-1,-1,-1,-1.000000,-1.000000,170,0,0,0,0,0,-1,-1,-1,0.000000
7329,0,24,-1,-1,3746,615,65,3,4,0.000000,0.000000,45,684,0,117,0,117,24,-1,-1,0.000000
7330,0,-1,-1,-1,-1,0,-1,-1,-1,-1.000000,-1.000000,347,0,0,0,0,0,-1,-1,-1,0.000000
7331,0,-1,-1,-1,-1,0,-1,-1,-1,-1.000000,-1.000000,91,0,0,0,0,0,-1,-1,-1,0.000000
7332,0,-1,-1,-1,-1,0,-1,-1,-1,-1.000000,-1.000000,125,0,0,0,0,0,-1,-1,-1,0.000000
7333,0,-1,-1,-1,-1,0,-1,-1,-1,-1.000000,-1.000000,244,0,0,0,0,0,-1,-1,-1,0.000000
7334,0,57,-1,-1,4349,24,48,3,2,0.000000,0.000000,97,95,0,20,0,20,57,-1,-1,0.000000
7335,0,-1,-1,-1,-1,0,-1,-1,-1,-1.000000,-1.000000,143,0,0,0,0,0,-1,-1,-1,0.000000
7336,0,-1,-1,-1,-1,0,-1,-1,-1,-1.000000,-1.000000,303,0,0,0,0,0,-1,-1,-1,0.000000
7337,0,-1,-1,-1,-1,0,-1,-1,-1,-1.000000,-1.000000,272,0,0,0,0,0,-1,-1,-1,0.000000
7338,0,23,-1,-1,2356,770,64,3,2,0.000000,0.000000,43,732,0,243,0,243,23,-1,-1,0.000000
7339,0,-1,-1,-1,-1,0,-1,-1,-1,-1.000000,-1.000000,215,0,0,0,0,0,-1,-1,-1,0.000000
7340,0,-1,-1,-1,-1,0,-1,-1,-1,-1.000000,-1.000000,193,0,0,0,0,0,-1,-1,-1,0.000000
7341,0,-1,-1,-1,-1,0,-1,-1,-1,-1.000000,-1.000000,83,0,0,0,0,0,-1,-1,-1,0.000000
7342,0,-1,-1,-1,-1,0,-1,-1,-1,-1.000000,-1.000000,319,0,0,0,0,0,-1,-1,-1,0.000000
7343,0,-1,-1,-1,-1,0,-1,-1,-1,-1.000000,-1.000000,492,0,0,0,0,0,-1,-1,-1,0.000000
7344,0,282,-1,-1,1241,33,27,3,2,0.000000,0.000000,56,88,0,24,0,24,282,-1,-1,0.000000
7345,0,-1,-1,-1,-1,0,-1,-1,-1,-1.000000,-1.000000,173,0,0,0,0,0,-1,-1,-1,0.000000
7346,0,-1,-1,-1,-1,0,-1,-1,-1,-1.000000,-1.000000,358,0,0,0,0,0,-1,-1,-1,0.000000
7347,0,448,-1,-1,2263,64,20,3,4,0.000000,0.000000,62,157,0,33,0,33,448,-1,-1,0.000000
7348,0,26,-1,-1,856,733,62,3,2,0.000000,0.000000,43,701,0,235,0,235,26,-1,-1,0.000000
7349,0,-1,-1,-1,-1,0,-1,-1,-1,-1.000000,-1.000000,309,0,0,0,0,0,-1,-1,-1,0.000000
7350,0,30,-1,-1,3617,633,58,3,2,0.000000,0.000000,31,819,0,149,0,149,30,-1,-1,0.000000
7351,0,22,-1,-1,1584,531,65,3,4,0.000000,0.000000,49,610,0,139,0,139,22,-1,-1,0.000000
7352,0,-1,-1,-1,-1,0,-1,-1,-1,-1.000000,-1.000000,169,0,0,0,0,0,-1,-1,-1,0.000000
7353,0,-1,-1,-1,-1,0,-1,-1,-1,-1.000000,-1.000000,140,0,0,0,0,0,-1,-1,-1,0.000000
7354,0,-1,-1,-1,-1,0,-1,-1,-1,-1.000000,-1.000000,213,0,0,0,0,0,-1,-1,-1,0.000000
7355,0,-1,-1,-1,-1,0,-1,-1,-1,-1.000000,-1.000000,235,0,0,0,0,0,-1,-1,-1,0.000000
7356,0,-1,-1,-1,-1,0,-1,-1,-1,-1.000000,-1.000000,331,0,0,0,0,0,-1,-1,-1,0.000000
7357,0,-1,-1,-1,-1,0,-1,-1,-1,-1.000000,-1.000000,144,0,0,0,0,0,-1,-1,-1,0.000000
7358,0,-1,-1,-1,-1,0,-1,-1,-1,-1.000000,-1.000000,241,0,0,0,0,0,-1,-1,-1,0.000000
7359,0,-1,-1,-1,-1,0,-1,-1,-1,-1.000000,-1.000000,169,0,0,0,0,0,-1,-1,-1,0.000000
7360,0,-1,-1,-1,-1,0,-1,-1,-1,-1.000000,-1.000000,123,0,0,0,0,0,-1,-1,-1,0.000000
7361,0,-1,-1,-1,-1,0,-1,-1,-1,-1.000000,-1.000000,267,0,0,0,0,0,-1,-1,-1,0.000000
7362,0,-1,-1,-1,-1,0,-1,-1,-1,-1.000000,-1.000000,49,0,0,0,0,0,-1,-1,-1,0.000000
7363,0,-1,-1,-1,-1,0,-1,-1,-1,-1.000000,-1.000000,467,0,0,0,0,0,-1,-1,-1,0.000000
7364,0,-1,-1,-1,-1,0,-1,-1,-1,-1.000000,-1.000000,243,0,0,0,0,0,-1,-1,-1,0.000000
7365,0,-1,-1,-1,-1,0,-1,-1,-1,-1.000000,-1.000000,107,0,0,0,0,0,-1,-1,-1,0.000000
7366,0,29,-1,-1,6242,627,57,3,4,0.000000,0.000000,59,665,0,214,0,214,29,-1,-1,0.000000
7367,0,-1,-1,-1,-1,0,-1,-1,-1,-1.000000,-1.000000,187,0,0,0,0,0,-1,-1,-1,0.000000
7368,0,-1,-1,-1,-1,0,-1,-1,-1,-1.000000,-1.000000,139,0,0,0,0,0,-1,-1,-1,0.000000
7369,0,-1,-1,-1,-1,0,-1,-1,-1,-1.000000,-1.000000,289,0,0,0,0,0,-1,-1,-1,0.000000
7370,0,-1,-1,-1,-1,0,-1,-1,-1,-1.000000,-1.000000,131,0,0,0,0,0,-1,-1,-1,0.000000
7371,0,-1,-1,-1,-1,0,-1,-1,-1,-1.000000,-1.000000,145,0,0,0,0,0,-1,-1,-1,0.000000
7372,0,-1,-1,-1,-1,0,-1,-1,-1,-1.000000,-1.000000,203,0,0,0,0,0,-1,-1,-1,0.000000
7373,0,-1,-1,-1,-1,0,-1,-1,-1,-1.000000,-1.000000,111,0,0,0,0,0,-1,-1,-1,0.000000
7374,0,19,-1,-1,4949,613,67,3,4,0.000000,0.000000,39,728,0,252,0,252,19,-1,-1,0.000000
7375,0,-1,-1,-1,-1,0,-1,-1,-1,-1.000000,-1.000000,83,0,0,0,0,0,-1,-1,-1,0.000000
7376,0,-1,-1,-1,-1,0,-1,-1,-1,-1.000000,-1.000000,427,0,0,0,0,0,-1,-1,-1,0.000000
7377,0,-1,-1,-1,-1,0,-1,-1,-1,-1.000000,-1.000000,151,0,0,0,0,0,-1,-1,-1,0.000000
7378,0,-1,-1,-1,-1,0,-1,-1,-1,-1.000000,-1.000000,223,0,0,0,0,0,-1,-1,-1,0.000000
7379,0,-1,-1,-1,-1,0,-1,-1,-1,-1.000000,-1.000000,296,0,0,0,0,0,-1,-1,-1,0.000000
7380,0,-1,-1,-1,-1,0,-1,-1,-1,-1.000000,-1.000000,357,0,0,0,0,0,-1,-1,-1,0.000000
7381,0,-1,-1,-1,-1,0,-1,-1,-1,-1.000000,-1.000000,187,0,0,0,0,0,-1,-1,-1,0.000000
7382,0,-1,-1,-1,-1,0,-1,-1,-1,-1.000000,-1.000000,503,0,0,0,0,0,-1,-1,-1,0.000000
7383,0,-1,-1,-1,-1,0,-1,-1,-1,-1.000000,-1.000000,215,0,0,0,0,0,-1,-1,-1,0.000000
7384,0,-1,-1,-1,-1,0,-1,-1,-1,-1.000000,-1.000000,137,0,0,0,0,0,-1,-1,-1,0.000000
7385,0,-1,-1,-1,-1,0,-1,-1,-1,-1.000000,-1.000000,169,0,0,0,0,0,-1,-1,-1,0.000000
7386,0,-1,-1,-1,-1,0,-1,-1,-1,-1.000000,-1.000000,137,0,0,0,0,0,-1,-1,-1,0.000000
7387,0,-1,-1,-1,-1,0,-1,-1,-1,-1.000000,-1.000000,171,0,0,0,0,0,-1,-1,-1,0.000000
7388,0,-1,-1,-1,-1,0,-1,-1,-1,-1.000000,-1.000000,455,0,0,0,0,0,-1,-1,-1,0.000000
7389,0,-1,-1,-1,-1,0,-1,-1,-1,-1.000000,-1.000000,427,0,0,0,0,0,-1,-1,-1,0.000000
7390,0,26,-1,-1,1842,853,62,3,2,0.000000,0.000000,47,743,0,219,0,219,26,-1,-1,0.000000
7391,0,-1,-1,-1,-1,0,-1,-1,-1,-1.000000,-1.000000,207,0,0,0,0,0,-1,-1,-1,0.000000
7392,0,-1,-1,-1,-1,0,-1,-1,-1,-1.000000,-1.000000,462,0,0,0,0,0,-1,-1,-1,0.000000
7393,0,49,-1,-1,4373,16,48,3,2,0.000000,0.000000,85,54,0,20,0,20,49,-1,-1,0.000000
7394,0,-1,-1,-1,-1,0,-1,-1,-1,-1.000000,-1.000000,463,0,0,0,0,0,-1,-1,-1,0.000000
7395,0,-1,-1,-1,-1,0,-1,-1,-1,-1.000000,-1.000000,525,0,0,0,0,0,-1,-1,-1,0.000000
7396,0,-1,-1,-1,-1,0,-1,-1,-1,-1.000000,-1.000000,211,0,0,0,0,0,-1,-1,-1,0.000000
7397,0,-1,-1,-1,-1,0,-1,-1,-1,-1.000000,-1.000000,131,0,0,0,0,0,-1,-1,-1,0.000000
7398,0,-1,-1,-1,-1,0,-1,-1,-1,-1.000000,-1.000000,141,0,0,0,0,0,-1,-1,-1,0.000000
7399,0,-1,-1,-1,-1,0,-1,-1,-1,-1.000000,-1.000000,185,0,0,0,0,0,-1,-1,-1,0.000000
7400,0,-1,-1,-1,-1,0,-1,-1,-1,-1.000000,-1.000000,257,0,0,0,0,0,-1,-1,-1,0.000000
7401,0,-1,-1,-1,-1,0,-1,-1,-1,-1.000000,-1.000000,227,0,0,0,0,0,-1,-1,-1,0.000000
7402,0,-1,-1,-1,-1,0,-1,-1,-1,-1.000000,-1.000000,292,0,0,0,0,0,-1,-1,-1,0.000000
7403,0,-1,-1,-1,-1,0,-1,-1,-1,-1.000000,-1.000000,235,0,0,0,0,0,-1,-1,-1,0.000000
7404,0,67,-1,-1,833,16,43,3,4,0.000000,0.000000,91,23,0,10,0,10,67,-1,-1,0.000000
7405,0,82,-1,-1,698,0,41,3,4,0.000000,0.000000,105,3,0,1,0,1,82,-1,-1,0.000000
7406,0,25,-1,-1,925,223,60,3,2,0.000000,0.000000,93,342,0,117,0,117,25,-1,-1,0.000000
7407,0,-1,-1,-1,-1,0,-1,-1,-1,-1.000000,-1.000000,253,0,0,0,0,0,-1,-1,-1,0.000000
7408,0,-1,-1,-1,-1,0,-1,-1,-1,-1.000000,-1.000000,266,0,0,0,0,0,-1,-1,-1,0.000000
7409,0,-1,-1,-1,-1,0,-1,-1,-1,-1.000000,-1.000000,145,0,0,0,0,0,-1,-1,-1,0.000000
7410,0,-1,-1,-1,-1,0,-1,-1,-1,-1.000000,-1.000000,191,0,0,0,0,0,-1,-1,-1,0.000000
7411,0,-1,-1,-1,-1,0,-1,-1,-1,-1.000000,-1.000000,93,0,0,0,0,0,-1,-1,-1,0.000000
7412,0,-1,-1,-1,-1,0,-1,-1,-1,-1.000000,-1.000000,97,0,0,0,0,0,-1,-1,-1,0.000000
7413,0,-1,-1,-1,-1,0,-1,-1,-1,-1.000000,-1.000000,389,0,0,0,0,0,-1,-1,-1,0.000000
7414,0,-1,-1,-1,-1,0,-1,-1,-1,-1.000000,-1.000000,192,0,0,0,0,0,-1,-1,-1,0.000000
7415,0,-1,-1,-1,-1,0,-1,-1,-1,-1.000000,-1.000000,151,0,0,0,0,0,-1,-1,-1,0.000000
7416,0,29,-1,-1,4563,29,56,3,2,0.000000,0.000000,39,71,0,23,0,23,29,-1,-1,0.000000
7417,0,-1,-1,-1,-1,0,-1,-1,-1,-1.000000,-1.000000,222,0,0,0,0,0,-1,-1,-1,0.000000
7418,0,26,-1,-1,3749,793,62,3,2,0.000000,0.000000,47,774,0,179,0,179,26,-1,-1,0.000000
7419,0,-1,-1,-1,-1,0,-1,-1,-1,-1.000000,-1.000000,165,0,0,0,0,0,-1,-1,-1,0.000000
7420,0,-1,-1,-1,-1,0,-1,-1,-1,-1.000000,-1.000000,113,0,0,0,0,0,-1,-1,-1,0.000000
7421,0,-1,-1,-1,-1,0,-1,-1,-1,-1.000000,-1.000000,147,0,0,0,0,0,-1,-1,-1,0.000000
7422,0,34,-1,-1,774,294,54,3,2,0.000000,0.000000,81,430,0,128,0,128,34,-1,-1,0.000000
7423,0,-1,-1,-1,-1,0,-1,-1,-1,-1.000000,-1.000000,83,0,0,0,0,0,-1,-1,-1,0.000000
7424,0,-1,-1,-1,-1,0,-1,-1,-1,-1.000000,-1.000000,379,0,0,0,0,0,-1,-1,-1,0.000000
7425,0,-1,-1,-1,-1,0,-1,-1,-1,-1.000000,-1.000000,367,0,0,0,0,0,-1,-1,-1,0.000000
7426,0,-1,-1,-1,-1,0,-1,-1,-1,-1.000000,-1.000000,145,0,0,0,0,0,-1,-1,-1,0.000000
7427,0,210,-1,-1,3519,24,28,3,2,0.000000,0.000000,47,80,0,17,0,17,210,-1,-1,0.000000
7428,0,-1,-1,-1,-1,0,-1,-1,-1,-1.000000,-1.000000,307,0,0,0,0,0,-1,-1,-1,0.000000
7429,0,33,-1,-1,2890,0,56,3,2,0.000000,0.000000,99,1,0,1,0,1,33,-1,-1,0.000000
7430,0,-1,-1,-1,-1,0,-1,-1,-1,-1.000000,-1.000000,191,0,0,0,0,0,-1,-1,-1,0.000000
7431,0,24,-1,-1,6164,667,64,3,2,0.000000,0.000000,37,652,0,154,0,154,24,-1,-1,0.000000
7432,0,-1,-1,-1,-1,0,-1,-1,-1,-1.000000,-1.000000,271,0,0,0,0,0,-1,-1,-1,0.000000
7433,0,-1,-1,-1,-1,0,-1,-1,-1,-1.000000,-1.000000,357,0,0,0,0,0,-1,-1,-1,0.000000
7434,0,-1,-1,-1,-1,0,-1,-1,-1,-1.000000,-1.000000,341,0,0,0,0,0,-1,-1,-1,0.000000
7435,0,-1,-1,-1,-1,0,-1,-1,-1,-1.000000,-1.000000,237,0,0,0,0,0,-1,-1,-1,0.000000
7436,0,-1,-1,-1,-1,0,-1,-1,-1,-1.000000,-1.000000,271,0,0,0,0,0,-1,-1,-1,0.000000
7437,0,-1,-1,-1,-1,0,-1,-1,-1,-1.000000,-1.000000,237,0,0,0,0,0,-1,-1,-1,0.000000
7438,0,-1,-1,-1,-1,0,-1,-1,-1,-1.000000,-1.000000,417,0,0,0,0,0,-1,-1,-1,0.000000
7439,0,-1,-1,-1,-1,0,-1,-1,-1,-1.000000,-1.000000,344,0,0,0,0,0,-1,-1,-1,0.000000
7440,0,-1,-1,-1,-1,0,-1,-1,-1,-1.000000,-1.000000,203,0,0,0,0,0,-1,-1,-1,0.000000
7441,0,183,-1,-1,5917,1,31,3,4,0.000000,0.000000,95,5,0,1,0,1,183,-1,-1,0.000000
7442,0,20,-1,-1,2196,646,67,3,4,0.000000,0.000000,47,690,0,258,0,258,20,-1,-1,0.000000
7443,0,-1,-1,-1,-1,0,-1,-1,-1,-1.000000,-1.000000,370,0,0,0,0,0,-1,-1,-1,0.000000
7444,0,-1,-1,-1,-1,0,-1,-1,-1,-1.000000,-1.000000,211,0,0,0,0,0,-1,-1,-1,0.000000
7445,0,23,-1,-1,486,769,65,3,4,0.000000,0.000000,21,797,0,180,0,180,23,-1,-1,0.000000
7446,0,-1,-1,-1,-1,0,-1,-1,-1,-1.000000,-1.000000,257,0,0,0,0,0,-1,-1,-1,0.000000
7447,0,-1,-1,-1,-1,0,-1,-1,-1,-1.000000,-1.000000,185,0,0,0,0,0,-1,-1,-1,0.000000
7448,0,-1,-1,-1,-1,0,-1,-1,-1,-1.000000,-1.000000,163,0,0,0,0,0,-1,-1,-1,0.000000
7449,0,-1,-1,-1,-1,0,-1,-1,-1,-1.000000,-1.000000,227,0,0,0,0,0,-1,-1,-1,0.000000
7450,0,24,-1,-1,5448,692,64,3,2,0.000000,0.000000,35,781,0,179,0,179,24,-1,-1,0.000000
7451,0,-1,-1,-1,-1,0,-1,-1,-1,-1.000000,-1.000000,301,0,0,0,0,0,-1,-1,-1,0.000000
7452,0,48,-1,-1,4230,17,51,3,4,0.000000,0.000000,63,35,0,14,0,14,48,-1,-1,0.000000
7453,0,-1,-1,-1,-1,0,-1,-1,-1,-1.000000,-1.000000,113,0,0,0,0,0,-1,-1,-1,0.000000
7454,0,-1,-1,-1,-1,0,-1,-1,-1,-1.000000,-1.000000,239,0,0,0,0,0,-1,-1,-1,0.000000
7455,0,-1,-1,-1,-1,0,-1,-1,-1,-1.000000,-1.000000,271,0,0,0,0,0,-1,-1,-1,0.000000
7456,0,-1,-1,-1,-1,0,-1,-1,-1,-1.000000,-1.000000,197,0,0,0,0,0,-1,-1,-1,0.000000
7457,0,-1,-1,-1,-1,0,-1,-1,-1,-1.000000,-1.000000,411,0,0,0,0,0,-1,-1,-1,0.000000
7458,0,-1,-1,-1,-1,0,-1,-1,-1,-1.000000,-1.000000,189,0,0,0,0,0,-1,-1,-1,0.000000
7459,0,-1,-1,-1,-1,0,-1,-1,-1,-1.000000,-1.000000,225,0,0,0,0,0,-1,-1,-1,0.000000
7460,0,-1,-1,-1,-1,0,-1,-1,-1,-1.000000,-1.000000,237,0,0,0,0,0,-1,-1,-1,0.000000
7461,0,-1,-1,-1,-1,0,-1,-1,-1,-1.000000,-1.000000,373,0,0,0,0,0,-1,-1,-1,0.000000
7462,0,-1,-1,-1,-1,0,-1,-1,-1,-1.000000,-1.000000,113,0,0,0,0,0,-1,-1,-1,0.000000
7463,0,-1,-1,-1,-1,0,-1,-1,-1,-1.000000,-1.000000,163,0,0,0,0,0,-1,-1,-1,0.000000
7464,0,857,-1,-1,6726,0,16,3,2,0.000000,0.000000,109,1,0,0,0,0,857,-1,-1,0.000000
7465,0,-1,-1,-1,-1,0,-1,-1,-1,-1.000000,-1.000000,397,0,0,0,0,0,-1,-1,-1,0.000000
7466,0,-1,-1,-1,-1,0,-1,-1,-1,-1.000000,-1.000000,119,0,0,0,0,0,-1,-1,-1,0.000000
7467,0,-1,-1,-1,-1,0,-1,-1,-1,-1.000000,-1.000000,378,0,0,0,0,0,-1,-1,-1,0.000000
7468,0,-1,-1,-1,-1,0,-1,-1,-1,-1.000000,-1.000000,117,0,0,0,0,0,-1,-1,-1,0.000000
7469,0,-1,-1,-1,-1,0,-1,-1,-1,-1.000000,-1.000000,299,0,0,0,0,0,-1,-1,-1,0.000000
7470,0,-1,-1,-1,-1,0,-1,-1,-1,-1.000000,-1.000000,315,0,0,0,0,0,-1,-1,-1,0.000000
7471,0,43,-1,-1,3184,16,50,3,2,0.000000,0.000000,75,51,0,20,0,20,43,-1,-1,0.000000
7472,0,-1,-1,-1,-1,0,-1,-1,-1,-1.000000,-1.000000,455,0,0,0,0,0,-1,-1,-1,0.000000
7473,0,-1,-1,-1,-1,0,-1,-1,-1,-1.000000,-1.000000,217,0,0,0,0,0,-1,-1,-1,0.000000
7474,0,-1,-1,-1,-1,0,-1,-1,-1,-1.000000,-1.000000,483,0,0,0,0,0,-1,-1,-1,0.000000
7475,0,29,-1,-1,5409,475,57,3,4,0.000000,0.000000,65,543,0,218,0,218,29,-1,-1,0.000000
7476,0,-1,-1,-1,-1,0,-1,-1,-1,-1.000000,-1.000000,237,0,0,0,0,0,-1,-1,-1,0.000000
7477,0,-1,-1,-1,-1,0,-1,-1,-1,-1.000000,-1.000000,235,0,0,0,0,0,-1,-1,-1,0.000000
7478,0,24,-1,-1,485,137,64,3,2,0.000000,0.000000,43,229,0,76,0,76,24,-1,-1,0.000000
7479,0,35,-1,-1,4294,753,55,3,4,0.000000,0.000000,43,679,0,206,0,206,35,-1,-1,0.000000
7480,0,-1,-1,-1,-1,0,-1,-1,-1,-1.000000,-1.000000,468,0,0,0,0,0,-1,-1,-1,0.000000
7481,0,-1,-1,-1,-1,0,-1,-1,-1,-1.000000,-1.000000,225,0,0,0,0,0,-1,-1,-1,0.000000
7482,0,-1,-1,-1,-1,0,-1,-1,-1,-1.000000,-1.000000,523,0,0,0,0,0,-1,-1,-1,0.000000
7483,0,-1,-1,-1,-1,0,-1,-1,-1,-1.000000,-1.000000,416,0,0,0,0,0,-1,-1,-1,0.000000
7484,0,-1,-1,-1,-1,0,-1,-1,-1,-1.000000,-1.000000,239,0,0,0,0,0,-1,-1,-1,0.000000
7485,0,-1,-1,-1,-1,0,-1,-1,-1,-1.000000,-1.000000,145,0,0,0,0,0,-1,-1,-1,0.000000
7486,0,-1,-1,-1,-1,0,-1,-1,-1,-1.000000,-1.000000,111,0,0,0,0,0,-1,-1,-1,0.000000
7487,0,226,-1,-1,3436,0,28,3,2,0.000000,0.000000,105,2,0,0,0,0,226,-1,-1,0.000000
7488,0,-1,-1,-1,-1,0,-1,-1,-1,-1.000000,-1.000000,61,0,0,0,0,0,-1,-1,-1,0.000000
7489,0,23,-1,-1,6082,624,64,3,2,0.000000,0.000000,27,685,0,132,0,132,23,-1,-1,0.000000
7490,0,66,-1,-1,2176,1,45,3,2,0.000000,0.000000,80,8,0,6,0,6,66,-1,-1,0.000000
7491,0,-1,-1,-1,-1,0,-1,-1,-1,-1.000000,-1.000000,446,0,0,0,0,0,-1,-1,-1,0.000000
7492,0,-1,-1,-1,-1,0,-1,-1,-1,-1.000000,-1.000000,238,0,0,0,0,0,-1,-1,-1,0.000000
7493,0,-1,-1,-1,-1,0,-1,-1,-1,-1.000000,-1.000000,259,0,0,0,0,0,-1,-1,-1,0.000000
7494,0,-1,-1,-1,-1,0,-1,-1,-1,-1.000000,-1.000000,165,0,0,0,0,0,-1,-1,-1,0.000000
7495,0,-1,-1,-1,-1,0,-1,-1,-1,-1.000000,-1.000000,82,0,0,0,0,0,-1,-1,-1,0.000000
7496,0,96,-1,-1,5951,161,40,3,2,0.000000,0.000000,71,312,0,56,0,56,96,-1,-1,0.000000
7497,0,-1,-1,-1,-1,0,-1,-1,-1,-1.000000,-1.000000,431,0,0,0,0,0,-1,-1,-1,0.000000
7498,0,80,-1,-1,845,2,45,3,2,0.000000,0.000000,70,10,0,8,0,8,80,-1,-1,0.000000
7499,0,-1,-1,-1,-1,0,-1,-1,-1,-1.000000,-1.000000,299,0,0,0,0,0,-1,-1,-1,0.000000
7500,0,-1,-1,-1,-1,0,-1,-1,-1,-1.000000,-1.000000,269,0,0,0,0,0,-1,-1,-1,0.000000
7501,0,-1,-1,-1,-1,0,-1,-1,-1,-1.000000,-1.000000,121,0,0,0,0,0,-1,-1,-1,0.000000
7502,0,-1,-1,-1,-1,0,-1,-1,-1,-1.000000,-1.000000,357,0,0,0,0,0,-1,-1,-1,0.000000
7503,0,8,-1,-1,4213,620,68,3,2,0.000000,0.000000,13,767,0,219,0,219,8,-1,-1,0.000000
7504,0,-1,-1,-1,-1,0,-1,-1,-1,-1.000000,-1.000000,147,0,0,0,0,0,-1,-1,-1,0.000000
7505,0,-1,-1,-1,-1,0,-1,-1,-1,-1.000000,-1.000000,232,0,0,0,0,0,-1,-1,-1,0.000000
7506,0,-1,-1,-1,-1,0,-1,-1,-1,-1.000000,-1.000000,279,0,0,0,0,0,-1,-1,-1,0.000000
7507,0,-1,-1,-1,-1,0,-1,-1,-1,-1.000000,-1.000000,439,0,0,0,0,0,-1,-1,-1,0.000000
7508,0,-1,-1,-1,-1,0,-1,-1,-1,-1.000000,-1.000000,341,0,0,0,0,0,-1,-1,-1,0.000000
7509,0,-1,-1,-1,-1,0,-1,-1,-1,-1.000000,-1.000000,177,0,0,0,0,0,-1,-1,-1,0.000000
7510,0,-1,-1,-1,-1,0,-1,-1,-1,-1.000000,-1.000000,65,0,0,0,0,0,-1,-1,-1,0.000000
7511,0,-1,-1,-1,-1,0,-1,-1,-1,-1.000000,-1.000000,271,0,0,0,0,0,-1,-1,-1,0.000000
7512,0,-1,-1,-1,-1,0,-1,-1,-1,-1.000000,-1.000000,251,0,0,0,0,0,-1,-1,-1,0.000000
7513,0,4,-1,-1,4552,875,71,3,4,0.000000,0.000000,15,786,0,202,0,202,4,-1,-1,0.000000
7514,0,-1,-1,-1,-1,0,-1,-1,-1,-1.000000,-1.000000,331,0,0,0,0,0,-1,-1,-1,0.000000
7515,0,-1,-1,-1,-1,0,-1,-1,-1,-1.000000,-1.000000,95,0,0,0,0,0,-1,-1,-1,0.000000
7516,0,-1,-1,-1,-1,0,-1,-1,-1,-1.000000,-1.000000,131,0,0,0,0,0,-1,-1,-1,0.000000
7517,0,-1,-1,-1,-1,0,-1,-1,-1,-1.000000,-1.000000,360,0,0,0,0,0,-1,-1,-1,0.000000
7518,0,-1,-1,-1,-1,0,-1,-1,-1,-1.000000,-1.000000,140,0,0,0,0,0,-1,-1,-1,0.000000
7519,0,-1,-1,-1,-1,0,-1,-1,-1,-1.000000,-1.000000,131,0,0,0,0,0,-1,-1,-1,0.000000
7520,0,19,-1,-1,516,525,68,3,2,0.000000,0.000000,29,741,0,239,0,239,19,-1,-1,0.000000
7521,0,-1,-1,-1,-1,0,-1,-1,-1,-1.000000,-1.000000,384,0,0,0,0,0,-1,-1,-1,0.000000
7522,0,-1,-1,-1,-1,0,-1,-1,-1,-1.000000,-1.000000,300,0,0,0,0,0,-1,-1,-1,0.000000
7523,0,-1,-1,-1,-1,0,-1,-1,-1,-1.000000,-1.000000,366,0,0,0,0,0,-1,-1,-1,0.000000
7524,0,27,-1,-1,6853,160,60,3,2,0.000000,0.000000,71,234,0,71,0,71,27,-1,-1,0.000000
7525,0,22,-1,-1,6209,841,68,3,2,0.000000,0.000000,29,738,0,239,0,239,22,-1,-1,0.000000
7526,0,-1,-1,-1,-1,0,-1,-1,-1,-1.000000,-1.000000,235,0,0,0,0,0,-1,-1,-1,0.000000
7527,0,455,-1,-1,6754,180,22,3,2,0.000000,0.000000,41,256,0,33,0,33,455,-1,-1,0.000000
7528,0,-1,-1,-1,-1,0,-1,-1,-1,-1.000000,-1.000000,241,0,0,0,0,0,-1,-1,-1,0.000000
7529,0,-1,-1,-1,-1,0,-1,-1,-1,-1.000000,-1.000000,307,0,0,0,0,0,-1,-1,-1,0.000000
7530,0,-1,-1,-1,-1,0,-1,-1,-1,-1.000000,-1.000000,315,0,0,0,0,0,-1,-1,-1,0.000000
7531,0,-1,-1,-1,-1,0,-1,-1,-1,-1.000000,-1.000000,218,0,0,0,0,0,-1,-1,-1,0.000000
7532,0,-1,-1,-1,-1,0,-1,-1,-1,-1.000000,-1.000000,85,0,0,0,0,0,-1,-1,-1,0.000000
7533,0,-1,-1,-1,-1,0,-1,-1,-1,-1.000000,-1.000000,333,0,0,0,0,0,-1,-1,-1,0.000000
7534,0,-1,-1,-1,-1,0,-1,-1,-1,-1.000000,-1.000000,329,0,0,0,0,0,-1,-1,-1,0.000000
7535,0,-1,-1,-1,-1,0,-1,-1,-1,-1.000000,-1.000000,312,0,0,0,0,0,-1,-1,-1,0.000000
7536,0,-1,-1,-1,-1,0,-1,-1,-1,-1.000000,-1.000000,83,0,0,0,0,0,-1,-1,-1,0.000000
7537,0,-1,-1,-1,-1,0,-1,-1,-1,-1.000000,-1.000000,62,0,0,0,0,0,-1,-1,-1,0.000000
7538,0,72,-1,-1,6677,297,42,3,4,0.000000,0.000000,78,407,0,90,0,90,72,-1,-1,0.000000
7539,0,-1,-1,-1,-1,0,-1,-1,-1,-1.000000,-1.000000,301,0,0,0,0,0,-1,-1,-1,0.000000
7540,0,-1,-1,-1,-1,0,-1,-1,-1,-1.000000,-1.000000,105,0,0,0,0,0,-1,-1,-1,0.000000
7541,0,-1,-1,-1,-1,0,-1,-1,-1,-1.000000,-1.000000,213,0,0,0,0,0,-1,-1,-1,0.000000
7542,0,-1,-1,-1,-1,0,-1,-1,-1,-1.000000,-1.000000,306,0,0,0,0,0,-1,-1,-1,0.000000
7543,0,-1,-1,-1,-1,0,-1,-1,-1,-1.000000,-1.000000,275,0,0,0,0,0,-1,-1,-1,0.000000
7544,0,-1,-1,-1,-1,0,-1,-1,-1,-1.000000,-1.000000,299,0,0,0,0,0,-1,-1,-1,0.000000
7545,0,-1,-1,-1,-1,0,-1,-1,-1,-1.000000,-1.000000,210,0,0,0,0,0,-1,-1,-1,0.000000
7546,0,-1,-1,-1,-1,0,-1,-1,-1,-1.000000,-1.000000,163,0,0,0,0,0,-1,-1,-1,0.000000
7547,0,337,-1,-1,2633,422,27,3,4,0.000000,0.000000,21,552,0,61,0,61,337,-1,-1,0.000000
7548,0,321,-1,-1,1803,23,25,3,4,0.000000,0.000000,71,93,0,16,0,16,321,-1,-1,0.000000
7549,0,-1,-1,-1,-1,0,-1,-1,-1,-1.000000,-1.000000,183,0,0,0,0,0,-1,-1,-1,0.000000
7550,0,-1,-1,-1,-1,0,-1,-1,-1,-1.000000,-1.000000,407,0,0,0,0,0,-1,-1,-1,0.000000
7551,0,117,-1,-1,829,4,38,3,2,0.000000,0.000000,77,16,0,13,0,13,117,-1,-1,0.000000
7552,0,-1,-1,-1,-1,0,-1,-1,-1,-1.000000,-1.000000,109,0,0,0,0,0,-1,-1,-1,0.000000
7553,0,-1,-1,-1,-1,0,-1,-1,-1,-1.000000,-1.000000,446,0,0,0,0,0,-1,-1,-1,0.000000
7554,0,-1,-1,-1,-1,0,-1,-1,-1,-1.000000,-1.000000,498,0,0,0,0,0,-1,-1,-1,0.000000
7555,0,-1,-1,-1,-1,0,-1,-1,-1,-1.000000,-1.000000,361,0,0,0,0,0,-1,-1,-1,0.000000
7556,0,-1,-1,-1,-1,0,-1,-1,-1,-1.000000,-1.000000,103,0,0,0,0,0,-1,-1,-1,0.000000
7557,0,-1,-1,-1,-1,0,-1,-1,-1,-1.000000,-1.000000,133,0,0,0,0,0,-1,-1,-1,0.000000
7558,0,-1,-1,-1,-1,0,-1,-1,-1,-1.000000,-1.000000,394,0,0,0,0,0,-1,-1,-1,0.000000
7559,0,-1,-1,-1,-1,0,-1,-1,-1,-1.000000,-1.000000,363,0,0,0,0,0,-1,-1,-1,0.000000
7560,0,-1,-1,-1,-1,0,-1,-1,-1,-1.000000,-1.000000,259,0,0,0,0,0,-1,-1,-1,0.000000
7561,0,-1,-1,-1,-1,0,-1,-1,-1,-1.000000,-1.000000,525,0,0,0,0,0,-1,-1,-1,0.000000
7562,0,29,-1,-1,956,718,59,3,4,0.000000,0.000000,39,778,0,191,0,191,29,-1,-1,0.000000
7563,0,-1,-1,-1,-1,0,-1,-1,-1,-1.000000,-1.000000,255,0,0,0,0,0,-1,-1,-1,0.000000
7564,0,-1,-1,-1,-1,0,-1,-1,-1,-1.000000,-1.000000,145,0,0,0,0,0,-1,-1,-1,0.000000
7565,0,-1,-1,-1,-1,0,-1,-1,-1,-1.000000,-1.000000,113,0,0,0,0,0,-1,-1,-1,0.000000
7566,0,33,-1,-1,2006,232,54,3,2,0.000000,0.000000,81,318,0,114,0,114,33,-1,-1,0.000000
7567,0,-1,-1,-1,-1,0,-1,-1,-1,-1.000000,-1.000000,327,0,0,0,0,0,-1,-1,-1,0.000000
7568,0,-1,-1,-1,-1,0,-1,-1,-1,-1.000000,-1.000000,279,0,0,0,0,0,-1,-1,-1,0.000000
7569,0,-1,-1,-1,-1,0,-1,-1,-1,-1.000000,-1.000000,259,0,0,0,0,0,-1,-1,-1,0.000000
7570,0,-1,-1,-1,-1,0,-1,-1,-1,-1.000000,-1.000000,319,0,0,0,0,0,-1,-1,-1,0.000000
7571,0,-1,-1,-1,-1,0,-1,-1,-1,-1.000000,-1.000000,111,0,0,0,0,0,-1,-1,-1,0.000000
7572,0,250,-1,-1,6280,294,27,3,4,0.000000,0.000000,55,367,0,73,0,73,250,-1,-1,0.000000
7573,0,-1,-1,-1,-1,0,-1,-1,-1,-1.000000,-1.000000,317,0,0,0,0,0,-1,-1,-1,0.000000
7574,0,-1,-1,-1,-1,0,-1,-1,-1,-1.000000,-1.000000,426,0,0,0,0,0,-1,-1,-1,0.000000
7575,0,-1,-1,-1,-1,0,-1,-1,-1,-1.000000,-1.000000,357,0,0,0,0,0,-1,-1,-1,0.000000
7576,0,-1,-1,-1,-1,0,-1,-1,-1,-1.000000,-1.000000,503,0,0,0,0,0,-1,-1,-1,0.000000
7577,0,-1,-1,-1,-1,0,-1,-1,-1,-1.000000,-1.000000,211,0,0,0,0,0,-1,-1,-1,0.000000
7578,0,-1,-1,-1,-1,0,-1,-1,-1,-1.000000,-1.000000,304,0,0,0,0,0,-1,-1,-1,0.000000
7579,0,-1,-1,-1,-1,0,-1,-1,-1,-1.000000,-1.000000,105,0,0,0,0,0,-1,-1,-1,0.000000
7580,0,-1,-1,-1,-1,0,-1,-1,-1,-1.000000,-1.000000,105,0,0,0,0,0,-1,-1,-1,0.000000
7581,0,-1,-1,-1,-1,0,-1,-1,-1,-1.000000,-1.000000,134,0,0,0,0,0,-1,-1,-1,0.000000
7582,0,-1,-1,-1,-1,0,-1,-1,-1,-1.000000,-1.000000,276,0,0,0,0,0,-1,-1,-1,0.000000
7583,0,-1,-1,-1,-1,0,-1,-1,-1,-1.000000,-1.000000,261,0,0,0,0,0,-1,-1,-1,0.000000
7584,0,-1,-1,-1,-1,0,-1,-1,-1,-1.000000,-1.000000,333,0,0,0,0,0,-1,-1,-1,0.000000
7585,0,-1,-1,-1,-1,0,-1,-1,-1,-1.000000,-1.000000,109,0,0,0,0,0,-1,-1,-1,0.000000
7586,0,-1,-1,-1,-1,0,-1,-1,-1,-1.000000,-1.000000,468,0,0,0,0,0,-1,-1,-1,0.000000
7587,0,-1,-1,-1,-1,0,-1,-1,-1,-1.000000,-1.000000,233,0,0,0,0,0,-1,-1,-1,0.000000
7588,0,57,-1,-1,7679,87,46,3,4,0.000000,0.000000,78,194,0,50,0,50,57,-1,-1,0.000000
7589,0,-1,-1,-1,-1,0,-1,-1,-1,-1.000000,-1.000000,261,0,0,0,0,0,-1,-1,-1,0.000000
7590,0,-1,-1,-1,-1,0,-1,-1,-1,-1.000000,-1.000000,253,0,0,0,0,0,-1,-1,-1,0.000000
7591,0,22,-1,-1,1675,781,68,3,2,0.000000,0.000000,23,779,0,166,0,166,22,-1,-1,0.000000
7592,0,-1,-1,-1,-1,0,-1,-1,-1,-1.000000,-1.000000,336,0,0,0,0,0,-1,-1,-1,0.000000
7593,0,-1,-1,-1,-1,0,-1,-1,-1,-1.000000,-1.000000,336,0,0,0,0,0,-1,-1,-1,0.000000
7594,0,-1,-1,-1,-1,0,-1,-1,-1,-1.000000,-1.000000,360,0,0,0,0,0,-1,-1,-1,0.000000
7595,0,28,-1,-1,3501,83,58,3,2,0.000000,0.000000,63,168,0,46,0,46,28,-1,-1,0.000000
7596,0,-1,-1,-1,-1,0,-1,-1,-1,-1.000000,-1.000000,155,0,0,0,0,0,-1,-1,-1,0.000000
7597,0,631,-1,-1,1146,11,19,3,4,0.000000,0.000000,71,31,0,10,0,10,631,-1,-1,0.000000
7598,0,-1,-1,-1,-1,0,-1,-1,-1,-1.000000,-1.000000,442,0,0,0,0,0,-1,-1,-1,0.000000
7599,0,712,-1,-1,6049,3,15,3,2,0.000000,0.000000,28,28,0,3,0,3,712,-1,-1,0.000000
7600,0,-1,-1,-1,-1,0,-1,-1,-1,-1.000000,-1.000000,73,0,0,0,0,0,-1,-1,-1,0.000000
7601,0,555,-1,-1,7976,2,18,3,2,0.000000,0.000000,89,5,0,2,0,2,555,-1,-1,0.000000
7602,0,-1,-1,-1,-1,0,-1,-1,-1,-1.000000,-1.000000,348,0,0,0,0,0,-1,-1,-1,0.000000
7603,0,-1,-1,-1,-1,0,-1,-1,-1,-1.000000,-1.000000,227,0,0,0,0,0,-1,-1,-1,0.000000
7604,0,-1,-1,-1,-1,0,-1,-1,-1,-1.000000,-1.000000,161,0,0,0,0,0,-1,-1,-1,0.000000
7605,0,-1,-1,-1,-1,0,-1,-1,-1,-1.000000,-1.000000,165,0,0,0,0,0,-1,-1,-1,0.000000
7606,0,14,-1,-1,1739,681,68,3,2,0.000000,0.000000,11,748,0,235,0,235,14,-1,-1,0.000000
7607,0,17,-1,-1,7061,629,70,3,2,0.000000,0.000000,19,717,0,265,0,265,17,-1,-1,0.000000
7608,0,29,-1,-1,4966,349,57,3,4,0.000000,0.000000,81,507,0,94,0,94,29,-1,-1,0.000000
7609,0,22,-1,-1,1772,857,68,3,2,0.000000,0.000000,29,759,0,213,0,213,22,-1,-1,0.000000
7610,0,-1,-1,-1,-1,0,-1,-1,-1,-1.000000,-1.000000,225,0,0,0,0,0,-1,-1,-1,0.000000
7611,0,-1,-1,-1,-1,0,-1,-1,-1,-1.000000,-1.000000,143,0,0,0,0,0,-1,-1,-1,0.000000
7612,0,-1,-1,-1,-1,0,-1,-1,-1,-1.000000,-1.000000,182,0,0,0,0,0,-1,-1,-1,0.000000
7613,0,-1,-1,-1,-1,0,-1,-1,-1,-1.000000,-1.000000,136,0,0,0,0,0,-1,-1,-1,0.000000
7614,0,-1,-1,-1,-1,0,-1,-1,-1,-1.000000,-1.000000,117,0,0,0,0,0,-1,-1,-1,0.000000
7615,0,7,-1,-1,2926,661,69,3,4,0.000000,0.000000,19,754,0,233,0,233,7,-1,-1,0.000000
7616,0,24,-1,-1,4498,827,62,3,2,0.000000,0.000000,49,694,0,274,0,274,24,-1,-1,0.000000
7617,0,-1,-1,-1,-1,0,-1,-1,-1,-1.000000,-1.000000,129,0,0,0,0,0,-1,-1,-1,0.000000
7618,0,-1,-1,-1,-1,0,-1,-1,-1,-1.000000,-1.000000,248,0,0,0,0,0,-1,-1,-1,0.000000
7619,0,-1,-1,-1,-1,0,-1,-1,-1,-1.000000,-1.000000,68,0,0,0,0,0,-1,-1,-1,0.000000
7620,0,-1,-1,-1,-1,0,-1,-1,-1,-1.000000,-1.000000,109,0,0,0,0,0,-1,-1,-1,0.000000
7621,0,74,-1,-1,6046,0,42,3,2,0.000000,0.000000,97,1,0,2,0,2,74,-1,-1,0.000000
7622,0,-1,-1,-1,-1,0,-1,-1,-1,-1.000000,-1.000000,309,0,0,0,0,0,-1,-1,-1,0.000000
7623,0,-1,-1,-1,-1,0,-1,-1,-1,-1.000000,-1.000000,319,0,0,0,0,0,-1,-1,-1,0.000000
7624,0,23,-1,-1,7308,512,64,3,2,0.000000,0.000000,57,682,0,88,0,88,23,-1,-1,0.000000
7625,0,-1,-1,-1,-1,0,-1,-1,-1,-1.000000,-1.000000,285,0,0,0,0,0,-1,-1,-1,0.000000
7626,0,-1,-1,-1,-1,0,-1,-1,-1,-1.000000,-1.000000,309,0,0,0,0,0,-1,-1,-1,0.000000
7627,0,-1,-1,-1,-1,0,-1,-1,-1,-1.000000,-1.000000,287,0,0,0,0,0,-1,-1,-1,0.000000
7628,0,-1,-1,-1,-1,0,-1,-1,-1,-1.000000,-1.000000,266,0,0,0,0,0,-1,-1,-1,0.000000
7629,0,-1,-1,-1,-1,0,-1,-1,-1,-1.000000,-1.000000,477,0,0,0,0,0,-1,-1,-1,0.000000
7630,0,-1,-1,-1,-1,0,-1,-1,-1,-1.000000,-1.000000,458,0,0,0,0,0,-1,-1,-1,0.000000
7631,0,60,-1,-1,429,607,47,3,2,0.000000,0.000000,56,760,0,156,0,156,60,-1,-1,0.000000
7632,0,-1,-1,-1,-1,0,-1,-1,-1,-1.000000,-1.000000,168,0,0,0,0,0,-1,-1,-1,0.000000
7633,0,-1,-1,-1,-1,0,-1,-1,-1,-1.000000,-1.000000,319,0,0,0,0,0,-1,-1,-1,0.000000
7634,0,-1,-1,-1,-1,0,-1,-1,-1,-1.000000,-1.000000,263,0,0,0,0,0,-1,-1,-1,0.000000
7635,0,-1,-1,-1,-1,0,-1,-1,-1,-1.000000,-1.000000,145,0,0,0,0,0,-1,-1,-1,0.000000
7636,0,33,-1,-1,544,601,55,3,4,0.000000,0.000000,31,595,0,183,0,183,33,-1,-1,0.000000
7637,0,25,-1,-1,6374,811,60,3,2,0.000000,0.000000,43,696,0,271,0,271,25,-1,-1,0.000000
7638,0,-1,-1,-1,-1,0,-1,-1,-1,-1.000000,-1.000000,412,0,0,0,0,0,-1,-1,-1,0.000000
7639,0,18,-1,-1,6314,648,68,3,2,0.000000,0.000000,27,760,0,221,0,221,18,-1,-1,0.000000
7640,0,-1,-1,-1,-1,0,-1,-1,-1,-1.000000,-1.000000,327,0,0,0,0,0,-1,-1,-1,0.000000
7641,0,-1,-1,-1,-1,0,-1,-1,-1,-1.000000,-1.000000,297,0,0,0,0,0,-1,-1,-1,0.000000
7642,0,-1,-1,-1,-1,0,-1,-1,-1,-1.000000,-1.000000,80,0,0,0,0,0,-1,-1,-1,0.000000
7643,0,-1,-1,-1,-1,0,-1,-1,-1,-1.000000,-1.000000,107,0,0,0,0,0,-1,-1,-1,0.000000
7644,0,-1,-1,-1,-1,0,-1,-1,-1,-1.000000,-1.000000,300,0,0,0,0,0,-1,-1,-1,0.000000
7645,0,-1,-1,-1,-1,0,-1,-1,-1,-1.000000,-1.000000,137,0,0,0,0,0,-1,-1,-1,0.000000
7646,0,-1,-1,-1,-1,0,-1,-1,-1,-1.000000,-1.000000,273,0,0,0,0,0,-1,-1,-1,0.000000
7647,0,55,-1,-1,3578,155,48,3,2,0.000000,0.000000,81,257,0,81,0,81,55,-1,-1,0.000000
7648,0,30,-1,-1,6977,585,57,3,4,0.000000,0.000000,87,593,0,208,0,208,30,-1,-1,0.000000
7649,0,-1,-1,-1,-1,0,-1,-1,-1,-1.000000,-1.000000,273,0,0,0,0,0,-1,-1,-1,0.000000
7650,0,-1,-1,-1,-1,0,-1,-1,-1,-1.000000,-1.000000,119,0,0,0,0,0,-1,-1,-1,0.000000
7651,0,-1,-1,-1,-1,0,-1,-1,-1,-1.000000,-1.000000,391,0,0,0,0,0,-1,-1,-1,0.000000
7652,0,-1,-1,-1,-1,0,-1,-1,-1,-1.000000,-1.000000,259,0,0,0,0,0,-1,-1,-1,0.000000
7653,0,-1,-1,-1,-1,0,-1,-1,-1,-1.000000,-1.000000,91,0,0,0,0,0,-1,-1,-1,0.000000
7654,0,-1,-1,-1,-1,0,-1,-1,-1,-1.000000,-1.000000,425,0,0,0,0,0,-1,-1,-1,0.000000
7655,0,-1,-1,-1,-1,0,-1,-1,-1,-1.000000,-1.000000,353,0,0,0,0,0,-1,-1,-1,0.000000
7656,0,-1,-1,-1,-1,0,-1,-1,-1,-1.000000,-1.000000,135,0,0,0,0,0,-1,-1,-1,0.000000
7657,0,51,-1,-1,1960,9,47,3,4,0.000000,0.000000,85,32,0,20,0,20,51,-1,-1,0.000000
7658,0,-1,-1,-1,-1,0,-1,-1,-1,-1.000000,-1.000000,333,0,0,0,0,0,-1,-1,-1,0.000000
7659,0,-1,-1,-1,-1,0,-1,-1,-1,-1.000000,-1.000000,381,0,0,0,0,0,-1,-1,-1,0.000000
7660,0,-1,-1,-1,-1,0,-1,-1,-1,-1.000000,-1.000000,309,0,0,0,0,0,-1,-1,-1,0.000000
7661,0,-1,-1,-1,-1,0,-1,-1,-1,-1.000000,-1.000000,113,0,0,0,0,0,-1,-1,-1,0.000000
7662,0,-1,-1,-1,-1,0,-1,-1,-1,-1.000000,-1.000000,317,0,0,0,0,0,-1,-1,-1,0.000000
7663,0,-1,-1,-1,-1,0,-1,-1,-1,-1.000000,-1.000000,171,0,0,0,0,0,-1,-1,-1,0.000000
7664,0,-1,-1,-1,-1,0,-1,-1,-1,-1.000000,-1.000000,133,0,0,0,0,0,-1,-1,-1,0.000000
7665,0,238,-1,-1,2400,578,31,3,2,0.000000,0.000000,32,580,0,99,0,99,238,-1,-1,0.000000
7666,0,-1,-1,-1,-1,0,-1,-1,-1,-1.000000,-1.000000,90,0,0,0,0,0,-1,-1,-1,0.000000
7667,0,-1,-1,-1,-1,0,-1,-1,-1,-1.000000,-1.000000,315,0,0,0,0,0,-1,-1,-1,0.000000
7668,0,42,-1,-1,2242,134,50,3,4,0.000000,0.000000,80,214,0,78,0,78,42,-1,-1,0.000000
7669,0,-1,-1,-1,-1,0,-1,-1,-1,-1.000000,-1.000000,119,0,0,0,0,0,-1,-1,-1,0.000000
7670,0,-1,-1,-1,-1,0,-1,-1,-1,-1.000000,-1.000000,258,0,0,0,0,0,-1,-1,-1,0.000000
7671,0,-1,-1,-1,-1,0,-1,-1,-1,-1.000000,-1.000000,426,0,0,0,0,0,-1,-1,-1,0.000000
7672,0,-1,-1,-1,-1,0,-1,-1,-1,-1.000000,-1.000000,149,0,0,0,0,0,-1,-1,-1,0.000000
7673,0,-1,-1,-1,-1,0,-1,-1,-1,-1.000000,-1.000000,292,0,0,0,0,0,-1,-1,-1,0.000000
7674,0,160,-1,-1,597,0,35,3,4,0.000000,0.000000,81,0,0,1,0,1,160,-1,-1,0.000000
7675,0,-1,-1,-1,-1,0,-1,-1,-1,-1.000000,-1.000000,129,0,0,0,0,0,-1,-1,-1,0.000000
7676,0,32,-1,-1,3130,205,56,3,2,0.000000,0.000000,59,353,0,80,0,80,32,-1,-1,0.000000
7677,0,-1,-1,-1,-1,0,-1,-1,-1,-1.000000,-1.000000,110,0,0,0,0,0,-1,-1,-1,0.000000
7678,0,-1,-1,-1,-1,0,-1,-1,-1,-1.000000,-1.000000,409,0,0,0,0,0,-1,-1,-1,0.000000
7679,0,35,-1,-1,725,657,54,3,4,0.000000,0.000000,40,647,0,179,0,179,35,-1,-1,0.000000
7680,0,-1,-1,-1,-1,0,-1,-1,-1,-1.000000,-1.000000,499,0,0,0,0,0,-1,-1,-1,0.000000
7681,0,-1,-1,-1,-1,0,-1,-1,-1,-1.000000,-1.000000,283,0,0,0,0,0,-1,-1,-1,0.000000
7682,0,-1,-1,-1,-1,0,-1,-1,-1,-1.000000,-1.000000,297,0,0,0,0,0,-1,-1,-1,0.000000
7683,0,-1,-1,-1,-1,0,-1,-1,-1,-1.000000,-1.000000,415,0,0,0,0,0,-1,-1,-1,0.000000
7684,0,39,-1,-1,5088,4,51,3,4,0.000000,0.000000,59,38,0,13,0,13,39,-1,-1,0.000000
7685,0,87,-1,-1,3492,504,40,3,2,0.000000,0.000000,69,616,0,131,0,131,87,-1,-1,0.000000
7686,0,-1,-1,-1,-1,0,-1,-1,-1,-1.000000,-1.000000,107,0,0,0,0,0,-1,-1,-1,0.000000
7687,0,-1,-1,-1,-1,0,-1,-1,-1,-1.000000,-1.000000,131,0,0,0,0,0,-1,-1,-1,0.000000
7688,0,117,-1,-1,7583,0,36,3,4,0.000000,0.000000,82,1,0,1,0,1,117,-1,-1,0.000000
7689,0,-1,-1,-1,-1,0,-1,-1,-1,-1.000000,-1.000000,233,0,0,0,0,0,-1,-1,-1,0.000000
7690,0,-1,-1,-1,-1,0,-1,-1,-1,-1.000000,-1.000000,402,0,0,0,0,0,-1,-1,-1,0.000000
7691,0,-1,-1,-1,-1,0,-1,-1,-1,-1.000000,-1.000000,450,0,0,0,0,0,-1,-1,-1,0.000000
7692,0,-1,-1,-1,-1,0,-1,-1,-1,-1.000000,-1.000000,389,0,0,0,0,0,-1,-1,-1,0.000000
7693,0,28,-1,-1,7895,9,62,3,2,0.000000,0.000000,61,20,0,13,0,13,28,-1,-1,0.000000
7694,0,-1,-1,-1,-1,0,-1,-1,-1,-1.000000,-1.000000,201,0,0,0,0,0,-1,-1,-1,0.000000
7695,0,-1,-1,-1,-1,0,-1,-1,-1,-1.000000,-1.000000,128,0,0,0,0,0,-1,-1,-1,0.000000
7696,0,-1,-1,-1,-1,0,-1,-1,-1,-1.000000,-1.000000,388,0,0,0,0,0,-1,-1,-1,0.000000
7697,0,-1,-1,-1,-1,0,-1,-1,-1,-1.000000,-1.000000,219,0,0,0,0,0,-1,-1,-1,0.000000
7698,0,-1,-1,-1,-1,0,-1,-1,-1,-1.000000,-1.000000,151,0,0,0,0,0,-1,-1,-1,0.000000
7699,0,-1,-1,-1,-1,0,-1,-1,-1,-1.000000,-1.000000,105,0,0,0,0,0,-1,-1,-1,0.000000
7700,0,-1,-1,-1,-1,0,-1,-1,-1,-1.000000,-1.000000,371,0,0,0,0,0,-1,-1,-1,0.000000
7701,0,-1,-1,-1,-1,0,-1,-1,-1,-1.000000,-1.000000,260,0,0,0,0,0,-1,-1,-1,0.000000
7702,0,-1,-1,-1,-1,0,-1,-1,-1,-1.000000,-1.000000,377,0,0,0,0,0,-1,-1,-1,0.000000
7703,0,-1,-1,-1,-1,0,-1,-1,-1,-1.000000,-1.000000,67,0,0,0,0,0,-1,-1,-1,0.000000
7704,0,-1,-1,-1,-1,0,-1,-1,-1,-1.000000,-1.000000,230,0,0,0,0,0,-1,-1,-1,0.000000
7705,0,-1,-1,-1,-1,0,-1,-1,-1,-1.000000,-1.000000,129,0,0,0,0,0,-1,-1,-1,0.000000
7706,0,-1,-1,-1,-1,0,-1,-1,-1,-1.000000,-1.000000,143,0,0,0,0,0,-1,-1,-1,0.000000
7707,0,33,-1,-1,1850,517,56,3,4,0.000000,0.000000,76,582,0,139,0,139,33,-1,-1,0.000000
7708,0,64,-1,-1,7853,89,45,3,4,0.000000,0.000000,77,194,0,62,0,62,64,-1,-1,0.000000
7709,0,-1,-1,-1,-1,0,-1,-1,-1,-1.000000,-1.000000,199,0,0,0,0,0,-1,-1,-1,0.000000
7710,0,-1,-1,-1,-1,0,-1,-1,-1,-1.000000,-1.000000,271,0,0,0,0,0,-1,-1,-1,0.000000
7711,0,-1,-1,-1,-1,0,-1,-1,-1,-1.000000,-1.000000,251,0,0,0,0,0,-1,-1,-1,0.000000
7712,0,-1,-1,-1,-1,0,-1,-1,-1,-1.000000,-1.000000,225,0,0,0,0,0,-1,-1,-1,0.000000
7713,0,-1,-1,-1,-1,0,-1,-1,-1,-1.000000,-1.000000,327,0,0,0,0,0,-1,-1,-1,0.000000
7714,0,-1,-1,-1,-1,0,-1,-1,-1,-1.000000,-1.000000,322,0,0,0,0,0,-1,-1,-1,0.000000
7715,0,-1,-1,-1,-1,0,-1,-1,-1,-1.000000,-1.000000,287,0,0,0,0,0,-1,-1,-1,0.000000
7716,0,-1,-1,-1,-1,0,-1,-1,-1,-1.000000,-1.000000,245,0,0,0,0,0,-1,-1,-1,0.000000
7717,0,-1,-1,-1,-1,0,-1,-1,-1,-1.000000,-1.000000,167,0,0,0,0,0,-1,-1,-1,0.000000
7718,0,28,-1,-1,3948,27,58,3,2,0.000000,0.000000,81,43,0,16,0,16,28,-1,-1,0.000000
7719,0,-1,-1,-1,-1,0,-1,-1,-1,-1.000000,-1.000000,235,0,0,0,0,0,-1,-1,-1,0.000000
7720,0,31,-1,-1,3565,718,56,3,2,0.000000,0.000000,7,762,0,207,0,207,31,-1,-1,0.000000
7721,0,24,-1,-1,439,623,64,3,2,0.000000,0.000000,47,652,0,160,0,160,24,-1,-1,0.000000
7722,0,28,-1,-1,1036,693,57,3,4,0.000000,0.000000,57,671,0,207,0,207,28,-1,-1,0.000000
7723,0,-1,-1,-1,-1,0,-1,-1,-1,-1.000000,-1.000000,416,0,0,0,0,0,-1,-1,-1,0.000000
7724,0,-1,-1,-1,-1,0,-1,-1,-1,-1.000000,-1.000000,420,0,0,0,0,0,-1,-1,-1,0.000000
7725,0,-1,-1,-1,-1,0,-1,-1,-1,-1.000000,-1.000000,211,0,0,0,0,0,-1,-1,-1,0.000000
7726,0,-1,-1,-1,-1,0,-1,-1,-1,-1.000000,-1.000000,314,0,0,0,0,0,-1,-1,-1,0.000000
7727,0,-1,-1,-1,-1,0,-1,-1,-1,-1.000000,-1.000000,281,0,0,0,0,0,-1,-1,-1,0.000000
7728,0,-1,-1,-1,-1,0,-1,-1,-1,-1.000000,-1.000000,291,0,0,0,0,0,-1,-1,-1,0.000000
7729,0,26,-1,-1,7630,662,60,3,2,0.000000,0.000000,51,737,0,124,0,124,26,-1,-1,0.000000
7730,0,-1,-1,-1,-1,0,-1,-1,-1,-1.000000,-1.000000,223,0,0,0,0,0,-1,-1,-1,0.000000
7731,0,-1,-1,-1,-1,0,-1,-1,-1,-1.000000,-1.000000,319,0,0,0,0,0,-1,-1,-1,0.000000
7732,0,169,-1,-1,5399,0,31,3,4,0.000000,0.000000,99,1,0,0,0,0,169,-1,-1,0.000000
7733,0,-1,-1,-1,-1,0,-1,-1,-1,-1.000000,-1.000000,243,0,0,0,0,0,-1,-1,-1,0.000000
7734,0,-1,-1,-1,-1,0,-1,-1,-1,-1.000000,-1.000000,393,0,0,0,0,0,-1,-1,-1,0.000000
7735,0,-1,-1,-1,-1,0,-1,-1,-1,-1.000000,-1.000000,117,0,0,0,0,0,-1,-1,-1,0.000000
7736,0,-1,-1,-1,-1,0,-1,-1,-1,-1.000000,-1.000000,408,0,0,0,0,0,-1,-1,-1,0.000000
7737,0,129,-1,-1,7272,0,34,3,2,0.000000,0.000000,83,4,0,2,0,2,129,-1,-1,0.000000
7738,0,-1,-1,-1,-1,0,-1,-1,-1,-1.000000,-1.000000,383,0,0,0,0,0,-1,-1,-1,0.000000
7739,0,-1,-1,-1,-1,0,-1,-1,-1,-1.000000,-1.000000,139,0,0,0,0,0,-1,-1,-1,0.000000
7740,0,-1,-1,-1,-1,0,-1,-1,-1,-1.000000,-1.000000,413,0,0,0,0,0,-1,-1,-1,0.000000
7741,0,-1,-1,-1,-1,0,-1,-1,-1,-1.000000,-1.000000,302,0,0,0,0,0,-1,-1,-1,0.000000
7742,0,-1,-1,-1,-1,0,-1,-1,-1,-1.000000,-1.000000,143,0,0,0,0,0,-1,-1,-1,0.000000
7743,0,-1,-1,-1,-1,0,-1,-1,-1,-1.000000,-1.000000,223,0,0,0,0,0,-1,-1,-1,0.000000
7744,0,-1,-1,-1,-1,0,-1,-1,-1,-1.000000,-1.000000,419,0,0,0,0,0,-1,-1,-1,0.000000
7745,0,-1,-1,-1,-1,0,-1,-1,-1,-1.000000,-1.000000,209,0,0,0,0,0,-1,-1,-1,0.000000
7746,0,11,-1,-1,6043,794,68,3,2,0.000000,0.000000,33,755,0,222,0,222,11,-1,-1,0.000000
7747,0,-1,-1,-1,-1,0,-1,-1,-1,-1.000000,-1.000000,258,0,0,0,0,0,-1,-1,-1,0.000000
7748,0,-1,-1,-1,-1,0,-1,-1,-1,-1.000000,-1.000000,211,0,0,0,0,0,-1,-1,-1,0.000000
7749,0,-1,-1,-1,-1,0,-1,-1,-1,-1.000000,-1.000000,323,0,0,0,0,0,-1,-1,-1,0.000000
7750,0,-1,-1,-1,-1,0,-1,-1,-1,-1.000000,-1.000000,201,0,0,0,0,0,-1,-1,-1,0.000000
7751,0,-1,-1,-1,-1,0,-1,-1,-1,-1.000000,-1.000000,193,0,0,0,0,0,-1,-1,-1,0.000000
7752,0,-1,-1,-1,-1,0,-1,-1,-1,-1.000000,-1.000000,115,0,0,0,0,0,-1,-1,-1,0.000000
7753,0,-1,-1,-1,-1,0,-1,-1,-1,-1.000000,-1.000000,397,0,0,0,0,0,-1,-1,-1,0.000000
7754,0,-1,-1,-1,-1,0,-1,-1,-1,-1.000000,-1.000000,91,0,0,0,0,0,-1,-1,-1,0.000000
7755,0,-1,-1,-1,-1,0,-1,-1,-1,-1.000000,-1.000000,123,0,0,0,0,0,-1,-1,-1,0.000000
7756,0,50,-1,-1,364,2,47,3,4,0.000000,0.000000,113,16,0,4,0,4,50,-1,-1,0.000000
7757,0,304,-1,-1,2430,0,26,3,4,0.000000,0.000000,120,8,0,5,0,5,304,-1,-1,0.000000
7758,0,-1,-1,-1,-1,0,-1,-1,-1,-1.000000,-1.000000,423,0,0,0,0,0,-1,-1,-1,0.000000
7759,0,-1,-1,-1,-1,0,-1,-1,-1,-1.000000,-1.000000,187,0,0,0,0,0,-1,-1,-1,0.000000
7760,0,49,-1,-1,2548,1,48,3,2,0.000000,0.000000,79,14,0,5,0,5,49,-1,-1,0.000000
7761,0,864,-1,-1,4654,0,13,3,2,0.000000,0.000000,210,1,0,0,0,0,864,-1,-1,0.000000
7762,0,-1,-1,-1,-1,0,-1,-1,-1,-1.000000,-1.000000,243,0,0,0,0,0,-1,-1,-1,0.000000
7763,0,629,-1,-1,2628,26,16,3,2,0.000000,0.000000,35,52,0,11,0,11,629,-1,-1,0.000000
7764,0,-1,-1,-1,-1,0,-1,-1,-1,-1.000000,-1.000000,293,0,0,0,0,0,-1,-1,-1,0.000000
7765,0,-1,-1,-1,-1,0,-1,-1,-1,-1.000000,-1.000000,349,0,0,0,0,0,-1,-1,-1,0.000000
7766,0,34,-1,-1,7599,25,53,3,4,0.000000,0.000000,81,93,0,29,0,29,34,-1,-1,0.000000
7767,0,-1,-1,-1,-1,0,-1,-1,-1,-1.000000,-1.000000,91,0,0,0,0,0,-1,-1,-1,0.000000
7768,0,-1,-1,-1,-1,0,-1,-1,-1,-1.000000,-1.000000,283,0,0,0,0,0,-1,-1,-1,0.000000
7769,0,-1,-1,-1,-1,0,-1,-1,-1,-1.000000,-1.000000,161,0,0,0,0,0,-1,-1,-1,0.000000
7770,0,-1,-1,-1,-1,0,-1,-1,-1,-1.000000,-1.000000,247,0,0,0,0,0,-1,-1,-1,0.000000
7771,0,-1,-1,-1,-1,0,-1,-1,-1,-1.000000,-1.000000,113,0,0,0,0,0,-1,-1,-1,0.000000
7772,0,73,-1,-1,1065,0,44,3,2,0.000000,0.000000,101,8,0,0,0,0,73,-1,-1,0.000000
7773,0,49,-1,-1,4084,103,49,3,4,0.000000,0.000000,67,205,0,69,0,69,49,-1,-1,0.000000
7774,0,-1,-1,-1,-1,0,-1,-1,-1,-1.000000,-1.000000,125,0,0,0,0,0,-1,-1,-1,0.000000
7775,0,192,-1,-1,4413,0,29,3,4,0.000000,0.000000,83,8,0,3,0,3,192,-1,-1,0.000000
7776,0,50,-1,-1,7395,47,47,3,4,0.000000,0.000000,105,132,0,30,0,30,50,-1,-1,0.000000
7777,0,27,-1,-1,5399,101,59,3,4,0.000000,0.000000,83,226,0,68,0,68,27,-1,-1,0.000000
7778,0,-1,-1,-1,-1,0,-1,-1,-1,-1.000000,-1.000000,341,0,0,0,0,0,-1,-1,-1,0.000000
7779,0,-1,-1,-1,-1,0,-1,-1,-1,-1.000000,-1.000000,399,0,0,0,0,0,-1,-1,-1,0.000000
7780,0,-1,-1,-1,-1,0,-1,-1,-1,-1.000000,-1.000000,147,0,0,0,0,0,-1,-1,-1,0.000000
7781,0,-1,-1,-1,-1,0,-1,-1,-1,-1.000000,-1.000000,498,0,0,0,0,0,-1,-1,-1,0.000000
7782,0,-1,-1,-1,-1,0,-1,-1,-1,-1.000000,-1.000000,187,0,0,0,0,0,-1,-1,-1,0.000000
7783,0,-1,-1,-1,-1,0,-1,-1,-1,-1.000000,-1.000000,134,0,0,0,0,0,-1,-1,-1,0.000000
7784,0,-1,-1,-1,-1,0,-1,-1,-1,-1.000000,-1.000000,149,0,0,0,0,0,-1,-1,-1,0.000000
7785,0,-1,-1,-1,-1,0,-1,-1,-1,-1.000000,-1.000000,147,0,0,0,0,0,-1,-1,-1,0.000000
7786,0,-1,-1,-1,-1,0,-1,-1,-1,-1.000000,-1.000000,172,0,0,0,0,0,-1,-1,-1,0.000000
7787,0,-1,-1,-1,-1,0,-1,-1,-1,-1.000000,-1.000000,421,0,0,0,0,0,-1,-1,-1,0.000000
7788,0,-1,-1,-1,-1,0,-1,-1,-1,-1.000000,-1.000000,99,0,0,0,0,0,-1,-1,-1,0.000000
7789,0,-1,-1,-1,-1,0,-1,-1,-1,-1.000000,-1.000000,185,0,0,0,0,0,-1,-1,-1,0.000000
7790,0,-1,-1,-1,-1,0,-1,-1,-1,-1.000000,-1.000000,159,0,0,0,0,0,-1,-1,-1,0.000000
7791,0,-1,-1,-1,-1,0,-1,-1,-1,-1.000000,-1.000000,133,0,0,0,0,0,-1,-1,-1,0.000000
7792,0,-1,-1,-1,-1,0,-1,-1,-1,-1.000000,-1.000000,159,0,0,0,0,0,-1,-1,-1,0.000000
7793,0,-1,-1,-1,-1,0,-1,-1,-1,-1.000000,-1.000000,315,0,0,0,0,0,-1,-1,-1,0.000000
7794,0,21,-1,-1,5187,881,69,3,4,0.000000,0.000000,23,811,0,160,0,160,21,-1,-1,0.000000
7795,0,-1,-1,-1,-1,0,-1,-1,-1,-1.000000,-1.000000,315,0,0,0,0,0,-1,-1,-1,0.000000
7796,0,-1,-1,-1,-1,0,-1,-1,-1,-1.000000,-1.000000,203,0,0,0,0,0,-1,-1,-1,0.000000
7797,0,378,-1,-1,4454,260,23,3,2,0.000000,0.000000,56,346,0,57,0,57,378,-1,-1,0.000000
7798,0,-1,-1,-1,-1,0,-1,-1,-1,-1.000000,-1.000000,165,0,0,0,0,0,-1,-1,-1,0.000000
7799,0,25,-1,-1,2126,756,63,3,4,0.000000,0.000000,59,704,0,210,0,210,25,-1,-1,0.000000
7800,0,-1,-1,-1,-1,0,-1,-1,-1,-1.000000,-1.000000,295,0,0,0,0,0,-1,-1,-1,0.000000
7801,0,-1,-1,-1,-1,0,-1,-1,-1,-1.000000,-1.000000,487,0,0,0,0,0,-1,-1,-1,0.000000
7802,0,-1,-1,-1,-1,0,-1,-1,-1,-1.000000,-1.000000,105,0,0,0,0,0,-1,-1,-1,0.000000
7803,0,-1,-1,-1,-1,0,-1,-1,-1,-1.000000,-1.000000,178,0,0,0,0,0,-1,-1,-1,0.000000
7804,0,-1,-1,-1,-1,0,-1,-1,-1,-1.000000,-1.000000,229,0,0,0,0,0,-1,-1,-1,0.000000
7805,0,31,-1,-1,1204,768,55,3,2,0.000000,0.000000,46,687,0,278,0,278,31,-1,-1,0.000000
7806,0,-1,-1,-1,-1,0,-1,-1,-1,-1.000000,-1.000000,378,0,0,0,0,0,-1,-1,-1,0.000000
7807,0,-1,-1,-1,-1,0,-1,-1,-1,-1.000000,-1.000000,430,0,0,0,0,0,-1,-1,-1,0.000000
7808,0,-1,-1,-1,-1,0,-1,-1,-1,-1.000000,-1.000000,206,0,0,0,0,0,-1,-1,-1,0.000000
7809,0,294,-1,-1,3265,0,24,3,2,0.000000,0.000000,77,1,0,0,0,0,294,-1,-1,0.000000
7810,0,-1,-1,-1,-1,0,-1,-1,-1,-1.000000,-1.000000,145,0,0,0,0,0,-1,-1,-1,0.000000
7811,0,-1,-1,-1,-1,0,-1,-1,-1,-1.000000,-1.000000,100,0,0,0,0,0,-1,-1,-1,0.000000
7812,0,46,-1,-1,7793,364,49,3,4,0.000000,0.000000,63,509,0,84,0,84,46,-1,-1,0.000000
7813,0,-1,-1,-1,-1,0,-1,-1,-1,-1.000000,-1.000000,447,0,0,0,0,0,-1,-1,-1,0.000000
7814,0,26,-1,-1,3070,740,60,3,2,0.000000,0.000000,27,727,0,144,0,144,26,-1,-1,0.000000
7815,0,-1,-1,-1,-1,0,-1,-1,-1,-1.000000,-1.000000,179,0,0,0,0,0,-1,-1,-1,0.000000
7816,0,-1,-1,-1,-1,0,-1,-1,-1,-1.000000,-1.000000,221,0,0,0,0,0,-1,-1,-1,0.000000
7817,0,-1,-1,-1,-1,0,-1,-1,-1,-1.000000,-1.000000,242,0,0,0,0,0,-1,-1,-1,0.000000
7818,0,-1,-1,-1,-1,0,-1,-1,-1,-1.000000,-1.000000,201,0,0,0,0,0,-1,-1,-1,0.000000
7819,0,-1,-1,-1,-1,0,-1,-1,-1,-1.000000,-1.000000,131,0,0,0,0,0,-1,-1,-1,0.000000
7820,0,-1,-1,-1,-1,0,-1,-1,-1,-1.000000,-1.000000,283,0,0,0,0,0,-1,-1,-1,0.000000
7821,0,-1,-1,-1,-1,0,-1,-1,-1,-1.000000,-1.000000,323,0,0,0,0,0,-1,-1,-1,0.000000
7822,0,-1,-1,-1,-1,0,-1,-1,-1,-1.000000,-1.000000,275,0,0,0,0,0,-1,-1,-1,0.000000
7823,0,-1,-1,-1,-1,0,-1,-1,-1,-1.000000,-1.000000,119,0,0,0,0,0,-1,-1,-1,0.000000
7824,0,-1,-1,-1,-1,0,-1,-1,-1,-1.000000,-1.000000,255,0,0,0,0,0,-1,-1,-1,0.000000
7825,0,-1,-1,-1,-1,0,-1,-1,-1,-1.000000,-1.000000,250,0,0,0,0,0,-1,-1,-1,0.000000
7826,0,-1,-1,-1,-1,0,-1,-1,-1,-1.000000,-1.000000,287,0,0,0,0,0,-1,-1,-1,0.000000
7827,0,-1,-1,-1,-1,0,-1,-1,-1,-1.000000,-1.000000,85,0,0,0,0,0,-1,-1,-1,0.000000
7828,0,-1,-1,-1,-1,0,-1,-1,-1,-1.000000,-1.000000,311,0,0,0,0,0,-1,-1,-1,0.000000
7829,0,-1,-1,-1,-1,0,-1,-1,-1,-1.000000,-1.000000,145,0,0,0,0,0,-1,-1,-1,0.000000
7830,0,-1,-1,-1,-1,0,-1,-1,-1,-1.000000,-1.000000,209,0,0,0,0,0,-1,-1,-1,0.000000
7831,0,145,-1,-1,1774,2,33,3,4,0.000000,0.000000,59,15,0,1,0,1,145,-1,-1,0.000000
7832,0,42,-1,-1,4949,66,50,3,2,0.000000,0.000000,75,126,0,58,0,58,42,-1,-1,0.000000
7833,0,-1,-1,-1,-1,0,-1,-1,-1,-1.000000,-1.000000,239,0,0,0,0,0,-1,-1,-1,0.000000
7834,0,-1,-1,-1,-1,0,-1,-1,-1,-1.000000,-1.000000,240,0,0,0,0,0,-1,-1,-1,0.000000
7835,0,-1,-1,-1,-1,0,-1,-1,-1,-1.000000,-1.000000,379,0,0,0,0,0,-1,-1,-1,0.000000
7836,0,26,-1,-1,6195,728,62,3,2,0.000000,0.000000,45,724,0,158,0,158,26,-1,-1,0.000000
7837,0,-1,-1,-1,-1,0,-1,-1,-1,-1.000000,-1.000000,475,0,0,0,0,0,-1,-1,-1,0.000000
7838,0,-1,-1,-1,-1,0,-1,-1,-1,-1.000000,-1.000000,149,0,0,0,0,0,-1,-1,-1,0.000000
7839,0,24,-1,-1,67,697,64,3,2,0.000000,0.000000,63,673,0,231,0,231,24,-1,-1,0.000000
7840,0,-1,-1,-1,-1,0,-1,-1,-1,-1.000000,-1.000000,105,0,0,0,0,0,-1,-1,-1,0.000000
7841,0,13,-1,-1,4505,596,70,3,2,0.000000,0.000000,25,713,0,270,0,270,13,-1,-1,0.000000
7842,0,52,-1,-1,392,216,47,3,2,0.000000,0.000000,64,315,0,80,0,80,52,-1,-1,0.000000
7843,0,-1,-1,-1,-1,0,-1,-1,-1,-1.000000,-1.000000,165,0,0,0,0,0,-1,-1,-1,0.000000
7844,0,-1,-1,-1,-1,0,-1,-1,-1,-1.000000,-1.000000,367,0,0,0,0,0,-1,-1,-1,0.000000
7845,0,-1,-1,-1,-1,0,-1,-1,-1,-1.000000,-1.000000,156,0,0,0,0,0,-1,-1,-1,0.000000
7846,0,-1,-1,-1,-1,0,-1,-1,-1,-1.000000,-1.000000,266,0,0,0,0,0,-1,-1,-1,0.000000
7847,0,-1,-1,-1,-1,0,-1,-1,-1,-1.000000,-1.000000,233,0,0,0,0,0,-1,-1,-1,0.000000
7848,0,47,-1,-1,1571,794,49,3,2,0.000000,0.000000,22,809,0,135,0,135,47,-1,-1,0.000000
7849,0,-1,-1,-1,-1,0,-1,-1,-1,-1.000000,-1.000000,202,0,0,0,0,0,-1,-1,-1,0.000000
7850,0,42,-1,-1,5834,144,50,3,2,0.000000,0.000000,69,297,0,52,0,52,42,-1,-1,0.000000
7851,0,52,-1,-1,2831,1,47,3,4,0.000000,0.000000,107,18,0,8,0,8,52,-1,-1,0.000000
7852,0,-1,-1,-1,-1,0,-1,-1,-1,-1.000000,-1.000000,103,0,0,0,0,0,-1,-1,-1,0.000000
7853,0,-1,-1,-1,-1,0,-1,-1,-1,-1.000000,-1.000000,101,0,0,0,0,0,-1,-1,-1,0.000000
7854,0,-1,-1,-1,-1,0,-1,-1,-1,-1.000000,-1.000000,214,0,0,0,0,0,-1,-1,-1,0.000000
7855,0,-1,-1,-1,-1,0,-1,-1,-1,-1.000000,-1.000000,154,0,0,0,0,0,-1,-1,-1,0.000000
7856,0,-1,-1,-1,-1,0,-1,-1,-1,-1.000000,-1.000000,187,0,0,0,0,0,-1,-1,-1,0.000000
7857,0,18,-1,-1,7481,757,68,3,2,0.000000,0.000000,47,754,0,212,0,212,18,-1,-1,0.000000
7858,0,18,-1,-1,6976,677,70,3,2,0.000000,0.000000,13,795,0,187,0,187,18,-1,-1,0.000000
7859,0,9,-1,-1,4992,712,68,3,2,0.000000,0.000000,15,718,0,267,0,267,9,-1,-1,0.000000
7860,0,-1,-1,-1,-1,0,-1,-1,-1,-1.000000,-1.000000,131,0,0,0,0,0,-1,-1,-1,0.000000
7861,0,25,-1,-1,4690,646,63,3,4,0.000000,0.000000,23,718,0,257,0,257,25,-1,-1,0.000000
7862,0,45,-1,-1,7636,2,51,3,4,0.000000,0.000000,85,6,0,6,0,6,45,-1,-1,0.000000
7863,0,-1,-1,-1,-1,0,-1,-1,-1,-1.000000,-1.000000,488,0,0,0,0,0,-1,-1,-1,0.000000
7864,0,-1,-1,-1,-1,0,-1,-1,-1,-1.000000,-1.000000,133,0,0,0,0,0,-1,-1,-1,0.000000
7865,0,-1,-1,-1,-1,0,-1,-1,-1,-1.000000,-1.000000,113,0,0,0,0,0,-1,-1,-1,0.000000
7866,0,411,-1,-1,6017,264,22,3,2,0.000000,0.000000,27,331,0,50,0,50,411,-1,-1,0.000000
7867,0,-1,-1,-1,-1,0,-1,-1,-1,-1.000000,-1.000000,293,0,0,0,0,0,-1,-1,-1,0.000000
7868,0,-1,-1,-1,-1,0,-1,-1,-1,-1.000000,-1.000000,162,0,0,0,0,0,-1,-1,-1,0.000000
7869,0,32,-1,-1,4247,292,55,3,4,0.000000,0.000000,79,377,0,170,0,170,32,-1,-1,0.000000
7870,0,-1,-1,-1,-1,0,-1,-1,-1,-1.000000,-1.000000,347,0,0,0,0,0,-1,-1,-1,0.000000
7871,0,-1,-1,-1,-1,0,-1,-1,-1,-1.000000,-1.000000,179,0,0,0,0,0,-1,-1,-1,0.000000
7872,0,-1,-1,-1,-1,0,-1,-1,-1,-1.000000,-1.000000,129,0,0,0,0,0,-1,-1,-1,0.000000
7873,0,-1,-1,-1,-1,0,-1,-1,-1,-1.000000,-1.000000,229,0,0,0,0,0,-1,-1,-1,0.000000
7874,0,-1,-1,-1,-1,0,-1,-1,-1,-1.000000,-1.000000,144,0,0,0,0,0,-1,-1,-1,0.000000
7875,0,-1,-1,-1,-1,0,-1,-1,-1,-1.000000,-1.000000,123,0,0,0,0,0,-1,-1,-1,0.000000
7876,0,-1,-1,-1,-1,0,-1,-1,-1,-1.000000,-1.000000,187,0,0,0,0,0,-1,-1,-1,0.000000
7877,0,-1,-1,-1,-1,0,-1,-1,-1,-1.000000,-1.000000,149,0,0,0,0,0,-1,-1,-1,0.000000
7878,0,-1,-1,-1,-1,0,-1,-1,-1,-1.000000,-1.000000,364,0,0,0,0,0,-1,-1,-1,0.000000
7879,0,-1,-1,-1,-1,0,-1,-1,-1,-1.000000,-1.000000,231,0,0,0,0,0,-1,-1,-1,0.000000
7880,0,-1,-1,-1,-1,0,-1,-1,-1,-1.000000,-1.000000,162,0,0,0,0,0,-1,-1,-1,0.000000
7881,0,27,-1,-1,4321,804,61,3,4,0.000000,0.000000,53,721,0,215,0,215,27,-1,-1,0.000000
7882,0,-1,-1,-1,-1,0,-1,-1,-1,-1.000000,-1.000000,406,0,0,0,0,0,-1,-1,-1,0.000000
7883,0,-1,-1,-1,-1,0,-1,-1,-1,-1.000000,-1.000000,129,0,0,0,0,0,-1,-1,-1,0.000000
7884,0,55,-1,-1,3057,33,48,3,2,0.000000,0.000000,93,102,0,38,0,38,55,-1,-1,0.000000
7885,0,-1,-1,-1,-1,0,-1,-1,-1,-1.000000,-1.000000,411,0,0,0,0,0,-1,-1,-1,0.000000
7886,0,-1,-1,-1,-1,0,-1,-1,-1,-1.000000,-1.000000,307,0,0,0,0,0,-1,-1,-1,0.000000
7887,0,-1,-1,-1,-1,0,-1,-1,-1,-1.000000,-1.000000,441,0,0,0,0,0,-1,-1,-1,0.000000
7888,0,-1,-1,-1,-1,0,-1,-1,-1,-1.000000,-1.000000,137,0,0,0,0,0,-1,-1,-1,0.000000
7889,0,-1,-1,-1,-1,0,-1,-1,-1,-1.000000,-1.000000,180,0,0,0,0,0,-1,-1,-1,0.000000
7890,0,-1,-1,-1,-1,0,-1,-1,-1,-1.000000,-1.000000,299,0,0,0,0,0,-1,-1,-1,0.000000
7891,0,-1,-1,-1,-1,0,-1,-1,-1,-1.000000,-1.000000,169,0,0,0,0,0,-1,-1,-1,0.000000
7892,0,28,-1,-1,1507,560,58,3,2,0.000000,0.000000,49,587,0,168,0,168,28,-1,-1,0.000000
7893,0,-1,-1,-1,-1,0,-1,-1,-1,-1.000000,-1.000000,270,0,0,0,0,0,-1,-1,-1,0.000000
7894,0,-1,-1,-1,-1,0,-1,-1,-1,-1.000000,-1.000000,145,0,0,0,0,0,-1,-1,-1,0.000000
7895,0,-1,-1,-1,-1,0,-1,-1,-1,-1.000000,-1.000000,163,0,0,0,0,0,-1,-1,-1,0.000000
7896,0,-1,-1,-1,-1,0,-1,-1,-1,-1.000000,-1.000000,227,0,0,0,0,0,-1,-1,-1,0.000000
7897,0,-1,-1,-1,-1,0,-1,-1,-1,-1.000000,-1.000000,173,0,0,0,0,0,-1,-1,-1,0.000000
7898,0,-1,-1,-1,-1,0,-1,-1,-1,-1.000000,-1.000000,231,0,0,0,0,0,-1,-1,-1,0.000000
7899,0,-1,-1,-1,-1,0,-1,-1,-1,-1.000000,-1.000000,130,0,0,0,0,0,-1,-1,-1,0.000000
7900,0,-1,-1,-1,-1,0,-1,-1,-1,-1.000000,-1.000000,417,0,0,0,0,0,-1,-1,-1,0.000000
7901,0,-1,-1,-1,-1,0,-1,-1,-1,-1.000000,-1.000000,161,0,0,0,0,0,-1,-1,-1,0.000000
7902,0,-1,-1,-1,-1,0,-1,-1,-1,-1.000000,-1.000000,163,0,0,0,0,0,-1,-1,-1,0.000000
7903,0,-1,-1,-1,-1,0,-1,-1,-1,-1.000000,-1.000000,364,0,0,0,0,0,-1,-1,-1,0.000000
7904,0,-1,-1,-1,-1,0,-1,-1,-1,-1.000000,-1.000000,398,0,0,0,0,0,-1,-1,-1,0.000000
7905,0,-1,-1,-1,-1,0,-1,-1,-1,-1.000000,-1.000000,107,0,0,0,0,0,-1,-1,-1,0.000000
7906,0,-1,-1,-1,-1,0,-1,-1,-1,-1.000000,-1.000000,253,0,0,0,0,0,-1,-1,-1,0.000000
7907,0,-1,-1,-1,-1,0,-1,-1,-1,-1.000000,-1.000000,110,0,0,0,0,0,-1,-1,-1,0.000000
7908,0,-1,-1,-1,-1,0,-1,-1,-1,-1.000000,-1.000000,365,0,0,0,0,0,-1,-1,-1,0.000000
7909,0,-1,-1,-1,-1,0,-1,-1,-1,-1.000000,-1.000000,267,0,0,0,0,0,-1,-1,-1,0.000000
7910,0,-1,-1,-1,-1,0,-1,-1,-1,-1.000000,-1.000000,139,0,0,0,0,0,-1,-1,-1,0.000000
7911,0,-1,-1,-1,-1,0,-1,-1,-1,-1.000000,-1.000000,326,0,0,0,0,0,-1,-1,-1,0.000000
7912,0,-1,-1,-1,-1,0,-1,-1,-1,-1.000000,-1.000000,261,0,0,0,0,0,-1,-1,-1,0.000000
7913,0,-1,-1,-1,-1,0,-1,-1,-1,-1.000000,-1.000000,121,0,0,0,0,0,-1,-1,-1,0.000000
7914,0,-1,-1,-1,-1,0,-1,-1,-1,-1.000000,-1.000000,353,0,0,0,0,0,-1,-1,-1,0.000000
7915,0,-1,-1,-1,-1,0,-1,-1,-1,-1.000000,-1.000000,173,0,0,0,0,0,-1,-1,-1,0.000000
7916,0,-1,-1,-1,-1,0,-1,-1,-1,-1.000000,-1.000000,121,0,0,0,0,0,-1,-1,-1,0.000000
7917,0,-1,-1,-1,-1,0,-1,-1,-1,-1.000000,-1.000000,223,0,0,0,0,0,-1,-1,-1,0.000000
7918,0,-1,-1,-1,-1,0,-1,-1,-1,-1.000000,-1.000000,101,0,0,0,0,0,-1,-1,-1,0.000000
7919,0,23,-1,-1,7799,719,64,3,2,0.000000,0.000000,39,773,0,193,0,193,23,-1,-1,0.000000
7920,0,-1,-1,-1,-1,0,-1,-1,-1,-1.000000,-1.000000,119,0,0,0,0,0,-1,-1,-1,0.000000
7921,0,-1,-1,-1,-1,0,-1,-1,-1,-1.000000,-1.000000,199,0,0,0,0,0,-1,-1,-1,0.000000
7922,0,-1,-1,-1,-1,0,-1,-1,-1,-1.000000,-1.000000,207,0,0,0,0,0,-1,-1,-1,0.000000
7923,0,-1,-1,-1,-1,0,-1,-1,-1,-1.000000,-1.000000,219,0,0,0,0,0,-1,-1,-1,0.000000
7924,0,-1,-1,-1,-1,0,-1,-1,-1,-1.000000,-1.000000,271,0,0,0,0,0,-1,-1,-1,0.000000
7925,0,-1,-1,-1,-1,0,-1,-1,-1,-1.000000,-1.000000,215,0,0,0,0,0,-1,-1,-1,0.000000
7926,0,-1,-1,-1,-1,0,-1,-1,-1,-1.000000,-1.000000,202,0,0,0,0,0,-1,-1,-1,0.000000
7927,0,-1,-1,-1,-1,0,-1,-1,-1,-1.000000,-1.000000,315,0,0,0,0,0,-1,-1,-1,0.000000
7928,0,29,-1,-1,5010,745,57,3,4,0.000000,0.000000,39,722,0,211,0,211,29,-1,-1,0.000000
7929,0,-1,-1,-1,-1,0,-1,-1,-1,-1.000000,-1.000000,353,0,0,0,0,0,-1,-1,-1,0.000000
7930,0,-1,-1,-1,-1,0,-1,-1,-1,-1.000000,-1.000000,161,0,0,0,0,0,-1,-1,-1,0.000000
7931,0,-1,-1,-1,-1,0,-1,-1,-1,-1.000000,-1.000000,129,0,0,0,0,0,-1,-1,-1,0.000000
7932,0,139,-1,-1,616,142,38,3,2,0.000000,0.000000,35,251,0,45,0,45,139,-1,-1,0.000000
7933,0,-1,-1,-1,-1,0,-1,-1,-1,-1.000000,-1.000000,227,0,0,0,0,0,-1,-1,-1,0.000000
7934,0,-1,-1,-1,-1,0,-1,-1,-1,-1.000000,-1.000000,179,0,0,0,0,0,-1,-1,-1,0.000000
7935,0,-1,-1,-1,-1,0,-1,-1,-1,-1.000000,-1.000000,149,0,0,0,0,0,-1,-1,-1,0.000000
7936,0,-1,-1,-1,-1,0,-1,-1,-1,-1.000000,-1.000000,247,0,0,0,0,0,-1,-1,-1,0.000000
7937,0,-1,-1,-1,-1,0,-1,-1,-1,-1.000000,-1.000000,257,0,0,0,0,0,-1,-1,-1,0.000000
7938,0,-1,-1,-1,-1,0,-1,-1,-1,-1.000000,-1.000000,379,0,0,0,0,0,-1,-1,-1,0.000000
7939,0,-1,-1,-1,-1,0,-1,-1,-1,-1.000000,-1.000000,275,0,0,0,0,0,-1,-1,-1,0.000000
7940,0,182,-1,-1,4323,0,32,3,2,0.000000,0.000000,113,1,0,0,0,0,182,-1,-1,0.000000
7941,0,-1,-1,-1,-1,0,-1,-1,-1,-1.000000,-1.000000,393,0,0,0,0,0,-1,-1,-1,0.000000
7942,0,43,-1,-1,3478,15,50,3,2,0.000000,0.000000,59,55,0,20,0,20,43,-1,-1,0.000000
7943,0,22,-1,-1,2530,733,65,3,4,0.000000,0.000000,61,760,0,187,0,187,22,-1,-1,0.000000
7944,0,349,-1,-1,927,0,23,3,2,0.000000,0.000000,98,1,0,0,0,0,349,-1,-1,0.000000
7945,0,-1,-1,-1,-1,0,-1,-1,-1,-1.000000,-1.000000,286,0,0,0,0,0,-1,-1,-1,0.000000
7946,0,-1,-1,-1,-1,0,-1,-1,-1,-1.000000,-1.000000,129,0,0,0,0,0,-1,-1,-1,0.000000
7947,0,34,-1,-1,6314,604,54,3,2,0.000000,0.000000,93,688,0,158,0,158,34,-1,-1,0.000000
7948,0,-1,-1,-1,-1,0,-1,-1,-1,-1.000000,-1.000000,446,0,0,0,0,0,-1,-1,-1,0.000000
7949,0,493,-1,-1,7279,7,18,3,4,0.000000,0.000000,66,42,0,9,0,9,493,-1,-1,0.000000
7950,0,-1,-1,-1,-1,0,-1,-1,-1,-1.000000,-1.000000,281,0,0,0,0,0,-1,-1,-1,0.000000
7951,0,-1,-1,-1,-1,0,-1,-1,-1,-1.000000,-1.000000,221,0,0,0,0,0,-1,-1,-1,0.000000
7952,0,-1,-1,-1,-1,0,-1,-1,-1,-1.000000,-1.000000,81,0,0,0,0,0,-1,-1,-1,0.000000
7953,0,62,-1,-1,3782,14,47,3,4,0.000000,0.000000,67,45,0,14,0,14,62,-1,-1,0.000000
7954,0,-1,-1,-1,-1,0,-1,-1,-1,-1.000000,-1.000000,287,0,0,0,0,0,-1,-1,-1,0.000000
7955,0,-1,-1,-1,-1,0,-1,-1,-1,-1.000000,-1.000000,409,0,0,0,0,0,-1,-1,-1,0.000000
7956,0,-1,-1,-1,-1,0,-1,-1,-1,-1.000000,-1.000000,144,0,0,0,0,0,-1,-1,-1,0.000000
7957,0,-1,-1,-1,-1,0,-1,-1,-1,-1.000000,-1.000000,359,0,0,0,0,0,-1,-1,-1,0.000000
7958,0,-1,-1,-1,-1,0,-1,-1,-1,-1.000000,-1.000000,133,0,0,0,0,0,-1,-1,-1,0.000000
7959,0,43,-1,-1,2389,116,49,3,4,0.000000,0.000000,91,248,0,65,0,65,43,-1,-1,0.000000
7960,0,-1,-1,-1,-1,0,-1,-1,-1,-1.000000,-1.000000,107,0,0,0,0,0,-1,-1,-1,0.000000
7961,0,111,-1,-1,5293,0,37,3,4,0.000000,0.000000,69,2,0,1,0,1,111,-1,-1,0.000000
7962,0,-1,-1,-1,-1,0,-1,-1,-1,-1.000000,-1.000000,180,0,0,0,0,0,-1,-1,-1,0.000000
7963,0,-1,-1,-1,-1,0,-1,-1,-1,-1.000000,-1.000000,384,0,0,0,0,0,-1,-1,-1,0.000000
7964,0,-1,-1,-1,-1,0,-1,-1,-1,-1.000000,-1.000000,193,0,0,0,0,0,-1,-1,-1,0.000000
7965,0,-1,-1,-1,-1,0,-1,-1,-1,-1.000000,-1.000000,462,0,0,0,0,0,-1,-1,-1,0.000000
7966,0,-1,-1,-1,-1,0,-1,-1,-1,-1.000000,-1.000000,413,0,0,0,0,0,-1,-1,-1,0.000000
7967,0,40,-1,-1,4402,482,53,3,4,0.000000,0.000000,55,567,0,177,0,177,40,-1,-1,0.000000
7968,0,-1,-1,-1,-1,0,-1,-1,-1,-1.000000,-1.000000,289,0,0,0,0,0,-1,-1,-1,0.000000
7969,0,-1,-1,-1,-1,0,-1,-1,-1,-1.000000,-1.000000,391,0,0,0,0,0,-1,-1,-1,0.000000
7970,0,569,-1,-1,3006,0,17,3,2,0.000000,0.000000,56,12,0,2,0,2,569,-1,-1,0.000000
7971,0,-1,-1,-1,-1,0,-1,-1,-1,-1.000000,-1.000000,161,0,0,0,0,0,-1,-1,-1,0.000000
7972,0,-1,-1,-1,-1,0,-1,-1,-1,-1.000000,-1.000000,171,0,0,0,0,0,-1,-1,-1,0.000000
7973,0,-1,-1,-1,-1,0,-1,-1,-1,-1.000000,-1.000000,279,0,0,0,0,0,-1,-1,-1,0.000000
7974,0,-1,-1,-1,-1,0,-1,-1,-1,-1.000000,-1.000000,99,0,0,0,0,0,-1,-1,-1,0.000000
7975,0,44,-1,-1,3552,85,50,3,2,0.000000,0.000000,69,205,0,61,0,61,44,-1,-1,0.000000
7976,0,-1,-1,-1,-1,0,-1,-1,-1,-1.000000,-1.000000,431,0,0,0,0,0,-1,-1,-1,0.000000
7977,0,27,-1,-1,856,720,61,3,4,0.000000,0.000000,45,654,0,267,0,267,27,-1,-1,0.000000
7978,0,-1,-1,-1,-1,0,-1,-1,-1,-1.000000,-1.000000,493,0,0,0,0,0,-1,-1,-1,0.000000
7979,0,-1,-1,-1,-1,0,-1,-1,-1,-1.000000,-1.000000,185,0,0,0,0,0,-1,-1,-1,0.000000
7980,0,-1,-1,-1,-1,0,-1,-1,-1,-1.000000,-1.000000,109,0,0,0,0,0,-1,-1,-1,0.000000
7981,0,-1,-1,-1,-1,0,-1,-1,-1,-1.000000,-1.000000,383,0,0,0,0,0,-1,-1,-1,0.000000
7982,0,-1,-1,-1,-1,0,-1,-1,-1,-1.000000,-1.000000,347,0,0,0,0,0,-1,-1,-1,0.000000
7983,0,-1,-1,-1,-1,0,-1,-1,-1,-1.000000,-1.000000,165,0,0,0,0,0,-1,-1,-1,0.000000
7984,0,-1,-1,-1,-1,0,-1,-1,-1,-1.000000,-1.000000,119,0,0,0,0,0,-1,-1,-1,0.000000
7985,0,29,-1,-1,6079,1,56,3,2,0.000000,0.000000,75,21,0,2,0,2,29,-1,-1,0.000000
7986,0,51,-1,-1,6057,38,47,3,4,0.000000,0.000000,71,99,0,28,0,28,51,-1,-1,0.000000
7987,0,-1,-1,-1,-1,0,-1,-1,-1,-1.000000,-1.000000,243,0,0,0,0,0,-1,-1,-1,0.000000
7988,0,-1,-1,-1,-1,0,-1,-1,-1,-1.000000,-1.000000,113,0,0,0,0,0,-1,-1,-1,0.000000
7989,0,528,-1,-1,5792,0,17,3,4,0.000000,0.000000,115,0,0,1,0,1,528,-1,-1,0.000000
7990,0,-1,-1,-1,-1,0,-1,-1,-1,-1.000000,-1.000000,459,0,0,0,0,0,-1,-1,-1,0.000000
7991,0,-1,-1,-1,-1,0,-1,-1,-1,-1.000000,-1.000000,68,0,0,0,0,0,-1,-1,-1,0.000000
7992,0,-1,-1,-1,-1,0,-1,-1,-1,-1.000000,-1.000000,123,0,0,0,0,0,-1,-1,-1,0.000000
7993,0,-1,-1,-1,-1,0,-1,-1,-1,-1.000000,-1.000000,380,0,0,0,0,0,-1,-1,-1,0.000000
7994,0,-1,-1,-1,-1,0,-1,-1,-1,-1.000000,-1.000000,534,0,0,0,0,0,-1,-1,-1,0.000000
7995,0,-1,-1,-1,-1,0,-1,-1,-1,-1.000000,-1.000000,283,0,0,0,0,0,-1,-1,-1,0.000000
7996,0,-1,-1,-1,-1,0,-1,-1,-1,-1.000000,-1.000000,163,0,0,0,0,0,-1,-1,-1,0.000000
7997,0,-1,-1,-1,-1,0,-1,-1,-1,-1.000000,-1.000000,125,0,0,0,0,0,-1,-1,-1,0.000000
7998,0,82,-1,-1,616,636,43,3,2,0.000000,0.000000,32,745,0,163,0,163,82,-1,-1,0.000000
7999,0,561,-1,-1,7147,17,20,3,2,0.000000,0.000000,81,56,0,9,0,9,561,-1,-1,0.000000
8000,0,-1,-1,-1,-1,0,-1,-1,-1,-1.000000,-1.000000,405,0,0,0,0,0,-1,-1,-1,0.000000
8001,0,-1,-1,-1,-1,0,-1,-1,-1,-1.000000,-1.000000,127,0,0,0,0,0,-1,-1,-1,0.000000
8002,0,-1,-1,-1,-1,0,-1,-1,-1,-1.000000,-1.000000,159,0,0,0,0,0,-1,-1,-1,0.000000
8003,0,-1,-1,-1,-1,0,-1,-1,-1,-1.000000,-1.000000,95,0,0,0,0,0,-1,-1,-1,0.000000
8004,0,-1,-1,-1,-1,0,-1,-1,-1,-1.000000,-1.000000,317,0,0,0,0,0,-1,-1,-1,0.000000
8005,0,-1,-1,-1,-1,0,-1,-1,-1,-1.000000,-1.000000,145,0,0,0,0,0,-1,-1,-1,0.000000
8006,0,-1,-1,-1,-1,0,-1,-1,-1,-1.000000,-1.000000,385,0,0,0,0,0,-1,-1,-1,0.000000
8007,0,-1,-1,-1,-1,0,-1,-1,-1,-1.000000,-1.000000,72,0,0,0,0,0,-1,-1,-1,0.000000
8008,0,-1,-1,-1,-1,0,-1,-1,-1,-1.000000,-1.000000,374,0,0,0,0,0,-1,-1,-1,0.000000
8009,0,-1,-1,-1,-1,0,-1,-1,-1,-1.000000,-1.000000,321,0,0,0,0,0,-1,-1,-1,0.000000
8010,0,-1,-1,-1,-1,0,-1,-1,-1,-1.000000,-1.000000,123,0,0,0,0,0,-1,-1,-1,0.000000
8011,0,-1,-1,-1,-1,0,-1,-1,-1,-1.000000,-1.000000,89,0,0,0,0,0,-1,-1,-1,0.000000
8012,0,-1,-1,-1,-1,0,-1,-1,-1,-1.000000,-1.000000,359,0,0,0,0,0,-1,-1,-1,0.000000
8013,0,-1,-1,-1,-1,0,-1,-1,-1,-1.000000,-1.000000,347,0,0,0,0,0,-1,-1,-1,0.000000
8014,0,-1,-1,-1,-1,0,-1,-1,-1,-1.000000,-1.000000,259,0,0,0,0,0,-1,-1,-1,0.000000
8015,0,-1,-1,-1,-1,0,-1,-1,-1,-1.000000,-1.000000,201,0,0,0,0,0,-1,-1,-1,0.000000
8016,0,-1,-1,-1,-1,0,-1,-1,-1,-1.000000,-1.000000,87,0,0,0,0,0,-1,-1,-1,0.000000
8017,0,-1,-1,-1,-1,0,-1,-1,-1,-1.000000,-1.000000,223,0,0,0,0,0,-1,-1,-1,0.000000
8018,0,-1,-1,-1,-1,0,-1,-1,-1,-1.000000,-1.000000,305,0,0,0,0,0,-1,-1,-1,0.000000
8019,0,-1,-1,-1,-1,0,-1,-1,-1,-1.000000,-1.000000,181,0,0,0,0,0,-1,-1,-1,0.000000
8020,0,-1,-1,-1,-1,0,-1,-1,-1,-1.000000,-1.000000,127,0,0,0,0,0,-1,-1,-1,0.000000
8021,0,-1,-1,-1,-1,0,-1,-1,-1,-1.000000,-1.000000,133,0,0,0,0,0,-1,-1,-1,0.000000
8022,0,-1,-1,-1,-1,0,-1,-1,-1,-1.000000,-1.000000,398,0,0,0,0,0,-1,-1,-1,0.000000
8023,0,-1,-1,-1,-1,0,-1,-1,-1,-1.000000,-1.000000,339,0,0,0,0,0,-1,-1,-1,0.000000
8024,0,-1,-1,-1,-1,0,-1,-1,-1,-1.000000,-1.000000,239,0,0,0,0,0,-1,-1,-1,0.000000
8025,0,-1,-1,-1,-1,0,-1,-1,-1,-1.000000,-1.000000,219,0,0,0,0,0,-1,-1,-1,0.000000
8026,0,-1,-1,-1,-1,0,-1,-1,-1,-1.000000,-1.000000,267,0,0,0,0,0,-1,-1,-1,0.000000
8027,0,25,-1,-1,1060,700,66,3,2,0.000000,0.000000,17,778,0,196,0,196,25,-1,-1,0.000000
8028,0,-1,-1,-1,-1,0,-1,-1,-1,-1.000000,-1.000000,384,0,0,0,0,0,-1,-1,-1,0.000000
8029,0,-1,-1,-1,-1,0,-1,-1,-1,-1.000000,-1.000000,79,0,0,0,0,0,-1,-1,-1,0.000000
8030,0,120,-1,-1,2108,22,38,3,2,0.000000,0.000000,65,72,0,28,0,28,120,-1,-1,0.000000
8031,0,185,-1,-1,2571,6,30,3,2,0.000000,0.000000,93,38,0,10,0,10,185,-1,-1,0.000000
8032,0,23,-1,-1,5169,753,64,3,2,0.000000,0.000000,37,760,0,211,0,211,23,-1,-1,0.000000
8033,0,-1,-1,-1,-1,0,-1,-1,-1,-1.000000,-1.000000,103,0,0,0,0,0,-1,-1,-1,0.000000
8034,0,-1,-1,-1,-1,0,-1,-1,-1,-1.000000,-1.000000,290,0,0,0,0,0,-1,-1,-1,0.000000
8035,0,-1,-1,-1,-1,0,-1,-1,-1,-1.000000,-1.000000,351,0,0,0,0,0,-1,-1,-1,0.000000
8036,0,28,-1,-1,1120,466,58,3,2,0.000000,0.000000,51,542,0,126,0,126,28,-1,-1,0.000000
8037,0,-1,-1,-1,-1,0,-1,-1,-1,-1.000000,-1.000000,169,0,0,0,0,0,-1,-1,-1,0.000000
8038,0,-1,-1,-1,-1,0,-1,-1,-1,-1.000000,-1.000000,175,0,0,0,0,0,-1,-1,-1,0.000000
8039,0,-1,-1,-1,-1,0,-1,-1,-1,-1.000000,-1.000000,157,0,0,0,0,0,-1,-1,-1,0.000000
8040,0,17,-1,-1,4142,789,70,3,2,0.000000,0.000000,29,772,0,198,0,198,17,-1,-1,0.000000
8041,0,25,-1,-1,6441,687,62,3,2,0.000000,0.000000,51,721,0,162,0,162,25,-1,-1,0.000000
8042,0,29,-1,-1,3877,247,59,3,4,0.000000,0.000000,77,364,0,125,0,125,29,-1,-1,0.000000
8043,0,-1,-1,-1,-1,0,-1,-1,-1,-1.000000,-1.000000,365,0,0,0,0,0,-1,-1,-1,0.000000
8044,0,22,-1,-1,3389,807,65,3,4,0.000000,0.000000,45,763,0,162,0,162,22,-1,-1,0.000000
8045,0,-1,-1,-1,-1,0,-1,-1,-1,-1.000000,-1.000000,191,0,0,0,0,0,-1,-1,-1,0.000000
8046,0,22,-1,-1,3774,664,65,3,4,0.000000,0.000000,45,697,0,253,0,253,22,-1,-1,0.000000
8047,0,-1,-1,-1,-1,0,-1,-1,-1,-1.000000,-1.000000,143,0,0,0,0,0,-1,-1,-1,0.000000
8048,0,-1,-1,-1,-1,0,-1,-1,-1,-1.000000,-1.000000,243,0,0,0,0,0,-1,-1,-1,0.000000
8049,0,-1,-1,-1,-1,0,-1,-1,-1,-1.000000,-1.000000,91,0,0,0,0,0,-1,-1,-1,0.000000
8050,0,29,-1,-1,7095,348,56,3,2,0.000000,0.000000,63,445,0,138,0,138,29,-1,-1,0.000000
8051,0,-1,-1,-1,-1,0,-1,-1,-1,-1.000000,-1.000000,173,0,0,0,0,0,-1,-1,-1,0.000000
8052,0,-1,-1,-1,-1,0,-1,-1,-1,-1.000000,-1.000000,143,0,0,0,0,0,-1,-1,-1,0.000000
8053,0,-1,-1,-1,-1,0,-1,-1,-1,-1.000000,-1.000000,197,0,0,0,0,0,-1,-1,-1,0.000000
8054,0,-1,-1,-1,-1,0,-1,-1,-1,-1.000000,-1.000000,181,0,0,0,0,0,-1,-1,-1,0.000000
8055,0,-1,-1,-1,-1,0,-1,-1,-1,-1.000000,-1.000000,409,0,0,0,0,0,-1,-1,-1,0.000000
8056,0,490,-1,-1,7327,0,20,3,2,0.000000,0.000000,97,1,0,0,0,0,490,-1,-1,0.000000
8057,0,39,-1,-1,290,41,51,3,4,0.000000,0.000000,91,124,0,38,0,38,39,-1,-1,0.000000
8058,0,18,-1,-1,7057,728,70,3,2,0.000000,0.000000,25,764,0,212,0,212,18,-1,-1,0.000000
8059,0,-1,-1,-1,-1,0,-1,-1,-1,-1.000000,-1.000000,109,0,0,0,0,0,-1,-1,-1,0.000000
8060,0,-1,-1,-1,-1,0,-1,-1,-1,-1.000000,-1.000000,302,0,0,0,0,0,-1,-1,-1,0.000000
8061,0,-1,-1,-1,-1,0,-1,-1,-1,-1.000000,-1.000000,75,0,0,0,0,0,-1,-1,-1,0.000000
8062,0,-1,-1,-1,-1,0,-1,-1,-1,-1.000000,-1.000000,472,0,0,0,0,0,-1,-1,-1,0.000000
8063,0,-1,-1,-1,-1,0,-1,-1,-1,-1.000000,-1.000000,141,0,0,0,0,0,-1,-1,-1,0.000000
8064,0,-1,-1,-1,-1,0,-1,-1,-1,-1.000000,-1.000000,105,0,0,0,0,0,-1,-1,-1,0.000000
8065,0,-1,-1,-1,-1,0,-1,-1,-1,-1.000000,-1.000000,329,0,0,0,0,0,-1,-1,-1,0.000000
8066,0,-1,-1,-1,-1,0,-1,-1,-1,-1.000000,-1.000000,135,0,0,0,0,0,-1,-1,-1,0.000000
8067,0,-1,-1,-1,-1,0,-1,-1,-1,-1.000000,-1.000000,323,0,0,0,0,0,-1,-1,-1,0.000000
8068,0,-1,-1,-1,-1,0,-1,-1,-1,-1.000000,-1.000000,213,0,0,0,0,0,-1,-1,-1,0.000000
8069,0,25,-1,-1,1643,734,63,3,4,0.000000,0.000000,35,686,0,275,0,275,25,-1,-1,0.000000
8070,0,30,-1,-1,7896,668,56,3,2,0.000000,0.000000,49,665,0,211,0,211,30,-1,-1,0.000000
8071,0,-1,-1,-1,-1,0,-1,-1,-1,-1.000000,-1.000000,117,0,0,0,0,0,-1,-1,-1,0.000000
8072,0,-1,-1,-1,-1,0,-1,-1,-1,-1.000000,-1.000000,305,0,0,0,0,0,-1,-1,-1,0.000000
8073,0,516,-1,-1,517,0,18,3,2,0.000000,0.000000,105,1,0,0,0,0,516,-1,-1,0.000000
8074,0,-1,-1,-1,-1,0,-1,-1,-1,-1.000000,-1.000000,169,0,0,0,0,0,-1,-1,-1,0.000000
8075,0,-1,-1,-1,-1,0,-1,-1,-1,-1.000000,-1.000000,127,0,0,0,0,0,-1,-1,-1,0.000000
8076,0,-1,-1,-1,-1,0,-1,-1,-1,-1.000000,-1.000000,324,0,0,0,0,0,-1,-1,-1,0.000000
8077,0,-1,-1,-1,-1,0,-1,-1,-1,-1.000000,-1.000000,137,0,0,0,0,0,-1,-1,-1,0.000000
8078,0,-1,-1,-1,-1,0,-1,-1,-1,-1.000000,-1.000000,267,0,0,0,0,0,-1,-1,-1,0.000000
8079,0,22,-1,-1,1039,654,64,3,2,0.000000,0.000000,23,787,0,190,0,190,22,-1,-1,0.000000
8080,0,-1,-1,-1,-1,0,-1,-1,-1,-1.000000,-1.000000,184,0,0,0,0,0,-1,-1,-1,0.000000
8081,0,-1,-1,-1,-1,0,-1,-1,-1,-1.000000,-1.000000,514,0,0,0,0,0,-1,-1,-1,0.000000
8082,0,-1,-1,-1,-1,0,-1,-1,-1,-1.000000,-1.000000,121,0,0,0,0,0,-1,-1,-1,0.000000
8083,0,-1,-1,-1,-1,0,-1,-1,-1,-1.000000,-1.000000,286,0,0,0,0,0,-1,-1,-1,0.000000
8084,0,-1,-1,-1,-1,0,-1,-1,-1,-1.000000,-1.000000,122,0,0,0,0,0,-1,-1,-1,0.000000
8085,0,-1,-1,-1,-1,0,-1,-1,-1,-1.000000,-1.000000,319,0,0,0,0,0,-1,-1,-1,0.000000
8086,0,-1,-1,-1,-1,0,-1,-1,-1,-1.000000,-1.000000,275,0,0,0,0,0,-1,-1,-1,0.000000
8087,0,-1,-1,-1,-1,0,-1,-1,-1,-1.000000,-1.000000,263,0,0,0,0,0,-1,-1,-1,0.000000
8088,0,20,-1,-1,6155,557,67,3,4,0.000000,0.000000,27,677,0,302,0,302,20,-1,-1,0.000000
8089,0,-1,-1,-1,-1,0,-1,-1,-1,-1.000000,-1.000000,146,0,0,0,0,0,-1,-1,-1,0.000000
8090,0,-1,-1,-1,-1,0,-1,-1,-1,-1.000000,-1.000000,289,0,0,0,0,0,-1,-1,-1,0.000000
8091,0,-1,-1,-1,-1,0,-1,-1,-1,-1.000000,-1.000000,121,0,0,0,0,0,-1,-1,-1,0.000000
8092,0,211,-1,-1,72,80,28,3,2,0.000000,0.000000,55,200,0,43,0,43,211,-1,-1,0.000000
8093,0,-1,-1,-1,-1,0,-1,-1,-1,-1.000000,-1.000000,341,0,0,0,0,0,-1,-1,-1,0.000000
8094,0,-1,-1,-1,-1,0,-1,-1,-1,-1.000000,-1.000000,117,0,0,0,0,0,-1,-1,-1,0.000000
8095,0,-1,-1,-1,-1,0,-1,-1,-1,-1.000000,-1.000000,61,0,0,0,0,0,-1,-1,-1,0.000000
8096,0,-1,-1,-1,-1,0,-1,-1,-1,-1.000000,-1.000000,258,0,0,0,0,0,-1,-1,-1,0.000000
8097,0,33,-1,-1,3707,630,56,3,4,0.000000,0.000000,66,647,0,166,0,166,33,-1,-1,0.000000
8098,0,-1,-1,-1,-1,0,-1,-1,-1,-1.000000,-1.000000,474,0,0,0,0,0,-1,-1,-1,0.000000
8099,0,-1,-1,-1,-1,0,-1,-1,-1,-1.000000,-1.000000,109,0,0,0,0,0,-1,-1,-1,0.000000
8100,0,-1,-1,-1,-1,0,-1,-1,-1,-1.000000,-1.000000,149,0,0,0,0,0,-1,-1,-1,0.000000
8101,0,-1,-1,-1,-1,0,-1,-1,-1,-1.000000,-1.000000,163,0,0,0,0,0,-1,-1,-1,0.000000
8102,0,629,-1,-1,1880,0,18,3,4,0.000000,0.000000,96,0,0,2,0,2,629,-1,-1,0.000000
8103,0,-1,-1,-1,-1,0,-1,-1,-1,-1.000000,-1.000000,482,0,0,0,0,0,-1,-1,-1,0.000000
8104,0,132,-1,-1,2154,609,36,3,4,0.000000,0.000000,60,666,0,141,0,141,132,-1,-1,0.000000
8105,0,3,-1,-1,3404,720,69,3,4,0.000000,0.000000,9,786,0,203,0,203,3,-1,-1,0.000000
8106,0,-1,-1,-1,-1,0,-1,-1,-1,-1.000000,-1.000000,273,0,0,0,0,0,-1,-1,-1,0.000000
8107,0,-1,-1,-1,-1,0,-1,-1,-1,-1.000000,-1.000000,89,0,0,0,0,0,-1,-1,-1,0.000000
8108,0,-1,-1,-1,-1,0,-1,-1,-1,-1.000000,-1.000000,117,0,0,0,0,0,-1,-1,-1,0.000000
8109,0,-1,-1,-1,-1,0,-1,-1,-1,-1.000000,-1.000000,157,0,0,0,0,0,-1,-1,-1,0.000000
8110,0,-1,-1,-1,-1,0,-1,-1,-1,-1.000000,-1.000000,439,0,0,0,0,0,-1,-1,-1,0.000000
8111,0,253,-1,-1,5242,0,26,3,2,0.000000,0.000000,107,2,0,0,0,0,253,-1,-1,0.000000
8112,0,-1,-1,-1,-1,0,-1,-1,-1,-1.000000,-1.000000,217,0,0,0,0,0,-1,-1,-1,0.000000
8113,0,-1,-1,-1,-1,0,-1,-1,-1,-1.000000,-1.000000,152,0,0,0,0,0,-1,-1,-1,0.000000
8114,0,-1,-1,-1,-1,0,-1,-1,-1,-1.000000,-1.000000,147,0,0,0,0,0,-1,-1,-1,0.000000
8115,0,-1,-1,-1,-1,0,-1,-1,-1,-1.000000,-1.000000,111,0,0,0,0,0,-1,-1,-1,0.000000
8116,0,-1,-1,-1,-1,0,-1,-1,-1,-1.000000,-1.000000,165,0,0,0,0,0,-1,-1,-1,0.000000
8117,0,-1,-1,-1,-1,0,-1,-1,-1,-1.000000,-1.000000,171,0,0,0,0,0,-1,-1,-1,0.000000
8118,0,-1,-1,-1,-1,0,-1,-1,-1,-1.000000,-1.000000,165,0,0,0,0,0,-1,-1,-1,0.000000
8119,0,-1,-1,-1,-1,0,-1,-1,-1,-1.000000,-1.000000,223,0,0,0,0,0,-1,-1,-1,0.000000
8120,0,-1,-1,-1,-1,0,-1,-1,-1,-1.000000,-1.000000,195,0,0,0,0,0,-1,-1,-1,0.000000
8121,0,-1,-1,-1,-1,0,-1,-1,-1,-1.000000,-1.000000,379,0,0,0,0,0,-1,-1,-1,0.000000
8122,0,55,-1,-1,3915,4,46,3,2,0.000000,0.000000,87,18,0,6,0,6,55,-1,-1,0.000000
8123,0,-1,-1,-1,-1,0,-1,-1,-1,-1.000000,-1.000000,149,0,0,0,0,0,-1,-1,-1,0.000000
8124,0,-1,-1,-1,-1,0,-1,-1,-1,-1.000000,-1.000000,203,0,0,0,0,0,-1,-1,-1,0.000000
8125,0,-1,-1,-1,-1,0,-1,-1,-1,-1.000000,-1.000000,189,0,0,0,0,0,-1,-1,-1,0.000000
8126,0,-1,-1,-1,-1,0,-1,-1,-1,-1.000000,-1.000000,101,0,0,0,0,0,-1,-1,-1,0.000000
8127,0,-1,-1,-1,-1,0,-1,-1,-1,-1.000000,-1.000000,229,0,0,0,0,0,-1,-1,-1,0.000000
8128,0,-1,-1,-1,-1,0,-1,-1,-1,-1.000000,-1.000000,306,0,0,0,0,0,-1,-1,-1,0.000000
8129,0,286,-1,-1,805,4,27,3,2,0.000000,0.000000,90,18,0,5,0,5,286,-1,-1,0.000000
8130,0,-1,-1,-1,-1,0,-1,-1,-1,-1.000000,-1.000000,151,0,0,0,0,0,-1,-1,-1,0.000000
8131,0,27,-1,-1,1201,43,60,3,2,0.000000,0.000000,61,113,0,25,0,25,27,-1,-1,0.000000
8132,0,-1,-1,-1,-1,0,-1,-1,-1,-1.000000,-1.000000,349,0,0,0,0,0,-1,-1,-1,0.000000
8133,0,68,-1,-1,4699,68,45,3,2,0.000000,0.000000,78,126,0,40,0,40,68,-1,-1,0.000000
8134,0,25,-1,-1,2544,651,63,3,4,0.000000,0.000000,19,824,0,151,0,151,25,-1,-1,0.000000
8135,0,28,-1,-1,1539,741,58,3,2,0.000000,0.000000,57,682,0,221,0,221,28,-1,-1,0.000000
8136,0,473,-1,-1,4681,0,22,3,4,0.000000,0.000000,90,1,0,1,0,1,473,-1,-1,0.000000
8137,0,-1,-1,-1,-1,0,-1,-1,-1,-1.000000,-1.000000,252,0,0,0,0,0,-1,-1,-1,0.000000
8138,0,-1,-1,-1,-1,0,-1,-1,-1,-1.000000,-1.000000,77,0,0,0,0,0,-1,-1,-1,0.000000
8139,0,21,-1,-1,4423,609,66,3,2,0.000000,0.000000,23,751,0,226,0,226,21,-1,-1,0.000000
8140,0,24,-1,-1,5914,717,64,3,2,0.000000,0.000000,43,704,0,266,0,266,24,-1,-1,0.000000
8141,0,-1,-1,-1,-1,0,-1,-1,-1,-1.000000,-1.000000,275,0,0,0,0,0,-1,-1,-1,0.000000
8142,0,-1,-1,-1,-1,0,-1,-1,-1,-1.000000,-1.000000,134,0,0,0,0,0,-1,-1,-1,0.000000
8143,0,-1,-1,-1,-1,0,-1,-1,-1,-1.000000,-1.000000,153,0,0,0,0,0,-1,-1,-1,0.000000
8144,0,-1,-1,-1,-1,0,-1,-1,-1,-1.000000,-1.000000,335,0,0,0,0,0,-1,-1,-1,0.000000
8145,0,-1,-1,-1,-1,0,-1,-1,-1,-1.000000,-1.000000,333,0,0,0,0,0,-1,-1,-1,0.000000
8146,0,22,-1,-1,4992,757,65,3,4,0.000000,0.000000,55,654,0,320,0,320,22,-1,-1,0.000000
8147,0,-1,-1,-1,-1,0,-1,-1,-1,-1.000000,-1.000000,137,0,0,0,0,0,-1,-1,-1,0.000000
8148,0,-1,-1,-1,-1,0,-1,-1,-1,-1.000000,-1.000000,377,0,0,0,0,0,-1,-1,-1,0.000000
8149,0,-1,-1,-1,-1,0,-1,-1,-1,-1.000000,-1.000000,498,0,0,0,0,0,-1,-1,-1,0.000000
8150,0,-1,-1,-1,-1,0,-1,-1,-1,-1.000000,-1.000000,191,0,0,0,0,0,-1,-1,-1,0.000000
8151,0,-1,-1,-1,-1,0,-1,-1,-1,-1.000000,-1.000000,283,0,0,0,0,0,-1,-1,-1,0.000000
8152,0,-1,-1,-1,-1,0,-1,-1,-1,-1.000000,-1.000000,361,0,0,0,0,0,-1,-1,-1,0.000000
8153,0,19,-1,-1,7150,708,68,3,2,0.000000,0.000000,17,719,0,261,0,261,19,-1,-1,0.000000
8154,0,-1,-1,-1,-1,0,-1,-1,-1,-1.000000,-1.000000,113,0,0,0,0,0,-1,-1,-1,0.000000
8155,0,-1,-1,-1,-1,0,-1,-1,-1,-1.000000,-1.000000,333,0,0,0,0,0,-1,-1,-1,0.000000
8156,0,-1,-1,-1,-1,0,-1,-1,-1,-1.000000,-1.000000,176,0,0,0,0,0,-1,-1,-1,0.000000
8157,0,-1,-1,-1,-1,0,-1,-1,-1,-1.000000,-1.000000,423,0,0,0,0,0,-1,-1,-1,0.000000
8158,0,-1,-1,-1,-1,0,-1,-1,-1,-1.000000,-1.000000,346,0,0,0,0,0,-1,-1,-1,0.000000
8159,0,-1,-1,-1,-1,0,-1,-1,-1,-1.000000,-1.000000,195,0,0,0,0,0,-1,-1,-1,0.000000
8160,0,15,-1,-1,7461,596,68,3,2,0.000000,0.000000,61,819,0,158,0,158,15,-1,-1,0.000000
8161,0,22,-1,-1,7322,860,64,3,2,0.000000,0.000000,35,686,0,291,0,291,22,-1,-1,0.000000
8162,0,-1,-1,-1,-1,0,-1,-1,-1,-1.000000,-1.000000,227,0,0,0,0,0,-1,-1,-1,0.000000
8163,0,-1,-1,-1,-1,0,-1,-1,-1,-1.000000,-1.000000,404,0,0,0,0,0,-1,-1,-1,0.000000
8164,0,24,-1,-1,826,603,62,3,2,0.000000,0.000000,33,732,0,240,0,240,24,-1,-1,0.000000
8165,0,-1,-1,-1,-1,0,-1,-1,-1,-1.000000,-1.000000,440,0,0,0,0,0,-1,-1,-1,0.000000
8166,0,551,-1,-1,2071,0,17,3,4,0.000000,0.000000,271,1,0,0,0,0,551,-1,-1,0.000000
8167,0,-1,-1,-1,-1,0,-1,-1,-1,-1.000000,-1.000000,129,0,0,0,0,0,-1,-1,-1,0.000000
8168,0,-1,-1,-1,-1,0,-1,-1,-1,-1.000000,-1.000000,225,0,0,0,0,0,-1,-1,-1,0.000000
8169,0,389,-1,-1,2844,0,21,3,4,0.000000,0.000000,91,4,0,0,0,0,389,-1,-1,0.000000
8170,0,-1,-1,-1,-1,0,-1,-1,-1,-1.000000,-1.000000,241,0,0,0,0,0,-1,-1,-1,0.000000
8171,0,-1,-1,-1,-1,0,-1,-1,-1,-1.000000,-1.000000,267,0,0,0,0,0,-1,-1,-1,0.000000
8172,0,-1,-1,-1,-1,0,-1,-1,-1,-1.000000,-1.000000,471,0,0,0,0,0,-1,-1,-1,0.000000
8173,0,941,-1,-1,6754,6,16,3,4,0.000000,0.000000,24,17,0,3,0,3,941,-1,-1,0.000000
8174,0,-1,-1,-1,-1,0,-1,-1,-1,-1.000000,-1.000000,361,0,0,0,0,0,-1,-1,-1,0.000000
8175,0,-1,-1,-1,-1,0,-1,-1,-1,-1.000000,-1.000000,125,0,0,0,0,0,-1,-1,-1,0.000000
8176,0,-1,-1,-1,-1,0,-1,-1,-1,-1.000000,-1.000000,123,0,0,0,0,0,-1,-1,-1,0.000000
8177,0,-1,-1,-1,-1,0,-1,-1,-1,-1.000000,-1.000000,391,0,0,0,0,0,-1,-1,-1,0.000000
8178,0,-1,-1,-1,-1,0,-1,-1,-1,-1.000000,-1.000000,163,0,0,0,0,0,-1,-1,-1,0.000000
8179,0,19,-1,-1,3178,699,69,3,4,0.000000,0.000000,23,721,0,258,0,258,19,-1,-1,0.000000
8180,0,18,-1,-1,853,874,68,3,2,0.000000,0.000000,21,809,0,171,0,171,18,-1,-1,0.000000
8181,0,-1,-1,-1,-1,0,-1,-1,-1,-1.000000,-1.000000,348,0,0,0,0,0,-1,-1,-1,0.000000
8182,0,-1,-1,-1,-1,0,-1,-1,-1,-1.000000,-1.000000,333,0,0,0,0,0,-1,-1,-1,0.000000
8183,0,-1,-1,-1,-1,0,-1,-1,-1,-1.000000,-1.000000,169,0,0,0,0,0,-1,-1,-1,0.000000
8184,0,-1,-1,-1,-1,0,-1,-1,-1,-1.000000,-1.000000,271,0,0,0,0,0,-1,-1,-1,0.000000
8185,0,-1,-1,-1,-1,0,-1,-1,-1,-1.000000,-1.000000,186,0,0,0,0,0,-1,-1,-1,0.000000
8186,0,-1,-1,-1,-1,0,-1,-1,-1,-1.000000,-1.000000,452,0,0,0,0,0,-1,-1,-1,0.000000
8187,0,-1,-1,-1,-1,0,-1,-1,-1,-1.000000,-1.000000,229,0,0,0,0,0,-1,-1,-1,0.000000
8188,0,-1,-1,-1,-1,0,-1,-1,-1,-1.000000,-1.000000,261,0,0,0,0,0,-1,-1,-1,0.000000
8189,0,-1,-1,-1,-1,0,-1,-1,-1,-1.000000,-1.000000,176,0,0,0,0,0,-1,-1,-1,0.000000
8190,0,-1,-1,-1,-1,0,-1,-1,-1,-1.000000,-1.000000,201,0,0,0,0,0,-1,-1,-1,0.000000
8191,0,-1,-1,-1,-1,0,-1,-1,-1,-1.000000,-1.000000,385,0,0,0,0,0,-1,-1,-1,0.000000
8192,0,-1,-1,-1,-1,0,-1,-1,-1,-1.000000,-1.000000,141,0,0,0,0,0,-1,-1,-1,0.000000
8193,0,-1,-1,-1,-1,0,-1,-1,-1,-1.000000,-1.000000,171,0,0,0,0,0,-1,-1,-1,0.000000
8194,0,-1,-1,-1,-1,0,-1,-1,-1,-1.000000,-1.000000,229,0,0,0,0,0,-1,-1,-1,0.000000
8195,0,-1,-1,-1,-1,0,-1,-1,-1,-1.000000,-1.000000,205,0,0,0,0,0,-1,-1,-1,0.000000
8196,0,-1,-1,-1,-1,0,-1,-1,-1,-1.000000,-1.000000,87,0,0,0,0,0,-1,-1,-1,0.000000
8197,0,-1,-1,-1,-1,0,-1,-1,-1,-1.000000,-1.000000,163,0,0,0,0,0,-1,-1,-1,0.000000
8198,0,-1,-1,-1,-1,0,-1,-1,-1,-1.000000,-1.000000,195,0,0,0,0,0,-1,-1,-1,0.000000
8199,0,-1,-1,-1,-1,0,-1,-1,-1,-1.000000,-1.000000,243,0,0,0,0,0,-1,-1,-1,0.000000
8200,0,-1,-1,-1,-1,0,-1,-1,-1,-1.000000,-1.000000,345,0,0,0,0,0,-1,-1,-1,0.000000
8201,0,-1,-1,-1,-1,0,-1,-1,-1,-1.000000,-1.000000,129,0,0,0,0,0,-1,-1,-1,0.000000
8202,0,-1,-1,-1,-1,0,-1,-1,-1,-1.000000,-1.000000,473,0,0,0,0,0,-1,-1,-1,0.000000
8203,0,-1,-1,-1,-1,0,-1,-1,-1,-1.000000,-1.000000,305,0,0,0,0,0,-1,-1,-1,0.000000
8204,0,-1,-1,-1,-1,0,-1,-1,-1,-1.000000,-1.000000,175,0,0,0,0,0,-1,-1,-1,0.000000
8205,0,-1,-1,-1,-1,0,-1,-1,-1,-1.000000,-1.000000,81,0,0,0,0,0,-1,-1,-1,0.000000
8206,0,-1,-1,-1,-1,0,-1,-1,-1,-1.000000,-1.000000,362,0,0,0,0,0,-1,-1,-1,0.000000
8207,0,601,-1,-1,259,2,18,3,4,0.000000,0.000000,88,8,0,1,0,1,601,-1,-1,0.000000
8208,0,22,-1,-1,959,846,67,3,4,0.000000,0.000000,23,736,0,241,0,241,22,-1,-1,0.000000
8209,0,-1,-1,-1,-1,0,-1,-1,-1,-1.000000,-1.000000,306,0,0,0,0,0,-1,-1,-1,0.000000
8210,0,-1,-1,-1,-1,0,-1,-1,-1,-1.000000,-1.000000,145,0,0,0,0,0,-1,-1,-1,0.000000
8211,0,-1,-1,-1,-1,0,-1,-1,-1,-1.000000,-1.000000,139,0,0,0,0,0,-1,-1,-1,0.000000
8212,0,-1,-1,-1,-1,0,-1,-1,-1,-1.000000,-1.000000,181,0,0,0,0,0,-1,-1,-1,0.000000
8213,0,-1,-1,-1,-1,0,-1,-1,-1,-1.000000,-1.000000,275,0,0,0,0,0,-1,-1,-1,0.000000
8214,0,29,-1,-1,5149,558,58,3,2,0.000000,0.000000,67,638,0,174,0,174,29,-1,-1,0.000000
8215,0,-1,-1,-1,-1,0,-1,-1,-1,-1.000000,-1.000000,525,0,0,0,0,0,-1,-1,-1,0.000000
8216,0,-1,-1,-1,-1,0,-1,-1,-1,-1.000000,-1.000000,153,0,0,0,0,0,-1,-1,-1,0.000000
8217,0,-1,-1,-1,-1,0,-1,-1,-1,-1.000000,-1.000000,43,0,0,0,0,0,-1,-1,-1,0.000000
8218,0,-1,-1,-1,-1,0,-1,-1,-1,-1.000000,-1.000000,491,0,0,0,0,0,-1,-1,-1,0.000000
8219,0,-1,-1,-1,-1,0,-1,-1,-1,-1.000000,-1.000000,268,0,0,0,0,0,-1,-1,-1,0.000000
8220,0,-1,-1,-1,-1,0,-1,-1,-1,-1.000000,-1.000000,235,0,0,0,0,0,-1,-1,-1,0.000000
8221,0,-1,-1,-1,-1,0,-1,-1,-1,-1.000000,-1.000000,145,0,0,0,0,0,-1,-1,-1,0.000000
8222,0,-1,-1,-1,-1,0,-1,-1,-1,-1.000000,-1.000000,399,0,0,0,0,0,-1,-1,-1,0.000000
8223,0,-1,-1,-1,-1,0,-1,-1,-1,-1.000000,-1.000000,295,0,0,0,0,0,-1,-1,-1,0.000000
8224,0,25,-1,-1,7043,455,63,3,4,0.000000,0.000000,57,560,0,114,0,114,25,-1,-1,0.000000
8225,0,-1,-1,-1,-1,0,-1,-1,-1,-1.000000,-1.000000,319,0,0,0,0,0,-1,-1,-1,0.000000
8226,0,-1,-1,-1,-1,0,-1,-1,-1,-1.000000,-1.000000,195,0,0,0,0,0,-1,-1,-1,0.000000
8227,0,-1,-1,-1,-1,0,-1,-1,-1,-1.000000,-1.000000,117,0,0,0,0,0,-1,-1,-1,0.000000
8228,0,-1,-1,-1,-1,0,-1,-1,-1,-1.000000,-1.000000,189,0,0,0,0,0,-1,-1,-1,0.000000
8229,0,-1,-1,-1,-1,0,-1,-1,-1,-1.000000,-1.000000,99,0,0,0,0,0,-1,-1,-1,0.000000
8230,0,52,-1,-1,4801,24,48,3,2,0.000000,0.000000,85,82,0,21,0,21,52,-1,-1,0.000000
8231,0,-1,-1,-1,-1,0,-1,-1,-1,-1.000000,-1.000000,421,0,0,0,0,0,-1,-1,-1,0.000000
8232,0,-1,-1,-1,-1,0,-1,-1,-1,-1.000000,-1.000000,229,0,0,0,0,0,-1,-1,-1,0.000000
8233,0,-1,-1,-1,-1,0,-1,-1,-1,-1.000000,-1.000000,97,0,0,0,0,0,-1,-1,-1,0.000000
8234,0,-1,-1,-1,-1,0,-1,-1,-1,-1.000000,-1.000000,97,0,0,0,0,0,-1,-1,-1,0.000000
8235,0,-1,-1,-1,-1,0,-1,-1,-1,-1.000000,-1.000000,435,0,0,0,0,0,-1,-1,-1,0.000000
8236,0,-1,-1,-1,-1,0,-1,-1,-1,-1.000000,-1.000000,372,0,0,0,0,0,-1,-1,-1,0.000000
8237,0,-1,-1,-1,-1,0,-1,-1,-1,-1.000000,-1.000000,249,0,0,0,0,0,-1,-1,-1,0.000000
8238,0,29,-1,-1,1082,505,57,3,4,0.000000,0.000000,51,559,0,200,0,200,29,-1,-1,0.000000
8239,0,-1,-1,-1,-1,0,-1,-1,-1,-1.000000,-1.000000,474,0,0,0,0,0,-1,-1,-1,0.000000
8240,0,33,-1,-1,7799,24,54,3,2,0.000000,0.000000,67,77,0,18,0,18,33,-1,-1,0.000000
8241,0,28,-1,-1,5741,233,58,3,2,0.000000,0.000000,75,360,0,99,0,99,28,-1,-1,0.000000
8242,0,-1,-1,-1,-1,0,-1,-1,-1,-1.000000,-1.000000,179,0,0,0,0,0,-1,-1,-1,0.000000
8243,0,57,-1,-1,3571,686,46,3,4,0.000000,0.000000,56,791,0,128,0,128,57,-1,-1,0.000000
8244,0,-1,-1,-1,-1,0,-1,-1,-1,-1.000000,-1.000000,264,0,0,0,0,0,-1,-1,-1,0.000000
8245,0,-1,-1,-1,-1,0,-1,-1,-1,-1.000000,-1.000000,277,0,0,0,0,0,-1,-1,-1,0.000000
8246,0,479,-1,-1,3670,58,20,3,2,0.000000,0.000000,63,99,0,20,0,20,479,-1,-1,0.000000
8247,0,-1,-1,-1,-1,0,-1,-1,-1,-1.000000,-1.000000,136,0,0,0,0,0,-1,-1,-1,0.000000
8248,0,803,-1,-1,2152,0,15,3,4,0.000000,0.000000,115,7,0,1,0,1,803,-1,-1,0.000000
8249,0,-1,-1,-1,-1,0,-1,-1,-1,-1.000000,-1.000000,125,0,0,0,0,0,-1,-1,-1,0.000000
8250,0,-1,-1,-1,-1,0,-1,-1,-1,-1.000000,-1.000000,109,0,0,0,0,0,-1,-1,-1,0.000000
8251,0,38,-1,-1,7485,2,54,3,2,0.000000,0.000000,87,13,0,3,0,3,38,-1,-1,0.000000
8252,0,-1,-1,-1,-1,0,-1,-1,-1,-1.000000,-1.000000,164,0,0,0,0,0,-1,-1,-1,0.000000
8253,0,-1,-1,-1,-1,0,-1,-1,-1,-1.000000,-1.000000,375,0,0,0,0,0,-1,-1,-1,0.000000
8254,0,-1,-1,-1,-1,0,-1,-1,-1,-1.000000,-1.000000,219,0,0,0,0,0,-1,-1,-1,0.000000
8255,0,-1,-1,-1,-1,0,-1,-1,-1,-1.000000,-1.000000,153,0,0,0,0,0,-1,-1,-1,0.000000
8256,0,-1,-1,-1,-1,0,-1,-1,-1,-1.000000,-1.000000,373,0,0,0,0,0,-1,-1,-1,0.000000
8257,0,-1,-1,-1,-1,0,-1,-1,-1,-1.000000,-1.000000,234,0,0,0,0,0,-1,-1,-1,0.000000
8258,0,-1,-1,-1,-1,0,-1,-1,-1,-1.000000,-1.000000,185,0,0,0,0,0,-1,-1,-1,0.000000
8259,0,-1,-1,-1,-1,0,-1,-1,-1,-1.000000,-1.000000,153,0,0,0,0,0,-1,-1,-1,0.000000
8260,0,24,-1,-1,2423,822,63,3,4,0.000000,0.000000,37,738,0,230,0,230,24,-1,-1,0.000000
8261,0,-1,-1,-1,-1,0,-1,-1,-1,-1.000000,-1.000000,103,0,0,0,0,0,-1,-1,-1,0.000000
8262,0,-1,-1,-1,-1,0,-1,-1,-1,-1.000000,-1.000000,237,0,0,0,0,0,-1,-1,-1,0.000000
8263,0,33,-1,-1,4204,12,57,3,4,0.000000,0.000000,89,24,0,6,0,6,33,-1,-1,0.000000
8264,0,-1,-1,-1,-1,0,-1,-1,-1,-1.000000,-1.000000,275,0,0,0,0,0,-1,-1,-1,0.000000
8265,0,39,-1,-1,4579,656,51,3,2,0.000000,0.000000,34,799,0,149,0,149,39,-1,-1,0.000000
8266,0,-1,-1,-1,-1,0,-1,-1,-1,-1.000000,-1.000000,325,0,0,0,0,0,-1,-1,-1,0.000000
8267,0,17,-1,-1,2493,811,68,3,2,0.000000,0.000000,27,784,0,195,0,195,17,-1,-1,0.000000
8268,0,-1,-1,-1,-1,0,-1,-1,-1,-1.000000,-1.000000,197,0,0,0,0,0,-1,-1,-1,0.000000
8269,0,51,-1,-1,6752,0,49,3,4,0.000000,0.000000,71,10,0,5,0,5,51,-1,-1,0.000000
8270,0,-1,-1,-1,-1,0,-1,-1,-1,-1.000000,-1.000000,366,0,0,0,0,0,-1,-1,-1,0.000000
8271,0,-1,-1,-1,-1,0,-1,-1,-1,-1.000000,-1.000000,131,0,0,0,0,0,-1,-1,-1,0.000000
8272,0,43,-1,-1,18,4,51,3,4,0.000000,0.000000,87,22,0,10,0,10,43,-1,-1,0.000000
8273,0,-1,-1,-1,-1,0,-1,-1,-1,-1.000000,-1.000000,165,0,0,0,0,0,-1,-1,-1,0.000000
8274,0,-1,-1,-1,-1,0,-1,-1,-1,-1.000000,-1.000000,211,0,0,0,0,0,-1,-1,-1,0.000000
8275,0,-1,-1,-1,-1,0,-1,-1,-1,-1.000000,-1.000000,294,0,0,0,0,0,-1,-1,-1,0.000000
8276,0,63,-1,-1,1967,0,46,3,2,0.000000,0.000000,99,2,0,0,0,0,63,-1,-1,0.000000
8277,0,18,-1,-1,486,707,70,3,2,0.000000,0.000000,9,746,0,236,0,236,18,-1,-1,0.000000
8278,0,29,-1,-1,2679,145,56,3,2,0.000000,0.000000,83,221,0,83,0,83,29,-1,-1,0.000000
8279,0,-1,-1,-1,-1,0,-1,-1,-1,-1.000000,-1.000000,429,0,0,0,0,0,-1,-1,-1,0.000000
8280,0,-1,-1,-1,-1,0,-1,-1,-1,-1.000000,-1.000000,193,0,0,0,0,0,-1,-1,-1,0.000000
8281,0,-1,-1,-1,-1,0,-1,-1,-1,-1.000000,-1.000000,147,0,0,0,0,0,-1,-1,-1,0.000000
8282,0,24,-1,-1,1171,826,63,3,4,0.000000,0.000000,37,764,0,158,0,158,24,-1,-1,0.000000
8283,0,24,-1,-1,2379,597,63,3,4,0.000000,0.000000,49,750,0,226,0,226,24,-1,-1,0.000000
8284,0,-1,-1,-1,-1,0,-1,-1,-1,-1.000000,-1.000000,149,0,0,0,0,0,-1,-1,-1,0.000000
8285,0,43,-1,-1,5337,374,50,3,2,0.000000,0.000000,43,533,0,56,0,56,43,-1,-1,0.000000
8286,0,-1,-1,-1,-1,0,-1,-1,-1,-1.000000,-1.000000,303,0,0,0,0,0,-1,-1,-1,0.000000
8287,0,28,-1,-1,240,23,58,3,2,0.000000,0.000000,85,48,0,12,0,12,28,-1,-1,0.000000
8288,0,-1,-1,-1,-1,0,-1,-1,-1,-1.000000,-1.000000,121,0,0,0,0,0,-1,-1,-1,0.000000
8289,0,25,-1,-1,3197,467,63,3,4,0.000000,0.000000,67,594,0,152,0,152,25,-1,-1,0.000000
8290,0,-1,-1,-1,-1,0,-1,-1,-1,-1.000000,-1.000000,227,0,0,0,0,0,-1,-1,-1,0.000000
8291,0,-1,-1,-1,-1,0,-1,-1,-1,-1.000000,-1.000000,101,0,0,0,0,0,-1,-1,-1,0.000000
8292,0,-1,-1,-1,-1,0,-1,-1,-1,-1.000000,-1.000000,152,0,0,0,0,0,-1,-1,-1,0.000000
8293,0,-1,-1,-1,-1,0,-1,-1,-1,-1.000000,-1.000000,199,0,0,0,0,0,-1,-1,-1,0.000000
8294,0,17,-1,-1,7069,647,68,3,2,0.000000,0.000000,31,782,0,201,0,201,17,-1,-1,0.000000
8295,0,58,-1,-1,2287,493,45,3,4,0.000000,0.000000,53,577,0,122,0,122,58,-1,-1,0.000000
8296,0,24,-1,-1,3367,796,63,3,4,0.000000,0.000000,59,775,0,191,0,191,24,-1,-1,0.000000
8297,0,77,-1,-1,6515,19,41,3,4,0.000000,0.000000,61,53,0,22,0,22,77,-1,-1,0.000000
8298,0,-1,-1,-1,-1,0,-1,-1,-1,-1.000000,-1.000000,207,0,0,0,0,0,-1,-1,-1,0.000000
8299,0,-1,-1,-1,-1,0,-1,-1,-1,-1.000000,-1.000000,125,0,0,0,0,0,-1,-1,-1,0.000000
8300,0,-1,-1,-1,-1,0,-1,-1,-1,-1.000000,-1.000000,149,0,0,0,0,0,-1,-1,-1,0.000000
8301,0,-1,-1,-1,-1,0,-1,-1,-1,-1.000000,-1.000000,239,0,0,0,0,0,-1,-1,-1,0.000000
8302,0,482,-1,-1,3764,90,18,3,2,0.000000,0.000000,79,169,0,25,0,25,482,-1,-1,0.000000
8303,0,-1,-1,-1,-1,0,-1,-1,-1,-1.000000,-1.000000,125,0,0,0,0,0,-1,-1,-1,0.000000
8304,0,-1,-1,-1,-1,0,-1,-1,-1,-1.000000,-1.000000,172,0,0,0,0,0,-1,-1,-1,0.000000
8305,0,-1,-1,-1,-1,0,-1,-1,-1,-1.000000,-1.000000,336,0,0,0,0,0,-1,-1,-1,0.000000
8306,0,-1,-1,-1,-1,0,-1,-1,-1,-1.000000,-1.000000,470,0,0,0,0,0,-1,-1,-1,0.000000
8307,0,906,-1,-1,2268,0,15,3,2,0.000000,0.000000,134,1,0,0,0,0,906,-1,-1,0.000000
8308,0,-1,-1,-1,-1,0,-1,-1,-1,-1.000000,-1.000000,476,0,0,0,0,0,-1,-1,-1,0.000000
8309,0,-1,-1,-1,-1,0,-1,-1,-1,-1.000000,-1.000000,414,0,0,0,0,0,-1,-1,-1,0.000000
8310,0,28,-1,-1,2910,16,58,3,2,0.000000,0.000000,69,42,0,15,0,15,28,-1,-1,0.000000
8311,0,118,-1,-1,7841,2,38,3,2,0.000000,0.000000,107,7,0,7,0,7,118,-1,-1,0.000000
8312,0,-1,-1,-1,-1,0,-1,-1,-1,-1.000000,-1.000000,379,0,0,0,0,0,-1,-1,-1,0.000000
8313,0,-1,-1,-1,-1,0,-1,-1,-1,-1.000000,-1.000000,132,0,0,0,0,0,-1,-1,-1,0.000000
8314,0,-1,-1,-1,-1,0,-1,-1,-1,-1.000000,-1.000000,422,0,0,0,0,0,-1,-1,-1,0.000000
8315,0,-1,-1,-1,-1,0,-1,-1,-1,-1.000000,-1.000000,107,0,0,0,0,0,-1,-1,-1,0.000000
8316,0,-1,-1,-1,-1,0,-1,-1,-1,-1.000000,-1.000000,147,0,0,0,0,0,-1,-1,-1,0.000000
8317,0,-1,-1,-1,-1,0,-1,-1,-1,-1.000000,-1.000000,366,0,0,0,0,0,-1,-1,-1,0.000000
8318,0,-1,-1,-1,-1,0,-1,-1,-1,-1.000000,-1.000000,101,0,0,0,0,0,-1,-1,-1,0.000000
8319,0,27,-1,-1,4109,719,59,3,4,0.000000,0.000000,45,701,0,203,0,203,27,-1,-1,0.000000
8320,0,-1,-1,-1,-1,0,-1,-1,-1,-1.000000,-1.000000,187,0,0,0,0,0,-1,-1,-1,0.000000
8321,0,-1,-1,-1,-1,0,-1,-1,-1,-1.000000,-1.000000,245,0,0,0,0,0,-1,-1,-1,0.000000
8322,0,-1,-1,-1,-1,0,-1,-1,-1,-1.000000,-1.000000,528,0,0,0,0,0,-1,-1,-1,0.000000
8323,0,20,-1,-1,2721,651,67,3,4,0.000000,0.000000,35,797,0,172,0,172,20,-1,-1,0.000000
8324,0,-1,-1,-1,-1,0,-1,-1,-1,-1.000000,-1.000000,105,0,0,0,0,0,-1,-1,-1,0.000000
8325,0,-1,-1,-1,-1,0,-1,-1,-1,-1.000000,-1.000000,230,0,0,0,0,0,-1,-1,-1,0.000000
8326,0,-1,-1,-1,-1,0,-1,-1,-1,-1.000000,-1.000000,380,0,0,0,0,0,-1,-1,-1,0.000000
8327,0,293,-1,-1,6850,0,25,3,4,0.000000,0.000000,83,3,0,1,0,1,293,-1,-1,0.000000
8328,0,-1,-1,-1,-1,0,-1,-1,-1,-1.000000,-1.000000,221,0,0,0,0,0,-1,-1,-1,0.000000
8329,0,38,-1,-1,6162,756,52,3,2,0.000000,0.000000,41,743,0,189,0,189,38,-1,-1,0.000000
8330,0,-1,-1,-1,-1,0,-1,-1,-1,-1.000000,-1.000000,125,0,0,0,0,0,-1,-1,-1,0.000000
8331,0,936,-1,-1,4369,0,15,3,2,0.000000,0.000000,76,1,0,0,0,0,936,-1,-1,0.000000
8332,0,-1,-1,-1,-1,0,-1,-1,-1,-1.000000,-1.000000,167,0,0,0,0,0,-1,-1,-1,0.000000
8333,0,15,-1,-1,5903,651,68,3,2,0.000000,0.000000,29,818,0,160,0,160,15,-1,-1,0.000000
8334,0,195,-1,-1,3542,0,29,3,4,0.000000,0.000000,101,2,0,1,0,1,195,-1,-1,0.000000
8335,0,-1,-1,-1,-1,0,-1,-1,-1,-1.000000,-1.000000,315,0,0,0,0,0,-1,-1,-1,0.000000
8336,0,-1,-1,-1,-1,0,-1,-1,-1,-1.000000,-1.000000,83,0,0,0,0,0,-1,-1,-1,0.000000
8337,0,-1,-1,-1,-1,0,-1,-1,-1,-1.000000,-1.000000,117,0,0,0,0,0,-1,-1,-1,0.000000
8338,0,48,-1,-1,4539,0,48,3,2,0.000000,0.000000,101,2,0,1,0,1,48,-1,-1,0.000000
8339,0,-1,-1,-1,-1,0,-1,-1,-1,-1.000000,-1.000000,273,0,0,0,0,0,-1,-1,-1,0.000000
8340,0,-1,-1,-1,-1,0,-1,-1,-1,-1.000000,-1.000000,127,0,0,0,0,0,-1,-1,-1,0.000000
8341,0,-1,-1,-1,-1,0,-1,-1,-1,-1.000000,-1.000000,229,0,0,0,0,0,-1,-1,-1,0.000000
8342,0,-1,-1,-1,-1,0,-1,-1,-1,-1.000000,-1.000000,131,0,0,0,0,0,-1,-1,-1,0.000000
8343,0,-1,-1,-1,-1,0,-1,-1,-1,-1.000000,-1.000000,171,0,0,0,0,0,-1,-1,-1,0.000000
8344,0,25,-1,-1,2291,694,63,3,4,0.000000,0.000000,41,661,0,313,0,313,25,-1,-1,0.000000
8345,0,-1,-1,-1,-1,0,-1,-1,-1,-1.000000,-1.000000,141,0,0,0,0,0,-1,-1,-1,0.000000
8346,0,87,-1,-1,616,611,42,3,4,0.000000,0.000000,26,766,0,141,0,141,87,-1,-1,0.000000
8347,0,-1,-1,-1,-1,0,-1,-1,-1,-1.000000,-1.000000,466,0,0,0,0,0,-1,-1,-1,0.000000
8348,0,-1,-1,-1,-1,0,-1,-1,-1,-1.000000,-1.000000,457,0,0,0,0,0,-1,-1,-1,0.000000
8349,0,105,-1,-1,2430,585,38,3,2,0.000000,0.000000,23,751,0,140,0,140,105,-1,-1,0.000000
8350,0,29,-1,-1,589,571,59,3,4,0.000000,0.000000,65,591,0,152,0,152,29,-1,-1,0.000000
8351,0,26,-1,-1,367,714,61,3,4,0.000000,0.000000,55,663,0,258,0,258,26,-1,-1,0.000000
8352,0,-1,-1,-1,-1,0,-1,-1,-1,-1.000000,-1.000000,199,0,0,0,0,0,-1,-1,-1,0.000000
8353,0,-1,-1,-1,-1,0,-1,-1,-1,-1.000000,-1.000000,454,0,0,0,0,0,-1,-1,-1,0.000000
8354,0,-1,-1,-1,-1,0,-1,-1,-1,-1.000000,-1.000000,522,0,0,0,0,0,-1,-1,-1,0.000000
8355,0,-1,-1,-1,-1,0,-1,-1,-1,-1.000000,-1.000000,159,0,0,0,0,0,-1,-1,-1,0.000000
8356,0,-1,-1,-1,-1,0,-1,-1,-1,-1.000000,-1.000000,113,0,0,0,0,0,-1,-1,-1,0.000000
8357,0,-1,-1,-1,-1,0,-1,-1,-1,-1.000000,-1.000000,426,0,0,0,0,0,-1,-1,-1,0.000000
8358,0,-1,-1,-1,-1,0,-1,-1,-1,-1.000000,-1.000000,245,0,0,0,0,0,-1,-1,-1,0.000000
8359,0,-1,-1,-1,-1,0,-1,-1,-1,-1.000000,-1.000000,420,0,0,0,0,0,-1,-1,-1,0.000000
8360,0,-1,-1,-1,-1,0,-1,-1,-1,-1.000000,-1.000000,119,0,0,0,0,0,-1,-1,-1,0.000000
8361,0,-1,-1,-1,-1,0,-1,-1,-1,-1.000000,-1.000000,218,0,0,0,0,0,-1,-1,-1,0.000000
8362,0,27,-1,-1,2022,761,59,3,4,0.000000,0.000000,49,690,0,217,0,217,27,-1,-1,0.000000
8363,0,28,-1,-1,4556,188,58,3,2,0.000000,0.000000,57,305,0,78,0,78,28,-1,-1,0.000000
8364,0,-1,-1,-1,-1,0,-1,-1,-1,-1.000000,-1.000000,139,0,0,0,0,0,-1,-1,-1,0.000000
8365,0,275,-1,-1,2269,0,27,3,4,0.000000,0.000000,105,0,0,1,0,1,275,-1,-1,0.000000
8366,0,32,-1,-1,6957,183,55,3,4,0.000000,0.000000,67,334,0,72,0,72,32,-1,-1,0.000000
8367,0,-1,-1,-1,-1,0,-1,-1,-1,-1.000000,-1.000000,352,0,0,0,0,0,-1,-1,-1,0.000000
8368,0,28,-1,-1,7815,593,59,3,2,0.000000,0.000000,30,823,0,142,0,142,28,-1,-1,0.000000
8369,0,-1,-1,-1,-1,0,-1,-1,-1,-1.000000,-1.000000,252,0,0,0,0,0,-1,-1,-1,0.000000
8370,0,-1,-1,-1,-1,0,-1,-1,-1,-1.000000,-1.000000,193,0,0,0,0,0,-1,-1,-1,0.000000
8371,0,22,-1,-1,5585,620,68,3,2,0.000000,0.000000,49,710,0,230,0,230,22,-1,-1,0.000000
8372,0,-1,-1,-1,-1,0,-1,-1,-1,-1.000000,-1.000000,39,0,0,0,0,0,-1,-1,-1,0.000000
8373,0,-1,-1,-1,-1,0,-1,-1,-1,-1.000000,-1.000000,93,0,0,0,0,0,-1,-1,-1,0.000000
8374,0,-1,-1,-1,-1,0,-1,-1,-1,-1.000000,-1.000000,230,0,0,0,0,0,-1,-1,-1,0.000000
8375,0,-1,-1,-1,-1,0,-1,-1,-1,-1.000000,-1.000000,201,0,0,0,0,0,-1,-1,-1,0.000000
8376,0,-1,-1,-1,-1,0,-1,-1,-1,-1.000000,-1.000000,83,0,0,0,0,0,-1,-1,-1,0.000000
8377,0,-1,-1,-1,-1,0,-1,-1,-1,-1.000000,-1.000000,263,0,0,0,0,0,-1,-1,-1,0.000000
8378,0,-1,-1,-1,-1,0,-1,-1,-1,-1.000000,-1.000000,398,0,0,0,0,0,-1,-1,-1,0.000000
8379,0,-1,-1,-1,-1,0,-1,-1,-1,-1.000000,-1.000000,109,0,0,0,0,0,-1,-1,-1,0.000000
8380,0,22,-1,-1,6314,791,66,3,2,0.000000,0.000000,35,748,0,230,0,230,22,-1,-1,0.000000
8381,0,-1,-1,-1,-1,0,-1,-1,-1,-1.000000,-1.000000,357,0,0,0,0,0,-1,-1,-1,0.000000
8382,0,23,-1,-1,6714,807,64,3,2,0.000000,0.000000,29,755,0,200,0,200,23,-1,-1,0.000000
8383,0,-1,-1,-1,-1,0,-1,-1,-1,-1.000000,-1.000000,119,0,0,0,0,0,-1,-1,-1,0.000000
8384,0,-1,-1,-1,-1,0,-1,-1,-1,-1.000000,-1.000000,326,0,0,0,0,0,-1,-1,-1,0.000000
8385,0,-1,-1,-1,-1,0,-1,-1,-1,-1.000000,-1.000000,272,0,0,0,0,0,-1,-1,-1,0.000000
8386,0,-1,-1,-1,-1,0,-1,-1,-1,-1.000000,-1.000000,167,0,0,0,0,0,-1,-1,-1,0.000000
8387,0,32,-1,-1,7769,621,55,3,4,0.000000,0.000000,67,638,0,189,0,189,32,-1,-1,0.000000
8388,0,-1,-1,-1,-1,0,-1,-1,-1,-1.000000,-1.000000,140,0,0,0,0,0,-1,-1,-1,0.000000
8389,0,-1,-1,-1,-1,0,-1,-1,-1,-1.000000,-1.000000,164,0,0,0,0,0,-1,-1,-1,0.000000
8390,0,-1,-1,-1,-1,0,-1,-1,-1,-1.000000,-1.000000,175,0,0,0,0,0,-1,-1,-1,0.000000
8391,0,-1,-1,-1,-1,0,-1,-1,-1,-1.000000,-1.000000,119,0,0,0,0,0,-1,-1,-1,0.000000
8392,0,-1,-1,-1,-1,0,-1,-1,-1,-1.000000,-1.000000,243,0,0,0,0,0,-1,-1,-1,0.000000
8393,0,-1,-1,-1,-1,0,-1,-1,-1,-1.000000,-1.000000,343,0,0,0,0,0,-1,-1,-1,0.000000
8394,0,-1,-1,-1,-1,0,-1,-1,-1,-1.000000,-1.000000,93,0,0,0,0,0,-1,-1,-1,0.000000
8395,0,-1,-1,-1,-1,0,-1,-1,-1,-1.000000,-1.000000,171,0,0,0,0,0,-1,-1,-1,0.000000
8396,0,-1,-1,-1,-1,0,-1,-1,-1,-1.000000,-1.000000,159,0,0,0,0,0,-1,-1,-1,0.000000
8397,0,-1,-1,-1,-1,0,-1,-1,-1,-1.000000,-1.000000,384,0,0,0,0,0,-1,-1,-1,0.000000
8398,0,43,-1,-1,3877,16,49,3,4,0.000000,0.000000,87,54,0,22,0,22,43,-1,-1,0.000000
8399,0,-1,-1,-1,-1,0,-1,-1,-1,-1.000000,-1.000000,225,0,0,0,0,0,-1,-1,-1,0.000000
8400,0,-1,-1,-1,-1,0,-1,-1,-1,-1.000000,-1.000000,191,0,0,0,0,0,-1,-1,-1,0.000000
8401,0,-1,-1,-1,-1,0,-1,-1,-1,-1.000000,-1.000000,159,0,0,0,0,0,-1,-1,-1,0.000000
8402,0,-1,-1,-1,-1,0,-1,-1,-1,-1.000000,-1.000000,89,0,0,0,0,0,-1,-1,-1,0.000000
8403,0,28,-1,-1,7384,14,58,3,2,0.000000,0.000000,65,52,0,9,0,9,28,-1,-1,0.000000
8404,0,-1,-1,-1,-1,0,-1,-1,-1,-1.000000,-1.000000,139,0,0,0,0,0,-1,-1,-1,0.000000
8405,0,28,-1,-1,5244,761,60,3,2,0.000000,0.000000,59,727,0,186,0,186,28,-1,-1,0.000000
8406,0,-1,-1,-1,-1,0,-1,-1,-1,-1.000000,-1.000000,195,0,0,0,0,0,-1,-1,-1,0.000000
8407,0,-1,-1,-1,-1,0,-1,-1,-1,-1.000000,-1.000000,127,0,0,0,0,0,-1,-1,-1,0.000000
8408,0,143,-1,-1,5302,147,33,3,2,0.000000,0.000000,52,244,0,67,0,67,143,-1,-1,0.000000
8409,0,-1,-1,-1,-1,0,-1,-1,-1,-1.000000,-1.000000,167,0,0,0,0,0,-1,-1,-1,0.000000
8410,0,-1,-1,-1,-1,0,-1,-1,-1,-1.000000,-1.000000,189,0,0,0,0,0,-1,-1,-1,0.000000
8411,0,-1,-1,-1,-1,0,-1,-1,-1,-1.000000,-1.000000,141,0,0,0,0,0,-1,-1,-1,0.000000
8412,0,-1,-1,-1,-1,0,-1,-1,-1,-1.000000,-1.000000,321,0,0,0,0,0,-1,-1,-1,0.000000
8413,0,-1,-1,-1,-1,0,-1,-1,-1,-1.000000,-1.000000,277,0,0,0,0,0,-1,-1,-1,0.000000
8414,0,-1,-1,-1,-1,0,-1,-1,-1,-1.000000,-1.000000,163,0,0,0,0,0,-1,-1,-1,0.000000
8415,0,-1,-1,-1,-1,0,-1,-1,-1,-1.000000,-1.000000,121,0,0,0,0,0,-1,-1,-1,0.000000
8416,0,-1,-1,-1,-1,0,-1,-1,-1,-1.000000,-1.000000,121,0,0,0,0,0,-1,-1,-1,0.000000
8417,0,-1,-1,-1,-1,0,-1,-1,-1,-1.000000,-1.000000,167,0,0,0,0,0,-1,-1,-1,0.000000
8418,0,-1,-1,-1,-1,0,-1,-1,-1,-1.000000,-1.000000,177,0,0,0,0,0,-1,-1,-1,0.000000
8419,0,-1,-1,-1,-1,0,-1,-1,-1,-1.000000,-1.000000,405,0,0,0,0,0,-1,-1,-1,0.000000
8420,0,-1,-1,-1,-1,0,-1,-1,-1,-1.000000,-1.000000,331,0,0,0,0,0,-1,-1,-1,0.000000
8421,0,-1,-1,-1,-1,0,-1,-1,-1,-1.000000,-1.000000,343,0,0,0,0,0,-1,-1,-1,0.000000
8422,0,-1,-1,-1,-1,0,-1,-1,-1,-1.000000,-1.000000,378,0,0,0,0,0,-1,-1,-1,0.000000
8423,0,103,-1,-1,641,164,38,3,4,0.000000,0.000000,62,265,0,67,0,67,103,-1,-1,0.000000
8424,0,275,-1,-1,5109,0,28,3,2,0.000000,0.000000,91,15,0,1,0,1,275,-1,-1,0.000000
8425,0,-1,-1,-1,-1,0,-1,-1,-1,-1.000000,-1.000000,227,0,0,0,0,0,-1,-1,-1,0.000000
8426,0,-1,-1,-1,-1,0,-1,-1,-1,-1.000000,-1.000000,159,0,0,0,0,0,-1,-1,-1,0.000000
8427,0,-1,-1,-1,-1,0,-1,-1,-1,-1.000000,-1.000000,446,0,0,0,0,0,-1,-1,-1,0.000000
8428,0,-1,-1,-1,-1,0,-1,-1,-1,-1.000000,-1.000000,237,0,0,0,0,0,-1,-1,-1,0.000000
8429,0,-1,-1,-1,-1,0,-1,-1,-1,-1.000000,-1.000000,219,0,0,0,0,0,-1,-1,-1,0.000000
8430,0,-1,-1,-1,-1,0,-1,-1,-1,-1.000000,-1.000000,371,0,0,0,0,0,-1,-1,-1,0.000000
8431,0,-1,-1,-1,-1,0,-1,-1,-1,-1.000000,-1.000000,353,0,0,0,0,0,-1,-1,-1,0.000000
8432,0,-1,-1,-1,-1,0,-1,-1,-1,-1.000000,-1.000000,27,0,0,0,0,0,-1,-1,-1,0.000000
8433,0,-1,-1,-1,-1,0,-1,-1,-1,-1.000000,-1.000000,327,0,0,0,0,0,-1,-1,-1,0.000000
8434,0,-1,-1,-1,-1,0,-1,-1,-1,-1.000000,-1.000000,104,0,0,0,0,0,-1,-1,-1,0.000000
8435,0,-1,-1,-1,-1,0,-1,-1,-1,-1.000000,-1.000000,187,0,0,0,0,0,-1,-1,-1,0.000000
8436,0,-1,-1,-1,-1,0,-1,-1,-1,-1.000000,-1.000000,472,0,0,0,0,0,-1,-1,-1,0.000000
8437,0,-1,-1,-1,-1,0,-1,-1,-1,-1.000000,-1.000000,283,0,0,0,0,0,-1,-1,-1,0.000000
8438,0,-1,-1,-1,-1,0,-1,-1,-1,-1.000000,-1.000000,161,0,0,0,0,0,-1,-1,-1,0.000000
8439,0,-1,-1,-1,-1,0,-1,-1,-1,-1.000000,-1.000000,152,0,0,0,0,0,-1,-1,-1,0.000000
8440,0,22,-1,-1,2923,598,67,3,4,0.000000,0.000000,25,678,0,299,0,299,22,-1,-1,0.000000
8441,0,-1,-1,-1,-1,0,-1,-1,-1,-1.000000,-1.000000,197,0,0,0,0,0,-1,-1,-1,0.000000
8442,0,22,-1,-1,5355,664,67,3,4,0.000000,0.000000,29,741,0,237,0,237,22,-1,-1,0.000000
8443,0,-1,-1,-1,-1,0,-1,-1,-1,-1.000000,-1.000000,139,0,0,0,0,0,-1,-1,-1,0.000000
8444,0,609,-1,-1,6705,0,17,3,2,0.000000,0.000000,140,1,0,1,0,1,609,-1,-1,0.000000
8445,0,-1,-1,-1,-1,0,-1,-1,-1,-1.000000,-1.000000,123,0,0,0,0,0,-1,-1,-1,0.000000
8446,0,24,-1,-1,7176,691,64,3,2,0.000000,0.000000,21,771,0,205,0,205,24,-1,-1,0.000000
8447,0,-1,-1,-1,-1,0,-1,-1,-1,-1.000000,-1.000000,173,0,0,0,0,0,-1,-1,-1,0.000000
8448,0,-1,-1,-1,-1,0,-1,-1,-1,-1.000000,-1.000000,111,0,0,0,0,0,-1,-1,-1,0.000000
8449,0,-1,-1,-1,-1,0,-1,-1,-1,-1.000000,-1.000000,342,0,0,0,0,0,-1,-1,-1,0.000000
8450,0,-1,-1,-1,-1,0,-1,-1,-1,-1.000000,-1.000000,325,0,0,0,0,0,-1,-1,-1,0.000000
8451,0,-1,-1,-1,-1,0,-1,-1,-1,-1.000000,-1.000000,187,0,0,0,0,0,-1,-1,-1,0.000000
8452,0,-1,-1,-1,-1,0,-1,-1,-1,-1.000000,-1.000000,311,0,0,0,0,0,-1,-1,-1,0.000000
8453,0,27,-1,-1,3071,6,59,3,4,0.000000,0.000000,65,22,0,17,0,17,27,-1,-1,0.000000
8454,0,-1,-1,-1,-1,0,-1,-1,-1,-1.000000,-1.000000,239,0,0,0,0,0,-1,-1,-1,0.000000
8455,0,-1,-1,-1,-1,0,-1,-1,-1,-1.000000,-1.000000,243,0,0,0,0,0,-1,-1,-1,0.000000
8456,0,-1,-1,-1,-1,0,-1,-1,-1,-1.000000,-1.000000,231,0,0,0,0,0,-1,-1,-1,0.000000
8457,0,-1,-1,-1,-1,0,-1,-1,-1,-1.000000,-1.000000,437,0,0,0,0,0,-1,-1,-1,0.000000
8458,0,-1,-1,-1,-1,0,-1,-1,-1,-1.000000,-1.000000,209,0,0,0,0,0,-1,-1,-1,0.000000
8459,0,-1,-1,-1,-1,0,-1,-1,-1,-1.000000,-1.000000,303,0,0,0,0,0,-1,-1,-1,0.000000
8460,0,-1,-1,-1,-1,0,-1,-1,-1,-1.000000,-1.000000,82,0,0,0,0,0,-1,-1,-1,0.000000
8461,0,-1,-1,-1,-1,0,-1,-1,-1,-1.000000,-1.000000,365,0,0,0,0,0,-1,-1,-1,0.000000
8462,0,25,-1,-1,7658,594,61,3,4,0.000000,0.000000,27,717,0,257,0,257,25,-1,-1,0.000000
8463,0,-1,-1,-1,-1,0,-1,-1,-1,-1.000000,-1.000000,257,0,0,0,0,0,-1,-1,-1,0.000000
8464,0,-1,-1,-1,-1,0,-1,-1,-1,-1.000000,-1.000000,83,0,0,0,0,0,-1,-1,-1,0.000000
8465,0,-1,-1,-1,-1,0,-1,-1,-1,-1.000000,-1.000000,221,0,0,0,0,0,-1,-1,-1,0.000000
8466,0,-1,-1,-1,-1,0,-1,-1,-1,-1.000000,-1.000000,285,0,0,0,0,0,-1,-1,-1,0.000000
8467,0,-1,-1,-1,-1,0,-1,-1,-1,-1.000000,-1.000000,169,0,0,0,0,0,-1,-1,-1,0.000000
8468,0,-1,-1,-1,-1,0,-1,-1,-1,-1.000000,-1.000000,165,0,0,0,0,0,-1,-1,-1,0.000000
8469,0,-1,-1,-1,-1,0,-1,-1,-1,-1.000000,-1.000000,500,0,0,0,0,0,-1,-1,-1,0.000000
8470,0,-1,-1,-1,-1,0,-1,-1,-1,-1.000000,-1.000000,464,0,0,0,0,0,-1,-1,-1,0.000000
8471,0,-1,-1,-1,-1,0,-1,-1,-1,-1.000000,-1.000000,253,0,0,0,0,0,-1,-1,-1,0.000000
8472,0,-1,-1,-1,-1,0,-1,-1,-1,-1.000000,-1.000000,249,0,0,0,0,0,-1,-1,-1,0.000000
8473,0,-1,-1,-1,-1,0,-1,-1,-1,-1.000000,-1.000000,89,0,0,0,0,0,-1,-1,-1,0.000000
8474,0,-1,-1,-1,-1,0,-1,-1,-1,-1.000000,-1.000000,349,0,0,0,0,0,-1,-1,-1,0.000000
8475,0,-1,-1,-1,-1,0,-1,-1,-1,-1.000000,-1.000000,368,0,0,0,0,0,-1,-1,-1,0.000000
8476,0,-1,-1,-1,-1,0,-1,-1,-1,-1.000000,-1.000000,460,0,0,0,0,0,-1,-1,-1,0.000000
8477,0,-1,-1,-1,-1,0,-1,-1,-1,-1.000000,-1.000000,159,0,0,0,0,0,-1,-1,-1,0.000000
8478,0,24,-1,-1,5182,839,62,3,2,0.000000,0.000000,43,745,0,220,0,220,24,-1,-1,0.000000
8479,0,75,-1,-1,4971,720,43,3,4,0.000000,0.000000,31,751,0,120,0,120,75,-1,-1,0.000000
8480,0,21,-1,-1,3591,831,67,3,4,0.000000,0.000000,21,809,0,168,0,168,21,-1,-1,0.000000
8481,0,22,-1,-1,1653,740,66,3,2,0.000000,0.000000,29,677,0,301,0,301,22,-1,-1,0.000000
8482,0,-1,-1,-1,-1,0,-1,-1,-1,-1.000000,-1.000000,261,0,0,0,0,0,-1,-1,-1,0.000000
8483,0,-1,-1,-1,-1,0,-1,-1,-1,-1.000000,-1.000000,432,0,0,0,0,0,-1,-1,-1,0.000000
8484,0,-1,-1,-1,-1,0,-1,-1,-1,-1.000000,-1.000000,221,0,0,0,0,0,-1,-1,-1,0.000000
8485,0,-1,-1,-1,-1,0,-1,-1,-1,-1.000000,-1.000000,251,0,0,0,0,0,-1,-1,-1,0.000000
8486,0,-1,-1,-1,-1,0,-1,-1,-1,-1.000000,-1.000000,209,0,0,0,0,0,-1,-1,-1,0.000000
8487,0,-1,-1,-1,-1,0,-1,-1,-1,-1.000000,-1.000000,83,0,0,0,0,0,-1,-1,-1,0.000000
8488,0,198,-1,-1,5481,154,29,3,2,0.000000,0.000000,64,266,0,55,0,55,198,-1,-1,0.000000
8489,0,-1,-1,-1,-1,0,-1,-1,-1,-1.000000,-1.000000,303,0,0,0,0,0,-1,-1,-1,0.000000
8490,0,-1,-1,-1,-1,0,-1,-1,-1,-1.000000,-1.000000,440,0,0,0,0,0,-1,-1,-1,0.000000
8491,0,-1,-1,-1,-1,0,-1,-1,-1,-1.000000,-1.000000,243,0,0,0,0,0,-1,-1,-1,0.000000
8492,0,400,-1,-1,7203,19,23,3,2,0.000000,0.000000,86,52,0,16,0,16,400,-1,-1,0.000000
8493,0,-1,-1,-1,-1,0,-1,-1,-1,-1.000000,-1.000000,253,0,0,0,0,0,-1,-1,-1,0.000000
8494,0,26,-1,-1,7738,879,61,3,4,0.000000,0.000000,31,728,0,244,0,244,26,-1,-1,0.000000
8495,0,-1,-1,-1,-1,0,-1,-1,-1,-1.000000,-1.000000,333,0,0,0,0,0,-1,-1,-1,0.000000
8496,0,-1,-1,-1,-1,0,-1,-1,-1,-1.000000,-1.000000,209,0,0,0,0,0,-1,-1,-1,0.000000
8497,0,-1,-1,-1,-1,0,-1,-1,-1,-1.000000,-1.000000,361,0,0,0,0,0,-1,-1,-1,0.000000
8498,0,-1,-1,-1,-1,0,-1,-1,-1,-1.000000,-1.000000,221,0,0,0,0,0,-1,-1,-1,0.000000
8499,0,351,-1,-1,6754,2,22,3,4,0.000000,0.000000,64,17,0,9,0,9,351,-1,-1,0.000000
8500,0,-1,-1,-1,-1,0,-1,-1,-1,-1.000000,-1.000000,363,0,0,0,0,0,-1,-1,-1,0.000000
8501,0,-1,-1,-1,-1,0,-1,-1,-1,-1.000000,-1.000000,307,0,0,0,0,0,-1,-1,-1,0.000000
8502,0,-1,-1,-1,-1,0,-1,-1,-1,-1.000000,-1.000000,337,0,0,0,0,0,-1,-1,-1,0.000000
8503,0,-1,-1,-1,-1,0,-1,-1,-1,-1.000000,-1.000000,362,0,0,0,0,0,-1,-1,-1,0.000000
8504,0,-1,-1,-1,-1,0,-1,-1,-1,-1.000000,-1.000000,305,0,0,0,0,0,-1,-1,-1,0.000000
8505,0,32,-1,-1,5929,30,55,3,4,0.000000,0.000000,59,76,0,28,0,28,32,-1,-1,0.000000
8506,0,-1,-1,-1,-1,0,-1,-1,-1,-1.000000,-1.000000,315,0,0,0,0,0,-1,-1,-1,0.000000
8507,0,-1,-1,-1,-1,0,-1,-1,-1,-1.000000,-1.000000,153,0,0,0,0,0,-1,-1,-1,0.000000
8508,0,-1,-1,-1,-1,0,-1,-1,-1,-1.000000,-1.000000,85,0,0,0,0,0,-1,-1,-1,0.000000
8509,0,-1,-1,-1,-1,0,-1,-1,-1,-1.000000,-1.000000,117,0,0,0,0,0,-1,-1,-1,0.000000
8510,0,43,-1,-1,313,103,50,3,2,0.000000,0.000000,85,252,0,49,0,49,43,-1,-1,0.000000
8511,0,33,-1,-1,4370,719,57,3,2,0.000000,0.000000,26,809,0,151,0,151,33,-1,-1,0.000000
8512,0,-1,-1,-1,-1,0,-1,-1,-1,-1.000000,-1.000000,129,0,0,0,0,0,-1,-1,-1,0.000000
8513,0,-1,-1,-1,-1,0,-1,-1,-1,-1.000000,-1.000000,370,0,0,0,0,0,-1,-1,-1,0.000000
8514,0,-1,-1,-1,-1,0,-1,-1,-1,-1.000000,-1.000000,275,0,0,0,0,0,-1,-1,-1,0.000000
8515,0,-1,-1,-1,-1,0,-1,-1,-1,-1.000000,-1.000000,240,0,0,0,0,0,-1,-1,-1,0.000000
8516,0,-1,-1,-1,-1,0,-1,-1,-1,-1.000000,-1.000000,252,0,0,0,0,0,-1,-1,-1,0.000000
8517,0,-1,-1,-1,-1,0,-1,-1,-1,-1.000000,-1.000000,113,0,0,0,0,0,-1,-1,-1,0.000000
8518,0,-1,-1,-1,-1,0,-1,-1,-1,-1.000000,-1.000000,319,0,0,0,0,0,-1,-1,-1,0.000000
8519,0,-1,-1,-1,-1,0,-1,-1,-1,-1.000000,-1.000000,257,0,0,0,0,0,-1,-1,-1,0.000000
8520,0,487,-1,-1,2093,37,20,3,2,0.000000,0.000000,109,106,0,10,0,10,487,-1,-1,0.000000
8521,0,-1,-1,-1,-1,0,-1,-1,-1,-1.000000,-1.000000,121,0,0,0,0,0,-1,-1,-1,0.000000
8522,0,22,-1,-1,7666,678,68,3,2,0.000000,0.000000,11,747,0,231,0,231,22,-1,-1,0.000000
8523,0,-1,-1,-1,-1,0,-1,-1,-1,-1.000000,-1.000000,135,0,0,0,0,0,-1,-1,-1,0.000000
8524,0,-1,-1,-1,-1,0,-1,-1,-1,-1.000000,-1.000000,470,0,0,0,0,0,-1,-1,-1,0.000000
8525,0,-1,-1,-1,-1,0,-1,-1,-1,-1.000000,-1.000000,245,0,0,0,0,0,-1,-1,-1,0.000000
8526,0,25,-1,-1,6493,445,63,3,4,0.000000,0.000000,97,561,0,131,0,131,25,-1,-1,0.000000
8527,0,26,-1,-1,7593,78,60,3,2,0.000000,0.000000,79,154,0,42,0,42,26,-1,-1,0.000000
8528,0,48,-1,-1,132,11,50,3,2,0.000000,0.000000,85,39,0,15,0,15,48,-1,-1,0.000000
8529,0,-1,-1,-1,-1,0,-1,-1,-1,-1.000000,-1.000000,289,0,0,0,0,0,-1,-1,-1,0.000000
8530,0,-1,-1,-1,-1,0,-1,-1,-1,-1.000000,-1.000000,101,0,0,0,0,0,-1,-1,-1,0.000000
8531,0,-1,-1,-1,-1,0,-1,-1,-1,-1.000000,-1.000000,97,0,0,0,0,0,-1,-1,-1,0.000000
8532,0,12,-1,-1,319,609,68,3,2,0.000000,0.000000,15,735,0,249,0,249,12,-1,-1,0.000000
8533,0,-1,-1,-1,-1,0,-1,-1,-1,-1.000000,-1.000000,263,0,0,0,0,0,-1,-1,-1,0.000000
8534,0,76,-1,-1,4063,11,41,3,4,0.000000,0.000000,103,37,0,7,0,7,76,-1,-1,0.000000
8535,0,-1,-1,-1,-1,0,-1,-1,-1,-1.000000,-1.000000,391,0,0,0,0,0,-1,-1,-1,0.000000
8536,0,-1,-1,-1,-1,0,-1,-1,-1,-1.000000,-1.000000,135,0,0,0,0,0,-1,-1,-1,0.000000
8537,0,26,-1,-1,3581,169,64,3,2,0.000000,0.000000,37,249,0,90,0,90,26,-1,-1,0.000000
8538,0,-1,-1,-1,-1,0,-1,-1,-1,-1.000000,-1.000000,262,0,0,0,0,0,-1,-1,-1,0.000000
8539,0,-1,-1,-1,-1,0,-1,-1,-1,-1.000000,-1.000000,181,0,0,0,0,0,-1,-1,-1,0.000000
8540,0,-1,-1,-1,-1,0,-1,-1,-1,-1.000000,-1.000000,143,0,0,0,0,0,-1,-1,-1,0.000000
8541,0,-1,-1,-1,-1,0,-1,-1,-1,-1.000000,-1.000000,177,0,0,0,0,0,-1,-1,-1,0.000000
8542,0,373,-1,-1,561,51,22,3,2,0.000000,0.000000,87,131,0,27,0,27,373,-1,-1,0.000000
8543,0,-1,-1,-1,-1,0,-1,-1,-1,-1.000000,-1.000000,155,0,0,0,0,0,-1,-1,-1,0.000000
8544,0,-1,-1,-1,-1,0,-1,-1,-1,-1.000000,-1.000000,165,0,0,0,0,0,-1,-1,-1,0.000000
8545,0,-1,-1,-1,-1,0,-1,-1,-1,-1.000000,-1.000000,172,0,0,0,0,0,-1,-1,-1,0.000000
8546,0,-1,-1,-1,-1,0,-1,-1,-1,-1.000000,-1.000000,143,0,0,0,0,0,-1,-1,-1,0.000000
8547,0,-1,-1,-1,-1,0,-1,-1,-1,-1.000000,-1.000000,311,0,0,0,0,0,-1,-1,-1,0.000000
8548,0,26,-1,-1,3429,270,61,3,4,0.000000,0.000000,83,422,0,137,0,137,26,-1,-1,0.000000
8549,0,-1,-1,-1,-1,0,-1,-1,-1,-1.000000,-1.000000,221,0,0,0,0,0,-1,-1,-1,0.000000
8550,0,-1,-1,-1,-1,0,-1,-1,-1,-1.000000,-1.000000,173,0,0,0,0,0,-1,-1,-1,0.000000
8551,0,-1,-1,-1,-1,0,-1,-1,-1,-1.000000,-1.000000,131,0,0,0,0,0,-1,-1,-1,0.000000
8552,0,-1,-1,-1,-1,0,-1,-1,-1,-1.000000,-1.000000,131,0,0,0,0,0,-1,-1,-1,0.000000
8553,0,-1,-1,-1,-1,0,-1,-1,-1,-1.000000,-1.000000,389,0,0,0,0,0,-1,-1,-1,0.000000
8554,0,-1,-1,-1,-1,0,-1,-1,-1,-1.000000,-1.000000,419,0,0,0,0,0,-1,-1,-1,0.000000
8555,0,-1,-1,-1,-1,0,-1,-1,-1,-1.000000,-1.000000,97,0,0,0,0,0,-1,-1,-1,0.000000
8556,0,-1,-1,-1,-1,0,-1,-1,-1,-1.000000,-1.000000,92,0,0,0,0,0,-1,-1,-1,0.000000
8557,0,-1,-1,-1,-1,0,-1,-1,-1,-1.000000,-1.000000,329,0,0,0,0,0,-1,-1,-1,0.000000
8558,0,-1,-1,-1,-1,0,-1,-1,-1,-1.000000,-1.000000,213,0,0,0,0,0,-1,-1,-1,0.000000
8559,0,-1,-1,-1,-1,0,-1,-1,-1,-1.000000,-1.000000,391,0,0,0,0,0,-1,-1,-1,0.000000
8560,0,21,-1,-1,6977,562,66,3,2,0.000000,0.000000,19,705,0,274,0,274,21,-1,-1,0.000000
8561,0,-1,-1,-1,-1,0,-1,-1,-1,-1.000000,-1.000000,115,0,0,0,0,0,-1,-1,-1,0.000000
8562,0,-1,-1,-1,-1,0,-1,-1,-1,-1.000000,-1.000000,97,0,0,0,0,0,-1,-1,-1,0.000000
8563,0,26,-1,-1,400,768,60,3,2,0.000000,0.000000,33,771,0,200,0,200,26,-1,-1,0.000000
8564,0,-1,-1,-1,-1,0,-1,-1,-1,-1.000000,-1.000000,143,0,0,0,0,0,-1,-1,-1,0.000000
8565,0,-1,-1,-1,-1,0,-1,-1,-1,-1.000000,-1.000000,159,0,0,0,0,0,-1,-1,-1,0.000000
8566,0,-1,-1,-1,-1,0,-1,-1,-1,-1.000000,-1.000000,121,0,0,0,0,0,-1,-1,-1,0.000000
8567,0,-1,-1,-1,-1,0,-1,-1,-1,-1.000000,-1.000000,229,0,0,0,0,0,-1,-1,-1,0.000000
8568,0,-1,-1,-1,-1,0,-1,-1,-1,-1.000000,-1.000000,365,0,0,0,0,0,-1,-1,-1,0.000000
8569,0,-1,-1,-1,-1,0,-1,-1,-1,-1.000000,-1.000000,219,0,0,0,0,0,-1,-1,-1,0.000000
8570,0,-1,-1,-1,-1,0,-1,-1,-1,-1.000000,-1.000000,233,0,0,0,0,0,-1,-1,-1,0.000000
8571,0,23,-1,-1,1717,814,64,3,2,0.000000,0.000000,33,813,0,153,0,153,23,-1,-1,0.000000
8572,0,206,-1,-1,5649,60,30,3,4,0.000000,0.000000,66,123,0,39,0,39,206,-1,-1,0.000000
8573,0,-1,-1,-1,-1,0,-1,-1,-1,-1.000000,-1.000000,119,0,0,0,0,0,-1,-1,-1,0.000000
8574,0,-1,-1,-1,-1,0,-1,-1,-1,-1.000000,-1.000000,331,0,0,0,0,0,-1,-1,-1,0.000000
8575,0,-1,-1,-1,-1,0,-1,-1,-1,-1.000000,-1.000000,149,0,0,0,0,0,-1,-1,-1,0.000000
8576,0,49,-1,-1,7747,1,48,3,2,0.000000,0.000000,71,5,0,1,0,1,49,-1,-1,0.000000
8577,0,-1,-1,-1,-1,0,-1,-1,-1,-1.000000,-1.000000,133,0,0,0,0,0,-1,-1,-1,0.000000
8578,0,-1,-1,-1,-1,0,-1,-1,-1,-1.000000,-1.000000,75,0,0,0,0,0,-1,-1,-1,0.000000
8579,0,-1,-1,-1,-1,0,-1,-1,-1,-1.000000,-1.000000,141,0,0,0,0,0,-1,-1,-1,0.000000
8580,0,-1,-1,-1,-1,0,-1,-1,-1,-1.000000,-1.000000,407,0,0,0,0,0,-1,-1,-1,0.000000
8581,0,24,-1,-1,153,606,64,3,2,0.000000,0.000000,35,731,0,245,0,245,24,-1,-1,0.000000
8582,0,23,-1,-1,712,656,68,3,2,0.000000,0.000000,29,730,0,145,0,145,23,-1,-1,0.000000
8583,0,-1,-1,-1,-1,0,-1,-1,-1,-1.000000,-1.000000,368,0,0,0,0,0,-1,-1,-1,0.000000
8584,0,-1,-1,-1,-1,0,-1,-1,-1,-1.000000,-1.000000,179,0,0,0,0,0,-1,-1,-1,0.000000
8585,0,-1,-1,-1,-1,0,-1,-1,-1,-1.000000,-1.000000,169,0,0,0,0,0,-1,-1,-1,0.000000
8586,0,-1,-1,-1,-1,0,-1,-1,-1,-1.000000,-1.000000,257,0,0,0,0,0,-1,-1,-1,0.000000
8587,0,-1,-1,-1,-1,0,-1,-1,-1,-1.000000,-1.000000,107,0,0,0,0,0,-1,-1,-1,0.000000
8588,0,-1,-1,-1,-1,0,-1,-1,-1,-1.000000,-1.000000,203,0,0,0,0,0,-1,-1,-1,0.000000
8589,0,-1,-1,-1,-1,0,-1,-1,-1,-1.000000,-1.000000,441,0,0,0,0,0,-1,-1,-1,0.000000
8590,0,-1,-1,-1,-1,0,-1,-1,-1,-1.000000,-1.000000,141,0,0,0,0,0,-1,-1,-1,0.000000
8591,0,-1,-1,-1,-1,0,-1,-1,-1,-1.000000,-1.000000,384,0,0,0,0,0,-1,-1,-1,0.000000
8592,0,-1,-1,-1,-1,0,-1,-1,-1,-1.000000,-1.000000,197,0,0,0,0,0,-1,-1,-1,0.000000
8593,0,-1,-1,-1,-1,0,-1,-1,-1,-1.000000,-1.000000,442,0,0,0,0,0,-1,-1,-1,0.000000
8594,0,194,-1,-1,2949,516,31,3,4,0.000000,0.000000,23,677,0,110,0,110,194,-1,-1,0.000000
8595,0,262,-1,-1,375,0,25,3,4,0.000000,0.000000,103,1,0,1,0,1,262,-1,-1,0.000000
8596,0,-1,-1,-1,-1,0,-1,-1,-1,-1.000000,-1.000000,417,0,0,0,0,0,-1,-1,-1,0.000000
8597,0,76,-1,-1,7123,632,45,3,4,0.000000,0.000000,35,623,0,158,0,158,76,-1,-1,0.000000
8598,0,-1,-1,-1,-1,0,-1,-1,-1,-1.000000,-1.000000,351,0,0,0,0,0,-1,-1,-1,0.000000
8599,0,-1,-1,-1,-1,0,-1,-1,-1,-1.000000,-1.000000,147,0,0,0,0,0,-1,-1,-1,0.000000
8600,0,-1,-1,-1,-1,0,-1,-1,-1,-1.000000,-1.000000,433,0,0,0,0,0,-1,-1,-1,0.000000
8601,0,419,-1,-1,2633,388,22,3,2,0.000000,0.000000,9,495,0,45,0,45,419,-1,-1,0.000000
8602,0,-1,-1,-1,-1,0,-1,-1,-1,-1.000000,-1.000000,427,0,0,0,0,0,-1,-1,-1,0.000000
8603,0,25,-1,-1,6776,731,60,3,2,0.000000,0.000000,29,735,0,232,0,232,25,-1,-1,0.000000
8604,0,-1,-1,-1,-1,0,-1,-1,-1,-1.000000,-1.000000,363,0,0,0,0,0,-1,-1,-1,0.000000
8605,0,-1,-1,-1,-1,0,-1,-1,-1,-1.000000,-1.000000,111,0,0,0,0,0,-1,-1,-1,0.000000
8606,0,-1,-1,-1,-1,0,-1,-1,-1,-1.000000,-1.000000,235,0,0,0,0,0,-1,-1,-1,0.000000
8607,0,46,-1,-1,3826,108,49,3,4,0.000000,0.000000,101,247,0,50,0,50,46,-1,-1,0.000000
8608,0,-1,-1,-1,-1,0,-1,-1,-1,-1.000000,-1.000000,85,0,0,0,0,0,-1,-1,-1,0.000000
8609,0,-1,-1,-1,-1,0,-1,-1,-1,-1.000000,-1.000000,304,0,0,0,0,0,-1,-1,-1,0.000000
8610,0,-1,-1,-1,-1,0,-1,-1,-1,-1.000000,-1.000000,289,0,0,0,0,0,-1,-1,-1,0.000000
8611,0,-1,-1,-1,-1,0,-1,-1,-1,-1.000000,-1.000000,289,0,0,0,0,0,-1,-1,-1,0.000000
8612,0,-1,-1,-1,-1,0,-1,-1,-1,-1.000000,-1.000000,223,0,0,0,0,0,-1,-1,-1,0.000000
8613,0,-1,-1,-1,-1,0,-1,-1,-1,-1.000000,-1.000000,103,0,0,0,0,0,-1,-1,-1,0.000000
8614,0,-1,-1,-1,-1,0,-1,-1,-1,-1.000000,-1.000000,187,0,0,0,0,0,-1,-1,-1,0.000000
8615,0,24,-1,-1,4857,563,63,3,4,0.000000,0.000000,69,671,0,275,0,275,24,-1,-1,0.000000
8616,0,28,-1,-1,2976,673,60,3,2,0.000000,0.000000,47,691,0,154,0,154,28,-1,-1,0.000000
8617,0,-1,-1,-1,-1,0,-1,-1,-1,-1.000000,-1.000000,363,0,0,0,0,0,-1,-1,-1,0.000000
8618,0,31,-1,-1,7754,23,59,3,4,0.000000,0.000000,71,64,0,25,0,25,31,-1,-1,0.000000
8619,0,33,-1,-1,3791,92,54,3,2,0.000000,0.000000,81,174,0,61,0,61,33,-1,-1,0.000000
8620,0,26,-1,-1,4963,703,61,3,4,0.000000,0.000000,53,667,0,202,0,202,26,-1,-1,0.000000
8621,0,110,-1,-1,1753,32,38,3,4,0.000000,0.000000,92,60,0,26,0,26,110,-1,-1,0.000000
8622,0,-1,-1,-1,-1,0,-1,-1,-1,-1.000000,-1.000000,161,0,0,0,0,0,-1,-1,-1,0.000000
8623,0,-1,-1,-1,-1,0,-1,-1,-1,-1.000000,-1.000000,471,0,0,0,0,0,-1,-1,-1,0.000000
8624,0,24,-1,-1,4093,426,62,3,2,0.000000,0.000000,43,509,0,138,0,138,24,-1,-1,0.000000
8625,0,-1,-1,-1,-1,0,-1,-1,-1,-1.000000,-1.000000,211,0,0,0,0,0,-1,-1,-1,0.000000
8626,0,-1,-1,-1,-1,0,-1,-1,-1,-1.000000,-1.000000,185,0,0,0,0,0,-1,-1,-1,0.000000
8627,0,-1,-1,-1,-1,0,-1,-1,-1,-1.000000,-1.000000,133,0,0,0,0,0,-1,-1,-1,0.000000
8628,0,53,-1,-1,1400,407,48,3,4,0.000000,0.000000,46,489,0,123,0,123,53,-1,-1,0.000000
8629,0,-1,-1,-1,-1,0,-1,-1,-1,-1.000000,-1.000000,473,0,0,0,0,0,-1,-1,-1,0.000000
8630,0,-1,-1,-1,-1,0,-1,-1,-1,-1.000000,-1.000000,414,0,0,0,0,0,-1,-1,-1,0.000000
8631,0,-1,-1,-1,-1,0,-1,-1,-1,-1.000000,-1.000000,169,0,0,0,0,0,-1,-1,-1,0.000000
8632,0,-1,-1,-1,-1,0,-1,-1,-1,-1.000000,-1.000000,205,0,0,0,0,0,-1,-1,-1,0.000000
8633,0,-1,-1,-1,-1,0,-1,-1,-1,-1.000000,-1.000000,462,0,0,0,0,0,-1,-1,-1,0.000000
8634,0,-1,-1,-1,-1,0,-1,-1,-1,-1.000000,-1.000000,207,0,0,0,0,0,-1,-1,-1,0.000000
8635,0,52,-1,-1,7853,7,47,3,4,0.000000,0.000000,83,43,0,10,0,10,52,-1,-1,0.000000
8636,0,-1,-1,-1,-1,0,-1,-1,-1,-1.000000,-1.000000,244,0,0,0,0,0,-1,-1,-1,0.000000
8637,0,-1,-1,-1,-1,0,-1,-1,-1,-1.000000,-1.000000,129,0,0,0,0,0,-1,-1,-1,0.000000
8638,0,-1,-1,-1,-1,0,-1,-1,-1,-1.000000,-1.000000,113,0,0,0,0,0,-1,-1,-1,0.000000
8639,0,-1,-1,-1,-1,0,-1,-1,-1,-1.000000,-1.000000,123,0,0,0,0,0,-1,-1,-1,0.000000
8640,0,-1,-1,-1,-1,0,-1,-1,-1,-1.000000,-1.000000,423,0,0,0,0,0,-1,-1,-1,0.000000
8641,0,-1,-1,-1,-1,0,-1,-1,-1,-1.000000,-1.000000,62,0,0,0,0,0,-1,-1,-1,0.000000
8642,0,-1,-1,-1,-1,0,-1,-1,-1,-1.000000,-1.000000,303,0,0,0,0,0,-1,-1,-1,0.000000
8643,0,-1,-1,-1,-1,0,-1,-1,-1,-1.000000,-1.000000,103,0,0,0,0,0,-1,-1,-1,0.000000
8644,0,271,-1,-1,5288,164,28,3,4,0.000000,0.000000,60,271,0,60,0,60,271,-1,-1,0.000000
8645,0,-1,-1,-1,-1,0,-1,-1,-1,-1.000000,-1.000000,439,0,0,0,0,0,-1,-1,-1,0.000000
8646,0,-1,-1,-1,-1,0,-1,-1,-1,-1.000000,-1.000000,206,0,0,0,0,0,-1,-1,-1,0.000000
8647,0,-1,-1,-1,-1,0,-1,-1,-1,-1.000000,-1.000000,161,0,0,0,0,0,-1,-1,-1,0.000000
8648,0,-1,-1,-1,-1,0,-1,-1,-1,-1.000000,-1.000000,125,0,0,0,0,0,-1,-1,-1,0.000000
8649,0,-1,-1,-1,-1,0,-1,-1,-1,-1.000000,-1.000000,165,0,0,0,0,0,-1,-1,-1,0.000000
8650,0,-1,-1,-1,-1,0,-1,-1,-1,-1.000000,-1.000000,245,0,0,0,0,0,-1,-1,-1,0.000000
8651,0,-1,-1,-1,-1,0,-1,-1,-1,-1.000000,-1.000000,181,0,0,0,0,0,-1,-1,-1,0.000000
8652,0,446,-1,-1,6049,213,21,3,4,0.000000,0.000000,19,366,0,34,0,34,446,-1,-1,0.000000
8653,0,-1,-1,-1,-1,0,-1,-1,-1,-1.000000,-1.000000,121,0,0,0,0,0,-1,-1,-1,0.000000
8654,0,-1,-1,-1,-1,0,-1,-1,-1,-1.000000,-1.000000,134,0,0,0,0,0,-1,-1,-1,0.000000
8655,0,-1,-1,-1,-1,0,-1,-1,-1,-1.000000,-1.000000,450,0,0,0,0,0,-1,-1,-1,0.000000
8656,0,246,-1,-1,4018,164,28,3,4,0.000000,0.000000,44,253,0,53,0,53,246,-1,-1,0.000000
8657,0,419,-1,-1,5302,5,21,3,2,0.000000,0.000000,102,21,0,5,0,5,419,-1,-1,0.000000
8658,0,124,-1,-1,1464,661,38,3,2,0.000000,0.000000,13,759,0,109,0,109,124,-1,-1,0.000000
8659,0,-1,-1,-1,-1,0,-1,-1,-1,-1.000000,-1.000000,243,0,0,0,0,0,-1,-1,-1,0.000000
8660,0,-1,-1,-1,-1,0,-1,-1,-1,-1.000000,-1.000000,401,0,0,0,0,0,-1,-1,-1,0.000000
8661,0,-1,-1,-1,-1,0,-1,-1,-1,-1.000000,-1.000000,215,0,0,0,0,0,-1,-1,-1,0.000000
8662,0,-1,-1,-1,-1,0,-1,-1,-1,-1.000000,-1.000000,159,0,0,0,0,0,-1,-1,-1,0.000000
8663,0,30,-1,-1,4784,414,58,3,2,0.000000,0.000000,65,461,0,158,0,158,30,-1,-1,0.000000
8664,0,-1,-1,-1,-1,0,-1,-1,-1,-1.000000,-1.000000,246,0,0,0,0,0,-1,-1,-1,0.000000
8665,0,-1,-1,-1,-1,0,-1,-1,-1,-1.000000,-1.000000,185,0,0,0,0,0,-1,-1,-1,0.000000
8666,0,32,-1,-1,6123,736,56,3,2,0.000000,0.000000,47,672,0,234,0,234,32,-1,-1,0.000000
8667,0,-1,-1,-1,-1,0,-1,-1,-1,-1.000000,-1.000000,351,0,0,0,0,0,-1,-1,-1,0.000000
8668,0,-1,-1,-1,-1,0,-1,-1,-1,-1.000000,-1.000000,479,0,0,0,0,0,-1,-1,-1,0.000000
8669,0,-1,-1,-1,-1,0,-1,-1,-1,-1.000000,-1.000000,323,0,0,0,0,0,-1,-1,-1,0.000000
8670,0,-1,-1,-1,-1,0,-1,-1,-1,-1.000000,-1.000000,293,0,0,0,0,0,-1,-1,-1,0.000000
8671,0,25,-1,-1,2809,742,62,3,2,0.000000,0.000000,43,712,0,194,0,194,25,-1,-1,0.000000
8672,0,-1,-1,-1,-1,0,-1,-1,-1,-1.000000,-1.000000,192,0,0,0,0,0,-1,-1,-1,0.000000
8673,0,-1,-1,-1,-1,0,-1,-1,-1,-1.000000,-1.000000,127,0,0,0,0,0,-1,-1,-1,0.000000
8674,0,-1,-1,-1,-1,0,-1,-1,-1,-1.000000,-1.000000,269,0,0,0,0,0,-1,-1,-1,0.000000
8675,0,-1,-1,-1,-1,0,-1,-1,-1,-1.000000,-1.000000,383,0,0,0,0,0,-1,-1,-1,0.000000
8676,0,-1,-1,-1,-1,0,-1,-1,-1,-1.000000,-1.000000,151,0,0,0,0,0,-1,-1,-1,0.000000
8677,0,-1,-1,-1,-1,0,-1,-1,-1,-1.000000,-1.000000,360,0,0,0,0,0,-1,-1,-1,0.000000
8678,0,-1,-1,-1,-1,0,-1,-1,-1,-1.000000,-1.000000,418,0,0,0,0,0,-1,-1,-1,0.000000
8679,0,-1,-1,-1,-1,0,-1,-1,-1,-1.000000,-1.000000,60,0,0,0,0,0,-1,-1,-1,0.000000
8680,0,23,-1,-1,201,861,64,3,2,0.000000,0.000000,33,779,0,196,0,196,23,-1,-1,0.000000
8681,0,-1,-1,-1,-1,0,-1,-1,-1,-1.000000,-1.000000,249,0,0,0,0,0,-1,-1,-1,0.000000
8682,0,-1,-1,-1,-1,0,-1,-1,-1,-1.000000,-1.000000,273,0,0,0,0,0,-1,-1,-1,0.000000
8683,0,-1,-1,-1,-1,0,-1,-1,-1,-1.000000,-1.000000,175,0,0,0,0,0,-1,-1,-1,0.000000
8684,0,-1,-1,-1,-1,0,-1,-1,-1,-1.000000,-1.000000,394,0,0,0,0,0,-1,-1,-1,0.000000
8685,0,-1,-1,-1,-1,0,-1,-1,-1,-1.000000,-1.000000,175,0,0,0,0,0,-1,-1,-1,0.000000
8686,0,-1,-1,-1,-1,0,-1,-1,-1,-1.000000,-1.000000,458,0,0,0,0,0,-1,-1,-1,0.000000
8687,0,32,-1,-1,6799,28,55,3,4,0.000000,0.000000,57,75,0,27,0,27,32,-1,-1,0.000000
8688,0,-1,-1,-1,-1,0,-1,-1,-1,-1.000000,-1.000000,115,0,0,0,0,0,-1,-1,-1,0.000000
8689,0,-1,-1,-1,-1,0,-1,-1,-1,-1.000000,-1.000000,89,0,0,0,0,0,-1,-1,-1,0.000000
8690,0,-1,-1,-1,-1,0,-1,-1,-1,-1.000000,-1.000000,176,0,0,0,0,0,-1,-1,-1,0.000000
8691,0,4,-1,-1,3573,576,69,3,4,0.000000,0.000000,27,739,0,249,0,249,4,-1,-1,0.000000
8692,0,-1,-1,-1,-1,0,-1,-1,-1,-1.000000,-1.000000,213,0,0,0,0,0,-1,-1,-1,0.000000
8693,0,-1,-1,-1,-1,0,-1,-1,-1,-1.000000,-1.000000,282,0,0,0,0,0,-1,-1,-1,0.000000
8694,0,-1,-1,-1,-1,0,-1,-1,-1,-1.000000,-1.000000,161,0,0,0,0,0,-1,-1,-1,0.000000
8695,0,-1,-1,-1,-1,0,-1,-1,-1,-1.000000,-1.000000,153,0,0,0,0,0,-1,-1,-1,0.000000
8696,0,108,-1,-1,2851,377,40,3,2,0.000000,0.000000,27,510,0,58,0,58,108,-1,-1,0.000000
8697,0,-1,-1,-1,-1,0,-1,-1,-1,-1.000000,-1.000000,171,0,0,0,0,0,-1,-1,-1,0.000000
8698,0,24,-1,-1,3197,315,66,3,2,0.000000,0.000000,65,476,0,120,0,120,24,-1,-1,0.000000
8699,0,-1,-1,-1,-1,0,-1,-1,-1,-1.000000,-1.000000,161,0,0,0,0,0,-1,-1,-1,0.000000
8700,0,-1,-1,-1,-1,0,-1,-1,-1,-1.000000,-1.000000,119,0,0,0,0,0,-1,-1,-1,0.000000
8701,0,-1,-1,-1,-1,0,-1,-1,-1,-1.000000,-1.000000,335,0,0,0,0,0,-1,-1,-1,0.000000
8702,0,-1,-1,-1,-1,0,-1,-1,-1,-1.000000,-1.000000,340,0,0,0,0,0,-1,-1,-1,0.000000
8703,0,-1,-1,-1,-1,0,-1,-1,-1,-1.000000,-1.000000,134,0,0,0,0,0,-1,-1,-1,0.000000
8704,0,-1,-1,-1,-1,0,-1,-1,-1,-1.000000,-1.000000,327,0,0,0,0,0,-1,-1,-1,0.000000
8705,0,-1,-1,-1,-1,0,-1,-1,-1,-1.000000,-1.000000,399,0,0,0,0,0,-1,-1,-1,0.000000
8706,0,-1,-1,-1,-1,0,-1,-1,-1,-1.000000,-1.000000,108,0,0,0,0,0,-1,-1,-1,0.000000
8707,0,89,-1,-1,1801,0,39,3,4,0.000000,0.000000,93,1,0,0,0,0,89,-1,-1,0.000000
8708,0,-1,-1,-1,-1,0,-1,-1,-1,-1.000000,-1.000000,178,0,0,0,0,0,-1,-1,-1,0.000000
8709,0,289,-1,-1,2175,0,25,3,4,0.000000,0.000000,73,2,0,0,0,0,289,-1,-1,0.000000
8710,0,-1,-1,-1,-1,0,-1,-1,-1,-1.000000,-1.000000,309,0,0,0,0,0,-1,-1,-1,0.000000
8711,0,-1,-1,-1,-1,0,-1,-1,-1,-1.000000,-1.000000,163,0,0,0,0,0,-1,-1,-1,0.000000
8712,0,-1,-1,-1,-1,0,-1,-1,-1,-1.000000,-1.000000,199,0,0,0,0,0,-1,-1,-1,0.000000
8713,0,-1,-1,-1,-1,0,-1,-1,-1,-1.000000,-1.000000,279,0,0,0,0,0,-1,-1,-1,0.000000
8714,0,-1,-1,-1,-1,0,-1,-1,-1,-1.000000,-1.000000,103,0,0,0,0,0,-1,-1,-1,0.000000
8715,0,70,-1,-1,3170,631,42,3,2,0.000000,0.000000,29,824,0,95,0,95,70,-1,-1,0.000000
8716,0,-1,-1,-1,-1,0,-1,-1,-1,-1.000000,-1.000000,168,0,0,0,0,0,-1,-1,-1,0.000000
8717,0,-1,-1,-1,-1,0,-1,-1,-1,-1.000000,-1.000000,314,0,0,0,0,0,-1,-1,-1,0.000000
8718,0,-1,-1,-1,-1,0,-1,-1,-1,-1.000000,-1.000000,231,0,0,0,0,0,-1,-1,-1,0.000000
8719,0,-1,-1,-1,-1,0,-1,-1,-1,-1.000000,-1.000000,151,0,0,0,0,0,-1,-1,-1,0.000000
8720,0,-1,-1,-1,-1,0,-1,-1,-1,-1.000000,-1.000000,241,0,0,0,0,0,-1,-1,-1,0.000000
8721,0,-1,-1,-1,-1,0,-1,-1,-1,-1.000000,-1.000000,207,0,0,0,0,0,-1,-1,-1,0.000000
8722,0,-1,-1,-1,-1,0,-1,-1,-1,-1.000000,-1.000000,177,0,0,0,0,0,-1,-1,-1,0.000000
8723,0,-1,-1,-1,-1,0,-1,-1,-1,-1.000000,-1.000000,153,0,0,0,0,0,-1,-1,-1,0.000000
8724,0,-1,-1,-1,-1,0,-1,-1,-1,-1.000000,-1.000000,331,0,0,0,0,0,-1,-1,-1,0.000000
8725,0,-1,-1,-1,-1,0,-1,-1,-1,-1.000000,-1.000000,205,0,0,0,0,0,-1,-1,-1,0.000000
8726,0,24,-1,-1,5244,695,62,3,2,0.000000,0.000000,39,816,0,160,0,160,24,-1,-1,0.000000
8727,0,22,-1,-1,6074,770,65,3,4,0.000000,0.000000,39,726,0,172,0,172,22,-1,-1,0.000000
8728,0,-1,-1,-1,-1,0,-1,-1,-1,-1.000000,-1.000000,195,0,0,0,0,0,-1,-1,-1,0.000000
8729,0,-1,-1,-1,-1,0,-1,-1,-1,-1.000000,-1.000000,195,0,0,0,0,0,-1,-1,-1,0.000000
8730,0,277,-1,-1,2342,0,27,3,4,0.000000,0.000000,81,6,0,3,0,3,277,-1,-1,0.000000
8731,0,28,-1,-1,4549,593,59,3,4,0.000000,0.000000,31,686,0,278,0,278,28,-1,-1,0.000000
8732,0,-1,-1,-1,-1,0,-1,-1,-1,-1.000000,-1.000000,531,0,0,0,0,0,-1,-1,-1,0.000000
8733,0,-1,-1,-1,-1,0,-1,-1,-1,-1.000000,-1.000000,329,0,0,0,0,0,-1,-1,-1,0.000000
8734,0,-1,-1,-1,-1,0,-1,-1,-1,-1.000000,-1.000000,259,0,0,0,0,0,-1,-1,-1,0.000000
8735,0,29,-1,-1,3733,473,61,3,4,0.000000,0.000000,55,588,0,159,0,159,29,-1,-1,0.000000
8736,0,-1,-1,-1,-1,0,-1,-1,-1,-1.000000,-1.000000,259,0,0,0,0,0,-1,-1,-1,0.000000
8737,0,-1,-1,-1,-1,0,-1,-1,-1,-1.000000,-1.000000,101,0,0,0,0,0,-1,-1,-1,0.000000
8738,0,-1,-1,-1,-1,0,-1,-1,-1,-1.000000,-1.000000,240,0,0,0,0,0,-1,-1,-1,0.000000
8739,0,-1,-1,-1,-1,0,-1,-1,-1,-1.000000,-1.000000,91,0,0,0,0,0,-1,-1,-1,0.000000
8740,0,409,-1,-1,5874,0,21,3,2,0.000000,0.000000,90,0,0,1,0,1,409,-1,-1,0.000000
8741,0,-1,-1,-1,-1,0,-1,-1,-1,-1.000000,-1.000000,265,0,0,0,0,0,-1,-1,-1,0.000000
8742,0,-1,-1,-1,-1,0,-1,-1,-1,-1.000000,-1.000000,133,0,0,0,0,0,-1,-1,-1,0.000000
8743,0,-1,-1,-1,-1,0,-1,-1,-1,-1.000000,-1.000000,326,0,0,0,0,0,-1,-1,-1,0.000000
8744,0,-1,-1,-1,-1,0,-1,-1,-1,-1.000000,-1.000000,273,0,0,0,0,0,-1,-1,-1,0.000000
8745,0,-1,-1,-1,-1,0,-1,-1,-1,-1.000000,-1.000000,135,0,0,0,0,0,-1,-1,-1,0.000000
8746,0,-1,-1,-1,-1,0,-1,-1,-1,-1.000000,-1.000000,347,0,0,0,0,0,-1,-1,-1,0.000000
8747,0,-1,-1,-1,-1,0,-1,-1,-1,-1.000000,-1.000000,118,0,0,0,0,0,-1,-1,-1,0.000000
8748,0,-1,-1,-1,-1,0,-1,-1,-1,-1.000000,-1.000000,175,0,0,0,0,0,-1,-1,-1,0.000000
8749,0,-1,-1,-1,-1,0,-1,-1,-1,-1.000000,-1.000000,173,0,0,0,0,0,-1,-1,-1,0.000000
8750,0,104,-1,-1,4808,6,37,3,4,0.000000,0.000000,79,29,0,16,0,16,104,-1,-1,0.000000
8751,0,-1,-1,-1,-1,0,-1,-1,-1,-1.000000,-1.000000,273,0,0,0,0,0,-1,-1,-1,0.000000
8752,0,-1,-1,-1,-1,0,-1,-1,-1,-1.000000,-1.000000,137,0,0,0,0,0,-1,-1,-1,0.000000
8753,0,20,-1,-1,133,589,67,3,4,0.000000,0.000000,27,729,0,251,0,251,20,-1,-1,0.000000
8754,0,-1,-1,-1,-1,0,-1,-1,-1,-1.000000,-1.000000,141,0,0,0,0,0,-1,-1,-1,0.000000
8755,0,-1,-1,-1,-1,0,-1,-1,-1,-1.000000,-1.000000,203,0,0,0,0,0,-1,-1,-1,0.000000
8756,0,-1,-1,-1,-1,0,-1,-1,-1,-1.000000,-1.000000,379,0,0,0,0,0,-1,-1,-1,0.000000
8757,0,-1,-1,-1,-1,0,-1,-1,-1,-1.000000,-1.000000,144,0,0,0,0,0,-1,-1,-1,0.000000
8758,0,-1,-1,-1,-1,0,-1,-1,-1,-1.000000,-1.000000,158,0,0,0,0,0,-1,-1,-1,0.000000
8759,0,-1,-1,-1,-1,0,-1,-1,-1,-1.000000,-1.000000,175,0,0,0,0,0,-1,-1,-1,0.000000
8760,0,110,-1,-1,683,0,36,3,2,0.000000,0.000000,81,9,0,3,0,3,110,-1,-1,0.000000
8761,0,-1,-1,-1,-1,0,-1,-1,-1,-1.000000,-1.000000,159,0,0,0,0,0,-1,-1,-1,0.000000
8762,0,-1,-1,-1,-1,0,-1,-1,-1,-1.000000,-1.000000,157,0,0,0,0,0,-1,-1,-1,0.000000
8763,0,905,-1,-1,5513,1,16,3,4,0.000000,0.000000,28,9,0,5,0,5,905,-1,-1,0.000000
8764,0,-1,-1,-1,-1,0,-1,-1,-1,-1.000000,-1.000000,249,0,0,0,0,0,-1,-1,-1,0.000000
8765,0,-1,-1,-1,-1,0,-1,-1,-1,-1.000000,-1.000000,421,0,0,0,0,0,-1,-1,-1,0.000000
8766,0,-1,-1,-1,-1,0,-1,-1,-1,-1.000000,-1.000000,472,0,0,0,0,0,-1,-1,-1,0.000000
8767,0,-1,-1,-1,-1,0,-1,-1,-1,-1.000000,-1.000000,422,0,0,0,0,0,-1,-1,-1,0.000000
8768,0,110,-1,-1,4699,6,36,3,4,0.000000,0.000000,114,23,0,6,0,6,110,-1,-1,0.000000
8769,0,222,-1,-1,4496,13,27,3,2,0.000000,0.000000,84,33,0,16,0,16,222,-1,-1,0.000000
8770,0,29,-1,-1,1625,343,56,3,2,0.000000,0.000000,75,472,0,134,0,134,29,-1,-1,0.000000
8771,0,28,-1,-1,5174,250,57,3,4,0.000000,0.000000,71,385,0,108,0,108,28,-1,-1,0.000000
8772,0,-1,-1,-1,-1,0,-1,-1,-1,-1.000000,-1.000000,103,0,0,0,0,0,-1,-1,-1,0.000000
8773,0,-1,-1,-1,-1,0,-1,-1,-1,-1.000000,-1.000000,425,0,0,0,0,0,-1,-1,-1,0.000000
8774,0,-1,-1,-1,-1,0,-1,-1,-1,-1.000000,-1.000000,103,0,0,0,0,0,-1,-1,-1,0.000000
8775,0,-1,-1,-1,-1,0,-1,-1,-1,-1.000000,-1.000000,307,0,0,0,0,0,-1,-1,-1,0.000000
8776,0,-1,-1,-1,-1,0,-1,-1,-1,-1.000000,-1.000000,233,0,0,0,0,0,-1,-1,-1,0.000000
8777,0,-1,-1,-1,-1,0,-1,-1,-1,-1.000000,-1.000000,113,0,0,0,0,0,-1,-1,-1,0.000000
8778,0,-1,-1,-1,-1,0,-1,-1,-1,-1.000000,-1.000000,329,0,0,0,0,0,-1,-1,-1,0.000000
8779,0,-1,-1,-1,-1,0,-1,-1,-1,-1.000000,-1.000000,313,0,0,0,0,0,-1,-1,-1,0.000000
8780,0,-1,-1,-1,-1,0,-1,-1,-1,-1.000000,-1.000000,205,0,0,0,0,0,-1,-1,-1,0.000000
8781,0,-1,-1,-1,-1,0,-1,-1,-1,-1.000000,-1.000000,209,0,0,0,0,0,-1,-1,-1,0.000000
8782,0,-1,-1,-1,-1,0,-1,-1,-1,-1.000000,-1.000000,351,0,0,0,0,0,-1,-1,-1,0.000000
8783,0,-1,-1,-1,-1,0,-1,-1,-1,-1.000000,-1.000000,90,0,0,0,0,0,-1,-1,-1,0.000000
8784,0,-1,-1,-1,-1,0,-1,-1,-1,-1.000000,-1.000000,277,0,0,0,0,0,-1,-1,-1,0.000000
8785,0,-1,-1,-1,-1,0,-1,-1,-1,-1.000000,-1.000000,233,0,0,0,0,0,-1,-1,-1,0.000000
8786,0,-1,-1,-1,-1,0,-1,-1,-1,-1.000000,-1.000000,315,0,0,0,0,0,-1,-1,-1,0.000000
8787,0,-1,-1,-1,-1,0,-1,-1,-1,-1.000000,-1.000000,348,0,0,0,0,0,-1,-1,-1,0.000000
8788,0,-1,-1,-1,-1,0,-1,-1,-1,-1.000000,-1.000000,291,0,0,0,0,0,-1,-1,-1,0.000000
8789,0,-1,-1,-1,-1,0,-1,-1,-1,-1.000000,-1.000000,265,0,0,0,0,0,-1,-1,-1,0.000000
8790,0,-1,-1,-1,-1,0,-1,-1,-1,-1.000000,-1.000000,101,0,0,0,0,0,-1,-1,-1,0.000000
8791,0,-1,-1,-1,-1,0,-1,-1,-1,-1.000000,-1.000000,367,0,0,0,0,0,-1,-1,-1,0.000000
8792,0,-1,-1,-1,-1,0,-1,-1,-1,-1.000000,-1.000000,339,0,0,0,0,0,-1,-1,-1,0.000000
8793,0,-1,-1,-1,-1,0,-1,-1,-1,-1.000000,-1.000000,283,0,0,0,0,0,-1,-1,-1,0.000000
8794,0,35,-1,-1,4516,274,53,3,2,0.000000,0.000000,46,419,0,105,0,105,35,-1,-1,0.000000
8795,0,-1,-1,-1,-1,0,-1,-1,-1,-1.000000,-1.000000,449,0,0,0,0,0,-1,-1,-1,0.000000
8796,0,116,-1,-1,3019,31,38,3,2,0.000000,0.000000,83,119,0,32,0,32,116,-1,-1,0.000000
8797,0,29,-1,-1,3851,152,56,3,2,0.000000,0.000000,79,226,0,80,0,80,29,-1,-1,0.000000
8798,0,22,-1,-1,2689,784,67,3,4,0.000000,0.000000,41,784,0,159,0,159,22,-1,-1,0.000000
8799,0,-1,-1,-1,-1,0,-1,-1,-1,-1.000000,-1.000000,233,0,0,0,0,0,-1,-1,-1,0.000000
8800,0,528,-1,-1,7128,0,17,3,4,0.000000,0.000000,103,4,0,1,0,1,528,-1,-1,0.000000
8801,0,-1,-1,-1,-1,0,-1,-1,-1,-1.000000,-1.000000,386,0,0,0,0,0,-1,-1,-1,0.000000
8802,0,-1,-1,-1,-1,0,-1,-1,-1,-1.000000,-1.000000,231,0,0,0,0,0,-1,-1,-1,0.000000
8803,0,-1,-1,-1,-1,0,-1,-1,-1,-1.000000,-1.000000,269,0,0,0,0,0,-1,-1,-1,0.000000
8804,0,24,-1,-1,2030,777,66,3,2,0.000000,0.000000,37,809,0,161,0,161,24,-1,-1,0.000000
8805,0,23,-1,-1,207,867,64,3,2,0.000000,0.000000,41,746,0,226,0,226,23,-1,-1,0.000000
8806,0,-1,-1,-1,-1,0,-1,-1,-1,-1.000000,-1.000000,287,0,0,0,0,0,-1,-1,-1,0.000000
8807,0,-1,-1,-1,-1,0,-1,-1,-1,-1.000000,-1.000000,341,0,0,0,0,0,-1,-1,-1,0.000000
8808,0,-1,-1,-1,-1,0,-1,-1,-1,-1.000000,-1.000000,293,0,0,0,0,0,-1,-1,-1,0.000000
8809,0,-1,-1,-1,-1,0,-1,-1,-1,-1.000000,-1.000000,129,0,0,0,0,0,-1,-1,-1,0.000000
8810,0,-1,-1,-1,-1,0,-1,-1,-1,-1.000000,-1.000000,91,0,0,0,0,0,-1,-1,-1,0.000000
8811,0,38,-1,-1,5939,2,51,3,4,0.000000,0.000000,71,19,0,7,0,7,38,-1,-1,0.000000
8812,0,-1,-1,-1,-1,0,-1,-1,-1,-1.000000,-1.000000,332,0,0,0,0,0,-1,-1,-1,0.000000
8813,0,-1,-1,-1,-1,0,-1,-1,-1,-1.000000,-1.000000,193,0,0,0,0,0,-1,-1,-1,0.000000
8814,0,-1,-1,-1,-1,0,-1,-1,-1,-1.000000,-1.000000,235,0,0,0,0,0,-1,-1,-1,0.000000
8815,0,22,-1,-1,6431,808,68,3,2,0.000000,0.000000,29,769,0,191,0,191,22,-1,-1,0.000000
8816,0,-1,-1,-1,-1,0,-1,-1,-1,-1.000000,-1.000000,167,0,0,0,0,0,-1,-1,-1,0.000000
8817,0,-1,-1,-1,-1,0,-1,-1,-1,-1.000000,-1.000000,384,0,0,0,0,0,-1,-1,-1,0.000000
8818,0,-1,-1,-1,-1,0,-1,-1,-1,-1.000000,-1.000000,329,0,0,0,0,0,-1,-1,-1,0.000000
8819,0,-1,-1,-1,-1,0,-1,-1,-1,-1.000000,-1.000000,179,0,0,0,0,0,-1,-1,-1,0.000000
8820,0,-1,-1,-1,-1,0,-1,-1,-1,-1.000000,-1.000000,233,0,0,0,0,0,-1,-1,-1,0.000000
8821,0,-1,-1,-1,-1,0,-1,-1,-1,-1.000000,-1.000000,257,0,0,0,0,0,-1,-1,-1,0.000000
8822,0,-1,-1,-1,-1,0,-1,-1,-1,-1.000000,-1.000000,217,0,0,0,0,0,-1,-1,-1,0.000000
8823,0,-1,-1,-1,-1,0,-1,-1,-1,-1.000000,-1.000000,269,0,0,0,0,0,-1,-1,-1,0.000000
8824,0,27,-1,-1,4626,669,60,3,2,0.000000,0.000000,57,624,0,262,0,262,27,-1,-1,0.000000
8825,0,-1,-1,-1,-1,0,-1,-1,-1,-1.000000,-1.000000,218,0,0,0,0,0,-1,-1,-1,0.000000
8826,0,-1,-1,-1,-1,0,-1,-1,-1,-1.000000,-1.000000,245,0,0,0,0,0,-1,-1,-1,0.000000
8827,0,51,-1,-1,826,22,47,3,4,0.000000,0.000000,85,74,0,25,0,25,51,-1,-1,0.000000
8828,0,-1,-1,-1,-1,0,-1,-1,-1,-1.000000,-1.000000,243,0,0,0,0,0,-1,-1,-1,0.000000
8829,0,-1,-1,-1,-1,0,-1,-1,-1,-1.000000,-1.000000,183,0,0,0,0,0,-1,-1,-1,0.000000
8830,0,349,-1,-1,2258,0,22,3,4,0.000000,0.000000,100,0,0,1,0,1,349,-1,-1,0.000000
8831,0,-1,-1,-1,-1,0,-1,-1,-1,-1.000000,-1.000000,275,0,0,0,0,0,-1,-1,-1,0.000000
8832,0,-1,-1,-1,-1,0,-1,-1,-1,-1.000000,-1.000000,113,0,0,0,0,0,-1,-1,-1,0.000000
8833,0,-1,-1,-1,-1,0,-1,-1,-1,-1.000000,-1.000000,252,0,0,0,0,0,-1,-1,-1,0.000000
8834,0,-1,-1,-1,-1,0,-1,-1,-1,-1.000000,-1.000000,399,0,0,0,0,0,-1,-1,-1,0.000000
8835,0,22,-1,-1,2132,685,65,3,4,0.000000,0.000000,49,710,0,167,0,167,22,-1,-1,0.000000
8836,0,26,-1,-1,5778,662,60,3,2,0.000000,0.000000,27,769,0,205,0,205,26,-1,-1,0.000000
8837,0,-1,-1,-1,-1,0,-1,-1,-1,-1.000000,-1.000000,139,0,0,0,0,0,-1,-1,-1,0.000000
8838,0,-1,-1,-1,-1,0,-1,-1,-1,-1.000000,-1.000000,233,0,0,0,0,0,-1,-1,-1,0.000000
8839,0,-1,-1,-1,-1,0,-1,-1,-1,-1.000000,-1.000000,281,0,0,0,0,0,-1,-1,-1,0.000000
8840,0,89,-1,-1,2293,7,39,3,4,0.000000,0.000000,65,42,0,11,0,11,89,-1,-1,0.000000
8841,0,-1,-1,-1,-1,0,-1,-1,-1,-1.000000,-1.000000,181,0,0,0,0,0,-1,-1,-1,0.000000
8842,0,-1,-1,-1,-1,0,-1,-1,-1,-1.000000,-1.000000,55,0,0,0,0,0,-1,-1,-1,0.000000
8843,0,-1,-1,-1,-1,0,-1,-1,-1,-1.000000,-1.000000,347,0,0,0,0,0,-1,-1,-1,0.000000
8844,0,97,-1,-1,5494,653,39,3,4,0.000000,0.000000,31,754,0,118,0,118,97,-1,-1,0.000000
8845,0,-1,-1,-1,-1,0,-1,-1,-1,-1.000000,-1.000000,179,0,0,0,0,0,-1,-1,-1,0.000000
8846,0,-1,-1,-1,-1,0,-1,-1,-1,-1.000000,-1.000000,229,0,0,0,0,0,-1,-1,-1,0.000000
8847,0,-1,-1,-1,-1,0,-1,-1,-1,-1.000000,-1.000000,201,0,0,0,0,0,-1,-1,-1,0.000000
8848,0,532,-1,-1,2757,0,17,3,4,0.000000,0.000000,87,1,0,0,0,0,532,-1,-1,0.000000
8849,0,282,-1,-1,2283,1,27,3,2,0.000000,0.000000,92,13,0,4,0,4,282,-1,-1,0.000000
8850,0,-1,-1,-1,-1,0,-1,-1,-1,-1.000000,-1.000000,398,0,0,0,0,0,-1,-1,-1,0.000000
8851,0,-1,-1,-1,-1,0,-1,-1,-1,-1.000000,-1.000000,365,0,0,0,0,0,-1,-1,-1,0.000000
8852,0,-1,-1,-1,-1,0,-1,-1,-1,-1.000000,-1.000000,137,0,0,0,0,0,-1,-1,-1,0.000000
8853,0,-1,-1,-1,-1,0,-1,-1,-1,-1.000000,-1.000000,441,0,0,0,0,0,-1,-1,-1,0.000000
8854,0,24,-1,-1,7372,865,62,3,2,0.000000,0.000000,41,677,0,289,0,289,24,-1,-1,0.000000
8855,0,-1,-1,-1,-1,0,-1,-1,-1,-1.000000,-1.000000,345,0,0,0,0,0,-1,-1,-1,0.000000
8856,0,-1,-1,-1,-1,0,-1,-1,-1,-1.000000,-1.000000,374,0,0,0,0,0,-1,-1,-1,0.000000
8857,0,80,-1,-1,7986,8,41,3,2,0.000000,0.000000,76,31,0,12,0,12,80,-1,-1,0.000000
8858,0,-1,-1,-1,-1,0,-1,-1,-1,-1.000000,-1.000000,136,0,0,0,0,0,-1,-1,-1,0.000000
8859,0,-1,-1,-1,-1,0,-1,-1,-1,-1.000000,-1.000000,313,0,0,0,0,0,-1,-1,-1,0.000000
8860,0,-1,-1,-1,-1,0,-1,-1,-1,-1.000000,-1.000000,360,0,0,0,0,0,-1,-1,-1,0.000000
8861,0,-1,-1,-1,-1,0,-1,-1,-1,-1.000000,-1.000000,147,0,0,0,0,0,-1,-1,-1,0.000000
8862,0,52,-1,-1,971,86,47,3,4,0.000000,0.000000,75,190,0,58,0,58,52,-1,-1,0.000000
8863,0,-1,-1,-1,-1,0,-1,-1,-1,-1.000000,-1.000000,107,0,0,0,0,0,-1,-1,-1,0.000000
8864,0,-1,-1,-1,-1,0,-1,-1,-1,-1.000000,-1.000000,75,0,0,0,0,0,-1,-1,-1,0.000000
8865,0,39,-1,-1,7864,1,53,3,4,0.000000,0.000000,59,4,0,3,0,3,39,-1,-1,0.000000
8866,0,-1,-1,-1,-1,0,-1,-1,-1,-1.000000,-1.000000,200,0,0,0,0,0,-1,-1,-1,0.000000
8867,0,-1,-1,-1,-1,0,-1,-1,-1,-1.000000,-1.000000,183,0,0,0,0,0,-1,-1,-1,0.000000
8868,0,-1,-1,-1,-1,0,-1,-1,-1,-1.000000,-1.000000,103,0,0,0,0,0,-1,-1,-1,0.000000
8869,0,-1,-1,-1,-1,0,-1,-1,-1,-1.000000,-1.000000,405,0,0,0,0,0,-1,-1,-1,0.000000
8870,0,-1,-1,-1,-1,0,-1,-1,-1,-1.000000,-1.000000,191,0,0,0,0,0,-1,-1,-1,0.000000
8871,0,-1,-1,-1,-1,0,-1,-1,-1,-1.000000,-1.000000,417,0,0,0,0,0,-1,-1,-1,0.000000
8872,0,-1,-1,-1,-1,0,-1,-1,-1,-1.000000,-1.000000,269,0,0,0,0,0,-1,-1,-1,0.000000
8873,0,-1,-1,-1,-1,0,-1,-1,-1,-1.000000,-1.000000,220,0,0,0,0,0,-1,-1,-1,0.000000
8874,0,-1,-1,-1,-1,0,-1,-1,-1,-1.000000,-1.000000,317,0,0,0,0,0,-1,-1,-1,0.000000
8875,0,-1,-1,-1,-1,0,-1,-1,-1,-1.000000,-1.000000,259,0,0,0,0,0,-1,-1,-1,0.000000
8876,0,-1,-1,-1,-1,0,-1,-1,-1,-1.000000,-1.000000,386,0,0,0,0,0,-1,-1,-1,0.000000
8877,0,-1,-1,-1,-1,0,-1,-1,-1,-1.000000,-1.000000,173,0,0,0,0,0,-1,-1,-1,0.000000
8878,0,-1,-1,-1,-1,0,-1,-1,-1,-1.000000,-1.000000,225,0,0,0,0,0,-1,-1,-1,0.000000
8879,0,-1,-1,-1,-1,0,-1,-1,-1,-1.000000,-1.000000,153,0,0,0,0,0,-1,-1,-1,0.000000
8880,0,27,-1,-1,2928,47,60,3,2,0.000000,0.000000,71,139,0,26,0,26,27,-1,-1,0.000000
8881,0,23,-1,-1,4759,512,67,3,4,0.000000,0.000000,53,575,0,198,0,198,23,-1,-1,0.000000
8882,0,-1,-1,-1,-1,0,-1,-1,-1,-1.000000,-1.000000,197,0,0,0,0,0,-1,-1,-1,0.000000
8883,0,-1,-1,-1,-1,0,-1,-1,-1,-1.000000,-1.000000,183,0,0,0,0,0,-1,-1,-1,0.000000
8884,0,-1,-1,-1,-1,0,-1,-1,-1,-1.000000,-1.000000,184,0,0,0,0,0,-1,-1,-1,0.000000
8885,0,-1,-1,-1,-1,0,-1,-1,-1,-1.000000,-1.000000,195,0,0,0,0,0,-1,-1,-1,0.000000
8886,0,32,-1,-1,1430,182,55,3,2,0.000000,0.000000,52,309,0,64,0,64,32,-1,-1,0.000000
8887,0,-1,-1,-1,-1,0,-1,-1,-1,-1.000000,-1.000000,413,0,0,0,0,0,-1,-1,-1,0.000000
8888,0,-1,-1,-1,-1,0,-1,-1,-1,-1.000000,-1.000000,233,0,0,0,0,0,-1,-1,-1,0.000000
8889,0,-1,-1,-1,-1,0,-1,-1,-1,-1.000000,-1.000000,190,0,0,0,0,0,-1,-1,-1,0.000000
8890,0,4,-1,-1,5642,639,69,3,4,0.000000,0.000000,25,758,0,230,0,230,4,-1,-1,0.000000
8891,0,-1,-1,-1,-1,0,-1,-1,-1,-1.000000,-1.000000,303,0,0,0,0,0,-1,-1,-1,0.000000
8892,0,-1,-1,-1,-1,0,-1,-1,-1,-1.000000,-1.000000,207,0,0,0,0,0,-1,-1,-1,0.000000
8893,0,-1,-1,-1,-1,0,-1,-1,-1,-1.000000,-1.000000,131,0,0,0,0,0,-1,-1,-1,0.000000
8894,0,-1,-1,-1,-1,0,-1,-1,-1,-1.000000,-1.000000,444,0,0,0,0,0,-1,-1,-1,0.000000
8895,0,-1,-1,-1,-1,0,-1,-1,-1,-1.000000,-1.000000,269,0,0,0,0,0,-1,-1,-1,0.000000
8896,0,57,-1,-1,1448,32,46,3,4,0.000000,0.000000,80,137,0,46,0,46,57,-1,-1,0.000000
8897,0,-1,-1,-1,-1,0,-1,-1,-1,-1.000000,-1.000000,213,0,0,0,0,0,-1,-1,-1,0.000000
8898,0,-1,-1,-1,-1,0,-1,-1,-1,-1.000000,-1.000000,329,0,0,0,0,0,-1,-1,-1,0.000000
8899,0,-1,-1,-1,-1,0,-1,-1,-1,-1.000000,-1.000000,417,0,0,0,0,0,-1,-1,-1,0.000000
8900,0,-1,-1,-1,-1,0,-1,-1,-1,-1.000000,-1.000000,135,0,0,0,0,0,-1,-1,-1,0.000000
8901,0,-1,-1,-1,-1,0,-1,-1,-1,-1.000000,-1.000000,177,0,0,0,0,0,-1,-1,-1,0.000000
8902,0,19,-1,-1,3148,648,69,3,4,0.000000,0.000000,21,784,0,197,0,197,19,-1,-1,0.000000
8903,0,-1,-1,-1,-1,0,-1,-1,-1,-1.000000,-1.000000,151,0,0,0,0,0,-1,-1,-1,0.000000
8904,0,-1,-1,-1,-1,0,-1,-1,-1,-1.000000,-1.000000,354,0,0,0,0,0,-1,-1,-1,0.000000
8905,0,302,-1,-1,4096,0,25,3,4,0.000000,0.000000,67,3,0,6,0,6,302,-1,-1,0.000000
8906,0,-1,-1,-1,-1,0,-1,-1,-1,-1.000000,-1.000000,429,0,0,0,0,0,-1,-1,-1,0.000000
8907,0,-1,-1,-1,-1,0,-1,-1,-1,-1.000000,-1.000000,263,0,0,0,0,0,-1,-1,-1,0.000000
8908,0,-1,-1,-1,-1,0,-1,-1,-1,-1.000000,-1.000000,357,0,0,0,0,0,-1,-1,-1,0.000000
8909,0,-1,-1,-1,-1,0,-1,-1,-1,-1.000000,-1.000000,185,0,0,0,0,0,-1,-1,-1,0.000000
8910,0,-1,-1,-1,-1,0,-1,-1,-1,-1.000000,-1.000000,175,0,0,0,0,0,-1,-1,-1,0.000000
8911,0,-1,-1,-1,-1,0,-1,-1,-1,-1.000000,-1.000000,361,0,0,0,0,0,-1,-1,-1,0.000000
8912,0,-1,-1,-1,-1,0,-1,-1,-1,-1.000000,-1.000000,229,0,0,0,0,0,-1,-1,-1,0.000000
8913,0,-1,-1,-1,-1,0,-1,-1,-1,-1.000000,-1.000000,335,0,0,0,0,0,-1,-1,-1,0.000000
8914,0,-1,-1,-1,-1,0,-1,-1,-1,-1.000000,-1.000000,444,0,0,0,0,0,-1,-1,-1,0.000000
8915,0,-1,-1,-1,-1,0,-1,-1,-1,-1.000000,-1.000000,261,0,0,0,0,0,-1,-1,-1,0.000000
8916,0,-1,-1,-1,-1,0,-1,-1,-1,-1.000000,-1.000000,221,0,0,0,0,0,-1,-1,-1,0.000000
8917,0,-1,-1,-1,-1,0,-1,-1,-1,-1.000000,-1.000000,336,0,0,0,0,0,-1,-1,-1,0.000000
8918,0,-1,-1,-1,-1,0,-1,-1,-1,-1.000000,-1.000000,269,0,0,0,0,0,-1,-1,-1,0.000000
8919,0,-1,-1,-1,-1,0,-1,-1,-1,-1.000000,-1.000000,295,0,0,0,0,0,-1,-1,-1,0.000000
8920,0,-1,-1,-1,-1,0,-1,-1,-1,-1.000000,-1.000000,333,0,0,0,0,0,-1,-1,-1,0.000000
8921,0,-1,-1,-1,-1,0,-1,-1,-1,-1.000000,-1.000000,283,0,0,0,0,0,-1,-1,-1,0.000000
8922,0,20,-1,-1,2424,529,67,3,4,0.000000,0.000000,37,733,0,247,0,247,20,-1,-1,0.000000
8923,0,-1,-1,-1,-1,0,-1,-1,-1,-1.000000,-1.000000,363,0,0,0,0,0,-1,-1,-1,0.000000
8924,0,148,-1,-1,2851,574,37,3,2,0.000000,0.000000,52,566,0,152,0,152,148,-1,-1,0.000000
8925,0,-1,-1,-1,-1,0,-1,-1,-1,-1.000000,-1.000000,128,0,0,0,0,0,-1,-1,-1,0.000000
8926,0,-1,-1,-1,-1,0,-1,-1,-1,-1.000000,-1.000000,374,0,0,0,0,0,-1,-1,-1,0.000000
8927,0,-1,-1,-1,-1,0,-1,-1,-1,-1.000000,-1.000000,229,0,0,0,0,0,-1,-1,-1,0.000000
8928,0,50,-1,-1,1400,537,51,3,2,0.000000,0.000000,20,730,0,211,0,211,50,-1,-1,0.000000
8929,0,35,-1,-1,5778,80,52,3,2,0.000000,0.000000,71,168,0,68,0,68,35,-1,-1,0.000000
8930,0,-1,-1,-1,-1,0,-1,-1,-1,-1.000000,-1.000000,311,0,0,0,0,0,-1,-1,-1,0.000000
8931,0,-1,-1,-1,-1,0,-1,-1,-1,-1.000000,-1.000000,301,0,0,0,0,0,-1,-1,-1,0.000000
8932,0,-1,-1,-1,-1,0,-1,-1,-1,-1.000000,-1.000000,165,0,0,0,0,0,-1,-1,-1,0.000000
8933,0,-1,-1,-1,-1,0,-1,-1,-1,-1.000000,-1.000000,336,0,0,0,0,0,-1,-1,-1,0.000000
8934,0,-1,-1,-1,-1,0,-1,-1,-1,-1.000000,-1.000000,214,0,0,0,0,0,-1,-1,-1,0.000000
8935,0,-1,-1,-1,-1,0,-1,-1,-1,-1.000000,-1.000000,247,0,0,0,0,0,-1,-1,-1,0.000000
8936,0,-1,-1,-1,-1,0,-1,-1,-1,-1.000000,-1.000000,175,0,0,0,0,0,-1,-1,-1,0.000000
8937,0,-1,-1,-1,-1,0,-1,-1,-1,-1.000000,-1.000000,177,0,0,0,0,0,-1,-1,-1,0.000000
8938,0,-1,-1,-1,-1,0,-1,-1,-1,-1.000000,-1.000000,447,0,0,0,0,0,-1,-1,-1,0.000000
8939,0,517,-1,-1,6979,6,18,3,4,0.000000,0.000000,68,44,0,7,0,7,517,-1,-1,0.000000
8940,0,-1,-1,-1,-1,0,-1,-1,-1,-1.000000,-1.000000,451,0,0,0,0,0,-1,-1,-1,0.000000
8941,0,-1,-1,-1,-1,0,-1,-1,-1,-1.000000,-1.000000,195,0,0,0,0,0,-1,-1,-1,0.000000
8942,0,-1,-1,-1,-1,0,-1,-1,-1,-1.000000,-1.000000,216,0,0,0,0,0,-1,-1,-1,0.000000
8943,0,-1,-1,-1,-1,0,-1,-1,-1,-1.000000,-1.000000,153,0,0,0,0,0,-1,-1,-1,0.000000
8944,0,-1,-1,-1,-1,0,-1,-1,-1,-1.000000,-1.000000,504,0,0,0,0,0,-1,-1,-1,0.000000
8945,0,-1,-1,-1,-1,0,-1,-1,-1,-1.000000,-1.000000,290,0,0,0,0,0,-1,-1,-1,0.000000
8946,0,-1,-1,-1,-1,0,-1,-1,-1,-1.000000,-1.000000,231,0,0,0,0,0,-1,-1,-1,0.000000
8947,0,-1,-1,-1,-1,0,-1,-1,-1,-1.000000,-1.000000,347,0,0,0,0,0,-1,-1,-1,0.000000
8948,0,-1,-1,-1,-1,0,-1,-1,-1,-1.000000,-1.000000,441,0,0,0,0,0,-1,-1,-1,0.000000
8949,0,22,-1,-1,3171,688,68,3,2,0.000000,0.000000,25,752,0,225,0,225,22,-1,-1,0.000000
8950,0,163,-1,-1,7160,0,34,3,2,0.000000,0.000000,81,4,0,1,0,1,163,-1,-1,0.000000
8951,0,24,-1,-1,7634,240,62,3,2,0.000000,0.000000,59,335,0,85,0,85,24,-1,-1,0.000000
8952,0,-1,-1,-1,-1,0,-1,-1,-1,-1.000000,-1.000000,443,0,0,0,0,0,-1,-1,-1,0.000000
8953,0,22,-1,-1,952,649,65,3,4,0.000000,0.000000,53,655,0,319,0,319,22,-1,-1,0.000000
8954,0,144,-1,-1,3896,0,33,3,4,0.000000,0.000000,65,3,0,1,0,1,144,-1,-1,0.000000
8955,0,13,-1,-1,3379,635,70,3,2,0.000000,0.000000,7,768,0,217,0,217,13,-1,-1,0.000000
8956,0,-1,-1,-1,-1,0,-1,-1,-1,-1.000000,-1.000000,157,0,0,0,0,0,-1,-1,-1,0.000000
8957,0,-1,-1,-1,-1,0,-1,-1,-1,-1.000000,-1.000000,323,0,0,0,0,0,-1,-1,-1,0.000000
8958,0,-1,-1,-1,-1,0,-1,-1,-1,-1.000000,-1.000000,176,0,0,0,0,0,-1,-1,-1,0.000000
8959,0,-1,-1,-1,-1,0,-1,-1,-1,-1.000000,-1.000000,159,0,0,0,0,0,-1,-1,-1,0.000000
8960,0,-1,-1,-1,-1,0,-1,-1,-1,-1.000000,-1.000000,131,0,0,0,0,0,-1,-1,-1,0.000000
8961,0,-1,-1,-1,-1,0,-1,-1,-1,-1.000000,-1.000000,159,0,0,0,0,0,-1,-1,-1,0.000000
8962,0,-1,-1,-1,-1,0,-1,-1,-1,-1.000000,-1.000000,230,0,0,0,0,0,-1,-1,-1,0.000000
8963,0,-1,-1,-1,-1,0,-1,-1,-1,-1.000000,-1.000000,231,0,0,0,0,0,-1,-1,-1,0.000000
8964,0,-1,-1,-1,-1,0,-1,-1,-1,-1.000000,-1.000000,76,0,0,0,0,0,-1,-1,-1,0.000000
8965,0,-1,-1,-1,-1,0,-1,-1,-1,-1.000000,-1.000000,191,0,0,0,0,0,-1,-1,-1,0.000000
8966,0,-1,-1,-1,-1,0,-1,-1,-1,-1.000000,-1.000000,154,0,0,0,0,0,-1,-1,-1,0.000000
8967,0,-1,-1,-1,-1,0,-1,-1,-1,-1.000000,-1.000000,306,0,0,0,0,0,-1,-1,-1,0.000000
8968,0,-1,-1,-1,-1,0,-1,-1,-1,-1.000000,-1.000000,237,0,0,0,0,0,-1,-1,-1,0.000000
8969,0,-1,-1,-1,-1,0,-1,-1,-1,-1.000000,-1.000000,145,0,0,0,0,0,-1,-1,-1,0.000000
8970,0,-1,-1,-1,-1,0,-1,-1,-1,-1.000000,-1.000000,136,0,0,0,0,0,-1,-1,-1,0.000000
8971,0,-1,-1,-1,-1,0,-1,-1,-1,-1.000000,-1.000000,241,0,0,0,0,0,-1,-1,-1,0.000000
8972,0,-1,-1,-1,-1,0,-1,-1,-1,-1.000000,-1.000000,190,0,0,0,0,0,-1,-1,-1,0.000000
8973,0,-1,-1,-1,-1,0,-1,-1,-1,-1.000000,-1.000000,300,0,0,0,0,0,-1,-1,-1,0.000000
8974,0,-1,-1,-1,-1,0,-1,-1,-1,-1.000000,-1.000000,420,0,0,0,0,0,-1,-1,-1,0.000000
8975,0,-1,-1,-1,-1,0,-1,-1,-1,-1.000000,-1.000000,449,0,0,0,0,0,-1,-1,-1,0.000000
8976,0,-1,-1,-1,-1,0,-1,-1,-1,-1.000000,-1.000000,263,0,0,0,0,0,-1,-1,-1,0.000000
8977,0,-1,-1,-1,-1,0,-1,-1,-1,-1.000000,-1.000000,139,0,0,0,0,0,-1,-1,-1,0.000000
8978,0,-1,-1,-1,-1,0,-1,-1,-1,-1.000000,-1.000000,390,0,0,0,0,0,-1,-1,-1,0.000000
8979,0,-1,-1,-1,-1,0,-1,-1,-1,-1.000000,-1.000000,265,0,0,0,0,0,-1,-1,-1,0.000000
8980,0,-1,-1,-1,-1,0,-1,-1,-1,-1.000000,-1.000000,109,0,0,0,0,0,-1,-1,-1,0.000000
8981,0,-1,-1,-1,-1,0,-1,-1,-1,-1.000000,-1.000000,295,0,0,0,0,0,-1,-1,-1,0.000000
8982,0,-1,-1,-1,-1,0,-1,-1,-1,-1.000000,-1.000000,295,0,0,0,0,0,-1,-1,-1,0.000000
8983,0,-1,-1,-1,-1,0,-1,-1,-1,-1.000000,-1.000000,131,0,0,0,0,0,-1,-1,-1,0.000000
8984,0,-1,-1,-1,-1,0,-1,-1,-1,-1.000000,-1.000000,149,0,0,0,0,0,-1,-1,-1,0.000000
8985,0,-1,-1,-1,-1,0,-1,-1,-1,-1.000000,-1.000000,459,0,0,0,0,0,-1,-1,-1,0.000000
8986,0,-1,-1,-1,-1,0,-1,-1,-1,-1.000000,-1.000000,119,0,0,0,0,0,-1,-1,-1,0.000000
8987,0,-1,-1,-1,-1,0,-1,-1,-1,-1.000000,-1.000000,257,0,0,0,0,0,-1,-1,-1,0.000000
8988,0,-1,-1,-1,-1,0,-1,-1,-1,-1.000000,-1.000000,489,0,0,0,0,0,-1,-1,-1,0.000000
8989,0,39,-1,-1,7239,30,51,3,4,0.000000,0.000000,93,86,0,36,0,36,39,-1,-1,0.000000
8990,0,30,-1,-1,2769,59,56,3,2,0.000000,0.000000,61,98,0,42,0,42,30,-1,-1,0.000000
8991,0,-1,-1,-1,-1,0,-1,-1,-1,-1.000000,-1.000000,71,0,0,0,0,0,-1,-1,-1,0.000000
8992,0,-1,-1,-1,-1,0,-1,-1,-1,-1.000000,-1.000000,197,0,0,0,0,0,-1,-1,-1,0.000000
8993,0,-1,-1,-1,-1,0,-1,-1,-1,-1.000000,-1.000000,179,0,0,0,0,0,-1,-1,-1,0.000000
8994,0,-1,-1,-1,-1,0,-1,-1,-1,-1.000000,-1.000000,213,0,0,0,0,0,-1,-1,-1,0.000000
8995,0,-1,-1,-1,-1,0,-1,-1,-1,-1.000000,-1.000000,215,0,0,0,0,0,-1,-1,-1,0.000000
8996,0,-1,-1,-1,-1,0,-1,-1,-1,-1.000000,-1.000000,464,0,0,0,0,0,-1,-1,-1,0.000000
8997,0,-1,-1,-1,-1,0,-1,-1,-1,-1.000000,-1.000000,113,0,0,0,0,0,-1,-1,-1,0.000000
8998,0,26,-1,-1,660,450,63,3,4,0.000000,0.000000,51,571,0,113,0,113,26,-1,-1,0.000000
8999,0,-1,-1,-1,-1,0,-1,-1,-1,-1.000000,-1.000000,149,0,0,0,0,0,-1,-1,-1,0.000000
9000,0,-1,-1,-1,-1,0,-1,-1,-1,-1.000000,-1.000000,269,0,0,0,0,0,-1,-1,-1,0.000000
9001,0,-1,-1,-1,-1,0,-1,-1,-1,-1.000000,-1.000000,177,0,0,0,0,0,-1,-1,-1,0.000000
9002,0,-1,-1,-1,-1,0,-1,-1,-1,-1.000000,-1.000000,177,0,0,0,0,0,-1,-1,-1,0.000000
9003,0,-1,-1,-1,-1,0,-1,-1,-1,-1.000000,-1.000000,262,0,0,0,0,0,-1,-1,-1,0.000000
9004,0,-1,-1,-1,-1,0,-1,-1,-1,-1.000000,-1.000000,329,0,0,0,0,0,-1,-1,-1,0.000000
9005,0,34,-1,-1,1854,46,53,3,4,0.000000,0.000000,67,73,0,34,0,34,34,-1,-1,0.000000
9006,0,-1,-1,-1,-1,0,-1,-1,-1,-1.000000,-1.000000,153,0,0,0,0,0,-1,-1,-1,0.000000
9007,0,169,-1,-1,3070,0,31,3,4,0.000000,0.000000,73,1,0,0,0,0,169,-1,-1,0.000000
9008,0,-1,-1,-1,-1,0,-1,-1,-1,-1.000000,-1.000000,75,0,0,0,0,0,-1,-1,-1,0.000000
9009,0,-1,-1,-1,-1,0,-1,-1,-1,-1.000000,-1.000000,363,0,0,0,0,0,-1,-1,-1,0.000000
9010,0,-1,-1,-1,-1,0,-1,-1,-1,-1.000000,-1.000000,185,0,0,0,0,0,-1,-1,-1,0.000000
9011,0,38,-1,-1,2311,735,52,3,4,0.000000,0.000000,36,760,0,188,0,188,38,-1,-1,0.000000
9012,0,24,-1,-1,207,856,63,3,4,0.000000,0.000000,43,722,0,228,0,228,24,-1,-1,0.000000
9013,0,53,-1,-1,2283,511,46,3,4,0.000000,0.000000,46,587,0,125,0,125,53,-1,-1,0.000000
9014,0,-1,-1,-1,-1,0,-1,-1,-1,-1.000000,-1.000000,113,0,0,0,0,0,-1,-1,-1,0.000000
9015,0,-1,-1,-1,-1,0,-1,-1,-1,-1.000000,-1.000000,306,0,0,0,0,0,-1,-1,-1,0.000000
9016,0,-1,-1,-1,-1,0,-1,-1,-1,-1.000000,-1.000000,123,0,0,0,0,0,-1,-1,-1,0.000000
9017,0,-1,-1,-1,-1,0,-1,-1,-1,-1.000000,-1.000000,317,0,0,0,0,0,-1,-1,-1,0.000000
9018,0,-1,-1,-1,-1,0,-1,-1,-1,-1.000000,-1.000000,337,0,0,0,0,0,-1,-1,-1,0.000000
9019,0,50,-1,-1,3473,12,49,3,4,0.000000,0.000000,87,64,0,17,0,17,50,-1,-1,0.000000
9020,0,-1,-1,-1,-1,0,-1,-1,-1,-1.000000,-1.000000,137,0,0,0,0,0,-1,-1,-1,0.000000
9021,0,-1,-1,-1,-1,0,-1,-1,-1,-1.000000,-1.000000,167,0,0,0,0,0,-1,-1,-1,0.000000
9022,0,-1,-1,-1,-1,0,-1,-1,-1,-1.000000,-1.000000,470,0,0,0,0,0,-1,-1,-1,0.000000
9023,0,-1,-1,-1,-1,0,-1,-1,-1,-1.000000,-1.000000,205,0,0,0,0,0,-1,-1,-1,0.000000
9024,0,-1,-1,-1,-1,0,-1,-1,-1,-1.000000,-1.000000,265,0,0,0,0,0,-1,-1,-1,0.000000
9025,0,-1,-1,-1,-1,0,-1,-1,-1,-1.000000,-1.000000,243,0,0,0,0,0,-1,-1,-1,0.000000
9026,0,-1,-1,-1,-1,0,-1,-1,-1,-1.000000,-1.000000,205,0,0,0,0,0,-1,-1,-1,0.000000
9027,0,63,-1,-1,7890,0,47,3,4,0.000000,0.000000,99,0,0,2,0,2,63,-1,-1,0.000000
9028,0,-1,-1,-1,-1,0,-1,-1,-1,-1.000000,-1.000000,331,0,0,0,0,0,-1,-1,-1,0.000000
9029,0,-1,-1,-1,-1,0,-1,-1,-1,-1.000000,-1.000000,236,0,0,0,0,0,-1,-1,-1,0.000000
9030,0,-1,-1,-1,-1,0,-1,-1,-1,-1.000000,-1.000000,161,0,0,0,0,0,-1,-1,-1,0.000000
9031,0,-1,-1,-1,-1,0,-1,-1,-1,-1.000000,-1.000000,138,0,0,0,0,0,-1,-1,-1,0.000000
9032,0,26,-1,-1,5535,707,60,3,2,0.000000,0.000000,53,715,0,204,0,204,26,-1,-1,0.000000
9033,0,-1,-1,-1,-1,0,-1,-1,-1,-1.000000,-1.000000,135,0,0,0,0,0,-1,-1,-1,0.000000
9034,0,-1,-1,-1,-1,0,-1,-1,-1,-1.000000,-1.000000,399,0,0,0,0,0,-1,-1,-1,0.000000
9035,0,-1,-1,-1,-1,0,-1,-1,-1,-1.000000,-1.000000,377,0,0,0,0,0,-1,-1,-1,0.000000
9036,0,-1,-1,-1,-1,0,-1,-1,-1,-1.000000,-1.000000,281,0,0,0,0,0,-1,-1,-1,0.000000
9037,0,28,-1,-1,662,552,58,3,2,0.000000,0.000000,51,618,0,132,0,132,28,-1,-1,0.000000
9038,0,-1,-1,-1,-1,0,-1,-1,-1,-1.000000,-1.000000,365,0,0,0,0,0,-1,-1,-1,0.000000
9039,0,-1,-1,-1,-1,0,-1,-1,-1,-1.000000,-1.000000,507,0,0,0,0,0,-1,-1,-1,0.000000
9040,0,26,-1,-1,158,753,60,3,4,0.000000,0.000000,52,732,0,220,0,220,26,-1,-1,0.000000
9041,0,-1,-1,-1,-1,0,-1,-1,-1,-1.000000,-1.000000,161,0,0,0,0,0,-1,-1,-1,0.000000
9042,0,-1,-1,-1,-1,0,-1,-1,-1,-1.000000,-1.000000,359,0,0,0,0,0,-1,-1,-1,0.000000
9043,0,-1,-1,-1,-1,0,-1,-1,-1,-1.000000,-1.000000,157,0,0,0,0,0,-1,-1,-1,0.000000
9044,0,-1,-1,-1,-1,0,-1,-1,-1,-1.000000,-1.000000,495,0,0,0,0,0,-1,-1,-1,0.000000
9045,0,25,-1,-1,7638,612,62,3,2,0.000000,0.000000,11,789,0,185,0,185,25,-1,-1,0.000000
9046,0,-1,-1,-1,-1,0,-1,-1,-1,-1.000000,-1.000000,384,0,0,0,0,0,-1,-1,-1,0.000000
9047,0,-1,-1,-1,-1,0,-1,-1,-1,-1.000000,-1.000000,357,0,0,0,0,0,-1,-1,-1,0.000000
9048,0,275,-1,-1,3570,0,27,3,4,0.000000,0.000000,97,3,0,3,0,3,275,-1,-1,0.000000
9049,0,-1,-1,-1,-1,0,-1,-1,-1,-1.000000,-1.000000,337,0,0,0,0,0,-1,-1,-1,0.000000
9050,0,24,-1,-1,3526,822,64,3,2,0.000000,0.000000,31,792,0,168,0,168,24,-1,-1,0.000000
9051,0,-1,-1,-1,-1,0,-1,-1,-1,-1.000000,-1.000000,372,0,0,0,0,0,-1,-1,-1,0.000000
9052,0,39,-1,-1,6509,55,51,3,4,0.000000,0.000000,65,125,0,37,0,37,39,-1,-1,0.000000
9053,0,-1,-1,-1,-1,0,-1,-1,-1,-1.000000,-1.000000,245,0,0,0,0,0,-1,-1,-1,0.000000
9054,0,443,-1,-1,5730,0,20,3,2,0.000000,0.000000,115,1,0,2,0,2,443,-1,-1,0.000000
9055,0,-1,-1,-1,-1,0,-1,-1,-1,-1.000000,-1.000000,251,0,0,0,0,0,-1,-1,-1,0.000000
9056,0,-1,-1,-1,-1,0,-1,-1,-1,-1.000000,-1.000000,143,0,0,0,0,0,-1,-1,-1,0.000000
9057,0,-1,-1,-1,-1,0,-1,-1,-1,-1.000000,-1.000000,276,0,0,0,0,0,-1,-1,-1,0.000000
9058,0,-1,-1,-1,-1,0,-1,-1,-1,-1.000000,-1.000000,173,0,0,0,0,0,-1,-1,-1,0.000000
9059,0,-1,-1,-1,-1,0,-1,-1,-1,-1.000000,-1.000000,427,0,0,0,0,0,-1,-1,-1,0.000000
9060,0,-1,-1,-1,-1,0,-1,-1,-1,-1.000000,-1.000000,145,0,0,0,0,0,-1,-1,-1,0.000000
9061,0,-1,-1,-1,-1,0,-1,-1,-1,-1.000000,-1.000000,424,0,0,0,0,0,-1,-1,-1,0.000000
9062,0,-1,-1,-1,-1,0,-1,-1,-1,-1.000000,-1.000000,346,0,0,0,0,0,-1,-1,-1,0.000000
9063,0,-1,-1,-1,-1,0,-1,-1,-1,-1.000000,-1.000000,426,0,0,0,0,0,-1,-1,-1,0.000000
9064,0,-1,-1,-1,-1,0,-1,-1,-1,-1.000000,-1.000000,171,0,0,0,0,0,-1,-1,-1,0.000000
9065,0,-1,-1,-1,-1,0,-1,-1,-1,-1.000000,-1.000000,261,0,0,0,0,0,-1,-1,-1,0.000000
9066,0,-1,-1,-1,-1,0,-1,-1,-1,-1.000000,-1.000000,175,0,0,0,0,0,-1,-1,-1,0.000000
9067,0,30,-1,-1,2335,706,57,3,4,0.000000,0.000000,15,821,0,149,0,149,30,-1,-1,0.000000
9068,0,-1,-1,-1,-1,0,-1,-1,-1,-1.000000,-1.000000,329,0,0,0,0,0,-1,-1,-1,0.000000
9069,0,-1,-1,-1,-1,0,-1,-1,-1,-1.000000,-1.000000,193,0,0,0,0,0,-1,-1,-1,0.000000
9070,0,-1,-1,-1,-1,0,-1,-1,-1,-1.000000,-1.000000,173,0,0,0,0,0,-1,-1,-1,0.000000
9071,0,-1,-1,-1,-1,0,-1,-1,-1,-1.000000,-1.000000,265,0,0,0,0,0,-1,-1,-1,0.000000
9072,0,-1,-1,-1,-1,0,-1,-1,-1,-1.000000,-1.000000,79,0,0,0,0,0,-1,-1,-1,0.000000
9073,0,-1,-1,-1,-1,0,-1,-1,-1,-1.000000,-1.000000,143,0,0,0,0,0,-1,-1,-1,0.000000
9074,0,-1,-1,-1,-1,0,-1,-1,-1,-1.000000,-1.000000,247,0,0,0,0,0,-1,-1,-1,0.000000
9075,0,-1,-1,-1,-1,0,-1,-1,-1,-1.000000,-1.000000,109,0,0,0,0,0,-1,-1,-1,0.000000
9076,0,200,-1,-1,4939,511,29,3,2,0.000000,0.000000,52,567,0,116,0,116,200,-1,-1,0.000000
9077,0,-1,-1,-1,-1,0,-1,-1,-1,-1.000000,-1.000000,151,0,0,0,0,0,-1,-1,-1,0.000000
9078,0,20,-1,-1,1173,616,67,3,4,0.000000,0.000000,35,762,0,207,0,207,20,-1,-1,0.000000
9079,0,-1,-1,-1,-1,0,-1,-1,-1,-1.000000,-1.000000,161,0,0,0,0,0,-1,-1,-1,0.000000
9080,0,49,-1,-1,7228,0,51,3,4,0.000000,0.000000,85,1,0,1,0,1,49,-1,-1,0.000000
9081,0,-1,-1,-1,-1,0,-1,-1,-1,-1.000000,-1.000000,138,0,0,0,0,0,-1,-1,-1,0.000000
9082,0,-1,-1,-1,-1,0,-1,-1,-1,-1.000000,-1.000000,142,0,0,0,0,0,-1,-1,-1,0.000000
9083,0,-1,-1,-1,-1,0,-1,-1,-1,-1.000000,-1.000000,148,0,0,0,0,0,-1,-1,-1,0.000000
9084,0,3,-1,-1,2799,733,69,3,4,0.000000,0.000000,17,774,0,216,0,216,3,-1,-1,0.000000
9085,0,63,-1,-1,4654,633,44,3,4,0.000000,0.000000,36,691,0,104,0,104,63,-1,-1,0.000000
9086,0,25,-1,-1,1336,606,60,3,2,0.000000,0.000000,65,703,0,269,0,269,25,-1,-1,0.000000
9087,0,-1,-1,-1,-1,0,-1,-1,-1,-1.000000,-1.000000,293,0,0,0,0,0,-1,-1,-1,0.000000
9088,0,-1,-1,-1,-1,0,-1,-1,-1,-1.000000,-1.000000,390,0,0,0,0,0,-1,-1,-1,0.000000
9089,0,478,-1,-1,5162,380,21,3,2,0.000000,0.000000,44,384,0,89,0,89,478,-1,-1,0.000000
9090,0,-1,-1,-1,-1,0,-1,-1,-1,-1.000000,-1.000000,389,0,0,0,0,0,-1,-1,-1,0.000000
9091,0,52,-1,-1,2885,605,48,3,4,0.000000,0.000000,40,761,0,174,0,174,52,-1,-1,0.000000
9092,0,230,-1,-1,6798,0,29,3,4,0.000000,0.000000,95,2,0,0,0,0,230,-1,-1,0.000000
9093,0,-1,-1,-1,-1,0,-1,-1,-1,-1.000000,-1.000000,249,0,0,0,0,0,-1,-1,-1,0.000000
9094,0,-1,-1,-1,-1,0,-1,-1,-1,-1.000000,-1.000000,217,0,0,0,0,0,-1,-1,-1,0.000000
9095,0,166,-1,-1,7273,0,31,3,4,0.000000,0.000000,99,0,0,2,0,2,166,-1,-1,0.000000
9096,0,1,-1,-1,6141,571,69,3,4,0.000000,0.000000,21,739,0,241,0,241,1,-1,-1,0.000000
9097,0,22,-1,-1,5699,679,65,3,4,0.000000,0.000000,47,810,0,161,0,161,22,-1,-1,0.000000
9098,0,-1,-1,-1,-1,0,-1,-1,-1,-1.000000,-1.000000,91,0,0,0,0,0,-1,-1,-1,0.000000
9099,0,21,-1,-1,841,667,67,3,4,0.000000,0.000000,45,641,0,337,0,337,21,-1,-1,0.000000
9100,0,-1,-1,-1,-1,0,-1,-1,-1,-1.000000,-1.000000,181,0,0,0,0,0,-1,-1,-1,0.000000
9101,0,-1,-1,-1,-1,0,-1,-1,-1,-1.000000,-1.000000,502,0,0,0,0,0,-1,-1,-1,0.000000
9102,0,-1,-1,-1,-1,0,-1,-1,-1,-1.000000,-1.000000,129,0,0,0,0,0,-1,-1,-1,0.000000
9103,0,-1,-1,-1,-1,0,-1,-1,-1,-1.000000,-1.000000,319,0,0,0,0,0,-1,-1,-1,0.000000
9104,0,-1,-1,-1,-1,0,-1,-1,-1,-1.000000,-1.000000,167,0,0,0,0,0,-1,-1,-1,0.000000
9105,0,20,-1,-1,6848,682,67,3,4,0.000000,0.000000,47,651,0,328,0,328,20,-1,-1,0.000000
9106,0,-1,-1,-1,-1,0,-1,-1,-1,-1.000000,-1.000000,257,0,0,0,0,0,-1,-1,-1,0.000000
9107,0,-1,-1,-1,-1,0,-1,-1,-1,-1.000000,-1.000000,295,0,0,0,0,0,-1,-1,-1,0.000000
9108,0,-1,-1,-1,-1,0,-1,-1,-1,-1.000000,-1.000000,157,0,0,0,0,0,-1,-1,-1,0.000000
9109,0,-1,-1,-1,-1,0,-1,-1,-1,-1.000000,-1.000000,367,0,0,0,0,0,-1,-1,-1,0.000000
9110,0,-1,-1,-1,-1,0,-1,-1,-1,-1.000000,-1.000000,143,0,0,0,0,0,-1,-1,-1,0.000000
9111,0,-1,-1,-1,-1,0,-1,-1,-1,-1.000000,-1.000000,459,0,0,0,0,0,-1,-1,-1,0.000000
9112,0,-1,-1,-1,-1,0,-1,-1,-1,-1.000000,-1.000000,135,0,0,0,0,0,-1,-1,-1,0.000000
9113,0,25,-1,-1,960,356,61,3,4,0.000000,0.000000,67,418,0,183,0,183,25,-1,-1,0.000000
9114,0,-1,-1,-1,-1,0,-1,-1,-1,-1.000000,-1.000000,113,0,0,0,0,0,-1,-1,-1,0.000000
9115,0,-1,-1,-1,-1,0,-1,-1,-1,-1.000000,-1.000000,402,0,0,0,0,0,-1,-1,-1,0.000000
9116,0,-1,-1,-1,-1,0,-1,-1,-1,-1.000000,-1.000000,159,0,0,0,0,0,-1,-1,-1,0.000000
9117,0,67,-1,-1,3436,5,43,3,4,0.000000,0.000000,113,18,0,14,0,14,67,-1,-1,0.000000
9118,0,-1,-1,-1,-1,0,-1,-1,-1,-1.000000,-1.000000,134,0,0,0,0,0,-1,-1,-1,0.000000
9119,0,-1,-1,-1,-1,0,-1,-1,-1,-1.000000,-1.000000,385,0,0,0,0,0,-1,-1,-1,0.000000
9120,0,45,-1,-1,1172,670,51,3,2,0.000000,0.000000,56,654,0,169,0,169,45,-1,-1,0.000000
9121,0,-1,-1,-1,-1,0,-1,-1,-1,-1.000000,-1.000000,243,0,0,0,0,0,-1,-1,-1,0.000000
9122,0,-1,-1,-1,-1,0,-1,-1,-1,-1.000000,-1.000000,199,0,0,0,0,0,-1,-1,-1,0.000000
9123,0,-1,-1,-1,-1,0,-1,-1,-1,-1.000000,-1.000000,434,0,0,0,0,0,-1,-1,-1,0.000000
9124,0,-1,-1,-1,-1,0,-1,-1,-1,-1.000000,-1.000000,121,0,0,0,0,0,-1,-1,-1,0.000000
9125,0,-1,-1,-1,-1,0,-1,-1,-1,-1.000000,-1.000000,293,0,0,0,0,0,-1,-1,-1,0.000000
9126,0,-1,-1,-1,-1,0,-1,-1,-1,-1.000000,-1.000000,185,0,0,0,0,0,-1,-1,-1,0.000000
9127,0,-1,-1,-1,-1,0,-1,-1,-1,-1.000000,-1.000000,321,0,0,0,0,0,-1,-1,-1,0.000000
9128,0,-1,-1,-1,-1,0,-1,-1,-1,-1.000000,-1.000000,117,0,0,0,0,0,-1,-1,-1,0.000000
9129,0,-1,-1,-1,-1,0,-1,-1,-1,-1.000000,-1.000000,305,0,0,0,0,0,-1,-1,-1,0.000000
9130,0,-1,-1,-1,-1,0,-1,-1,-1,-1.000000,-1.000000,196,0,0,0,0,0,-1,-1,-1,0.000000
9131,0,-1,-1,-1,-1,0,-1,-1,-1,-1.000000,-1.000000,279,0,0,0,0,0,-1,-1,-1,0.000000
9132,0,-1,-1,-1,-1,0,-1,-1,-1,-1.000000,-1.000000,191,0,0,0,0,0,-1,-1,-1,0.000000
9133,0,-1,-1,-1,-1,0,-1,-1,-1,-1.000000,-1.000000,337,0,0,0,0,0,-1,-1,-1,0.000000
9134,0,-1,-1,-1,-1,0,-1,-1,-1,-1.000000,-1.000000,149,0,0,0,0,0,-1,-1,-1,0.000000
9135,0,-1,-1,-1,-1,0,-1,-1,-1,-1.000000,-1.000000,198,0,0,0,0,0,-1,-1,-1,0.000000
9136,0,-1,-1,-1,-1,0,-1,-1,-1,-1.000000,-1.000000,222,0,0,0,0,0,-1,-1,-1,0.000000
9137,0,23,-1,-1,7167,555,66,3,2,0.000000,0.000000,33,672,0,305,0,305,23,-1,-1,0.000000
9138,0,-1,-1,-1,-1,0,-1,-1,-1,-1.000000,-1.000000,496,0,0,0,0,0,-1,-1,-1,0.000000
9139,0,-1,-1,-1,-1,0,-1,-1,-1,-1.000000,-1.000000,375,0,0,0,0,0,-1,-1,-1,0.000000
9140,0,-1,-1,-1,-1,0,-1,-1,-1,-1.000000,-1.000000,295,0,0,0,0,0,-1,-1,-1,0.000000
9141,0,-1,-1,-1,-1,0,-1,-1,-1,-1.000000,-1.000000,201,0,0,0,0,0,-1,-1,-1,0.000000
9142,0,-1,-1,-1,-1,0,-1,-1,-1,-1.000000,-1.000000,283,0,0,0,0,0,-1,-1,-1,0.000000
9143,0,-1,-1,-1,-1,0,-1,-1,-1,-1.000000,-1.000000,364,0,0,0,0,0,-1,-1,-1,0.000000
9144,0,-1,-1,-1,-1,0,-1,-1,-1,-1.000000,-1.000000,360,0,0,0,0,0,-1,-1,-1,0.000000
9145,0,-1,-1,-1,-1,0,-1,-1,-1,-1.000000,-1.000000,355,0,0,0,0,0,-1,-1,-1,0.000000
9146,0,-1,-1,-1,-1,0,-1,-1,-1,-1.000000,-1.000000,355,0,0,0,0,0,-1,-1,-1,0.000000
9147,0,-1,-1,-1,-1,0,-1,-1,-1,-1.000000,-1.000000,343,0,0,0,0,0,-1,-1,-1,0.000000
9148,0,61,-1,-1,6602,617,46,3,2,0.000000,0.000000,37,736,0,96,0,96,61,-1,-1,0.000000
9149,0,-1,-1,-1,-1,0,-1,-1,-1,-1.000000,-1.000000,352,0,0,0,0,0,-1,-1,-1,0.000000
9150,0,-1,-1,-1,-1,0,-1,-1,-1,-1.000000,-1.000000,175,0,0,0,0,0,-1,-1,-1,0.000000
9151,0,76,-1,-1,7731,444,43,3,2,0.000000,0.000000,46,510,0,110,0,110,76,-1,-1,0.000000
9152,0,172,-1,-1,7915,405,36,3,2,0.000000,0.000000,45,483,0,96,0,96,172,-1,-1,0.000000
9153,0,-1,-1,-1,-1,0,-1,-1,-1,-1.000000,-1.000000,133,0,0,0,0,0,-1,-1,-1,0.000000
9154,0,68,-1,-1,7123,778,45,3,4,0.000000,0.000000,43,746,0,145,0,145,68,-1,-1,0.000000
9155,0,-1,-1,-1,-1,0,-1,-1,-1,-1.000000,-1.000000,129,0,0,0,0,0,-1,-1,-1,0.000000
9156,0,-1,-1,-1,-1,0,-1,-1,-1,-1.000000,-1.000000,268,0,0,0,0,0,-1,-1,-1,0.000000
9157,0,-1,-1,-1,-1,0,-1,-1,-1,-1.000000,-1.000000,155,0,0,0,0,0,-1,-1,-1,0.000000
9158,0,-1,-1,-1,-1,0,-1,-1,-1,-1.000000,-1.000000,329,0,0,0,0,0,-1,-1,-1,0.000000
9159,0,-1,-1,-1,-1,0,-1,-1,-1,-1.000000,-1.000000,215,0,0,0,0,0,-1,-1,-1,0.000000
9160,0,26,-1,-1,3592,830,60,3,2,0.000000,0.000000,45,730,0,235,0,235,26,-1,-1,0.000000
9161,0,-1,-1,-1,-1,0,-1,-1,-1,-1.000000,-1.000000,191,0,0,0,0,0,-1,-1,-1,0.000000
9162,0,-1,-1,-1,-1,0,-1,-1,-1,-1.000000,-1.000000,433,0,0,0,0,0,-1,-1,-1,0.000000
9163,0,-1,-1,-1,-1,0,-1,-1,-1,-1.000000,-1.000000,283,0,0,0,0,0,-1,-1,-1,0.000000
9164,0,-1,-1,-1,-1,0,-1,-1,-1,-1.000000,-1.000000,434,0,0,0,0,0,-1,-1,-1,0.000000
9165,0,-1,-1,-1,-1,0,-1,-1,-1,-1.000000,-1.000000,363,0,0,0,0,0,-1,-1,-1,0.000000
9166,0,-1,-1,-1,-1,0,-1,-1,-1,-1.000000,-1.000000,147,0,0,0,0,0,-1,-1,-1,0.000000
9167,0,-1,-1,-1,-1,0,-1,-1,-1,-1.000000,-1.000000,189,0,0,0,0,0,-1,-1,-1,0.000000
9168,0,-1,-1,-1,-1,0,-1,-1,-1,-1.000000,-1.000000,239,0,0,0,0,0,-1,-1,-1,0.000000
9169,0,-1,-1,-1,-1,0,-1,-1,-1,-1.000000,-1.000000,372,0,0,0,0,0,-1,-1,-1,0.000000
9170,0,-1,-1,-1,-1,0,-1,-1,-1,-1.000000,-1.000000,369,0,0,0,0,0,-1,-1,-1,0.000000
9171,0,-1,-1,-1,-1,0,-1,-1,-1,-1.000000,-1.000000,220,0,0,0,0,0,-1,-1,-1,0.000000
9172,0,28,-1,-1,2613,398,59,3,4,0.000000,0.000000,57,484,0,152,0,152,28,-1,-1,0.000000
9173,0,-1,-1,-1,-1,0,-1,-1,-1,-1.000000,-1.000000,125,0,0,0,0,0,-1,-1,-1,0.000000
9174,0,25,-1,-1,7160,717,62,3,2,0.000000,0.000000,39,696,0,211,0,211,25,-1,-1,0.000000
9175,0,-1,-1,-1,-1,0,-1,-1,-1,-1.000000,-1.000000,139,0,0,0,0,0,-1,-1,-1,0.000000
9176,0,260,-1,-1,2633,33,28,3,2,0.000000,0.000000,57,127,0,26,0,26,260,-1,-1,0.000000
9177,0,48,-1,-1,6482,103,52,3,4,0.000000,0.000000,86,167,0,57,0,57,48,-1,-1,0.000000
9178,0,-1,-1,-1,-1,0,-1,-1,-1,-1.000000,-1.000000,333,0,0,0,0,0,-1,-1,-1,0.000000
9179,0,-1,-1,-1,-1,0,-1,-1,-1,-1.000000,-1.000000,189,0,0,0,0,0,-1,-1,-1,0.000000
9180,0,-1,-1,-1,-1,0,-1,-1,-1,-1.000000,-1.000000,117,0,0,0,0,0,-1,-1,-1,0.000000
9181,0,-1,-1,-1,-1,0,-1,-1,-1,-1.000000,-1.000000,307,0,0,0,0,0,-1,-1,-1,0.000000
9182,0,-1,-1,-1,-1,0,-1,-1,-1,-1.000000,-1.000000,121,0,0,0,0,0,-1,-1,-1,0.000000
9183,0,-1,-1,-1,-1,0,-1,-1,-1,-1.000000,-1.000000,179,0,0,0,0,0,-1,-1,-1,0.000000
9184,0,-1,-1,-1,-1,0,-1,-1,-1,-1.000000,-1.000000,21,0,0,0,0,0,-1,-1,-1,0.000000
9185,0,-1,-1,-1,-1,0,-1,-1,-1,-1.000000,-1.000000,358,0,0,0,0,0,-1,-1,-1,0.000000
9186,0,-1,-1,-1,-1,0,-1,-1,-1,-1.000000,-1.000000,305,0,0,0,0,0,-1,-1,-1,0.000000
9187,0,-1,-1,-1,-1,0,-1,-1,-1,-1.000000,-1.000000,475,0,0,0,0,0,-1,-1,-1,0.000000
9188,0,24,-1,-1,3583,749,62,3,2,0.000000,0.000000,53,713,0,248,0,248,24,-1,-1,0.000000
9189,0,-1,-1,-1,-1,0,-1,-1,-1,-1.000000,-1.000000,311,0,0,0,0,0,-1,-1,-1,0.000000
9190,0,25,-1,-1,5133,666,60,3,2,0.000000,0.000000,13,804,0,171,0,171,25,-1,-1,0.000000
9191,0,-1,-1,-1,-1,0,-1,-1,-1,-1.000000,-1.000000,184,0,0,0,0,0,-1,-1,-1,0.000000
9192,0,657,-1,-1,3951,6,16,3,2,0.000000,0.000000,91,29,0,11,0,11,657,-1,-1,0.000000
9193,0,-1,-1,-1,-1,0,-1,-1,-1,-1.000000,-1.000000,97,0,0,0,0,0,-1,-1,-1,0.000000
9194,0,-1,-1,-1,-1,0,-1,-1,-1,-1.000000,-1.000000,321,0,0,0,0,0,-1,-1,-1,0.000000
9195,0,72,-1,-1,1424,61,42,3,2,0.000000,0.000000,75,147,0,42,0,42,72,-1,-1,0.000000
9196,0,-1,-1,-1,-1,0,-1,-1,-1,-1.000000,-1.000000,103,0,0,0,0,0,-1,-1,-1,0.000000
9197,0,-1,-1,-1,-1,0,-1,-1,-1,-1.000000,-1.000000,123,0,0,0,0,0,-1,-1,-1,0.000000
9198,0,15,-1,-1,6884,582,68,3,2,0.000000,0.000000,19,698,0,284,0,284,15,-1,-1,0.000000
9199,0,88,-1,-1,4096,98,41,3,4,0.000000,0.000000,61,162,0,68,0,68,88,-1,-1,0.000000
9200,0,-1,-1,-1,-1,0,-1,-1,-1,-1.000000,-1.000000,181,0,0,0,0,0,-1,-1,-1,0.000000
9201,0,-1,-1,-1,-1,0,-1,-1,-1,-1.000000,-1.000000,156,0,0,0,0,0,-1,-1,-1,0.000000
9202,0,-1,-1,-1,-1,0,-1,-1,-1,-1.000000,-1.000000,95,0,0,0,0,0,-1,-1,-1,0.000000
9203,0,32,-1,-1,4977,36,55,3,4,0.000000,0.000000,59,97,0,38,0,38,32,-1,-1,0.000000
9204,0,212,-1,-1,877,15,28,3,4,0.000000,0.000000,118,40,0,11,0,11,212,-1,-1,0.000000
9205,0,-1,-1,-1,-1,0,-1,-1,-1,-1.000000,-1.000000,321,0,0,0,0,0,-1,-1,-1,0.000000
9206,0,-1,-1,-1,-1,0,-1,-1,-1,-1.000000,-1.000000,450,0,0,0,0,0,-1,-1,-1,0.000000
9207,0,27,-1,-1,7703,583,61,3,4,0.000000,0.000000,45,603,0,196,0,196,27,-1,-1,0.000000
9208,0,-1,-1,-1,-1,0,-1,-1,-1,-1.000000,-1.000000,141,0,0,0,0,0,-1,-1,-1,0.000000
9209,0,-1,-1,-1,-1,0,-1,-1,-1,-1.000000,-1.000000,113,0,0,0,0,0,-1,-1,-1,0.000000
9210,0,-1,-1,-1,-1,0,-1,-1,-1,-1.000000,-1.000000,299,0,0,0,0,0,-1,-1,-1,0.000000
9211,0,-1,-1,-1,-1,0,-1,-1,-1,-1.000000,-1.000000,261,0,0,0,0,0,-1,-1,-1,0.000000
9212,0,-1,-1,-1,-1,0,-1,-1,-1,-1.000000,-1.000000,189,0,0,0,0,0,-1,-1,-1,0.000000
9213,0,-1,-1,-1,-1,0,-1,-1,-1,-1.000000,-1.000000,340,0,0,0,0,0,-1,-1,-1,0.000000
9214,0,-1,-1,-1,-1,0,-1,-1,-1,-1.000000,-1.000000,207,0,0,0,0,0,-1,-1,-1,0.000000
9215,0,21,-1,-1,6107,604,69,3,4,0.000000,0.000000,19,677,0,302,0,302,21,-1,-1,0.000000
9216,0,-1,-1,-1,-1,0,-1,-1,-1,-1.000000,-1.000000,273,0,0,0,0,0,-1,-1,-1,0.000000
9217,0,-1,-1,-1,-1,0,-1,-1,-1,-1.000000,-1.000000,443,0,0,0,0,0,-1,-1,-1,0.000000
9218,0,-1,-1,-1,-1,0,-1,-1,-1,-1.000000,-1.000000,436,0,0,0,0,0,-1,-1,-1,0.000000
9219,0,-1,-1,-1,-1,0,-1,-1,-1,-1.000000,-1.000000,351,0,0,0,0,0,-1,-1,-1,0.000000
9220,0,-1,-1,-1,-1,0,-1,-1,-1,-1.000000,-1.000000,141,0,0,0,0,0,-1,-1,-1,0.000000
9221,0,191,-1,-1,4246,10,33,3,4,0.000000,0.000000,69,23,0,10,0,10,191,-1,-1,0.000000
9222,0,-1,-1,-1,-1,0,-1,-1,-1,-1.000000,-1.000000,367,0,0,0,0,0,-1,-1,-1,0.000000
9223,0,-1,-1,-1,-1,0,-1,-1,-1,-1.000000,-1.000000,411,0,0,0,0,0,-1,-1,-1,0.000000
9224,0,-1,-1,-1,-1,0,-1,-1,-1,-1.000000,-1.000000,275,0,0,0,0,0,-1,-1,-1,0.000000
9225,0,-1,-1,-1,-1,0,-1,-1,-1,-1.000000,-1.000000,265,0,0,0,0,0,-1,-1,-1,0.000000
9226,0,-1,-1,-1,-1,0,-1,-1,-1,-1.000000,-1.000000,392,0,0,0,0,0,-1,-1,-1,0.000000
9227,0,-1,-1,-1,-1,0,-1,-1,-1,-1.000000,-1.000000,259,0,0,0,0,0,-1,-1,-1,0.000000
9228,0,-1,-1,-1,-1,0,-1,-1,-1,-1.000000,-1.000000,174,0,0,0,0,0,-1,-1,-1,0.000000
9229,0,-1,-1,-1,-1,0,-1,-1,-1,-1.000000,-1.000000,129,0,0,0,0,0,-1,-1,-1,0.000000
9230,0,-1,-1,-1,-1,0,-1,-1,-1,-1.000000,-1.000000,185,0,0,0,0,0,-1,-1,-1,0.000000
9231,0,-1,-1,-1,-1,0,-1,-1,-1,-1.000000,-1.000000,273,0,0,0,0,0,-1,-1,-1,0.000000
9232,0,-1,-1,-1,-1,0,-1,-1,-1,-1.000000,-1.000000,369,0,0,0,0,0,-1,-1,-1,0.000000
9233,0,76,-1,-1,4500,0,41,3,4,0.000000,0.000000,105,4,0,1,0,1,76,-1,-1,0.000000
9234,0,24,-1,-1,7661,768,63,3,4,0.000000,0.000000,55,695,0,280,0,280,24,-1,-1,0.000000
9235,0,-1,-1,-1,-1,0,-1,-1,-1,-1.000000,-1.000000,185,0,0,0,0,0,-1,-1,-1,0.000000
9236,0,-1,-1,-1,-1,0,-1,-1,-1,-1.000000,-1.000000,141,0,0,0,0,0,-1,-1,-1,0.000000
9237,0,-1,-1,-1,-1,0,-1,-1,-1,-1.000000,-1.000000,156,0,0,0,0,0,-1,-1,-1,0.000000
9238,0,-1,-1,-1,-1,0,-1,-1,-1,-1.000000,-1.000000,278,0,0,0,0,0,-1,-1,-1,0.000000
9239,0,-1,-1,-1,-1,0,-1,-1,-1,-1.000000,-1.000000,463,0,0,0,0,0,-1,-1,-1,0.000000
9240,0,29,-1,-1,5669,7,56,3,2,0.000000,0.000000,85,18,0,4,0,4,29,-1,-1,0.000000
9241,0,-1,-1,-1,-1,0,-1,-1,-1,-1.000000,-1.000000,297,0,0,0,0,0,-1,-1,-1,0.000000
9242,0,-1,-1,-1,-1,0,-1,-1,-1,-1.000000,-1.000000,375,0,0,0,0,0,-1,-1,-1,0.000000
9243,0,-1,-1,-1,-1,0,-1,-1,-1,-1.000000,-1.000000,113,0,0,0,0,0,-1,-1,-1,0.000000
9244,0,-1,-1,-1,-1,0,-1,-1,-1,-1.000000,-1.000000,161,0,0,0,0,0,-1,-1,-1,0.000000
9245,0,-1,-1,-1,-1,0,-1,-1,-1,-1.000000,-1.000000,141,0,0,0,0,0,-1,-1,-1,0.000000
9246,0,-1,-1,-1,-1,0,-1,-1,-1,-1.000000,-1.000000,227,0,0,0,0,0,-1,-1,-1,0.000000
9247,0,-1,-1,-1,-1,0,-1,-1,-1,-1.000000,-1.000000,365,0,0,0,0,0,-1,-1,-1,0.000000
9248,0,-1,-1,-1,-1,0,-1,-1,-1,-1.000000,-1.000000,474,0,0,0,0,0,-1,-1,-1,0.000000
9249,0,-1,-1,-1,-1,0,-1,-1,-1,-1.000000,-1.000000,197,0,0,0,0,0,-1,-1,-1,0.000000
9250,0,-1,-1,-1,-1,0,-1,-1,-1,-1.000000,-1.000000,335,0,0,0,0,0,-1,-1,-1,0.000000
9251,0,-1,-1,-1,-1,0,-1,-1,-1,-1.000000,-1.000000,372,0,0,0,0,0,-1,-1,-1,0.000000
9252,0,-1,-1,-1,-1,0,-1,-1,-1,-1.000000,-1.000000,203,0,0,0,0,0,-1,-1,-1,0.000000
9253,0,31,-1,-1,3876,57,55,3,4,0.000000,0.000000,89,94,0,33,0,33,31,-1,-1,0.000000
9254,0,-1,-1,-1,-1,0,-1,-1,-1,-1.000000,-1.000000,133,0,0,0,0,0,-1,-1,-1,0.000000
9255,0,25,-1,-1,3834,163,61,3,4,0.000000,0.000000,59,273,0,73,0,73,25,-1,-1,0.000000
9256,0,22,-1,-1,3299,688,67,3,4,0.000000,0.000000,55,677,0,155,0,155,22,-1,-1,0.000000
9257,0,-1,-1,-1,-1,0,-1,-1,-1,-1.000000,-1.000000,307,0,0,0,0,0,-1,-1,-1,0.000000
9258,0,-1,-1,-1,-1,0,-1,-1,-1,-1.000000,-1.000000,345,0,0,0,0,0,-1,-1,-1,0.000000
9259,0,-1,-1,-1,-1,0,-1,-1,-1,-1.000000,-1.000000,439,0,0,0,0,0,-1,-1,-1,0.000000
9260,0,-1,-1,-1,-1,0,-1,-1,-1,-1.000000,-1.000000,293,0,0,0,0,0,-1,-1,-1,0.000000
9261,0,-1,-1,-1,-1,0,-1,-1,-1,-1.000000,-1.000000,470,0,0,0,0,0,-1,-1,-1,0.000000
9262,0,-1,-1,-1,-1,0,-1,-1,-1,-1.000000,-1.000000,133,0,0,0,0,0,-1,-1,-1,0.000000
9263,0,-1,-1,-1,-1,0,-1,-1,-1,-1.000000,-1.000000,253,0,0,0,0,0,-1,-1,-1,0.000000
9264,0,-1,-1,-1,-1,0,-1,-1,-1,-1.000000,-1.000000,213,0,0,0,0,0,-1,-1,-1,0.000000
9265,0,39,-1,-1,3271,42,51,3,2,0.000000,0.000000,120,106,0,30,0,30,39,-1,-1,0.000000
9266,0,-1,-1,-1,-1,0,-1,-1,-1,-1.000000,-1.000000,339,0,0,0,0,0,-1,-1,-1,0.000000
9267,0,-1,-1,-1,-1,0,-1,-1,-1,-1.000000,-1.000000,383,0,0,0,0,0,-1,-1,-1,0.000000
9268,0,-1,-1,-1,-1,0,-1,-1,-1,-1.000000,-1.000000,108,0,0,0,0,0,-1,-1,-1,0.000000
9269,0,-1,-1,-1,-1,0,-1,-1,-1,-1.000000,-1.000000,377,0,0,0,0,0,-1,-1,-1,0.000000
9270,0,-1,-1,-1,-1,0,-1,-1,-1,-1.000000,-1.000000,109,0,0,0,0,0,-1,-1,-1,0.000000
9271,0,-1,-1,-1,-1,0,-1,-1,-1,-1.000000,-1.000000,349,0,0,0,0,0,-1,-1,-1,0.000000
9272,0,-1,-1,-1,-1,0,-1,-1,-1,-1.000000,-1.000000,151,0,0,0,0,0,-1,-1,-1,0.000000
9273,0,-1,-1,-1,-1,0,-1,-1,-1,-1.000000,-1.000000,129,0,0,0,0,0,-1,-1,-1,0.000000
9274,0,-1,-1,-1,-1,0,-1,-1,-1,-1.000000,-1.000000,269,0,0,0,0,0,-1,-1,-1,0.000000
9275,0,-1,-1,-1,-1,0,-1,-1,-1,-1.000000,-1.000000,117,0,0,0,0,0,-1,-1,-1,0.000000
9276,0,-1,-1,-1,-1,0,-1,-1,-1,-1.000000,-1.000000,69,0,0,0,0,0,-1,-1,-1,0.000000
9277,0,-1,-1,-1,-1,0,-1,-1,-1,-1.000000,-1.000000,249,0,0,0,0,0,-1,-1,-1,0.000000
9278,0,-1,-1,-1,-1,0,-1,-1,-1,-1.000000,-1.000000,217,0,0,0,0,0,-1,-1,-1,0.000000
9279,0,-1,-1,-1,-1,0,-1,-1,-1,-1.000000,-1.000000,319,0,0,0,0,0,-1,-1,-1,0.000000
9280,0,-1,-1,-1,-1,0,-1,-1,-1,-1.000000,-1.000000,159,0,0,0,0,0,-1,-1,-1,0.000000
9281,0,-1,-1,-1,-1,0,-1,-1,-1,-1.000000,-1.000000,308,0,0,0,0,0,-1,-1,-1,0.000000
9282,0,-1,-1,-1,-1,0,-1,-1,-1,-1.000000,-1.000000,198,0,0,0,0,0,-1,-1,-1,0.000000
9283,0,-1,-1,-1,-1,0,-1,-1,-1,-1.000000,-1.000000,273,0,0,0,0,0,-1,-1,-1,0.000000
9284,0,-1,-1,-1,-1,0,-1,-1,-1,-1.000000,-1.000000,80,0,0,0,0,0,-1,-1,-1,0.000000
9285,0,-1,-1,-1,-1,0,-1,-1,-1,-1.000000,-1.000000,290,0,0,0,0,0,-1,-1,-1,0.000000
9286,0,-1,-1,-1,-1,0,-1,-1,-1,-1.000000,-1.000000,189,0,0,0,0,0,-1,-1,-1,0.000000
9287,0,-1,-1,-1,-1,0,-1,-1,-1,-1.000000,-1.000000,107,0,0,0,0,0,-1,-1,-1,0.000000
9288,0,-1,-1,-1,-1,0,-1,-1,-1,-1.000000,-1.000000,117,0,0,0,0,0,-1,-1,-1,0.000000
9289,0,-1,-1,-1,-1,0,-1,-1,-1,-1.000000,-1.000000,493,0,0,0,0,0,-1,-1,-1,0.000000
9290,0,-1,-1,-1,-1,0,-1,-1,-1,-1.000000,-1.000000,377,0,0,0,0,0,-1,-1,-1,0.000000
9291,0,-1,-1,-1,-1,0,-1,-1,-1,-1.000000,-1.000000,189,0,0,0,0,0,-1,-1,-1,0.000000
9292,0,-1,-1,-1,-1,0,-1,-1,-1,-1.000000,-1.000000,252,0,0,0,0,0,-1,-1,-1,0.000000
9293,0,-1,-1,-1,-1,0,-1,-1,-1,-1.000000,-1.000000,140,0,0,0,0,0,-1,-1,-1,0.000000
9294,0,-1,-1,-1,-1,0,-1,-1,-1,-1.000000,-1.000000,219,0,0,0,0,0,-1,-1,-1,0.000000
9295,0,-1,-1,-1,-1,0,-1,-1,-1,-1.000000,-1.000000,91,0,0,0,0,0,-1,-1,-1,0.000000
9296,0,-1,-1,-1,-1,0,-1,-1,-1,-1.000000,-1.000000,111,0,0,0,0,0,-1,-1,-1,0.000000
9297,0,-1,-1,-1,-1,0,-1,-1,-1,-1.000000,-1.000000,203,0,0,0,0,0,-1,-1,-1,0.000000
9298,0,-1,-1,-1,-1,0,-1,-1,-1,-1.000000,-1.000000,115,0,0,0,0,0,-1,-1,-1,0.000000
9299,0,-1,-1,-1,-1,0,-1,-1,-1,-1.000000,-1.000000,237,0,0,0,0,0,-1,-1,-1,0.000000
9300,0,-1,-1,-1,-1,0,-1,-1,-1,-1.000000,-1.000000,219,0,0,0,0,0,-1,-1,-1,0.000000
9301,0,30,-1,-1,5627,151,56,3,2,0.000000,0.000000,79,287,0,88,0,88,30,-1,-1,0.000000
9302,0,-1,-1,-1,-1,0,-1,-1,-1,-1.000000,-1.000000,411,0,0,0,0,0,-1,-1,-1,0.000000
9303,0,-1,-1,-1,-1,0,-1,-1,-1,-1.000000,-1.000000,223,0,0,0,0,0,-1,-1,-1,0.000000
9304,0,-1,-1,-1,-1,0,-1,-1,-1,-1.000000,-1.000000,267,0,0,0,0,0,-1,-1,-1,0.000000
9305,0,-1,-1,-1,-1,0,-1,-1,-1,-1.000000,-1.000000,346,0,0,0,0,0,-1,-1,-1,0.000000
9306,0,-1,-1,-1,-1,0,-1,-1,-1,-1.000000,-1.000000,456,0,0,0,0,0,-1,-1,-1,0.000000
9307,0,-1,-1,-1,-1,0,-1,-1,-1,-1.000000,-1.000000,205,0,0,0,0,0,-1,-1,-1,0.000000
9308,0,28,-1,-1,4313,722,61,3,4,0.000000,0.000000,55,689,0,275,0,275,28,-1,-1,0.000000
9309,0,-1,-1,-1,-1,0,-1,-1,-1,-1.000000,-1.000000,157,0,0,0,0,0,-1,-1,-1,0.000000
9310,0,-1,-1,-1,-1,0,-1,-1,-1,-1.000000,-1.000000,255,0,0,0,0,0,-1,-1,-1,0.000000
9311,0,-1,-1,-1,-1,0,-1,-1,-1,-1.000000,-1.000000,111,0,0,0,0,0,-1,-1,-1,0.000000
9312,0,-1,-1,-1,-1,0,-1,-1,-1,-1.000000,-1.000000,123,0,0,0,0,0,-1,-1,-1,0.000000
9313,0,-1,-1,-1,-1,0,-1,-1,-1,-1.000000,-1.000000,183,0,0,0,0,0,-1,-1,-1,0.000000
9314,0,-1,-1,-1,-1,0,-1,-1,-1,-1.000000,-1.000000,171,0,0,0,0,0,-1,-1,-1,0.000000
9315,0,72,-1,-1,340,605,45,3,4,0.000000,0.000000,25,746,0,138,0,138,72,-1,-1,0.000000
9316,0,-1,-1,-1,-1,0,-1,-1,-1,-1.000000,-1.000000,201,0,0,0,0,0,-1,-1,-1,0.000000
9317,0,-1,-1,-1,-1,0,-1,-1,-1,-1.000000,-1.000000,107,0,0,0,0,0,-1,-1,-1,0.000000
9318,0,-1,-1,-1,-1,0,-1,-1,-1,-1.000000,-1.000000,145,0,0,0,0,0,-1,-1,-1,0.000000
9319,0,-1,-1,-1,-1,0,-1,-1,-1,-1.000000,-1.000000,295,0,0,0,0,0,-1,-1,-1,0.000000
9320,0,-1,-1,-1,-1,0,-1,-1,-1,-1.000000,-1.000000,245,0,0,0,0,0,-1,-1,-1,0.000000
9321,0,-1,-1,-1,-1,0,-1,-1,-1,-1.000000,-1.000000,332,0,0,0,0,0,-1,-1,-1,0.000000
9322,0,419,-1,-1,4193,5,22,3,4,0.000000,0.000000,100,15,0,6,0,6,419,-1,-1,0.000000
9323,0,-1,-1,-1,-1,0,-1,-1,-1,-1.000000,-1.000000,329,0,0,0,0,0,-1,-1,-1,0.000000
9324,0,-1,-1,-1,-1,0,-1,-1,-1,-1.000000,-1.000000,83,0,0,0,0,0,-1,-1,-1,0.000000
9325,0,-1,-1,-1,-1,0,-1,-1,-1,-1.000000,-1.000000,161,0,0,0,0,0,-1,-1,-1,0.000000
9326,0,-1,-1,-1,-1,0,-1,-1,-1,-1.000000,-1.000000,115,0,0,0,0,0,-1,-1,-1,0.000000
9327,0,32,-1,-1,6802,146,55,3,4,0.000000,0.000000,69,245,0,68,0,68,32,-1,-1,0.000000
9328,0,-1,-1,-1,-1,0,-1,-1,-1,-1.000000,-1.000000,173,0,0,0,0,0,-1,-1,-1,0.000000
9329,0,-1,-1,-1,-1,0,-1,-1,-1,-1.000000,-1.000000,267,0,0,0,0,0,-1,-1,-1,0.000000
9330,0,-1,-1,-1,-1,0,-1,-1,-1,-1.000000,-1.000000,208,0,0,0,0,0,-1,-1,-1,0.000000
9331,0,-1,-1,-1,-1,0,-1,-1,-1,-1.000000,-1.000000,259,0,0,0,0,0,-1,-1,-1,0.000000
9332,0,22,-1,-1,1647,763,66,3,2,0.000000,0.000000,49,759,0,196,0,196,22,-1,-1,0.000000
9333,0,-1,-1,-1,-1,0,-1,-1,-1,-1.000000,-1.000000,416,0,0,0,0,0,-1,-1,-1,0.000000
9334,0,-1,-1,-1,-1,0,-1,-1,-1,-1.000000,-1.000000,131,0,0,0,0,0,-1,-1,-1,0.000000
9335,0,28,-1,-1,2100,783,59,3,4,0.000000,0.000000,41,674,0,252,0,252,28,-1,-1,0.000000
9336,0,48,-1,-1,1635,39,49,3,4,0.000000,0.000000,69,70,0,33,0,33,48,-1,-1,0.000000
9337,0,721,-1,-1,4693,80,18,3,4,0.000000,0.000000,26,133,0,25,0,25,721,-1,-1,0.000000
9338,0,-1,-1,-1,-1,0,-1,-1,-1,-1.000000,-1.000000,259,0,0,0,0,0,-1,-1,-1,0.000000
9339,0,27,-1,-1,274,234,59,3,4,0.000000,0.000000,53,339,0,91,0,91,27,-1,-1,0.000000
9340,0,-1,-1,-1,-1,0,-1,-1,-1,-1.000000,-1.000000,197,0,0,0,0,0,-1,-1,-1,0.000000
9341,0,-1,-1,-1,-1,0,-1,-1,-1,-1.000000,-1.000000,303,0,0,0,0,0,-1,-1,-1,0.000000
9342,0,-1,-1,-1,-1,0,-1,-1,-1,-1.000000,-1.000000,215,0,0,0,0,0,-1,-1,-1,0.000000
9343,0,-1,-1,-1,-1,0,-1,-1,-1,-1.000000,-1.000000,331,0,0,0,0,0,-1,-1,-1,0.000000
9344,0,28,-1,-1,1698,530,58,3,2,0.000000,0.000000,57,593,0,127,0,127,28,-1,-1,0.000000
9345,0,-1,-1,-1,-1,0,-1,-1,-1,-1.000000,-1.000000,183,0,0,0,0,0,-1,-1,-1,0.000000
9346,0,-1,-1,-1,-1,0,-1,-1,-1,-1.000000,-1.000000,380,0,0,0,0,0,-1,-1,-1,0.000000
9347,0,35,-1,-1,5261,67,53,3,4,0.000000,0.000000,73,140,0,52,0,52,35,-1,-1,0.000000
9348,0,-1,-1,-1,-1,0,-1,-1,-1,-1.000000,-1.000000,355,0,0,0,0,0,-1,-1,-1,0.000000
9349,0,-1,-1,-1,-1,0,-1,-1,-1,-1.000000,-1.000000,135,0,0,0,0,0,-1,-1,-1,0.000000
9350,0,-1,-1,-1,-1,0,-1,-1,-1,-1.000000,-1.000000,387,0,0,0,0,0,-1,-1,-1,0.000000
9351,0,-1,-1,-1,-1,0,-1,-1,-1,-1.000000,-1.000000,251,0,0,0,0,0,-1,-1,-1,0.000000
9352,0,29,-1,-1,7097,243,57,3,4,0.000000,0.000000,57,359,0,108,0,108,29,-1,-1,0.000000
9353,0,22,-1,-1,3557,724,66,3,2,0.000000,0.000000,43,773,0,136,0,136,22,-1,-1,0.000000
9354,0,-1,-1,-1,-1,0,-1,-1,-1,-1.000000,-1.000000,264,0,0,0,0,0,-1,-1,-1,0.000000
9355,0,-1,-1,-1,-1,0,-1,-1,-1,-1.000000,-1.000000,383,0,0,0,0,0,-1,-1,-1,0.000000
9356,0,18,-1,-1,3061,609,68,3,2,0.000000,0.000000,33,715,0,266,0,266,18,-1,-1,0.000000
9357,0,-1,-1,-1,-1,0,-1,-1,-1,-1.000000,-1.000000,219,0,0,0,0,0,-1,-1,-1,0.000000
9358,0,-1,-1,-1,-1,0,-1,-1,-1,-1.000000,-1.000000,117,0,0,0,0,0,-1,-1,-1,0.000000
9359,0,-1,-1,-1,-1,0,-1,-1,-1,-1.000000,-1.000000,171,0,0,0,0,0,-1,-1,-1,0.000000
9360,0,-1,-1,-1,-1,0,-1,-1,-1,-1.000000,-1.000000,448,0,0,0,0,0,-1,-1,-1,0.000000
9361,0,-1,-1,-1,-1,0,-1,-1,-1,-1.000000,-1.000000,151,0,0,0,0,0,-1,-1,-1,0.000000
9362,0,25,-1,-1,5719,786,64,3,2,0.000000,0.000000,47,753,0,156,0,156,25,-1,-1,0.000000
9363,0,-1,-1,-1,-1,0,-1,-1,-1,-1.000000,-1.000000,363,0,0,0,0,0,-1,-1,-1,0.000000
9364,0,-1,-1,-1,-1,0,-1,-1,-1,-1.000000,-1.000000,319,0,0,0,0,0,-1,-1,-1,0.000000
9365,0,-1,-1,-1,-1,0,-1,-1,-1,-1.000000,-1.000000,237,0,0,0,0,0,-1,-1,-1,0.000000
9366,0,-1,-1,-1,-1,0,-1,-1,-1,-1.000000,-1.000000,273,0,0,0,0,0,-1,-1,-1,0.000000
9367,0,21,-1,-1,2720,670,67,3,4,0.000000,0.000000,31,824,0,155,0,155,21,-1,-1,0.000000
9368,0,-1,-1,-1,-1,0,-1,-1,-1,-1.000000,-1.000000,161,0,0,0,0,0,-1,-1,-1,0.000000
9369,0,-1,-1,-1,-1,0,-1,-1,-1,-1.000000,-1.000000,207,0,0,0,0,0,-1,-1,-1,0.000000
9370,0,-1,-1,-1,-1,0,-1,-1,-1,-1.000000,-1.000000,254,0,0,0,0,0,-1,-1,-1,0.000000
9371,0,-1,-1,-1,-1,0,-1,-1,-1,-1.000000,-1.000000,444,0,0,0,0,0,-1,-1,-1,0.000000
9372,0,-1,-1,-1,-1,0,-1,-1,-1,-1.000000,-1.000000,275,0,0,0,0,0,-1,-1,-1,0.000000
9373,0,-1,-1,-1,-1,0,-1,-1,-1,-1.000000,-1.000000,542,0,0,0,0,0,-1,-1,-1,0.000000
9374,0,115,-1,-1,538,62,38,3,2,0.000000,0.000000,65,167,0,37,0,37,115,-1,-1,0.000000
9375,0,-1,-1,-1,-1,0,-1,-1,-1,-1.000000,-1.000000,422,0,0,0,0,0,-1,-1,-1,0.000000
9376,0,-1,-1,-1,-1,0,-1,-1,-1,-1.000000,-1.000000,177,0,0,0,0,0,-1,-1,-1,0.000000
9377,0,-1,-1,-1,-1,0,-1,-1,-1,-1.000000,-1.000000,155,0,0,0,0,0,-1,-1,-1,0.000000
9378,0,-1,-1,-1,-1,0,-1,-1,-1,-1.000000,-1.000000,402,0,0,0,0,0,-1,-1,-1,0.000000
9379,0,-1,-1,-1,-1,0,-1,-1,-1,-1.000000,-1.000000,111,0,0,0,0,0,-1,-1,-1,0.000000
9380,0,-1,-1,-1,-1,0,-1,-1,-1,-1.000000,-1.000000,269,0,0,0,0,0,-1,-1,-1,0.000000
9381,0,-1,-1,-1,-1,0,-1,-1,-1,-1.000000,-1.000000,271,0,0,0,0,0,-1,-1,-1,0.000000
9382,0,-1,-1,-1,-1,0,-1,-1,-1,-1.000000,-1.000000,373,0,0,0,0,0,-1,-1,-1,0.000000
9383,0,-1,-1,-1,-1,0,-1,-1,-1,-1.000000,-1.000000,242,0,0,0,0,0,-1,-1,-1,0.000000
9384,0,164,-1,-1,1022,497,35,3,2,0.000000,0.000000,14,696,0,107,0,107,164,-1,-1,0.000000
9385,0,-1,-1,-1,-1,0,-1,-1,-1,-1.000000,-1.000000,196,0,0,0,0,0,-1,-1,-1,0.000000
9386,0,-1,-1,-1,-1,0,-1,-1,-1,-1.000000,-1.000000,95,0,0,0,0,0,-1,-1,-1,0.000000
9387,0,-1,-1,-1,-1,0,-1,-1,-1,-1.000000,-1.000000,313,0,0,0,0,0,-1,-1,-1,0.000000
9388,0,-1,-1,-1,-1,0,-1,-1,-1,-1.000000,-1.000000,161,0,0,0,0,0,-1,-1,-1,0.000000
9389,0,-1,-1,-1,-1,0,-1,-1,-1,-1.000000,-1.000000,199,0,0,0,0,0,-1,-1,-1,0.000000
9390,0,-1,-1,-1,-1,0,-1,-1,-1,-1.000000,-1.000000,451,0,0,0,0,0,-1,-1,-1,0.000000
9391,0,-1,-1,-1,-1,0,-1,-1,-1,-1.000000,-1.000000,170,0,0,0,0,0,-1,-1,-1,0.000000
9392,0,-1,-1,-1,-1,0,-1,-1,-1,-1.000000,-1.000000,153,0,0,0,0,0,-1,-1,-1,0.000000
9393,0,-1,-1,-1,-1,0,-1,-1,-1,-1.000000,-1.000000,109,0,0,0,0,0,-1,-1,-1,0.000000
9394,0,-1,-1,-1,-1,0,-1,-1,-1,-1.000000,-1.000000,191,0,0,0,0,0,-1,-1,-1,0.000000
9395,0,29,-1,-1,7121,46,59,3,4,0.000000,0.000000,67,87,0,30,0,30,29,-1,-1,0.000000
9396,0,-1,-1,-1,-1,0,-1,-1,-1,-1.000000,-1.000000,217,0,0,0,0,0,-1,-1,-1,0.000000
9397,0,-1,-1,-1,-1,0,-1,-1,-1,-1.000000,-1.000000,321,0,0,0,0,0,-1,-1,-1,0.000000
9398,0,-1,-1,-1,-1,0,-1,-1,-1,-1.000000,-1.000000,113,0,0,0,0,0,-1,-1,-1,0.000000
9399,0,22,-1,-1,3881,846,68,3,2,0.000000,0.000000,45,786,0,188,0,188,22,-1,-1,0.000000
9400,0,-1,-1,-1,-1,0,-1,-1,-1,-1.000000,-1.000000,231,0,0,0,0,0,-1,-1,-1,0.000000
9401,0,-1,-1,-1,-1,0,-1,-1,-1,-1.000000,-1.000000,275,0,0,0,0,0,-1,-1,-1,0.000000
9402,0,22,-1,-1,133,722,66,3,2,0.000000,0.000000,35,766,0,212,0,212,22,-1,-1,0.000000
9403,0,-1,-1,-1,-1,0,-1,-1,-1,-1.000000,-1.000000,151,0,0,0,0,0,-1,-1,-1,0.000000
9404,0,-1,-1,-1,-1,0,-1,-1,-1,-1.000000,-1.000000,477,0,0,0,0,0,-1,-1,-1,0.000000
9405,0,-1,-1,-1,-1,0,-1,-1,-1,-1.000000,-1.000000,379,0,0,0,0,0,-1,-1,-1,0.000000
9406,0,-1,-1,-1,-1,0,-1,-1,-1,-1.000000,-1.000000,117,0,0,0,0,0,-1,-1,-1,0.000000
9407,0,-1,-1,-1,-1,0,-1,-1,-1,-1.000000,-1.000000,221,0,0,0,0,0,-1,-1,-1,0.000000
9408,0,30,-1,-1,4244,730,57,3,4,0.000000,0.000000,53,754,0,178,0,178,30,-1,-1,0.000000
9409,0,-1,-1,-1,-1,0,-1,-1,-1,-1.000000,-1.000000,111,0,0,0,0,0,-1,-1,-1,0.000000
9410,0,-1,-1,-1,-1,0,-1,-1,-1,-1.000000,-1.000000,291,0,0,0,0,0,-1,-1,-1,0.000000
9411,0,-1,-1,-1,-1,0,-1,-1,-1,-1.000000,-1.000000,224,0,0,0,0,0,-1,-1,-1,0.000000
9412,0,-1,-1,-1,-1,0,-1,-1,-1,-1.000000,-1.000000,212,0,0,0,0,0,-1,-1,-1,0.000000
9413,0,69,-1,-1,2163,461,43,3,4,0.000000,0.000000,67,508,0,182,0,182,69,-1,-1,0.000000
9414,0,-1,-1,-1,-1,0,-1,-1,-1,-1.000000,-1.000000,388,0,0,0,0,0,-1,-1,-1,0.000000
9415,0,-1,-1,-1,-1,0,-1,-1,-1,-1.000000,-1.000000,339,0,0,0,0,0,-1,-1,-1,0.000000
9416,0,-1,-1,-1,-1,0,-1,-1,-1,-1.000000,-1.000000,341,0,0,0,0,0,-1,-1,-1,0.000000
9417,0,-1,-1,-1,-1,0,-1,-1,-1,-1.000000,-1.000000,390,0,0,0,0,0,-1,-1,-1,0.000000
9418,0,-1,-1,-1,-1,0,-1,-1,-1,-1.000000,-1.000000,224,0,0,0,0,0,-1,-1,-1,0.000000
9419,0,-1,-1,-1,-1,0,-1,-1,-1,-1.000000,-1.000000,152,0,0,0,0,0,-1,-1,-1,0.000000
9420,0,-1,-1,-1,-1,0,-1,-1,-1,-1.000000,-1.000000,147,0,0,0,0,0,-1,-1,-1,0.000000
9421,0,-1,-1,-1,-1,0,-1,-1,-1,-1.000000,-1.000000,191,0,0,0,0,0,-1,-1,-1,0.000000
9422,0,353,-1,-1,6482,0,24,3,4,0.000000,0.000000,92,3,0,4,0,4,353,-1,-1,0.000000
9423,0,58,-1,-1,1442,11,45,3,2,0.000000,0.000000,80,51,0,18,0,18,58,-1,-1,0.000000
9424,0,35,-1,-1,5005,0,53,3,4,0.000000,0.000000,105,5,0,1,0,1,35,-1,-1,0.000000
9425,0,63,-1,-1,5852,0,44,3,2,0.000000,0.000000,99,3,0,0,0,0,63,-1,-1,0.000000
9426,0,-1,-1,-1,-1,0,-1,-1,-1,-1.000000,-1.000000,448,0,0,0,0,0,-1,-1,-1,0.000000
9427,0,58,-1,-1,5101,29,47,3,4,0.000000,0.000000,69,74,0,34,0,34,58,-1,-1,0.000000
9428,0,32,-1,-1,1008,7,55,3,4,0.000000,0.000000,75,31,0,6,0,6,32,-1,-1,0.000000
9429,0,-1,-1,-1,-1,0,-1,-1,-1,-1.000000,-1.000000,229,0,0,0,0,0,-1,-1,-1,0.000000
9430,0,153,-1,-1,4939,639,32,3,2,0.000000,0.000000,35,688,0,108,0,108,153,-1,-1,0.000000
9431,0,-1,-1,-1,-1,0,-1,-1,-1,-1.000000,-1.000000,191,0,0,0,0,0,-1,-1,-1,0.000000
9432,0,-1,-1,-1,-1,0,-1,-1,-1,-1.000000,-1.000000,161,0,0,0,0,0,-1,-1,-1,0.000000
9433,0,-1,-1,-1,-1,0,-1,-1,-1,-1.000000,-1.000000,249,0,0,0,0,0,-1,-1,-1,0.000000
9434,0,-1,-1,-1,-1,0,-1,-1,-1,-1.000000,-1.000000,407,0,0,0,0,0,-1,-1,-1,0.000000
9435,0,-1,-1,-1,-1,0,-1,-1,-1,-1.000000,-1.000000,269,0,0,0,0,0,-1,-1,-1,0.000000
9436,0,-1,-1,-1,-1,0,-1,-1,-1,-1.000000,-1.000000,207,0,0,0,0,0,-1,-1,-1,0.000000
9437,0,205,-1,-1,6302,285,30,3,2,0.000000,0.000000,71,430,0,50,0,50,205,-1,-1,0.000000
9438,0,-1,-1,-1,-1,0,-1,-1,-1,-1.000000,-1.000000,110,0,0,0,0,0,-1,-1,-1,0.000000
9439,0,-1,-1,-1,-1,0,-1,-1,-1,-1.000000,-1.000000,269,0,0,0,0,0,-1,-1,-1,0.000000
9440,0,-1,-1,-1,-1,0,-1,-1,-1,-1.000000,-1.000000,153,0,0,0,0,0,-1,-1,-1,0.000000
9441,0,-1,-1,-1,-1,0,-1,-1,-1,-1.000000,-1.000000,283,0,0,0,0,0,-1,-1,-1,0.000000
9442,0,-1,-1,-1,-1,0,-1,-1,-1,-1.000000,-1.000000,312,0,0,0,0,0,-1,-1,-1,0.000000
9443,0,-1,-1,-1,-1,0,-1,-1,-1,-1.000000,-1.000000,253,0,0,0,0,0,-1,-1,-1,0.000000
9444,0,-1,-1,-1,-1,0,-1,-1,-1,-1.000000,-1.000000,422,0,0,0,0,0,-1,-1,-1,0.000000
9445,0,-1,-1,-1,-1,0,-1,-1,-1,-1.000000,-1.000000,308,0,0,0,0,0,-1,-1,-1,0.000000
9446,0,-1,-1,-1,-1,0,-1,-1,-1,-1.000000,-1.000000,87,0,0,0,0,0,-1,-1,-1,0.000000
9447,0,146,-1,-1,5113,0,33,3,4,0.000000,0.000000,123,5,0,1,0,1,146,-1,-1,0.000000
9448,0,-1,-1,-1,-1,0,-1,-1,-1,-1.000000,-1.000000,137,0,0,0,0,0,-1,-1,-1,0.000000
9449,0,-1,-1,-1,-1,0,-1,-1,-1,-1.000000,-1.000000,233,0,0,0,0,0,-1,-1,-1,0.000000
9450,0,49,-1,-1,7448,191,50,3,2,0.000000,0.000000,99,254,0,102,0,102,49,-1,-1,0.000000
9451,0,-1,-1,-1,-1,0,-1,-1,-1,-1.000000,-1.000000,121,0,0,0,0,0,-1,-1,-1,0.000000
9452,0,-1,-1,-1,-1,0,-1,-1,-1,-1.000000,-1.000000,486,0,0,0,0,0,-1,-1,-1,0.000000
9453,0,-1,-1,-1,-1,0,-1,-1,-1,-1.000000,-1.000000,253,0,0,0,0,0,-1,-1,-1,0.000000
9454,0,-1,-1,-1,-1,0,-1,-1,-1,-1.000000,-1.000000,397,0,0,0,0,0,-1,-1,-1,0.000000
9455,0,-1,-1,-1,-1,0,-1,-1,-1,-1.000000,-1.000000,148,0,0,0,0,0,-1,-1,-1,0.000000
9456,0,-1,-1,-1,-1,0,-1,-1,-1,-1.000000,-1.000000,141,0,0,0,0,0,-1,-1,-1,0.000000
9457,0,-1,-1,-1,-1,0,-1,-1,-1,-1.000000,-1.000000,157,0,0,0,0,0,-1,-1,-1,0.000000
9458,0,-1,-1,-1,-1,0,-1,-1,-1,-1.000000,-1.000000,111,0,0,0,0,0,-1,-1,-1,0.000000
9459,0,-1,-1,-1,-1,0,-1,-1,-1,-1.000000,-1.000000,173,0,0,0,0,0,-1,-1,-1,0.000000
9460,0,374,-1,-1,3608,0,26,3,2,0.000000,0.000000,87,0,0,1,0,1,374,-1,-1,0.000000
9461,0,-1,-1,-1,-1,0,-1,-1,-1,-1.000000,-1.000000,145,0,0,0,0,0,-1,-1,-1,0.000000
9462,0,-1,-1,-1,-1,0,-1,-1,-1,-1.000000,-1.000000,219,0,0,0,0,0,-1,-1,-1,0.000000
9463,0,-1,-1,-1,-1,0,-1,-1,-1,-1.000000,-1.000000,131,0,0,0,0,0,-1,-1,-1,0.000000
9464,0,-1,-1,-1,-1,0,-1,-1,-1,-1.000000,-1.000000,426,0,0,0,0,0,-1,-1,-1,0.000000
9465,0,54,-1,-1,4099,410,48,3,2,0.000000,0.000000,49,536,0,80,0,80,54,-1,-1,0.000000
9466,0,-1,-1,-1,-1,0,-1,-1,-1,-1.000000,-1.000000,97,0,0,0,0,0,-1,-1,-1,0.000000
9467,0,-1,-1,-1,-1,0,-1,-1,-1,-1.000000,-1.000000,249,0,0,0,0,0,-1,-1,-1,0.000000
9468,0,36,-1,-1,272,723,52,3,2,0.000000,0.000000,29,768,0,141,0,141,36,-1,-1,0.000000
9469,0,-1,-1,-1,-1,0,-1,-1,-1,-1.000000,-1.000000,157,0,0,0,0,0,-1,-1,-1,0.000000
9470,0,-1,-1,-1,-1,0,-1,-1,-1,-1.000000,-1.000000,288,0,0,0,0,0,-1,-1,-1,0.000000
9471,0,-1,-1,-1,-1,0,-1,-1,-1,-1.000000,-1.000000,199,0,0,0,0,0,-1,-1,-1,0.000000
9472,0,-1,-1,-1,-1,0,-1,-1,-1,-1.000000,-1.000000,62,0,0,0,0,0,-1,-1,-1,0.000000
9473,0,-1,-1,-1,-1,0,-1,-1,-1,-1.000000,-1.000000,223,0,0,0,0,0,-1,-1,-1,0.000000
9474,0,-1,-1,-1,-1,0,-1,-1,-1,-1.000000,-1.000000,170,0,0,0,0,0,-1,-1,-1,0.000000
9475,0,-1,-1,-1,-1,0,-1,-1,-1,-1.000000,-1.000000,157,0,0,0,0,0,-1,-1,-1,0.000000
9476,0,-1,-1,-1,-1,0,-1,-1,-1,-1.000000,-1.000000,93,0,0,0,0,0,-1,-1,-1,0.000000
9477,0,-1,-1,-1,-1,0,-1,-1,-1,-1.000000,-1.000000,181,0,0,0,0,0,-1,-1,-1,0.000000
9478,0,-1,-1,-1,-1,0,-1,-1,-1,-1.000000,-1.000000,131,0,0,0,0,0,-1,-1,-1,0.000000
9479,0,-1,-1,-1,-1,0,-1,-1,-1,-1.000000,-1.000000,123,0,0,0,0,0,-1,-1,-1,0.000000
9480,0,-1,-1,-1,-1,0,-1,-1,-1,-1.000000,-1.000000,414,0,0,0,0,0,-1,-1,-1,0.000000
9481,0,-1,-1,-1,-1,0,-1,-1,-1,-1.000000,-1.000000,121,0,0,0,0,0,-1,-1,-1,0.000000
9482,0,-1,-1,-1,-1,0,-1,-1,-1,-1.000000,-1.000000,187,0,0,0,0,0,-1,-1,-1,0.000000
9483,0,27,-1,-1,2428,720,59,3,4,0.000000,0.000000,57,716,0,189,0,189,27,-1,-1,0.000000
9484,0,-1,-1,-1,-1,0,-1,-1,-1,-1.000000,-1.000000,239,0,0,0,0,0,-1,-1,-1,0.000000
9485,0,-1,-1,-1,-1,0,-1,-1,-1,-1.000000,-1.000000,391,0,0,0,0,0,-1,-1,-1,0.000000
9486,0,-1,-1,-1,-1,0,-1,-1,-1,-1.000000,-1.000000,217,0,0,0,0,0,-1,-1,-1,0.000000
9487,0,-1,-1,-1,-1,0,-1,-1,-1,-1.000000,-1.000000,183,0,0,0,0,0,-1,-1,-1,0.000000
9488,0,-1,-1,-1,-1,0,-1,-1,-1,-1.000000,-1.000000,428,0,0,0,0,0,-1,-1,-1,0.000000
9489,0,24,-1,-1,5638,736,65,3,4,0.000000,0.000000,49,774,0,117,0,117,24,-1,-1,0.000000
9490,0,-1,-1,-1,-1,0,-1,-1,-1,-1.000000,-1.000000,131,0,0,0,0,0,-1,-1,-1,0.000000
9491,0,-1,-1,-1,-1,0,-1,-1,-1,-1.000000,-1.000000,167,0,0,0,0,0,-1,-1,-1,0.000000
9492,0,-1,-1,-1,-1,0,-1,-1,-1,-1.000000,-1.000000,249,0,0,0,0,0,-1,-1,-1,0.000000
9493,0,-1,-1,-1,-1,0,-1,-1,-1,-1.000000,-1.000000,438,0,0,0,0,0,-1,-1,-1,0.000000
9494,0,-1,-1,-1,-1,0,-1,-1,-1,-1.000000,-1.000000,155,0,0,0,0,0,-1,-1,-1,0.000000
9495,0,33,-1,-1,5799,150,56,3,2,0.000000,0.000000,49,251,0,88,0,88,33,-1,-1,0.000000
9496,0,129,-1,-1,5822,31,36,3,2,0.000000,0.000000,57,100,0,18,0,18,129,-1,-1,0.000000
9497,0,-1,-1,-1,-1,0,-1,-1,-1,-1.000000,-1.000000,155,0,0,0,0,0,-1,-1,-1,0.000000
9498,0,-1,-1,-1,-1,0,-1,-1,-1,-1.000000,-1.000000,160,0,0,0,0,0,-1,-1,-1,0.000000
9499,0,100,-1,-1,6370,679,41,3,4,0.000000,0.000000,23,806,0,78,0,78,100,-1,-1,0.000000
9500,0,-1,-1,-1,-1,0,-1,-1,-1,-1.000000,-1.000000,241,0,0,0,0,0,-1,-1,-1,0.000000
9501,0,-1,-1,-1,-1,0,-1,-1,-1,-1.000000,-1.000000,157,0,0,0,0,0,-1,-1,-1,0.000000
9502,0,485,-1,-1,2125,111,18,3,2,0.000000,0.000000,93,217,0,28,0,28,485,-1,-1,0.000000
9503,0,-1,-1,-1,-1,0,-1,-1,-1,-1.000000,-1.000000,131,0,0,0,0,0,-1,-1,-1,0.000000
9504,0,-1,-1,-1,-1,0,-1,-1,-1,-1.000000,-1.000000,307,0,0,0,0,0,-1,-1,-1,0.000000
9505,0,-1,-1,-1,-1,0,-1,-1,-1,-1.000000,-1.000000,217,0,0,0,0,0,-1,-1,-1,0.000000
9506,0,-1,-1,-1,-1,0,-1,-1,-1,-1.000000,-1.000000,128,0,0,0,0,0,-1,-1,-1,0.000000
9507,0,-1,-1,-1,-1,0,-1,-1,-1,-1.000000,-1.000000,183,0,0,0,0,0,-1,-1,-1,0.000000
9508,0,-1,-1,-1,-1,0,-1,-1,-1,-1.000000,-1.000000,265,0,0,0,0,0,-1,-1,-1,0.000000
9509,0,24,-1,-1,5799,683,63,3,4,0.000000,0.000000,37,695,0,228,0,228,24,-1,-1,0.000000
9510,0,-1,-1,-1,-1,0,-1,-1,-1,-1.000000,-1.000000,345,0,0,0,0,0,-1,-1,-1,0.000000
9511,0,-1,-1,-1,-1,0,-1,-1,-1,-1.000000,-1.000000,500,0,0,0,0,0,-1,-1,-1,0.000000
9512,0,-1,-1,-1,-1,0,-1,-1,-1,-1.000000,-1.000000,366,0,0,0,0,0,-1,-1,-1,0.000000
9513,0,-1,-1,-1,-1,0,-1,-1,-1,-1.000000,-1.000000,145,0,0,0,0,0,-1,-1,-1,0.000000
9514,0,43,-1,-1,7919,339,55,3,4,0.000000,0.000000,65,451,0,77,0,77,43,-1,-1,0.000000
9515,0,-1,-1,-1,-1,0,-1,-1,-1,-1.000000,-1.000000,510,0,0,0,0,0,-1,-1,-1,0.000000
9516,0,-1,-1,-1,-1,0,-1,-1,-1,-1.000000,-1.000000,478,0,0,0,0,0,-1,-1,-1,0.000000
9517,0,-1,-1,-1,-1,0,-1,-1,-1,-1.000000,-1.000000,109,0,0,0,0,0,-1,-1,-1,0.000000
9518,0,-1,-1,-1,-1,0,-1,-1,-1,-1.000000,-1.000000,271,0,0,0,0,0,-1,-1,-1,0.000000
9519,0,-1,-1,-1,-1,0,-1,-1,-1,-1.000000,-1.000000,70,0,0,0,0,0,-1,-1,-1,0.000000
9520,0,-1,-1,-1,-1,0,-1,-1,-1,-1.000000,-1.000000,185,0,0,0,0,0,-1,-1,-1,0.000000
9521,0,-1,-1,-1,-1,0,-1,-1,-1,-1.000000,-1.000000,99,0,0,0,0,0,-1,-1,-1,0.000000
9522,0,-1,-1,-1,-1,0,-1,-1,-1,-1.000000,-1.000000,114,0,0,0,0,0,-1,-1,-1,0.000000
9523,0,-1,-1,-1,-1,0,-1,-1,-1,-1.000000,-1.000000,167,0,0,0,0,0,-1,-1,-1,0.000000
9524,0,-1,-1,-1,-1,0,-1,-1,-1,-1.000000,-1.000000,119,0,0,0,0,0,-1,-1,-1,0.000000
9525,0,-1,-1,-1,-1,0,-1,-1,-1,-1.000000,-1.000000,380,0,0,0,0,0,-1,-1,-1,0.000000
9526,0,-1,-1,-1,-1,0,-1,-1,-1,-1.000000,-1.000000,405,0,0,0,0,0,-1,-1,-1,0.000000
9527,0,-1,-1,-1,-1,0,-1,-1,-1,-1.000000,-1.000000,357,0,0,0,0,0,-1,-1,-1,0.000000
9528,0,-1,-1,-1,-1,0,-1,-1,-1,-1.000000,-1.000000,291,0,0,0,0,0,-1,-1,-1,0.000000
9529,0,-1,-1,-1,-1,0,-1,-1,-1,-1.000000,-1.000000,151,0,0,0,0,0,-1,-1,-1,0.000000
9530,0,-1,-1,-1,-1,0,-1,-1,-1,-1.000000,-1.000000,473,0,0,0,0,0,-1,-1,-1,0.000000
9531,0,-1,-1,-1,-1,0,-1,-1,-1,-1.000000,-1.000000,138,0,0,0,0,0,-1,-1,-1,0.000000
9532,0,-1,-1,-1,-1,0,-1,-1,-1,-1.000000,-1.000000,151,0,0,0,0,0,-1,-1,-1,0.000000
9533,0,-1,-1,-1,-1,0,-1,-1,-1,-1.000000,-1.000000,260,0,0,0,0,0,-1,-1,-1,0.000000
9534,0,-1,-1,-1,-1,0,-1,-1,-1,-1.000000,-1.000000,181,0,0,0,0,0,-1,-1,-1,0.000000
9535,0,26,-1,-1,6193,601,60,3,2,0.000000,0.000000,83,633,0,179,0,179,26,-1,-1,0.000000
9536,0,-1,-1,-1,-1,0,-1,-1,-1,-1.000000,-1.000000,175,0,0,0,0,0,-1,-1,-1,0.000000
9537,0,-1,-1,-1,-1,0,-1,-1,-1,-1.000000,-1.000000,125,0,0,0,0,0,-1,-1,-1,0.000000
9538,0,-1,-1,-1,-1,0,-1,-1,-1,-1.000000,-1.000000,141,0,0,0,0,0,-1,-1,-1,0.000000
9539,0,198,-1,-1,5785,3,31,3,4,0.000000,0.000000,79,10,0,7,0,7,198,-1,-1,0.000000
9540,0,472,-1,-1,7648,330,22,3,2,0.000000,0.000000,53,386,0,63,0,63,472,-1,-1,0.000000
9541,0,-1,-1,-1,-1,0,-1,-1,-1,-1.000000,-1.000000,237,0,0,0,0,0,-1,-1,-1,0.000000
9542,0,-1,-1,-1,-1,0,-1,-1,-1,-1.000000,-1.000000,112,0,0,0,0,0,-1,-1,-1,0.000000
9543,0,-1,-1,-1,-1,0,-1,-1,-1,-1.000000,-1.000000,97,0,0,0,0,0,-1,-1,-1,0.000000
9544,0,-1,-1,-1,-1,0,-1,-1,-1,-1.000000,-1.000000,305,0,0,0,0,0,-1,-1,-1,0.000000
9545,0,-1,-1,-1,-1,0,-1,-1,-1,-1.000000,-1.000000,413,0,0,0,0,0,-1,-1,-1,0.000000
9546,0,-1,-1,-1,-1,0,-1,-1,-1,-1.000000,-1.000000,133,0,0,0,0,0,-1,-1,-1,0.000000
9547,0,-1,-1,-1,-1,0,-1,-1,-1,-1.000000,-1.000000,250,0,0,0,0,0,-1,-1,-1,0.000000
9548,0,-1,-1,-1,-1,0,-1,-1,-1,-1.000000,-1.000000,249,0,0,0,0,0,-1,-1,-1,0.000000
9549,0,-1,-1,-1,-1,0,-1,-1,-1,-1.000000,-1.000000,155,0,0,0,0,0,-1,-1,-1,0.000000
9550,0,-1,-1,-1,-1,0,-1,-1,-1,-1.000000,-1.000000,472,0,0,0,0,0,-1,-1,-1,0.000000
9551,0,-1,-1,-1,-1,0,-1,-1,-1,-1.000000,-1.000000,380,0,0,0,0,0,-1,-1,-1,0.000000
9552,0,-1,-1,-1,-1,0,-1,-1,-1,-1.000000,-1.000000,331,0,0,0,0,0,-1,-1,-1,0.000000
9553,0,172,-1,-1,7414,8,32,3,2,0.000000,0.000000,127,31,0,3,0,3,172,-1,-1,0.000000
9554,0,-1,-1,-1,-1,0,-1,-1,-1,-1.000000,-1.000000,467,0,0,0,0,0,-1,-1,-1,0.000000
9555,0,31,-1,-1,4658,490,55,3,4,0.000000,0.000000,51,569,0,123,0,123,31,-1,-1,0.000000
9556,0,-1,-1,-1,-1,0,-1,-1,-1,-1.000000,-1.000000,393,0,0,0,0,0,-1,-1,-1,0.000000
9557,0,-1,-1,-1,-1,0,-1,-1,-1,-1.000000,-1.000000,201,0,0,0,0,0,-1,-1,-1,0.000000
9558,0,-1,-1,-1,-1,0,-1,-1,-1,-1.000000,-1.000000,413,0,0,0,0,0,-1,-1,-1,0.000000
9559,0,-1,-1,-1,-1,0,-1,-1,-1,-1.000000,-1.000000,169,0,0,0,0,0,-1,-1,-1,0.000000
9560,0,-1,-1,-1,-1,0,-1,-1,-1,-1.000000,-1.000000,335,0,0,0,0,0,-1,-1,-1,0.000000
9561,0,-1,-1,-1,-1,0,-1,-1,-1,-1.000000,-1.000000,221,0,0,0,0,0,-1,-1,-1,0.000000
9562,0,24,-1,-1,3905,744,62,3,2,0.000000,0.000000,55,747,0,170,0,170,24,-1,-1,0.000000
9563,0,-1,-1,-1,-1,0,-1,-1,-1,-1.000000,-1.000000,93,0,0,0,0,0,-1,-1,-1,0.000000
9564,0,24,-1,-1,3591,758,64,3,2,0.000000,0.000000,41,781,0,132,0,132,24,-1,-1,0.000000
9565,0,-1,-1,-1,-1,0,-1,-1,-1,-1.000000,-1.000000,109,0,0,0,0,0,-1,-1,-1,0.000000
9566,0,-1,-1,-1,-1,0,-1,-1,-1,-1.000000,-1.000000,193,0,0,0,0,0,-1,-1,-1,0.000000
9567,0,27,-1,-1,2677,725,61,3,4,0.000000,0.000000,55,654,0,302,0,302,27,-1,-1,0.000000
9568,0,-1,-1,-1,-1,0,-1,-1,-1,-1.000000,-1.000000,135,0,0,0,0,0,-1,-1,-1,0.000000
9569,0,-1,-1,-1,-1,0,-1,-1,-1,-1.000000,-1.000000,487,0,0,0,0,0,-1,-1,-1,0.000000
9570,0,29,-1,-1,2653,152,57,3,4,0.000000,0.000000,85,242,0,79,0,79,29,-1,-1,0.000000
9571,0,32,-1,-1,2219,12,54,3,2,0.000000,0.000000,85,48,0,25,0,25,32,-1,-1,0.000000
9572,0,-1,-1,-1,-1,0,-1,-1,-1,-1.000000,-1.000000,225,0,0,0,0,0,-1,-1,-1,0.000000
9573,0,177,-1,-1,5243,0,32,3,2,0.000000,0.000000,83,4,0,0,0,0,177,-1,-1,0.000000
9574,0,-1,-1,-1,-1,0,-1,-1,-1,-1.000000,-1.000000,203,0,0,0,0,0,-1,-1,-1,0.000000
9575,0,-1,-1,-1,-1,0,-1,-1,-1,-1.000000,-1.000000,372,0,0,0,0,0,-1,-1,-1,0.000000
9576,0,61,-1,-1,2722,13,45,3,4,0.000000,0.000000,93,45,0,12,0,12,61,-1,-1,0.000000
9577,0,-1,-1,-1,-1,0,-1,-1,-1,-1.000000,-1.000000,135,0,0,0,0,0,-1,-1,-1,0.000000
9578,0,29,-1,-1,6802,80,56,3,2,0.000000,0.000000,73,207,0,69,0,69,29,-1,-1,0.000000
9579,0,-1,-1,-1,-1,0,-1,-1,-1,-1.000000,-1.000000,456,0,0,0,0,0,-1,-1,-1,0.000000
9580,0,-1,-1,-1,-1,0,-1,-1,-1,-1.000000,-1.000000,189,0,0,0,0,0,-1,-1,-1,0.000000
9581,0,-1,-1,-1,-1,0,-1,-1,-1,-1.000000,-1.000000,531,0,0,0,0,0,-1,-1,-1,0.000000
9582,0,-1,-1,-1,-1,0,-1,-1,-1,-1.000000,-1.000000,127,0,0,0,0,0,-1,-1,-1,0.000000
9583,0,-1,-1,-1,-1,0,-1,-1,-1,-1.000000,-1.000000,93,0,0,0,0,0,-1,-1,-1,0.000000
9584,0,-1,-1,-1,-1,0,-1,-1,-1,-1.000000,-1.000000,171,0,0,0,0,0,-1,-1,-1,0.000000
9585,0,-1,-1,-1,-1,0,-1,-1,-1,-1.000000,-1.000000,185,0,0,0,0,0,-1,-1,-1,0.000000
9586,0,-1,-1,-1,-1,0,-1,-1,-1,-1.000000,-1.000000,389,0,0,0,0,0,-1,-1,-1,0.000000
9587,0,-1,-1,-1,-1,0,-1,-1,-1,-1.000000,-1.000000,423,0,0,0,0,0,-1,-1,-1,0.000000
9588,0,-1,-1,-1,-1,0,-1,-1,-1,-1.000000,-1.000000,331,0,0,0,0,0,-1,-1,-1,0.000000
9589,0,-1,-1,-1,-1,0,-1,-1,-1,-1.000000,-1.000000,249,0,0,0,0,0,-1,-1,-1,0.000000
9590,0,-1,-1,-1,-1,0,-1,-1,-1,-1.000000,-1.000000,137,0,0,0,0,0,-1,-1,-1,0.000000
9591,0,-1,-1,-1,-1,0,-1,-1,-1,-1.000000,-1.000000,373,0,0,0,0,0,-1,-1,-1,0.000000
9592,0,245,-1,-1,692,0,29,3,2,0.000000,0.000000,112,7,0,3,0,3,245,-1,-1,0.000000
9593,0,23,-1,-1,1402,758,66,3,2,0.000000,0.000000,39,779,0,194,0,194,23,-1,-1,0.000000
9594,0,123,-1,-1,4849,1,35,3,4,0.000000,0.000000,97,17,0,9,0,9,123,-1,-1,0.000000
9595,0,-1,-1,-1,-1,0,-1,-1,-1,-1.000000,-1.000000,140,0,0,0,0,0,-1,-1,-1,0.000000
9596,0,35,-1,-1,7769,146,54,3,2,0.000000,0.000000,75,236,0,76,0,76,35,-1,-1,0.000000
9597,0,-1,-1,-1,-1,0,-1,-1,-1,-1.000000,-1.000000,259,0,0,0,0,0,-1,-1,-1,0.000000
9598,0,-1,-1,-1,-1,0,-1,-1,-1,-1.000000,-1.000000,401,0,0,0,0,0,-1,-1,-1,0.000000
9599,0,-1,-1,-1,-1,0,-1,-1,-1,-1.000000,-1.000000,289,0,0,0,0,0,-1,-1,-1,0.000000
9600,0,-1,-1,-1,-1,0,-1,-1,-1,-1.000000,-1.000000,450,0,0,0,0,0,-1,-1,-1,0.000000
9601,0,-1,-1,-1,-1,0,-1,-1,-1,-1.000000,-1.000000,280,0,0,0,0,0,-1,-1,-1,0.000000
9602,0,104,-1,-1,7833,0,37,3,4,0.000000,0.000000,67,1,0,1,0,1,104,-1,-1,0.000000
9603,0,247,-1,-1,1910,0,26,3,4,0.000000,0.000000,88,4,0,5,0,5,247,-1,-1,0.000000
9604,0,-1,-1,-1,-1,0,-1,-1,-1,-1.000000,-1.000000,211,0,0,0,0,0,-1,-1,-1,0.000000
9605,0,-1,-1,-1,-1,0,-1,-1,-1,-1.000000,-1.000000,203,0,0,0,0,0,-1,-1,-1,0.000000
9606,0,-1,-1,-1,-1,0,-1,-1,-1,-1.000000,-1.000000,185,0,0,0,0,0,-1,-1,-1,0.000000
9607,0,-1,-1,-1,-1,0,-1,-1,-1,-1.000000,-1.000000,209,0,0,0,0,0,-1,-1,-1,0.000000
9608,0,-1,-1,-1,-1,0,-1,-1,-1,-1.000000,-1.000000,232,0,0,0,0,0,-1,-1,-1,0.000000
9609,0,29,-1,-1,6319,794,61,3,2,0.000000,0.000000,36,810,0,140,0,140,29,-1,-1,0.000000
9610,0,30,-1,-1,1120,99,56,3,2,0.000000,0.000000,67,178,0,59,0,59,30,-1,-1,0.000000
9611,0,-1,-1,-1,-1,0,-1,-1,-1,-1.000000,-1.000000,162,0,0,0,0,0,-1,-1,-1,0.000000
9612,0,-1,-1,-1,-1,0,-1,-1,-1,-1.000000,-1.000000,77,0,0,0,0,0,-1,-1,-1,0.000000
9613,0,-1,-1,-1,-1,0,-1,-1,-1,-1.000000,-1.000000,433,0,0,0,0,0,-1,-1,-1,0.000000
9614,0,-1,-1,-1,-1,0,-1,-1,-1,-1.000000,-1.000000,239,0,0,0,0,0,-1,-1,-1,0.000000
9615,0,-1,-1,-1,-1,0,-1,-1,-1,-1.000000,-1.000000,149,0,0,0,0,0,-1,-1,-1,0.000000
9616,0,253,-1,-1,7204,50,26,3,2,0.000000,0.000000,75,160,0,18,0,18,253,-1,-1,0.000000
9617,0,-1,-1,-1,-1,0,-1,-1,-1,-1.000000,-1.000000,119,0,0,0,0,0,-1,-1,-1,0.000000
9618,0,-1,-1,-1,-1,0,-1,-1,-1,-1.000000,-1.000000,275,0,0,0,0,0,-1,-1,-1,0.000000
9619,0,-1,-1,-1,-1,0,-1,-1,-1,-1.000000,-1.000000,133,0,0,0,0,0,-1,-1,-1,0.000000
9620,0,-1,-1,-1,-1,0,-1,-1,-1,-1.000000,-1.000000,263,0,0,0,0,0,-1,-1,-1,0.000000
9621,0,-1,-1,-1,-1,0,-1,-1,-1,-1.000000,-1.000000,143,0,0,0,0,0,-1,-1,-1,0.000000
9622,0,23,-1,-1,2412,808,67,3,4,0.000000,0.000000,49,754,0,204,0,204,23,-1,-1,0.000000
9623,0,-1,-1,-1,-1,0,-1,-1,-1,-1.000000,-1.000000,229,0,0,0,0,0,-1,-1,-1,0.000000
9624,0,-1,-1,-1,-1,0,-1,-1,-1,-1.000000,-1.000000,363,0,0,0,0,0,-1,-1,-1,0.000000
9625,0,-1,-1,-1,-1,0,-1,-1,-1,-1.000000,-1.000000,482,0,0,0,0,0,-1,-1,-1,0.000000
9626,0,-1,-1,-1,-1,0,-1,-1,-1,-1.000000,-1.000000,387,0,0,0,0,0,-1,-1,-1,0.000000
9627,0,125,-1,-1,618,1,35,3,4,0.000000,0.000000,107,2,0,1,0,1,125,-1,-1,0.000000
9628,0,-1,-1,-1,-1,0,-1,-1,-1,-1.000000,-1.000000,117,0,0,0,0,0,-1,-1,-1,0.000000
9629,0,-1,-1,-1,-1,0,-1,-1,-1,-1.000000,-1.000000,101,0,0,0,0,0,-1,-1,-1,0.000000
9630,0,-1,-1,-1,-1,0,-1,-1,-1,-1.000000,-1.000000,529,0,0,0,0,0,-1,-1,-1,0.000000
9631,0,-1,-1,-1,-1,0,-1,-1,-1,-1.000000,-1.000000,143,0,0,0,0,0,-1,-1,-1,0.000000
9632,0,-1,-1,-1,-1,0,-1,-1,-1,-1.000000,-1.000000,221,0,0,0,0,0,-1,-1,-1,0.000000
9633,0,-1,-1,-1,-1,0,-1,-1,-1,-1.000000,-1.000000,231,0,0,0,0,0,-1,-1,-1,0.000000
9634,0,25,-1,-1,7928,737,65,3,4,0.000000,0.000000,55,705,0,200,0,200,25,-1,-1,0.000000
9635,0,-1,-1,-1,-1,0,-1,-1,-1,-1.000000,-1.000000,121,0,0,0,0,0,-1,-1,-1,0.000000
9636,0,943,-1,-1,5404,1,13,3,2,0.000000,0.000000,106,2,0,0,0,0,943,-1,-1,0.000000
9637,0,-1,-1,-1,-1,0,-1,-1,-1,-1.000000,-1.000000,289,0,0,0,0,0,-1,-1,-1,0.000000
9638,0,-1,-1,-1,-1,0,-1,-1,-1,-1.000000,-1.000000,115,0,0,0,0,0,-1,-1,-1,0.000000
9639,0,-1,-1,-1,-1,0,-1,-1,-1,-1.000000,-1.000000,427,0,0,0,0,0,-1,-1,-1,0.000000
9640,0,29,-1,-1,1698,85,57,3,4,0.000000,0.000000,69,216,0,49,0,49,29,-1,-1,0.000000
9641,0,-1,-1,-1,-1,0,-1,-1,-1,-1.000000,-1.000000,315,0,0,0,0,0,-1,-1,-1,0.000000
9642,0,-1,-1,-1,-1,0,-1,-1,-1,-1.000000,-1.000000,190,0,0,0,0,0,-1,-1,-1,0.000000
9643,0,-1,-1,-1,-1,0,-1,-1,-1,-1.000000,-1.000000,165,0,0,0,0,0,-1,-1,-1,0.000000
9644,0,-1,-1,-1,-1,0,-1,-1,-1,-1.000000,-1.000000,111,0,0,0,0,0,-1,-1,-1,0.000000
9645,0,23,-1,-1,1348,519,64,3,2,0.000000,0.000000,55,599,0,125,0,125,23,-1,-1,0.000000
9646,0,-1,-1,-1,-1,0,-1,-1,-1,-1.000000,-1.000000,101,0,0,0,0,0,-1,-1,-1,0.000000
9647,0,-1,-1,-1,-1,0,-1,-1,-1,-1.000000,-1.000000,309,0,0,0,0,0,-1,-1,-1,0.000000
9648,0,-1,-1,-1,-1,0,-1,-1,-1,-1.000000,-1.000000,187,0,0,0,0,0,-1,-1,-1,0.000000
9649,0,-1,-1,-1,-1,0,-1,-1,-1,-1.000000,-1.000000,250,0,0,0,0,0,-1,-1,-1,0.000000
9650,0,-1,-1,-1,-1,0,-1,-1,-1,-1.000000,-1.000000,260,0,0,0,0,0,-1,-1,-1,0.000000
9651,0,-1,-1,-1,-1,0,-1,-1,-1,-1.000000,-1.000000,403,0,0,0,0,0,-1,-1,-1,0.000000
9652,0,-1,-1,-1,-1,0,-1,-1,-1,-1.000000,-1.000000,395,0,0,0,0,0,-1,-1,-1,0.000000
9653,0,-1,-1,-1,-1,0,-1,-1,-1,-1.000000,-1.000000,274,0,0,0,0,0,-1,-1,-1,0.000000
9654,0,-1,-1,-1,-1,0,-1,-1,-1,-1.000000,-1.000000,480,0,0,0,0,0,-1,-1,-1,0.000000
9655,0,-1,-1,-1,-1,0,-1,-1,-1,-1.000000,-1.000000,329,0,0,0,0,0,-1,-1,-1,0.000000
9656,0,-1,-1,-1,-1,0,-1,-1,-1,-1.000000,-1.000000,150,0,0,0,0,0,-1,-1,-1,0.000000
9657,0,-1,-1,-1,-1,0,-1,-1,-1,-1.000000,-1.000000,337,0,0,0,0,0,-1,-1,-1,0.000000
9658,0,-1,-1,-1,-1,0,-1,-1,-1,-1.000000,-1.000000,143,0,0,0,0,0,-1,-1,-1,0.000000
9659,0,-1,-1,-1,-1,0,-1,-1,-1,-1.000000,-1.000000,173,0,0,0,0,0,-1,-1,-1,0.000000
9660,0,-1,-1,-1,-1,0,-1,-1,-1,-1.000000,-1.000000,347,0,0,0,0,0,-1,-1,-1,0.000000
9661,0,-1,-1,-1,-1,0,-1,-1,-1,-1.000000,-1.000000,103,0,0,0,0,0,-1,-1,-1,0.000000
9662,0,-1,-1,-1,-1,0,-1,-1,-1,-1.000000,-1.000000,231,0,0,0,0,0,-1,-1,-1,0.000000
9663,0,-1,-1,-1,-1,0,-1,-1,-1,-1.000000,-1.000000,327,0,0,0,0,0,-1,-1,-1,0.000000
9664,0,-1,-1,-1,-1,0,-1,-1,-1,-1.000000,-1.000000,233,0,0,0,0,0,-1,-1,-1,0.000000
9665,0,19,-1,-1,7061,797,68,3,2,0.000000,0.000000,27,723,0,252,0,252,19,-1,-1,0.000000
9666,0,-1,-1,-1,-1,0,-1,-1,-1,-1.000000,-1.000000,197,0,0,0,0,0,-1,-1,-1,0.000000
9667,0,-1,-1,-1,-1,0,-1,-1,-1,-1.000000,-1.000000,127,0,0,0,0,0,-1,-1,-1,0.000000
9668,0,-1,-1,-1,-1,0,-1,-1,-1,-1.000000,-1.000000,375,0,0,0,0,0,-1,-1,-1,0.000000
9669,0,-1,-1,-1,-1,0,-1,-1,-1,-1.000000,-1.000000,101,0,0,0,0,0,-1,-1,-1,0.000000
9670,0,-1,-1,-1,-1,0,-1,-1,-1,-1.000000,-1.000000,250,0,0,0,0,0,-1,-1,-1,0.000000
9671,0,-1,-1,-1,-1,0,-1,-1,-1,-1.000000,-1.000000,279,0,0,0,0,0,-1,-1,-1,0.000000
9672,0,-1,-1,-1,-1,0,-1,-1,-1,-1.000000,-1.000000,263,0,0,0,0,0,-1,-1,-1,0.000000
9673,0,36,-1,-1,4402,656,52,3,2,0.000000,0.000000,55,751,0,169,0,169,36,-1,-1,0.000000
9674,0,-1,-1,-1,-1,0,-1,-1,-1,-1.000000,-1.000000,170,0,0,0,0,0,-1,-1,-1,0.000000
9675,0,-1,-1,-1,-1,0,-1,-1,-1,-1.000000,-1.000000,435,0,0,0,0,0,-1,-1,-1,0.000000
9676,0,-1,-1,-1,-1,0,-1,-1,-1,-1.000000,-1.000000,266,0,0,0,0,0,-1,-1,-1,0.000000
9677,0,27,-1,-1,424,400,59,3,4,0.000000,0.000000,63,519,0,100,0,100,27,-1,-1,0.000000
9678,0,-1,-1,-1,-1,0,-1,-1,-1,-1.000000,-1.000000,115,0,0,0,0,0,-1,-1,-1,0.000000
9679,0,-1,-1,-1,-1,0,-1,-1,-1,-1.000000,-1.000000,179,0,0,0,0,0,-1,-1,-1,0.000000
9680,0,9,-1,-1,5699,645,68,3,2,0.000000,0.000000,25,735,0,250,0,250,9,-1,-1,0.000000
9681,0,-1,-1,-1,-1,0,-1,-1,-1,-1.000000,-1.000000,195,0,0,0,0,0,-1,-1,-1,0.000000
9682,0,-1,-1,-1,-1,0,-1,-1,-1,-1.000000,-1.000000,249,0,0,0,0,0,-1,-1,-1,0.000000
9683,0,-1,-1,-1,-1,0,-1,-1,-1,-1.000000,-1.000000,178,0,0,0,0,0,-1,-1,-1,0.000000
9684,0,24,-1,-1,1482,810,64,3,2,0.000000,0.000000,27,748,0,224,0,224,24,-1,-1,0.000000
9685,0,507,-1,-1,7857,0,20,3,2,0.000000,0.000000,95,1,0,0,0,0,507,-1,-1,0.000000
9686,0,-1,-1,-1,-1,0,-1,-1,-1,-1.000000,-1.000000,243,0,0,0,0,0,-1,-1,-1,0.000000
9687,0,30,-1,-1,7679,578,57,3,2,0.000000,0.000000,30,786,0,177,0,177,30,-1,-1,0.000000
9688,0,-1,-1,-1,-1,0,-1,-1,-1,-1.000000,-1.000000,325,0,0,0,0,0,-1,-1,-1,0.000000
9689,0,-1,-1,-1,-1,0,-1,-1,-1,-1.000000,-1.000000,488,0,0,0,0,0,-1,-1,-1,0.000000
9690,0,-1,-1,-1,-1,0,-1,-1,-1,-1.000000,-1.000000,235,0,0,0,0,0,-1,-1,-1,0.000000
9691,0,-1,-1,-1,-1,0,-1,-1,-1,-1.000000,-1.000000,159,0,0,0,0,0,-1,-1,-1,0.000000
9692,0,88,-1,-1,3693,85,39,3,4,0.000000,0.000000,53,210,0,42,0,42,88,-1,-1,0.000000
9693,0,-1,-1,-1,-1,0,-1,-1,-1,-1.000000,-1.000000,201,0,0,0,0,0,-1,-1,-1,0.000000
9694,0,-1,-1,-1,-1,0,-1,-1,-1,-1.000000,-1.000000,321,0,0,0,0,0,-1,-1,-1,0.000000
9695,0,-1,-1,-1,-1,0,-1,-1,-1,-1.000000,-1.000000,169,0,0,0,0,0,-1,-1,-1,0.000000
9696,0,-1,-1,-1,-1,0,-1,-1,-1,-1.000000,-1.000000,373,0,0,0,0,0,-1,-1,-1,0.000000
9697,0,-1,-1,-1,-1,0,-1,-1,-1,-1.000000,-1.000000,71,0,0,0,0,0,-1,-1,-1,0.000000
9698,0,722,-1,-1,3342,0,15,3,4,0.000000,0.000000,109,1,0,0,0,0,722,-1,-1,0.000000
9699,0,-1,-1,-1,-1,0,-1,-1,-1,-1.000000,-1.000000,303,0,0,0,0,0,-1,-1,-1,0.000000
9700,0,-1,-1,-1,-1,0,-1,-1,-1,-1.000000,-1.000000,275,0,0,0,0,0,-1,-1,-1,0.000000
9701,0,-1,-1,-1,-1,0,-1,-1,-1,-1.000000,-1.000000,439,0,0,0,0,0,-1,-1,-1,0.000000
9702,0,-1,-1,-1,-1,0,-1,-1,-1,-1.000000,-1.000000,418,0,0,0,0,0,-1,-1,-1,0.000000
9703,0,-1,-1,-1,-1,0,-1,-1,-1,-1.000000,-1.000000,267,0,0,0,0,0,-1,-1,-1,0.000000
9704,0,-1,-1,-1,-1,0,-1,-1,-1,-1.000000,-1.000000,223,0,0,0,0,0,-1,-1,-1,0.000000
9705,0,-1,-1,-1,-1,0,-1,-1,-1,-1.000000,-1.000000,306,0,0,0,0,0,-1,-1,-1,0.000000
9706,0,34,-1,-1,414,156,54,3,2,0.000000,0.000000,55,291,0,82,0,82,34,-1,-1,0.000000
9707,0,-1,-1,-1,-1,0,-1,-1,-1,-1.000000,-1.000000,159,0,0,0,0,0,-1,-1,-1,0.000000
9708,0,-1,-1,-1,-1,0,-1,-1,-1,-1.000000,-1.000000,145,0,0,0,0,0,-1,-1,-1,0.000000
9709,0,-1,-1,-1,-1,0,-1,-1,-1,-1.000000,-1.000000,463,0,0,0,0,0,-1,-1,-1,0.000000
9710,0,26,-1,-1,1859,554,62,3,2,0.000000,0.000000,49,608,0,133,0,133,26,-1,-1,0.000000
9711,0,-1,-1,-1,-1,0,-1,-1,-1,-1.000000,-1.000000,390,0,0,0,0,0,-1,-1,-1,0.000000
9712,0,81,-1,-1,3884,725,40,3,2,0.000000,0.000000,31,762,0,118,0,118,81,-1,-1,0.000000
9713,0,-1,-1,-1,-1,0,-1,-1,-1,-1.000000,-1.000000,162,0,0,0,0,0,-1,-1,-1,0.000000
9714,0,24,-1,-1,2923,730,63,3,4,0.000000,0.000000,47,697,0,277,0,277,24,-1,-1,0.000000
9715,0,-1,-1,-1,-1,0,-1,-1,-1,-1.000000,-1.000000,131,0,0,0,0,0,-1,-1,-1,0.000000
9716,0,-1,-1,-1,-1,0,-1,-1,-1,-1.000000,-1.000000,179,0,0,0,0,0,-1,-1,-1,0.000000
9717,0,-1,-1,-1,-1,0,-1,-1,-1,-1.000000,-1.000000,315,0,0,0,0,0,-1,-1,-1,0.000000
9718,0,-1,-1,-1,-1,0,-1,-1,-1,-1.000000,-1.000000,408,0,0,0,0,0,-1,-1,-1,0.000000
9719,0,-1,-1,-1,-1,0,-1,-1,-1,-1.000000,-1.000000,327,0,0,0,0,0,-1,-1,-1,0.000000
9720,0,-1,-1,-1,-1,0,-1,-1,-1,-1.000000,-1.000000,165,0,0,0,0,0,-1,-1,-1,0.000000
9721,0,-1,-1,-1,-1,0,-1,-1,-1,-1.000000,-1.000000,100,0,0,0,0,0,-1,-1,-1,0.000000
9722,0,339,-1,-1,1146,79,24,3,2,0.000000,0.000000,79,174,0,28,0,28,339,-1,-1,0.000000
9723,0,-1,-1,-1,-1,0,-1,-1,-1,-1.000000,-1.000000,205,0,0,0,0,0,-1,-1,-1,0.000000
9724,0,-1,-1,-1,-1,0,-1,-1,-1,-1.000000,-1.000000,357,0,0,0,0,0,-1,-1,-1,0.000000
9725,0,786,-1,-1,7431,0,14,3,2,0.000000,0.000000,107,1,0,0,0,0,786,-1,-1,0.000000
9726,0,-1,-1,-1,-1,0,-1,-1,-1,-1.000000,-1.000000,163,0,0,0,0,0,-1,-1,-1,0.000000
9727,0,33,-1,-1,3389,1,54,3,2,0.000000,0.000000,83,10,0,1,0,1,33,-1,-1,0.000000
9728,0,26,-1,-1,3758,656,60,3,2,0.000000,0.000000,37,617,0,240,0,240,26,-1,-1,0.000000
9729,0,-1,-1,-1,-1,0,-1,-1,-1,-1.000000,-1.000000,169,0,0,0,0,0,-1,-1,-1,0.000000
9730,0,27,-1,-1,5922,809,59,3,4,0.000000,0.000000,57,735,0,233,0,233,27,-1,-1,0.000000
9731,0,-1,-1,-1,-1,0,-1,-1,-1,-1.000000,-1.000000,99,0,0,0,0,0,-1,-1,-1,0.000000
9732,0,-1,-1,-1,-1,0,-1,-1,-1,-1.000000,-1.000000,245,0,0,0,0,0,-1,-1,-1,0.000000
9733,0,71,-1,-1,2107,4,45,3,4,0.000000,0.000000,61,36,0,12,0,12,71,-1,-1,0.000000
9734,0,129,-1,-1,4564,6,35,3,4,0.000000,0.000000,85,23,0,4,0,4,129,-1,-1,0.000000
9735,0,-1,-1,-1,-1,0,-1,-1,-1,-1.000000,-1.000000,276,0,0,0,0,0,-1,-1,-1,0.000000
9736,0,-1,-1,-1,-1,0,-1,-1,-1,-1.000000,-1.000000,217,0,0,0,0,0,-1,-1,-1,0.000000
9737,0,24,-1,-1,5535,784,62,3,2,0.000000,0.000000,19,810,0,166,0,166,24,-1,-1,0.000000
9738,0,-1,-1,-1,-1,0,-1,-1,-1,-1.000000,-1.000000,309,0,0,0,0,0,-1,-1,-1,0.000000
9739,0,-1,-1,-1,-1,0,-1,-1,-1,-1.000000,-1.000000,211,0,0,0,0,0,-1,-1,-1,0.000000
9740,0,-1,-1,-1,-1,0,-1,-1,-1,-1.000000,-1.000000,213,0,0,0,0,0,-1,-1,-1,0.000000
9741,0,-1,-1,-1,-1,0,-1,-1,-1,-1.000000,-1.000000,219,0,0,0,0,0,-1,-1,-1,0.000000
9742,0,-1,-1,-1,-1,0,-1,-1,-1,-1.000000,-1.000000,267,0,0,0,0,0,-1,-1,-1,0.000000
9743,0,-1,-1,-1,-1,0,-1,-1,-1,-1.000000,-1.000000,135,0,0,0,0,0,-1,-1,-1,0.000000
9744,0,34,-1,-1,1305,462,53,3,4,0.000000,0.000000,53,492,0,187,0,187,34,-1,-1,0.000000
9745,0,-1,-1,-1,-1,0,-1,-1,-1,-1.000000,-1.000000,251,0,0,0,0,0,-1,-1,-1,0.000000
9746,0,-1,-1,-1,-1,0,-1,-1,-1,-1.000000,-1.000000,145,0,0,0,0,0,-1,-1,-1,0.000000
9747,0,-1,-1,-1,-1,0,-1,-1,-1,-1.000000,-1.000000,175,0,0,0,0,0,-1,-1,-1,0.000000
9748,0,-1,-1,-1,-1,0,-1,-1,-1,-1.000000,-1.000000,93,0,0,0,0,0,-1,-1,-1,0.000000
9749,0,-1,-1,-1,-1,0,-1,-1,-1,-1.000000,-1.000000,137,0,0,0,0,0,-1,-1,-1,0.000000
9750,0,-1,-1,-1,-1,0,-1,-1,-1,-1.000000,-1.000000,386,0,0,0,0,0,-1,-1,-1,0.000000
9751,0,-1,-1,-1,-1,0,-1,-1,-1,-1.000000,-1.000000,291,0,0,0,0,0,-1,-1,-1,0.000000
9752,0,26,-1,-1,3647,206,60,3,2,0.000000,0.000000,57,298,0,86,0,86,26,-1,-1,0.000000
9753,0,26,-1,-1,2613,643,60,3,2,0.000000,0.000000,33,720,0,254,0,254,26,-1,-1,0.000000
9754,0,-1,-1,-1,-1,0,-1,-1,-1,-1.000000,-1.000000,249,0,0,0,0,0,-1,-1,-1,0.000000
9755,0,-1,-1,-1,-1,0,-1,-1,-1,-1.000000,-1.000000,424,0,0,0,0,0,-1,-1,-1,0.000000
9756,0,-1,-1,-1,-1,0,-1,-1,-1,-1.000000,-1.000000,171,0,0,0,0,0,-1,-1,-1,0.000000
9757,0,838,-1,-1,5477,0,15,3,4,0.000000,0.000000,75,0,0,1,0,1,838,-1,-1,0.000000
9758,0,-1,-1,-1,-1,0,-1,-1,-1,-1.000000,-1.000000,223,0,0,0,0,0,-1,-1,-1,0.000000
9759,0,-1,-1,-1,-1,0,-1,-1,-1,-1.000000,-1.000000,315,0,0,0,0,0,-1,-1,-1,0.000000
9760,0,-1,-1,-1,-1,0,-1,-1,-1,-1.000000,-1.000000,85,0,0,0,0,0,-1,-1,-1,0.000000
9761,0,-1,-1,-1,-1,0,-1,-1,-1,-1.000000,-1.000000,167,0,0,0,0,0,-1,-1,-1,0.000000
9762,0,22,-1,-1,2493,416,65,3,4,0.000000,0.000000,59,482,0,138,0,138,22,-1,-1,0.000000
9763,0,-1,-1,-1,-1,0,-1,-1,-1,-1.000000,-1.000000,363,0,0,0,0,0,-1,-1,-1,0.000000
9764,0,-1,-1,-1,-1,0,-1,-1,-1,-1.000000,-1.000000,197,0,0,0,0,0,-1,-1,-1,0.000000
9765,0,25,-1,-1,4423,650,62,3,2,0.000000,0.000000,43,687,0,169,0,169,25,-1,-1,0.000000
9766,0,-1,-1,-1,-1,0,-1,-1,-1,-1.000000,-1.000000,465,0,0,0,0,0,-1,-1,-1,0.000000
9767,0,33,-1,-1,3493,15,54,3,2,0.000000,0.000000,63,55,0,28,0,28,33,-1,-1,0.000000
9768,0,-1,-1,-1,-1,0,-1,-1,-1,-1.000000,-1.000000,367,0,0,0,0,0,-1,-1,-1,0.000000
9769,0,-1,-1,-1,-1,0,-1,-1,-1,-1.000000,-1.000000,297,0,0,0,0,0,-1,-1,-1,0.000000
9770,0,876,-1,-1,5494,0,13,3,4,0.000000,0.000000,83,0,0,1,0,1,876,-1,-1,0.000000
9771,0,-1,-1,-1,-1,0,-1,-1,-1,-1.000000,-1.000000,121,0,0,0,0,0,-1,-1,-1,0.000000
9772,0,-1,-1,-1,-1,0,-1,-1,-1,-1.000000,-1.000000,189,0,0,0,0,0,-1,-1,-1,0.000000
9773,0,-1,-1,-1,-1,0,-1,-1,-1,-1.000000,-1.000000,129,0,0,0,0,0,-1,-1,-1,0.000000
9774,0,-1,-1,-1,-1,0,-1,-1,-1,-1.000000,-1.000000,269,0,0,0,0,0,-1,-1,-1,0.000000
9775,0,-1,-1,-1,-1,0,-1,-1,-1,-1.000000,-1.000000,402,0,0,0,0,0,-1,-1,-1,0.000000
9776,0,-1,-1,-1,-1,0,-1,-1,-1,-1.000000,-1.000000,475,0,0,0,0,0,-1,-1,-1,0.000000
9777,0,-1,-1,-1,-1,0,-1,-1,-1,-1.000000,-1.000000,139,0,0,0,0,0,-1,-1,-1,0.000000
9778,0,-1,-1,-1,-1,0,-1,-1,-1,-1.000000,-1.000000,167,0,0,0,0,0,-1,-1,-1,0.000000
9779,0,-1,-1,-1,-1,0,-1,-1,-1,-1.000000,-1.000000,221,0,0,0,0,0,-1,-1,-1,0.000000
9780,0,-1,-1,-1,-1,0,-1,-1,-1,-1.000000,-1.000000,393,0,0,0,0,0,-1,-1,-1,0.000000
9781,0,-1,-1,-1,-1,0,-1,-1,-1,-1.000000,-1.000000,410,0,0,0,0,0,-1,-1,-1,0.000000
9782,0,23,-1,-1,570,729,64,3,2,0.000000,0.000000,43,717,0,173,0,173,23,-1,-1,0.000000
9783,0,-1,-1,-1,-1,0,-1,-1,-1,-1.000000,-1.000000,424,0,0,0,0,0,-1,-1,-1,0.000000
9784,0,-1,-1,-1,-1,0,-1,-1,-1,-1.000000,-1.000000,280,0,0,0,0,0,-1,-1,-1,0.000000
9785,0,-1,-1,-1,-1,0,-1,-1,-1,-1.000000,-1.000000,518,0,0,0,0,0,-1,-1,-1,0.000000
9786,0,-1,-1,-1,-1,0,-1,-1,-1,-1.000000,-1.000000,113,0,0,0,0,0,-1,-1,-1,0.000000
9787,0,-1,-1,-1,-1,0,-1,-1,-1,-1.000000,-1.000000,422,0,0,0,0,0,-1,-1,-1,0.000000
9788,0,-1,-1,-1,-1,0,-1,-1,-1,-1.000000,-1.000000,267,0,0,0,0,0,-1,-1,-1,0.000000
9789,0,-1,-1,-1,-1,0,-1,-1,-1,-1.000000,-1.000000,196,0,0,0,0,0,-1,-1,-1,0.000000
9790,0,-1,-1,-1,-1,0,-1,-1,-1,-1.000000,-1.000000,89,0,0,0,0,0,-1,-1,-1,0.000000
9791,0,-1,-1,-1,-1,0,-1,-1,-1,-1.000000,-1.000000,270,0,0,0,0,0,-1,-1,-1,0.000000
9792,0,39,-1,-1,3117,11,51,3,4,0.000000,0.000000,79,30,0,5,0,5,39,-1,-1,0.000000
9793,0,-1,-1,-1,-1,0,-1,-1,-1,-1.000000,-1.000000,284,0,0,0,0,0,-1,-1,-1,0.000000
9794,0,-1,-1,-1,-1,0,-1,-1,-1,-1.000000,-1.000000,269,0,0,0,0,0,-1,-1,-1,0.000000
9795,0,-1,-1,-1,-1,0,-1,-1,-1,-1.000000,-1.000000,283,0,0,0,0,0,-1,-1,-1,0.000000
9796,0,-1,-1,-1,-1,0,-1,-1,-1,-1.000000,-1.000000,133,0,0,0,0,0,-1,-1,-1,0.000000
9797,0,269,-1,-1,4893,0,25,3,4,0.000000,0.000000,77,0,0,1,0,1,269,-1,-1,0.000000
9798,0,-1,-1,-1,-1,0,-1,-1,-1,-1.000000,-1.000000,385,0,0,0,0,0,-1,-1,-1,0.000000
9799,0,-1,-1,-1,-1,0,-1,-1,-1,-1.000000,-1.000000,191,0,0,0,0,0,-1,-1,-1,0.000000
9800,0,38,-1,-1,2287,608,51,3,4,0.000000,0.000000,19,753,0,199,0,199,38,-1,-1,0.000000
9801,0,-1,-1,-1,-1,0,-1,-1,-1,-1.000000,-1.000000,87,0,0,0,0,0,-1,-1,-1,0.000000
9802,0,-1,-1,-1,-1,0,-1,-1,-1,-1.000000,-1.000000,447,0,0,0,0,0,-1,-1,-1,0.000000
9803,0,738,-1,-1,441,0,15,3,2,0.000000,0.000000,188,1,0,0,0,0,738,-1,-1,0.000000
9804,0,22,-1,-1,2424,784,65,3,4,0.000000,0.000000,49,716,0,257,0,257,22,-1,-1,0.000000
9805,0,-1,-1,-1,-1,0,-1,-1,-1,-1.000000,-1.000000,123,0,0,0,0,0,-1,-1,-1,0.000000
9806,0,-1,-1,-1,-1,0,-1,-1,-1,-1.000000,-1.000000,238,0,0,0,0,0,-1,-1,-1,0.000000
9807,0,-1,-1,-1,-1,0,-1,-1,-1,-1.000000,-1.000000,185,0,0,0,0,0,-1,-1,-1,0.000000
9808,0,110,-1,-1,2732,5,37,3,4,0.000000,0.000000,95,29,0,8,0,8,110,-1,-1,0.000000
9809,0,-1,-1,-1,-1,0,-1,-1,-1,-1.000000,-1.000000,138,0,0,0,0,0,-1,-1,-1,0.000000
9810,0,-1,-1,-1,-1,0,-1,-1,-1,-1.000000,-1.000000,243,0,0,0,0,0,-1,-1,-1,0.000000
9811,0,33,-1,-1,1854,179,54,3,2,0.000000,0.000000,59,266,0,79,0,79,33,-1,-1,0.000000
9812,0,-1,-1,-1,-1,0,-1,-1,-1,-1.000000,-1.000000,253,0,0,0,0,0,-1,-1,-1,0.000000
9813,0,-1,-1,-1,-1,0,-1,-1,-1,-1.000000,-1.000000,191,0,0,0,0,0,-1,-1,-1,0.000000
9814,0,-1,-1,-1,-1,0,-1,-1,-1,-1.000000,-1.000000,223,0,0,0,0,0,-1,-1,-1,0.000000
9815,0,-1,-1,-1,-1,0,-1,-1,-1,-1.000000,-1.000000,127,0,0,0,0,0,-1,-1,-1,0.000000
9816,0,-1,-1,-1,-1,0,-1,-1,-1,-1.000000,-1.000000,137,0,0,0,0,0,-1,-1,-1,0.000000
9817,0,-1,-1,-1,-1,0,-1,-1,-1,-1.000000,-1.000000,235,0,0,0,0,0,-1,-1,-1,0.000000
9818,0,-1,-1,-1,-1,0,-1,-1,-1,-1.000000,-1.000000,279,0,0,0,0,0,-1,-1,-1,0.000000
9819,0,-1,-1,-1,-1,0,-1,-1,-1,-1.000000,-1.000000,231,0,0,0,0,0,-1,-1,-1,0.000000
9820,0,30,-1,-1,7890,25,56,3,2,0.000000,0.000000,83,54,0,16,0,16,30,-1,-1,0.000000
9821,0,-1,-1,-1,-1,0,-1,-1,-1,-1.000000,-1.000000,312,0,0,0,0,0,-1,-1,-1,0.000000
9822,0,-1,-1,-1,-1,0,-1,-1,-1,-1.000000,-1.000000,281,0,0,0,0,0,-1,-1,-1,0.000000
9823,0,742,-1,-1,7984,0,15,3,2,0.000000,0.000000,86,2,0,0,0,0,742,-1,-1,0.000000
9824,0,-1,-1,-1,-1,0,-1,-1,-1,-1.000000,-1.000000,161,0,0,0,0,0,-1,-1,-1,0.000000
9825,0,-1,-1,-1,-1,0,-1,-1,-1,-1.000000,-1.000000,343,0,0,0,0,0,-1,-1,-1,0.000000
9826,0,-1,-1,-1,-1,0,-1,-1,-1,-1.000000,-1.000000,534,0,0,0,0,0,-1,-1,-1,0.000000
9827,0,35,-1,-1,7883,400,54,3,2,0.000000,0.000000,45,438,0,160,0,160,35,-1,-1,0.000000
9828,0,-1,-1,-1,-1,0,-1,-1,-1,-1.000000,-1.000000,283,0,0,0,0,0,-1,-1,-1,0.000000
9829,0,26,-1,-1,2005,670,63,3,2,0.000000,0.000000,10,760,0,214,0,214,26,-1,-1,0.000000
9830,0,252,-1,-1,3372,0,26,3,2,0.000000,0.000000,93,1,0,0,0,0,252,-1,-1,0.000000
9831,0,-1,-1,-1,-1,0,-1,-1,-1,-1.000000,-1.000000,135,0,0,0,0,0,-1,-1,-1,0.000000
9832,0,-1,-1,-1,-1,0,-1,-1,-1,-1.000000,-1.000000,207,0,0,0,0,0,-1,-1,-1,0.000000
9833,0,23,-1,-1,2842,593,66,3,2,0.000000,0.000000,29,729,0,248,0,248,23,-1,-1,0.000000
9834,0,-1,-1,-1,-1,0,-1,-1,-1,-1.000000,-1.000000,183,0,0,0,0,0,-1,-1,-1,0.000000
9835,0,-1,-1,-1,-1,0,-1,-1,-1,-1.000000,-1.000000,498,0,0,0,0,0,-1,-1,-1,0.000000
9836,0,-1,-1,-1,-1,0,-1,-1,-1,-1.000000,-1.000000,199,0,0,0,0,0,-1,-1,-1,0.000000
9837,0,-1,-1,-1,-1,0,-1,-1,-1,-1.000000,-1.000000,121,0,0,0,0,0,-1,-1,-1,0.000000
9838,0,-1,-1,-1,-1,0,-1,-1,-1,-1.000000,-1.000000,245,0,0,0,0,0,-1,-1,-1,0.000000
9839,0,82,-1,-1,7646,9,43,3,4,0.000000,0.000000,97,45,0,24,0,24,82,-1,-1,0.000000
9840,0,-1,-1,-1,-1,0,-1,-1,-1,-1.000000,-1.000000,282,0,0,0,0,0,-1,-1,-1,0.000000
9841,0,-1,-1,-1,-1,0,-1,-1,-1,-1.000000,-1.000000,163,0,0,0,0,0,-1,-1,-1,0.000000
9842,0,-1,-1,-1,-1,0,-1,-1,-1,-1.000000,-1.000000,160,0,0,0,0,0,-1,-1,-1,0.000000
9843,0,14,-1,-1,5808,596,68,3,2,0.000000,0.000000,33,778,0,201,0,201,14,-1,-1,0.000000
9844,0,-1,-1,-1,-1,0,-1,-1,-1,-1.000000,-1.000000,170,0,0,0,0,0,-1,-1,-1,0.000000
9845,0,24,-1,-1,5455,655,64,3,2,0.000000,0.000000,31,824,0,146,0,146,24,-1,-1,0.000000
9846,0,-1,-1,-1,-1,0,-1,-1,-1,-1.000000,-1.000000,279,0,0,0,0,0,-1,-1,-1,0.000000
9847,0,22,-1,-1,7943,766,66,3,4,0.000000,0.000000,28,786,0,178,0,178,22,-1,-1,0.000000
9848,0,-1,-1,-1,-1,0,-1,-1,-1,-1.000000,-1.000000,147,0,0,0,0,0,-1,-1,-1,0.000000
9849,0,-1,-1,-1,-1,0,-1,-1,-1,-1.000000,-1.000000,265,0,0,0,0,0,-1,-1,-1,0.000000
9850,0,-1,-1,-1,-1,0,-1,-1,-1,-1.000000,-1.000000,117,0,0,0,0,0,-1,-1,-1,0.000000
9851,0,-1,-1,-1,-1,0,-1,-1,-1,-1.000000,-1.000000,139,0,0,0,0,0,-1,-1,-1,0.000000
9852,0,-1,-1,-1,-1,0,-1,-1,-1,-1.000000,-1.000000,181,0,0,0,0,0,-1,-1,-1,0.000000
9853,0,-1,-1,-1,-1,0,-1,-1,-1,-1.000000,-1.000000,544,0,0,0,0,0,-1,-1,-1,0.000000
9854,0,-1,-1,-1,-1,0,-1,-1,-1,-1.000000,-1.000000,391,0,0,0,0,0,-1,-1,-1,0.000000
9855,0,-1,-1,-1,-1,0,-1,-1,-1,-1.000000,-1.000000,333,0,0,0,0,0,-1,-1,-1,0.000000
9856,0,-1,-1,-1,-1,0,-1,-1,-1,-1.000000,-1.000000,163,0,0,0,0,0,-1,-1,-1,0.000000
9857,0,110,-1,-1,7731,157,39,3,2,0.000000,0.000000,64,273,0,54,0,54,110,-1,-1,0.000000
9858,0,-1,-1,-1,-1,0,-1,-1,-1,-1.000000,-1.000000,231,0,0,0,0,0,-1,-1,-1,0.000000
9859,0,64,-1,-1,7312,9,45,3,4,0.000000,0.000000,93,44,0,21,0,21,64,-1,-1,0.000000
9860,0,202,-1,-1,5111,586,32,3,4,0.000000,0.000000,20,695,0,89,0,89,202,-1,-1,0.000000
9861,0,-1,-1,-1,-1,0,-1,-1,-1,-1.000000,-1.000000,207,0,0,0,0,0,-1,-1,-1,0.000000
9862,0,-1,-1,-1,-1,0,-1,-1,-1,-1.000000,-1.000000,193,0,0,0,0,0,-1,-1,-1,0.000000
9863,0,-1,-1,-1,-1,0,-1,-1,-1,-1.000000,-1.000000,53,0,0,0,0,0,-1,-1,-1,0.000000
9864,0,-1,-1,-1,-1,0,-1,-1,-1,-1.000000,-1.000000,367,0,0,0,0,0,-1,-1,-1,0.000000
9865,0,-1,-1,-1,-1,0,-1,-1,-1,-1.000000,-1.000000,287,0,0,0,0,0,-1,-1,-1,0.000000
9866,0,-1,-1,-1,-1,0,-1,-1,-1,-1.000000,-1.000000,85,0,0,0,0,0,-1,-1,-1,0.000000
9867,0,-1,-1,-1,-1,0,-1,-1,-1,-1.000000,-1.000000,111,0,0,0,0,0,-1,-1,-1,0.000000
9868,0,-1,-1,-1,-1,0,-1,-1,-1,-1.000000,-1.000000,99,0,0,0,0,0,-1,-1,-1,0.000000
9869,0,-1,-1,-1,-1,0,-1,-1,-1,-1.000000,-1.000000,123,0,0,0,0,0,-1,-1,-1,0.000000
9870,0,-1,-1,-1,-1,0,-1,-1,-1,-1.000000,-1.000000,163,0,0,0,0,0,-1,-1,-1,0.000000
9871,0,-1,-1,-1,-1,0,-1,-1,-1,-1.000000,-1.000000,80,0,0,0,0,0,-1,-1,-1,0.000000
9872,0,-1,-1,-1,-1,0,-1,-1,-1,-1.000000,-1.000000,124,0,0,0,0,0,-1,-1,-1,0.000000
9873,0,160,-1,-1,7915,557,37,3,2,0.000000,0.000000,50,676,0,85,0,85,160,-1,-1,0.000000
9874,0,50,-1,-1,2115,46,48,3,2,0.000000,0.000000,51,82,0,34,0,34,50,-1,-1,0.000000
9875,0,-1,-1,-1,-1,0,-1,-1,-1,-1.000000,-1.000000,431,0,0,0,0,0,-1,-1,-1,0.000000
9876,0,-1,-1,-1,-1,0,-1,-1,-1,-1.000000,-1.000000,414,0,0,0,0,0,-1,-1,-1,0.000000
9877,0,144,-1,-1,4016,0,33,3,4,0.000000,0.000000,49,5,0,1,0,1,144,-1,-1,0.000000
9878,0,-1,-1,-1,-1,0,-1,-1,-1,-1.000000,-1.000000,283,0,0,0,0,0,-1,-1,-1,0.000000
9879,0,-1,-1,-1,-1,0,-1,-1,-1,-1.000000,-1.000000,270,0,0,0,0,0,-1,-1,-1,0.000000
9880,0,-1,-1,-1,-1,0,-1,-1,-1,-1.000000,-1.000000,278,0,0,0,0,0,-1,-1,-1,0.000000
9881,0,-1,-1,-1,-1,0,-1,-1,-1,-1.000000,-1.000000,257,0,0,0,0,0,-1,-1,-1,0.000000
9882,0,-1,-1,-1,-1,0,-1,-1,-1,-1.000000,-1.000000,223,0,0,0,0,0,-1,-1,-1,0.000000
9883,0,31,-1,-1,2092,641,59,3,4,0.000000,0.000000,61,591,0,229,0,229,31,-1,-1,0.000000
9884,0,29,-1,-1,613,125,56,3,2,0.000000,0.000000,61,219,0,72,0,72,29,-1,-1,0.000000
9885,0,-1,-1,-1,-1,0,-1,-1,-1,-1.000000,-1.000000,488,0,0,0,0,0,-1,-1,-1,0.000000
9886,0,-1,-1,-1,-1,0,-1,-1,-1,-1.000000,-1.000000,252,0,0,0,0,0,-1,-1,-1,0.000000
9887,0,-1,-1,-1,-1,0,-1,-1,-1,-1.000000,-1.000000,129,0,0,0,0,0,-1,-1,-1,0.000000
9888,0,-1,-1,-1,-1,0,-1,-1,-1,-1.000000,-1.000000,101,0,0,0,0,0,-1,-1,-1,0.000000
9889,0,-1,-1,-1,-1,0,-1,-1,-1,-1.000000,-1.000000,119,0,0,0,0,0,-1,-1,-1,0.000000
9890,0,-1,-1,-1,-1,0,-1,-1,-1,-1.000000,-1.000000,97,0,0,0,0,0,-1,-1,-1,0.000000
9891,0,-1,-1,-1,-1,0,-1,-1,-1,-1.000000,-1.000000,305,0,0,0,0,0,-1,-1,-1,0.000000
9892,0,-1,-1,-1,-1,0,-1,-1,-1,-1.000000,-1.000000,274,0,0,0,0,0,-1,-1,-1,0.000000
9893,0,30,-1,-1,3870,262,59,3,4,0.000000,0.000000,57,353,0,103,0,103,30,-1,-1,0.000000
9894,0,29,-1,-1,5055,56,58,3,2,0.000000,0.000000,57,144,0,34,0,34,29,-1,-1,0.000000
9895,0,52,-1,-1,2283,847,47,3,2,0.000000,0.000000,32,770,0,162,0,162,52,-1,-1,0.000000
9896,0,-1,-1,-1,-1,0,-1,-1,-1,-1.000000,-1.000000,515,0,0,0,0,0,-1,-1,-1,0.000000
9897,0,-1,-1,-1,-1,0,-1,-1,-1,-1.000000,-1.000000,285,0,0,0,0,0,-1,-1,-1,0.000000
9898,0,-1,-1,-1,-1,0,-1,-1,-1,-1.000000,-1.000000,46,0,0,0,0,0,-1,-1,-1,0.000000
9899,0,-1,-1,-1,-1,0,-1,-1,-1,-1.000000,-1.000000,135,0,0,0,0,0,-1,-1,-1,0.000000
9900,0,87,-1,-1,7984,434,44,3,2,0.000000,0.000000,57,510,0,96,0,96,87,-1,-1,0.000000
9901,0,-1,-1,-1,-1,0,-1,-1,-1,-1.000000,-1.000000,131,0,0,0,0,0,-1,-1,-1,0.000000
9902,0,-1,-1,-1,-1,0,-1,-1,-1,-1.000000,-1.000000,107,0,0,0,0,0,-1,-1,-1,0.000000
9903,0,-1,-1,-1,-1,0,-1,-1,-1,-1.000000,-1.000000,492,0,0,0,0,0,-1,-1,-1,0.000000
9904,0,-1,-1,-1,-1,0,-1,-1,-1,-1.000000,-1.000000,157,0,0,0,0,0,-1,-1,-1,0.000000
9905,0,-1,-1,-1,-1,0,-1,-1,-1,-1.000000,-1.000000,183,0,0,0,0,0,-1,-1,-1,0.000000
9906,0,-1,-1,-1,-1,0,-1,-1,-1,-1.000000,-1.000000,351,0,0,0,0,0,-1,-1,-1,0.000000
9907,0,-1,-1,-1,-1,0,-1,-1,-1,-1.000000,-1.000000,261,0,0,0,0,0,-1,-1,-1,0.000000
9908,0,-1,-1,-1,-1,0,-1,-1,-1,-1.000000,-1.000000,159,0,0,0,0,0,-1,-1,-1,0.000000
9909,0,-1,-1,-1,-1,0,-1,-1,-1,-1.000000,-1.000000,241,0,0,0,0,0,-1,-1,-1,0.000000
9910,0,-1,-1,-1,-1,0,-1,-1,-1,-1.000000,-1.000000,233,0,0,0,0,0,-1,-1,-1,0.000000
9911,0,-1,-1,-1,-1,0,-1,-1,-1,-1.000000,-1.000000,457,0,0,0,0,0,-1,-1,-1,0.000000
9912,0,938,-1,-1,7984,0,14,3,4,0.000000,0.000000,90,1,0,0,0,0,938,-1,-1,0.000000
9913,0,58,-1,-1,1571,114,45,3,2,0.000000,0.000000,58,208,0,66,0,66,58,-1,-1,0.000000
9914,0,-1,-1,-1,-1,0,-1,-1,-1,-1.000000,-1.000000,363,0,0,0,0,0,-1,-1,-1,0.000000
9915,0,-1,-1,-1,-1,0,-1,-1,-1,-1.000000,-1.000000,223,0,0,0,0,0,-1,-1,-1,0.000000
9916,0,-1,-1,-1,-1,0,-1,-1,-1,-1.000000,-1.000000,344,0,0,0,0,0,-1,-1,-1,0.000000
9917,0,-1,-1,-1,-1,0,-1,-1,-1,-1.000000,-1.000000,325,0,0,0,0,0,-1,-1,-1,0.000000
9918,0,-1,-1,-1,-1,0,-1,-1,-1,-1.000000,-1.000000,485,0,0,0,0,0,-1,-1,-1,0.000000
9919,0,-1,-1,-1,-1,0,-1,-1,-1,-1.000000,-1.000000,401,0,0,0,0,0,-1,-1,-1,0.000000
9920,0,-1,-1,-1,-1,0,-1,-1,-1,-1.000000,-1.000000,273,0,0,0,0,0,-1,-1,-1,0.000000
9921,0,-1,-1,-1,-1,0,-1,-1,-1,-1.000000,-1.000000,232,0,0,0,0,0,-1,-1,-1,0.000000
9922,0,-1,-1,-1,-1,0,-1,-1,-1,-1.000000,-1.000000,241,0,0,0,0,0,-1,-1,-1,0.000000
9923,0,-1,-1,-1,-1,0,-1,-1,-1,-1.000000,-1.000000,115,0,0,0,0,0,-1,-1,-1,0.000000
9924,0,-1,-1,-1,-1,0,-1,-1,-1,-1.000000,-1.000000,471,0,0,0,0,0,-1,-1,-1,0.000000
9925,0,-1,-1,-1,-1,0,-1,-1,-1,-1.000000,-1.000000,244,0,0,0,0,0,-1,-1,-1,0.000000
9926,0,-1,-1,-1,-1,0,-1,-1,-1,-1.000000,-1.000000,383,0,0,0,0,0,-1,-1,-1,0.000000
9927,0,24,-1,-1,2942,756,63,3,4,0.000000,0.000000,41,734,0,231,0,231,24,-1,-1,0.000000
9928,0,-1,-1,-1,-1,0,-1,-1,-1,-1.000000,-1.000000,93,0,0,0,0,0,-1,-1,-1,0.000000
9929,0,5,-1,-1,296,685,69,3,4,0.000000,0.000000,25,790,0,198,0,198,5,-1,-1,0.000000
9930,0,-1,-1,-1,-1,0,-1,-1,-1,-1.000000,-1.000000,470,0,0,0,0,0,-1,-1,-1,0.000000
9931,0,-1,-1,-1,-1,0,-1,-1,-1,-1.000000,-1.000000,232,0,0,0,0,0,-1,-1,-1,0.000000
9932,0,-1,-1,-1,-1,0,-1,-1,-1,-1.000000,-1.000000,211,0,0,0,0,0,-1,-1,-1,0.000000
9933,0,-1,-1,-1,-1,0,-1,-1,-1,-1.000000,-1.000000,247,0,0,0,0,0,-1,-1,-1,0.000000
9934,0,-1,-1,-1,-1,0,-1,-1,-1,-1.000000,-1.000000,363,0,0,0,0,0,-1,-1,-1,0.000000
9935,0,-1,-1,-1,-1,0,-1,-1,-1,-1.000000,-1.000000,117,0,0,0,0,0,-1,-1,-1,0.000000
9936,0,-1,-1,-1,-1,0,-1,-1,-1,-1.000000,-1.000000,309,0,0,0,0,0,-1,-1,-1,0.000000
9937,0,39,-1,-1,6916,67,51,3,4,0.000000,0.000000,63,153,0,53,0,53,39,-1,-1,0.000000
9938,0,-1,-1,-1,-1,0,-1,-1,-1,-1.000000,-1.000000,71,0,0,0,0,0,-1,-1,-1,0.000000
9939,0,-1,-1,-1,-1,0,-1,-1,-1,-1.000000,-1.000000,347,0,0,0,0,0,-1,-1,-1,0.000000
9940,0,-1,-1,-1,-1,0,-1,-1,-1,-1.000000,-1.000000,143,0,0,0,0,0,-1,-1,-1,0.000000
9941,0,-1,-1,-1,-1,0,-1,-1,-1,-1.000000,-1.000000,413,0,0,0,0,0,-1,-1,-1,0.000000
9942,0,33,-1,-1,7228,2,57,3,4,0.000000,0.000000,73,16,0,6,0,6,33,-1,-1,0.000000
9943,0,-1,-1,-1,-1,0,-1,-1,-1,-1.000000,-1.000000,185,0,0,0,0,0,-1,-1,-1,0.000000
9944,0,-1,-1,-1,-1,0,-1,-1,-1,-1.000000,-1.000000,227,0,0,0,0,0,-1,-1,-1,0.000000
9945,0,88,-1,-1,1785,715,40,3,2,0.000000,0.000000,37,717,0,138,0,138,88,-1,-1,0.000000
9946,0,-1,-1,-1,-1,0,-1,-1,-1,-1.000000,-1.000000,193,0,0,0,0,0,-1,-1,-1,0.000000
9947,0,-1,-1,-1,-1,0,-1,-1,-1,-1.000000,-1.000000,311,0,0,0,0,0,-1,-1,-1,0.000000
9948,0,-1,-1,-1,-1,0,-1,-1,-1,-1.000000,-1.000000,347,0,0,0,0,0,-1,-1,-1,0.000000
9949,0,-1,-1,-1,-1,0,-1,-1,-1,-1.000000,-1.000000,449,0,0,0,0,0,-1,-1,-1,0.000000
9950,0,-1,-1,-1,-1,0,-1,-1,-1,-1.000000,-1.000000,308,0,0,0,0,0,-1,-1,-1,0.000000
9951,0,-1,-1,-1,-1,0,-1,-1,-1,-1.000000,-1.000000,391,0,0,0,0,0,-1,-1,-1,0.000000
9952,0,-1,-1,-1,-1,0,-1,-1,-1,-1.000000,-1.000000,338,0,0,0,0,0,-1,-1,-1,0.000000
9953,0,-1,-1,-1,-1,0,-1,-1,-1,-1.000000,-1.000000,305,0,0,0,0,0,-1,-1,-1,0.000000
9954,0,-1,-1,-1,-1,0,-1,-1,-1,-1.000000,-1.000000,422,0,0,0,0,0,-1,-1,-1,0.000000
9955,0,-1,-1,-1,-1,0,-1,-1,-1,-1.000000,-1.000000,181,0,0,0,0,0,-1,-1,-1,0.000000
9956,0,-1,-1,-1,-1,0,-1,-1,-1,-1.000000,-1.000000,377,0,0,0,0,0,-1,-1,-1,0.000000
9957,0,-1,-1,-1,-1,0,-1,-1,-1,-1.000000,-1.000000,481,0,0,0,0,0,-1,-1,-1,0.000000
9958,0,-1,-1,-1,-1,0,-1,-1,-1,-1.000000,-1.000000,382,0,0,0,0,0,-1,-1,-1,0.000000
9959,0,-1,-1,-1,-1,0,-1,-1,-1,-1.000000,-1.000000,191,0,0,0,0,0,-1,-1,-1,0.000000
9960,0,-1,-1,-1,-1,0,-1,-1,-1,-1.000000,-1.000000,171,0,0,0,0,0,-1,-1,-1,0.000000
9961,0,-1,-1,-1,-1,0,-1,-1,-1,-1.000000,-1.000000,289,0,0,0,0,0,-1,-1,-1,0.000000
9962,0,49,-1,-1,4240,617,48,3,4,0.000000,0.000000,46,633,0,174,0,174,49,-1,-1,0.000000
9963,0,-1,-1,-1,-1,0,-1,-1,-1,-1.000000,-1.000000,218,0,0,0,0,0,-1,-1,-1,0.000000
9964,0,43,-1,-1,3647,22,50,3,2,0.000000,0.000000,69,51,0,22,0,22,43,-1,-1,0.000000
9965,0,-1,-1,-1,-1,0,-1,-1,-1,-1.000000,-1.000000,324,0,0,0,0,0,-1,-1,-1,0.000000
9966,0,-1,-1,-1,-1,0,-1,-1,-1,-1.000000,-1.000000,191,0,0,0,0,0,-1,-1,-1,0.000000
9967,0,-1,-1,-1,-1,0,-1,-1,-1,-1.000000,-1.000000,315,0,0,0,0,0,-1,-1,-1,0.000000
9968,0,-1,-1,-1,-1,0,-1,-1,-1,-1.000000,-1.000000,106,0,0,0,0,0,-1,-1,-1,0.000000
9969,0,-1,-1,-1,-1,0,-1,-1,-1,-1.000000,-1.000000,129,0,0,0,0,0,-1,-1,-1,0.000000
9970,0,114,-1,-1,1630,1,36,3,2,0.000000,0.000000,101,10,0,1,0,1,114,-1,-1,0.000000
9971,0,-1,-1,-1,-1,0,-1,-1,-1,-1.000000,-1.000000,515,0,0,0,0,0,-1,-1,-1,0.000000
9972,0,-1,-1,-1,-1,0,-1,-1,-1,-1.000000,-1.000000,302,0,0,0,0,0,-1,-1,-1,0.000000
9973,0,25,-1,-1,7076,645,63,3,4,0.000000,0.000000,67,674,0,153,0,153,25,-1,-1,0.000000
9974,0,24,-1,-1,5686,807,65,3,4,0.000000,0.000000,51,733,0,242,0,242,24,-1,-1,0.000000
9975,0,-1,-1,-1,-1,0,-1,-1,-1,-1.000000,-1.000000,237,0,0,0,0,0,-1,-1,-1,0.000000
9976,0,-1,-1,-1,-1,0,-1,-1,-1,-1.000000,-1.000000,119,0,0,0,0,0,-1,-1,-1,0.000000
9977,0,-1,-1,-1,-1,0,-1,-1,-1,-1.000000,-1.000000,205,0,0,0,0,0,-1,-1,-1,0.000000
9978,0,-1,-1,-1,-1,0,-1,-1,-1,-1.000000,-1.000000,411,0,0,0,0,0,-1,-1,-1,0.000000
9979,0,169,-1,-1,4314,0,32,3,2,0.000000,0.000000,99,4,0,3,0,3,169,-1,-1,0.000000
9980,0,-1,-1,-1,-1,0,-1,-1,-1,-1.000000,-1.000000,424,0,0,0,0,0,-1,-1,-1,0.000000
9981,0,-1,-1,-1,-1,0,-1,-1,-1,-1.000000,-1.000000,163,0,0,0,0,0,-1,-1,-1,0.000000
9982,0,-1,-1,-1,-1,0,-1,-1,-1,-1.000000,-1.000000,131,0,0,0,0,0,-1,-1,-1,0.000000
9983,0,-1,-1,-1,-1,0,-1,-1,-1,-1.000000,-1.000000,145,0,0,0,0,0,-1,-1,-1,0.000000
9984,0,-1,-1,-1,-1,0,-1,-1,-1,-1.000000,-1.000000,165,0,0,0,0,0,-1,-1,-1,0.000000
9985,0,16,-1,-1,1602,793,68,3,2,0.000000,0.000000,33,662,0,320,0,320,16,-1,-1,0.000000
9986,0,-1,-1,-1,-1,0,-1,-1,-1,-1.000000,-1.000000,291,0,0,0,0,0,-1,-1,-1,0.000000
9987,0,28,-1,-1,4752,37,58,3,2,0.000000,0.000000,79,117,0,36,0,36,28,-1,-1,0.000000
9988,0,-1,-1,-1,-1,0,-1,-1,-1,-1.000000,-1.000000,350,0,0,0,0,0,-1,-1,-1,0.000000
9989,0,-1,-1,-1,-1,0,-1,-1,-1,-1.000000,-1.000000,151,0,0,0,0,0,-1,-1,-1,0.000000
9990,0,-1,-1,-1,-1,0,-1,-1,-1,-1.000000,-1.000000,212,0,0,0,0,0,-1,-1,-1,0.000000
9991,0,-1,-1,-1,-1,0,-1,-1,-1,-1.000000,-1.000000,117,0,0,0,0,0,-1,-1,-1,0.000000
9992,0,-1,-1,-1,-1,0,-1,-1,-1,-1.000000,-1.000000,381,0,0,0,0,0,-1,-1,-1,0.000000
9993,0,-1,-1,-1,-1,0,-1,-1,-1,-1.000000,-1.000000,241,0,0,0,0,0,-1,-1,-1,0.000000
9994,0,-1,-1,-1,-1,0,-1,-1,-1,-1.000000,-1.000000,435,0,0,0,0,0,-1,-1,-1,0.000000
9995,0,-1,-1,-1,-1,0,-1,-1,-1,-1.000000,-1.000000,346,0,0,0,0,0,-1,-1,-1,0.000000
9996,0,-1,-1,-1,-1,0,-1,-1,-1,-1.000000,-1.000000,137,0,0,0,0,0,-1,-1,-1,0.000000
9997,0,-1,-1,-1,-1,0,-1,-1,-1,-1.000000,-1.000000,80,0,0,0,0,0,-1,-1,-1,0.000000
9998,0,-1,-1,-1,-1,0,-1,-1,-1,-1.000000,-1.000000,231,0,0,0,0,0,-1,-1,-1,0.000000
9999,0,-1,-1,-1,-1,0,-1,-1,-1,-1.000000,-1.000000,113,0,0,0,0,0,-1,-1,-1,0.000000
10000,0,-1,-1,-1,-1,0,-1,-1,-1,-1.000000,-1.000000,447,0,0,0,0,0,-1,-1,-1,0.000000
10001,0,-1,-1,-1,-1,0,-1,-1,-1,-1.000000,-1.000000,109,0,0,0,0,0,-1,-1,-1,0.000000
10002,0,22,-1,-1,570,869,65,3,4,0.000000,0.000000,27,802,0,167,0,167,22,-1,-1,0.000000
10003,0,-1,-1,-1,-1,0,-1,-1,-1,-1.000000,-1.000000,127,0,0,0,0,0,-1,-1,-1,0.000000
10004,0,-1,-1,-1,-1,0,-1,-1,-1,-1.000000,-1.000000,252,0,0,0,0,0,-1,-1,-1,0.000000
10005,0,-1,-1,-1,-1,0,-1,-1,-1,-1.000000,-1.000000,123,0,0,0,0,0,-1,-1,-1,0.000000
10006,0,-1,-1,-1,-1,0,-1,-1,-1,-1.000000,-1.000000,159,0,0,0,0,0,-1,-1,-1,0.000000
10007,0,34,-1,-1,6572,217,55,3,4,0.000000,0.000000,55,298,0,93,0,93,34,-1,-1,0.000000
10008,0,-1,-1,-1,-1,0,-1,-1,-1,-1.000000,-1.000000,275,0,0,0,0,0,-1,-1,-1,0.000000
10009,0,-1,-1,-1,-1,0,-1,-1,-1,-1.000000,-1.000000,405,0,0,0,0,0,-1,-1,-1,0.000000
10010,0,-1,-1,-1,-1,0,-1,-1,-1,-1.000000,-1.000000,363,0,0,0,0,0,-1,-1,-1,0.000000
10011,0,-1,-1,-1,-1,0,-1,-1,-1,-1.000000,-1.000000,249,0,0,0,0,0,-1,-1,-1,0.000000
10012,0,-1,-1,-1,-1,0,-1,-1,-1,-1.000000,-1.000000,434,0,0,0,0,0,-1,-1,-1,0.000000
10013,0,-1,-1,-1,-1,0,-1,-1,-1,-1.000000,-1.000000,284,0,0,0,0,0,-1,-1,-1,0.000000
10014,0,-1,-1,-1,-1,0,-1,-1,-1,-1.000000,-1.000000,149,0,0,0,0,0,-1,-1,-1,0.000000
10015,0,48,-1,-1,4204,0,50,3,2,0.000000,0.000000,93,2,0,1,0,1,48,-1,-1,0.000000
10016,0,-1,-1,-1,-1,0,-1,-1,-1,-1.000000,-1.000000,291,0,0,0,0,0,-1,-1,-1,0.000000
10017,0,-1,-1,-1,-1,0,-1,-1,-1,-1.000000,-1.000000,375,0,0,0,0,0,-1,-1,-1,0.000000
10018,0,-1,-1,-1,-1,0,-1,-1,-1,-1.000000,-1.000000,135,0,0,0,0,0,-1,-1,-1,0.000000
10019,0,124,-1,-1,6306,358,35,3,2,0.000000,0.000000,70,441,0,96,0,96,124,-1,-1,0.000000
10020,0,-1,-1,-1,-1,0,-1,-1,-1,-1.000000,-1.000000,302,0,0,0,0,0,-1,-1,-1,0.000000
10021,0,-1,-1,-1,-1,0,-1,-1,-1,-1.000000,-1.000000,85,0,0,0,0,0,-1,-1,-1,0.000000
10022,0,-1,-1,-1,-1,0,-1,-1,-1,-1.000000,-1.000000,461,0,0,0,0,0,-1,-1,-1,0.000000
10023,0,-1,-1,-1,-1,0,-1,-1,-1,-1.000000,-1.000000,301,0,0,0,0,0,-1,-1,-1,0.000000
10024,0,-1,-1,-1,-1,0,-1,-1,-1,-1.000000,-1.000000,287,0,0,0,0,0,-1,-1,-1,0.000000
10025,0,29,-1,-1,1110,264,56,3,2,0.000000,0.000000,65,387,0,108,0,108,29,-1,-1,0.000000
10026,0,-1,-1,-1,-1,0,-1,-1,-1,-1.000000,-1.000000,141,0,0,0,0,0,-1,-1,-1,0.000000
10027,0,-1,-1,-1,-1,0,-1,-1,-1,-1.000000,-1.000000,83,0,0,0,0,0,-1,-1,-1,0.000000
10028,0,-1,-1,-1,-1,0,-1,-1,-1,-1.000000,-1.000000,426,0,0,0,0,0,-1,-1,-1,0.000000
10029,0,-1,-1,-1,-1,0,-1,-1,-1,-1.000000,-1.000000,79,0,0,0,0,0,-1,-1,-1,0.000000
10030,0,-1,-1,-1,-1,0,-1,-1,-1,-1.000000,-1.000000,77,0,0,0,0,0,-1,-1,-1,0.000000
10031,0,-1,-1,-1,-1,0,-1,-1,-1,-1.000000,-1.000000,279,0,0,0,0,0,-1,-1,-1,0.000000
10032,0,-1,-1,-1,-1,0,-1,-1,-1,-1.000000,-1.000000,321,0,0,0,0,0,-1,-1,-1,0.000000
10033,0,-1,-1,-1,-1,0,-1,-1,-1,-1.000000,-1.000000,462,0,0,0,0,0,-1,-1,-1,0.000000
10034,0,-1,-1,-1,-1,0,-1,-1,-1,-1.000000,-1.000000,447,0,0,0,0,0,-1,-1,-1,0.000000
10035,0,-1,-1,-1,-1,0,-1,-1,-1,-1.000000,-1.000000,171,0,0,0,0,0,-1,-1,-1,0.000000
10036,0,-1,-1,-1,-1,0,-1,-1,-1,-1.000000,-1.000000,387,0,0,0,0,0,-1,-1,-1,0.000000
10037,0,-1,-1,-1,-1,0,-1,-1,-1,-1.000000,-1.000000,352,0,0,0,0,0,-1,-1,-1,0.000000
10038,0,-1,-1,-1,-1,0,-1,-1,-1,-1.000000,-1.000000,431,0,0,0,0,0,-1,-1,-1,0.000000
10039,0,-1,-1,-1,-1,0,-1,-1,-1,-1.000000,-1.000000,187,0,0,0,0,0,-1,-1,-1,0.000000
10040,0,-1,-1,-1,-1,0,-1,-1,-1,-1.000000,-1.000000,344,0,0,0,0,0,-1,-1,-1,0.000000
10041,0,-1,-1,-1,-1,0,-1,-1,-1,-1.000000,-1.000000,303,0,0,0,0,0,-1,-1,-1,0.000000
10042,0,-1,-1,-1,-1,0,-1,-1,-1,-1.000000,-1.000000,179,0,0,0,0,0,-1,-1,-1,0.000000
10043,0,-1,-1,-1,-1,0,-1,-1,-1,-1.000000,-1.000000,418,0,0,0,0,0,-1,-1,-1,0.000000
10044,0,-1,-1,-1,-1,0,-1,-1,-1,-1.000000,-1.000000,149,0,0,0,0,0,-1,-1,-1,0.000000
10045,0,-1,-1,-1,-1,0,-1,-1,-1,-1.000000,-1.000000,171,0,0,0,0,0,-1,-1,-1,0.000000
10046,0,23,-1,-1,3066,776,64,3,2,0.000000,0.000000,33,762,0,174,0,174,23,-1,-1,0.000000
10047,0,-1,-1,-1,-1,0,-1,-1,-1,-1.000000,-1.000000,355,0,0,0,0,0,-1,-1,-1,0.000000
10048,0,-1,-1,-1,-1,0,-1,-1,-1,-1.000000,-1.000000,271,0,0,0,0,0,-1,-1,-1,0.000000
10049,0,-1,-1,-1,-1,0,-1,-1,-1,-1.000000,-1.000000,460,0,0,0,0,0,-1,-1,-1,0.000000
10050,0,67,-1,-1,2163,393,45,3,4,0.000000,0.000000,79,533,0,114,0,114,67,-1,-1,0.000000
10051,0,-1,-1,-1,-1,0,-1,-1,-1,-1.000000,-1.000000,199,0,0,0,0,0,-1,-1,-1,0.000000
10052,0,-1,-1,-1,-1,0,-1,-1,-1,-1.000000,-1.000000,229,0,0,0,0,0,-1,-1,-1,0.000000
10053,0,-1,-1,-1,-1,0,-1,-1,-1,-1.000000,-1.000000,237,0,0,0,0,0,-1,-1,-1,0.000000
10054,0,-1,-1,-1,-1,0,-1,-1,-1,-1.000000,-1.000000,313,0,0,0,0,0,-1,-1,-1,0.000000
10055,0,-1,-1,-1,-1,0,-1,-1,-1,-1.000000,-1.000000,265,0,0,0,0,0,-1,-1,-1,0.000000
10056,0,24,-1,-1,6996,776,63,3,4,0.000000,0.000000,39,785,0,156,0,156,24,-1,-1,0.000000
10057,0,38,-1,-1,3583,452,52,3,2,0.000000,0.000000,69,506,0,168,0,168,38,-1,-1,0.000000
10058,0,-1,-1,-1,-1,0,-1,-1,-1,-1.000000,-1.000000,463,0,0,0,0,0,-1,-1,-1,0.000000
10059,0,76,-1,-1,3492,689,44,3,2,0.000000,0.000000,25,780,0,143,0,143,76,-1,-1,0.000000
10060,0,-1,-1,-1,-1,0,-1,-1,-1,-1.000000,-1.000000,103,0,0,0,0,0,-1,-1,-1,0.000000
10061,0,-1,-1,-1,-1,0,-1,-1,-1,-1.000000,-1.000000,207,0,0,0,0,0,-1,-1,-1,0.000000
10062,0,48,-1,-1,1949,25,48,3,4,0.000000,0.000000,92,58,0,34,0,34,48,-1,-1,0.000000
10063,0,32,-1,-1,1610,39,54,3,2,0.000000,0.000000,51,132,0,21,0,21,32,-1,-1,0.000000
10064,0,-1,-1,-1,-1,0,-1,-1,-1,-1.000000,-1.000000,264,0,0,0,0,0,-1,-1,-1,0.000000
10065,0,-1,-1,-1,-1,0,-1,-1,-1,-1.000000,-1.000000,300,0,0,0,0,0,-1,-1,-1,0.000000
10066,0,-1,-1,-1,-1,0,-1,-1,-1,-1.000000,-1.000000,211,0,0,0,0,0,-1,-1,-1,0.000000
10067,0,-1,-1,-1,-1,0,-1,-1,-1,-1.000000,-1.000000,185,0,0,0,0,0,-1,-1,-1,0.000000
10068,0,-1,-1,-1,-1,0,-1,-1,-1,-1.000000,-1.000000,255,0,0,0,0,0,-1,-1,-1,0.000000
10069,0,-1,-1,-1,-1,0,-1,-1,-1,-1.000000,-1.000000,309,0,0,0,0,0,-1,-1,-1,0.000000
10070,0,-1,-1,-1,-1,0,-1,-1,-1,-1.000000,-1.000000,257,0,0,0,0,0,-1,-1,-1,0.000000
10071,0,111,-1,-1,5274,0,37,3,4,0.000000,0.000000,127,1,0,0,0,0,111,-1,-1,0.000000
10072,0,-1,-1,-1,-1,0,-1,-1,-1,-1.000000,-1.000000,348,0,0,0,0,0,-1,-1,-1,0.000000
10073,0,-1,-1,-1,-1,0,-1,-1,-1,-1.000000,-1.000000,133,0,0,0,0,0,-1,-1,-1,0.000000
10074,0,-1,-1,-1,-1,0,-1,-1,-1,-1.000000,-1.000000,128,0,0,0,0,0,-1,-1,-1,0.000000
10075,0,-1,-1,-1,-1,0,-1,-1,-1,-1.000000,-1.000000,339,0,0,0,0,0,-1,-1,-1,0.000000
10076,0,-1,-1,-1,-1,0,-1,-1,-1,-1.000000,-1.000000,483,0,0,0,0,0,-1,-1,-1,0.000000
10077,0,-1,-1,-1,-1,0,-1,-1,-1,-1.000000,-1.000000,107,0,0,0,0,0,-1,-1,-1,0.000000
10078,0,24,-1,-1,2910,389,62,3,2,0.000000,0.000000,59,486,0,142,0,142,24,-1,-1,0.000000
10079,0,-1,-1,-1,-1,0,-1,-1,-1,-1.000000,-1.000000,425,0,0,0,0,0,-1,-1,-1,0.000000
10080,0,-1,-1,-1,-1,0,-1,-1,-1,-1.000000,-1.000000,195,0,0,0,0,0,-1,-1,-1,0.000000
10081,0,-1,-1,-1,-1,0,-1,-1,-1,-1.000000,-1.000000,232,0,0,0,0,0,-1,-1,-1,0.000000
10082,0,-1,-1,-1,-1,0,-1,-1,-1,-1.000000,-1.000000,131,0,0,0,0,0,-1,-1,-1,0.000000
10083,0,29,-1,-1,3640,287,57,3,4,0.000000,0.000000,75,436,0,99,0,99,29,-1,-1,0.000000
10084,0,-1,-1,-1,-1,0,-1,-1,-1,-1.000000,-1.000000,326,0,0,0,0,0,-1,-1,-1,0.000000
10085,0,-1,-1,-1,-1,0,-1,-1,-1,-1.000000,-1.000000,241,0,0,0,0,0,-1,-1,-1,0.000000
10086,0,35,-1,-1,3971,0,52,3,2,0.000000,0.000000,105,8,0,3,0,3,35,-1,-1,0.000000
10087,0,39,-1,-1,7832,407,51,3,4,0.000000,0.000000,45,473,0,129,0,129,39,-1,-1,0.000000
10088,0,-1,-1,-1,-1,0,-1,-1,-1,-1.000000,-1.000000,129,0,0,0,0,0,-1,-1,-1,0.000000
10089,0,33,-1,-1,7326,195,57,3,4,0.000000,0.000000,63,292,0,72,0,72,33,-1,-1,0.000000
10090,0,-1,-1,-1,-1,0,-1,-1,-1,-1.000000,-1.000000,152,0,0,0,0,0,-1,-1,-1,0.000000
10091,0,35,-1,-1,1739,23,53,3,4,0.000000,0.000000,51,44,0,21,0,21,35,-1,-1,0.000000
10092,0,-1,-1,-1,-1,0,-1,-1,-1,-1.000000,-1.000000,223,0,0,0,0,0,-1,-1,-1,0.000000
10093,0,-1,-1,-1,-1,0,-1,-1,-1,-1.000000,-1.000000,65,0,0,0,0,0,-1,-1,-1,0.000000
10094,0,-1,-1,-1,-1,0,-1,-1,-1,-1.000000,-1.000000,432,0,0,0,0,0,-1,-1,-1,0.000000
10095,0,-1,-1,-1,-1,0,-1,-1,-1,-1.000000,-1.000000,261,0,0,0,0,0,-1,-1,-1,0.000000
10096,0,-1,-1,-1,-1,0,-1,-1,-1,-1.000000,-1.000000,413,0,0,0,0,0,-1,-1,-1,0.000000
10097,0,191,-1,-1,7212,585,31,3,4,0.000000,0.000000,15,725,0,73,0,73,191,-1,-1,0.000000
10098,0,22,-1,-1,895,743,65,3,4,0.000000,0.000000,59,770,0,198,0,198,22,-1,-1,0.000000
10099,0,108,-1,-1,5489,512,38,3,2,0.000000,0.000000,47,569,0,117,0,117,108,-1,-1,0.000000
10100,0,201,-1,-1,7204,656,31,3,4,0.000000,0.000000,27,670,0,96,0,96,201,-1,-1,0.000000
10101,0,-1,-1,-1,-1,0,-1,-1,-1,-1.000000,-1.000000,307,0,0,0,0,0,-1,-1,-1,0.000000
10102,0,24,-1,-1,5261,652,62,3,2,0.000000,0.000000,55,725,0,175,0,175,24,-1,-1,0.000000
10103,0,-1,-1,-1,-1,0,-1,-1,-1,-1.000000,-1.000000,107,0,0,0,0,0,-1,-1,-1,0.000000
10104,0,-1,-1,-1,-1,0,-1,-1,-1,-1.000000,-1.000000,141,0,0,0,0,0,-1,-1,-1,0.000000
10105,0,68,-1,-1,5464,233,45,3,4,0.000000,0.000000,49,331,0,97,0,97,68,-1,-1,0.000000
10106,0,-1,-1,-1,-1,0,-1,-1,-1,-1.000000,-1.000000,166,0,0,0,0,0,-1,-1,-1,0.000000
10107,0,-1,-1,-1,-1,0,-1,-1,-1,-1.000000,-1.000000,498,0,0,0,0,0,-1,-1,-1,0.000000
10108,0,24,-1,-1,7668,84,62,3,2,0.000000,0.000000,61,130,0,40,0,40,24,-1,-1,0.000000
10109,0,-1,-1,-1,-1,0,-1,-1,-1,-1.000000,-1.000000,139,0,0,0,0,0,-1,-1,-1,0.000000
10110,0,-1,-1,-1,-1,0,-1,-1,-1,-1.000000,-1.000000,351,0,0,0,0,0,-1,-1,-1,0.000000
10111,0,-1,-1,-1,-1,0,-1,-1,-1,-1.000000,-1.000000,178,0,0,0,0,0,-1,-1,-1,0.000000
10112,0,30,-1,-1,7269,186,59,3,4,0.000000,0.000000,53,280,0,78,0,78,30,-1,-1,0.000000
10113,0,-1,-1,-1,-1,0,-1,-1,-1,-1.000000,-1.000000,129,0,0,0,0,0,-1,-1,-1,0.000000
10114,0,-1,-1,-1,-1,0,-1,-1,-1,-1.000000,-1.000000,307,0,0,0,0,0,-1,-1,-1,0.000000
10115,0,24,-1,-1,2944,804,65,3,4,0.000000,0.000000,13,775,0,201,0,201,24,-1,-1,0.000000
10116,0,6,-1,-1,1150,0,69,3,4,0.000000,0.000000,103,1,0,0,0,0,6,-1,-1,0.000000
10117,0,-1,-1,-1,-1,0,-1,-1,-1,-1.000000,-1.000000,297,0,0,0,0,0,-1,-1,-1,0.000000
10118,0,-1,-1,-1,-1,0,-1,-1,-1,-1.000000,-1.000000,340,0,0,0,0,0,-1,-1,-1,0.000000
10119,0,173,-1,-1,7648,255,31,3,2,0.000000,0.000000,64,341,0,93,0,93,173,-1,-1,0.000000
10120,0,-1,-1,-1,-1,0,-1,-1,-1,-1.000000,-1.000000,111,0,0,0,0,0,-1,-1,-1,0.000000
10121,0,-1,-1,-1,-1,0,-1,-1,-1,-1.000000,-1.000000,257,0,0,0,0,0,-1,-1,-1,0.000000
10122,0,-1,-1,-1,-1,0,-1,-1,-1,-1.000000,-1.000000,219,0,0,0,0,0,-1,-1,-1,0.000000
10123,0,26,-1,-1,4797,568,60,3,2,0.000000,0.000000,83,615,0,195,0,195,26,-1,-1,0.000000
10124,0,-1,-1,-1,-1,0,-1,-1,-1,-1.000000,-1.000000,119,0,0,0,0,0,-1,-1,-1,0.000000
10125,0,-1,-1,-1,-1,0,-1,-1,-1,-1.000000,-1.000000,135,0,0,0,0,0,-1,-1,-1,0.000000
10126,0,29,-1,-1,5902,761,57,3,4,0.000000,0.000000,37,702,0,229,0,229,29,-1,-1,0.000000
10127,0,-1,-1,-1,-1,0,-1,-1,-1,-1.000000,-1.000000,151,0,0,0,0,0,-1,-1,-1,0.000000
10128,0,-1,-1,-1,-1,0,-1,-1,-1,-1.000000,-1.000000,95,0,0,0,0,0,-1,-1,-1,0.000000
10129,0,-1,-1,-1,-1,0,-1,-1,-1,-1.000000,-1.000000,414,0,0,0,0,0,-1,-1,-1,0.000000
10130,0,80,-1,-1,5725,0,42,3,2,0.000000,0.000000,79,13,0,5,0,5,80,-1,-1,0.000000
10131,0,-1,-1,-1,-1,0,-1,-1,-1,-1.000000,-1.000000,72,0,0,0,0,0,-1,-1,-1,0.000000
10132,0,-1,-1,-1,-1,0,-1,-1,-1,-1.000000,-1.000000,427,0,0,0,0,0,-1,-1,-1,0.000000
10133,0,23,-1,-1,6498,739,64,3,2,0.000000,0.000000,33,834,0,136,0,136,23,-1,-1,0.000000
10134,0,24,-1,-1,287,880,65,3,4,0.000000,0.000000,35,752,0,212,0,212,24,-1,-1,0.000000
10135,0,-1,-1,-1,-1,0,-1,-1,-1,-1.000000,-1.000000,323,0,0,0,0,0,-1,-1,-1,0.000000
10136,0,-1,-1,-1,-1,0,-1,-1,-1,-1.000000,-1.000000,143,0,0,0,0,0,-1,-1,-1,0.000000
10137,0,-1,-1,-1,-1,0,-1,-1,-1,-1.000000,-1.000000,75,0,0,0,0,0,-1,-1,-1,0.000000
10138,0,1,-1,-1,4048,642,69,3,4,0.000000,0.000000,11,757,0,239,0,239,1,-1,-1,0.000000
10139,0,139,-1,-1,7977,42,36,3,2,0.000000,0.000000,97,126,0,31,0,31,139,-1,-1,0.000000
10140,0,208,-1,-1,3759,144,29,3,2,0.000000,0.000000,60,241,0,58,0,58,208,-1,-1,0.000000
10141,0,-1,-1,-1,-1,0,-1,-1,-1,-1.000000,-1.000000,309,0,0,0,0,0,-1,-1,-1,0.000000
10142,0,-1,-1,-1,-1,0,-1,-1,-1,-1.000000,-1.000000,320,0,0,0,0,0,-1,-1,-1,0.000000
10143,0,-1,-1,-1,-1,0,-1,-1,-1,-1.000000,-1.000000,315,0,0,0,0,0,-1,-1,-1,0.000000
10144,0,-1,-1,-1,-1,0,-1,-1,-1,-1.000000,-1.000000,209,0,0,0,0,0,-1,-1,-1,0.000000
10145,0,-1,-1,-1,-1,0,-1,-1,-1,-1.000000,-1.000000,349,0,0,0,0,0,-1,-1,-1,0.000000
10146,0,-1,-1,-1,-1,0,-1,-1,-1,-1.000000,-1.000000,127,0,0,0,0,0,-1,-1,-1,0.000000
10147,0,-1,-1,-1,-1,0,-1,-1,-1,-1.000000,-1.000000,215,0,0,0,0,0,-1,-1,-1,0.000000
10148,0,-1,-1,-1,-1,0,-1,-1,-1,-1.000000,-1.000000,129,0,0,0,0,0,-1,-1,-1,0.000000
10149,0,-1,-1,-1,-1,0,-1,-1,-1,-1.000000,-1.000000,139,0,0,0,0,0,-1,-1,-1,0.000000
10150,0,-1,-1,-1,-1,0,-1,-1,-1,-1.000000,-1.000000,213,0,0,0,0,0,-1,-1,-1,0.000000
10151,0,22,-1,-1,4505,834,70,3,2,0.000000,0.000000,21,693,0,285,0,285,22,-1,-1,0.000000
10152,0,-1,-1,-1,-1,0,-1,-1,-1,-1.000000,-1.000000,237,0,0,0,0,0,-1,-1,-1,0.000000
10153,0,-1,-1,-1,-1,0,-1,-1,-1,-1.000000,-1.000000,253,0,0,0,0,0,-1,-1,-1,0.000000
10154,0,-1,-1,-1,-1,0,-1,-1,-1,-1.000000,-1.000000,316,0,0,0,0,0,-1,-1,-1,0.000000
10155,0,-1,-1,-1,-1,0,-1,-1,-1,-1.000000,-1.000000,100,0,0,0,0,0,-1,-1,-1,0.000000
10156,0,22,-1,-1,3062,772,65,3,2,0.000000,0.000000,36,705,0,240,0,240,22,-1,-1,0.000000
10157,0,72,-1,-1,3725,21,43,3,4,0.000000,0.000000,57,49,0,23,0,23,72,-1,-1,0.000000
10158,0,-1,-1,-1,-1,0,-1,-1,-1,-1.000000,-1.000000,148,0,0,0,0,0,-1,-1,-1,0.000000
10159,0,67,-1,-1,4547,1,45,3,4,0.000000,0.000000,57,4,0,4,0,4,67,-1,-1,0.000000
10160,0,-1,-1,-1,-1,0,-1,-1,-1,-1.000000,-1.000000,379,0,0,0,0,0,-1,-1,-1,0.000000
10161,0,33,-1,-1,7514,136,56,3,2,0.000000,0.000000,63,226,0,104,0,104,33,-1,-1,0.000000
10162,0,22,-1,-1,5578,676,67,3,4,0.000000,0.000000,25,678,0,300,0,300,22,-1,-1,0.000000
10163,0,-1,-1,-1,-1,0,-1,-1,-1,-1.000000,-1.000000,323,0,0,0,0,0,-1,-1,-1,0.000000
10164,0,-1,-1,-1,-1,0,-1,-1,-1,-1.000000,-1.000000,302,0,0,0,0,0,-1,-1,-1,0.000000
10165,0,-1,-1,-1,-1,0,-1,-1,-1,-1.000000,-1.000000,295,0,0,0,0,0,-1,-1,-1,0.000000
10166,0,-1,-1,-1,-1,0,-1,-1,-1,-1.000000,-1.000000,119,0,0,0,0,0,-1,-1,-1,0.000000
10167,0,-1,-1,-1,-1,0,-1,-1,-1,-1.000000,-1.000000,381,0,0,0,0,0,-1,-1,-1,0.000000
10168,0,-1,-1,-1,-1,0,-1,-1,-1,-1.000000,-1.000000,301,0,0,0,0,0,-1,-1,-1,0.000000
10169,0,-1,-1,-1,-1,0,-1,-1,-1,-1.000000,-1.000000,203,0,0,0,0,0,-1,-1,-1,0.000000
10170,0,-1,-1,-1,-1,0,-1,-1,-1,-1.000000,-1.000000,151,0,0,0,0,0,-1,-1,-1,0.000000
10171,0,-1,-1,-1,-1,0,-1,-1,-1,-1.000000,-1.000000,416,0,0,0,0,0,-1,-1,-1,0.000000
10172,0,-1,-1,-1,-1,0,-1,-1,-1,-1.000000,-1.000000,201,0,0,0,0,0,-1,-1,-1,0.000000
10173,0,-1,-1,-1,-1,0,-1,-1,-1,-1.000000,-1.000000,369,0,0,0,0,0,-1,-1,-1,0.000000
10174,0,23,-1,-1,1201,837,64,3,2,0.000000,0.000000,27,785,0,185,0,185,23,-1,-1,0.000000
10175,0,95,-1,-1,5494,607,38,3,4,0.000000,0.000000,38,734,0,104,0,104,95,-1,-1,0.000000
10176,0,-1,-1,-1,-1,0,-1,-1,-1,-1.000000,-1.000000,167,0,0,0,0,0,-1,-1,-1,0.000000
10177,0,-1,-1,-1,-1,0,-1,-1,-1,-1.000000,-1.000000,105,0,0,0,0,0,-1,-1,-1,0.000000
10178,0,-1,-1,-1,-1,0,-1,-1,-1,-1.000000,-1.000000,277,0,0,0,0,0,-1,-1,-1,0.000000
10179,0,-1,-1,-1,-1,0,-1,-1,-1,-1.000000,-1.000000,139,0,0,0,0,0,-1,-1,-1,0.000000
10180,0,89,-1,-1,6374,0,39,3,4,0.000000,0.000000,115,4,0,2,0,2,89,-1,-1,0.000000
10181,0,80,-1,-1,2968,1,41,3,4,0.000000,0.000000,93,9,0,1,0,1,80,-1,-1,0.000000
10182,0,-1,-1,-1,-1,0,-1,-1,-1,-1.000000,-1.000000,441,0,0,0,0,0,-1,-1,-1,0.000000
10183,0,-1,-1,-1,-1,0,-1,-1,-1,-1.000000,-1.000000,117,0,0,0,0,0,-1,-1,-1,0.000000
10184,0,-1,-1,-1,-1,0,-1,-1,-1,-1.000000,-1.000000,203,0,0,0,0,0,-1,-1,-1,0.000000
10185,0,-1,-1,-1,-1,0,-1,-1,-1,-1.000000,-1.000000,285,0,0,0,0,0,-1,-1,-1,0.000000
10186,0,-1,-1,-1,-1,0,-1,-1,-1,-1.000000,-1.000000,327,0,0,0,0,0,-1,-1,-1,0.000000
10187,0,-1,-1,-1,-1,0,-1,-1,-1,-1.000000,-1.000000,513,0,0,0,0,0,-1,-1,-1,0.000000
10188,0,691,-1,-1,7964,0,17,3,4,0.000000,0.000000,101,1,0,0,0,0,691,-1,-1,0.000000
10189,0,-1,-1,-1,-1,0,-1,-1,-1,-1.000000,-1.000000,137,0,0,0,0,0,-1,-1,-1,0.000000
10190,0,-1,-1,-1,-1,0,-1,-1,-1,-1.000000,-1.000000,239,0,0,0,0,0,-1,-1,-1,0.000000
10191,0,-1,-1,-1,-1,0,-1,-1,-1,-1.000000,-1.000000,306,0,0,0,0,0,-1,-1,-1,0.000000
10192,0,-1,-1,-1,-1,0,-1,-1,-1,-1.000000,-1.000000,103,0,0,0,0,0,-1,-1,-1,0.000000
10193,0,-1,-1,-1,-1,0,-1,-1,-1,-1.000000,-1.000000,329,0,0,0,0,0,-1,-1,-1,0.000000
10194,0,-1,-1,-1,-1,0,-1,-1,-1,-1.000000,-1.000000,303,0,0,0,0,0,-1,-1,-1,0.000000
10195,0,-1,-1,-1,-1,0,-1,-1,-1,-1.000000,-1.000000,165,0,0,0,0,0,-1,-1,-1,0.000000
10196,0,24,-1,-1,5959,737,63,3,4,0.000000,0.000000,41,742,0,230,0,230,24,-1,-1,0.000000
10197,0,-1,-1,-1,-1,0,-1,-1,-1,-1.000000,-1.000000,243,0,0,0,0,0,-1,-1,-1,0.000000
10198,0,-1,-1,-1,-1,0,-1,-1,-1,-1.000000,-1.000000,223,0,0,0,0,0,-1,-1,-1,0.000000
10199,0,24,-1,-1,1674,682,61,3,2,0.000000,0.000000,60,784,0,150,0,150,24,-1,-1,0.000000
10200,0,-1,-1,-1,-1,0,-1,-1,-1,-1.000000,-1.000000,289,0,0,0,0,0,-1,-1,-1,0.000000
10201,0,-1,-1,-1,-1,0,-1,-1,-1,-1.000000,-1.000000,429,0,0,0,0,0,-1,-1,-1,0.000000
10202,0,-1,-1,-1,-1,0,-1,-1,-1,-1.000000,-1.000000,121,0,0,0,0,0,-1,-1,-1,0.000000
10203,0,-1,-1,-1,-1,0,-1,-1,-1,-1.000000,-1.000000,127,0,0,0,0,0,-1,-1,-1,0.000000
10204,0,-1,-1,-1,-1,0,-1,-1,-1,-1.000000,-1.000000,197,0,0,0,0,0,-1,-1,-1,0.000000
10205,0,-1,-1,-1,-1,0,-1,-1,-1,-1.000000,-1.000000,428,0,0,0,0,0,-1,-1,-1,0.000000
10206,0,-1,-1,-1,-1,0,-1,-1,-1,-1.000000,-1.000000,460,0,0,0,0,0,-1,-1,-1,0.000000
10207,0,-1,-1,-1,-1,0,-1,-1,-1,-1.000000,-1.000000,413,0,0,0,0,0,-1,-1,-1,0.000000
10208,0,532,-1,-1,5162,203,21,3,4,0.000000,0.000000,51,220,0,67,0,67,532,-1,-1,0.000000
10209,0,-1,-1,-1,-1,0,-1,-1,-1,-1.000000,-1.000000,93,0,0,0,0,0,-1,-1,-1,0.000000
10210,0,26,-1,-1,5049,163,63,3,4,0.000000,0.000000,53,258,0,62,0,62,26,-1,-1,0.000000
10211,0,169,-1,-1,3461,517,32,3,4,0.000000,0.000000,40,551,0,104,0,104,169,-1,-1,0.000000
10212,0,-1,-1,-1,-1,0,-1,-1,-1,-1.000000,-1.000000,294,0,0,0,0,0,-1,-1,-1,0.000000
10213,0,-1,-1,-1,-1,0,-1,-1,-1,-1.000000,-1.000000,263,0,0,0,0,0,-1,-1,-1,0.000000
10214,0,-1,-1,-1,-1,0,-1,-1,-1,-1.000000,-1.000000,109,0,0,0,0,0,-1,-1,-1,0.000000
10215,0,-1,-1,-1,-1,0,-1,-1,-1,-1.000000,-1.000000,103,0,0,0,0,0,-1,-1,-1,0.000000
10216,0,-1,-1,-1,-1,0,-1,-1,-1,-1.000000,-1.000000,129,0,0,0,0,0,-1,-1,-1,0.000000
10217,0,-1,-1,-1,-1,0,-1,-1,-1,-1.000000,-1.000000,306,0,0,0,0,0,-1,-1,-1,0.000000
10218,0,-1,-1,-1,-1,0,-1,-1,-1,-1.000000,-1.000000,502,0,0,0,0,0,-1,-1,-1,0.000000
10219,0,-1,-1,-1,-1,0,-1,-1,-1,-1.000000,-1.000000,120,0,0,0,0,0,-1,-1,-1,0.000000
10220,0,-1,-1,-1,-1,0,-1,-1,-1,-1.000000,-1.000000,275,0,0,0,0,0,-1,-1,-1,0.000000
10221,0,132,-1,-1,4799,3,37,3,4,0.000000,0.000000,69,15,0,7,0,7,132,-1,-1,0.000000
10222,0,28,-1,-1,6916,349,57,3,4,0.000000,0.000000,61,462,0,148,0,148,28,-1,-1,0.000000
10223,0,-1,-1,-1,-1,0,-1,-1,-1,-1.000000,-1.000000,108,0,0,0,0,0,-1,-1,-1,0.000000
10224,0,-1,-1,-1,-1,0,-1,-1,-1,-1.000000,-1.000000,269,0,0,0,0,0,-1,-1,-1,0.000000
10225,0,265,-1,-1,2900,0,25,3,4,0.000000,0.000000,89,3,0,0,0,0,265,-1,-1,0.000000
10226,0,-1,-1,-1,-1,0,-1,-1,-1,-1.000000,-1.000000,251,0,0,0,0,0,-1,-1,-1,0.000000
10227,0,-1,-1,-1,-1,0,-1,-1,-1,-1.000000,-1.000000,97,0,0,0,0,0,-1,-1,-1,0.000000
10228,0,-1,-1,-1,-1,0,-1,-1,-1,-1.000000,-1.000000,111,0,0,0,0,0,-1,-1,-1,0.000000
10229,0,25,-1,-1,6501,465,63,3,4,0.000000,0.000000,51,578,0,125,0,125,25,-1,-1,0.000000
10230,0,-1,-1,-1,-1,0,-1,-1,-1,-1.000000,-1.000000,265,0,0,0,0,0,-1,-1,-1,0.000000
10231,0,28,-1,-1,1237,2,57,3,4,0.000000,0.000000,73,9,0,2,0,2,28,-1,-1,0.000000
10232,0,-1,-1,-1,-1,0,-1,-1,-1,-1.000000,-1.000000,391,0,0,0,0,0,-1,-1,-1,0.000000
10233,0,-1,-1,-1,-1,0,-1,-1,-1,-1.000000,-1.000000,84,0,0,0,0,0,-1,-1,-1,0.000000
10234,0,-1,-1,-1,-1,0,-1,-1,-1,-1.000000,-1.000000,185,0,0,0,0,0,-1,-1,-1,0.000000
10235,0,-1,-1,-1,-1,0,-1,-1,-1,-1.000000,-1.000000,293,0,0,0,0,0,-1,-1,-1,0.000000
10236,0,-1,-1,-1,-1,0,-1,-1,-1,-1.000000,-1.000000,444,0,0,0,0,0,-1,-1,-1,0.000000
10237,0,-1,-1,-1,-1,0,-1,-1,-1,-1.000000,-1.000000,109,0,0,0,0,0,-1,-1,-1,0.000000
10238,0,-1,-1,-1,-1,0,-1,-1,-1,-1.000000,-1.000000,266,0,0,0,0,0,-1,-1,-1,0.000000
10239,0,-1,-1,-1,-1,0,-1,-1,-1,-1.000000,-1.000000,321,0,0,0,0,0,-1,-1,-1,0.000000
10240,0,97,-1,-1,2126,2,39,3,4,0.000000,0.000000,69,20,0,11,0,11,97,-1,-1,0.000000
10241,0,-1,-1,-1,-1,0,-1,-1,-1,-1.000000,-1.000000,186,0,0,0,0,0,-1,-1,-1,0.000000
10242,0,-1,-1,-1,-1,0,-1,-1,-1,-1.000000,-1.000000,283,0,0,0,0,0,-1,-1,-1,0.000000
10243,0,-1,-1,-1,-1,0,-1,-1,-1,-1.000000,-1.000000,169,0,0,0,0,0,-1,-1,-1,0.000000
10244,0,-1,-1,-1,-1,0,-1,-1,-1,-1.000000,-1.000000,492,0,0,0,0,0,-1,-1,-1,0.000000
10245,0,-1,-1,-1,-1,0,-1,-1,-1,-1.000000,-1.000000,317,0,0,0,0,0,-1,-1,-1,0.000000
10246,0,-1,-1,-1,-1,0,-1,-1,-1,-1.000000,-1.000000,247,0,0,0,0,0,-1,-1,-1,0.000000
10247,0,-1,-1,-1,-1,0,-1,-1,-1,-1.000000,-1.000000,308,0,0,0,0,0,-1,-1,-1,0.000000
10248,0,-1,-1,-1,-1,0,-1,-1,-1,-1.000000,-1.000000,293,0,0,0,0,0,-1,-1,-1,0.000000
10249,0,104,-1,-1,7551,0,37,3,4,0.000000,0.000000,107,5,0,1,0,1,104,-1,-1,0.000000
10250,0,-1,-1,-1,-1,0,-1,-1,-1,-1.000000,-1.000000,266,0,0,0,0,0,-1,-1,-1,0.000000
10251,0,-1,-1,-1,-1,0,-1,-1,-1,-1.000000,-1.000000,463,0,0,0,0,0,-1,-1,-1,0.000000
10252,0,-1,-1,-1,-1,0,-1,-1,-1,-1.000000,-1.000000,474,0,0,0,0,0,-1,-1,-1,0.000000
10253,0,25,-1,-1,4953,610,65,3,4,0.000000,0.000000,37,820,0,151,0,151,25,-1,-1,0.000000
10254,0,54,-1,-1,507,1,47,3,4,0.000000,0.000000,83,11,0,6,0,6,54,-1,-1,0.000000
10255,0,-1,-1,-1,-1,0,-1,-1,-1,-1.000000,-1.000000,255,0,0,0,0,0,-1,-1,-1,0.000000
10256,0,-1,-1,-1,-1,0,-1,-1,-1,-1.000000,-1.000000,230,0,0,0,0,0,-1,-1,-1,0.000000
10257,0,-1,-1,-1,-1,0,-1,-1,-1,-1.000000,-1.000000,321,0,0,0,0,0,-1,-1,-1,0.000000
10258,0,-1,-1,-1,-1,0,-1,-1,-1,-1.000000,-1.000000,467,0,0,0,0,0,-1,-1,-1,0.000000
10259,0,47,-1,-1,7543,2,49,3,4,0.000000,0.000000,83,2,0,2,0,2,47,-1,-1,0.000000
10260,0,58,-1,-1,7856,3,48,3,2,0.000000,0.000000,73,9,0,4,0,4,58,-1,-1,0.000000
10261,0,-1,-1,-1,-1,0,-1,-1,-1,-1.000000,-1.000000,230,0,0,0,0,0,-1,-1,-1,0.000000
10262,0,-1,-1,-1,-1,0,-1,-1,-1,-1.000000,-1.000000,361,0,0,0,0,0,-1,-1,-1,0.000000
10263,0,-1,-1,-1,-1,0,-1,-1,-1,-1.000000,-1.000000,141,0,0,0,0,0,-1,-1,-1,0.000000
10264,0,-1,-1,-1,-1,0,-1,-1,-1,-1.000000,-1.000000,56,0,0,0,0,0,-1,-1,-1,0.000000
10265,0,46,-1,-1,4084,396,49,3,4,0.000000,0.000000,63,464,0,186,0,186,46,-1,-1,0.000000
10266,0,-1,-1,-1,-1,0,-1,-1,-1,-1.000000,-1.000000,209,0,0,0,0,0,-1,-1,-1,0.000000
10267,0,-1,-1,-1,-1,0,-1,-1,-1,-1.000000,-1.000000,199,0,0,0,0,0,-1,-1,-1,0.000000
10268,0,-1,-1,-1,-1,0,-1,-1,-1,-1.000000,-1.000000,275,0,0,0,0,0,-1,-1,-1,0.000000
10269,0,10,-1,-1,5712,754,70,3,2,0.000000,0.000000,19,790,0,197,0,197,10,-1,-1,0.000000
10270,0,39,-1,-1,7364,13,51,3,4,0.000000,0.000000,107,45,0,20,0,20,39,-1,-1,0.000000
10271,0,938,-1,-1,4031,0,13,3,2,0.000000,0.000000,154,1,0,1,0,1,938,-1,-1,0.000000
10272,0,-1,-1,-1,-1,0,-1,-1,-1,-1.000000,-1.000000,303,0,0,0,0,0,-1,-1,-1,0.000000
10273,0,-1,-1,-1,-1,0,-1,-1,-1,-1.000000,-1.000000,393,0,0,0,0,0,-1,-1,-1,0.000000
10274,0,-1,-1,-1,-1,0,-1,-1,-1,-1.000000,-1.000000,129,0,0,0,0,0,-1,-1,-1,0.000000
10275,0,-1,-1,-1,-1,0,-1,-1,-1,-1.000000,-1.000000,117,0,0,0,0,0,-1,-1,-1,0.000000
10276,0,-1,-1,-1,-1,0,-1,-1,-1,-1.000000,-1.000000,308,0,0,0,0,0,-1,-1,-1,0.000000
10277,0,-1,-1,-1,-1,0,-1,-1,-1,-1.000000,-1.000000,253,0,0,0,0,0,-1,-1,-1,0.000000
10278,0,-1,-1,-1,-1,0,-1,-1,-1,-1.000000,-1.000000,269,0,0,0,0,0,-1,-1,-1,0.000000
10279,0,-1,-1,-1,-1,0,-1,-1,-1,-1.000000,-1.000000,197,0,0,0,0,0,-1,-1,-1,0.000000
10280,0,28,-1,-1,3473,749,59,3,4,0.000000,0.000000,41,718,0,227,0,227,28,-1,-1,0.000000
10281,0,-1,-1,-1,-1,0,-1,-1,-1,-1.000000,-1.000000,438,0,0,0,0,0,-1,-1,-1,0.000000
10282,0,-1,-1,-1,-1,0,-1,-1,-1,-1.000000,-1.000000,229,0,0,0,0,0,-1,-1,-1,0.000000
10283,0,-1,-1,-1,-1,0,-1,-1,-1,-1.000000,-1.000000,105,0,0,0,0,0,-1,-1,-1,0.000000
10284,0,-1,-1,-1,-1,0,-1,-1,-1,-1.000000,-1.000000,335,0,0,0,0,0,-1,-1,-1,0.000000
10285,0,29,-1,-1,2319,441,59,3,4,0.000000,0.000000,77,472,0,175,0,175,29,-1,-1,0.000000
10286,0,-1,-1,-1,-1,0,-1,-1,-1,-1.000000,-1.000000,153,0,0,0,0,0,-1,-1,-1,0.000000
10287,0,-1,-1,-1,-1,0,-1,-1,-1,-1.000000,-1.000000,398,0,0,0,0,0,-1,-1,-1,0.000000
10288,0,-1,-1,-1,-1,0,-1,-1,-1,-1.000000,-1.000000,137,0,0,0,0,0,-1,-1,-1,0.000000
10289,0,-1,-1,-1,-1,0,-1,-1,-1,-1.000000,-1.000000,428,0,0,0,0,0,-1,-1,-1,0.000000
10290,0,-1,-1,-1,-1,0,-1,-1,-1,-1.000000,-1.000000,295,0,0,0,0,0,-1,-1,-1,0.000000
10291,0,-1,-1,-1,-1,0,-1,-1,-1,-1.000000,-1.000000,428,0,0,0,0,0,-1,-1,-1,0.000000
10292,0,28,-1,-1,5985,45,57,3,4,0.000000,0.000000,73,102,0,41,0,41,28,-1,-1,0.000000
10293,0,28,-1,-1,7630,485,60,3,2,0.000000,0.000000,47,556,0,170,0,170,28,-1,-1,0.000000
10294,0,-1,-1,-1,-1,0,-1,-1,-1,-1.000000,-1.000000,295,0,0,0,0,0,-1,-1,-1,0.000000
10295,0,24,-1,-1,1962,717,62,3,2,0.000000,0.000000,45,736,0,141,0,141,24,-1,-1,0.000000
10296,0,-1,-1,-1,-1,0,-1,-1,-1,-1.000000,-1.000000,131,0,0,0,0,0,-1,-1,-1,0.000000
10297,0,-1,-1,-1,-1,0,-1,-1,-1,-1.000000,-1.000000,178,0,0,0,0,0,-1,-1,-1,0.000000
10298,0,-1,-1,-1,-1,0,-1,-1,-1,-1.000000,-1.000000,254,0,0,0,0,0,-1,-1,-1,0.000000
10299,0,-1,-1,-1,-1,0,-1,-1,-1,-1.000000,-1.000000,326,0,0,0,0,0,-1,-1,-1,0.000000
10300,0,39,-1,-1,3500,628,53,3,2,0.000000,0.000000,22,801,0,154,0,154,39,-1,-1,0.000000
10301,0,-1,-1,-1,-1,0,-1,-1,-1,-1.000000,-1.000000,115,0,0,0,0,0,-1,-1,-1,0.000000
10302,0,-1,-1,-1,-1,0,-1,-1,-1,-1.000000,-1.000000,271,0,0,0,0,0,-1,-1,-1,0.000000
10303,0,-1,-1,-1,-1,0,-1,-1,-1,-1.000000,-1.000000,164,0,0,0,0,0,-1,-1,-1,0.000000
10304,0,-1,-1,-1,-1,0,-1,-1,-1,-1.000000,-1.000000,97,0,0,0,0,0,-1,-1,-1,0.000000
10305,0,-1,-1,-1,-1,0,-1,-1,-1,-1.000000,-1.000000,135,0,0,0,0,0,-1,-1,-1,0.000000
10306,0,-1,-1,-1,-1,0,-1,-1,-1,-1.000000,-1.000000,291,0,0,0,0,0,-1,-1,-1,0.000000
10307,0,-1,-1,-1,-1,0,-1,-1,-1,-1.000000,-1.000000,181,0,0,0,0,0,-1,-1,-1,0.000000
10308,0,-1,-1,-1,-1,0,-1,-1,-1,-1.000000,-1.000000,295,0,0,0,0,0,-1,-1,-1,0.000000
10309,0,-1,-1,-1,-1,0,-1,-1,-1,-1.000000,-1.000000,104,0,0,0,0,0,-1,-1,-1,0.000000
10310,0,-1,-1,-1,-1,0,-1,-1,-1,-1.000000,-1.000000,283,0,0,0,0,0,-1,-1,-1,0.000000
10311,0,-1,-1,-1,-1,0,-1,-1,-1,-1.000000,-1.000000,211,0,0,0,0,0,-1,-1,-1,0.000000
10312,0,43,-1,-1,5083,44,51,3,4,0.000000,0.000000,61,97,0,26,0,26,43,-1,-1,0.000000
10313,0,-1,-1,-1,-1,0,-1,-1,-1,-1.000000,-1.000000,123,0,0,0,0,0,-1,-1,-1,0.000000
10314,0,-1,-1,-1,-1,0,-1,-1,-1,-1.000000,-1.000000,97,0,0,0,0,0,-1,-1,-1,0.000000
10315,0,-1,-1,-1,-1,0,-1,-1,-1,-1.000000,-1.000000,163,0,0,0,0,0,-1,-1,-1,0.000000
10316,0,-1,-1,-1,-1,0,-1,-1,-1,-1.000000,-1.000000,117,0,0,0,0,0,-1,-1,-1,0.000000
10317,0,25,-1,-1,1674,580,60,3,4,0.000000,0.000000,60,583,0,169,0,169,25,-1,-1,0.000000
10318,0,-1,-1,-1,-1,0,-1,-1,-1,-1.000000,-1.000000,359,0,0,0,0,0,-1,-1,-1,0.000000
10319,0,-1,-1,-1,-1,0,-1,-1,-1,-1.000000,-1.000000,276,0,0,0,0,0,-1,-1,-1,0.000000
10320,0,-1,-1,-1,-1,0,-1,-1,-1,-1.000000,-1.000000,145,0,0,0,0,0,-1,-1,-1,0.000000
10321,0,-1,-1,-1,-1,0,-1,-1,-1,-1.000000,-1.000000,153,0,0,0,0,0,-1,-1,-1,0.000000
10322,0,-1,-1,-1,-1,0,-1,-1,-1,-1.000000,-1.000000,135,0,0,0,0,0,-1,-1,-1,0.000000
10323,0,-1,-1,-1,-1,0,-1,-1,-1,-1.000000,-1.000000,64,0,0,0,0,0,-1,-1,-1,0.000000
10324,0,-1,-1,-1,-1,0,-1,-1,-1,-1.000000,-1.000000,436,0,0,0,0,0,-1,-1,-1,0.000000
10325,0,-1,-1,-1,-1,0,-1,-1,-1,-1.000000,-1.000000,163,0,0,0,0,0,-1,-1,-1,0.000000
10326,0,17,-1,-1,676,680,70,3,2,0.000000,0.000000,9,777,0,206,0,206,17,-1,-1,0.000000
10327,0,23,-1,-1,3474,871,66,3,2,0.000000,0.000000,23,793,0,178,0,178,23,-1,-1,0.000000
10328,0,-1,-1,-1,-1,0,-1,-1,-1,-1.000000,-1.000000,191,0,0,0,0,0,-1,-1,-1,0.000000
10329,0,-1,-1,-1,-1,0,-1,-1,-1,-1.000000,-1.000000,195,0,0,0,0,0,-1,-1,-1,0.000000
10330,0,-1,-1,-1,-1,0,-1,-1,-1,-1.000000,-1.000000,151,0,0,0,0,0,-1,-1,-1,0.000000
10331,0,24,-1,-1,2710,437,63,3,4,0.000000,0.000000,59,551,0,145,0,145,24,-1,-1,0.000000
10332,0,-1,-1,-1,-1,0,-1,-1,-1,-1.000000,-1.000000,295,0,0,0,0,0,-1,-1,-1,0.000000
10333,0,24,-1,-1,5774,815,64,3,2,0.000000,0.000000,25,681,0,295,0,295,24,-1,-1,0.000000
10334,0,-1,-1,-1,-1,0,-1,-1,-1,-1.000000,-1.000000,123,0,0,0,0,0,-1,-1,-1,0.000000
10335,0,-1,-1,-1,-1,0,-1,-1,-1,-1.000000,-1.000000,468,0,0,0,0,0,-1,-1,-1,0.000000
10336,0,-1,-1,-1,-1,0,-1,-1,-1,-1.000000,-1.000000,115,0,0,0,0,0,-1,-1,-1,0.000000
10337,0,-1,-1,-1,-1,0,-1,-1,-1,-1.000000,-1.000000,186,0,0,0,0,0,-1,-1,-1,0.000000
10338,0,-1,-1,-1,-1,0,-1,-1,-1,-1.000000,-1.000000,437,0,0,0,0,0,-1,-1,-1,0.000000
10339,0,-1,-1,-1,-1,0,-1,-1,-1,-1.000000,-1.000000,101,0,0,0,0,0,-1,-1,-1,0.000000
10340,0,-1,-1,-1,-1,0,-1,-1,-1,-1.000000,-1.000000,381,0,0,0,0,0,-1,-1,-1,0.000000
10341,0,-1,-1,-1,-1,0,-1,-1,-1,-1.000000,-1.000000,119,0,0,0,0,0,-1,-1,-1,0.000000
10342,0,-1,-1,-1,-1,0,-1,-1,-1,-1.000000,-1.000000,241,0,0,0,0,0,-1,-1,-1,0.000000
10343,0,347,-1,-1,2252,1,23,3,4,0.000000,0.000000,59,15,0,4,0,4,347,-1,-1,0.000000
10344,0,-1,-1,-1,-1,0,-1,-1,-1,-1.000000,-1.000000,265,0,0,0,0,0,-1,-1,-1,0.000000
10345,0,24,-1,-1,3640,746,64,3,2,0.000000,0.000000,49,748,0,171,0,171,24,-1,-1,0.000000
10346,0,-1,-1,-1,-1,0,-1,-1,-1,-1.000000,-1.000000,197,0,0,0,0,0,-1,-1,-1,0.000000
10347,0,43,-1,-1,5807,8,49,3,4,0.000000,0.000000,83,18,0,9,0,9,43,-1,-1,0.000000
10348,0,-1,-1,-1,-1,0,-1,-1,-1,-1.000000,-1.000000,133,0,0,0,0,0,-1,-1,-1,0.000000
10349,0,591,-1,-1,5326,0,17,3,2,0.000000,0.000000,94,7,0,3,0,3,591,-1,-1,0.000000
10350,0,-1,-1,-1,-1,0,-1,-1,-1,-1.000000,-1.000000,448,0,0,0,0,0,-1,-1,-1,0.000000
10351,0,-1,-1,-1,-1,0,-1,-1,-1,-1.000000,-1.000000,187,0,0,0,0,0,-1,-1,-1,0.000000
10352,0,24,-1,-1,5901,514,62,3,2,0.000000,0.000000,75,543,0,236,0,236,24,-1,-1,0.000000
10353,0,-1,-1,-1,-1,0,-1,-1,-1,-1.000000,-1.000000,209,0,0,0,0,0,-1,-1,-1,0.000000
10354,0,-1,-1,-1,-1,0,-1,-1,-1,-1.000000,-1.000000,167,0,0,0,0,0,-1,-1,-1,0.000000
10355,0,22,-1,-1,4552,668,69,3,4,0.000000,0.000000,13,791,0,187,0,187,22,-1,-1,0.000000
10356,0,-1,-1,-1,-1,0,-1,-1,-1,-1.000000,-1.000000,365,0,0,0,0,0,-1,-1,-1,0.000000
10357,0,-1,-1,-1,-1,0,-1,-1,-1,-1.000000,-1.000000,124,0,0,0,0,0,-1,-1,-1,0.000000
10358,0,-1,-1,-1,-1,0,-1,-1,-1,-1.000000,-1.000000,181,0,0,0,0,0,-1,-1,-1,0.000000
10359,0,-1,-1,-1,-1,0,-1,-1,-1,-1.000000,-1.000000,203,0,0,0,0,0,-1,-1,-1,0.000000
10360,0,-1,-1,-1,-1,0,-1,-1,-1,-1.000000,-1.000000,119,0,0,0,0,0,-1,-1,-1,0.000000
10361,0,-1,-1,-1,-1,0,-1,-1,-1,-1.000000,-1.000000,115,0,0,0,0,0,-1,-1,-1,0.000000
10362,0,18,-1,-1,2745,714,68,3,2,0.000000,0.000000,27,799,0,179,0,179,18,-1,-1,0.000000
10363,0,-1,-1,-1,-1,0,-1,-1,-1,-1.000000,-1.000000,231,0,0,0,0,0,-1,-1,-1,0.000000
10364,0,-1,-1,-1,-1,0,-1,-1,-1,-1.000000,-1.000000,213,0,0,0,0,0,-1,-1,-1,0.000000
10365,0,968,-1,-1,2135,0,13,3,2,0.000000,0.000000,44,1,0,0,0,0,968,-1,-1,0.000000
10366,0,-1,-1,-1,-1,0,-1,-1,-1,-1.000000,-1.000000,460,0,0,0,0,0,-1,-1,-1,0.000000
10367,0,-1,-1,-1,-1,0,-1,-1,-1,-1.000000,-1.000000,471,0,0,0,0,0,-1,-1,-1,0.000000
10368,0,-1,-1,-1,-1,0,-1,-1,-1,-1.000000,-1.000000,289,0,0,0,0,0,-1,-1,-1,0.000000
10369,0,-1,-1,-1,-1,0,-1,-1,-1,-1.000000,-1.000000,299,0,0,0,0,0,-1,-1,-1,0.000000
10370,0,-1,-1,-1,-1,0,-1,-1,-1,-1.000000,-1.000000,444,0,0,0,0,0,-1,-1,-1,0.000000
10371,0,35,-1,-1,2335,741,53,3,2,0.000000,0.000000,38,685,0,200,0,200,35,-1,-1,0.000000
10372,0,24,-1,-1,5405,337,65,3,4,0.000000,0.000000,55,447,0,98,0,98,24,-1,-1,0.000000
10373,0,-1,-1,-1,-1,0,-1,-1,-1,-1.000000,-1.000000,231,0,0,0,0,0,-1,-1,-1,0.000000
10374,0,178,-1,-1,4939,562,33,3,2,0.000000,0.000000,18,714,0,84,0,84,178,-1,-1,0.000000
10375,0,-1,-1,-1,-1,0,-1,-1,-1,-1.000000,-1.000000,318,0,0,0,0,0,-1,-1,-1,0.000000
10376,0,-1,-1,-1,-1,0,-1,-1,-1,-1.000000,-1.000000,163,0,0,0,0,0,-1,-1,-1,0.000000
10377,0,61,-1,-1,5311,0,46,3,2,0.000000,0.000000,99,4,0,1,0,1,61,-1,-1,0.000000
10378,0,-1,-1,-1,-1,0,-1,-1,-1,-1.000000,-1.000000,209,0,0,0,0,0,-1,-1,-1,0.000000
10379,0,-1,-1,-1,-1,0,-1,-1,-1,-1.000000,-1.000000,234,0,0,0,0,0,-1,-1,-1,0.000000
10380,0,-1,-1,-1,-1,0,-1,-1,-1,-1.000000,-1.000000,205,0,0,0,0,0,-1,-1,-1,0.000000
10381,0,33,-1,-1,1410,751,55,3,4,0.000000,0.000000,47,697,0,215,0,215,33,-1,-1,0.000000
10382,0,-1,-1,-1,-1,0,-1,-1,-1,-1.000000,-1.000000,135,0,0,0,0,0,-1,-1,-1,0.000000
10383,0,-1,-1,-1,-1,0,-1,-1,-1,-1.000000,-1.000000,195,0,0,0,0,0,-1,-1,-1,0.000000
10384,0,-1,-1,-1,-1,0,-1,-1,-1,-1.000000,-1.000000,113,0,0,0,0,0,-1,-1,-1,0.000000
10385,0,-1,-1,-1,-1,0,-1,-1,-1,-1.000000,-1.000000,109,0,0,0,0,0,-1,-1,-1,0.000000
10386,0,-1,-1,-1,-1,0,-1,-1,-1,-1.000000,-1.000000,353,0,0,0,0,0,-1,-1,-1,0.000000
10387,0,-1,-1,-1,-1,0,-1,-1,-1,-1.000000,-1.000000,402,0,0,0,0,0,-1,-1,-1,0.000000
10388,0,22,-1,-1,4310,772,66,3,2,0.000000,0.000000,31,802,0,173,0,173,22,-1,-1,0.000000
10389,0,-1,-1,-1,-1,0,-1,-1,-1,-1.000000,-1.000000,153,0,0,0,0,0,-1,-1,-1,0.000000
10390,0,-1,-1,-1,-1,0,-1,-1,-1,-1.000000,-1.000000,249,0,0,0,0,0,-1,-1,-1,0.000000
10391,0,61,-1,-1,838,767,45,3,4,0.000000,0.000000,57,722,0,182,0,182,61,-1,-1,0.000000
10392,0,566,-1,-1,5340,332,20,3,2,0.000000,0.000000,35,322,0,59,0,59,566,-1,-1,0.000000
10393,0,26,-1,-1,3437,656,61,3,4,0.000000,0.000000,67,702,0,190,0,190,26,-1,-1,0.000000
10394,0,-1,-1,-1,-1,0,-1,-1,-1,-1.000000,-1.000000,264,0,0,0,0,0,-1,-1,-1,0.000000
10395,0,-1,-1,-1,-1,0,-1,-1,-1,-1.000000,-1.000000,175,0,0,0,0,0,-1,-1,-1,0.000000
10396,0,39,-1,-1,3583,144,51,3,4,0.000000,0.000000,79,237,0,88,0,88,39,-1,-1,0.000000
10397,0,-1,-1,-1,-1,0,-1,-1,-1,-1.000000,-1.000000,327,0,0,0,0,0,-1,-1,-1,0.000000
10398,0,-1,-1,-1,-1,0,-1,-1,-1,-1.000000,-1.000000,396,0,0,0,0,0,-1,-1,-1,0.000000
10399,0,-1,-1,-1,-1,0,-1,-1,-1,-1.000000,-1.000000,165,0,0,0,0,0,-1,-1,-1,0.000000
10400,0,-1,-1,-1,-1,0,-1,-1,-1,-1.000000,-1.000000,245,0,0,0,0,0,-1,-1,-1,0.000000
10401,0,31,-1,-1,4516,744,57,3,2,0.000000,0.000000,36,732,0,180,0,180,31,-1,-1,0.000000
10402,0,-1,-1,-1,-1,0,-1,-1,-1,-1.000000,-1.000000,320,0,0,0,0,0,-1,-1,-1,0.000000
10403,0,-1,-1,-1,-1,0,-1,-1,-1,-1.000000,-1.000000,409,0,0,0,0,0,-1,-1,-1,0.000000
10404,0,124,-1,-1,1785,588,37,3,2,0.000000,0.000000,48,590,0,133,0,133,124,-1,-1,0.000000
10405,0,-1,-1,-1,-1,0,-1,-1,-1,-1.000000,-1.000000,205,0,0,0,0,0,-1,-1,-1,0.000000
10406,0,-1,-1,-1,-1,0,-1,-1,-1,-1.000000,-1.000000,127,0,0,0,0,0,-1,-1,-1,0.000000
10407,0,-1,-1,-1,-1,0,-1,-1,-1,-1.000000,-1.000000,369,0,0,0,0,0,-1,-1,-1,0.000000
10408,0,-1,-1,-1,-1,0,-1,-1,-1,-1.000000,-1.000000,350,0,0,0,0,0,-1,-1,-1,0.000000
10409,0,-1,-1,-1,-1,0,-1,-1,-1,-1.000000,-1.000000,150,0,0,0,0,0,-1,-1,-1,0.000000
10410,0,-1,-1,-1,-1,0,-1,-1,-1,-1.000000,-1.000000,481,0,0,0,0,0,-1,-1,-1,0.000000
10411,0,21,-1,-1,5224,762,67,3,4,0.000000,0.000000,43,788,0,189,0,189,21,-1,-1,0.000000
10412,0,-1,-1,-1,-1,0,-1,-1,-1,-1.000000,-1.000000,343,0,0,0,0,0,-1,-1,-1,0.000000
10413,0,58,-1,-1,6660,211,45,3,2,0.000000,0.000000,50,348,0,73,0,73,58,-1,-1,0.000000
10414,0,61,-1,-1,2804,36,46,3,2,0.000000,0.000000,79,112,0,18,0,18,61,-1,-1,0.000000
10415,0,-1,-1,-1,-1,0,-1,-1,-1,-1.000000,-1.000000,261,0,0,0,0,0,-1,-1,-1,0.000000
10416,0,-1,-1,-1,-1,0,-1,-1,-1,-1.000000,-1.000000,355,0,0,0,0,0,-1,-1,-1,0.000000
10417,0,-1,-1,-1,-1,0,-1,-1,-1,-1.000000,-1.000000,351,0,0,0,0,0,-1,-1,-1,0.000000
10418,0,-1,-1,-1,-1,0,-1,-1,-1,-1.000000,-1.000000,263,0,0,0,0,0,-1,-1,-1,0.000000
10419,0,-1,-1,-1,-1,0,-1,-1,-1,-1.000000,-1.000000,361,0,0,0,0,0,-1,-1,-1,0.000000
10420,0,-1,-1,-1,-1,0,-1,-1,-1,-1.000000,-1.000000,294,0,0,0,0,0,-1,-1,-1,0.000000
10421,0,39,-1,-1,6331,48,51,3,4,0.000000,0.000000,73,146,0,28,0,28,39,-1,-1,0.000000
10422,0,29,-1,-1,18,727,56,3,2,0.000000,0.000000,45,744,0,135,0,135,29,-1,-1,0.000000
10423,0,-1,-1,-1,-1,0,-1,-1,-1,-1.000000,-1.000000,127,0,0,0,0,0,-1,-1,-1,0.000000
10424,0,-1,-1,-1,-1,0,-1,-1,-1,-1.000000,-1.000000,131,0,0,0,0,0,-1,-1,-1,0.000000
10425,0,-1,-1,-1,-1,0,-1,-1,-1,-1.000000,-1.000000,395,0,0,0,0,0,-1,-1,-1,0.000000
10426,0,-1,-1,-1,-1,0,-1,-1,-1,-1.000000,-1.000000,357,0,0,0,0,0,-1,-1,-1,0.000000
10427,0,63,-1,-1,7028,236,46,3,2,0.000000,0.000000,69,330,0,96,0,96,63,-1,-1,0.000000
10428,0,-1,-1,-1,-1,0,-1,-1,-1,-1.000000,-1.000000,219,0,0,0,0,0,-1,-1,-1,0.000000
10429,0,-1,-1,-1,-1,0,-1,-1,-1,-1.000000,-1.000000,305,0,0,0,0,0,-1,-1,-1,0.000000
10430,0,-1,-1,-1,-1,0,-1,-1,-1,-1.000000,-1.000000,99,0,0,0,0,0,-1,-1,-1,0.000000
10431,0,-1,-1,-1,-1,0,-1,-1,-1,-1.000000,-1.000000,125,0,0,0,0,0,-1,-1,-1,0.000000
10432,0,36,-1,-1,4579,618,53,3,4,0.000000,0.000000,17,801,0,154,0,154,36,-1,-1,0.000000
10433,0,-1,-1,-1,-1,0,-1,-1,-1,-1.000000,-1.000000,99,0,0,0,0,0,-1,-1,-1,0.000000
10434,0,-1,-1,-1,-1,0,-1,-1,-1,-1.000000,-1.000000,115,0,0,0,0,0,-1,-1,-1,0.000000
10435,0,-1,-1,-1,-1,0,-1,-1,-1,-1.000000,-1.000000,101,0,0,0,0,0,-1,-1,-1,0.000000
10436,0,48,-1,-1,5455,31,52,3,2,0.000000,0.000000,73,117,0,20,0,20,48,-1,-1,0.000000
10437,0,-1,-1,-1,-1,0,-1,-1,-1,-1.000000,-1.000000,123,0,0,0,0,0,-1,-1,-1,0.000000
10438,0,-1,-1,-1,-1,0,-1,-1,-1,-1.000000,-1.000000,279,0,0,0,0,0,-1,-1,-1,0.000000
10439,0,-1,-1,-1,-1,0,-1,-1,-1,-1.000000,-1.000000,85,0,0,0,0,0,-1,-1,-1,0.000000
10440,0,17,-1,-1,5476,559,68,3,2,0.000000,0.000000,35,746,0,236,0,236,17,-1,-1,0.000000
10441,0,22,-1,-1,5890,755,64,3,2,0.000000,0.000000,63,720,0,244,0,244,22,-1,-1,0.000000
10442,0,-1,-1,-1,-1,0,-1,-1,-1,-1.000000,-1.000000,129,0,0,0,0,0,-1,-1,-1,0.000000
10443,0,-1,-1,-1,-1,0,-1,-1,-1,-1.000000,-1.000000,383,0,0,0,0,0,-1,-1,-1,0.000000
10444,0,-1,-1,-1,-1,0,-1,-1,-1,-1.000000,-1.000000,490,0,0,0,0,0,-1,-1,-1,0.000000
10445,0,-1,-1,-1,-1,0,-1,-1,-1,-1.000000,-1.000000,171,0,0,0,0,0,-1,-1,-1,0.000000
10446,0,-1,-1,-1,-1,0,-1,-1,-1,-1.000000,-1.000000,103,0,0,0,0,0,-1,-1,-1,0.000000
10447,0,-1,-1,-1,-1,0,-1,-1,-1,-1.000000,-1.000000,145,0,0,0,0,0,-1,-1,-1,0.000000
10448,0,327,-1,-1,1952,115,23,3,4,0.000000,0.000000,59,195,0,39,0,39,327,-1,-1,0.000000
10449,0,-1,-1,-1,-1,0,-1,-1,-1,-1.000000,-1.000000,317,0,0,0,0,0,-1,-1,-1,0.000000
10450,0,-1,-1,-1,-1,0,-1,-1,-1,-1.000000,-1.000000,200,0,0,0,0,0,-1,-1,-1,0.000000
10451,0,22,-1,-1,3161,610,65,3,4,0.000000,0.000000,51,686,0,292,0,292,22,-1,-1,0.000000
10452,0,-1,-1,-1,-1,0,-1,-1,-1,-1.000000,-1.000000,322,0,0,0,0,0,-1,-1,-1,0.000000
10453,0,-1,-1,-1,-1,0,-1,-1,-1,-1.000000,-1.000000,301,0,0,0,0,0,-1,-1,-1,0.000000
10454,0,-1,-1,-1,-1,0,-1,-1,-1,-1.000000,-1.000000,125,0,0,0,0,0,-1,-1,-1,0.000000
10455,0,-1,-1,-1,-1,0,-1,-1,-1,-1.000000,-1.000000,173,0,0,0,0,0,-1,-1,-1,0.000000
10456,0,-1,-1,-1,-1,0,-1,-1,-1,-1.000000,-1.000000,206,0,0,0,0,0,-1,-1,-1,0.000000
10457,0,-1,-1,-1,-1,0,-1,-1,-1,-1.000000,-1.000000,381,0,0,0,0,0,-1,-1,-1,0.000000
10458,0,-1,-1,-1,-1,0,-1,-1,-1,-1.000000,-1.000000,137,0,0,0,0,0,-1,-1,-1,0.000000
10459,0,-1,-1,-1,-1,0,-1,-1,-1,-1.000000,-1.000000,260,0,0,0,0,0,-1,-1,-1,0.000000
10460,0,-1,-1,-1,-1,0,-1,-1,-1,-1.000000,-1.000000,267,0,0,0,0,0,-1,-1,-1,0.000000
10461,0,187,-1,-1,579,6,32,3,2,0.000000,0.000000,107,28,0,5,0,5,187,-1,-1,0.000000
10462,0,-1,-1,-1,-1,0,-1,-1,-1,-1.000000,-1.000000,435,0,0,0,0,0,-1,-1,-1,0.000000
10463,0,-1,-1,-1,-1,0,-1,-1,-1,-1.000000,-1.000000,117,0,0,0,0,0,-1,-1,-1,0.000000
10464,0,-1,-1,-1,-1,0,-1,-1,-1,-1.000000,-1.000000,195,0,0,0,0,0,-1,-1,-1,0.000000
10465,0,409,-1,-1,5774,0,21,3,4,0.000000,0.000000,115,1,0,0,0,0,409,-1,-1,0.000000
10466,0,-1,-1,-1,-1,0,-1,-1,-1,-1.000000,-1.000000,113,0,0,0,0,0,-1,-1,-1,0.000000
10467,0,-1,-1,-1,-1,0,-1,-1,-1,-1.000000,-1.000000,93,0,0,0,0,0,-1,-1,-1,0.000000
10468,0,43,-1,-1,6663,42,49,3,4,0.000000,0.000000,67,133,0,52,0,52,43,-1,-1,0.000000
10469,0,-1,-1,-1,-1,0,-1,-1,-1,-1.000000,-1.000000,105,0,0,0,0,0,-1,-1,-1,0.000000
10470,0,-1,-1,-1,-1,0,-1,-1,-1,-1.000000,-1.000000,251,0,0,0,0,0,-1,-1,-1,0.000000
10471,0,-1,-1,-1,-1,0,-1,-1,-1,-1.000000,-1.000000,445,0,0,0,0,0,-1,-1,-1,0.000000
10472,0,-1,-1,-1,-1,0,-1,-1,-1,-1.000000,-1.000000,356,0,0,0,0,0,-1,-1,-1,0.000000
10473,0,-1,-1,-1,-1,0,-1,-1,-1,-1.000000,-1.000000,299,0,0,0,0,0,-1,-1,-1,0.000000
10474,0,460,-1,-1,6017,0,21,3,4,0.000000,0.000000,59,14,0,4,0,4,460,-1,-1,0.000000
10475,0,-1,-1,-1,-1,0,-1,-1,-1,-1.000000,-1.000000,473,0,0,0,0,0,-1,-1,-1,0.000000
10476,0,-1,-1,-1,-1,0,-1,-1,-1,-1.000000,-1.000000,146,0,0,0,0,0,-1,-1,-1,0.000000
10477,0,82,-1,-1,7824,0,40,3,2,0.000000,0.000000,79,4,0,3,0,3,82,-1,-1,0.000000
10478,0,-1,-1,-1,-1,0,-1,-1,-1,-1.000000,-1.000000,143,0,0,0,0,0,-1,-1,-1,0.000000
10479,0,-1,-1,-1,-1,0,-1,-1,-1,-1.000000,-1.000000,259,0,0,0,0,0,-1,-1,-1,0.000000
10480,0,23,-1,-1,3928,632,64,3,2,0.000000,0.000000,51,645,0,169,0,169,23,-1,-1,0.000000
10481,0,-1,-1,-1,-1,0,-1,-1,-1,-1.000000,-1.000000,127,0,0,0,0,0,-1,-1,-1,0.000000
10482,0,-1,-1,-1,-1,0,-1,-1,-1,-1.000000,-1.000000,165,0,0,0,0,0,-1,-1,-1,0.000000
10483,0,-1,-1,-1,-1,0,-1,-1,-1,-1.000000,-1.000000,197,0,0,0,0,0,-1,-1,-1,0.000000
10484,0,-1,-1,-1,-1,0,-1,-1,-1,-1.000000,-1.000000,95,0,0,0,0,0,-1,-1,-1,0.000000
10485,0,-1,-1,-1,-1,0,-1,-1,-1,-1.000000,-1.000000,93,0,0,0,0,0,-1,-1,-1,0.000000
10486,0,-1,-1,-1,-1,0,-1,-1,-1,-1.000000,-1.000000,112,0,0,0,0,0,-1,-1,-1,0.000000
10487,0,-1,-1,-1,-1,0,-1,-1,-1,-1.000000,-1.000000,275,0,0,0,0,0,-1,-1,-1,0.000000
10488,0,-1,-1,-1,-1,0,-1,-1,-1,-1.000000,-1.000000,107,0,0,0,0,0,-1,-1,-1,0.000000
10489,0,-1,-1,-1,-1,0,-1,-1,-1,-1.000000,-1.000000,474,0,0,0,0,0,-1,-1,-1,0.000000
10490,0,-1,-1,-1,-1,0,-1,-1,-1,-1.000000,-1.000000,323,0,0,0,0,0,-1,-1,-1,0.000000
10491,0,-1,-1,-1,-1,0,-1,-1,-1,-1.000000,-1.000000,215,0,0,0,0,0,-1,-1,-1,0.000000
10492,0,-1,-1,-1,-1,0,-1,-1,-1,-1.000000,-1.000000,73,0,0,0,0,0,-1,-1,-1,0.000000
10493,0,-1,-1,-1,-1,0,-1,-1,-1,-1.000000,-1.000000,332,0,0,0,0,0,-1,-1,-1,0.000000
10494,0,-1,-1,-1,-1,0,-1,-1,-1,-1.000000,-1.000000,198,0,0,0,0,0,-1,-1,-1,0.000000
10495,0,54,-1,-1,5551,18,46,3,4,0.000000,0.000000,76,72,0,17,0,17,54,-1,-1,0.000000
10496,0,-1,-1,-1,-1,0,-1,-1,-1,-1.000000,-1.000000,445,0,0,0,0,0,-1,-1,-1,0.000000
10497,0,-1,-1,-1,-1,0,-1,-1,-1,-1.000000,-1.000000,219,0,0,0,0,0,-1,-1,-1,0.000000
10498,0,-1,-1,-1,-1,0,-1,-1,-1,-1.000000,-1.000000,477,0,0,0,0,0,-1,-1,-1,0.000000
10499,0,-1,-1,-1,-1,0,-1,-1,-1,-1.000000,-1.000000,229,0,0,0,0,0,-1,-1,-1,0.000000
10500,0,392,-1,-1,5582,0,22,3,4,0.000000,0.000000,106,5,0,0,0,0,392,-1,-1,0.000000
10501,0,29,-1,-1,3549,175,58,3,4,0.000000,0.000000,48,291,0,62,0,62,29,-1,-1,0.000000
10502,0,72,-1,-1,4979,3,44,3,2,0.000000,0.000000,75,12,0,9,0,9,72,-1,-1,0.000000
10503,0,-1,-1,-1,-1,0,-1,-1,-1,-1.000000,-1.000000,117,0,0,0,0,0,-1,-1,-1,0.000000
10504,0,-1,-1,-1,-1,0,-1,-1,-1,-1.000000,-1.000000,167,0,0,0,0,0,-1,-1,-1,0.000000
10505,0,43,-1,-1,5333,75,50,3,2,0.000000,0.000000,55,149,0,63,0,63,43,-1,-1,0.000000
10506,0,-1,-1,-1,-1,0,-1,-1,-1,-1.000000,-1.000000,119,0,0,0,0,0,-1,-1,-1,0.000000
10507,0,-1,-1,-1,-1,0,-1,-1,-1,-1.000000,-1.000000,455,0,0,0,0,0,-1,-1,-1,0.000000
10508,0,28,-1,-1,1247,221,59,3,4,0.000000,0.000000,77,310,0,136,0,136,28,-1,-1,0.000000
10509,0,-1,-1,-1,-1,0,-1,-1,-1,-1.000000,-1.000000,229,0,0,0,0,0,-1,-1,-1,0.000000
10510,0,-1,-1,-1,-1,0,-1,-1,-1,-1.000000,-1.000000,101,0,0,0,0,0,-1,-1,-1,0.000000
10511,0,-1,-1,-1,-1,0,-1,-1,-1,-1.000000,-1.000000,293,0,0,0,0,0,-1,-1,-1,0.000000
10512,0,-1,-1,-1,-1,0,-1,-1,-1,-1.000000,-1.000000,229,0,0,0,0,0,-1,-1,-1,0.000000
10513,0,-1,-1,-1,-1,0,-1,-1,-1,-1.000000,-1.000000,127,0,0,0,0,0,-1,-1,-1,0.000000
10514,0,121,-1,-1,1716,84,37,3,4,0.000000,0.000000,51,152,0,56,0,56,121,-1,-1,0.000000
10515,0,51,-1,-1,1666,121,47,3,4,0.000000,0.000000,85,201,0,95,0,95,51,-1,-1,0.000000
10516,0,-1,-1,-1,-1,0,-1,-1,-1,-1.000000,-1.000000,341,0,0,0,0,0,-1,-1,-1,0.000000
10517,0,-1,-1,-1,-1,0,-1,-1,-1,-1.000000,-1.000000,287,0,0,0,0,0,-1,-1,-1,0.000000
10518,0,5,-1,-1,4334,669,70,3,2,0.000000,0.000000,31,742,0,248,0,248,5,-1,-1,0.000000
10519,0,72,-1,-1,4157,171,44,3,4,0.000000,0.000000,72,244,0,58,0,58,72,-1,-1,0.000000
10520,0,23,-1,-1,852,781,65,3,2,0.000000,0.000000,26,814,0,162,0,162,23,-1,-1,0.000000
10521,0,-1,-1,-1,-1,0,-1,-1,-1,-1.000000,-1.000000,232,0,0,0,0,0,-1,-1,-1,0.000000
10522,0,-1,-1,-1,-1,0,-1,-1,-1,-1.000000,-1.000000,374,0,0,0,0,0,-1,-1,-1,0.000000
10523,0,-1,-1,-1,-1,0,-1,-1,-1,-1.000000,-1.000000,204,0,0,0,0,0,-1,-1,-1,0.000000
10524,0,-1,-1,-1,-1,0,-1,-1,-1,-1.000000,-1.000000,85,0,0,0,0,0,-1,-1,-1,0.000000
10525,0,-1,-1,-1,-1,0,-1,-1,-1,-1.000000,-1.000000,283,0,0,0,0,0,-1,-1,-1,0.000000
10526,0,-1,-1,-1,-1,0,-1,-1,-1,-1.000000,-1.000000,255,0,0,0,0,0,-1,-1,-1,0.000000
10527,0,-1,-1,-1,-1,0,-1,-1,-1,-1.000000,-1.000000,211,0,0,0,0,0,-1,-1,-1,0.000000
10528,0,-1,-1,-1,-1,0,-1,-1,-1,-1.000000,-1.000000,189,0,0,0,0,0,-1,-1,-1,0.000000
10529,0,-1,-1,-1,-1,0,-1,-1,-1,-1.000000,-1.000000,219,0,0,0,0,0,-1,-1,-1,0.000000
10530,0,281,-1,-1,6618,493,27,3,2,0.000000,0.000000,36,593,0,73,0,73,281,-1,-1,0.000000
10531,0,30,-1,-1,3807,608,56,3,2,0.000000,0.000000,43,694,0,124,0,124,30,-1,-1,0.000000
10532,0,-1,-1,-1,-1,0,-1,-1,-1,-1.000000,-1.000000,331,0,0,0,0,0,-1,-1,-1,0.000000
10533,0,36,-1,-1,3424,446,52,3,2,0.000000,0.000000,41,533,0,153,0,153,36,-1,-1,0.000000
10534,0,-1,-1,-1,-1,0,-1,-1,-1,-1.000000,-1.000000,223,0,0,0,0,0,-1,-1,-1,0.000000
10535,0,24,-1,-1,4964,23,64,3,2,0.000000,0.000000,63,67,0,18,0,18,24,-1,-1,0.000000
10536,0,-1,-1,-1,-1,0,-1,-1,-1,-1.000000,-1.000000,271,0,0,0,0,0,-1,-1,-1,0.000000
10537,0,-1,-1,-1,-1,0,-1,-1,-1,-1.000000,-1.000000,121,0,0,0,0,0,-1,-1,-1,0.000000
10538,0,-1,-1,-1,-1,0,-1,-1,-1,-1.000000,-1.000000,229,0,0,0,0,0,-1,-1,-1,0.000000
10539,0,-1,-1,-1,-1,0,-1,-1,-1,-1.000000,-1.000000,411,0,0,0,0,0,-1,-1,-1,0.000000
10540,0,-1,-1,-1,-1,0,-1,-1,-1,-1.000000,-1.000000,387,0,0,0,0,0,-1,-1,-1,0.000000
10541,0,-1,-1,-1,-1,0,-1,-1,-1,-1.000000,-1.000000,496,0,0,0,0,0,-1,-1,-1,0.000000
10542,0,-1,-1,-1,-1,0,-1,-1,-1,-1.000000,-1.000000,271,0,0,0,0,0,-1,-1,-1,0.000000
10543,0,-1,-1,-1,-1,0,-1,-1,-1,-1.000000,-1.000000,199,0,0,0,0,0,-1,-1,-1,0.000000
10544,0,-1,-1,-1,-1,0,-1,-1,-1,-1.000000,-1.000000,363,0,0,0,0,0,-1,-1,-1,0.000000
10545,0,-1,-1,-1,-1,0,-1,-1,-1,-1.000000,-1.000000,303,0,0,0,0,0,-1,-1,-1,0.000000
10546,0,-1,-1,-1,-1,0,-1,-1,-1,-1.000000,-1.000000,231,0,0,0,0,0,-1,-1,-1,0.000000
10547,0,-1,-1,-1,-1,0,-1,-1,-1,-1.000000,-1.000000,233,0,0,0,0,0,-1,-1,-1,0.000000
10548,0,-1,-1,-1,-1,0,-1,-1,-1,-1.000000,-1.000000,83,0,0,0,0,0,-1,-1,-1,0.000000
10549,0,-1,-1,-1,-1,0,-1,-1,-1,-1.000000,-1.000000,223,0,0,0,0,0,-1,-1,-1,0.000000
10550,0,30,-1,-1,2902,48,56,3,2,0.000000,0.000000,63,124,0,33,0,33,30,-1,-1,0.000000
10551,0,-1,-1,-1,-1,0,-1,-1,-1,-1.000000,-1.000000,376,0,0,0,0,0,-1,-1,-1,0.000000
10552,0,-1,-1,-1,-1,0,-1,-1,-1,-1.000000,-1.000000,217,0,0,0,0,0,-1,-1,-1,0.000000
10553,0,-1,-1,-1,-1,0,-1,-1,-1,-1.000000,-1.000000,201,0,0,0,0,0,-1,-1,-1,0.000000
10554,0,-1,-1,-1,-1,0,-1,-1,-1,-1.000000,-1.000000,143,0,0,0,0,0,-1,-1,-1,0.000000
10555,0,-1,-1,-1,-1,0,-1,-1,-1,-1.000000,-1.000000,225,0,0,0,0,0,-1,-1,-1,0.000000
10556,0,-1,-1,-1,-1,0,-1,-1,-1,-1.000000,-1.000000,155,0,0,0,0,0,-1,-1,-1,0.000000
10557,0,-1,-1,-1,-1,0,-1,-1,-1,-1.000000,-1.000000,233,0,0,0,0,0,-1,-1,-1,0.000000
10558,0,-1,-1,-1,-1,0,-1,-1,-1,-1.000000,-1.000000,425,0,0,0,0,0,-1,-1,-1,0.000000
10559,0,-1,-1,-1,-1,0,-1,-1,-1,-1.000000,-1.000000,75,0,0,0,0,0,-1,-1,-1,0.000000
10560,0,-1,-1,-1,-1,0,-1,-1,-1,-1.000000,-1.000000,275,0,0,0,0,0,-1,-1,-1,0.000000
10561,0,-1,-1,-1,-1,0,-1,-1,-1,-1.000000,-1.000000,151,0,0,0,0,0,-1,-1,-1,0.000000
10562,0,-1,-1,-1,-1,0,-1,-1,-1,-1.000000,-1.000000,326,0,0,0,0,0,-1,-1,-1,0.000000
10563,0,-1,-1,-1,-1,0,-1,-1,-1,-1.000000,-1.000000,241,0,0,0,0,0,-1,-1,-1,0.000000
10564,0,-1,-1,-1,-1,0,-1,-1,-1,-1.000000,-1.000000,211,0,0,0,0,0,-1,-1,-1,0.000000
10565,0,-1,-1,-1,-1,0,-1,-1,-1,-1.000000,-1.000000,217,0,0,0,0,0,-1,-1,-1,0.000000
10566,0,29,-1,-1,325,560,57,3,4,0.000000,0.000000,45,560,0,181,0,181,29,-1,-1,0.000000
10567,0,28,-1,-1,1624,777,59,3,4,0.000000,0.000000,57,679,0,257,0,257,28,-1,-1,0.000000
10568,0,-1,-1,-1,-1,0,-1,-1,-1,-1.000000,-1.000000,143,0,0,0,0,0,-1,-1,-1,0.000000
10569,0,-1,-1,-1,-1,0,-1,-1,-1,-1.000000,-1.000000,185,0,0,0,0,0,-1,-1,-1,0.000000
10570,0,-1,-1,-1,-1,0,-1,-1,-1,-1.000000,-1.000000,229,0,0,0,0,0,-1,-1,-1,0.000000
10571,0,-1,-1,-1,-1,0,-1,-1,-1,-1.000000,-1.000000,91,0,0,0,0,0,-1,-1,-1,0.000000
10572,0,33,-1,-1,3827,652,57,3,4,0.000000,0.000000,41,595,0,211,0,211,33,-1,-1,0.000000
10573,0,-1,-1,-1,-1,0,-1,-1,-1,-1.000000,-1.000000,229,0,0,0,0,0,-1,-1,-1,0.000000
10574,0,-1,-1,-1,-1,0,-1,-1,-1,-1.000000,-1.000000,217,0,0,0,0,0,-1,-1,-1,0.000000
10575,0,-1,-1,-1,-1,0,-1,-1,-1,-1.000000,-1.000000,120,0,0,0,0,0,-1,-1,-1,0.000000
10576,0,-1,-1,-1,-1,0,-1,-1,-1,-1.000000,-1.000000,327,0,0,0,0,0,-1,-1,-1,0.000000
10577,0,-1,-1,-1,-1,0,-1,-1,-1,-1.000000,-1.000000,450,0,0,0,0,0,-1,-1,-1,0.000000
10578,0,-1,-1,-1,-1,0,-1,-1,-1,-1.000000,-1.000000,384,0,0,0,0,0,-1,-1,-1,0.000000
10579,0,-1,-1,-1,-1,0,-1,-1,-1,-1.000000,-1.000000,299,0,0,0,0,0,-1,-1,-1,0.000000
10580,0,-1,-1,-1,-1,0,-1,-1,-1,-1.000000,-1.000000,272,0,0,0,0,0,-1,-1,-1,0.000000
10581,0,-1,-1,-1,-1,0,-1,-1,-1,-1.000000,-1.000000,235,0,0,0,0,0,-1,-1,-1,0.000000
10582,0,-1,-1,-1,-1,0,-1,-1,-1,-1.000000,-1.000000,109,0,0,0,0,0,-1,-1,-1,0.000000
10583,0,-1,-1,-1,-1,0,-1,-1,-1,-1.000000,-1.000000,418,0,0,0,0,0,-1,-1,-1,0.000000
10584,0,27,-1,-1,2352,690,59,3,4,0.000000,0.000000,55,645,0,302,0,302,27,-1,-1,0.000000
10585,0,-1,-1,-1,-1,0,-1,-1,-1,-1.000000,-1.000000,105,0,0,0,0,0,-1,-1,-1,0.000000
10586,0,68,-1,-1,1007,4,43,3,4,0.000000,0.000000,73,4,0,5,0,5,68,-1,-1,0.000000
10587,0,-1,-1,-1,-1,0,-1,-1,-1,-1.000000,-1.000000,113,0,0,0,0,0,-1,-1,-1,0.000000
10588,0,64,-1,-1,538,646,45,3,2,0.000000,0.000000,38,811,0,111,0,111,64,-1,-1,0.000000
10589,0,-1,-1,-1,-1,0,-1,-1,-1,-1.000000,-1.000000,296,0,0,0,0,0,-1,-1,-1,0.000000
10590,0,-1,-1,-1,-1,0,-1,-1,-1,-1.000000,-1.000000,283,0,0,0,0,0,-1,-1,-1,0.000000
10591,0,-1,-1,-1,-1,0,-1,-1,-1,-1.000000,-1.000000,487,0,0,0,0,0,-1,-1,-1,0.000000
10592,0,-1,-1,-1,-1,0,-1,-1,-1,-1.000000,-1.000000,400,0,0,0,0,0,-1,-1,-1,0.000000
10593,0,-1,-1,-1,-1,0,-1,-1,-1,-1.000000,-1.000000,137,0,0,0,0,0,-1,-1,-1,0.000000
10594,0,121,-1,-1,3492,674,36,3,4,0.000000,0.000000,32,688,0,162,0,162,121,-1,-1,0.000000
10595,0,-1,-1,-1,-1,0,-1,-1,-1,-1.000000,-1.000000,517,0,0,0,0,0,-1,-1,-1,0.000000
10596,0,282,-1,-1,3634,0,25,3,4,0.000000,0.000000,87,3,0,2,0,2,282,-1,-1,0.000000
10597,0,23,-1,-1,5750,744,66,3,2,0.000000,0.000000,31,778,0,195,0,195,23,-1,-1,0.000000
10598,0,63,-1,-1,1172,564,47,3,2,0.000000,0.000000,48,769,0,150,0,150,63,-1,-1,0.000000
10599,0,-1,-1,-1,-1,0,-1,-1,-1,-1.000000,-1.000000,323,0,0,0,0,0,-1,-1,-1,0.000000
10600,0,-1,-1,-1,-1,0,-1,-1,-1,-1.000000,-1.000000,303,0,0,0,0,0,-1,-1,-1,0.000000
10601,0,-1,-1,-1,-1,0,-1,-1,-1,-1.000000,-1.000000,353,0,0,0,0,0,-1,-1,-1,0.000000
10602,0,-1,-1,-1,-1,0,-1,-1,-1,-1.000000,-1.000000,313,0,0,0,0,0,-1,-1,-1,0.000000
10603,0,-1,-1,-1,-1,0,-1,-1,-1,-1.000000,-1.000000,157,0,0,0,0,0,-1,-1,-1,0.000000
10604,0,-1,-1,-1,-1,0,-1,-1,-1,-1.000000,-1.000000,309,0,0,0,0,0,-1,-1,-1,0.000000
10605,0,-1,-1,-1,-1,0,-1,-1,-1,-1.000000,-1.000000,215,0,0,0,0,0,-1,-1,-1,0.000000
10606,0,73,-1,-1,7681,6,43,3,4,0.000000,0.000000,89,20,0,9,0,9,73,-1,-1,0.000000
10607,0,76,-1,-1,3391,0,42,3,2,0.000000,0.000000,85,2,0,0,0,0,76,-1,-1,0.000000
10608,0,-1,-1,-1,-1,0,-1,-1,-1,-1.000000,-1.000000,213,0,0,0,0,0,-1,-1,-1,0.000000
10609,0,-1,-1,-1,-1,0,-1,-1,-1,-1.000000,-1.000000,373,0,0,0,0,0,-1,-1,-1,0.000000
10610,0,-1,-1,-1,-1,0,-1,-1,-1,-1.000000,-1.000000,395,0,0,0,0,0,-1,-1,-1,0.000000
10611,0,24,-1,-1,2546,634,63,3,4,0.000000,0.000000,45,663,0,212,0,212,24,-1,-1,0.000000
10612,0,-1,-1,-1,-1,0,-1,-1,-1,-1.000000,-1.000000,459,0,0,0,0,0,-1,-1,-1,0.000000
10613,0,-1,-1,-1,-1,0,-1,-1,-1,-1.000000,-1.000000,339,0,0,0,0,0,-1,-1,-1,0.000000
10614,0,-1,-1,-1,-1,0,-1,-1,-1,-1.000000,-1.000000,217,0,0,0,0,0,-1,-1,-1,0.000000
10615,0,467,-1,-1,2819,0,21,3,2,0.000000,0.000000,86,5,0,2,0,2,467,-1,-1,0.000000
10616,0,-1,-1,-1,-1,0,-1,-1,-1,-1.000000,-1.000000,194,0,0,0,0,0,-1,-1,-1,0.000000
10617,0,-1,-1,-1,-1,0,-1,-1,-1,-1.000000,-1.000000,67,0,0,0,0,0,-1,-1,-1,0.000000
10618,0,-1,-1,-1,-1,0,-1,-1,-1,-1.000000,-1.000000,245,0,0,0,0,0,-1,-1,-1,0.000000
10619,0,-1,-1,-1,-1,0,-1,-1,-1,-1.000000,-1.000000,247,0,0,0,0,0,-1,-1,-1,0.000000
10620,0,-1,-1,-1,-1,0,-1,-1,-1,-1.000000,-1.000000,134,0,0,0,0,0,-1,-1,-1,0.000000
10621,0,-1,-1,-1,-1,0,-1,-1,-1,-1.000000,-1.000000,327,0,0,0,0,0,-1,-1,-1,0.000000
10622,0,-1,-1,-1,-1,0,-1,-1,-1,-1.000000,-1.000000,337,0,0,0,0,0,-1,-1,-1,0.000000
10623,0,-1,-1,-1,-1,0,-1,-1,-1,-1.000000,-1.000000,113,0,0,0,0,0,-1,-1,-1,0.000000
10624,0,-1,-1,-1,-1,0,-1,-1,-1,-1.000000,-1.000000,259,0,0,0,0,0,-1,-1,-1,0.000000
10625,0,-1,-1,-1,-1,0,-1,-1,-1,-1.000000,-1.000000,187,0,0,0,0,0,-1,-1,-1,0.000000
10626,0,-1,-1,-1,-1,0,-1,-1,-1,-1.000000,-1.000000,143,0,0,0,0,0,-1,-1,-1,0.000000
10627,0,-1,-1,-1,-1,0,-1,-1,-1,-1.000000,-1.000000,167,0,0,0,0,0,-1,-1,-1,0.000000
10628,0,-1,-1,-1,-1,0,-1,-1,-1,-1.000000,-1.000000,380,0,0,0,0,0,-1,-1,-1,0.000000
10629,0,62,-1,-1,2184,13,46,3,2,0.000000,0.000000,57,33,0,19,0,19,62,-1,-1,0.000000
10630,0,-1,-1,-1,-1,0,-1,-1,-1,-1.000000,-1.000000,362,0,0,0,0,0,-1,-1,-1,0.000000
10631,0,-1,-1,-1,-1,0,-1,-1,-1,-1.000000,-1.000000,426,0,0,0,0,0,-1,-1,-1,0.000000
10632,0,-1,-1,-1,-1,0,-1,-1,-1,-1.000000,-1.000000,103,0,0,0,0,0,-1,-1,-1,0.000000
10633,0,-1,-1,-1,-1,0,-1,-1,-1,-1.000000,-1.000000,202,0,0,0,0,0,-1,-1,-1,0.000000
10634,0,-1,-1,-1,-1,0,-1,-1,-1,-1.000000,-1.000000,241,0,0,0,0,0,-1,-1,-1,0.000000
10635,0,39,-1,-1,3222,484,51,3,4,0.000000,0.000000,47,520,0,184,0,184,39,-1,-1,0.000000
10636,0,-1,-1,-1,-1,0,-1,-1,-1,-1.000000,-1.000000,382,0,0,0,0,0,-1,-1,-1,0.000000
10637,0,-1,-1,-1,-1,0,-1,-1,-1,-1.000000,-1.000000,403,0,0,0,0,0,-1,-1,-1,0.000000
10638,0,166,-1,-1,6288,0,33,3,4,0.000000,0.000000,65,1,0,0,0,0,166,-1,-1,0.000000
10639,0,-1,-1,-1,-1,0,-1,-1,-1,-1.000000,-1.000000,175,0,0,0,0,0,-1,-1,-1,0.000000
10640,0,-1,-1,-1,-1,0,-1,-1,-1,-1.000000,-1.000000,177,0,0,0,0,0,-1,-1,-1,0.000000
10641,0,-1,-1,-1,-1,0,-1,-1,-1,-1.000000,-1.000000,438,0,0,0,0,0,-1,-1,-1,0.000000
10642,0,-1,-1,-1,-1,0,-1,-1,-1,-1.000000,-1.000000,245,0,0,0,0,0,-1,-1,-1,0.000000
10643,0,-1,-1,-1,-1,0,-1,-1,-1,-1.000000,-1.000000,429,0,0,0,0,0,-1,-1,-1,0.000000
10644,0,-1,-1,-1,-1,0,-1,-1,-1,-1.000000,-1.000000,219,0,0,0,0,0,-1,-1,-1,0.000000
10645,0,-1,-1,-1,-1,0,-1,-1,-1,-1.000000,-1.000000,201,0,0,0,0,0,-1,-1,-1,0.000000
10646,0,212,-1,-1,5112,127,30,3,2,0.000000,0.000000,41,241,0,37,0,37,212,-1,-1,0.000000
10647,0,-1,-1,-1,-1,0,-1,-1,-1,-1.000000,-1.000000,358,0,0,0,0,0,-1,-1,-1,0.000000
10648,0,-1,-1,-1,-1,0,-1,-1,-1,-1.000000,-1.000000,115,0,0,0,0,0,-1,-1,-1,0.000000
10649,0,25,-1,-1,929,373,64,3,2,0.000000,0.000000,51,468,0,120,0,120,25,-1,-1,0.000000
10650,0,-1,-1,-1,-1,0,-1,-1,-1,-1.000000,-1.000000,230,0,0,0,0,0,-1,-1,-1,0.000000
10651,0,-1,-1,-1,-1,0,-1,-1,-1,-1.000000,-1.000000,233,0,0,0,0,0,-1,-1,-1,0.000000
10652,0,-1,-1,-1,-1,0,-1,-1,-1,-1.000000,-1.000000,237,0,0,0,0,0,-1,-1,-1,0.000000
10653,0,-1,-1,-1,-1,0,-1,-1,-1,-1.000000,-1.000000,157,0,0,0,0,0,-1,-1,-1,0.000000
10654,0,-1,-1,-1,-1,0,-1,-1,-1,-1.000000,-1.000000,378,0,0,0,0,0,-1,-1,-1,0.000000
10655,0,-1,-1,-1,-1,0,-1,-1,-1,-1.000000,-1.000000,105,0,0,0,0,0,-1,-1,-1,0.000000
10656,0,22,-1,-1,4863,892,66,3,2,0.000000,0.000000,17,803,0,173,0,173,22,-1,-1,0.000000
10657,0,43,-1,-1,2278,256,49,3,4,0.000000,0.000000,63,389,0,81,0,81,43,-1,-1,0.000000
10658,0,-1,-1,-1,-1,0,-1,-1,-1,-1.000000,-1.000000,181,0,0,0,0,0,-1,-1,-1,0.000000
10659,0,-1,-1,-1,-1,0,-1,-1,-1,-1.000000,-1.000000,306,0,0,0,0,0,-1,-1,-1,0.000000
10660,0,-1,-1,-1,-1,0,-1,-1,-1,-1.000000,-1.000000,399,0,0,0,0,0,-1,-1,-1,0.000000
10661,0,-1,-1,-1,-1,0,-1,-1,-1,-1.000000,-1.000000,277,0,0,0,0,0,-1,-1,-1,0.000000
10662,0,-1,-1,-1,-1,0,-1,-1,-1,-1.000000,-1.000000,46,0,0,0,0,0,-1,-1,-1,0.000000
10663,0,53,-1,-1,1675,88,48,3,2,0.000000,0.000000,41,168,0,47,0,47,53,-1,-1,0.000000
10664,0,-1,-1,-1,-1,0,-1,-1,-1,-1.000000,-1.000000,155,0,0,0,0,0,-1,-1,-1,0.000000
10665,0,-1,-1,-1,-1,0,-1,-1,-1,-1.000000,-1.000000,497,0,0,0,0,0,-1,-1,-1,0.000000
10666,0,-1,-1,-1,-1,0,-1,-1,-1,-1.000000,-1.000000,163,0,0,0,0,0,-1,-1,-1,0.000000
10667,0,-1,-1,-1,-1,0,-1,-1,-1,-1.000000,-1.000000,443,0,0,0,0,0,-1,-1,-1,0.000000
10668,0,-1,-1,-1,-1,0,-1,-1,-1,-1.000000,-1.000000,299,0,0,0,0,0,-1,-1,-1,0.000000
10669,0,33,-1,-1,150,147,54,3,2,0.000000,0.000000,55,243,0,87,0,87,33,-1,-1,0.000000
10670,0,-1,-1,-1,-1,0,-1,-1,-1,-1.000000,-1.000000,149,0,0,0,0,0,-1,-1,-1,0.000000
10671,0,212,-1,-1,2154,274,30,3,4,0.000000,0.000000,56,353,0,63,0,63,212,-1,-1,0.000000
10672,0,-1,-1,-1,-1,0,-1,-1,-1,-1.000000,-1.000000,277,0,0,0,0,0,-1,-1,-1,0.000000
10673,0,-1,-1,-1,-1,0,-1,-1,-1,-1.000000,-1.000000,174,0,0,0,0,0,-1,-1,-1,0.000000
10674,0,43,-1,-1,7197,403,52,3,2,0.000000,0.000000,57,478,0,146,0,146,43,-1,-1,0.000000
10675,0,-1,-1,-1,-1,0,-1,-1,-1,-1.000000,-1.000000,287,0,0,0,0,0,-1,-1,-1,0.000000
10676,0,26,-1,-1,971,469,61,3,4,0.000000,0.000000,71,611,0,123,0,123,26,-1,-1,0.000000
10677,0,166,-1,-1,152,0,32,3,2,0.000000,0.000000,65,2,0,0,0,0,166,-1,-1,0.000000
10678,0,-1,-1,-1,-1,0,-1,-1,-1,-1.000000,-1.000000,344,0,0,0,0,0,-1,-1,-1,0.000000
10679,0,-1,-1,-1,-1,0,-1,-1,-1,-1.000000,-1.000000,105,0,0,0,0,0,-1,-1,-1,0.000000
10680,0,-1,-1,-1,-1,0,-1,-1,-1,-1.000000,-1.000000,342,0,0,0,0,0,-1,-1,-1,0.000000
10681,0,-1,-1,-1,-1,0,-1,-1,-1,-1.000000,-1.000000,355,0,0,0,0,0,-1,-1,-1,0.000000
10682,0,-1,-1,-1,-1,0,-1,-1,-1,-1.000000,-1.000000,476,0,0,0,0,0,-1,-1,-1,0.000000
10683,0,-1,-1,-1,-1,0,-1,-1,-1,-1.000000,-1.000000,249,0,0,0,0,0,-1,-1,-1,0.000000
10684,0,-1,-1,-1,-1,0,-1,-1,-1,-1.000000,-1.000000,403,0,0,0,0,0,-1,-1,-1,0.000000
10685,0,49,-1,-1,2711,30,48,3,2,0.000000,0.000000,77,74,0,23,0,23,49,-1,-1,0.000000
10686,0,436,-1,-1,3624,17,21,3,4,0.000000,0.000000,73,50,0,9,0,9,436,-1,-1,0.000000
10687,0,-1,-1,-1,-1,0,-1,-1,-1,-1.000000,-1.000000,137,0,0,0,0,0,-1,-1,-1,0.000000
10688,0,-1,-1,-1,-1,0,-1,-1,-1,-1.000000,-1.000000,90,0,0,0,0,0,-1,-1,-1,0.000000
10689,0,-1,-1,-1,-1,0,-1,-1,-1,-1.000000,-1.000000,262,0,0,0,0,0,-1,-1,-1,0.000000
10690,0,-1,-1,-1,-1,0,-1,-1,-1,-1.000000,-1.000000,482,0,0,0,0,0,-1,-1,-1,0.000000
10691,0,-1,-1,-1,-1,0,-1,-1,-1,-1.000000,-1.000000,304,0,0,0,0,0,-1,-1,-1,0.000000
10692,0,-1,-1,-1,-1,0,-1,-1,-1,-1.000000,-1.000000,158,0,0,0,0,0,-1,-1,-1,0.000000
10693,0,125,-1,-1,2149,0,35,3,4,0.000000,0.000000,81,3,0,1,0,1,125,-1,-1,0.000000
10694,0,-1,-1,-1,-1,0,-1,-1,-1,-1.000000,-1.000000,145,0,0,0,0,0,-1,-1,-1,0.000000
10695,0,23,-1,-1,2423,848,64,3,2,0.000000,0.000000,25,724,0,253,0,253,23,-1,-1,0.000000
10696,0,-1,-1,-1,-1,0,-1,-1,-1,-1.000000,-1.000000,125,0,0,0,0,0,-1,-1,-1,0.000000
10697,0,-1,-1,-1,-1,0,-1,-1,-1,-1.000000,-1.000000,140,0,0,0,0,0,-1,-1,-1,0.000000
10698,0,-1,-1,-1,-1,0,-1,-1,-1,-1.000000,-1.000000,231,0,0,0,0,0,-1,-1,-1,0.000000
10699,0,19,-1,-1,2944,590,70,3,2,0.000000,0.000000,9,690,0,291,0,291,19,-1,-1,0.000000
10700,0,-1,-1,-1,-1,0,-1,-1,-1,-1.000000,-1.000000,352,0,0,0,0,0,-1,-1,-1,0.000000
10701,0,28,-1,-1,11,117,57,3,4,0.000000,0.000000,63,190,0,78,0,78,28,-1,-1,0.000000
10702,0,-1,-1,-1,-1,0,-1,-1,-1,-1.000000,-1.000000,71,0,0,0,0,0,-1,-1,-1,0.000000
10703,0,30,-1,-1,2000,94,56,3,2,0.000000,0.000000,65,228,0,50,0,50,30,-1,-1,0.000000
10704,0,-1,-1,-1,-1,0,-1,-1,-1,-1.000000,-1.000000,275,0,0,0,0,0,-1,-1,-1,0.000000
10705,0,-1,-1,-1,-1,0,-1,-1,-1,-1.000000,-1.000000,169,0,0,0,0,0,-1,-1,-1,0.000000
10706,0,-1,-1,-1,-1,0,-1,-1,-1,-1.000000,-1.000000,360,0,0,0,0,0,-1,-1,-1,0.000000
10707,0,-1,-1,-1,-1,0,-1,-1,-1,-1.000000,-1.000000,441,0,0,0,0,0,-1,-1,-1,0.000000
10708,0,-1,-1,-1,-1,0,-1,-1,-1,-1.000000,-1.000000,167,0,0,0,0,0,-1,-1,-1,0.000000
10709,0,-1,-1,-1,-1,0,-1,-1,-1,-1.000000,-1.000000,108,0,0,0,0,0,-1,-1,-1,0.000000
10710,0,-1,-1,-1,-1,0,-1,-1,-1,-1.000000,-1.000000,255,0,0,0,0,0,-1,-1,-1,0.000000
10711,0,-1,-1,-1,-1,0,-1,-1,-1,-1.000000,-1.000000,203,0,0,0,0,0,-1,-1,-1,0.000000
10712,0,52,-1,-1,7943,26,47,3,2,0.000000,0.000000,66,68,0,23,0,23,52,-1,-1,0.000000
10713,0,34,-1,-1,1189,27,53,3,4,0.000000,0.000000,85,68,0,16,0,16,34,-1,-1,0.000000
10714,0,26,-1,-1,2722,849,64,3,2,0.000000,0.000000,31,784,0,189,0,189,26,-1,-1,0.000000
10715,0,-1,-1,-1,-1,0,-1,-1,-1,-1.000000,-1.000000,153,0,0,0,0,0,-1,-1,-1,0.000000
10716,0,-1,-1,-1,-1,0,-1,-1,-1,-1.000000,-1.000000,107,0,0,0,0,0,-1,-1,-1,0.000000
10717,0,-1,-1,-1,-1,0,-1,-1,-1,-1.000000,-1.000000,235,0,0,0,0,0,-1,-1,-1,0.000000
10718,0,-1,-1,-1,-1,0,-1,-1,-1,-1.000000,-1.000000,319,0,0,0,0,0,-1,-1,-1,0.000000
10719,0,-1,-1,-1,-1,0,-1,-1,-1,-1.000000,-1.000000,277,0,0,0,0,0,-1,-1,-1,0.000000
10720,0,-1,-1,-1,-1,0,-1,-1,-1,-1.000000,-1.000000,185,0,0,0,0,0,-1,-1,-1,0.000000
10721,0,-1,-1,-1,-1,0,-1,-1,-1,-1.000000,-1.000000,345,0,0,0,0,0,-1,-1,-1,0.000000
10722,0,-1,-1,-1,-1,0,-1,-1,-1,-1.000000,-1.000000,153,0,0,0,0,0,-1,-1,-1,0.000000
10723,0,33,-1,-1,3500,636,57,3,2,0.000000,0.000000,22,780,0,176,0,176,33,-1,-1,0.000000
10724,0,-1,-1,-1,-1,0,-1,-1,-1,-1.000000,-1.000000,312,0,0,0,0,0,-1,-1,-1,0.000000
10725,0,22,-1,-1,6977,895,65,3,4,0.000000,0.000000,49,747,0,229,0,229,22,-1,-1,0.000000
10726,0,-1,-1,-1,-1,0,-1,-1,-1,-1.000000,-1.000000,190,0,0,0,0,0,-1,-1,-1,0.000000
10727,0,23,-1,-1,901,869,66,3,2,0.000000,0.000000,37,732,0,245,0,245,23,-1,-1,0.000000
10728,0,-1,-1,-1,-1,0,-1,-1,-1,-1.000000,-1.000000,309,0,0,0,0,0,-1,-1,-1,0.000000
10729,0,-1,-1,-1,-1,0,-1,-1,-1,-1.000000,-1.000000,269,0,0,0,0,0,-1,-1,-1,0.000000
10730,0,-1,-1,-1,-1,0,-1,-1,-1,-1.000000,-1.000000,285,0,0,0,0,0,-1,-1,-1,0.000000
10731,0,39,-1,-1,2126,534,51,3,4,0.000000,0.000000,49,579,0,173,0,173,39,-1,-1,0.000000
10732,0,74,-1,-1,528,1,45,3,4,0.000000,0.000000,77,2,0,5,0,5,74,-1,-1,0.000000
10733,0,-1,-1,-1,-1,0,-1,-1,-1,-1.000000,-1.000000,345,0,0,0,0,0,-1,-1,-1,0.000000
10734,0,-1,-1,-1,-1,0,-1,-1,-1,-1.000000,-1.000000,83,0,0,0,0,0,-1,-1,-1,0.000000
10735,0,-1,-1,-1,-1,0,-1,-1,-1,-1.000000,-1.000000,422,0,0,0,0,0,-1,-1,-1,0.000000
10736,0,-1,-1,-1,-1,0,-1,-1,-1,-1.000000,-1.000000,239,0,0,0,0,0,-1,-1,-1,0.000000
10737,0,-1,-1,-1,-1,0,-1,-1,-1,-1.000000,-1.000000,289,0,0,0,0,0,-1,-1,-1,0.000000
10738,0,-1,-1,-1,-1,0,-1,-1,-1,-1.000000,-1.000000,492,0,0,0,0,0,-1,-1,-1,0.000000
10739,0,-1,-1,-1,-1,0,-1,-1,-1,-1.000000,-1.000000,225,0,0,0,0,0,-1,-1,-1,0.000000
10740,0,-1,-1,-1,-1,0,-1,-1,-1,-1.000000,-1.000000,267,0,0,0,0,0,-1,-1,-1,0.000000
10741,0,-1,-1,-1,-1,0,-1,-1,-1,-1.000000,-1.000000,163,0,0,0,0,0,-1,-1,-1,0.000000
10742,0,273,-1,-1,4674,0,26,3,2,0.000000,0.000000,107,16,0,5,0,5,273,-1,-1,0.000000
10743,0,-1,-1,-1,-1,0,-1,-1,-1,-1.000000,-1.000000,215,0,0,0,0,0,-1,-1,-1,0.000000
10744,0,-1,-1,-1,-1,0,-1,-1,-1,-1.000000,-1.000000,289,0,0,0,0,0,-1,-1,-1,0.000000
10745,0,-1,-1,-1,-1,0,-1,-1,-1,-1.000000,-1.000000,463,0,0,0,0,0,-1,-1,-1,0.000000
10746,0,-1,-1,-1,-1,0,-1,-1,-1,-1.000000,-1.000000,427,0,0,0,0,0,-1,-1,-1,0.000000
10747,0,-1,-1,-1,-1,0,-1,-1,-1,-1.000000,-1.000000,103,0,0,0,0,0,-1,-1,-1,0.000000
10748,0,-1,-1,-1,-1,0,-1,-1,-1,-1.000000,-1.000000,397,0,0,0,0,0,-1,-1,-1,0.000000
10749,0,-1,-1,-1,-1,0,-1,-1,-1,-1.000000,-1.000000,273,0,0,0,0,0,-1,-1,-1,0.000000
10750,0,-1,-1,-1,-1,0,-1,-1,-1,-1.000000,-1.000000,141,0,0,0,0,0,-1,-1,-1,0.000000
10751,0,-1,-1,-1,-1,0,-1,-1,-1,-1.000000,-1.000000,385,0,0,0,0,0,-1,-1,-1,0.000000
10752,0,-1,-1,-1,-1,0,-1,-1,-1,-1.000000,-1.000000,257,0,0,0,0,0,-1,-1,-1,0.000000
10753,0,-1,-1,-1,-1,0,-1,-1,-1,-1.000000,-1.000000,153,0,0,0,0,0,-1,-1,-1,0.000000
10754,0,40,-1,-1,6367,350,51,3,4,0.000000,0.000000,31,441,0,102,0,102,40,-1,-1,0.000000
10755,0,-1,-1,-1,-1,0,-1,-1,-1,-1.000000,-1.000000,89,0,0,0,0,0,-1,-1,-1,0.000000
10756,0,-1,-1,-1,-1,0,-1,-1,-1,-1.000000,-1.000000,143,0,0,0,0,0,-1,-1,-1,0.000000
10757,0,-1,-1,-1,-1,0,-1,-1,-1,-1.000000,-1.000000,131,0,0,0,0,0,-1,-1,-1,0.000000
10758,0,-1,-1,-1,-1,0,-1,-1,-1,-1.000000,-1.000000,364,0,0,0,0,0,-1,-1,-1,0.000000
10759,0,-1,-1,-1,-1,0,-1,-1,-1,-1.000000,-1.000000,78,0,0,0,0,0,-1,-1,-1,0.000000
10760,0,-1,-1,-1,-1,0,-1,-1,-1,-1.000000,-1.000000,492,0,0,0,0,0,-1,-1,-1,0.000000
10761,0,-1,-1,-1,-1,0,-1,-1,-1,-1.000000,-1.000000,97,0,0,0,0,0,-1,-1,-1,0.000000
10762,0,-1,-1,-1,-1,0,-1,-1,-1,-1.000000,-1.000000,147,0,0,0,0,0,-1,-1,-1,0.000000
10763,0,24,-1,-1,5059,606,64,3,2,0.000000,0.000000,67,647,0,158,0,158,24,-1,-1,0.000000
10764,0,-1,-1,-1,-1,0,-1,-1,-1,-1.000000,-1.000000,109,0,0,0,0,0,-1,-1,-1,0.000000
10765,0,39,-1,-1,4505,391,51,3,4,0.000000,0.000000,87,466,0,187,0,187,39,-1,-1,0.000000
10766,0,-1,-1,-1,-1,0,-1,-1,-1,-1.000000,-1.000000,147,0,0,0,0,0,-1,-1,-1,0.000000
10767,0,620,-1,-1,2181,0,18,3,2,0.000000,0.000000,101,3,0,3,0,3,620,-1,-1,0.000000
10768,0,-1,-1,-1,-1,0,-1,-1,-1,-1.000000,-1.000000,295,0,0,0,0,0,-1,-1,-1,0.000000
10769,0,-1,-1,-1,-1,0,-1,-1,-1,-1.000000,-1.000000,191,0,0,0,0,0,-1,-1,-1,0.000000
10770,0,-1,-1,-1,-1,0,-1,-1,-1,-1.000000,-1.000000,167,0,0,0,0,0,-1,-1,-1,0.000000
10771,0,48,-1,-1,7151,72,48,3,2,0.000000,0.000000,63,119,0,39,0,39,48,-1,-1,0.000000
10772,0,-1,-1,-1,-1,0,-1,-1,-1,-1.000000,-1.000000,379,0,0,0,0,0,-1,-1,-1,0.000000
10773,0,29,-1,-1,5243,743,59,3,4,0.000000,0.000000,41,669,0,220,0,220,29,-1,-1,0.000000
10774,0,-1,-1,-1,-1,0,-1,-1,-1,-1.000000,-1.000000,131,0,0,0,0,0,-1,-1,-1,0.000000
10775,0,-1,-1,-1,-1,0,-1,-1,-1,-1.000000,-1.000000,433,0,0,0,0,0,-1,-1,-1,0.000000
10776,0,-1,-1,-1,-1,0,-1,-1,-1,-1.000000,-1.000000,229,0,0,0,0,0,-1,-1,-1,0.000000
10777,0,-1,-1,-1,-1,0,-1,-1,-1,-1.000000,-1.000000,89,0,0,0,0,0,-1,-1,-1,0.000000
10778,0,-1,-1,-1,-1,0,-1,-1,-1,-1.000000,-1.000000,241,0,0,0,0,0,-1,-1,-1,0.000000
10779,0,-1,-1,-1,-1,0,-1,-1,-1,-1.000000,-1.000000,109,0,0,0,0,0,-1,-1,-1,0.000000
10780,0,15,-1,-1,7832,668,68,3,2,0.000000,0.000000,35,676,0,300,0,300,15,-1,-1,0.000000
10781,0,-1,-1,-1,-1,0,-1,-1,-1,-1.000000,-1.000000,198,0,0,0,0,0,-1,-1,-1,0.000000
10782,0,-1,-1,-1,-1,0,-1,-1,-1,-1.000000,-1.000000,279,0,0,0,0,0,-1,-1,-1,0.000000
10783,0,-1,-1,-1,-1,0,-1,-1,-1,-1.000000,-1.000000,135,0,0,0,0,0,-1,-1,-1,0.000000
10784,0,-1,-1,-1,-1,0,-1,-1,-1,-1.000000,-1.000000,488,0,0,0,0,0,-1,-1,-1,0.000000
10785,0,-1,-1,-1,-1,0,-1,-1,-1,-1.000000,-1.000000,460,0,0,0,0,0,-1,-1,-1,0.000000
10786,0,170,-1,-1,7034,0,31,3,4,0.000000,0.000000,71,4,0,3,0,3,170,-1,-1,0.000000
10787,0,25,-1,-1,431,777,64,3,2,0.000000,0.000000,19,782,0,193,0,193,25,-1,-1,0.000000
10788,0,-1,-1,-1,-1,0,-1,-1,-1,-1.000000,-1.000000,139,0,0,0,0,0,-1,-1,-1,0.000000
10789,0,-1,-1,-1,-1,0,-1,-1,-1,-1.000000,-1.000000,232,0,0,0,0,0,-1,-1,-1,0.000000
10790,0,-1,-1,-1,-1,0,-1,-1,-1,-1.000000,-1.000000,229,0,0,0,0,0,-1,-1,-1,0.000000
10791,0,-1,-1,-1,-1,0,-1,-1,-1,-1.000000,-1.000000,97,0,0,0,0,0,-1,-1,-1,0.000000
10792,0,-1,-1,-1,-1,0,-1,-1,-1,-1.000000,-1.000000,199,0,0,0,0,0,-1,-1,-1,0.000000
10793,0,108,-1,-1,5423,692,37,3,2,0.000000,0.000000,36,716,0,127,0,127,108,-1,-1,0.000000
10794,0,287,-1,-1,4398,462,29,3,4,0.000000,0.000000,37,495,0,71,0,71,287,-1,-1,0.000000
10795,0,-1,-1,-1,-1,0,-1,-1,-1,-1.000000,-1.000000,285,0,0,0,0,0,-1,-1,-1,0.000000
10796,0,-1,-1,-1,-1,0,-1,-1,-1,-1.000000,-1.000000,167,0,0,0,0,0,-1,-1,-1,0.000000
10797,0,57,-1,-1,1592,33,45,3,4,0.000000,0.000000,63,106,0,40,0,40,57,-1,-1,0.000000
10798,0,149,-1,-1,5398,3,39,3,2,0.000000,0.000000,70,9,0,7,0,7,149,-1,-1,0.000000
10799,0,-1,-1,-1,-1,0,-1,-1,-1,-1.000000,-1.000000,104,0,0,0,0,0,-1,-1,-1,0.000000
10800,0,-1,-1,-1,-1,0,-1,-1,-1,-1.000000,-1.000000,151,0,0,0,0,0,-1,-1,-1,0.000000
10801,0,-1,-1,-1,-1,0,-1,-1,-1,-1.000000,-1.000000,479,0,0,0,0,0,-1,-1,-1,0.000000
10802,0,38,-1,-1,128,499,54,3,4,0.000000,0.000000,60,552,0,136,0,136,38,-1,-1,0.000000
10803,0,-1,-1,-1,-1,0,-1,-1,-1,-1.000000,-1.000000,249,0,0,0,0,0,-1,-1,-1,0.000000
10804,0,-1,-1,-1,-1,0,-1,-1,-1,-1.000000,-1.000000,182,0,0,0,0,0,-1,-1,-1,0.000000
10805,0,-1,-1,-1,-1,0,-1,-1,-1,-1.000000,-1.000000,323,0,0,0,0,0,-1,-1,-1,0.000000
10806,0,-1,-1,-1,-1,0,-1,-1,-1,-1.000000,-1.000000,355,0,0,0,0,0,-1,-1,-1,0.000000
10807,0,99,-1,-1,3903,1,38,3,2,0.000000,0.000000,71,3,0,2,0,2,99,-1,-1,0.000000
10808,0,-1,-1,-1,-1,0,-1,-1,-1,-1.000000,-1.000000,195,0,0,0,0,0,-1,-1,-1,0.000000
10809,0,-1,-1,-1,-1,0,-1,-1,-1,-1.000000,-1.000000,221,0,0,0,0,0,-1,-1,-1,0.000000
10810,0,-1,-1,-1,-1,0,-1,-1,-1,-1.000000,-1.000000,256,0,0,0,0,0,-1,-1,-1,0.000000
10811,0,763,-1,-1,7264,0,16,3,2,0.000000,0.000000,129,3,0,1,0,1,763,-1,-1,0.000000
10812,0,-1,-1,-1,-1,0,-1,-1,-1,-1.000000,-1.000000,137,0,0,0,0,0,-1,-1,-1,0.000000
10813,0,-1,-1,-1,-1,0,-1,-1,-1,-1.000000,-1.000000,237,0,0,0,0,0,-1,-1,-1,0.000000
10814,0,-1,-1,-1,-1,0,-1,-1,-1,-1.000000,-1.000000,259,0,0,0,0,0,-1,-1,-1,0.000000
10815,0,34,-1,-1,1501,500,54,3,2,0.000000,0.000000,63,584,0,148,0,148,34,-1,-1,0.000000
10816,0,-1,-1,-1,-1,0,-1,-1,-1,-1.000000,-1.000000,415,0,0,0,0,0,-1,-1,-1,0.000000
10817,0,-1,-1,-1,-1,0,-1,-1,-1,-1.000000,-1.000000,179,0,0,0,0,0,-1,-1,-1,0.000000
10818,0,-1,-1,-1,-1,0,-1,-1,-1,-1.000000,-1.000000,123,0,0,0,0,0,-1,-1,-1,0.000000
10819,0,51,-1,-1,3888,30,47,3,4,0.000000,0.000000,75,109,0,34,0,34,51,-1,-1,0.000000
10820,0,-1,-1,-1,-1,0,-1,-1,-1,-1.000000,-1.000000,121,0,0,0,0,0,-1,-1,-1,0.000000
10821,0,-1,-1,-1,-1,0,-1,-1,-1,-1.000000,-1.000000,84,0,0,0,0,0,-1,-1,-1,0.000000
10822,0,-1,-1,-1,-1,0,-1,-1,-1,-1.000000,-1.000000,175,0,0,0,0,0,-1,-1,-1,0.000000
10823,0,-1,-1,-1,-1,0,-1,-1,-1,-1.000000,-1.000000,523,0,0,0,0,0,-1,-1,-1,0.000000
10824,0,-1,-1,-1,-1,0,-1,-1,-1,-1.000000,-1.000000,147,0,0,0,0,0,-1,-1,-1,0.000000
10825,0,-1,-1,-1,-1,0,-1,-1,-1,-1.000000,-1.000000,340,0,0,0,0,0,-1,-1,-1,0.000000
10826,0,50,-1,-1,5333,6,49,3,4,0.000000,0.000000,53,22,0,12,0,12,50,-1,-1,0.000000
10827,0,35,-1,-1,18,349,57,3,4,0.000000,0.000000,41,439,0,105,0,105,35,-1,-1,0.000000
10828,0,-1,-1,-1,-1,0,-1,-1,-1,-1.000000,-1.000000,466,0,0,0,0,0,-1,-1,-1,0.000000
10829,0,-1,-1,-1,-1,0,-1,-1,-1,-1.000000,-1.000000,459,0,0,0,0,0,-1,-1,-1,0.000000
10830,0,-1,-1,-1,-1,0,-1,-1,-1,-1.000000,-1.000000,127,0,0,0,0,0,-1,-1,-1,0.000000
10831,0,28,-1,-1,7468,623,59,3,4,0.000000,0.000000,45,685,0,132,0,132,28,-1,-1,0.000000
10832,0,20,-1,-1,4439,704,67,3,4,0.000000,0.000000,53,808,0,168,0,168,20,-1,-1,0.000000
10833,0,-1,-1,-1,-1,0,-1,-1,-1,-1.000000,-1.000000,81,0,0,0,0,0,-1,-1,-1,0.000000
10834,0,-1,-1,-1,-1,0,-1,-1,-1,-1.000000,-1.000000,111,0,0,0,0,0,-1,-1,-1,0.000000
10835,0,-1,-1,-1,-1,0,-1,-1,-1,-1.000000,-1.000000,263,0,0,0,0,0,-1,-1,-1,0.000000
10836,0,-1,-1,-1,-1,0,-1,-1,-1,-1.000000,-1.000000,401,0,0,0,0,0,-1,-1,-1,0.000000
10837,0,-1,-1,-1,-1,0,-1,-1,-1,-1.000000,-1.000000,177,0,0,0,0,0,-1,-1,-1,0.000000
10838,0,17,-1,-1,4544,836,68,3,2,0.000000,0.000000,41,750,0,229,0,229,17,-1,-1,0.000000
10839,0,28,-1,-1,7473,39,59,3,4,0.000000,0.000000,65,82,0,25,0,25,28,-1,-1,0.000000
10840,0,-1,-1,-1,-1,0,-1,-1,-1,-1.000000,-1.000000,269,0,0,0,0,0,-1,-1,-1,0.000000
10841,0,-1,-1,-1,-1,0,-1,-1,-1,-1.000000,-1.000000,472,0,0,0,0,0,-1,-1,-1,0.000000
10842,0,-1,-1,-1,-1,0,-1,-1,-1,-1.000000,-1.000000,85,0,0,0,0,0,-1,-1,-1,0.000000
10843,0,-1,-1,-1,-1,0,-1,-1,-1,-1.000000,-1.000000,130,0,0,0,0,0,-1,-1,-1,0.000000
10844,0,-1,-1,-1,-1,0,-1,-1,-1,-1.000000,-1.000000,418,0,0,0,0,0,-1,-1,-1,0.000000
10845,0,178,-1,-1,4018,467,32,3,2,0.000000,0.000000,21,669,0,120,0,120,178,-1,-1,0.000000
10846,0,-1,-1,-1,-1,0,-1,-1,-1,-1.000000,-1.000000,424,0,0,0,0,0,-1,-1,-1,0.000000
10847,0,-1,-1,-1,-1,0,-1,-1,-1,-1.000000,-1.000000,261,0,0,0,0,0,-1,-1,-1,0.000000
10848,0,-1,-1,-1,-1,0,-1,-1,-1,-1.000000,-1.000000,141,0,0,0,0,0,-1,-1,-1,0.000000
10849,0,-1,-1,-1,-1,0,-1,-1,-1,-1.000000,-1.000000,183,0,0,0,0,0,-1,-1,-1,0.000000
10850,0,-1,-1,-1,-1,0,-1,-1,-1,-1.000000,-1.000000,117,0,0,0,0,0,-1,-1,-1,0.000000
10851,0,23,-1,-1,7196,511,66,3,2,0.000000,0.000000,39,595,0,95,0,95,23,-1,-1,0.000000
10852,0,76,-1,-1,4869,9,41,3,4,0.000000,0.000000,69,13,0,8,0,8,76,-1,-1,0.000000
10853,0,38,-1,-1,2423,192,51,3,4,0.000000,0.000000,87,321,0,79,0,79,38,-1,-1,0.000000
10854,0,-1,-1,-1,-1,0,-1,-1,-1,-1.000000,-1.000000,331,0,0,0,0,0,-1,-1,-1,0.000000
10855,0,-1,-1,-1,-1,0,-1,-1,-1,-1.000000,-1.000000,352,0,0,0,0,0,-1,-1,-1,0.000000
10856,0,-1,-1,-1,-1,0,-1,-1,-1,-1.000000,-1.000000,503,0,0,0,0,0,-1,-1,-1,0.000000
10857,0,-1,-1,-1,-1,0,-1,-1,-1,-1.000000,-1.000000,346,0,0,0,0,0,-1,-1,-1,0.000000
10858,0,-1,-1,-1,-1,0,-1,-1,-1,-1.000000,-1.000000,205,0,0,0,0,0,-1,-1,-1,0.000000
10859,0,-1,-1,-1,-1,0,-1,-1,-1,-1.000000,-1.000000,367,0,0,0,0,0,-1,-1,-1,0.000000
10860,0,-1,-1,-1,-1,0,-1,-1,-1,-1.000000,-1.000000,137,0,0,0,0,0,-1,-1,-1,0.000000
10861,0,-1,-1,-1,-1,0,-1,-1,-1,-1.000000,-1.000000,376,0,0,0,0,0,-1,-1,-1,0.000000
10862,0,-1,-1,-1,-1,0,-1,-1,-1,-1.000000,-1.000000,193,0,0,0,0,0,-1,-1,-1,0.000000
10863,0,-1,-1,-1,-1,0,-1,-1,-1,-1.000000,-1.000000,89,0,0,0,0,0,-1,-1,-1,0.000000
10864,0,-1,-1,-1,-1,0,-1,-1,-1,-1.000000,-1.000000,241,0,0,0,0,0,-1,-1,-1,0.000000
10865,0,22,-1,-1,1487,623,66,3,2,0.000000,0.000000,7,711,0,267,0,267,22,-1,-1,0.000000
10866,0,-1,-1,-1,-1,0,-1,-1,-1,-1.000000,-1.000000,115,0,0,0,0,0,-1,-1,-1,0.000000
10867,0,-1,-1,-1,-1,0,-1,-1,-1,-1.000000,-1.000000,471,0,0,0,0,0,-1,-1,-1,0.000000
10868,0,-1,-1,-1,-1,0,-1,-1,-1,-1.000000,-1.000000,295,0,0,0,0,0,-1,-1,-1,0.000000
10869,0,-1,-1,-1,-1,0,-1,-1,-1,-1.000000,-1.000000,310,0,0,0,0,0,-1,-1,-1,0.000000
10870,0,-1,-1,-1,-1,0,-1,-1,-1,-1.000000,-1.000000,333,0,0,0,0,0,-1,-1,-1,0.000000
10871,0,-1,-1,-1,-1,0,-1,-1,-1,-1.000000,-1.000000,133,0,0,0,0,0,-1,-1,-1,0.000000
10872,0,-1,-1,-1,-1,0,-1,-1,-1,-1.000000,-1.000000,243,0,0,0,0,0,-1,-1,-1,0.000000
10873,0,-1,-1,-1,-1,0,-1,-1,-1,-1.000000,-1.000000,157,0,0,0,0,0,-1,-1,-1,0.000000
10874,0,55,-1,-1,5169,4,46,3,2,0.000000,0.000000,91,12,0,5,0,5,55,-1,-1,0.000000
10875,0,-1,-1,-1,-1,0,-1,-1,-1,-1.000000,-1.000000,289,0,0,0,0,0,-1,-1,-1,0.000000
10876,0,-1,-1,-1,-1,0,-1,-1,-1,-1.000000,-1.000000,139,0,0,0,0,0,-1,-1,-1,0.000000
10877,0,-1,-1,-1,-1,0,-1,-1,-1,-1.000000,-1.000000,179,0,0,0,0,0,-1,-1,-1,0.000000
10878,0,-1,-1,-1,-1,0,-1,-1,-1,-1.000000,-1.000000,195,0,0,0,0,0,-1,-1,-1,0.000000
10879,0,-1,-1,-1,-1,0,-1,-1,-1,-1.000000,-1.000000,157,0,0,0,0,0,-1,-1,-1,0.000000
10880,0,-1,-1,-1,-1,0,-1,-1,-1,-1.000000,-1.000000,277,0,0,0,0,0,-1,-1,-1,0.000000
10881,0,-1,-1,-1,-1,0,-1,-1,-1,-1.000000,-1.000000,211,0,0,0,0,0,-1,-1,-1,0.000000
10882,0,21,-1,-1,6808,735,67,3,4,0.000000,0.000000,31,783,0,194,0,194,21,-1,-1,0.000000
10883,0,25,-1,-1,6085,529,64,3,2,0.000000,0.000000,51,644,0,155,0,155,25,-1,-1,0.000000
10884,0,-1,-1,-1,-1,0,-1,-1,-1,-1.000000,-1.000000,239,0,0,0,0,0,-1,-1,-1,0.000000
10885,0,27,-1,-1,6373,755,59,3,4,0.000000,0.000000,69,757,0,165,0,165,27,-1,-1,0.000000
10886,0,-1,-1,-1,-1,0,-1,-1,-1,-1.000000,-1.000000,81,0,0,0,0,0,-1,-1,-1,0.000000
10887,0,-1,-1,-1,-1,0,-1,-1,-1,-1.000000,-1.000000,409,0,0,0,0,0,-1,-1,-1,0.000000
10888,0,-1,-1,-1,-1,0,-1,-1,-1,-1.000000,-1.000000,73,0,0,0,0,0,-1,-1,-1,0.000000
10889,0,-1,-1,-1,-1,0,-1,-1,-1,-1.000000,-1.000000,141,0,0,0,0,0,-1,-1,-1,0.000000
10890,0,28,-1,-1,7667,23,61,3,4,0.000000,0.000000,63,71,0,23,0,23,28,-1,-1,0.000000
10891,0,-1,-1,-1,-1,0,-1,-1,-1,-1.000000,-1.000000,230,0,0,0,0,0,-1,-1,-1,0.000000
10892,0,-1,-1,-1,-1,0,-1,-1,-1,-1.000000,-1.000000,466,0,0,0,0,0,-1,-1,-1,0.000000
10893,0,-1,-1,-1,-1,0,-1,-1,-1,-1.000000,-1.000000,127,0,0,0,0,0,-1,-1,-1,0.000000
10894,0,-1,-1,-1,-1,0,-1,-1,-1,-1.000000,-1.000000,161,0,0,0,0,0,-1,-1,-1,0.000000
10895,0,-1,-1,-1,-1,0,-1,-1,-1,-1.000000,-1.000000,365,0,0,0,0,0,-1,-1,-1,0.000000
10896,0,-1,-1,-1,-1,0,-1,-1,-1,-1.000000,-1.000000,185,0,0,0,0,0,-1,-1,-1,0.000000
10897,0,-1,-1,-1,-1,0,-1,-1,-1,-1.000000,-1.000000,147,0,0,0,0,0,-1,-1,-1,0.000000
10898,0,-1,-1,-1,-1,0,-1,-1,-1,-1.000000,-1.000000,162,0,0,0,0,0,-1,-1,-1,0.000000
10899,0,-1,-1,-1,-1,0,-1,-1,-1,-1.000000,-1.000000,426,0,0,0,0,0,-1,-1,-1,0.000000
10900,0,47,-1,-1,3617,578,51,3,4,0.000000,0.000000,37,621,0,160,0,160,47,-1,-1,0.000000
10901,0,-1,-1,-1,-1,0,-1,-1,-1,-1.000000,-1.000000,419,0,0,0,0,0,-1,-1,-1,0.000000
10902,0,-1,-1,-1,-1,0,-1,-1,-1,-1.000000,-1.000000,263,0,0,0,0,0,-1,-1,-1,0.000000
10903,0,25,-1,-1,5573,619,63,3,4,0.000000,0.000000,35,663,0,309,0,309,25,-1,-1,0.000000
10904,0,-1,-1,-1,-1,0,-1,-1,-1,-1.000000,-1.000000,235,0,0,0,0,0,-1,-1,-1,0.000000
10905,0,-1,-1,-1,-1,0,-1,-1,-1,-1.000000,-1.000000,93,0,0,0,0,0,-1,-1,-1,0.000000
10906,0,106,-1,-1,5423,612,37,3,2,0.000000,0.000000,22,788,0,101,0,101,106,-1,-1,0.000000
10907,0,407,-1,-1,2263,417,22,3,4,0.000000,0.000000,40,450,0,69,0,69,407,-1,-1,0.000000
10908,0,-1,-1,-1,-1,0,-1,-1,-1,-1.000000,-1.000000,213,0,0,0,0,0,-1,-1,-1,0.000000
10909,0,-1,-1,-1,-1,0,-1,-1,-1,-1.000000,-1.000000,249,0,0,0,0,0,-1,-1,-1,0.000000
10910,0,-1,-1,-1,-1,0,-1,-1,-1,-1.000000,-1.000000,143,0,0,0,0,0,-1,-1,-1,0.000000
10911,0,36,-1,-1,5783,568,52,3,2,0.000000,0.000000,79,551,0,257,0,257,36,-1,-1,0.000000
10912,0,-1,-1,-1,-1,0,-1,-1,-1,-1.000000,-1.000000,213,0,0,0,0,0,-1,-1,-1,0.000000
10913,0,125,-1,-1,1389,656,37,3,2,0.000000,0.000000,30,673,0,141,0,141,125,-1,-1,0.000000
10914,0,-1,-1,-1,-1,0,-1,-1,-1,-1.000000,-1.000000,275,0,0,0,0,0,-1,-1,-1,0.000000
10915,0,-1,-1,-1,-1,0,-1,-1,-1,-1.000000,-1.000000,167,0,0,0,0,0,-1,-1,-1,0.000000
10916,0,-1,-1,-1,-1,0,-1,-1,-1,-1.000000,-1.000000,307,0,0,0,0,0,-1,-1,-1,0.000000
10917,0,-1,-1,-1,-1,0,-1,-1,-1,-1.000000,-1.000000,131,0,0,0,0,0,-1,-1,-1,0.000000
10918,0,-1,-1,-1,-1,0,-1,-1,-1,-1.000000,-1.000000,139,0,0,0,0,0,-1,-1,-1,0.000000
10919,0,-1,-1,-1,-1,0,-1,-1,-1,-1.000000,-1.000000,271,0,0,0,0,0,-1,-1,-1,0.000000
10920,0,-1,-1,-1,-1,0,-1,-1,-1,-1.000000,-1.000000,163,0,0,0,0,0,-1,-1,-1,0.000000
10921,0,17,-1,-1,1824,846,68,3,2,0.000000,0.000000,31,767,0,208,0,208,17,-1,-1,0.000000
10922,0,-1,-1,-1,-1,0,-1,-1,-1,-1.000000,-1.000000,494,0,0,0,0,0,-1,-1,-1,0.000000
10923,0,401,-1,-1,5481,1,20,3,4,0.000000,0.000000,72,20,0,6,0,6,401,-1,-1,0.000000
10924,0,-1,-1,-1,-1,0,-1,-1,-1,-1.000000,-1.000000,169,0,0,0,0,0,-1,-1,-1,0.000000
10925,0,-1,-1,-1,-1,0,-1,-1,-1,-1.000000,-1.000000,257,0,0,0,0,0,-1,-1,-1,0.000000
10926,0,-1,-1,-1,-1,0,-1,-1,-1,-1.000000,-1.000000,299,0,0,0,0,0,-1,-1,-1,0.000000
10927,0,52,-1,-1,7299,0,47,3,4,0.000000,0.000000,119,1,0,0,0,0,52,-1,-1,0.000000
10928,0,-1,-1,-1,-1,0,-1,-1,-1,-1.000000,-1.000000,336,0,0,0,0,0,-1,-1,-1,0.000000
10929,0,-1,-1,-1,-1,0,-1,-1,-1,-1.000000,-1.000000,423,0,0,0,0,0,-1,-1,-1,0.000000
10930,0,-1,-1,-1,-1,0,-1,-1,-1,-1.000000,-1.000000,81,0,0,0,0,0,-1,-1,-1,0.000000
10931,0,-1,-1,-1,-1,0,-1,-1,-1,-1.000000,-1.000000,284,0,0,0,0,0,-1,-1,-1,0.000000
10932,0,-1,-1,-1,-1,0,-1,-1,-1,-1.000000,-1.000000,150,0,0,0,0,0,-1,-1,-1,0.000000
10933,0,-1,-1,-1,-1,0,-1,-1,-1,-1.000000,-1.000000,315,0,0,0,0,0,-1,-1,-1,0.000000
10934,0,8,-1,-1,1150,604,69,3,4,0.000000,0.000000,19,740,0,246,0,246,8,-1,-1,0.000000
10935,0,33,-1,-1,4251,551,54,3,2,0.000000,0.000000,61,594,0,195,0,195,33,-1,-1,0.000000
10936,0,-1,-1,-1,-1,0,-1,-1,-1,-1.000000,-1.000000,123,0,0,0,0,0,-1,-1,-1,0.000000
10937,0,-1,-1,-1,-1,0,-1,-1,-1,-1.000000,-1.000000,253,0,0,0,0,0,-1,-1,-1,0.000000
10938,0,238,-1,-1,1669,28,29,3,2,0.000000,0.000000,66,83,0,21,0,21,238,-1,-1,0.000000
10939,0,113,-1,-1,3363,1,38,3,2,0.000000,0.000000,111,9,0,3,0,3,113,-1,-1,0.000000
10940,0,-1,-1,-1,-1,0,-1,-1,-1,-1.000000,-1.000000,442,0,0,0,0,0,-1,-1,-1,0.000000
10941,0,-1,-1,-1,-1,0,-1,-1,-1,-1.000000,-1.000000,121,0,0,0,0,0,-1,-1,-1,0.000000
10942,0,-1,-1,-1,-1,0,-1,-1,-1,-1.000000,-1.000000,245,0,0,0,0,0,-1,-1,-1,0.000000
10943,0,-1,-1,-1,-1,0,-1,-1,-1,-1.000000,-1.000000,157,0,0,0,0,0,-1,-1,-1,0.000000
10944,0,-1,-1,-1,-1,0,-1,-1,-1,-1.000000,-1.000000,153,0,0,0,0,0,-1,-1,-1,0.000000
10945,0,-1,-1,-1,-1,0,-1,-1,-1,-1.000000,-1.000000,494,0,0,0,0,0,-1,-1,-1,0.000000
10946,0,-1,-1,-1,-1,0,-1,-1,-1,-1.000000,-1.000000,265,0,0,0,0,0,-1,-1,-1,0.000000
10947,0,-1,-1,-1,-1,0,-1,-1,-1,-1.000000,-1.000000,160,0,0,0,0,0,-1,-1,-1,0.000000
10948,0,-1,-1,-1,-1,0,-1,-1,-1,-1.000000,-1.000000,399,0,0,0,0,0,-1,-1,-1,0.000000
10949,0,29,-1,-1,360,75,57,3,4,0.000000,0.000000,65,203,0,51,0,51,29,-1,-1,0.000000
10950,0,-1,-1,-1,-1,0,-1,-1,-1,-1.000000,-1.000000,355,0,0,0,0,0,-1,-1,-1,0.000000
10951,0,-1,-1,-1,-1,0,-1,-1,-1,-1.000000,-1.000000,440,0,0,0,0,0,-1,-1,-1,0.000000
10952,0,-1,-1,-1,-1,0,-1,-1,-1,-1.000000,-1.000000,247,0,0,0,0,0,-1,-1,-1,0.000000
10953,0,-1,-1,-1,-1,0,-1,-1,-1,-1.000000,-1.000000,160,0,0,0,0,0,-1,-1,-1,0.000000
10954,0,-1,-1,-1,-1,0,-1,-1,-1,-1.000000,-1.000000,133,0,0,0,0,0,-1,-1,-1,0.000000
10955,0,5,-1,-1,1410,597,69,3,4,0.000000,0.000000,21,727,0,263,0,263,5,-1,-1,0.000000
10956,0,-1,-1,-1,-1,0,-1,-1,-1,-1.000000,-1.000000,89,0,0,0,0,0,-1,-1,-1,0.000000
10957,0,-1,-1,-1,-1,0,-1,-1,-1,-1.000000,-1.000000,127,0,0,0,0,0,-1,-1,-1,0.000000
10958,0,-1,-1,-1,-1,0,-1,-1,-1,-1.000000,-1.000000,157,0,0,0,0,0,-1,-1,-1,0.000000
10959,0,27,-1,-1,5744,132,59,3,4,0.000000,0.000000,83,276,0,65,0,65,27,-1,-1,0.000000
10960,0,-1,-1,-1,-1,0,-1,-1,-1,-1.000000,-1.000000,241,0,0,0,0,0,-1,-1,-1,0.000000
10961,0,24,-1,-1,1865,871,63,3,4,0.000000,0.000000,15,739,0,234,0,234,24,-1,-1,0.000000
10962,0,-1,-1,-1,-1,0,-1,-1,-1,-1.000000,-1.000000,247,0,0,0,0,0,-1,-1,-1,0.000000
10963,0,-1,-1,-1,-1,0,-1,-1,-1,-1.000000,-1.000000,245,0,0,0,0,0,-1,-1,-1,0.000000
10964,0,-1,-1,-1,-1,0,-1,-1,-1,-1.000000,-1.000000,313,0,0,0,0,0,-1,-1,-1,0.000000
10965,0,214,-1,-1,4921,0,28,3,2,0.000000,0.000000,79,1,0,0,0,0,214,-1,-1,0.000000
10966,0,-1,-1,-1,-1,0,-1,-1,-1,-1.000000,-1.000000,125,0,0,0,0,0,-1,-1,-1,0.000000
10967,0,-1,-1,-1,-1,0,-1,-1,-1,-1.000000,-1.000000,25,0,0,0,0,0,-1,-1,-1,0.000000
10968,0,-1,-1,-1,-1,0,-1,-1,-1,-1.000000,-1.000000,287,0,0,0,0,0,-1,-1,-1,0.000000
10969,0,-1,-1,-1,-1,0,-1,-1,-1,-1.000000,-1.000000,107,0,0,0,0,0,-1,-1,-1,0.000000
10970,0,-1,-1,-1,-1,0,-1,-1,-1,-1.000000,-1.000000,452,0,0,0,0,0,-1,-1,-1,0.000000
10971,0,-1,-1,-1,-1,0,-1,-1,-1,-1.000000,-1.000000,299,0,0,0,0,0,-1,-1,-1,0.000000
10972,0,-1,-1,-1,-1,0,-1,-1,-1,-1.000000,-1.000000,199,0,0,0,0,0,-1,-1,-1,0.000000
10973,0,23,-1,-1,2908,652,67,3,4,0.000000,0.000000,29,756,0,218,0,218,23,-1,-1,0.000000
10974,0,-1,-1,-1,-1,0,-1,-1,-1,-1.000000,-1.000000,299,0,0,0,0,0,-1,-1,-1,0.000000
10975,0,-1,-1,-1,-1,0,-1,-1,-1,-1.000000,-1.000000,123,0,0,0,0,0,-1,-1,-1,0.000000
10976,0,-1,-1,-1,-1,0,-1,-1,-1,-1.000000,-1.000000,171,0,0,0,0,0,-1,-1,-1,0.000000
10977,0,-1,-1,-1,-1,0,-1,-1,-1,-1.000000,-1.000000,143,0,0,0,0,0,-1,-1,-1,0.000000
10978,0,-1,-1,-1,-1,0,-1,-1,-1,-1.000000,-1.000000,157,0,0,0,0,0,-1,-1,-1,0.000000
10979,0,-1,-1,-1,-1,0,-1,-1,-1,-1.000000,-1.000000,115,0,0,0,0,0,-1,-1,-1,0.000000
10980,0,-1,-1,-1,-1,0,-1,-1,-1,-1.000000,-1.000000,125,0,0,0,0,0,-1,-1,-1,0.000000
10981,0,-1,-1,-1,-1,0,-1,-1,-1,-1.000000,-1.000000,287,0,0,0,0,0,-1,-1,-1,0.000000
10982,0,-1,-1,-1,-1,0,-1,-1,-1,-1.000000,-1.000000,360,0,0,0,0,0,-1,-1,-1,0.000000
10983,0,-1,-1,-1,-1,0,-1,-1,-1,-1.000000,-1.000000,171,0,0,0,0,0,-1,-1,-1,0.000000
10984,0,-1,-1,-1,-1,0,-1,-1,-1,-1.000000,-1.000000,103,0,0,0,0,0,-1,-1,-1,0.000000
10985,0,-1,-1,-1,-1,0,-1,-1,-1,-1.000000,-1.000000,415,0,0,0,0,0,-1,-1,-1,0.000000
10986,0,-1,-1,-1,-1,0,-1,-1,-1,-1.000000,-1.000000,158,0,0,0,0,0,-1,-1,-1,0.000000
10987,0,-1,-1,-1,-1,0,-1,-1,-1,-1.000000,-1.000000,275,0,0,0,0,0,-1,-1,-1,0.000000
10988,0,-1,-1,-1,-1,0,-1,-1,-1,-1.000000,-1.000000,238,0,0,0,0,0,-1,-1,-1,0.000000
10989,0,33,-1,-1,1921,122,56,3,2,0.000000,0.000000,65,247,0,52,0,52,33,-1,-1,0.000000
10990,0,-1,-1,-1,-1,0,-1,-1,-1,-1.000000,-1.000000,221,0,0,0,0,0,-1,-1,-1,0.000000
10991,0,26,-1,-1,274,569,60,3,2,0.000000,0.000000,45,632,0,134,0,134,26,-1,-1,0.000000
10992,0,-1,-1,-1,-1,0,-1,-1,-1,-1.000000,-1.000000,211,0,0,0,0,0,-1,-1,-1,0.000000
10993,0,-1,-1,-1,-1,0,-1,-1,-1,-1.000000,-1.000000,149,0,0,0,0,0,-1,-1,-1,0.000000
10994,0,-1,-1,-1,-1,0,-1,-1,-1,-1.000000,-1.000000,127,0,0,0,0,0,-1,-1,-1,0.000000
10995,0,-1,-1,-1,-1,0,-1,-1,-1,-1.000000,-1.000000,197,0,0,0,0,0,-1,-1,-1,0.000000
10996,0,-1,-1,-1,-1,0,-1,-1,-1,-1.000000,-1.000000,264,0,0,0,0,0,-1,-1,-1,0.000000
10997,0,-1,-1,-1,-1,0,-1,-1,-1,-1.000000,-1.000000,143,0,0,0,0,0,-1,-1,-1,0.000000
10998,0,-1,-1,-1,-1,0,-1,-1,-1,-1.000000,-1.000000,152,0,0,0,0,0,-1,-1,-1,0.000000
10999,0,-1,-1,-1,-1,0,-1,-1,-1,-1.000000,-1.000000,135,0,0,0,0,0,-1,-1,-1,0.000000
11000,0,-1,-1,-1,-1,0,-1,-1,-1,-1.000000,-1.000000,209,0,0,0,0,0,-1,-1,-1,0.000000
11001,0,-1,-1,-1,-1,0,-1,-1,-1,-1.000000,-1.000000,387,0,0,0,0,0,-1,-1,-1,0.000000
11002,0,-1,-1,-1,-1,0,-1,-1,-1,-1.000000,-1.000000,211,0,0,0,0,0,-1,-1,-1,0.000000
11003,0,-1,-1,-1,-1,0,-1,-1,-1,-1.000000,-1.000000,295,0,0,0,0,0,-1,-1,-1,0.000000
11004,0,26,-1,-1,4943,712,62,3,2,0.000000,0.000000,29,649,0,251,0,251,26,-1,-1,0.000000
11005,0,25,-1,-1,2725,644,61,3,4,0.000000,0.000000,73,628,0,252,0,252,25,-1,-1,0.000000
11006,0,82,-1,-1,7642,1,43,3,4,0.000000,0.000000,71,9,0,2,0,2,82,-1,-1,0.000000
11007,0,-1,-1,-1,-1,0,-1,-1,-1,-1.000000,-1.000000,174,0,0,0,0,0,-1,-1,-1,0.000000
11008,0,-1,-1,-1,-1,0,-1,-1,-1,-1.000000,-1.000000,161,0,0,0,0,0,-1,-1,-1,0.000000
11009,0,-1,-1,-1,-1,0,-1,-1,-1,-1.000000,-1.000000,337,0,0,0,0,0,-1,-1,-1,0.000000
11010,0,-1,-1,-1,-1,0,-1,-1,-1,-1.000000,-1.000000,273,0,0,0,0,0,-1,-1,-1,0.000000
11011,0,-1,-1,-1,-1,0,-1,-1,-1,-1.000000,-1.000000,371,0,0,0,0,0,-1,-1,-1,0.000000
11012,0,-1,-1,-1,-1,0,-1,-1,-1,-1.000000,-1.000000,193,0,0,0,0,0,-1,-1,-1,0.000000
11013,0,-1,-1,-1,-1,0,-1,-1,-1,-1.000000,-1.000000,351,0,0,0,0,0,-1,-1,-1,0.000000
11014,0,-1,-1,-1,-1,0,-1,-1,-1,-1.000000,-1.000000,307,0,0,0,0,0,-1,-1,-1,0.000000
11015,0,-1,-1,-1,-1,0,-1,-1,-1,-1.000000,-1.000000,367,0,0,0,0,0,-1,-1,-1,0.000000
11016,0,25,-1,-1,5420,671,62,3,2,0.000000,0.000000,13,794,0,181,0,181,25,-1,-1,0.000000
11017,0,-1,-1,-1,-1,0,-1,-1,-1,-1.000000,-1.000000,220,0,0,0,0,0,-1,-1,-1,0.000000
11018,0,-1,-1,-1,-1,0,-1,-1,-1,-1.000000,-1.000000,347,0,0,0,0,0,-1,-1,-1,0.000000
11019,0,-1,-1,-1,-1,0,-1,-1,-1,-1.000000,-1.000000,213,0,0,0,0,0,-1,-1,-1,0.000000
11020,0,-1,-1,-1,-1,0,-1,-1,-1,-1.000000,-1.000000,179,0,0,0,0,0,-1,-1,-1,0.000000
11021,0,32,-1,-1,6011,133,55,3,4,0.000000,0.000000,89,257,0,83,0,83,32,-1,-1,0.000000
11022,0,27,-1,-1,7685,729,59,3,4,0.000000,0.000000,45,741,0,171,0,171,27,-1,-1,0.000000
11023,0,-1,-1,-1,-1,0,-1,-1,-1,-1.000000,-1.000000,127,0,0,0,0,0,-1,-1,-1,0.000000
11024,0,-1,-1,-1,-1,0,-1,-1,-1,-1.000000,-1.000000,239,0,0,0,0,0,-1,-1,-1,0.000000
11025,0,-1,-1,-1,-1,0,-1,-1,-1,-1.000000,-1.000000,369,0,0,0,0,0,-1,-1,-1,0.000000
11026,0,-1,-1,-1,-1,0,-1,-1,-1,-1.000000,-1.000000,321,0,0,0,0,0,-1,-1,-1,0.000000
11027,0,-1,-1,-1,-1,0,-1,-1,-1,-1.000000,-1.000000,281,0,0,0,0,0,-1,-1,-1,0.000000
11028,0,-1,-1,-1,-1,0,-1,-1,-1,-1.000000,-1.000000,361,0,0,0,0,0,-1,-1,-1,0.000000
11029,0,-1,-1,-1,-1,0,-1,-1,-1,-1.000000,-1.000000,142,0,0,0,0,0,-1,-1,-1,0.000000
11030,0,-1,-1,-1,-1,0,-1,-1,-1,-1.000000,-1.000000,389,0,0,0,0,0,-1,-1,-1,0.000000
11031,0,-1,-1,-1,-1,0,-1,-1,-1,-1.000000,-1.000000,385,0,0,0,0,0,-1,-1,-1,0.000000
11032,0,-1,-1,-1,-1,0,-1,-1,-1,-1.000000,-1.000000,207,0,0,0,0,0,-1,-1,-1,0.000000
11033,0,-1,-1,-1,-1,0,-1,-1,-1,-1.000000,-1.000000,374,0,0,0,0,0,-1,-1,-1,0.000000
11034,0,33,-1,-1,7658,13,54,3,2,0.000000,0.000000,69,50,0,14,0,14,33,-1,-1,0.000000
11035,0,23,-1,-1,2719,829,68,3,2,0.000000,0.000000,23,779,0,171,0,171,23,-1,-1,0.000000
11036,0,-1,-1,-1,-1,0,-1,-1,-1,-1.000000,-1.000000,175,0,0,0,0,0,-1,-1,-1,0.000000
11037,0,-1,-1,-1,-1,0,-1,-1,-1,-1.000000,-1.000000,121,0,0,0,0,0,-1,-1,-1,0.000000
11038,0,-1,-1,-1,-1,0,-1,-1,-1,-1.000000,-1.000000,183,0,0,0,0,0,-1,-1,-1,0.000000
11039,0,-1,-1,-1,-1,0,-1,-1,-1,-1.000000,-1.000000,516,0,0,0,0,0,-1,-1,-1,0.000000
11040,0,-1,-1,-1,-1,0,-1,-1,-1,-1.000000,-1.000000,226,0,0,0,0,0,-1,-1,-1,0.000000
11041,0,-1,-1,-1,-1,0,-1,-1,-1,-1.000000,-1.000000,46,0,0,0,0,0,-1,-1,-1,0.000000
11042,0,-1,-1,-1,-1,0,-1,-1,-1,-1.000000,-1.000000,130,0,0,0,0,0,-1,-1,-1,0.000000
11043,0,-1,-1,-1,-1,0,-1,-1,-1,-1.000000,-1.000000,317,0,0,0,0,0,-1,-1,-1,0.000000
11044,0,-1,-1,-1,-1,0,-1,-1,-1,-1.000000,-1.000000,476,0,0,0,0,0,-1,-1,-1,0.000000
11045,0,-1,-1,-1,-1,0,-1,-1,-1,-1.000000,-1.000000,430,0,0,0,0,0,-1,-1,-1,0.000000
11046,0,-1,-1,-1,-1,0,-1,-1,-1,-1.000000,-1.000000,125,0,0,0,0,0,-1,-1,-1,0.000000
11047,0,-1,-1,-1,-1,0,-1,-1,-1,-1.000000,-1.000000,362,0,0,0,0,0,-1,-1,-1,0.000000
11048,0,-1,-1,-1,-1,0,-1,-1,-1,-1.000000,-1.000000,249,0,0,0,0,0,-1,-1,-1,0.000000
11049,0,-1,-1,-1,-1,0,-1,-1,-1,-1.000000,-1.000000,133,0,0,0,0,0,-1,-1,-1,0.000000
11050,0,-1,-1,-1,-1,0,-1,-1,-1,-1.000000,-1.000000,380,0,0,0,0,0,-1,-1,-1,0.000000
11051,0,-1,-1,-1,-1,0,-1,-1,-1,-1.000000,-1.000000,131,0,0,0,0,0,-1,-1,-1,0.000000
11052,0,41,-1,-1,3500,688,51,3,2,0.000000,0.000000,40,679,0,177,0,177,41,-1,-1,0.000000
11053,0,748,-1,-1,1753,0,14,3,4,0.000000,0.000000,124,1,0,0,0,0,748,-1,-1,0.000000
11054,0,-1,-1,-1,-1,0,-1,-1,-1,-1.000000,-1.000000,333,0,0,0,0,0,-1,-1,-1,0.000000
11055,0,121,-1,-1,5105,1,37,3,4,0.000000,0.000000,103,18,0,3,0,3,121,-1,-1,0.000000
11056,0,-1,-1,-1,-1,0,-1,-1,-1,-1.000000,-1.000000,147,0,0,0,0,0,-1,-1,-1,0.000000
11057,0,-1,-1,-1,-1,0,-1,-1,-1,-1.000000,-1.000000,201,0,0,0,0,0,-1,-1,-1,0.000000
11058,0,-1,-1,-1,-1,0,-1,-1,-1,-1.000000,-1.000000,341,0,0,0,0,0,-1,-1,-1,0.000000
11059,0,62,-1,-1,4971,525,45,3,2,0.000000,0.000000,36,583,0,135,0,135,62,-1,-1,0.000000
11060,0,66,-1,-1,3478,3,43,3,4,0.000000,0.000000,89,16,0,2,0,2,66,-1,-1,0.000000
11061,0,-1,-1,-1,-1,0,-1,-1,-1,-1.000000,-1.000000,79,0,0,0,0,0,-1,-1,-1,0.000000
11062,0,-1,-1,-1,-1,0,-1,-1,-1,-1.000000,-1.000000,213,0,0,0,0,0,-1,-1,-1,0.000000
11063,0,35,-1,-1,4546,12,52,3,2,0.000000,0.000000,75,40,0,21,0,21,35,-1,-1,0.000000
11064,0,-1,-1,-1,-1,0,-1,-1,-1,-1.000000,-1.000000,180,0,0,0,0,0,-1,-1,-1,0.000000
11065,0,-1,-1,-1,-1,0,-1,-1,-1,-1.000000,-1.000000,241,0,0,0,0,0,-1,-1,-1,0.000000
11066,0,-1,-1,-1,-1,0,-1,-1,-1,-1.000000,-1.000000,333,0,0,0,0,0,-1,-1,-1,0.000000
11067,0,-1,-1,-1,-1,0,-1,-1,-1,-1.000000,-1.000000,266,0,0,0,0,0,-1,-1,-1,0.000000
11068,0,-1,-1,-1,-1,0,-1,-1,-1,-1.000000,-1.000000,99,0,0,0,0,0,-1,-1,-1,0.000000
11069,0,-1,-1,-1,-1,0,-1,-1,-1,-1.000000,-1.000000,535,0,0,0,0,0,-1,-1,-1,0.000000
11070,0,24,-1,-1,7418,575,64,3,2,0.000000,0.000000,53,583,0,185,0,185,24,-1,-1,0.000000
11071,0,-1,-1,-1,-1,0,-1,-1,-1,-1.000000,-1.000000,177,0,0,0,0,0,-1,-1,-1,0.000000
11072,0,-1,-1,-1,-1,0,-1,-1,-1,-1.000000,-1.000000,243,0,0,0,0,0,-1,-1,-1,0.000000
11073,0,-1,-1,-1,-1,0,-1,-1,-1,-1.000000,-1.000000,115,0,0,0,0,0,-1,-1,-1,0.000000
11074,0,-1,-1,-1,-1,0,-1,-1,-1,-1.000000,-1.000000,271,0,0,0,0,0,-1,-1,-1,0.000000
11075,0,22,-1,-1,1041,837,65,3,4,0.000000,0.000000,37,813,0,157,0,157,22,-1,-1,0.000000
11076,0,-1,-1,-1,-1,0,-1,-1,-1,-1.000000,-1.000000,303,0,0,0,0,0,-1,-1,-1,0.000000
11077,0,-1,-1,-1,-1,0,-1,-1,-1,-1.000000,-1.000000,191,0,0,0,0,0,-1,-1,-1,0.000000
11078,0,-1,-1,-1,-1,0,-1,-1,-1,-1.000000,-1.000000,299,0,0,0,0,0,-1,-1,-1,0.000000
11079,0,21,-1,-1,2950,688,67,3,4,0.000000,0.000000,29,805,0,174,0,174,21,-1,-1,0.000000
11080,0,-1,-1,-1,-1,0,-1,-1,-1,-1.000000,-1.000000,269,0,0,0,0,0,-1,-1,-1,0.000000
11081,0,-1,-1,-1,-1,0,-1,-1,-1,-1.000000,-1.000000,85,0,0,0,0,0,-1,-1,-1,0.000000
11082,0,-1,-1,-1,-1,0,-1,-1,-1,-1.000000,-1.000000,262,0,0,0,0,0,-1,-1,-1,0.000000
11083,0,-1,-1,-1,-1,0,-1,-1,-1,-1.000000,-1.000000,171,0,0,0,0,0,-1,-1,-1,0.000000
11084,0,-1,-1,-1,-1,0,-1,-1,-1,-1.000000,-1.000000,229,0,0,0,0,0,-1,-1,-1,0.000000
11085,0,-1,-1,-1,-1,0,-1,-1,-1,-1.000000,-1.000000,199,0,0,0,0,0,-1,-1,-1,0.000000
11086,0,-1,-1,-1,-1,0,-1,-1,-1,-1.000000,-1.000000,111,0,0,0,0,0,-1,-1,-1,0.000000
11087,0,-1,-1,-1,-1,0,-1,-1,-1,-1.000000,-1.000000,191,0,0,0,0,0,-1,-1,-1,0.000000
11088,0,-1,-1,-1,-1,0,-1,-1,-1,-1.000000,-1.000000,171,0,0,0,0,0,-1,-1,-1,0.000000
11089,0,-1,-1,-1,-1,0,-1,-1,-1,-1.000000,-1.000000,227,0,0,0,0,0,-1,-1,-1,0.000000
11090,0,24,-1,-1,4357,766,63,3,4,0.000000,0.000000,35,668,0,299,0,299,24,-1,-1,0.000000
11091,0,15,-1,-1,6628,679,68,3,2,0.000000,0.000000,23,774,0,208,0,208,15,-1,-1,0.000000
11092,0,-1,-1,-1,-1,0,-1,-1,-1,-1.000000,-1.000000,391,0,0,0,0,0,-1,-1,-1,0.000000
11093,0,-1,-1,-1,-1,0,-1,-1,-1,-1.000000,-1.000000,130,0,0,0,0,0,-1,-1,-1,0.000000
11094,0,-1,-1,-1,-1,0,-1,-1,-1,-1.000000,-1.000000,183,0,0,0,0,0,-1,-1,-1,0.000000
11095,0,-1,-1,-1,-1,0,-1,-1,-1,-1.000000,-1.000000,155,0,0,0,0,0,-1,-1,-1,0.000000
11096,0,-1,-1,-1,-1,0,-1,-1,-1,-1.000000,-1.000000,227,0,0,0,0,0,-1,-1,-1,0.000000
11097,0,-1,-1,-1,-1,0,-1,-1,-1,-1.000000,-1.000000,317,0,0,0,0,0,-1,-1,-1,0.000000
11098,0,-1,-1,-1,-1,0,-1,-1,-1,-1.000000,-1.000000,170,0,0,0,0,0,-1,-1,-1,0.000000
11099,0,-1,-1,-1,-1,0,-1,-1,-1,-1.000000,-1.000000,379,0,0,0,0,0,-1,-1,-1,0.000000
11100,0,77,-1,-1,2596,41,41,3,4,0.000000,0.000000,85,104,0,34,0,34,77,-1,-1,0.000000
11101,0,-1,-1,-1,-1,0,-1,-1,-1,-1.000000,-1.000000,258,0,0,0,0,0,-1,-1,-1,0.000000
11102,0,-1,-1,-1,-1,0,-1,-1,-1,-1.000000,-1.000000,215,0,0,0,0,0,-1,-1,-1,0.000000
11103,0,-1,-1,-1,-1,0,-1,-1,-1,-1.000000,-1.000000,215,0,0,0,0,0,-1,-1,-1,0.000000
11104,0,-1,-1,-1,-1,0,-1,-1,-1,-1.000000,-1.000000,313,0,0,0,0,0,-1,-1,-1,0.000000
11105,0,-1,-1,-1,-1,0,-1,-1,-1,-1.000000,-1.000000,132,0,0,0,0,0,-1,-1,-1,0.000000
11106,0,-1,-1,-1,-1,0,-1,-1,-1,-1.000000,-1.000000,291,0,0,0,0,0,-1,-1,-1,0.000000
11107,0,-1,-1,-1,-1,0,-1,-1,-1,-1.000000,-1.000000,431,0,0,0,0,0,-1,-1,-1,0.000000
11108,0,-1,-1,-1,-1,0,-1,-1,-1,-1.000000,-1.000000,367,0,0,0,0,0,-1,-1,-1,0.000000
11109,0,-1,-1,-1,-1,0,-1,-1,-1,-1.000000,-1.000000,107,0,0,0,0,0,-1,-1,-1,0.000000
11110,0,-1,-1,-1,-1,0,-1,-1,-1,-1.000000,-1.000000,107,0,0,0,0,0,-1,-1,-1,0.000000
11111,0,20,-1,-1,6141,855,68,3,2,0.000000,0.000000,23,709,0,271,0,271,20,-1,-1,0.000000
11112,0,-1,-1,-1,-1,0,-1,-1,-1,-1.000000,-1.000000,459,0,0,0,0,0,-1,-1,-1,0.000000
11113,0,-1,-1,-1,-1,0,-1,-1,-1,-1.000000,-1.000000,193,0,0,0,0,0,-1,-1,-1,0.000000
11114,0,-1,-1,-1,-1,0,-1,-1,-1,-1.000000,-1.000000,200,0,0,0,0,0,-1,-1,-1,0.000000
11115,0,-1,-1,-1,-1,0,-1,-1,-1,-1.000000,-1.000000,82,0,0,0,0,0,-1,-1,-1,0.000000
11116,0,-1,-1,-1,-1,0,-1,-1,-1,-1.000000,-1.000000,360,0,0,0,0,0,-1,-1,-1,0.000000
11117,0,-1,-1,-1,-1,0,-1,-1,-1,-1.000000,-1.000000,215,0,0,0,0,0,-1,-1,-1,0.000000
11118,0,-1,-1,-1,-1,0,-1,-1,-1,-1.000000,-1.000000,496,0,0,0,0,0,-1,-1,-1,0.000000
11119,0,-1,-1,-1,-1,0,-1,-1,-1,-1.000000,-1.000000,513,0,0,0,0,0,-1,-1,-1,0.000000
11120,0,-1,-1,-1,-1,0,-1,-1,-1,-1.000000,-1.000000,107,0,0,0,0,0,-1,-1,-1,0.000000
11121,0,-1,-1,-1,-1,0,-1,-1,-1,-1.000000,-1.000000,356,0,0,0,0,0,-1,-1,-1,0.000000
11122,0,-1,-1,-1,-1,0,-1,-1,-1,-1.000000,-1.000000,439,0,0,0,0,0,-1,-1,-1,0.000000
11123,0,-1,-1,-1,-1,0,-1,-1,-1,-1.000000,-1.000000,355,0,0,0,0,0,-1,-1,-1,0.000000
11124,0,-1,-1,-1,-1,0,-1,-1,-1,-1.000000,-1.000000,183,0,0,0,0,0,-1,-1,-1,0.000000
11125,0,-1,-1,-1,-1,0,-1,-1,-1,-1.000000,-1.000000,103,0,0,0,0,0,-1,-1,-1,0.000000
11126,0,-1,-1,-1,-1,0,-1,-1,-1,-1.000000,-1.000000,358,0,0,0,0,0,-1,-1,-1,0.000000
11127,0,29,-1,-1,7634,6,57,3,4,0.000000,0.000000,75,23,0,7,0,7,29,-1,-1,0.000000
11128,0,-1,-1,-1,-1,0,-1,-1,-1,-1.000000,-1.000000,297,0,0,0,0,0,-1,-1,-1,0.000000
11129,0,-1,-1,-1,-1,0,-1,-1,-1,-1.000000,-1.000000,100,0,0,0,0,0,-1,-1,-1,0.000000
11130,0,-1,-1,-1,-1,0,-1,-1,-1,-1.000000,-1.000000,207,0,0,0,0,0,-1,-1,-1,0.000000
11131,0,68,-1,-1,612,7,43,3,4,0.000000,0.000000,75,43,0,21,0,21,68,-1,-1,0.000000
11132,0,-1,-1,-1,-1,0,-1,-1,-1,-1.000000,-1.000000,263,0,0,0,0,0,-1,-1,-1,0.000000
11133,0,-1,-1,-1,-1,0,-1,-1,-1,-1.000000,-1.000000,95,0,0,0,0,0,-1,-1,-1,0.000000
11134,0,-1,-1,-1,-1,0,-1,-1,-1,-1.000000,-1.000000,137,0,0,0,0,0,-1,-1,-1,0.000000
11135,0,231,-1,-1,4110,0,30,3,2,0.000000,0.000000,119,0,0,2,0,2,231,-1,-1,0.000000
11136,0,-1,-1,-1,-1,0,-1,-1,-1,-1.000000,-1.000000,369,0,0,0,0,0,-1,-1,-1,0.000000
11137,0,-1,-1,-1,-1,0,-1,-1,-1,-1.000000,-1.000000,113,0,0,0,0,0,-1,-1,-1,0.000000
11138,0,-1,-1,-1,-1,0,-1,-1,-1,-1.000000,-1.000000,406,0,0,0,0,0,-1,-1,-1,0.000000
11139,0,-1,-1,-1,-1,0,-1,-1,-1,-1.000000,-1.000000,113,0,0,0,0,0,-1,-1,-1,0.000000
11140,0,27,-1,-1,3874,521,59,3,2,0.000000,0.000000,48,557,0,168,0,168,27,-1,-1,0.000000
11141,0,19,-1,-1,840,645,69,3,4,0.000000,0.000000,17,790,0,191,0,191,19,-1,-1,0.000000
11142,0,-1,-1,-1,-1,0,-1,-1,-1,-1.000000,-1.000000,340,0,0,0,0,0,-1,-1,-1,0.000000
11143,0,-1,-1,-1,-1,0,-1,-1,-1,-1.000000,-1.000000,121,0,0,0,0,0,-1,-1,-1,0.000000
11144,0,-1,-1,-1,-1,0,-1,-1,-1,-1.000000,-1.000000,333,0,0,0,0,0,-1,-1,-1,0.000000
11145,0,-1,-1,-1,-1,0,-1,-1,-1,-1.000000,-1.000000,130,0,0,0,0,0,-1,-1,-1,0.000000
11146,0,-1,-1,-1,-1,0,-1,-1,-1,-1.000000,-1.000000,87,0,0,0,0,0,-1,-1,-1,0.000000
11147,0,23,-1,-1,5975,715,64,3,2,0.000000,0.000000,47,669,0,296,0,296,23,-1,-1,0.000000
11148,0,-1,-1,-1,-1,0,-1,-1,-1,-1.000000,-1.000000,129,0,0,0,0,0,-1,-1,-1,0.000000
11149,0,-1,-1,-1,-1,0,-1,-1,-1,-1.000000,-1.000000,359,0,0,0,0,0,-1,-1,-1,0.000000
11150,0,-1,-1,-1,-1,0,-1,-1,-1,-1.000000,-1.000000,374,0,0,0,0,0,-1,-1,-1,0.000000
11151,0,-1,-1,-1,-1,0,-1,-1,-1,-1.000000,-1.000000,99,0,0,0,0,0,-1,-1,-1,0.000000
11152,0,-1,-1,-1,-1,0,-1,-1,-1,-1.000000,-1.000000,426,0,0,0,0,0,-1,-1,-1,0.000000
11153,0,-1,-1,-1,-1,0,-1,-1,-1,-1.000000,-1.000000,363,0,0,0,0,0,-1,-1,-1,0.000000
11154,0,-1,-1,-1,-1,0,-1,-1,-1,-1.000000,-1.000000,83,0,0,0,0,0,-1,-1,-1,0.000000
11155,0,23,-1,-1,1653,809,65,3,4,0.000000,0.000000,33,702,0,269,0,269,23,-1,-1,0.000000
11156,0,62,-1,-1,5290,204,46,3,2,0.000000,0.000000,85,300,0,85,0,85,62,-1,-1,0.000000
11157,0,104,-1,-1,308,0,37,3,4,0.000000,0.000000,97,0,0,1,0,1,104,-1,-1,0.000000
11158,0,-1,-1,-1,-1,0,-1,-1,-1,-1.000000,-1.000000,119,0,0,0,0,0,-1,-1,-1,0.000000
11159,0,34,-1,-1,5224,34,54,3,2,0.000000,0.000000,93,63,0,15,0,15,34,-1,-1,0.000000
11160,0,-1,-1,-1,-1,0,-1,-1,-1,-1.000000,-1.000000,295,0,0,0,0,0,-1,-1,-1,0.000000
11161,0,-1,-1,-1,-1,0,-1,-1,-1,-1.000000,-1.000000,119,0,0,0,0,0,-1,-1,-1,0.000000
11162,0,-1,-1,-1,-1,0,-1,-1,-1,-1.000000,-1.000000,468,0,0,0,0,0,-1,-1,-1,0.000000
11163,0,-1,-1,-1,-1,0,-1,-1,-1,-1.000000,-1.000000,257,0,0,0,0,0,-1,-1,-1,0.000000
11164,0,-1,-1,-1,-1,0,-1,-1,-1,-1.000000,-1.000000,231,0,0,0,0,0,-1,-1,-1,0.000000
11165,0,-1,-1,-1,-1,0,-1,-1,-1,-1.000000,-1.000000,307,0,0,0,0,0,-1,-1,-1,0.000000
11166,0,-1,-1,-1,-1,0,-1,-1,-1,-1.000000,-1.000000,325,0,0,0,0,0,-1,-1,-1,0.000000
11167,0,-1,-1,-1,-1,0,-1,-1,-1,-1.000000,-1.000000,111,0,0,0,0,0,-1,-1,-1,0.000000
11168,0,169,-1,-1,5494,9,31,3,4,0.000000,0.000000,97,39,0,11,0,11,169,-1,-1,0.000000
11169,0,-1,-1,-1,-1,0,-1,-1,-1,-1.000000,-1.000000,85,0,0,0,0,0,-1,-1,-1,0.000000
11170,0,-1,-1,-1,-1,0,-1,-1,-1,-1.000000,-1.000000,153,0,0,0,0,0,-1,-1,-1,0.000000
11171,0,-1,-1,-1,-1,0,-1,-1,-1,-1.000000,-1.000000,234,0,0,0,0,0,-1,-1,-1,0.000000
11172,0,21,-1,-1,7628,717,68,3,2,0.000000,0.000000,35,750,0,216,0,216,21,-1,-1,0.000000
11173,0,-1,-1,-1,-1,0,-1,-1,-1,-1.000000,-1.000000,230,0,0,0,0,0,-1,-1,-1,0.000000
11174,0,-1,-1,-1,-1,0,-1,-1,-1,-1.000000,-1.000000,301,0,0,0,0,0,-1,-1,-1,0.000000
11175,0,-1,-1,-1,-1,0,-1,-1,-1,-1.000000,-1.000000,101,0,0,0,0,0,-1,-1,-1,0.000000
11176,0,29,-1,-1,5120,513,57,3,4,0.000000,0.000000,51,563,0,126,0,126,29,-1,-1,0.000000
11177,0,-1,-1,-1,-1,0,-1,-1,-1,-1.000000,-1.000000,379,0,0,0,0,0,-1,-1,-1,0.000000
11178,0,-1,-1,-1,-1,0,-1,-1,-1,-1.000000,-1.000000,101,0,0,0,0,0,-1,-1,-1,0.000000
11179,0,35,-1,-1,3723,770,55,3,2,0.000000,0.000000,46,783,0,170,0,170,35,-1,-1,0.000000
11180,0,-1,-1,-1,-1,0,-1,-1,-1,-1.000000,-1.000000,123,0,0,0,0,0,-1,-1,-1,0.000000
11181,0,-1,-1,-1,-1,0,-1,-1,-1,-1.000000,-1.000000,175,0,0,0,0,0,-1,-1,-1,0.000000
11182,0,-1,-1,-1,-1,0,-1,-1,-1,-1.000000,-1.000000,209,0,0,0,0,0,-1,-1,-1,0.000000
11183,0,-1,-1,-1,-1,0,-1,-1,-1,-1.000000,-1.000000,128,0,0,0,0,0,-1,-1,-1,0.000000
11184,0,-1,-1,-1,-1,0,-1,-1,-1,-1.000000,-1.000000,141,0,0,0,0,0,-1,-1,-1,0.000000
11185,0,-1,-1,-1,-1,0,-1,-1,-1,-1.000000,-1.000000,223,0,0,0,0,0,-1,-1,-1,0.000000
11186,0,-1,-1,-1,-1,0,-1,-1,-1,-1.000000,-1.000000,206,0,0,0,0,0,-1,-1,-1,0.000000
11187,0,-1,-1,-1,-1,0,-1,-1,-1,-1.000000,-1.000000,193,0,0,0,0,0,-1,-1,-1,0.000000
11188,0,-1,-1,-1,-1,0,-1,-1,-1,-1.000000,-1.000000,201,0,0,0,0,0,-1,-1,-1,0.000000
11189,0,-1,-1,-1,-1,0,-1,-1,-1,-1.000000,-1.000000,147,0,0,0,0,0,-1,-1,-1,0.000000
11190,0,-1,-1,-1,-1,0,-1,-1,-1,-1.000000,-1.000000,274,0,0,0,0,0,-1,-1,-1,0.000000
11191,0,-1,-1,-1,-1,0,-1,-1,-1,-1.000000,-1.000000,103,0,0,0,0,0,-1,-1,-1,0.000000
11192,0,-1,-1,-1,-1,0,-1,-1,-1,-1.000000,-1.000000,317,0,0,0,0,0,-1,-1,-1,0.000000
11193,0,211,-1,-1,3277,16,28,3,4,0.000000,0.000000,70,37,0,20,0,20,211,-1,-1,0.000000
11194,0,-1,-1,-1,-1,0,-1,-1,-1,-1.000000,-1.000000,147,0,0,0,0,0,-1,-1,-1,0.000000
11195,0,24,-1,-1,4738,634,62,3,2,0.000000,0.000000,49,706,0,211,0,211,24,-1,-1,0.000000
11196,0,-1,-1,-1,-1,0,-1,-1,-1,-1.000000,-1.000000,131,0,0,0,0,0,-1,-1,-1,0.000000
11197,0,345,-1,-1,7395,472,23,3,4,0.000000,0.000000,57,486,0,106,0,106,345,-1,-1,0.000000
11198,0,-1,-1,-1,-1,0,-1,-1,-1,-1.000000,-1.000000,161,0,0,0,0,0,-1,-1,-1,0.000000
11199,0,-1,-1,-1,-1,0,-1,-1,-1,-1.000000,-1.000000,530,0,0,0,0,0,-1,-1,-1,0.000000
11200,0,-1,-1,-1,-1,0,-1,-1,-1,-1.000000,-1.000000,373,0,0,0,0,0,-1,-1,-1,0.000000
11201,0,-1,-1,-1,-1,0,-1,-1,-1,-1.000000,-1.000000,274,0,0,0,0,0,-1,-1,-1,0.000000
11202,0,-1,-1,-1,-1,0,-1,-1,-1,-1.000000,-1.000000,283,0,0,0,0,0,-1,-1,-1,0.000000
11203,0,-1,-1,-1,-1,0,-1,-1,-1,-1.000000,-1.000000,171,0,0,0,0,0,-1,-1,-1,0.000000
11204,0,-1,-1,-1,-1,0,-1,-1,-1,-1.000000,-1.000000,103,0,0,0,0,0,-1,-1,-1,0.000000
11205,0,24,-1,-1,3595,581,66,3,2,0.000000,0.000000,45,615,0,178,0,178,24,-1,-1,0.000000
11206,0,-1,-1,-1,-1,0,-1,-1,-1,-1.000000,-1.000000,103,0,0,0,0,0,-1,-1,-1,0.000000
11207,0,-1,-1,-1,-1,0,-1,-1,-1,-1.000000,-1.000000,185,0,0,0,0,0,-1,-1,-1,0.000000
11208,0,-1,-1,-1,-1,0,-1,-1,-1,-1.000000,-1.000000,97,0,0,0,0,0,-1,-1,-1,0.000000
11209,0,-1,-1,-1,-1,0,-1,-1,-1,-1.000000,-1.000000,482,0,0,0,0,0,-1,-1,-1,0.000000
11210,0,-1,-1,-1,-1,0,-1,-1,-1,-1.000000,-1.000000,313,0,0,0,0,0,-1,-1,-1,0.000000
11211,0,55,-1,-1,5710,41,46,3,4,0.000000,0.000000,96,119,0,22,0,22,55,-1,-1,0.000000
11212,0,395,-1,-1,3900,1,21,3,2,0.000000,0.000000,104,9,0,1,0,1,395,-1,-1,0.000000
11213,0,-1,-1,-1,-1,0,-1,-1,-1,-1.000000,-1.000000,117,0,0,0,0,0,-1,-1,-1,0.000000
11214,0,27,-1,-1,1142,779,59,3,2,0.000000,0.000000,32,844,0,126,0,126,27,-1,-1,0.000000
11215,0,-1,-1,-1,-1,0,-1,-1,-1,-1.000000,-1.000000,343,0,0,0,0,0,-1,-1,-1,0.000000
11216,0,-1,-1,-1,-1,0,-1,-1,-1,-1.000000,-1.000000,367,0,0,0,0,0,-1,-1,-1,0.000000
11217,0,-1,-1,-1,-1,0,-1,-1,-1,-1.000000,-1.000000,119,0,0,0,0,0,-1,-1,-1,0.000000
11218,0,-1,-1,-1,-1,0,-1,-1,-1,-1.000000,-1.000000,199,0,0,0,0,0,-1,-1,-1,0.000000
11219,0,-1,-1,-1,-1,0,-1,-1,-1,-1.000000,-1.000000,109,0,0,0,0,0,-1,-1,-1,0.000000
11220,0,-1,-1,-1,-1,0,-1,-1,-1,-1.000000,-1.000000,259,0,0,0,0,0,-1,-1,-1,0.000000
11221,0,-1,-1,-1,-1,0,-1,-1,-1,-1.000000,-1.000000,129,0,0,0,0,0,-1,-1,-1,0.000000
11222,0,-1,-1,-1,-1,0,-1,-1,-1,-1.000000,-1.000000,303,0,0,0,0,0,-1,-1,-1,0.000000
11223,0,-1,-1,-1,-1,0,-1,-1,-1,-1.000000,-1.000000,295,0,0,0,0,0,-1,-1,-1,0.000000
11224,0,28,-1,-1,6921,450,58,3,2,0.000000,0.000000,59,566,0,142,0,142,28,-1,-1,0.000000
11225,0,-1,-1,-1,-1,0,-1,-1,-1,-1.000000,-1.000000,195,0,0,0,0,0,-1,-1,-1,0.000000
11226,0,-1,-1,-1,-1,0,-1,-1,-1,-1.000000,-1.000000,425,0,0,0,0,0,-1,-1,-1,0.000000
11227,0,-1,-1,-1,-1,0,-1,-1,-1,-1.000000,-1.000000,161,0,0,0,0,0,-1,-1,-1,0.000000
11228,0,28,-1,-1,5098,521,58,3,2,0.000000,0.000000,39,562,0,156,0,156,28,-1,-1,0.000000
11229,0,-1,-1,-1,-1,0,-1,-1,-1,-1.000000,-1.000000,141,0,0,0,0,0,-1,-1,-1,0.000000
11230,0,63,-1,-1,7731,76,44,3,4,0.000000,0.000000,78,139,0,53,0,53,63,-1,-1,0.000000
11231,0,-1,-1,-1,-1,0,-1,-1,-1,-1.000000,-1.000000,214,0,0,0,0,0,-1,-1,-1,0.000000
11232,0,-1,-1,-1,-1,0,-1,-1,-1,-1.000000,-1.000000,201,0,0,0,0,0,-1,-1,-1,0.000000
11233,0,-1,-1,-1,-1,0,-1,-1,-1,-1.000000,-1.000000,67,0,0,0,0,0,-1,-1,-1,0.000000
11234,0,21,-1,-1,4317,690,68,3,2,0.000000,0.000000,11,702,0,277,0,277,21,-1,-1,0.000000
11235,0,-1,-1,-1,-1,0,-1,-1,-1,-1.000000,-1.000000,333,0,0,0,0,0,-1,-1,-1,0.000000
11236,0,-1,-1,-1,-1,0,-1,-1,-1,-1.000000,-1.000000,452,0,0,0,0,0,-1,-1,-1,0.000000
11237,0,-1,-1,-1,-1,0,-1,-1,-1,-1.000000,-1.000000,159,0,0,0,0,0,-1,-1,-1,0.000000
11238,0,856,-1,-1,6321,0,15,3,4,0.000000,0.000000,91,1,0,1,0,1,856,-1,-1,0.000000
11239,0,-1,-1,-1,-1,0,-1,-1,-1,-1.000000,-1.000000,223,0,0,0,0,0,-1,-1,-1,0.000000
11240,0,19,-1,-1,7092,711,68,3,2,0.000000,0.000000,33,720,0,258,0,258,19,-1,-1,0.000000
11241,0,-1,-1,-1,-1,0,-1,-1,-1,-1.000000,-1.000000,109,0,0,0,0,0,-1,-1,-1,0.000000
11242,0,-1,-1,-1,-1,0,-1,-1,-1,-1.000000,-1.000000,121,0,0,0,0,0,-1,-1,-1,0.000000
11243,0,-1,-1,-1,-1,0,-1,-1,-1,-1.000000,-1.000000,482,0,0,0,0,0,-1,-1,-1,0.000000
11244,0,-1,-1,-1,-1,0,-1,-1,-1,-1.000000,-1.000000,163,0,0,0,0,0,-1,-1,-1,0.000000
11245,0,-1,-1,-1,-1,0,-1,-1,-1,-1.000000,-1.000000,261,0,0,0,0,0,-1,-1,-1,0.000000
11246,0,189,-1,-1,6613,1,30,3,2,0.000000,0.000000,75,6,0,2,0,2,189,-1,-1,0.000000
11247,0,-1,-1,-1,-1,0,-1,-1,-1,-1.000000,-1.000000,141,0,0,0,0,0,-1,-1,-1,0.000000
11248,0,-1,-1,-1,-1,0,-1,-1,-1,-1.000000,-1.000000,315,0,0,0,0,0,-1,-1,-1,0.000000
11249,0,-1,-1,-1,-1,0,-1,-1,-1,-1.000000,-1.000000,109,0,0,0,0,0,-1,-1,-1,0.000000
11250,0,26,-1,-1,7799,550,61,3,4,0.000000,0.000000,49,648,0,109,0,109,26,-1,-1,0.000000
11251,0,-1,-1,-1,-1,0,-1,-1,-1,-1.000000,-1.000000,203,0,0,0,0,0,-1,-1,-1,0.000000
11252,0,-1,-1,-1,-1,0,-1,-1,-1,-1.000000,-1.000000,573,0,0,0,0,0,-1,-1,-1,0.000000
11253,0,-1,-1,-1,-1,0,-1,-1,-1,-1.000000,-1.000000,494,0,0,0,0,0,-1,-1,-1,0.000000
11254,0,-1,-1,-1,-1,0,-1,-1,-1,-1.000000,-1.000000,240,0,0,0,0,0,-1,-1,-1,0.000000
11255,0,76,-1,-1,5400,21,41,3,4,0.000000,0.000000,67,33,0,18,0,18,76,-1,-1,0.000000
11256,0,-1,-1,-1,-1,0,-1,-1,-1,-1.000000,-1.000000,370,0,0,0,0,0,-1,-1,-1,0.000000
11257,0,-1,-1,-1,-1,0,-1,-1,-1,-1.000000,-1.000000,379,0,0,0,0,0,-1,-1,-1,0.000000
11258,0,-1,-1,-1,-1,0,-1,-1,-1,-1.000000,-1.000000,71,0,0,0,0,0,-1,-1,-1,0.000000
11259,0,-1,-1,-1,-1,0,-1,-1,-1,-1.000000,-1.000000,287,0,0,0,0,0,-1,-1,-1,0.000000
11260,0,71,-1,-1,6797,704,44,3,2,0.000000,0.000000,41,724,0,199,0,199,71,-1,-1,0.000000
11261,0,-1,-1,-1,-1,0,-1,-1,-1,-1.000000,-1.000000,157,0,0,0,0,0,-1,-1,-1,0.000000
11262,0,-1,-1,-1,-1,0,-1,-1,-1,-1.000000,-1.000000,95,0,0,0,0,0,-1,-1,-1,0.000000
11263,0,-1,-1,-1,-1,0,-1,-1,-1,-1.000000,-1.000000,99,0,0,0,0,0,-1,-1,-1,0.000000
11264,0,24,-1,-1,5539,768,63,3,4,0.000000,0.000000,55,670,0,279,0,279,24,-1,-1,0.000000
11265,0,22,-1,-1,7022,719,64,3,2,0.000000,0.000000,33,707,0,270,0,270,22,-1,-1,0.000000
11266,0,-1,-1,-1,-1,0,-1,-1,-1,-1.000000,-1.000000,81,0,0,0,0,0,-1,-1,-1,0.000000
11267,0,-1,-1,-1,-1,0,-1,-1,-1,-1.000000,-1.000000,341,0,0,0,0,0,-1,-1,-1,0.000000
11268,0,-1,-1,-1,-1,0,-1,-1,-1,-1.000000,-1.000000,163,0,0,0,0,0,-1,-1,-1,0.000000
11269,0,-1,-1,-1,-1,0,-1,-1,-1,-1.000000,-1.000000,263,0,0,0,0,0,-1,-1,-1,0.000000
11270,0,-1,-1,-1,-1,0,-1,-1,-1,-1.000000,-1.000000,226,0,0,0,0,0,-1,-1,-1,0.000000
11271,0,24,-1,-1,1887,603,65,3,4,0.000000,0.000000,47,634,0,168,0,168,24,-1,-1,0.000000
11272,0,-1,-1,-1,-1,0,-1,-1,-1,-1.000000,-1.000000,137,0,0,0,0,0,-1,-1,-1,0.000000
11273,0,196,-1,-1,3801,34,31,3,4,0.000000,0.000000,91,96,0,30,0,30,196,-1,-1,0.000000
11274,0,-1,-1,-1,-1,0,-1,-1,-1,-1.000000,-1.000000,107,0,0,0,0,0,-1,-1,-1,0.000000
11275,0,-1,-1,-1,-1,0,-1,-1,-1,-1.000000,-1.000000,425,0,0,0,0,0,-1,-1,-1,0.000000
11276,0,213,-1,-1,3317,390,28,3,4,0.000000,0.000000,30,493,0,68,0,68,213,-1,-1,0.000000
11277,0,-1,-1,-1,-1,0,-1,-1,-1,-1.000000,-1.000000,159,0,0,0,0,0,-1,-1,-1,0.000000
11278,0,-1,-1,-1,-1,0,-1,-1,-1,-1.000000,-1.000000,328,0,0,0,0,0,-1,-1,-1,0.000000
11279,0,-1,-1,-1,-1,0,-1,-1,-1,-1.000000,-1.000000,207,0,0,0,0,0,-1,-1,-1,0.000000
11280,0,-1,-1,-1,-1,0,-1,-1,-1,-1.000000,-1.000000,201,0,0,0,0,0,-1,-1,-1,0.000000
11281,0,-1,-1,-1,-1,0,-1,-1,-1,-1.000000,-1.000000,159,0,0,0,0,0,-1,-1,-1,0.000000
11282,0,22,-1,-1,1509,777,65,3,4,0.000000,0.000000,43,758,0,210,0,210,22,-1,-1,0.000000
11283,0,-1,-1,-1,-1,0,-1,-1,-1,-1.000000,-1.000000,395,0,0,0,0,0,-1,-1,-1,0.000000
11284,0,34,-1,-1,1475,10,53,3,4,0.000000,0.000000,83,15,0,6,0,6,34,-1,-1,0.000000
11285,0,10,-1,-1,7452,693,70,3,2,0.000000,0.000000,11,658,0,329,0,329,10,-1,-1,0.000000
11286,0,-1,-1,-1,-1,0,-1,-1,-1,-1.000000,-1.000000,141,0,0,0,0,0,-1,-1,-1,0.000000
11287,0,-1,-1,-1,-1,0,-1,-1,-1,-1.000000,-1.000000,452,0,0,0,0,0,-1,-1,-1,0.000000
11288,0,-1,-1,-1,-1,0,-1,-1,-1,-1.000000,-1.000000,105,0,0,0,0,0,-1,-1,-1,0.000000
11289,0,-1,-1,-1,-1,0,-1,-1,-1,-1.000000,-1.000000,129,0,0,0,0,0,-1,-1,-1,0.000000
11290,0,34,-1,-1,133,4,54,3,2,0.000000,0.000000,91,8,0,5,0,5,34,-1,-1,0.000000
11291,0,-1,-1,-1,-1,0,-1,-1,-1,-1.000000,-1.000000,201,0,0,0,0,0,-1,-1,-1,0.000000
11292,0,-1,-1,-1,-1,0,-1,-1,-1,-1.000000,-1.000000,370,0,0,0,0,0,-1,-1,-1,0.000000
11293,0,-1,-1,-1,-1,0,-1,-1,-1,-1.000000,-1.000000,145,0,0,0,0,0,-1,-1,-1,0.000000
11294,0,-1,-1,-1,-1,0,-1,-1,-1,-1.000000,-1.000000,283,0,0,0,0,0,-1,-1,-1,0.000000
11295,0,20,-1,-1,3125,558,69,3,4,0.000000,0.000000,9,623,0,357,0,357,20,-1,-1,0.000000
11296,0,-1,-1,-1,-1,0,-1,-1,-1,-1.000000,-1.000000,131,0,0,0,0,0,-1,-1,-1,0.000000
11297,0,-1,-1,-1,-1,0,-1,-1,-1,-1.000000,-1.000000,235,0,0,0,0,0,-1,-1,-1,0.000000
11298,0,-1,-1,-1,-1,0,-1,-1,-1,-1.000000,-1.000000,358,0,0,0,0,0,-1,-1,-1,0.000000
11299,0,-1,-1,-1,-1,0,-1,-1,-1,-1.000000,-1.000000,415,0,0,0,0,0,-1,-1,-1,0.000000
11300,0,24,-1,-1,2725,635,62,3,2,0.000000,0.000000,19,593,0,383,0,383,24,-1,-1,0.000000
11301,0,-1,-1,-1,-1,0,-1,-1,-1,-1.000000,-1.000000,241,0,0,0,0,0,-1,-1,-1,0.000000
11302,0,-1,-1,-1,-1,0,-1,-1,-1,-1.000000,-1.000000,237,0,0,0,0,0,-1,-1,-1,0.000000
11303,0,-1,-1,-1,-1,0,-1,-1,-1,-1.000000,-1.000000,187,0,0,0,0,0,-1,-1,-1,0.000000
11304,0,-1,-1,-1,-1,0,-1,-1,-1,-1.000000,-1.000000,379,0,0,0,0,0,-1,-1,-1,0.000000
11305,0,-1,-1,-1,-1,0,-1,-1,-1,-1.000000,-1.000000,331,0,0,0,0,0,-1,-1,-1,0.000000
11306,0,-1,-1,-1,-1,0,-1,-1,-1,-1.000000,-1.000000,121,0,0,0,0,0,-1,-1,-1,0.000000
11307,0,-1,-1,-1,-1,0,-1,-1,-1,-1.000000,-1.000000,181,0,0,0,0,0,-1,-1,-1,0.000000
11308,0,-1,-1,-1,-1,0,-1,-1,-1,-1.000000,-1.000000,375,0,0,0,0,0,-1,-1,-1,0.000000
11309,0,-1,-1,-1,-1,0,-1,-1,-1,-1.000000,-1.000000,200,0,0,0,0,0,-1,-1,-1,0.000000
11310,0,-1,-1,-1,-1,0,-1,-1,-1,-1.000000,-1.000000,372,0,0,0,0,0,-1,-1,-1,0.000000
11311,0,-1,-1,-1,-1,0,-1,-1,-1,-1.000000,-1.000000,319,0,0,0,0,0,-1,-1,-1,0.000000
11312,0,-1,-1,-1,-1,0,-1,-1,-1,-1.000000,-1.000000,456,0,0,0,0,0,-1,-1,-1,0.000000
11313,0,-1,-1,-1,-1,0,-1,-1,-1,-1.000000,-1.000000,183,0,0,0,0,0,-1,-1,-1,0.000000
11314,0,-1,-1,-1,-1,0,-1,-1,-1,-1.000000,-1.000000,521,0,0,0,0,0,-1,-1,-1,0.000000
11315,0,-1,-1,-1,-1,0,-1,-1,-1,-1.000000,-1.000000,207,0,0,0,0,0,-1,-1,-1,0.000000
11316,0,-1,-1,-1,-1,0,-1,-1,-1,-1.000000,-1.000000,87,0,0,0,0,0,-1,-1,-1,0.000000
11317,0,27,-1,-1,655,389,59,3,4,0.000000,0.000000,75,462,0,186,0,186,27,-1,-1,0.000000
11318,0,-1,-1,-1,-1,0,-1,-1,-1,-1.000000,-1.000000,163,0,0,0,0,0,-1,-1,-1,0.000000
11319,0,-1,-1,-1,-1,0,-1,-1,-1,-1.000000,-1.000000,177,0,0,0,0,0,-1,-1,-1,0.000000
11320,0,501,-1,-1,1573,289,21,3,4,0.000000,0.000000,57,319,0,60,0,60,501,-1,-1,0.000000
11321,0,-1,-1,-1,-1,0,-1,-1,-1,-1.000000,-1.000000,198,0,0,0,0,0,-1,-1,-1,0.000000
11322,0,22,-1,-1,6862,746,66,3,2,0.000000,0.000000,13,821,0,157,0,157,22,-1,-1,0.000000
11323,0,-1,-1,-1,-1,0,-1,-1,-1,-1.000000,-1.000000,492,0,0,0,0,0,-1,-1,-1,0.000000
11324,0,23,-1,-1,612,609,65,3,4,0.000000,0.000000,57,759,0,157,0,157,23,-1,-1,0.000000
11325,0,-1,-1,-1,-1,0,-1,-1,-1,-1.000000,-1.000000,209,0,0,0,0,0,-1,-1,-1,0.000000
11326,0,-1,-1,-1,-1,0,-1,-1,-1,-1.000000,-1.000000,359,0,0,0,0,0,-1,-1,-1,0.000000
11327,0,-1,-1,-1,-1,0,-1,-1,-1,-1.000000,-1.000000,147,0,0,0,0,0,-1,-1,-1,0.000000
11328,0,-1,-1,-1,-1,0,-1,-1,-1,-1.000000,-1.000000,444,0,0,0,0,0,-1,-1,-1,0.000000
11329,0,-1,-1,-1,-1,0,-1,-1,-1,-1.000000,-1.000000,205,0,0,0,0,0,-1,-1,-1,0.000000
11330,0,-1,-1,-1,-1,0,-1,-1,-1,-1.000000,-1.000000,298,0,0,0,0,0,-1,-1,-1,0.000000
11331,0,-1,-1,-1,-1,0,-1,-1,-1,-1.000000,-1.000000,143,0,0,0,0,0,-1,-1,-1,0.000000
11332,0,-1,-1,-1,-1,0,-1,-1,-1,-1.000000,-1.000000,113,0,0,0,0,0,-1,-1,-1,0.000000
11333,0,-1,-1,-1,-1,0,-1,-1,-1,-1.000000,-1.000000,257,0,0,0,0,0,-1,-1,-1,0.000000
11334,0,-1,-1,-1,-1,0,-1,-1,-1,-1.000000,-1.000000,137,0,0,0,0,0,-1,-1,-1,0.000000
11335,0,-1,-1,-1,-1,0,-1,-1,-1,-1.000000,-1.000000,131,0,0,0,0,0,-1,-1,-1,0.000000
11336,0,-1,-1,-1,-1,0,-1,-1,-1,-1.000000,-1.000000,416,0,0,0,0,0,-1,-1,-1,0.000000
11337,0,-1,-1,-1,-1,0,-1,-1,-1,-1.000000,-1.000000,355,0,0,0,0,0,-1,-1,-1,0.000000
11338,0,-1,-1,-1,-1,0,-1,-1,-1,-1.000000,-1.000000,383,0,0,0,0,0,-1,-1,-1,0.000000
11339,0,-1,-1,-1,-1,0,-1,-1,-1,-1.000000,-1.000000,257,0,0,0,0,0,-1,-1,-1,0.000000
11340,0,-1,-1,-1,-1,0,-1,-1,-1,-1.000000,-1.000000,177,0,0,0,0,0,-1,-1,-1,0.000000
11341,0,-1,-1,-1,-1,0,-1,-1,-1,-1.000000,-1.000000,87,0,0,0,0,0,-1,-1,-1,0.000000
11342,0,-1,-1,-1,-1,0,-1,-1,-1,-1.000000,-1.000000,153,0,0,0,0,0,-1,-1,-1,0.000000
11343,0,-1,-1,-1,-1,0,-1,-1,-1,-1.000000,-1.000000,133,0,0,0,0,0,-1,-1,-1,0.000000
11344,0,-1,-1,-1,-1,0,-1,-1,-1,-1.000000,-1.000000,212,0,0,0,0,0,-1,-1,-1,0.000000
11345,0,26,-1,-1,1256,493,60,3,2,0.000000,0.000000,57,581,0,142,0,142,26,-1,-1,0.000000
11346,0,-1,-1,-1,-1,0,-1,-1,-1,-1.000000,-1.000000,139,0,0,0,0,0,-1,-1,-1,0.000000
11347,0,-1,-1,-1,-1,0,-1,-1,-1,-1.000000,-1.000000,133,0,0,0,0,0,-1,-1,-1,0.000000
11348,0,-1,-1,-1,-1,0,-1,-1,-1,-1.000000,-1.000000,283,0,0,0,0,0,-1,-1,-1,0.000000
11349,0,-1,-1,-1,-1,0,-1,-1,-1,-1.000000,-1.000000,295,0,0,0,0,0,-1,-1,-1,0.000000
11350,0,23,-1,-1,4241,729,64,3,2,0.000000,0.000000,41,813,0,164,0,164,23,-1,-1,0.000000
11351,0,-1,-1,-1,-1,0,-1,-1,-1,-1.000000,-1.000000,207,0,0,0,0,0,-1,-1,-1,0.000000
11352,0,-1,-1,-1,-1,0,-1,-1,-1,-1.000000,-1.000000,317,0,0,0,0,0,-1,-1,-1,0.000000
11353,0,-1,-1,-1,-1,0,-1,-1,-1,-1.000000,-1.000000,133,0,0,0,0,0,-1,-1,-1,0.000000
11354,0,-1,-1,-1,-1,0,-1,-1,-1,-1.000000,-1.000000,348,0,0,0,0,0,-1,-1,-1,0.000000
11355,0,-1,-1,-1,-1,0,-1,-1,-1,-1.000000,-1.000000,165,0,0,0,0,0,-1,-1,-1,0.000000
11356,0,-1,-1,-1,-1,0,-1,-1,-1,-1.000000,-1.000000,349,0,0,0,0,0,-1,-1,-1,0.000000
11357,0,-1,-1,-1,-1,0,-1,-1,-1,-1.000000,-1.000000,175,0,0,0,0,0,-1,-1,-1,0.000000
11358,0,67,-1,-1,3551,32,43,3,4,0.000000,0.000000,77,77,0,29,0,29,67,-1,-1,0.000000
11359,0,-1,-1,-1,-1,0,-1,-1,-1,-1.000000,-1.000000,235,0,0,0,0,0,-1,-1,-1,0.000000
11360,0,-1,-1,-1,-1,0,-1,-1,-1,-1.000000,-1.000000,95,0,0,0,0,0,-1,-1,-1,0.000000
11361,0,92,-1,-1,4142,0,39,3,4,0.000000,0.000000,75,2,0,0,0,0,92,-1,-1,0.000000
11362,0,-1,-1,-1,-1,0,-1,-1,-1,-1.000000,-1.000000,522,0,0,0,0,0,-1,-1,-1,0.000000
11363,0,-1,-1,-1,-1,0,-1,-1,-1,-1.000000,-1.000000,100,0,0,0,0,0,-1,-1,-1,0.000000
11364,0,-1,-1,-1,-1,0,-1,-1,-1,-1.000000,-1.000000,195,0,0,0,0,0,-1,-1,-1,0.000000
11365,0,-1,-1,-1,-1,0,-1,-1,-1,-1.000000,-1.000000,184,0,0,0,0,0,-1,-1,-1,0.000000
11366,0,-1,-1,-1,-1,0,-1,-1,-1,-1.000000,-1.000000,437,0,0,0,0,0,-1,-1,-1,0.000000
11367,0,-1,-1,-1,-1,0,-1,-1,-1,-1.000000,-1.000000,253,0,0,0,0,0,-1,-1,-1,0.000000
11368,0,-1,-1,-1,-1,0,-1,-1,-1,-1.000000,-1.000000,348,0,0,0,0,0,-1,-1,-1,0.000000
11369,0,-1,-1,-1,-1,0,-1,-1,-1,-1.000000,-1.000000,211,0,0,0,0,0,-1,-1,-1,0.000000
11370,0,-1,-1,-1,-1,0,-1,-1,-1,-1.000000,-1.000000,182,0,0,0,0,0,-1,-1,-1,0.000000
11371,0,-1,-1,-1,-1,0,-1,-1,-1,-1.000000,-1.000000,385,0,0,0,0,0,-1,-1,-1,0.000000
11372,0,-1,-1,-1,-1,0,-1,-1,-1,-1.000000,-1.000000,208,0,0,0,0,0,-1,-1,-1,0.000000
11373,0,-1,-1,-1,-1,0,-1,-1,-1,-1.000000,-1.000000,317,0,0,0,0,0,-1,-1,-1,0.000000
11374,0,237,-1,-1,3676,0,29,3,4,0.000000,0.000000,113,0,0,1,0,1,237,-1,-1,0.000000
11375,0,76,-1,-1,2423,0,41,3,4,0.000000,0.000000,101,3,0,4,0,4,76,-1,-1,0.000000
11376,0,-1,-1,-1,-1,0,-1,-1,-1,-1.000000,-1.000000,490,0,0,0,0,0,-1,-1,-1,0.000000
11377,0,277,-1,-1,6514,9,25,3,4,0.000000,0.000000,79,33,0,4,0,4,277,-1,-1,0.000000
11378,0,28,-1,-1,3312,772,58,3,2,0.000000,0.000000,37,753,0,215,0,215,28,-1,-1,0.000000
11379,0,-1,-1,-1,-1,0,-1,-1,-1,-1.000000,-1.000000,68,0,0,0,0,0,-1,-1,-1,0.000000
11380,0,-1,-1,-1,-1,0,-1,-1,-1,-1.000000,-1.000000,142,0,0,0,0,0,-1,-1,-1,0.000000
11381,0,23,-1,-1,7980,698,64,3,2,0.000000,0.000000,41,726,0,169,0,169,23,-1,-1,0.000000
11382,0,26,-1,-1,7176,736,60,3,2,0.000000,0.000000,43,770,0,171,0,171,26,-1,-1,0.000000
11383,0,35,-1,-1,6757,0,55,3,4,0.000000,0.000000,75,2,0,0,0,0,35,-1,-1,0.000000
11384,0,21,-1,-1,3003,795,66,3,2,0.000000,0.000000,31,768,0,211,0,211,21,-1,-1,0.000000
11385,0,-1,-1,-1,-1,0,-1,-1,-1,-1.000000,-1.000000,331,0,0,0,0,0,-1,-1,-1,0.000000
11386,0,-1,-1,-1,-1,0,-1,-1,-1,-1.000000,-1.000000,313,0,0,0,0,0,-1,-1,-1,0.000000
11387,0,-1,-1,-1,-1,0,-1,-1,-1,-1.000000,-1.000000,153,0,0,0,0,0,-1,-1,-1,0.000000
11388,0,609,-1,-1,2733,0,17,3,2,0.000000,0.000000,152,1,0,0,0,0,609,-1,-1,0.000000
11389,0,-1,-1,-1,-1,0,-1,-1,-1,-1.000000,-1.000000,187,0,0,0,0,0,-1,-1,-1,0.000000
11390,0,-1,-1,-1,-1,0,-1,-1,-1,-1.000000,-1.000000,283,0,0,0,0,0,-1,-1,-1,0.000000
11391,0,36,-1,-1,1674,298,52,3,4,0.000000,0.000000,82,345,0,123,0,123,36,-1,-1,0.000000
11392,0,26,-1,-1,272,636,62,3,2,0.000000,0.000000,27,835,0,129,0,129,26,-1,-1,0.000000
11393,0,-1,-1,-1,-1,0,-1,-1,-1,-1.000000,-1.000000,173,0,0,0,0,0,-1,-1,-1,0.000000
11394,0,21,-1,-1,7408,641,68,3,2,0.000000,0.000000,29,700,0,278,0,278,21,-1,-1,0.000000
11395,0,-1,-1,-1,-1,0,-1,-1,-1,-1.000000,-1.000000,157,0,0,0,0,0,-1,-1,-1,0.000000
11396,0,-1,-1,-1,-1,0,-1,-1,-1,-1.000000,-1.000000,194,0,0,0,0,0,-1,-1,-1,0.000000
11397,0,-1,-1,-1,-1,0,-1,-1,-1,-1.000000,-1.000000,135,0,0,0,0,0,-1,-1,-1,0.000000
11398,0,-1,-1,-1,-1,0,-1,-1,-1,-1.000000,-1.000000,135,0,0,0,0,0,-1,-1,-1,0.000000
11399,0,21,-1,-1,7078,807,68,3,2,0.000000,0.000000,35,807,0,154,0,154,21,-1,-1,0.000000
11400,0,26,-1,-1,7315,799,63,3,4,0.000000,0.000000,29,768,0,158,0,158,26,-1,-1,0.000000
11401,0,-1,-1,-1,-1,0,-1,-1,-1,-1.000000,-1.000000,413,0,0,0,0,0,-1,-1,-1,0.000000
11402,0,-1,-1,-1,-1,0,-1,-1,-1,-1.000000,-1.000000,441,0,0,0,0,0,-1,-1,-1,0.000000
11403,0,26,-1,-1,2577,843,60,3,2,0.000000,0.000000,15,783,0,190,0,190,26,-1,-1,0.000000
11404,0,50,-1,-1,1467,7,50,3,2,0.000000,0.000000,69,21,0,9,0,9,50,-1,-1,0.000000
11405,0,-1,-1,-1,-1,0,-1,-1,-1,-1.000000,-1.000000,161,0,0,0,0,0,-1,-1,-1,0.000000
11406,0,76,-1,-1,7526,0,41,3,4,0.000000,0.000000,79,1,0,0,0,0,76,-1,-1,0.000000
11407,0,11,-1,-1,6057,633,68,3,2,0.000000,0.000000,15,797,0,189,0,189,11,-1,-1,0.000000
11408,0,-1,-1,-1,-1,0,-1,-1,-1,-1.000000,-1.000000,123,0,0,0,0,0,-1,-1,-1,0.000000
11409,0,-1,-1,-1,-1,0,-1,-1,-1,-1.000000,-1.000000,169,0,0,0,0,0,-1,-1,-1,0.000000
11410,0,-1,-1,-1,-1,0,-1,-1,-1,-1.000000,-1.000000,81,0,0,0,0,0,-1,-1,-1,0.000000
11411,0,224,-1,-1,855,1,29,3,4,0.000000,0.000000,87,4,0,3,0,3,224,-1,-1,0.000000
11412,0,-1,-1,-1,-1,0,-1,-1,-1,-1.000000,-1.000000,221,0,0,0,0,0,-1,-1,-1,0.000000
11413,0,-1,-1,-1,-1,0,-1,-1,-1,-1.000000,-1.000000,149,0,0,0,0,0,-1,-1,-1,0.000000
11414,0,-1,-1,-1,-1,0,-1,-1,-1,-1.000000,-1.000000,519,0,0,0,0,0,-1,-1,-1,0.000000
11415,0,-1,-1,-1,-1,0,-1,-1,-1,-1.000000,-1.000000,177,0,0,0,0,0,-1,-1,-1,0.000000
11416,0,-1,-1,-1,-1,0,-1,-1,-1,-1.000000,-1.000000,485,0,0,0,0,0,-1,-1,-1,0.000000
11417,0,-1,-1,-1,-1,0,-1,-1,-1,-1.000000,-1.000000,127,0,0,0,0,0,-1,-1,-1,0.000000
11418,0,-1,-1,-1,-1,0,-1,-1,-1,-1.000000,-1.000000,271,0,0,0,0,0,-1,-1,-1,0.000000
11419,0,35,-1,-1,2108,679,57,3,4,0.000000,0.000000,17,770,0,195,0,195,35,-1,-1,0.000000
11420,0,-1,-1,-1,-1,0,-1,-1,-1,-1.000000,-1.000000,223,0,0,0,0,0,-1,-1,-1,0.000000
11421,0,-1,-1,-1,-1,0,-1,-1,-1,-1.000000,-1.000000,418,0,0,0,0,0,-1,-1,-1,0.000000
11422,0,-1,-1,-1,-1,0,-1,-1,-1,-1.000000,-1.000000,255,0,0,0,0,0,-1,-1,-1,0.000000
11423,0,-1,-1,-1,-1,0,-1,-1,-1,-1.000000,-1.000000,219,0,0,0,0,0,-1,-1,-1,0.000000
11424,0,-1,-1,-1,-1,0,-1,-1,-1,-1.000000,-1.000000,231,0,0,0,0,0,-1,-1,-1,0.000000
11425,0,-1,-1,-1,-1,0,-1,-1,-1,-1.000000,-1.000000,95,0,0,0,0,0,-1,-1,-1,0.000000
11426,0,-1,-1,-1,-1,0,-1,-1,-1,-1.000000,-1.000000,209,0,0,0,0,0,-1,-1,-1,0.000000
11427,0,-1,-1,-1,-1,0,-1,-1,-1,-1.000000,-1.000000,292,0,0,0,0,0,-1,-1,-1,0.000000
11428,0,-1,-1,-1,-1,0,-1,-1,-1,-1.000000,-1.000000,293,0,0,0,0,0,-1,-1,-1,0.000000
11429,0,29,-1,-1,1955,853,57,3,4,0.000000,0.000000,19,737,0,228,0,228,29,-1,-1,0.000000
11430,0,-1,-1,-1,-1,0,-1,-1,-1,-1.000000,-1.000000,191,0,0,0,0,0,-1,-1,-1,0.000000
11431,0,-1,-1,-1,-1,0,-1,-1,-1,-1.000000,-1.000000,171,0,0,0,0,0,-1,-1,-1,0.000000
11432,0,-1,-1,-1,-1,0,-1,-1,-1,-1.000000,-1.000000,399,0,0,0,0,0,-1,-1,-1,0.000000
11433,0,-1,-1,-1,-1,0,-1,-1,-1,-1.000000,-1.000000,269,0,0,0,0,0,-1,-1,-1,0.000000
11434,0,-1,-1,-1,-1,0,-1,-1,-1,-1.000000,-1.000000,199,0,0,0,0,0,-1,-1,-1,0.000000
11435,0,-1,-1,-1,-1,0,-1,-1,-1,-1.000000,-1.000000,312,0,0,0,0,0,-1,-1,-1,0.000000
11436,0,-1,-1,-1,-1,0,-1,-1,-1,-1.000000,-1.000000,141,0,0,0,0,0,-1,-1,-1,0.000000
11437,0,-1,-1,-1,-1,0,-1,-1,-1,-1.000000,-1.000000,164,0,0,0,0,0,-1,-1,-1,0.000000
11438,0,-1,-1,-1,-1,0,-1,-1,-1,-1.000000,-1.000000,532,0,0,0,0,0,-1,-1,-1,0.000000
11439,0,-1,-1,-1,-1,0,-1,-1,-1,-1.000000,-1.000000,246,0,0,0,0,0,-1,-1,-1,0.000000
11440,0,-1,-1,-1,-1,0,-1,-1,-1,-1.000000,-1.000000,82,0,0,0,0,0,-1,-1,-1,0.000000
11441,0,122,-1,-1,2400,693,35,3,2,0.000000,0.000000,44,688,0,151,0,151,122,-1,-1,0.000000
11442,0,-1,-1,-1,-1,0,-1,-1,-1,-1.000000,-1.000000,235,0,0,0,0,0,-1,-1,-1,0.000000
11443,0,-1,-1,-1,-1,0,-1,-1,-1,-1.000000,-1.000000,203,0,0,0,0,0,-1,-1,-1,0.000000
11444,0,-1,-1,-1,-1,0,-1,-1,-1,-1.000000,-1.000000,217,0,0,0,0,0,-1,-1,-1,0.000000
11445,0,-1,-1,-1,-1,0,-1,-1,-1,-1.000000,-1.000000,130,0,0,0,0,0,-1,-1,-1,0.000000
11446,0,-1,-1,-1,-1,0,-1,-1,-1,-1.000000,-1.000000,293,0,0,0,0,0,-1,-1,-1,0.000000
11447,0,-1,-1,-1,-1,0,-1,-1,-1,-1.000000,-1.000000,245,0,0,0,0,0,-1,-1,-1,0.000000
11448,0,294,-1,-1,2154,464,26,3,2,0.000000,0.000000,35,503,0,108,0,108,294,-1,-1,0.000000
11449,0,-1,-1,-1,-1,0,-1,-1,-1,-1.000000,-1.000000,155,0,0,0,0,0,-1,-1,-1,0.000000
11450,0,34,-1,-1,3915,45,53,3,4,0.000000,0.000000,83,111,0,47,0,47,34,-1,-1,0.000000
11451,0,-1,-1,-1,-1,0,-1,-1,-1,-1.000000,-1.000000,141,0,0,0,0,0,-1,-1,-1,0.000000
11452,0,26,-1,-1,7581,361,62,3,2,0.000000,0.000000,45,481,0,116,0,116,26,-1,-1,0.000000
11453,0,-1,-1,-1,-1,0,-1,-1,-1,-1.000000,-1.000000,260,0,0,0,0,0,-1,-1,-1,0.000000
11454,0,-1,-1,-1,-1,0,-1,-1,-1,-1.000000,-1.000000,173,0,0,0,0,0,-1,-1,-1,0.000000
11455,0,-1,-1,-1,-1,0,-1,-1,-1,-1.000000,-1.000000,274,0,0,0,0,0,-1,-1,-1,0.000000
11456,0,27,-1,-1,929,530,63,3,4,0.000000,0.000000,53,611,0,130,0,130,27,-1,-1,0.000000
11457,0,-1,-1,-1,-1,0,-1,-1,-1,-1.000000,-1.000000,267,0,0,0,0,0,-1,-1,-1,0.000000
11458,0,-1,-1,-1,-1,0,-1,-1,-1,-1.000000,-1.000000,449,0,0,0,0,0,-1,-1,-1,0.000000
11459,0,22,-1,-1,7799,602,65,3,4,0.000000,0.000000,33,732,0,239,0,239,22,-1,-1,0.000000
11460,0,966,-1,-1,1873,0,17,3,4,0.000000,0.000000,65,3,0,0,0,0,966,-1,-1,0.000000
11461,0,-1,-1,-1,-1,0,-1,-1,-1,-1.000000,-1.000000,392,0,0,0,0,0,-1,-1,-1,0.000000
11462,0,-1,-1,-1,-1,0,-1,-1,-1,-1.000000,-1.000000,261,0,0,0,0,0,-1,-1,-1,0.000000
11463,0,-1,-1,-1,-1,0,-1,-1,-1,-1.000000,-1.000000,225,0,0,0,0,0,-1,-1,-1,0.000000
11464,0,-1,-1,-1,-1,0,-1,-1,-1,-1.000000,-1.000000,271,0,0,0,0,0,-1,-1,-1,0.000000
11465,0,-1,-1,-1,-1,0,-1,-1,-1,-1.000000,-1.000000,139,0,0,0,0,0,-1,-1,-1,0.000000
11466,0,186,-1,-1,2163,13,30,3,2,0.000000,0.000000,101,73,0,25,0,25,186,-1,-1,0.000000
11467,0,-1,-1,-1,-1,0,-1,-1,-1,-1.000000,-1.000000,179,0,0,0,0,0,-1,-1,-1,0.000000
11468,0,-1,-1,-1,-1,0,-1,-1,-1,-1.000000,-1.000000,154,0,0,0,0,0,-1,-1,-1,0.000000
11469,0,-1,-1,-1,-1,0,-1,-1,-1,-1.000000,-1.000000,335,0,0,0,0,0,-1,-1,-1,0.000000
11470,0,-1,-1,-1,-1,0,-1,-1,-1,-1.000000,-1.000000,291,0,0,0,0,0,-1,-1,-1,0.000000
11471,0,-1,-1,-1,-1,0,-1,-1,-1,-1.000000,-1.000000,149,0,0,0,0,0,-1,-1,-1,0.000000
11472,0,-1,-1,-1,-1,0,-1,-1,-1,-1.000000,-1.000000,86,0,0,0,0,0,-1,-1,-1,0.000000
11473,0,-1,-1,-1,-1,0,-1,-1,-1,-1.000000,-1.000000,163,0,0,0,0,0,-1,-1,-1,0.000000
11474,0,-1,-1,-1,-1,0,-1,-1,-1,-1.000000,-1.000000,109,0,0,0,0,0,-1,-1,-1,0.000000
11475,0,-1,-1,-1,-1,0,-1,-1,-1,-1.000000,-1.000000,121,0,0,0,0,0,-1,-1,-1,0.000000
11476,0,-1,-1,-1,-1,0,-1,-1,-1,-1.000000,-1.000000,159,0,0,0,0,0,-1,-1,-1,0.000000
11477,0,24,-1,-1,1630,700,63,3,4,0.000000,0.000000,61,654,0,297,0,297,24,-1,-1,0.000000
11478,0,-1,-1,-1,-1,0,-1,-1,-1,-1.000000,-1.000000,463,0,0,0,0,0,-1,-1,-1,0.000000
11479,0,28,-1,-1,4943,287,58,3,2,0.000000,0.000000,57,386,0,137,0,137,28,-1,-1,0.000000
11480,0,-1,-1,-1,-1,0,-1,-1,-1,-1.000000,-1.000000,283,0,0,0,0,0,-1,-1,-1,0.000000
11481,0,33,-1,-1,7940,297,54,3,2,0.000000,0.000000,81,409,0,140,0,140,33,-1,-1,0.000000
11482,0,-1,-1,-1,-1,0,-1,-1,-1,-1.000000,-1.000000,452,0,0,0,0,0,-1,-1,-1,0.000000
11483,0,-1,-1,-1,-1,0,-1,-1,-1,-1.000000,-1.000000,368,0,0,0,0,0,-1,-1,-1,0.000000
11484,0,-1,-1,-1,-1,0,-1,-1,-1,-1.000000,-1.000000,291,0,0,0,0,0,-1,-1,-1,0.000000
11485,0,-1,-1,-1,-1,0,-1,-1,-1,-1.000000,-1.000000,143,0,0,0,0,0,-1,-1,-1,0.000000
11486,0,-1,-1,-1,-1,0,-1,-1,-1,-1.000000,-1.000000,495,0,0,0,0,0,-1,-1,-1,0.000000
11487,0,-1,-1,-1,-1,0,-1,-1,-1,-1.000000,-1.000000,179,0,0,0,0,0,-1,-1,-1,0.000000
11488,0,-1,-1,-1,-1,0,-1,-1,-1,-1.000000,-1.000000,152,0,0,0,0,0,-1,-1,-1,0.000000
11489,0,53,-1,-1,216,767,49,3,4,0.000000,0.000000,19,736,0,181,0,181,53,-1,-1,0.000000
11490,0,104,-1,-1,5000,28,39,3,4,0.000000,0.000000,101,55,0,26,0,26,104,-1,-1,0.000000
11491,0,-1,-1,-1,-1,0,-1,-1,-1,-1.000000,-1.000000,261,0,0,0,0,0,-1,-1,-1,0.000000
11492,0,-1,-1,-1,-1,0,-1,-1,-1,-1.000000,-1.000000,249,0,0,0,0,0,-1,-1,-1,0.000000
11493,0,-1,-1,-1,-1,0,-1,-1,-1,-1.000000,-1.000000,173,0,0,0,0,0,-1,-1,-1,0.000000
11494,0,-1,-1,-1,-1,0,-1,-1,-1,-1.000000,-1.000000,213,0,0,0,0,0,-1,-1,-1,0.000000
11495,0,738,-1,-1,496,1,15,3,2,0.000000,0.000000,90,4,0,2,0,2,738,-1,-1,0.000000
11496,0,-1,-1,-1,-1,0,-1,-1,-1,-1.000000,-1.000000,251,0,0,0,0,0,-1,-1,-1,0.000000
11497,0,-1,-1,-1,-1,0,-1,-1,-1,-1.000000,-1.000000,187,0,0,0,0,0,-1,-1,-1,0.000000
11498,0,-1,-1,-1,-1,0,-1,-1,-1,-1.000000,-1.000000,358,0,0,0,0,0,-1,-1,-1,0.000000
11499,0,-1,-1,-1,-1,0,-1,-1,-1,-1.000000,-1.000000,376,0,0,0,0,0,-1,-1,-1,0.000000
11500,0,-1,-1,-1,-1,0,-1,-1,-1,-1.000000,-1.000000,177,0,0,0,0,0,-1,-1,-1,0.000000
11501,0,-1,-1,-1,-1,0,-1,-1,-1,-1.000000,-1.000000,153,0,0,0,0,0,-1,-1,-1,0.000000
11502,0,-1,-1,-1,-1,0,-1,-1,-1,-1.000000,-1.000000,95,0,0,0,0,0,-1,-1,-1,0.000000
11503,0,76,-1,-1,4550,1,41,3,4,0.000000,0.000000,75,8,0,1,0,1,76,-1,-1,0.000000
11504,0,-1,-1,-1,-1,0,-1,-1,-1,-1.000000,-1.000000,143,0,0,0,0,0,-1,-1,-1,0.000000
11505,0,-1,-1,-1,-1,0,-1,-1,-1,-1.000000,-1.000000,264,0,0,0,0,0,-1,-1,-1,0.000000
11506,0,-1,-1,-1,-1,0,-1,-1,-1,-1.000000,-1.000000,257,0,0,0,0,0,-1,-1,-1,0.000000
11507,0,-1,-1,-1,-1,0,-1,-1,-1,-1.000000,-1.000000,185,0,0,0,0,0,-1,-1,-1,0.000000
11508,0,-1,-1,-1,-1,0,-1,-1,-1,-1.000000,-1.000000,446,0,0,0,0,0,-1,-1,-1,0.000000
11509,0,-1,-1,-1,-1,0,-1,-1,-1,-1.000000,-1.000000,452,0,0,0,0,0,-1,-1,-1,0.000000
11510,0,-1,-1,-1,-1,0,-1,-1,-1,-1.000000,-1.000000,301,0,0,0,0,0,-1,-1,-1,0.000000
11511,0,-1,-1,-1,-1,0,-1,-1,-1,-1.000000,-1.000000,91,0,0,0,0,0,-1,-1,-1,0.000000
11512,0,27,-1,-1,2271,20,59,3,4,0.000000,0.000000,69,60,0,8,0,8,27,-1,-1,0.000000
11513,0,-1,-1,-1,-1,0,-1,-1,-1,-1.000000,-1.000000,149,0,0,0,0,0,-1,-1,-1,0.000000
11514,0,-1,-1,-1,-1,0,-1,-1,-1,-1.000000,-1.000000,273,0,0,0,0,0,-1,-1,-1,0.000000
11515,0,-1,-1,-1,-1,0,-1,-1,-1,-1.000000,-1.000000,199,0,0,0,0,0,-1,-1,-1,0.000000
11516,0,-1,-1,-1,-1,0,-1,-1,-1,-1.000000,-1.000000,372,0,0,0,0,0,-1,-1,-1,0.000000
11517,0,-1,-1,-1,-1,0,-1,-1,-1,-1.000000,-1.000000,191,0,0,0,0,0,-1,-1,-1,0.000000
11518,0,-1,-1,-1,-1,0,-1,-1,-1,-1.000000,-1.000000,169,0,0,0,0,0,-1,-1,-1,0.000000
11519,0,-1,-1,-1,-1,0,-1,-1,-1,-1.000000,-1.000000,291,0,0,0,0,0,-1,-1,-1,0.000000
11520,0,-1,-1,-1,-1,0,-1,-1,-1,-1.000000,-1.000000,487,0,0,0,0,0,-1,-1,-1,0.000000
11521,0,-1,-1,-1,-1,0,-1,-1,-1,-1.000000,-1.000000,205,0,0,0,0,0,-1,-1,-1,0.000000
11522,0,-1,-1,-1,-1,0,-1,-1,-1,-1.000000,-1.000000,501,0,0,0,0,0,-1,-1,-1,0.000000
11523,0,-1,-1,-1,-1,0,-1,-1,-1,-1.000000,-1.000000,318,0,0,0,0,0,-1,-1,-1,0.000000
11524,0,-1,-1,-1,-1,0,-1,-1,-1,-1.000000,-1.000000,141,0,0,0,0,0,-1,-1,-1,0.000000
11525,0,-1,-1,-1,-1,0,-1,-1,-1,-1.000000,-1.000000,161,0,0,0,0,0,-1,-1,-1,0.000000
11526,0,-1,-1,-1,-1,0,-1,-1,-1,-1.000000,-1.000000,103,0,0,0,0,0,-1,-1,-1,0.000000
11527,0,-1,-1,-1,-1,0,-1,-1,-1,-1.000000,-1.000000,295,0,0,0,0,0,-1,-1,-1,0.000000
11528,0,-1,-1,-1,-1,0,-1,-1,-1,-1.000000,-1.000000,251,0,0,0,0,0,-1,-1,-1,0.000000
11529,0,111,-1,-1,2888,0,36,3,2,0.000000,0.000000,121,3,0,1,0,1,111,-1,-1,0.000000
11530,0,24,-1,-1,7853,779,63,3,4,0.000000,0.000000,33,797,0,169,0,169,24,-1,-1,0.000000
11531,0,-1,-1,-1,-1,0,-1,-1,-1,-1.000000,-1.000000,360,0,0,0,0,0,-1,-1,-1,0.000000
11532,0,-1,-1,-1,-1,0,-1,-1,-1,-1.000000,-1.000000,225,0,0,0,0,0,-1,-1,-1,0.000000
11533,0,-1,-1,-1,-1,0,-1,-1,-1,-1.000000,-1.000000,217,0,0,0,0,0,-1,-1,-1,0.000000
11534,0,-1,-1,-1,-1,0,-1,-1,-1,-1.000000,-1.000000,316,0,0,0,0,0,-1,-1,-1,0.000000
11535,0,-1,-1,-1,-1,0,-1,-1,-1,-1.000000,-1.000000,393,0,0,0,0,0,-1,-1,-1,0.000000
11536,0,52,-1,-1,3557,5,46,3,2,0.000000,0.000000,73,22,0,4,0,4,52,-1,-1,0.000000
11537,0,-1,-1,-1,-1,0,-1,-1,-1,-1.000000,-1.000000,180,0,0,0,0,0,-1,-1,-1,0.000000
11538,0,-1,-1,-1,-1,0,-1,-1,-1,-1.000000,-1.000000,131,0,0,0,0,0,-1,-1,-1,0.000000
11539,0,-1,-1,-1,-1,0,-1,-1,-1,-1.000000,-1.000000,324,0,0,0,0,0,-1,-1,-1,0.000000
11540,0,-1,-1,-1,-1,0,-1,-1,-1,-1.000000,-1.000000,300,0,0,0,0,0,-1,-1,-1,0.000000
11541,0,-1,-1,-1,-1,0,-1,-1,-1,-1.000000,-1.000000,301,0,0,0,0,0,-1,-1,-1,0.000000
11542,0,-1,-1,-1,-1,0,-1,-1,-1,-1.000000,-1.000000,418,0,0,0,0,0,-1,-1,-1,0.000000
11543,0,-1,-1,-1,-1,0,-1,-1,-1,-1.000000,-1.000000,311,0,0,0,0,0,-1,-1,-1,0.000000
11544,0,-1,-1,-1,-1,0,-1,-1,-1,-1.000000,-1.000000,261,0,0,0,0,0,-1,-1,-1,0.000000
11545,0,29,-1,-1,7822,341,57,3,4,0.000000,0.000000,73,457,0,138,0,138,29,-1,-1,0.000000
11546,0,-1,-1,-1,-1,0,-1,-1,-1,-1.000000,-1.000000,182,0,0,0,0,0,-1,-1,-1,0.000000
11547,0,573,-1,-1,435,0,19,3,2,0.000000,0.000000,80,6,0,1,0,1,573,-1,-1,0.000000
11548,0,-1,-1,-1,-1,0,-1,-1,-1,-1.000000,-1.000000,137,0,0,0,0,0,-1,-1,-1,0.000000
11549,0,-1,-1,-1,-1,0,-1,-1,-1,-1.000000,-1.000000,91,0,0,0,0,0,-1,-1,-1,0.000000
11550,0,-1,-1,-1,-1,0,-1,-1,-1,-1.000000,-1.000000,499,0,0,0,0,0,-1,-1,-1,0.000000
11551,0,-1,-1,-1,-1,0,-1,-1,-1,-1.000000,-1.000000,179,0,0,0,0,0,-1,-1,-1,0.000000
11552,0,-1,-1,-1,-1,0,-1,-1,-1,-1.000000,-1.000000,225,0,0,0,0,0,-1,-1,-1,0.000000
11553,0,-1,-1,-1,-1,0,-1,-1,-1,-1.000000,-1.000000,221,0,0,0,0,0,-1,-1,-1,0.000000
11554,0,-1,-1,-1,-1,0,-1,-1,-1,-1.000000,-1.000000,439,0,0,0,0,0,-1,-1,-1,0.000000
11555,0,144,-1,-1,4197,0,33,3,4,0.000000,0.000000,99,8,0,1,0,1,144,-1,-1,0.000000
11556,0,-1,-1,-1,-1,0,-1,-1,-1,-1.000000,-1.000000,211,0,0,0,0,0,-1,-1,-1,0.000000
11557,0,-1,-1,-1,-1,0,-1,-1,-1,-1.000000,-1.000000,145,0,0,0,0,0,-1,-1,-1,0.000000
11558,0,-1,-1,-1,-1,0,-1,-1,-1,-1.000000,-1.000000,177,0,0,0,0,0,-1,-1,-1,0.000000
11559,0,-1,-1,-1,-1,0,-1,-1,-1,-1.000000,-1.000000,141,0,0,0,0,0,-1,-1,-1,0.000000
11560,0,-1,-1,-1,-1,0,-1,-1,-1,-1.000000,-1.000000,165,0,0,0,0,0,-1,-1,-1,0.000000
11561,0,-1,-1,-1,-1,0,-1,-1,-1,-1.000000,-1.000000,395,0,0,0,0,0,-1,-1,-1,0.000000
11562,0,54,-1,-1,7600,19,49,3,4,0.000000,0.000000,65,38,0,19,0,19,54,-1,-1,0.000000
11563,0,-1,-1,-1,-1,0,-1,-1,-1,-1.000000,-1.000000,228,0,0,0,0,0,-1,-1,-1,0.000000
11564,0,49,-1,-1,3616,3,51,3,4,0.000000,0.000000,67,6,0,4,0,4,49,-1,-1,0.000000
11565,0,-1,-1,-1,-1,0,-1,-1,-1,-1.000000,-1.000000,378,0,0,0,0,0,-1,-1,-1,0.000000
11566,0,-1,-1,-1,-1,0,-1,-1,-1,-1.000000,-1.000000,529,0,0,0,0,0,-1,-1,-1,0.000000
11567,0,-1,-1,-1,-1,0,-1,-1,-1,-1.000000,-1.000000,185,0,0,0,0,0,-1,-1,-1,0.000000
11568,0,-1,-1,-1,-1,0,-1,-1,-1,-1.000000,-1.000000,215,0,0,0,0,0,-1,-1,-1,0.000000
11569,0,-1,-1,-1,-1,0,-1,-1,-1,-1.000000,-1.000000,127,0,0,0,0,0,-1,-1,-1,0.000000
11570,0,-1,-1,-1,-1,0,-1,-1,-1,-1.000000,-1.000000,101,0,0,0,0,0,-1,-1,-1,0.000000
11571,0,-1,-1,-1,-1,0,-1,-1,-1,-1.000000,-1.000000,205,0,0,0,0,0,-1,-1,-1,0.000000
11572,0,-1,-1,-1,-1,0,-1,-1,-1,-1.000000,-1.000000,101,0,0,0,0,0,-1,-1,-1,0.000000
11573,0,-1,-1,-1,-1,0,-1,-1,-1,-1.000000,-1.000000,161,0,0,0,0,0,-1,-1,-1,0.000000
11574,0,179,-1,-1,2025,15,30,3,4,0.000000,0.000000,98,60,0,17,0,17,179,-1,-1,0.000000
11575,0,-1,-1,-1,-1,0,-1,-1,-1,-1.000000,-1.000000,423,0,0,0,0,0,-1,-1,-1,0.000000
11576,0,-1,-1,-1,-1,0,-1,-1,-1,-1.000000,-1.000000,131,0,0,0,0,0,-1,-1,-1,0.000000
11577,0,-1,-1,-1,-1,0,-1,-1,-1,-1.000000,-1.000000,95,0,0,0,0,0,-1,-1,-1,0.000000
11578,0,22,-1,-1,874,663,66,3,2,0.000000,0.000000,43,701,0,276,0,276,22,-1,-1,0.000000
11579,0,-1,-1,-1,-1,0,-1,-1,-1,-1.000000,-1.000000,203,0,0,0,0,0,-1,-1,-1,0.000000
11580,0,-1,-1,-1,-1,0,-1,-1,-1,-1.000000,-1.000000,124,0,0,0,0,0,-1,-1,-1,0.000000
11581,0,-1,-1,-1,-1,0,-1,-1,-1,-1.000000,-1.000000,125,0,0,0,0,0,-1,-1,-1,0.000000
11582,0,29,-1,-1,6714,2,58,3,2,0.000000,0.000000,63,11,0,3,0,3,29,-1,-1,0.000000
11583,0,29,-1,-1,4366,0,59,3,4,0.000000,0.000000,67,1,0,1,0,1,29,-1,-1,0.000000
11584,0,-1,-1,-1,-1,0,-1,-1,-1,-1.000000,-1.000000,409,0,0,0,0,0,-1,-1,-1,0.000000
11585,0,-1,-1,-1,-1,0,-1,-1,-1,-1.000000,-1.000000,135,0,0,0,0,0,-1,-1,-1,0.000000
11586,0,-1,-1,-1,-1,0,-1,-1,-1,-1.000000,-1.000000,385,0,0,0,0,0,-1,-1,-1,0.000000
11587,0,378,-1,-1,2812,409,23,3,4,0.000000,0.000000,49,493,0,75,0,75,378,-1,-1,0.000000
11588,0,-1,-1,-1,-1,0,-1,-1,-1,-1.000000,-1.000000,165,0,0,0,0,0,-1,-1,-1,0.000000
11589,0,25,-1,-1,2896,733,63,3,4,0.000000,0.000000,55,676,0,299,0,299,25,-1,-1,0.000000
11590,0,-1,-1,-1,-1,0,-1,-1,-1,-1.000000,-1.000000,411,0,0,0,0,0,-1,-1,-1,0.000000
11591,0,-1,-1,-1,-1,0,-1,-1,-1,-1.000000,-1.000000,336,0,0,0,0,0,-1,-1,-1,0.000000
11592,0,233,-1,-1,5111,662,29,3,2,0.000000,0.000000,30,648,0,90,0,90,233,-1,-1,0.000000
11593,0,-1,-1,-1,-1,0,-1,-1,-1,-1.000000,-1.000000,305,0,0,0,0,0,-1,-1,-1,0.000000
11594,0,-1,-1,-1,-1,0,-1,-1,-1,-1.000000,-1.000000,220,0,0,0,0,0,-1,-1,-1,0.000000
11595,0,-1,-1,-1,-1,0,-1,-1,-1,-1.000000,-1.000000,185,0,0,0,0,0,-1,-1,-1,0.000000
11596,0,-1,-1,-1,-1,0,-1,-1,-1,-1.000000,-1.000000,171,0,0,0,0,0,-1,-1,-1,0.000000
11597,0,18,-1,-1,1345,608,68,3,2,0.000000,0.000000,19,692,0,287,0,287,18,-1,-1,0.000000
11598,0,-1,-1,-1,-1,0,-1,-1,-1,-1.000000,-1.000000,231,0,0,0,0,0,-1,-1,-1,0.000000
11599,0,444,-1,-1,1738,0,20,3,2,0.000000,0.000000,77,0,0,1,0,1,444,-1,-1,0.000000
11600,0,-1,-1,-1,-1,0,-1,-1,-1,-1.000000,-1.000000,177,0,0,0,0,0,-1,-1,-1,0.000000
11601,0,-1,-1,-1,-1,0,-1,-1,-1,-1.000000,-1.000000,261,0,0,0,0,0,-1,-1,-1,0.000000
11602,0,-1,-1,-1,-1,0,-1,-1,-1,-1.000000,-1.000000,210,0,0,0,0,0,-1,-1,-1,0.000000
11603,0,60,-1,-1,3571,607,47,3,4,0.000000,0.000000,15,767,0,173,0,173,60,-1,-1,0.000000
11604,0,-1,-1,-1,-1,0,-1,-1,-1,-1.000000,-1.000000,109,0,0,0,0,0,-1,-1,-1,0.000000
11605,0,-1,-1,-1,-1,0,-1,-1,-1,-1.000000,-1.000000,527,0,0,0,0,0,-1,-1,-1,0.000000
11606,0,-1,-1,-1,-1,0,-1,-1,-1,-1.000000,-1.000000,325,0,0,0,0,0,-1,-1,-1,0.000000
11607,0,-1,-1,-1,-1,0,-1,-1,-1,-1.000000,-1.000000,253,0,0,0,0,0,-1,-1,-1,0.000000
11608,0,-1,-1,-1,-1,0,-1,-1,-1,-1.000000,-1.000000,153,0,0,0,0,0,-1,-1,-1,0.000000
11609,0,-1,-1,-1,-1,0,-1,-1,-1,-1.000000,-1.000000,449,0,0,0,0,0,-1,-1,-1,0.000000
11610,0,33,-1,-1,2928,0,54,3,2,0.000000,0.000000,89,2,0,0,0,0,33,-1,-1,0.000000
11611,0,-1,-1,-1,-1,0,-1,-1,-1,-1.000000,-1.000000,240,0,0,0,0,0,-1,-1,-1,0.000000
11612,0,205,-1,-1,6993,5,29,3,2,0.000000,0.000000,80,21,0,8,0,8,205,-1,-1,0.000000
11613,0,-1,-1,-1,-1,0,-1,-1,-1,-1.000000,-1.000000,209,0,0,0,0,0,-1,-1,-1,0.000000
11614,0,-1,-1,-1,-1,0,-1,-1,-1,-1.000000,-1.000000,403,0,0,0,0,0,-1,-1,-1,0.000000
11615,0,-1,-1,-1,-1,0,-1,-1,-1,-1.000000,-1.000000,412,0,0,0,0,0,-1,-1,-1,0.000000
11616,0,-1,-1,-1,-1,0,-1,-1,-1,-1.000000,-1.000000,177,0,0,0,0,0,-1,-1,-1,0.000000
11617,0,22,-1,-1,4245,743,67,3,4,0.000000,0.000000,41,725,0,253,0,253,22,-1,-1,0.000000
11618,0,-1,-1,-1,-1,0,-1,-1,-1,-1.000000,-1.000000,373,0,0,0,0,0,-1,-1,-1,0.000000
11619,0,-1,-1,-1,-1,0,-1,-1,-1,-1.000000,-1.000000,295,0,0,0,0,0,-1,-1,-1,0.000000
11620,0,-1,-1,-1,-1,0,-1,-1,-1,-1.000000,-1.000000,185,0,0,0,0,0,-1,-1,-1,0.000000
11621,0,-1,-1,-1,-1,0,-1,-1,-1,-1.000000,-1.000000,108,0,0,0,0,0,-1,-1,-1,0.000000
11622,0,-1,-1,-1,-1,0,-1,-1,-1,-1.000000,-1.000000,248,0,0,0,0,0,-1,-1,-1,0.000000
11623,0,-1,-1,-1,-1,0,-1,-1,-1,-1.000000,-1.000000,185,0,0,0,0,0,-1,-1,-1,0.000000
11624,0,-1,-1,-1,-1,0,-1,-1,-1,-1.000000,-1.000000,161,0,0,0,0,0,-1,-1,-1,0.000000
11625,0,-1,-1,-1,-1,0,-1,-1,-1,-1.000000,-1.000000,353,0,0,0,0,0,-1,-1,-1,0.000000
11626,0,-1,-1,-1,-1,0,-1,-1,-1,-1.000000,-1.000000,146,0,0,0,0,0,-1,-1,-1,0.000000
11627,0,-1,-1,-1,-1,0,-1,-1,-1,-1.000000,-1.000000,215,0,0,0,0,0,-1,-1,-1,0.000000
11628,0,-1,-1,-1,-1,0,-1,-1,-1,-1.000000,-1.000000,113,0,0,0,0,0,-1,-1,-1,0.000000
11629,0,-1,-1,-1,-1,0,-1,-1,-1,-1.000000,-1.000000,271,0,0,0,0,0,-1,-1,-1,0.000000
11630,0,-1,-1,-1,-1,0,-1,-1,-1,-1.000000,-1.000000,313,0,0,0,0,0,-1,-1,-1,0.000000
11631,0,24,-1,-1,3070,817,62,3,2,0.000000,0.000000,23,827,0,142,0,142,24,-1,-1,0.000000
11632,0,-1,-1,-1,-1,0,-1,-1,-1,-1.000000,-1.000000,273,0,0,0,0,0,-1,-1,-1,0.000000
11633,0,-1,-1,-1,-1,0,-1,-1,-1,-1.000000,-1.000000,323,0,0,0,0,0,-1,-1,-1,0.000000
11634,0,-1,-1,-1,-1,0,-1,-1,-1,-1.000000,-1.000000,177,0,0,0,0,0,-1,-1,-1,0.000000
11635,0,-1,-1,-1,-1,0,-1,-1,-1,-1.000000,-1.000000,141,0,0,0,0,0,-1,-1,-1,0.000000
11636,0,-1,-1,-1,-1,0,-1,-1,-1,-1.000000,-1.000000,93,0,0,0,0,0,-1,-1,-1,0.000000
11637,0,-1,-1,-1,-1,0,-1,-1,-1,-1.000000,-1.000000,113,0,0,0,0,0,-1,-1,-1,0.000000
11638,0,-1,-1,-1,-1,0,-1,-1,-1,-1.000000,-1.000000,171,0,0,0,0,0,-1,-1,-1,0.000000
11639,0,-1,-1,-1,-1,0,-1,-1,-1,-1.000000,-1.000000,223,0,0,0,0,0,-1,-1,-1,0.000000
11640,0,28,-1,-1,7144,228,58,3,2,0.000000,0.000000,63,387,0,90,0,90,28,-1,-1,0.000000
11641,0,-1,-1,-1,-1,0,-1,-1,-1,-1.000000,-1.000000,363,0,0,0,0,0,-1,-1,-1,0.000000
11642,0,-1,-1,-1,-1,0,-1,-1,-1,-1.000000,-1.000000,305,0,0,0,0,0,-1,-1,-1,0.000000
11643,0,-1,-1,-1,-1,0,-1,-1,-1,-1.000000,-1.000000,329,0,0,0,0,0,-1,-1,-1,0.000000
11644,0,25,-1,-1,1263,413,60,3,2,0.000000,0.000000,61,533,0,130,0,130,25,-1,-1,0.000000
11645,0,-1,-1,-1,-1,0,-1,-1,-1,-1.000000,-1.000000,241,0,0,0,0,0,-1,-1,-1,0.000000
11646,0,27,-1,-1,5625,673,61,3,4,0.000000,0.000000,61,644,0,242,0,242,27,-1,-1,0.000000
11647,0,32,-1,-1,4584,1,54,3,2,0.000000,0.000000,59,11,0,2,0,2,32,-1,-1,0.000000
11648,0,-1,-1,-1,-1,0,-1,-1,-1,-1.000000,-1.000000,147,0,0,0,0,0,-1,-1,-1,0.000000
11649,0,-1,-1,-1,-1,0,-1,-1,-1,-1.000000,-1.000000,311,0,0,0,0,0,-1,-1,-1,0.000000
11650,0,19,-1,-1,7221,596,68,3,2,0.000000,0.000000,13,719,0,261,0,261,19,-1,-1,0.000000
11651,0,-1,-1,-1,-1,0,-1,-1,-1,-1.000000,-1.000000,379,0,0,0,0,0,-1,-1,-1,0.000000
11652,0,-1,-1,-1,-1,0,-1,-1,-1,-1.000000,-1.000000,351,0,0,0,0,0,-1,-1,-1,0.000000
11653,0,-1,-1,-1,-1,0,-1,-1,-1,-1.000000,-1.000000,257,0,0,0,0,0,-1,-1,-1,0.000000
11654,0,-1,-1,-1,-1,0,-1,-1,-1,-1.000000,-1.000000,119,0,0,0,0,0,-1,-1,-1,0.000000
11655,0,-1,-1,-1,-1,0,-1,-1,-1,-1.000000,-1.000000,369,0,0,0,0,0,-1,-1,-1,0.000000
11656,0,-1,-1,-1,-1,0,-1,-1,-1,-1.000000,-1.000000,394,0,0,0,0,0,-1,-1,-1,0.000000
11657,0,-1,-1,-1,-1,0,-1,-1,-1,-1.000000,-1.000000,85,0,0,0,0,0,-1,-1,-1,0.000000
11658,0,-1,-1,-1,-1,0,-1,-1,-1,-1.000000,-1.000000,159,0,0,0,0,0,-1,-1,-1,0.000000
11659,0,-1,-1,-1,-1,0,-1,-1,-1,-1.000000,-1.000000,297,0,0,0,0,0,-1,-1,-1,0.000000
11660,0,-1,-1,-1,-1,0,-1,-1,-1,-1.000000,-1.000000,253,0,0,0,0,0,-1,-1,-1,0.000000
11661,0,27,-1,-1,3023,253,59,3,4,0.000000,0.000000,63,330,0,93,0,93,27,-1,-1,0.000000
11662,0,-1,-1,-1,-1,0,-1,-1,-1,-1.000000,-1.000000,119,0,0,0,0,0,-1,-1,-1,0.000000
11663,0,-1,-1,-1,-1,0,-1,-1,-1,-1.000000,-1.000000,337,0,0,0,0,0,-1,-1,-1,0.000000
11664,0,-1,-1,-1,-1,0,-1,-1,-1,-1.000000,-1.000000,291,0,0,0,0,0,-1,-1,-1,0.000000
11665,0,-1,-1,-1,-1,0,-1,-1,-1,-1.000000,-1.000000,335,0,0,0,0,0,-1,-1,-1,0.000000
11666,0,-1,-1,-1,-1,0,-1,-1,-1,-1.000000,-1.000000,303,0,0,0,0,0,-1,-1,-1,0.000000
11667,0,-1,-1,-1,-1,0,-1,-1,-1,-1.000000,-1.000000,321,0,0,0,0,0,-1,-1,-1,0.000000
11668,0,-1,-1,-1,-1,0,-1,-1,-1,-1.000000,-1.000000,109,0,0,0,0,0,-1,-1,-1,0.000000
11669,0,253,-1,-1,7197,0,26,3,2,0.000000,0.000000,89,2,0,0,0,0,253,-1,-1,0.000000
11670,0,-1,-1,-1,-1,0,-1,-1,-1,-1.000000,-1.000000,235,0,0,0,0,0,-1,-1,-1,0.000000
11671,0,-1,-1,-1,-1,0,-1,-1,-1,-1.000000,-1.000000,479,0,0,0,0,0,-1,-1,-1,0.000000
11672,0,-1,-1,-1,-1,0,-1,-1,-1,-1.000000,-1.000000,97,0,0,0,0,0,-1,-1,-1,0.000000
11673,0,-1,-1,-1,-1,0,-1,-1,-1,-1.000000,-1.000000,458,0,0,0,0,0,-1,-1,-1,0.000000
11674,0,20,-1,-1,3677,745,68,3,2,0.000000,0.000000,19,799,0,180,0,180,20,-1,-1,0.000000
11675,0,-1,-1,-1,-1,0,-1,-1,-1,-1.000000,-1.000000,330,0,0,0,0,0,-1,-1,-1,0.000000
11676,0,28,-1,-1,3971,577,58,3,2,0.000000,0.000000,69,627,0,182,0,182,28,-1,-1,0.000000
11677,0,22,-1,-1,6428,485,66,3,2,0.000000,0.000000,45,721,0,255,0,255,22,-1,-1,0.000000
11678,0,-1,-1,-1,-1,0,-1,-1,-1,-1.000000,-1.000000,474,0,0,0,0,0,-1,-1,-1,0.000000
11679,0,-1,-1,-1,-1,0,-1,-1,-1,-1.000000,-1.000000,332,0,0,0,0,0,-1,-1,-1,0.000000
11680,0,-1,-1,-1,-1,0,-1,-1,-1,-1.000000,-1.000000,149,0,0,0,0,0,-1,-1,-1,0.000000
11681,0,45,-1,-1,5867,150,49,3,4,0.000000,0.000000,49,247,0,91,0,91,45,-1,-1,0.000000
11682,0,-1,-1,-1,-1,0,-1,-1,-1,-1.000000,-1.000000,217,0,0,0,0,0,-1,-1,-1,0.000000
11683,0,-1,-1,-1,-1,0,-1,-1,-1,-1.000000,-1.000000,173,0,0,0,0,0,-1,-1,-1,0.000000
11684,0,-1,-1,-1,-1,0,-1,-1,-1,-1.000000,-1.000000,137,0,0,0,0,0,-1,-1,-1,0.000000
11685,0,-1,-1,-1,-1,0,-1,-1,-1,-1.000000,-1.000000,83,0,0,0,0,0,-1,-1,-1,0.000000
11686,0,-1,-1,-1,-1,0,-1,-1,-1,-1.000000,-1.000000,373,0,0,0,0,0,-1,-1,-1,0.000000
11687,0,-1,-1,-1,-1,0,-1,-1,-1,-1.000000,-1.000000,470,0,0,0,0,0,-1,-1,-1,0.000000
11688,0,-1,-1,-1,-1,0,-1,-1,-1,-1.000000,-1.000000,105,0,0,0,0,0,-1,-1,-1,0.000000
11689,0,-1,-1,-1,-1,0,-1,-1,-1,-1.000000,-1.000000,165,0,0,0,0,0,-1,-1,-1,0.000000
11690,0,-1,-1,-1,-1,0,-1,-1,-1,-1.000000,-1.000000,336,0,0,0,0,0,-1,-1,-1,0.000000
11691,0,-1,-1,-1,-1,0,-1,-1,-1,-1.000000,-1.000000,143,0,0,0,0,0,-1,-1,-1,0.000000
11692,0,-1,-1,-1,-1,0,-1,-1,-1,-1.000000,-1.000000,325,0,0,0,0,0,-1,-1,-1,0.000000
11693,0,-1,-1,-1,-1,0,-1,-1,-1,-1.000000,-1.000000,99,0,0,0,0,0,-1,-1,-1,0.000000
11694,0,100,-1,-1,3189,20,38,3,2,0.000000,0.000000,83,52,0,17,0,17,100,-1,-1,0.000000
11695,0,-1,-1,-1,-1,0,-1,-1,-1,-1.000000,-1.000000,323,0,0,0,0,0,-1,-1,-1,0.000000
11696,0,-1,-1,-1,-1,0,-1,-1,-1,-1.000000,-1.000000,291,0,0,0,0,0,-1,-1,-1,0.000000
11697,0,-1,-1,-1,-1,0,-1,-1,-1,-1.000000,-1.000000,375,0,0,0,0,0,-1,-1,-1,0.000000
11698,0,-1,-1,-1,-1,0,-1,-1,-1,-1.000000,-1.000000,273,0,0,0,0,0,-1,-1,-1,0.000000
11699,0,90,-1,-1,141,606,43,3,4,0.000000,0.000000,17,802,0,108,0,108,90,-1,-1,0.000000
11700,0,23,-1,-1,2139,789,66,3,2,0.000000,0.000000,33,761,0,183,0,183,23,-1,-1,0.000000
11701,0,18,-1,-1,5397,491,68,3,2,0.000000,0.000000,19,621,0,360,0,360,18,-1,-1,0.000000
11702,0,-1,-1,-1,-1,0,-1,-1,-1,-1.000000,-1.000000,159,0,0,0,0,0,-1,-1,-1,0.000000
11703,0,-1,-1,-1,-1,0,-1,-1,-1,-1.000000,-1.000000,215,0,0,0,0,0,-1,-1,-1,0.000000
11704,0,-1,-1,-1,-1,0,-1,-1,-1,-1.000000,-1.000000,136,0,0,0,0,0,-1,-1,-1,0.000000
11705,0,-1,-1,-1,-1,0,-1,-1,-1,-1.000000,-1.000000,484,0,0,0,0,0,-1,-1,-1,0.000000
11706,0,336,-1,-1,6069,107,23,3,4,0.000000,0.000000,73,197,0,27,0,27,336,-1,-1,0.000000
11707,0,-1,-1,-1,-1,0,-1,-1,-1,-1.000000,-1.000000,468,0,0,0,0,0,-1,-1,-1,0.000000
11708,0,-1,-1,-1,-1,0,-1,-1,-1,-1.000000,-1.000000,253,0,0,0,0,0,-1,-1,-1,0.000000
11709,0,-1,-1,-1,-1,0,-1,-1,-1,-1.000000,-1.000000,412,0,0,0,0,0,-1,-1,-1,0.000000
11710,0,-1,-1,-1,-1,0,-1,-1,-1,-1.000000,-1.000000,387,0,0,0,0,0,-1,-1,-1,0.000000
11711,0,-1,-1,-1,-1,0,-1,-1,-1,-1.000000,-1.000000,237,0,0,0,0,0,-1,-1,-1,0.000000
11712,0,24,-1,-1,3758,738,62,3,2,0.000000,0.000000,31,763,0,201,0,201,24,-1,-1,0.000000
11713,0,27,-1,-1,4953,621,60,3,4,0.000000,0.000000,70,744,0,141,0,141,27,-1,-1,0.000000
11714,0,532,-1,-1,5231,0,17,3,4,0.000000,0.000000,99,4,0,1,0,1,532,-1,-1,0.000000
11715,0,116,-1,-1,1560,2,38,3,2,0.000000,0.000000,87,9,0,1,0,1,116,-1,-1,0.000000
11716,0,-1,-1,-1,-1,0,-1,-1,-1,-1.000000,-1.000000,135,0,0,0,0,0,-1,-1,-1,0.000000
11717,0,-1,-1,-1,-1,0,-1,-1,-1,-1.000000,-1.000000,466,0,0,0,0,0,-1,-1,-1,0.000000
11718,0,-1,-1,-1,-1,0,-1,-1,-1,-1.000000,-1.000000,319,0,0,0,0,0,-1,-1,-1,0.000000
11719,0,-1,-1,-1,-1,0,-1,-1,-1,-1.000000,-1.000000,395,0,0,0,0,0,-1,-1,-1,0.000000
11720,0,-1,-1,-1,-1,0,-1,-1,-1,-1.000000,-1.000000,395,0,0,0,0,0,-1,-1,-1,0.000000
11721,0,-1,-1,-1,-1,0,-1,-1,-1,-1.000000,-1.000000,181,0,0,0,0,0,-1,-1,-1,0.000000
11722,0,-1,-1,-1,-1,0,-1,-1,-1,-1.000000,-1.000000,211,0,0,0,0,0,-1,-1,-1,0.000000
11723,0,26,-1,-1,1081,829,61,3,4,0.000000,0.000000,25,770,0,184,0,184,26,-1,-1,0.000000
11724,0,-1,-1,-1,-1,0,-1,-1,-1,-1.000000,-1.000000,79,0,0,0,0,0,-1,-1,-1,0.000000
11725,0,-1,-1,-1,-1,0,-1,-1,-1,-1.000000,-1.000000,111,0,0,0,0,0,-1,-1,-1,0.000000
11726,0,-1,-1,-1,-1,0,-1,-1,-1,-1.000000,-1.000000,223,0,0,0,0,0,-1,-1,-1,0.000000
11727,0,-1,-1,-1,-1,0,-1,-1,-1,-1.000000,-1.000000,191,0,0,0,0,0,-1,-1,-1,0.000000
11728,0,-1,-1,-1,-1,0,-1,-1,-1,-1.000000,-1.000000,121,0,0,0,0,0,-1,-1,-1,0.000000
11729,0,-1,-1,-1,-1,0,-1,-1,-1,-1.000000,-1.000000,342,0,0,0,0,0,-1,-1,-1,0.000000
11730,0,-1,-1,-1,-1,0,-1,-1,-1,-1.000000,-1.000000,65,0,0,0,0,0,-1,-1,-1,0.000000
11731,0,24,-1,-1,576,538,62,3,2,0.000000,0.000000,59,553,0,168,0,168,24,-1,-1,0.000000
11732,0,-1,-1,-1,-1,0,-1,-1,-1,-1.000000,-1.000000,295,0,0,0,0,0,-1,-1,-1,0.000000
11733,0,-1,-1,-1,-1,0,-1,-1,-1,-1.000000,-1.000000,295,0,0,0,0,0,-1,-1,-1,0.000000
11734,0,-1,-1,-1,-1,0,-1,-1,-1,-1.000000,-1.000000,261,0,0,0,0,0,-1,-1,-1,0.000000
11735,0,-1,-1,-1,-1,0,-1,-1,-1,-1.000000,-1.000000,205,0,0,0,0,0,-1,-1,-1,0.000000
11736,0,-1,-1,-1,-1,0,-1,-1,-1,-1.000000,-1.000000,135,0,0,0,0,0,-1,-1,-1,0.000000
11737,0,-1,-1,-1,-1,0,-1,-1,-1,-1.000000,-1.000000,251,0,0,0,0,0,-1,-1,-1,0.000000
11738,0,-1,-1,-1,-1,0,-1,-1,-1,-1.000000,-1.000000,359,0,0,0,0,0,-1,-1,-1,0.000000
11739,0,-1,-1,-1,-1,0,-1,-1,-1,-1.000000,-1.000000,193,0,0,0,0,0,-1,-1,-1,0.000000
11740,0,-1,-1,-1,-1,0,-1,-1,-1,-1.000000,-1.000000,423,0,0,0,0,0,-1,-1,-1,0.000000
11741,0,-1,-1,-1,-1,0,-1,-1,-1,-1.000000,-1.000000,390,0,0,0,0,0,-1,-1,-1,0.000000
11742,0,76,-1,-1,4305,12,41,3,4,0.000000,0.000000,47,46,0,12,0,12,76,-1,-1,0.000000
11743,0,-1,-1,-1,-1,0,-1,-1,-1,-1.000000,-1.000000,149,0,0,0,0,0,-1,-1,-1,0.000000
11744,0,-1,-1,-1,-1,0,-1,-1,-1,-1.000000,-1.000000,127,0,0,0,0,0,-1,-1,-1,0.000000
11745,0,-1,-1,-1,-1,0,-1,-1,-1,-1.000000,-1.000000,183,0,0,0,0,0,-1,-1,-1,0.000000
11746,0,-1,-1,-1,-1,0,-1,-1,-1,-1.000000,-1.000000,311,0,0,0,0,0,-1,-1,-1,0.000000
11747,0,-1,-1,-1,-1,0,-1,-1,-1,-1.000000,-1.000000,273,0,0,0,0,0,-1,-1,-1,0.000000
11748,0,-1,-1,-1,-1,0,-1,-1,-1,-1.000000,-1.000000,184,0,0,0,0,0,-1,-1,-1,0.000000
11749,0,-1,-1,-1,-1,0,-1,-1,-1,-1.000000,-1.000000,175,0,0,0,0,0,-1,-1,-1,0.000000
11750,0,-1,-1,-1,-1,0,-1,-1,-1,-1.000000,-1.000000,417,0,0,0,0,0,-1,-1,-1,0.000000
11751,0,-1,-1,-1,-1,0,-1,-1,-1,-1.000000,-1.000000,409,0,0,0,0,0,-1,-1,-1,0.000000
11752,0,137,-1,-1,4426,0,34,3,2,0.000000,0.000000,111,1,0,0,0,0,137,-1,-1,0.000000
11753,0,23,-1,-1,528,554,66,3,2,0.000000,0.000000,29,703,0,274,0,274,23,-1,-1,0.000000
11754,0,-1,-1,-1,-1,0,-1,-1,-1,-1.000000,-1.000000,223,0,0,0,0,0,-1,-1,-1,0.000000
11755,0,-1,-1,-1,-1,0,-1,-1,-1,-1.000000,-1.000000,147,0,0,0,0,0,-1,-1,-1,0.000000
11756,0,-1,-1,-1,-1,0,-1,-1,-1,-1.000000,-1.000000,169,0,0,0,0,0,-1,-1,-1,0.000000
11757,0,-1,-1,-1,-1,0,-1,-1,-1,-1.000000,-1.000000,273,0,0,0,0,0,-1,-1,-1,0.000000
11758,0,-1,-1,-1,-1,0,-1,-1,-1,-1.000000,-1.000000,366,0,0,0,0,0,-1,-1,-1,0.000000
11759,0,-1,-1,-1,-1,0,-1,-1,-1,-1.000000,-1.000000,319,0,0,0,0,0,-1,-1,-1,0.000000
11760,0,-1,-1,-1,-1,0,-1,-1,-1,-1.000000,-1.000000,463,0,0,0,0,0,-1,-1,-1,0.000000
11761,0,22,-1,-1,7772,799,66,3,2,0.000000,0.000000,25,727,0,251,0,251,22,-1,-1,0.000000
11762,0,-1,-1,-1,-1,0,-1,-1,-1,-1.000000,-1.000000,323,0,0,0,0,0,-1,-1,-1,0.000000
11763,0,-1,-1,-1,-1,0,-1,-1,-1,-1.000000,-1.000000,108,0,0,0,0,0,-1,-1,-1,0.000000
11764,0,-1,-1,-1,-1,0,-1,-1,-1,-1.000000,-1.000000,341,0,0,0,0,0,-1,-1,-1,0.000000
11765,0,-1,-1,-1,-1,0,-1,-1,-1,-1.000000,-1.000000,492,0,0,0,0,0,-1,-1,-1,0.000000
11766,0,17,-1,-1,2017,730,70,3,2,0.000000,0.000000,15,693,0,289,0,289,17,-1,-1,0.000000
11767,0,-1,-1,-1,-1,0,-1,-1,-1,-1.000000,-1.000000,362,0,0,0,0,0,-1,-1,-1,0.000000
11768,0,-1,-1,-1,-1,0,-1,-1,-1,-1.000000,-1.000000,241,0,0,0,0,0,-1,-1,-1,0.000000
11769,0,-1,-1,-1,-1,0,-1,-1,-1,-1.000000,-1.000000,398,0,0,0,0,0,-1,-1,-1,0.000000
11770,0,-1,-1,-1,-1,0,-1,-1,-1,-1.000000,-1.000000,255,0,0,0,0,0,-1,-1,-1,0.000000
11771,0,-1,-1,-1,-1,0,-1,-1,-1,-1.000000,-1.000000,307,0,0,0,0,0,-1,-1,-1,0.000000
11772,0,17,-1,-1,6714,796,70,3,2,0.000000,0.000000,23,730,0,248,0,248,17,-1,-1,0.000000
11773,0,-1,-1,-1,-1,0,-1,-1,-1,-1.000000,-1.000000,293,0,0,0,0,0,-1,-1,-1,0.000000
11774,0,26,-1,-1,5244,739,60,3,2,0.000000,0.000000,59,667,0,258,0,258,26,-1,-1,0.000000
11775,0,-1,-1,-1,-1,0,-1,-1,-1,-1.000000,-1.000000,110,0,0,0,0,0,-1,-1,-1,0.000000
11776,0,-1,-1,-1,-1,0,-1,-1,-1,-1.000000,-1.000000,223,0,0,0,0,0,-1,-1,-1,0.000000
11777,0,-1,-1,-1,-1,0,-1,-1,-1,-1.000000,-1.000000,197,0,0,0,0,0,-1,-1,-1,0.000000
11778,0,-1,-1,-1,-1,0,-1,-1,-1,-1.000000,-1.000000,279,0,0,0,0,0,-1,-1,-1,0.000000
11779,0,-1,-1,-1,-1,0,-1,-1,-1,-1.000000,-1.000000,185,0,0,0,0,0,-1,-1,-1,0.000000
11780,0,-1,-1,-1,-1,0,-1,-1,-1,-1.000000,-1.000000,273,0,0,0,0,0,-1,-1,-1,0.000000
11781,0,-1,-1,-1,-1,0,-1,-1,-1,-1.000000,-1.000000,393,0,0,0,0,0,-1,-1,-1,0.000000
11782,0,73,-1,-1,538,460,42,3,4,0.000000,0.000000,62,627,0,101,0,101,73,-1,-1,0.000000
11783,0,34,-1,-1,45,81,53,3,4,0.000000,0.000000,81,194,0,31,0,31,34,-1,-1,0.000000
11784,0,-1,-1,-1,-1,0,-1,-1,-1,-1.000000,-1.000000,239,0,0,0,0,0,-1,-1,-1,0.000000
11785,0,-1,-1,-1,-1,0,-1,-1,-1,-1.000000,-1.000000,403,0,0,0,0,0,-1,-1,-1,0.000000
11786,0,-1,-1,-1,-1,0,-1,-1,-1,-1.000000,-1.000000,466,0,0,0,0,0,-1,-1,-1,0.000000
11787,0,-1,-1,-1,-1,0,-1,-1,-1,-1.000000,-1.000000,177,0,0,0,0,0,-1,-1,-1,0.000000
11788,0,24,-1,-1,914,774,63,3,4,0.000000,0.000000,49,735,0,238,0,238,24,-1,-1,0.000000
11789,0,-1,-1,-1,-1,0,-1,-1,-1,-1.000000,-1.000000,371,0,0,0,0,0,-1,-1,-1,0.000000
11790,0,-1,-1,-1,-1,0,-1,-1,-1,-1.000000,-1.000000,203,0,0,0,0,0,-1,-1,-1,0.000000
11791,0,-1,-1,-1,-1,0,-1,-1,-1,-1.000000,-1.000000,268,0,0,0,0,0,-1,-1,-1,0.000000
11792,0,-1,-1,-1,-1,0,-1,-1,-1,-1.000000,-1.000000,193,0,0,0,0,0,-1,-1,-1,0.000000
11793,0,-1,-1,-1,-1,0,-1,-1,-1,-1.000000,-1.000000,163,0,0,0,0,0,-1,-1,-1,0.000000
11794,0,-1,-1,-1,-1,0,-1,-1,-1,-1.000000,-1.000000,333,0,0,0,0,0,-1,-1,-1,0.000000
11795,0,-1,-1,-1,-1,0,-1,-1,-1,-1.000000,-1.000000,159,0,0,0,0,0,-1,-1,-1,0.000000
11796,0,-1,-1,-1,-1,0,-1,-1,-1,-1.000000,-1.000000,169,0,0,0,0,0,-1,-1,-1,0.000000
11797,0,-1,-1,-1,-1,0,-1,-1,-1,-1.000000,-1.000000,197,0,0,0,0,0,-1,-1,-1,0.000000
11798,0,-1,-1,-1,-1,0,-1,-1,-1,-1.000000,-1.000000,172,0,0,0,0,0,-1,-1,-1,0.000000
11799,0,25,-1,-1,6011,698,62,3,2,0.000000,0.000000,55,634,0,213,0,213,25,-1,-1,0.000000
11800,0,-1,-1,-1,-1,0,-1,-1,-1,-1.000000,-1.000000,261,0,0,0,0,0,-1,-1,-1,0.000000
11801,0,-1,-1,-1,-1,0,-1,-1,-1,-1.000000,-1.000000,276,0,0,0,0,0,-1,-1,-1,0.000000
11802,0,230,-1,-1,7419,0,30,3,2,0.000000,0.000000,97,4,0,1,0,1,230,-1,-1,0.000000
11803,0,-1,-1,-1,-1,0,-1,-1,-1,-1.000000,-1.000000,287,0,0,0,0,0,-1,-1,-1,0.000000
11804,0,-1,-1,-1,-1,0,-1,-1,-1,-1.000000,-1.000000,291,0,0,0,0,0,-1,-1,-1,0.000000
11805,0,-1,-1,-1,-1,0,-1,-1,-1,-1.000000,-1.000000,314,0,0,0,0,0,-1,-1,-1,0.000000
11806,0,-1,-1,-1,-1,0,-1,-1,-1,-1.000000,-1.000000,91,0,0,0,0,0,-1,-1,-1,0.000000
11807,0,-1,-1,-1,-1,0,-1,-1,-1,-1.000000,-1.000000,343,0,0,0,0,0,-1,-1,-1,0.000000
11808,0,-1,-1,-1,-1,0,-1,-1,-1,-1.000000,-1.000000,83,0,0,0,0,0,-1,-1,-1,0.000000
11809,0,-1,-1,-1,-1,0,-1,-1,-1,-1.000000,-1.000000,193,0,0,0,0,0,-1,-1,-1,0.000000
11810,0,61,-1,-1,5337,570,45,3,2,0.000000,0.000000,54,631,0,142,0,142,61,-1,-1,0.000000
11811,0,-1,-1,-1,-1,0,-1,-1,-1,-1.000000,-1.000000,302,0,0,0,0,0,-1,-1,-1,0.000000
11812,0,30,-1,-1,1036,773,58,3,2,0.000000,0.000000,41,683,0,258,0,258,30,-1,-1,0.000000
11813,0,-1,-1,-1,-1,0,-1,-1,-1,-1.000000,-1.000000,163,0,0,0,0,0,-1,-1,-1,0.000000
11814,0,-1,-1,-1,-1,0,-1,-1,-1,-1.000000,-1.000000,446,0,0,0,0,0,-1,-1,-1,0.000000
11815,0,-1,-1,-1,-1,0,-1,-1,-1,-1.000000,-1.000000,177,0,0,0,0,0,-1,-1,-1,0.000000
11816,0,-1,-1,-1,-1,0,-1,-1,-1,-1.000000,-1.000000,238,0,0,0,0,0,-1,-1,-1,0.000000
11817,0,-1,-1,-1,-1,0,-1,-1,-1,-1.000000,-1.000000,269,0,0,0,0,0,-1,-1,-1,0.000000
11818,0,-1,-1,-1,-1,0,-1,-1,-1,-1.000000,-1.000000,251,0,0,0,0,0,-1,-1,-1,0.000000
11819,0,-1,-1,-1,-1,0,-1,-1,-1,-1.000000,-1.000000,167,0,0,0,0,0,-1,-1,-1,0.000000
11820,0,574,-1,-1,7398,0,19,3,4,0.000000,0.000000,93,0,0,1,0,1,574,-1,-1,0.000000
11821,0,170,-1,-1,1774,5,31,3,4,0.000000,0.000000,65,31,0,5,0,5,170,-1,-1,0.000000
11822,0,-1,-1,-1,-1,0,-1,-1,-1,-1.000000,-1.000000,226,0,0,0,0,0,-1,-1,-1,0.000000
11823,0,-1,-1,-1,-1,0,-1,-1,-1,-1.000000,-1.000000,481,0,0,0,0,0,-1,-1,-1,0.000000
11824,0,-1,-1,-1,-1,0,-1,-1,-1,-1.000000,-1.000000,127,0,0,0,0,0,-1,-1,-1,0.000000
11825,0,-1,-1,-1,-1,0,-1,-1,-1,-1.000000,-1.000000,400,0,0,0,0,0,-1,-1,-1,0.000000
11826,0,-1,-1,-1,-1,0,-1,-1,-1,-1.000000,-1.000000,223,0,0,0,0,0,-1,-1,-1,0.000000
11827,0,5,-1,-1,7418,669,69,3,4,0.000000,0.000000,35,729,0,253,0,253,5,-1,-1,0.000000
11828,0,-1,-1,-1,-1,0,-1,-1,-1,-1.000000,-1.000000,131,0,0,0,0,0,-1,-1,-1,0.000000
11829,0,-1,-1,-1,-1,0,-1,-1,-1,-1.000000,-1.000000,493,0,0,0,0,0,-1,-1,-1,0.000000
11830,0,-1,-1,-1,-1,0,-1,-1,-1,-1.000000,-1.000000,304,0,0,0,0,0,-1,-1,-1,0.000000
11831,0,-1,-1,-1,-1,0,-1,-1,-1,-1.000000,-1.000000,467,0,0,0,0,0,-1,-1,-1,0.000000
11832,0,19,-1,-1,3845,786,68,3,2,0.000000,0.000000,23,791,0,177,0,177,19,-1,-1,0.000000
11833,0,28,-1,-1,3876,263,60,3,2,0.000000,0.000000,67,359,0,100,0,100,28,-1,-1,0.000000
11834,0,-1,-1,-1,-1,0,-1,-1,-1,-1.000000,-1.000000,217,0,0,0,0,0,-1,-1,-1,0.000000
11835,0,23,-1,-1,4568,706,65,3,4,0.000000,0.000000,37,677,0,295,0,295,23,-1,-1,0.000000
11836,0,-1,-1,-1,-1,0,-1,-1,-1,-1.000000,-1.000000,317,0,0,0,0,0,-1,-1,-1,0.000000
11837,0,-1,-1,-1,-1,0,-1,-1,-1,-1.000000,-1.000000,157,0,0,0,0,0,-1,-1,-1,0.000000
11838,0,-1,-1,-1,-1,0,-1,-1,-1,-1.000000,-1.000000,370,0,0,0,0,0,-1,-1,-1,0.000000
11839,0,233,-1,-1,5316,0,27,3,4,0.000000,0.000000,99,5,0,0,0,0,233,-1,-1,0.000000
11840,0,-1,-1,-1,-1,0,-1,-1,-1,-1.000000,-1.000000,112,0,0,0,0,0,-1,-1,-1,0.000000
11841,0,38,-1,-1,3874,543,55,3,2,0.000000,0.000000,56,593,0,165,0,165,38,-1,-1,0.000000
11842,0,26,-1,-1,729,345,61,3,4,0.000000,0.000000,59,389,0,125,0,125,26,-1,-1,0.000000
11843,0,148,-1,-1,3492,322,37,3,4,0.000000,0.000000,79,433,0,82,0,82,148,-1,-1,0.000000
11844,0,-1,-1,-1,-1,0,-1,-1,-1,-1.000000,-1.000000,267,0,0,0,0,0,-1,-1,-1,0.000000
11845,0,-1,-1,-1,-1,0,-1,-1,-1,-1.000000,-1.000000,324,0,0,0,0,0,-1,-1,-1,0.000000
11846,0,-1,-1,-1,-1,0,-1,-1,-1,-1.000000,-1.000000,253,0,0,0,0,0,-1,-1,-1,0.000000
11847,0,-1,-1,-1,-1,0,-1,-1,-1,-1.000000,-1.000000,201,0,0,0,0,0,-1,-1,-1,0.000000
11848,0,-1,-1,-1,-1,0,-1,-1,-1,-1.000000,-1.000000,63,0,0,0,0,0,-1,-1,-1,0.000000
11849,0,373,-1,-1,7128,33,23,3,4,0.000000,0.000000,101,117,0,22,0,22,373,-1,-1,0.000000
11850,0,-1,-1,-1,-1,0,-1,-1,-1,-1.000000,-1.000000,107,0,0,0,0,0,-1,-1,-1,0.000000
11851,0,-1,-1,-1,-1,0,-1,-1,-1,-1.000000,-1.000000,135,0,0,0,0,0,-1,-1,-1,0.000000
11852,0,-1,-1,-1,-1,0,-1,-1,-1,-1.000000,-1.000000,147,0,0,0,0,0,-1,-1,-1,0.000000
11853,0,-1,-1,-1,-1,0,-1,-1,-1,-1.000000,-1.000000,225,0,0,0,0,0,-1,-1,-1,0.000000
11854,0,-1,-1,-1,-1,0,-1,-1,-1,-1.000000,-1.000000,241,0,0,0,0,0,-1,-1,-1,0.000000
11855,0,-1,-1,-1,-1,0,-1,-1,-1,-1.000000,-1.000000,360,0,0,0,0,0,-1,-1,-1,0.000000
11856,0,-1,-1,-1,-1,0,-1,-1,-1,-1.000000,-1.000000,379,0,0,0,0,0,-1,-1,-1,0.000000
11857,0,-1,-1,-1,-1,0,-1,-1,-1,-1.000000,-1.000000,103,0,0,0,0,0,-1,-1,-1,0.000000
11858,0,-1,-1,-1,-1,0,-1,-1,-1,-1.000000,-1.000000,107,0,0,0,0,0,-1,-1,-1,0.000000
11859,0,-1,-1,-1,-1,0,-1,-1,-1,-1.000000,-1.000000,260,0,0,0,0,0,-1,-1,-1,0.000000
11860,0,-1,-1,-1,-1,0,-1,-1,-1,-1.000000,-1.000000,159,0,0,0,0,0,-1,-1,-1,0.000000
11861,0,27,-1,-1,7634,51,59,3,4,0.000000,0.000000,69,96,0,39,0,39,27,-1,-1,0.000000
11862,0,-1,-1,-1,-1,0,-1,-1,-1,-1.000000,-1.000000,431,0,0,0,0,0,-1,-1,-1,0.000000
11863,0,-1,-1,-1,-1,0,-1,-1,-1,-1.000000,-1.000000,165,0,0,0,0,0,-1,-1,-1,0.000000
11864,0,-1,-1,-1,-1,0,-1,-1,-1,-1.000000,-1.000000,399,0,0,0,0,0,-1,-1,-1,0.000000
11865,0,-1,-1,-1,-1,0,-1,-1,-1,-1.000000,-1.000000,443,0,0,0,0,0,-1,-1,-1,0.000000
11866,0,-1,-1,-1,-1,0,-1,-1,-1,-1.000000,-1.000000,429,0,0,0,0,0,-1,-1,-1,0.000000
11867,0,-1,-1,-1,-1,0,-1,-1,-1,-1.000000,-1.000000,211,0,0,0,0,0,-1,-1,-1,0.000000
11868,0,25,-1,-1,5627,870,63,3,4,0.000000,0.000000,43,769,0,206,0,206,25,-1,-1,0.000000
11869,0,-1,-1,-1,-1,0,-1,-1,-1,-1.000000,-1.000000,434,0,0,0,0,0,-1,-1,-1,0.000000
11870,0,20,-1,-1,6636,703,67,3,4,0.000000,0.000000,15,785,0,194,0,194,20,-1,-1,0.000000
11871,0,-1,-1,-1,-1,0,-1,-1,-1,-1.000000,-1.000000,225,0,0,0,0,0,-1,-1,-1,0.000000
11872,0,29,-1,-1,5095,516,57,3,2,0.000000,0.000000,44,541,0,165,0,165,29,-1,-1,0.000000
11873,0,25,-1,-1,6891,448,61,3,4,0.000000,0.000000,77,611,0,157,0,157,25,-1,-1,0.000000
11874,0,-1,-1,-1,-1,0,-1,-1,-1,-1.000000,-1.000000,205,0,0,0,0,0,-1,-1,-1,0.000000
11875,0,-1,-1,-1,-1,0,-1,-1,-1,-1.000000,-1.000000,231,0,0,0,0,0,-1,-1,-1,0.000000
11876,0,-1,-1,-1,-1,0,-1,-1,-1,-1.000000,-1.000000,416,0,0,0,0,0,-1,-1,-1,0.000000
11877,0,-1,-1,-1,-1,0,-1,-1,-1,-1.000000,-1.000000,279,0,0,0,0,0,-1,-1,-1,0.000000
11878,0,-1,-1,-1,-1,0,-1,-1,-1,-1.000000,-1.000000,187,0,0,0,0,0,-1,-1,-1,0.000000
11879,0,29,-1,-1,7428,42,56,3,2,0.000000,0.000000,67,90,0,22,0,22,29,-1,-1,0.000000
11880,0,-1,-1,-1,-1,0,-1,-1,-1,-1.000000,-1.000000,339,0,0,0,0,0,-1,-1,-1,0.000000
11881,0,-1,-1,-1,-1,0,-1,-1,-1,-1.000000,-1.000000,440,0,0,0,0,0,-1,-1,-1,0.000000
11882,0,-1,-1,-1,-1,0,-1,-1,-1,-1.000000,-1.000000,435,0,0,0,0,0,-1,-1,-1,0.000000
11883,0,766,-1,-1,6487,0,14,3,4,0.000000,0.000000,32,4,0,1,0,1,766,-1,-1,0.000000
11884,0,-1,-1,-1,-1,0,-1,-1,-1,-1.000000,-1.000000,426,0,0,0,0,0,-1,-1,-1,0.000000
11885,0,127,-1,-1,7123,662,36,3,2,0.000000,0.000000,41,722,0,115,0,115,127,-1,-1,0.000000
11886,0,-1,-1,-1,-1,0,-1,-1,-1,-1.000000,-1.000000,169,0,0,0,0,0,-1,-1,-1,0.000000
11887,0,-1,-1,-1,-1,0,-1,-1,-1,-1.000000,-1.000000,166,0,0,0,0,0,-1,-1,-1,0.000000
11888,0,-1,-1,-1,-1,0,-1,-1,-1,-1.000000,-1.000000,113,0,0,0,0,0,-1,-1,-1,0.000000
11889,0,25,-1,-1,505,563,63,3,4,0.000000,0.000000,35,599,0,151,0,151,25,-1,-1,0.000000
11890,0,-1,-1,-1,-1,0,-1,-1,-1,-1.000000,-1.000000,143,0,0,0,0,0,-1,-1,-1,0.000000
11891,0,-1,-1,-1,-1,0,-1,-1,-1,-1.000000,-1.000000,399,0,0,0,0,0,-1,-1,-1,0.000000
11892,0,-1,-1,-1,-1,0,-1,-1,-1,-1.000000,-1.000000,137,0,0,0,0,0,-1,-1,-1,0.000000
11893,0,-1,-1,-1,-1,0,-1,-1,-1,-1.000000,-1.000000,295,0,0,0,0,0,-1,-1,-1,0.000000
11894,0,14,-1,-1,2129,566,68,3,2,0.000000,0.000000,41,722,0,261,0,261,14,-1,-1,0.000000
11895,0,41,-1,-1,7964,118,50,3,2,0.000000,0.000000,79,187,0,41,0,41,41,-1,-1,0.000000
11896,0,24,-1,-1,3413,390,65,3,4,0.000000,0.000000,45,453,0,127,0,127,24,-1,-1,0.000000
11897,0,-1,-1,-1,-1,0,-1,-1,-1,-1.000000,-1.000000,278,0,0,0,0,0,-1,-1,-1,0.000000
11898,0,-1,-1,-1,-1,0,-1,-1,-1,-1.000000,-1.000000,229,0,0,0,0,0,-1,-1,-1,0.000000
11899,0,-1,-1,-1,-1,0,-1,-1,-1,-1.000000,-1.000000,279,0,0,0,0,0,-1,-1,-1,0.000000
11900,0,-1,-1,-1,-1,0,-1,-1,-1,-1.000000,-1.000000,376,0,0,0,0,0,-1,-1,-1,0.000000
11901,0,-1,-1,-1,-1,0,-1,-1,-1,-1.000000,-1.000000,187,0,0,0,0,0,-1,-1,-1,0.000000
11902,0,-1,-1,-1,-1,0,-1,-1,-1,-1.000000,-1.000000,354,0,0,0,0,0,-1,-1,-1,0.000000
11903,0,-1,-1,-1,-1,0,-1,-1,-1,-1.000000,-1.000000,249,0,0,0,0,0,-1,-1,-1,0.000000
11904,0,-1,-1,-1,-1,0,-1,-1,-1,-1.000000,-1.000000,93,0,0,0,0,0,-1,-1,-1,0.000000
11905,0,-1,-1,-1,-1,0,-1,-1,-1,-1.000000,-1.000000,223,0,0,0,0,0,-1,-1,-1,0.000000
11906,0,59,-1,-1,6834,4,45,3,4,0.000000,0.000000,75,30,0,10,0,10,59,-1,-1,0.000000
11907,0,-1,-1,-1,-1,0,-1,-1,-1,-1.000000,-1.000000,387,0,0,0,0,0,-1,-1,-1,0.000000
11908,0,-1,-1,-1,-1,0,-1,-1,-1,-1.000000,-1.000000,91,0,0,0,0,0,-1,-1,-1,0.000000
11909,0,-1,-1,-1,-1,0,-1,-1,-1,-1.000000,-1.000000,183,0,0,0,0,0,-1,-1,-1,0.000000
11910,0,-1,-1,-1,-1,0,-1,-1,-1,-1.000000,-1.000000,273,0,0,0,0,0,-1,-1,-1,0.000000
11911,0,20,-1,-1,5930,726,67,3,4,0.000000,0.000000,33,757,0,215,0,215,20,-1,-1,0.000000
11912,0,-1,-1,-1,-1,0,-1,-1,-1,-1.000000,-1.000000,331,0,0,0,0,0,-1,-1,-1,0.000000
11913,0,-1,-1,-1,-1,0,-1,-1,-1,-1.000000,-1.000000,231,0,0,0,0,0,-1,-1,-1,0.000000
11914,0,-1,-1,-1,-1,0,-1,-1,-1,-1.000000,-1.000000,137,0,0,0,0,0,-1,-1,-1,0.000000
11915,0,-1,-1,-1,-1,0,-1,-1,-1,-1.000000,-1.000000,279,0,0,0,0,0,-1,-1,-1,0.000000
11916,0,-1,-1,-1,-1,0,-1,-1,-1,-1.000000,-1.000000,315,0,0,0,0,0,-1,-1,-1,0.000000
11917,0,-1,-1,-1,-1,0,-1,-1,-1,-1.000000,-1.000000,409,0,0,0,0,0,-1,-1,-1,0.000000
11918,0,21,-1,-1,3214,755,66,3,2,0.000000,0.000000,13,762,0,217,0,217,21,-1,-1,0.000000
11919,0,-1,-1,-1,-1,0,-1,-1,-1,-1.000000,-1.000000,177,0,0,0,0,0,-1,-1,-1,0.000000
11920,0,66,-1,-1,5902,81,43,3,4,0.000000,0.000000,71,182,0,55,0,55,66,-1,-1,0.000000
11921,0,33,-1,-1,1311,63,54,3,2,0.000000,0.000000,63,117,0,36,0,36,33,-1,-1,0.000000
11922,0,-1,-1,-1,-1,0,-1,-1,-1,-1.000000,-1.000000,335,0,0,0,0,0,-1,-1,-1,0.000000
11923,0,-1,-1,-1,-1,0,-1,-1,-1,-1.000000,-1.000000,100,0,0,0,0,0,-1,-1,-1,0.000000
11924,0,-1,-1,-1,-1,0,-1,-1,-1,-1.000000,-1.000000,249,0,0,0,0,0,-1,-1,-1,0.000000
11925,0,-1,-1,-1,-1,0,-1,-1,-1,-1.000000,-1.000000,136,0,0,0,0,0,-1,-1,-1,0.000000
11926,0,26,-1,-1,4741,476,64,3,2,0.000000,0.000000,33,516,0,136,0,136,26,-1,-1,0.000000
11927,0,-1,-1,-1,-1,0,-1,-1,-1,-1.000000,-1.000000,179,0,0,0,0,0,-1,-1,-1,0.000000
11928,0,-1,-1,-1,-1,0,-1,-1,-1,-1.000000,-1.000000,433,0,0,0,0,0,-1,-1,-1,0.000000
11929,0,107,-1,-1,291,1,37,3,4,0.000000,0.000000,87,5,0,3,0,3,107,-1,-1,0.000000
11930,0,76,-1,-1,6605,0,41,3,4,0.000000,0.000000,89,0,0,1,0,1,76,-1,-1,0.000000
11931,0,-1,-1,-1,-1,0,-1,-1,-1,-1.000000,-1.000000,379,0,0,0,0,0,-1,-1,-1,0.000000
11932,0,-1,-1,-1,-1,0,-1,-1,-1,-1.000000,-1.000000,147,0,0,0,0,0,-1,-1,-1,0.000000
11933,0,-1,-1,-1,-1,0,-1,-1,-1,-1.000000,-1.000000,287,0,0,0,0,0,-1,-1,-1,0.000000
11934,0,-1,-1,-1,-1,0,-1,-1,-1,-1.000000,-1.000000,107,0,0,0,0,0,-1,-1,-1,0.000000
11935,0,608,-1,-1,4661,0,18,3,4,0.000000,0.000000,132,1,0,0,0,0,608,-1,-1,0.000000
11936,0,-1,-1,-1,-1,0,-1,-1,-1,-1.000000,-1.000000,303,0,0,0,0,0,-1,-1,-1,0.000000
11937,0,-1,-1,-1,-1,0,-1,-1,-1,-1.000000,-1.000000,283,0,0,0,0,0,-1,-1,-1,0.000000
11938,0,-1,-1,-1,-1,0,-1,-1,-1,-1.000000,-1.000000,197,0,0,0,0,0,-1,-1,-1,0.000000
11939,0,-1,-1,-1,-1,0,-1,-1,-1,-1.000000,-1.000000,55,0,0,0,0,0,-1,-1,-1,0.000000
11940,0,209,-1,-1,3062,2,30,3,4,0.000000,0.000000,82,12,0,2,0,2,209,-1,-1,0.000000
11941,0,2,-1,-1,5129,650,69,3,4,0.000000,0.000000,15,764,0,225,0,225,2,-1,-1,0.000000
11942,0,-1,-1,-1,-1,0,-1,-1,-1,-1.000000,-1.000000,445,0,0,0,0,0,-1,-1,-1,0.000000
11943,0,-1,-1,-1,-1,0,-1,-1,-1,-1.000000,-1.000000,408,0,0,0,0,0,-1,-1,-1,0.000000
11944,0,30,-1,-1,363,749,59,3,4,0.000000,0.000000,41,711,0,160,0,160,30,-1,-1,0.000000
11945,0,-1,-1,-1,-1,0,-1,-1,-1,-1.000000,-1.000000,195,0,0,0,0,0,-1,-1,-1,0.000000
11946,0,-1,-1,-1,-1,0,-1,-1,-1,-1.000000,-1.000000,251,0,0,0,0,0,-1,-1,-1,0.000000
11947,0,-1,-1,-1,-1,0,-1,-1,-1,-1.000000,-1.000000,163,0,0,0,0,0,-1,-1,-1,0.000000
11948,0,-1,-1,-1,-1,0,-1,-1,-1,-1.000000,-1.000000,295,0,0,0,0,0,-1,-1,-1,0.000000
11949,0,24,-1,-1,7183,722,64,3,2,0.000000,0.000000,53,680,0,218,0,218,24,-1,-1,0.000000
11950,0,-1,-1,-1,-1,0,-1,-1,-1,-1.000000,-1.000000,453,0,0,0,0,0,-1,-1,-1,0.000000
11951,0,-1,-1,-1,-1,0,-1,-1,-1,-1.000000,-1.000000,331,0,0,0,0,0,-1,-1,-1,0.000000
11952,0,-1,-1,-1,-1,0,-1,-1,-1,-1.000000,-1.000000,311,0,0,0,0,0,-1,-1,-1,0.000000
11953,0,-1,-1,-1,-1,0,-1,-1,-1,-1.000000,-1.000000,231,0,0,0,0,0,-1,-1,-1,0.000000
11954,0,-1,-1,-1,-1,0,-1,-1,-1,-1.000000,-1.000000,399,0,0,0,0,0,-1,-1,-1,0.000000
11955,0,-1,-1,-1,-1,0,-1,-1,-1,-1.000000,-1.000000,468,0,0,0,0,0,-1,-1,-1,0.000000
11956,0,-1,-1,-1,-1,0,-1,-1,-1,-1.000000,-1.000000,457,0,0,0,0,0,-1,-1,-1,0.000000
11957,0,58,-1,-1,2126,294,45,3,4,0.000000,0.000000,51,377,0,112,0,112,58,-1,-1,0.000000
11958,0,-1,-1,-1,-1,0,-1,-1,-1,-1.000000,-1.000000,189,0,0,0,0,0,-1,-1,-1,0.000000
11959,0,-1,-1,-1,-1,0,-1,-1,-1,-1.000000,-1.000000,507,0,0,0,0,0,-1,-1,-1,0.000000
11960,0,-1,-1,-1,-1,0,-1,-1,-1,-1.000000,-1.000000,151,0,0,0,0,0,-1,-1,-1,0.000000
11961,0,-1,-1,-1,-1,0,-1,-1,-1,-1.000000,-1.000000,95,0,0,0,0,0,-1,-1,-1,0.000000
11962,0,48,-1,-1,7856,78,48,3,2,0.000000,0.000000,63,122,0,45,0,45,48,-1,-1,0.000000
11963,0,-1,-1,-1,-1,0,-1,-1,-1,-1.000000,-1.000000,297,0,0,0,0,0,-1,-1,-1,0.000000
11964,0,-1,-1,-1,-1,0,-1,-1,-1,-1.000000,-1.000000,299,0,0,0,0,0,-1,-1,-1,0.000000
11965,0,-1,-1,-1,-1,0,-1,-1,-1,-1.000000,-1.000000,175,0,0,0,0,0,-1,-1,-1,0.000000
11966,0,-1,-1,-1,-1,0,-1,-1,-1,-1.000000,-1.000000,272,0,0,0,0,0,-1,-1,-1,0.000000
11967,0,-1,-1,-1,-1,0,-1,-1,-1,-1.000000,-1.000000,235,0,0,0,0,0,-1,-1,-1,0.000000
11968,0,-1,-1,-1,-1,0,-1,-1,-1,-1.000000,-1.000000,297,0,0,0,0,0,-1,-1,-1,0.000000
11969,0,-1,-1,-1,-1,0,-1,-1,-1,-1.000000,-1.000000,81,0,0,0,0,0,-1,-1,-1,0.000000
11970,0,-1,-1,-1,-1,0,-1,-1,-1,-1.000000,-1.000000,67,0,0,0,0,0,-1,-1,-1,0.000000
11971,0,-1,-1,-1,-1,0,-1,-1,-1,-1.000000,-1.000000,105,0,0,0,0,0,-1,-1,-1,0.000000
11972,0,-1,-1,-1,-1,0,-1,-1,-1,-1.000000,-1.000000,197,0,0,0,0,0,-1,-1,-1,0.000000
11973,0,-1,-1,-1,-1,0,-1,-1,-1,-1.000000,-1.000000,123,0,0,0,0,0,-1,-1,-1,0.000000
11974,0,-1,-1,-1,-1,0,-1,-1,-1,-1.000000,-1.000000,359,0,0,0,0,0,-1,-1,-1,0.000000
11975,0,-1,-1,-1,-1,0,-1,-1,-1,-1.000000,-1.000000,169,0,0,0,0,0,-1,-1,-1,0.000000
11976,0,-1,-1,-1,-1,0,-1,-1,-1,-1.000000,-1.000000,247,0,0,0,0,0,-1,-1,-1,0.000000
11977,0,294,-1,-1,2592,0,24,3,2,0.000000,0.000000,113,3,0,0,0,0,294,-1,-1,0.000000
11978,0,-1,-1,-1,-1,0,-1,-1,-1,-1.000000,-1.000000,283,0,0,0,0,0,-1,-1,-1,0.000000
11979,0,-1,-1,-1,-1,0,-1,-1,-1,-1.000000,-1.000000,325,0,0,0,0,0,-1,-1,-1,0.000000
11980,0,196,-1,-1,1785,46,29,3,2,0.000000,0.000000,90,115,0,29,0,29,196,-1,-1,0.000000
11981,0,-1,-1,-1,-1,0,-1,-1,-1,-1.000000,-1.000000,89,0,0,0,0,0,-1,-1,-1,0.000000
11982,0,23,-1,-1,4767,516,64,3,2,0.000000,0.000000,17,649,0,328,0,328,23,-1,-1,0.000000
11983,0,-1,-1,-1,-1,0,-1,-1,-1,-1.000000,-1.000000,231,0,0,0,0,0,-1,-1,-1,0.000000
11984,0,-1,-1,-1,-1,0,-1,-1,-1,-1.000000,-1.000000,189,0,0,0,0,0,-1,-1,-1,0.000000
11985,0,-1,-1,-1,-1,0,-1,-1,-1,-1.000000,-1.000000,311,0,0,0,0,0,-1,-1,-1,0.000000
11986,0,19,-1,-1,1310,662,67,3,4,0.000000,0.000000,35,759,0,218,0,218,19,-1,-1,0.000000
11987,0,-1,-1,-1,-1,0,-1,-1,-1,-1.000000,-1.000000,107,0,0,0,0,0,-1,-1,-1,0.000000
11988,0,-1,-1,-1,-1,0,-1,-1,-1,-1.000000,-1.000000,225,0,0,0,0,0,-1,-1,-1,0.000000
11989,0,-1,-1,-1,-1,0,-1,-1,-1,-1.000000,-1.000000,141,0,0,0,0,0,-1,-1,-1,0.000000
11990,0,-1,-1,-1,-1,0,-1,-1,-1,-1.000000,-1.000000,139,0,0,0,0,0,-1,-1,-1,0.000000
11991,0,28,-1,-1,707,202,58,3,2,0.000000,0.000000,67,313,0,114,0,114,28,-1,-1,0.000000
11992,0,-1,-1,-1,-1,0,-1,-1,-1,-1.000000,-1.000000,385,0,0,0,0,0,-1,-1,-1,0.000000
11993,0,-1,-1,-1,-1,0,-1,-1,-1,-1.000000,-1.000000,237,0,0,0,0,0,-1,-1,-1,0.000000
11994,0,29,-1,-1,1539,418,57,3,4,0.000000,0.000000,77,519,0,120,0,120,29,-1,-1,0.000000
11995,0,-1,-1,-1,-1,0,-1,-1,-1,-1.000000,-1.000000,101,0,0,0,0,0,-1,-1,-1,0.000000
11996,0,-1,-1,-1,-1,0,-1,-1,-1,-1.000000,-1.000000,278,0,0,0,0,0,-1,-1,-1,0.000000
11997,0,-1,-1,-1,-1,0,-1,-1,-1,-1.000000,-1.000000,259,0,0,0,0,0,-1,-1,-1,0.000000
11998,0,-1,-1,-1,-1,0,-1,-1,-1,-1.000000,-1.000000,123,0,0,0,0,0,-1,-1,-1,0.000000
11999,0,26,-1,-1,2342,716,62,3,2,0.000000,0.000000,33,723,0,183,0,183,26,-1,-1,0.000000
