Running f10_n50_flow-unit_seed0
current timestep 0
num of flexible agents: 50
num of flexible tasks: 10
Solving time: 0.0005626 seconds
plan limit 980
current timestep 1
num of flexible agents: 47
num of flexible tasks: 17
Solving time: 0.0005557 seconds
plan limit 980
current timestep 2
num of flexible agents: 47
num of flexible tasks: 27
Solving time: 0.0005857 seconds
plan limit 980
current timestep 3
num of flexible agents: 43
num of flexible tasks: 33
Solving time: 0.0006141 seconds
plan limit 980
current timestep 4
num of flexible agents: 41
num of flexible tasks: 41
Solving time: 0.0007854 seconds
plan limit 979
current timestep 5
num of flexible agents: 39
num of flexible tasks: 49
Solving time: 0.0005994 seconds
plan limit 980
current timestep 6
num of flexible agents: 33
num of flexible tasks: 53
Solving time: 0.0005737 seconds
plan limit 980
current timestep 7
num of flexible agents: 27
num of flexible tasks: 57
Solving time: 0.0007978 seconds
plan limit 979
current timestep 8
num of flexible agents: 20
num of flexible tasks: 60
Solving time: 0.0004957 seconds
plan limit 980
current timestep 9
num of flexible agents: 10
num of flexible tasks: 60
Solving time: 0.0004103 seconds
plan limit 980
current timestep 10
num of flexible agents: 6
num of flexible tasks: 66
Solving time: 0.0004273 seconds
plan limit 980
current timestep 11
num of flexible agents: 5
num of flexible tasks: 75
Solving time: 0.0004882 seconds
plan limit 980
current timestep 12
num of flexible agents: 5
num of flexible tasks: 83
Solving time: 0.0003834 seconds
plan limit 980
current timestep 13
num of flexible agents: 4
num of flexible tasks: 91
Solving time: 0.0003515 seconds
plan limit 980
current timestep 14
num of flexible agents: 4
num of flexible tasks: 100
Solving time: 0.0003814 seconds
plan limit 980
current timestep 15
num of flexible agents: 3
num of flexible tasks: 107
Solving time: 0.0009412 seconds
plan limit 979
current timestep 16
num of flexible agents: 2
num of flexible tasks: 116
Solving time: 0.000946 seconds
plan limit 979
current timestep 17
num of flexible agents: 3
num of flexible tasks: 126
Solving time: 0.0009608 seconds
plan limit 979
current timestep 18
num of flexible agents: 2
num of flexible tasks: 134
Solving time: 0.0009127 seconds
plan limit 979
current timestep 19
num of flexible agents: 1
num of flexible tasks: 142
Solving time: 0.0006806 seconds
plan limit 980
current timestep 20
num of flexible agents: 4
num of flexible tasks: 152
Solving time: 0.0003735 seconds
plan limit 980
current timestep 21
num of flexible agents: 2
num of flexible tasks: 159
Solving time: 0.0009728 seconds
plan limit 979
current timestep 22
num of flexible agents: 4
num of flexible tasks: 168
Solving time: 0.0003986 seconds
plan limit 980
current timestep 23
num of flexible agents: 4
num of flexible tasks: 176
Solving time: 0.000408 seconds
plan limit 980
current timestep 24
num of flexible agents: 2
num of flexible tasks: 183
Solving time: 0.0008696 seconds
plan limit 979
current timestep 25
num of flexible agents: 2
num of flexible tasks: 192
Solving time: 0.0008859 seconds
plan limit 979
current timestep 26
num of flexible agents: 6
num of flexible tasks: 201
Solving time: 0.0003861 seconds
plan limit 980
current timestep 27
num of flexible agents: 5
num of flexible tasks: 207
Solving time: 0.000389 seconds
plan limit 980
current timestep 28
num of flexible agents: 3
num of flexible tasks: 214
Solving time: 0.0009403 seconds
plan limit 979
current timestep 29
num of flexible agents: 3
num of flexible tasks: 223
Solving time: 0.000943 seconds
plan limit 979
current timestep 30
num of flexible agents: 2
num of flexible tasks: 230
Solving time: 0.0008722 seconds
plan limit 979
current timestep 31
num of flexible agents: 2
num of flexible tasks: 239
Solving time: 0.0009189 seconds
plan limit 979
current timestep 32
num of flexible agents: 3
num of flexible tasks: 248
Solving time: 0.0009493 seconds
plan limit 979
current timestep 33
num of flexible agents: 1
num of flexible tasks: 255
Solving time: 0.0006432 seconds
plan limit 980
current timestep 34
num of flexible agents: 3
num of flexible tasks: 264
Solving time: 0.000907 seconds
plan limit 979
current timestep 35
num of flexible agents: 0
num of flexible tasks: 271
Solving time: 0.0003249 seconds
plan limit 980
current timestep 36
num of flexible agents: 1
num of flexible tasks: 281
Solving time: 0.0007198 seconds
plan limit 979
current timestep 37
num of flexible agents: 1
num of flexible tasks: 290
Solving time: 0.0007172 seconds
plan limit 979
current timestep 38
num of flexible agents: 3
num of flexible tasks: 299
Solving time: 0.0008914 seconds
plan limit 979
current timestep 39
num of flexible agents: 4
num of flexible tasks: 306
Solving time: 0.0011669 seconds
plan limit 979
current timestep 40
num of flexible agents: 2
num of flexible tasks: 313
Solving time: 0.0008041 seconds
plan limit 979
current timestep 41
num of flexible agents: 6
num of flexible tasks: 321
Solving time: 0.0010345 seconds
plan limit 979
current timestep 42
num of flexible agents: 6
num of flexible tasks: 327
Solving time: 0.001341 seconds
plan limit 979
current timestep 43
num of flexible agents: 5
num of flexible tasks: 334
Solving time: 0.0009649 seconds
plan limit 979
current timestep 44
num of flexible agents: 2
num of flexible tasks: 340
Solving time: 0.0008147 seconds
plan limit 979
current timestep 45
num of flexible agents: 1
num of flexible tasks: 348
Solving time: 0.0007029 seconds
plan limit 979
current timestep 46
num of flexible agents: 3
num of flexible tasks: 357
Solving time: 0.000915 seconds
plan limit 979
current timestep 47
num of flexible agents: 2
num of flexible tasks: 364
Solving time: 0.0007967 seconds
plan limit 979
current timestep 48
num of flexible agents: 1
num of flexible tasks: 372
Solving time: 0.0005667 seconds
plan limit 980
current timestep 49
num of flexible agents: 2
num of flexible tasks: 381
Solving time: 0.0008109 seconds
plan limit 979
current timestep 50
num of flexible agents: 4
num of flexible tasks: 379
Solving time: 0.0009845 seconds
plan limit 979
current timestep 51
num of flexible agents: 2
num of flexible tasks: 376
Solving time: 0.0008058 seconds
plan limit 979
current timestep 52
num of flexible agents: 4
num of flexible tasks: 375
Solving time: 0.0009955 seconds
plan limit 979
current timestep 53
num of flexible agents: 4
num of flexible tasks: 373
Solving time: 0.0010199 seconds
plan limit 979
current timestep 54
num of flexible agents: 4
num of flexible tasks: 370
Solving time: 0.0011774 seconds
plan limit 979
current timestep 55
num of flexible agents: 4
num of flexible tasks: 367
Solving time: 0.0009843 seconds
plan limit 979
current timestep 56
num of flexible agents: 2
num of flexible tasks: 365
Solving time: 0.0008347 seconds
plan limit 979
current timestep 57
num of flexible agents: 2
num of flexible tasks: 363
Solving time: 0.0008393 seconds
plan limit 979
current timestep 58
num of flexible agents: 3
num of flexible tasks: 361
Solving time: 0.0009297 seconds
plan limit 979
current timestep 59
num of flexible agents: 4
num of flexible tasks: 359
Solving time: 0.000987 seconds
plan limit 979
current timestep 60
num of flexible agents: 0
num of flexible tasks: 355
Solving time: 0.0003121 seconds
plan limit 980
current timestep 61
num of flexible agents: 3
num of flexible tasks: 355
Solving time: 0.0009082 seconds
plan limit 979
current timestep 62
num of flexible agents: 0
num of flexible tasks: 352
Solving time: 0.0002997 seconds
plan limit 980
current timestep 63
num of flexible agents: 2
num of flexible tasks: 352
Solving time: 0.0008064 seconds
plan limit 979
current timestep 64
num of flexible agents: 2
num of flexible tasks: 350
Solving time: 0.0008128 seconds
plan limit 979
current timestep 65
num of flexible agents: 1
num of flexible tasks: 348
Solving time: 0.0005 seconds
plan limit 980
current timestep 66
num of flexible agents: 4
num of flexible tasks: 347
Solving time: 0.0009841 seconds
plan limit 979
current timestep 67
num of flexible agents: 3
num of flexible tasks: 345
Solving time: 0.0008639 seconds
plan limit 979
current timestep 68
num of flexible agents: 3
num of flexible tasks: 342
Solving time: 0.0008554 seconds
plan limit 979
current timestep 69
num of flexible agents: 2
num of flexible tasks: 339
Solving time: 0.0008052 seconds
plan limit 979
current timestep 70
num of flexible agents: 3
num of flexible tasks: 337
Solving time: 0.0008542 seconds
plan limit 979
current timestep 71
num of flexible agents: 3
num of flexible tasks: 334
Solving time: 0.0009463 seconds
plan limit 979
current timestep 72
num of flexible agents: 3
num of flexible tasks: 331
Solving time: 0.0008662 seconds
plan limit 979
current timestep 73
num of flexible agents: 6
num of flexible tasks: 329
Solving time: 0.0010606 seconds
plan limit 979
current timestep 74
num of flexible agents: 4
num of flexible tasks: 324
Solving time: 0.0009785 seconds
plan limit 979
current timestep 75
num of flexible agents: 2
num of flexible tasks: 321
Solving time: 0.0009153 seconds
plan limit 979
current timestep 76
num of flexible agents: 1
num of flexible tasks: 319
Solving time: 0.000726 seconds
plan limit 979
current timestep 77
num of flexible agents: 4
num of flexible tasks: 318
Solving time: 0.0010822 seconds
plan limit 979
current timestep 78
num of flexible agents: 7
num of flexible tasks: 318
Solving time: 0.0005195 seconds
plan limit 980
current timestep 79
num of flexible agents: 6
num of flexible tasks: 314
Solving time: 0.0010123 seconds
plan limit 979
current timestep 80
num of flexible agents: 4
num of flexible tasks: 311
Solving time: 0.0009889 seconds
plan limit 979
current timestep 81
num of flexible agents: 5
num of flexible tasks: 309
Solving time: 0.0010368 seconds
plan limit 979
current timestep 82
num of flexible agents: 1
num of flexible tasks: 305
Solving time: 0.0005593 seconds
plan limit 980
current timestep 83
num of flexible agents: 3
num of flexible tasks: 305
Solving time: 0.0008789 seconds
plan limit 979
current timestep 84
num of flexible agents: 6
num of flexible tasks: 303
Solving time: 0.0010508 seconds
plan limit 979
current timestep 85
num of flexible agents: 2
num of flexible tasks: 298
Solving time: 0.0009994 seconds
plan limit 979
current timestep 86
num of flexible agents: 3
num of flexible tasks: 296
Solving time: 0.000946 seconds
plan limit 979
current timestep 87
num of flexible agents: 4
num of flexible tasks: 294
Solving time: 0.0009468 seconds
plan limit 979
current timestep 88
num of flexible agents: 3
num of flexible tasks: 292
Solving time: 0.0008692 seconds
plan limit 979
current timestep 89
num of flexible agents: 1
num of flexible tasks: 289
Solving time: 0.000727 seconds
plan limit 979
current timestep 90
num of flexible agents: 0
num of flexible tasks: 288
Solving time: 0.0003038 seconds
plan limit 980
current timestep 91
num of flexible agents: 1
num of flexible tasks: 288
Solving time: 0.0003165 seconds
plan limit 980
current timestep 92
num of flexible agents: 1
num of flexible tasks: 287
Solving time: 0.0005666 seconds
plan limit 980
current timestep 93
num of flexible agents: 3
num of flexible tasks: 287
Solving time: 0.0008842 seconds
plan limit 979
current timestep 94
num of flexible agents: 3
num of flexible tasks: 285
Solving time: 0.0008712 seconds
plan limit 979
current timestep 95
num of flexible agents: 5
num of flexible tasks: 283
Solving time: 0.0010403 seconds
plan limit 979
current timestep 96
num of flexible agents: 7
num of flexible tasks: 280
Solving time: 0.0004006 seconds
plan limit 980
current timestep 97
num of flexible agents: 4
num of flexible tasks: 276
Solving time: 0.0009133 seconds
plan limit 979
current timestep 98
num of flexible agents: 4
num of flexible tasks: 274
Solving time: 0.0009649 seconds
plan limit 979
current timestep 99
num of flexible agents: 4
num of flexible tasks: 271
Solving time: 0.0009245 seconds
plan limit 979
current timestep 100
num of flexible agents: 4
num of flexible tasks: 267
Solving time: 0.0009369 seconds
plan limit 979
current timestep 101
num of flexible agents: 1
num of flexible tasks: 264
Solving time: 0.0003812 seconds
plan limit 980
current timestep 102
num of flexible agents: 3
num of flexible tasks: 264
Solving time: 0.0008681 seconds
plan limit 979
current timestep 103
num of flexible agents: 2
num of flexible tasks: 262
Solving time: 0.000835 seconds
plan limit 979
current timestep 104
num of flexible agents: 5
num of flexible tasks: 260
Solving time: 0.0010299 seconds
plan limit 979
current timestep 105
num of flexible agents: 4
num of flexible tasks: 257
Solving time: 0.0009554 seconds
plan limit 979
current timestep 106
num of flexible agents: 5
num of flexible tasks: 254
Solving time: 0.0010366 seconds
plan limit 979
current timestep 107
num of flexible agents: 3
num of flexible tasks: 250
Solving time: 0.0008494 seconds
plan limit 979
current timestep 108
num of flexible agents: 0
num of flexible tasks: 247
Solving time: 0.0003159 seconds
plan limit 980
current timestep 109
num of flexible agents: 0
num of flexible tasks: 247
Solving time: 0.0003068 seconds
plan limit 980
current timestep 110
num of flexible agents: 6
num of flexible tasks: 247
Solving time: 0.0003781 seconds
plan limit 980
current timestep 111
num of flexible agents: 1
num of flexible tasks: 242
Solving time: 0.0007481 seconds
plan limit 979
current timestep 112
num of flexible agents: 1
num of flexible tasks: 241
Solving time: 0.0005934 seconds
plan limit 980
current timestep 113
num of flexible agents: 1
num of flexible tasks: 240
Solving time: 0.0004838 seconds
plan limit 980
current timestep 114
num of flexible agents: 3
num of flexible tasks: 240
Solving time: 0.0008457 seconds
plan limit 979
current timestep 115
num of flexible agents: 4
num of flexible tasks: 239
Solving time: 0.0009513 seconds
plan limit 979
current timestep 116
num of flexible agents: 4
num of flexible tasks: 238
Solving time: 0.0010389 seconds
plan limit 979
current timestep 117
num of flexible agents: 4
num of flexible tasks: 235
Solving time: 0.0009623 seconds
plan limit 979
current timestep 118
num of flexible agents: 4
num of flexible tasks: 233
Solving time: 0.0009622 seconds
plan limit 979
current timestep 119
num of flexible agents: 5
num of flexible tasks: 230
Solving time: 0.0010105 seconds
plan limit 979
current timestep 120
num of flexible agents: 5
num of flexible tasks: 228
Solving time: 0.0010088 seconds
plan limit 979
current timestep 121
num of flexible agents: 5
num of flexible tasks: 225
Solving time: 0.0010129 seconds
plan limit 979
current timestep 122
num of flexible agents: 1
num of flexible tasks: 221
Solving time: 0.0006363 seconds
plan limit 980
current timestep 123
num of flexible agents: 7
num of flexible tasks: 221
Solving time: 0.000379 seconds
plan limit 980
current timestep 124
num of flexible agents: 2
num of flexible tasks: 216
Solving time: 0.0008598 seconds
plan limit 979
current timestep 125
num of flexible agents: 3
num of flexible tasks: 215
Solving time: 0.0009131 seconds
plan limit 979
current timestep 126
num of flexible agents: 6
num of flexible tasks: 214
Solving time: 0.000393 seconds
plan limit 980
current timestep 127
num of flexible agents: 7
num of flexible tasks: 212
Solving time: 0.0003853 seconds
plan limit 980
current timestep 128
num of flexible agents: 7
num of flexible tasks: 207
Solving time: 0.0004123 seconds
plan limit 980
current timestep 129
num of flexible agents: 6
num of flexible tasks: 203
Solving time: 0.0005251 seconds
plan limit 980
current timestep 130
num of flexible agents: 4
num of flexible tasks: 200
Solving time: 0.0010235 seconds
plan limit 979
current timestep 131
num of flexible agents: 3
num of flexible tasks: 197
Solving time: 0.0010444 seconds
plan limit 979
current timestep 132
num of flexible agents: 7
num of flexible tasks: 196
Solving time: 0.0003979 seconds
plan limit 980
current timestep 133
num of flexible agents: 5
num of flexible tasks: 193
Solving time: 0.0011678 seconds
plan limit 979
current timestep 134
num of flexible agents: 6
num of flexible tasks: 192
Solving time: 0.0003808 seconds
plan limit 980
current timestep 135
num of flexible agents: 3
num of flexible tasks: 189
Solving time: 0.0009203 seconds
plan limit 979
current timestep 136
num of flexible agents: 1
num of flexible tasks: 186
Solving time: 0.000757 seconds
plan limit 979
current timestep 137
num of flexible agents: 3
num of flexible tasks: 186
Solving time: 0.0010757 seconds
plan limit 979
current timestep 138
num of flexible agents: 6
num of flexible tasks: 185
Solving time: 0.0003617 seconds
plan limit 980
current timestep 139
num of flexible agents: 4
num of flexible tasks: 181
Solving time: 0.0009547 seconds
plan limit 979
current timestep 140
num of flexible agents: 5
num of flexible tasks: 179
Solving time: 0.001012 seconds
plan limit 979
current timestep 141
num of flexible agents: 6
num of flexible tasks: 176
Solving time: 0.0004006 seconds
plan limit 980
current timestep 142
num of flexible agents: 2
num of flexible tasks: 172
Solving time: 0.0008484 seconds
plan limit 979
current timestep 143
num of flexible agents: 3
num of flexible tasks: 171
Solving time: 0.0009583 seconds
plan limit 979
current timestep 144
num of flexible agents: 5
num of flexible tasks: 171
Solving time: 0.00102 seconds
plan limit 979
current timestep 145
num of flexible agents: 6
num of flexible tasks: 168
Solving time: 0.0003866 seconds
plan limit 980
current timestep 146
num of flexible agents: 5
num of flexible tasks: 165
Solving time: 0.0010262 seconds
plan limit 979
current timestep 147
num of flexible agents: 4
num of flexible tasks: 162
Solving time: 0.0010077 seconds
plan limit 979
current timestep 148
num of flexible agents: 1
num of flexible tasks: 159
Solving time: 0.0007059 seconds
plan limit 979
current timestep 149
num of flexible agents: 4
num of flexible tasks: 159
Solving time: 0.0010162 seconds
plan limit 979
current timestep 150
num of flexible agents: 6
num of flexible tasks: 158
Solving time: 0.0003921 seconds
plan limit 980
current timestep 151
num of flexible agents: 5
num of flexible tasks: 155
Solving time: 0.0010498 seconds
plan limit 979
current timestep 152
num of flexible agents: 2
num of flexible tasks: 151
Solving time: 0.0008634 seconds
plan limit 979
current timestep 153
num of flexible agents: 5
num of flexible tasks: 150
Solving time: 0.0010496 seconds
plan limit 979
current timestep 154
num of flexible agents: 8
num of flexible tasks: 148
Solving time: 0.0003588 seconds
plan limit 980
current timestep 155
num of flexible agents: 7
num of flexible tasks: 145
Solving time: 0.0003904 seconds
plan limit 980
current timestep 156
num of flexible agents: 5
num of flexible tasks: 142
Solving time: 0.0010573 seconds
plan limit 979
current timestep 157
num of flexible agents: 1
num of flexible tasks: 138
Solving time: 0.0005538 seconds
plan limit 980
current timestep 158
num of flexible agents: 1
num of flexible tasks: 138
Solving time: 0.0005988 seconds
plan limit 980
current timestep 159
num of flexible agents: 3
num of flexible tasks: 137
Solving time: 0.0009648 seconds
plan limit 979
current timestep 160
num of flexible agents: 4
num of flexible tasks: 136
Solving time: 0.0009905 seconds
plan limit 979
current timestep 161
num of flexible agents: 4
num of flexible tasks: 133
Solving time: 0.0009762 seconds
plan limit 979
current timestep 162
num of flexible agents: 3
num of flexible tasks: 132
Solving time: 0.0009546 seconds
plan limit 979
current timestep 163
num of flexible agents: 7
num of flexible tasks: 132
Solving time: 0.0003825 seconds
plan limit 980
current timestep 164
num of flexible agents: 8
num of flexible tasks: 127
Solving time: 0.0003919 seconds
plan limit 980
current timestep 165
num of flexible agents: 5
num of flexible tasks: 124
Solving time: 0.0010229 seconds
plan limit 979
current timestep 166
num of flexible agents: 7
num of flexible tasks: 122
Solving time: 0.0003917 seconds
plan limit 980
current timestep 167
num of flexible agents: 6
num of flexible tasks: 120
Solving time: 0.0004159 seconds
plan limit 980
current timestep 168
num of flexible agents: 9
num of flexible tasks: 118
Solving time: 0.0003996 seconds
plan limit 980
current timestep 169
num of flexible agents: 7
num of flexible tasks: 114
Solving time: 0.0003943 seconds
plan limit 980
current timestep 170
num of flexible agents: 6
num of flexible tasks: 108
Solving time: 0.0003862 seconds
plan limit 980
current timestep 171
num of flexible agents: 5
num of flexible tasks: 107
Solving time: 0.0010226 seconds
plan limit 979
current timestep 172
num of flexible agents: 4
num of flexible tasks: 105
Solving time: 0.0010318 seconds
plan limit 979
current timestep 173
num of flexible agents: 4
num of flexible tasks: 104
Solving time: 0.0009978 seconds
plan limit 979
current timestep 174
num of flexible agents: 6
num of flexible tasks: 103
Solving time: 0.0003721 seconds
plan limit 980
current timestep 175
num of flexible agents: 5
num of flexible tasks: 100
Solving time: 0.0010407 seconds
plan limit 979
current timestep 176
num of flexible agents: 3
num of flexible tasks: 98
Solving time: 0.001045 seconds
plan limit 979
current timestep 177
num of flexible agents: 5
num of flexible tasks: 97
Solving time: 0.0009942 seconds
plan limit 979
current timestep 178
num of flexible agents: 5
num of flexible tasks: 95
Solving time: 0.0009693 seconds
plan limit 979
current timestep 179
num of flexible agents: 7
num of flexible tasks: 95
Solving time: 0.0003137 seconds
plan limit 980
current timestep 180
num of flexible agents: 6
num of flexible tasks: 92
Solving time: 0.0004238 seconds
plan limit 980
current timestep 181
num of flexible agents: 6
num of flexible tasks: 91
Solving time: 0.0003483 seconds
plan limit 980
current timestep 182
num of flexible agents: 4
num of flexible tasks: 88
Solving time: 0.0009902 seconds
plan limit 979
current timestep 183
num of flexible agents: 4
num of flexible tasks: 86
Solving time: 0.0009481 seconds
plan limit 979
current timestep 184
num of flexible agents: 3
num of flexible tasks: 85
Solving time: 0.0008876 seconds
plan limit 979
current timestep 185
num of flexible agents: 7
num of flexible tasks: 85
Solving time: 0.0003605 seconds
plan limit 980
current timestep 186
num of flexible agents: 9
num of flexible tasks: 85
Solving time: 0.0003472 seconds
plan limit 980
current timestep 187
num of flexible agents: 12
num of flexible tasks: 85
Solving time: 0.0003452 seconds
plan limit 980
current timestep 188
num of flexible agents: 9
num of flexible tasks: 80
Solving time: 0.000405 seconds
plan limit 980
current timestep 189
num of flexible agents: 11
num of flexible tasks: 77
Solving time: 0.0003623 seconds
plan limit 980
current timestep 190
num of flexible agents: 11
num of flexible tasks: 75
Solving time: 0.0003584 seconds
plan limit 980
current timestep 191
num of flexible agents: 9
num of flexible tasks: 72
Solving time: 0.0003333 seconds
plan limit 980
current timestep 192
num of flexible agents: 7
num of flexible tasks: 68
Solving time: 0.0003746 seconds
plan limit 980
current timestep 193
num of flexible agents: 8
num of flexible tasks: 68
Solving time: 0.0003494 seconds
plan limit 980
current timestep 194
num of flexible agents: 13
num of flexible tasks: 68
Solving time: 0.0003418 seconds
plan limit 980
current timestep 195
num of flexible agents: 16
num of flexible tasks: 68
Solving time: 0.0003452 seconds
plan limit 980
current timestep 196
num of flexible agents: 17
num of flexible tasks: 66
Solving time: 0.0003392 seconds
plan limit 980
current timestep 197
num of flexible agents: 16
num of flexible tasks: 63
Solving time: 0.0003484 seconds
plan limit 980
current timestep 198
num of flexible agents: 12
num of flexible tasks: 57
Solving time: 0.000345 seconds
plan limit 980
current timestep 199
num of flexible agents: 11
num of flexible tasks: 54
Solving time: 0.0003569 seconds
plan limit 980
current timestep 200
num of flexible agents: 11
num of flexible tasks: 52
Solving time: 0.0003391 seconds
plan limit 980
current timestep 201
num of flexible agents: 9
num of flexible tasks: 49
Solving time: 0.0003427 seconds
plan limit 980
current timestep 202
num of flexible agents: 9
num of flexible tasks: 48
Solving time: 0.0003248 seconds
plan limit 980
current timestep 203
num of flexible agents: 10
num of flexible tasks: 47
Solving time: 0.0003626 seconds
plan limit 980
current timestep 204
num of flexible agents: 11
num of flexible tasks: 45
Solving time: 0.0003373 seconds
plan limit 980
current timestep 205
num of flexible agents: 11
num of flexible tasks: 44
Solving time: 0.0003412 seconds
plan limit 980
current timestep 206
num of flexible agents: 11
num of flexible tasks: 42
Solving time: 0.0003592 seconds
plan limit 980
current timestep 207
num of flexible agents: 11
num of flexible tasks: 41
Solving time: 0.000347 seconds
plan limit 980
current timestep 208
num of flexible agents: 9
num of flexible tasks: 37
Solving time: 0.0004023 seconds
plan limit 980
current timestep 209
num of flexible agents: 10
num of flexible tasks: 37
Solving time: 0.0004204 seconds
plan limit 980
current timestep 210
num of flexible agents: 10
num of flexible tasks: 34
Solving time: 0.0005889 seconds
plan limit 980
current timestep 211
num of flexible agents: 11
num of flexible tasks: 33
Solving time: 0.0004552 seconds
plan limit 980
current timestep 212
num of flexible agents: 12
num of flexible tasks: 33
Solving time: 0.00042 seconds
plan limit 980
current timestep 213
num of flexible agents: 11
num of flexible tasks: 32
Solving time: 0.000386 seconds
plan limit 980
current timestep 214
num of flexible agents: 13
num of flexible tasks: 29
Solving time: 0.0004439 seconds
plan limit 980
current timestep 215
num of flexible agents: 14
num of flexible tasks: 27
Solving time: 0.0004395 seconds
plan limit 980
current timestep 216
num of flexible agents: 14
num of flexible tasks: 27
Solving time: 0.0004822 seconds
plan limit 980
current timestep 217
num of flexible agents: 16
num of flexible tasks: 27
Solving time: 0.0004379 seconds
plan limit 980
current timestep 218
num of flexible agents: 16
num of flexible tasks: 27
Solving time: 0.0006477 seconds
plan limit 980
current timestep 219
num of flexible agents: 15
num of flexible tasks: 26
Solving time: 0.0004134 seconds
plan limit 980
current timestep 220
num of flexible agents: 15
num of flexible tasks: 24
Solving time: 0.0005559 seconds
plan limit 980
current timestep 221
num of flexible agents: 17
num of flexible tasks: 24
Solving time: 0.0005309 seconds
plan limit 980
current timestep 222
num of flexible agents: 16
num of flexible tasks: 22
Solving time: 0.0005711 seconds
plan limit 980
current timestep 223
num of flexible agents: 18
num of flexible tasks: 22
Solving time: 0.0006625 seconds
plan limit 980
current timestep 224
num of flexible agents: 18
num of flexible tasks: 20
Solving time: 0.0005819 seconds
plan limit 980
current timestep 225
num of flexible agents: 20
num of flexible tasks: 20
Solving time: 0.0005506 seconds
plan limit 980
current timestep 226
num of flexible agents: 21
num of flexible tasks: 20
Solving time: 0.0006621 seconds
plan limit 980
current timestep 227
num of flexible agents: 23
num of flexible tasks: 19
Solving time: 0.0005068 seconds
plan limit 980
current timestep 228
num of flexible agents: 23
num of flexible tasks: 17
Solving time: 0.0004421 seconds
plan limit 980
current timestep 229
num of flexible agents: 22
num of flexible tasks: 15
Solving time: 0.0005504 seconds
plan limit 980
current timestep 230
num of flexible agents: 22
num of flexible tasks: 14
Solving time: 0.000394 seconds
plan limit 980
current timestep 231
num of flexible agents: 24
num of flexible tasks: 13
Solving time: 0.0003889 seconds
plan limit 980
current timestep 232
num of flexible agents: 25
num of flexible tasks: 13
Solving time: 0.0003581 seconds
plan limit 980
current timestep 233
num of flexible agents: 27
num of flexible tasks: 12
Solving time: 0.0004987 seconds
plan limit 980
current timestep 234
num of flexible agents: 27
num of flexible tasks: 11
Solving time: 0.0004708 seconds
plan limit 980
current timestep 235
num of flexible agents: 27
num of flexible tasks: 9
Solving time: 0.0003252 seconds
plan limit 980
current timestep 236
num of flexible agents: 25
num of flexible tasks: 7
Solving time: 0.0003337 seconds
plan limit 980
current timestep 237
num of flexible agents: 25
num of flexible tasks: 5
Solving time: 0.0002548 seconds
plan limit 980
current timestep 238
num of flexible agents: 26
num of flexible tasks: 4
Solving time: 0.0002504 seconds
plan limit 980
current timestep 239
num of flexible agents: 25
num of flexible tasks: 3
Solving time: 0.0010118 seconds
plan limit 979
current timestep 240
num of flexible agents: 27
num of flexible tasks: 3
Solving time: 0.0011441 seconds
plan limit 979
current timestep 241
num of flexible agents: 28
num of flexible tasks: 3
Solving time: 0.001001 seconds
plan limit 979
current timestep 242
num of flexible agents: 28
num of flexible tasks: 2
Solving time: 0.0009959 seconds
plan limit 979
current timestep 243
num of flexible agents: 28
num of flexible tasks: 2
Solving time: 0.0009914 seconds
plan limit 979
current timestep 244
num of flexible agents: 28
num of flexible tasks: 1
Solving time: 0.0002787 seconds
plan limit 980
current timestep 245
num of flexible agents: 29
num of flexible tasks: 1
Solving time: 0.0005919 seconds
plan limit 979
current timestep 246
num of flexible agents: 31
num of flexible tasks: 1
Solving time: 0.0002696 seconds
plan limit 980
current timestep 247
num of flexible agents: 30
num of flexible tasks: 0
Solving time: 0.0003094 seconds
plan limit 980
current timestep 248
num of flexible agents: 31
num of flexible tasks: 0
Solving time: 0.00023 seconds
plan limit 980
current timestep 249
num of flexible agents: 33
num of flexible tasks: 0
Solving time: 0.0002176 seconds
plan limit 980
current timestep 250
num of flexible agents: 34
num of flexible tasks: 0
Solving time: 0.0002371 seconds
plan limit 980
current timestep 251
num of flexible agents: 35
num of flexible tasks: 0
Solving time: 0.000226 seconds
plan limit 980
current timestep 252
num of flexible agents: 37
num of flexible tasks: 0
Solving time: 0.0002174 seconds
plan limit 980
current timestep 253
num of flexible agents: 38
num of flexible tasks: 0
Solving time: 0.0002103 seconds
plan limit 980
current timestep 254
num of flexible agents: 38
num of flexible tasks: 0
Solving time: 0.0002249 seconds
plan limit 980
current timestep 255
num of flexible agents: 39
num of flexible tasks: 0
Solving time: 0.0002497 seconds
plan limit 980
current timestep 256
num of flexible agents: 41
num of flexible tasks: 0
Solving time: 0.0002899 seconds
plan limit 980
current timestep 257
num of flexible agents: 42
num of flexible tasks: 0
Solving time: 0.0002224 seconds
plan limit 980
current timestep 258
num of flexible agents: 42
num of flexible tasks: 0
Solving time: 0.0002265 seconds
plan limit 980
current timestep 259
num of flexible agents: 45
num of flexible tasks: 0
Solving time: 0.0003982 seconds
plan limit 980
current timestep 260
num of flexible agents: 45
num of flexible tasks: 0
Solving time: 0.0003272 seconds
plan limit 980
current timestep 261
num of flexible agents: 45
num of flexible tasks: 0
Solving time: 0.0002295 seconds
plan limit 980
current timestep 262
num of flexible agents: 45
num of flexible tasks: 0
Solving time: 0.0002312 seconds
plan limit 980
current timestep 263
num of flexible agents: 45
num of flexible tasks: 0
Solving time: 0.0002331 seconds
plan limit 980
current timestep 264
num of flexible agents: 45
num of flexible tasks: 0
Solving time: 0.0002325 seconds
plan limit 980
current timestep 265
num of flexible agents: 45
num of flexible tasks: 0
Solving time: 0.0003151 seconds
plan limit 980
current timestep 266
num of flexible agents: 46
num of flexible tasks: 0
Solving time: 0.000237 seconds
plan limit 980
current timestep 267
num of flexible agents: 46
num of flexible tasks: 0
Solving time: 0.0002124 seconds
plan limit 980
current timestep 268
num of flexible agents: 47
num of flexible tasks: 0
Solving time: 0.0002344 seconds
plan limit 980
current timestep 269
num of flexible agents: 47
num of flexible tasks: 0
Solving time: 0.0002457 seconds
plan limit 980
current timestep 270
num of flexible agents: 47
num of flexible tasks: 0
Solving time: 0.0002756 seconds
plan limit 980
current timestep 271
num of flexible agents: 47
num of flexible tasks: 0
Solving time: 0.0002289 seconds
plan limit 980
current timestep 272
num of flexible agents: 47
num of flexible tasks: 0
Solving time: 0.0002141 seconds
plan limit 980
current timestep 273
num of flexible agents: 47
num of flexible tasks: 0
Solving time: 0.0002157 seconds
plan limit 980
current timestep 274
num of flexible agents: 48
num of flexible tasks: 0
Solving time: 0.0002937 seconds
plan limit 980
current timestep 275
num of flexible agents: 49
num of flexible tasks: 0
Solving time: 0.0005694 seconds
plan limit 980
current timestep 276
num of flexible agents: 49
num of flexible tasks: 0
Solving time: 0.0002261 seconds
plan limit 980
All tasks finished at timestep 277
Running f10_n50_taskmatcher-free_seed0
current timestep 0
plan limit 980
current timestep 1
plan limit 980
current timestep 2
plan limit 980
current timestep 3
plan limit 980
current timestep 4
plan limit 980
current timestep 5
plan limit 980
current timestep 6
plan limit 980
current timestep 7
plan limit 980
current timestep 8
plan limit 980
current timestep 9
plan limit 980
current timestep 10
plan limit 980
current timestep 11
plan limit 980
current timestep 12
plan limit 980
current timestep 13
plan limit 980
current timestep 14
plan limit 980
current timestep 15
plan limit 980
current timestep 16
plan limit 980
current timestep 17
plan limit 980
current timestep 18
plan limit 980
current timestep 19
plan limit 980
current timestep 20
plan limit 980
current timestep 21
plan limit 980
current timestep 22
plan limit 980
current timestep 23
plan limit 980
current timestep 24
plan limit 980
current timestep 25
plan limit 980
current timestep 26
plan limit 980
current timestep 27
plan limit 980
current timestep 28
plan limit 980
current timestep 29
plan limit 980
current timestep 30
plan limit 980
current timestep 31
plan limit 980
current timestep 32
plan limit 980
current timestep 33
plan limit 980
current timestep 34
plan limit 980
current timestep 35
plan limit 980
current timestep 36
plan limit 980
current timestep 37
plan limit 980
current timestep 38
plan limit 980
current timestep 39
plan limit 980
current timestep 40
plan limit 980
current timestep 41
plan limit 980
current timestep 42
plan limit 980
current timestep 43
plan limit 980
current timestep 44
plan limit 980
current timestep 45
plan limit 980
current timestep 46
plan limit 980
current timestep 47
plan limit 980
current timestep 48
plan limit 980
current timestep 49
plan limit 980
current timestep 50
plan limit 980
current timestep 51
plan limit 980
current timestep 52
plan limit 980
current timestep 53
plan limit 980
current timestep 54
plan limit 980
current timestep 55
plan limit 980
current timestep 56
plan limit 980
current timestep 57
plan limit 980
current timestep 58
plan limit 980
current timestep 59
plan limit 980
current timestep 60
plan limit 980
current timestep 61
plan limit 980
current timestep 62
plan limit 980
current timestep 63
plan limit 980
current timestep 64
plan limit 980
current timestep 65
plan limit 980
current timestep 66
plan limit 980
current timestep 67
plan limit 980
current timestep 68
plan limit 980
current timestep 69
plan limit 980
current timestep 70
plan limit 980
current timestep 71
plan limit 980
current timestep 72
plan limit 980
current timestep 73
plan limit 980
current timestep 74
plan limit 980
current timestep 75
plan limit 980
current timestep 76
plan limit 980
current timestep 77
plan limit 980
current timestep 78
plan limit 980
current timestep 79
plan limit 980
current timestep 80
plan limit 980
current timestep 81
plan limit 980
current timestep 82
plan limit 980
current timestep 83
plan limit 980
current timestep 84
plan limit 980
current timestep 85
plan limit 980
current timestep 86
plan limit 980
current timestep 87
plan limit 980
current timestep 88
plan limit 980
current timestep 89
plan limit 980
current timestep 90
plan limit 980
current timestep 91
plan limit 980
current timestep 92
plan limit 980
current timestep 93
plan limit 980
current timestep 94
plan limit 980
current timestep 95
plan limit 980
current timestep 96
plan limit 980
current timestep 97
plan limit 980
current timestep 98
plan limit 980
current timestep 99
plan limit 980
current timestep 100
plan limit 980
current timestep 101
plan limit 980
current timestep 102
plan limit 980
current timestep 103
plan limit 980
current timestep 104
plan limit 980
current timestep 105
plan limit 980
current timestep 106
plan limit 980
current timestep 107
plan limit 980
current timestep 108
plan limit 980
current timestep 109
plan limit 980
current timestep 110
plan limit 980
current timestep 111
plan limit 980
current timestep 112
plan limit 980
current timestep 113
plan limit 980
current timestep 114
plan limit 980
current timestep 115
plan limit 980
current timestep 116
plan limit 980
current timestep 117
plan limit 980
current timestep 118
plan limit 980
current timestep 119
plan limit 980
current timestep 120
plan limit 980
current timestep 121
plan limit 980
current timestep 122
plan limit 980
current timestep 123
plan limit 980
current timestep 124
plan limit 980
current timestep 125
plan limit 980
current timestep 126
plan limit 980
current timestep 127
plan limit 980
current timestep 128
plan limit 980
current timestep 129
plan limit 980
current timestep 130
plan limit 980
current timestep 131
plan limit 980
current timestep 132
plan limit 980
current timestep 133
plan limit 980
current timestep 134
plan limit 980
current timestep 135
plan limit 980
current timestep 136
plan limit 980
current timestep 137
plan limit 980
current timestep 138
plan limit 980
current timestep 139
plan limit 980
current timestep 140
plan limit 980
current timestep 141
plan limit 980
current timestep 142
plan limit 980
current timestep 143
plan limit 980
current timestep 144
plan limit 980
current timestep 145
plan limit 980
current timestep 146
plan limit 980
current timestep 147
plan limit 980
current timestep 148
plan limit 980
current timestep 149
plan limit 980
current timestep 150
plan limit 980
current timestep 151
plan limit 980
current timestep 152
plan limit 980
current timestep 153
plan limit 980
current timestep 154
plan limit 980
current timestep 155
plan limit 980
current timestep 156
plan limit 980
current timestep 157
plan limit 980
current timestep 158
plan limit 980
current timestep 159
plan limit 980
current timestep 160
plan limit 980
current timestep 161
plan limit 980
current timestep 162
plan limit 980
current timestep 163
plan limit 980
current timestep 164
plan limit 980
current timestep 165
plan limit 980
current timestep 166
plan limit 980
current timestep 167
plan limit 980
current timestep 168
plan limit 980
current timestep 169
plan limit 980
current timestep 170
plan limit 980
current timestep 171
plan limit 980
current timestep 172
plan limit 980
current timestep 173
plan limit 980
current timestep 174
plan limit 980
current timestep 175
plan limit 980
current timestep 176
plan limit 980
current timestep 177
plan limit 980
current timestep 178
plan limit 980
current timestep 179
plan limit 980
current timestep 180
plan limit 980
current timestep 181
plan limit 980
current timestep 182
plan limit 980
current timestep 183
plan limit 980
current timestep 184
plan limit 980
current timestep 185
plan limit 980
current timestep 186
plan limit 980
current timestep 187
plan limit 980
current timestep 188
plan limit 980
current timestep 189
plan limit 980
current timestep 190
plan limit 980
current timestep 191
plan limit 980
current timestep 192
plan limit 980
current timestep 193
plan limit 980
current timestep 194
plan limit 980
current timestep 195
plan limit 980
current timestep 196
plan limit 980
current timestep 197
plan limit 980
current timestep 198
plan limit 980
current timestep 199
plan limit 980
current timestep 200
plan limit 980
current timestep 201
plan limit 980
current timestep 202
plan limit 980
current timestep 203
plan limit 980
current timestep 204
plan limit 980
current timestep 205
plan limit 980
current timestep 206
plan limit 980
current timestep 207
plan limit 980
current timestep 208
plan limit 980
current timestep 209
plan limit 980
current timestep 210
plan limit 980
current timestep 211
plan limit 980
current timestep 212
plan limit 980
current timestep 213
plan limit 980
current timestep 214
plan limit 980
current timestep 215
plan limit 980
current timestep 216
plan limit 980
current timestep 217
plan limit 980
current timestep 218
plan limit 980
current timestep 219
plan limit 980
current timestep 220
plan limit 980
current timestep 221
plan limit 980
current timestep 222
plan limit 980
current timestep 223
plan limit 980
current timestep 224
plan limit 980
current timestep 225
plan limit 980
current timestep 226
plan limit 980
current timestep 227
plan limit 980
current timestep 228
plan limit 980
current timestep 229
plan limit 980
current timestep 230
plan limit 980
current timestep 231
plan limit 980
current timestep 232
plan limit 980
current timestep 233
plan limit 980
current timestep 234
plan limit 980
current timestep 235
plan limit 980
current timestep 236
plan limit 980
current timestep 237
plan limit 980
current timestep 238
plan limit 980
current timestep 239
plan limit 980
current timestep 240
plan limit 980
current timestep 241
plan limit 980
current timestep 242
plan limit 980
current timestep 243
plan limit 980
current timestep 244
plan limit 980
current timestep 245
plan limit 980
current timestep 246
plan limit 980
current timestep 247
plan limit 980
current timestep 248
plan limit 980
current timestep 249
plan limit 980
current timestep 250
plan limit 980
current timestep 251
plan limit 980
current timestep 252
plan limit 980
current timestep 253
plan limit 980
current timestep 254
plan limit 980
current timestep 255
plan limit 980
current timestep 256
plan limit 980
current timestep 257
plan limit 980
current timestep 258
plan limit 980
current timestep 259
plan limit 980
current timestep 260
plan limit 980
current timestep 261
plan limit 980
current timestep 262
plan limit 980
current timestep 263
plan limit 980
current timestep 264
plan limit 980
current timestep 265
plan limit 980
current timestep 266
plan limit 980
current timestep 267
plan limit 980
current timestep 268
plan limit 980
All tasks finished at timestep 269
Running f10_n50_flow-unit_seed1
current timestep 0
num of flexible agents: 50
num of flexible tasks: 10
Solving time: 0.0005057 seconds
plan limit 980
current timestep 1
num of flexible agents: 50
num of flexible tasks: 20
Solving time: 0.0006033 seconds
plan limit 980
current timestep 2
num of flexible agents: 47
num of flexible tasks: 27
Solving time: 0.000546 seconds
plan limit 980
current timestep 3
num of flexible agents: 45
num of flexible tasks: 35
Solving time: 0.0007042 seconds
plan limit 980
current timestep 4
num of flexible agents: 40
num of flexible tasks: 40
Solving time: 0.0006972 seconds
plan limit 980
current timestep 5
num of flexible agents: 40
num of flexible tasks: 49
Solving time: 0.0006115 seconds
plan limit 980
current timestep 6
num of flexible agents: 32
num of flexible tasks: 51
Solving time: 0.0006057 seconds
plan limit 980
current timestep 7
num of flexible agents: 27
num of flexible tasks: 56
Solving time: 0.0006937 seconds
plan limit 980
current timestep 8
num of flexible agents: 19
num of flexible tasks: 58
Solving time: 0.0005083 seconds
plan limit 980
current timestep 9
num of flexible agents: 14
num of flexible tasks: 63
Solving time: 0.0004554 seconds
plan limit 980
current timestep 10
num of flexible agents: 13
num of flexible tasks: 72
Solving time: 0.0004337 seconds
plan limit 980
current timestep 11
num of flexible agents: 12
num of flexible tasks: 78
Solving time: 0.0003848 seconds
plan limit 980
current timestep 12
num of flexible agents: 11
num of flexible tasks: 84
Solving time: 0.0004231 seconds
plan limit 980
current timestep 13
num of flexible agents: 6
num of flexible tasks: 89
Solving time: 0.0003748 seconds
plan limit 980
current timestep 14
num of flexible agents: 4
num of flexible tasks: 95
Solving time: 0.0010521 seconds
plan limit 979
current timestep 15
num of flexible agents: 5
num of flexible tasks: 104
Solving time: 0.0004547 seconds
plan limit 980
current timestep 16
num of flexible agents: 5
num of flexible tasks: 112
Solving time: 0.0003566 seconds
plan limit 980
current timestep 17
num of flexible agents: 3
num of flexible tasks: 118
Solving time: 0.0010137 seconds
plan limit 979
current timestep 18
num of flexible agents: 2
num of flexible tasks: 126
Solving time: 0.0009419 seconds
plan limit 979
current timestep 19
num of flexible agents: 0
num of flexible tasks: 134
Solving time: 0.0003038 seconds
plan limit 980
current timestep 20
num of flexible agents: 1
num of flexible tasks: 144
Solving time: 0.0004789 seconds
plan limit 980
current timestep 21
num of flexible agents: 4
num of flexible tasks: 153
Solving time: 0.001026 seconds
plan limit 979
current timestep 22
num of flexible agents: 2
num of flexible tasks: 159
Solving time: 0.0008766 seconds
plan limit 979
current timestep 23
num of flexible agents: 2
num of flexible tasks: 168
Solving time: 0.0008724 seconds
plan limit 979
current timestep 24
num of flexible agents: 1
num of flexible tasks: 176
Solving time: 0.0007986 seconds
plan limit 979
current timestep 25
num of flexible agents: 3
num of flexible tasks: 185
Solving time: 0.0028637 seconds
plan limit 977
current timestep 26
num of flexible agents: 3
num of flexible tasks: 192
Solving time: 0.0009848 seconds
plan limit 979
current timestep 27
num of flexible agents: 1
num of flexible tasks: 199
Solving time: 0.0007691 seconds
plan limit 979
current timestep 28
num of flexible agents: 3
num of flexible tasks: 208
Solving time: 0.0010184 seconds
plan limit 979
current timestep 29
num of flexible agents: 3
num of flexible tasks: 215
Solving time: 0.0010029 seconds
plan limit 979
current timestep 30
num of flexible agents: 5
num of flexible tasks: 223
Solving time: 0.000361 seconds
plan limit 980
current timestep 31
num of flexible agents: 6
num of flexible tasks: 231
Solving time: 0.0004028 seconds
plan limit 980
current timestep 32
num of flexible agents: 3
num of flexible tasks: 237
Solving time: 0.0009973 seconds
plan limit 979
current timestep 33
num of flexible agents: 2
num of flexible tasks: 244
Solving time: 0.0008399 seconds
plan limit 979
current timestep 34
num of flexible agents: 1
num of flexible tasks: 253
Solving time: 0.0005251 seconds
plan limit 980
current timestep 35
num of flexible agents: 4
num of flexible tasks: 262
Solving time: 0.0009075 seconds
plan limit 979
current timestep 36
num of flexible agents: 1
num of flexible tasks: 268
Solving time: 0.0007483 seconds
plan limit 979
current timestep 37
num of flexible agents: 2
num of flexible tasks: 277
Solving time: 0.0008558 seconds
plan limit 979
current timestep 38
num of flexible agents: 7
num of flexible tasks: 285
Solving time: 0.0004193 seconds
plan limit 980
current timestep 39
num of flexible agents: 2
num of flexible tasks: 288
Solving time: 0.0008506 seconds
plan limit 979
current timestep 40
num of flexible agents: 2
num of flexible tasks: 296
Solving time: 0.000832 seconds
plan limit 979
current timestep 41
num of flexible agents: 5
num of flexible tasks: 305
Solving time: 0.0010184 seconds
plan limit 979
current timestep 42
num of flexible agents: 2
num of flexible tasks: 310
Solving time: 0.0008835 seconds
plan limit 979
current timestep 43
num of flexible agents: 2
num of flexible tasks: 318
Solving time: 0.0008862 seconds
plan limit 979
current timestep 44
num of flexible agents: 2
num of flexible tasks: 327
Solving time: 0.0008849 seconds
plan limit 979
current timestep 45
num of flexible agents: 3
num of flexible tasks: 335
Solving time: 0.0009015 seconds
plan limit 979
current timestep 46
num of flexible agents: 2
num of flexible tasks: 342
Solving time: 0.0008636 seconds
plan limit 979
current timestep 47
num of flexible agents: 1
num of flexible tasks: 350
Solving time: 0.0006812 seconds
plan limit 979
current timestep 48
num of flexible agents: 2
num of flexible tasks: 359
Solving time: 0.0008353 seconds
plan limit 979
current timestep 49
num of flexible agents: 5
num of flexible tasks: 368
Solving time: 0.0010971 seconds
plan limit 979
current timestep 50
num of flexible agents: 1
num of flexible tasks: 363
Solving time: 0.0006823 seconds
plan limit 979
current timestep 51
num of flexible agents: 3
num of flexible tasks: 362
Solving time: 0.0009118 seconds
plan limit 979
current timestep 52
num of flexible agents: 2
num of flexible tasks: 359
Solving time: 0.0008384 seconds
plan limit 979
current timestep 53
num of flexible agents: 3
num of flexible tasks: 357
Solving time: 0.0009086 seconds
plan limit 979
current timestep 54
num of flexible agents: 1
num of flexible tasks: 355
Solving time: 0.0007586 seconds
plan limit 979
current timestep 55
num of flexible agents: 1
num of flexible tasks: 354
Solving time: 0.0006813 seconds
plan limit 979
current timestep 56
num of flexible agents: 4
num of flexible tasks: 353
Solving time: 0.001026 seconds
plan limit 979
current timestep 57
num of flexible agents: 4
num of flexible tasks: 349
Solving time: 0.0009817 seconds
plan limit 979
current timestep 58
num of flexible agents: 3
num of flexible tasks: 345
Solving time: 0.0026459 seconds
plan limit 977
current timestep 59
num of flexible agents: 1
num of flexible tasks: 342
Solving time: 0.0007411 seconds
plan limit 979
current timestep 60
num of flexible agents: 5
num of flexible tasks: 341
Solving time: 0.0010524 seconds
plan limit 979
current timestep 61
num of flexible agents: 1
num of flexible tasks: 337
Solving time: 0.0007636 seconds
plan limit 979
current timestep 62
num of flexible agents: 0
num of flexible tasks: 336
Solving time: 0.0003173 seconds
plan limit 980
current timestep 63
num of flexible agents: 2
num of flexible tasks: 336
Solving time: 0.0008274 seconds
plan limit 979
current timestep 64
num of flexible agents: 2
num of flexible tasks: 335
Solving time: 0.0011213 seconds
plan limit 979
current timestep 65
num of flexible agents: 2
num of flexible tasks: 333
Solving time: 0.0008146 seconds
plan limit 979
current timestep 66
num of flexible agents: 2
num of flexible tasks: 331
Solving time: 0.0008235 seconds
plan limit 979
current timestep 67
num of flexible agents: 3
num of flexible tasks: 329
Solving time: 0.0009036 seconds
plan limit 979
current timestep 68
num of flexible agents: 4
num of flexible tasks: 326
Solving time: 0.0010059 seconds
plan limit 979
current timestep 69
num of flexible agents: 1
num of flexible tasks: 322
Solving time: 0.0007195 seconds
plan limit 979
current timestep 70
num of flexible agents: 6
num of flexible tasks: 321
Solving time: 0.0010186 seconds
plan limit 979
current timestep 71
num of flexible agents: 4
num of flexible tasks: 317
Solving time: 0.0010649 seconds
plan limit 979
current timestep 72
num of flexible agents: 4
num of flexible tasks: 315
Solving time: 0.0010049 seconds
plan limit 979
current timestep 73
num of flexible agents: 4
num of flexible tasks: 313
Solving time: 0.0010062 seconds
plan limit 979
current timestep 74
num of flexible agents: 2
num of flexible tasks: 310
Solving time: 0.0008759 seconds
plan limit 979
current timestep 75
num of flexible agents: 2
num of flexible tasks: 309
Solving time: 0.0008984 seconds
plan limit 979
current timestep 76
num of flexible agents: 4
num of flexible tasks: 308
Solving time: 0.001011 seconds
plan limit 979
current timestep 77
num of flexible agents: 5
num of flexible tasks: 306
Solving time: 0.0010831 seconds
plan limit 979
current timestep 78
num of flexible agents: 5
num of flexible tasks: 304
Solving time: 0.0011114 seconds
plan limit 979
current timestep 79
num of flexible agents: 3
num of flexible tasks: 300
Solving time: 0.0010214 seconds
plan limit 979
current timestep 80
num of flexible agents: 1
num of flexible tasks: 297
Solving time: 0.0007826 seconds
plan limit 979
current timestep 81
num of flexible agents: 3
num of flexible tasks: 296
Solving time: 0.0009775 seconds
plan limit 979
current timestep 82
num of flexible agents: 1
num of flexible tasks: 293
Solving time: 0.0007554 seconds
plan limit 979
current timestep 83
num of flexible agents: 4
num of flexible tasks: 292
Solving time: 0.0010078 seconds
plan limit 979
current timestep 84
num of flexible agents: 2
num of flexible tasks: 289
Solving time: 0.0008278 seconds
plan limit 979
current timestep 85
num of flexible agents: 2
num of flexible tasks: 287
Solving time: 0.0008279 seconds
plan limit 979
current timestep 86
num of flexible agents: 2
num of flexible tasks: 286
Solving time: 0.0008636 seconds
plan limit 979
current timestep 87
num of flexible agents: 3
num of flexible tasks: 285
Solving time: 0.0009025 seconds
plan limit 979
current timestep 88
num of flexible agents: 5
num of flexible tasks: 284
Solving time: 0.0010303 seconds
plan limit 979
current timestep 89
num of flexible agents: 3
num of flexible tasks: 281
Solving time: 0.0009937 seconds
plan limit 979
current timestep 90
num of flexible agents: 3
num of flexible tasks: 278
Solving time: 0.0009715 seconds
plan limit 979
current timestep 91
num of flexible agents: 1
num of flexible tasks: 275
Solving time: 0.0007154 seconds
plan limit 979
current timestep 92
num of flexible agents: 3
num of flexible tasks: 274
Solving time: 0.0009045 seconds
plan limit 979
current timestep 93
num of flexible agents: 2
num of flexible tasks: 271
Solving time: 0.0008364 seconds
plan limit 979
current timestep 94
num of flexible agents: 1
num of flexible tasks: 269
Solving time: 0.0005072 seconds
plan limit 980
current timestep 95
num of flexible agents: 6
num of flexible tasks: 268
Solving time: 0.0010537 seconds
plan limit 979
current timestep 96
num of flexible agents: 5
num of flexible tasks: 264
Solving time: 0.0010162 seconds
plan limit 979
current timestep 97
num of flexible agents: 5
num of flexible tasks: 261
Solving time: 0.001042 seconds
plan limit 979
current timestep 98
num of flexible agents: 6
num of flexible tasks: 258
Solving time: 0.0010833 seconds
plan limit 979
current timestep 99
num of flexible agents: 1
num of flexible tasks: 252
Solving time: 0.0007451 seconds
plan limit 979
current timestep 100
num of flexible agents: 2
num of flexible tasks: 251
Solving time: 0.0009401 seconds
plan limit 979
current timestep 101
num of flexible agents: 2
num of flexible tasks: 249
Solving time: 0.0008184 seconds
plan limit 979
current timestep 102
num of flexible agents: 3
num of flexible tasks: 248
Solving time: 0.0010181 seconds
plan limit 979
current timestep 103
num of flexible agents: 3
num of flexible tasks: 247
Solving time: 0.000969 seconds
plan limit 979
current timestep 104
num of flexible agents: 2
num of flexible tasks: 245
Solving time: 0.0008357 seconds
plan limit 979
current timestep 105
num of flexible agents: 0
num of flexible tasks: 243
Solving time: 0.0003158 seconds
plan limit 980
current timestep 106
num of flexible agents: 3
num of flexible tasks: 243
Solving time: 0.0009768 seconds
plan limit 979
current timestep 107
num of flexible agents: 4
num of flexible tasks: 240
Solving time: 0.0010246 seconds
plan limit 979
current timestep 108
num of flexible agents: 4
num of flexible tasks: 238
Solving time: 0.0010116 seconds
plan limit 979
current timestep 109
num of flexible agents: 4
num of flexible tasks: 234
Solving time: 0.0010022 seconds
plan limit 979
current timestep 110
num of flexible agents: 1
num of flexible tasks: 230
Solving time: 0.0007289 seconds
plan limit 979
current timestep 111
num of flexible agents: 4
num of flexible tasks: 229
Solving time: 0.0009968 seconds
plan limit 979
current timestep 112
num of flexible agents: 3
num of flexible tasks: 226
Solving time: 0.0009775 seconds
plan limit 979
current timestep 113
num of flexible agents: 3
num of flexible tasks: 223
Solving time: 0.0009892 seconds
plan limit 979
current timestep 114
num of flexible agents: 5
num of flexible tasks: 221
Solving time: 0.0010218 seconds
plan limit 979
current timestep 115
num of flexible agents: 2
num of flexible tasks: 217
Solving time: 0.0008545 seconds
plan limit 979
current timestep 116
num of flexible agents: 2
num of flexible tasks: 216
Solving time: 0.0009023 seconds
plan limit 979
current timestep 117
num of flexible agents: 4
num of flexible tasks: 215
Solving time: 0.0010192 seconds
plan limit 979
current timestep 118
num of flexible agents: 7
num of flexible tasks: 214
Solving time: 0.0004059 seconds
plan limit 980
current timestep 119
num of flexible agents: 5
num of flexible tasks: 210
Solving time: 0.0010177 seconds
plan limit 979
current timestep 120
num of flexible agents: 4
num of flexible tasks: 207
Solving time: 0.0009993 seconds
plan limit 979
current timestep 121
num of flexible agents: 2
num of flexible tasks: 204
Solving time: 0.0008541 seconds
plan limit 979
current timestep 122
num of flexible agents: 1
num of flexible tasks: 202
Solving time: 0.0007501 seconds
plan limit 979
current timestep 123
num of flexible agents: 2
num of flexible tasks: 201
Solving time: 0.0017473 seconds
plan limit 978
current timestep 124
num of flexible agents: 3
num of flexible tasks: 200
Solving time: 0.0010733 seconds
plan limit 979
current timestep 125
num of flexible agents: 3
num of flexible tasks: 198
Solving time: 0.0010405 seconds
plan limit 979
current timestep 126
num of flexible agents: 2
num of flexible tasks: 197
Solving time: 0.0008784 seconds
plan limit 979
current timestep 127
num of flexible agents: 7
num of flexible tasks: 197
Solving time: 0.0003874 seconds
plan limit 980
current timestep 128
num of flexible agents: 6
num of flexible tasks: 194
Solving time: 0.0010079 seconds
plan limit 979
current timestep 129
num of flexible agents: 5
num of flexible tasks: 191
Solving time: 0.0010916 seconds
plan limit 979
current timestep 130
num of flexible agents: 4
num of flexible tasks: 188
Solving time: 0.0011079 seconds
plan limit 979
current timestep 131
num of flexible agents: 3
num of flexible tasks: 185
Solving time: 0.0011214 seconds
plan limit 979
current timestep 132
num of flexible agents: 2
num of flexible tasks: 183
Solving time: 0.0009279 seconds
plan limit 979
current timestep 133
num of flexible agents: 3
num of flexible tasks: 183
Solving time: 0.0013069 seconds
plan limit 979
current timestep 134
num of flexible agents: 2
num of flexible tasks: 180
Solving time: 0.0008393 seconds
plan limit 979
current timestep 135
num of flexible agents: 2
num of flexible tasks: 179
Solving time: 0.000839 seconds
plan limit 979
current timestep 136
num of flexible agents: 1
num of flexible tasks: 178
Solving time: 0.0005926 seconds
plan limit 980
current timestep 137
num of flexible agents: 3
num of flexible tasks: 177
Solving time: 0.0010122 seconds
plan limit 979
current timestep 138
num of flexible agents: 3
num of flexible tasks: 175
Solving time: 0.0010069 seconds
plan limit 979
current timestep 139
num of flexible agents: 3
num of flexible tasks: 174
Solving time: 0.0034542 seconds
plan limit 976
current timestep 140
num of flexible agents: 4
num of flexible tasks: 173
Solving time: 0.0010384 seconds
plan limit 979
current timestep 141
num of flexible agents: 6
num of flexible tasks: 171
Solving time: 0.001045 seconds
plan limit 979
current timestep 142
num of flexible agents: 4
num of flexible tasks: 167
Solving time: 0.0011342 seconds
plan limit 979
current timestep 143
num of flexible agents: 6
num of flexible tasks: 167
Solving time: 0.0010177 seconds
plan limit 979
current timestep 144
num of flexible agents: 5
num of flexible tasks: 163
Solving time: 0.0010292 seconds
plan limit 979
current timestep 145
num of flexible agents: 4
num of flexible tasks: 162
Solving time: 0.0009842 seconds
plan limit 979
current timestep 146
num of flexible agents: 7
num of flexible tasks: 161
Solving time: 0.0004147 seconds
plan limit 980
current timestep 147
num of flexible agents: 9
num of flexible tasks: 160
Solving time: 0.0004204 seconds
plan limit 980
current timestep 148
num of flexible agents: 7
num of flexible tasks: 156
Solving time: 0.0004102 seconds
plan limit 980
current timestep 149
num of flexible agents: 6
num of flexible tasks: 153
Solving time: 0.0010909 seconds
plan limit 979
current timestep 150
num of flexible agents: 5
num of flexible tasks: 150
Solving time: 0.0010648 seconds
plan limit 979
current timestep 151
num of flexible agents: 3
num of flexible tasks: 147
Solving time: 0.0010144 seconds
plan limit 979
current timestep 152
num of flexible agents: 6
num of flexible tasks: 147
Solving time: 0.0010556 seconds
plan limit 979
current timestep 153
num of flexible agents: 6
num of flexible tasks: 143
Solving time: 0.0010188 seconds
plan limit 979
current timestep 154
num of flexible agents: 7
num of flexible tasks: 140
Solving time: 0.0003606 seconds
plan limit 980
current timestep 155
num of flexible agents: 5
num of flexible tasks: 137
Solving time: 0.0010201 seconds
plan limit 979
current timestep 156
num of flexible agents: 3
num of flexible tasks: 135
Solving time: 0.000899 seconds
plan limit 979
current timestep 157
num of flexible agents: 3
num of flexible tasks: 135
Solving time: 0.0008975 seconds
plan limit 979
current timestep 158
num of flexible agents: 1
num of flexible tasks: 132
Solving time: 0.0007756 seconds
plan limit 979
current timestep 159
num of flexible agents: 3
num of flexible tasks: 132
Solving time: 0.00092 seconds
plan limit 979
current timestep 160
num of flexible agents: 1
num of flexible tasks: 130
Solving time: 0.0007726 seconds
plan limit 979
current timestep 161
num of flexible agents: 2
num of flexible tasks: 130
Solving time: 0.0008967 seconds
plan limit 979
current timestep 162
num of flexible agents: 4
num of flexible tasks: 130
Solving time: 0.0009845 seconds
plan limit 979
current timestep 163
num of flexible agents: 8
num of flexible tasks: 129
Solving time: 0.0003465 seconds
plan limit 980
current timestep 164
num of flexible agents: 9
num of flexible tasks: 127
Solving time: 0.0003308 seconds
plan limit 980
current timestep 165
num of flexible agents: 5
num of flexible tasks: 122
Solving time: 0.0010596 seconds
plan limit 979
current timestep 166
num of flexible agents: 4
num of flexible tasks: 121
Solving time: 0.0010516 seconds
plan limit 979
current timestep 167
num of flexible agents: 5
num of flexible tasks: 120
Solving time: 0.0009538 seconds
plan limit 979
current timestep 168
num of flexible agents: 8
num of flexible tasks: 117
Solving time: 0.0003244 seconds
plan limit 980
current timestep 169
num of flexible agents: 6
num of flexible tasks: 113
Solving time: 0.0009695 seconds
plan limit 979
current timestep 170
num of flexible agents: 6
num of flexible tasks: 111
Solving time: 0.0011524 seconds
plan limit 979
current timestep 171
num of flexible agents: 5
num of flexible tasks: 107
Solving time: 0.0010331 seconds
plan limit 979
current timestep 172
num of flexible agents: 5
num of flexible tasks: 106
Solving time: 0.0009559 seconds
plan limit 979
current timestep 173
num of flexible agents: 3
num of flexible tasks: 104
Solving time: 0.0009304 seconds
plan limit 979
current timestep 174
num of flexible agents: 4
num of flexible tasks: 104
Solving time: 0.0009791 seconds
plan limit 979
current timestep 175
num of flexible agents: 2
num of flexible tasks: 101
Solving time: 0.0008933 seconds
plan limit 979
current timestep 176
num of flexible agents: 4
num of flexible tasks: 100
Solving time: 0.0011065 seconds
plan limit 979
current timestep 177
num of flexible agents: 4
num of flexible tasks: 99
Solving time: 0.0010933 seconds
plan limit 979
current timestep 178
num of flexible agents: 6
num of flexible tasks: 99
Solving time: 0.0009873 seconds
plan limit 979
current timestep 179
num of flexible agents: 5
num of flexible tasks: 95
Solving time: 0.0010763 seconds
plan limit 979
current timestep 180
num of flexible agents: 6
num of flexible tasks: 94
Solving time: 0.0009597 seconds
plan limit 979
current timestep 181
num of flexible agents: 6
num of flexible tasks: 92
Solving time: 0.0009512 seconds
plan limit 979
current timestep 182
num of flexible agents: 6
num of flexible tasks: 90
Solving time: 0.0010716 seconds
plan limit 979
current timestep 183
num of flexible agents: 7
num of flexible tasks: 90
Solving time: 0.0005045 seconds
plan limit 980
current timestep 184
num of flexible agents: 7
num of flexible tasks: 88
Solving time: 0.0004592 seconds
plan limit 980
current timestep 185
num of flexible agents: 10
num of flexible tasks: 88
Solving time: 0.00034 seconds
plan limit 980
current timestep 186
num of flexible agents: 10
num of flexible tasks: 85
Solving time: 0.0003551 seconds
plan limit 980
current timestep 187
num of flexible agents: 7
num of flexible tasks: 79
Solving time: 0.0003971 seconds
plan limit 980
current timestep 188
num of flexible agents: 6
num of flexible tasks: 76
Solving time: 0.0021602 seconds
plan limit 978
current timestep 189
num of flexible agents: 9
num of flexible tasks: 75
Solving time: 0.0003367 seconds
plan limit 980
current timestep 190
num of flexible agents: 8
num of flexible tasks: 71
Solving time: 0.0003618 seconds
plan limit 980
current timestep 191
num of flexible agents: 7
num of flexible tasks: 70
Solving time: 0.0005086 seconds
plan limit 980
current timestep 192
num of flexible agents: 7
num of flexible tasks: 68
Solving time: 0.0003637 seconds
plan limit 980
current timestep 193
num of flexible agents: 11
num of flexible tasks: 67
Solving time: 0.0003684 seconds
plan limit 980
current timestep 194
num of flexible agents: 7
num of flexible tasks: 62
Solving time: 0.0004855 seconds
plan limit 980
current timestep 195
num of flexible agents: 8
num of flexible tasks: 61
Solving time: 0.0004218 seconds
plan limit 980
current timestep 196
num of flexible agents: 9
num of flexible tasks: 60
Solving time: 0.0004437 seconds
plan limit 980
current timestep 197
num of flexible agents: 7
num of flexible tasks: 58
Solving time: 0.0004604 seconds
plan limit 980
current timestep 198
num of flexible agents: 5
num of flexible tasks: 56
Solving time: 0.0011237 seconds
plan limit 979
current timestep 199
num of flexible agents: 7
num of flexible tasks: 54
Solving time: 0.0003478 seconds
plan limit 980
current timestep 200
num of flexible agents: 7
num of flexible tasks: 52
Solving time: 0.0003528 seconds
plan limit 980
current timestep 201
num of flexible agents: 10
num of flexible tasks: 52
Solving time: 0.0003501 seconds
plan limit 980
current timestep 202
num of flexible agents: 10
num of flexible tasks: 51
Solving time: 0.0003583 seconds
plan limit 980
current timestep 203
num of flexible agents: 12
num of flexible tasks: 50
Solving time: 0.0004341 seconds
plan limit 980
current timestep 204
num of flexible agents: 11
num of flexible tasks: 46
Solving time: 0.0003653 seconds
plan limit 980
current timestep 205
num of flexible agents: 11
num of flexible tasks: 44
Solving time: 0.0006276 seconds
plan limit 980
current timestep 206
num of flexible agents: 15
num of flexible tasks: 43
Solving time: 0.0003852 seconds
plan limit 980
current timestep 207
num of flexible agents: 11
num of flexible tasks: 39
Solving time: 0.0003806 seconds
plan limit 980
current timestep 208
num of flexible agents: 12
num of flexible tasks: 38
Solving time: 0.0004657 seconds
plan limit 980
current timestep 209
num of flexible agents: 13
num of flexible tasks: 37
Solving time: 0.0003978 seconds
plan limit 980
current timestep 210
num of flexible agents: 13
num of flexible tasks: 36
Solving time: 0.0004321 seconds
plan limit 980
current timestep 211
num of flexible agents: 11
num of flexible tasks: 34
Solving time: 0.0003788 seconds
plan limit 980
current timestep 212
num of flexible agents: 10
num of flexible tasks: 31
Solving time: 0.0003832 seconds
plan limit 980
current timestep 213
num of flexible agents: 14
num of flexible tasks: 31
Solving time: 0.0013183 seconds
plan limit 979
current timestep 214
num of flexible agents: 13
num of flexible tasks: 28
Solving time: 0.0004605 seconds
plan limit 980
current timestep 215
num of flexible agents: 14
num of flexible tasks: 27
Solving time: 0.0005915 seconds
plan limit 980
current timestep 216
num of flexible agents: 13
num of flexible tasks: 25
Solving time: 0.0004641 seconds
plan limit 980
current timestep 217
num of flexible agents: 13
num of flexible tasks: 24
Solving time: 0.0004866 seconds
plan limit 980
current timestep 218
num of flexible agents: 14
num of flexible tasks: 23
Solving time: 0.0004338 seconds
plan limit 980
current timestep 219
num of flexible agents: 15
num of flexible tasks: 23
Solving time: 0.0005461 seconds
plan limit 980
current timestep 220
num of flexible agents: 13
num of flexible tasks: 20
Solving time: 0.0005534 seconds
plan limit 980
current timestep 221
num of flexible agents: 12
num of flexible tasks: 18
Solving time: 0.0004815 seconds
plan limit 980
current timestep 222
num of flexible agents: 13
num of flexible tasks: 17
Solving time: 0.00063 seconds
plan limit 980
current timestep 223
num of flexible agents: 12
num of flexible tasks: 16
Solving time: 0.0006282 seconds
plan limit 980
current timestep 224
num of flexible agents: 16
num of flexible tasks: 16
Solving time: 0.0006364 seconds
plan limit 980
current timestep 225
num of flexible agents: 19
num of flexible tasks: 16
Solving time: 0.0005945 seconds
plan limit 980
current timestep 226
num of flexible agents: 21
num of flexible tasks: 15
Solving time: 0.0004427 seconds
plan limit 980
current timestep 227
num of flexible agents: 20
num of flexible tasks: 13
Solving time: 0.0004244 seconds
plan limit 980
current timestep 228
num of flexible agents: 21
num of flexible tasks: 13
Solving time: 0.0003844 seconds
plan limit 980
current timestep 229
num of flexible agents: 21
num of flexible tasks: 11
Solving time: 0.0004267 seconds
plan limit 980
current timestep 230
num of flexible agents: 20
num of flexible tasks: 9
Solving time: 0.0003622 seconds
plan limit 980
current timestep 231
num of flexible agents: 18
num of flexible tasks: 6
Solving time: 0.0002956 seconds
plan limit 980
current timestep 232
num of flexible agents: 19
num of flexible tasks: 6
Solving time: 0.0002871 seconds
plan limit 980
current timestep 233
num of flexible agents: 18
num of flexible tasks: 5
Solving time: 0.0004703 seconds
plan limit 980
current timestep 234
num of flexible agents: 18
num of flexible tasks: 3
Solving time: 0.0003565 seconds
plan limit 980
current timestep 235
num of flexible agents: 19
num of flexible tasks: 3
Solving time: 0.0004241 seconds
plan limit 980
current timestep 236
num of flexible agents: 20
num of flexible tasks: 2
Solving time: 0.00025 seconds
plan limit 980
current timestep 237
num of flexible agents: 22
num of flexible tasks: 2
Solving time: 0.0002405 seconds
plan limit 980
current timestep 238
num of flexible agents: 24
num of flexible tasks: 1
Solving time: 0.0002319 seconds
plan limit 980
current timestep 239
num of flexible agents: 23
num of flexible tasks: 0
Solving time: 0.0002799 seconds
plan limit 980
current timestep 240
num of flexible agents: 23
num of flexible tasks: 0
Solving time: 0.0003129 seconds
plan limit 980
current timestep 241
num of flexible agents: 25
num of flexible tasks: 0
Solving time: 0.0002452 seconds
plan limit 980
current timestep 242
num of flexible agents: 28
num of flexible tasks: 0
Solving time: 0.0002597 seconds
plan limit 980
current timestep 243
num of flexible agents: 28
num of flexible tasks: 0
Solving time: 0.000212 seconds
plan limit 980
current timestep 244
num of flexible agents: 29
num of flexible tasks: 0
Solving time: 0.0002248 seconds
plan limit 980
current timestep 245
num of flexible agents: 30
num of flexible tasks: 0
Solving time: 0.0002319 seconds
plan limit 980
current timestep 246
num of flexible agents: 31
num of flexible tasks: 0
Solving time: 0.000325 seconds
plan limit 980
current timestep 247
num of flexible agents: 32
num of flexible tasks: 0
Solving time: 0.0002369 seconds
plan limit 980
current timestep 248
num of flexible agents: 32
num of flexible tasks: 0
Solving time: 0.0002321 seconds
plan limit 980
current timestep 249
num of flexible agents: 33
num of flexible tasks: 0
Solving time: 0.0002276 seconds
plan limit 980
current timestep 250
num of flexible agents: 35
num of flexible tasks: 0
Solving time: 0.000328 seconds
plan limit 980
current timestep 251
num of flexible agents: 38
num of flexible tasks: 0
Solving time: 0.0002954 seconds
plan limit 980
current timestep 252
num of flexible agents: 40
num of flexible tasks: 0
Solving time: 0.0002276 seconds
plan limit 980
current timestep 253
num of flexible agents: 40
num of flexible tasks: 0
Solving time: 0.0002307 seconds
plan limit 980
current timestep 254
num of flexible agents: 41
num of flexible tasks: 0
Solving time: 0.0003543 seconds
plan limit 980
current timestep 255
num of flexible agents: 43
num of flexible tasks: 0
Solving time: 0.0004518 seconds
plan limit 980
current timestep 256
num of flexible agents: 44
num of flexible tasks: 0
Solving time: 0.0002673 seconds
plan limit 980
current timestep 257
num of flexible agents: 44
num of flexible tasks: 0
Solving time: 0.0002324 seconds
plan limit 980
current timestep 258
num of flexible agents: 44
num of flexible tasks: 0
Solving time: 0.0003257 seconds
plan limit 980
current timestep 259
num of flexible agents: 44
num of flexible tasks: 0
Solving time: 0.0003328 seconds
plan limit 980
current timestep 260
num of flexible agents: 44
num of flexible tasks: 0
Solving time: 0.0002422 seconds
plan limit 980
current timestep 261
num of flexible agents: 45
num of flexible tasks: 0
Solving time: 0.0002338 seconds
plan limit 980
current timestep 262
num of flexible agents: 45
num of flexible tasks: 0
Solving time: 0.0003632 seconds
plan limit 980
current timestep 263
num of flexible agents: 47
num of flexible tasks: 0
Solving time: 0.0002293 seconds
plan limit 980
current timestep 264
num of flexible agents: 47
num of flexible tasks: 0
Solving time: 0.0003107 seconds
plan limit 980
current timestep 265
num of flexible agents: 49
num of flexible tasks: 0
Solving time: 0.0002296 seconds
plan limit 980
current timestep 266
num of flexible agents: 49
num of flexible tasks: 0
Solving time: 0.0003417 seconds
plan limit 980
All tasks finished at timestep 267
Running f10_n50_taskmatcher-free_seed1
current timestep 0
plan limit 980
current timestep 1
plan limit 980
current timestep 2
plan limit 980
current timestep 3
plan limit 980
current timestep 4
plan limit 980
current timestep 5
plan limit 980
current timestep 6
plan limit 980
current timestep 7
plan limit 980
current timestep 8
plan limit 980
current timestep 9
plan limit 980
current timestep 10
plan limit 980
current timestep 11
plan limit 980
current timestep 12
plan limit 980
current timestep 13
plan limit 980
current timestep 14
plan limit 980
current timestep 15
plan limit 980
current timestep 16
plan limit 980
current timestep 17
plan limit 980
current timestep 18
plan limit 980
current timestep 19
plan limit 980
current timestep 20
plan limit 980
current timestep 21
plan limit 980
current timestep 22
plan limit 980
current timestep 23
plan limit 980
current timestep 24
plan limit 980
current timestep 25
plan limit 980
current timestep 26
plan limit 980
current timestep 27
plan limit 980
current timestep 28
plan limit 980
current timestep 29
plan limit 980
current timestep 30
plan limit 980
current timestep 31
plan limit 980
current timestep 32
plan limit 980
current timestep 33
plan limit 980
current timestep 34
plan limit 980
current timestep 35
plan limit 980
current timestep 36
plan limit 980
current timestep 37
plan limit 980
current timestep 38
plan limit 980
current timestep 39
plan limit 980
current timestep 40
plan limit 980
current timestep 41
plan limit 980
current timestep 42
plan limit 980
current timestep 43
plan limit 980
current timestep 44
plan limit 980
current timestep 45
plan limit 980
current timestep 46
plan limit 980
current timestep 47
plan limit 980
current timestep 48
plan limit 980
current timestep 49
plan limit 980
current timestep 50
plan limit 980
current timestep 51
plan limit 980
current timestep 52
plan limit 980
current timestep 53
plan limit 980
current timestep 54
plan limit 980
current timestep 55
plan limit 980
current timestep 56
plan limit 980
current timestep 57
plan limit 980
current timestep 58
plan limit 980
current timestep 59
plan limit 980
current timestep 60
plan limit 980
current timestep 61
plan limit 980
current timestep 62
plan limit 980
current timestep 63
plan limit 980
current timestep 64
plan limit 980
current timestep 65
plan limit 980
current timestep 66
plan limit 980
current timestep 67
plan limit 980
current timestep 68
plan limit 980
current timestep 69
plan limit 980
current timestep 70
plan limit 980
current timestep 71
plan limit 980
current timestep 72
plan limit 980
current timestep 73
plan limit 980
current timestep 74
plan limit 980
current timestep 75
plan limit 980
current timestep 76
plan limit 980
current timestep 77
plan limit 980
current timestep 78
plan limit 980
current timestep 79
plan limit 980
current timestep 80
plan limit 980
current timestep 81
plan limit 980
current timestep 82
plan limit 980
current timestep 83
plan limit 980
current timestep 84
plan limit 980
current timestep 85
plan limit 980
current timestep 86
plan limit 980
current timestep 87
plan limit 980
current timestep 88
plan limit 980
current timestep 89
plan limit 980
current timestep 90
plan limit 980
current timestep 91
plan limit 980
current timestep 92
plan limit 980
current timestep 93
plan limit 980
current timestep 94
plan limit 980
current timestep 95
plan limit 980
current timestep 96
plan limit 980
current timestep 97
plan limit 980
current timestep 98
plan limit 980
current timestep 99
plan limit 980
current timestep 100
plan limit 980
current timestep 101
plan limit 980
current timestep 102
plan limit 980
current timestep 103
plan limit 980
current timestep 104
plan limit 980
current timestep 105
plan limit 980
current timestep 106
plan limit 980
current timestep 107
plan limit 980
current timestep 108
plan limit 980
current timestep 109
plan limit 980
current timestep 110
plan limit 980
current timestep 111
plan limit 980
current timestep 112
plan limit 980
current timestep 113
plan limit 980
current timestep 114
plan limit 980
current timestep 115
plan limit 980
current timestep 116
plan limit 980
current timestep 117
plan limit 980
current timestep 118
plan limit 980
current timestep 119
plan limit 980
current timestep 120
plan limit 980
current timestep 121
plan limit 980
current timestep 122
plan limit 980
current timestep 123
plan limit 980
current timestep 124
plan limit 980
current timestep 125
plan limit 980
current timestep 126
plan limit 980
current timestep 127
plan limit 980
current timestep 128
plan limit 980
current timestep 129
plan limit 980
current timestep 130
plan limit 980
current timestep 131
plan limit 980
current timestep 132
plan limit 980
current timestep 133
plan limit 980
current timestep 134
plan limit 980
current timestep 135
plan limit 980
current timestep 136
plan limit 980
current timestep 137
plan limit 980
current timestep 138
plan limit 980
current timestep 139
plan limit 980
current timestep 140
plan limit 980
current timestep 141
plan limit 980
current timestep 142
plan limit 980
current timestep 143
plan limit 980
current timestep 144
plan limit 980
current timestep 145
plan limit 980
current timestep 146
plan limit 980
current timestep 147
plan limit 980
current timestep 148
plan limit 980
current timestep 149
plan limit 980
current timestep 150
plan limit 980
current timestep 151
plan limit 980
current timestep 152
plan limit 980
current timestep 153
plan limit 980
current timestep 154
plan limit 980
current timestep 155
plan limit 980
current timestep 156
plan limit 980
current timestep 157
plan limit 980
current timestep 158
plan limit 980
current timestep 159
plan limit 980
current timestep 160
plan limit 980
current timestep 161
plan limit 980
current timestep 162
plan limit 980
current timestep 163
plan limit 980
current timestep 164
plan limit 980
current timestep 165
plan limit 980
current timestep 166
plan limit 980
current timestep 167
plan limit 980
current timestep 168
plan limit 980
current timestep 169
plan limit 980
current timestep 170
plan limit 980
current timestep 171
plan limit 980
current timestep 172
plan limit 980
current timestep 173
plan limit 980
current timestep 174
plan limit 980
current timestep 175
plan limit 980
current timestep 176
plan limit 980
current timestep 177
plan limit 980
current timestep 178
plan limit 980
current timestep 179
plan limit 980
current timestep 180
plan limit 980
current timestep 181
plan limit 980
current timestep 182
plan limit 980
current timestep 183
plan limit 980
current timestep 184
plan limit 980
current timestep 185
plan limit 980
current timestep 186
plan limit 980
current timestep 187
plan limit 980
current timestep 188
plan limit 980
current timestep 189
plan limit 980
current timestep 190
plan limit 980
current timestep 191
plan limit 980
current timestep 192
plan limit 980
current timestep 193
plan limit 980
current timestep 194
plan limit 980
current timestep 195
plan limit 980
current timestep 196
plan limit 980
current timestep 197
plan limit 980
current timestep 198
plan limit 980
current timestep 199
plan limit 980
current timestep 200
plan limit 980
current timestep 201
plan limit 980
current timestep 202
plan limit 980
current timestep 203
plan limit 980
current timestep 204
plan limit 980
current timestep 205
plan limit 980
current timestep 206
plan limit 980
current timestep 207
plan limit 980
current timestep 208
plan limit 980
current timestep 209
plan limit 980
current timestep 210
plan limit 980
current timestep 211
plan limit 980
current timestep 212
plan limit 980
current timestep 213
plan limit 980
current timestep 214
plan limit 980
current timestep 215
plan limit 980
current timestep 216
plan limit 980
current timestep 217
plan limit 980
current timestep 218
plan limit 980
current timestep 219
plan limit 980
current timestep 220
plan limit 980
current timestep 221
plan limit 980
current timestep 222
plan limit 980
current timestep 223
plan limit 980
current timestep 224
plan limit 980
current timestep 225
plan limit 980
current timestep 226
plan limit 980
current timestep 227
plan limit 980
current timestep 228
plan limit 980
current timestep 229
plan limit 980
current timestep 230
plan limit 980
current timestep 231
plan limit 980
current timestep 232
plan limit 980
current timestep 233
plan limit 980
current timestep 234
plan limit 980
current timestep 235
plan limit 980
current timestep 236
plan limit 980
current timestep 237
plan limit 980
current timestep 238
plan limit 980
current timestep 239
plan limit 980
current timestep 240
plan limit 980
current timestep 241
plan limit 980
current timestep 242
plan limit 980
current timestep 243
plan limit 980
current timestep 244
plan limit 980
current timestep 245
plan limit 980
current timestep 246
plan limit 980
current timestep 247
plan limit 980
current timestep 248
plan limit 980
current timestep 249
plan limit 980
current timestep 250
plan limit 980
current timestep 251
plan limit 980
current timestep 252
plan limit 980
current timestep 253
plan limit 980
current timestep 254
plan limit 980
current timestep 255
plan limit 980
current timestep 256
plan limit 980
current timestep 257
plan limit 980
current timestep 258
plan limit 980
current timestep 259
plan limit 980
current timestep 260
plan limit 980
current timestep 261
plan limit 980
current timestep 262
plan limit 980
current timestep 263
plan limit 980
current timestep 264
plan limit 980
All tasks finished at timestep 265
Running f10_n50_flow-unit_seed2
current timestep 0
num of flexible agents: 50
num of flexible tasks: 10
Solving time: 0.0004697 seconds
plan limit 980
current timestep 1
num of flexible agents: 49
num of flexible tasks: 19
Solving time: 0.0006582 seconds
plan limit 980
current timestep 2
num of flexible agents: 45
num of flexible tasks: 25
Solving time: 0.0006307 seconds
plan limit 980
current timestep 3
num of flexible agents: 42
num of flexible tasks: 32
Solving time: 0.0006104 seconds
plan limit 980
current timestep 4
num of flexible agents: 38
num of flexible tasks: 38
Solving time: 0.0007361 seconds
plan limit 979
current timestep 5
num of flexible agents: 35
num of flexible tasks: 45
Solving time: 0.0006023 seconds
plan limit 980
current timestep 6
num of flexible agents: 29
num of flexible tasks: 49
Solving time: 0.0005357 seconds
plan limit 980
current timestep 7
num of flexible agents: 28
num of flexible tasks: 58
Solving time: 0.0005169 seconds
plan limit 980
current timestep 8
num of flexible agents: 22
num of flexible tasks: 61
Solving time: 0.000474 seconds
plan limit 980
current timestep 9
num of flexible agents: 16
num of flexible tasks: 65
Solving time: 0.0004881 seconds
plan limit 980
current timestep 10
num of flexible agents: 15
num of flexible tasks: 72
Solving time: 0.000447 seconds
plan limit 980
current timestep 11
num of flexible agents: 11
num of flexible tasks: 77
Solving time: 0.0004035 seconds
plan limit 980
current timestep 12
num of flexible agents: 5
num of flexible tasks: 81
Solving time: 0.0003901 seconds
plan limit 980
current timestep 13
num of flexible agents: 0
num of flexible tasks: 86
Solving time: 0.0002943 seconds
plan limit 980
current timestep 14
num of flexible agents: 4
num of flexible tasks: 96
Solving time: 0.0003924 seconds
plan limit 980
current timestep 15
num of flexible agents: 4
num of flexible tasks: 104
Solving time: 0.0003798 seconds
plan limit 980
current timestep 16
num of flexible agents: 4
num of flexible tasks: 113
Solving time: 0.0003994 seconds
plan limit 980
current timestep 17
num of flexible agents: 5
num of flexible tasks: 122
Solving time: 0.0003908 seconds
plan limit 980
current timestep 18
num of flexible agents: 4
num of flexible tasks: 130
Solving time: 0.0010993 seconds
plan limit 979
current timestep 19
num of flexible agents: 3
num of flexible tasks: 137
Solving time: 0.0010185 seconds
plan limit 979
current timestep 20
num of flexible agents: 1
num of flexible tasks: 144
Solving time: 0.0005938 seconds
plan limit 980
current timestep 21
num of flexible agents: 1
num of flexible tasks: 154
Solving time: 0.0005941 seconds
plan limit 980
current timestep 22
num of flexible agents: 2
num of flexible tasks: 163
Solving time: 0.0009318 seconds
plan limit 979
current timestep 23
num of flexible agents: 2
num of flexible tasks: 171
Solving time: 0.0031716 seconds
plan limit 976
current timestep 24
num of flexible agents: 4
num of flexible tasks: 180
Solving time: 0.0010552 seconds
plan limit 979
current timestep 25
num of flexible agents: 4
num of flexible tasks: 186
Solving time: 0.0010875 seconds
plan limit 979
current timestep 26
num of flexible agents: 5
num of flexible tasks: 194
Solving time: 0.0005232 seconds
plan limit 980
current timestep 27
num of flexible agents: 3
num of flexible tasks: 202
Solving time: 0.0009566 seconds
plan limit 979
current timestep 28
num of flexible agents: 3
num of flexible tasks: 211
Solving time: 0.0009537 seconds
plan limit 979
current timestep 29
num of flexible agents: 3
num of flexible tasks: 219
Solving time: 0.0009672 seconds
plan limit 979
current timestep 30
num of flexible agents: 2
num of flexible tasks: 226
Solving time: 0.0008879 seconds
plan limit 979
current timestep 31
num of flexible agents: 5
num of flexible tasks: 235
Solving time: 0.000437 seconds
plan limit 980
current timestep 32
num of flexible agents: 4
num of flexible tasks: 241
Solving time: 0.0010187 seconds
plan limit 979
current timestep 33
num of flexible agents: 5
num of flexible tasks: 249
Solving time: 0.000948 seconds
plan limit 979
current timestep 34
num of flexible agents: 4
num of flexible tasks: 255
Solving time: 0.0011641 seconds
plan limit 979
current timestep 35
num of flexible agents: 4
num of flexible tasks: 261
Solving time: 0.001032 seconds
plan limit 979
current timestep 36
num of flexible agents: 4
num of flexible tasks: 267
Solving time: 0.00103 seconds
plan limit 979
current timestep 37
num of flexible agents: 2
num of flexible tasks: 274
Solving time: 0.0008713 seconds
plan limit 979
current timestep 38
num of flexible agents: 0
num of flexible tasks: 282
Solving time: 0.0003268 seconds
plan limit 980
current timestep 39
num of flexible agents: 2
num of flexible tasks: 292
Solving time: 0.0008184 seconds
plan limit 979
current timestep 40
num of flexible agents: 4
num of flexible tasks: 300
Solving time: 0.0010609 seconds
plan limit 979
current timestep 41
num of flexible agents: 2
num of flexible tasks: 306
Solving time: 0.0008392 seconds
plan limit 979
current timestep 42
num of flexible agents: 4
num of flexible tasks: 314
Solving time: 0.000927 seconds
plan limit 979
current timestep 43
num of flexible agents: 2
num of flexible tasks: 320
Solving time: 0.0008426 seconds
plan limit 979
current timestep 44
num of flexible agents: 2
num of flexible tasks: 328
Solving time: 0.0010619 seconds
plan limit 979
current timestep 45
num of flexible agents: 1
num of flexible tasks: 336
Solving time: 0.0005982 seconds
plan limit 980
current timestep 46
num of flexible agents: 3
num of flexible tasks: 345
Solving time: 0.0009991 seconds
plan limit 979
current timestep 47
num of flexible agents: 1
num of flexible tasks: 352
Solving time: 0.0006817 seconds
plan limit 979
current timestep 48
num of flexible agents: 3
num of flexible tasks: 361
Solving time: 0.0008643 seconds
plan limit 979
current timestep 49
num of flexible agents: 4
num of flexible tasks: 368
Solving time: 0.0009089 seconds
plan limit 979
current timestep 50
num of flexible agents: 1
num of flexible tasks: 364
Solving time: 0.0005211 seconds
plan limit 980
current timestep 51
num of flexible agents: 1
num of flexible tasks: 363
Solving time: 0.0005194 seconds
plan limit 980
current timestep 52
num of flexible agents: 4
num of flexible tasks: 362
Solving time: 0.0009486 seconds
plan limit 979
current timestep 53
num of flexible agents: 3
num of flexible tasks: 358
Solving time: 0.0008693 seconds
plan limit 979
current timestep 54
num of flexible agents: 2
num of flexible tasks: 356
Solving time: 0.0008072 seconds
plan limit 979
current timestep 55
num of flexible agents: 2
num of flexible tasks: 354
Solving time: 0.0007825 seconds
plan limit 979
current timestep 56
num of flexible agents: 2
num of flexible tasks: 353
Solving time: 0.0008222 seconds
plan limit 979
current timestep 57
num of flexible agents: 3
num of flexible tasks: 351
Solving time: 0.0009862 seconds
plan limit 979
current timestep 58
num of flexible agents: 2
num of flexible tasks: 348
Solving time: 0.0008059 seconds
plan limit 979
current timestep 59
num of flexible agents: 0
num of flexible tasks: 346
Solving time: 0.0003063 seconds
plan limit 980
current timestep 60
num of flexible agents: 4
num of flexible tasks: 346
Solving time: 0.0009622 seconds
plan limit 979
current timestep 61
num of flexible agents: 7
num of flexible tasks: 343
Solving time: 0.0003688 seconds
plan limit 980
current timestep 62
num of flexible agents: 5
num of flexible tasks: 336
Solving time: 0.00098 seconds
plan limit 979
current timestep 63
num of flexible agents: 2
num of flexible tasks: 332
Solving time: 0.0008108 seconds
plan limit 979
current timestep 64
num of flexible agents: 4
num of flexible tasks: 332
Solving time: 0.0008946 seconds
plan limit 979
current timestep 65
num of flexible agents: 3
num of flexible tasks: 329
Solving time: 0.0009074 seconds
plan limit 979
current timestep 66
num of flexible agents: 4
num of flexible tasks: 326
Solving time: 0.0009389 seconds
plan limit 979
current timestep 67
num of flexible agents: 4
num of flexible tasks: 322
Solving time: 0.0010162 seconds
plan limit 979
current timestep 68
num of flexible agents: 3
num of flexible tasks: 318
Solving time: 0.0009548 seconds
plan limit 979
current timestep 69
num of flexible agents: 1
num of flexible tasks: 315
Solving time: 0.0007848 seconds
plan limit 979
current timestep 70
num of flexible agents: 0
num of flexible tasks: 314
Solving time: 0.0003479 seconds
plan limit 980
current timestep 71
num of flexible agents: 1
num of flexible tasks: 314
Solving time: 0.0008077 seconds
plan limit 979
current timestep 72
num of flexible agents: 5
num of flexible tasks: 313
Solving time: 0.0009848 seconds
plan limit 979
current timestep 73
num of flexible agents: 2
num of flexible tasks: 308
Solving time: 0.0009249 seconds
plan limit 979
current timestep 74
num of flexible agents: 3
num of flexible tasks: 307
Solving time: 0.0009337 seconds
plan limit 979
current timestep 75
num of flexible agents: 5
num of flexible tasks: 304
Solving time: 0.0010902 seconds
plan limit 979
current timestep 76
num of flexible agents: 0
num of flexible tasks: 299
Solving time: 0.0003702 seconds
plan limit 980
current timestep 77
num of flexible agents: 3
num of flexible tasks: 299
Solving time: 0.0009419 seconds
plan limit 979
current timestep 78
num of flexible agents: 1
num of flexible tasks: 296
Solving time: 0.0007164 seconds
plan limit 979
current timestep 79
num of flexible agents: 1
num of flexible tasks: 295
Solving time: 0.0004419 seconds
plan limit 980
current timestep 80
num of flexible agents: 4
num of flexible tasks: 295
Solving time: 0.0009259 seconds
plan limit 979
current timestep 81
num of flexible agents: 4
num of flexible tasks: 293
Solving time: 0.0010972 seconds
plan limit 979
current timestep 82
num of flexible agents: 2
num of flexible tasks: 290
Solving time: 0.0008936 seconds
plan limit 979
current timestep 83
num of flexible agents: 1
num of flexible tasks: 288
Solving time: 0.0006969 seconds
plan limit 979
current timestep 84
num of flexible agents: 3
num of flexible tasks: 287
Solving time: 0.0009246 seconds
plan limit 979
current timestep 85
num of flexible agents: 4
num of flexible tasks: 284
Solving time: 0.0009022 seconds
plan limit 979
current timestep 86
num of flexible agents: 1
num of flexible tasks: 280
Solving time: 0.0009707 seconds
plan limit 979
current timestep 87
num of flexible agents: 4
num of flexible tasks: 279
Solving time: 0.0009135 seconds
plan limit 979
current timestep 88
num of flexible agents: 2
num of flexible tasks: 276
Solving time: 0.0008421 seconds
plan limit 979
current timestep 89
num of flexible agents: 1
num of flexible tasks: 274
Solving time: 0.0007202 seconds
plan limit 979
current timestep 90
num of flexible agents: 2
num of flexible tasks: 273
Solving time: 0.0008565 seconds
plan limit 979
current timestep 91
num of flexible agents: 1
num of flexible tasks: 271
Solving time: 0.0007175 seconds
plan limit 979
current timestep 92
num of flexible agents: 3
num of flexible tasks: 270
Solving time: 0.0009318 seconds
plan limit 979
current timestep 93
num of flexible agents: 3
num of flexible tasks: 268
Solving time: 0.0009568 seconds
plan limit 979
current timestep 94
num of flexible agents: 6
num of flexible tasks: 267
Solving time: 0.0003972 seconds
plan limit 980
current timestep 95
num of flexible agents: 3
num of flexible tasks: 263
Solving time: 0.0009206 seconds
plan limit 979
current timestep 96
num of flexible agents: 5
num of flexible tasks: 262
Solving time: 0.002831 seconds
plan limit 977
current timestep 97
num of flexible agents: 2
num of flexible tasks: 257
Solving time: 0.000876 seconds
plan limit 979
current timestep 98
num of flexible agents: 2
num of flexible tasks: 255
Solving time: 0.0008758 seconds
plan limit 979
current timestep 99
num of flexible agents: 4
num of flexible tasks: 254
Solving time: 0.0009239 seconds
plan limit 979
current timestep 100
num of flexible agents: 1
num of flexible tasks: 251
Solving time: 0.0007791 seconds
plan limit 979
current timestep 101
num of flexible agents: 3
num of flexible tasks: 251
Solving time: 0.0009388 seconds
plan limit 979
current timestep 102
num of flexible agents: 3
num of flexible tasks: 250
Solving time: 0.0009404 seconds
plan limit 979
current timestep 103
num of flexible agents: 4
num of flexible tasks: 247
Solving time: 0.0009721 seconds
plan limit 979
current timestep 104
num of flexible agents: 4
num of flexible tasks: 243
Solving time: 0.0009633 seconds
plan limit 979
current timestep 105
num of flexible agents: 5
num of flexible tasks: 241
Solving time: 0.0009952 seconds
plan limit 979
current timestep 106
num of flexible agents: 3
num of flexible tasks: 237
Solving time: 0.0009298 seconds
plan limit 979
current timestep 107
num of flexible agents: 3
num of flexible tasks: 234
Solving time: 0.0009709 seconds
plan limit 979
current timestep 108
num of flexible agents: 4
num of flexible tasks: 233
Solving time: 0.0009716 seconds
plan limit 979
current timestep 109
num of flexible agents: 4
num of flexible tasks: 230
Solving time: 0.0009724 seconds
plan limit 979
current timestep 110
num of flexible agents: 5
num of flexible tasks: 229
Solving time: 0.0009859 seconds
plan limit 979
current timestep 111
num of flexible agents: 0
num of flexible tasks: 224
Solving time: 0.0003161 seconds
plan limit 980
current timestep 112
num of flexible agents: 1
num of flexible tasks: 224
Solving time: 0.0008015 seconds
plan limit 979
current timestep 113
num of flexible agents: 2
num of flexible tasks: 223
Solving time: 0.0008839 seconds
plan limit 979
current timestep 114
num of flexible agents: 1
num of flexible tasks: 221
Solving time: 0.0007599 seconds
plan limit 979
current timestep 115
num of flexible agents: 4
num of flexible tasks: 220
Solving time: 0.0009788 seconds
plan limit 979
current timestep 116
num of flexible agents: 5
num of flexible tasks: 218
Solving time: 0.0009902 seconds
plan limit 979
current timestep 117
num of flexible agents: 3
num of flexible tasks: 216
Solving time: 0.0012262 seconds
plan limit 979
current timestep 118
num of flexible agents: 4
num of flexible tasks: 215
Solving time: 0.0009988 seconds
plan limit 979
current timestep 119
num of flexible agents: 3
num of flexible tasks: 212
Solving time: 0.0009358 seconds
plan limit 979
current timestep 120
num of flexible agents: 3
num of flexible tasks: 210
Solving time: 0.000939 seconds
plan limit 979
current timestep 121
num of flexible agents: 2
num of flexible tasks: 207
Solving time: 0.0009004 seconds
plan limit 979
current timestep 122
num of flexible agents: 6
num of flexible tasks: 207
Solving time: 0.000356 seconds
plan limit 980
current timestep 123
num of flexible agents: 4
num of flexible tasks: 203
Solving time: 0.0009716 seconds
plan limit 979
current timestep 124
num of flexible agents: 1
num of flexible tasks: 199
Solving time: 0.0008915 seconds
plan limit 979
current timestep 125
num of flexible agents: 0
num of flexible tasks: 198
Solving time: 0.0002953 seconds
plan limit 980
current timestep 126
num of flexible agents: 3
num of flexible tasks: 198
Solving time: 0.000963 seconds
plan limit 979
current timestep 127
num of flexible agents: 5
num of flexible tasks: 197
Solving time: 0.0005041 seconds
plan limit 980
current timestep 128
num of flexible agents: 4
num of flexible tasks: 195
Solving time: 0.0009619 seconds
plan limit 979
current timestep 129
num of flexible agents: 3
num of flexible tasks: 193
Solving time: 0.0009291 seconds
plan limit 979
current timestep 130
num of flexible agents: 2
num of flexible tasks: 190
Solving time: 0.0009972 seconds
plan limit 979
current timestep 131
num of flexible agents: 4
num of flexible tasks: 188
Solving time: 0.0009337 seconds
plan limit 979
current timestep 132
num of flexible agents: 5
num of flexible tasks: 185
Solving time: 0.0003582 seconds
plan limit 980
current timestep 133
num of flexible agents: 6
num of flexible tasks: 181
Solving time: 0.0003546 seconds
plan limit 980
current timestep 134
num of flexible agents: 3
num of flexible tasks: 177
Solving time: 0.00095 seconds
plan limit 979
current timestep 135
num of flexible agents: 3
num of flexible tasks: 174
Solving time: 0.0009165 seconds
plan limit 979
current timestep 136
num of flexible agents: 5
num of flexible tasks: 174
Solving time: 0.0003937 seconds
plan limit 980
current timestep 137
num of flexible agents: 6
num of flexible tasks: 172
Solving time: 0.000386 seconds
plan limit 980
current timestep 138
num of flexible agents: 4
num of flexible tasks: 168
Solving time: 0.0010105 seconds
plan limit 979
current timestep 139
num of flexible agents: 2
num of flexible tasks: 166
Solving time: 0.0008821 seconds
plan limit 979
current timestep 140
num of flexible agents: 1
num of flexible tasks: 165
Solving time: 0.000594 seconds
plan limit 980
current timestep 141
num of flexible agents: 6
num of flexible tasks: 165
Solving time: 0.0003786 seconds
plan limit 980
current timestep 142
num of flexible agents: 4
num of flexible tasks: 160
Solving time: 0.0009994 seconds
plan limit 979
current timestep 143
num of flexible agents: 5
num of flexible tasks: 158
Solving time: 0.0004405 seconds
plan limit 979
current timestep 144
num of flexible agents: 5
num of flexible tasks: 156
Solving time: 0.000381 seconds
plan limit 980
current timestep 145
num of flexible agents: 5
num of flexible tasks: 154
Solving time: 0.000388 seconds
plan limit 980
current timestep 146
num of flexible agents: 5
num of flexible tasks: 151
Solving time: 0.0003885 seconds
plan limit 980
current timestep 147
num of flexible agents: 3
num of flexible tasks: 147
Solving time: 0.0011799 seconds
plan limit 979
current timestep 148
num of flexible agents: 5
num of flexible tasks: 146
Solving time: 0.000375 seconds
plan limit 980
current timestep 149
num of flexible agents: 5
num of flexible tasks: 145
Solving time: 0.000349 seconds
plan limit 980
current timestep 150
num of flexible agents: 8
num of flexible tasks: 143
Solving time: 0.0003978 seconds
plan limit 980
current timestep 151
num of flexible agents: 4
num of flexible tasks: 138
Solving time: 0.000954 seconds
plan limit 979
current timestep 152
num of flexible agents: 7
num of flexible tasks: 137
Solving time: 0.0003875 seconds
plan limit 980
current timestep 153
num of flexible agents: 3
num of flexible tasks: 132
Solving time: 0.0009426 seconds
plan limit 979
current timestep 154
num of flexible agents: 3
num of flexible tasks: 130
Solving time: 0.0009186 seconds
plan limit 979
current timestep 155
num of flexible agents: 0
num of flexible tasks: 127
Solving time: 0.0002765 seconds
plan limit 980
current timestep 156
num of flexible agents: 3
num of flexible tasks: 127
Solving time: 0.0009583 seconds
plan limit 979
current timestep 157
num of flexible agents: 3
num of flexible tasks: 125
Solving time: 0.0009501 seconds
plan limit 979
current timestep 158
num of flexible agents: 5
num of flexible tasks: 123
Solving time: 0.0004 seconds
plan limit 980
current timestep 159
num of flexible agents: 6
num of flexible tasks: 122
Solving time: 0.0003779 seconds
plan limit 980
current timestep 160
num of flexible agents: 8
num of flexible tasks: 120
Solving time: 0.0003849 seconds
plan limit 980
current timestep 161
num of flexible agents: 6
num of flexible tasks: 117
Solving time: 0.0003714 seconds
plan limit 980
current timestep 162
num of flexible agents: 8
num of flexible tasks: 114
Solving time: 0.0004021 seconds
plan limit 980
current timestep 163
num of flexible agents: 7
num of flexible tasks: 112
Solving time: 0.0004058 seconds
plan limit 980
current timestep 164
num of flexible agents: 7
num of flexible tasks: 110
Solving time: 0.0004006 seconds
plan limit 980
current timestep 165
num of flexible agents: 8
num of flexible tasks: 109
Solving time: 0.0003857 seconds
plan limit 980
current timestep 166
num of flexible agents: 10
num of flexible tasks: 107
Solving time: 0.0004026 seconds
plan limit 980
current timestep 167
num of flexible agents: 7
num of flexible tasks: 103
Solving time: 0.0003625 seconds
plan limit 980
current timestep 168
num of flexible agents: 7
num of flexible tasks: 99
Solving time: 0.0013366 seconds
plan limit 978
current timestep 169
num of flexible agents: 4
num of flexible tasks: 96
Solving time: 0.0003855 seconds
plan limit 980
current timestep 170
num of flexible agents: 4
num of flexible tasks: 95
Solving time: 0.0004276 seconds
plan limit 980
current timestep 171
num of flexible agents: 3
num of flexible tasks: 94
Solving time: 0.000966 seconds
plan limit 979
current timestep 172
num of flexible agents: 5
num of flexible tasks: 93
Solving time: 0.0003595 seconds
plan limit 980
current timestep 173
num of flexible agents: 5
num of flexible tasks: 91
Solving time: 0.0003794 seconds
plan limit 980
current timestep 174
num of flexible agents: 6
num of flexible tasks: 90
Solving time: 0.0003814 seconds
plan limit 980
current timestep 175
num of flexible agents: 4
num of flexible tasks: 86
Solving time: 0.000359 seconds
plan limit 980
current timestep 176
num of flexible agents: 5
num of flexible tasks: 85
Solving time: 0.0003649 seconds
plan limit 980
current timestep 177
num of flexible agents: 4
num of flexible tasks: 83
Solving time: 0.0004513 seconds
plan limit 980
current timestep 178
num of flexible agents: 4
num of flexible tasks: 81
Solving time: 0.0003905 seconds
plan limit 980
current timestep 179
num of flexible agents: 8
num of flexible tasks: 80
Solving time: 0.0004454 seconds
plan limit 980
current timestep 180
num of flexible agents: 10
num of flexible tasks: 77
Solving time: 0.000429 seconds
plan limit 980
current timestep 181
num of flexible agents: 12
num of flexible tasks: 75
Solving time: 0.0004152 seconds
plan limit 980
current timestep 182
num of flexible agents: 9
num of flexible tasks: 71
Solving time: 0.0004397 seconds
plan limit 980
current timestep 183
num of flexible agents: 10
num of flexible tasks: 69
Solving time: 0.0004271 seconds
plan limit 980
current timestep 184
num of flexible agents: 10
num of flexible tasks: 68
Solving time: 0.0004047 seconds
plan limit 980
current timestep 185
num of flexible agents: 10
num of flexible tasks: 66
Solving time: 0.0005568 seconds
plan limit 980
current timestep 186
num of flexible agents: 8
num of flexible tasks: 63
Solving time: 0.0003967 seconds
plan limit 980
current timestep 187
num of flexible agents: 8
num of flexible tasks: 60
Solving time: 0.0004319 seconds
plan limit 980
current timestep 188
num of flexible agents: 8
num of flexible tasks: 58
Solving time: 0.0003888 seconds
plan limit 980
current timestep 189
num of flexible agents: 6
num of flexible tasks: 56
Solving time: 0.0004066 seconds
plan limit 980
current timestep 190
num of flexible agents: 4
num of flexible tasks: 53
Solving time: 0.000393 seconds
plan limit 980
current timestep 191
num of flexible agents: 4
num of flexible tasks: 52
Solving time: 0.0003963 seconds
plan limit 980
current timestep 192
num of flexible agents: 5
num of flexible tasks: 50
Solving time: 0.0004184 seconds
plan limit 980
current timestep 193
num of flexible agents: 6
num of flexible tasks: 50
Solving time: 0.0004202 seconds
plan limit 980
current timestep 194
num of flexible agents: 6
num of flexible tasks: 49
Solving time: 0.000381 seconds
plan limit 980
current timestep 195
num of flexible agents: 12
num of flexible tasks: 48
Solving time: 0.0004279 seconds
plan limit 980
current timestep 196
num of flexible agents: 12
num of flexible tasks: 46
Solving time: 0.0004918 seconds
plan limit 980
current timestep 197
num of flexible agents: 12
num of flexible tasks: 45
Solving time: 0.0004764 seconds
plan limit 980
current timestep 198
num of flexible agents: 10
num of flexible tasks: 42
Solving time: 0.0004562 seconds
plan limit 980
current timestep 199
num of flexible agents: 15
num of flexible tasks: 42
Solving time: 0.000471 seconds
plan limit 979
current timestep 200
num of flexible agents: 13
num of flexible tasks: 39
Solving time: 0.0004115 seconds
plan limit 980
current timestep 201
num of flexible agents: 13
num of flexible tasks: 38
Solving time: 0.0005249 seconds
plan limit 980
current timestep 202
num of flexible agents: 14
num of flexible tasks: 38
Solving time: 0.0004177 seconds
plan limit 980
current timestep 203
num of flexible agents: 17
num of flexible tasks: 38
Solving time: 0.0004567 seconds
plan limit 980
current timestep 204
num of flexible agents: 17
num of flexible tasks: 37
Solving time: 0.0005203 seconds
plan limit 980
current timestep 205
num of flexible agents: 18
num of flexible tasks: 37
Solving time: 0.0004705 seconds
plan limit 980
current timestep 206
num of flexible agents: 21
num of flexible tasks: 36
Solving time: 0.0005553 seconds
plan limit 980
current timestep 207
num of flexible agents: 21
num of flexible tasks: 34
Solving time: 0.0004229 seconds
plan limit 980
current timestep 208
num of flexible agents: 20
num of flexible tasks: 32
Solving time: 0.0006278 seconds
plan limit 980
current timestep 209
num of flexible agents: 21
num of flexible tasks: 31
Solving time: 0.000402 seconds
plan limit 980
current timestep 210
num of flexible agents: 19
num of flexible tasks: 29
Solving time: 0.000462 seconds
plan limit 980
current timestep 211
num of flexible agents: 19
num of flexible tasks: 28
Solving time: 0.0005474 seconds
plan limit 980
current timestep 212
num of flexible agents: 20
num of flexible tasks: 28
Solving time: 0.0003873 seconds
plan limit 980
current timestep 213
num of flexible agents: 20
num of flexible tasks: 26
Solving time: 0.000466 seconds
plan limit 980
current timestep 214
num of flexible agents: 21
num of flexible tasks: 25
Solving time: 0.0004618 seconds
plan limit 980
current timestep 215
num of flexible agents: 19
num of flexible tasks: 23
Solving time: 0.0005091 seconds
plan limit 980
current timestep 216
num of flexible agents: 20
num of flexible tasks: 22
Solving time: 0.0005379 seconds
plan limit 980
current timestep 217
num of flexible agents: 19
num of flexible tasks: 18
Solving time: 0.0004608 seconds
plan limit 980
current timestep 218
num of flexible agents: 20
num of flexible tasks: 17
Solving time: 0.0003637 seconds
plan limit 980
current timestep 219
num of flexible agents: 22
num of flexible tasks: 16
Solving time: 0.0003303 seconds
plan limit 980
current timestep 220
num of flexible agents: 23
num of flexible tasks: 16
Solving time: 0.0003331 seconds
plan limit 980
current timestep 221
num of flexible agents: 22
num of flexible tasks: 14
Solving time: 0.0009001 seconds
plan limit 979
current timestep 222
num of flexible agents: 23
num of flexible tasks: 14
Solving time: 0.0003742 seconds
plan limit 980
current timestep 223
num of flexible agents: 24
num of flexible tasks: 13
Solving time: 0.0003441 seconds
plan limit 980
current timestep 224
num of flexible agents: 23
num of flexible tasks: 11
Solving time: 0.001005 seconds
plan limit 979
current timestep 225
num of flexible agents: 20
num of flexible tasks: 8
Solving time: 0.0004023 seconds
plan limit 980
current timestep 226
num of flexible agents: 19
num of flexible tasks: 6
Solving time: 0.0011302 seconds
plan limit 979
current timestep 227
num of flexible agents: 16
num of flexible tasks: 2
Solving time: 0.0005069 seconds
plan limit 980
current timestep 228
num of flexible agents: 18
num of flexible tasks: 2
Solving time: 0.0003038 seconds
plan limit 980
current timestep 229
num of flexible agents: 20
num of flexible tasks: 2
Solving time: 0.0003204 seconds
plan limit 980
current timestep 230
num of flexible agents: 20
num of flexible tasks: 2
Solving time: 0.0004549 seconds
plan limit 980
current timestep 231
num of flexible agents: 21
num of flexible tasks: 2
Solving time: 0.0002832 seconds
plan limit 980
current timestep 232
num of flexible agents: 21
num of flexible tasks: 1
Solving time: 0.0003645 seconds
plan limit 980
current timestep 233
num of flexible agents: 22
num of flexible tasks: 1
Solving time: 0.000357 seconds
plan limit 980
current timestep 234
num of flexible agents: 23
num of flexible tasks: 1
Solving time: 0.0002896 seconds
plan limit 980
current timestep 235
num of flexible agents: 24
num of flexible tasks: 1
Solving time: 0.0004274 seconds
plan limit 980
current timestep 236
num of flexible agents: 24
num of flexible tasks: 0
Solving time: 0.0002341 seconds
plan limit 980
current timestep 237
num of flexible agents: 25
num of flexible tasks: 0
Solving time: 0.0002305 seconds
plan limit 980
current timestep 238
num of flexible agents: 26
num of flexible tasks: 0
Solving time: 0.0002248 seconds
plan limit 980
current timestep 239
num of flexible agents: 28
num of flexible tasks: 0
Solving time: 0.0003074 seconds
plan limit 980
current timestep 240
num of flexible agents: 28
num of flexible tasks: 0
Solving time: 0.000246 seconds
plan limit 980
current timestep 241
num of flexible agents: 31
num of flexible tasks: 0
Solving time: 0.0003337 seconds
plan limit 980
current timestep 242
num of flexible agents: 33
num of flexible tasks: 0
Solving time: 0.0002367 seconds
plan limit 980
current timestep 243
num of flexible agents: 34
num of flexible tasks: 0
Solving time: 0.000237 seconds
plan limit 980
current timestep 244
num of flexible agents: 36
num of flexible tasks: 0
Solving time: 0.0002322 seconds
plan limit 980
current timestep 245
num of flexible agents: 38
num of flexible tasks: 0
Solving time: 0.0002179 seconds
plan limit 980
current timestep 246
num of flexible agents: 41
num of flexible tasks: 0
Solving time: 0.0003152 seconds
plan limit 980
current timestep 247
num of flexible agents: 42
num of flexible tasks: 0
Solving time: 0.0003236 seconds
plan limit 980
current timestep 248
num of flexible agents: 43
num of flexible tasks: 0
Solving time: 0.0002482 seconds
plan limit 980
current timestep 249
num of flexible agents: 43
num of flexible tasks: 0
Solving time: 0.0002306 seconds
plan limit 980
current timestep 250
num of flexible agents: 44
num of flexible tasks: 0
Solving time: 0.0002378 seconds
plan limit 980
current timestep 251
num of flexible agents: 45
num of flexible tasks: 0
Solving time: 0.0004607 seconds
plan limit 980
current timestep 252
num of flexible agents: 46
num of flexible tasks: 0
Solving time: 0.0002378 seconds
plan limit 980
current timestep 253
num of flexible agents: 46
num of flexible tasks: 0
Solving time: 0.000319 seconds
plan limit 980
current timestep 254
num of flexible agents: 46
num of flexible tasks: 0
Solving time: 0.0002495 seconds
plan limit 980
current timestep 255
num of flexible agents: 46
num of flexible tasks: 0
Solving time: 0.0002358 seconds
plan limit 980
current timestep 256
num of flexible agents: 46
num of flexible tasks: 0
Solving time: 0.0002461 seconds
plan limit 980
current timestep 257
num of flexible agents: 47
num of flexible tasks: 0
Solving time: 0.0002312 seconds
plan limit 980
current timestep 258
num of flexible agents: 47
num of flexible tasks: 0
Solving time: 0.0002335 seconds
plan limit 980
current timestep 259
num of flexible agents: 47
num of flexible tasks: 0
Solving time: 0.0003223 seconds
plan limit 980
current timestep 260
num of flexible agents: 47
num of flexible tasks: 0
Solving time: 0.0003087 seconds
plan limit 980
current timestep 261
num of flexible agents: 47
num of flexible tasks: 0
Solving time: 0.0002214 seconds
plan limit 980
current timestep 262
num of flexible agents: 47
num of flexible tasks: 0
Solving time: 0.0002308 seconds
plan limit 980
current timestep 263
num of flexible agents: 49
num of flexible tasks: 0
Solving time: 0.0002592 seconds
plan limit 980
All tasks finished at timestep 264
Running f10_n50_taskmatcher-free_seed2
current timestep 0
plan limit 980
current timestep 1
plan limit 980
current timestep 2
plan limit 980
current timestep 3
plan limit 980
current timestep 4
plan limit 980
current timestep 5
plan limit 980
current timestep 6
plan limit 980
current timestep 7
plan limit 980
current timestep 8
plan limit 980
current timestep 9
plan limit 980
current timestep 10
plan limit 980
current timestep 11
plan limit 980
current timestep 12
plan limit 980
current timestep 13
plan limit 980
current timestep 14
plan limit 980
current timestep 15
plan limit 980
current timestep 16
plan limit 980
current timestep 17
plan limit 980
current timestep 18
plan limit 980
current timestep 19
plan limit 980
current timestep 20
plan limit 980
current timestep 21
plan limit 980
current timestep 22
plan limit 980
current timestep 23
plan limit 980
current timestep 24
plan limit 980
current timestep 25
plan limit 980
current timestep 26
plan limit 980
current timestep 27
plan limit 980
current timestep 28
plan limit 980
current timestep 29
plan limit 980
current timestep 30
plan limit 980
current timestep 31
plan limit 980
current timestep 32
plan limit 980
current timestep 33
plan limit 980
current timestep 34
plan limit 980
current timestep 35
plan limit 980
current timestep 36
plan limit 980
current timestep 37
plan limit 980
current timestep 38
plan limit 980
current timestep 39
plan limit 980
current timestep 40
plan limit 980
current timestep 41
plan limit 980
current timestep 42
plan limit 980
current timestep 43
plan limit 980
current timestep 44
plan limit 980
current timestep 45
plan limit 980
current timestep 46
plan limit 980
current timestep 47
plan limit 980
current timestep 48
plan limit 980
current timestep 49
plan limit 980
current timestep 50
plan limit 980
current timestep 51
plan limit 980
current timestep 52
plan limit 980
current timestep 53
plan limit 980
current timestep 54
plan limit 980
current timestep 55
plan limit 980
current timestep 56
plan limit 980
current timestep 57
plan limit 980
current timestep 58
plan limit 980
current timestep 59
plan limit 980
current timestep 60
plan limit 980
current timestep 61
plan limit 980
current timestep 62
plan limit 980
current timestep 63
plan limit 980
current timestep 64
plan limit 980
current timestep 65
plan limit 980
current timestep 66
plan limit 980
current timestep 67
plan limit 980
current timestep 68
plan limit 980
current timestep 69
plan limit 980
current timestep 70
plan limit 980
current timestep 71
plan limit 980
current timestep 72
plan limit 980
current timestep 73
plan limit 980
current timestep 74
plan limit 980
current timestep 75
plan limit 980
current timestep 76
plan limit 980
current timestep 77
plan limit 980
current timestep 78
plan limit 980
current timestep 79
plan limit 980
current timestep 80
plan limit 980
current timestep 81
plan limit 980
current timestep 82
plan limit 980
current timestep 83
plan limit 980
current timestep 84
plan limit 980
current timestep 85
plan limit 980
current timestep 86
plan limit 980
current timestep 87
plan limit 980
current timestep 88
plan limit 980
current timestep 89
plan limit 980
current timestep 90
plan limit 980
current timestep 91
plan limit 980
current timestep 92
plan limit 980
current timestep 93
plan limit 980
current timestep 94
plan limit 980
current timestep 95
plan limit 980
current timestep 96
plan limit 980
current timestep 97
plan limit 980
current timestep 98
plan limit 980
current timestep 99
plan limit 980
current timestep 100
plan limit 980
current timestep 101
plan limit 980
current timestep 102
plan limit 980
current timestep 103
plan limit 980
current timestep 104
plan limit 980
current timestep 105
plan limit 980
current timestep 106
plan limit 980
current timestep 107
plan limit 980
current timestep 108
plan limit 980
current timestep 109
plan limit 980
current timestep 110
plan limit 980
current timestep 111
plan limit 980
current timestep 112
plan limit 980
current timestep 113
plan limit 980
current timestep 114
plan limit 980
current timestep 115
plan limit 980
current timestep 116
plan limit 980
current timestep 117
plan limit 980
current timestep 118
plan limit 980
current timestep 119
plan limit 980
current timestep 120
plan limit 980
current timestep 121
plan limit 980
current timestep 122
plan limit 980
current timestep 123
plan limit 980
current timestep 124
plan limit 980
current timestep 125
plan limit 980
current timestep 126
plan limit 980
current timestep 127
plan limit 980
current timestep 128
plan limit 980
current timestep 129
plan limit 980
current timestep 130
plan limit 980
current timestep 131
plan limit 980
current timestep 132
plan limit 980
current timestep 133
plan limit 980
current timestep 134
plan limit 980
current timestep 135
plan limit 980
current timestep 136
plan limit 980
current timestep 137
plan limit 980
current timestep 138
plan limit 980
current timestep 139
plan limit 980
current timestep 140
plan limit 980
current timestep 141
plan limit 980
current timestep 142
plan limit 980
current timestep 143
plan limit 980
current timestep 144
plan limit 980
current timestep 145
plan limit 980
current timestep 146
plan limit 980
current timestep 147
plan limit 980
current timestep 148
plan limit 980
current timestep 149
plan limit 980
current timestep 150
plan limit 980
current timestep 151
plan limit 980
current timestep 152
plan limit 980
current timestep 153
plan limit 980
current timestep 154
plan limit 980
current timestep 155
plan limit 980
current timestep 156
plan limit 980
current timestep 157
plan limit 980
current timestep 158
plan limit 980
current timestep 159
plan limit 980
current timestep 160
plan limit 980
current timestep 161
plan limit 980
current timestep 162
plan limit 980
current timestep 163
plan limit 980
current timestep 164
plan limit 980
current timestep 165
plan limit 980
current timestep 166
plan limit 980
current timestep 167
plan limit 980
current timestep 168
plan limit 980
current timestep 169
plan limit 980
current timestep 170
plan limit 980
current timestep 171
plan limit 980
current timestep 172
plan limit 980
current timestep 173
plan limit 980
current timestep 174
plan limit 980
current timestep 175
plan limit 980
current timestep 176
plan limit 980
current timestep 177
plan limit 980
current timestep 178
plan limit 980
current timestep 179
plan limit 980
current timestep 180
plan limit 980
current timestep 181
plan limit 980
current timestep 182
plan limit 980
current timestep 183
plan limit 980
current timestep 184
plan limit 980
current timestep 185
plan limit 980
current timestep 186
plan limit 980
current timestep 187
plan limit 980
current timestep 188
plan limit 980
current timestep 189
plan limit 980
current timestep 190
plan limit 980
current timestep 191
plan limit 980
current timestep 192
plan limit 980
current timestep 193
plan limit 980
current timestep 194
plan limit 980
current timestep 195
plan limit 980
current timestep 196
plan limit 980
current timestep 197
plan limit 980
current timestep 198
plan limit 980
current timestep 199
plan limit 980
current timestep 200
plan limit 980
current timestep 201
plan limit 980
current timestep 202
plan limit 980
current timestep 203
plan limit 980
current timestep 204
plan limit 980
current timestep 205
plan limit 980
current timestep 206
plan limit 980
current timestep 207
plan limit 980
current timestep 208
plan limit 980
current timestep 209
plan limit 980
current timestep 210
plan limit 980
current timestep 211
plan limit 980
current timestep 212
plan limit 980
current timestep 213
plan limit 980
current timestep 214
plan limit 980
current timestep 215
plan limit 980
current timestep 216
plan limit 980
current timestep 217
plan limit 980
current timestep 218
plan limit 980
current timestep 219
plan limit 980
current timestep 220
plan limit 980
current timestep 221
plan limit 980
current timestep 222
plan limit 980
current timestep 223
plan limit 980
current timestep 224
plan limit 980
current timestep 225
plan limit 980
current timestep 226
plan limit 980
current timestep 227
plan limit 980
current timestep 228
plan limit 980
current timestep 229
plan limit 980
current timestep 230
plan limit 980
current timestep 231
plan limit 980
current timestep 232
plan limit 980
current timestep 233
plan limit 980
current timestep 234
plan limit 980
current timestep 235
plan limit 980
current timestep 236
plan limit 980
current timestep 237
plan limit 980
current timestep 238
plan limit 980
current timestep 239
plan limit 980
current timestep 240
plan limit 980
current timestep 241
plan limit 980
current timestep 242
plan limit 980
current timestep 243
plan limit 980
current timestep 244
plan limit 980
current timestep 245
plan limit 980
current timestep 246
plan limit 980
current timestep 247
plan limit 980
current timestep 248
plan limit 980
current timestep 249
plan limit 980
current timestep 250
plan limit 980
current timestep 251
plan limit 980
current timestep 252
plan limit 980
current timestep 253
plan limit 980
current timestep 254
plan limit 980
current timestep 255
plan limit 980
current timestep 256
plan limit 980
current timestep 257
plan limit 980
current timestep 258
plan limit 980
current timestep 259
plan limit 980
current timestep 260
plan limit 980
current timestep 261
plan limit 980
current timestep 262
plan limit 980
current timestep 263
plan limit 980
current timestep 264
plan limit 980
All tasks finished at timestep 265
Running f10_n50_flow-unit_seed3
current timestep 0
num of flexible agents: 50
num of flexible tasks: 10
Solving time: 0.0004744 seconds
plan limit 980
current timestep 1
num of flexible agents: 49
num of flexible tasks: 19
Solving time: 0.0005252 seconds
plan limit 980
current timestep 2
num of flexible agents: 47
num of flexible tasks: 27
Solving time: 0.0006503 seconds
plan limit 980
current timestep 3
num of flexible agents: 45
num of flexible tasks: 35
Solving time: 0.0006305 seconds
plan limit 980
current timestep 4
num of flexible agents: 41
num of flexible tasks: 41
Solving time: 0.0008 seconds
plan limit 979
current timestep 5
num of flexible agents: 38
num of flexible tasks: 48
Solving time: 0.0006491 seconds
plan limit 980
current timestep 6
num of flexible agents: 31
num of flexible tasks: 51
Solving time: 0.0005536 seconds
plan limit 980
current timestep 7
num of flexible agents: 24
num of flexible tasks: 54
Solving time: 0.0005318 seconds
plan limit 980
current timestep 8
num of flexible agents: 20
num of flexible tasks: 60
Solving time: 0.0004839 seconds
plan limit 980
current timestep 9
num of flexible agents: 15
num of flexible tasks: 64
Solving time: 0.0004293 seconds
plan limit 980
current timestep 10
num of flexible agents: 13
num of flexible tasks: 70
Solving time: 0.0004189 seconds
plan limit 980
current timestep 11
num of flexible agents: 5
num of flexible tasks: 71
Solving time: 0.0004049 seconds
plan limit 980
current timestep 12
num of flexible agents: 2
num of flexible tasks: 77
Solving time: 0.000862 seconds
plan limit 979
current timestep 13
num of flexible agents: 3
num of flexible tasks: 87
Solving time: 0.0009062 seconds
plan limit 979
current timestep 14
num of flexible agents: 6
num of flexible tasks: 97
Solving time: 0.000405 seconds
plan limit 980
current timestep 15
num of flexible agents: 3
num of flexible tasks: 104
Solving time: 0.00093 seconds
plan limit 979
current timestep 16
num of flexible agents: 3
num of flexible tasks: 114
Solving time: 0.0009505 seconds
plan limit 979
current timestep 17
num of flexible agents: 2
num of flexible tasks: 122
Solving time: 0.0008912 seconds
plan limit 979
current timestep 18
num of flexible agents: 2
num of flexible tasks: 131
Solving time: 0.0008887 seconds
plan limit 979
current timestep 19
num of flexible agents: 2
num of flexible tasks: 140
Solving time: 0.0009006 seconds
plan limit 979
current timestep 20
num of flexible agents: 1
num of flexible tasks: 149
Solving time: 0.0007739 seconds
plan limit 979
current timestep 21
num of flexible agents: 2
num of flexible tasks: 159
Solving time: 0.0009583 seconds
plan limit 979
current timestep 22
num of flexible agents: 2
num of flexible tasks: 168
Solving time: 0.0008602 seconds
plan limit 979
current timestep 23
num of flexible agents: 1
num of flexible tasks: 176
Solving time: 0.0005569 seconds
plan limit 980
current timestep 24
num of flexible agents: 1
num of flexible tasks: 185
Solving time: 0.0004556 seconds
plan limit 980
current timestep 25
num of flexible agents: 2
num of flexible tasks: 195
Solving time: 0.0008346 seconds
plan limit 979
current timestep 26
num of flexible agents: 0
num of flexible tasks: 203
Solving time: 0.0002996 seconds
plan limit 980
current timestep 27
num of flexible agents: 2
num of flexible tasks: 213
Solving time: 0.0010087 seconds
plan limit 979
current timestep 28
num of flexible agents: 3
num of flexible tasks: 221
Solving time: 0.0009696 seconds
plan limit 979
current timestep 29
num of flexible agents: 2
num of flexible tasks: 229
Solving time: 0.0008703 seconds
plan limit 979
current timestep 30
num of flexible agents: 3
num of flexible tasks: 237
Solving time: 0.0009454 seconds
plan limit 979
current timestep 31
num of flexible agents: 3
num of flexible tasks: 244
Solving time: 0.0009622 seconds
plan limit 979
current timestep 32
num of flexible agents: 3
num of flexible tasks: 251
Solving time: 0.0009547 seconds
plan limit 979
current timestep 33
num of flexible agents: 2
num of flexible tasks: 258
Solving time: 0.0008885 seconds
plan limit 979
current timestep 34
num of flexible agents: 2
num of flexible tasks: 266
Solving time: 0.0008974 seconds
plan limit 979
current timestep 35
num of flexible agents: 4
num of flexible tasks: 274
Solving time: 0.000999 seconds
plan limit 979
current timestep 36
num of flexible agents: 3
num of flexible tasks: 281
Solving time: 0.0009231 seconds
plan limit 979
current timestep 37
num of flexible agents: 5
num of flexible tasks: 288
Solving time: 0.0010562 seconds
plan limit 979
current timestep 38
num of flexible agents: 6
num of flexible tasks: 294
Solving time: 0.0004168 seconds
plan limit 980
current timestep 39
num of flexible agents: 4
num of flexible tasks: 300
Solving time: 0.0010151 seconds
plan limit 979
current timestep 40
num of flexible agents: 2
num of flexible tasks: 307
Solving time: 0.0008387 seconds
plan limit 979
current timestep 41
num of flexible agents: 2
num of flexible tasks: 317
Solving time: 0.0008087 seconds
plan limit 979
current timestep 42
num of flexible agents: 2
num of flexible tasks: 325
Solving time: 0.0008277 seconds
plan limit 979
current timestep 43
num of flexible agents: 5
num of flexible tasks: 334
Solving time: 0.0010375 seconds
plan limit 979
current timestep 44
num of flexible agents: 0
num of flexible tasks: 339
Solving time: 0.0003338 seconds
plan limit 980
current timestep 45
num of flexible agents: 3
num of flexible tasks: 349
Solving time: 0.0008709 seconds
plan limit 979
current timestep 46
num of flexible agents: 1
num of flexible tasks: 356
Solving time: 0.0004536 seconds
plan limit 979
current timestep 47
num of flexible agents: 1
num of flexible tasks: 365
Solving time: 0.000693 seconds
plan limit 979
current timestep 48
num of flexible agents: 1
num of flexible tasks: 374
Solving time: 0.0006812 seconds
plan limit 979
current timestep 49
num of flexible agents: 1
num of flexible tasks: 383
Solving time: 0.00056 seconds
plan limit 980
current timestep 50
num of flexible agents: 5
num of flexible tasks: 383
Solving time: 0.0010182 seconds
plan limit 979
current timestep 51
num of flexible agents: 6
num of flexible tasks: 379
Solving time: 0.0004175 seconds
plan limit 980
current timestep 52
num of flexible agents: 2
num of flexible tasks: 373
Solving time: 0.0007888 seconds
plan limit 979
current timestep 53
num of flexible agents: 3
num of flexible tasks: 371
Solving time: 0.0008942 seconds
plan limit 979
current timestep 54
num of flexible agents: 2
num of flexible tasks: 368
Solving time: 0.0008031 seconds
plan limit 979
current timestep 55
num of flexible agents: 6
num of flexible tasks: 367
Solving time: 0.0003989 seconds
plan limit 980
current timestep 56
num of flexible agents: 2
num of flexible tasks: 361
Solving time: 0.0007667 seconds
plan limit 979
current timestep 57
num of flexible agents: 6
num of flexible tasks: 359
Solving time: 0.0003867 seconds
plan limit 980
current timestep 58
num of flexible agents: 1
num of flexible tasks: 354
Solving time: 0.0007196 seconds
plan limit 979
current timestep 59
num of flexible agents: 2
num of flexible tasks: 353
Solving time: 0.0009621 seconds
plan limit 979
current timestep 60
num of flexible agents: 1
num of flexible tasks: 351
Solving time: 0.0007038 seconds
plan limit 979
current timestep 61
num of flexible agents: 1
num of flexible tasks: 350
Solving time: 0.0007039 seconds
plan limit 979
current timestep 62
num of flexible agents: 3
num of flexible tasks: 349
Solving time: 0.000898 seconds
plan limit 979
current timestep 63
num of flexible agents: 0
num of flexible tasks: 346
Solving time: 0.0004116 seconds
plan limit 980
current timestep 64
num of flexible agents: 3
num of flexible tasks: 346
Solving time: 0.0010791 seconds
plan limit 979
current timestep 65
num of flexible agents: 3
num of flexible tasks: 344
Solving time: 0.0009994 seconds
plan limit 979
current timestep 66
num of flexible agents: 6
num of flexible tasks: 341
Solving time: 0.0003966 seconds
plan limit 980
current timestep 67
num of flexible agents: 1
num of flexible tasks: 335
Solving time: 0.0006923 seconds
plan limit 979
current timestep 68
num of flexible agents: 2
num of flexible tasks: 334
Solving time: 0.0008381 seconds
plan limit 979
current timestep 69
num of flexible agents: 3
num of flexible tasks: 332
Solving time: 0.0009108 seconds
plan limit 979
current timestep 70
num of flexible agents: 1
num of flexible tasks: 330
Solving time: 0.0006805 seconds
plan limit 979
current timestep 71
num of flexible agents: 2
num of flexible tasks: 329
Solving time: 0.0008173 seconds
plan limit 979
current timestep 72
num of flexible agents: 5
num of flexible tasks: 328
Solving time: 0.0010511 seconds
plan limit 979
current timestep 73
num of flexible agents: 0
num of flexible tasks: 323
Solving time: 0.0003271 seconds
plan limit 980
current timestep 74
num of flexible agents: 1
num of flexible tasks: 323
Solving time: 0.0005063 seconds
plan limit 980
current timestep 75
num of flexible agents: 4
num of flexible tasks: 323
Solving time: 0.0009605 seconds
plan limit 979
current timestep 76
num of flexible agents: 1
num of flexible tasks: 319
Solving time: 0.0003891 seconds
plan limit 980
current timestep 77
num of flexible agents: 2
num of flexible tasks: 318
Solving time: 0.0008312 seconds
plan limit 979
current timestep 78
num of flexible agents: 5
num of flexible tasks: 317
Solving time: 0.0010386 seconds
plan limit 979
current timestep 79
num of flexible agents: 1
num of flexible tasks: 313
Solving time: 0.0008932 seconds
plan limit 979
current timestep 80
num of flexible agents: 3
num of flexible tasks: 313
Solving time: 0.0008805 seconds
plan limit 979
current timestep 81
num of flexible agents: 2
num of flexible tasks: 311
Solving time: 0.0008408 seconds
plan limit 979
current timestep 82
num of flexible agents: 6
num of flexible tasks: 309
Solving time: 0.0003968 seconds
plan limit 980
current timestep 83
num of flexible agents: 1
num of flexible tasks: 304
Solving time: 0.0005291 seconds
plan limit 980
current timestep 84
num of flexible agents: 1
num of flexible tasks: 304
Solving time: 0.0006048 seconds
plan limit 979
current timestep 85
num of flexible agents: 4
num of flexible tasks: 304
Solving time: 0.0009473 seconds
plan limit 979
current timestep 86
num of flexible agents: 4
num of flexible tasks: 301
Solving time: 0.0009389 seconds
plan limit 979
current timestep 87
num of flexible agents: 2
num of flexible tasks: 297
Solving time: 0.0008756 seconds
plan limit 979
current timestep 88
num of flexible agents: 6
num of flexible tasks: 295
Solving time: 0.0003741 seconds
plan limit 980
current timestep 89
num of flexible agents: 2
num of flexible tasks: 289
Solving time: 0.0019839 seconds
plan limit 978
current timestep 90
num of flexible agents: 1
num of flexible tasks: 287
Solving time: 0.0007796 seconds
plan limit 979
current timestep 91
num of flexible agents: 3
num of flexible tasks: 286
Solving time: 0.0008875 seconds
plan limit 979
current timestep 92
num of flexible agents: 3
num of flexible tasks: 284
Solving time: 0.0008787 seconds
plan limit 979
current timestep 93
num of flexible agents: 1
num of flexible tasks: 282
Solving time: 0.0005095 seconds
plan limit 980
current timestep 94
num of flexible agents: 1
num of flexible tasks: 281
Solving time: 0.0006071 seconds
plan limit 980
current timestep 95
num of flexible agents: 5
num of flexible tasks: 281
Solving time: 0.0010259 seconds
plan limit 979
current timestep 96
num of flexible agents: 3
num of flexible tasks: 277
Solving time: 0.0009111 seconds
plan limit 979
current timestep 97
num of flexible agents: 5
num of flexible tasks: 276
Solving time: 0.0010394 seconds
plan limit 979
current timestep 98
num of flexible agents: 0
num of flexible tasks: 271
Solving time: 0.0003441 seconds
plan limit 980
current timestep 99
num of flexible agents: 3
num of flexible tasks: 271
Solving time: 0.0009075 seconds
plan limit 979
current timestep 100
num of flexible agents: 4
num of flexible tasks: 269
Solving time: 0.0010432 seconds
plan limit 979
current timestep 101
num of flexible agents: 4
num of flexible tasks: 266
Solving time: 0.0009293 seconds
plan limit 979
current timestep 102
num of flexible agents: 6
num of flexible tasks: 265
Solving time: 0.0003993 seconds
plan limit 980
current timestep 103
num of flexible agents: 4
num of flexible tasks: 260
Solving time: 0.0009631 seconds
plan limit 979
current timestep 104
num of flexible agents: 2
num of flexible tasks: 256
Solving time: 0.0008416 seconds
plan limit 979
current timestep 105
num of flexible agents: 1
num of flexible tasks: 254
Solving time: 0.0007806 seconds
plan limit 979
current timestep 106
num of flexible agents: 2
num of flexible tasks: 253
Solving time: 0.0008693 seconds
plan limit 979
current timestep 107
num of flexible agents: 3
num of flexible tasks: 252
Solving time: 0.0008962 seconds
plan limit 979
current timestep 108
num of flexible agents: 4
num of flexible tasks: 251
Solving time: 0.0009549 seconds
plan limit 979
current timestep 109
num of flexible agents: 1
num of flexible tasks: 248
Solving time: 0.0009628 seconds
plan limit 979
current timestep 110
num of flexible agents: 4
num of flexible tasks: 247
Solving time: 0.0010449 seconds
plan limit 979
current timestep 111
num of flexible agents: 2
num of flexible tasks: 243
Solving time: 0.0008479 seconds
plan limit 979
current timestep 112
num of flexible agents: 0
num of flexible tasks: 241
Solving time: 0.000414 seconds
plan limit 980
current timestep 113
num of flexible agents: 5
num of flexible tasks: 241
Solving time: 0.0010595 seconds
plan limit 979
current timestep 114
num of flexible agents: 3
num of flexible tasks: 239
Solving time: 0.0009705 seconds
plan limit 979
current timestep 115
num of flexible agents: 2
num of flexible tasks: 237
Solving time: 0.0008847 seconds
plan limit 979
current timestep 116
num of flexible agents: 4
num of flexible tasks: 237
Solving time: 0.0012245 seconds
plan limit 979
current timestep 117
num of flexible agents: 4
num of flexible tasks: 233
Solving time: 0.0009531 seconds
plan limit 979
current timestep 118
num of flexible agents: 3
num of flexible tasks: 230
Solving time: 0.0010482 seconds
plan limit 979
current timestep 119
num of flexible agents: 3
num of flexible tasks: 228
Solving time: 0.0010015 seconds
plan limit 979
current timestep 120
num of flexible agents: 3
num of flexible tasks: 227
Solving time: 0.0009657 seconds
plan limit 979
current timestep 121
num of flexible agents: 4
num of flexible tasks: 226
Solving time: 0.0009331 seconds
plan limit 979
current timestep 122
num of flexible agents: 3
num of flexible tasks: 223
Solving time: 0.000927 seconds
plan limit 979
current timestep 123
num of flexible agents: 6
num of flexible tasks: 221
Solving time: 0.0005347 seconds
plan limit 980
current timestep 124
num of flexible agents: 4
num of flexible tasks: 218
Solving time: 0.0010618 seconds
plan limit 979
current timestep 125
num of flexible agents: 2
num of flexible tasks: 215
Solving time: 0.0008451 seconds
plan limit 979
current timestep 126
num of flexible agents: 5
num of flexible tasks: 213
Solving time: 0.0010908 seconds
plan limit 979
current timestep 127
num of flexible agents: 3
num of flexible tasks: 210
Solving time: 0.0016282 seconds
plan limit 978
current timestep 128
num of flexible agents: 3
num of flexible tasks: 208
Solving time: 0.0009652 seconds
plan limit 979
current timestep 129
num of flexible agents: 2
num of flexible tasks: 205
Solving time: 0.0009454 seconds
plan limit 979
current timestep 130
num of flexible agents: 1
num of flexible tasks: 204
Solving time: 0.0005816 seconds
plan limit 980
current timestep 131
num of flexible agents: 0
num of flexible tasks: 203
Solving time: 0.0003173 seconds
plan limit 980
current timestep 132
num of flexible agents: 1
num of flexible tasks: 203
Solving time: 0.000784 seconds
plan limit 979
current timestep 133
num of flexible agents: 2
num of flexible tasks: 202
Solving time: 0.0008684 seconds
plan limit 979
current timestep 134
num of flexible agents: 5
num of flexible tasks: 202
Solving time: 0.0012194 seconds
plan limit 979
current timestep 135
num of flexible agents: 5
num of flexible tasks: 198
Solving time: 0.0010879 seconds
plan limit 979
current timestep 136
num of flexible agents: 8
num of flexible tasks: 197
Solving time: 0.0004358 seconds
plan limit 980
current timestep 137
num of flexible agents: 5
num of flexible tasks: 192
Solving time: 0.0010379 seconds
plan limit 979
current timestep 138
num of flexible agents: 4
num of flexible tasks: 187
Solving time: 0.0009595 seconds
plan limit 979
current timestep 139
num of flexible agents: 7
num of flexible tasks: 184
Solving time: 0.0004384 seconds
plan limit 980
current timestep 140
num of flexible agents: 5
num of flexible tasks: 181
Solving time: 0.0010525 seconds
plan limit 979
current timestep 141
num of flexible agents: 4
num of flexible tasks: 178
Solving time: 0.0009906 seconds
plan limit 979
current timestep 142
num of flexible agents: 3
num of flexible tasks: 176
Solving time: 0.0009378 seconds
plan limit 979
current timestep 143
num of flexible agents: 5
num of flexible tasks: 175
Solving time: 0.0009341 seconds
plan limit 979
current timestep 144
num of flexible agents: 6
num of flexible tasks: 174
Solving time: 0.0004 seconds
plan limit 980
current timestep 145
num of flexible agents: 7
num of flexible tasks: 171
Solving time: 0.0004168 seconds
plan limit 980
current timestep 146
num of flexible agents: 6
num of flexible tasks: 169
Solving time: 0.000382 seconds
plan limit 980
current timestep 147
num of flexible agents: 2
num of flexible tasks: 164
Solving time: 0.0008984 seconds
plan limit 979
current timestep 148
num of flexible agents: 4
num of flexible tasks: 163
Solving time: 0.0009739 seconds
plan limit 979
current timestep 149
num of flexible agents: 3
num of flexible tasks: 161
Solving time: 0.0010207 seconds
plan limit 979
current timestep 150
num of flexible agents: 2
num of flexible tasks: 160
Solving time: 0.0009141 seconds
plan limit 979
current timestep 151
num of flexible agents: 3
num of flexible tasks: 160
Solving time: 0.0010194 seconds
plan limit 979
current timestep 152
num of flexible agents: 4
num of flexible tasks: 158
Solving time: 0.0009024 seconds
plan limit 979
current timestep 153
num of flexible agents: 4
num of flexible tasks: 155
Solving time: 0.0009443 seconds
plan limit 979
current timestep 154
num of flexible agents: 3
num of flexible tasks: 153
Solving time: 0.0010088 seconds
plan limit 979
current timestep 155
num of flexible agents: 2
num of flexible tasks: 151
Solving time: 0.0009181 seconds
plan limit 979
current timestep 156
num of flexible agents: 5
num of flexible tasks: 150
Solving time: 0.000938 seconds
plan limit 979
current timestep 157
num of flexible agents: 3
num of flexible tasks: 148
Solving time: 0.0011207 seconds
plan limit 979
current timestep 158
num of flexible agents: 4
num of flexible tasks: 147
Solving time: 0.0009214 seconds
plan limit 979
current timestep 159
num of flexible agents: 8
num of flexible tasks: 147
Solving time: 0.000622 seconds
plan limit 979
current timestep 160
num of flexible agents: 11
num of flexible tasks: 146
Solving time: 0.0004686 seconds
plan limit 980
current timestep 161
num of flexible agents: 9
num of flexible tasks: 142
Solving time: 0.0004231 seconds
plan limit 980
current timestep 162
num of flexible agents: 8
num of flexible tasks: 138
Solving time: 0.0004418 seconds
plan limit 980
current timestep 163
num of flexible agents: 7
num of flexible tasks: 134
Solving time: 0.0004343 seconds
plan limit 980
current timestep 164
num of flexible agents: 7
num of flexible tasks: 132
Solving time: 0.0004472 seconds
plan limit 980
current timestep 165
num of flexible agents: 7
num of flexible tasks: 129
Solving time: 0.0004036 seconds
plan limit 980
current timestep 166
num of flexible agents: 6
num of flexible tasks: 125
Solving time: 0.0004119 seconds
plan limit 980
current timestep 167
num of flexible agents: 7
num of flexible tasks: 122
Solving time: 0.0004087 seconds
plan limit 980
current timestep 168
num of flexible agents: 8
num of flexible tasks: 119
Solving time: 0.0005833 seconds
plan limit 980
current timestep 169
num of flexible agents: 6
num of flexible tasks: 116
Solving time: 0.0004072 seconds
plan limit 980
current timestep 170
num of flexible agents: 8
num of flexible tasks: 115
Solving time: 0.0004188 seconds
plan limit 980
current timestep 171
num of flexible agents: 7
num of flexible tasks: 113
Solving time: 0.000416 seconds
plan limit 980
current timestep 172
num of flexible agents: 7
num of flexible tasks: 111
Solving time: 0.0003817 seconds
plan limit 980
current timestep 173
num of flexible agents: 3
num of flexible tasks: 107
Solving time: 0.0009093 seconds
plan limit 979
current timestep 174
num of flexible agents: 5
num of flexible tasks: 106
Solving time: 0.0004077 seconds
plan limit 980
current timestep 175
num of flexible agents: 5
num of flexible tasks: 105
Solving time: 0.0004066 seconds
plan limit 980
current timestep 176
num of flexible agents: 5
num of flexible tasks: 104
Solving time: 0.0005213 seconds
plan limit 980
current timestep 177
num of flexible agents: 6
num of flexible tasks: 103
Solving time: 0.0004131 seconds
plan limit 980
current timestep 178
num of flexible agents: 7
num of flexible tasks: 102
Solving time: 0.0005817 seconds
plan limit 980
current timestep 179
num of flexible agents: 8
num of flexible tasks: 101
Solving time: 0.0004262 seconds
plan limit 980
current timestep 180
num of flexible agents: 4
num of flexible tasks: 97
Solving time: 0.0009414 seconds
plan limit 979
current timestep 181
num of flexible agents: 7
num of flexible tasks: 97
Solving time: 0.0004297 seconds
plan limit 980
current timestep 182
num of flexible agents: 9
num of flexible tasks: 96
Solving time: 0.0004668 seconds
plan limit 980
current timestep 183
num of flexible agents: 11
num of flexible tasks: 96
Solving time: 0.0004005 seconds
plan limit 980
current timestep 184
num of flexible agents: 12
num of flexible tasks: 94
Solving time: 0.0003877 seconds
plan limit 980
current timestep 185
num of flexible agents: 12
num of flexible tasks: 90
Solving time: 0.0003571 seconds
plan limit 980
current timestep 186
num of flexible agents: 11
num of flexible tasks: 87
Solving time: 0.0004066 seconds
plan limit 980
current timestep 187
num of flexible agents: 10
num of flexible tasks: 85
Solving time: 0.000502 seconds
plan limit 980
current timestep 188
num of flexible agents: 10
num of flexible tasks: 83
Solving time: 0.00046 seconds
plan limit 980
current timestep 189
num of flexible agents: 11
num of flexible tasks: 81
Solving time: 0.0004584 seconds
plan limit 980
current timestep 190
num of flexible agents: 7
num of flexible tasks: 77
Solving time: 0.0004807 seconds
plan limit 980
current timestep 191
num of flexible agents: 9
num of flexible tasks: 76
Solving time: 0.0004528 seconds
plan limit 980
current timestep 192
num of flexible agents: 9
num of flexible tasks: 76
Solving time: 0.0004286 seconds
plan limit 980
current timestep 193
num of flexible agents: 9
num of flexible tasks: 75
Solving time: 0.0004555 seconds
plan limit 980
current timestep 194
num of flexible agents: 11
num of flexible tasks: 74
Solving time: 0.0004572 seconds
plan limit 980
current timestep 195
num of flexible agents: 11
num of flexible tasks: 72
Solving time: 0.0018428 seconds
plan limit 978
current timestep 196
num of flexible agents: 12
num of flexible tasks: 72
Solving time: 0.00052 seconds
plan limit 980
current timestep 197
num of flexible agents: 13
num of flexible tasks: 71
Solving time: 0.0005091 seconds
plan limit 980
current timestep 198
num of flexible agents: 14
num of flexible tasks: 69
Solving time: 0.0005217 seconds
plan limit 980
current timestep 199
num of flexible agents: 15
num of flexible tasks: 68
Solving time: 0.0004697 seconds
plan limit 980
current timestep 200
num of flexible agents: 14
num of flexible tasks: 66
Solving time: 0.0004648 seconds
plan limit 980
current timestep 201
num of flexible agents: 12
num of flexible tasks: 64
Solving time: 0.0004533 seconds
plan limit 980
current timestep 202
num of flexible agents: 14
num of flexible tasks: 63
Solving time: 0.0004887 seconds
plan limit 980
current timestep 203
num of flexible agents: 15
num of flexible tasks: 63
Solving time: 0.0005267 seconds
plan limit 980
current timestep 204
num of flexible agents: 14
num of flexible tasks: 58
Solving time: 0.0004972 seconds
plan limit 980
current timestep 205
num of flexible agents: 16
num of flexible tasks: 58
Solving time: 0.0006252 seconds
plan limit 980
current timestep 206
num of flexible agents: 17
num of flexible tasks: 56
Solving time: 0.0004691 seconds
plan limit 980
current timestep 207
num of flexible agents: 14
num of flexible tasks: 51
Solving time: 0.0004399 seconds
plan limit 980
current timestep 208
num of flexible agents: 12
num of flexible tasks: 46
Solving time: 0.000435 seconds
plan limit 980
current timestep 209
num of flexible agents: 11
num of flexible tasks: 43
Solving time: 0.000383 seconds
plan limit 980
current timestep 210
num of flexible agents: 12
num of flexible tasks: 42
Solving time: 0.000583 seconds
plan limit 980
current timestep 211
num of flexible agents: 14
num of flexible tasks: 42
Solving time: 0.0005033 seconds
plan limit 980
current timestep 212
num of flexible agents: 15
num of flexible tasks: 42
Solving time: 0.0005167 seconds
plan limit 980
current timestep 213
num of flexible agents: 14
num of flexible tasks: 41
Solving time: 0.0005052 seconds
plan limit 980
current timestep 214
num of flexible agents: 14
num of flexible tasks: 40
Solving time: 0.0005017 seconds
plan limit 980
current timestep 215
num of flexible agents: 14
num of flexible tasks: 38
Solving time: 0.000491 seconds
plan limit 980
current timestep 216
num of flexible agents: 13
num of flexible tasks: 37
Solving time: 0.0005006 seconds
plan limit 980
current timestep 217
num of flexible agents: 18
num of flexible tasks: 37
Solving time: 0.0005374 seconds
plan limit 980
current timestep 218
num of flexible agents: 17
num of flexible tasks: 34
Solving time: 0.0005249 seconds
plan limit 980
current timestep 219
num of flexible agents: 19
num of flexible tasks: 32
Solving time: 0.0005302 seconds
plan limit 980
current timestep 220
num of flexible agents: 19
num of flexible tasks: 31
Solving time: 0.0006372 seconds
plan limit 980
current timestep 221
num of flexible agents: 19
num of flexible tasks: 29
Solving time: 0.0005825 seconds
plan limit 980
current timestep 222
num of flexible agents: 19
num of flexible tasks: 28
Solving time: 0.0006204 seconds
plan limit 980
current timestep 223
num of flexible agents: 18
num of flexible tasks: 26
Solving time: 0.0006683 seconds
plan limit 979
current timestep 224
num of flexible agents: 20
num of flexible tasks: 26
Solving time: 0.0006381 seconds
plan limit 980
current timestep 225
num of flexible agents: 21
num of flexible tasks: 24
Solving time: 0.0008197 seconds
plan limit 979
current timestep 226
num of flexible agents: 20
num of flexible tasks: 23
Solving time: 0.0006054 seconds
plan limit 980
current timestep 227
num of flexible agents: 21
num of flexible tasks: 22
Solving time: 0.0006466 seconds
plan limit 980
current timestep 228
num of flexible agents: 20
num of flexible tasks: 20
Solving time: 0.0006566 seconds
plan limit 980
current timestep 229
num of flexible agents: 20
num of flexible tasks: 18
Solving time: 0.0006349 seconds
plan limit 980
current timestep 230
num of flexible agents: 21
num of flexible tasks: 18
Solving time: 0.0006382 seconds
plan limit 980
current timestep 231
num of flexible agents: 22
num of flexible tasks: 18
Solving time: 0.0005908 seconds
plan limit 980
current timestep 232
num of flexible agents: 25
num of flexible tasks: 17
Solving time: 0.0004845 seconds
plan limit 980
current timestep 233
num of flexible agents: 25
num of flexible tasks: 17
Solving time: 0.0005138 seconds
plan limit 980
current timestep 234
num of flexible agents: 25
num of flexible tasks: 16
Solving time: 0.0004146 seconds
plan limit 980
current timestep 235
num of flexible agents: 22
num of flexible tasks: 13
Solving time: 0.0004181 seconds
plan limit 980
current timestep 236
num of flexible agents: 22
num of flexible tasks: 11
Solving time: 0.0003892 seconds
plan limit 980
current timestep 237
num of flexible agents: 21
num of flexible tasks: 10
Solving time: 0.0004026 seconds
plan limit 980
current timestep 238
num of flexible agents: 23
num of flexible tasks: 10
Solving time: 0.0003702 seconds
plan limit 980
current timestep 239
num of flexible agents: 23
num of flexible tasks: 8
Solving time: 0.0003936 seconds
plan limit 980
current timestep 240
num of flexible agents: 23
num of flexible tasks: 6
Solving time: 0.000362 seconds
plan limit 980
current timestep 241
num of flexible agents: 25
num of flexible tasks: 5
Solving time: 0.0003371 seconds
plan limit 980
current timestep 242
num of flexible agents: 26
num of flexible tasks: 4
Solving time: 0.0002614 seconds
plan limit 980
current timestep 243
num of flexible agents: 26
num of flexible tasks: 3
Solving time: 0.0002406 seconds
plan limit 980
current timestep 244
num of flexible agents: 24
num of flexible tasks: 0
Solving time: 0.0002616 seconds
plan limit 980
current timestep 245
num of flexible agents: 25
num of flexible tasks: 0
Solving time: 0.0002155 seconds
plan limit 980
current timestep 246
num of flexible agents: 26
num of flexible tasks: 0
Solving time: 0.0002361 seconds
plan limit 980
current timestep 247
num of flexible agents: 27
num of flexible tasks: 0
Solving time: 0.0002253 seconds
plan limit 980
current timestep 248
num of flexible agents: 29
num of flexible tasks: 0
Solving time: 0.0002268 seconds
plan limit 980
current timestep 249
num of flexible agents: 30
num of flexible tasks: 0
Solving time: 0.0013038 seconds
plan limit 978
current timestep 250
num of flexible agents: 34
num of flexible tasks: 0
Solving time: 0.0002453 seconds
plan limit 980
current timestep 251
num of flexible agents: 34
num of flexible tasks: 0
Solving time: 0.0002172 seconds
plan limit 980
current timestep 252
num of flexible agents: 34
num of flexible tasks: 0
Solving time: 0.0002346 seconds
plan limit 980
current timestep 253
num of flexible agents: 37
num of flexible tasks: 0
Solving time: 0.0002904 seconds
plan limit 980
current timestep 254
num of flexible agents: 37
num of flexible tasks: 0
Solving time: 0.0002415 seconds
plan limit 980
current timestep 255
num of flexible agents: 37
num of flexible tasks: 0
Solving time: 0.0002164 seconds
plan limit 980
current timestep 256
num of flexible agents: 38
num of flexible tasks: 0
Solving time: 0.0002175 seconds
plan limit 980
current timestep 257
num of flexible agents: 38
num of flexible tasks: 0
Solving time: 0.0002386 seconds
plan limit 980
current timestep 258
num of flexible agents: 39
num of flexible tasks: 0
Solving time: 0.0002951 seconds
plan limit 980
current timestep 259
num of flexible agents: 40
num of flexible tasks: 0
Solving time: 0.0007281 seconds
plan limit 979
current timestep 260
num of flexible agents: 41
num of flexible tasks: 0
Solving time: 0.0002393 seconds
plan limit 980
current timestep 261
num of flexible agents: 41
num of flexible tasks: 0
Solving time: 0.0002961 seconds
plan limit 980
current timestep 262
num of flexible agents: 41
num of flexible tasks: 0
Solving time: 0.0002228 seconds
plan limit 980
current timestep 263
num of flexible agents: 44
num of flexible tasks: 0
Solving time: 0.0002468 seconds
plan limit 980
current timestep 264
num of flexible agents: 45
num of flexible tasks: 0
Solving time: 0.0002251 seconds
plan limit 980
current timestep 265
num of flexible agents: 45
num of flexible tasks: 0
Solving time: 0.0002197 seconds
plan limit 980
current timestep 266
num of flexible agents: 47
num of flexible tasks: 0
Solving time: 0.0002322 seconds
plan limit 980
current timestep 267
num of flexible agents: 47
num of flexible tasks: 0
Solving time: 0.0002284 seconds
plan limit 980
current timestep 268
num of flexible agents: 47
num of flexible tasks: 0
Solving time: 0.000325 seconds
plan limit 980
current timestep 269
num of flexible agents: 48
num of flexible tasks: 0
Solving time: 0.0002265 seconds
plan limit 980
current timestep 270
num of flexible agents: 48
num of flexible tasks: 0
Solving time: 0.0003038 seconds
plan limit 980
current timestep 271
num of flexible agents: 48
num of flexible tasks: 0
Solving time: 0.0002215 seconds
plan limit 980
current timestep 272
num of flexible agents: 48
num of flexible tasks: 0
Solving time: 0.0003019 seconds
plan limit 980
current timestep 273
num of flexible agents: 48
num of flexible tasks: 0
Solving time: 0.0002322 seconds
plan limit 980
current timestep 274
num of flexible agents: 48
num of flexible tasks: 0
Solving time: 0.000216 seconds
plan limit 980
current timestep 275
num of flexible agents: 48
num of flexible tasks: 0
Solving time: 0.0002844 seconds
plan limit 980
current timestep 276
num of flexible agents: 48
num of flexible tasks: 0
Solving time: 0.0003858 seconds
plan limit 980
current timestep 277
num of flexible agents: 48
num of flexible tasks: 0
Solving time: 0.0002309 seconds
plan limit 980
current timestep 278
num of flexible agents: 49
num of flexible tasks: 0
Solving time: 0.0002186 seconds
plan limit 980
current timestep 279
num of flexible agents: 49
num of flexible tasks: 0
Solving time: 0.0002208 seconds
plan limit 980
current timestep 280
num of flexible agents: 49
num of flexible tasks: 0
Solving time: 0.0003046 seconds
plan limit 980
current timestep 281
num of flexible agents: 49
num of flexible tasks: 0
Solving time: 0.0002398 seconds
plan limit 980
current timestep 282
num of flexible agents: 49
num of flexible tasks: 0
Solving time: 0.0003015 seconds
plan limit 980
current timestep 283
num of flexible agents: 49
num of flexible tasks: 0
Solving time: 0.0003065 seconds
plan limit 980
All tasks finished at timestep 284
Running f10_n50_taskmatcher-free_seed3
current timestep 0
plan limit 980
current timestep 1
plan limit 980
current timestep 2
plan limit 980
current timestep 3
plan limit 980
current timestep 4
plan limit 980
current timestep 5
plan limit 980
current timestep 6
plan limit 980
current timestep 7
plan limit 980
current timestep 8
plan limit 980
current timestep 9
plan limit 980
current timestep 10
plan limit 980
current timestep 11
plan limit 980
current timestep 12
plan limit 980
current timestep 13
plan limit 980
current timestep 14
plan limit 980
current timestep 15
plan limit 980
current timestep 16
plan limit 980
current timestep 17
plan limit 980
current timestep 18
plan limit 980
current timestep 19
plan limit 980
current timestep 20
plan limit 980
current timestep 21
plan limit 980
current timestep 22
plan limit 980
current timestep 23
plan limit 980
current timestep 24
plan limit 980
current timestep 25
plan limit 980
current timestep 26
plan limit 980
current timestep 27
plan limit 980
current timestep 28
plan limit 980
current timestep 29
plan limit 980
current timestep 30
plan limit 980
current timestep 31
plan limit 980
current timestep 32
plan limit 980
current timestep 33
plan limit 980
current timestep 34
plan limit 980
current timestep 35
plan limit 980
current timestep 36
plan limit 980
current timestep 37
plan limit 980
current timestep 38
plan limit 980
current timestep 39
plan limit 980
current timestep 40
plan limit 980
current timestep 41
plan limit 980
current timestep 42
plan limit 980
current timestep 43
plan limit 980
current timestep 44
plan limit 980
current timestep 45
plan limit 980
current timestep 46
plan limit 980
current timestep 47
plan limit 980
current timestep 48
plan limit 980
current timestep 49
plan limit 980
current timestep 50
plan limit 980
current timestep 51
plan limit 980
current timestep 52
plan limit 980
current timestep 53
plan limit 980
current timestep 54
plan limit 980
current timestep 55
plan limit 980
current timestep 56
plan limit 980
current timestep 57
plan limit 980
current timestep 58
plan limit 980
current timestep 59
plan limit 980
current timestep 60
plan limit 980
current timestep 61
plan limit 980
current timestep 62
plan limit 980
current timestep 63
plan limit 980
current timestep 64
plan limit 980
current timestep 65
plan limit 980
current timestep 66
plan limit 980
current timestep 67
plan limit 980
current timestep 68
plan limit 980
current timestep 69
plan limit 980
current timestep 70
plan limit 980
current timestep 71
plan limit 980
current timestep 72
plan limit 980
current timestep 73
plan limit 980
current timestep 74
plan limit 980
current timestep 75
plan limit 980
current timestep 76
plan limit 980
current timestep 77
plan limit 980
current timestep 78
plan limit 980
current timestep 79
plan limit 980
current timestep 80
plan limit 980
current timestep 81
plan limit 980
current timestep 82
plan limit 980
current timestep 83
plan limit 980
current timestep 84
plan limit 980
current timestep 85
plan limit 980
current timestep 86
plan limit 980
current timestep 87
plan limit 980
current timestep 88
plan limit 980
current timestep 89
plan limit 980
current timestep 90
plan limit 980
current timestep 91
plan limit 980
current timestep 92
plan limit 980
current timestep 93
plan limit 980
current timestep 94
plan limit 980
current timestep 95
plan limit 980
current timestep 96
plan limit 980
current timestep 97
plan limit 980
current timestep 98
plan limit 980
current timestep 99
plan limit 980
current timestep 100
plan limit 980
current timestep 101
plan limit 980
current timestep 102
plan limit 980
current timestep 103
plan limit 980
current timestep 104
plan limit 980
current timestep 105
plan limit 980
current timestep 106
plan limit 979
current timestep 107
plan limit 980
current timestep 108
plan limit 980
current timestep 109
plan limit 980
current timestep 110
plan limit 980
current timestep 111
plan limit 980
current timestep 112
plan limit 980
current timestep 113
plan limit 980
current timestep 114
plan limit 980
current timestep 115
plan limit 980
current timestep 116
plan limit 980
current timestep 117
plan limit 980
current timestep 118
plan limit 980
current timestep 119
plan limit 980
current timestep 120
plan limit 980
current timestep 121
plan limit 980
current timestep 122
plan limit 980
current timestep 123
plan limit 980
current timestep 124
plan limit 980
current timestep 125
plan limit 980
current timestep 126
plan limit 980
current timestep 127
plan limit 980
current timestep 128
plan limit 980
current timestep 129
plan limit 980
current timestep 130
plan limit 980
current timestep 131
plan limit 980
current timestep 132
plan limit 980
current timestep 133
plan limit 980
current timestep 134
plan limit 980
current timestep 135
plan limit 980
current timestep 136
plan limit 980
current timestep 137
plan limit 980
current timestep 138
plan limit 980
current timestep 139
plan limit 980
current timestep 140
plan limit 980
current timestep 141
plan limit 980
current timestep 142
plan limit 980
current timestep 143
plan limit 980
current timestep 144
plan limit 980
current timestep 145
plan limit 980
current timestep 146
plan limit 980
current timestep 147
plan limit 980
current timestep 148
plan limit 980
current timestep 149
plan limit 980
current timestep 150
plan limit 980
current timestep 151
plan limit 980
current timestep 152
plan limit 980
current timestep 153
plan limit 980
current timestep 154
plan limit 980
current timestep 155
plan limit 980
current timestep 156
plan limit 980
current timestep 157
plan limit 980
current timestep 158
plan limit 980
current timestep 159
plan limit 980
current timestep 160
plan limit 980
current timestep 161
plan limit 980
current timestep 162
plan limit 980
current timestep 163
plan limit 980
current timestep 164
plan limit 980
current timestep 165
plan limit 980
current timestep 166
plan limit 980
current timestep 167
plan limit 980
current timestep 168
plan limit 980
current timestep 169
plan limit 980
current timestep 170
plan limit 980
current timestep 171
plan limit 980
current timestep 172
plan limit 980
current timestep 173
plan limit 980
current timestep 174
plan limit 980
current timestep 175
plan limit 980
current timestep 176
plan limit 980
current timestep 177
plan limit 980
current timestep 178
plan limit 980
current timestep 179
plan limit 980
current timestep 180
plan limit 980
current timestep 181
plan limit 980
current timestep 182
plan limit 980
current timestep 183
plan limit 980
current timestep 184
plan limit 980
current timestep 185
plan limit 980
current timestep 186
plan limit 980
current timestep 187
plan limit 980
current timestep 188
plan limit 980
current timestep 189
plan limit 980
current timestep 190
plan limit 980
current timestep 191
plan limit 980
current timestep 192
plan limit 980
current timestep 193
plan limit 980
current timestep 194
plan limit 980
current timestep 195
plan limit 980
current timestep 196
plan limit 980
current timestep 197
plan limit 980
current timestep 198
plan limit 980
current timestep 199
plan limit 980
current timestep 200
plan limit 980
current timestep 201
plan limit 980
current timestep 202
plan limit 980
current timestep 203
plan limit 980
current timestep 204
plan limit 980
current timestep 205
plan limit 980
current timestep 206
plan limit 980
current timestep 207
plan limit 980
current timestep 208
plan limit 980
current timestep 209
plan limit 980
current timestep 210
plan limit 980
current timestep 211
plan limit 980
current timestep 212
plan limit 980
current timestep 213
plan limit 980
current timestep 214
plan limit 980
current timestep 215
plan limit 980
current timestep 216
plan limit 980
current timestep 217
plan limit 980
current timestep 218
plan limit 980
current timestep 219
plan limit 980
current timestep 220
plan limit 980
current timestep 221
plan limit 980
current timestep 222
plan limit 980
current timestep 223
plan limit 980
current timestep 224
plan limit 980
current timestep 225
plan limit 980
current timestep 226
plan limit 980
current timestep 227
plan limit 980
current timestep 228
plan limit 980
current timestep 229
plan limit 980
current timestep 230
plan limit 980
current timestep 231
plan limit 980
current timestep 232
plan limit 980
current timestep 233
plan limit 980
current timestep 234
plan limit 980
current timestep 235
plan limit 980
current timestep 236
plan limit 980
current timestep 237
plan limit 980
current timestep 238
plan limit 980
current timestep 239
plan limit 980
current timestep 240
plan limit 980
current timestep 241
plan limit 980
current timestep 242
plan limit 980
current timestep 243
plan limit 980
current timestep 244
plan limit 980
current timestep 245
plan limit 980
current timestep 246
plan limit 980
current timestep 247
plan limit 980
current timestep 248
plan limit 980
current timestep 249
plan limit 980
current timestep 250
plan limit 980
current timestep 251
plan limit 980
current timestep 252
plan limit 980
current timestep 253
plan limit 980
current timestep 254
plan limit 980
current timestep 255
plan limit 980
current timestep 256
plan limit 980
current timestep 257
plan limit 980
current timestep 258
plan limit 980
current timestep 259
plan limit 980
current timestep 260
plan limit 980
current timestep 261
plan limit 980
current timestep 262
plan limit 980
current timestep 263
plan limit 980
current timestep 264
plan limit 980
current timestep 265
plan limit 980
current timestep 266
plan limit 980
current timestep 267
plan limit 980
current timestep 268
plan limit 980
current timestep 269
plan limit 980
current timestep 270
plan limit 980
current timestep 271
plan limit 980
current timestep 272
plan limit 980
current timestep 273
plan limit 980
current timestep 274
plan limit 980
current timestep 275
plan limit 980
current timestep 276
plan limit 980
current timestep 277
plan limit 980
current timestep 278
plan limit 980
All tasks finished at timestep 279
Running f10_n50_flow-unit_seed4
current timestep 0
num of flexible agents: 50
num of flexible tasks: 10
Solving time: 0.0004886 seconds
plan limit 980
current timestep 1
num of flexible agents: 48
num of flexible tasks: 18
Solving time: 0.0006306 seconds
plan limit 980
current timestep 2
num of flexible agents: 45
num of flexible tasks: 25
Solving time: 0.0005541 seconds
plan limit 980
current timestep 3
num of flexible agents: 44
num of flexible tasks: 34
Solving time: 0.000663 seconds
plan limit 980
current timestep 4
num of flexible agents: 43
num of flexible tasks: 43
Solving time: 0.0008163 seconds
plan limit 979
current timestep 5
num of flexible agents: 41
num of flexible tasks: 51
Solving time: 0.0006334 seconds
plan limit 980
current timestep 6
num of flexible agents: 34
num of flexible tasks: 54
Solving time: 0.0006545 seconds
plan limit 980
current timestep 7
num of flexible agents: 29
num of flexible tasks: 59
Solving time: 0.0005779 seconds
plan limit 980
current timestep 8
num of flexible agents: 25
num of flexible tasks: 65
Solving time: 0.0005833 seconds
plan limit 980
current timestep 9
num of flexible agents: 20
num of flexible tasks: 70
Solving time: 0.0004959 seconds
plan limit 980
current timestep 10
num of flexible agents: 17
num of flexible tasks: 76
Solving time: 0.0005318 seconds
plan limit 980
current timestep 11
num of flexible agents: 17
num of flexible tasks: 85
Solving time: 0.0004644 seconds
plan limit 980
current timestep 12
num of flexible agents: 17
num of flexible tasks: 93
Solving time: 0.0004214 seconds
plan limit 980
current timestep 13
num of flexible agents: 13
num of flexible tasks: 98
Solving time: 0.00045 seconds
plan limit 980
current timestep 14
num of flexible agents: 9
num of flexible tasks: 104
Solving time: 0.0003938 seconds
plan limit 980
current timestep 15
num of flexible agents: 9
num of flexible tasks: 112
Solving time: 0.0004443 seconds
plan limit 980
current timestep 16
num of flexible agents: 4
num of flexible tasks: 116
Solving time: 0.0010079 seconds
plan limit 979
current timestep 17
num of flexible agents: 2
num of flexible tasks: 123
Solving time: 0.0009265 seconds
plan limit 979
current timestep 18
num of flexible agents: 2
num of flexible tasks: 132
Solving time: 0.0009207 seconds
plan limit 979
current timestep 19
num of flexible agents: 2
num of flexible tasks: 140
Solving time: 0.0009499 seconds
plan limit 979
current timestep 20
num of flexible agents: 1
num of flexible tasks: 149
Solving time: 0.0014755 seconds
plan limit 979
current timestep 21
num of flexible agents: 6
num of flexible tasks: 158
Solving time: 0.0004282 seconds
plan limit 980
current timestep 22
num of flexible agents: 5
num of flexible tasks: 167
Solving time: 0.000374 seconds
plan limit 980
current timestep 23
num of flexible agents: 4
num of flexible tasks: 175
Solving time: 0.0009933 seconds
plan limit 979
current timestep 24
num of flexible agents: 4
num of flexible tasks: 183
Solving time: 0.0012237 seconds
plan limit 979
current timestep 25
num of flexible agents: 3
num of flexible tasks: 190
Solving time: 0.0009766 seconds
plan limit 979
current timestep 26
num of flexible agents: 3
num of flexible tasks: 198
Solving time: 0.0009808 seconds
plan limit 979
current timestep 27
num of flexible agents: 4
num of flexible tasks: 205
Solving time: 0.0010268 seconds
plan limit 979
current timestep 28
num of flexible agents: 4
num of flexible tasks: 213
Solving time: 0.001034 seconds
plan limit 979
current timestep 29
num of flexible agents: 2
num of flexible tasks: 220
Solving time: 0.0008535 seconds
plan limit 979
current timestep 30
num of flexible agents: 4
num of flexible tasks: 228
Solving time: 0.0042213 seconds
plan limit 975
current timestep 31
num of flexible agents: 2
num of flexible tasks: 235
Solving time: 0.0008406 seconds
plan limit 979
current timestep 32
num of flexible agents: 2
num of flexible tasks: 244
Solving time: 0.0008267 seconds
plan limit 979
current timestep 33
num of flexible agents: 1
num of flexible tasks: 253
Solving time: 0.0007896 seconds
plan limit 979
current timestep 34
num of flexible agents: 3
num of flexible tasks: 262
Solving time: 0.0010019 seconds
plan limit 979
current timestep 35
num of flexible agents: 2
num of flexible tasks: 269
Solving time: 0.0008062 seconds
plan limit 979
current timestep 36
num of flexible agents: 2
num of flexible tasks: 277
Solving time: 0.0009112 seconds
plan limit 979
current timestep 37
num of flexible agents: 2
num of flexible tasks: 285
Solving time: 0.0008605 seconds
plan limit 979
current timestep 38
num of flexible agents: 3
num of flexible tasks: 293
Solving time: 0.0009606 seconds
plan limit 979
current timestep 39
num of flexible agents: 4
num of flexible tasks: 300
Solving time: 0.0009606 seconds
plan limit 979
current timestep 40
num of flexible agents: 1
num of flexible tasks: 306
Solving time: 0.000693 seconds
plan limit 979
current timestep 41
num of flexible agents: 1
num of flexible tasks: 315
Solving time: 0.0009417 seconds
plan limit 979
current timestep 42
num of flexible agents: 2
num of flexible tasks: 324
Solving time: 0.000852 seconds
plan limit 979
current timestep 43
num of flexible agents: 3
num of flexible tasks: 333
Solving time: 0.0009306 seconds
plan limit 979
current timestep 44
num of flexible agents: 2
num of flexible tasks: 341
Solving time: 0.0008914 seconds
plan limit 979
current timestep 45
num of flexible agents: 2
num of flexible tasks: 349
Solving time: 0.0008327 seconds
plan limit 979
current timestep 46
num of flexible agents: 2
num of flexible tasks: 357
Solving time: 0.000849 seconds
plan limit 979
current timestep 47
num of flexible agents: 2
num of flexible tasks: 366
Solving time: 0.0008257 seconds
plan limit 979
current timestep 48
num of flexible agents: 5
num of flexible tasks: 374
Solving time: 0.0009918 seconds
plan limit 979
current timestep 49
num of flexible agents: 3
num of flexible tasks: 380
Solving time: 0.0010001 seconds
plan limit 979
current timestep 50
num of flexible agents: 2
num of flexible tasks: 377
Solving time: 0.0008116 seconds
plan limit 979
current timestep 51
num of flexible agents: 0
num of flexible tasks: 375
Solving time: 0.0003446 seconds
plan limit 980
current timestep 52
num of flexible agents: 0
num of flexible tasks: 375
Solving time: 0.0003486 seconds
plan limit 980
current timestep 53
num of flexible agents: 8
num of flexible tasks: 375
Solving time: 0.0010489 seconds
plan limit 979
current timestep 54
num of flexible agents: 3
num of flexible tasks: 369
Solving time: 0.0009644 seconds
plan limit 979
current timestep 55
num of flexible agents: 4
num of flexible tasks: 368
Solving time: 0.0010318 seconds
plan limit 979
current timestep 56
num of flexible agents: 3
num of flexible tasks: 365
Solving time: 0.0054408 seconds
plan limit 973
current timestep 57
num of flexible agents: 5
num of flexible tasks: 363
Solving time: 0.0010078 seconds
plan limit 979
current timestep 58
num of flexible agents: 2
num of flexible tasks: 359
Solving time: 0.0008991 seconds
plan limit 979
current timestep 59
num of flexible agents: 1
num of flexible tasks: 358
Solving time: 0.0006733 seconds
plan limit 979
current timestep 60
num of flexible agents: 1
num of flexible tasks: 357
Solving time: 0.0008021 seconds
plan limit 979
current timestep 61
num of flexible agents: 5
num of flexible tasks: 356
Solving time: 0.0010527 seconds
plan limit 979
current timestep 62
num of flexible agents: 3
num of flexible tasks: 351
Solving time: 0.001041 seconds
plan limit 979
current timestep 63
num of flexible agents: 4
num of flexible tasks: 349
Solving time: 0.0009548 seconds
plan limit 979
current timestep 64
num of flexible agents: 3
num of flexible tasks: 346
Solving time: 0.0010007 seconds
plan limit 979
current timestep 65
num of flexible agents: 7
num of flexible tasks: 346
Solving time: 0.0009994 seconds
plan limit 979
current timestep 66
num of flexible agents: 6
num of flexible tasks: 343
Solving time: 0.0010336 seconds
plan limit 979
current timestep 67
num of flexible agents: 1
num of flexible tasks: 337
Solving time: 0.0006832 seconds
plan limit 979
current timestep 68
num of flexible agents: 2
num of flexible tasks: 336
Solving time: 0.0008301 seconds
plan limit 979
current timestep 69
num of flexible agents: 4
num of flexible tasks: 335
Solving time: 0.0009635 seconds
plan limit 979
current timestep 70
num of flexible agents: 0
num of flexible tasks: 331
Solving time: 0.0003267 seconds
plan limit 980
current timestep 71
num of flexible agents: 2
num of flexible tasks: 331
Solving time: 0.000909 seconds
plan limit 979
current timestep 72
num of flexible agents: 2
num of flexible tasks: 329
Solving time: 0.0008432 seconds
plan limit 979
current timestep 73
num of flexible agents: 2
num of flexible tasks: 327
Solving time: 0.0008283 seconds
plan limit 979
current timestep 74
num of flexible agents: 2
num of flexible tasks: 326
Solving time: 0.0008371 seconds
plan limit 979
current timestep 75
num of flexible agents: 3
num of flexible tasks: 324
Solving time: 0.0009315 seconds
plan limit 979
current timestep 76
num of flexible agents: 0
num of flexible tasks: 321
Solving time: 0.0003594 seconds
plan limit 980
current timestep 77
num of flexible agents: 1
num of flexible tasks: 321
Solving time: 0.0007365 seconds
plan limit 979
current timestep 78
num of flexible agents: 2
num of flexible tasks: 320
Solving time: 0.0008595 seconds
plan limit 979
current timestep 79
num of flexible agents: 1
num of flexible tasks: 318
Solving time: 0.0007231 seconds
plan limit 979
current timestep 80
num of flexible agents: 3
num of flexible tasks: 317
Solving time: 0.0010336 seconds
plan limit 979
current timestep 81
num of flexible agents: 0
num of flexible tasks: 314
Solving time: 0.000324 seconds
plan limit 980
current timestep 82
num of flexible agents: 0
num of flexible tasks: 314
Solving time: 0.0003428 seconds
plan limit 980
current timestep 83
num of flexible agents: 3
num of flexible tasks: 314
Solving time: 0.0009192 seconds
plan limit 979
current timestep 84
num of flexible agents: 1
num of flexible tasks: 311
Solving time: 0.0007212 seconds
plan limit 979
current timestep 85
num of flexible agents: 3
num of flexible tasks: 310
Solving time: 0.0009234 seconds
plan limit 979
current timestep 86
num of flexible agents: 3
num of flexible tasks: 308
Solving time: 0.0009155 seconds
plan limit 979
current timestep 87
num of flexible agents: 5
num of flexible tasks: 306
Solving time: 0.0009879 seconds
plan limit 979
current timestep 88
num of flexible agents: 3
num of flexible tasks: 302
Solving time: 0.0009375 seconds
plan limit 979
current timestep 89
num of flexible agents: 4
num of flexible tasks: 299
Solving time: 0.000968 seconds
plan limit 979
current timestep 90
num of flexible agents: 2
num of flexible tasks: 296
Solving time: 0.0008586 seconds
plan limit 979
current timestep 91
num of flexible agents: 3
num of flexible tasks: 295
Solving time: 0.0009439 seconds
plan limit 979
current timestep 92
num of flexible agents: 4
num of flexible tasks: 293
Solving time: 0.0009872 seconds
plan limit 979
current timestep 93
num of flexible agents: 4
num of flexible tasks: 290
Solving time: 0.0009574 seconds
plan limit 979
current timestep 94
num of flexible agents: 6
num of flexible tasks: 287
Solving time: 0.0010368 seconds
plan limit 979
current timestep 95
num of flexible agents: 5
num of flexible tasks: 283
Solving time: 0.0010099 seconds
plan limit 979
current timestep 96
num of flexible agents: 5
num of flexible tasks: 280
Solving time: 0.0009958 seconds
plan limit 979
current timestep 97
num of flexible agents: 7
num of flexible tasks: 277
Solving time: 0.0010187 seconds
plan limit 979
current timestep 98
num of flexible agents: 6
num of flexible tasks: 272
Solving time: 0.001054 seconds
plan limit 979
current timestep 99
num of flexible agents: 4
num of flexible tasks: 268
Solving time: 0.0011451 seconds
plan limit 979
current timestep 100
num of flexible agents: 2
num of flexible tasks: 265
Solving time: 0.0009175 seconds
plan limit 979
current timestep 101
num of flexible agents: 5
num of flexible tasks: 265
Solving time: 0.0009398 seconds
plan limit 979
current timestep 102
num of flexible agents: 3
num of flexible tasks: 262
Solving time: 0.0009252 seconds
plan limit 979
current timestep 103
num of flexible agents: 2
num of flexible tasks: 260
Solving time: 0.000933 seconds
plan limit 979
current timestep 104
num of flexible agents: 2
num of flexible tasks: 259
Solving time: 0.0025816 seconds
plan limit 977
current timestep 105
num of flexible agents: 3
num of flexible tasks: 257
Solving time: 0.0009352 seconds
plan limit 979
current timestep 106
num of flexible agents: 1
num of flexible tasks: 254
Solving time: 0.0008079 seconds
plan limit 979
current timestep 107
num of flexible agents: 2
num of flexible tasks: 253
Solving time: 0.0008699 seconds
plan limit 979
current timestep 108
num of flexible agents: 0
num of flexible tasks: 251
Solving time: 0.0003099 seconds
plan limit 980
current timestep 109
num of flexible agents: 2
num of flexible tasks: 251
Solving time: 0.0009085 seconds
plan limit 979
current timestep 110
num of flexible agents: 6
num of flexible tasks: 250
Solving time: 0.0010113 seconds
plan limit 979
current timestep 111
num of flexible agents: 7
num of flexible tasks: 246
Solving time: 0.0010067 seconds
plan limit 979
current timestep 112
num of flexible agents: 6
num of flexible tasks: 241
Solving time: 0.0010071 seconds
plan limit 979
current timestep 113
num of flexible agents: 7
num of flexible tasks: 239
Solving time: 0.0010433 seconds
plan limit 979
current timestep 114
num of flexible agents: 4
num of flexible tasks: 234
Solving time: 0.0009679 seconds
plan limit 979
current timestep 115
num of flexible agents: 6
num of flexible tasks: 233
Solving time: 0.0010375 seconds
plan limit 979
current timestep 116
num of flexible agents: 4
num of flexible tasks: 229
Solving time: 0.0009892 seconds
plan limit 979
current timestep 117
num of flexible agents: 3
num of flexible tasks: 227
Solving time: 0.0009522 seconds
plan limit 979
current timestep 118
num of flexible agents: 5
num of flexible tasks: 226
Solving time: 0.0009861 seconds
plan limit 979
current timestep 119
num of flexible agents: 5
num of flexible tasks: 225
Solving time: 0.0029693 seconds
plan limit 977
current timestep 120
num of flexible agents: 6
num of flexible tasks: 222
Solving time: 0.0010296 seconds
plan limit 979
current timestep 121
num of flexible agents: 2
num of flexible tasks: 218
Solving time: 0.0009588 seconds
plan limit 979
current timestep 122
num of flexible agents: 2
num of flexible tasks: 218
Solving time: 0.0008682 seconds
plan limit 979
current timestep 123
num of flexible agents: 3
num of flexible tasks: 218
Solving time: 0.0009768 seconds
plan limit 979
current timestep 124
num of flexible agents: 3
num of flexible tasks: 216
Solving time: 0.0009329 seconds
plan limit 979
current timestep 125
num of flexible agents: 1
num of flexible tasks: 214
Solving time: 0.0004525 seconds
plan limit 980
current timestep 126
num of flexible agents: 2
num of flexible tasks: 214
Solving time: 0.0009748 seconds
plan limit 979
current timestep 127
num of flexible agents: 5
num of flexible tasks: 213
Solving time: 0.0009518 seconds
plan limit 979
current timestep 128
num of flexible agents: 5
num of flexible tasks: 209
Solving time: 0.0009664 seconds
plan limit 979
current timestep 129
num of flexible agents: 6
num of flexible tasks: 208
Solving time: 0.0010051 seconds
plan limit 979
current timestep 130
num of flexible agents: 6
num of flexible tasks: 205
Solving time: 0.001023 seconds
plan limit 979
current timestep 131
num of flexible agents: 9
num of flexible tasks: 204
Solving time: 0.0004087 seconds
plan limit 980
current timestep 132
num of flexible agents: 12
num of flexible tasks: 201
Solving time: 0.0004343 seconds
plan limit 980
current timestep 133
num of flexible agents: 8
num of flexible tasks: 197
Solving time: 0.0010911 seconds
plan limit 979
current timestep 134
num of flexible agents: 6
num of flexible tasks: 195
Solving time: 0.0010273 seconds
plan limit 979
current timestep 135
num of flexible agents: 6
num of flexible tasks: 192
Solving time: 0.0010089 seconds
plan limit 979
current timestep 136
num of flexible agents: 5
num of flexible tasks: 189
Solving time: 0.0009481 seconds
plan limit 979
current timestep 137
num of flexible agents: 3
num of flexible tasks: 186
Solving time: 0.0009217 seconds
plan limit 979
current timestep 138
num of flexible agents: 4
num of flexible tasks: 184
Solving time: 0.0009801 seconds
plan limit 979
current timestep 139
num of flexible agents: 5
num of flexible tasks: 183
Solving time: 0.0009833 seconds
plan limit 979
current timestep 140
num of flexible agents: 6
num of flexible tasks: 182
Solving time: 0.0010399 seconds
plan limit 979
current timestep 141
num of flexible agents: 5
num of flexible tasks: 181
Solving time: 0.0012229 seconds
plan limit 979
current timestep 142
num of flexible agents: 6
num of flexible tasks: 181
Solving time: 0.001084 seconds
plan limit 979
current timestep 143
num of flexible agents: 6
num of flexible tasks: 179
Solving time: 0.000972 seconds
plan limit 979
current timestep 144
num of flexible agents: 6
num of flexible tasks: 178
Solving time: 0.0010277 seconds
plan limit 979
current timestep 145
num of flexible agents: 5
num of flexible tasks: 174
Solving time: 0.0028561 seconds
plan limit 977
current timestep 146
num of flexible agents: 5
num of flexible tasks: 172
Solving time: 0.0011539 seconds
plan limit 979
current timestep 147
num of flexible agents: 8
num of flexible tasks: 171
Solving time: 0.0003856 seconds
plan limit 980
current timestep 148
num of flexible agents: 5
num of flexible tasks: 166
Solving time: 0.0009665 seconds
plan limit 979
current timestep 149
num of flexible agents: 6
num of flexible tasks: 165
Solving time: 0.0010321 seconds
plan limit 979
current timestep 150
num of flexible agents: 6
num of flexible tasks: 162
Solving time: 0.0010081 seconds
plan limit 979
current timestep 151
num of flexible agents: 5
num of flexible tasks: 161
Solving time: 0.0009762 seconds
plan limit 979
current timestep 152
num of flexible agents: 4
num of flexible tasks: 159
Solving time: 0.0009668 seconds
plan limit 979
current timestep 153
num of flexible agents: 7
num of flexible tasks: 157
Solving time: 0.0004205 seconds
plan limit 980
current timestep 154
num of flexible agents: 6
num of flexible tasks: 155
Solving time: 0.0010542 seconds
plan limit 979
current timestep 155
num of flexible agents: 4
num of flexible tasks: 151
Solving time: 0.0009814 seconds
plan limit 979
current timestep 156
num of flexible agents: 7
num of flexible tasks: 151
Solving time: 0.0004306 seconds
plan limit 980
current timestep 157
num of flexible agents: 7
num of flexible tasks: 149
Solving time: 0.0004143 seconds
plan limit 980
current timestep 158
num of flexible agents: 9
num of flexible tasks: 148
Solving time: 0.0004094 seconds
plan limit 980
current timestep 159
num of flexible agents: 8
num of flexible tasks: 145
Solving time: 0.0004099 seconds
plan limit 980
current timestep 160
num of flexible agents: 11
num of flexible tasks: 143
Solving time: 0.0011037 seconds
plan limit 979
current timestep 161
num of flexible agents: 10
num of flexible tasks: 139
Solving time: 0.0004113 seconds
plan limit 980
current timestep 162
num of flexible agents: 15
num of flexible tasks: 138
Solving time: 0.0004165 seconds
plan limit 980
current timestep 163
num of flexible agents: 9
num of flexible tasks: 132
Solving time: 0.0004217 seconds
plan limit 980
current timestep 164
num of flexible agents: 9
num of flexible tasks: 130
Solving time: 0.0004151 seconds
plan limit 980
current timestep 165
num of flexible agents: 12
num of flexible tasks: 129
Solving time: 0.0004776 seconds
plan limit 980
current timestep 166
num of flexible agents: 10
num of flexible tasks: 126
Solving time: 0.000475 seconds
plan limit 980
current timestep 167
num of flexible agents: 9
num of flexible tasks: 124
Solving time: 0.0004457 seconds
plan limit 980
current timestep 168
num of flexible agents: 7
num of flexible tasks: 120
Solving time: 0.0004199 seconds
plan limit 980
current timestep 169
num of flexible agents: 9
num of flexible tasks: 118
Solving time: 0.0004024 seconds
plan limit 980
current timestep 170
num of flexible agents: 7
num of flexible tasks: 114
Solving time: 0.0004267 seconds
plan limit 980
current timestep 171
num of flexible agents: 7
num of flexible tasks: 114
Solving time: 0.000435 seconds
plan limit 980
current timestep 172
num of flexible agents: 6
num of flexible tasks: 112
Solving time: 0.0004063 seconds
plan limit 980
current timestep 173
num of flexible agents: 7
num of flexible tasks: 112
Solving time: 0.000435 seconds
plan limit 980
current timestep 174
num of flexible agents: 10
num of flexible tasks: 112
Solving time: 0.0004195 seconds
plan limit 980
current timestep 175
num of flexible agents: 13
num of flexible tasks: 111
Solving time: 0.0010156 seconds
plan limit 979
current timestep 176
num of flexible agents: 11
num of flexible tasks: 107
Solving time: 0.0004404 seconds
plan limit 980
current timestep 177
num of flexible agents: 12
num of flexible tasks: 107
Solving time: 0.0005375 seconds
plan limit 980
current timestep 178
num of flexible agents: 14
num of flexible tasks: 105
Solving time: 0.0005715 seconds
plan limit 980
current timestep 179
num of flexible agents: 13
num of flexible tasks: 103
Solving time: 0.0004473 seconds
plan limit 980
current timestep 180
num of flexible agents: 13
num of flexible tasks: 101
Solving time: 0.0004341 seconds
plan limit 980
current timestep 181
num of flexible agents: 15
num of flexible tasks: 99
Solving time: 0.0004871 seconds
plan limit 980
current timestep 182
num of flexible agents: 12
num of flexible tasks: 93
Solving time: 0.0004481 seconds
plan limit 980
current timestep 183
num of flexible agents: 11
num of flexible tasks: 91
Solving time: 0.0004562 seconds
plan limit 980
current timestep 184
num of flexible agents: 11
num of flexible tasks: 90
Solving time: 0.0005875 seconds
plan limit 980
current timestep 185
num of flexible agents: 11
num of flexible tasks: 89
Solving time: 0.000429 seconds
plan limit 980
current timestep 186
num of flexible agents: 9
num of flexible tasks: 87
Solving time: 0.0004808 seconds
plan limit 980
current timestep 187
num of flexible agents: 7
num of flexible tasks: 84
Solving time: 0.0004286 seconds
plan limit 980
current timestep 188
num of flexible agents: 9
num of flexible tasks: 84
Solving time: 0.0004118 seconds
plan limit 980
current timestep 189
num of flexible agents: 7
num of flexible tasks: 82
Solving time: 0.0004298 seconds
plan limit 980
current timestep 190
num of flexible agents: 10
num of flexible tasks: 81
Solving time: 0.0004576 seconds
plan limit 980
current timestep 191
num of flexible agents: 13
num of flexible tasks: 81
Solving time: 0.0004703 seconds
plan limit 980
current timestep 192
num of flexible agents: 12
num of flexible tasks: 79
Solving time: 0.0004463 seconds
plan limit 980
current timestep 193
num of flexible agents: 17
num of flexible tasks: 79
Solving time: 0.0005046 seconds
plan limit 980
current timestep 194
num of flexible agents: 16
num of flexible tasks: 77
Solving time: 0.0004594 seconds
plan limit 980
current timestep 195
num of flexible agents: 14
num of flexible tasks: 73
Solving time: 0.0004932 seconds
plan limit 980
current timestep 196
num of flexible agents: 15
num of flexible tasks: 73
Solving time: 0.0005848 seconds
plan limit 980
current timestep 197
num of flexible agents: 16
num of flexible tasks: 73
Solving time: 0.0004944 seconds
plan limit 980
current timestep 198
num of flexible agents: 17
num of flexible tasks: 71
Solving time: 0.0004722 seconds
plan limit 980
current timestep 199
num of flexible agents: 18
num of flexible tasks: 70
Solving time: 0.0005058 seconds
plan limit 980
current timestep 200
num of flexible agents: 15
num of flexible tasks: 66
Solving time: 0.0004688 seconds
plan limit 980
current timestep 201
num of flexible agents: 16
num of flexible tasks: 65
Solving time: 0.0004933 seconds
plan limit 980
current timestep 202
num of flexible agents: 16
num of flexible tasks: 64
Solving time: 0.0005322 seconds
plan limit 980
current timestep 203
num of flexible agents: 19
num of flexible tasks: 64
Solving time: 0.0004927 seconds
plan limit 980
current timestep 204
num of flexible agents: 17
num of flexible tasks: 61
Solving time: 0.0004883 seconds
plan limit 980
current timestep 205
num of flexible agents: 18
num of flexible tasks: 61
Solving time: 0.0004831 seconds
plan limit 980
current timestep 206
num of flexible agents: 19
num of flexible tasks: 61
Solving time: 0.000457 seconds
plan limit 980
current timestep 207
num of flexible agents: 20
num of flexible tasks: 57
Solving time: 0.0005246 seconds
plan limit 980
current timestep 208
num of flexible agents: 20
num of flexible tasks: 53
Solving time: 0.0004956 seconds
plan limit 980
current timestep 209
num of flexible agents: 20
num of flexible tasks: 52
Solving time: 0.0005105 seconds
plan limit 980
current timestep 210
num of flexible agents: 21
num of flexible tasks: 51
Solving time: 0.0005842 seconds
plan limit 980
current timestep 211
num of flexible agents: 21
num of flexible tasks: 50
Solving time: 0.0007672 seconds
plan limit 979
current timestep 212
num of flexible agents: 21
num of flexible tasks: 47
Solving time: 0.0004959 seconds
plan limit 980
current timestep 213
num of flexible agents: 19
num of flexible tasks: 45
Solving time: 0.0004904 seconds
plan limit 980
current timestep 214
num of flexible agents: 23
num of flexible tasks: 45
Solving time: 0.0005241 seconds
plan limit 980
current timestep 215
num of flexible agents: 19
num of flexible tasks: 41
Solving time: 0.0005285 seconds
plan limit 980
current timestep 216
num of flexible agents: 19
num of flexible tasks: 40
Solving time: 0.0005162 seconds
plan limit 980
current timestep 217
num of flexible agents: 20
num of flexible tasks: 40
Solving time: 0.0005421 seconds
plan limit 980
current timestep 218
num of flexible agents: 20
num of flexible tasks: 39
Solving time: 0.0005098 seconds
plan limit 980
current timestep 219
num of flexible agents: 18
num of flexible tasks: 37
Solving time: 0.0005224 seconds
plan limit 980
current timestep 220
num of flexible agents: 19
num of flexible tasks: 36
Solving time: 0.0005171 seconds
plan limit 980
current timestep 221
num of flexible agents: 20
num of flexible tasks: 36
Solving time: 0.0004936 seconds
plan limit 980
current timestep 222
num of flexible agents: 25
num of flexible tasks: 36
Solving time: 0.0005493 seconds
plan limit 980
current timestep 223
num of flexible agents: 22
num of flexible tasks: 30
Solving time: 0.0005497 seconds
plan limit 980
current timestep 224
num of flexible agents: 21
num of flexible tasks: 27
Solving time: 0.0006393 seconds
plan limit 980
current timestep 225
num of flexible agents: 19
num of flexible tasks: 25
Solving time: 0.0005082 seconds
plan limit 980
current timestep 226
num of flexible agents: 19
num of flexible tasks: 24
Solving time: 0.0005355 seconds
plan limit 980
current timestep 227
num of flexible agents: 17
num of flexible tasks: 22
Solving time: 0.000528 seconds
plan limit 980
current timestep 228
num of flexible agents: 17
num of flexible tasks: 20
Solving time: 0.000581 seconds
plan limit 980
current timestep 229
num of flexible agents: 19
num of flexible tasks: 20
Solving time: 0.0005424 seconds
plan limit 980
current timestep 230
num of flexible agents: 21
num of flexible tasks: 20
Solving time: 0.0005532 seconds
plan limit 980
current timestep 231
num of flexible agents: 20
num of flexible tasks: 18
Solving time: 0.0005475 seconds
plan limit 980
current timestep 232
num of flexible agents: 22
num of flexible tasks: 18
Solving time: 0.0005397 seconds
plan limit 980
current timestep 233
num of flexible agents: 23
num of flexible tasks: 18
Solving time: 0.0005334 seconds
plan limit 980
current timestep 234
num of flexible agents: 21
num of flexible tasks: 16
Solving time: 0.0005093 seconds
plan limit 980
current timestep 235
num of flexible agents: 20
num of flexible tasks: 15
Solving time: 0.0005152 seconds
plan limit 980
current timestep 236
num of flexible agents: 20
num of flexible tasks: 14
Solving time: 0.0005047 seconds
plan limit 980
current timestep 237
num of flexible agents: 18
num of flexible tasks: 12
Solving time: 0.0005009 seconds
plan limit 980
current timestep 238
num of flexible agents: 18
num of flexible tasks: 11
Solving time: 0.0004915 seconds
plan limit 980
current timestep 239
num of flexible agents: 17
num of flexible tasks: 9
Solving time: 0.0004771 seconds
plan limit 980
current timestep 240
num of flexible agents: 18
num of flexible tasks: 8
Solving time: 0.0004503 seconds
plan limit 980
current timestep 241
num of flexible agents: 19
num of flexible tasks: 8
Solving time: 0.0004319 seconds
plan limit 980
current timestep 242
num of flexible agents: 19
num of flexible tasks: 8
Solving time: 0.0003488 seconds
plan limit 980
current timestep 243
num of flexible agents: 19
num of flexible tasks: 7
Solving time: 0.0004257 seconds
plan limit 980
current timestep 244
num of flexible agents: 21
num of flexible tasks: 5
Solving time: 0.0003725 seconds
plan limit 980
current timestep 245
num of flexible agents: 22
num of flexible tasks: 5
Solving time: 0.0003948 seconds
plan limit 980
current timestep 246
num of flexible agents: 23
num of flexible tasks: 5
Solving time: 0.000341 seconds
plan limit 980
current timestep 247
num of flexible agents: 23
num of flexible tasks: 3
Solving time: 0.0003521 seconds
plan limit 980
current timestep 248
num of flexible agents: 24
num of flexible tasks: 3
Solving time: 0.0003618 seconds
plan limit 980
current timestep 249
num of flexible agents: 26
num of flexible tasks: 3
Solving time: 0.0003337 seconds
plan limit 980
current timestep 250
num of flexible agents: 28
num of flexible tasks: 1
Solving time: 0.0003243 seconds
plan limit 980
current timestep 251
num of flexible agents: 30
num of flexible tasks: 1
Solving time: 0.0003767 seconds
plan limit 980
current timestep 252
num of flexible agents: 30
num of flexible tasks: 1
Solving time: 0.0003605 seconds
plan limit 980
current timestep 253
num of flexible agents: 33
num of flexible tasks: 1
Solving time: 0.0003281 seconds
plan limit 980
current timestep 254
num of flexible agents: 36
num of flexible tasks: 1
Solving time: 0.000353 seconds
plan limit 980
current timestep 255
num of flexible agents: 37
num of flexible tasks: 1
Solving time: 0.000387 seconds
plan limit 980
current timestep 256
num of flexible agents: 38
num of flexible tasks: 1
Solving time: 0.0004243 seconds
plan limit 980
current timestep 257
num of flexible agents: 37
num of flexible tasks: 0
Solving time: 0.0002849 seconds
plan limit 980
current timestep 258
num of flexible agents: 37
num of flexible tasks: 0
Solving time: 0.0002248 seconds
plan limit 980
current timestep 259
num of flexible agents: 38
num of flexible tasks: 0
Solving time: 0.0007819 seconds
plan limit 979
current timestep 260
num of flexible agents: 38
num of flexible tasks: 0
Solving time: 0.0002422 seconds
plan limit 980
current timestep 261
num of flexible agents: 40
num of flexible tasks: 0
Solving time: 0.0002304 seconds
plan limit 980
current timestep 262
num of flexible agents: 40
num of flexible tasks: 0
Solving time: 0.0002967 seconds
plan limit 980
current timestep 263
num of flexible agents: 41
num of flexible tasks: 0
Solving time: 0.0002161 seconds
plan limit 980
current timestep 264
num of flexible agents: 41
num of flexible tasks: 0
Solving time: 0.0002325 seconds
plan limit 980
current timestep 265
num of flexible agents: 41
num of flexible tasks: 0
Solving time: 0.0002156 seconds
plan limit 980
current timestep 266
num of flexible agents: 42
num of flexible tasks: 0
Solving time: 0.0002281 seconds
plan limit 980
current timestep 267
num of flexible agents: 42
num of flexible tasks: 0
Solving time: 0.0002282 seconds
plan limit 980
current timestep 268
num of flexible agents: 42
num of flexible tasks: 0
Solving time: 0.0002355 seconds
plan limit 980
current timestep 269
num of flexible agents: 42
num of flexible tasks: 0
Solving time: 0.0002661 seconds
plan limit 980
current timestep 270
num of flexible agents: 44
num of flexible tasks: 0
Solving time: 0.00023 seconds
plan limit 980
current timestep 271
num of flexible agents: 44
num of flexible tasks: 0
Solving time: 0.000231 seconds
plan limit 980
current timestep 272
num of flexible agents: 45
num of flexible tasks: 0
Solving time: 0.0002332 seconds
plan limit 980
current timestep 273
num of flexible agents: 45
num of flexible tasks: 0
Solving time: 0.0002192 seconds
plan limit 980
current timestep 274
num of flexible agents: 45
num of flexible tasks: 0
Solving time: 0.0003025 seconds
plan limit 980
current timestep 275
num of flexible agents: 46
num of flexible tasks: 0
Solving time: 0.0003186 seconds
plan limit 980
current timestep 276
num of flexible agents: 46
num of flexible tasks: 0
Solving time: 0.0002295 seconds
plan limit 980
current timestep 277
num of flexible agents: 47
num of flexible tasks: 0
Solving time: 0.0002301 seconds
plan limit 980
current timestep 278
num of flexible agents: 48
num of flexible tasks: 0
Solving time: 0.0002391 seconds
plan limit 980
current timestep 279
num of flexible agents: 49
num of flexible tasks: 0
Solving time: 0.0003412 seconds
plan limit 980
current timestep 280
num of flexible agents: 49
num of flexible tasks: 0
Solving time: 0.0002313 seconds
plan limit 980
current timestep 281
num of flexible agents: 49
num of flexible tasks: 0
Solving time: 0.0002189 seconds
plan limit 980
current timestep 282
num of flexible agents: 49
num of flexible tasks: 0
Solving time: 0.0002272 seconds
plan limit 980
current timestep 283
num of flexible agents: 49
num of flexible tasks: 0
Solving time: 0.000231 seconds
plan limit 980
current timestep 284
num of flexible agents: 49
num of flexible tasks: 0
Solving time: 0.0002291 seconds
plan limit 980
All tasks finished at timestep 285
Running f10_n50_taskmatcher-free_seed4
current timestep 0
plan limit 980
current timestep 1
plan limit 980
current timestep 2
plan limit 980
current timestep 3
plan limit 980
current timestep 4
plan limit 980
current timestep 5
plan limit 980
current timestep 6
plan limit 980
current timestep 7
plan limit 980
current timestep 8
plan limit 980
current timestep 9
plan limit 980
current timestep 10
plan limit 980
current timestep 11
plan limit 980
current timestep 12
plan limit 980
current timestep 13
plan limit 980
current timestep 14
plan limit 980
current timestep 15
plan limit 980
current timestep 16
plan limit 980
current timestep 17
plan limit 980
current timestep 18
plan limit 980
current timestep 19
plan limit 980
current timestep 20
plan limit 980
current timestep 21
plan limit 980
current timestep 22
plan limit 980
current timestep 23
plan limit 980
current timestep 24
plan limit 980
current timestep 25
plan limit 980
current timestep 26
plan limit 980
current timestep 27
plan limit 980
current timestep 28
plan limit 980
current timestep 29
plan limit 980
current timestep 30
plan limit 980
current timestep 31
plan limit 980
current timestep 32
plan limit 980
current timestep 33
plan limit 980
current timestep 34
plan limit 980
current timestep 35
plan limit 980
current timestep 36
plan limit 980
current timestep 37
plan limit 980
current timestep 38
plan limit 980
current timestep 39
plan limit 980
current timestep 40
plan limit 980
current timestep 41
plan limit 980
current timestep 42
plan limit 980
current timestep 43
plan limit 980
current timestep 44
plan limit 980
current timestep 45
plan limit 980
current timestep 46
plan limit 980
current timestep 47
plan limit 980
current timestep 48
plan limit 980
current timestep 49
plan limit 980
current timestep 50
plan limit 980
current timestep 51
plan limit 980
current timestep 52
plan limit 980
current timestep 53
plan limit 980
current timestep 54
plan limit 980
current timestep 55
plan limit 980
current timestep 56
plan limit 980
current timestep 57
plan limit 980
current timestep 58
plan limit 980
current timestep 59
plan limit 980
current timestep 60
plan limit 980
current timestep 61
plan limit 980
current timestep 62
plan limit 980
current timestep 63
plan limit 980
current timestep 64
plan limit 980
current timestep 65
plan limit 980
current timestep 66
plan limit 980
current timestep 67
plan limit 980
current timestep 68
plan limit 980
current timestep 69
plan limit 980
current timestep 70
plan limit 980
current timestep 71
plan limit 980
current timestep 72
plan limit 980
current timestep 73
plan limit 980
current timestep 74
plan limit 980
current timestep 75
plan limit 980
current timestep 76
plan limit 980
current timestep 77
plan limit 980
current timestep 78
plan limit 980
current timestep 79
plan limit 980
current timestep 80
plan limit 980
current timestep 81
plan limit 980
current timestep 82
plan limit 980
current timestep 83
plan limit 980
current timestep 84
plan limit 980
current timestep 85
plan limit 980
current timestep 86
plan limit 980
current timestep 87
plan limit 980
current timestep 88
plan limit 980
current timestep 89
plan limit 980
current timestep 90
plan limit 980
current timestep 91
plan limit 980
current timestep 92
plan limit 980
current timestep 93
plan limit 980
current timestep 94
plan limit 980
current timestep 95
plan limit 980
current timestep 96
plan limit 980
current timestep 97
plan limit 980
current timestep 98
plan limit 980
current timestep 99
plan limit 980
current timestep 100
plan limit 980
current timestep 101
plan limit 980
current timestep 102
plan limit 980
current timestep 103
plan limit 980
current timestep 104
plan limit 980
current timestep 105
plan limit 980
current timestep 106
plan limit 980
current timestep 107
plan limit 980
current timestep 108
plan limit 980
current timestep 109
plan limit 980
current timestep 110
plan limit 980
current timestep 111
plan limit 980
current timestep 112
plan limit 980
current timestep 113
plan limit 980
current timestep 114
plan limit 980
current timestep 115
plan limit 980
current timestep 116
plan limit 980
current timestep 117
plan limit 980
current timestep 118
plan limit 980
current timestep 119
plan limit 980
current timestep 120
plan limit 980
current timestep 121
plan limit 980
current timestep 122
plan limit 980
current timestep 123
plan limit 980
current timestep 124
plan limit 980
current timestep 125
plan limit 980
current timestep 126
plan limit 980
current timestep 127
plan limit 980
current timestep 128
plan limit 980
current timestep 129
plan limit 980
current timestep 130
plan limit 980
current timestep 131
plan limit 980
current timestep 132
plan limit 980
current timestep 133
plan limit 980
current timestep 134
plan limit 980
current timestep 135
plan limit 980
current timestep 136
plan limit 980
current timestep 137
plan limit 980
current timestep 138
plan limit 980
current timestep 139
plan limit 980
current timestep 140
plan limit 980
current timestep 141
plan limit 980
current timestep 142
plan limit 980
current timestep 143
plan limit 980
current timestep 144
plan limit 980
current timestep 145
plan limit 980
current timestep 146
plan limit 980
current timestep 147
plan limit 980
current timestep 148
plan limit 980
current timestep 149
plan limit 980
current timestep 150
plan limit 980
current timestep 151
plan limit 980
current timestep 152
plan limit 980
current timestep 153
plan limit 980
current timestep 154
plan limit 980
current timestep 155
plan limit 980
current timestep 156
plan limit 980
current timestep 157
plan limit 980
current timestep 158
plan limit 980
current timestep 159
plan limit 980
current timestep 160
plan limit 980
current timestep 161
plan limit 980
current timestep 162
plan limit 980
current timestep 163
plan limit 980
current timestep 164
plan limit 980
current timestep 165
plan limit 980
current timestep 166
plan limit 980
current timestep 167
plan limit 980
current timestep 168
plan limit 980
current timestep 169
plan limit 980
current timestep 170
plan limit 980
current timestep 171
plan limit 980
current timestep 172
plan limit 980
current timestep 173
plan limit 980
current timestep 174
plan limit 980
current timestep 175
plan limit 980
current timestep 176
plan limit 980
current timestep 177
plan limit 980
current timestep 178
plan limit 980
current timestep 179
plan limit 980
current timestep 180
plan limit 980
current timestep 181
plan limit 980
current timestep 182
plan limit 980
current timestep 183
plan limit 980
current timestep 184
plan limit 980
current timestep 185
plan limit 980
current timestep 186
plan limit 980
current timestep 187
plan limit 980
current timestep 188
plan limit 980
current timestep 189
plan limit 980
current timestep 190
plan limit 980
current timestep 191
plan limit 980
current timestep 192
plan limit 980
current timestep 193
plan limit 980
current timestep 194
plan limit 980
current timestep 195
plan limit 980
current timestep 196
plan limit 980
current timestep 197
plan limit 980
current timestep 198
plan limit 980
current timestep 199
plan limit 980
current timestep 200
plan limit 980
current timestep 201
plan limit 980
current timestep 202
plan limit 980
current timestep 203
plan limit 980
current timestep 204
plan limit 980
current timestep 205
plan limit 980
current timestep 206
plan limit 980
current timestep 207
plan limit 980
current timestep 208
plan limit 980
current timestep 209
plan limit 980
current timestep 210
plan limit 980
current timestep 211
plan limit 980
current timestep 212
plan limit 980
current timestep 213
plan limit 980
current timestep 214
plan limit 980
current timestep 215
plan limit 980
current timestep 216
plan limit 980
current timestep 217
plan limit 980
current timestep 218
plan limit 980
current timestep 219
plan limit 980
current timestep 220
plan limit 980
current timestep 221
plan limit 980
current timestep 222
plan limit 980
current timestep 223
plan limit 980
current timestep 224
plan limit 980
current timestep 225
plan limit 980
current timestep 226
plan limit 980
current timestep 227
plan limit 980
current timestep 228
plan limit 980
current timestep 229
plan limit 980
current timestep 230
plan limit 980
current timestep 231
plan limit 980
current timestep 232
plan limit 980
current timestep 233
plan limit 980
current timestep 234
plan limit 980
current timestep 235
plan limit 980
current timestep 236
plan limit 980
current timestep 237
plan limit 980
current timestep 238
plan limit 980
current timestep 239
plan limit 980
current timestep 240
plan limit 980
current timestep 241
plan limit 980
current timestep 242
plan limit 980
current timestep 243
plan limit 980
current timestep 244
plan limit 980
current timestep 245
plan limit 980
current timestep 246
plan limit 980
current timestep 247
plan limit 980
current timestep 248
plan limit 980
current timestep 249
plan limit 980
current timestep 250
plan limit 980
current timestep 251
plan limit 980
current timestep 252
plan limit 980
current timestep 253
plan limit 980
current timestep 254
plan limit 980
current timestep 255
plan limit 980
current timestep 256
plan limit 980
current timestep 257
plan limit 980
current timestep 258
plan limit 980
current timestep 259
plan limit 980
current timestep 260
plan limit 980
current timestep 261
plan limit 980
current timestep 262
plan limit 980
current timestep 263
plan limit 980
current timestep 264
plan limit 980
current timestep 265
plan limit 980
current timestep 266
plan limit 980
current timestep 267
plan limit 980
current timestep 268
plan limit 980
current timestep 269
plan limit 980
current timestep 270
plan limit 980
current timestep 271
plan limit 980
current timestep 272
plan limit 980
current timestep 273
plan limit 980
current timestep 274
plan limit 980
current timestep 275
plan limit 980
current timestep 276
plan limit 980
All tasks finished at timestep 277
