Running w600_flow-traffic_t1000_trial1
current timestep 0
num of flexible agents: 600
num of flexible tasks: 900
Solving time: 0.0023071 seconds
plan limit 977
current timestep 1
num of flexible agents: 564
num of flexible tasks: 864
Solving time: 0.0021427 seconds
plan limit 978
current timestep 2
num of flexible agents: 531
num of flexible tasks: 831
Solving time: 0.0019256 seconds
plan limit 978
current timestep 3
num of flexible agents: 494
num of flexible tasks: 794
Solving time: 0.0016154 seconds
plan limit 978
current timestep 4
num of flexible agents: 459
num of flexible tasks: 759
Solving time: 0.0014871 seconds
plan limit 979
current timestep 5
num of flexible agents: 431
num of flexible tasks: 731
Solving time: 0.001407 seconds
plan limit 979
current timestep 6
num of flexible agents: 400
num of flexible tasks: 700
Solving time: 0.001429 seconds
plan limit 979
current timestep 7
num of flexible agents: 370
num of flexible tasks: 670
Solving time: 0.0013727 seconds
plan limit 979
current timestep 8
num of flexible agents: 343
num of flexible tasks: 643
Solving time: 0.0014111 seconds
plan limit 978
current timestep 9
num of flexible agents: 321
num of flexible tasks: 621
Solving time: 0.0014232 seconds
plan limit 978
current timestep 10
num of flexible agents: 300
num of flexible tasks: 600
Solving time: 0.0014061 seconds
plan limit 978
current timestep 11
num of flexible agents: 275
num of flexible tasks: 575
Solving time: 0.0019392 seconds
plan limit 978
current timestep 12
num of flexible agents: 257
num of flexible tasks: 557
Solving time: 0.0012121 seconds
plan limit 979
current timestep 13
num of flexible agents: 231
num of flexible tasks: 531
Solving time: 0.0011682 seconds
plan limit 979
current timestep 14
num of flexible agents: 209
num of flexible tasks: 509
Solving time: 0.0011473 seconds
plan limit 979
current timestep 15
num of flexible agents: 192
num of flexible tasks: 492
Solving time: 0.0010988 seconds
plan limit 979
current timestep 16
num of flexible agents: 173
num of flexible tasks: 473
Solving time: 0.0011013 seconds
plan limit 979
current timestep 17
num of flexible agents: 160
num of flexible tasks: 460
Solving time: 0.0011569 seconds
plan limit 979
current timestep 18
num of flexible agents: 148
num of flexible tasks: 448
Solving time: 0.0011149 seconds
plan limit 979
current timestep 19
num of flexible agents: 133
num of flexible tasks: 433
Solving time: 0.0013312 seconds
plan limit 979
current timestep 20
num of flexible agents: 120
num of flexible tasks: 420
Solving time: 0.0010599 seconds
plan limit 979
current timestep 21
num of flexible agents: 106
num of flexible tasks: 406
Solving time: 0.0011379 seconds
plan limit 979
current timestep 22
num of flexible agents: 102
num of flexible tasks: 402
Solving time: 0.0011003 seconds
plan limit 979
current timestep 23
num of flexible agents: 94
num of flexible tasks: 394
Solving time: 0.0011194 seconds
plan limit 979
current timestep 24
num of flexible agents: 91
num of flexible tasks: 391
Solving time: 0.0011279 seconds
plan limit 979
current timestep 25
num of flexible agents: 90
num of flexible tasks: 390
Solving time: 0.0010985 seconds
plan limit 979
current timestep 26
num of flexible agents: 84
num of flexible tasks: 384
Solving time: 0.0010542 seconds
plan limit 979
current timestep 27
num of flexible agents: 82
num of flexible tasks: 382
Solving time: 0.0010528 seconds
plan limit 979
current timestep 28
num of flexible agents: 76
num of flexible tasks: 376
Solving time: 0.0011919 seconds
plan limit 979
current timestep 29
num of flexible agents: 82
num of flexible tasks: 382
Solving time: 0.0011666 seconds
plan limit 979
current timestep 30
num of flexible agents: 81
num of flexible tasks: 381
Solving time: 0.0013629 seconds
plan limit 978
current timestep 31
num of flexible agents: 86
num of flexible tasks: 386
Solving time: 0.0017682 seconds
plan limit 978
current timestep 32
num of flexible agents: 89
num of flexible tasks: 389
Solving time: 0.0011303 seconds
plan limit 979
current timestep 33
num of flexible agents: 92
num of flexible tasks: 392
Solving time: 0.0037723 seconds
plan limit 975
current timestep 34
num of flexible agents: 97
num of flexible tasks: 397
Solving time: 0.0011962 seconds
plan limit 979
current timestep 35
num of flexible agents: 100
num of flexible tasks: 400
Solving time: 0.0011037 seconds
plan limit 979
current timestep 36
num of flexible agents: 104
num of flexible tasks: 404
Solving time: 0.0011081 seconds
plan limit 979
current timestep 37
num of flexible agents: 103
num of flexible tasks: 403
Solving time: 0.0011599 seconds
plan limit 979
current timestep 38
num of flexible agents: 108
num of flexible tasks: 408
Solving time: 0.0011458 seconds
plan limit 979
current timestep 39
num of flexible agents: 111
num of flexible tasks: 411
Solving time: 0.0011284 seconds
plan limit 979
current timestep 40
num of flexible agents: 113
num of flexible tasks: 413
Solving time: 0.0011981 seconds
plan limit 979
current timestep 41
num of flexible agents: 118
num of flexible tasks: 418
Solving time: 0.0011235 seconds
plan limit 979
current timestep 42
num of flexible agents: 114
num of flexible tasks: 414
Solving time: 0.0011285 seconds
plan limit 979
current timestep 43
num of flexible agents: 112
num of flexible tasks: 412
Solving time: 0.0015767 seconds
plan limit 978
current timestep 44
num of flexible agents: 112
num of flexible tasks: 412
Solving time: 0.0012512 seconds
plan limit 979
current timestep 45
num of flexible agents: 115
num of flexible tasks: 415
Solving time: 0.0012324 seconds
plan limit 979
current timestep 46
num of flexible agents: 118
num of flexible tasks: 418
Solving time: 0.0011842 seconds
plan limit 979
current timestep 47
num of flexible agents: 122
num of flexible tasks: 422
Solving time: 0.0012558 seconds
plan limit 979
current timestep 48
num of flexible agents: 123
num of flexible tasks: 423
Solving time: 0.0013249 seconds
plan limit 979
current timestep 49
num of flexible agents: 123
num of flexible tasks: 423
Solving time: 0.0011653 seconds
plan limit 979
current timestep 50
num of flexible agents: 131
num of flexible tasks: 431
Solving time: 0.0014323 seconds
plan limit 978
current timestep 51
num of flexible agents: 132
num of flexible tasks: 432
Solving time: 0.0011719 seconds
plan limit 979
current timestep 52
num of flexible agents: 133
num of flexible tasks: 433
Solving time: 0.0014112 seconds
plan limit 978
current timestep 53
num of flexible agents: 137
num of flexible tasks: 437
Solving time: 0.0012997 seconds
plan limit 979
current timestep 54
num of flexible agents: 141
num of flexible tasks: 441
Solving time: 0.0012248 seconds
plan limit 979
current timestep 55
num of flexible agents: 148
num of flexible tasks: 448
Solving time: 0.0012237 seconds
plan limit 979
current timestep 56
num of flexible agents: 158
num of flexible tasks: 458
Solving time: 0.0012173 seconds
plan limit 979
current timestep 57
num of flexible agents: 170
num of flexible tasks: 470
Solving time: 0.0011914 seconds
plan limit 979
current timestep 58
num of flexible agents: 171
num of flexible tasks: 471
Solving time: 0.0012002 seconds
plan limit 979
current timestep 59
num of flexible agents: 181
num of flexible tasks: 481
Solving time: 0.0013692 seconds
plan limit 979
current timestep 60
num of flexible agents: 185
num of flexible tasks: 485
Solving time: 0.0012666 seconds
plan limit 979
current timestep 61
num of flexible agents: 188
num of flexible tasks: 488
Solving time: 0.0012258 seconds
plan limit 979
current timestep 62
num of flexible agents: 190
num of flexible tasks: 490
Solving time: 0.0012778 seconds
plan limit 979
current timestep 63
num of flexible agents: 187
num of flexible tasks: 487
Solving time: 0.0017707 seconds
plan limit 978
current timestep 64
num of flexible agents: 190
num of flexible tasks: 490
Solving time: 0.0013348 seconds
plan limit 979
current timestep 65
num of flexible agents: 200
num of flexible tasks: 500
Solving time: 0.0014252 seconds
plan limit 979
current timestep 66
num of flexible agents: 201
num of flexible tasks: 501
Solving time: 0.0013027 seconds
plan limit 979
current timestep 67
num of flexible agents: 201
num of flexible tasks: 501
Solving time: 0.0012868 seconds
plan limit 979
current timestep 68
num of flexible agents: 201
num of flexible tasks: 501
Solving time: 0.0013187 seconds
plan limit 979
current timestep 69
num of flexible agents: 203
num of flexible tasks: 503
Solving time: 0.0013788 seconds
plan limit 978
current timestep 70
num of flexible agents: 202
num of flexible tasks: 502
Solving time: 0.0014047 seconds
plan limit 978
current timestep 71
num of flexible agents: 199
num of flexible tasks: 499
Solving time: 0.0013033 seconds
plan limit 979
current timestep 72
num of flexible agents: 198
num of flexible tasks: 498
Solving time: 0.0012316 seconds
plan limit 979
current timestep 73
num of flexible agents: 205
num of flexible tasks: 505
Solving time: 0.0014975 seconds
plan limit 978
current timestep 74
num of flexible agents: 199
num of flexible tasks: 499
Solving time: 0.0020965 seconds
plan limit 976
current timestep 75
num of flexible agents: 202
num of flexible tasks: 502
Solving time: 0.0012933 seconds
plan limit 979
current timestep 76
num of flexible agents: 199
num of flexible tasks: 499
Solving time: 0.0013264 seconds
plan limit 979
current timestep 77
num of flexible agents: 202
num of flexible tasks: 502
Solving time: 0.0012607 seconds
plan limit 979
current timestep 78
num of flexible agents: 210
num of flexible tasks: 510
Solving time: 0.0013291 seconds
plan limit 979
current timestep 79
num of flexible agents: 210
num of flexible tasks: 510
Solving time: 0.001323 seconds
plan limit 979
current timestep 80
num of flexible agents: 209
num of flexible tasks: 509
Solving time: 0.0013376 seconds
plan limit 979
current timestep 81
num of flexible agents: 211
num of flexible tasks: 511
Solving time: 0.0013379 seconds
plan limit 978
current timestep 82
num of flexible agents: 211
num of flexible tasks: 511
Solving time: 0.0020537 seconds
plan limit 978
current timestep 83
num of flexible agents: 208
num of flexible tasks: 508
Solving time: 0.0012889 seconds
plan limit 979
current timestep 84
num of flexible agents: 207
num of flexible tasks: 507
Solving time: 0.0013807 seconds
plan limit 978
current timestep 85
num of flexible agents: 208
num of flexible tasks: 508
Solving time: 0.0013435 seconds
plan limit 979
current timestep 86
num of flexible agents: 207
num of flexible tasks: 507
Solving time: 0.0014905 seconds
plan limit 978
current timestep 87
num of flexible agents: 206
num of flexible tasks: 506
Solving time: 0.001303 seconds
plan limit 979
current timestep 88
num of flexible agents: 205
num of flexible tasks: 505
Solving time: 0.0016502 seconds
plan limit 978
current timestep 89
num of flexible agents: 202
num of flexible tasks: 502
Solving time: 0.0012308 seconds
plan limit 979
current timestep 90
num of flexible agents: 203
num of flexible tasks: 503
Solving time: 0.0013062 seconds
plan limit 979
current timestep 91
num of flexible agents: 206
num of flexible tasks: 506
Solving time: 0.0016606 seconds
plan limit 978
current timestep 92
num of flexible agents: 206
num of flexible tasks: 506
Solving time: 0.0013958 seconds
plan limit 979
current timestep 93
num of flexible agents: 207
num of flexible tasks: 507
Solving time: 0.0013007 seconds
plan limit 979
current timestep 94
num of flexible agents: 202
num of flexible tasks: 502
Solving time: 0.0014781 seconds
plan limit 978
current timestep 95
num of flexible agents: 202
num of flexible tasks: 502
Solving time: 0.001468 seconds
plan limit 978
current timestep 96
num of flexible agents: 206
num of flexible tasks: 506
Solving time: 0.0013655 seconds
plan limit 979
current timestep 97
num of flexible agents: 203
num of flexible tasks: 503
Solving time: 0.0014112 seconds
plan limit 978
current timestep 98
num of flexible agents: 209
num of flexible tasks: 509
Solving time: 0.0014819 seconds
plan limit 978
current timestep 99
num of flexible agents: 211
num of flexible tasks: 511
Solving time: 0.0013634 seconds
plan limit 979
current timestep 100
num of flexible agents: 215
num of flexible tasks: 515
Solving time: 0.0014706 seconds
plan limit 978
current timestep 101
num of flexible agents: 224
num of flexible tasks: 524
Solving time: 0.0016208 seconds
plan limit 978
current timestep 102
num of flexible agents: 223
num of flexible tasks: 523
Solving time: 0.001487 seconds
plan limit 978
current timestep 103
num of flexible agents: 219
num of flexible tasks: 519
Solving time: 0.0022907 seconds
plan limit 977
current timestep 104
num of flexible agents: 222
num of flexible tasks: 522
Solving time: 0.0017079 seconds
plan limit 978
current timestep 105
num of flexible agents: 228
num of flexible tasks: 528
Solving time: 0.0014493 seconds
plan limit 978
current timestep 106
num of flexible agents: 228
num of flexible tasks: 528
Solving time: 0.0015247 seconds
plan limit 978
current timestep 107
num of flexible agents: 222
num of flexible tasks: 522
Solving time: 0.0014627 seconds
plan limit 978
current timestep 108
num of flexible agents: 227
num of flexible tasks: 527
Solving time: 0.0014668 seconds
plan limit 978
current timestep 109
num of flexible agents: 228
num of flexible tasks: 528
Solving time: 0.0017075 seconds
plan limit 978
current timestep 110
num of flexible agents: 225
num of flexible tasks: 525
Solving time: 0.0015563 seconds
plan limit 978
current timestep 111
num of flexible agents: 220
num of flexible tasks: 520
Solving time: 0.0016196 seconds
plan limit 978
current timestep 112
num of flexible agents: 220
num of flexible tasks: 520
Solving time: 0.001708 seconds
plan limit 978
current timestep 113
num of flexible agents: 221
num of flexible tasks: 521
Solving time: 0.0015348 seconds
plan limit 978
current timestep 114
num of flexible agents: 221
num of flexible tasks: 521
Solving time: 0.001675 seconds
plan limit 978
current timestep 115
num of flexible agents: 226
num of flexible tasks: 526
Solving time: 0.0015872 seconds
plan limit 978
current timestep 116
num of flexible agents: 222
num of flexible tasks: 522
Solving time: 0.0016905 seconds
plan limit 978
current timestep 117
num of flexible agents: 221
num of flexible tasks: 521
Solving time: 0.0015479 seconds
plan limit 978
current timestep 118
num of flexible agents: 223
num of flexible tasks: 523
Solving time: 0.0016827 seconds
plan limit 978
current timestep 119
num of flexible agents: 219
num of flexible tasks: 519
Solving time: 0.001695 seconds
plan limit 978
current timestep 120
num of flexible agents: 218
num of flexible tasks: 518
Solving time: 0.0016661 seconds
plan limit 978
current timestep 121
num of flexible agents: 219
num of flexible tasks: 519
Solving time: 0.0018378 seconds
plan limit 978
current timestep 122
num of flexible agents: 218
num of flexible tasks: 518
Solving time: 0.001654 seconds
plan limit 978
current timestep 123
num of flexible agents: 216
num of flexible tasks: 516
Solving time: 0.0016795 seconds
plan limit 978
current timestep 124
num of flexible agents: 218
num of flexible tasks: 518
Solving time: 0.001864 seconds
plan limit 978
current timestep 125
num of flexible agents: 219
num of flexible tasks: 519
Solving time: 0.0017037 seconds
plan limit 978
current timestep 126
num of flexible agents: 225
num of flexible tasks: 525
Solving time: 0.0016457 seconds
plan limit 978
current timestep 127
num of flexible agents: 220
num of flexible tasks: 520
Solving time: 0.0017367 seconds
plan limit 978
current timestep 128
num of flexible agents: 224
num of flexible tasks: 524
Solving time: 0.0020292 seconds
plan limit 978
current timestep 129
num of flexible agents: 221
num of flexible tasks: 521
Solving time: 0.0017523 seconds
plan limit 978
current timestep 130
num of flexible agents: 225
num of flexible tasks: 525
Solving time: 0.001706 seconds
plan limit 978
current timestep 131
num of flexible agents: 230
num of flexible tasks: 530
Solving time: 0.0016898 seconds
plan limit 978
current timestep 132
num of flexible agents: 228
num of flexible tasks: 528
Solving time: 0.0016901 seconds
plan limit 978
current timestep 133
num of flexible agents: 224
num of flexible tasks: 524
Solving time: 0.0016565 seconds
plan limit 978
current timestep 134
num of flexible agents: 221
num of flexible tasks: 521
Solving time: 0.001756 seconds
plan limit 978
current timestep 135
num of flexible agents: 223
num of flexible tasks: 523
Solving time: 0.0019051 seconds
plan limit 978
current timestep 136
num of flexible agents: 220
num of flexible tasks: 520
Solving time: 0.001913 seconds
plan limit 978
current timestep 137
num of flexible agents: 225
num of flexible tasks: 525
Solving time: 0.0017704 seconds
plan limit 978
current timestep 138
num of flexible agents: 222
num of flexible tasks: 522
Solving time: 0.0019867 seconds
plan limit 978
current timestep 139
num of flexible agents: 224
num of flexible tasks: 524
Solving time: 0.0017828 seconds
plan limit 978
current timestep 140
num of flexible agents: 222
num of flexible tasks: 522
Solving time: 0.001806 seconds
plan limit 978
current timestep 141
num of flexible agents: 216
num of flexible tasks: 516
Solving time: 0.0018602 seconds
plan limit 978
current timestep 142
num of flexible agents: 214
num of flexible tasks: 514
Solving time: 0.001712 seconds
plan limit 978
current timestep 143
num of flexible agents: 211
num of flexible tasks: 511
Solving time: 0.001825 seconds
plan limit 978
current timestep 144
num of flexible agents: 213
num of flexible tasks: 513
Solving time: 0.0018582 seconds
plan limit 978
current timestep 145
num of flexible agents: 211
num of flexible tasks: 511
Solving time: 0.001791 seconds
plan limit 978
current timestep 146
num of flexible agents: 213
num of flexible tasks: 513
Solving time: 0.001808 seconds
plan limit 978
current timestep 147
num of flexible agents: 214
num of flexible tasks: 514
Solving time: 0.0023262 seconds
plan limit 977
current timestep 148
num of flexible agents: 214
num of flexible tasks: 514
Solving time: 0.0017447 seconds
plan limit 978
current timestep 149
num of flexible agents: 215
num of flexible tasks: 515
Solving time: 0.0017781 seconds
plan limit 978
current timestep 150
num of flexible agents: 215
num of flexible tasks: 515
Solving time: 0.0017088 seconds
plan limit 978
current timestep 151
num of flexible agents: 212
num of flexible tasks: 512
Solving time: 0.0020712 seconds
plan limit 978
current timestep 152
num of flexible agents: 217
num of flexible tasks: 517
Solving time: 0.0018258 seconds
plan limit 978
current timestep 153
num of flexible agents: 218
num of flexible tasks: 518
Solving time: 0.0018168 seconds
plan limit 978
current timestep 154
num of flexible agents: 213
num of flexible tasks: 513
Solving time: 0.0018243 seconds
plan limit 978
current timestep 155
num of flexible agents: 214
num of flexible tasks: 514
Solving time: 0.0018246 seconds
plan limit 978
current timestep 156
num of flexible agents: 219
num of flexible tasks: 519
Solving time: 0.0018731 seconds
plan limit 978
current timestep 157
num of flexible agents: 216
num of flexible tasks: 516
Solving time: 0.0018662 seconds
plan limit 978
current timestep 158
num of flexible agents: 221
num of flexible tasks: 521
Solving time: 0.0018235 seconds
plan limit 978
current timestep 159
num of flexible agents: 219
num of flexible tasks: 519
Solving time: 0.0017755 seconds
plan limit 978
current timestep 160
num of flexible agents: 220
num of flexible tasks: 520
Solving time: 0.0017923 seconds
plan limit 978
current timestep 161
num of flexible agents: 216
num of flexible tasks: 516
Solving time: 0.0018842 seconds
plan limit 978
current timestep 162
num of flexible agents: 218
num of flexible tasks: 518
Solving time: 0.0018052 seconds
plan limit 978
current timestep 163
num of flexible agents: 218
num of flexible tasks: 518
Solving time: 0.0020155 seconds
plan limit 978
current timestep 164
num of flexible agents: 220
num of flexible tasks: 520
Solving time: 0.0018973 seconds
plan limit 978
current timestep 165
num of flexible agents: 223
num of flexible tasks: 523
Solving time: 0.0020993 seconds
plan limit 978
current timestep 166
num of flexible agents: 226
num of flexible tasks: 526
Solving time: 0.0021645 seconds
plan limit 978
current timestep 167
num of flexible agents: 227
num of flexible tasks: 527
Solving time: 0.0021671 seconds
plan limit 977
current timestep 168
num of flexible agents: 221
num of flexible tasks: 521
Solving time: 0.0017634 seconds
plan limit 978
current timestep 169
num of flexible agents: 220
num of flexible tasks: 520
Solving time: 0.0023869 seconds
plan limit 977
current timestep 170
num of flexible agents: 220
num of flexible tasks: 520
Solving time: 0.0019839 seconds
plan limit 978
current timestep 171
num of flexible agents: 216
num of flexible tasks: 516
Solving time: 0.0019206 seconds
plan limit 978
current timestep 172
num of flexible agents: 219
num of flexible tasks: 519
Solving time: 0.0020681 seconds
plan limit 978
current timestep 173
num of flexible agents: 216
num of flexible tasks: 516
Solving time: 0.0020644 seconds
plan limit 978
current timestep 174
num of flexible agents: 216
num of flexible tasks: 516
Solving time: 0.0018658 seconds
plan limit 978
current timestep 175
num of flexible agents: 216
num of flexible tasks: 516
Solving time: 0.0018515 seconds
plan limit 978
current timestep 176
num of flexible agents: 218
num of flexible tasks: 518
Solving time: 0.0021118 seconds
plan limit 978
current timestep 177
num of flexible agents: 224
num of flexible tasks: 524
Solving time: 0.0018424 seconds
plan limit 978
current timestep 178
num of flexible agents: 228
num of flexible tasks: 528
Solving time: 0.0019461 seconds
plan limit 978
current timestep 179
num of flexible agents: 227
num of flexible tasks: 527
Solving time: 0.0019225 seconds
plan limit 978
current timestep 180
num of flexible agents: 230
num of flexible tasks: 530
Solving time: 0.0019388 seconds
plan limit 978
current timestep 181
num of flexible agents: 226
num of flexible tasks: 526
Solving time: 0.0024518 seconds
plan limit 977
current timestep 182
num of flexible agents: 225
num of flexible tasks: 525
Solving time: 0.0028816 seconds
plan limit 977
current timestep 183
num of flexible agents: 222
num of flexible tasks: 522
Solving time: 0.0021426 seconds
plan limit 978
current timestep 184
num of flexible agents: 230
num of flexible tasks: 530
Solving time: 0.0020504 seconds
plan limit 978
current timestep 185
num of flexible agents: 230
num of flexible tasks: 530
Solving time: 0.0018405 seconds
plan limit 978
current timestep 186
num of flexible agents: 224
num of flexible tasks: 524
Solving time: 0.0019298 seconds
plan limit 978
current timestep 187
num of flexible agents: 222
num of flexible tasks: 522
Solving time: 0.002088 seconds
plan limit 978
current timestep 188
num of flexible agents: 220
num of flexible tasks: 520
Solving time: 0.0019 seconds
plan limit 978
current timestep 189
num of flexible agents: 220
num of flexible tasks: 520
Solving time: 0.0021759 seconds
plan limit 977
current timestep 190
num of flexible agents: 222
num of flexible tasks: 522
Solving time: 0.0024896 seconds
plan limit 977
current timestep 191
num of flexible agents: 222
num of flexible tasks: 522
Solving time: 0.0018489 seconds
plan limit 978
current timestep 192
num of flexible agents: 217
num of flexible tasks: 517
Solving time: 0.0017918 seconds
plan limit 978
current timestep 193
num of flexible agents: 216
num of flexible tasks: 516
Solving time: 0.0018829 seconds
plan limit 978
current timestep 194
num of flexible agents: 214
num of flexible tasks: 514
Solving time: 0.0017655 seconds
plan limit 978
current timestep 195
num of flexible agents: 216
num of flexible tasks: 516
Solving time: 0.0021665 seconds
plan limit 978
current timestep 196
num of flexible agents: 214
num of flexible tasks: 514
Solving time: 0.0018595 seconds
plan limit 978
current timestep 197
num of flexible agents: 214
num of flexible tasks: 514
Solving time: 0.0018697 seconds
plan limit 978
current timestep 198
num of flexible agents: 214
num of flexible tasks: 514
Solving time: 0.001847 seconds
plan limit 978
current timestep 199
num of flexible agents: 215
num of flexible tasks: 515
Solving time: 0.0018026 seconds
plan limit 978
current timestep 200
num of flexible agents: 219
num of flexible tasks: 519
Solving time: 0.0017843 seconds
plan limit 978
current timestep 201
num of flexible agents: 225
num of flexible tasks: 525
Solving time: 0.0018271 seconds
plan limit 978
current timestep 202
num of flexible agents: 225
num of flexible tasks: 525
Solving time: 0.0019152 seconds
plan limit 978
current timestep 203
num of flexible agents: 226
num of flexible tasks: 526
Solving time: 0.0017824 seconds
plan limit 978
current timestep 204
num of flexible agents: 226
num of flexible tasks: 526
Solving time: 0.001836 seconds
plan limit 978
current timestep 205
num of flexible agents: 223
num of flexible tasks: 523
Solving time: 0.0018388 seconds
plan limit 978
current timestep 206
num of flexible agents: 228
num of flexible tasks: 528
Solving time: 0.0019352 seconds
plan limit 978
current timestep 207
num of flexible agents: 233
num of flexible tasks: 533
Solving time: 0.001741 seconds
plan limit 978
current timestep 208
num of flexible agents: 236
num of flexible tasks: 536
Solving time: 0.0021417 seconds
plan limit 978
current timestep 209
num of flexible agents: 234
num of flexible tasks: 534
Solving time: 0.0017282 seconds
plan limit 978
current timestep 210
num of flexible agents: 233
num of flexible tasks: 533
Solving time: 0.0017444 seconds
plan limit 978
current timestep 211
num of flexible agents: 236
num of flexible tasks: 536
Solving time: 0.0018249 seconds
plan limit 978
current timestep 212
num of flexible agents: 239
num of flexible tasks: 539
Solving time: 0.0019254 seconds
plan limit 978
current timestep 213
num of flexible agents: 237
num of flexible tasks: 537
Solving time: 0.0018027 seconds
plan limit 978
current timestep 214
num of flexible agents: 233
num of flexible tasks: 533
Solving time: 0.0018412 seconds
plan limit 978
current timestep 215
num of flexible agents: 233
num of flexible tasks: 533
Solving time: 0.0018913 seconds
plan limit 978
current timestep 216
num of flexible agents: 225
num of flexible tasks: 525
Solving time: 0.0016666 seconds
plan limit 978
current timestep 217
num of flexible agents: 228
num of flexible tasks: 528
Solving time: 0.0019213 seconds
plan limit 978
current timestep 218
num of flexible agents: 230
num of flexible tasks: 530
Solving time: 0.0019348 seconds
plan limit 978
current timestep 219
num of flexible agents: 228
num of flexible tasks: 528
Solving time: 0.0017723 seconds
plan limit 978
current timestep 220
num of flexible agents: 228
num of flexible tasks: 528
Solving time: 0.0018907 seconds
plan limit 978
current timestep 221
num of flexible agents: 224
num of flexible tasks: 524
Solving time: 0.0018454 seconds
plan limit 978
current timestep 222
num of flexible agents: 228
num of flexible tasks: 528
Solving time: 0.0019479 seconds
plan limit 978
current timestep 223
num of flexible agents: 230
num of flexible tasks: 530
Solving time: 0.0017823 seconds
plan limit 978
current timestep 224
num of flexible agents: 234
num of flexible tasks: 534
Solving time: 0.0019363 seconds
plan limit 978
current timestep 225
num of flexible agents: 234
num of flexible tasks: 534
Solving time: 0.0018314 seconds
plan limit 978
current timestep 226
num of flexible agents: 232
num of flexible tasks: 532
Solving time: 0.0019026 seconds
plan limit 978
current timestep 227
num of flexible agents: 233
num of flexible tasks: 533
Solving time: 0.0018619 seconds
plan limit 978
current timestep 228
num of flexible agents: 232
num of flexible tasks: 532
Solving time: 0.0029022 seconds
plan limit 977
current timestep 229
num of flexible agents: 229
num of flexible tasks: 529
Solving time: 0.0027713 seconds
plan limit 977
current timestep 230
num of flexible agents: 225
num of flexible tasks: 525
Solving time: 0.0018264 seconds
plan limit 978
current timestep 231
num of flexible agents: 227
num of flexible tasks: 527
Solving time: 0.0017535 seconds
plan limit 978
current timestep 232
num of flexible agents: 222
num of flexible tasks: 522
Solving time: 0.0017964 seconds
plan limit 978
current timestep 233
num of flexible agents: 229
num of flexible tasks: 529
Solving time: 0.0018798 seconds
plan limit 978
current timestep 234
num of flexible agents: 235
num of flexible tasks: 535
Solving time: 0.0019408 seconds
plan limit 978
current timestep 235
num of flexible agents: 236
num of flexible tasks: 536
Solving time: 0.0019249 seconds
plan limit 978
current timestep 236
num of flexible agents: 237
num of flexible tasks: 537
Solving time: 0.0030728 seconds
plan limit 976
current timestep 237
num of flexible agents: 242
num of flexible tasks: 542
Solving time: 0.0019018 seconds
plan limit 978
current timestep 238
num of flexible agents: 245
num of flexible tasks: 545
Solving time: 0.001997 seconds
plan limit 978
current timestep 239
num of flexible agents: 250
num of flexible tasks: 550
Solving time: 0.0017831 seconds
plan limit 978
current timestep 240
num of flexible agents: 248
num of flexible tasks: 548
Solving time: 0.0022681 seconds
plan limit 977
current timestep 241
num of flexible agents: 246
num of flexible tasks: 546
Solving time: 0.0018435 seconds
plan limit 978
current timestep 242
num of flexible agents: 246
num of flexible tasks: 546
Solving time: 0.0018731 seconds
plan limit 978
current timestep 243
num of flexible agents: 244
num of flexible tasks: 544
Solving time: 0.0018082 seconds
plan limit 978
current timestep 244
num of flexible agents: 237
num of flexible tasks: 537
Solving time: 0.0020658 seconds
plan limit 978
current timestep 245
num of flexible agents: 232
num of flexible tasks: 532
Solving time: 0.0018535 seconds
plan limit 978
current timestep 246
num of flexible agents: 234
num of flexible tasks: 534
Solving time: 0.0018657 seconds
plan limit 978
current timestep 247
num of flexible agents: 228
num of flexible tasks: 528
Solving time: 0.0017252 seconds
plan limit 978
current timestep 248
num of flexible agents: 229
num of flexible tasks: 529
Solving time: 0.0017515 seconds
plan limit 978
current timestep 249
num of flexible agents: 228
num of flexible tasks: 528
Solving time: 0.0017229 seconds
plan limit 978
current timestep 250
num of flexible agents: 229
num of flexible tasks: 529
Solving time: 0.0017363 seconds
plan limit 978
current timestep 251
num of flexible agents: 224
num of flexible tasks: 524
Solving time: 0.0018456 seconds
plan limit 978
current timestep 252
num of flexible agents: 225
num of flexible tasks: 525
Solving time: 0.0017423 seconds
plan limit 978
current timestep 253
num of flexible agents: 224
num of flexible tasks: 524
Solving time: 0.0016765 seconds
plan limit 978
current timestep 254
num of flexible agents: 222
num of flexible tasks: 522
Solving time: 0.0017058 seconds
plan limit 978
current timestep 255
num of flexible agents: 219
num of flexible tasks: 519
Solving time: 0.0017529 seconds
plan limit 978
current timestep 256
num of flexible agents: 217
num of flexible tasks: 517
Solving time: 0.0018673 seconds
plan limit 978
current timestep 257
num of flexible agents: 225
num of flexible tasks: 525
Solving time: 0.00175 seconds
plan limit 978
current timestep 258
num of flexible agents: 227
num of flexible tasks: 527
Solving time: 0.0019033 seconds
plan limit 978
current timestep 259
num of flexible agents: 227
num of flexible tasks: 527
Solving time: 0.0018589 seconds
plan limit 978
current timestep 260
num of flexible agents: 226
num of flexible tasks: 526
Solving time: 0.0023488 seconds
plan limit 977
current timestep 261
num of flexible agents: 227
num of flexible tasks: 527
Solving time: 0.0017896 seconds
plan limit 978
current timestep 262
num of flexible agents: 227
num of flexible tasks: 527
Solving time: 0.0018786 seconds
plan limit 978
current timestep 263
num of flexible agents: 229
num of flexible tasks: 529
Solving time: 0.0019627 seconds
plan limit 978
current timestep 264
num of flexible agents: 230
num of flexible tasks: 530
Solving time: 0.0023515 seconds
plan limit 977
current timestep 265
num of flexible agents: 229
num of flexible tasks: 529
Solving time: 0.001969 seconds
plan limit 978
current timestep 266
num of flexible agents: 229
num of flexible tasks: 529
Solving time: 0.0018322 seconds
plan limit 978
current timestep 267
num of flexible agents: 225
num of flexible tasks: 525
Solving time: 0.0018131 seconds
plan limit 978
current timestep 268
num of flexible agents: 225
num of flexible tasks: 525
Solving time: 0.0018191 seconds
plan limit 978
current timestep 269
num of flexible agents: 226
num of flexible tasks: 526
Solving time: 0.001969 seconds
plan limit 978
current timestep 270
num of flexible agents: 227
num of flexible tasks: 527
Solving time: 0.0018461 seconds
plan limit 978
current timestep 271
num of flexible agents: 225
num of flexible tasks: 525
Solving time: 0.0018673 seconds
plan limit 978
current timestep 272
num of flexible agents: 232
num of flexible tasks: 532
Solving time: 0.0018311 seconds
plan limit 978
current timestep 273
num of flexible agents: 230
num of flexible tasks: 530
Solving time: 0.0018521 seconds
plan limit 978
current timestep 274
num of flexible agents: 227
num of flexible tasks: 527
Solving time: 0.0017766 seconds
plan limit 978
current timestep 275
num of flexible agents: 230
num of flexible tasks: 530
Solving time: 0.001855 seconds
plan limit 978
current timestep 276
num of flexible agents: 230
num of flexible tasks: 530
Solving time: 0.0018164 seconds
plan limit 978
current timestep 277
num of flexible agents: 229
num of flexible tasks: 529
Solving time: 0.0018555 seconds
plan limit 978
current timestep 278
num of flexible agents: 237
num of flexible tasks: 537
Solving time: 0.0018533 seconds
plan limit 978
current timestep 279
num of flexible agents: 236
num of flexible tasks: 536
Solving time: 0.0020544 seconds
plan limit 978
current timestep 280
num of flexible agents: 237
num of flexible tasks: 537
Solving time: 0.0018717 seconds
plan limit 978
current timestep 281
num of flexible agents: 236
num of flexible tasks: 536
Solving time: 0.0020405 seconds
plan limit 978
current timestep 282
num of flexible agents: 232
num of flexible tasks: 532
Solving time: 0.0017937 seconds
plan limit 978
current timestep 283
num of flexible agents: 235
num of flexible tasks: 535
Solving time: 0.0019998 seconds
plan limit 978
current timestep 284
num of flexible agents: 234
num of flexible tasks: 534
Solving time: 0.0018116 seconds
plan limit 978
current timestep 285
num of flexible agents: 233
num of flexible tasks: 533
Solving time: 0.0019302 seconds
plan limit 978
current timestep 286
num of flexible agents: 239
num of flexible tasks: 539
Solving time: 0.002169 seconds
plan limit 977
current timestep 287
num of flexible agents: 233
num of flexible tasks: 533
Solving time: 0.0020083 seconds
plan limit 978
current timestep 288
num of flexible agents: 234
num of flexible tasks: 534
Solving time: 0.0023934 seconds
plan limit 977
current timestep 289
num of flexible agents: 237
num of flexible tasks: 537
Solving time: 0.0022452 seconds
plan limit 977
current timestep 290
num of flexible agents: 238
num of flexible tasks: 538
Solving time: 0.0022656 seconds
plan limit 977
current timestep 291
num of flexible agents: 236
num of flexible tasks: 536
Solving time: 0.0020147 seconds
plan limit 978
current timestep 292
num of flexible agents: 227
num of flexible tasks: 527
Solving time: 0.0018207 seconds
plan limit 978
current timestep 293
num of flexible agents: 229
num of flexible tasks: 529
Solving time: 0.0018376 seconds
plan limit 978
current timestep 294
num of flexible agents: 229
num of flexible tasks: 529
Solving time: 0.0018855 seconds
plan limit 978
current timestep 295
num of flexible agents: 230
num of flexible tasks: 530
Solving time: 0.0019375 seconds
plan limit 978
current timestep 296
num of flexible agents: 229
num of flexible tasks: 529
Solving time: 0.0022248 seconds
plan limit 978
current timestep 297
num of flexible agents: 230
num of flexible tasks: 530
Solving time: 0.0020258 seconds
plan limit 978
current timestep 298
num of flexible agents: 226
num of flexible tasks: 526
Solving time: 0.0019221 seconds
plan limit 978
current timestep 299
num of flexible agents: 228
num of flexible tasks: 528
Solving time: 0.0018247 seconds
plan limit 978
current timestep 300
num of flexible agents: 229
num of flexible tasks: 529
Solving time: 0.0020481 seconds
plan limit 978
current timestep 301
num of flexible agents: 228
num of flexible tasks: 528
Solving time: 0.0018272 seconds
plan limit 978
current timestep 302
num of flexible agents: 233
num of flexible tasks: 533
Solving time: 0.0019469 seconds
plan limit 978
current timestep 303
num of flexible agents: 236
num of flexible tasks: 536
Solving time: 0.0019267 seconds
plan limit 978
current timestep 304
num of flexible agents: 231
num of flexible tasks: 531
Solving time: 0.0021674 seconds
plan limit 978
current timestep 305
num of flexible agents: 230
num of flexible tasks: 530
Solving time: 0.0020609 seconds
plan limit 978
current timestep 306
num of flexible agents: 225
num of flexible tasks: 525
Solving time: 0.0019791 seconds
plan limit 978
current timestep 307
num of flexible agents: 225
num of flexible tasks: 525
Solving time: 0.0034803 seconds
plan limit 975
current timestep 308
num of flexible agents: 227
num of flexible tasks: 527
Solving time: 0.0021149 seconds
plan limit 978
current timestep 309
num of flexible agents: 227
num of flexible tasks: 527
Solving time: 0.0020268 seconds
plan limit 978
current timestep 310
num of flexible agents: 229
num of flexible tasks: 529
Solving time: 0.0019123 seconds
plan limit 978
current timestep 311
num of flexible agents: 234
num of flexible tasks: 534
Solving time: 0.0020637 seconds
plan limit 978
current timestep 312
num of flexible agents: 230
num of flexible tasks: 530
Solving time: 0.0020316 seconds
plan limit 978
current timestep 313
num of flexible agents: 234
num of flexible tasks: 534
Solving time: 0.0019196 seconds
plan limit 978
current timestep 314
num of flexible agents: 235
num of flexible tasks: 535
Solving time: 0.0019981 seconds
plan limit 978
current timestep 315
num of flexible agents: 236
num of flexible tasks: 536
Solving time: 0.005453 seconds
plan limit 973
current timestep 316
num of flexible agents: 240
num of flexible tasks: 540
Solving time: 0.0027606 seconds
plan limit 977
current timestep 317
num of flexible agents: 238
num of flexible tasks: 538
Solving time: 0.0029277 seconds
plan limit 977
current timestep 318
num of flexible agents: 236
num of flexible tasks: 536
Solving time: 0.0028115 seconds
plan limit 977
current timestep 319
num of flexible agents: 233
num of flexible tasks: 533
Solving time: 0.0029421 seconds
plan limit 977
current timestep 320
num of flexible agents: 231
num of flexible tasks: 531
Solving time: 0.0019919 seconds
plan limit 978
current timestep 321
num of flexible agents: 227
num of flexible tasks: 527
Solving time: 0.0019687 seconds
plan limit 978
current timestep 322
num of flexible agents: 231
num of flexible tasks: 531
Solving time: 0.0018557 seconds
plan limit 978
current timestep 323
num of flexible agents: 229
num of flexible tasks: 529
Solving time: 0.0018509 seconds
plan limit 978
current timestep 324
num of flexible agents: 225
num of flexible tasks: 525
Solving time: 0.0030294 seconds
plan limit 976
current timestep 325
num of flexible agents: 228
num of flexible tasks: 528
Solving time: 0.0018877 seconds
plan limit 978
current timestep 326
num of flexible agents: 229
num of flexible tasks: 529
Solving time: 0.0021109 seconds
plan limit 978
current timestep 327
num of flexible agents: 233
num of flexible tasks: 533
Solving time: 0.0021194 seconds
plan limit 978
current timestep 328
num of flexible agents: 231
num of flexible tasks: 531
Solving time: 0.0026378 seconds
plan limit 977
current timestep 329
num of flexible agents: 231
num of flexible tasks: 531
Solving time: 0.0018907 seconds
plan limit 978
current timestep 330
num of flexible agents: 229
num of flexible tasks: 529
Solving time: 0.0025798 seconds
plan limit 977
current timestep 331
num of flexible agents: 234
num of flexible tasks: 534
Solving time: 0.0019028 seconds
plan limit 978
current timestep 332
num of flexible agents: 237
num of flexible tasks: 537
Solving time: 0.0032877 seconds
plan limit 976
current timestep 333
num of flexible agents: 233
num of flexible tasks: 533
Solving time: 0.0019182 seconds
plan limit 978
current timestep 334
num of flexible agents: 229
num of flexible tasks: 529
Solving time: 0.0022464 seconds
plan limit 978
current timestep 335
num of flexible agents: 229
num of flexible tasks: 529
Solving time: 0.0018941 seconds
plan limit 978
current timestep 336
num of flexible agents: 230
num of flexible tasks: 530
Solving time: 0.0019276 seconds
plan limit 978
current timestep 337
num of flexible agents: 228
num of flexible tasks: 528
Solving time: 0.0018885 seconds
plan limit 978
current timestep 338
num of flexible agents: 230
num of flexible tasks: 530
Solving time: 0.0018662 seconds
plan limit 978
current timestep 339
num of flexible agents: 230
num of flexible tasks: 530
Solving time: 0.0021605 seconds
plan limit 978
current timestep 340
num of flexible agents: 232
num of flexible tasks: 532
Solving time: 0.0019625 seconds
plan limit 978
current timestep 341
num of flexible agents: 235
num of flexible tasks: 535
Solving time: 0.0021459 seconds
plan limit 978
current timestep 342
num of flexible agents: 237
num of flexible tasks: 537
Solving time: 0.0019457 seconds
plan limit 978
current timestep 343
num of flexible agents: 237
num of flexible tasks: 537
Solving time: 0.0019749 seconds
plan limit 978
current timestep 344
num of flexible agents: 236
num of flexible tasks: 536
Solving time: 0.0020735 seconds
plan limit 978
current timestep 345
num of flexible agents: 237
num of flexible tasks: 537
Solving time: 0.0025177 seconds
plan limit 977
current timestep 346
num of flexible agents: 239
num of flexible tasks: 539
Solving time: 0.0018941 seconds
plan limit 978
current timestep 347
num of flexible agents: 243
num of flexible tasks: 543
Solving time: 0.0020009 seconds
plan limit 978
current timestep 348
num of flexible agents: 249
num of flexible tasks: 549
Solving time: 0.0019907 seconds
plan limit 978
current timestep 349
num of flexible agents: 245
num of flexible tasks: 545
Solving time: 0.0019805 seconds
plan limit 978
current timestep 350
num of flexible agents: 244
num of flexible tasks: 544
Solving time: 0.002565 seconds
plan limit 977
current timestep 351
num of flexible agents: 242
num of flexible tasks: 542
Solving time: 0.0021743 seconds
plan limit 978
current timestep 352
num of flexible agents: 245
num of flexible tasks: 545
Solving time: 0.0025333 seconds
plan limit 977
current timestep 353
num of flexible agents: 241
num of flexible tasks: 541
Solving time: 0.0021202 seconds
plan limit 978
current timestep 354
num of flexible agents: 246
num of flexible tasks: 546
Solving time: 0.0020038 seconds
plan limit 978
current timestep 355
num of flexible agents: 247
num of flexible tasks: 547
Solving time: 0.0021203 seconds
plan limit 978
current timestep 356
num of flexible agents: 250
num of flexible tasks: 550
Solving time: 0.0020357 seconds
plan limit 978
current timestep 357
num of flexible agents: 247
num of flexible tasks: 547
Solving time: 0.0020031 seconds
plan limit 978
current timestep 358
num of flexible agents: 250
num of flexible tasks: 550
Solving time: 0.0021115 seconds
plan limit 978
current timestep 359
num of flexible agents: 249
num of flexible tasks: 549
Solving time: 0.0019427 seconds
plan limit 978
current timestep 360
num of flexible agents: 245
num of flexible tasks: 545
Solving time: 0.0020269 seconds
plan limit 978
current timestep 361
num of flexible agents: 241
num of flexible tasks: 541
Solving time: 0.0020202 seconds
plan limit 978
current timestep 362
num of flexible agents: 238
num of flexible tasks: 538
Solving time: 0.0020881 seconds
plan limit 978
current timestep 363
num of flexible agents: 234
num of flexible tasks: 534
Solving time: 0.0019885 seconds
plan limit 978
current timestep 364
num of flexible agents: 234
num of flexible tasks: 534
Solving time: 0.0019519 seconds
plan limit 978
current timestep 365
num of flexible agents: 233
num of flexible tasks: 533
Solving time: 0.0020122 seconds
plan limit 978
current timestep 366
num of flexible agents: 233
num of flexible tasks: 533
Solving time: 0.0018971 seconds
plan limit 978
current timestep 367
num of flexible agents: 230
num of flexible tasks: 530
Solving time: 0.0019936 seconds
plan limit 978
current timestep 368
num of flexible agents: 227
num of flexible tasks: 527
Solving time: 0.0020446 seconds
plan limit 978
current timestep 369
num of flexible agents: 225
num of flexible tasks: 525
Solving time: 0.0020315 seconds
plan limit 978
current timestep 370
num of flexible agents: 228
num of flexible tasks: 528
Solving time: 0.0020318 seconds
plan limit 978
current timestep 371
num of flexible agents: 235
num of flexible tasks: 535
Solving time: 0.001996 seconds
plan limit 978
current timestep 372
num of flexible agents: 238
num of flexible tasks: 538
Solving time: 0.0019737 seconds
plan limit 978
current timestep 373
num of flexible agents: 237
num of flexible tasks: 537
Solving time: 0.0020435 seconds
plan limit 978
current timestep 374
num of flexible agents: 236
num of flexible tasks: 536
Solving time: 0.0020652 seconds
plan limit 978
current timestep 375
num of flexible agents: 240
num of flexible tasks: 540
Solving time: 0.0029986 seconds
plan limit 976
current timestep 376
num of flexible agents: 241
num of flexible tasks: 541
Solving time: 0.0020072 seconds
plan limit 978
current timestep 377
num of flexible agents: 244
num of flexible tasks: 544
Solving time: 0.0018694 seconds
plan limit 978
current timestep 378
num of flexible agents: 245
num of flexible tasks: 545
Solving time: 0.002049 seconds
plan limit 978
current timestep 379
num of flexible agents: 247
num of flexible tasks: 547
Solving time: 0.0017996 seconds
plan limit 978
current timestep 380
num of flexible agents: 242
num of flexible tasks: 542
Solving time: 0.0020205 seconds
plan limit 978
current timestep 381
num of flexible agents: 237
num of flexible tasks: 537
Solving time: 0.0044107 seconds
plan limit 974
current timestep 382
num of flexible agents: 237
num of flexible tasks: 537
Solving time: 0.0020831 seconds
plan limit 978
current timestep 383
num of flexible agents: 238
num of flexible tasks: 538
Solving time: 0.0019217 seconds
plan limit 978
current timestep 384
num of flexible agents: 238
num of flexible tasks: 538
Solving time: 0.0023358 seconds
plan limit 977
current timestep 385
num of flexible agents: 236
num of flexible tasks: 536
Solving time: 0.0020584 seconds
plan limit 978
current timestep 386
num of flexible agents: 235
num of flexible tasks: 535
Solving time: 0.0021684 seconds
plan limit 977
current timestep 387
num of flexible agents: 235
num of flexible tasks: 535
Solving time: 0.0018828 seconds
plan limit 978
current timestep 388
num of flexible agents: 231
num of flexible tasks: 531
Solving time: 0.0019018 seconds
plan limit 978
current timestep 389
num of flexible agents: 229
num of flexible tasks: 529
Solving time: 0.0019878 seconds
plan limit 978
current timestep 390
num of flexible agents: 229
num of flexible tasks: 529
Solving time: 0.0019087 seconds
plan limit 978
current timestep 391
num of flexible agents: 229
num of flexible tasks: 529
Solving time: 0.0019293 seconds
plan limit 978
current timestep 392
num of flexible agents: 232
num of flexible tasks: 532
Solving time: 0.0019236 seconds
plan limit 978
current timestep 393
num of flexible agents: 237
num of flexible tasks: 537
Solving time: 0.0018294 seconds
plan limit 978
current timestep 394
num of flexible agents: 239
num of flexible tasks: 539
Solving time: 0.0058252 seconds
plan limit 973
current timestep 395
num of flexible agents: 243
num of flexible tasks: 543
Solving time: 0.0020364 seconds
plan limit 978
current timestep 396
num of flexible agents: 242
num of flexible tasks: 542
Solving time: 0.002009 seconds
plan limit 978
current timestep 397
num of flexible agents: 245
num of flexible tasks: 545
Solving time: 0.0018899 seconds
plan limit 978
current timestep 398
num of flexible agents: 239
num of flexible tasks: 539
Solving time: 0.0019381 seconds
plan limit 978
current timestep 399
num of flexible agents: 235
num of flexible tasks: 535
Solving time: 0.001935 seconds
plan limit 978
current timestep 400
num of flexible agents: 231
num of flexible tasks: 531
Solving time: 0.0020021 seconds
plan limit 978
current timestep 401
num of flexible agents: 224
num of flexible tasks: 524
Solving time: 0.0021803 seconds
plan limit 978
current timestep 402
num of flexible agents: 221
num of flexible tasks: 521
Solving time: 0.0025369 seconds
plan limit 977
current timestep 403
num of flexible agents: 222
num of flexible tasks: 522
Solving time: 0.002054 seconds
plan limit 978
current timestep 404
num of flexible agents: 216
num of flexible tasks: 516
Solving time: 0.0020631 seconds
plan limit 978
current timestep 405
num of flexible agents: 224
num of flexible tasks: 524
Solving time: 0.0019979 seconds
plan limit 978
current timestep 406
num of flexible agents: 225
num of flexible tasks: 525
Solving time: 0.0018392 seconds
plan limit 978
current timestep 407
num of flexible agents: 224
num of flexible tasks: 524
Solving time: 0.0018087 seconds
plan limit 978
current timestep 408
num of flexible agents: 221
num of flexible tasks: 521
Solving time: 0.0019148 seconds
plan limit 978
current timestep 409
num of flexible agents: 220
num of flexible tasks: 520
Solving time: 0.0019812 seconds
plan limit 978
current timestep 410
num of flexible agents: 221
num of flexible tasks: 521
Solving time: 0.0020383 seconds
plan limit 978
current timestep 411
num of flexible agents: 220
num of flexible tasks: 520
Solving time: 0.0043755 seconds
plan limit 975
current timestep 412
num of flexible agents: 222
num of flexible tasks: 522
Solving time: 0.0018211 seconds
plan limit 978
current timestep 413
num of flexible agents: 223
num of flexible tasks: 523
Solving time: 0.0023971 seconds
plan limit 977
current timestep 414
num of flexible agents: 220
num of flexible tasks: 520
Solving time: 0.0019642 seconds
plan limit 978
current timestep 415
num of flexible agents: 220
num of flexible tasks: 520
Solving time: 0.0022243 seconds
plan limit 978
current timestep 416
num of flexible agents: 220
num of flexible tasks: 520
Solving time: 0.0018496 seconds
plan limit 978
current timestep 417
num of flexible agents: 220
num of flexible tasks: 520
Solving time: 0.0018143 seconds
plan limit 978
current timestep 418
num of flexible agents: 221
num of flexible tasks: 521
Solving time: 0.002325 seconds
plan limit 977
current timestep 419
num of flexible agents: 226
num of flexible tasks: 526
Solving time: 0.0019172 seconds
plan limit 978
current timestep 420
num of flexible agents: 225
num of flexible tasks: 525
Solving time: 0.0019946 seconds
plan limit 978
current timestep 421
num of flexible agents: 224
num of flexible tasks: 524
Solving time: 0.0019108 seconds
plan limit 978
current timestep 422
num of flexible agents: 233
num of flexible tasks: 533
Solving time: 0.0019059 seconds
plan limit 978
current timestep 423
num of flexible agents: 234
num of flexible tasks: 534
Solving time: 0.0018644 seconds
plan limit 978
current timestep 424
num of flexible agents: 237
num of flexible tasks: 537
Solving time: 0.0021762 seconds
plan limit 978
current timestep 425
num of flexible agents: 238
num of flexible tasks: 538
Solving time: 0.002061 seconds
plan limit 978
current timestep 426
num of flexible agents: 235
num of flexible tasks: 535
Solving time: 0.0019157 seconds
plan limit 978
current timestep 427
num of flexible agents: 235
num of flexible tasks: 535
Solving time: 0.0020098 seconds
plan limit 978
current timestep 428
num of flexible agents: 236
num of flexible tasks: 536
Solving time: 0.0019041 seconds
plan limit 978
current timestep 429
num of flexible agents: 234
num of flexible tasks: 534
Solving time: 0.0018832 seconds
plan limit 978
current timestep 430
num of flexible agents: 233
num of flexible tasks: 533
Solving time: 0.0019934 seconds
plan limit 978
current timestep 431
num of flexible agents: 229
num of flexible tasks: 529
Solving time: 0.0020103 seconds
plan limit 978
current timestep 432
num of flexible agents: 228
num of flexible tasks: 528
Solving time: 0.0021987 seconds
plan limit 978
current timestep 433
num of flexible agents: 224
num of flexible tasks: 524
Solving time: 0.0019283 seconds
plan limit 978
current timestep 434
num of flexible agents: 227
num of flexible tasks: 527
Solving time: 0.0019197 seconds
plan limit 978
current timestep 435
num of flexible agents: 229
num of flexible tasks: 529
Solving time: 0.0021342 seconds
plan limit 978
current timestep 436
num of flexible agents: 231
num of flexible tasks: 531
Solving time: 0.0019335 seconds
plan limit 978
current timestep 437
num of flexible agents: 233
num of flexible tasks: 533
Solving time: 0.0018514 seconds
plan limit 978
current timestep 438
num of flexible agents: 231
num of flexible tasks: 531
Solving time: 0.0019204 seconds
plan limit 978
current timestep 439
num of flexible agents: 229
num of flexible tasks: 529
Solving time: 0.0018765 seconds
plan limit 978
current timestep 440
num of flexible agents: 226
num of flexible tasks: 526
Solving time: 0.0019987 seconds
plan limit 978
current timestep 441
num of flexible agents: 222
num of flexible tasks: 522
Solving time: 0.0020499 seconds
plan limit 978
current timestep 442
num of flexible agents: 219
num of flexible tasks: 519
Solving time: 0.0020184 seconds
plan limit 978
current timestep 443
num of flexible agents: 219
num of flexible tasks: 519
Solving time: 0.0019163 seconds
plan limit 978
current timestep 444
num of flexible agents: 218
num of flexible tasks: 518
Solving time: 0.0019735 seconds
plan limit 978
current timestep 445
num of flexible agents: 222
num of flexible tasks: 522
Solving time: 0.0021473 seconds
plan limit 978
current timestep 446
num of flexible agents: 221
num of flexible tasks: 521
Solving time: 0.0020549 seconds
plan limit 978
current timestep 447
num of flexible agents: 219
num of flexible tasks: 519
Solving time: 0.002004 seconds
plan limit 978
current timestep 448
num of flexible agents: 219
num of flexible tasks: 519
Solving time: 0.0020472 seconds
plan limit 978
current timestep 449
num of flexible agents: 215
num of flexible tasks: 515
Solving time: 0.0019305 seconds
plan limit 978
current timestep 450
num of flexible agents: 215
num of flexible tasks: 515
Solving time: 0.0021516 seconds
plan limit 978
current timestep 451
num of flexible agents: 212
num of flexible tasks: 512
Solving time: 0.0023504 seconds
plan limit 977
current timestep 452
num of flexible agents: 213
num of flexible tasks: 513
Solving time: 0.0019467 seconds
plan limit 978
current timestep 453
num of flexible agents: 218
num of flexible tasks: 518
Solving time: 0.0019629 seconds
plan limit 978
current timestep 454
num of flexible agents: 221
num of flexible tasks: 521
Solving time: 0.001984 seconds
plan limit 978
current timestep 455
num of flexible agents: 226
num of flexible tasks: 526
Solving time: 0.0022045 seconds
plan limit 977
current timestep 456
num of flexible agents: 225
num of flexible tasks: 525
Solving time: 0.0020611 seconds
plan limit 978
current timestep 457
num of flexible agents: 230
num of flexible tasks: 530
Solving time: 0.0026587 seconds
plan limit 977
current timestep 458
num of flexible agents: 229
num of flexible tasks: 529
Solving time: 0.002018 seconds
plan limit 978
current timestep 459
num of flexible agents: 232
num of flexible tasks: 532
Solving time: 0.0022125 seconds
plan limit 978
current timestep 460
num of flexible agents: 227
num of flexible tasks: 527
Solving time: 0.0018989 seconds
plan limit 978
current timestep 461
num of flexible agents: 228
num of flexible tasks: 528
Solving time: 0.0019706 seconds
plan limit 978
current timestep 462
num of flexible agents: 235
num of flexible tasks: 535
Solving time: 0.0020301 seconds
plan limit 978
current timestep 463
num of flexible agents: 235
num of flexible tasks: 535
Solving time: 0.0022858 seconds
plan limit 978
current timestep 464
num of flexible agents: 237
num of flexible tasks: 537
Solving time: 0.0019702 seconds
plan limit 978
current timestep 465
num of flexible agents: 238
num of flexible tasks: 538
Solving time: 0.0022549 seconds
plan limit 977
current timestep 466
num of flexible agents: 236
num of flexible tasks: 536
Solving time: 0.0023262 seconds
plan limit 977
current timestep 467
num of flexible agents: 241
num of flexible tasks: 541
Solving time: 0.001981 seconds
plan limit 978
current timestep 468
num of flexible agents: 238
num of flexible tasks: 538
Solving time: 0.0019745 seconds
plan limit 978
current timestep 469
num of flexible agents: 236
num of flexible tasks: 536
Solving time: 0.0017451 seconds
plan limit 978
current timestep 470
num of flexible agents: 230
num of flexible tasks: 530
Solving time: 0.0019364 seconds
plan limit 978
current timestep 471
num of flexible agents: 231
num of flexible tasks: 531
Solving time: 0.0018457 seconds
plan limit 978
current timestep 472
num of flexible agents: 228
num of flexible tasks: 528
Solving time: 0.0019063 seconds
plan limit 978
current timestep 473
num of flexible agents: 224
num of flexible tasks: 524
Solving time: 0.0021614 seconds
plan limit 978
current timestep 474
num of flexible agents: 215
num of flexible tasks: 515
Solving time: 0.0019976 seconds
plan limit 978
current timestep 475
num of flexible agents: 211
num of flexible tasks: 511
Solving time: 0.0018632 seconds
plan limit 978
current timestep 476
num of flexible agents: 210
num of flexible tasks: 510
Solving time: 0.0018644 seconds
plan limit 978
current timestep 477
num of flexible agents: 212
num of flexible tasks: 512
Solving time: 0.0020494 seconds
plan limit 978
current timestep 478
num of flexible agents: 211
num of flexible tasks: 511
Solving time: 0.0021089 seconds
plan limit 978
current timestep 479
num of flexible agents: 212
num of flexible tasks: 512
Solving time: 0.001923 seconds
plan limit 978
current timestep 480
num of flexible agents: 216
num of flexible tasks: 516
Solving time: 0.0020431 seconds
plan limit 978
current timestep 481
num of flexible agents: 217
num of flexible tasks: 517
Solving time: 0.0026099 seconds
plan limit 977
current timestep 482
num of flexible agents: 221
num of flexible tasks: 521
Solving time: 0.002149 seconds
plan limit 978
current timestep 483
num of flexible agents: 224
num of flexible tasks: 524
Solving time: 0.0024186 seconds
plan limit 977
current timestep 484
num of flexible agents: 228
num of flexible tasks: 528
Solving time: 0.0031166 seconds
plan limit 976
current timestep 485
num of flexible agents: 229
num of flexible tasks: 529
Solving time: 0.0020857 seconds
plan limit 978
current timestep 486
num of flexible agents: 234
num of flexible tasks: 534
Solving time: 0.0019725 seconds
plan limit 978
current timestep 487
num of flexible agents: 237
num of flexible tasks: 537
Solving time: 0.002083 seconds
plan limit 978
current timestep 488
num of flexible agents: 242
num of flexible tasks: 542
Solving time: 0.0021851 seconds
plan limit 978
current timestep 489
num of flexible agents: 239
num of flexible tasks: 539
Solving time: 0.0020624 seconds
plan limit 978
current timestep 490
num of flexible agents: 238
num of flexible tasks: 538
Solving time: 0.0020049 seconds
plan limit 978
current timestep 491
num of flexible agents: 240
num of flexible tasks: 540
Solving time: 0.002113 seconds
plan limit 978
current timestep 492
num of flexible agents: 239
num of flexible tasks: 539
Solving time: 0.0020426 seconds
plan limit 978
current timestep 493
num of flexible agents: 231
num of flexible tasks: 531
Solving time: 0.0019016 seconds
plan limit 978
current timestep 494
num of flexible agents: 229
num of flexible tasks: 529
Solving time: 0.0022801 seconds
plan limit 977
current timestep 495
num of flexible agents: 228
num of flexible tasks: 528
Solving time: 0.0020288 seconds
plan limit 978
current timestep 496
num of flexible agents: 228
num of flexible tasks: 528
Solving time: 0.0020583 seconds
plan limit 978
current timestep 497
num of flexible agents: 228
num of flexible tasks: 528
Solving time: 0.002114 seconds
plan limit 978
current timestep 498
num of flexible agents: 233
num of flexible tasks: 533
Solving time: 0.0020534 seconds
plan limit 978
current timestep 499
num of flexible agents: 234
num of flexible tasks: 534
Solving time: 0.0019848 seconds
plan limit 978
current timestep 500
num of flexible agents: 230
num of flexible tasks: 530
Solving time: 0.0022717 seconds
plan limit 977
current timestep 501
num of flexible agents: 234
num of flexible tasks: 534
Solving time: 0.0020463 seconds
plan limit 978
current timestep 502
num of flexible agents: 235
num of flexible tasks: 535
Solving time: 0.0024878 seconds
plan limit 977
current timestep 503
num of flexible agents: 232
num of flexible tasks: 532
Solving time: 0.0020274 seconds
plan limit 978
current timestep 504
num of flexible agents: 231
num of flexible tasks: 531
Solving time: 0.0021253 seconds
plan limit 978
current timestep 505
num of flexible agents: 232
num of flexible tasks: 532
Solving time: 0.0018872 seconds
plan limit 978
current timestep 506
num of flexible agents: 232
num of flexible tasks: 532
Solving time: 0.0020432 seconds
plan limit 978
current timestep 507
num of flexible agents: 234
num of flexible tasks: 534
Solving time: 0.0019926 seconds
plan limit 978
current timestep 508
num of flexible agents: 238
num of flexible tasks: 538
Solving time: 0.0020375 seconds
plan limit 978
current timestep 509
num of flexible agents: 241
num of flexible tasks: 541
Solving time: 0.0019921 seconds
plan limit 978
current timestep 510
num of flexible agents: 240
num of flexible tasks: 540
Solving time: 0.0021219 seconds
plan limit 978
current timestep 511
num of flexible agents: 246
num of flexible tasks: 546
Solving time: 0.0020273 seconds
plan limit 978
current timestep 512
num of flexible agents: 243
num of flexible tasks: 543
Solving time: 0.0021483 seconds
plan limit 978
current timestep 513
num of flexible agents: 243
num of flexible tasks: 543
Solving time: 0.001906 seconds
plan limit 978
current timestep 514
num of flexible agents: 246
num of flexible tasks: 546
Solving time: 0.0019858 seconds
plan limit 978
current timestep 515
num of flexible agents: 241
num of flexible tasks: 541
Solving time: 0.0020741 seconds
plan limit 978
current timestep 516
num of flexible agents: 243
num of flexible tasks: 543
Solving time: 0.0020132 seconds
plan limit 978
current timestep 517
num of flexible agents: 241
num of flexible tasks: 541
Solving time: 0.0022936 seconds
plan limit 977
current timestep 518
num of flexible agents: 245
num of flexible tasks: 545
Solving time: 0.0019338 seconds
plan limit 978
current timestep 519
num of flexible agents: 250
num of flexible tasks: 550
Solving time: 0.0018579 seconds
plan limit 978
current timestep 520
num of flexible agents: 250
num of flexible tasks: 550
Solving time: 0.0020251 seconds
plan limit 978
current timestep 521
num of flexible agents: 244
num of flexible tasks: 544
Solving time: 0.0021892 seconds
plan limit 978
current timestep 522
num of flexible agents: 244
num of flexible tasks: 544
Solving time: 0.0022032 seconds
plan limit 978
current timestep 523
num of flexible agents: 244
num of flexible tasks: 544
Solving time: 0.002956 seconds
plan limit 976
current timestep 524
num of flexible agents: 242
num of flexible tasks: 542
Solving time: 0.0018694 seconds
plan limit 978
current timestep 525
num of flexible agents: 244
num of flexible tasks: 544
Solving time: 0.0023523 seconds
plan limit 977
current timestep 526
num of flexible agents: 243
num of flexible tasks: 543
Solving time: 0.002037 seconds
plan limit 978
current timestep 527
num of flexible agents: 242
num of flexible tasks: 542
Solving time: 0.0021425 seconds
plan limit 978
current timestep 528
num of flexible agents: 241
num of flexible tasks: 541
Solving time: 0.0022176 seconds
plan limit 978
current timestep 529
num of flexible agents: 235
num of flexible tasks: 535
Solving time: 0.0019553 seconds
plan limit 978
current timestep 530
num of flexible agents: 237
num of flexible tasks: 537
Solving time: 0.0020073 seconds
plan limit 978
current timestep 531
num of flexible agents: 235
num of flexible tasks: 535
Solving time: 0.0021408 seconds
plan limit 978
current timestep 532
num of flexible agents: 232
num of flexible tasks: 532
Solving time: 0.0024757 seconds
plan limit 977
current timestep 533
num of flexible agents: 235
num of flexible tasks: 535
Solving time: 0.00214 seconds
plan limit 978
current timestep 534
num of flexible agents: 238
num of flexible tasks: 538
Solving time: 0.0019675 seconds
plan limit 978
current timestep 535
num of flexible agents: 243
num of flexible tasks: 543
Solving time: 0.0020103 seconds
plan limit 978
current timestep 536
num of flexible agents: 241
num of flexible tasks: 541
Solving time: 0.0018584 seconds
plan limit 978
current timestep 537
num of flexible agents: 243
num of flexible tasks: 543
Solving time: 0.001993 seconds
plan limit 978
current timestep 538
num of flexible agents: 241
num of flexible tasks: 541
Solving time: 0.0020188 seconds
plan limit 978
current timestep 539
num of flexible agents: 239
num of flexible tasks: 539
Solving time: 0.0018774 seconds
plan limit 978
current timestep 540
num of flexible agents: 242
num of flexible tasks: 542
Solving time: 0.0021762 seconds
plan limit 978
current timestep 541
num of flexible agents: 244
num of flexible tasks: 544
Solving time: 0.0024009 seconds
plan limit 977
current timestep 542
num of flexible agents: 243
num of flexible tasks: 543
Solving time: 0.0021106 seconds
plan limit 978
current timestep 543
num of flexible agents: 239
num of flexible tasks: 539
Solving time: 0.0018317 seconds
plan limit 978
current timestep 544
num of flexible agents: 236
num of flexible tasks: 536
Solving time: 0.0019133 seconds
plan limit 978
current timestep 545
num of flexible agents: 238
num of flexible tasks: 538
Solving time: 0.0021279 seconds
plan limit 978
current timestep 546
num of flexible agents: 234
num of flexible tasks: 534
Solving time: 0.0019267 seconds
plan limit 978
current timestep 547
num of flexible agents: 234
num of flexible tasks: 534
Solving time: 0.0019074 seconds
plan limit 978
current timestep 548
num of flexible agents: 239
num of flexible tasks: 539
Solving time: 0.0019763 seconds
plan limit 978
current timestep 549
num of flexible agents: 235
num of flexible tasks: 535
Solving time: 0.0021623 seconds
plan limit 978
current timestep 550
num of flexible agents: 234
num of flexible tasks: 534
Solving time: 0.0021515 seconds
plan limit 978
current timestep 551
num of flexible agents: 239
num of flexible tasks: 539
Solving time: 0.0018506 seconds
plan limit 978
current timestep 552
num of flexible agents: 240
num of flexible tasks: 540
Solving time: 0.0019226 seconds
plan limit 978
current timestep 553
num of flexible agents: 240
num of flexible tasks: 540
Solving time: 0.002285 seconds
plan limit 977
current timestep 554
num of flexible agents: 241
num of flexible tasks: 541
Solving time: 0.0019838 seconds
plan limit 978
current timestep 555
num of flexible agents: 237
num of flexible tasks: 537
Solving time: 0.0020664 seconds
plan limit 978
current timestep 556
num of flexible agents: 237
num of flexible tasks: 537
Solving time: 0.0019741 seconds
plan limit 978
current timestep 557
num of flexible agents: 239
num of flexible tasks: 539
Solving time: 0.0018649 seconds
plan limit 978
current timestep 558
num of flexible agents: 233
num of flexible tasks: 533
Solving time: 0.0017897 seconds
plan limit 978
current timestep 559
num of flexible agents: 229
num of flexible tasks: 529
Solving time: 0.0018655 seconds
plan limit 978
current timestep 560
num of flexible agents: 223
num of flexible tasks: 523
Solving time: 0.0018751 seconds
plan limit 978
current timestep 561
num of flexible agents: 218
num of flexible tasks: 518
Solving time: 0.0018727 seconds
plan limit 978
current timestep 562
num of flexible agents: 218
num of flexible tasks: 518
Solving time: 0.0018914 seconds
plan limit 978
current timestep 563
num of flexible agents: 218
num of flexible tasks: 518
Solving time: 0.001941 seconds
plan limit 978
current timestep 564
num of flexible agents: 219
num of flexible tasks: 519
Solving time: 0.0039089 seconds
plan limit 975
current timestep 565
num of flexible agents: 219
num of flexible tasks: 519
Solving time: 0.0017718 seconds
plan limit 978
current timestep 566
num of flexible agents: 225
num of flexible tasks: 525
Solving time: 0.00183 seconds
plan limit 978
current timestep 567
num of flexible agents: 232
num of flexible tasks: 532
Solving time: 0.0017448 seconds
plan limit 978
current timestep 568
num of flexible agents: 226
num of flexible tasks: 526
Solving time: 0.0018769 seconds
plan limit 978
current timestep 569
num of flexible agents: 224
num of flexible tasks: 524
Solving time: 0.0017609 seconds
plan limit 978
current timestep 570
num of flexible agents: 222
num of flexible tasks: 522
Solving time: 0.0018305 seconds
plan limit 978
current timestep 571
num of flexible agents: 224
num of flexible tasks: 524
Solving time: 0.0017787 seconds
plan limit 978
current timestep 572
num of flexible agents: 226
num of flexible tasks: 526
Solving time: 0.0018428 seconds
plan limit 978
current timestep 573
num of flexible agents: 224
num of flexible tasks: 524
Solving time: 0.0018348 seconds
plan limit 978
current timestep 574
num of flexible agents: 224
num of flexible tasks: 524
Solving time: 0.0018539 seconds
plan limit 978
current timestep 575
num of flexible agents: 226
num of flexible tasks: 526
Solving time: 0.0018536 seconds
plan limit 978
current timestep 576
num of flexible agents: 227
num of flexible tasks: 527
Solving time: 0.0018037 seconds
plan limit 978
current timestep 577
num of flexible agents: 227
num of flexible tasks: 527
Solving time: 0.0019043 seconds
plan limit 978
current timestep 578
num of flexible agents: 224
num of flexible tasks: 524
Solving time: 0.0018205 seconds
plan limit 978
current timestep 579
num of flexible agents: 219
num of flexible tasks: 519
Solving time: 0.0016428 seconds
plan limit 978
current timestep 580
num of flexible agents: 215
num of flexible tasks: 515
Solving time: 0.0017434 seconds
plan limit 978
current timestep 581
num of flexible agents: 213
num of flexible tasks: 513
Solving time: 0.0017965 seconds
plan limit 978
current timestep 582
num of flexible agents: 211
num of flexible tasks: 511
Solving time: 0.0019012 seconds
plan limit 978
current timestep 583
num of flexible agents: 211
num of flexible tasks: 511
Solving time: 0.0018987 seconds
plan limit 978
current timestep 584
num of flexible agents: 209
num of flexible tasks: 509
Solving time: 0.0019487 seconds
plan limit 978
current timestep 585
num of flexible agents: 207
num of flexible tasks: 507
Solving time: 0.0018156 seconds
plan limit 978
current timestep 586
num of flexible agents: 207
num of flexible tasks: 507
Solving time: 0.0020952 seconds
plan limit 978
current timestep 587
num of flexible agents: 207
num of flexible tasks: 507
Solving time: 0.0017699 seconds
plan limit 978
current timestep 588
num of flexible agents: 205
num of flexible tasks: 505
Solving time: 0.0017582 seconds
plan limit 978
current timestep 589
num of flexible agents: 201
num of flexible tasks: 501
Solving time: 0.0017931 seconds
plan limit 978
current timestep 590
num of flexible agents: 206
num of flexible tasks: 506
Solving time: 0.0019803 seconds
plan limit 978
current timestep 591
num of flexible agents: 211
num of flexible tasks: 511
Solving time: 0.0017279 seconds
plan limit 978
current timestep 592
num of flexible agents: 212
num of flexible tasks: 512
Solving time: 0.0018668 seconds
plan limit 978
current timestep 593
num of flexible agents: 208
num of flexible tasks: 508
Solving time: 0.0018741 seconds
plan limit 978
current timestep 594
num of flexible agents: 205
num of flexible tasks: 505
Solving time: 0.0019791 seconds
plan limit 978
current timestep 595
num of flexible agents: 211
num of flexible tasks: 511
Solving time: 0.0019233 seconds
plan limit 978
current timestep 596
num of flexible agents: 207
num of flexible tasks: 507
Solving time: 0.0019214 seconds
plan limit 978
current timestep 597
num of flexible agents: 211
num of flexible tasks: 511
Solving time: 0.0020396 seconds
plan limit 972
current timestep 598
num of flexible agents: 216
num of flexible tasks: 516
Solving time: 0.0020195 seconds
plan limit 978
current timestep 599
num of flexible agents: 216
num of flexible tasks: 516
Solving time: 0.0019723 seconds
plan limit 978
current timestep 600
num of flexible agents: 218
num of flexible tasks: 518
Solving time: 0.0019829 seconds
plan limit 978
current timestep 601
num of flexible agents: 213
num of flexible tasks: 513
Solving time: 0.0018622 seconds
plan limit 978
current timestep 602
num of flexible agents: 218
num of flexible tasks: 518
Solving time: 0.001831 seconds
plan limit 978
current timestep 603
num of flexible agents: 220
num of flexible tasks: 520
Solving time: 0.0020439 seconds
plan limit 978
current timestep 604
num of flexible agents: 219
num of flexible tasks: 519
Solving time: 0.00199 seconds
plan limit 978
current timestep 605
num of flexible agents: 224
num of flexible tasks: 524
Solving time: 0.0026489 seconds
plan limit 977
current timestep 606
num of flexible agents: 224
num of flexible tasks: 524
Solving time: 0.0018186 seconds
plan limit 978
current timestep 607
num of flexible agents: 224
num of flexible tasks: 524
Solving time: 0.001912 seconds
plan limit 978
current timestep 608
num of flexible agents: 226
num of flexible tasks: 526
Solving time: 0.0019339 seconds
plan limit 978
current timestep 609
num of flexible agents: 220
num of flexible tasks: 520
Solving time: 0.0019575 seconds
plan limit 978
current timestep 610
num of flexible agents: 219
num of flexible tasks: 519
Solving time: 0.0022372 seconds
plan limit 978
current timestep 611
num of flexible agents: 218
num of flexible tasks: 518
Solving time: 0.0019731 seconds
plan limit 978
current timestep 612
num of flexible agents: 217
num of flexible tasks: 517
Solving time: 0.0019765 seconds
plan limit 978
current timestep 613
num of flexible agents: 221
num of flexible tasks: 521
Solving time: 0.0019381 seconds
plan limit 978
current timestep 614
num of flexible agents: 222
num of flexible tasks: 522
Solving time: 0.0021375 seconds
plan limit 978
current timestep 615
num of flexible agents: 220
num of flexible tasks: 520
Solving time: 0.0018678 seconds
plan limit 978
current timestep 616
num of flexible agents: 218
num of flexible tasks: 518
Solving time: 0.0022024 seconds
plan limit 977
current timestep 617
num of flexible agents: 224
num of flexible tasks: 524
Solving time: 0.0022031 seconds
plan limit 978
current timestep 618
num of flexible agents: 227
num of flexible tasks: 527
Solving time: 0.0020209 seconds
plan limit 978
current timestep 619
num of flexible agents: 226
num of flexible tasks: 526
Solving time: 0.0020899 seconds
plan limit 978
current timestep 620
num of flexible agents: 227
num of flexible tasks: 527
Solving time: 0.0026242 seconds
plan limit 977
current timestep 621
num of flexible agents: 228
num of flexible tasks: 528
Solving time: 0.001908 seconds
plan limit 978
current timestep 622
num of flexible agents: 233
num of flexible tasks: 533
Solving time: 0.0019532 seconds
plan limit 978
current timestep 623
num of flexible agents: 230
num of flexible tasks: 530
Solving time: 0.0019902 seconds
plan limit 978
current timestep 624
num of flexible agents: 230
num of flexible tasks: 530
Solving time: 0.0020955 seconds
plan limit 978
current timestep 625
num of flexible agents: 232
num of flexible tasks: 532
Solving time: 0.0019426 seconds
plan limit 978
current timestep 626
num of flexible agents: 232
num of flexible tasks: 532
Solving time: 0.0019269 seconds
plan limit 978
current timestep 627
num of flexible agents: 232
num of flexible tasks: 532
Solving time: 0.0019549 seconds
plan limit 978
current timestep 628
num of flexible agents: 227
num of flexible tasks: 527
Solving time: 0.0019305 seconds
plan limit 978
current timestep 629
num of flexible agents: 219
num of flexible tasks: 519
Solving time: 0.0020657 seconds
plan limit 978
current timestep 630
num of flexible agents: 221
num of flexible tasks: 521
Solving time: 0.0019815 seconds
plan limit 978
current timestep 631
num of flexible agents: 227
num of flexible tasks: 527
Solving time: 0.0021699 seconds
plan limit 978
current timestep 632
num of flexible agents: 230
num of flexible tasks: 530
Solving time: 0.0021983 seconds
plan limit 978
current timestep 633
num of flexible agents: 232
num of flexible tasks: 532
Solving time: 0.0020776 seconds
plan limit 978
current timestep 634
num of flexible agents: 235
num of flexible tasks: 535
Solving time: 0.0020648 seconds
plan limit 978
current timestep 635
num of flexible agents: 235
num of flexible tasks: 535
Solving time: 0.002611 seconds
plan limit 977
current timestep 636
num of flexible agents: 233
num of flexible tasks: 533
Solving time: 0.0019357 seconds
plan limit 978
current timestep 637
num of flexible agents: 235
num of flexible tasks: 535
Solving time: 0.0018603 seconds
plan limit 978
current timestep 638
num of flexible agents: 234
num of flexible tasks: 534
Solving time: 0.001932 seconds
plan limit 978
current timestep 639
num of flexible agents: 235
num of flexible tasks: 535
Solving time: 0.0019657 seconds
plan limit 978
current timestep 640
num of flexible agents: 239
num of flexible tasks: 539
Solving time: 0.0022566 seconds
plan limit 978
current timestep 641
num of flexible agents: 234
num of flexible tasks: 534
Solving time: 0.0024194 seconds
plan limit 977
current timestep 642
num of flexible agents: 235
num of flexible tasks: 535
Solving time: 0.0021647 seconds
plan limit 978
current timestep 643
num of flexible agents: 237
num of flexible tasks: 537
Solving time: 0.0019575 seconds
plan limit 978
current timestep 644
num of flexible agents: 235
num of flexible tasks: 535
Solving time: 0.0019703 seconds
plan limit 978
current timestep 645
num of flexible agents: 236
num of flexible tasks: 536
Solving time: 0.0019781 seconds
plan limit 978
current timestep 646
num of flexible agents: 237
num of flexible tasks: 537
Solving time: 0.0021007 seconds
plan limit 978
current timestep 647
num of flexible agents: 230
num of flexible tasks: 530
Solving time: 0.001893 seconds
plan limit 978
current timestep 648
num of flexible agents: 229
num of flexible tasks: 529
Solving time: 0.0022522 seconds
plan limit 978
current timestep 649
num of flexible agents: 229
num of flexible tasks: 529
Solving time: 0.0021298 seconds
plan limit 978
current timestep 650
num of flexible agents: 227
num of flexible tasks: 527
Solving time: 0.0018539 seconds
plan limit 978
current timestep 651
num of flexible agents: 229
num of flexible tasks: 529
Solving time: 0.0018668 seconds
plan limit 978
current timestep 652
num of flexible agents: 230
num of flexible tasks: 530
Solving time: 0.002456 seconds
plan limit 977
current timestep 653
num of flexible agents: 231
num of flexible tasks: 531
Solving time: 0.0021304 seconds
plan limit 978
current timestep 654
num of flexible agents: 234
num of flexible tasks: 534
Solving time: 0.0018161 seconds
plan limit 978
current timestep 655
num of flexible agents: 232
num of flexible tasks: 532
Solving time: 0.0018951 seconds
plan limit 978
current timestep 656
num of flexible agents: 227
num of flexible tasks: 527
Solving time: 0.0018957 seconds
plan limit 978
current timestep 657
num of flexible agents: 224
num of flexible tasks: 524
Solving time: 0.0027945 seconds
plan limit 977
current timestep 658
num of flexible agents: 221
num of flexible tasks: 521
Solving time: 0.0019272 seconds
plan limit 978
current timestep 659
num of flexible agents: 213
num of flexible tasks: 513
Solving time: 0.0052492 seconds
plan limit 974
current timestep 660
num of flexible agents: 211
num of flexible tasks: 511
Solving time: 0.0019429 seconds
plan limit 978
current timestep 661
num of flexible agents: 210
num of flexible tasks: 510
Solving time: 0.0020421 seconds
plan limit 978
current timestep 662
num of flexible agents: 213
num of flexible tasks: 513
Solving time: 0.0020111 seconds
plan limit 978
current timestep 663
num of flexible agents: 214
num of flexible tasks: 514
Solving time: 0.0020706 seconds
plan limit 978
current timestep 664
num of flexible agents: 216
num of flexible tasks: 516
Solving time: 0.001982 seconds
plan limit 978
current timestep 665
num of flexible agents: 219
num of flexible tasks: 519
Solving time: 0.0019547 seconds
plan limit 978
current timestep 666
num of flexible agents: 218
num of flexible tasks: 518
Solving time: 0.0019632 seconds
plan limit 978
current timestep 667
num of flexible agents: 230
num of flexible tasks: 530
Solving time: 0.0019878 seconds
plan limit 978
current timestep 668
num of flexible agents: 235
num of flexible tasks: 535
Solving time: 0.0021952 seconds
plan limit 978
current timestep 669
num of flexible agents: 234
num of flexible tasks: 534
Solving time: 0.0022984 seconds
plan limit 978
current timestep 670
num of flexible agents: 231
num of flexible tasks: 531
Solving time: 0.002132 seconds
plan limit 978
current timestep 671
num of flexible agents: 233
num of flexible tasks: 533
Solving time: 0.0020535 seconds
plan limit 978
current timestep 672
num of flexible agents: 237
num of flexible tasks: 537
Solving time: 0.0020409 seconds
plan limit 978
current timestep 673
num of flexible agents: 235
num of flexible tasks: 535
Solving time: 0.0020863 seconds
plan limit 978
current timestep 674
num of flexible agents: 241
num of flexible tasks: 541
Solving time: 0.0017924 seconds
plan limit 978
current timestep 675
num of flexible agents: 239
num of flexible tasks: 539
Solving time: 0.0026633 seconds
plan limit 977
current timestep 676
num of flexible agents: 235
num of flexible tasks: 535
Solving time: 0.0019171 seconds
plan limit 978
current timestep 677
num of flexible agents: 235
num of flexible tasks: 535
Solving time: 0.0020266 seconds
plan limit 978
current timestep 678
num of flexible agents: 234
num of flexible tasks: 534
Solving time: 0.0018733 seconds
plan limit 978
current timestep 679
num of flexible agents: 237
num of flexible tasks: 537
Solving time: 0.0020493 seconds
plan limit 978
current timestep 680
num of flexible agents: 237
num of flexible tasks: 537
Solving time: 0.002084 seconds
plan limit 978
current timestep 681
num of flexible agents: 237
num of flexible tasks: 537
Solving time: 0.0020682 seconds
plan limit 978
current timestep 682
num of flexible agents: 245
num of flexible tasks: 545
Solving time: 0.0020043 seconds
plan limit 978
current timestep 683
num of flexible agents: 243
num of flexible tasks: 543
Solving time: 0.0019047 seconds
plan limit 978
current timestep 684
num of flexible agents: 247
num of flexible tasks: 547
Solving time: 0.0021038 seconds
plan limit 978
current timestep 685
num of flexible agents: 250
num of flexible tasks: 550
Solving time: 0.0019632 seconds
plan limit 978
current timestep 686
num of flexible agents: 251
num of flexible tasks: 551
Solving time: 0.00205 seconds
plan limit 978
current timestep 687
num of flexible agents: 253
num of flexible tasks: 553
Solving time: 0.0019996 seconds
plan limit 978
current timestep 688
num of flexible agents: 251
num of flexible tasks: 551
Solving time: 0.0019063 seconds
plan limit 978
current timestep 689
num of flexible agents: 245
num of flexible tasks: 545
Solving time: 0.0018429 seconds
plan limit 978
current timestep 690
num of flexible agents: 249
num of flexible tasks: 549
Solving time: 0.0018884 seconds
plan limit 978
current timestep 691
num of flexible agents: 241
num of flexible tasks: 541
Solving time: 0.0019182 seconds
plan limit 978
current timestep 692
num of flexible agents: 238
num of flexible tasks: 538
Solving time: 0.0019958 seconds
plan limit 977
current timestep 693
num of flexible agents: 239
num of flexible tasks: 539
Solving time: 0.0019846 seconds
plan limit 978
current timestep 694
num of flexible agents: 231
num of flexible tasks: 531
Solving time: 0.001992 seconds
plan limit 978
current timestep 695
num of flexible agents: 229
num of flexible tasks: 529
Solving time: 0.0019491 seconds
plan limit 978
current timestep 696
num of flexible agents: 236
num of flexible tasks: 536
Solving time: 0.001955 seconds
plan limit 978
current timestep 697
num of flexible agents: 228
num of flexible tasks: 528
Solving time: 0.0018697 seconds
plan limit 978
current timestep 698
num of flexible agents: 225
num of flexible tasks: 525
Solving time: 0.0018633 seconds
plan limit 978
current timestep 699
num of flexible agents: 226
num of flexible tasks: 526
Solving time: 0.0019356 seconds
plan limit 978
current timestep 700
num of flexible agents: 230
num of flexible tasks: 530
Solving time: 0.0018392 seconds
plan limit 978
current timestep 701
num of flexible agents: 235
num of flexible tasks: 535
Solving time: 0.0020829 seconds
plan limit 978
current timestep 702
num of flexible agents: 234
num of flexible tasks: 534
Solving time: 0.0018842 seconds
plan limit 978
current timestep 703
num of flexible agents: 231
num of flexible tasks: 531
Solving time: 0.0019836 seconds
plan limit 978
current timestep 704
num of flexible agents: 229
num of flexible tasks: 529
Solving time: 0.0020534 seconds
plan limit 978
current timestep 705
num of flexible agents: 228
num of flexible tasks: 528
Solving time: 0.0018892 seconds
plan limit 978
current timestep 706
num of flexible agents: 234
num of flexible tasks: 534
Solving time: 0.0019132 seconds
plan limit 978
current timestep 707
num of flexible agents: 231
num of flexible tasks: 531
Solving time: 0.0018969 seconds
plan limit 978
current timestep 708
num of flexible agents: 229
num of flexible tasks: 529
Solving time: 0.0019701 seconds
plan limit 978
current timestep 709
num of flexible agents: 225
num of flexible tasks: 525
Solving time: 0.0019962 seconds
plan limit 978
current timestep 710
num of flexible agents: 224
num of flexible tasks: 524
Solving time: 0.0030776 seconds
plan limit 976
current timestep 711
num of flexible agents: 227
num of flexible tasks: 527
Solving time: 0.0021584 seconds
plan limit 978
current timestep 712
num of flexible agents: 232
num of flexible tasks: 532
Solving time: 0.0020923 seconds
plan limit 978
current timestep 713
num of flexible agents: 228
num of flexible tasks: 528
Solving time: 0.0020506 seconds
plan limit 978
current timestep 714
num of flexible agents: 229
num of flexible tasks: 529
Solving time: 0.0026563 seconds
plan limit 977
current timestep 715
num of flexible agents: 230
num of flexible tasks: 530
Solving time: 0.0035546 seconds
plan limit 976
current timestep 716
num of flexible agents: 235
num of flexible tasks: 535
Solving time: 0.0032431 seconds
plan limit 976
current timestep 717
num of flexible agents: 233
num of flexible tasks: 533
Solving time: 0.0022524 seconds
plan limit 977
current timestep 718
num of flexible agents: 235
num of flexible tasks: 535
Solving time: 0.0021904 seconds
plan limit 978
current timestep 719
num of flexible agents: 234
num of flexible tasks: 534
Solving time: 0.0020321 seconds
plan limit 978
current timestep 720
num of flexible agents: 233
num of flexible tasks: 533
Solving time: 0.0018594 seconds
plan limit 978
current timestep 721
num of flexible agents: 232
num of flexible tasks: 532
Solving time: 0.0020187 seconds
plan limit 978
current timestep 722
num of flexible agents: 231
num of flexible tasks: 531
Solving time: 0.0054704 seconds
plan limit 973
current timestep 723
num of flexible agents: 233
num of flexible tasks: 533
Solving time: 0.0021474 seconds
plan limit 978
current timestep 724
num of flexible agents: 228
num of flexible tasks: 528
Solving time: 0.0022135 seconds
plan limit 977
current timestep 725
num of flexible agents: 226
num of flexible tasks: 526
Solving time: 0.0019558 seconds
plan limit 978
current timestep 726
num of flexible agents: 224
num of flexible tasks: 524
Solving time: 0.0019561 seconds
plan limit 978
current timestep 727
num of flexible agents: 224
num of flexible tasks: 524
Solving time: 0.001997 seconds
plan limit 978
current timestep 728
num of flexible agents: 224
num of flexible tasks: 524
Solving time: 0.0052562 seconds
plan limit 973
current timestep 729
num of flexible agents: 225
num of flexible tasks: 525
Solving time: 0.0020059 seconds
plan limit 978
current timestep 730
num of flexible agents: 231
num of flexible tasks: 531
Solving time: 0.002038 seconds
plan limit 978
current timestep 731
num of flexible agents: 233
num of flexible tasks: 533
Solving time: 0.0023714 seconds
plan limit 977
current timestep 732
num of flexible agents: 237
num of flexible tasks: 537
Solving time: 0.002461 seconds
plan limit 977
current timestep 733
num of flexible agents: 238
num of flexible tasks: 538
Solving time: 0.0018915 seconds
plan limit 978
current timestep 734
num of flexible agents: 241
num of flexible tasks: 541
Solving time: 0.0019804 seconds
plan limit 978
current timestep 735
num of flexible agents: 233
num of flexible tasks: 533
Solving time: 0.0020273 seconds
plan limit 978
current timestep 736
num of flexible agents: 232
num of flexible tasks: 532
Solving time: 0.0020577 seconds
plan limit 978
current timestep 737
num of flexible agents: 224
num of flexible tasks: 524
Solving time: 0.0019317 seconds
plan limit 978
current timestep 738
num of flexible agents: 223
num of flexible tasks: 523
Solving time: 0.0020371 seconds
plan limit 978
current timestep 739
num of flexible agents: 222
num of flexible tasks: 522
Solving time: 0.0019679 seconds
plan limit 978
current timestep 740
num of flexible agents: 224
num of flexible tasks: 524
Solving time: 0.0019338 seconds
plan limit 978
current timestep 741
num of flexible agents: 225
num of flexible tasks: 525
Solving time: 0.002067 seconds
plan limit 978
current timestep 742
num of flexible agents: 229
num of flexible tasks: 529
Solving time: 0.0021056 seconds
plan limit 978
current timestep 743
num of flexible agents: 229
num of flexible tasks: 529
Solving time: 0.0020657 seconds
plan limit 978
current timestep 744
num of flexible agents: 229
num of flexible tasks: 529
Solving time: 0.0021873 seconds
plan limit 978
current timestep 745
num of flexible agents: 225
num of flexible tasks: 525
Solving time: 0.0018721 seconds
plan limit 978
current timestep 746
num of flexible agents: 229
num of flexible tasks: 529
Solving time: 0.0019545 seconds
plan limit 978
current timestep 747
num of flexible agents: 226
num of flexible tasks: 526
Solving time: 0.0019055 seconds
plan limit 978
current timestep 748
num of flexible agents: 223
num of flexible tasks: 523
Solving time: 0.00201 seconds
plan limit 978
current timestep 749
num of flexible agents: 228
num of flexible tasks: 528
Solving time: 0.0018634 seconds
plan limit 978
current timestep 750
num of flexible agents: 235
num of flexible tasks: 535
Solving time: 0.0020709 seconds
plan limit 978
current timestep 751
num of flexible agents: 233
num of flexible tasks: 533
Solving time: 0.0022217 seconds
plan limit 977
current timestep 752
num of flexible agents: 235
num of flexible tasks: 535
Solving time: 0.0021092 seconds
plan limit 978
current timestep 753
num of flexible agents: 234
num of flexible tasks: 534
Solving time: 0.0019754 seconds
plan limit 978
current timestep 754
num of flexible agents: 239
num of flexible tasks: 539
Solving time: 0.001979 seconds
plan limit 978
current timestep 755
num of flexible agents: 241
num of flexible tasks: 541
Solving time: 0.0020372 seconds
plan limit 978
current timestep 756
num of flexible agents: 237
num of flexible tasks: 537
Solving time: 0.0019294 seconds
plan limit 978
current timestep 757
num of flexible agents: 231
num of flexible tasks: 531
Solving time: 0.002094 seconds
plan limit 978
current timestep 758
num of flexible agents: 231
num of flexible tasks: 531
Solving time: 0.0019571 seconds
plan limit 978
current timestep 759
num of flexible agents: 229
num of flexible tasks: 529
Solving time: 0.0019532 seconds
plan limit 978
current timestep 760
num of flexible agents: 227
num of flexible tasks: 527
Solving time: 0.0018907 seconds
plan limit 978
current timestep 761
num of flexible agents: 225
num of flexible tasks: 525
Solving time: 0.0021154 seconds
plan limit 978
current timestep 762
num of flexible agents: 223
num of flexible tasks: 523
Solving time: 0.0021123 seconds
plan limit 978
current timestep 763
num of flexible agents: 224
num of flexible tasks: 524
Solving time: 0.0020679 seconds
plan limit 978
current timestep 764
num of flexible agents: 223
num of flexible tasks: 523
Solving time: 0.0020794 seconds
plan limit 978
current timestep 765
num of flexible agents: 227
num of flexible tasks: 527
Solving time: 0.0019454 seconds
plan limit 978
current timestep 766
num of flexible agents: 231
num of flexible tasks: 531
Solving time: 0.0020861 seconds
plan limit 978
current timestep 767
num of flexible agents: 229
num of flexible tasks: 529
Solving time: 0.002061 seconds
plan limit 978
current timestep 768
num of flexible agents: 228
num of flexible tasks: 528
Solving time: 0.0021 seconds
plan limit 977
current timestep 769
num of flexible agents: 233
num of flexible tasks: 533
Solving time: 0.0019966 seconds
plan limit 978
current timestep 770
num of flexible agents: 230
num of flexible tasks: 530
Solving time: 0.002307 seconds
plan limit 977
current timestep 771
num of flexible agents: 230
num of flexible tasks: 530
Solving time: 0.0020147 seconds
plan limit 978
current timestep 772
num of flexible agents: 231
num of flexible tasks: 531
Solving time: 0.0022925 seconds
plan limit 977
current timestep 773
num of flexible agents: 230
num of flexible tasks: 530
Solving time: 0.0020547 seconds
plan limit 978
current timestep 774
num of flexible agents: 233
num of flexible tasks: 533
Solving time: 0.0021439 seconds
plan limit 978
current timestep 775
num of flexible agents: 234
num of flexible tasks: 534
Solving time: 0.0021439 seconds
plan limit 978
current timestep 776
num of flexible agents: 234
num of flexible tasks: 534
Solving time: 0.0020794 seconds
plan limit 978
current timestep 777
num of flexible agents: 237
num of flexible tasks: 537
Solving time: 0.0019757 seconds
plan limit 978
current timestep 778
num of flexible agents: 239
num of flexible tasks: 539
Solving time: 0.0019824 seconds
plan limit 978
current timestep 779
num of flexible agents: 240
num of flexible tasks: 540
Solving time: 0.0019848 seconds
plan limit 978
current timestep 780
num of flexible agents: 239
num of flexible tasks: 539
Solving time: 0.0021968 seconds
plan limit 978
current timestep 781
num of flexible agents: 236
num of flexible tasks: 536
Solving time: 0.0023354 seconds
plan limit 977
current timestep 782
num of flexible agents: 237
num of flexible tasks: 537
Solving time: 0.0025395 seconds
plan limit 977
current timestep 783
num of flexible agents: 236
num of flexible tasks: 536
Solving time: 0.0021289 seconds
plan limit 978
current timestep 784
num of flexible agents: 236
num of flexible tasks: 536
Solving time: 0.0022201 seconds
plan limit 978
current timestep 785
num of flexible agents: 239
num of flexible tasks: 539
Solving time: 0.0018489 seconds
plan limit 978
current timestep 786
num of flexible agents: 244
num of flexible tasks: 544
Solving time: 0.0019997 seconds
plan limit 978
current timestep 787
num of flexible agents: 246
num of flexible tasks: 546
Solving time: 0.0018262 seconds
plan limit 978
current timestep 788
num of flexible agents: 243
num of flexible tasks: 543
Solving time: 0.0019675 seconds
plan limit 978
current timestep 789
num of flexible agents: 241
num of flexible tasks: 541
Solving time: 0.0019636 seconds
plan limit 978
current timestep 790
num of flexible agents: 242
num of flexible tasks: 542
Solving time: 0.0019052 seconds
plan limit 978
current timestep 791
num of flexible agents: 244
num of flexible tasks: 544
Solving time: 0.0020148 seconds
plan limit 978
current timestep 792
num of flexible agents: 248
num of flexible tasks: 548
Solving time: 0.0021531 seconds
plan limit 977
current timestep 793
num of flexible agents: 249
num of flexible tasks: 549
Solving time: 0.0021052 seconds
plan limit 978
current timestep 794
num of flexible agents: 244
num of flexible tasks: 544
Solving time: 0.0021845 seconds
plan limit 978
current timestep 795
num of flexible agents: 244
num of flexible tasks: 544
Solving time: 0.002135 seconds
plan limit 978
current timestep 796
num of flexible agents: 243
num of flexible tasks: 543
Solving time: 0.0019454 seconds
plan limit 978
current timestep 797
num of flexible agents: 239
num of flexible tasks: 539
Solving time: 0.0020225 seconds
plan limit 978
current timestep 798
num of flexible agents: 242
num of flexible tasks: 542
Solving time: 0.0019964 seconds
plan limit 978
current timestep 799
num of flexible agents: 239
num of flexible tasks: 539
Solving time: 0.0021388 seconds
plan limit 978
current timestep 800
num of flexible agents: 238
num of flexible tasks: 538
Solving time: 0.0022547 seconds
plan limit 978
current timestep 801
num of flexible agents: 240
num of flexible tasks: 540
Solving time: 0.0021385 seconds
plan limit 978
current timestep 802
num of flexible agents: 240
num of flexible tasks: 540
Solving time: 0.0019125 seconds
plan limit 978
current timestep 803
num of flexible agents: 240
num of flexible tasks: 540
Solving time: 0.0019669 seconds
plan limit 978
current timestep 804
num of flexible agents: 238
num of flexible tasks: 538
Solving time: 0.0020016 seconds
plan limit 978
current timestep 805
num of flexible agents: 237
num of flexible tasks: 537
Solving time: 0.0020906 seconds
plan limit 978
current timestep 806
num of flexible agents: 243
num of flexible tasks: 543
Solving time: 0.0020343 seconds
plan limit 978
current timestep 807
num of flexible agents: 242
num of flexible tasks: 542
Solving time: 0.0021777 seconds
plan limit 978
current timestep 808
num of flexible agents: 242
num of flexible tasks: 542
Solving time: 0.002068 seconds
plan limit 978
current timestep 809
num of flexible agents: 241
num of flexible tasks: 541
Solving time: 0.001985 seconds
plan limit 978
current timestep 810
num of flexible agents: 236
num of flexible tasks: 536
Solving time: 0.0021217 seconds
plan limit 978
current timestep 811
num of flexible agents: 236
num of flexible tasks: 536
Solving time: 0.0019236 seconds
plan limit 978
current timestep 812
num of flexible agents: 240
num of flexible tasks: 540
Solving time: 0.0021018 seconds
plan limit 978
current timestep 813
num of flexible agents: 239
num of flexible tasks: 539
Solving time: 0.0019182 seconds
plan limit 978
current timestep 814
num of flexible agents: 237
num of flexible tasks: 537
Solving time: 0.0019494 seconds
plan limit 978
current timestep 815
num of flexible agents: 234
num of flexible tasks: 534
Solving time: 0.0019026 seconds
plan limit 978
current timestep 816
num of flexible agents: 236
num of flexible tasks: 536
Solving time: 0.00209 seconds
plan limit 978
current timestep 817
num of flexible agents: 242
num of flexible tasks: 542
Solving time: 0.0019515 seconds
plan limit 978
current timestep 818
num of flexible agents: 239
num of flexible tasks: 539
Solving time: 0.0019004 seconds
plan limit 978
current timestep 819
num of flexible agents: 242
num of flexible tasks: 542
Solving time: 0.0020857 seconds
plan limit 978
current timestep 820
num of flexible agents: 242
num of flexible tasks: 542
Solving time: 0.0021756 seconds
plan limit 978
current timestep 821
num of flexible agents: 241
num of flexible tasks: 541
Solving time: 0.0020023 seconds
plan limit 978
current timestep 822
num of flexible agents: 244
num of flexible tasks: 544
Solving time: 0.0023513 seconds
plan limit 977
current timestep 823
num of flexible agents: 249
num of flexible tasks: 549
Solving time: 0.0019786 seconds
plan limit 978
current timestep 824
num of flexible agents: 255
num of flexible tasks: 555
Solving time: 0.0019891 seconds
plan limit 978
current timestep 825
num of flexible agents: 256
num of flexible tasks: 556
Solving time: 0.0018987 seconds
plan limit 978
current timestep 826
num of flexible agents: 257
num of flexible tasks: 557
Solving time: 0.0018974 seconds
plan limit 978
current timestep 827
num of flexible agents: 250
num of flexible tasks: 550
Solving time: 0.0022215 seconds
plan limit 978
current timestep 828
num of flexible agents: 248
num of flexible tasks: 548
Solving time: 0.0018858 seconds
plan limit 978
current timestep 829
num of flexible agents: 247
num of flexible tasks: 547
Solving time: 0.0019127 seconds
plan limit 978
current timestep 830
num of flexible agents: 247
num of flexible tasks: 547
Solving time: 0.0020377 seconds
plan limit 978
current timestep 831
num of flexible agents: 245
num of flexible tasks: 545
Solving time: 0.0019473 seconds
plan limit 978
current timestep 832
num of flexible agents: 237
num of flexible tasks: 537
Solving time: 0.001991 seconds
plan limit 978
current timestep 833
num of flexible agents: 234
num of flexible tasks: 534
Solving time: 0.0019181 seconds
plan limit 978
current timestep 834
num of flexible agents: 232
num of flexible tasks: 532
Solving time: 0.0019747 seconds
plan limit 978
current timestep 835
num of flexible agents: 229
num of flexible tasks: 529
Solving time: 0.0018231 seconds
plan limit 978
current timestep 836
num of flexible agents: 230
num of flexible tasks: 530
Solving time: 0.0018749 seconds
plan limit 978
current timestep 837
num of flexible agents: 229
num of flexible tasks: 529
Solving time: 0.0018888 seconds
plan limit 978
current timestep 838
num of flexible agents: 228
num of flexible tasks: 528
Solving time: 0.001881 seconds
plan limit 978
current timestep 839
num of flexible agents: 231
num of flexible tasks: 531
Solving time: 0.0018009 seconds
plan limit 978
current timestep 840
num of flexible agents: 228
num of flexible tasks: 528
Solving time: 0.0020138 seconds
plan limit 978
current timestep 841
num of flexible agents: 233
num of flexible tasks: 533
Solving time: 0.0018483 seconds
plan limit 978
current timestep 842
num of flexible agents: 234
num of flexible tasks: 534
Solving time: 0.001712 seconds
plan limit 978
current timestep 843
num of flexible agents: 233
num of flexible tasks: 533
Solving time: 0.0017793 seconds
plan limit 978
current timestep 844
num of flexible agents: 234
num of flexible tasks: 534
Solving time: 0.0019616 seconds
plan limit 978
current timestep 845
num of flexible agents: 237
num of flexible tasks: 537
Solving time: 0.0022307 seconds
plan limit 977
current timestep 846
num of flexible agents: 237
num of flexible tasks: 537
Solving time: 0.0027363 seconds
plan limit 977
current timestep 847
num of flexible agents: 236
num of flexible tasks: 536
Solving time: 0.0018708 seconds
plan limit 978
current timestep 848
num of flexible agents: 238
num of flexible tasks: 538
Solving time: 0.0018018 seconds
plan limit 978
current timestep 849
num of flexible agents: 238
num of flexible tasks: 538
Solving time: 0.0019941 seconds
plan limit 978
current timestep 850
num of flexible agents: 235
num of flexible tasks: 535
Solving time: 0.0019917 seconds
plan limit 978
current timestep 851
num of flexible agents: 240
num of flexible tasks: 540
Solving time: 0.0019904 seconds
plan limit 978
current timestep 852
num of flexible agents: 242
num of flexible tasks: 542
Solving time: 0.0019149 seconds
plan limit 978
current timestep 853
num of flexible agents: 249
num of flexible tasks: 549
Solving time: 0.0017938 seconds
plan limit 978
current timestep 854
num of flexible agents: 249
num of flexible tasks: 549
Solving time: 0.0018743 seconds
plan limit 978
current timestep 855
num of flexible agents: 245
num of flexible tasks: 545
Solving time: 0.0018334 seconds
plan limit 978
current timestep 856
num of flexible agents: 245
num of flexible tasks: 545
Solving time: 0.0019488 seconds
plan limit 978
current timestep 857
num of flexible agents: 246
num of flexible tasks: 546
Solving time: 0.001952 seconds
plan limit 978
current timestep 858
num of flexible agents: 242
num of flexible tasks: 542
Solving time: 0.0020797 seconds
plan limit 977
current timestep 859
num of flexible agents: 242
num of flexible tasks: 542
Solving time: 0.0019115 seconds
plan limit 978
current timestep 860
num of flexible agents: 240
num of flexible tasks: 540
Solving time: 0.0020669 seconds
plan limit 978
current timestep 861
num of flexible agents: 239
num of flexible tasks: 539
Solving time: 0.002127 seconds
plan limit 978
current timestep 862
num of flexible agents: 239
num of flexible tasks: 539
Solving time: 0.0019258 seconds
plan limit 978
current timestep 863
num of flexible agents: 240
num of flexible tasks: 540
Solving time: 0.0021673 seconds
plan limit 978
current timestep 864
num of flexible agents: 239
num of flexible tasks: 539
Solving time: 0.0021729 seconds
plan limit 978
current timestep 865
num of flexible agents: 234
num of flexible tasks: 534
Solving time: 0.0020899 seconds
plan limit 978
current timestep 866
num of flexible agents: 230
num of flexible tasks: 530
Solving time: 0.0018625 seconds
plan limit 978
current timestep 867
num of flexible agents: 229
num of flexible tasks: 529
Solving time: 0.0020252 seconds
plan limit 978
current timestep 868
num of flexible agents: 227
num of flexible tasks: 527
Solving time: 0.0020999 seconds
plan limit 978
current timestep 869
num of flexible agents: 230
num of flexible tasks: 530
Solving time: 0.0021082 seconds
plan limit 978
current timestep 870
num of flexible agents: 225
num of flexible tasks: 525
Solving time: 0.0019866 seconds
plan limit 978
current timestep 871
num of flexible agents: 220
num of flexible tasks: 520
Solving time: 0.0019667 seconds
plan limit 978
current timestep 872
num of flexible agents: 224
num of flexible tasks: 524
Solving time: 0.0020891 seconds
plan limit 978
current timestep 873
num of flexible agents: 219
num of flexible tasks: 519
Solving time: 0.0019992 seconds
plan limit 978
current timestep 874
num of flexible agents: 222
num of flexible tasks: 522
Solving time: 0.0020221 seconds
plan limit 978
current timestep 875
num of flexible agents: 227
num of flexible tasks: 527
Solving time: 0.002025 seconds
plan limit 978
current timestep 876
num of flexible agents: 229
num of flexible tasks: 529
Solving time: 0.0018361 seconds
plan limit 978
current timestep 877
num of flexible agents: 233
num of flexible tasks: 533
Solving time: 0.0020622 seconds
plan limit 978
current timestep 878
num of flexible agents: 231
num of flexible tasks: 531
Solving time: 0.0021646 seconds
plan limit 977
current timestep 879
num of flexible agents: 234
num of flexible tasks: 534
Solving time: 0.0020338 seconds
plan limit 978
current timestep 880
num of flexible agents: 233
num of flexible tasks: 533
Solving time: 0.0018196 seconds
plan limit 978
current timestep 881
num of flexible agents: 232
num of flexible tasks: 532
Solving time: 0.0020044 seconds
plan limit 978
current timestep 882
num of flexible agents: 233
num of flexible tasks: 533
Solving time: 0.0019463 seconds
plan limit 978
current timestep 883
num of flexible agents: 235
num of flexible tasks: 535
Solving time: 0.0018972 seconds
plan limit 978
current timestep 884
num of flexible agents: 233
num of flexible tasks: 533
Solving time: 0.0018757 seconds
plan limit 978
current timestep 885
num of flexible agents: 232
num of flexible tasks: 532
Solving time: 0.0019969 seconds
plan limit 978
current timestep 886
num of flexible agents: 234
num of flexible tasks: 534
Solving time: 0.0022562 seconds
plan limit 977
current timestep 887
num of flexible agents: 242
num of flexible tasks: 542
Solving time: 0.0021453 seconds
plan limit 978
current timestep 888
num of flexible agents: 243
num of flexible tasks: 543
Solving time: 0.0021652 seconds
plan limit 978
current timestep 889
num of flexible agents: 242
num of flexible tasks: 542
Solving time: 0.0022066 seconds
plan limit 978
current timestep 890
num of flexible agents: 243
num of flexible tasks: 543
Solving time: 0.0020824 seconds
plan limit 978
current timestep 891
num of flexible agents: 248
num of flexible tasks: 548
Solving time: 0.0026908 seconds
plan limit 977
current timestep 892
num of flexible agents: 252
num of flexible tasks: 552
Solving time: 0.0023269 seconds
plan limit 977
current timestep 893
num of flexible agents: 255
num of flexible tasks: 555
Solving time: 0.0020889 seconds
plan limit 978
current timestep 894
num of flexible agents: 256
num of flexible tasks: 556
Solving time: 0.0020983 seconds
plan limit 978
current timestep 895
num of flexible agents: 257
num of flexible tasks: 557
Solving time: 0.0022065 seconds
plan limit 978
current timestep 896
num of flexible agents: 255
num of flexible tasks: 555
Solving time: 0.0020505 seconds
plan limit 978
current timestep 897
num of flexible agents: 253
num of flexible tasks: 553
Solving time: 0.0021631 seconds
plan limit 978
current timestep 898
num of flexible agents: 252
num of flexible tasks: 552
Solving time: 0.0021859 seconds
plan limit 978
current timestep 899
num of flexible agents: 251
num of flexible tasks: 551
Solving time: 0.0021423 seconds
plan limit 978
current timestep 900
num of flexible agents: 249
num of flexible tasks: 549
Solving time: 0.0021717 seconds
plan limit 978
current timestep 901
num of flexible agents: 247
num of flexible tasks: 547
Solving time: 0.0021251 seconds
plan limit 978
current timestep 902
num of flexible agents: 250
num of flexible tasks: 550
Solving time: 0.0024379 seconds
plan limit 977
current timestep 903
num of flexible agents: 246
num of flexible tasks: 546
Solving time: 0.0022629 seconds
plan limit 978
current timestep 904
num of flexible agents: 247
num of flexible tasks: 547
Solving time: 0.0019847 seconds
plan limit 978
current timestep 905
num of flexible agents: 246
num of flexible tasks: 546
Solving time: 0.0020272 seconds
plan limit 978
current timestep 906
num of flexible agents: 248
num of flexible tasks: 548
Solving time: 0.0022517 seconds
plan limit 978
current timestep 907
num of flexible agents: 251
num of flexible tasks: 551
Solving time: 0.002089 seconds
plan limit 978
current timestep 908
num of flexible agents: 246
num of flexible tasks: 546
Solving time: 0.0026162 seconds
plan limit 977
current timestep 909
num of flexible agents: 247
num of flexible tasks: 547
Solving time: 0.0020268 seconds
plan limit 978
current timestep 910
num of flexible agents: 244
num of flexible tasks: 544
Solving time: 0.0019765 seconds
plan limit 978
current timestep 911
num of flexible agents: 243
num of flexible tasks: 543
Solving time: 0.0020573 seconds
plan limit 978
current timestep 912
num of flexible agents: 242
num of flexible tasks: 542
Solving time: 0.0020087 seconds
plan limit 978
current timestep 913
num of flexible agents: 244
num of flexible tasks: 544
Solving time: 0.0020253 seconds
plan limit 978
current timestep 914
num of flexible agents: 243
num of flexible tasks: 543
Solving time: 0.0020865 seconds
plan limit 978
current timestep 915
num of flexible agents: 248
num of flexible tasks: 548
Solving time: 0.0019799 seconds
plan limit 978
current timestep 916
num of flexible agents: 245
num of flexible tasks: 545
Solving time: 0.0019364 seconds
plan limit 978
current timestep 917
num of flexible agents: 241
num of flexible tasks: 541
Solving time: 0.0019685 seconds
plan limit 978
current timestep 918
num of flexible agents: 239
num of flexible tasks: 539
Solving time: 0.0022255 seconds
plan limit 978
current timestep 919
num of flexible agents: 238
num of flexible tasks: 538
Solving time: 0.0020012 seconds
plan limit 978
current timestep 920
num of flexible agents: 237
num of flexible tasks: 537
Solving time: 0.0034096 seconds
plan limit 976
current timestep 921
num of flexible agents: 236
num of flexible tasks: 536
Solving time: 0.0021039 seconds
plan limit 977
current timestep 922
num of flexible agents: 236
num of flexible tasks: 536
Solving time: 0.0020405 seconds
plan limit 978
current timestep 923
num of flexible agents: 239
num of flexible tasks: 539
Solving time: 0.0020367 seconds
plan limit 978
current timestep 924
num of flexible agents: 239
num of flexible tasks: 539
Solving time: 0.0020213 seconds
plan limit 978
current timestep 925
num of flexible agents: 243
num of flexible tasks: 543
Solving time: 0.0021327 seconds
plan limit 978
current timestep 926
num of flexible agents: 238
num of flexible tasks: 538
Solving time: 0.0021256 seconds
plan limit 978
current timestep 927
num of flexible agents: 241
num of flexible tasks: 541
Solving time: 0.002432 seconds
plan limit 977
current timestep 928
num of flexible agents: 241
num of flexible tasks: 541
Solving time: 0.0020913 seconds
plan limit 978
current timestep 929
num of flexible agents: 244
num of flexible tasks: 544
Solving time: 0.0018989 seconds
plan limit 978
current timestep 930
num of flexible agents: 240
num of flexible tasks: 540
Solving time: 0.0021035 seconds
plan limit 978
current timestep 931
num of flexible agents: 241
num of flexible tasks: 541
Solving time: 0.0020642 seconds
plan limit 978
current timestep 932
num of flexible agents: 239
num of flexible tasks: 539
Solving time: 0.002159 seconds
plan limit 978
current timestep 933
num of flexible agents: 240
num of flexible tasks: 540
Solving time: 0.0020464 seconds
plan limit 978
current timestep 934
num of flexible agents: 243
num of flexible tasks: 543
Solving time: 0.0021355 seconds
plan limit 978
current timestep 935
num of flexible agents: 247
num of flexible tasks: 547
Solving time: 0.0019437 seconds
plan limit 978
current timestep 936
num of flexible agents: 241
num of flexible tasks: 541
Solving time: 0.0019972 seconds
plan limit 978
current timestep 937
num of flexible agents: 242
num of flexible tasks: 542
Solving time: 0.0021165 seconds
plan limit 978
current timestep 938
num of flexible agents: 241
num of flexible tasks: 541
Solving time: 0.0020629 seconds
plan limit 978
current timestep 939
num of flexible agents: 241
num of flexible tasks: 541
Solving time: 0.0019808 seconds
plan limit 978
current timestep 940
num of flexible agents: 248
num of flexible tasks: 548
Solving time: 0.0019001 seconds
plan limit 978
current timestep 941
num of flexible agents: 245
num of flexible tasks: 545
Solving time: 0.0021054 seconds
plan limit 978
current timestep 942
num of flexible agents: 240
num of flexible tasks: 540
Solving time: 0.0018735 seconds
plan limit 978
current timestep 943
num of flexible agents: 248
num of flexible tasks: 548
Solving time: 0.0021394 seconds
plan limit 978
current timestep 944
num of flexible agents: 244
num of flexible tasks: 544
Solving time: 0.001955 seconds
plan limit 978
current timestep 945
num of flexible agents: 244
num of flexible tasks: 544
Solving time: 0.0021484 seconds
plan limit 978
current timestep 946
num of flexible agents: 243
num of flexible tasks: 543
Solving time: 0.0019535 seconds
plan limit 978
current timestep 947
num of flexible agents: 243
num of flexible tasks: 543
Solving time: 0.0020044 seconds
plan limit 978
current timestep 948
num of flexible agents: 241
num of flexible tasks: 541
Solving time: 0.0019685 seconds
plan limit 978
current timestep 949
num of flexible agents: 241
num of flexible tasks: 541
Solving time: 0.001927 seconds
plan limit 978
current timestep 950
num of flexible agents: 242
num of flexible tasks: 542
Solving time: 0.0019649 seconds
plan limit 978
current timestep 951
num of flexible agents: 242
num of flexible tasks: 542
Solving time: 0.0020944 seconds
plan limit 978
current timestep 952
num of flexible agents: 245
num of flexible tasks: 545
Solving time: 0.0021845 seconds
plan limit 978
current timestep 953
num of flexible agents: 248
num of flexible tasks: 548
Solving time: 0.0020606 seconds
plan limit 978
current timestep 954
num of flexible agents: 249
num of flexible tasks: 549
Solving time: 0.0021107 seconds
plan limit 978
current timestep 955
num of flexible agents: 245
num of flexible tasks: 545
Solving time: 0.0021522 seconds
plan limit 978
current timestep 956
num of flexible agents: 246
num of flexible tasks: 546
Solving time: 0.0020279 seconds
plan limit 978
current timestep 957
num of flexible agents: 247
num of flexible tasks: 547
Solving time: 0.0020294 seconds
plan limit 978
current timestep 958
num of flexible agents: 243
num of flexible tasks: 543
Solving time: 0.0019485 seconds
plan limit 978
current timestep 959
num of flexible agents: 247
num of flexible tasks: 547
Solving time: 0.0020038 seconds
plan limit 978
current timestep 960
num of flexible agents: 242
num of flexible tasks: 542
Solving time: 0.0019786 seconds
plan limit 978
current timestep 961
num of flexible agents: 242
num of flexible tasks: 542
Solving time: 0.0020269 seconds
plan limit 978
current timestep 962
num of flexible agents: 239
num of flexible tasks: 539
Solving time: 0.0017781 seconds
plan limit 978
current timestep 963
num of flexible agents: 234
num of flexible tasks: 534
Solving time: 0.0019164 seconds
plan limit 978
current timestep 964
num of flexible agents: 233
num of flexible tasks: 533
Solving time: 0.0017696 seconds
plan limit 978
current timestep 965
num of flexible agents: 230
num of flexible tasks: 530
Solving time: 0.0018037 seconds
plan limit 978
current timestep 966
num of flexible agents: 222
num of flexible tasks: 522
Solving time: 0.0018853 seconds
plan limit 978
current timestep 967
num of flexible agents: 219
num of flexible tasks: 519
Solving time: 0.0017667 seconds
plan limit 978
current timestep 968
num of flexible agents: 216
num of flexible tasks: 516
Solving time: 0.0018279 seconds
plan limit 978
current timestep 969
num of flexible agents: 216
num of flexible tasks: 516
Solving time: 0.0017504 seconds
plan limit 978
current timestep 970
num of flexible agents: 204
num of flexible tasks: 504
Solving time: 0.0018091 seconds
plan limit 978
current timestep 971
num of flexible agents: 211
num of flexible tasks: 511
Solving time: 0.0019668 seconds
plan limit 978
current timestep 972
num of flexible agents: 205
num of flexible tasks: 505
Solving time: 0.0020069 seconds
plan limit 978
current timestep 973
num of flexible agents: 207
num of flexible tasks: 507
Solving time: 0.0017916 seconds
plan limit 978
current timestep 974
num of flexible agents: 204
num of flexible tasks: 504
Solving time: 0.0017685 seconds
plan limit 978
current timestep 975
num of flexible agents: 208
num of flexible tasks: 508
Solving time: 0.0018291 seconds
plan limit 978
current timestep 976
num of flexible agents: 205
num of flexible tasks: 505
Solving time: 0.001894 seconds
plan limit 978
current timestep 977
num of flexible agents: 209
num of flexible tasks: 509
Solving time: 0.001718 seconds
plan limit 978
current timestep 978
num of flexible agents: 210
num of flexible tasks: 510
Solving time: 0.0019515 seconds
plan limit 978
current timestep 979
num of flexible agents: 212
num of flexible tasks: 512
Solving time: 0.0019838 seconds
plan limit 978
current timestep 980
num of flexible agents: 208
num of flexible tasks: 508
Solving time: 0.0019124 seconds
plan limit 978
current timestep 981
num of flexible agents: 208
num of flexible tasks: 508
Solving time: 0.0018251 seconds
plan limit 978
current timestep 982
num of flexible agents: 212
num of flexible tasks: 512
Solving time: 0.0020332 seconds
plan limit 978
current timestep 983
num of flexible agents: 211
num of flexible tasks: 511
Solving time: 0.0019901 seconds
plan limit 978
current timestep 984
num of flexible agents: 210
num of flexible tasks: 510
Solving time: 0.0018184 seconds
plan limit 978
current timestep 985
num of flexible agents: 212
num of flexible tasks: 512
Solving time: 0.0019525 seconds
plan limit 978
current timestep 986
num of flexible agents: 210
num of flexible tasks: 510
Solving time: 0.0018517 seconds
plan limit 978
current timestep 987
num of flexible agents: 208
num of flexible tasks: 508
Solving time: 0.00202 seconds
plan limit 978
current timestep 988
num of flexible agents: 218
num of flexible tasks: 518
Solving time: 0.0019627 seconds
plan limit 978
current timestep 989
num of flexible agents: 220
num of flexible tasks: 520
Solving time: 0.0023837 seconds
plan limit 977
current timestep 990
num of flexible agents: 223
num of flexible tasks: 523
Solving time: 0.002094 seconds
plan limit 978
current timestep 991
num of flexible agents: 224
num of flexible tasks: 524
Solving time: 0.0021722 seconds
plan limit 978
current timestep 992
num of flexible agents: 224
num of flexible tasks: 524
Solving time: 0.0021549 seconds
plan limit 978
current timestep 993
num of flexible agents: 222
num of flexible tasks: 522
Solving time: 0.0019634 seconds
plan limit 978
current timestep 994
num of flexible agents: 219
num of flexible tasks: 519
Solving time: 0.0019544 seconds
plan limit 978
current timestep 995
num of flexible agents: 220
num of flexible tasks: 520
Solving time: 0.0020617 seconds
plan limit 978
current timestep 996
num of flexible agents: 223
num of flexible tasks: 523
Solving time: 0.0018614 seconds
plan limit 978
current timestep 997
num of flexible agents: 225
num of flexible tasks: 525
Solving time: 0.0019635 seconds
plan limit 978
current timestep 998
num of flexible agents: 223
num of flexible tasks: 523
Solving time: 0.0021451 seconds
plan limit 978
current timestep 999
num of flexible agents: 226
num of flexible tasks: 526
Solving time: 0.0019043 seconds
plan limit 978
Running w600_taskmatcher-k50_t1000_trial1
current timestep 0
plan limit 912
current timestep 1
plan limit 937
current timestep 2
plan limit 938
current timestep 3
plan limit 945
current timestep 4
plan limit 952
current timestep 5
plan limit 956
current timestep 6
plan limit 958
current timestep 7
plan limit 961
current timestep 8
plan limit 964
current timestep 9
plan limit 965
current timestep 10
plan limit 967
current timestep 11
plan limit 967
current timestep 12
plan limit 969
current timestep 13
plan limit 970
current timestep 14
plan limit 971
current timestep 15
plan limit 972
current timestep 16
plan limit 972
current timestep 17
plan limit 972
current timestep 18
plan limit 972
current timestep 19
plan limit 973
current timestep 20
plan limit 973
current timestep 21
plan limit 973
current timestep 22
plan limit 973
current timestep 23
plan limit 973
current timestep 24
plan limit 973
current timestep 25
plan limit 973
current timestep 26
plan limit 973
current timestep 27
plan limit 972
current timestep 28
plan limit 972
current timestep 29
plan limit 972
current timestep 30
plan limit 971
current timestep 31
plan limit 971
current timestep 32
plan limit 970
current timestep 33
plan limit 970
current timestep 34
plan limit 969
current timestep 35
plan limit 968
current timestep 36
plan limit 968
current timestep 37
plan limit 966
current timestep 38
plan limit 966
current timestep 39
plan limit 965
current timestep 40
plan limit 965
current timestep 41
plan limit 965
current timestep 42
plan limit 963
current timestep 43
plan limit 963
current timestep 44
plan limit 963
current timestep 45
plan limit 962
current timestep 46
plan limit 958
current timestep 47
plan limit 963
current timestep 48
plan limit 962
current timestep 49
plan limit 962
current timestep 50
plan limit 962
current timestep 51
plan limit 961
current timestep 52
plan limit 962
current timestep 53
plan limit 962
current timestep 54
plan limit 961
current timestep 55
plan limit 959
current timestep 56
plan limit 962
current timestep 57
plan limit 961
current timestep 58
plan limit 962
current timestep 59
plan limit 961
current timestep 60
plan limit 962
current timestep 61
plan limit 962
current timestep 62
plan limit 961
current timestep 63
plan limit 962
current timestep 64
plan limit 962
current timestep 65
plan limit 961
current timestep 66
plan limit 961
current timestep 67
plan limit 959
current timestep 68
plan limit 960
current timestep 69
plan limit 961
current timestep 70
plan limit 961
current timestep 71
plan limit 961
current timestep 72
plan limit 960
current timestep 73
plan limit 960
current timestep 74
plan limit 959
current timestep 75
plan limit 959
current timestep 76
plan limit 960
current timestep 77
plan limit 958
current timestep 78
plan limit 959
current timestep 79
plan limit 959
current timestep 80
plan limit 959
current timestep 81
plan limit 957
current timestep 82
plan limit 959
current timestep 83
plan limit 960
current timestep 84
plan limit 958
current timestep 85
plan limit 959
current timestep 86
plan limit 946
current timestep 87
plan limit 960
current timestep 88
plan limit 960
current timestep 89
plan limit 960
current timestep 90
plan limit 961
current timestep 91
plan limit 961
current timestep 92
plan limit 955
current timestep 93
plan limit 958
current timestep 94
plan limit 958
current timestep 95
plan limit 959
current timestep 96
plan limit 958
current timestep 97
plan limit 959
current timestep 98
plan limit 959
current timestep 99
plan limit 960
current timestep 100
plan limit 958
current timestep 101
plan limit 959
current timestep 102
plan limit 960
current timestep 103
plan limit 959
current timestep 104
plan limit 958
current timestep 105
plan limit 958
current timestep 106
plan limit 959
current timestep 107
plan limit 958
current timestep 108
plan limit 959
current timestep 109
plan limit 958
current timestep 110
plan limit 957
current timestep 111
plan limit 956
current timestep 112
plan limit 956
current timestep 113
plan limit 956
current timestep 114
plan limit 954
current timestep 115
plan limit 953
current timestep 116
plan limit 955
current timestep 117
plan limit 954
current timestep 118
plan limit 956
current timestep 119
plan limit 955
current timestep 120
plan limit 952
current timestep 121
plan limit 955
current timestep 122
plan limit 955
current timestep 123
plan limit 954
current timestep 124
plan limit 954
current timestep 125
plan limit 954
current timestep 126
plan limit 954
current timestep 127
plan limit 954
current timestep 128
plan limit 953
current timestep 129
plan limit 952
current timestep 130
plan limit 954
current timestep 131
plan limit 953
current timestep 132
plan limit 955
current timestep 133
plan limit 953
current timestep 134
plan limit 952
current timestep 135
plan limit 950
current timestep 136
plan limit 954
current timestep 137
plan limit 954
current timestep 138
plan limit 954
current timestep 139
plan limit 952
current timestep 140
plan limit 953
current timestep 141
plan limit 953
current timestep 142
plan limit 954
current timestep 143
plan limit 953
current timestep 144
plan limit 953
current timestep 145
plan limit 954
current timestep 146
plan limit 952
current timestep 147
plan limit 953
current timestep 148
plan limit 951
current timestep 149
plan limit 953
current timestep 150
plan limit 952
current timestep 151
plan limit 952
current timestep 152
plan limit 951
current timestep 153
plan limit 951
current timestep 154
plan limit 952
current timestep 155
plan limit 931
current timestep 156
plan limit 953
current timestep 157
plan limit 952
current timestep 158
plan limit 952
current timestep 159
plan limit 951
current timestep 160
plan limit 953
current timestep 161
plan limit 950
current timestep 162
plan limit 951
current timestep 163
plan limit 951
current timestep 164
plan limit 949
current timestep 165
plan limit 950
current timestep 166
plan limit 950
current timestep 167
plan limit 951
current timestep 168
plan limit 950
current timestep 169
plan limit 950
current timestep 170
plan limit 947
current timestep 171
plan limit 949
current timestep 172
plan limit 942
current timestep 173
plan limit 948
current timestep 174
plan limit 947
current timestep 175
plan limit 948
current timestep 176
plan limit 948
current timestep 177
plan limit 948
current timestep 178
plan limit 950
current timestep 179
plan limit 950
current timestep 180
plan limit 950
current timestep 181
plan limit 949
current timestep 182
plan limit 948
current timestep 183
plan limit 949
current timestep 184
plan limit 951
current timestep 185
plan limit 952
current timestep 186
plan limit 950
current timestep 187
plan limit 951
current timestep 188
plan limit 952
current timestep 189
plan limit 950
current timestep 190
plan limit 947
current timestep 191
plan limit 951
current timestep 192
plan limit 949
current timestep 193
plan limit 950
current timestep 194
plan limit 951
current timestep 195
plan limit 951
current timestep 196
plan limit 950
current timestep 197
plan limit 950
current timestep 198
plan limit 949
current timestep 199
plan limit 953
current timestep 200
plan limit 951
current timestep 201
plan limit 950
current timestep 202
plan limit 952
current timestep 203
plan limit 952
current timestep 204
plan limit 952
current timestep 205
plan limit 952
current timestep 206
plan limit 953
current timestep 207
plan limit 950
current timestep 208
plan limit 953
current timestep 209
plan limit 953
current timestep 210
plan limit 954
current timestep 211
plan limit 951
current timestep 212
plan limit 952
current timestep 213
plan limit 951
current timestep 214
plan limit 952
current timestep 215
plan limit 952
current timestep 216
plan limit 949
current timestep 217
plan limit 953
current timestep 218
plan limit 951
current timestep 219
plan limit 951
current timestep 220
plan limit 951
current timestep 221
plan limit 952
current timestep 222
plan limit 951
current timestep 223
plan limit 951
current timestep 224
plan limit 939
current timestep 225
plan limit 946
current timestep 226
plan limit 948
current timestep 227
plan limit 949
current timestep 228
plan limit 948
current timestep 229
plan limit 948
current timestep 230
plan limit 948
current timestep 231
plan limit 947
current timestep 232
plan limit 950
current timestep 233
plan limit 949
current timestep 234
plan limit 951
current timestep 235
plan limit 951
current timestep 236
plan limit 950
current timestep 237
plan limit 949
current timestep 238
plan limit 950
current timestep 239
plan limit 949
current timestep 240
plan limit 951
current timestep 241
plan limit 951
current timestep 242
plan limit 950
current timestep 243
plan limit 951
current timestep 244
plan limit 950
current timestep 245
plan limit 949
current timestep 246
plan limit 950
current timestep 247
plan limit 950
current timestep 248
plan limit 948
current timestep 249
plan limit 949
current timestep 250
plan limit 948
current timestep 251
plan limit 949
current timestep 252
plan limit 949
current timestep 253
plan limit 949
current timestep 254
plan limit 950
current timestep 255
plan limit 949
current timestep 256
plan limit 951
current timestep 257
plan limit 951
current timestep 258
plan limit 952
current timestep 259
plan limit 952
current timestep 260
plan limit 952
current timestep 261
plan limit 950
current timestep 262
plan limit 950
current timestep 263
plan limit 916
current timestep 264
plan limit 952
current timestep 265
plan limit 950
current timestep 266
plan limit 952
current timestep 267
plan limit 953
current timestep 268
plan limit 952
current timestep 269
plan limit 951
current timestep 270
plan limit 952
current timestep 271
plan limit 949
current timestep 272
plan limit 951
current timestep 273
plan limit 952
current timestep 274
plan limit 954
current timestep 275
plan limit 952
current timestep 276
plan limit 950
current timestep 277
plan limit 952
current timestep 278
plan limit 952
current timestep 279
plan limit 950
current timestep 280
plan limit 953
current timestep 281
plan limit 952
current timestep 282
plan limit 953
current timestep 283
plan limit 952
current timestep 284
plan limit 953
current timestep 285
plan limit 952
current timestep 286
plan limit 952
current timestep 287
plan limit 952
current timestep 288
plan limit 952
current timestep 289
plan limit 952
current timestep 290
plan limit 951
current timestep 291
plan limit 951
current timestep 292
plan limit 950
current timestep 293
plan limit 953
current timestep 294
plan limit 952
current timestep 295
plan limit 953
current timestep 296
plan limit 953
current timestep 297
plan limit 955
current timestep 298
plan limit 955
current timestep 299
plan limit 954
current timestep 300
plan limit 954
current timestep 301
plan limit 954
current timestep 302
plan limit 955
current timestep 303
plan limit 954
current timestep 304
plan limit 955
current timestep 305
plan limit 953
current timestep 306
plan limit 952
current timestep 307
plan limit 953
current timestep 308
plan limit 954
current timestep 309
plan limit 952
current timestep 310
plan limit 951
current timestep 311
plan limit 949
current timestep 312
plan limit 951
current timestep 313
plan limit 950
current timestep 314
plan limit 949
current timestep 315
plan limit 950
current timestep 316
plan limit 950
current timestep 317
plan limit 951
current timestep 318
plan limit 952
current timestep 319
plan limit 952
current timestep 320
plan limit 949
current timestep 321
plan limit 949
current timestep 322
plan limit 951
current timestep 323
plan limit 950
current timestep 324
plan limit 951
current timestep 325
plan limit 950
current timestep 326
plan limit 951
current timestep 327
plan limit 948
current timestep 328
plan limit 949
current timestep 329
plan limit 947
current timestep 330
plan limit 950
current timestep 331
plan limit 949
current timestep 332
plan limit 950
current timestep 333
plan limit 950
current timestep 334
plan limit 951
current timestep 335
plan limit 948
current timestep 336
plan limit 948
current timestep 337
plan limit 950
current timestep 338
plan limit 949
current timestep 339
plan limit 949
current timestep 340
plan limit 947
current timestep 341
plan limit 941
current timestep 342
plan limit 947
current timestep 343
plan limit 949
current timestep 344
plan limit 949
current timestep 345
plan limit 951
current timestep 346
plan limit 950
current timestep 347
plan limit 949
current timestep 348
plan limit 948
current timestep 349
plan limit 949
current timestep 350
plan limit 951
current timestep 351
plan limit 950
current timestep 352
plan limit 949
current timestep 353
plan limit 949
current timestep 354
plan limit 947
current timestep 355
plan limit 942
current timestep 356
plan limit 949
current timestep 357
plan limit 948
current timestep 358
plan limit 949
current timestep 359
plan limit 946
current timestep 360
plan limit 947
current timestep 361
plan limit 946
current timestep 362
plan limit 945
current timestep 363
plan limit 945
current timestep 364
plan limit 945
current timestep 365
plan limit 945
current timestep 366
plan limit 944
current timestep 367
plan limit 945
current timestep 368
plan limit 945
current timestep 369
plan limit 944
current timestep 370
plan limit 943
current timestep 371
plan limit 947
current timestep 372
plan limit 946
current timestep 373
plan limit 948
current timestep 374
plan limit 947
current timestep 375
plan limit 949
current timestep 376
plan limit 950
current timestep 377
plan limit 951
current timestep 378
plan limit 951
current timestep 379
plan limit 949
current timestep 380
plan limit 949
current timestep 381
plan limit 950
current timestep 382
plan limit 950
current timestep 383
plan limit 949
current timestep 384
plan limit 944
current timestep 385
plan limit 951
current timestep 386
plan limit 950
current timestep 387
plan limit 951
current timestep 388
plan limit 950
current timestep 389
plan limit 949
current timestep 390
plan limit 949
current timestep 391
plan limit 949
current timestep 392
plan limit 950
current timestep 393
plan limit 952
current timestep 394
plan limit 951
current timestep 395
plan limit 953
current timestep 396
plan limit 953
current timestep 397
plan limit 952
current timestep 398
plan limit 953
current timestep 399
plan limit 954
current timestep 400
plan limit 955
current timestep 401
plan limit 954
current timestep 402
plan limit 953
current timestep 403
plan limit 954
current timestep 404
plan limit 953
current timestep 405
plan limit 952
current timestep 406
plan limit 955
current timestep 407
plan limit 952
current timestep 408
plan limit 951
current timestep 409
plan limit 949
current timestep 410
plan limit 951
current timestep 411
plan limit 952
current timestep 412
plan limit 950
current timestep 413
plan limit 952
current timestep 414
plan limit 952
current timestep 415
plan limit 951
current timestep 416
plan limit 950
current timestep 417
plan limit 951
current timestep 418
plan limit 949
current timestep 419
plan limit 951
current timestep 420
plan limit 950
current timestep 421
plan limit 953
current timestep 422
plan limit 950
current timestep 423
plan limit 949
current timestep 424
plan limit 950
current timestep 425
plan limit 951
current timestep 426
plan limit 949
current timestep 427
plan limit 949
current timestep 428
plan limit 950
current timestep 429
plan limit 949
current timestep 430
plan limit 950
current timestep 431
plan limit 951
current timestep 432
plan limit 949
current timestep 433
plan limit 947
current timestep 434
plan limit 949
current timestep 435
plan limit 945
current timestep 436
plan limit 950
current timestep 437
plan limit 950
current timestep 438
plan limit 951
current timestep 439
plan limit 951
current timestep 440
plan limit 951
current timestep 441
plan limit 953
current timestep 442
plan limit 952
current timestep 443
plan limit 956
current timestep 444
plan limit 956
current timestep 445
plan limit 957
current timestep 446
plan limit 955
current timestep 447
plan limit 953
current timestep 448
plan limit 955
current timestep 449
plan limit 955
current timestep 450
plan limit 954
current timestep 451
plan limit 952
current timestep 452
plan limit 953
current timestep 453
plan limit 953
current timestep 454
plan limit 952
current timestep 455
plan limit 952
current timestep 456
plan limit 949
current timestep 457
plan limit 948
current timestep 458
plan limit 947
current timestep 459
plan limit 949
current timestep 460
plan limit 947
current timestep 461
plan limit 947
current timestep 462
plan limit 949
current timestep 463
plan limit 949
current timestep 464
plan limit 944
current timestep 465
plan limit 948
current timestep 466
plan limit 944
current timestep 467
plan limit 948
current timestep 468
plan limit 947
current timestep 469
plan limit 948
current timestep 470
plan limit 947
current timestep 471
plan limit 947
current timestep 472
plan limit 948
current timestep 473
plan limit 950
current timestep 474
plan limit 951
current timestep 475
plan limit 953
current timestep 476
plan limit 952
current timestep 477
plan limit 950
current timestep 478
plan limit 947
current timestep 479
plan limit 943
current timestep 480
plan limit 951
current timestep 481
plan limit 947
current timestep 482
plan limit 946
current timestep 483
plan limit 950
current timestep 484
plan limit 951
current timestep 485
plan limit 951
current timestep 486
plan limit 950
current timestep 487
plan limit 951
current timestep 488
plan limit 950
current timestep 489
plan limit 952
current timestep 490
plan limit 949
current timestep 491
plan limit 952
current timestep 492
plan limit 952
current timestep 493
plan limit 953
current timestep 494
plan limit 952
current timestep 495
plan limit 949
current timestep 496
plan limit 950
current timestep 497
plan limit 952
current timestep 498
plan limit 952
current timestep 499
plan limit 952
current timestep 500
plan limit 951
current timestep 501
plan limit 955
current timestep 502
plan limit 954
current timestep 503
plan limit 955
current timestep 504
plan limit 954
current timestep 505
plan limit 953
current timestep 506
plan limit 953
current timestep 507
plan limit 954
current timestep 508
plan limit 954
current timestep 509
plan limit 954
current timestep 510
plan limit 954
current timestep 511
plan limit 949
current timestep 512
plan limit 953
current timestep 513
plan limit 952
current timestep 514
plan limit 953
current timestep 515
plan limit 952
current timestep 516
plan limit 949
current timestep 517
plan limit 948
current timestep 518
plan limit 948
current timestep 519
plan limit 947
current timestep 520
plan limit 945
current timestep 521
plan limit 948
current timestep 522
plan limit 945
current timestep 523
plan limit 946
current timestep 524
plan limit 946
current timestep 525
plan limit 944
current timestep 526
plan limit 945
current timestep 527
plan limit 940
current timestep 528
plan limit 946
current timestep 529
plan limit 946
current timestep 530
plan limit 946
current timestep 531
plan limit 946
current timestep 532
plan limit 943
current timestep 533
plan limit 948
current timestep 534
plan limit 943
current timestep 535
plan limit 945
current timestep 536
plan limit 946
current timestep 537
plan limit 947
current timestep 538
plan limit 940
current timestep 539
plan limit 947
current timestep 540
plan limit 946
current timestep 541
plan limit 947
current timestep 542
plan limit 947
current timestep 543
plan limit 936
current timestep 544
plan limit 943
current timestep 545
plan limit 950
current timestep 546
plan limit 950
current timestep 547
plan limit 950
current timestep 548
plan limit 949
current timestep 549
plan limit 949
current timestep 550
plan limit 947
current timestep 551
plan limit 949
current timestep 552
plan limit 951
current timestep 553
plan limit 948
current timestep 554
plan limit 951
current timestep 555
plan limit 946
current timestep 556
plan limit 950
current timestep 557
plan limit 950
current timestep 558
plan limit 948
current timestep 559
plan limit 949
current timestep 560
plan limit 947
current timestep 561
plan limit 947
current timestep 562
plan limit 946
current timestep 563
plan limit 947
current timestep 564
plan limit 947
current timestep 565
plan limit 939
current timestep 566
plan limit 943
current timestep 567
plan limit 944
current timestep 568
plan limit 941
current timestep 569
plan limit 944
current timestep 570
plan limit 947
current timestep 571
plan limit 945
current timestep 572
plan limit 948
current timestep 573
plan limit 946
current timestep 574
plan limit 947
current timestep 575
plan limit 945
current timestep 576
plan limit 945
current timestep 577
plan limit 943
current timestep 578
plan limit 945
current timestep 579
plan limit 942
current timestep 580
plan limit 943
current timestep 581
plan limit 945
current timestep 582
plan limit 945
current timestep 583
plan limit 943
current timestep 584
plan limit 948
current timestep 585
plan limit 949
current timestep 586
plan limit 949
current timestep 587
plan limit 949
current timestep 588
plan limit 947
current timestep 589
plan limit 949
current timestep 590
plan limit 947
current timestep 591
plan limit 947
current timestep 592
plan limit 946
current timestep 593
plan limit 945
current timestep 594
plan limit 945
current timestep 595
plan limit 946
current timestep 596
plan limit 947
current timestep 597
plan limit 947
current timestep 598
plan limit 948
current timestep 599
plan limit 947
current timestep 600
plan limit 946
current timestep 601
plan limit 946
current timestep 602
plan limit 947
current timestep 603
plan limit 947
current timestep 604
plan limit 945
current timestep 605
plan limit 949
current timestep 606
plan limit 951
current timestep 607
plan limit 950
current timestep 608
plan limit 949
current timestep 609
plan limit 948
current timestep 610
plan limit 948
current timestep 611
plan limit 948
current timestep 612
plan limit 946
current timestep 613
plan limit 948
current timestep 614
plan limit 945
current timestep 615
plan limit 949
current timestep 616
plan limit 948
current timestep 617
plan limit 945
current timestep 618
plan limit 946
current timestep 619
plan limit 947
current timestep 620
plan limit 947
current timestep 621
plan limit 948
current timestep 622
plan limit 949
current timestep 623
plan limit 948
current timestep 624
plan limit 948
current timestep 625
plan limit 947
current timestep 626
plan limit 945
current timestep 627
plan limit 945
current timestep 628
plan limit 947
current timestep 629
plan limit 945
current timestep 630
plan limit 939
current timestep 631
plan limit 943
current timestep 632
plan limit 950
current timestep 633
plan limit 950
current timestep 634
plan limit 950
current timestep 635
plan limit 950
current timestep 636
plan limit 951
current timestep 637
plan limit 952
current timestep 638
plan limit 951
current timestep 639
plan limit 952
current timestep 640
plan limit 948
current timestep 641
plan limit 950
current timestep 642
plan limit 952
current timestep 643
plan limit 952
current timestep 644
plan limit 951
current timestep 645
plan limit 952
current timestep 646
plan limit 952
current timestep 647
plan limit 951
current timestep 648
plan limit 953
current timestep 649
plan limit 951
current timestep 650
plan limit 952
current timestep 651
plan limit 951
current timestep 652
plan limit 951
current timestep 653
plan limit 950
current timestep 654
plan limit 949
current timestep 655
plan limit 950
current timestep 656
plan limit 949
current timestep 657
plan limit 948
current timestep 658
plan limit 950
current timestep 659
plan limit 950
current timestep 660
plan limit 951
current timestep 661
plan limit 950
current timestep 662
plan limit 950
current timestep 663
plan limit 953
current timestep 664
plan limit 953
current timestep 665
plan limit 953
current timestep 666
plan limit 952
current timestep 667
plan limit 952
current timestep 668
plan limit 951
current timestep 669
plan limit 951
current timestep 670
plan limit 950
current timestep 671
plan limit 950
current timestep 672
plan limit 952
current timestep 673
plan limit 952
current timestep 674
plan limit 953
current timestep 675
plan limit 950
current timestep 676
plan limit 952
current timestep 677
plan limit 950
current timestep 678
plan limit 950
current timestep 679
plan limit 951
current timestep 680
plan limit 948
current timestep 681
plan limit 950
current timestep 682
plan limit 951
current timestep 683
plan limit 951
current timestep 684
plan limit 950
current timestep 685
plan limit 951
current timestep 686
plan limit 948
current timestep 687
plan limit 950
current timestep 688
plan limit 950
current timestep 689
plan limit 948
current timestep 690
plan limit 947
current timestep 691
plan limit 947
current timestep 692
plan limit 948
current timestep 693
plan limit 947
current timestep 694
plan limit 949
current timestep 695
plan limit 948
current timestep 696
plan limit 949
current timestep 697
plan limit 945
current timestep 698
plan limit 948
current timestep 699
plan limit 947
current timestep 700
plan limit 927
current timestep 701
plan limit 948
current timestep 702
plan limit 945
current timestep 703
plan limit 946
current timestep 704
plan limit 946
current timestep 705
plan limit 949
current timestep 706
plan limit 948
current timestep 707
plan limit 947
current timestep 708
plan limit 947
current timestep 709
plan limit 945
current timestep 710
plan limit 943
current timestep 711
plan limit 945
current timestep 712
plan limit 938
current timestep 713
plan limit 945
current timestep 714
plan limit 944
current timestep 715
plan limit 946
current timestep 716
plan limit 945
current timestep 717
plan limit 947
current timestep 718
plan limit 944
current timestep 719
plan limit 944
current timestep 720
plan limit 946
current timestep 721
plan limit 944
current timestep 722
plan limit 944
current timestep 723
plan limit 947
current timestep 724
plan limit 947
current timestep 725
plan limit 947
current timestep 726
plan limit 946
current timestep 727
plan limit 948
current timestep 728
plan limit 947
current timestep 729
plan limit 949
current timestep 730
plan limit 948
current timestep 731
plan limit 948
current timestep 732
plan limit 948
current timestep 733
plan limit 947
current timestep 734
plan limit 947
current timestep 735
plan limit 947
current timestep 736
plan limit 948
current timestep 737
plan limit 948
current timestep 738
plan limit 948
current timestep 739
plan limit 949
current timestep 740
plan limit 950
current timestep 741
plan limit 950
current timestep 742
plan limit 950
current timestep 743
plan limit 950
current timestep 744
plan limit 948
current timestep 745
plan limit 951
current timestep 746
plan limit 949
current timestep 747
plan limit 949
current timestep 748
plan limit 949
current timestep 749
plan limit 951
current timestep 750
plan limit 948
current timestep 751
plan limit 927
current timestep 752
plan limit 949
current timestep 753
plan limit 950
current timestep 754
plan limit 947
current timestep 755
plan limit 951
current timestep 756
plan limit 951
current timestep 757
plan limit 951
current timestep 758
plan limit 952
current timestep 759
plan limit 951
current timestep 760
plan limit 951
current timestep 761
plan limit 950
current timestep 762
plan limit 950
current timestep 763
plan limit 950
current timestep 764
plan limit 950
current timestep 765
plan limit 951
current timestep 766
plan limit 953
current timestep 767
plan limit 951
current timestep 768
plan limit 951
current timestep 769
plan limit 950
current timestep 770
plan limit 950
current timestep 771
plan limit 949
current timestep 772
plan limit 949
current timestep 773
plan limit 951
current timestep 774
plan limit 948
current timestep 775
plan limit 950
current timestep 776
plan limit 944
current timestep 777
plan limit 949
current timestep 778
plan limit 946
current timestep 779
plan limit 947
current timestep 780
plan limit 948
current timestep 781
plan limit 946
current timestep 782
plan limit 949
current timestep 783
plan limit 949
current timestep 784
plan limit 949
current timestep 785
plan limit 949
current timestep 786
plan limit 947
current timestep 787
plan limit 947
current timestep 788
plan limit 950
current timestep 789
plan limit 950
current timestep 790
plan limit 950
current timestep 791
plan limit 950
current timestep 792
plan limit 949
current timestep 793
plan limit 950
current timestep 794
plan limit 951
current timestep 795
plan limit 951
current timestep 796
plan limit 947
current timestep 797
plan limit 947
current timestep 798
plan limit 947
current timestep 799
plan limit 950
current timestep 800
plan limit 948
current timestep 801
plan limit 948
current timestep 802
plan limit 947
current timestep 803
plan limit 949
current timestep 804
plan limit 947
current timestep 805
plan limit 945
current timestep 806
plan limit 946
current timestep 807
plan limit 946
current timestep 808
plan limit 947
current timestep 809
plan limit 945
current timestep 810
plan limit 946
current timestep 811
plan limit 944
current timestep 812
plan limit 947
current timestep 813
plan limit 945
current timestep 814
plan limit 946
current timestep 815
plan limit 946
current timestep 816
plan limit 944
current timestep 817
plan limit 949
current timestep 818
plan limit 946
current timestep 819
plan limit 947
current timestep 820
plan limit 948
current timestep 821
plan limit 941
current timestep 822
plan limit 948
current timestep 823
plan limit 948
current timestep 824
plan limit 948
current timestep 825
plan limit 949
current timestep 826
plan limit 949
current timestep 827
plan limit 949
current timestep 828
plan limit 950
current timestep 829
plan limit 950
current timestep 830
plan limit 951
current timestep 831
plan limit 950
current timestep 832
plan limit 952
current timestep 833
plan limit 950
current timestep 834
plan limit 952
current timestep 835
plan limit 952
current timestep 836
plan limit 953
current timestep 837
plan limit 953
current timestep 838
plan limit 953
current timestep 839
plan limit 952
current timestep 840
plan limit 952
current timestep 841
plan limit 953
current timestep 842
plan limit 952
current timestep 843
plan limit 953
current timestep 844
plan limit 953
current timestep 845
plan limit 954
current timestep 846
plan limit 951
current timestep 847
plan limit 954
current timestep 848
plan limit 953
current timestep 849
plan limit 954
current timestep 850
plan limit 953
current timestep 851
plan limit 954
current timestep 852
plan limit 953
current timestep 853
plan limit 952
current timestep 854
plan limit 952
current timestep 855
plan limit 952
current timestep 856
plan limit 952
current timestep 857
plan limit 951
current timestep 858
plan limit 952
current timestep 859
plan limit 949
current timestep 860
plan limit 953
current timestep 861
plan limit 953
current timestep 862
plan limit 952
current timestep 863
plan limit 952
current timestep 864
plan limit 947
current timestep 865
plan limit 950
current timestep 866
plan limit 950
current timestep 867
plan limit 951
current timestep 868
plan limit 949
current timestep 869
plan limit 948
current timestep 870
plan limit 950
current timestep 871
plan limit 952
current timestep 872
plan limit 944
current timestep 873
plan limit 952
current timestep 874
plan limit 950
current timestep 875
plan limit 951
current timestep 876
plan limit 951
current timestep 877
plan limit 951
current timestep 878
plan limit 950
current timestep 879
plan limit 950
current timestep 880
plan limit 948
current timestep 881
plan limit 946
current timestep 882
plan limit 948
current timestep 883
plan limit 949
current timestep 884
plan limit 950
current timestep 885
plan limit 947
current timestep 886
plan limit 948
current timestep 887
plan limit 949
current timestep 888
plan limit 946
current timestep 889
plan limit 947
current timestep 890
plan limit 949
current timestep 891
plan limit 947
current timestep 892
plan limit 946
current timestep 893
plan limit 948
current timestep 894
plan limit 950
current timestep 895
plan limit 950
current timestep 896
plan limit 952
current timestep 897
plan limit 951
current timestep 898
plan limit 950
current timestep 899
plan limit 949
current timestep 900
plan limit 950
current timestep 901
plan limit 951
current timestep 902
plan limit 951
current timestep 903
plan limit 952
current timestep 904
plan limit 952
current timestep 905
plan limit 951
current timestep 906
plan limit 950
current timestep 907
plan limit 947
current timestep 908
plan limit 948
current timestep 909
plan limit 944
current timestep 910
plan limit 949
current timestep 911
plan limit 948
current timestep 912
plan limit 946
current timestep 913
plan limit 946
current timestep 914
plan limit 947
current timestep 915
plan limit 946
current timestep 916
plan limit 947
current timestep 917
plan limit 947
current timestep 918
plan limit 944
current timestep 919
plan limit 948
current timestep 920
plan limit 948
current timestep 921
plan limit 946
current timestep 922
plan limit 944
current timestep 923
plan limit 947
current timestep 924
plan limit 948
current timestep 925
plan limit 947
current timestep 926
plan limit 949
current timestep 927
plan limit 946
current timestep 928
plan limit 938
current timestep 929
plan limit 942
current timestep 930
plan limit 947
current timestep 931
plan limit 947
current timestep 932
plan limit 947
current timestep 933
plan limit 945
current timestep 934
plan limit 948
current timestep 935
plan limit 946
current timestep 936
plan limit 947
current timestep 937
plan limit 944
current timestep 938
plan limit 944
current timestep 939
plan limit 946
current timestep 940
plan limit 947
current timestep 941
plan limit 945
current timestep 942
plan limit 946
current timestep 943
plan limit 945
current timestep 944
plan limit 948
current timestep 945
plan limit 948
current timestep 946
plan limit 948
current timestep 947
plan limit 946
current timestep 948
plan limit 948
current timestep 949
plan limit 949
current timestep 950
plan limit 947
current timestep 951
plan limit 947
current timestep 952
plan limit 947
current timestep 953
plan limit 949
current timestep 954
plan limit 948
current timestep 955
plan limit 947
current timestep 956
plan limit 948
current timestep 957
plan limit 948
current timestep 958
plan limit 948
current timestep 959
plan limit 950
current timestep 960
plan limit 950
current timestep 961
plan limit 951
current timestep 962
plan limit 949
current timestep 963
plan limit 951
current timestep 964
plan limit 947
current timestep 965
plan limit 949
current timestep 966
plan limit 951
current timestep 967
plan limit 951
current timestep 968
plan limit 949
current timestep 969
plan limit 950
current timestep 970
plan limit 947
current timestep 971
plan limit 950
current timestep 972
plan limit 949
current timestep 973
plan limit 950
current timestep 974
plan limit 948
current timestep 975
plan limit 949
current timestep 976
plan limit 951
current timestep 977
plan limit 951
current timestep 978
plan limit 950
current timestep 979
plan limit 951
current timestep 980
plan limit 952
current timestep 981
plan limit 952
current timestep 982
plan limit 952
current timestep 983
plan limit 952
current timestep 984
plan limit 952
current timestep 985
plan limit 953
current timestep 986
plan limit 951
current timestep 987
plan limit 951
current timestep 988
plan limit 952
current timestep 989
plan limit 950
current timestep 990
plan limit 950
current timestep 991
plan limit 951
current timestep 992
plan limit 950
current timestep 993
plan limit 952
current timestep 994
plan limit 951
current timestep 995
plan limit 951
current timestep 996
plan limit 951
current timestep 997
plan limit 952
current timestep 998
plan limit 949
current timestep 999
plan limit 951
Running w600_flow-traffic_t1000_trial2
current timestep 0
num of flexible agents: 600
num of flexible tasks: 900
Solving time: 0.0020352 seconds
plan limit 978
current timestep 1
num of flexible agents: 564
num of flexible tasks: 864
Solving time: 0.0019044 seconds
plan limit 978
current timestep 2
num of flexible agents: 530
num of flexible tasks: 830
Solving time: 0.0017239 seconds
plan limit 978
current timestep 3
num of flexible agents: 493
num of flexible tasks: 793
Solving time: 0.0015835 seconds
plan limit 978
current timestep 4
num of flexible agents: 456
num of flexible tasks: 756
Solving time: 0.0014301 seconds
plan limit 979
current timestep 5
num of flexible agents: 424
num of flexible tasks: 724
Solving time: 0.0014075 seconds
plan limit 979
current timestep 6
num of flexible agents: 397
num of flexible tasks: 697
Solving time: 0.0014033 seconds
plan limit 979
current timestep 7
num of flexible agents: 373
num of flexible tasks: 673
Solving time: 0.0014939 seconds
plan limit 978
current timestep 8
num of flexible agents: 344
num of flexible tasks: 644
Solving time: 0.0013538 seconds
plan limit 979
current timestep 9
num of flexible agents: 317
num of flexible tasks: 617
Solving time: 0.0013343 seconds
plan limit 979
current timestep 10
num of flexible agents: 291
num of flexible tasks: 591
Solving time: 0.0012806 seconds
plan limit 979
current timestep 11
num of flexible agents: 269
num of flexible tasks: 569
Solving time: 0.0012155 seconds
plan limit 979
current timestep 12
num of flexible agents: 249
num of flexible tasks: 549
Solving time: 0.0012342 seconds
plan limit 979
current timestep 13
num of flexible agents: 230
num of flexible tasks: 530
Solving time: 0.0012389 seconds
plan limit 979
current timestep 14
num of flexible agents: 211
num of flexible tasks: 511
Solving time: 0.0012599 seconds
plan limit 979
current timestep 15
num of flexible agents: 196
num of flexible tasks: 496
Solving time: 0.001128 seconds
plan limit 979
current timestep 16
num of flexible agents: 182
num of flexible tasks: 482
Solving time: 0.00116 seconds
plan limit 979
current timestep 17
num of flexible agents: 167
num of flexible tasks: 467
Solving time: 0.0011494 seconds
plan limit 979
current timestep 18
num of flexible agents: 152
num of flexible tasks: 452
Solving time: 0.0011915 seconds
plan limit 979
current timestep 19
num of flexible agents: 143
num of flexible tasks: 443
Solving time: 0.0011261 seconds
plan limit 979
current timestep 20
num of flexible agents: 137
num of flexible tasks: 437
Solving time: 0.0011527 seconds
plan limit 979
current timestep 21
num of flexible agents: 134
num of flexible tasks: 434
Solving time: 0.00117 seconds
plan limit 979
current timestep 22
num of flexible agents: 126
num of flexible tasks: 426
Solving time: 0.0011586 seconds
plan limit 979
current timestep 23
num of flexible agents: 119
num of flexible tasks: 419
Solving time: 0.0011743 seconds
plan limit 979
current timestep 24
num of flexible agents: 116
num of flexible tasks: 416
Solving time: 0.0011346 seconds
plan limit 979
current timestep 25
num of flexible agents: 108
num of flexible tasks: 408
Solving time: 0.0011217 seconds
plan limit 979
current timestep 26
num of flexible agents: 107
num of flexible tasks: 407
Solving time: 0.0011466 seconds
plan limit 979
current timestep 27
num of flexible agents: 104
num of flexible tasks: 404
Solving time: 0.0010991 seconds
plan limit 979
current timestep 28
num of flexible agents: 104
num of flexible tasks: 404
Solving time: 0.0011702 seconds
plan limit 979
current timestep 29
num of flexible agents: 103
num of flexible tasks: 403
Solving time: 0.0011787 seconds
plan limit 979
current timestep 30
num of flexible agents: 96
num of flexible tasks: 396
Solving time: 0.0011466 seconds
plan limit 979
current timestep 31
num of flexible agents: 100
num of flexible tasks: 400
Solving time: 0.0010768 seconds
plan limit 979
current timestep 32
num of flexible agents: 102
num of flexible tasks: 402
Solving time: 0.0011532 seconds
plan limit 979
current timestep 33
num of flexible agents: 106
num of flexible tasks: 406
Solving time: 0.001155 seconds
plan limit 979
current timestep 34
num of flexible agents: 108
num of flexible tasks: 408
Solving time: 0.0011607 seconds
plan limit 979
current timestep 35
num of flexible agents: 110
num of flexible tasks: 410
Solving time: 0.0011831 seconds
plan limit 979
current timestep 36
num of flexible agents: 111
num of flexible tasks: 411
Solving time: 0.0011959 seconds
plan limit 979
current timestep 37
num of flexible agents: 113
num of flexible tasks: 413
Solving time: 0.0011879 seconds
plan limit 979
current timestep 38
num of flexible agents: 115
num of flexible tasks: 415
Solving time: 0.0011958 seconds
plan limit 979
current timestep 39
num of flexible agents: 120
num of flexible tasks: 420
Solving time: 0.003413 seconds
plan limit 976
current timestep 40
num of flexible agents: 124
num of flexible tasks: 424
Solving time: 0.0011915 seconds
plan limit 979
current timestep 41
num of flexible agents: 126
num of flexible tasks: 426
Solving time: 0.0012268 seconds
plan limit 979
current timestep 42
num of flexible agents: 125
num of flexible tasks: 425
Solving time: 0.0012631 seconds
plan limit 979
current timestep 43
num of flexible agents: 131
num of flexible tasks: 431
Solving time: 0.001239 seconds
plan limit 979
current timestep 44
num of flexible agents: 137
num of flexible tasks: 437
Solving time: 0.0012232 seconds
plan limit 979
current timestep 45
num of flexible agents: 141
num of flexible tasks: 441
Solving time: 0.0012065 seconds
plan limit 979
current timestep 46
num of flexible agents: 147
num of flexible tasks: 447
Solving time: 0.0012321 seconds
plan limit 979
current timestep 47
num of flexible agents: 152
num of flexible tasks: 452
Solving time: 0.0012114 seconds
plan limit 979
current timestep 48
num of flexible agents: 153
num of flexible tasks: 453
Solving time: 0.0011913 seconds
plan limit 979
current timestep 49
num of flexible agents: 154
num of flexible tasks: 454
Solving time: 0.0012003 seconds
plan limit 979
current timestep 50
num of flexible agents: 153
num of flexible tasks: 453
Solving time: 0.001212 seconds
plan limit 979
current timestep 51
num of flexible agents: 157
num of flexible tasks: 457
Solving time: 0.0012616 seconds
plan limit 979
current timestep 52
num of flexible agents: 157
num of flexible tasks: 457
Solving time: 0.0012257 seconds
plan limit 979
current timestep 53
num of flexible agents: 155
num of flexible tasks: 455
Solving time: 0.0013026 seconds
plan limit 979
current timestep 54
num of flexible agents: 160
num of flexible tasks: 460
Solving time: 0.0012293 seconds
plan limit 979
current timestep 55
num of flexible agents: 160
num of flexible tasks: 460
Solving time: 0.0012479 seconds
plan limit 979
current timestep 56
num of flexible agents: 167
num of flexible tasks: 467
Solving time: 0.0012067 seconds
plan limit 979
current timestep 57
num of flexible agents: 166
num of flexible tasks: 466
Solving time: 0.0012285 seconds
plan limit 979
current timestep 58
num of flexible agents: 168
num of flexible tasks: 468
Solving time: 0.0012486 seconds
plan limit 979
current timestep 59
num of flexible agents: 172
num of flexible tasks: 472
Solving time: 0.0012694 seconds
plan limit 979
current timestep 60
num of flexible agents: 172
num of flexible tasks: 472
Solving time: 0.0013119 seconds
plan limit 979
current timestep 61
num of flexible agents: 175
num of flexible tasks: 475
Solving time: 0.0015135 seconds
plan limit 978
current timestep 62
num of flexible agents: 180
num of flexible tasks: 480
Solving time: 0.0013186 seconds
plan limit 979
current timestep 63
num of flexible agents: 186
num of flexible tasks: 486
Solving time: 0.0012497 seconds
plan limit 979
current timestep 64
num of flexible agents: 187
num of flexible tasks: 487
Solving time: 0.0013752 seconds
plan limit 979
current timestep 65
num of flexible agents: 192
num of flexible tasks: 492
Solving time: 0.0013147 seconds
plan limit 979
current timestep 66
num of flexible agents: 196
num of flexible tasks: 496
Solving time: 0.0013492 seconds
plan limit 978
current timestep 67
num of flexible agents: 200
num of flexible tasks: 500
Solving time: 0.0013544 seconds
plan limit 979
current timestep 68
num of flexible agents: 198
num of flexible tasks: 498
Solving time: 0.0013445 seconds
plan limit 979
current timestep 69
num of flexible agents: 202
num of flexible tasks: 502
Solving time: 0.0013164 seconds
plan limit 979
current timestep 70
num of flexible agents: 204
num of flexible tasks: 504
Solving time: 0.0012942 seconds
plan limit 979
current timestep 71
num of flexible agents: 205
num of flexible tasks: 505
Solving time: 0.0013055 seconds
plan limit 979
current timestep 72
num of flexible agents: 207
num of flexible tasks: 507
Solving time: 0.0012824 seconds
plan limit 979
current timestep 73
num of flexible agents: 210
num of flexible tasks: 510
Solving time: 0.0013417 seconds
plan limit 979
current timestep 74
num of flexible agents: 207
num of flexible tasks: 507
Solving time: 0.0013355 seconds
plan limit 979
current timestep 75
num of flexible agents: 202
num of flexible tasks: 502
Solving time: 0.0013542 seconds
plan limit 979
current timestep 76
num of flexible agents: 201
num of flexible tasks: 501
Solving time: 0.0012976 seconds
plan limit 979
current timestep 77
num of flexible agents: 198
num of flexible tasks: 498
Solving time: 0.0013201 seconds
plan limit 979
current timestep 78
num of flexible agents: 199
num of flexible tasks: 499
Solving time: 0.0012818 seconds
plan limit 979
current timestep 79
num of flexible agents: 200
num of flexible tasks: 500
Solving time: 0.0012444 seconds
plan limit 979
current timestep 80
num of flexible agents: 203
num of flexible tasks: 503
Solving time: 0.0012864 seconds
plan limit 979
current timestep 81
num of flexible agents: 198
num of flexible tasks: 498
Solving time: 0.0013484 seconds
plan limit 979
current timestep 82
num of flexible agents: 198
num of flexible tasks: 498
Solving time: 0.0013354 seconds
plan limit 979
current timestep 83
num of flexible agents: 200
num of flexible tasks: 500
Solving time: 0.0014034 seconds
plan limit 979
current timestep 84
num of flexible agents: 200
num of flexible tasks: 500
Solving time: 0.0013027 seconds
plan limit 979
current timestep 85
num of flexible agents: 196
num of flexible tasks: 496
Solving time: 0.0012305 seconds
plan limit 979
current timestep 86
num of flexible agents: 192
num of flexible tasks: 492
Solving time: 0.0012729 seconds
plan limit 979
current timestep 87
num of flexible agents: 191
num of flexible tasks: 491
Solving time: 0.0012307 seconds
plan limit 979
current timestep 88
num of flexible agents: 195
num of flexible tasks: 495
Solving time: 0.0012256 seconds
plan limit 979
current timestep 89
num of flexible agents: 198
num of flexible tasks: 498
Solving time: 0.0013234 seconds
plan limit 979
current timestep 90
num of flexible agents: 195
num of flexible tasks: 495
Solving time: 0.001236 seconds
plan limit 979
current timestep 91
num of flexible agents: 195
num of flexible tasks: 495
Solving time: 0.0013644 seconds
plan limit 979
current timestep 92
num of flexible agents: 199
num of flexible tasks: 499
Solving time: 0.0014971 seconds
plan limit 978
current timestep 93
num of flexible agents: 200
num of flexible tasks: 500
Solving time: 0.0013401 seconds
plan limit 979
current timestep 94
num of flexible agents: 203
num of flexible tasks: 503
Solving time: 0.0013114 seconds
plan limit 979
current timestep 95
num of flexible agents: 204
num of flexible tasks: 504
Solving time: 0.0012469 seconds
plan limit 979
current timestep 96
num of flexible agents: 205
num of flexible tasks: 505
Solving time: 0.0012762 seconds
plan limit 979
current timestep 97
num of flexible agents: 203
num of flexible tasks: 503
Solving time: 0.0012883 seconds
plan limit 979
current timestep 98
num of flexible agents: 204
num of flexible tasks: 504
Solving time: 0.0014367 seconds
plan limit 978
current timestep 99
num of flexible agents: 203
num of flexible tasks: 503
Solving time: 0.001324 seconds
plan limit 979
current timestep 100
num of flexible agents: 203
num of flexible tasks: 503
Solving time: 0.0016291 seconds
plan limit 978
current timestep 101
num of flexible agents: 204
num of flexible tasks: 504
Solving time: 0.0014318 seconds
plan limit 978
current timestep 102
num of flexible agents: 209
num of flexible tasks: 509
Solving time: 0.0014176 seconds
plan limit 978
current timestep 103
num of flexible agents: 211
num of flexible tasks: 511
Solving time: 0.0016093 seconds
plan limit 978
current timestep 104
num of flexible agents: 213
num of flexible tasks: 513
Solving time: 0.001551 seconds
plan limit 978
current timestep 105
num of flexible agents: 211
num of flexible tasks: 511
Solving time: 0.0015026 seconds
plan limit 978
current timestep 106
num of flexible agents: 212
num of flexible tasks: 512
Solving time: 0.0015282 seconds
plan limit 978
current timestep 107
num of flexible agents: 220
num of flexible tasks: 520
Solving time: 0.0015171 seconds
plan limit 978
current timestep 108
num of flexible agents: 220
num of flexible tasks: 520
Solving time: 0.0015166 seconds
plan limit 978
current timestep 109
num of flexible agents: 214
num of flexible tasks: 514
Solving time: 0.0015167 seconds
plan limit 978
current timestep 110
num of flexible agents: 211
num of flexible tasks: 511
Solving time: 0.0015373 seconds
plan limit 978
current timestep 111
num of flexible agents: 213
num of flexible tasks: 513
Solving time: 0.0017209 seconds
plan limit 978
current timestep 112
num of flexible agents: 216
num of flexible tasks: 516
Solving time: 0.0015433 seconds
plan limit 978
current timestep 113
num of flexible agents: 212
num of flexible tasks: 512
Solving time: 0.0017842 seconds
plan limit 978
current timestep 114
num of flexible agents: 209
num of flexible tasks: 509
Solving time: 0.0015263 seconds
plan limit 978
current timestep 115
num of flexible agents: 205
num of flexible tasks: 505
Solving time: 0.0016121 seconds
plan limit 978
current timestep 116
num of flexible agents: 199
num of flexible tasks: 499
Solving time: 0.0022321 seconds
plan limit 978
current timestep 117
num of flexible agents: 195
num of flexible tasks: 495
Solving time: 0.0020603 seconds
plan limit 978
current timestep 118
num of flexible agents: 200
num of flexible tasks: 500
Solving time: 0.0018977 seconds
plan limit 978
current timestep 119
num of flexible agents: 205
num of flexible tasks: 505
Solving time: 0.0016185 seconds
plan limit 978
current timestep 120
num of flexible agents: 209
num of flexible tasks: 509
Solving time: 0.0015582 seconds
plan limit 978
current timestep 121
num of flexible agents: 208
num of flexible tasks: 508
Solving time: 0.0016051 seconds
plan limit 978
current timestep 122
num of flexible agents: 208
num of flexible tasks: 508
Solving time: 0.0015908 seconds
plan limit 978
current timestep 123
num of flexible agents: 206
num of flexible tasks: 506
Solving time: 0.0018651 seconds
plan limit 978
current timestep 124
num of flexible agents: 209
num of flexible tasks: 509
Solving time: 0.0016822 seconds
plan limit 978
current timestep 125
num of flexible agents: 206
num of flexible tasks: 506
Solving time: 0.0015851 seconds
plan limit 978
current timestep 126
num of flexible agents: 208
num of flexible tasks: 508
Solving time: 0.0015861 seconds
plan limit 978
current timestep 127
num of flexible agents: 208
num of flexible tasks: 508
Solving time: 0.0016272 seconds
plan limit 978
current timestep 128
num of flexible agents: 210
num of flexible tasks: 510
Solving time: 0.0016209 seconds
plan limit 978
current timestep 129
num of flexible agents: 208
num of flexible tasks: 508
Solving time: 0.0016125 seconds
plan limit 978
current timestep 130
num of flexible agents: 208
num of flexible tasks: 508
Solving time: 0.0016957 seconds
plan limit 978
current timestep 131
num of flexible agents: 201
num of flexible tasks: 501
Solving time: 0.001674 seconds
plan limit 978
current timestep 132
num of flexible agents: 203
num of flexible tasks: 503
Solving time: 0.0016132 seconds
plan limit 978
current timestep 133
num of flexible agents: 211
num of flexible tasks: 511
Solving time: 0.0016894 seconds
plan limit 978
current timestep 134
num of flexible agents: 213
num of flexible tasks: 513
Solving time: 0.0016443 seconds
plan limit 978
current timestep 135
num of flexible agents: 211
num of flexible tasks: 511
Solving time: 0.0016924 seconds
plan limit 978
current timestep 136
num of flexible agents: 212
num of flexible tasks: 512
Solving time: 0.0016381 seconds
plan limit 978
current timestep 137
num of flexible agents: 213
num of flexible tasks: 513
Solving time: 0.0016707 seconds
plan limit 978
current timestep 138
num of flexible agents: 211
num of flexible tasks: 511
Solving time: 0.0016467 seconds
plan limit 978
current timestep 139
num of flexible agents: 212
num of flexible tasks: 512
Solving time: 0.0017064 seconds
plan limit 978
current timestep 140
num of flexible agents: 206
num of flexible tasks: 506
Solving time: 0.0018484 seconds
plan limit 978
current timestep 141
num of flexible agents: 205
num of flexible tasks: 505
Solving time: 0.001817 seconds
plan limit 978
current timestep 142
num of flexible agents: 210
num of flexible tasks: 510
Solving time: 0.0018319 seconds
plan limit 978
current timestep 143
num of flexible agents: 212
num of flexible tasks: 512
Solving time: 0.0016527 seconds
plan limit 978
current timestep 144
num of flexible agents: 213
num of flexible tasks: 513
Solving time: 0.0016794 seconds
plan limit 978
current timestep 145
num of flexible agents: 216
num of flexible tasks: 516
Solving time: 0.0016432 seconds
plan limit 978
current timestep 146
num of flexible agents: 211
num of flexible tasks: 511
Solving time: 0.0017844 seconds
plan limit 978
current timestep 147
num of flexible agents: 212
num of flexible tasks: 512
Solving time: 0.0016529 seconds
plan limit 978
current timestep 148
num of flexible agents: 217
num of flexible tasks: 517
Solving time: 0.0017625 seconds
plan limit 978
current timestep 149
num of flexible agents: 211
num of flexible tasks: 511
Solving time: 0.0017568 seconds
plan limit 978
current timestep 150
num of flexible agents: 212
num of flexible tasks: 512
Solving time: 0.0018119 seconds
plan limit 978
current timestep 151
num of flexible agents: 216
num of flexible tasks: 516
Solving time: 0.0017023 seconds
plan limit 978
current timestep 152
num of flexible agents: 217
num of flexible tasks: 517
Solving time: 0.0018539 seconds
plan limit 978
current timestep 153
num of flexible agents: 217
num of flexible tasks: 517
Solving time: 0.0020721 seconds
plan limit 978
current timestep 154
num of flexible agents: 214
num of flexible tasks: 514
Solving time: 0.0016593 seconds
plan limit 978
current timestep 155
num of flexible agents: 209
num of flexible tasks: 509
Solving time: 0.0017271 seconds
plan limit 978
current timestep 156
num of flexible agents: 211
num of flexible tasks: 511
Solving time: 0.0017651 seconds
plan limit 978
current timestep 157
num of flexible agents: 209
num of flexible tasks: 509
Solving time: 0.0020773 seconds
plan limit 978
current timestep 158
num of flexible agents: 214
num of flexible tasks: 514
Solving time: 0.0018927 seconds
plan limit 978
current timestep 159
num of flexible agents: 209
num of flexible tasks: 509
Solving time: 0.0017643 seconds
plan limit 978
current timestep 160
num of flexible agents: 214
num of flexible tasks: 514
Solving time: 0.0017913 seconds
plan limit 978
current timestep 161
num of flexible agents: 216
num of flexible tasks: 516
Solving time: 0.0017682 seconds
plan limit 978
current timestep 162
num of flexible agents: 217
num of flexible tasks: 517
Solving time: 0.001802 seconds
plan limit 978
current timestep 163
num of flexible agents: 218
num of flexible tasks: 518
Solving time: 0.0018022 seconds
plan limit 978
current timestep 164
num of flexible agents: 222
num of flexible tasks: 522
Solving time: 0.0023587 seconds
plan limit 977
current timestep 165
num of flexible agents: 223
num of flexible tasks: 523
Solving time: 0.0021016 seconds
plan limit 978
current timestep 166
num of flexible agents: 225
num of flexible tasks: 525
Solving time: 0.0018654 seconds
plan limit 978
current timestep 167
num of flexible agents: 230
num of flexible tasks: 530
Solving time: 0.0017655 seconds
plan limit 978
current timestep 168
num of flexible agents: 229
num of flexible tasks: 529
Solving time: 0.0017654 seconds
plan limit 978
current timestep 169
num of flexible agents: 230
num of flexible tasks: 530
Solving time: 0.0018101 seconds
plan limit 978
current timestep 170
num of flexible agents: 233
num of flexible tasks: 533
Solving time: 0.0019205 seconds
plan limit 978
current timestep 171
num of flexible agents: 234
num of flexible tasks: 534
Solving time: 0.0018367 seconds
plan limit 978
current timestep 172
num of flexible agents: 236
num of flexible tasks: 536
Solving time: 0.0018104 seconds
plan limit 978
current timestep 173
num of flexible agents: 236
num of flexible tasks: 536
Solving time: 0.0017733 seconds
plan limit 978
current timestep 174
num of flexible agents: 240
num of flexible tasks: 540
Solving time: 0.0019325 seconds
plan limit 978
current timestep 175
num of flexible agents: 234
num of flexible tasks: 534
Solving time: 0.0017629 seconds
plan limit 978
current timestep 176
num of flexible agents: 235
num of flexible tasks: 535
Solving time: 0.0018238 seconds
plan limit 978
current timestep 177
num of flexible agents: 236
num of flexible tasks: 536
Solving time: 0.0018287 seconds
plan limit 978
current timestep 178
num of flexible agents: 237
num of flexible tasks: 537
Solving time: 0.0018719 seconds
plan limit 978
current timestep 179
num of flexible agents: 242
num of flexible tasks: 542
Solving time: 0.0018282 seconds
plan limit 978
current timestep 180
num of flexible agents: 244
num of flexible tasks: 544
Solving time: 0.0024247 seconds
plan limit 977
current timestep 181
num of flexible agents: 237
num of flexible tasks: 537
Solving time: 0.0018766 seconds
plan limit 978
current timestep 182
num of flexible agents: 237
num of flexible tasks: 537
Solving time: 0.0019539 seconds
plan limit 978
current timestep 183
num of flexible agents: 238
num of flexible tasks: 538
Solving time: 0.001778 seconds
plan limit 978
current timestep 184
num of flexible agents: 237
num of flexible tasks: 537
Solving time: 0.001752 seconds
plan limit 978
current timestep 185
num of flexible agents: 238
num of flexible tasks: 538
Solving time: 0.0018377 seconds
plan limit 978
current timestep 186
num of flexible agents: 238
num of flexible tasks: 538
Solving time: 0.0019097 seconds
plan limit 978
current timestep 187
num of flexible agents: 236
num of flexible tasks: 536
Solving time: 0.0018925 seconds
plan limit 978
current timestep 188
num of flexible agents: 239
num of flexible tasks: 539
Solving time: 0.0018628 seconds
plan limit 978
current timestep 189
num of flexible agents: 238
num of flexible tasks: 538
Solving time: 0.0018249 seconds
plan limit 978
current timestep 190
num of flexible agents: 239
num of flexible tasks: 539
Solving time: 0.0018991 seconds
plan limit 978
current timestep 191
num of flexible agents: 233
num of flexible tasks: 533
Solving time: 0.001887 seconds
plan limit 978
current timestep 192
num of flexible agents: 235
num of flexible tasks: 535
Solving time: 0.0019611 seconds
plan limit 978
current timestep 193
num of flexible agents: 231
num of flexible tasks: 531
Solving time: 0.0026189 seconds
plan limit 977
current timestep 194
num of flexible agents: 234
num of flexible tasks: 534
Solving time: 0.0019984 seconds
plan limit 978
current timestep 195
num of flexible agents: 232
num of flexible tasks: 532
Solving time: 0.0017156 seconds
plan limit 978
current timestep 196
num of flexible agents: 230
num of flexible tasks: 530
Solving time: 0.0018366 seconds
plan limit 978
current timestep 197
num of flexible agents: 228
num of flexible tasks: 528
Solving time: 0.0019643 seconds
plan limit 978
current timestep 198
num of flexible agents: 224
num of flexible tasks: 524
Solving time: 0.001855 seconds
plan limit 978
current timestep 199
num of flexible agents: 221
num of flexible tasks: 521
Solving time: 0.0020878 seconds
plan limit 978
current timestep 200
num of flexible agents: 218
num of flexible tasks: 518
Solving time: 0.0053753 seconds
plan limit 974
current timestep 201
num of flexible agents: 216
num of flexible tasks: 516
Solving time: 0.0018891 seconds
plan limit 978
current timestep 202
num of flexible agents: 215
num of flexible tasks: 515
Solving time: 0.0018963 seconds
plan limit 978
current timestep 203
num of flexible agents: 219
num of flexible tasks: 519
Solving time: 0.0018248 seconds
plan limit 978
current timestep 204
num of flexible agents: 220
num of flexible tasks: 520
Solving time: 0.0018134 seconds
plan limit 978
current timestep 205
num of flexible agents: 214
num of flexible tasks: 514
Solving time: 0.001906 seconds
plan limit 978
current timestep 206
num of flexible agents: 216
num of flexible tasks: 516
Solving time: 0.0019689 seconds
plan limit 978
current timestep 207
num of flexible agents: 215
num of flexible tasks: 515
Solving time: 0.0016946 seconds
plan limit 978
current timestep 208
num of flexible agents: 215
num of flexible tasks: 515
Solving time: 0.0017138 seconds
plan limit 978
current timestep 209
num of flexible agents: 214
num of flexible tasks: 514
Solving time: 0.0016645 seconds
plan limit 978
current timestep 210
num of flexible agents: 217
num of flexible tasks: 517
Solving time: 0.0017952 seconds
plan limit 978
current timestep 211
num of flexible agents: 221
num of flexible tasks: 521
Solving time: 0.0017204 seconds
plan limit 978
current timestep 212
num of flexible agents: 223
num of flexible tasks: 523
Solving time: 0.0017651 seconds
plan limit 978
current timestep 213
num of flexible agents: 223
num of flexible tasks: 523
Solving time: 0.0017409 seconds
plan limit 978
current timestep 214
num of flexible agents: 232
num of flexible tasks: 532
Solving time: 0.0018019 seconds
plan limit 978
current timestep 215
num of flexible agents: 234
num of flexible tasks: 534
Solving time: 0.0020631 seconds
plan limit 978
current timestep 216
num of flexible agents: 226
num of flexible tasks: 526
Solving time: 0.002019 seconds
plan limit 978
current timestep 217
num of flexible agents: 223
num of flexible tasks: 523
Solving time: 0.0019703 seconds
plan limit 978
current timestep 218
num of flexible agents: 219
num of flexible tasks: 519
Solving time: 0.001783 seconds
plan limit 978
current timestep 219
num of flexible agents: 225
num of flexible tasks: 525
Solving time: 0.0026627 seconds
plan limit 977
current timestep 220
num of flexible agents: 222
num of flexible tasks: 522
Solving time: 0.001826 seconds
plan limit 978
current timestep 221
num of flexible agents: 226
num of flexible tasks: 526
Solving time: 0.0017681 seconds
plan limit 978
current timestep 222
num of flexible agents: 230
num of flexible tasks: 530
Solving time: 0.0022564 seconds
plan limit 977
current timestep 223
num of flexible agents: 233
num of flexible tasks: 533
Solving time: 0.0018359 seconds
plan limit 978
current timestep 224
num of flexible agents: 233
num of flexible tasks: 533
Solving time: 0.0019394 seconds
plan limit 978
current timestep 225
num of flexible agents: 231
num of flexible tasks: 531
Solving time: 0.0018634 seconds
plan limit 978
current timestep 226
num of flexible agents: 232
num of flexible tasks: 532
Solving time: 0.0017191 seconds
plan limit 978
current timestep 227
num of flexible agents: 237
num of flexible tasks: 537
Solving time: 0.0017405 seconds
plan limit 978
current timestep 228
num of flexible agents: 242
num of flexible tasks: 542
Solving time: 0.0018606 seconds
plan limit 978
current timestep 229
num of flexible agents: 242
num of flexible tasks: 542
Solving time: 0.0017812 seconds
plan limit 978
current timestep 230
num of flexible agents: 240
num of flexible tasks: 540
Solving time: 0.0041229 seconds
plan limit 975
current timestep 231
num of flexible agents: 242
num of flexible tasks: 542
Solving time: 0.001791 seconds
plan limit 978
current timestep 232
num of flexible agents: 242
num of flexible tasks: 542
Solving time: 0.0017256 seconds
plan limit 978
current timestep 233
num of flexible agents: 239
num of flexible tasks: 539
Solving time: 0.0018982 seconds
plan limit 978
current timestep 234
num of flexible agents: 236
num of flexible tasks: 536
Solving time: 0.0021646 seconds
plan limit 978
current timestep 235
num of flexible agents: 238
num of flexible tasks: 538
Solving time: 0.001769 seconds
plan limit 978
current timestep 236
num of flexible agents: 236
num of flexible tasks: 536
Solving time: 0.0020787 seconds
plan limit 978
current timestep 237
num of flexible agents: 234
num of flexible tasks: 534
Solving time: 0.0017873 seconds
plan limit 978
current timestep 238
num of flexible agents: 233
num of flexible tasks: 533
Solving time: 0.0020036 seconds
plan limit 978
current timestep 239
num of flexible agents: 237
num of flexible tasks: 537
Solving time: 0.0020238 seconds
plan limit 978
current timestep 240
num of flexible agents: 240
num of flexible tasks: 540
Solving time: 0.0019021 seconds
plan limit 978
current timestep 241
num of flexible agents: 246
num of flexible tasks: 546
Solving time: 0.001939 seconds
plan limit 978
current timestep 242
num of flexible agents: 242
num of flexible tasks: 542
Solving time: 0.0018644 seconds
plan limit 978
current timestep 243
num of flexible agents: 236
num of flexible tasks: 536
Solving time: 0.0017968 seconds
plan limit 978
current timestep 244
num of flexible agents: 232
num of flexible tasks: 532
Solving time: 0.0019666 seconds
plan limit 978
current timestep 245
num of flexible agents: 230
num of flexible tasks: 530
Solving time: 0.0018567 seconds
plan limit 978
current timestep 246
num of flexible agents: 237
num of flexible tasks: 537
Solving time: 0.0019443 seconds
plan limit 978
current timestep 247
num of flexible agents: 238
num of flexible tasks: 538
Solving time: 0.0016681 seconds
plan limit 978
current timestep 248
num of flexible agents: 235
num of flexible tasks: 535
Solving time: 0.0018485 seconds
plan limit 978
current timestep 249
num of flexible agents: 231
num of flexible tasks: 531
Solving time: 0.0018198 seconds
plan limit 978
current timestep 250
num of flexible agents: 230
num of flexible tasks: 530
Solving time: 0.0018439 seconds
plan limit 978
current timestep 251
num of flexible agents: 232
num of flexible tasks: 532
Solving time: 0.0020816 seconds
plan limit 978
current timestep 252
num of flexible agents: 230
num of flexible tasks: 530
Solving time: 0.0018427 seconds
plan limit 978
current timestep 253
num of flexible agents: 231
num of flexible tasks: 531
Solving time: 0.0019161 seconds
plan limit 978
current timestep 254
num of flexible agents: 233
num of flexible tasks: 533
Solving time: 0.0018307 seconds
plan limit 978
current timestep 255
num of flexible agents: 236
num of flexible tasks: 536
Solving time: 0.0020034 seconds
plan limit 978
current timestep 256
num of flexible agents: 232
num of flexible tasks: 532
Solving time: 0.0020361 seconds
plan limit 978
current timestep 257
num of flexible agents: 232
num of flexible tasks: 532
Solving time: 0.001802 seconds
plan limit 978
current timestep 258
num of flexible agents: 236
num of flexible tasks: 536
Solving time: 0.0019382 seconds
plan limit 978
current timestep 259
num of flexible agents: 237
num of flexible tasks: 537
Solving time: 0.0019056 seconds
plan limit 978
current timestep 260
num of flexible agents: 237
num of flexible tasks: 537
Solving time: 0.001882 seconds
plan limit 978
current timestep 261
num of flexible agents: 235
num of flexible tasks: 535
Solving time: 0.0019699 seconds
plan limit 978
current timestep 262
num of flexible agents: 235
num of flexible tasks: 535
Solving time: 0.0019564 seconds
plan limit 978
current timestep 263
num of flexible agents: 232
num of flexible tasks: 532
Solving time: 0.0018653 seconds
plan limit 978
current timestep 264
num of flexible agents: 230
num of flexible tasks: 530
Solving time: 0.0019103 seconds
plan limit 978
current timestep 265
num of flexible agents: 233
num of flexible tasks: 533
Solving time: 0.0017888 seconds
plan limit 978
current timestep 266
num of flexible agents: 236
num of flexible tasks: 536
Solving time: 0.0019098 seconds
plan limit 978
current timestep 267
num of flexible agents: 235
num of flexible tasks: 535
Solving time: 0.0019544 seconds
plan limit 978
current timestep 268
num of flexible agents: 235
num of flexible tasks: 535
Solving time: 0.0019354 seconds
plan limit 978
current timestep 269
num of flexible agents: 234
num of flexible tasks: 534
Solving time: 0.0019116 seconds
plan limit 978
current timestep 270
num of flexible agents: 242
num of flexible tasks: 542
Solving time: 0.0023102 seconds
plan limit 977
current timestep 271
num of flexible agents: 238
num of flexible tasks: 538
Solving time: 0.0018824 seconds
plan limit 978
current timestep 272
num of flexible agents: 242
num of flexible tasks: 542
Solving time: 0.0019116 seconds
plan limit 978
current timestep 273
num of flexible agents: 238
num of flexible tasks: 538
Solving time: 0.0021171 seconds
plan limit 978
current timestep 274
num of flexible agents: 244
num of flexible tasks: 544
Solving time: 0.0020366 seconds
plan limit 978
current timestep 275
num of flexible agents: 239
num of flexible tasks: 539
Solving time: 0.0024273 seconds
plan limit 977
current timestep 276
num of flexible agents: 240
num of flexible tasks: 540
Solving time: 0.0021031 seconds
plan limit 978
current timestep 277
num of flexible agents: 242
num of flexible tasks: 542
Solving time: 0.0020235 seconds
plan limit 978
current timestep 278
num of flexible agents: 239
num of flexible tasks: 539
Solving time: 0.001991 seconds
plan limit 978
current timestep 279
num of flexible agents: 239
num of flexible tasks: 539
Solving time: 0.0020423 seconds
plan limit 978
current timestep 280
num of flexible agents: 242
num of flexible tasks: 542
Solving time: 0.001938 seconds
plan limit 978
current timestep 281
num of flexible agents: 243
num of flexible tasks: 543
Solving time: 0.0022501 seconds
plan limit 977
current timestep 282
num of flexible agents: 239
num of flexible tasks: 539
Solving time: 0.002159 seconds
plan limit 978
current timestep 283
num of flexible agents: 243
num of flexible tasks: 543
Solving time: 0.0020421 seconds
plan limit 978
current timestep 284
num of flexible agents: 242
num of flexible tasks: 542
Solving time: 0.0020838 seconds
plan limit 977
current timestep 285
num of flexible agents: 241
num of flexible tasks: 541
Solving time: 0.0018979 seconds
plan limit 978
current timestep 286
num of flexible agents: 242
num of flexible tasks: 542
Solving time: 0.0020531 seconds
plan limit 978
current timestep 287
num of flexible agents: 244
num of flexible tasks: 544
Solving time: 0.0018981 seconds
plan limit 978
current timestep 288
num of flexible agents: 242
num of flexible tasks: 542
Solving time: 0.0020025 seconds
plan limit 978
current timestep 289
num of flexible agents: 244
num of flexible tasks: 544
Solving time: 0.0019639 seconds
plan limit 978
current timestep 290
num of flexible agents: 241
num of flexible tasks: 541
Solving time: 0.0018373 seconds
plan limit 978
current timestep 291
num of flexible agents: 238
num of flexible tasks: 538
Solving time: 0.0018548 seconds
plan limit 978
current timestep 292
num of flexible agents: 235
num of flexible tasks: 535
Solving time: 0.0019214 seconds
plan limit 978
current timestep 293
num of flexible agents: 233
num of flexible tasks: 533
Solving time: 0.0018278 seconds
plan limit 978
current timestep 294
num of flexible agents: 234
num of flexible tasks: 534
Solving time: 0.0018961 seconds
plan limit 978
current timestep 295
num of flexible agents: 231
num of flexible tasks: 531
Solving time: 0.0020016 seconds
plan limit 978
current timestep 296
num of flexible agents: 237
num of flexible tasks: 537
Solving time: 0.0019258 seconds
plan limit 978
current timestep 297
num of flexible agents: 239
num of flexible tasks: 539
Solving time: 0.0019149 seconds
plan limit 978
current timestep 298
num of flexible agents: 238
num of flexible tasks: 538
Solving time: 0.002084 seconds
plan limit 978
current timestep 299
num of flexible agents: 240
num of flexible tasks: 540
Solving time: 0.0019753 seconds
plan limit 978
current timestep 300
num of flexible agents: 242
num of flexible tasks: 542
Solving time: 0.0018764 seconds
plan limit 978
current timestep 301
num of flexible agents: 245
num of flexible tasks: 545
Solving time: 0.0019613 seconds
plan limit 978
current timestep 302
num of flexible agents: 244
num of flexible tasks: 544
Solving time: 0.0019499 seconds
plan limit 978
current timestep 303
num of flexible agents: 243
num of flexible tasks: 543
Solving time: 0.0019444 seconds
plan limit 978
current timestep 304
num of flexible agents: 240
num of flexible tasks: 540
Solving time: 0.001946 seconds
plan limit 978
current timestep 305
num of flexible agents: 241
num of flexible tasks: 541
Solving time: 0.0020434 seconds
plan limit 978
current timestep 306
num of flexible agents: 236
num of flexible tasks: 536
Solving time: 0.0019429 seconds
plan limit 978
current timestep 307
num of flexible agents: 235
num of flexible tasks: 535
Solving time: 0.001928 seconds
plan limit 978
current timestep 308
num of flexible agents: 236
num of flexible tasks: 536
Solving time: 0.0019567 seconds
plan limit 978
current timestep 309
num of flexible agents: 238
num of flexible tasks: 538
Solving time: 0.0017844 seconds
plan limit 978
current timestep 310
num of flexible agents: 235
num of flexible tasks: 535
Solving time: 0.0019119 seconds
plan limit 978
current timestep 311
num of flexible agents: 235
num of flexible tasks: 535
Solving time: 0.0018727 seconds
plan limit 978
current timestep 312
num of flexible agents: 235
num of flexible tasks: 535
Solving time: 0.0019412 seconds
plan limit 978
current timestep 313
num of flexible agents: 233
num of flexible tasks: 533
Solving time: 0.0018163 seconds
plan limit 978
current timestep 314
num of flexible agents: 235
num of flexible tasks: 535
Solving time: 0.0018916 seconds
plan limit 978
current timestep 315
num of flexible agents: 240
num of flexible tasks: 540
Solving time: 0.0018544 seconds
plan limit 978
current timestep 316
num of flexible agents: 239
num of flexible tasks: 539
Solving time: 0.0027534 seconds
plan limit 977
current timestep 317
num of flexible agents: 239
num of flexible tasks: 539
Solving time: 0.0020007 seconds
plan limit 978
current timestep 318
num of flexible agents: 239
num of flexible tasks: 539
Solving time: 0.0022297 seconds
plan limit 977
current timestep 319
num of flexible agents: 242
num of flexible tasks: 542
Solving time: 0.0021265 seconds
plan limit 978
current timestep 320
num of flexible agents: 243
num of flexible tasks: 543
Solving time: 0.0019189 seconds
plan limit 978
current timestep 321
num of flexible agents: 246
num of flexible tasks: 546
Solving time: 0.0022451 seconds
plan limit 977
current timestep 322
num of flexible agents: 243
num of flexible tasks: 543
Solving time: 0.0020666 seconds
plan limit 978
current timestep 323
num of flexible agents: 238
num of flexible tasks: 538
Solving time: 0.0019889 seconds
plan limit 978
current timestep 324
num of flexible agents: 238
num of flexible tasks: 538
Solving time: 0.0019302 seconds
plan limit 978
current timestep 325
num of flexible agents: 240
num of flexible tasks: 540
Solving time: 0.0018632 seconds
plan limit 978
current timestep 326
num of flexible agents: 228
num of flexible tasks: 528
Solving time: 0.0019474 seconds
plan limit 978
current timestep 327
num of flexible agents: 227
num of flexible tasks: 527
Solving time: 0.0021219 seconds
plan limit 978
current timestep 328
num of flexible agents: 226
num of flexible tasks: 526
Solving time: 0.0017594 seconds
plan limit 978
current timestep 329
num of flexible agents: 218
num of flexible tasks: 518
Solving time: 0.0019587 seconds
plan limit 978
current timestep 330
num of flexible agents: 223
num of flexible tasks: 523
Solving time: 0.0018883 seconds
plan limit 978
current timestep 331
num of flexible agents: 229
num of flexible tasks: 529
Solving time: 0.0018926 seconds
plan limit 978
current timestep 332
num of flexible agents: 230
num of flexible tasks: 530
Solving time: 0.0019269 seconds
plan limit 978
current timestep 333
num of flexible agents: 225
num of flexible tasks: 525
Solving time: 0.0017448 seconds
plan limit 978
current timestep 334
num of flexible agents: 230
num of flexible tasks: 530
Solving time: 0.0019011 seconds
plan limit 978
current timestep 335
num of flexible agents: 231
num of flexible tasks: 531
Solving time: 0.0019465 seconds
plan limit 978
current timestep 336
num of flexible agents: 226
num of flexible tasks: 526
Solving time: 0.0020134 seconds
plan limit 978
current timestep 337
num of flexible agents: 230
num of flexible tasks: 530
Solving time: 0.0020949 seconds
plan limit 978
current timestep 338
num of flexible agents: 235
num of flexible tasks: 535
Solving time: 0.0020476 seconds
plan limit 978
current timestep 339
num of flexible agents: 232
num of flexible tasks: 532
Solving time: 0.0019432 seconds
plan limit 978
current timestep 340
num of flexible agents: 235
num of flexible tasks: 535
Solving time: 0.0019472 seconds
plan limit 978
current timestep 341
num of flexible agents: 235
num of flexible tasks: 535
Solving time: 0.0018751 seconds
plan limit 978
current timestep 342
num of flexible agents: 234
num of flexible tasks: 534
Solving time: 0.0019298 seconds
plan limit 978
current timestep 343
num of flexible agents: 233
num of flexible tasks: 533
Solving time: 0.0018912 seconds
plan limit 978
current timestep 344
num of flexible agents: 237
num of flexible tasks: 537
Solving time: 0.0021244 seconds
plan limit 978
current timestep 345
num of flexible agents: 242
num of flexible tasks: 542
Solving time: 0.0019572 seconds
plan limit 978
current timestep 346
num of flexible agents: 245
num of flexible tasks: 545
Solving time: 0.0018876 seconds
plan limit 978
current timestep 347
num of flexible agents: 242
num of flexible tasks: 542
Solving time: 0.001943 seconds
plan limit 978
current timestep 348
num of flexible agents: 239
num of flexible tasks: 539
Solving time: 0.0019025 seconds
plan limit 978
current timestep 349
num of flexible agents: 245
num of flexible tasks: 545
Solving time: 0.002142 seconds
plan limit 977
current timestep 350
num of flexible agents: 244
num of flexible tasks: 544
Solving time: 0.0019552 seconds
plan limit 978
current timestep 351
num of flexible agents: 238
num of flexible tasks: 538
Solving time: 0.0020738 seconds
plan limit 978
current timestep 352
num of flexible agents: 234
num of flexible tasks: 534
Solving time: 0.001916 seconds
plan limit 978
current timestep 353
num of flexible agents: 228
num of flexible tasks: 528
Solving time: 0.0019987 seconds
plan limit 978
current timestep 354
num of flexible agents: 230
num of flexible tasks: 530
Solving time: 0.0019383 seconds
plan limit 978
current timestep 355
num of flexible agents: 231
num of flexible tasks: 531
Solving time: 0.0021455 seconds
plan limit 978
current timestep 356
num of flexible agents: 229
num of flexible tasks: 529
Solving time: 0.001964 seconds
plan limit 978
current timestep 357
num of flexible agents: 229
num of flexible tasks: 529
Solving time: 0.0018785 seconds
plan limit 978
current timestep 358
num of flexible agents: 228
num of flexible tasks: 528
Solving time: 0.0020605 seconds
plan limit 978
current timestep 359
num of flexible agents: 224
num of flexible tasks: 524
Solving time: 0.0019238 seconds
plan limit 978
current timestep 360
num of flexible agents: 224
num of flexible tasks: 524
Solving time: 0.0021866 seconds
plan limit 978
current timestep 361
num of flexible agents: 223
num of flexible tasks: 523
Solving time: 0.0019522 seconds
plan limit 978
current timestep 362
num of flexible agents: 225
num of flexible tasks: 525
Solving time: 0.0021124 seconds
plan limit 977
current timestep 363
num of flexible agents: 224
num of flexible tasks: 524
Solving time: 0.0021107 seconds
plan limit 978
current timestep 364
num of flexible agents: 220
num of flexible tasks: 520
Solving time: 0.0022887 seconds
plan limit 977
current timestep 365
num of flexible agents: 222
num of flexible tasks: 522
Solving time: 0.0019224 seconds
plan limit 978
current timestep 366
num of flexible agents: 226
num of flexible tasks: 526
Solving time: 0.0019439 seconds
plan limit 978
current timestep 367
num of flexible agents: 226
num of flexible tasks: 526
Solving time: 0.0024484 seconds
plan limit 977
current timestep 368
num of flexible agents: 228
num of flexible tasks: 528
Solving time: 0.0021012 seconds
plan limit 978
current timestep 369
num of flexible agents: 224
num of flexible tasks: 524
Solving time: 0.0019551 seconds
plan limit 978
current timestep 370
num of flexible agents: 225
num of flexible tasks: 525
Solving time: 0.0019722 seconds
plan limit 978
current timestep 371
num of flexible agents: 228
num of flexible tasks: 528
Solving time: 0.0018913 seconds
plan limit 978
current timestep 372
num of flexible agents: 231
num of flexible tasks: 531
Solving time: 0.0020188 seconds
plan limit 978
current timestep 373
num of flexible agents: 238
num of flexible tasks: 538
Solving time: 0.0019269 seconds
plan limit 978
current timestep 374
num of flexible agents: 236
num of flexible tasks: 536
Solving time: 0.0019772 seconds
plan limit 978
current timestep 375
num of flexible agents: 237
num of flexible tasks: 537
Solving time: 0.002047 seconds
plan limit 978
current timestep 376
num of flexible agents: 239
num of flexible tasks: 539
Solving time: 0.0021752 seconds
plan limit 978
current timestep 377
num of flexible agents: 241
num of flexible tasks: 541
Solving time: 0.002172 seconds
plan limit 978
current timestep 378
num of flexible agents: 240
num of flexible tasks: 540
Solving time: 0.0020785 seconds
plan limit 978
current timestep 379
num of flexible agents: 240
num of flexible tasks: 540
Solving time: 0.0025586 seconds
plan limit 977
current timestep 380
num of flexible agents: 237
num of flexible tasks: 537
Solving time: 0.0020161 seconds
plan limit 978
current timestep 381
num of flexible agents: 233
num of flexible tasks: 533
Solving time: 0.0019369 seconds
plan limit 978
current timestep 382
num of flexible agents: 232
num of flexible tasks: 532
Solving time: 0.0021652 seconds
plan limit 978
current timestep 383
num of flexible agents: 228
num of flexible tasks: 528
Solving time: 0.001981 seconds
plan limit 978
current timestep 384
num of flexible agents: 231
num of flexible tasks: 531
Solving time: 0.0019271 seconds
plan limit 978
current timestep 385
num of flexible agents: 228
num of flexible tasks: 528
Solving time: 0.0019659 seconds
plan limit 978
current timestep 386
num of flexible agents: 232
num of flexible tasks: 532
Solving time: 0.0019951 seconds
plan limit 978
current timestep 387
num of flexible agents: 232
num of flexible tasks: 532
Solving time: 0.0019593 seconds
plan limit 978
current timestep 388
num of flexible agents: 234
num of flexible tasks: 534
Solving time: 0.0019367 seconds
plan limit 978
current timestep 389
num of flexible agents: 231
num of flexible tasks: 531
Solving time: 0.0019774 seconds
plan limit 978
current timestep 390
num of flexible agents: 229
num of flexible tasks: 529
Solving time: 0.0019004 seconds
plan limit 978
current timestep 391
num of flexible agents: 228
num of flexible tasks: 528
Solving time: 0.0021067 seconds
plan limit 978
current timestep 392
num of flexible agents: 228
num of flexible tasks: 528
Solving time: 0.0020776 seconds
plan limit 978
current timestep 393
num of flexible agents: 233
num of flexible tasks: 533
Solving time: 0.0019602 seconds
plan limit 978
current timestep 394
num of flexible agents: 232
num of flexible tasks: 532
Solving time: 0.0019129 seconds
plan limit 978
current timestep 395
num of flexible agents: 230
num of flexible tasks: 530
Solving time: 0.0018921 seconds
plan limit 978
current timestep 396
num of flexible agents: 235
num of flexible tasks: 535
Solving time: 0.002118 seconds
plan limit 978
current timestep 397
num of flexible agents: 229
num of flexible tasks: 529
Solving time: 0.0018738 seconds
plan limit 978
current timestep 398
num of flexible agents: 225
num of flexible tasks: 525
Solving time: 0.0019252 seconds
plan limit 978
current timestep 399
num of flexible agents: 220
num of flexible tasks: 520
Solving time: 0.0019485 seconds
plan limit 978
current timestep 400
num of flexible agents: 221
num of flexible tasks: 521
Solving time: 0.0017621 seconds
plan limit 978
current timestep 401
num of flexible agents: 219
num of flexible tasks: 519
Solving time: 0.001979 seconds
plan limit 978
current timestep 402
num of flexible agents: 222
num of flexible tasks: 522
Solving time: 0.0018475 seconds
plan limit 978
current timestep 403
num of flexible agents: 225
num of flexible tasks: 525
Solving time: 0.0020808 seconds
plan limit 978
current timestep 404
num of flexible agents: 225
num of flexible tasks: 525
Solving time: 0.0026223 seconds
plan limit 977
current timestep 405
num of flexible agents: 225
num of flexible tasks: 525
Solving time: 0.0019187 seconds
plan limit 978
current timestep 406
num of flexible agents: 222
num of flexible tasks: 522
Solving time: 0.0020095 seconds
plan limit 978
current timestep 407
num of flexible agents: 228
num of flexible tasks: 528
Solving time: 0.0019316 seconds
plan limit 978
current timestep 408
num of flexible agents: 232
num of flexible tasks: 532
Solving time: 0.0020239 seconds
plan limit 978
current timestep 409
num of flexible agents: 229
num of flexible tasks: 529
Solving time: 0.0019798 seconds
plan limit 978
current timestep 410
num of flexible agents: 230
num of flexible tasks: 530
Solving time: 0.0019822 seconds
plan limit 978
current timestep 411
num of flexible agents: 234
num of flexible tasks: 534
Solving time: 0.002043 seconds
plan limit 978
current timestep 412
num of flexible agents: 233
num of flexible tasks: 533
Solving time: 0.0018703 seconds
plan limit 978
current timestep 413
num of flexible agents: 235
num of flexible tasks: 535
Solving time: 0.0019419 seconds
plan limit 978
current timestep 414
num of flexible agents: 239
num of flexible tasks: 539
Solving time: 0.0018185 seconds
plan limit 978
current timestep 415
num of flexible agents: 236
num of flexible tasks: 536
Solving time: 0.0020786 seconds
plan limit 978
current timestep 416
num of flexible agents: 235
num of flexible tasks: 535
Solving time: 0.0021025 seconds
plan limit 978
current timestep 417
num of flexible agents: 233
num of flexible tasks: 533
Solving time: 0.0018408 seconds
plan limit 978
current timestep 418
num of flexible agents: 231
num of flexible tasks: 531
Solving time: 0.0019583 seconds
plan limit 978
current timestep 419
num of flexible agents: 237
num of flexible tasks: 537
Solving time: 0.0020054 seconds
plan limit 978
current timestep 420
num of flexible agents: 232
num of flexible tasks: 532
Solving time: 0.0018647 seconds
plan limit 978
current timestep 421
num of flexible agents: 231
num of flexible tasks: 531
Solving time: 0.0020371 seconds
plan limit 978
current timestep 422
num of flexible agents: 227
num of flexible tasks: 527
Solving time: 0.0018549 seconds
plan limit 978
current timestep 423
num of flexible agents: 224
num of flexible tasks: 524
Solving time: 0.0018453 seconds
plan limit 978
current timestep 424
num of flexible agents: 227
num of flexible tasks: 527
Solving time: 0.0018763 seconds
plan limit 978
current timestep 425
num of flexible agents: 224
num of flexible tasks: 524
Solving time: 0.0017942 seconds
plan limit 978
current timestep 426
num of flexible agents: 225
num of flexible tasks: 525
Solving time: 0.0020023 seconds
plan limit 978
current timestep 427
num of flexible agents: 221
num of flexible tasks: 521
Solving time: 0.0019432 seconds
plan limit 978
current timestep 428
num of flexible agents: 217
num of flexible tasks: 517
Solving time: 0.0019102 seconds
plan limit 978
current timestep 429
num of flexible agents: 212
num of flexible tasks: 512
Solving time: 0.0021841 seconds
plan limit 977
current timestep 430
num of flexible agents: 207
num of flexible tasks: 507
Solving time: 0.0019347 seconds
plan limit 978
current timestep 431
num of flexible agents: 206
num of flexible tasks: 506
Solving time: 0.0017143 seconds
plan limit 978
current timestep 432
num of flexible agents: 204
num of flexible tasks: 504
Solving time: 0.0018399 seconds
plan limit 978
current timestep 433
num of flexible agents: 210
num of flexible tasks: 510
Solving time: 0.0021479 seconds
plan limit 978
current timestep 434
num of flexible agents: 215
num of flexible tasks: 515
Solving time: 0.0018393 seconds
plan limit 978
current timestep 435
num of flexible agents: 220
num of flexible tasks: 520
Solving time: 0.0019032 seconds
plan limit 978
current timestep 436
num of flexible agents: 222
num of flexible tasks: 522
Solving time: 0.0019959 seconds
plan limit 978
current timestep 437
num of flexible agents: 225
num of flexible tasks: 525
Solving time: 0.0019895 seconds
plan limit 978
current timestep 438
num of flexible agents: 226
num of flexible tasks: 526
Solving time: 0.0019497 seconds
plan limit 978
current timestep 439
num of flexible agents: 227
num of flexible tasks: 527
Solving time: 0.0018578 seconds
plan limit 978
current timestep 440
num of flexible agents: 226
num of flexible tasks: 526
Solving time: 0.001965 seconds
plan limit 978
current timestep 441
num of flexible agents: 224
num of flexible tasks: 524
Solving time: 0.0020349 seconds
plan limit 978
current timestep 442
num of flexible agents: 229
num of flexible tasks: 529
Solving time: 0.0020691 seconds
plan limit 978
current timestep 443
num of flexible agents: 229
num of flexible tasks: 529
Solving time: 0.0020273 seconds
plan limit 978
current timestep 444
num of flexible agents: 228
num of flexible tasks: 528
Solving time: 0.0019579 seconds
plan limit 978
current timestep 445
num of flexible agents: 232
num of flexible tasks: 532
Solving time: 0.0019411 seconds
plan limit 978
current timestep 446
num of flexible agents: 236
num of flexible tasks: 536
Solving time: 0.0020057 seconds
plan limit 978
current timestep 447
num of flexible agents: 237
num of flexible tasks: 537
Solving time: 0.0019215 seconds
plan limit 978
current timestep 448
num of flexible agents: 238
num of flexible tasks: 538
Solving time: 0.0019111 seconds
plan limit 973
current timestep 449
num of flexible agents: 242
num of flexible tasks: 542
Solving time: 0.0020043 seconds
plan limit 978
current timestep 450
num of flexible agents: 241
num of flexible tasks: 541
Solving time: 0.002115 seconds
plan limit 978
current timestep 451
num of flexible agents: 242
num of flexible tasks: 542
Solving time: 0.0019427 seconds
plan limit 978
current timestep 452
num of flexible agents: 239
num of flexible tasks: 539
Solving time: 0.0020206 seconds
plan limit 978
current timestep 453
num of flexible agents: 241
num of flexible tasks: 541
Solving time: 0.0021433 seconds
plan limit 978
current timestep 454
num of flexible agents: 243
num of flexible tasks: 543
Solving time: 0.0021809 seconds
plan limit 977
current timestep 455
num of flexible agents: 238
num of flexible tasks: 538
Solving time: 0.0019456 seconds
plan limit 978
current timestep 456
num of flexible agents: 239
num of flexible tasks: 539
Solving time: 0.0020776 seconds
plan limit 978
current timestep 457
num of flexible agents: 240
num of flexible tasks: 540
Solving time: 0.0020213 seconds
plan limit 978
current timestep 458
num of flexible agents: 248
num of flexible tasks: 548
Solving time: 0.0019332 seconds
plan limit 978
current timestep 459
num of flexible agents: 250
num of flexible tasks: 550
Solving time: 0.0020433 seconds
plan limit 978
current timestep 460
num of flexible agents: 246
num of flexible tasks: 546
Solving time: 0.0020195 seconds
plan limit 978
current timestep 461
num of flexible agents: 243
num of flexible tasks: 543
Solving time: 0.0020135 seconds
plan limit 978
current timestep 462
num of flexible agents: 238
num of flexible tasks: 538
Solving time: 0.0023009 seconds
plan limit 977
current timestep 463
num of flexible agents: 237
num of flexible tasks: 537
Solving time: 0.0020095 seconds
plan limit 978
current timestep 464
num of flexible agents: 237
num of flexible tasks: 537
Solving time: 0.0018849 seconds
plan limit 978
current timestep 465
num of flexible agents: 234
num of flexible tasks: 534
Solving time: 0.0020965 seconds
plan limit 978
current timestep 466
num of flexible agents: 232
num of flexible tasks: 532
Solving time: 0.002058 seconds
plan limit 978
current timestep 467
num of flexible agents: 230
num of flexible tasks: 530
Solving time: 0.0019558 seconds
plan limit 978
current timestep 468
num of flexible agents: 233
num of flexible tasks: 533
Solving time: 0.0020883 seconds
plan limit 978
current timestep 469
num of flexible agents: 230
num of flexible tasks: 530
Solving time: 0.0022768 seconds
plan limit 978
current timestep 470
num of flexible agents: 227
num of flexible tasks: 527
Solving time: 0.0020402 seconds
plan limit 978
current timestep 471
num of flexible agents: 230
num of flexible tasks: 530
Solving time: 0.0019443 seconds
plan limit 978
current timestep 472
num of flexible agents: 227
num of flexible tasks: 527
Solving time: 0.0020219 seconds
plan limit 978
current timestep 473
num of flexible agents: 225
num of flexible tasks: 525
Solving time: 0.0020758 seconds
plan limit 978
current timestep 474
num of flexible agents: 223
num of flexible tasks: 523
Solving time: 0.0019951 seconds
plan limit 978
current timestep 475
num of flexible agents: 222
num of flexible tasks: 522
Solving time: 0.00216 seconds
plan limit 978
current timestep 476
num of flexible agents: 216
num of flexible tasks: 516
Solving time: 0.002009 seconds
plan limit 978
current timestep 477
num of flexible agents: 216
num of flexible tasks: 516
Solving time: 0.0021569 seconds
plan limit 978
current timestep 478
num of flexible agents: 211
num of flexible tasks: 511
Solving time: 0.0017613 seconds
plan limit 978
current timestep 479
num of flexible agents: 210
num of flexible tasks: 510
Solving time: 0.0018786 seconds
plan limit 978
current timestep 480
num of flexible agents: 206
num of flexible tasks: 506
Solving time: 0.0019184 seconds
plan limit 978
current timestep 481
num of flexible agents: 208
num of flexible tasks: 508
Solving time: 0.0018983 seconds
plan limit 978
current timestep 482
num of flexible agents: 208
num of flexible tasks: 508
Solving time: 0.0019909 seconds
plan limit 978
current timestep 483
num of flexible agents: 212
num of flexible tasks: 512
Solving time: 0.0019513 seconds
plan limit 978
current timestep 484
num of flexible agents: 210
num of flexible tasks: 510
Solving time: 0.0018603 seconds
plan limit 978
current timestep 485
num of flexible agents: 210
num of flexible tasks: 510
Solving time: 0.001918 seconds
plan limit 978
current timestep 486
num of flexible agents: 213
num of flexible tasks: 513
Solving time: 0.0020171 seconds
plan limit 978
current timestep 487
num of flexible agents: 208
num of flexible tasks: 508
Solving time: 0.0020491 seconds
plan limit 978
current timestep 488
num of flexible agents: 211
num of flexible tasks: 511
Solving time: 0.0021617 seconds
plan limit 978
current timestep 489
num of flexible agents: 213
num of flexible tasks: 513
Solving time: 0.0020386 seconds
plan limit 978
current timestep 490
num of flexible agents: 219
num of flexible tasks: 519
Solving time: 0.002926 seconds
plan limit 977
current timestep 491
num of flexible agents: 227
num of flexible tasks: 527
Solving time: 0.0024213 seconds
plan limit 977
current timestep 492
num of flexible agents: 229
num of flexible tasks: 529
Solving time: 0.0021577 seconds
plan limit 978
current timestep 493
num of flexible agents: 226
num of flexible tasks: 526
Solving time: 0.0018583 seconds
plan limit 978
current timestep 494
num of flexible agents: 230
num of flexible tasks: 530
Solving time: 0.0020423 seconds
plan limit 978
current timestep 495
num of flexible agents: 234
num of flexible tasks: 534
Solving time: 0.0020229 seconds
plan limit 978
current timestep 496
num of flexible agents: 230
num of flexible tasks: 530
Solving time: 0.0020513 seconds
plan limit 978
current timestep 497
num of flexible agents: 232
num of flexible tasks: 532
Solving time: 0.0020747 seconds
plan limit 978
current timestep 498
num of flexible agents: 231
num of flexible tasks: 531
Solving time: 0.0021244 seconds
plan limit 978
current timestep 499
num of flexible agents: 229
num of flexible tasks: 529
Solving time: 0.0020825 seconds
plan limit 978
current timestep 500
num of flexible agents: 226
num of flexible tasks: 526
Solving time: 0.0028817 seconds
plan limit 977
current timestep 501
num of flexible agents: 230
num of flexible tasks: 530
Solving time: 0.0021474 seconds
plan limit 978
current timestep 502
num of flexible agents: 233
num of flexible tasks: 533
Solving time: 0.0019903 seconds
plan limit 978
current timestep 503
num of flexible agents: 234
num of flexible tasks: 534
Solving time: 0.0019657 seconds
plan limit 978
current timestep 504
num of flexible agents: 239
num of flexible tasks: 539
Solving time: 0.0020016 seconds
plan limit 978
current timestep 505
num of flexible agents: 238
num of flexible tasks: 538
Solving time: 0.0019521 seconds
plan limit 978
current timestep 506
num of flexible agents: 239
num of flexible tasks: 539
Solving time: 0.001941 seconds
plan limit 978
current timestep 507
num of flexible agents: 237
num of flexible tasks: 537
Solving time: 0.0019946 seconds
plan limit 978
current timestep 508
num of flexible agents: 237
num of flexible tasks: 537
Solving time: 0.0019813 seconds
plan limit 978
current timestep 509
num of flexible agents: 238
num of flexible tasks: 538
Solving time: 0.0018812 seconds
plan limit 978
current timestep 510
num of flexible agents: 234
num of flexible tasks: 534
Solving time: 0.0022795 seconds
plan limit 977
current timestep 511
num of flexible agents: 236
num of flexible tasks: 536
Solving time: 0.002016 seconds
plan limit 978
current timestep 512
num of flexible agents: 237
num of flexible tasks: 537
Solving time: 0.0019365 seconds
plan limit 978
current timestep 513
num of flexible agents: 239
num of flexible tasks: 539
Solving time: 0.0020992 seconds
plan limit 978
current timestep 514
num of flexible agents: 242
num of flexible tasks: 542
Solving time: 0.0021565 seconds
plan limit 977
current timestep 515
num of flexible agents: 246
num of flexible tasks: 546
Solving time: 0.0019067 seconds
plan limit 978
current timestep 516
num of flexible agents: 243
num of flexible tasks: 543
Solving time: 0.0020555 seconds
plan limit 978
current timestep 517
num of flexible agents: 243
num of flexible tasks: 543
Solving time: 0.0019958 seconds
plan limit 978
current timestep 518
num of flexible agents: 247
num of flexible tasks: 547
Solving time: 0.0017998 seconds
plan limit 978
current timestep 519
num of flexible agents: 244
num of flexible tasks: 544
Solving time: 0.0017795 seconds
plan limit 978
current timestep 520
num of flexible agents: 236
num of flexible tasks: 536
Solving time: 0.0017763 seconds
plan limit 978
current timestep 521
num of flexible agents: 238
num of flexible tasks: 538
Solving time: 0.0018831 seconds
plan limit 978
current timestep 522
num of flexible agents: 245
num of flexible tasks: 545
Solving time: 0.0019167 seconds
plan limit 978
current timestep 523
num of flexible agents: 246
num of flexible tasks: 546
Solving time: 0.0053937 seconds
plan limit 973
current timestep 524
num of flexible agents: 246
num of flexible tasks: 546
Solving time: 0.0022188 seconds
plan limit 978
current timestep 525
num of flexible agents: 241
num of flexible tasks: 541
Solving time: 0.0020127 seconds
plan limit 978
current timestep 526
num of flexible agents: 245
num of flexible tasks: 545
Solving time: 0.0020805 seconds
plan limit 978
current timestep 527
num of flexible agents: 247
num of flexible tasks: 547
Solving time: 0.0020669 seconds
plan limit 978
current timestep 528
num of flexible agents: 249
num of flexible tasks: 549
Solving time: 0.0019485 seconds
plan limit 978
current timestep 529
num of flexible agents: 254
num of flexible tasks: 554
Solving time: 0.0019462 seconds
plan limit 978
current timestep 530
num of flexible agents: 251
num of flexible tasks: 551
Solving time: 0.0018233 seconds
plan limit 978
current timestep 531
num of flexible agents: 251
num of flexible tasks: 551
Solving time: 0.0024684 seconds
plan limit 977
current timestep 532
num of flexible agents: 247
num of flexible tasks: 547
Solving time: 0.001774 seconds
plan limit 978
current timestep 533
num of flexible agents: 248
num of flexible tasks: 548
Solving time: 0.0018419 seconds
plan limit 978
current timestep 534
num of flexible agents: 246
num of flexible tasks: 546
Solving time: 0.0018643 seconds
plan limit 978
current timestep 535
num of flexible agents: 242
num of flexible tasks: 542
Solving time: 0.0019135 seconds
plan limit 978
current timestep 536
num of flexible agents: 242
num of flexible tasks: 542
Solving time: 0.0018903 seconds
plan limit 978
current timestep 537
num of flexible agents: 237
num of flexible tasks: 537
Solving time: 0.0018094 seconds
plan limit 978
current timestep 538
num of flexible agents: 239
num of flexible tasks: 539
Solving time: 0.0018619 seconds
plan limit 978
current timestep 539
num of flexible agents: 238
num of flexible tasks: 538
Solving time: 0.0018247 seconds
plan limit 978
current timestep 540
num of flexible agents: 236
num of flexible tasks: 536
Solving time: 0.0019515 seconds
plan limit 978
current timestep 541
num of flexible agents: 236
num of flexible tasks: 536
Solving time: 0.0017132 seconds
plan limit 978
current timestep 542
num of flexible agents: 240
num of flexible tasks: 540
Solving time: 0.0018372 seconds
plan limit 978
current timestep 543
num of flexible agents: 239
num of flexible tasks: 539
Solving time: 0.0017616 seconds
plan limit 978
current timestep 544
num of flexible agents: 238
num of flexible tasks: 538
Solving time: 0.0018171 seconds
plan limit 978
current timestep 545
num of flexible agents: 237
num of flexible tasks: 537
Solving time: 0.0017541 seconds
plan limit 978
current timestep 546
num of flexible agents: 237
num of flexible tasks: 537
Solving time: 0.0017721 seconds
plan limit 978
current timestep 547
num of flexible agents: 238
num of flexible tasks: 538
Solving time: 0.0018321 seconds
plan limit 978
current timestep 548
num of flexible agents: 241
num of flexible tasks: 541
Solving time: 0.0019967 seconds
plan limit 978
current timestep 549
num of flexible agents: 241
num of flexible tasks: 541
Solving time: 0.0025232 seconds
plan limit 977
current timestep 550
num of flexible agents: 237
num of flexible tasks: 537
Solving time: 0.001903 seconds
plan limit 978
current timestep 551
num of flexible agents: 233
num of flexible tasks: 533
Solving time: 0.0020141 seconds
plan limit 978
current timestep 552
num of flexible agents: 234
num of flexible tasks: 534
Solving time: 0.0020225 seconds
plan limit 978
current timestep 553
num of flexible agents: 237
num of flexible tasks: 537
Solving time: 0.0020228 seconds
plan limit 978
current timestep 554
num of flexible agents: 234
num of flexible tasks: 534
Solving time: 0.0019332 seconds
plan limit 978
current timestep 555
num of flexible agents: 234
num of flexible tasks: 534
Solving time: 0.0019626 seconds
plan limit 978
current timestep 556
num of flexible agents: 230
num of flexible tasks: 530
Solving time: 0.0019275 seconds
plan limit 978
current timestep 557
num of flexible agents: 228
num of flexible tasks: 528
Solving time: 0.0019427 seconds
plan limit 978
current timestep 558
num of flexible agents: 227
num of flexible tasks: 527
Solving time: 0.0019425 seconds
plan limit 978
current timestep 559
num of flexible agents: 223
num of flexible tasks: 523
Solving time: 0.001887 seconds
plan limit 978
current timestep 560
num of flexible agents: 215
num of flexible tasks: 515
Solving time: 0.0018881 seconds
plan limit 978
current timestep 561
num of flexible agents: 216
num of flexible tasks: 516
Solving time: 0.0018828 seconds
plan limit 978
current timestep 562
num of flexible agents: 216
num of flexible tasks: 516
Solving time: 0.0019761 seconds
plan limit 978
current timestep 563
num of flexible agents: 212
num of flexible tasks: 512
Solving time: 0.0018382 seconds
plan limit 978
current timestep 564
num of flexible agents: 211
num of flexible tasks: 511
Solving time: 0.001925 seconds
plan limit 978
current timestep 565
num of flexible agents: 219
num of flexible tasks: 519
Solving time: 0.0017966 seconds
plan limit 978
current timestep 566
num of flexible agents: 228
num of flexible tasks: 528
Solving time: 0.0019727 seconds
plan limit 978
current timestep 567
num of flexible agents: 226
num of flexible tasks: 526
Solving time: 0.0019432 seconds
plan limit 978
current timestep 568
num of flexible agents: 228
num of flexible tasks: 528
Solving time: 0.00192 seconds
plan limit 978
current timestep 569
num of flexible agents: 221
num of flexible tasks: 521
Solving time: 0.0018051 seconds
plan limit 978
current timestep 570
num of flexible agents: 226
num of flexible tasks: 526
Solving time: 0.0019527 seconds
plan limit 978
current timestep 571
num of flexible agents: 229
num of flexible tasks: 529
Solving time: 0.0019674 seconds
plan limit 978
current timestep 572
num of flexible agents: 229
num of flexible tasks: 529
Solving time: 0.0019365 seconds
plan limit 978
current timestep 573
num of flexible agents: 231
num of flexible tasks: 531
Solving time: 0.001937 seconds
plan limit 978
current timestep 574
num of flexible agents: 231
num of flexible tasks: 531
Solving time: 0.0019237 seconds
plan limit 978
current timestep 575
num of flexible agents: 228
num of flexible tasks: 528
Solving time: 0.0018538 seconds
plan limit 978
current timestep 576
num of flexible agents: 228
num of flexible tasks: 528
Solving time: 0.0020428 seconds
plan limit 978
current timestep 577
num of flexible agents: 225
num of flexible tasks: 525
Solving time: 0.0020383 seconds
plan limit 978
current timestep 578
num of flexible agents: 226
num of flexible tasks: 526
Solving time: 0.0018995 seconds
plan limit 978
current timestep 579
num of flexible agents: 230
num of flexible tasks: 530
Solving time: 0.0021171 seconds
plan limit 978
current timestep 580
num of flexible agents: 234
num of flexible tasks: 534
Solving time: 0.0021143 seconds
plan limit 978
current timestep 581
num of flexible agents: 233
num of flexible tasks: 533
Solving time: 0.0020808 seconds
plan limit 978
current timestep 582
num of flexible agents: 235
num of flexible tasks: 535
Solving time: 0.0021196 seconds
plan limit 978
current timestep 583
num of flexible agents: 235
num of flexible tasks: 535
Solving time: 0.0019954 seconds
plan limit 978
current timestep 584
num of flexible agents: 236
num of flexible tasks: 536
Solving time: 0.0020296 seconds
plan limit 978
current timestep 585
num of flexible agents: 239
num of flexible tasks: 539
Solving time: 0.0019273 seconds
plan limit 978
current timestep 586
num of flexible agents: 236
num of flexible tasks: 536
Solving time: 0.0018859 seconds
plan limit 978
current timestep 587
num of flexible agents: 232
num of flexible tasks: 532
Solving time: 0.0020535 seconds
plan limit 978
current timestep 588
num of flexible agents: 237
num of flexible tasks: 537
Solving time: 0.0020323 seconds
plan limit 978
current timestep 589
num of flexible agents: 240
num of flexible tasks: 540
Solving time: 0.0021069 seconds
plan limit 978
current timestep 590
num of flexible agents: 237
num of flexible tasks: 537
Solving time: 0.0018404 seconds
plan limit 978
current timestep 591
num of flexible agents: 235
num of flexible tasks: 535
Solving time: 0.0019348 seconds
plan limit 978
current timestep 592
num of flexible agents: 234
num of flexible tasks: 534
Solving time: 0.0028541 seconds
plan limit 977
current timestep 593
num of flexible agents: 235
num of flexible tasks: 535
Solving time: 0.0020002 seconds
plan limit 978
current timestep 594
num of flexible agents: 233
num of flexible tasks: 533
Solving time: 0.0019009 seconds
plan limit 978
current timestep 595
num of flexible agents: 238
num of flexible tasks: 538
Solving time: 0.0019344 seconds
plan limit 978
current timestep 596
num of flexible agents: 234
num of flexible tasks: 534
Solving time: 0.0019132 seconds
plan limit 978
current timestep 597
num of flexible agents: 236
num of flexible tasks: 536
Solving time: 0.0019441 seconds
plan limit 978
current timestep 598
num of flexible agents: 236
num of flexible tasks: 536
Solving time: 0.0019263 seconds
plan limit 978
current timestep 599
num of flexible agents: 234
num of flexible tasks: 534
Solving time: 0.001898 seconds
plan limit 978
current timestep 600
num of flexible agents: 235
num of flexible tasks: 535
Solving time: 0.0018452 seconds
plan limit 978
current timestep 601
num of flexible agents: 238
num of flexible tasks: 538
Solving time: 0.0019359 seconds
plan limit 978
current timestep 602
num of flexible agents: 241
num of flexible tasks: 541
Solving time: 0.001902 seconds
plan limit 978
current timestep 603
num of flexible agents: 237
num of flexible tasks: 537
Solving time: 0.0020127 seconds
plan limit 978
current timestep 604
num of flexible agents: 240
num of flexible tasks: 540
Solving time: 0.0021264 seconds
plan limit 978
current timestep 605
num of flexible agents: 237
num of flexible tasks: 537
Solving time: 0.0019678 seconds
plan limit 978
current timestep 606
num of flexible agents: 238
num of flexible tasks: 538
Solving time: 0.0018545 seconds
plan limit 978
current timestep 607
num of flexible agents: 238
num of flexible tasks: 538
Solving time: 0.0019768 seconds
plan limit 978
current timestep 608
num of flexible agents: 230
num of flexible tasks: 530
Solving time: 0.002066 seconds
plan limit 978
current timestep 609
num of flexible agents: 235
num of flexible tasks: 535
Solving time: 0.0019342 seconds
plan limit 978
current timestep 610
num of flexible agents: 232
num of flexible tasks: 532
Solving time: 0.0019269 seconds
plan limit 978
current timestep 611
num of flexible agents: 230
num of flexible tasks: 530
Solving time: 0.0020265 seconds
plan limit 978
current timestep 612
num of flexible agents: 229
num of flexible tasks: 529
Solving time: 0.0021349 seconds
plan limit 977
current timestep 613
num of flexible agents: 232
num of flexible tasks: 532
Solving time: 0.0019641 seconds
plan limit 978
current timestep 614
num of flexible agents: 235
num of flexible tasks: 535
Solving time: 0.0020732 seconds
plan limit 978
current timestep 615
num of flexible agents: 234
num of flexible tasks: 534
Solving time: 0.0021775 seconds
plan limit 978
current timestep 616
num of flexible agents: 233
num of flexible tasks: 533
Solving time: 0.0018574 seconds
plan limit 978
current timestep 617
num of flexible agents: 234
num of flexible tasks: 534
Solving time: 0.0018408 seconds
plan limit 978
current timestep 618
num of flexible agents: 239
num of flexible tasks: 539
Solving time: 0.0017325 seconds
plan limit 978
current timestep 619
num of flexible agents: 233
num of flexible tasks: 533
Solving time: 0.0018203 seconds
plan limit 978
current timestep 620
num of flexible agents: 235
num of flexible tasks: 535
Solving time: 0.0019575 seconds
plan limit 978
current timestep 621
num of flexible agents: 234
num of flexible tasks: 534
Solving time: 0.0019445 seconds
plan limit 978
current timestep 622
num of flexible agents: 238
num of flexible tasks: 538
Solving time: 0.0020919 seconds
plan limit 978
current timestep 623
num of flexible agents: 238
num of flexible tasks: 538
Solving time: 0.0021513 seconds
plan limit 977
current timestep 624
num of flexible agents: 235
num of flexible tasks: 535
Solving time: 0.0019133 seconds
plan limit 978
current timestep 625
num of flexible agents: 232
num of flexible tasks: 532
Solving time: 0.0017634 seconds
plan limit 978
current timestep 626
num of flexible agents: 238
num of flexible tasks: 538
Solving time: 0.0018326 seconds
plan limit 978
current timestep 627
num of flexible agents: 238
num of flexible tasks: 538
Solving time: 0.0018362 seconds
plan limit 978
current timestep 628
num of flexible agents: 233
num of flexible tasks: 533
Solving time: 0.0018375 seconds
plan limit 978
current timestep 629
num of flexible agents: 233
num of flexible tasks: 533
Solving time: 0.0022672 seconds
plan limit 978
current timestep 630
num of flexible agents: 234
num of flexible tasks: 534
Solving time: 0.0021667 seconds
plan limit 978
current timestep 631
num of flexible agents: 235
num of flexible tasks: 535
Solving time: 0.0019398 seconds
plan limit 978
current timestep 632
num of flexible agents: 238
num of flexible tasks: 538
Solving time: 0.0018937 seconds
plan limit 978
current timestep 633
num of flexible agents: 242
num of flexible tasks: 542
Solving time: 0.0019178 seconds
plan limit 978
current timestep 634
num of flexible agents: 248
num of flexible tasks: 548
Solving time: 0.0018265 seconds
plan limit 978
current timestep 635
num of flexible agents: 251
num of flexible tasks: 551
Solving time: 0.0019618 seconds
plan limit 978
current timestep 636
num of flexible agents: 246
num of flexible tasks: 546
Solving time: 0.0018575 seconds
plan limit 978
current timestep 637
num of flexible agents: 246
num of flexible tasks: 546
Solving time: 0.0019402 seconds
plan limit 978
current timestep 638
num of flexible agents: 247
num of flexible tasks: 547
Solving time: 0.0019935 seconds
plan limit 978
current timestep 639
num of flexible agents: 243
num of flexible tasks: 543
Solving time: 0.001873 seconds
plan limit 978
current timestep 640
num of flexible agents: 240
num of flexible tasks: 540
Solving time: 0.0022922 seconds
plan limit 977
current timestep 641
num of flexible agents: 237
num of flexible tasks: 537
Solving time: 0.0018884 seconds
plan limit 978
current timestep 642
num of flexible agents: 235
num of flexible tasks: 535
Solving time: 0.0019165 seconds
plan limit 978
current timestep 643
num of flexible agents: 232
num of flexible tasks: 532
Solving time: 0.0020564 seconds
plan limit 978
current timestep 644
num of flexible agents: 233
num of flexible tasks: 533
Solving time: 0.0018688 seconds
plan limit 978
current timestep 645
num of flexible agents: 234
num of flexible tasks: 534
Solving time: 0.0019955 seconds
plan limit 978
current timestep 646
num of flexible agents: 236
num of flexible tasks: 536
Solving time: 0.0019124 seconds
plan limit 978
current timestep 647
num of flexible agents: 239
num of flexible tasks: 539
Solving time: 0.0020804 seconds
plan limit 978
current timestep 648
num of flexible agents: 241
num of flexible tasks: 541
Solving time: 0.0019146 seconds
plan limit 978
current timestep 649
num of flexible agents: 238
num of flexible tasks: 538
Solving time: 0.0021308 seconds
plan limit 978
current timestep 650
num of flexible agents: 226
num of flexible tasks: 526
Solving time: 0.0020171 seconds
plan limit 978
current timestep 651
num of flexible agents: 218
num of flexible tasks: 518
Solving time: 0.0017832 seconds
plan limit 978
current timestep 652
num of flexible agents: 220
num of flexible tasks: 520
Solving time: 0.0019101 seconds
plan limit 978
current timestep 653
num of flexible agents: 223
num of flexible tasks: 523
Solving time: 0.0018217 seconds
plan limit 978
current timestep 654
num of flexible agents: 232
num of flexible tasks: 532
Solving time: 0.0021969 seconds
plan limit 977
current timestep 655
num of flexible agents: 233
num of flexible tasks: 533
Solving time: 0.0021528 seconds
plan limit 977
current timestep 656
num of flexible agents: 235
num of flexible tasks: 535
Solving time: 0.0019074 seconds
plan limit 978
current timestep 657
num of flexible agents: 233
num of flexible tasks: 533
Solving time: 0.0021409 seconds
plan limit 978
current timestep 658
num of flexible agents: 233
num of flexible tasks: 533
Solving time: 0.0018516 seconds
plan limit 978
current timestep 659
num of flexible agents: 235
num of flexible tasks: 535
Solving time: 0.001877 seconds
plan limit 978
current timestep 660
num of flexible agents: 231
num of flexible tasks: 531
Solving time: 0.0019115 seconds
plan limit 978
current timestep 661
num of flexible agents: 227
num of flexible tasks: 527
Solving time: 0.0018971 seconds
plan limit 978
current timestep 662
num of flexible agents: 225
num of flexible tasks: 525
Solving time: 0.0019457 seconds
plan limit 978
current timestep 663
num of flexible agents: 224
num of flexible tasks: 524
Solving time: 0.0018418 seconds
plan limit 978
current timestep 664
num of flexible agents: 223
num of flexible tasks: 523
Solving time: 0.0018942 seconds
plan limit 978
current timestep 665
num of flexible agents: 222
num of flexible tasks: 522
Solving time: 0.0018307 seconds
plan limit 978
current timestep 666
num of flexible agents: 220
num of flexible tasks: 520
Solving time: 0.0018465 seconds
plan limit 978
current timestep 667
num of flexible agents: 215
num of flexible tasks: 515
Solving time: 0.0019079 seconds
plan limit 978
current timestep 668
num of flexible agents: 213
num of flexible tasks: 513
Solving time: 0.0018273 seconds
plan limit 978
current timestep 669
num of flexible agents: 215
num of flexible tasks: 515
Solving time: 0.0018052 seconds
plan limit 978
current timestep 670
num of flexible agents: 208
num of flexible tasks: 508
Solving time: 0.0017709 seconds
plan limit 978
current timestep 671
num of flexible agents: 208
num of flexible tasks: 508
Solving time: 0.0020417 seconds
plan limit 978
current timestep 672
num of flexible agents: 207
num of flexible tasks: 507
Solving time: 0.0018249 seconds
plan limit 978
current timestep 673
num of flexible agents: 210
num of flexible tasks: 510
Solving time: 0.0017898 seconds
plan limit 978
current timestep 674
num of flexible agents: 215
num of flexible tasks: 515
Solving time: 0.0019323 seconds
plan limit 978
current timestep 675
num of flexible agents: 209
num of flexible tasks: 509
Solving time: 0.0018866 seconds
plan limit 978
current timestep 676
num of flexible agents: 214
num of flexible tasks: 514
Solving time: 0.0018573 seconds
plan limit 978
current timestep 677
num of flexible agents: 218
num of flexible tasks: 518
Solving time: 0.0022403 seconds
plan limit 978
current timestep 678
num of flexible agents: 220
num of flexible tasks: 520
Solving time: 0.0020617 seconds
plan limit 978
current timestep 679
num of flexible agents: 224
num of flexible tasks: 524
Solving time: 0.0020705 seconds
plan limit 978
current timestep 680
num of flexible agents: 228
num of flexible tasks: 528
Solving time: 0.0019202 seconds
plan limit 978
current timestep 681
num of flexible agents: 225
num of flexible tasks: 525
Solving time: 0.0018866 seconds
plan limit 978
current timestep 682
num of flexible agents: 227
num of flexible tasks: 527
Solving time: 0.0020911 seconds
plan limit 978
current timestep 683
num of flexible agents: 223
num of flexible tasks: 523
Solving time: 0.001879 seconds
plan limit 978
current timestep 684
num of flexible agents: 227
num of flexible tasks: 527
Solving time: 0.0020932 seconds
plan limit 978
current timestep 685
num of flexible agents: 229
num of flexible tasks: 529
Solving time: 0.0018829 seconds
plan limit 978
current timestep 686
num of flexible agents: 226
num of flexible tasks: 526
Solving time: 0.00225 seconds
plan limit 977
current timestep 687
num of flexible agents: 227
num of flexible tasks: 527
Solving time: 0.0019767 seconds
plan limit 978
current timestep 688
num of flexible agents: 220
num of flexible tasks: 520
Solving time: 0.0020219 seconds
plan limit 978
current timestep 689
num of flexible agents: 225
num of flexible tasks: 525
Solving time: 0.0019037 seconds
plan limit 978
current timestep 690
num of flexible agents: 222
num of flexible tasks: 522
Solving time: 0.0019175 seconds
plan limit 978
current timestep 691
num of flexible agents: 218
num of flexible tasks: 518
Solving time: 0.0019638 seconds
plan limit 978
current timestep 692
num of flexible agents: 216
num of flexible tasks: 516
Solving time: 0.002025 seconds
plan limit 978
current timestep 693
num of flexible agents: 218
num of flexible tasks: 518
Solving time: 0.0019037 seconds
plan limit 978
current timestep 694
num of flexible agents: 217
num of flexible tasks: 517
Solving time: 0.0020851 seconds
plan limit 978
current timestep 695
num of flexible agents: 217
num of flexible tasks: 517
Solving time: 0.0023105 seconds
plan limit 977
current timestep 696
num of flexible agents: 218
num of flexible tasks: 518
Solving time: 0.0019917 seconds
plan limit 978
current timestep 697
num of flexible agents: 223
num of flexible tasks: 523
Solving time: 0.0018846 seconds
plan limit 978
current timestep 698
num of flexible agents: 230
num of flexible tasks: 530
Solving time: 0.0021586 seconds
plan limit 978
current timestep 699
num of flexible agents: 233
num of flexible tasks: 533
Solving time: 0.0020002 seconds
plan limit 978
current timestep 700
num of flexible agents: 237
num of flexible tasks: 537
Solving time: 0.002019 seconds
plan limit 978
current timestep 701
num of flexible agents: 238
num of flexible tasks: 538
Solving time: 0.0022163 seconds
plan limit 978
current timestep 702
num of flexible agents: 233
num of flexible tasks: 533
Solving time: 0.002049 seconds
plan limit 978
current timestep 703
num of flexible agents: 237
num of flexible tasks: 537
Solving time: 0.0020532 seconds
plan limit 978
current timestep 704
num of flexible agents: 233
num of flexible tasks: 533
Solving time: 0.001977 seconds
plan limit 978
current timestep 705
num of flexible agents: 228
num of flexible tasks: 528
Solving time: 0.0021922 seconds
plan limit 977
current timestep 706
num of flexible agents: 224
num of flexible tasks: 524
Solving time: 0.0019827 seconds
plan limit 978
current timestep 707
num of flexible agents: 223
num of flexible tasks: 523
Solving time: 0.001955 seconds
plan limit 978
current timestep 708
num of flexible agents: 222
num of flexible tasks: 522
Solving time: 0.0019477 seconds
plan limit 978
current timestep 709
num of flexible agents: 225
num of flexible tasks: 525
Solving time: 0.0019808 seconds
plan limit 978
current timestep 710
num of flexible agents: 222
num of flexible tasks: 522
Solving time: 0.0019566 seconds
plan limit 978
current timestep 711
num of flexible agents: 223
num of flexible tasks: 523
Solving time: 0.001983 seconds
plan limit 978
current timestep 712
num of flexible agents: 227
num of flexible tasks: 527
Solving time: 0.0021008 seconds
plan limit 978
current timestep 713
num of flexible agents: 227
num of flexible tasks: 527
Solving time: 0.0019383 seconds
plan limit 978
current timestep 714
num of flexible agents: 234
num of flexible tasks: 534
Solving time: 0.0020251 seconds
plan limit 978
current timestep 715
num of flexible agents: 232
num of flexible tasks: 532
Solving time: 0.0019137 seconds
plan limit 978
current timestep 716
num of flexible agents: 234
num of flexible tasks: 534
Solving time: 0.0020208 seconds
plan limit 978
current timestep 717
num of flexible agents: 239
num of flexible tasks: 539
Solving time: 0.0018774 seconds
plan limit 978
current timestep 718
num of flexible agents: 235
num of flexible tasks: 535
Solving time: 0.0020215 seconds
plan limit 978
current timestep 719
num of flexible agents: 232
num of flexible tasks: 532
Solving time: 0.001856 seconds
plan limit 978
current timestep 720
num of flexible agents: 229
num of flexible tasks: 529
Solving time: 0.0020384 seconds
plan limit 978
current timestep 721
num of flexible agents: 225
num of flexible tasks: 525
Solving time: 0.0019909 seconds
plan limit 978
current timestep 722
num of flexible agents: 223
num of flexible tasks: 523
Solving time: 0.0018398 seconds
plan limit 978
current timestep 723
num of flexible agents: 225
num of flexible tasks: 525
Solving time: 0.0057492 seconds
plan limit 973
current timestep 724
num of flexible agents: 221
num of flexible tasks: 521
Solving time: 0.0018596 seconds
plan limit 978
current timestep 725
num of flexible agents: 226
num of flexible tasks: 526
Solving time: 0.0020364 seconds
plan limit 978
current timestep 726
num of flexible agents: 227
num of flexible tasks: 527
Solving time: 0.0018882 seconds
plan limit 978
current timestep 727
num of flexible agents: 232
num of flexible tasks: 532
Solving time: 0.002039 seconds
plan limit 978
current timestep 728
num of flexible agents: 236
num of flexible tasks: 536
Solving time: 0.0020275 seconds
plan limit 978
current timestep 729
num of flexible agents: 231
num of flexible tasks: 531
Solving time: 0.0019455 seconds
plan limit 978
current timestep 730
num of flexible agents: 236
num of flexible tasks: 536
Solving time: 0.0018804 seconds
plan limit 978
current timestep 731
num of flexible agents: 237
num of flexible tasks: 537
Solving time: 0.0020455 seconds
plan limit 978
current timestep 732
num of flexible agents: 236
num of flexible tasks: 536
Solving time: 0.0020973 seconds
plan limit 978
current timestep 733
num of flexible agents: 236
num of flexible tasks: 536
Solving time: 0.0019699 seconds
plan limit 978
current timestep 734
num of flexible agents: 239
num of flexible tasks: 539
Solving time: 0.0020604 seconds
plan limit 978
current timestep 735
num of flexible agents: 240
num of flexible tasks: 540
Solving time: 0.0019397 seconds
plan limit 978
current timestep 736
num of flexible agents: 236
num of flexible tasks: 536
Solving time: 0.0021076 seconds
plan limit 978
current timestep 737
num of flexible agents: 234
num of flexible tasks: 534
Solving time: 0.0020677 seconds
plan limit 978
current timestep 738
num of flexible agents: 233
num of flexible tasks: 533
Solving time: 0.0020329 seconds
plan limit 978
current timestep 739
num of flexible agents: 234
num of flexible tasks: 534
Solving time: 0.0019911 seconds
plan limit 978
current timestep 740
num of flexible agents: 233
num of flexible tasks: 533
Solving time: 0.00197 seconds
plan limit 978
current timestep 741
num of flexible agents: 232
num of flexible tasks: 532
Solving time: 0.0019309 seconds
plan limit 978
current timestep 742
num of flexible agents: 231
num of flexible tasks: 531
Solving time: 0.0019621 seconds
plan limit 978
current timestep 743
num of flexible agents: 234
num of flexible tasks: 534
Solving time: 0.0020549 seconds
plan limit 978
current timestep 744
num of flexible agents: 232
num of flexible tasks: 532
Solving time: 0.0019931 seconds
plan limit 978
current timestep 745
num of flexible agents: 232
num of flexible tasks: 532
Solving time: 0.0020765 seconds
plan limit 978
current timestep 746
num of flexible agents: 232
num of flexible tasks: 532
Solving time: 0.0019439 seconds
plan limit 978
current timestep 747
num of flexible agents: 228
num of flexible tasks: 528
Solving time: 0.0018846 seconds
plan limit 978
current timestep 748
num of flexible agents: 223
num of flexible tasks: 523
Solving time: 0.0018928 seconds
plan limit 978
current timestep 749
num of flexible agents: 229
num of flexible tasks: 529
Solving time: 0.0019667 seconds
plan limit 978
current timestep 750
num of flexible agents: 230
num of flexible tasks: 530
Solving time: 0.0019837 seconds
plan limit 978
current timestep 751
num of flexible agents: 228
num of flexible tasks: 528
Solving time: 0.0020608 seconds
plan limit 978
current timestep 752
num of flexible agents: 230
num of flexible tasks: 530
Solving time: 0.0021488 seconds
plan limit 978
current timestep 753
num of flexible agents: 230
num of flexible tasks: 530
Solving time: 0.0019448 seconds
plan limit 978
current timestep 754
num of flexible agents: 229
num of flexible tasks: 529
Solving time: 0.0019026 seconds
plan limit 978
current timestep 755
num of flexible agents: 228
num of flexible tasks: 528
Solving time: 0.0023716 seconds
plan limit 977
current timestep 756
num of flexible agents: 231
num of flexible tasks: 531
Solving time: 0.002 seconds
plan limit 978
current timestep 757
num of flexible agents: 228
num of flexible tasks: 528
Solving time: 0.0019698 seconds
plan limit 978
current timestep 758
num of flexible agents: 228
num of flexible tasks: 528
Solving time: 0.0020086 seconds
plan limit 978
current timestep 759
num of flexible agents: 225
num of flexible tasks: 525
Solving time: 0.0021628 seconds
plan limit 978
current timestep 760
num of flexible agents: 229
num of flexible tasks: 529
Solving time: 0.0021535 seconds
plan limit 978
current timestep 761
num of flexible agents: 231
num of flexible tasks: 531
Solving time: 0.002014 seconds
plan limit 978
current timestep 762
num of flexible agents: 235
num of flexible tasks: 535
Solving time: 0.0020065 seconds
plan limit 978
current timestep 763
num of flexible agents: 236
num of flexible tasks: 536
Solving time: 0.0021078 seconds
plan limit 978
current timestep 764
num of flexible agents: 233
num of flexible tasks: 533
Solving time: 0.0021365 seconds
plan limit 978
current timestep 765
num of flexible agents: 235
num of flexible tasks: 535
Solving time: 0.0022421 seconds
plan limit 978
current timestep 766
num of flexible agents: 237
num of flexible tasks: 537
Solving time: 0.0020491 seconds
plan limit 978
current timestep 767
num of flexible agents: 238
num of flexible tasks: 538
Solving time: 0.0019816 seconds
plan limit 978
current timestep 768
num of flexible agents: 231
num of flexible tasks: 531
Solving time: 0.0021279 seconds
plan limit 978
current timestep 769
num of flexible agents: 230
num of flexible tasks: 530
Solving time: 0.0020091 seconds
plan limit 978
current timestep 770
num of flexible agents: 229
num of flexible tasks: 529
Solving time: 0.001959 seconds
plan limit 978
current timestep 771
num of flexible agents: 224
num of flexible tasks: 524
Solving time: 0.0024309 seconds
plan limit 977
current timestep 772
num of flexible agents: 222
num of flexible tasks: 522
Solving time: 0.0020884 seconds
plan limit 978
current timestep 773
num of flexible agents: 223
num of flexible tasks: 523
Solving time: 0.0019605 seconds
plan limit 978
current timestep 774
num of flexible agents: 222
num of flexible tasks: 522
Solving time: 0.0019259 seconds
plan limit 978
current timestep 775
num of flexible agents: 225
num of flexible tasks: 525
Solving time: 0.0019413 seconds
plan limit 978
current timestep 776
num of flexible agents: 227
num of flexible tasks: 527
Solving time: 0.0027057 seconds
plan limit 977
current timestep 777
num of flexible agents: 226
num of flexible tasks: 526
Solving time: 0.0018005 seconds
plan limit 978
current timestep 778
num of flexible agents: 224
num of flexible tasks: 524
Solving time: 0.0018754 seconds
plan limit 978
current timestep 779
num of flexible agents: 221
num of flexible tasks: 521
Solving time: 0.0019708 seconds
plan limit 978
current timestep 780
num of flexible agents: 218
num of flexible tasks: 518
Solving time: 0.0019826 seconds
plan limit 978
current timestep 781
num of flexible agents: 216
num of flexible tasks: 516
Solving time: 0.0019084 seconds
plan limit 978
current timestep 782
num of flexible agents: 213
num of flexible tasks: 513
Solving time: 0.0022047 seconds
plan limit 977
current timestep 783
num of flexible agents: 214
num of flexible tasks: 514
Solving time: 0.0021836 seconds
plan limit 978
current timestep 784
num of flexible agents: 217
num of flexible tasks: 517
Solving time: 0.0020402 seconds
plan limit 978
current timestep 785
num of flexible agents: 222
num of flexible tasks: 522
Solving time: 0.0019984 seconds
plan limit 978
current timestep 786
num of flexible agents: 223
num of flexible tasks: 523
Solving time: 0.0021742 seconds
plan limit 978
current timestep 787
num of flexible agents: 222
num of flexible tasks: 522
Solving time: 0.0021099 seconds
plan limit 978
current timestep 788
num of flexible agents: 220
num of flexible tasks: 520
Solving time: 0.0023401 seconds
plan limit 977
current timestep 789
num of flexible agents: 218
num of flexible tasks: 518
Solving time: 0.0019328 seconds
plan limit 978
current timestep 790
num of flexible agents: 217
num of flexible tasks: 517
Solving time: 0.0019799 seconds
plan limit 978
current timestep 791
num of flexible agents: 214
num of flexible tasks: 514
Solving time: 0.0019668 seconds
plan limit 978
current timestep 792
num of flexible agents: 215
num of flexible tasks: 515
Solving time: 0.0020194 seconds
plan limit 978
current timestep 793
num of flexible agents: 215
num of flexible tasks: 515
Solving time: 0.0020823 seconds
plan limit 978
current timestep 794
num of flexible agents: 217
num of flexible tasks: 517
Solving time: 0.0019927 seconds
plan limit 978
current timestep 795
num of flexible agents: 220
num of flexible tasks: 520
Solving time: 0.0020274 seconds
plan limit 978
current timestep 796
num of flexible agents: 220
num of flexible tasks: 520
Solving time: 0.0021039 seconds
plan limit 978
current timestep 797
num of flexible agents: 220
num of flexible tasks: 520
Solving time: 0.0020038 seconds
plan limit 978
current timestep 798
num of flexible agents: 219
num of flexible tasks: 519
Solving time: 0.00207 seconds
plan limit 978
current timestep 799
num of flexible agents: 224
num of flexible tasks: 524
Solving time: 0.0020342 seconds
plan limit 978
current timestep 800
num of flexible agents: 225
num of flexible tasks: 525
Solving time: 0.0018994 seconds
plan limit 978
current timestep 801
num of flexible agents: 231
num of flexible tasks: 531
Solving time: 0.0020858 seconds
plan limit 978
current timestep 802
num of flexible agents: 232
num of flexible tasks: 532
Solving time: 0.0018643 seconds
plan limit 978
current timestep 803
num of flexible agents: 229
num of flexible tasks: 529
Solving time: 0.0019188 seconds
plan limit 978
current timestep 804
num of flexible agents: 230
num of flexible tasks: 530
Solving time: 0.0021644 seconds
plan limit 978
current timestep 805
num of flexible agents: 236
num of flexible tasks: 536
Solving time: 0.0027727 seconds
plan limit 977
current timestep 806
num of flexible agents: 232
num of flexible tasks: 532
Solving time: 0.0020551 seconds
plan limit 978
current timestep 807
num of flexible agents: 233
num of flexible tasks: 533
Solving time: 0.0017917 seconds
plan limit 978
current timestep 808
num of flexible agents: 236
num of flexible tasks: 536
Solving time: 0.002147 seconds
plan limit 978
current timestep 809
num of flexible agents: 233
num of flexible tasks: 533
Solving time: 0.0025919 seconds
plan limit 977
current timestep 810
num of flexible agents: 229
num of flexible tasks: 529
Solving time: 0.0019487 seconds
plan limit 978
current timestep 811
num of flexible agents: 225
num of flexible tasks: 525
Solving time: 0.0019947 seconds
plan limit 978
current timestep 812
num of flexible agents: 227
num of flexible tasks: 527
Solving time: 0.0020304 seconds
plan limit 978
current timestep 813
num of flexible agents: 227
num of flexible tasks: 527
Solving time: 0.001896 seconds
plan limit 978
current timestep 814
num of flexible agents: 227
num of flexible tasks: 527
Solving time: 0.0020086 seconds
plan limit 978
current timestep 815
num of flexible agents: 227
num of flexible tasks: 527
Solving time: 0.0019222 seconds
plan limit 978
current timestep 816
num of flexible agents: 228
num of flexible tasks: 528
Solving time: 0.0018911 seconds
plan limit 978
current timestep 817
num of flexible agents: 224
num of flexible tasks: 524
Solving time: 0.0024919 seconds
plan limit 977
current timestep 818
num of flexible agents: 224
num of flexible tasks: 524
Solving time: 0.0018416 seconds
plan limit 978
current timestep 819
num of flexible agents: 221
num of flexible tasks: 521
Solving time: 0.0018982 seconds
plan limit 978
current timestep 820
num of flexible agents: 225
num of flexible tasks: 525
Solving time: 0.0019431 seconds
plan limit 978
current timestep 821
num of flexible agents: 225
num of flexible tasks: 525
Solving time: 0.0021717 seconds
plan limit 978
current timestep 822
num of flexible agents: 227
num of flexible tasks: 527
Solving time: 0.0019522 seconds
plan limit 978
current timestep 823
num of flexible agents: 224
num of flexible tasks: 524
Solving time: 0.002036 seconds
plan limit 978
current timestep 824
num of flexible agents: 229
num of flexible tasks: 529
Solving time: 0.0018277 seconds
plan limit 978
current timestep 825
num of flexible agents: 230
num of flexible tasks: 530
Solving time: 0.0018127 seconds
plan limit 978
current timestep 826
num of flexible agents: 237
num of flexible tasks: 537
Solving time: 0.0019125 seconds
plan limit 978
current timestep 827
num of flexible agents: 238
num of flexible tasks: 538
Solving time: 0.0018882 seconds
plan limit 978
current timestep 828
num of flexible agents: 242
num of flexible tasks: 542
Solving time: 0.0019104 seconds
plan limit 978
current timestep 829
num of flexible agents: 245
num of flexible tasks: 545
Solving time: 0.0019885 seconds
plan limit 978
current timestep 830
num of flexible agents: 240
num of flexible tasks: 540
Solving time: 0.0025495 seconds
plan limit 977
current timestep 831
num of flexible agents: 239
num of flexible tasks: 539
Solving time: 0.001963 seconds
plan limit 978
current timestep 832
num of flexible agents: 244
num of flexible tasks: 544
Solving time: 0.0018806 seconds
plan limit 978
current timestep 833
num of flexible agents: 245
num of flexible tasks: 545
Solving time: 0.0018999 seconds
plan limit 978
current timestep 834
num of flexible agents: 247
num of flexible tasks: 547
Solving time: 0.0019479 seconds
plan limit 978
current timestep 835
num of flexible agents: 242
num of flexible tasks: 542
Solving time: 0.0017446 seconds
plan limit 978
current timestep 836
num of flexible agents: 242
num of flexible tasks: 542
Solving time: 0.0020978 seconds
plan limit 977
current timestep 837
num of flexible agents: 243
num of flexible tasks: 543
Solving time: 0.0018873 seconds
plan limit 978
current timestep 838
num of flexible agents: 241
num of flexible tasks: 541
Solving time: 0.0019611 seconds
plan limit 978
current timestep 839
num of flexible agents: 238
num of flexible tasks: 538
Solving time: 0.0018744 seconds
plan limit 978
current timestep 840
num of flexible agents: 245
num of flexible tasks: 545
Solving time: 0.0019619 seconds
plan limit 978
current timestep 841
num of flexible agents: 245
num of flexible tasks: 545
Solving time: 0.0019218 seconds
plan limit 978
current timestep 842
num of flexible agents: 245
num of flexible tasks: 545
Solving time: 0.0018334 seconds
plan limit 978
current timestep 843
num of flexible agents: 251
num of flexible tasks: 551
Solving time: 0.0031117 seconds
plan limit 976
current timestep 844
num of flexible agents: 247
num of flexible tasks: 547
Solving time: 0.0019516 seconds
plan limit 978
current timestep 845
num of flexible agents: 238
num of flexible tasks: 538
Solving time: 0.001956 seconds
plan limit 978
current timestep 846
num of flexible agents: 232
num of flexible tasks: 532
Solving time: 0.0020384 seconds
plan limit 978
current timestep 847
num of flexible agents: 234
num of flexible tasks: 534
Solving time: 0.0019722 seconds
plan limit 978
current timestep 848
num of flexible agents: 233
num of flexible tasks: 533
Solving time: 0.0018589 seconds
plan limit 978
current timestep 849
num of flexible agents: 230
num of flexible tasks: 530
Solving time: 0.0019343 seconds
plan limit 978
current timestep 850
num of flexible agents: 234
num of flexible tasks: 534
Solving time: 0.0022783 seconds
plan limit 977
current timestep 851
num of flexible agents: 234
num of flexible tasks: 534
Solving time: 0.0018757 seconds
plan limit 978
current timestep 852
num of flexible agents: 238
num of flexible tasks: 538
Solving time: 0.0019875 seconds
plan limit 978
current timestep 853
num of flexible agents: 237
num of flexible tasks: 537
Solving time: 0.004932 seconds
plan limit 974
current timestep 854
num of flexible agents: 235
num of flexible tasks: 535
Solving time: 0.0018852 seconds
plan limit 978
current timestep 855
num of flexible agents: 235
num of flexible tasks: 535
Solving time: 0.0018446 seconds
plan limit 978
current timestep 856
num of flexible agents: 235
num of flexible tasks: 535
Solving time: 0.0019724 seconds
plan limit 978
current timestep 857
num of flexible agents: 239
num of flexible tasks: 539
Solving time: 0.0022693 seconds
plan limit 977
current timestep 858
num of flexible agents: 237
num of flexible tasks: 537
Solving time: 0.0019738 seconds
plan limit 978
current timestep 859
num of flexible agents: 243
num of flexible tasks: 543
Solving time: 0.002064 seconds
plan limit 978
current timestep 860
num of flexible agents: 239
num of flexible tasks: 539
Solving time: 0.0022911 seconds
plan limit 978
current timestep 861
num of flexible agents: 233
num of flexible tasks: 533
Solving time: 0.002219 seconds
plan limit 977
current timestep 862
num of flexible agents: 237
num of flexible tasks: 537
Solving time: 0.0021245 seconds
plan limit 978
current timestep 863
num of flexible agents: 236
num of flexible tasks: 536
Solving time: 0.0022393 seconds
plan limit 978
current timestep 864
num of flexible agents: 241
num of flexible tasks: 541
Solving time: 0.0020009 seconds
plan limit 978
current timestep 865
num of flexible agents: 238
num of flexible tasks: 538
Solving time: 0.0021471 seconds
plan limit 978
current timestep 866
num of flexible agents: 237
num of flexible tasks: 537
Solving time: 0.0018974 seconds
plan limit 978
current timestep 867
num of flexible agents: 238
num of flexible tasks: 538
Solving time: 0.0020989 seconds
plan limit 978
current timestep 868
num of flexible agents: 239
num of flexible tasks: 539
Solving time: 0.0020408 seconds
plan limit 978
current timestep 869
num of flexible agents: 238
num of flexible tasks: 538
Solving time: 0.0021839 seconds
plan limit 978
current timestep 870
num of flexible agents: 236
num of flexible tasks: 536
Solving time: 0.0020292 seconds
plan limit 978
current timestep 871
num of flexible agents: 232
num of flexible tasks: 532
Solving time: 0.0020108 seconds
plan limit 978
current timestep 872
num of flexible agents: 236
num of flexible tasks: 536
Solving time: 0.0022471 seconds
plan limit 978
current timestep 873
num of flexible agents: 238
num of flexible tasks: 538
Solving time: 0.0019454 seconds
plan limit 978
current timestep 874
num of flexible agents: 242
num of flexible tasks: 542
Solving time: 0.002615 seconds
plan limit 977
current timestep 875
num of flexible agents: 241
num of flexible tasks: 541
Solving time: 0.0019768 seconds
plan limit 978
current timestep 876
num of flexible agents: 232
num of flexible tasks: 532
Solving time: 0.0019093 seconds
plan limit 978
current timestep 877
num of flexible agents: 231
num of flexible tasks: 531
Solving time: 0.0018939 seconds
plan limit 978
current timestep 878
num of flexible agents: 233
num of flexible tasks: 533
Solving time: 0.0022896 seconds
plan limit 977
current timestep 879
num of flexible agents: 230
num of flexible tasks: 530
Solving time: 0.0019309 seconds
plan limit 978
current timestep 880
num of flexible agents: 228
num of flexible tasks: 528
Solving time: 0.0019153 seconds
plan limit 978
current timestep 881
num of flexible agents: 230
num of flexible tasks: 530
Solving time: 0.0018837 seconds
plan limit 978
current timestep 882
num of flexible agents: 228
num of flexible tasks: 528
Solving time: 0.0019138 seconds
plan limit 978
current timestep 883
num of flexible agents: 225
num of flexible tasks: 525
Solving time: 0.0020126 seconds
plan limit 978
current timestep 884
num of flexible agents: 223
num of flexible tasks: 523
Solving time: 0.0018153 seconds
plan limit 978
current timestep 885
num of flexible agents: 218
num of flexible tasks: 518
Solving time: 0.001885 seconds
plan limit 978
current timestep 886
num of flexible agents: 211
num of flexible tasks: 511
Solving time: 0.0019445 seconds
plan limit 978
current timestep 887
num of flexible agents: 211
num of flexible tasks: 511
Solving time: 0.0018616 seconds
plan limit 978
current timestep 888
num of flexible agents: 218
num of flexible tasks: 518
Solving time: 0.001912 seconds
plan limit 978
current timestep 889
num of flexible agents: 212
num of flexible tasks: 512
Solving time: 0.0021812 seconds
plan limit 978
current timestep 890
num of flexible agents: 209
num of flexible tasks: 509
Solving time: 0.0019732 seconds
plan limit 978
current timestep 891
num of flexible agents: 209
num of flexible tasks: 509
Solving time: 0.0020851 seconds
plan limit 978
current timestep 892
num of flexible agents: 212
num of flexible tasks: 512
Solving time: 0.0018657 seconds
plan limit 978
current timestep 893
num of flexible agents: 217
num of flexible tasks: 517
Solving time: 0.0018592 seconds
plan limit 978
current timestep 894
num of flexible agents: 222
num of flexible tasks: 522
Solving time: 0.0019887 seconds
plan limit 978
current timestep 895
num of flexible agents: 222
num of flexible tasks: 522
Solving time: 0.0020692 seconds
plan limit 977
current timestep 896
num of flexible agents: 221
num of flexible tasks: 521
Solving time: 0.0019825 seconds
plan limit 978
current timestep 897
num of flexible agents: 219
num of flexible tasks: 519
Solving time: 0.0019098 seconds
plan limit 978
current timestep 898
num of flexible agents: 221
num of flexible tasks: 521
Solving time: 0.0019554 seconds
plan limit 978
current timestep 899
num of flexible agents: 226
num of flexible tasks: 526
Solving time: 0.001953 seconds
plan limit 978
current timestep 900
num of flexible agents: 228
num of flexible tasks: 528
Solving time: 0.0020564 seconds
plan limit 978
current timestep 901
num of flexible agents: 231
num of flexible tasks: 531
Solving time: 0.001969 seconds
plan limit 978
current timestep 902
num of flexible agents: 235
num of flexible tasks: 535
Solving time: 0.0020148 seconds
plan limit 978
current timestep 903
num of flexible agents: 233
num of flexible tasks: 533
Solving time: 0.0019858 seconds
plan limit 978
current timestep 904
num of flexible agents: 231
num of flexible tasks: 531
Solving time: 0.0019097 seconds
plan limit 978
current timestep 905
num of flexible agents: 233
num of flexible tasks: 533
Solving time: 0.0019205 seconds
plan limit 978
current timestep 906
num of flexible agents: 228
num of flexible tasks: 528
Solving time: 0.0020721 seconds
plan limit 978
current timestep 907
num of flexible agents: 227
num of flexible tasks: 527
Solving time: 0.0018771 seconds
plan limit 978
current timestep 908
num of flexible agents: 224
num of flexible tasks: 524
Solving time: 0.0019378 seconds
plan limit 978
current timestep 909
num of flexible agents: 221
num of flexible tasks: 521
Solving time: 0.0019621 seconds
plan limit 978
current timestep 910
num of flexible agents: 220
num of flexible tasks: 520
Solving time: 0.0019213 seconds
plan limit 978
current timestep 911
num of flexible agents: 213
num of flexible tasks: 513
Solving time: 0.0019814 seconds
plan limit 978
current timestep 912
num of flexible agents: 220
num of flexible tasks: 520
Solving time: 0.0034492 seconds
plan limit 976
current timestep 913
num of flexible agents: 220
num of flexible tasks: 520
Solving time: 0.0019168 seconds
plan limit 978
current timestep 914
num of flexible agents: 219
num of flexible tasks: 519
Solving time: 0.001943 seconds
plan limit 978
current timestep 915
num of flexible agents: 223
num of flexible tasks: 523
Solving time: 0.0018391 seconds
plan limit 978
current timestep 916
num of flexible agents: 220
num of flexible tasks: 520
Solving time: 0.0019051 seconds
plan limit 978
current timestep 917
num of flexible agents: 220
num of flexible tasks: 520
Solving time: 0.0018802 seconds
plan limit 978
current timestep 918
num of flexible agents: 222
num of flexible tasks: 522
Solving time: 0.0019667 seconds
plan limit 978
current timestep 919
num of flexible agents: 221
num of flexible tasks: 521
Solving time: 0.0019689 seconds
plan limit 978
current timestep 920
num of flexible agents: 226
num of flexible tasks: 526
Solving time: 0.001939 seconds
plan limit 978
current timestep 921
num of flexible agents: 221
num of flexible tasks: 521
Solving time: 0.0020262 seconds
plan limit 978
current timestep 922
num of flexible agents: 224
num of flexible tasks: 524
Solving time: 0.0019183 seconds
plan limit 978
current timestep 923
num of flexible agents: 225
num of flexible tasks: 525
Solving time: 0.0018504 seconds
plan limit 978
current timestep 924
num of flexible agents: 227
num of flexible tasks: 527
Solving time: 0.0019949 seconds
plan limit 978
current timestep 925
num of flexible agents: 230
num of flexible tasks: 530
Solving time: 0.0018161 seconds
plan limit 978
current timestep 926
num of flexible agents: 228
num of flexible tasks: 528
Solving time: 0.0019095 seconds
plan limit 978
current timestep 927
num of flexible agents: 223
num of flexible tasks: 523
Solving time: 0.0018291 seconds
plan limit 978
current timestep 928
num of flexible agents: 225
num of flexible tasks: 525
Solving time: 0.0021032 seconds
plan limit 978
current timestep 929
num of flexible agents: 222
num of flexible tasks: 522
Solving time: 0.0019582 seconds
plan limit 978
current timestep 930
num of flexible agents: 223
num of flexible tasks: 523
Solving time: 0.0019727 seconds
plan limit 978
current timestep 931
num of flexible agents: 224
num of flexible tasks: 524
Solving time: 0.0019134 seconds
plan limit 978
current timestep 932
num of flexible agents: 230
num of flexible tasks: 530
Solving time: 0.0020492 seconds
plan limit 978
current timestep 933
num of flexible agents: 232
num of flexible tasks: 532
Solving time: 0.0021036 seconds
plan limit 978
current timestep 934
num of flexible agents: 225
num of flexible tasks: 525
Solving time: 0.0019288 seconds
plan limit 978
current timestep 935
num of flexible agents: 227
num of flexible tasks: 527
Solving time: 0.0019626 seconds
plan limit 978
current timestep 936
num of flexible agents: 225
num of flexible tasks: 525
Solving time: 0.0019811 seconds
plan limit 978
current timestep 937
num of flexible agents: 224
num of flexible tasks: 524
Solving time: 0.0019076 seconds
plan limit 978
current timestep 938
num of flexible agents: 227
num of flexible tasks: 527
Solving time: 0.0020409 seconds
plan limit 978
current timestep 939
num of flexible agents: 228
num of flexible tasks: 528
Solving time: 0.0020398 seconds
plan limit 978
current timestep 940
num of flexible agents: 228
num of flexible tasks: 528
Solving time: 0.0020152 seconds
plan limit 978
current timestep 941
num of flexible agents: 230
num of flexible tasks: 530
Solving time: 0.0021304 seconds
plan limit 978
current timestep 942
num of flexible agents: 228
num of flexible tasks: 528
Solving time: 0.0020738 seconds
plan limit 978
current timestep 943
num of flexible agents: 228
num of flexible tasks: 528
Solving time: 0.0020299 seconds
plan limit 978
current timestep 944
num of flexible agents: 228
num of flexible tasks: 528
Solving time: 0.0022447 seconds
plan limit 978
current timestep 945
num of flexible agents: 224
num of flexible tasks: 524
Solving time: 0.0023598 seconds
plan limit 977
current timestep 946
num of flexible agents: 226
num of flexible tasks: 526
Solving time: 0.0019595 seconds
plan limit 978
current timestep 947
num of flexible agents: 222
num of flexible tasks: 522
Solving time: 0.0019531 seconds
plan limit 978
current timestep 948
num of flexible agents: 225
num of flexible tasks: 525
Solving time: 0.001939 seconds
plan limit 978
current timestep 949
num of flexible agents: 230
num of flexible tasks: 530
Solving time: 0.0019165 seconds
plan limit 978
current timestep 950
num of flexible agents: 232
num of flexible tasks: 532
Solving time: 0.0021413 seconds
plan limit 978
current timestep 951
num of flexible agents: 233
num of flexible tasks: 533
Solving time: 0.0020556 seconds
plan limit 978
current timestep 952
num of flexible agents: 233
num of flexible tasks: 533
Solving time: 0.0019828 seconds
plan limit 978
current timestep 953
num of flexible agents: 229
num of flexible tasks: 529
Solving time: 0.002093 seconds
plan limit 978
current timestep 954
num of flexible agents: 227
num of flexible tasks: 527
Solving time: 0.0018936 seconds
plan limit 978
current timestep 955
num of flexible agents: 223
num of flexible tasks: 523
Solving time: 0.0023321 seconds
plan limit 977
current timestep 956
num of flexible agents: 219
num of flexible tasks: 519
Solving time: 0.0019824 seconds
plan limit 978
current timestep 957
num of flexible agents: 220
num of flexible tasks: 520
Solving time: 0.0019585 seconds
plan limit 978
current timestep 958
num of flexible agents: 223
num of flexible tasks: 523
Solving time: 0.0018844 seconds
plan limit 978
current timestep 959
num of flexible agents: 218
num of flexible tasks: 518
Solving time: 0.0020089 seconds
plan limit 978
current timestep 960
num of flexible agents: 223
num of flexible tasks: 523
Solving time: 0.0027086 seconds
plan limit 977
current timestep 961
num of flexible agents: 226
num of flexible tasks: 526
Solving time: 0.0018311 seconds
plan limit 978
current timestep 962
num of flexible agents: 225
num of flexible tasks: 525
Solving time: 0.0018399 seconds
plan limit 978
current timestep 963
num of flexible agents: 230
num of flexible tasks: 530
Solving time: 0.0018182 seconds
plan limit 978
current timestep 964
num of flexible agents: 234
num of flexible tasks: 534
Solving time: 0.0018619 seconds
plan limit 978
current timestep 965
num of flexible agents: 231
num of flexible tasks: 531
Solving time: 0.001918 seconds
plan limit 978
current timestep 966
num of flexible agents: 229
num of flexible tasks: 529
Solving time: 0.0024711 seconds
plan limit 977
current timestep 967
num of flexible agents: 227
num of flexible tasks: 527
Solving time: 0.0023109 seconds
plan limit 977
current timestep 968
num of flexible agents: 224
num of flexible tasks: 524
Solving time: 0.0019348 seconds
plan limit 978
current timestep 969
num of flexible agents: 228
num of flexible tasks: 528
Solving time: 0.0019778 seconds
plan limit 978
current timestep 970
num of flexible agents: 225
num of flexible tasks: 525
Solving time: 0.0019455 seconds
plan limit 978
current timestep 971
num of flexible agents: 223
num of flexible tasks: 523
Solving time: 0.0018376 seconds
plan limit 978
current timestep 972
num of flexible agents: 223
num of flexible tasks: 523
Solving time: 0.0019962 seconds
plan limit 978
current timestep 973
num of flexible agents: 225
num of flexible tasks: 525
Solving time: 0.0018589 seconds
plan limit 978
current timestep 974
num of flexible agents: 222
num of flexible tasks: 522
Solving time: 0.0021214 seconds
plan limit 978
current timestep 975
num of flexible agents: 221
num of flexible tasks: 521
Solving time: 0.0019048 seconds
plan limit 978
current timestep 976
num of flexible agents: 224
num of flexible tasks: 524
Solving time: 0.0018969 seconds
plan limit 978
current timestep 977
num of flexible agents: 216
num of flexible tasks: 516
Solving time: 0.0018774 seconds
plan limit 978
current timestep 978
num of flexible agents: 215
num of flexible tasks: 515
Solving time: 0.0020546 seconds
plan limit 978
current timestep 979
num of flexible agents: 213
num of flexible tasks: 513
Solving time: 0.0019791 seconds
plan limit 978
current timestep 980
num of flexible agents: 210
num of flexible tasks: 510
Solving time: 0.0018902 seconds
plan limit 978
current timestep 981
num of flexible agents: 211
num of flexible tasks: 511
Solving time: 0.0019165 seconds
plan limit 978
current timestep 982
num of flexible agents: 202
num of flexible tasks: 502
Solving time: 0.0019886 seconds
plan limit 978
current timestep 983
num of flexible agents: 205
num of flexible tasks: 505
Solving time: 0.0019203 seconds
plan limit 978
current timestep 984
num of flexible agents: 204
num of flexible tasks: 504
Solving time: 0.0017935 seconds
plan limit 978
current timestep 985
num of flexible agents: 201
num of flexible tasks: 501
Solving time: 0.0019079 seconds
plan limit 978
current timestep 986
num of flexible agents: 201
num of flexible tasks: 501
Solving time: 0.0019919 seconds
plan limit 978
current timestep 987
num of flexible agents: 202
num of flexible tasks: 502
Solving time: 0.0018949 seconds
plan limit 978
current timestep 988
num of flexible agents: 203
num of flexible tasks: 503
Solving time: 0.001821 seconds
plan limit 978
current timestep 989
num of flexible agents: 210
num of flexible tasks: 510
Solving time: 0.0019737 seconds
plan limit 972
current timestep 990
num of flexible agents: 206
num of flexible tasks: 506
Solving time: 0.0017363 seconds
plan limit 978
current timestep 991
num of flexible agents: 204
num of flexible tasks: 504
Solving time: 0.0018386 seconds
plan limit 978
current timestep 992
num of flexible agents: 208
num of flexible tasks: 508
Solving time: 0.0017773 seconds
plan limit 978
current timestep 993
num of flexible agents: 212
num of flexible tasks: 512
Solving time: 0.0018184 seconds
plan limit 978
current timestep 994
num of flexible agents: 213
num of flexible tasks: 513
Solving time: 0.0017781 seconds
plan limit 978
current timestep 995
num of flexible agents: 218
num of flexible tasks: 518
Solving time: 0.0017668 seconds
plan limit 978
current timestep 996
num of flexible agents: 215
num of flexible tasks: 515
Solving time: 0.0017625 seconds
plan limit 978
current timestep 997
num of flexible agents: 218
num of flexible tasks: 518
Solving time: 0.0018193 seconds
plan limit 978
current timestep 998
num of flexible agents: 223
num of flexible tasks: 523
Solving time: 0.0019384 seconds
plan limit 978
current timestep 999
num of flexible agents: 222
num of flexible tasks: 522
Solving time: 0.001882 seconds
plan limit 978
Running w600_taskmatcher-k50_t1000_trial2
current timestep 0
plan limit 924
current timestep 1
plan limit 933
current timestep 2
plan limit 939
current timestep 3
plan limit 946
current timestep 4
plan limit 950
current timestep 5
plan limit 952
current timestep 6
plan limit 958
current timestep 7
plan limit 959
current timestep 8
plan limit 963
current timestep 9
plan limit 965
current timestep 10
plan limit 966
current timestep 11
plan limit 968
current timestep 12
plan limit 968
current timestep 13
plan limit 969
current timestep 14
plan limit 970
current timestep 15
plan limit 972
current timestep 16
plan limit 972
current timestep 17
plan limit 973
current timestep 18
plan limit 973
current timestep 19
plan limit 974
current timestep 20
plan limit 974
current timestep 21
plan limit 974
current timestep 22
plan limit 974
current timestep 23
plan limit 974
current timestep 24
plan limit 974
current timestep 25
plan limit 974
current timestep 26
plan limit 973
current timestep 27
plan limit 973
current timestep 28
plan limit 973
current timestep 29
plan limit 972
current timestep 30
plan limit 972
current timestep 31
plan limit 971
current timestep 32
plan limit 971
current timestep 33
plan limit 969
current timestep 34
plan limit 969
current timestep 35
plan limit 970
current timestep 36
plan limit 969
current timestep 37
plan limit 967
current timestep 38
plan limit 967
current timestep 39
plan limit 967
current timestep 40
plan limit 966
current timestep 41
plan limit 967
current timestep 42
plan limit 966
current timestep 43
plan limit 966
current timestep 44
plan limit 966
current timestep 45
plan limit 965
current timestep 46
plan limit 965
current timestep 47
plan limit 964
current timestep 48
plan limit 964
current timestep 49
plan limit 964
current timestep 50
plan limit 962
current timestep 51
plan limit 963
current timestep 52
plan limit 962
current timestep 53
plan limit 962
current timestep 54
plan limit 962
current timestep 55
plan limit 963
current timestep 56
plan limit 962
current timestep 57
plan limit 959
current timestep 58
plan limit 962
current timestep 59
plan limit 961
current timestep 60
plan limit 962
current timestep 61
plan limit 961
current timestep 62
plan limit 961
current timestep 63
plan limit 960
current timestep 64
plan limit 960
current timestep 65
plan limit 959
current timestep 66
plan limit 960
current timestep 67
plan limit 961
current timestep 68
plan limit 959
current timestep 69
plan limit 959
current timestep 70
plan limit 958
current timestep 71
plan limit 959
current timestep 72
plan limit 953
current timestep 73
plan limit 959
current timestep 74
plan limit 958
current timestep 75
plan limit 959
current timestep 76
plan limit 959
current timestep 77
plan limit 959
current timestep 78
plan limit 959
current timestep 79
plan limit 960
current timestep 80
plan limit 951
current timestep 81
plan limit 957
current timestep 82
plan limit 958
current timestep 83
plan limit 952
current timestep 84
plan limit 956
current timestep 85
plan limit 957
current timestep 86
plan limit 956
current timestep 87
plan limit 955
current timestep 88
plan limit 955
current timestep 89
plan limit 956
current timestep 90
plan limit 954
current timestep 91
plan limit 942
current timestep 92
plan limit 956
current timestep 93
plan limit 956
current timestep 94
plan limit 955
current timestep 95
plan limit 955
current timestep 96
plan limit 953
current timestep 97
plan limit 955
current timestep 98
plan limit 954
current timestep 99
plan limit 954
current timestep 100
plan limit 955
current timestep 101
plan limit 955
current timestep 102
plan limit 956
current timestep 103
plan limit 957
current timestep 104
plan limit 956
current timestep 105
plan limit 953
current timestep 106
plan limit 953
current timestep 107
plan limit 953
current timestep 108
plan limit 954
current timestep 109
plan limit 954
current timestep 110
plan limit 954
current timestep 111
plan limit 954
current timestep 112
plan limit 954
current timestep 113
plan limit 954
current timestep 114
plan limit 952
current timestep 115
plan limit 954
current timestep 116
plan limit 953
current timestep 117
plan limit 954
current timestep 118
plan limit 954
current timestep 119
plan limit 955
current timestep 120
plan limit 954
current timestep 121
plan limit 953
current timestep 122
plan limit 953
current timestep 123
plan limit 954
current timestep 124
plan limit 953
current timestep 125
plan limit 952
current timestep 126
plan limit 953
current timestep 127
plan limit 953
current timestep 128
plan limit 954
current timestep 129
plan limit 952
current timestep 130
plan limit 953
current timestep 131
plan limit 954
current timestep 132
plan limit 952
current timestep 133
plan limit 954
current timestep 134
plan limit 955
current timestep 135
plan limit 952
current timestep 136
plan limit 953
current timestep 137
plan limit 952
current timestep 138
plan limit 951
current timestep 139
plan limit 953
current timestep 140
plan limit 954
current timestep 141
plan limit 954
current timestep 142
plan limit 952
current timestep 143
plan limit 952
current timestep 144
plan limit 952
current timestep 145
plan limit 952
current timestep 146
plan limit 948
current timestep 147
plan limit 952
current timestep 148
plan limit 951
current timestep 149
plan limit 950
current timestep 150
plan limit 951
current timestep 151
plan limit 951
current timestep 152
plan limit 952
current timestep 153
plan limit 951
current timestep 154
plan limit 951
current timestep 155
plan limit 950
current timestep 156
plan limit 952
current timestep 157
plan limit 951
current timestep 158
plan limit 951
current timestep 159
plan limit 953
current timestep 160
plan limit 952
current timestep 161
plan limit 949
current timestep 162
plan limit 951
current timestep 163
plan limit 953
current timestep 164
plan limit 951
current timestep 165
plan limit 952
current timestep 166
plan limit 952
current timestep 167
plan limit 950
current timestep 168
plan limit 953
current timestep 169
plan limit 953
current timestep 170
plan limit 953
current timestep 171
plan limit 954
current timestep 172
plan limit 950
current timestep 173
plan limit 954
current timestep 174
plan limit 953
current timestep 175
plan limit 952
current timestep 176
plan limit 954
current timestep 177
plan limit 953
current timestep 178
plan limit 954
current timestep 179
plan limit 954
current timestep 180
plan limit 953
current timestep 181
plan limit 954
current timestep 182
plan limit 954
current timestep 183
plan limit 953
current timestep 184
plan limit 955
current timestep 185
plan limit 948
current timestep 186
plan limit 953
current timestep 187
plan limit 951
current timestep 188
plan limit 951
current timestep 189
plan limit 951
current timestep 190
plan limit 951
current timestep 191
plan limit 951
current timestep 192
plan limit 949
current timestep 193
plan limit 949
current timestep 194
plan limit 949
current timestep 195
plan limit 949
current timestep 196
plan limit 950
current timestep 197
plan limit 949
current timestep 198
plan limit 950
current timestep 199
plan limit 948
current timestep 200
plan limit 948
current timestep 201
plan limit 951
current timestep 202
plan limit 951
current timestep 203
plan limit 951
current timestep 204
plan limit 952
current timestep 205
plan limit 949
current timestep 206
plan limit 952
current timestep 207
plan limit 950
current timestep 208
plan limit 951
current timestep 209
plan limit 952
current timestep 210
plan limit 950
current timestep 211
plan limit 948
current timestep 212
plan limit 948
current timestep 213
plan limit 937
current timestep 214
plan limit 950
current timestep 215
plan limit 952
current timestep 216
plan limit 949
current timestep 217
plan limit 950
current timestep 218
plan limit 951
current timestep 219
plan limit 951
current timestep 220
plan limit 951
current timestep 221
plan limit 953
current timestep 222
plan limit 951
current timestep 223
plan limit 952
current timestep 224
plan limit 951
current timestep 225
plan limit 951
current timestep 226
plan limit 951
current timestep 227
plan limit 953
current timestep 228
plan limit 952
current timestep 229
plan limit 952
current timestep 230
plan limit 952
current timestep 231
plan limit 950
current timestep 232
plan limit 952
current timestep 233
plan limit 953
current timestep 234
plan limit 951
current timestep 235
plan limit 950
current timestep 236
plan limit 950
current timestep 237
plan limit 951
current timestep 238
plan limit 951
current timestep 239
plan limit 952
current timestep 240
plan limit 951
current timestep 241
plan limit 952
current timestep 242
plan limit 950
current timestep 243
plan limit 951
current timestep 244
plan limit 948
current timestep 245
plan limit 913
current timestep 246
plan limit 950
current timestep 247
plan limit 950
current timestep 248
plan limit 949
current timestep 249
plan limit 937
current timestep 250
plan limit 950
current timestep 251
plan limit 950
current timestep 252
plan limit 950
current timestep 253
plan limit 948
current timestep 254
plan limit 950
current timestep 255
plan limit 951
current timestep 256
plan limit 951
current timestep 257
plan limit 950
current timestep 258
plan limit 951
current timestep 259
plan limit 948
current timestep 260
plan limit 950
current timestep 261
plan limit 949
current timestep 262
plan limit 948
current timestep 263
plan limit 948
current timestep 264
plan limit 949
current timestep 265
plan limit 948
current timestep 266
plan limit 946
current timestep 267
plan limit 946
current timestep 268
plan limit 947
current timestep 269
plan limit 946
current timestep 270
plan limit 948
current timestep 271
plan limit 949
current timestep 272
plan limit 948
current timestep 273
plan limit 932
current timestep 274
plan limit 948
current timestep 275
plan limit 950
current timestep 276
plan limit 949
current timestep 277
plan limit 948
current timestep 278
plan limit 951
current timestep 279
plan limit 951
current timestep 280
plan limit 952
current timestep 281
plan limit 951
current timestep 282
plan limit 952
current timestep 283
plan limit 953
current timestep 284
plan limit 953
current timestep 285
plan limit 952
current timestep 286
plan limit 953
current timestep 287
plan limit 954
current timestep 288
plan limit 953
current timestep 289
plan limit 952
current timestep 290
plan limit 952
current timestep 291
plan limit 952
current timestep 292
plan limit 951
current timestep 293
plan limit 951
current timestep 294
plan limit 949
current timestep 295
plan limit 951
current timestep 296
plan limit 952
current timestep 297
plan limit 950
current timestep 298
plan limit 948
current timestep 299
plan limit 950
current timestep 300
plan limit 949
current timestep 301
plan limit 949
current timestep 302
plan limit 946
current timestep 303
plan limit 946
current timestep 304
plan limit 948
current timestep 305
plan limit 949
current timestep 306
plan limit 949
current timestep 307
plan limit 950
current timestep 308
plan limit 950
current timestep 309
plan limit 949
current timestep 310
plan limit 948
current timestep 311
plan limit 949
current timestep 312
plan limit 949
current timestep 313
plan limit 950
current timestep 314
plan limit 950
current timestep 315
plan limit 950
current timestep 316
plan limit 948
current timestep 317
plan limit 950
current timestep 318
plan limit 949
current timestep 319
plan limit 950
current timestep 320
plan limit 949
current timestep 321
plan limit 949
current timestep 322
plan limit 948
current timestep 323
plan limit 947
current timestep 324
plan limit 949
current timestep 325
plan limit 949
current timestep 326
plan limit 949
current timestep 327
plan limit 947
current timestep 328
plan limit 950
current timestep 329
plan limit 949
current timestep 330
plan limit 950
current timestep 331
plan limit 938
current timestep 332
plan limit 948
current timestep 333
plan limit 947
current timestep 334
plan limit 947
current timestep 335
plan limit 946
current timestep 336
plan limit 945
current timestep 337
plan limit 947
current timestep 338
plan limit 947
current timestep 339
plan limit 949
current timestep 340
plan limit 949
current timestep 341
plan limit 948
current timestep 342
plan limit 950
current timestep 343
plan limit 948
current timestep 344
plan limit 949
current timestep 345
plan limit 952
current timestep 346
plan limit 952
current timestep 347
plan limit 952
current timestep 348
plan limit 952
current timestep 349
plan limit 951
current timestep 350
plan limit 952
current timestep 351
plan limit 951
current timestep 352
plan limit 952
current timestep 353
plan limit 953
current timestep 354
plan limit 952
current timestep 355
plan limit 951
current timestep 356
plan limit 950
current timestep 357
plan limit 950
current timestep 358
plan limit 950
current timestep 359
plan limit 949
current timestep 360
plan limit 952
current timestep 361
plan limit 948
current timestep 362
plan limit 947
current timestep 363
plan limit 949
current timestep 364
plan limit 948
current timestep 365
plan limit 947
current timestep 366
plan limit 948
current timestep 367
plan limit 950
current timestep 368
plan limit 949
current timestep 369
plan limit 951
current timestep 370
plan limit 952
current timestep 371
plan limit 951
current timestep 372
plan limit 951
current timestep 373
plan limit 951
current timestep 374
plan limit 951
current timestep 375
plan limit 952
current timestep 376
plan limit 952
current timestep 377
plan limit 950
current timestep 378
plan limit 953
current timestep 379
plan limit 953
current timestep 380
plan limit 953
current timestep 381
plan limit 951
current timestep 382
plan limit 953
current timestep 383
plan limit 951
current timestep 384
plan limit 951
current timestep 385
plan limit 951
current timestep 386
plan limit 950
current timestep 387
plan limit 949
current timestep 388
plan limit 950
current timestep 389
plan limit 950
current timestep 390
plan limit 949
current timestep 391
plan limit 933
current timestep 392
plan limit 950
current timestep 393
plan limit 951
current timestep 394
plan limit 951
current timestep 395
plan limit 953
current timestep 396
plan limit 951
current timestep 397
plan limit 951
current timestep 398
plan limit 951
current timestep 399
plan limit 951
current timestep 400
plan limit 953
current timestep 401
plan limit 953
current timestep 402
plan limit 952
current timestep 403
plan limit 952
current timestep 404
plan limit 953
current timestep 405
plan limit 952
current timestep 406
plan limit 952
current timestep 407
plan limit 953
current timestep 408
plan limit 951
current timestep 409
plan limit 953
current timestep 410
plan limit 954
current timestep 411
plan limit 951
current timestep 412
plan limit 952
current timestep 413
plan limit 953
current timestep 414
plan limit 955
current timestep 415
plan limit 955
current timestep 416
plan limit 954
current timestep 417
plan limit 953
current timestep 418
plan limit 953
current timestep 419
plan limit 954
current timestep 420
plan limit 952
current timestep 421
plan limit 953
current timestep 422
plan limit 953
current timestep 423
plan limit 954
current timestep 424
plan limit 950
current timestep 425
plan limit 951
current timestep 426
plan limit 952
current timestep 427
plan limit 953
current timestep 428
plan limit 954
current timestep 429
plan limit 953
current timestep 430
plan limit 953
current timestep 431
plan limit 951
current timestep 432
plan limit 951
current timestep 433
plan limit 952
current timestep 434
plan limit 951
current timestep 435
plan limit 951
current timestep 436
plan limit 950
current timestep 437
plan limit 950
current timestep 438
plan limit 951
current timestep 439
plan limit 951
current timestep 440
plan limit 950
current timestep 441
plan limit 951
current timestep 442
plan limit 948
current timestep 443
plan limit 950
current timestep 444
plan limit 949
current timestep 445
plan limit 948
current timestep 446
plan limit 949
current timestep 447
plan limit 949
current timestep 448
plan limit 947
current timestep 449
plan limit 950
current timestep 450
plan limit 950
current timestep 451
plan limit 949
current timestep 452
plan limit 948
current timestep 453
plan limit 947
current timestep 454
plan limit 948
current timestep 455
plan limit 948
current timestep 456
plan limit 950
current timestep 457
plan limit 949
current timestep 458
plan limit 952
current timestep 459
plan limit 952
current timestep 460
plan limit 949
current timestep 461
plan limit 952
current timestep 462
plan limit 952
current timestep 463
plan limit 952
current timestep 464
plan limit 950
current timestep 465
plan limit 953
current timestep 466
plan limit 951
current timestep 467
plan limit 952
current timestep 468
plan limit 951
current timestep 469
plan limit 952
current timestep 470
plan limit 953
current timestep 471
plan limit 954
current timestep 472
plan limit 954
current timestep 473
plan limit 953
current timestep 474
plan limit 954
current timestep 475
plan limit 913
current timestep 476
plan limit 951
current timestep 477
plan limit 950
current timestep 478
plan limit 951
current timestep 479
plan limit 950
current timestep 480
plan limit 951
current timestep 481
plan limit 946
current timestep 482
plan limit 952
current timestep 483
plan limit 951
current timestep 484
plan limit 952
current timestep 485
plan limit 951
current timestep 486
plan limit 952
current timestep 487
plan limit 952
current timestep 488
plan limit 953
current timestep 489
plan limit 904
current timestep 490
plan limit 952
current timestep 491
plan limit 951
current timestep 492
plan limit 949
current timestep 493
plan limit 951
current timestep 494
plan limit 951
current timestep 495
plan limit 951
current timestep 496
plan limit 948
current timestep 497
plan limit 950
current timestep 498
plan limit 951
current timestep 499
plan limit 950
current timestep 500
plan limit 950
current timestep 501
plan limit 952
current timestep 502
plan limit 951
current timestep 503
plan limit 951
current timestep 504
plan limit 951
current timestep 505
plan limit 950
current timestep 506
plan limit 952
current timestep 507
plan limit 952
current timestep 508
plan limit 953
current timestep 509
plan limit 953
current timestep 510
plan limit 951
current timestep 511
plan limit 954
current timestep 512
plan limit 954
current timestep 513
plan limit 953
current timestep 514
plan limit 947
current timestep 515
plan limit 949
current timestep 516
plan limit 951
current timestep 517
plan limit 950
current timestep 518
plan limit 949
current timestep 519
plan limit 943
current timestep 520
plan limit 949
current timestep 521
plan limit 949
current timestep 522
plan limit 950
current timestep 523
plan limit 951
current timestep 524
plan limit 952
current timestep 525
plan limit 953
current timestep 526
plan limit 952
current timestep 527
plan limit 950
current timestep 528
plan limit 945
current timestep 529
plan limit 951
current timestep 530
plan limit 954
current timestep 531
plan limit 954
current timestep 532
plan limit 954
current timestep 533
plan limit 953
current timestep 534
plan limit 954
current timestep 535
plan limit 955
current timestep 536
plan limit 954
current timestep 537
plan limit 953
current timestep 538
plan limit 954
current timestep 539
plan limit 953
current timestep 540
plan limit 951
current timestep 541
plan limit 952
current timestep 542
plan limit 952
current timestep 543
plan limit 951
current timestep 544
plan limit 950
current timestep 545
plan limit 950
current timestep 546
plan limit 950
current timestep 547
plan limit 951
current timestep 548
plan limit 952
current timestep 549
plan limit 953
current timestep 550
plan limit 952
current timestep 551
plan limit 952
current timestep 552
plan limit 952
current timestep 553
plan limit 952
current timestep 554
plan limit 952
current timestep 555
plan limit 950
current timestep 556
plan limit 951
current timestep 557
plan limit 949
current timestep 558
plan limit 951
current timestep 559
plan limit 951
current timestep 560
plan limit 949
current timestep 561
plan limit 950
current timestep 562
plan limit 948
current timestep 563
plan limit 948
current timestep 564
plan limit 949
current timestep 565
plan limit 949
current timestep 566
plan limit 947
current timestep 567
plan limit 950
current timestep 568
plan limit 949
current timestep 569
plan limit 950
current timestep 570
plan limit 948
current timestep 571
plan limit 948
current timestep 572
plan limit 947
current timestep 573
plan limit 948
current timestep 574
plan limit 950
current timestep 575
plan limit 946
current timestep 576
plan limit 947
current timestep 577
plan limit 945
current timestep 578
plan limit 947
current timestep 579
plan limit 946
current timestep 580
plan limit 947
current timestep 581
plan limit 947
current timestep 582
plan limit 946
current timestep 583
plan limit 945
current timestep 584
plan limit 943
current timestep 585
plan limit 945
current timestep 586
plan limit 944
current timestep 587
plan limit 943
current timestep 588
plan limit 945
current timestep 589
plan limit 947
current timestep 590
plan limit 946
current timestep 591
plan limit 944
current timestep 592
plan limit 945
current timestep 593
plan limit 946
current timestep 594
plan limit 946
current timestep 595
plan limit 939
current timestep 596
plan limit 947
current timestep 597
plan limit 943
current timestep 598
plan limit 946
current timestep 599
plan limit 945
current timestep 600
plan limit 945
current timestep 601
plan limit 944
current timestep 602
plan limit 946
current timestep 603
plan limit 948
current timestep 604
plan limit 949
current timestep 605
plan limit 947
current timestep 606
plan limit 947
current timestep 607
plan limit 947
current timestep 608
plan limit 944
current timestep 609
plan limit 946
current timestep 610
plan limit 947
current timestep 611
plan limit 946
current timestep 612
plan limit 943
current timestep 613
plan limit 944
current timestep 614
plan limit 945
current timestep 615
plan limit 946
current timestep 616
plan limit 946
current timestep 617
plan limit 948
current timestep 618
plan limit 946
current timestep 619
plan limit 947
current timestep 620
plan limit 948
current timestep 621
plan limit 947
current timestep 622
plan limit 948
current timestep 623
plan limit 947
current timestep 624
plan limit 949
current timestep 625
plan limit 949
current timestep 626
plan limit 950
current timestep 627
plan limit 947
current timestep 628
plan limit 949
current timestep 629
plan limit 948
current timestep 630
plan limit 949
current timestep 631
plan limit 949
current timestep 632
plan limit 950
current timestep 633
plan limit 949
current timestep 634
plan limit 950
current timestep 635
plan limit 949
current timestep 636
plan limit 947
current timestep 637
plan limit 950
current timestep 638
plan limit 950
current timestep 639
plan limit 950
current timestep 640
plan limit 950
current timestep 641
plan limit 951
current timestep 642
plan limit 951
current timestep 643
plan limit 951
current timestep 644
plan limit 950
current timestep 645
plan limit 949
current timestep 646
plan limit 950
current timestep 647
plan limit 950
current timestep 648
plan limit 949
current timestep 649
plan limit 949
current timestep 650
plan limit 949
current timestep 651
plan limit 949
current timestep 652
plan limit 950
current timestep 653
plan limit 951
current timestep 654
plan limit 953
current timestep 655
plan limit 949
current timestep 656
plan limit 951
current timestep 657
plan limit 952
current timestep 658
plan limit 950
current timestep 659
plan limit 949
current timestep 660
plan limit 954
current timestep 661
plan limit 954
current timestep 662
plan limit 953
current timestep 663
plan limit 953
current timestep 664
plan limit 951
current timestep 665
plan limit 953
current timestep 666
plan limit 951
current timestep 667
plan limit 951
current timestep 668
plan limit 952
current timestep 669
plan limit 952
current timestep 670
plan limit 953
current timestep 671
plan limit 951
current timestep 672
plan limit 951
current timestep 673
plan limit 952
current timestep 674
plan limit 953
current timestep 675
plan limit 951
current timestep 676
plan limit 952
current timestep 677
plan limit 954
current timestep 678
plan limit 953
current timestep 679
plan limit 954
current timestep 680
plan limit 954
current timestep 681
plan limit 952
current timestep 682
plan limit 952
current timestep 683
plan limit 955
current timestep 684
plan limit 955
current timestep 685
plan limit 915
current timestep 686
plan limit 955
current timestep 687
plan limit 954
current timestep 688
plan limit 953
current timestep 689
plan limit 952
current timestep 690
plan limit 951
current timestep 691
plan limit 954
current timestep 692
plan limit 954
current timestep 693
plan limit 954
current timestep 694
plan limit 953
current timestep 695
plan limit 952
current timestep 696
plan limit 953
current timestep 697
plan limit 952
current timestep 698
plan limit 954
current timestep 699
plan limit 952
current timestep 700
plan limit 952
current timestep 701
plan limit 953
current timestep 702
plan limit 953
current timestep 703
plan limit 952
current timestep 704
plan limit 952
current timestep 705
plan limit 951
current timestep 706
plan limit 952
current timestep 707
plan limit 953
current timestep 708
plan limit 953
current timestep 709
plan limit 953
current timestep 710
plan limit 954
current timestep 711
plan limit 953
current timestep 712
plan limit 954
current timestep 713
plan limit 954
current timestep 714
plan limit 949
current timestep 715
plan limit 953
current timestep 716
plan limit 952
current timestep 717
plan limit 952
current timestep 718
plan limit 952
current timestep 719
plan limit 953
current timestep 720
plan limit 953
current timestep 721
plan limit 951
current timestep 722
plan limit 949
current timestep 723
plan limit 949
current timestep 724
plan limit 952
current timestep 725
plan limit 954
current timestep 726
plan limit 953
current timestep 727
plan limit 949
current timestep 728
plan limit 952
current timestep 729
plan limit 952
current timestep 730
plan limit 955
current timestep 731
plan limit 953
current timestep 732
plan limit 951
current timestep 733
plan limit 951
current timestep 734
plan limit 952
current timestep 735
plan limit 950
current timestep 736
plan limit 950
current timestep 737
plan limit 949
current timestep 738
plan limit 949
current timestep 739
plan limit 938
current timestep 740
plan limit 947
current timestep 741
plan limit 951
current timestep 742
plan limit 948
current timestep 743
plan limit 950
current timestep 744
plan limit 948
current timestep 745
plan limit 952
current timestep 746
plan limit 952
current timestep 747
plan limit 952
current timestep 748
plan limit 952
current timestep 749
plan limit 949
current timestep 750
plan limit 949
current timestep 751
plan limit 950
current timestep 752
plan limit 949
current timestep 753
plan limit 947
current timestep 754
plan limit 949
current timestep 755
plan limit 948
current timestep 756
plan limit 949
current timestep 757
plan limit 948
current timestep 758
plan limit 948
current timestep 759
plan limit 949
current timestep 760
plan limit 949
current timestep 761
plan limit 949
current timestep 762
plan limit 946
current timestep 763
plan limit 947
current timestep 764
plan limit 946
current timestep 765
plan limit 944
current timestep 766
plan limit 944
current timestep 767
plan limit 944
current timestep 768
plan limit 944
current timestep 769
plan limit 942
current timestep 770
plan limit 945
current timestep 771
plan limit 944
current timestep 772
plan limit 945
current timestep 773
plan limit 943
current timestep 774
plan limit 948
current timestep 775
plan limit 947
current timestep 776
plan limit 945
current timestep 777
plan limit 943
current timestep 778
plan limit 947
current timestep 779
plan limit 945
current timestep 780
plan limit 947
current timestep 781
plan limit 947
current timestep 782
plan limit 947
current timestep 783
plan limit 947
current timestep 784
plan limit 945
current timestep 785
plan limit 946
current timestep 786
plan limit 945
current timestep 787
plan limit 946
current timestep 788
plan limit 944
current timestep 789
plan limit 941
current timestep 790
plan limit 946
current timestep 791
plan limit 947
current timestep 792
plan limit 947
current timestep 793
plan limit 950
current timestep 794
plan limit 948
current timestep 795
plan limit 946
current timestep 796
plan limit 948
current timestep 797
plan limit 950
current timestep 798
plan limit 947
current timestep 799
plan limit 945
current timestep 800
plan limit 946
current timestep 801
plan limit 944
current timestep 802
plan limit 947
current timestep 803
plan limit 946
current timestep 804
plan limit 948
current timestep 805
plan limit 944
current timestep 806
plan limit 912
current timestep 807
plan limit 949
current timestep 808
plan limit 950
current timestep 809
plan limit 951
current timestep 810
plan limit 950
current timestep 811
plan limit 951
current timestep 812
plan limit 948
current timestep 813
plan limit 948
current timestep 814
plan limit 948
current timestep 815
plan limit 951
current timestep 816
plan limit 949
current timestep 817
plan limit 948
current timestep 818
plan limit 948
current timestep 819
plan limit 948
current timestep 820
plan limit 948
current timestep 821
plan limit 946
current timestep 822
plan limit 947
current timestep 823
plan limit 947
current timestep 824
plan limit 948
current timestep 825
plan limit 946
current timestep 826
plan limit 949
current timestep 827
plan limit 951
current timestep 828
plan limit 950
current timestep 829
plan limit 947
current timestep 830
plan limit 946
current timestep 831
plan limit 948
current timestep 832
plan limit 948
current timestep 833
plan limit 948
current timestep 834
plan limit 944
current timestep 835
plan limit 946
current timestep 836
plan limit 948
current timestep 837
plan limit 950
current timestep 838
plan limit 945
current timestep 839
plan limit 951
current timestep 840
plan limit 951
current timestep 841
plan limit 952
current timestep 842
plan limit 952
current timestep 843
plan limit 953
current timestep 844
plan limit 953
current timestep 845
plan limit 952
current timestep 846
plan limit 953
current timestep 847
plan limit 953
current timestep 848
plan limit 953
current timestep 849
plan limit 952
current timestep 850
plan limit 955
current timestep 851
plan limit 954
current timestep 852
plan limit 954
current timestep 853
plan limit 952
current timestep 854
plan limit 952
current timestep 855
plan limit 951
current timestep 856
plan limit 946
current timestep 857
plan limit 950
current timestep 858
plan limit 950
current timestep 859
plan limit 950
current timestep 860
plan limit 950
current timestep 861
plan limit 950
current timestep 862
plan limit 949
current timestep 863
plan limit 948
current timestep 864
plan limit 944
current timestep 865
plan limit 947
current timestep 866
plan limit 946
current timestep 867
plan limit 948
current timestep 868
plan limit 948
current timestep 869
plan limit 948
current timestep 870
plan limit 947
current timestep 871
plan limit 944
current timestep 872
plan limit 949
current timestep 873
plan limit 946
current timestep 874
plan limit 948
current timestep 875
plan limit 946
current timestep 876
plan limit 947
current timestep 877
plan limit 947
current timestep 878
plan limit 946
current timestep 879
plan limit 947
current timestep 880
plan limit 946
current timestep 881
plan limit 944
current timestep 882
plan limit 947
current timestep 883
plan limit 948
current timestep 884
plan limit 945
current timestep 885
plan limit 948
current timestep 886
plan limit 948
current timestep 887
plan limit 949
current timestep 888
plan limit 949
current timestep 889
plan limit 949
current timestep 890
plan limit 950
current timestep 891
plan limit 951
current timestep 892
plan limit 950
current timestep 893
plan limit 948
current timestep 894
plan limit 951
current timestep 895
plan limit 952
current timestep 896
plan limit 952
current timestep 897
plan limit 950
current timestep 898
plan limit 950
current timestep 899
plan limit 951
current timestep 900
plan limit 952
current timestep 901
plan limit 951
current timestep 902
plan limit 950
current timestep 903
plan limit 951
current timestep 904
plan limit 950
current timestep 905
plan limit 951
current timestep 906
plan limit 950
current timestep 907
plan limit 951
current timestep 908
plan limit 950
current timestep 909
plan limit 951
current timestep 910
plan limit 950
current timestep 911
plan limit 950
current timestep 912
plan limit 950
current timestep 913
plan limit 951
current timestep 914
plan limit 950
current timestep 915
plan limit 950
current timestep 916
plan limit 952
current timestep 917
plan limit 950
current timestep 918
plan limit 952
current timestep 919
plan limit 951
current timestep 920
plan limit 951
current timestep 921
plan limit 947
current timestep 922
plan limit 951
current timestep 923
plan limit 948
current timestep 924
plan limit 951
current timestep 925
plan limit 952
current timestep 926
plan limit 951
current timestep 927
plan limit 952
current timestep 928
plan limit 950
current timestep 929
plan limit 951
current timestep 930
plan limit 948
current timestep 931
plan limit 949
current timestep 932
plan limit 947
current timestep 933
plan limit 947
current timestep 934
plan limit 947
current timestep 935
plan limit 948
current timestep 936
plan limit 948
current timestep 937
plan limit 949
current timestep 938
plan limit 948
current timestep 939
plan limit 947
current timestep 940
plan limit 945
current timestep 941
plan limit 945
current timestep 942
plan limit 945
current timestep 943
plan limit 946
current timestep 944
plan limit 946
current timestep 945
plan limit 944
current timestep 946
plan limit 944
current timestep 947
plan limit 940
current timestep 948
plan limit 940
current timestep 949
plan limit 943
current timestep 950
plan limit 944
current timestep 951
plan limit 944
current timestep 952
plan limit 943
current timestep 953
plan limit 942
current timestep 954
plan limit 938
current timestep 955
plan limit 940
current timestep 956
plan limit 938
current timestep 957
plan limit 937
current timestep 958
plan limit 937
current timestep 959
plan limit 940
current timestep 960
plan limit 942
current timestep 961
plan limit 941
current timestep 962
plan limit 942
current timestep 963
plan limit 940
current timestep 964
plan limit 944
current timestep 965
plan limit 942
current timestep 966
plan limit 945
current timestep 967
plan limit 943
current timestep 968
plan limit 942
current timestep 969
plan limit 941
current timestep 970
plan limit 937
current timestep 971
plan limit 942
current timestep 972
plan limit 939
current timestep 973
plan limit 945
current timestep 974
plan limit 944
current timestep 975
plan limit 943
current timestep 976
plan limit 944
current timestep 977
plan limit 946
current timestep 978
plan limit 947
current timestep 979
plan limit 947
current timestep 980
plan limit 942
current timestep 981
plan limit 950
current timestep 982
plan limit 949
current timestep 983
plan limit 951
current timestep 984
plan limit 950
current timestep 985
plan limit 948
current timestep 986
plan limit 949
current timestep 987
plan limit 948
current timestep 988
plan limit 951
current timestep 989
plan limit 950
current timestep 990
plan limit 952
current timestep 991
plan limit 952
current timestep 992
plan limit 952
current timestep 993
plan limit 953
current timestep 994
plan limit 953
current timestep 995
plan limit 953
current timestep 996
plan limit 951
current timestep 997
plan limit 953
current timestep 998
plan limit 953
current timestep 999
plan limit 954
Running w600_flow-traffic_t1000_trial3
current timestep 0
num of flexible agents: 600
num of flexible tasks: 900
Solving time: 0.0022126 seconds
plan limit 977
current timestep 1
num of flexible agents: 565
num of flexible tasks: 865
Solving time: 0.001764 seconds
plan limit 978
current timestep 2
num of flexible agents: 532
num of flexible tasks: 832
Solving time: 0.0017394 seconds
plan limit 978
current timestep 3
num of flexible agents: 497
num of flexible tasks: 797
Solving time: 0.0016045 seconds
plan limit 978
current timestep 4
num of flexible agents: 459
num of flexible tasks: 759
Solving time: 0.0015164 seconds
plan limit 978
current timestep 5
num of flexible agents: 428
num of flexible tasks: 728
Solving time: 0.0015032 seconds
plan limit 978
current timestep 6
num of flexible agents: 393
num of flexible tasks: 693
Solving time: 0.0013871 seconds
plan limit 979
current timestep 7
num of flexible agents: 364
num of flexible tasks: 664
Solving time: 0.0014175 seconds
plan limit 979
current timestep 8
num of flexible agents: 337
num of flexible tasks: 637
Solving time: 0.0013844 seconds
plan limit 979
current timestep 9
num of flexible agents: 310
num of flexible tasks: 610
Solving time: 0.0013151 seconds
plan limit 979
current timestep 10
num of flexible agents: 289
num of flexible tasks: 589
Solving time: 0.0012155 seconds
plan limit 979
current timestep 11
num of flexible agents: 266
num of flexible tasks: 566
Solving time: 0.001435 seconds
plan limit 979
current timestep 12
num of flexible agents: 243
num of flexible tasks: 543
Solving time: 0.0011741 seconds
plan limit 979
current timestep 13
num of flexible agents: 221
num of flexible tasks: 521
Solving time: 0.0011957 seconds
plan limit 979
current timestep 14
num of flexible agents: 199
num of flexible tasks: 499
Solving time: 0.0011233 seconds
plan limit 979
current timestep 15
num of flexible agents: 182
num of flexible tasks: 482
Solving time: 0.001084 seconds
plan limit 979
current timestep 16
num of flexible agents: 164
num of flexible tasks: 464
Solving time: 0.0010999 seconds
plan limit 979
current timestep 17
num of flexible agents: 148
num of flexible tasks: 448
Solving time: 0.0010836 seconds
plan limit 979
current timestep 18
num of flexible agents: 132
num of flexible tasks: 432
Solving time: 0.0010715 seconds
plan limit 979
current timestep 19
num of flexible agents: 126
num of flexible tasks: 426
Solving time: 0.0010818 seconds
plan limit 979
current timestep 20
num of flexible agents: 116
num of flexible tasks: 416
Solving time: 0.0010949 seconds
plan limit 979
current timestep 21
num of flexible agents: 110
num of flexible tasks: 410
Solving time: 0.0010687 seconds
plan limit 979
current timestep 22
num of flexible agents: 104
num of flexible tasks: 404
Solving time: 0.0011205 seconds
plan limit 979
current timestep 23
num of flexible agents: 99
num of flexible tasks: 399
Solving time: 0.0011124 seconds
plan limit 979
current timestep 24
num of flexible agents: 97
num of flexible tasks: 397
Solving time: 0.0012054 seconds
plan limit 979
current timestep 25
num of flexible agents: 97
num of flexible tasks: 397
Solving time: 0.0011361 seconds
plan limit 979
current timestep 26
num of flexible agents: 96
num of flexible tasks: 396
Solving time: 0.0011195 seconds
plan limit 979
current timestep 27
num of flexible agents: 91
num of flexible tasks: 391
Solving time: 0.0011291 seconds
plan limit 979
current timestep 28
num of flexible agents: 88
num of flexible tasks: 388
Solving time: 0.001135 seconds
plan limit 979
current timestep 29
num of flexible agents: 83
num of flexible tasks: 383
Solving time: 0.0011117 seconds
plan limit 979
current timestep 30
num of flexible agents: 87
num of flexible tasks: 387
Solving time: 0.0011038 seconds
plan limit 979
current timestep 31
num of flexible agents: 91
num of flexible tasks: 391
Solving time: 0.0011229 seconds
plan limit 979
current timestep 32
num of flexible agents: 88
num of flexible tasks: 388
Solving time: 0.001089 seconds
plan limit 979
current timestep 33
num of flexible agents: 90
num of flexible tasks: 390
Solving time: 0.0010768 seconds
plan limit 979
current timestep 34
num of flexible agents: 94
num of flexible tasks: 394
Solving time: 0.0010849 seconds
plan limit 979
current timestep 35
num of flexible agents: 96
num of flexible tasks: 396
Solving time: 0.0011518 seconds
plan limit 979
current timestep 36
num of flexible agents: 100
num of flexible tasks: 400
Solving time: 0.0011158 seconds
plan limit 979
current timestep 37
num of flexible agents: 97
num of flexible tasks: 397
Solving time: 0.0011001 seconds
plan limit 979
current timestep 38
num of flexible agents: 100
num of flexible tasks: 400
Solving time: 0.001092 seconds
plan limit 979
current timestep 39
num of flexible agents: 103
num of flexible tasks: 403
Solving time: 0.0012587 seconds
plan limit 979
current timestep 40
num of flexible agents: 109
num of flexible tasks: 409
Solving time: 0.0011673 seconds
plan limit 979
current timestep 41
num of flexible agents: 116
num of flexible tasks: 416
Solving time: 0.0011763 seconds
plan limit 979
current timestep 42
num of flexible agents: 127
num of flexible tasks: 427
Solving time: 0.0011808 seconds
plan limit 979
current timestep 43
num of flexible agents: 136
num of flexible tasks: 436
Solving time: 0.0011768 seconds
plan limit 979
current timestep 44
num of flexible agents: 140
num of flexible tasks: 440
Solving time: 0.0011686 seconds
plan limit 979
current timestep 45
num of flexible agents: 144
num of flexible tasks: 444
Solving time: 0.0011602 seconds
plan limit 979
current timestep 46
num of flexible agents: 155
num of flexible tasks: 455
Solving time: 0.0011724 seconds
plan limit 979
current timestep 47
num of flexible agents: 154
num of flexible tasks: 454
Solving time: 0.0012203 seconds
plan limit 979
current timestep 48
num of flexible agents: 154
num of flexible tasks: 454
Solving time: 0.0011452 seconds
plan limit 979
current timestep 49
num of flexible agents: 156
num of flexible tasks: 456
Solving time: 0.0011913 seconds
plan limit 979
current timestep 50
num of flexible agents: 158
num of flexible tasks: 458
Solving time: 0.0012891 seconds
plan limit 979
current timestep 51
num of flexible agents: 160
num of flexible tasks: 460
Solving time: 0.0012667 seconds
plan limit 979
current timestep 52
num of flexible agents: 163
num of flexible tasks: 463
Solving time: 0.0012194 seconds
plan limit 979
current timestep 53
num of flexible agents: 170
num of flexible tasks: 470
Solving time: 0.0012189 seconds
plan limit 979
current timestep 54
num of flexible agents: 172
num of flexible tasks: 472
Solving time: 0.0011917 seconds
plan limit 979
current timestep 55
num of flexible agents: 173
num of flexible tasks: 473
Solving time: 0.0013956 seconds
plan limit 978
current timestep 56
num of flexible agents: 177
num of flexible tasks: 477
Solving time: 0.0033593 seconds
plan limit 976
current timestep 57
num of flexible agents: 181
num of flexible tasks: 481
Solving time: 0.0012764 seconds
plan limit 979
current timestep 58
num of flexible agents: 184
num of flexible tasks: 484
Solving time: 0.0014521 seconds
plan limit 978
current timestep 59
num of flexible agents: 188
num of flexible tasks: 488
Solving time: 0.0012864 seconds
plan limit 979
current timestep 60
num of flexible agents: 191
num of flexible tasks: 491
Solving time: 0.0012574 seconds
plan limit 979
current timestep 61
num of flexible agents: 191
num of flexible tasks: 491
Solving time: 0.0012846 seconds
plan limit 979
current timestep 62
num of flexible agents: 197
num of flexible tasks: 497
Solving time: 0.0012548 seconds
plan limit 978
current timestep 63
num of flexible agents: 191
num of flexible tasks: 491
Solving time: 0.0012977 seconds
plan limit 979
current timestep 64
num of flexible agents: 196
num of flexible tasks: 496
Solving time: 0.0012348 seconds
plan limit 979
current timestep 65
num of flexible agents: 192
num of flexible tasks: 492
Solving time: 0.0012788 seconds
plan limit 979
current timestep 66
num of flexible agents: 190
num of flexible tasks: 490
Solving time: 0.0012312 seconds
plan limit 979
current timestep 67
num of flexible agents: 192
num of flexible tasks: 492
Solving time: 0.0012444 seconds
plan limit 979
current timestep 68
num of flexible agents: 191
num of flexible tasks: 491
Solving time: 0.0012948 seconds
plan limit 979
current timestep 69
num of flexible agents: 186
num of flexible tasks: 486
Solving time: 0.0012256 seconds
plan limit 979
current timestep 70
num of flexible agents: 184
num of flexible tasks: 484
Solving time: 0.0013562 seconds
plan limit 979
current timestep 71
num of flexible agents: 181
num of flexible tasks: 481
Solving time: 0.0012525 seconds
plan limit 979
current timestep 72
num of flexible agents: 180
num of flexible tasks: 480
Solving time: 0.0012181 seconds
plan limit 979
current timestep 73
num of flexible agents: 178
num of flexible tasks: 478
Solving time: 0.0014758 seconds
plan limit 978
current timestep 74
num of flexible agents: 180
num of flexible tasks: 480
Solving time: 0.0012812 seconds
plan limit 979
current timestep 75
num of flexible agents: 184
num of flexible tasks: 484
Solving time: 0.001598 seconds
plan limit 978
current timestep 76
num of flexible agents: 185
num of flexible tasks: 485
Solving time: 0.0012787 seconds
plan limit 979
current timestep 77
num of flexible agents: 188
num of flexible tasks: 488
Solving time: 0.0012852 seconds
plan limit 979
current timestep 78
num of flexible agents: 188
num of flexible tasks: 488
Solving time: 0.0012913 seconds
plan limit 979
current timestep 79
num of flexible agents: 193
num of flexible tasks: 493
Solving time: 0.0013163 seconds
plan limit 979
current timestep 80
num of flexible agents: 195
num of flexible tasks: 495
Solving time: 0.0013196 seconds
plan limit 979
current timestep 81
num of flexible agents: 196
num of flexible tasks: 496
Solving time: 0.0013141 seconds
plan limit 979
current timestep 82
num of flexible agents: 200
num of flexible tasks: 500
Solving time: 0.0013948 seconds
plan limit 979
current timestep 83
num of flexible agents: 202
num of flexible tasks: 502
Solving time: 0.0013396 seconds
plan limit 979
current timestep 84
num of flexible agents: 201
num of flexible tasks: 501
Solving time: 0.001349 seconds
plan limit 979
current timestep 85
num of flexible agents: 204
num of flexible tasks: 504
Solving time: 0.0013649 seconds
plan limit 979
current timestep 86
num of flexible agents: 204
num of flexible tasks: 504
Solving time: 0.001311 seconds
plan limit 979
current timestep 87
num of flexible agents: 205
num of flexible tasks: 505
Solving time: 0.0013774 seconds
plan limit 979
current timestep 88
num of flexible agents: 209
num of flexible tasks: 509
Solving time: 0.0013252 seconds
plan limit 979
current timestep 89
num of flexible agents: 212
num of flexible tasks: 512
Solving time: 0.0013425 seconds
plan limit 979
current timestep 90
num of flexible agents: 208
num of flexible tasks: 508
Solving time: 0.0014316 seconds
plan limit 979
current timestep 91
num of flexible agents: 211
num of flexible tasks: 511
Solving time: 0.0013611 seconds
plan limit 978
current timestep 92
num of flexible agents: 213
num of flexible tasks: 513
Solving time: 0.0013215 seconds
plan limit 979
current timestep 93
num of flexible agents: 211
num of flexible tasks: 511
Solving time: 0.0041102 seconds
plan limit 975
current timestep 94
num of flexible agents: 212
num of flexible tasks: 512
Solving time: 0.0014391 seconds
plan limit 978
current timestep 95
num of flexible agents: 212
num of flexible tasks: 512
Solving time: 0.001342 seconds
plan limit 979
current timestep 96
num of flexible agents: 217
num of flexible tasks: 517
Solving time: 0.0013417 seconds
plan limit 979
current timestep 97
num of flexible agents: 219
num of flexible tasks: 519
Solving time: 0.001447 seconds
plan limit 979
current timestep 98
num of flexible agents: 216
num of flexible tasks: 516
Solving time: 0.001382 seconds
plan limit 979
current timestep 99
num of flexible agents: 217
num of flexible tasks: 517
Solving time: 0.001345 seconds
plan limit 979
current timestep 100
num of flexible agents: 218
num of flexible tasks: 518
Solving time: 0.0018263 seconds
plan limit 978
current timestep 101
num of flexible agents: 216
num of flexible tasks: 516
Solving time: 0.0016279 seconds
plan limit 978
current timestep 102
num of flexible agents: 217
num of flexible tasks: 517
Solving time: 0.0014768 seconds
plan limit 978
current timestep 103
num of flexible agents: 213
num of flexible tasks: 513
Solving time: 0.0015112 seconds
plan limit 978
current timestep 104
num of flexible agents: 211
num of flexible tasks: 511
Solving time: 0.0049465 seconds
plan limit 974
current timestep 105
num of flexible agents: 215
num of flexible tasks: 515
Solving time: 0.001513 seconds
plan limit 978
current timestep 106
num of flexible agents: 213
num of flexible tasks: 513
Solving time: 0.0014732 seconds
plan limit 978
current timestep 107
num of flexible agents: 213
num of flexible tasks: 513
Solving time: 0.001522 seconds
plan limit 978
current timestep 108
num of flexible agents: 210
num of flexible tasks: 510
Solving time: 0.0014459 seconds
plan limit 978
current timestep 109
num of flexible agents: 206
num of flexible tasks: 506
Solving time: 0.0019517 seconds
plan limit 978
current timestep 110
num of flexible agents: 206
num of flexible tasks: 506
Solving time: 0.0015022 seconds
plan limit 978
current timestep 111
num of flexible agents: 207
num of flexible tasks: 507
Solving time: 0.0016852 seconds
plan limit 978
current timestep 112
num of flexible agents: 204
num of flexible tasks: 504
Solving time: 0.0015682 seconds
plan limit 978
current timestep 113
num of flexible agents: 210
num of flexible tasks: 510
Solving time: 0.0015921 seconds
plan limit 978
current timestep 114
num of flexible agents: 207
num of flexible tasks: 507
Solving time: 0.0015168 seconds
plan limit 978
current timestep 115
num of flexible agents: 205
num of flexible tasks: 505
Solving time: 0.0014443 seconds
plan limit 978
current timestep 116
num of flexible agents: 207
num of flexible tasks: 507
Solving time: 0.0015017 seconds
plan limit 978
current timestep 117
num of flexible agents: 208
num of flexible tasks: 508
Solving time: 0.0015488 seconds
plan limit 978
current timestep 118
num of flexible agents: 203
num of flexible tasks: 503
Solving time: 0.0015837 seconds
plan limit 978
current timestep 119
num of flexible agents: 208
num of flexible tasks: 508
Solving time: 0.0015346 seconds
plan limit 978
current timestep 120
num of flexible agents: 210
num of flexible tasks: 510
Solving time: 0.0020886 seconds
plan limit 978
current timestep 121
num of flexible agents: 211
num of flexible tasks: 511
Solving time: 0.0015579 seconds
plan limit 978
current timestep 122
num of flexible agents: 214
num of flexible tasks: 514
Solving time: 0.0016431 seconds
plan limit 978
current timestep 123
num of flexible agents: 214
num of flexible tasks: 514
Solving time: 0.0017273 seconds
plan limit 978
current timestep 124
num of flexible agents: 214
num of flexible tasks: 514
Solving time: 0.0016861 seconds
plan limit 978
current timestep 125
num of flexible agents: 217
num of flexible tasks: 517
Solving time: 0.0015897 seconds
plan limit 978
current timestep 126
num of flexible agents: 217
num of flexible tasks: 517
Solving time: 0.0016555 seconds
plan limit 978
current timestep 127
num of flexible agents: 217
num of flexible tasks: 517
Solving time: 0.0015955 seconds
plan limit 978
current timestep 128
num of flexible agents: 215
num of flexible tasks: 515
Solving time: 0.0015098 seconds
plan limit 978
current timestep 129
num of flexible agents: 211
num of flexible tasks: 511
Solving time: 0.0015876 seconds
plan limit 978
current timestep 130
num of flexible agents: 210
num of flexible tasks: 510
Solving time: 0.0016402 seconds
plan limit 978
current timestep 131
num of flexible agents: 208
num of flexible tasks: 508
Solving time: 0.0017147 seconds
plan limit 978
current timestep 132
num of flexible agents: 207
num of flexible tasks: 507
Solving time: 0.0016128 seconds
plan limit 978
current timestep 133
num of flexible agents: 209
num of flexible tasks: 509
Solving time: 0.0017487 seconds
plan limit 978
current timestep 134
num of flexible agents: 208
num of flexible tasks: 508
Solving time: 0.0016756 seconds
plan limit 978
current timestep 135
num of flexible agents: 205
num of flexible tasks: 505
Solving time: 0.0016429 seconds
plan limit 978
current timestep 136
num of flexible agents: 206
num of flexible tasks: 506
Solving time: 0.001604 seconds
plan limit 978
current timestep 137
num of flexible agents: 205
num of flexible tasks: 505
Solving time: 0.0016019 seconds
plan limit 978
current timestep 138
num of flexible agents: 201
num of flexible tasks: 501
Solving time: 0.0015881 seconds
plan limit 978
current timestep 139
num of flexible agents: 202
num of flexible tasks: 502
Solving time: 0.001601 seconds
plan limit 978
current timestep 140
num of flexible agents: 206
num of flexible tasks: 506
Solving time: 0.0016319 seconds
plan limit 978
current timestep 141
num of flexible agents: 202
num of flexible tasks: 502
Solving time: 0.0016562 seconds
plan limit 978
current timestep 142
num of flexible agents: 201
num of flexible tasks: 501
Solving time: 0.0016858 seconds
plan limit 978
current timestep 143
num of flexible agents: 202
num of flexible tasks: 502
Solving time: 0.0017986 seconds
plan limit 978
current timestep 144
num of flexible agents: 202
num of flexible tasks: 502
Solving time: 0.0016433 seconds
plan limit 978
current timestep 145
num of flexible agents: 206
num of flexible tasks: 506
Solving time: 0.0016795 seconds
plan limit 978
current timestep 146
num of flexible agents: 207
num of flexible tasks: 507
Solving time: 0.0017344 seconds
plan limit 978
current timestep 147
num of flexible agents: 209
num of flexible tasks: 509
Solving time: 0.0029498 seconds
plan limit 976
current timestep 148
num of flexible agents: 215
num of flexible tasks: 515
Solving time: 0.0016979 seconds
plan limit 978
current timestep 149
num of flexible agents: 218
num of flexible tasks: 518
Solving time: 0.0017628 seconds
plan limit 978
current timestep 150
num of flexible agents: 212
num of flexible tasks: 512
Solving time: 0.0020221 seconds
plan limit 978
current timestep 151
num of flexible agents: 217
num of flexible tasks: 517
Solving time: 0.0018575 seconds
plan limit 978
current timestep 152
num of flexible agents: 220
num of flexible tasks: 520
Solving time: 0.0016877 seconds
plan limit 978
current timestep 153
num of flexible agents: 218
num of flexible tasks: 518
Solving time: 0.0018245 seconds
plan limit 978
current timestep 154
num of flexible agents: 219
num of flexible tasks: 519
Solving time: 0.0018706 seconds
plan limit 978
current timestep 155
num of flexible agents: 222
num of flexible tasks: 522
Solving time: 0.0018583 seconds
plan limit 978
current timestep 156
num of flexible agents: 219
num of flexible tasks: 519
Solving time: 0.0017636 seconds
plan limit 978
current timestep 157
num of flexible agents: 224
num of flexible tasks: 524
Solving time: 0.0019072 seconds
plan limit 978
current timestep 158
num of flexible agents: 219
num of flexible tasks: 519
Solving time: 0.0017856 seconds
plan limit 978
current timestep 159
num of flexible agents: 217
num of flexible tasks: 517
Solving time: 0.0017849 seconds
plan limit 978
current timestep 160
num of flexible agents: 217
num of flexible tasks: 517
Solving time: 0.0018284 seconds
plan limit 978
current timestep 161
num of flexible agents: 219
num of flexible tasks: 519
Solving time: 0.0017361 seconds
plan limit 978
current timestep 162
num of flexible agents: 223
num of flexible tasks: 523
Solving time: 0.0016278 seconds
plan limit 978
current timestep 163
num of flexible agents: 223
num of flexible tasks: 523
Solving time: 0.0017764 seconds
plan limit 978
current timestep 164
num of flexible agents: 222
num of flexible tasks: 522
Solving time: 0.001758 seconds
plan limit 978
current timestep 165
num of flexible agents: 223
num of flexible tasks: 523
Solving time: 0.0018614 seconds
plan limit 978
current timestep 166
num of flexible agents: 224
num of flexible tasks: 524
Solving time: 0.0017963 seconds
plan limit 978
current timestep 167
num of flexible agents: 222
num of flexible tasks: 522
Solving time: 0.0017931 seconds
plan limit 978
current timestep 168
num of flexible agents: 221
num of flexible tasks: 521
Solving time: 0.0017844 seconds
plan limit 978
current timestep 169
num of flexible agents: 225
num of flexible tasks: 525
Solving time: 0.0017638 seconds
plan limit 978
current timestep 170
num of flexible agents: 229
num of flexible tasks: 529
Solving time: 0.0017803 seconds
plan limit 978
current timestep 171
num of flexible agents: 232
num of flexible tasks: 532
Solving time: 0.0017874 seconds
plan limit 978
current timestep 172
num of flexible agents: 236
num of flexible tasks: 536
Solving time: 0.0022116 seconds
plan limit 977
current timestep 173
num of flexible agents: 235
num of flexible tasks: 535
Solving time: 0.0019525 seconds
plan limit 978
current timestep 174
num of flexible agents: 236
num of flexible tasks: 536
Solving time: 0.0021906 seconds
plan limit 978
current timestep 175
num of flexible agents: 234
num of flexible tasks: 534
Solving time: 0.0022611 seconds
plan limit 978
current timestep 176
num of flexible agents: 237
num of flexible tasks: 537
Solving time: 0.0019737 seconds
plan limit 978
current timestep 177
num of flexible agents: 240
num of flexible tasks: 540
Solving time: 0.0021375 seconds
plan limit 978
current timestep 178
num of flexible agents: 239
num of flexible tasks: 539
Solving time: 0.001896 seconds
plan limit 978
current timestep 179
num of flexible agents: 241
num of flexible tasks: 541
Solving time: 0.0020232 seconds
plan limit 978
current timestep 180
num of flexible agents: 239
num of flexible tasks: 539
Solving time: 0.0019232 seconds
plan limit 978
current timestep 181
num of flexible agents: 247
num of flexible tasks: 547
Solving time: 0.0018723 seconds
plan limit 978
current timestep 182
num of flexible agents: 241
num of flexible tasks: 541
Solving time: 0.0020604 seconds
plan limit 978
current timestep 183
num of flexible agents: 245
num of flexible tasks: 545
Solving time: 0.0027403 seconds
plan limit 977
current timestep 184
num of flexible agents: 251
num of flexible tasks: 551
Solving time: 0.0019204 seconds
plan limit 978
current timestep 185
num of flexible agents: 254
num of flexible tasks: 554
Solving time: 0.0019607 seconds
plan limit 978
current timestep 186
num of flexible agents: 253
num of flexible tasks: 553
Solving time: 0.001797 seconds
plan limit 978
current timestep 187
num of flexible agents: 251
num of flexible tasks: 551
Solving time: 0.0030638 seconds
plan limit 977
current timestep 188
num of flexible agents: 254
num of flexible tasks: 554
Solving time: 0.0018575 seconds
plan limit 978
current timestep 189
num of flexible agents: 249
num of flexible tasks: 549
Solving time: 0.0018801 seconds
plan limit 978
current timestep 190
num of flexible agents: 245
num of flexible tasks: 545
Solving time: 0.0018209 seconds
plan limit 978
current timestep 191
num of flexible agents: 242
num of flexible tasks: 542
Solving time: 0.0019094 seconds
plan limit 978
current timestep 192
num of flexible agents: 241
num of flexible tasks: 541
Solving time: 0.002101 seconds
plan limit 978
current timestep 193
num of flexible agents: 241
num of flexible tasks: 541
Solving time: 0.0018567 seconds
plan limit 978
current timestep 194
num of flexible agents: 247
num of flexible tasks: 547
Solving time: 0.0018612 seconds
plan limit 978
current timestep 195
num of flexible agents: 247
num of flexible tasks: 547
Solving time: 0.0019278 seconds
plan limit 978
current timestep 196
num of flexible agents: 244
num of flexible tasks: 544
Solving time: 0.0018463 seconds
plan limit 978
current timestep 197
num of flexible agents: 243
num of flexible tasks: 543
Solving time: 0.0019178 seconds
plan limit 978
current timestep 198
num of flexible agents: 242
num of flexible tasks: 542
Solving time: 0.0019931 seconds
plan limit 978
current timestep 199
num of flexible agents: 241
num of flexible tasks: 541
Solving time: 0.0041606 seconds
plan limit 975
current timestep 200
num of flexible agents: 244
num of flexible tasks: 544
Solving time: 0.0020521 seconds
plan limit 978
current timestep 201
num of flexible agents: 238
num of flexible tasks: 538
Solving time: 0.0019429 seconds
plan limit 978
current timestep 202
num of flexible agents: 242
num of flexible tasks: 542
Solving time: 0.0020371 seconds
plan limit 978
current timestep 203
num of flexible agents: 241
num of flexible tasks: 541
Solving time: 0.0019906 seconds
plan limit 978
current timestep 204
num of flexible agents: 241
num of flexible tasks: 541
Solving time: 0.0019933 seconds
plan limit 978
current timestep 205
num of flexible agents: 235
num of flexible tasks: 535
Solving time: 0.001984 seconds
plan limit 978
current timestep 206
num of flexible agents: 238
num of flexible tasks: 538
Solving time: 0.0019388 seconds
plan limit 978
current timestep 207
num of flexible agents: 242
num of flexible tasks: 542
Solving time: 0.0018944 seconds
plan limit 978
current timestep 208
num of flexible agents: 243
num of flexible tasks: 543
Solving time: 0.0018881 seconds
plan limit 978
current timestep 209
num of flexible agents: 245
num of flexible tasks: 545
Solving time: 0.0018921 seconds
plan limit 978
current timestep 210
num of flexible agents: 244
num of flexible tasks: 544
Solving time: 0.0017821 seconds
plan limit 978
current timestep 211
num of flexible agents: 246
num of flexible tasks: 546
Solving time: 0.0018172 seconds
plan limit 978
current timestep 212
num of flexible agents: 245
num of flexible tasks: 545
Solving time: 0.0017807 seconds
plan limit 978
current timestep 213
num of flexible agents: 243
num of flexible tasks: 543
Solving time: 0.0022421 seconds
plan limit 977
current timestep 214
num of flexible agents: 236
num of flexible tasks: 536
Solving time: 0.0019691 seconds
plan limit 978
current timestep 215
num of flexible agents: 234
num of flexible tasks: 534
Solving time: 0.0018792 seconds
plan limit 978
current timestep 216
num of flexible agents: 236
num of flexible tasks: 536
Solving time: 0.0018937 seconds
plan limit 978
current timestep 217
num of flexible agents: 231
num of flexible tasks: 531
Solving time: 0.0018017 seconds
plan limit 978
current timestep 218
num of flexible agents: 232
num of flexible tasks: 532
Solving time: 0.0017234 seconds
plan limit 978
current timestep 219
num of flexible agents: 237
num of flexible tasks: 537
Solving time: 0.0021779 seconds
plan limit 978
current timestep 220
num of flexible agents: 235
num of flexible tasks: 535
Solving time: 0.0018447 seconds
plan limit 978
current timestep 221
num of flexible agents: 234
num of flexible tasks: 534
Solving time: 0.0018684 seconds
plan limit 978
current timestep 222
num of flexible agents: 230
num of flexible tasks: 530
Solving time: 0.0019869 seconds
plan limit 978
current timestep 223
num of flexible agents: 226
num of flexible tasks: 526
Solving time: 0.0019214 seconds
plan limit 978
current timestep 224
num of flexible agents: 225
num of flexible tasks: 525
Solving time: 0.0019296 seconds
plan limit 978
current timestep 225
num of flexible agents: 230
num of flexible tasks: 530
Solving time: 0.0019044 seconds
plan limit 978
current timestep 226
num of flexible agents: 235
num of flexible tasks: 535
Solving time: 0.0019087 seconds
plan limit 978
current timestep 227
num of flexible agents: 235
num of flexible tasks: 535
Solving time: 0.0018294 seconds
plan limit 978
current timestep 228
num of flexible agents: 231
num of flexible tasks: 531
Solving time: 0.0019329 seconds
plan limit 978
current timestep 229
num of flexible agents: 236
num of flexible tasks: 536
Solving time: 0.001911 seconds
plan limit 978
current timestep 230
num of flexible agents: 239
num of flexible tasks: 539
Solving time: 0.0020478 seconds
plan limit 978
current timestep 231
num of flexible agents: 237
num of flexible tasks: 537
Solving time: 0.0018695 seconds
plan limit 978
current timestep 232
num of flexible agents: 242
num of flexible tasks: 542
Solving time: 0.0018219 seconds
plan limit 978
current timestep 233
num of flexible agents: 240
num of flexible tasks: 540
Solving time: 0.0019099 seconds
plan limit 978
current timestep 234
num of flexible agents: 239
num of flexible tasks: 539
Solving time: 0.0020304 seconds
plan limit 978
current timestep 235
num of flexible agents: 237
num of flexible tasks: 537
Solving time: 0.0018403 seconds
plan limit 978
current timestep 236
num of flexible agents: 237
num of flexible tasks: 537
Solving time: 0.001874 seconds
plan limit 978
current timestep 237
num of flexible agents: 241
num of flexible tasks: 541
Solving time: 0.0018353 seconds
plan limit 978
current timestep 238
num of flexible agents: 243
num of flexible tasks: 543
Solving time: 0.0018482 seconds
plan limit 978
current timestep 239
num of flexible agents: 244
num of flexible tasks: 544
Solving time: 0.0018243 seconds
plan limit 978
current timestep 240
num of flexible agents: 243
num of flexible tasks: 543
Solving time: 0.0018775 seconds
plan limit 978
current timestep 241
num of flexible agents: 236
num of flexible tasks: 536
Solving time: 0.0018589 seconds
plan limit 978
current timestep 242
num of flexible agents: 238
num of flexible tasks: 538
Solving time: 0.0018189 seconds
plan limit 978
current timestep 243
num of flexible agents: 239
num of flexible tasks: 539
Solving time: 0.0020584 seconds
plan limit 978
current timestep 244
num of flexible agents: 238
num of flexible tasks: 538
Solving time: 0.0020046 seconds
plan limit 978
current timestep 245
num of flexible agents: 239
num of flexible tasks: 539
Solving time: 0.0019121 seconds
plan limit 978
current timestep 246
num of flexible agents: 241
num of flexible tasks: 541
Solving time: 0.0019779 seconds
plan limit 978
current timestep 247
num of flexible agents: 247
num of flexible tasks: 547
Solving time: 0.0018952 seconds
plan limit 978
current timestep 248
num of flexible agents: 250
num of flexible tasks: 550
Solving time: 0.0026489 seconds
plan limit 977
current timestep 249
num of flexible agents: 251
num of flexible tasks: 551
Solving time: 0.0018795 seconds
plan limit 978
current timestep 250
num of flexible agents: 254
num of flexible tasks: 554
Solving time: 0.0019262 seconds
plan limit 978
current timestep 251
num of flexible agents: 250
num of flexible tasks: 550
Solving time: 0.0018655 seconds
plan limit 978
current timestep 252
num of flexible agents: 248
num of flexible tasks: 548
Solving time: 0.0018334 seconds
plan limit 978
current timestep 253
num of flexible agents: 247
num of flexible tasks: 547
Solving time: 0.0017543 seconds
plan limit 978
current timestep 254
num of flexible agents: 242
num of flexible tasks: 542
Solving time: 0.0017001 seconds
plan limit 978
current timestep 255
num of flexible agents: 241
num of flexible tasks: 541
Solving time: 0.0018667 seconds
plan limit 978
current timestep 256
num of flexible agents: 240
num of flexible tasks: 540
Solving time: 0.0017552 seconds
plan limit 978
current timestep 257
num of flexible agents: 244
num of flexible tasks: 544
Solving time: 0.0017822 seconds
plan limit 978
current timestep 258
num of flexible agents: 240
num of flexible tasks: 540
Solving time: 0.0019688 seconds
plan limit 978
current timestep 259
num of flexible agents: 244
num of flexible tasks: 544
Solving time: 0.0019561 seconds
plan limit 978
current timestep 260
num of flexible agents: 239
num of flexible tasks: 539
Solving time: 0.0018296 seconds
plan limit 978
current timestep 261
num of flexible agents: 239
num of flexible tasks: 539
Solving time: 0.0027238 seconds
plan limit 977
current timestep 262
num of flexible agents: 234
num of flexible tasks: 534
Solving time: 0.0019211 seconds
plan limit 978
current timestep 263
num of flexible agents: 232
num of flexible tasks: 532
Solving time: 0.0019499 seconds
plan limit 978
current timestep 264
num of flexible agents: 231
num of flexible tasks: 531
Solving time: 0.0019567 seconds
plan limit 978
current timestep 265
num of flexible agents: 234
num of flexible tasks: 534
Solving time: 0.0027682 seconds
plan limit 977
current timestep 266
num of flexible agents: 244
num of flexible tasks: 544
Solving time: 0.0019419 seconds
plan limit 978
current timestep 267
num of flexible agents: 247
num of flexible tasks: 547
Solving time: 0.0021085 seconds
plan limit 978
current timestep 268
num of flexible agents: 247
num of flexible tasks: 547
Solving time: 0.0019209 seconds
plan limit 978
current timestep 269
num of flexible agents: 247
num of flexible tasks: 547
Solving time: 0.0019708 seconds
plan limit 978
current timestep 270
num of flexible agents: 248
num of flexible tasks: 548
Solving time: 0.0018091 seconds
plan limit 978
current timestep 271
num of flexible agents: 248
num of flexible tasks: 548
Solving time: 0.0021048 seconds
plan limit 978
current timestep 272
num of flexible agents: 250
num of flexible tasks: 550
Solving time: 0.0018716 seconds
plan limit 978
current timestep 273
num of flexible agents: 249
num of flexible tasks: 549
Solving time: 0.0017827 seconds
plan limit 978
current timestep 274
num of flexible agents: 244
num of flexible tasks: 544
Solving time: 0.0018273 seconds
plan limit 978
current timestep 275
num of flexible agents: 240
num of flexible tasks: 540
Solving time: 0.0017904 seconds
plan limit 978
current timestep 276
num of flexible agents: 240
num of flexible tasks: 540
Solving time: 0.0017393 seconds
plan limit 978
current timestep 277
num of flexible agents: 243
num of flexible tasks: 543
Solving time: 0.001738 seconds
plan limit 978
current timestep 278
num of flexible agents: 238
num of flexible tasks: 538
Solving time: 0.001806 seconds
plan limit 978
current timestep 279
num of flexible agents: 240
num of flexible tasks: 540
Solving time: 0.0018842 seconds
plan limit 978
current timestep 280
num of flexible agents: 239
num of flexible tasks: 539
Solving time: 0.0018976 seconds
plan limit 978
current timestep 281
num of flexible agents: 243
num of flexible tasks: 543
Solving time: 0.0019351 seconds
plan limit 978
current timestep 282
num of flexible agents: 242
num of flexible tasks: 542
Solving time: 0.0017656 seconds
plan limit 978
current timestep 283
num of flexible agents: 241
num of flexible tasks: 541
Solving time: 0.0018531 seconds
plan limit 978
current timestep 284
num of flexible agents: 242
num of flexible tasks: 542
Solving time: 0.0018812 seconds
plan limit 978
current timestep 285
num of flexible agents: 248
num of flexible tasks: 548
Solving time: 0.0019222 seconds
plan limit 978
current timestep 286
num of flexible agents: 248
num of flexible tasks: 548
Solving time: 0.0019516 seconds
plan limit 978
current timestep 287
num of flexible agents: 248
num of flexible tasks: 548
Solving time: 0.0023118 seconds
plan limit 977
current timestep 288
num of flexible agents: 247
num of flexible tasks: 547
Solving time: 0.0020766 seconds
plan limit 978
current timestep 289
num of flexible agents: 243
num of flexible tasks: 543
Solving time: 0.0019063 seconds
plan limit 978
current timestep 290
num of flexible agents: 242
num of flexible tasks: 542
Solving time: 0.0018584 seconds
plan limit 978
current timestep 291
num of flexible agents: 236
num of flexible tasks: 536
Solving time: 0.0018788 seconds
plan limit 978
current timestep 292
num of flexible agents: 231
num of flexible tasks: 531
Solving time: 0.0018203 seconds
plan limit 978
current timestep 293
num of flexible agents: 227
num of flexible tasks: 527
Solving time: 0.0018095 seconds
plan limit 978
current timestep 294
num of flexible agents: 229
num of flexible tasks: 529
Solving time: 0.0019057 seconds
plan limit 978
current timestep 295
num of flexible agents: 228
num of flexible tasks: 528
Solving time: 0.0017862 seconds
plan limit 978
current timestep 296
num of flexible agents: 230
num of flexible tasks: 530
Solving time: 0.0018757 seconds
plan limit 978
current timestep 297
num of flexible agents: 228
num of flexible tasks: 528
Solving time: 0.0019016 seconds
plan limit 978
current timestep 298
num of flexible agents: 226
num of flexible tasks: 526
Solving time: 0.0017032 seconds
plan limit 978
current timestep 299
num of flexible agents: 231
num of flexible tasks: 531
Solving time: 0.0018526 seconds
plan limit 978
current timestep 300
num of flexible agents: 227
num of flexible tasks: 527
Solving time: 0.0019475 seconds
plan limit 978
current timestep 301
num of flexible agents: 227
num of flexible tasks: 527
Solving time: 0.0019531 seconds
plan limit 978
current timestep 302
num of flexible agents: 227
num of flexible tasks: 527
Solving time: 0.0018997 seconds
plan limit 978
current timestep 303
num of flexible agents: 230
num of flexible tasks: 530
Solving time: 0.0022292 seconds
plan limit 978
current timestep 304
num of flexible agents: 228
num of flexible tasks: 528
Solving time: 0.0018438 seconds
plan limit 978
current timestep 305
num of flexible agents: 224
num of flexible tasks: 524
Solving time: 0.0017943 seconds
plan limit 978
current timestep 306
num of flexible agents: 221
num of flexible tasks: 521
Solving time: 0.0017955 seconds
plan limit 978
current timestep 307
num of flexible agents: 219
num of flexible tasks: 519
Solving time: 0.0023712 seconds
plan limit 977
current timestep 308
num of flexible agents: 215
num of flexible tasks: 515
Solving time: 0.0017412 seconds
plan limit 978
current timestep 309
num of flexible agents: 215
num of flexible tasks: 515
Solving time: 0.0018291 seconds
plan limit 978
current timestep 310
num of flexible agents: 215
num of flexible tasks: 515
Solving time: 0.0018782 seconds
plan limit 978
current timestep 311
num of flexible agents: 206
num of flexible tasks: 506
Solving time: 0.0017676 seconds
plan limit 978
current timestep 312
num of flexible agents: 207
num of flexible tasks: 507
Solving time: 0.0018701 seconds
plan limit 978
current timestep 313
num of flexible agents: 206
num of flexible tasks: 506
Solving time: 0.0019895 seconds
plan limit 978
current timestep 314
num of flexible agents: 204
num of flexible tasks: 504
Solving time: 0.0018123 seconds
plan limit 978
current timestep 315
num of flexible agents: 204
num of flexible tasks: 504
Solving time: 0.0027789 seconds
plan limit 977
current timestep 316
num of flexible agents: 208
num of flexible tasks: 508
Solving time: 0.0019022 seconds
plan limit 978
current timestep 317
num of flexible agents: 211
num of flexible tasks: 511
Solving time: 0.0017345 seconds
plan limit 978
current timestep 318
num of flexible agents: 208
num of flexible tasks: 508
Solving time: 0.0018223 seconds
plan limit 978
current timestep 319
num of flexible agents: 211
num of flexible tasks: 511
Solving time: 0.0018482 seconds
plan limit 978
current timestep 320
num of flexible agents: 211
num of flexible tasks: 511
Solving time: 0.001768 seconds
plan limit 978
current timestep 321
num of flexible agents: 212
num of flexible tasks: 512
Solving time: 0.0018279 seconds
plan limit 978
current timestep 322
num of flexible agents: 207
num of flexible tasks: 507
Solving time: 0.001851 seconds
plan limit 978
current timestep 323
num of flexible agents: 212
num of flexible tasks: 512
Solving time: 0.0019182 seconds
plan limit 978
current timestep 324
num of flexible agents: 214
num of flexible tasks: 514
Solving time: 0.0018127 seconds
plan limit 978
current timestep 325
num of flexible agents: 214
num of flexible tasks: 514
Solving time: 0.0017656 seconds
plan limit 978
current timestep 326
num of flexible agents: 214
num of flexible tasks: 514
Solving time: 0.0018262 seconds
plan limit 978
current timestep 327
num of flexible agents: 213
num of flexible tasks: 513
Solving time: 0.0028478 seconds
plan limit 977
current timestep 328
num of flexible agents: 213
num of flexible tasks: 513
Solving time: 0.0016879 seconds
plan limit 978
current timestep 329
num of flexible agents: 212
num of flexible tasks: 512
Solving time: 0.0018555 seconds
plan limit 978
current timestep 330
num of flexible agents: 218
num of flexible tasks: 518
Solving time: 0.0019083 seconds
plan limit 978
current timestep 331
num of flexible agents: 213
num of flexible tasks: 513
Solving time: 0.0018637 seconds
plan limit 978
current timestep 332
num of flexible agents: 217
num of flexible tasks: 517
Solving time: 0.001725 seconds
plan limit 978
current timestep 333
num of flexible agents: 224
num of flexible tasks: 524
Solving time: 0.0019062 seconds
plan limit 978
current timestep 334
num of flexible agents: 231
num of flexible tasks: 531
Solving time: 0.0018373 seconds
plan limit 978
current timestep 335
num of flexible agents: 229
num of flexible tasks: 529
Solving time: 0.0020038 seconds
plan limit 978
current timestep 336
num of flexible agents: 233
num of flexible tasks: 533
Solving time: 0.0018624 seconds
plan limit 978
current timestep 337
num of flexible agents: 234
num of flexible tasks: 534
Solving time: 0.0021226 seconds
plan limit 978
current timestep 338
num of flexible agents: 230
num of flexible tasks: 530
Solving time: 0.0019367 seconds
plan limit 978
current timestep 339
num of flexible agents: 228
num of flexible tasks: 528
Solving time: 0.0019738 seconds
plan limit 978
current timestep 340
num of flexible agents: 234
num of flexible tasks: 534
Solving time: 0.0019282 seconds
plan limit 978
current timestep 341
num of flexible agents: 233
num of flexible tasks: 533
Solving time: 0.0018903 seconds
plan limit 978
current timestep 342
num of flexible agents: 228
num of flexible tasks: 528
Solving time: 0.0018982 seconds
plan limit 978
current timestep 343
num of flexible agents: 228
num of flexible tasks: 528
Solving time: 0.0018897 seconds
plan limit 978
current timestep 344
num of flexible agents: 225
num of flexible tasks: 525
Solving time: 0.0019124 seconds
plan limit 978
current timestep 345
num of flexible agents: 218
num of flexible tasks: 518
Solving time: 0.0018906 seconds
plan limit 978
current timestep 346
num of flexible agents: 214
num of flexible tasks: 514
Solving time: 0.001916 seconds
plan limit 978
current timestep 347
num of flexible agents: 218
num of flexible tasks: 518
Solving time: 0.0019296 seconds
plan limit 978
current timestep 348
num of flexible agents: 213
num of flexible tasks: 513
Solving time: 0.0020129 seconds
plan limit 977
current timestep 349
num of flexible agents: 208
num of flexible tasks: 508
Solving time: 0.0019199 seconds
plan limit 978
current timestep 350
num of flexible agents: 209
num of flexible tasks: 509
Solving time: 0.0019535 seconds
plan limit 978
current timestep 351
num of flexible agents: 208
num of flexible tasks: 508
Solving time: 0.0017278 seconds
plan limit 978
current timestep 352
num of flexible agents: 208
num of flexible tasks: 508
Solving time: 0.001857 seconds
plan limit 978
current timestep 353
num of flexible agents: 213
num of flexible tasks: 513
Solving time: 0.0017087 seconds
plan limit 978
current timestep 354
num of flexible agents: 211
num of flexible tasks: 511
Solving time: 0.0027366 seconds
plan limit 977
current timestep 355
num of flexible agents: 209
num of flexible tasks: 509
Solving time: 0.0019646 seconds
plan limit 978
current timestep 356
num of flexible agents: 208
num of flexible tasks: 508
Solving time: 0.0018481 seconds
plan limit 978
current timestep 357
num of flexible agents: 212
num of flexible tasks: 512
Solving time: 0.0020014 seconds
plan limit 978
current timestep 358
num of flexible agents: 215
num of flexible tasks: 515
Solving time: 0.0021148 seconds
plan limit 978
current timestep 359
num of flexible agents: 215
num of flexible tasks: 515
Solving time: 0.0025859 seconds
plan limit 977
current timestep 360
num of flexible agents: 222
num of flexible tasks: 522
Solving time: 0.0018902 seconds
plan limit 978
current timestep 361
num of flexible agents: 219
num of flexible tasks: 519
Solving time: 0.0019311 seconds
plan limit 978
current timestep 362
num of flexible agents: 212
num of flexible tasks: 512
Solving time: 0.0018126 seconds
plan limit 978
current timestep 363
num of flexible agents: 209
num of flexible tasks: 509
Solving time: 0.0019888 seconds
plan limit 978
current timestep 364
num of flexible agents: 208
num of flexible tasks: 508
Solving time: 0.0019089 seconds
plan limit 978
current timestep 365
num of flexible agents: 209
num of flexible tasks: 509
Solving time: 0.0021767 seconds
plan limit 978
current timestep 366
num of flexible agents: 211
num of flexible tasks: 511
Solving time: 0.0017928 seconds
plan limit 978
current timestep 367
num of flexible agents: 208
num of flexible tasks: 508
Solving time: 0.0018875 seconds
plan limit 978
current timestep 368
num of flexible agents: 211
num of flexible tasks: 511
Solving time: 0.0018186 seconds
plan limit 978
current timestep 369
num of flexible agents: 212
num of flexible tasks: 512
Solving time: 0.0018914 seconds
plan limit 978
current timestep 370
num of flexible agents: 210
num of flexible tasks: 510
Solving time: 0.0018409 seconds
plan limit 978
current timestep 371
num of flexible agents: 216
num of flexible tasks: 516
Solving time: 0.0020068 seconds
plan limit 978
current timestep 372
num of flexible agents: 219
num of flexible tasks: 519
Solving time: 0.0019824 seconds
plan limit 978
current timestep 373
num of flexible agents: 220
num of flexible tasks: 520
Solving time: 0.0019356 seconds
plan limit 978
current timestep 374
num of flexible agents: 223
num of flexible tasks: 523
Solving time: 0.0018642 seconds
plan limit 978
current timestep 375
num of flexible agents: 223
num of flexible tasks: 523
Solving time: 0.0019203 seconds
plan limit 978
current timestep 376
num of flexible agents: 220
num of flexible tasks: 520
Solving time: 0.0018651 seconds
plan limit 978
current timestep 377
num of flexible agents: 219
num of flexible tasks: 519
Solving time: 0.0018508 seconds
plan limit 978
current timestep 378
num of flexible agents: 219
num of flexible tasks: 519
Solving time: 0.0023019 seconds
plan limit 977
current timestep 379
num of flexible agents: 219
num of flexible tasks: 519
Solving time: 0.0021267 seconds
plan limit 978
current timestep 380
num of flexible agents: 223
num of flexible tasks: 523
Solving time: 0.0019996 seconds
plan limit 978
current timestep 381
num of flexible agents: 222
num of flexible tasks: 522
Solving time: 0.0024823 seconds
plan limit 977
current timestep 382
num of flexible agents: 222
num of flexible tasks: 522
Solving time: 0.0019504 seconds
plan limit 978
current timestep 383
num of flexible agents: 222
num of flexible tasks: 522
Solving time: 0.002474 seconds
plan limit 977
current timestep 384
num of flexible agents: 228
num of flexible tasks: 528
Solving time: 0.0018762 seconds
plan limit 978
current timestep 385
num of flexible agents: 228
num of flexible tasks: 528
Solving time: 0.0019653 seconds
plan limit 978
current timestep 386
num of flexible agents: 224
num of flexible tasks: 524
Solving time: 0.0021848 seconds
plan limit 978
current timestep 387
num of flexible agents: 230
num of flexible tasks: 530
Solving time: 0.0021442 seconds
plan limit 978
current timestep 388
num of flexible agents: 228
num of flexible tasks: 528
Solving time: 0.0019155 seconds
plan limit 978
current timestep 389
num of flexible agents: 230
num of flexible tasks: 530
Solving time: 0.0020075 seconds
plan limit 978
current timestep 390
num of flexible agents: 237
num of flexible tasks: 537
Solving time: 0.0020753 seconds
plan limit 978
current timestep 391
num of flexible agents: 237
num of flexible tasks: 537
Solving time: 0.0022381 seconds
plan limit 978
current timestep 392
num of flexible agents: 238
num of flexible tasks: 538
Solving time: 0.0020083 seconds
plan limit 978
current timestep 393
num of flexible agents: 239
num of flexible tasks: 539
Solving time: 0.0019832 seconds
plan limit 978
current timestep 394
num of flexible agents: 238
num of flexible tasks: 538
Solving time: 0.0019125 seconds
plan limit 978
current timestep 395
num of flexible agents: 239
num of flexible tasks: 539
Solving time: 0.0023181 seconds
plan limit 978
current timestep 396
num of flexible agents: 238
num of flexible tasks: 538
Solving time: 0.0019659 seconds
plan limit 978
current timestep 397
num of flexible agents: 238
num of flexible tasks: 538
Solving time: 0.0021697 seconds
plan limit 978
current timestep 398
num of flexible agents: 240
num of flexible tasks: 540
Solving time: 0.0020296 seconds
plan limit 978
current timestep 399
num of flexible agents: 239
num of flexible tasks: 539
Solving time: 0.0019642 seconds
plan limit 978
current timestep 400
num of flexible agents: 247
num of flexible tasks: 547
Solving time: 0.0020541 seconds
plan limit 978
current timestep 401
num of flexible agents: 246
num of flexible tasks: 546
Solving time: 0.0019377 seconds
plan limit 978
current timestep 402
num of flexible agents: 243
num of flexible tasks: 543
Solving time: 0.0018948 seconds
plan limit 978
current timestep 403
num of flexible agents: 241
num of flexible tasks: 541
Solving time: 0.0018807 seconds
plan limit 978
current timestep 404
num of flexible agents: 242
num of flexible tasks: 542
Solving time: 0.0019463 seconds
plan limit 978
current timestep 405
num of flexible agents: 246
num of flexible tasks: 546
Solving time: 0.0020799 seconds
plan limit 978
current timestep 406
num of flexible agents: 243
num of flexible tasks: 543
Solving time: 0.0020122 seconds
plan limit 978
current timestep 407
num of flexible agents: 243
num of flexible tasks: 543
Solving time: 0.0019 seconds
plan limit 978
current timestep 408
num of flexible agents: 241
num of flexible tasks: 541
Solving time: 0.0018654 seconds
plan limit 978
current timestep 409
num of flexible agents: 239
num of flexible tasks: 539
Solving time: 0.0019553 seconds
plan limit 978
current timestep 410
num of flexible agents: 238
num of flexible tasks: 538
Solving time: 0.0018922 seconds
plan limit 978
current timestep 411
num of flexible agents: 235
num of flexible tasks: 535
Solving time: 0.0019629 seconds
plan limit 978
current timestep 412
num of flexible agents: 236
num of flexible tasks: 536
Solving time: 0.0021597 seconds
plan limit 978
current timestep 413
num of flexible agents: 241
num of flexible tasks: 541
Solving time: 0.0020118 seconds
plan limit 978
current timestep 414
num of flexible agents: 244
num of flexible tasks: 544
Solving time: 0.0023659 seconds
plan limit 977
current timestep 415
num of flexible agents: 241
num of flexible tasks: 541
Solving time: 0.0032498 seconds
plan limit 976
current timestep 416
num of flexible agents: 243
num of flexible tasks: 543
Solving time: 0.0021364 seconds
plan limit 978
current timestep 417
num of flexible agents: 248
num of flexible tasks: 548
Solving time: 0.002077 seconds
plan limit 978
current timestep 418
num of flexible agents: 242
num of flexible tasks: 542
Solving time: 0.0018243 seconds
plan limit 978
current timestep 419
num of flexible agents: 246
num of flexible tasks: 546
Solving time: 0.002058 seconds
plan limit 978
current timestep 420
num of flexible agents: 244
num of flexible tasks: 544
Solving time: 0.0019324 seconds
plan limit 978
current timestep 421
num of flexible agents: 248
num of flexible tasks: 548
Solving time: 0.0022262 seconds
plan limit 978
current timestep 422
num of flexible agents: 247
num of flexible tasks: 547
Solving time: 0.0031161 seconds
plan limit 977
current timestep 423
num of flexible agents: 246
num of flexible tasks: 546
Solving time: 0.0021256 seconds
plan limit 978
current timestep 424
num of flexible agents: 250
num of flexible tasks: 550
Solving time: 0.0019741 seconds
plan limit 978
current timestep 425
num of flexible agents: 249
num of flexible tasks: 549
Solving time: 0.0019936 seconds
plan limit 978
current timestep 426
num of flexible agents: 248
num of flexible tasks: 548
Solving time: 0.0021143 seconds
plan limit 978
current timestep 427
num of flexible agents: 248
num of flexible tasks: 548
Solving time: 0.0020025 seconds
plan limit 978
current timestep 428
num of flexible agents: 250
num of flexible tasks: 550
Solving time: 0.0021415 seconds
plan limit 978
current timestep 429
num of flexible agents: 247
num of flexible tasks: 547
Solving time: 0.0021999 seconds
plan limit 978
current timestep 430
num of flexible agents: 249
num of flexible tasks: 549
Solving time: 0.0020105 seconds
plan limit 978
current timestep 431
num of flexible agents: 249
num of flexible tasks: 549
Solving time: 0.0020626 seconds
plan limit 978
current timestep 432
num of flexible agents: 246
num of flexible tasks: 546
Solving time: 0.0022149 seconds
plan limit 971
current timestep 433
num of flexible agents: 246
num of flexible tasks: 546
Solving time: 0.0020251 seconds
plan limit 978
current timestep 434
num of flexible agents: 238
num of flexible tasks: 538
Solving time: 0.0025294 seconds
plan limit 977
current timestep 435
num of flexible agents: 233
num of flexible tasks: 533
Solving time: 0.00229 seconds
plan limit 978
current timestep 436
num of flexible agents: 235
num of flexible tasks: 535
Solving time: 0.0020723 seconds
plan limit 978
current timestep 437
num of flexible agents: 236
num of flexible tasks: 536
Solving time: 0.0021048 seconds
plan limit 978
current timestep 438
num of flexible agents: 236
num of flexible tasks: 536
Solving time: 0.0020224 seconds
plan limit 978
current timestep 439
num of flexible agents: 238
num of flexible tasks: 538
Solving time: 0.0020337 seconds
plan limit 978
current timestep 440
num of flexible agents: 238
num of flexible tasks: 538
Solving time: 0.0018725 seconds
plan limit 978
current timestep 441
num of flexible agents: 236
num of flexible tasks: 536
Solving time: 0.0018454 seconds
plan limit 978
current timestep 442
num of flexible agents: 236
num of flexible tasks: 536
Solving time: 0.001895 seconds
plan limit 978
current timestep 443
num of flexible agents: 237
num of flexible tasks: 537
Solving time: 0.0020634 seconds
plan limit 978
current timestep 444
num of flexible agents: 235
num of flexible tasks: 535
Solving time: 0.0019446 seconds
plan limit 978
current timestep 445
num of flexible agents: 235
num of flexible tasks: 535
Solving time: 0.0028033 seconds
plan limit 977
current timestep 446
num of flexible agents: 237
num of flexible tasks: 537
Solving time: 0.001892 seconds
plan limit 978
current timestep 447
num of flexible agents: 237
num of flexible tasks: 537
Solving time: 0.0018601 seconds
plan limit 978
current timestep 448
num of flexible agents: 238
num of flexible tasks: 538
Solving time: 0.0019499 seconds
plan limit 978
current timestep 449
num of flexible agents: 240
num of flexible tasks: 540
Solving time: 0.0019249 seconds
plan limit 978
current timestep 450
num of flexible agents: 240
num of flexible tasks: 540
Solving time: 0.0018782 seconds
plan limit 978
current timestep 451
num of flexible agents: 241
num of flexible tasks: 541
Solving time: 0.0019484 seconds
plan limit 978
current timestep 452
num of flexible agents: 242
num of flexible tasks: 542
Solving time: 0.0026125 seconds
plan limit 977
current timestep 453
num of flexible agents: 247
num of flexible tasks: 547
Solving time: 0.0019619 seconds
plan limit 978
current timestep 454
num of flexible agents: 244
num of flexible tasks: 544
Solving time: 0.0019671 seconds
plan limit 978
current timestep 455
num of flexible agents: 242
num of flexible tasks: 542
Solving time: 0.0023486 seconds
plan limit 977
current timestep 456
num of flexible agents: 241
num of flexible tasks: 541
Solving time: 0.0018868 seconds
plan limit 978
current timestep 457
num of flexible agents: 242
num of flexible tasks: 542
Solving time: 0.0019595 seconds
plan limit 978
current timestep 458
num of flexible agents: 238
num of flexible tasks: 538
Solving time: 0.0020082 seconds
plan limit 978
current timestep 459
num of flexible agents: 234
num of flexible tasks: 534
Solving time: 0.0024311 seconds
plan limit 977
current timestep 460
num of flexible agents: 235
num of flexible tasks: 535
Solving time: 0.0021779 seconds
plan limit 978
current timestep 461
num of flexible agents: 235
num of flexible tasks: 535
Solving time: 0.0021953 seconds
plan limit 978
current timestep 462
num of flexible agents: 237
num of flexible tasks: 537
Solving time: 0.0021319 seconds
plan limit 978
current timestep 463
num of flexible agents: 241
num of flexible tasks: 541
Solving time: 0.0020124 seconds
plan limit 978
current timestep 464
num of flexible agents: 237
num of flexible tasks: 537
Solving time: 0.0021869 seconds
plan limit 978
current timestep 465
num of flexible agents: 242
num of flexible tasks: 542
Solving time: 0.002113 seconds
plan limit 978
current timestep 466
num of flexible agents: 242
num of flexible tasks: 542
Solving time: 0.0020015 seconds
plan limit 978
current timestep 467
num of flexible agents: 242
num of flexible tasks: 542
Solving time: 0.0023012 seconds
plan limit 977
current timestep 468
num of flexible agents: 242
num of flexible tasks: 542
Solving time: 0.0020205 seconds
plan limit 978
current timestep 469
num of flexible agents: 245
num of flexible tasks: 545
Solving time: 0.0025523 seconds
plan limit 977
current timestep 470
num of flexible agents: 248
num of flexible tasks: 548
Solving time: 0.0022047 seconds
plan limit 978
current timestep 471
num of flexible agents: 253
num of flexible tasks: 553
Solving time: 0.0023586 seconds
plan limit 977
current timestep 472
num of flexible agents: 253
num of flexible tasks: 553
Solving time: 0.0020961 seconds
plan limit 978
current timestep 473
num of flexible agents: 252
num of flexible tasks: 552
Solving time: 0.0025394 seconds
plan limit 977
current timestep 474
num of flexible agents: 252
num of flexible tasks: 552
Solving time: 0.0020525 seconds
plan limit 978
current timestep 475
num of flexible agents: 251
num of flexible tasks: 551
Solving time: 0.0052882 seconds
plan limit 974
current timestep 476
num of flexible agents: 250
num of flexible tasks: 550
Solving time: 0.0021735 seconds
plan limit 978
current timestep 477
num of flexible agents: 249
num of flexible tasks: 549
Solving time: 0.0020226 seconds
plan limit 978
current timestep 478
num of flexible agents: 248
num of flexible tasks: 548
Solving time: 0.002145 seconds
plan limit 978
current timestep 479
num of flexible agents: 253
num of flexible tasks: 553
Solving time: 0.0022536 seconds
plan limit 977
current timestep 480
num of flexible agents: 254
num of flexible tasks: 554
Solving time: 0.0021278 seconds
plan limit 978
current timestep 481
num of flexible agents: 255
num of flexible tasks: 555
Solving time: 0.0019879 seconds
plan limit 978
current timestep 482
num of flexible agents: 253
num of flexible tasks: 553
Solving time: 0.0019151 seconds
plan limit 978
current timestep 483
num of flexible agents: 252
num of flexible tasks: 552
Solving time: 0.0019697 seconds
plan limit 978
current timestep 484
num of flexible agents: 250
num of flexible tasks: 550
Solving time: 0.0023503 seconds
plan limit 977
current timestep 485
num of flexible agents: 248
num of flexible tasks: 548
Solving time: 0.0020618 seconds
plan limit 978
current timestep 486
num of flexible agents: 251
num of flexible tasks: 551
Solving time: 0.002113 seconds
plan limit 978
current timestep 487
num of flexible agents: 248
num of flexible tasks: 548
Solving time: 0.0033174 seconds
plan limit 976
current timestep 488
num of flexible agents: 250
num of flexible tasks: 550
Solving time: 0.0021809 seconds
plan limit 977
current timestep 489
num of flexible agents: 252
num of flexible tasks: 552
Solving time: 0.0019855 seconds
plan limit 978
current timestep 490
num of flexible agents: 252
num of flexible tasks: 552
Solving time: 0.0032634 seconds
plan limit 976
current timestep 491
num of flexible agents: 255
num of flexible tasks: 555
Solving time: 0.002338 seconds
plan limit 977
current timestep 492
num of flexible agents: 262
num of flexible tasks: 562
Solving time: 0.0022742 seconds
plan limit 977
current timestep 493
num of flexible agents: 262
num of flexible tasks: 562
Solving time: 0.0022135 seconds
plan limit 978
current timestep 494
num of flexible agents: 268
num of flexible tasks: 568
Solving time: 0.0018976 seconds
plan limit 978
current timestep 495
num of flexible agents: 269
num of flexible tasks: 569
Solving time: 0.0026992 seconds
plan limit 977
current timestep 496
num of flexible agents: 264
num of flexible tasks: 564
Solving time: 0.001938 seconds
plan limit 978
current timestep 497
num of flexible agents: 259
num of flexible tasks: 559
Solving time: 0.002118 seconds
plan limit 978
current timestep 498
num of flexible agents: 260
num of flexible tasks: 560
Solving time: 0.0020508 seconds
plan limit 978
current timestep 499
num of flexible agents: 262
num of flexible tasks: 562
Solving time: 0.0022329 seconds
plan limit 977
current timestep 500
num of flexible agents: 258
num of flexible tasks: 558
Solving time: 0.0020129 seconds
plan limit 978
current timestep 501
num of flexible agents: 255
num of flexible tasks: 555
Solving time: 0.0019931 seconds
plan limit 978
current timestep 502
num of flexible agents: 249
num of flexible tasks: 549
Solving time: 0.0019927 seconds
plan limit 978
current timestep 503
num of flexible agents: 247
num of flexible tasks: 547
Solving time: 0.0020379 seconds
plan limit 978
current timestep 504
num of flexible agents: 243
num of flexible tasks: 543
Solving time: 0.0019696 seconds
plan limit 978
current timestep 505
num of flexible agents: 240
num of flexible tasks: 540
Solving time: 0.0020611 seconds
plan limit 978
current timestep 506
num of flexible agents: 241
num of flexible tasks: 541
Solving time: 0.0021088 seconds
plan limit 978
current timestep 507
num of flexible agents: 239
num of flexible tasks: 539
Solving time: 0.0017792 seconds
plan limit 978
current timestep 508
num of flexible agents: 237
num of flexible tasks: 537
Solving time: 0.0020817 seconds
plan limit 978
current timestep 509
num of flexible agents: 234
num of flexible tasks: 534
Solving time: 0.0020685 seconds
plan limit 978
current timestep 510
num of flexible agents: 237
num of flexible tasks: 537
Solving time: 0.0023071 seconds
plan limit 977
current timestep 511
num of flexible agents: 236
num of flexible tasks: 536
Solving time: 0.0019161 seconds
plan limit 978
current timestep 512
num of flexible agents: 234
num of flexible tasks: 534
Solving time: 0.0019782 seconds
plan limit 978
current timestep 513
num of flexible agents: 233
num of flexible tasks: 533
Solving time: 0.0019928 seconds
plan limit 978
current timestep 514
num of flexible agents: 230
num of flexible tasks: 530
Solving time: 0.0019346 seconds
plan limit 978
current timestep 515
num of flexible agents: 231
num of flexible tasks: 531
Solving time: 0.0019634 seconds
plan limit 978
current timestep 516
num of flexible agents: 228
num of flexible tasks: 528
Solving time: 0.0019273 seconds
plan limit 978
current timestep 517
num of flexible agents: 226
num of flexible tasks: 526
Solving time: 0.0019619 seconds
plan limit 978
current timestep 518
num of flexible agents: 228
num of flexible tasks: 528
Solving time: 0.0019169 seconds
plan limit 978
current timestep 519
num of flexible agents: 227
num of flexible tasks: 527
Solving time: 0.0020494 seconds
plan limit 978
current timestep 520
num of flexible agents: 233
num of flexible tasks: 533
Solving time: 0.0019691 seconds
plan limit 978
current timestep 521
num of flexible agents: 237
num of flexible tasks: 537
Solving time: 0.0019012 seconds
plan limit 978
current timestep 522
num of flexible agents: 242
num of flexible tasks: 542
Solving time: 0.0022186 seconds
plan limit 978
current timestep 523
num of flexible agents: 239
num of flexible tasks: 539
Solving time: 0.0023726 seconds
plan limit 977
current timestep 524
num of flexible agents: 240
num of flexible tasks: 540
Solving time: 0.0024194 seconds
plan limit 977
current timestep 525
num of flexible agents: 238
num of flexible tasks: 538
Solving time: 0.0019276 seconds
plan limit 978
current timestep 526
num of flexible agents: 236
num of flexible tasks: 536
Solving time: 0.0020412 seconds
plan limit 978
current timestep 527
num of flexible agents: 237
num of flexible tasks: 537
Solving time: 0.0019082 seconds
plan limit 978
current timestep 528
num of flexible agents: 238
num of flexible tasks: 538
Solving time: 0.0018998 seconds
plan limit 978
current timestep 529
num of flexible agents: 236
num of flexible tasks: 536
Solving time: 0.0019434 seconds
plan limit 978
current timestep 530
num of flexible agents: 229
num of flexible tasks: 529
Solving time: 0.001912 seconds
plan limit 978
current timestep 531
num of flexible agents: 229
num of flexible tasks: 529
Solving time: 0.0019965 seconds
plan limit 978
current timestep 532
num of flexible agents: 232
num of flexible tasks: 532
Solving time: 0.0021137 seconds
plan limit 978
current timestep 533
num of flexible agents: 232
num of flexible tasks: 532
Solving time: 0.0017011 seconds
plan limit 978
current timestep 534
num of flexible agents: 230
num of flexible tasks: 530
Solving time: 0.0028066 seconds
plan limit 977
current timestep 535
num of flexible agents: 227
num of flexible tasks: 527
Solving time: 0.0019052 seconds
plan limit 978
current timestep 536
num of flexible agents: 225
num of flexible tasks: 525
Solving time: 0.0020542 seconds
plan limit 978
current timestep 537
num of flexible agents: 227
num of flexible tasks: 527
Solving time: 0.0019156 seconds
plan limit 978
current timestep 538
num of flexible agents: 222
num of flexible tasks: 522
Solving time: 0.0019565 seconds
plan limit 978
current timestep 539
num of flexible agents: 222
num of flexible tasks: 522
Solving time: 0.0020264 seconds
plan limit 978
current timestep 540
num of flexible agents: 215
num of flexible tasks: 515
Solving time: 0.0017689 seconds
plan limit 978
current timestep 541
num of flexible agents: 220
num of flexible tasks: 520
Solving time: 0.0018804 seconds
plan limit 978
current timestep 542
num of flexible agents: 223
num of flexible tasks: 523
Solving time: 0.0019318 seconds
plan limit 978
current timestep 543
num of flexible agents: 228
num of flexible tasks: 528
Solving time: 0.0020669 seconds
plan limit 978
current timestep 544
num of flexible agents: 232
num of flexible tasks: 532
Solving time: 0.0019739 seconds
plan limit 978
current timestep 545
num of flexible agents: 238
num of flexible tasks: 538
Solving time: 0.0018993 seconds
plan limit 978
current timestep 546
num of flexible agents: 239
num of flexible tasks: 539
Solving time: 0.0017427 seconds
plan limit 978
current timestep 547
num of flexible agents: 238
num of flexible tasks: 538
Solving time: 0.0018669 seconds
plan limit 978
current timestep 548
num of flexible agents: 234
num of flexible tasks: 534
Solving time: 0.0018988 seconds
plan limit 978
current timestep 549
num of flexible agents: 242
num of flexible tasks: 542
Solving time: 0.0018737 seconds
plan limit 978
current timestep 550
num of flexible agents: 236
num of flexible tasks: 536
Solving time: 0.001886 seconds
plan limit 978
current timestep 551
num of flexible agents: 233
num of flexible tasks: 533
Solving time: 0.0020872 seconds
plan limit 978
current timestep 552
num of flexible agents: 227
num of flexible tasks: 527
Solving time: 0.0019155 seconds
plan limit 978
current timestep 553
num of flexible agents: 223
num of flexible tasks: 523
Solving time: 0.0018212 seconds
plan limit 978
current timestep 554
num of flexible agents: 220
num of flexible tasks: 520
Solving time: 0.0019714 seconds
plan limit 978
current timestep 555
num of flexible agents: 215
num of flexible tasks: 515
Solving time: 0.0018619 seconds
plan limit 978
current timestep 556
num of flexible agents: 217
num of flexible tasks: 517
Solving time: 0.002095 seconds
plan limit 978
current timestep 557
num of flexible agents: 219
num of flexible tasks: 519
Solving time: 0.0019654 seconds
plan limit 978
current timestep 558
num of flexible agents: 222
num of flexible tasks: 522
Solving time: 0.0020259 seconds
plan limit 978
current timestep 559
num of flexible agents: 229
num of flexible tasks: 529
Solving time: 0.0020785 seconds
plan limit 978
current timestep 560
num of flexible agents: 232
num of flexible tasks: 532
Solving time: 0.0023346 seconds
plan limit 977
current timestep 561
num of flexible agents: 237
num of flexible tasks: 537
Solving time: 0.0019831 seconds
plan limit 978
current timestep 562
num of flexible agents: 240
num of flexible tasks: 540
Solving time: 0.0018927 seconds
plan limit 978
current timestep 563
num of flexible agents: 242
num of flexible tasks: 542
Solving time: 0.0021361 seconds
plan limit 978
current timestep 564
num of flexible agents: 243
num of flexible tasks: 543
Solving time: 0.0019962 seconds
plan limit 978
current timestep 565
num of flexible agents: 242
num of flexible tasks: 542
Solving time: 0.0018921 seconds
plan limit 978
current timestep 566
num of flexible agents: 242
num of flexible tasks: 542
Solving time: 0.0019101 seconds
plan limit 978
current timestep 567
num of flexible agents: 243
num of flexible tasks: 543
Solving time: 0.001895 seconds
plan limit 978
current timestep 568
num of flexible agents: 247
num of flexible tasks: 547
Solving time: 0.002197 seconds
plan limit 978
current timestep 569
num of flexible agents: 245
num of flexible tasks: 545
Solving time: 0.0022078 seconds
plan limit 977
current timestep 570
num of flexible agents: 242
num of flexible tasks: 542
Solving time: 0.0019117 seconds
plan limit 978
current timestep 571
num of flexible agents: 238
num of flexible tasks: 538
Solving time: 0.0024393 seconds
plan limit 977
current timestep 572
num of flexible agents: 237
num of flexible tasks: 537
Solving time: 0.0019725 seconds
plan limit 978
current timestep 573
num of flexible agents: 235
num of flexible tasks: 535
Solving time: 0.0022439 seconds
plan limit 977
current timestep 574
num of flexible agents: 233
num of flexible tasks: 533
Solving time: 0.0022815 seconds
plan limit 977
current timestep 575
num of flexible agents: 229
num of flexible tasks: 529
Solving time: 0.0023763 seconds
plan limit 977
current timestep 576
num of flexible agents: 234
num of flexible tasks: 534
Solving time: 0.0019588 seconds
plan limit 978
current timestep 577
num of flexible agents: 232
num of flexible tasks: 532
Solving time: 0.0020594 seconds
plan limit 978
current timestep 578
num of flexible agents: 232
num of flexible tasks: 532
Solving time: 0.0019571 seconds
plan limit 978
current timestep 579
num of flexible agents: 234
num of flexible tasks: 534
Solving time: 0.0032578 seconds
plan limit 976
current timestep 580
num of flexible agents: 237
num of flexible tasks: 537
Solving time: 0.0025026 seconds
plan limit 977
current timestep 581
num of flexible agents: 236
num of flexible tasks: 536
Solving time: 0.0022077 seconds
plan limit 978
current timestep 582
num of flexible agents: 232
num of flexible tasks: 532
Solving time: 0.0026202 seconds
plan limit 977
current timestep 583
num of flexible agents: 236
num of flexible tasks: 536
Solving time: 0.0020332 seconds
plan limit 978
current timestep 584
num of flexible agents: 239
num of flexible tasks: 539
Solving time: 0.0019589 seconds
plan limit 978
current timestep 585
num of flexible agents: 238
num of flexible tasks: 538
Solving time: 0.0020627 seconds
plan limit 978
current timestep 586
num of flexible agents: 238
num of flexible tasks: 538
Solving time: 0.0022951 seconds
plan limit 977
current timestep 587
num of flexible agents: 237
num of flexible tasks: 537
Solving time: 0.0024922 seconds
plan limit 977
current timestep 588
num of flexible agents: 236
num of flexible tasks: 536
Solving time: 0.0018627 seconds
plan limit 978
current timestep 589
num of flexible agents: 231
num of flexible tasks: 531
Solving time: 0.0018412 seconds
plan limit 978
current timestep 590
num of flexible agents: 229
num of flexible tasks: 529
Solving time: 0.001964 seconds
plan limit 978
current timestep 591
num of flexible agents: 229
num of flexible tasks: 529
Solving time: 0.0019153 seconds
plan limit 978
current timestep 592
num of flexible agents: 231
num of flexible tasks: 531
Solving time: 0.0018827 seconds
plan limit 978
current timestep 593
num of flexible agents: 235
num of flexible tasks: 535
Solving time: 0.0019205 seconds
plan limit 978
current timestep 594
num of flexible agents: 231
num of flexible tasks: 531
Solving time: 0.0019047 seconds
plan limit 978
current timestep 595
num of flexible agents: 234
num of flexible tasks: 534
Solving time: 0.0018405 seconds
plan limit 978
current timestep 596
num of flexible agents: 233
num of flexible tasks: 533
Solving time: 0.0022175 seconds
plan limit 978
current timestep 597
num of flexible agents: 232
num of flexible tasks: 532
Solving time: 0.00202 seconds
plan limit 978
current timestep 598
num of flexible agents: 226
num of flexible tasks: 526
Solving time: 0.0018539 seconds
plan limit 978
current timestep 599
num of flexible agents: 228
num of flexible tasks: 528
Solving time: 0.0019738 seconds
plan limit 978
current timestep 600
num of flexible agents: 231
num of flexible tasks: 531
Solving time: 0.0019654 seconds
plan limit 978
current timestep 601
num of flexible agents: 229
num of flexible tasks: 529
Solving time: 0.0020268 seconds
plan limit 978
current timestep 602
num of flexible agents: 228
num of flexible tasks: 528
Solving time: 0.0018985 seconds
plan limit 978
current timestep 603
num of flexible agents: 235
num of flexible tasks: 535
Solving time: 0.0021827 seconds
plan limit 978
current timestep 604
num of flexible agents: 236
num of flexible tasks: 536
Solving time: 0.0019268 seconds
plan limit 978
current timestep 605
num of flexible agents: 234
num of flexible tasks: 534
Solving time: 0.0019218 seconds
plan limit 978
current timestep 606
num of flexible agents: 240
num of flexible tasks: 540
Solving time: 0.0019955 seconds
plan limit 978
current timestep 607
num of flexible agents: 241
num of flexible tasks: 541
Solving time: 0.0019686 seconds
plan limit 978
current timestep 608
num of flexible agents: 241
num of flexible tasks: 541
Solving time: 0.001979 seconds
plan limit 978
current timestep 609
num of flexible agents: 241
num of flexible tasks: 541
Solving time: 0.0019965 seconds
plan limit 978
current timestep 610
num of flexible agents: 241
num of flexible tasks: 541
Solving time: 0.0020688 seconds
plan limit 978
current timestep 611
num of flexible agents: 246
num of flexible tasks: 546
Solving time: 0.0019329 seconds
plan limit 978
current timestep 612
num of flexible agents: 247
num of flexible tasks: 547
Solving time: 0.0027996 seconds
plan limit 977
current timestep 613
num of flexible agents: 247
num of flexible tasks: 547
Solving time: 0.0020194 seconds
plan limit 978
current timestep 614
num of flexible agents: 247
num of flexible tasks: 547
Solving time: 0.0020851 seconds
plan limit 978
current timestep 615
num of flexible agents: 243
num of flexible tasks: 543
Solving time: 0.001893 seconds
plan limit 978
current timestep 616
num of flexible agents: 241
num of flexible tasks: 541
Solving time: 0.0018437 seconds
plan limit 978
current timestep 617
num of flexible agents: 241
num of flexible tasks: 541
Solving time: 0.0019553 seconds
plan limit 978
current timestep 618
num of flexible agents: 240
num of flexible tasks: 540
Solving time: 0.0019159 seconds
plan limit 978
current timestep 619
num of flexible agents: 239
num of flexible tasks: 539
Solving time: 0.0020194 seconds
plan limit 978
current timestep 620
num of flexible agents: 240
num of flexible tasks: 540
Solving time: 0.001897 seconds
plan limit 978
current timestep 621
num of flexible agents: 241
num of flexible tasks: 541
Solving time: 0.001909 seconds
plan limit 978
current timestep 622
num of flexible agents: 238
num of flexible tasks: 538
Solving time: 0.0019757 seconds
plan limit 978
current timestep 623
num of flexible agents: 236
num of flexible tasks: 536
Solving time: 0.0019206 seconds
plan limit 978
current timestep 624
num of flexible agents: 232
num of flexible tasks: 532
Solving time: 0.0019373 seconds
plan limit 978
current timestep 625
num of flexible agents: 230
num of flexible tasks: 530
Solving time: 0.0018971 seconds
plan limit 978
current timestep 626
num of flexible agents: 229
num of flexible tasks: 529
Solving time: 0.0017979 seconds
plan limit 978
current timestep 627
num of flexible agents: 231
num of flexible tasks: 531
Solving time: 0.0019175 seconds
plan limit 978
current timestep 628
num of flexible agents: 233
num of flexible tasks: 533
Solving time: 0.0020117 seconds
plan limit 978
current timestep 629
num of flexible agents: 239
num of flexible tasks: 539
Solving time: 0.0019843 seconds
plan limit 978
current timestep 630
num of flexible agents: 240
num of flexible tasks: 540
Solving time: 0.002037 seconds
plan limit 978
current timestep 631
num of flexible agents: 238
num of flexible tasks: 538
Solving time: 0.0020108 seconds
plan limit 978
current timestep 632
num of flexible agents: 237
num of flexible tasks: 537
Solving time: 0.0020122 seconds
plan limit 978
current timestep 633
num of flexible agents: 234
num of flexible tasks: 534
Solving time: 0.0019672 seconds
plan limit 978
current timestep 634
num of flexible agents: 233
num of flexible tasks: 533
Solving time: 0.0019998 seconds
plan limit 978
current timestep 635
num of flexible agents: 228
num of flexible tasks: 528
Solving time: 0.0018594 seconds
plan limit 978
current timestep 636
num of flexible agents: 228
num of flexible tasks: 528
Solving time: 0.0019911 seconds
plan limit 978
current timestep 637
num of flexible agents: 229
num of flexible tasks: 529
Solving time: 0.0021514 seconds
plan limit 978
current timestep 638
num of flexible agents: 234
num of flexible tasks: 534
Solving time: 0.0019314 seconds
plan limit 978
current timestep 639
num of flexible agents: 237
num of flexible tasks: 537
Solving time: 0.0020149 seconds
plan limit 978
current timestep 640
num of flexible agents: 236
num of flexible tasks: 536
Solving time: 0.002291 seconds
plan limit 978
current timestep 641
num of flexible agents: 232
num of flexible tasks: 532
Solving time: 0.0019447 seconds
plan limit 978
current timestep 642
num of flexible agents: 232
num of flexible tasks: 532
Solving time: 0.0020504 seconds
plan limit 978
current timestep 643
num of flexible agents: 233
num of flexible tasks: 533
Solving time: 0.0023567 seconds
plan limit 977
current timestep 644
num of flexible agents: 227
num of flexible tasks: 527
Solving time: 0.0019641 seconds
plan limit 978
current timestep 645
num of flexible agents: 226
num of flexible tasks: 526
Solving time: 0.0019722 seconds
plan limit 978
current timestep 646
num of flexible agents: 230
num of flexible tasks: 530
Solving time: 0.0019831 seconds
plan limit 978
current timestep 647
num of flexible agents: 228
num of flexible tasks: 528
Solving time: 0.0019554 seconds
plan limit 978
current timestep 648
num of flexible agents: 229
num of flexible tasks: 529
Solving time: 0.0020494 seconds
plan limit 978
current timestep 649
num of flexible agents: 229
num of flexible tasks: 529
Solving time: 0.0020267 seconds
plan limit 978
current timestep 650
num of flexible agents: 226
num of flexible tasks: 526
Solving time: 0.0021264 seconds
plan limit 978
current timestep 651
num of flexible agents: 228
num of flexible tasks: 528
Solving time: 0.0020071 seconds
plan limit 978
current timestep 652
num of flexible agents: 228
num of flexible tasks: 528
Solving time: 0.0020182 seconds
plan limit 978
current timestep 653
num of flexible agents: 231
num of flexible tasks: 531
Solving time: 0.0019703 seconds
plan limit 978
current timestep 654
num of flexible agents: 228
num of flexible tasks: 528
Solving time: 0.0018408 seconds
plan limit 978
current timestep 655
num of flexible agents: 233
num of flexible tasks: 533
Solving time: 0.0019584 seconds
plan limit 978
current timestep 656
num of flexible agents: 229
num of flexible tasks: 529
Solving time: 0.0020319 seconds
plan limit 978
current timestep 657
num of flexible agents: 231
num of flexible tasks: 531
Solving time: 0.0019283 seconds
plan limit 978
current timestep 658
num of flexible agents: 229
num of flexible tasks: 529
Solving time: 0.0020227 seconds
plan limit 978
current timestep 659
num of flexible agents: 233
num of flexible tasks: 533
Solving time: 0.0018828 seconds
plan limit 978
current timestep 660
num of flexible agents: 235
num of flexible tasks: 535
Solving time: 0.0020561 seconds
plan limit 978
current timestep 661
num of flexible agents: 231
num of flexible tasks: 531
Solving time: 0.001783 seconds
plan limit 978
current timestep 662
num of flexible agents: 233
num of flexible tasks: 533
Solving time: 0.0018763 seconds
plan limit 978
current timestep 663
num of flexible agents: 232
num of flexible tasks: 532
Solving time: 0.0018903 seconds
plan limit 978
current timestep 664
num of flexible agents: 234
num of flexible tasks: 534
Solving time: 0.0020324 seconds
plan limit 978
current timestep 665
num of flexible agents: 237
num of flexible tasks: 537
Solving time: 0.00183 seconds
plan limit 978
current timestep 666
num of flexible agents: 236
num of flexible tasks: 536
Solving time: 0.001978 seconds
plan limit 978
current timestep 667
num of flexible agents: 233
num of flexible tasks: 533
Solving time: 0.0019352 seconds
plan limit 978
current timestep 668
num of flexible agents: 234
num of flexible tasks: 534
Solving time: 0.0019579 seconds
plan limit 978
current timestep 669
num of flexible agents: 233
num of flexible tasks: 533
Solving time: 0.0019078 seconds
plan limit 978
current timestep 670
num of flexible agents: 228
num of flexible tasks: 528
Solving time: 0.0017919 seconds
plan limit 978
current timestep 671
num of flexible agents: 226
num of flexible tasks: 526
Solving time: 0.001822 seconds
plan limit 978
current timestep 672
num of flexible agents: 225
num of flexible tasks: 525
Solving time: 0.0017416 seconds
plan limit 978
current timestep 673
num of flexible agents: 227
num of flexible tasks: 527
Solving time: 0.0018874 seconds
plan limit 978
current timestep 674
num of flexible agents: 229
num of flexible tasks: 529
Solving time: 0.0019148 seconds
plan limit 978
current timestep 675
num of flexible agents: 229
num of flexible tasks: 529
Solving time: 0.0018754 seconds
plan limit 978
current timestep 676
num of flexible agents: 224
num of flexible tasks: 524
Solving time: 0.0020144 seconds
plan limit 978
current timestep 677
num of flexible agents: 225
num of flexible tasks: 525
Solving time: 0.0019775 seconds
plan limit 978
current timestep 678
num of flexible agents: 223
num of flexible tasks: 523
Solving time: 0.0057167 seconds
plan limit 973
current timestep 679
num of flexible agents: 227
num of flexible tasks: 527
Solving time: 0.0019259 seconds
plan limit 978
current timestep 680
num of flexible agents: 224
num of flexible tasks: 524
Solving time: 0.0018979 seconds
plan limit 978
current timestep 681
num of flexible agents: 223
num of flexible tasks: 523
Solving time: 0.0021004 seconds
plan limit 978
current timestep 682
num of flexible agents: 215
num of flexible tasks: 515
Solving time: 0.0018921 seconds
plan limit 978
current timestep 683
num of flexible agents: 217
num of flexible tasks: 517
Solving time: 0.0018047 seconds
plan limit 978
current timestep 684
num of flexible agents: 214
num of flexible tasks: 514
Solving time: 0.001881 seconds
plan limit 978
current timestep 685
num of flexible agents: 214
num of flexible tasks: 514
Solving time: 0.0021738 seconds
plan limit 978
current timestep 686
num of flexible agents: 214
num of flexible tasks: 514
Solving time: 0.0019648 seconds
plan limit 978
current timestep 687
num of flexible agents: 211
num of flexible tasks: 511
Solving time: 0.0018241 seconds
plan limit 978
current timestep 688
num of flexible agents: 212
num of flexible tasks: 512
Solving time: 0.0019199 seconds
plan limit 978
current timestep 689
num of flexible agents: 213
num of flexible tasks: 513
Solving time: 0.002158 seconds
plan limit 977
current timestep 690
num of flexible agents: 212
num of flexible tasks: 512
Solving time: 0.0018397 seconds
plan limit 978
current timestep 691
num of flexible agents: 214
num of flexible tasks: 514
Solving time: 0.001785 seconds
plan limit 978
current timestep 692
num of flexible agents: 220
num of flexible tasks: 520
Solving time: 0.0019317 seconds
plan limit 978
current timestep 693
num of flexible agents: 222
num of flexible tasks: 522
Solving time: 0.0017577 seconds
plan limit 978
current timestep 694
num of flexible agents: 221
num of flexible tasks: 521
Solving time: 0.0016893 seconds
plan limit 978
current timestep 695
num of flexible agents: 221
num of flexible tasks: 521
Solving time: 0.0016387 seconds
plan limit 978
current timestep 696
num of flexible agents: 224
num of flexible tasks: 524
Solving time: 0.0019861 seconds
plan limit 978
current timestep 697
num of flexible agents: 231
num of flexible tasks: 531
Solving time: 0.0018938 seconds
plan limit 978
current timestep 698
num of flexible agents: 226
num of flexible tasks: 526
Solving time: 0.0018199 seconds
plan limit 978
current timestep 699
num of flexible agents: 227
num of flexible tasks: 527
Solving time: 0.0018721 seconds
plan limit 978
current timestep 700
num of flexible agents: 229
num of flexible tasks: 529
Solving time: 0.0019306 seconds
plan limit 978
current timestep 701
num of flexible agents: 230
num of flexible tasks: 530
Solving time: 0.0029054 seconds
plan limit 977
current timestep 702
num of flexible agents: 231
num of flexible tasks: 531
Solving time: 0.0019583 seconds
plan limit 978
current timestep 703
num of flexible agents: 232
num of flexible tasks: 532
Solving time: 0.0020197 seconds
plan limit 978
current timestep 704
num of flexible agents: 226
num of flexible tasks: 526
Solving time: 0.0019533 seconds
plan limit 978
current timestep 705
num of flexible agents: 219
num of flexible tasks: 519
Solving time: 0.0018704 seconds
plan limit 978
current timestep 706
num of flexible agents: 223
num of flexible tasks: 523
Solving time: 0.001982 seconds
plan limit 978
current timestep 707
num of flexible agents: 226
num of flexible tasks: 526
Solving time: 0.0020385 seconds
plan limit 978
current timestep 708
num of flexible agents: 225
num of flexible tasks: 525
Solving time: 0.0019585 seconds
plan limit 978
current timestep 709
num of flexible agents: 225
num of flexible tasks: 525
Solving time: 0.0021296 seconds
plan limit 978
current timestep 710
num of flexible agents: 220
num of flexible tasks: 520
Solving time: 0.001922 seconds
plan limit 978
current timestep 711
num of flexible agents: 221
num of flexible tasks: 521
Solving time: 0.0019171 seconds
plan limit 978
current timestep 712
num of flexible agents: 218
num of flexible tasks: 518
Solving time: 0.0019657 seconds
plan limit 978
current timestep 713
num of flexible agents: 212
num of flexible tasks: 512
Solving time: 0.0018829 seconds
plan limit 978
current timestep 714
num of flexible agents: 216
num of flexible tasks: 516
Solving time: 0.0019524 seconds
plan limit 978
current timestep 715
num of flexible agents: 213
num of flexible tasks: 513
Solving time: 0.0019083 seconds
plan limit 978
current timestep 716
num of flexible agents: 215
num of flexible tasks: 515
Solving time: 0.0019786 seconds
plan limit 978
current timestep 717
num of flexible agents: 216
num of flexible tasks: 516
Solving time: 0.0018427 seconds
plan limit 978
current timestep 718
num of flexible agents: 216
num of flexible tasks: 516
Solving time: 0.0019298 seconds
plan limit 978
current timestep 719
num of flexible agents: 215
num of flexible tasks: 515
Solving time: 0.0020329 seconds
plan limit 978
current timestep 720
num of flexible agents: 218
num of flexible tasks: 518
Solving time: 0.001846 seconds
plan limit 978
current timestep 721
num of flexible agents: 218
num of flexible tasks: 518
Solving time: 0.0019046 seconds
plan limit 978
current timestep 722
num of flexible agents: 220
num of flexible tasks: 520
Solving time: 0.0019685 seconds
plan limit 978
current timestep 723
num of flexible agents: 226
num of flexible tasks: 526
Solving time: 0.0019944 seconds
plan limit 978
current timestep 724
num of flexible agents: 230
num of flexible tasks: 530
Solving time: 0.001931 seconds
plan limit 978
current timestep 725
num of flexible agents: 231
num of flexible tasks: 531
Solving time: 0.0018907 seconds
plan limit 978
current timestep 726
num of flexible agents: 228
num of flexible tasks: 528
Solving time: 0.0018758 seconds
plan limit 978
current timestep 727
num of flexible agents: 225
num of flexible tasks: 525
Solving time: 0.0020797 seconds
plan limit 978
current timestep 728
num of flexible agents: 230
num of flexible tasks: 530
Solving time: 0.0019791 seconds
plan limit 978
current timestep 729
num of flexible agents: 231
num of flexible tasks: 531
Solving time: 0.0022276 seconds
plan limit 978
current timestep 730
num of flexible agents: 232
num of flexible tasks: 532
Solving time: 0.0020413 seconds
plan limit 978
current timestep 731
num of flexible agents: 234
num of flexible tasks: 534
Solving time: 0.0019204 seconds
plan limit 978
current timestep 732
num of flexible agents: 237
num of flexible tasks: 537
Solving time: 0.0019491 seconds
plan limit 978
current timestep 733
num of flexible agents: 237
num of flexible tasks: 537
Solving time: 0.0022067 seconds
plan limit 978
current timestep 734
num of flexible agents: 240
num of flexible tasks: 540
Solving time: 0.0021011 seconds
plan limit 978
current timestep 735
num of flexible agents: 240
num of flexible tasks: 540
Solving time: 0.0020686 seconds
plan limit 978
current timestep 736
num of flexible agents: 240
num of flexible tasks: 540
Solving time: 0.0020353 seconds
plan limit 978
current timestep 737
num of flexible agents: 240
num of flexible tasks: 540
Solving time: 0.0019332 seconds
plan limit 978
current timestep 738
num of flexible agents: 238
num of flexible tasks: 538
Solving time: 0.0019731 seconds
plan limit 978
current timestep 739
num of flexible agents: 239
num of flexible tasks: 539
Solving time: 0.0019884 seconds
plan limit 978
current timestep 740
num of flexible agents: 235
num of flexible tasks: 535
Solving time: 0.0020206 seconds
plan limit 978
current timestep 741
num of flexible agents: 231
num of flexible tasks: 531
Solving time: 0.0018968 seconds
plan limit 978
current timestep 742
num of flexible agents: 225
num of flexible tasks: 525
Solving time: 0.0019141 seconds
plan limit 978
current timestep 743
num of flexible agents: 219
num of flexible tasks: 519
Solving time: 0.0017958 seconds
plan limit 978
current timestep 744
num of flexible agents: 217
num of flexible tasks: 517
Solving time: 0.0019016 seconds
plan limit 978
current timestep 745
num of flexible agents: 213
num of flexible tasks: 513
Solving time: 0.0019274 seconds
plan limit 978
current timestep 746
num of flexible agents: 214
num of flexible tasks: 514
Solving time: 0.0020982 seconds
plan limit 978
current timestep 747
num of flexible agents: 215
num of flexible tasks: 515
Solving time: 0.0019733 seconds
plan limit 978
current timestep 748
num of flexible agents: 216
num of flexible tasks: 516
Solving time: 0.0019712 seconds
plan limit 978
current timestep 749
num of flexible agents: 218
num of flexible tasks: 518
Solving time: 0.0020574 seconds
plan limit 978
current timestep 750
num of flexible agents: 221
num of flexible tasks: 521
Solving time: 0.0018329 seconds
plan limit 978
current timestep 751
num of flexible agents: 221
num of flexible tasks: 521
Solving time: 0.0021838 seconds
plan limit 978
current timestep 752
num of flexible agents: 223
num of flexible tasks: 523
Solving time: 0.0018259 seconds
plan limit 978
current timestep 753
num of flexible agents: 219
num of flexible tasks: 519
Solving time: 0.0018763 seconds
plan limit 978
current timestep 754
num of flexible agents: 219
num of flexible tasks: 519
Solving time: 0.0019478 seconds
plan limit 978
current timestep 755
num of flexible agents: 220
num of flexible tasks: 520
Solving time: 0.0021959 seconds
plan limit 978
current timestep 756
num of flexible agents: 215
num of flexible tasks: 515
Solving time: 0.002039 seconds
plan limit 978
current timestep 757
num of flexible agents: 214
num of flexible tasks: 514
Solving time: 0.0019394 seconds
plan limit 978
current timestep 758
num of flexible agents: 218
num of flexible tasks: 518
Solving time: 0.002268 seconds
plan limit 978
current timestep 759
num of flexible agents: 219
num of flexible tasks: 519
Solving time: 0.0020127 seconds
plan limit 978
current timestep 760
num of flexible agents: 220
num of flexible tasks: 520
Solving time: 0.002053 seconds
plan limit 978
current timestep 761
num of flexible agents: 227
num of flexible tasks: 527
Solving time: 0.0020819 seconds
plan limit 978
current timestep 762
num of flexible agents: 229
num of flexible tasks: 529
Solving time: 0.0022621 seconds
plan limit 978
current timestep 763
num of flexible agents: 229
num of flexible tasks: 529
Solving time: 0.0021938 seconds
plan limit 978
current timestep 764
num of flexible agents: 234
num of flexible tasks: 534
Solving time: 0.0021328 seconds
plan limit 978
current timestep 765
num of flexible agents: 235
num of flexible tasks: 535
Solving time: 0.0021021 seconds
plan limit 978
current timestep 766
num of flexible agents: 236
num of flexible tasks: 536
Solving time: 0.0022564 seconds
plan limit 978
current timestep 767
num of flexible agents: 239
num of flexible tasks: 539
Solving time: 0.0020204 seconds
plan limit 978
current timestep 768
num of flexible agents: 243
num of flexible tasks: 543
Solving time: 0.0019693 seconds
plan limit 978
current timestep 769
num of flexible agents: 241
num of flexible tasks: 541
Solving time: 0.0019397 seconds
plan limit 978
current timestep 770
num of flexible agents: 241
num of flexible tasks: 541
Solving time: 0.0020779 seconds
plan limit 978
current timestep 771
num of flexible agents: 242
num of flexible tasks: 542
Solving time: 0.002008 seconds
plan limit 978
current timestep 772
num of flexible agents: 244
num of flexible tasks: 544
Solving time: 0.0020086 seconds
plan limit 978
current timestep 773
num of flexible agents: 238
num of flexible tasks: 538
Solving time: 0.0019704 seconds
plan limit 978
current timestep 774
num of flexible agents: 236
num of flexible tasks: 536
Solving time: 0.0018992 seconds
plan limit 978
current timestep 775
num of flexible agents: 232
num of flexible tasks: 532
Solving time: 0.0019944 seconds
plan limit 978
current timestep 776
num of flexible agents: 230
num of flexible tasks: 530
Solving time: 0.001884 seconds
plan limit 978
current timestep 777
num of flexible agents: 224
num of flexible tasks: 524
Solving time: 0.0019929 seconds
plan limit 978
current timestep 778
num of flexible agents: 231
num of flexible tasks: 531
Solving time: 0.0019556 seconds
plan limit 978
current timestep 779
num of flexible agents: 234
num of flexible tasks: 534
Solving time: 0.0021351 seconds
plan limit 978
current timestep 780
num of flexible agents: 236
num of flexible tasks: 536
Solving time: 0.0019737 seconds
plan limit 978
current timestep 781
num of flexible agents: 233
num of flexible tasks: 533
Solving time: 0.0019633 seconds
plan limit 978
current timestep 782
num of flexible agents: 233
num of flexible tasks: 533
Solving time: 0.0019149 seconds
plan limit 978
current timestep 783
num of flexible agents: 235
num of flexible tasks: 535
Solving time: 0.0020133 seconds
plan limit 978
current timestep 784
num of flexible agents: 239
num of flexible tasks: 539
Solving time: 0.002181 seconds
plan limit 978
current timestep 785
num of flexible agents: 237
num of flexible tasks: 537
Solving time: 0.0021279 seconds
plan limit 978
current timestep 786
num of flexible agents: 238
num of flexible tasks: 538
Solving time: 0.0019885 seconds
plan limit 978
current timestep 787
num of flexible agents: 237
num of flexible tasks: 537
Solving time: 0.0020058 seconds
plan limit 978
current timestep 788
num of flexible agents: 236
num of flexible tasks: 536
Solving time: 0.0019028 seconds
plan limit 978
current timestep 789
num of flexible agents: 228
num of flexible tasks: 528
Solving time: 0.002009 seconds
plan limit 978
current timestep 790
num of flexible agents: 234
num of flexible tasks: 534
Solving time: 0.002205 seconds
plan limit 978
current timestep 791
num of flexible agents: 228
num of flexible tasks: 528
Solving time: 0.0021148 seconds
plan limit 978
current timestep 792
num of flexible agents: 225
num of flexible tasks: 525
Solving time: 0.001879 seconds
plan limit 978
current timestep 793
num of flexible agents: 222
num of flexible tasks: 522
Solving time: 0.0018119 seconds
plan limit 978
current timestep 794
num of flexible agents: 227
num of flexible tasks: 527
Solving time: 0.0022345 seconds
plan limit 978
current timestep 795
num of flexible agents: 227
num of flexible tasks: 527
Solving time: 0.0020251 seconds
plan limit 978
current timestep 796
num of flexible agents: 229
num of flexible tasks: 529
Solving time: 0.0018608 seconds
plan limit 978
current timestep 797
num of flexible agents: 230
num of flexible tasks: 530
Solving time: 0.0020228 seconds
plan limit 978
current timestep 798
num of flexible agents: 239
num of flexible tasks: 539
Solving time: 0.0020191 seconds
plan limit 978
current timestep 799
num of flexible agents: 237
num of flexible tasks: 537
Solving time: 0.0021571 seconds
plan limit 978
current timestep 800
num of flexible agents: 238
num of flexible tasks: 538
Solving time: 0.0022341 seconds
plan limit 978
current timestep 801
num of flexible agents: 237
num of flexible tasks: 537
Solving time: 0.0021691 seconds
plan limit 978
current timestep 802
num of flexible agents: 234
num of flexible tasks: 534
Solving time: 0.0021368 seconds
plan limit 978
current timestep 803
num of flexible agents: 237
num of flexible tasks: 537
Solving time: 0.0021534 seconds
plan limit 978
current timestep 804
num of flexible agents: 242
num of flexible tasks: 542
Solving time: 0.0022591 seconds
plan limit 977
current timestep 805
num of flexible agents: 244
num of flexible tasks: 544
Solving time: 0.0021143 seconds
plan limit 978
current timestep 806
num of flexible agents: 243
num of flexible tasks: 543
Solving time: 0.0020744 seconds
plan limit 978
current timestep 807
num of flexible agents: 244
num of flexible tasks: 544
Solving time: 0.0020992 seconds
plan limit 978
current timestep 808
num of flexible agents: 247
num of flexible tasks: 547
Solving time: 0.0021832 seconds
plan limit 978
current timestep 809
num of flexible agents: 253
num of flexible tasks: 553
Solving time: 0.0020371 seconds
plan limit 978
current timestep 810
num of flexible agents: 249
num of flexible tasks: 549
Solving time: 0.0021127 seconds
plan limit 978
current timestep 811
num of flexible agents: 249
num of flexible tasks: 549
Solving time: 0.0019859 seconds
plan limit 978
current timestep 812
num of flexible agents: 250
num of flexible tasks: 550
Solving time: 0.0022078 seconds
plan limit 978
current timestep 813
num of flexible agents: 251
num of flexible tasks: 551
Solving time: 0.0023495 seconds
plan limit 977
current timestep 814
num of flexible agents: 245
num of flexible tasks: 545
Solving time: 0.0019583 seconds
plan limit 978
current timestep 815
num of flexible agents: 242
num of flexible tasks: 542
Solving time: 0.0019514 seconds
plan limit 978
current timestep 816
num of flexible agents: 243
num of flexible tasks: 543
Solving time: 0.0019655 seconds
plan limit 978
current timestep 817
num of flexible agents: 244
num of flexible tasks: 544
Solving time: 0.0018619 seconds
plan limit 978
current timestep 818
num of flexible agents: 244
num of flexible tasks: 544
Solving time: 0.0018978 seconds
plan limit 978
current timestep 819
num of flexible agents: 253
num of flexible tasks: 553
Solving time: 0.0019267 seconds
plan limit 978
current timestep 820
num of flexible agents: 251
num of flexible tasks: 551
Solving time: 0.0019584 seconds
plan limit 978
current timestep 821
num of flexible agents: 248
num of flexible tasks: 548
Solving time: 0.0018504 seconds
plan limit 978
current timestep 822
num of flexible agents: 251
num of flexible tasks: 551
Solving time: 0.0019048 seconds
plan limit 978
current timestep 823
num of flexible agents: 257
num of flexible tasks: 557
Solving time: 0.001996 seconds
plan limit 978
current timestep 824
num of flexible agents: 255
num of flexible tasks: 555
Solving time: 0.0020023 seconds
plan limit 978
current timestep 825
num of flexible agents: 252
num of flexible tasks: 552
Solving time: 0.0022523 seconds
plan limit 978
current timestep 826
num of flexible agents: 251
num of flexible tasks: 551
Solving time: 0.0020108 seconds
plan limit 978
current timestep 827
num of flexible agents: 248
num of flexible tasks: 548
Solving time: 0.0019832 seconds
plan limit 978
current timestep 828
num of flexible agents: 244
num of flexible tasks: 544
Solving time: 0.0021198 seconds
plan limit 978
current timestep 829
num of flexible agents: 242
num of flexible tasks: 542
Solving time: 0.0020907 seconds
plan limit 978
current timestep 830
num of flexible agents: 241
num of flexible tasks: 541
Solving time: 0.0020311 seconds
plan limit 978
current timestep 831
num of flexible agents: 239
num of flexible tasks: 539
Solving time: 0.0018466 seconds
plan limit 978
current timestep 832
num of flexible agents: 244
num of flexible tasks: 544
Solving time: 0.0019299 seconds
plan limit 978
current timestep 833
num of flexible agents: 246
num of flexible tasks: 546
Solving time: 0.002013 seconds
plan limit 978
current timestep 834
num of flexible agents: 247
num of flexible tasks: 547
Solving time: 0.0025956 seconds
plan limit 977
current timestep 835
num of flexible agents: 249
num of flexible tasks: 549
Solving time: 0.0019759 seconds
plan limit 978
current timestep 836
num of flexible agents: 245
num of flexible tasks: 545
Solving time: 0.0023318 seconds
plan limit 977
current timestep 837
num of flexible agents: 243
num of flexible tasks: 543
Solving time: 0.0023335 seconds
plan limit 977
current timestep 838
num of flexible agents: 248
num of flexible tasks: 548
Solving time: 0.002028 seconds
plan limit 978
current timestep 839
num of flexible agents: 247
num of flexible tasks: 547
Solving time: 0.002049 seconds
plan limit 978
current timestep 840
num of flexible agents: 248
num of flexible tasks: 548
Solving time: 0.0020477 seconds
plan limit 978
current timestep 841
num of flexible agents: 250
num of flexible tasks: 550
Solving time: 0.0019905 seconds
plan limit 978
current timestep 842
num of flexible agents: 256
num of flexible tasks: 556
Solving time: 0.0020132 seconds
plan limit 978
current timestep 843
num of flexible agents: 249
num of flexible tasks: 549
Solving time: 0.0023222 seconds
plan limit 977
current timestep 844
num of flexible agents: 257
num of flexible tasks: 557
Solving time: 0.0019838 seconds
plan limit 978
current timestep 845
num of flexible agents: 264
num of flexible tasks: 564
Solving time: 0.0019598 seconds
plan limit 978
current timestep 846
num of flexible agents: 258
num of flexible tasks: 558
Solving time: 0.0021294 seconds
plan limit 978
current timestep 847
num of flexible agents: 258
num of flexible tasks: 558
Solving time: 0.0023298 seconds
plan limit 977
current timestep 848
num of flexible agents: 250
num of flexible tasks: 550
Solving time: 0.0020692 seconds
plan limit 978
current timestep 849
num of flexible agents: 247
num of flexible tasks: 547
Solving time: 0.0027987 seconds
plan limit 977
current timestep 850
num of flexible agents: 250
num of flexible tasks: 550
Solving time: 0.0020291 seconds
plan limit 978
current timestep 851
num of flexible agents: 253
num of flexible tasks: 553
Solving time: 0.0019777 seconds
plan limit 978
current timestep 852
num of flexible agents: 248
num of flexible tasks: 548
Solving time: 0.0020149 seconds
plan limit 978
current timestep 853
num of flexible agents: 247
num of flexible tasks: 547
Solving time: 0.0020378 seconds
plan limit 978
current timestep 854
num of flexible agents: 243
num of flexible tasks: 543
Solving time: 0.0020354 seconds
plan limit 978
current timestep 855
num of flexible agents: 245
num of flexible tasks: 545
Solving time: 0.0019339 seconds
plan limit 978
current timestep 856
num of flexible agents: 245
num of flexible tasks: 545
Solving time: 0.0018356 seconds
plan limit 978
current timestep 857
num of flexible agents: 245
num of flexible tasks: 545
Solving time: 0.0020418 seconds
plan limit 978
current timestep 858
num of flexible agents: 243
num of flexible tasks: 543
Solving time: 0.0019879 seconds
plan limit 978
current timestep 859
num of flexible agents: 247
num of flexible tasks: 547
Solving time: 0.002205 seconds
plan limit 978
current timestep 860
num of flexible agents: 250
num of flexible tasks: 550
Solving time: 0.0020672 seconds
plan limit 978
current timestep 861
num of flexible agents: 251
num of flexible tasks: 551
Solving time: 0.0019407 seconds
plan limit 978
current timestep 862
num of flexible agents: 246
num of flexible tasks: 546
Solving time: 0.0025386 seconds
plan limit 977
current timestep 863
num of flexible agents: 254
num of flexible tasks: 554
Solving time: 0.0019547 seconds
plan limit 978
current timestep 864
num of flexible agents: 259
num of flexible tasks: 559
Solving time: 0.0019415 seconds
plan limit 978
current timestep 865
num of flexible agents: 258
num of flexible tasks: 558
Solving time: 0.001927 seconds
plan limit 978
current timestep 866
num of flexible agents: 255
num of flexible tasks: 555
Solving time: 0.0020372 seconds
plan limit 978
current timestep 867
num of flexible agents: 252
num of flexible tasks: 552
Solving time: 0.0020294 seconds
plan limit 978
current timestep 868
num of flexible agents: 251
num of flexible tasks: 551
Solving time: 0.0018979 seconds
plan limit 978
current timestep 869
num of flexible agents: 250
num of flexible tasks: 550
Solving time: 0.0019196 seconds
plan limit 978
current timestep 870
num of flexible agents: 251
num of flexible tasks: 551
Solving time: 0.0019186 seconds
plan limit 978
current timestep 871
num of flexible agents: 247
num of flexible tasks: 547
Solving time: 0.0019013 seconds
plan limit 978
current timestep 872
num of flexible agents: 240
num of flexible tasks: 540
Solving time: 0.0019256 seconds
plan limit 978
current timestep 873
num of flexible agents: 236
num of flexible tasks: 536
Solving time: 0.0018136 seconds
plan limit 978
current timestep 874
num of flexible agents: 228
num of flexible tasks: 528
Solving time: 0.0017845 seconds
plan limit 978
current timestep 875
num of flexible agents: 226
num of flexible tasks: 526
Solving time: 0.001843 seconds
plan limit 978
current timestep 876
num of flexible agents: 227
num of flexible tasks: 527
Solving time: 0.0019977 seconds
plan limit 978
current timestep 877
num of flexible agents: 234
num of flexible tasks: 534
Solving time: 0.0019155 seconds
plan limit 978
current timestep 878
num of flexible agents: 228
num of flexible tasks: 528
Solving time: 0.0019299 seconds
plan limit 978
current timestep 879
num of flexible agents: 229
num of flexible tasks: 529
Solving time: 0.0023711 seconds
plan limit 977
current timestep 880
num of flexible agents: 223
num of flexible tasks: 523
Solving time: 0.0025256 seconds
plan limit 977
current timestep 881
num of flexible agents: 226
num of flexible tasks: 526
Solving time: 0.0020028 seconds
plan limit 978
current timestep 882
num of flexible agents: 233
num of flexible tasks: 533
Solving time: 0.0017803 seconds
plan limit 978
current timestep 883
num of flexible agents: 229
num of flexible tasks: 529
Solving time: 0.0019415 seconds
plan limit 978
current timestep 884
num of flexible agents: 227
num of flexible tasks: 527
Solving time: 0.0024967 seconds
plan limit 977
current timestep 885
num of flexible agents: 222
num of flexible tasks: 522
Solving time: 0.0018362 seconds
plan limit 978
current timestep 886
num of flexible agents: 220
num of flexible tasks: 520
Solving time: 0.0018455 seconds
plan limit 978
current timestep 887
num of flexible agents: 220
num of flexible tasks: 520
Solving time: 0.0020278 seconds
plan limit 978
current timestep 888
num of flexible agents: 222
num of flexible tasks: 522
Solving time: 0.0019659 seconds
plan limit 978
current timestep 889
num of flexible agents: 229
num of flexible tasks: 529
Solving time: 0.002382 seconds
plan limit 977
current timestep 890
num of flexible agents: 234
num of flexible tasks: 534
Solving time: 0.0021747 seconds
plan limit 978
current timestep 891
num of flexible agents: 234
num of flexible tasks: 534
Solving time: 0.0019967 seconds
plan limit 978
current timestep 892
num of flexible agents: 238
num of flexible tasks: 538
Solving time: 0.0020484 seconds
plan limit 978
current timestep 893
num of flexible agents: 239
num of flexible tasks: 539
Solving time: 0.0022887 seconds
plan limit 977
current timestep 894
num of flexible agents: 234
num of flexible tasks: 534
Solving time: 0.0021329 seconds
plan limit 978
current timestep 895
num of flexible agents: 237
num of flexible tasks: 537
Solving time: 0.0022887 seconds
plan limit 977
current timestep 896
num of flexible agents: 236
num of flexible tasks: 536
Solving time: 0.0022535 seconds
plan limit 978
current timestep 897
num of flexible agents: 240
num of flexible tasks: 540
Solving time: 0.0019868 seconds
plan limit 978
current timestep 898
num of flexible agents: 244
num of flexible tasks: 544
Solving time: 0.0022614 seconds
plan limit 977
current timestep 899
num of flexible agents: 246
num of flexible tasks: 546
Solving time: 0.0019908 seconds
plan limit 978
current timestep 900
num of flexible agents: 251
num of flexible tasks: 551
Solving time: 0.0022669 seconds
plan limit 977
current timestep 901
num of flexible agents: 250
num of flexible tasks: 550
Solving time: 0.0020441 seconds
plan limit 978
current timestep 902
num of flexible agents: 254
num of flexible tasks: 554
Solving time: 0.0021519 seconds
plan limit 977
current timestep 903
num of flexible agents: 254
num of flexible tasks: 554
Solving time: 0.0020892 seconds
plan limit 978
current timestep 904
num of flexible agents: 254
num of flexible tasks: 554
Solving time: 0.0020754 seconds
plan limit 978
current timestep 905
num of flexible agents: 253
num of flexible tasks: 553
Solving time: 0.0018055 seconds
plan limit 978
current timestep 906
num of flexible agents: 253
num of flexible tasks: 553
Solving time: 0.0018896 seconds
plan limit 978
current timestep 907
num of flexible agents: 249
num of flexible tasks: 549
Solving time: 0.002005 seconds
plan limit 978
current timestep 908
num of flexible agents: 245
num of flexible tasks: 545
Solving time: 0.002032 seconds
plan limit 978
current timestep 909
num of flexible agents: 240
num of flexible tasks: 540
Solving time: 0.0019237 seconds
plan limit 978
current timestep 910
num of flexible agents: 237
num of flexible tasks: 537
Solving time: 0.0020862 seconds
plan limit 978
current timestep 911
num of flexible agents: 238
num of flexible tasks: 538
Solving time: 0.0022497 seconds
plan limit 978
current timestep 912
num of flexible agents: 234
num of flexible tasks: 534
Solving time: 0.0020153 seconds
plan limit 978
current timestep 913
num of flexible agents: 238
num of flexible tasks: 538
Solving time: 0.0019742 seconds
plan limit 978
current timestep 914
num of flexible agents: 235
num of flexible tasks: 535
Solving time: 0.00194 seconds
plan limit 978
current timestep 915
num of flexible agents: 235
num of flexible tasks: 535
Solving time: 0.0019451 seconds
plan limit 978
current timestep 916
num of flexible agents: 230
num of flexible tasks: 530
Solving time: 0.0019659 seconds
plan limit 978
current timestep 917
num of flexible agents: 230
num of flexible tasks: 530
Solving time: 0.0020166 seconds
plan limit 978
current timestep 918
num of flexible agents: 229
num of flexible tasks: 529
Solving time: 0.0020204 seconds
plan limit 978
current timestep 919
num of flexible agents: 227
num of flexible tasks: 527
Solving time: 0.0019696 seconds
plan limit 978
current timestep 920
num of flexible agents: 225
num of flexible tasks: 525
Solving time: 0.0019488 seconds
plan limit 978
current timestep 921
num of flexible agents: 231
num of flexible tasks: 531
Solving time: 0.0019697 seconds
plan limit 978
current timestep 922
num of flexible agents: 223
num of flexible tasks: 523
Solving time: 0.0018712 seconds
plan limit 978
current timestep 923
num of flexible agents: 220
num of flexible tasks: 520
Solving time: 0.0019896 seconds
plan limit 978
current timestep 924
num of flexible agents: 222
num of flexible tasks: 522
Solving time: 0.0018953 seconds
plan limit 978
current timestep 925
num of flexible agents: 225
num of flexible tasks: 525
Solving time: 0.0018494 seconds
plan limit 978
current timestep 926
num of flexible agents: 222
num of flexible tasks: 522
Solving time: 0.0029982 seconds
plan limit 977
current timestep 927
num of flexible agents: 227
num of flexible tasks: 527
Solving time: 0.0020053 seconds
plan limit 978
current timestep 928
num of flexible agents: 231
num of flexible tasks: 531
Solving time: 0.0020114 seconds
plan limit 978
current timestep 929
num of flexible agents: 232
num of flexible tasks: 532
Solving time: 0.0020523 seconds
plan limit 978
current timestep 930
num of flexible agents: 223
num of flexible tasks: 523
Solving time: 0.0023921 seconds
plan limit 977
current timestep 931
num of flexible agents: 221
num of flexible tasks: 521
Solving time: 0.0020836 seconds
plan limit 978
current timestep 932
num of flexible agents: 226
num of flexible tasks: 526
Solving time: 0.0020037 seconds
plan limit 978
current timestep 933
num of flexible agents: 226
num of flexible tasks: 526
Solving time: 0.0020538 seconds
plan limit 978
current timestep 934
num of flexible agents: 227
num of flexible tasks: 527
Solving time: 0.001982 seconds
plan limit 978
current timestep 935
num of flexible agents: 227
num of flexible tasks: 527
Solving time: 0.0021502 seconds
plan limit 978
current timestep 936
num of flexible agents: 232
num of flexible tasks: 532
Solving time: 0.0019487 seconds
plan limit 978
current timestep 937
num of flexible agents: 233
num of flexible tasks: 533
Solving time: 0.0020328 seconds
plan limit 978
current timestep 938
num of flexible agents: 232
num of flexible tasks: 532
Solving time: 0.0019276 seconds
plan limit 978
current timestep 939
num of flexible agents: 237
num of flexible tasks: 537
Solving time: 0.0025312 seconds
plan limit 977
current timestep 940
num of flexible agents: 234
num of flexible tasks: 534
Solving time: 0.0018256 seconds
plan limit 978
current timestep 941
num of flexible agents: 232
num of flexible tasks: 532
Solving time: 0.0020963 seconds
plan limit 978
current timestep 942
num of flexible agents: 233
num of flexible tasks: 533
Solving time: 0.0019705 seconds
plan limit 978
current timestep 943
num of flexible agents: 238
num of flexible tasks: 538
Solving time: 0.0019763 seconds
plan limit 978
current timestep 944
num of flexible agents: 236
num of flexible tasks: 536
Solving time: 0.0021301 seconds
plan limit 978
current timestep 945
num of flexible agents: 242
num of flexible tasks: 542
Solving time: 0.0020501 seconds
plan limit 978
current timestep 946
num of flexible agents: 237
num of flexible tasks: 537
Solving time: 0.0020631 seconds
plan limit 978
current timestep 947
num of flexible agents: 239
num of flexible tasks: 539
Solving time: 0.0019726 seconds
plan limit 978
current timestep 948
num of flexible agents: 242
num of flexible tasks: 542
Solving time: 0.0020319 seconds
plan limit 978
current timestep 949
num of flexible agents: 242
num of flexible tasks: 542
Solving time: 0.0019561 seconds
plan limit 978
current timestep 950
num of flexible agents: 243
num of flexible tasks: 543
Solving time: 0.0019011 seconds
plan limit 978
current timestep 951
num of flexible agents: 246
num of flexible tasks: 546
Solving time: 0.0021798 seconds
plan limit 978
current timestep 952
num of flexible agents: 243
num of flexible tasks: 543
Solving time: 0.0021164 seconds
plan limit 978
current timestep 953
num of flexible agents: 236
num of flexible tasks: 536
Solving time: 0.0020093 seconds
plan limit 978
current timestep 954
num of flexible agents: 237
num of flexible tasks: 537
Solving time: 0.0022381 seconds
plan limit 977
current timestep 955
num of flexible agents: 232
num of flexible tasks: 532
Solving time: 0.0019098 seconds
plan limit 978
current timestep 956
num of flexible agents: 228
num of flexible tasks: 528
Solving time: 0.0019466 seconds
plan limit 978
current timestep 957
num of flexible agents: 221
num of flexible tasks: 521
Solving time: 0.0018892 seconds
plan limit 978
current timestep 958
num of flexible agents: 222
num of flexible tasks: 522
Solving time: 0.0019725 seconds
plan limit 978
current timestep 959
num of flexible agents: 221
num of flexible tasks: 521
Solving time: 0.0019596 seconds
plan limit 978
current timestep 960
num of flexible agents: 220
num of flexible tasks: 520
Solving time: 0.0023902 seconds
plan limit 977
current timestep 961
num of flexible agents: 221
num of flexible tasks: 521
Solving time: 0.0018789 seconds
plan limit 978
current timestep 962
num of flexible agents: 221
num of flexible tasks: 521
Solving time: 0.0019754 seconds
plan limit 978
current timestep 963
num of flexible agents: 224
num of flexible tasks: 524
Solving time: 0.0022026 seconds
plan limit 977
current timestep 964
num of flexible agents: 223
num of flexible tasks: 523
Solving time: 0.0020413 seconds
plan limit 978
current timestep 965
num of flexible agents: 219
num of flexible tasks: 519
Solving time: 0.0019433 seconds
plan limit 978
current timestep 966
num of flexible agents: 224
num of flexible tasks: 524
Solving time: 0.0020058 seconds
plan limit 978
current timestep 967
num of flexible agents: 227
num of flexible tasks: 527
Solving time: 0.0021067 seconds
plan limit 978
current timestep 968
num of flexible agents: 229
num of flexible tasks: 529
Solving time: 0.002019 seconds
plan limit 978
current timestep 969
num of flexible agents: 232
num of flexible tasks: 532
Solving time: 0.0022252 seconds
plan limit 978
current timestep 970
num of flexible agents: 233
num of flexible tasks: 533
Solving time: 0.0020806 seconds
plan limit 978
current timestep 971
num of flexible agents: 229
num of flexible tasks: 529
Solving time: 0.0019417 seconds
plan limit 978
current timestep 972
num of flexible agents: 231
num of flexible tasks: 531
Solving time: 0.0020426 seconds
plan limit 978
current timestep 973
num of flexible agents: 229
num of flexible tasks: 529
Solving time: 0.0021422 seconds
plan limit 978
current timestep 974
num of flexible agents: 232
num of flexible tasks: 532
Solving time: 0.0020644 seconds
plan limit 978
current timestep 975
num of flexible agents: 234
num of flexible tasks: 534
Solving time: 0.0022209 seconds
plan limit 978
current timestep 976
num of flexible agents: 229
num of flexible tasks: 529
Solving time: 0.0020689 seconds
plan limit 978
current timestep 977
num of flexible agents: 229
num of flexible tasks: 529
Solving time: 0.0019832 seconds
plan limit 978
current timestep 978
num of flexible agents: 222
num of flexible tasks: 522
Solving time: 0.0019612 seconds
plan limit 978
current timestep 979
num of flexible agents: 225
num of flexible tasks: 525
Solving time: 0.0019967 seconds
plan limit 978
current timestep 980
num of flexible agents: 225
num of flexible tasks: 525
Solving time: 0.0019795 seconds
plan limit 978
current timestep 981
num of flexible agents: 221
num of flexible tasks: 521
Solving time: 0.0019636 seconds
plan limit 978
current timestep 982
num of flexible agents: 220
num of flexible tasks: 520
Solving time: 0.0019635 seconds
plan limit 978
current timestep 983
num of flexible agents: 222
num of flexible tasks: 522
Solving time: 0.0020249 seconds
plan limit 978
current timestep 984
num of flexible agents: 223
num of flexible tasks: 523
Solving time: 0.0019076 seconds
plan limit 978
current timestep 985
num of flexible agents: 226
num of flexible tasks: 526
Solving time: 0.0020561 seconds
plan limit 978
current timestep 986
num of flexible agents: 228
num of flexible tasks: 528
Solving time: 0.0019977 seconds
plan limit 978
current timestep 987
num of flexible agents: 235
num of flexible tasks: 535
Solving time: 0.0020448 seconds
plan limit 978
current timestep 988
num of flexible agents: 235
num of flexible tasks: 535
Solving time: 0.0018904 seconds
plan limit 978
current timestep 989
num of flexible agents: 232
num of flexible tasks: 532
Solving time: 0.0019026 seconds
plan limit 978
current timestep 990
num of flexible agents: 234
num of flexible tasks: 534
Solving time: 0.0020149 seconds
plan limit 978
current timestep 991
num of flexible agents: 228
num of flexible tasks: 528
Solving time: 0.0019772 seconds
plan limit 978
current timestep 992
num of flexible agents: 234
num of flexible tasks: 534
Solving time: 0.0020486 seconds
plan limit 978
current timestep 993
num of flexible agents: 233
num of flexible tasks: 533
Solving time: 0.0019663 seconds
plan limit 978
current timestep 994
num of flexible agents: 230
num of flexible tasks: 530
Solving time: 0.0019978 seconds
plan limit 978
current timestep 995
num of flexible agents: 223
num of flexible tasks: 523
Solving time: 0.0019109 seconds
plan limit 978
current timestep 996
num of flexible agents: 216
num of flexible tasks: 516
Solving time: 0.0020061 seconds
plan limit 978
current timestep 997
num of flexible agents: 217
num of flexible tasks: 517
Solving time: 0.0019461 seconds
plan limit 978
current timestep 998
num of flexible agents: 218
num of flexible tasks: 518
Solving time: 0.0021033 seconds
plan limit 977
current timestep 999
num of flexible agents: 215
num of flexible tasks: 515
Solving time: 0.0019884 seconds
plan limit 978
Running w600_taskmatcher-k50_t1000_trial3
current timestep 0
plan limit 900
current timestep 1
plan limit 934
current timestep 2
plan limit 941
current timestep 3
plan limit 946
current timestep 4
plan limit 953
current timestep 5
plan limit 951
current timestep 6
plan limit 958
current timestep 7
plan limit 961
current timestep 8
plan limit 963
current timestep 9
plan limit 965
current timestep 10
plan limit 966
current timestep 11
plan limit 968
current timestep 12
plan limit 969
current timestep 13
plan limit 970
current timestep 14
plan limit 970
current timestep 15
plan limit 972
current timestep 16
plan limit 972
current timestep 17
plan limit 973
current timestep 18
plan limit 974
current timestep 19
plan limit 974
current timestep 20
plan limit 973
current timestep 21
plan limit 974
current timestep 22
plan limit 974
current timestep 23
plan limit 974
current timestep 24
plan limit 971
current timestep 25
plan limit 973
current timestep 26
plan limit 973
current timestep 27
plan limit 972
current timestep 28
plan limit 973
current timestep 29
plan limit 972
current timestep 30
plan limit 972
current timestep 31
plan limit 971
current timestep 32
plan limit 968
current timestep 33
plan limit 967
current timestep 34
plan limit 969
current timestep 35
plan limit 968
current timestep 36
plan limit 968
current timestep 37
plan limit 967
current timestep 38
plan limit 967
current timestep 39
plan limit 967
current timestep 40
plan limit 965
current timestep 41
plan limit 965
current timestep 42
plan limit 963
current timestep 43
plan limit 964
current timestep 44
plan limit 964
current timestep 45
plan limit 965
current timestep 46
plan limit 965
current timestep 47
plan limit 965
current timestep 48
plan limit 965
current timestep 49
plan limit 964
current timestep 50
plan limit 964
current timestep 51
plan limit 963
current timestep 52
plan limit 963
current timestep 53
plan limit 963
current timestep 54
plan limit 963
current timestep 55
plan limit 962
current timestep 56
plan limit 963
current timestep 57
plan limit 962
current timestep 58
plan limit 963
current timestep 59
plan limit 963
current timestep 60
plan limit 963
current timestep 61
plan limit 963
current timestep 62
plan limit 961
current timestep 63
plan limit 962
current timestep 64
plan limit 962
current timestep 65
plan limit 962
current timestep 66
plan limit 962
current timestep 67
plan limit 962
current timestep 68
plan limit 962
current timestep 69
plan limit 962
current timestep 70
plan limit 962
current timestep 71
plan limit 962
current timestep 72
plan limit 962
current timestep 73
plan limit 962
current timestep 74
plan limit 961
current timestep 75
plan limit 962
current timestep 76
plan limit 962
current timestep 77
plan limit 961
current timestep 78
plan limit 962
current timestep 79
plan limit 961
current timestep 80
plan limit 961
current timestep 81
plan limit 960
current timestep 82
plan limit 959
current timestep 83
plan limit 960
current timestep 84
plan limit 959
current timestep 85
plan limit 958
current timestep 86
plan limit 958
current timestep 87
plan limit 959
current timestep 88
plan limit 958
current timestep 89
plan limit 960
current timestep 90
plan limit 958
current timestep 91
plan limit 959
current timestep 92
plan limit 958
current timestep 93
plan limit 960
current timestep 94
plan limit 959
current timestep 95
plan limit 959
current timestep 96
plan limit 959
current timestep 97
plan limit 957
current timestep 98
plan limit 959
current timestep 99
plan limit 961
current timestep 100
plan limit 958
current timestep 101
plan limit 955
current timestep 102
plan limit 957
current timestep 103
plan limit 959
current timestep 104
plan limit 958
current timestep 105
plan limit 958
current timestep 106
plan limit 958
current timestep 107
plan limit 956
current timestep 108
plan limit 956
current timestep 109
plan limit 956
current timestep 110
plan limit 955
current timestep 111
plan limit 955
current timestep 112
plan limit 956
current timestep 113
plan limit 956
current timestep 114
plan limit 956
current timestep 115
plan limit 956
current timestep 116
plan limit 955
current timestep 117
plan limit 953
current timestep 118
plan limit 952
current timestep 119
plan limit 951
current timestep 120
plan limit 951
current timestep 121
plan limit 952
current timestep 122
plan limit 952
current timestep 123
plan limit 951
current timestep 124
plan limit 953
current timestep 125
plan limit 954
current timestep 126
plan limit 953
current timestep 127
plan limit 952
current timestep 128
plan limit 952
current timestep 129
plan limit 949
current timestep 130
plan limit 953
current timestep 131
plan limit 952
current timestep 132
plan limit 953
current timestep 133
plan limit 953
current timestep 134
plan limit 952
current timestep 135
plan limit 928
current timestep 136
plan limit 953
current timestep 137
plan limit 951
current timestep 138
plan limit 953
current timestep 139
plan limit 952
current timestep 140
plan limit 952
current timestep 141
plan limit 952
current timestep 142
plan limit 951
current timestep 143
plan limit 953
current timestep 144
plan limit 952
current timestep 145
plan limit 951
current timestep 146
plan limit 950
current timestep 147
plan limit 949
current timestep 148
plan limit 949
current timestep 149
plan limit 948
current timestep 150
plan limit 948
current timestep 151
plan limit 949
current timestep 152
plan limit 948
current timestep 153
plan limit 950
current timestep 154
plan limit 950
current timestep 155
plan limit 948
current timestep 156
plan limit 951
current timestep 157
plan limit 949
current timestep 158
plan limit 950
current timestep 159
plan limit 951
current timestep 160
plan limit 951
current timestep 161
plan limit 948
current timestep 162
plan limit 950
current timestep 163
plan limit 950
current timestep 164
plan limit 949
current timestep 165
plan limit 950
current timestep 166
plan limit 951
current timestep 167
plan limit 951
current timestep 168
plan limit 951
current timestep 169
plan limit 951
current timestep 170
plan limit 952
current timestep 171
plan limit 952
current timestep 172
plan limit 954
current timestep 173
plan limit 953
current timestep 174
plan limit 954
current timestep 175
plan limit 952
current timestep 176
plan limit 953
current timestep 177
plan limit 954
current timestep 178
plan limit 954
current timestep 179
plan limit 950
current timestep 180
plan limit 952
current timestep 181
plan limit 954
current timestep 182
plan limit 954
current timestep 183
plan limit 952
current timestep 184
plan limit 949
current timestep 185
plan limit 952
current timestep 186
plan limit 950
current timestep 187
plan limit 953
current timestep 188
plan limit 952
current timestep 189
plan limit 953
current timestep 190
plan limit 951
current timestep 191
plan limit 952
current timestep 192
plan limit 949
current timestep 193
plan limit 953
current timestep 194
plan limit 953
current timestep 195
plan limit 953
current timestep 196
plan limit 952
current timestep 197
plan limit 951
current timestep 198
plan limit 952
current timestep 199
plan limit 951
current timestep 200
plan limit 951
current timestep 201
plan limit 946
current timestep 202
plan limit 949
current timestep 203
plan limit 949
current timestep 204
plan limit 947
current timestep 205
plan limit 945
current timestep 206
plan limit 948
current timestep 207
plan limit 950
current timestep 208
plan limit 948
current timestep 209
plan limit 949
current timestep 210
plan limit 949
current timestep 211
plan limit 950
current timestep 212
plan limit 949
current timestep 213
plan limit 949
current timestep 214
plan limit 947
current timestep 215
plan limit 949
current timestep 216
plan limit 948
current timestep 217
plan limit 949
current timestep 218
plan limit 948
current timestep 219
plan limit 949
current timestep 220
plan limit 950
current timestep 221
plan limit 948
current timestep 222
plan limit 949
current timestep 223
plan limit 948
current timestep 224
plan limit 950
current timestep 225
plan limit 950
current timestep 226
plan limit 950
current timestep 227
plan limit 949
current timestep 228
plan limit 950
current timestep 229
plan limit 949
current timestep 230
plan limit 952
current timestep 231
plan limit 951
current timestep 232
plan limit 951
current timestep 233
plan limit 950
current timestep 234
plan limit 950
current timestep 235
plan limit 951
current timestep 236
plan limit 950
current timestep 237
plan limit 949
current timestep 238
plan limit 950
current timestep 239
plan limit 951
current timestep 240
plan limit 949
current timestep 241
plan limit 951
current timestep 242
plan limit 951
current timestep 243
plan limit 948
current timestep 244
plan limit 951
current timestep 245
plan limit 952
current timestep 246
plan limit 952
current timestep 247
plan limit 950
current timestep 248
plan limit 952
current timestep 249
plan limit 951
current timestep 250
plan limit 952
current timestep 251
plan limit 952
current timestep 252
plan limit 952
current timestep 253
plan limit 950
current timestep 254
plan limit 951
current timestep 255
plan limit 951
current timestep 256
plan limit 948
current timestep 257
plan limit 949
current timestep 258
plan limit 948
current timestep 259
plan limit 949
current timestep 260
plan limit 950
current timestep 261
plan limit 950
current timestep 262
plan limit 949
current timestep 263
plan limit 951
current timestep 264
plan limit 946
current timestep 265
plan limit 950
current timestep 266
plan limit 950
current timestep 267
plan limit 950
current timestep 268
plan limit 950
current timestep 269
plan limit 950
current timestep 270
plan limit 951
current timestep 271
plan limit 949
current timestep 272
plan limit 950
current timestep 273
plan limit 950
current timestep 274
plan limit 951
current timestep 275
plan limit 951
current timestep 276
plan limit 951
current timestep 277
plan limit 949
current timestep 278
plan limit 949
current timestep 279
plan limit 950
current timestep 280
plan limit 950
current timestep 281
plan limit 950
current timestep 282
plan limit 949
current timestep 283
plan limit 949
current timestep 284
plan limit 950
current timestep 285
plan limit 949
current timestep 286
plan limit 950
current timestep 287
plan limit 951
current timestep 288
plan limit 952
current timestep 289
plan limit 953
current timestep 290
plan limit 951
current timestep 291
plan limit 952
current timestep 292
plan limit 952
current timestep 293
plan limit 950
current timestep 294
plan limit 950
current timestep 295
plan limit 951
current timestep 296
plan limit 952
current timestep 297
plan limit 950
current timestep 298
plan limit 952
current timestep 299
plan limit 951
current timestep 300
plan limit 952
current timestep 301
plan limit 952
current timestep 302
plan limit 952
current timestep 303
plan limit 950
current timestep 304
plan limit 953
current timestep 305
plan limit 950
current timestep 306
plan limit 952
current timestep 307
plan limit 952
current timestep 308
plan limit 952
current timestep 309
plan limit 951
current timestep 310
plan limit 952
current timestep 311
plan limit 951
current timestep 312
plan limit 951
current timestep 313
plan limit 954
current timestep 314
plan limit 953
current timestep 315
plan limit 953
current timestep 316
plan limit 952
current timestep 317
plan limit 953
current timestep 318
plan limit 952
current timestep 319
plan limit 952
current timestep 320
plan limit 951
current timestep 321
plan limit 951
current timestep 322
plan limit 955
current timestep 323
plan limit 954
current timestep 324
plan limit 952
current timestep 325
plan limit 954
current timestep 326
plan limit 954
current timestep 327
plan limit 947
current timestep 328
plan limit 952
current timestep 329
plan limit 951
current timestep 330
plan limit 952
current timestep 331
plan limit 953
current timestep 332
plan limit 952
current timestep 333
plan limit 952
current timestep 334
plan limit 954
current timestep 335
plan limit 953
current timestep 336
plan limit 953
current timestep 337
plan limit 953
current timestep 338
plan limit 952
current timestep 339
plan limit 953
current timestep 340
plan limit 953
current timestep 341
plan limit 952
current timestep 342
plan limit 951
current timestep 343
plan limit 953
current timestep 344
plan limit 953
current timestep 345
plan limit 952
current timestep 346
plan limit 952
current timestep 347
plan limit 955
current timestep 348
plan limit 952
current timestep 349
plan limit 953
current timestep 350
plan limit 953
current timestep 351
plan limit 954
current timestep 352
plan limit 953
current timestep 353
plan limit 952
current timestep 354
plan limit 954
current timestep 355
plan limit 952
current timestep 356
plan limit 948
current timestep 357
plan limit 949
current timestep 358
plan limit 948
current timestep 359
plan limit 952
current timestep 360
plan limit 948
current timestep 361
plan limit 948
current timestep 362
plan limit 950
current timestep 363
plan limit 951
current timestep 364
plan limit 948
current timestep 365
plan limit 946
current timestep 366
plan limit 949
current timestep 367
plan limit 951
current timestep 368
plan limit 951
current timestep 369
plan limit 951
current timestep 370
plan limit 950
current timestep 371
plan limit 950
current timestep 372
plan limit 942
current timestep 373
plan limit 950
current timestep 374
plan limit 951
current timestep 375
plan limit 951
current timestep 376
plan limit 947
current timestep 377
plan limit 948
current timestep 378
plan limit 946
current timestep 379
plan limit 946
current timestep 380
plan limit 947
current timestep 381
plan limit 947
current timestep 382
plan limit 945
current timestep 383
plan limit 945
current timestep 384
plan limit 946
current timestep 385
plan limit 947
current timestep 386
plan limit 948
current timestep 387
plan limit 948
current timestep 388
plan limit 948
current timestep 389
plan limit 948
current timestep 390
plan limit 947
current timestep 391
plan limit 948
current timestep 392
plan limit 948
current timestep 393
plan limit 944
current timestep 394
plan limit 947
current timestep 395
plan limit 947
current timestep 396
plan limit 946
current timestep 397
plan limit 947
current timestep 398
plan limit 947
current timestep 399
plan limit 945
current timestep 400
plan limit 946
current timestep 401
plan limit 951
current timestep 402
plan limit 948
current timestep 403
plan limit 951
current timestep 404
plan limit 948
current timestep 405
plan limit 931
current timestep 406
plan limit 949
current timestep 407
plan limit 950
current timestep 408
plan limit 950
current timestep 409
plan limit 952
current timestep 410
plan limit 951
current timestep 411
plan limit 952
current timestep 412
plan limit 952
current timestep 413
plan limit 952
current timestep 414
plan limit 952
current timestep 415
plan limit 951
current timestep 416
plan limit 953
current timestep 417
plan limit 952
current timestep 418
plan limit 953
current timestep 419
plan limit 953
current timestep 420
plan limit 918
current timestep 421
plan limit 951
current timestep 422
plan limit 942
current timestep 423
plan limit 945
current timestep 424
plan limit 941
current timestep 425
plan limit 952
current timestep 426
plan limit 951
current timestep 427
plan limit 952
current timestep 428
plan limit 953
current timestep 429
plan limit 953
current timestep 430
plan limit 952
current timestep 431
plan limit 952
current timestep 432
plan limit 951
current timestep 433
plan limit 953
current timestep 434
plan limit 951
current timestep 435
plan limit 951
current timestep 436
plan limit 952
current timestep 437
plan limit 953
current timestep 438
plan limit 952
current timestep 439
plan limit 953
current timestep 440
plan limit 953
current timestep 441
plan limit 953
current timestep 442
plan limit 953
current timestep 443
plan limit 953
current timestep 444
plan limit 953
current timestep 445
plan limit 954
current timestep 446
plan limit 951
current timestep 447
plan limit 952
current timestep 448
plan limit 952
current timestep 449
plan limit 951
current timestep 450
plan limit 951
current timestep 451
plan limit 951
current timestep 452
plan limit 948
current timestep 453
plan limit 952
current timestep 454
plan limit 950
current timestep 455
plan limit 951
current timestep 456
plan limit 948
current timestep 457
plan limit 951
current timestep 458
plan limit 951
current timestep 459
plan limit 950
current timestep 460
plan limit 949
current timestep 461
plan limit 950
current timestep 462
plan limit 950
current timestep 463
plan limit 950
current timestep 464
plan limit 950
current timestep 465
plan limit 948
current timestep 466
plan limit 947
current timestep 467
plan limit 946
current timestep 468
plan limit 947
current timestep 469
plan limit 947
current timestep 470
plan limit 946
current timestep 471
plan limit 947
current timestep 472
plan limit 946
current timestep 473
plan limit 947
current timestep 474
plan limit 946
current timestep 475
plan limit 946
current timestep 476
plan limit 942
current timestep 477
plan limit 947
current timestep 478
plan limit 947
current timestep 479
plan limit 946
current timestep 480
plan limit 945
current timestep 481
plan limit 946
current timestep 482
plan limit 945
current timestep 483
plan limit 946
current timestep 484
plan limit 946
current timestep 485
plan limit 944
current timestep 486
plan limit 944
current timestep 487
plan limit 943
current timestep 488
plan limit 943
current timestep 489
plan limit 942
current timestep 490
plan limit 943
current timestep 491
plan limit 943
current timestep 492
plan limit 945
current timestep 493
plan limit 943
current timestep 494
plan limit 946
current timestep 495
plan limit 947
current timestep 496
plan limit 946
current timestep 497
plan limit 950
current timestep 498
plan limit 949
current timestep 499
plan limit 948
current timestep 500
plan limit 948
current timestep 501
plan limit 949
current timestep 502
plan limit 949
current timestep 503
plan limit 952
current timestep 504
plan limit 948
current timestep 505
plan limit 949
current timestep 506
plan limit 947
current timestep 507
plan limit 948
current timestep 508
plan limit 949
current timestep 509
plan limit 950
current timestep 510
plan limit 949
current timestep 511
plan limit 949
current timestep 512
plan limit 951
current timestep 513
plan limit 949
current timestep 514
plan limit 951
current timestep 515
plan limit 946
current timestep 516
plan limit 951
current timestep 517
plan limit 950
current timestep 518
plan limit 933
current timestep 519
plan limit 948
current timestep 520
plan limit 949
current timestep 521
plan limit 950
current timestep 522
plan limit 950
current timestep 523
plan limit 951
current timestep 524
plan limit 951
current timestep 525
plan limit 950
current timestep 526
plan limit 950
current timestep 527
plan limit 943
current timestep 528
plan limit 950
current timestep 529
plan limit 950
current timestep 530
plan limit 950
current timestep 531
plan limit 950
current timestep 532
plan limit 951
current timestep 533
plan limit 951
current timestep 534
plan limit 949
current timestep 535
plan limit 949
current timestep 536
plan limit 948
current timestep 537
plan limit 949
current timestep 538
plan limit 948
current timestep 539
plan limit 944
current timestep 540
plan limit 946
current timestep 541
plan limit 945
current timestep 542
plan limit 948
current timestep 543
plan limit 950
current timestep 544
plan limit 949
current timestep 545
plan limit 948
current timestep 546
plan limit 951
current timestep 547
plan limit 951
current timestep 548
plan limit 948
current timestep 549
plan limit 950
current timestep 550
plan limit 949
current timestep 551
plan limit 950
current timestep 552
plan limit 952
current timestep 553
plan limit 952
current timestep 554
plan limit 951
current timestep 555
plan limit 950
current timestep 556
plan limit 951
current timestep 557
plan limit 950
current timestep 558
plan limit 951
current timestep 559
plan limit 951
current timestep 560
plan limit 947
current timestep 561
plan limit 950
current timestep 562
plan limit 951
current timestep 563
plan limit 951
current timestep 564
plan limit 950
current timestep 565
plan limit 952
current timestep 566
plan limit 953
current timestep 567
plan limit 953
current timestep 568
plan limit 951
current timestep 569
plan limit 952
current timestep 570
plan limit 952
current timestep 571
plan limit 951
current timestep 572
plan limit 950
current timestep 573
plan limit 950
current timestep 574
plan limit 949
current timestep 575
plan limit 951
current timestep 576
plan limit 950
current timestep 577
plan limit 950
current timestep 578
plan limit 950
current timestep 579
plan limit 950
current timestep 580
plan limit 950
current timestep 581
plan limit 945
current timestep 582
plan limit 949
current timestep 583
plan limit 949
current timestep 584
plan limit 949
current timestep 585
plan limit 950
current timestep 586
plan limit 950
current timestep 587
plan limit 950
current timestep 588
plan limit 949
current timestep 589
plan limit 946
current timestep 590
plan limit 949
current timestep 591
plan limit 948
current timestep 592
plan limit 949
current timestep 593
plan limit 948
current timestep 594
plan limit 949
current timestep 595
plan limit 949
current timestep 596
plan limit 951
current timestep 597
plan limit 951
current timestep 598
plan limit 950
current timestep 599
plan limit 953
current timestep 600
plan limit 951
current timestep 601
plan limit 951
current timestep 602
plan limit 952
current timestep 603
plan limit 950
current timestep 604
plan limit 952
current timestep 605
plan limit 952
current timestep 606
plan limit 953
current timestep 607
plan limit 951
current timestep 608
plan limit 952
current timestep 609
plan limit 948
current timestep 610
plan limit 950
current timestep 611
plan limit 945
current timestep 612
plan limit 948
current timestep 613
plan limit 950
current timestep 614
plan limit 951
current timestep 615
plan limit 949
current timestep 616
plan limit 950
current timestep 617
plan limit 951
current timestep 618
plan limit 952
current timestep 619
plan limit 952
current timestep 620
plan limit 951
current timestep 621
plan limit 950
current timestep 622
plan limit 948
current timestep 623
plan limit 950
current timestep 624
plan limit 948
current timestep 625
plan limit 949
current timestep 626
plan limit 949
current timestep 627
plan limit 950
current timestep 628
plan limit 949
current timestep 629
plan limit 950
current timestep 630
plan limit 949
current timestep 631
plan limit 949
current timestep 632
plan limit 952
current timestep 633
plan limit 950
current timestep 634
plan limit 949
current timestep 635
plan limit 949
current timestep 636
plan limit 948
current timestep 637
plan limit 947
current timestep 638
plan limit 946
current timestep 639
plan limit 949
current timestep 640
plan limit 949
current timestep 641
plan limit 948
current timestep 642
plan limit 948
current timestep 643
plan limit 948
current timestep 644
plan limit 946
current timestep 645
plan limit 947
current timestep 646
plan limit 946
current timestep 647
plan limit 947
current timestep 648
plan limit 946
current timestep 649
plan limit 948
current timestep 650
plan limit 947
current timestep 651
plan limit 948
current timestep 652
plan limit 948
current timestep 653
plan limit 950
current timestep 654
plan limit 949
current timestep 655
plan limit 949
current timestep 656
plan limit 946
current timestep 657
plan limit 946
current timestep 658
plan limit 948
current timestep 659
plan limit 949
current timestep 660
plan limit 949
current timestep 661
plan limit 950
current timestep 662
plan limit 949
current timestep 663
plan limit 947
current timestep 664
plan limit 923
current timestep 665
plan limit 950
current timestep 666
plan limit 951
current timestep 667
plan limit 949
current timestep 668
plan limit 950
current timestep 669
plan limit 947
current timestep 670
plan limit 949
current timestep 671
plan limit 946
current timestep 672
plan limit 948
current timestep 673
plan limit 949
current timestep 674
plan limit 948
current timestep 675
plan limit 949
current timestep 676
plan limit 949
current timestep 677
plan limit 950
current timestep 678
plan limit 946
current timestep 679
plan limit 946
current timestep 680
plan limit 948
current timestep 681
plan limit 948
current timestep 682
plan limit 947
current timestep 683
plan limit 948
current timestep 684
plan limit 948
current timestep 685
plan limit 948
current timestep 686
plan limit 949
current timestep 687
plan limit 948
current timestep 688
plan limit 948
current timestep 689
plan limit 949
current timestep 690
plan limit 948
current timestep 691
plan limit 949
current timestep 692
plan limit 952
current timestep 693
plan limit 948
current timestep 694
plan limit 954
current timestep 695
plan limit 952
current timestep 696
plan limit 951
current timestep 697
plan limit 949
current timestep 698
plan limit 951
current timestep 699
plan limit 952
current timestep 700
plan limit 953
current timestep 701
plan limit 953
current timestep 702
plan limit 951
current timestep 703
plan limit 934
current timestep 704
plan limit 950
current timestep 705
plan limit 952
current timestep 706
plan limit 950
current timestep 707
plan limit 949
current timestep 708
plan limit 951
current timestep 709
plan limit 952
current timestep 710
plan limit 951
current timestep 711
plan limit 950
current timestep 712
plan limit 952
current timestep 713
plan limit 951
current timestep 714
plan limit 952
current timestep 715
plan limit 947
current timestep 716
plan limit 950
current timestep 717
plan limit 951
current timestep 718
plan limit 951
current timestep 719
plan limit 950
current timestep 720
plan limit 950
current timestep 721
plan limit 951
current timestep 722
plan limit 952
current timestep 723
plan limit 953
current timestep 724
plan limit 953
current timestep 725
plan limit 953
current timestep 726
plan limit 953
current timestep 727
plan limit 953
current timestep 728
plan limit 951
current timestep 729
plan limit 952
current timestep 730
plan limit 952
current timestep 731
plan limit 951
current timestep 732
plan limit 952
current timestep 733
plan limit 953
current timestep 734
plan limit 952
current timestep 735
plan limit 953
current timestep 736
plan limit 952
current timestep 737
plan limit 953
current timestep 738
plan limit 952
current timestep 739
plan limit 952
current timestep 740
plan limit 952
current timestep 741
plan limit 947
current timestep 742
plan limit 952
current timestep 743
plan limit 948
current timestep 744
plan limit 952
current timestep 745
plan limit 950
current timestep 746
plan limit 950
current timestep 747
plan limit 949
current timestep 748
plan limit 949
current timestep 749
plan limit 950
current timestep 750
plan limit 950
current timestep 751
plan limit 949
current timestep 752
plan limit 942
current timestep 753
plan limit 950
current timestep 754
plan limit 951
current timestep 755
plan limit 946
current timestep 756
plan limit 951
current timestep 757
plan limit 950
current timestep 758
plan limit 949
current timestep 759
plan limit 946
current timestep 760
plan limit 949
current timestep 761
plan limit 947
current timestep 762
plan limit 949
current timestep 763
plan limit 948
current timestep 764
plan limit 950
current timestep 765
plan limit 947
current timestep 766
plan limit 950
current timestep 767
plan limit 950
current timestep 768
plan limit 950
current timestep 769
plan limit 949
current timestep 770
plan limit 951
current timestep 771
plan limit 949
current timestep 772
plan limit 949
current timestep 773
plan limit 949
current timestep 774
plan limit 948
current timestep 775
plan limit 948
current timestep 776
plan limit 947
current timestep 777
plan limit 946
current timestep 778
plan limit 946
current timestep 779
plan limit 948
current timestep 780
plan limit 945
current timestep 781
plan limit 951
current timestep 782
plan limit 950
current timestep 783
plan limit 951
current timestep 784
plan limit 950
current timestep 785
plan limit 950
current timestep 786
plan limit 949
current timestep 787
plan limit 949
current timestep 788
plan limit 949
current timestep 789
plan limit 949
current timestep 790
plan limit 950
current timestep 791
plan limit 948
current timestep 792
plan limit 949
current timestep 793
plan limit 949
current timestep 794
plan limit 949
current timestep 795
plan limit 947
current timestep 796
plan limit 947
current timestep 797
plan limit 947
current timestep 798
plan limit 950
current timestep 799
plan limit 947
current timestep 800
plan limit 949
current timestep 801
plan limit 949
current timestep 802
plan limit 948
current timestep 803
plan limit 949
current timestep 804
plan limit 946
current timestep 805
plan limit 948
current timestep 806
plan limit 948
current timestep 807
plan limit 950
current timestep 808
plan limit 947
current timestep 809
plan limit 947
current timestep 810
plan limit 946
current timestep 811
plan limit 947
current timestep 812
plan limit 947
current timestep 813
plan limit 947
current timestep 814
plan limit 946
current timestep 815
plan limit 945
current timestep 816
plan limit 948
current timestep 817
plan limit 943
current timestep 818
plan limit 947
current timestep 819
plan limit 943
current timestep 820
plan limit 948
current timestep 821
plan limit 949
current timestep 822
plan limit 948
current timestep 823
plan limit 947
current timestep 824
plan limit 948
current timestep 825
plan limit 949
current timestep 826
plan limit 951
current timestep 827
plan limit 948
current timestep 828
plan limit 948
current timestep 829
plan limit 949
current timestep 830
plan limit 949
current timestep 831
plan limit 950
current timestep 832
plan limit 950
current timestep 833
plan limit 948
current timestep 834
plan limit 948
current timestep 835
plan limit 949
current timestep 836
plan limit 951
current timestep 837
plan limit 949
current timestep 838
plan limit 951
current timestep 839
plan limit 950
current timestep 840
plan limit 949
current timestep 841
plan limit 947
current timestep 842
plan limit 950
current timestep 843
plan limit 950
current timestep 844
plan limit 951
current timestep 845
plan limit 950
current timestep 846
plan limit 951
current timestep 847
plan limit 951
current timestep 848
plan limit 953
current timestep 849
plan limit 952
current timestep 850
plan limit 952
current timestep 851
plan limit 950
current timestep 852
plan limit 948
current timestep 853
plan limit 951
current timestep 854
plan limit 948
current timestep 855
plan limit 949
current timestep 856
plan limit 950
current timestep 857
plan limit 950
current timestep 858
plan limit 948
current timestep 859
plan limit 949
current timestep 860
plan limit 949
current timestep 861
plan limit 950
current timestep 862
plan limit 950
current timestep 863
plan limit 949
current timestep 864
plan limit 951
current timestep 865
plan limit 948
current timestep 866
plan limit 951
current timestep 867
plan limit 946
current timestep 868
plan limit 949
current timestep 869
plan limit 948
current timestep 870
plan limit 948
current timestep 871
plan limit 948
current timestep 872
plan limit 948
current timestep 873
plan limit 948
current timestep 874
plan limit 949
current timestep 875
plan limit 952
current timestep 876
plan limit 950
current timestep 877
plan limit 951
current timestep 878
plan limit 952
current timestep 879
plan limit 952
current timestep 880
plan limit 951
current timestep 881
plan limit 951
current timestep 882
plan limit 950
current timestep 883
plan limit 950
current timestep 884
plan limit 950
current timestep 885
plan limit 946
current timestep 886
plan limit 949
current timestep 887
plan limit 950
current timestep 888
plan limit 950
current timestep 889
plan limit 948
current timestep 890
plan limit 951
current timestep 891
plan limit 949
current timestep 892
plan limit 950
current timestep 893
plan limit 948
current timestep 894
plan limit 949
current timestep 895
plan limit 948
current timestep 896
plan limit 951
current timestep 897
plan limit 949
current timestep 898
plan limit 951
current timestep 899
plan limit 951
current timestep 900
plan limit 949
current timestep 901
plan limit 950
current timestep 902
plan limit 949
current timestep 903
plan limit 950
current timestep 904
plan limit 951
current timestep 905
plan limit 950
current timestep 906
plan limit 951
current timestep 907
plan limit 949
current timestep 908
plan limit 946
current timestep 909
plan limit 952
current timestep 910
plan limit 948
current timestep 911
plan limit 949
current timestep 912
plan limit 948
current timestep 913
plan limit 950
current timestep 914
plan limit 949
current timestep 915
plan limit 951
current timestep 916
plan limit 949
current timestep 917
plan limit 948
current timestep 918
plan limit 947
current timestep 919
plan limit 948
current timestep 920
plan limit 942
current timestep 921
plan limit 947
current timestep 922
plan limit 947
current timestep 923
plan limit 949
current timestep 924
plan limit 949
current timestep 925
plan limit 948
current timestep 926
plan limit 950
current timestep 927
plan limit 951
current timestep 928
plan limit 949
current timestep 929
plan limit 951
current timestep 930
plan limit 951
current timestep 931
plan limit 951
current timestep 932
plan limit 948
current timestep 933
plan limit 950
current timestep 934
plan limit 949
current timestep 935
plan limit 949
current timestep 936
plan limit 950
current timestep 937
plan limit 951
current timestep 938
plan limit 949
current timestep 939
plan limit 948
current timestep 940
plan limit 945
current timestep 941
plan limit 946
current timestep 942
plan limit 947
current timestep 943
plan limit 947
current timestep 944
plan limit 945
current timestep 945
plan limit 946
current timestep 946
plan limit 948
current timestep 947
plan limit 947
current timestep 948
plan limit 949
current timestep 949
plan limit 946
current timestep 950
plan limit 947
current timestep 951
plan limit 948
current timestep 952
plan limit 947
current timestep 953
plan limit 949
current timestep 954
plan limit 949
current timestep 955
plan limit 949
current timestep 956
plan limit 948
current timestep 957
plan limit 950
current timestep 958
plan limit 947
current timestep 959
plan limit 947
current timestep 960
plan limit 942
current timestep 961
plan limit 945
current timestep 962
plan limit 947
current timestep 963
plan limit 948
current timestep 964
plan limit 947
current timestep 965
plan limit 947
current timestep 966
plan limit 946
current timestep 967
plan limit 947
current timestep 968
plan limit 949
current timestep 969
plan limit 946
current timestep 970
plan limit 949
current timestep 971
plan limit 947
current timestep 972
plan limit 947
current timestep 973
plan limit 945
current timestep 974
plan limit 948
current timestep 975
plan limit 946
current timestep 976
plan limit 948
current timestep 977
plan limit 948
current timestep 978
plan limit 945
current timestep 979
plan limit 946
current timestep 980
plan limit 945
current timestep 981
plan limit 945
current timestep 982
plan limit 942
current timestep 983
plan limit 946
current timestep 984
plan limit 945
current timestep 985
plan limit 944
current timestep 986
plan limit 944
current timestep 987
plan limit 942
current timestep 988
plan limit 943
current timestep 989
plan limit 946
current timestep 990
plan limit 946
current timestep 991
plan limit 946
current timestep 992
plan limit 948
current timestep 993
plan limit 946
current timestep 994
plan limit 946
current timestep 995
plan limit 944
current timestep 996
plan limit 946
current timestep 997
plan limit 947
current timestep 998
plan limit 948
current timestep 999
plan limit 946
