task_id,revealed_at,first_assigned_at,picked_up_at,completed_at,first_agent,reassignments,pickup_distance_at_assignment,service_shortest_distance,empty_distance,loaded_distance,active_wait_steps,assignment_wait,pickup_wait,completion_time,loaded_detour_ratio
0,0,2,122,174,540,69,1,27,63,35,60,2,122,174,1.296296
1,0,285,304,372,39,8,9,43,14,57,13,285,304,372,1.325581
2,0,824,-1,-1,389,10,14,54,9,0,5,824,-1,-1,0.000000
3,0,1,1,45,465,0,0,33,0,39,5,1,1,45,1.181818
4,0,21,27,88,495,1,4,30,2,58,4,21,27,88,1.933333
5,0,1,1,22,149,0,0,19,0,21,0,1,1,22,1.105263
6,0,1,3,33,590,1,8,29,2,29,1,1,3,33,1.000000
7,0,1,6,34,125,0,5,15,5,25,3,1,6,34,1.666667
8,0,1,33,84,579,9,2,24,15,48,8,1,33,84,2.000000
9,0,57,141,214,570,67,6,35,48,67,41,57,141,214,1.914286
10,0,71,91,180,565,11,10,40,18,82,8,71,91,180,2.050000
11,0,53,80,147,512,21,12,47,21,67,6,53,80,147,1.425532
12,0,1,4,49,416,3,4,28,3,32,13,1,4,49,1.142857
13,0,1,10,76,225,5,3,29,7,49,19,1,10,76,1.689655
14,0,4,34,89,539,0,3,45,8,51,5,4,34,89,1.133333
15,0,1,9,25,16,1,17,10,8,12,4,1,9,25,1.200000
16,0,841,-1,-1,117,1,16,43,7,0,2,841,-1,-1,0.000000
17,0,1,2,33,423,0,1,27,1,31,0,1,2,33,1.148148
18,0,1,3,31,196,0,2,22,2,28,0,1,3,31,1.272727
19,0,1,11,53,396,8,6,24,8,36,8,1,11,53,1.500000
20,0,32,59,128,466,14,16,46,13,66,10,32,59,128,1.434783
21,0,1,1,42,363,0,0,25,0,41,0,1,1,42,1.640000
22,0,1,20,37,0,0,8,10,16,14,6,1,20,37,1.400000
23,0,1,675,696,342,518,4,17,407,19,269,1,675,696,1.117647
24,0,1,11,70,580,2,3,26,4,50,9,1,11,70,1.923077
25,0,1,63,88,111,23,14,14,39,22,26,1,63,88,1.571429
26,0,1,105,198,519,23,4,42,30,80,30,1,105,198,1.904762
27,0,1,33,90,497,12,9,35,19,51,8,1,33,90,1.457143
28,0,1,26,74,424,12,17,26,13,46,6,1,26,74,1.769231
29,0,1,26,107,406,14,2,29,22,57,27,1,26,107,1.965517
30,0,31,347,420,394,224,12,49,204,67,89,31,347,420,1.367347
31,0,1,1,24,27,0,0,10,0,18,5,1,1,24,1.800000
32,0,240,610,680,518,16,14,51,31,61,11,240,610,680,1.196078
33,0,176,340,428,469,98,16,48,75,74,55,176,340,428,1.541667
34,0,1,24,92,105,5,12,15,14,43,34,1,24,92,2.866667
35,0,1,3,38,393,2,2,30,2,34,1,1,3,38,1.133333
36,0,39,57,137,131,7,8,42,8,78,3,39,57,137,1.857143
37,0,1,7,30,402,4,2,15,5,17,7,1,7,30,1.133333
38,0,1,14,56,234,9,6,21,9,29,15,1,14,56,1.380952
39,0,1,8,38,421,5,11,24,7,28,2,1,8,38,1.166667
40,0,1,11,75,232,4,4,20,9,44,21,1,11,75,2.200000
41,0,1,23,115,403,12,11,25,21,71,22,1,23,115,2.840000
42,0,1,15,32,155,0,2,15,12,15,4,1,15,32,1.000000
43,0,33,55,111,351,16,19,38,12,46,20,33,55,111,1.210526
44,0,57,138,232,523,1,10,53,5,87,10,57,138,232,1.641509
45,0,23,55,100,510,10,5,32,18,40,14,23,55,100,1.250000
46,0,1,7,25,79,1,6,10,5,14,5,1,7,25,1.400000
47,0,45,99,163,593,28,9,36,31,62,20,45,99,163,1.722222
48,0,1,447,506,586,12,5,27,32,41,26,1,447,506,1.518519
49,0,1,8,64,565,2,4,36,2,52,5,1,8,64,1.444444
50,0,1,15,55,344,10,16,24,13,34,7,1,15,55,1.416667
51,0,4,321,402,515,164,1,44,148,76,72,4,321,402,1.727273
52,0,1,7,36,73,0,3,20,5,22,8,1,7,36,1.100000
53,0,-1,-1,-1,-1,0,-1,51,0,0,0,-1,-1,-1,0.000000
54,0,1,23,51,246,10,2,21,18,25,7,1,23,51,1.190476
55,0,1,48,140,107,3,13,29,8,87,6,1,48,140,3.000000
56,0,71,180,255,16,68,13,45,64,69,35,71,180,255,1.533333
57,0,1,3,35,520,2,1,24,1,30,3,1,3,35,1.250000
58,0,-1,-1,-1,-1,0,-1,52,0,0,0,-1,-1,-1,0.000000
59,0,1,2,23,213,0,1,20,1,20,1,1,2,23,1.000000
60,0,67,75,159,564,3,4,35,5,59,28,67,75,159,1.685714
61,0,1,6,48,469,1,5,28,4,38,5,1,6,48,1.357143
62,0,1,12,54,494,4,2,17,7,33,13,1,12,54,1.941176
63,0,1,12,108,320,5,5,47,8,91,7,1,12,108,1.936170
64,0,1,8,30,221,1,3,15,7,19,3,1,8,30,1.266667
65,0,5,49,99,596,9,8,38,14,42,11,5,49,99,1.105263
66,0,48,93,169,564,18,13,35,29,63,19,48,93,169,1.800000
67,0,285,291,365,449,6,12,43,5,67,8,285,291,365,1.558140
68,0,1,1,37,490,0,0,28,0,34,2,1,1,37,1.214286
69,0,1,7,58,68,4,15,30,5,50,2,1,7,58,1.666667
70,0,24,62,121,308,11,5,26,28,46,23,24,62,121,1.769231
71,0,1,3,57,147,1,5,46,2,52,2,1,3,57,1.130435
72,0,263,449,512,276,29,9,49,37,51,15,263,449,512,1.040816
73,0,1,4,37,471,2,16,22,3,26,7,1,4,37,1.181818
74,0,683,844,912,327,56,13,45,64,53,25,683,844,912,1.177778
75,0,342,373,461,589,0,13,48,3,72,16,342,373,461,1.500000
76,0,-1,-1,-1,-1,0,-1,55,0,0,0,-1,-1,-1,0.000000
77,0,1,18,112,529,4,1,30,9,70,27,1,18,112,2.333333
78,0,1,54,98,533,7,11,30,9,36,11,1,54,98,1.200000
79,0,75,81,151,547,4,15,39,1,59,16,75,81,151,1.512821
80,0,1,3,22,115,0,2,14,2,16,3,1,3,22,1.142857
81,0,1,9,41,508,2,6,19,8,27,5,1,9,41,1.421053
82,0,1,26,101,592,9,5,21,19,51,30,1,26,101,2.428571
83,0,1,41,56,50,6,3,8,33,10,11,1,41,56,1.250000
84,0,1,3,21,308,0,2,14,2,16,2,1,3,21,1.142857
85,0,51,128,215,328,63,19,36,49,66,48,51,128,215,1.833333
86,0,1,7,64,87,0,5,19,5,45,13,1,7,64,2.368421
87,0,1,39,135,443,14,1,24,24,58,49,1,39,135,2.416667
88,0,1,10,59,435,2,3,20,9,40,9,1,10,59,2.000000
89,0,1,13,70,551,3,3,36,8,52,7,1,13,70,1.444444
90,0,57,96,164,577,31,18,37,23,59,24,57,96,164,1.594595
91,0,1,10,34,325,1,4,24,5,24,4,1,10,34,1.000000
92,0,1,7,38,547,3,5,26,5,28,3,1,7,38,1.076923
93,0,1,16,56,473,6,1,28,3,34,10,1,16,56,1.214286
94,0,1,34,78,194,11,10,18,29,32,16,1,34,78,1.777778
95,0,1,2,27,543,0,1,25,1,25,0,1,2,27,1.000000
96,0,4,137,201,591,28,4,40,27,58,22,4,137,201,1.450000
97,0,1,19,76,202,11,3,18,13,48,14,1,19,76,2.666667
98,0,1,4,31,288,3,3,22,2,24,4,1,4,31,1.090909
99,0,1,5,35,268,2,4,26,4,28,2,1,5,35,1.076923
100,0,1,2,48,491,1,3,39,1,43,3,1,2,48,1.102564
101,0,1,3,24,184,2,1,17,1,21,1,1,3,24,1.235294
102,0,1,9,56,539,2,7,26,6,38,9,1,9,56,1.461538
103,0,1,278,327,208,23,5,30,49,42,15,1,278,327,1.400000
104,0,23,123,208,353,16,1,37,34,57,37,23,123,208,1.540541
105,0,1,4,21,197,1,13,13,3,17,0,1,4,21,1.307692
106,0,1,6,64,475,2,1,36,4,44,15,1,6,64,1.222222
107,0,1,23,99,379,11,10,23,20,53,25,1,23,99,2.304348
108,0,10,13,83,588,1,3,50,2,68,3,10,13,83,1.360000
109,0,1,2,26,336,1,4,17,1,23,1,1,2,26,1.352941
110,0,610,957,-1,312,10,12,42,33,36,10,610,957,-1,0.857143
111,0,1,17,115,509,14,15,30,11,72,30,1,17,115,2.400000
112,0,1,18,108,515,0,2,30,5,64,27,1,18,108,2.133333
113,0,3,20,84,583,1,2,36,7,52,14,3,20,84,1.444444
114,0,1,37,60,58,14,3,11,25,21,13,1,37,60,1.909091
115,0,1,7,49,538,1,6,19,6,35,7,1,7,49,1.842105
116,0,1,63,94,303,22,11,21,44,27,22,1,63,94,1.285714
117,0,243,440,496,399,39,12,47,52,53,10,243,440,496,1.127660
118,0,173,232,303,295,47,16,58,36,68,24,173,232,303,1.172414
119,0,52,191,281,540,98,15,52,82,84,49,52,191,281,1.615385
120,0,1,15,109,449,2,2,29,12,61,35,1,15,109,2.103448
121,0,1,12,29,134,3,4,16,7,16,5,1,12,29,1.000000
122,0,1,12,52,216,3,1,19,10,31,10,1,12,52,1.631579
123,0,263,685,756,78,83,13,53,128,67,23,263,685,756,1.264151
124,0,1,3,30,81,0,2,14,2,22,5,1,3,30,1.571429
125,0,1,11,27,138,0,9,11,9,13,4,1,11,27,1.181818
126,0,1,3,44,365,2,4,28,2,38,3,1,3,44,1.357143
127,0,72,161,217,568,73,6,44,60,52,33,72,161,217,1.181818
128,0,1,15,58,568,3,4,22,9,38,10,1,15,58,1.727273
129,0,1,6,32,413,2,3,18,4,26,1,1,6,32,1.444444
130,0,40,65,160,526,15,4,51,17,83,19,40,65,160,1.627451
131,0,100,101,183,581,0,1,48,1,68,14,100,101,183,1.416667
132,0,3,79,174,506,33,5,45,42,93,14,3,79,174,2.066667
133,0,1,14,108,386,6,11,34,11,72,24,1,14,108,2.117647
134,0,1,7,40,242,2,7,27,6,27,6,1,7,40,1.000000
135,0,1,12,48,512,10,1,25,8,33,6,1,12,48,1.320000
136,0,34,43,107,148,0,7,43,8,57,7,34,43,107,1.325581
137,0,1,16,115,333,3,9,23,13,85,16,1,16,115,3.695652
138,0,1,10,50,300,6,17,26,9,32,8,1,10,50,1.230769
139,0,139,183,260,388,31,11,54,34,74,10,139,183,260,1.370370
140,0,226,386,474,72,100,20,44,83,62,83,226,386,474,1.409091
141,0,1,45,66,135,16,2,10,30,20,15,1,45,66,2.000000
142,0,1,9,51,22,2,1,10,7,22,21,1,9,51,2.200000
143,0,43,99,145,564,41,10,32,37,42,22,43,99,145,1.312500
144,0,44,99,184,275,39,17,55,41,75,24,44,99,184,1.363636
145,0,4,8,65,586,1,4,31,1,51,9,4,8,65,1.645161
146,0,6,548,613,572,207,12,47,147,57,115,6,548,613,1.212766
147,0,1,4,22,13,0,3,17,3,17,1,1,4,22,1.000000
148,0,1,11,100,549,6,1,27,9,65,25,1,11,100,2.407407
149,0,37,82,168,567,12,11,31,12,57,33,37,82,168,1.838710
150,0,1,22,68,376,8,3,25,21,31,15,1,22,68,1.240000
151,0,179,382,445,300,30,16,45,42,61,9,179,382,445,1.355556
152,0,1,2,48,244,1,15,22,1,34,12,1,2,48,1.545455
153,0,1,17,119,430,9,6,24,14,86,18,1,17,119,3.583333
154,0,19,19,91,516,0,0,43,0,67,5,19,19,91,1.558140
155,0,1,5,16,1,0,4,8,4,10,1,1,5,16,1.250000
156,0,195,243,292,479,16,22,43,14,47,11,195,243,292,1.093023
157,0,1,7,66,587,1,5,35,4,57,3,1,7,66,1.628571
158,0,62,226,297,579,81,11,53,76,71,37,62,226,297,1.339623
159,0,59,110,183,585,42,15,38,24,66,32,59,110,183,1.736842
160,0,1,13,104,597,3,1,39,10,55,38,1,13,104,1.410256
161,0,1,33,61,181,17,3,17,22,25,13,1,33,61,1.470588
162,0,1,11,39,231,7,4,21,6,25,7,1,11,39,1.190476
163,0,1,6,49,593,1,2,25,4,37,7,1,6,49,1.480000
164,0,2,13,96,575,5,3,44,8,76,10,2,13,96,1.727273
165,0,73,73,155,587,0,0,48,0,70,12,73,73,155,1.458333
166,0,6,9,80,566,1,9,45,3,61,10,6,9,80,1.355556
167,0,3,15,65,499,7,12,34,12,44,6,3,15,65,1.294118
168,0,1,1,12,199,0,0,9,0,11,0,1,1,12,1.222222
169,0,1,9,85,477,3,6,37,5,57,22,1,9,85,1.540541
170,0,1,3,32,237,2,2,19,2,25,4,1,3,32,1.315789
171,0,7,19,88,499,3,8,46,11,66,4,7,19,88,1.434783
172,0,1,93,193,550,37,11,28,34,84,33,1,93,193,3.000000
173,0,1,2,54,521,1,10,27,1,37,15,1,2,54,1.370370
174,0,1,10,57,429,3,5,37,7,41,8,1,10,57,1.108108
175,0,1,6,25,40,3,13,14,5,16,3,1,6,25,1.142857
176,0,1,8,90,589,2,7,33,5,67,15,1,8,90,2.030303
177,0,4,4,49,309,0,0,39,0,41,4,4,4,49,1.051282
178,0,1,23,119,252,10,10,23,12,79,20,1,23,119,3.434783
179,0,610,863,964,585,8,9,41,17,81,22,610,863,964,1.975610
180,0,1,25,52,26,2,1,12,24,22,5,1,25,52,1.833333
181,0,1,6,25,161,1,10,12,5,14,5,1,6,25,1.166667
182,0,1,6,23,334,1,12,17,4,17,1,1,6,23,1.000000
183,0,1,101,146,562,49,1,31,45,43,22,1,101,146,1.387097
184,0,1,7,34,284,1,4,17,5,21,7,1,7,34,1.235294
185,0,1,1,36,464,0,0,23,0,31,4,1,1,36,1.347826
186,0,1,11,83,357,2,6,22,7,60,15,1,11,83,2.727273
187,0,304,320,396,342,11,14,39,15,65,11,304,320,396,1.666667
188,0,170,171,254,558,0,1,55,1,81,2,170,171,254,1.472727
189,0,308,436,491,79,7,13,43,23,49,9,308,436,491,1.139535
190,0,1,13,84,34,9,2,22,8,48,27,1,13,84,2.181818
191,0,-1,-1,-1,-1,0,-1,53,0,0,0,-1,-1,-1,0.000000
192,0,1,14,55,6,2,13,9,10,33,11,1,14,55,3.666667
193,0,1,5,44,574,1,7,23,4,31,8,1,5,44,1.347826
194,0,1,10,107,248,8,6,27,5,71,30,1,10,107,2.629630
195,0,1,5,19,10,0,4,7,4,13,1,1,5,19,1.857143
196,0,1,29,44,168,6,5,13,22,15,6,1,29,44,1.153846
197,0,1,19,91,351,9,1,17,16,61,13,1,19,91,3.588235
198,0,1,33,127,578,9,7,33,15,85,18,1,33,127,2.575758
199,0,1,1,19,102,0,0,14,0,16,2,1,1,19,1.142857
200,0,1,1,53,570,0,0,32,0,44,8,1,1,53,1.375000
201,0,4,70,155,361,16,5,30,30,74,17,4,70,155,2.466667
202,0,641,911,965,515,42,15,45,84,49,13,641,911,965,1.088889
203,0,1,32,86,250,17,4,21,28,31,26,1,32,86,1.476190
204,0,1,53,115,461,19,9,28,23,52,14,1,53,115,1.857143
205,0,1,5,44,514,1,8,29,4,35,4,1,5,44,1.206897
206,0,1,3,21,51,0,2,14,2,16,2,1,3,21,1.142857
207,0,1,25,118,139,4,12,18,18,56,41,1,25,118,3.111111
208,0,1,10,81,316,4,10,29,6,45,27,1,10,81,1.551724
209,0,53,67,129,368,9,15,44,10,58,8,53,67,129,1.318182
210,0,489,589,683,279,11,6,34,26,86,15,489,589,683,2.529412
211,0,26,28,94,510,0,2,33,2,53,13,26,28,94,1.606061
212,0,1,2,21,182,0,1,17,1,19,0,1,2,21,1.117647
213,0,1,2,33,162,0,1,16,1,26,5,1,2,33,1.625000
214,0,1,10,61,318,0,4,30,8,46,6,1,10,61,1.533333
215,0,1,77,145,53,41,4,17,53,51,40,1,77,145,3.000000
216,0,1,13,77,390,9,15,27,11,63,2,1,13,77,2.333333
217,0,1,11,62,359,5,14,23,8,25,28,1,11,62,1.086957
218,0,1,11,82,106,3,3,26,10,48,23,1,11,82,1.846154
219,0,102,209,289,448,74,13,50,73,76,24,102,209,289,1.520000
220,0,294,752,833,352,112,7,44,94,64,79,294,752,833,1.454545
221,0,1,13,32,11,0,12,13,12,17,2,1,13,32,1.307692
222,0,1,13,113,368,1,1,27,5,75,32,1,13,113,2.777778
223,0,1,11,40,44,4,5,17,9,23,7,1,11,40,1.352941
224,0,45,95,165,573,31,10,33,35,61,24,45,95,165,1.848485
225,0,1,8,26,49,0,6,7,6,15,4,1,8,26,2.142857
226,0,1,10,85,498,0,8,34,7,64,11,1,10,85,1.882353
227,0,1,1,22,343,0,0,21,0,21,0,1,1,22,1.000000
228,0,1,2,28,222,0,1,21,1,25,1,1,2,28,1.190476
229,0,1,6,29,119,2,5,23,5,23,0,1,6,29,1.000000
230,0,126,313,371,486,101,17,46,94,52,47,126,313,371,1.130435
231,0,66,90,172,498,8,1,36,18,66,18,66,90,172,1.833333
232,0,1,1,26,76,0,0,12,0,24,1,1,1,26,2.000000
233,0,227,436,524,213,16,8,42,46,68,21,227,436,524,1.619048
234,0,1,9,89,414,4,4,31,8,47,33,1,9,89,1.516129
235,0,1,18,62,571,5,5,31,16,35,10,1,18,62,1.129032
236,0,4,20,127,566,9,11,38,13,82,27,4,20,127,2.157895
237,0,1,11,38,46,3,4,11,9,21,7,1,11,38,1.909091
238,0,1,1,29,238,0,0,19,0,21,7,1,1,29,1.105263
239,0,1,60,127,428,27,2,25,36,55,24,1,60,127,2.200000
240,0,-1,-1,-1,-1,0,-1,47,0,0,0,-1,-1,-1,0.000000
241,0,1,3,22,89,0,2,15,2,15,4,1,3,22,1.000000
242,0,9,10,55,450,1,2,29,1,37,8,9,10,55,1.275862
243,0,1,4,55,488,3,6,32,3,42,9,1,4,55,1.312500
244,0,1,10,36,385,3,8,15,9,21,5,1,10,36,1.400000
245,0,102,240,317,422,93,14,58,80,74,37,102,240,317,1.275862
246,0,1,3,37,532,2,15,25,2,33,1,1,3,37,1.320000
247,0,3,10,67,586,2,4,28,5,44,15,3,10,67,1.571429
248,0,1,8,74,495,1,10,33,4,61,7,1,8,74,1.848485
249,0,1,19,55,56,13,8,21,12,35,7,1,19,55,1.666667
250,0,1,4,68,338,1,13,36,2,54,11,1,4,68,1.500000
251,0,2,6,76,592,0,3,47,0,65,6,2,6,76,1.382979
252,0,1,9,46,358,6,6,26,8,34,3,1,9,46,1.307692
253,0,1,22,134,272,9,2,22,16,88,29,1,22,134,4.000000
254,0,1,7,68,273,1,6,29,6,45,16,1,7,68,1.551724
255,0,1,14,45,20,0,13,11,13,27,4,1,14,45,2.454545
256,0,179,185,247,533,2,9,41,4,59,4,179,185,247,1.439024
257,0,1,13,28,21,5,2,11,8,13,6,1,13,28,1.181818
258,0,1,28,65,7,7,3,16,19,28,17,1,28,65,1.750000
259,0,799,-1,-1,460,0,19,50,1,0,0,799,-1,-1,0.000000
260,0,62,84,148,367,10,7,38,8,58,11,62,84,148,1.526316
261,0,1,17,34,229,7,11,16,13,16,4,1,17,34,1.000000
262,0,38,56,115,461,17,15,47,7,59,11,38,56,115,1.255319
263,0,1,7,34,152,1,4,23,3,23,7,1,7,34,1.000000
264,0,374,823,890,234,38,15,45,61,63,16,374,823,890,1.400000
265,0,1,9,49,137,0,7,19,7,25,16,1,9,49,1.315789
266,0,1,16,99,576,6,5,49,9,73,12,1,16,99,1.489796
267,0,1,16,55,329,6,6,18,11,32,11,1,16,55,1.777778
268,0,239,598,676,65,100,15,48,92,68,60,239,598,676,1.416667
269,0,1,7,66,535,2,3,27,5,43,17,1,7,66,1.592593
270,0,1,13,35,114,2,12,18,11,20,3,1,13,35,1.111111
271,0,688,-1,-1,177,18,14,53,36,0,12,688,-1,-1,0.000000
272,0,1,1,42,259,0,0,27,0,37,4,1,1,42,1.370370
273,0,1,6,47,217,5,15,25,5,35,6,1,6,47,1.400000
274,0,5,23,108,575,0,2,46,1,70,16,5,23,108,1.521739
275,0,1,25,48,35,3,9,10,17,16,14,1,25,48,1.600000
276,0,3,8,56,574,4,4,35,5,45,3,3,8,56,1.285714
277,0,1,2,32,24,0,1,10,1,20,10,1,2,32,2.000000
278,0,1,1,47,388,0,0,26,0,36,10,1,1,47,1.384615
279,0,29,202,270,343,111,7,55,102,67,46,29,202,270,1.218182
280,0,1,3,37,460,2,14,28,1,32,3,1,3,37,1.142857
281,0,1,18,91,389,10,5,31,9,49,32,1,18,91,1.580645
282,0,61,127,202,579,27,12,52,20,70,18,61,127,202,1.346154
283,0,77,82,144,141,3,17,45,3,55,9,77,82,144,1.222222
284,0,101,156,241,401,18,9,57,23,83,8,101,156,241,1.456140
285,0,17,22,110,431,0,3,40,1,78,10,17,22,110,1.950000
286,0,4,8,57,547,0,3,31,0,45,5,4,8,57,1.451613
287,0,3,66,109,596,25,10,37,25,39,17,3,66,109,1.054054
288,0,1,16,103,542,6,8,26,12,74,15,1,16,103,2.846154
289,0,1,3,32,384,2,1,29,1,29,1,1,3,32,1.000000
290,0,21,23,90,340,0,2,42,2,54,13,21,23,90,1.285714
291,0,1,18,74,486,8,4,27,14,41,18,1,18,74,1.518519
292,0,1,4,51,247,1,4,24,2,38,10,1,4,51,1.583333
293,0,1,33,135,179,12,4,17,26,81,27,1,33,135,4.764706
294,0,153,191,265,211,25,13,48,32,66,10,153,191,265,1.375000
295,0,1,69,157,564,25,2,29,29,51,47,1,69,157,1.758621
296,0,1,5,76,462,1,6,41,4,63,8,1,5,76,1.536585
297,0,1,2,27,158,0,1,21,1,23,2,1,2,27,1.095238
298,0,1,21,83,463,12,7,28,19,50,13,1,21,83,1.785714
299,0,1,83,117,228,52,8,18,62,26,28,1,83,117,1.444444
300,0,1,3,11,15,0,2,6,2,8,0,1,3,11,1.333333
301,0,1,16,78,524,5,6,44,12,56,9,1,16,78,1.272727
302,0,25,37,90,308,7,6,27,9,37,19,25,37,90,1.370370
303,0,1,4,51,459,3,9,23,3,35,12,1,4,51,1.521739
304,0,5,22,81,572,7,13,42,10,52,10,5,22,81,1.238095
305,0,1,6,36,254,3,10,18,5,26,4,1,6,36,1.444444
306,0,1,5,63,456,0,2,32,4,42,16,1,5,63,1.312500
307,0,17,18,83,468,0,1,41,1,51,14,17,18,83,1.243902
308,0,1,5,62,566,1,14,35,4,49,8,1,5,62,1.400000
309,0,3,51,109,444,29,14,38,33,48,17,3,51,109,1.263158
310,0,644,773,860,175,14,17,55,13,73,25,644,773,860,1.327273
311,0,55,106,184,507,3,12,49,13,71,11,55,106,184,1.448980
312,0,1,17,79,353,14,5,27,16,47,15,1,17,79,1.740741
313,0,2,13,62,599,9,3,37,9,43,8,2,13,62,1.162162
314,0,1,8,34,124,3,12,13,7,19,7,1,8,34,1.461538
315,0,26,106,197,343,50,10,48,39,82,44,26,106,197,1.708333
316,0,1,5,14,2,0,1,9,3,9,1,1,5,14,1.000000
317,0,45,51,115,564,5,11,33,6,63,1,45,51,115,1.909091
318,0,1,14,95,312,1,3,30,10,60,24,1,14,95,2.000000
319,0,201,512,577,391,30,11,44,50,60,8,201,512,577,1.363636
320,0,159,270,352,523,27,18,49,21,65,34,159,270,352,1.326531
321,0,1,3,34,96,1,3,19,1,31,1,1,3,34,1.631579
322,0,1,6,53,211,2,4,29,4,39,9,1,6,53,1.344828
323,0,1,15,70,340,4,3,19,12,37,20,1,15,70,1.947368
324,0,1,4,45,472,2,2,30,2,34,8,1,4,45,1.133333
325,0,1,2,20,145,0,1,13,1,17,1,1,2,20,1.307692
326,0,1,4,26,38,2,3,14,3,22,0,1,4,26,1.571429
327,0,1,50,119,354,15,5,20,19,44,38,1,50,119,2.200000
328,0,477,728,812,116,21,15,44,28,76,16,477,728,812,1.727273
329,0,1,9,23,43,1,6,11,4,13,5,1,9,23,1.181818
330,0,1,8,65,588,3,9,47,6,55,2,1,8,65,1.170213
331,0,1,58,155,302,12,8,27,40,75,32,1,58,155,2.777778
332,0,5,14,101,514,0,4,30,3,62,25,5,14,101,2.066667
333,0,1,3,47,442,2,14,31,2,41,3,1,3,47,1.322581
334,0,13,408,471,516,33,6,42,38,54,18,13,408,471,1.285714
335,0,1,12,87,552,2,2,27,3,55,21,1,12,87,2.037037
336,0,1,10,102,223,5,2,18,6,62,33,1,10,102,3.444444
337,0,1,2,39,276,0,1,23,1,25,12,1,2,39,1.086957
338,0,651,-1,-1,237,13,20,60,15,0,11,651,-1,-1,0.000000
339,0,251,-1,-1,174,45,18,52,71,0,18,251,-1,-1,0.000000
340,0,1,101,183,505,51,5,47,55,71,45,1,101,183,1.510638
341,0,1,7,82,324,4,7,27,6,57,18,1,7,82,2.111111
342,0,1,7,44,513,1,6,26,5,34,4,1,7,44,1.307692
343,0,1,13,37,309,4,3,12,11,22,3,1,13,37,1.833333
344,0,505,-1,-1,50,44,16,51,68,0,15,505,-1,-1,0.000000
345,0,304,396,443,103,26,13,41,45,43,4,304,396,443,1.048780
346,0,1,138,222,553,69,1,32,62,80,36,1,138,222,2.500000
347,0,15,58,152,548,21,2,44,25,72,31,15,58,152,1.636364
348,0,1,23,73,160,13,6,19,18,37,17,1,23,73,1.947368
349,0,1,21,120,556,11,6,32,19,74,26,1,21,120,2.312500
350,0,1,9,33,525,1,1,14,5,22,5,1,9,33,1.571429
351,0,1,30,100,277,11,8,33,22,49,28,1,30,100,1.484848
352,0,1,14,54,523,11,3,18,10,32,11,1,14,54,1.777778
353,0,73,662,761,167,192,12,48,162,90,114,73,662,761,1.875000
354,0,1,22,141,598,4,11,35,8,77,44,1,22,141,2.200000
355,0,15,15,83,554,0,0,45,0,63,5,15,15,83,1.400000
356,0,1,25,57,255,15,8,21,17,27,12,1,25,57,1.285714
357,0,3,15,104,594,5,4,38,5,66,28,3,15,104,1.736842
358,0,1,23,84,375,10,6,25,17,43,23,1,23,84,1.720000
359,0,1,11,52,219,7,3,17,10,27,14,1,11,52,1.588235
360,0,1,2,30,289,1,4,25,0,27,2,1,2,30,1.080000
361,0,1,136,194,458,71,16,33,62,55,33,1,136,194,1.666667
362,0,1,40,133,415,28,11,32,33,64,35,1,40,133,2.000000
363,0,4,5,63,314,1,4,40,0,50,9,4,5,63,1.250000
364,0,1,8,23,37,0,1,11,3,13,6,1,8,23,1.181818
365,0,1,5,51,144,1,7,19,4,39,7,1,5,51,2.052632
366,0,1,116,201,518,59,3,29,54,83,31,1,116,201,2.862069
367,0,48,69,142,573,9,11,39,16,65,13,48,69,142,1.666667
368,0,1,16,107,467,5,10,28,12,66,28,1,16,107,2.357143
369,0,594,-1,-1,380,16,17,57,22,0,10,594,-1,-1,0.000000
370,0,9,13,88,354,1,5,43,4,59,16,9,13,88,1.372093
371,0,1,16,46,118,5,4,7,12,17,16,1,16,46,2.428571
372,0,1,39,122,128,9,5,14,34,58,29,1,39,122,4.142857
373,0,1,26,113,154,12,5,15,22,67,23,1,26,113,4.466667
374,0,1,9,84,200,4,3,19,6,59,18,1,9,84,3.105263
375,0,9,17,106,554,2,5,44,6,80,11,9,17,106,1.818182
376,0,1,1,55,577,0,0,36,0,52,2,1,1,55,1.444444
377,0,1,8,41,180,5,2,19,6,31,3,1,8,41,1.631579
378,0,51,57,147,540,5,15,47,2,85,9,51,57,147,1.808511
379,0,1,7,36,245,6,1,23,4,27,4,1,7,36,1.173913
380,0,1,1,41,410,0,0,32,0,38,2,1,1,41,1.187500
381,0,1,6,32,510,2,1,17,4,21,6,1,6,32,1.235294
382,0,371,790,877,592,14,11,41,33,63,30,371,790,877,1.536585
383,0,1,4,27,157,1,6,16,3,20,3,1,4,27,1.250000
384,0,513,-1,-1,546,5,10,53,10,0,9,513,-1,-1,0.000000
385,0,1,60,83,67,25,12,12,50,18,14,1,60,83,1.500000
386,0,271,319,410,512,6,15,41,9,71,21,271,319,410,1.731707
387,0,1,5,62,313,1,6,18,4,46,11,1,5,62,2.555556
388,0,1,4,23,492,2,1,16,2,18,2,1,4,23,1.125000
389,0,161,266,327,106,53,22,41,50,55,32,161,266,327,1.341463
390,0,197,276,324,333,13,16,40,34,44,6,197,276,324,1.100000
391,0,1,18,95,431,4,7,19,9,59,26,1,18,95,3.105263
392,0,1,3,41,367,1,13,28,2,36,2,1,3,41,1.285714
393,0,1,10,65,440,7,16,21,5,41,18,1,10,65,1.952381
394,0,41,67,164,326,6,11,36,12,78,27,41,67,164,2.166667
395,0,1,15,48,287,8,8,18,13,24,10,1,15,48,1.333333
396,0,6,110,190,599,57,1,40,39,76,34,6,110,190,1.900000
397,0,1,13,46,92,6,2,14,10,26,9,1,13,46,1.857143
398,0,1,4,54,9,2,4,15,2,27,24,1,4,54,1.800000
399,0,1,14,66,126,2,5,18,9,36,20,1,14,66,2.000000
400,0,1,35,52,54,10,3,11,25,11,15,1,35,52,1.000000
401,0,1,5,87,230,3,4,31,3,77,6,1,5,87,2.483871
402,0,1,5,42,436,3,2,21,3,31,7,1,5,42,1.476190
403,0,1,5,47,330,3,6,30,3,38,5,1,5,47,1.266667
404,0,123,439,516,10,92,14,37,120,55,44,123,439,516,1.486486
405,0,1,2,21,42,0,1,12,1,14,5,1,2,21,1.166667
406,0,1,8,28,291,4,5,19,7,19,1,1,8,28,1.000000
407,0,1,12,61,25,4,4,27,10,39,11,1,12,61,1.444444
408,0,2,84,170,557,22,3,30,23,60,35,2,84,170,2.000000
409,0,1,1,22,176,0,0,17,0,19,2,1,1,22,1.117647
410,0,1,1,16,33,0,0,15,0,15,0,1,1,16,1.000000
411,0,39,290,342,464,175,11,42,135,48,84,39,290,342,1.142857
412,0,1,13,102,559,4,4,25,9,61,29,1,13,102,2.440000
413,0,1,5,29,151,1,11,20,4,24,0,1,5,29,1.200000
414,0,1,63,159,599,35,4,37,28,67,43,1,63,159,1.810811
415,0,1,10,33,109,0,1,14,5,18,9,1,10,33,1.285714
416,0,1,7,29,166,4,5,20,3,20,5,1,7,29,1.000000
417,0,1,17,54,185,1,5,18,8,32,13,1,17,54,1.777778
418,0,1,71,147,418,25,4,35,47,63,33,1,71,147,1.800000
419,0,1,38,156,537,8,12,29,12,91,29,1,38,156,3.137931
420,0,4,5,60,484,0,1,41,1,45,10,4,5,60,1.097561
421,0,1,8,35,301,2,1,19,6,25,3,1,8,35,1.315789
422,0,1,2,45,290,1,4,32,1,38,5,1,2,45,1.187500
423,0,51,102,166,585,41,11,36,29,54,32,51,102,166,1.500000
424,0,1,72,158,444,48,16,31,46,67,40,1,72,158,2.161290
425,0,1,7,67,391,3,1,21,5,41,20,1,7,67,1.952381
426,0,36,37,97,439,1,10,48,0,60,1,36,37,97,1.250000
427,0,5,17,75,591,2,4,39,9,49,11,5,17,75,1.256410
428,0,1,30,88,501,17,15,25,20,49,15,1,30,88,1.960000
429,0,3,56,94,547,23,3,27,26,33,14,3,56,94,1.222222
430,0,122,265,342,553,61,12,40,72,60,40,122,265,342,1.500000
431,0,1,20,130,434,10,6,33,10,73,44,1,20,130,2.212121
432,0,1,10,35,57,2,2,19,7,21,6,1,10,35,1.105263
433,0,1,1,34,328,0,0,29,0,31,2,1,1,34,1.068966
434,0,1,10,36,75,0,8,19,8,23,4,1,10,36,1.210526
435,0,1,14,60,425,10,15,30,12,38,9,1,14,60,1.266667
436,0,1,2,23,86,0,1,13,1,21,0,1,2,23,1.615385
437,0,1,6,35,71,2,11,16,4,24,6,1,6,35,1.500000
438,0,1,17,62,258,10,13,23,13,29,19,1,17,62,1.260870
439,0,1,13,102,310,1,10,17,12,69,20,1,13,102,4.058824
440,0,1,317,405,502,12,5,32,28,70,21,1,317,405,2.187500
441,0,1,6,16,17,0,3,9,3,9,3,1,6,16,1.000000
442,0,1,13,103,84,3,4,17,8,75,19,1,13,103,4.411765
443,0,36,70,162,561,26,21,40,23,82,20,36,70,162,2.050000
444,0,37,132,200,461,51,15,46,51,62,31,37,132,200,1.347826
445,0,34,71,145,561,28,19,39,29,61,21,34,71,145,1.564103
446,0,1,6,23,70,0,4,13,4,15,3,1,6,23,1.153846
447,0,398,685,771,489,47,13,50,76,68,31,398,685,771,1.360000
448,0,1,4,29,120,0,3,21,3,23,2,1,4,29,1.095238
449,0,1,2,31,153,0,1,20,1,28,1,1,2,31,1.400000
450,0,210,522,601,97,22,15,46,44,64,20,210,522,601,1.391304
451,0,1,15,68,315,3,4,27,14,41,12,1,15,68,1.518519
452,0,1,28,50,397,14,1,19,16,21,9,1,28,50,1.105263
453,0,1,5,22,227,0,2,17,4,17,0,1,5,22,1.000000
454,0,167,224,283,533,21,15,37,27,49,18,167,224,283,1.324324
455,0,74,94,160,547,7,15,39,16,55,15,74,94,160,1.410256
456,0,1,3,42,540,2,2,25,2,37,2,1,3,42,1.480000
457,0,1,5,14,60,0,4,9,4,9,0,1,5,14,1.000000
458,0,1,22,77,294,9,4,21,11,37,28,1,22,77,1.761905
459,0,1,6,46,594,5,6,23,4,33,8,1,6,46,1.434783
460,0,1,22,109,374,9,7,41,20,71,17,1,22,109,1.731707
461,0,268,330,421,197,28,12,37,31,77,17,268,330,421,2.081081
462,0,1,5,27,94,2,3,13,4,17,5,1,5,27,1.307692
463,0,1,5,41,419,2,8,31,4,33,3,1,5,41,1.064516
464,0,1,15,113,326,11,9,28,9,74,29,1,15,113,2.642857
465,0,1,9,59,256,2,6,25,8,35,15,1,9,59,1.400000
466,0,80,123,202,171,37,11,50,29,70,23,80,123,202,1.400000
467,0,1,26,111,585,4,3,26,4,64,22,1,26,111,2.461538
468,0,1,9,57,482,3,2,32,8,42,6,1,9,57,1.312500
469,0,1,6,34,167,1,5,24,5,26,2,1,6,34,1.083333
470,0,1,2,43,352,1,3,25,1,39,2,1,2,43,1.560000
471,0,1,8,33,59,0,4,18,4,22,6,1,8,33,1.222222
472,0,1,105,136,18,47,4,20,84,24,27,1,105,136,1.200000
473,0,17,615,716,493,19,4,33,39,77,37,17,615,716,2.333333
474,0,1,7,28,41,0,4,10,6,18,3,1,7,28,1.800000
475,0,1,1,32,226,0,0,24,0,28,3,1,1,32,1.166667
476,0,1,16,44,88,1,4,17,15,23,5,1,16,44,1.352941
477,0,5,8,80,599,3,2,40,3,60,12,5,8,80,1.500000
478,0,342,975,-1,232,126,21,48,95,21,85,342,975,-1,0.437500
479,0,208,446,534,38,83,14,42,99,60,43,208,446,534,1.428571
480,0,1,60,157,582,19,3,36,16,84,22,1,60,157,2.333333
481,0,1,3,29,398,0,2,18,2,20,6,1,3,29,1.111111
482,0,1,1,45,441,0,0,30,0,36,8,1,1,45,1.200000
483,0,1,43,113,485,15,7,44,29,64,9,1,43,113,1.454545
484,0,27,61,146,308,14,6,29,17,65,35,27,61,146,2.241379
485,0,1,9,33,95,0,7,14,7,20,5,1,9,33,1.428571
486,0,1,31,89,399,18,1,31,23,45,19,1,31,89,1.451613
487,0,28,53,140,308,8,5,32,9,60,31,28,53,140,1.875000
488,0,8,999,-1,572,341,10,56,304,1,162,8,999,-1,0.017857
489,0,1,12,34,235,4,8,16,11,18,4,1,12,34,1.125000
490,0,1,24,110,383,15,10,39,19,73,17,1,24,110,1.871795
491,0,1,4,30,370,1,1,20,2,24,3,1,4,30,1.200000
492,0,1,14,50,394,1,1,23,12,27,10,1,14,50,1.173913
493,0,1,9,67,159,2,1,18,8,40,18,1,9,67,2.222222
494,0,1,11,52,341,1,3,20,6,26,19,1,11,52,1.300000
495,0,1,2,43,191,1,8,26,1,30,11,1,2,43,1.153846
496,0,1,5,61,451,1,11,29,4,49,7,1,5,61,1.689655
497,0,1,36,101,80,9,3,17,28,47,25,1,36,101,2.764706
498,0,1,10,45,404,6,3,22,6,24,14,1,10,45,1.090909
499,0,38,104,180,512,47,16,43,38,69,32,38,104,180,1.604651
500,0,1,1,16,64,0,0,12,0,14,1,1,1,16,1.166667
501,0,6,556,657,264,332,5,49,270,99,163,6,556,657,2.020408
502,0,1,14,73,548,4,14,42,6,54,10,1,14,73,1.285714
503,0,5,13,85,515,3,1,48,3,66,9,5,13,85,1.375000
504,0,1,10,87,503,3,4,26,7,48,31,1,10,87,1.846154
505,0,1,4,38,545,0,3,28,3,30,4,1,4,38,1.071429
506,0,1,8,65,206,1,3,31,4,49,9,1,8,65,1.580645
507,0,1,27,56,61,12,14,13,20,19,16,1,27,56,1.461538
508,0,62,115,194,585,42,16,47,31,67,31,62,115,194,1.425532
509,0,1,11,52,189,0,9,24,9,34,8,1,11,52,1.416667
510,0,37,69,154,439,5,10,49,15,75,14,37,69,154,1.530612
511,0,4,38,121,526,18,2,49,23,67,22,4,38,121,1.367347
512,0,1,26,75,264,13,4,32,21,44,9,1,26,75,1.375000
513,0,208,488,552,30,105,20,45,110,53,33,208,488,552,1.177778
514,0,1,2,21,306,1,4,18,0,18,2,1,2,21,1.000000
515,0,48,74,178,490,9,3,35,16,77,32,48,74,178,2.200000
516,0,243,451,516,75,37,16,48,52,60,17,243,451,516,1.250000
517,0,1,14,65,411,1,4,24,8,44,12,1,14,65,1.833333
518,0,198,312,382,29,49,17,51,33,57,44,198,312,382,1.117647
519,0,1,45,135,400,30,6,20,38,68,28,1,45,135,3.400000
520,0,1,7,75,395,5,3,31,4,61,9,1,7,75,1.967742
521,0,4,300,366,598,204,9,38,166,60,108,4,300,366,1.578947
522,0,1,25,117,420,4,3,31,13,63,31,1,25,117,2.032258
523,0,1,15,105,447,10,5,34,10,68,26,1,15,105,2.000000
524,0,307,-1,-1,33,15,12,62,33,0,9,307,-1,-1,0.000000
525,0,1,11,82,253,0,9,25,8,45,27,1,11,82,1.800000
526,0,1,10,34,356,4,3,15,9,21,3,1,10,34,1.400000
527,0,1,4,22,5,2,6,10,3,16,2,1,4,22,1.600000
528,0,1,8,59,504,5,2,23,7,39,12,1,8,59,1.695652
529,0,1,2,19,28,1,4,11,1,15,2,1,2,19,1.363636
530,0,1,6,52,175,3,4,26,4,44,3,1,6,52,1.692308
531,0,158,222,300,115,27,16,37,35,59,22,158,222,300,1.594595
532,0,1,6,36,366,1,4,23,4,27,4,1,6,36,1.173913
533,0,1,1,16,3,0,0,11,0,15,0,1,1,16,1.363636
534,0,135,762,862,466,116,13,37,135,77,56,135,762,862,2.081081
535,0,1,14,100,555,2,18,29,1,77,11,1,14,100,2.655172
536,0,1,17,41,332,1,5,18,8,20,12,1,17,41,1.111111
537,0,1,58,108,546,17,5,39,24,47,10,1,58,108,1.205128
538,0,1,5,79,265,4,5,31,4,65,9,1,5,79,2.096774
539,0,1,4,47,493,2,7,24,3,28,15,1,4,47,1.166667
540,0,1,12,44,236,1,4,18,10,26,7,1,12,44,1.444444
541,0,1,16,107,349,1,3,32,8,76,22,1,16,107,2.375000
542,0,1,1,31,466,0,0,24,0,30,0,1,1,31,1.250000
543,0,1,132,195,270,65,12,18,97,52,45,1,132,195,2.888889
544,0,1,122,172,522,51,6,34,37,48,40,1,122,172,1.411765
545,0,1,1,46,595,0,0,37,0,41,4,1,1,46,1.108108
546,0,1,15,64,224,1,5,20,10,42,11,1,15,64,2.100000
547,0,84,189,267,524,21,7,45,33,63,21,84,189,267,1.400000
548,0,59,59,122,595,0,0,42,0,56,7,59,59,122,1.333333
549,0,1,21,101,554,8,13,42,11,74,13,1,21,101,1.761905
550,0,1,1,9,83,0,0,8,0,8,0,1,1,9,1.000000
551,0,375,414,493,550,10,10,41,18,67,14,375,414,493,1.634146
552,0,28,36,113,343,4,8,52,6,76,1,28,36,113,1.461538
553,0,-1,-1,-1,-1,0,-1,54,0,0,0,-1,-1,-1,0.000000
554,0,27,94,152,102,31,17,27,54,41,30,27,94,152,1.518519
555,0,1,2,37,331,1,6,22,1,28,7,1,2,37,1.272727
556,0,1,422,455,450,8,7,26,19,28,6,1,422,455,1.076923
557,0,1,10,97,261,3,2,19,8,55,33,1,10,97,2.894737
558,0,1,32,73,596,21,12,29,27,31,14,1,32,73,1.068966
559,0,1,22,39,116,0,1,14,13,16,9,1,22,39,1.142857
560,0,-1,-1,-1,-1,0,-1,51,0,0,0,-1,-1,-1,0.000000
561,0,306,326,400,344,11,9,38,13,52,26,306,326,400,1.368421
562,0,1,6,70,437,5,11,26,5,42,22,1,6,70,1.615385
563,0,24,150,230,304,73,11,38,64,56,60,24,150,230,1.473684
564,0,1,16,29,12,1,2,8,11,12,5,1,16,29,1.500000
565,0,1,15,40,140,10,5,16,10,20,9,1,15,40,1.250000
566,0,1,25,99,573,1,6,34,16,58,16,1,25,99,1.705882
567,0,1,6,19,65,1,13,12,5,12,1,1,6,19,1.000000
568,0,1,11,39,85,2,10,19,9,25,4,1,11,39,1.315789
569,0,1,4,69,110,3,13,36,3,54,11,1,4,69,1.500000
570,0,-1,-1,-1,-1,0,-1,52,0,0,0,-1,-1,-1,0.000000
571,0,1,20,52,339,6,4,18,17,24,10,1,20,52,1.333333
572,0,1,14,50,209,3,2,20,13,34,2,1,14,50,1.700000
573,0,1,18,84,499,11,13,29,12,63,8,1,18,84,2.172414
574,0,62,80,151,577,10,18,47,12,67,5,62,80,151,1.425532
575,0,1,12,80,241,1,7,15,10,49,20,1,12,80,3.266667
576,0,71,245,317,237,122,12,45,113,63,45,71,245,317,1.400000
577,0,1,17,71,507,11,1,20,13,44,13,1,17,71,2.200000
578,0,1,1,27,298,0,0,18,0,22,4,1,1,27,1.222222
579,0,1,27,116,31,5,5,23,19,63,33,1,27,116,2.739130
580,0,1,23,109,141,6,10,21,16,51,41,1,23,109,2.428571
581,0,26,201,287,299,52,12,46,45,80,31,26,201,287,1.739130
582,0,1,74,129,476,32,13,28,33,46,21,1,74,129,1.642857
583,0,1,12,87,483,6,4,41,8,65,13,1,12,87,1.585366
584,0,1,4,40,487,2,3,31,3,35,1,1,4,40,1.129032
585,0,1,12,51,91,4,13,12,9,28,13,1,12,51,2.333333
586,0,1,12,70,392,5,5,24,9,42,18,1,12,70,1.750000
587,0,1,23,55,479,11,5,24,18,30,6,1,23,55,1.250000
588,0,64,299,370,507,53,9,42,51,60,36,64,299,370,1.428571
589,0,1,6,47,188,3,10,23,5,37,4,1,6,47,1.608696
590,0,1,4,20,52,0,3,9,3,13,3,1,4,20,1.444444
591,0,1,2,16,66,0,1,11,1,13,1,1,2,16,1.181818
592,0,1,19,65,183,11,14,17,13,39,12,1,19,65,2.294118
593,0,1,26,66,266,5,1,19,19,29,17,1,26,66,1.526316
594,0,1,10,76,98,3,6,11,8,47,20,1,10,76,4.272727
595,0,76,162,252,547,20,15,40,29,78,34,76,162,252,1.950000
596,0,1,8,36,295,1,2,23,5,25,5,1,8,36,1.086957
597,0,1,15,55,249,2,4,25,8,31,15,1,15,55,1.240000
598,0,1,23,123,470,7,3,28,10,56,56,1,23,123,2.000000
599,0,339,388,439,116,20,12,47,21,49,5,339,388,439,1.042553
600,0,57,174,225,573,84,12,37,63,43,55,57,174,225,1.162162
601,0,303,333,407,344,16,10,37,23,57,23,303,333,407,1.540541
602,0,1,42,118,97,6,6,10,24,32,61,1,42,118,3.200000
603,0,1,6,92,305,4,5,29,5,75,11,1,6,92,2.586207
604,0,1,4,33,150,1,12,17,3,21,8,1,4,33,1.235294
605,0,276,442,531,70,20,10,43,24,71,22,276,442,531,1.651163
606,0,1,28,106,496,8,5,28,5,64,20,1,28,106,2.285714
607,0,1,3,25,121,0,2,14,2,18,4,1,3,25,1.285714
608,0,1,17,102,516,12,11,32,12,70,19,1,17,102,2.187500
609,0,71,117,174,395,9,17,46,11,52,11,71,117,174,1.130435
610,0,1,20,66,335,10,10,22,13,38,14,1,20,66,1.727273
611,0,1,11,27,103,3,10,14,8,16,2,1,11,27,1.142857
612,0,234,486,558,92,65,23,45,56,65,47,234,486,558,1.444444
613,0,1,5,24,218,3,5,15,4,17,2,1,5,24,1.133333
614,0,1,10,61,454,4,12,27,9,45,6,1,10,61,1.666667
615,0,122,174,229,317,12,10,36,8,52,11,122,174,229,1.444444
616,0,1,69,165,148,22,1,16,55,58,51,1,69,165,3.625000
617,0,1,11,43,282,3,6,29,5,31,6,1,11,43,1.068966
618,0,1,14,61,387,4,4,28,10,38,12,1,14,61,1.357143
619,0,73,122,204,242,3,7,46,3,70,16,73,122,204,1.521739
620,0,1,13,34,112,5,5,9,9,17,7,1,13,34,1.888889
621,0,274,323,377,197,12,9,35,19,47,9,274,323,377,1.342857
622,0,1,29,118,171,14,13,16,26,66,25,1,29,118,4.125000
623,0,1,25,89,531,12,5,40,17,50,21,1,25,89,1.250000
624,0,1,2,33,215,0,1,21,1,29,2,1,2,33,1.380952
625,0,1,15,35,104,4,15,15,7,15,12,1,15,35,1.000000
626,0,1,3,31,129,1,1,14,1,24,5,1,3,31,1.714286
627,0,578,798,890,287,78,11,40,105,84,23,578,798,890,2.100000
628,0,1,7,45,348,4,6,29,4,35,5,1,7,45,1.206897
629,0,1,17,111,78,3,10,17,14,77,19,1,17,111,4.529412
630,0,1,4,35,439,0,1,26,3,28,3,1,4,35,1.076923
631,0,1,15,118,405,4,3,31,12,67,38,1,15,118,2.161290
632,0,1,16,108,170,6,6,25,13,63,31,1,16,108,2.520000
633,0,1,8,91,319,5,3,34,7,68,15,1,8,91,2.000000
634,0,1,2,14,36,0,1,10,1,12,0,1,2,14,1.200000
635,0,1,3,66,558,2,5,31,2,51,12,1,3,66,1.645161
636,0,1,1,44,569,0,0,39,0,41,2,1,1,44,1.051282
637,0,4,289,353,161,10,10,37,18,51,21,4,289,353,1.378378
638,0,1,7,36,172,1,3,17,6,19,10,1,7,36,1.117647
639,0,45,46,138,147,0,1,46,1,84,8,45,46,138,1.826087
640,0,1,3,40,583,0,4,31,1,35,2,1,3,40,1.129032
641,0,1,10,20,82,0,9,10,9,10,0,1,10,20,1.000000
642,0,199,298,367,569,29,7,57,26,67,12,199,298,367,1.175439
643,0,1,3,11,8,0,2,7,2,7,1,1,3,11,1.000000
644,0,11,24,128,493,1,4,32,3,72,39,11,24,128,2.250000
645,0,1,6,30,275,4,1,21,3,23,3,1,6,30,1.095238
646,0,-1,-1,-1,-1,0,-1,58,0,0,0,-1,-1,-1,0.000000
647,0,369,-1,-1,516,91,8,51,78,0,54,369,-1,-1,0.000000
648,0,1,4,15,29,0,3,11,3,11,0,1,4,15,1.000000
649,0,361,617,693,452,82,5,51,84,67,40,361,617,693,1.313725
650,0,1,18,71,457,0,4,32,8,48,7,1,18,71,1.500000
651,0,1,97,179,581,45,10,27,60,49,55,1,97,179,1.814815
652,0,1,13,49,346,3,3,25,6,29,13,1,13,49,1.160000
653,0,1,16,105,186,2,2,21,13,71,20,1,16,105,3.380952
654,0,1,8,59,165,4,2,15,5,43,10,1,8,59,2.866667
655,0,1,16,53,220,3,4,20,12,30,10,1,16,53,1.500000
656,0,55,176,239,523,31,10,50,43,60,20,55,176,239,1.200000
657,0,442,868,932,423,49,9,50,104,62,7,442,868,932,1.240000
658,0,200,374,456,55,55,9,61,50,79,31,200,374,456,1.295082
659,0,1,7,55,506,6,7,29,5,45,4,1,7,55,1.551724
660,0,119,356,431,588,54,3,49,42,67,33,119,356,431,1.367347
661,0,1,20,77,192,1,11,36,2,48,10,1,20,77,1.333333
662,0,22,103,172,221,32,12,36,32,58,44,22,103,172,1.611111
663,0,1,4,24,122,0,3,14,3,16,4,1,4,24,1.142857
664,0,1,12,73,63,0,10,18,10,40,22,1,12,73,2.222222
665,0,1,2,33,380,0,1,29,1,31,0,1,2,33,1.068966
666,0,23,30,101,182,1,10,45,5,67,5,23,30,101,1.488889
667,0,1,15,106,544,6,6,35,10,65,30,1,15,106,1.857143
668,0,1,4,26,101,2,6,16,3,20,2,1,4,26,1.250000
669,0,1,4,44,381,3,4,25,2,37,4,1,4,44,1.480000
670,0,1,4,41,146,3,3,22,3,26,11,1,4,41,1.181818
671,0,425,425,483,574,0,0,50,0,54,4,425,425,483,1.080000
672,0,70,155,222,585,69,7,42,54,60,37,70,155,222,1.428571
673,0,1,10,56,468,3,5,24,5,38,11,1,10,56,1.583333
674,0,38,101,177,413,42,2,40,43,68,26,38,101,177,1.700000
675,0,1,11,37,190,2,4,16,10,22,4,1,11,37,1.375000
676,0,1,14,79,285,7,15,24,11,52,15,1,14,79,2.166667
677,0,826,-1,-1,584,0,10,55,1,0,0,826,-1,-1,0.000000
678,0,1,2,26,55,0,1,15,1,19,5,1,2,26,1.266667
679,0,1,3,97,526,2,1,47,0,89,7,1,3,97,1.893617
680,0,1,65,145,438,30,4,24,31,76,23,1,65,145,3.166667
681,0,2,31,134,16,2,15,35,7,81,22,2,31,134,2.314286
682,0,114,122,229,562,5,13,58,5,94,14,114,122,229,1.620690
683,0,1,21,104,187,10,5,17,13,49,41,1,21,104,2.882353
684,0,54,72,143,304,18,16,47,13,67,9,54,72,143,1.425532
685,0,1,8,63,297,4,7,28,6,46,10,1,8,63,1.642857
686,0,25,56,100,376,14,8,27,14,39,19,25,56,100,1.444444
687,0,1,1,31,561,0,0,28,0,30,0,1,1,31,1.071429
688,0,1,5,56,240,1,5,34,3,46,5,1,5,56,1.352941
689,0,1,15,52,156,2,13,25,12,31,8,1,15,52,1.240000
690,0,1,20,37,23,12,3,9,17,15,4,1,20,37,1.666667
691,0,65,100,155,333,12,16,41,14,53,8,65,100,155,1.292683
692,0,3,21,81,533,1,8,45,3,57,5,3,21,81,1.266667
693,0,1,62,86,417,21,4,21,41,21,23,1,62,86,1.000000
694,0,122,239,293,576,43,12,40,46,44,26,122,239,293,1.100000
695,0,1,51,112,478,21,3,24,28,42,35,1,51,112,1.750000
696,0,1,9,67,489,8,5,24,6,44,16,1,9,67,1.833333
697,0,128,245,326,47,42,16,46,36,66,40,128,245,326,1.434783
698,0,54,418,499,247,309,17,48,248,76,121,54,418,499,1.583333
699,0,1,7,62,563,4,1,40,5,50,6,1,7,62,1.250000
700,0,1,8,26,123,4,4,14,6,16,3,1,8,26,1.142857
701,0,1,9,60,274,3,7,20,7,40,12,1,9,60,2.000000
702,0,13,72,133,199,30,6,30,46,50,23,13,72,133,1.666667
703,0,17,54,142,450,2,2,30,22,72,17,17,54,142,2.400000
704,0,27,68,117,104,28,10,34,21,42,25,27,68,117,1.235294
705,0,1,404,438,452,4,4,25,20,33,2,1,404,438,1.320000
706,0,1,11,36,541,1,7,19,9,23,3,1,11,36,1.210526
707,0,1,14,79,445,5,10,22,12,44,22,1,14,79,2.000000
708,0,1,2,23,511,1,2,13,1,21,0,1,2,23,1.615385
709,0,40,68,146,556,3,8,39,4,63,16,40,68,146,1.615385
710,0,1,8,36,292,1,1,23,7,23,5,1,8,36,1.000000
711,0,1,19,53,480,12,4,21,13,31,8,1,19,53,1.476190
712,0,1,10,71,263,3,14,26,8,40,22,1,10,71,1.538462
713,0,1,67,85,132,12,2,16,49,16,8,1,67,85,1.000000
714,0,1,9,38,117,2,2,21,6,23,8,1,9,38,1.095238
715,0,4,17,111,407,8,12,52,9,86,10,4,17,111,1.653846
716,0,1,8,21,4,0,6,11,6,13,1,1,8,21,1.181818
717,0,1,6,32,355,4,1,18,4,20,7,1,6,32,1.111111
718,0,1,116,174,572,56,15,29,63,45,30,1,116,174,1.551724
719,0,1,9,73,113,4,9,29,5,51,16,1,9,73,1.758621
720,0,1,42,81,296,17,1,15,30,25,25,1,42,81,1.666667
721,0,26,76,173,304,10,11,38,18,70,31,26,76,173,1.842105
722,0,1,1,22,32,0,0,11,0,13,8,1,1,22,1.181818
723,0,9,47,124,591,1,3,46,4,72,6,9,47,124,1.565217
724,0,1,12,94,136,8,6,22,8,50,35,1,12,94,2.272727
725,0,1,10,71,530,5,8,47,7,57,6,1,10,71,1.212766
726,0,1,4,22,62,1,5,17,3,17,1,1,4,22,1.000000
727,0,1,5,40,39,2,12,13,4,31,4,1,5,40,2.384615
728,0,3,112,175,585,39,1,37,33,57,33,3,112,175,1.540541
729,0,1,91,142,527,27,9,34,22,44,21,1,91,142,1.294118
730,0,107,120,210,594,4,21,49,7,85,5,107,120,210,1.734694
731,0,1,15,55,314,6,3,22,13,30,11,1,15,55,1.363636
732,0,31,75,146,351,30,15,42,27,54,29,31,75,146,1.285714
733,0,8,9,60,381,1,5,39,0,43,9,8,9,60,1.102564
734,0,27,49,90,299,10,11,28,18,36,9,27,49,90,1.285714
735,0,1,9,88,164,6,2,16,5,46,36,1,9,88,2.875000
736,0,1,3,74,243,2,4,43,2,67,4,1,3,74,1.558140
737,0,196,216,284,143,0,12,32,4,56,12,196,216,284,1.750000
738,0,1,24,138,484,4,3,25,18,75,42,1,24,138,3.000000
739,0,1,7,55,557,5,3,28,4,44,6,1,7,55,1.571429
740,0,1,1,35,131,0,0,23,0,27,7,1,1,35,1.173913
741,0,43,194,269,147,112,3,44,116,68,40,43,194,269,1.545455
742,0,1,10,41,269,3,12,17,8,19,13,1,10,41,1.117647
743,0,1,10,36,214,6,12,20,3,22,10,1,10,36,1.100000
744,0,16,48,151,199,18,6,35,19,79,36,16,48,151,2.257143
745,0,1,3,42,345,1,4,23,2,29,10,1,3,42,1.260870
746,0,1,7,38,143,0,3,16,3,28,6,1,7,38,1.750000
747,0,1,6,54,407,5,15,37,5,45,3,1,6,54,1.216216
748,0,6,7,86,594,0,1,39,1,73,6,6,7,86,1.871795
749,0,65,66,161,58,1,13,41,1,69,26,65,66,161,1.682927
750,0,139,345,409,125,21,11,51,19,57,17,139,345,409,1.117647
751,0,33,51,136,413,13,6,38,11,68,24,33,51,136,1.789474
752,0,3,45,111,575,6,4,45,16,59,10,3,45,111,1.311111
753,0,1,3,41,481,1,3,28,1,36,3,1,3,41,1.285714
754,0,-1,-1,-1,-1,0,-1,63,0,0,0,-1,-1,-1,0.000000
755,0,1,29,122,426,4,8,36,17,80,19,1,29,122,2.222222
756,0,1,197,258,560,84,2,46,75,58,42,1,197,258,1.260870
757,0,1,3,29,142,0,2,21,2,25,1,1,3,29,1.190476
758,0,1,23,70,278,13,17,19,18,39,12,1,23,70,2.052632
759,0,1,10,51,251,2,8,24,7,32,11,1,10,51,1.333333
760,0,-1,-1,-1,-1,0,-1,48,0,0,0,-1,-1,-1,0.000000
761,0,1,92,184,173,50,7,33,52,65,60,1,92,184,1.969697
762,0,1,23,117,169,9,2,16,19,74,23,1,23,117,4.625000
763,0,159,246,313,558,65,10,48,64,54,31,159,246,313,1.125000
764,0,4,64,132,592,14,5,37,27,63,15,4,64,132,1.702703
765,0,1,35,130,536,15,5,41,27,79,20,1,35,130,1.926829
766,0,1,15,61,279,5,3,22,14,36,10,1,15,61,1.636364
767,0,899,-1,-1,94,1,7,42,9,0,0,899,-1,-1,0.000000
768,0,1,6,42,528,0,2,25,4,29,8,1,6,42,1.160000
769,0,1,71,126,267,46,3,24,41,50,21,1,71,126,2.083333
770,0,2,11,81,576,1,4,51,5,63,8,2,11,81,1.235294
771,0,1,13,57,371,8,5,21,10,31,15,1,13,57,1.476190
772,0,1,5,44,500,0,2,25,2,33,8,1,5,44,1.320000
773,0,61,153,224,332,8,14,44,9,54,24,61,153,224,1.227273
774,0,-1,-1,-1,-1,0,-1,54,0,0,0,-1,-1,-1,0.000000
775,0,9,94,171,596,33,4,44,25,60,33,9,94,171,1.363636
776,0,1,18,75,517,10,2,26,12,50,12,1,18,75,1.923077
777,0,68,103,199,564,25,3,37,29,83,19,68,103,199,2.243243
778,0,1,13,52,77,2,12,11,12,23,16,1,13,52,2.090909
779,0,1,3,42,69,1,5,28,2,30,9,1,3,42,1.071429
780,0,1,96,149,201,27,2,30,53,42,34,1,96,149,1.400000
781,0,1,49,103,446,12,4,36,17,46,17,1,49,103,1.277778
782,0,1,1,27,364,0,0,21,0,25,1,1,1,27,1.190476
783,0,1,18,32,108,0,4,11,10,11,10,1,18,32,1.000000
784,0,1,12,55,362,1,4,23,7,33,14,1,12,55,1.434783
785,0,1,22,75,133,17,4,21,19,43,12,1,22,75,2.047619
786,0,1,11,52,257,2,3,28,3,34,14,1,11,52,1.214286
787,0,3,146,218,386,39,9,43,45,67,25,3,146,218,1.558140
788,0,747,956,-1,57,79,13,47,90,39,20,747,956,-1,0.829787
789,0,30,100,171,448,43,14,32,37,50,53,30,100,171,1.562500
790,0,1,8,70,347,3,5,21,7,43,19,1,8,70,2.047619
791,0,1,32,103,361,15,4,22,26,56,20,1,32,103,2.545455
792,0,4,44,125,579,6,1,25,22,55,31,4,44,125,2.200000
793,0,1,21,127,584,0,4,36,16,76,34,1,21,127,2.111111
794,0,77,112,198,544,27,5,41,21,75,25,77,112,198,1.829268
795,0,329,558,609,445,43,8,45,56,47,21,329,558,609,1.044444
796,0,1,3,32,317,1,6,21,2,27,2,1,3,32,1.285714
797,0,1,23,103,321,17,15,30,22,72,8,1,23,103,2.400000
798,0,1,24,71,281,14,16,23,20,43,7,1,24,71,1.869565
799,0,7,75,151,599,25,1,40,21,58,28,7,75,151,1.450000
800,0,1,68,164,322,35,12,25,34,75,33,1,68,164,3.000000
801,0,1,24,134,72,6,10,14,20,70,43,1,24,134,5.000000
802,0,1,5,39,307,2,6,23,4,25,9,1,5,39,1.086957
803,0,706,-1,-1,270,16,14,59,22,0,5,706,-1,-1,0.000000
804,0,1,2,39,474,0,1,24,1,30,7,1,2,39,1.250000
805,0,65,78,177,241,9,1,41,9,71,32,65,78,177,1.731707
806,0,1,3,20,99,0,2,15,2,17,0,1,3,20,1.133333
807,0,137,368,440,592,52,14,49,50,59,30,137,368,440,1.204082
808,0,1,22,113,271,9,7,25,15,67,30,1,22,113,2.680000
809,0,1,16,54,427,4,11,29,13,33,6,1,16,54,1.137931
810,0,1,20,112,174,8,1,16,16,76,19,1,20,112,4.750000
811,0,777,-1,-1,205,96,11,47,104,0,31,777,-1,-1,0.000000
812,0,1,4,28,177,0,3,21,3,23,1,1,4,28,1.095238
813,0,1,1,19,100,0,0,13,0,17,1,1,1,19,1.307692
814,0,1,52,148,534,15,4,33,30,63,35,1,52,148,1.909091
815,0,28,35,139,299,1,10,30,5,74,32,28,35,139,2.466667
816,0,25,198,274,122,46,11,32,48,64,38,25,198,274,2.000000
817,0,1,19,108,239,12,1,26,9,58,40,1,19,108,2.230769
818,0,1,3,53,453,2,3,27,2,41,9,1,3,53,1.518519
819,0,1,14,84,195,4,4,18,13,54,16,1,14,84,3.000000
820,0,188,331,411,232,34,12,43,54,67,13,188,331,411,1.558140
821,0,1,12,97,205,7,5,36,10,62,24,1,12,97,1.722222
822,0,11,14,93,588,0,3,53,3,79,0,11,14,93,1.490566
823,0,1,11,29,193,8,3,18,5,18,5,1,11,29,1.000000
824,0,1,20,74,433,3,3,26,14,42,12,1,20,74,1.615385
825,0,1,1,23,304,0,0,15,0,21,1,1,1,23,1.400000
826,0,-1,-1,-1,-1,0,-1,43,0,0,0,-1,-1,-1,0.000000
827,0,3,9,106,599,4,2,37,5,77,21,3,9,106,2.081081
828,0,1,20,55,90,2,7,24,14,30,10,1,20,55,1.250000
829,0,1,11,40,127,2,13,16,10,28,1,1,11,40,1.750000
830,0,1,7,39,327,4,15,16,6,20,12,1,7,39,1.250000
831,0,3,33,103,509,16,15,44,18,64,11,3,33,103,1.454545
832,0,22,26,126,308,1,6,25,3,65,36,22,26,126,2.600000
833,0,1,3,62,19,0,11,34,1,50,9,1,3,62,1.470588
834,0,1,3,16,14,0,2,10,2,12,1,1,3,16,1.200000
835,0,1,7,32,178,4,1,17,2,21,8,1,7,32,1.235294
836,0,1,17,69,212,3,3,15,14,37,17,1,17,69,2.466667
837,0,1,5,36,337,2,5,18,4,28,3,1,5,36,1.555556
838,0,5,109,183,557,38,2,30,24,56,39,5,109,183,1.866667
839,0,1,4,35,567,0,3,29,3,31,0,1,4,35,1.068966
840,0,1,9,43,210,5,1,21,7,31,4,1,9,43,1.476190
841,0,1,12,31,45,1,9,8,11,16,3,1,12,31,2.000000
842,0,1,48,111,373,19,16,33,21,57,19,1,48,111,1.727273
843,0,1,9,36,262,3,11,21,7,25,3,1,9,36,1.190476
844,0,1,2,42,455,0,1,30,1,38,2,1,2,42,1.266667
845,0,1,11,26,203,1,3,13,5,13,7,1,11,26,1.000000
846,0,1,6,29,233,1,6,17,4,17,7,1,6,29,1.000000
847,0,1,15,94,369,9,5,21,13,61,19,1,15,94,2.904762
848,0,1,13,33,30,0,11,15,11,17,4,1,13,33,1.133333
849,0,1,10,82,575,6,2,38,5,58,18,1,10,82,1.526316
850,0,1,7,43,260,2,6,30,4,34,4,1,7,43,1.133333
851,0,345,569,658,3,16,18,50,24,64,29,345,569,658,1.280000
852,0,35,187,251,235,23,7,43,30,59,26,35,187,251,1.372093
853,0,1,16,41,93,2,5,11,14,19,7,1,16,41,1.727273
854,0,1,33,118,382,6,3,25,20,59,31,1,33,118,2.360000
855,0,1,1,39,283,0,0,25,0,31,7,1,1,39,1.240000
856,0,1,38,103,432,17,4,31,24,63,10,1,38,103,2.032258
857,0,1,4,28,448,0,3,24,3,24,0,1,4,28,1.000000
858,0,1,7,76,280,1,3,29,5,53,17,1,7,76,1.827586
859,0,1,1,16,130,0,0,13,0,13,2,1,1,16,1.000000
860,0,1,5,30,163,2,6,22,4,24,1,1,5,30,1.090909
861,0,3,151,207,591,50,3,39,44,45,37,3,151,207,1.153846
862,0,1,30,72,204,8,7,14,18,26,27,1,30,72,1.857143
863,0,1,4,34,198,2,1,16,3,26,4,1,4,34,1.625000
864,0,188,333,431,254,29,2,43,43,83,19,188,333,431,1.930233
865,0,32,115,199,293,23,16,50,34,78,14,32,115,199,1.560000
866,0,9,19,94,539,1,1,29,3,71,4,9,19,94,2.448276
867,0,1,9,54,350,5,1,24,6,34,12,1,9,54,1.416667
868,0,-1,-1,-1,-1,0,-1,61,0,0,0,-1,-1,-1,0.000000
869,0,1,2,23,311,1,6,21,1,21,0,1,2,23,1.000000
870,0,1,6,68,323,3,5,34,5,50,12,1,6,68,1.470588
871,0,1,4,46,591,2,3,34,1,36,8,1,4,46,1.058824
872,0,1,5,38,207,1,5,20,4,30,3,1,5,38,1.500000
873,0,1,14,45,412,7,5,20,10,26,8,1,14,45,1.300000
874,0,1,12,65,409,7,6,19,4,41,19,1,12,65,2.157895
875,0,1,18,67,48,1,4,11,14,39,13,1,18,67,3.545455
876,0,84,190,246,282,27,13,45,32,53,8,84,190,246,1.177778
877,0,1,28,132,401,14,13,19,21,77,32,1,28,132,4.052632
878,0,1,21,33,47,1,5,9,18,9,5,1,21,33,1.000000
879,0,1,4,49,408,2,13,25,2,35,11,1,4,49,1.400000
880,0,1,33,81,422,12,4,42,17,46,10,1,33,81,1.095238
881,0,52,107,184,470,31,19,47,35,65,24,52,107,184,1.382979
882,0,2,239,295,532,145,15,34,110,48,80,2,239,295,1.411765
883,0,59,130,195,573,44,10,37,36,49,42,59,130,195,1.324324
884,0,1,7,25,293,1,5,14,6,14,4,1,7,25,1.000000
885,0,1,6,24,299,1,6,14,5,16,2,1,6,24,1.142857
886,0,27,45,143,293,7,11,27,16,63,37,27,45,143,2.333333
887,0,3,20,94,5,6,6,26,16,56,19,3,20,94,2.153846
888,0,1,16,86,378,0,6,17,12,45,28,1,16,86,2.647059
889,0,1,60,92,377,36,7,23,35,27,21,1,60,92,1.173913
890,0,349,411,471,390,9,13,42,21,52,9,349,411,471,1.238095
891,0,553,583,653,108,10,12,54,13,64,9,553,583,653,1.185185
892,0,7,12,66,586,0,4,31,4,51,4,7,12,66,1.645161
893,0,408,415,492,55,2,9,43,4,69,9,408,415,492,1.604651
894,0,1,24,61,360,9,8,23,15,29,16,1,24,61,1.260870
895,0,55,99,169,0,36,6,49,30,67,17,55,99,169,1.367347
896,0,1,8,40,372,1,3,20,6,26,7,1,8,40,1.300000
897,0,61,224,286,230,37,10,44,40,50,33,61,224,286,1.136364
898,0,1,24,46,286,13,6,19,17,21,7,1,24,46,1.105263
899,0,1,17,33,74,7,3,12,14,14,4,1,17,33,1.166667
900,9,233,338,400,339,9,12,44,16,50,13,224,329,391,1.136364
901,11,12,14,81,442,1,3,25,2,53,14,1,3,70,2.120000
902,11,19,221,283,326,9,5,30,17,52,10,8,210,272,1.733333
903,12,29,37,126,41,0,5,42,7,74,16,17,25,114,1.761905
904,14,351,565,667,286,17,13,50,19,76,27,337,551,653,1.520000
905,14,15,107,188,390,48,4,22,62,66,44,1,93,174,3.000000
906,14,15,18,31,169,1,1,8,3,12,1,1,4,17,1.500000
907,15,812,-1,-1,517,4,8,46,9,0,0,797,-1,-1,0.000000
908,16,34,176,256,288,101,16,50,96,74,48,18,160,240,1.480000
909,16,17,17,55,440,0,0,16,0,30,8,1,1,39,1.875000
910,16,17,27,77,269,3,4,14,7,36,17,1,11,61,2.571429
911,16,17,17,43,233,0,0,11,0,21,5,1,1,27,1.909091
912,16,17,23,84,7,0,3,13,5,43,19,1,7,68,3.307692
913,16,17,19,122,525,0,2,28,2,70,33,1,3,106,2.500000
914,16,17,31,64,124,3,7,13,13,27,7,1,15,48,2.076923
915,16,17,24,52,152,0,5,13,7,21,7,1,8,36,1.615385
916,19,20,20,88,316,0,0,22,0,42,26,1,1,69,1.909091
917,19,164,174,245,558,4,7,49,5,67,4,145,155,226,1.367347
918,19,21,67,123,1,15,7,23,26,39,37,2,48,104,1.695652
919,19,307,334,417,155,10,8,35,24,61,25,288,315,398,1.742857
920,19,24,30,102,86,0,6,38,6,62,10,5,11,83,1.631579
921,20,780,952,-1,408,53,13,47,63,44,17,760,932,-1,0.936170
922,20,23,24,85,343,1,12,29,1,35,26,3,4,65,1.206897
923,20,28,83,196,400,32,3,28,36,86,41,8,63,176,3.071429
924,20,119,154,239,429,14,15,48,11,80,13,99,134,219,1.666667
925,21,22,22,105,105,0,0,19,0,55,28,1,1,84,2.894737
926,21,706,-1,-1,417,63,20,54,57,0,36,685,-1,-1,0.000000
927,21,119,199,238,64,30,14,34,34,34,20,98,178,217,1.000000
928,21,36,90,174,235,26,8,21,47,49,40,15,69,153,2.333333
929,21,700,-1,-1,420,0,7,54,2,0,0,679,-1,-1,0.000000
930,21,22,22,119,550,0,0,26,0,64,33,1,1,98,2.461538
931,21,22,26,68,185,0,4,30,4,36,6,1,5,47,1.200000
932,22,23,25,63,205,0,2,14,2,28,10,1,3,41,2.000000
933,22,24,69,128,213,14,13,24,33,38,33,2,47,106,1.583333
934,22,23,91,182,51,20,15,39,27,55,43,1,69,160,1.410256
935,22,421,514,573,185,18,2,45,36,55,5,399,492,551,1.222222
936,22,46,63,147,526,11,1,51,15,71,15,24,41,125,1.392157
937,22,23,324,377,83,1,3,38,3,50,4,1,302,355,1.315789
938,22,23,24,38,326,0,1,14,1,14,0,1,2,16,1.000000
939,22,23,114,148,165,44,4,12,65,32,28,1,92,126,2.666667
940,22,23,239,281,13,94,12,30,138,38,55,1,217,259,1.266667
941,22,181,233,280,388,6,10,27,17,41,6,159,211,258,1.518519
942,23,24,57,150,37,12,7,39,23,75,21,1,34,127,1.923077
943,23,34,72,161,415,7,6,29,16,63,32,11,49,138,2.172414
944,23,126,273,324,565,0,7,20,11,38,13,103,250,301,1.900000
945,23,26,30,119,52,0,4,18,4,62,27,3,7,96,3.444444
946,23,29,54,140,94,10,5,39,12,65,26,6,31,117,1.666667
947,23,195,206,232,181,6,8,19,10,25,2,172,183,209,1.315789
948,23,24,26,65,281,0,2,18,2,34,5,1,3,42,1.888889
949,23,80,89,171,565,8,5,47,8,73,10,57,66,148,1.553191
950,23,24,149,225,343,67,12,36,90,64,47,1,126,202,1.777778
951,23,24,34,72,25,0,8,18,8,26,14,1,11,49,1.444444
952,24,26,125,190,227,25,13,48,25,60,15,2,101,166,1.250000
953,24,133,472,528,76,144,15,48,108,56,63,109,448,504,1.166667
954,24,25,40,69,132,8,13,20,13,28,3,1,16,45,1.400000
955,24,25,42,90,277,7,4,21,13,37,15,1,18,66,1.761905
956,24,29,35,116,555,0,7,31,1,51,30,5,11,92,1.645161
957,25,26,40,80,83,0,1,24,3,38,2,1,15,55,1.583333
958,25,33,40,123,561,6,18,38,5,78,7,8,15,98,2.052632
959,25,36,103,166,179,41,1,32,34,58,27,11,78,141,1.812500
960,25,29,135,213,157,36,13,40,45,62,40,4,110,188,1.550000
961,25,27,56,156,227,13,10,32,20,76,33,2,31,131,2.375000
962,25,27,72,124,179,28,3,17,32,37,28,2,47,99,2.176471
963,26,30,41,136,74,2,14,23,9,57,40,4,15,110,2.478261
964,26,29,60,156,222,14,6,43,19,85,14,3,34,130,1.976744
965,26,27,55,74,4,5,3,16,22,16,7,1,29,48,1.000000
966,26,175,243,315,41,53,12,58,46,66,23,149,217,289,1.137931
967,26,27,45,86,383,1,3,16,9,36,9,1,19,60,2.250000
968,26,27,30,94,184,1,5,13,2,45,20,1,4,68,3.461538
969,26,27,45,120,26,4,10,24,14,56,21,1,19,94,2.333333
970,26,489,621,681,72,28,8,33,62,51,10,463,595,655,1.545455
971,27,28,79,110,443,28,5,22,24,26,31,1,52,83,1.181818
972,27,28,41,129,37,10,7,23,10,69,22,1,14,102,3.000000
973,27,40,279,328,288,172,15,42,124,48,71,13,252,301,1.142857
974,27,30,62,101,543,12,13,11,23,29,19,3,35,74,2.636364
975,27,320,405,447,37,15,3,41,33,41,3,293,378,420,1.000000
976,27,28,87,179,376,33,9,25,35,73,43,1,60,152,2.920000
977,27,432,481,558,176,6,6,60,20,74,3,405,454,531,1.233333
978,27,33,195,259,559,127,11,38,112,48,66,6,168,232,1.263158
979,28,29,30,90,4,0,1,11,1,39,21,1,2,62,3.545455
980,28,29,46,160,138,4,6,42,17,96,18,1,18,132,2.285714
981,28,30,65,74,532,6,4,7,22,9,9,2,37,46,1.285714
982,28,339,341,393,527,2,9,46,2,48,4,311,313,365,1.043478
983,28,29,111,188,172,35,6,51,26,71,30,1,83,160,1.392157
984,28,203,477,545,264,3,4,30,30,50,20,175,449,517,1.666667
985,29,164,219,299,578,6,14,42,6,60,25,135,190,270,1.428571
986,29,34,57,153,555,12,5,25,16,87,16,5,28,124,3.480000
987,29,30,99,173,398,45,11,27,41,73,29,1,70,144,2.703704
988,29,30,157,212,308,86,3,30,78,48,49,1,128,183,1.600000
989,29,44,121,217,559,17,11,42,35,82,19,15,92,188,1.952381
990,29,39,57,125,559,5,13,56,8,62,12,10,28,96,1.107143
991,29,490,577,644,516,6,6,34,12,58,10,461,548,615,1.705882
992,29,30,39,123,70,1,14,21,8,61,24,1,10,94,2.904762
993,29,63,197,237,486,20,5,26,35,36,5,34,168,208,1.384615
994,29,44,206,282,593,115,8,32,113,72,53,15,177,253,2.250000
995,29,30,37,48,184,0,4,8,6,8,4,1,8,19,1.000000
996,30,196,212,238,511,8,9,21,14,25,3,166,182,208,1.190476
997,30,31,95,172,132,35,15,19,45,49,47,1,65,142,2.578947
998,30,31,64,140,288,14,13,45,25,71,13,1,34,110,1.577778
999,30,31,32,50,149,0,1,17,1,17,1,1,2,20,1.000000
1000,30,31,39,139,51,6,12,29,4,57,47,1,9,109,1.965517
1001,30,33,81,165,532,24,4,26,28,72,25,3,51,135,2.769231
1002,30,133,205,284,64,42,11,47,41,61,41,103,175,254,1.297872
1003,31,32,42,116,29,5,12,15,8,47,29,1,11,85,3.133333
1004,31,133,160,243,543,21,19,46,19,66,25,102,129,212,1.434783
1005,31,32,33,145,49,0,1,24,1,60,52,1,2,114,2.500000
1006,31,32,38,75,94,2,5,11,4,31,8,1,7,44,2.818182
1007,31,32,80,167,70,13,18,40,23,80,12,1,49,136,2.000000
1008,31,32,46,96,97,7,6,38,12,40,12,1,15,65,1.052632
1009,31,32,40,104,446,6,1,30,7,60,5,1,9,73,2.000000
1010,31,32,42,72,165,6,4,17,7,25,8,1,11,41,1.470588
1011,32,307,322,414,355,9,9,35,12,69,26,275,290,382,1.971429
1012,32,98,111,200,574,2,9,41,3,71,20,66,79,168,1.731707
1013,32,502,519,588,4,10,10,47,13,63,8,470,487,556,1.340426
1014,32,36,37,133,22,1,4,32,1,82,14,4,5,101,2.562500
1015,32,33,89,128,236,22,11,20,35,32,28,1,57,96,1.600000
1016,32,33,125,211,81,31,12,30,47,62,40,1,93,179,2.066667
1017,32,33,68,150,168,21,8,46,25,74,18,1,36,118,1.608696
1018,32,35,77,142,443,33,3,32,30,42,34,3,45,110,1.312500
1019,32,33,52,161,70,9,19,29,15,67,46,1,20,129,2.310345
1020,32,281,304,378,70,1,5,24,5,56,20,249,272,346,2.333333
1021,32,349,382,477,391,5,11,41,7,77,18,317,350,445,1.878049
1022,32,52,62,159,585,5,12,36,5,88,12,20,30,127,2.444444
1023,33,34,41,80,121,0,5,25,7,31,8,1,8,47,1.240000
1024,33,34,144,172,398,62,9,11,76,17,45,1,111,139,1.545455
1025,33,34,69,160,153,23,13,22,25,74,27,1,36,127,3.363636
1026,33,34,46,97,80,9,2,19,9,41,13,1,13,64,2.157895
1027,33,77,168,232,565,75,8,41,61,57,37,44,135,199,1.390244
1028,33,34,37,134,115,0,3,42,3,88,9,1,4,101,2.095238
1029,33,407,413,482,471,6,7,42,6,58,11,374,380,449,1.380952
1030,33,34,77,114,51,31,13,23,25,35,20,1,44,81,1.521739
1031,33,617,-1,-1,585,9,4,51,19,0,1,584,-1,-1,0.000000
1032,33,37,65,107,26,18,13,30,12,40,14,4,32,74,1.333333
1033,33,34,37,54,94,1,4,13,3,15,2,1,4,21,1.153846
1034,33,35,37,95,532,0,2,25,2,41,17,2,4,62,1.640000
1035,33,53,86,183,573,18,14,22,18,72,40,20,53,150,3.272727
1036,34,101,119,204,78,11,12,54,11,76,14,67,85,170,1.407407
1037,34,35,35,80,107,0,0,9,0,37,8,1,1,46,4.111111
1038,34,57,137,223,585,63,15,37,49,71,45,23,103,189,1.918919
1039,34,35,47,137,178,4,11,19,10,57,35,1,13,103,3.000000
1040,34,35,36,72,509,1,14,13,1,29,7,1,2,38,2.230769
1041,34,35,66,120,95,11,5,11,21,33,31,1,32,86,3.000000
1042,34,39,45,135,326,3,11,33,6,69,21,5,11,101,2.090909
1043,34,35,44,97,555,6,5,37,6,45,11,1,10,63,1.216216
1044,34,56,112,195,361,3,5,38,9,64,23,22,78,161,1.684211
1045,34,195,209,237,420,5,7,19,13,23,5,161,175,203,1.210526
1046,34,-1,-1,-1,-1,0,-1,58,0,0,0,-1,-1,-1,0.000000
1047,34,54,55,104,344,0,1,41,1,45,4,20,21,70,1.097561
1048,34,35,47,93,177,7,15,20,10,36,12,1,13,59,1.800000
1049,35,409,434,504,537,16,8,42,21,62,9,374,399,469,1.476190
1050,35,36,44,119,158,5,13,18,8,56,19,1,9,84,3.111111
1051,35,36,74,147,246,22,13,33,23,57,26,1,39,112,1.727273
1052,35,36,50,132,178,3,11,13,10,59,27,1,15,97,4.538462
1053,35,36,51,77,94,8,2,20,14,24,3,1,16,42,1.200000
1054,35,104,124,186,594,8,19,44,14,62,2,69,89,151,1.409091
1055,35,-1,-1,-1,-1,0,-1,50,0,0,0,-1,-1,-1,0.000000
1056,35,38,41,91,54,0,3,29,3,45,5,3,6,56,1.551724
1057,35,71,147,185,282,4,12,26,13,28,10,36,112,150,1.076923
1058,35,-1,-1,-1,-1,0,-1,56,0,0,0,-1,-1,-1,0.000000
1059,36,37,158,238,167,78,12,43,95,69,37,1,122,202,1.604651
1060,36,37,44,135,423,3,11,25,4,67,25,1,8,99,2.680000
1061,36,37,45,120,15,0,6,14,6,54,23,1,9,84,3.857143
1062,36,37,93,171,117,32,8,23,41,67,26,1,57,135,2.913043
1063,36,37,46,80,32,6,17,15,7,19,17,1,10,44,1.266667
1064,36,37,43,65,125,0,6,15,6,21,1,1,7,29,1.400000
1065,36,39,40,116,526,1,5,40,1,70,6,3,4,80,1.750000
1066,36,37,51,91,31,7,9,16,10,32,12,1,15,55,2.000000
1067,36,41,74,129,559,13,10,28,25,40,20,5,38,93,1.428571
1068,36,37,67,158,222,19,3,34,22,82,16,1,31,122,2.411765
1069,36,37,57,113,212,6,8,20,13,44,19,1,21,77,2.200000
1070,36,39,43,130,537,2,13,49,3,81,6,3,7,94,1.653061
1071,36,43,56,146,559,1,10,32,2,60,31,7,20,110,1.875000
1072,36,37,74,164,208,16,13,32,30,56,40,1,38,128,1.750000
1073,37,38,47,97,412,5,6,37,4,45,10,1,10,60,1.216216
1074,37,75,128,195,522,32,12,40,39,60,21,38,91,158,1.500000
1075,37,38,71,150,241,20,13,28,23,64,25,1,34,113,2.285714
1076,37,38,64,129,219,7,7,14,16,48,27,1,27,92,3.428571
1077,37,38,183,250,162,95,16,31,95,51,60,1,146,213,1.645161
1078,37,39,134,213,423,60,15,49,62,75,36,2,97,176,1.530612
1079,37,46,60,122,377,4,8,21,10,43,23,9,23,85,2.047619
1080,37,38,41,146,76,2,5,17,3,77,28,1,4,109,4.529412
1081,37,200,226,283,181,13,7,22,21,44,16,163,189,246,2.000000
1082,38,39,84,146,221,12,16,48,13,60,9,1,46,108,1.250000
1083,38,39,73,166,132,12,15,22,26,58,43,1,35,128,2.636364
1084,38,39,42,105,11,0,3,24,3,48,15,1,4,67,2.000000
1085,38,362,555,623,153,7,3,53,11,65,4,324,517,585,1.226415
1086,38,413,413,447,420,0,0,27,0,31,3,375,375,409,1.148148
1087,38,-1,-1,-1,-1,0,-1,52,0,0,0,-1,-1,-1,0.000000
1088,38,39,70,147,213,18,8,24,22,40,46,1,32,109,1.666667
1089,38,-1,-1,-1,-1,0,-1,53,0,0,0,-1,-1,-1,0.000000
1090,38,39,41,107,148,0,2,26,2,54,12,1,3,69,2.076923
1091,39,116,195,269,540,45,2,53,42,65,21,77,156,230,1.226415
1092,39,40,87,109,120,22,1,15,38,19,12,1,48,70,1.266667
1093,39,40,115,206,311,60,12,29,47,75,43,1,76,167,2.586207
1094,39,40,43,105,461,3,15,38,1,50,14,1,4,66,1.315789
1095,39,40,80,106,32,15,19,24,26,26,11,1,41,67,1.083333
1096,39,40,52,116,167,6,10,38,6,54,16,1,13,77,1.421053
1097,39,604,676,717,59,4,7,35,12,39,4,565,637,678,1.114286
1098,39,40,41,99,157,1,15,17,0,39,20,1,2,60,2.294118
1099,40,41,85,171,176,23,12,22,28,50,52,1,45,131,2.272727
1100,40,41,84,161,131,28,4,16,29,56,35,1,44,121,3.500000
1101,40,41,151,200,208,82,11,29,78,43,38,1,111,160,1.482759
1102,40,62,106,184,573,18,7,39,21,73,15,22,66,144,1.871795
1103,40,45,50,63,85,0,5,12,5,12,1,5,10,23,1.000000
1104,40,41,59,157,75,3,5,38,14,64,38,1,19,117,1.684211
1105,40,217,225,289,488,5,6,36,7,60,5,177,185,249,1.666667
1106,40,562,619,720,433,12,13,35,16,75,32,522,579,680,2.142857
1107,41,62,109,190,537,40,10,39,30,65,31,21,68,149,1.666667
1108,41,42,222,265,483,131,6,37,103,43,57,1,181,224,1.162162
1109,41,663,-1,-1,110,7,17,57,21,0,4,622,-1,-1,0.000000
1110,41,116,215,259,343,22,13,32,25,36,16,75,174,218,1.125000
1111,41,402,702,769,420,40,9,38,48,52,31,361,661,728,1.368421
1112,41,44,94,176,260,29,15,29,27,61,44,3,53,135,2.103448
1113,41,238,573,647,573,28,15,49,43,57,27,197,532,606,1.163265
1114,41,42,67,126,567,13,12,25,12,37,28,1,26,85,1.480000
1115,41,42,105,146,136,42,14,25,39,39,26,1,64,105,1.560000
1116,41,42,65,137,13,0,13,18,15,56,24,1,24,96,3.111111
1117,42,43,118,205,276,23,19,56,19,80,18,1,76,163,1.428571
1118,42,43,45,146,85,1,5,23,2,65,36,1,3,104,2.826087
1119,42,44,71,157,114,5,1,36,5,58,30,2,29,115,1.611111
1120,42,67,92,186,565,14,12,37,19,91,9,25,50,144,2.459459
1121,42,47,56,106,355,9,13,35,7,45,7,5,14,64,1.285714
1122,42,121,219,283,565,10,10,24,26,52,23,79,177,241,2.166667
1123,42,198,207,232,264,4,9,17,8,23,2,156,165,190,1.352941
1124,42,43,46,75,240,1,10,17,2,25,5,1,4,33,1.470588
1125,43,44,94,171,561,30,18,21,38,61,28,1,51,128,2.904762
1126,43,44,50,94,44,0,6,24,6,36,8,1,7,51,1.500000
1127,43,121,122,182,576,1,13,34,1,46,14,78,79,139,1.352941
1128,43,44,106,199,545,5,1,28,12,72,36,1,63,156,2.571429
1129,43,44,148,175,143,43,15,21,56,23,52,1,105,132,1.095238
1130,43,44,115,150,412,24,6,9,51,27,28,1,72,107,3.000000
1131,44,140,390,460,456,33,23,56,32,66,18,96,346,416,1.178571
1132,44,45,61,144,221,8,12,28,7,62,30,1,17,100,2.214286
1133,44,59,76,103,56,2,15,15,8,19,9,15,32,59,1.266667
1134,44,196,236,304,151,21,12,28,32,46,24,152,192,260,1.642857
1135,44,45,65,115,482,11,7,26,12,38,20,1,21,71,1.461538
1136,44,45,81,125,526,13,2,17,24,31,25,1,37,81,1.823529
1137,44,48,105,169,593,18,12,13,32,49,38,4,61,125,3.769231
1138,44,112,174,256,344,19,17,55,23,81,6,68,130,212,1.472727
1139,44,45,50,129,448,2,12,13,3,47,34,1,6,85,3.615385
1140,44,51,99,167,537,33,12,44,28,56,26,7,55,123,1.272727
1141,45,84,102,148,484,0,6,26,16,40,7,39,57,103,1.538462
1142,45,46,53,89,38,0,6,9,6,25,12,1,8,44,2.777778
1143,45,116,195,240,78,19,12,30,24,44,4,71,150,195,1.466667
1144,45,46,61,152,59,7,11,21,10,61,35,1,16,107,2.904762
1145,45,414,414,495,562,0,0,54,0,76,5,369,369,450,1.407407
1146,45,46,107,160,328,48,18,27,37,47,29,1,62,115,1.740741
1147,45,63,167,223,596,34,5,31,36,45,21,18,122,178,1.451613
1148,45,53,172,220,344,35,2,40,41,44,24,8,127,175,1.100000
1149,46,47,83,168,182,21,13,15,22,55,44,1,37,122,3.666667
1150,46,47,82,140,74,16,11,28,28,50,15,1,36,94,1.785714
1151,46,47,76,173,155,17,12,31,22,61,43,1,30,127,1.967742
1152,46,47,104,152,317,40,3,23,29,41,35,1,58,106,1.782609
1153,46,311,499,570,293,13,11,29,30,55,17,265,453,524,1.896552
1154,46,47,82,167,81,17,13,22,24,64,32,1,36,121,2.909091
1155,46,47,108,189,564,42,13,33,34,73,34,1,62,143,2.212121
1156,47,48,52,129,466,1,16,23,3,67,11,1,5,82,2.913043
1157,47,48,101,198,177,33,14,32,38,76,35,1,54,151,2.375000
1158,47,360,585,650,555,75,15,46,80,60,43,313,538,603,1.304348
1159,47,48,64,102,48,8,10,14,11,26,17,1,17,55,1.857143
1160,47,48,88,103,182,18,13,13,24,15,16,1,41,56,1.153846
1161,47,48,93,175,59,28,8,31,33,61,33,1,46,128,1.967742
1162,48,49,64,95,122,3,14,25,13,31,2,1,16,47,1.240000
1163,48,123,129,151,1,4,11,16,5,20,3,75,81,103,1.250000
1164,48,49,119,192,512,54,14,43,40,69,34,1,71,144,1.604651
1165,48,49,57,169,290,7,7,25,6,93,21,1,9,121,3.720000
1166,48,49,58,135,50,3,8,35,7,73,6,1,10,87,2.085714
1167,48,49,58,118,553,6,2,44,3,56,10,1,10,70,1.272727
1168,48,50,81,180,541,11,2,35,18,63,38,2,33,132,1.800000
1169,49,50,60,80,0,8,8,13,8,17,5,1,11,31,1.307692
1170,49,51,166,178,372,51,7,12,76,12,39,2,117,129,1.000000
1171,49,57,64,94,274,0,7,18,7,24,6,8,15,45,1.333333
1172,49,50,185,232,241,92,10,27,71,41,69,1,136,183,1.518519
1173,49,50,106,181,288,31,12,39,28,59,29,1,57,132,1.512821
1174,49,50,109,163,482,27,9,41,25,45,20,1,60,114,1.097561
1175,49,50,61,106,70,5,9,20,5,30,21,1,12,57,1.500000
1176,50,362,599,667,259,40,16,53,43,65,21,312,549,617,1.226415
1177,50,51,59,153,70,0,8,17,8,73,21,1,9,103,4.294118
1178,50,52,56,149,549,1,5,41,4,67,26,2,6,99,1.634146
1179,50,514,-1,-1,158,0,15,47,3,0,0,464,-1,-1,0.000000
1180,50,51,53,115,236,2,2,22,2,44,18,1,3,65,2.000000
1181,51,82,126,207,218,16,20,44,24,78,8,31,75,156,1.772727
1182,51,419,448,515,574,24,6,46,26,52,17,368,397,464,1.130435
1183,51,52,85,158,370,21,14,47,22,69,8,1,34,107,1.468085
1184,51,52,126,187,216,61,6,33,45,57,30,1,75,136,1.727273
1185,51,277,354,440,520,37,14,41,45,59,44,226,303,389,1.439024
1186,51,68,98,178,585,23,9,32,22,66,22,17,47,127,2.062500
1187,51,95,98,176,292,0,3,39,3,61,17,44,47,125,1.564103
1188,52,53,74,159,482,12,3,22,14,62,30,1,22,107,2.818182
1189,52,146,237,306,393,4,4,29,11,51,20,94,185,254,1.758621
1190,52,138,146,215,560,1,8,26,5,54,15,86,94,163,2.076923
1191,52,53,131,185,568,56,10,28,58,44,25,1,79,133,1.571429
1192,52,117,212,277,168,47,15,33,52,53,29,65,160,225,1.606061
1193,52,53,175,253,341,60,11,31,72,65,51,1,123,201,2.096774
1194,52,53,60,121,127,3,5,18,6,42,20,1,8,69,2.333333
1195,52,53,61,137,257,6,13,16,7,56,21,1,9,85,3.500000
1196,52,85,155,231,586,38,10,46,27,66,26,33,103,179,1.434783
1197,52,53,106,170,580,25,5,37,26,55,25,1,54,118,1.486486
1198,52,53,74,133,351,9,11,23,15,49,16,1,22,81,2.130435
1199,52,53,205,262,559,94,3,35,90,51,45,1,153,210,1.457143
1200,53,129,331,383,194,111,11,46,101,50,40,76,278,330,1.086957
1201,53,54,157,195,137,67,11,30,66,38,37,1,104,142,1.266667
1202,53,94,169,247,588,0,10,34,11,66,15,41,116,194,1.941176
1203,53,54,69,137,271,10,10,25,12,59,12,1,16,84,2.360000
1204,53,54,169,221,569,85,13,26,68,46,51,1,116,168,1.769231
1205,53,54,138,210,96,47,15,18,41,50,65,1,85,157,2.777778
1206,54,55,62,92,500,3,11,20,6,24,7,1,8,38,1.200000
1207,54,56,64,146,0,5,6,39,7,65,18,2,10,92,1.666667
1208,54,55,64,94,81,6,15,11,7,23,9,1,10,40,2.090909
1209,54,55,56,121,227,1,10,33,1,55,10,1,2,67,1.666667
1210,54,64,205,285,512,101,15,36,93,66,60,10,151,231,1.833333
1211,54,55,72,114,212,8,11,28,12,42,5,1,18,60,1.500000
1212,54,115,196,237,78,29,13,27,33,35,13,61,142,183,1.296296
1213,54,663,-1,-1,542,6,16,58,15,0,0,609,-1,-1,0.000000
1214,54,55,59,98,131,2,3,7,4,21,18,1,5,44,3.000000
1215,55,56,61,100,201,4,15,33,4,37,3,1,6,45,1.121212
1216,55,56,56,117,482,0,0,43,0,51,10,1,1,62,1.186047
1217,55,56,98,132,207,32,19,20,34,28,14,1,43,77,1.400000
1218,55,56,56,152,178,0,0,15,0,77,19,1,1,97,5.133333
1219,55,56,169,253,220,85,10,49,72,83,42,1,114,198,1.693878
1220,55,66,171,228,8,62,12,45,53,53,42,11,116,173,1.177778
1221,55,184,332,379,61,26,13,31,54,43,9,129,277,324,1.387097
1222,55,56,126,188,149,50,13,32,45,48,39,1,71,133,1.500000
1223,55,56,58,79,112,2,6,17,2,21,0,1,3,24,1.235294
1224,55,68,73,164,565,1,11,37,3,85,8,13,18,109,2.297297
1225,55,56,77,163,58,11,12,35,14,67,26,1,22,108,1.914286
1226,55,56,61,158,232,0,5,27,5,73,24,1,6,103,2.703704
1227,55,56,65,140,72,4,21,22,8,44,32,1,10,85,2.000000
1228,55,514,-1,-1,546,23,9,46,49,0,5,459,-1,-1,0.000000
1229,55,81,179,269,547,29,15,44,33,72,29,26,124,214,1.636364
1230,56,57,131,179,382,58,5,34,42,44,36,1,75,123,1.294118
1231,56,262,283,343,558,11,9,29,21,47,13,206,227,287,1.620690
1232,56,283,299,353,565,11,6,43,10,49,11,227,243,297,1.139535
1233,56,-1,-1,-1,-1,0,-1,63,0,0,0,-1,-1,-1,0.000000
1234,56,57,127,215,218,37,14,45,41,79,38,1,71,159,1.755556
1235,56,132,141,175,10,2,8,23,8,25,10,76,85,119,1.086957
1236,56,57,76,171,361,2,4,35,9,77,19,1,20,115,2.200000
1237,56,84,159,239,599,39,16,45,34,67,30,28,103,183,1.488889
1238,57,58,72,104,84,7,9,20,11,26,9,1,15,47,1.300000
1239,57,58,68,142,127,6,2,9,7,47,30,1,11,85,5.222222
1240,57,58,64,72,560,1,7,7,4,7,3,1,7,15,1.000000
1241,57,683,-1,-1,210,54,13,48,81,0,22,626,-1,-1,0.000000
1242,57,87,100,199,282,2,10,38,9,80,20,30,43,142,2.105263
1243,57,58,160,216,141,64,13,27,62,41,55,1,103,159,1.518519
1244,58,59,108,187,537,28,14,33,31,61,32,1,50,129,1.848485
1245,58,59,120,167,196,20,10,23,40,33,34,1,62,109,1.434783
1246,59,60,102,147,399,7,11,24,27,36,11,1,43,88,1.500000
1247,59,64,81,157,399,5,8,38,14,60,16,5,22,98,1.578947
1248,59,60,72,100,59,5,4,20,6,26,8,1,13,41,1.300000
1249,59,60,78,107,81,10,17,24,15,28,4,1,19,48,1.166667
1250,60,61,68,118,560,0,6,20,6,40,11,1,8,58,2.000000
1251,60,61,85,139,414,17,5,23,16,37,25,1,25,79,1.608696
1252,60,61,152,236,20,66,6,35,45,77,48,1,92,176,2.200000
1253,60,61,62,146,126,0,1,20,1,60,24,1,2,86,3.000000
1254,60,61,66,157,351,1,14,28,5,62,29,1,6,97,2.214286
1255,61,63,75,140,149,3,14,49,6,59,11,2,14,79,1.204082
1256,61,100,335,380,574,83,8,42,74,44,44,39,274,319,1.047619
1257,61,72,139,204,143,51,8,41,43,51,37,11,78,143,1.243902
1258,61,193,405,480,585,131,18,50,106,54,70,132,344,419,1.080000
1259,61,62,83,167,307,7,14,39,8,77,12,1,22,106,1.974359
1260,61,397,478,538,545,6,12,28,20,44,21,336,417,477,1.571429
1261,61,62,269,332,61,135,16,31,143,51,76,1,208,271,1.645161
1262,61,62,99,119,547,16,10,20,26,20,11,1,38,58,1.000000
1263,62,63,63,91,30,0,0,13,0,19,9,1,1,29,1.461538
1264,62,63,97,149,332,11,12,25,27,47,9,1,35,87,1.880000
1265,62,63,88,157,227,3,5,17,21,49,24,1,26,95,2.882353
1266,62,63,118,191,360,35,12,26,36,60,32,1,56,129,2.307692
1267,62,74,133,226,540,33,15,37,49,79,24,12,71,164,2.135135
1268,62,63,118,147,464,26,15,10,33,20,31,1,56,85,2.000000
1269,62,63,68,119,372,3,5,31,4,49,3,1,6,57,1.580645
1270,62,63,70,104,39,2,6,20,7,28,6,1,8,42,1.400000
1271,63,69,176,243,247,85,12,44,73,64,35,6,113,180,1.454545
1272,63,64,95,125,260,18,13,20,14,26,21,1,32,62,1.300000
1273,63,193,228,244,420,26,9,16,31,16,4,130,165,181,1.000000
1274,63,64,84,135,218,11,11,24,14,44,13,1,21,72,1.833333
1275,63,64,87,164,288,7,4,39,5,61,21,1,24,101,1.564103
1276,64,154,161,187,280,0,7,24,7,24,2,90,97,123,1.000000
1277,64,65,68,148,433,3,14,48,3,76,4,1,4,84,1.583333
1278,64,505,-1,-1,382,7,12,52,26,0,2,441,-1,-1,0.000000
1279,64,645,802,869,479,5,10,45,12,57,10,581,738,805,1.266667
1280,64,65,68,86,596,0,3,14,3,18,0,1,4,22,1.285714
1281,65,66,69,150,360,1,13,27,1,57,26,1,4,85,2.111111
1282,65,66,80,128,227,7,2,27,9,41,12,1,15,63,1.518519
1283,65,990,-1,-1,145,0,13,63,1,0,0,925,-1,-1,0.000000
1284,65,503,518,582,4,5,9,48,10,58,6,438,453,517,1.208333
1285,65,66,66,160,37,0,0,25,0,71,23,1,1,95,2.840000
1286,65,161,175,247,558,6,9,48,7,68,5,96,110,182,1.416667
1287,65,66,69,152,375,3,4,29,2,63,21,1,4,87,2.172414
1288,65,69,73,170,258,0,4,26,4,58,39,4,8,105,2.230769
1289,65,66,80,178,125,3,8,28,13,74,25,1,15,113,2.642857
1290,65,66,66,100,131,0,0,13,0,31,3,1,1,35,2.384615
1291,65,66,124,175,567,45,9,22,32,40,37,1,59,110,1.818182
1292,66,67,81,131,84,3,5,21,10,37,17,1,15,65,1.761905
1293,66,67,104,175,155,18,3,23,24,43,41,1,38,109,1.869565
1294,66,67,95,113,118,19,16,9,15,11,20,1,29,47,1.222222
1295,66,67,67,82,59,0,0,10,0,12,3,1,1,16,1.200000
1296,66,67,68,86,77,0,1,11,1,15,3,1,2,20,1.363636
1297,66,71,194,278,212,65,17,47,60,79,35,5,128,212,1.680851
1298,66,85,181,253,599,45,17,48,44,60,31,19,115,187,1.250000
1299,66,67,86,156,135,8,15,22,13,52,24,1,20,90,2.363636
1300,67,96,100,179,163,4,6,51,3,75,5,29,33,112,1.470588
1301,67,68,68,123,486,0,0,22,0,40,15,1,1,56,1.818182
1302,67,232,441,499,334,1,4,28,13,38,21,165,374,432,1.357143
1303,67,68,122,202,258,11,6,32,12,74,14,1,55,135,2.312500
1304,67,437,438,513,591,0,1,29,1,55,20,370,371,446,1.896552
1305,68,69,95,174,335,10,7,17,22,39,44,1,27,106,2.294118
1306,68,126,256,316,244,13,14,25,32,47,19,58,188,248,1.880000
1307,68,69,107,190,5,19,9,14,24,64,33,1,39,122,4.571429
1308,68,69,99,137,118,9,15,17,21,29,18,1,31,69,1.705882
1309,68,106,155,254,366,24,21,38,23,76,39,38,87,186,2.000000
1310,68,69,103,188,189,23,12,32,21,74,18,1,35,120,2.312500
1311,69,70,70,131,238,0,0,11,0,45,16,1,1,62,4.090909
1312,69,70,84,154,487,2,13,29,11,67,6,1,15,85,2.310345
1313,69,70,101,202,369,25,17,34,21,82,29,1,32,133,2.411765
1314,70,660,706,792,112,25,13,40,32,72,18,590,636,722,1.800000
1315,70,71,166,241,465,73,10,31,67,55,48,1,96,171,1.774194
1316,70,72,79,147,182,3,13,43,7,65,3,2,9,77,1.511628
1317,70,328,368,421,275,13,22,39,11,49,8,258,298,351,1.256410
1318,70,123,140,181,378,3,6,21,15,29,12,53,70,111,1.380952
1319,70,71,88,162,539,10,11,36,10,72,9,1,18,92,2.000000
1320,70,71,79,131,101,1,10,10,7,34,19,1,9,61,3.400000
1321,71,72,89,123,230,3,13,26,8,32,3,1,18,52,1.230769
1322,71,72,106,144,193,6,14,22,24,28,16,1,35,73,1.272727
1323,71,72,106,137,406,19,1,20,25,28,12,1,35,66,1.400000
1324,71,72,74,100,439,0,2,16,2,20,6,1,3,29,1.250000
1325,71,72,93,124,10,6,13,22,11,26,15,1,22,53,1.181818
1326,72,415,419,488,372,0,4,27,4,37,32,343,347,416,1.370370
1327,72,73,104,134,567,20,9,20,19,24,18,1,32,62,1.200000
1328,72,74,75,169,375,0,1,26,1,70,24,2,3,97,2.692308
1329,72,73,73,127,336,0,0,35,0,53,1,1,1,55,1.514286
1330,72,73,135,213,369,54,17,30,43,60,37,1,63,141,2.000000
1331,73,74,90,102,242,4,8,12,16,12,0,1,17,29,1.000000
1332,73,74,100,125,282,4,13,15,15,15,11,1,27,52,1.000000
1333,73,109,191,228,78,27,15,16,30,24,23,36,118,155,1.500000
1334,73,74,140,171,319,39,16,17,35,25,37,1,67,98,1.470588
1335,73,74,87,172,135,7,14,29,6,61,31,1,14,99,2.103448
1336,74,75,89,133,201,10,14,25,10,37,11,1,15,59,1.480000
1337,74,75,122,216,257,26,4,27,27,71,43,1,48,142,2.629630
1338,74,75,84,179,393,4,4,24,7,60,37,1,10,105,2.500000
1339,74,75,93,140,134,14,2,25,15,39,11,1,19,66,1.560000
1340,74,80,99,195,474,8,16,31,14,61,37,6,25,121,1.967742
1341,74,783,-1,-1,408,13,14,49,18,0,7,709,-1,-1,0.000000
1342,74,104,182,244,527,40,15,44,40,56,23,30,108,170,1.272727
1343,75,76,89,164,25,8,7,23,10,59,19,1,14,89,2.565217
1344,75,76,77,139,291,0,1,12,1,40,22,1,2,64,3.333333
1345,75,76,78,111,193,1,15,15,2,27,6,1,3,36,1.800000
1346,75,76,96,133,435,15,12,29,15,35,7,1,21,58,1.206897
1347,75,76,175,218,577,88,18,30,56,42,43,1,100,143,1.400000
1348,75,76,91,129,149,0,14,18,12,34,5,1,16,54,1.888889
1349,75,84,148,215,586,42,11,37,38,57,24,9,73,140,1.540541
1350,75,92,319,395,256,192,13,40,159,54,90,17,244,320,1.350000
1351,76,80,87,135,342,3,12,19,4,29,22,4,11,59,1.526316
1352,76,425,427,479,97,1,8,45,2,49,3,349,351,403,1.088889
1353,76,208,210,255,335,0,2,28,2,32,13,132,134,179,1.142857
1354,76,77,193,258,5,99,12,31,72,51,56,1,117,182,1.645161
1355,76,77,79,141,55,0,2,13,2,51,11,1,3,65,3.923077
1356,76,77,109,163,295,16,12,24,19,40,27,1,33,87,1.666667
1357,77,78,221,246,329,111,1,22,94,24,50,1,144,169,1.090909
1358,77,78,96,163,237,4,13,44,7,58,10,1,19,86,1.318182
1359,77,78,168,201,96,58,13,16,48,28,47,1,91,124,1.750000
1360,77,78,105,160,5,16,11,12,19,46,17,1,28,83,3.833333
1361,77,90,124,160,187,8,11,31,17,35,17,13,47,83,1.129032
1362,78,79,100,179,150,4,10,26,14,42,44,1,22,101,1.615385
1363,78,79,148,197,1,25,15,15,43,33,42,1,70,119,2.200000
1364,79,80,137,193,246,41,13,32,38,48,27,1,58,114,1.500000
1365,79,85,153,233,581,26,10,29,25,55,36,6,74,154,1.896552
1366,79,80,80,180,544,0,0,23,0,73,27,1,1,101,3.173913
1367,79,427,427,492,561,0,0,52,0,58,7,348,348,413,1.115385
1368,79,80,91,139,56,11,13,19,7,31,21,1,12,60,1.631579
1369,80,81,156,242,79,49,3,30,48,66,47,1,76,162,2.200000
1370,80,81,93,115,577,11,18,16,10,20,4,1,13,35,1.250000
1371,80,81,128,151,546,29,16,19,35,23,12,1,48,71,1.210526
1372,80,186,253,294,354,7,9,27,21,33,10,106,173,214,1.222222
1373,80,81,81,134,93,0,0,11,0,35,18,1,1,54,3.181818
1374,80,254,255,331,265,1,6,39,1,63,13,174,175,251,1.615385
1375,80,81,97,186,365,1,4,25,11,61,33,1,17,106,2.440000
1376,80,82,136,206,307,49,17,30,40,50,33,2,56,126,1.666667
1377,81,82,94,149,358,9,14,12,10,42,15,1,13,68,3.500000
1378,81,83,144,231,360,45,20,31,38,59,51,2,63,150,1.903226
1379,81,82,86,171,472,2,14,43,1,63,24,1,5,90,1.465116
1380,81,892,-1,-1,94,0,14,46,2,0,0,811,-1,-1,0.000000
1381,81,86,129,188,468,1,9,25,12,41,19,5,48,107,1.640000
1382,81,82,82,137,2,0,0,30,0,46,9,1,1,56,1.533333
1383,81,82,82,134,36,0,0,20,0,34,18,1,1,53,1.700000
1384,82,83,98,111,79,10,1,10,8,12,8,1,16,29,1.200000
1385,82,92,109,180,212,9,7,47,11,63,11,10,27,98,1.340426
1386,82,83,154,201,59,44,6,23,46,39,33,1,72,119,1.695652
1387,82,83,102,196,171,11,9,25,11,75,27,1,20,114,3.000000
1388,82,83,85,119,122,1,5,17,0,29,7,1,3,37,1.705882
1389,83,93,119,178,122,12,5,31,15,47,18,10,36,95,1.516129
1390,83,84,138,215,311,36,10,25,38,69,24,1,55,132,2.760000
1391,83,84,105,188,568,17,4,22,15,64,25,1,22,105,2.909091
1392,83,916,-1,-1,178,1,20,65,3,0,2,833,-1,-1,0.000000
1393,83,89,194,271,267,92,18,43,67,71,44,6,111,188,1.651163
1394,83,85,92,138,122,0,9,27,4,43,3,2,9,55,1.592593
1395,84,85,97,174,22,4,15,21,9,55,25,1,13,90,2.619048
1396,84,85,94,150,530,7,6,29,8,51,6,1,10,66,1.758621
1397,84,85,191,258,437,86,11,43,71,63,39,1,107,174,1.465116
1398,84,85,126,195,72,10,14,27,32,59,19,1,42,111,2.185185
1399,84,234,326,407,572,27,20,45,32,63,31,150,242,323,1.400000
1400,84,166,188,237,115,12,10,26,17,42,11,82,104,153,1.615385
1401,84,402,405,434,181,1,2,25,3,25,4,318,321,350,1.000000
1402,84,85,122,141,61,17,14,15,24,15,17,1,38,57,1.000000
1403,85,86,111,200,265,21,14,32,17,64,33,1,26,115,2.000000
1404,85,86,283,377,223,164,11,36,128,78,85,1,198,292,2.166667
1405,85,86,102,179,57,7,16,41,12,67,14,1,17,94,1.634146
1406,85,86,104,141,122,7,4,20,16,28,11,1,19,56,1.400000
1407,85,515,521,585,202,4,8,48,6,58,6,430,436,500,1.208333
1408,86,145,154,170,388,0,9,11,9,15,1,59,68,84,1.363636
1409,86,87,109,184,171,15,5,28,13,58,26,1,23,98,2.071429
1410,86,87,245,299,461,119,19,44,117,48,47,1,159,213,1.090909
1411,86,87,89,124,481,1,17,18,2,20,15,1,3,38,1.111111
1412,86,87,144,202,536,43,13,18,43,44,28,1,58,116,2.444444
1413,86,87,98,125,534,6,15,12,9,24,5,1,12,39,2.000000
1414,86,87,96,118,104,1,4,14,8,18,5,1,10,32,1.285714
1415,87,88,305,345,240,172,10,30,131,40,86,1,218,258,1.333333
1416,87,562,667,721,25,14,7,37,22,51,5,475,580,634,1.378378
1417,87,508,605,647,74,1,4,30,12,40,4,421,518,560,1.333333
1418,87,88,104,200,345,5,15,23,8,69,29,1,17,113,3.000000
1419,88,90,130,192,205,10,12,36,21,50,24,2,42,104,1.388889
1420,88,89,89,117,484,0,0,17,0,25,3,1,1,29,1.470588
1421,88,89,183,261,551,64,10,21,65,51,56,1,95,173,2.428571
1422,88,89,95,145,499,0,5,24,5,48,3,1,7,57,2.000000
1423,88,89,252,347,81,119,18,33,118,77,63,1,164,259,2.333333
1424,88,120,529,597,565,20,11,32,39,54,22,32,441,509,1.687500
1425,88,89,106,205,557,13,6,45,15,87,14,1,18,117,1.933333
1426,89,90,97,163,325,6,6,19,4,51,18,1,8,74,2.684211
1427,89,90,153,213,457,54,19,24,38,48,37,1,64,124,2.000000
1428,89,90,91,176,352,1,20,31,1,67,18,1,2,87,2.161290
1429,89,133,170,233,562,17,17,48,16,60,14,44,81,144,1.250000
1430,89,90,228,297,230,91,6,34,83,56,68,1,139,208,1.647059
1431,90,606,664,748,219,4,5,33,7,61,24,516,574,658,1.848485
1432,90,91,153,228,534,37,11,39,47,73,17,1,63,138,1.871795
1433,90,91,210,258,432,91,7,27,75,39,53,1,120,168,1.444444
1434,90,91,167,233,590,54,16,42,52,60,30,1,77,143,1.428571
1435,90,91,100,131,487,7,16,26,5,30,5,1,10,41,1.153846
1436,90,241,475,555,70,26,17,61,29,79,18,151,385,465,1.295082
1437,90,91,108,181,380,11,17,48,16,64,10,1,18,91,1.333333
1438,91,92,102,177,534,5,15,49,7,73,5,1,11,86,1.489796
1439,91,816,-1,-1,229,1,9,51,6,0,0,725,-1,-1,0.000000
1440,91,251,-1,-1,134,6,16,58,15,0,3,160,-1,-1,0.000000
1441,91,200,464,539,123,44,14,41,89,71,10,109,373,448,1.731707
1442,91,92,175,237,156,71,2,45,48,57,40,1,84,146,1.266667
1443,91,115,190,263,343,25,14,29,27,49,28,24,99,172,1.689655
1444,91,92,108,174,111,8,6,17,15,43,24,1,17,83,2.529412
1445,92,566,-1,-1,574,60,17,49,71,0,26,474,-1,-1,0.000000
1446,92,93,105,163,253,6,15,30,3,52,15,1,13,71,1.733333
1447,92,93,130,200,341,28,6,35,24,61,22,1,38,108,1.742857
1448,92,93,283,371,591,129,14,41,109,79,75,1,191,279,1.926829
1449,93,94,126,145,38,24,7,16,23,18,10,1,33,52,1.125000
1450,93,94,117,191,387,19,12,40,15,64,18,1,24,98,1.600000
1451,94,98,103,170,138,0,5,18,5,56,11,4,9,76,3.111111
1452,94,125,204,259,515,41,14,38,51,50,16,31,110,165,1.315789
1453,94,95,111,206,207,9,4,27,12,75,24,1,17,112,2.777778
1454,94,95,100,163,54,4,16,30,5,50,13,1,6,69,1.666667
1455,94,95,156,194,136,41,12,15,38,31,30,1,62,100,2.066667
1456,94,95,119,152,539,20,14,7,16,27,14,1,25,58,3.857143
1457,94,95,166,251,38,40,13,32,42,74,28,1,72,157,2.312500
1458,94,475,730,811,311,42,14,42,44,62,37,381,636,717,1.476190
1459,94,162,170,207,507,0,7,25,7,31,7,68,76,113,1.240000
1460,94,226,271,337,98,23,20,44,19,58,28,132,177,243,1.318182
1461,94,130,337,390,18,71,17,44,53,50,41,36,243,296,1.136364
1462,95,304,848,905,572,202,16,36,220,40,74,209,753,810,1.111111
1463,95,96,127,153,205,6,6,17,19,23,12,1,32,58,1.352941
1464,95,-1,-1,-1,-1,0,-1,50,0,0,0,-1,-1,-1,0.000000
1465,95,96,112,185,28,3,21,25,9,57,17,1,17,90,2.280000
1466,96,382,-1,-1,137,8,12,50,20,0,6,286,-1,-1,0.000000
1467,96,170,270,338,367,70,3,52,89,66,9,74,174,242,1.269231
1468,97,98,145,214,53,15,14,17,40,51,25,1,48,117,3.000000
1469,97,249,258,334,399,3,9,28,8,54,22,152,161,237,1.928571
1470,97,102,175,262,61,59,18,52,46,82,32,5,78,165,1.576923
1471,97,98,98,175,122,0,0,25,0,59,18,1,1,78,2.360000
1472,97,98,124,192,231,22,7,41,20,61,13,1,27,95,1.487805
1473,97,98,116,182,503,17,10,34,7,64,13,1,19,85,1.882353
1474,97,98,133,168,511,31,16,28,26,34,10,1,36,71,1.214286
1475,98,128,201,275,485,12,17,48,10,70,11,30,103,177,1.458333
1476,98,99,130,169,551,17,1,23,20,33,17,1,32,71,1.434783
1477,99,100,141,209,421,33,18,39,25,57,27,1,42,110,1.461538
1478,99,100,134,204,370,26,15,51,23,67,13,1,35,105,1.313725
1479,99,100,100,173,205,0,0,15,0,53,20,1,1,74,3.533333
1480,99,674,695,741,463,7,12,41,10,43,6,575,596,642,1.048780
1481,99,134,182,256,181,0,22,35,9,65,9,35,83,157,1.857143
1482,100,101,121,198,282,12,2,24,8,66,23,1,21,98,2.750000
1483,100,775,-1,-1,539,8,13,54,14,0,1,675,-1,-1,0.000000
1484,100,109,239,304,101,51,22,51,57,59,23,9,139,204,1.156863
1485,100,101,211,223,69,45,3,7,84,11,27,1,111,123,1.571429
1486,100,101,102,143,503,1,10,30,1,34,7,1,2,43,1.133333
1487,100,103,118,142,366,11,21,8,10,20,9,3,18,42,2.500000
1488,100,101,195,251,260,73,7,24,53,44,53,1,95,151,1.833333
1489,100,101,117,140,415,4,5,21,15,23,1,1,17,40,1.095238
1490,100,131,133,185,363,0,2,29,2,37,15,31,33,85,1.275862
1491,101,102,108,153,112,0,6,19,6,31,14,1,7,52,1.631579
1492,101,102,148,233,511,36,15,38,33,82,16,1,47,132,2.157895
1493,101,-1,-1,-1,-1,0,-1,64,0,0,0,-1,-1,-1,0.000000
1494,101,102,120,201,165,11,13,46,13,80,6,1,19,100,1.739130
1495,101,111,314,357,340,77,1,42,69,42,42,10,213,256,1.000000
1496,101,102,104,165,315,1,3,23,2,47,14,1,3,64,2.043478
1497,102,301,307,328,535,1,3,21,6,21,0,199,205,226,1.000000
1498,102,103,112,140,57,7,8,20,5,20,12,1,10,38,1.000000
1499,102,103,110,179,348,5,16,29,6,59,11,1,8,77,2.034483
1500,102,103,121,145,58,2,13,13,6,19,17,1,19,43,1.461538
1501,102,103,122,203,120,14,15,36,15,66,19,1,20,101,1.833333
1502,102,108,175,198,216,10,10,15,23,19,6,6,73,96,1.266667
1503,102,147,366,436,224,21,19,35,29,59,22,45,264,334,1.685714
1504,103,104,108,191,100,1,9,35,2,77,8,1,5,88,2.200000
1505,103,104,121,150,118,16,14,11,11,25,10,1,18,47,2.272727
1506,103,104,115,130,566,7,19,14,8,14,4,1,12,27,1.000000
1507,103,104,109,145,539,4,16,19,1,27,13,1,6,42,1.421053
1508,103,-1,-1,-1,-1,0,-1,50,0,0,0,-1,-1,-1,0.000000
1509,103,104,123,194,494,17,13,38,14,56,20,1,20,91,1.473684
1510,103,124,144,242,260,9,4,29,14,65,38,21,41,139,2.241379
1511,103,104,124,176,51,2,14,22,17,34,21,1,21,73,1.545455
1512,103,104,132,208,424,19,12,28,16,62,26,1,29,105,2.214286
1513,104,105,113,188,340,5,1,20,6,50,27,1,9,84,2.500000
1514,104,111,128,218,274,1,6,26,9,74,16,7,24,114,2.846154
1515,104,105,132,197,461,23,4,45,20,59,13,1,28,93,1.311111
1516,104,105,137,204,317,20,12,32,25,58,16,1,33,100,1.812500
1517,104,105,213,259,574,47,6,32,62,34,32,1,109,155,1.062500
1518,104,140,789,865,62,150,13,52,125,68,84,36,685,761,1.307692
1519,104,105,146,161,242,28,5,12,25,12,19,1,42,57,1.000000
1520,105,106,150,225,334,35,21,29,29,57,33,1,45,120,1.965517
1521,105,106,351,425,510,208,16,29,156,71,92,1,246,320,2.448276
1522,105,106,162,238,447,36,10,35,37,63,28,1,57,133,1.800000
1523,105,106,131,212,464,14,17,19,19,65,22,1,26,107,3.421053
1524,105,106,128,189,405,3,11,33,15,51,17,1,23,84,1.545455
1525,106,107,131,205,102,10,12,16,18,52,28,1,25,99,3.250000
1526,106,108,114,185,235,0,6,23,6,59,12,2,8,79,2.565217
1527,106,107,287,359,57,122,8,47,124,63,51,1,181,253,1.340426
1528,106,107,191,235,492,66,12,36,50,40,38,1,85,129,1.111111
1529,106,114,121,192,576,1,12,28,6,56,15,8,15,86,2.000000
1530,106,-1,-1,-1,-1,0,-1,48,0,0,0,-1,-1,-1,0.000000
1531,106,107,122,190,427,11,3,36,14,56,13,1,16,84,1.555556
1532,107,111,174,236,511,35,22,40,23,54,26,4,67,129,1.350000
1533,107,108,115,185,43,3,3,16,6,48,23,1,8,78,3.000000
1534,107,108,143,224,494,30,14,24,25,50,41,1,36,117,2.083333
1535,107,108,115,137,57,2,7,15,6,17,6,1,8,30,1.133333
1536,107,108,115,130,0,2,4,11,6,11,5,1,8,23,1.000000
1537,107,112,152,213,322,17,8,25,28,37,36,5,45,106,1.480000
1538,107,108,163,237,307,37,15,19,28,49,52,1,56,130,2.578947
1539,107,158,187,279,545,12,17,36,17,68,25,51,80,172,1.888889
1540,108,111,169,228,599,48,19,41,34,49,34,3,61,120,1.195122
1541,108,113,295,367,409,52,13,39,43,65,31,5,187,259,1.666667
1542,108,109,153,232,274,31,3,30,31,60,32,1,45,124,2.000000
1543,108,125,168,245,526,8,16,27,23,61,18,17,60,137,2.259259
1544,108,109,118,138,272,1,11,16,8,18,3,1,10,30,1.125000
1545,108,109,424,513,22,187,16,29,215,71,118,1,316,405,2.448276
1546,108,109,120,166,71,2,3,16,10,22,25,1,12,58,1.375000
1547,109,110,209,273,358,78,11,42,68,58,37,1,100,164,1.380952
1548,109,110,168,248,306,51,13,28,39,60,39,1,59,139,2.142857
1549,109,505,870,934,85,46,16,51,73,61,21,396,761,825,1.196078
1550,109,110,115,149,46,1,7,13,4,27,8,1,6,40,2.076923
1551,109,110,112,191,509,0,14,61,1,79,0,1,3,82,1.295082
1552,109,146,391,468,189,52,19,31,57,69,33,37,282,359,2.225806
1553,110,111,123,149,267,5,20,15,6,17,15,1,13,39,1.133333
1554,110,111,149,219,566,33,21,35,28,69,11,1,39,109,1.971429
1555,110,186,342,448,550,32,1,42,67,64,45,76,232,338,1.523810
1556,111,178,218,267,141,16,15,37,24,43,8,67,107,156,1.162162
1557,111,113,430,530,521,196,19,54,167,94,88,2,319,419,1.740741
1558,111,112,127,204,119,10,5,18,12,64,16,1,16,93,3.555556
1559,111,112,144,216,217,29,18,31,17,65,22,1,33,105,2.096774
1560,111,162,246,306,578,29,15,41,36,59,10,51,135,195,1.439024
1561,111,112,136,177,170,16,15,19,19,29,17,1,25,66,1.526316
1562,111,112,119,192,94,2,7,26,7,40,33,1,8,81,1.538462
1563,111,112,177,232,559,50,1,46,37,52,31,1,66,121,1.130435
1564,112,113,334,414,128,168,22,40,140,70,91,1,222,302,1.750000
1565,112,113,121,139,62,0,8,14,8,18,0,1,9,27,1.285714
1566,112,125,138,163,378,2,4,22,10,24,1,13,26,51,1.090909
1567,113,114,133,167,28,5,13,14,14,24,15,1,20,54,1.714286
1568,113,114,115,156,259,0,1,17,1,31,10,1,2,43,1.823529
1569,113,114,211,282,344,59,13,33,62,63,43,1,98,169,1.909091
1570,113,114,116,147,249,1,5,25,0,29,4,1,3,34,1.160000
1571,113,131,133,148,565,0,2,13,2,15,0,18,20,35,1.153846
1572,113,114,134,151,11,8,8,12,13,14,10,1,21,38,1.166667
1573,113,114,192,277,53,60,13,34,58,70,35,1,79,164,2.058824
1574,113,135,150,225,214,11,13,25,15,53,22,22,37,112,2.120000
1575,114,115,131,145,128,13,22,12,12,12,6,1,17,31,1.000000
1576,114,116,138,213,599,13,21,49,10,69,13,2,24,99,1.408163
1577,115,116,129,150,492,1,14,19,11,19,3,1,14,35,1.000000
1578,115,116,136,201,283,1,12,32,8,44,22,1,21,86,1.375000
1579,115,116,135,170,91,10,10,19,11,29,14,1,20,55,1.526316
1580,115,219,223,276,595,0,4,39,1,51,2,104,108,161,1.307692
1581,115,116,136,188,374,15,17,27,13,35,24,1,21,73,1.296296
1582,115,116,117,154,274,0,1,12,1,22,15,1,2,39,1.833333
1583,115,117,156,226,358,24,12,56,26,66,7,2,41,111,1.178571
1584,115,361,581,640,310,62,9,47,66,55,28,246,466,525,1.170213
1585,115,118,121,185,540,0,3,43,2,61,3,3,6,70,1.418605
1586,116,117,125,175,265,6,12,36,6,44,8,1,9,59,1.222222
1587,116,118,122,185,492,1,15,26,1,46,18,2,6,69,1.769231
1588,116,117,141,213,400,14,20,20,21,46,29,1,25,97,2.300000
1589,116,117,166,233,350,39,4,24,25,54,37,1,50,117,2.250000
1590,116,117,229,259,450,81,16,25,74,29,39,1,113,143,1.160000
1591,117,118,138,203,447,9,1,23,14,55,16,1,21,86,2.391304
1592,117,126,157,197,189,22,16,19,22,35,14,9,40,80,1.842105
1593,117,118,132,184,141,9,14,20,9,42,15,1,15,67,2.100000
1594,117,118,137,145,72,11,12,8,11,8,8,1,20,28,1.000000
1595,117,118,146,209,181,21,12,20,18,50,23,1,29,92,2.500000
1596,117,118,189,262,153,65,21,41,37,73,34,1,72,145,1.780488
1597,118,119,139,190,562,17,15,29,12,41,18,1,21,72,1.413793
1598,118,126,161,181,11,23,9,11,24,19,12,8,43,63,1.727273
1599,118,170,180,250,274,5,4,29,8,55,15,52,62,132,1.896552
1600,118,119,124,181,18,4,9,28,3,48,11,1,6,63,1.714286
1601,118,119,308,396,46,128,5,24,131,70,76,1,190,278,2.916667
1602,118,119,134,161,236,11,7,9,11,17,14,1,16,43,1.888889
1603,118,119,142,214,181,22,13,53,16,63,16,1,24,96,1.188679
1604,118,119,130,172,53,0,10,23,10,31,12,1,12,54,1.347826
1605,119,175,217,276,254,21,10,29,36,37,26,56,98,157,1.275862
1606,119,120,133,211,1,12,10,47,13,69,9,1,14,92,1.468085
1607,119,120,171,219,105,37,17,25,38,41,20,1,52,100,1.640000
1608,119,136,173,245,18,19,17,26,24,56,20,17,54,126,2.153846
1609,119,127,158,218,248,12,14,29,24,51,16,8,39,99,1.758621
1610,119,120,172,227,532,38,3,16,36,38,33,1,53,108,2.375000
1611,119,120,144,210,91,19,8,21,20,43,27,1,25,91,2.047619
1612,119,120,222,253,165,88,12,24,63,26,44,1,103,134,1.083333
1613,119,120,158,230,194,27,6,21,18,51,41,1,39,111,2.428571
1614,120,129,287,365,248,54,14,47,56,69,27,9,167,245,1.468085
1615,120,121,147,230,100,18,15,17,20,57,32,1,27,110,3.352941
1616,120,121,146,213,255,18,16,40,13,58,21,1,26,93,1.450000
1617,120,125,435,504,553,14,12,28,26,60,19,5,315,384,2.142857
1618,121,122,178,244,310,44,17,48,39,56,27,1,57,123,1.166667
1619,121,122,141,167,165,18,13,20,11,26,8,1,20,46,1.300000
1620,121,122,143,185,378,16,1,18,18,26,19,1,22,64,1.444444
1621,121,122,146,199,18,14,13,20,10,46,21,1,25,78,2.300000
1622,122,123,148,189,431,15,21,23,15,37,14,1,26,67,1.608696
1623,122,123,144,222,372,5,10,43,6,75,3,1,22,100,1.744186
1624,122,123,134,160,118,3,8,11,11,19,7,1,12,38,1.727273
1625,122,123,123,143,568,0,0,14,0,18,2,1,1,21,1.285714
1626,122,129,241,296,224,51,16,38,44,54,30,7,119,174,1.421053
1627,123,124,124,199,509,0,0,19,0,49,26,1,1,76,2.578947
1628,123,124,145,216,497,19,7,43,15,57,20,1,22,93,1.325581
1629,123,124,341,418,370,177,14,49,159,71,64,1,218,295,1.448980
1630,123,124,142,188,307,15,19,33,11,37,16,1,19,65,1.121212
1631,123,129,163,233,207,9,7,36,31,58,15,6,40,110,1.611111
1632,123,575,933,-1,597,25,11,55,35,62,21,452,810,-1,1.127273
1633,124,125,194,227,594,54,12,21,45,23,34,1,70,103,1.095238
1634,124,125,125,165,46,0,0,13,0,25,15,1,1,41,1.923077
1635,124,-1,-1,-1,-1,0,-1,52,0,0,0,-1,-1,-1,0.000000
1636,124,125,141,217,463,13,14,33,14,61,17,1,17,93,1.848485
1637,125,-1,-1,-1,-1,0,-1,65,0,0,0,-1,-1,-1,0.000000
1638,125,206,208,239,335,0,3,27,0,31,1,81,83,114,1.148148
1639,125,126,155,192,61,23,14,27,25,35,6,1,30,67,1.296296
1640,125,128,163,205,245,29,22,25,22,37,18,3,38,80,1.480000
1641,125,126,156,241,490,23,13,39,21,71,23,1,31,116,1.820513
1642,125,126,209,295,312,59,10,37,55,73,41,1,84,170,1.972973
1643,126,128,255,325,507,84,19,49,84,63,40,2,129,199,1.285714
1644,126,177,216,272,400,12,1,33,24,47,10,51,90,146,1.424242
1645,126,204,209,233,264,1,3,15,5,21,3,78,83,107,1.400000
1646,126,127,172,235,330,35,20,41,32,55,21,1,46,109,1.341463
1647,127,128,130,151,339,1,13,17,2,19,2,1,3,24,1.117647
1648,127,128,158,215,174,13,3,19,24,49,14,1,31,88,2.578947
1649,127,209,217,253,391,5,3,29,8,31,5,82,90,126,1.068966
1650,127,128,200,241,181,54,10,22,43,36,34,1,73,114,1.636364
1651,127,128,158,244,413,29,12,34,14,64,38,1,31,117,1.882353
1652,128,194,224,243,513,22,12,17,27,19,3,66,96,115,1.117647
1653,128,129,143,214,348,12,20,34,8,66,11,1,15,86,1.941176
1654,128,129,231,293,400,85,13,53,55,61,48,1,103,165,1.150943
1655,128,129,129,144,482,0,0,12,0,14,1,1,1,16,1.166667
1656,128,129,136,182,54,0,6,24,6,32,15,1,8,54,1.333333
1657,129,130,138,199,267,0,7,26,7,48,14,1,9,70,1.846154
1658,129,214,219,267,556,2,2,34,4,44,4,85,90,138,1.294118
1659,129,130,144,185,485,11,8,18,12,34,9,1,15,56,1.888889
1660,129,382,656,751,136,11,11,44,22,66,31,253,527,622,1.500000
1661,129,148,237,307,151,78,19,58,67,68,24,19,108,178,1.172414
1662,129,130,139,219,470,3,5,38,9,62,18,1,10,90,1.631579
1663,129,130,146,230,543,11,10,16,9,68,23,1,17,101,4.250000
1664,129,130,133,185,467,3,12,21,3,35,17,1,4,56,1.666667
1665,130,131,152,199,221,15,5,23,10,43,15,1,22,69,1.869565
1666,130,268,280,355,558,5,3,31,10,49,28,138,150,225,1.580645
1667,130,131,148,164,11,3,9,15,16,15,1,1,18,34,1.000000
1668,130,131,170,243,61,25,15,26,27,62,23,1,40,113,2.384615
1669,130,804,-1,-1,353,11,9,46,24,0,2,674,-1,-1,0.000000
1670,131,824,-1,-1,201,2,10,54,8,0,0,693,-1,-1,0.000000
1671,131,197,202,225,420,0,5,18,5,22,1,66,71,94,1.222222
1672,131,132,200,247,128,38,14,26,47,42,26,1,69,116,1.615385
1673,131,132,159,203,356,20,6,31,22,39,10,1,28,72,1.258065
1674,132,143,157,176,475,5,9,16,12,18,3,11,25,44,1.125000
1675,132,138,155,190,11,2,6,27,6,29,8,6,23,58,1.074074
1676,132,133,163,221,582,22,2,13,23,47,18,1,31,89,3.615385
1677,132,133,295,374,563,122,18,23,106,55,80,1,163,242,2.391304
1678,133,134,135,233,411,1,12,24,1,84,14,1,2,100,3.500000
1679,133,148,183,263,367,32,14,55,23,77,15,15,50,130,1.400000
1680,133,134,139,195,129,0,5,17,5,45,11,1,6,62,2.647059
1681,133,134,156,229,197,20,14,31,12,59,24,1,23,96,1.903226
1682,133,134,136,174,324,2,16,24,2,34,4,1,3,41,1.416667
1683,133,134,151,226,326,11,18,42,11,64,17,1,18,93,1.523810
1684,134,135,166,204,72,21,2,15,29,31,9,1,32,70,2.066667
1685,134,147,267,345,111,93,13,53,80,75,43,13,133,211,1.415094
1686,134,135,143,190,434,6,20,25,4,29,22,1,9,56,1.160000
1687,134,342,368,425,32,3,10,47,3,53,6,208,234,291,1.127660
1688,134,135,296,382,526,51,15,35,49,69,54,1,162,248,1.971429
1689,134,135,288,358,36,57,15,33,57,59,47,1,154,224,1.787879
1690,134,135,168,260,594,30,20,32,23,78,24,1,34,126,2.437500
1691,135,136,149,220,96,8,17,40,7,60,17,1,14,85,1.500000
1692,135,136,152,234,35,8,11,11,8,57,33,1,17,99,5.181818
1693,135,136,157,213,330,17,14,31,11,49,17,1,22,78,1.580645
1694,135,136,179,193,459,33,19,10,29,12,16,1,44,58,1.200000
1695,135,136,143,198,221,4,5,24,4,42,16,1,8,63,1.750000
1696,135,136,224,304,166,73,4,27,65,75,28,1,89,169,2.777778
1697,135,136,151,194,326,11,15,31,13,37,8,1,16,59,1.193548
1698,135,136,137,211,231,1,12,26,1,56,18,1,2,76,2.153846
1699,136,162,176,249,400,5,9,25,11,53,20,26,40,113,2.120000
1700,136,137,185,227,18,44,9,30,27,36,27,1,49,91,1.200000
1701,136,137,161,222,374,19,8,23,18,51,16,1,25,86,2.217391
1702,137,138,143,211,319,2,6,30,5,54,14,1,6,74,1.800000
1703,137,138,246,312,533,90,15,57,79,65,30,1,109,175,1.140351
1704,137,564,-1,-1,103,14,14,54,23,0,7,427,-1,-1,0.000000
1705,137,138,170,239,221,21,4,28,26,50,25,1,33,102,1.785714
1706,137,138,148,226,100,5,8,15,4,65,19,1,11,89,4.333333
1707,137,-1,-1,-1,-1,0,-1,51,0,0,0,-1,-1,-1,0.000000
1708,137,138,178,222,466,27,9,30,33,40,11,1,41,85,1.333333
1709,137,138,370,393,121,153,9,14,150,22,83,1,233,256,1.571429
1710,137,138,230,274,82,60,21,9,46,33,57,1,93,137,3.666667
1711,138,139,162,238,501,15,16,39,13,73,13,1,24,100,1.871795
1712,138,399,643,704,542,9,8,43,32,55,8,261,505,566,1.279070
1713,138,139,180,251,164,32,11,26,23,48,41,1,42,113,1.846154
1714,138,139,246,299,245,94,21,28,61,48,51,1,108,161,1.714286
1715,139,143,149,211,158,0,6,38,6,50,12,4,10,72,1.315789
1716,139,140,312,358,79,52,17,37,56,39,29,1,173,219,1.054054
1717,139,140,152,163,302,1,8,8,8,8,5,1,13,24,1.000000
1718,139,140,144,224,168,2,4,32,4,62,18,1,5,85,1.937500
1719,139,158,174,213,55,8,11,17,14,29,11,19,35,74,1.705882
1720,139,323,330,426,519,2,6,38,3,68,29,184,191,287,1.789474
1721,140,141,160,236,501,15,16,14,8,52,35,1,20,96,3.714286
1722,140,141,141,183,210,0,0,20,0,36,6,1,1,43,1.800000
1723,140,141,151,161,63,3,9,7,10,7,3,1,11,21,1.000000
1724,140,146,559,638,287,124,21,57,105,69,68,6,419,498,1.210526
1725,140,141,166,222,218,14,12,24,19,44,18,1,26,82,1.833333
1726,140,141,149,193,2,2,8,11,8,31,13,1,9,53,2.818182
1727,140,141,149,221,92,5,12,40,4,62,14,1,9,81,1.550000
1728,140,141,186,213,118,30,3,14,34,18,20,1,46,73,1.285714
1729,140,141,149,220,176,7,3,28,7,46,26,1,9,80,1.642857
1730,140,141,146,237,34,3,13,28,5,72,19,1,6,97,2.571429
1731,141,142,309,405,79,45,16,37,43,61,56,1,168,264,1.648649
1732,141,142,154,218,55,6,12,29,8,47,19,1,13,77,1.620690
1733,141,323,327,378,557,1,1,36,2,40,11,182,186,237,1.111111
1734,141,144,183,248,172,26,11,48,31,62,9,3,42,107,1.291667
1735,142,143,168,233,190,16,18,46,19,60,11,1,26,91,1.304348
1736,142,143,208,264,20,48,13,34,44,44,33,1,66,122,1.294118
1737,142,179,244,299,254,9,7,41,31,49,12,37,102,157,1.195122
1738,142,143,329,387,121,106,6,25,142,41,61,1,187,245,1.640000
1739,142,143,183,217,9,30,7,26,29,30,15,1,41,75,1.153846
1740,142,143,175,221,285,14,5,41,30,45,3,1,33,79,1.097561
1741,143,145,217,284,482,46,11,45,60,59,20,2,74,141,1.311111
1742,143,144,156,178,63,5,6,11,11,19,4,1,13,35,1.727273
1743,143,285,288,329,70,0,3,20,3,30,11,142,145,186,1.500000
1744,143,144,145,177,64,0,1,10,1,22,10,1,2,34,2.200000
1745,144,145,160,201,430,12,9,14,10,22,24,1,16,57,1.571429
1746,144,145,202,276,551,37,5,49,26,69,27,1,58,132,1.408163
1747,144,145,157,219,119,5,5,25,9,57,8,1,13,75,2.280000
1748,144,145,153,198,213,6,13,31,6,41,6,1,9,54,1.322581
1749,145,146,172,215,68,13,12,15,22,33,14,1,27,70,2.200000
1750,145,146,151,218,373,1,14,9,3,45,24,1,6,73,5.000000
1751,145,146,201,257,89,39,21,34,34,46,31,1,56,112,1.352941
1752,145,146,227,246,167,65,14,9,59,11,30,1,82,101,1.222222
1753,145,178,183,237,82,5,10,36,5,48,6,33,38,92,1.333333
1754,145,146,149,216,285,3,3,39,3,55,12,1,4,71,1.410256
1755,145,149,153,227,337,3,14,34,3,44,31,4,8,82,1.294118
1756,145,220,321,384,538,13,9,31,23,41,30,75,176,239,1.322581
1757,145,146,152,219,238,5,12,36,4,60,9,1,7,74,1.666667
1758,145,146,185,260,279,31,13,36,29,68,17,1,40,115,1.888889
1759,145,264,282,320,558,13,7,29,18,33,5,119,137,175,1.137931
1760,146,147,156,176,218,5,13,18,8,18,3,1,10,30,1.000000
1761,146,147,191,265,200,28,14,32,26,62,25,1,45,119,1.937500
1762,146,147,199,243,371,41,20,33,29,37,30,1,53,97,1.121212
1763,146,147,148,198,39,0,1,22,1,40,10,1,2,52,1.818182
1764,146,147,247,318,133,90,19,34,68,50,53,1,101,172,1.470588
1765,146,211,408,465,595,16,11,40,48,50,12,65,262,319,1.250000
1766,146,361,604,663,128,60,9,52,64,52,27,215,458,517,1.000000
1767,146,147,175,202,128,14,14,15,18,23,14,1,29,56,1.533333
1768,146,147,153,227,448,2,1,21,6,43,31,1,7,81,2.047619
1769,146,147,250,345,25,62,6,34,67,80,51,1,104,199,2.352941
1770,146,-1,-1,-1,-1,0,-1,58,0,0,0,-1,-1,-1,0.000000
1771,147,148,183,249,141,25,13,18,22,48,31,1,36,102,2.666667
1772,147,207,214,279,578,2,7,25,7,51,14,60,67,132,2.040000
1773,147,148,197,237,201,47,15,32,37,36,16,1,50,90,1.125000
1774,147,148,158,208,200,7,13,30,6,48,6,1,11,61,1.600000
1775,147,148,242,276,153,53,8,23,72,31,25,1,95,129,1.347826
1776,147,157,178,252,558,11,12,46,19,70,5,10,31,105,1.521739
1777,147,148,315,372,211,141,7,47,118,57,49,1,168,225,1.212766
1778,147,148,151,231,505,1,5,28,2,50,31,1,4,84,1.785714
1779,147,148,154,197,373,1,14,35,4,41,4,1,7,50,1.171429
1780,147,148,182,225,102,7,6,17,23,35,19,1,35,78,2.058824
1781,148,149,170,242,57,14,13,32,15,54,24,1,22,94,1.687500
1782,148,149,190,236,7,17,5,23,32,39,16,1,42,88,1.695652
1783,148,149,226,326,385,70,20,37,40,89,47,1,78,178,2.405405
1784,148,149,196,275,521,37,16,40,27,62,36,1,48,127,1.550000
1785,148,149,156,217,9,5,3,24,6,38,24,1,8,69,1.583333
1786,148,341,651,717,122,24,3,47,18,55,24,193,503,569,1.170213
1787,149,150,203,271,134,33,12,19,47,43,31,1,54,122,2.263158
1788,149,156,161,174,565,0,5,13,5,13,0,7,12,25,1.000000
1789,149,150,158,209,226,2,7,36,6,44,9,1,9,60,1.222222
1790,149,150,234,293,421,59,19,15,64,49,30,1,85,144,3.266667
1791,149,150,150,207,38,0,0,34,0,50,7,1,1,58,1.470588
1792,149,272,308,395,110,0,6,33,10,71,16,123,159,246,2.151515
1793,150,151,165,225,456,8,8,21,11,45,18,1,15,75,2.142857
1794,150,151,322,390,225,147,14,43,120,63,56,1,172,240,1.465116
1795,150,151,260,329,76,46,15,38,52,60,20,1,110,179,1.578947
1796,150,176,198,254,552,11,7,31,15,45,12,26,48,104,1.451613
1797,150,199,279,361,442,14,14,54,15,76,15,49,129,211,1.407407
1798,150,151,164,199,271,3,8,25,10,33,4,1,14,49,1.320000
1799,150,151,208,287,141,37,12,22,45,60,31,1,58,137,2.727273
1800,150,151,155,238,303,4,2,31,2,65,20,1,5,88,2.096774
1801,151,152,158,233,482,2,4,47,6,65,10,1,7,82,1.382979
1802,151,165,169,210,17,0,7,27,2,31,10,14,18,59,1.148148
1803,151,152,159,207,502,7,15,30,5,40,10,1,8,56,1.333333
1804,151,152,152,199,9,0,0,13,0,35,12,1,1,48,2.692308
1805,151,152,200,226,276,37,16,15,28,25,21,1,49,75,1.666667
1806,151,152,195,237,490,13,1,38,25,38,16,1,44,86,1.000000
1807,151,152,186,242,455,25,16,34,23,48,19,1,35,91,1.411765
1808,151,649,800,864,515,11,7,44,44,52,14,498,649,713,1.181818
1809,152,153,157,238,58,2,4,41,4,65,16,1,5,86,1.585366
1810,152,153,159,248,410,4,3,36,5,84,6,1,7,96,2.333333
1811,152,153,165,249,326,7,11,29,9,71,16,1,13,97,2.448276
1812,152,153,175,218,101,19,4,28,10,42,13,1,23,66,1.500000
1813,152,153,509,584,172,303,1,40,241,60,130,1,357,432,1.500000
1814,152,153,177,261,394,9,8,24,23,62,23,1,25,109,2.583333
1815,152,153,177,221,271,13,4,29,18,39,11,1,25,69,1.344828
1816,153,154,165,238,226,2,4,39,11,59,14,1,12,85,1.512821
1817,153,218,227,272,546,2,3,38,4,42,3,65,74,119,1.105263
1818,153,154,186,255,133,28,8,30,22,62,17,1,33,102,2.066667
1819,153,154,154,173,102,0,0,9,0,13,6,1,1,20,1.444444
1820,154,155,238,278,26,58,10,23,55,35,33,1,84,124,1.521739
1821,154,155,182,200,252,4,13,12,21,18,6,1,28,46,1.500000
1822,154,155,232,309,273,59,18,49,59,73,22,1,78,155,1.489796
1823,155,212,330,418,16,16,10,43,24,71,18,57,175,263,1.651163
1824,155,156,160,200,3,1,20,12,3,26,15,1,5,45,2.166667
1825,155,156,164,212,14,0,8,12,8,36,12,1,9,57,3.000000
1826,155,264,274,364,276,6,8,29,7,65,26,109,119,209,2.241379
1827,156,157,170,234,598,10,12,26,7,52,18,1,14,78,2.000000
1828,156,157,189,243,512,30,10,28,20,44,22,1,33,87,1.571429
1829,156,347,350,380,137,0,3,24,3,26,4,191,194,224,1.083333
1830,156,157,199,273,291,35,11,15,24,57,35,1,43,117,3.800000
1831,156,172,221,299,569,21,15,46,23,70,20,16,65,143,1.521739
1832,157,158,169,201,189,9,12,10,8,26,9,1,12,44,2.600000
1833,157,158,185,249,355,20,12,12,18,44,29,1,28,92,3.666667
1834,157,158,168,193,97,9,15,14,5,20,10,1,11,36,1.428571
1835,157,158,173,250,109,11,6,30,7,68,17,1,16,93,2.266667
1836,157,158,243,283,112,32,16,36,36,38,14,1,86,126,1.055556
1837,157,213,261,290,104,8,11,28,17,28,3,56,104,133,1.000000
1838,157,158,190,249,110,26,19,25,22,47,22,1,33,92,1.880000
1839,158,159,164,216,22,0,5,20,5,38,14,1,6,58,1.900000
1840,158,159,197,272,245,28,9,24,27,56,30,1,39,114,2.333333
1841,158,159,176,243,209,12,13,15,8,51,25,1,18,85,3.400000
1842,158,159,249,318,377,71,18,49,60,69,30,1,91,160,1.408163
1843,159,160,163,222,537,0,3,16,3,34,25,1,4,63,2.125000
1844,159,160,160,242,429,0,0,42,0,72,10,1,1,83,1.714286
1845,159,555,755,830,564,44,8,54,41,68,26,396,596,671,1.259259
1846,159,160,169,241,324,9,12,28,7,72,2,1,10,82,2.571429
1847,160,161,235,282,355,33,15,20,41,34,35,1,75,122,1.700000
1848,160,161,230,262,26,44,8,15,49,25,27,1,70,102,1.666667
1849,160,430,438,517,405,2,5,56,3,72,7,270,278,357,1.285714
1850,160,161,214,279,441,43,9,37,27,63,28,1,54,119,1.702703
1851,160,161,173,223,108,7,9,33,10,41,11,1,13,63,1.242424
1852,160,161,191,265,217,19,8,42,23,66,15,1,31,105,1.571429
1853,160,163,178,211,400,6,8,23,13,29,4,3,18,51,1.260870
1854,160,161,187,235,299,14,13,24,22,40,12,1,27,75,1.666667
1855,160,161,173,202,111,1,8,14,11,22,8,1,13,42,1.571429
1856,161,162,184,255,81,4,11,17,16,51,26,1,23,94,3.000000
1857,161,162,166,231,201,4,17,52,3,62,4,1,5,70,1.192308
1858,161,162,176,204,396,4,13,15,7,25,10,1,15,43,1.666667
1859,161,162,175,241,433,8,1,23,12,47,20,1,14,80,2.043478
1860,161,329,554,603,118,28,9,45,32,47,16,168,393,442,1.044444
1861,161,163,242,306,355,39,15,28,37,48,38,2,81,145,1.714286
1862,161,162,174,187,171,3,12,9,8,11,6,1,13,26,1.222222
1863,162,163,185,258,478,18,22,24,13,62,20,1,23,96,2.583333
1864,162,163,167,209,57,1,7,25,4,39,3,1,5,47,1.560000
1865,163,164,239,268,421,57,18,17,54,21,29,1,76,105,1.235294
1866,163,164,175,219,304,8,8,16,11,38,6,1,12,56,2.375000
1867,163,164,182,221,73,11,6,21,16,31,10,1,19,58,1.476190
1868,163,164,243,324,225,69,12,40,68,58,34,1,80,161,1.450000
1869,163,164,182,204,269,17,15,10,10,18,12,1,19,41,1.800000
1870,163,164,219,286,385,44,15,45,41,61,20,1,56,123,1.355556
1871,163,164,176,198,373,7,6,14,8,18,8,1,13,35,1.285714
1872,163,426,441,511,12,11,9,52,11,70,3,263,278,348,1.346154
1873,163,164,180,219,3,2,12,15,12,25,18,1,17,56,1.666667
1874,163,726,893,976,593,54,4,45,68,71,23,563,730,813,1.577778
1875,164,165,169,202,164,1,12,20,4,24,9,1,5,38,1.200000
1876,164,165,187,195,512,13,10,8,17,8,5,1,23,31,1.000000
1877,164,-1,-1,-1,-1,0,-1,52,0,0,0,-1,-1,-1,0.000000
1878,164,165,215,281,266,45,13,29,32,55,29,1,51,117,1.896552
1879,164,165,170,252,151,1,14,24,3,66,18,1,6,88,2.750000
1880,164,165,178,258,327,9,10,42,8,70,15,1,14,94,1.666667
1881,164,165,250,333,385,72,21,31,47,67,54,1,86,169,2.161290
1882,164,165,171,256,91,2,3,25,6,65,20,1,7,92,2.600000
1883,165,166,200,248,364,29,15,33,25,43,14,1,35,83,1.303030
1884,165,166,211,274,268,38,12,39,32,59,17,1,46,109,1.512821
1885,165,166,169,233,307,1,7,31,2,55,10,1,4,68,1.774194
1886,165,166,169,243,197,0,3,28,3,58,16,1,4,78,2.071429
1887,165,166,171,253,370,2,5,28,5,66,16,1,6,88,2.357143
1888,166,167,192,211,74,17,12,16,23,18,3,1,26,45,1.125000
1889,166,167,181,244,445,4,16,25,7,39,27,1,15,78,1.560000
1890,166,198,276,359,569,25,7,50,18,76,17,32,110,193,1.520000
1891,166,167,191,262,57,20,3,50,17,66,12,1,25,96,1.320000
1892,167,168,184,221,133,10,4,23,12,31,10,1,17,54,1.347826
1893,167,168,192,244,295,11,14,35,18,45,13,1,25,77,1.285714
1894,167,168,195,228,70,11,12,20,15,26,19,1,28,61,1.300000
1895,167,168,177,227,152,7,8,36,7,44,8,1,10,60,1.222222
1896,167,168,254,281,171,62,10,14,54,24,35,1,87,114,1.714286
1897,167,168,203,263,441,30,8,35,23,55,17,1,36,96,1.571429
1898,167,168,197,263,254,23,5,34,23,58,14,1,30,96,1.705882
1899,168,169,208,278,74,25,10,16,28,54,27,1,40,110,3.375000
1900,168,169,172,245,354,2,13,48,2,66,8,1,4,77,1.375000
1901,168,169,213,276,571,34,7,47,39,59,9,1,45,108,1.255319
1902,169,-1,-1,-1,-1,0,-1,46,0,0,0,-1,-1,-1,0.000000
1903,169,170,170,248,523,0,0,35,0,69,9,1,1,79,1.971429
1904,169,170,170,213,155,0,0,28,0,36,7,1,1,44,1.285714
1905,169,170,186,228,458,4,4,13,14,25,19,1,17,59,1.923077
1906,169,170,203,259,89,12,16,15,23,41,25,1,34,90,2.733333
1907,169,170,329,418,85,134,6,35,108,83,57,1,160,249,2.371429
1908,170,171,301,356,171,81,11,16,81,44,60,1,131,186,2.750000
1909,170,171,188,255,164,12,14,20,12,46,26,1,18,85,2.300000
1910,170,171,220,237,3,37,9,14,32,16,18,1,50,67,1.142857
1911,170,171,214,294,217,25,3,29,30,61,32,1,44,124,2.103448
1912,170,171,173,251,254,1,6,35,2,71,7,1,3,81,2.028571
1913,170,171,211,252,269,38,11,22,32,34,15,1,41,82,1.545455
1914,171,172,215,307,449,33,8,36,38,62,35,1,44,136,1.722222
1915,171,172,223,261,156,29,7,17,37,29,23,1,52,90,1.705882
1916,171,172,176,253,61,1,11,25,4,53,24,1,5,82,2.120000
1917,171,172,217,296,445,38,12,19,28,67,29,1,46,125,3.526316
1918,171,172,199,282,254,21,5,45,22,73,15,1,28,111,1.622222
1919,171,172,179,210,209,3,10,25,5,27,6,1,8,39,1.080000
1920,171,172,234,287,477,17,11,35,25,49,15,1,63,116,1.400000
1921,171,-1,-1,-1,-1,0,-1,61,0,0,0,-1,-1,-1,0.000000
1922,171,213,235,276,578,0,1,25,5,31,10,42,64,105,1.240000
1923,172,173,176,236,307,1,1,43,3,55,5,1,4,64,1.279070
1924,172,173,196,261,139,21,10,29,13,51,24,1,24,89,1.758621
1925,172,173,175,218,308,2,2,33,1,41,3,1,3,46,1.242424
1926,172,689,747,831,218,12,6,43,31,73,14,517,575,659,1.697674
1927,172,173,260,309,296,71,13,30,59,40,37,1,88,137,1.333333
1928,172,173,181,228,70,2,8,23,8,41,6,1,9,56,1.782609
1929,172,173,224,281,162,46,8,27,28,51,29,1,52,109,1.888889
1930,173,174,216,258,149,29,2,28,34,36,14,1,43,85,1.285714
1931,173,174,177,207,105,3,12,21,2,27,4,1,4,34,1.285714
1932,173,174,176,226,408,1,4,13,2,37,13,1,3,53,2.846154
1933,173,174,206,255,269,23,8,28,27,36,18,1,33,82,1.285714
1934,173,784,837,920,350,18,5,46,21,66,19,611,664,747,1.434783
1935,174,175,185,213,478,7,17,19,6,27,5,1,11,39,1.421053
1936,174,-1,-1,-1,-1,0,-1,57,0,0,0,-1,-1,-1,0.000000
1937,174,175,178,268,326,2,3,40,1,70,22,1,4,94,1.750000
1938,174,175,178,231,458,2,1,24,3,40,13,1,4,57,1.666667
1939,174,175,186,212,347,4,13,11,9,23,5,1,12,38,2.090909
1940,174,175,190,244,258,12,12,32,11,50,8,1,16,70,1.562500
1941,174,175,257,305,33,66,8,25,55,35,40,1,83,131,1.400000
1942,174,175,195,269,217,11,1,22,14,60,20,1,21,95,2.727273
1943,174,175,175,212,37,0,0,20,0,34,3,1,1,38,1.700000
1944,174,175,208,231,128,19,8,18,23,20,13,1,34,57,1.111111
1945,175,176,196,217,284,18,18,17,14,21,6,1,21,42,1.235294
1946,175,176,200,213,61,14,9,9,17,11,9,1,25,38,1.222222
1947,175,176,188,257,138,1,10,17,12,55,14,1,13,82,3.235294
1948,175,177,181,213,214,0,4,25,3,31,1,2,6,38,1.240000
1949,175,176,230,299,440,45,17,42,33,60,30,1,55,124,1.428571
1950,175,176,199,246,70,15,5,21,10,35,25,1,24,71,1.666667
1951,175,176,179,256,326,3,2,28,3,58,19,1,4,81,2.071429
1952,175,204,422,483,133,117,17,42,100,60,50,29,247,308,1.428571
1953,176,177,248,320,568,58,9,30,48,62,33,1,72,144,2.066667
1954,176,177,305,372,324,59,18,15,92,43,60,1,129,196,2.866667
1955,176,177,342,416,329,131,11,38,115,54,67,1,166,240,1.421053
1956,176,177,192,272,326,13,1,29,12,65,18,1,16,96,2.241379
1957,176,177,200,278,506,18,12,41,18,63,20,1,24,102,1.536585
1958,176,177,183,272,569,5,14,41,6,77,12,1,7,96,1.878049
1959,177,217,276,332,103,1,17,40,1,50,7,40,99,155,1.250000
1960,177,178,236,317,135,42,6,22,38,62,39,1,59,140,2.818182
1961,177,178,181,227,26,3,10,11,1,35,13,1,4,50,3.181818
1962,177,178,180,209,51,0,2,21,2,25,4,1,3,32,1.190476
1963,177,215,305,396,530,31,8,37,34,69,29,38,128,219,1.864865
1964,178,179,220,281,406,34,13,42,29,54,19,1,42,103,1.285714
1965,178,179,285,298,382,60,8,12,68,12,39,1,107,120,1.000000
1966,178,295,356,437,103,8,12,45,9,61,23,117,178,259,1.355556
1967,178,179,225,256,375,43,9,27,29,29,19,1,47,78,1.074074
1968,178,179,234,297,268,47,20,45,44,63,11,1,56,119,1.400000
1969,178,179,198,277,50,13,20,25,10,67,21,1,20,99,2.680000
1970,179,180,199,246,298,15,2,31,18,43,5,1,20,67,1.387097
1971,179,180,184,220,87,1,14,14,4,32,4,1,5,41,2.285714
1972,179,180,180,214,306,0,0,15,0,25,9,1,1,35,1.666667
1973,179,180,190,265,64,3,8,36,9,66,10,1,11,86,1.833333
1974,179,180,180,224,238,0,0,25,0,37,7,1,1,45,1.480000
1975,179,-1,-1,-1,-1,0,-1,51,0,0,0,-1,-1,-1,0.000000
1976,179,180,201,235,258,18,11,25,16,31,8,1,22,56,1.240000
1977,179,180,199,273,67,16,7,18,13,62,18,1,20,94,3.444444
1978,180,181,207,278,421,22,5,28,20,50,27,1,27,98,1.785714
1979,180,310,388,439,155,10,7,39,28,47,7,130,208,259,1.205128
1980,180,181,236,275,184,38,10,23,30,35,29,1,56,95,1.521739
1981,180,181,186,214,138,0,5,18,5,26,2,1,6,34,1.444444
1982,180,181,182,242,258,1,7,23,1,49,11,1,2,62,2.130435
1983,181,182,183,260,175,1,9,36,1,72,5,1,2,79,2.000000
1984,181,230,236,297,101,2,3,27,6,51,10,49,55,116,1.888889
1985,181,182,245,290,571,55,18,13,44,33,31,1,64,109,2.538462
1986,181,182,249,309,329,54,3,22,53,40,34,1,68,128,1.818182
1987,181,182,191,212,25,3,12,9,6,19,5,1,10,31,2.111111
1988,182,183,251,322,569,57,11,24,41,46,52,1,69,140,1.916667
1989,182,183,191,238,473,1,7,18,8,42,5,1,9,56,2.333333
1990,182,183,185,251,311,2,3,38,2,54,12,1,3,69,1.421053
1991,182,183,201,282,416,11,8,33,16,69,14,1,19,100,2.090909
1992,183,184,198,223,146,8,3,24,10,24,5,1,15,40,1.000000
1993,183,184,232,316,171,40,15,40,31,80,21,1,49,133,2.000000
1994,183,192,198,268,216,2,6,18,6,46,24,9,15,85,2.555556
1995,183,184,184,253,152,0,0,44,0,62,7,1,1,70,1.409091
1996,183,193,220,296,216,0,5,29,8,51,26,10,37,113,1.758621
1997,183,184,277,355,392,70,9,31,59,67,45,1,94,172,2.161290
1998,184,185,255,339,112,59,18,48,48,82,24,1,71,155,1.708333
1999,184,185,213,288,438,23,14,34,23,56,24,1,29,104,1.647059
2000,184,185,188,227,298,2,1,27,2,29,11,1,4,43,1.074074
2001,184,289,324,408,63,11,14,43,14,71,17,105,140,224,1.651163
2002,184,-1,-1,-1,-1,0,-1,54,0,0,0,-1,-1,-1,0.000000
2003,184,185,269,362,276,67,16,33,55,65,57,1,85,178,1.969697
2004,184,185,188,236,67,1,15,30,2,46,3,1,4,52,1.533333
2005,185,186,193,223,478,3,16,19,5,25,7,1,8,38,1.315789
2006,185,186,212,270,532,14,15,29,16,49,19,1,27,85,1.689655
2007,185,186,199,216,116,11,14,15,13,17,0,1,14,31,1.133333
2008,185,186,253,308,414,56,13,24,40,48,34,1,68,123,2.000000
2009,185,186,258,330,452,53,15,35,54,65,25,1,73,145,1.857143
2010,185,186,226,299,128,33,7,40,27,68,18,1,41,114,1.700000
2011,185,186,196,267,174,9,13,47,7,65,9,1,11,82,1.382979
2012,185,186,232,301,371,36,4,28,27,52,36,1,47,116,1.857143
2013,185,186,275,354,581,73,12,29,63,61,44,1,90,169,2.103448
2014,185,186,224,281,378,17,13,45,31,55,9,1,39,96,1.222222
2015,185,186,207,256,184,10,12,10,14,42,14,1,22,71,4.200000
2016,186,-1,-1,-1,-1,0,-1,43,0,0,0,-1,-1,-1,0.000000
2017,186,187,243,300,591,42,12,27,38,53,22,1,57,114,1.962963
2018,186,187,217,247,205,23,13,22,24,28,8,1,31,61,1.272727
2019,187,188,236,275,208,38,11,24,37,34,16,1,49,88,1.416667
2020,187,188,262,348,184,57,11,46,45,80,35,1,75,161,1.739130
2021,187,188,193,244,10,0,4,25,4,45,7,1,6,57,1.800000
2022,187,188,221,237,48,22,18,10,25,12,12,1,34,50,1.200000
2023,188,189,289,315,243,63,17,17,69,25,32,1,101,127,1.470588
2024,188,189,297,361,392,82,7,26,73,56,43,1,109,173,2.153846
2025,188,189,197,221,8,2,11,14,5,20,7,1,9,33,1.428571
2026,188,189,195,270,33,3,4,42,5,64,12,1,7,82,1.523810
2027,188,189,278,325,432,73,7,35,68,41,27,1,90,137,1.171429
2028,188,189,210,292,440,18,17,26,13,64,26,1,22,104,2.461538
2029,188,189,214,260,218,7,8,29,20,43,8,1,26,72,1.482759
2030,188,189,231,294,174,37,14,49,32,63,10,1,43,106,1.285714
2031,188,189,195,216,215,2,11,10,1,12,14,1,7,28,1.200000
2032,189,556,779,856,141,34,8,51,46,67,16,367,590,667,1.313725
2033,189,191,206,284,316,12,13,48,10,66,17,2,17,95,1.375000
2034,189,190,230,276,126,27,15,15,25,35,26,1,41,87,2.333333
2035,190,213,260,331,344,5,12,30,13,64,7,23,70,141,2.133333
2036,190,191,399,475,266,179,16,42,137,68,79,1,209,285,1.619048
2037,190,191,207,264,144,6,12,15,14,41,18,1,17,74,2.733333
2038,190,191,198,261,375,4,3,21,7,41,22,1,8,71,1.952381
2039,190,191,313,348,104,102,16,24,88,32,37,1,123,158,1.333333
2040,190,191,417,490,288,163,19,20,151,56,92,1,227,300,2.800000
2041,190,191,214,261,280,16,7,25,12,41,17,1,24,71,1.640000
2042,190,191,196,222,33,0,3,15,3,19,9,1,6,32,1.266667
2043,191,192,299,350,434,88,11,38,71,46,41,1,108,159,1.210526
2044,191,192,192,281,61,0,0,53,0,81,8,1,1,90,1.528302
2045,191,192,193,233,295,0,1,32,1,38,2,1,2,42,1.187500
2046,191,195,208,233,218,2,12,10,7,16,14,4,17,42,1.600000
2047,192,193,211,272,440,17,19,36,15,58,6,1,19,80,1.611111
2048,192,420,426,469,112,1,2,27,5,33,10,228,234,277,1.222222
2049,192,194,301,365,535,37,16,36,25,50,37,2,109,173,1.388889
2050,192,193,259,287,451,58,18,24,46,28,20,1,67,95,1.166667
2051,192,193,216,294,327,19,11,44,12,76,13,1,24,102,1.727273
2052,192,193,199,243,354,0,6,20,6,36,8,1,7,51,1.800000
2053,193,-1,-1,-1,-1,0,-1,51,0,0,0,-1,-1,-1,0.000000
2054,193,194,296,323,84,83,12,21,71,21,37,1,103,130,1.000000
2055,193,194,244,323,291,42,6,29,33,71,25,1,51,130,2.448276
2056,193,194,197,264,438,3,15,45,2,65,3,1,4,71,1.444444
2057,193,194,274,362,242,59,12,24,52,68,48,1,81,169,2.833333
2058,194,-1,-1,-1,-1,0,-1,52,0,0,0,-1,-1,-1,0.000000
2059,194,195,202,266,13,2,6,20,6,52,13,1,8,72,2.600000
2060,194,195,302,377,272,90,6,35,72,55,55,1,108,183,1.571429
2061,194,195,207,272,538,1,15,28,3,42,25,1,13,78,1.500000
2062,194,195,252,289,356,44,12,17,42,27,25,1,58,95,1.588235
2063,195,196,268,348,385,52,23,47,55,71,26,1,73,153,1.510638
2064,195,196,240,266,44,35,20,15,37,25,8,1,45,71,1.666667
2065,195,196,245,294,559,38,16,38,32,46,20,1,50,99,1.210526
2066,195,196,353,420,406,139,20,35,104,57,63,1,158,225,1.628571
2067,195,293,326,413,63,6,13,43,11,75,13,98,131,218,1.744186
2068,195,196,299,350,294,74,14,28,76,44,34,1,104,155,1.571429
2069,195,196,233,289,293,32,17,30,25,46,22,1,38,94,1.533333
2070,195,196,264,313,479,55,15,26,35,36,46,1,69,118,1.384615
2071,195,196,243,299,494,35,11,46,40,54,9,1,48,104,1.173913
2072,196,425,428,493,561,2,2,49,3,59,6,229,232,297,1.204082
2073,196,197,210,271,220,9,6,22,12,50,12,1,14,75,2.272727
2074,197,778,843,915,72,26,9,45,36,57,25,581,646,718,1.266667
2075,197,342,778,858,90,68,17,48,58,76,35,145,581,661,1.583333
2076,197,-1,-1,-1,-1,0,-1,55,0,0,0,-1,-1,-1,0.000000
2077,197,234,239,281,315,1,5,30,4,40,2,37,42,84,1.333333
2078,197,198,198,254,210,0,0,30,0,48,8,1,1,57,1.600000
2079,198,199,337,390,320,102,15,39,104,47,36,1,139,192,1.205128
2080,198,199,211,235,364,7,12,14,9,22,5,1,13,37,1.571429
2081,198,199,345,386,575,113,15,19,101,29,57,1,147,188,1.526316
2082,198,199,310,393,80,82,21,21,66,57,71,1,112,195,2.714286
2083,198,199,219,257,88,11,13,8,15,28,15,1,21,59,3.500000
2084,198,199,213,234,52,8,7,14,12,16,7,1,15,36,1.142857
2085,198,199,248,313,79,36,14,36,31,64,19,1,50,115,1.777778
2086,198,199,208,239,485,1,5,19,9,21,10,1,10,41,1.105263
2087,198,199,205,277,567,2,2,24,6,46,26,1,7,79,1.916667
2088,199,200,206,232,321,5,12,20,5,20,7,1,7,33,1.000000
2089,199,215,224,265,535,8,20,36,7,38,5,16,25,66,1.055556
2090,199,200,373,455,555,133,4,37,114,67,74,1,174,256,1.810811
2091,199,200,226,278,327,10,15,24,21,32,25,1,27,79,1.333333
2092,199,200,265,295,227,51,16,26,41,26,28,1,66,96,1.000000
2093,199,200,204,250,110,4,14,28,4,42,4,1,5,51,1.500000
2094,199,200,230,297,19,20,12,18,26,50,21,1,31,98,2.777778
2095,199,200,224,285,310,14,17,25,14,43,28,1,25,86,1.720000
2096,199,200,368,465,316,135,9,40,112,68,82,1,169,266,1.700000
2097,199,200,248,318,395,35,17,18,27,56,35,1,49,119,3.111111
2098,200,201,281,318,364,39,10,22,49,28,40,1,81,118,1.272727
2099,200,229,238,264,101,1,4,26,8,26,1,29,38,64,1.000000
2100,200,201,225,285,543,14,12,39,20,53,9,1,25,85,1.358974
2101,200,201,217,250,395,12,17,17,11,27,11,1,17,50,1.588235
2102,200,201,215,266,213,9,12,26,13,40,12,1,15,66,1.538462
2103,200,226,237,275,265,5,9,30,7,34,4,26,37,75,1.133333
2104,200,215,308,396,163,31,15,37,30,61,38,15,108,196,1.648649
2105,200,201,256,297,571,46,19,13,42,27,27,1,56,97,2.076923
2106,201,202,266,336,364,50,5,36,56,64,14,1,65,135,1.777778
2107,201,202,255,338,342,38,11,23,39,59,38,1,54,137,2.565217
2108,201,202,241,306,131,31,15,50,27,62,15,1,40,105,1.240000
2109,201,202,288,374,242,51,12,17,60,57,55,1,87,173,3.352941
2110,201,-1,-1,-1,-1,0,-1,42,0,0,0,-1,-1,-1,0.000000
2111,201,202,213,293,559,10,16,30,5,72,14,1,12,92,2.400000
2112,201,202,244,313,218,30,12,30,35,58,18,1,43,112,1.933333
2113,201,267,415,486,128,40,15,36,57,64,17,66,214,285,1.777778
2114,202,203,225,251,68,10,11,11,12,23,13,1,23,49,2.090909
2115,202,203,225,277,385,20,19,19,15,41,18,1,23,75,2.157895
2116,202,203,231,257,126,21,6,21,23,23,8,1,29,55,1.095238
2117,202,421,430,486,574,6,4,47,8,51,5,219,228,284,1.085106
2118,202,203,266,338,123,45,7,58,50,70,5,1,64,136,1.206897
2119,202,203,232,309,535,23,13,52,16,72,18,1,30,107,1.384615
2120,202,203,248,324,218,34,13,29,34,47,40,1,46,122,1.620690
2121,202,203,216,259,364,3,8,16,13,36,7,1,14,57,2.250000
2122,203,204,210,240,519,3,14,19,4,27,5,1,7,37,1.421053
2123,203,429,453,520,366,9,3,53,13,65,4,226,250,317,1.226415
2124,203,204,305,326,76,49,16,14,71,18,33,1,102,123,1.285714
2125,204,205,205,218,101,0,0,11,0,11,2,1,1,14,1.000000
2126,204,209,244,292,144,24,12,28,30,38,15,5,40,88,1.357143
2127,204,205,225,284,322,10,11,44,15,56,8,1,21,80,1.272727
2128,204,205,213,259,268,7,14,22,4,40,10,1,9,55,1.818182
2129,204,205,205,231,398,0,0,18,0,24,2,1,1,27,1.333333
2130,204,205,225,313,299,15,13,51,12,85,11,1,21,109,1.666667
2131,204,205,238,314,259,25,15,48,29,66,14,1,34,110,1.375000
2132,204,205,263,339,6,48,12,45,27,75,28,1,59,135,1.666667
2133,204,205,317,372,271,70,20,34,84,46,37,1,113,168,1.352941
2134,205,212,225,300,548,1,7,27,12,55,21,7,20,95,2.037037
2135,205,206,234,289,356,22,9,25,17,43,23,1,29,84,1.720000
2136,205,206,290,339,26,52,16,43,60,47,25,1,85,134,1.093023
2137,205,206,241,312,94,20,8,23,26,63,17,1,36,107,2.739130
2138,206,207,207,247,589,0,0,26,0,34,6,1,1,41,1.307692
2139,206,207,223,299,97,6,14,54,9,76,1,1,17,93,1.407407
2140,206,233,343,411,94,58,8,44,60,56,34,27,137,205,1.272727
2141,207,208,231,264,110,9,11,10,14,24,18,1,24,57,2.400000
2142,207,208,225,266,397,13,4,10,11,36,11,1,18,59,3.600000
2143,207,208,269,314,385,54,14,32,44,44,18,1,62,107,1.375000
2144,207,208,235,307,351,19,14,55,18,71,10,1,28,100,1.290909
2145,207,269,296,386,558,4,2,31,21,71,19,62,89,179,2.290323
2146,207,262,364,420,303,54,7,47,39,55,28,55,157,213,1.170213
2147,208,209,289,323,455,49,7,17,61,31,22,1,81,115,1.823529
2148,208,209,211,274,34,0,1,27,1,43,21,1,3,66,1.592593
2149,208,209,235,292,322,19,11,31,21,53,9,1,27,84,1.709677
2150,209,210,211,257,220,0,1,25,1,39,7,1,2,48,1.560000
2151,209,329,561,624,549,25,13,45,37,57,13,120,352,415,1.266667
2152,209,210,233,310,31,18,7,22,13,72,15,1,24,101,3.272727
2153,209,210,250,326,100,38,14,24,30,56,30,1,41,117,2.333333
2154,209,328,544,625,153,55,15,43,71,71,35,119,335,416,1.651163
2155,210,211,217,242,598,3,16,8,6,12,13,1,7,32,1.500000
2156,210,215,285,334,56,45,19,43,40,47,21,5,75,124,1.093023
2157,210,211,217,268,189,4,13,35,2,47,8,1,7,58,1.342857
2158,210,211,294,384,518,64,17,53,63,83,27,1,84,174,1.566038
2159,210,211,231,303,496,17,14,38,12,54,26,1,21,93,1.421053
2160,211,212,214,291,469,1,16,39,2,67,10,1,3,80,1.717949
2161,211,212,239,296,465,14,9,17,19,41,24,1,28,85,2.411765
2162,211,212,242,271,62,14,14,21,26,27,6,1,31,60,1.285714
2163,211,212,215,260,333,1,3,25,1,35,12,1,4,49,1.400000
2164,211,214,226,301,543,8,12,44,12,64,11,3,15,90,1.454545
2165,211,281,387,466,43,76,11,48,63,72,38,70,176,255,1.500000
2166,211,260,267,346,282,7,13,45,5,61,20,49,56,135,1.355556
2167,212,213,271,332,340,35,11,34,36,50,33,1,59,120,1.470588
2168,212,213,214,226,213,0,1,9,1,11,1,1,2,14,1.222222
2169,212,213,238,319,455,17,7,37,23,65,18,1,26,107,1.756757
2170,212,237,240,281,504,0,3,19,3,27,14,25,28,69,1.421053
2171,212,213,279,348,317,48,17,46,36,66,33,1,67,136,1.434783
2172,212,213,215,304,99,2,2,28,2,82,7,1,3,92,2.928571
2173,213,214,238,286,99,17,1,27,20,35,17,1,25,73,1.296296
2174,213,214,236,280,131,14,16,37,15,43,8,1,23,67,1.162162
2175,213,214,245,259,31,13,3,14,25,14,6,1,32,46,1.000000
2176,213,214,216,286,191,0,2,33,2,69,1,1,3,73,2.090909
2177,213,272,295,381,335,14,12,39,17,69,20,59,82,168,1.769231
2178,213,214,272,353,226,36,14,23,33,69,37,1,59,140,3.000000
2179,213,610,856,944,447,0,4,41,2,65,23,397,643,731,1.585366
2180,213,214,266,316,4,29,16,12,33,36,33,1,53,103,3.000000
2181,213,214,222,285,265,1,9,12,5,44,22,1,9,72,3.666667
2182,213,214,242,289,378,23,17,17,21,39,15,1,29,76,2.294118
2183,213,214,219,270,323,3,8,31,5,45,6,1,6,57,1.451613
2184,213,234,236,257,334,0,2,17,2,19,2,21,23,44,1.117647
2185,213,214,289,346,251,51,13,23,57,43,32,1,76,133,1.869565
2186,213,214,216,276,318,0,2,22,2,52,8,1,3,63,2.363636
2187,213,315,400,459,37,16,5,39,30,51,12,102,187,246,1.307692
2188,214,215,224,295,503,7,9,55,9,69,2,1,10,81,1.254545
2189,214,400,708,771,21,12,9,43,36,57,9,186,494,557,1.325581
2190,214,215,315,395,100,79,9,22,62,54,64,1,101,181,2.454545
2191,214,-1,-1,-1,-1,0,-1,53,0,0,0,-1,-1,-1,0.000000
2192,214,215,250,271,293,9,14,9,26,15,15,1,36,57,1.666667
2193,214,215,260,320,479,40,17,23,24,43,38,1,46,106,1.869565
2194,215,216,230,305,8,4,13,27,13,55,21,1,15,90,2.037037
2195,215,216,226,243,12,6,7,7,6,15,6,1,11,28,2.142857
2196,215,216,226,246,344,9,6,13,8,19,3,1,11,31,1.461538
2197,215,216,245,286,219,17,17,17,18,31,21,1,30,71,1.823529
2198,215,216,247,329,518,25,16,33,19,71,23,1,32,114,2.151515
2199,215,216,244,292,414,20,8,14,26,38,12,1,29,77,2.714286
2200,215,216,286,329,562,47,16,32,39,42,32,1,71,114,1.312500
2201,216,217,292,360,227,62,15,30,40,64,39,1,76,144,2.133333
2202,216,793,806,862,591,2,9,45,7,53,3,577,590,646,1.177778
2203,216,217,230,267,84,9,12,21,8,33,9,1,14,51,1.571429
2204,216,217,226,284,303,7,14,28,7,46,14,1,10,68,1.642857
2205,216,217,221,263,38,2,3,29,3,39,4,1,5,47,1.344828
2206,216,217,238,301,37,10,19,14,11,50,23,1,22,85,3.571429
2207,216,217,218,267,242,1,9,18,1,34,15,1,2,51,1.888889
2208,216,221,228,297,200,0,7,29,7,57,12,5,12,81,1.965517
2209,217,218,218,275,433,0,0,44,0,52,5,1,1,58,1.181818
2210,217,565,571,668,56,2,5,34,5,74,23,348,354,451,2.176471
2211,217,218,257,327,554,28,11,33,34,61,14,1,40,110,1.848485
2212,217,218,222,246,193,0,4,17,4,23,1,1,5,29,1.352941
2213,217,218,220,280,38,0,2,16,2,42,18,1,3,63,2.625000
2214,217,218,230,308,409,11,11,30,10,58,22,1,13,91,1.933333
2215,218,219,229,277,514,9,25,17,7,33,18,1,11,59,1.941176
2216,218,219,269,328,195,43,17,27,34,55,20,1,51,110,2.037037
2217,218,219,227,309,356,7,6,23,7,49,34,1,9,91,2.130435
2218,218,219,245,297,161,20,5,26,20,34,24,1,27,79,1.307692
2219,218,219,341,427,588,93,14,50,81,76,43,1,123,209,1.520000
2220,218,293,634,723,321,49,6,44,61,84,30,75,416,505,1.909091
2221,218,219,239,252,21,2,16,13,15,13,5,1,21,34,1.000000
2222,218,219,228,304,129,8,14,27,8,53,24,1,10,86,1.962963
2223,218,219,328,351,255,74,13,17,76,21,35,1,110,133,1.235294
2224,219,220,233,315,227,11,15,33,8,77,10,1,14,96,2.333333
2225,219,220,223,233,321,2,3,7,3,9,1,1,4,14,1.285714
2226,219,220,220,290,155,0,0,34,0,62,8,1,1,71,1.823529
2227,219,220,239,293,90,15,15,21,12,43,18,1,20,74,2.047619
2228,219,220,237,271,29,11,15,21,13,31,7,1,18,52,1.476190
2229,219,220,225,286,51,4,3,23,4,47,15,1,6,67,2.043478
2230,219,220,286,360,509,40,1,46,30,62,33,1,67,141,1.347826
2231,220,221,278,333,486,45,17,36,47,46,19,1,58,113,1.277778
2232,220,221,226,250,481,4,7,12,5,20,4,1,6,30,1.666667
2233,220,414,454,536,27,27,7,42,36,68,18,194,234,316,1.619048
2234,220,221,223,287,472,2,3,31,2,55,9,1,3,67,1.774194
2235,221,222,254,290,534,26,7,31,24,35,9,1,33,69,1.129032
2236,221,222,293,379,60,36,8,38,48,68,32,1,72,158,1.789474
2237,221,222,238,303,40,11,11,11,12,53,16,1,17,82,4.818182
2238,221,222,253,326,452,18,11,19,21,59,24,1,32,105,3.105263
2239,221,222,228,272,353,4,5,25,6,37,7,1,7,51,1.480000
2240,221,-1,-1,-1,-1,0,-1,47,0,0,0,-1,-1,-1,0.000000
2241,221,222,247,281,198,17,3,15,17,29,13,1,26,60,1.933333
2242,221,222,247,313,136,10,15,29,24,45,22,1,26,92,1.551724
2243,222,223,255,318,530,17,1,32,18,46,29,1,33,96,1.437500
2244,222,223,283,327,183,24,2,15,43,39,22,1,61,105,2.600000
2245,222,223,247,325,306,22,13,58,19,74,9,1,25,103,1.275862
2246,222,223,245,285,365,19,6,25,17,33,12,1,23,63,1.320000
2247,222,225,257,321,238,8,15,28,23,52,16,3,35,99,1.857143
2248,222,223,306,353,428,65,8,33,59,39,32,1,84,131,1.181818
2249,222,223,228,254,124,3,8,21,3,23,5,1,6,32,1.095238
2250,222,223,460,571,135,188,21,36,149,80,119,1,238,349,2.222222
2251,223,224,224,298,472,0,0,47,0,71,3,1,1,75,1.510638
2252,223,224,226,264,53,2,17,26,2,36,2,1,3,41,1.384615
2253,223,224,230,317,356,5,1,22,5,74,14,1,7,94,3.363636
2254,223,224,259,338,156,29,8,29,24,63,27,1,36,115,2.172414
2255,223,224,225,262,532,1,6,11,1,27,10,1,2,39,2.454545
2256,223,231,245,293,339,4,11,41,13,47,2,8,22,70,1.146341
2257,224,225,246,270,90,13,12,11,15,19,11,1,22,46,1.727273
2258,224,225,227,254,62,0,2,16,2,24,3,1,3,30,1.500000
2259,224,-1,-1,-1,-1,0,-1,50,0,0,0,-1,-1,-1,0.000000
2260,224,225,290,349,219,49,13,38,44,52,28,1,66,125,1.368421
2261,225,226,261,282,119,16,10,16,18,18,20,1,36,57,1.125000
2262,225,226,229,298,266,3,1,47,3,67,2,1,4,73,1.425532
2263,225,226,257,332,153,18,7,23,20,63,23,1,32,107,2.739130
2264,225,805,931,-1,438,20,1,45,41,60,10,580,706,-1,1.333333
2265,225,226,233,264,531,5,15,19,4,27,7,1,8,39,1.421053
2266,225,226,242,312,279,16,20,49,6,67,13,1,17,87,1.367347
2267,225,226,228,294,14,2,1,18,1,46,21,1,3,69,2.555556
2268,226,239,241,317,196,2,12,48,1,70,7,13,15,91,1.458333
2269,226,227,233,298,15,6,11,27,6,49,16,1,7,72,1.814815
2270,226,227,288,308,389,31,19,18,44,18,19,1,62,82,1.000000
2271,226,783,-1,-1,114,8,12,53,22,0,3,557,-1,-1,0.000000
2272,226,227,285,334,477,32,13,27,38,41,28,1,59,108,1.518519
2273,226,227,261,339,365,21,4,25,25,73,14,1,35,113,2.920000
2274,226,227,237,303,507,8,10,46,10,54,12,1,11,77,1.173913
2275,227,228,316,344,25,49,2,10,64,22,30,1,89,117,2.200000
2276,227,228,265,310,199,26,19,35,24,39,19,1,38,83,1.114286
2277,227,228,244,261,235,11,9,10,9,16,8,1,17,34,1.600000
2278,227,228,278,330,301,31,18,26,34,44,24,1,51,103,1.692308
2279,227,228,242,312,587,11,10,55,11,69,4,1,15,85,1.254545
2280,227,228,245,312,171,11,10,28,15,64,5,1,18,85,2.285714
2281,227,228,259,306,309,22,15,31,27,39,12,1,32,79,1.258065
2282,227,228,252,328,182,19,15,52,23,68,9,1,25,101,1.307692
2283,228,229,276,331,383,39,11,45,27,47,28,1,48,103,1.044444
2284,228,229,247,334,156,14,7,57,18,77,10,1,19,106,1.350877
2285,228,229,234,312,464,4,16,40,4,64,15,1,6,84,1.600000
2286,228,229,353,405,490,104,9,31,84,43,49,1,125,177,1.387097
2287,228,229,267,310,345,28,7,37,22,37,22,1,39,82,1.000000
2288,228,229,322,398,514,68,15,26,65,72,32,1,94,170,2.769231
2289,228,229,230,309,320,0,1,29,1,59,20,1,2,81,2.034483
2290,229,230,292,346,145,52,4,42,36,50,30,1,63,117,1.190476
2291,229,230,243,310,226,9,14,27,11,59,10,1,14,81,2.185185
2292,229,230,246,300,170,9,2,24,13,32,25,1,17,71,1.333333
2293,230,231,242,305,529,6,13,17,8,49,17,1,12,75,2.882353
2294,230,231,297,383,22,41,10,48,46,74,32,1,67,153,1.541667
2295,230,231,279,331,180,41,2,29,35,43,22,1,49,101,1.482759
2296,230,231,244,324,156,9,5,41,13,69,11,1,14,94,1.682927
2297,231,232,322,397,487,52,14,21,55,53,57,1,91,166,2.523810
2298,231,232,243,291,240,10,9,28,7,42,10,1,12,60,1.500000
2299,231,232,255,298,559,12,15,18,14,30,22,1,24,67,1.666667
2300,231,232,237,246,350,5,11,6,2,8,4,1,6,15,1.333333
2301,231,232,235,297,219,3,23,44,1,56,8,1,4,66,1.272727
2302,231,232,237,269,466,5,23,27,5,29,3,1,6,38,1.074074
2303,231,232,255,301,468,18,16,23,17,41,11,1,24,70,1.782609
2304,232,258,437,484,514,131,20,42,104,46,51,26,205,252,1.095238
2305,232,233,272,305,240,24,8,18,28,30,14,1,40,73,1.666667
2306,232,233,238,303,458,5,13,32,4,54,12,1,6,71,1.687500
2307,232,233,234,285,145,0,1,41,1,43,8,1,2,53,1.048780
2308,232,233,236,301,11,0,3,35,3,57,8,1,4,69,1.628571
2309,232,233,310,353,559,60,12,38,49,40,30,1,78,121,1.052632
2310,232,723,-1,-1,586,34,9,55,33,0,15,491,-1,-1,0.000000
2311,232,233,280,360,495,33,11,49,40,73,10,1,48,128,1.489796
2312,233,234,240,290,496,6,16,27,4,41,11,1,7,57,1.518519
2313,233,234,251,309,202,17,17,37,12,49,14,1,18,76,1.324324
2314,233,234,248,273,322,6,13,13,14,19,6,1,15,40,1.461538
2315,233,234,441,509,543,160,13,48,138,64,71,1,208,276,1.333333
2316,233,234,235,247,39,0,1,9,1,11,1,1,2,14,1.222222
2317,233,234,266,331,310,26,6,33,18,63,16,1,33,98,1.909091
2318,233,234,238,291,156,2,4,30,4,44,9,1,5,58,1.466667
2319,233,417,418,488,289,1,8,44,1,60,10,184,185,255,1.363636
2320,233,246,261,338,592,7,17,49,5,73,7,13,28,105,1.489796
2321,233,234,246,276,585,10,11,19,10,25,7,1,13,43,1.315789
2322,233,234,282,336,95,32,18,29,32,43,27,1,49,103,1.482759
2323,233,234,259,297,35,21,7,19,20,25,18,1,26,64,1.315789
2324,233,234,264,328,182,18,6,30,22,54,18,1,31,95,1.800000
2325,233,234,276,308,286,27,17,13,30,25,19,1,43,75,1.923077
2326,234,235,292,371,19,14,16,14,41,64,31,1,58,137,4.571429
2327,234,235,244,313,534,6,10,20,6,38,34,1,10,79,1.900000
2328,234,479,839,943,516,68,12,44,81,92,32,245,605,709,2.090909
2329,235,239,239,253,265,0,0,11,0,13,1,4,4,18,1.181818
2330,235,236,242,299,537,6,6,47,4,55,4,1,7,64,1.170213
2331,235,236,246,310,312,2,6,27,10,47,17,1,11,75,1.740741
2332,235,236,331,420,304,80,1,30,68,58,58,1,96,185,1.933333
2333,235,236,244,287,40,8,5,31,6,39,6,1,9,52,1.258065
2334,236,328,363,449,17,4,7,42,6,62,25,92,127,213,1.476190
2335,236,237,243,310,121,4,8,27,5,53,15,1,7,74,1.962963
2336,236,237,254,296,184,8,7,18,15,38,6,1,18,60,2.111111
2337,236,237,242,284,315,1,2,23,5,33,9,1,6,48,1.434783
2338,236,705,-1,-1,315,5,23,60,5,0,7,469,-1,-1,0.000000
2339,236,563,761,834,155,5,10,52,5,60,15,327,525,598,1.153846
2340,237,238,289,356,160,39,21,47,37,61,20,1,52,119,1.297872
2341,237,238,268,347,531,23,17,27,18,55,36,1,31,110,2.037037
2342,237,238,243,301,35,0,4,26,4,36,23,1,6,64,1.384615
2343,237,244,259,281,467,5,8,12,13,20,4,7,22,44,1.666667
2344,237,675,-1,-1,321,5,7,51,9,0,0,438,-1,-1,0.000000
2345,237,379,389,439,584,2,3,41,8,47,3,142,152,202,1.146341
2346,237,238,286,394,171,38,3,32,31,96,29,1,49,157,3.000000
2347,237,238,282,348,364,34,13,44,32,60,18,1,45,111,1.363636
2348,237,238,241,291,256,3,20,19,2,39,12,1,4,54,2.052632
2349,237,238,238,309,310,0,0,32,0,58,13,1,1,72,1.812500
2350,237,238,291,315,15,42,16,14,34,22,21,1,54,78,1.571429
2351,237,238,268,349,206,21,8,33,25,57,29,1,31,112,1.727273
2352,238,239,319,341,234,55,5,18,45,20,37,1,81,103,1.111111
2353,238,281,676,763,324,164,3,48,148,80,76,43,438,525,1.666667
2354,238,239,326,409,50,75,13,35,62,73,35,1,88,171,2.085714
2355,238,239,324,382,364,67,13,45,59,55,29,1,86,144,1.222222
2356,238,239,279,321,49,31,5,21,28,31,23,1,41,83,1.476190
2357,238,239,297,374,299,44,21,38,35,60,40,1,59,136,1.578947
2358,238,239,241,282,490,1,4,25,2,37,4,1,3,44,1.480000
2359,238,239,253,311,566,9,8,17,7,45,20,1,15,73,2.647059
2360,238,239,240,304,170,0,1,25,1,53,11,1,2,66,2.120000
2361,239,240,249,289,267,9,7,33,7,37,5,1,10,50,1.121212
2362,239,240,258,318,458,10,12,32,14,50,14,1,19,79,1.562500
2363,239,276,287,355,449,6,10,40,6,52,21,37,48,116,1.300000
2364,239,240,286,300,111,39,4,11,27,13,20,1,47,61,1.181818
2365,239,240,241,292,20,1,5,19,1,35,16,1,2,53,1.842105
2366,239,240,241,329,171,0,1,29,1,81,7,1,2,90,2.793103
2367,240,241,323,375,514,62,15,39,56,45,33,1,83,135,1.153846
2368,240,243,302,355,264,11,5,28,18,44,20,3,62,115,1.571429
2369,241,-1,-1,-1,-1,0,-1,57,0,0,0,-1,-1,-1,0.000000
2370,241,242,242,301,454,0,0,43,0,47,12,1,1,60,1.093023
2371,241,242,247,261,5,0,4,7,4,13,2,1,6,20,1.857143
2372,241,242,379,474,54,76,7,14,75,46,111,1,138,233,3.285714
2373,241,242,286,311,43,19,9,15,32,15,22,1,45,70,1.000000
2374,241,242,267,315,561,19,14,19,17,39,17,1,26,74,2.052632
2375,242,243,286,359,364,27,10,44,35,70,11,1,44,117,1.590909
2376,242,243,275,366,233,21,12,36,24,62,37,1,33,124,1.722222
2377,242,243,244,314,331,0,1,19,1,55,15,1,2,72,2.894737
2378,242,243,303,393,231,41,12,47,38,89,19,1,61,151,1.893617
2379,242,243,250,282,158,4,14,23,4,29,6,1,8,40,1.260870
2380,242,243,290,348,237,17,12,32,28,42,26,1,48,106,1.312500
2381,242,253,255,273,241,0,2,17,2,17,1,11,13,31,1.000000
2382,243,610,841,952,252,4,7,41,12,89,23,367,598,709,2.170732
2383,243,244,256,276,151,1,4,16,12,18,2,1,13,33,1.125000
2384,243,-1,-1,-1,-1,0,-1,53,0,0,0,-1,-1,-1,0.000000
2385,243,244,287,302,67,17,8,12,27,12,19,1,44,59,1.000000
2386,243,386,401,458,136,6,7,41,15,53,4,143,158,215,1.292683
2387,243,244,253,308,121,7,6,18,5,44,15,1,10,65,2.444444
2388,243,244,256,279,96,6,14,16,9,18,8,1,13,36,1.125000
2389,243,244,284,338,70,27,16,41,23,47,24,1,41,95,1.146341
2390,243,391,407,462,334,2,6,40,6,50,6,148,164,219,1.250000
2391,243,244,252,311,597,7,10,19,7,45,15,1,9,68,2.368421
2392,244,245,251,318,444,1,4,28,6,50,17,1,7,74,1.785714
2393,244,245,267,344,36,12,13,21,17,65,17,1,23,100,3.095238
2394,244,245,263,329,151,8,3,36,16,62,6,1,19,85,1.722222
2395,244,245,281,306,227,21,3,18,26,22,13,1,37,62,1.222222
2396,244,245,252,328,582,4,15,40,5,74,4,1,8,84,1.850000
2397,244,245,252,274,169,0,7,14,7,18,4,1,8,30,1.285714
2398,244,245,245,285,590,0,0,15,0,33,7,1,1,41,2.200000
2399,244,245,247,323,20,0,2,18,2,62,14,1,3,79,3.444444
2400,245,246,262,282,324,9,12,11,14,15,7,1,17,37,1.363636
2401,245,246,298,360,513,46,1,31,34,61,19,1,53,115,1.967742
2402,245,427,428,487,568,0,1,21,1,45,14,182,183,242,2.142857
2403,245,246,299,343,95,27,18,30,40,40,17,1,54,98,1.333333
2404,246,270,271,319,558,0,1,37,1,43,5,24,25,73,1.162162
2405,246,247,295,318,46,42,22,12,27,20,24,1,49,72,1.666667
2406,246,247,254,276,359,4,8,19,7,21,1,1,8,30,1.105263
2407,246,247,257,296,477,4,10,27,9,33,7,1,11,50,1.222222
2408,246,247,397,474,148,110,13,30,86,50,91,1,151,228,1.666667
2409,246,247,253,300,526,4,6,17,6,33,14,1,7,54,1.941176
2410,246,247,256,303,260,5,14,15,7,33,16,1,10,57,2.200000
2411,246,247,317,396,486,57,1,42,47,56,46,1,71,150,1.333333
2412,247,248,263,335,392,14,11,25,7,57,23,1,16,88,2.280000
2413,247,248,250,327,30,2,2,20,2,56,21,1,3,80,2.800000
2414,247,248,288,391,582,32,18,37,30,85,28,1,41,144,2.297297
2415,247,248,276,294,597,13,14,14,20,16,8,1,29,47,1.142857
2416,247,248,302,385,393,42,13,20,34,64,39,1,55,138,3.200000
2417,247,248,251,278,307,2,12,18,3,24,3,1,4,31,1.333333
2418,247,248,253,333,429,5,17,35,3,59,23,1,6,86,1.685714
2419,248,249,277,362,295,26,13,29,21,57,35,1,29,114,1.965517
2420,248,249,249,331,272,0,0,41,0,69,13,1,1,83,1.682927
2421,248,249,262,286,32,3,16,19,8,23,6,1,14,38,1.210526
2422,248,249,253,304,218,3,4,32,4,44,7,1,5,56,1.375000
2423,248,249,325,385,393,66,12,36,42,50,44,1,77,137,1.388889
2424,249,250,357,439,496,81,13,31,82,59,48,1,108,190,1.903226
2425,249,430,432,489,395,0,2,21,2,43,14,181,183,240,2.047619
2426,249,250,251,313,565,1,8,48,1,58,4,1,2,64,1.208333
2427,249,250,266,319,468,7,15,39,12,47,10,1,17,70,1.205128
2428,249,250,270,309,393,17,13,25,14,33,12,1,21,60,1.320000
2429,250,251,303,353,286,41,9,27,37,35,30,1,53,103,1.296296
2430,250,251,264,340,75,5,12,40,6,62,21,1,14,90,1.550000
2431,250,251,267,332,482,6,4,33,15,49,17,1,17,82,1.484848
2432,250,322,337,386,7,0,5,19,9,29,26,72,87,136,1.526316
2433,250,251,261,333,390,7,6,29,8,55,19,1,11,83,1.896552
2434,250,251,280,304,158,9,19,19,24,21,8,1,30,54,1.105263
2435,251,252,269,323,444,12,3,30,12,46,13,1,18,72,1.533333
2436,251,433,436,452,593,1,2,13,3,13,3,182,185,201,1.000000
2437,251,252,253,281,85,0,1,16,1,22,6,1,2,30,1.375000
2438,251,252,259,288,236,7,16,23,5,25,6,1,8,37,1.086957
2439,251,252,278,364,552,22,10,17,18,57,37,1,27,113,3.352941
2440,251,323,336,401,326,4,5,32,9,54,15,72,85,150,1.687500
2441,251,252,261,270,26,0,4,9,8,9,1,1,10,19,1.000000
2442,252,253,269,333,190,5,9,17,11,45,24,1,17,81,2.647059
2443,252,253,269,346,492,16,12,40,6,64,23,1,17,94,1.600000
2444,252,253,345,403,252,68,11,46,69,54,27,1,93,151,1.173913
2445,252,253,260,326,285,4,16,39,4,57,12,1,8,74,1.461538
2446,252,253,262,285,12,2,6,13,8,19,5,1,10,33,1.461538
2447,253,667,707,784,496,2,8,50,7,70,9,414,454,531,1.400000
2448,253,254,265,290,477,1,3,21,10,23,3,1,12,37,1.095238
2449,253,254,264,319,54,6,5,20,10,50,5,1,11,66,2.500000
2450,253,502,502,580,583,0,0,46,0,72,6,249,249,327,1.565217
2451,253,254,261,296,404,5,18,27,5,33,4,1,8,43,1.222222
2452,253,254,278,310,108,15,13,19,14,29,13,1,25,57,1.526316
2453,253,254,266,295,451,1,9,17,4,25,5,1,13,42,1.470588
2454,253,254,255,332,573,0,1,37,1,51,26,1,2,79,1.378378
2455,253,254,269,329,192,9,9,39,13,53,9,1,16,76,1.358974
2456,254,255,284,345,190,19,11,25,16,45,29,1,30,91,1.800000
2457,254,255,257,267,65,0,2,9,2,9,1,1,3,13,1.000000
2458,254,255,283,357,565,17,5,21,20,53,29,1,29,103,2.523810
2459,254,255,330,402,141,47,20,23,45,49,53,1,76,148,2.130435
2460,254,255,347,426,256,63,19,41,61,63,47,1,93,172,1.536585
2461,254,309,362,463,531,24,8,37,34,79,27,55,108,209,2.135135
2462,255,256,297,323,199,27,8,13,30,19,18,1,42,68,1.461538
2463,255,256,330,365,539,60,3,31,49,33,27,1,75,110,1.064516
2464,255,256,273,355,444,8,6,28,14,64,21,1,18,100,2.285714
2465,255,256,344,444,197,53,9,25,69,73,46,1,89,189,2.920000
2466,255,256,436,523,470,135,15,50,116,70,80,1,181,268,1.400000
2467,255,256,333,398,252,50,15,26,58,56,28,1,78,143,2.153846
2468,256,257,277,309,207,10,6,32,11,32,9,1,21,53,1.000000
2469,256,324,324,365,37,0,0,24,0,32,9,68,68,109,1.333333
2470,256,257,309,401,463,38,9,25,31,59,54,1,53,145,2.360000
2471,256,257,278,346,410,5,3,18,21,50,18,1,22,90,2.777778
2472,256,257,268,289,199,10,9,20,10,20,2,1,12,33,1.000000
2473,256,611,614,709,447,0,3,33,2,63,32,355,358,453,1.909091
2474,256,257,286,297,451,11,6,10,27,10,3,1,30,41,1.000000
2475,257,258,297,341,522,33,4,24,29,38,16,1,40,84,1.583333
2476,257,258,258,282,167,0,0,17,0,23,1,1,1,25,1.352941
2477,257,258,273,341,505,10,25,40,11,58,14,1,16,84,1.450000
2478,257,369,749,839,547,32,6,48,33,76,31,112,492,582,1.583333
2479,257,414,443,531,148,20,7,42,27,70,19,157,186,274,1.666667
2480,257,258,264,355,252,3,14,36,4,82,11,1,7,98,2.277778
2481,258,259,293,370,589,26,1,18,25,60,26,1,35,112,3.333333
2482,258,259,263,298,319,2,3,30,3,32,4,1,5,40,1.066667
2483,258,259,259,326,539,0,0,44,0,58,9,1,1,68,1.318182
2484,258,259,339,420,322,62,15,29,53,59,49,1,81,162,2.034483
2485,258,259,300,334,338,32,17,14,32,24,19,1,42,76,1.714286
2486,258,259,278,320,440,15,6,31,15,37,9,1,20,62,1.193548
2487,258,259,354,462,261,71,20,32,54,76,73,1,96,204,2.375000
2488,259,292,460,529,205,88,16,56,73,66,38,33,201,270,1.178571
2489,259,260,268,322,67,8,1,16,5,48,9,1,9,63,3.000000
2490,259,260,347,438,426,80,21,39,62,71,45,1,88,179,1.820513
2491,259,269,272,318,381,0,3,20,3,28,18,10,13,59,1.400000
2492,259,278,305,335,323,12,14,23,20,25,9,19,46,76,1.086957
2493,259,260,276,363,522,12,3,18,11,58,34,1,17,104,3.222222
2494,259,263,279,309,597,1,7,20,7,22,8,4,20,50,1.100000
2495,259,260,267,340,529,2,1,26,6,58,16,1,8,81,2.230769
2496,259,260,281,368,404,19,17,29,18,77,13,1,22,109,2.655172
2497,260,261,276,357,186,13,11,17,14,55,27,1,16,97,3.235294
2498,260,261,265,297,505,3,11,22,4,28,4,1,5,37,1.272727
2499,260,261,314,400,386,43,15,43,34,73,32,1,54,140,1.697674
2500,260,261,294,308,193,23,14,12,23,12,12,1,34,48,1.000000
2501,260,261,352,421,395,69,14,49,67,67,26,1,92,161,1.367347
2502,260,261,284,350,441,21,14,42,16,56,17,1,24,90,1.333333
2503,261,262,269,339,373,4,5,48,3,62,12,1,8,78,1.291667
2504,261,262,355,453,404,67,23,26,64,72,55,1,94,192,2.769231
2505,261,284,332,360,588,24,11,28,34,28,3,23,71,99,1.000000
2506,261,512,513,596,74,0,1,31,1,71,12,251,252,335,2.290323
2507,261,262,321,342,91,38,6,13,45,15,20,1,60,81,1.153846
2508,261,262,336,404,149,62,12,47,43,65,34,1,75,143,1.382979
2509,261,262,318,366,177,19,6,24,40,42,22,1,57,105,1.750000
2510,261,265,302,388,520,22,12,49,33,75,14,4,41,127,1.530612
2511,262,263,310,396,517,39,17,49,33,71,29,1,48,134,1.448980
2512,262,263,837,881,341,439,22,32,363,38,217,1,575,619,1.187500
2513,262,263,445,526,464,47,14,45,57,69,17,1,183,264,1.533333
2514,262,263,291,311,108,19,11,18,23,18,7,1,29,49,1.000000
2515,262,263,326,403,470,56,11,35,40,57,43,1,64,141,1.628571
2516,262,425,433,529,263,8,8,48,8,70,26,163,171,267,1.458333
2517,263,264,268,328,381,2,5,24,4,42,18,1,5,65,1.750000
2518,263,264,408,490,547,105,6,51,94,69,52,1,145,227,1.352941
2519,263,264,299,339,42,23,12,20,19,28,28,1,36,76,1.400000
2520,263,264,322,421,262,38,15,31,44,69,44,1,59,158,2.225806
2521,263,264,294,360,572,27,15,38,20,62,14,1,31,97,1.631579
2522,264,266,268,360,333,0,2,31,2,69,23,2,4,96,2.225806
2523,264,265,278,365,449,2,10,34,8,56,36,1,14,101,1.647059
2524,264,-1,-1,-1,-1,0,-1,62,0,0,0,-1,-1,-1,0.000000
2525,264,265,265,350,383,0,0,25,0,57,28,1,1,86,2.280000
2526,264,265,273,317,6,0,5,15,7,37,8,1,9,53,2.466667
2527,264,265,286,322,127,12,14,10,11,20,26,1,22,58,2.000000
2528,264,265,302,398,118,34,17,23,21,73,39,1,38,134,3.173913
2529,265,269,271,297,215,0,2,11,2,17,9,4,6,32,1.545455
2530,265,266,271,319,303,3,3,26,5,40,8,1,6,54,1.538462
2531,265,285,299,379,588,6,10,37,8,49,32,20,34,114,1.324324
2532,265,266,272,298,276,2,6,23,6,25,1,1,7,33,1.086957
2533,265,266,266,282,565,0,0,11,0,11,5,1,1,17,1.000000
2534,265,612,657,746,561,1,7,37,8,75,14,347,392,481,2.027027
2535,266,267,341,411,375,57,20,29,45,67,32,1,75,145,2.310345
2536,266,267,270,294,597,0,3,18,1,20,4,1,4,28,1.111111
2537,266,267,312,365,466,37,3,39,28,51,19,1,46,99,1.307692
2538,266,267,291,378,572,19,14,31,13,65,33,1,25,112,2.096774
2539,267,268,303,358,142,12,1,24,9,38,26,1,36,91,1.583333
2540,267,268,272,309,468,3,19,18,3,22,16,1,5,42,1.222222
2541,267,268,297,377,337,20,11,32,18,68,23,1,30,110,2.125000
2542,267,268,319,420,325,37,15,24,35,72,45,1,52,153,3.000000
2543,267,268,298,374,107,24,12,18,17,54,35,1,31,107,3.000000
2544,267,268,301,357,137,20,7,34,19,48,22,1,34,90,1.411765
2545,267,268,268,317,334,0,0,37,0,47,2,1,1,50,1.270270
2546,268,269,269,316,142,0,0,20,0,24,23,1,1,48,1.200000
2547,268,269,294,356,366,15,12,45,20,59,8,1,26,88,1.311111
2548,268,269,407,462,468,122,19,42,86,48,59,1,139,194,1.142857
2549,268,269,420,498,531,120,19,42,111,70,48,1,152,230,1.666667
2550,269,271,291,300,128,1,14,8,13,8,4,2,22,31,1.000000
2551,269,404,417,499,426,10,3,41,13,65,17,135,148,230,1.585366
2552,269,270,292,369,368,19,8,52,13,76,10,1,23,100,1.461538
2553,269,-1,-1,-1,-1,0,-1,54,0,0,0,-1,-1,-1,0.000000
2554,269,270,324,370,210,45,10,27,38,37,25,1,55,101,1.370370
2555,270,271,318,354,127,37,14,22,29,26,28,1,48,84,1.181818
2556,270,271,415,446,425,16,19,26,35,26,6,1,145,176,1.000000
2557,270,271,272,302,117,1,12,19,0,29,2,1,2,32,1.526316
2558,270,271,315,374,201,38,12,29,37,49,17,1,45,104,1.689655
2559,270,271,296,314,413,6,5,14,24,16,2,1,26,44,1.142857
2560,270,-1,-1,-1,-1,0,-1,51,0,0,0,-1,-1,-1,0.000000
2561,271,325,352,436,506,0,1,38,1,68,16,54,81,165,1.789474
2562,271,272,347,389,435,55,12,26,53,36,28,1,76,118,1.384615
2563,271,272,339,427,552,53,18,38,48,66,41,1,68,156,1.736842
2564,271,272,277,292,231,5,4,8,5,10,5,1,6,21,1.250000
2565,271,272,302,357,112,21,6,16,27,38,20,1,31,86,2.375000
2566,271,272,273,327,367,0,1,34,1,40,14,1,2,56,1.176471
2567,272,273,288,307,379,10,6,12,13,12,9,1,16,35,1.000000
2568,272,273,275,298,337,0,2,19,2,21,2,1,3,26,1.105263
2569,272,273,293,341,523,15,19,36,17,42,9,1,21,69,1.166667
2570,272,-1,-1,-1,-1,0,-1,52,0,0,0,-1,-1,-1,0.000000
2571,272,273,309,355,406,30,24,18,16,34,32,1,37,83,1.888889
2572,272,273,351,390,84,40,12,20,56,36,25,1,79,118,1.800000
2573,272,273,273,335,183,0,0,29,0,61,1,1,1,63,2.103448
2574,272,273,346,410,447,57,9,47,48,63,26,1,74,138,1.340426
2575,273,274,357,419,545,59,21,15,53,45,47,1,84,146,3.000000
2576,273,274,361,458,429,65,15,45,60,71,46,1,88,185,1.577778
2577,273,274,412,444,104,98,12,20,94,28,48,1,139,171,1.400000
2578,273,274,277,301,78,0,3,18,3,20,4,1,4,28,1.111111
2579,273,279,297,372,366,3,12,23,11,61,16,6,24,99,2.652174
2580,274,275,310,405,136,27,6,21,23,61,46,1,36,131,2.904762
2581,274,275,384,481,377,50,12,46,51,76,51,1,110,207,1.652174
2582,274,275,293,357,34,13,15,28,8,42,32,1,19,83,1.500000
2583,274,275,306,361,198,19,10,41,25,51,10,1,32,87,1.243902
2584,274,275,275,329,217,0,0,31,0,41,13,1,1,55,1.322581
2585,275,276,352,379,456,36,13,12,44,22,37,1,77,104,1.833333
2586,275,276,313,359,137,19,1,24,24,36,23,1,38,84,1.500000
2587,275,276,289,323,164,10,9,24,10,30,7,1,14,48,1.250000
2588,275,277,286,373,216,6,13,42,6,62,27,2,11,98,1.476190
2589,275,276,284,339,254,5,18,23,6,49,8,1,9,64,2.130435
2590,275,441,444,466,580,0,3,9,3,17,5,166,169,191,1.888889
2591,276,290,299,315,557,0,7,11,5,11,5,14,23,39,1.000000
2592,276,277,287,312,456,9,14,17,5,21,9,1,11,36,1.235294
2593,276,277,279,346,117,2,11,19,0,49,20,1,3,70,2.578947
2594,276,277,282,361,19,0,5,11,5,57,22,1,6,85,5.181818
2595,276,277,292,371,62,10,1,40,13,60,21,1,16,95,1.500000
2596,276,277,298,362,588,16,13,23,12,45,28,1,22,86,1.956522
2597,276,277,279,308,196,0,2,25,2,27,2,1,3,32,1.080000
2598,276,293,308,380,51,8,4,28,15,58,14,17,32,104,2.071429
2599,276,342,375,434,116,8,9,47,9,55,5,66,99,158,1.170213
2600,276,277,312,372,435,20,11,37,28,47,20,1,36,96,1.270270
2601,276,327,381,427,496,6,7,37,19,39,8,51,105,151,1.054054
2602,277,278,317,355,143,31,14,10,25,28,24,1,40,78,2.800000
2603,277,278,310,408,447,19,5,29,24,83,23,1,33,131,2.862069
2604,277,278,298,323,431,19,17,17,12,21,12,1,21,46,1.235294
2605,277,416,429,513,537,6,1,43,11,73,11,139,152,236,1.697674
2606,277,278,312,361,236,27,16,28,20,48,15,1,35,84,1.714286
2607,277,278,309,397,476,23,3,14,21,52,46,1,32,120,3.714286
2608,278,279,512,595,51,174,6,32,163,64,88,1,234,317,2.000000
2609,278,279,330,386,166,39,15,46,33,52,14,1,52,108,1.130435
2610,278,279,299,331,34,16,10,22,11,26,15,1,21,53,1.181818
2611,278,279,292,320,104,9,17,14,11,20,10,1,14,42,1.428571
2612,278,280,390,475,377,54,13,45,43,73,47,2,112,197,1.622222
2613,278,279,280,311,91,0,1,15,1,21,10,1,2,33,1.400000
2614,278,279,315,419,204,21,8,27,23,77,40,1,37,141,2.851852
2615,279,280,281,329,65,0,1,36,1,46,2,1,2,50,1.277778
2616,279,280,328,379,394,37,19,16,30,44,25,1,49,100,2.750000
2617,279,280,284,317,197,0,4,29,4,31,2,1,5,38,1.068966
2618,279,280,282,348,368,0,2,28,2,50,16,1,3,69,1.785714
2619,280,281,298,387,536,15,14,46,14,78,14,1,18,107,1.695652
2620,280,281,295,348,34,6,14,9,2,31,34,1,15,68,3.444444
2621,280,331,343,411,91,1,5,35,5,51,20,51,63,131,1.457143
2622,281,282,283,310,361,0,1,16,1,20,7,1,2,29,1.250000
2623,281,282,396,444,420,103,14,40,76,44,42,1,115,163,1.100000
2624,281,282,347,391,578,49,19,21,46,41,22,1,66,110,1.952381
2625,281,282,301,326,396,11,17,15,16,21,7,1,20,45,1.400000
2626,281,282,294,351,45,3,11,14,12,38,19,1,13,70,2.714286
2627,281,660,683,786,131,6,5,40,9,76,29,379,402,505,1.900000
2628,281,282,327,420,149,27,17,29,36,79,23,1,46,139,2.724138
2629,281,282,288,363,376,3,5,17,4,47,30,1,7,82,2.764706
2630,281,289,314,344,557,0,8,26,8,28,2,8,33,63,1.076923
2631,281,282,379,448,61,70,10,31,53,55,58,1,98,167,1.774194
2632,281,282,287,336,51,1,3,25,5,37,12,1,6,55,1.480000
2633,281,282,411,499,256,83,10,34,97,66,54,1,130,218,1.941176
2634,281,282,294,312,28,3,7,10,12,16,2,1,13,31,1.600000
2635,282,283,342,439,357,48,7,31,46,73,37,1,60,157,2.354839
2636,282,283,323,416,370,30,12,39,23,73,37,1,41,134,1.871795
2637,282,283,301,394,28,9,6,37,15,69,27,1,19,112,1.864865
2638,282,283,288,323,366,4,11,17,3,23,14,1,6,41,1.352941
2639,282,283,290,379,500,4,16,46,5,78,13,1,8,97,1.695652
2640,282,293,326,376,366,4,13,31,9,41,10,11,44,94,1.322581
2641,282,283,360,379,480,38,18,10,46,16,34,1,78,97,1.600000
2642,282,283,368,434,369,56,15,57,48,59,31,1,86,152,1.035088
2643,282,283,325,344,104,17,12,7,23,15,23,1,43,62,2.142857
2644,282,609,611,657,219,0,2,32,2,36,10,327,329,375,1.125000
2645,282,283,290,322,433,2,4,21,7,25,7,1,8,40,1.190476
2646,283,-1,-1,-1,-1,0,-1,58,0,0,0,-1,-1,-1,0.000000
2647,283,706,782,867,247,48,10,51,36,85,23,423,499,584,1.666667
2648,283,284,320,346,504,26,10,11,26,19,17,1,37,63,1.727273
2649,283,361,426,501,573,13,7,51,14,69,10,78,143,218,1.352941
2650,283,284,284,357,476,0,0,32,0,60,13,1,1,74,1.875000
2651,284,285,296,333,228,10,8,27,10,33,5,1,12,49,1.222222
2652,284,285,285,313,348,0,0,25,0,27,1,1,1,29,1.080000
2653,284,285,344,445,541,49,12,21,31,59,70,1,60,161,2.809524
2654,284,285,287,327,447,2,1,15,2,29,11,1,3,43,1.933333
2655,284,285,297,324,2,6,12,20,11,24,4,1,13,40,1.200000
2656,284,285,292,356,575,7,7,50,7,62,2,1,8,72,1.240000
2657,284,678,680,772,43,0,6,50,1,78,14,394,396,488,1.560000
2658,285,286,667,745,404,157,21,61,141,71,79,1,382,460,1.163934
2659,285,286,304,350,201,14,11,29,12,41,11,1,19,65,1.413793
2660,285,286,302,377,335,2,9,49,4,71,5,1,17,92,1.448980
2661,285,286,300,350,127,10,24,36,13,48,3,1,15,65,1.333333
2662,285,286,345,405,489,51,12,36,44,52,23,1,60,120,1.444444
2663,285,286,293,319,492,0,5,14,5,24,4,1,8,34,1.714286
2664,285,286,329,398,51,20,3,18,35,54,23,1,44,113,3.000000
2665,285,292,358,393,93,44,11,29,59,33,8,7,73,108,1.137931
2666,286,287,290,370,372,3,15,45,3,73,7,1,4,84,1.622222
2667,286,287,304,377,258,7,11,35,15,57,18,1,18,91,1.628571
2668,286,287,308,334,421,11,10,16,17,22,8,1,22,48,1.375000
2669,286,287,342,437,351,43,5,25,41,85,24,1,56,151,3.400000
2670,286,287,314,357,400,21,11,22,20,32,18,1,28,71,1.454545
2671,286,426,447,511,263,17,7,50,20,56,9,140,161,225,1.120000
2672,286,287,430,487,396,106,17,42,90,54,56,1,144,201,1.285714
2673,287,288,295,335,167,5,11,24,4,38,5,1,8,48,1.583333
2674,287,288,659,740,311,316,6,40,230,80,142,1,372,453,2.000000
2675,287,288,321,345,166,25,12,16,19,24,14,1,34,58,1.500000
2676,287,288,308,346,402,17,8,24,16,30,12,1,21,59,1.250000
2677,287,-1,-1,-1,-1,0,-1,55,0,0,0,-1,-1,-1,0.000000
2678,287,288,288,307,67,0,0,15,0,17,2,1,1,20,1.133333
2679,288,289,296,380,553,5,4,47,4,83,4,1,8,92,1.765957
2680,288,289,366,445,456,50,17,24,43,76,37,1,78,157,3.166667
2681,289,290,320,432,203,22,12,35,24,81,37,1,31,143,2.314286
2682,289,290,312,396,261,14,14,58,13,78,12,1,23,107,1.344828
2683,289,290,370,449,296,49,14,17,46,47,66,1,81,160,2.764706
2684,289,290,302,386,360,9,15,47,8,71,17,1,13,97,1.510638
2685,289,290,290,364,130,0,0,28,0,48,26,1,1,75,1.714286
2686,289,290,317,349,480,22,12,27,20,29,10,1,28,60,1.074074
2687,289,290,297,385,294,7,8,28,7,62,26,1,8,96,2.214286
2688,289,290,295,338,351,4,5,34,3,40,5,1,6,49,1.176471
2689,290,291,317,353,126,13,16,25,23,29,10,1,27,63,1.160000
2690,290,291,297,309,89,1,11,9,6,11,1,1,7,19,1.222222
2691,290,291,307,381,315,12,11,41,10,59,21,1,17,91,1.439024
2692,290,291,337,403,313,36,11,45,32,61,19,1,47,113,1.355556
2693,290,291,296,324,77,5,11,21,3,25,5,1,6,34,1.190476
2694,290,291,302,382,415,4,13,40,5,68,17,1,12,92,1.700000
2695,291,292,321,373,401,27,12,24,19,36,26,1,30,82,1.500000
2696,291,292,304,373,423,7,3,24,12,58,11,1,13,82,2.416667
2697,291,292,304,389,387,10,24,46,8,80,9,1,13,98,1.739130
2698,291,292,311,390,360,15,15,48,14,72,12,1,20,99,1.500000
2699,292,293,297,371,93,4,6,40,3,64,11,1,5,79,1.600000
2700,292,293,354,377,259,51,12,14,42,20,22,1,62,85,1.428571
2701,292,293,315,375,166,15,12,20,14,48,20,1,23,83,2.400000
2702,292,293,298,341,250,5,7,30,3,38,7,1,6,49,1.266667
2703,292,293,303,351,425,8,17,30,9,40,9,1,11,59,1.333333
2704,292,293,307,355,228,8,8,34,10,40,12,1,15,63,1.176471
2705,292,461,463,496,403,0,2,25,2,31,2,169,171,204,1.240000
2706,293,294,355,388,169,49,18,19,36,29,29,1,62,95,1.526316
2707,293,294,312,395,292,14,13,22,11,62,28,1,19,102,2.818182
2708,293,294,377,402,12,46,13,13,57,17,34,1,84,109,1.307692
2709,293,294,333,393,386,36,4,39,33,55,11,1,40,100,1.410256
2710,293,294,295,344,185,1,16,23,1,37,12,1,2,51,1.608696
2711,293,294,316,340,162,13,15,21,15,23,8,1,23,47,1.095238
2712,294,295,309,390,406,10,11,26,11,50,34,1,15,96,1.923077
2713,294,295,311,383,270,10,11,16,14,50,24,1,17,89,3.125000
2714,294,295,297,393,378,1,18,21,1,77,20,1,3,99,3.666667
2715,294,295,301,377,327,5,14,52,3,72,7,1,7,83,1.384615
2716,294,295,305,319,370,9,4,11,10,11,3,1,11,25,1.000000
2717,294,295,295,322,208,0,0,18,0,24,3,1,1,28,1.333333
2718,294,295,364,403,511,54,13,29,44,37,27,1,70,109,1.275862
2719,294,295,310,344,185,7,17,29,9,31,9,1,16,50,1.068966
2720,295,296,323,367,17,20,14,15,18,31,22,1,28,72,2.066667
2721,295,296,355,438,572,50,10,38,45,62,35,1,60,143,1.631579
2722,295,296,299,319,370,2,3,11,3,17,3,1,4,24,1.545455
2723,295,296,322,400,388,19,1,46,25,70,9,1,27,105,1.521739
2724,295,296,366,463,42,54,14,22,44,68,55,1,71,168,3.090909
2725,296,297,351,422,362,45,17,47,39,59,27,1,55,126,1.255319
2726,296,297,307,336,127,7,5,17,6,25,8,1,11,40,1.470588
2727,296,297,322,378,107,8,13,13,17,33,31,1,26,82,2.538462
2728,296,297,318,364,529,19,5,37,12,39,16,1,22,68,1.054054
2729,296,297,323,368,387,20,10,34,20,40,11,1,27,72,1.176471
2730,296,297,349,420,244,39,2,49,42,67,13,1,53,124,1.367347
2731,296,297,306,353,243,3,11,22,7,34,15,1,10,57,1.545455
2732,297,298,329,402,404,17,6,42,21,60,23,1,32,105,1.428571
2733,297,298,358,413,511,51,7,39,45,51,19,1,61,116,1.307692
2734,297,298,308,353,412,7,15,28,4,36,15,1,11,56,1.285714
2735,297,298,306,388,577,3,13,16,4,64,22,1,9,91,4.000000
2736,297,298,301,386,289,0,3,43,3,79,6,1,4,89,1.837209
2737,297,311,318,403,319,0,7,32,7,66,19,14,21,106,2.062500
2738,297,298,318,369,408,10,5,25,17,41,12,1,21,72,1.640000
2739,297,298,346,420,505,37,14,28,27,56,39,1,49,123,2.000000
2740,297,305,311,341,215,0,6,23,6,27,3,8,14,44,1.173913
2741,297,298,307,386,431,8,7,44,6,70,12,1,10,89,1.590909
2742,297,298,302,329,546,1,5,17,4,21,6,1,5,32,1.235294
2743,297,298,326,403,313,18,12,20,21,54,30,1,29,106,2.700000
2744,297,298,322,409,415,17,14,35,16,57,38,1,25,112,1.628571
2745,298,299,302,341,212,2,7,23,3,33,6,1,4,43,1.434783
2746,298,308,389,417,184,5,6,16,26,18,14,10,91,119,1.125000
2747,298,299,304,375,497,5,8,37,3,63,10,1,6,77,1.702703
2748,298,299,332,426,229,19,17,39,22,79,26,1,34,128,2.025641
2749,298,299,329,383,572,23,11,41,25,47,12,1,31,85,1.146341
2750,298,302,447,531,149,54,14,51,45,77,40,4,149,233,1.509804
2751,298,299,324,405,318,22,7,38,17,72,17,1,26,107,1.894737
2752,298,299,309,378,472,8,16,45,9,59,11,1,11,80,1.311111
2753,299,450,452,523,455,0,2,28,2,48,23,151,153,224,1.714286
2754,299,-1,-1,-1,-1,0,-1,63,0,0,0,-1,-1,-1,0.000000
2755,299,306,340,447,167,27,12,36,27,70,44,7,41,148,1.944444
2756,299,307,496,556,413,121,13,46,129,52,50,8,197,257,1.130435
2757,299,335,341,365,326,1,1,21,6,23,1,36,42,66,1.095238
2758,299,300,313,340,230,11,16,19,10,21,9,1,14,41,1.105263
2759,299,300,318,356,149,12,12,24,12,32,12,1,19,57,1.333333
2760,299,-1,-1,-1,-1,0,-1,48,0,0,0,-1,-1,-1,0.000000
2761,299,300,305,395,576,4,4,33,3,65,27,1,6,96,1.969697
2762,299,300,408,434,104,63,16,16,71,22,41,1,109,135,1.375000
2763,300,301,349,412,319,27,11,48,31,60,6,1,49,112,1.250000
2764,300,301,303,379,285,1,9,37,2,53,23,1,3,79,1.432432
2765,300,301,411,490,506,77,9,41,78,69,42,1,111,190,1.682927
2766,300,301,356,391,371,43,13,22,42,32,16,1,56,91,1.454545
2767,300,-1,-1,-1,-1,0,-1,42,0,0,0,-1,-1,-1,0.000000
2768,300,310,327,370,196,11,9,25,16,33,11,10,27,70,1.320000
2769,300,301,311,393,158,9,19,24,5,66,21,1,11,93,2.750000
2770,301,302,790,855,362,378,17,51,316,63,168,1,489,554,1.235294
2771,301,302,318,373,221,14,5,21,10,41,20,1,17,72,1.952381
2772,301,302,321,381,102,7,7,25,14,51,14,1,20,80,2.040000
2773,301,302,311,391,413,5,13,44,7,64,18,1,10,90,1.454545
2774,301,-1,-1,-1,-1,0,-1,54,0,0,0,-1,-1,-1,0.000000
2775,301,302,352,412,582,43,1,44,34,52,24,1,51,111,1.181818
2776,301,302,308,375,167,4,11,26,3,44,26,1,7,74,1.692308
2777,301,302,328,417,180,17,20,37,18,83,14,1,27,116,2.243243
2778,302,303,307,324,143,4,12,11,4,13,4,1,5,22,1.181818
2779,302,303,320,369,215,4,8,28,13,44,6,1,18,67,1.571429
2780,303,304,321,374,81,14,1,30,13,42,15,1,18,71,1.400000
2781,303,304,333,403,287,22,5,36,18,64,17,1,30,100,1.777778
2782,303,304,317,356,118,8,16,21,12,29,11,1,14,53,1.380952
2783,303,304,343,366,162,29,16,11,34,19,8,1,40,63,1.727273
2784,303,304,305,335,478,0,1,23,1,23,7,1,2,32,1.000000
2785,303,304,307,341,145,3,9,21,2,29,6,1,4,38,1.380952
2786,304,306,312,344,360,3,15,28,3,32,3,2,8,40,1.142857
2787,304,305,328,409,532,17,12,43,19,69,16,1,24,105,1.604651
2788,304,743,955,-1,275,92,14,47,90,43,28,439,651,-1,0.914894
2789,304,305,340,403,180,28,11,32,21,54,23,1,36,99,1.687500
2790,304,305,321,352,528,9,17,21,12,27,8,1,17,48,1.285714
2791,304,305,324,376,99,13,5,22,17,40,14,1,20,72,1.818182
2792,304,305,312,352,401,7,6,25,3,35,9,1,8,48,1.400000
2793,304,312,328,403,427,8,10,36,12,48,31,8,24,99,1.333333
2794,305,306,366,450,578,52,15,41,39,67,38,1,61,145,1.634146
2795,305,344,559,610,553,20,15,45,26,47,11,39,254,305,1.044444
2796,305,306,310,410,108,2,4,21,3,69,32,1,5,105,3.285714
2797,305,306,311,383,45,1,4,30,5,66,6,1,6,78,2.200000
2798,306,307,360,396,218,37,7,23,39,31,19,1,54,90,1.347826
2799,306,307,314,394,544,5,2,40,4,66,17,1,8,88,1.650000
2800,306,307,328,377,153,13,13,25,9,37,24,1,22,71,1.480000
2801,306,307,307,339,49,0,0,14,0,24,8,1,1,33,1.714286
2802,306,524,527,573,248,0,3,23,3,37,9,218,221,267,1.608696
2803,306,770,783,863,383,5,20,59,7,73,8,464,477,557,1.237288
2804,307,308,309,370,221,0,1,24,1,46,15,1,2,63,1.916667
2805,307,308,526,616,440,176,16,41,138,69,98,1,219,309,1.682927
2806,307,308,310,328,102,0,2,15,2,17,1,1,3,21,1.133333
2807,307,326,418,504,416,57,20,49,57,67,39,19,111,197,1.367347
2808,307,308,342,411,178,9,7,25,26,51,26,1,35,104,2.040000
2809,308,309,363,394,259,42,12,29,36,29,20,1,55,86,1.000000
2810,308,309,341,372,191,7,12,16,22,24,17,1,33,64,1.500000
2811,308,821,969,-1,229,22,5,47,38,27,9,513,661,-1,0.574468
2812,308,309,316,346,22,3,7,21,7,29,1,1,8,38,1.380952
2813,308,309,316,347,505,5,17,13,4,25,9,1,8,39,1.923077
2814,308,309,416,494,418,77,19,33,74,61,50,1,108,186,1.848485
2815,308,309,365,454,590,38,19,30,43,74,28,1,57,146,2.466667
2816,309,310,315,375,0,4,15,32,4,44,17,1,6,66,1.375000
2817,309,310,322,398,300,10,21,26,6,42,40,1,13,89,1.615385
2818,309,310,322,427,501,12,2,27,10,69,38,1,13,118,2.555556
2819,309,310,310,351,188,0,0,18,0,32,9,1,1,42,1.777778
2820,309,319,341,440,187,11,9,43,18,71,29,10,32,131,1.651163
2821,309,310,486,559,283,124,15,36,121,66,62,1,177,250,1.833333
2822,309,310,347,427,26,28,11,53,22,75,20,1,38,118,1.415094
2823,309,310,627,674,484,250,22,18,232,34,98,1,318,365,1.888889
2824,309,310,356,437,100,34,11,26,36,62,29,1,47,128,2.384615
2825,309,310,311,332,276,0,1,15,1,17,4,1,2,23,1.133333
2826,309,-1,-1,-1,-1,0,-1,43,0,0,0,-1,-1,-1,0.000000
2827,309,310,322,413,527,5,11,37,10,61,32,1,13,104,1.648649
2828,309,310,312,349,52,0,2,24,2,32,5,1,3,40,1.333333
2829,310,311,325,421,78,9,9,16,10,64,36,1,15,111,4.000000
2830,310,311,327,370,484,10,21,16,12,30,17,1,17,60,1.875000
2831,310,311,358,423,181,39,13,44,25,54,33,1,48,113,1.227273
2832,310,311,314,372,412,2,12,25,1,45,15,1,4,62,1.800000
2833,310,311,354,423,211,32,5,34,28,58,26,1,44,113,1.705882
2834,310,311,314,327,184,0,3,10,3,12,1,1,4,17,1.200000
2835,310,311,327,358,249,12,15,17,13,19,15,1,17,48,1.117647
2836,310,311,321,390,552,2,7,15,8,41,30,1,11,80,2.733333
2837,311,312,316,343,229,2,15,18,3,24,4,1,5,32,1.333333
2838,311,312,350,407,312,32,14,30,28,40,27,1,39,96,1.333333
2839,311,312,326,406,203,11,3,29,12,53,29,1,15,95,1.827586
2840,311,313,333,370,263,5,6,21,18,27,12,2,22,59,1.285714
2841,311,312,314,338,12,0,2,8,2,22,2,1,3,27,2.750000
2842,312,313,363,406,181,36,10,33,36,37,20,1,51,94,1.121212
2843,312,313,315,346,178,0,2,21,2,29,2,1,3,34,1.380952
2844,312,313,317,385,545,3,6,30,3,62,7,1,5,73,2.066667
2845,312,313,320,333,87,1,10,13,7,13,0,1,8,21,1.000000
2846,312,313,321,419,67,1,6,17,8,55,43,1,9,107,3.235294
2847,312,313,357,438,590,32,13,21,31,55,39,1,45,126,2.619048
2848,312,313,327,357,119,4,5,15,13,23,8,1,15,45,1.533333
2849,312,313,325,406,7,6,9,38,12,66,15,1,13,94,1.736842
2850,313,314,413,499,200,62,11,30,73,60,52,1,100,186,2.000000
2851,313,551,564,642,157,8,11,50,10,60,18,238,251,329,1.200000
2852,313,314,329,394,228,6,17,43,14,59,7,1,16,81,1.372093
2853,313,314,368,465,18,37,12,11,43,79,29,1,55,152,7.181818
2854,313,314,393,440,259,62,8,25,51,43,32,1,80,127,1.720000
2855,313,314,315,393,13,1,10,25,1,47,31,1,2,80,1.880000
2856,313,314,348,425,107,22,8,31,23,63,25,1,35,112,2.032258
2857,313,314,320,406,543,3,5,24,5,54,33,1,7,93,2.250000
2858,313,314,409,487,11,69,19,29,69,57,45,1,96,174,1.965517
2859,314,315,321,360,375,5,6,13,5,27,13,1,7,46,2.076923
2860,314,357,386,428,544,3,8,22,10,32,11,43,72,114,1.454545
2861,314,315,357,413,292,25,19,39,32,51,15,1,43,99,1.307692
2862,314,315,323,359,86,7,8,14,6,24,14,1,9,45,1.714286
2863,315,316,317,344,218,0,1,16,1,16,11,1,2,29,1.000000
2864,315,316,336,445,238,16,8,43,18,93,18,1,21,130,2.162791
2865,315,316,548,619,251,179,12,50,150,62,91,1,233,304,1.240000
2866,315,316,333,423,298,8,3,29,14,75,18,1,18,108,2.586207
2867,315,316,334,407,181,11,9,24,13,62,16,1,19,92,2.583333
2868,315,-1,-1,-1,-1,0,-1,61,0,0,0,-1,-1,-1,0.000000
2869,316,317,330,354,474,5,13,21,12,23,2,1,14,38,1.095238
2870,316,317,660,706,118,292,9,34,207,44,138,1,344,390,1.294118
2871,316,317,340,395,44,12,21,34,17,46,15,1,24,79,1.352941
2872,316,317,360,392,532,18,4,20,37,28,10,1,44,76,1.400000
2873,317,318,346,381,590,21,18,20,23,26,14,1,29,64,1.300000
2874,317,318,338,396,191,16,9,19,12,43,23,1,21,79,2.263158
2875,317,318,330,383,567,10,4,11,9,39,17,1,13,66,3.545455
2876,317,320,464,517,533,97,13,45,110,47,33,3,147,200,1.044444
2877,317,318,322,360,484,4,18,19,4,33,5,1,5,43,1.736842
2878,317,318,318,329,293,0,0,9,0,11,0,1,1,12,1.222222
2879,317,318,322,387,340,4,3,25,3,47,19,1,5,70,1.880000
2880,317,318,414,473,517,74,5,42,65,48,42,1,97,156,1.142857
2881,318,319,348,404,449,27,12,47,21,51,13,1,30,86,1.085106
2882,318,319,327,385,315,6,13,34,7,50,9,1,9,67,1.470588
2883,318,319,335,393,340,13,3,37,13,49,12,1,17,75,1.324324
2884,318,319,322,363,57,0,3,14,3,36,5,1,4,45,2.571429
2885,318,319,319,353,298,0,0,14,0,30,4,1,1,35,2.142857
2886,318,319,336,429,377,12,15,27,10,67,33,1,18,111,2.481481
2887,318,319,367,456,545,32,6,26,31,64,42,1,49,138,2.461538
2888,318,319,364,442,237,27,13,17,29,49,45,1,46,124,2.882353
2889,318,319,418,449,296,71,14,23,69,27,34,1,100,131,1.173913
2890,319,394,409,465,137,3,2,42,12,46,11,75,90,146,1.095238
2891,319,556,576,649,580,0,6,54,3,70,3,237,257,330,1.296296
2892,319,398,423,506,181,15,6,31,17,53,31,79,104,187,1.709677
2893,319,410,420,499,287,4,5,43,6,67,12,91,101,180,1.558140
2894,319,320,339,374,259,14,3,23,16,29,9,1,20,55,1.260870
2895,319,320,339,398,210,17,24,49,9,55,14,1,20,79,1.122449
2896,319,320,326,355,207,3,7,20,6,22,7,1,7,36,1.100000
2897,319,320,339,401,487,6,12,44,15,52,14,1,20,82,1.181818
2898,320,321,364,416,191,34,3,19,31,45,19,1,44,96,2.368421
2899,320,321,330,346,121,3,4,12,9,14,2,1,10,26,1.166667
2900,320,321,358,444,141,11,10,44,18,76,17,1,38,124,1.727273
2901,320,321,360,464,374,27,13,25,29,85,29,1,40,144,3.400000
2902,320,376,404,486,592,5,6,30,16,60,22,56,84,166,2.000000
2903,321,322,322,397,238,0,0,42,0,64,11,1,1,76,1.523810
2904,321,547,611,699,192,20,14,50,35,82,9,226,290,378,1.640000
2905,322,323,337,376,116,9,9,22,11,28,14,1,15,54,1.272727
2906,322,323,333,395,53,9,7,8,9,46,17,1,11,73,5.750000
2907,322,-1,-1,-1,-1,0,-1,46,0,0,0,-1,-1,-1,0.000000
2908,322,323,703,784,509,302,7,50,274,78,107,1,381,462,1.560000
2909,322,323,382,411,78,49,8,16,38,22,28,1,60,89,1.375000
2910,323,324,400,476,485,50,15,14,51,60,41,1,77,153,4.285714
2911,323,324,329,344,3,2,5,11,5,13,2,1,6,21,1.181818
2912,323,324,334,355,74,2,18,13,7,17,7,1,11,32,1.307692
2913,323,324,346,405,360,15,5,28,17,44,20,1,23,82,1.571429
2914,323,324,359,412,223,7,3,13,23,35,30,1,36,89,2.692308
2915,323,324,333,349,189,5,8,13,9,15,1,1,10,26,1.153846
2916,323,324,522,620,248,126,17,22,128,68,100,1,199,297,3.090909
2917,323,333,346,411,556,10,13,49,13,65,0,10,23,88,1.326531
2918,323,324,359,414,316,22,3,23,22,41,27,1,36,91,1.782609
2919,324,353,364,429,82,3,5,35,9,47,20,29,40,105,1.342857
2920,324,325,370,465,492,22,9,38,31,64,43,1,46,141,1.684211
2921,324,822,826,911,490,2,5,47,4,73,12,498,502,587,1.553191
2922,324,325,367,431,122,24,8,29,31,59,16,1,43,107,2.034483
2923,324,325,340,377,18,12,9,28,11,32,9,1,16,53,1.142857
2924,324,325,437,518,232,66,18,48,65,68,45,1,113,194,1.416667
2925,324,325,339,412,545,6,1,19,11,49,27,1,15,88,2.578947
2926,324,706,-1,-1,454,51,17,54,50,0,27,382,-1,-1,0.000000
2927,325,326,350,399,231,16,14,34,11,40,22,1,25,74,1.176471
2928,325,326,338,390,80,5,6,21,10,39,15,1,13,65,1.857143
2929,325,-1,-1,-1,-1,0,-1,54,0,0,0,-1,-1,-1,0.000000
2930,326,327,330,432,230,3,15,26,3,78,24,1,4,106,3.000000
2931,326,327,376,411,60,39,20,30,31,34,19,1,50,85,1.133333
2932,326,327,355,405,142,15,2,14,19,36,23,1,29,79,2.571429
2933,326,327,378,455,353,43,11,24,35,56,37,1,52,129,2.333333
2934,326,327,346,400,58,11,12,39,18,41,14,1,20,74,1.051282
2935,326,426,517,579,109,13,2,45,23,61,3,100,191,253,1.355556
2936,326,327,348,411,266,14,22,51,16,57,11,1,22,85,1.117647
2937,326,328,371,429,519,14,2,38,16,54,7,2,45,103,1.421053
2938,327,347,352,370,533,0,5,14,5,14,4,20,25,43,1.000000
2939,327,328,358,387,2,16,8,12,22,22,15,1,31,60,1.833333
2940,327,328,338,379,48,3,10,30,8,34,9,1,11,52,1.133333
2941,327,359,360,398,331,0,1,27,1,35,3,32,33,71,1.296296
2942,327,328,338,421,266,6,23,39,10,73,10,1,11,94,1.871795
2943,327,328,351,420,522,16,13,29,18,57,17,1,24,93,1.965517
2944,327,493,495,527,279,0,2,20,2,28,4,166,168,200,1.400000
2945,327,496,497,545,311,0,1,18,1,44,4,169,170,218,2.444444
2946,328,329,376,474,134,38,9,39,26,69,50,1,48,146,1.769231
2947,328,367,372,450,254,1,6,19,5,51,27,39,44,122,2.684211
2948,328,329,335,363,365,3,9,18,6,26,2,1,7,35,1.444444
2949,328,329,395,482,246,55,12,47,45,83,25,1,67,154,1.765957
2950,328,329,343,454,449,8,15,36,10,86,29,1,15,126,2.388889
2951,328,329,347,391,8,12,9,18,15,30,17,1,19,63,1.666667
2952,328,329,494,571,11,79,20,48,83,66,51,1,166,243,1.375000
2953,328,329,389,446,283,37,16,48,31,52,19,1,61,118,1.083333
2954,329,330,373,404,594,37,10,20,28,28,18,1,44,75,1.400000
2955,329,330,373,436,145,15,12,21,36,47,23,1,44,107,2.238095
2956,329,330,338,386,442,7,15,31,2,33,21,1,9,57,1.064516
2957,329,330,343,416,189,9,5,24,10,54,22,1,14,87,2.250000
2958,329,330,337,404,410,7,20,38,6,58,10,1,8,75,1.526316
2959,329,330,396,444,486,50,10,32,47,42,25,1,67,115,1.312500
2960,329,330,331,429,430,0,1,40,1,70,28,1,2,100,1.750000
2961,329,330,339,438,30,4,20,32,2,84,22,1,10,109,2.625000
2962,329,330,364,411,510,23,12,17,21,37,23,1,35,82,2.176471
2963,329,330,352,405,90,7,11,23,14,47,14,1,23,76,2.043478
2964,329,330,382,458,347,42,13,43,32,71,25,1,53,129,1.651163
2965,330,331,337,365,189,2,4,16,6,22,6,1,7,35,1.375000
2966,330,334,380,444,48,23,7,58,36,62,9,4,50,114,1.068966
2967,331,332,343,367,370,4,2,16,10,22,3,1,12,36,1.375000
2968,331,332,346,393,110,9,12,13,12,35,14,1,15,62,2.692308
2969,331,332,419,465,415,54,15,24,65,36,32,1,88,134,1.500000
2970,331,530,572,624,250,0,5,33,3,45,7,199,241,293,1.363636
2971,331,332,341,375,83,5,7,22,7,28,8,1,10,44,1.272727
2972,331,332,360,448,134,24,3,23,21,57,38,1,29,117,2.478261
2973,331,332,340,402,320,4,4,42,6,60,4,1,9,71,1.428571
2974,332,333,368,420,20,10,8,11,21,33,33,1,36,88,3.000000
2975,332,388,391,444,22,1,2,41,2,49,5,56,59,112,1.195122
2976,332,333,384,475,364,39,17,25,38,59,45,1,52,143,2.360000
2977,332,432,479,554,498,5,8,60,14,72,3,100,147,222,1.200000
2978,332,333,358,429,210,22,21,38,17,60,19,1,26,97,1.578947
2979,332,333,335,359,189,0,2,11,2,17,7,1,3,27,1.545455
2980,332,333,336,432,496,2,3,42,3,66,30,1,4,100,1.571429
2981,333,334,347,359,594,9,1,7,7,11,7,1,14,26,1.571429
2982,333,339,645,716,138,19,2,46,26,60,19,6,312,383,1.304348
2983,333,334,362,428,367,24,10,51,20,61,13,1,29,95,1.196078
2984,333,706,709,786,581,0,3,30,3,48,29,373,376,453,1.600000
2985,333,334,485,581,309,75,12,42,56,72,68,1,152,248,1.714286
2986,333,334,343,430,510,7,8,25,7,79,10,1,10,97,3.160000
2987,333,334,350,427,264,12,14,27,8,69,16,1,17,94,2.555556
2988,334,335,342,382,440,4,14,30,5,34,8,1,8,48,1.133333
2989,334,335,455,535,549,85,14,42,85,72,36,1,121,201,1.714286
2990,334,335,412,480,213,59,20,56,41,64,40,1,78,146,1.142857
2991,334,585,618,713,287,3,4,34,7,76,19,251,284,379,2.235294
2992,334,335,338,406,337,1,4,21,3,41,27,1,4,72,1.952381
2993,334,335,337,375,26,0,2,26,2,36,2,1,3,41,1.384615
2994,335,336,358,436,217,17,10,32,17,70,13,1,23,101,2.187500
2995,335,336,349,358,153,2,4,8,10,8,4,1,14,23,1.000000
2996,335,375,385,433,592,1,7,21,9,29,19,40,50,98,1.380952
2997,335,336,417,506,210,61,21,19,54,67,49,1,82,171,3.526316
2998,335,336,496,557,361,123,9,45,122,61,38,1,161,222,1.355556
2999,336,337,368,417,260,15,12,17,23,35,22,1,32,81,2.058824
3000,336,337,345,413,396,7,6,29,7,51,18,1,9,77,1.758621
3001,336,337,373,447,374,22,12,26,26,66,18,1,37,111,2.538462
3002,336,337,356,430,0,9,15,47,8,61,19,1,20,94,1.297872
3003,337,338,434,498,293,72,9,15,66,49,45,1,97,161,3.266667
3004,338,339,339,414,539,0,0,46,0,60,15,1,1,76,1.304348
3005,338,339,407,470,309,33,12,24,38,42,51,1,69,132,1.750000
3006,338,339,371,392,538,25,21,11,20,17,16,1,33,54,1.545455
3007,338,339,786,852,88,359,16,40,275,64,174,1,448,514,1.600000
3008,338,339,354,397,511,12,5,38,12,40,6,1,16,59,1.052632
3009,338,339,357,418,230,15,13,30,13,44,22,1,19,80,1.466667
3010,338,339,356,378,194,14,12,17,7,17,15,1,18,40,1.000000
3011,338,339,363,459,454,9,2,35,22,71,27,1,25,121,2.028571
3012,339,340,367,464,556,17,13,41,15,71,36,1,28,125,1.731707
3013,339,425,507,565,188,6,10,47,12,55,3,86,168,226,1.170213
3014,339,340,466,544,346,98,13,32,82,70,52,1,127,205,2.187500
3015,339,340,350,382,208,7,10,20,7,28,7,1,11,43,1.400000
3016,339,340,340,430,58,0,0,30,0,66,24,1,1,91,2.200000
3017,339,340,408,486,426,59,14,46,48,78,20,1,69,147,1.695652
3018,339,340,396,431,315,49,13,32,39,34,18,1,57,92,1.062500
3019,339,340,498,571,88,114,15,29,83,59,89,1,159,232,2.034483
3020,340,537,539,597,314,0,2,24,2,38,20,197,199,257,1.583333
3021,340,349,404,500,361,20,14,41,39,67,29,9,64,160,1.634146
3022,340,341,359,438,484,15,10,36,16,74,7,1,19,98,2.055556
3023,340,341,362,464,290,14,14,25,16,73,34,1,22,124,2.920000
3024,341,342,406,429,40,31,17,11,35,15,37,1,65,88,1.363636
3025,341,342,343,423,260,1,13,22,1,64,16,1,2,82,2.909091
3026,341,342,408,432,590,50,21,19,45,23,22,1,67,91,1.210526
3027,341,342,363,442,237,18,3,41,10,57,33,1,22,101,1.390244
3028,341,342,419,506,365,62,13,42,49,70,45,1,78,165,1.666667
3029,341,394,423,517,41,12,10,42,18,60,34,53,82,176,1.428571
3030,341,342,378,420,275,27,10,23,28,37,13,1,37,79,1.608696
3031,341,857,861,938,212,0,7,51,2,73,4,516,520,597,1.431373
3032,342,343,347,386,305,0,4,30,4,34,5,1,5,44,1.133333
3033,342,343,354,367,217,8,9,13,8,13,3,1,12,25,1.000000
3034,342,343,356,422,123,3,9,25,10,45,24,1,14,80,1.800000
3035,343,344,354,428,183,8,3,22,8,66,10,1,11,85,3.000000
3036,343,344,521,605,549,67,7,54,70,78,36,1,178,262,1.444444
3037,343,344,344,361,14,0,0,9,0,11,6,1,1,18,1.222222
3038,344,345,353,442,525,4,6,37,7,81,9,1,9,98,2.189189
3039,344,345,351,410,386,3,3,19,3,43,19,1,7,66,2.263158
3040,344,345,404,460,62,33,9,13,41,31,43,1,60,116,2.384615
3041,344,345,399,453,217,48,5,11,40,39,29,1,55,109,3.545455
3042,344,345,350,454,515,5,10,33,4,79,26,1,6,110,2.393939
3043,344,345,369,419,346,17,12,37,17,47,10,1,25,75,1.270270
3044,344,345,432,479,570,81,23,38,59,44,31,1,88,135,1.157895
3045,344,365,373,405,272,1,7,19,8,29,3,21,29,61,1.526316
3046,344,-1,-1,-1,-1,0,-1,58,0,0,0,-1,-1,-1,0.000000
3047,345,346,362,428,373,13,11,41,10,59,12,1,17,83,1.439024
3048,345,346,458,484,470,91,18,20,85,24,29,1,113,139,1.200000
3049,345,416,417,479,27,1,5,42,1,52,10,71,72,134,1.238095
3050,345,346,375,455,589,23,2,18,22,52,35,1,30,110,2.888889
3051,345,346,409,457,248,42,10,33,45,45,21,1,64,112,1.363636
3052,346,347,366,459,296,8,4,13,16,65,31,1,20,113,5.000000
3053,346,347,365,404,252,18,15,20,13,32,12,1,19,58,1.600000
3054,346,347,561,619,110,170,1,44,155,56,61,1,215,273,1.272727
3055,346,-1,-1,-1,-1,0,-1,50,0,0,0,-1,-1,-1,0.000000
3056,346,347,357,453,359,7,13,29,7,63,36,1,11,107,2.172414
3057,346,347,348,450,10,0,1,26,1,74,28,1,2,104,2.846154
3058,346,-1,-1,-1,-1,0,-1,56,0,0,0,-1,-1,-1,0.000000
3059,346,347,434,521,365,75,14,43,60,79,35,1,88,175,1.837209
3060,346,347,372,475,208,25,12,25,15,75,38,1,26,129,3.000000
3061,346,347,354,377,12,0,3,14,5,20,5,1,8,31,1.428571
3062,346,347,361,440,514,11,12,23,10,49,34,1,15,94,2.130435
3063,347,348,348,381,110,0,0,15,0,25,8,1,1,34,1.666667
3064,347,348,364,415,148,9,20,15,14,35,18,1,17,68,2.333333
3065,347,348,386,465,206,30,18,40,29,74,14,1,39,118,1.850000
3066,348,349,396,447,34,27,6,16,30,34,34,1,48,99,2.125000
3067,348,349,417,466,329,46,15,28,48,40,29,1,69,118,1.428571
3068,348,349,417,490,208,60,9,34,39,72,30,1,69,142,2.117647
3069,348,349,370,415,503,19,18,20,15,40,11,1,22,67,2.000000
3070,348,349,367,447,450,12,14,49,12,73,13,1,19,99,1.489796
3071,348,349,352,446,11,1,15,32,2,70,25,1,4,98,2.187500
3072,348,349,353,450,498,3,8,32,3,74,24,1,5,102,2.312500
3073,348,349,453,504,490,89,12,37,68,45,42,1,105,156,1.216216
3074,349,350,453,513,265,66,15,40,75,58,30,1,104,164,1.450000
3075,349,350,366,446,47,14,20,28,11,56,29,1,17,97,2.000000
3076,349,350,377,458,296,13,1,14,21,56,31,1,28,109,4.000000
3077,349,350,374,453,273,15,12,31,18,47,38,1,25,104,1.516129
3078,349,350,360,440,503,9,13,49,6,71,13,1,11,91,1.448980
3079,350,351,359,421,369,4,3,21,6,49,15,1,9,71,2.333333
3080,350,351,361,387,558,2,18,17,10,21,5,1,11,37,1.235294
3081,350,380,382,443,592,0,2,22,2,42,19,30,32,93,1.909091
3082,350,351,547,609,492,163,3,48,111,56,91,1,197,259,1.166667
3083,350,351,422,471,111,52,8,22,47,32,41,1,72,121,1.454545
3084,350,351,432,488,50,48,11,24,52,32,53,1,82,138,1.333333
3085,351,414,631,697,178,34,1,53,39,65,17,63,280,346,1.226415
3086,351,400,420,462,204,0,5,27,5,33,9,49,69,111,1.222222
3087,351,-1,-1,-1,-1,0,-1,52,0,0,0,-1,-1,-1,0.000000
3088,351,352,383,453,68,22,14,24,24,48,29,1,32,102,2.000000
3089,352,-1,-1,-1,-1,0,-1,53,0,0,0,-1,-1,-1,0.000000
3090,352,353,357,418,458,2,12,26,3,42,20,1,5,66,1.615385
3091,352,353,455,528,55,73,19,53,73,71,31,1,103,176,1.339623
3092,353,354,565,593,66,89,11,15,130,25,84,1,212,240,1.666667
3093,353,354,363,455,562,8,13,29,7,89,5,1,10,102,3.068966
3094,353,354,370,427,374,14,12,38,12,50,11,1,17,74,1.315789
3095,353,354,355,381,350,0,1,24,1,26,0,1,2,28,1.083333
3096,353,354,481,536,94,80,16,38,81,52,49,1,128,183,1.368421
3097,353,868,871,959,563,0,3,35,3,67,21,515,518,606,1.914286
3098,353,354,359,423,178,1,3,17,5,53,11,1,6,70,3.117647
3099,353,354,518,574,229,108,9,22,101,40,79,1,165,221,1.818182
3100,353,354,468,504,157,105,15,16,82,24,44,1,115,151,1.500000
3101,353,354,412,453,95,45,10,29,39,35,25,1,59,100,1.206897
3102,354,355,376,447,252,13,7,39,15,67,10,1,22,93,1.717949
3103,354,541,585,601,562,0,3,12,5,14,2,187,231,247,1.166667
3104,354,355,386,470,359,20,16,38,25,62,28,1,32,116,1.631579
3105,355,396,398,467,233,0,4,36,1,56,13,41,43,112,1.555556
3106,355,616,651,745,498,3,2,35,11,77,18,261,296,390,2.200000
3107,355,356,363,441,401,6,15,39,5,63,17,1,8,86,1.615385
3108,355,356,371,417,306,15,6,37,9,43,9,1,16,62,1.162162
3109,355,663,-1,-1,203,0,8,57,3,0,0,308,-1,-1,0.000000
3110,355,356,386,464,378,12,2,32,21,52,31,1,31,109,1.625000
3111,355,657,761,826,387,70,10,38,84,56,24,302,406,471,1.473684
3112,355,356,370,445,566,8,2,29,12,65,12,1,15,90,2.241379
3113,355,546,571,635,312,16,8,49,23,59,7,191,216,280,1.204082
3114,355,356,400,442,590,29,9,25,26,31,29,1,45,87,1.240000
3115,355,356,373,449,308,15,14,25,13,59,21,1,18,94,2.360000
3116,356,357,437,521,55,21,15,18,58,60,46,1,81,165,3.333333
3117,356,357,405,471,17,43,7,56,37,64,13,1,49,115,1.142857
3118,356,357,367,428,276,3,12,23,7,43,21,1,11,72,1.869565
3119,356,357,392,485,406,19,14,36,23,72,33,1,36,129,2.000000
3120,356,357,367,460,231,4,5,37,9,85,9,1,11,104,2.297297
3121,356,357,359,412,77,0,2,35,2,43,10,1,3,56,1.228571
3122,357,394,421,507,237,16,10,24,25,50,38,37,64,150,2.083333
3123,357,951,955,983,147,0,4,17,4,25,3,594,598,626,1.470588
3124,357,358,370,406,233,3,16,17,10,27,11,1,13,49,1.588235
3125,357,358,424,522,313,41,10,21,45,85,34,1,67,165,4.047619
3126,357,358,380,412,62,14,5,24,17,24,13,1,23,55,1.000000
3127,357,358,406,474,373,40,10,34,27,54,35,1,49,117,1.588235
3128,357,358,373,424,309,4,13,28,6,50,10,1,16,67,1.785714
3129,357,358,465,523,572,89,3,21,75,37,53,1,108,166,1.761905
3130,357,358,414,474,5,10,14,9,43,45,28,1,57,117,5.000000
3131,358,362,-1,-1,596,171,6,56,134,0,86,4,-1,-1,0.000000
3132,358,359,371,456,229,4,5,28,12,54,31,1,13,98,1.928571
3133,358,359,362,408,200,0,3,15,3,29,17,1,4,50,1.933333
3134,358,392,405,478,334,3,6,28,12,56,18,34,47,120,2.000000
3135,358,359,400,447,85,40,18,26,28,42,18,1,42,89,1.615385
3136,359,360,381,444,267,13,5,17,14,37,33,1,22,85,2.176471
3137,359,360,369,449,183,4,7,13,7,49,33,1,10,90,3.769231
3138,359,360,364,459,336,1,12,55,4,87,8,1,5,100,1.581818
3139,359,360,434,499,68,28,14,13,43,41,55,1,75,140,3.153846
3140,359,360,549,603,457,150,11,44,131,52,60,1,190,244,1.181818
3141,359,360,369,466,365,6,17,26,6,70,30,1,10,107,2.692308
3142,359,360,377,415,49,12,15,9,8,29,18,1,18,56,3.222222
3143,360,361,367,456,497,2,6,30,6,66,23,1,7,96,2.200000
3144,360,361,463,542,476,93,20,21,68,59,54,1,103,182,2.809524
3145,360,554,897,982,158,96,13,54,101,76,43,194,537,622,1.407407
3146,360,361,408,450,177,39,9,27,36,35,18,1,48,90,1.296296
3147,360,361,394,460,298,23,14,31,22,47,30,1,34,100,1.516129
3148,360,361,386,448,321,18,1,40,18,52,17,1,26,88,1.300000
3149,360,361,363,400,111,2,2,15,2,31,6,1,3,40,2.066667
3150,360,361,419,482,457,49,10,28,41,52,28,1,59,122,1.857143
3151,360,361,377,469,417,14,15,31,14,51,43,1,17,109,1.645161
3152,361,362,401,442,264,27,1,23,29,33,18,1,40,81,1.434783
3153,361,472,546,634,399,9,5,29,38,69,23,111,185,273,2.379310
3154,361,362,397,484,306,31,2,22,23,76,23,1,36,123,3.454545
3155,361,362,388,466,290,17,4,33,18,69,17,1,27,105,2.090909
3156,361,362,428,471,183,54,12,23,47,43,19,1,67,110,1.869565
3157,361,362,365,468,268,3,21,32,2,72,32,1,4,107,2.250000
3158,362,363,365,448,128,2,11,46,2,68,15,1,3,86,1.478261
3159,362,363,394,468,364,25,14,14,19,60,26,1,32,106,4.285714
3160,362,363,661,682,47,176,19,13,196,19,104,1,299,320,1.461538
3161,362,363,413,485,555,48,7,31,27,59,36,1,51,123,1.903226
3162,363,364,390,428,402,16,1,25,14,33,17,1,27,65,1.320000
3163,363,371,373,403,544,0,2,16,2,28,2,8,10,40,1.750000
3164,363,364,415,488,247,41,13,43,34,67,23,1,52,125,1.558140
3165,363,364,433,518,23,59,14,25,43,69,42,1,70,155,2.760000
3166,364,365,371,460,256,3,3,35,4,81,10,1,7,96,2.314286
3167,364,365,366,430,311,0,1,44,1,58,6,1,2,66,1.318182
3168,364,365,365,439,229,0,0,35,0,49,25,1,1,75,1.400000
3169,364,365,390,420,383,19,21,13,12,21,22,1,26,56,1.615385
3170,365,366,391,434,159,15,11,12,20,22,26,1,26,69,1.833333
3171,365,366,377,397,497,3,1,18,11,18,2,1,12,32,1.000000
3172,365,366,493,540,433,107,9,27,87,39,48,1,128,175,1.444444
3173,365,366,421,470,548,48,9,39,38,47,19,1,56,105,1.205128
3174,365,366,383,430,150,15,19,41,12,43,9,1,18,65,1.048780
3175,365,366,613,640,590,193,8,20,163,20,91,1,248,275,1.000000
3176,365,413,630,696,106,43,16,53,58,63,16,48,265,331,1.188679
3177,365,366,415,480,281,38,11,17,21,47,46,1,50,115,2.764706
3178,365,366,529,611,315,154,8,41,112,71,62,1,164,246,1.731707
3179,366,-1,-1,-1,-1,0,-1,47,0,0,0,-1,-1,-1,0.000000
3180,366,367,367,389,270,0,0,22,0,22,0,1,1,23,1.000000
3181,366,367,545,624,233,129,15,44,115,72,70,1,179,258,1.636364
3182,366,419,419,477,383,0,0,46,0,56,2,53,53,111,1.217391
3183,367,368,408,462,218,33,23,47,25,51,18,1,41,95,1.085106
3184,367,368,411,452,328,34,5,33,37,35,12,1,44,85,1.060606
3185,367,368,394,485,508,17,16,41,20,75,20,1,27,118,1.829268
3186,367,368,446,549,401,59,14,32,46,88,47,1,79,182,2.750000
3187,367,368,379,446,322,8,12,39,7,57,13,1,12,79,1.461538
3188,368,369,369,474,54,0,0,22,0,68,37,1,1,106,3.090909
3189,368,369,369,471,488,0,0,29,0,73,29,1,1,103,2.517241
3190,369,370,370,473,189,0,0,26,0,76,27,1,1,104,2.923077
3191,369,370,372,413,483,2,14,28,1,38,4,1,3,44,1.357143
3192,369,370,518,604,298,90,14,33,75,69,54,1,149,235,2.090909
3193,370,371,408,489,565,30,22,31,23,63,32,1,38,119,2.032258
3194,370,371,414,481,449,30,7,18,32,50,28,1,44,111,2.777778
3195,370,371,374,431,464,2,19,16,3,36,21,1,4,61,2.250000
3196,370,371,578,643,364,132,21,46,109,54,78,1,208,273,1.173913
3197,370,371,412,461,268,36,10,37,27,47,16,1,42,91,1.270270
3198,370,371,387,424,175,9,10,23,8,29,16,1,17,54,1.260870
3199,370,371,470,519,252,72,18,35,50,41,47,1,100,149,1.171429
3200,370,371,506,568,553,86,10,46,71,58,37,1,136,198,1.260870
3201,370,371,419,461,308,43,21,30,32,42,16,1,49,91,1.400000
3202,371,372,390,473,224,9,14,34,10,62,28,1,19,102,1.823529
3203,371,372,444,523,130,58,12,25,51,65,35,1,73,152,2.600000
3204,371,372,420,452,332,37,16,26,24,30,26,1,49,81,1.153846
3205,371,372,423,467,490,43,7,18,30,30,35,1,52,96,1.666667
3206,371,372,469,495,536,71,13,20,66,20,37,1,98,124,1.000000
3207,372,373,458,525,221,68,15,39,64,63,23,1,86,153,1.615385
3208,372,373,506,528,18,86,6,11,85,15,55,1,134,156,1.363636
3209,372,373,414,478,186,36,21,33,29,55,21,1,42,106,1.666667
3210,372,373,516,610,352,95,15,36,88,74,75,1,144,238,2.055556
3211,372,373,411,453,364,30,19,28,22,42,16,1,39,81,1.500000
3212,372,373,373,407,277,0,0,27,0,33,1,1,1,35,1.222222
3213,372,-1,-1,-1,-1,0,-1,58,0,0,0,-1,-1,-1,0.000000
3214,372,373,383,410,129,8,19,7,7,13,17,1,11,38,1.857143
3215,373,374,407,454,407,28,14,33,23,41,16,1,34,81,1.242424
3216,373,374,402,461,315,27,7,43,17,53,17,1,29,88,1.232558
3217,373,374,398,432,295,19,9,20,13,28,17,1,25,59,1.400000
3218,373,374,374,432,73,0,0,15,0,39,19,1,1,59,2.600000
3219,374,375,416,493,475,31,18,49,26,75,17,1,42,119,1.530612
3220,374,375,550,615,456,144,4,45,128,63,47,1,176,241,1.400000
3221,374,382,383,464,336,0,1,31,1,57,24,8,9,90,1.838710
3222,374,375,425,496,234,36,5,32,29,58,34,1,51,122,1.812500
3223,374,375,390,434,464,11,20,17,12,37,10,1,16,60,2.176471
3224,374,375,389,475,399,14,18,37,12,77,11,1,15,101,2.081081
3225,374,375,375,453,376,0,0,35,0,55,23,1,1,79,1.571429
3226,375,376,385,461,276,3,7,27,8,51,26,1,10,86,1.888889
3227,375,376,412,475,148,32,15,22,17,42,40,1,37,100,1.909091
3228,375,-1,-1,-1,-1,0,-1,46,0,0,0,-1,-1,-1,0.000000
3229,375,376,389,469,446,9,16,44,10,60,23,1,14,94,1.363636
3230,375,376,409,453,422,26,12,34,25,40,12,1,34,78,1.176471
3231,375,405,409,468,537,1,10,29,4,43,16,30,34,93,1.482759
3232,375,376,377,434,126,1,13,43,0,47,11,1,2,59,1.093023
3233,376,-1,-1,-1,-1,0,-1,63,0,0,0,-1,-1,-1,0.000000
3234,376,377,464,545,317,77,17,45,61,75,32,1,88,169,1.666667
3235,376,380,408,456,456,5,5,23,13,33,20,4,32,80,1.434783
3236,377,378,552,631,322,120,13,35,126,75,44,1,175,254,2.142857
3237,377,378,412,486,443,31,11,45,26,63,19,1,35,109,1.400000
3238,377,378,406,434,240,17,14,20,18,26,12,1,29,57,1.300000
3239,377,378,380,413,449,0,2,9,2,25,8,1,3,36,2.777778
3240,377,378,402,409,533,6,12,7,21,7,3,1,25,32,1.000000
3241,377,826,-1,-1,158,23,1,48,28,0,10,449,-1,-1,0.000000
3242,377,378,428,512,259,38,15,38,31,74,29,1,51,135,1.947368
3243,377,378,400,447,57,12,11,27,16,37,16,1,23,70,1.370370
3244,377,378,399,455,422,14,14,33,19,41,17,1,22,78,1.242424
3245,377,378,391,473,359,4,3,23,12,55,28,1,14,96,2.391304
3246,377,378,391,427,136,9,11,24,13,30,6,1,14,50,1.250000
3247,377,378,409,466,542,18,17,38,17,50,21,1,32,89,1.315789
3248,378,379,391,414,570,7,9,20,10,22,3,1,13,36,1.100000
3249,378,379,386,430,579,6,5,24,5,32,14,1,8,52,1.333333
3250,378,379,388,428,533,5,12,20,7,34,8,1,10,50,1.700000
3251,378,379,442,469,401,39,15,23,39,25,26,1,64,91,1.086957
3252,378,379,387,463,462,6,7,35,3,71,10,1,9,85,2.028571
3253,378,379,493,548,18,87,8,20,70,36,63,1,115,170,1.800000
3254,379,380,409,463,304,21,7,28,22,38,23,1,30,84,1.357143
3255,379,380,405,472,314,19,19,49,21,63,8,1,26,93,1.285714
3256,379,380,497,556,259,87,17,42,67,54,40,1,118,177,1.285714
3257,379,380,416,495,435,30,17,41,29,59,27,1,37,116,1.439024
3258,379,380,679,763,100,168,12,50,142,72,86,1,300,384,1.440000
3259,379,380,390,466,59,8,22,39,4,75,7,1,11,87,1.923077
3260,379,446,488,544,111,2,1,28,10,38,19,67,109,165,1.357143
3261,379,380,440,490,283,33,15,31,44,43,23,1,61,111,1.387097
3262,379,380,494,571,55,58,13,20,85,62,44,1,115,192,3.100000
3263,380,381,384,451,105,2,15,13,3,41,26,1,4,71,3.153846
3264,380,381,389,434,47,5,22,25,6,33,14,1,9,54,1.320000
3265,380,381,393,427,493,10,10,17,4,31,11,1,13,47,1.823529
3266,380,381,396,483,202,10,10,26,8,54,40,1,16,103,2.076923
3267,381,382,706,792,385,261,19,37,195,67,148,1,325,411,1.810811
3268,381,382,436,455,536,44,7,10,36,12,25,1,55,74,1.200000
3269,381,382,395,464,199,11,11,31,7,47,28,1,14,83,1.516129
3270,381,382,389,481,350,1,7,20,7,64,28,1,8,100,3.200000
3271,381,382,543,615,175,136,18,44,102,68,63,1,162,234,1.545455
3272,381,382,409,445,354,17,13,20,18,32,13,1,28,64,1.600000
3273,382,383,387,434,359,0,4,16,4,38,9,1,5,52,2.375000
3274,382,383,406,462,94,5,15,24,16,50,13,1,24,80,2.083333
3275,382,383,431,512,150,41,20,39,34,63,32,1,49,130,1.615385
3276,382,383,394,468,92,5,5,24,10,54,21,1,12,86,2.250000
3277,382,383,639,721,383,218,13,48,165,78,95,1,257,339,1.625000
3278,382,-1,-1,-1,-1,0,-1,52,0,0,0,-1,-1,-1,0.000000
3279,383,810,972,-1,383,12,7,45,29,25,6,427,589,-1,0.555556
3280,383,384,404,421,12,7,12,14,17,16,4,1,21,38,1.142857
3281,383,384,444,520,202,47,10,27,42,63,31,1,61,137,2.333333
3282,383,384,396,437,71,11,20,27,3,39,11,1,13,54,1.444444
3283,383,-1,-1,-1,-1,0,-1,63,0,0,0,-1,-1,-1,0.000000
3284,383,515,684,742,582,7,3,48,18,52,7,132,301,359,1.083333
3285,384,385,396,466,205,4,13,25,7,55,19,1,12,82,2.200000
3286,384,385,421,485,113,24,12,48,31,62,7,1,37,101,1.291667
3287,385,386,422,501,595,35,10,29,19,61,35,1,37,116,2.103448
3288,385,386,387,437,78,0,1,26,1,38,12,1,2,52,1.461538
3289,385,386,405,470,560,15,12,28,10,44,30,1,20,85,1.571429
3290,385,386,456,474,40,54,4,13,51,15,22,1,71,89,1.153846
3291,385,386,467,507,68,65,10,22,61,28,32,1,82,122,1.272727
3292,386,387,428,484,89,30,13,21,28,43,26,1,42,98,2.047619
3293,386,387,425,506,207,20,11,23,23,61,35,1,39,120,2.652174
3294,386,387,390,420,294,3,10,9,1,17,15,1,4,34,1.888889
3295,386,387,395,413,261,1,9,10,7,12,7,1,9,27,1.200000
3296,386,387,402,413,462,6,8,11,15,11,0,1,16,27,1.000000
3297,386,387,393,470,382,5,17,47,4,69,10,1,7,84,1.468085
3298,386,387,489,568,210,63,21,48,52,70,35,1,103,182,1.458333
3299,386,387,390,450,442,2,15,22,1,40,22,1,4,64,1.818182
3300,386,392,646,713,3,156,21,51,150,63,65,6,260,327,1.235294
3301,387,390,445,515,553,4,10,22,13,44,27,3,58,128,2.000000
3302,387,-1,-1,-1,-1,0,-1,28,0,0,0,-1,-1,-1,0.000000
3303,387,388,395,481,520,6,2,32,2,64,27,1,8,94,2.000000
3304,387,414,440,491,82,0,6,29,9,41,10,27,53,104,1.413793
3305,387,388,395,435,431,7,15,17,5,33,9,1,8,48,1.941176
3306,388,399,412,450,237,2,6,25,9,35,3,11,24,62,1.400000
3307,388,389,405,477,159,15,14,14,16,52,20,1,17,89,3.714286
3308,388,389,442,490,196,47,13,17,40,37,24,1,54,102,2.176471
3309,389,390,551,649,520,82,4,38,90,80,67,1,162,260,2.105263
3310,389,390,445,521,261,46,6,32,34,70,27,1,56,132,2.187500
3311,389,390,396,454,28,2,13,11,6,45,13,1,7,65,4.090909
3312,390,391,419,478,354,27,20,29,17,55,15,1,29,88,1.896552
3313,390,391,458,539,401,54,14,34,49,74,25,1,68,149,2.176471
3314,390,676,686,757,169,3,5,40,9,56,15,286,296,367,1.400000
3315,390,391,458,534,404,63,13,31,47,67,29,1,68,144,2.161290
3316,390,391,503,591,467,97,17,43,72,69,59,1,113,201,1.604651
3317,390,393,420,468,533,6,13,39,18,45,7,3,30,78,1.153846
3318,390,391,395,420,228,0,4,21,4,25,0,1,5,30,1.190476
3319,390,391,452,524,333,54,14,36,41,68,24,1,62,134,1.888889
3320,391,392,417,485,31,15,16,10,16,46,31,1,26,94,4.600000
3321,391,392,417,448,431,12,16,26,23,28,5,1,26,57,1.076923
3322,391,392,404,473,100,6,4,22,12,48,21,1,13,82,2.181818
3323,391,392,448,520,157,44,3,20,42,50,36,1,57,129,2.500000
3324,391,392,409,433,21,10,7,16,16,20,5,1,18,42,1.250000
3325,392,393,407,431,57,7,8,22,6,24,8,1,15,39,1.090909
3326,392,-1,-1,-1,-1,0,-1,27,0,0,0,-1,-1,-1,0.000000
3327,393,394,437,468,333,33,14,20,27,24,23,1,44,75,1.200000
3328,393,394,415,492,443,19,14,26,13,66,19,1,22,99,2.538462
3329,393,394,471,528,164,63,21,35,47,57,29,1,78,135,1.628571
3330,393,394,404,471,168,10,10,30,7,50,20,1,11,78,1.666667
3331,393,394,397,409,345,0,3,12,3,12,0,1,4,16,1.000000
3332,393,394,394,445,110,0,0,15,0,33,18,1,1,52,2.200000
3333,393,394,401,435,477,0,7,16,7,28,6,1,8,42,1.750000
3334,393,394,403,421,384,7,13,17,6,17,4,1,10,28,1.000000
3335,393,394,437,508,89,28,12,29,33,43,38,1,44,115,1.482759
3336,393,394,396,470,81,2,2,25,2,61,13,1,3,77,2.440000
3337,393,394,430,510,266,23,18,27,24,59,33,1,37,117,2.185185
3338,394,395,598,647,260,170,17,24,137,32,83,1,204,253,1.333333
3339,394,395,410,446,0,9,9,25,14,33,4,1,16,52,1.320000
3340,394,395,488,580,170,56,15,31,67,69,48,1,94,186,2.225806
3341,394,915,-1,-1,342,0,11,49,2,0,0,521,-1,-1,0.000000
3342,394,395,439,502,287,33,12,44,30,60,17,1,45,108,1.363636
3343,395,396,427,508,61,27,16,23,22,53,37,1,32,113,2.304348
3344,395,396,403,470,28,2,7,12,5,46,23,1,8,75,3.833333
3345,395,396,462,495,398,37,8,15,43,31,25,1,67,100,2.066667
3346,395,396,413,456,226,11,11,29,12,39,9,1,18,61,1.344828
3347,395,396,488,526,588,83,6,30,55,34,41,1,93,131,1.133333
3348,395,396,411,441,21,6,3,18,13,26,6,1,16,46,1.444444
3349,395,396,510,583,460,86,19,37,51,57,64,1,115,188,1.540541
3350,396,397,575,643,464,152,20,40,109,54,83,1,179,247,1.350000
3351,396,397,408,467,207,8,12,19,8,47,15,1,12,71,2.473684
3352,396,500,508,565,583,5,2,45,8,53,4,104,112,169,1.177778
3353,396,397,400,432,334,2,1,28,2,30,3,1,4,36,1.071429
3354,396,397,397,463,250,0,0,31,0,55,11,1,1,67,1.774194
3355,396,397,401,469,221,0,4,13,4,57,11,1,5,73,4.384615
3356,396,397,434,479,339,28,13,24,28,36,18,1,38,83,1.500000
3357,396,397,430,481,450,19,8,22,29,44,11,1,34,85,2.000000
3358,396,397,442,503,112,38,19,44,36,58,12,1,46,107,1.318182
3359,397,398,412,480,530,13,11,16,8,50,24,1,15,83,3.125000
3360,397,398,404,426,588,5,4,12,5,16,7,1,7,29,1.333333
3361,397,398,408,474,532,6,9,31,10,47,19,1,11,77,1.516129
3362,397,398,441,507,148,39,16,26,38,44,27,1,44,110,1.692308
3363,397,398,421,437,540,18,24,15,16,15,8,1,24,40,1.000000
3364,398,399,401,438,96,1,4,32,2,34,3,1,3,40,1.062500
3365,398,399,405,477,343,3,14,29,6,55,17,1,7,79,1.896552
3366,398,399,447,479,72,24,13,23,32,27,21,1,49,81,1.173913
3367,398,428,432,497,175,4,2,52,4,54,11,30,34,99,1.038462
3368,398,399,404,426,480,5,17,19,5,19,3,1,6,28,1.000000
3369,398,399,629,707,479,170,9,30,135,56,117,1,231,309,1.866667
3370,398,399,403,425,61,0,4,16,4,20,2,1,5,27,1.250000
3371,399,400,413,434,325,8,8,19,12,21,1,1,14,35,1.105263
3372,400,401,403,437,212,0,2,27,2,29,5,1,3,37,1.074074
3373,400,401,406,430,196,0,5,11,5,23,1,1,6,30,2.090909
3374,400,402,417,490,583,2,14,39,7,57,17,2,17,90,1.461538
3375,400,401,429,477,72,18,13,25,17,37,21,1,29,77,1.480000
3376,400,401,426,490,381,20,8,30,15,44,30,1,26,90,1.466667
3377,400,401,440,511,388,28,18,12,30,42,38,1,40,111,3.500000
3378,401,402,465,549,389,50,5,31,33,65,48,1,64,148,2.096774
3379,401,402,428,484,287,20,6,43,20,55,7,1,27,83,1.279070
3380,401,-1,-1,-1,-1,0,-1,46,0,0,0,-1,-1,-1,0.000000
3381,402,403,407,458,468,0,4,25,4,41,10,1,5,56,1.640000
3382,402,403,454,495,338,35,11,30,35,38,19,1,52,93,1.266667
3383,402,403,412,474,36,4,9,20,4,50,17,1,10,72,2.500000
3384,402,403,409,421,7,0,6,10,6,10,2,1,7,19,1.000000
3385,402,404,425,490,207,8,13,47,11,61,8,2,23,88,1.297872
3386,403,404,447,517,418,36,1,23,30,59,24,1,44,114,2.565217
3387,403,404,427,500,560,12,13,25,19,57,20,1,24,97,2.280000
3388,403,404,420,443,235,11,12,17,13,21,5,1,17,40,1.235294
3389,403,404,433,503,12,23,17,31,11,53,32,1,30,100,1.709677
3390,403,404,463,537,513,48,4,25,42,67,24,1,60,134,2.680000
3391,403,404,426,478,480,13,7,22,15,38,21,1,23,75,1.727273
3392,403,-1,-1,-1,-1,0,-1,65,0,0,0,-1,-1,-1,0.000000
3393,403,404,546,611,259,118,6,43,95,55,57,1,143,208,1.279070
3394,403,404,479,514,203,57,19,27,49,31,29,1,76,111,1.148148
3395,403,404,555,626,86,129,21,21,104,37,81,1,152,223,1.761905
3396,404,405,478,527,86,56,22,29,42,47,33,1,74,123,1.620690
3397,404,405,419,483,483,10,6,43,11,57,10,1,15,79,1.325581
3398,404,405,536,592,207,99,11,27,86,35,66,1,132,188,1.296296
3399,404,405,586,640,544,70,12,45,63,49,35,1,182,236,1.088889
3400,404,406,448,491,151,6,17,26,9,32,14,2,44,87,1.230769
3401,405,409,425,457,420,12,4,25,15,31,2,4,20,52,1.240000
3402,405,406,427,460,13,8,13,15,20,31,3,1,22,55,2.066667
3403,405,406,421,505,352,9,3,32,10,58,31,1,16,100,1.812500
3404,405,406,426,512,327,19,15,36,17,80,9,1,21,107,2.222222
3405,405,406,423,506,292,13,5,41,9,73,18,1,18,101,1.780488
3406,405,406,426,455,152,8,13,20,9,24,16,1,21,50,1.200000
3407,405,515,688,768,378,8,2,48,12,64,18,110,283,363,1.333333
3408,405,406,410,423,21,0,4,11,4,13,0,1,5,18,1.181818
3409,405,406,494,559,343,64,11,28,56,46,51,1,89,154,1.642857
3410,405,406,407,463,425,1,17,44,0,56,1,1,2,58,1.272727
3411,406,407,433,497,36,8,5,18,22,30,38,1,27,91,1.666667
3412,406,407,425,504,32,9,11,18,8,56,33,1,19,98,3.111111
3413,406,407,429,484,414,20,19,12,18,36,23,1,23,78,3.000000
3414,406,407,411,428,249,2,4,14,4,16,1,1,5,22,1.142857
3415,406,407,410,449,400,3,4,30,1,38,3,1,4,43,1.266667
3416,406,663,665,712,131,0,2,37,2,43,4,257,259,306,1.162162
3417,407,-1,-1,-1,-1,0,-1,30,0,0,0,-1,-1,-1,0.000000
3418,407,408,412,451,409,3,4,23,2,31,10,1,5,44,1.347826
3419,407,408,457,503,198,33,17,36,34,46,14,1,50,96,1.277778
3420,407,408,414,443,218,4,4,17,5,23,7,1,7,36,1.352941
3421,407,408,408,470,210,0,0,21,0,45,17,1,1,63,2.142857
3422,408,409,427,475,218,13,3,24,16,46,4,1,19,67,1.916667
3423,408,409,488,577,238,51,18,33,67,67,34,1,80,169,2.030303
3424,408,489,489,554,60,0,0,32,0,54,11,81,81,146,1.687500
3425,409,410,416,492,191,6,5,45,6,63,13,1,7,83,1.400000
3426,409,410,413,496,540,2,19,19,2,53,31,1,4,87,2.789474
3427,409,410,448,482,170,27,8,24,29,32,11,1,39,73,1.333333
3428,409,410,412,455,502,2,22,31,2,39,4,1,3,46,1.258065
3429,409,440,454,520,312,8,23,48,8,62,7,31,45,111,1.291667
3430,409,410,415,480,71,3,5,34,5,48,17,1,6,71,1.411765
3431,410,428,685,750,230,18,12,33,43,45,20,18,275,340,1.363636
3432,410,411,431,508,125,14,6,39,17,73,7,1,21,98,1.871795
3433,410,411,446,508,335,22,6,27,28,51,18,1,36,98,1.888889
3434,410,411,517,594,163,78,7,42,63,70,50,1,107,184,1.666667
3435,410,411,451,488,191,31,4,26,31,32,14,1,41,78,1.230769
3436,411,472,647,731,580,47,3,61,53,81,20,61,236,320,1.327869
3437,411,412,455,521,432,32,22,48,26,60,23,1,44,110,1.250000
3438,411,412,425,501,388,9,9,49,8,73,8,1,14,90,1.489796
3439,411,-1,-1,-1,-1,0,-1,51,0,0,0,-1,-1,-1,0.000000
3440,411,-1,-1,-1,-1,0,-1,58,0,0,0,-1,-1,-1,0.000000
3441,411,412,428,520,8,8,1,41,16,63,29,1,17,109,1.536585
3442,411,412,423,487,442,6,17,45,7,47,21,1,12,76,1.044444
3443,411,438,449,492,306,5,10,29,9,37,8,27,38,81,1.275862
3444,411,412,414,481,277,0,2,17,2,47,20,1,3,70,2.764706
3445,411,-1,-1,-1,-1,0,-1,49,0,0,0,-1,-1,-1,0.000000
3446,412,413,432,495,155,17,12,30,13,54,15,1,20,83,1.800000
3447,412,413,423,472,207,7,4,35,9,45,5,1,11,60,1.285714
3448,412,413,641,726,131,176,18,41,154,69,90,1,229,314,1.682927
3449,412,413,415,439,38,2,10,16,1,20,5,1,3,27,1.250000
3450,412,413,440,503,44,23,24,40,14,50,26,1,28,91,1.250000
3451,412,413,457,515,343,14,14,18,22,44,24,1,45,103,2.444444
3452,413,418,500,566,88,50,10,38,35,54,38,5,87,153,1.421053
3453,413,414,471,534,131,37,19,27,40,55,25,1,58,121,2.037037
3454,413,414,426,490,187,8,22,30,8,44,24,1,13,77,1.466667
3455,413,414,429,456,500,10,10,15,6,25,11,1,16,43,1.666667
3456,413,414,435,451,145,13,11,7,20,13,4,1,22,38,1.857143
3457,413,416,455,507,152,17,18,32,20,42,21,3,42,94,1.312500
3458,413,690,712,790,218,5,5,42,14,62,16,277,299,377,1.476190
3459,413,415,425,501,299,0,10,25,10,45,31,2,12,88,1.800000
3460,413,450,490,567,133,20,21,44,21,56,24,37,77,154,1.272727
3461,414,415,435,488,381,17,7,44,15,52,6,1,21,74,1.181818
3462,414,567,650,736,56,6,3,36,14,72,15,153,236,322,2.000000
3463,414,415,438,462,345,8,6,17,18,19,10,1,24,48,1.117647
3464,414,-1,-1,-1,-1,0,-1,50,0,0,0,-1,-1,-1,0.000000
3465,414,415,464,536,200,21,13,25,35,53,33,1,50,122,2.120000
3466,415,-1,-1,-1,-1,0,-1,50,0,0,0,-1,-1,-1,0.000000
3467,415,416,447,524,238,23,14,52,26,76,6,1,32,109,1.461538
3468,415,416,422,459,37,1,11,17,6,31,6,1,7,44,1.823529
3469,416,417,426,500,27,5,4,28,9,48,26,1,10,84,1.714286
3470,416,417,566,657,583,99,18,52,96,82,51,1,150,241,1.576923
3471,416,417,453,538,296,26,15,25,22,71,28,1,37,122,2.840000
3472,416,417,423,494,124,3,3,41,5,63,9,1,7,78,1.536585
3473,417,418,433,515,509,12,9,34,12,60,25,1,16,98,1.764706
3474,417,418,489,531,470,64,14,28,54,38,21,1,72,114,1.357143
3475,417,444,533,622,565,66,19,48,50,78,45,27,116,205,1.625000
3476,417,418,444,468,68,20,7,23,23,23,4,1,27,51,1.000000
3477,417,418,440,500,203,14,17,39,13,49,20,1,23,83,1.256410
3478,418,419,458,528,554,30,17,51,26,63,20,1,40,110,1.235294
3479,418,419,466,536,198,34,16,15,35,57,25,1,48,118,3.800000
3480,418,693,708,765,218,2,2,41,8,53,5,275,290,347,1.292683
3481,418,424,495,553,374,2,7,35,15,49,10,6,77,135,1.400000
3482,418,419,435,506,412,15,14,24,13,54,20,1,17,88,2.250000
3483,419,779,-1,-1,539,5,11,54,9,0,0,360,-1,-1,0.000000
3484,419,420,429,489,260,9,9,51,8,57,4,1,10,70,1.117647
3485,419,420,436,469,18,9,5,7,12,23,14,1,17,50,3.285714
3486,419,420,420,480,404,0,0,30,0,42,18,1,1,61,1.400000
3487,420,421,423,437,161,0,2,8,2,12,2,1,3,17,1.500000
3488,420,421,533,593,45,92,10,24,75,42,55,1,113,173,1.750000
3489,420,422,455,484,363,7,14,21,9,25,6,2,35,64,1.190476
3490,420,421,447,513,374,2,10,29,14,49,17,1,27,93,1.689655
3491,420,421,431,492,506,9,11,19,8,41,22,1,11,72,2.157895
3492,420,421,422,490,132,0,1,38,1,68,0,1,2,70,1.789474
3493,420,-1,-1,-1,-1,0,-1,64,0,0,0,-1,-1,-1,0.000000
3494,420,421,431,514,428,6,2,46,9,80,4,1,11,94,1.739130
3495,420,421,455,503,319,21,20,42,17,46,12,1,35,83,1.095238
3496,420,421,450,493,288,24,19,23,20,31,21,1,30,73,1.347826
3497,420,421,423,449,27,0,2,21,2,23,3,1,3,29,1.095238
3498,420,421,424,477,220,1,9,20,3,22,31,1,4,57,1.100000
3499,420,421,432,479,122,7,5,29,7,39,12,1,12,59,1.344828
3500,420,421,438,460,24,8,6,13,15,19,5,1,18,40,1.461538
3501,420,421,453,567,275,27,2,36,22,104,20,1,33,147,2.888889
3502,421,435,473,491,375,16,10,15,34,17,5,14,52,70,1.133333
3503,421,422,425,498,77,2,3,35,3,55,18,1,4,77,1.571429
3504,421,422,475,548,576,39,15,35,35,65,26,1,54,127,1.857143
3505,421,422,468,494,500,38,10,11,35,23,14,1,47,73,2.090909
3506,421,422,422,439,89,0,0,14,0,16,1,1,1,18,1.142857
3507,421,422,441,462,45,8,9,19,16,19,5,1,20,41,1.000000
3508,421,-1,-1,-1,-1,0,-1,50,0,0,0,-1,-1,-1,0.000000
3509,421,422,451,511,173,17,11,38,20,46,23,1,30,90,1.210526
3510,421,430,503,550,573,53,17,29,47,39,27,9,82,129,1.344828
3511,421,422,424,498,115,1,12,22,2,34,40,1,3,77,1.545455
3512,422,423,448,508,363,24,13,28,20,48,17,1,26,86,1.714286
3513,422,423,479,551,354,50,8,20,41,54,33,1,57,129,2.700000
3514,423,428,494,537,88,44,12,26,45,38,22,5,71,114,1.461538
3515,423,424,466,535,432,29,7,45,30,63,18,1,43,112,1.400000
3516,423,424,525,594,38,72,19,32,71,42,57,1,102,171,1.312500
3517,423,424,426,500,451,2,17,32,2,56,18,1,3,77,1.750000
3518,423,438,937,-1,590,156,9,52,109,53,110,15,514,-1,1.019231
3519,423,424,459,482,482,23,13,12,21,20,17,1,36,59,1.666667
3520,424,425,460,524,228,27,13,29,18,55,26,1,36,100,1.896552
3521,424,425,451,515,355,9,19,29,20,63,7,1,27,91,2.172414
3522,425,427,505,572,116,53,21,35,45,57,39,2,80,147,1.628571
3523,425,426,430,512,223,4,17,19,3,57,26,1,5,87,3.000000
3524,425,426,513,569,173,52,21,33,55,43,38,1,88,144,1.303030
3525,425,426,437,470,343,9,14,16,7,26,11,1,12,45,1.625000
3526,426,427,438,494,286,5,11,23,9,41,17,1,12,68,1.782609
3527,426,427,452,516,301,4,5,47,15,61,5,1,26,90,1.297872
3528,426,428,530,576,559,85,2,36,74,44,29,2,104,150,1.222222
3529,426,446,572,645,203,89,24,28,85,56,56,20,146,219,2.000000
3530,426,-1,-1,-1,-1,0,-1,48,0,0,0,-1,-1,-1,0.000000
3531,427,428,444,497,326,9,1,36,12,50,7,1,17,70,1.388889
3532,427,428,503,554,18,53,6,40,43,46,27,1,76,127,1.150000
3533,427,428,438,512,500,5,5,16,9,42,33,1,11,85,2.625000
3534,427,428,438,537,173,9,12,24,5,78,26,1,11,110,3.250000
3535,427,428,432,483,301,0,4,15,4,25,26,1,5,56,1.666667
3536,427,433,459,486,296,8,17,11,19,17,16,6,32,59,1.545455
3537,427,445,493,560,204,20,25,25,30,53,32,18,66,133,2.120000
3538,427,428,437,506,266,7,8,19,8,49,21,1,10,79,2.578947
3539,427,511,535,622,88,8,9,36,22,50,38,84,108,195,1.388889
3540,428,430,469,530,67,31,22,41,25,49,23,2,41,102,1.195122
3541,428,429,617,696,321,77,11,39,71,63,51,1,189,268,1.615385
3542,428,429,519,594,151,74,14,30,54,52,59,1,91,166,1.733333
3543,428,429,435,515,21,0,6,27,6,55,25,1,7,87,2.037037
3544,428,429,437,461,425,4,7,16,7,22,3,1,9,33,1.375000
3545,428,429,504,597,76,43,8,29,52,75,41,1,76,169,2.586207
3546,428,429,464,532,249,28,6,16,21,48,34,1,36,104,3.000000
3547,428,429,599,672,599,134,23,42,105,64,74,1,171,244,1.523810
3548,428,429,446,495,296,9,10,28,10,38,18,1,18,67,1.357143
3549,429,861,864,923,256,2,6,51,3,59,0,432,435,494,1.156863
3550,429,430,505,537,6,52,15,13,52,27,28,1,76,108,2.076923
3551,429,432,481,556,157,20,14,61,13,73,13,3,52,127,1.196721
3552,429,430,542,601,18,27,7,31,48,49,22,1,113,172,1.580645
3553,429,430,480,525,144,25,18,15,39,37,19,1,51,96,2.466667
3554,429,430,434,505,52,3,10,35,4,71,0,1,5,76,2.028571
3555,430,519,520,606,81,1,8,42,1,68,18,89,90,176,1.619048
3556,430,485,533,580,241,12,9,37,19,41,9,55,103,150,1.108108
3557,430,442,484,562,510,35,19,54,29,78,13,12,54,132,1.444444
3558,430,431,437,505,26,2,6,18,4,50,20,1,7,75,2.777778
3559,430,431,439,493,98,5,7,31,7,45,10,1,9,63,1.451613
3560,430,448,521,588,516,55,12,41,50,59,23,18,91,158,1.439024
3561,430,431,457,511,437,14,11,19,19,45,16,1,27,81,2.368421
3562,431,432,442,493,302,4,10,26,5,48,8,1,11,62,1.846154
3563,431,432,468,542,358,32,10,46,27,68,15,1,37,111,1.478261
3564,431,432,553,623,317,95,15,40,92,60,39,1,122,192,1.500000
3565,431,432,435,470,224,2,17,14,3,28,7,1,4,39,2.000000
3566,431,432,435,472,12,0,3,22,3,30,7,1,4,41,1.363636
3567,431,432,443,459,441,4,14,14,8,16,3,1,12,28,1.142857
3568,432,433,449,498,448,12,1,17,13,37,15,1,17,66,2.176471
3569,432,433,628,728,251,151,18,33,129,73,93,1,196,296,2.212121
3570,432,433,439,479,156,2,5,25,2,29,15,1,7,47,1.160000
3571,432,696,697,718,327,0,1,13,1,17,4,264,265,286,1.307692
3572,432,433,436,474,507,3,20,12,3,28,10,1,4,42,2.333333
3573,432,433,463,542,169,22,12,34,24,68,17,1,31,110,2.000000
3574,432,433,441,501,445,1,11,25,6,39,23,1,9,69,1.560000
3575,433,434,436,454,16,0,2,12,2,16,2,1,3,21,1.333333
3576,433,437,593,676,573,94,15,49,82,77,53,4,160,243,1.571429
3577,434,435,456,477,249,11,7,19,17,19,6,1,22,43,1.000000
3578,434,435,492,569,458,27,10,32,41,60,33,1,58,135,1.875000
3579,434,435,442,468,173,6,10,19,5,23,5,1,8,34,1.210526
3580,434,435,436,486,283,0,1,39,1,49,1,1,2,52,1.256410
3581,434,435,521,578,107,74,11,27,54,41,48,1,87,144,1.518519
3582,434,435,470,490,88,23,14,12,25,14,16,1,36,56,1.166667
3583,434,435,665,735,69,185,3,56,164,68,56,1,231,301,1.214286
3584,434,435,494,548,359,1,13,47,2,51,4,1,60,114,1.085106
3585,434,435,439,500,51,4,12,43,4,55,6,1,5,66,1.279070
3586,434,435,466,517,236,24,5,36,26,46,10,1,32,83,1.277778
3587,434,435,468,518,501,28,10,26,20,38,25,1,34,84,1.461538
3588,435,436,452,504,193,10,21,20,10,46,12,1,17,69,2.300000
3589,435,436,543,632,64,72,17,24,67,64,65,1,108,197,2.666667
3590,436,437,463,493,473,18,1,25,14,29,13,1,27,57,1.160000
3591,436,437,449,488,219,8,10,23,7,35,9,1,13,52,1.521739
3592,436,437,456,549,578,6,11,19,17,61,34,1,20,113,3.210526
3593,436,437,441,516,9,1,11,20,4,52,23,1,5,80,2.600000
3594,437,438,534,551,599,69,22,8,66,14,33,1,97,114,1.750000
3595,437,438,440,467,136,0,2,20,2,26,1,1,3,30,1.300000
3596,437,438,519,604,6,75,14,41,53,77,36,1,82,167,1.878049
3597,437,447,463,504,161,12,4,29,12,35,9,10,26,67,1.206897
3598,437,438,442,465,481,3,12,11,3,13,11,1,5,28,1.181818
3599,437,440,471,543,397,4,9,29,9,61,11,3,34,106,2.103448
3600,437,438,507,554,187,49,19,28,35,38,43,1,70,117,1.357143
3601,437,438,626,700,104,146,13,24,117,50,95,1,189,263,2.083333
3602,438,439,443,481,58,1,17,9,4,27,11,1,5,43,3.000000
3603,438,439,461,530,566,19,10,53,16,63,12,1,23,92,1.188679
3604,438,439,492,563,369,36,9,23,42,57,25,1,54,125,2.478261
3605,438,442,451,533,397,1,7,29,2,61,21,4,13,95,2.103448
3606,438,439,440,504,329,1,2,47,1,59,5,1,2,66,1.255319
3607,438,439,451,491,156,10,3,25,6,33,13,1,13,53,1.320000
3608,438,439,446,508,445,0,7,26,7,42,20,1,8,70,1.615385
3609,439,443,512,604,573,46,20,29,46,69,46,4,73,165,2.379310
3610,439,440,623,710,576,137,16,16,102,66,102,1,184,271,4.125000
3611,439,440,461,525,96,12,15,21,12,53,20,1,22,86,2.523810
3612,439,440,508,540,566,52,9,24,49,28,23,1,69,101,1.166667
3613,439,440,456,535,160,11,3,21,10,61,24,1,17,96,2.904762
3614,439,444,460,527,264,11,17,47,7,65,10,5,21,88,1.382979
3615,439,440,511,576,252,48,17,17,46,45,45,1,72,137,2.647059
3616,439,440,476,528,171,30,10,40,28,46,14,1,37,89,1.150000
3617,440,698,698,758,463,0,0,28,0,36,24,258,258,318,1.285714
3618,440,441,458,519,291,13,17,48,13,56,9,1,18,79,1.166667
3619,440,441,450,472,441,8,23,20,5,22,4,1,10,32,1.100000
3620,440,441,459,486,120,15,13,18,14,22,9,1,19,46,1.222222
3621,440,441,524,605,526,70,20,20,39,52,73,1,84,165,2.600000
3622,440,441,612,649,583,126,17,23,94,27,87,1,172,209,1.173913
3623,441,442,454,533,377,12,11,43,11,73,7,1,13,92,1.697674
3624,441,442,466,483,390,16,7,11,16,13,12,1,25,42,1.181818
3625,442,443,453,487,556,7,19,14,7,28,9,1,11,45,2.000000
3626,442,446,533,591,106,60,13,38,49,52,36,4,91,149,1.368421
3627,442,443,449,484,444,5,17,19,4,33,4,1,7,42,1.736842
3628,442,443,443,505,160,0,0,43,0,59,3,1,1,63,1.372093
3629,442,443,457,526,514,12,13,49,12,65,6,1,15,84,1.326531
3630,443,444,484,524,108,33,18,33,23,35,22,1,41,81,1.060606
3631,443,445,445,518,458,0,0,36,0,60,13,2,2,75,1.666667
3632,443,576,586,671,597,2,10,55,3,77,8,133,143,228,1.400000
3633,443,444,453,531,576,6,8,21,7,53,27,1,10,88,2.523810
3634,444,445,523,572,459,58,10,13,46,43,38,1,79,128,3.307692
3635,444,-1,-1,-1,-1,0,-1,52,0,0,0,-1,-1,-1,0.000000
3636,444,445,453,524,252,5,17,33,7,61,11,1,9,80,1.848485
3637,444,561,-1,-1,42,0,16,65,2,0,0,117,-1,-1,0.000000
3638,444,445,449,497,230,1,2,27,4,37,11,1,5,53,1.370370
3639,444,445,447,480,169,0,2,27,2,29,4,1,3,36,1.074074
3640,444,445,453,490,550,4,5,25,7,33,5,1,9,46,1.320000
3641,444,445,524,619,484,68,17,39,48,55,71,1,80,175,1.410256
3642,445,446,453,538,441,4,22,37,6,69,17,1,8,93,1.864865
3643,445,449,501,576,475,19,16,49,29,69,14,4,56,131,1.408163
3644,445,469,492,545,168,0,4,33,1,43,10,24,47,100,1.303030
3645,445,-1,-1,-1,-1,0,-1,15,0,0,0,-1,-1,-1,0.000000
3646,445,446,521,582,496,58,18,41,44,57,35,1,76,137,1.390244
3647,445,446,449,476,102,2,3,17,1,23,6,1,4,31,1.352941
3648,445,446,463,536,92,7,5,19,11,51,28,1,18,91,2.684211
3649,446,454,455,488,225,0,1,29,1,31,2,8,9,42,1.068966
3650,446,447,450,500,173,0,3,22,3,40,10,1,4,54,1.818182
3651,446,447,539,625,171,67,9,34,65,64,49,1,93,179,1.882353
3652,446,447,447,476,230,0,0,17,0,21,8,1,1,30,1.235294
3653,446,447,460,525,341,13,7,34,7,62,9,1,14,79,1.823529
3654,446,447,537,606,367,78,11,53,63,61,35,1,91,160,1.150943
3655,447,448,451,491,100,0,3,12,3,28,12,1,4,44,2.333333
3656,447,448,470,553,218,15,14,24,16,64,25,1,23,106,2.666667
3657,447,448,482,558,146,23,20,26,22,54,34,1,35,111,2.076923
3658,447,448,473,520,225,5,7,34,13,44,5,1,26,73,1.294118
3659,447,448,461,490,242,7,12,18,12,22,8,1,14,43,1.222222
3660,447,736,799,876,454,4,11,44,15,64,13,289,352,429,1.454545
3661,447,448,551,617,554,79,15,58,63,62,39,1,104,170,1.068966
3662,447,448,452,534,319,3,4,38,4,72,10,1,5,87,1.894737
3663,447,448,505,542,312,42,14,16,32,26,36,1,58,95,1.625000
3664,448,449,480,559,58,14,11,21,19,61,30,1,32,111,2.904762
3665,448,449,471,523,420,18,8,23,16,45,13,1,23,75,1.956522
3666,448,449,456,527,53,2,7,31,6,57,15,1,8,79,1.838710
3667,448,449,454,495,212,0,11,15,3,31,11,1,6,47,2.066667
3668,448,449,559,651,95,69,19,26,84,78,40,1,111,203,3.000000
3669,448,814,-1,-1,383,1,8,46,2,0,0,366,-1,-1,0.000000
3670,449,-1,-1,-1,-1,0,-1,54,0,0,0,-1,-1,-1,0.000000
3671,449,450,471,527,225,9,5,18,17,36,24,1,22,78,2.000000
3672,449,450,474,511,118,11,14,26,17,30,14,1,25,62,1.153846
3673,449,450,477,524,196,21,10,31,16,45,13,1,28,75,1.451613
3674,449,450,455,493,369,2,5,16,5,22,16,1,6,44,1.375000
3675,449,453,482,518,212,7,10,27,12,31,13,4,33,69,1.148148
3676,449,450,459,484,108,4,8,13,8,21,5,1,10,35,1.615385
3677,450,451,600,662,15,97,15,23,86,39,86,1,150,212,1.695652
3678,450,451,504,593,58,36,11,24,36,58,48,1,54,143,2.416667
3679,450,451,481,567,588,22,6,55,22,85,7,1,31,117,1.545455
3680,450,451,458,506,276,0,5,17,7,37,11,1,8,56,2.176471
3681,450,451,491,532,416,33,4,31,29,37,15,1,41,82,1.193548
3682,450,451,527,560,476,62,1,24,51,30,28,1,77,110,1.250000
3683,450,451,567,642,181,98,5,42,76,70,45,1,117,192,1.666667
3684,451,452,458,527,393,3,25,15,2,43,30,1,7,76,2.866667
3685,451,452,477,557,539,21,6,53,17,79,8,1,26,106,1.490566
3686,451,452,457,499,323,4,4,25,3,35,9,1,6,48,1.400000
3687,452,641,717,777,593,31,6,47,27,55,18,189,265,325,1.170213
3688,452,453,499,579,549,19,16,35,17,61,31,1,47,127,1.742857
3689,452,453,514,576,535,38,4,33,35,55,20,1,62,124,1.666667
3690,453,454,461,540,344,2,7,32,6,60,20,1,8,87,1.875000
3691,453,454,530,629,60,64,16,40,49,82,44,1,77,176,2.050000
3692,453,454,518,560,196,50,6,11,38,35,33,1,65,107,3.181818
3693,453,454,472,515,133,15,8,31,13,37,11,1,19,62,1.193548
3694,453,454,471,491,58,14,13,10,11,12,14,1,18,38,1.200000
3695,453,454,464,515,27,6,6,24,9,40,12,1,11,62,1.666667
3696,453,454,455,527,492,0,1,27,1,69,3,1,2,74,2.555556
3697,453,454,517,551,135,46,10,31,44,33,20,1,64,98,1.064516
3698,453,454,479,535,9,17,21,26,17,40,24,1,26,82,1.538462
3699,454,466,474,537,199,1,10,25,8,55,8,12,20,83,2.200000
3700,454,455,555,593,379,85,17,30,61,34,43,1,101,139,1.133333
3701,454,455,471,535,507,11,9,23,11,41,28,1,17,81,1.782609
3702,454,455,513,588,328,47,14,30,26,58,49,1,59,134,1.933333
3703,454,455,492,564,269,30,23,57,24,71,14,1,38,110,1.245614
3704,454,785,-1,-1,161,3,10,54,6,0,0,331,-1,-1,0.000000
3705,455,456,518,553,92,42,5,28,41,30,26,1,63,98,1.071429
3706,455,456,460,510,196,0,4,15,4,33,17,1,5,55,2.200000
3707,455,-1,-1,-1,-1,0,-1,51,0,0,0,-1,-1,-1,0.000000
3708,455,456,504,553,232,36,10,30,34,44,19,1,49,98,1.466667
3709,455,456,573,598,583,91,17,14,78,18,46,1,118,143,1.285714
3710,455,456,489,518,15,11,15,9,28,25,9,1,34,63,2.777778
3711,455,456,474,551,79,13,14,39,13,71,11,1,19,96,1.820513
3712,455,648,648,703,187,0,0,43,0,43,12,193,193,248,1.000000
3713,455,456,472,559,525,15,13,26,12,70,21,1,17,104,2.692308
3714,456,457,516,569,29,50,20,28,41,46,25,1,60,113,1.642857
3715,456,457,479,551,199,10,6,38,18,62,14,1,23,95,1.631579
3716,456,457,581,629,549,45,16,37,49,43,27,1,125,173,1.162162
3717,456,457,461,470,140,1,7,8,4,8,1,1,5,14,1.000000
3718,456,457,463,546,311,5,11,32,4,72,13,1,7,90,2.250000
3719,456,457,476,506,93,2,5,17,14,21,9,1,20,50,1.235294
3720,456,483,488,550,480,3,11,38,4,56,6,27,32,94,1.473684
3721,457,458,460,530,118,2,20,14,2,42,28,1,3,73,3.000000
3722,457,458,462,506,27,3,3,20,3,34,11,1,5,49,1.700000
3723,458,459,469,476,278,3,15,7,8,7,2,1,11,18,1.000000
3724,458,459,561,639,592,33,17,57,28,67,28,1,103,181,1.175439
3725,458,459,475,513,212,4,10,24,11,30,13,1,17,55,1.250000
3726,458,459,471,492,9,9,11,11,7,15,11,1,13,34,1.363636
3727,458,459,459,505,167,0,0,40,0,44,2,1,1,47,1.100000
3728,459,460,493,518,78,19,9,14,19,18,21,1,34,59,1.285714
3729,459,460,470,516,483,6,3,28,9,40,7,1,11,57,1.428571
3730,459,460,460,518,141,0,0,28,0,44,14,1,1,59,1.571429
3731,459,463,559,649,385,45,25,37,41,71,44,4,100,190,1.918919
3732,459,460,495,570,392,31,7,29,24,61,25,1,36,111,2.103448
3733,459,482,504,581,480,11,12,36,16,62,18,23,45,122,1.722222
3734,460,461,625,696,399,133,7,48,121,66,42,1,165,236,1.375000
3735,460,461,498,580,337,28,18,46,27,76,16,1,38,120,1.652174
3736,460,461,473,529,477,11,10,34,5,48,15,1,13,69,1.411765
3737,460,514,524,577,182,4,8,41,6,51,3,54,64,117,1.243902
3738,460,461,684,775,13,137,16,25,155,57,102,1,224,315,2.280000
3739,460,461,535,613,96,58,5,26,52,56,44,1,75,153,2.153846
3740,460,461,502,551,278,17,15,41,25,47,5,1,42,91,1.146341
3741,461,462,477,538,541,11,11,45,13,57,6,1,16,77,1.266667
3742,461,462,494,523,425,15,11,11,18,23,18,1,33,62,2.090909
3743,461,703,705,744,177,0,2,20,2,38,1,242,244,283,1.900000
3744,461,462,469,484,122,0,6,10,6,12,4,1,8,23,1.200000
3745,461,462,501,555,526,34,1,14,21,38,34,1,40,94,2.714286
3746,461,462,508,580,522,37,18,49,25,63,25,1,47,119,1.285714
3747,462,463,503,558,120,19,14,25,32,49,14,1,41,96,1.960000
3748,462,463,528,580,342,38,12,31,34,47,34,1,66,118,1.516129
3749,462,463,473,511,106,1,5,15,10,27,11,1,11,49,1.800000
3750,462,463,527,553,149,55,18,9,41,19,30,1,65,91,2.111111
3751,462,463,672,731,174,175,7,34,133,54,81,1,210,269,1.588235
3752,462,463,480,504,186,13,25,9,15,17,9,1,18,42,1.888889
3753,462,480,522,580,533,7,12,36,17,54,4,18,60,118,1.500000
3754,462,463,541,601,226,40,10,39,56,53,17,1,79,139,1.358974
3755,463,464,467,540,305,1,5,34,3,60,13,1,4,77,1.764706
3756,463,464,468,551,1,0,4,31,4,63,20,1,5,88,2.032258
3757,463,464,472,533,172,4,2,36,8,60,1,1,9,70,1.666667
3758,463,464,481,538,507,11,5,36,7,50,17,1,18,75,1.388889
3759,463,464,482,551,232,12,6,29,18,55,14,1,19,88,1.896552
3760,463,464,474,513,16,6,6,18,7,32,10,1,11,50,1.777778
3761,464,465,497,568,422,26,13,32,16,60,27,1,33,104,1.875000
3762,464,465,572,628,391,94,20,33,68,41,54,1,108,164,1.242424
3763,464,465,496,569,200,18,17,22,26,46,32,1,32,105,2.090909
3764,464,465,505,586,502,34,3,34,30,60,31,1,41,122,1.764706
3765,464,465,501,551,140,0,6,40,10,46,4,1,37,87,1.150000
3766,464,495,562,631,227,8,9,52,9,58,16,31,98,167,1.115385
3767,465,466,483,517,78,8,7,15,14,27,10,1,18,52,1.800000
3768,465,466,490,542,450,21,9,21,20,41,15,1,25,77,1.952381
3769,465,466,538,634,37,47,4,34,59,74,35,1,73,169,2.176471
3770,465,667,-1,-1,70,0,18,58,5,0,1,202,-1,-1,0.000000
3771,465,466,470,524,2,3,2,18,4,44,10,1,5,59,2.444444
3772,465,466,477,534,232,3,4,25,11,41,16,1,12,69,1.640000
3773,465,466,598,638,419,112,22,32,81,34,57,1,133,173,1.062500
3774,465,466,518,572,274,45,11,30,27,50,29,1,53,107,1.666667
3775,466,467,535,560,352,41,13,23,52,23,18,1,69,94,1.000000
3776,466,467,470,542,212,2,11,46,2,60,13,1,4,76,1.304348
3777,466,467,500,572,385,29,26,47,19,65,21,1,34,106,1.382979
3778,466,467,568,660,87,64,12,28,78,56,59,1,102,194,2.000000
3779,466,467,588,637,293,108,18,35,73,39,58,1,122,171,1.114286
3780,466,467,484,516,69,6,10,17,10,25,14,1,18,50,1.470588
3781,466,467,472,553,583,5,14,32,4,78,4,1,6,87,2.437500
3782,466,467,487,561,37,18,3,23,14,59,21,1,21,95,2.565217
3783,467,468,477,559,413,7,13,37,8,71,12,1,10,92,1.918919
3784,467,468,528,636,421,52,22,40,43,78,47,1,61,169,1.950000
3785,467,468,478,517,436,6,11,24,6,32,11,1,11,50,1.333333
3786,467,641,798,856,330,102,16,47,86,53,45,174,331,389,1.127660
3787,468,469,469,516,39,0,0,19,0,39,8,1,1,48,2.052632
3788,468,469,470,489,232,0,1,13,1,17,2,1,2,21,1.307692
3789,468,469,488,564,226,10,6,36,18,50,27,1,20,96,1.388889
3790,468,469,502,558,47,27,13,15,25,47,17,1,34,90,3.133333
3791,468,469,481,528,118,9,11,34,7,42,10,1,13,60,1.235294
3792,468,469,470,535,294,0,1,33,1,49,16,1,2,67,1.484848
3793,468,469,471,533,231,2,10,21,2,51,11,1,3,65,2.428571
3794,468,469,591,663,250,108,16,43,93,63,38,1,123,195,1.465116
3795,468,469,493,553,379,20,15,38,19,56,9,1,25,85,1.473684
3796,469,480,502,569,262,0,8,31,5,53,14,11,33,100,1.709677
3797,469,470,480,546,585,7,17,54,7,58,10,1,11,77,1.074074
3798,469,470,473,509,272,1,5,25,3,35,1,1,4,40,1.400000
3799,469,470,482,544,204,9,7,22,9,40,25,1,13,75,1.818182
3800,469,470,470,538,425,0,0,31,0,61,7,1,1,69,1.967742
3801,469,470,495,573,153,14,11,47,22,73,8,1,26,104,1.553191
3802,470,476,490,549,480,9,11,27,9,47,17,6,20,79,1.740741
3803,470,471,481,521,231,7,8,30,8,32,10,1,11,51,1.066667
3804,470,471,545,634,62,55,12,13,50,65,48,1,75,164,5.000000
3805,470,471,475,494,475,4,4,15,4,19,0,1,5,24,1.266667
3806,470,471,496,574,210,21,21,38,15,56,32,1,26,104,1.473684
3807,470,471,567,610,437,75,8,34,65,42,32,1,97,140,1.235294
3808,470,789,793,851,192,0,4,44,4,52,6,319,323,381,1.181818
3809,470,471,501,574,193,26,13,41,27,67,9,1,31,104,1.634146
3810,470,471,519,611,60,37,11,36,40,78,22,1,49,141,2.166667
3811,470,471,472,543,244,1,13,29,1,61,10,1,2,73,2.103448
3812,470,471,547,606,402,64,19,28,53,52,30,1,77,136,1.857143
3813,471,472,499,562,126,20,19,40,17,56,17,1,28,91,1.400000
3814,471,472,542,607,539,51,6,24,54,40,41,1,71,136,1.666667
3815,471,472,525,580,519,36,25,29,39,49,20,1,54,109,1.689655
3816,471,474,481,536,479,1,11,39,6,49,6,3,10,65,1.256410
3817,471,472,474,518,514,0,2,38,2,40,4,1,3,47,1.052632
3818,471,472,483,546,58,8,7,30,9,62,3,1,12,75,2.066667
3819,471,472,494,517,69,8,12,9,16,17,12,1,23,46,1.888889
3820,472,473,530,572,252,45,16,23,39,37,23,1,58,100,1.608696
3821,472,473,500,519,496,14,16,12,18,14,14,1,28,47,1.166667
3822,472,473,752,829,13,225,15,49,199,73,83,1,280,357,1.489796
3823,472,519,555,634,100,12,5,43,33,63,16,47,83,162,1.465116
3824,473,474,492,518,475,15,1,12,16,22,6,1,19,45,1.833333
3825,473,474,475,546,5,0,1,12,1,54,17,1,2,73,4.500000
3826,473,474,475,527,430,0,1,29,1,35,17,1,2,54,1.206897
3827,473,474,506,569,231,27,5,26,17,54,24,1,33,96,2.076923
3828,473,474,482,526,490,4,6,28,8,40,4,1,9,53,1.428571
3829,474,-1,-1,-1,-1,0,-1,24,0,0,0,-1,-1,-1,0.000000
3830,474,475,507,581,413,26,1,15,18,49,39,1,33,107,3.266667
3831,474,475,507,591,444,24,13,46,20,64,30,1,33,117,1.391304
3832,474,475,482,520,35,4,13,10,5,32,8,1,8,46,3.200000
3833,474,475,490,531,165,6,16,12,9,28,19,1,16,57,2.333333
3834,474,475,496,515,57,5,9,14,13,14,13,1,22,41,1.000000
3835,474,475,487,555,229,9,15,30,6,58,16,1,13,81,1.933333
3836,474,475,508,560,464,25,12,36,25,46,14,1,34,86,1.277778
3837,474,475,496,545,408,10,7,28,21,40,9,1,22,71,1.428571
3838,474,475,519,564,243,34,14,25,37,37,15,1,45,90,1.480000
3839,474,475,475,523,226,0,0,20,0,34,14,1,1,49,1.700000
3840,475,476,567,647,10,83,22,24,60,66,45,1,92,172,2.750000
3841,475,476,510,557,58,24,6,15,26,39,16,1,35,82,2.600000
3842,475,476,500,573,233,21,11,49,18,65,14,1,25,98,1.326531
3843,475,476,497,545,99,17,15,16,12,38,19,1,22,70,2.375000
3844,475,482,493,552,364,5,10,42,7,58,2,7,18,77,1.380952
3845,475,575,916,992,450,67,12,54,68,70,35,100,441,517,1.296296
3846,475,476,537,616,231,55,2,28,35,78,27,1,62,141,2.785714
3847,476,477,477,514,342,0,0,20,0,32,5,1,1,38,1.600000
3848,476,477,487,509,215,9,11,15,7,19,6,1,11,33,1.266667
3849,476,477,720,795,450,33,4,56,61,72,6,1,244,319,1.285714
3850,476,477,507,597,179,25,24,37,18,77,25,1,31,121,2.081081
3851,477,478,512,600,240,27,11,33,22,71,29,1,35,123,2.151515
3852,477,478,491,564,138,9,10,42,7,70,9,1,14,87,1.666667
3853,477,479,532,562,262,29,7,23,42,27,10,2,55,85,1.173913
3854,477,478,619,672,23,98,11,24,84,32,78,1,142,195,1.333333
3855,477,478,555,580,539,58,2,14,52,22,28,1,78,103,1.571429
3856,477,478,546,607,162,31,2,17,51,41,37,1,69,130,2.411765
3857,477,478,504,568,195,20,17,52,18,62,10,1,27,91,1.192308
3858,478,479,685,719,29,158,14,15,122,21,97,1,207,241,1.400000
3859,478,479,488,570,216,7,15,23,5,65,21,1,10,92,2.826087
3860,478,540,553,602,486,6,11,45,10,47,3,62,75,124,1.044444
3861,478,479,532,627,383,32,9,28,32,66,50,1,54,149,2.357143
3862,479,480,488,515,22,6,13,9,5,21,9,1,9,36,2.333333
3863,479,480,498,560,300,17,15,24,12,46,22,1,19,81,1.916667
3864,479,480,525,589,41,41,15,25,32,53,24,1,46,110,2.120000
3865,479,480,508,537,508,27,18,17,15,23,19,1,29,58,1.352941
3866,479,480,494,541,409,11,12,16,12,38,11,1,15,62,2.375000
3867,479,480,486,516,193,3,6,21,5,25,6,1,7,37,1.190476
3868,479,480,499,582,116,16,9,40,17,74,11,1,20,103,1.850000
3869,480,481,481,497,497,0,0,10,0,14,2,1,1,17,1.400000
3870,480,481,482,542,435,1,11,45,0,55,6,1,2,62,1.222222
3871,480,481,518,548,347,32,17,14,21,22,24,1,38,68,1.571429
3872,480,481,492,556,194,8,7,52,11,62,2,1,12,76,1.192308
3873,480,481,554,634,34,44,14,15,48,67,38,1,74,154,4.466667
3874,480,781,827,896,511,15,5,45,20,63,6,301,347,416,1.400000
3875,480,481,578,605,149,84,21,20,60,24,40,1,98,125,1.200000
3876,481,482,492,505,385,9,23,8,7,8,8,1,11,24,1.000000
3877,481,-1,-1,-1,-1,0,-1,52,0,0,0,-1,-1,-1,0.000000
3878,481,482,515,589,229,26,15,29,20,61,26,1,34,108,2.103448
3879,481,482,497,554,230,12,5,24,10,38,24,1,16,73,1.583333
3880,481,482,711,793,523,183,20,42,136,64,111,1,230,312,1.523810
3881,481,482,529,609,165,35,15,31,26,69,32,1,48,128,2.225806
3882,481,482,495,536,9,2,9,25,11,29,14,1,14,55,1.160000
3883,482,483,514,559,520,26,15,33,18,43,15,1,32,77,1.303030
3884,482,483,600,661,281,99,16,39,63,49,66,1,118,179,1.256410
3885,482,483,525,608,414,29,13,31,33,65,25,1,43,126,2.096774
3886,482,483,488,553,57,3,4,28,4,58,8,1,6,71,2.071429
3887,482,483,544,620,346,30,17,28,45,54,32,1,62,138,1.928571
3888,483,484,485,544,517,1,10,16,1,42,17,1,2,61,2.625000
3889,483,484,490,547,267,5,4,25,3,45,15,1,7,64,1.800000
3890,483,484,514,600,533,18,4,50,17,74,16,1,31,117,1.480000
3891,483,484,515,591,346,25,14,50,23,72,12,1,32,108,1.440000
3892,483,484,528,633,29,40,20,23,27,71,51,1,45,150,3.086957
3893,483,484,678,765,462,127,2,35,133,63,85,1,195,282,1.800000
3894,484,485,533,576,73,26,13,20,27,32,32,1,49,92,1.600000
3895,484,485,501,548,261,13,19,36,13,42,8,1,17,64,1.166667
3896,484,485,517,540,206,21,12,14,18,22,15,1,33,56,1.571429
3897,484,485,493,537,188,8,11,35,5,39,8,1,9,53,1.114286
3898,484,485,521,593,367,20,8,34,30,50,28,1,37,109,1.470588
3899,484,485,508,573,317,22,17,16,16,54,18,1,24,89,3.375000
3900,484,487,491,574,271,3,1,48,4,78,5,3,7,90,1.625000
3901,484,485,507,570,411,15,8,47,14,63,8,1,23,86,1.340426
3902,484,-1,-1,-1,-1,0,-1,46,0,0,0,-1,-1,-1,0.000000
3903,484,485,581,676,297,81,11,35,66,71,54,1,97,192,2.028571
3904,485,486,502,553,187,7,2,28,13,40,14,1,17,68,1.428571
3905,485,486,497,535,154,4,9,13,9,29,11,1,12,50,2.230769
3906,485,486,717,746,159,141,8,15,153,25,82,1,232,261,1.666667
3907,485,486,582,680,152,80,14,35,65,81,48,1,97,195,2.314286
3908,485,486,511,582,206,17,13,16,16,48,32,1,26,97,3.000000
3909,486,487,586,642,191,87,15,20,60,40,55,1,100,156,2.000000
3910,486,487,505,525,28,14,11,14,12,18,8,1,19,39,1.285714
3911,486,487,549,640,411,53,7,29,42,67,44,1,63,154,2.310345
3912,486,487,497,564,262,1,4,35,10,55,12,1,11,78,1.571429
3913,486,487,487,514,57,0,0,22,0,26,1,1,1,28,1.181818
3914,486,487,498,579,469,11,15,36,8,68,16,1,12,93,1.888889
3915,486,487,515,554,155,14,20,17,16,33,18,1,29,68,1.941176
3916,486,487,551,612,41,54,14,25,41,37,47,1,65,126,1.480000
3917,487,488,522,583,0,22,12,19,25,47,23,1,35,96,2.473684
3918,487,488,491,564,289,1,11,45,3,69,4,1,4,77,1.533333
3919,487,488,530,574,149,29,14,25,32,33,21,1,43,87,1.320000
3920,487,488,514,572,532,16,5,35,19,49,16,1,27,85,1.400000
3921,487,-1,-1,-1,-1,0,-1,61,0,0,0,-1,-1,-1,0.000000
3922,488,489,489,529,153,0,0,25,0,31,9,1,1,41,1.240000
3923,488,489,500,568,478,7,7,43,8,57,14,1,12,80,1.325581
3924,488,489,568,644,362,63,16,29,51,61,43,1,80,156,2.103448
3925,488,489,520,584,372,24,12,33,23,53,19,1,32,96,1.606061
3926,488,711,713,790,112,0,1,43,1,75,3,223,225,302,1.744186
3927,488,489,662,707,229,123,12,30,116,36,66,1,174,219,1.200000
3928,488,489,502,547,178,10,12,23,10,39,9,1,14,59,1.695652
3929,488,489,489,538,215,0,0,27,0,47,2,1,1,50,1.740741
3930,489,490,491,525,251,0,1,28,1,32,2,1,2,36,1.142857
3931,489,490,511,547,350,15,20,21,12,33,12,1,22,58,1.571429
3932,489,490,534,612,0,10,10,13,20,47,55,1,45,123,3.615385
3933,489,490,509,547,361,13,15,28,15,36,6,1,20,58,1.285714
3934,490,787,790,874,223,0,5,46,1,76,8,297,300,384,1.652174
3935,490,491,507,540,317,15,16,19,12,29,8,1,17,50,1.526316
3936,490,-1,-1,-1,-1,0,-1,57,0,0,0,-1,-1,-1,0.000000
3937,490,491,492,571,135,0,1,40,1,64,15,1,2,81,1.600000
3938,490,491,529,605,278,19,8,24,24,60,30,1,39,115,2.500000
3939,490,491,506,574,549,10,11,11,9,47,27,1,16,84,4.272727
3940,490,491,499,541,209,5,13,32,5,34,11,1,9,51,1.062500
3941,490,491,518,592,152,19,13,25,22,53,26,1,28,102,2.120000
3942,490,491,510,571,310,16,10,22,16,48,16,1,20,81,2.181818
3943,490,491,554,633,63,25,14,20,34,60,48,1,64,143,3.000000
3944,490,491,553,588,411,49,8,18,45,30,22,1,63,98,1.666667
3945,490,491,542,569,368,37,12,17,29,23,26,1,52,79,1.352941
3946,490,491,502,512,14,6,17,9,8,9,4,1,12,22,1.000000
3947,490,491,494,528,91,0,3,17,3,23,11,1,4,38,1.352941
3948,491,492,503,560,104,1,11,25,8,47,13,1,12,69,1.880000
3949,491,492,578,654,28,74,12,42,59,62,39,1,87,163,1.476190
3950,491,492,521,578,125,21,10,21,17,45,24,1,30,87,2.142857
3951,491,492,496,568,177,3,7,28,3,56,17,1,5,77,2.000000
3952,491,493,509,576,577,9,17,42,7,60,11,2,18,85,1.428571
3953,491,492,543,625,549,41,10,30,32,64,37,1,52,134,2.133333
3954,491,492,573,618,520,68,20,15,58,39,29,1,82,127,2.600000
3955,492,493,545,607,322,41,17,38,38,48,28,1,53,115,1.263158
3956,492,493,576,658,138,76,3,29,54,47,64,1,84,166,1.620690
3957,492,493,555,642,367,46,10,41,45,73,31,1,63,150,1.780488
3958,492,493,498,569,139,1,3,41,5,59,12,1,6,77,1.439024
3959,492,502,667,745,206,75,15,40,63,64,56,10,175,253,1.600000
3960,492,493,497,569,512,3,19,22,2,50,24,1,5,77,2.272727
3961,492,493,496,509,334,2,9,11,2,13,1,1,4,17,1.181818
3962,493,494,508,548,214,12,3,21,9,33,12,1,15,55,1.571429
3963,493,502,614,703,98,53,9,37,53,75,43,9,121,210,2.027027
3964,493,494,536,584,424,37,14,42,31,42,17,1,43,91,1.000000
3965,493,494,529,550,65,25,2,12,25,18,13,1,36,57,1.500000
3966,493,641,787,855,33,97,14,45,85,61,47,148,294,362,1.355556
3967,493,494,502,544,35,6,5,27,6,33,11,1,9,51,1.222222
3968,493,494,560,616,22,54,13,45,35,53,34,1,67,123,1.177778
3969,493,494,550,610,142,38,16,25,46,43,27,1,57,117,1.720000
3970,494,495,506,539,197,6,8,31,7,33,4,1,12,45,1.064516
3971,494,495,500,520,66,3,15,14,4,18,3,1,6,26,1.285714
3972,494,495,497,532,159,0,2,15,2,27,8,1,3,38,1.800000
3973,494,495,531,631,303,27,15,36,28,78,30,1,37,137,2.166667
3974,494,495,513,549,411,15,7,25,14,35,5,1,19,55,1.400000
3975,495,-1,-1,-1,-1,0,-1,51,0,0,0,-1,-1,-1,0.000000
3976,495,496,528,557,219,27,7,25,24,27,10,1,33,62,1.080000
3977,495,496,513,586,347,15,10,18,9,58,23,1,18,91,3.222222
3978,495,496,500,577,409,2,2,28,2,48,31,1,5,82,1.714286
3979,495,515,550,608,50,2,7,39,17,45,13,20,55,113,1.153846
3980,495,496,532,558,265,26,15,23,22,23,17,1,37,63,1.000000
3981,495,496,496,521,122,0,0,18,0,22,3,1,1,26,1.222222
3982,495,496,524,599,287,15,11,23,22,53,28,1,29,104,2.304348
3983,496,497,504,566,433,5,14,36,5,60,4,1,8,70,1.666667
3984,496,498,523,581,527,3,8,27,14,49,9,2,27,85,1.814815
3985,496,497,520,562,345,17,13,13,16,27,22,1,24,66,2.076923
3986,496,497,585,673,330,76,12,22,55,52,69,1,89,177,2.363636
3987,497,498,548,579,558,33,7,9,29,25,27,1,51,82,2.777778
3988,497,498,517,586,471,12,19,24,11,50,27,1,20,89,2.083333
3989,497,498,510,550,303,3,16,18,10,32,10,1,13,53,1.777778
3990,497,498,592,655,149,78,20,38,63,48,46,1,95,158,1.263158
3991,497,498,606,710,205,65,10,33,73,65,63,1,109,213,1.969697
3992,498,499,553,579,265,45,9,24,34,26,20,1,55,81,1.083333
3993,498,499,545,624,534,36,13,40,35,72,17,1,47,126,1.800000
3994,498,499,518,579,498,2,6,18,17,46,17,1,20,81,2.555556
3995,498,499,503,583,483,3,4,44,4,62,18,1,5,85,1.409091
3996,498,505,514,577,498,2,5,29,8,43,21,7,16,79,1.482759
3997,499,500,568,643,330,54,8,31,50,69,24,1,69,144,2.225806
3998,499,500,512,596,147,10,19,48,10,78,8,1,13,97,1.625000
3999,499,500,530,617,371,22,1,34,27,60,30,1,31,118,1.764706
4000,499,500,508,539,197,7,6,27,6,29,4,1,9,40,1.074074
4001,499,512,513,591,498,0,1,43,1,67,11,13,14,92,1.558140
4002,499,-1,-1,-1,-1,0,-1,54,0,0,0,-1,-1,-1,0.000000
4003,499,500,507,589,165,5,10,33,1,65,23,1,8,90,1.969697
4004,499,500,501,556,283,1,10,30,0,52,4,1,2,57,1.733333
4005,500,501,565,612,164,49,10,19,45,33,33,1,65,112,1.736842
4006,500,501,505,567,188,2,4,29,4,57,5,1,5,67,1.965517
4007,500,501,503,523,371,1,2,15,1,19,2,1,3,23,1.266667
4008,500,501,598,651,395,80,11,24,74,44,32,1,98,151,1.833333
4009,500,501,509,580,317,6,12,35,5,65,9,1,9,80,1.857143
4010,500,501,603,679,97,84,8,40,58,70,50,1,103,179,1.750000
4011,500,501,573,648,421,54,16,47,54,65,28,1,73,148,1.382979
4012,501,502,542,621,372,33,4,28,30,76,13,1,41,120,2.714286
4013,501,502,542,596,245,33,17,29,28,43,23,1,41,95,1.482759
4014,501,502,645,695,46,94,8,45,88,47,45,1,144,194,1.044444
4015,501,502,526,577,573,10,15,10,22,38,15,1,25,76,3.800000
4016,501,-1,-1,-1,-1,0,-1,43,0,0,0,-1,-1,-1,0.000000
4017,502,503,525,590,173,19,6,27,15,63,9,1,23,88,2.333333
4018,503,504,521,553,40,12,10,22,16,28,5,1,18,50,1.272727
4019,503,504,538,582,350,25,15,24,27,32,19,1,35,79,1.333333
4020,503,504,516,584,77,10,13,46,8,64,8,1,13,81,1.391304
4021,503,504,509,556,155,3,17,25,5,39,8,1,6,53,1.560000
4022,503,504,529,544,8,2,19,10,20,14,6,1,26,41,1.400000
4023,504,505,519,545,250,4,17,17,9,25,6,1,15,41,1.470588
4024,504,505,539,590,179,28,12,26,20,50,15,1,35,86,1.923077
4025,504,505,507,535,269,1,3,14,2,20,8,1,3,31,1.428571
4026,504,505,522,616,524,13,13,42,14,70,27,1,18,112,1.666667
4027,504,505,533,598,206,25,12,35,20,59,14,1,29,94,1.685714
4028,504,505,568,639,209,54,14,26,39,44,51,1,64,135,1.692308
4029,504,505,513,559,220,2,13,29,8,39,7,1,9,55,1.344828
4030,504,505,907,978,120,337,19,49,263,67,143,1,403,474,1.367347
4031,504,505,517,572,594,10,15,10,10,42,15,1,13,68,4.200000
4032,504,557,952,-1,141,43,7,51,70,44,16,53,448,-1,0.862745
4033,505,506,511,589,565,3,1,48,3,76,3,1,6,84,1.583333
4034,505,506,613,656,54,33,14,15,74,29,47,1,108,151,1.933333
4035,505,510,517,565,498,1,3,30,7,36,12,5,12,60,1.200000
4036,505,506,642,727,29,113,19,42,90,72,59,1,137,222,1.714286
4037,505,506,539,621,224,17,12,15,25,57,33,1,34,116,3.800000
4038,505,506,540,628,336,30,16,21,26,59,37,1,35,123,2.809524
4039,506,507,522,567,103,8,4,24,14,38,8,1,16,61,1.583333
4040,506,507,552,625,80,25,18,20,25,52,41,1,46,119,2.600000
4041,506,507,530,564,92,19,15,25,14,33,10,1,24,58,1.320000
4042,506,507,523,582,575,13,13,15,15,33,27,1,17,76,2.200000
4043,506,507,519,572,207,10,7,38,8,46,11,1,13,66,1.210526
4044,506,507,513,593,160,3,11,53,4,71,11,1,7,87,1.339623
4045,506,507,523,630,298,10,14,32,11,88,22,1,17,124,2.750000
4046,506,507,509,527,104,0,2,10,2,14,4,1,3,21,1.400000
4047,506,507,527,586,488,14,15,36,10,56,13,1,21,80,1.555556
4048,506,718,718,776,548,0,0,27,0,53,5,212,212,270,1.962963
4049,506,507,544,611,461,22,13,36,23,54,24,1,38,105,1.500000
4050,507,508,511,543,317,1,10,24,3,26,6,1,4,36,1.083333
4051,507,508,679,768,299,135,15,44,115,80,65,1,172,261,1.818182
4052,507,518,522,555,50,0,4,20,4,30,3,11,15,48,1.500000
4053,507,-1,-1,-1,-1,0,-1,51,0,0,0,-1,-1,-1,0.000000
4054,508,509,548,570,385,36,17,21,22,21,18,1,40,62,1.000000
4055,508,509,599,680,261,75,15,29,51,79,41,1,91,172,2.724138
4056,508,509,582,653,434,64,17,45,55,65,24,1,74,145,1.444444
4057,508,509,591,649,275,63,8,24,60,42,38,1,83,141,1.750000
4058,508,-1,-1,-1,-1,0,-1,52,0,0,0,-1,-1,-1,0.000000
4059,508,509,553,635,92,30,10,20,33,60,33,1,45,127,3.000000
4060,509,510,513,603,295,3,8,35,2,69,22,1,4,94,1.971429
4061,509,510,515,610,414,2,3,28,4,64,32,1,6,101,2.285714
4062,509,510,513,538,147,2,3,17,3,21,4,1,4,29,1.235294
4063,509,510,511,582,358,0,1,47,1,69,2,1,2,73,1.468085
4064,510,511,547,577,395,27,2,15,27,25,14,1,37,67,1.666667
4065,510,511,525,565,368,11,11,38,6,40,8,1,15,55,1.052632
4066,511,512,519,624,38,5,17,35,2,85,25,1,8,113,2.428571
4067,511,519,604,705,557,2,5,43,8,81,23,8,93,194,1.883721
4068,511,512,547,617,417,25,15,28,24,56,25,1,36,106,2.000000
4069,511,512,561,632,589,47,11,30,34,54,32,1,50,121,1.800000
4070,511,512,562,647,84,44,18,26,33,66,36,1,51,136,2.538462
4071,511,512,518,577,182,4,4,46,5,56,4,1,7,66,1.217391
4072,511,515,537,594,306,1,5,49,12,53,4,4,26,83,1.081633
4073,512,513,525,556,238,12,7,22,9,24,10,1,13,44,1.090909
4074,512,782,892,958,511,33,4,45,40,61,12,270,380,446,1.355556
4075,512,707,732,808,511,16,8,48,14,72,7,195,220,296,1.500000
4076,512,-1,-1,-1,-1,0,-1,55,0,0,0,-1,-1,-1,0.000000
4077,512,513,514,572,432,0,1,30,1,46,12,1,2,60,1.533333
4078,512,513,517,553,569,2,4,30,4,32,4,1,5,41,1.066667
4079,512,513,561,616,248,15,8,39,18,49,12,1,49,104,1.256410
4080,513,514,524,540,160,5,11,14,9,16,1,1,11,27,1.142857
4081,513,514,514,539,129,0,0,19,0,25,0,1,1,26,1.315789
4082,513,514,534,579,148,15,6,21,18,31,16,1,21,66,1.476190
4083,513,514,522,543,2,0,7,8,7,16,6,1,9,30,2.000000
4084,513,514,520,535,132,3,4,14,5,14,2,1,7,22,1.000000
4085,513,514,607,688,385,81,17,36,70,74,30,1,94,175,2.055556
4086,513,514,522,594,156,0,8,19,8,39,33,1,9,81,2.052632
4087,514,515,530,607,189,6,1,24,15,62,15,1,16,93,2.583333
4088,514,515,558,600,448,31,7,20,34,22,29,1,44,86,1.100000
4089,514,516,525,577,475,9,12,36,6,46,9,2,11,63,1.277778
4090,514,515,524,597,89,9,15,37,5,67,10,1,10,83,1.810811
4091,515,516,535,605,202,9,3,24,16,54,19,1,20,90,2.250000
4092,515,516,569,600,488,39,11,26,40,26,18,1,54,85,1.000000
4093,515,516,566,611,261,40,15,28,30,38,27,1,51,96,1.357143
4094,515,516,516,571,310,0,0,18,0,40,15,1,1,56,2.222222
4095,515,516,531,592,203,6,10,25,9,45,22,1,16,77,1.800000
4096,515,516,535,603,449,14,11,40,15,50,22,1,20,88,1.250000
4097,515,516,563,622,445,32,13,18,37,44,25,1,48,107,2.444444
4098,515,516,584,684,160,19,11,22,54,70,33,1,69,169,3.181818
4099,515,524,524,551,547,0,0,26,0,26,1,9,9,36,1.000000
4100,515,516,543,603,442,10,10,39,15,53,8,1,28,88,1.358974
4101,516,517,522,603,470,5,16,17,4,67,15,1,6,87,3.941176
4102,516,517,519,601,25,2,3,26,2,70,12,1,3,85,2.692308
4103,516,546,551,592,219,0,5,30,5,38,3,30,35,76,1.266667
4104,516,518,545,634,473,14,17,37,15,77,18,2,29,118,2.081081
4105,516,517,534,552,303,15,14,13,11,15,9,1,18,36,1.153846
4106,516,517,567,651,301,42,8,36,33,58,43,1,51,135,1.611111
4107,516,517,558,642,117,28,12,23,24,63,38,1,42,126,2.739130
4108,516,517,532,603,252,14,7,50,10,64,12,1,16,87,1.280000
4109,517,518,532,613,334,5,10,17,10,61,24,1,15,96,3.588235
4110,517,-1,-1,-1,-1,0,-1,42,0,0,0,-1,-1,-1,0.000000
4111,517,518,541,623,70,17,15,30,13,70,22,1,24,106,2.333333
4112,517,518,522,591,236,4,5,30,4,58,11,1,5,74,1.933333
4113,517,534,540,615,17,3,6,36,4,54,22,17,23,98,1.500000
4114,517,518,532,550,7,4,9,11,13,15,4,1,15,33,1.363636
4115,517,518,522,551,506,4,21,19,3,27,3,1,5,34,1.421053
4116,517,518,523,551,117,1,12,21,4,27,2,1,6,34,1.285714
4117,518,519,520,574,306,0,1,47,1,51,3,1,2,56,1.085106
4118,518,519,519,592,202,0,0,58,0,70,3,1,1,74,1.206897
4119,518,519,531,601,473,11,13,52,6,68,8,1,13,83,1.307692
4120,518,519,578,672,298,39,16,29,41,65,45,1,60,154,2.241379
4121,518,519,533,573,144,2,5,16,14,28,12,1,15,55,1.750000
4122,518,519,523,545,536,3,13,19,4,19,3,1,5,27,1.000000
4123,518,520,565,627,438,5,9,53,7,59,5,2,47,109,1.113208
4124,518,519,542,581,32,11,18,14,17,34,11,1,24,63,2.428571
4125,518,519,526,542,0,0,7,11,7,13,3,1,8,24,1.181818
4126,518,519,553,637,278,21,14,28,24,68,26,1,35,119,2.428571
4127,519,520,545,603,309,19,9,44,16,58,9,1,26,84,1.318182
4128,519,520,533,587,339,10,22,22,8,42,17,1,14,68,1.909091
4129,519,520,531,557,57,4,7,18,11,24,2,1,12,38,1.333333
4130,520,521,662,728,283,111,6,51,83,65,59,1,142,208,1.274510
4131,520,521,590,646,120,63,13,48,55,56,14,1,70,126,1.166667
4132,520,521,603,693,534,68,9,45,60,87,25,1,83,173,1.933333
4133,520,521,521,603,62,0,0,34,0,66,16,1,1,83,1.941176
4134,520,521,527,625,557,0,4,27,6,71,27,1,7,105,2.629630
4135,520,521,525,578,265,4,11,25,4,41,12,1,5,58,1.640000
4136,520,521,525,580,81,2,2,43,4,49,6,1,5,60,1.139535
4137,520,521,533,587,45,1,8,23,10,41,15,1,13,67,1.782609
4138,521,522,528,557,561,5,14,26,5,28,2,1,7,36,1.076923
4139,521,531,595,672,260,17,9,54,21,72,8,10,74,151,1.333333
4140,521,522,778,862,356,111,10,44,96,70,70,1,257,341,1.590909
4141,521,522,589,605,416,41,18,10,39,12,32,1,68,84,1.200000
4142,521,522,522,540,316,0,0,10,0,14,4,1,1,19,1.400000
4143,521,522,692,734,238,144,6,32,94,42,76,1,171,213,1.312500
4144,522,523,552,633,528,27,9,55,19,77,14,1,30,111,1.400000
4145,523,524,533,620,250,4,8,31,8,65,22,1,10,97,2.096774
4146,523,524,547,617,247,14,19,47,13,63,14,1,24,94,1.340426
4147,523,524,631,662,260,44,10,17,74,27,37,1,108,139,1.588235
4148,523,524,548,634,377,14,5,27,19,47,44,1,25,111,1.740741
4149,523,524,531,599,186,2,4,31,3,63,9,1,8,76,2.032258
4150,523,524,587,634,238,34,1,25,46,41,23,1,64,111,1.640000
4151,523,544,566,625,423,15,10,45,20,55,6,21,43,102,1.222222
4152,523,524,543,638,190,16,8,22,13,62,39,1,20,115,2.818182
4153,524,525,617,707,141,78,16,24,52,56,74,1,93,183,2.333333
4154,524,535,578,646,162,28,19,43,33,61,17,11,54,122,1.418605
4155,524,525,573,595,505,40,14,8,29,12,29,1,49,71,1.500000
4156,524,525,571,626,437,30,6,43,29,47,23,1,47,102,1.093023
4157,524,525,542,602,118,10,12,35,17,53,7,1,18,78,1.514286
4158,524,525,700,786,192,137,13,53,131,81,48,1,176,262,1.528302
4159,524,525,578,646,89,45,15,38,39,52,30,1,54,122,1.368421
4160,524,525,638,744,114,90,15,39,85,77,57,1,114,220,1.974359
4161,525,526,578,677,505,38,13,17,35,73,43,1,53,152,4.294118
4162,525,526,526,567,442,0,0,21,0,33,8,1,1,42,1.571429
4163,525,536,541,607,104,0,5,25,5,51,15,11,16,82,2.040000
4164,525,531,542,624,300,7,10,44,10,70,13,6,17,99,1.590909
4165,525,526,713,794,231,76,6,48,57,76,52,1,188,269,1.583333
4166,525,526,550,633,555,15,7,45,19,79,9,1,25,108,1.755556
4167,526,527,570,651,255,32,22,34,29,62,33,1,44,125,1.823529
4168,526,527,567,576,72,20,14,9,27,9,13,1,41,50,1.000000
4169,526,531,540,627,528,6,10,37,7,63,26,5,14,101,1.702703
4170,526,724,736,776,593,2,6,19,9,27,13,198,210,250,1.421053
4171,527,528,569,643,381,34,2,46,23,64,28,1,42,116,1.391304
4172,527,528,558,638,244,21,13,28,19,78,13,1,31,111,2.785714
4173,527,528,683,718,186,119,3,27,104,35,51,1,156,191,1.296296
4174,527,528,530,581,20,2,13,37,1,45,7,1,3,54,1.216216
4175,527,528,545,572,44,3,8,14,15,18,11,1,18,45,1.285714
4176,527,528,606,699,185,66,21,33,56,69,46,1,79,172,2.090909
4177,527,565,582,676,407,0,6,39,8,73,23,38,55,149,1.871795
4178,527,528,583,677,298,44,10,23,39,71,39,1,56,150,3.086957
4179,527,-1,-1,-1,-1,0,-1,41,0,0,0,-1,-1,-1,0.000000
4180,528,529,596,648,338,33,8,12,49,34,36,1,68,120,2.833333
4181,528,529,537,586,28,1,12,12,7,36,14,1,9,58,3.000000
4182,528,529,540,581,345,9,15,17,9,37,6,1,12,53,2.176471
4183,528,529,573,629,402,38,3,31,38,45,17,1,45,101,1.451613
4184,528,-1,-1,-1,-1,0,-1,17,0,0,0,-1,-1,-1,0.000000
4185,528,529,561,608,324,14,13,23,21,39,19,1,33,80,1.695652
4186,528,529,535,579,26,0,6,22,6,34,10,1,7,51,1.545455
4187,528,657,685,767,259,1,2,39,11,67,15,129,157,239,1.717949
4188,529,531,583,668,216,17,10,55,23,81,9,2,54,139,1.472727
4189,529,699,712,761,557,3,9,43,10,47,2,170,183,232,1.093023
4190,529,530,532,584,141,1,18,22,2,34,18,1,3,55,1.545455
4191,529,-1,-1,-1,-1,0,-1,53,0,0,0,-1,-1,-1,0.000000
4192,530,531,531,552,10,0,0,9,0,19,2,1,1,22,2.111111
4193,530,531,627,726,33,81,22,23,56,75,64,1,97,196,3.260870
4194,530,531,560,657,17,17,6,27,22,75,29,1,30,127,2.777778
4195,530,531,563,574,393,26,24,7,19,7,17,1,33,44,1.000000
4196,531,532,561,581,160,15,13,13,24,17,8,1,30,50,1.307692
4197,531,532,542,613,320,9,7,17,7,57,17,1,11,82,3.352941
4198,531,532,681,771,334,128,19,33,83,67,89,1,150,240,2.030303
4199,531,532,678,765,22,66,13,14,90,58,85,1,147,234,4.142857
4200,531,532,579,619,153,33,20,32,29,38,20,1,48,88,1.187500
4201,531,532,572,653,335,23,7,30,27,72,22,1,41,122,2.400000
4202,532,817,822,882,383,5,5,45,5,53,7,285,290,350,1.177778
4203,532,533,536,583,472,3,12,21,1,41,8,1,4,51,1.952381
4204,532,533,593,651,492,52,8,28,39,48,31,1,61,119,1.714286
4205,533,534,542,600,386,7,17,29,6,49,11,1,9,67,1.689655
4206,533,534,593,620,16,24,15,14,39,24,23,1,60,87,1.714286
4207,533,534,542,626,54,6,11,18,5,58,29,1,9,93,3.222222
4208,533,541,548,639,219,1,6,29,7,55,36,8,15,106,1.896552
4209,534,535,564,619,405,15,15,44,22,52,10,1,30,85,1.181818
4210,534,731,731,827,27,0,0,34,0,80,16,197,197,293,2.352941
4211,534,535,557,654,440,8,12,33,11,67,32,1,23,120,2.030303
4212,534,535,537,561,193,2,2,17,2,21,3,1,3,27,1.235294
4213,534,535,546,577,120,4,8,16,10,20,12,1,12,43,1.250000
4214,535,536,555,629,193,18,1,30,18,62,13,1,20,94,2.066667
4215,535,536,589,608,94,37,10,17,40,19,13,1,54,73,1.117647
4216,535,536,607,669,463,57,20,27,56,57,20,1,72,134,2.111111
4217,535,536,629,716,388,62,8,23,65,61,54,1,94,181,2.652174
4218,535,536,548,641,24,10,16,26,9,56,40,1,13,106,2.153846
4219,535,536,544,614,359,8,15,50,7,68,3,1,9,79,1.360000
4220,535,640,718,820,262,49,13,44,35,90,37,105,183,285,2.045455
4221,535,536,630,650,32,25,9,13,66,17,31,1,95,115,1.307692
4222,535,536,559,643,410,13,6,27,18,49,40,1,24,108,1.814815
4223,536,537,552,611,171,10,14,17,13,37,24,1,16,75,2.176471
4224,536,537,539,630,348,2,16,33,1,71,21,1,3,94,2.151515
4225,536,537,551,560,213,6,10,7,7,7,9,1,15,24,1.000000
4226,536,537,568,647,324,30,14,34,19,60,31,1,32,111,1.764706
4227,536,537,571,637,255,26,20,21,22,37,41,1,35,101,1.761905
4228,536,537,563,595,249,21,23,21,18,29,11,1,27,59,1.380952
4229,536,537,544,624,440,3,12,23,7,53,27,1,8,88,2.304348
4230,537,538,648,710,217,62,16,46,46,60,48,1,111,173,1.304348
4231,537,538,579,675,162,21,19,36,16,68,40,1,42,138,1.888889
4232,537,538,572,632,536,28,6,12,20,40,34,1,35,95,3.333333
4233,537,556,574,662,64,9,8,42,17,60,28,19,37,125,1.428571
4234,537,538,562,634,319,19,20,31,17,47,32,1,25,97,1.516129
4235,537,538,629,673,109,78,21,31,55,35,45,1,92,136,1.129032
4236,537,538,543,630,247,1,21,38,5,76,11,1,6,93,2.000000
4237,538,539,575,647,235,29,13,11,18,51,39,1,37,109,4.636364
4238,538,539,555,643,29,5,11,19,9,57,38,1,17,105,3.000000
4239,538,539,551,628,470,6,7,25,8,61,20,1,13,90,2.440000
4240,538,-1,-1,-1,-1,0,-1,47,0,0,0,-1,-1,-1,0.000000
4241,538,539,557,577,593,15,14,15,13,17,8,1,19,39,1.133333
4242,538,539,561,656,159,15,16,29,15,75,27,1,23,118,2.586207
4243,538,539,608,706,559,33,4,32,42,78,45,1,70,168,2.437500
4244,538,539,843,899,153,196,21,15,187,29,144,1,305,361,1.933333
4245,539,540,578,662,152,34,14,58,27,80,15,1,39,123,1.379310
4246,539,540,541,612,365,1,11,25,0,55,17,1,2,73,2.200000
4247,539,540,572,661,436,11,6,28,19,52,37,1,33,122,1.857143
4248,539,540,548,595,585,7,6,33,8,41,6,1,9,56,1.242424
4249,539,540,558,587,261,15,14,21,12,25,10,1,19,48,1.190476
4250,540,541,561,638,534,16,21,36,10,66,21,1,21,98,1.833333
4251,540,541,571,655,152,29,10,47,21,79,14,1,31,115,1.680851
4252,540,541,542,576,129,1,7,26,1,30,4,1,2,36,1.153846
4253,540,541,555,634,388,8,5,22,11,56,26,1,15,94,2.545455
4254,540,541,541,615,338,0,0,29,0,53,21,1,1,75,1.827586
4255,540,541,579,635,324,30,20,11,21,41,32,1,39,95,3.727273
4256,540,541,556,636,279,8,12,41,15,69,11,1,16,96,1.682927
4257,540,541,561,578,463,16,17,11,12,15,10,1,21,38,1.363636
4258,541,542,548,597,36,3,17,16,6,30,19,1,7,56,1.875000
4259,541,-1,-1,-1,-1,0,-1,50,0,0,0,-1,-1,-1,0.000000
4260,542,543,611,660,218,53,14,38,44,46,27,1,69,118,1.210526
4261,542,543,607,636,556,39,11,16,40,24,29,1,65,94,1.500000
4262,542,543,583,643,331,26,15,47,31,57,12,1,41,101,1.212766
4263,542,543,551,598,286,5,20,23,6,35,14,1,9,56,1.521739
4264,542,817,-1,-1,102,7,3,45,17,0,2,275,-1,-1,0.000000
4265,542,543,594,651,174,19,12,19,41,39,28,1,52,109,2.052632
4266,542,543,548,613,417,4,8,49,5,63,2,1,6,71,1.285714
4267,542,543,563,621,127,14,10,18,15,40,23,1,21,79,2.222222
4268,543,548,591,662,25,18,3,48,22,70,6,5,48,119,1.458333
4269,543,544,564,654,199,9,4,27,18,71,21,1,21,111,2.629630
4270,543,544,618,639,475,44,7,18,52,18,25,1,75,96,1.000000
4271,543,-1,-1,-1,-1,0,-1,53,0,0,0,-1,-1,-1,0.000000
4272,544,545,653,692,272,73,6,27,80,33,34,1,109,148,1.222222
4273,544,545,567,655,470,19,7,25,16,61,33,1,23,111,2.440000
4274,544,545,598,674,0,13,8,46,20,64,16,1,54,130,1.391304
4275,544,545,571,596,29,5,9,10,19,14,18,1,27,52,1.400000
4276,544,545,549,592,345,2,4,35,3,43,1,1,5,48,1.228571
4277,544,545,574,601,561,14,4,10,22,20,14,1,30,57,2.000000
4278,545,546,584,648,332,29,12,26,24,44,34,1,39,103,1.692308
4279,545,546,563,639,32,2,2,55,4,73,4,1,18,94,1.327273
4280,545,546,559,632,420,11,10,28,9,70,7,1,14,87,2.500000
4281,545,546,586,644,457,13,11,31,20,47,14,1,41,99,1.516129
4282,545,546,592,661,180,42,13,52,27,66,22,1,47,116,1.269231
4283,545,546,564,631,153,15,20,45,12,55,18,1,19,86,1.222222
4284,545,546,745,828,114,137,20,57,134,75,57,1,200,283,1.315789
4285,545,546,552,647,136,6,18,40,5,86,10,1,7,102,2.150000
4286,546,547,611,673,365,42,8,31,44,47,35,1,65,127,1.516129
4287,546,547,555,606,526,7,7,37,4,49,6,1,9,60,1.324324
4288,546,547,601,672,316,37,5,26,38,68,19,1,55,126,2.615385
4289,546,548,553,637,76,2,5,29,3,51,33,2,7,91,1.758621
4290,547,548,659,725,246,69,3,42,69,54,51,1,112,178,1.285714
4291,547,548,570,660,170,12,12,27,16,69,27,1,23,113,2.555556
4292,547,548,600,666,155,40,18,24,43,52,23,1,53,119,2.166667
4293,547,548,550,609,388,2,2,17,2,39,20,1,3,62,2.294118
4294,548,552,639,712,577,60,3,48,63,68,19,4,91,164,1.416667
4295,548,549,575,656,277,13,13,29,20,59,27,1,27,108,2.034483
4296,548,549,556,645,308,7,17,41,6,71,19,1,8,97,1.731707
4297,548,549,666,768,259,94,24,21,68,51,100,1,118,220,2.428571
4298,548,549,571,618,165,19,11,28,14,40,15,1,23,70,1.428571
4299,548,549,564,621,110,15,10,18,12,40,20,1,16,73,2.222222
4300,549,550,554,566,111,4,10,6,2,8,6,1,5,17,1.333333
4301,549,550,570,637,416,16,19,44,10,62,15,1,21,88,1.409091
4302,549,550,646,701,27,82,17,27,53,45,53,1,97,152,1.666667
4303,549,550,559,589,147,2,6,23,5,25,9,1,10,40,1.086957
4304,549,550,555,613,560,5,21,42,4,54,5,1,6,64,1.285714
4305,550,551,562,590,58,8,6,18,10,24,5,1,12,40,1.333333
4306,550,551,559,636,472,6,16,32,6,64,15,1,9,86,2.000000
4307,550,551,551,595,246,0,0,41,0,41,3,1,1,45,1.000000
4308,550,551,558,619,140,4,1,35,7,53,8,1,8,69,1.514286
4309,550,551,617,673,258,56,9,38,41,50,31,1,67,123,1.315789
4310,551,723,-1,-1,34,25,14,55,28,0,9,172,-1,-1,0.000000
4311,551,552,587,674,457,3,11,49,5,75,12,1,36,123,1.530612
4312,551,552,567,644,36,15,16,27,10,59,23,1,16,93,2.185185
4313,551,552,598,646,70,43,20,37,31,43,19,1,47,95,1.162162
4314,551,552,591,645,408,24,11,13,34,37,22,1,40,94,2.846154
4315,551,552,681,750,61,106,16,48,78,68,45,1,130,199,1.416667
4316,551,552,553,565,0,0,1,9,1,9,3,1,2,14,1.000000
4317,551,552,590,652,392,30,15,33,23,61,16,1,39,101,1.848485
4318,551,552,602,659,155,43,15,30,37,38,32,1,51,108,1.266667
4319,551,601,631,691,318,3,9,44,16,56,4,50,80,140,1.272727
4320,551,569,577,662,69,5,12,49,3,57,33,18,26,111,1.163265
4321,551,552,560,587,375,6,7,19,6,27,2,1,9,36,1.421053
4322,552,553,587,678,119,20,16,29,22,73,30,1,35,126,2.517241
4323,552,553,558,631,277,2,13,19,4,55,19,1,6,79,2.894737
4324,552,553,656,747,3,76,6,30,65,60,69,1,104,195,2.000000
4325,552,553,574,590,458,9,3,13,15,15,7,1,22,38,1.153846
4326,553,554,581,671,391,5,9,14,20,62,35,1,28,118,4.428571
4327,553,554,591,667,149,18,3,20,30,50,33,1,38,114,2.500000
4328,553,692,793,879,327,11,5,44,22,72,17,139,240,326,1.636364
4329,553,590,597,609,58,0,7,11,7,11,1,37,44,56,1.000000
4330,553,554,580,643,354,24,1,47,19,57,13,1,27,90,1.212766
4331,553,554,563,641,97,4,8,27,8,67,12,1,10,88,2.481481
4332,553,554,571,646,359,16,7,30,13,52,27,1,18,93,1.733333
4333,553,554,555,596,10,1,7,31,1,35,6,1,2,43,1.129032
4334,553,554,579,656,101,11,16,42,18,70,14,1,26,103,1.666667
4335,553,554,617,695,261,47,8,27,42,55,44,1,64,142,2.037037
4336,553,554,570,663,294,4,15,18,10,46,53,1,17,110,2.555556
4337,554,555,569,638,77,4,8,23,10,49,24,1,15,84,2.130435
4338,554,772,-1,-1,125,1,13,60,4,0,0,218,-1,-1,0.000000
4339,554,564,773,849,155,1,9,52,4,70,6,10,219,295,1.346154
4340,554,555,598,657,394,33,18,47,31,55,15,1,44,103,1.170213
4341,554,555,597,679,119,18,18,27,33,59,32,1,43,125,2.185185
4342,554,555,555,620,116,0,0,26,0,52,13,1,1,66,2.000000
4343,555,556,559,577,160,0,3,12,3,14,4,1,4,22,1.166667
4344,555,-1,-1,-1,-1,0,-1,51,0,0,0,-1,-1,-1,0.000000
4345,555,615,623,685,524,1,8,41,4,51,11,60,68,130,1.243902
4346,555,556,572,646,344,11,17,32,12,74,4,1,17,91,2.312500
4347,556,557,578,647,541,18,14,44,14,64,12,1,22,91,1.454545
4348,556,557,615,659,482,46,9,19,35,35,32,1,59,103,1.842105
4349,556,557,566,661,215,4,8,32,7,80,17,1,10,105,2.500000
4350,556,557,611,628,103,43,17,14,39,16,16,1,55,72,1.142857
4351,556,557,615,680,31,37,14,33,45,53,25,1,59,124,1.606061
4352,556,557,561,586,36,3,13,18,4,22,3,1,5,30,1.222222
4353,556,590,627,713,204,12,10,48,6,86,8,34,71,157,1.791667
4354,557,558,590,687,218,27,17,35,28,81,20,1,33,130,2.314286
4355,557,558,649,705,174,74,5,45,59,55,32,1,92,148,1.222222
4356,557,558,595,639,353,30,7,21,20,35,26,1,38,82,1.666667
4357,557,558,648,731,302,75,8,38,50,64,59,1,91,174,1.684211
4358,557,558,569,599,117,6,12,25,8,27,6,1,12,42,1.080000
4359,557,558,561,595,94,2,4,17,3,31,3,1,4,38,1.823529
4360,558,559,574,620,157,2,5,25,14,37,10,1,16,62,1.480000
4361,558,559,612,655,353,44,9,33,42,41,13,1,54,97,1.242424
4362,558,559,618,697,94,47,3,32,43,64,31,1,60,139,2.000000
4363,558,590,599,678,160,1,7,40,9,66,13,32,41,120,1.650000
4364,558,559,559,580,296,0,0,11,0,17,4,1,1,22,1.545455
4365,558,559,596,641,339,29,14,19,25,33,24,1,38,83,1.736842
4366,559,560,602,688,70,35,8,29,30,79,19,1,43,129,2.724138
4367,559,560,592,645,235,20,6,39,23,49,13,1,33,86,1.256410
4368,559,560,570,618,158,4,15,28,7,40,11,1,11,59,1.428571
4369,559,-1,-1,-1,-1,0,-1,57,0,0,0,-1,-1,-1,0.000000
4370,559,560,712,767,556,120,11,43,105,43,59,1,153,208,1.000000
4371,559,560,597,614,527,18,7,7,30,9,15,1,38,55,1.285714
4372,559,560,562,601,560,2,13,14,2,28,11,1,3,42,2.000000
4373,560,561,561,589,420,0,0,15,0,23,5,1,1,29,1.533333
4374,560,561,601,701,30,28,10,19,33,71,36,1,41,141,3.736842
4375,560,561,713,798,174,130,2,44,110,72,55,1,153,238,1.636364
4376,560,561,657,743,327,58,4,36,63,62,57,1,97,183,1.722222
4377,560,561,567,617,599,4,6,19,6,39,11,1,7,57,2.052632
4378,560,561,634,719,267,51,16,47,43,81,28,1,74,159,1.723404
4379,560,561,566,594,170,2,5,23,5,27,1,1,6,34,1.173913
4380,560,561,575,667,144,2,11,32,10,72,23,1,15,107,2.250000
4381,561,-1,-1,-1,-1,0,-1,17,0,0,0,-1,-1,-1,0.000000
4382,561,610,861,971,445,6,4,41,10,85,26,49,300,410,2.073171
4383,562,563,567,587,16,0,4,16,4,18,2,1,5,25,1.125000
4384,562,-1,-1,-1,-1,0,-1,53,0,0,0,-1,-1,-1,0.000000
4385,562,563,576,597,109,4,10,12,7,18,9,1,14,35,1.500000
4386,562,636,655,748,14,6,7,41,19,69,24,74,93,186,1.682927
4387,563,564,575,656,261,8,4,18,9,58,25,1,12,93,3.222222
4388,564,565,565,628,327,0,0,16,0,54,9,1,1,64,3.375000
4389,564,565,612,687,45,26,17,41,28,65,25,1,48,123,1.585366
4390,564,574,593,649,270,0,6,40,9,46,10,10,29,85,1.150000
4391,564,565,582,666,53,15,6,19,13,63,25,1,18,102,3.315789
4392,564,565,592,663,123,14,20,28,20,56,22,1,28,99,2.000000
4393,564,565,589,695,127,18,11,21,17,83,30,1,25,131,3.952381
4394,564,565,627,691,520,41,12,36,50,58,18,1,63,127,1.611111
4395,565,566,604,652,37,15,6,18,31,32,23,1,39,87,1.777778
4396,565,569,613,691,261,37,2,40,23,72,27,4,48,126,1.800000
4397,565,566,569,623,8,0,3,14,3,38,16,1,4,58,2.714286
4398,565,566,571,671,96,3,10,15,3,79,23,1,6,106,5.266667
4399,565,566,602,666,249,31,13,18,24,52,24,1,37,101,2.888889
4400,566,567,574,636,0,0,7,11,7,35,27,1,8,70,3.181818
4401,566,567,586,680,411,15,7,31,15,73,25,1,20,114,2.354839
4402,566,732,734,789,525,0,2,21,2,39,16,166,168,223,1.857143
4403,567,568,609,657,47,28,15,30,36,42,11,1,42,90,1.400000
4404,567,568,573,628,213,2,4,37,5,41,14,1,6,61,1.108108
4405,567,568,582,597,480,7,12,12,12,14,3,1,15,30,1.166667
4406,567,568,573,613,407,0,4,19,4,31,10,1,6,46,1.631579
4407,567,587,602,635,58,0,9,27,10,29,5,20,35,68,1.074074
4408,567,568,609,706,225,31,14,30,27,74,37,1,42,139,2.466667
4409,568,569,570,599,56,0,1,17,1,21,8,1,2,31,1.235294
4410,568,569,644,685,99,52,20,15,43,37,36,1,76,117,2.466667
4411,568,569,569,628,396,0,0,42,0,54,5,1,1,60,1.285714
4412,568,569,614,709,256,25,8,25,30,69,41,1,46,141,2.760000
4413,568,569,573,641,277,3,19,20,2,40,30,1,5,73,2.000000
4414,568,569,572,676,525,3,3,37,2,81,24,1,4,108,2.189189
4415,569,570,570,607,63,0,0,14,0,22,15,1,1,38,1.571429
4416,569,570,577,670,33,2,1,20,6,76,18,1,8,101,3.800000
4417,569,570,591,616,223,16,3,18,17,24,5,1,22,47,1.333333
4418,569,570,578,645,321,7,20,35,6,57,12,1,9,76,1.628571
4419,569,570,596,659,368,23,7,29,18,53,18,1,27,90,1.827586
4420,569,570,636,693,412,51,14,41,39,43,35,1,67,124,1.048780
4421,569,570,611,633,119,14,11,19,37,21,5,1,42,64,1.105263
4422,569,570,644,697,284,42,12,32,60,48,19,1,75,128,1.500000
4423,569,570,576,645,393,6,15,36,6,62,7,1,7,76,1.722222
4424,570,571,613,681,394,35,16,31,33,53,24,1,43,111,1.709677
4425,570,622,622,693,255,0,0,21,0,55,16,52,52,123,2.619048
4426,570,579,594,663,58,8,6,48,12,66,4,9,24,93,1.375000
4427,570,571,632,682,493,49,13,39,42,47,22,1,62,112,1.205128
4428,570,571,573,620,138,1,18,25,2,39,8,1,3,50,1.560000
4429,571,572,638,674,329,48,10,27,35,33,34,1,67,103,1.222222
4430,571,572,574,644,433,1,12,40,2,60,10,1,3,73,1.500000
4431,571,574,578,675,86,3,10,33,4,75,22,3,7,104,2.272727
4432,571,809,813,841,353,0,4,19,4,21,7,238,242,270,1.105263
4433,571,572,609,687,457,26,14,29,30,53,32,1,38,116,1.827586
4434,571,572,585,606,135,1,18,19,10,21,3,1,14,35,1.105263
4435,571,572,634,671,460,44,3,30,51,36,12,1,63,100,1.200000
4436,572,573,597,613,586,17,9,13,24,13,3,1,25,41,1.000000
4437,572,573,582,602,329,5,12,16,7,18,4,1,10,30,1.125000
4438,572,573,600,637,30,17,13,23,19,31,14,1,28,65,1.347826
4439,572,573,583,669,188,5,9,17,8,59,29,1,11,97,3.470588
4440,572,587,659,751,278,22,10,32,38,72,22,15,87,179,2.250000
4441,572,573,593,602,416,11,4,9,15,9,5,1,21,30,1.000000
4442,572,573,689,776,133,86,7,17,86,71,46,1,117,204,4.176471
4443,572,573,858,956,415,241,7,40,194,78,111,1,286,384,1.950000
4444,572,573,689,744,405,100,14,46,81,54,36,1,117,172,1.173913
4445,572,573,602,681,574,27,3,39,21,71,16,1,30,109,1.820513
4446,573,574,585,647,173,6,14,13,7,39,27,1,12,74,3.000000
4447,573,680,872,944,481,12,5,50,20,68,6,107,299,371,1.360000
4448,573,816,821,846,102,1,4,21,5,25,0,243,248,273,1.190476
4449,573,574,604,689,400,18,17,20,24,50,41,1,31,116,2.500000
4450,573,623,638,725,394,0,7,46,12,78,9,50,65,152,1.695652
4451,573,574,636,674,249,53,14,27,44,29,27,1,63,101,1.074074
4452,574,575,582,612,567,7,13,19,7,29,1,1,8,38,1.526316
4453,574,575,581,600,155,1,5,17,6,17,2,1,7,26,1.000000
4454,574,575,605,685,223,6,6,37,15,59,25,1,31,111,1.594595
4455,574,575,613,704,520,26,8,39,26,71,32,1,39,130,1.820513
4456,574,575,637,715,333,45,4,25,51,65,24,1,63,141,2.600000
4457,574,575,614,624,173,18,18,9,32,9,8,1,40,50,1.000000
4458,574,575,592,633,484,7,11,21,14,27,17,1,18,59,1.285714
4459,574,575,666,736,380,80,17,23,43,55,63,1,92,162,2.391304
4460,576,577,613,703,326,26,13,41,28,73,25,1,37,127,1.780488
4461,576,821,825,919,218,3,3,37,3,65,30,245,249,343,1.756757
4462,576,577,610,634,22,6,14,13,23,21,13,1,34,58,1.615385
4463,576,577,690,741,146,89,18,31,88,37,39,1,114,165,1.193548
4464,576,577,636,724,115,31,10,28,46,72,29,1,60,148,2.571429
4465,576,577,654,734,126,52,13,25,51,57,49,1,78,158,2.280000
4466,576,577,648,717,491,51,10,50,40,64,36,1,72,141,1.280000
4467,576,577,592,698,389,13,6,26,8,82,31,1,16,122,3.153846
4468,577,578,593,625,401,14,17,32,6,32,9,1,16,48,1.000000
4469,577,822,826,861,218,2,4,24,4,32,3,245,249,284,1.333333
4470,577,578,609,722,429,20,12,25,25,95,24,1,32,145,3.800000
4471,577,578,607,678,377,8,8,18,25,42,33,1,30,101,2.333333
4472,577,578,660,685,229,54,12,20,54,22,31,1,83,108,1.100000
4473,577,-1,-1,-1,-1,0,-1,33,0,0,0,-1,-1,-1,0.000000
4474,577,578,580,594,155,0,2,10,2,12,2,1,3,17,1.200000
4475,577,578,620,683,363,25,6,24,27,50,28,1,43,106,2.083333
4476,577,578,593,621,52,13,7,17,14,19,10,1,16,44,1.117647
4477,577,578,623,718,581,37,19,40,35,76,29,1,46,141,1.900000
4478,577,705,-1,-1,511,118,10,48,104,0,42,128,-1,-1,0.000000
4479,577,580,597,682,244,7,12,42,16,54,31,3,20,105,1.285714
4480,578,579,631,733,331,43,17,36,32,94,28,1,53,155,2.611111
4481,578,579,589,650,173,8,12,18,4,42,25,1,11,72,2.333333
4482,578,579,737,779,83,127,10,30,105,38,57,1,159,201,1.266667
4483,578,579,620,691,542,35,15,44,29,66,17,1,42,113,1.500000
4484,579,580,582,669,590,1,8,29,2,63,24,1,3,90,2.172414
4485,579,580,581,602,205,0,1,14,1,16,5,1,2,23,1.142857
4486,579,580,635,670,430,38,16,31,41,33,16,1,56,91,1.064516
4487,579,580,695,786,133,99,15,32,70,60,76,1,116,207,1.875000
4488,579,580,595,672,507,13,10,56,8,74,10,1,16,93,1.321429
4489,579,580,586,637,11,4,13,16,3,42,12,1,7,58,2.625000
4490,579,580,596,661,463,12,9,39,12,55,14,1,17,82,1.410256
4491,579,-1,-1,-1,-1,0,-1,20,0,0,0,-1,-1,-1,0.000000
4492,580,581,590,620,316,0,7,23,9,25,5,1,10,40,1.086957
4493,580,581,594,678,363,5,4,18,13,62,22,1,14,98,3.444444
4494,580,581,585,614,212,2,19,20,4,24,5,1,5,34,1.200000
4495,580,581,605,689,556,16,16,26,20,68,20,1,25,109,2.615385
4496,580,581,587,669,256,6,4,29,4,61,23,1,7,89,2.103448
4497,580,581,597,642,96,9,14,17,8,33,20,1,17,62,1.941176
4498,580,581,596,618,30,6,6,22,10,22,5,1,16,38,1.000000
4499,580,581,595,679,456,11,15,43,11,77,10,1,15,99,1.790698
4500,580,581,621,643,193,27,1,12,33,20,9,1,41,63,1.666667
4501,580,581,583,670,510,1,18,49,2,77,10,1,3,90,1.571429
4502,580,581,696,764,394,104,19,42,85,56,42,1,116,184,1.333333
4503,580,581,596,675,445,13,16,48,8,68,18,1,16,95,1.416667
4504,581,582,617,696,296,16,10,26,25,60,29,1,36,115,2.307692
4505,581,582,614,648,242,6,8,28,25,34,3,1,33,67,1.214286
4506,581,596,617,700,450,6,8,31,20,57,27,15,36,119,1.838710
4507,581,582,596,615,439,14,11,13,7,19,7,1,15,34,1.461538
4508,581,582,593,674,5,9,13,47,10,73,9,1,12,93,1.553191
4509,581,582,595,629,145,5,14,24,12,32,3,1,14,48,1.333333
4510,581,584,625,713,542,33,18,49,37,73,19,3,44,132,1.489796
4511,581,582,585,657,500,3,19,49,1,61,13,1,4,76,1.244898
4512,582,583,709,752,326,96,11,32,76,40,53,1,127,170,1.250000
4513,582,583,604,673,433,8,9,45,16,59,10,1,22,91,1.311111
4514,582,583,592,642,124,8,12,18,7,36,16,1,10,60,2.000000
4515,582,583,649,747,72,54,17,35,40,73,51,1,67,165,2.085714
4516,582,595,608,700,404,4,8,48,12,78,14,13,26,118,1.625000
4517,582,583,588,650,81,0,5,24,5,48,14,1,6,68,2.000000
4518,582,583,757,818,582,92,11,51,90,55,33,1,175,236,1.078431
4519,583,584,586,657,158,2,2,20,2,46,25,1,3,74,2.300000
4520,583,584,607,686,178,16,11,31,22,69,11,1,24,103,2.225806
4521,583,584,586,678,506,2,13,38,1,66,27,1,3,95,1.736842
4522,583,585,597,671,419,1,7,31,7,57,22,2,14,88,1.838710
4523,584,585,599,671,484,8,2,34,12,56,18,1,15,87,1.647059
4524,584,-1,-1,-1,-1,0,-1,62,0,0,0,-1,-1,-1,0.000000
4525,584,585,637,707,543,41,3,25,36,53,33,1,53,123,2.120000
4526,584,585,607,669,160,5,4,15,19,37,28,1,23,85,2.466667
4527,584,585,595,634,19,0,6,10,8,28,13,1,11,50,2.800000
4528,585,586,709,796,532,108,18,23,75,59,76,1,124,211,2.565217
4529,586,-1,-1,-1,-1,0,-1,11,0,0,0,-1,-1,-1,0.000000
4530,586,587,587,635,102,0,0,26,0,44,4,1,1,49,1.692308
4531,586,588,608,695,191,4,10,37,9,59,28,2,22,109,1.594595
4532,586,587,593,634,244,1,8,23,6,37,4,1,7,48,1.608696
4533,586,823,830,846,218,1,3,11,5,15,3,237,244,260,1.363636
4534,586,738,746,841,352,0,4,37,6,81,14,152,160,255,2.189189
4535,587,588,633,695,96,36,12,29,32,57,18,1,46,108,1.965517
4536,587,588,591,612,242,0,3,18,3,20,1,1,4,25,1.111111
4537,587,588,646,699,291,47,9,39,38,51,22,1,59,112,1.307692
4538,587,588,605,696,136,8,6,31,11,75,22,1,18,109,2.419355
4539,587,588,602,644,6,11,9,24,14,36,6,1,15,57,1.500000
4540,588,589,606,651,4,6,7,18,12,28,22,1,18,63,1.555556
4541,588,589,613,695,323,16,10,32,22,68,16,1,25,107,2.125000
4542,588,589,604,688,212,5,6,24,13,66,20,1,16,100,2.750000
4543,588,589,592,641,84,0,3,18,3,34,15,1,4,53,1.888889
4544,589,590,612,677,169,20,6,34,16,44,27,1,23,88,1.294118
4545,589,590,593,637,336,3,7,37,3,41,3,1,4,48,1.108108
4546,589,590,601,628,35,8,3,20,8,22,8,1,12,39,1.100000
4547,589,590,624,713,350,26,16,45,30,73,20,1,35,124,1.622222
4548,589,590,598,648,222,6,11,42,5,46,7,1,9,59,1.095238
4549,589,590,634,703,435,42,21,42,25,64,24,1,45,114,1.523810
4550,590,591,593,608,35,0,2,8,2,12,3,1,3,18,1.500000
4551,590,603,621,707,318,1,7,41,4,61,25,13,31,117,1.487805
4552,590,591,704,786,143,94,3,52,87,78,30,1,114,196,1.500000
4553,590,-1,-1,-1,-1,0,-1,54,0,0,0,-1,-1,-1,0.000000
4554,591,592,672,753,182,68,8,27,43,51,67,1,81,162,1.888889
4555,591,592,639,675,592,33,15,22,31,28,24,1,48,84,1.272727
4556,591,592,632,675,311,20,13,26,33,38,9,1,41,84,1.461538
4557,591,592,599,654,535,3,5,19,6,39,17,1,8,63,2.052632
4558,591,592,597,658,364,3,19,29,3,51,12,1,6,67,1.758621
4559,591,594,601,616,345,1,7,14,7,14,1,3,10,25,1.000000
4560,592,-1,-1,-1,-1,0,-1,51,0,0,0,-1,-1,-1,0.000000
4561,592,824,877,936,400,2,5,38,14,50,11,232,285,344,1.315789
4562,592,593,645,733,268,38,12,26,36,60,44,1,53,141,2.307692
4563,592,593,602,681,404,7,4,38,8,50,30,1,10,89,1.315789
4564,592,593,643,652,529,39,10,8,26,8,25,1,51,60,1.000000
4565,592,593,750,781,34,127,12,16,107,18,63,1,158,189,1.125000
4566,593,594,600,661,85,2,6,34,6,56,5,1,7,68,1.647059
4567,593,594,614,669,443,16,12,12,13,40,22,1,21,76,3.333333
4568,593,594,749,770,130,107,24,19,91,19,66,1,156,177,1.000000
4569,593,594,619,675,264,20,16,36,14,50,17,1,26,82,1.388889
4570,593,-1,-1,-1,-1,0,-1,52,0,0,0,-1,-1,-1,0.000000
4571,593,594,596,656,238,1,13,18,1,42,19,1,3,63,2.333333
4572,594,595,597,641,430,2,20,20,2,38,6,1,3,47,1.900000
4573,594,595,630,697,346,18,21,29,21,65,16,1,36,103,2.241379
4574,594,595,648,714,293,42,5,47,35,61,23,1,54,120,1.297872
4575,594,595,604,673,532,5,20,15,8,47,23,1,10,79,3.133333
4576,594,595,635,722,498,33,15,45,31,81,15,1,41,128,1.800000
4577,594,595,633,688,22,26,12,20,27,44,22,1,39,94,2.200000
4578,594,595,596,637,87,0,1,18,1,32,9,1,2,43,1.777778
4579,595,596,598,628,246,2,12,23,2,27,3,1,3,33,1.173913
4580,595,596,642,702,320,27,12,21,30,41,35,1,47,107,1.952381
4581,595,596,641,725,569,28,15,46,21,82,15,1,46,130,1.782609
4582,595,596,600,677,239,0,4,28,4,60,17,1,5,82,2.142857
4583,595,596,684,750,126,69,13,41,73,53,28,1,89,155,1.292683
4584,595,596,596,670,390,0,0,31,0,63,11,1,1,75,2.032258
4585,596,597,647,703,18,22,3,12,29,42,35,1,51,107,3.500000
4586,596,597,622,674,207,20,8,24,18,38,21,1,26,78,1.583333
4587,596,597,740,773,402,110,24,24,83,32,61,1,144,177,1.333333
4588,596,597,613,707,211,11,13,42,13,74,22,1,17,111,1.761905
4589,596,597,598,664,13,0,1,23,1,57,9,1,2,68,2.478261
4590,597,747,754,764,288,1,4,9,7,9,1,150,157,167,1.000000
4591,597,598,604,617,450,0,6,11,6,11,2,1,7,20,1.000000
4592,597,598,628,669,72,24,9,17,20,31,20,1,31,72,1.823529
4593,597,598,663,697,130,29,14,19,37,29,33,1,66,100,1.526316
4594,597,598,605,705,30,1,3,11,7,73,27,1,8,108,6.636364
4595,597,598,687,789,318,70,7,40,70,76,45,1,90,192,1.900000
4596,597,598,609,696,308,5,4,23,10,51,37,1,12,99,2.217391
4597,597,598,606,635,509,2,5,25,7,29,1,1,9,38,1.160000
4598,598,599,613,682,248,7,2,28,12,44,27,1,15,84,1.571429
4599,598,647,769,837,593,51,4,47,50,61,32,49,171,239,1.297872
4600,598,599,650,709,401,41,12,37,36,47,27,1,52,111,1.270270
4601,599,826,827,879,400,1,4,37,0,47,6,227,228,280,1.270270
4602,599,600,627,678,339,25,12,10,18,48,12,1,28,79,4.800000
4603,599,600,606,690,453,6,12,29,5,75,10,1,7,91,2.586207
4604,599,600,791,809,23,116,16,17,120,17,72,1,192,210,1.000000
4605,600,601,603,704,498,2,14,43,2,75,26,1,3,104,1.744186
4606,600,601,604,688,112,2,3,28,3,80,4,1,4,88,2.857143
4607,600,601,606,657,120,3,17,14,2,32,22,1,6,57,2.285714
4608,600,602,618,697,147,14,9,32,11,52,32,2,18,97,1.625000
4609,600,601,608,675,255,5,16,46,7,60,7,1,8,75,1.304348
4610,600,601,636,671,406,26,18,22,26,30,14,1,36,71,1.363636
4611,601,602,617,701,225,11,5,14,11,54,34,1,16,100,3.857143
4612,601,607,656,731,598,25,16,45,27,73,10,6,55,130,1.622222
4613,601,602,604,669,82,1,12,15,1,45,21,1,3,68,3.000000
4614,601,602,605,700,89,0,3,27,3,77,18,1,4,99,2.851852
4615,601,602,623,673,224,16,13,36,12,50,9,1,22,72,1.388889
4616,601,602,640,701,23,21,15,16,25,40,34,1,39,100,2.500000
4617,601,616,621,655,58,2,5,29,5,31,3,15,20,54,1.068966
4618,601,602,602,688,358,0,0,28,0,64,22,1,1,87,2.285714
4619,602,603,672,746,420,45,19,46,43,66,32,1,70,144,1.434783
4620,602,603,624,700,350,7,11,9,15,51,31,1,22,98,5.666667
4621,602,827,854,895,400,0,4,35,8,41,1,225,252,293,1.171429
4622,602,603,603,687,529,0,0,16,0,58,26,1,1,85,3.625000
4623,602,603,639,691,513,27,12,40,20,42,26,1,37,89,1.050000
4624,603,604,635,681,483,21,13,21,17,41,19,1,32,78,1.952381
4625,603,604,607,642,230,2,17,15,3,27,8,1,4,39,1.800000
4626,603,604,654,753,96,34,3,14,38,70,41,1,51,150,5.000000
4627,603,604,805,891,498,93,12,40,111,66,49,1,202,288,1.650000
4628,603,604,730,823,171,95,14,29,98,73,48,1,127,220,2.517241
4629,603,604,618,687,294,14,19,17,9,43,31,1,15,84,2.529412
4630,603,604,613,651,318,0,6,26,4,34,4,1,10,48,1.307692
4631,603,604,666,751,122,36,24,31,38,75,34,1,63,148,2.419355
4632,603,604,605,710,172,0,1,25,1,79,26,1,2,107,3.160000
4633,604,605,631,743,146,23,19,34,21,92,25,1,27,139,2.705882
4634,604,605,625,645,330,5,11,10,10,16,14,1,21,41,1.600000
4635,604,605,700,799,64,76,11,31,69,85,40,1,96,195,2.741935
4636,605,606,680,784,325,65,10,39,47,89,42,1,75,179,2.282051
4637,605,607,671,773,525,24,7,37,44,67,51,2,66,168,1.810811
4638,605,606,630,674,326,22,14,17,23,33,12,1,25,69,1.941176
4639,605,606,654,732,551,42,20,46,37,74,15,1,49,127,1.608696
4640,605,606,609,684,336,3,3,31,2,53,23,1,4,79,1.709677
4641,605,606,701,728,594,78,10,10,48,18,56,1,96,123,1.800000
4642,606,614,698,767,305,61,18,57,46,61,33,8,92,161,1.070175
4643,606,607,667,678,313,25,10,7,37,9,25,1,61,72,1.285714
4644,606,-1,-1,-1,-1,0,-1,32,0,0,0,-1,-1,-1,0.000000
4645,606,607,621,716,61,9,12,21,7,59,43,1,15,110,2.809524
4646,606,-1,-1,-1,-1,0,-1,58,0,0,0,-1,-1,-1,0.000000
4647,607,720,1000,-1,586,70,12,51,81,0,25,113,393,-1,0.000000
4648,607,608,788,810,519,120,22,11,112,15,75,1,181,203,1.363636
4649,607,608,615,696,513,5,15,51,6,69,13,1,8,89,1.352941
4650,607,608,609,713,540,0,1,32,1,80,24,1,2,106,2.500000
4651,607,608,611,657,186,1,9,27,3,43,3,1,4,50,1.592593
4652,607,608,642,674,105,4,6,25,21,29,4,1,35,67,1.160000
4653,608,609,636,734,350,23,15,21,19,77,29,1,28,126,3.666667
4654,608,609,623,698,369,8,11,15,10,51,28,1,15,90,3.400000
4655,608,609,635,701,82,6,14,20,16,48,28,1,27,93,2.400000
4656,608,609,656,725,330,31,10,50,34,62,19,1,48,117,1.240000
4657,608,854,858,919,212,2,8,50,3,60,1,246,250,311,1.200000
4658,609,629,739,809,64,52,17,61,50,67,22,20,130,200,1.098361
4659,609,610,652,739,211,32,3,29,28,71,30,1,43,130,2.448276
4660,609,624,-1,-1,599,228,15,49,164,0,113,15,-1,-1,0.000000
4661,609,610,618,675,374,5,8,36,5,46,14,1,9,66,1.277778
4662,609,610,698,780,456,71,15,36,68,66,36,1,89,171,1.833333
4663,610,611,616,642,105,0,5,14,5,20,6,1,6,32,1.428571
4664,610,611,635,718,147,7,3,18,20,64,23,1,25,108,3.555556
4665,610,615,629,662,58,3,6,29,14,29,4,5,19,52,1.000000
4666,610,611,792,877,64,150,17,45,124,79,63,1,182,267,1.755556
4667,610,611,659,727,374,24,7,35,28,61,27,1,49,117,1.742857
4668,611,612,612,648,349,0,0,16,0,22,14,1,1,37,1.375000
4669,611,612,666,760,291,47,5,25,34,79,35,1,55,149,3.160000
4670,611,612,663,751,186,38,11,22,28,66,45,1,52,140,3.000000
4671,611,616,620,687,353,0,8,50,3,54,13,5,9,76,1.080000
4672,611,612,613,678,230,1,15,42,0,54,12,1,2,67,1.285714
4673,611,612,626,683,63,5,9,24,11,46,14,1,15,72,1.916667
4674,612,613,615,684,305,2,16,40,1,62,8,1,3,72,1.550000
4675,612,613,620,653,183,3,15,16,6,22,12,1,8,41,1.375000
4676,612,613,697,736,459,67,19,24,55,30,38,1,85,124,1.250000
4677,612,-1,-1,-1,-1,0,-1,55,0,0,0,-1,-1,-1,0.000000
4678,612,613,627,646,63,1,10,15,10,15,8,1,15,34,1.000000
4679,612,613,647,729,422,20,4,47,21,77,18,1,35,117,1.638298
4680,613,614,655,738,209,30,15,24,32,80,12,1,42,125,3.333333
4681,613,614,635,718,328,17,12,35,16,73,15,1,22,105,2.085714
4682,613,614,629,715,456,7,11,58,8,82,6,1,16,102,1.413793
4683,613,614,650,719,595,22,16,17,25,51,29,1,37,106,3.000000
4684,613,614,632,704,426,15,9,47,11,69,10,1,19,91,1.468085
4685,613,614,658,767,171,39,6,28,36,68,49,1,45,154,2.428571
4686,613,614,633,676,508,17,17,27,12,37,13,1,20,63,1.370370
4687,613,617,646,719,505,7,13,28,20,48,30,4,33,106,1.714286
4688,614,615,681,730,298,56,11,34,52,42,21,1,67,116,1.235294
4689,614,615,681,764,83,47,17,25,47,47,55,1,67,150,1.880000
4690,614,615,647,656,201,26,12,9,21,9,11,1,33,42,1.000000
4691,615,616,638,700,130,18,13,41,15,51,18,1,23,85,1.243902
4692,615,616,664,716,420,34,9,45,33,51,16,1,49,101,1.133333
4693,615,616,633,657,223,12,1,21,13,23,5,1,18,42,1.095238
4694,615,616,626,683,387,9,9,40,5,50,12,1,11,68,1.250000
4695,615,616,630,675,114,12,1,24,11,36,12,1,15,60,1.500000
4696,616,617,639,714,313,18,13,24,21,54,22,1,23,98,2.250000
4697,616,617,671,773,242,39,12,46,35,66,49,1,55,157,1.434783
4698,616,617,641,720,556,23,23,48,14,74,15,1,25,104,1.541667
4699,616,617,628,701,200,7,6,40,10,58,16,1,12,85,1.450000
4700,616,617,652,692,388,26,15,14,23,28,24,1,36,76,2.000000
4701,616,617,646,692,353,16,3,20,23,44,8,1,30,76,2.200000
4702,616,617,627,678,456,9,8,30,6,48,7,1,11,62,1.600000
4703,617,618,652,736,503,23,13,30,24,66,28,1,35,119,2.200000
4704,617,618,639,683,337,13,13,34,16,36,13,1,22,66,1.058824
4705,617,755,782,838,277,2,5,25,15,43,13,138,165,221,1.720000
4706,617,618,669,699,276,33,8,19,31,27,23,1,52,82,1.421053
4707,617,618,645,730,191,17,7,22,22,70,20,1,28,113,3.181818
4708,617,618,636,651,222,8,16,13,13,15,5,1,19,34,1.153846
4709,618,619,647,720,342,22,2,39,22,63,16,1,29,102,1.615385
4710,618,619,619,705,312,0,0,23,0,63,23,1,1,87,2.739130
4711,618,619,753,777,222,93,15,21,92,23,43,1,135,159,1.095238
4712,618,619,662,729,168,30,18,26,27,50,33,1,44,111,1.923077
4713,619,620,652,683,217,24,10,16,25,26,12,1,33,64,1.625000
4714,619,620,625,668,168,4,17,21,4,29,15,1,6,49,1.380952
4715,619,620,630,715,331,9,9,52,9,78,8,1,11,96,1.500000
4716,619,620,632,649,573,7,10,11,12,13,4,1,13,30,1.181818
4717,619,620,634,658,189,6,10,18,11,20,7,1,15,39,1.111111
4718,619,620,634,689,137,7,9,29,9,47,13,1,15,70,1.620690
4719,620,621,626,715,450,0,5,29,5,67,22,1,6,95,2.310345
4720,620,621,709,792,55,35,15,15,57,59,55,1,89,172,3.933333
4721,620,621,670,740,173,41,16,38,35,52,32,1,50,120,1.368421
4722,620,621,629,641,126,6,8,11,7,11,2,1,9,21,1.000000
4723,620,621,743,814,547,96,10,46,72,68,53,1,123,194,1.478261
4724,620,621,624,723,421,3,3,22,3,80,19,1,4,103,3.636364
4725,620,621,622,696,254,0,1,47,1,65,9,1,2,76,1.382979
4726,620,621,621,706,364,0,0,17,0,59,26,1,1,86,3.470588
4727,621,622,623,683,154,0,1,13,1,41,19,1,2,62,3.153846
4728,621,622,638,686,357,12,5,37,12,39,13,1,17,65,1.054054
4729,621,622,698,741,568,57,12,34,46,40,33,1,77,120,1.176471
4730,621,622,681,771,504,51,16,49,44,85,20,1,60,150,1.734694
4731,621,622,628,700,61,2,12,22,4,58,16,1,7,79,2.636364
4732,622,623,636,689,238,10,7,42,8,48,10,1,14,67,1.142857
4733,622,623,680,732,55,50,15,39,41,45,23,1,58,110,1.153846
4734,622,623,734,770,292,84,21,28,70,30,47,1,112,148,1.071429
4735,623,624,645,724,137,4,7,16,13,64,23,1,22,101,4.000000
4736,623,624,740,822,186,98,15,43,69,73,56,1,117,199,1.697674
4737,623,624,627,717,325,1,1,32,3,64,26,1,4,94,2.000000
4738,623,624,630,733,60,0,6,25,6,69,34,1,7,110,2.760000
4739,624,625,638,703,406,10,12,28,10,40,28,1,14,79,1.428571
4740,624,625,625,665,325,0,0,23,0,29,11,1,1,41,1.260870
4741,624,625,638,712,519,12,19,44,10,70,7,1,14,88,1.590909
4742,624,625,641,672,240,9,18,17,11,21,15,1,17,48,1.235294
4743,624,625,632,680,241,7,8,20,6,40,9,1,8,56,2.000000
4744,624,625,658,759,474,24,20,35,21,83,30,1,34,135,2.371429
4745,624,625,743,790,338,77,19,23,82,39,44,1,119,166,1.695652
4746,624,625,625,680,569,0,0,16,0,42,13,1,1,56,2.625000
4747,625,626,784,840,298,132,9,37,113,51,48,1,159,215,1.378378
4748,625,626,637,728,65,10,20,39,8,69,25,1,12,103,1.769231
4749,625,626,687,760,183,53,10,41,45,65,24,1,62,135,1.585366
4750,625,626,684,746,571,22,1,51,23,61,15,1,59,121,1.196078
4751,625,626,990,-1,366,310,8,38,249,9,116,1,365,-1,0.236842
4752,625,626,652,713,171,19,2,45,16,55,16,1,27,88,1.222222
4753,625,-1,-1,-1,-1,0,-1,28,0,0,0,-1,-1,-1,0.000000
4754,626,-1,-1,-1,-1,0,-1,63,0,0,0,-1,-1,-1,0.000000
4755,626,627,640,741,195,6,15,36,11,86,17,1,14,115,2.388889
4756,626,627,639,700,416,9,5,46,10,54,9,1,13,74,1.173913
4757,627,831,831,852,400,0,0,21,0,21,0,204,204,225,1.000000
4758,627,628,701,722,570,57,11,19,46,19,29,1,74,95,1.000000
4759,627,628,633,699,164,5,21,24,4,52,15,1,6,72,2.166667
4760,628,-1,-1,-1,-1,0,-1,48,0,0,0,-1,-1,-1,0.000000
4761,628,629,713,808,469,76,5,33,53,77,49,1,85,180,2.333333
4762,628,629,777,843,107,98,10,16,93,50,71,1,149,215,3.125000
4763,628,629,733,811,573,87,1,48,78,72,32,1,105,183,1.500000
4764,628,629,870,937,230,186,24,37,129,55,124,1,242,309,1.486486
4765,628,629,657,754,104,22,2,41,20,89,16,1,29,126,2.170732
4766,628,629,642,673,438,12,11,22,10,26,8,1,14,45,1.181818
4767,628,668,858,963,139,7,14,42,11,80,26,40,230,335,1.904762
4768,628,629,636,729,4,2,14,25,5,67,28,1,8,101,2.680000
4769,629,630,635,700,137,1,4,24,5,50,15,1,6,71,2.083333
4770,629,630,635,706,165,4,5,51,5,65,6,1,6,77,1.274510
4771,629,630,631,698,78,0,1,21,1,49,18,1,2,69,2.333333
4772,629,630,664,747,480,29,20,25,28,69,20,1,35,118,2.760000
4773,629,630,682,783,63,46,12,44,38,74,41,1,53,154,1.681818
4774,630,790,-1,-1,252,0,20,54,2,0,0,160,-1,-1,0.000000
4775,630,631,715,778,471,64,22,44,49,56,42,1,85,148,1.272727
4776,630,631,643,686,250,7,18,26,10,34,11,1,13,56,1.307692
4777,631,632,732,824,474,82,13,37,62,81,49,1,101,193,2.189189
4778,631,632,632,647,208,0,0,11,0,11,4,1,1,16,1.000000
4779,631,632,633,665,394,0,1,28,1,32,0,1,2,34,1.142857
4780,631,632,715,794,504,66,17,30,57,60,45,1,84,163,2.000000
4781,631,632,653,726,420,18,8,36,13,54,27,1,22,95,1.500000
4782,632,633,650,681,426,15,15,21,11,29,8,1,18,49,1.380952
4783,632,633,650,661,4,8,11,11,15,11,2,1,18,29,1.000000
4784,632,633,640,711,25,2,7,23,7,47,24,1,8,79,2.043478
4785,632,633,635,665,264,2,2,21,2,27,3,1,3,33,1.285714
4786,633,634,644,685,305,5,4,28,8,34,9,1,11,52,1.214286
4787,633,634,691,783,441,54,18,43,44,83,22,1,58,150,1.930233
4788,633,809,-1,-1,417,52,14,47,79,0,20,176,-1,-1,0.000000
4789,633,634,649,703,448,10,3,32,14,52,3,1,16,70,1.625000
4790,633,634,673,703,132,31,6,21,22,23,24,1,40,70,1.095238
4791,633,634,725,803,240,76,15,22,65,60,44,1,92,170,2.727273
4792,634,635,659,737,417,19,7,25,13,59,30,1,25,103,2.360000
4793,634,636,708,803,195,38,15,36,38,72,37,2,74,169,2.000000
4794,634,635,765,841,120,110,19,41,83,75,48,1,131,207,1.829268
4795,634,639,718,772,45,9,7,45,15,51,6,5,84,138,1.133333
4796,634,635,688,773,558,36,21,21,31,67,40,1,54,139,3.190476
4797,634,635,670,729,459,22,9,30,26,42,26,1,36,95,1.400000
4798,634,635,716,760,369,56,20,23,42,37,46,1,82,126,1.608696
4799,634,635,763,842,439,108,13,40,73,60,74,1,129,208,1.500000
4800,634,635,694,792,184,33,3,25,43,55,59,1,60,158,2.200000
4801,634,635,657,683,65,14,8,14,16,24,8,1,23,49,1.714286
4802,634,-1,-1,-1,-1,0,-1,23,0,0,0,-1,-1,-1,0.000000
4803,634,772,-1,-1,553,9,1,59,17,0,2,138,-1,-1,0.000000
4804,634,635,642,673,260,7,13,24,3,24,11,1,8,39,1.000000
4805,635,636,669,753,545,22,16,41,18,75,24,1,34,118,1.829268
4806,635,636,644,665,217,3,15,15,7,17,5,1,9,30,1.133333
4807,635,636,-1,-1,431,219,19,49,150,0,130,1,-1,-1,0.000000
4808,635,636,644,714,102,3,6,25,6,57,15,1,9,79,2.280000
4809,635,636,693,735,343,50,7,29,39,31,29,1,58,100,1.068966
4810,635,636,668,723,132,23,4,16,18,42,27,1,33,88,2.625000
4811,636,823,831,910,158,3,4,47,5,71,10,187,195,274,1.510638
4812,636,637,677,727,43,17,8,21,30,41,19,1,41,91,1.952381
4813,636,637,668,690,443,25,14,13,18,15,20,1,32,54,1.153846
4814,636,637,643,752,534,4,6,33,2,93,20,1,7,116,2.818182
4815,636,637,702,812,544,56,14,30,45,90,40,1,66,176,3.000000
4816,637,638,665,727,503,20,14,32,23,50,16,1,28,90,1.562500
4817,637,638,639,736,256,1,7,26,0,74,24,1,2,99,2.846154
4818,637,638,640,737,199,1,12,27,1,79,19,1,3,100,2.925926
4819,637,638,660,718,288,11,7,18,20,28,32,1,23,81,1.555556
4820,637,638,690,773,217,22,20,43,23,55,31,1,53,136,1.279070
4821,637,638,685,777,300,44,12,36,31,64,44,1,48,140,1.777778
4822,637,638,661,743,186,20,9,53,18,79,8,1,24,106,1.490566
4823,637,638,640,735,135,0,2,18,2,56,39,1,3,98,3.111111
4824,637,638,731,767,207,71,13,26,56,32,41,1,94,130,1.230769
4825,638,639,652,685,261,11,13,15,9,31,6,1,14,47,2.066667
4826,638,-1,-1,-1,-1,0,-1,43,0,0,0,-1,-1,-1,0.000000
4827,638,639,653,734,475,12,12,37,8,57,30,1,15,96,1.540541
4828,638,639,682,717,36,29,19,24,33,30,15,1,44,79,1.250000
4829,638,639,659,746,176,13,8,16,15,50,42,1,21,108,3.125000
4830,638,639,685,737,122,33,12,16,34,34,30,1,47,99,2.125000
4831,639,640,699,756,234,44,13,44,37,54,25,1,60,117,1.227273
4832,639,640,651,755,106,10,15,25,5,75,35,1,12,116,3.000000
4833,639,640,653,755,226,13,11,34,12,74,29,1,14,116,2.176471
4834,639,640,644,654,183,1,2,10,4,10,0,1,5,15,1.000000
4835,639,640,643,678,406,3,9,17,3,29,6,1,4,39,1.705882
4836,639,640,671,726,177,24,3,15,22,39,25,1,32,87,2.600000
4837,640,641,863,889,226,150,10,18,153,24,71,1,223,249,1.333333
4838,640,641,776,829,216,103,14,30,74,46,68,1,136,189,1.533333
4839,640,641,671,756,328,19,10,29,20,69,26,1,31,116,2.379310
4840,640,641,675,757,175,19,19,21,28,55,33,1,35,117,2.619048
4841,641,642,668,681,20,10,9,8,17,12,10,1,27,40,1.500000
4842,641,642,644,685,444,1,15,33,2,41,0,1,3,44,1.242424
4843,641,642,661,691,33,5,10,21,12,27,10,1,20,50,1.285714
4844,641,642,722,793,260,62,14,30,41,66,44,1,81,152,2.200000
4845,641,642,649,666,110,4,16,13,7,13,4,1,8,25,1.000000
4846,641,642,648,703,372,3,11,17,2,43,16,1,7,62,2.529412
4847,641,642,738,826,555,70,13,21,54,59,71,1,97,185,2.809524
4848,642,643,654,704,256,0,7,15,9,39,13,1,12,62,2.600000
4849,642,643,668,732,355,17,9,38,23,54,12,1,26,90,1.421053
4850,642,643,680,758,83,27,15,30,30,64,21,1,38,116,2.133333
4851,642,672,793,867,289,29,16,50,39,60,17,30,151,225,1.200000
4852,642,643,668,738,480,19,14,43,22,59,14,1,26,96,1.372093
4853,642,643,658,685,54,6,11,11,13,23,6,1,16,43,2.090909
4854,642,643,673,750,294,25,16,25,18,63,26,1,31,108,2.520000
4855,642,643,672,753,88,19,6,25,19,59,32,1,30,111,2.360000
4856,642,643,652,726,557,7,15,31,7,63,13,1,10,84,2.032258
4857,643,644,654,743,105,7,9,24,9,62,28,1,11,100,2.583333
4858,643,644,648,735,458,1,2,29,4,61,26,1,5,92,2.103448
4859,643,644,663,682,12,5,4,13,16,17,5,1,20,39,1.307692
4860,643,656,664,691,472,0,6,22,7,24,3,13,21,48,1.090909
4861,643,644,685,734,372,26,9,39,26,43,21,1,42,91,1.102564
4862,643,644,647,673,294,3,16,14,1,18,10,1,4,30,1.285714
4863,643,644,667,765,39,18,15,16,16,68,37,1,24,122,4.250000
4864,643,667,794,868,547,55,16,43,80,51,37,24,151,225,1.186047
4865,643,644,674,750,528,26,16,50,19,70,17,1,31,107,1.400000
4866,644,645,681,774,436,20,10,29,31,65,33,1,37,130,2.241379
4867,644,645,650,709,553,2,15,24,3,42,19,1,6,65,1.750000
4868,644,-1,-1,-1,-1,0,-1,61,0,0,0,-1,-1,-1,0.000000
4869,644,645,734,792,203,60,10,21,57,35,55,1,90,148,1.666667
4870,644,645,685,759,324,35,11,34,31,64,19,1,41,115,1.882353
4871,644,645,663,709,372,10,8,34,16,38,10,1,19,65,1.117647
4872,645,646,730,758,110,57,16,20,50,26,36,1,85,113,1.300000
4873,645,646,655,675,406,7,3,20,6,20,3,1,10,30,1.000000
4874,645,646,661,765,443,13,13,19,11,71,37,1,16,120,3.736842
4875,645,646,680,747,149,21,11,11,25,43,33,1,35,102,3.909091
4876,645,646,706,766,542,54,11,45,37,57,26,1,61,121,1.266667
4877,645,646,707,758,309,48,11,19,40,37,35,1,62,113,1.947368
4878,645,646,649,669,329,1,8,9,2,15,6,1,4,24,1.666667
4879,646,647,709,761,249,53,11,25,37,37,40,1,63,115,1.480000
4880,646,647,724,797,157,54,10,42,55,58,37,1,78,151,1.380952
4881,646,647,745,814,475,81,6,47,58,59,50,1,99,168,1.255319
4882,646,647,717,765,371,57,8,34,43,42,33,1,71,119,1.235294
4883,646,647,680,741,29,31,17,37,22,45,27,1,34,95,1.216216
4884,646,647,658,674,105,6,6,14,9,14,4,1,12,28,1.000000
4885,646,647,653,687,320,4,11,14,5,26,9,1,7,41,1.857143
4886,647,648,726,821,589,57,18,27,55,73,45,1,79,174,2.703704
4887,647,648,659,709,249,4,7,26,9,36,16,1,12,62,1.384615
4888,647,648,691,745,257,34,9,17,30,39,28,1,44,98,2.294118
4889,647,648,664,712,253,12,9,23,8,27,29,1,17,65,1.173913
4890,647,857,861,938,364,0,4,42,4,66,11,210,214,291,1.571429
4891,647,714,906,973,113,28,16,54,24,64,20,67,259,326,1.185185
4892,647,658,697,766,20,13,8,31,28,51,20,11,50,119,1.645161
4893,647,666,682,782,296,9,6,43,14,75,27,19,35,135,1.744186
4894,647,648,677,718,240,23,15,23,21,27,22,1,30,71,1.173913
4895,647,648,661,733,230,12,20,49,5,63,17,1,14,86,1.285714
4896,647,655,693,747,476,10,14,20,30,40,17,8,46,100,2.000000
4897,648,649,652,711,140,3,16,44,3,54,5,1,4,63,1.227273
4898,648,649,734,757,82,51,15,19,57,21,30,1,86,109,1.105263
4899,648,649,655,668,61,2,3,12,6,12,1,1,7,20,1.000000
4900,648,671,792,862,289,40,17,44,60,58,24,23,144,214,1.318182
4901,648,649,664,753,240,9,14,25,8,61,35,1,16,105,2.440000
4902,648,649,673,736,504,4,7,30,16,44,19,1,25,88,1.466667
4903,649,650,658,732,489,8,10,42,8,56,18,1,9,83,1.333333
4904,649,676,776,864,56,15,15,50,20,74,16,27,127,215,1.480000
4905,649,650,665,723,354,9,10,22,13,44,16,1,16,74,2.000000
4906,649,650,660,672,214,9,4,8,7,10,5,1,11,23,1.250000
4907,649,-1,-1,-1,-1,0,-1,46,0,0,0,-1,-1,-1,0.000000
4908,649,650,772,859,139,106,18,50,85,82,42,1,123,210,1.640000
4909,649,650,676,775,443,19,9,16,19,68,38,1,27,126,4.250000
4910,650,651,879,935,54,159,5,14,166,48,70,1,229,285,3.428571
4911,650,651,735,752,372,45,3,11,58,15,28,1,85,102,1.363636
4912,650,651,683,703,439,12,21,13,24,17,11,1,33,53,1.307692
4913,650,651,651,695,492,0,0,28,0,36,8,1,1,45,1.285714
4914,651,652,796,862,107,99,9,13,90,41,79,1,145,211,3.153846
4915,651,652,689,714,110,24,13,13,31,21,10,1,38,63,1.615385
4916,651,652,662,720,139,10,19,22,9,46,13,1,11,69,2.090909
4917,651,652,654,739,468,2,2,49,2,71,14,1,3,88,1.448980
4918,651,652,687,785,257,30,4,23,19,53,61,1,36,134,2.304348
4919,651,862,862,940,17,0,0,35,0,63,15,211,211,289,1.800000
4920,651,652,655,739,320,2,3,38,2,66,19,1,4,88,1.736842
4921,651,826,987,-1,490,16,1,47,25,11,8,175,336,-1,0.234043
4922,651,652,668,723,33,3,7,29,15,49,7,1,17,72,1.689655
4923,652,653,654,711,574,1,10,28,1,44,13,1,2,59,1.571429
4924,652,653,669,757,100,12,8,48,14,78,12,1,17,105,1.625000
4925,652,653,672,722,207,13,10,19,11,41,17,1,20,70,2.157895
4926,653,723,-1,-1,346,42,13,54,41,0,18,70,-1,-1,0.000000
4927,653,654,670,708,503,10,2,34,11,36,7,1,17,55,1.058824
4928,653,654,654,741,372,0,0,21,0,59,28,1,1,88,2.809524
4929,653,-1,-1,-1,-1,0,-1,54,0,0,0,-1,-1,-1,0.000000
4930,654,655,699,763,440,33,7,26,25,56,27,1,45,109,2.153846
4931,654,655,700,761,551,34,13,30,30,54,22,1,46,107,1.800000
4932,654,655,699,776,5,12,18,14,32,56,33,1,45,122,4.000000
4933,654,655,663,721,277,6,13,24,5,40,21,1,9,67,1.666667
4934,654,655,683,784,300,23,6,39,26,73,30,1,29,130,1.871795
4935,655,667,669,737,296,1,6,45,2,61,7,12,14,82,1.355556
4936,655,656,687,758,373,25,11,51,16,61,25,1,32,103,1.196078
4937,655,656,656,704,126,0,0,38,0,44,4,1,1,49,1.157895
4938,655,656,656,670,504,0,0,14,0,14,0,1,1,15,1.000000
4939,655,656,656,670,67,0,0,12,0,14,0,1,1,15,1.166667
4940,656,657,659,719,232,0,2,30,2,52,8,1,3,63,1.733333
4941,656,878,881,926,560,0,3,27,3,39,6,222,225,270,1.444444
4942,656,657,770,845,51,89,15,39,69,65,54,1,114,189,1.666667
4943,656,657,666,724,34,2,12,29,8,45,14,1,10,68,1.551724
4944,656,763,767,799,96,0,4,20,4,26,6,107,111,143,1.300000
4945,656,774,777,852,414,0,3,18,3,46,29,118,121,196,2.555556
4946,656,657,682,759,389,23,13,39,15,61,26,1,26,103,1.564103
4947,657,666,671,702,300,1,3,19,5,27,4,9,14,45,1.421053
4948,657,658,681,703,430,15,17,18,16,22,7,1,24,46,1.222222
4949,657,658,752,832,121,69,13,47,60,75,32,1,95,175,1.595745
4950,657,658,687,793,198,15,16,36,23,74,38,1,30,136,2.055556
4951,657,658,660,694,17,0,2,18,2,22,12,1,3,37,1.222222
4952,657,658,695,765,489,32,13,48,28,64,15,1,38,108,1.333333
4953,657,658,898,961,494,83,20,48,73,60,40,1,241,304,1.250000
4954,657,658,665,695,9,2,3,20,6,26,5,1,8,38,1.300000
4955,657,658,659,758,157,0,1,21,1,71,28,1,2,101,3.380952
4956,657,658,682,731,517,20,6,31,15,41,17,1,25,74,1.322581
4957,657,658,682,759,58,1,5,24,7,50,31,1,25,102,2.083333
4958,658,659,677,752,558,13,19,38,13,60,20,1,19,94,1.578947
4959,658,659,679,741,66,18,16,32,14,56,12,1,21,83,1.750000
4960,658,659,765,844,496,88,8,40,70,70,45,1,107,186,1.750000
4961,658,659,752,825,283,69,16,32,66,64,36,1,94,167,2.000000
4962,659,660,662,698,517,2,6,17,1,25,12,1,3,39,1.470588
4963,659,660,660,765,33,0,0,23,0,59,46,1,1,106,2.565217
4964,659,660,668,766,371,3,2,43,5,79,22,1,9,107,1.837209
4965,660,661,672,707,58,1,4,16,7,30,9,1,12,47,1.875000
4966,660,661,707,776,542,37,11,58,36,66,13,1,47,116,1.137931
4967,660,661,688,743,596,4,23,16,14,40,19,1,28,83,2.500000
4968,661,662,687,706,596,12,22,13,20,19,3,1,26,45,1.461538
4969,661,662,678,771,418,6,21,24,12,62,35,1,17,110,2.583333
4970,661,662,717,787,327,46,13,33,45,51,29,1,56,126,1.545455
4971,661,662,717,759,243,24,13,22,33,28,36,1,56,98,1.272727
4972,661,662,669,735,217,5,9,23,6,45,22,1,8,74,1.956522
4973,661,662,696,762,444,27,13,42,26,58,16,1,35,101,1.380952
4974,661,662,706,774,62,24,11,11,26,49,37,1,45,113,4.454545
4975,662,886,893,946,458,0,5,41,7,51,2,224,231,284,1.243902
4976,662,663,691,763,253,23,6,25,19,55,26,1,29,101,2.200000
4977,662,679,684,772,293,2,10,60,3,86,2,17,22,110,1.433333
4978,662,663,734,831,578,58,19,38,37,62,69,1,72,169,1.631579
4979,662,663,666,681,58,0,3,11,3,11,4,1,4,19,1.000000
4980,662,663,665,757,185,1,4,42,2,78,14,1,3,95,1.857143
4981,662,663,727,746,303,40,15,7,40,13,30,1,65,84,1.857143
4982,663,685,702,772,111,6,15,46,10,62,10,22,39,109,1.347826
4983,663,664,720,791,543,39,12,51,40,69,15,1,57,128,1.352941
4984,663,-1,-1,-1,-1,0,-1,30,0,0,0,-1,-1,-1,0.000000
4985,663,665,788,879,13,26,15,42,34,74,35,2,125,216,1.761905
4986,663,664,690,802,134,24,8,25,19,99,20,1,27,139,3.960000
4987,664,665,684,759,559,16,20,27,14,71,9,1,20,95,2.629630
4988,665,666,675,707,590,9,19,30,5,30,6,1,10,42,1.000000
4989,665,666,673,770,489,5,7,42,7,68,29,1,8,105,1.619048
4990,665,666,670,736,309,3,8,56,4,64,2,1,5,71,1.142857
4991,665,783,786,851,511,0,3,34,3,56,9,118,121,186,1.647059
4992,666,667,697,797,258,26,6,21,20,55,55,1,31,131,2.619048
4993,666,669,681,720,547,4,14,26,10,30,11,3,15,54,1.153846
4994,666,667,679,761,394,5,8,32,11,76,7,1,13,95,2.375000
4995,666,667,679,696,517,5,13,8,12,12,5,1,13,30,1.500000
4996,667,668,683,717,129,7,11,21,15,25,9,1,16,50,1.190476
4997,667,668,739,807,140,50,2,19,38,45,56,1,72,140,2.368421
4998,667,668,698,772,557,19,20,45,26,65,13,1,31,105,1.444444
4999,667,668,707,737,85,26,10,17,28,19,22,1,40,70,1.117647
5000,668,669,695,768,543,15,12,29,18,55,26,1,27,100,1.896552
5001,668,669,690,780,264,13,3,26,15,70,26,1,22,112,2.692308
5002,668,669,705,776,13,21,14,47,21,63,19,1,37,108,1.340426
5003,668,669,706,755,528,32,16,15,32,27,27,1,38,87,1.800000
5004,669,671,686,770,258,12,8,46,8,82,9,2,17,101,1.782609
5005,669,670,675,759,50,2,3,24,4,60,25,1,6,90,2.500000
5006,669,670,676,732,4,5,6,11,5,37,20,1,7,63,3.363636
5007,669,670,842,944,426,137,3,40,113,74,87,1,173,275,1.850000
5008,669,670,682,732,386,11,22,38,9,48,5,1,13,63,1.263158
5009,669,670,736,790,315,52,10,30,45,50,25,1,67,121,1.666667
5010,669,670,696,714,28,20,10,17,16,17,11,1,27,45,1.000000
5011,669,670,673,773,185,0,3,35,3,67,33,1,4,104,1.914286
5012,669,670,889,972,596,97,16,41,96,75,49,1,220,303,1.829268
5013,670,671,675,736,502,2,3,47,4,55,6,1,5,66,1.170213
5014,670,671,722,806,118,38,5,32,32,76,27,1,52,136,2.375000
5015,670,671,720,756,3,33,13,20,37,32,16,1,50,86,1.600000
5016,670,671,721,821,579,40,11,30,34,76,40,1,51,151,2.533333
5017,670,671,722,808,341,36,13,46,44,76,17,1,52,138,1.652174
5018,670,671,762,829,219,66,16,32,62,50,46,1,92,159,1.562500
5019,671,672,697,803,293,17,4,29,23,63,45,1,26,132,2.172414
5020,671,788,794,858,72,2,2,24,6,38,26,117,123,187,1.583333
5021,671,672,684,793,335,2,9,41,11,69,41,1,13,122,1.682927
5022,671,672,683,773,231,8,14,36,7,84,10,1,12,102,2.333333
5023,671,672,709,789,75,22,17,25,27,69,21,1,38,118,2.760000
5024,671,672,774,807,383,39,9,11,53,27,55,1,103,136,2.454545
5025,671,672,682,775,118,7,9,22,8,68,27,1,11,104,3.090909
5026,672,673,714,781,32,30,11,19,27,51,30,1,42,109,2.684211
5027,672,673,828,899,367,117,18,41,96,59,69,1,156,227,1.439024
5028,672,673,691,774,449,15,8,42,13,60,28,1,19,102,1.428571
5029,672,673,674,758,538,1,7,42,1,66,18,1,2,86,1.571429
5030,672,673,678,708,454,5,14,23,4,23,8,1,6,36,1.000000
5031,672,673,-1,-1,43,26,10,51,37,0,4,1,-1,-1,0.000000
5032,672,673,686,740,80,10,12,30,8,42,17,1,14,68,1.400000
5033,672,673,738,751,4,42,3,13,42,13,23,1,66,79,1.000000
5034,673,674,689,740,394,9,5,25,9,41,16,1,16,67,1.640000
5035,673,674,688,770,178,13,11,22,4,74,18,1,15,97,3.363636
5036,673,674,680,757,212,5,21,54,4,76,3,1,7,84,1.407407
5037,673,674,716,726,82,34,12,9,28,9,15,1,43,53,1.000000
5038,673,674,706,787,307,20,9,37,21,75,17,1,33,114,2.027027
5039,673,674,689,721,28,13,7,19,11,29,7,1,16,48,1.526316
5040,673,674,689,714,32,7,12,13,11,17,12,1,16,41,1.307692
5041,673,674,675,717,466,1,7,11,0,29,14,1,2,44,2.636364
5042,673,674,691,792,110,14,18,33,12,61,45,1,18,119,1.848485
5043,673,674,681,740,388,7,2,37,7,59,0,1,8,67,1.594595
5044,674,682,747,828,280,23,12,38,24,56,37,8,73,154,1.473684
5045,674,675,679,718,129,2,4,19,4,27,12,1,5,44,1.421053
5046,674,-1,-1,-1,-1,0,-1,58,0,0,0,-1,-1,-1,0.000000
5047,674,675,863,935,42,81,12,41,93,59,50,1,189,261,1.439024
5048,674,675,730,787,82,42,19,20,30,38,44,1,56,113,1.900000
5049,674,677,677,740,20,0,0,42,0,54,9,3,3,66,1.285714
5050,674,675,736,805,313,48,6,18,30,46,54,1,62,131,2.555556
5051,674,675,675,731,430,0,0,33,0,45,11,1,1,57,1.363636
5052,674,675,681,717,28,3,6,13,6,31,5,1,7,43,2.384615
5053,674,675,730,772,389,48,9,20,34,34,29,1,56,98,1.700000
5054,675,676,760,833,493,77,9,44,70,66,21,1,85,158,1.500000
5055,675,-1,-1,-1,-1,0,-1,50,0,0,0,-1,-1,-1,0.000000
5056,675,676,683,769,380,0,7,29,7,57,29,1,8,94,1.965517
5057,675,695,703,751,12,0,15,26,4,36,13,20,28,76,1.384615
5058,675,-1,-1,-1,-1,0,-1,56,0,0,0,-1,-1,-1,0.000000
5059,675,676,678,775,73,1,5,43,2,85,12,1,3,100,1.976744
5060,675,676,715,786,29,27,20,25,23,55,32,1,40,111,2.200000
5061,675,676,685,731,485,6,5,14,9,28,18,1,10,56,2.000000
5062,675,676,726,811,162,34,22,23,35,57,43,1,51,136,2.478261
5063,675,676,727,748,557,43,19,15,31,19,22,1,52,73,1.266667
5064,676,677,691,722,202,4,10,15,12,21,12,1,15,46,1.400000
5065,676,677,705,766,199,23,8,40,14,54,21,1,29,90,1.350000
5066,676,677,684,734,85,5,12,16,4,30,23,1,8,58,1.875000
5067,676,677,677,729,368,0,0,28,0,36,16,1,1,53,1.285714
5068,676,677,721,805,389,37,7,34,28,80,20,1,45,129,2.352941
5069,676,677,682,743,551,4,5,20,4,34,28,1,6,67,1.700000
5070,677,678,703,770,471,15,17,49,14,67,11,1,26,93,1.367347
5071,677,678,698,795,283,13,11,32,13,82,22,1,21,118,2.562500
5072,677,678,746,831,188,54,21,32,43,74,36,1,69,154,2.312500
5073,677,678,813,869,383,114,8,37,87,51,52,1,136,192,1.378378
5074,678,679,724,804,493,37,6,40,32,70,23,1,46,126,1.750000
5075,678,679,694,794,518,15,16,28,10,66,39,1,16,116,2.357143
5076,678,679,692,759,82,10,10,14,7,52,21,1,14,81,3.714286
5077,678,679,680,740,384,1,6,31,0,41,20,1,2,62,1.322581
5078,678,679,693,770,283,11,7,49,9,67,15,1,15,92,1.367347
5079,678,679,689,780,202,4,11,21,9,59,33,1,11,102,2.809524
5080,678,679,709,795,289,17,12,17,22,51,43,1,31,117,3.000000
5081,678,679,681,728,108,0,2,22,2,36,11,1,3,50,1.636364
5082,678,679,848,907,24,124,19,48,114,56,58,1,170,229,1.166667
5083,678,679,846,881,419,123,22,22,100,30,72,1,168,203,1.363636
5084,679,680,680,740,198,0,0,24,0,48,12,1,1,61,2.000000
5085,679,713,898,967,110,77,20,53,71,65,34,34,219,288,1.226415
5086,679,680,681,723,169,0,1,27,1,37,5,1,2,44,1.370370
5087,680,-1,-1,-1,-1,0,-1,52,0,0,0,-1,-1,-1,0.000000
5088,680,681,681,763,67,0,0,24,0,68,14,1,1,83,2.833333
5089,680,-1,-1,-1,-1,0,-1,53,0,0,0,-1,-1,-1,0.000000
5090,680,681,697,769,56,8,10,26,11,52,25,1,17,89,2.000000
5091,680,681,682,757,16,1,18,53,0,73,3,1,2,77,1.377358
5092,680,681,686,721,101,3,20,15,5,25,10,1,6,41,1.666667
5093,680,681,711,799,553,23,14,29,19,83,16,1,31,119,2.862069
5094,681,682,723,768,544,40,18,38,26,40,20,1,42,87,1.052632
5095,681,682,775,803,155,76,12,24,65,28,28,1,94,122,1.166667
5096,681,682,686,750,201,0,3,38,3,60,5,1,5,69,1.578947
5097,681,691,697,744,424,0,6,35,6,45,2,10,16,63,1.285714
5098,681,682,703,734,116,11,11,17,15,21,16,1,22,53,1.235294
5099,681,682,796,833,13,88,16,22,80,30,41,1,115,152,1.363636
5100,681,682,697,789,159,13,4,16,11,72,24,1,16,108,4.500000
5101,681,682,715,762,284,25,13,29,29,39,12,1,34,81,1.344828
5102,682,683,724,802,535,29,15,39,23,75,21,1,42,120,1.923077
5103,682,791,797,817,11,0,2,12,6,14,6,109,115,135,1.166667
5104,682,683,691,792,439,4,6,38,7,66,36,1,9,110,1.736842
5105,682,683,686,745,321,1,1,36,3,48,11,1,4,63,1.333333
5106,682,794,801,869,334,5,3,35,7,51,17,112,119,187,1.457143
5107,683,684,701,779,287,14,13,39,12,57,26,1,18,96,1.461538
5108,683,684,792,845,392,93,7,37,74,49,38,1,109,162,1.324324
5109,683,-1,-1,-1,-1,0,-1,57,0,0,0,-1,-1,-1,0.000000
5110,683,684,691,744,385,5,7,32,7,44,9,1,8,61,1.375000
5111,683,715,723,790,13,2,2,38,8,54,13,32,40,107,1.421053
5112,683,684,698,789,178,8,8,29,9,59,37,1,15,106,2.034483
5113,683,688,953,-1,63,60,12,49,86,40,19,5,270,-1,0.816327
5114,683,684,728,771,334,35,9,25,32,41,14,1,45,88,1.640000
5115,684,685,751,815,220,46,15,25,43,47,40,1,67,131,1.880000
5116,684,685,713,775,16,6,17,18,15,50,25,1,29,91,2.777778
5117,684,686,686,769,596,0,0,56,0,74,9,2,2,85,1.321429
5118,685,686,692,776,26,2,5,23,5,65,20,1,7,91,2.826087
5119,685,686,721,808,461,30,1,36,27,68,27,1,36,123,1.888889
5120,685,686,804,882,367,95,12,37,71,75,50,1,119,197,2.027027
5121,685,686,693,734,249,3,7,35,4,39,5,1,8,49,1.114286
5122,685,686,688,764,348,2,2,24,2,50,26,1,3,79,2.083333
5123,685,-1,-1,-1,-1,0,-1,17,0,0,0,-1,-1,-1,0.000000
5124,685,693,702,743,12,1,14,17,7,33,10,8,17,58,1.941176
5125,685,686,736,829,99,36,14,21,34,69,40,1,51,144,3.285714
5126,686,687,693,730,330,6,20,24,2,32,9,1,7,44,1.333333
5127,686,687,780,849,524,27,11,34,24,56,29,1,94,163,1.647059
5128,686,687,726,776,329,13,15,28,14,40,35,1,40,90,1.428571
5129,687,688,695,748,384,4,4,21,6,47,7,1,8,61,2.238095
5130,687,688,729,756,589,4,14,9,29,23,16,1,42,69,2.555556
5131,687,688,744,818,378,50,5,56,29,68,33,1,57,131,1.214286
5132,687,688,798,880,211,76,17,28,75,66,51,1,111,193,2.357143
5133,687,688,698,736,509,1,11,15,9,25,14,1,11,49,1.666667
5134,687,688,689,771,192,0,1,28,1,62,20,1,2,84,2.214286
5135,687,688,721,766,280,27,6,26,25,38,15,1,34,79,1.461538
5136,688,689,724,823,389,25,13,17,22,71,41,1,36,135,4.176471
5137,688,689,723,779,250,20,19,13,28,27,35,1,35,91,2.076923
5138,688,689,702,776,77,4,11,55,13,73,1,1,14,88,1.327273
5139,688,689,700,792,99,5,11,13,10,69,24,1,12,104,5.307692
5140,688,689,742,803,431,41,18,44,29,56,29,1,54,115,1.272727
5141,688,689,721,801,526,20,16,26,26,50,36,1,33,113,1.923077
5142,689,690,753,784,322,40,19,9,42,25,27,1,64,95,2.777778
5143,689,690,696,788,184,0,5,30,5,74,19,1,7,99,2.466667
5144,689,690,734,801,240,35,6,21,35,45,31,1,45,112,2.142857
5145,689,714,956,-1,433,61,18,54,49,37,46,25,267,-1,0.685185
5146,690,691,731,774,181,36,9,27,27,37,19,1,41,84,1.370370
5147,690,691,821,898,329,65,15,31,69,61,53,1,131,208,1.967742
5148,691,692,698,743,190,0,4,40,6,42,3,1,7,52,1.050000
5149,691,692,730,751,419,26,19,15,26,19,14,1,39,60,1.266667
5150,691,692,780,857,365,66,19,28,62,66,37,1,89,166,2.357143
5151,691,692,781,839,422,67,15,31,60,45,42,1,90,148,1.451613
5152,691,692,750,801,188,39,12,23,43,37,29,1,59,110,1.608696
5153,691,795,806,883,334,1,4,29,11,53,24,104,115,192,1.827586
5154,691,692,726,803,159,26,5,22,29,54,28,1,35,112,2.454545
5155,692,693,800,880,153,75,13,33,67,75,45,1,108,188,2.272727
5156,692,693,709,779,336,12,19,23,13,51,22,1,17,87,2.217391
5157,692,693,749,801,280,53,1,32,40,40,28,1,57,109,1.250000
5158,693,713,741,817,505,12,14,46,15,60,21,20,48,124,1.304348
5159,693,694,716,798,228,13,8,14,13,60,31,1,23,105,4.285714
5160,693,694,846,862,27,110,16,13,95,15,58,1,153,169,1.153846
5161,693,694,729,818,145,33,10,31,18,63,43,1,36,125,2.032258
5162,694,695,710,746,92,11,22,25,8,29,14,1,16,52,1.160000
5163,695,696,701,737,518,2,5,16,5,18,18,1,6,42,1.125000
5164,695,696,736,808,133,31,17,43,27,67,18,1,41,113,1.558140
5165,695,696,740,830,397,35,15,25,34,69,31,1,45,135,2.760000
5166,695,696,703,784,35,4,5,35,5,79,4,1,8,89,2.257143
5167,695,696,713,773,246,17,14,44,12,58,7,1,18,78,1.318182
5168,695,696,851,926,306,117,14,35,122,55,53,1,156,231,1.571429
5169,695,696,701,716,23,4,5,13,4,15,1,1,6,21,1.153846
5170,695,696,739,778,127,27,6,12,32,20,30,1,44,83,1.666667
5171,696,697,700,726,359,0,3,18,3,20,6,1,4,30,1.111111
5172,696,697,713,772,548,14,10,27,9,51,15,1,17,76,1.888889
5173,696,697,703,777,553,4,14,39,5,65,10,1,7,81,1.666667
5174,696,697,833,889,345,118,8,41,89,51,52,1,137,193,1.243902
5175,696,697,833,886,408,103,15,20,80,32,77,1,137,190,1.600000
5176,696,714,899,968,312,62,20,53,58,65,30,18,203,272,1.226415
5177,696,697,727,819,541,17,9,17,19,69,34,1,31,123,4.058824
5178,696,697,736,815,54,29,7,41,35,61,22,1,40,119,1.487805
5179,696,-1,-1,-1,-1,0,-1,47,0,0,0,-1,-1,-1,0.000000
5180,696,697,797,859,289,80,10,22,63,44,55,1,101,163,2.000000
5181,697,698,756,832,86,54,12,44,42,72,20,1,59,135,1.636364
5182,697,698,731,802,11,17,12,46,31,66,6,1,34,105,1.434783
5183,697,698,752,823,464,44,21,47,28,59,38,1,55,126,1.255319
5184,697,698,759,803,206,48,4,33,48,41,16,1,62,106,1.242424
5185,697,698,700,807,141,1,4,41,2,75,32,1,3,110,1.829268
5186,697,698,782,860,358,59,9,32,46,64,52,1,85,163,2.000000
5187,698,719,741,799,349,16,15,39,15,47,16,21,43,101,1.205128
5188,698,699,731,812,241,18,4,22,23,50,40,1,33,114,2.272727
5189,698,713,738,821,203,15,12,29,17,53,34,15,40,123,1.827586
5190,698,699,728,827,301,15,4,26,18,66,39,1,30,129,2.538462
5191,699,700,786,841,386,55,15,28,49,48,44,1,87,142,1.714286
5192,699,700,781,869,176,27,13,33,28,59,40,1,82,170,1.787879
5193,699,701,714,806,344,5,4,31,13,63,29,2,15,107,2.032258
5194,699,700,720,793,109,13,10,18,16,50,27,1,21,94,2.777778
5195,699,700,723,775,222,8,6,16,18,38,19,1,24,76,2.375000
5196,700,708,821,876,289,77,4,46,52,48,51,8,121,176,1.043478
5197,700,701,706,777,181,4,5,37,4,61,11,1,6,77,1.648649
5198,700,701,701,754,48,0,0,23,0,33,20,1,1,54,1.434783
5199,700,704,712,761,289,2,8,35,6,47,3,4,12,61,1.342857
5200,700,706,717,780,120,6,9,46,6,58,9,6,17,80,1.260870
5201,700,701,723,763,220,21,13,30,18,40,4,1,23,63,1.333333
5202,700,701,720,800,346,15,20,34,12,64,23,1,20,100,1.882353
5203,700,701,755,827,431,42,4,25,31,71,24,1,55,127,2.840000
5204,700,701,705,738,415,3,13,26,3,32,2,1,5,38,1.230769
5205,701,702,739,790,92,29,13,18,22,46,20,1,38,89,2.555556
5206,701,702,728,763,93,12,10,20,15,30,16,1,27,62,1.500000
5207,701,702,718,805,422,13,15,39,11,77,15,1,17,104,1.974359
5208,701,702,704,723,85,1,12,11,2,15,4,1,3,22,1.363636
5209,701,702,754,827,162,44,19,33,41,61,23,1,53,126,1.848485
5210,701,702,968,-1,75,204,21,36,165,27,106,1,267,-1,0.750000
5211,702,703,705,747,477,2,14,28,1,42,1,1,3,45,1.500000
5212,702,703,710,767,152,3,5,27,7,49,8,1,8,65,1.814815
5213,703,-1,-1,-1,-1,0,-1,58,0,0,0,-1,-1,-1,0.000000
5214,703,704,704,713,54,0,0,7,0,7,2,1,1,10,1.000000
5215,703,704,742,777,514,30,6,33,29,33,11,1,39,74,1.000000
5216,703,704,744,799,577,30,6,43,25,49,19,1,41,96,1.139535
5217,703,704,723,792,464,13,18,20,16,44,28,1,20,89,2.200000
5218,703,704,747,814,188,11,4,15,23,49,38,1,44,111,3.266667
5219,703,704,781,859,523,65,13,49,38,73,44,1,78,156,1.489796
5220,703,704,715,774,211,8,7,45,8,55,7,1,12,71,1.222222
5221,703,981,983,-1,332,0,2,31,2,15,2,278,280,-1,0.483871
5222,703,704,776,839,136,52,15,32,53,50,32,1,73,136,1.562500
5223,703,704,712,745,85,7,13,17,7,27,7,1,9,42,1.588235
5224,704,705,708,790,361,1,7,37,2,77,6,1,4,86,2.081081
5225,704,705,711,794,114,3,8,35,4,81,4,1,7,90,2.314286
5226,704,705,712,804,187,2,8,27,7,77,15,1,8,100,2.851852
5227,704,705,729,775,133,14,19,22,19,36,15,1,25,71,1.636364
5228,704,-1,-1,-1,-1,0,-1,46,0,0,0,-1,-1,-1,0.000000
5229,704,705,723,805,256,10,18,44,13,68,19,1,19,101,1.545455
5230,705,706,771,812,250,42,15,34,41,40,25,1,66,107,1.176471
5231,705,706,718,782,52,8,2,29,12,51,13,1,13,77,1.758621
5232,705,708,723,774,313,9,11,43,12,47,7,3,18,69,1.093023
5233,705,-1,-1,-1,-1,0,-1,63,0,0,0,-1,-1,-1,0.000000
5234,706,707,734,814,104,23,19,45,23,69,15,1,28,108,1.533333
5235,706,707,708,774,52,0,1,23,1,41,25,1,2,68,1.782609
5236,706,707,734,805,299,16,3,35,17,59,16,1,28,99,1.685714
5237,706,707,753,816,289,31,5,45,30,57,20,1,47,110,1.266667
5238,706,707,752,778,163,25,17,20,29,24,18,1,46,72,1.200000
5239,706,707,710,785,31,3,9,9,3,51,24,1,4,79,5.666667
5240,707,708,711,720,299,0,3,7,3,9,0,1,4,13,1.285714
5241,707,916,-1,-1,5,1,12,48,2,0,1,209,-1,-1,0.000000
5242,707,718,746,826,579,20,10,38,17,52,39,11,39,119,1.368421
5243,707,708,735,780,114,3,7,27,15,39,18,1,28,73,1.444444
5244,707,708,724,787,315,11,13,33,14,49,16,1,17,80,1.484848
5245,707,708,716,802,500,7,11,23,5,49,40,1,9,95,2.130435
5246,707,708,708,749,462,0,0,24,0,34,7,1,1,42,1.416667
5247,707,708,783,850,588,63,19,38,33,58,51,1,76,143,1.526316
5248,708,709,710,735,240,0,1,20,1,22,3,1,2,27,1.100000
5249,708,709,725,755,553,13,6,24,10,30,6,1,17,47,1.250000
5250,709,710,751,782,256,23,16,20,30,24,16,1,42,73,1.200000
5251,709,710,756,799,331,24,12,23,23,33,33,1,47,90,1.434783
5252,709,710,713,805,246,1,11,35,2,81,12,1,4,96,2.314286
5253,709,710,715,791,101,4,10,20,4,50,27,1,6,82,2.500000
5254,709,710,720,813,125,5,11,28,7,56,40,1,11,104,2.000000
5255,709,710,737,805,454,18,14,49,18,61,16,1,28,96,1.244898
5256,710,719,952,998,284,126,20,42,121,46,56,9,242,288,1.095238
5257,710,711,736,810,589,13,18,41,11,63,21,1,26,100,1.536585
5258,710,711,771,854,120,30,6,50,28,68,27,1,61,144,1.360000
5259,710,711,758,836,123,42,20,39,37,75,13,1,48,126,1.923077
5260,711,799,799,868,334,0,0,28,0,58,11,88,88,157,2.071429
5261,711,712,847,893,16,110,4,31,90,41,50,1,136,182,1.322581
5262,711,712,-1,-1,203,233,14,20,191,0,97,1,-1,-1,0.000000
5263,712,713,717,739,535,3,19,13,4,17,5,1,5,27,1.307692
5264,712,713,813,862,230,87,18,25,76,35,38,1,101,150,1.400000
5265,712,713,733,758,196,7,10,17,20,17,8,1,21,46,1.000000
5266,712,713,742,825,336,24,8,26,23,64,25,1,30,113,2.461538
5267,713,714,753,841,554,34,17,37,34,69,24,1,40,128,1.864865
5268,713,714,741,794,123,18,10,10,21,36,23,1,28,81,3.600000
5269,713,714,719,778,381,4,10,31,3,43,18,1,6,65,1.387097
5270,713,714,716,775,17,0,2,20,2,40,19,1,3,62,2.000000
5271,713,714,746,828,306,27,2,44,25,74,15,1,33,115,1.681818
5272,713,714,764,791,324,40,6,20,35,22,20,1,51,78,1.100000
5273,713,714,716,737,12,0,2,16,2,16,5,1,3,24,1.000000
5274,713,714,723,773,117,7,17,24,7,40,12,1,10,60,1.666667
5275,714,715,779,861,539,56,14,39,44,67,35,1,65,147,1.717949
5276,714,736,748,792,273,2,9,24,11,34,11,22,34,78,1.416667
5277,714,715,788,866,74,51,10,48,49,74,28,1,74,152,1.541667
5278,714,-1,-1,-1,-1,0,-1,52,0,0,0,-1,-1,-1,0.000000
5279,714,815,820,874,102,5,5,45,4,51,4,101,106,160,1.133333
5280,714,715,723,739,87,1,14,14,6,16,2,1,9,25,1.142857
5281,715,716,842,902,239,102,11,27,92,39,55,1,127,187,1.444444
5282,715,716,716,764,499,0,0,27,0,41,7,1,1,49,1.518519
5283,715,-1,-1,-1,-1,0,-1,63,0,0,0,-1,-1,-1,0.000000
5284,715,765,867,927,124,10,6,48,19,58,3,50,152,212,1.208333
5285,716,717,744,816,182,7,7,25,18,53,24,1,28,100,2.120000
5286,716,717,728,800,505,11,14,48,10,70,3,1,12,84,1.458333
5287,716,717,748,803,161,30,13,29,22,43,21,1,32,87,1.482759
5288,716,717,729,817,87,1,14,26,11,76,13,1,13,101,2.923077
5289,716,717,720,816,114,1,8,28,2,80,17,1,4,100,2.857143
5290,716,717,747,779,151,26,15,13,24,23,15,1,31,63,1.769231
5291,717,718,737,776,408,12,7,22,12,30,16,1,20,59,1.363636
5292,717,718,752,795,295,18,18,21,23,29,25,1,35,78,1.380952
5293,717,718,728,824,69,0,7,23,9,71,26,1,11,107,3.086957
5294,717,718,728,747,539,8,4,9,6,13,10,1,11,30,1.444444
5295,717,718,740,767,58,11,4,10,18,20,11,1,23,50,2.000000
5296,717,718,724,741,89,3,9,11,5,15,3,1,7,24,1.363636
5297,717,718,953,-1,486,179,15,47,169,44,64,1,236,-1,0.936170
5298,717,720,866,962,388,99,8,48,79,80,59,3,149,245,1.666667
5299,718,719,764,829,180,29,16,22,31,48,31,1,46,111,2.181818
5300,718,719,804,885,425,60,22,51,57,73,30,1,86,167,1.431373
5301,718,719,743,783,354,0,7,22,12,28,12,1,25,65,1.272727
5302,718,726,730,797,37,0,4,28,4,54,13,8,12,79,1.928571
5303,718,719,769,862,87,11,12,32,20,72,32,1,51,144,2.250000
5304,718,722,738,819,37,0,8,29,13,49,32,4,20,101,1.689655
5305,718,719,751,783,395,24,14,17,21,27,16,1,33,65,1.588235
5306,718,719,721,787,292,0,2,25,2,53,13,1,3,69,2.120000
5307,719,720,735,809,446,14,11,14,12,50,27,1,16,90,3.571429
5308,719,720,721,755,539,1,1,17,0,27,8,1,2,36,1.588235
5309,719,720,724,823,440,0,4,38,4,72,27,1,5,104,1.894737
5310,719,720,737,830,178,15,6,32,15,82,13,1,18,111,2.562500
5311,719,720,744,816,227,4,11,11,17,43,36,1,25,97,3.909091
5312,720,721,899,961,381,160,17,29,122,57,61,1,179,241,1.965517
5313,720,721,774,866,365,41,12,34,42,82,21,1,54,146,2.411765
5314,720,800,819,892,431,1,1,40,11,58,15,80,99,172,1.450000
5315,720,721,797,853,561,61,16,31,50,49,33,1,77,133,1.580645
5316,720,721,727,795,277,5,12,43,4,63,7,1,7,75,1.465116
5317,720,721,732,791,113,8,15,39,7,49,14,1,12,71,1.256410
5318,721,722,732,767,525,4,8,21,10,29,6,1,11,46,1.380952
5319,721,722,875,951,560,124,16,36,98,66,65,1,154,230,1.833333
5320,721,722,755,769,68,18,4,10,28,14,5,1,34,48,1.400000
5321,721,727,766,799,88,22,20,26,29,30,10,6,45,78,1.153846
5322,721,722,724,755,182,0,2,22,2,28,3,1,3,34,1.272727
5323,722,723,732,771,93,4,8,20,7,26,15,1,10,49,1.300000
5324,722,723,743,785,454,14,10,16,17,24,21,1,21,63,1.500000
5325,722,723,731,765,42,0,8,22,8,24,10,1,9,43,1.090909
5326,722,-1,-1,-1,-1,0,-1,27,0,0,0,-1,-1,-1,0.000000
5327,722,723,725,754,326,1,20,20,1,26,4,1,3,32,1.300000
5328,723,724,783,851,469,44,12,26,38,44,45,1,60,128,1.692308
5329,723,724,738,799,159,6,9,35,9,57,9,1,15,76,1.628571
5330,723,724,803,867,358,60,13,30,58,56,29,1,80,144,1.866667
5331,723,724,738,751,111,4,15,12,13,12,2,1,15,28,1.000000
5332,723,724,730,749,299,2,6,15,5,17,3,1,7,26,1.133333
5333,723,724,726,743,354,0,2,16,2,16,1,1,3,20,1.000000
5334,723,724,741,759,148,13,11,17,13,17,5,1,18,36,1.000000
5335,724,725,760,840,90,28,14,29,20,53,42,1,36,116,1.827586
5336,724,725,749,815,89,14,6,25,21,43,26,1,25,91,1.720000
5337,724,725,729,786,282,3,3,27,3,47,11,1,5,62,1.740741
5338,725,726,729,807,146,3,17,24,2,58,21,1,4,82,2.416667
5339,725,726,742,799,263,10,15,25,12,45,16,1,17,74,1.800000
5340,725,726,829,899,578,76,17,31,75,53,44,1,104,174,1.709677
5341,725,911,-1,-1,351,2,15,49,3,0,2,186,-1,-1,0.000000
5342,726,727,728,799,458,0,1,44,1,62,9,1,2,73,1.409091
5343,726,727,744,817,18,14,23,23,7,63,20,1,18,91,2.739130
5344,726,727,749,818,163,2,13,12,18,38,35,1,23,92,3.166667
5345,726,727,728,754,395,1,13,15,1,23,3,1,2,28,1.533333
5346,726,727,779,826,365,33,15,29,27,39,33,1,53,100,1.344828
5347,726,727,772,808,44,40,13,30,27,34,20,1,46,82,1.133333
5348,726,727,742,767,262,14,9,18,14,22,4,1,16,41,1.222222
5349,727,728,970,-1,469,198,13,37,151,28,86,1,243,-1,0.756757
5350,727,728,754,819,403,21,6,40,20,44,27,1,27,92,1.100000
5351,727,728,818,857,212,58,15,19,66,31,32,1,91,130,1.631579
5352,727,734,742,803,580,0,7,45,7,55,7,7,15,76,1.222222
5353,728,729,741,771,149,0,8,28,10,30,0,1,13,43,1.071429
5354,728,729,748,822,47,16,12,31,11,61,21,1,20,94,1.967742
5355,728,729,749,818,212,5,14,13,13,55,21,1,21,90,4.230769
5356,728,729,753,791,146,13,12,24,18,32,12,1,25,63,1.333333
5357,728,729,780,857,447,34,23,22,39,54,35,1,52,129,2.454545
5358,729,730,756,818,45,19,13,44,22,58,8,1,27,89,1.318182
5359,729,730,794,882,267,52,10,16,36,74,42,1,65,153,4.625000
5360,729,730,814,830,573,73,1,12,58,14,28,1,85,101,1.166667
5361,729,730,749,785,364,10,8,31,18,35,2,1,20,56,1.129032
5362,729,730,748,802,156,16,19,26,12,38,22,1,19,73,1.461538
5363,730,731,744,784,322,11,23,15,9,29,15,1,14,54,1.933333
5364,730,731,789,841,180,50,14,32,42,42,26,1,59,111,1.312500
5365,730,732,771,858,430,11,14,29,17,77,20,2,41,128,2.655172
5366,731,732,741,833,255,2,15,23,9,63,29,1,10,102,2.739130
5367,731,732,733,814,143,0,1,52,1,72,9,1,2,83,1.384615
5368,731,732,773,808,540,38,20,19,23,19,34,1,42,77,1.000000
5369,731,732,742,833,252,9,4,30,9,74,18,1,11,102,2.466667
5370,731,732,794,819,71,30,11,16,42,22,23,1,63,88,1.375000
5371,731,732,798,826,212,48,11,19,49,25,20,1,67,95,1.315789
5372,731,-1,-1,-1,-1,0,-1,27,0,0,0,-1,-1,-1,0.000000
5373,732,733,758,829,401,17,5,11,20,51,25,1,26,97,4.636364
5374,732,733,736,818,332,0,3,39,3,71,11,1,4,86,1.820513
5375,732,733,784,868,255,33,16,25,36,63,35,1,52,136,2.520000
5376,732,733,827,899,47,79,12,30,53,56,57,1,95,167,1.866667
5377,732,733,823,842,508,77,5,12,56,16,37,1,91,110,1.333333
5378,732,733,741,824,469,7,15,31,5,65,21,1,9,92,2.096774
5379,733,734,770,830,116,32,16,43,30,59,7,1,37,97,1.372093
5380,733,-1,-1,-1,-1,0,-1,46,0,0,0,-1,-1,-1,0.000000
5381,733,734,757,805,594,10,6,25,19,41,11,1,24,72,1.640000
5382,733,734,734,796,346,0,0,30,0,44,18,1,1,63,1.466667
5383,734,735,736,786,104,1,3,20,1,32,18,1,2,52,1.600000
5384,734,735,763,773,260,20,2,10,26,10,2,1,29,39,1.000000
5385,734,735,828,891,536,72,15,47,72,57,26,1,94,157,1.212766
5386,734,735,763,814,40,23,7,23,22,47,10,1,29,80,2.043478
5387,734,735,749,846,255,11,13,25,9,73,29,1,15,112,2.920000
5388,734,735,745,766,205,4,8,17,8,19,4,1,11,32,1.117647
5389,734,735,824,900,563,57,15,31,48,69,33,1,90,166,2.225806
5390,734,735,837,915,146,89,16,25,56,63,61,1,103,181,2.520000
5391,735,736,751,839,90,10,14,22,12,58,33,1,16,104,2.636364
5392,735,-1,-1,-1,-1,0,-1,65,0,0,0,-1,-1,-1,0.000000
5393,735,736,793,849,44,49,21,43,40,49,24,1,58,114,1.139535
5394,735,736,773,830,537,21,15,27,22,51,16,1,38,95,1.888889
5395,735,736,744,824,110,6,6,21,5,47,36,1,9,89,2.238095
5396,735,736,738,794,4,2,11,29,1,51,6,1,3,59,1.758621
5397,736,737,757,834,231,15,14,43,14,61,22,1,21,98,1.418605
5398,736,737,790,873,225,33,2,27,37,71,28,1,54,137,2.629630
5399,736,785,956,-1,595,67,18,45,71,43,29,49,220,-1,0.955556
5400,736,737,762,794,517,7,6,26,14,30,4,1,26,58,1.153846
5401,736,737,751,827,352,5,5,25,13,63,13,1,15,91,2.520000
5402,736,737,749,768,480,8,21,15,10,15,6,1,13,32,1.000000
5403,736,737,797,889,255,41,12,32,37,80,35,1,61,153,2.500000
5404,736,737,743,827,278,3,10,36,4,72,14,1,7,91,2.000000
5405,736,737,-1,-1,39,203,15,41,165,0,98,1,-1,-1,0.000000
5406,737,738,744,799,255,2,11,20,6,52,3,1,7,62,2.600000
5407,737,853,869,929,117,11,9,48,12,54,10,116,132,192,1.125000
5408,737,-1,-1,-1,-1,0,-1,11,0,0,0,-1,-1,-1,0.000000
5409,737,738,773,838,357,22,13,28,21,52,27,1,36,101,1.857143
5410,737,738,831,894,172,74,21,44,61,56,39,1,94,157,1.272727
5411,737,738,752,810,310,10,21,18,12,40,20,1,15,73,2.222222
5412,737,738,755,810,90,4,13,18,14,42,16,1,18,73,2.333333
5413,738,739,909,952,88,151,17,12,107,28,78,1,171,214,2.333333
5414,738,739,767,792,395,17,11,14,23,16,14,1,29,54,1.142857
5415,738,739,741,779,110,2,2,30,2,38,0,1,3,41,1.266667
5416,739,808,811,854,92,0,3,37,3,43,0,69,72,115,1.162162
5417,739,-1,-1,-1,-1,0,-1,30,0,0,0,-1,-1,-1,0.000000
5418,739,740,748,829,199,1,14,23,7,61,21,1,9,90,2.652174
5419,739,740,795,853,221,48,10,36,42,48,23,1,56,114,1.333333
5420,739,740,751,800,28,9,20,17,5,29,26,1,12,61,1.705882
5421,740,741,759,809,328,18,10,21,12,33,23,1,19,69,1.571429
5422,740,741,761,801,28,11,20,24,11,38,11,1,21,61,1.583333
5423,740,741,768,851,101,16,18,33,16,75,19,1,28,111,2.272727
5424,740,741,742,826,352,0,1,32,1,68,16,1,2,86,2.125000
5425,740,741,843,933,475,86,21,45,60,79,53,1,103,193,1.755556
5426,740,741,750,821,296,7,12,19,6,31,43,1,10,81,1.631579
5427,740,741,753,806,522,10,20,24,8,42,15,1,13,66,1.750000
5428,740,741,775,837,113,32,11,31,25,57,14,1,35,97,1.838710
5429,741,767,807,878,595,25,11,48,16,66,21,26,66,137,1.375000
5430,741,742,745,811,469,3,11,34,2,56,11,1,4,70,1.647059
5431,741,756,759,816,181,0,3,33,3,41,16,15,18,75,1.242424
5432,741,742,783,858,162,30,7,39,31,73,12,1,42,117,1.871795
5433,741,742,779,825,314,35,14,27,27,39,17,1,38,84,1.444444
5434,741,742,791,874,275,43,4,42,37,72,23,1,50,133,1.714286
5435,741,742,820,857,522,64,20,26,52,34,29,1,79,116,1.307692
5436,741,788,901,980,595,11,18,61,18,77,6,47,160,239,1.262295
5437,742,743,836,903,291,78,20,48,67,60,33,1,94,161,1.250000
5438,743,744,792,872,450,39,16,49,30,73,25,1,49,129,1.489796
5439,743,-1,-1,-1,-1,0,-1,51,0,0,0,-1,-1,-1,0.000000
5440,743,-1,-1,-1,-1,0,-1,58,0,0,0,-1,-1,-1,0.000000
5441,743,753,758,820,243,0,5,41,5,49,13,10,15,77,1.195122
5442,743,744,747,806,330,3,12,45,3,49,10,1,4,63,1.088889
5443,743,748,767,846,468,10,11,29,16,65,17,5,24,103,2.241379
5444,743,744,753,827,88,0,8,17,8,49,26,1,10,84,2.882353
5445,743,-1,-1,-1,-1,0,-1,49,0,0,0,-1,-1,-1,0.000000
5446,743,744,757,816,365,9,11,30,11,50,11,1,14,73,1.666667
5447,744,745,751,797,410,6,23,35,3,41,8,1,7,53,1.171429
5448,744,745,808,883,39,46,12,41,44,71,22,1,64,139,1.731707
5449,744,745,746,765,255,0,1,16,1,18,1,1,2,21,1.125000
5450,744,745,-1,-1,441,229,4,40,177,0,78,1,-1,-1,0.000000
5451,744,745,767,828,541,11,10,18,17,42,24,1,23,84,2.333333
5452,745,746,756,809,321,10,6,38,7,44,12,1,11,64,1.157895
5453,745,746,825,878,298,60,16,27,61,49,22,1,80,133,1.814815
5454,745,746,759,827,206,12,1,30,9,52,20,1,14,82,1.733333
5455,745,746,810,845,382,52,19,15,39,31,29,1,65,100,2.066667
5456,745,746,746,784,132,0,0,7,0,29,9,1,1,39,4.142857
5457,745,749,772,854,205,8,13,32,10,60,25,4,27,109,1.875000
5458,746,824,836,910,229,8,2,42,11,60,15,78,90,164,1.428571
5459,746,747,747,785,454,0,0,25,0,35,3,1,1,39,1.400000
5460,746,775,881,961,596,30,3,44,29,70,30,29,135,215,1.590909
5461,746,747,766,814,272,17,21,44,11,48,8,1,20,68,1.090909
5462,746,827,842,926,183,10,2,36,13,50,36,81,96,180,1.388889
5463,746,747,776,809,245,24,9,17,22,27,13,1,30,63,1.588235
5464,746,-1,-1,-1,-1,0,-1,50,0,0,0,-1,-1,-1,0.000000
5465,747,748,798,853,221,38,11,25,40,49,16,1,51,106,1.960000
5466,747,-1,-1,-1,-1,0,-1,50,0,0,0,-1,-1,-1,0.000000
5467,747,748,765,843,243,11,6,52,13,68,13,1,18,96,1.307692
5468,747,748,850,947,118,72,9,17,68,63,68,1,103,200,3.705882
5469,747,748,758,818,45,3,2,28,10,38,22,1,11,71,1.357143
5470,747,748,757,839,310,7,11,52,7,76,8,1,10,92,1.461538
5471,747,748,770,831,56,17,12,25,17,55,11,1,23,84,2.200000
5472,748,749,778,843,382,24,17,41,14,59,21,1,30,95,1.439024
5473,748,749,862,940,146,90,21,34,83,76,32,1,114,192,2.235294
5474,748,749,885,920,416,118,11,28,80,34,57,1,137,172,1.214286
5475,748,749,-1,-1,4,113,5,48,79,0,62,1,-1,-1,0.000000
5476,749,750,766,795,356,9,8,23,15,25,5,1,17,46,1.086957
5477,749,750,801,883,107,39,21,39,35,63,35,1,52,134,1.615385
5478,750,751,838,904,291,73,13,51,65,61,27,1,88,154,1.196078
5479,750,751,778,807,448,22,21,15,19,17,20,1,28,57,1.133333
5480,750,828,828,888,357,0,0,41,0,53,7,78,78,138,1.292683
5481,750,751,751,824,190,0,0,35,0,53,20,1,1,74,1.514286
5482,750,751,769,852,510,14,22,24,11,54,36,1,19,102,2.250000
5483,750,785,-1,-1,97,0,15,54,1,0,0,35,-1,-1,0.000000
5484,751,752,756,821,6,3,15,51,3,59,7,1,5,70,1.156863
5485,751,752,794,814,385,28,22,7,28,17,17,1,43,63,2.428571
5486,751,752,839,897,146,71,21,30,57,44,44,1,88,146,1.466667
5487,751,752,755,763,56,1,13,8,3,8,0,1,4,12,1.000000
5488,751,752,774,846,477,16,11,24,18,50,26,1,23,95,2.083333
5489,751,752,783,807,541,14,9,21,24,23,7,1,32,56,1.095238
5490,751,752,754,834,290,0,2,29,2,55,25,1,3,83,1.896552
5491,751,752,753,810,70,0,1,19,1,43,14,1,2,59,2.263158
5492,752,753,785,849,284,26,11,38,23,62,11,1,33,97,1.631579
5493,752,-1,-1,-1,-1,0,-1,64,0,0,0,-1,-1,-1,0.000000
5494,752,753,770,852,448,14,22,46,12,78,9,1,18,100,1.695652
5495,752,753,767,813,108,10,5,42,6,46,8,1,15,61,1.095238
5496,753,754,783,820,296,21,18,23,23,25,18,1,30,67,1.086957
5497,753,754,760,811,277,3,6,21,6,37,14,1,7,58,1.761905
5498,753,754,760,781,310,5,6,20,6,20,1,1,7,28,1.000000
5499,753,754,785,838,138,23,18,29,19,49,16,1,32,85,1.689655
5500,753,754,755,779,419,0,1,13,1,17,7,1,2,26,1.307692
5501,754,755,770,868,591,11,17,36,12,72,29,1,16,114,2.000000
5502,754,755,774,799,278,3,7,15,17,19,8,1,20,45,1.266667
5503,754,755,794,844,124,22,12,35,21,41,19,1,40,90,1.171429
5504,754,755,768,848,29,6,10,35,8,69,16,1,14,94,1.971429
5505,755,756,789,851,267,27,8,11,20,45,30,1,34,96,4.090909
5506,755,756,761,776,404,1,9,14,4,14,2,1,6,21,1.000000
5507,755,756,777,814,477,13,7,19,15,29,14,1,22,59,1.526316
5508,755,-1,-1,-1,-1,0,-1,50,0,0,0,-1,-1,-1,0.000000
5509,755,756,792,869,516,25,17,38,27,74,12,1,37,114,1.947368
5510,755,756,818,885,183,37,18,29,36,45,41,1,63,130,1.551724
5511,756,757,806,870,6,34,16,22,41,44,28,1,50,114,2.000000
5512,756,757,788,863,453,23,3,28,28,64,14,1,32,107,2.285714
5513,756,757,765,838,416,6,13,20,7,46,28,1,9,82,2.300000
5514,756,757,811,860,469,31,13,26,32,40,29,1,55,104,1.538462
5515,756,757,829,892,415,57,9,45,46,59,30,1,73,136,1.311111
5516,757,758,762,864,350,2,20,32,1,68,37,1,5,107,2.125000
5517,757,758,768,820,108,5,5,32,2,42,18,1,11,63,1.312500
5518,757,758,931,-1,102,60,17,52,57,62,27,1,174,-1,1.192308
5519,757,758,812,829,421,44,5,12,36,16,19,1,55,72,1.333333
5520,757,758,811,870,205,31,14,29,31,47,33,1,54,113,1.620690
5521,757,758,766,834,404,4,8,29,8,65,3,1,9,77,2.241379
5522,757,758,853,950,595,68,11,35,51,71,58,1,96,193,2.028571
5523,758,759,762,839,284,2,3,19,3,63,14,1,4,81,3.315789
5524,758,759,786,861,157,24,20,33,18,59,25,1,28,103,1.787879
5525,758,759,790,860,374,25,16,16,24,42,35,1,32,102,2.625000
5526,758,759,778,814,124,13,8,23,12,33,10,1,20,56,1.434783
5527,758,759,892,958,397,98,13,47,102,61,32,1,134,200,1.297872
5528,758,759,768,822,571,8,12,36,5,50,8,1,10,64,1.388889
5529,758,759,789,833,457,23,13,28,26,36,11,1,31,75,1.285714
5530,758,-1,-1,-1,-1,0,-1,48,0,0,0,-1,-1,-1,0.000000
5531,759,760,793,866,259,24,8,36,21,62,23,1,34,107,1.722222
5532,759,760,835,894,108,38,5,40,47,50,22,1,76,135,1.250000
5533,759,760,803,831,590,24,2,16,24,20,27,1,44,72,1.250000
5534,759,760,775,849,135,13,19,24,12,68,9,1,16,90,2.833333
5535,759,760,772,796,397,6,12,15,10,19,7,1,13,37,1.266667
5536,759,760,774,805,74,3,15,11,13,23,9,1,15,46,2.090909
5537,759,760,772,831,595,5,13,25,10,47,14,1,13,72,1.880000
5538,759,760,888,973,47,99,9,19,87,47,79,1,129,214,2.473684
5539,759,760,766,847,226,3,6,36,6,72,9,1,7,88,2.000000
5540,760,761,842,891,191,61,18,41,46,43,28,1,82,131,1.048780
5541,760,761,762,835,411,1,20,39,0,71,3,1,2,75,1.820513
5542,760,761,855,937,450,70,17,30,60,72,40,1,95,177,2.400000
5543,761,762,770,835,466,4,7,27,7,55,11,1,9,74,2.037037
5544,761,762,775,793,397,8,12,16,12,18,1,1,14,32,1.125000
5545,761,762,848,940,82,70,20,29,69,75,34,1,87,179,2.586207
5546,761,762,778,801,269,6,15,16,11,22,6,1,17,40,1.375000
5547,761,762,871,943,357,89,23,42,67,56,58,1,110,182,1.333333
5548,761,762,786,834,50,17,14,28,18,42,12,1,25,73,1.500000
5549,762,-1,-1,-1,-1,0,-1,51,0,0,0,-1,-1,-1,0.000000
5550,762,763,773,801,382,7,22,13,7,19,12,1,11,39,1.461538
5551,763,764,-1,-1,199,176,18,61,157,0,71,1,-1,-1,0.000000
5552,763,764,771,850,416,5,17,31,4,63,19,1,8,87,2.032258
5553,763,764,785,818,116,10,15,15,14,25,15,1,22,55,1.666667
5554,763,764,782,851,207,13,6,35,14,67,6,1,19,88,1.914286
5555,763,764,769,863,130,1,7,42,4,76,19,1,6,100,1.809524
5556,763,764,782,848,388,10,11,37,14,49,21,1,19,85,1.324324
5557,763,764,851,926,502,37,21,54,29,72,23,1,88,163,1.333333
5558,763,764,790,866,74,15,14,18,15,60,27,1,27,103,3.333333
5559,764,765,769,818,363,0,3,31,3,45,5,1,5,54,1.451613
5560,764,773,786,845,583,7,16,41,10,57,3,9,22,81,1.390244
5561,764,765,788,833,208,15,4,19,19,41,8,1,24,69,2.157895
5562,764,765,766,825,51,0,1,26,1,54,5,1,2,61,2.076923
5563,764,765,773,856,427,8,15,46,6,64,21,1,9,92,1.391304
5564,765,766,785,859,423,13,11,40,13,64,16,1,20,94,1.600000
5565,765,766,767,783,32,0,1,14,1,14,2,1,2,18,1.000000
5566,765,766,789,826,414,10,7,22,23,32,5,1,24,61,1.454545
5567,765,766,767,791,305,1,4,14,1,20,4,1,2,26,1.428571
5568,765,766,796,851,205,20,12,17,25,29,31,1,31,86,1.705882
5569,765,766,778,867,83,7,7,33,10,79,12,1,13,102,2.393939
5570,765,766,828,875,452,45,4,25,49,35,25,1,63,110,1.400000
5571,765,829,829,845,183,0,0,13,0,15,1,64,64,80,1.153846
5572,765,766,783,822,86,12,3,12,17,26,13,1,18,57,2.166667
5573,765,766,981,-1,285,130,7,34,133,17,84,1,216,-1,0.500000
5574,766,767,800,840,6,16,15,25,27,35,10,1,34,74,1.400000
5575,766,767,807,820,28,18,13,12,36,12,5,1,41,54,1.000000
5576,766,767,999,-1,450,163,12,49,136,1,62,1,233,-1,0.020408
5577,766,767,778,799,89,4,1,19,11,19,2,1,12,33,1.000000
5578,766,767,771,852,397,3,7,32,4,74,7,1,5,86,2.312500
5579,766,767,770,809,208,3,4,19,3,35,4,1,4,43,1.842105
5580,767,768,771,825,124,0,3,39,3,49,5,1,4,58,1.256410
5581,767,768,771,819,182,2,3,27,2,37,12,1,4,52,1.370370
5582,767,768,768,785,89,0,0,12,0,16,1,1,1,18,1.333333
5583,767,768,802,871,350,32,11,56,27,66,10,1,35,104,1.178571
5584,767,768,875,939,412,25,12,47,32,55,21,1,108,172,1.170213
5585,767,768,787,839,426,15,14,43,17,49,5,1,20,72,1.139535
5586,767,768,818,863,53,44,18,36,34,38,23,1,51,96,1.055556
5587,767,768,779,826,450,8,14,26,9,40,9,1,12,59,1.538462
5588,767,768,778,841,199,8,16,20,8,44,21,1,11,74,2.200000
5589,768,769,812,875,29,27,8,24,27,52,24,1,44,107,2.166667
5590,768,769,780,809,342,10,8,25,8,27,5,1,12,41,1.080000
5591,768,769,774,839,583,4,11,23,4,53,13,1,6,71,2.304348
5592,768,769,775,827,54,2,2,19,6,37,15,1,7,59,1.947368
5593,768,769,776,838,476,3,4,20,5,42,22,1,8,70,2.100000
5594,768,769,795,803,347,21,21,8,13,8,13,1,27,35,1.000000
5595,769,770,771,802,102,0,1,20,1,28,3,1,2,33,1.400000
5596,769,770,942,-1,427,148,7,41,112,52,66,1,173,-1,1.268293
5597,769,770,775,833,62,5,10,29,3,45,15,1,6,64,1.551724
5598,769,770,786,819,302,5,26,11,14,21,14,1,17,50,1.909091
5599,769,770,772,822,210,0,2,29,2,39,11,1,3,53,1.344828
5600,770,771,931,985,242,133,2,28,116,48,50,1,161,215,1.714286
5601,770,771,772,869,168,1,14,24,1,70,27,1,2,99,2.916667
5602,770,771,781,798,146,6,16,9,4,11,12,1,11,28,1.222222
5603,770,771,798,861,415,22,9,53,23,61,6,1,28,91,1.150943
5604,770,771,847,893,117,58,10,23,62,31,29,1,77,123,1.347826
5605,770,771,787,859,388,3,4,29,15,55,18,1,17,89,1.896552
5606,770,771,782,848,72,10,12,47,11,55,11,1,12,78,1.170213
5607,771,772,806,846,366,24,11,25,21,33,20,1,35,75,1.320000
5608,771,773,788,850,519,7,11,26,7,46,19,2,17,79,1.769231
5609,771,776,852,911,490,33,14,29,34,43,47,5,81,140,1.482759
5610,771,772,776,836,320,0,3,16,3,46,15,1,5,65,2.875000
5611,771,772,806,849,44,23,3,21,23,39,15,1,35,78,1.857143
5612,771,772,791,849,333,19,21,24,11,50,16,1,20,78,2.083333
5613,771,772,822,864,382,42,14,21,38,35,19,1,51,93,1.666667
5614,771,777,935,-1,307,68,18,47,56,62,40,6,164,-1,1.319149
5615,771,772,799,833,222,24,25,17,17,23,21,1,28,62,1.352941
5616,772,773,834,892,301,44,16,40,45,50,24,1,62,120,1.250000
5617,772,830,830,883,417,0,0,28,0,40,13,58,58,111,1.428571
5618,772,773,847,908,319,61,15,48,53,60,22,1,75,136,1.250000
5619,772,773,808,832,498,20,7,20,25,22,12,1,36,60,1.100000
5620,772,773,780,846,331,6,9,18,7,48,18,1,8,74,2.666667
5621,772,773,780,847,47,4,7,20,5,46,23,1,8,75,2.300000
5622,772,773,792,854,129,7,2,23,15,47,19,1,20,82,2.043478
5623,773,774,804,879,117,23,9,43,23,75,7,1,31,106,1.744186
5624,773,774,810,862,65,21,11,11,26,39,23,1,37,89,3.545455
5625,773,774,797,832,154,21,21,14,15,22,21,1,24,59,1.571429
5626,773,774,776,830,128,2,9,38,2,52,2,1,3,57,1.368421
5627,773,774,808,833,24,24,20,19,21,25,13,1,35,60,1.315789
5628,773,774,790,851,43,13,16,43,13,55,9,1,17,78,1.279070
5629,773,774,939,-1,285,131,2,49,98,56,72,1,166,-1,1.142857
5630,773,774,821,863,427,42,5,33,36,39,14,1,48,90,1.181818
5631,773,774,790,855,200,11,15,36,12,50,19,1,17,82,1.388889
5632,773,926,-1,-1,598,11,6,55,16,0,8,153,-1,-1,0.000000
5633,774,775,843,875,294,48,9,21,41,25,34,1,69,101,1.190476
5634,774,775,811,831,427,27,4,13,19,17,20,1,37,57,1.307692
5635,774,-1,-1,-1,-1,0,-1,52,0,0,0,-1,-1,-1,0.000000
5636,774,775,810,902,236,27,17,33,25,75,27,1,36,128,2.272727
5637,774,-1,-1,-1,-1,0,-1,65,0,0,0,-1,-1,-1,0.000000
5638,774,824,855,923,208,3,3,27,21,59,10,50,81,149,2.185185
5639,774,775,775,824,129,0,0,27,0,37,12,1,1,50,1.370370
5640,775,776,784,843,472,3,5,25,7,49,11,1,9,68,1.960000
5641,775,776,814,908,465,23,18,39,16,77,30,1,39,133,1.974359
5642,775,776,861,965,476,59,1,37,59,85,45,1,86,190,2.297297
5643,775,777,833,897,547,41,13,49,41,63,13,2,58,122,1.285714
5644,775,776,781,843,215,1,6,33,5,49,13,1,6,68,1.484848
5645,775,-1,-1,-1,-1,0,-1,15,0,0,0,-1,-1,-1,0.000000
5646,775,776,850,913,223,61,5,41,52,59,26,1,75,138,1.439024
5647,775,776,793,810,6,10,13,17,15,17,2,1,18,35,1.000000
5648,776,777,789,873,60,9,10,19,10,63,23,1,13,97,3.315789
5649,776,781,865,905,120,29,11,29,36,35,11,5,89,129,1.206897
5650,776,777,795,856,301,4,19,22,15,44,20,1,19,80,2.000000
5651,776,777,784,867,448,7,7,34,5,62,23,1,8,91,1.823529
5652,776,788,792,809,120,0,4,17,4,17,0,12,16,33,1.000000
5653,776,777,778,849,463,1,7,34,0,68,4,1,2,73,2.000000
5654,776,777,-1,-1,160,186,19,53,151,0,72,1,-1,-1,0.000000
5655,776,777,808,833,399,21,21,12,24,22,10,1,32,57,1.833333
5656,776,777,909,995,380,102,21,24,98,58,62,1,133,219,2.416667
5657,776,777,838,901,136,44,18,26,46,44,34,1,62,125,1.692308
5658,776,830,836,907,296,1,9,34,6,58,13,54,60,131,1.705882
5659,777,778,779,812,316,1,14,18,1,26,7,1,2,35,1.444444
5660,777,-1,-1,-1,-1,0,-1,44,0,0,0,-1,-1,-1,0.000000
5661,777,778,980,-1,136,154,17,58,134,19,64,1,203,-1,0.327586
5662,777,778,805,879,398,19,14,38,23,70,8,1,28,102,1.842105
5663,777,778,838,902,295,40,13,16,37,42,45,1,61,125,2.625000
5664,777,778,781,832,475,3,15,21,1,35,18,1,4,55,1.666667
5665,778,779,785,832,548,4,6,23,5,37,11,1,7,54,1.608696
5666,778,779,787,860,223,4,9,31,8,57,16,1,9,82,1.838710
5667,778,779,783,799,426,1,9,15,4,15,1,1,5,21,1.000000
5668,778,779,779,854,101,0,0,26,0,56,19,1,1,76,2.153846
5669,779,812,-1,-1,95,3,9,46,5,0,0,33,-1,-1,0.000000
5670,779,-1,-1,-1,-1,0,-1,54,0,0,0,-1,-1,-1,0.000000
5671,779,820,827,850,208,2,7,18,7,22,1,41,48,71,1.222222
5672,779,780,784,831,154,3,13,26,4,42,5,1,5,52,1.615385
5673,779,780,790,840,41,5,11,31,6,43,11,1,11,61,1.387097
5674,779,780,839,862,6,36,12,16,45,20,17,1,60,83,1.250000
5675,779,785,797,830,310,4,8,27,11,31,3,6,18,51,1.148148
5676,780,781,814,857,522,27,11,13,20,31,25,1,34,77,2.384615
5677,780,781,-1,-1,134,161,23,23,141,0,78,1,-1,-1,0.000000
5678,780,781,813,905,94,26,13,24,29,72,23,1,33,125,3.000000
5679,780,781,798,890,512,17,17,55,10,89,10,1,18,110,1.618182
5680,780,781,785,827,48,1,5,17,3,31,12,1,5,47,1.823529
5681,781,782,856,922,294,61,3,31,46,53,41,1,75,141,1.709677
5682,781,782,800,838,214,15,16,24,12,36,8,1,19,57,1.500000
5683,781,782,945,-1,504,133,13,42,108,44,66,1,164,-1,1.047619
5684,782,783,821,861,309,31,23,15,29,25,24,1,39,79,1.666667
5685,782,783,814,889,488,23,14,53,27,69,10,1,32,107,1.301887
5686,782,783,807,846,204,18,15,25,18,31,14,1,25,64,1.240000
5687,783,784,789,857,48,2,3,47,5,65,3,1,6,74,1.382979
5688,783,784,792,843,245,6,14,35,5,45,9,1,9,60,1.285714
5689,783,784,847,921,263,42,9,33,39,61,37,1,64,138,1.848485
5690,783,784,787,856,426,0,3,32,3,50,19,1,4,73,1.562500
5691,783,784,790,864,105,6,5,40,6,66,8,1,7,81,1.650000
5692,784,785,804,834,41,13,10,11,13,25,11,1,20,50,2.272727
5693,784,785,809,853,219,16,6,31,16,39,13,1,25,69,1.258065
5694,784,785,794,819,35,0,5,10,7,12,15,1,10,35,1.200000
5695,784,785,836,898,74,29,4,24,39,50,24,1,52,114,2.083333
5696,784,785,785,852,253,0,0,27,0,65,2,1,1,68,2.407407
5697,784,785,799,847,267,12,8,31,5,41,16,1,15,63,1.322581
5698,784,785,803,865,62,3,12,26,13,52,15,1,19,81,2.000000
5699,784,785,785,842,156,0,0,25,0,41,16,1,1,58,1.640000
5700,785,786,807,844,30,17,9,30,13,32,13,1,22,59,1.066667
5701,785,786,791,865,236,4,10,23,3,61,15,1,6,80,2.652174
5702,785,791,808,860,236,15,14,30,9,48,12,6,23,75,1.600000
5703,785,786,842,912,24,42,19,57,35,65,26,1,57,127,1.140351
5704,785,788,-1,-1,539,0,5,54,2,0,0,3,-1,-1,0.000000
5705,785,786,807,849,219,17,5,28,12,36,15,1,22,64,1.285714
5706,786,787,809,865,77,19,9,15,16,35,27,1,23,79,2.333333
5707,786,-1,-1,-1,-1,0,-1,51,0,0,0,-1,-1,-1,0.000000
5708,786,787,905,958,409,94,13,30,76,46,49,1,119,172,1.533333
5709,786,787,844,905,55,20,24,14,51,40,27,1,58,119,2.857143
5710,786,787,798,813,377,6,21,9,7,13,6,1,12,27,1.444444
5711,786,787,879,970,297,71,18,39,62,85,36,1,93,184,2.179487
5712,786,-1,-1,-1,-1,0,-1,43,0,0,0,-1,-1,-1,0.000000
5713,786,787,806,867,366,15,2,26,16,54,10,1,20,81,2.076923
5714,787,788,792,840,30,3,8,28,3,44,5,1,5,53,1.571429
5715,787,788,856,912,193,46,16,38,50,52,22,1,69,125,1.368421
5716,787,788,804,871,121,16,3,37,10,57,16,1,17,84,1.540541
5717,787,788,808,816,438,8,12,8,15,8,5,1,21,29,1.000000
5718,787,788,822,884,463,31,7,32,25,56,15,1,35,97,1.750000
5719,788,789,791,816,97,1,14,17,1,23,3,1,3,28,1.352941
5720,789,790,888,967,116,37,10,38,44,64,30,1,99,178,1.684211
5721,789,790,801,882,126,4,4,14,9,66,17,1,12,93,4.714286
5722,789,790,796,841,219,6,5,20,5,34,12,1,7,52,1.700000
5723,789,790,792,802,353,0,2,7,2,7,3,1,3,13,1.000000
5724,789,800,915,980,184,54,17,57,44,63,23,11,126,191,1.105263
5725,790,791,795,869,6,0,4,24,4,58,16,1,5,79,2.416667
5726,790,791,810,867,362,16,5,11,10,47,19,1,20,77,4.272727
5727,790,791,832,891,351,31,14,40,20,52,28,1,42,101,1.300000
5728,790,791,869,901,479,29,5,14,44,28,38,1,79,111,2.000000
5729,790,791,808,867,295,13,6,28,12,44,20,1,18,77,1.571429
5730,790,791,797,854,22,2,5,28,6,36,21,1,7,64,1.285714
5731,790,791,850,928,16,43,13,37,41,65,30,1,60,138,1.756757
5732,791,793,810,866,77,14,17,29,10,43,20,2,19,75,1.482759
5733,791,792,798,850,521,1,10,36,6,46,6,1,7,59,1.277778
5734,791,792,800,892,238,8,10,48,8,80,12,1,9,101,1.666667
5735,791,792,986,-1,164,156,18,46,124,14,70,1,195,-1,0.304348
5736,791,792,844,892,524,46,13,34,35,38,27,1,53,101,1.117647
5737,791,792,797,858,89,1,5,41,5,55,6,1,6,67,1.341463
5738,792,793,836,921,28,13,7,25,36,55,37,1,44,129,2.200000
5739,792,793,838,870,569,33,14,26,24,28,25,1,46,78,1.076923
5740,792,793,896,958,17,81,19,41,86,51,28,1,104,166,1.243902
5741,792,793,821,882,241,21,14,45,17,57,15,1,29,90,1.266667
5742,792,793,794,815,104,0,1,11,1,15,6,1,2,23,1.363636
5743,792,831,834,872,487,1,2,20,3,34,4,39,42,80,1.700000
5744,792,793,793,811,542,0,0,10,0,14,4,1,1,19,1.400000
5745,792,793,812,858,146,15,17,14,13,36,16,1,20,66,2.571429
5746,792,793,971,-1,127,124,14,49,99,27,55,1,179,-1,0.551020
5747,792,793,813,860,76,14,13,25,15,45,7,1,21,68,1.800000
5748,792,793,803,878,531,6,9,31,10,57,18,1,11,86,1.838710
5749,793,796,824,862,234,17,16,15,19,31,16,3,31,69,2.066667
5750,793,794,852,868,179,48,20,9,41,11,22,1,59,75,1.222222
5751,793,794,-1,-1,135,161,19,34,156,0,50,1,-1,-1,0.000000
5752,793,794,794,849,60,0,0,9,0,33,22,1,1,56,3.666667
5753,793,794,799,864,89,0,3,36,5,56,9,1,6,71,1.555556
5754,793,794,841,907,252,32,19,39,36,57,20,1,48,114,1.461538
5755,794,795,916,983,470,95,17,34,85,60,41,1,122,189,1.764706
5756,794,828,850,921,400,0,3,31,8,55,16,34,56,127,1.774194
5757,794,795,812,900,64,14,11,36,16,74,15,1,18,106,2.055556
5758,794,795,803,879,347,7,8,36,7,62,15,1,9,85,1.722222
5759,794,795,807,872,105,5,5,29,12,55,10,1,13,78,1.896552
5760,794,795,835,872,455,25,13,18,31,28,18,1,41,78,1.555556
5761,794,795,838,918,62,26,14,32,27,70,20,1,44,124,2.187500
5762,795,796,843,881,361,35,11,33,37,37,11,1,48,86,1.121212
5763,795,796,838,917,383,29,13,22,30,44,47,1,43,122,2.000000
5764,795,796,811,876,464,12,18,34,15,50,15,1,16,81,1.470588
5765,795,829,866,910,296,22,10,40,29,44,2,34,71,115,1.100000
5766,795,829,891,960,365,36,18,52,33,66,22,34,96,165,1.269231
5767,795,796,842,919,154,20,6,15,32,61,30,1,47,124,4.066667
5768,796,797,860,941,552,53,1,21,46,51,47,1,64,145,2.428571
5769,796,797,999,-1,5,167,1,34,133,1,69,1,203,-1,0.029412
5770,796,-1,-1,-1,-1,0,-1,58,0,0,0,-1,-1,-1,0.000000
5771,797,798,864,894,154,44,8,18,50,20,26,1,67,97,1.111111
5772,797,798,829,883,105,15,2,25,31,37,17,1,32,86,1.480000
5773,797,798,819,859,410,18,20,32,16,36,9,1,22,62,1.125000
5774,797,798,820,874,487,16,17,30,18,54,4,1,23,77,1.800000
5775,798,799,800,831,587,1,6,23,1,25,6,1,2,33,1.086957
5776,798,799,807,876,454,1,10,46,6,62,8,1,9,78,1.347826
5777,798,799,900,960,308,85,21,47,75,57,29,1,102,162,1.212766
5778,799,800,824,877,271,12,17,28,20,42,15,1,25,78,1.500000
5779,799,800,801,837,127,1,9,35,1,35,1,1,2,38,1.000000
5780,799,800,814,849,100,6,9,17,9,23,17,1,15,50,1.352941
5781,799,800,896,978,20,62,11,32,66,70,42,1,97,179,2.187500
5782,799,800,922,-1,370,81,17,23,83,54,63,1,123,-1,2.347826
5783,799,800,802,881,530,1,11,37,2,59,20,1,3,82,1.594595
5784,799,800,843,950,8,34,21,40,22,72,54,1,44,151,1.800000
5785,799,800,830,865,13,22,3,24,23,32,10,1,31,66,1.333333
5786,799,800,818,880,164,10,22,47,13,55,12,1,19,81,1.170213
5787,799,800,853,941,154,34,7,19,31,53,57,1,54,142,2.789474
5788,799,800,800,825,105,0,0,13,0,21,4,1,1,26,1.615385
5789,799,800,834,898,155,23,17,36,25,44,29,1,35,99,1.222222
5790,799,800,802,840,43,1,5,15,2,31,7,1,3,41,2.066667
5791,799,800,953,-1,147,124,4,34,108,41,51,1,154,-1,1.205882
5792,800,-1,-1,-1,-1,0,-1,33,0,0,0,-1,-1,-1,0.000000
5793,800,801,805,866,159,0,4,21,4,43,18,1,5,66,2.047619
5794,800,801,801,870,399,0,0,43,0,65,4,1,1,70,1.511628
5795,801,802,874,939,356,49,9,38,51,56,22,1,73,138,1.473684
5796,801,803,857,934,345,11,10,31,26,53,28,2,56,133,1.709677
5797,801,802,868,975,528,15,13,54,12,86,28,1,67,174,1.592593
5798,801,802,824,861,262,3,12,25,10,35,3,1,23,60,1.400000
5799,801,802,895,936,458,58,4,22,59,32,43,1,94,135,1.454545
5800,801,802,845,934,367,22,21,31,32,63,37,1,44,133,2.032258
5801,801,802,803,867,193,1,12,47,1,61,3,1,2,66,1.297872
5802,802,805,835,891,556,5,12,27,7,41,18,3,33,89,1.518519
5803,802,803,843,881,439,33,20,30,18,32,28,1,41,79,1.066667
5804,802,803,809,836,2,3,15,13,5,21,7,1,7,34,1.615385
5805,802,803,816,833,273,8,5,15,10,17,3,1,14,31,1.133333
5806,802,803,867,929,428,27,18,38,38,48,32,1,65,127,1.263158
5807,802,803,950,994,188,112,8,34,95,42,54,1,148,192,1.235294
5808,802,-1,-1,-1,-1,0,-1,44,0,0,0,-1,-1,-1,0.000000
5809,803,804,845,951,292,33,24,41,30,85,32,1,42,148,2.073171
5810,803,804,837,922,417,25,13,36,22,70,26,1,34,119,1.944444
5811,803,804,807,898,227,2,3,29,3,81,10,1,4,95,2.793103
5812,803,804,812,852,112,6,22,28,3,38,7,1,9,49,1.357143
5813,803,804,845,946,201,34,13,40,30,78,34,1,42,143,1.950000
5814,803,804,841,868,513,26,16,24,23,26,15,1,38,65,1.083333
5815,803,804,837,899,167,25,10,29,25,49,20,1,34,96,1.689655
5816,803,804,891,955,58,74,20,39,68,59,24,1,88,152,1.512821
5817,803,837,837,879,242,0,0,38,0,40,2,34,34,76,1.052632
5818,803,804,848,915,168,36,2,30,33,64,14,1,45,112,2.133333
5819,804,805,826,842,62,3,14,9,12,11,14,1,22,38,1.222222
5820,804,805,822,889,49,6,11,23,14,45,25,1,18,85,1.956522
5821,805,806,998,-1,26,91,18,12,127,2,65,1,193,-1,0.166667
5822,805,806,827,906,512,15,15,49,17,75,6,1,22,101,1.530612
5823,805,808,858,933,199,8,12,43,16,65,15,3,53,128,1.511628
5824,805,806,910,947,273,83,2,12,68,26,47,1,105,142,2.166667
5825,805,806,814,889,482,2,19,12,7,66,10,1,9,84,5.500000
5826,805,806,822,885,372,8,6,29,14,45,19,1,17,80,1.551724
5827,805,806,906,967,301,83,12,26,73,54,34,1,101,162,2.076923
5828,805,806,890,954,546,74,16,28,53,50,45,1,85,149,1.785714
5829,805,-1,-1,-1,-1,0,-1,24,0,0,0,-1,-1,-1,0.000000
5830,806,807,873,932,2,56,16,15,49,35,41,1,67,126,2.333333
5831,806,807,816,886,528,9,13,46,3,60,16,1,10,80,1.304348
5832,806,807,844,882,575,25,22,10,32,24,19,1,38,76,2.400000
5833,806,807,820,849,585,8,8,12,11,20,11,1,14,43,1.666667
5834,807,808,813,837,94,4,2,14,2,16,11,1,6,30,1.142857
5835,807,808,809,883,322,1,6,30,1,56,18,1,2,76,1.866667
5836,807,809,814,855,464,3,21,36,2,38,5,2,7,48,1.055556
5837,807,808,812,858,278,1,9,28,4,42,4,1,5,51,1.500000
5838,807,808,828,890,231,12,11,25,18,53,11,1,21,83,2.120000
5839,807,808,831,860,220,21,20,20,17,26,9,1,24,53,1.300000
5840,808,809,840,910,254,25,2,24,23,52,26,1,32,102,2.166667
5841,808,809,831,899,94,16,2,15,14,49,27,1,23,91,3.266667
5842,808,809,832,901,220,18,18,49,19,67,6,1,24,93,1.367347
5843,808,809,825,852,233,12,1,16,12,22,9,1,17,44,1.375000
5844,808,809,840,909,20,29,15,42,25,58,17,1,32,101,1.380952
5845,808,838,-1,-1,462,28,15,54,43,0,18,30,-1,-1,0.000000
5846,808,809,863,944,188,32,12,28,36,76,23,1,55,136,2.714286
5847,809,810,814,842,155,2,4,20,4,26,2,1,5,33,1.300000
5848,809,810,824,852,268,1,21,15,12,21,9,1,15,43,1.400000
5849,809,811,838,920,494,17,14,56,26,78,5,2,29,111,1.392857
5850,809,810,881,976,246,60,20,37,48,75,43,1,72,167,2.027027
5851,809,810,839,897,586,26,17,33,18,45,24,1,30,88,1.363636
5852,809,810,858,938,15,25,5,42,39,78,11,1,49,129,1.857143
5853,809,810,824,851,459,6,14,23,11,23,6,1,15,42,1.000000
5854,809,810,810,861,318,0,0,24,0,44,7,1,1,52,1.833333
5855,809,810,891,908,464,69,24,14,58,16,24,1,82,99,1.142857
5856,810,811,820,845,120,3,9,17,8,23,3,1,10,35,1.352941
5857,810,811,820,899,546,8,24,52,6,66,16,1,10,89,1.269231
5858,810,811,846,886,63,17,11,15,21,33,21,1,36,76,2.200000
5859,810,811,829,868,556,12,3,23,15,33,9,1,19,58,1.434783
5860,810,812,955,-1,199,27,15,45,63,33,19,2,145,-1,0.733333
5861,810,811,812,884,155,1,3,28,1,54,18,1,2,74,1.928571
5862,811,812,827,840,244,11,7,9,14,11,3,1,16,29,1.222222
5863,811,812,910,-1,30,80,12,24,61,64,63,1,99,-1,2.666667
5864,811,812,841,875,31,12,18,25,23,31,9,1,30,64,1.240000
5865,811,812,840,897,572,23,17,17,17,37,31,1,29,86,2.176471
5866,811,812,852,913,389,32,16,16,31,32,38,1,41,102,2.000000
5867,811,812,865,900,461,43,14,21,41,29,18,1,54,89,1.380952
5868,812,813,-1,-1,160,163,14,40,134,0,53,1,-1,-1,0.000000
5869,812,813,836,857,94,20,1,10,16,18,10,1,24,45,1.800000
5870,812,813,853,912,534,29,10,45,25,55,19,1,41,100,1.222222
5871,812,813,863,899,371,41,21,14,28,20,38,1,51,87,1.428571
5872,812,813,836,915,490,17,9,52,22,66,14,1,24,103,1.269231
5873,813,814,844,916,516,10,16,15,23,57,22,1,31,103,3.800000
5874,813,832,833,910,487,0,1,45,1,65,12,19,20,97,1.444444
5875,813,814,824,853,138,9,18,20,9,26,4,1,11,40,1.300000
5876,814,815,827,841,433,10,22,8,11,12,3,1,13,27,1.500000
5877,814,-1,-1,-1,-1,0,-1,52,0,0,0,-1,-1,-1,0.000000
5878,814,815,899,982,450,63,9,29,61,47,59,1,85,168,1.620690
5879,814,815,829,899,370,7,17,24,12,48,24,1,15,85,2.000000
5880,814,815,828,892,512,11,18,42,10,62,5,1,14,78,1.476190
5881,814,815,860,951,530,33,2,31,31,75,30,1,46,137,2.419355
5882,814,815,821,897,277,2,8,25,4,59,19,1,7,83,2.360000
5883,814,815,848,909,506,25,13,33,21,55,18,1,34,95,1.666667
5884,814,815,830,892,445,15,14,39,8,55,14,1,16,78,1.410256
5885,814,815,829,904,208,8,8,31,9,55,23,1,15,90,1.774194
5886,815,816,816,895,231,0,0,28,0,56,23,1,1,80,2.000000
5887,815,816,825,904,164,6,16,28,5,58,25,1,10,89,2.071429
5888,815,816,817,885,37,1,9,16,0,38,31,1,2,70,2.375000
5889,815,816,825,911,73,4,6,25,8,63,24,1,10,96,2.520000
5890,816,820,938,-1,598,14,11,50,21,55,12,4,122,-1,1.100000
5891,816,817,834,902,326,14,17,50,15,66,4,1,18,86,1.320000
5892,816,817,884,952,323,61,20,23,48,49,38,1,68,136,2.130435
5893,816,817,837,896,549,16,10,35,18,51,10,1,21,80,1.457143
5894,816,817,858,949,516,25,14,20,30,68,34,1,42,133,3.400000
5895,816,817,829,884,220,6,10,36,12,48,7,1,13,68,1.333333
5896,816,817,850,867,244,19,2,14,27,16,7,1,34,51,1.142857
5897,816,817,828,879,241,10,14,35,8,41,13,1,12,63,1.171429
5898,817,818,829,889,371,7,23,34,8,48,15,1,12,72,1.411765
5899,817,818,829,873,323,8,13,16,10,38,7,1,12,56,2.375000
5900,817,818,919,-1,58,76,19,48,73,74,34,1,102,-1,1.541667
5901,817,818,854,917,434,27,8,47,20,63,16,1,37,100,1.340426
5902,818,840,-1,-1,54,1,16,46,7,0,1,22,-1,-1,0.000000
5903,818,819,968,-1,133,109,16,35,109,30,42,1,150,-1,0.857143
5904,818,819,839,873,496,3,15,28,18,32,4,1,21,55,1.142857
5905,818,819,822,844,73,0,3,13,3,21,1,1,4,26,1.615385
5906,818,819,858,884,78,16,13,15,31,17,17,1,40,66,1.133333
5907,818,819,862,967,315,36,6,35,26,85,37,1,44,149,2.428571
5908,818,819,865,975,244,28,2,16,32,78,46,1,47,157,4.875000
5909,818,819,886,952,586,62,14,20,44,48,41,1,68,134,2.400000
5910,818,819,836,853,68,7,12,14,15,16,3,1,18,35,1.142857
5911,818,819,820,883,295,0,1,29,1,53,10,1,2,65,1.827586
5912,819,820,843,929,386,11,3,35,18,77,14,1,24,110,2.200000
5913,819,820,827,862,437,7,10,22,4,30,8,1,8,43,1.363636
5914,819,820,842,932,595,16,19,36,18,68,26,1,23,113,1.888889
5915,819,820,841,889,57,15,19,17,15,31,23,1,22,70,1.823529
5916,819,820,843,945,18,16,17,25,20,59,46,1,24,126,2.360000
5917,819,820,821,854,195,1,11,19,0,29,5,1,2,35,1.526316
5918,819,820,823,901,528,3,13,45,3,67,11,1,4,82,1.488889
5919,820,821,863,898,450,33,3,25,21,27,29,1,43,78,1.080000
5920,820,821,845,913,545,18,21,35,17,59,16,1,25,93,1.685714
5921,820,-1,-1,-1,-1,0,-1,61,0,0,0,-1,-1,-1,0.000000
5922,820,821,834,878,494,9,9,25,12,35,10,1,14,58,1.400000
5923,820,821,831,892,349,7,7,43,9,53,9,1,11,72,1.232558
5924,821,822,952,-1,35,105,9,29,100,34,44,1,131,-1,1.172414
5925,821,822,852,892,482,28,22,33,16,39,15,1,31,71,1.181818
5926,821,835,835,931,325,0,0,43,0,87,9,14,14,110,2.023256
5927,821,822,824,871,450,0,2,30,2,38,9,1,3,50,1.266667
5928,821,822,865,930,55,22,6,23,29,45,34,1,44,109,1.956522
5929,822,823,831,884,138,5,8,27,5,47,9,1,9,62,1.740741
5930,822,823,832,874,31,5,10,28,9,34,8,1,10,52,1.214286
5931,822,823,847,874,437,21,7,21,18,23,10,1,25,52,1.095238
5932,822,823,840,865,75,1,12,13,12,21,9,1,18,43,1.615385
5933,822,823,838,897,213,13,10,28,10,42,22,1,16,75,1.500000
5934,823,838,841,905,584,3,3,46,3,54,10,15,18,82,1.173913
5935,823,824,874,898,106,42,17,19,33,23,18,1,51,75,1.210526
5936,823,-1,-1,-1,-1,0,-1,57,0,0,0,-1,-1,-1,0.000000
5937,823,824,869,970,76,36,10,40,32,74,40,1,46,147,1.850000
5938,824,825,838,918,195,4,18,24,10,60,23,1,14,94,2.500000
5939,824,825,885,916,33,39,18,11,41,25,25,1,61,92,2.272727
5940,824,825,858,910,122,25,9,32,19,44,22,1,34,86,1.375000
5941,824,825,851,889,133,20,15,25,17,31,16,1,27,65,1.240000
5942,824,825,902,938,297,52,4,22,55,30,28,1,78,114,1.363636
5943,824,825,854,915,1,8,12,20,18,46,26,1,30,91,2.300000
5944,825,826,828,877,122,1,5,18,1,30,20,1,3,52,1.666667
5945,825,826,880,921,381,42,12,17,38,27,30,1,55,96,1.588235
5946,825,826,830,842,17,0,3,9,3,11,2,1,5,17,1.222222
5947,825,826,855,900,589,13,11,17,20,25,29,1,30,75,1.470588
5948,825,826,870,908,486,31,8,25,35,35,12,1,45,83,1.400000
5949,825,826,855,916,376,22,16,42,15,56,19,1,30,91,1.333333
5950,826,827,828,889,68,1,3,21,1,45,16,1,2,63,2.142857
5951,826,827,889,966,84,50,19,28,41,52,46,1,63,140,1.857143
5952,826,827,880,943,47,31,14,42,31,62,10,1,54,117,1.476190
5953,826,827,832,872,381,4,11,30,3,36,6,1,6,46,1.200000
5954,826,827,861,907,239,22,17,15,23,31,26,1,35,81,2.066667
5955,826,827,869,943,586,31,17,38,33,56,27,1,43,117,1.473684
5956,826,827,926,-1,76,82,7,29,65,53,55,1,100,-1,1.827586
5957,826,827,849,948,21,11,2,41,14,63,44,1,23,122,1.536585
5958,827,828,847,938,38,13,18,41,16,75,19,1,20,111,1.829268
5959,827,830,842,907,558,8,16,40,8,60,9,3,15,80,1.500000
5960,827,828,892,984,30,55,18,22,39,56,61,1,65,157,2.545455
5961,827,828,873,893,428,30,8,11,28,13,24,1,46,66,1.181818
5962,827,828,835,858,510,7,5,21,6,23,1,1,8,31,1.095238
5963,827,828,877,943,479,31,4,37,31,55,27,1,50,116,1.486486
5964,827,828,940,-1,434,95,12,42,66,52,54,1,113,-1,1.238095
5965,827,828,875,887,124,29,6,12,35,12,12,1,48,60,1.000000
5966,827,923,977,-1,584,20,14,45,30,21,11,96,150,-1,0.466667
5967,827,828,835,875,451,5,12,27,5,35,7,1,8,48,1.296296
5968,828,829,865,924,537,30,11,45,29,57,9,1,37,96,1.266667
5969,828,829,854,913,111,15,15,25,18,49,17,1,26,85,1.960000
5970,828,829,872,950,301,32,15,31,29,63,29,1,44,122,2.032258
5971,828,829,839,858,47,5,5,14,9,16,4,1,11,30,1.142857
5972,829,830,836,856,79,6,6,15,3,15,8,1,7,27,1.000000
5973,829,830,838,931,589,2,8,36,3,66,29,1,9,102,1.833333
5974,829,830,844,896,122,9,4,25,11,43,12,1,15,67,1.720000
5975,829,-1,-1,-1,-1,0,-1,51,0,0,0,-1,-1,-1,0.000000
5976,829,830,870,940,301,31,16,25,25,45,40,1,41,111,1.800000
5977,829,830,911,958,49,59,13,18,58,36,34,1,82,129,2.000000
5978,829,830,832,915,149,2,2,28,2,60,23,1,3,86,2.142857
5979,829,-1,-1,-1,-1,0,-1,39,0,0,0,-1,-1,-1,0.000000
5980,830,831,851,875,198,14,8,23,13,23,8,1,21,45,1.000000
5981,830,831,847,901,425,10,11,18,9,42,19,1,17,71,2.333333
5982,830,831,840,903,122,4,3,23,6,47,19,1,10,73,2.043478
5983,830,831,878,965,268,33,11,36,27,82,25,1,48,135,2.277778
5984,830,-1,-1,-1,-1,0,-1,27,0,0,0,-1,-1,-1,0.000000
5985,830,831,973,994,76,115,7,13,97,19,47,1,143,164,1.461538
5986,830,831,927,978,246,81,1,22,58,40,49,1,97,148,1.818182
5987,830,831,839,851,559,4,19,9,7,9,4,1,9,21,1.000000
5988,831,832,844,888,243,10,23,24,10,32,14,1,13,57,1.333333
5989,831,832,858,907,425,14,11,18,24,36,15,1,27,76,2.000000
5990,831,832,832,884,246,0,0,38,0,46,6,1,1,53,1.210526
5991,831,832,904,996,296,61,3,33,57,57,50,1,73,165,1.727273
5992,831,832,898,928,14,47,15,24,44,28,24,1,67,97,1.166667
5993,831,832,842,924,506,7,9,40,8,78,6,1,11,93,1.950000
5994,831,832,840,918,250,2,6,18,7,52,27,1,9,87,2.888889
5995,831,832,842,908,275,8,11,44,10,62,4,1,11,77,1.409091
5996,831,835,856,957,460,9,14,29,15,63,40,4,25,126,2.172414
5997,832,833,876,949,124,32,1,31,30,71,15,1,44,117,2.290323
5998,832,833,885,975,35,42,6,48,37,82,23,1,53,143,1.708333
5999,832,833,839,907,144,6,14,34,5,58,11,1,7,75,1.705882
6000,832,833,859,898,206,15,19,27,13,37,15,1,27,66,1.370370
6001,832,835,922,-1,186,7,11,43,16,67,12,3,90,-1,1.558140
6002,832,-1,-1,-1,-1,0,-1,54,0,0,0,-1,-1,-1,0.000000
6003,833,834,927,-1,593,78,11,33,51,54,61,1,94,-1,1.636364
6004,833,834,834,885,124,0,0,30,0,48,3,1,1,52,1.600000
6005,833,834,875,896,371,35,16,19,22,21,19,1,42,63,1.105263
6006,833,834,921,975,88,53,13,29,63,53,25,1,88,142,1.827586
6007,833,834,844,871,594,9,6,15,8,21,8,1,11,38,1.400000
6008,833,834,841,899,76,5,7,24,5,46,14,1,8,66,1.916667
6009,833,834,923,994,269,62,15,35,58,61,41,1,90,161,1.742857
6010,833,834,921,-1,592,72,11,40,58,73,35,1,88,-1,1.825000
6011,833,834,873,941,177,34,15,47,26,65,16,1,40,108,1.382979
6012,833,834,906,986,365,57,10,28,50,74,28,1,73,153,2.642857
6013,833,834,882,953,482,37,19,29,31,55,33,1,49,120,1.896552
6014,833,840,879,947,592,10,11,45,16,59,13,7,46,114,1.311111
6015,834,835,871,893,3,15,10,10,20,18,20,1,37,59,1.800000
6016,834,-1,-1,-1,-1,0,-1,43,0,0,0,-1,-1,-1,0.000000
6017,834,835,850,913,169,9,3,27,14,59,5,1,16,79,2.185185
6018,834,835,923,963,18,63,8,22,58,30,40,1,89,129,1.363636
6019,834,835,906,960,14,54,14,24,45,42,38,1,72,126,1.750000
6020,834,835,895,960,287,52,7,46,37,60,28,1,61,126,1.304348
6021,835,836,875,948,84,19,14,25,29,63,20,1,40,113,2.520000
6022,835,836,874,884,378,17,16,10,21,10,17,1,39,49,1.000000
6023,836,837,837,857,594,0,0,17,0,19,1,1,1,21,1.117647
6024,836,837,868,924,138,23,8,26,22,54,11,1,32,88,2.076923
6025,836,837,846,869,567,9,10,14,7,18,7,1,10,33,1.285714
6026,837,838,857,935,38,12,15,42,16,60,21,1,20,98,1.428571
6027,837,838,931,986,255,79,12,35,56,47,44,1,94,149,1.342857
6028,837,838,838,892,344,0,0,26,0,34,20,1,1,55,1.307692
6029,837,838,872,916,230,22,6,29,26,35,17,1,35,79,1.206897
6030,838,839,853,936,139,12,11,49,8,75,14,1,15,98,1.530612
6031,838,839,906,921,162,59,9,10,45,12,25,1,68,83,1.200000
6032,838,895,954,-1,373,14,8,51,25,39,9,57,116,-1,0.764706
6033,838,856,-1,-1,226,91,18,48,72,0,38,18,-1,-1,0.000000
6034,838,839,882,901,1,14,14,15,22,17,23,1,44,63,1.133333
6035,838,839,873,920,186,10,8,30,16,34,15,1,35,82,1.133333
6036,839,840,924,977,443,71,19,42,55,44,38,1,85,138,1.047619
6037,839,840,860,967,75,7,4,15,16,87,24,1,21,128,5.800000
6038,839,840,872,916,30,27,15,21,18,37,21,1,33,77,1.761905
6039,839,840,861,899,111,12,7,24,11,28,20,1,22,60,1.166667
6040,839,840,940,-1,199,46,8,20,75,37,48,1,101,-1,1.850000
6041,839,840,866,935,188,15,13,25,21,57,17,1,27,96,2.280000
6042,839,840,859,877,103,9,1,15,15,15,7,1,20,38,1.000000
6043,839,840,853,903,140,9,12,38,5,46,12,1,14,64,1.210526
6044,840,841,843,934,16,2,13,53,2,77,14,1,3,94,1.452830
6045,840,841,848,956,367,5,3,32,5,74,36,1,8,116,2.312500
6046,840,841,869,882,462,14,12,10,23,12,6,1,29,42,1.200000
6047,840,841,861,919,269,15,11,36,15,54,9,1,21,79,1.500000
6048,840,841,846,892,78,0,4,27,4,35,12,1,6,52,1.296296
6049,840,841,868,942,274,16,11,36,22,62,16,1,28,102,1.722222
6050,840,841,847,886,206,5,12,24,4,34,7,1,7,46,1.416667
6051,841,842,842,914,367,0,0,44,0,64,8,1,1,73,1.454545
6052,841,-1,-1,-1,-1,0,-1,20,0,0,0,-1,-1,-1,0.000000
6053,841,-1,-1,-1,-1,0,-1,51,0,0,0,-1,-1,-1,0.000000
6054,841,842,854,897,359,9,17,21,8,31,16,1,13,56,1.476190
6055,841,842,989,-1,270,122,16,29,101,11,46,1,148,-1,0.379310
6056,841,842,978,-1,178,117,9,45,95,22,38,1,137,-1,0.488889
6057,841,842,864,916,187,15,10,24,15,48,11,1,23,75,2.000000
6058,841,-1,-1,-1,-1,0,-1,52,0,0,0,-1,-1,-1,0.000000
6059,841,842,916,999,33,49,14,20,45,64,48,1,75,158,3.200000
6060,842,843,861,943,441,15,17,35,15,61,24,1,19,101,1.742857
6061,842,843,873,951,468,22,13,28,24,54,29,1,31,109,1.928571
6062,842,843,846,889,261,0,2,17,2,31,13,1,4,47,1.823529
6063,842,843,850,923,528,5,1,47,6,69,5,1,8,81,1.468085
6064,842,843,843,881,267,0,0,15,0,25,13,1,1,39,1.666667
6065,842,843,847,894,593,2,4,38,4,44,3,1,5,52,1.157895
6066,843,844,852,961,457,6,17,35,6,75,36,1,9,118,2.142857
6067,843,914,921,-1,543,1,6,43,3,72,8,71,78,-1,1.674419
6068,843,844,856,910,407,8,15,28,8,46,12,1,13,67,1.642857
6069,843,844,926,-1,194,76,21,30,54,53,49,1,83,-1,1.766667
6070,843,844,848,917,99,3,14,26,3,54,16,1,5,74,2.076923
6071,843,844,867,924,312,16,16,46,20,52,8,1,24,81,1.130435
6072,844,845,851,913,132,0,4,49,6,59,3,1,7,69,1.204082
6073,844,845,857,901,176,8,8,22,8,34,14,1,13,57,1.545455
6074,844,888,889,972,327,0,1,45,1,71,12,44,45,128,1.577778
6075,844,930,-1,-1,564,27,3,48,33,0,7,86,-1,-1,0.000000
6076,845,-1,-1,-1,-1,0,-1,55,0,0,0,-1,-1,-1,0.000000
6077,845,846,872,937,468,23,12,30,21,52,17,1,27,92,1.733333
6078,845,846,857,918,188,9,12,30,9,42,21,1,12,73,1.400000
6079,845,846,924,992,496,57,20,39,63,57,26,1,79,147,1.461538
6080,845,846,874,978,17,12,9,14,27,86,19,1,29,133,6.142857
6081,845,846,862,917,190,7,9,19,14,45,12,1,17,72,2.368421
6082,846,847,855,889,96,6,7,21,5,27,10,1,9,43,1.285714
6083,846,847,887,909,39,16,12,8,25,14,23,1,41,63,1.750000
6084,846,847,885,904,11,16,10,14,27,16,13,1,39,58,1.142857
6085,846,847,866,961,270,12,15,36,14,88,12,1,20,115,2.444444
6086,846,847,850,891,12,0,3,19,3,27,14,1,4,45,1.421053
6087,846,847,860,920,202,12,6,24,10,46,17,1,14,74,1.916667
6088,846,847,894,971,183,33,7,20,30,58,36,1,48,125,2.900000
6089,846,847,849,911,358,1,11,36,2,50,12,1,3,65,1.388889
6090,847,848,861,934,290,7,13,37,9,59,18,1,14,87,1.594595
6091,847,848,913,974,85,49,3,24,56,32,38,1,66,127,1.333333
6092,847,848,892,923,196,34,8,26,28,30,17,1,45,76,1.153846
6093,848,849,851,905,503,2,16,28,1,46,9,1,3,57,1.642857
6094,848,849,866,942,272,8,18,18,11,62,20,1,18,94,3.444444
6095,848,849,883,925,561,16,10,25,22,37,11,1,35,77,1.480000
6096,849,850,865,944,138,15,15,40,10,54,30,1,16,95,1.350000
6097,849,850,881,907,44,26,13,18,17,26,14,1,32,58,1.444444
6098,849,850,895,982,173,33,10,22,35,64,33,1,46,133,2.909091
6099,849,-1,-1,-1,-1,0,-1,26,0,0,0,-1,-1,-1,0.000000
6100,849,850,850,910,275,0,0,39,0,51,9,1,1,61,1.307692
6101,849,850,915,981,70,52,10,17,42,39,50,1,66,132,2.294118
6102,849,850,902,960,561,19,11,26,34,46,19,1,53,111,1.769231
6103,849,-1,-1,-1,-1,0,-1,30,0,0,0,-1,-1,-1,0.000000
6104,849,850,985,-1,73,65,14,37,60,12,53,1,136,-1,0.324324
6105,849,850,856,891,272,3,20,13,6,25,10,1,7,42,1.923077
6106,849,850,855,931,323,4,19,36,5,48,28,1,6,82,1.333333
6107,849,850,878,925,106,19,12,23,19,43,13,1,29,76,1.869565
6108,850,851,922,-1,467,50,3,50,52,70,27,1,72,-1,1.400000
6109,850,851,870,931,406,14,21,17,11,47,22,1,20,81,2.764706
6110,850,-1,-1,-1,-1,0,-1,42,0,0,0,-1,-1,-1,0.000000
6111,850,851,872,956,507,17,4,30,16,72,17,1,22,106,2.400000
6112,850,851,869,939,271,14,13,30,14,38,36,1,19,89,1.266667
6113,851,852,879,970,456,15,12,36,19,72,24,1,28,119,2.000000
6114,851,852,894,932,98,29,12,11,23,29,28,1,43,81,2.636364
6115,851,852,887,964,190,25,4,19,22,47,43,1,36,113,2.473684
6116,851,852,891,934,106,24,10,21,30,31,21,1,40,83,1.476190
6117,851,854,864,926,26,8,10,47,9,55,8,3,13,75,1.170213
6118,851,852,888,963,271,30,12,58,30,70,11,1,37,112,1.206897
6119,851,852,932,996,153,53,19,52,45,62,24,1,81,145,1.192308
6120,851,852,889,943,422,30,18,29,27,39,25,1,38,92,1.344828
6121,851,852,866,953,147,13,18,16,9,52,40,1,15,102,3.250000
6122,851,852,888,925,243,29,18,19,23,33,17,1,37,74,1.736842
6123,852,854,863,930,442,5,9,53,8,63,4,2,11,78,1.188679
6124,852,853,915,930,551,41,14,14,38,14,25,1,63,78,1.000000
6125,852,853,863,879,71,3,3,11,10,11,5,1,11,27,1.000000
6126,852,853,862,933,362,6,4,28,8,64,8,1,10,81,2.285714
6127,852,853,926,994,546,52,12,44,46,60,35,1,74,142,1.363636
6128,852,853,867,923,214,11,4,22,10,48,12,1,15,71,2.181818
6129,852,853,871,899,452,6,11,18,13,22,11,1,19,47,1.222222
6130,852,853,861,927,439,8,12,51,6,63,5,1,9,75,1.235294
6131,852,853,856,923,509,3,2,48,2,64,4,1,4,71,1.333333
6132,852,853,888,971,550,26,13,45,24,79,15,1,36,119,1.755556
6133,853,854,916,998,566,52,19,34,40,64,40,1,63,145,1.882353
6134,853,854,857,939,331,1,2,27,3,47,35,1,4,86,1.740741
6135,853,854,862,899,194,5,13,25,7,31,7,1,9,46,1.240000
6136,853,855,880,930,312,18,17,43,19,49,7,2,27,77,1.139535
6137,853,854,859,930,99,3,4,23,2,55,19,1,6,77,2.391304
6138,853,854,858,929,346,2,4,26,4,68,3,1,5,76,2.615385
6139,854,855,890,975,358,26,17,54,28,76,14,1,36,121,1.407407
6140,854,873,887,989,591,9,7,44,8,80,27,19,33,135,1.818182
6141,854,855,867,886,33,4,15,10,9,14,8,1,13,32,1.400000
6142,854,855,863,911,24,1,6,10,8,28,20,1,9,57,2.800000
6143,854,855,885,929,434,26,6,32,17,40,17,1,31,75,1.250000
6144,854,855,991,-1,323,109,18,55,85,9,51,1,137,-1,0.163636
6145,854,855,868,956,442,4,8,31,13,57,31,1,14,102,1.838710
6146,855,856,885,945,253,22,14,47,22,55,12,1,30,90,1.170213
6147,855,856,902,921,145,37,6,17,28,17,20,1,47,66,1.000000
6148,855,856,862,904,265,5,4,27,6,39,3,1,7,49,1.444444
6149,855,856,940,-1,84,73,12,31,60,57,27,1,85,-1,1.838710
6150,856,857,913,970,135,34,2,25,39,53,21,1,57,114,2.120000
6151,856,892,938,-1,373,15,11,45,22,56,12,36,82,-1,1.244444
6152,856,857,874,977,253,16,6,22,13,78,29,1,18,121,3.545455
6153,856,857,969,-1,292,93,19,24,79,26,38,1,113,-1,1.083333
6154,856,859,896,976,215,27,21,43,29,71,16,3,40,120,1.651163
6155,856,857,861,873,42,3,2,8,4,12,0,1,5,17,1.500000
6156,857,865,922,978,414,35,16,43,27,51,27,8,65,121,1.186047
6157,857,858,907,960,171,38,9,35,36,49,17,1,50,103,1.400000
6158,857,858,865,971,594,6,5,53,7,83,23,1,8,114,1.566038
6159,857,858,864,924,511,4,3,38,4,44,18,1,7,67,1.157895
6160,857,858,858,926,394,0,0,39,0,55,13,1,1,69,1.410256
6161,857,858,952,989,82,62,9,17,63,33,35,1,95,132,1.941176
6162,857,858,863,893,145,1,8,21,5,27,3,1,6,36,1.285714
6163,857,858,859,929,380,0,1,25,1,47,23,1,2,72,1.880000
6164,858,859,862,948,381,3,16,44,1,68,20,1,4,90,1.545455
6165,858,862,883,956,73,5,15,48,8,70,7,4,25,98,1.458333
6166,858,859,878,956,253,13,12,45,19,73,5,1,20,98,1.622222
6167,858,859,872,971,204,8,3,34,9,74,29,1,14,113,2.176471
6168,858,859,870,883,79,4,14,9,7,9,7,1,12,25,1.000000
6169,858,859,883,962,413,16,11,37,23,67,13,1,25,104,1.810811
6170,858,860,865,895,110,2,5,19,5,25,5,2,7,37,1.315789
6171,858,859,905,966,221,33,12,46,32,56,19,1,47,108,1.217391
6172,858,859,872,964,441,12,11,28,10,86,9,1,14,106,3.071429
6173,859,860,907,966,224,34,11,27,31,49,26,1,48,107,1.814815
6174,859,860,860,919,341,0,0,37,0,55,4,1,1,60,1.486486
6175,859,860,873,892,44,3,13,14,11,16,5,1,14,33,1.142857
6176,859,860,941,-1,392,65,4,33,52,44,44,1,82,-1,1.333333
6177,859,863,914,991,286,4,8,39,15,55,26,4,55,132,1.410256
6178,859,860,914,993,30,28,8,23,43,57,33,1,55,134,2.478261
6179,860,-1,-1,-1,-1,0,-1,41,0,0,0,-1,-1,-1,0.000000
6180,860,861,875,897,115,7,13,12,12,16,8,1,15,37,1.333333
6181,860,861,861,932,235,0,0,12,0,38,33,1,1,72,3.166667
6182,860,861,873,901,205,9,6,17,9,23,8,1,13,41,1.352941
6183,860,861,908,964,418,40,18,31,26,49,28,1,48,104,1.580645
6184,860,-1,-1,-1,-1,0,-1,17,0,0,0,-1,-1,-1,0.000000
6185,860,861,866,899,67,4,4,23,4,25,9,1,6,39,1.086957
6186,860,861,861,913,183,0,0,22,0,42,10,1,1,53,1.909091
6187,861,-1,-1,-1,-1,0,-1,39,0,0,0,-1,-1,-1,0.000000
6188,861,862,872,949,456,9,14,55,10,75,2,1,11,88,1.363636
6189,861,-1,-1,-1,-1,0,-1,43,0,0,0,-1,-1,-1,0.000000
6190,861,862,918,1000,177,30,10,22,36,62,40,1,57,139,2.818182
6191,861,-1,-1,-1,-1,0,-1,53,0,0,0,-1,-1,-1,0.000000
6192,861,862,883,920,320,7,5,9,18,31,9,1,22,59,3.444444
6193,861,862,882,980,236,13,16,23,12,59,47,1,21,119,2.565217
6194,862,863,888,972,44,14,20,27,19,67,23,1,26,110,2.481481
6195,862,863,915,938,22,33,10,7,35,19,21,1,53,76,2.714286
6196,862,863,903,927,136,19,16,13,26,19,19,1,41,65,1.461538
6197,862,863,869,911,179,3,7,17,6,29,13,1,7,49,1.705882
6198,862,863,882,956,574,9,13,33,15,55,23,1,20,94,1.666667
6199,862,863,904,980,590,24,11,14,29,60,28,1,42,118,4.285714
6200,862,863,-1,-1,56,106,13,32,85,0,52,1,-1,-1,0.000000
6201,862,863,880,954,406,16,15,30,14,68,9,1,18,92,2.266667
6202,862,870,975,-1,560,22,10,45,44,25,4,8,113,-1,0.555556
6203,862,863,876,955,426,9,10,21,10,63,19,1,14,93,3.000000
6204,862,863,905,959,279,33,17,28,31,44,21,1,43,97,1.571429
6205,862,863,864,914,421,0,1,29,1,43,7,1,2,52,1.482759
6206,863,864,-1,-1,575,99,21,14,81,0,55,1,-1,-1,0.000000
6207,863,864,963,-1,86,77,12,18,61,28,47,1,100,-1,1.555556
6208,863,864,874,949,15,2,6,29,10,59,16,1,11,86,2.034483
6209,863,864,868,922,279,2,8,44,2,50,6,1,5,59,1.136364
6210,863,877,882,982,385,0,5,34,5,72,28,14,19,119,2.117647
6211,864,865,873,987,422,7,8,33,7,93,22,1,9,123,2.818182
6212,864,865,882,900,411,5,8,17,15,17,3,1,18,36,1.000000
6213,864,865,878,945,260,11,15,16,8,54,18,1,14,81,3.375000
6214,864,865,949,-1,447,64,10,30,62,44,29,1,85,-1,1.466667
6215,864,865,873,908,216,4,1,17,8,31,4,1,9,44,1.823529
6216,864,865,868,925,188,2,8,27,3,53,4,1,4,61,1.962963
6217,865,866,886,949,121,18,11,23,12,47,24,1,21,84,2.043478
6218,865,866,873,948,475,7,14,26,6,60,16,1,8,83,2.307692
6219,865,866,911,989,412,34,11,50,23,76,24,1,46,124,1.520000
6220,865,871,957,-1,588,13,17,44,24,43,5,6,92,-1,0.977273
6221,865,866,-1,-1,588,53,14,13,79,0,55,1,-1,-1,0.000000
6222,865,866,876,936,1,7,19,27,6,39,25,1,11,71,1.444444
6223,866,867,-1,-1,120,99,11,17,93,0,40,1,-1,-1,0.000000
6224,866,867,881,980,285,8,11,33,10,73,30,1,15,114,2.212121
6225,866,867,880,887,10,0,9,7,11,7,2,1,14,21,1.000000
6226,866,867,956,-1,343,68,10,34,52,36,45,1,90,-1,1.058824
6227,866,867,885,935,546,14,12,21,9,35,24,1,19,69,1.666667
6228,866,867,885,912,41,10,11,21,13,25,7,1,19,46,1.190476
6229,867,868,870,914,94,1,15,23,1,31,14,1,3,47,1.347826
6230,867,868,1000,-1,333,93,18,46,77,0,42,1,133,-1,0.000000
6231,867,868,879,975,493,9,14,36,5,72,30,1,12,108,2.000000
6232,867,868,872,901,226,4,12,12,3,20,10,1,5,34,1.666667
6233,867,871,879,945,11,1,9,42,8,56,10,4,12,78,1.333333
6234,867,868,869,935,553,1,9,31,1,43,23,1,2,68,1.387097
6235,867,868,951,-1,484,71,4,31,53,35,44,1,84,-1,1.129032
6236,867,868,973,-1,430,83,1,38,71,21,40,1,106,-1,0.552632
6237,867,868,940,995,119,25,11,11,42,43,42,1,73,128,3.909091
6238,867,868,919,-1,69,30,13,19,38,57,37,1,52,-1,3.000000
6239,868,869,911,961,106,30,3,25,30,37,25,1,43,93,1.480000
6240,868,-1,-1,-1,-1,0,-1,47,0,0,0,-1,-1,-1,0.000000
6241,868,869,882,903,136,12,14,15,8,19,7,1,14,35,1.266667
6242,868,870,900,960,591,10,9,29,23,47,19,2,32,92,1.620690
6243,868,869,875,944,381,3,8,32,6,52,17,1,7,76,1.625000
6244,868,869,908,942,23,22,17,15,30,29,14,1,40,74,1.933333
6245,868,869,904,983,561,33,4,58,27,76,11,1,36,115,1.310345
6246,869,870,911,988,217,28,6,25,28,49,41,1,42,119,1.960000
6247,869,870,880,917,561,1,7,28,10,30,7,1,11,48,1.071429
6248,869,870,884,919,499,9,13,33,7,33,9,1,15,50,1.000000
6249,869,870,900,932,541,26,9,21,24,27,11,1,31,63,1.285714
6250,869,870,-1,-1,239,87,20,36,84,0,46,1,-1,-1,0.000000
6251,869,870,919,-1,65,33,8,47,36,73,21,1,50,-1,1.553191
6252,869,870,918,959,56,36,16,26,33,32,24,1,49,90,1.230769
6253,869,870,888,984,284,14,18,22,10,80,24,1,19,115,3.636364
6254,870,871,874,953,447,0,3,29,3,59,20,1,4,83,2.034483
6255,870,871,910,931,243,31,15,11,26,17,17,1,40,61,1.545455
6256,870,877,912,974,411,16,6,41,25,57,7,7,42,104,1.390244
6257,870,871,878,907,577,4,12,11,4,21,11,1,8,37,1.909091
6258,871,872,982,-1,6,49,13,16,64,12,52,1,111,-1,0.750000
6259,871,-1,-1,-1,-1,0,-1,50,0,0,0,-1,-1,-1,0.000000
6260,871,872,915,974,343,25,11,38,28,54,20,1,44,103,1.421053
6261,871,872,887,907,209,5,11,16,11,18,6,1,16,36,1.125000
6262,872,873,925,993,566,44,15,47,34,67,19,1,53,121,1.425532
6263,872,873,953,-1,535,72,4,23,58,34,35,1,81,-1,1.478261
6264,872,973,980,-1,311,1,2,45,7,18,2,101,108,-1,0.400000
6265,872,873,925,987,195,25,18,19,41,37,36,1,53,115,1.947368
6266,872,873,914,996,596,32,13,49,34,75,14,1,42,124,1.530612
6267,873,874,900,965,39,20,14,18,15,52,24,1,27,92,2.888889
6268,873,885,926,993,565,34,12,48,24,64,20,12,53,120,1.333333
6269,873,874,899,975,372,12,4,27,18,63,20,1,26,102,2.333333
6270,873,874,-1,-1,581,73,16,18,63,0,63,1,-1,-1,0.000000
6271,873,-1,-1,-1,-1,0,-1,53,0,0,0,-1,-1,-1,0.000000
6272,874,875,900,938,147,13,18,27,18,35,10,1,26,64,1.296296
6273,874,875,908,990,328,28,11,25,22,63,30,1,34,116,2.520000
6274,874,875,936,-1,458,39,7,46,50,54,21,1,62,-1,1.173913
6275,874,875,902,924,50,7,13,10,15,18,16,1,28,50,1.800000
6276,874,875,914,958,99,31,4,35,26,41,16,1,40,84,1.171429
6277,874,875,886,913,73,5,15,10,8,18,12,1,12,39,1.800000
6278,875,876,946,986,254,44,4,26,52,32,26,1,71,111,1.230769
6279,875,876,999,-1,407,97,18,55,74,1,48,1,124,-1,0.018182
6280,875,876,945,-1,181,58,17,28,36,45,43,1,70,-1,1.607143
6281,875,876,885,937,120,7,7,31,9,43,9,1,10,62,1.387097
6282,875,876,883,957,553,5,11,52,4,64,13,1,8,82,1.230769
6283,875,876,906,969,498,28,14,45,18,55,20,1,31,94,1.222222
6284,876,877,-1,-1,373,105,12,57,91,0,32,1,-1,-1,0.000000
6285,876,877,915,-1,415,34,23,40,27,76,20,1,39,-1,1.900000
6286,876,877,914,991,406,34,12,31,21,65,28,1,38,115,2.096774
6287,876,877,939,995,578,49,5,37,33,51,30,1,63,119,1.378378
6288,877,878,895,971,406,12,12,26,10,74,9,1,18,94,2.846154
6289,877,878,906,980,481,18,10,29,27,51,24,1,29,103,1.758621
6290,877,878,879,948,411,1,1,42,0,56,14,1,2,71,1.333333
6291,877,878,974,-1,537,82,8,27,66,18,38,1,97,-1,0.666667
6292,877,878,902,958,38,19,15,24,15,42,23,1,25,81,1.750000
6293,878,879,883,932,501,1,13,17,4,33,16,1,5,54,1.941176
6294,878,879,921,-1,440,26,15,48,32,64,24,1,43,-1,1.333333
6295,878,879,908,974,410,17,6,29,22,55,18,1,30,96,1.896552
6296,878,879,945,-1,452,45,17,41,44,39,38,1,67,-1,0.951220
6297,879,880,974,-1,248,65,17,21,67,21,32,1,95,-1,1.000000
6298,879,880,904,955,453,18,15,28,13,42,20,1,25,76,1.500000
6299,879,880,956,-1,388,59,12,18,56,26,38,1,77,-1,1.444444
6300,879,880,956,966,131,57,12,6,54,8,24,1,77,87,1.333333
6301,879,880,904,975,333,19,14,44,19,58,18,1,25,96,1.318182
6302,879,880,901,944,298,20,2,27,16,35,13,1,22,65,1.296296
6303,879,880,888,924,129,2,6,23,8,27,9,1,9,45,1.173913
6304,879,880,900,954,35,14,5,42,16,50,8,1,21,75,1.190476
6305,879,880,952,989,73,53,10,18,52,30,27,1,73,110,1.666667
6306,880,881,944,-1,354,51,16,32,46,41,32,1,64,-1,1.281250
6307,880,881,978,-1,257,60,11,41,62,21,28,1,98,-1,0.512195
6308,880,881,887,938,49,1,4,35,5,43,9,1,7,58,1.228571
6309,881,882,893,940,73,3,6,38,7,44,7,1,12,59,1.157895
6310,881,968,-1,-1,150,14,16,55,14,0,7,87,-1,-1,0.000000
6311,881,882,909,990,583,17,10,49,23,81,4,1,28,109,1.653061
6312,881,882,897,931,453,12,15,27,8,29,12,1,16,50,1.074074
6313,881,883,941,996,197,48,8,37,39,49,25,2,60,115,1.324324
6314,881,882,909,953,236,17,12,13,20,37,14,1,28,72,2.846154
6315,882,883,917,999,450,25,9,48,19,76,21,1,35,117,1.583333
6316,882,883,888,904,2,1,6,9,4,13,4,1,6,22,1.444444
6317,882,883,904,974,159,18,14,33,15,67,9,1,22,92,2.030303
6318,882,883,913,972,488,18,15,30,26,52,11,1,31,90,1.733333
6319,882,885,-1,-1,505,11,8,44,27,0,1,3,-1,-1,0.000000
6320,882,883,883,981,568,0,0,49,0,79,19,1,1,99,1.612245
6321,882,883,942,970,285,52,15,19,47,25,15,1,60,88,1.315789
6322,883,884,903,965,195,15,17,29,12,51,18,1,20,82,1.758621
6323,883,884,888,940,45,0,4,19,4,35,17,1,5,57,1.842105
6324,883,884,887,962,160,3,1,30,1,60,17,1,4,79,2.000000
6325,883,884,916,950,70,28,12,13,21,23,22,1,33,67,1.769231
6326,883,884,904,959,22,12,11,14,14,46,15,1,21,76,3.285714
6327,883,884,887,955,410,0,3,20,3,48,20,1,4,72,2.400000
6328,883,884,896,961,327,2,5,44,11,54,12,1,13,78,1.227273
6329,883,-1,-1,-1,-1,0,-1,11,0,0,0,-1,-1,-1,0.000000
6330,884,885,918,984,574,26,2,47,25,59,15,1,34,100,1.255319
6331,884,885,934,-1,72,15,8,27,26,46,41,1,50,-1,1.703704
6332,884,885,914,980,294,25,16,30,20,48,27,1,30,96,1.600000
6333,884,885,902,954,489,13,3,31,12,47,10,1,18,70,1.516129
6334,884,885,889,937,37,4,12,42,3,42,7,1,5,53,1.000000
6335,884,885,909,974,546,17,15,27,14,47,28,1,25,90,1.740741
6336,884,885,907,987,70,13,11,18,17,58,27,1,23,103,3.222222
6337,885,886,894,982,198,5,2,23,8,59,29,1,9,97,2.565217
6338,885,990,991,-1,572,0,1,60,1,8,1,105,106,-1,0.133333
6339,885,896,-1,-1,534,13,14,52,16,0,5,11,-1,-1,0.000000
6340,885,886,899,967,225,9,11,47,11,65,5,1,14,82,1.382979
6341,885,886,887,943,246,1,14,27,0,37,20,1,2,58,1.370370
6342,886,887,913,984,249,16,17,26,16,48,32,1,27,98,1.846154
6343,886,887,889,901,213,0,2,12,2,12,0,1,3,15,1.000000
6344,886,-1,-1,-1,-1,0,-1,51,0,0,0,-1,-1,-1,0.000000
6345,886,-1,-1,-1,-1,0,-1,41,0,0,0,-1,-1,-1,0.000000
6346,886,887,903,995,339,13,12,32,9,84,15,1,17,109,2.625000
6347,887,888,914,987,550,17,18,44,15,64,20,1,27,100,1.454545
6348,887,888,890,939,548,2,16,19,2,35,14,1,3,52,1.842105
6349,888,889,910,999,175,17,10,32,17,60,33,1,22,111,1.875000
6350,888,889,899,917,177,9,7,14,8,16,4,1,11,29,1.142857
6351,889,890,892,966,225,1,7,33,2,49,25,1,3,77,1.484848
6352,889,890,899,948,73,1,5,18,7,38,13,1,10,59,2.111111
6353,889,908,970,-1,584,44,11,48,34,29,24,19,81,-1,0.604167
6354,889,890,953,-1,233,50,11,35,50,44,16,1,64,-1,1.257143
6355,889,890,-1,-1,407,92,17,45,67,0,43,1,-1,-1,0.000000
6356,889,890,948,991,64,41,10,21,45,27,29,1,59,102,1.285714
6357,889,890,-1,-1,87,89,19,38,60,0,50,1,-1,-1,0.000000
6358,889,890,920,999,77,24,6,25,23,57,29,1,31,110,2.280000
6359,889,890,899,968,357,5,6,17,7,53,18,1,10,79,3.117647
6360,889,890,901,963,177,4,10,25,10,49,14,1,12,74,1.960000
6361,889,890,908,953,61,15,17,33,13,43,7,1,19,64,1.303030
6362,889,890,925,979,126,29,20,32,23,48,18,1,36,90,1.500000
6363,890,911,919,-1,309,2,6,40,6,65,18,21,29,-1,1.625000
6364,890,891,900,913,88,1,4,11,9,13,0,1,10,23,1.181818
6365,890,891,898,930,261,5,5,19,5,25,9,1,8,40,1.315789
6366,890,891,941,-1,339,45,13,29,35,56,18,1,51,-1,1.931034
6367,891,892,904,950,431,9,14,39,10,45,3,1,13,59,1.153846
6368,891,892,901,948,296,3,2,28,8,36,12,1,10,57,1.285714
6369,891,-1,-1,-1,-1,0,-1,57,0,0,0,-1,-1,-1,0.000000
6370,891,892,896,984,497,4,4,43,3,65,24,1,5,93,1.511628
6371,891,892,896,911,9,2,3,7,2,13,4,1,5,20,1.857143
6372,891,892,901,945,29,4,13,14,6,38,9,1,10,54,2.714286
6373,891,892,940,970,74,33,13,15,34,25,19,1,49,79,1.666667
6374,892,893,932,-1,74,29,13,19,25,51,31,1,40,-1,2.684211
6375,892,893,991,-1,12,73,16,44,69,8,30,1,99,-1,0.181818
6376,892,893,925,-1,51,18,12,36,20,52,32,1,33,-1,1.444444
6377,892,893,907,982,492,6,6,19,9,61,19,1,15,90,3.210526
6378,892,893,954,-1,486,45,12,47,37,39,30,1,62,-1,0.829787
6379,892,893,934,977,101,29,15,23,21,39,24,1,42,85,1.695652
6380,892,893,-1,-1,365,51,7,32,68,0,28,1,-1,-1,0.000000
6381,892,-1,-1,-1,-1,0,-1,17,0,0,0,-1,-1,-1,0.000000
6382,892,904,906,987,94,0,2,41,2,61,20,12,14,95,1.487805
6383,892,893,911,938,94,8,9,16,16,22,7,1,19,46,1.375000
6384,892,-1,-1,-1,-1,0,-1,53,0,0,0,-1,-1,-1,0.000000
6385,892,893,934,946,165,32,14,12,28,12,13,1,42,54,1.000000
6386,893,-1,-1,-1,-1,0,-1,41,0,0,0,-1,-1,-1,0.000000
6387,893,894,901,942,353,4,6,18,7,28,13,1,8,49,1.555556
6388,893,894,898,917,88,2,4,16,3,18,2,1,5,24,1.125000
6389,893,894,949,-1,495,49,15,41,36,48,22,1,56,-1,1.170732
6390,893,942,943,987,86,1,8,40,1,44,0,49,50,94,1.100000
6391,894,895,920,998,38,20,9,19,19,51,33,1,26,104,2.684211
6392,894,895,901,985,121,2,5,28,5,68,17,1,7,91,2.428571
6393,894,895,897,956,220,0,2,21,2,37,22,1,3,62,1.761905
6394,894,895,908,981,527,11,13,36,10,58,18,1,14,87,1.611111
6395,895,896,916,945,284,10,13,18,17,24,8,1,21,50,1.333333
6396,895,896,928,-1,136,30,18,40,21,64,19,1,33,-1,1.600000
6397,895,896,930,964,360,20,3,14,23,24,21,1,35,69,1.714286
6398,896,897,906,991,64,3,4,15,9,67,18,1,10,95,4.466667
6399,896,897,910,-1,234,10,8,18,8,73,22,1,14,-1,4.055556
6400,896,897,913,956,68,7,13,11,13,25,21,1,17,60,2.272727
6401,896,897,921,988,43,18,5,31,16,61,14,1,25,92,1.967742
6402,897,898,903,959,485,1,12,21,5,41,15,1,6,62,1.952381
6403,897,898,996,-1,419,75,15,30,65,4,33,1,99,-1,0.133333
6404,897,898,928,-1,445,5,10,37,19,50,22,1,31,-1,1.351351
6405,897,898,903,915,67,0,5,12,5,12,0,1,6,18,1.000000
6406,897,898,916,964,540,2,14,19,12,41,9,1,19,67,2.157895
6407,897,898,901,932,2,0,3,27,3,29,2,1,4,35,1.074074
6408,897,898,917,991,224,12,9,30,14,68,11,1,20,94,2.266667
6409,897,898,951,988,470,46,16,17,39,29,22,1,54,91,1.705882
6410,898,899,936,986,3,29,19,15,26,37,24,1,38,88,2.466667
6411,898,899,997,-1,512,78,13,42,63,3,35,1,99,-1,0.071429
6412,898,899,920,999,144,19,10,25,13,45,42,1,22,101,1.800000
6413,898,899,906,959,569,6,5,20,6,34,20,1,8,61,1.700000
6414,898,899,938,-1,408,27,19,37,22,56,23,1,40,-1,1.513514
6415,898,899,903,926,177,1,2,14,4,20,3,1,5,28,1.428571
6416,898,899,919,998,426,19,7,20,12,60,27,1,21,100,3.000000
6417,899,900,911,931,51,6,14,18,11,20,0,1,12,32,1.111111
6418,899,900,977,-1,452,50,19,35,50,22,28,1,78,-1,0.628571
6419,899,900,981,-1,590,73,10,29,47,14,39,1,82,-1,0.482759
6420,899,900,969,-1,258,51,6,41,46,25,28,1,70,-1,0.609756
6421,899,900,918,945,459,13,3,19,12,27,6,1,19,46,1.421053
6422,899,900,995,-1,349,72,19,32,61,4,35,1,96,-1,0.125000
6423,899,900,918,967,541,16,8,36,12,42,13,1,19,68,1.166667
6424,899,900,914,978,0,7,9,31,10,51,17,1,15,79,1.645161
6425,899,901,924,984,593,0,2,21,5,43,17,2,25,85,2.047619
6426,899,900,915,990,295,7,5,48,13,68,9,1,16,91,1.416667
6427,899,900,933,983,448,27,19,39,19,43,21,1,34,84,1.102564
6428,899,900,916,975,304,12,16,25,11,43,21,1,17,76,1.720000
6429,899,900,938,978,501,32,5,27,29,35,14,1,39,79,1.296296
6430,899,900,997,-1,495,63,17,40,41,3,37,1,98,-1,0.075000
6431,900,901,914,984,295,8,4,33,11,59,13,1,14,84,1.787879
6432,900,-1,-1,-1,-1,0,-1,19,0,0,0,-1,-1,-1,0.000000
6433,900,901,911,974,276,4,3,29,7,55,11,1,11,74,1.896552
6434,900,901,977,1000,195,44,15,19,50,21,28,1,77,100,1.105263
6435,900,901,935,978,121,21,4,30,16,34,27,1,35,78,1.133333
6436,901,902,950,968,190,37,14,13,33,17,16,1,49,67,1.307692
6437,901,902,935,972,92,22,8,16,23,28,19,1,34,71,1.750000
6438,901,902,921,948,238,16,3,23,12,25,9,1,20,47,1.086957
6439,901,902,915,973,322,8,17,17,10,51,10,1,14,72,3.000000
6440,901,-1,-1,-1,-1,0,-1,32,0,0,0,-1,-1,-1,0.000000
6441,901,902,952,966,51,30,13,9,38,11,15,1,51,65,1.222222
6442,901,902,930,964,34,24,5,17,21,29,12,1,29,63,1.705882
6443,901,902,941,-1,312,36,19,40,30,51,17,1,40,-1,1.275000
6444,901,902,915,970,323,9,14,46,10,54,4,1,14,69,1.173913
6445,901,902,971,-1,260,60,7,39,51,28,19,1,70,-1,0.717949
6446,902,903,906,939,258,0,3,13,3,23,10,1,4,37,1.769231
6447,902,949,957,-1,387,1,4,50,5,35,8,47,55,-1,0.700000
6448,902,-1,-1,-1,-1,0,-1,21,0,0,0,-1,-1,-1,0.000000
6449,902,903,907,961,121,0,4,20,4,38,16,1,5,59,1.900000
6450,903,944,-1,-1,387,6,9,46,12,0,0,41,-1,-1,0.000000
6451,903,904,905,936,227,1,4,27,0,27,5,1,2,33,1.000000
6452,903,904,910,940,523,3,5,19,5,21,10,1,7,37,1.105263
6453,903,904,910,941,41,3,4,17,6,27,4,1,7,38,1.588235
6454,904,905,907,997,488,0,2,37,2,77,13,1,3,93,2.081081
6455,904,905,925,983,579,18,7,39,17,53,8,1,21,79,1.358974
6456,904,905,961,-1,96,51,5,25,35,37,23,1,57,-1,1.480000
6457,904,905,933,945,351,21,10,9,19,9,12,1,29,41,1.000000
6458,904,905,939,984,540,22,14,21,18,33,28,1,35,80,1.571429
6459,904,905,971,-1,79,48,16,23,47,27,21,1,67,-1,1.173913
6460,905,906,-1,-1,374,65,13,41,62,0,32,1,-1,-1,0.000000
6461,905,-1,-1,-1,-1,0,-1,37,0,0,0,-1,-1,-1,0.000000
6462,905,906,970,998,529,24,6,13,45,21,26,1,65,93,1.615385
6463,905,906,981,-1,358,52,11,31,55,19,20,1,76,-1,0.612903
6464,905,906,953,-1,371,27,13,28,36,31,27,1,48,-1,1.107143
6465,905,906,1000,-1,311,54,15,25,61,0,33,1,95,-1,0.000000
6466,906,907,930,-1,455,17,19,50,16,58,19,1,24,-1,1.160000
6467,907,908,921,997,514,11,17,26,8,70,11,1,14,90,2.692308
6468,907,908,942,982,389,22,13,32,24,34,16,1,35,75,1.062500
6469,907,-1,-1,-1,-1,0,-1,24,0,0,0,-1,-1,-1,0.000000
6470,907,908,933,-1,409,22,17,25,17,52,23,1,26,-1,2.080000
6471,907,908,938,987,114,25,7,18,23,32,24,1,31,80,1.777778
6472,907,908,921,944,501,11,8,20,11,20,5,1,14,37,1.000000
6473,907,-1,-1,-1,-1,0,-1,33,0,0,0,-1,-1,-1,0.000000
6474,907,908,914,925,41,3,2,10,6,10,1,1,7,18,1.000000
6475,907,908,915,956,317,5,5,24,6,36,6,1,8,49,1.500000
6476,907,908,922,944,282,9,11,17,10,21,5,1,15,37,1.235294
6477,908,909,947,-1,477,32,17,40,30,42,19,1,39,-1,1.050000
6478,908,960,979,-1,217,11,13,48,11,17,9,52,71,-1,0.354167
6479,908,911,911,994,485,0,0,42,0,60,23,3,3,86,1.428571
6480,908,909,944,-1,336,28,14,36,23,36,32,1,36,-1,1.000000
6481,908,909,924,-1,455,12,18,18,9,58,24,1,16,-1,3.222222
6482,908,909,984,-1,158,55,5,30,52,10,29,1,76,-1,0.333333
6483,909,910,-1,-1,482,71,4,44,61,0,29,1,-1,-1,0.000000
6484,909,910,978,-1,224,44,11,29,40,19,31,1,69,-1,0.655172
6485,909,910,914,933,169,0,4,14,4,18,1,1,5,24,1.285714
6486,910,911,937,972,238,24,4,31,11,35,15,1,27,62,1.129032
6487,910,911,954,-1,322,28,9,32,29,37,23,1,44,-1,1.156250
6488,910,913,-1,-1,189,51,8,56,49,0,21,3,-1,-1,0.000000
6489,910,911,928,-1,318,15,21,16,12,39,38,1,18,-1,2.437500
6490,910,911,935,985,189,17,2,39,18,43,13,1,25,75,1.102564
6491,910,-1,-1,-1,-1,0,-1,20,0,0,0,-1,-1,-1,0.000000
6492,910,911,926,958,333,8,8,23,15,29,3,1,16,48,1.260870
6493,910,911,940,-1,130,18,12,18,23,29,37,1,30,-1,1.611111
6494,911,912,928,957,333,8,7,20,16,24,5,1,17,46,1.200000
6495,911,912,925,993,429,11,11,26,8,48,25,1,14,82,1.846154
6496,911,912,945,-1,446,29,17,29,22,36,30,1,34,-1,1.241379
6497,911,912,927,996,272,12,15,17,8,57,19,1,16,85,3.352941
6498,911,912,973,-1,80,50,9,22,38,22,28,1,62,-1,1.000000
6499,911,912,-1,-1,335,73,15,43,56,0,32,1,-1,-1,0.000000
6500,911,912,964,979,232,42,13,12,32,14,21,1,53,68,1.166667
6501,912,913,923,1000,195,10,19,49,8,69,10,1,11,88,1.408163
6502,912,913,913,978,435,0,0,42,0,56,9,1,1,66,1.333333
6503,912,913,981,-1,428,62,21,48,42,18,27,1,69,-1,0.375000
6504,912,913,916,-1,321,2,13,26,3,65,19,1,4,-1,2.500000
6505,912,913,915,949,425,0,14,28,1,34,0,1,3,37,1.214286
6506,913,-1,-1,-1,-1,0,-1,31,0,0,0,-1,-1,-1,0.000000
6507,913,914,929,992,122,7,10,13,12,49,17,1,16,79,3.769231
6508,913,914,952,-1,432,31,15,47,25,44,17,1,39,-1,0.936170
6509,913,914,-1,-1,344,52,9,24,60,0,26,1,-1,-1,0.000000
6510,913,915,974,-1,550,36,4,49,35,24,26,2,61,-1,0.489796
6511,913,914,917,990,514,3,21,49,3,69,4,1,4,77,1.408163
6512,913,914,988,-1,323,53,22,32,44,12,30,1,75,-1,0.375000
6513,913,914,961,-1,297,1,8,45,9,34,5,1,48,-1,0.755556
6514,913,914,-1,-1,576,70,19,18,62,0,24,1,-1,-1,0.000000
6515,914,915,-1,-1,455,69,18,35,58,0,27,1,-1,-1,0.000000
6516,914,956,996,-1,11,10,9,48,25,4,1,42,82,-1,0.083333
6517,914,915,918,993,483,1,1,24,3,46,29,1,4,79,1.916667
6518,915,931,-1,-1,256,49,12,51,44,0,20,16,-1,-1,0.000000
6519,915,916,929,-1,577,5,18,20,13,57,14,1,14,-1,2.850000
6520,915,916,992,-1,278,56,13,31,52,6,26,1,77,-1,0.193548
6521,915,916,-1,-1,401,71,5,38,51,0,33,1,-1,-1,0.000000
6522,915,916,924,994,132,1,6,31,8,57,13,1,9,79,1.838710
6523,915,916,941,-1,281,18,12,34,16,49,19,1,26,-1,1.441176
6524,915,-1,-1,-1,-1,0,-1,62,0,0,0,-1,-1,-1,0.000000
6525,916,917,955,-1,130,30,11,25,22,34,27,1,39,-1,1.360000
6526,916,917,919,983,20,0,2,15,2,49,15,1,3,67,3.266667
6527,916,917,931,976,240,7,11,10,5,34,20,1,15,60,3.400000
6528,916,917,-1,-1,87,63,18,23,51,0,32,1,-1,-1,0.000000
6529,916,-1,-1,-1,-1,0,-1,11,0,0,0,-1,-1,-1,0.000000
6530,916,917,933,975,512,8,9,26,15,38,5,1,17,59,1.461538
6531,917,918,934,-1,391,1,8,37,14,54,12,1,17,-1,1.459459
6532,917,918,920,955,520,0,2,23,2,27,8,1,3,38,1.173913
6533,917,-1,-1,-1,-1,0,-1,11,0,0,0,-1,-1,-1,0.000000
6534,917,918,949,-1,297,11,6,37,19,39,13,1,32,-1,1.054054
6535,917,918,986,-1,305,58,16,29,48,11,23,1,69,-1,0.379310
6536,917,918,919,942,333,0,1,18,1,20,3,1,2,25,1.111111
6537,917,918,937,978,240,16,11,39,10,41,9,1,20,61,1.051282
6538,918,919,957,-1,87,32,13,31,24,34,23,1,39,-1,1.096774
6539,918,919,941,-1,403,12,5,24,17,35,28,1,23,-1,1.458333
6540,918,919,922,959,142,2,5,18,3,30,7,1,4,41,1.666667
6541,918,919,919,992,390,0,0,32,0,60,13,1,1,74,1.875000
6542,919,920,926,-1,142,4,4,24,4,46,30,1,7,-1,1.916667
6543,919,920,923,981,61,2,3,18,2,48,11,1,4,62,2.666667
6544,919,920,934,983,152,9,17,34,11,44,8,1,15,64,1.294118
6545,919,920,964,-1,387,38,16,37,27,28,25,1,45,-1,0.756757
6546,919,920,928,987,403,6,4,20,6,44,17,1,9,68,2.200000
6547,919,920,994,-1,551,58,4,45,51,6,22,1,75,-1,0.133333
6548,920,921,951,-1,88,20,11,42,15,44,19,1,31,-1,1.047619
6549,920,921,-1,-1,31,64,18,42,52,0,27,1,-1,-1,0.000000
6550,920,921,924,933,403,0,3,8,3,8,1,1,4,13,1.000000
6551,920,943,950,-1,86,2,7,41,7,39,11,23,30,-1,0.951220
6552,920,921,956,-1,494,30,19,52,23,42,14,1,36,-1,0.807692
6553,920,-1,-1,-1,-1,0,-1,54,0,0,0,-1,-1,-1,0.000000
6554,921,922,935,978,341,13,14,27,10,33,13,1,14,57,1.222222
6555,921,922,-1,-1,128,67,14,22,56,0,22,1,-1,-1,0.000000
6556,921,922,934,963,573,5,6,26,12,28,1,1,13,42,1.076923
6557,921,922,933,-1,284,4,12,19,3,41,34,1,12,-1,2.157895
6558,921,922,940,991,223,15,3,29,17,43,9,1,19,70,1.482759
6559,921,922,924,944,67,0,2,14,2,18,2,1,3,23,1.285714
6560,922,-1,-1,-1,-1,0,-1,51,0,0,0,-1,-1,-1,0.000000
6561,922,-1,-1,-1,-1,0,-1,38,0,0,0,-1,-1,-1,0.000000
6562,922,923,943,974,164,18,9,26,13,28,10,1,21,52,1.076923
6563,923,924,955,-1,184,29,16,38,22,40,14,1,32,-1,1.052632
6564,923,924,930,943,8,0,6,8,6,12,1,1,7,20,1.500000
6565,923,924,979,-1,477,42,7,16,39,14,23,1,56,-1,0.875000
6566,923,924,931,992,51,3,10,34,6,50,12,1,8,69,1.470588
6567,923,924,969,992,146,36,13,12,32,20,16,1,46,69,1.666667
6568,923,924,-1,-1,222,48,19,19,47,0,29,1,-1,-1,0.000000
6569,924,925,934,-1,50,6,15,36,6,55,14,1,10,-1,1.527778
6570,924,-1,-1,-1,-1,0,-1,52,0,0,0,-1,-1,-1,0.000000
6571,924,925,956,988,142,26,1,18,22,26,15,1,32,64,1.444444
6572,924,925,934,968,55,0,4,20,8,26,9,1,10,44,1.300000
6573,924,925,988,-1,341,39,9,29,42,12,21,1,64,-1,0.413793
6574,924,925,946,-1,305,19,15,47,13,50,12,1,22,-1,1.063830
6575,924,925,980,-1,455,43,21,15,41,14,20,1,56,-1,0.933333
6576,925,926,-1,-1,275,67,21,45,49,0,25,1,-1,-1,0.000000
6577,925,926,954,996,421,22,4,20,15,34,21,1,29,71,1.700000
6578,925,926,927,958,155,0,1,18,1,24,7,1,2,33,1.333333
6579,925,926,930,963,9,1,2,23,4,25,8,1,5,38,1.086957
6580,925,926,927,-1,196,0,1,21,1,47,26,1,2,-1,2.238095
6581,926,927,949,-1,156,15,10,46,11,40,22,1,23,-1,0.869565
6582,926,927,-1,-1,265,52,3,28,56,0,17,1,-1,-1,0.000000
6583,926,927,977,-1,207,36,13,41,37,21,15,1,51,-1,0.512195
6584,926,927,970,-1,109,25,11,31,30,29,14,1,44,-1,0.935484
6585,926,927,970,-1,576,21,14,12,35,22,16,1,44,-1,1.833333
6586,926,927,977,-1,133,39,4,24,32,23,18,1,51,-1,0.958333
6587,926,927,-1,-1,335,58,23,24,46,0,27,1,-1,-1,0.000000
6588,927,928,988,-1,461,47,13,42,39,8,25,1,61,-1,0.190476
6589,927,928,974,-1,133,35,8,23,32,26,14,1,47,-1,1.130435
6590,927,929,933,945,214,0,4,9,4,11,1,2,6,18,1.222222
6591,928,932,958,970,538,13,8,11,25,11,2,4,30,42,1.000000
6592,928,929,992,-1,100,38,11,17,38,6,27,1,64,-1,0.352941
6593,929,930,939,-1,29,4,8,19,5,36,29,1,10,-1,1.894737
6594,929,930,966,-1,59,22,2,11,25,24,21,1,37,-1,2.181818
6595,929,930,-1,-1,493,55,7,40,53,0,16,1,-1,-1,0.000000
6596,929,930,936,-1,117,1,9,23,6,49,15,1,7,-1,2.130435
6597,929,936,944,972,232,3,7,25,7,27,1,7,15,43,1.080000
6598,929,930,940,-1,269,7,6,28,10,49,11,1,11,-1,1.750000
6599,930,931,935,999,281,3,10,47,2,59,7,1,5,69,1.255319
6600,930,931,941,991,240,8,12,37,10,45,5,1,11,61,1.216216
6601,930,-1,-1,-1,-1,0,-1,37,0,0,0,-1,-1,-1,0.000000
6602,930,931,943,986,398,8,16,10,8,32,15,1,13,56,3.200000
6603,930,931,938,-1,475,5,7,29,7,49,13,1,8,-1,1.689655
6604,930,931,986,-1,26,27,4,17,37,14,18,1,56,-1,0.823529
6605,931,934,952,-1,5,3,14,43,8,41,7,3,21,-1,0.953488
6606,931,932,960,-1,524,21,19,28,17,35,16,1,29,-1,1.250000
6607,931,932,961,988,119,21,19,14,16,20,20,1,30,57,1.428571
6608,931,932,961,-1,514,21,14,32,15,26,27,1,30,-1,0.812500
6609,931,932,945,-1,495,10,16,46,12,51,5,1,14,-1,1.108696
6610,931,932,958,995,398,20,15,22,18,24,21,1,27,64,1.090909
6611,931,932,973,-1,455,31,18,14,30,22,16,1,42,-1,1.571429
6612,932,933,955,-1,219,10,13,45,9,44,7,1,23,-1,0.977778
6613,932,933,952,-1,68,3,11,15,15,34,18,1,20,-1,2.266667
6614,932,933,938,-1,346,2,4,27,3,43,21,1,6,-1,1.592593
6615,932,933,-1,-1,130,33,16,36,32,0,18,1,-1,-1,0.000000
6616,932,933,935,-1,26,0,2,16,2,47,18,1,3,-1,2.937500
6617,932,-1,-1,-1,-1,0,-1,29,0,0,0,-1,-1,-1,0.000000
6618,932,933,942,-1,281,5,10,28,8,43,16,1,10,-1,1.535714
6619,932,933,966,-1,424,23,16,46,22,28,15,1,34,-1,0.608696
6620,933,934,963,984,81,3,10,9,22,19,9,1,30,51,2.111111
6621,933,-1,-1,-1,-1,0,-1,35,0,0,0,-1,-1,-1,0.000000
6622,933,934,950,-1,166,13,20,16,13,34,19,1,17,-1,2.125000
6623,933,934,986,-1,371,44,9,40,39,7,20,1,53,-1,0.175000
6624,933,934,976,-1,130,20,13,21,28,22,16,1,43,-1,1.047619
6625,934,935,970,-1,305,27,17,15,27,23,15,1,36,-1,1.533333
6626,934,935,995,-1,152,34,17,14,45,5,15,1,61,-1,0.357143
6627,934,935,953,-1,5,14,15,40,15,42,8,1,19,-1,1.050000
6628,934,935,946,-1,139,5,9,29,10,40,15,1,12,-1,1.379310
6629,934,935,964,-1,116,22,14,17,18,28,19,1,30,-1,1.647059
6630,934,935,940,972,538,2,5,26,5,28,4,1,6,38,1.076923
6631,935,936,-1,-1,321,52,16,31,38,0,26,1,-1,-1,0.000000
6632,935,936,957,-1,109,12,2,25,18,35,11,1,22,-1,1.400000
6633,935,936,-1,-1,31,39,11,34,37,0,27,1,-1,-1,0.000000
6634,935,936,936,967,299,0,0,10,0,22,9,1,1,32,2.200000
6635,935,936,1000,-1,210,52,10,31,40,0,24,1,65,-1,0.000000
6636,935,936,-1,-1,419,58,13,39,48,0,16,1,-1,-1,0.000000
6637,936,937,938,-1,320,0,1,37,1,44,18,1,2,-1,1.189189
6638,936,937,990,-1,419,30,15,17,35,6,22,1,54,-1,0.352941
6639,936,937,-1,-1,335,60,20,46,42,0,21,1,-1,-1,0.000000
6640,936,937,954,-1,514,13,13,31,14,36,13,1,18,-1,1.161290
6641,936,937,947,962,36,8,11,10,8,10,7,1,11,26,1.000000
6642,937,938,989,-1,237,40,10,57,33,10,16,1,52,-1,0.175439
6643,937,938,-1,-1,305,27,15,7,40,0,22,1,-1,-1,0.000000
6644,937,-1,-1,-1,-1,0,-1,32,0,0,0,-1,-1,-1,0.000000
6645,937,938,963,994,377,14,10,21,15,25,16,1,26,57,1.190476
6646,937,-1,-1,-1,-1,0,-1,58,0,0,0,-1,-1,-1,0.000000
6647,938,967,974,-1,242,3,12,51,2,25,3,29,36,-1,0.490196
6648,938,939,958,991,262,12,16,11,13,23,16,1,20,53,2.090909
6649,938,939,979,-1,509,16,19,51,23,21,9,1,41,-1,0.411765
6650,938,939,973,-1,470,25,10,32,28,24,9,1,35,-1,0.750000
6651,938,939,-1,-1,308,50,12,27,37,0,24,1,-1,-1,0.000000
6652,938,939,945,973,232,0,6,25,2,27,1,1,7,35,1.080000
6653,938,939,950,-1,557,11,20,21,8,37,16,1,12,-1,1.761905
6654,938,939,939,-1,475,0,0,15,0,42,19,1,1,-1,2.800000
6655,938,939,949,986,281,6,11,20,8,30,9,1,11,48,1.500000
6656,939,940,948,-1,377,3,8,50,8,45,7,1,9,-1,0.900000
6657,939,951,-1,-1,6,0,6,50,3,0,0,12,-1,-1,0.000000
6658,939,940,959,-1,506,11,26,61,10,38,7,1,20,-1,0.622951
6659,939,940,951,-1,182,4,6,29,8,38,14,1,12,-1,1.310345
6660,939,940,940,-1,584,0,0,49,0,49,11,1,1,-1,1.000000
6661,939,940,974,-1,136,24,9,36,23,21,16,1,35,-1,0.583333
6662,940,941,987,-1,268,36,15,36,34,13,12,1,47,-1,0.361111
6663,940,941,951,970,232,4,4,14,10,18,1,1,11,30,1.285714
6664,940,941,947,-1,514,1,8,18,6,46,7,1,7,-1,2.555556
6665,940,960,968,-1,84,0,8,29,8,27,5,20,28,-1,0.931034
6666,940,941,-1,-1,388,49,22,45,49,0,10,1,-1,-1,0.000000
6667,940,941,948,-1,175,5,18,35,6,48,5,1,8,-1,1.371429
6668,940,941,960,983,116,8,11,16,15,22,5,1,20,43,1.375000
6669,941,942,-1,-1,128,44,8,25,24,0,34,1,-1,-1,0.000000
6670,941,942,943,-1,169,0,1,22,1,46,11,1,2,-1,2.090909
6671,941,960,960,-1,102,0,0,50,0,36,4,19,19,-1,0.720000
6672,941,942,943,997,576,1,15,42,0,50,5,1,2,56,1.190476
6673,942,943,943,975,271,0,0,24,0,28,4,1,1,33,1.166667
6674,942,943,-1,-1,87,51,8,40,41,0,16,1,-1,-1,0.000000
6675,942,943,960,981,364,12,22,16,15,18,5,1,18,39,1.125000
6676,942,943,981,-1,409,31,6,24,28,14,15,1,39,-1,0.583333
6677,942,-1,-1,-1,-1,0,-1,55,0,0,0,-1,-1,-1,0.000000
6678,943,944,958,978,51,4,13,15,12,19,3,1,15,35,1.266667
6679,943,944,-1,-1,509,45,9,47,40,0,16,1,-1,-1,0.000000
6680,943,944,967,-1,187,20,13,24,15,29,12,1,24,-1,1.208333
6681,943,944,981,-1,186,34,18,35,19,18,19,1,38,-1,0.514286
6682,943,944,-1,-1,562,46,20,58,39,0,17,1,-1,-1,0.000000
6683,943,944,980,-1,39,26,19,17,22,19,15,1,37,-1,1.117647
6684,943,944,983,-1,476,32,15,47,28,17,11,1,40,-1,0.361702
6685,943,944,944,998,139,0,0,28,0,36,18,1,1,55,1.285714
6686,943,944,-1,-1,455,47,15,27,39,0,17,1,-1,-1,0.000000
6687,944,945,946,-1,233,0,1,28,1,41,13,1,2,-1,1.464286
6688,944,945,-1,-1,128,48,6,34,33,0,22,1,-1,-1,0.000000
6689,944,945,986,-1,31,14,12,25,32,13,10,1,42,-1,0.520000
6690,944,945,981,993,104,12,3,9,26,11,11,1,37,49,1.222222
6691,944,945,966,-1,106,18,14,41,12,30,13,1,22,-1,0.731707
6692,944,945,963,-1,383,14,13,45,14,33,8,1,19,-1,0.733333
6693,944,945,-1,-1,49,30,17,21,36,0,19,1,-1,-1,0.000000
6694,944,945,-1,-1,219,22,17,40,23,0,11,1,-1,-1,0.000000
6695,944,945,984,-1,455,29,16,24,30,12,13,1,40,-1,0.500000
6696,944,945,986,-1,287,33,18,24,29,10,16,1,42,-1,0.416667
6697,945,946,-1,-1,261,47,21,46,39,0,15,1,-1,-1,0.000000
6698,945,946,-1,-1,570,51,16,48,26,0,28,1,-1,-1,0.000000
6699,945,946,946,-1,72,0,0,40,0,49,5,1,1,-1,1.225000
6700,945,946,947,994,433,1,10,14,1,34,13,1,2,49,2.428571
6701,945,946,-1,-1,11,36,14,20,42,0,12,1,-1,-1,0.000000
6702,945,946,972,-1,87,22,13,30,25,24,5,1,27,-1,0.800000
6703,945,946,952,992,214,0,6,30,6,38,2,1,7,47,1.266667
6704,945,946,975,-1,140,25,8,34,20,22,12,1,30,-1,0.647059
6705,945,946,957,998,178,5,5,25,11,35,6,1,12,53,1.400000
6706,946,947,976,995,100,18,15,19,15,19,14,1,30,49,1.000000
6707,946,947,-1,-1,506,44,24,22,37,0,16,1,-1,-1,0.000000
6708,946,947,-1,-1,32,12,11,13,31,0,22,1,-1,-1,0.000000
6709,947,948,968,-1,258,15,16,39,17,29,6,1,21,-1,0.743590
6710,947,948,952,-1,249,1,8,23,4,31,17,1,5,-1,1.347826
6711,947,948,952,980,87,2,4,21,3,25,4,1,5,33,1.190476
6712,948,949,968,-1,333,12,2,26,16,23,12,1,20,-1,0.884615
6713,948,949,952,969,41,1,11,16,3,16,1,1,4,21,1.000000
6714,948,949,958,-1,45,7,11,21,7,36,8,1,10,-1,1.714286
6715,948,949,-1,-1,509,47,5,52,31,0,20,1,-1,-1,0.000000
6716,948,949,957,971,416,3,18,11,6,13,3,1,9,23,1.181818
6717,948,949,979,-1,549,23,17,18,18,20,13,1,31,-1,1.111111
6718,948,949,979,-1,405,28,18,29,17,13,21,1,31,-1,0.448276
6719,948,949,962,-1,504,5,4,29,9,27,15,1,14,-1,0.931034
6720,949,950,-1,-1,433,27,9,15,37,0,13,1,-1,-1,0.000000
6721,949,950,970,-1,280,15,5,38,18,27,5,1,21,-1,0.710526
6722,949,950,956,987,235,4,9,11,6,21,10,1,7,38,1.909091
6723,949,950,955,-1,430,4,14,46,2,36,12,1,6,-1,0.782609
6724,949,950,-1,-1,524,42,23,22,30,0,20,1,-1,-1,0.000000
6725,949,950,985,-1,25,24,17,47,25,15,10,1,36,-1,0.319149
6726,950,951,976,-1,152,22,10,17,14,22,13,1,26,-1,1.294118
6727,950,951,984,-1,415,25,7,13,24,12,13,1,34,-1,0.923077
6728,950,951,-1,-1,433,42,13,37,42,0,7,1,-1,-1,0.000000
6729,950,951,962,-1,429,9,11,34,8,33,8,1,12,-1,0.970588
6730,950,951,-1,-1,463,38,21,49,37,0,12,1,-1,-1,0.000000
6731,951,952,963,-1,204,1,5,22,9,23,16,1,12,-1,1.045455
6732,951,952,-1,-1,429,41,14,42,24,0,24,1,-1,-1,0.000000
6733,951,952,-1,-1,143,38,11,39,32,0,16,1,-1,-1,0.000000
6734,951,952,-1,-1,112,34,14,28,29,0,19,1,-1,-1,0.000000
6735,952,953,953,-1,164,0,0,16,0,29,18,1,1,-1,1.812500
6736,952,953,994,-1,400,35,24,43,25,6,16,1,42,-1,0.139535
6737,952,953,953,-1,387,0,0,32,0,34,13,1,1,-1,1.062500
6738,952,953,954,-1,351,0,1,25,1,28,18,1,2,-1,1.120000
6739,953,954,-1,-1,141,37,11,28,29,0,17,1,-1,-1,0.000000
6740,953,954,963,-1,6,2,3,23,9,28,9,1,10,-1,1.217391
6741,953,954,-1,-1,558,41,24,44,26,0,20,1,-1,-1,0.000000
6742,953,954,-1,-1,77,36,5,17,27,0,19,1,-1,-1,0.000000
6743,953,954,982,-1,98,20,12,20,16,16,14,1,29,-1,0.800000
6744,954,955,966,-1,42,9,19,35,8,30,7,1,12,-1,0.857143
6745,954,955,969,-1,125,8,6,23,10,22,13,1,15,-1,0.956522
6746,954,955,966,989,102,5,4,16,10,20,4,1,12,35,1.250000
6747,954,955,975,-1,263,18,4,37,13,17,15,1,21,-1,0.459459
6748,955,956,-1,-1,216,29,16,39,31,0,13,1,-1,-1,0.000000
6749,955,956,967,-1,389,8,11,41,11,32,1,1,12,-1,0.780488
6750,955,956,-1,-1,98,27,21,51,24,0,12,1,-1,-1,0.000000
6751,955,956,980,-1,42,19,16,38,13,20,11,1,25,-1,0.526316
6752,955,956,990,-1,84,17,2,45,27,10,4,1,35,-1,0.222222
6753,956,-1,-1,-1,-1,0,-1,28,0,0,0,-1,-1,-1,0.000000
6754,956,-1,-1,-1,-1,0,-1,63,0,0,0,-1,-1,-1,0.000000
6755,956,957,964,-1,499,2,7,36,7,29,7,1,8,-1,0.805556
6756,956,957,962,-1,535,3,5,46,5,35,3,1,6,-1,0.760870
6757,956,-1,-1,-1,-1,0,-1,21,0,0,0,-1,-1,-1,0.000000
6758,956,957,-1,-1,54,37,17,19,25,0,18,1,-1,-1,0.000000
6759,956,957,-1,-1,274,32,11,24,28,0,15,1,-1,-1,0.000000
6760,956,-1,-1,-1,-1,0,-1,48,0,0,0,-1,-1,-1,0.000000
6761,956,957,-1,-1,415,37,10,33,27,0,16,1,-1,-1,0.000000
6762,956,957,986,-1,75,15,14,16,21,13,9,1,30,-1,0.812500
6763,957,958,965,-1,31,5,16,48,6,33,3,1,8,-1,0.687500
6764,957,958,-1,-1,525,33,24,37,19,0,23,1,-1,-1,0.000000
6765,957,958,-1,-1,13,30,25,41,26,0,16,1,-1,-1,0.000000
6766,958,959,-1,-1,174,35,12,22,21,0,20,1,-1,-1,0.000000
6767,958,-1,-1,-1,-1,0,-1,42,0,0,0,-1,-1,-1,0.000000
6768,958,959,970,-1,96,0,8,25,10,19,12,1,12,-1,0.760000
6769,958,959,-1,-1,128,23,4,24,28,0,13,1,-1,-1,0.000000
6770,958,959,-1,-1,434,33,17,51,29,0,12,1,-1,-1,0.000000
6771,958,959,961,-1,218,1,12,21,1,24,16,1,3,-1,1.142857
6772,958,959,961,-1,508,1,20,25,2,35,4,1,3,-1,1.400000
6773,958,959,991,-1,511,29,19,44,23,7,11,1,33,-1,0.159091
6774,958,-1,-1,-1,-1,0,-1,54,0,0,0,-1,-1,-1,0.000000
6775,959,960,965,-1,252,4,4,44,5,33,2,1,6,-1,0.750000
6776,959,960,976,-1,183,9,8,26,11,22,7,1,17,-1,0.846154
6777,959,960,974,-1,418,9,10,37,11,21,8,1,15,-1,0.567568
6778,959,960,983,1000,116,18,17,11,12,13,15,1,24,41,1.181818
6779,959,960,964,-1,540,0,4,28,4,26,10,1,5,-1,0.928571
6780,959,960,964,-1,526,4,11,30,3,35,2,1,5,-1,1.166667
6781,959,960,-1,-1,98,32,11,36,26,0,14,1,-1,-1,0.000000
6782,960,961,-1,-1,41,22,11,21,25,0,14,1,-1,-1,0.000000
6783,960,961,963,975,89,0,2,11,2,11,1,1,3,15,1.000000
6784,960,961,984,-1,286,7,14,23,18,15,6,1,24,-1,0.652174
6785,960,961,974,-1,369,12,13,21,7,20,12,1,14,-1,0.952381
6786,960,961,989,-1,508,25,22,28,18,10,11,1,29,-1,0.357143
6787,960,961,968,-1,113,5,15,43,3,29,7,1,8,-1,0.674419
6788,960,968,-1,-1,361,6,1,47,15,0,0,8,-1,-1,0.000000
6789,961,962,985,-1,447,16,15,32,18,13,7,1,24,-1,0.406250
6790,961,962,-1,-1,157,29,16,21,23,0,15,1,-1,-1,0.000000
6791,961,962,-1,-1,218,34,13,22,23,0,15,1,-1,-1,0.000000
6792,961,962,969,-1,520,7,8,25,4,25,9,1,8,-1,1.000000
6793,961,965,976,-1,464,2,14,36,11,18,6,4,15,-1,0.500000
6794,961,962,-1,-1,112,32,15,41,19,0,19,1,-1,-1,0.000000
6795,961,965,983,-1,530,6,21,45,6,16,6,4,22,-1,0.355556
6796,961,962,972,-1,36,5,9,21,10,25,3,1,11,-1,1.190476
6797,962,963,964,-1,98,1,12,30,1,33,3,1,2,-1,1.100000
6798,962,963,983,-1,383,10,6,23,17,14,6,1,21,-1,0.608696
6799,962,963,-1,-1,592,32,20,40,17,0,20,1,-1,-1,0.000000
6800,962,963,973,-1,398,3,20,25,9,22,6,1,11,-1,0.880000
6801,963,964,974,-1,22,3,5,14,8,23,5,1,11,-1,1.642857
6802,963,-1,-1,-1,-1,0,-1,23,0,0,0,-1,-1,-1,0.000000
6803,963,986,-1,-1,145,5,13,59,9,0,1,23,-1,-1,0.000000
6804,963,964,980,-1,35,10,14,24,13,19,4,1,17,-1,0.791667
6805,963,964,1000,-1,593,30,21,41,23,0,13,1,37,-1,0.000000
6806,963,964,983,-1,117,8,16,15,18,13,5,1,20,-1,0.866667
6807,964,965,-1,-1,18,25,18,49,20,0,13,1,-1,-1,0.000000
6808,964,965,969,-1,82,2,3,25,3,23,9,1,5,-1,0.920000
6809,964,965,-1,-1,244,29,12,29,23,0,12,1,-1,-1,0.000000
6810,964,965,981,-1,44,5,14,16,9,16,10,1,17,-1,1.000000
6811,964,982,-1,-1,278,1,4,47,3,0,0,18,-1,-1,0.000000
6812,964,965,982,-1,31,12,14,21,14,16,5,1,18,-1,0.761905
6813,964,965,-1,-1,455,24,15,13,23,0,12,1,-1,-1,0.000000
6814,965,966,967,-1,412,1,4,33,1,26,7,1,2,-1,0.787879
6815,965,966,-1,-1,395,28,9,30,25,0,9,1,-1,-1,0.000000
6816,965,966,-1,-1,23,12,8,32,19,0,3,1,-1,-1,0.000000
6817,965,966,976,-1,248,2,10,26,10,17,7,1,11,-1,0.653846
6818,965,966,-1,-1,244,26,13,27,21,0,13,1,-1,-1,0.000000
6819,966,967,972,-1,200,2,5,18,5,24,4,1,6,-1,1.333333
6820,966,967,-1,-1,464,18,13,43,26,0,4,1,-1,-1,0.000000
6821,966,967,-1,-1,457,20,20,36,21,0,12,1,-1,-1,0.000000
6822,966,967,981,-1,261,10,18,53,10,19,4,1,15,-1,0.358491
6823,966,967,-1,-1,561,29,14,18,19,0,14,1,-1,-1,0.000000
6824,966,967,-1,-1,321,25,6,26,19,0,14,1,-1,-1,0.000000
6825,967,968,-1,-1,335,23,9,15,23,0,9,1,-1,-1,0.000000
6826,967,-1,-1,-1,-1,0,-1,43,0,0,0,-1,-1,-1,0.000000
6827,967,968,-1,-1,592,26,21,37,19,0,13,1,-1,-1,0.000000
6828,967,968,-1,-1,331,17,21,24,22,0,10,1,-1,-1,0.000000
6829,967,968,968,-1,110,0,0,16,0,22,10,1,1,-1,1.375000
6830,967,968,-1,-1,391,21,3,16,15,0,17,1,-1,-1,0.000000
6831,967,968,993,-1,370,20,15,44,18,4,10,1,26,-1,0.090909
6832,967,968,-1,-1,447,24,17,25,16,0,16,1,-1,-1,0.000000
6833,968,969,-1,-1,157,24,21,34,16,0,15,1,-1,-1,0.000000
6834,968,972,977,989,5,0,4,10,4,12,1,4,9,21,1.200000
6835,968,969,976,-1,253,4,18,17,3,18,10,1,8,-1,1.058824
6836,968,969,999,-1,32,14,10,15,20,1,10,1,31,-1,0.066667
6837,969,970,-1,-1,42,14,14,18,16,0,14,1,-1,-1,0.000000
6838,969,970,975,-1,187,5,3,30,4,24,2,1,6,-1,0.800000
6839,970,971,992,-1,388,17,1,29,13,8,8,1,22,-1,0.275862
6840,970,971,971,-1,281,0,0,21,0,25,4,1,1,-1,1.190476
6841,970,971,-1,-1,32,7,9,8,23,0,6,1,-1,-1,0.000000
6842,970,971,-1,-1,151,25,13,33,21,0,8,1,-1,-1,0.000000
6843,970,971,975,-1,78,1,11,21,2,24,3,1,5,-1,1.142857
6844,970,971,-1,-1,160,21,3,30,22,0,7,1,-1,-1,0.000000
6845,970,971,992,-1,314,12,11,13,16,5,8,1,22,-1,0.384615
6846,970,971,-1,-1,581,26,5,17,21,0,8,1,-1,-1,0.000000
6847,970,971,-1,-1,141,27,6,21,16,0,13,1,-1,-1,0.000000
6848,971,972,972,-1,433,0,0,15,0,22,6,1,1,-1,1.466667
6849,971,972,980,-1,417,4,11,38,8,18,2,1,9,-1,0.473684
6850,971,972,987,-1,113,3,9,30,13,12,3,1,16,-1,0.400000
6851,971,972,-1,-1,225,5,16,50,10,0,2,1,-1,-1,0.000000
6852,971,972,976,-1,464,4,4,43,2,19,7,1,5,-1,0.441860
6853,971,972,987,-1,381,12,10,11,11,9,8,1,16,-1,0.818182
6854,971,972,-1,-1,359,18,2,25,13,0,15,1,-1,-1,0.000000
6855,972,973,986,-1,68,8,8,25,10,11,6,1,14,-1,0.440000
6856,972,973,-1,-1,151,21,14,31,16,0,11,1,-1,-1,0.000000
6857,972,973,-1,-1,178,9,11,24,21,0,2,1,-1,-1,0.000000
6858,972,973,-1,-1,117,21,13,29,25,0,2,1,-1,-1,0.000000
6859,972,973,-1,-1,174,25,11,13,17,0,10,1,-1,-1,0.000000
6860,972,974,983,-1,449,5,8,22,8,16,2,2,11,-1,0.727273
6861,972,973,-1,-1,197,21,9,39,18,0,9,1,-1,-1,0.000000
6862,972,973,995,-1,106,20,3,14,14,2,11,1,23,-1,0.142857
6863,973,974,-1,-1,18,16,13,16,16,0,10,1,-1,-1,0.000000
6864,973,974,981,-1,306,2,7,43,7,18,1,1,8,-1,0.418605
6865,973,974,-1,-1,447,25,21,50,17,0,9,1,-1,-1,0.000000
6866,973,974,975,-1,335,1,8,29,1,19,6,1,2,-1,0.655172
6867,974,975,-1,-1,427,20,10,24,16,0,9,1,-1,-1,0.000000
6868,974,-1,-1,-1,-1,0,-1,61,0,0,0,-1,-1,-1,0.000000
6869,974,975,989,-1,314,7,10,21,11,9,5,1,15,-1,0.428571
6870,974,975,984,-1,254,9,6,34,7,16,2,1,10,-1,0.470588
6871,974,975,-1,-1,225,23,10,34,15,0,10,1,-1,-1,0.000000
6872,974,975,-1,-1,248,4,11,20,18,0,7,1,-1,-1,0.000000
6873,974,975,-1,-1,203,17,14,20,19,0,6,1,-1,-1,0.000000
6874,974,975,-1,-1,168,18,13,19,24,0,1,1,-1,-1,0.000000
6875,975,976,-1,-1,186,22,11,11,13,0,11,1,-1,-1,0.000000
6876,975,976,-1,-1,524,14,8,45,16,0,3,1,-1,-1,0.000000
6877,975,976,-1,-1,337,19,13,19,15,0,9,1,-1,-1,0.000000
6878,975,976,-1,-1,42,23,12,9,19,0,5,1,-1,-1,0.000000
6879,975,976,-1,-1,405,18,1,25,18,0,6,1,-1,-1,0.000000
6880,975,976,976,-1,316,0,0,42,0,23,1,1,1,-1,0.547619
6881,975,976,980,-1,68,3,14,47,4,18,2,1,5,-1,0.382979
6882,975,976,984,-1,160,6,2,34,8,15,1,1,9,-1,0.441176
6883,975,976,978,-1,218,1,15,37,2,20,2,1,3,-1,0.540541
6884,975,976,977,-1,79,0,1,14,1,15,8,1,2,-1,1.071429
6885,975,976,989,-1,335,2,6,14,13,10,1,1,14,-1,0.714286
6886,975,976,-1,-1,17,22,8,27,15,0,9,1,-1,-1,0.000000
6887,976,977,988,-1,50,8,8,26,7,10,6,1,12,-1,0.384615
6888,976,977,1000,-1,17,14,9,17,18,0,5,1,24,-1,0.000000
6889,976,977,989,-1,296,10,7,23,8,8,7,1,13,-1,0.347826
6890,976,-1,-1,-1,-1,0,-1,42,0,0,0,-1,-1,-1,0.000000
6891,977,978,-1,-1,597,4,21,54,6,0,2,1,-1,-1,0.000000
6892,977,978,987,-1,158,3,5,31,8,13,1,1,10,-1,0.419355
6893,977,-1,-1,-1,-1,0,-1,43,0,0,0,-1,-1,-1,0.000000
6894,978,979,981,-1,557,2,14,23,1,19,1,1,3,-1,0.826087
6895,978,979,-1,-1,410,19,18,49,10,0,11,1,-1,-1,0.000000
6896,978,979,984,-1,306,1,2,20,5,14,2,1,6,-1,0.700000
6897,978,979,998,-1,240,12,13,44,13,1,7,1,20,-1,0.022727
6898,978,979,984,-1,191,5,13,19,3,14,4,1,6,-1,0.736842
6899,978,979,981,994,325,0,2,12,2,12,1,1,3,16,1.000000
6900,978,980,-1,-1,133,10,9,44,14,0,3,2,-1,-1,0.000000
6901,978,979,-1,-1,54,18,17,25,13,0,8,1,-1,-1,0.000000
6902,978,982,-1,-1,419,0,4,30,3,0,0,4,-1,-1,0.000000
6903,978,979,996,-1,41,9,12,42,8,3,10,1,18,-1,0.071429
6904,978,983,989,-1,588,1,17,50,3,11,0,5,11,-1,0.220000
6905,978,979,-1,-1,71,18,17,22,10,0,11,1,-1,-1,0.000000
6906,979,980,-1,-1,521,15,4,8,18,0,2,1,-1,-1,0.000000
6907,979,-1,-1,-1,-1,0,-1,46,0,0,0,-1,-1,-1,0.000000
6908,980,981,994,-1,382,10,4,50,11,6,2,1,14,-1,0.120000
6909,980,981,-1,-1,360,12,12,16,16,0,3,1,-1,-1,0.000000
6910,980,981,-1,-1,35,12,11,14,12,0,7,1,-1,-1,0.000000
6911,980,981,-1,-1,186,18,19,11,14,0,5,1,-1,-1,0.000000
6912,980,981,988,-1,15,3,9,13,4,11,4,1,8,-1,0.846154
6913,980,981,-1,-1,194,13,21,28,16,0,3,1,-1,-1,0.000000
6914,980,981,998,-1,222,9,12,13,12,1,6,1,18,-1,0.076923
6915,980,981,989,-1,406,1,13,13,7,11,1,1,9,-1,0.846154
6916,981,982,989,-1,118,4,19,22,5,9,4,1,8,-1,0.409091
6917,981,983,993,-1,416,6,15,49,10,6,1,2,12,-1,0.122449
6918,981,982,-1,-1,294,13,5,23,14,0,4,1,-1,-1,0.000000
6919,981,-1,-1,-1,-1,0,-1,35,0,0,0,-1,-1,-1,0.000000
6920,981,982,987,-1,87,0,5,38,5,9,4,1,6,-1,0.236842
6921,982,983,-1,-1,541,0,4,47,2,0,0,1,-1,-1,0.000000
6922,982,983,986,-1,108,1,11,29,2,11,4,1,4,-1,0.379310
6923,982,983,-1,-1,40,15,9,28,13,0,4,1,-1,-1,0.000000
6924,982,983,-1,-1,78,12,13,48,8,0,8,1,-1,-1,0.000000
6925,982,983,-1,-1,570,11,18,19,15,0,2,1,-1,-1,0.000000
6926,982,984,987,-1,572,3,7,54,3,11,2,2,5,-1,0.203704
6927,982,991,991,-1,547,0,0,34,0,9,0,9,9,-1,0.264706
6928,983,984,994,-1,24,7,9,21,9,6,1,1,11,-1,0.285714
6929,983,-1,-1,-1,-1,0,-1,54,0,0,0,-1,-1,-1,0.000000
6930,983,984,-1,-1,298,11,12,26,7,0,9,1,-1,-1,0.000000
6931,983,984,-1,-1,117,13,3,30,10,0,6,1,-1,-1,0.000000
6932,983,984,997,-1,362,5,5,14,9,2,5,1,14,-1,0.142857
6933,983,984,-1,-1,226,13,13,24,6,0,10,1,-1,-1,0.000000
6934,983,984,-1,-1,10,13,10,39,11,0,5,1,-1,-1,0.000000
6935,983,-1,-1,-1,-1,0,-1,45,0,0,0,-1,-1,-1,0.000000
6936,984,985,-1,-1,308,13,21,51,12,0,3,1,-1,-1,0.000000
6937,984,985,987,-1,565,0,2,38,2,12,1,1,3,-1,0.315789
6938,984,985,986,1000,419,0,1,14,1,14,0,1,2,16,1.000000
6939,984,985,-1,-1,551,10,9,12,11,0,4,1,-1,-1,0.000000
6940,984,985,998,-1,291,9,12,30,11,2,2,1,14,-1,0.066667
6941,984,-1,-1,-1,-1,0,-1,27,0,0,0,-1,-1,-1,0.000000
6942,984,985,-1,-1,435,14,11,39,9,0,6,1,-1,-1,0.000000
6943,984,985,-1,-1,242,11,12,29,6,0,9,1,-1,-1,0.000000
6944,984,985,986,-1,278,1,1,20,0,13,2,1,2,-1,0.650000
6945,985,986,989,-1,278,0,1,18,3,11,0,1,4,-1,0.611111
6946,985,986,990,-1,293,4,3,39,3,10,1,1,5,-1,0.256410
6947,985,-1,-1,-1,-1,0,-1,19,0,0,0,-1,-1,-1,0.000000
6948,986,987,997,-1,78,7,8,18,7,3,3,1,11,-1,0.166667
6949,986,987,-1,-1,44,12,16,47,7,0,6,1,-1,-1,0.000000
6950,986,987,996,-1,118,9,19,36,5,4,4,1,10,-1,0.111111
6951,986,987,998,-1,590,2,3,18,11,2,0,1,12,-1,0.111111
6952,986,987,991,-1,240,3,13,48,3,9,1,1,5,-1,0.187500
6953,986,987,-1,-1,147,9,8,48,11,0,2,1,-1,-1,0.000000
6954,987,988,-1,-1,293,11,1,20,7,0,5,1,-1,-1,0.000000
6955,987,988,-1,-1,30,5,20,21,10,0,2,1,-1,-1,0.000000
6956,987,988,-1,-1,40,9,6,31,6,0,6,1,-1,-1,0.000000
6957,987,988,-1,-1,128,9,19,24,11,0,0,1,-1,-1,0.000000
6958,987,988,988,-1,257,0,0,38,0,10,2,1,1,-1,0.263158
6959,987,988,991,-1,295,2,16,32,1,7,4,1,4,-1,0.218750
6960,987,988,-1,-1,47,8,21,40,11,0,1,1,-1,-1,0.000000
6961,987,988,-1,-1,508,11,16,32,6,0,6,1,-1,-1,0.000000
6962,987,988,-1,-1,422,9,19,17,5,0,7,1,-1,-1,0.000000
6963,988,989,-1,-1,269,4,3,23,7,0,4,1,-1,-1,0.000000
6964,988,989,-1,-1,116,10,21,43,7,0,4,1,-1,-1,0.000000
6965,988,989,-1,-1,128,6,18,16,6,0,5,1,-1,-1,0.000000
6966,988,989,-1,-1,528,5,10,58,9,0,2,1,-1,-1,0.000000
6967,988,989,1000,-1,147,6,6,16,6,0,5,1,12,-1,0.000000
6968,989,990,-1,-1,147,6,6,13,7,0,3,1,-1,-1,0.000000
6969,989,990,-1,-1,41,9,9,24,9,0,1,1,-1,-1,0.000000
6970,989,1000,-1,-1,5,0,3,33,0,0,0,11,-1,-1,0.000000
6971,989,990,991,-1,570,1,13,22,1,9,0,1,2,-1,0.409091
6972,989,990,-1,-1,537,8,22,23,6,0,4,1,-1,-1,0.000000
6973,989,990,-1,-1,510,8,19,42,6,0,4,1,-1,-1,0.000000
6974,990,991,-1,-1,294,8,1,11,5,0,4,1,-1,-1,0.000000
6975,990,-1,-1,-1,-1,0,-1,41,0,0,0,-1,-1,-1,0.000000
6976,990,991,995,-1,222,3,10,25,3,5,1,1,5,-1,0.200000
6977,990,-1,-1,-1,-1,0,-1,60,0,0,0,-1,-1,-1,0.000000
6978,991,992,-1,-1,474,6,2,38,6,0,2,1,-1,-1,0.000000
6979,991,992,-1,-1,128,1,19,11,6,0,2,1,-1,-1,0.000000
6980,991,992,999,-1,20,2,5,42,7,1,0,1,8,-1,0.023810
6981,991,992,992,-1,50,0,0,7,0,8,0,1,1,-1,1.142857
6982,991,992,993,-1,424,1,8,46,1,7,0,1,2,-1,0.152174
6983,991,992,-1,-1,510,6,21,51,6,0,2,1,-1,-1,0.000000
6984,991,996,-1,-1,528,0,7,30,4,0,0,5,-1,-1,0.000000
6985,991,993,-1,-1,338,2,14,42,3,0,2,2,-1,-1,0.000000
6986,992,993,-1,-1,546,5,16,25,6,0,1,1,-1,-1,0.000000
6987,992,993,-1,-1,226,5,13,27,5,0,2,1,-1,-1,0.000000
6988,992,993,-1,-1,222,6,15,30,5,0,2,1,-1,-1,0.000000
6989,992,993,-1,-1,525,5,20,42,5,0,2,1,-1,-1,0.000000
6990,992,993,-1,-1,431,7,16,56,5,0,2,1,-1,-1,0.000000
6991,992,-1,-1,-1,-1,0,-1,34,0,0,0,-1,-1,-1,0.000000
6992,992,993,-1,-1,286,6,12,21,5,0,2,1,-1,-1,0.000000
6993,993,994,-1,-1,70,5,12,26,5,0,1,1,-1,-1,0.000000
6994,993,994,995,-1,61,1,9,32,1,5,0,1,2,-1,0.156250
6995,993,994,998,-1,147,2,4,8,4,2,0,1,5,-1,0.250000
6996,993,-1,-1,-1,-1,0,-1,21,0,0,0,-1,-1,-1,0.000000
6997,993,994,-1,-1,194,6,17,19,3,0,3,1,-1,-1,0.000000
6998,993,994,-1,-1,463,5,15,45,4,0,2,1,-1,-1,0.000000
6999,994,995,-1,-1,505,4,8,17,4,0,1,1,-1,-1,0.000000
7000,994,995,-1,-1,284,4,10,29,3,0,2,1,-1,-1,0.000000
7001,994,995,-1,-1,61,3,8,26,5,0,0,1,-1,-1,0.000000
7002,994,995,-1,-1,585,5,6,47,5,0,0,1,-1,-1,0.000000
7003,994,995,-1,-1,286,4,18,15,1,0,4,1,-1,-1,0.000000
7004,994,995,-1,-1,338,4,11,46,5,0,0,1,-1,-1,0.000000
7005,994,995,-1,-1,241,1,5,24,5,0,0,1,-1,-1,0.000000
7006,994,995,-1,-1,587,5,18,11,3,0,2,1,-1,-1,0.000000
7007,994,995,-1,-1,138,4,13,40,3,0,2,1,-1,-1,0.000000
7008,995,996,-1,-1,128,3,11,38,2,0,2,1,-1,-1,0.000000
7009,995,996,-1,-1,519,3,13,30,2,0,2,1,-1,-1,0.000000
7010,995,996,-1,-1,370,4,15,17,2,0,2,1,-1,-1,0.000000
7011,995,996,-1,-1,145,2,13,35,2,0,1,1,-1,-1,0.000000
7012,995,996,-1,-1,561,2,3,41,3,0,1,1,-1,-1,0.000000
7013,995,-1,-1,-1,-1,0,-1,47,0,0,0,-1,-1,-1,0.000000
7014,996,997,-1,-1,4,3,16,32,2,0,1,1,-1,-1,0.000000
7015,996,997,-1,-1,186,2,13,20,1,0,2,1,-1,-1,0.000000
7016,996,997,-1,-1,289,1,9,30,3,0,0,1,-1,-1,0.000000
7017,996,997,-1,-1,264,3,17,46,1,0,2,1,-1,-1,0.000000
7018,996,997,-1,-1,485,1,10,32,1,0,2,1,-1,-1,0.000000
7019,996,997,-1,-1,193,2,10,29,2,0,1,1,-1,-1,0.000000
7020,997,998,-1,-1,5,1,4,24,1,0,1,1,-1,-1,0.000000
7021,997,-1,-1,-1,-1,0,-1,41,0,0,0,-1,-1,-1,0.000000
7022,997,998,-1,-1,245,1,13,36,1,0,1,1,-1,-1,0.000000
7023,998,999,-1,-1,531,1,15,25,1,0,0,1,-1,-1,0.000000
7024,998,999,-1,-1,163,0,13,11,0,0,1,1,-1,-1,0.000000
7025,998,999,-1,-1,71,1,22,22,0,0,1,1,-1,-1,0.000000
7026,998,999,-1,-1,7,0,11,19,1,0,0,1,-1,-1,0.000000
7027,998,999,-1,-1,173,1,17,41,0,0,1,1,-1,-1,0.000000
7028,998,999,-1,-1,150,1,22,42,1,0,0,1,-1,-1,0.000000
7029,998,-1,-1,-1,-1,0,-1,42,0,0,0,-1,-1,-1,0.000000
7030,999,1000,-1,-1,510,0,20,23,0,0,0,1,-1,-1,0.000000
7031,999,-1,-1,-1,-1,0,-1,51,0,0,0,-1,-1,-1,0.000000
7032,999,1000,-1,-1,131,0,2,30,0,0,0,1,-1,-1,0.000000
7033,999,1000,-1,-1,261,0,15,13,0,0,0,1,-1,-1,0.000000
7034,999,1000,-1,-1,91,0,2,25,0,0,0,1,-1,-1,0.000000
7035,999,1000,-1,-1,290,0,14,22,0,0,0,1,-1,-1,0.000000
7036,1000,-1,-1,-1,-1,0,-1,54,0,0,0,-1,-1,-1,0.000000
7037,1000,-1,-1,-1,-1,0,-1,9,0,0,0,-1,-1,-1,0.000000
7038,1000,-1,-1,-1,-1,0,-1,37,0,0,0,-1,-1,-1,0.000000
7039,1000,-1,-1,-1,-1,0,-1,19,0,0,0,-1,-1,-1,0.000000
7040,1000,-1,-1,-1,-1,0,-1,13,0,0,0,-1,-1,-1,0.000000
